$date Fri Sep 11 13:26:32 2026 $end
$version libsigrok 0.5.2 $end
$comment
  Acquisition with 16/16 channels at 80 MHz
$end
$timescale 100 ps $end
$scope module libsigrok $end
$var wire 1 ! A0 $end
$var wire 1 " A1 $end
$var wire 1 # A2 $end
$var wire 1 $ A3 $end
$var wire 1 % A4 $end
$var wire 1 & A5 $end
$var wire 1 ' A6 $end
$var wire 1 ( A7 $end
$var wire 1 ) RAS $end
$var wire 1 * CAS0 $end
$var wire 1 + CAS1 $end
$var wire 1 , R/W $end
$var wire 1 - VDS $end
$var wire 1 . IRQ $end
$var wire 1 / CSW $end
$var wire 1 0 CSR $end
$upscope $end
$enddefinitions $end
#0 1! 1" 1# 1$ 1% 0& 1' 1( 1) 1* 1+ 1, 0- 0. 1/ 10
#125 0! 0# 0$ 0% 0( 0/
#250 1! 1# 1$ 1% 1( 0) 0+ 1/
#1125 1+
#1375 1)
#2500 0! 0" 0(
#2625 1&
#3375 0)
#3500 0&
#3625 1! 1" 0# 0$ 0% 1(
#3875 0*
#4125 1-
#4875 1*
#5125 1)
#5375 1# 1$ 1% 1&
#6125 0)
#7875 1)
#8125 0$ 0&
#9000 0)
#9125 0!
#9250 0" 0# 0'
#9500 0*
#10500 1*
#10750 1)
#10875 0-
#11000 1! 1" 1# 1$ 1& 1'
#11750 0)
#12000 0! 0#
#12250 0*
#13250 1*
#13500 1)
#13750 1! 0& 0' 0(
#13875 1#
#14625 0)
#14875 1' 1(
#15125 0+
#16125 1+
#16375 1)
#17500 0! 0" 0(
#17625 1&
#18375 0)
#18500 0&
#18625 0$ 0% 1(
#18875 0*
#19125 1-
#19875 1*
#20125 1)
#20375 1! 1" 1$ 1% 1&
#21125 0)
#22875 1)
#23125 0$ 0&
#24000 0)
#24125 0! 0"
#24250 0'
#24500 0*
#25500 1*
#25750 1) 0-
#26000 1! 1" 1$ 1& 1'
#26750 0)
#27000 0! 0# 0$ 0%
#27250 0*
#28250 1*
#28500 1)
#28750 1! 0& 0' 0(
#28875 1# 1$ 1%
#29625 0)
#29875 1' 1(
#30125 0+
#31125 1+
#31250 1)
#32500 0! 0" 1& 0(
#33375 0)
#33500 0$ 0% 0&
#33625 1! 1(
#33875 0*
#34125 1-
#34875 1*
#35000 1)
#35375 1" 1$ 1% 1&
#36125 0)
#37875 1)
#38125 0$ 0&
#39000 0)
#39125 0! 0" 0#
#39250 1$ 0'
#39500 0*
#40500 1*
#40625 1)
#40750 0-
#41000 1! 1" 1# 1& 1'
#41750 0)
#42000 0! 0# 0%
#42250 0*
#43250 1*
#43500 1)
#43750 1! 1# 0& 0' 0(
#43875 1%
#44625 0)
#44875 1' 1(
#45125 0+
#46125 1+
#46250 1)
#47500 0! 0" 1& 0(
#48375 0)
#48500 0$ 0% 0&
#48625 1" 1(
#48875 0*
#49125 1-
#49875 1*
#50000 1) 0/
#50250 0" 0# 0' 0(
#50375 1! 1%
#51125 0)
#51375 1" 1# 1$ 1&
#51625 0+
#52625 1+
#52875 1)
#53125 0$ 0& 1' 1(
#54000 0)
#54125 0! 0" 0'
#54250 1$
#54500 0*
#55500 1*
#55625 1)
#55750 0-
#56000 1! 1" 1& 1'
#56750 0)
#57000 0! 0# 0$ 1/
#57250 0*
#58250 1*
#58500 1)
#58750 1! 1# 1$ 0& 0' 0(
#59625 0)
#59875 1' 1(
#60125 0+
#61125 1+
#61250 1)
#62500 0! 0" 1& 0(
#63375 0)
#63500 0$ 0% 0&
#63625 1! 1" 1(
#63875 0*
#64125 1-
#64875 1*
#65000 1)
#65375 1$ 1% 1&
#66125 0)
#67875 1)
#68125 0$ 0&
#69000 0)
#69125 0! 0" 0# 0% 0'
#69250 1&
#69375 0*
#70500 1*
#70625 1)
#70750 0-
#71000 1! 1" 1# 1$ 1% 1'
#71750 0)
#72000 0! 0#
#72250 0*
#73250 1*
#73500 1)
#73750 1! 1# 0& 0' 0(
#74500 0)
#74875 1' 1(
#75125 0+
#76125 1+
#76250 1)
#77500 0! 0" 1& 0(
#78250 0)
#78500 0# 0% 0& 1(
#78750 0*
#79125 1-
#79875 1*
#80000 1)
#80375 1! 1" 1# 1% 1&
#81125 0)
#82875 1)
#83125 0$ 0&
#83875 0)
#84125 0! 0" 0% 0'
#84250 1&
#84375 0*
#85375 1*
#85625 1)
#85750 0-
#86000 1! 1" 1$ 1% 1'
#86750 0)
#87000 0! 0# 0$ 0%
#87250 0*
#88250 1*
#88500 1)
#88750 1! 1# 1$ 1% 0& 0' 0(
#89500 0)
#89750 1(
#89875 1'
#90000 0+
#91125 1+
#91250 1)
#92375 0!
#92500 0" 1& 0(
#93250 0)
#93500 1! 0# 0% 0& 1(
#93750 0*
#94125 1-
#94750 1*
#95000 1)
#95375 1" 1# 1% 1&
#96125 0)
#97750 1)
#98125 0$ 0&
#98875 0)
#99125 0! 0" 0# 1$ 0% 1& 0'
#99375 0*
#100375 1*
#100625 1)
#100750 0-
#101000 1! 1" 1# 1% 1'
#101750 0)
#101875 0! 0# 0%
#102250 0*
#103250 1*
#103375 1)
#103625 0'
#103750 1! 1# 1% 0& 0(
#104500 0)
#104750 1' 1(
#105000 0+
#106000 1+
#106250 1)
#107375 0! 0(
#107500 0" 1&
#108250 0)
#108500 1" 0# 0% 0& 1(
#108750 0*
#109125 1-
#109750 1*
#110000 1)
#110250 0$ 0' 0(
#110375 1%
#111125 0)
#111375 1! 1# 1$ 1&
#111625 0*
#112625 1*
#112750 1)
#113000 0$ 0&
#113125 1' 1(
#113875 0)
#114125 0! 0" 1$ 0% 1& 0'
#114250 0/
#114375 0*
#115375 1*
#115625 1)
#115750 0-
#115875 1! 1'
#116000 1" 1%
#116750 0)
#116875 0! 0# 0$
#117250 0*
#118250 1*
#118375 1)
#118625 0& 0' 0(
#118750 1! 1# 1$
#119500 0)
#119750 1' 1(
#120000 0+
#121000 1+
#121250 1)
#121375 1/
#122375 0! 0" 0(
#122500 1&
#123250 0)
#123500 1! 1" 0# 0% 0& 1(
#123750 0*
#124125 1-
#124750 1*
#125000 1)
#125250 1&
#125375 1# 1%
#126125 0)
#127750 1)
#128000 0&
#128125 0$
#128875 0)
#129125 0! 0" 0# 1& 0'
#129375 0*
#130375 1*
#130625 1)
#130750 0-
#130875 1! 1'
#131000 1" 1# 1$
#131750 0)
#131875 0! 0#
#132125 0*
#133250 1*
#133375 1)
#133625 0& 0' 0(
#133750 1! 1#
#134500 0)
#134750 1' 1(
#135000 0+
#136000 1+
#136250 1)
#137375 0! 0" 0(
#137500 1&
#138250 0)
#138500 0% 0& 1(
#138750 0*
#139125 1-
#139750 1*
#140000 1)
#140250 1! 1" 1% 1&
#141125 0)
#142750 1)
#143000 0$ 0&
#143875 0)
#144000 0!
#144125 0" 1& 0'
#144375 0*
#145375 1*
#145625 1)
#145750 0-
#145875 1! 1" 1$ 1'
#146625 0)
#146875 0! 0# 0$ 0%
#147125 0*
#148250 1*
#148375 1)
#148625 0& 0' 0(
#148750 1! 1# 1$ 1%
#149500 0)
#149750 1' 1(
#150000 0+
#151000 1+
#151250 1)
#152375 0! 0" 0(
#152500 1&
#153250 0)
#153375 0&
#153500 1! 0% 1(
#153750 0*
#154000 1-
#154750 1*
#155000 1)
#155250 1" 1% 1&
#156000 0)
#157750 1)
#158000 0$ 0&
#158875 0)
#159125 0! 0" 0# 1$ 1& 0'
#159375 0*
#160375 1*
#160625 1)
#160750 0-
#160875 1! 1" 1# 1'
#161625 0)
#161875 0! 0# 0%
#162125 0*
#163125 1*
#163375 1)
#163625 0& 0' 0(
#163750 1! 1# 1%
#164500 0)
#164750 1' 1(
#165000 0+
#166000 1+
#166250 1)
#167375 0! 0" 0(
#167500 1&
#168250 0)
#168375 0&
#168500 1" 0% 1(
#168750 0*
#169000 1-
#169750 1*
#170000 1)
#170250 1! 0# 0$ 1% 0' 0(
#171000 0)
#171375 1# 1$ 1&
#171500 0+
#172625 1+
#172750 1)
#173000 0$ 0&
#173125 1' 1(
#173875 0)
#174000 0!
#174125 0" 1$ 1& 0'
#174375 0*
#175375 1*
#175625 1)
#175750 0-
#175875 1! 1" 1'
#176625 0)
#176875 0! 0# 0$
#177125 0*
#178125 1*
#178375 1)
#178625 0& 0' 0( 0/
#178750 1! 1# 1$
#179500 0)
#179750 1' 1(
#180000 0+
#181000 1+
#181250 1)
#182375 0! 0" 0(
#182500 1&
#183250 0)
#183375 0&
#183500 1! 1" 0% 1(
#183750 0*
#184000 1-
#184750 1*
#185000 1)
#185250 1% 1&
#185625 1/
#186000 0)
#187750 1)
#188000 0$ 0&
#188875 0)
#189000 0!
#189125 0" 0# 0%
#189375 0*
#190375 1*
#190625 1)
#190750 0-
#190875 1! 1" 1# 1$ 1% 1&
#191625 0)
#191875 0! 0#
#192125 0*
#193125 1*
#193375 1)
#193625 1! 0& 0' 0(
#193750 1#
#194500 0)
#194750 1' 1(
#195000 0+
#196000 1+
#196250 1)
#197375 0! 0" 0(
#197500 1&
#198250 0)
#198375 0&
#198500 0# 0$ 1(
#198750 0*
#199000 1-
#199750 1*
#200000 1)
#200250 1! 1" 1# 1$ 1&
#201000 0)
#202750 1)
#203000 0$ 0&
#203875 0)
#204000 0!
#204125 0" 0%
#204375 0*
#205375 1*
#205625 1)
#205750 0-
#205875 1! 1" 1$ 1% 1&
#206625 0)
#206875 0! 0# 0$ 0%
#207125 0*
#208125 1*
#208375 1)
#208625 0& 0' 0(
#208750 1! 1# 1$ 1%
#209500 0)
#209750 1' 1(
#210000 0+
#211000 1+
#211250 1)
#212375 0! 0" 0(
#212500 1&
#213250 0)
#213375 0&
#213500 1! 0# 0$ 1(
#213750 0*
#214000 1-
#214750 1*
#215000 1)
#215250 1" 1# 1$ 1&
#216000 0)
#217750 1)
#218000 0$ 0&
#218875 0)
#219125 0! 0" 0# 1$ 0%
#219375 0*
#220375 1*
#220625 1)
#220750 0-
#220875 1! 1" 1# 1% 1&
#221625 0)
#221875 0! 0# 0%
#222125 0*
#223250 1*
#223375 1)
#223625 0& 0' 0(
#223750 1! 1# 1%
#224500 0)
#224750 1' 1(
#225000 0+
#226000 1+
#226250 1)
#227375 0! 0" 0(
#227500 1&
#228250 0)
#228500 1" 0# 0$ 0& 1(
#228750 0*
#229125 1-
#229750 1*
#230000 1)
#230250 0" 1# 0' 0(
#231000 0)
#231375 1! 1" 1$ 1&
#231500 0*
#232625 1*
#232750 1)
#233000 0$ 0&
#233125 1' 1(
#233875 0)
#234125 0! 0" 1$ 0%
#234375 0*
#235375 1*
#235625 1)
#235750 0-
#235875 1!
#236000 1" 1% 1&
#236750 0)
#236875 0! 0# 0$
#237125 0*
#238250 1*
#238375 1)
#238625 0& 0' 0(
#238750 1! 1# 1$
#239500 0)
#239750 1' 1(
#240000 0+
#241000 1+
#241250 1)
#242375 0! 0" 0(
#242500 1&
#242875 0/
#243250 0)
#243500 1! 1" 0# 0$ 0& 1(
#243750 0*
#244125 1-
#244750 1*
#245000 1)
#245250 1&
#245375 1# 1$
#246125 0)
#247750 1)
#248000 0$ 0&
#248875 0)
#249125 0! 0" 0#
#249375 0*
#249875 1/
#250375 1*
#250625 1)
#250750 0-
#251000 1! 1" 1# 1$ 1&
#251750 0)
#251875 0! 0#
#252250 0*
#253250 1*
#253375 1)
#253625 0&
#253750 1! 1# 0' 0(
#254500 0)
#254750 1' 1(
#255000 0+
#256000 1+
#256250 1)
#257375 0!
#257500 0" 1& 0(
#258250 0)
#258500 0$ 0& 1(
#258750 0*
#259125 1-
#259750 1*
#260000 1)
#260375 1! 1" 1$ 1&
#261125 0)
#262750 1)
#263125 0$ 0&
#263875 0)
#264125 0! 0"
#264375 0*
#265375 1*
#265625 1)
#265750 0-
#266000 1! 1" 1$ 1&
#266750 0)
#266875 0!
#267000 0# 0$ 0%
#267250 0*
#268250 1*
#268500 1)
#268750 1! 1# 1$ 1% 0& 0' 0(
#269500 0)
#269750 1(
#269875 1'
#270000 0+
#271125 1+
#271250 1)
#272500 0! 0" 1& 0(
#273250 0)
#273500 1! 0$ 0& 1(
#273750 0*
#274125 1-
#274750 1*
#275000 1)
#275375 1" 1$ 1&
#276125 0)
#277875 1)
#278125 0$ 0&
#278875 0)
#279125 0! 0" 0#
#279250 1$
#279375 0*
#280500 1*
#280625 1)
#280750 0-
#281000 1! 1" 1# 1&
#281750 0)
#282000 0! 0# 0%
#282250 0*
#283250 1*
#283500 1)
#283750 1! 1# 1% 0& 0' 0(
#284500 0)
#284875 1' 1(
#285125 0+
#286125 1+
#286250 1)
#287500 0! 0" 1& 0(
#288375 0)
#288500 0$ 0&
#288625 1" 1(
#288750 0*
#289125 1-
#289875 1*
#290000 1)
#290250 0" 0' 0(
#290375 1!
#291125 0)
#291375 1" 1$ 1&
#291625 0+
#292625 1+
#292875 1)
#293125 0$ 0& 1' 1(
#294000 0)
#294125 0! 0"
#294250 1$
#294500 0*
#295500 1*
#295625 1)
#295750 0-
#296000 1! 1" 1&
#296750 0)
#297000 0! 0# 0$
#297250 0*
#298250 1*
#298500 1)
#298750 1! 1# 1$ 0& 0' 0(
#299625 0)
#299875 1' 1(
#300125 0+
#301125 1+
#301250 1)
#302500 0! 0" 1& 0(
#303375 0)
#303500 0$ 0&
#303625 1! 1" 1(
#303875 0*
#304125 1-
#304875 1*
#305000 1)
#305375 1$ 1&
#306125 0)
#307125 0/
#307875 1)
#308125 0$ 0&
#309000 0)
#309125 0! 0" 0#
#309250 0% 1&
#309500 0*
#310500 1*
#310625 1)
#310750 0-
#311000 1! 1" 1# 1$ 1%
#311750 0)
#312000 0! 0#
#312250 0*
#313250 1*
#313500 1)
#313750 1! 0& 0' 0(
#313875 1#
#314125 1/
#314625 0)
#314875 1' 1(
#315125 0+
#316125 1+
#316375 1)
#317500 0! 0" 0(
#317625 1&
#318375 0)
#318500 0&
#318625 0# 1(
#318875 0*
#319125 1-
#319875 1*
#320125 1)
#320375 1! 1" 1# 1&
#321125 0)
#322875 1)
#323125 0$ 0&
#324000 0)
#324125 0!
#324250 0" 0% 1&
#324500 0*
#325500 1*
#325750 1)
#325875 0-
#326000 1! 1" 1$ 1%
#326750 0)
#327000 0! 0# 0$ 0%
#327250 0*
#328375 1*
#328500 1)
#328750 0& 0' 0(
#328875 1! 1# 1$ 1%
#329625 0)
#329875 1' 1(
#330125 0+
#331125 1+
#331375 1)
#332500 0! 0" 0(
#332625 1&
#333375 0)
#333625 1! 0# 0& 1(
#333875 0*
#334250 1-
#334875 1*
#335125 1)
#335375 1# 1&
#335500 1"
#336250 0)
#337875 1)
#338125 0&
#338250 0$
#339000 0)
#339250 0! 0" 0# 1$ 0% 1&
#339500 0*
#340500 1*
#340750 1)
#340875 0-
#341000 1!
#341125 1" 1# 1%
#341875 0)
#342000 0! 0# 0%
#342375 0*
#343375 1*
#343500 1)
#343750 0& 0' 0(
#343875 1! 1# 1%
#344625 0)
#344875 1' 1(
#345125 0+
#346125 1+
#346375 1)
#347500 0! 0(
#347625 0" 1&
#348375 0)
#348625 1" 0# 0& 1(
#348875 0*
#349250 1-
#349875 1*
#350125 1)
#350375 0$ 0' 0(
#350500 1#
#351250 0)
#351500 1! 1$ 1&
#351750 0*
#352750 1*
#352875 1)
#353125 0$ 0&
#353250 1' 1(
#354000 0)
#354250 0! 0" 1$ 0% 1&
#354500 0*
#355500 1*
#355750 1)
#355875 0-
#356125 1! 1" 1%
#356875 0)
#357000 0!
#357125 0# 0$
#357375 0*
#358375 1*
#358500 1)
#358875 1! 1# 1$ 0& 0' 0(
#359625 0)
#359875 1' 1(
#360125 0+
#361250 1+
#361375 1)
#362500 0!
#362625 0" 1& 0(
#363375 0)
#363625 1! 0# 0& 1(
#363750 1"
#363875 0*
#364250 1-
#364875 1*
#365125 1)
#365500 1# 1&
#366250 0)
#368000 1)
#368250 0$ 0&
#369000 0)
#369250 0! 0" 0# 1&
#369500 0*
#370500 1*
#370750 1)
#370875 0-
#371125 1! 1" 1# 1$
#371500 0/
#371875 0)
#372000 0!
#372125 0#
#372375 0*
#373375 1*
#373625 1)
#373875 1! 1# 0& 0' 0(
#374625 0)
#375000 1' 1(
#375250 0+
#376250 1+
#376375 1)
#377625 0! 0" 1& 0(
#378375 0)
#378500 1/
#378625 0&
#378750 1(
#378875 0*
#379250 1-
#380000 1*
#380125 1)
#380500 1! 1" 1&
#381250 0)
#383000 1)
#383250 0$ 0&
#384125 0)
#384250 0! 0"
#384375 1&
#384500 0*
#385625 1*
#385750 1)
#385875 0-
#386125 1! 1" 1$
#386875 0)
#387125 0! 0# 0$ 0%
#387375 0*
#388375 1*
#388625 1)
#388875 1! 1# 1$ 1% 0& 0' 0(
#389750 0)
#390000 1' 1(
#390250 0+
#391250 1+
#391375 1)
#392625 0! 0" 1& 0(
#393500 0)
#393625 0&
#393750 1! 1(
#394000 0*
#394250 1-
#395000 1*
#395125 1)
#395500 1" 1&
#396250 0)
#398000 1)
#398250 0$ 0&
#399125 0)
#399250 0! 0" 0#
#399375 1$ 1&
#399625 0*
#400625 1*
#400750 1)
#400875 0-
#401125 1! 1" 1#
#401875 0)
#402125 0! 0# 0%
#402375 0*
#403375 1*
#403625 1)
#403875 1! 1# 1% 0& 0' 0(
#404750 0)
#405000 1' 1(
#405250 0+
#406250 1+
#406375 1)
#407625 0! 0" 1& 0(
#408500 0)
#408625 0&
#408750 1" 1(
#409000 0*
#409250 1-
#410000 1*
#410125 1)
#410375 0$ 0' 0(
#410500 1!
#411250 0)
#411500 1$ 1&
#411750 0+
#412750 1+
#413000 1)
#413250 0$ 0& 1' 1(
#414125 0)
#414250 0! 0"
#414375 1$ 1&
#414625 0*
#415625 1*
#415750 1)
#415875 0-
#416125 1! 1"
#416875 0)
#417125 0! 0# 0$
#417375 0*
#418375 1*
#418625 1)
#418875 1! 1# 1$ 0& 0' 0(
#419750 0)
#420000 1' 1(
#420250 0+
#421250 1+
#421375 1)
#422625 0! 0" 1& 0(
#423500 0)
#423625 0&
#423750 1! 1" 1(
#424000 0*
#424250 1-
#425000 1*
#425125 1)
#425500 1&
#426250 0)
#428000 1)
#429125 0)
#429625 0+
#430625 1+
#430750 1)
#430875 0-
#431875 0)
#432125 0! 0#
#432375 0*
#433375 1*
#433625 1)
#433875 1! 1# 0& 0' 0(
#434750 0)
#435000 1' 1(
#435250 0+
#435750 0/
#436250 1+
#436375 1)
#439250 1-
#439500 0$
#440375 0)
#440500 0! 0" 0#
#440875 0*
#441875 1*
#442500 1!
#442750 0* 1/
#443750 1*
#444250 0!
#444375 1"
#444625 0*
#445625 1*
#446250 1!
#446500 0*
#447500 1*
#448000 0! 0"
#448125 1# 1$ 1&
#448375 0*
#449375 1*
#449875 0&
#450250 0*
#451250 1*
#451375 1)
#451750 1! 1" 1&
#452500 0)
#454250 1)
#454500 0! 0# 0&
#455375 0)
#455500 0$ 0% 0'
#455875 0*
#456875 1*
#457500 1%
#457750 0*
#458750 1*
#458875 1)
#459250 1! 1# 1'
#460000 0)
#460250 0! 0# 1&
#460500 0*
#461500 1*
#461750 1)
#462000 1! 0" 0&
#462125 1$
#462875 0)
#463000 0! 0% 0'
#463125 1" 1#
#463250 0*
#464375 1*
#465000 1%
#465250 0*
#466250 1*
#466375 1)
#466625 0$
#466750 1! 1'
#467500 0)
#467750 0! 1$ 1&
#468000 0*
#469000 1*
#469250 1)
#469500 1! 0$ 0&
#470375 0)
#470500 0! 0"
#470750 0*
#471875 1*
#472500 1!
#472625 0*
#473750 1*
#474250 0!
#474375 1"
#474500 0*
#475625 1*
#476250 1!
#476375 0*
#477500 1*
#478000 0! 0"
#478125 1$ 1&
#478250 0*
#479250 1*
#480375 1!
#480625 0*
#481625 1*
#481875 1)
#482250 1"
#483000 0)
#484625 1)
#485000 0! 0# 0&
#485750 0)
#486000 0$ 0% 1& 0'
#486250 0*
#487250 1*
#487875 1%
#488125 0*
#489125 1*
#489375 1)
#489625 1! 0&
#489750 1# 1'
#490500 0)
#490625 0! 0#
#490750 1&
#491000 0*
#492000 1*
#492125 1)
#492375 0" 0&
#492500 1$
#493250 0)
#493500 1! 1# 0% 0'
#493750 0*
#494750 1*
#495375 1%
#495625 0*
#496625 1*
#496875 1)
#497125 0$ 1'
#497250 1"
#498000 0)
#498125 0"
#498250 1$ 1&
#498500 0*
#499500 1*
#499625 1)
#499875 0$ 0&
#500000 1" 0/
#500750 0)
#501000 0! 0" 0# 1$
#501250 0*
#502250 1*
#502875 1!
#503125 0*
#504125 1*
#504750 0! 1"
#505000 0*
#506000 1*
#506625 1!
#506875 0*
#507000 1/
#507875 1*
#508375 0!
#508500 0" 1# 1&
#508750 0*
#509750 1*
#510375 1!
#510625 0*
#511625 1*
#511875 1)
#512125 1"
#513000 0)
#514625 1)
#514875 0! 0# 0&
#515750 0)
#516000 0$ 0%
#516250 0*
#517250 1*
#517875 1%
#518125 0*
#519125 1*
#519375 1)
#519625 1! 1#
#520375 0)
#520625 0! 0#
#520750 1&
#520875 0*
#521875 1*
#522125 1)
#522375 0" 0&
#522500 1$
#523250 0)
#523500 1# 0% 0'
#523750 0*
#524750 1*
#525375 1%
#525625 0*
#526625 1*
#526875 1)
#527125 1! 1" 0$ 1'
#527875 0)
#528125 0! 0" 1$ 1&
#528375 0*
#529375 1*
#529625 1)
#529875 1! 0$ 0&
#530000 1"
#530750 0)
#530875 0! 0"
#531000 1$
#531250 0*
#532250 1*
#532875 1!
#533125 0*
#534125 1*
#534625 0!
#534750 1"
#535000 0*
#536000 1*
#536625 1!
#536875 0*
#537875 1*
#538375 0! 0"
#538500 1&
#538750 0*
#539750 1*
#540375 1!
#540625 0*
#541625 1*
#541750 1)
#542125 1"
#542875 0)
#544625 1)
#544875 0! 0# 0&
#545750 0)
#545875 0$ 0%
#546000 1&
#546250 0*
#547250 1*
#547875 1%
#548125 0*
#549125 1*
#549250 1)
#549500 0&
#549625 1! 1#
#550375 0)
#550625 0! 0# 1&
#550875 0*
#551875 1*
#552125 1)
#552375 0" 0&
#552500 1$
#553250 0)
#553375 0% 0'
#553500 1! 1"
#553750 0*
#554750 1*
#555375 1%
#555625 0*
#556625 1*
#556750 1)
#557000 0$
#557125 1# 1'
#557875 0)
#558125 0# 1$ 1&
#558375 0*
#559375 1*
#559625 1)
#564250 0/
#571250 1/
#574875 1#
#575625 0)
#577375 1)
#579375 0)
#581125 1)
#583125 0)
#583750 0+
#584750 1+
#584875 1)
#586000 0)
#587750 1)
#588000 0$ 0&
#588750 0)
#589000 0! 0" 0# 0% 0'
#589250 0*
#590250 1*
#590500 1)
#590875 1! 1" 1# 1$ 1% 1& 1'
#591625 0)
#592125 0+
#593125 1+
#593375 1)
#594375 0)
#594875 0+
#595875 1+
#596125 1)
#597375 0! 0" 0(
#598125 0)
#598375 0# 0$ 0% 0& 1(
#598625 0*
#599625 1*
#599875 1)
#600250 1! 1" 1# 1$ 1% 1&
#601000 0)
#602625 1)
#603000 0$ 0&
#603750 0)
#604000 0! 0" 0% 0'
#604250 0*
#605250 1*
#605500 1)
#605625 0-
#605875 1! 1" 1$ 1% 1& 1'
#606625 0)
#606750 0$ 0%
#606875 0#
#607125 0*
#608125 1*
#608250 1)
#608500 0& 0'
#608625 1# 1$ 1% 0(
#609375 0)
#609625 1' 1(
#609875 0+
#610875 1+
#611125 1)
#612250 0!
#612375 0" 1& 0(
#613125 0)
#613375 1! 0# 0$ 0% 0& 1(
#613625 0*
#614000 1-
#614625 1*
#614875 1)
#615250 1" 1# 1$ 1% 1&
#616000 0)
#617625 1)
#617875 0&
#618000 0$
#618750 0)
#619000 0! 0" 0# 1$ 0% 0'
#619250 0*
#620250 1*
#620500 1)
#620625 0-
#620875 1! 1" 1# 1% 1& 1'
#621625 0)
#621750 0# 0%
#622125 0*
#623125 1*
#623250 1)
#623500 0& 0'
#623625 1# 1% 0(
#624375 0)
#624625 1' 1(
#624875 0+
#625875 1+
#626125 1)
#627250 0!
#627375 0" 1& 0(
#628125 0)
#628375 1" 0# 0$ 0% 0& 1(
#628625 0* 0/
#629000 1-
#629625 1*
#629875 1)
#630125 0" 0' 0(
#630250 1$ 1%
#631000 0)
#631250 1! 1" 1# 1&
#631500 0*
#632500 1*
#632625 1)
#632875 0&
#633000 0$ 1' 1(
#633750 0)
#634000 0! 0" 1$ 0% 0'
#634250 0*
#635250 1*
#635500 1)
#635625 0- 1/
#635875 1! 1" 1% 1& 1'
#636625 0)
#636875 0# 0$
#637125 0*
#638125 1*
#638250 1)
#638500 0'
#638625 1# 1$ 0& 0(
#639375 0)
#639625 1' 1(
#639875 0+
#640875 1+
#641125 1)
#642250 0!
#642375 0" 1& 0(
#643125 0)
#643375 1! 1" 0# 0$ 0% 0& 1(
#643625 0*
#644000 1-
#644625 1*
#644875 1)
#645250 1# 1$ 1% 1&
#646000 0)
#647750 1)
#648000 0$ 0&
#648750 0)
#649000 0! 0" 0# 0'
#649250 0*
#650250 1*
#650500 1)
#650625 0-
#650875 1! 1" 1# 1$ 1& 1'
#651625 0)
#651750 0#
#652125 0*
#653125 1*
#653375 1)
#653625 1# 0& 0' 0(
#654375 0)
#654625 1(
#654750 1'
#654875 0+
#656000 1+
#656125 1)
#657375 0! 0" 1& 0(
#658125 0)
#658375 0$ 0% 0& 1(
#658625 0*
#659000 1-
#659625 1*
#659875 1)
#660250 1! 1" 1$ 1% 1&
#661000 0)
#662750 1)
#663000 0$ 0&
#663750 0)
#664000 0! 0" 0'
#664250 0*
#665250 1*
#665500 1)
#665625 0-
#665875 1! 1" 1$ 1& 1'
#666625 0)
#666875 0# 0$ 0%
#667125 0*
#668125 1*
#668375 1)
#668625 1# 1$ 1% 0& 0' 0(
#669375 0)
#669750 1' 1(
#670000 0+
#671000 1+
#671125 1)
#672375 0! 0" 1& 0(
#673125 0)
#673375 0$ 0% 0&
#673500 1! 1(
#673625 0*
#674000 1-
#674750 1*
#674875 1)
#675250 1" 1$ 1% 1&
#676000 0)
#677750 1)
#678000 0$ 0&
#678875 0)
#679000 0! 0" 0# 0'
#679125 1$
#679250 0*
#680375 1*
#680500 1)
#680625 0-
#680875 1! 1" 1# 1& 1'
#681625 0)
#681875 0# 0%
#682125 0*
#683125 1*
#683375 1)
#683625 1# 1% 0& 0' 0(
#684500 0)
#684750 1' 1(
#685000 0+
#686000 1+
#686125 1)
#687375 0! 0" 1& 0(
#688250 0)
#688375 0$ 0% 0&
#688500 1" 1(
#688750 0*
#689000 1-
#689750 1*
#689875 1)
#690125 0" 0# 0' 0(
#690250 1! 1$ 1%
#691000 0)
#691250 1" 1# 1&
#691500 0+
#692500 1+
#692750 1)
#692875 0/
#693000 0$ 0& 1' 1(
#693875 0)
#694000 0! 0" 0'
#694125 1$
#694375 0*
#695375 1*
#695500 1)
#695625 0-
#695875 1! 1" 1& 1'
#696625 0)
#696875 0# 0$
#697125 0*
#698125 1*
#698375 1)
#698625 1# 1$ 0& 0' 0(
#699500 0)
#699750 1' 1(
#699875 1/
#700000 0+
#701000 1+
#701125 1)
#702375 0! 0" 1& 0(
#703250 0)
#703375 0$ 0&
#703500 1! 1" 0% 1(
#703750 0*
#704000 1-
#704750 1*
#705000 1)
#705250 1$ 1% 1&
#706000 0)
#707750 1)
#708000 0$ 0&
#708875 0)
#709000 0!
#709125 0" 0# 0% 1& 0'
#709375 0*
#710375 1*
#710625 1)
#710750 0-
#710875 1! 1" 1# 1$ 1% 1'
#711625 0)
#711875 0#
#712125 0*
#713125 1*
#713375 1)
#713625 0& 0' 0(
#713750 1#
#714500 0)
#714750 1' 1(
#715000 0+
#716000 1+
#716250 1)
#717375 0! 0" 0(
#717500 1&
#718250 0)
#718500 0# 0% 0& 1(
#718750 0*
#719125 1-
#719750 1*
#720000 1)
#720250 1! 1" 1# 1% 1&
#721125 0)
#722750 1)
#723000 0$ 0&
#723875 0)
#724125 0! 0" 0% 1& 0'
#724375 0*
#725375 1*
#725625 1)
#725750 0-
#725875 1! 1'
#726000 1" 1$ 1%
#726750 0)
#726875 0# 0$ 0%
#727250 0*
#728250 1*
#728375 1)
#728625 0& 0' 0(
#728750 1# 1$ 1%
#729500 0)
#729750 1' 1(
#730000 0+
#731000 1+
#731250 1)
#732375 0! 0(
#732500 0" 1&
#733250 0)
#733500 1! 0# 0% 0& 1(
#733750 0*
#734125 1-
#734750 1*
#735000 1)
#735375 1" 1# 1% 1&
#736125 0)
#737750 1)
#738000 0&
#738125 0$
#738875 0)
#739125 0! 0" 0# 1$ 0% 1& 0'
#739375 0*
#740375 1*
#740625 1)
#740750 0-
#741000 1! 1" 1# 1% 1'
#741750 0)
#741875 0# 0%
#742250 0*
#743250 1*
#743500 1)
#743750 1# 1% 0& 0' 0(
#744500 0)
#744750 1(
#744875 1'
#745000 0+
#746125 1+
#746250 1)
#747500 0! 0" 1& 0(
#748250 0)
#748500 0# 0% 0& 1(
#748625 1"
#748750 0*
#749125 1-
#749750 1*
#750000 1)
#750250 0' 0(
#750375 1%
#751125 0)
#751375 1! 1# 1&
#751625 0*
#752625 1*
#752875 1)
#753125 0$ 0& 1' 1(
#753875 0)
#754125 0! 0" 0% 0'
#754250 1$ 1&
#754375 0*
#755500 1*
#755625 1)
#755750 0-
#756000 1! 1" 1% 1'
#756750 0)
#757000 0# 0$
#757125 0/
#757250 0*
#758250 1*
#758500 1)
#758750 1# 1$ 0& 0' 0(
#759625 0)
#759875 1' 1(
#760125 0+
#761125 1+
#761250 1)
#762500 0! 0" 1& 0(
#763375 0)
#763500 0# 0% 0&
#763625 1! 1" 1(
#763875 0*
#764125 1- 1/
#764875 1*
#765000 1)
#765375 1# 1% 1&
#766125 0)
#767875 1)
#768125 0$ 0&
#769000 0)
#769125 0! 0" 0# 0'
#769250 1&
#769500 0*
#770500 1*
#770625 1)
#770750 0-
#771000 1! 1" 1# 1$ 1'
#771750 0)
#772000 0#
#772250 0*
#773250 1*
#773500 1)
#773750 1# 0& 0' 0(
#774625 0)
#774875 1' 1(
#775125 0+
#776125 1+
#776250 1)
#777500 0! 0" 1& 0(
#778375 0)
#778500 0% 0&
#778625 1(
#778875 0*
#779125 1-
#779875 1*
#780000 1)
#780375 1! 1" 1% 1&
#781125 0)
#782875 1)
#783125 0$ 0&
#784000 0)
#784125 0! 0"
#784250 1& 0'
#784500 0*
#785500 1*
#785750 1) 0-
#786000 1! 1" 1$ 1'
#786750 0)
#787000 0# 0$ 0%
#787250 0*
#788250 1*
#788500 1)
#788750 0& 0' 0(
#788875 1# 1$ 1%
#789625 0)
#789875 1' 1(
#790125 0+
#791125 1+
#791375 1)
#792500 0! 0" 0(
#792625 1&
#793375 0)
#793500 0&
#793625 1! 0% 1(
#793875 0*
#794125 1-
#794875 1*
#795125 1)
#795375 1" 1% 1&
#796125 0)
#797875 1)
#798125 0$ 0&
#799000 0)
#799250 0! 0" 0# 1$ 1& 0'
#799500 0*
#800500 1*
#800750 1)
#800875 0-
#801000 1! 1" 1# 1'
#801875 0)
#802000 0# 0%
#802250 0*
#803375 1*
#803500 1)
#803750 0& 0' 0(
#803875 1# 1%
#804625 0)
#804875 1' 1(
#805125 0+
#806125 1+
#806375 1)
#807500 0! 0" 0(
#807625 1&
#808375 0)
#808625 1" 0% 0& 1(
#808875 0*
#809250 1-
#809875 1*
#810125 1)
#810375 1! 0# 1% 0' 0(
#811250 0)
#811500 1# 1&
#811750 0+
#812750 1+
#812875 1)
#813125 0$ 0&
#813250 1' 1(
#814000 0)
#814250 0! 0" 1$ 1& 0'
#814500 0*
#815500 1*
#815750 1)
#815875 0-
#816000 1! 1'
#816125 1"
#816875 0)
#817000 0# 0$
#817375 0*
#818375 1*
#818500 1)
#818750 0& 0' 0(
#818875 1# 1$
#819625 0)
#819875 1' 1(
#820125 0+
#821125 1+
#821375 1) 0/
#822500 0! 0" 0(
#822625 1&
#823375 0)
#823625 1! 1" 0% 0& 1(
#823875 0*
#824250 1-
#824875 1*
#825125 1)
#825500 1% 1&
#826250 0)
#827875 1)
#828125 0&
#828250 0$
#828500 1/
#829000 0)
#829250 0! 0" 0# 0%
#829500 0*
#830500 1*
#830750 1)
#830875 0-
#831125 1! 1" 1# 1$ 1% 1&
#831875 0)
#832000 0#
#832375 0*
#833375 1*
#833500 1)
#833750 0&
#833875 1# 0' 0(
#834625 0)
#834875 1' 1(
#835125 0+
#836125 1+
#836375 1)
#837500 0!
#837625 0" 1& 0(
#838375 0)
#838625 0# 0$ 0& 1(
#838875 0*
#839250 1-
#839875 1*
#840125 1)
#840500 1! 1" 1# 1$ 1&
#841250 0)
#842875 1)
#843250 0$ 0&
#844000 0)
#844250 0! 0" 0%
#844500 0*
#845500 1*
#845750 1)
#845875 0-
#846125 1! 1" 1$ 1% 1&
#846875 0)
#847000 0$ 0%
#847125 0#
#847375 0*
#848375 1*
#848500 1)
#848750 0&
#848875 1# 1$ 1% 0' 0(
#849625 0)
#849875 1' 1(
#850125 0+
#851125 1+
#851375 1)
#852500 0!
#852625 0" 1& 0(
#853375 0)
#853625 1! 0# 0$ 0& 1(
#853875 0*
#854250 1-
#854875 1*
#855125 1)
#855500 1" 1# 1$ 1&
#856250 0)
#857875 1)
#858250 0$ 0&
#859000 0)
#859250 0! 0" 0# 1$ 0%
#859500 0*
#860500 1*
#860750 1)
#860875 0-
#861125 1! 1" 1# 1% 1&
#861875 0)
#862000 0# 0%
#862375 0*
#863375 1*
#863500 1)
#863750 0&
#863875 1# 1% 0' 0(
#864625 0)
#864875 1' 1(
#865125 0+
#866125 1+
#866375 1)
#867500 0!
#867625 0" 1& 0(
#868375 0)
#868625 1" 0# 0$ 0& 1(
#868875 0*
#869250 1-
#869875 1*
#870125 1)
#870375 0" 0' 0(
#870500 1# 1$
#871250 0)
#871500 1! 1" 1&
#871750 0*
#872750 1*
#872875 1)
#873125 0&
#873250 0$ 1' 1(
#874000 0)
#874250 0! 0" 1$ 0%
#874500 0*
#875500 1*
#875750 1)
#875875 0-
#876125 1! 1" 1% 1&
#876875 0)
#877000 0#
#877125 0$
#877375 0*
#878375 1*
#878500 1)
#878750 0& 0(
#878875 1# 1$ 0'
#879625 0)
#879875 1' 1(
#880125 0+
#881125 1+
#881375 1)
#882500 0! 0" 0(
#882625 1&
#883375 0)
#883625 1! 1" 0# 0$ 0& 1(
#883875 0*
#884250 1-
#884875 1*
#885125 1)
#885500 1# 1$ 1&
#885750 0/
#886250 0)
#887875 1)
#888125 0$ 0&
#889000 0)
#889250 0! 0" 0#
#889500 0*
#890500 1*
#890750 1)
#890875 0-
#891000 1!
#891125 1" 1# 1$ 1&
#891875 0)
#892000 0#
#892375 0*
#892750 1/
#893375 1*
#893500 1)
#893750 0& 0' 0(
#893875 1#
#894625 0)
#894875 1' 1(
#895125 0+
#896125 1+
#896375 1)
#897500 0! 0" 0(
#897625 1&
#898375 0)
#898625 0$ 0& 1(
#898875 0*
#899250 1-
#899875 1*
#900125 1)
#900375 1! 1" 1&
#900500 1$
#901250 0)
#902875 1)
#903125 0$ 0&
#904000 0)
#904250 0! 0"
#904500 0*
#905500 1*
#905750 1)
#905875 0-
#906000 1! 1" 1&
#906125 1$
#906875 0)
#907000 0# 0$ 0%
#907250 0*
#908375 1*
#908500 1)
#908750 0& 0' 0(
#908875 1# 1$ 1%
#909625 0)
#909875 1' 1(
#910125 0+
#911125 1+
#911375 1)
#912500 0! 0" 0(
#912625 1&
#913375 0)
#913625 1! 0$ 0& 1(
#913875 0*
#914250 1-
#914875 1*
#915125 1)
#915375 1" 1$ 1&
#916125 0)
#917875 1)
#918125 0$ 0&
#919000 0)
#919125 0!
#919250 0" 0# 1$
#919500 0*
#920500 1*
#920750 1)
#920875 0-
#921000 1! 1" 1# 1&
#921750 0)
#922000 0# 0%
#922250 0*
#923250 1*
#923500 1)
#923750 0& 0' 0(
#923875 1# 1%
#924625 0)
#924875 1' 1(
#925125 0+
#926125 1+
#926375 1)
#927500 0! 0" 0(
#927625 1&
#928375 0)
#928500 0&
#928625 1" 0$ 1(
#928875 0*
#929125 1-
#929875 1*
#930000 1)
#930250 0(
#930375 1! 0" 1$ 0'
#931125 0)
#931375 1" 1&
#931625 0+
#932625 1+
#932875 1)
#933125 0$ 0& 1(
#933250 1'
#934000 0)
#934125 0! 0"
#934250 1$
#934500 0*
#935500 1*
#935625 1)
#935750 0-
#936000 1! 1" 1&
#936750 0)
#937000 0# 0$
#937250 0*
#938250 1*
#938500 1)
#938750 1# 1$ 0& 0' 0(
#939625 0)
#939875 1' 1(
#940125 0+
#941125 1+
#941250 1)
#942500 0! 0" 1& 0(
#943375 0)
#943500 0$ 0&
#943625 1! 1" 1(
#943875 0*
#944125 1-
#944875 1*
#945000 1)
#945375 1$ 1&
#946125 0)
#947875 1)
#948125 0$ 0&
#949000 0)
#949125 0! 0" 0# 0%
#949250 1&
#949500 0*
#950000 0/
#950500 1*
#950625 1)
#950750 0-
#951000 1! 1" 1# 1$ 1%
#951750 0)
#952000 0#
#952250 0*
#953250 1*
#953500 1)
#953750 1# 0& 0' 0(
#954625 0)
#954875 1' 1(
#955125 0+
#956125 1+
#956250 1)
#957000 1/
#957500 0! 0" 1& 0(
#958375 0)
#958500 0# 0&
#958625 1(
#958750 0*
#959125 1-
#959875 1*
#960000 1)
#960375 1! 1" 1# 1&
#961125 0)
#962875 1)
#963125 0$ 0&
#963875 0)
#964125 0! 0" 0%
#964250 1&
#964375 0*
#965500 1*
#965625 1)
#965750 0-
#966000 1! 1" 1$ 1%
#966750 0)
#967000 0# 0$ 0%
#967250 0*
#968250 1*
#968500 1)
#968750 1# 1$ 1% 0& 0' 0(
#969500 0)
#969875 1' 1(
#970125 0+
#971125 1+
#971250 1)
#972500 0! 0" 1& 0(
#973250 0)
#973500 1! 0# 0& 1(
#973750 0*
#974125 1-
#974750 1*
#975000 1)
#975375 1" 1# 1&
#976125 0)
#977875 1)
#978125 0$ 0&
#978875 0)
#979125 0! 0" 0# 0% 1&
#979250 1$
#979375 0*
#980375 1*
#980625 1)
#980750 0-
#981000 1! 1" 1# 1%
#981750 0)
#981875 0# 0%
#982250 0*
#983250 1*
#983375 1)
#983750 1# 1% 0& 0' 0(
#984500 0)
#984750 1' 1(
#985000 0+
#986000 1+
#986250 1)
#987375 0!
#987500 0" 1& 0(
#988250 0)
#988500 0# 0& 1(
#988625 1"
#988750 0*
#989125 1-
#989750 1*
#990000 1)
#990250 0' 0(
#990375 1#
#991125 0)
#991375 1! 1&
#991625 0*
#992625 1*
#992750 1)
#993000 0&
#993125 0$ 1' 1(
#993875 0)
#994125 0! 0" 1$ 0% 1&
#994375 0*
#995375 1*
#995625 1)
#995750 0-
#995875 1!
#996000 1" 1%
#996750 0)
#996875 0# 0$
#997250 0*
#998250 1*
#998375 1)
#998625 0& 0' 0(
#998750 1# 1$
#999500 0)
#999750 1' 1(
#1000000 0+
#1001000 1+
#1001250 1)
#1002375 0! 0" 0(
#1002500 1&
#1003250 0)
#1003500 1! 1" 0# 0& 1(
#1003750 0*
#1004125 1-
#1004750 1*
#1005000 1)
#1005375 1# 1&
#1006125 0)
#1007750 1)
#1008000 0&
#1008125 0$
#1008875 0)
#1009125 0! 0" 0# 1&
#1009375 0*
#1010375 1*
#1010625 1)
#1010750 0-
#1010875 1!
#1011000 1" 1# 1$
#1011750 0)
#1011875 0#
#1012250 0*
#1013250 1*
#1013375 1)
#1013625 0& 0' 0(
#1013750 1#
#1014500 0)
#1014750 1' 1(
#1015000 0+
#1016000 1+
#1016250 1)
#1017375 0! 0" 0(
#1017500 1&
#1018250 0)
#1018500 0& 1(
#1018750 0*
#1019125 1-
#1019750 1*
#1020000 1)
#1020250 1! 1" 1&
#1021125 0)
#1022750 1)
#1023000 0$ 0&
#1023875 0)
#1024125 0! 0" 1&
#1024375 0*
#1025375 1*
#1025625 1)
#1025750 0-
#1025875 1! 1"
#1026000 1$
#1026750 0)
#1026875 0# 0$ 0%
#1027125 0*
#1028250 1*
#1028375 1)
#1028625 0& 0' 0(
#1028750 1# 1$ 1%
#1029500 0)
#1029750 1' 1(
#1030000 0+
#1031000 1+
#1031250 1)
#1032375 0! 0" 0(
#1032500 1&
#1033250 0)
#1033500 1! 0& 1(
#1033750 0*
#1034125 1-
#1034750 1*
#1035000 1)
#1035250 1" 1&
#1036125 0)
#1037750 1)
#1038000 0$ 0&
#1038875 0)
#1039125 0! 0" 0# 1$ 1&
#1039375 0*
#1040375 1*
#1040625 1)
#1040750 0-
#1040875 1! 1" 1#
#1041750 0)
#1041875 0# 0%
#1042125 0*
#1043250 1*
#1043375 1)
#1043625 0& 0' 0(
#1043750 1# 1%
#1044500 0)
#1044750 1' 1(
#1045000 0+
#1046000 1+
#1046250 1)
#1047375 0! 0" 0(
#1047500 1&
#1048250 0)
#1048500 1" 0& 1(
#1048750 0*
#1049125 1-
#1049750 1*
#1050000 1)
#1050250 1! 0' 0(
#1051125 0)
#1051375 1&
#1051625 0+
#1052625 1+
#1052750 1)
#1053000 0$ 0&
#1053125 1' 1(
#1053875 0)
#1054125 0! 0" 1$ 1&
#1054375 0*
#1055375 1*
#1055625 1)
#1055750 0-
#1055875 1! 1"
#1056750 0)
#1056875 0# 0$
#1057125 0*
#1058250 1*
#1058375 1)
#1058625 0& 0' 0(
#1058750 1# 1$
#1059500 0)
#1059750 1' 1(
#1060000 0+
#1061000 1+
#1061250 1)
#1062375 0! 0" 0(
#1062500 1&
#1063250 0)
#1063500 1! 1" 0& 1(
#1063750 0*
#1064125 1-
#1064750 1*
#1065000 1)
#1065250 1&
#1066125 0)
#1067750 1)
#1068875 0)
#1069375 0+
#1070375 1+
#1070625 1)
#1070750 0-
#1071750 0)
#1071875 0#
#1072250 0*
#1073250 1*
#1073375 1)
#1073625 0& 0' 0(
#1073750 1#
#1074500 0)
#1074750 1' 1(
#1075000 0+
#1076000 1+
#1076250 1)
#1079125 1-
#1079250 0$
#1080125 0)
#1080375 0! 0" 0#
#1080625 0*
#1081625 1*
#1082250 1!
#1082500 0*
#1083500 1*
#1084125 0! 1"
#1084375 0*
#1085375 1*
#1086000 1!
#1086250 0*
#1087250 1*
#1087875 0! 0" 1# 1$ 1&
#1088125 0*
#1089125 1*
#1089750 0&
#1089875 00
#1090000 0*
#1091000 1*
#1091250 1)
#1091500 1!
#1091625 1" 1&
#1092375 0)
#1094000 1)
#1094250 0!
#1094375 0# 0&
#1095125 0)
#1095375 1! 0$ 0% 0'
#1095625 0*
#1096625 1*
#1096750 10
#1097250 1%
#1097500 0*
#1098500 1*
#1098750 1)
#1099125 1# 1'
#1099875 0)
#1100000 0#
#1100125 1&
#1100375 0*
#1101375 1*
#1101625 1)
#1101875 0" 1$ 0&
#1102625 0)
#1102875 1" 0% 0'
#1103000 1#
#1103125 0*
#1104125 1*
#1104875 1%
#1105000 0*
#1106000 1*
#1106250 1)
#1106500 0$
#1106625 1'
#1107375 0)
#1107625 1$ 1&
#1107875 0*
#1108875 1*
#1109125 1)
#1109375 0$ 0&
#1110125 0)
#1110375 0! 0"
#1110625 0*
#1111625 1*
#1112375 1!
#1112500 0*
#1113500 1*
#1114125 0!
#1114250 1"
#1114375 0*
#1115500 1*
#1116125 1!
#1116250 0*
#1117375 1*
#1117875 0! 0"
#1118000 1$ 1&
#1118125 0*
#1119250 1*
#1120250 1!
#1120500 0*
#1121500 1*
#1121750 1)
#1122125 1"
#1122875 0)
#1124625 1)
#1124875 0! 0# 0&
#1125625 0)
#1125875 1! 0$ 0% 0'
#1126000 1&
#1126125 0*
#1127125 1*
#1127875 1%
#1128000 0*
#1129000 1*
#1129250 1)
#1129500 0&
#1129625 1# 1'
#1130375 0)
#1130500 0#
#1130625 1&
#1130875 0*
#1131875 1*
#1132125 1)
#1132375 0! 0" 1$ 0&
#1133125 0)
#1133375 0% 0'
#1133500 1" 1#
#1133625 0*
#1134625 1*
#1135375 1%
#1135500 0*
#1136625 1*
#1136750 1)
#1137000 0$
#1137125 1! 1'
#1137875 0)
#1138000 0!
#1138125 1$ 1&
#1138375 0*
#1139375 1*
#1139625 1)
#1139875 1! 0$ 0&
#1140750 0)
#1140875 0! 0" 0#
#1141000 1$
#1141125 0*
#1142250 1*
#1142875 1!
#1143125 0*
#1144125 1*
#1144625 0!
#1144750 1"
#1145000 0*
#1146000 1*
#1146625 1!
#1146875 0*
#1147875 1*
#1148375 0! 0"
#1148500 1# 1&
#1148750 0*
#1149750 1*
#1150375 1!
#1150625 0*
#1151625 1*
#1151750 1)
#1152125 1"
#1152875 0)
#1154625 1)
#1154875 0! 0# 0&
#1155750 0)
#1155875 0$ 0%
#1156000 1!
#1156250 0*
#1157250 1*
#1157875 1%
#1158125 0*
#1159125 1*
#1159250 1)
#1159625 1#
#1160375 0)
#1160625 0# 1&
#1160875 0*
#1161875 1*
#1162125 1)
#1162375 0! 0" 0&
#1162500 1$
#1163250 0)
#1163375 0%
#1163500 1! 1# 0'
#1163750 0*
#1164750 1*
#1165375 1%
#1165625 0*
#1166625 1*
#1166875 1)
#1167125 1" 0$ 1'
#1167875 0)
#1168125 0" 1&
#1168250 1$
#1168375 0*
#1169375 1*
#1169625 1)
#1169875 0$ 0&
#1170000 1"
#1170750 0)
#1170875 0! 0"
#1171000 1$
#1171250 0*
#1172250 1*
#1172875 1!
#1173125 0*
#1174125 1*
#1174625 0!
#1174750 1"
#1175000 0*
#1176000 1*
#1176625 1!
#1176875 0*
#1177875 1*
#1178375 0!
#1178500 0" 1&
#1178750 0*
#1179750 1*
#1180375 1!
#1180625 0*
#1181625 1*
#1181875 1)
#1182125 1"
#1183000 0)
#1184625 1)
#1184875 0! 0# 0&
#1185750 0)
#1186000 1! 0$ 0% 1&
#1186250 0*
#1187250 1*
#1187875 1%
#1188125 0*
#1189125 1*
#1189375 1)
#1189625 0&
#1189750 1#
#1190500 0)
#1190625 0#
#1190750 1&
#1191000 0*
#1192000 1*
#1192125 1)
#1192375 0! 0" 0&
#1192500 1$
#1193250 0)
#1193500 1# 0% 0'
#1193750 0*
#1194750 1*
#1195375 1%
#1195625 0*
#1196625 1*
#1196875 1)
#1197125 0$
#1197250 1! 1" 1'
#1198000 0)
#1198125 0! 0"
#1198250 1$ 1&
#1198500 0*
#1199500 1*
#1199625 1)
#1215000 1! 1"
#1215750 0)
#1217500 1)
#1219500 0)
#1221250 1)
#1223250 0)
#1223875 0+
#1224875 1+
#1225000 1)
#1226125 0)
#1227875 1)
#1228125 0$ 0&
#1229000 0)
#1229125 0! 0" 0# 0% 0'
#1229375 0*
#1230500 1*
#1230625 1)
#1231000 1! 1" 1# 1$ 1% 1& 1'
#1231750 0)
#1232250 0+
#1233250 1+
#1233500 1)
#1234625 0)
#1235125 0+
#1236125 1+
#1236250 1)
#1237500 0! 0" 0(
#1238375 0)
#1238500 0# 0$ 0% 0&
#1238625 1(
#1238875 0*
#1239875 1*
#1240000 1)
#1240375 1! 1" 1# 1$ 1% 1&
#1241125 0)
#1242875 1)
#1243125 0$ 0&
#1244000 0)
#1244125 0! 0" 0% 0'
#1244500 0*
#1245500 1*
#1245625 1)
#1245750 0-
#1246000 1! 1" 1$ 1% 1& 1'
#1246750 0)
#1247000 0! 0" 0$ 0%
#1247250 0*
#1248250 1*
#1248500 1)
#1248750 1! 1" 1$ 0& 0' 0(
#1248875 1%
#1249625 0)
#1249875 1' 1(
#1250125 0+
#1251125 1+
#1251250 1)
#1252500 0! 0" 1& 0(
#1253375 0)
#1253500 0# 0$ 0% 0&
#1253625 1! 1(
#1253875 0*
#1254125 1-
#1254875 1*
#1255000 1)
#1255375 1" 1# 1$ 1% 1&
#1256125 0)
#1257875 1)
#1258125 0$ 0&
#1259000 0)
#1259125 0! 0" 0# 0%
#1259250 1$ 0'
#1259500 0*
#1260250 0/
#1260500 1*
#1260625 1)
#1260750 0-
#1261000 1! 1" 1# 1% 1& 1'
#1261750 0)
#1262000 0! 0" 0%
#1262250 0*
#1263250 1*
#1263500 1)
#1263750 1! 1" 0& 0' 0(
#1263875 1%
#1264625 0)
#1264875 1' 1(
#1265125 0+
#1266125 1+
#1266250 1)
#1267250 1/
#1267500 0! 0" 1& 0(
#1268375 0)
#1268500 0# 0% 0&
#1268625 1" 0$ 1(
#1268875 0*
#1269125 1-
#1269875 1*
#1270000 1)
#1270250 0" 0' 0(
#1270375 1&
#1271125 0)
#1271375 1"
#1271500 1! 1# 1$ 1%
#1271625 0*
#1272625 1*
#1272875 1)
#1273125 0$ 0& 1' 1(
#1274000 0)
#1274125 0! 0" 0% 0'
#1274250 1$
#1274500 0*
#1275500 1*
#1275625 1)
#1275750 0-
#1276000 1! 1" 1% 1& 1'
#1276750 0)
#1277000 0! 0" 0$
#1277250 0*
#1278250 1*
#1278500 1)
#1278750 1! 1" 0& 0' 0(
#1278875 1$
#1279625 0)
#1279875 1' 1(
#1280125 0+
#1281125 1+
#1281250 1)
#1282500 0! 0" 1& 0(
#1283375 0)
#1283500 0$ 0% 0&
#1283625 1! 1" 0# 1(
#1283875 0*
#1284125 1-
#1284875 1*
#1285000 1)
#1285375 1# 1$ 1% 1&
#1286125 0)
#1287875 1)
#1288125 0$ 0&
#1289000 0)
#1289125 0! 0" 0#
#1289250 0'
#1289500 0*
#1290500 1*
#1290625 1)
#1290750 0-
#1291000 1! 1" 1# 1$ 1& 1'
#1291750 0)
#1292000 0! 0"
#1292250 0*
#1293250 1*
#1293500 1)
#1293750 1! 1" 0& 0' 0(
#1294625 0)
#1294875 1' 1(
#1295125 0+
#1296125 1+
#1296250 1)
#1297500 0! 0" 1& 0(
#1298375 0)
#1298500 0$ 0&
#1298625 0% 1(
#1298875 0*
#1299125 1-
#1299875 1*
#1300000 1)
#1300375 1! 1" 1$ 1% 1&
#1301125 0)
#1302875 1)
#1303125 0$ 0&
#1304000 0)
#1304125 0! 0"
#1304250 0'
#1304500 0*
#1305500 1*
#1305625 1)
#1305750 0-
#1306000 1! 1" 1$ 1& 1'
#1306750 0)
#1307000 0! 0" 0$ 0%
#1307250 0*
#1308250 1*
#1308500 1)
#1308750 1! 1" 0& 0' 0(
#1308875 1$ 1%
#1309625 0)
#1309875 1' 1(
#1310125 0+
#1311125 1+
#1311250 1)
#1312500 0! 0" 1& 0(
#1313375 0)
#1313500 0$ 0% 0&
#1313625 1! 1(
#1313875 0*
#1314125 1-
#1314875 1*
#1315000 1)
#1315375 1" 1$ 1% 1&
#1316125 0) 0/
#1317875 1)
#1318125 0$ 0&
#1319000 0)
#1319125 0! 0" 0# 0'
#1319250 1$
#1319500 0*
#1320500 1*
#1320625 1)
#1320750 0-
#1321000 1! 1" 1# 1& 1'
#1321750 0)
#1322000 0! 0" 0%
#1322250 0*
#1323125 1/
#1323250 1*
#1323500 1)
#1323750 1! 1" 1% 0& 0' 0(
#1324625 0)
#1324875 1' 1(
#1325125 0+
#1326125 1+
#1326250 1)
#1327500 0! 0" 1& 0(
#1328375 0)
#1328500 0$ 0% 0&
#1328625 1" 1(
#1328875 0*
#1329125 1-
#1329875 1*
#1330000 1)
#1330250 0" 0# 0' 0(
#1330375 1! 1&
#1331125 0)
#1331375 1" 1# 1$ 1%
#1331625 0+
#1332625 1+
#1332875 1)
#1333125 0$ 0& 1' 1(
#1334000 0)
#1334125 0! 0" 0'
#1334250 1$
#1334500 0*
#1335500 1*
#1335625 1)
#1335750 0-
#1336000 1! 1" 1& 1'
#1336750 0)
#1337000 0! 0" 0$
#1337250 0*
#1338250 1*
#1338500 1)
#1338750 1! 1" 1$ 0& 0' 0(
#1339500 0)
#1339875 1' 1(
#1340125 0+
#1341125 1+
#1341250 1)
#1342500 0! 0" 1& 0(
#1343250 0)
#1343500 0$ 0% 0& 1(
#1343625 1! 1"
#1343750 0*
#1344125 1-
#1344875 1*
#1345000 1)
#1345375 1$ 1% 1&
#1346125 0)
#1347875 1)
#1348125 0$ 0&
#1348875 0)
#1349125 0! 0" 0# 0% 0'
#1349250 1&
#1349375 0*
#1350375 1*
#1350625 1)
#1350750 0-
#1351000 1! 1" 1# 1$ 1% 1'
#1351750 0)
#1351875 0!
#1352000 0"
#1352250 0*
#1353250 1*
#1353500 1)
#1353750 1! 1" 0& 0' 0(
#1354500 0)
#1354750 1(
#1354875 1'
#1355125 0+
#1356125 1+
#1356250 1)
#1357500 0! 0" 1& 0(
#1358250 0)
#1358500 0# 0% 0& 1(
#1358750 0*
#1359125 1-
#1359750 1*
#1360000 1)
#1360375 1! 1" 1# 1% 1&
#1361125 0)
#1362875 1)
#1363125 0$ 0&
#1363875 0)
#1364125 0! 0" 0% 1& 0'
#1364375 0*
#1365375 1*
#1365625 1)
#1365750 0-
#1366000 1! 1" 1$ 1% 1'
#1366750 0)
#1366875 0! 0" 0$ 0%
#1367250 0*
#1368250 1*
#1368375 1)
#1368625 0'
#1368750 1! 1" 1$ 1% 0& 0(
#1369500 0)
#1369750 1' 1(
#1370000 0+
#1371000 1+
#1371250 1)
#1372375 0! 0" 0(
#1372500 1&
#1373250 0)
#1373500 1! 0# 0% 0& 1(
#1373750 0*
#1374125 1-
#1374750 1*
#1375000 1)
#1375375 1" 1# 1% 1&
#1376125 0)
#1377750 1)
#1378000 0&
#1378125 0$
#1378875 0)
#1379125 0! 0" 0# 1$ 0% 1& 0'
#1379375 0*
#1380375 1*
#1380625 1)
#1380750 0-
#1381000 1! 1" 1# 1% 1'
#1381750 0)
#1381875 0! 0" 0%
#1382250 0*
#1383250 1*
#1383375 1)
#1383625 0& 0' 0(
#1383750 1! 1" 1%
#1384500 0)
#1384750 1' 1(
#1385000 0+
#1386000 1+
#1386250 1)
#1387375 0! 0" 0(
#1387500 1&
#1388250 0)
#1388500 1" 0# 0% 0& 1(
#1388750 0*
#1389125 1-
#1389750 1*
#1390000 1)
#1390250 0$ 1& 0' 0(
#1391125 0)
#1391375 1! 1# 1$ 1%
#1391625 0*
#1392625 1*
#1392750 1)
#1393000 0$ 0&
#1393125 1' 1(
#1393875 0)
#1394125 0! 0" 1$ 0% 1& 0'
#1394375 0*
#1395375 1*
#1395625 1)
#1395750 0-
#1395875 1! 1" 1% 1'
#1396750 0)
#1396875 0! 0" 0$
#1397125 0*
#1398250 1*
#1398375 1)
#1398625 0& 0' 0(
#1398750 1! 1" 1$
#1399500 0)
#1399750 1' 1(
#1400000 0+
#1401000 1+
#1401250 1)
#1402375 0! 0" 0(
#1402500 1&
#1403250 0)
#1403500 1! 1" 0# 0% 0& 1(
#1403750 0*
#1404125 1-
#1404750 1*
#1405000 1)
#1405250 1# 1% 1&
#1406000 0)
#1407750 1)
#1408000 0$ 0&
#1408875 0)
#1409125 0! 0" 0# 1& 0'
#1409375 0*
#1410375 1*
#1410625 1)
#1410750 0-
#1410875 1! 1" 1# 1$ 1'
#1411625 0)
#1411875 0! 0"
#1412125 0*
#1413125 1*
#1413375 1)
#1413625 1! 0& 0' 0(
#1413750 1"
#1414500 0)
#1414750 1' 1(
#1415000 0+
#1416000 1+
#1416250 1)
#1417375 0! 0" 0(
#1417500 1&
#1418250 0)
#1418375 0&
#1418500 0% 1(
#1418750 0*
#1419000 1-
#1419750 1*
#1420000 1)
#1420250 1! 1" 1% 1&
#1421000 0)
#1422750 1)
#1423000 0$ 0&
#1423875 0)
#1424000 0! 0"
#1424125 1& 0'
#1424375 0*
#1425375 1*
#1425625 1) 0-
#1425875 1! 1" 1$ 1'
#1426625 0)
#1426875 0! 0" 0$ 0%
#1427125 0*
#1428125 1*
#1428375 1)
#1428625 1! 0& 0' 0(
#1428750 1" 1$ 1%
#1429500 0)
#1429750 1' 1(
#1430000 0+
#1431000 1+
#1431125 1)
#1432375 0! 0" 1& 0(
#1433250 0)
#1433375 0% 0&
#1433500 1! 1(
#1433750 0*
#1434000 1-
#1434750 1*
#1434875 1)
#1435250 1" 1% 1&
#1436000 0)
#1437750 1)
#1438000 0$ 0&
#1438875 0)
#1439000 0! 0" 0#
#1439125 1$ 1& 0'
#1439375 0*
#1440375 1*
#1440500 1)
#1440625 0-
#1440875 1! 1" 1# 1'
#1441625 0)
#1441875 0! 0" 0%
#1442125 0*
#1443125 1*
#1443375 1)
#1443625 1! 1" 0& 0' 0(
#1443750 1%
#1444500 0)
#1444750 1' 1(
#1445000 0+
#1446000 1+
#1446125 1)
#1447375 0! 0" 1& 0(
#1447500 0/
#1448250 0)
#1448375 0% 0&
#1448500 1" 1(
#1448750 0*
#1449000 1-
#1449750 1*
#1449875 1)
#1450125 0# 0$ 0' 0(
#1450250 1! 1&
#1451000 0)
#1451250 1# 1$ 1%
#1451500 0+
#1452500 1+
#1452750 1)
#1453000 0$ 0& 1' 1(
#1453875 0)
#1454000 0! 0" 0'
#1454125 1$ 1&
#1454375 0*
#1454500 1/
#1455375 1*
#1455500 1)
#1455625 0-
#1455875 1! 1" 1'
#1456625 0)
#1456875 0! 0" 0$
#1457125 0*
#1458125 1*
#1458375 1)
#1458625 1! 1" 0& 0' 0(
#1458750 1$
#1459500 0)
#1459750 1' 1(
#1460000 0+
#1461000 1+
#1461125 1)
#1462375 0! 0" 1& 0(
#1463250 0)
#1463375 0% 0&
#1463500 1! 1" 1(
#1463750 0*
#1464000 1-
#1464750 1*
#1464875 1)
#1465250 1% 1&
#1466000 0)
#1467750 1)
#1468000 0$ 0&
#1468875 0)
#1469000 0! 0" 0# 0%
#1469375 0*
#1470375 1*
#1470500 1)
#1470625 0-
#1470875 1! 1" 1# 1$ 1% 1&
#1471625 0)
#1471875 0! 0"
#1472125 0*
#1473125 1*
#1473375 1)
#1473625 1! 1" 0& 0' 0(
#1474500 0)
#1474750 1' 1(
#1475000 0+
#1476000 1+
#1476125 1)
#1477375 0! 0" 1& 0(
#1478250 0)
#1478375 0# 0$ 0&
#1478500 1(
#1478750 0*
#1479000 1-
#1479750 1*
#1479875 1)
#1480250 1! 1" 1# 1$ 1&
#1481000 0)
#1482750 1)
#1483000 0$ 0&
#1483875 0)
#1484000 0! 0" 0%
#1484375 0*
#1485375 1*
#1485500 1)
#1485625 0-
#1485875 1! 1" 1$ 1% 1&
#1486625 0)
#1486875 0! 0" 0$ 0%
#1487125 0*
#1488125 1*
#1488375 1)
#1488625 1! 1" 0& 0' 0(
#1488750 1$ 1%
#1489500 0)
#1489750 1' 1(
#1490000 0+
#1491000 1+
#1491125 1)
#1492375 0! 0" 1& 0(
#1493250 0)
#1493375 0# 0$ 0&
#1493500 1! 1(
#1493750 0*
#1494000 1-
#1494750 1*
#1494875 1)
#1495250 1" 1# 1$ 1&
#1496000 0)
#1497750 1)
#1498000 0$ 0&
#1498875 0)
#1499000 0! 0" 0#
#1499125 1$ 0%
#1499375 0*
#1500375 1*
#1500500 1)
#1500625 0-
#1500875 1! 1" 1# 1% 1&
#1501625 0)
#1501875 0! 0" 0%
#1502125 0*
#1503125 1*
#1503375 1) 0/
#1503625 1! 1" 0& 0' 0(
#1503750 1%
#1504500 0)
#1504750 1' 1(
#1505000 0+
#1506000 1+
#1506125 1)
#1507375 0! 0" 1& 0(
#1508250 0)
#1508375 0# 0&
#1508500 1" 0$ 1(
#1508750 0*
#1509000 1-
#1509750 1*
#1509875 1)
#1510125 0(
#1510250 0" 1# 0% 1& 0'
#1510375 1/
#1511000 0)
#1511375 1! 1" 1$ 1%
#1511500 0*
#1512500 1*
#1512750 1)
#1513000 0$ 0& 1(
#1513125 1'
#1513875 0)
#1514000 0! 0"
#1514125 1$ 0%
#1514375 0*
#1515375 1*
#1515625 1)
#1515750 0-
#1515875 1! 1" 1% 1&
#1516625 0)
#1516875 0! 0" 0$
#1517125 0*
#1518125 1*
#1518375 1)
#1518625 1! 0& 0' 0(
#1518750 1" 1$
#1519500 0)
#1519750 1' 1(
#1520000 0+
#1521000 1+
#1521250 1)
#1522375 0! 0" 0(
#1522500 1&
#1523250 0)
#1523375 0&
#1523500 1! 1" 0# 0$ 1(
#1523750 0*
#1524000 1-
#1524750 1*
#1525000 1)
#1525125 0!
#1525250 0" 0% 0(
#1526000 0)
#1526250 0'
#1526625 0+
#1527625 1+
#1527750 1)
#1528125 1! 1" 1# 1% 1' 1(
#1528875 0)
#1529000 0! 0" 0#
#1529375 0*
#1530375 1*
#1530625 1)
#1530750 0-
#1530875 1! 1" 1# 1$ 1&
#1531625 0)
#1531875 0! 0"
#1532125 0*
#1533250 1*
#1533375 1)
#1533625 1! 0& 0' 0(
#1533750 1"
#1534500 0)
#1534750 1' 1(
#1535000 0+
#1536000 1+
#1536250 1)
#1537375 0! 0" 0(
#1537500 1&
#1538250 0)
#1538500 0$ 0& 1(
#1538750 0*
#1539125 1-
#1539750 1*
#1540000 1)
#1540250 1! 1" 1&
#1540375 1$
#1541125 0)
#1542750 1)
#1543000 0$ 0&
#1543875 0)
#1544125 0! 0"
#1544375 0*
#1545375 1*
#1545625 1)
#1545750 0-
#1545875 1!
#1546000 1" 1$ 1&
#1546750 0)
#1546875 0! 0" 0$ 0%
#1547250 0*
#1548250 1*
#1548375 1)
#1548625 0& 0' 0(
#1548750 1! 1" 1$ 1%
#1549500 0)
#1549750 1' 1(
#1550000 0+
#1551000 1+
#1551250 1)
#1552375 0! 0" 0(
#1552500 1&
#1553250 0)
#1553500 1! 0$ 0& 1(
#1553750 0*
#1554125 1-
#1554750 1*
#1555000 1)
#1555375 1" 1$ 1&
#1556125 0)
#1557750 1)
#1558000 0&
#1558125 0$
#1558875 0)
#1559125 0! 0" 0# 1$
#1559375 0*
#1560375 1*
#1560625 1)
#1560750 0-
#1561000 1! 1" 1# 1&
#1561750 0)
#1561875 0! 0"
#1562000 0%
#1562250 0*
#1563250 1*
#1563375 1)
#1563625 0&
#1563750 1! 1" 1% 0' 0(
#1564500 0)
#1564750 1' 1(
#1565000 0+
#1566000 1+
#1566250 1)
#1567375 0!
#1567500 0" 1& 0(
#1568250 0)
#1568500 0$ 0& 1(
#1568625 1"
#1568750 0*
#1569125 1-
#1569750 1*
#1570000 1)
#1570250 0" 0% 0' 0(
#1570375 1! 1&
#1571125 0)
#1571375 1" 1$ 1%
#1571625 0+
#1572625 1+
#1572875 1)
#1573125 0$ 0& 1' 1(
#1573875 0)
#1574125 0! 0"
#1574250 1$
#1574375 0*
#1575375 1*
#1575625 1)
#1575750 0-
#1576000 1! 1" 1&
#1576750 0)
#1576875 0!
#1577000 0" 0$
#1577250 0*
#1578250 1*
#1578500 1)
#1578750 1! 1" 1$ 0& 0' 0(
#1579500 0)
#1579875 1' 1(
#1580125 0+
#1581125 1+
#1581250 1)
#1582500 0! 0" 1& 0(
#1583250 0)
#1583500 0$ 0&
#1583625 1! 1" 1(
#1583750 0*
#1584125 1-
#1584875 1*
#1585000 1)
#1585375 1$ 1&
#1586125 0)
#1587875 1)
#1588125 0$ 0&
#1589000 0)
#1589125 0! 0" 0# 0%
#1589250 1&
#1589375 0*
#1590500 1*
#1590625 1)
#1590750 0-
#1591000 1! 1" 1# 1$ 1%
#1591750 0)
#1592000 0! 0"
#1592250 0*
#1593250 1*
#1593500 1)
#1593750 1! 1" 0& 0' 0(
#1594625 0)
#1594875 1' 1(
#1595125 0+
#1595625 0/
#1596125 1+
#1596250 1)
#1597500 0! 0" 1& 0(
#1598375 0)
#1598500 0# 0&
#1598625 1(
#1598875 0*
#1599125 1-
#1599875 1*
#1600000 1)
#1600375 1! 1" 1# 1&
#1601125 0)
#1602625 1/
#1602875 1)
#1603125 0$ 0&
#1604000 0)
#1604125 0! 0" 0%
#1604250 1&
#1604500 0*
#1605500 1*
#1605625 1)
#1605750 0-
#1606000 1! 1" 1$ 1%
#1606750 0)
#1607000 0! 0" 0$ 0%
#1607250 0*
#1608250 1*
#1608500 1)
#1608750 1! 0& 0' 0(
#1608875 1" 1$ 1%
#1609625 0)
#1609875 1' 1(
#1610125 0+
#1611125 1+
#1611250 1)
#1612500 0! 0" 0(
#1612625 1&
#1613375 0)
#1613500 0&
#1613625 1! 0# 1(
#1613875 0*
#1614125 1-
#1614875 1*
#1615125 1)
#1615375 1" 1# 1&
#1616125 0)
#1617875 1)
#1618125 0$ 0&
#1619000 0)
#1619250 0! 0" 0# 1$ 0% 1&
#1619500 0*
#1620500 1*
#1620750 1)
#1620875 0-
#1621000 1! 1" 1# 1%
#1621750 0)
#1622000 0! 0" 0%
#1622250 0*
#1623250 1*
#1623500 1)
#1623750 0& 0' 0(
#1623875 1! 1" 1%
#1624625 0)
#1624875 1' 1(
#1625125 0+
#1626125 1+
#1626375 1)
#1627500 0! 0" 0(
#1627625 1&
#1628375 0)
#1628625 1" 0# 0& 1(
#1628875 0*
#1629250 1-
#1629875 1*
#1630125 1)
#1630375 1# 0$ 0% 1& 0' 0(
#1631250 0)
#1631500 1! 1$ 1%
#1631625 0*
#1632750 1*
#1632875 1)
#1633125 0$ 0&
#1633250 1' 1(
#1634000 0)
#1634250 0! 0" 1$ 0% 1&
#1634500 0*
#1635500 1*
#1635750 1)
#1635875 0-
#1636000 1!
#1636125 1" 1%
#1636875 0)
#1637000 0! 0" 0$
#1637375 0*
#1638375 1*
#1638500 1)
#1638750 0& 0' 0(
#1638875 1! 1" 1$
#1639625 0)
#1639875 1' 1(
#1640125 0+
#1641125 1+
#1641375 1)
#1642500 0! 0" 0(
#1642625 1&
#1643375 0)
#1643625 1! 1" 0# 0& 1(
#1643875 0*
#1644250 1-
#1644875 1*
#1645125 1)
#1645500 1# 1&
#1646250 0)
#1647875 1)
#1648125 0&
#1648250 0$
#1649000 0)
#1649250 0! 0" 0# 1&
#1649500 0*
#1650500 1*
#1650750 1)
#1650875 0-
#1651125 1! 1" 1# 1$
#1651500 0/
#1651875 0)
#1652000 0! 0"
#1652375 0*
#1653375 1*
#1653500 1)
#1653875 1! 1" 0& 0' 0(
#1654625 0)
#1654875 1' 1(
#1655125 0+
#1656125 1+
#1656375 1)
#1657500 0!
#1657625 0" 1& 0(
#1658375 0)
#1658500 1/
#1658625 0& 1(
#1658875 0*
#1659250 1-
#1659875 1*
#1660125 1)
#1660500 1! 1" 1&
#1661250 0)
#1663000 1)
#1663250 0$ 0&
#1664000 0)
#1664250 0! 0" 1&
#1664500 0*
#1665500 1*
#1665750 1)
#1665875 0-
#1666125 1! 1" 1$
#1666875 0)
#1667000 0!
#1667125 0" 0$ 0%
#1667375 0*
#1668375 1*
#1668625 1)
#1668875 1! 1" 1$ 1% 0& 0' 0(
#1669625 0)
#1670000 1' 1(
#1670250 0+
#1671250 1+
#1671375 1)
#1672625 0! 0" 1& 0(
#1673375 0)
#1673625 0&
#1673750 1! 1(
#1673875 0*
#1674250 1-
#1674875 1*
#1675125 1)
#1675500 1" 1&
#1676250 0)
#1678000 1)
#1678250 0$ 0&
#1679000 0)
#1679250 0! 0" 0#
#1679375 1$ 1&
#1679500 0*
#1680625 1*
#1680750 1)
#1680875 0-
#1681125 1! 1" 1#
#1681875 0)
#1682125 0! 0" 0%
#1682375 0*
#1683375 1*
#1683625 1)
#1683875 1! 1" 1% 0& 0' 0(
#1684625 0)
#1685000 1' 1(
#1685250 0+
#1686250 1+
#1686375 1)
#1687625 0! 0" 1& 0(
#1688375 0)
#1688625 0&
#1688750 1" 1(
#1688875 0*
#1689250 1-
#1690000 1*
#1690125 1)
#1690375 0$ 0% 0' 0(
#1690500 1! 1&
#1691250 0)
#1691500 1$ 1%
#1691750 0+
#1692750 1+
#1693000 1)
#1693250 0$ 0& 1' 1(
#1694125 0)
#1694250 0! 0"
#1694375 1$ 1&
#1694500 0*
#1695625 1*
#1695750 1)
#1695875 0-
#1696125 1! 1"
#1696875 0)
#1697125 0! 0" 0$
#1697375 0*
#1698375 1*
#1698625 1)
#1698875 1! 1" 1$ 0& 0' 0(
#1699750 0)
#1700000 1' 1(
#1700250 0+
#1701250 1+
#1701375 1)
#1702625 0! 0" 1& 0(
#1703500 0)
#1703625 0&
#1703750 1! 1" 1(
#1703875 0*
#1704250 1-
#1705000 1*
#1705125 1)
#1705500 1&
#1706250 0)
#1708000 1)
#1709125 0)
#1709625 0+
#1710625 1+
#1710750 1)
#1710875 0-
#1711875 0)
#1712125 0! 0"
#1712375 0*
#1713375 1*
#1713625 1)
#1713875 1! 1" 0& 0' 0(
#1714750 0)
#1715000 1' 1(
#1715250 0+
#1716250 1+
#1716375 1)
#1719250 1-
#1719500 0$
#1720375 0)
#1720500 0! 0" 0#
#1720750 0*
#1721875 1*
#1722500 1!
#1722625 0*
#1723750 1*
#1724250 0!
#1724375 1"
#1724500 0*
#1725625 1*
#1726250 1!
#1726375 0*
#1727500 1*
#1728000 0! 0"
#1728125 1# 1$ 1&
#1728250 0*
#1729375 1*
#1729875 0&
#1730125 0*
#1731250 1*
#1731375 1)
#1731750 1! 1" 1&
#1732500 0)
#1734250 1)
#1734500 0! 0# 0&
#1735250 0)
#1735500 0" 0$ 0% 0'
#1735625 1#
#1735750 0*
#1736875 1*
#1737500 1%
#1737625 0*
#1738750 1*
#1738875 1)
#1739250 1! 1" 1'
#1740000 0)
#1740125 0!
#1740250 0" 1&
#1740500 0*
#1741500 1*
#1741750 1)
#1742000 1! 0# 1$ 0&
#1742750 0)
#1743000 0! 0$ 0% 0'
#1743250 0*
#1744375 1*
#1745000 1%
#1745125 0*
#1746250 1*
#1746375 1)
#1746750 1! 1" 1# 1'
#1747500 0)
#1747625 0!
#1747750 0" 0# 1&
#1748000 0*
#1749000 1*
#1749250 1)
#1749500 1! 1" 1# 0&
#1750250 0)
#1750500 0! 0"
#1750750 0*
#1751750 1*
#1752375 1!
#1752625 0*
#1753625 1*
#1754250 0!
#1754375 1"
#1754500 0*
#1755500 1*
#1756125 1!
#1756375 0*
#1757375 1*
#1758000 0! 0" 1&
#1758125 1$
#1758250 0*
#1759250 1*
#1760375 1!
#1760625 0*
#1761625 1*
#1761875 1)
#1762250 1"
#1763000 0)
#1764625 1)
#1764875 0! 0# 0&
#1765750 0)
#1766000 0" 1# 0$ 0% 1& 0'
#1766250 0*
#1767250 1*
#1767875 1%
#1768125 0*
#1769125 1*
#1769375 1)
#1769625 1! 1" 0& 1'
#1770500 0)
#1770625 0! 0"
#1770750 1&
#1770875 0*
#1772000 1*
#1772125 1)
#1772375 0# 0&
#1772500 1$
#1773250 0)
#1773500 1! 1" 1# 0% 0'
#1773750 0*
#1774750 1*
#1775375 1%
#1775625 0*
#1776625 1*
#1776875 1)
#1777125 0$ 1'
#1777875 0)
#1778250 1$ 1&
#1778375 0*
#1779500 1*
#1779625 1)
#1779875 0$ 0&
#1780750 0)
#1781000 0! 0" 0# 1$
#1781250 0*
#1782250 1*
#1782875 1!
#1783125 0*
#1784125 1*
#1784625 0!
#1784750 1"
#1785000 0*
#1786000 1*
#1786625 1!
#1786875 0*
#1787875 1*
#1788375 0!
#1788500 0" 1# 1&
#1788750 0*
#1789750 1*
#1790375 1!
#1790625 0*
#1791625 1*
#1791875 1)
#1792125 1"
#1792875 0)
#1794625 1)
#1794875 0! 0# 0&
#1795750 0)
#1796000 0" 1# 0$ 0%
#1796250 0*
#1797250 1*
#1797875 1%
#1798125 0*
#1799125 1*
#1799375 1)
#1799625 1! 1"
#1800375 0)
#1800625 0! 0" 1&
#1800875 0*
#1801875 1*
#1802125 1)
#1802375 0# 0&
#1802500 1$
#1803250 0)
#1803375 0% 0'
#1803500 1" 1#
#1803750 0*
#1804750 1*
#1805375 1%
#1805625 0*
#1806625 1*
#1806750 1)
#1807125 1! 0$ 1'
#1807875 0)
#1808125 0! 1$ 1&
#1808375 0*
#1809375 1*
#1809625 1)
#1809875 1! 0$ 0&
#1810750 0)
#1810875 0! 0"
#1811000 1$
#1811250 0*
#1812250 1*
#1812875 1!
#1813125 0*
#1814125 1*
#1814625 0!
#1814750 1"
#1815000 0*
#1816000 1*
#1816625 1!
#1816875 0*
#1817875 1*
#1818375 0! 0"
#1818500 1&
#1818750 0*
#1819750 1*
#1820375 1!
#1820625 0*
#1821625 1*
#1821750 1)
#1822125 1"
#1822875 0)
#1824625 1)
#1824875 0! 0# 0& 00
#1825750 0)
#1825875 0" 0$ 0%
#1826000 1# 1&
#1826125 0*
#1827250 1*
#1827875 1%
#1828125 0*
#1829125 1*
#1829250 1)
#1829500 0&
#1829625 1! 1"
#1830375 0)
#1830625 0! 0" 1&
#1830875 0*
#1831875 1* 10
#1832125 1)
#1832375 0# 1$ 0&
#1833250 0)
#1833375 0% 0'
#1833500 1! 1#
#1833625 0*
#1834750 1*
#1835375 1%
#1835500 0*
#1836625 1*
#1836750 1)
#1837000 0$
#1837125 1" 1'
#1837875 0)
#1838125 0" 1$ 1&
#1838375 0*
#1839375 1*
#1839625 1)
#1854875 1"
#1855625 0)
#1857375 1)
#1859375 0)
#1861125 1)
#1863125 0)
#1863625 0+
#1864625 1+
#1864875 1)
#1866000 0)
#1867625 1)
#1868000 0$ 0&
#1868750 0)
#1869000 0! 0" 0# 0% 0'
#1869250 0*
#1870250 1*
#1870500 1)
#1870875 1! 1" 1# 1$ 1% 1& 1'
#1871625 0)
#1872125 0+
#1873125 1+
#1873250 1)
#1874375 0)
#1874875 0+
#1875875 1+
#1876125 1)
#1877250 0!
#1877375 0" 0(
#1878125 0)
#1878375 0# 0$ 0% 0& 1(
#1878625 0*
#1879625 1*
#1879875 1)
#1880250 1! 1" 1# 1$ 1% 1&
#1881000 0)
#1882625 1)
#1882875 0$ 0&
#1883750 0)
#1884000 0! 0" 0% 0'
#1884250 0*
#1885250 1*
#1885500 1)
#1885625 0-
#1885875 1! 1" 1$ 1% 1& 1'
#1886625 0)
#1886750 0" 0$ 0%
#1887125 0*
#1888125 1*
#1888250 1)
#1888500 0& 0' 0(
#1888625 1" 1$ 1%
#1889375 0)
#1889625 1' 1(
#1889875 0+
#1890875 1+
#1891125 1)
#1892250 0! 0" 0(
#1892375 1&
#1893125 0)
#1893375 1! 0# 0$ 0% 0& 1(
#1893625 0*
#1894000 1-
#1894625 1*
#1894875 1)
#1895250 1" 1# 1$ 1% 1&
#1896000 0)
#1897625 1)
#1897875 0$ 0&
#1898750 0)
#1899000 0! 0" 0# 1$ 0% 0'
#1899250 0*
#1900250 1*
#1900375 00
#1900500 1)
#1900625 0-
#1900875 1! 1" 1# 1% 1& 1'
#1901625 0)
#1901750 0" 0%
#1902125 0*
#1903125 1*
#1903250 1)
#1903500 0& 0' 0(
#1903625 1" 1%
#1904375 0)
#1904625 1' 1(
#1904875 0+
#1905875 1+
#1906125 1)
#1907250 0! 0" 0( 10
#1907375 1&
#1908125 0)
#1908375 1" 0# 0$ 0% 0& 1(
#1908625 0*
#1909000 1-
#1909625 1*
#1909875 1)
#1910125 0" 1$ 1& 0' 0(
#1911000 0)
#1911250 1! 1" 1# 1%
#1911500 0*
#1912500 1*
#1912625 1)
#1912875 0$ 0&
#1913000 1' 1(
#1913750 0)
#1914000 0! 0" 1$ 0% 0'
#1914250 0*
#1915250 1*
#1915500 1)
#1915625 0-
#1915750 1! 1'
#1915875 1" 1% 1&
#1916625 0)
#1916750 0" 0$
#1917125 0*
#1918125 1*
#1918250 1)
#1918500 0& 0' 0(
#1918625 1" 1$
#1919375 0)
#1919625 1' 1(
#1919875 0+
#1920875 1+
#1921125 1)
#1922250 0! 0" 0(
#1922375 1&
#1923125 0)
#1923375 1! 1" 0# 0$ 0% 0& 1(
#1923625 0*
#1924000 1-
#1924625 1*
#1924875 1)
#1925125 1&
#1925250 1# 1$ 1%
#1926000 0)
#1927625 1)
#1927875 0$ 0&
#1928750 0)
#1929000 0! 0" 0# 0'
#1929250 0*
#1930250 1*
#1930500 1)
#1930625 0-
#1930875 1! 1" 1# 1$ 1& 1'
#1931625 0)
#1931750 0"
#1932125 0*
#1933125 1*
#1933250 1)
#1933500 0& 0'
#1933625 1" 0(
#1934375 0)
#1934625 1' 1(
#1934875 0+
#1935875 1+
#1936125 1)
#1937250 0! 0" 0(
#1937375 1&
#1938125 0)
#1938375 0$ 0% 0& 1(
#1938625 0*
#1939000 1-
#1939625 1*
#1939875 1)
#1940250 1! 1" 1$ 1% 1&
#1941000 0)
#1942625 1)
#1942875 0&
#1943000 0$
#1943750 0)
#1944000 0! 0" 0'
#1944250 0*
#1945250 1*
#1945500 1)
#1945625 0-
#1945875 1! 1" 1$ 1& 1'
#1946625 0)
#1946750 0" 0$
#1946875 0%
#1947125 0*
#1948125 1*
#1948250 1)
#1948500 0& 0'
#1948625 1" 1$ 1% 0(
#1949375 0)
#1949625 1' 1(
#1949875 0+
#1950875 1+
#1951125 1)
#1952250 0!
#1952375 0" 1& 0(
#1953125 0)
#1953375 1! 0$ 0% 0& 1(
#1953625 0*
#1954000 1-
#1954625 1*
#1954875 1)
#1955250 1" 1$ 1% 1&
#1956000 0)
#1957750 1)
#1958000 0$ 0&
#1958750 0)
#1959000 0! 0" 0# 0'
#1959125 1$
#1959250 0*
#1960250 1*
#1960500 1)
#1960625 0-
#1960875 1! 1" 1# 1& 1'
#1961625 0)
#1961875 0" 0%
#1962125 0*
#1963125 1*
#1963375 1)
#1963625 1" 1% 0& 0' 0(
#1964375 0)
#1964625 1(
#1964750 1'
#1965000 0+
#1966000 1+
#1966125 1)
#1967375 0! 0" 1& 0(
#1968125 0)
#1968375 0$ 0% 0& 1(
#1968500 1"
#1968625 0*
#1969000 1-
#1969625 1*
#1969875 1)
#1970125 0" 0# 0' 0(
#1970250 1! 1$ 1&
#1971000 0)
#1971250 1" 1# 1%
#1971500 0+
#1972500 1+
#1972750 1)
#1973000 0$ 0& 1' 1(
#1973750 0)
#1974000 0! 0" 0'
#1974125 1$
#1974250 0*
#1975375 1*
#1975500 1)
#1975625 0-
#1975875 1! 1" 1& 1'
#1976625 0)
#1976875 0" 0$
#1977125 0*
#1978125 1*
#1978375 1)
#1978625 1" 1$ 0& 0' 0(
#1979500 0)
#1979750 1' 1(
#1980000 0+
#1981000 1+
#1981125 1)
#1982375 0! 0" 1& 0(
#1983250 0)
#1983375 0$ 0% 0&
#1983500 1! 1" 1(
#1983750 0*
#1984000 1-
#1984750 1*
#1984875 1)
#1985250 1$ 1% 1&
#1986000 0)
#1987750 1)
#1988000 0$ 0&
#1988875 0)
#1989000 0! 0" 0# 0% 0'
#1989125 1&
#1989375 0*
#1990375 1*
#1990500 1)
#1990625 0-
#1990875 1! 1" 1# 1$ 1% 1'
#1991625 0)
#1991875 0"
#1992125 0*
#1993125 1*
#1993375 1)
#1993625 1" 0& 0' 0(
#1994500 0)
#1994750 1' 1(
#1995000 0+
#1996000 1+
#1996125 1)
#1997375 0! 0" 1& 0(
#1998250 0)
#1998375 0# 0% 0&
#1998500 1(
#1998750 0*
#1999000 1-
#1999750 1*
#1999875 1)
#2000250 1! 1" 1# 1% 1&
#2001000 0)
#2002750 1)
#2003000 0$ 0&
#2003875 0)
#2004000 0! 0"
#2004125 0% 1& 0'
#2004375 0*
#2005375 1*
#2005625 1) 0-
#2005875 1! 1" 1$ 1% 1'
#2006625 0)
#2006875 0" 0$ 0%
#2007125 0*
#2008125 1*
#2008375 1)
#2008625 0& 0' 0(
#2008750 1" 1$ 1%
#2009500 0)
#2009750 1' 1(
#2010000 0+
#2011000 1+
#2011250 1)
#2012375 0! 0" 0(
#2012500 1&
#2013250 0)
#2013375 0&
#2013500 1! 0# 0% 1(
#2013750 0*
#2014125 1-
#2014750 1*
#2015000 1)
#2015250 1" 1# 1% 1&
#2016000 0)
#2017750 1)
#2018000 0$ 0&
#2018875 0)
#2019125 0! 0" 0# 1$ 0% 1& 0'
#2019375 0*
#2020375 1*
#2020625 1)
#2020750 0-
#2020875 1! 1" 1# 1% 1'
#2021750 0)
#2021875 0" 0%
#2022125 0*
#2023250 1*
#2023375 1)
#2023625 0& 0' 0(
#2023750 1" 1%
#2024500 0)
#2024750 1' 1(
#2025000 0+
#2026000 1+
#2026250 1)
#2027375 0! 0" 0(
#2027500 1&
#2028250 0)
#2028500 1" 0# 0% 0& 1(
#2028750 0*
#2029125 1-
#2029750 1*
#2030000 1)
#2030250 1& 0' 0(
#2031125 0)
#2031375 1! 1# 1%
#2031625 0*
#2032625 1*
#2032750 1)
#2033000 0&
#2033125 0$ 1' 1(
#2033875 0)
#2034125 0! 0" 1$ 0% 1& 0'
#2034375 0*
#2035375 1*
#2035625 1)
#2035750 0-
#2036000 1! 1" 1% 1'
#2036750 0)
#2036875 0"
#2037000 0$
#2037250 0*
#2038250 1*
#2038375 1)
#2038625 0'
#2038750 1" 1$ 0& 0(
#2039500 0)
#2039750 1' 1(
#2040000 0+
#2041000 1+
#2041250 1)
#2042375 0!
#2042500 0" 1& 0(
#2043250 0)
#2043500 1! 1" 0# 0% 0& 1(
#2043750 0*
#2044125 1-
#2044750 1*
#2045000 1)
#2045375 1# 1% 1&
#2046125 0)
#2047875 1)
#2048125 0$ 0&
#2048875 0)
#2049125 0! 0" 0# 1& 0'
#2049375 0*
#2050375 1*
#2050625 1)
#2050750 0-
#2051000 1! 1" 1# 1$ 1'
#2051750 0)
#2052000 0"
#2052250 0*
#2053250 1*
#2053500 1)
#2053750 1" 0& 0' 0(
#2054500 0)
#2054875 1' 1(
#2055125 0+
#2056125 1+
#2056250 1)
#2057500 0! 0" 1& 0(
#2058250 0)
#2058500 0% 0&
#2058625 1(
#2058750 0*
#2059125 1-
#2059875 1*
#2060000 1)
#2060375 1! 1" 1% 1&
#2061125 0)
#2062875 1)
#2063125 0$ 0&
#2064000 0)
#2064125 0! 0" 0'
#2064250 1&
#2064375 0*
#2065500 1*
#2065625 1)
#2065750 0-
#2066000 1! 1" 1$ 1'
#2066750 0)
#2067000 0" 0$ 0%
#2067250 0*
#2068250 1*
#2068500 1)
#2068750 1" 1$ 1% 0& 0' 0(
#2069625 0)
#2069875 1' 1(
#2070125 0+
#2071125 1+
#2071250 1)
#2072500 0! 0" 1& 0(
#2073375 0)
#2073500 0% 0&
#2073625 1! 1(
#2073875 0*
#2074125 1-
#2074875 1*
#2075000 1)
#2075375 1" 1% 1&
#2076125 0)
#2077875 1)
#2078125 0$ 0&
#2079000 0)
#2079125 0! 0" 0#
#2079250 1$ 1& 0'
#2079500 0*
#2080500 1*
#2080625 1)
#2080750 0-
#2081000 1! 1" 1# 1'
#2081750 0)
#2082000 0" 0%
#2082250 0*
#2083250 1*
#2083500 1)
#2083750 0& 0' 0(
#2083875 1" 1%
#2084625 0)
#2084875 1' 1(
#2085125 0+
#2086125 1+
#2086250 1)
#2087500 0! 0" 1& 0(
#2088375 0)
#2088500 0&
#2088625 1" 0% 1(
#2088875 0*
#2089125 1-
#2089875 1*
#2090125 1)
#2090250 0(
#2090375 1! 0# 1& 0'
#2091125 0)
#2091500 1# 1%
#2091625 0+
#2092750 1+
#2092875 1)
#2093125 0$ 0& 1(
#2093250 1'
#2094000 0)
#2094125 0!
#2094250 0" 1$ 1& 0'
#2094500 0*
#2095500 1*
#2095750 1)
#2095875 0-
#2096000 1! 1" 1'
#2096750 0)
#2097000 0" 0$
#2097250 0*
#2098250 1*
#2098500 1)
#2098750 0& 0' 0(
#2098875 1" 1$
#2099625 0)
#2099875 1' 1(
#2100125 0+
#2101125 1+
#2101375 1)
#2102500 0! 0" 0(
#2102625 1&
#2103375 0)
#2103500 0&
#2103625 1! 1" 0% 1(
#2103875 0*
#2104250 1-
#2104875 1*
#2105125 1)
#2105375 1% 1&
#2106125 0)
#2107875 1)
#2108125 0$ 0&
#2109000 0)
#2109250 0! 0" 0# 0%
#2109500 0*
#2110500 1*
#2110750 1)
#2110875 0-
#2111000 1! 1" 1# 1% 1&
#2111125 1$
#2111875 0)
#2112000 0"
#2112250 0*
#2113375 1*
#2113500 1)
#2113750 0& 0' 0(
#2113875 1"
#2114625 0)
#2114875 1' 1(
#2115125 0+
#2116125 1+
#2116375 1)
#2117500 0! 0" 0(
#2117625 1&
#2118375 0)
#2118625 0# 0$ 0& 1(
#2118875 0*
#2119250 1-
#2119875 1*
#2120125 1)
#2120375 1! 1# 1&
#2120500 1" 1$
#2121250 0)
#2122875 1)
#2123125 0$ 0&
#2124000 0)
#2124250 0! 0" 0%
#2124500 0*
#2125500 1*
#2125750 1)
#2125875 0-
#2126000 1!
#2126125 1" 1$ 1% 1&
#2126875 0)
#2127000 0" 0$ 0%
#2127375 0*
#2128375 1*
#2128500 1)
#2128750 0& 0' 0(
#2128875 1" 1$ 1%
#2129625 0)
#2129875 1' 1(
#2130125 0+
#2131125 1+
#2131375 1)
#2132500 0! 0" 0(
#2132625 1&
#2133375 0)
#2133625 1! 0# 0$ 0& 1(
#2133875 0*
#2134250 1-
#2134875 1*
#2135125 1)
#2135375 1&
#2135500 1" 1# 1$
#2136250 0)
#2137875 1)
#2138125 0$ 0&
#2139000 0)
#2139250 0! 0" 0# 1$ 0%
#2139500 0*
#2140500 1*
#2140750 1)
#2140875 0-
#2141000 1!
#2141125 1" 1# 1% 1&
#2141875 0)
#2142000 0" 0%
#2142375 0*
#2143375 1*
#2143500 1)
#2143750 0& 0' 0(
#2143875 1" 1%
#2144625 0)
#2144875 1' 1(
#2145125 0+
#2146125 1+
#2146375 1)
#2147500 0! 0" 0(
#2147625 1&
#2148375 0)
#2148625 1" 0# 0$ 0& 1(
#2148875 0*
#2149250 1-
#2149875 1*
#2150125 1)
#2150375 0" 1# 1$ 0% 1& 0' 0(
#2151250 0)
#2151500 1! 1" 1%
#2151750 0*
#2152750 1*
#2152875 1)
#2153125 0$ 0&
#2153250 1' 1(
#2154000 0)
#2154250 0! 0" 1$ 0%
#2154500 0*
#2155500 1*
#2155750 1)
#2155875 0-
#2156000 1!
#2156125 1" 1% 1&
#2156875 0)
#2157000 0" 0$
#2157375 0*
#2158375 1*
#2158500 1)
#2158750 0& 0' 0(
#2158875 1" 1$
#2159625 0)
#2159875 1' 1(
#2160125 0+
#2161125 1+
#2161375 1)
#2162500 0! 0" 0(
#2162625 1&
#2163375 0)
#2163625 1! 1" 0# 0$ 0& 1(
#2163875 0*
#2164250 1-
#2164875 1*
#2165125 1)
#2165375 1$ 1&
#2165500 1#
#2166250 0)
#2167875 1)
#2168125 0$ 0&
#2169000 0)
#2169250 0! 0" 0#
#2169500 0*
#2170500 1*
#2170750 1)
#2170875 0-
#2171000 1! 1" 1# 1&
#2171125 1$
#2171875 0)
#2172000 0"
#2172250 0*
#2173375 1*
#2173500 1)
#2173750 0& 0' 0(
#2173875 1"
#2174625 0)
#2174875 1' 1(
#2175125 0+
#2176125 1+
#2176375 1)
#2177500 0! 0" 0(
#2177625 1&
#2178375 0)
#2178625 0$ 0& 1(
#2178875 0*
#2179250 1-
#2179875 1*
#2180125 1)
#2180375 1! 1" 1$ 1&
#2181250 0)
#2182875 1)
#2183125 0$ 0&
#2184000 0)
#2184125 0!
#2184250 0"
#2184500 0*
#2185500 1*
#2185750 1)
#2185875 0-
#2186000 1! 1" 1$ 1&
#2186750 0)
#2187000 0" 0$ 0%
#2187250 0*
#2188250 1*
#2188500 1)
#2188750 0& 0' 0(
#2188875 1" 1$ 1%
#2189625 0)
#2189875 1' 1(
#2190125 0+
#2191125 1+
#2191375 1)
#2192500 0! 0" 0(
#2192625 1&
#2193375 0)
#2193500 0&
#2193625 1! 0$ 1(
#2193875 0*
#2194125 1-
#2194875 1*
#2195125 1)
#2195375 1" 1$ 1&
#2196125 0)
#2197875 1)
#2198125 0$ 0&
#2199000 0)
#2199125 0! 0"
#2199250 0# 1$
#2199500 0*
#2200500 1*
#2200750 1) 0-
#2201000 1! 1" 1# 1&
#2201750 0)
#2202000 0" 0%
#2202250 0*
#2203250 1*
#2203500 1)
#2203750 0& 0' 0(
#2203875 1" 1%
#2204625 0)
#2204875 1' 1(
#2205125 0+
#2206125 1+
#2206250 1)
#2207500 0! 0" 1& 0(
#2207750 0/
#2208375 0)
#2208500 0&
#2208625 1" 0$ 1(
#2208875 0*
#2209125 1-
#2209875 1*
#2210000 1)
#2210250 0(
#2210375 1! 0" 1$ 0% 1& 0'
#2211125 0)
#2211375 1" 1%
#2211625 0+
#2212625 1+
#2212875 1)
#2213125 0$ 0& 1' 1(
#2214000 0)
#2214125 0! 0"
#2214250 1$
#2214500 0*
#2214750 1/
#2215500 1*
#2215625 1)
#2215750 0-
#2216000 1! 1" 1&
#2216750 0)
#2217000 0" 0$
#2217250 0*
#2218250 1*
#2218500 1)
#2218750 1" 1$ 0& 0' 0(
#2219625 0)
#2219875 1' 1(
#2220125 0+
#2221125 1+
#2221250 1)
#2222500 0! 0" 1& 0(
#2223375 0)
#2223500 0$ 0&
#2223625 1! 1" 1(
#2223875 0*
#2224125 1-
#2224875 1*
#2225000 1)
#2225375 1$ 1&
#2226125 0)
#2227875 1)
#2228125 0$ 0&
#2229000 0)
#2229125 0! 0" 0# 0%
#2229250 1&
#2229500 0*
#2230500 1*
#2230625 1)
#2230750 0-
#2231000 1! 1" 1# 1$ 1%
#2231750 0)
#2232000 0"
#2232250 0*
#2233250 1*
#2233500 1)
#2233750 1" 0& 0' 0(
#2234625 0)
#2234875 1' 1(
#2235125 0+
#2236125 1+
#2236250 1)
#2237500 0! 0" 1& 0(
#2238250 0)
#2238500 0# 0&
#2238625 1(
#2238750 0*
#2239125 1-
#2239875 1*
#2240000 1)
#2240375 1! 1" 1# 1&
#2241125 0)
#2242875 1)
#2243125 0$ 0&
#2243875 0)
#2244125 0! 0" 0%
#2244250 1&
#2244375 0*
#2245375 1*
#2245625 1)
#2245750 0-
#2246000 1! 1" 1$ 1%
#2246750 0)
#2247000 0" 0$ 0%
#2247250 0*
#2248250 1*
#2248500 1)
#2248750 1" 1$ 1% 0& 0' 0(
#2249500 0)
#2249875 1' 1(
#2250125 0+
#2251125 1+
#2251250 1)
#2252500 0! 0" 1& 0(
#2253250 0)
#2253500 1! 0# 0& 1(
#2253750 0*
#2254125 1-
#2254750 1*
#2255000 1)
#2255375 1" 1# 1&
#2256125 0)
#2257875 1)
#2258125 0$ 0&
#2258875 0)
#2259125 0! 0" 0# 0% 1&
#2259250 1$
#2259375 0*
#2260375 1*
#2260625 1)
#2260750 0-
#2261000 1! 1" 1# 1%
#2261750 0)
#2261875 0" 0%
#2262250 0*
#2263250 1*
#2263375 1)
#2263750 1" 1% 0& 0' 0(
#2264500 0)
#2264750 1' 1(
#2265000 0+
#2266000 1+
#2266250 1)
#2267375 0! 0"
#2267500 1& 0(
#2268250 0)
#2268500 1" 0# 0& 1(
#2268750 0*
#2269125 1-
#2269750 1*
#2270000 1)
#2270250 0% 0' 0(
#2270375 1# 1&
#2271125 0)
#2271375 1! 1%
#2271625 0*
#2272000 0/
#2272625 1*
#2272750 1)
#2273000 0&
#2273125 0$ 1' 1(
#2273875 0)
#2274125 0! 0" 1$ 0% 1&
#2274375 0*
#2275375 1*
#2275625 1)
#2275750 0-
#2275875 1!
#2276000 1" 1%
#2276750 0)
#2276875 0" 0$
#2277250 0*
#2278250 1*
#2278375 1)
#2278625 0& 0' 0(
#2278750 1" 1$
#2279000 1/
#2279500 0)
#2279750 1' 1(
#2280000 0+
#2281000 1+
#2281250 1)
#2282375 0! 0" 0(
#2282500 1&
#2283250 0)
#2283500 1! 1" 0# 0& 1(
#2283750 0*
#2284125 1-
#2284750 1*
#2285000 1)
#2285250 1&
#2285375 1#
#2286125 0)
#2287750 1)
#2288000 0$ 0&
#2288875 0)
#2289125 0! 0" 0# 1&
#2289375 0*
#2290375 1*
#2290625 1)
#2290750 0-
#2290875 1! 1" 1#
#2291000 1$
#2291750 0)
#2291875 0"
#2292250 0*
#2293250 1*
#2293375 1)
#2293625 0& 0' 0(
#2293750 1"
#2294500 0)
#2294750 1' 1(
#2295000 0+
#2296000 1+
#2296250 1)
#2297375 0! 0" 0(
#2297500 1&
#2298250 0)
#2298500 0& 1(
#2298750 0*
#2299125 1-
#2299750 1*
#2300000 1)
#2300250 1! 1" 1&
#2301125 0)
#2302750 1)
#2303000 0$ 0&
#2303875 0)
#2304000 0!
#2304125 0" 1&
#2304375 0*
#2305375 1*
#2305625 1)
#2305750 0-
#2305875 1! 1" 1$
#2306625 0)
#2306875 0" 0$ 0%
#2307125 0*
#2308250 1*
#2308375 1)
#2308625 0& 0' 0(
#2308750 1" 1$ 1%
#2309500 0)
#2309750 1' 1(
#2310000 0+
#2311000 1+
#2311250 1)
#2312375 0! 0" 0(
#2312500 1&
#2313250 0)
#2313375 0&
#2313500 1! 1(
#2313750 0*
#2314000 1-
#2314750 1*
#2315000 1)
#2315250 1" 1&
#2316000 0)
#2317750 1)
#2318000 0$ 0&
#2318875 0)
#2319125 0! 0" 0# 1$ 1&
#2319375 0*
#2320375 1*
#2320625 1)
#2320750 0-
#2320875 1! 1" 1#
#2321625 0)
#2321875 0" 0%
#2322125 0*
#2323125 1*
#2323375 1)
#2323625 0& 0' 0(
#2323750 1" 1%
#2324500 0)
#2324750 1' 1(
#2325000 0+
#2326000 1+
#2326250 1)
#2327375 0! 0" 0(
#2327500 1&
#2328250 0)
#2328375 0&
#2328500 1" 1(
#2328750 0*
#2329000 1-
#2329750 1*
#2330000 1)
#2330250 1! 0% 1& 0' 0(
#2331000 0)
#2331375 1%
#2331625 0+
#2332625 1+
#2332750 1)
#2333000 0$ 0&
#2333125 1' 1(
#2333875 0)
#2334000 0!
#2334125 0" 1$ 1&
#2334375 0*
#2335375 1*
#2335625 1)
#2335750 0-
#2335875 1! 1"
#2336250 0/
#2336625 0)
#2336875 0" 0$
#2337125 0*
#2338125 1*
#2338375 1)
#2338625 0& 0' 0(
#2338750 1" 1$
#2339500 0)
#2339750 1' 1(
#2340000 0+
#2341000 1+
#2341250 1)
#2342375 0! 0" 0(
#2342500 1&
#2343250 0) 1/
#2343375 0&
#2343500 1! 1" 1(
#2343750 0*
#2344000 1-
#2344750 1*
#2345000 1)
#2345250 1&
#2346000 0)
#2347750 1)
#2348875 0)
#2349375 0+
#2350375 1+
#2350625 1)
#2350750 0-
#2351625 0)
#2351875 0"
#2352125 0*
#2353125 1*
#2353375 1)
#2353625 0& 0' 0(
#2353750 1"
#2354500 0)
#2354750 1' 1(
#2355000 0+
#2356000 1+
#2356250 1)
#2359000 1-
#2359250 0$
#2360125 0)
#2360375 0! 0" 0#
#2360625 0*
#2361625 1*
#2362250 1!
#2362500 0*
#2363500 1*
#2364000 0!
#2364125 1"
#2364375 0*
#2365375 1*
#2366000 1!
#2366250 0*
#2367250 1*
#2367750 0!
#2367875 0" 1# 1$ 1&
#2368125 0*
#2369125 1*
#2369750 0&
#2370000 0*
#2371000 1*
#2371250 1)
#2371500 1! 1" 1&
#2372375 0)
#2374000 1)
#2374250 0! 0# 0&
#2375125 0)
#2375375 1! 0" 1# 0$ 0% 0'
#2375625 0*
#2376625 1*
#2377250 1%
#2377500 0*
#2378500 1*
#2378750 1)
#2379000 1'
#2379125 1"
#2379875 0)
#2380000 0"
#2380125 1&
#2380375 0*
#2381375 1*
#2381500 1)
#2381750 0# 0&
#2381875 1$
#2382625 0)
#2382875 0$ 0% 0'
#2383125 0*
#2384125 1*
#2384750 1%
#2385000 0*
#2386000 1*
#2386250 1)
#2386500 1'
#2386625 1" 1#
#2387375 0)
#2387500 0" 0#
#2387625 1&
#2387875 0*
#2388875 1*
#2389000 1)
#2389250 0&
#2389375 1" 1#
#2390125 0)
#2390375 0! 0"
#2390625 0*
#2391625 1*
#2392250 1!
#2392500 0*
#2393500 1*
#2394125 0! 1"
#2394375 0*
#2395375 1*
#2396000 1!
#2396250 0*
#2397250 1*
#2397875 0! 0" 1$ 1&
#2398125 0*
#2399125 1*
#2400250 1!
#2400500 0* 0/
#2401500 1*
#2401750 1)
#2402000 1"
#2402875 0)
#2404500 1)
#2404750 0! 0# 0&
#2405625 0)
#2405875 1! 0" 1# 0$ 0% 1& 0'
#2406125 0*
#2407125 1*
#2407500 1/
#2407750 1%
#2408000 0*
#2409000 1*
#2409250 1)
#2409500 0& 1'
#2409625 1"
#2410375 0)
#2410500 0"
#2410625 1&
#2410875 0*
#2411875 1*
#2412000 1)
#2412250 0! 0# 0&
#2412375 1$
#2413125 0)
#2413375 0$ 0% 0'
#2413625 0*
#2414625 1*
#2415250 1%
#2415500 0*
#2416500 1*
#2416750 1)
#2417125 1! 1" 1# 1'
#2417875 0)
#2418000 0! 0" 0#
#2418125 1&
#2418375 0*
#2419375 1*
#2419500 1)
#2419750 0&
#2419875 1! 1" 1#
#2420625 0)
#2420875 0! 0" 0# 1$
#2421125 0*
#2422125 1*
#2422750 1!
#2423000 0*
#2424000 1*
#2424625 0! 1"
#2424875 0*
#2425875 1*
#2426500 1!
#2426750 0*
#2427750 1*
#2428375 0! 0" 1&
#2428500 1#
#2428625 0*
#2429625 1*
#2430250 1!
#2430500 0*
#2431500 1*
#2431750 1)
#2432125 1"
#2432875 0)
#2434625 1)
#2434875 0! 0# 0&
#2435625 0)
#2435875 0" 0$ 0%
#2436000 1! 1#
#2436125 0*
#2437125 1*
#2437875 1%
#2438000 0*
#2439125 1*
#2439250 1)
#2439625 1"
#2440375 0)
#2440625 0" 1&
#2440875 0*
#2441875 1*
#2442125 1)
#2442375 0! 0# 1$ 0&
#2443250 0)
#2443375 0% 0'
#2443500 1! 1" 1#
#2443625 0*
#2444750 1*
#2445375 1%
#2445500 0*
#2446625 1*
#2446750 1)
#2447000 0$
#2447125 1'
#2447875 0)
#2448125 1$ 1&
#2448375 0*
#2449375 1*
#2449625 1)
#2449875 0$ 0&
#2450750 0)
#2450875 0! 0"
#2451000 1$
#2451250 0*
#2452250 1*
#2452875 1!
#2453125 0*
#2454125 1*
#2454625 0!
#2454750 1"
#2455000 0*
#2456000 1*
#2456625 1!
#2456875 0*
#2457875 1*
#2458375 0! 0"
#2458500 1&
#2458750 0*
#2459750 1*
#2460375 1!
#2460625 0*
#2461625 1*
#2461750 1)
#2462125 1"
#2462875 0)
#2464625 1)
#2464875 0! 0# 0& 0/
#2465750 0)
#2465875 0" 0$ 0%
#2466000 1! 1# 1&
#2466250 0*
#2467250 1*
#2467875 1%
#2468125 0*
#2469125 1*
#2469375 1)
#2469625 1" 0&
#2470375 0)
#2470625 0" 1&
#2470875 0*
#2471875 1* 1/
#2472125 1)
#2472375 0! 0# 0&
#2472500 1$
#2473250 0)
#2473500 1" 1# 0% 0'
#2473750 0*
#2474750 1*
#2475375 1%
#2475625 0*
#2476625 1*
#2476875 1)
#2477125 1! 0$ 1'
#2477875 0)
#2478125 0!
#2478250 1$ 1&
#2478375 0*
#2479375 1*
#2479625 1)
#2495000 1!
#2495750 0)
#2497500 1)
#2499500 0)
#2501250 1)
#2503250 0)
#2503750 0+
#2504750 1+
#2505000 1)
#2506125 0)
#2507750 1)
#2508125 0$ 0&
#2508875 0)
#2509125 0! 0" 0# 0% 0'
#2509375 0*
#2510375 1*
#2510625 1)
#2511000 1! 1" 1# 1$ 1% 1& 1'
#2511750 0)
#2512250 0+
#2513250 1+
#2513500 1)
#2514500 0)
#2515000 0+
#2516125 1+
#2516250 1)
#2517500 0! 0" 0(
#2518250 0)
#2518500 0# 0$ 0% 0& 1(
#2518750 0*
#2519750 1*
#2520000 1)
#2520375 1! 1" 1# 1$ 1% 1&
#2521125 0)
#2522875 1)
#2523125 0$ 0&
#2523875 0)
#2524125 0! 0" 0% 0'
#2524375 0*
#2525375 1*
#2525625 1)
#2525750 0-
#2526000 1! 1" 1$ 1% 1& 1'
#2526750 0)
#2527000 0! 0$ 0%
#2527250 0*
#2528250 1*
#2528500 1)
#2528750 1! 1$ 1% 0& 0' 0(
#2529125 0/
#2529500 0)
#2529875 1' 1(
#2530125 0+
#2531125 1+
#2531250 1)
#2532500 0! 0" 1& 0(
#2533250 0)
#2533500 0# 0$ 0% 0& 1(
#2533625 1!
#2533750 0*
#2534125 1-
#2534875 1*
#2535000 1)
#2535375 1" 1# 1$ 1% 1&
#2536125 0) 1/
#2537875 1)
#2538125 0$ 0&
#2539000 0)
#2539125 0! 0" 0# 0% 0'
#2539250 1$
#2539375 0*
#2540500 1*
#2540625 1)
#2540750 0-
#2541000 1! 1" 1# 1% 1& 1'
#2541750 0)
#2542000 0! 0%
#2542250 0*
#2543250 1*
#2543500 1)
#2543750 1! 1% 0& 0' 0(
#2544625 0)
#2544875 1' 1(
#2545125 0+
#2546125 1+
#2546250 1)
#2547500 0! 0" 1& 0(
#2548375 0)
#2548500 0# 0$ 0% 0&
#2548625 1" 1(
#2548875 0*
#2549125 1-
#2549875 1*
#2550000 1)
#2550250 0" 0' 0(
#2550375 1% 1&
#2551125 0)
#2551375 1! 1" 1# 1$
#2551625 0*
#2552625 1*
#2552875 1)
#2553125 0$ 0& 1' 1(
#2554000 0)
#2554125 0! 0" 0% 0'
#2554250 1$
#2554500 0*
#2555500 1*
#2555625 1)
#2555750 0-
#2556000 1! 1" 1% 1& 1'
#2556750 0)
#2557000 0! 0$
#2557250 0*
#2558250 1*
#2558500 1)
#2558750 1! 1$ 0& 0' 0(
#2559625 0)
#2559875 1' 1(
#2560125 0+
#2561125 1+
#2561250 1)
#2562500 0! 0" 1& 0(
#2563375 0)
#2563500 0# 0$ 0% 0&
#2563625 1! 1" 1(
#2563875 0*
#2564125 1-
#2564875 1*
#2565000 1)
#2565375 1# 1$ 1% 1&
#2566125 0)
#2567875 1)
#2568125 0$ 0&
#2569000 0)
#2569125 0! 0" 0# 0'
#2569500 0*
#2570500 1*
#2570625 1)
#2570750 0-
#2571000 1! 1" 1# 1$ 1& 1'
#2571750 0)
#2572000 0!
#2572250 0*
#2573250 1*
#2573500 1)
#2573750 1! 0& 0' 0(
#2574625 0)
#2574875 1' 1(
#2575125 0+
#2576125 1+
#2576250 1)
#2577500 0! 0" 1& 0(
#2578375 0)
#2578500 0$ 0% 0&
#2578625 1(
#2578875 0*
#2579125 1-
#2579875 1*
#2580000 1)
#2580375 1! 1" 1$ 1% 1&
#2581125 0)
#2582875 1)
#2583125 0$ 0&
#2584000 0)
#2584125 0! 0" 0'
#2584500 0*
#2585500 1*
#2585625 1)
#2585750 0-
#2586000 1! 1" 1$ 1& 1'
#2586750 0)
#2587000 0! 0$ 0%
#2587250 0*
#2588250 1*
#2588500 1)
#2588750 1! 1$ 1% 0& 0' 0(
#2589625 0)
#2589875 1' 1(
#2590125 0+
#2591125 1+
#2591250 1)
#2592500 0! 0" 1& 0(
#2593375 0) 0/
#2593500 0$ 0% 0&
#2593625 1! 1(
#2593875 0*
#2594125 1-
#2594875 1*
#2595000 1)
#2595375 1" 1$ 1% 1&
#2596125 0)
#2597875 1)
#2598125 0$ 0&
#2599000 0)
#2599125 0! 0" 0# 0'
#2599250 1$
#2599375 0*
#2600375 1/
#2600500 1*
#2600625 1)
#2600750 0-
#2601000 1! 1" 1# 1& 1'
#2601750 0)
#2602000 0! 0%
#2602250 0*
#2603250 1*
#2603500 1)
#2603750 1! 1% 0& 0' 0(
#2604625 0)
#2604875 1' 1(
#2605125 0+
#2606125 1+
#2606250 1)
#2607500 0! 0" 1& 0(
#2608375 0)
#2608500 0$ 0% 0&
#2608625 1" 1(
#2608750 0*
#2609125 1-
#2609875 1*
#2610000 1)
#2610250 0" 0# 0' 0(
#2610375 1! 1% 1&
#2611125 0)
#2611375 1" 1# 1$
#2611625 0+
#2612625 1+
#2612875 1)
#2613125 0$ 0& 1' 1(
#2614000 0)
#2614125 0! 0" 0'
#2614250 1$
#2614375 0*
#2615500 1*
#2615625 1)
#2615750 0-
#2616000 1! 1" 1& 1'
#2616750 0)
#2617000 0! 0$
#2617250 0*
#2618250 1*
#2618500 1)
#2618750 1! 1$ 0& 0' 0(
#2619500 0)
#2619875 1' 1(
#2620125 0+
#2621125 1+
#2621250 1)
#2622500 0! 0" 1& 0(
#2623250 0)
#2623500 1! 0$ 0% 0& 1(
#2623625 1"
#2623750 0*
#2624125 1-
#2624750 1*
#2625000 1)
#2625375 1$ 1% 1&
#2626125 0)
#2627875 1)
#2628125 0$ 0&
#2628875 0)
#2629125 0! 0" 0# 0% 1& 0'
#2629375 0*
#2630375 1*
#2630625 1)
#2630750 0-
#2631000 1! 1" 1# 1$ 1% 1'
#2631750 0)
#2631875 0!
#2632250 0*
#2633250 1*
#2633500 1)
#2633750 1! 0& 0' 0(
#2634500 0)
#2634750 1(
#2634875 1'
#2635000 0+
#2636125 1+
#2636250 1)
#2637375 0!
#2637500 0" 1& 0(
#2638250 0)
#2638500 0# 0% 0& 1(
#2638750 0*
#2639125 1-
#2639750 1*
#2640000 1)
#2640375 1! 1" 1# 1% 1&
#2641125 0)
#2642750 1)
#2643125 0$ 0&
#2643875 0)
#2644125 0! 0" 0% 1& 0'
#2644375 0*
#2645375 1*
#2645625 1)
#2645750 0-
#2646000 1! 1" 1$ 1% 1'
#2646750 0)
#2646875 0! 0$ 0%
#2647250 0*
#2648250 1*
#2648375 1)
#2648625 0'
#2648750 1! 1$ 1% 0& 0(
#2649500 0)
#2649750 1' 1(
#2650000 0+
#2651000 1+
#2651250 1)
#2652375 0! 0(
#2652500 0" 1&
#2653250 0)
#2653500 1! 0# 0% 0& 1(
#2653750 0*
#2654125 1-
#2654750 1*
#2655000 1)
#2655375 1" 1# 1% 1&
#2656125 0)
#2657625 0/
#2657750 1)
#2658000 0&
#2658125 0$
#2658875 0)
#2659125 0! 0" 0# 1$ 0% 1& 0'
#2659375 0*
#2660375 1*
#2660625 1)
#2660750 0-
#2661000 1! 1" 1# 1% 1'
#2661750 0)
#2661875 0! 0%
#2662250 0*
#2663250 1*
#2663375 1)
#2663625 0& 0' 0(
#2663750 1! 1%
#2664500 0)
#2664750 1' 1( 1/
#2665000 0+
#2666000 1+
#2666250 1)
#2667375 0! 0" 0(
#2667500 1&
#2668250 0)
#2668500 1" 0# 0% 0& 1(
#2668750 0*
#2669125 1-
#2669750 1*
#2670000 1)
#2670250 0$ 1% 1& 0' 0(
#2671125 0)
#2671375 1! 1# 1$
#2671625 0*
#2672625 1*
#2672750 1)
#2673000 0$ 0&
#2673125 1' 1(
#2673875 0)
#2674125 0! 0" 1$ 0% 1& 0'
#2674375 0*
#2675375 1*
#2675625 1)
#2675750 0-
#2675875 1! 1" 1% 1'
#2676750 0)
#2676875 0! 0$
#2677125 0*
#2678250 1*
#2678375 1)
#2678625 0& 0' 0(
#2678750 1! 1$
#2679500 0)
#2679750 1' 1(
#2680000 0+
#2681000 1+
#2681250 1)
#2682375 0! 0" 0(
#2682500 1&
#2683250 0)
#2683375 0&
#2683500 1! 1" 0# 0% 1(
#2683750 0*
#2684000 1-
#2684750 1*
#2685000 1)
#2685250 1# 1% 1&
#2686000 0)
#2687750 1)
#2688000 0$ 0&
#2688875 0)
#2689125 0! 0" 0# 1& 0'
#2689375 0*
#2690375 1*
#2690625 1)
#2690750 0-
#2690875 1! 1" 1# 1$ 1'
#2691625 0)
#2691875 0!
#2692125 0*
#2693125 1*
#2693375 1)
#2693625 1! 0& 0' 0(
#2694500 0)
#2694750 1' 1(
#2695000 0+
#2696000 1+
#2696250 1)
#2697375 0! 0" 0(
#2697500 1&
#2698250 0)
#2698375 0&
#2698500 0% 1(
#2698750 0*
#2699000 1-
#2699750 1*
#2700000 1)
#2700250 1! 1" 1% 1&
#2701000 0)
#2702750 1)
#2703000 0$ 0&
#2703875 0)
#2704000 0! 0"
#2704125 1& 0'
#2704375 0*
#2705375 1*
#2705500 1)
#2705625 0-
#2705875 1! 1" 1$ 1'
#2706625 0)
#2706875 0! 0$ 0%
#2707125 0*
#2708125 1*
#2708375 1)
#2708625 1! 0& 0' 0(
#2708750 1$ 1%
#2709500 0)
#2709750 1' 1(
#2710000 0+
#2711000 1+
#2711125 1)
#2712375 0! 0" 1& 0(
#2713250 0)
#2713375 0% 0&
#2713500 1! 1(
#2713750 0*
#2714000 1-
#2714750 1*
#2714875 1)
#2715250 1" 1% 1&
#2716000 0)
#2717750 1)
#2718000 0$ 0&
#2718875 0)
#2719000 0! 0" 0#
#2719125 1$ 1& 0'
#2719375 0*
#2720375 1*
#2720500 1)
#2720625 0-
#2720875 1! 1" 1# 1'
#2721625 0)
#2721875 0! 0%
#2722000 0/
#2722125 0*
#2723125 1*
#2723375 1)
#2723625 1! 1% 0& 0' 0(
#2724500 0)
#2724750 1' 1(
#2725000 0+
#2726000 1+
#2726125 1)
#2727375 0! 0" 1& 0(
#2728250 0)
#2728375 0% 0&
#2728500 1" 1(
#2728750 0*
#2729000 1- 1/
#2729750 1*
#2729875 1)
#2730125 0# 0$ 0' 0(
#2730250 1! 1% 1&
#2731000 0)
#2731250 1# 1$
#2731500 0+
#2732500 1+
#2732750 1)
#2733000 0$ 0& 1' 1(
#2733875 0)
#2734000 0! 0" 0'
#2734125 1$ 1&
#2734375 0*
#2735375 1*
#2735500 1)
#2735625 0-
#2735875 1! 1" 1'
#2736625 0)
#2736875 0! 0$
#2737125 0*
#2738125 1*
#2738375 1)
#2738625 1! 1$ 0& 0' 0(
#2739500 0)
#2739750 1' 1(
#2740000 0+
#2741000 1+
#2741125 1)
#2742375 0! 0" 1& 0(
#2743250 0)
#2743375 0% 0&
#2743500 1! 1" 1(
#2743750 0*
#2744000 1-
#2744750 1*
#2744875 1)
#2745250 1% 1&
#2746000 0)
#2747750 1)
#2748000 0$ 0&
#2748875 0)
#2749000 0! 0" 0# 0%
#2749250 0*
#2750375 1*
#2750500 1)
#2750625 0-
#2750875 1! 1" 1# 1$ 1% 1&
#2751625 0)
#2751875 0!
#2752125 0*
#2753125 1*
#2753375 1)
#2753625 1! 0& 0' 0(
#2754500 0)
#2754750 1' 1(
#2755000 0+
#2756000 1+
#2756125 1)
#2757375 0! 0" 1& 0(
#2758250 0)
#2758375 0# 0$ 0&
#2758500 1(
#2758750 0*
#2759000 1-
#2759750 1*
#2759875 1)
#2760250 1! 1" 1# 1$ 1&
#2761000 0)
#2762750 1)
#2763000 0$ 0&
#2763875 0)
#2764000 0! 0" 0%
#2764250 0*
#2765375 1*
#2765500 1)
#2765625 0-
#2765875 1! 1" 1$ 1% 1&
#2766625 0)
#2766875 0! 0$ 0%
#2767125 0*
#2768125 1*
#2768375 1)
#2768625 1! 1$ 1% 0& 0' 0(
#2769500 0)
#2769750 1' 1(
#2770000 0+
#2771000 1+
#2771125 1)
#2772375 0! 0" 1& 0(
#2773250 0)
#2773375 0# 0$ 0&
#2773500 1! 1(
#2773625 0*
#2774000 1-
#2774750 1*
#2774875 1)
#2775250 1" 1# 1$ 1&
#2776000 0)
#2777750 1)
#2778000 0$ 0&
#2778875 0)
#2779000 0! 0" 0# 0%
#2779125 1$
#2779250 0*
#2780375 1*
#2780500 1)
#2780625 0-
#2780875 1! 1" 1# 1% 1&
#2781625 0)
#2781875 0! 0%
#2782125 0*
#2783125 1*
#2783375 1)
#2783625 1! 1% 0& 0' 0(
#2784500 0)
#2784750 1' 1(
#2785000 0+
#2786000 1+
#2786125 1)
#2786250 0/
#2787375 0! 0" 1& 0(
#2788250 0)
#2788375 0# 0$ 0&
#2788500 1" 1(
#2788750 0*
#2789000 1-
#2789750 1*
#2789875 1)
#2790125 0" 0' 0(
#2790250 1# 1&
#2791000 0)
#2791250 1! 1" 1$
#2791500 0*
#2792500 1*
#2792750 1)
#2793000 0$ 0& 1' 1(
#2793250 1/
#2793875 0)
#2794000 0! 0" 0%
#2794125 1$
#2794375 0*
#2795375 1*
#2795500 1)
#2795625 0-
#2795875 1! 1" 1% 1&
#2796625 0)
#2796875 0! 0$
#2797125 0*
#2798125 1*
#2798375 1)
#2798625 1! 1$ 0& 0' 0(
#2799500 0)
#2799750 1' 1(
#2800000 0+
#2801000 1+
#2801125 1)
#2802375 0! 0" 1& 0(
#2803250 0)
#2803375 0# 0$ 0&
#2803500 1! 1" 1(
#2803750 0*
#2804000 1-
#2804750 1*
#2804875 1)
#2805250 1# 1$ 1&
#2806000 0)
#2807750 1)
#2808000 0$ 0&
#2808875 0)
#2809000 0! 0" 0#
#2809375 0*
#2810375 1*
#2810500 1)
#2810625 0-
#2810875 1! 1" 1# 1$ 1&
#2811625 0)
#2811875 0!
#2812125 0*
#2813125 1*
#2813375 1)
#2813625 1! 0& 0' 0(
#2814500 0)
#2814750 1' 1(
#2815000 0+
#2816000 1+
#2816125 1)
#2817375 0! 0" 1& 0(
#2818250 0)
#2818375 0$ 0&
#2818500 1(
#2818750 0*
#2819000 1-
#2819750 1*
#2819875 1)
#2820250 1! 1" 1$ 1&
#2821000 0)
#2822750 1)
#2823000 0$ 0&
#2823875 0)
#2824000 0! 0"
#2824375 0*
#2825375 1*
#2825625 1) 0-
#2825875 1! 1" 1$ 1&
#2826625 0)
#2826875 0! 0$ 0%
#2827125 0*
#2828125 1*
#2828375 1)
#2828625 1! 0& 0' 0(
#2828750 1$ 1%
#2829500 0)
#2829750 1' 1(
#2830000 0+
#2831000 1+
#2831250 1)
#2832375 0! 0" 0(
#2832500 1&
#2833250 0)
#2833375 0&
#2833500 1! 0$ 1(
#2833750 0*
#2834000 1-
#2834750 1*
#2835000 1)
#2835250 1" 1$ 1&
#2836000 0)
#2837750 1)
#2838000 0$ 0&
#2838875 0)
#2839125 0! 0" 0# 1$
#2839375 0*
#2840375 1*
#2840625 1)
#2840750 0-
#2840875 1! 1" 1# 1&
#2841625 0)
#2841875 0! 0%
#2842125 0*
#2843250 1*
#2843375 1)
#2843625 0& 0' 0(
#2843750 1! 1%
#2844500 0)
#2844750 1' 1(
#2845000 0+
#2846000 1+
#2846250 1)
#2847375 0! 0" 0(
#2847500 1&
#2848250 0)
#2848500 1" 0$ 0& 1(
#2848750 0*
#2849125 1-
#2849750 1*
#2850000 1)
#2850250 1! 0" 1& 0' 0(
#2850500 0/
#2851125 0)
#2851375 1" 1$
#2851625 0+
#2852625 1+
#2852750 1)
#2853000 0$ 0&
#2853125 1' 1(
#2853875 0)
#2854125 0! 0" 1$
#2854375 0*
#2855375 1*
#2855625 1)
#2855750 0-
#2855875 1!
#2856000 1" 1&
#2856750 0)
#2856875 0! 0$
#2857250 0*
#2857500 1/
#2858250 1*
#2858375 1)
#2858625 0& 0' 0(
#2858750 1! 1$
#2859500 0)
#2859750 1' 1(
#2860000 0+
#2861000 1+
#2861250 1)
#2862375 0! 0" 0(
#2862500 1&
#2863250 0)
#2863500 1! 1" 0$ 0& 1(
#2863750 0*
#2864125 1-
#2864750 1*
#2865000 1)
#2865375 1$ 1&
#2866125 0)
#2867750 1)
#2868000 0&
#2868125 0$
#2868875 0)
#2869125 0! 0" 0# 0% 1&
#2869375 0*
#2870375 1*
#2870625 1)
#2870750 0-
#2871000 1! 1" 1# 1$ 1%
#2871750 0)
#2871875 0!
#2872250 0*
#2873250 1*
#2873375 1)
#2873750 1! 0& 0' 0(
#2874500 0)
#2874750 1' 1(
#2875000 0+
#2876125 1+
#2876250 1)
#2877375 0!
#2877500 0" 1& 0(
#2878250 0)
#2878500 0# 0& 1(
#2878750 0*
#2879125 1-
#2879750 1*
#2880000 1)
#2880375 1! 1" 1# 1&
#2881125 0)
#2882875 1)
#2883125 0$ 0&
#2883875 0)
#2884125 0! 0" 0%
#2884250 1&
#2884375 0*
#2885500 1*
#2885625 1)
#2885750 0-
#2886000 1! 1" 1$ 1%
#2886750 0)
#2887000 0! 0$ 0%
#2887250 0*
#2888250 1*
#2888500 1)
#2888750 1! 1$ 1% 0& 0' 0(
#2889500 0)
#2889875 1' 1(
#2890125 0+
#2891125 1+
#2891250 1)
#2892500 0! 0" 1& 0(
#2893375 0)
#2893500 0# 0&
#2893625 1! 1(
#2893750 0*
#2894125 1-
#2894875 1*
#2895000 1)
#2895375 1" 1# 1&
#2896125 0)
#2897875 1)
#2898125 0$ 0&
#2899000 0)
#2899125 0! 0" 0# 0%
#2899250 1$ 1&
#2899500 0*
#2900500 1*
#2900625 1)
#2900750 0-
#2901000 1! 1" 1# 1%
#2901750 0)
#2902000 0! 0%
#2902250 0*
#2903250 1*
#2903500 1)
#2903750 1! 1% 0& 0' 0(
#2904625 0)
#2904875 1' 1(
#2905125 0+
#2906125 1+
#2906250 1)
#2907500 0! 0" 1& 0(
#2908375 0)
#2908500 0# 0&
#2908625 1" 1(
#2908875 0*
#2909125 1-
#2909875 1*
#2910000 1)
#2910250 0' 0(
#2910375 1# 0$ 1&
#2911125 0)
#2911375 1! 1$
#2911625 0*
#2912625 1*
#2912875 1)
#2913125 0$ 0& 1' 1(
#2914000 0)
#2914125 0! 0"
#2914250 1$ 0% 1&
#2914500 0*
#2914875 0/
#2915500 1*
#2915625 1)
#2915750 0-
#2916000 1! 1" 1%
#2916750 0)
#2917000 0! 0$
#2917250 0*
#2918250 1*
#2918500 1)
#2918750 1! 0& 0' 0(
#2918875 1$
#2919625 0)
#2919875 1' 1(
#2920125 0+
#2921125 1+
#2921375 1)
#2921875 1/
#2922500 0! 0" 0(
#2922625 1&
#2923375 0)
#2923500 0&
#2923625 1! 1" 0# 1(
#2923875 0*
#2924125 1-
#2924875 1*
#2925125 1)
#2925375 1# 1&
#2926125 0)
#2927875 1)
#2928125 0$ 0&
#2929000 0)
#2929125 0!
#2929250 0" 0# 1&
#2929500 0*
#2930500 1*
#2930750 1)
#2930875 0-
#2931000 1! 1" 1# 1$
#2931750 0)
#2932000 0!
#2932250 0*
#2933375 1*
#2933500 1)
#2933750 1! 0& 0' 0(
#2934625 0)
#2934875 1' 1(
#2935125 0+
#2936125 1+
#2936375 1)
#2937500 0! 0" 0(
#2937625 1&
#2938375 0)
#2938625 0& 1(
#2938875 0*
#2939250 1-
#2939875 1*
#2940125 1)
#2940375 1! 1" 1&
#2941250 0)
#2942875 1)
#2943125 0$ 0&
#2944000 0)
#2944250 0! 0" 1&
#2944500 0*
#2945500 1*
#2945750 1)
#2945875 0-
#2946000 1!
#2946125 1" 1$
#2946875 0)
#2947000 0! 0$ 0%
#2947375 0*
#2948375 1*
#2948500 1)
#2948750 0& 0' 0(
#2948875 1! 1$ 1%
#2949625 0)
#2949875 1' 1(
#2950125 0+
#2951125 1+
#2951375 1)
#2952500 0! 0" 0(
#2952625 1&
#2953375 0)
#2953625 1! 0& 1(
#2953875 0*
#2954250 1-
#2954875 1*
#2955125 1)
#2955500 1" 1&
#2956250 0)
#2957875 1)
#2958125 0&
#2958250 0$
#2959000 0)
#2959250 0! 0" 0# 1$ 1&
#2959500 0*
#2960500 1*
#2960750 1)
#2960875 0-
#2961125 1! 1" 1#
#2961875 0)
#2962000 0!
#2962125 0%
#2962375 0*
#2963375 1*
#2963500 1)
#2963875 1! 1% 0& 0' 0(
#2964625 0)
#2964875 1' 1(
#2965125 0+
#2966125 1+
#2966375 1)
#2967500 0!
#2967625 0" 1& 0(
#2968375 0)
#2968625 0& 1(
#2968750 1"
#2968875 0*
#2969250 1-
#2969875 1*
#2970125 1)
#2970375 1! 0$ 0' 0(
#2970500 1&
#2971250 0)
#2971500 1$
#2971750 0+
#2972750 1+
#2973000 1)
#2973250 0$ 0& 1' 1(
#2974000 0)
#2974250 0! 0" 1&
#2974375 1$
#2974500 0*
#2975500 1*
#2975750 1)
#2975875 0-
#2976125 1! 1"
#2976875 0)
#2977000 0!
#2977125 0$
#2977375 0*
#2978375 1*
#2978625 1)
#2978875 1! 1$ 0& 0' 0(
#2979125 0/
#2979625 0)
#2979875 1(
#2980000 1'
#2980125 0+
#2981250 1+
#2981375 1)
#2982625 0! 0" 1& 0(
#2983375 0)
#2983625 1! 0& 1(
#2983750 1"
#2983875 0*
#2984250 1-
#2984875 1*
#2985125 1)
#2985500 1&
#2986125 1/
#2986250 0)
#2988000 1)
#2989000 0)
#2989625 0+
#2990625 1+
#2990750 1)
#2990875 0-
#2991875 0)
#2992000 0!
#2992375 0*
#2993375 1*
#2993625 1)
#2993875 1! 0& 0' 0(
#2994625 0)
#2994875 1(
#2995000 1'
#2995250 0+
#2996250 1+
#2996375 1)
#2999250 1-
#2999500 0$
#3000250 0)
#3000500 0! 0" 0#
#3000750 0*
#3001750 1*
#3002375 1!
#3002625 0*
#3003625 1*
#3004250 0!
#3004375 1"
#3004500 0*
#3005500 1*
#3006125 1!
#3006375 0*
#3007375 1*
#3008000 0! 0" 1&
#3008125 1# 1$
#3008250 0*
#3009250 1*
#3009875 0&
#3010125 0*
#3011125 1*
#3011375 1)
#3011750 1! 1" 1&
#3012500 0)
#3014250 1)
#3014500 0! 0# 0&
#3015250 0)
#3015500 0$ 0% 0'
#3015625 1#
#3015750 0*
#3016750 1*
#3017500 1%
#3017625 0*
#3018625 1*
#3018875 1)
#3019250 1! 1'
#3020000 0)
#3020125 0!
#3020250 1&
#3020500 0*
#3021500 1*
#3021750 1)
#3022000 1! 0" 0# 1$ 0&
#3022750 0)
#3023000 0! 0$ 0% 0'
#3023125 1"
#3023250 0*
#3024250 1*
#3025000 1%
#3025125 0*
#3026125 1*
#3026375 1)
#3026750 1! 1# 1'
#3027500 0)
#3027625 0! 0#
#3027750 1&
#3028000 0*
#3029000 1*
#3029250 1)
#3029500 1! 1# 0&
#3030250 0)
#3030500 0! 0"
#3030750 0*
#3031750 1*
#3032375 1!
#3032625 0*
#3033625 1*
#3034250 0!
#3034375 1"
#3034500 0*
#3035500 1*
#3036125 1!
#3036375 0*
#3037375 1*
#3038000 0! 0" 1$ 1&
#3038250 0*
#3039250 1*
#3040375 1!
#3040625 0*
#3041625 1*
#3041875 1)
#3042125 1"
#3043000 0)
#3043375 0/
#3044625 1)
#3044875 0! 0# 0&
#3045750 0)
#3046000 1# 0$ 0% 1& 0'
#3046250 0*
#3047250 1*
#3047875 1%
#3048125 0*
#3049125 1*
#3049375 1)
#3049625 1! 0& 1'
#3050375 0) 1/
#3050625 0!
#3050750 1&
#3050875 0*
#3052000 1*
#3052125 1)
#3052375 0" 0# 0&
#3052500 1$
#3053250 0)
#3053500 1! 0$ 0% 0'
#3053750 0*
#3054750 1*
#3055375 1%
#3055625 0*
#3056625 1*
#3056875 1)
#3057125 1" 1# 1'
#3057875 0)
#3058125 0" 0# 1&
#3058375 0*
#3059375 1*
#3059625 1)
#3059875 0&
#3060000 1" 1#
#3060750 0)
#3060875 0" 0#
#3061000 0! 1$
#3061250 0*
#3062250 1*
#3062875 1!
#3063125 0*
#3064125 1*
#3064625 0!
#3064750 1"
#3065000 0*
#3066000 1*
#3066625 1!
#3066875 0*
#3067875 1*
#3068375 0!
#3068500 0" 1# 1&
#3068750 0*
#3069750 1*
#3070375 1!
#3070625 0*
#3071625 1*
#3071875 1)
#3072125 1"
#3072875 0)
#3074625 1)
#3074875 0! 0# 0&
#3075750 0)
#3076000 1# 0$ 0%
#3076250 0*
#3077250 1*
#3077875 1%
#3078125 0*
#3079125 1*
#3079250 1)
#3079625 1!
#3080375 0)
#3080625 0! 1&
#3080875 0*
#3081875 1*
#3082125 1)
#3082375 0" 0# 0&
#3082500 1$
#3083250 0)
#3083375 0$ 0% 0'
#3083750 0*
#3084750 1*
#3085375 1%
#3085625 0*
#3086625 1*
#3086750 1)
#3087125 1! 1" 1# 1'
#3087875 0)
#3088125 0! 0" 0# 1&
#3088375 0*
#3089375 1*
#3089625 1)
#3089875 1! 1" 0&
#3090000 1#
#3090750 0)
#3090875 0! 0"
#3091000 1$
#3091250 0*
#3092250 1*
#3092875 1!
#3093125 0*
#3094125 1*
#3094625 0!
#3094750 1"
#3095000 0*
#3096000 1*
#3096625 1!
#3096875 0*
#3097875 1*
#3098375 0! 0"
#3098500 1&
#3098750 0*
#3099750 1*
#3100375 1!
#3100625 0*
#3101625 1*
#3101750 1)
#3102125 1"
#3102875 0)
#3104625 1)
#3104875 0! 0# 0&
#3105750 0)
#3105875 0$ 0%
#3106000 1# 1&
#3106125 0*
#3107250 1*
#3107625 0/
#3107875 1%
#3108000 0*
#3109125 1*
#3109250 1)
#3109500 0&
#3109625 1!
#3110375 0)
#3110625 0! 1&
#3110875 0*
#3111875 1*
#3112125 1)
#3112375 0" 0# 1$ 0&
#3113125 0)
#3113375 0% 0'
#3113500 1! 1" 1#
#3113625 0*
#3114625 1/
#3114750 1*
#3115375 1%
#3115500 0*
#3116500 1*
#3116750 1)
#3117000 0$
#3117125 1'
#3117875 0)
#3118125 1$ 1&
#3118375 0*
#3119375 1*
#3119625 1)
#3135625 0)
#3137375 1)
#3139375 0)
#3141125 1)
#3143125 0)
#3143625 0+
#3144625 1+
#3144875 1)
#3146000 0)
#3147625 1)
#3147875 0$ 0&
#3148750 0)
#3149000 0! 0" 0# 0% 0'
#3149250 0*
#3150250 1*
#3150500 1)
#3150875 1! 1" 1# 1$ 1% 1& 1'
#3151625 0)
#3152125 0+
#3153125 1+
#3153250 1)
#3154375 0)
#3154875 0+
#3155875 1+
#3156125 1)
#3157250 0! 0"
#3157375 0(
#3158125 0)
#3158375 0# 0$ 0% 0& 1(
#3158625 0*
#3159625 1*
#3159875 1)
#3160125 1!
#3160250 1" 1# 1$ 1% 1&
#3161000 0)
#3162625 1)
#3162875 0$ 0&
#3163750 0)
#3164000 0! 0" 0% 0'
#3164250 0*
#3165250 1*
#3165500 1)
#3165625 0-
#3165750 1! 1& 1'
#3165875 1" 1$ 1%
#3166625 0)
#3166750 0$ 0%
#3167000 0*
#3168125 1*
#3168250 1)
#3168500 0& 0' 0(
#3168625 1$ 1%
#3169375 0)
#3169625 1' 1(
#3169875 0+
#3170875 1+
#3171125 1)
#3172250 0! 0" 0(
#3172375 1&
#3173125 0)
#3173375 1! 0# 0$ 0% 0& 1(
#3173625 0*
#3174000 1-
#3174625 1*
#3174875 1)
#3175125 1# 1$ 1% 1&
#3175250 1"
#3176000 0)
#3177625 1)
#3177875 0$ 0&
#3178750 0)
#3179000 0! 0" 0# 1$ 0% 0'
#3179250 0*
#3180250 1*
#3180500 1)
#3180625 0-
#3180750 1! 1" 1# 1% 1& 1'
#3181625 0)
#3181750 0%
#3182000 0*
#3183125 1*
#3183250 1)
#3183500 0& 0' 0(
#3183625 1%
#3184375 0)
#3184625 1' 1(
#3184875 0+
#3185875 1+
#3186125 1)
#3187250 0! 0" 0(
#3187375 1&
#3188125 0)
#3188375 1" 0# 0$ 0% 0& 1(
#3188625 0*
#3188875 1-
#3189625 1*
#3189875 1)
#3190125 0" 1$ 1% 1& 0' 0(
#3190875 0)
#3191250 1! 1" 1#
#3191375 0*
#3192375 1*
#3192625 1)
#3192875 0$ 0&
#3193000 1' 1(
#3193750 0)
#3194000 0! 0" 1$ 0% 0'
#3194250 0*
#3195250 1*
#3195500 1)
#3195625 0-
#3195750 1! 1" 1% 1& 1'
#3196500 0)
#3196750 0$
#3197000 0*
#3198000 1*
#3198250 1)
#3198500 0& 0' 0(
#3198625 1$
#3199375 0)
#3199625 1' 1(
#3199875 0+
#3200875 1+
#3201125 1)
#3202250 0! 0" 0(
#3202375 1&
#3203125 0)
#3203250 0&
#3203375 1! 1" 0# 0$ 0% 1(
#3203625 0*
#3204000 1-
#3204625 1*
#3204875 1)
#3205125 1# 1$ 1% 1&
#3205875 0)
#3207625 1)
#3207875 0$ 0&
#3208750 0)
#3209000 0! 0" 0# 0'
#3209250 0*
#3210250 1*
#3210500 1)
#3210625 0-
#3210750 1! 1" 1# 1$ 1& 1'
#3211500 0)
#3212000 0*
#3213125 1*
#3213250 1)
#3213500 0& 0' 0(
#3214375 0)
#3214625 1' 1(
#3214875 0+
#3215875 1+
#3216125 1)
#3217250 0! 0" 0(
#3217375 1&
#3218125 0)
#3218250 0&
#3218375 0$ 0% 1(
#3218625 0*
#3218875 1-
#3219625 1*
#3219875 1)
#3220125 1! 1" 1$ 1% 1&
#3221000 0)
#3222625 1)
#3222875 0$ 0&
#3223750 0)
#3224000 0! 0" 0'
#3224250 0*
#3225250 1*
#3225500 1)
#3225625 0-
#3225750 1! 1" 1& 1'
#3225875 1$
#3226625 0)
#3226750 0$ 0%
#3227000 0*
#3228125 1*
#3228250 1)
#3228500 0& 0' 0(
#3228625 1$ 1%
#3229375 0)
#3229625 1' 1(
#3229875 0+
#3230875 1+
#3231125 1)
#3232250 0! 0" 0(
#3232375 1&
#3233125 0)
#3233375 1! 0$ 0% 0& 1(
#3233625 0*
#3234000 1-
#3234625 1*
#3234875 1)
#3235125 1% 1&
#3235250 1" 1$
#3236000 0)
#3237625 1)
#3237875 0$ 0&
#3238750 0)
#3239000 0! 0" 0# 1$ 0'
#3239250 0*
#3240250 1*
#3240500 1)
#3240625 0-
#3240750 1! 1'
#3240875 1" 1# 1&
#3241625 0)
#3241750 0%
#3242125 0*
#3243125 1*
#3243250 1)
#3243500 0& 0' 0(
#3243625 1%
#3244375 0)
#3244625 1' 1(
#3244875 0+
#3245875 1+
#3246125 1)
#3247250 0! 0" 0(
#3247375 1&
#3247500 00
#3248125 0)
#3248375 1" 0$ 0% 0& 1(
#3248625 0*
#3249000 1-
#3249625 1*
#3249875 1)
#3250125 1! 0" 0# 1% 1& 0' 0(
#3250250 1$
#3251000 0)
#3251250 1" 1#
#3251500 0+
#3252500 1+
#3252625 1)
#3252875 0&
#3253000 0$ 1' 1(
#3253750 0)
#3254000 0! 0" 1$ 0'
#3254250 0*
#3254500 10
#3255250 1*
#3255500 1)
#3255625 0-
#3255875 1! 1" 1& 1'
#3256625 0)
#3256875 0$
#3257125 0*
#3258125 1*
#3258250 1)
#3258625 1$ 0& 0' 0(
#3259375 0)
#3259625 1' 1(
#3259875 0+
#3260875 1+
#3261125 1)
#3262250 0!
#3262375 0" 1& 0(
#3263125 0)
#3263375 1! 1" 0$ 0% 0& 1(
#3263625 0*
#3264000 1-
#3264625 1*
#3264875 1)
#3265250 1$ 1% 1&
#3266000 0)
#3267750 1)
#3268000 0$ 0&
#3268750 0)
#3269000 0! 0" 0# 0% 1& 0'
#3269250 0*
#3270250 1*
#3270500 1)
#3270625 0-
#3270875 1! 1" 1# 1$ 1% 1'
#3271625 0)
#3272125 0*
#3273125 1*
#3273375 1)
#3273625 0& 0' 0(
#3274375 0)
#3274750 1' 1(
#3275000 0+
#3276000 1+
#3276125 1)
#3277375 0! 0" 1& 0(
#3278125 0)
#3278375 0# 0% 0& 1(
#3278625 0*
#3279000 1-
#3279750 1*
#3279875 1)
#3280250 1! 1" 1# 1% 1&
#3281000 0)
#3282750 1)
#3283000 0$ 0&
#3283875 0)
#3284000 0! 0" 0% 0'
#3284125 1&
#3284250 0*
#3285375 1*
#3285500 1)
#3285625 0-
#3285875 1! 1" 1$ 1% 1'
#3286625 0)
#3286875 0$ 0%
#3287125 0*
#3288125 1*
#3288375 1)
#3288625 1$ 1% 0& 0' 0(
#3289500 0)
#3289750 1' 1(
#3290000 0+
#3291000 1+
#3291125 1)
#3292375 0! 0" 1& 0(
#3293250 0)
#3293375 0# 0% 0&
#3293500 1! 1(
#3293750 0*
#3294000 1-
#3294750 1*
#3294875 1)
#3295250 1" 1# 1% 1&
#3296000 0)
#3297750 1)
#3298000 0$ 0&
#3298875 0)
#3299000 0! 0" 0# 0%
#3299125 1$ 1& 0'
#3299375 0*
#3300375 1*
#3300500 1)
#3300625 0-
#3300875 1! 1" 1# 1% 1'
#3301625 0)
#3301875 0%
#3302125 0*
#3303125 1*
#3303375 1)
#3303625 0& 0' 0(
#3303750 1%
#3304500 0)
#3304750 1' 1(
#3305000 0+
#3306000 1+
#3306250 1)
#3307375 0! 0" 0(
#3307500 1&
#3308250 0)
#3308375 0&
#3308500 1" 0# 0% 1(
#3308750 0*
#3309000 1-
#3309750 1*
#3310000 1)
#3310125 0(
#3310250 1% 1& 0'
#3311000 0)
#3311375 1! 1#
#3311500 0*
#3312500 1*
#3312750 1)
#3313000 0$ 0&
#3313125 1' 1(
#3313875 0)
#3314000 0!
#3314125 0" 1$ 0% 1& 0'
#3314375 0*
#3315375 1*
#3315625 1)
#3315750 0-
#3315875 1! 1" 1% 1'
#3316625 0)
#3316875 0$
#3317125 0*
#3318250 1*
#3318375 1)
#3318625 0& 0' 0(
#3318750 1$
#3319500 0)
#3319750 1' 1(
#3320000 0+
#3321000 1+
#3321250 1)
#3322375 0! 0" 0(
#3322500 1&
#3323250 0)
#3323500 1! 1" 0# 0% 0& 1(
#3323750 0*
#3324125 1-
#3324750 1*
#3325000 1)
#3325250 1% 1&
#3325375 1#
#3326125 0)
#3327750 1)
#3328000 0&
#3328125 0$
#3328875 0)
#3329125 0! 0" 0# 1& 0'
#3329375 0*
#3330375 1*
#3330625 1)
#3330750 0-
#3331000 1! 1" 1# 1$ 1'
#3331750 0)
#3332250 0*
#3333250 1*
#3333375 1)
#3333625 0'
#3333750 0& 0(
#3334500 0)
#3334750 1' 1(
#3335000 0+
#3336000 1+
#3336250 1)
#3337375 0!
#3337500 0" 1& 0(
#3338250 0)
#3338500 0% 0& 1(
#3338750 0*
#3339125 1-
#3339750 1*
#3340000 1)
#3340375 1! 1" 1% 1&
#3341125 0)
#3342875 1)
#3343125 0$ 0&
#3343875 0)
#3344125 0! 0" 1& 0'
#3344375 0*
#3345375 1*
#3345625 1)
#3345750 0-
#3346000 1! 1" 1$ 1'
#3346750 0)
#3347000 0$ 0%
#3347250 0*
#3348250 1*
#3348500 1)
#3348750 1$ 1% 0& 0' 0(
#3349500 0)
#3349750 1(
#3349875 1'
#3350125 0+
#3351125 1+
#3351250 1)
#3352500 0! 0" 1& 0(
#3353250 0)
#3353500 0% 0& 1(
#3353625 1!
#3353750 0*
#3354125 1-
#3354875 1*
#3355000 1)
#3355375 1" 1% 1&
#3356125 0)
#3357875 1)
#3358125 0$ 0&
#3358875 0)
#3359125 0! 0" 0# 0'
#3359250 1$ 1&
#3359375 0*
#3360500 1*
#3360625 1)
#3360750 0-
#3361000 1! 1" 1# 1'
#3361750 0)
#3362000 0%
#3362250 0*
#3363250 1*
#3363500 1)
#3363750 1% 0& 0' 0(
#3364625 0)
#3364875 1' 1(
#3365125 0+
#3366125 1+
#3366250 1)
#3367500 0! 0" 1& 0(
#3368375 0)
#3368500 0% 0&
#3368625 1" 1(
#3368875 0*
#3369125 1-
#3369875 1*
#3370000 1)
#3370250 0# 0' 0(
#3370375 1! 1% 1&
#3371125 0)
#3371375 1#
#3371625 0+
#3372625 1+
#3372875 1)
#3373125 0$ 0& 1' 1(
#3374000 0)
#3374125 0! 0" 0'
#3374250 1$ 1&
#3374500 0*
#3375500 1*
#3375625 1)
#3375750 0-
#3376000 1! 1" 1'
#3376750 0)
#3377000 0$
#3377250 0*
#3378250 1*
#3378500 1)
#3378750 1$ 0& 0' 0(
#3379625 0)
#3379875 1' 1(
#3380125 0+
#3381125 1+
#3381250 1)
#3382500 0! 0" 1& 0(
#3383375 0)
#3383500 0% 0&
#3383625 1! 1" 1(
#3383875 0*
#3384125 1-
#3384875 1*
#3385000 1)
#3385375 1% 1&
#3386125 0)
#3387875 1)
#3388125 0$ 0&
#3389000 0)
#3389125 0! 0" 0#
#3389250 0%
#3389500 0*
#3390500 1*
#3390750 1) 0-
#3391000 1! 1" 1# 1$ 1% 1&
#3391750 0)
#3392250 0*
#3393250 1*
#3393500 1)
#3393750 0& 0' 0(
#3394625 0)
#3394875 1' 1(
#3395125 0+
#3396125 1+
#3396375 1)
#3397500 0! 0" 0(
#3397625 1&
#3398375 0)
#3398500 0# 0&
#3398625 0$ 1(
#3398875 0*
#3399125 1-
#3399875 1*
#3400125 1)
#3400375 1! 1" 1# 1$ 1&
#3401125 0)
#3402875 1)
#3403125 0$ 0&
#3404000 0)
#3404125 0!
#3404250 0" 0%
#3404500 0*
#3405500 1*
#3405750 1)
#3405875 0-
#3406000 1! 1" 1$ 1% 1&
#3406750 0)
#3407000 0$ 0%
#3407250 0*
#3408250 1*
#3408500 1)
#3408750 0& 0' 0(
#3408875 1$ 1%
#3409625 0)
#3409875 1' 1(
#3410125 0+
#3411125 1+
#3411375 1)
#3412500 0! 0" 0(
#3412625 1&
#3413375 0)
#3413625 1! 0# 0$ 0& 1(
#3413875 0*
#3414250 1-
#3414875 1*
#3415125 1)
#3415375 1" 1# 1$ 1&
#3416125 0)
#3417875 1) 0/
#3418125 0$ 0&
#3419000 0)
#3419250 0! 0" 0# 1$ 0%
#3419500 0*
#3420500 1*
#3420750 1)
#3420875 0-
#3421000 1! 1" 1# 1% 1&
#3421875 0)
#3422000 0%
#3422250 0*
#3423375 1*
#3423500 1)
#3423750 0& 0' 0(
#3423875 1%
#3424625 0)
#3424875 1' 1( 1/
#3425125 0+
#3426125 1+
#3426375 1)
#3427500 0! 0" 0(
#3427625 1&
#3428375 0)
#3428625 1" 0# 0$ 0& 1(
#3428875 0*
#3429250 1-
#3429875 1*
#3430125 1)
#3430375 0" 1# 1$ 1& 0' 0(
#3431125 0)
#3431500 1! 1"
#3431625 0*
#3432750 1*
#3432875 1)
#3433125 0$ 0&
#3433250 1' 1(
#3434000 0)
#3434125 0!
#3434250 0" 1$ 0%
#3434500 0*
#3435500 1*
#3435750 1)
#3435875 0-
#3436000 1! 1" 1% 1&
#3436750 0)
#3437000 0$
#3437250 0*
#3438375 1*
#3438500 1)
#3438750 0& 0' 0(
#3438875 1$
#3439625 0)
#3439875 1' 1(
#3440125 0+
#3441125 1+
#3441375 1)
#3442500 0! 0" 0(
#3442625 1&
#3443375 0)
#3443625 1! 1" 0# 0$ 0& 1(
#3443875 0*
#3444250 1-
#3444875 1*
#3445125 1)
#3445375 1# 1$ 1&
#3446125 0)
#3447875 1)
#3448125 0$ 0&
#3449000 0)
#3449125 0!
#3449250 0" 0#
#3449500 0*
#3450500 1*
#3450750 1)
#3450875 0-
#3451000 1! 1" 1# 1$ 1&
#3451750 0)
#3452250 0*
#3453250 1*
#3453500 1)
#3453750 0& 0' 0(
#3454625 0)
#3454875 1' 1(
#3455125 0+
#3456125 1+
#3456375 1)
#3457500 0! 0" 0(
#3457625 1&
#3458375 0)
#3458500 0&
#3458625 0$ 1(
#3458875 0*
#3459125 1-
#3459875 1*
#3460125 1)
#3460375 1! 1" 1$ 1&
#3461125 0)
#3462875 1)
#3463125 0$ 0&
#3464000 0)
#3464125 0! 0"
#3464500 0*
#3465500 1*
#3465750 1)
#3465875 0-
#3466000 1! 1" 1$ 1&
#3466750 0)
#3467000 0$ 0%
#3467250 0*
#3468250 1*
#3468500 1)
#3468750 0& 0' 0(
#3468875 1$ 1%
#3469625 0)
#3469875 1' 1(
#3470125 0+
#3471125 1+
#3471375 1)
#3472500 0! 0" 0(
#3472625 1&
#3473375 0)
#3473500 0&
#3473625 1! 0$ 1(
#3473750 0/
#3473875 0*
#3474125 1-
#3474875 1*
#3475000 1)
#3475375 1" 1$ 1&
#3476125 0)
#3477875 1)
#3478125 0$ 0&
#3479000 0)
#3479125 0! 0" 0#
#3479250 1$
#3479500 0*
#3480500 1*
#3480625 1)
#3480750 0- 1/
#3481000 1! 1" 1# 1&
#3481750 0)
#3482000 0%
#3482250 0*
#3483250 1*
#3483500 1)
#3483750 1% 0& 0' 0(
#3484625 0)
#3484875 1' 1(
#3485125 0+
#3486125 1+
#3486250 1)
#3487500 0! 0" 1& 0(
#3488375 0)
#3488500 0$ 0&
#3488625 1" 1(
#3488875 0*
#3489125 1-
#3489875 1*
#3490000 1)
#3490250 0" 0' 0(
#3490375 1! 1$ 1&
#3491125 0)
#3491375 1"
#3491625 0+
#3492625 1+
#3492875 1)
#3493125 0$ 0& 1' 1(
#3494000 0)
#3494125 0! 0"
#3494250 1$
#3494500 0*
#3495500 1*
#3495625 1)
#3495750 0-
#3496000 1! 1" 1&
#3496750 0)
#3497000 0$
#3497250 0*
#3498250 1*
#3498500 1)
#3498750 1$ 0& 0' 0(
#3499625 0)
#3499875 1' 1(
#3500125 0+
#3501125 1+
#3501250 1)
#3502500 0! 0" 1& 0(
#3503375 0)
#3503500 0$ 0&
#3503625 1! 1" 1(
#3503875 0*
#3504125 1-
#3504875 1*
#3505000 1)
#3505375 1$ 1&
#3506125 0)
#3507875 1)
#3508125 0$ 0&
#3509000 0)
#3509125 0! 0" 0# 0%
#3509250 1&
#3509375 0*
#3510500 1*
#3510625 1)
#3510750 0-
#3511000 1! 1" 1# 1$ 1%
#3511750 0)
#3512250 0*
#3513250 1*
#3513500 1)
#3513750 0& 0' 0(
#3514500 0)
#3514875 1' 1(
#3515125 0+
#3516125 1+
#3516250 1)
#3517500 0! 0" 1& 0(
#3518250 0)
#3518500 0# 0& 1(
#3518750 0*
#3519125 1-
#3519750 1*
#3520000 1)
#3520375 1! 1" 1# 1&
#3521125 0)
#3522875 1)
#3523125 0$ 0&
#3523875 0)
#3524125 0! 0" 0% 1&
#3524375 0*
#3525375 1*
#3525625 1)
#3525750 0-
#3526000 1! 1" 1$ 1%
#3526750 0)
#3526875 0%
#3527000 0$
#3527250 0*
#3528250 1*
#3528500 1)
#3528750 1$ 1% 0& 0' 0(
#3529500 0)
#3529750 1' 1(
#3530000 0+
#3531000 1+
#3531250 1)
#3532375 0!
#3532500 0" 1& 0(
#3533250 0)
#3533500 1! 0# 0& 1(
#3533750 0*
#3534125 1-
#3534750 1*
#3535000 1)
#3535375 1" 1# 1&
#3536125 0)
#3537750 1)
#3538000 0&
#3538125 0$
#3538875 0)
#3539125 0! 0" 0# 1$ 0% 1&
#3539375 0*
#3540375 1*
#3540625 1)
#3540750 0-
#3541000 1! 1" 1# 1%
#3541750 0)
#3541875 0%
#3542250 0*
#3543250 1*
#3543375 1)
#3543625 0& 0(
#3543750 1% 0'
#3544500 0)
#3544750 1' 1(
#3545000 0+
#3546000 1+
#3546250 1)
#3547375 0! 0" 0(
#3547500 1&
#3548250 0)
#3548500 1" 0# 0& 1(
#3548750 0*
#3549125 1-
#3549750 1*
#3550000 1)
#3550250 1# 1& 0' 0(
#3551125 0)
#3551375 1!
#3551625 0*
#3552625 1*
#3552750 1)
#3553000 0$ 0&
#3553125 1' 1(
#3553875 0)
#3554125 0! 0" 1$ 0% 1&
#3554375 0*
#3555375 1*
#3555625 1)
#3555750 0-
#3555875 1! 1"
#3556000 1%
#3556750 0)
#3556875 0$
#3557250 0*
#3558250 1*
#3558375 1)
#3558625 0& 0' 0(
#3558750 1$
#3559500 0)
#3559750 1' 1(
#3560000 0+
#3561000 1+
#3561250 1)
#3562375 0! 0" 0(
#3562500 1&
#3563250 0)
#3563500 1! 1" 0# 0& 1(
#3563750 0*
#3564125 1-
#3564750 1*
#3565000 1)
#3565250 1# 1&
#3566125 0)
#3567750 1)
#3568000 0$ 0&
#3568875 0)
#3569125 0! 0" 0# 1&
#3569375 0*
#3570375 1*
#3570625 1)
#3570750 0-
#3570875 1! 1" 1# 1$
#3571625 0)
#3572125 0*
#3573125 1*
#3573375 1)
#3573625 0& 0' 0(
#3574500 0)
#3574750 1' 1(
#3575000 0+
#3576000 1+
#3576250 1)
#3577375 0! 0" 0(
#3577500 1&
#3578250 0)
#3578375 0&
#3578500 1(
#3578750 0*
#3579000 1-
#3579750 1*
#3580000 1)
#3580250 1! 1" 1&
#3581000 0)
#3582750 1)
#3583000 0$ 0&
#3583875 0)
#3584000 0! 0"
#3584125 1&
#3584375 0*
#3585375 1*
#3585625 1) 0-
#3585875 1! 1" 1$
#3586625 0)
#3586875 0$ 0%
#3587125 0*
#3588125 1*
#3588375 1)
#3588625 0& 0' 0(
#3588750 1$ 1%
#3589500 0)
#3589750 1' 1(
#3590000 0+
#3591000 1+
#3591250 1)
#3592375 0! 0" 0(
#3592500 1&
#3593250 0)
#3593375 0&
#3593500 1! 1(
#3593750 0*
#3594000 1-
#3594750 1*
#3594875 1)
#3595250 1" 1&
#3596000 0)
#3597750 1)
#3598000 0$ 0&
#3598875 0)
#3599000 0! 0" 0#
#3599125 1$ 1&
#3599375 0*
#3600375 1*
#3600500 1)
#3600625 0-
#3600875 1! 1" 1#
#3601625 0)
#3601875 0%
#3602125 0*
#3603125 1*
#3603375 1)
#3603625 0& 0' 0(
#3603750 1%
#3604500 0)
#3604750 1' 1(
#3605000 0+
#3605125 0/
#3606000 1+
#3606125 1)
#3607375 0! 0" 1& 0(
#3608250 0)
#3608375 0&
#3608500 1" 1(
#3608750 0*
#3609000 1-
#3609750 1*
#3609875 1)
#3610125 0' 0(
#3610250 1! 1&
#3611000 0)
#3611500 0+
#3612125 1/
#3612500 1+
#3612750 1)
#3613000 0$ 0& 1' 1(
#3613875 0)
#3614000 0! 0"
#3614125 1$ 1&
#3614375 0*
#3615375 1*
#3615500 1)
#3615625 0-
#3615875 1! 1"
#3616625 0)
#3616875 0$
#3617125 0*
#3618125 1*
#3618375 1)
#3618625 1$ 0& 0' 0(
#3619500 0)
#3619750 1' 1(
#3620000 0+
#3621000 1+
#3621125 1)
#3622375 0! 0" 1& 0(
#3623250 0)
#3623375 0&
#3623500 1! 1" 1(
#3623750 0*
#3624000 1-
#3624750 1*
#3624875 1)
#3625250 1&
#3626000 0)
#3627750 1)
#3628875 0)
#3629375 0+
#3630375 1+
#3630500 1)
#3630625 0-
#3631625 0)
#3632125 0*
#3633125 1*
#3633375 1)
#3633625 0& 0' 0(
#3634500 0)
#3634750 1' 1(
#3635000 0+
#3636000 1+
#3636125 1)
#3639000 1-
#3639250 0$
#3640125 0)
#3640250 0! 0" 0#
#3640625 0*
#3641625 1*
#3642250 1!
#3642500 0*
#3643500 1*
#3644000 0!
#3644125 1"
#3644375 0*
#3645375 1*
#3646000 1!
#3646250 0*
#3647250 1*
#3647750 0! 0"
#3647875 1# 1$ 1&
#3648125 0*
#3649125 1*
#3649625 0&
#3650000 0*
#3651000 1*
#3651250 1)
#3651500 1! 1" 1&
#3652250 0)
#3654000 1)
#3654250 0! 0# 0&
#3655125 0)
#3655375 1! 1# 0$ 0% 0'
#3655625 0*
#3656625 1*
#3657250 1%
#3657500 0*
#3658500 1*
#3658750 1)
#3659000 1'
#3659750 0)
#3660125 1&
#3660250 0*
#3661000 0/
#3661250 1*
#3661500 1)
#3661750 0" 0# 0&
#3661875 1$
#3662625 0)
#3662750 0$
#3662875 1" 0% 0'
#3663125 0*
#3664125 1*
#3664750 1%
#3665000 0*
#3666000 1*
#3666250 1)
#3666500 1# 1'
#3667250 0)
#3667500 0#
#3667625 1&
#3667750 0*
#3668125 1/
#3668750 1*
#3669000 1)
#3669250 0&
#3669375 1#
#3670125 0)
#3670375 0! 0"
#3670625 0*
#3671625 1*
#3672250 1!
#3672500 0*
#3673500 1*
#3674000 0!
#3674125 1"
#3674375 0*
#3675375 1*
#3676000 1!
#3676250 0*
#3677250 1*
#3677750 0!
#3677875 0" 1$ 1&
#3678125 0*
#3679125 1*
#3680250 1!
#3680500 0*
#3681500 1*
#3681625 1)
#3682000 0! 0# 0$ 0% 0& 0(
#3682750 0)
#3683000 0'
#3683250 0+
#3684375 1+
#3684500 1)
#3684875 1" 1$ 1% 1' 1(
#3685625 0)
#3685750 0$ 0% 0'
#3685875 1! 1# 1&
#3686125 0*
#3687125 1*
#3687750 1%
#3688000 0*
#3689000 1*
#3689250 1)
#3689500 0& 1'
#3690250 0)
#3690500 1&
#3690750 0*
#3691750 1*
#3692000 1)
#3692250 0! 0" 0# 0&
#3692375 1$
#3693125 0)
#3693250 0$
#3693375 1" 0% 0'
#3693625 0*
#3694625 1*
#3695250 1%
#3695500 0*
#3696500 1*
#3696750 1)
#3697000 1! 1# 1'
#3697750 0)
#3698000 0! 0#
#3698125 1&
#3698250 0*
#3699375 1*
#3699500 1)
#3699750 0&
#3699875 1! 1#
#3700625 0)
#3700750 0!
#3700875 0" 0# 1$
#3701125 0*
#3702125 1*
#3702750 1!
#3703000 0*
#3704000 1*
#3704500 0!
#3704625 1"
#3704875 0*
#3705875 1*
#3706500 1!
#3706750 0*
#3707750 1*
#3708375 0! 0" 1# 1&
#3708625 0*
#3709625 1*
#3710250 1!
#3710500 0*
#3711500 1*
#3711750 1)
#3712125 1"
#3712875 0)
#3714500 1)
#3714750 0!
#3714875 0# 0&
#3715625 0)
#3715875 1! 1# 0$ 0%
#3716125 0*
#3717125 1*
#3717750 1%
#3718000 0*
#3719000 1*
#3719250 1)
#3720375 0)
#3720625 1&
#3720875 0*
#3721875 1*
#3722000 1)
#3722375 0! 0" 0# 1$ 0&
#3723125 0)
#3723375 1! 0$ 0% 0'
#3723625 0*
#3724625 1*
#3725250 1%
#3725500 0*
#3726500 1*
#3726750 1)
#3727125 1" 1# 1'
#3727875 0)
#3728000 0" 0#
#3728125 1&
#3728375 0*
#3729375 1*
#3729625 1)
#3729750 0&
#3729875 1" 1#
#3730625 0)
#3730875 0! 0"
#3731000 1$
#3731125 0*
#3732125 1*
#3732750 1!
#3733000 0*
#3734000 1*
#3734625 0!
#3734750 1"
#3734875 0*
#3735875 1*
#3736500 1!
#3736750 0*
#3737750 1*
#3738375 0! 0" 1&
#3738625 0*
#3739750 1*
#3740250 1!
#3740500 0*
#3741625 1*
#3741750 1)
#3742125 1"
#3742875 0)
#3744625 1)
#3744875 0! 0# 0&
#3745750 0)
#3745875 0$ 0%
#3746000 1! 1# 1&
#3746125 0*
#3747250 1*
#3747875 1%
#3748125 0*
#3749125 1*
#3749250 1)
#3749500 0&
#3750375 0)
#3750625 1&
#3750875 0*
#3751875 1*
#3752125 1)
#3752375 0! 0" 0# 1$ 0&
#3753250 0) 0/
#3753375 0$ 0% 0'
#3753750 0*
#3754750 1*
#3755375 1%
#3755625 0*
#3756625 1*
#3756750 1)
#3757125 1! 1" 1# 1'
#3757875 0)
#3758125 0! 0" 0# 1&
#3758375 0*
#3759375 1*
#3759625 1)
#3760250 1/
#3775000 1! 1" 1# 1$
#3775750 0)
#3777500 1)
#3779500 0)
#3781250 1)
#3783250 0)
#3783750 0+
#3784750 1+
#3785000 1)
#3786125 0)
#3787750 1)
#3788000 0$ 0&
#3788875 0)
#3789125 0! 0" 0# 0% 0'
#3789375 0*
#3790375 1*
#3790625 1)
#3790875 1! 1'
#3791000 1" 1# 1$ 1% 1&
#3791750 0)
#3792250 0+
#3793250 1+
#3793375 1)
#3794500 0)
#3795000 0+
#3796000 1+
#3796250 1)
#3797375 0! 0"
#3797500 0(
#3798250 0)
#3798500 0# 0$ 0% 1(
#3798750 0*
#3799750 1*
#3800000 1)
#3800250 1!
#3800375 1" 1# 1$ 1%
#3801125 0)
#3802750 1)
#3803000 0$
#3803125 0&
#3803875 0)
#3804125 0! 0" 0% 0'
#3804375 0*
#3805375 1*
#3805625 1)
#3805750 0-
#3806000 1! 1" 1$ 1% 1& 1'
#3806750 0)
#3806875 0! 0" 0$ 0%
#3807000 0#
#3807250 0*
#3808250 1*
#3808375 1)
#3808625 0& 0'
#3808750 1! 1" 1# 1$ 1% 0(
#3809250 0/
#3809500 0)
#3809750 1' 1(
#3810000 0+
#3811000 1+
#3811250 1)
#3812375 0!
#3812500 0" 1& 0(
#3813250 0)
#3813500 1! 0# 0$ 0% 1(
#3813750 0*
#3814125 1-
#3814750 1*
#3815000 1)
#3815375 1" 1# 1$ 1%
#3816125 0)
#3816250 1/
#3817875 1)
#3818125 0$ 0&
#3818875 0)
#3819125 0! 0" 0# 1$ 0% 0'
#3819375 0*
#3820375 1*
#3820625 1)
#3820750 0-
#3821000 1! 1" 1# 1% 1& 1'
#3821750 0)
#3821875 0!
#3822000 0" 0# 0%
#3822250 0*
#3823250 1*
#3823500 1)
#3823750 1! 1" 1# 1% 0& 0' 0(
#3824500 0)
#3824750 1(
#3824875 1'
#3825000 0+
#3826125 1+
#3826250 1)
#3827500 0! 0" 1& 0(
#3828250 0)
#3828500 0# 0$ 0% 1(
#3828625 1"
#3828750 0*
#3829125 1-
#3829750 1*
#3830000 1)
#3830250 0" 0& 0(
#3831125 0)
#3831375 1! 1" 1# 1$ 1% 1&
#3831625 0*
#3832625 1*
#3832875 1)
#3833125 0$ 0& 1(
#3833875 0)
#3834125 0! 0" 0% 0'
#3834250 1$
#3834375 0*
#3835375 1*
#3835625 1)
#3835750 0-
#3836000 1! 1" 1% 1& 1'
#3836750 0)
#3837000 0! 0" 0# 0$
#3837250 0*
#3838250 1*
#3838500 1)
#3838750 1! 1" 1# 1$ 0& 0' 0(
#3839500 0)
#3839875 1' 1(
#3840125 0+
#3841125 1+
#3841250 1)
#3842500 0! 0" 1& 0(
#3843250 0)
#3843500 1! 0# 0$ 0% 1(
#3843625 1"
#3843750 0*
#3844125 1-
#3844875 1*
#3845000 1)
#3845375 1# 1$ 1%
#3846125 0)
#3847875 1)
#3848125 0$ 0&
#3848875 0)
#3849125 0! 0" 0# 0'
#3849375 0*
#3850500 1*
#3850625 1)
#3850750 0-
#3851000 1! 1" 1# 1$ 1& 1'
#3851750 0)
#3852000 0! 0" 0#
#3852250 0*
#3853250 1*
#3853500 1)
#3853750 1! 1" 1# 0& 0' 0(
#3854500 0)
#3854875 1' 1(
#3855125 0+
#3856125 1+
#3856250 1)
#3857500 0! 0" 1& 0(
#3858250 0)
#3858500 0$ 0% 1(
#3858750 0*
#3859125 1-
#3859875 1*
#3860000 1)
#3860375 1! 1" 1$ 1%
#3861125 0)
#3862875 1)
#3863125 0$ 0&
#3863875 0)
#3864125 0! 0" 0'
#3864375 0*
#3865500 1*
#3865625 1)
#3865750 0-
#3866000 1! 1" 1$ 1& 1'
#3866750 0)
#3867000 0! 0" 0# 0$ 0%
#3867250 0*
#3868250 1*
#3868500 1)
#3868750 1! 1" 1# 1$ 1% 0& 0' 0(
#3869500 0)
#3869875 1' 1(
#3870125 0+
#3871125 1+
#3871250 1)
#3872500 0! 0" 1& 0(
#3873250 0)
#3873500 0$ 0% 1(
#3873625 1!
#3873750 0*
#3874125 1-
#3874875 1*
#3875000 1)
#3875375 1" 1$ 1%
#3876125 0)
#3877875 1)
#3878125 0$ 0&
#3878875 0)
#3879125 0! 0" 0# 0'
#3879250 1$
#3879375 0*
#3880375 1*
#3880625 1)
#3880750 0-
#3881000 1! 1" 1# 1& 1'
#3881750 0)
#3882000 0! 0" 0# 0%
#3882250 0*
#3883250 1*
#3883500 1)
#3883750 1! 1" 1# 1% 0& 0' 0(
#3884500 0)
#3884875 1' 1(
#3885125 0+
#3886125 1+
#3886250 1)
#3887500 0! 0" 1& 0(
#3888250 0)
#3888500 0$ 0% 1(
#3888625 1"
#3888750 0*
#3889125 1-
#3889750 1*
#3890000 1)
#3890250 0" 0# 0& 0(
#3890375 1!
#3891125 0)
#3891375 1" 1# 1$ 1% 1&
#3891625 0+
#3892625 1+
#3892875 1)
#3893125 0$ 0& 1(
#3893875 0)
#3894125 0! 0" 0'
#3894250 1$
#3894375 0*
#3895375 1*
#3895625 1)
#3895750 0-
#3896000 1! 1" 1& 1'
#3896750 0)
#3896875 0!
#3897000 0" 0# 0$
#3897250 0*
#3898250 1*
#3898500 1)
#3898750 1! 1" 1# 1$ 0& 0' 0(
#3899500 0)
#3899750 1(
#3899875 1'
#3900000 0+
#3901125 1+
#3901250 1)
#3902500 0! 0" 1& 0(
#3903250 0)
#3903500 1! 1" 0$ 0% 1(
#3903750 0*
#3904125 1-
#3904750 1*
#3905000 1)
#3905375 1$ 1%
#3906125 0)
#3907875 1)
#3908125 0$ 0&
#3908875 0)
#3909125 0! 0" 0# 0% 1& 0'
#3909375 0*
#3910375 1*
#3910625 1)
#3910750 0-
#3911000 1! 1" 1# 1$ 1% 1'
#3911750 0)
#3911875 0! 0" 0#
#3912250 0*
#3913250 1*
#3913375 1)
#3913625 0'
#3913750 1! 1" 1# 0& 0(
#3914500 0)
#3914750 1' 1(
#3915000 0+
#3916000 1+
#3916250 1)
#3917375 0!
#3917500 0" 1& 0(
#3918250 0)
#3918500 0# 0% 1(
#3918750 0*
#3919125 1-
#3919750 1*
#3920000 1)
#3920375 1! 1" 1# 1%
#3921125 0)
#3922750 1)
#3923125 0$ 0&
#3923875 0)
#3924125 0! 0" 0% 1& 0'
#3924375 0*
#3925375 1*
#3925625 1)
#3925750 0-
#3926000 1! 1" 1$ 1% 1'
#3926750 0)
#3926875 0! 0" 0# 0$ 0%
#3927250 0*
#3928250 1*
#3928375 1)
#3928625 0& 0' 0(
#3928750 1! 1" 1# 1$ 1%
#3929500 0)
#3929750 1' 1(
#3930000 0+
#3931000 1+
#3931250 1)
#3932375 0! 0" 0(
#3932500 1&
#3933250 0)
#3933500 1! 0# 0% 1(
#3933750 0*
#3934125 1-
#3934750 1*
#3935000 1)
#3935375 1" 1# 1%
#3936125 0)
#3937750 1)
#3938000 0&
#3938125 0$
#3938875 0)
#3939125 0! 0" 0# 1$ 0% 1& 0'
#3939375 0*
#3940375 1*
#3940625 1)
#3940750 0-
#3940875 1! 1'
#3941000 1" 1# 1%
#3941750 0)
#3941875 0! 0" 0# 0%
#3942250 0*
#3943250 1*
#3943375 1)
#3943625 0& 0' 0(
#3943750 1! 1" 1# 1%
#3944500 0)
#3944750 1' 1(
#3945000 0+
#3946000 1+
#3946250 1)
#3947375 0! 0" 0(
#3947500 1&
#3948250 0)
#3948500 1" 0# 0% 1(
#3948750 0*
#3949125 1-
#3949750 1*
#3950000 1)
#3950250 0$ 0& 0(
#3951000 0)
#3951375 1! 1# 1$ 1% 1&
#3951500 0*
#3952625 1*
#3952750 1)
#3953000 0$ 0&
#3953125 1(
#3953875 0)
#3954125 0! 0" 1$ 0% 1& 0'
#3954375 0*
#3955375 1*
#3955625 1)
#3955750 0-
#3955875 1! 1" 1% 1'
#3956625 0)
#3956875 0! 0" 0# 0$
#3957125 0*
#3958125 1*
#3958375 1)
#3958625 0& 0' 0(
#3958750 1! 1" 1# 1$
#3959500 0)
#3959750 1' 1(
#3960000 0+
#3961000 1+
#3961250 1)
#3962375 0! 0" 0(
#3962500 1&
#3963250 0)
#3963500 1! 1" 0# 0% 1(
#3963750 0*
#3964000 1-
#3964750 1*
#3965000 1)
#3965250 1# 1%
#3966000 0)
#3967750 1)
#3968000 0$ 0&
#3968875 0)
#3969000 0! 0#
#3969125 0" 1& 0'
#3969375 0*
#3970375 1*
#3970625 1)
#3970750 0-
#3970875 1! 1" 1# 1$ 1'
#3971625 0)
#3971875 0! 0" 0#
#3972125 0*
#3973125 1*
#3973375 1)
#3973625 1! 0& 0' 0(
#3973750 1" 1#
#3974500 0)
#3974750 1' 1(
#3975000 0+
#3976000 1+
#3976125 1)
#3977375 0! 0" 1& 0(
#3978250 0)
#3978500 0% 1(
#3978750 0*
#3979000 1-
#3979750 1*
#3979875 1)
#3980250 1! 1" 1%
#3981000 0)
#3982500 00
#3982750 1)
#3983000 0$ 0&
#3983875 0)
#3984000 0! 0" 0'
#3984125 1&
#3984375 0*
#3985375 1*
#3985500 1)
#3985625 0-
#3985875 1! 1" 1$ 1'
#3986625 0)
#3986875 0! 0" 0# 0$ 0%
#3987125 0*
#3988125 1*
#3988375 1)
#3988625 1! 1" 1# 1$ 0& 0' 0(
#3988750 1%
#3989500 0) 10
#3989750 1' 1(
#3990000 0+
#3991000 1+
#3991125 1)
#3992375 0! 0" 1& 0(
#3993250 0)
#3993375 0%
#3993500 1! 1(
#3993750 0*
#3994000 1-
#3994750 1*
#3994875 1)
#3995250 1" 1%
#3996000 0)
#3997750 1)
#3998000 0$ 0&
#3998875 0)
#3999000 0! 0" 0# 0'
#3999125 1$ 1&
#3999375 0*
#4000375 1*
#4000500 1)
#4000625 0-
#4000875 1! 1" 1# 1'
#4001625 0)
#4001875 0! 0" 0# 0%
#4002125 0*
#4003125 1*
#4003375 1)
#4003625 1! 1" 1# 1% 0& 0' 0(
#4004500 0)
#4004750 1' 1(
#4005000 0+
#4006000 1+
#4006125 1)
#4007375 0! 0" 1& 0(
#4008250 0)
#4008375 0%
#4008500 1" 1(
#4008750 0*
#4009000 1-
#4009750 1*
#4009875 1)
#4010125 0# 0$ 0& 0(
#4010250 1!
#4011000 0)
#4011250 1# 1$ 1% 1&
#4011500 0+
#4012500 1+
#4012750 1)
#4013000 0$ 0& 1(
#4013875 0)
#4014000 0! 0" 0'
#4014125 1$ 1&
#4014375 0*
#4015375 1*
#4015500 1)
#4015625 0-
#4015875 1! 1" 1'
#4016625 0)
#4016875 0! 0" 0# 0$
#4017125 0*
#4018125 1*
#4018375 1)
#4018625 1! 1" 1# 1$ 0& 0' 0(
#4019500 0)
#4019750 1' 1(
#4020000 0+
#4021000 1+
#4021125 1)
#4022375 0! 0" 1& 0(
#4023125 0)
#4023375 0%
#4023500 1! 1" 1(
#4023625 0*
#4024000 1-
#4024750 1*
#4024875 1)
#4025250 1%
#4026000 0)
#4027750 1)
#4028000 0$ 0&
#4028875 0)
#4029000 0! 0" 0# 0%
#4029250 0*
#4030375 1*
#4030500 1)
#4030625 0-
#4030875 1! 1" 1# 1$ 1% 1&
#4031625 0)
#4031875 0! 0" 0#
#4032125 0*
#4033125 1*
#4033375 1)
#4033625 1! 1" 1# 0& 0' 0(
#4034375 0)
#4034750 1' 1(
#4035000 0+
#4036000 1+
#4036125 1)
#4037375 0! 0" 1& 0(
#4038125 0)
#4038375 0# 0$ 1(
#4038625 0*
#4039000 1-
#4039750 1*
#4039875 1)
#4040250 1! 1" 1# 1$
#4041000 0)
#4042750 1)
#4043000 0$ 0&
#4043750 0)
#4044000 0! 0" 0%
#4044250 0*
#4045375 1*
#4045500 1)
#4045625 0-
#4045875 1! 1" 1$ 1% 1&
#4046625 0)
#4046875 0! 0" 0# 0$ 0%
#4047125 0*
#4048125 1*
#4048375 1)
#4048625 1! 1" 1# 1$ 1% 0& 0' 0(
#4049375 0)
#4049750 1' 1(
#4050000 0+
#4051000 1+
#4051125 1)
#4052375 0! 0" 1& 0(
#4053125 0)
#4053375 0# 0$ 1(
#4053500 1!
#4053625 0*
#4054000 1-
#4054750 1*
#4054875 1)
#4055250 1" 1# 1$
#4056000 0)
#4057750 1)
#4058000 0$ 0& 00
#4058750 0)
#4059000 0! 0" 0# 0%
#4059125 1$
#4059250 0*
#4060375 1*
#4060500 1)
#4060625 0-
#4060875 1! 1" 1# 1% 1&
#4061625 0)
#4061875 0! 0" 0# 0%
#4062125 0*
#4063125 1*
#4063375 1)
#4063625 1! 1" 1# 1% 0& 0' 0(
#4064375 0)
#4064750 1' 1(
#4065000 0+ 10
#4066000 1+
#4066125 1)
#4067375 0! 0" 1& 0(
#4068125 0)
#4068375 0# 0$
#4068500 1" 1(
#4068625 0*
#4069000 1-
#4069750 1*
#4069875 1)
#4070125 0" 0% 0& 0(
#4070250 1#
#4071000 0)
#4071250 1! 1" 1$ 1% 1&
#4071500 0*
#4072500 1*
#4072750 1)
#4073000 0$ 0& 1(
#4073750 0)
#4074000 0! 0" 0%
#4074125 1$
#4074250 0*
#4075375 1*
#4075500 1)
#4075625 0-
#4075875 1! 1" 1% 1&
#4076625 0)
#4076875 0! 0" 0# 0$
#4077125 0*
#4078125 1*
#4078375 1)
#4078625 1! 1" 1# 1$ 0& 0' 0(
#4079375 0)
#4079750 1' 1(
#4080000 0+
#4081000 1+
#4081125 1)
#4082375 0! 0" 1& 0(
#4083125 0)
#4083375 0# 0$
#4083500 1! 1" 1(
#4083625 0*
#4084000 1-
#4084750 1*
#4084875 1)
#4085250 1# 1$
#4086000 0)
#4087750 1)
#4088000 0$ 0&
#4088875 0)
#4089000 0! 0" 0#
#4089250 0*
#4090375 1*
#4090500 1)
#4090625 0-
#4090875 1! 1" 1# 1$ 1&
#4091625 0)
#4091875 0! 0" 0#
#4092125 0*
#4093125 1*
#4093375 1)
#4093625 1! 1" 1# 0& 0' 0(
#4094500 0)
#4094750 1' 1(
#4095000 0+
