$date Fri Sep 11 13:29:08 2026 $end
$version libsigrok 0.5.2 $end
$comment
  Acquisition with 16/16 channels at 80 MHz
$end
$timescale 100 ps $end
$scope module libsigrok $end
$var wire 1 ! A0 $end
$var wire 1 " A1 $end
$var wire 1 # A2 $end
$var wire 1 $ A3 $end
$var wire 1 % A4 $end
$var wire 1 & A5 $end
$var wire 1 ' A6 $end
$var wire 1 ( A7 $end
$var wire 1 ) RAS $end
$var wire 1 * CAS0 $end
$var wire 1 + CAS1 $end
$var wire 1 , R/W $end
$var wire 1 - VDS $end
$var wire 1 . IRQ $end
$var wire 1 / CSW $end
$var wire 1 0 CSR $end
$upscope $end
$enddefinitions $end
#0 1! 1" 1# 1$ 1% 1& 1' 1( 0) 1* 0+ 1, 0- 0. 1/ 10
#125 0# 0$ 0% 0( 1) 1+ 0/
#250 1# 1$ 1% 1( 1/
#625 0)
#1125 0+
#2125 1+
#2250 1)
#3500 0! 0" 0(
#4375 0)
#4500 0# 0$ 0% 0&
#4625 1"
#4875 0*
#5125 1-
#5875 1*
#6000 1)
#6250 0"
#7125 0)
#7375 1! 1" 1# 1$ 1% 1&
#7625 0*
#8625 1*
#8875 1)
#9125 0$ 0& 1(
#10000 0)
#10125 0! 0" 0% 0'
#10250 1$
#10500 0*
#11500 1*
#11625 1)
#11750 0-
#11875 0#
#12000 1! 1" 1% 1& 1'
#12750 0)
#13000 0! 0" 1# 0$
#13250 0*
#14250 1*
#14500 1)
#14750 1!
#14875 1" 1$
#15625 0)
#16125 0+
#17125 1+
#17250 1)
#18500 0! 0" 0(
#19375 0)
#19500 0# 0$ 0% 0&
#19625 1! 1"
#19875 0*
#20125 1-
#20875 1*
#21000 1)
#21375 1# 1$ 1% 1& 1(
#21750 00
#22125 0)
#23875 1)
#24125 0$ 0&
#25000 0)
#25125 0! 0#
#25250 0" 0'
#25500 0*
#26500 1*
#26625 1)
#26750 0-
#27000 1! 1" 1$ 1& 1'
#27750 0)
#28000 0! 0"
#28125 1#
#28250 0*
#28750 10
#29250 1*
#29500 1)
#29750 1!
#29875 1"
#30625 0)
#31125 0+
#32125 1+
#32375 1)
#33500 0! 0" 0(
#34375 0)
#34500 0&
#34625 0$ 0%
#34875 0*
#35125 1-
#35875 1*
#36125 1)
#36375 1! 1" 1$ 1% 1& 1(
#37125 0)
#38875 1)
#39125 0$ 0&
#40000 0)
#40125 0! 0"
#40250 0'
#40500 0*
#41500 1*
#41750 1)
#41875 0-
#42000 1! 1" 0# 1$ 1& 1'
#42750 0)
#43000 0! 0" 0$ 0%
#43125 1#
#43250 0*
#44250 1*
#44500 1)
#44875 1! 1" 1$ 1%
#45625 0)
#46125 0+
#47125 1+
#47375 1)
#48500 0! 0" 0(
#49375 0)
#49500 0%
#49625 1! 0$ 0&
#49875 0*
#50125 1-
#50875 1*
#51125 1)
#51375 1" 1$ 1% 1& 1(
#52125 0)
#53875 1)
#54125 0$ 0&
#55000 0)
#55250 0! 0" 0# 1$ 0'
#55500 0*
#56500 1*
#56750 1)
#56875 0-
#57000 1! 1" 1& 1'
#57750 0)
#58000 0! 0" 0%
#58125 1#
#58250 0*
#59250 1*
#59500 1)
#59875 1! 1" 1%
#60625 0)
#61125 0+
#62125 1+
#62375 1)
#63500 0! 0" 0(
#64375 0)
#64500 0%
#64625 1" 0$ 0&
#64875 0*
#65125 1-
#65875 1*
#66125 1)
#66250 0" 0#
#66375 1!
#67125 0)
#67500 1" 1# 1$ 1% 1&
#67750 0+
#68750 1+
#68875 1)
#69125 0$ 0& 1(
#70000 0)
#70125 0! 0"
#70250 1$ 0'
#70500 0*
#71500 1*
#71750 1)
#71875 0# 0-
#72000 1! 1" 1& 1'
#72750 0)
#73000 0! 0" 0$
#73125 1#
#73250 0*
#74250 1*
#74500 1)
#74875 1! 1" 1$
#75625 0)
#76125 0+
#77125 1+
#77375 1)
#78500 0! 0" 0(
#79375 0)
#79500 0&
#79625 1! 1" 0$ 0%
#79875 0*
#80125 1-
#80875 1*
#81125 1)
#81375 1$ 1% 1& 1(
#82125 0)
#83875 1)
#84125 0$ 0&
#85000 0)
#85125 0!
#85250 0" 0# 0% 1& 0'
#85500 0*
#86500 1*
#86750 1) 0-
#87000 1! 1" 1$ 1% 1'
#87750 0)
#88000 0! 0"
#88125 1#
#88250 0*
#89250 1*
#89500 1)
#89750 1!
#89875 1"
#90625 0)
#91125 0+
#92125 1+
#92250 1)
#93500 0! 0" 0(
#94375 0)
#94500 0# 0%
#94625 0&
#94875 0*
#95125 1-
#95875 1*
#96000 1)
#96375 1! 1" 1# 1% 1& 1(
#97125 0)
#98875 1)
#99125 0$ 0&
#100000 0)
#100125 0! 0" 0%
#100250 1& 0'
#100500 0*
#101500 1*
#101625 1)
#101750 0-
#101875 0#
#102000 1! 1" 1$ 1% 1'
#102750 0)
#103000 0! 0" 1# 0$ 0%
#103250 0*
#104250 1*
#104500 1)
#104750 1!
#104875 1" 1$ 1%
#105625 0)
#106125 0+
#107125 1+
#107250 1)
#108500 0! 0" 0(
#109375 0)
#109500 0# 0% 0&
#109625 1!
#109875 0*
#110125 1-
#110875 1*
#111000 1)
#111375 1" 1# 1% 1& 1(
#112125 0)
#113875 1)
#114125 0$ 0&
#115000 0)
#115125 0! 0" 0# 0% 0'
#115250 1$ 1&
#115500 0*
#116500 1*
#116625 1)
#116750 0-
#117000 1! 1" 1% 1'
#117750 0)
#118000 0! 0" 1# 0%
#118250 0*
#119250 1*
#119500 1)
#119750 1! 1" 1%
#120625 0)
#121125 0+
#122125 1+
#122250 1)
#123500 0! 0" 0(
#124375 0)
#124500 0# 0% 0&
#124625 1"
#124875 0*
#125125 1-
#125875 1*
#126000 1)
#126250 0$
#127125 0)
#127375 1! 1# 1$ 1% 1&
#127625 0*
#128625 1*
#128875 1)
#129125 0$ 0& 1(
#130000 0)
#130125 0! 0" 0% 0'
#130250 1$ 1&
#130375 0*
#131500 1*
#131625 1)
#131750 0-
#131875 0#
#132000 1! 1" 1% 1'
#132750 0)
#133000 0! 0" 1# 0$
#133250 0*
#134250 1*
#134500 1)
#134750 1! 1" 1$
#135625 0)
#136125 0+
#137125 1+
#137250 1)
#138500 0! 0" 0(
#139250 0)
#139500 1! 0# 0% 0&
#139625 1"
#139750 0*
#140125 1-
#140875 1*
#141000 1)
#141375 1# 1% 1& 1(
#142125 0)
#143875 1)
#144125 0$ 0&
#144875 0)
#145125 0! 0" 0# 1& 0'
#145375 0*
#146375 1*
#146625 1)
#146750 0-
#147000 1! 1" 1$ 1'
#147750 0)
#147875 0! 0"
#148000 1#
#148250 0*
#149250 1*
#149500 1)
#149750 1! 1"
#150500 0)
#151125 0+
#152125 1+
#152250 1)
#153500 0! 0" 0(
#154250 0)
#154500 0% 0&
#154750 0*
#155125 1-
#155750 1*
#156000 1)
#156375 1! 1" 1% 1& 1(
#157125 0)
#158875 1)
#159125 0$ 0&
#159875 0)
#160125 0! 0" 1& 0'
#160375 0*
#161375 1*
#161625 1)
#161750 0-
#161875 0#
#162000 1! 1" 1$ 1'
#162750 0)
#162875 0! 0"
#163000 1# 0$ 0%
#163250 0*
#164250 1*
#164375 1)
#164750 1! 1" 1$ 1%
#165500 0)
#166000 0+
#167000 1+
#167250 1)
#168375 0!
#168500 0" 0(
#169250 0)
#169500 1! 0% 0&
#169750 0*
#170125 1-
#170750 1*
#171000 1)
#171250 1(
#171375 1" 1% 1&
#172125 0)
#173750 1)
#174000 0&
#174125 0$
#174875 0)
#175125 0! 0" 0# 1$ 1& 0'
#175375 0*
#176375 1*
#176625 1)
#176750 0-
#176875 1!
#177000 1" 1'
#177750 0)
#177875 0! 0"
#178000 1# 0%
#178250 0*
#179250 1*
#179375 1)
#179750 1! 1" 1%
#180500 0)
#181000 0+
#182000 1+
#182250 1)
#183375 0! 0"
#183500 0(
#184250 0)
#184500 1" 0% 0&
#184750 0*
#185125 1-
#185750 1*
#186000 1)
#186250 1! 0# 0$
#187125 0)
#187375 1# 1$ 1% 1&
#187625 0+
#188625 1+
#188750 1)
#189000 0$ 0&
#189125 1(
#189875 0)
#190125 0! 0" 1$ 1& 0'
#190375 0*
#191375 1*
#191625 1)
#191750 0-
#191875 1! 0# 1'
#192000 1"
#192125 0/
#192750 0)
#192875 0! 0" 0$
#193000 1#
#193125 0*
#194250 1*
#194375 1)
#194750 1! 1" 1$
#195500 0)
#196000 0+
#197000 1+
#197250 1)
#198375 0! 0" 0(
#199125 1/
#199250 0)
#199500 1! 1" 0% 0&
#199750 0*
#200125 1-
#200750 1*
#201000 1)
#201250 1% 1& 1(
#202125 0)
#203750 1)
#204000 0$ 0&
#204875 0)
#205125 0! 0" 0# 0%
#205375 0*
#206375 1*
#206625 1)
#206750 0-
#206875 1! 1" 1% 1&
#207000 1$
#207750 0)
#207875 0! 0"
#208000 1#
#208125 0*
#209250 1*
#209375 1)
#209750 1! 1"
#210500 0)
#211000 0+
#212000 1+
#212250 1)
#213375 0! 0" 0(
#214250 0)
#214500 0# 0$ 0&
#214750 0*
#215125 1-
#215750 1*
#216000 1)
#216250 1! 1" 1# 1$ 1& 1(
#217000 0)
#218750 1)
#219000 0$ 0&
#219875 0)
#220000 0!
#220125 0" 0%
#220375 0*
#221375 1*
#221625 1)
#221750 0-
#221875 1! 1" 0# 1$ 1% 1&
#222625 0)
#222875 0! 0" 0$ 0%
#223000 1#
#223125 0*
#224125 1*
#224375 1)
#224750 1! 1" 1$ 1%
#225500 0)
#226000 0+
#227000 1+
#227250 1)
#228375 0! 0" 0(
#229250 0)
#229500 1! 0# 0$ 0&
#229750 0*
#230000 1-
#230750 1*
#231000 1)
#231250 1" 1# 1$ 1& 1(
#232000 0)
#233750 1)
#234000 0$ 0&
#234875 0)
#235125 0! 0" 0# 1$ 0%
#235375 0*
#236375 1*
#236625 1)
#236750 0-
#236875 1! 1" 1% 1&
#237625 0)
#237875 0! 0" 0%
#238000 1#
#238125 0*
#239125 1*
#239375 1)
#239750 1! 1" 1%
#240500 0)
#241000 0+
#242000 1+
#242250 1)
#243375 0! 0" 0(
#244250 0)
#244500 1" 0# 0$ 0&
#244750 0*
#245000 1-
#245750 1*
#246000 1)
#246125 0"
#246250 1# 0%
#247000 0)
#247375 1! 1" 1$ 1% 1&
#247500 0*
#248125 0/
#248500 1*
#248750 1)
#249000 0$ 0& 1(
#249875 0)
#250000 0! 0"
#250125 1$ 0%
#250375 0*
#251375 1*
#251625 1)
#251750 0-
#251875 1! 1" 0# 1% 1&
#252625 0)
#252875 0! 0" 0$
#253000 1#
#253125 0*
#254125 1*
#254375 1)
#254750 1! 1" 1$
#255125 1/
#255500 0)
#256000 0+
#257000 1+
#257250 1)
#258375 0! 0" 0(
#259250 0)
#259500 1! 1" 0# 0$ 0&
#259750 0*
#260000 1-
#260750 1*
#261000 1)
#261250 1# 1$ 1& 1(
#262000 0)
#263750 1)
#264000 0$ 0&
#264875 0)
#265000 0! 0#
#265125 0"
#265375 0*
#266375 1*
#266625 1)
#266750 0-
#266875 1! 1" 1$ 1&
#267625 0)
#267875 0! 0"
#268000 1#
#268125 0*
#269125 1*
#269375 1)
#269750 1! 1"
#270500 0)
#271000 0+
#272000 1+
#272250 1)
#273375 0! 0" 0(
#274250 0)
#274500 0$ 0&
#274750 0*
#275000 1-
#275750 1*
#276000 1)
#276250 1! 1" 1$ 1& 1(
#277000 0)
#278750 1)
#279000 0$ 0&
#279875 0)
#280000 0! 0"
#280375 0*
#281375 1*
#281625 1)
#281750 0-
#281875 1! 1" 0# 1$ 1&
#282625 0)
#282875 0! 0" 0$ 0%
#283000 1#
#283125 0*
#284125 1*
#284375 1)
#284750 1! 1" 1$ 1%
#285500 0)
#286000 0+
#287000 1+
#287250 1)
#288375 0! 0" 0(
#289250 0)
#289500 1! 0$ 0&
#289750 0*
#290125 1-
#290750 1*
#291000 1)
#291250 1" 1$ 1& 1(
#292125 0)
#293750 1)
#294000 0$ 0&
#294875 0)
#295125 0! 0" 0# 1$
#295375 0*
#296375 1*
#296625 1)
#296750 0-
#296875 1! 1" 1&
#297750 0)
#297875 0! 0" 0%
#298000 1#
#298125 0*
#299250 1*
#299375 1)
#299750 1! 1" 1%
#300500 0)
#301000 0+
#302000 1+
#302250 1)
#303375 0! 0" 0(
#304250 0)
#304500 1" 0$ 0&
#304750 0*
#305125 1-
#305750 1*
#306000 1)
#306250 1! 0" 0%
#307125 0)
#307375 1" 1$ 1% 1&
#307625 0+
#308625 1+
#308750 1)
#309000 0$ 0&
#309125 1(
#309875 0)
#310125 0! 0" 1$
#310375 0*
#311375 1*
#311625 1)
#311750 0-
#311875 1! 0# 1&
#312000 1"
#312750 0)
#312875 0! 0" 0$
#313000 1#
#313250 0*
#314250 1*
#314375 1)
#314750 1! 1" 1$
#315500 0)
#316000 0+
#317000 1+
#317250 1)
#318375 0! 0"
#318500 0(
#319250 0)
#319500 1! 1" 0$ 0&
#319750 0*
#320125 1-
#320750 1*
#321000 1)
#321250 1(
#321375 1$ 1&
#322125 0)
#323750 1)
#324000 0&
#324125 0$
#324875 0)
#325125 0! 0" 0# 0% 1&
#325375 0*
#326375 1*
#326625 1)
#326750 0-
#327000 1! 1" 1$ 1%
#327750 0)
#327875 0! 0"
#328000 1#
#328250 0*
#329250 1*
#329375 1)
#329750 1! 1"
#330500 0)
#331000 0+
#332000 1+
#332250 1)
#333375 0!
#333500 0" 0(
#334250 0)
#334500 0# 0&
#334750 0*
#335125 1-
#335750 1*
#336000 1)
#336375 1! 1" 1# 1& 1(
#337125 0)
#338875 1)
#339125 0$ 0&
#339875 0)
#340125 0! 0" 0% 1&
#340375 0*
#341375 1*
#341625 1)
#341750 0-
#341875 0#
#342000 1! 1" 1$ 1%
#342750 0)
#342875 0!
#343000 0" 1# 0$ 0%
#343250 0*
#344250 1*
#344500 1)
#344750 1! 1" 1$ 1%
#345500 0)
#346125 0+
#347125 1+
#347250 1)
#348500 0! 0" 0(
#349250 0)
#349500 1! 0# 0&
#349750 0*
#350125 1-
#350875 1*
#351000 1)
#351375 1" 1# 1& 1(
#352125 0)
#353875 1)
#354125 0$ 0&
#355000 0)
#355125 0! 0" 0# 0%
#355250 1$ 1&
#355375 0*
#356500 1*
#356625 1)
#356750 0-
#357000 1! 1" 1%
#357750 0)
#358000 0! 0" 1# 0%
#358250 0*
#359250 1*
#359500 1)
#359750 1! 1" 1%
#360625 0)
#361125 0+
#362125 1+
#362250 1)
#363500 0! 0" 0(
#364375 0)
#364500 0# 0&
#364625 1"
#364875 0*
#365125 1-
#365875 1*
#366000 1)
#366250 0$ 0%
#366375 1#
#367125 0)
#367375 1! 1$ 1% 1&
#367625 0*
#368625 1*
#368875 1)
#369125 0$ 0& 1(
#370000 0)
#370125 0! 0" 0%
#370250 1$ 1&
#370500 0*
#371500 1*
#371625 1)
#371750 0-
#371875 0#
#372000 1! 1" 1%
#372750 0)
#373000 0! 0" 1# 0$
#373250 0*
#374250 1*
#374500 1)
#374750 1!
#374875 1" 1$
#375625 0)
#376125 0+
#377125 1+
#377250 1)
#378500 0! 0" 0(
#379375 0) 0/
#379500 0# 0&
#379625 1! 1"
#379875 0*
#380125 1-
#380875 1*
#381125 1)
#381375 1# 1& 1(
#382125 0)
#383875 1)
#384125 0$ 0&
#385000 0)
#385125 0! 0" 0#
#385250 1&
#385500 0*
#386375 1/
#386500 1*
#386750 1)
#386875 0-
#387000 1! 1" 1$
#387750 0)
#388000 0! 0"
#388125 1#
#388250 0*
#389250 1*
#389500 1)
#389875 1! 1"
#390625 0)
#391125 0+
#392125 1+
#392375 1)
#393500 0! 0" 0(
#394375 0)
#394625 0&
#394875 0*
#395125 1-
#395875 1*
#396125 1)
#396375 1! 1" 1& 1(
#397250 0)
#398875 1)
#399125 0$ 0&
#400000 0)
#400250 0! 0" 1&
#400500 0*
#401500 1*
#401750 1)
#401875 0-
#402000 1! 1" 0#
#402125 1$
#402875 0)
#403000 0! 0" 0$ 0%
#403125 1#
#403250 0*
#404375 1*
#404500 1)
#404875 1! 1" 1$ 1%
#405625 0)
#406125 0+
#407125 1+
#407375 1)
#408500 0! 0" 0(
#409375 0)
#409625 1! 0&
#409875 0*
#410250 1-
#410875 1*
#411125 1)
#411375 1(
#411500 1" 1&
#412250 0)
#413875 1)
#414125 0&
#414250 0$
#415000 0)
#415250 0! 0" 0# 1$ 1&
#415500 0*
#416500 1*
#416750 1)
#416875 0-
#417000 1!
#417125 1"
#417875 0)
#418000 0! 0"
#418125 1# 0%
#418375 0*
#419375 1*
#419500 1)
#419875 1! 1" 1%
#420625 0)
#421125 0+
#422125 1+
#422375 1)
#423500 0!
#423625 0" 0(
#424375 0)
#424625 1" 0&
#424875 0*
#425250 1-
#425875 1*
#426125 1)
#426375 1! 0$ 0%
#427250 0)
#427500 1$ 1% 1&
#427750 0+
#428750 1+
#429000 1)
#429125 0&
#429250 0$ 1(
#430000 0)
#430250 0! 0" 1&
#430375 1$
#430500 0*
#431500 1*
#431750 1)
#431875 0-
#432000 0#
#432125 1! 1"
#432875 0)
#433000 0! 0"
#433125 1# 0$
#433375 0*
#434375 1*
#434625 1)
#434875 1! 1" 1$
#435375 0/
#435625 0)
#436250 0+
#437250 1+
#437375 1)
#438625 0! 0" 0(
#439375 0)
#439625 1! 0&
#439750 1"
#439875 0*
#440250 1-
#440875 1*
#441125 1)
#441500 1& 1(
#442250 0)
#442375 1/
#444000 1)
#445000 0)
#445625 0+
#446625 1+
#446750 1)
#446875 0-
#447000 0#
#447875 0)
#448125 0! 0" 1#
#448375 0*
#449375 1*
#449625 1)
#449875 1! 1"
#450750 0)
#451250 0+
#452250 1+
#452375 1)
#455250 1-
#455500 0$ 0&
#456375 0)
#456500 0! 0" 0%
#456750 0*
#457875 1*
#458500 1!
#458750 0*
#459750 1*
#460250 0!
#460375 1"
#460625 0*
#461625 1*
#462250 1!
#462500 0*
#463500 1*
#464000 0! 0"
#464125 1$ 1% 1&
#464375 0*
#465375 1*
#466000 1!
#466250 0*
#467250 1*
#467375 1)
#467625 0# 0$ 0% 0&
#467750 0! 0(
#468500 0)
#468750 0'
#469000 0+
#470000 1+
#470250 1)
#470500 1' 1(
#470625 1" 1$ 1%
#471375 0)
#471500 0$ 0% 0' 0(
#471625 1&
#471875 0*
#472875 1*
#473500 1%
#473750 0*
#474750 1*
#474875 1)
#475125 0&
#475250 1! 1# 1' 1(
#476000 0)
#476250 0! 0# 1&
#476500 0*
#477500 1*
#477750 1)
#478000 0" 0&
#478125 1$
#478875 0)
#479000 0$ 0% 0'
#479125 1!
#479375 0*
#480375 1*
#481000 1%
#481250 0*
#482250 1*
#482375 1)
#482750 1" 1# 1'
#483500 0)
#483750 0" 0# 1&
#484000 0*
#485000 1*
#485250 1)
#485500 1" 0&
#485625 1#
#486375 0)
#486500 0! 0"
#486625 1$ 1&
#486875 0*
#487875 1*
#488500 1!
#488750 0*
#489750 1*
#490250 0!
#490375 1"
#490625 0*
#491625 1*
#492250 1!
#492500 0*
#493500 1*
#494000 0! 0"
#494375 0*
#495375 1*
#496375 1!
#496625 0*
#497625 1*
#497875 1)
#498250 1"
#499000 0)
#500750 1)
#501000 0# 0&
#501750 0)
#502000 0! 0$ 0% 1&
#502250 0*
#503250 1*
#504000 1%
#504125 0*
#505125 1*
#505375 1)
#505625 0&
#505750 1! 1#
#506500 0)
#506625 0!
#506750 0# 1&
#507000 0*
#508000 1*
#508250 1)
#508500 0" 1$ 0&
#509250 0)
#509500 0$ 0% 0'
#509625 1! 1"
#509750 0*
#510750 1*
#511500 1%
#511625 0*
#512625 1*
#512875 1)
#513250 1# 1'
#514000 0)
#514250 0# 1&
#514500 0*
#515500 1*
#515750 1)
#516000 1# 0&
#516750 0)
#517000 0! 0" 1&
#517125 1$
#517250 0*
#518250 1*
#518875 1!
#519125 0*
#520125 1*
#520750 0!
#520875 1"
#521000 0*
#522000 1*
#522625 1!
#522875 0*
#523875 1*
#524500 0! 0"
#524750 0*
#525750 1*
#526375 1!
#526625 0*
#527500 0/
#527625 1*
#527875 1)
#528250 1"
#529000 0)
#530750 1)
#531000 0# 0&
#531750 0)
#532000 0! 0$ 0% 1&
#532250 0*
#533250 1*
#533875 1%
#534125 0*
#534500 1/
#535125 1*
#535375 1)
#535625 0&
#535750 1! 1#
#536500 0)
#536625 0! 0#
#536750 1&
#537000 0*
#538000 1*
#538125 1)
#538375 0&
#538500 0" 1$
#539250 0)
#539500 1! 1" 0$ 0% 0'
#539750 0*
#540750 1*
#541375 1%
#541625 0*
#542625 1*
#542875 1)
#543250 1# 1'
#544000 0)
#544125 0#
#544250 1&
#544500 0*
#545500 1*
#545625 1)
#545875 0&
#546000 1#
#546750 0)
#547000 0! 0" 1$ 1&
#547250 0*
#548250 1*
#548875 1!
#549125 0*
#550125 1*
#550750 0! 1"
#551000 0*
#552000 1*
#552625 1!
#552875 0*
#553875 1*
#554500 0! 0"
#554750 0*
#555750 1*
#556375 1!
#556625 0*
#557625 1*
#557875 1)
#558250 1"
#559000 0)
#560625 1)
#560875 0# 0&
#561750 0)
#562000 0! 0$ 0% 1&
#562250 0*
#563250 1*
#563875 1%
#564125 0*
#565125 1*
#565375 1)
#565625 1! 0&
#565750 1#
#566500 0)
#566625 0! 0#
#566750 1&
#566875 0*
#568000 1*
#568125 1)
#568375 0" 0&
#568500 1$
#569250 0)
#569500 1! 1" 0$ 0% 0'
#569750 0*
#570750 1*
#571375 1%
#571625 0*
#572625 1*
#572875 1)
#573125 1# 1'
#573875 0)
#574125 0#
#574250 1&
#574375 0*
#575500 1*
#575625 1)
#583500 0/
#590500 1/
#591000 1# 1$
#591750 0)
#593375 1)
#595500 0)
#597125 1)
#599250 0)
#599750 0+
#600750 1+
#600875 1)
#602000 0)
#603750 1)
#604000 0$ 0&
#604875 0)
#605000 0! 0" 0# 0% 0'
#605375 0*
#606375 1*
#606500 1)
#606875 1! 1" 1# 1$ 1% 1& 1'
#607625 0)
#608125 0+
#609125 1+
#609375 1)
#610500 0)
#611000 0+
#612000 1+
#612125 1)
#613375 0! 0" 0(
#614250 0)
#614375 0# 0$ 0% 0&
#614750 0*
#615750 1*
#615875 1)
#616250 1! 1" 1# 1$ 1% 1& 1(
#617000 0)
#618750 1)
#619000 0$ 0&
#619875 0)
#620000 0! 0" 0% 0'
#620250 0*
#621375 1*
#621500 1)
#621625 0-
#621750 0#
#621875 1! 1" 1$ 1% 1& 1'
#622625 0)
#622875 0! 0" 1# 0$ 0%
#623125 0*
#624125 1*
#624375 1)
#624625 1! 1" 1$ 1%
#625500 0)
#626000 0+
#627000 1+
#627125 1)
#628375 0! 0" 0(
#629125 0)
#629375 1! 0# 0$ 0% 0&
#629625 0*
#630000 1-
#630750 1*
#630875 1)
#631250 1" 1# 1$ 1% 1& 1(
#632000 0)
#633750 1)
#634000 0$ 0&
#634750 0)
#635000 0! 0" 0# 0% 0'
#635125 1$
#635250 0*
#636250 1*
#636500 1)
#636625 0-
#636875 1! 1" 1% 1& 1'
#637625 0)
#637750 0!
#637875 0" 1# 0%
#638125 0*
#639125 1*
#639375 1)
#639625 1! 1" 1%
#640375 0)
#641000 0+
#642000 1+
#642125 1)
#643375 0! 0" 0(
#644125 0)
#644375 0# 0$ 0% 0&
#644500 1"
#644625 0*
#645000 1-
#645625 1*
#645875 1)
#646125 0"
#646250 1$
#647000 0)
#647250 1! 1" 1# 1% 1&
#647500 0*
#648500 1*
#648750 1)
#649000 0$ 0& 1(
#649750 0)
#650000 0! 0" 1$ 0% 0'
#650250 0*
#651250 1*
#651500 1)
#651625 0-
#651750 0#
#651875 1! 1" 1% 1& 1'
#652625 0)
#652750 0! 0"
#652875 1# 0$
#653125 0*
#654125 1*
#654250 1)
#654625 1! 1" 1$
#655375 0)
#655875 0+
#656875 1+
#657125 1)
#658250 0!
#658375 0" 0(
#659125 0)
#659375 1! 1" 0# 0$ 0% 0&
#659625 0*
#660000 1-
#660625 1*
#660875 1)
#661250 1# 1$ 1% 1& 1(
#662000 0)
#663625 1)
#664000 0$ 0&
#664750 0)
#665000 0! 0" 0# 0'
#665250 0*
#666250 1*
#666500 1)
#666625 0-
#666875 1! 1" 1$ 1& 1'
#667625 0)
#667750 0! 0"
#667875 1#
#668125 0*
#669125 1*
#669250 1)
#669625 1! 1"
#670375 0)
#670875 0+
#671875 1+
#672125 1)
#673250 0!
#673375 0" 0(
#674125 0)
#674375 0$ 0% 0&
#674625 0*
#675000 1-
#675625 1*
#675875 1)
#676250 1! 1" 1$ 1% 1& 1(
#677000 0)
#678625 1)
#678875 0&
#679000 0$
#679750 0)
#680000 0! 0" 0'
#680250 0*
#681250 1*
#681500 1)
#681625 0-
#681750 0#
#681875 1! 1" 1$ 1& 1'
#682625 0)
#682750 0! 0" 0$
#682875 1# 0%
#683125 0*
#684125 1*
#684250 1)
#684625 1! 1" 1$ 1%
#685375 0)
#685875 0+
#686875 1+
#687125 1)
#688250 0! 0"
#688375 0(
#689125 0)
#689375 1! 0$ 0% 0&
#689625 0*
#690000 1-
#690625 1*
#690875 1)
#691250 1" 1$ 1% 1& 1(
#692000 0)
#693625 1)
#693875 0&
#694000 0$
#694750 0)
#695000 0! 0" 0# 1$ 0'
#695250 0*
#696250 1*
#696500 1)
#696625 0-
#696875 1! 1" 1& 1'
#697625 0)
#697750 0! 0"
#697875 1# 0%
#698125 0*
#699125 1*
#699250 1)
#699625 1! 1" 1%
#700375 0)
#700875 0+
#701875 1+
#702125 1)
#703250 0!
#703375 0" 0(
#704125 0)
#704375 1" 0$ 0% 0&
#704625 0*
#705000 1-
#705625 1*
#705875 1)
#706125 0" 0#
#706250 1! 1$
#707000 0)
#707250 1" 1# 1% 1&
#707500 0+
#708500 1+
#708625 1)
#708875 0&
#709000 0$ 1(
#709750 0)
#710000 0! 0" 1$ 0'
#710250 0*
#711250 1*
#711500 1)
#711625 0-
#711750 0#
#711875 1! 1" 1& 1'
#712625 0)
#712750 0! 0"
#712875 1# 0$
#713125 0*
#714125 1*
#714375 1)
#714625 1! 1" 1$
#715375 0)
#715875 0+
#717000 1+
#717125 1)
#718250 0!
#718375 0" 0(
#719125 0)
#719375 1! 1" 0$ 0% 0&
#719625 0*
#720000 1-
#720625 1*
#720875 1)
#721250 1$ 1% 1& 1(
#722000 0)
#723750 1)
#724000 0$ 0&
#724750 0)
#725000 0! 0" 0# 0% 1& 0'
#725250 0*
#726250 1*
#726500 1)
#726625 0-
#726875 1! 1" 1$ 1% 1'
#727625 0)
#727750 0! 0"
#727875 1#
#728125 0*
#729125 1*
#729375 1)
#729625 1! 1"
#730375 0)
#731000 0+
#732000 1+
#732125 1)
#733375 0! 0" 0(
#734125 0)
#734375 0# 0% 0&
#734625 0*
#735000 1-
#735750 1*
#735875 1)
#736250 1! 1" 1# 1% 1& 1(
#737000 0)
#738750 1)
#739000 0$ 0&
#739875 0)
#740000 0! 0" 0% 0'
#740125 1&
#740250 0*
#741375 1*
#741500 1)
#741625 0-
#741750 0#
#741875 1! 1" 1$ 1% 1'
#742625 0)
#742875 0! 0" 1# 0$ 0%
#743125 0*
#744125 1*
#744375 1)
#744625 1! 1" 1$ 1%
#745500 0)
#746000 0+
#747000 1+
#747125 1)
#748375 0! 0" 0(
#749250 0)
#749375 0# 0% 0&
#749500 1!
#749750 0*
#750000 1-
#750750 1*
#750875 1)
#751250 1" 1# 1% 1& 1(
#752000 0)
#753750 1)
#754000 0$ 0&
#754875 0)
#755000 0! 0" 0# 0% 0'
#755125 1$ 1&
#755375 0*
#756375 1*
#756500 1)
#756625 0-
#756875 1! 1" 1% 1' 00
#757625 0)
#757875 0! 0" 1# 0%
#758125 0*
#759125 1*
#759375 1)
#759625 1!
#759750 1" 1%
#760500 0)
#761000 0+
#762000 1+
#762125 1)
#763375 0! 0" 0(
#763750 10
#764250 0)
#764375 0# 0% 0&
#764500 1"
#764750 0*
#765000 1-
#765750 1*
#766000 1)
#767000 0)
#767250 1! 1&
#767375 1# 1%
#767500 0*
#768500 1*
#768750 1)
#769000 0$ 0& 1(
#769875 0)
#770000 0!
#770125 0" 1$ 0% 1& 0'
#770375 0*
#771375 1*
#771625 1)
#771750 0# 0-
#771875 1! 1" 1% 1'
#772625 0)
#772875 0! 0" 0$
#773000 1#
#773125 0*
#774125 1*
#774375 1)
#774750 1! 1" 1$
#775500 0)
#776000 0+
#777000 1+
#777250 1)
#778375 0! 0" 0(
#779250 0)
#779500 1! 1" 0# 0% 0&
#779750 0*
#780125 1-
#780750 1*
#781000 1)
#781250 1# 1% 1& 1(
#782125 0)
#783750 1)
#784000 0$ 0&
#784875 0)
#785125 0! 0" 0# 1& 0'
#785375 0*
#786375 1*
#786625 1)
#786750 0-
#786875 1! 1'
#787000 1" 1$
#787750 0)
#787875 0! 0"
#788000 1#
#788250 0*
#789250 1*
#789375 1)
#789750 1! 1"
#790500 0)
#791000 0+
#792000 1+
#792250 1)
#793375 0! 0"
#793500 0(
#794250 0)
#794500 0% 0&
#794750 0*
#795125 1-
#795750 1*
#796000 1)
#796250 1(
#796375 1! 1" 1% 1&
#797125 0)
#798750 1)
#799000 0&
#799125 0$
#799875 0)
#800125 0! 0" 1& 0'
#800375 0*
#801375 1*
#801625 1)
#801750 0-
#801875 0#
#802000 1! 1" 1$ 1'
#802750 0)
#802875 0! 0" 0$
#803000 1# 0%
#803250 0*
#804250 1*
#804375 1)
#804750 1! 1" 1$ 1%
#805500 0)
#806000 0+
#807000 1+
#807250 1)
#808375 0!
#808500 0" 0(
#809250 0)
#809500 1! 0% 0&
#809750 0*
#810125 1-
#810750 1*
#811000 1)
#811375 1" 1% 1& 1(
#812125 0)
#813875 1)
#814125 0$ 0&
#814875 0)
#815125 0! 0" 0# 1& 0'
#815250 1$
#815375 0*
#816375 1*
#816625 1)
#816750 0-
#817000 1! 1" 1'
#817750 0)
#817875 0!
#818000 0" 1# 0%
#818250 0*
#819250 1*
#819500 1)
#819750 1! 1" 1%
#820625 0)
#821125 0+
#822125 1+
#822250 1)
#823500 0! 0" 0(
#824375 0)
#824500 0% 0&
#824625 1"
#824750 0*
#825125 1-
#825875 1*
#826000 1)
#826250 0#
#826375 1!
#827125 0)
#827375 1# 1% 1&
#827625 0+
#828625 1+
#828875 1)
#829125 0$ 0& 1(
#830000 0)
#830125 0! 0" 0'
#830250 1$ 1&
#830500 0*
#831500 1*
#831625 1)
#831750 0-
#831875 0#
#832000 1! 1" 1'
#832250 00
#832750 0)
#833000 0! 0" 1# 0$
#833250 0*
#834250 1*
#834500 1)
#834750 1! 1"
#834875 1$
#835625 0)
#836125 0+
#837125 1+
#837250 1)
#838500 0! 0" 0(
#839250 10
#839375 0)
#839500 0% 0&
#839625 1! 1"
#839875 0*
#840125 1-
#840875 1*
#841000 1)
#841375 1% 1& 1(
#842125 0)
#843875 1)
#844125 0$ 0&
#845000 0)
#845125 0! 0" 0# 0%
#845500 0*
#846500 1*
#846625 1)
#846750 0-
#847000 1! 1" 1$ 1% 1&
#847750 0)
#848000 0! 0"
#848125 1#
#848250 0*
#849250 1*
#849500 1)
#849750 1!
#849875 1"
#850625 0)
#851125 0+
#852125 1+
#852375 1)
#853500 0! 0" 0(
#854375 0)
#854500 0#
#854625 0$ 0&
#854875 0*
#855125 1-
#855875 1*
#856125 1)
#856375 1! 1" 1# 1$ 1& 1(
#857125 0)
#858875 1)
#859125 0$ 0&
#860000 0)
#860125 0!
#860250 0" 0%
#860500 0*
#861500 1*
#861750 1)
#861875 0-
#862000 1! 1" 0# 1$ 1% 1&
#862750 0)
#863000 0! 0" 0$ 0%
#863125 1#
#863250 0*
#864375 1*
#864500 1)
#864875 1! 1" 1$ 1%
#865625 0)
#866125 0+
#867125 1+
#867375 1)
#868500 0! 0" 0(
#869375 0)
#869625 1! 0# 0$ 0&
#869875 0*
#870250 1-
#870875 1*
#871125 1)
#871375 1# 1& 1(
#871500 1" 1$
#872250 0)
#873875 1)
#874125 0$ 0&
#875000 0)
#875250 0! 0" 0# 1$ 0%
#875500 0*
#876500 1*
#876750 1)
#876875 0-
#877000 1!
#877125 1" 1% 1&
#877875 0)
#878000 0! 0" 0%
#878125 1#
#878375 0*
#879375 1*
#879500 1)
#879875 1! 1" 1%
#880625 0)
#881125 0+
#882125 1+
#882375 1)
#883500 0! 0"
#883625 0(
#884375 0)
#884625 1" 0# 0$ 0&
#884875 0*
#885250 1-
#885875 1*
#886125 1)
#886375 0" 0%
#886500 1# 1$
#887250 0)
#887500 1! 1" 1% 1&
#887750 0*
#888750 1*
#888875 1)
#889125 0&
#889250 0$ 1(
#890000 0)
#890250 0! 0" 1$ 0%
#890500 0*
#891500 1*
#891750 1)
#891875 0-
#892000 1! 0#
#892125 1" 1% 1&
#892875 0)
#893000 0! 0" 0$
#893125 1#
#893375 0*
#894375 1*
#894500 1)
#894875 1! 1" 1$
#895625 0)
#896125 0+
#897125 1+
#897375 1)
#898500 0! 0"
#898625 0(
#899375 0)
#899625 1! 1" 0# 0$ 0&
#899875 0*
#900250 1-
#900875 1*
#901125 1)
#901500 1# 1$ 1& 1(
#902250 0)
#903875 1)
#904125 0&
#904250 0$
#905000 0)
#905250 0! 0" 0#
#905500 0*
#906500 1*
#906750 1)
#906875 0-
#907125 1! 1" 1$ 1&
#907875 0)
#908000 0! 0"
#908125 1#
#908375 0*
#909375 1*
#909500 1)
#909875 1! 1"
#910625 0)
#911125 0+
#912125 1+
#912375 1)
#913500 0! 0"
#913625 0(
#914375 0)
#914625 0$ 0&
#914875 0*
#915250 1-
#915875 1*
#916125 1)
#916500 1! 1" 1$ 1& 1(
#917250 0)
#918875 1)
#919125 0&
#919250 0$
#920000 0)
#920250 0! 0"
#920500 0*
#921500 1*
#921750 1)
#921875 0-
#922000 1! 0#
#922125 1" 1$ 1&
#922875 0)
#923000 0! 0" 0$
#923125 1# 0%
#923375 0*
#924375 1*
#924500 1)
#924875 1! 1" 1$ 1%
#925625 0)
#926125 0+
#927125 1+
#927375 1)
#928500 0! 0"
#928625 0(
#929375 0)
#929625 1! 0$ 0&
#929875 0*
#930250 1-
#930875 1*
#931125 1)
#931375 1(
#931500 1" 1$ 1&
#932250 0)
#933875 1)
#934125 0$ 0&
#935000 0)
#935250 0! 0" 0# 1$
#935500 0*
#936500 1*
#936750 1)
#936875 0-
#937000 1!
#937125 1" 1&
#937875 0)
#938000 0! 0"
#938125 1# 0%
#938375 0*
#939375 1*
#939500 1)
#939875 1! 1" 1%
#940625 0)
#941125 0+
#942125 1+
#942375 1)
#943500 0! 0"
#943625 0(
#944375 0)
#944625 1" 0$ 0&
#944875 0*
#945250 1-
#945875 1*
#946125 1)
#946375 1! 0" 0%
#946500 1$
#947250 0)
#947500 1" 1% 1&
#947750 0+
#948750 1+
#948875 1)
#949125 0$ 0&
#949250 1(
#950000 0)
#950250 0! 0" 1$
#950500 0*
#951500 1*
#951750 1)
#951875 0-
#952000 1! 0# 1&
#952125 1"
#952875 0)
#953000 0! 0" 0$
#953125 1#
#953375 0*
#954375 1*
#954500 1)
#954875 1! 1" 1$
#955625 0)
#956125 0+
#957125 1+
#957375 1)
#958500 0! 0" 0(
#959375 0)
#959625 1! 1" 0$ 0&
#959875 0*
#960250 1-
#960875 1*
#961125 1)
#961375 1$ 1& 1(
#962250 0)
#963875 1)
#964125 0$ 0&
#965000 0)
#965250 0! 0" 0# 0% 1&
#965500 0*
#966500 1*
#966750 1)
#966875 0-
#967000 1! 1" 1%
#967125 1$
#967875 0)
#968000 0! 0"
#968125 1#
#968250 0*
#969375 1*
#969500 1)
#969875 1! 1"
#970625 0)
#971125 0+
#972125 1+
#972375 1)
#973500 0! 0" 0(
#974375 0)
#974625 0# 0&
#974875 0*
#975250 1-
#975875 1*
#976125 1)
#976375 1! 1" 1# 1& 1(
#977125 0)
#978875 1)
#979125 0$ 0&
#980000 0)
#980125 0!
#980250 0" 0% 1&
#980500 0*
#981500 1*
#981750 1)
#981875 0# 0-
#982000 1! 1" 1$ 1%
#982750 0)
#983000 0! 0" 0$ 0%
#983125 1#
#983250 0*
#984250 1*
#984500 1)
#984875 1! 1" 1$ 1%
#985625 0)
#986125 0+
#987125 1+
#987375 1)
#988500 0! 0" 0(
#989375 0)
#989500 0#
#989625 1! 0&
#989875 0*
#990125 1-
#990875 1*
#991125 1)
#991375 1" 1# 1& 1(
#992125 0)
#993875 1)
#994125 0$ 0&
#995000 0)
#995125 0! 0" 0#
#995250 1$ 0% 1&
#995500 0*
#996500 1*
#996625 1)
#996750 0-
#997000 1! 1" 1%
#997750 0)
#998000 0! 0" 1# 0%
#998250 0*
#999250 1*
#999500 1)
#999750 1!
#999875 1" 1%
#1000625 0)
#1001125 0+
#1002125 1+
#1002250 1)
#1003500 0! 0" 0(
#1004375 0)
#1004500 0# 0&
#1004625 1"
#1004875 0*
#1005125 1-
#1005875 1*
#1006000 1)
#1006250 0%
#1006375 1#
#1007125 0)
#1007375 1! 1% 1&
#1007625 0*
#1008625 1*
#1008875 1)
#1009125 0$ 0& 1(
#1010000 0)
#1010125 0! 0" 0%
#1010250 1$ 1&
#1010500 0*
#1011500 1*
#1011625 1)
#1011750 0-
#1011875 0#
#1012000 1! 1" 1%
#1012750 0)
#1013000 0! 0" 1# 0$
#1013250 0*
#1014250 1*
#1014500 1)
#1014750 1! 1" 1$
#1015625 0)
#1016125 0+
#1017125 1+
#1017250 1)
#1018500 0! 0" 0(
#1019375 0)
#1019500 0# 0&
#1019625 1! 1"
#1019750 0*
#1020125 1-
#1020875 1*
#1021000 1)
#1021375 1# 1& 1(
#1022125 0)
#1023875 1)
#1024125 0$ 0&
#1025000 0)
#1025125 0! 0" 0#
#1025250 1&
#1025375 0*
#1026500 1*
#1026625 1)
#1026750 0-
#1027000 1! 1" 1$
#1027750 0)
#1027875 0!
#1028000 0" 1#
#1028250 0*
#1029250 1*
#1029500 1)
#1029750 1! 1"
#1030500 0)
#1031125 0+
#1032125 1+
#1032250 1)
#1033500 0! 0" 0(
#1034250 0)
#1034500 0&
#1034750 0*
#1035125 1-
#1035750 1*
#1036000 1)
#1036375 1! 1" 1& 1(
#1037125 0)
#1038875 1)
#1039125 0$ 0&
#1039875 0)
#1040125 0! 0" 1&
#1040375 0*
#1041375 1*
#1041625 1)
#1041750 0-
#1041875 0#
#1042000 1! 1" 1$
#1042750 0)
#1042875 0!
#1043000 0" 1# 0$ 0%
#1043250 0*
#1044250 1*
#1044500 1)
#1044750 1! 1" 1$ 1%
#1045500 0)
#1046000 0+
#1047000 1+
#1047250 1)
#1048375 0!
#1048500 0" 0(
#1049250 0)
#1049500 1! 0&
#1049750 0*
#1050125 1-
#1050750 1*
#1051000 1)
#1051375 1" 1& 1(
#1052125 0)
#1053750 1)
#1054125 0$ 0&
#1054875 0)
#1055125 0! 0" 0# 1$ 1&
#1055375 0*
#1056375 1*
#1056625 1)
#1056750 0-
#1057000 1! 1"
#1057750 0)
#1057875 0! 0"
#1058000 1# 0%
#1058250 0*
#1059250 1*
#1059375 1)
#1059750 1! 1" 1%
#1060500 0)
#1061000 0+
#1062000 1+
#1062250 1)
#1063375 0! 0"
#1063500 0(
#1064250 0)
#1064500 1" 0&
#1064750 0*
#1065125 1-
#1065750 1*
#1066000 1)
#1066250 1! 0%
#1067125 0)
#1067375 1% 1&
#1067625 0+
#1068625 1+
#1068750 1)
#1069000 0&
#1069125 0$ 1(
#1069875 0)
#1070125 0! 0" 1$ 1&
#1070375 0*
#1071375 1*
#1071625 1)
#1071750 0-
#1071875 1! 0#
#1072000 1"
#1072750 0)
#1072875 0! 0" 0$
#1073000 1#
#1073250 0*
#1074250 1*
#1074375 1)
#1074750 1! 1" 1$
#1075500 0)
#1076000 0+
#1077000 1+
#1077250 1)
#1078375 0! 0" 0(
#1079250 0)
#1079500 1! 1" 0&
#1079750 0*
#1080125 1-
#1080750 1*
#1081000 1)
#1081250 1& 1(
#1082125 0)
#1083750 1)
#1084875 0)
#1085375 0+
#1086375 1+
#1086625 1)
#1086750 0-
#1086875 0#
#1087750 0)
#1087875 0! 0"
#1088000 1#
#1088250 0*
#1089250 1*
#1089375 1)
#1089750 1! 1"
#1090500 0)
#1091000 0+
#1092000 1+
#1092250 1)
#1095125 1-
#1095250 0$ 0&
#1096125 0)
#1096375 0! 0" 0%
#1096625 0*
#1097625 1*
#1098250 1!
#1098500 0*
#1099500 1*
#1100125 0! 1"
#1100375 0*
#1101375 1*
#1102000 1!
#1102250 0*
#1103250 1*
#1103875 0! 0" 1$ 1% 1&
#1104125 0*
#1105125 1*
#1105750 1!
#1106000 0*
#1107000 1*
#1107250 1)
#1107500 1"
#1108375 0)
#1110000 1)
#1110250 0! 0# 0&
#1111125 0)
#1111375 1! 0$ 0% 1& 0' 0(
#1111625 0*
#1112625 1*
#1113250 1%
#1113500 0*
#1114500 1*
#1114750 1)
#1115000 0& 1' 1(
#1115125 1#
#1115875 0)
#1116000 0#
#1116125 1&
#1116375 0*
#1117375 1*
#1117500 1)
#1117750 0! 0" 0&
#1117875 1$
#1118625 0)
#1118875 1" 0$ 0% 0'
#1119125 0*
#1120125 1*
#1120750 1%
#1121000 0*
#1122000 1*
#1122250 1)
#1122500 1! 1'
#1122625 1#
#1123375 0)
#1123500 0! 0#
#1123625 1&
#1123875 0*
#1124875 1*
#1125000 1)
#1125250 0&
#1125375 1! 1#
#1126125 0)
#1126375 0! 0" 1$ 1&
#1126625 0*
#1127625 1*
#1128250 1!
#1128500 0*
#1129500 1*
#1130125 0! 1"
#1130375 0*
#1131375 1*
#1132000 1!
#1132250 0*
#1133250 1*
#1133875 0! 0"
#1134125 0*
#1135125 1*
#1136250 1!
#1136500 0*
#1137500 1*
#1137750 1)
#1138000 1"
#1138750 0)
#1139625 0/
#1140500 1)
#1140750 0# 0&
#1141625 0)
#1141875 0$ 0% 1&
#1142125 0*
#1143125 1*
#1143750 1%
#1144000 0*
#1145000 1*
#1145250 1)
#1145500 1# 0&
#1146250 0)
#1146500 0# 1&
#1146625 1/
#1146750 0*
#1147750 1*
#1148000 1)
#1148250 0! 0" 0&
#1148375 1$
#1149125 0)
#1149375 1# 0$ 0% 0'
#1149625 0*
#1150625 1*
#1151250 1%
#1151500 0*
#1152500 1*
#1152750 1)
#1153000 1! 1" 1'
#1153750 0)
#1154000 0! 0"
#1154125 1&
#1154250 0*
#1155375 1*
#1155500 1)
#1155750 0&
#1155875 1! 1"
#1156625 0)
#1156750 0!
#1156875 0" 1$ 1&
#1157125 0*
#1158125 1*
#1158750 1!
#1159000 0*
#1160000 1*
#1160500 0!
#1160625 1"
#1160875 0*
#1161875 1*
#1162500 1!
#1162750 0*
#1163750 1*
#1164375 0! 0"
#1164625 0*
#1165625 1*
#1166250 1!
#1166500 0*
#1167500 1*
#1167750 1)
#1168125 1"
#1168875 0)
#1170500 1)
#1170750 0# 0&
#1171625 0)
#1171875 0$ 0% 1&
#1172125 0*
#1173125 1*
#1173750 1%
#1174000 0*
#1175000 1*
#1175250 1)
#1175500 0&
#1175625 1#
#1176375 0)
#1176500 0#
#1176625 1&
#1176875 0*
#1177875 1*
#1178000 1)
#1178250 0! 0" 0&
#1178375 1$
#1179125 0)
#1179375 1# 0$ 0% 0'
#1179625 0*
#1180625 1*
#1181250 1%
#1181500 0*
#1182500 1*
#1182750 1)
#1183125 1! 1" 1'
#1183875 0)
#1184000 0! 0"
#1184125 1&
#1184375 0*
#1185375 1*
#1185500 1)
#1185750 0&
#1185875 1! 1"
#1186625 0)
#1186875 0! 0" 1$ 1&
#1187125 0*
#1188125 1*
#1188750 1!
#1189000 0*
#1190000 1*
#1190625 0! 1"
#1190875 0*
#1191875 1*
#1192500 1!
#1192750 0*
#1193750 1*
#1194375 0! 0"
#1194625 0*
#1195625 1*
#1196250 1!
#1196500 0*
#1197500 1*
#1197750 1)
#1198125 1"
#1198875 0)
#1200625 1)
#1200875 0# 0&
#1201625 0)
#1201875 0$ 0%
#1202000 1&
#1202125 0*
#1203125 1*
#1203875 1% 0/
#1204000 0*
#1205125 1*
#1205250 1)
#1205500 0&
#1205625 1#
#1206375 0)
#1206625 0# 1&
#1206875 0*
#1207875 1*
#1208125 1)
#1208375 0! 0" 1$ 0&
#1209250 0)
#1209375 0$ 0% 0'
#1209500 1#
#1209625 0*
#1210750 1*
#1210875 1/
#1211375 1%
#1211500 0*
#1212625 1*
#1212750 1)
#1213125 1! 1" 1'
#1213875 0)
#1214125 0! 0" 1&
#1214375 0*
#1215375 1*
#1215625 1)
#1231000 1! 1" 1$
#1231750 0)
#1233375 1)
#1235500 0)
#1237250 1)
#1239250 0)
#1239750 0+
#1240750 1+
#1241000 1)
#1242000 0)
#1243750 1)
#1244000 0$ 0&
#1244875 0)
#1245125 0! 0" 0# 0% 0'
#1245375 0*
#1246375 1*
#1246625 1)
#1246875 1! 1" 1# 1$ 1% 1& 1'
#1247625 0)
#1248250 0+
#1249250 1+
#1249375 1)
#1250500 0)
#1251000 0+
#1252000 1+
#1252250 1)
#1253375 0! 0" 0(
#1254250 0)
#1254500 0# 0$ 0% 0&
#1254750 0*
#1255750 1*
#1256000 1)
#1256250 1! 1(
#1256375 1" 1# 1$ 1% 1&
#1257125 0)
#1258750 1)
#1259000 0$ 0&
#1259875 0)
#1260125 0! 0" 0% 0'
#1260375 0*
#1261375 1*
#1261625 1)
#1261750 0-
#1261875 1! 0# 1'
#1262000 1" 1$ 1% 1&
#1262750 0)
#1262875 0" 0$ 0%
#1263000 1#
#1263250 0*
#1264250 1*
#1264375 1)
#1264750 1" 1$ 1%
#1265500 0)
#1266000 0+
#1267000 1+
#1267250 1)
#1268250 0/
#1268375 0! 0"
#1268500 0(
#1269250 0)
#1269500 1! 0# 0$ 0% 0&
#1269750 0*
#1270125 1-
#1270750 1*
#1271000 1)
#1271375 1" 1# 1$ 1% 1& 1(
#1272125 0)
#1273750 1)
#1274125 0$ 0&
#1274875 0)
#1275125 0! 0" 0# 1$ 0% 0'
#1275250 1/
#1275375 0*
#1276375 1*
#1276625 1)
#1276750 0-
#1277000 1! 1" 1% 1& 1'
#1277750 0)
#1277875 0" 0%
#1278000 1#
#1278250 0*
#1279250 1*
#1279500 1)
#1279750 1" 1%
#1280500 0)
#1281000 0+
#1282125 1+
#1282250 1)
#1283500 0! 0" 0(
#1284250 0)
#1284500 0# 0$ 0% 0&
#1284625 1"
#1284750 0*
#1285125 1-
#1285750 1*
#1286000 1)
#1286250 0"
#1286375 1%
#1287125 0)
#1287375 1! 1" 1# 1$ 1&
#1287625 0*
#1288625 1*
#1288875 1)
#1289125 0$ 0& 1(
#1289875 0)
#1290125 0! 0" 0% 0'
#1290250 1$
#1290375 0*
#1291375 1*
#1291625 1)
#1291750 0-
#1291875 0#
#1292000 1! 1" 1% 1& 1'
#1292750 0)
#1293000 0" 1# 0$
#1293250 0*
#1294250 1*
#1294500 1)
#1294750 1" 1$
#1295500 0)
#1296125 0+
#1297125 1+
#1297250 1)
#1298500 0! 0" 0(
#1299250 0)
#1299500 0# 0$ 0% 0&
#1299625 1! 1"
#1299750 0*
#1300125 1-
#1300875 1*
#1301000 1)
#1301375 1# 1$ 1% 1& 1(
#1302125 0)
#1303875 1)
#1304125 0$ 0&
#1305000 0)
#1305125 0! 0" 0# 0'
#1305375 0*
#1306500 1*
#1306625 1)
#1306750 0-
#1307000 1! 1" 1$ 1& 1'
#1307750 0)
#1308000 0" 1#
#1308250 0*
#1309250 1*
#1309500 1)
#1309750 1"
#1310625 0)
#1311125 0+
#1312125 1+
#1312250 1)
#1313500 0! 0" 0(
#1314375 0)
#1314500 0$ 0% 0&
#1314875 0*
#1315125 1-
#1315875 1*
#1316000 1)
#1316375 1! 1" 1$ 1% 1& 1(
#1317125 0)
#1318875 1)
#1319125 0$ 0&
#1320000 0)
#1320125 0! 0" 0'
#1320500 0*
#1321500 1*
#1321625 1)
#1321750 0-
#1321875 0#
#1322000 1! 1" 1$ 1& 1'
#1322750 0)
#1323000 0" 1# 0$ 0%
#1323250 0*
#1324250 1*
#1324500 1)
#1324875 1" 1$ 1%
#1325625 0)
#1326125 0+
#1327125 1+
#1327250 1)
#1328500 0! 0" 0(
#1329375 0)
#1329500 0$ 0% 0&
#1329625 1!
#1329875 0*
#1330125 1-
#1330875 1*
#1331000 1)
#1331375 1" 1$ 1% 1& 1(
#1332125 0)
#1332500 0/
#1333875 1)
#1334125 0$ 0&
#1335000 0)
#1335125 0! 0" 0#
#1335250 1$ 0'
#1335500 0*
#1336500 1*
#1336625 1)
#1336750 0-
#1337000 1! 1" 1& 1'
#1337750 0)
#1338000 0" 1# 0%
#1338250 0*
#1339250 1*
#1339500 1) 1/
#1339875 1" 1%
#1340625 0)
#1341125 0+
#1342125 1+
#1342250 1)
#1343500 0! 0" 0(
#1344375 0)
#1344500 0% 0&
#1344625 1" 0$
#1344875 0*
#1345125 1-
#1345875 1*
#1346000 1)
#1346250 0" 0#
#1346375 1! 1%
#1347125 0)
#1347375 1# 1&
#1347500 1" 1$
#1347625 0+
#1348625 1+
#1348875 1)
#1349125 0$ 0& 1(
#1350000 0)
#1350125 0! 0"
#1350250 1$ 0'
#1350500 0*
#1351500 1*
#1351625 1)
#1351750 0-
#1351875 0#
#1352000 1! 1" 1& 1'
#1352750 0)
#1353000 0" 1# 0$
#1353250 0*
#1354250 1*
#1354500 1)
#1354875 1" 1$
#1355625 0)
#1356125 0+
#1357125 1+
#1357250 1)
#1358500 0! 0" 0(
#1359375 0)
#1359500 0$ 0% 0&
#1359625 1! 1"
#1359875 0*
#1360125 1-
#1360875 1*
#1361000 1)
#1361375 1$ 1% 1& 1(
#1362125 0)
#1363875 1)
#1364125 0$ 0&
#1365000 0)
#1365125 0! 0" 0#
#1365250 0% 1& 0'
#1365500 0*
#1366500 1*
#1366625 1)
#1366750 0-
#1367000 1! 1" 1$ 1% 1'
#1367750 0)
#1368000 0" 1#
#1368250 0*
#1369250 1*
#1369500 1)
#1369875 1"
#1370625 0)
#1371125 0+
#1372125 1+
#1372250 1)
#1373500 0! 0" 0(
#1374375 0)
#1374500 0# 0% 0&
#1374875 0*
#1375125 1-
#1375875 1*
#1376000 1)
#1376375 1! 1" 1# 1% 1& 1(
#1377125 0)
#1378875 1)
#1379125 0$ 0&
#1380000 0)
#1380125 0! 0" 0% 0'
#1380250 1&
#1380500 0*
#1381500 1*
#1381625 1)
#1381750 0-
#1381875 0#
#1382000 1! 1" 1$ 1% 1'
#1382750 0)
#1383000 0" 1# 0$ 0%
#1383250 0*
#1384250 1*
#1384500 1)
#1384875 1" 1$ 1%
#1385625 0)
#1386125 0+
#1387125 1+
#1387250 1)
#1388500 0! 0" 0(
#1389375 0)
#1389500 0# 0% 0&
#1389625 1!
#1389875 0*
#1390125 1-
#1390875 1*
#1391000 1)
#1391375 1" 1# 1% 1& 1(
#1392125 0)
#1393875 1)
#1394125 0$ 0&
#1395000 0)
#1395125 0! 0" 0# 0% 0'
#1395250 1$ 1&
#1395500 0*
#1396500 1*
#1396625 1)
#1396750 0- 0/
#1397000 1! 1" 1% 1'
#1397750 0)
#1398000 0" 1# 0%
#1398250 0*
#1399250 1*
#1399500 1)
#1399750 1" 1%
#1400625 0)
#1401125 0+
#1402125 1+
#1402250 1)
#1403500 0! 0" 0(
#1403750 1/
#1404375 0)
#1404500 0# 0% 0&
#1404625 1"
#1404750 0*
#1405125 1-
#1405875 1*
#1406000 1)
#1406250 0$
#1406375 1%
#1407125 0)
#1407375 1! 1# 1$ 1&
#1407625 0*
#1408625 1*
#1408875 1)
#1409125 0$ 0& 1(
#1410000 0)
#1410125 0! 0" 0% 0'
#1410250 1$ 1&
#1410375 0*
#1411500 1*
#1411625 1)
#1411750 0-
#1411875 0#
#1412000 1! 1" 1% 1'
#1412750 0)
#1413000 0" 1# 0$
#1413250 0*
#1414250 1*
#1414500 1)
#1414750 1" 1$
#1415500 0)
#1416125 0+
#1417125 1+
#1417250 1)
#1418500 0! 0" 0(
#1419250 0)
#1419500 1! 0# 0% 0&
#1419625 1"
#1419750 0*
#1420125 1-
#1420750 1*
#1421000 1)
#1421375 1# 1% 1& 1(
#1422125 0)
#1423875 1)
#1424125 0$ 0&
#1424875 0)
#1425125 0! 0" 0# 1& 0'
#1425375 0*
#1426375 1*
#1426625 1)
#1426750 0-
#1427000 1! 1" 1$ 1'
#1427750 0)
#1427875 0"
#1428000 1#
#1428250 0*
#1429250 1*
#1429500 1)
#1429750 1"
#1430500 0)
#1431000 0+
#1432125 1+
#1432250 1)
#1433500 0! 0" 0(
#1434250 0)
#1434500 0% 0&
#1434750 0*
#1435125 1-
#1435750 1*
#1436000 1)
#1436375 1! 1" 1% 1& 1(
#1437125 0)
#1438750 1)
#1439125 0$ 0&
#1439875 0)
#1440125 0! 0" 1& 0'
#1440375 0*
#1441375 1*
#1441625 1)
#1441750 0-
#1441875 0#
#1442000 1! 1" 1$ 1'
#1442750 0)
#1442875 0" 0$
#1443000 1# 0%
#1443250 0*
#1444250 1*
#1444375 1)
#1444750 1" 1$ 1%
#1445500 0)
#1446000 0+
#1447000 1+
#1447250 1)
#1448375 0! 0"
#1448500 0(
#1449250 0)
#1449500 1! 0% 0&
#1449750 0*
#1450125 1-
#1450750 1*
#1451000 1)
#1451250 1(
#1451375 1" 1% 1&
#1452125 0)
#1453750 1)
#1454000 0&
#1454125 0$
#1454875 0)
#1455125 0! 0" 0# 1$ 1& 0'
#1455375 0*
#1456375 1*
#1456625 1)
#1456750 0-
#1456875 1! 1'
#1457000 1"
#1457750 0)
#1457875 0" 0%
#1458000 1#
#1458250 0*
#1459250 1*
#1459375 1)
#1459750 1" 1%
#1460500 0)
#1461000 0+ 0/
#1462000 1+
#1462250 1)
#1463375 0! 0" 0(
#1464250 0)
#1464500 1" 0% 0&
#1464750 0*
#1465125 1-
#1465750 1*
#1466000 1)
#1466250 1! 0# 0$ 1%
#1467125 0)
#1467375 1# 1$ 1&
#1467625 0+
#1468000 1/
#1468625 1+
#1468750 1)
#1469000 0$ 0&
#1469125 1(
#1469875 0)
#1470125 0! 0" 1$ 1& 0'
#1470375 0*
#1471375 1*
#1471625 1)
#1471750 0-
#1471875 1! 1" 0# 1'
#1472750 0)
#1472875 0" 0$
#1473000 1#
#1473125 0*
#1474250 1*
#1474375 1)
#1474750 1" 1$
#1475500 0)
#1476000 0+
#1477000 1+
#1477250 1)
#1478375 0! 0" 0(
#1479250 0)
#1479500 1! 1" 0% 0&
#1479750 0*
#1480125 1-
#1480750 1*
#1481000 1)
#1481250 1% 1& 1(
#1482000 0)
#1483750 1)
#1484000 0$ 0&
#1484875 0)
#1485125 0! 0" 0# 0%
#1485375 0*
#1486375 1*
#1486625 1)
#1486750 0-
#1486875 1! 1" 1$ 1% 1&
#1487625 0)
#1487875 0"
#1488000 1#
#1488125 0*
#1489125 1*
#1489375 1)
#1489750 1"
#1490500 0)
#1491000 0+
#1492000 1+
#1492250 1)
#1493375 0! 0" 0(
#1494250 0)
#1494375 0#
#1494500 0$ 0&
#1494750 0*
#1495000 1-
#1495750 1*
#1496000 1)
#1496250 1! 1" 1# 1$ 1& 1(
#1497000 0)
#1498750 1)
#1499000 0$ 0&
#1499875 0)
#1500000 0! 0"
#1500125 0%
#1500375 0*
#1501375 1*
#1501625 1) 0-
#1501750 0#
#1501875 1! 1" 1$ 1% 1&
#1502625 0)
#1502875 0" 0$ 0%
#1503000 1#
#1503125 0*
#1504125 1*
#1504375 1)
#1504750 1" 1$ 1%
#1505500 0)
#1506000 0+
#1507000 1+
#1507125 1)
#1508375 0! 0" 0(
#1509250 0)
#1509375 0# 0$
#1509500 1! 0&
#1509750 0*
#1510000 1-
#1510750 1*
#1510875 1)
#1511250 1" 1# 1$ 1& 1(
#1512000 0)
#1513750 1)
#1514000 0$ 0&
#1514875 0)
#1515000 0! 0" 0#
#1515125 1$ 0%
#1515375 0*
#1516375 1*
#1516500 1)
#1516625 0-
#1516875 1! 1" 1% 1&
#1517625 0)
#1517875 0" 1# 0%
#1518125 0*
#1519125 1*
#1519375 1)
#1519750 1" 1%
#1520500 0)
#1521000 0+
#1522000 1+
#1522125 1)
#1523375 0! 0" 0(
#1524250 0)
#1524375 0# 0$ 0&
#1524500 1"
#1524750 0*
#1525000 1-
#1525375 0/
#1525750 1*
#1525875 1)
#1526125 0"
#1526250 1#
#1527000 0)
#1527250 1! 1" 1$ 1&
#1527500 0*
#1528500 1*
#1528750 1)
#1529000 0$ 0& 1(
#1529875 0)
#1530000 0! 0" 0%
#1530125 1$
#1530375 0*
#1531375 1*
#1531500 1)
#1531625 0-
#1531750 0#
#1531875 1! 1" 1% 1&
#1532375 1/
#1532625 0)
#1532875 0" 1# 0$
#1533125 0*
#1534125 1*
#1534375 1)
#1534750 1" 1$
#1535500 0)
#1536000 0+
#1537000 1+
#1537125 1)
#1538375 0! 0" 0(
#1539250 0)
#1539375 0# 0$ 0&
#1539500 1! 1"
#1539750 0*
#1540000 1-
#1540750 1*
#1540875 1)
#1541250 1# 1$ 1& 1(
#1542000 0)
#1543750 1)
#1544000 0$ 0&
#1544875 0)
#1545000 0! 0" 0#
#1545375 0*
#1546375 1*
#1546500 1)
#1546625 0-
#1546875 1! 1" 1$ 1&
#1547625 0)
#1547875 0" 1#
#1548125 0*
#1549125 1*
#1549375 1)
#1549750 1"
#1550500 0)
#1551000 0+
#1552000 1+
#1552125 1)
#1553375 0! 0" 0(
#1554250 0)
#1554375 0$ 0&
#1554750 0*
#1555000 1-
#1555750 1*
#1555875 1)
#1556250 1! 1" 1$ 1& 1(
#1557000 0)
#1558750 1)
#1559000 0$ 0&
#1559875 0)
#1560000 0! 0"
#1560375 0*
#1561375 1*
#1561500 1)
#1561625 0-
#1561750 0#
#1561875 1! 1" 1$ 1&
#1562625 0)
#1562875 0" 1# 0$ 0%
#1563125 0*
#1564125 1*
#1564375 1)
#1564750 1" 1$ 1%
#1565500 0)
#1566000 0+
#1567000 1+
#1567125 1)
#1568375 0! 0" 0(
#1569250 0)
#1569375 0$ 0&
#1569500 1!
#1569750 0*
#1570000 1-
#1570750 1*
#1570875 1)
#1571250 1" 1$ 1& 1(
#1572000 0)
#1573750 1)
#1574000 0$ 0&
#1574875 0)
#1575000 0! 0" 0#
#1575125 1$
#1575375 0*
#1576375 1*
#1576500 1)
#1576625 0-
#1576875 1! 1" 1&
#1577625 0)
#1577875 0" 1# 0%
#1578125 0*
#1579125 1*
#1579375 1)
#1579750 1" 1%
#1580500 0)
#1581000 0+
#1582000 1+
#1582125 1)
#1583375 0! 0" 0(
#1584250 0)
#1584375 0&
#1584500 1" 0$
#1584750 0*
#1585000 1-
#1585750 1*
#1586000 1)
#1586125 0"
#1586250 1!
#1587000 0)
#1587250 1&
#1587375 1" 1$
#1587500 0+
#1588500 1+
#1588750 1)
#1589000 0$ 0& 1(
#1589625 0/
#1589875 0)
#1590000 0! 0"
#1590125 1$
#1590375 0*
#1591375 1*
#1591625 1) 0-
#1591875 1! 1" 0# 1&
#1592625 0)
#1592875 0" 0$
#1593000 1#
#1593125 0*
#1594125 1*
#1594375 1)
#1594750 1" 1$
#1595500 0)
#1596000 0+
#1596625 1/
#1597000 1+
#1597250 1)
#1598375 0! 0" 0(
#1599250 0)
#1599500 1! 1" 0$ 0&
#1599750 0*
#1600000 1-
#1600750 1*
#1601000 1)
#1601250 1$ 1& 1(
#1602000 0)
#1603750 1)
#1604000 0$ 0&
#1604875 0)
#1605125 0! 0" 0# 0% 1&
#1605375 0*
#1606375 1*
#1606625 1)
#1606750 0-
#1606875 1! 1" 1%
#1607000 1$
#1607625 0)
#1607875 0"
#1608000 1#
#1608125 0*
#1609250 1*
#1609375 1)
#1609750 1"
#1610500 0)
#1611000 0+
#1612000 1+
#1612250 1)
#1613375 0! 0" 0(
#1614250 0)
#1614500 0# 0&
#1614750 0*
#1615125 1-
#1615750 1*
#1616000 1)
#1616250 1! 1" 1# 1& 1(
#1617125 0)
#1618750 1)
#1619000 0&
#1619125 0$
#1619875 0)
#1620125 0! 0" 0% 1&
#1620375 0*
#1621375 1*
#1621625 1)
#1621750 0-
#1621875 1! 0#
#1622000 1" 1$ 1%
#1622750 0)
#1622875 0" 0$ 0%
#1623000 1#
#1623250 0*
#1624250 1*
#1624375 1)
#1624750 1" 1$ 1%
#1625500 0)
#1626000 0+
#1627000 1+
#1627250 1)
#1628375 0! 0"
#1628500 0(
#1629250 0)
#1629500 1! 0# 0&
#1629750 0*
#1630125 1-
#1630750 1*
#1631000 1)
#1631250 1(
#1631375 1" 1# 1&
#1632125 0)
#1633750 1)
#1634000 0&
#1634125 0$
#1634875 0)
#1635125 0! 0" 0# 1$ 0% 1&
#1635375 0*
#1636375 1*
#1636625 1)
#1636750 0-
#1637000 1! 1" 1%
#1637750 0)
#1637875 0" 0%
#1638000 1#
#1638250 0*
#1639250 1*
#1639375 1)
#1639750 1" 1%
#1640500 0)
#1641000 0+
#1642000 1+
#1642250 1)
#1643500 0! 0" 0(
#1644250 0)
#1644500 0# 0&
#1644625 1"
#1644750 0*
#1645125 1-
#1645750 1*
#1646000 1)
#1646250 0$
#1646375 1#
#1647125 0)
#1647375 1! 1$ 1&
#1647625 0*
#1648625 1*
#1648875 1)
#1649125 0$ 0& 1(
#1649875 0)
#1650125 0! 0" 0%
#1650250 1$ 1&
#1650375 0*
#1651375 1*
#1651625 1)
#1651750 0-
#1651875 0#
#1652000 1! 1" 1%
#1652750 0)
#1653000 0" 1# 0$
#1653250 0*
#1653875 0/
#1654250 1*
#1654500 1)
#1654750 1" 1$
#1655500 0)
#1656125 0+
#1657125 1+
#1657250 1)
#1658500 0! 0" 0(
#1659250 0)
#1659500 0# 0&
#1659625 1! 1"
#1659750 0*
#1660125 1-
#1660875 1* 1/
#1661000 1)
#1661375 1# 1& 1(
#1662125 0)
#1663875 1)
#1664125 0$ 0&
#1665000 0)
#1665125 0! 0" 0#
#1665250 1&
#1665500 0*
#1666500 1*
#1666625 1)
#1666750 0-
#1667000 1! 1" 1$
#1667750 0)
#1668000 0" 1#
#1668250 0*
#1669250 1*
#1669500 1)
#1669750 1"
#1670625 0)
#1671125 0+
#1672125 1+
#1672250 1)
#1673500 0! 0" 0(
#1674375 0)
#1674500 0&
#1674875 0*
#1675125 1-
#1675875 1*
#1676000 1)
#1676375 1! 1" 1& 1(
#1677125 0)
#1678875 1)
#1679125 0$ 0&
#1680000 0)
#1680125 0! 0"
#1680250 1&
#1680500 0*
#1681500 1*
#1681625 1)
#1681750 0-
#1681875 0#
#1682000 1! 1" 1$
#1682750 0)
#1683000 0" 1# 0$ 0%
#1683250 0*
#1684250 1*
#1684500 1)
#1684875 1" 1$ 1%
#1685625 0)
#1686125 0+
#1687125 1+
#1687375 1)
#1688500 0! 0" 0(
#1689375 0)
#1689625 1! 0&
#1689875 0*
#1690125 1-
#1690875 1*
#1691125 1)
#1691375 1" 1& 1(
#1692125 0)
#1693875 1)
#1694125 0$ 0&
#1695000 0)
#1695250 0! 0" 0# 1$ 1&
#1695500 0*
#1696500 1*
#1696750 1)
#1696875 0-
#1697000 1! 1"
#1697750 0)
#1698000 0" 0%
#1698125 1#
#1698250 0*
#1699375 1*
#1699500 1)
#1699875 1" 1%
#1700625 0)
#1701125 0+
#1702125 1+
#1702375 1)
#1703500 0! 0" 0(
#1704375 0)
#1704625 1" 0&
#1704875 0*
#1705250 1-
#1705875 1*
#1706125 1)
#1706375 1! 0$
#1707250 0)
#1707500 1$ 1&
#1707750 0+
#1708750 1+
#1708875 1)
#1709125 0$ 0&
#1709250 1(
#1710000 0)
#1710250 0! 0" 1$ 1&
#1710500 0*
#1711500 1*
#1711750 1)
#1711875 0-
#1712000 1! 1" 0#
#1712875 0)
#1713000 0" 0$
#1713125 1#
#1713375 0*
#1714375 1*
#1714500 1)
#1714875 1" 1$
#1715625 0)
#1716125 0+
#1717125 1+
#1717375 1)
#1718250 0/
#1718500 0! 0"
#1718625 0(
#1719375 0)
#1719625 1! 1" 0&
#1719875 0*
#1720250 1-
#1720875 1*
#1721125 1)
#1721375 1(
#1721500 1&
#1722250 0)
#1723875 1)
#1725000 0)
#1725250 1/
#1725500 0+
#1726500 1+
#1726750 1)
#1726875 0-
#1727000 0#
#1727875 0)
#1728000 0"
#1728125 1#
#1728375 0*
#1729375 1*
#1729500 1)
#1729875 1"
#1730625 0)
#1731125 0+
#1732125 1+
#1732375 1)
#1735250 1-
#1735500 0$ 0&
#1736250 0)
#1736500 0! 0" 0%
#1736750 0*
#1737750 1*
#1738375 1!
#1738625 0*
#1739625 1*
#1740250 0!
#1740375 1"
#1740500 0*
#1741500 1*
#1742125 1!
#1742375 0*
#1743375 1*
#1744000 0! 0" 1&
#1744125 1$ 1%
#1744250 0*
#1745250 1*
#1745875 1!
#1746125 0*
#1747125 1*
#1747375 1)
#1747750 1"
#1748500 0)
#1750250 1)
#1750500 0! 0# 0&
#1751250 0)
#1751500 0" 0$ 0% 0' 0(
#1751625 1# 1&
#1751750 0*
#1752875 1*
#1753500 1%
#1753625 0*
#1754750 1*
#1754875 1)
#1755125 0&
#1755250 1! 1" 1' 1(
#1756000 0)
#1756250 0! 0" 1&
#1756500 0*
#1757500 1*
#1757750 1)
#1758000 0# 1$ 0&
#1758750 0)
#1759000 0$ 0% 0'
#1759125 1! 1"
#1759250 0*
#1760375 1*
#1761000 1%
#1761125 0*
#1762250 1*
#1762375 1)
#1762750 1# 1'
#1763500 0)
#1763750 0# 1&
#1764000 0*
#1765000 1*
#1765250 1)
#1765500 1# 0&
#1766375 0)
#1766500 0! 0"
#1766625 1$ 1&
#1766750 0*
#1767875 1*
#1768500 1!
#1768625 0*
#1769750 1*
#1770250 0!
#1770375 1"
#1770500 0*
#1771625 1*
#1772250 1!
#1772375 0*
#1773500 1*
#1774000 0! 0"
#1774250 0*
#1775375 1*
#1776375 1!
#1776625 0*
#1777625 1*
#1777875 1)
#1778250 1"
#1779000 0)
#1780625 1)
#1781000 0# 0&
#1781750 0)
#1782000 0! 0" 0$ 0% 1&
#1782125 1#
#1782250 0*
#1782500 0/
#1783250 1*
#1783875 1%
#1784125 0*
#1785125 1*
#1785375 1)
#1785625 0&
#1785750 1! 1"
#1786500 0)
#1786625 0! 0"
#1786750 1&
#1787000 0*
#1788000 1*
#1788125 1)
#1788375 0&
#1788500 0# 1$
#1789250 0)
#1789500 1! 0$ 0% 0' 1/
#1789625 1#
#1789750 0*
#1790750 1*
#1791375 1%
#1791625 0*
#1792625 1*
#1792875 1)
#1793250 1" 1'
#1794000 0)
#1794125 0"
#1794250 1&
#1794500 0*
#1795500 1*
#1795625 1)
#1795875 0&
#1796000 1"
#1796750 0)
#1797000 0! 0" 1$ 1&
#1797250 0*
#1798250 1*
#1798875 1!
#1799125 0*
#1800125 1*
#1800750 0! 1"
#1801000 0*
#1802000 1*
#1802625 1!
#1802875 0*
#1803875 1*
#1804500 0! 0"
#1804750 0*
#1805750 1*
#1806375 1!
#1806625 0*
#1807625 1*
#1807875 1)
#1808250 1"
#1809000 0)
#1810625 1)
#1811000 0# 0&
#1811750 0)
#1812000 0! 0" 1# 0$ 0% 1&
#1812250 0*
#1813250 1*
#1813875 1%
#1814125 0*
#1815125 1*
#1815375 1)
#1815625 1! 0&
#1815750 1"
#1816500 0)
#1816625 0! 0"
#1816750 1&
#1817000 0*
#1818000 1*
#1818125 1)
#1818375 0# 0&
#1818500 1$
#1819250 0)
#1819500 1! 1# 0$ 0% 0'
#1819750 0*
#1820750 1*
#1821375 1%
#1821625 0*
#1822625 1*
#1822875 1)
#1823125 1'
#1823250 1"
#1824000 0)
#1824125 0"
#1824250 1&
#1824500 0*
#1825500 1*
#1825625 1)
#1825875 0&
#1826000 1"
#1826750 0)
#1827000 0! 0" 1$ 1&
#1827250 0*
#1828250 1*
#1828875 1!
#1829125 0*
#1830125 1*
#1830750 0! 1"
#1831000 0*
#1832000 1*
#1832625 1!
#1832875 0*
#1833875 1*
#1834500 0! 0"
#1834750 0*
#1835750 1*
#1836375 1!
#1836625 0*
#1837625 1*
#1837875 1)
#1838125 1"
#1839000 0)
#1840625 1)
#1840875 0# 0&
#1841750 0)
#1842000 0! 0" 1# 0$ 0% 1&
#1842250 0*
#1843250 1*
#1843875 1%
#1844125 0*
#1845125 1*
#1845375 1)
#1845625 1! 1" 0&
#1846375 0)
#1846625 0! 0"
#1846750 1& 0/
#1846875 0*
#1848000 1*
#1848125 1)
#1848375 0# 0&
#1848500 1$
#1849250 0)
#1849500 1! 1# 0$ 0% 0'
#1849750 0*
#1850750 1*
#1851375 1%
#1851625 0*
#1852625 1*
#1852875 1)
#1853125 1" 1'
#1853750 1/
#1853875 0)
#1854125 0"
#1854250 1&
#1854375 0*
#1855375 1*
#1855625 1)
#1871000 1" 1$
#1871750 0)
#1873375 1)
#1875500 0)
#1877125 1)
#1879250 0)
#1879750 0+
#1880750 1+
#1880875 1)
#1882000 0)
#1883750 1)
#1884000 0$ 0&
#1884875 0)
#1885000 0! 0" 0# 0% 0'
#1885375 0*
#1886375 1*
#1886500 1)
#1886875 1! 1" 1# 1$ 1% 1& 1'
#1887625 0)
#1888125 0+
#1889125 1+
#1889375 1)
#1890500 0)
#1891000 0+
#1892000 1+
#1892125 1)
#1893375 0! 0" 0(
#1894125 0)
#1894375 0# 0$ 0% 0&
#1894625 0*
#1895750 1*
#1895875 1)
#1896250 1! 1" 1# 1$ 1% 1& 1(
#1897000 0)
#1898750 1)
#1899000 0$ 0&
#1899750 0)
#1900000 0! 0" 0% 0'
#1900250 0*
#1901375 1*
#1901500 1)
#1901625 0-
#1901750 0#
#1901875 1! 1" 1$ 1% 1& 1'
#1902625 0)
#1902875 0" 1# 0$ 0%
#1903125 0*
#1904125 1*
#1904375 1)
#1904625 1" 1$ 1%
#1905375 0)
#1906000 0+
#1907000 1+
#1907125 1)
#1908375 0! 0" 0(
#1909125 0)
#1909375 1! 0# 0$ 0% 0&
#1909625 0*
#1910000 1-
#1910625 1*
#1910875 1)
#1911000 0/
#1911250 1" 1# 1$ 1% 1& 1(
#1912000 0)
#1913750 1)
#1914000 0$ 0&
#1914750 0)
#1915000 0! 0" 0# 0% 0'
#1915125 1$
#1915250 0*
#1916250 1*
#1916500 1)
#1916625 0-
#1916875 1! 1" 1% 1& 1'
#1917625 0)
#1917750 0" 0%
#1917875 1#
#1918000 1/
#1918125 0*
#1919125 1*
#1919250 1)
#1919625 1" 1%
#1920375 0)
#1920875 0+
#1921875 1+
#1922125 1)
#1923250 0!
#1923375 0" 0(
#1924125 0)
#1924375 1" 0# 0$ 0% 0&
#1924625 0*
#1925000 1-
#1925625 1*
#1925875 1)
#1926125 0"
#1926250 1$ 1%
#1927000 0)
#1927250 1! 1" 1# 1&
#1927500 0*
#1928500 1*
#1928625 1)
#1928875 0&
#1929000 0$ 1(
#1929750 0)
#1930000 0! 0" 1$ 0% 0'
#1930250 0*
#1931250 1*
#1931500 1)
#1931625 0-
#1931750 0#
#1931875 1! 1" 1% 1& 1'
#1932625 0)
#1932750 0"
#1932875 1# 0$
#1933125 0*
#1934125 1*
#1934250 1)
#1934625 1" 1$
#1935375 0)
#1935875 0+
#1936875 1+
#1937125 1)
#1938250 0! 0"
#1938375 0(
#1939125 0)
#1939375 1! 1" 0# 0$ 0% 0&
#1939625 0*
#1940000 1-
#1940625 1*
#1940875 1)
#1941125 1(
#1941250 1# 1$ 1% 1&
#1942000 0)
#1943625 1)
#1943875 0$ 0&
#1944750 0)
#1945000 0! 0" 0# 0'
#1945250 0*
#1946250 1*
#1946500 1)
#1946625 0-
#1946750 1! 1'
#1946875 1" 1$ 1&
#1947625 0)
#1947750 0"
#1947875 1#
#1948125 0*
#1949125 1*
#1949250 1)
#1949625 1"
#1950375 0)
#1950875 0+
#1951875 1+
#1952125 1)
#1953250 0! 0" 0(
#1954125 0)
#1954375 0$ 0% 0&
#1954625 0*
#1955000 1-
#1955625 1*
#1955875 1)
#1956125 1! 1(
#1956250 1" 1$ 1% 1&
#1957000 0)
#1958625 1)
#1958875 0$ 0&
#1959750 0)
#1960000 0! 0" 0'
#1960250 0*
#1961250 1*
#1961500 1)
#1961625 0-
#1961750 1! 0# 1& 1'
#1961875 1" 1$
#1962625 0)
#1962750 0" 0$ 0%
#1962875 1#
#1963125 0*
#1964125 1*
#1964250 1)
#1964625 1" 1$ 1%
#1965375 0)
#1965875 0+
#1966875 1+
#1967125 1)
#1968250 0! 0" 0(
#1969125 0)
#1969375 1! 0$ 0% 0&
#1969625 0*
#1970000 1-
#1970625 1*
#1970875 1)
#1971125 1& 1(
#1971250 1" 1$ 1%
#1972000 0)
#1973625 1)
#1973875 0$ 0&
#1974750 0)
#1975000 0! 0" 0# 1$ 0'
#1975250 0*
#1975375 0/
#1976250 1*
#1976500 1)
#1976625 0-
#1976750 1! 1& 1'
#1976875 1"
#1977625 0)
#1977750 0" 0%
#1977875 1#
#1978125 0*
#1979125 1*
#1979250 1)
#1979625 1" 1%
#1980375 0)
#1980875 0+
#1981875 1+
#1982125 1)
#1982375 1/
#1983250 0! 0" 0(
#1984125 0)
#1984375 1" 0$ 0% 0&
#1984625 0*
#1985000 1-
#1985625 1*
#1985875 1)
#1986125 1! 0" 0# 1%
#1986250 1$
#1987000 0)
#1987250 1" 1# 1&
#1987500 0+
#1988500 1+
#1988625 1)
#1988875 0$ 0&
#1989000 1(
#1989750 0)
#1990000 0! 0" 1$ 0'
#1990250 0*
#1991250 1*
#1991500 1)
#1991625 0-
#1991750 1! 0# 1& 1'
#1991875 1"
#1992625 0)
#1992750 0" 0$
#1992875 1#
#1993125 0*
#1994125 1*
#1994250 1)
#1994625 1" 1$
#1995375 0)
#1995875 0+
#1996875 1+
#1997125 1)
#1998250 0! 0"
#1998375 0(
#1999125 0)
#1999375 1! 1" 0$ 0% 0&
#1999625 0*
#2000000 1-
#2000625 1*
#2000875 1)
#2001125 1(
#2001250 1$ 1% 1&
#2002000 0)
#2003625 1)
#2003875 0$ 0&
#2004750 0)
#2005000 0! 0" 0# 0% 1& 0'
#2005250 0*
#2006250 1*
#2006500 1)
#2006625 0-
#2006875 1! 1" 1$ 1% 1'
#2007625 0)
#2007750 0"
#2007875 1#
#2008125 0*
#2009125 1*
#2009250 1)
#2009625 1"
#2010375 0)
#2010875 0+
#2011875 1+
#2012125 1)
#2013250 0! 0"
#2013375 0(
#2014125 0)
#2014375 0# 0% 0&
#2014625 0*
#2015000 1-
#2015625 1*
#2015875 1)
#2016250 1! 1" 1# 1% 1& 1(
#2017000 0)
#2018625 1)
#2019000 0$ 0&
#2019750 0)
#2020000 0! 0" 0% 1& 0'
#2020250 0*
#2021250 1*
#2021500 1)
#2021625 0-
#2021750 0#
#2021875 1! 1" 1$ 1% 1'
#2022625 0)
#2022750 0%
#2022875 0" 1# 0$
#2023125 0*
#2024125 1*
#2024375 1)
#2024625 1" 1$ 1%
#2025375 0)
#2026000 0+
#2027000 1+
#2027125 1)
#2028375 0! 0" 0(
#2029125 0)
#2029375 1! 0# 0% 0&
#2029625 0*
#2030000 1-
#2030625 1*
#2030875 1)
#2031250 1" 1# 1% 1& 1(
#2032000 0)
#2033750 1)
#2034000 0$ 0&
#2034750 0)
#2035000 0! 0" 0# 0% 0'
#2035125 1$ 1&
#2035250 0*
#2036250 1*
#2036500 1)
#2036625 0-
#2036875 1! 1" 1% 1'
#2037625 0)
#2037875 0" 1# 0%
#2038125 0*
#2039125 1*
#2039375 1)
#2039625 1" 1% 0/
#2040500 0)
#2041000 0+
#2042000 1+
#2042125 1)
#2043375 0! 0" 0(
#2044250 0)
#2044375 0# 0% 0&
#2044500 1"
#2044625 0*
#2045000 1-
#2045750 1*
#2045875 1)
#2046250 1%
#2046625 1/
#2047000 0)
#2047250 1! 1# 1&
#2047500 0*
#2048500 1*
#2048750 1)
#2049000 0$ 0& 1(
#2049875 0)
#2050000 0! 0" 0% 0'
#2050125 1$ 1&
#2050375 0*
#2051375 1*
#2051500 1)
#2051625 0-
#2051750 0#
#2051875 1! 1" 1% 1'
#2052625 0)
#2052875 0" 1# 0$
#2053125 0*
#2054125 1*
#2054375 1)
#2054750 1" 1$
#2055500 0)
#2056000 0+
#2057000 1+
#2057125 1)
#2058375 0! 0" 0(
#2059250 0)
#2059375 0# 0% 0&
#2059500 1! 1"
#2059750 0*
#2060000 1-
#2060750 1*
#2060875 1)
#2061250 1# 1% 1& 1(
#2062000 0)
#2063750 1)
#2064000 0$ 0&
#2064875 0)
#2065000 0! 0" 0#
#2065125 1& 0'
#2065375 0*
#2066375 1*
#2066625 1) 0-
#2066875 1! 1" 1$ 1'
#2067625 0)
#2067875 0"
#2068000 1#
#2068125 0*
#2069125 1*
#2069375 1)
#2069750 1"
#2070500 0)
#2071000 0+
#2072000 1+
#2072250 1)
#2073375 0! 0" 0(
#2074250 0)
#2074500 0% 0&
#2074750 0*
#2075000 1-
#2075750 1*
#2076000 1)
#2076250 1! 1" 1% 1& 1(
#2077000 0)
#2078750 1)
#2079000 0$ 0&
#2079875 0)
#2080125 0! 0" 1& 0'
#2080375 0*
#2081375 1*
#2081625 1)
#2081750 0-
#2081875 1! 1" 0# 1'
#2082000 1$
#2082750 0)
#2082875 0" 0$ 0%
#2083000 1#
#2083125 0*
#2084250 1*
#2084375 1)
#2084750 1" 1$ 1%
#2085500 0)
#2086000 0+
#2087000 1+
#2087250 1)
#2088375 0! 0" 0(
#2089250 0)
#2089500 1! 0% 0&
#2089750 0*
#2090125 1-
#2090750 1*
#2091000 1)
#2091250 1(
#2091375 1" 1% 1&
#2092125 0)
#2093750 1)
#2094000 0&
#2094125 0$
#2094875 0)
#2095125 0! 0" 0# 1$ 1& 0'
#2095375 0*
#2096375 1*
#2096625 1)
#2096750 0-
#2097000 1! 1" 1'
#2097750 0)
#2097875 0"
#2098000 1# 0%
#2098250 0*
#2099250 1*
#2099375 1)
#2099750 1" 1%
#2100500 0)
#2101000 0+
#2102000 1+
#2102250 1)
#2103375 0!
#2103500 0" 0(
#2104250 0)
#2104500 1" 0% 0&
#2104750 0*
#2105125 1-
#2105750 1*
#2106000 1)
#2106250 0#
#2106375 1! 1%
#2107125 0)
#2107375 1# 1&
#2107625 0+
#2108625 1+
#2108875 1)
#2109125 0$ 0& 1(
#2109875 0)
#2110125 0! 0" 1& 0'
#2110250 1$
#2110375 0*
#2111375 1*
#2111625 1)
#2111750 0-
#2111875 0#
#2112000 1! 1" 1'
#2112750 0)
#2113000 0" 1# 0$
#2113250 0*
#2114250 1*
#2114500 1)
#2114750 1" 1$
#2115500 0)
#2116125 0+
#2117125 1+
#2117250 1)
#2118500 0! 0" 0(
#2119250 0)
#2119500 0% 0&
#2119625 1! 1"
#2119750 0*
#2120125 1-
#2120875 1*
#2121000 1)
#2121375 1% 1& 1(
#2122125 0)
#2123875 1)
#2124125 0$ 0&
#2125000 0)
#2125125 0! 0" 0# 0%
#2125375 0*
#2126500 1*
#2126625 1)
#2126750 0-
#2127000 1! 1" 1$ 1% 1&
#2127750 0)
#2128000 0" 1#
#2128250 0*
#2129250 1*
#2129500 1)
#2129750 1"
#2130625 0)
#2131125 0+
#2132125 1+
#2132250 1)
#2133500 0! 0" 0(
#2134375 0)
#2134500 0# 0$ 0&
#2134875 0*
#2135125 1-
#2135875 1*
#2136000 1)
#2136375 1! 1" 1# 1$ 1& 1(
#2137125 0)
#2138875 1)
#2139125 0$ 0&
#2140000 0)
#2140125 0! 0" 0%
#2140500 0*
#2141500 1*
#2141625 1)
#2141750 0-
#2141875 0#
#2142000 1! 1" 1$ 1% 1&
#2142750 0)
#2143000 0" 1# 0$ 0%
#2143250 0*
#2144250 1*
#2144500 1)
#2144875 1" 1$ 1%
#2145625 0)
#2146125 0+
#2147125 1+
#2147250 1)
#2148500 0! 0" 0(
#2149375 0)
#2149500 0# 0$
#2149625 1! 0&
#2149875 0*
#2150125 1-
#2150875 1*
#2151125 1)
#2151375 1" 1# 1$ 1& 1(
#2152125 0)
#2153875 1)
#2154125 0$ 0&
#2155000 0)
#2155250 0! 0" 0# 1$ 0%
#2155500 0*
#2156500 1*
#2156750 1)
#2156875 0-
#2157000 1! 1" 1% 1&
#2157750 0)
#2158000 0" 0%
#2158125 1#
#2158250 0*
#2159250 1*
#2159500 1)
#2159875 1" 1%
#2160625 0)
#2161125 0+
#2162125 1+
#2162375 1)
#2163500 0! 0" 0(
#2164375 0)
#2164625 1" 0# 0$ 0&
#2164875 0*
#2165250 1-
#2165875 1*
#2166125 1)
#2166375 0" 1# 1$
#2167125 0)
#2167500 1! 1" 1&
#2167625 0*
#2168750 1*
#2168875 1)
#2169125 0$ 0&
#2169250 1(
#2170000 0)
#2170125 0!
#2170250 0" 1$ 0%
#2170500 0*
#2171500 1*
#2171750 1)
#2171875 0-
#2172000 1! 1" 0# 1% 1&
#2172875 0)
#2173000 0" 0$
#2173125 1#
#2173250 0*
#2174375 1*
#2174500 1)
#2174875 1" 1$
#2175625 0)
#2176125 0+
#2177125 1+
#2177375 1)
#2178500 0! 0" 0(
#2179375 0) 00
#2179625 1! 1" 0# 0$ 0&
#2179875 0*
#2180250 1-
#2180875 1*
#2181125 1)
#2181375 1# 1$ 1& 1(
#2182250 0)
#2183875 1)
#2184125 0$ 0&
#2185000 0)
#2185250 0! 0" 0#
#2185500 0*
#2186375 10
#2186500 1*
#2186750 1)
#2186875 0-
#2187000 1! 1&
#2187125 1" 1$
#2187875 0)
#2188000 0"
#2188125 1#
#2188375 0*
#2189375 1*
#2189500 1)
#2189875 1"
#2190625 0)
#2191125 0+
#2192125 1+
#2192375 1)
#2193500 0! 0" 0(
#2194375 0)
#2194625 0$ 0&
#2194875 0*
#2195250 1-
#2195875 1*
#2196125 1)
#2196375 1! 1& 1(
#2196500 1" 1$
#2197250 0)
#2198875 1)
#2199125 0$ 0&
#2200000 0)
#2200250 0! 0"
#2200500 0*
#2201500 1*
#2201750 1)
#2201875 0-
#2202000 1! 0# 1&
#2202125 1" 1$
#2202875 0)
#2203000 0" 0$ 0%
#2203125 1#
#2203375 0*
#2204375 1*
#2204500 1)
#2204875 1" 1$ 1%
#2205625 0)
#2206125 0+
#2207125 1+
#2207375 1)
#2208500 0! 0" 0(
#2209375 0)
#2209625 1! 0$ 0&
#2209875 0*
#2210250 1-
#2210875 1*
#2211125 1)
#2211375 1& 1(
#2211500 1" 1$
#2212250 0)
#2213875 1)
#2214125 0$ 0&
#2215000 0)
#2215250 0! 0" 0# 1$
#2215500 0*
#2216500 1*
#2216750 1)
#2216875 0-
#2217000 1! 1" 1&
#2217875 0)
#2218000 0" 0%
#2218125 1#
#2218250 0*
#2219375 1*
#2219500 1)
#2219875 1" 1%
#2220625 0)
#2221125 0+
#2222125 1+
#2222375 1)
#2223500 0! 0" 0(
#2224375 0)
#2224625 1" 0$ 0&
#2224875 0*
#2225250 1-
#2225875 1*
#2226125 1)
#2226375 1! 0" 1$
#2227125 0)
#2227500 1" 1&
#2227750 0+
#2228750 1+
#2228875 1)
#2229125 0$ 0&
#2229250 1(
#2230000 0)
#2230125 0!
#2230250 0" 1$
#2230500 0*
#2231500 1*
#2231750 1)
#2231875 0-
#2232000 1! 1" 0# 1&
#2232875 0)
#2233000 0" 0$
#2233125 1#
#2233250 0*
#2234375 1*
#2234500 1)
#2234875 1" 1$
#2235625 0)
#2236125 0+
#2237125 1+
#2237375 1)
#2238500 0! 0" 0(
#2239375 0)
#2239625 1! 1" 0$ 0&
#2239875 0*
#2240250 1-
#2240875 1*
#2241125 1)
#2241375 1$ 1& 1(
#2242125 0)
#2243875 1)
#2244125 0$ 0&
#2245000 0)
#2245250 0! 0" 0# 0% 1&
#2245500 0*
#2246500 1*
#2246750 1)
#2246875 0-
#2247000 1! 1" 1$ 1%
#2247750 0)
#2248000 0"
#2248125 1#
#2248250 0*
#2249250 1*
#2249500 1)
#2249875 1"
#2250625 0)
#2251125 0+
#2252125 1+
#2252375 1)
#2253500 0! 0" 0(
#2254375 0)
#2254500 0#
#2254625 0&
#2254875 0*
#2255125 1-
#2255875 1*
#2256125 1)
#2256375 1! 1" 1# 1& 1(
#2257125 0)
#2258875 1)
#2259125 0$ 0&
#2260000 0)
#2260125 0! 0"
#2260250 0% 1&
#2260500 0*
#2261500 1*
#2261625 1)
#2261750 0-
#2261875 0#
#2262000 1! 1" 1$ 1%
#2262750 0)
#2263000 0" 1# 0$ 0%
#2263250 0*
#2264250 1*
#2264500 1)
#2264875 1" 1$ 1%
#2265625 0)
#2266125 0+
#2267125 1+
#2267250 1)
#2268500 0! 0" 0(
#2269375 0)
#2269500 0# 0&
#2269625 1!
#2269875 0*
#2270125 1-
#2270875 1*
#2271000 1)
#2271375 1" 1# 1& 1(
#2272125 0)
#2273875 1)
#2274125 0$ 0&
#2275000 0)
#2275125 0! 0" 0# 0%
#2275250 1$ 1&
#2275500 0*
#2276500 1*
#2276625 1)
#2276750 0-
#2277000 1! 1" 1%
#2277750 0)
#2278000 0" 1# 0%
#2278250 0*
#2279250 1*
#2279500 1)
#2279875 1" 1%
#2280625 0)
#2281125 0+
#2282125 1+
#2282250 1)
#2283500 0! 0" 0(
#2284375 0)
#2284500 0# 0&
#2284625 1"
#2284875 0*
#2285125 1-
#2285875 1*
#2286000 1)
#2286375 1#
#2287125 0)
#2287375 1! 1&
#2287625 0*
#2288625 1*
#2288875 1)
#2289125 0$ 0& 1(
#2290000 0)
#2290125 0! 0" 0%
#2290250 1$ 1&
#2290375 0*
#2291500 1*
#2291625 1)
#2291750 0-
#2291875 0#
#2292000 1! 1" 1%
#2292750 0)
#2293000 0" 1# 0$
#2293250 0*
#2294250 1*
#2294500 1)
#2294750 1" 1$
#2295625 0)
#2296125 0+
#2297125 1+
#2297250 1)
#2298500 0! 0" 0(
#2299250 0)
#2299500 1! 0# 0&
#2299625 1"
#2299750 0*
#2300125 1-
#2300875 1*
#2301000 1)
#2301375 1# 1& 1(
#2302125 0)
#2303875 1)
#2304125 0$ 0&
#2304875 0)
#2305125 0! 0" 0# 1&
#2305375 0*
#2306375 1*
#2306625 1)
#2306750 0-
#2307000 1! 1" 1$
#2307750 0)
#2308000 0" 1#
#2308250 0*
#2309250 1*
#2309500 1)
#2309750 1"
#2310500 0)
#2311000 0+
#2312125 1+
#2312250 1)
#2313500 0! 0" 0(
#2314250 0)
#2314500 0&
#2314750 0*
#2315125 1-
#2315750 1*
#2316000 1)
#2316375 1! 1" 1& 1(
#2317125 0)
#2318750 1)
#2319125 0$ 0&
#2319875 0)
#2320125 0! 0" 1&
#2320375 0*
#2321375 1*
#2321625 1)
#2321750 0-
#2321875 0#
#2322000 1! 1" 1$
#2322750 0)
#2322875 0" 0$
#2323000 1# 0%
#2323250 0*
#2324250 1*
#2324375 1)
#2324750 1" 1$ 1%
#2325500 0)
#2326000 0+
#2327000 1+
#2327250 1)
#2328375 0! 0"
#2328500 0(
#2329250 0)
#2329500 1! 0&
#2329750 0*
#2330125 1-
#2330750 1*
#2331000 1)
#2331250 1(
#2331375 1" 1&
#2332125 0)
#2333750 1)
#2334000 0&
#2334125 0$
#2334875 0)
#2335125 0! 0" 0# 1$ 1&
#2335375 0*
#2336375 1*
#2336625 1)
#2336750 0-
#2336875 1!
#2337000 1"
#2337750 0)
#2337875 0" 0%
#2338000 1#
#2338250 0*
#2339250 1*
#2339375 1)
#2339750 1" 1%
#2340500 0)
#2341000 0+
#2342000 1+
#2342250 1)
#2343375 0! 0" 0(
#2344250 0)
#2344500 1" 0&
#2344750 0*
#2345125 1-
#2345750 1*
#2346000 1)
#2346250 1!
#2347125 0)
#2347375 1&
#2347625 0+
#2348625 1+
#2348750 1)
#2349000 0$ 0&
#2349125 1(
#2349875 0) 0/
#2350125 0! 0" 1$ 1&
#2350375 0*
#2351375 1*
#2351625 1)
#2351750 0-
#2351875 1! 1" 0#
#2352750 0)
#2352875 0" 0$
#2353000 1#
#2353125 0*
#2354250 1*
#2354375 1)
#2354750 1" 1$
#2355500 0)
#2356000 0+
#2356875 1/
#2357000 1+
#2357250 1)
#2358375 0! 0" 0(
#2359250 0)
#2359500 1! 1" 0&
#2359750 0*
#2360125 1-
#2360750 1*
#2361000 1)
#2361250 1& 1(
#2362000 0)
#2363750 1)
#2364875 0)
#2365375 0+
#2366375 1+
#2366625 1)
#2366750 0-
#2366875 0#
#2367625 0)
#2367875 0"
#2368000 1#
#2368125 0*
#2369250 1*
#2369375 1)
#2369750 1"
#2370500 0)
#2371000 0+
#2372000 1+
#2372250 1)
#2375000 1-
#2375250 0$ 0&
#2376125 0)
#2376250 0!
#2376375 0" 0%
#2376625 0*
#2377625 1*
#2378250 1!
#2378500 0*
#2379500 1*
#2380000 0!
#2380125 1"
#2380375 0*
#2381375 1*
#2382000 1!
#2382250 0*
#2383250 1*
#2383750 0!
#2383875 0" 1$ 1% 1&
#2384125 0*
#2385125 1*
#2385750 1!
#2386000 0*
#2387000 1*
#2387250 1)
#2387500 1"
#2388250 0)
#2390000 1)
#2390250 0! 0# 0&
#2391125 0)
#2391375 1! 0" 1# 0$ 0% 1& 0' 0(
#2391625 0*
#2392625 1*
#2393250 1%
#2393500 0*
#2394500 1*
#2394750 1)
#2395000 1" 0& 1' 1(
#2395750 0)
#2396000 0" 1&
#2396250 0*
#2397250 1*
#2397500 1)
#2397750 0! 0# 0&
#2397875 1$
#2398625 0)
#2398750 0$
#2398875 1# 0% 0'
#2399125 0*
#2400125 1*
#2400750 1%
#2401000 0*
#2402000 1*
#2402250 1)
#2402500 1! 1" 1'
#2403250 0)
#2403500 0! 0"
#2403625 1&
#2403750 0*
#2404750 1*
#2405000 1)
#2405250 0&
#2405375 1! 1"
#2405750 0/
#2406125 0)
#2406250 0! 0"
#2406375 1$ 1&
#2406625 0*
#2407625 1*
#2408250 1!
#2408500 0*
#2409500 1*
#2410000 0!
#2410125 1"
#2410375 0*
#2411375 1*
#2412000 1!
#2412250 0*
#2412750 1/
#2413250 1*
#2413750 0!
#2413875 0"
#2414125 0*
#2415125 1*
#2416250 1!
#2416500 0*
#2417500 1*
#2417625 1)
#2418000 1"
#2418750 0)
#2420500 1)
#2420750 0# 0&
#2421625 0)
#2421750 0" 0$ 0%
#2421875 1# 1&
#2422125 0*
#2423125 1*
#2423750 1%
#2424000 0*
#2425000 1*
#2425125 1)
#2425375 0&
#2425500 1"
#2426250 0)
#2426500 0" 1&
#2426750 0*
#2427750 1*
#2428000 1)
#2428250 0! 0# 0&
#2428375 1$
#2429125 0)
#2429250 0$ 0% 0'
#2429375 1" 1#
#2429625 0*
#2430625 1*
#2431250 1%
#2431500 0*
#2432500 1*
#2432625 1)
#2433000 1! 1'
#2433750 0)
#2434000 0! 1&
#2434250 0*
#2435250 1*
#2435500 1)
#2435750 1! 0&
#2436625 0)
#2436750 0! 0"
#2436875 1$ 1&
#2437125 0*
#2438125 1*
#2438750 1!
#2439000 0*
#2440000 1*
#2440500 0!
#2440625 1"
#2440875 0*
#2441875 1*
#2442500 1!
#2442750 0*
#2443750 1*
#2444250 0! 0"
#2444625 0*
#2445625 1*
#2446250 1!
#2446500 0*
#2447500 1*
#2447750 1)
#2448000 1"
#2448750 0)
#2450500 1)
#2450750 0# 0&
#2451625 0)
#2451875 0" 1# 0$ 0% 1&
#2452125 0*
#2453125 1*
#2453750 1%
#2454000 0*
#2455000 1*
#2455250 1)
#2455500 1" 0&
#2456250 0)
#2456500 0"
#2456625 1&
#2456750 0*
#2457750 1*
#2458000 1)
#2458250 0! 0# 0&
#2458375 1$
#2459125 0)
#2459375 1" 1# 0$ 0% 0'
#2459625 0*
#2460625 1*
#2461250 1%
#2461500 0*
#2462500 1*
#2462750 1)
#2463000 1! 1'
#2463875 0)
#2464000 0!
#2464125 1&
#2464250 0*
#2465375 1*
#2465500 1)
#2465750 0&
#2465875 1!
#2466625 0)
#2466750 0!
#2466875 0" 1$ 1&
#2467125 0*
#2468125 1*
#2468750 1!
#2469000 0*
#2470000 1*
#2470625 0! 1"
#2470875 0*
#2471875 1*
#2472500 1!
#2472750 0*
#2473750 1*
#2474375 0! 0"
#2474625 0*
#2475625 1*
#2476250 1!
#2476500 0*
#2477500 1*
#2477750 1)
#2478125 1"
#2478875 0)
#2480500 1)
#2480750 0&
#2480875 0#
#2481625 0)
#2481875 0" 1# 0$ 0% 1&
#2482125 0*
#2483125 1*
#2483750 1%
#2484000 0*
#2485000 1*
#2485250 1)
#2485500 0&
#2485625 1"
#2486375 0)
#2486500 0"
#2486625 1&
#2486875 0*
#2487875 1*
#2488000 1)
#2488250 0! 0&
#2488375 0# 1$
#2489125 0)
#2489375 1# 0$ 0% 0'
#2489500 1"
#2489625 0*
#2490625 1*
#2491250 1%
#2491500 0*
#2492500 1*
#2492750 1)
#2493125 1! 1'
#2493875 0)
#2494000 0!
#2494125 1&
#2494375 0*
#2495375 1*
#2495625 1)
#2510875 1! 1$
#2511750 0)
#2513375 1)
#2515500 0)
#2517125 1)
#2519250 0)
#2519750 0+
#2520750 1+
#2520875 1)
#2522000 0)
#2523750 1)
#2524000 0$ 0&
#2524875 0)
#2525000 0! 0" 0# 0% 0'
#2525375 0*
#2526375 1*
#2526500 1)
#2526875 1! 1" 1# 1$ 1% 1& 1'
#2527625 0)
#2528125 0+
#2529125 1+
#2529375 1)
#2530500 0)
#2531000 0+
#2532000 1+
#2532125 1)
#2533375 0! 0" 0(
#2534250 0)
#2534375 0# 0$ 0% 0&
#2534750 0*
#2535750 1*
#2536000 1)
#2536250 1! 1" 1# 1$ 1% 1& 1(
#2537000 0)
#2537125 0/
#2538750 1)
#2539000 0$ 0&
#2539875 0)
#2540000 0!
#2540125 0" 0% 0'
#2540375 0*
#2541375 1*
#2541625 1)
#2541750 0-
#2541875 1! 1" 0# 1$ 1% 1& 1'
#2542625 0)
#2542875 0" 0$ 0%
#2543000 1#
#2543125 0*
#2544125 1/
#2544250 1*
#2544375 1)
#2544750 1" 1$ 1%
#2545500 0)
#2546000 0+
#2547000 1+
#2547250 1)
#2548375 0! 0" 0(
#2549250 0)
#2549500 1! 0# 0$ 0% 0&
#2549750 0*
#2550125 1-
#2550750 1*
#2551000 1)
#2551250 1# 1& 1(
#2551375 1" 1$ 1%
#2552125 0)
#2553750 1)
#2554000 0$ 0&
#2554875 0)
#2555125 0! 0" 0# 1$ 0% 0'
#2555375 0*
#2556375 1*
#2556625 1)
#2556750 0-
#2556875 1! 1'
#2557000 1" 1% 1&
#2557750 0)
#2557875 0" 0%
#2558000 1#
#2558250 0*
#2559250 1*
#2559375 1)
#2559750 1" 1%
#2560500 0)
#2561000 0+
#2562000 1+
#2562250 1)
#2563375 0! 0"
#2563500 0(
#2564250 0)
#2564500 1" 0# 0$ 0% 0&
#2564750 0*
#2565125 1-
#2565750 1*
#2566000 1)
#2566250 0"
#2566375 1&
#2567125 0)
#2567375 1! 1" 1# 1$ 1%
#2567625 0*
#2568625 1*
#2568750 1)
#2569000 0$
#2569125 0& 1(
#2569875 0)
#2570125 0! 0" 1$ 0% 0'
#2570375 0*
#2571375 1*
#2571625 1)
#2571750 0-
#2571875 0#
#2572000 1! 1" 1% 1& 1'
#2572750 0)
#2572875 0"
#2573000 1# 0$
#2573250 0*
#2574250 1*
#2574375 1)
#2574750 1" 1$
#2575500 0)
#2576000 0+
#2577000 1+
#2577250 1)
#2578500 0! 0" 0(
#2579250 0)
#2579500 1! 1" 0# 0$ 0% 0&
#2579750 0*
#2580125 1-
#2580750 1*
#2581000 1)
#2581375 1# 1$ 1% 1& 1(
#2582125 0)
#2583875 1)
#2584125 0$ 0&
#2584875 0)
#2585125 0! 0" 0# 0'
#2585375 0*
#2586375 1*
#2586625 1)
#2586750 0-
#2587000 1! 1" 1$ 1& 1'
#2587750 0)
#2588000 0" 1#
#2588250 0*
#2589250 1*
#2589500 1)
#2589750 1"
#2590500 0)
#2591125 0+
#2592125 1+
#2592250 1)
#2593000 0/
#2593500 0! 0" 0(
#2594250 0)
#2594500 0$ 0% 0&
#2594750 0*
#2595125 1-
#2595875 1*
#2596000 1)
#2596375 1! 1" 1$ 1% 1& 1(
#2597125 0)
#2598875 1)
#2599125 0$ 0&
#2600000 0) 1/
#2600125 0! 0" 0'
#2600375 0*
#2601500 1*
#2601625 1)
#2601750 0-
#2601875 0#
#2602000 1! 1" 1$ 1& 1'
#2602750 0)
#2603000 0" 1# 0$ 0%
#2603250 0*
#2604250 1*
#2604500 1)
#2604750 1" 1$ 1%
#2605625 0)
#2606125 0+
#2607125 1+
#2607250 1)
#2608500 0! 0" 0(
#2609375 0)
#2609500 0$ 0% 0&
#2609625 1!
#2609750 0*
#2610125 1-
#2610875 1*
#2611000 1)
#2611375 1" 1$ 1% 1& 1(
#2612125 0)
#2613875 1)
#2614125 0$ 0&
#2615000 0)
#2615125 0! 0" 0# 0'
#2615250 1$
#2615375 0*
#2616500 1*
#2616625 1)
#2616750 0-
#2617000 1! 1" 1& 1'
#2617750 0)
#2618000 0" 1# 0%
#2618250 0*
#2619250 1*
#2619500 1)
#2619750 1" 1%
#2620625 0)
#2621125 0+
#2622125 1+
#2622250 1)
#2623500 0! 0" 0(
#2624375 0)
#2624500 0$ 0% 0&
#2624625 1"
#2624875 0*
#2625125 1-
#2625875 1*
#2626000 1)
#2626250 0" 0#
#2626375 1! 1&
#2627125 0)
#2627375 1" 1# 1$ 1%
#2627625 0+
#2628625 1+
#2628875 1)
#2629125 0$ 0& 1(
#2630000 0)
#2630125 0! 0" 0'
#2630250 1$
#2630500 0*
#2631500 1*
#2631625 1)
#2631750 0-
#2631875 0#
#2632000 1! 1" 1& 1'
#2632750 0)
#2633000 0" 1# 0$
#2633250 0*
#2634250 1*
#2634500 1)
#2634750 1" 1$
#2635625 0)
#2636125 0+
#2637125 1+
#2637250 1)
#2638500 0! 0" 0(
#2639375 0)
#2639500 0$ 0% 0&
#2639625 1! 1"
#2639875 0*
#2640125 1-
#2640875 1*
#2641000 1)
#2641250 0! 0" 0#
#2642125 0)
#2642375 0'
#2642625 0+
#2643625 1+
#2643875 1)
#2644125 1! 1' 1(
#2644250 1" 1# 1%
#2645000 0)
#2645125 0! 0" 0# 0% 0'
#2645250 1&
#2645500 0*
#2646500 1*
#2646625 1)
#2646750 0-
#2647000 1! 1" 1$ 1% 1'
#2647750 0)
#2648000 0" 1#
#2648250 0*
#2649250 1*
#2649500 1)
#2649750 1"
#2650625 0)
#2651125 0+
#2652125 1+
#2652250 1)
#2653500 0! 0" 0(
#2654375 0)
#2654500 0# 0% 0&
#2654875 0*
#2655125 1-
#2655875 1*
#2656000 1)
#2656375 1! 1" 1# 1% 1& 1(
#2657125 0)
#2658875 1)
#2659125 0$ 0&
#2660000 0)
#2660125 0! 0" 0% 0'
#2660250 1&
#2660375 0*
#2661500 1*
#2661625 1)
#2661750 0-
#2661875 0#
#2662000 1! 1" 1$ 1% 1'
#2662750 0)
#2663000 0" 1# 0$ 0%
#2663250 0*
#2664250 1*
#2664500 1)
#2664750 1" 1$ 1%
#2665625 0)
#2666125 0+
#2667125 1+
#2667250 1)
#2668500 0! 0" 0(
#2669375 0)
#2669500 0# 0% 0&
#2669625 1!
#2669750 0*
#2670125 1-
#2670875 1*
#2671000 1)
#2671375 1" 1# 1% 1& 1(
#2672125 0)
#2673875 1)
#2674125 0$ 0&
#2675000 0)
#2675125 0! 0" 0# 0% 0'
#2675250 1$ 1&
#2675375 0*
#2676500 1*
#2676625 1)
#2676750 0-
#2677000 1! 1" 1% 1'
#2677750 0)
#2678000 0" 1# 0%
#2678250 0*
#2679250 1*
#2679500 1)
#2679750 1" 1%
#2680500 0)
#2681125 0+
#2682125 1+
#2682250 1)
#2683500 0! 0" 0(
#2684250 0)
#2684500 0# 0% 0&
#2684625 1"
#2684750 0*
#2685125 1-
#2685250 0/
#2685750 1*
#2686000 1)
#2686250 0$
#2686375 1&
#2687125 0)
#2687375 1! 1# 1$ 1%
#2687625 0*
#2688625 1*
#2688875 1)
#2689125 0$ 0& 1(
#2689875 0)
#2690125 0! 0" 0% 0'
#2690250 1$ 1&
#2690375 0*
#2691375 1*
#2691625 1)
#2691750 0-
#2691875 0#
#2692000 1! 1" 1% 1'
#2692250 1/
#2692750 0)
#2693000 0" 1# 0$
#2693250 0*
#2694250 1*
#2694500 1)
#2694750 1" 1$
#2695500 0)
#2696125 0+
#2697125 1+
#2697250 1)
#2698500 0! 0" 0(
#2699250 0)
#2699500 1! 1" 0# 0% 0&
#2699750 0*
#2700125 1-
#2700750 1*
#2701000 1)
#2701375 1# 1% 1& 1(
#2702125 0)
#2703875 1)
#2704125 0$ 0&
#2704875 0)
#2705125 0! 0" 0# 1& 0'
#2705375 0*
#2706375 1*
#2706625 1)
#2706750 0-
#2707000 1! 1" 1$ 1'
#2707750 0)
#2707875 0"
#2708000 1#
#2708250 0*
#2709250 1*
#2709375 1)
#2709750 1"
#2710500 0)
#2711000 0+
#2712000 1+
#2712250 1)
#2713375 0! 0"
#2713500 0(
#2714250 0)
#2714500 0% 0&
#2714750 0*
#2715125 1-
#2715750 1*
#2716000 1)
#2716375 1! 1" 1% 1& 1(
#2717125 0)
#2718750 1)
#2719000 0&
#2719125 0$
#2719875 0)
#2720125 0! 0" 1& 0'
#2720375 0*
#2721375 1*
#2721625 1)
#2721750 0-
#2721875 1! 0# 1'
#2722000 1" 1$
#2722750 0)
#2722875 0" 0$ 0%
#2723000 1#
#2723250 0*
#2724250 1*
#2724375 1)
#2724750 1" 1$ 1%
#2725500 0)
#2726000 0+
#2727000 1+
#2727250 1)
#2728375 0! 0" 0(
#2729250 0)
#2729500 1! 0% 0&
#2729750 0*
#2730125 1-
#2730750 1*
#2731000 1)
#2731250 1& 1(
#2731375 1" 1%
#2732125 0)
#2733750 1)
#2734000 0$ 0&
#2734875 0)
#2735125 0! 0" 0# 1$ 1& 0'
#2735375 0*
#2736375 1*
#2736625 1)
#2736750 0-
#2736875 1! 1" 1'
#2737750 0)
#2737875 0" 0%
#2738000 1#
#2738125 0*
#2739250 1*
#2739375 1)
#2739750 1" 1%
#2740500 0)
#2741000 0+
#2741125 0/
#2742000 1+
#2742250 1)
#2743375 0! 0" 0(
#2744250 0)
#2744500 1" 0% 0&
#2744750 0*
#2745000 1-
#2745750 1*
#2746000 1)
#2746250 1! 0# 0$ 1&
#2747000 0)
#2747375 1# 1$ 1%
#2747625 0+
#2748125 1/
#2748625 1+
#2748750 1)
#2749000 0$ 0&
#2749125 1(
#2749875 0)
#2750000 0!
#2750125 0" 1$ 1& 0'
#2750375 0*
#2751375 1*
#2751625 1)
#2751750 0-
#2751875 1! 1" 0# 1'
#2752625 0)
#2752875 0" 0$
#2753000 1#
#2753125 0*
#2754125 1*
#2754375 1)
#2754750 1" 1$
#2755500 0)
#2756000 0+
#2757000 1+
#2757250 1)
#2758375 0! 0" 0(
#2759250 0)
#2759500 1! 1" 0% 0&
#2759750 0*
#2760000 1-
#2760750 1*
#2761000 1)
#2761250 1% 1& 1(
#2762000 0)
#2763750 1)
#2764000 0$ 0&
#2764875 0)
#2765000 0! 0" 0#
#2765125 0%
#2765375 0*
#2766375 1*
#2766500 1)
#2766625 0-
#2766875 1! 1" 1$ 1% 1&
#2767625 0)
#2767875 0"
#2768000 1#
#2768125 0*
#2769125 1*
#2769375 1)
#2769750 1"
#2770500 0)
#2771000 0+
#2772000 1+
#2772125 1)
#2773375 0! 0" 0(
#2774250 0)
#2774375 0# 0$ 0&
#2774750 0*
#2775000 1-
#2775750 1*
#2775875 1)
#2776250 1! 1" 1# 1$ 1& 1(
#2777000 0)
#2778750 1)
#2779000 0$ 0&
#2779875 0)
#2780000 0! 0" 0%
#2780375 0*
#2781375 1*
#2781500 1)
#2781625 0-
#2781750 0#
#2781875 1! 1" 1$ 1% 1&
#2782625 0)
#2782875 0" 1# 0$ 0%
#2783125 0*
#2784125 1*
#2784375 1)
#2784750 1" 1$ 1%
#2785500 0)
#2786000 0+
#2787000 1+
#2787125 1)
#2788375 0! 0" 0(
#2789250 0)
#2789375 0# 0$ 0&
#2789500 1!
#2789750 0*
#2790000 1-
#2790750 1*
#2790875 1)
#2791250 1" 1# 1$ 1& 1(
#2792000 0)
#2793750 1)
#2794000 0$ 0&
#2794875 0)
#2795000 0! 0" 0# 0%
#2795125 1$
#2795375 0*
#2796375 1*
#2796500 1)
#2796625 0-
#2796875 1! 1" 1% 1&
#2797625 0)
#2797875 0" 1# 0%
#2798125 0*
#2799125 1*
#2799375 1)
#2799625 1" 1%
#2800500 0)
#2801000 0+
#2802000 1+
#2802125 1)
#2803375 0! 0" 0(
#2804250 0)
#2804375 0# 0$ 0&
#2804500 1"
#2804750 0*
#2805000 1-
#2805750 1*
#2805875 1)
#2806125 0" 0%
#2806250 1# 1&
#2807000 0)
#2807250 1! 1" 1$ 1%
#2807500 0*
#2808500 1*
#2808750 1)
#2809000 0$ 0& 1(
#2809875 0)
#2810000 0! 0" 0%
#2810125 1$
#2810250 0*
#2811375 1*
#2811500 1)
#2811625 0-
#2811750 0#
#2811875 1! 1" 1% 1&
#2812625 0)
#2812875 0" 1# 0$
#2813125 0*
#2814125 1*
#2814375 1)
#2814625 1" 1$
#2815500 0)
#2816000 0+
#2817000 1+
#2817125 1)
#2818375 0! 0" 0(
#2819250 0)
#2819375 0# 0$ 0&
#2819500 1! 1"
#2819625 0*
#2820000 1-
#2820750 1*
#2820875 1)
#2821250 1# 1$ 1& 1(
#2822000 0)
#2823750 1)
#2824000 0$ 0&
#2824875 0)
#2825000 0! 0" 0#
#2825250 0*
#2826375 1*
#2826500 1)
#2826625 0-
#2826875 1! 1" 1$ 1&
#2827625 0)
#2827875 0" 1#
#2828125 0*
#2829125 1*
#2829375 1)
#2829625 1"
#2830500 0)
#2831000 0+
#2832000 1+
#2832125 1)
#2833375 0! 0" 0(
#2834250 0)
#2834375 0$ 0&
#2834625 0*
#2835000 1-
#2835750 1*
#2835875 1)
#2836250 1! 1" 1$ 1& 1(
#2837000 0)
#2838750 1)
#2839000 0$ 0&
#2839875 0)
#2840000 0! 0"
#2840250 0*
#2841375 1*
#2841500 1)
#2841625 0-
#2841750 0#
#2841875 1! 1" 1$ 1&
#2842625 0)
#2842875 0" 1# 0$ 0%
#2843125 0*
#2844125 1*
#2844375 1)
#2844625 1" 1$ 1%
#2845500 0)
#2846000 0+
#2847000 1+
#2847125 1)
#2848375 0! 0" 0(
#2849250 0)
#2849375 0$ 0&
#2849500 1!
#2849750 0*
#2850000 1-
#2850750 1*
#2850875 1)
#2851250 1" 1$ 1& 1(
#2852000 0)
#2853750 1)
#2854000 0$ 0&
#2854875 0)
#2855000 0! 0" 0#
#2855125 1$
#2855375 0*
#2856375 1*
#2856500 1)
#2856625 0-
#2856875 1! 1" 1&
#2857625 0)
#2857875 0" 1# 0%
#2858125 0*
#2859125 1*
#2859375 1)
#2859625 1" 1%
#2860500 0)
#2861000 0+
#2862000 1+
#2862125 1)
#2863375 0! 0" 0(
#2864250 0)
#2864375 0$ 0&
#2864500 1"
#2864750 0*
#2865000 1-
#2865750 1*
#2865875 1)
#2866125 0" 0%
#2866250 1! 1&
#2867000 0)
#2867250 1" 1$ 1%
#2867500 0+
#2868500 1+
#2868750 1)
#2869000 0$ 0& 1(
#2869875 0)
#2870000 0! 0"
#2870125 1$
#2870375 0*
#2871375 1*
#2871500 1)
#2871625 0-
#2871750 0#
#2871875 1! 1" 1&
#2872625 0)
#2872875 0" 1# 0$
#2873125 0*
#2874125 1*
#2874375 1)
#2874750 1" 1$
#2875500 0)
#2876000 0+
#2877000 1+
#2877125 1)
#2878375 0! 0" 0(
#2879250 0)
#2879375 0$ 0&
#2879500 1! 1"
#2879750 0*
#2880000 1-
#2880750 1*
#2880875 1)
#2881250 1$ 1& 1(
#2882000 0)
#2883750 1)
#2884000 0$ 0&
#2884875 0)
#2885000 0! 0" 0#
#2885125 0% 1&
#2885375 0*
#2886375 1*
#2886500 1)
#2886625 0-
#2886875 1! 1" 1$ 1%
#2887625 0)
#2887875 0"
#2888000 1#
#2888125 0*
#2889125 1*
#2889375 1)
#2889750 1"
#2890500 0)
#2891000 0+
#2892000 1+
#2892250 1)
#2893375 0! 0" 0(
#2894250 0)
#2894375 0#
#2894500 0&
#2894750 0*
#2895000 1-
#2895750 1*
#2896000 1)
#2896250 1! 1" 1# 1& 1(
#2897000 0)
#2898750 1)
#2899000 0$ 0&
#2899875 0)
#2900000 0!
#2900125 0" 0% 1&
#2900375 0*
#2901375 1*
#2901625 1)
#2901750 0-
#2901875 1! 1" 0# 1$ 1%
#2902625 0)
#2902875 0" 0$ 0%
#2903000 1#
#2903125 0*
#2904125 1*
#2904375 1)
#2904750 1" 1$ 1%
#2905500 0)
#2906000 0+
#2907000 1+
#2907250 1)
#2908375 0! 0" 0(
#2909250 0)
#2909500 1! 0# 0&
#2909750 0*
#2910125 1-
#2910750 1*
#2911000 1)
#2911250 1" 1# 1& 1(
#2912125 0)
#2913750 1)
#2914000 0$ 0&
#2914500 00
#2914875 0)
#2915125 0! 0" 0# 1$ 0% 1&
#2915375 0*
#2916375 1*
#2916625 1)
#2916750 0-
#2916875 1! 1" 1%
#2917750 0)
#2917875 0" 0%
#2918000 1#
#2918250 0*
#2919250 1*
#2919375 1)
#2919750 1" 1%
#2920500 0)
#2921000 0+
#2921500 10
#2922000 1+
#2922250 1)
#2923375 0! 0"
#2923500 0(
#2924250 0)
#2924500 1" 0# 0&
#2924750 0*
#2925125 1-
#2925750 1*
#2926000 1)
#2926250 0$ 0%
#2926375 1# 1&
#2927125 0)
#2927375 1! 1$ 1%
#2927625 0*
#2928625 1*
#2928750 1)
#2929000 0$ 0&
#2929125 1(
#2929875 0)
#2930125 0! 0" 1$ 0% 1&
#2930375 0*
#2931375 1*
#2931625 1)
#2931750 0-
#2931875 1! 0#
#2932000 1" 1%
#2932750 0)
#2932875 0" 0$
#2933000 1#
#2933250 0*
#2934250 1*
#2934375 1)
#2934750 1" 1$
#2935500 0)
#2936000 0+
#2937000 1+
#2937250 1)
#2938375 0!
#2938500 0" 0(
#2939250 0)
#2939500 1! 1" 0# 0&
#2939750 0*
#2940125 1-
#2940750 1*
#2941000 1)
#2941375 1# 1& 1(
#2942125 0)
#2943875 1)
#2944125 0$ 0&
#2944875 0)
#2945125 0! 0" 0# 1&
#2945375 0*
#2946375 1*
#2946625 1)
#2946750 0-
#2947000 1! 1" 1$
#2947750 0)
#2948000 0" 1#
#2948250 0*
#2949250 1*
#2949500 1)
#2949750 1"
#2950500 0)
#2951125 0+
#2952125 1+
#2952250 1)
#2953500 0! 0" 0(
#2954250 0)
#2954500 0&
#2954750 0*
#2955125 1-
#2955875 1*
#2956000 1)
#2956375 1! 1" 1& 1(
#2957125 0)
#2958875 1)
#2959125 0$ 0&
#2960000 0)
#2960125 0! 0"
#2960250 1&
#2960375 0*
#2961500 1*
#2961625 1)
#2961750 0-
#2961875 0#
#2962000 1! 1" 1$
#2962750 0)
#2963000 0" 1# 0$ 0%
#2963250 0*
#2964250 1*
#2964500 1)
#2964750 1" 1$ 1%
#2965625 0)
#2966125 0+
#2967125 1+
#2967250 1)
#2968500 0! 0" 0(
#2969375 0)
#2969500 0&
#2969625 1!
#2969875 0*
#2970125 1-
#2970875 1*
#2971000 1)
#2971375 1" 1& 1(
#2972125 0)
#2973875 1)
#2974125 0$ 0&
#2975000 0)
#2975125 0! 0" 0#
#2975250 1$ 1&
#2975500 0*
#2976500 1*
#2976625 1)
#2976750 0-
#2977000 1! 1"
#2977750 0)
#2978000 0" 1# 0%
#2978250 0*
#2979250 1*
#2979500 1)
#2979875 1" 1%
#2980625 0)
#2981125 0+
#2982125 1+
#2982250 1)
#2983500 0! 0" 0(
#2984375 0)
#2984500 0&
#2984625 1"
#2984875 0*
#2985125 1-
#2985875 1*
#2986125 1)
#2986250 0%
#2986375 1! 0$ 1&
#2987125 0)
#2987500 1$ 1%
#2987625 0+
#2988750 1+
#2988875 1)
#2989125 0$ 0& 1(
#2990000 0) 00
#2990125 0! 0"
#2990250 1$ 1&
#2990500 0*
#2991500 1*
#2991750 1)
#2991875 0-
#2992000 1! 1" 0#
#2992750 0)
#2993000 0" 0$
#2993125 1#
#2993250 0*
#2994250 1*
#2994500 1)
#2994875 1" 1$
#2995625 0)
#2996125 0+
#2996875 10
#2997125 1+
#2997375 1)
#2998500 0! 0" 0(
#2999375 0)
#2999625 1! 1" 0&
#2999875 0*
#3000250 1-
#3000875 1*
#3001125 1)
#3001375 1& 1(
#3002250 0)
#3003875 1)
#3005000 0)
#3005500 0+
#3006500 1+
#3006750 1)
#3006875 0-
#3007000 0#
#3007875 0)
#3008000 0"
#3008125 1#
#3008375 0*
#3009375 1*
#3009500 1)
#3009875 1"
#3010625 0)
#3011125 0+
#3012125 1+
#3012375 1)
#3015250 1-
#3015375 0$ 0&
#3016250 0)
#3016500 0! 0" 0%
#3016750 0*
#3017750 1*
#3018375 1!
#3018625 0*
#3019625 1*
#3020250 0! 1"
#3020500 0*
#3021500 1*
#3022125 1!
#3022375 0*
#3023375 1*
#3024000 0! 0" 1$ 1% 1&
#3024250 0*
#3025250 1*
#3025875 1!
#3026125 0*
#3027125 1*
#3027375 1)
#3027750 1"
#3028500 0)
#3030125 1)
#3030500 0! 0# 0&
#3031250 0)
#3031500 1# 0$ 0% 1& 0' 0(
#3031750 0*
#3032750 1*
#3033375 1%
#3033625 0*
#3034625 1*
#3034875 1)
#3035125 0&
#3035250 1! 1' 1(
#3036000 0)
#3036125 0!
#3036250 1&
#3036500 0*
#3037500 1*
#3037625 1)
#3038000 0" 0# 1$ 0&
#3038750 0)
#3039000 1! 0$ 0% 0'
#3039125 1#
#3039250 0*
#3040250 1*
#3040875 1%
#3041125 0*
#3042125 1*
#3042375 1)
#3042750 1" 1'
#3043500 0)
#3043625 0"
#3043750 1&
#3044000 0*
#3045000 1*
#3045125 1)
#3045375 0&
#3045500 1"
#3046250 0)
#3046500 0! 0" 1&
#3046625 1$
#3046750 0*
#3047750 1*
#3048375 1!
#3048625 0*
#3049625 1*
#3050250 0!
#3050375 1"
#3050500 0*
#3051500 1*
#3052125 1!
#3052375 0*
#3053375 1*
#3054000 0! 0"
#3054250 0*
#3055250 1*
#3056375 1!
#3056625 0*
#3057625 1*
#3057875 1)
#3058250 1"
#3059000 0)
#3060625 1)
#3060875 0# 0&
#3061750 0)
#3062000 0! 1# 0$ 0% 1&
#3062250 0*
#3063250 1*
#3063875 1%
#3064125 0*
#3065125 1*
#3065375 1)
#3065625 1! 0&
#3066500 0)
#3066625 0!
#3066750 1&
#3067000 0*
#3068000 1*
#3068125 1)
#3068375 0" 0# 0&
#3068500 1$
#3069250 0)
#3069500 1! 1" 1# 0$ 0% 0'
#3069750 0*
#3070750 1*
#3071375 1%
#3071625 0*
#3072625 1*
#3072875 1)
#3073125 1'
#3074000 0)
#3074250 1&
#3074500 0*
#3075500 1*
#3075625 1)
#3075875 0&
#3076750 0)
#3077000 0! 0" 1$ 1&
#3077250 0*
#3078250 1*
#3078875 1!
#3079125 0*
#3080125 1*
#3080750 0! 1"
#3081000 0*
#3082000 1*
#3082625 1!
#3082875 0*
#3083875 1*
#3084500 0! 0"
#3084750 0*
#3085750 1*
#3086375 1!
#3086625 0*
#3087625 1*
#3087875 1)
#3088250 1"
#3089000 0)
#3090625 1)
#3090875 0# 0&
#3091750 0)
#3092000 0! 1# 0$ 0% 1&
#3092250 0*
#3093250 1*
#3093875 1%
#3094125 0*
#3095125 1*
#3095375 1)
#3095625 1! 0&
#3096500 0)
#3096625 0!
#3096750 1&
#3097000 0*
#3098000 1*
#3098125 1)
#3098375 0" 0# 0&
#3098500 1$
#3099250 0)
#3099500 1! 1" 1# 0$ 0% 0'
#3099750 0*
#3100750 1*
#3101375 1%
#3101625 0*
#3102625 1*
#3102875 1)
#3103125 1'
#3104000 0)
#3104250 1&
#3104375 0*
#3105500 1*
#3105625 1)
#3105875 0&
#3106750 0)
#3107000 0! 0" 1$ 1&
#3107250 0*
#3108250 1*
#3108875 1!
#3109125 0*
#3110125 1*
#3110625 0!
#3110750 1"
#3111000 0*
#3112000 1*
#3112625 1!
#3112875 0*
#3113875 1*
#3114375 0!
#3114500 0"
#3114750 0*
#3115750 1*
#3116375 1!
#3116625 0*
#3117625 1*
#3117875 1)
#3118125 1"
#3118875 0)
#3120625 1)
#3120875 0# 0&
#3121750 0)
#3122000 0! 1# 0$ 0% 1&
#3122250 0*
#3123250 1*
#3123875 1%
#3124125 0*
#3125125 1*
#3125375 1)
#3125625 1! 0&
#3126375 0)
#3126625 0! 1&
#3126875 0*
#3127875 1*
#3128125 1)
#3128375 0" 0# 0&
#3128500 1$
#3129250 0)
#3129375 0$
#3129500 1! 1" 1# 0% 0'
#3129750 0*
#3130750 1*
#3131375 1%
#3131625 0*
#3132625 1*
#3132875 1)
#3133125 1'
#3133875 0)
#3134125 1&
#3134375 0*
#3135375 1*
#3135625 1)
#3151000 1$
#3151750 0)
#3153375 1)
#3155500 0)
#3157125 1)
#3159250 0)
#3159750 0+
#3160750 1+
#3160875 1)
#3162000 0)
#3163750 1)
#3164000 0$ 0&
#3164875 0)
#3165000 0! 0" 0# 0% 0'
#3165250 0*
#3166375 1*
#3166500 1)
#3166875 1! 1" 1# 1$ 1% 1& 1'
#3167625 0)
#3168125 0+
#3169125 1+
#3169375 1)
#3170375 0)
#3171000 0+
#3172000 1+
#3172125 1)
#3173375 0! 0" 0(
#3174125 0)
#3174375 0# 0$ 0% 0&
#3174625 0*
#3175625 1*
#3175875 1)
#3176250 1! 1" 1# 1$ 1% 1& 1(
#3177000 0)
#3178750 1)
#3179000 0$ 0&
#3179750 0)
#3180000 0! 0" 0% 0'
#3180250 0*
#3181250 1*
#3181500 1)
#3181625 0-
#3181750 0#
#3181875 1! 1" 1$ 1% 1& 1'
#3182625 0)
#3182875 0" 1# 0$ 0%
#3183125 0*
#3184125 1*
#3184375 1)
#3184625 1" 1$ 1%
#3185375 0)
#3185875 0+
#3187000 1+
#3187125 1)
#3188375 0! 0" 0(
#3189125 0)
#3189375 1! 0# 0$ 0% 0&
#3189625 0*
#3190000 1-
#3190625 1*
#3190875 1)
#3191250 1" 1# 1$ 1% 1& 1(
#3192000 0)
#3193625 1)
#3194000 0$ 0&
#3194750 0)
#3195000 0! 0" 0# 1$ 0% 0'
#3195250 0*
#3196250 1*
#3196500 1)
#3196625 0-
#3196875 1! 1" 1% 1& 1'
#3197625 0)
#3197750 0" 0%
#3197875 1#
#3198125 0*
#3199125 1*
#3199250 1)
#3199625 1" 1%
#3200375 0)
#3200875 0+
#3201875 1+
#3202125 1)
#3203250 0! 0"
#3203375 0(
#3204125 0)
#3204375 1" 0# 0$ 0% 0&
#3204625 0*
#3205000 1-
#3205625 1*
#3205875 1)
#3206125 0"
#3206250 1$ 1&
#3207000 0)
#3207250 1! 1" 1# 1%
#3207500 0*
#3208500 1*
#3208625 1)
#3208875 0&
#3209000 0$ 1(
#3209750 0)
#3210000 0! 0" 1$ 0% 0'
#3210250 0*
#3211250 1*
#3211500 1)
#3211625 0-
#3211750 1! 0# 1'
#3211875 1" 1% 1&
#3212625 0)
#3212750 0" 0$
#3212875 1#
#3213125 0*
#3214125 1*
#3214250 1)
#3214625 1" 1$
#3215375 0)
#3215875 0+
#3216875 1+
#3217125 1)
#3218250 0! 0" 0(
#3219125 0)
#3219375 1! 1" 0# 0$ 0% 0&
#3219625 0*
#3220000 1-
#3220625 1*
#3220875 1)
#3221125 1& 1(
#3221250 1# 1$ 1%
#3222000 0)
#3223625 1)
#3223875 0$ 0&
#3224750 0)
#3225000 0! 0" 0# 0'
#3225250 0*
#3226250 1*
#3226500 1)
#3226625 0-
#3226750 1! 1& 1'
#3226875 1" 1$
#3227625 0)
#3227750 0"
#3227875 1#
#3228125 0*
#3229125 1*
#3229250 1)
#3229625 1"
#3230375 0)
#3230875 0+
#3231875 1+
#3232125 1)
#3233250 0! 0" 0(
#3234125 0)
#3234375 0$ 0% 0&
#3234625 0*
#3235000 1-
#3235625 1*
#3235875 1)
#3236125 1! 1& 1(
#3236250 1" 1$ 1%
#3237000 0)
#3238625 1)
#3238875 0$ 0&
#3239750 0)
#3240000 0! 0" 0'
#3240250 0*
#3241250 1*
#3241500 1)
#3241625 0-
#3241750 1! 1" 0# 1& 1'
#3241875 1$
#3242625 0)
#3242750 0" 0$ 0%
#3242875 1#
#3243000 0*
#3244125 1*
#3244250 1)
#3244625 1" 1$ 1%
#3245375 0)
#3245875 0+
#3246875 1+
#3247125 1)
#3248250 0! 0" 0(
#3249125 0)
#3249375 1! 0$ 0% 0&
#3249625 0*
#3249875 1-
#3250625 1*
#3250875 1)
#3251125 1" 1$ 1% 1& 1(
#3252000 0)
#3253625 1)
#3253875 0$ 0&
#3254750 0)
#3255000 0! 0" 0# 1$ 0'
#3255250 0*
#3256250 1*
#3256500 1)
#3256625 0-
#3256750 1! 1" 1& 1'
#3257500 0)
#3257750 0" 0%
#3257875 1#
#3258000 0*
#3259125 1*
#3259250 1)
#3259625 1" 1%
#3260375 0)
#3260875 0+
#3261875 1+
#3262125 1)
#3263250 0! 0" 0(
#3264125 0)
#3264375 1" 0$ 0% 0&
#3264625 0*
#3265000 1-
#3265625 1*
#3265875 1)
#3266125 1! 0" 0# 1$ 1&
#3266875 0)
#3267250 1" 1# 1%
#3267500 0+
#3268500 1+
#3268625 1)
#3268875 0$ 0&
#3269000 1(
#3269750 0)
#3270000 0! 0" 1$ 0'
#3270250 0*
#3271250 1*
#3271500 1)
#3271625 0-
#3271750 1! 1" 0# 1& 1'
#3272625 0)
#3272750 0" 0$
#3272875 1#
#3273000 0*
#3274125 1*
#3274250 1)
#3274625 1" 1$
#3275375 0)
#3275875 0+
#3276875 1+
#3277125 1)
#3278250 0! 0" 0(
#3279125 0)
#3279375 1! 1" 0$ 0% 0&
#3279625 0*
#3280000 1-
#3280625 1*
#3280875 1)
#3281125 1$ 1% 1& 1(
#3282000 0)
#3283625 1)
#3283875 0$ 0&
#3284750 0)
#3285000 0! 0" 0# 0% 1& 0'
#3285250 0*
#3286250 1*
#3286500 1)
#3286625 0-
#3286750 1! 1% 1'
#3286875 1" 1$
#3287625 0)
#3287750 0"
#3287875 1#
#3288000 0*
#3289125 1*
#3289250 1)
#3289625 1"
#3290375 0)
#3290875 0+
#3291875 1+
#3292125 1)
#3293250 0! 0" 0(
#3294125 0)
#3294375 0# 0% 0&
#3294625 0*
#3295000 1-
#3295625 1*
#3295875 1)
#3296125 1! 1(
#3296250 1" 1# 1% 1&
#3297000 0)
#3297375 0/
#3298625 1)
#3298875 0&
#3299000 0$
#3299750 0)
#3300000 0! 0" 0% 1& 0'
#3300250 0*
#3301250 1*
#3301500 1)
#3301625 0-
#3301750 1! 0# 1'
#3301875 1" 1$ 1%
#3302625 0)
#3302750 0" 0$ 0%
#3302875 1#
#3303125 0*
#3304125 1*
#3304250 1)
#3304375 1/
#3304625 1" 1$ 1%
#3305375 0)
#3305875 0+
#3306875 1+
#3307125 1)
#3308250 0! 0"
#3308375 0(
#3309125 0)
#3309375 1! 0# 0% 0&
#3309625 0*
#3310000 1-
#3310625 1*
#3310875 1)
#3311125 1(
#3311250 1" 1# 1% 1&
#3312000 0)
#3313625 1)
#3313875 0&
#3314000 0$
#3314750 0)
#3315000 0! 0" 0# 1$ 0% 1& 0'
#3315250 0*
#3316250 1*
#3316500 1)
#3316625 0-
#3316875 1! 1" 1% 1'
#3317625 0)
#3317750 0" 0%
#3317875 1#
#3318125 0*
#3319125 1*
#3319250 1)
#3319625 1" 1%
#3320375 0)
#3320875 0+
#3321875 1+
#3322125 1)
#3323375 0! 0" 0(
#3324125 0)
#3324375 1" 0# 0% 0&
#3324625 0*
#3325000 1-
#3325625 1*
#3325875 1)
#3326250 1&
#3327000 0)
#3327250 1! 1# 1%
#3327500 0*
#3328500 1*
#3328750 1)
#3329000 0$ 0& 1(
#3329750 0)
#3330000 0! 0" 0% 1& 0'
#3330125 1$
#3330250 0*
#3331250 1*
#3331500 1)
#3331625 0-
#3331750 0#
#3331875 1! 1" 1% 1'
#3332625 0)
#3332875 0" 1# 0$
#3333125 0*
#3334125 1*
#3334375 1)
#3334625 1" 1$
#3335375 0)
#3336000 0+
#3337000 1+
#3337125 1)
#3338375 0! 0" 0(
#3339125 0)
#3339375 1! 0# 0% 0&
#3339500 1"
#3339625 0*
#3340000 1-
#3340750 1*
#3340875 1)
#3341250 1# 1% 1& 1(
#3342000 0)
#3343750 1)
#3344000 0$ 0&
#3344875 0)
#3345000 0! 0" 0# 0'
#3345125 1&
#3345250 0*
#3346375 1*
#3346500 1)
#3346625 0-
#3346875 1! 1" 1$ 1'
#3347625 0)
#3347875 0" 1#
#3348125 0*
#3349125 1*
#3349375 1)
#3349625 1"
#3350500 0)
#3351000 0+
#3352000 1+
#3352125 1)
#3353375 0! 0" 0(
#3354250 0)
#3354375 0% 0&
#3354750 0*
#3355000 1-
#3355750 1*
#3355875 1)
#3356250 1! 1" 1% 1& 1(
#3357000 0)
#3358750 1)
#3359000 0$ 0&
#3359875 0)
#3360000 0! 0" 0'
#3360125 1&
#3360375 0*
#3361375 1*
#3361500 1)
#3361625 0- 0/
#3361750 0#
#3361875 1! 1" 1$ 1'
#3362625 0)
#3362875 0" 1# 0$ 0%
#3363125 0*
#3364125 1*
#3364375 1)
#3364750 1" 1$ 1%
#3365500 0)
#3366000 0+
#3367000 1+
#3367125 1)
#3368375 0! 0" 0(
#3368625 1/
#3369250 0)
#3369375 0% 0&
#3369500 1!
#3369750 0*
#3370000 1-
#3370750 1*
#3371000 1)
#3371250 1" 1% 1& 1(
#3372000 0)
#3373750 1)
#3374000 0$ 0&
#3374875 0)
#3375125 0! 0" 0# 1$ 1& 0'
#3375375 0*
#3376375 1*
#3376625 1)
#3376750 0-
#3376875 1! 1" 1'
#3377625 0)
#3377875 0" 0%
#3378000 1#
#3378125 0*
#3379125 1*
#3379375 1)
#3379750 1" 1%
#3380500 0)
#3381000 0+
#3382000 1+
#3382250 1)
#3383375 0! 0" 0(
#3384250 0)
#3384500 1" 0% 0&
#3384750 0*
#3385125 1-
#3385750 1*
#3386000 1)
#3386250 1! 0# 1&
#3387125 0)
#3387375 1# 1%
#3387625 0+
#3388625 1+
#3388750 1)
#3389000 0$ 0&
#3389125 1(
#3389875 0)
#3390125 0! 0" 1$ 1& 0'
#3390375 0*
#3391375 1*
#3391625 1)
#3391750 0-
#3391875 1! 1" 0# 1'
#3392750 0)
#3392875 0" 0$
#3393000 1#
#3393250 0*
#3394250 1*
#3394375 1)
#3394750 1" 1$
#3395500 0)
#3396000 0+
#3397000 1+
#3397250 1)
#3398375 0! 0"
#3398500 0(
#3399250 0)
#3399500 1! 1" 0% 0&
#3399750 0*
#3400125 1-
#3400750 1*
#3401000 1)
#3401250 1(
#3401375 1% 1&
#3402125 0)
#3403750 1)
#3404000 0&
#3404125 0$
#3404875 0)
#3405125 0! 0" 0# 0%
#3405375 0*
#3406375 1*
#3406625 1)
#3406750 0-
#3407000 1! 1" 1$ 1% 1&
#3407750 0)
#3407875 0"
#3408000 1#
#3408250 0*
#3409250 1*
#3409375 1)
#3409750 1"
#3410500 0)
#3411000 0+
#3412125 1+
#3412250 1)
#3413500 0! 0" 0(
#3414250 0)
#3414500 0# 0$ 0&
#3414750 0*
#3415125 1-
#3415750 1*
#3416000 1)
#3416375 1! 1" 1# 1$ 1& 1(
#3417125 0)
#3418875 1)
#3419125 0$ 0&
#3419875 0)
#3420125 0! 0" 0%
#3420375 0*
#3421500 1*
#3421625 1)
#3421750 0-
#3421875 0#
#3422000 1! 1" 1$ 1% 1&
#3422750 0)
#3423000 0" 1# 0$ 0%
#3423250 0*
#3424250 1*
#3424500 1)
#3424750 1" 1$ 1%
#3425500 0)
#3425875 0/
#3426125 0+
#3427125 1+
#3427250 1)
#3428500 0! 0" 0(
#3429250 0)
#3429500 0# 0$ 0&
#3429625 1!
#3429750 0*
#3430125 1-
#3430875 1*
#3431000 1)
#3431375 1" 1# 1$ 1& 1(
#3432125 0)
#3432875 1/
#3433875 1)
#3434125 0$ 0&
#3435000 0)
#3435125 0! 0" 0# 0%
#3435250 1$
#3435500 0*
#3436500 1*
#3436625 1)
#3436750 0-
#3437000 1! 1" 1% 1&
#3437750 0)
#3438000 0" 1# 0%
#3438250 0*
#3439250 1*
#3439500 1)
#3439750 1" 1%
#3440625 0)
#3441125 0+
#3442125 1+
#3442250 1)
#3443500 0! 0" 0(
#3444375 0)
#3444500 0# 0$ 0&
#3444625 1"
#3444875 0*
#3445125 1-
#3445875 1*
#3446000 1)
#3446250 0" 0%
#3446375 1# 1$ 1&
#3447125 0)
#3447375 1! 1" 1%
#3447625 0*
#3448625 1*
#3448875 1)
#3449125 0$ 0& 1(
#3450000 0)
#3450125 0! 0" 0%
#3450250 1$
#3450500 0*
#3451500 1*
#3451625 1)
#3451750 0-
#3451875 0#
#3452000 1! 1" 1% 1&
#3452750 0)
#3453000 0" 1# 0$
#3453250 0*
#3454250 1*
#3454500 1)
#3454875 1" 1$
#3455625 0)
#3456125 0+
#3457125 1+
#3457250 1)
#3458500 0! 0" 0(
#3459375 0)
#3459500 0# 0$ 0&
#3459625 1! 1"
#3459875 0*
#3460125 1-
#3460875 1*
#3461125 1)
#3461375 1# 1$ 1& 1(
#3462125 0)
#3463875 1)
#3464125 0$ 0&
#3465000 0)
#3465125 0! 0" 0#
#3465500 0*
#3466500 1*
#3466750 1) 0-
#3467000 1! 1" 1$ 1&
#3467750 0)
#3468000 0"
#3468125 1#
#3468250 0*
#3469250 1*
#3469500 1)
#3469875 1"
#3470625 0)
#3471125 0+
#3472125 1+
#3472375 1)
#3473500 0! 0" 0(
#3474375 0)
#3474500 0&
#3474625 0$
#3474875 0*
#3475125 1-
#3475875 1*
#3476125 1)
#3476375 1! 1" 1$ 1& 1(
#3477125 0)
#3478875 1)
#3479125 0$ 0&
#3480000 0)
#3480125 0! 0"
#3480500 0*
#3481500 1*
#3481750 1)
#3481875 0-
#3482000 1! 1" 0# 1$ 1&
#3482750 0)
#3483000 0" 0$ 0%
#3483125 1#
#3483250 0*
#3484250 1*
#3484500 1)
#3484875 1" 1$ 1%
#3485625 0)
#3486125 0+
#3487125 1+
#3487375 1)
#3488500 0! 0" 0(
#3489375 0)
#3489625 1! 0$ 0&
#3489875 0*
#3490125 1- 0/
#3490875 1*
#3491125 1)
#3491375 1" 1$ 1& 1(
#3492125 0)
#3493875 1)
#3494125 0$ 0&
#3495000 0)
#3495250 0! 0" 0# 1$
#3495500 0*
#3496500 1*
#3496750 1)
#3496875 0-
#3497000 1! 1" 1&
#3497125 1/
#3497750 0)
#3498000 0" 0%
#3498125 1#
#3498250 0*
#3499250 1*
#3499500 1)
#3499875 1" 1%
#3500625 0)
#3501125 0+
#3502125 1+
#3502375 1)
#3503500 0! 0" 0(
#3504375 0)
#3504625 1" 0$ 0&
#3504875 0*
#3505125 1-
#3505875 1*
#3506125 1)
#3506375 1! 0" 1$ 0% 1&
#3507125 0)
#3507500 1" 1%
#3507750 0+
#3508750 1+
#3508875 1)
#3509125 0$ 0& 1(
#3510000 0)
#3510125 0! 0"
#3510250 1$
#3510500 0*
#3511500 1*
#3511750 1)
#3511875 0-
#3512000 1! 1" 0# 1&
#3512750 0)
#3513000 0" 0$
#3513125 1#
#3513250 0*
#3514250 1*
#3514500 1)
#3514875 1" 1$
#3515625 0)
#3516125 0+
#3517125 1+
#3517375 1)
#3518500 0! 0" 0(
#3519375 0)
#3519625 1! 1" 0$ 0&
#3519875 0*
#3520125 1-
#3520875 1*
#3521125 1)
#3521375 1$ 1& 1(
#3522125 0)
#3523875 1)
#3524125 0$ 0&
#3525000 0)
#3525125 0! 0"
#3525250 0# 0% 1&
#3525500 0*
#3526500 1*
#3526750 1) 0-
#3527000 1! 1" 1$ 1%
#3527750 0)
#3528000 0"
#3528125 1#
#3528250 0*
#3529250 1*
#3529500 1)
#3529875 1"
#3530625 0)
#3531125 0+
#3532125 1+
#3532250 1)
#3533500 0! 0" 0(
#3534375 0)
#3534500 0#
#3534625 0&
#3534875 0*
#3535125 1-
#3535875 1*
#3536000 1)
#3536375 1! 1" 1# 1& 1(
#3537125 0)
#3538875 1)
#3539125 0$ 0&
#3540000 0)
#3540125 0! 0" 0%
#3540250 1&
#3540500 0*
#3541500 1*
#3541625 1)
#3541750 0-
#3541875 0#
#3542000 1! 1" 1$ 1%
#3542750 0)
#3543000 0" 1# 0$ 0%
#3543250 0*
#3544250 1*
#3544500 1)
#3544875 1" 1$ 1%
#3545625 0)
#3546125 0+
#3547125 1+
#3547250 1)
#3548500 0! 0" 0(
#3549375 0)
#3549500 0# 0&
#3549625 1!
#3549875 0*
#3550125 1-
#3550875 1*
#3551000 1)
#3551375 1" 1# 1& 1(
#3552125 0)
#3553875 1)
#3554125 0$ 0&
#3554500 0/
#3555000 0)
#3555125 0! 0" 0# 0%
#3555250 1$ 1&
#3555500 0*
#3556500 1*
#3556625 1)
#3556750 0-
#3557000 1! 1" 1%
#3557750 0)
#3558000 0" 1# 0%
#3558250 0*
#3559250 1*
#3559500 1)
#3559750 1" 1%
#3560625 0)
#3561125 0+
#3561500 1/
#3562125 1+
#3562250 1)
#3563500 0! 0" 0(
#3564375 0)
#3564500 0# 0&
#3564625 1"
#3564875 0*
#3565125 1-
#3565875 1*
#3566000 1)
#3566250 0%
#3566375 1# 1&
#3567125 0)
#3567375 1! 1%
#3567625 0*
#3568625 1*
#3568875 1)
#3569125 0$ 0& 1(
#3570000 0)
#3570125 0! 0" 0%
#3570250 1$ 1&
#3570375 0*
#3571500 1*
#3571625 1)
#3571750 0-
#3571875 0#
#3572000 1! 1" 1%
#3572750 0)
#3573000 0" 1# 0$
#3573250 0*
#3574250 1*
#3574500 1)
#3574750 1" 1$
#3575625 0)
#3576125 0+
#3577125 1+
#3577250 1)
#3578500 0! 0" 0(
#3579250 0)
#3579500 0# 0&
#3579625 1! 1"
#3579750 0*
#3580125 1-
#3580875 1*
#3581000 1)
#3581375 1# 1& 1(
#3582125 0)
#3583875 1)
#3584125 0$ 0&
#3584875 0)
#3585125 0! 0" 0# 1&
#3585375 0*
#3586375 1*
#3586625 1)
#3586750 0-
#3587000 1! 1" 1$
#3587750 0)
#3588000 0" 1#
#3588250 0*
#3589250 1*
#3589500 1)
#3589750 1"
#3590500 0)
#3591125 0+
#3592125 1+
#3592250 1)
#3593500 0! 0" 0(
#3594250 0)
#3594500 0&
#3594750 0*
#3595125 1-
#3595750 1*
#3596000 1)
#3596375 1! 1" 1& 1(
#3597125 0)
#3598875 1)
#3599125 0$ 0&
#3599875 0)
#3600125 0! 0" 1&
#3600375 0*
#3601375 1*
#3601625 1)
#3601750 0-
#3601875 0#
#3602000 1! 1" 1$
#3602750 0)
#3602875 0" 0$
#3603000 1# 0%
#3603250 0*
#3604250 1*
#3604375 1)
#3604750 1" 1$ 1%
#3605500 0)
#3606000 0+
#3607000 1+
#3607250 1)
#3608375 0! 0"
#3608500 0(
#3609250 0)
#3609500 1! 0&
#3609750 0*
#3610125 1-
#3610750 1*
#3611000 1)
#3611250 1(
#3611375 1" 1&
#3612125 0)
#3613750 1)
#3614000 0&
#3614125 0$
#3614875 0)
#3615125 0! 0" 0# 1$ 1&
#3615375 0*
#3616375 1*
#3616625 1)
#3616750 0-
#3616875 1!
#3617000 1"
#3617750 0)
#3617875 0" 0%
#3618000 1#
#3618250 0*
#3618750 0/
#3619250 1*
#3619375 1)
#3619750 1" 1%
#3620500 0)
#3621000 0+
#3622000 1+
#3622250 1)
#3623375 0! 0" 0(
#3624250 0)
#3624500 1" 0&
#3624750 0*
#3625125 1-
#3625750 1* 1/
#3626000 1)
#3626250 1! 0% 1&
#3627125 0)
#3627375 1%
#3627625 0+
#3628625 1+
#3628750 1)
#3629000 0$ 0&
#3629125 1(
#3629875 0)
#3630125 0! 0" 1$ 1&
#3630375 0*
#3631375 1*
#3631625 1)
#3631750 0-
#3631875 1! 1" 0#
#3632750 0)
#3632875 0" 0$
#3633000 1#
#3633125 0*
#3634250 1*
#3634375 1)
#3634750 1" 1$
#3635500 0)
#3636000 0+
#3637000 1+
#3637250 1)
#3638375 0! 0" 0(
#3639250 0)
#3639500 1! 1" 0&
#3639750 0*
#3640125 1-
#3640750 1*
#3641000 1)
#3641250 1& 1(
#3642125 0)
#3643750 1)
#3644875 0)
#3645375 0+
#3646375 1+
#3646625 1)
#3646750 0-
#3646875 0#
#3647625 0)
#3647875 0"
#3648000 1#
#3648125 0*
#3649250 1*
#3649375 1)
#3649750 1"
#3650500 0)
#3651000 0+
#3652000 1+
#3652250 1)
#3655000 1-
#3655250 0$ 0&
#3656125 0)
#3656250 0!
#3656375 0" 0%
#3656625 0*
#3657625 1*
#3658250 1!
#3658500 0*
#3659500 1*
#3660000 0!
#3660125 1"
#3660375 0*
#3661375 1*
#3662000 1!
#3662250 0*
#3663250 1*
#3663750 0! 0"
#3663875 1$ 1% 1&
#3664125 0*
#3665125 1*
#3665750 1!
#3666000 0*
#3667000 1*
#3667250 1)
#3667500 1"
#3668250 0)
#3670000 1)
#3670250 0! 0# 0&
#3671125 0)
#3671375 1! 1# 0$ 0% 1& 0' 0(
#3671625 0*
#3672625 1*
#3673250 1%
#3673500 0*
#3674500 1*
#3674750 1)
#3675000 0& 1' 1(
#3675750 0)
#3676000 1&
#3676250 0*
#3677250 1*
#3677500 1)
#3677750 0! 0" 0# 0&
#3677875 1$
#3678625 0)
#3678750 0$ 0'
#3678875 1" 1# 0%
#3679125 0*
#3680125 1*
#3680750 1%
#3681000 0*
#3682000 1*
#3682250 1)
#3682500 1! 1'
#3683000 0/
#3683250 0)
#3683500 0! 1&
#3683750 0*
#3684750 1*
#3685000 1)
#3685250 1! 0&
#3686125 0)
#3686250 0!
#3686375 0" 1$ 1&
#3686625 0*
#3687625 1*
#3688250 1!
#3688500 0*
#3689500 1*
#3690000 0! 1/
#3690125 1"
#3690375 0*
#3691375 1*
#3692000 1!
#3692250 0*
#3693250 1*
#3693750 0! 0"
#3694125 0*
#3695125 1*
#3696250 1!
#3696500 0*
#3697500 1*
#3697625 1)
#3698000 1"
#3698750 0)
#3700500 1)
#3700750 0# 0&
#3701625 0)
#3701750 0$ 0%
#3701875 1# 1&
#3702000 0*
#3703125 1*
#3703750 1%
#3704000 0*
#3705000 1*
#3705125 1)
#3705375 0&
#3706250 0)
#3706500 1&
#3706750 0*
#3707750 1*
#3708000 1)
#3708250 0! 0" 0# 1$ 0&
#3709125 0)
#3709250 0% 0'
#3709625 0*
#3710625 1*
#3711250 1%
#3711500 0*
#3712500 1*
#3712625 1)
#3712875 0$
#3713000 1! 1" 1# 1'
#3713750 0)
#3714000 0! 0" 0# 1$ 1&
#3714250 0*
#3715250 1*
#3715500 1)
#3715750 1! 1" 1# 0$ 0&
#3716625 0)
#3716750 0! 0"
#3716875 1$ 1&
#3717125 0*
#3718125 1*
#3718750 1!
#3719000 0*
#3720000 1*
#3720500 0!
#3720625 1"
#3720875 0*
#3721875 1*
#3722500 1!
#3722750 0*
#3723750 1*
#3724250 0! 0"
#3724625 0*
#3725625 1*
#3726250 1!
#3726500 0*
#3727500 1*
#3727625 1)
#3728000 1"
#3728750 0)
#3730500 1)
#3730750 0# 0&
#3731625 0)
#3731750 0$ 0%
#3731875 1# 1&
#3732125 0*
#3733125 1*
#3733750 1%
#3734000 0*
#3735000 1*
#3735125 1)
#3735375 0&
#3736250 0)
#3736500 1&
#3736750 0*
#3737750 1*
#3738000 1)
#3738250 0! 0" 0# 0&
#3738375 1$
#3739125 0)
#3739250 0% 0'
#3739625 0*
#3740625 1*
#3741250 1%
#3741500 0*
#3742500 1*
#3742625 1)
#3742875 0$
#3743000 1! 1" 1# 1'
#3743750 0)
#3744000 0! 0" 0# 1$ 1&
#3744250 0*
#3745250 1*
#3745500 1)
#3745750 1! 0$ 0&
#3745875 1" 1#
#3746625 0)
#3746750 0! 0"
#3746875 1$ 1&
#3747125 0*
#3747250 0/
#3748125 1*
#3748750 1!
#3749000 0*
#3750000 1*
#3750500 0!
#3750625 1"
#3750875 0*
#3751875 1*
#3752500 1!
#3752750 0*
#3753750 1*
#3754250 0! 0" 1/
#3754625 0*
#3755625 1*
#3756250 1!
#3756500 0*
#3757500 1*
#3757750 1)
#3758000 1"
#3758750 0)
#3760500 1)
#3760750 0# 0&
#3761625 0)
#3761875 1# 0$ 0% 1&
#3762125 0*
#3763125 1*
#3763750 1%
#3764000 0*
#3765000 1*
#3765250 1)
#3765500 0&
#3766250 0)
#3766625 1&
#3766750 0*
#3767750 1*
#3768000 1)
#3768250 0! 0" 0# 0&
#3768375 1$
#3769125 0)
#3769375 0% 0'
#3769625 0*
#3770625 1*
#3771250 1%
#3771500 0*
#3772500 1*
#3772750 1)
#3773000 1! 1" 1# 0$ 1'
#3773875 0)
#3774000 0! 0" 0#
#3774125 1$ 1&
#3774250 0*
#3775375 1*
#3775500 1)
#3790875 1! 1" 1#
#3791625 0)
#3793375 1)
#3795375 0)
#3797125 1)
#3799125 0)
#3799625 0+
#3800625 1+
#3800875 1)
#3802000 0)
#3803750 1)
#3804000 0$ 0&
#3804750 0)
#3805000 0! 0" 0# 0% 0'
#3805250 0*
#3806250 1*
#3806500 1)
#3806875 1! 1" 1# 1$ 1% 1& 1'
#3807625 0)
#3808125 0+
#3809125 1+
#3809375 1)
#3810375 0)
#3810875 0+
#3811625 0/
#3812000 1+
#3812125 1)
#3813375 0! 0" 0(
#3814125 0)
#3814375 0# 0$ 0%
#3814625 0*
#3815750 1*
#3815875 1)
#3816250 1! 1" 1# 1$ 1% 1(
#3817000 0)
#3818625 1/
#3818750 1)
#3819000 0$ 0&
#3819875 0)
#3820000 0! 0" 0% 0'
#3820250 0*
#3821375 1*
#3821500 1)
#3821625 0-
#3821750 0#
#3821875 1! 1" 1$ 1% 1& 1'
#3822625 0)
#3822875 0! 1# 0$ 0%
#3823125 0*
#3824125 1*
#3824375 1)
#3824625 1! 1$ 1%
#3825500 0)
#3826000 0+
#3827000 1+
#3827125 1)
#3828375 0! 0" 0(
#3829250 0)
#3829375 0# 0$ 0%
#3829500 1!
#3829750 0*
#3830000 1-
#3830750 1*
#3830875 1)
#3831250 1" 1# 1$ 1% 1(
#3832000 0)
#3833750 1)
#3834000 0$ 0&
#3834875 0)
#3835000 0! 0" 0# 0%
#3835125 1$ 0'
#3835375 0*
#3836375 1*
#3836500 1)
#3836625 0-
#3836875 1! 1" 1% 1& 1'
#3837625 0)
#3837875 0! 1# 0%
#3838125 0*
#3839125 1*
#3839375 1)
#3839625 1!
#3839750 1%
#3840500 0)
#3841000 0+
#3842000 1+
#3842125 1)
#3843375 0! 0" 0(
#3844250 0)
#3844375 0# 0%
#3844500 1" 0$
#3844750 0*
#3845000 1-
#3845750 1*
#3846000 1)
#3846125 0"
#3846250 1%
#3847000 0)
#3847375 1! 1" 1# 1$
#3847500 0*
#3848500 1*
#3848750 1)
#3849000 0$ 0& 1(
#3849875 0)
#3850000 0!
#3850125 0" 1$ 0% 0'
#3850375 0*
#3851375 1*
#3851625 1)
#3851750 0-
#3851875 1! 1" 0# 1% 1& 1'
#3852625 0)
#3852875 0! 0$
#3853000 1#
#3853125 0*
#3854125 1*
#3854375 1)
#3854750 1! 1$
#3855500 0)
#3856000 0+
#3857000 1+
#3857250 1)
#3858375 0! 0" 0(
#3859250 0)
#3859500 1! 1" 0# 0$ 0%
#3859750 0*
#3860125 1-
#3860750 1*
#3861000 1)
#3861250 1# 1$ 1% 1(
#3862125 0)
#3863750 1)
#3864000 0$ 0&
#3864875 0)
#3865125 0! 0" 0# 0'
#3865375 0*
#3866375 1*
#3866625 1)
#3866750 0-
#3866875 1! 1& 1'
#3867000 1" 1$
#3867750 0)
#3867875 0!
#3868000 1#
#3868250 0*
#3869250 1*
#3869375 1)
#3869750 1!
#3870500 0)
#3871000 0+
#3872000 1+
#3872250 1)
#3873375 0! 0"
#3873500 0(
#3874250 0)
#3874500 0$ 0%
#3874750 0*
#3875125 1-
#3875750 1*
#3875875 0/
#3876000 1)
#3876250 1! 1(
#3876375 1" 1$ 1%
#3877125 0)
#3878750 1)
#3879000 0$
#3879125 0&
#3879875 0)
#3880125 0! 0" 0'
#3880375 0*
#3881375 1*
#3881625 1)
#3881750 0-
#3881875 0#
#3882000 1! 1" 1$ 1& 1'
#3882750 0)
#3882875 0! 0$ 1/
#3883000 1# 0%
#3883250 0*
#3884250 1*
#3884375 1)
#3884750 1! 1$ 1%
#3885500 0)
#3886000 0+
#3887000 1+
#3887250 1)
#3888375 0!
#3888500 0" 0(
#3889250 0)
#3889500 1! 0$ 0%
#3889750 0*
#3890125 1-
#3890750 1*
#3891000 1)
#3891375 1" 1$ 1% 1(
#3892125 0)
#3893875 1)
#3894125 0$ 0&
#3894875 0)
#3895125 0! 0" 0# 1$ 0'
#3895375 0*
#3896375 1*
#3896625 1)
#3896750 0-
#3897000 1! 1" 1& 1'
#3897750 0)
#3897875 0!
#3898000 1# 0%
#3898250 0*
#3899250 1*
#3899500 1)
#3899750 1! 1%
#3900500 0)
#3901125 0+
#3902125 1+
#3902250 1)
#3903500 0! 0" 0(
#3904250 0)
#3904500 0$ 0%
#3904625 1"
#3904750 0*
#3905125 1-
#3905750 1*
#3906000 1)
#3906250 0" 0#
#3906375 1! 1%
#3907125 0)
#3907375 1" 1# 1$
#3907625 0+
#3908625 1+
#3908875 1)
#3909125 0$ 0& 1(
#3909875 0)
#3910125 0! 0" 0'
#3910250 1$
#3910375 0*
#3911375 1*
#3911625 1)
#3911750 0-
#3911875 0#
#3912000 1! 1" 1& 1'
#3912750 0)
#3912875 0!
#3913000 1# 0$
#3913250 0*
#3914250 1*
#3914500 1)
#3914750 1! 1$
#3915500 0)
#3916125 0+
#3917125 1+
#3917250 1)
#3918500 0! 0" 0(
#3919250 0)
#3919500 1! 0$ 0%
#3919625 1"
#3919750 0*
#3920125 1-
#3920875 1*
#3921000 1)
#3921375 1$ 1% 1(
#3922125 0)
#3923875 1)
#3924125 0$ 0&
#3924875 0)
#3925125 0! 0" 0# 0% 0'
#3925250 1&
#3925375 0*
#3926500 1*
#3926625 1)
#3926750 0-
#3927000 1! 1" 1$ 1% 1'
#3927750 0)
#3927875 0!
#3928000 1#
#3928250 0*
#3929250 1*
#3929500 1)
#3929750 1!
#3930625 0)
#3931125 0+
#3932125 1+
#3932250 1)
#3933500 0! 0" 0(
#3934250 0)
#3934500 0# 0%
#3934750 0*
#3935125 1-
#3935875 1*
#3936000 1)
#3936375 1! 1" 1# 1% 1(
#3937125 0)
#3938875 1)
#3939125 0$ 0&
#3939875 0)
#3940125 0! 0" 0% 0' 0/
#3940250 1&
#3940375 0*
#3941500 1*
#3941625 1)
#3941750 0-
#3941875 0#
#3942000 1! 1" 1$ 1% 1'
#3942750 0)
#3943000 0! 1# 0$ 0%
#3943250 0*
#3944250 1*
#3944500 1)
#3944750 1! 1$ 1%
#3945500 0)
#3946125 0+
#3947125 1+ 1/
#3947250 1)
#3948500 0! 0" 0(
#3949250 0)
#3949500 0# 0%
#3949625 1!
#3949750 0*
#3950125 1-
#3950875 1*
#3951000 1)
#3951375 1" 1# 1% 1(
#3952125 0)
#3953875 1)
#3954125 0$ 0&
#3954875 0)
#3955125 0! 0" 0# 0% 0'
#3955250 1$ 1&
#3955375 0*
#3956500 1*
#3956625 1)
#3956750 0-
#3957000 1! 1" 1% 1'
#3957750 0)
#3957875 0!
#3958000 1# 0%
#3958250 0*
#3959250 1*
#3959500 1)
#3959750 1! 1%
#3960500 0)
#3961125 0+
#3962125 1+
#3962250 1)
#3963500 0! 0" 0(
#3964250 0)
#3964500 0# 0%
#3964625 1"
#3964750 0*
#3965125 1-
#3965750 1*
#3966000 1)
#3966250 0$
#3966375 1%
#3967125 0)
#3967375 1! 1# 1$
#3967625 0*
#3968625 1*
#3968875 1)
#3969125 0$ 0& 1(
#3969875 0)
#3970125 0! 0" 0% 0'
#3970250 1$ 1&
#3970375 0*
#3971375 1*
#3971625 1)
#3971750 0-
#3971875 0#
#3972000 1! 1" 1% 1'
#3972750 0)
#3972875 0!
#3973000 1# 0$
#3973250 0*
#3974250 1*
#3974500 1)
#3974750 1! 1$
#3975500 0)
#3976125 0+
#3977125 1+
#3977250 1)
#3978500 0! 0" 0(
#3979250 0)
#3979500 1! 0# 0%
#3979625 1"
#3979750 0*
#3980125 1-
#3980750 1*
#3981000 1)
#3981375 1# 1% 1(
#3982125 0)
#3983875 1)
#3984125 0$ 0&
#3984875 0)
#3985125 0! 0" 0# 1& 0'
#3985375 0*
#3986375 1*
#3986625 1)
#3986750 0-
#3987000 1! 1" 1$ 1'
#3987750 0)
#3987875 0!
#3988000 1#
#3988250 0*
#3989250 1*
#3989375 1)
#3989750 1!
#3990500 0)
#3991000 0+
#3992000 1+
#3992250 1)
#3993375 0!
#3993500 0" 0(
#3994250 0)
#3994500 0%
#3994750 0*
#3995125 1-
#3995750 1*
#3996000 1)
#3996375 1! 1" 1% 1(
#3997125 0)
#3998750 1)
#3999125 0$ 0&
#3999875 0)
#4000125 0! 0" 1& 0'
#4000375 0*
#4001375 1*
#4001625 1)
#4001750 0-
#4001875 1! 0#
#4002000 1" 1$ 1'
#4002750 0)
#4002875 0! 0$ 0%
#4003000 1#
#4003250 0*
#4004250 1*
#4004375 1) 0/
#4004750 1! 1$ 1%
#4005500 0)
#4006000 0+
#4007000 1+
#4007250 1)
#4008375 0! 0"
#4008500 0(
#4009250 0)
#4009500 1! 0%
#4009750 0*
#4010125 1-
#4010750 1*
#4011000 1)
#4011250 1(
#4011375 1" 1% 1/
#4012125 0)
#4013750 1)
#4014000 0&
#4014125 0$
#4014875 0)
#4015125 0! 0" 0# 1$ 1& 0'
#4015375 0*
#4016375 1*
#4016625 1)
#4016750 0-
#4016875 1! 1" 1'
#4017750 0)
#4017875 0! 0%
#4018000 1#
#4018125 0*
#4019250 1*
#4019375 1)
#4019750 1! 1%
#4020500 0)
#4021000 0+
#4022000 1+
#4022250 1)
#4023375 0! 0" 0(
#4024250 0)
#4024500 1" 0%
#4024750 0*
#4025125 1-
#4025750 1*
#4026000 1)
#4026250 1! 0# 0$ 1%
#4027000 0)
#4027375 1# 1$
#4027625 0+
#4028625 1+
#4028750 1)
#4029000 0$ 0&
#4029125 1(
#4029875 0)
#4030000 0!
#4030125 0" 1$ 1& 0'
#4030375 0*
#4031375 1*
#4031625 1)
#4031750 0-
#4031875 1! 1" 0# 1'
#4032625 0)
#4032875 0! 0$
#4033000 1#
#4033125 0*
#4034125 1*
#4034375 1)
#4034750 1! 1$
#4035500 0)
#4036000 0+
#4037000 1+
#4037250 1)
#4038375 0! 0" 0(
#4039250 0)
#4039500 1! 1" 0%
#4039750 0*
#4040000 1-
#4040750 1*
#4041000 1)
#4041250 1% 1(
#4042000 0)
#4043750 1)
#4044000 0$ 0&
#4044875 0)
#4045000 0!
#4045125 0" 0# 0%
#4045375 0*
#4046375 1*
#4046625 1) 0-
#4046875 1! 1" 1$ 1% 1&
#4047625 0)
#4047875 0!
#4048000 1#
#4048125 0*
#4049125 1*
#4049375 1)
#4049625 1!
#4050500 0)
#4051000 0+
#4052000 1+
#4052125 1)
#4053375 0! 0" 0(
#4054250 0)
#4054375 0# 0$
#4054750 0*
#4055000 1-
#4055750 1*
#4055875 1)
#4056250 1! 1" 1# 1$ 1(
#4057000 0)
#4058750 1)
#4059000 0$ 0&
#4059875 0)
#4060000 0! 0" 0%
#4060375 0*
#4061375 1*
#4061500 1)
#4061625 0-
#4061750 0#
#4061875 1! 1" 1$ 1% 1&
#4062625 0)
#4062875 0! 1# 0$ 0%
#4063125 0*
#4064125 1*
#4064375 1)
#4064625 1!
#4064750 1$ 1%
#4065500 0)
#4066000 0+
#4067000 1+
#4067125 1)
#4068375 0! 0" 0(
#4068750 0/
#4069250 0)
#4069375 0# 0$
#4069500 1!
#4069750 0*
#4070000 1-
#4070750 1*
#4070875 1)
#4071250 1" 1# 1$ 1(
#4072000 0)
#4073750 1)
#4074000 0$ 0&
#4074875 0)
#4075000 0! 0" 0# 0%
#4075125 1$
#4075375 0*
#4075750 1/
#4076375 1*
#4076500 1)
#4076625 0-
#4076875 1! 1" 1% 1&
#4077625 0)
#4077875 0! 1# 0%
#4078125 0*
#4079125 1*
#4079375 1)
#4079625 1! 1%
#4080500 0)
#4081000 0+
#4082000 1+
#4082125 1)
#4083375 0! 0" 0(
#4084250 0)
#4084375 0# 0$
#4084500 1"
#4084750 0*
#4085000 1-
#4085750 1*
#4085875 1)
#4086125 0"
#4086250 1#
#4087000 0)
#4087250 1! 1" 1$
#4087500 0*
#4088500 1*
#4088750 1)
#4089000 0$ 0& 1(
#4089875 0)
#4090000 0! 0" 0%
#4090125 1$
#4090250 0*
#4091375 1*
#4091500 1)
#4091625 0-
#4091750 0#
#4091875 1! 1" 1% 1&
#4092625 0)
#4092875 0! 1# 0$
#4093125 0*
#4094125 1*
#4094375 1)
#4094625 1! 1$
#4095500 0)
