$date Fri Sep 11 13:28:58 2026 $end
$version libsigrok 0.5.2 $end
$comment
  Acquisition with 16/16 channels at 80 MHz
$end
$timescale 100 ps $end
$scope module libsigrok $end
$var wire 1 ! A0 $end
$var wire 1 " A1 $end
$var wire 1 # A2 $end
$var wire 1 $ A3 $end
$var wire 1 % A4 $end
$var wire 1 & A5 $end
$var wire 1 ' A6 $end
$var wire 1 ( A7 $end
$var wire 1 ) RAS $end
$var wire 1 * CAS0 $end
$var wire 1 + CAS1 $end
$var wire 1 , R/W $end
$var wire 1 - VDS $end
$var wire 1 . IRQ $end
$var wire 1 / CSW $end
$var wire 1 0 CSR $end
$upscope $end
$enddefinitions $end
#0 1! 1" 1# 1$ 1% 1& 1' 1( 1) 1* 1+ 1, 0- 0. 1/ 10
#125 0! 0# 0$ 0% 0( 0) 0/
#250 0" 0' 1( 0* 1-
#375 1*
#625 1)
#750 0-
#875 1! 1" 1'
#1000 1# 1$ 1%
#1750 0)
#1875 0#
#2250 0*
#3250 1*
#3375 1)
#3750 1#
#4125 1/
#4500 0)
#5000 0+
#6000 1+
#6250 1)
#7375 0! 0" 0(
#8250 0)
#8500 0# 0% 0' 1(
#8750 0*
#9125 1-
#9750 1*
#10000 1)
#10250 1!
#10375 1" 1# 1% 1'
#11125 0)
#12750 1)
#13125 0$ 0&
#13875 0)
#14125 0! 0" 0% 1& 0'
#14375 0*
#15375 1*
#15625 1)
#15750 0-
#16000 1! 1" 1$ 1% 1'
#16750 0)
#16875 0$ 0%
#17000 0#
#17250 0*
#18250 1*
#18375 1)
#18750 1# 1$ 1%
#19500 0)
#20000 0+
#21000 1+
#21250 1)
#22375 0!
#22500 0" 0(
#23250 0)
#23500 1! 0# 0% 0' 1(
#23750 0*
#24125 1-
#24750 1*
#25000 1)
#25375 1" 1# 1% 1'
#26125 0)
#27875 1)
#28125 0$ 0&
#28875 0)
#29125 0! 0" 0# 0% 1& 0'
#29250 1$
#29375 0*
#30375 1*
#30625 1)
#30750 0-
#31000 1! 1" 1# 1% 1'
#31750 0)
#32000 0# 0%
#32250 0*
#33250 1*
#33500 1)
#33750 1# 1%
#34500 0)
#35125 0+
#36125 1+
#36250 1)
#37500 0! 0" 0(
#38250 0)
#38500 0# 0% 0' 1(
#38625 1"
#38750 0*
#39125 1-
#39875 1*
#40000 1)
#40375 1'
#41125 0)
#41375 1! 1# 1%
#41625 0*
#42625 1*
#42875 1)
#43125 0$ 0&
#44000 0)
#44125 0! 0" 0% 0'
#44250 1$ 1&
#44375 0*
#45500 1*
#45625 1)
#45750 0-
#46000 1! 1" 1% 1'
#46750 0)
#47000 0# 0$
#47250 0*
#48250 1*
#48500 1)
#48750 1# 1$
#49625 0)
#50125 0+
#51125 1+
#51250 1)
#52500 0! 0" 0(
#53375 0)
#53500 0# 0% 0'
#53625 1! 1" 1(
#53875 0*
#54125 1-
#54875 1*
#55000 1)
#55375 1# 1% 1'
#56125 0)
#57875 1)
#58125 0$ 0&
#59000 0)
#59125 0! 0" 0# 0'
#59250 1&
#59500 0*
#60500 1*
#60625 1)
#60750 0-
#61000 1! 1" 1# 1$ 1'
#61375 0/
#61750 0)
#62000 0#
#62250 0*
#63250 1*
#63500 1)
#63875 1#
#64625 0)
#65125 0+
#66125 1+
#66375 1)
#67500 0! 0" 0(
#68375 0) 1/
#68625 0% 0' 1(
#68875 0*
#69125 1-
#69875 1*
#70125 1)
#70375 1! 1" 1% 1'
#71125 0)
#72875 1)
#73125 0$ 0&
#74000 0)
#74125 0!
#74250 0" 1& 0'
#74500 0*
#75500 1*
#75750 1)
#75875 0-
#76000 1! 1" 1$ 1'
#76750 0)
#77000 0# 0$ 0%
#77250 0*
#78375 1*
#78500 1)
#78875 1# 1$ 1%
#79625 0)
#80125 0+
#81125 1+
#81375 1)
#82500 0! 0" 0(
#83375 0)
#83625 1! 0% 0' 1(
#83875 0*
#84250 1-
#84875 1*
#85125 1)
#85375 1'
#85500 1" 1%
#86250 0)
#87875 1)
#88125 0&
#88250 0$
#89000 0)
#89250 0! 0" 0# 1$ 1& 0'
#89500 0*
#90500 1*
#90750 1)
#90875 0-
#91000 1!
#91125 1" 1# 1'
#91875 0)
#92000 0# 0%
#92375 0*
#93375 1*
#93500 1)
#93875 1# 1%
#94625 0)
#95125 0+
#96125 1+
#96375 1)
#97500 0!
#97625 0" 0(
#98375 0)
#98625 1" 0% 0' 1(
#98875 0*
#99250 1-
#99875 1*
#100125 1)
#100375 1! 0#
#100500 1'
#101250 0)
#101500 1# 1%
#101750 0+
#102750 1+
#102875 1)
#103250 0$ 0&
#104000 0)
#104250 0! 0" 1$ 1& 0'
#104500 0*
#105500 1*
#105750 1)
#105875 0-
#106125 1! 1" 1'
#106875 0)
#107125 0# 0$
#107375 0*
#108375 1*
#108625 1)
#108875 1# 1$
#109625 0)
#110250 0+
#111250 1+
#111375 1)
#112625 0! 0" 0(
#113375 0)
#113625 1! 0% 0' 1(
#113750 1"
#113875 0*
#114250 1-
#114875 1*
#115125 1)
#115500 1% 1'
#116250 0)
#118000 1)
#118250 0$ 0&
#119000 0)
#119250 0! 0" 0# 0%
#119500 0*
#120625 1*
#120750 1)
#120875 0-
#121125 1! 1" 1# 1$ 1% 1&
#121875 0)
#122125 0#
#122375 0*
#123375 1*
#123625 1)
#123875 1#
#124625 0)
#125250 0+
#125625 0/
#126250 1+
#126375 1)
#127625 0! 0" 0(
#128375 0)
#128625 0# 0$ 0' 1(
#128875 0*
#129250 1-
#130000 1*
#130125 1)
#130500 1! 1" 1# 1$ 1'
#131250 0)
#132625 1/
#133000 1)
#133250 0$ 0&
#134125 0)
#134250 0! 0" 0%
#134500 0*
#135625 1*
#135750 1)
#135875 0-
#136125 1! 1" 1$ 1% 1&
#136875 0)
#137125 0# 0$ 0%
#137375 0*
#138375 1*
#138625 1)
#138875 1# 1$ 1%
#139750 0)
#140250 0+
#141250 1+
#141375 1)
#142625 0! 0" 0(
#143500 0)
#143625 0# 0$ 0'
#143750 1! 1(
#144000 0*
#144250 1-
#145000 1*
#145125 1)
#145500 1" 1# 1$ 1'
#146250 0)
#148000 1)
#148250 0$ 0&
#149125 0)
#149250 0! 0" 0# 0%
#149375 1$
#149625 0*
#150625 1*
#150750 1)
#150875 0-
#151125 1! 1" 1# 1% 1&
#151875 0)
#152125 0# 0%
#152375 0*
#153375 1*
#153625 1)
#153875 1%
#154000 1#
#154750 0)
#155250 0+
#156250 1+
#156375 1)
#157625 0! 0" 0(
#158500 0)
#158625 0# 0$ 0'
#158750 1" 1(
#159000 0*
#159250 1-
#160000 1*
#160125 1)
#160375 0" 0%
#160500 1# 1$ 1'
#161250 0)
#161500 1! 1" 1%
#161750 0*
#162750 1*
#163000 1)
#163250 0$ 0&
#164125 0)
#164250 0! 0" 0%
#164375 1$
#164625 0*
#165625 1*
#165750 1)
#165875 0-
#166125 1! 1" 1% 1&
#166875 0)
#167125 0# 0$
#167375 0*
#168375 1*
#168625 1)
#168875 1# 1$
#169750 0)
#170250 0+
#171250 1+
#171375 1)
#172625 0! 0" 0(
#173500 0)
#173625 0# 0$ 0'
#173750 1! 1" 1(
#174000 0*
#174250 1-
#175000 1*
#175125 1)
#175500 1# 1$ 1'
#176250 0)
#178000 1)
#178250 0$ 0&
#179125 0)
#179250 0! 0" 0#
#179625 0*
#180625 1*
#180750 1)
#180875 0-
#181125 1! 1" 1# 1$ 1&
#181875 0)
#182125 0#
#182375 0*
#183375 1*
#183625 1)
#183875 1#
#184750 0)
#185250 0+
#186250 1+
#186375 1)
#187625 0! 0" 0(
#188500 0)
#188625 0$ 0'
#188750 1(
#189000 0*
#189250 1-
#190000 1* 0/
#190125 1)
#190500 1! 1" 1$ 1'
#191250 0)
#193000 1)
#193250 0$ 0&
#194125 0)
#194250 0! 0"
#194625 0*
#195625 1*
#195750 1)
#195875 0-
#196125 1! 1" 1$ 1&
#196875 0)
#197000 1/
#197125 0# 0$ 0%
#197375 0*
#198375 1*
#198625 1)
#198875 1# 1$ 1%
#199750 0)
#200250 0+
#201250 1+
#201375 1)
#202625 0! 0" 0(
#203500 0)
#203625 0$ 0'
#203750 1! 1(
#203875 0*
#204250 1-
#205000 1*
#205125 1)
#205500 1" 1$ 1'
#206250 0)
#208000 1)
#208250 0$ 0&
#209125 0)
#209250 0! 0" 0#
#209375 1$
#209500 0*
#210625 1*
#210750 1)
#210875 0-
#211125 1! 1" 1# 1&
#211875 0)
#212125 0# 0%
#212375 0*
#213375 1*
#213625 1)
#213875 1# 1%
#214625 0)
#215250 0+
#216250 1+
#216375 1)
#217625 0! 0" 0(
#218375 0)
#218625 0$ 0' 1(
#218750 1"
#218875 0*
#219250 1-
#219875 1*
#220125 1)
#220375 0" 0%
#220500 1! 1$ 1'
#221250 0)
#221500 1" 1%
#221750 0+
#222750 1+
#223000 1)
#223250 0$ 0&
#224000 0)
#224250 0! 0"
#224375 1$
#224500 0*
#225500 1*
#225750 1)
#225875 0-
#226125 1! 1" 1&
#226875 0)
#227125 0# 0$
#227375 0*
#228375 1*
#228625 1)
#228875 1# 1$
#229625 0)
#230125 0+
#231250 1+
#231375 1)
#232500 0!
#232625 0" 0(
#233375 0)
#233625 1! 1" 0$ 0' 1(
#233875 0*
#234250 1-
#234875 1*
#235125 1)
#235500 1$ 1'
#236250 0)
#237875 1)
#238250 0$ 0&
#239000 0)
#239250 0! 0" 0# 0% 1&
#239500 0*
#240500 1*
#240750 1)
#240875 0-
#241125 1! 1" 1# 1$ 1%
#241875 0)
#242000 0#
#242375 0*
#243375 1*
#243500 1)
#243875 1#
#244625 0)
#245125 0+
#246125 1+
#246375 1)
#247500 0! 0"
#247625 0(
#248375 0)
#248625 0# 0' 1(
#248875 0*
#249250 1-
#249875 1*
#250125 1)
#250375 1!
#250500 1" 1# 1'
#251250 0)
#252875 1)
#253125 0&
#253250 0$
#254000 0)
#254250 0! 0" 0% 1& 0/
#254500 0*
#255500 1*
#255750 1)
#255875 0-
#256000 1!
#256125 1" 1$ 1%
#256875 0)
#257000 0# 0$ 0%
#257375 0*
#258375 1*
#258500 1)
#258875 1# 1$ 1%
#259625 0)
#260125 0+
#261125 1+
#261250 1/
#261375 1)
#262500 0! 0" 0(
#263375 0)
#263625 1! 0# 0' 1(
#263875 0*
#264250 1-
#264875 1*
#265125 1)
#265375 1" 1# 1'
#266250 0)
#267875 1)
#268125 0$ 0&
#269000 0)
#269250 0! 0" 0# 1$ 0% 1&
#269500 0*
#270500 1*
#270750 1)
#270875 0-
#271000 1! 1" 1# 1%
#271750 0)
#272000 0# 0%
#272250 0*
#273250 1*
#273500 1)
#273875 1# 1%
#274625 0)
#275125 0+
#276125 1+
#276375 1)
#277500 0! 0" 0(
#278375 0)
#278625 1" 0# 0' 1(
#278875 0*
#279125 1-
#279875 1*
#280125 1)
#280375 1# 0% 1'
#281125 0)
#281375 1!
#281500 1%
#281625 0*
#282625 1*
#282875 1)
#283125 0$ 0&
#284000 0)
#284125 0!
#284250 0" 1$ 0% 1&
#284500 0*
#285500 1*
#285750 1) 0-
#286000 1! 1" 1%
#286750 0)
#287000 0# 0$
#287250 0*
#288250 1*
#288500 1)
#288875 1# 1$
#289625 0)
#290125 0+
#291125 1+
#291250 1)
#292500 0! 0" 0(
#293375 0)
#293500 0# 0'
#293625 1! 1" 1(
#293875 0*
#294125 1-
#294875 1*
#295000 1)
#295375 1# 1'
#296125 0)
#297875 1)
#298125 0$ 0&
#299000 0)
#299125 0! 0" 0#
#299250 1&
#299500 0*
#300500 1*
#300625 1)
#300750 0-
#301000 1! 1" 1# 1$
#301750 0)
#302000 0#
#302250 0*
#303250 1*
#303500 1)
#303875 1#
#304625 0)
#305125 0+
#306125 1+
#306250 1)
#307500 0! 0" 0(
#308375 0)
#308500 0'
#308625 1(
#308875 0*
#309125 1-
#309875 1*
#310000 1)
#310375 1! 1" 1'
#311125 0)
#312875 1)
#313125 0$ 0&
#314000 0)
#314125 0! 0"
#314250 1&
#314500 0*
#315500 1*
#315625 1)
#315750 0-
#316000 1! 1" 1$
#316750 0)
#317000 0# 0$ 0%
#317250 0*
#318250 1*
#318500 1) 0/
#318750 1# 1$ 1%
#319625 0)
#320125 0+
#321125 1+
#321250 1)
#322500 0! 0" 0(
#323375 0)
#323500 0'
#323625 1! 1(
#323875 0*
#324125 1-
#324875 1*
#325000 1)
#325375 1" 1'
#325500 1/
#326125 0)
#327875 1)
#328125 0$ 0&
#329000 0)
#329125 0! 0" 0#
#329250 1$ 1&
#329375 0*
#330500 1*
#330625 1)
#330750 0-
#331000 1! 1" 1#
#331750 0)
#332000 0# 0%
#332250 0*
#333250 1*
#333500 1)
#333750 1# 1%
#334625 0)
#335125 0+
#336125 1+
#336250 1)
#337500 0! 0" 0(
#338250 0)
#338500 0'
#338625 1" 1(
#338750 0*
#339125 1-
#339875 1*
#340000 1)
#340250 0%
#340375 1! 1'
#341125 0)
#341375 1%
#341625 0+
#342625 1+
#342875 1)
#343125 0$ 0&
#343875 0)
#344125 0! 0"
#344250 1$ 1&
#344375 0*
#345500 1*
#345625 1)
#345750 0-
#346000 1! 1"
#346750 0)
#347000 0# 0$
#347250 0*
#348250 1*
#348500 1)
#348750 1# 1$
#349500 0)
#350125 0+
#351125 1+
#351250 1)
#352500 0! 0" 0(
#353250 0)
#353500 0' 1(
#353625 1! 1"
#353750 0*
#354125 1-
#354875 1*
#355000 1)
#355375 1'
#356125 0)
#357875 1)
#358875 0)
#359500 0+
#360500 1+
#360625 1)
#360750 0-
#361750 0)
#362000 0#
#362250 0*
#363250 1*
#363500 1)
#363750 1#
#364500 0)
#365125 0+
#366125 1+
#366250 1)
#369125 1-
#369375 0$ 0&
#370125 0)
#370375 0! 0" 0# 0%
#370500 1$
#370625 0*
#371750 1*
#372375 1!
#372500 0*
#373625 1*
#374125 0!
#374250 1"
#374375 0*
#375500 1*
#376000 1!
#376250 0*
#377375 1*
#377875 0! 0"
#378000 1# 1% 1&
#378125 0*
#379250 1*
#379875 1!
#380000 0*
#381125 1*
#381250 1)
#381625 1"
#382375 0)
#382750 0/
#384125 1)
#384375 0! 0# 0&
#385250 0)
#385375 0" 0% 0(
#385500 1! 1#
#385625 0*
#386750 1*
#387375 1%
#387500 0*
#388625 1*
#388750 1)
#389000 0$
#389125 1" 1(
#389750 1/
#389875 0)
#390125 0" 1$ 1&
#390375 0*
#391375 1*
#391625 1)
#391875 0! 0# 0&
#392750 0)
#392875 0% 0'
#393000 1! 1"
#393125 0*
#394250 1*
#394875 1%
#395125 0*
#396125 1*
#396250 1)
#396500 0$
#396625 1# 1'
#397375 0)
#397625 0# 1$ 1&
#397875 0*
#398875 1*
#399125 1)
#399375 1# 0$ 0&
#400250 0)
#400375 0! 0" 0%
#400500 1$
#400625 0*
#401750 1*
#402375 1!
#402625 0*
#403625 1*
#404125 0!
#404250 1"
#404500 0*
#405500 1*
#406125 1!
#406375 0*
#407375 1*
#407875 0! 0"
#408000 1% 1&
#408250 0*
#409250 1*
#410250 1!
#410500 0*
#411625 1*
#411750 1)
#412125 1"
#412875 0)
#414625 1)
#414875 0! 0# 0&
#415625 0)
#415875 0" 0% 0(
#416000 1! 1# 1&
#416125 0*
#417250 1*
#417875 1%
#418000 0*
#419125 1*
#419250 1)
#419500 0$ 0&
#419625 1" 1(
#420375 0)
#420625 0" 1$ 1&
#420875 0*
#421875 1*
#422125 1)
#422375 0! 0# 0&
#423250 0)
#423375 0% 0'
#423500 1"
#423625 0*
#424750 1*
#425375 1%
#425625 0*
#426625 1*
#426750 1)
#427000 0$
#427125 1! 1# 1'
#427875 0)
#428125 0! 0# 1$ 1&
#428375 0*
#429375 1*
#429625 1)
#429875 1! 0$ 0&
#430000 1#
#430750 0)
#430875 0! 0"
#431000 1$ 1&
#431250 0*
#432250 1*
#432875 1!
#433125 0*
#434125 1*
#434625 0!
#434750 1"
#435000 0*
#436000 1*
#436625 1!
#436875 0*
#437875 1*
#438375 0! 0"
#438750 0*
#439750 1*
#440375 1!
#440625 0*
#441625 1*
#441750 1)
#442125 1"
#442875 0)
#444625 1)
#444875 0# 0&
#445750 0)
#445875 0"
#446000 1# 0% 1&
#446250 0*
#447125 0/
#447250 1*
#447875 1%
#448125 0*
#449125 1*
#449375 1)
#449625 1" 0$ 0&
#450375 0)
#450625 0" 1$ 1&
#450875 0*
#451875 1*
#452125 1)
#452375 0! 0# 0&
#453250 0)
#453500 1" 1# 0% 0'
#453750 0*
#454125 1/
#454750 1*
#455375 1%
#455625 0*
#456625 1*
#456875 1)
#457125 1! 0$ 1'
#457875 0)
#458125 0!
#458250 1$ 1&
#458375 0*
#459375 1*
#459625 1)
#459875 0$ 0&
#460000 1!
#460750 0)
#460875 0!
#461000 0" 1$ 1&
#461250 0*
#462250 1*
#462875 1!
#463125 0*
#464125 1*
#464625 0!
#464750 1"
#465000 0*
#466000 1*
#466625 1!
#466875 0*
#467875 1*
#468500 0! 0"
#468750 0*
#469750 1*
#470375 1!
#470625 0*
#471625 1*
#471875 1)
#472250 1"
#473000 0)
#474625 1)
#474875 0# 0&
#475750 0)
#476000 0" 1# 0% 1&
#476250 0*
#477250 1*
#477875 1%
#478125 0*
#479125 1*
#479375 1)
#479625 0$ 0&
#479750 1"
#480500 0)
#480625 0"
#480750 1$ 1&
#481000 0*
#482000 1*
#482125 1)
#482375 0! 0&
#482500 0#
#483250 0)
#483500 1# 0% 0'
#483625 1"
#483750 0*
#484750 1*
#485375 1%
#485625 0*
#486625 1*
#486875 1)
#487125 0$
#487250 1! 1'
#488000 0)
#488125 0!
#488250 1$ 1&
#488500 0*
#489500 1*
#489750 1)
#505000 1!
#505875 0)
#507500 1)
#509625 0)
#511250 1)
#511375 0/
#513375 0)
#513875 0+
#514875 1+
#515000 1)
#516125 0)
#517875 1)
#518125 0$ 0&
#518375 1/
#519000 0)
#519125 0! 0" 0# 0% 0'
#519500 0*
#520500 1*
#520625 1)
#521000 1! 1" 1# 1$ 1% 1& 1'
#521750 0)
#522250 0+
#523250 1+
#523500 1)
#524625 0)
#525125 0+
#526125 1+
#526250 1)
#527500 0! 0" 0(
#528375 0)
#528500 0# 0$ 0% 0'
#528625 1(
#528875 0*
#529875 1*
#530000 1)
#530375 1! 1" 1# 1$ 1% 1'
#531125 0)
#532875 1)
#533125 0$ 0&
#534000 0)
#534125 0! 0"
#534250 0% 0'
#534500 0*
#535500 1*
#535750 1)
#535875 0-
#536000 1! 1" 1$ 1% 1& 1'
#536750 0)
#537000 0# 0$ 0%
#537250 0*
#538250 1*
#538500 1)
#538875 1# 1$ 1%
#539625 0)
#540125 0+
#541125 1+
#541375 1)
#542500 0! 0" 0(
#543375 0)
#543625 1! 0# 0$ 0% 0' 1(
#543875 0*
#544125 1-
#544875 1*
#545125 1)
#545375 1" 1# 1$ 1% 1'
#546125 0)
#547875 1)
#548125 0$ 0&
#549000 0)
#549250 0! 0" 0# 1$ 0% 0'
#549500 0*
#550500 1*
#550750 1)
#550875 0-
#551000 1! 1" 1# 1% 1& 1'
#551875 0)
#552000 0# 0%
#552250 0*
#553375 1*
#553500 1)
#553875 1# 1%
#554625 0)
#555125 0+
#556125 1+
#556375 1)
#557500 0! 0" 0(
#558375 0)
#558625 1" 0# 0$ 0% 0' 1(
#558875 0*
#559250 1-
#559875 1*
#560125 1)
#560375 0" 1% 1'
#561250 0)
#561500 1! 1" 1# 1$
#561750 0*
#562750 1*
#562875 1)
#563125 0$ 0&
#564000 0)
#564250 0! 0" 1$ 0% 0'
#564500 0*
#565500 1*
#565750 1)
#565875 0-
#566000 1! 1'
#566125 1" 1% 1&
#566875 0)
#567000 0# 0$
#567375 0*
#568375 1*
#568500 1)
#568875 1# 1$
#569625 0)
#570125 0+
#571125 1+
#571375 1)
#572500 0! 0"
#572625 0(
#573375 0)
#573625 1! 1" 0# 0$ 0% 0' 1(
#573875 0*
#574250 1-
#574875 1*
#575125 1)
#575375 1'
#575500 1# 1$ 1%
#575625 0/
#576250 0)
#577875 1)
#578125 0$
#578250 0&
#579000 0)
#579250 0! 0" 0# 0'
#579500 0*
#580500 1*
#580750 1)
#580875 0-
#581125 1! 1" 1# 1$ 1& 1'
#581875 0)
#582000 0#
#582375 0*
#582625 1/
#583375 1*
#583500 1)
#583875 1#
#584625 0)
#585125 0+
#586125 1+
#586375 1)
#587500 0! 0"
#587625 0(
#588375 0)
#588625 0$ 0% 0' 1(
#588875 0*
#589250 1-
#589875 1*
#590125 1)
#590500 1! 1" 1$ 1% 1'
#591250 0)
#592875 1)
#593125 0$
#593250 0&
#594000 0)
#594250 0! 0" 0'
#594500 0*
#595500 1*
#595750 1)
#595875 0-
#596125 1! 1" 1$ 1& 1'
#596875 0)
#597000 0$
#597125 0# 0%
#597375 0*
#598375 1*
#598500 1)
#598875 1# 1$ 1%
#599625 0)
#600125 0+
#601125 1+
#601375 1)
#602500 0!
#602625 0" 0(
#603375 0)
#603625 1! 0$ 0% 0' 1(
#603875 0*
#604250 1-
#604875 1*
#605125 1)
#605500 1" 1$ 1% 1'
#606250 0)
#607875 1)
#608125 0$
#608250 0&
#609000 0)
#609250 0! 0" 0# 1$ 0'
#609500 0*
#610500 1*
#610750 1)
#610875 0-
#611125 1! 1" 1# 1& 1'
#611875 0)
#612000 0# 0%
#612375 0*
#613375 1*
#613500 1)
#613875 1# 1%
#614625 0)
#615125 0+
#616125 1+
#616375 1)
#617500 0! 0"
#617625 0(
#618375 0)
#618625 1" 0$ 0% 0' 1(
#618875 0*
#619250 1-
#619875 1*
#620125 1)
#620375 1! 0" 0# 1'
#620500 1%
#621250 0)
#621500 1" 1# 1$
#621750 0+
#622750 1+
#622875 1)
#623125 0$ 0&
#624000 0)
#624250 0! 0" 1$ 0'
#624500 0*
#625500 1*
#625750 1)
#625875 0-
#626000 1! 1'
#626125 1" 1&
#626875 0)
#627000 0# 0$
#627375 0*
#628375 1*
#628500 1)
#628875 1# 1$
#629625 0)
#630125 0+
#631125 1+
#631375 1)
#632500 0! 0" 0(
#633375 0)
#633625 1! 1" 0$ 0% 0' 1(
#633875 0*
#634250 1-
#634875 1*
#635125 1)
#635375 1% 1'
#635500 1$
#636250 0)
#637875 1)
#638125 0$ 0&
#639000 0)
#639250 0! 0" 0# 0% 1& 0'
#639500 0*
#639875 0/
#640500 1*
#640750 1)
#640875 0-
#641000 1! 1" 1'
#641125 1# 1$ 1%
#641875 0)
#642000 0#
#642250 0*
#643375 1*
#643500 1)
#643875 1#
#644625 0)
#645125 0+
#646125 1+
#646375 1)
#646875 1/
#647500 0! 0" 0(
#648375 0)
#648625 0# 0% 0' 1(
#648875 0*
#649250 1-
#649875 1*
#650125 1)
#650375 1! 1" 1# 1% 1'
#651125 0)
#652875 1)
#653125 0$ 0&
#654000 0)
#654125 0!
#654250 0" 0% 1& 0'
#654500 0*
#655500 1*
#655750 1)
#655875 0-
#656000 1! 1" 1$ 1% 1'
#656750 0)
#657000 0# 0$ 0%
#657250 0*
#658250 1*
#658500 1)
#658875 1# 1$ 1%
#659625 0)
#660125 0+
#661125 1+
#661375 1)
#662500 0! 0" 0(
#663375 0)
#663625 1! 0# 0% 0' 1(
#663875 0*
#664125 1-
#664875 1*
#665125 1)
#665375 1" 1# 1% 1'
#666125 0)
#667875 1)
#668125 0$ 0&
#669000 0)
#669125 0! 0" 0#
#669250 1$ 0% 1& 0'
#669500 0*
#670500 1*
#670625 1)
#670750 0-
#671000 1! 1" 1# 1% 1'
#671750 0)
#672000 0# 0%
#672250 0*
#673250 1*
#673500 1)
#673875 1# 1%
#674625 0)
#675125 0+
#676125 1+
#676250 1)
#677500 0! 0" 0(
#678375 0)
#678500 0# 0% 0'
#678625 1" 1(
#678875 0*
#679125 1-
#679875 1*
#680000 1)
#680250 0$
#680375 1% 1'
#681125 0)
#681375 1! 1# 1$
#681625 0*
#682625 1*
#682875 1)
#683125 0$ 0&
#684000 0)
#684125 0! 0" 0% 0'
#684250 1$ 1&
#684500 0*
#685500 1*
#685625 1)
#685750 0-
#686000 1! 1" 1% 1'
#686750 0)
#687000 0# 0$
#687250 0*
#688250 1*
#688500 1)
#688750 1# 1$
#689625 0)
#690125 0+
#691125 1+
#691250 1)
#692500 0! 0" 0(
#693375 0)
#693500 0# 0% 0'
#693625 1! 1" 1(
#693875 0*
#694125 1-
#694875 1*
#695000 1)
#695375 1# 1% 1'
#696125 0)
#697875 1)
#698125 0$ 0&
#699000 0)
#699125 0! 0" 0# 0'
#699250 1&
#699375 0*
#700500 1*
#700625 1)
#700750 0-
#701000 1! 1" 1# 1$ 1'
#701750 0)
#702000 0#
#702250 0*
#703250 1*
#703500 1)
#703750 1#
#704250 0/
#704625 0)
#705125 0+
#706125 1+
#706250 1)
#707500 0! 0" 0(
#708250 0)
#708500 0% 0' 1(
#708750 0*
#709125 1-
#709875 1*
#710000 1)
#710375 1! 1" 1% 1'
#711125 0)
#711250 1/
#712875 1)
#713125 0$ 0&
#713875 0)
#714125 0! 0" 0'
#714250 1&
#714375 0*
#715500 1*
#715625 1)
#715750 0-
#716000 1! 1" 1$ 1'
#716750 0)
#717000 0# 0$ 0%
#717250 0*
#718250 1*
#718500 1)
#718750 1# 1$ 1%
#719500 0)
#720125 0+
#721125 1+
#721250 1)
#722500 0! 0" 0(
#723250 0)
#723500 1! 0% 0' 1(
#723750 0*
#724125 1-
#724750 1*
#725000 1)
#725375 1" 1% 1'
#726125 0)
#727875 1)
#728125 0$ 0&
#728875 0)
#729125 0! 0" 0# 1& 0'
#729250 1$
#729375 0*
#730375 1*
#730625 1)
#730750 0-
#731000 1! 1" 1# 1'
#731750 0)
#731875 0#
#732000 0%
#732250 0*
#733250 1*
#733500 1)
#733750 1# 1%
#734500 0)
#735000 0+
#736000 1+
#736250 1)
#737375 0!
#737500 0" 0(
#738250 0)
#738500 1" 0% 0' 1(
#738750 0*
#739125 1-
#739750 1*
#740000 1)
#740250 0# 0$
#740375 1! 1% 1'
#741125 0)
#741375 1# 1$
#741625 0+
#742625 1+
#742750 1)
#743125 0$ 0&
#743875 0)
#744125 0! 0" 1$ 1& 0'
#744375 0*
#745375 1*
#745625 1)
#745750 0-
#746000 1! 1" 1'
#746750 0)
#746875 0#
#747000 0$
#747250 0*
#748250 1*
#748375 1)
#748750 1# 1$
#749500 0)
#750000 0+
#751000 1+
#751250 1)
#752375 0!
#752500 0" 0(
#753250 0)
#753500 1! 1" 0% 0' 1(
#753750 0*
#754125 1-
#754750 1*
#755000 1)
#755375 1% 1'
#756125 0)
#757750 1)
#758125 0$ 0&
#758875 0)
#759125 0! 0" 0# 0%
#759375 0*
#760375 1*
#760625 1)
#760750 0-
#761000 1! 1" 1# 1$ 1% 1&
#761750 0)
#761875 0#
#762250 0*
#763250 1*
#763375 1)
#763750 1#
#764500 0)
#765000 0+
#766000 1+
#766250 1)
#767375 0! 0"
#767500 0(
#768250 0)
#768500 0# 0$ 0' 1( 0/
#768750 0*
#769125 1-
#769750 1*
#770000 1)
#770250 1!
#770375 1" 1# 1$ 1'
#771125 0)
#772750 1)
#773000 0$
#773125 0&
#773875 0)
#774125 0! 0" 0%
#774375 0*
#775375 1*
#775500 1/
#775625 1)
#775750 0-
#775875 1!
#776000 1" 1$ 1% 1&
#776750 0)
#776875 0# 0$ 0%
#777250 0*
#778250 1*
#778375 1)
#778750 1# 1$ 1%
#779500 0)
#780000 0+
#781000 1+
#781250 1)
#782375 0! 0"
#782500 0(
#783250 0)
#783500 1! 0# 0$ 0' 1(
#783750 0*
#784125 1-
#784750 1*
#785000 1)
#785375 1" 1# 1$ 1'
#786125 0)
#787750 1)
#788000 0$
#788125 0&
#788875 0)
#789125 0! 0" 0# 1$ 0%
#789375 0*
#790375 1*
#790625 1)
#790750 0-
#790875 1!
#791000 1" 1# 1% 1&
#791750 0)
#791875 0# 0%
#792250 0*
#793250 1*
#793375 1)
#793750 1# 1%
#794500 0)
#795000 0+
#796000 1+
#796250 1)
#797375 0! 0"
#797500 0(
#798250 0)
#798500 1" 0# 0$ 0' 1(
#798750 0*
#799125 1-
#799750 1*
#800000 1)
#800250 0" 1'
#800375 1#
#801125 0)
#801375 1! 1" 1$
#801625 0*
#802625 1*
#802750 1)
#803000 0$ 0&
#803875 0)
#804125 0! 0" 1$ 0%
#804375 0*
#805375 1*
#805625 1)
#805750 0-
#805875 1!
#806000 1" 1% 1&
#806750 0)
#806875 0# 0$
#807250 0*
#808250 1*
#808375 1)
#808750 1# 1$
#809500 0)
#810000 0+
#811000 1+
#811250 1)
#812375 0! 0"
#812500 0(
#813250 0)
#813500 1! 1" 0# 0$ 0' 1(
#813750 0*
#814125 1-
#814750 1*
#815000 1)
#815375 1# 1$ 1'
#816125 0)
#817750 1)
#818000 0$
#818125 0&
#818875 0)
#819125 0! 0" 0#
#819375 0*
#820375 1*
#820625 1)
#820750 0-
#821000 1! 1" 1# 1$ 1&
#821750 0)
#821875 0#
#822250 0*
#823250 1*
#823375 1)
#823750 1#
#824500 0)
#825000 0+
#826000 1+
#826250 1)
#827375 0!
#827500 0" 0(
#828250 0)
#828500 0$ 0' 1(
#828750 0*
#829125 1-
#829750 1*
#830000 1)
#830375 1! 1" 1$ 1'
#831125 0)
#832750 1) 0/
#833125 0$ 0&
#833875 0)
#834125 0! 0"
#834375 0*
#835375 1*
#835625 1)
#835750 0-
#836000 1! 1" 1$ 1&
#836750 0)
#836875 0$
#837000 0# 0%
#837250 0*
#838250 1*
#838375 1)
#838750 1# 1$ 1%
#839500 0)
#839750 1/
#840000 0+
#841000 1+
#841250 1)
#842375 0!
#842500 0" 0(
#843250 0)
#843500 1! 0$ 0' 1(
#843750 0*
#844125 1-
#844750 1*
#845000 1)
#845375 1" 1$ 1'
#846125 0)
#847875 1)
#848125 0$ 0&
#848875 0)
#849125 0! 0" 0#
#849250 1$
#849375 0*
#850375 1*
#850625 1)
#850750 0-
#851000 1! 1" 1# 1&
#851750 0)
#852000 0# 0%
#852250 0*
#853250 1*
#853500 1)
#853750 1# 1%
#854500 0)
#855125 0+
#856125 1+
#856250 1)
#857500 0! 0" 0(
#858250 0)
#858500 0$ 0' 1(
#858625 1"
#858750 0*
#859125 1-
#859875 1*
#860000 1)
#860250 0"
#860375 1! 1'
#861125 0)
#861375 1" 1$
#861625 0+
#862625 1+
#862875 1)
#863125 0$ 0&
#863875 0)
#864125 0! 0"
#864250 1$
#864375 0*
#865500 1*
#865625 1)
#865750 0-
#866000 1! 1" 1&
#866750 0)
#867000 0# 0$
#867250 0*
#868250 1*
#868500 1)
#868750 1# 1$
#869625 0)
#870125 0+
#871125 1+
#871250 1)
#872500 0! 0" 0(
#873375 0)
#873500 0$ 0'
#873625 1! 1" 1(
#873875 0*
#874125 1-
#874875 1*
#875000 1)
#875375 1$ 1'
#876125 0)
#877875 1)
#878125 0$ 0&
#879000 0)
#879125 0! 0" 0# 0%
#879250 1&
#879500 0*
#880500 1*
#880625 1)
#880750 0-
#881000 1! 1" 1# 1$ 1%
#881750 0)
#882000 0#
#882250 0*
#883250 1*
#883500 1)
#883875 1#
#884625 0)
#885125 0+
#886125 1+
#886250 1)
#887500 0! 0" 0(
#888375 0)
#888500 0# 0'
#888625 1(
#888875 0*
#889125 1-
#889875 1*
#890000 1)
#890375 1! 1" 1# 1'
#891125 0)
#892875 1)
#893125 0$ 0&
#894000 0)
#894125 0! 0" 0%
#894250 1&
#894500 0*
#895500 1*
#895625 1)
#895750 0-
#896000 1! 1" 1$ 1%
#896750 0)
#897000 0# 0$ 0%
#897250 0*
#898250 1*
#898500 1)
#898875 1# 1$ 1%
#899625 0)
#900125 0+
#901125 1+
#901375 1)
#902500 0! 0" 0(
#903375 0)
#903625 1! 0# 0' 1(
#903875 0*
#904125 1-
#904875 1*
#905125 1)
#905375 1" 1# 1'
#906125 0)
#907875 1)
#908125 0$ 0&
#909000 0)
#909250 0! 0" 0# 1$ 0% 1&
#909500 0*
#910500 1*
#910750 1)
#910875 0-
#911000 1! 1" 1# 1%
#911875 0)
#912000 0# 0%
#912250 0*
#913375 1*
#913500 1)
#913875 1# 1%
#914625 0)
#915125 0+
#916125 1+
#916375 1)
#917500 0! 0" 0(
#918375 0)
#918625 1" 0# 0' 1(
#918875 0*
#919250 1-
#919875 1*
#920125 1)
#920375 0$ 1'
#920500 1#
#921250 0)
#921500 1! 1$
#921750 0*
#922750 1*
#922875 1)
#923125 0$ 0&
#924000 0)
#924250 0! 0" 1$ 0% 1&
#924500 0*
#925500 1*
#925750 1)
#925875 0-
#926000 1!
#926125 1" 1%
#926875 0)
#927000 0# 0$
#927375 0*
#928375 1*
#928500 1)
#928875 1# 1$
#929625 0)
#930125 0+
#931125 1+
#931375 1)
#932500 0!
#932625 0" 0(
#933375 0)
#933625 1! 1" 0# 0' 1(
#933875 0*
#934250 1-
#934875 1*
#935125 1)
#935500 1# 1'
#936250 0)
#937875 1)
#938250 0$ 0&
#939000 0)
#939250 0! 0" 0# 1&
#939500 0*
#940500 1*
#940750 1)
#940875 0-
#941125 1! 1" 1# 1$
#941875 0)
#942000 0#
#942375 0*
#943375 1*
#943625 1)
#943875 1#
#944625 0)
#945250 0+
#946250 1+
#946375 1)
#947625 0! 0" 0(
#948375 0)
#948625 0' 1(
#948875 0*
#949250 1-
#949875 1*
#950125 1)
#950500 1! 1" 1'
#951250 0)
#953000 1)
#953250 0$ 0&
#954000 0)
#954250 0! 0"
#954375 1&
#954500 0*
#955625 1*
#955750 1)
#955875 0-
#956125 1! 1" 1$
#956875 0)
#957125 0# 0$ 0%
#957375 0*
#958375 1*
#958625 1)
#958875 1# 1$ 1%
#959750 0)
#960250 0+
#961250 1+
#961375 1)
#962625 0! 0" 0(
#963500 0)
#963625 0'
#963750 1! 1(
#964000 0*
#964250 1-
#965000 1*
#965125 1)
#965500 1" 1'
#966250 0)
#968000 1)
#968250 0$ 0&
#969125 0)
#969250 0! 0" 0#
#969375 1$ 1&
#969625 0*
#970625 1*
#970750 1)
#970875 0-
#971125 1! 1" 1#
#971875 0)
#972125 0# 0%
#972375 0*
#972625 00
#973375 1*
#973625 1)
#973875 1%
#974000 1#
#974750 0)
#975250 0+
#976250 1+
#976375 1)
#977625 0! 0" 0(
#978500 0)
#978625 0'
#978750 1" 1(
#979000 0*
#979250 1-
#979500 10
#980000 1*
#980125 1)
#980375 0$
#980500 1! 1'
#981250 0)
#981500 1$
#981750 0+
#982750 1+
#983000 1)
#983250 0$ 0&
#984125 0)
#984250 0! 0"
#984375 1$ 1&
#984625 0*
#985625 1*
#985750 1)
#985875 0-
#986125 1! 1"
#986875 0)
#987125 0# 0$
#987375 0*
#988375 1*
#988625 1)
#989000 1# 1$
#989750 0)
#990250 0+
#991250 1+
#991375 1)
#992625 0! 0" 0(
#993500 0)
#993625 0'
#993750 1! 1" 1(
#994000 0*
#994250 1-
#995000 1*
#995250 1)
#995500 1'
#996250 0)
#998000 1)
#999125 0)
#999625 0+
#1000625 1+
#1000875 1) 0-
#1001875 0)
#1002125 0#
#1002375 0*
#1003375 1*
#1003625 1)
#1004000 1#
#1004750 0)
#1005250 0+
#1006250 1+
#1006500 1)
#1009250 1-
#1009500 0$ 0&
#1010375 0)
#1010500 0!
#1010625 0" 0# 1$ 0%
#1010875 0*
#1011875 1*
#1012500 1!
#1012750 0*
#1013750 1*
#1014250 0!
#1014375 1"
#1014625 0*
#1015625 1*
#1016250 1!
#1016500 0*
#1017500 1*
#1018000 0!
#1018125 0" 1# 1% 1&
#1018375 0*
#1019375 1*
#1020000 1!
#1020250 0*
#1021250 1*
#1021500 1)
#1021750 1"
#1022500 0)
#1024250 1)
#1024500 0! 0# 0&
#1025375 0)
#1025625 1# 0% 0(
#1025875 0*
#1026875 1*
#1027500 1%
#1027750 0*
#1028750 1*
#1029000 1)
#1029250 1! 0$ 1(
#1030000 0)
#1030250 0!
#1030375 1$ 1&
#1030500 0*
#1031500 1*
#1031750 1)
#1032000 0" 0# 0&
#1032875 0)
#1033125 1# 0% 0'
#1033375 0*
#1034375 1*
#1035000 1%
#1035250 0*
#1036250 1*
#1036500 1)
#1036750 1! 1" 0$ 1'
#1037500 0)
#1037750 0! 0"
#1037875 1$ 1&
#1038000 0*
#1039000 1*
#1039250 1)
#1039500 0$ 0&
#1039625 1! 1"
#1040375 0)
#1040500 0!
#1040625 0" 1$ 0%
#1040875 0*
#1041875 1*
#1042500 1!
#1042750 0*
#1043750 1*
#1044250 0!
#1044375 1"
#1044625 0*
#1045625 1*
#1046250 1!
#1046500 0*
#1047500 1*
#1048000 0!
#1048125 0" 1% 1&
#1048375 0*
#1049375 1*
#1050500 1!
#1050750 0*
#1051750 1*
#1051875 1)
#1052250 1"
#1053000 0)
#1054750 1)
#1055000 0! 0# 0&
#1055875 0)
#1056000 0% 0(
#1056125 1# 1&
#1056375 0*
#1057375 1*
#1058000 1%
#1058250 0*
#1059250 1*
#1059375 1)
#1059625 0$ 0&
#1059750 1! 1(
#1060500 0)
#1060750 0! 1$ 1&
#1061000 0*
#1062000 1*
#1062250 1)
#1062500 0" 0# 0&
#1063375 0)
#1063500 0% 0'
#1063625 1! 1"
#1063875 0*
#1064875 1*
#1065500 1%
#1065750 0*
#1066750 1*
#1066875 1)
#1067125 0$
#1067250 1# 1'
#1068000 0)
#1068250 0# 1$ 1&
#1068500 0*
#1069500 1*
#1069750 1)
#1070000 1# 0$ 0&
#1070875 0)
#1071000 0! 0"
#1071125 1$ 1&
#1071375 0*
#1072375 1*
#1073000 1!
#1073250 0*
#1074250 1*
#1074750 0!
#1074875 1"
#1075125 0*
#1076125 1*
#1076750 1!
#1077000 0*
#1078000 1*
#1078500 0! 0"
#1078875 0*
#1079875 1*
#1080500 1!
#1080625 0*
#1081750 1*
#1081875 1)
#1082250 1"
#1083000 0)
#1084750 1)
#1085000 0# 0&
#1085875 0)
#1086000 0! 0%
#1086125 1# 1&
#1086250 0*
#1087375 1*
#1088000 1%
#1088125 0*
#1089250 1*
#1089375 1)
#1089625 0$ 0&
#1089750 1!
#1090500 0)
#1090625 0!
#1090750 1$ 1&
#1091000 0*
#1092000 1*
#1092250 1)
#1092500 0" 0# 0&
#1093250 0)
#1093500 0% 0'
#1093625 1! 1" 1#
#1093750 0*
#1094750 1*
#1095500 1%
#1095625 0*
#1096625 1*
#1096875 1)
#1097125 0$
#1097250 1'
#1098000 0)
#1098250 1$ 1&
#1098500 0*
#1099500 1*
#1099750 1)
#1100000 0$ 0&
#1100750 0)
#1101000 0! 0" 1&
#1101125 1$
#1101250 0*
#1102250 1*
#1102875 1!
#1103125 0*
#1104125 1*
#1104750 0!
#1104875 1"
#1105000 0*
#1106000 1*
#1106625 1!
#1106875 0*
#1107875 1*
#1108500 0! 0"
#1108750 0*
#1109750 1*
#1110375 1!
#1110625 0*
#1111625 1*
#1111875 1)
#1112250 1"
#1113000 0)
#1114625 1)
#1115000 0# 0&
#1115750 0)
#1116000 0! 1# 0% 1&
#1116250 0*
#1117250 1*
#1117875 1%
#1118125 0*
#1119125 1*
#1119375 1)
#1119625 1! 0$ 0&
#1120500 0)
#1120625 0!
#1120750 1$ 1&
#1121000 0*
#1122000 1*
#1122125 1)
#1122375 0# 0&
#1122500 0"
#1123250 0)
#1123500 1! 1" 1# 0% 0'
#1123750 0*
#1124750 1*
#1125375 1%
#1125625 0*
#1126625 1*
#1126875 1)
#1127125 0$ 1'
#1128000 0)
#1128250 1$ 1&
#1128500 0*
#1129500 1*
#1129625 1)
#1143000 0/
#1145750 0)
#1147500 1)
#1149500 0)
#1150000 1/
#1151250 1)
#1153250 0)
#1153750 0+
#1154750 1+
#1155000 1)
#1156000 0)
#1157750 1)
#1158000 0$ 0&
#1158875 0)
#1159000 0!
#1159125 0" 0# 0% 0'
#1159375 0*
#1160375 1*
#1160625 1)
#1160875 1! 1" 1# 1$ 1% 1& 1'
#1161625 0)
#1162125 0+
#1163125 1+
#1163375 1)
#1164500 0)
#1165000 0+
#1166000 1+
#1166125 1)
#1167375 0! 0" 0(
#1168250 0)
#1168375 0# 0$ 0% 0'
#1168500 1(
#1168750 0*
#1169750 1*
#1169875 1)
#1170250 1! 1" 1# 1$ 1% 1'
#1171000 0)
#1172750 1)
#1173000 0$ 0&
#1173875 0)
#1174000 0! 0" 0% 0'
#1174375 0*
#1175375 1*
#1175500 1)
#1175625 0-
#1175875 1! 1" 1$ 1% 1& 1'
#1176625 0)
#1176875 0# 0$ 0%
#1177125 0*
#1178125 1*
#1178375 1)
#1178750 1# 1$ 1%
#1179500 0)
#1180000 0+
#1181000 1+
#1181125 1)
#1182375 0! 0" 0(
#1183250 0)
#1183375 0# 0$ 0% 0'
#1183500 1! 1(
#1183750 0*
#1184000 1-
#1184750 1*
#1184875 1)
#1185250 1" 1# 1$ 1% 1'
#1186000 0)
#1187750 1)
#1188000 0$ 0&
#1188875 0)
#1189000 0! 0" 0# 0% 0'
#1189125 1$
#1189375 0*
#1190375 1*
#1190500 1)
#1190625 0-
#1190875 1! 1" 1# 1% 1& 1'
#1191625 0)
#1191875 0# 0%
#1192125 0*
#1193125 1*
#1193375 1)
#1193625 1# 1%
#1194500 0)
#1195000 0+
#1196000 1+
#1196125 1)
#1197375 0! 0" 0(
#1198250 0)
#1198375 0# 0$ 0% 0'
#1198500 1" 1(
#1198625 0*
#1198875 0/
#1199000 1-
#1199750 1*
#1199875 1)
#1200125 0"
#1200250 1$ 1% 1'
#1201000 0)
#1201250 1! 1" 1#
#1201500 0*
#1202500 1*
#1202750 1)
#1203000 0$ 0&
#1203875 0)
#1204000 0! 0" 0% 0'
#1204125 1$
#1204250 0*
#1205375 1*
#1205500 1)
#1205625 0-
#1205875 1! 1" 1% 1& 1' 1/
#1206625 0)
#1206875 0# 0$
#1207125 0*
#1208125 1*
#1208375 1)
#1208625 1# 1$
#1209500 0)
#1210000 0+
#1211000 1+
#1211125 1)
#1212375 0! 0" 0(
#1213125 0)
#1213375 0# 0$ 0% 0' 1(
#1213500 1! 1"
#1213625 0*
#1214000 1-
#1214750 1*
#1214875 1)
#1215250 1# 1$ 1% 1'
#1216000 0)
#1217750 1)
#1218000 0$ 0&
#1218875 0)
#1219000 0! 0" 0# 0'
#1219250 0*
#1220375 1*
#1220500 1)
#1220625 0-
#1220875 1! 1" 1# 1$ 1& 1'
#1221625 0)
#1221875 0#
#1222125 0*
#1223125 1*
#1223375 1)
#1223625 1#
#1224500 0)
#1225000 0+
#1226000 1+
#1226125 1)
#1227375 0! 0" 0(
#1228125 0)
#1228375 0$ 0% 0' 1(
#1228625 0*
#1229000 1-
#1229750 1*
#1229875 1)
#1230250 1! 1" 1$ 1% 1'
#1231000 0)
#1232750 1)
#1233000 0$ 0&
#1233875 0)
#1234000 0! 0" 0'
#1234250 0*
#1235375 1*
#1235500 1)
#1235625 0-
#1235875 1! 1" 1$ 1& 1'
#1236625 0)
#1236875 0# 0$ 0%
#1237125 0*
#1238125 1*
#1238375 1)
#1238625 1# 1$ 1%
#1239500 0)
#1240000 0+
#1241000 1+
#1241125 1)
#1242375 0! 0" 0(
#1243125 0)
#1243375 0$ 0% 0'
#1243500 1! 1(
#1243625 0*
#1244000 1-
#1244750 1*
#1244875 1)
#1245250 1" 1$ 1% 1'
#1246000 0)
#1247750 1)
#1248000 0$ 0&
#1248875 0)
#1249000 0! 0" 0# 0'
#1249125 1$
#1249250 0*
#1250375 1*
#1250500 1)
#1250625 0-
#1250875 1! 1" 1# 1& 1'
#1251625 0)
#1251875 0# 0%
#1252125 0*
#1253125 1*
#1253375 1)
#1253625 1# 1%
#1254500 0)
#1255000 0+
#1256000 1+
#1256125 1)
#1257375 0! 0" 0(
#1258250 0)
#1258375 0$ 0% 0'
#1258500 1" 1(
#1258750 0*
#1259000 1-
#1259750 1*
#1259875 1)
#1260125 0" 0#
#1260250 1! 1$ 1% 1'
#1261000 0)
#1261250 1" 1#
#1261500 0+
#1262500 1+
#1262750 1)
#1263000 0$ 0&
#1263875 0)
#1264000 0! 0" 0'
#1264125 1$
#1264375 0*
#1265375 1*
#1265500 1)
#1265625 0-
#1265875 1! 1" 1& 1'
#1266625 0)
#1266875 0# 0$
#1267125 0*
#1268125 1*
#1268375 1)
#1268750 1# 1$
#1269500 0)
#1270000 0+
#1271000 1+
#1271125 1)
#1272375 0! 0" 0(
#1273250 0)
#1273375 0$ 0% 0'
#1273500 1! 1" 1(
#1273750 0*
#1274000 1-
#1274750 1*
#1274875 1)
#1275250 1$ 1% 1'
#1276000 0)
#1277750 1)
#1278000 0$ 0&
#1278875 0)
#1279000 0! 0" 0# 0%
#1279125 1& 0'
#1279375 0*
#1280375 1*
#1280500 1)
#1280625 0-
#1280875 1! 1" 1# 1$ 1% 1'
#1281625 0)
#1281875 0#
#1282125 0*
#1283125 1*
#1283375 1)
#1283750 1#
#1284500 0)
#1285000 0+
#1286000 1+
#1286250 1)
#1287375 0! 0" 0(
#1288250 0)
#1288500 0# 0% 0' 1(
#1288750 0*
#1289000 1-
#1289750 1*
#1290000 1)
#1290250 1! 1" 1# 1% 1'
#1291000 0)
#1292750 1)
#1293000 0$ 0&
#1293875 0)
#1294000 0!
#1294125 0" 0% 1& 0'
#1294375 0*
#1295375 1*
#1295625 1)
#1295750 0-
#1295875 1! 1" 1$ 1% 1'
#1296625 0)
#1296875 0# 0$ 0%
#1297125 0*
#1298250 1*
#1298375 1)
#1298750 1# 1$ 1%
#1299500 0)
#1300000 0+
#1301000 1+
#1301250 1)
#1302375 0! 0" 0(
#1303250 0)
#1303500 1! 0# 0% 0' 1(
#1303750 0*
#1304125 1-
#1304750 1*
#1305000 1)
#1305250 1# 1'
#1305375 1" 1%
#1306125 0)
#1307750 1)
#1308000 0&
#1308125 0$
#1308875 0)
#1309125 0! 0" 0# 1$ 0% 1& 0'
#1309375 0*
#1310375 1*
#1310625 1)
#1310750 0-
#1310875 1! 1'
#1311000 1" 1# 1%
#1311750 0)
#1311875 0# 0%
#1312250 0*
#1313250 1*
#1313375 1)
#1313750 1# 1%
#1314500 0)
#1315000 0+
#1316000 1+
#1316250 1)
#1317375 0!
#1317500 0" 0(
#1318250 0)
#1318500 1" 0# 0% 0' 1(
#1318750 0*
#1319125 1-
#1319750 1*
#1320000 1)
#1320375 1% 1'
#1321125 0)
#1321375 1! 1#
#1321625 0*
#1322625 1*
#1322750 1)
#1323125 0$ 0&
#1323875 0)
#1324125 0! 0" 1$ 0% 1& 0'
#1324375 0*
#1325375 1*
#1325625 1)
#1325750 0-
#1326000 1! 1" 1% 1'
#1326750 0)
#1327000 0# 0$
#1327250 0*
#1328250 1*
#1328500 1)
#1328750 1# 1$
#1329500 0)
#1330125 0+
#1330250 0/
#1331125 1+
#1331250 1)
#1332500 0! 0" 0(
#1333250 0)
#1333500 1! 0# 0% 0' 1(
#1333625 1"
#1333750 0*
#1334125 1-
#1334750 1*
#1335000 1)
#1335375 1# 1% 1'
#1336125 0)
#1337250 1/
#1337875 1)
#1338125 0$ 0&
#1338875 0)
#1339125 0! 0" 0# 0'
#1339250 1&
#1339375 0*
#1340500 1*
#1340625 1)
#1340750 0-
#1341000 1! 1" 1# 1$ 1'
#1341750 0)
#1342000 0#
#1342250 0*
#1343250 1*
#1343500 1)
#1343750 1#
#1344625 0)
#1345125 0+
#1346125 1+
#1346250 1)
#1347500 0! 0" 0(
#1348375 0)
#1348500 0% 0'
#1348625 1(
#1348875 0*
#1349125 1-
#1349875 1*
#1350000 1)
#1350375 1! 1" 1% 1'
#1351125 0)
#1352875 1)
#1353125 0$ 0&
#1354000 0)
#1354125 0! 0" 0'
#1354250 1&
#1354500 0*
#1355500 1*
#1355625 1)
#1355750 0-
#1356000 1! 1" 1$ 1'
#1356750 0)
#1357000 0# 0$ 0%
#1357250 0*
#1358250 1*
#1358500 1)
#1358875 1# 1$ 1%
#1359625 0)
#1360125 0+
#1361125 1+
#1361250 1)
#1362500 0! 0" 0(
#1363375 0)
#1363500 0% 0'
#1363625 1! 1(
#1363875 0*
#1364125 1-
#1364875 1*
#1365125 1)
#1365375 1" 1% 1'
#1366125 0)
#1367875 1)
#1368125 0$ 0&
#1369000 0)
#1369125 0! 0"
#1369250 0# 1$ 1& 0'
#1369500 0*
#1370500 1*
#1370750 1)
#1370875 0-
#1371000 1! 1" 1# 1'
#1371750 0)
#1372000 0# 0%
#1372250 0*
#1373250 1*
#1373500 1)
#1373875 1# 1%
#1374625 0)
#1375125 0+
#1376125 1+
#1376375 1)
#1377500 0! 0" 0(
#1378375 0)
#1378625 1" 0% 0' 1(
#1378875 0*
#1379250 1-
#1379875 1*
#1380125 1)
#1380375 1! 0# 1% 1'
#1381250 0)
#1381500 1#
#1381750 0+
#1382750 1+
#1382875 1)
#1383125 0$ 0&
#1384000 0)
#1384250 0! 0" 1$ 1& 0'
#1384500 0*
#1385500 1*
#1385750 1)
#1385875 0-
#1386000 1! 1" 1'
#1386125 0/
#1386875 0)
#1387000 0# 0$
#1387375 0*
#1388375 1*
#1388500 1)
#1388875 1# 1$
#1389625 0)
#1390125 0+
#1391125 1+
#1391375 1)
#1392500 0! 0"
#1392625 0(
#1393125 1/
#1393375 0)
#1393625 1! 1" 0% 0' 1(
#1393875 0*
#1394250 1-
#1394875 1*
#1395125 1)
#1395375 1'
#1395500 1%
#1396250 0)
#1397875 1)
#1398250 0$ 0&
#1399000 0)
#1399250 0! 0" 0# 0%
#1399500 0*
#1400500 1*
#1400750 1)
#1400875 0-
#1401125 1! 1" 1# 1$ 1% 1&
#1401875 0)
#1402000 0#
#1402375 0*
#1403375 1*
#1403500 1)
#1403875 1#
#1404625 0)
#1405125 0+
#1406125 1+
#1406375 1)
#1407500 0!
#1407625 0" 0(
#1408375 0)
#1408625 0# 0$ 0' 1(
#1408875 0*
#1409250 1-
#1409875 1*
#1410125 1)
#1410375 0% 0& 0(
#1410500 1'
#1411250 0)
#1411375 0'
#1411750 0+
#1412750 1+
#1413000 1)
#1413250 1! 1" 1# 1% 1' 1(
#1414000 0)
#1414250 0! 0" 0%
#1414500 0*
#1415500 1*
#1415750 1)
#1415875 0-
#1416125 1! 1" 1$ 1% 1&
#1416875 0)
#1417125 0# 0$ 0%
#1417375 0*
#1418375 1*
#1418625 1)
#1418875 1# 1$ 1%
#1419625 0)
#1420250 0+
#1421250 1+
#1421375 1)
#1422625 0! 0" 0(
#1423375 0)
#1423625 1! 0# 0$ 0' 1(
#1423875 0*
#1424250 1-
#1424875 1*
#1425125 1)
#1425500 1" 1# 1$ 1'
#1426250 0)
#1428000 1)
#1428250 0$ 0&
#1429000 0)
#1429250 0! 0" 0# 0%
#1429375 1$
#1429500 0*
#1430500 1*
#1430750 1)
#1430875 0-
#1431125 1! 1" 1# 1% 1&
#1431875 0)
#1432125 0# 0%
#1432375 0*
#1433375 1*
#1433625 1)
#1433875 1# 1%
#1434625 0)
#1435250 0+
#1436250 1+
#1436375 1)
#1437625 0! 0" 0(
#1438375 0)
#1438625 0# 0$ 0' 1(
#1438750 1"
#1438875 0*
#1439250 1-
#1440000 1*
#1440125 1)
#1440375 0"
#1440500 1# 1$ 1'
#1441250 0)
#1441500 1! 1"
#1441750 0*
#1442750 1*
#1443000 1)
#1443250 0$ 0&
#1444000 0)
#1444250 0! 0" 0%
#1444375 1$
#1444500 0*
#1445625 1*
#1445750 1)
#1445875 0-
#1446125 1! 1" 1% 1&
#1446875 0)
#1447125 0# 0$
#1447375 0*
#1448375 1*
#1448625 1)
#1448875 1# 1$
#1449750 0)
#1450250 0+
#1451250 1+
#1451375 1)
#1452625 0! 0" 0(
#1453375 0)
#1453625 0# 0$ 0' 1(
#1453750 1! 1"
#1453875 0*
#1454250 1-
#1455000 1*
#1455125 1)
#1455500 1# 1$ 1'
#1456250 0)
#1458000 1)
#1458250 0$ 0&
#1459125 0)
#1459250 0! 0" 0#
#1459500 0*
#1460625 1*
#1460750 1)
#1460875 0-
#1461125 1! 1" 1# 1$ 1&
#1461875 0)
#1462125 0#
#1462375 0*
#1463375 1*
#1463625 1)
#1463875 1#
#1464750 0)
#1465250 0+
#1466250 1+
#1466375 1)
#1467625 0! 0" 0(
#1468375 0)
#1468625 0$ 0' 1(
#1468875 0*
#1469250 1-
#1470000 1*
#1470125 1)
#1470500 1! 1" 1$ 1'
#1471250 0)
#1473000 1)
#1473250 0$ 0&
#1474000 0)
#1474250 0! 0"
#1474500 0*
#1475625 1*
#1475750 1)
#1475875 0-
#1476125 1! 1" 1$ 1&
#1476875 0)
#1477125 0# 0$ 0%
#1477375 0*
#1478375 1* 0/
#1478625 1)
#1478875 1# 1$ 1%
#1479625 0)
#1480250 0+
#1481250 1+
#1481375 1)
#1482625 0! 0" 0(
#1483375 0)
#1483625 0$ 0' 1(
#1483750 1!
#1483875 0*
#1484250 1-
#1485000 1*
#1485125 1)
#1485375 1/
#1485500 1" 1$ 1'
#1486250 0)
#1488000 1)
#1488250 0$ 0&
#1489000 0)
#1489250 0! 0" 0#
#1489375 1$
#1489500 0*
#1490500 1*
#1490750 1)
#1490875 0-
#1491125 1! 1" 1# 1&
#1491875 0)
#1492125 0# 0%
#1492375 0*
#1493375 1*
#1493625 1)
#1493875 1# 1%
#1494625 0)
#1495250 0+
#1496250 1+
#1496375 1)
#1497625 0! 0" 0(
#1498375 0)
#1498625 0$ 0' 1(
#1498750 1"
#1498875 0*
#1499250 1-
#1499875 1*
#1500125 1)
#1500375 0"
#1500500 1! 1$ 1'
#1501250 0)
#1501500 1"
#1501750 0+
#1502750 1+
#1503000 1)
#1503250 0$ 0&
#1504000 0)
#1504250 0! 0" 1$
#1504500 0*
#1505500 1*
#1505750 1)
#1505875 0-
#1506125 1! 1" 1&
#1506875 0)
#1507125 0# 0$
#1507375 0*
#1508375 1*
#1508500 1)
#1508875 1# 1$
#1509625 0)
#1510125 0+
#1511125 1+
#1511375 1)
#1512500 0!
#1512625 0" 0(
#1513375 0)
#1513625 1! 1" 0$ 0' 1(
#1513875 0*
#1514250 1-
#1514875 1*
#1515125 1)
#1515500 1$ 1'
#1516250 0)
#1517875 1)
#1518250 0$ 0&
#1519000 0)
#1519250 0! 0" 0# 0% 1&
#1519500 0*
#1520500 1*
#1520750 1)
#1520875 0-
#1521125 1! 1" 1# 1$ 1%
#1521875 0)
#1522000 0#
#1522375 0*
#1523375 1*
#1523500 1)
#1523875 1#
#1524625 0)
#1525125 0+
#1526125 1+
#1526375 1)
#1527500 0! 0"
#1527625 0(
#1528375 0)
#1528625 0# 0' 1(
#1528875 0*
#1529250 1-
#1529875 1*
#1530125 1)
#1530375 1! 1'
#1530500 1" 1#
#1531250 0)
#1532875 1)
#1533125 0&
#1533250 0$
#1534000 0)
#1534250 0! 0" 0% 1& 0/
#1534500 0*
#1535500 1*
#1535750 1)
#1535875 0-
#1536000 1! 1"
#1536125 1$ 1%
#1536875 0)
#1537000 0# 0$ 0%
#1537250 0*
#1538375 1*
#1538500 1)
#1538875 1# 1$ 1%
#1539625 0)
#1540125 0+
#1541125 1+
#1541250 1/
#1541375 1)
#1542500 0! 0" 0(
#1543375 0)
#1543625 1! 0# 0' 1(
#1543875 0*
#1544250 1-
#1544875 1*
#1545125 1)
#1545375 1" 1# 1'
#1546125 0)
#1547875 1)
#1548125 0$ 0&
#1549000 0)
#1549250 0! 0" 0# 1$ 0% 1&
#1549500 0*
#1550500 1*
#1550750 1)
#1550875 0-
#1551000 1! 1" 1# 1%
#1551750 0)
#1552000 0# 0%
#1552250 0*
#1553250 1*
#1553500 1)
#1553875 1# 1%
#1554625 0)
#1555125 0+
#1556125 1+
#1556375 1)
#1557500 0! 0" 0(
#1558375 0)
#1558625 1" 0# 0' 1(
#1558875 0*
#1559125 1-
#1559875 1*
#1560125 1)
#1560375 1# 1'
#1561125 0)
#1561375 1!
#1561625 0*
#1562625 1*
#1562875 1)
#1563125 0$ 0&
#1564000 0)
#1564125 0! 0"
#1564250 1$ 0% 1&
#1564500 0*
#1565500 1*
#1565625 1)
#1565750 0-
#1566000 1! 1" 1%
#1566750 0)
#1567000 0# 0$
#1567250 0*
#1568250 1*
#1568500 1)
#1568875 1# 1$
#1569625 0)
#1570125 0+
#1571125 1+
#1571250 1)
#1572500 0! 0" 0(
#1573375 0)
#1573500 0# 0'
#1573625 1! 1" 1(
#1573875 0*
#1574125 1-
#1574875 1*
#1575000 1)
#1575375 1# 1'
#1576125 0)
#1577875 1)
#1578125 0$ 0&
#1579000 0)
#1579125 0! 0" 0#
#1579250 1&
#1579500 0*
#1580500 1*
#1580625 1)
#1580750 0-
#1581000 1! 1" 1# 1$
#1581750 0)
#1582000 0#
#1582250 0*
#1583250 1*
#1583500 1)
#1583750 1#
#1584625 0)
#1585125 0+
#1586125 1+
#1586250 1)
#1587500 0! 0" 0(
#1588375 0)
#1588500 0'
#1588625 1(
#1588875 0*
#1589125 1-
#1589875 1*
#1590000 1)
#1590375 1! 1" 1'
#1591125 0)
#1592875 1)
#1593125 0$ 0&
#1594000 0)
#1594125 0! 0"
#1594250 1&
#1594375 0*
#1595500 1*
#1595625 1)
#1595750 0-
#1596000 1! 1" 1$
#1596750 0)
#1597000 0# 0$ 0%
#1597250 0*
#1598250 1*
#1598500 1)
#1598750 1# 1$ 1%
#1599625 0)
#1600125 0+
#1601125 1+
#1601250 1)
#1602500 0! 0" 0(
#1603250 0)
#1603500 0'
#1603625 1! 1(
#1603750 0*
#1604125 1-
#1604875 1*
#1605000 1)
#1605375 1" 1'
#1606125 0)
#1607875 1)
#1608125 0$ 0&
#1608875 0)
#1609125 0! 0" 0#
#1609250 1$ 1&
#1609375 0*
#1610375 1*
#1610625 1)
#1610750 0-
#1611000 1! 1" 1#
#1611750 0)
#1612000 0# 0%
#1612250 0*
#1613250 1*
#1613500 1)
#1613750 1# 1%
#1614500 0)
#1615125 0+
#1616125 1+
#1616250 1)
#1617500 0! 0" 0(
#1618250 0)
#1618500 0' 1(
#1618625 1"
#1618750 0*
#1619125 1-
#1619750 1*
#1620000 1)
#1620375 1! 1'
#1621125 0)
#1621625 0+
#1622625 1+
#1622875 1)
#1623125 0$ 0&
#1623875 0)
#1624125 0! 0" 1&
#1624250 1$
#1624375 0*
#1625375 1*
#1625625 1)
#1625750 0-
#1626000 1! 1"
#1626750 0)
#1627000 0# 0$
#1627250 0*
#1628250 1*
#1628500 1)
#1628750 1# 1$
#1629500 0)
#1630000 0+
#1631125 1+
#1631250 1)
#1632500 0! 0" 0(
#1633250 0)
#1633500 1! 0' 1(
#1633625 1"
#1633750 0*
#1634125 1-
#1634750 1*
#1635000 1)
#1635375 1'
#1636125 0)
#1637875 1)
#1638875 0)
#1639375 0+
#1640500 1+
#1640625 1)
#1640750 0-
#1641750 0)
#1642000 0#
#1642250 0*
#1643250 1*
#1643500 1)
#1643750 1#
#1644500 0)
#1645000 0+
#1646125 1+
#1646250 1)
#1649125 1-
#1649375 0$ 0&
#1650125 0)
#1650375 0! 0" 0# 0%
#1650500 1$
#1650625 0*
#1651625 1*
#1652250 1!
#1652500 0*
#1653500 1*
#1654125 0!
#1654250 1"
#1654375 0*
#1655375 1*
#1656000 1!
#1656250 0*
#1657250 1*
#1657875 0! 0" 1% 1&
#1658000 1#
#1658125 0*
#1659125 1*
#1659750 1!
#1660000 0*
#1661000 1*
#1661250 1)
#1661625 1"
#1662375 0)
#1664125 1)
#1664375 0! 0# 0&
#1665125 0)
#1665375 1! 0% 0(
#1665500 1#
#1665625 0*
#1666625 1*
#1667375 1%
#1667500 0*
#1668500 1*
#1668750 1)
#1669000 0$
#1669125 1(
#1669875 0)
#1670125 1$ 1&
#1670375 0*
#1671375 1*
#1671625 1)
#1671875 0! 0" 0# 0&
#1672625 0)
#1672875 1! 0% 0'
#1673000 1#
#1673125 0*
#1674125 1*
#1674875 1%
#1675000 0*
#1676000 1*
#1676250 1)
#1676500 0$
#1676625 1" 1'
#1677375 0)
#1677625 0" 1$ 1&
#1677875 0*
#1678875 1*
#1679125 1)
#1679375 1" 0$ 0&
#1680125 0)
#1680375 0! 0" 0%
#1680500 1$
#1680625 0*
#1681625 1*
#1682250 1!
#1682500 0*
#1683500 1*
#1684125 0!
#1684250 1"
#1684375 0*
#1685375 1*
#1686000 1!
#1686250 0*
#1687250 1*
#1687875 0! 0" 1&
#1688000 1%
#1688125 0*
#1689125 1*
#1690250 1!
#1690500 0*
#1691500 1*
#1691750 1)
#1692125 1"
#1692875 0)
#1694500 1)
#1694875 0! 0# 0&
#1695625 0)
#1695875 1! 1# 0% 1& 0(
#1696125 0*
#1697125 1*
#1697750 1%
#1698000 0*
#1699000 1*
#1699250 1)
#1699500 0$ 0& 1(
#1700375 0)
#1700625 1$ 1&
#1700875 0*
#1701875 1*
#1702000 1)
#1702375 0! 0" 0# 0&
#1703125 0)
#1703375 0% 0'
#1703500 1#
#1703625 0*
#1704625 1*
#1705250 1%
#1705500 0*
#1706500 1*
#1706750 1)
#1707000 0$
#1707125 1! 1" 1'
#1707625 00
#1707875 0)
#1708000 0! 0"
#1708125 1$ 1&
#1708375 0*
#1709375 1*
#1709625 1)
#1709875 1! 1" 0$ 0&
#1710625 0)
#1710875 0! 0" 1&
#1711000 1$
#1711125 0*
#1712125 1*
#1712750 1!
#1713000 0*
#1714000 1*
#1714625 0! 10
#1714750 1"
#1714875 0*
#1716000 1*
#1716500 1!
#1716750 0*
#1717875 1*
#1718375 0! 0"
#1718625 0*
#1719750 1*
#1720375 1!
#1720500 0*
#1721625 1*
#1721750 1)
#1722125 1"
#1722875 0)
#1724625 1)
#1724875 0# 0&
#1725750 0)
#1725875 0%
#1726000 1# 1&
#1726125 0*
#1727250 1*
#1727875 1%
#1728125 0*
#1729125 1*
#1729250 1)
#1729500 0$ 0&
#1730375 0)
#1730625 1$ 1&
#1730875 0*
#1731875 1*
#1732125 1)
#1732375 0! 0" 0# 0&
#1733250 0)
#1733375 0$ 0% 0'
#1733750 0*
#1734750 1*
#1735375 1%
#1735625 0*
#1736625 1*
#1736750 1)
#1737125 1! 1" 1# 1'
#1737875 0)
#1738125 0! 0" 0# 1&
#1738375 0*
#1739375 1*
#1739625 1)
#1739875 1! 1" 0&
#1740000 1#
#1740750 0)
#1740875 0! 0"
#1741000 1$ 1&
#1741250 0*
#1742250 1*
#1742875 1!
#1743125 0*
#1744125 1*
#1744625 0!
#1744750 1"
#1745000 0*
#1746000 1*
#1746625 1!
#1746875 0*
#1747875 1*
#1748375 0! 0"
#1748750 0*
#1749750 1*
#1750375 1!
#1750625 0*
#1751625 1*
#1751875 1)
#1752125 1"
#1752875 0)
#1754625 1)
#1754875 0# 0&
#1755750 0)
#1756000 1# 0% 1&
#1756250 0*
#1757250 1*
#1757875 1%
#1758125 0*
#1759125 1*
#1759375 1)
#1759625 0$ 0&
#1760375 0)
#1760750 1$ 1&
#1760875 0*
#1761875 1*
#1762125 1)
#1762375 0! 0" 0# 0&
#1763250 0)
#1763500 0$ 0% 0'
#1763750 0*
#1764750 1*
#1765375 1%
#1765625 0*
#1766625 1*
#1766875 1)
#1767125 1! 1" 1'
#1767250 1#
#1768000 0)
#1768125 0! 0" 0#
#1768250 1&
#1768375 0*
#1769500 1*
#1769625 1)
#1783125 00
#1785000 1! 1" 1# 1$
#1785750 0)
#1787500 1)
#1789500 0)
#1790125 10
#1791250 1)
#1793250 0)
#1793750 0+
#1794875 1+
#1795000 1)
#1796125 0)
#1797875 1)
#1798125 0$ 0&
#1798875 0)
#1799125 0! 0" 0# 0% 0'
#1799375 0*
#1800375 1*
#1800625 1)
#1801000 1! 1" 1# 1$ 1% 1& 1'
#1801750 0)
#1802250 0+
#1803250 1+
#1803500 1)
#1804500 0)
#1805125 0+
#1806125 1+
#1806250 1)
#1807500 0! 0" 0(
#1808250 0)
#1808500 0# 0$ 0% 0& 1(
#1808750 0*
#1809875 1*
#1810000 1)
#1810375 1! 1" 1# 1$ 1% 1&
#1811125 0)
#1812875 1)
#1813125 0$ 0&
#1814000 0)
#1814125 0! 0" 0% 0'
#1814500 0*
#1815500 1*
#1815625 1)
#1815750 0-
#1816000 1! 1" 1$ 1% 1& 1'
#1816750 0)
#1817000 0! 0" 0$ 0%
#1817250 0*
#1818250 1*
#1818500 1)
#1818750 1! 1"
#1818875 1$ 1%
#1819625 0)
#1820125 0+
#1821125 1+
#1821250 1)
#1822500 0! 0" 0(
#1823375 0)
#1823500 0# 0$ 0% 0&
#1823625 1! 1(
#1823875 0*
#1824125 1-
#1824875 1*
#1825000 1)
#1825375 1" 1# 1$ 1% 1&
#1826125 0)
#1827875 1)
#1828125 0$ 0&
#1829000 0)
#1829125 0! 0" 0# 0%
#1829250 1$ 0'
#1829500 0*
#1830500 1*
#1830625 1)
#1830750 0-
#1831000 1! 1" 1# 1% 1& 1'
#1831750 0)
#1832000 0! 0" 0%
#1832250 0*
#1833250 1*
#1833500 1)
#1833750 1!
#1833875 1" 1%
#1834625 0)
#1835125 0+
#1836125 1+
#1836250 1)
#1837500 0! 0" 0(
#1838375 0)
#1838500 0# 0% 0&
#1838625 1" 0$ 1(
#1838875 0*
#1839125 1-
#1839875 1*
#1840125 1)
#1840250 0(
#1840375 0" 0'
#1841125 0)
#1841500 1! 1" 1# 1$ 1% 1&
#1841625 0*
#1842625 1*
#1842875 1)
#1843125 0$ 0& 1(
#1843250 1'
#1844000 0)
#1844125 0! 0"
#1844250 1$ 0% 0'
#1844500 0*
#1845500 1*
#1845750 1)
#1845875 0-
#1846000 1! 1" 1% 1& 1'
#1846750 0)
#1847000 0! 0" 0$
#1847250 0*
#1848250 1*
#1848500 1)
#1848875 1! 1" 1$
#1849625 0)
#1850125 0+
#1851125 1+
#1851375 1)
#1852500 0! 0" 0(
#1853375 0)
#1853625 1! 1" 0# 0$ 0% 0& 1(
#1853875 0*
#1854125 1-
#1854875 1*
#1855125 1)
#1855375 1# 1$ 1% 1&
#1856125 0)
#1857875 1)
#1858125 0$ 0&
#1859000 0)
#1859250 0! 0" 0# 0'
#1859500 0*
#1860500 1*
#1860750 1)
#1860875 0-
#1861000 1! 1" 1# 1$ 1& 1'
#1861875 0)
#1862000 0! 0"
#1862250 0*
#1863375 1*
#1863500 1)
#1863875 1! 1"
#1864625 0)
#1865125 0+
#1866125 1+
#1866375 1)
#1867500 0! 0" 0(
#1868375 0)
#1868625 0$ 0% 0& 1(
#1868875 0*
#1869250 1-
#1869875 1*
#1870125 1)
#1870375 1! 1" 1$ 1% 1&
#1871250 0)
#1872875 1)
#1873125 0$ 0&
#1874000 0)
#1874250 0! 0" 0'
#1874500 0*
#1875500 1*
#1875750 1)
#1875875 0-
#1876000 1! 1" 1& 1'
#1876125 1$
#1876875 0)
#1877000 0! 0" 0$ 0%
#1877250 0*
#1878375 1*
#1878500 1)
#1878875 1! 1" 1$ 1%
#1879625 0)
#1880125 0+
#1881125 1+
#1881375 1)
#1882500 0! 0" 0(
#1883375 0)
#1883625 1! 0$ 0% 0& 1(
#1883875 0*
#1884250 1-
#1884875 1*
#1885125 1)
#1885375 1% 1&
#1885500 1" 1$
#1886250 0)
#1887875 1)
#1888125 0$ 0&
#1889000 0)
#1889250 0! 0" 0# 1$ 0'
#1889500 0*
#1890500 1*
#1890750 1)
#1890875 0-
#1891000 1! 1& 1'
#1891125 1" 1#
#1891875 0)
#1892000 0! 0" 0%
#1892250 0*
#1893375 1*
#1893500 1)
#1893875 1! 1" 1%
#1894625 0)
#1895125 0+
#1896125 1+
#1896375 1)
#1897500 0! 0" 0(
#1898375 0)
#1898625 1" 0$ 0% 0& 1(
#1898875 0*
#1899250 1-
#1899875 1*
#1900125 1)
#1900375 1! 0" 0# 0' 0(
#1901250 0)
#1901500 1" 1# 1$ 1% 1&
#1901750 0+
#1902750 1+
#1902875 1)
#1903125 0$ 0&
#1903250 1' 1(
#1904000 0)
#1904250 0! 0" 1$ 0'
#1904500 0*
#1905500 1*
#1905750 1)
#1905875 0-
#1906000 1! 1" 1& 1'
#1906875 0)
#1907000 0! 0" 0$
#1907250 0*
#1908375 1*
#1908500 1)
#1908875 1! 1" 1$
#1909625 0)
#1910125 0+
#1911125 1+
#1911375 1)
#1912500 0! 0" 0(
#1913375 0)
#1913625 1! 1" 0$ 0% 0& 1(
#1913875 0*
#1914250 1-
#1914875 1*
#1915125 1)
#1915375 1$ 1% 1&
#1916125 0)
#1917875 1)
#1918125 0$ 0&
#1919000 0)
#1919250 0! 0" 0# 0% 1& 0'
#1919500 0*
#1920500 1*
#1920750 1)
#1920875 0-
#1921000 1! 1" 1# 1$ 1% 1'
#1921750 0)
#1922000 0! 0"
#1922250 0*
#1923250 1*
#1923500 1)
#1923875 1! 1"
#1924625 0)
#1925125 0+
#1926125 1+
#1926375 1)
#1927500 0! 0" 0(
#1928375 0)
#1928625 0# 0% 0& 1(
#1928875 0*
#1929125 1-
#1929875 1*
#1930125 1)
#1930375 1! 1" 1# 1% 1&
#1931125 0)
#1932875 1)
#1933125 0$ 0&
#1934000 0)
#1934125 0!
#1934250 0" 0% 1& 0'
#1934500 0*
#1935500 1*
#1935750 1)
#1935875 0-
#1936000 1! 1" 1$ 1% 1'
#1936750 0)
#1937000 0! 0" 0$ 0%
#1937250 0*
#1938250 1*
#1938500 1)
#1938875 1! 1" 1$ 1%
#1939625 0)
#1940125 0+
#1941125 1+
#1941375 1)
#1942500 0! 0" 0(
#1943375 0)
#1943500 0%
#1943625 1! 0# 0& 1(
#1943875 0*
#1944125 1-
#1944875 1*
#1945000 1)
#1945375 1" 1# 1% 1&
#1946125 0)
#1947875 1)
#1948125 0$ 0&
#1949000 0)
#1949125 0! 0" 0#
#1949250 1$ 0% 1& 0'
#1949500 0*
#1950500 1*
#1950625 1)
#1950750 0-
#1951000 1! 1" 1# 1% 1'
#1951750 0)
#1952000 0! 0" 0%
#1952250 0*
#1953250 1*
#1953500 1)
#1953750 1!
#1953875 1" 1%
#1954625 0)
#1955125 0+
#1956125 1+
#1956250 1)
#1957500 0! 0" 0(
#1958375 0)
#1958500 0# 0% 0&
#1958625 1" 1(
#1958875 0*
#1959125 1-
#1959875 1*
#1960000 1)
#1960250 0$ 0' 0(
#1961125 0)
#1961375 1! 1# 1$ 1% 1&
#1961625 0*
#1962625 1*
#1962875 1)
#1963125 0$ 0& 1' 1(
#1964000 0)
#1964125 0! 0" 0% 0'
#1964250 1$ 1&
#1964500 0*
#1965500 1*
#1965625 1)
#1965750 0-
#1966000 1! 1" 1% 1'
#1966750 0)
#1967000 0! 0" 0$
#1967250 0*
#1968250 1*
#1968500 1)
#1968750 1! 1" 1$
#1969625 0)
#1970125 0+
#1971125 1+
#1971250 1)
#1972500 0! 0" 0(
#1973375 0)
#1973500 0# 0% 0&
#1973625 1! 1" 1(
#1973750 0*
#1974125 1-
#1974875 1*
#1975000 1)
#1975375 1# 1% 1&
#1976125 0)
#1977875 1)
#1978125 0$ 0&
#1979000 0)
#1979125 0! 0" 0# 0'
#1979250 1&
#1979375 0*
#1980500 1*
#1980625 1)
#1980750 0-
#1981000 1! 1" 1# 1$ 1'
#1981750 0)
#1982000 0! 0"
#1982250 0*
#1983250 1*
#1983500 1)
#1983750 1! 1"
#1984500 0)
#1985125 0+
#1986125 1+
#1986250 1)
#1987500 0! 0" 0(
#1988250 0)
#1988500 0% 0& 1(
#1988750 0*
#1989125 1-
#1989875 1*
#1990000 1)
#1990375 1! 1" 1% 1&
#1991125 0)
#1992875 1)
#1993125 0$ 0&
#1993875 0)
#1994125 0! 0" 1& 0'
#1994375 0*
#1995375 1*
#1995625 1)
#1995750 0-
#1996000 1! 1" 1$ 1'
#1996750 0)
#1996875 0!
#1997000 0" 0$ 0%
#1997250 0*
#1998250 1*
#1998500 1)
#1998750 1! 1" 1$ 1%
#1999500 0)
#2000125 0+
#2001125 1+
#2001250 1)
#2002500 0! 0" 0(
#2003250 0)
#2003500 1! 0% 0& 1(
#2003750 0*
#2004125 1-
#2004750 1*
#2005000 1)
#2005375 1" 1% 1&
#2006125 0)
#2007875 1)
#2008125 0$ 0&
#2008875 0)
#2009125 0! 0" 0# 1$ 1& 0'
#2009375 0*
#2010375 1*
#2010625 1)
#2010750 0-
#2011000 1! 1" 1# 1'
#2011750 0)
#2011875 0! 0"
#2012000 0%
#2012250 0*
#2013250 1*
#2013375 1)
#2013750 1! 1" 1%
#2014500 0)
#2015000 0+
#2016000 1+
#2016250 1)
#2017375 0! 0"
#2017500 0(
#2018250 0)
#2018500 1" 0% 0& 1(
#2018750 0*
#2019125 1-
#2019750 1*
#2020000 1)
#2020250 1! 0# 0$ 0' 0(
#2021125 0)
#2021375 1# 1$ 1% 1&
#2021625 0+
#2022625 1+
#2022750 1)
#2023000 0$ 0&
#2023125 1' 1(
#2023875 0)
#2024125 0! 0" 1$ 1& 0'
#2024375 0*
#2025375 1*
#2025625 1)
#2025750 0-
#2025875 1!
#2026000 1" 1'
#2026750 0)
#2026875 0! 0" 0$
#2027250 0*
#2028250 1*
#2028375 1)
#2028750 1! 1" 1$
#2029500 0)
#2030000 0+
#2031000 1+
#2031250 1)
#2032375 0! 0" 0(
#2033250 0)
#2033500 1! 1" 0% 0& 1(
#2033750 0*
#2034125 1-
#2034750 1*
#2035000 1)
#2035250 1&
#2035375 1%
#2036125 0)
#2037750 1)
#2038000 0$ 0&
#2038875 0)
#2039125 0! 0" 0# 0%
#2039375 0*
#2040375 1*
#2040625 1)
#2040750 0-
#2040875 1!
#2041000 1" 1# 1$ 1% 1&
#2041750 0)
#2041875 0! 0"
#2042250 0*
#2043250 1*
#2043375 1)
#2043750 1! 1"
#2044500 0)
#2045000 0+
#2046000 1+
#2046250 1)
#2047375 0! 0" 0(
#2048250 0)
#2048500 0# 0$ 0& 1(
#2048750 0*
#2049125 1-
#2049750 1*
#2050000 1)
#2050250 1! 1# 1&
#2050375 1" 1$
#2051125 0)
#2052750 1)
#2053000 0$ 0&
#2053875 0)
#2054125 0! 0" 0%
#2054375 0*
#2055375 1*
#2055625 1)
#2055750 0-
#2055875 1! 1" 1% 1&
#2056000 1$
#2056750 0)
#2056875 0! 0" 0$ 0%
#2057125 0*
#2058250 1*
#2058375 1)
#2058750 1! 1" 1$ 1%
#2059500 0)
#2060000 0+
#2061000 1+
#2061250 1)
#2062375 0! 0" 0(
#2063250 0)
#2063500 1! 0# 0$ 0& 1(
#2063750 0*
#2064125 1-
#2064750 1*
#2065000 1)
#2065250 1# 1$ 1&
#2065375 1"
#2066125 0)
#2067750 1)
#2068000 0$ 0&
#2068875 0)
#2069125 0! 0" 0# 1$ 0%
#2069375 0*
#2070375 1*
#2070625 1)
#2070750 0-
#2070875 1! 1" 1# 1&
#2071000 1%
#2071750 0)
#2071875 0! 0" 0%
#2072125 0*
#2073250 1*
#2073375 1)
#2073750 1! 1" 1%
#2074500 0)
#2075000 0+
#2076000 1+
#2076250 1)
#2077375 0! 0" 0(
#2078250 0)
#2078500 1" 0# 0$ 0& 1(
#2078750 0*
#2079125 1-
#2079750 1*
#2080000 1)
#2080250 0" 1# 0% 0' 0(
#2081000 0)
#2081375 1! 1" 1$ 1% 1&
#2081500 0*
#2082625 1*
#2082750 1)
#2083000 0$ 0&
#2083125 1' 1(
#2083875 0)
#2084125 0! 0" 1$ 0%
#2084375 0*
#2085375 1*
#2085625 1)
#2085750 0-
#2085875 1! 1" 1% 1&
#2086750 0)
#2086875 0! 0" 0$
#2087125 0*
#2088250 1*
#2088375 1)
#2088750 1! 1" 1$
#2089500 0)
#2090000 0+
#2090500 0/
#2091000 1+
#2091250 1)
#2092375 0! 0" 0(
#2093250 0)
#2093500 1! 1" 0# 0$ 0& 1(
#2093750 0*
#2094125 1-
#2094750 1*
#2095000 1)
#2095250 1# 1$ 1&
#2096125 0)
#2097500 1/
#2097750 1)
#2098000 0$ 0&
#2098875 0)
#2099125 0! 0" 0#
#2099375 0*
#2100375 1*
#2100625 1)
#2100750 0-
#2100875 1! 1" 1# 1&
#2101000 1$
#2101750 0)
#2101875 0! 0"
#2102125 0*
#2103250 1*
#2103375 1)
#2103750 1! 1"
#2104500 0)
#2105000 0+
#2106000 1+
#2106250 1)
#2107375 0! 0" 0(
#2108250 0)
#2108500 0$ 0& 1(
#2108750 0*
#2109125 1-
#2109750 1*
#2110000 1)
#2110250 1! 1" 1&
#2110375 1$
#2111125 0)
#2112750 1)
#2113000 0$ 0&
#2113875 0)
#2114125 0! 0"
#2114375 0*
#2115375 1*
#2115625 1)
#2115750 0-
#2115875 1!
#2116000 1" 1$ 1&
#2116750 0)
#2116875 0! 0" 0$ 0%
#2117250 0*
#2118250 1*
#2118375 1)
#2118750 1! 1" 1$ 1%
#2119500 0)
#2120000 0+
#2121000 1+
#2121250 1)
#2122375 0! 0" 0(
#2123250 0)
#2123500 1! 0$ 0& 1(
#2123750 0*
#2124125 1-
#2124750 1*
#2125000 1)
#2125375 1" 1$ 1&
#2126125 0)
#2127750 1)
#2128000 0$ 0&
#2128875 0)
#2129125 0! 0" 0# 1$
#2129375 0*
#2130375 1*
#2130625 1)
#2130750 0-
#2130875 1!
#2131000 1" 1# 1&
#2131750 0)
#2131875 0! 0"
#2132000 0%
#2132250 0*
#2133250 1*
#2133375 1)
#2133750 1! 1" 1%
#2134500 0)
#2135000 0+
#2136000 1+
#2136250 1)
#2137375 0! 0"
#2137500 0(
#2138250 0)
#2138500 1" 0$ 0& 1(
#2138750 0*
#2139125 1-
#2139750 1*
#2140000 1)
#2140250 1! 0" 0% 0' 0(
#2141125 0)
#2141375 1" 1$ 1% 1&
#2141625 0+
#2142625 1+
#2142750 1)
#2143000 0$ 0&
#2143125 1' 1(
#2143875 0)
#2144125 0! 0" 1$
#2144375 0*
#2145375 1*
#2145625 1)
#2145750 0-
#2146000 1! 1" 1&
#2146750 0)
#2146875 0! 0"
#2147000 0$
#2147250 0*
#2148250 1*
#2148375 1)
#2148750 1! 1" 1$
#2149500 0)
#2150000 0+
#2151000 1+
#2151250 1)
#2152375 0!
#2152500 0" 0(
#2153250 0)
#2153500 1! 1" 0$ 0& 1(
#2153750 0*
#2154125 1-
#2154750 1* 0/
#2155000 1)
#2155375 1$ 1&
#2156125 0)
#2157875 1)
#2158125 0$ 0&
#2158875 0)
#2159125 0! 0" 0# 0% 1&
#2159375 0*
#2160375 1*
#2160625 1)
#2160750 0-
#2161000 1! 1" 1# 1$ 1%
#2161750 0) 1/
#2161875 0!
#2162000 0"
#2162250 0*
#2163250 1*
#2163500 1)
#2163750 1! 1"
#2164500 0)
#2165125 0+
#2166125 1+
#2166250 1)
#2167500 0! 0" 0(
#2168250 0)
#2168500 0# 0& 1(
#2168750 0*
#2169125 1-
#2169875 1*
#2170000 1)
#2170375 1! 1" 1# 1&
#2171125 0)
#2172875 1)
#2173125 0$ 0&
#2174000 0)
#2174125 0! 0" 0%
#2174250 1&
#2174375 0*
#2175500 1*
#2175625 1)
#2175750 0-
#2176000 1! 1" 1$ 1%
#2176750 0)
#2177000 0! 0" 0$ 0%
#2177250 0*
#2178250 1*
#2178500 1)
#2178750 1! 1" 1$ 1%
#2179625 0)
#2180125 0+
#2181125 1+
#2181250 1)
#2182500 0! 0" 0(
#2183375 0)
#2183500 0# 0&
#2183625 1! 1(
#2183875 0*
#2184125 1-
#2184875 1*
#2185000 1)
#2185375 1" 1# 1&
#2186125 0)
#2187875 1)
#2188125 0$ 0&
#2189000 0)
#2189125 0! 0" 0# 0%
#2189250 1$ 1&
#2189500 0*
#2190500 1*
#2190625 1)
#2190750 0-
#2191000 1! 1" 1# 1%
#2191750 0)
#2192000 0! 0" 0%
#2192250 0*
#2193250 1*
#2193500 1)
#2193750 1!
#2193875 1" 1%
#2194625 0)
#2195125 0+
#2196125 1+
#2196250 1)
#2197500 0! 0" 0(
#2198375 0)
#2198500 0# 0&
#2198625 1" 1(
#2198875 0*
#2199125 1-
#2199875 1*
#2200125 1)
#2200250 0(
#2200375 1# 0$ 0% 0'
#2201125 0)
#2201500 1! 1$ 1% 1&
#2201625 0*
#2202625 1*
#2202875 1)
#2203125 0$ 0& 1(
#2203250 1'
#2204000 0)
#2204125 0!
#2204250 0" 1$ 0% 1&
#2204500 0*
#2205500 1*
#2205750 1)
#2205875 0-
#2206000 1! 1" 1%
#2206750 0)
#2207000 0! 0" 0$
#2207250 0*
#2208250 1*
#2208500 1)
#2208875 1! 1" 1$
#2209625 0)
#2210125 0+
#2211125 1+
#2211375 1)
#2212500 0! 0" 0(
#2213375 0)
#2213625 1! 1" 0# 0& 1(
#2213875 0*
#2214250 1-
#2214875 1*
#2215125 1)
#2215375 1# 1&
#2216125 0)
#2217875 1)
#2218125 0$ 0&
#2219000 0) 0/
#2219250 0! 0" 0# 1&
#2219500 0*
#2220500 1*
#2220750 1)
#2220875 0-
#2221000 1! 1" 1#
#2221125 1$
#2221875 0)
#2222000 0! 0"
#2222375 0*
#2223375 1*
#2223500 1)
#2223875 1! 1"
#2224625 0)
#2225125 0+
#2226000 1/
#2226125 1+
#2226375 1)
#2227500 0! 0" 0(
#2228375 0)
#2228625 0& 1(
#2228875 0*
#2229250 1-
#2229875 1*
#2230125 1)
#2230375 1!
#2230500 1" 1&
#2231250 0)
#2232875 1)
#2233125 0&
#2233250 0$
#2234000 0)
#2234250 0! 0" 1&
#2234500 0*
#2235500 1*
#2235750 1)
#2235875 0-
#2236000 1!
#2236125 1" 1$
#2236875 0)
#2237000 0! 0" 0$
#2237125 0%
#2237375 0*
#2238375 1*
#2238500 1)
#2238875 1! 1" 1$ 1%
#2239625 0)
#2240125 0+
#2241125 1+
#2241375 1)
#2242500 0!
#2242625 0" 0(
#2243375 0)
#2243625 1! 0& 1(
#2243875 0*
#2244250 1-
#2244875 1*
#2245125 1)
#2245500 1" 1&
#2246250 0)
#2248000 1)
#2248250 0$ 0&
#2249000 0)
#2249250 0! 0" 0# 1&
#2249375 1$
#2249500 0*
#2250500 1*
#2250750 1)
#2250875 0-
#2251125 1! 1" 1#
#2251875 0)
#2252000 0!
#2252125 0" 0%
#2252375 0*
#2253375 1*
#2253625 1)
#2253875 1! 1" 1%
#2254625 0)
#2255250 0+
#2256250 1+
#2256375 1)
#2257625 0! 0" 0(
#2258375 0)
#2258625 0& 1(
#2258750 1"
#2258875 0*
#2259250 1-
#2260000 1*
#2260125 1)
#2260375 0$ 0% 0' 0(
#2260500 1!
#2261250 0)
#2261500 1$ 1% 1&
#2261750 0+
#2262750 1+
#2263000 1)
#2263250 0$ 0& 1' 1(
#2264125 0)
#2264250 0! 0"
#2264375 1$ 1&
#2264500 0*
#2265625 1*
#2265750 1)
#2265875 0-
#2266125 1! 1"
#2266875 0)
#2267125 0! 0" 0$
#2267375 0*
#2268375 1*
#2268625 1)
#2268875 1! 1" 1$
#2269750 0)
#2270250 0+
#2271250 1+
#2271375 1)
#2272625 0! 0" 0(
#2273500 0)
#2273625 0&
#2273750 1! 1" 1(
#2274000 0*
#2274250 1-
#2275000 1*
#2275125 1)
#2275500 1&
#2276250 0)
#2278000 1)
#2279125 0)
#2279625 0+
#2280625 1+
#2280750 1)
#2280875 0-
#2281875 0)
#2282125 0! 0"
#2282375 0*
#2283375 1* 0/
#2283625 1)
#2283875 1! 1"
#2284750 0)
#2285250 0+
#2286250 1+
#2286375 1)
#2289250 1-
#2289500 0$ 0&
#2290375 0) 1/
#2290500 0! 0" 0#
#2290875 0*
#2291875 1*
#2292500 1!
#2292750 0*
#2293750 1*
#2294250 0!
#2294375 1"
#2294625 0*
#2295625 1*
#2296250 1!
#2296500 0*
#2297500 1*
#2298000 0! 0"
#2298125 1# 1$ 1&
#2298375 0*
#2299375 1*
#2300000 1!
#2300250 0*
#2301250 1*
#2301375 1)
#2301750 1"
#2302500 0)
#2304250 1)
#2304500 0! 0# 0&
#2305375 0)
#2305500 0" 0$ 0%
#2305625 0'
#2305875 0*
#2306875 1*
#2307500 1%
#2307750 0*
#2308750 1*
#2308875 1)
#2309250 1! 1" 1# 1'
#2310000 0)
#2310250 0! 0" 0# 1&
#2310500 0*
#2311500 1*
#2311750 1)
#2312000 0&
#2312125 1$
#2312875 0)
#2313000 0'
#2313125 1# 0%
#2313375 0*
#2314375 1*
#2315000 1%
#2315250 0*
#2316250 1*
#2316375 1)
#2316750 1! 1" 0$ 1'
#2317500 0)
#2317750 0! 0" 1$ 1&
#2318000 0*
#2319000 1*
#2319250 1)
#2319500 1! 0$ 0&
#2319625 1"
#2320375 0)
#2320500 0! 0"
#2320875 0*
#2321875 1*
#2322500 1!
#2322750 0*
#2323750 1*
#2324250 0!
#2324375 1"
#2324625 0*
#2325625 1*
#2326250 1!
#2326500 0*
#2327500 1*
#2328000 0! 0"
#2328125 1$ 1&
#2328375 0*
#2329375 1*
#2330500 1!
#2330625 0*
#2331750 1*
#2331875 1)
#2332250 1"
#2333000 0)
#2334750 1)
#2335000 0! 0# 0&
#2335875 0)
#2336000 0" 0$ 0% 0'
#2336125 1&
#2336250 0*
#2337375 1*
#2338000 1%
#2338125 0*
#2339250 1*
#2339375 1)
#2339625 0&
#2339750 1! 1" 1# 1'
#2340500 0)
#2340750 0! 0" 0# 1&
#2341000 0*
#2342000 1*
#2342250 1)
#2342500 1$ 0&
#2343375 0)
#2343500 0% 0'
#2343625 1! 1"
#2343750 0*
#2344875 1*
#2345500 1%
#2345625 0*
#2346750 1*
#2346875 1)
#2347125 0$
#2347250 1# 1'
#2347625 0/
#2348000 0)
#2348250 0# 1$ 1&
#2348500 0*
#2349500 1*
#2349750 1)
#2350000 1# 0$ 0&
#2350750 0)
#2351000 0! 0" 0#
#2351125 1$
#2351250 0*
#2352375 1*
#2353000 1!
#2353125 0*
#2354250 1*
#2354625 1/
#2354750 0!
#2354875 1"
#2355000 0*
#2356125 1*
#2356625 1!
#2356875 0*
#2358000 1*
#2358500 0! 0"
#2358625 1# 1&
#2358750 0*
#2359875 1*
#2360500 1!
#2360625 0*
#2361750 1*
#2361875 1)
#2362250 1"
#2363000 0)
#2364750 1)
#2365000 0! 0# 0&
#2365750 0)
#2366000 0" 0$ 0%
#2366250 0*
#2367250 1*
#2368000 1%
#2368125 0*
#2369125 1*
#2369375 1)
#2369750 1! 1" 1#
#2370500 0)
#2370625 0!
#2370750 0" 0# 1&
#2371000 0*
#2372000 1*
#2372250 1)
#2372500 1$ 0&
#2373250 0)
#2373500 0% 0'
#2373625 1"
#2373750 0*
#2374750 1*
#2375500 1%
#2375625 0*
#2376625 1*
#2376875 1)
#2377125 0$
#2377250 1! 1# 1'
#2378000 0)
#2378125 0! 0#
#2378250 1$ 1&
#2378500 0*
#2379500 1*
#2379750 1)
#2380000 1! 1# 0$ 0&
#2380750 0)
#2381000 0! 0" 1$
#2381250 0*
#2382250 1*
#2382875 1!
#2383125 0*
#2384125 1*
#2384750 0! 1"
#2385000 0*
#2386000 1*
#2386625 1!
#2386875 0*
#2387875 1*
#2388500 0! 0" 1&
#2388750 0*
#2389750 1*
#2390375 1!
#2390625 0*
#2391625 1*
#2391875 1)
#2392250 1"
#2393000 0)
#2394625 1)
#2395000 0! 0# 0&
#2395750 0)
#2396000 0" 0$ 0% 1&
#2396250 0*
#2397250 1*
#2397875 1%
#2398125 0*
#2399125 1*
#2399375 1)
#2399625 1! 0&
#2399750 1" 1#
#2400500 0)
#2400625 0! 0" 0#
#2400750 1&
#2401000 0*
#2402000 1*
#2402125 1)
#2402375 0&
#2402500 1$
#2403250 0)
#2403500 1! 0% 0'
#2403750 0*
#2404750 1*
#2405375 1%
#2405625 0*
#2406625 1*
#2406875 1)
#2407125 1" 0$ 1'
#2407250 1#
#2408000 0)
#2408125 0" 0#
#2408250 1$ 1&
#2408500 0*
#2409500 1*
#2409625 1)
#2411875 0/
#2418875 1/
#2425000 1" 1#
#2425750 0)
#2427500 1)
#2429500 0)
#2431250 1)
#2433250 0)
#2433750 0+
#2434750 1+
#2435000 1)
#2436000 0)
#2437750 1)
#2438000 0$ 0&
#2438875 0)
#2439000 0!
#2439125 0" 0# 0% 0'
#2439375 0*
#2440375 1*
#2440500 1)
#2440875 1! 1" 1# 1$ 1% 1& 1'
#2441625 0)
#2442125 0+
#2443125 1+
#2443375 1)
#2444500 0)
#2445000 0+
#2446000 1+
#2446125 1)
#2447375 0! 0" 0(
#2448250 0)
#2448375 0# 0$ 0% 0&
#2448500 1(
#2448750 0*
#2449750 1*
#2449875 1)
#2450250 1! 1" 1# 1$ 1% 1&
#2451000 0)
#2452750 1)
#2453000 0$ 0&
#2453875 0)
#2454000 0! 0" 0% 0'
#2454375 0*
#2455375 1*
#2455500 1)
#2455625 0-
#2455875 1! 1" 1$ 1% 1& 1'
#2456625 0)
#2456875 0! 0" 0$ 0%
#2457125 0*
#2458125 1*
#2458375 1)
#2458625 1! 1"
#2458750 1$ 1%
#2459500 0)
#2460000 0+
#2461000 1+
#2461125 1)
#2462375 0! 0" 0(
#2463250 0)
#2463375 0# 0$ 0% 0&
#2463500 1! 1(
#2463750 0*
#2464000 1-
#2464750 1*
#2464875 1)
#2465250 1" 1# 1$ 1% 1&
#2466000 0)
#2467750 1)
#2468000 0$ 0&
#2468875 0)
#2469000 0! 0" 0# 0% 0'
#2469125 1$
#2469250 0*
#2470375 1*
#2470500 1)
#2470625 0-
#2470875 1! 1" 1# 1% 1& 1'
#2471625 0)
#2471875 0! 0" 0%
#2472125 0*
#2473125 1*
#2473375 1)
#2473625 1! 1" 1%
#2474500 0)
#2475000 0+
#2476000 1+
#2476125 1) 0/
#2477375 0! 0" 0(
#2478125 0)
#2478375 0# 0$ 0% 0& 1(
#2478500 1"
#2478625 0*
#2479000 1-
#2479750 1*
#2479875 1)
#2480125 0" 0' 0(
#2480250 1$
#2481000 0)
#2481250 1! 1" 1# 1% 1&
#2481500 0*
#2482500 1*
#2482750 1)
#2483000 0$ 0& 1' 1(
#2483250 1/
#2483750 0)
#2484000 0! 0" 0% 0'
#2484125 1$
#2484250 0*
#2485375 1*
#2485500 1)
#2485625 0-
#2485875 1! 1" 1% 1& 1'
#2486625 0)
#2486875 0! 0" 0$
#2487125 0*
#2488125 1*
#2488375 1)
#2488625 1! 1" 1$
#2489375 0)
#2490000 0+
#2491000 1+
#2491125 1)
#2492375 0! 0" 0(
#2493125 0)
#2493375 1! 0# 0$ 0% 0& 1(
#2493500 1"
#2493625 0*
#2494000 1-
#2494625 1*
#2494875 1)
#2495250 1# 1$ 1% 1&
#2496000 0)
#2497750 1)
#2498000 0$ 0&
#2498750 0)
#2499000 0! 0" 0# 0'
#2499250 0*
#2500250 1*
#2500500 1)
#2500625 0-
#2500875 1! 1" 1# 1$ 1& 1'
#2501625 0)
#2501750 0!
#2501875 0"
#2502125 0*
#2503125 1*
#2503375 1)
#2503625 1! 1"
#2504375 0)
#2505000 0+
#2506000 1+
#2506125 1)
#2507375 0! 0" 0(
#2508125 0)
#2508375 0$ 0% 0& 1(
#2508625 0*
#2509000 1-
#2509625 1*
#2509875 1)
#2510250 1! 1" 1$ 1% 1&
#2511000 0)
#2512750 1)
#2513000 0$ 0&
#2513750 0)
#2514000 0! 0" 0'
#2514250 0*
#2515250 1*
#2515500 1)
#2515625 0-
#2515875 1! 1" 1$ 1& 1'
#2516625 0)
#2516750 0!
#2516875 0" 0$ 0%
#2517125 0*
#2518125 1*
#2518375 1)
#2518625 1! 1" 1$ 1%
#2519375 0)
#2520000 0+
#2521000 1+
#2521125 1)
#2522375 0! 0" 0(
#2523125 0)
#2523375 1! 0$ 0% 0& 1(
#2523625 0*
#2524000 1-
#2524625 1*
#2524875 1)
#2525250 1" 1$ 1% 1&
#2526000 0)
#2527750 1)
#2528000 0$ 0&
#2528750 0)
#2529000 0! 0" 0# 0'
#2529125 1$
#2529250 0*
#2530250 1*
#2530500 1)
#2530625 0-
#2530875 1! 1" 1# 1& 1'
#2531625 0)
#2531750 0!
#2531875 0" 0%
#2532125 0*
#2533125 1*
#2533375 1)
#2533625 1! 1" 1%
#2534375 0)
#2535000 0+
#2536000 1+
#2536125 1)
#2537375 0! 0" 0(
#2538125 0)
#2538375 0$ 0% 0& 1(
#2538500 1"
#2538625 0*
#2539000 1-
#2539625 1*
#2539875 1)
#2540125 0" 0# 0' 0(
#2540250 1! 1$
#2540500 0/
#2541000 0)
#2541250 1" 1# 1% 1&
#2541500 0+
#2542500 1+
#2542750 1)
#2543000 0$ 0& 1' 1(
#2543750 0)
#2544000 0! 0" 0'
#2544125 1$
#2544250 0*
#2545250 1*
#2545500 1)
#2545625 0-
#2545875 1! 1" 1& 1'
#2546625 0)
#2546875 0! 0" 0$
#2547125 0*
#2547500 1/
#2548125 1*
#2548375 1)
#2548625 1! 1" 1$
#2549375 0)
#2550000 0+
#2551000 1+
#2551125 1)
#2552375 0! 0" 0(
#2553125 0)
#2553375 0$ 0% 0& 1(
#2553500 1! 1"
#2553625 0*
#2554000 1-
#2554750 1*
#2554875 1)
#2555250 1$ 1% 1&
#2556000 0)
#2557750 1)
#2558000 0$ 0&
#2558875 0)
#2559000 0! 0" 0# 0% 0'
#2559125 1&
#2559250 0*
#2560375 1*
#2560500 1)
#2560625 0-
#2560875 1! 1" 1# 1$ 1% 1'
#2561625 0)
#2561875 0! 0"
#2562125 0*
#2563125 1*
#2563375 1)
#2563625 1! 1"
#2564500 0)
#2565000 0+
#2566000 1+
#2566125 1)
#2567375 0! 0" 0(
#2568250 0)
#2568375 0# 0% 0&
#2568500 1(
#2568750 0*
#2569000 1-
#2569750 1*
#2569875 1)
#2570250 1! 1" 1# 1% 1&
#2571000 0)
#2572750 1)
#2573000 0$ 0&
#2573875 0)
#2574000 0! 0" 0% 0'
#2574125 1&
#2574375 0*
#2575375 1*
#2575500 1)
#2575625 0-
#2575875 1! 1" 1$ 1% 1'
#2576625 0)
#2576875 0! 0" 0$ 0%
#2577125 0*
#2578125 1*
#2578375 1)
#2578625 1!
#2578750 1" 1$ 1%
#2579500 0)
#2580000 0+
#2581000 1+
#2581125 1)
#2582375 0! 0" 0(
#2583250 0)
#2583375 0%
#2583500 1! 0# 0& 1(
#2583750 0*
#2584000 1-
#2584750 1*
#2584875 1)
#2585250 1" 1# 1% 1&
#2586000 0)
#2587750 1)
#2588000 0$ 0&
#2588875 0)
#2589125 0! 0" 0# 1$ 0% 1& 0'
#2589375 0*
#2590375 1*
#2590625 1) 0-
#2590875 1! 1" 1# 1% 1'
#2591625 0)
#2591875 0! 0" 0%
#2592125 0*
#2593125 1*
#2593375 1)
#2593750 1! 1" 1%
#2594500 0)
#2595000 0+
#2596000 1+
#2596250 1)
#2597375 0! 0" 0(
#2598250 0)
#2598500 1" 0# 0% 0& 1(
#2598750 0*
#2599000 1-
#2599750 1*
#2600000 1)
#2600250 0' 0(
#2601000 0)
#2601375 1! 1# 1% 1&
#2601500 0*
#2602625 1*
#2602750 1)
#2603000 0$ 0&
#2603125 1' 1(
#2603875 0)
#2604125 0! 0" 1$ 0% 1& 0'
#2604375 0*
#2604750 0/
#2605375 1*
#2605625 1)
#2605750 0-
#2605875 1! 1" 1% 1'
#2606750 0)
#2606875 0! 0" 0$
#2607125 0*
#2608250 1*
#2608375 1)
#2608750 1! 1" 1$
#2609500 0)
#2610000 0+
#2611000 1+
#2611250 1)
#2611750 1/
#2612375 0! 0" 0(
#2613250 0)
#2613500 1! 1" 0# 0% 0& 1(
#2613750 0*
#2614125 1-
#2614750 1*
#2615000 1)
#2615375 1# 1% 1&
#2616125 0)
#2617750 1)
#2618000 0&
#2618125 0$
#2618875 0)
#2619125 0! 0" 0# 1& 0'
#2619375 0*
#2620375 1*
#2620625 1)
#2620750 0-
#2621000 1! 1" 1# 1$ 1'
#2621750 0)
#2621875 0! 0"
#2622250 0*
#2623250 1*
#2623375 1)
#2623750 1! 1"
#2624500 0)
#2625000 0+
#2626000 1+
#2626250 1)
#2627375 0!
#2627500 0" 0(
#2628250 0)
#2628500 0% 0& 1(
#2628750 0*
#2629125 1-
#2629750 1*
#2630000 1)
#2630375 1! 1" 1% 1&
#2631125 0)
#2632875 1)
#2633125 0$ 0&
#2633875 0)
#2634125 0! 0" 1& 0'
#2634375 0*
#2635375 1*
#2635625 1)
#2635750 0-
#2636000 1! 1" 1$ 1'
#2636750 0)
#2637000 0! 0" 0$ 0%
#2637250 0*
#2638250 1*
#2638500 1)
#2638750 1! 1" 1$ 1%
#2639500 0)
#2640125 0+
#2641125 1+
#2641250 1)
#2642500 0! 0" 0(
#2643250 0)
#2643500 0% 0& 1(
#2643625 1!
#2643750 0*
#2644125 1-
#2644875 1*
#2645000 1)
#2645375 1" 1% 1&
#2646125 0)
#2647875 1)
#2648125 0$ 0&
#2649000 0)
#2649125 0! 0" 0# 0'
#2649250 1$ 1&
#2649375 0*
#2650500 1*
#2650625 1)
#2650750 0-
#2651000 1! 1" 1# 1'
#2651750 0)
#2652000 0! 0" 0%
#2652250 0*
#2653250 1*
#2653500 1)
#2653750 1! 1"
#2653875 1%
#2654625 0)
#2655125 0+
#2656125 1+
#2656250 1)
#2657500 0! 0" 0(
#2658375 0)
#2658500 0% 0&
#2658625 1" 1(
#2658875 0*
#2659125 1-
#2659875 1*
#2660000 1)
#2660250 0# 0' 0(
#2660375 1!
#2661125 0)
#2661375 1# 1% 1&
#2661625 0+
#2662625 1+
#2662875 1)
#2663125 0$ 0& 1' 1(
#2664000 0)
#2664125 0! 0" 0'
#2664250 1$ 1&
#2664500 0*
#2665500 1*
#2665625 1)
#2665750 0-
#2666000 1! 1" 1'
#2666750 0)
#2667000 0! 0" 0$
#2667250 0*
#2668250 1*
#2668500 1)
#2668750 1!
#2668875 1" 1$
#2669000 0/
#2669625 0)
#2670125 0+
#2671125 1+
#2671375 1)
#2672500 0! 0" 0(
#2673375 0)
#2673625 1! 1" 0% 0& 1(
#2673875 0*
#2674125 1-
#2674875 1*
#2675125 1)
#2675375 1% 1&
#2676000 1/
#2676125 0)
#2677875 1)
#2678125 0$ 0&
#2679000 0)
#2679250 0! 0" 0# 0%
#2679500 0*
#2680500 1*
#2680750 1)
#2680875 0-
#2681000 1! 1" 1# 1$ 1% 1&
#2681875 0)
#2682000 0! 0"
#2682250 0*
#2683375 1*
#2683500 1)
#2683875 1! 1"
#2684625 0)
#2685125 0+
#2686125 1+
#2686375 1)
#2687500 0! 0" 0(
#2688375 0)
#2688625 0# 0$ 0& 1(
#2688875 0*
#2689250 1-
#2689875 1*
#2690125 1)
#2690375 1! 1# 1&
#2690500 1" 1$
#2691250 0)
#2692875 1)
#2693125 0$ 0&
#2694000 0)
#2694250 0! 0" 0%
#2694500 0*
#2695500 1*
#2695750 1)
#2695875 0-
#2696000 1!
#2696125 1" 1$ 1% 1&
#2696875 0)
#2697000 0! 0" 0$ 0%
#2697375 0*
#2698375 1*
#2698500 1)
#2698875 1! 1" 1$ 1%
#2699625 0)
#2700125 0+
#2701125 1+
#2701375 1)
#2702500 0! 0"
#2702625 0(
#2703375 0)
#2703625 1! 0# 0$ 0& 1(
#2703875 0*
#2704250 1-
#2704875 1*
#2705125 1)
#2705500 1" 1# 1$ 1&
#2706250 0)
#2707875 1)
#2708125 0&
#2708250 0$
#2709000 0)
#2709250 0! 0" 0# 1$ 0%
#2709500 0*
#2710500 1*
#2710750 1)
#2710875 0-
#2711125 1! 1" 1# 1% 1&
#2711875 0)
#2712000 0! 0" 0%
#2712375 0*
#2713375 1*
#2713500 1)
#2713875 1! 1" 1%
#2714625 0)
#2715125 0+
#2716125 1+
#2716375 1)
#2717500 0!
#2717625 0" 0(
#2718375 0)
#2718625 1" 0# 0$ 0& 1(
#2718875 0*
#2719250 1-
#2719875 1*
#2720125 1)
#2720375 0" 0% 0' 0(
#2720500 1# 1$
#2721250 0)
#2721500 1! 1" 1% 1&
#2721750 0*
#2722750 1*
#2723000 1)
#2723125 0&
#2723250 0$ 1' 1(
#2724000 0)
#2724250 0! 0" 1$ 0%
#2724500 0*
#2725500 1*
#2725750 1)
#2725875 0-
#2726125 1! 1" 1% 1&
#2726875 0)
#2727000 0! 0"
#2727125 0$
#2727375 0*
#2728375 1*
#2728625 1)
#2728875 1! 1" 1$
#2729625 0)
#2730125 0+
#2731250 1+
#2731375 1)
#2732625 0! 0" 0(
#2733375 0) 0/
#2733625 1! 1" 0# 0$ 0& 1(
#2733875 0*
#2734250 1-
#2734875 1*
#2735125 1)
#2735500 1# 1$ 1&
#2736250 0)
#2738000 1)
#2738250 0$ 0&
#2739000 0)
#2739250 0! 0" 0#
#2739500 0*
#2740375 1/
#2740500 1*
#2740750 1)
#2740875 0-
#2741125 1! 1" 1# 1$ 1&
#2741875 0)
#2742000 0! 0"
#2742375 0*
#2743375 1*
#2743625 1)
#2743875 1! 1"
#2744625 0)
#2745250 0+
#2746250 1+
#2746375 1)
#2747625 0! 0" 0(
#2748375 0)
#2748625 0$ 0& 1(
#2748875 0*
#2749250 1-
#2749875 1*
#2750125 1)
#2750500 1! 1" 1$ 1&
#2751250 0)
#2753000 1)
#2753250 0$ 0&
#2754000 0)
#2754250 0! 0"
#2754500 0*
#2755500 1*
#2755750 1)
#2755875 0-
#2756125 1! 1" 1$ 1&
#2756875 0)
#2757000 0!
#2757125 0" 0$ 0%
#2757375 0*
#2758375 1*
#2758625 1)
#2758875 1! 1" 1$ 1%
#2759625 0)
#2760250 0+
#2761250 1+
#2761375 1)
#2762625 0! 0" 0(
#2763375 0)
#2763625 1! 0$ 0& 1(
#2763875 0*
#2764250 1-
#2764875 1*
#2765125 1)
#2765500 1" 1$ 1&
#2766250 0)
#2768000 1)
#2768250 0$ 0&
#2769000 0)
#2769250 0! 0" 0#
#2769375 1$
#2769500 0*
#2770500 1*
#2770750 1)
#2770875 0-
#2771125 1! 1" 1# 1&
#2771875 0)
#2772000 0! 0"
#2772125 0%
#2772375 0*
#2773375 1*
#2773500 1)
#2773875 1! 1" 1%
#2774625 0)
#2775125 0+
#2776125 1+
#2776375 1)
#2777500 0!
#2777625 0" 0(
#2778375 0)
#2778625 1" 0$ 0& 1(
#2778875 0*
#2779250 1-
#2779875 1*
#2780125 1)
#2780375 1! 0" 0% 0' 0(
#2780500 1$
#2781250 0)
#2781500 1" 1% 1&
#2781750 0+
#2782750 1+
#2782875 1)
#2783125 0&
#2783250 0$ 1' 1(
#2784000 0)
#2784250 0! 0" 1$
#2784500 0*
#2785500 1*
#2785750 1)
#2785875 0-
#2786125 1! 1" 1&
#2786875 0)
#2787000 0! 0"
#2787125 0$
#2787375 0*
#2788375 1*
#2788500 1)
#2788875 1! 1" 1$
#2789625 0)
#2790125 0+
#2791125 1+
#2791375 1)
#2792500 0! 0"
#2792625 0(
#2793375 0)
#2793625 1! 1" 0$ 0& 1(
#2793875 0*
#2794250 1-
#2794875 1*
#2795125 1)
#2795500 1$ 1&
#2796250 0)
#2797625 0/
#2797875 1)
#2798125 0$ 0&
#2799000 0)
#2799250 0! 0" 0# 0% 1&
#2799500 0*
#2800500 1*
#2800750 1)
#2800875 0-
#2801000 1!
#2801125 1" 1# 1$ 1%
#2801875 0)
#2802000 0! 0"
#2802375 0*
#2803375 1*
#2803500 1)
#2803875 1! 1"
#2804625 0) 1/
#2805125 0+
#2806125 1+
#2806375 1)
#2807500 0! 0" 0(
#2808375 0)
#2808625 0# 0& 1(
#2808875 0*
#2809250 1-
#2809875 1*
#2810125 1)
#2810375 1! 1" 1# 1&
#2811250 0)
#2812875 1)
#2813125 0$ 0&
#2814000 0)
#2814250 0! 0" 0% 1&
#2814500 0*
#2815500 1*
#2815750 1)
#2815875 0-
#2816000 1! 1" 1%
#2816125 1$
#2816875 0)
#2817000 0! 0" 0$ 0%
#2817250 0*
#2818375 1*
#2818500 1)
#2818875 1! 1" 1$ 1%
#2819625 0)
#2820125 0+
#2821125 1+
#2821375 1)
#2822500 0! 0" 0(
#2823375 0)
#2823625 1! 0# 0& 1(
#2823875 0*
#2824125 1-
#2824875 1*
#2825125 1)
#2825375 1" 1# 1&
#2826125 0)
#2827875 1)
#2828125 0$ 0&
#2829000 0)
#2829250 0! 0" 0# 1$ 0% 1&
#2829500 0*
#2830500 1*
#2830750 1)
#2830875 0-
#2831000 1! 1" 1# 1%
#2831750 0)
#2832000 0! 0" 0%
#2832250 0*
#2833250 1*
#2833500 1)
#2833875 1! 1" 1%
#2834625 0)
#2835125 0+
#2836125 1+
#2836375 1)
#2837500 0! 0" 0(
#2838375 0)
#2838500 0#
#2838625 1" 0& 1(
#2838875 0*
#2839125 1-
#2839875 1*
#2840000 1)
#2840250 0% 0(
#2840375 1# 0'
#2841125 0)
#2841375 1! 1%
#2841500 1&
#2841625 0*
#2842625 1*
#2842875 1)
#2843125 0$ 0& 1' 1(
#2844000 0)
#2844125 0! 0" 0%
#2844250 1$ 1&
#2844500 0*
#2845500 1*
#2845625 1)
#2845750 0-
#2846000 1! 1" 1%
#2846750 0)
#2847000 0! 0" 0$
#2847250 0*
#2848250 1*
#2848500 1)
#2848750 1!
#2848875 1" 1$
#2849625 0)
#2850125 0+
#2851125 1+
#2851250 1)
#2852500 0! 0" 0(
#2853375 0)
#2853500 0# 0&
#2853625 1! 1" 1(
#2853875 0*
#2854125 1-
#2854875 1*
#2855000 1)
#2855375 1# 1&
#2856125 0)
#2857875 1)
#2858125 0$ 0&
#2859000 0)
#2859125 0! 0" 0#
#2859250 1&
#2859500 0*
#2860500 1*
#2860625 1)
#2860750 0-
#2861000 1! 1" 1# 1$
#2861750 0)
#2861875 0/
#2862000 0! 0"
#2862250 0*
#2863250 1*
#2863500 1)
#2863750 1! 1"
#2864625 0)
#2865125 0+
#2866125 1+
#2866250 1)
#2867500 0! 0" 0(
#2868375 0)
#2868500 0&
#2868625 1(
#2868875 0* 1/
#2869125 1-
#2869875 1*
#2870000 1)
#2870375 1! 1" 1&
#2871125 0)
#2872875 1)
#2873125 0$ 0&
#2874000 0)
#2874125 0! 0"
#2874250 1&
#2874375 0*
#2875500 1*
#2875625 1)
#2875750 0-
#2876000 1! 1" 1$
#2876750 0)
#2877000 0! 0" 0$ 0%
#2877250 0*
#2878250 1*
#2878500 1)
#2878750 1! 1" 1$ 1%
#2879500 0)
#2880125 0+
#2881125 1+
#2881250 1)
#2882500 0! 0" 0(
#2883250 0)
#2883500 0& 1(
#2883625 1!
#2883750 0*
#2884125 1-
#2884750 1*
#2885000 1)
#2885375 1" 1&
#2886125 0)
#2887875 1)
#2888125 0$ 0&
#2888875 0)
#2889125 0! 0" 0# 1&
#2889250 1$
#2889375 0*
#2890375 1*
#2890625 1)
#2890750 0-
#2891000 1! 1" 1#
#2891750 0)
#2891875 0!
#2892000 0" 0%
#2892250 0*
#2893250 1*
#2893500 1)
#2893750 1! 1" 1%
#2894500 0)
#2895125 0+
#2896125 1+
#2896250 1)
#2897500 0! 0" 0(
#2898250 0)
#2898500 0& 1(
#2898625 1"
#2898750 0*
#2899125 1-
#2899750 1*
#2900000 1)
#2900250 1! 0% 0' 0(
#2901125 0)
#2901375 1% 1&
#2901625 0+
#2902625 1+
#2902875 1)
#2903000 0&
#2903125 0$ 1' 1(
#2903875 0)
#2904125 0! 0" 1$ 1&
#2904375 0*
#2905375 1*
#2905625 1)
#2905750 0-
#2906000 1! 1"
#2906750 0)
#2906875 0! 0"
#2907000 0$
#2907250 0*
#2908250 1*
#2908375 1)
#2908750 1! 1" 1$
#2909500 0)
#2910000 0+
#2911000 1+
#2911250 1)
#2912375 0!
#2912500 0" 0(
#2913250 0)
#2913500 1! 1" 0& 1(
#2913750 0*
#2914125 1-
#2914750 1*
#2915000 1)
#2915375 1&
#2916125 0)
#2917750 1)
#2918875 0)
#2919375 0+
#2920375 1+
#2920625 1)
#2920750 0-
#2921750 0)
#2921875 0! 0"
#2922250 0*
#2923250 1*
#2923375 1)
#2923750 1! 1"
#2924500 0)
#2925000 0+
#2926000 1+
#2926125 0/
#2926250 1)
#2929125 1-
#2929250 0&
#2929375 0$
#2930125 0)
#2930375 0! 0" 0#
#2930625 0*
#2931625 1*
#2932250 1!
#2932500 0*
#2933125 1/
#2933500 1*
#2934125 0! 1"
#2934375 0*
#2935375 1*
#2936000 1!
#2936250 0*
#2937250 1*
#2937875 0! 0" 1# 1$ 1&
#2938125 0*
#2939125 1*
#2939750 1!
#2940000 0*
#2941000 1*
#2941250 1)
#2941625 1"
#2942375 0)
#2944000 1)
#2944250 0!
#2944375 0# 0&
#2945125 0)
#2945375 1! 0" 0$ 0% 0'
#2945625 0*
#2946625 1*
#2947250 1%
#2947500 0*
#2948500 1*
#2948750 1)
#2949125 1" 1# 1'
#2949875 0)
#2950000 0" 0#
#2950125 1&
#2950375 0*
#2951375 1*
#2951500 1)
#2951750 0! 0&
#2951875 1$
#2952625 0)
#2952875 1! 1# 0% 0'
#2953125 0*
#2954125 1*
#2954750 1%
#2955000 0*
#2956000 1*
#2956250 1)
#2956500 0$
#2956625 1" 1'
#2957375 0)
#2957500 0"
#2957625 1$ 1&
#2957875 0*
#2958875 1*
#2959000 1)
#2959250 0$ 0&
#2959375 1"
#2960125 0)
#2960375 0! 0"
#2960625 0*
#2961625 1*
#2962250 1!
#2962500 0*
#2963500 1*
#2964125 0! 1"
#2964375 0*
#2965375 1*
#2966000 1!
#2966250 0*
#2967250 1*
#2967875 0! 0" 1$ 1&
#2968125 0*
#2969125 1*
#2970250 1!
#2970500 0*
#2971500 1*
#2971750 1)
#2972000 1"
#2972875 0)
#2974500 1)
#2974750 0! 0# 0&
#2975625 0)
#2975875 1! 0" 0$ 0% 1& 0'
#2976125 0*
#2977125 1*
#2977750 1%
#2978000 0*
#2979000 1*
#2979250 1)
#2979500 1" 0& 1'
#2979625 1#
#2980375 0)
#2980500 0" 0#
#2980625 1&
#2980875 0*
#2981875 1*
#2982000 1)
#2982250 0! 0&
#2982375 1$
#2983125 0)
#2983375 1# 0% 0'
#2983625 0*
#2984625 1*
#2985250 1%
#2985500 0*
#2986500 1*
#2986750 1)
#2987000 1! 0$ 1'
#2987125 1"
#2987875 0)
#2988000 0! 0"
#2988125 1$ 1&
#2988375 0*
#2989375 1*
#2989500 1)
#2989750 0$ 0&
#2989875 1! 1"
#2990500 0/
#2990625 0)
#2990875 0! 0" 0# 1$
#2991125 0*
#2992125 1*
#2992750 1!
#2993000 0*
#2994000 1*
#2994625 0! 1"
#2994875 0*
#2995875 1*
#2996500 1!
#2996750 0*
#2997500 1/
#2997750 1*
#2998375 0! 0" 1# 1&
#2998625 0*
#2999625 1*
#3000250 1!
#3000500 0*
#3001500 1*
#3001750 1)
#3002125 1"
#3002875 0)
#3004500 1)
#3004875 0! 0# 0&
#3005625 0)
#3005875 1! 0" 0$ 0%
#3006125 0*
#3007125 1*
#3007750 1%
#3008000 0*
#3009000 1*
#3009250 1)
#3009625 1" 1#
#3010375 0)
#3010500 0" 0#
#3010625 1&
#3010875 0*
#3011875 1*
#3012125 1)
#3012250 0!
#3012375 1$ 0&
#3013125 0)
#3013375 1! 0% 0'
#3013500 1"
#3013625 0*
#3014625 1*
#3015375 1%
#3015500 0*
#3016500 1*
#3016750 1)
#3017000 0$
#3017125 1# 1'
#3017875 0)
#3018000 0#
#3018125 1$ 1&
#3018375 0*
#3019375 1*
#3019625 1)
#3019875 1# 0$ 0&
#3020625 0)
#3020875 0! 0"
#3021000 1$
#3021125 0*
#3022125 1*
#3022750 1!
#3023000 0*
#3024125 1*
#3024625 0!
#3024750 1"
#3024875 0*
#3025875 1*
#3026500 1!
#3026750 0*
#3027875 1*
#3028375 0! 0"
#3028500 1&
#3028625 0*
#3029750 1*
#3030375 1!
#3030500 0*
#3031625 1*
#3031750 1)
#3032125 1"
#3032875 0)
#3034625 1)
#3034875 0! 0# 0&
#3035750 0)
#3035875 0" 0$ 0%
#3036000 1! 1&
#3036125 0*
#3037250 1*
#3037875 1%
#3038125 0*
#3039125 1*
#3039250 1)
#3039500 0&
#3039625 1" 1#
#3040375 0)
#3040625 0" 0# 1&
#3040875 0*
#3041875 1*
#3042125 1)
#3042375 0! 0&
#3042500 1$
#3043250 0)
#3043375 0% 0'
#3043500 1"
#3043750 0*
#3044750 1*
#3045375 1%
#3045625 0*
#3046625 1*
#3046750 1)
#3047000 0$
#3047125 1! 1# 1'
#3047875 0)
#3048125 0! 0# 1$ 1&
#3048375 0*
#3049375 1*
#3049625 1)
#3065000 1! 1#
#3065750 0)
#3067500 1)
#3069500 0)
#3071250 1)
#3073250 0)
#3073750 0+
#3074750 1+
#3075000 1)
#3076125 0)
#3077750 1)
#3078000 0$ 0&
#3078875 0)
#3079125 0! 0" 0# 0% 0'
#3079375 0*
#3080375 1*
#3080625 1)
#3081000 1! 1" 1# 1$ 1% 1& 1'
#3081750 0)
#3082250 0+
#3083250 1+
#3083375 1)
#3084500 0)
#3085000 0+
#3086000 1+
#3086250 1)
#3087375 0! 0"
#3087500 0(
#3088250 0)
#3088500 0# 0$ 0% 0& 1(
#3088750 0*
#3089750 1*
#3090000 1)
#3090375 1! 1" 1# 1$ 1% 1&
#3091125 0)
#3092750 1)
#3093000 0&
#3093125 0$
#3093875 0)
#3094125 0! 0" 0% 0'
#3094375 0*
#3095375 1*
#3095625 1)
#3095750 0-
#3096000 1! 1" 1$ 1% 1& 1'
#3096750 0)
#3096875 0! 0"
#3097000 0$ 0%
#3097250 0*
#3098250 1*
#3098500 1)
#3098750 1! 1" 1$ 1%
#3099500 0)
#3100000 0+
#3101125 1+
#3101250 1)
#3102500 0! 0" 0(
#3103250 0)
#3103500 1! 0# 0$ 0% 0& 1(
#3103750 0*
#3104125 1-
#3104750 1*
#3105000 1)
#3105375 1" 1# 1$ 1% 1&
#3106125 0)
#3107875 1)
#3108125 0$ 0&
#3108875 0)
#3109125 0! 0" 0# 0% 0'
#3109250 1$
#3109375 0*
#3110375 1*
#3110625 1)
#3110750 0-
#3111000 1! 1" 1# 1% 1& 1'
#3111750 0)
#3112000 0! 0" 0%
#3112250 0*
#3113250 1*
#3113500 1)
#3113750 1! 1" 1%
#3114625 0)
#3115125 0+
#3116125 1+
#3116250 1)
#3117500 0! 0" 0(
#3118250 0)
#3118500 0# 0$ 0% 0& 1(
#3118625 1"
#3118750 0*
#3119125 1-
#3119875 1*
#3120000 1)
#3120250 0" 0' 0(
#3120375 1%
#3121125 0)
#3121375 1! 1" 1# 1$ 1&
#3121625 0*
#3122625 1*
#3122875 1)
#3123125 0$ 0& 1' 1(
#3124000 0)
#3124125 0! 0" 0% 0'
#3124250 1$
#3124375 0*
#3125500 1*
#3125625 1)
#3125750 0-
#3126000 1! 1" 1% 1& 1'
#3126750 0)
#3127000 0! 0" 0$
#3127250 0*
#3128250 1*
#3128500 1)
#3128750 1! 1"
#3128875 1$
#3129625 0)
#3130125 0+
#3130250 00
#3131125 1+
#3131250 1)
#3132500 0! 0" 0(
#3133375 0)
#3133500 0# 0$ 0% 0&
#3133625 1! 1" 1(
#3133875 0*
#3134125 1-
#3134875 1*
#3135000 1)
#3135375 1# 1$ 1% 1&
#3136125 0)
#3137250 10
#3137875 1)
#3138125 0$ 0&
#3139000 0)
#3139125 0! 0" 0#
#3139250 0'
#3139500 0*
#3140500 1*
#3140625 1)
#3140750 0-
#3141000 1! 1" 1# 1$ 1& 1'
#3141750 0)
#3142000 0! 0"
#3142250 0*
#3143250 1*
#3143500 1)
#3143750 1!
#3143875 1"
#3144625 0)
#3145125 0+
#3146125 1+
#3146250 1)
#3147500 0! 0" 0(
#3148375 0)
#3148500 0$ 0&
#3148625 0% 1(
#3148875 0*
#3149125 1-
#3149875 1*
#3150000 1)
#3150375 1! 1" 1$ 1% 1&
#3151125 0)
#3152875 1)
#3153125 0$ 0&
#3154000 0)
#3154125 0! 0"
#3154250 0'
#3154500 0*
#3155500 1*
#3155750 1) 0-
#3156000 1! 1" 1$ 1& 1'
#3156750 0)
#3157000 0! 0" 0$ 0%
#3157250 0*
#3158250 1*
#3158500 1)
#3158875 1! 1" 1$ 1%
#3159625 0)
#3160125 0+
#3161125 1+
#3161375 1)
#3162500 0! 0" 0(
#3163375 0)
#3163500 0%
#3163625 1! 0$ 0& 1(
#3163875 0*
#3164125 1-
#3164875 1*
#3165125 1)
#3165375 1" 1$ 1% 1&
#3166125 0)
#3167875 1)
#3168125 0$ 0&
#3169000 0)
#3169250 0! 0" 0# 1$ 0'
#3169500 0*
#3170500 1*
#3170750 1)
#3170875 0-
#3171000 1! 1" 1# 1& 1'
#3171750 0)
#3172000 0! 0" 0%
#3172250 0*
#3173250 1*
#3173500 1)
#3173875 1! 1" 1%
#3174625 0)
#3175125 0+
#3176125 1+
#3176375 1)
#3177500 0! 0" 0(
#3178375 0)
#3178625 1" 0$ 0% 0& 1(
#3178875 0*
#3179125 1-
#3179875 1*
#3180125 1)
#3180375 1! 0" 0# 1% 0' 0(
#3181125 0)
#3181500 1" 1# 1$ 1&
#3181750 0+
#3182750 1+
#3182875 1)
#3183125 0$ 0&
#3183250 1' 1(
#3184000 0)
#3184125 0!
#3184250 0" 1$ 0'
#3184500 0*
#3185500 1*
#3185750 1)
#3185875 0-
#3186000 1! 1" 1& 1'
#3186750 0)
#3187000 0! 0" 0$
#3187250 0*
#3188250 1*
#3188500 1)
#3188875 1! 1" 1$
#3189625 0)
#3190125 0+
#3191125 1+
#3191375 1)
#3192500 0! 0" 0(
#3193375 0)
#3193625 1! 1" 0$ 0% 0& 1(
#3193875 0*
#3194125 1-
#3194875 1*
#3195125 1)
#3195375 1$ 1% 1&
#3196125 0)
#3197875 1)
#3198125 0$ 0&
#3199000 0)
#3199250 0! 0" 0# 0% 1& 0'
#3199500 0*
#3200500 1*
#3200750 1)
#3200875 0-
#3201000 1! 1" 1# 1$ 1% 1'
#3201750 0)
#3202000 0! 0"
#3202250 0*
#3203250 1*
#3203500 1)
#3203875 1! 1"
#3204625 0)
#3205125 0+
#3206125 1+
#3206375 1)
#3207500 0! 0" 0(
#3208375 0)
#3208625 0# 0% 0& 1(
#3208875 0*
#3209125 1-
#3209875 1*
#3210125 1)
#3210375 1! 1" 1# 1% 1&
#3211125 0)
#3212875 1)
#3213125 0$ 0&
#3214000 0)
#3214125 0! 0"
#3214250 0% 1& 0'
#3214500 0*
#3215500 1*
#3215750 1) 0-
#3216000 1! 1" 1$ 1% 1'
#3216750 0)
#3217000 0! 0" 0$ 0%
#3217250 0*
#3218250 1*
#3218500 1)
#3218875 1! 1" 1$ 1%
#3219625 0)
#3220125 0+
#3221125 1+
#3221250 1)
#3222500 0! 0" 0(
#3223375 0)
#3223500 0%
#3223625 1! 0# 0& 1(
#3223875 0*
#3224125 1-
#3224875 1*
#3225000 1)
#3225375 1" 1# 1% 1&
#3226125 0)
#3227875 1)
#3228125 0$ 0&
#3229000 0)
#3229125 0! 0" 0#
#3229250 1$ 0% 1& 0'
#3229500 0*
#3230500 1*
#3230625 1)
#3230750 0-
#3231000 1! 1" 1# 1% 1'
#3231750 0)
#3232000 0! 0" 0%
#3232250 0*
#3233250 1*
#3233500 1)
#3233750 1!
#3233875 1" 1%
#3234625 0)
#3235125 0+
#3236125 1+
#3236250 1)
#3237500 0! 0" 0(
#3238375 0)
#3238500 0# 0% 0&
#3238625 1" 1(
#3238875 0*
#3239125 1-
#3239875 1*
#3240000 1)
#3240250 0$ 0' 0(
#3240375 1%
#3241125 0)
#3241375 1! 1# 1$ 1&
#3241625 0*
#3242625 1*
#3242875 1)
#3243125 0$ 0& 1' 1(
#3244000 0)
#3244125 0! 0" 0% 0'
#3244250 1$ 1&
#3244500 0*
#3245500 1*
#3245625 1)
#3245750 0-
#3246000 1! 1" 1% 1'
#3246750 0)
#3247000 0! 0" 0$
#3247250 0*
#3248250 1*
#3248500 1)
#3248750 1! 1" 1$
#3249625 0)
#3250125 0+
#3251125 1+
#3251250 1)
#3252500 0! 0" 0(
#3253375 0)
#3253500 0# 0% 0&
#3253625 1! 1" 1(
#3253750 0*
#3254125 1-
#3254875 1*
#3255000 1)
#3255375 1# 1% 1&
#3256125 0)
#3257875 1)
#3258125 0$ 0&
#3259000 0)
#3259125 0! 0" 0# 0'
#3259250 1&
#3259375 0*
#3260500 1*
#3260625 1)
#3260750 0-
#3261000 1! 1" 1# 1$ 1'
#3261750 0)
#3262000 0! 0"
#3262250 0*
#3263250 1*
#3263500 1)
#3263750 1! 1"
#3264500 0)
#3265125 0+
#3266125 1+
#3266250 1)
#3267500 0! 0" 0(
#3268250 0)
#3268500 0% 0& 1(
#3268750 0*
#3269125 1-
#3269750 1*
#3270000 1)
#3270375 1! 1" 1% 1&
#3271125 0)
#3272875 1)
#3273125 0$ 0&
#3273875 0)
#3274125 0! 0" 1& 0'
#3274375 0*
#3275375 1*
#3275625 1)
#3275750 0-
#3276000 1! 1" 1$ 1'
#3276750 0)
#3276875 0!
#3277000 0" 0$ 0%
#3277250 0*
#3278250 1*
#3278500 1)
#3278750 1! 1" 1$ 1%
#3279500 0)
#3280125 0+
#3281125 1+
#3281250 1)
#3282375 0!
#3282500 0" 0(
#3283250 0)
#3283500 1! 0% 0& 1(
#3283750 0*
#3284125 1-
#3284750 1*
#3285000 1)
#3285375 1" 1% 1&
#3286125 0)
#3287750 1)
#3288125 0$ 0&
#3288875 0)
#3289125 0! 0" 0# 1$ 1& 0'
#3289375 0*
#3290375 1*
#3290625 1)
#3290750 0-
#3291000 1! 1" 1# 1'
#3291750 0)
#3291875 0! 0"
#3292000 0%
#3292250 0*
#3293250 1*
#3293375 1)
#3293750 1! 1" 1%
#3294500 0)
#3295000 0+
#3296000 1+
#3296250 1)
#3297375 0! 0"
#3297500 0(
#3298250 0)
#3298500 1" 0% 0& 1(
#3298750 0*
#3299125 1-
#3299750 1*
#3300000 1)
#3300250 1! 0# 0$ 0' 0(
#3300375 1%
#3300750 0/
#3301125 0)
#3301375 1# 1$ 1&
#3301625 0+
#3302625 1+
#3302750 1)
#3303000 0$ 0&
#3303125 1' 1(
#3303875 0)
#3304125 0! 0" 1$ 1& 0'
#3304375 0*
#3305375 1*
#3305625 1)
#3305750 0-
#3305875 1!
#3306000 1" 1'
#3306750 0)
#3306875 0! 0" 0$
#3307250 0*
#3307750 1/
#3308250 1*
#3308375 1)
#3308750 1! 1" 1$
#3309500 0)
#3310000 0+
#3311000 1+
#3311250 1)
#3312375 0! 0" 0(
#3313250 0)
#3313500 1! 1" 0% 0& 1(
#3313750 0*
#3314125 1-
#3314750 1*
#3315000 1)
#3315250 1% 1&
#3316125 0)
#3317750 1)
#3318000 0$ 0&
#3318875 0)
#3319125 0! 0" 0# 0%
#3319375 0*
#3320375 1*
#3320625 1)
#3320750 0-
#3320875 1!
#3321000 1" 1# 1$ 1% 1&
#3321750 0)
#3321875 0! 0"
#3322250 0*
#3323250 1*
#3323375 1)
#3323750 1! 1"
#3324500 0)
#3325000 0+
#3326000 1+
#3326250 1)
#3327375 0! 0" 0(
#3328250 0)
#3328500 0# 0$ 0& 1(
#3328750 0*
#3329125 1-
#3329750 1*
#3330000 1)
#3330250 1! 1" 1# 1$ 1&
#3331125 0)
#3332750 1)
#3333000 0$ 0&
#3333875 0)
#3334000 0!
#3334125 0" 0%
#3334375 0*
#3335375 1*
#3335625 1)
#3335750 0-
#3335875 1! 1" 1$ 1% 1&
#3336625 0)
#3336875 0! 0" 0$ 0%
#3337125 0*
#3338125 1*
#3338375 1)
#3338750 1! 1" 1$ 1%
#3339500 0)
#3340000 0+
#3341000 1+
#3341250 1)
#3342375 0! 0" 0(
#3343250 0)
#3343500 1! 0# 0$ 0& 1(
#3343750 0*
#3344000 1-
#3344750 1*
#3345000 1)
#3345250 1" 1# 1$ 1&
#3346000 0)
#3347750 1)
#3348000 0$ 0&
#3348875 0)
#3349125 0! 0" 0# 1$ 0%
#3349375 0*
#3350375 1*
#3350625 1)
#3350750 0-
#3350875 1! 1" 1# 1% 1&
#3351625 0)
#3351875 0! 0" 0%
#3352125 0*
#3353125 1*
#3353375 1)
#3353750 1! 1" 1%
#3354500 0)
#3355000 0+
#3356000 1+
#3356250 1)
#3356625 0/
#3357375 0! 0" 0(
#3358250 0)
#3358500 1" 0# 0$ 0& 1(
#3358750 0*
#3359000 1-
#3359750 1*
#3360000 1)
#3360125 0(
#3360250 0" 1# 0'
#3361000 0)
#3361375 1! 1" 1$ 1&
#3361500 0*
#3362500 1*
#3362750 1)
#3363000 0$ 0& 1(
#3363125 1'
#3363625 1/
#3363875 0)
#3364000 0! 0"
#3364125 1$ 0%
#3364375 0*
#3365375 1*
#3365625 1)
#3365750 0-
#3365875 1! 1" 1% 1&
#3366625 0)
#3366875 0! 0" 0$
#3367125 0*
#3368125 1*
#3368375 1)
#3368750 1! 1" 1$
#3369500 0)
#3370000 0+
#3371000 1+
#3371250 1)
#3372375 0! 0" 0(
#3373250 0)
#3373500 1! 1" 0# 0$ 0& 1(
#3373750 0*
#3374000 1-
#3374750 1*
#3375000 1)
#3375250 1# 1$ 1&
#3376000 0)
#3377750 1)
#3378000 0$ 0&
#3378875 0)
#3379000 0! 0#
#3379125 0"
#3379375 0*
#3380375 1*
#3380625 1) 0-
#3380875 1! 1" 1# 1$ 1&
#3381625 0)
#3381875 0! 0"
#3382125 0*
#3383125 1*
#3383375 1)
#3383750 1! 1"
#3384500 0)
#3385000 0+
#3386000 1+
#3386250 1)
#3387375 0! 0" 0(
#3388250 0)
#3388375 0&
#3388500 0$ 1(
#3388750 0*
#3389000 1-
#3389750 1*
#3390000 1)
#3390250 1! 1" 1$ 1&
#3391000 0)
#3392750 1)
#3393000 0$ 0&
#3393875 0)
#3394000 0! 0"
#3394375 0*
#3395375 1*
#3395625 1)
#3395750 0-
#3395875 1! 1" 1$ 1&
#3396625 0)
#3396875 0! 0" 0$ 0%
#3397125 0*
#3398125 1*
#3398375 1)
#3398750 1! 1" 1$ 1%
#3399500 0)
#3400000 0+
#3401000 1+
#3401250 1)
#3402375 0! 0" 0(
#3403250 0)
#3403500 1! 0$ 0& 1(
#3403750 0*
#3404000 1-
#3404750 1*
#3405000 1)
#3405250 1" 1$ 1&
#3406000 0)
#3407750 1)
#3408000 0$ 0&
#3408875 0)
#3409125 0! 0" 0# 1$
#3409375 0*
#3410375 1*
#3410625 1)
#3410750 0-
#3410875 1! 1" 1# 1&
#3411625 0)
#3411875 0! 0" 0%
#3412125 0*
#3413125 1*
#3413375 1)
#3413750 1! 1" 1%
#3414500 0)
#3415000 0+
#3416000 1+
#3416250 1)
#3417375 0! 0" 0(
#3418250 0)
#3418500 1" 0$ 0& 1(
#3418750 0*
#3419125 1-
#3419750 1*
#3420000 1)
#3420250 1! 0" 0' 0(
#3421000 0)
#3421375 1" 1$ 1&
#3421625 0+
#3422625 1+
#3422750 1)
#3423000 0$ 0&
#3423125 1' 1(
#3423875 0)
#3424125 0! 0" 1$
#3424375 0*
#3425375 1*
#3425625 1)
#3425750 0-
#3425875 1! 1" 1&
#3426750 0)
#3426875 0! 0" 0$
#3427125 0*
#3428250 1*
#3428375 1)
#3428750 1! 1" 1$
#3429500 0)
#3430000 0+
#3431000 1+
#3431250 1)
#3432375 0! 0" 0(
#3433250 0)
#3433500 1! 1" 0$ 0& 1(
#3433750 0*
#3434125 1-
#3434750 1*
#3435000 1)
#3435250 1&
#3435375 1$
#3436125 0)
#3437750 1)
#3438000 0$ 0&
#3438875 0)
#3439125 0! 0" 0# 0% 1&
#3439375 0*
#3440375 1*
#3440625 1)
#3440750 0-
#3441000 1! 1" 1# 1$ 1%
#3441750 0)
#3441875 0! 0"
#3442250 0*
#3443250 1*
#3443375 1)
#3443750 1! 1"
#3444500 0)
#3445000 0+
#3446000 1+
#3446250 1)
#3447375 0! 0"
#3447500 0(
#3448250 0)
#3448500 0# 0& 1(
#3448750 0*
#3449125 1-
#3449750 1*
#3450000 1)
#3450250 1!
#3450375 1" 1# 1&
#3451125 0)
#3452750 1)
#3453000 0&
#3453125 0$
#3453875 0)
#3454125 0! 0" 0% 1&
#3454375 0*
#3455375 1*
#3455625 1)
#3455750 0-
#3456000 1! 1" 1$ 1%
#3456750 0)
#3456875 0! 0" 0$ 0%
#3457250 0*
#3458250 1*
#3458375 1)
#3458750 1! 1" 1$ 1%
#3459500 0)
#3460000 0+
#3461000 1+
#3461250 1)
#3462375 0!
#3462500 0" 0(
#3463250 0)
#3463500 1! 0# 0& 1(
#3463750 0*
#3464125 1-
#3464750 1*
#3465000 1)
#3465375 1" 1# 1&
#3466125 0)
#3467875 1)
#3468125 0$ 0&
#3468875 0)
#3469125 0! 0" 0# 0% 1&
#3469250 1$
#3469375 0*
#3470375 1*
#3470625 1)
#3470750 0-
#3471000 1! 1" 1# 1%
#3471750 0)
#3471875 0!
#3472000 0" 0%
#3472250 0*
#3473250 1*
#3473500 1)
#3473750 1! 1" 1%
#3474500 0)
#3475125 0+
#3476125 1+
#3476250 1)
#3477500 0! 0" 0(
#3478250 0)
#3478500 0# 0& 1(
#3478625 1"
#3478750 0*
#3479125 1-
#3479875 1*
#3480000 1)
#3480250 0$ 0' 0(
#3480375 1#
#3481125 0)
#3481375 1! 1$ 1&
#3481625 0*
#3482625 1*
#3482875 1)
#3483125 0$ 0& 1' 1(
#3484000 0)
#3484125 0! 0" 0%
#3484250 1$ 1&
#3484375 0*
#3485500 1*
#3485625 1)
#3485750 0-
#3486000 1! 1" 1%
#3486750 0)
#3487000 0! 0" 0$
#3487250 0*
#3488000 0/
#3488250 1*
#3488500 1)
#3488750 1! 1" 1$
#3489625 0)
#3490125 0+
#3491125 1+
#3491250 1)
#3492500 0! 0" 0(
#3493375 0)
#3493500 0# 0&
#3493625 1! 1" 1(
#3493875 0*
#3494125 1-
#3494875 1*
#3495000 1) 1/
#3495375 1# 1&
#3496125 0)
#3497875 1)
#3498125 0$ 0&
#3499000 0)
#3499125 0! 0" 0#
#3499250 1&
#3499500 0*
#3500500 1*
#3500625 1)
#3500750 0-
#3501000 1! 1" 1# 1$
#3501750 0)
#3502000 0! 0"
#3502250 0*
#3503250 1*
#3503500 1)
#3503750 1!
#3503875 1"
#3504625 0)
#3505125 0+
#3506125 1+
#3506250 1)
#3507500 0! 0" 0(
#3508375 0)
#3508500 0&
#3508625 1(
#3508875 0*
#3509125 1-
#3509875 1*
#3510125 1)
#3510375 1! 1" 1&
#3511125 0)
#3512875 1)
#3513125 0$ 0&
#3514000 0)
#3514125 0! 0"
#3514250 1&
#3514500 0*
#3515500 1*
#3515750 1)
#3515875 0-
#3516000 1! 1" 1$
#3516750 0)
#3517000 0! 0" 0$ 0%
#3517250 0*
#3518250 1*
#3518500 1)
#3518875 1! 1" 1$ 1%
#3519625 0)
#3520125 0+
#3521125 1+
#3521375 1)
#3522500 0! 0" 0(
#3523375 0)
#3523625 1! 0& 1(
#3523875 0*
#3524250 1-
#3524875 1*
#3525125 1)
#3525375 1" 1&
#3526250 0)
#3527875 1)
#3528125 0$ 0&
#3529000 0)
#3529250 0! 0" 0# 1$ 1&
#3529500 0*
#3530500 1*
#3530750 1)
#3530875 0-
#3531000 1! 1"
#3531125 1#
#3531875 0)
#3532000 0! 0" 0%
#3532375 0*
#3533375 1*
#3533500 1)
#3533875 1! 1" 1%
#3534625 0)
#3535125 0+
#3536125 1+
#3536375 1)
#3537500 0! 0" 0(
#3538375 0)
#3538625 1" 0& 1(
#3538875 0*
#3539250 1-
#3539875 1*
#3540125 1)
#3540375 1! 0$ 0' 0(
#3541250 0)
#3541500 1$ 1&
#3541750 0+
#3542750 1+
#3542875 1)
#3543125 0$ 0&
#3543250 1' 1(
#3543875 0/
#3544000 0)
#3544250 0! 0" 1$ 1&
#3544500 0*
#3545500 1*
#3545750 1)
#3545875 0-
#3546000 1!
#3546125 1"
#3546875 0)
#3547000 0! 0"
#3547125 0$
#3547375 0*
#3548375 1*
#3548500 1)
#3548875 1! 1" 1$
#3549625 0)
#3550125 0+
#3550875 1/
#3551125 1+
#3551375 1)
#3552500 0!
#3552625 0" 0(
#3553375 0)
#3553625 1! 1" 0& 1(
#3553875 0*
#3554250 1-
#3554875 1*
#3555125 1)
#3555500 1&
#3556250 0)
#3558000 1)
#3559000 0)
#3559500 0+
#3560625 1+
#3560750 1)
#3560875 0-
#3561875 0)
#3562000 0!
#3562125 0"
#3562375 0*
#3563375 1*
#3563625 1)
#3563875 1! 1"
#3564625 0)
#3565250 0+
#3566250 1+
#3566375 1)
#3569250 1-
#3569500 0$ 0&
#3570250 0)
#3570500 0! 0" 0#
#3570750 0*
#3571875 1*
#3572500 1!
#3572625 0*
#3573750 1*
#3574250 0!
#3574375 1"
#3574500 0*
#3575625 1*
#3576250 1!
#3576375 0*
#3577500 1*
#3578000 0! 0"
#3578125 1# 1$ 1&
#3578250 0*
#3579375 1*
#3580000 1!
#3580125 0*
#3581250 1*
#3581375 1)
#3581625 0! 0# 0$ 0% 0& 0(
#3582500 0)
#3582750 0'
#3583000 0+
#3584000 1+
#3584250 1)
#3584500 1' 1(
#3584625 1" 1$ 1%
#3585375 0)
#3585500 0$ 0% 0'
#3585875 0*
#3586875 1*
#3587500 1%
#3587750 0*
#3588750 1*
#3588875 1)
#3589250 1! 1# 1'
#3590000 0)
#3590250 0! 0# 1&
#3590500 0*
#3591500 1*
#3591750 1)
#3592000 0" 0&
#3592125 1$
#3592875 0)
#3593000 0% 0'
#3593125 1" 1#
#3593375 0*
#3594375 1*
#3595000 1%
#3595250 0*
#3596250 1*
#3596375 1)
#3596625 0$
#3596750 1! 1'
#3597500 0)
#3597750 0! 1$ 1&
#3598000 0*
#3599000 1*
#3599250 1)
#3599500 1! 0$ 0&
#3600375 0)
#3600500 0! 0"
#3600875 0*
#3601875 1*
#3602500 1!
#3602750 0*
#3603750 1*
#3604250 0!
#3604375 1"
#3604625 0*
#3605625 1*
#3606250 1!
#3606500 0*
#3607500 1*
#3608000 0! 0"
#3608125 1$ 1&
#3608375 0*
#3609375 1*
#3610375 1!
#3610625 0*
#3611625 1*
#3611875 1)
#3612250 1"
#3613000 0)
#3614750 1)
#3615000 0! 0# 0&
#3615750 0)
#3616000 0$ 0% 0'
#3616125 1&
#3616250 0*
#3617250 1*
#3618000 1%
#3618125 0*
#3619125 1*
#3619375 1)
#3619625 0&
#3619750 1! 1# 1'
#3620500 0)
#3620625 0!
#3620750 0# 1&
#3621000 0*
#3622000 1*
#3622250 1)
#3622500 0" 1$ 0&
#3623250 0)
#3623500 0% 0'
#3623625 1! 1#
#3623750 0*
#3624750 1*
#3625500 1%
#3625625 0*
#3626625 1*
#3626875 1)
#3627125 0$
#3627250 1" 1'
#3628000 0)
#3628250 0" 1$ 1&
#3628500 0*
#3629500 1*
#3629750 1)
#3630000 1" 0$ 0&
#3630750 0)
#3631000 0! 0" 0#
#3631125 1$
#3631250 0*
#3632250 1*
#3632875 1!
#3633125 0*
#3634125 1*
#3634750 0!
#3634875 1"
#3635000 0*
#3636000 1*
#3636125 0/
#3636625 1!
#3636875 0*
#3637875 1*
#3638500 0! 0" 1&
#3638625 1#
#3638750 0*
#3639750 1*
#3640375 1!
#3640625 0*
#3641625 1*
#3641875 1)
#3642250 1"
#3643000 0)
#3643125 1/
#3644750 1)
#3645000 0! 0# 0&
#3645750 0)
#3646000 0$ 0%
#3646250 0*
#3647250 1*
#3648000 1%
#3648125 0*
#3649125 1*
#3649375 1)
#3649750 1! 1#
#3650500 0)
#3650625 0!
#3650750 0# 1&
#3651000 0*
#3652000 1*
#3652250 1)
#3652500 0" 1$ 0&
#3653250 0)
#3653500 0% 0'
#3653625 1#
#3653750 0*
#3654750 1*
#3655375 1%
#3655625 0*
#3656625 1*
#3656875 1)
#3657125 0$
#3657250 1! 1" 1'
#3658000 0)
#3658125 0! 0"
#3658250 1$ 1&
#3658500 0*
#3659500 1*
#3659625 1)
#3659875 0&
#3660000 1! 1" 0$
#3660750 0)
#3661000 0! 0" 1$
#3661250 0*
#3662250 1*
#3662875 1!
#3663125 0*
#3664125 1*
#3664750 0! 1"
#3665000 0*
#3666000 1*
#3666625 1!
#3666875 0*
#3667875 1*
#3668500 0! 0" 1&
#3668750 0*
#3669750 1*
#3670375 1!
#3670625 0*
#3671625 1*
#3671875 1)
#3672250 1"
#3673000 0)
#3674625 1)
#3675000 0! 0# 0&
#3675750 0)
#3676000 0$ 0% 1&
#3676250 0*
#3677250 1*
#3677875 1%
#3678125 0*
#3679125 1*
#3679375 1)
#3679625 1! 0&
#3679750 1#
#3680500 0)
#3680625 0! 0#
#3680750 1&
#3681000 0*
#3682000 1*
#3682125 1)
#3682375 0" 0&
#3682500 1$
#3683250 0)
#3683500 1! 1" 0% 0'
#3683750 0*
#3684750 1*
#3685375 1%
#3685625 0*
#3686625 1*
#3686875 1)
#3687125 0$ 1'
#3687250 1#
#3688000 0)
#3688125 0#
#3688250 1$ 1&
#3688500 0*
#3689500 1*
#3689625 1)
#3692000 0/
#3699000 1/
#3705000 1#
#3705750 0)
#3707500 1)
#3709500 0)
#3711250 1)
#3713250 0)
#3713750 0+
#3714750 1+
#3715000 1)
#3716000 0)
#3717750 1)
#3718000 0$ 0&
#3718875 0)
#3719000 0!
#3719125 0" 0# 0% 0'
#3719375 0*
#3720375 1*
#3720500 1)
#3720875 1! 1" 1# 1$ 1% 1& 1'
#3721625 0)
#3722125 0+
#3723125 1+
#3723375 1)
#3724500 0)
#3725000 0+
#3726000 1+
#3726125 1)
#3727375 0! 0" 0(
#3728250 0)
#3728375 0# 0$ 0% 0&
#3728500 1(
#3728750 0*
#3729750 1*
#3729875 1)
#3730250 1! 1" 1# 1$ 1% 1&
#3731000 0)
#3732750 1)
#3733000 0$ 0&
#3733875 0)
#3734000 0! 0" 0% 0'
#3734375 0*
#3735375 1*
#3735500 1)
#3735625 0-
#3735875 1! 1" 1$ 1% 1& 1'
#3736625 0)
#3736875 0! 0" 0$ 0%
#3737125 0*
#3738125 1*
#3738375 1)
#3738625 1! 1"
#3738750 1$ 1%
#3739500 0)
#3740000 0+
#3741000 1+
#3741125 1)
#3742375 0! 0" 0(
#3743250 0)
#3743375 0# 0$ 0% 0&
#3743500 1! 1(
#3743625 0*
#3744000 1-
#3744750 1*
#3744875 1)
#3745250 1" 1# 1$ 1% 1&
#3746000 0)
#3747750 1)
#3748000 0$ 0&
#3748875 0)
#3749000 0! 0" 0# 0% 0'
#3749125 1$
#3749250 0*
#3750375 1*
#3750500 1)
#3750625 0-
#3750875 1! 1" 1# 1% 1& 1'
#3751625 0)
#3751875 0! 0" 0%
#3752125 0*
#3753125 1*
#3753375 1)
#3753625 1! 1" 1%
#3754500 0)
#3755000 0+
#3756000 1+
#3756125 1)
#3757375 0! 0" 0(
#3758125 0)
#3758375 0# 0$ 0% 0& 1(
#3758500 1"
#3758625 0*
#3759000 1-
#3759750 1*
#3759875 1)
#3760125 0" 0' 0(
#3760250 1$ 1%
#3761000 0)
#3761250 1! 1" 1# 1&
#3761500 0*
#3762500 1*
#3762750 1)
#3763000 0$ 0& 1' 1(
#3763750 0)
#3764000 0! 0" 0% 0'
#3764125 1$
#3764250 0*
#3765250 1*
#3765500 1)
#3765625 0-
#3765875 1! 1" 1% 1& 1'
#3766625 0)
#3766750 0!
#3766875 0" 0$
#3767125 0*
#3768125 1*
#3768375 1)
#3768625 1! 1" 1$
#3769375 0)
#3770000 0+
#3771000 1+
#3771125 1)
#3772375 0! 0" 0(
#3773125 0)
#3773375 1! 0# 0$ 0% 0& 1(
#3773500 1"
#3773625 0*
#3774000 1-
#3774625 1*
#3774875 1)
#3775250 1# 1$ 1% 1&
#3776000 0)
#3777750 1)
#3778000 0$ 0&
#3778750 0)
#3779000 0! 0" 0# 0'
#3779250 0*
#3780250 1*
#3780500 1)
#3780625 0-
#3780875 1! 1" 1# 1$ 1& 1'
#3781625 0)
#3781750 0! 0"
#3782125 0*
#3783125 1*
#3783375 1)
#3783625 1! 1"
#3784375 0)
#3784875 0+
#3785875 1+
#3786125 1)
#3787250 0!
#3787375 0" 0(
#3788125 0)
#3788375 0$ 0% 0& 1(
#3788625 0*
#3789000 1-
#3789625 1*
#3789875 1)
#3790250 1! 1" 1$ 1% 1&
#3791000 0)
#3792625 1)
#3793000 0$ 0&
#3793750 0)
#3794000 0! 0" 0'
#3794250 0*
#3795250 1*
#3795500 1)
#3795625 0-
#3795875 1! 1" 1$ 1& 1'
#3796625 0)
#3796750 0! 0" 0$
#3796875 0%
#3797125 0*
#3798125 1*
#3798250 1)
#3798625 1! 1" 1$ 1%
#3799375 0)
#3799875 0+
#3800875 1+
#3801125 1)
#3802250 0!
#3802375 0" 0(
#3803125 0)
#3803375 1! 0$ 0% 0& 1(
#3803625 0*
#3804000 1-
#3804625 1*
#3804875 1)
#3805250 1" 1$ 1% 1&
#3806000 0)
#3807625 1)
#3807875 0&
#3808000 0$
#3808750 0)
#3809000 0! 0" 0# 1$ 0'
#3809250 0*
#3810250 1*
#3810500 1)
#3810625 0-
#3810875 1! 1" 1# 1& 1'
#3811625 0)
#3811750 0! 0"
#3811875 0%
#3812125 0*
#3813125 1*
#3813250 1)
#3813625 1! 1" 1%
#3814375 0)
#3814875 0+
#3815875 1+
#3816125 1)
#3817250 0!
#3817375 0" 0(
#3818125 0)
#3818375 1" 0$ 0% 0& 1(
#3818625 0*
#3819000 1-
#3819625 1*
#3819875 1)
#3820125 1! 0" 0# 0' 0(
#3820250 1$ 1%
#3821000 0)
#3821250 1" 1# 1&
#3821500 0+
#3822500 1+
#3822625 1)
#3822875 0&
#3823000 0$ 1' 1(
#3823750 0)
#3824000 0! 0" 1$ 0'
#3824250 0*
#3825250 1*
#3825500 1)
#3825625 0-
#3825875 1! 1" 1& 1'
#3826625 0)
#3826750 0! 0"
#3826875 0$
#3827125 0*
#3828125 1*
#3828250 1)
#3828625 1! 1" 1$
#3829375 0)
#3829875 0+
#3830875 1+
#3831125 1)
#3832250 0!
#3832375 0" 0(
#3833125 0)
#3833375 1! 1" 0$ 0% 0& 1(
#3833625 0*
#3834000 1-
#3834625 1*
#3834875 1)
#3835250 1$ 1% 1&
#3836000 0)
#3837750 1)
#3838000 0$ 0&
#3838750 0)
#3839000 0! 0" 0# 0% 1& 0'
#3839250 0*
#3840250 1*
#3840500 1)
#3840625 0-
#3840875 1! 1" 1# 1$ 1% 1'
#3841625 0)
#3841750 0! 0"
#3842125 0*
#3843125 1*
#3843375 1)
#3843625 1! 1"
#3844375 0)
#3845000 0+
#3846000 1+
#3846125 1)
#3847375 0! 0" 0(
#3848125 0)
#3848375 0# 0% 0& 1(
#3848625 0*
#3849000 1-
#3849625 1*
#3849875 1)
#3850250 1! 1" 1# 1% 1&
#3851000 0)
#3852750 1)
#3853000 0$ 0&
#3853750 0)
#3854000 0! 0" 0% 0'
#3854125 1&
#3854250 0*
#3855250 1*
#3855500 1)
#3855625 0-
#3855875 1! 1" 1$ 1% 1'
#3856625 0)
#3856875 0! 0" 0$ 0%
#3857125 0*
#3858125 1*
#3858375 1)
#3858625 1! 1" 1$ 1%
#3859375 0)
#3860000 0+
#3861000 1+
#3861125 1)
#3862375 0! 0" 0(
#3863125 0)
#3863375 0# 0% 0& 1(
#3863500 1!
#3863625 0*
#3864000 1-
#3864750 1*
#3864875 1)
#3865250 1" 1# 1% 1&
#3865375 00
#3866000 0)
#3867750 1)
#3868000 0$ 0&
#3868875 0)
#3869000 0! 0" 0# 0% 0'
#3869125 1$ 1&
#3869250 0*
#3870375 1*
#3870500 1)
#3870625 0-
#3870875 1! 1" 1# 1% 1'
#3871625 0)
#3871875 0! 0" 0%
#3872125 0*
#3872250 10
#3873125 1*
#3873375 1)
#3873625 1! 1" 1%
#3874500 0)
#3875000 0+
#3876000 1+
#3876125 1)
#3877375 0! 0" 0(
#3878250 0)
#3878375 0# 0% 0&
#3878500 1" 1(
#3878750 0*
#3879000 1-
#3879750 1*
#3879875 1)
#3880125 0' 0(
#3880250 1%
#3881000 0)
#3881250 1! 1# 1&
#3881500 0*
#3882500 1*
#3882750 1)
#3883000 0$ 0& 1' 1(
#3883875 0)
#3884000 0! 0" 0% 0'
#3884125 1$ 1&
#3884375 0*
#3885375 1*
#3885500 1)
#3885625 0-
#3885875 1! 1" 1% 1'
#3886625 0)
#3886875 0! 0" 0$
#3887125 0*
#3888125 1*
#3888375 1)
#3888625 1!
#3888750 1" 1$
#3889500 0)
#3890000 0+
#3891000 1+
#3891125 1)
#3892375 0! 0" 0(
#3893250 0)
#3893375 0%
#3893500 1! 1" 0# 0& 1(
#3893750 0*
#3894000 1-
#3894750 1*
#3895000 1)
#3895250 1# 1% 1&
#3896000 0)
#3897750 1)
#3898000 0$ 0&
#3898875 0)
#3899000 0!
#3899125 0" 0# 1& 0'
#3899375 0*
#3900375 1*
#3900625 1)
#3900750 0-
#3900875 1! 1" 1# 1$ 1'
#3901625 0)
#3901875 0! 0"
#3902125 0*
#3903125 1*
#3903375 1)
#3903750 1! 1"
#3904500 0)
#3905000 0+
#3906000 1+
#3906250 1)
#3907375 0! 0" 0(
#3908250 0)
#3908500 0% 0& 1(
#3908750 0*
#3909125 1-
#3909750 1*
#3910000 1)
#3910250 1! 1" 1% 1&
#3911125 0)
#3912750 1)
#3913000 0$ 0&
#3913875 0)
#3914125 0! 0" 1& 0'
#3914375 0*
#3915375 1*
#3915625 1)
#3915750 0-
#3915875 1! 1'
#3916000 1" 1$
#3916750 0)
#3916875 0! 0" 0$ 0%
#3917250 0*
#3918250 1*
#3918375 1)
#3918750 1! 1" 1$ 1%
#3919500 0)
#3920000 0+
#3921000 1+
#3921250 1)
#3922375 0! 0"
#3922500 0(
#3923250 0)
#3923500 1! 0% 0& 1(
#3923750 0*
#3924125 1-
#3924750 1*
#3925000 1)
#3925375 1" 1% 1&
#3926125 0)
#3927750 1)
#3928000 0&
#3928125 0$
#3928875 0)
#3929125 0! 0" 0# 1$ 1& 0'
#3929375 0*
#3930375 1*
#3930625 1)
#3930750 0-
#3931000 1! 1" 1# 1'
#3931750 0)
#3931875 0! 0"
#3932000 0%
#3932250 0*
#3933250 1*
#3933375 1)
#3933750 1! 1" 1%
#3934500 0)
#3935000 0+
#3936125 1+
#3936250 1)
#3937500 0! 0" 0(
#3938250 0)
#3938500 0% 0& 1(
#3938625 1"
#3938750 0*
#3939125 1-
#3939750 1*
#3940000 1)
#3940250 0# 0' 0(
#3940375 1! 1%
#3940750 00
#3941125 0)
#3941375 1# 1&
#3941625 0+
#3942625 1+
#3942875 1)
#3943125 0$ 0& 1' 1(
#3943875 0)
#3944125 0! 0" 0'
#3944250 1$ 1&
#3944375 0*
#3945500 1*
#3945625 1)
#3945750 0-
#3946000 1! 1" 1'
#3946750 0)
#3947000 0! 0" 0$
#3947250 0*
#3947750 10
#3948250 1*
#3948500 1)
#3948750 1! 1" 1$
#3949625 0)
#3950125 0+
#3951125 1+
#3951250 1)
#3952500 0! 0" 0(
#3953375 0)
#3953500 0% 0&
#3953625 1! 1" 1(
#3953750 0*
#3954125 1-
#3954875 1*
#3955000 1)
#3955375 1% 1&
#3956125 0)
#3957875 1)
#3958125 0$ 0&
#3959000 0)
#3959125 0! 0" 0# 0%
#3959500 0*
#3960500 1*
#3960625 1)
#3960750 0-
#3961000 1! 1" 1# 1$ 1% 1&
#3961750 0)
#3962000 0! 0"
#3962250 0*
#3963250 1*
#3963500 1)
#3963750 1! 1"
#3964625 0)
#3965125 0+
#3966125 1+
#3966250 1)
#3967500 0! 0" 0(
#3968375 0)
#3968500 0# 0$ 0&
#3968625 1(
#3968875 0*
#3969125 1-
#3969875 1*
#3970000 1)
#3970375 1! 1" 1# 1$ 1&
#3971125 0)
#3972875 1)
#3973125 0$ 0&
#3974000 0)
#3974125 0! 0"
#3974250 0%
#3974500 0*
#3975500 1*
#3975750 1) 0-
#3976000 1! 1" 1$ 1% 1&
#3976750 0)
#3977000 0! 0" 0$ 0%
#3977250 0*
#3978250 1*
#3978500 1)
#3978875 1! 1" 1$ 1%
#3979625 0)
#3980125 0+
#3981125 1+
#3981375 1)
#3982500 0! 0" 0(
#3983375 0)
#3983625 1! 0# 0$ 0& 1(
#3983875 0*
#3984125 1-
#3984875 1*
#3985125 1)
#3985375 1" 1# 1$ 1&
#3986125 0)
#3987875 1)
#3988125 0$ 0&
#3989000 0)
#3989250 0! 0" 0# 1$ 0%
#3989500 0*
#3990500 1*
#3990750 1)
#3990875 0-
#3991000 1! 1" 1# 1% 1&
#3991875 0)
#3992000 0! 0" 0%
#3992250 0*
#3993375 1*
#3993500 1)
#3993875 1! 1" 1%
#3994625 0)
#3995125 0+
#3996125 1+
#3996375 1)
#3997500 0! 0" 0(
#3998375 0)
#3998625 1" 0# 0$ 0& 1(
#3998875 0*
#3999250 1-
#3999875 1*
#4000125 1)
#4000375 0" 1# 1$ 0' 0(
#4001250 0)
#4001500 1! 1" 1&
#4001750 0*
#4002750 1*
#4002875 1)
#4003125 0$ 0&
#4003250 1' 1(
#4004000 0)
#4004250 0! 0" 1$ 0%
#4004500 0*
#4005500 1*
#4005750 1)
#4005875 0-
#4006000 1!
#4006125 1" 1% 1&
#4006875 0)
#4007000 0! 0" 0$
#4007375 0*
#4008375 1*
#4008500 1)
#4008875 1! 1" 1$
#4009625 0)
#4010125 0+
#4011125 1+
#4011375 1)
#4012500 0! 0"
#4012625 0(
#4013375 0)
#4013625 1! 1" 0# 0$ 0& 1(
#4013875 0*
#4014250 1-
#4014875 1*
#4015125 1)
#4015500 1# 1$ 1&
#4016250 0)
#4017875 1)
#4018125 0$ 0&
#4019000 0)
#4019250 0! 0" 0#
#4019500 0*
#4020500 1*
#4020750 1)
#4020875 0-
#4021125 1! 1" 1# 1$ 1&
#4021875 0)
#4022000 0! 0"
#4022375 0*
#4023375 1*
#4023500 1)
#4023875 1! 1"
#4024625 0)
#4025125 0+
#4026125 1+
#4026375 1)
#4027500 0! 0"
#4027625 0(
#4028375 0)
#4028625 0$ 0& 1(
#4028875 0*
#4029250 1-
#4029875 1*
#4030125 1)
#4030500 1! 1" 1$ 1&
#4031250 0)
#4032875 1)
#4033125 0&
#4033250 0$
#4034000 0)
#4034250 0! 0"
#4034500 0*
#4035500 1*
#4035750 1)
#4035875 0-
#4036125 1! 1" 1$ 1&
#4036875 0)
#4037000 0! 0" 0$
#4037125 0%
#4037375 0*
#4038375 1*
#4038500 1)
#4038875 1! 1" 1$ 1%
#4039625 0)
#4040125 0+
#4041125 1+
#4041375 1)
#4042500 0!
#4042625 0" 0(
#4043375 0)
#4043625 1! 0$ 0& 1(
#4043875 0*
#4044250 1-
#4044875 1*
#4045125 1)
#4045500 1" 1$ 1&
#4046250 0)
#4047875 1)
#4048125 0&
#4048250 0$
#4049000 0)
#4049250 0! 0" 0# 1$
#4049500 0*
#4050500 1*
#4050750 1)
#4050875 0-
#4051125 1! 1" 1# 1&
#4051875 0)
#4052000 0! 0"
#4052125 0%
#4052375 0*
#4053375 1*
#4053500 1)
#4053875 1! 1" 1%
#4054625 0)
#4055125 0+
#4056125 1+
#4056375 1)
#4057500 0! 0"
#4057625 0(
#4058375 0)
#4058625 1" 0$ 0& 1(
#4058875 0*
#4059250 1-
#4059875 1*
#4060125 1)
#4060375 1! 0" 0' 0(
#4060500 1$
#4061250 0)
#4061500 1" 1&
#4061750 0+
#4062750 1+
#4062875 1)
#4063125 0&
#4063250 0$ 1' 1(
#4064000 0)
#4064250 0! 0" 1$
#4064500 0*
#4065500 1*
#4065750 1)
#4065875 0-
#4066000 1!
#4066125 1" 1&
#4066875 0)
#4067000 0! 0" 0$
#4067375 0*
#4068375 1*
#4068500 1)
#4068875 1! 1" 1$
#4069625 0)
#4070125 0+
#4071125 1+
#4071375 1)
#4072500 0! 0" 0(
#4073375 0)
#4073625 1! 1" 0$ 0& 1(
#4073875 0*
#4074250 1-
#4074875 1*
#4075125 1)
#4075375 1&
#4075500 1$
#4076250 0)
#4077875 1)
#4078125 0$ 0&
#4079000 0)
#4079250 0! 0" 0# 0% 1&
#4079500 0*
#4080500 1*
#4080750 1)
#4080875 0-
#4081000 1!
#4081125 1" 1# 1$ 1%
#4081875 0)
#4082000 0! 0"
#4082375 0*
#4083375 1*
#4083500 1)
#4083875 1! 1"
#4084625 0)
#4085125 0+
#4086125 1+
#4086375 1)
#4087500 0! 0" 0(
#4088375 0)
#4088625 0# 0& 1(
#4088875 0*
#4089250 1-
#4089875 1*
#4090125 1)
#4090375 1! 1" 1# 1&
#4091250 0)
#4092875 1)
#4093125 0$ 0&
#4094000 0)
#4094250 0! 0" 0% 1&
#4094500 0*
#4095500 1*
#4095750 1)
