$date Mon Sep  7 14:03:04 2026 $end
$version libsigrok 0.5.2 $end
$comment
  Acquisition with 16/16 channels at 80 MHz
$end
$timescale 100 ps $end
$scope module libsigrok $end
$var wire 1 ! A0 $end
$var wire 1 " A1 $end
$var wire 1 # A2 $end
$var wire 1 $ A3 $end
$var wire 1 % A4 $end
$var wire 1 & A5 $end
$var wire 1 ' A6 $end
$var wire 1 ( A7 $end
$var wire 1 ) RAS $end
$var wire 1 * CAS0 $end
$var wire 1 + CAS1 $end
$var wire 1 , R/W $end
$var wire 1 - VDS $end
$var wire 1 . IRQ $end
$var wire 1 / CSW $end
$var wire 1 0 CSR $end
$upscope $end
$enddefinitions $end
#0 0! 1" 0# 0$ 0% 0& 0' 0( 0) 0* 1+ 1, 1- 0. 0/ 10
#125 1& 1' 1) 1* 0- 00
#250 1! 1# 0& 1( 0) 0* 1/ 10
#1125 1*
#2250 1)
#2375 1-
#2500 0!
#2625 1%
#3375 0)
#3625 0" 1$ 0% 0(
#3875 0*
#4875 1*
#5125 1)
#5375 1(
#5500 1! 1% 1&
#6250 0)
#6500 1"
#6750 0+
#7750 1+
#7875 1)
#8250 0! 0% 0& 0(
#9000 0) 0-
#9250 0" 0# 1(
#9500 0*
#10500 1*
#11125 1!
#11375 0*
#12375 1*
#13000 0! 1"
#13250 0*
#14250 1*
#14875 1!
#15125 0*
#16125 1*
#17375 1) 1-
#17500 0!
#17625 1# 0$ 1%
#18375 0)
#18625 0" 0# 0(
#18875 0*
#19875 1*
#20125 1)
#20500 1! 1" 1# 1$ 1& 1(
#21250 0)
#23000 1)
#23250 0! 0% 0& 0(
#24000 0) 0-
#24250 0" 1(
#24500 0*
#25500 1*
#26125 1!
#26375 0*
#27375 1*
#28000 0!
#28125 1"
#28250 0*
#29250 1*
#29875 1!
#30125 0*
#31250 1*
#32375 1) 1-
#32625 0! 0$ 1%
#33375 0)
#33625 0" 0(
#33875 0*
#35000 1*
#35125 1)
#35500 1! 1" 1$ 1& 1(
#36250 0)
#38000 1)
#38250 0! 0% 0& 0(
#39000 0-
#39125 0)
#39250 0" 0# 0$ 1(
#39375 1%
#39500 0*
#40625 1*
#41250 1!
#41500 0*
#42500 1*
#43000 0!
#43125 1"
#43375 0*
#44375 1*
#45000 1!
#45250 0*
#46250 1*
#47375 1) 1-
#47625 0! 1#
#47750 0/
#48500 0)
#48625 0" 0# 0(
#48750 1$
#49000 0*
#50000 1*
#50125 1)
#50500 1! 1" 1# 1& 1(
#51250 0)
#53000 1)
#53250 0! 0% 0& 0(
#54000 0-
#54125 0)
#54250 0" 0$
#54375 1% 1(
#54625 0*
#54750 1/
#55625 1*
#56250 1!
#56500 0*
#57500 1*
#58000 0!
#58125 1"
#58375 0*
#59375 1*
#60000 1!
#60250 0*
#61250 1*
#62375 1) 1-
#62625 0!
#63500 0)
#63625 0" 0(
#63750 1$
#64000 0*
#65000 1*
#65250 1)
#65500 1" 1& 1(
#66250 0)
#66500 1!
#66750 0*
#67750 1*
#68000 1)
#68250 0! 0% 0& 0(
#69125 0) 0-
#69250 0"
#69375 0# 1% 1(
#69625 0*
#70625 1*
#71250 1!
#71500 0*
#72500 1*
#73000 0!
#73125 1"
#73375 0*
#74375 1*
#75000 1!
#75250 0*
#76250 1*
#77375 1)
#77500 1-
#77625 0! 0$
#77750 1#
#78500 0)
#78750 0" 0# 0% 1& 0(
#79000 0*
#80000 1*
#80250 1)
#80500 1! 1" 1# 1% 1(
#80625 1$
#81375 0)
#83000 1)
#83250 0! 0% 0& 0(
#84125 0) 0-
#84375 0" 1% 1(
#84625 0*
#85625 1*
#86250 1!
#86500 0*
#87500 1*
#88125 0! 1"
#88375 0*
#89375 1*
#90000 1!
#90250 0*
#91250 1*
#92375 1)
#92500 1-
#92625 0!
#92750 0$
#93500 0)
#93750 0" 0% 1& 0(
#94000 0*
#95000 1*
#95250 1)
#95500 1(
#95625 1! 1" 1$ 1%
#96375 0)
#98000 1)
#98375 0! 0% 0& 0(
#99125 0) 0-
#99375 0" 0# 0$ 1& 1(
#99625 0*
#100625 1*
#101250 1!
#101500 0*
#102500 1*
#103125 0! 1"
#103375 0*
#104375 1*
#105000 1!
#105250 0*
#106250 1*
#107500 1) 1-
#107625 0!
#107750 1# 1% 0&
#108500 0)
#108750 0" 0# 0% 1& 0(
#108875 1$
#109000 0*
#110000 1*
#110250 1)
#110625 1! 1" 1# 1% 1(
#111375 0)
#112000 0/
#113125 1)
#113375 0! 0% 0& 0(
#114125 0) 0-
#114375 0" 0$ 1& 1(
#114625 0*
#115625 1*
#116250 1!
#116500 0*
#117500 1*
#118125 0!
#118250 1"
#118375 0*
#119000 1/
#119375 1*
#120000 1!
#120250 0*
#121250 1*
#122500 1) 1-
#122750 0! 1% 0&
#123500 0)
#123750 0" 0% 0(
#123875 1$ 1&
#124000 0*
#125125 1*
#125250 1)
#125625 1! 1" 1% 1(
#126375 0)
#126875 0+
#127875 1+
#128125 1)
#128375 0! 0% 0& 0(
#129125 0) 0-
#129375 0" 0# 1(
#129500 1&
#129625 0*
#130750 1*
#131375 1!
#131500 0*
#132625 1*
#133125 0!
#133250 1"
#133375 0*
#134500 1*
#135125 1!
#135375 0*
#136375 1*
#137500 1) 1-
#137750 0! 1# 0$ 0&
#137875 1%
#138625 0)
#138750 0" 0# 0(
#138875 1&
#139000 0*
#140125 1*
#140250 1)
#140625 1! 1" 1# 1$ 1(
#141375 0)
#143125 1)
#143375 0! 0% 0& 0(
#144125 0-
#144250 0)
#144375 0"
#144500 1& 1(
#144750 0*
#145750 1*
#146375 1!
#146625 0*
#147625 1*
#148125 0!
#148250 1"
#148500 0*
#149500 1*
#150125 1!
#150375 0*
#151375 1*
#152500 1) 1-
#152750 0! 0$ 0&
#152875 1%
#153625 0)
#153750 0" 0(
#153875 1&
#154125 0*
#155125 1*
#155250 1)
#155625 1! 1" 1$ 1(
#156375 0)
#158125 1)
#158375 0! 0% 0& 0(
#159125 0-
#159250 0)
#159375 0" 0# 0$
#159500 1% 1& 1(
#159750 0*
#160750 1*
#161375 1!
#161625 0*
#162625 1*
#163125 0!
#163250 1"
#163500 0*
#164500 1*
#165125 1!
#165375 0*
#166375 1*
#167500 1) 1-
#167750 0! 0&
#167875 1#
#168625 0)
#168750 0" 0# 0(
#168875 1$ 1&
#169125 0*
#170125 1*
#170250 1)
#170625 1! 1" 1# 1(
#171375 0)
#173125 1)
#173375 0! 0% 0& 0(
#174125 0-
#174250 0)
#174375 0" 0$
#174500 1% 1& 1(
#174750 0*
#175750 1*
#176250 0/
#176375 1!
#176625 0*
#177625 1*
#178125 0!
#178250 1"
#178500 0*
#179500 1*
#180125 1!
#180375 0*
#181375 1*
#182500 1) 1-
#182750 0! 0&
#183250 1/
#183625 0)
#183750 0" 0(
#183875 1$ 1&
#184125 0*
#185125 1*
#185250 1)
#185500 0$ 0&
#185625 0# 0% 0'
#186375 0)
#186625 1$ 1&
#186750 1! 1" 1# 1%
#186875 0*
#187875 1*
#188125 1)
#188375 0! 0% 0& 1'
#189125 0-
#189250 0)
#189375 0" 0#
#189500 1% 1& 1(
#189750 0*
#190750 1*
#191375 1!
#191625 0*
#192625 1*
#193125 0!
#193250 1"
#193500 0*
#194500 1*
#195125 1!
#195375 0*
#196375 1*
#197500 1) 1-
#197875 1#
#198625 0)
#199125 0+
#200125 1+
#200250 1)
#201375 0)
#203125 1)
#203375 0! 0% 0& 0(
#204125 0-
#204250 0)
#204375 0"
#204500 1% 1& 1(
#204750 0*
#205750 1*
#206375 1!
#206625 0*
#207625 1*
#208125 0!
#208250 1"
#208500 0*
#209500 1*
#210125 1!
#210375 0*
#211375 1*
#212500 1) 1-
#212750 0! 0$ 0&
#213625 0)
#213750 0" 0# 0% 0' 0(
#214125 0*
#215125 1*
#215750 1!
#216000 0*
#217000 1*
#217500 0!
#217625 1"
#217875 0*
#218625 1)
#218875 1( 1*
#219000 1# 1% 1'
#219625 0)
#219875 0" 0# 0% 0' 0(
#220125 0*
#221125 1*
#221875 1!
#222000 0*
#223000 1*
#223625 0!
#223750 1"
#223875 0*
#224625 1)
#224875 0" 1*
#225000 1(
#225750 0)
#226000 0(
#226250 0+
#227250 1+
#227500 1)
#227750 1' 1(
#227875 1$ 1%
#228625 0)
#228750 0% 0' 0(
#228875 1! 1#
#229125 0*
#230125 1*
#230750 1%
#231000 0*
#232000 1*
#232125 1)
#232375 0! 0$
#232500 1' 1(
#233250 0)
#233500 1! 1$ 0% 0' 0(
#233750 0*
#234750 1*
#235000 1)
#235250 0! 0# 1% 1' 1(
#236125 0)
#236250 0% 0' 0(
#236375 1! 1#
#236625 0*
#237625 1*
#238250 1%
#238500 0*
#239500 1*
#239625 1)
#239875 0! 0$
#240000 1' 1(
#240750 0)
#241000 1! 1$ 0% 0' 0(
#241250 0*
#242250 1*
#242500 1)
#242750 0! 0$ 1% 1' 1(
#242875 1"
#243625 0)
#243750 0" 0# 0% 0' 0(
#244000 0*
#245125 1*
#245750 1!
#245875 0*
#247000 1*
#247500 0!
#247625 1"
#247750 0*
#248625 1)
#248875 1# 1% 1' 1( 1*
#249625 0)
#249875 0" 0# 0% 0' 0(
#250125 0*
#251125 1*
#251750 1!
#252000 0*
#253000 1*
#253625 0!
#253750 1"
#253875 0*
#255125 1)
#255375 1*
#255875 0" 1' 1(
#256000 0,
#256625 0)
#256875 0' 0(
#257250 0+
#258250 1+
#258875 1)
#259125 1(
#259250 1$ 1% 1' 1,
#260000 0)
#260625 0% 0' 0(
#260750 1! 1#
#260875 0*
#261875 1*
#262625 1%
#262750 0*
#263750 1*
#264000 1)
#264250 0! 0$
#264375 1' 1(
#265125 0)
#265250 0(
#265375 1! 1$ 0% 0'
#265625 0*
#266625 1*
#266875 1)
#267000 0!
#267125 0# 1% 1' 1(
#267875 0)
#268125 1! 0% 0' 0(
#268250 1#
#268375 0*
#269375 1*
#270125 1%
#270250 0*
#271250 1*
#271500 1)
#271750 0! 0$ 1(
#271875 1'
#272625 0)
#272750 0' 0(
#272875 1! 1$ 0%
#273125 0*
#274125 1*
#274375 1)
#274500 0!
#274625 1" 0$ 1% 1' 1(
#275375 0)
#275625 0" 0# 0% 0' 0(
#275875 0*
#276875 1*
#277500 1!
#277750 0*
#278750 1*
#279375 0! 1"
#279625 0*
#280375 1)
#280625 1*
#280750 1# 1% 1' 1(
#281500 0)
#281750 0" 0# 0% 0' 0(
#282000 0*
#283000 1*
#283625 1!
#283875 0*
#284875 1*
#285375 0!
#285500 1"
#285750 0*
#286500 1)
#286750 0" 1( 1*
#287625 0)
#287750 0(
#287875 1!
#288125 0+
#289125 1+
#289250 1)
#289500 0!
#289625 1$ 1% 1' 1(
#290375 0)
#290625 1! 1# 0% 0' 0(
#290875 0*
#291875 1*
#292500 1%
#292750 0*
#293750 1*
#294000 1)
#294250 0! 0$ 1' 1(
#295125 0)
#295250 0% 0' 0(
#295375 1! 1$
#295625 0*
#296625 1*
#296750 1)
#297000 0! 0#
#297125 1% 1' 1(
#297875 0)
#298125 1! 1# 0% 0' 0(
#298375 0*
#299375 1*
#300000 1%
#300250 0*
#301250 1*
#301500 1)
#301750 0! 0$ 1' 1(
#302625 0)
#302750 0% 0' 0(
#302875 1! 1$
#303000 0*
#304125 1*
#304250 1)
#304500 0! 0$
#304625 1" 1% 1' 1(
#305375 0)
#305625 0" 0# 0% 0' 0(
#305875 0*
#306875 1*
#307500 1!
#307750 0*
#308750 1*
#309375 0! 1"
#309625 0*
#310375 1)
#310625 1*
#310750 1# 1% 1' 1(
#311500 0)
#311625 0# 0% 0' 0(
#311750 0"
#312000 0*
#313000 1*
#313625 1!
#313875 0*
#314875 1*
#315375 0!
#315500 1"
#315750 0*
#316125 00
#316500 1)
#316750 0" 1' 1( 1*
#316875 0,
#317625 0)
#317750 0' 0(
#317875 1!
#318125 0+
#319125 1+
#319250 1)
#319500 0!
#319625 1$ 1% 1' 1( 1,
#320375 0)
#320500 0(
#320625 1! 1# 0% 0'
#320875 0*
#321875 1*
#322500 1%
#322750 0*
#323125 10
#323750 1*
#324000 1)
#324125 0!
#324250 0$ 1' 1(
#325000 0)
#325250 1! 0% 0' 0(
#325375 1$
#325500 0*
#326500 1*
#326750 1)
#327000 0! 0#
#327125 1% 1' 1(
#327875 0)
#328000 0' 0(
#328125 1! 1# 0%
#328375 0*
#329375 1*
#330000 1%
#330250 0*
#331250 1*
#331500 1)
#331625 0!
#331750 0$ 1' 1(
#332500 0)
#332750 1! 0% 0' 0(
#332875 1$
#333000 0*
#334000 1*
#334250 1)
#349625 1" 1% 1& 1' 1(
#350375 0)
#352000 1)
#354125 0)
#355750 1)
#358875 0! 0$ 0&
#359750 0)
#359875 0# 0(
#360000 0" 0% 0'
#360250 0*
#361250 1*
#361375 1)
#361750 1! 1" 1# 1$ 1% 1& 1' 1(
#362500 0)
#364250 1)
#365375 0)
#365875 0+
#366875 1+
#367750 0+
#368750 1+
#369625 0+
#370625 1+
#371500 0+
#372500 1+
#373625 1)
#373875 0! 0$ 0&
#374750 0)
#374875 0% 0' 0(
#375000 0"
#375250 0*
#376250 1*
#376375 1)
#376750 1! 1" 1$ 1% 1& 1' 1(
#377500 0)
#379250 1)
#379500 0% 0& 0(
#380250 0-
#380375 0)
#380500 0! 0" 0# 0$ 0'
#380875 0*
#381875 1*
#382500 1!
#382750 0*
#383750 1*
#384250 0!
#384375 1"
#384625 0*
#385625 1*
#386250 1!
#386500 0*
#387500 1*
#388625 1) 1-
#388875 0! 1(
#389000 1# 1% 1'
#389750 0)
#389875 0# 0% 0' 0(
#390000 0" 1$
#390250 0*
#391250 1*
#391375 1)
#391625 0$
#391750 1(
#392500 0)
#393000 0+
#394000 1+
#394250 1)
#394500 0(
#394625 1! 1" 1# 1$ 1'
#395375 0) 0-
#395500 0! 0" 0$ 0'
#395875 0*
#396875 1*
#397500 1!
#397750 0*
#398750 1*
#399250 0!
#399375 1"
#399625 0*
#400000 00
#400625 1*
#401250 1!
#401500 0*
#402500 1*
#403625 1) 1-
#403875 0! 1' 1(
#404000 1%
#404750 0)
#404875 0% 0' 0(
#405000 0" 1$
#405250 0*
#406250 1*
#406375 1)
#406625 0# 0$
#406750 1!
#406875 10
#407500 0)
#407750 1# 1$
#407875 1" 1% 1&
#408000 0+
#409000 1+
#409250 1)
#409500 0% 0&
#409625 1'
#410375 0) 0-
#410500 0! 0" 0# 0'
#410875 0*
#411875 1*
#412500 1!
#412750 0*
#413750 1*
#414250 0!
#414375 1"
#414625 0*
#415625 1*
#416250 1!
#416500 0*
#417500 1*
#418625 1) 1-
#418875 0! 0$ 1(
#419000 1# 1% 1'
#419750 0)
#419875 0# 0' 0(
#420000 0"
#420250 0*
#421250 1*
#421500 1)
#421625 0%
#421750 1' 1(
#421875 0,
#422500 0)
#422750 0'
#423000 0+
#424125 1+
#424250 1)
#424500 0(
#424625 1! 1" 1# 1$ 1' 1,
#425375 0) 0-
#425500 0! 0" 0'
#425875 0*
#426875 1*
#427500 1!
#427750 0*
#428750 1*
#429250 0!
#429375 1"
#429625 0*
#430625 1*
#431250 1!
#431500 0*
#432500 1*
#433625 1) 1-
#433875 0! 0$
#434000 1% 1' 1(
#434750 0)
#434875 0(
#435000 0" 0'
#435250 0*
#436250 1*
#436500 1)
#436750 1! 1" 1$ 1& 1' 1(
#437500 0)
#439250 1)
#439500 0% 0& 0(
#440375 0) 0-
#440625 0! 0" 0# 0$ 1% 0'
#440875 0*
#441875 1*
#442500 1!
#442750 0*
#443750 1*
#444250 0!
#444375 1"
#444625 0*
#445625 1*
#446250 1!
#446500 0*
#447500 1*
#448625 1)
#448750 1-
#448875 0!
#449000 1# 1' 1(
#449750 0)
#450000 0" 0# 1$ 0' 0(
#450250 0*
#451250 1*
#451500 1)
#451750 0$ 0% 1(
#452625 0)
#452875 1!
#453125 0+
#454125 1+
#454250 1)
#454500 0(
#454625 1" 1# 1$ 1'
#455375 0) 0-
#455625 0! 0" 0$ 1% 0'
#455875 0*
#456875 1*
#457500 1!
#457750 0*
#458750 1*
#459375 0! 1"
#459625 0*
#460625 1*
#461250 1!
#461500 0*
#462500 1*
#463625 1)
#463750 1-
#463875 0!
#464000 1' 1(
#464750 0)
#465000 0" 1$ 0' 0(
#465250 0*
#466250 1*
#466500 1)
#466750 0# 0$ 0%
#466875 1"
#467625 0)
#467875 1! 1# 1$ 1% 1&
#468125 0*
#469125 1*
#469250 1)
#469500 0% 0&
#469625 1'
#470375 0) 0-
#470625 0! 0" 0# 1% 0'
#470875 0*
#471875 1*
#472500 1!
#472750 0*
#473750 1*
#474375 0!
#474500 1"
#474625 0*
#475625 1*
#476250 1!
#476500 0*
#477500 1*
#478750 1) 1-
#478875 0!
#479000 1# 0$ 1' 1(
#479750 0)
#480000 0" 0# 0% 1& 0' 0(
#480250 0*
#481250 1*
#481500 1)
#481750 0&
#481875 1' 1( 0,
#482625 0)
#482875 1! 0'
#483125 0+
#483750 00
#484125 1+
#484375 1)
#484625 1" 1# 1$ 1' 0(
#484750 1,
#485375 0) 0-
#485625 0! 0" 0'
#485750 1%
#485875 0*
#486875 1*
#487500 1!
#487750 0*
#488750 1*
#489375 0!
#489500 1"
#489625 0*
#490750 1* 10
#491375 1!
#491500 0*
#492625 1*
#493750 1) 1-
#494000 0! 0$ 1' 1(
#494875 0)
#495000 0" 0% 0' 0(
#495125 1&
#495250 0*
#496375 1*
#496500 1)
#496875 1! 1" 1$ 1% 1' 1(
#497625 0)
#499375 1)
#499625 0% 0& 0(
#500375 0-
#500500 0)
#500625 0! 0" 0# 0$ 0'
#500750 1&
#501000 0*
#502000 1*
#502625 1!
#502875 0*
#503875 1*
#504375 0!
#504500 1"
#504750 0*
#505750 1*
#506375 1!
#506625 0*
#507625 1*
#508750 1) 1-
#509000 0! 0& 1' 1(
#509125 1# 1%
#509875 0)
#510000 0# 0% 0' 0(
#510125 0" 1$ 1&
#510375 0*
#511375 1*
#511500 1)
#511875 1! 1" 1# 1% 1' 1(
#512625 0)
#514375 1)
#514625 0% 0& 0(
#515375 0-
#515500 0)
#515625 0! 0" 0'
#515750 0$ 1&
#516000 0*
#517000 1*
#517625 1!
#517875 0*
#518875 1*
#519375 0!
#519500 1"
#519750 0*
#520750 1*
#521375 1!
#521625 0*
#522625 1*
#523750 1) 1-
#524000 0! 0&
#524125 1% 1' 1(
#524875 0)
#525000 0' 0(
#525125 0" 1$ 0% 1&
#525375 0*
#526375 1*
#526625 1)
#526875 1! 1" 0# 0$ 0&
#527625 0)
#528000 1# 1$ 1% 1&
#528250 0+
#529250 1+
#529375 1)
#529625 0% 0&
#529750 1'
#530500 0) 0-
#530750 0! 0" 0# 1& 0'
#531000 0*
#532000 1*
#532625 1!
#532875 0*
#533875 1*
#534375 0!
#534500 1"
#534750 0*
#535750 1*
#536375 1!
#536625 0*
#537625 1*
#538750 1)
#538875 1-
#539000 0! 0$ 0&
#539125 1# 1% 1' 1(
#539875 0)
#540125 0" 0# 1& 0' 0(
#540375 0*
#541375 1*
#541625 1)
#541875 1! 1' 1(
#542000 1" 1# 1$
#542750 0)
#544375 1)
#544625 0& 0(
#544750 0%
#545500 0) 0-
#545750 0! 0" 1& 0'
#546000 0*
#547000 1*
#547625 1!
#547875 0*
#548875 1*
#549500 0! 1"
#549750 0*
#550750 1*
#551375 1!
#551625 0*
#552625 1*
#553750 1)
#553875 1-
#554000 0! 0&
#554125 0$ 1% 1' 1(
#554875 0)
#555125 0" 1& 0' 0(
#555375 0*
#556375 1*
#556625 1)
#556875 1(
#557000 1! 1" 1$ 1'
#557750 0)
#559375 1)
#559750 0% 0& 0(
#560500 0) 0-
#560750 0! 0" 0# 0$ 1% 1& 0'
#561000 0*
#562000 1*
#562625 1!
#562875 0*
#563875 1*
#564500 0!
#564625 1"
#564750 0*
#565750 1*
#566375 1!
#566625 0*
#567625 1* 00
#568875 1) 1-
#569000 0!
#569125 1# 0& 1' 1(
#569875 0)
#570125 0" 0# 1& 0' 0(
#570250 1$
#570375 0*
#571375 1*
#571625 1)
#572000 1! 1" 1# 1' 1(
#572750 0)
#574500 1)
#574625 10
#574750 0% 0& 0(
#575500 0) 0-
#575750 0! 0" 0$ 1& 0'
#575875 1%
#576000 0*
#577000 1*
#577625 1!
#577875 0*
#578875 1*
#579500 0!
#579625 1"
#579750 0*
#580750 1*
#581375 1!
#581625 0*
#582625 1*
#583875 1) 1-
#584125 0! 0& 1' 1(
#584875 0)
#585125 0" 0' 0(
#585250 1$ 1&
#585375 0*
#586500 1*
#586625 1)
#586875 0$ 0% 0&
#587750 0)
#588000 1! 1" 1$ 1% 1&
#588250 0*
#589250 1*
#589500 1)
#589750 0% 0& 1'
#590500 0) 0-
#590750 0! 0" 0# 0'
#590875 1% 1&
#591000 0*
#592125 1*
#592750 1!
#592875 0*
#594000 1*
#594500 0!
#594625 1"
#594750 0*
#595875 1*
#596500 1!
#596625 0*
#597750 1*
#598875 1) 1-
#599125 0! 1# 0$ 0& 1' 1(
#600000 0)
#600125 0" 0# 0% 0(
#600375 0*
#601500 1*
#601625 1)
#602000 1! 1" 1# 1$ 1% 1& 1(
#602750 0)
#604500 1)
#604750 0% 0& 0(
#605500 0-
#605625 0)
#605750 0! 0" 0'
#605875 1% 1&
#606000 0*
#607125 1*
#607750 1!
#608000 0*
#609000 1*
#609500 0!
#609625 1"
#609875 0*
#610875 1*
#611500 1!
#611750 0*
#612750 1*
#613875 1) 1-
#614125 0! 0$ 0& 1' 1(
#615000 0)
#615125 0" 0% 0(
#615375 0*
#616500 1*
#616625 1)
#617000 1! 1" 1$ 1% 1& 1(
#617750 0)
#619500 1)
#619750 0% 0& 0(
#620500 0-
#620625 0)
#620750 0! 0" 0# 0$
#621125 0*
#622125 1*
#622750 1!
#623000 0*
#624000 1*
#624500 0!
#624625 1"
#624875 0*
#625875 1*
#626500 1!
#626750 0*
#627750 1*
#628875 1) 1-
#629125 0! 1# 1(
#629250 1%
#630000 0)
#630125 0" 0# 0% 0(
#630250 1$
#630500 0*
#631500 1*
#631625 1)
#632000 1! 1" 1# 1% 1& 1(
#632750 0)
#634500 1)
#634750 0% 0& 0(
#635500 0-
#635625 0)
#635750 0! 0" 0$
#636000 0*
#637125 1*
#637750 1!
#638000 0*
#639000 1*
#639500 0!
#639625 1"
#639875 0*
#640875 1*
#641500 1!
#641750 0*
#642750 1*
#643875 1) 1-
#644125 0! 1% 1(
#645000 0)
#645125 0" 0% 0(
#645250 1$
#645375 0*
#646500 1*
#646625 1)
#646875 0$ 0'
#647000 1!
#647750 0)
#648000 1" 1$ 1% 1&
#648250 0+
#649250 1+
#649500 1)
#649750 0% 0& 1'
#650500 0-
#650625 0)
#650750 0! 0" 0#
#651000 0*
#652125 1*
#652750 1!
#652875 0*
#654000 1*
#654500 0!
#654625 1"
#654750 0*
#655875 1*
#656500 1!
#656625 0*
#657750 1*
#658875 1) 1-
#659125 0! 1# 0$ 1% 1(
#659875 0)
#660125 0" 0# 0(
#660375 0*
#661500 1*
#661625 1)
#662000 1! 1" 1# 1$ 1& 1(
#662750 0)
#664500 1)
#664750 0% 0& 0(
#665500 0) 0-
#665750 0! 0"
#666000 0*
#667000 1*
#667625 1!
#667875 0*
#668875 1*
#669500 0!
#669625 1"
#669750 0*
#670750 1*
#671375 1!
#671625 0*
#672625 1*
#673875 1) 1-
#674000 0!
#674125 0$ 1% 1(
#674875 0)
#675125 0" 0(
#675375 0*
#676375 1*
#676625 1)
#677000 1! 1" 1$ 1& 1(
#677750 0)
#679500 1)
#679750 0% 0& 0(
#680500 0) 0-
#680750 0! 0" 0# 0$
#680875 1%
#681000 0*
#682000 1*
#682625 1!
#682875 0*
#683875 1*
#684500 0!
#684625 1"
#684750 0*
#685750 1*
#686375 1!
#686625 0*
#687625 1*
#688875 1) 1-
#689000 0!
#689125 1# 1(
#689875 0)
#690125 0" 0# 1$ 0(
#690375 0*
#691375 1*
#691625 1)
#692000 1! 1" 1# 1& 1(
#692750 0)
#694375 1)
#694750 0% 0& 0(
#695500 0) 0-
#695750 0! 0" 0$ 1%
#696000 0*
#697000 1*
#697625 1!
#697875 0*
#698875 1*
#699500 0! 1"
#699750 0*
#700750 1*
#701375 1!
#701625 0*
#702625 1*
#703750 1)
#703875 1-
#704000 0!
#704125 1(
#704875 0)
#705125 0" 1$ 0(
#705375 0*
#706375 1*
#706625 1)
#706875 0$ 0% 0'
#707000 1"
#707750 0)
#708000 1! 1$ 1% 1&
#708250 0*
#709250 1*
#709375 1)
#709625 0% 0&
#709750 1'
#710500 0) 0-
#710750 0! 0" 0# 1%
#711000 0*
#712000 1*
#712625 1!
#712875 0*
#713875 1*
#714500 0! 1"
#714750 0*
#715750 1*
#716375 1!
#716625 0*
#717625 1*
#718750 1)
#718875 1-
#719000 0! 0$
#719125 1# 1(
#719875 0)
#720125 0" 0# 0% 1& 0(
#720375 0*
#721375 1*
#721625 1)
#721875 1! 1" 1# 1(
#722000 1$ 1%
#722750 0)
#724375 1)
#724625 0% 0& 0(
#725500 0) 0-
#725625 0!
#725750 0" 1%
#726000 0*
#727000 1*
#727625 1!
#727875 0*
#728875 1*
#729375 0!
#729500 1"
#729750 0*
#730750 1*
#731375 1!
#731625 0*
#732625 1*
#733750 1) 1-
#734000 0! 0$ 1(
#734875 0)
#735000 0(
#735125 0" 0% 1&
#735375 0*
#736375 1*
#736625 1)
#736875 1! 1" 1$ 1% 1(
#737625 0)
#738125 0/
#739375 1)
#739625 0% 0& 0(
#740500 0) 0-
#740625 0! 0"
#740750 0# 0$ 1&
#741000 0*
#742000 1*
#742625 1!
#742875 0*
#743875 1*
#744375 0!
#744500 1"
#744750 0*
#745125 1/
#745750 1*
#746375 1!
#746625 0*
#747625 1*
#748750 1) 1-
#749000 0! 0& 1(
#749125 1# 1%
#749875 0)
#750000 0# 0% 0(
#750125 0" 1$ 1&
#750375 0*
#751375 1*
#751500 1)
#751875 1! 1" 1# 1% 1(
#752625 0)
#754375 1)
#754625 0% 0& 0(
#755375 0-
#755500 0)
#755625 0! 0" 0$
#755750 1&
#756000 0*
#757000 1*
#757625 1!
#757875 0*
#758875 1*
#759375 0!
#759500 1"
#759750 0*
#760750 1*
#761375 1!
#761625 0*
#762625 1*
#763750 1) 1-
#764000 0! 0& 1(
#764125 1%
#764875 0)
#765000 0" 0% 0(
#765125 1$ 1&
#765375 0*
#766375 1*
#766500 1)
#766750 0$ 0& 0'
#766875 1! 1"
#767625 0)
#767875 1$ 1% 1&
#768125 0+
#769125 1+
#769375 1)
#769625 0% 0& 1'
#770375 0-
#770500 0)
#770625 0! 0" 0#
#770750 1&
#771000 0*
#772000 1*
#772625 1!
#772875 0*
#773875 1*
#774375 0!
#774500 1"
#774750 0*
#775750 1*
#776375 1!
#776625 0*
#777625 1*
#778750 1) 1-
#779000 0! 1# 0$ 0& 1(
#779125 1%
#779875 0)
#780000 0" 0# 0(
#780125 1&
#780375 0*
#781375 1*
#781500 1)
#781875 1! 1" 1# 1$ 1(
#782625 0)
#784375 1)
#784625 0% 0& 0(
#785375 0-
#785500 0)
#785625 0! 0"
#785750 1&
#786000 0*
#787000 1*
#787625 1!
#787875 0*
#788875 1*
#789375 0!
#789500 1"
#789625 0*
#790750 1*
#791375 1!
#791625 0*
#792625 1*
#793750 1) 1-
#794000 0! 0$ 1% 0& 1( 0/
#794875 0)
#795000 0" 0(
#795125 1&
#795250 0*
#796375 1*
#796500 1)
#796875 1! 1" 1$ 1(
#797625 0)
#799375 1)
#799625 0% 0& 0(
#800375 0-
#800500 0)
#800625 0! 0" 0# 0$
#800750 1% 1&
#800875 0*
#801000 1/
#802000 1*
#802625 1!
#802750 0*
#803875 1*
#804375 0!
#804500 1"
#804625 0*
#805750 1*
#806375 1!
#806500 0*
#807625 1*
#808750 1) 1-
#809000 0! 1# 0& 1(
#809875 0)
#810000 0" 0# 0(
#810125 1$ 1&
#810250 0*
#811375 1*
#811500 1)
#811875 1! 1" 1# 1(
#812625 0)
#814375 1)
#814625 0% 0& 0(
#815375 0) 0-
#815625 0! 0" 0$
#815750 1% 1&
#815875 0*
#817000 1*
#817625 1!
#817750 0*
#818875 1*
#819375 0!
#819500 1"
#819625 0*
#820750 1*
#821375 1!
#821500 0*
#822625 1*
#823750 1) 1-
#824000 0! 0& 1(
#824875 0)
#825000 0" 0(
#825125 1$ 1&
#825250 0*
#826375 1*
#826500 1)
#826750 0# 0% 0& 0'
#827625 0)
#827875 1! 1" 1# 1% 1&
#828125 0*
#829125 1*
#829375 1)
#829625 0% 0& 1'
#830375 0-
#830500 0)
#830625 0! 0" 0#
#830750 1% 1&
#830875 0*
#832000 1*
#832625 1!
#832750 0*
#833875 1*
#834375 0!
#834500 1"
#834625 0*
#835750 1*
#836375 1!
#836500 0*
#837625 1*
#838750 1) 1-
#839000 1# 1(
#839875 0)
#840375 0+
#841375 1+
#841500 1)
#842625 0)
#844375 1)
#844625 0% 0& 0(
#845375 0-
#845500 0)
#845625 0! 0"
#845750 1% 1&
#846000 0*
#847000 1*
#847625 1!
#847875 0*
#848875 1*
#849375 0!
#849500 1"
#849750 0*
#850750 1*
#851375 1!
#851625 0*
#852625 1*
#853750 1) 1-
#854000 0! 0$ 0& 1(
#854875 0)
#855000 0" 0# 0% 0' 0(
#855375 0*
#856375 1*
#857000 1!
#857250 0*
#858250 1*
#858750 0!
#858875 1"
#859125 0*
#859875 1)
#860125 1' 1( 1*
#860250 1# 1%
#860875 0)
#861125 0" 0# 0% 0' 0(
#861375 0*
#862375 1*
#863125 1!
#863250 0*
#864250 1*
#864875 0!
#865000 1"
#865125 0*
#865875 1)
#866125 1*
#866250 1! 1# 1$ 1% 1& 1' 1(
#867000 0)
#868750 1)
#869000 0! 0" 0# 0&
#869875 0)
#870000 0% 0' 0(
#870125 1" 1#
#870375 0*
#871375 1*
#872000 1%
#872250 0*
#873250 1*
#873375 1)
#873625 0"
#873750 0$ 1' 1(
#874500 0)
#874750 1" 1$ 0% 0' 0(
#875000 0*
#876000 1*
#876250 1)
#876500 0" 0# 1' 1(
#876625 1%
#877375 0)
#877500 0% 0' 0(
#877625 1" 1#
#877875 0*
#878875 1*
#879500 1%
#879750 0*
#880750 1*
#881000 1)
#881250 0" 0$ 1' 1(
#882000 0)
#882250 0% 0' 0(
#882375 1" 1$
#882500 0*
#883500 1*
#883750 1)
#884000 0$
#884125 1% 1' 1(
#884875 0)
#885000 0(
#885125 0" 0# 0% 0'
#885375 0*
#886375 1*
#887000 1!
#887250 0*
#888250 1*
#888750 0!
#888875 1"
#889125 0*
#889875 1)
#890125 1*
#890250 1# 1% 1' 1(
#891000 0)
#891125 0" 0# 0% 0' 0(
#891500 0*
#892500 1*
#893125 1!
#893375 0*
#894375 1*
#894875 0!
#895000 1"
#895250 0*
#896375 1)
#896625 1*
#897250 1! 1# 1$ 1% 1& 1' 1(
#898000 0)
#900125 1)
#900500 0! 0" 0# 0&
#901250 0)
#902000 1" 1# 0% 0' 0(
#902250 0*
#903250 1*
#903875 1%
#904125 0*
#905125 1*
#905375 1)
#905625 0" 0$ 1' 1(
#906500 0)
#906625 0% 0' 0(
#906750 1" 1$
#907000 0*
#908000 1*
#908125 1)
#908375 0" 0#
#908500 1% 1' 1(
#909250 0)
#909500 1" 1# 0% 0' 0(
#909750 0*
#910750 1*
#911375 1%
#911625 0*
#912625 1*
#912875 1)
#913125 0" 0$ 1' 1(
#914000 0)
#914125 0% 0' 0(
#914250 1" 1$
#914500 0*
#915500 1*
#915625 1)
#915875 0$
#916000 1% 1' 1(
#916750 0)
#917000 0" 0# 0% 0' 0(
#917250 0*
#918250 1*
#918875 1!
#919125 0*
#920125 1*
#920750 0! 1"
#921000 0*
#921750 1)
#922000 1*
#922125 1# 1% 1' 1(
#922875 0)
#923125 0" 0# 0% 0' 0(
#923375 0*
#924375 1*
#925000 1!
#925250 0*
#925375 0/
#926250 1*
#926875 0! 1"
#927125 0*
#927875 1)
#928125 1*
#928250 1! 1# 1$ 1% 1& 1' 1(
#929000 0)
#930750 1)
#931000 0! 0" 0# 0&
#931750 0)
#932000 0% 0' 0(
#932125 1" 1#
#932250 0*
#932375 1/
#933250 1*
#934000 1%
#934125 0*
#935125 1*
#935375 1)
#935625 0" 0$
#935750 1' 1(
#936500 0)
#936625 0(
#936750 1" 1$ 0% 0'
#937000 0*
#938000 1*
#938250 1)
#938500 0" 0# 1% 1' 1(
#939375 0)
#939500 0% 0' 0(
#939625 1" 1#
#939750 0*
#940875 1*
#941500 1%
#941625 0*
#942750 1*
#942875 1)
#943125 0" 0$
#943250 1' 1(
#944000 0)
#944250 1" 1$ 0% 0' 0(
#944500 0*
#945500 1*
#945750 1)
#946000 0$ 1' 1(
#946125 1%
#946875 0)
#947000 0" 0# 0% 0' 0(
#947250 0*
#948375 1*
#949000 1!
#949250 0*
#950250 1*
#950750 0!
#950875 1"
#951125 0*
#951875 1)
#952125 1' 1( 1*
#952250 1# 1%
#952875 0)
#953125 0" 0# 0% 0' 0(
#953375 0*
#954375 1*
#955125 1!
#955250 0*
#956250 1*
#956875 0!
#957000 1"
#957125 0*
#957875 1)
#958125 1*
#958250 1! 1# 1$ 1% 1& 1' 1(
#959000 0)
#960750 1)
#961000 0! 0" 0# 0&
#961875 0)
#962000 0% 0' 0(
#962125 1" 1#
#962375 0*
#963375 1*
#964000 1%
#964250 0*
#965250 1*
#965375 1)
#965750 0" 0$ 1' 1(
#966500 0)
#966750 1" 1$ 0% 0' 0(
#967000 0*
#968000 1*
#968250 1)
#968500 0" 0# 1(
#968625 1% 1'
#969375 0)
#969500 0% 0' 0(
#969625 1" 1#
#969875 0*
#970875 1*
#971500 1%
#971750 0*
#972750 1*
#973000 1)
#973250 0" 0$ 1' 1(
#974000 0)
#974250 0% 0' 0(
#974375 1" 1$
#974500 0*
#975500 1*
#975750 1)
#981250 0/
#988250 1/
#991125 1! 1% 1& 1' 1(
#991875 0)
#993625 1)
#995625 0)
#997375 1)
#1000375 0! 0&
#1000500 0$
#1001250 0)
#1001500 0" 0# 0% 0' 0(
#1001750 0*
#1002750 1*
#1003000 1)
#1003250 1'
#1004125 0)
#1004250 0'
#1004625 0+
#1005625 1+
#1005750 1)
#1006125 1! 1" 1# 1$ 1% 1& 1' 1(
#1006875 0)
#1007375 0+
#1008375 1+
#1009250 0+
#1010250 1+
#1011125 0+
#1012125 1+
#1013000 0+
#1014000 1+
#1015125 1)
#1015500 0! 0$ 0&
#1016250 0)
#1016500 0" 0% 0' 0(
#1016750 0*
#1017750 1*
#1018000 1)
#1018375 1! 1" 1$ 1% 1& 1' 1(
#1019125 0)
#1020750 1)
#1021125 0% 0& 0(
#1021875 0) 0-
#1022125 0! 0" 0# 0$ 0' 1(
#1022375 0*
#1023375 1*
#1024000 1!
#1024250 0*
#1025250 1*
#1025875 0!
#1026000 1"
#1026125 0*
#1027125 1*
#1027750 1!
#1028000 0*
#1029000 1*
#1030250 1) 1-
#1030375 0!
#1030500 1# 1% 1'
#1031250 0)
#1031500 0" 0# 0% 0' 0(
#1031625 1$
#1031750 0*
#1032750 1*
#1033000 1)
#1033375 1! 1" 1# 1% 1& 1' 1(
#1034125 0)
#1035875 1)
#1036125 0% 0& 0(
#1036875 0) 0-
#1037125 0! 0" 0$ 0' 1(
#1037375 0*
#1038375 1*
#1039000 1!
#1039250 0*
#1040250 1*
#1040875 0!
#1041000 1"
#1041125 0*
#1042125 1*
#1042750 1!
#1043000 0*
#1044000 1*
#1045250 1) 1-
#1045375 0!
#1045500 1% 1'
#1046250 0)
#1046500 0" 0% 0' 0(
#1046625 1$
#1046750 0*
#1047750 1*
#1048000 1)
#1048250 0#
#1048375 1!
#1049125 0)
#1049375 1" 1# 1% 1&
#1049625 0+
#1050625 1+
#1050875 1)
#1051125 0% 0& 1'
#1051875 0) 0-
#1052125 0! 0" 0# 0' 1(
#1052375 0*
#1053375 1*
#1054000 1!
#1054250 0*
#1055250 1*
#1055875 0!
#1056000 1"
#1056125 0*
#1057125 1*
#1057750 1!
#1058000 0*
#1059000 1*
#1060250 1) 1-
#1060375 0!
#1060500 1# 0$ 1% 1'
#1061250 0)
#1061500 0" 0# 0' 0(
#1061750 0*
#1062750 1*
#1063000 1)
#1063375 1! 1" 1# 1$ 1& 1' 1(
#1064125 0)
#1065875 1)
#1066125 0% 0& 0(
#1066875 0) 0-
#1067125 0! 0" 0' 1(
#1067375 0*
#1068375 1*
#1069000 1!
#1069250 0*
#1070250 1*
#1070875 0!
#1071000 1"
#1071125 0*
#1072125 1*
#1072750 1!
#1073000 0*
#1073500 0/
#1074000 1*
#1075250 1) 1-
#1075375 0!
#1075500 0$ 1% 1'
#1076250 0)
#1076500 0" 0' 0(
#1076750 0*
#1077750 1*
#1078000 1)
#1078375 1! 1" 1$ 1& 1' 1(
#1079125 0)
#1080500 1/
#1080750 1)
#1081125 0% 0& 0(
#1081875 0) 0-
#1082125 0! 0" 0# 0$ 1% 0' 1(
#1082375 0*
#1083375 1*
#1084000 1!
#1084250 0*
#1085250 1*
#1085875 0! 1"
#1086125 0*
#1087125 1*
#1087750 1!
#1088000 0*
#1089000 1*
#1090125 1)
#1090250 1-
#1090375 0!
#1090500 1# 1'
#1091250 0)
#1091500 0" 0# 1$ 0' 0(
#1091750 0*
#1092750 1*
#1093000 1)
#1093250 1(
#1093375 1! 1" 1# 1& 1'
#1094125 0)
#1095750 1)
#1096000 0& 0(
#1096125 0%
#1096875 0) 0-
#1097125 0! 0" 0$ 1% 0' 1(
#1097375 0*
#1098375 1*
#1099000 1!
#1099250 0*
#1100250 1*
#1100875 0! 1"
#1101125 0*
#1102125 1*
#1102750 1!
#1103000 0*
#1104000 1*
#1105125 1)
#1105250 1-
#1105375 0!
#1105500 1'
#1106250 0)
#1106500 0" 1$ 0' 0(
#1106750 0*
#1107750 1*
#1108000 1)
#1108250 0# 0%
#1108375 1"
#1109125 0)
#1109375 1! 1# 1% 1&
#1109625 0*
#1110625 1*
#1110750 1)
#1111000 0% 0&
#1111125 1'
#1111875 0) 0-
#1112125 0! 0" 0# 1% 0' 1(
#1112375 0*
#1113375 1*
#1114000 1!
#1114250 0*
#1115250 1*
#1115750 0!
#1115875 1"
#1116125 0*
#1117125 1*
#1117750 1!
#1118000 0*
#1119000 1*
#1120125 1)
#1120250 1-
#1120375 0! 0$
#1120500 1# 1'
#1121250 0)
#1121500 0" 0# 0% 1& 0' 0(
#1121750 0*
#1122750 1*
#1123000 1)
#1123250 1! 1# 1' 1(
#1123375 1" 1$ 1%
#1124125 0)
#1125750 1)
#1126000 0% 0& 0(
#1126875 0) 0-
#1127000 0!
#1127125 0" 1% 0' 1(
#1127375 0*
#1128375 1*
#1129000 1!
#1129250 0*
#1129375 0/
#1130250 1*
#1130750 0!
#1130875 1"
#1131125 0*
#1132125 1*
#1132750 1!
#1133000 0*
#1134000 1*
#1135125 1) 1-
#1135375 0! 0$
#1135500 1'
#1136250 0)
#1136375 0' 1/
#1136500 0" 0% 1& 0(
#1136750 0*
#1137750 1*
#1138000 1)
#1138250 1! 1" 1$ 1% 1' 1(
#1139000 0)
#1140750 1)
#1141000 0% 0& 0(
#1141875 0) 0-
#1142000 0!
#1142125 0" 0# 0$ 1& 0' 1(
#1142375 0*
#1143375 1*
#1144000 1!
#1144250 0*
#1145250 1*
#1145750 0!
#1145875 1"
#1146125 0*
#1147125 1*
#1147750 1!
#1148000 0*
#1149000 1*
#1150125 1) 1-
#1150375 0! 0& 1'
#1150500 1# 1%
#1151250 0)
#1151375 0# 0'
#1151500 0" 1$ 0% 1& 0(
#1151750 0*
#1152750 1*
#1152875 1)
#1153250 1! 1" 1# 1% 1' 1(
#1154000 0)
#1155750 1)
#1156000 0% 0& 0(
#1156750 0-
#1156875 0)
#1157000 0! 0" 0'
#1157125 0$ 1& 1(
#1157375 0*
#1158375 1*
#1159000 1!
#1159250 0*
#1160250 1*
#1160750 0!
#1160875 1"
#1161125 0*
#1162125 1*
#1162750 1!
#1163000 0*
#1164000 1*
#1165125 1) 1-
#1165375 0! 0& 1'
#1165500 1%
#1166250 0)
#1166375 0" 0% 0' 0(
#1166500 1$ 1&
#1166750 0*
#1167750 1*
#1167875 1)
#1168125 0# 0&
#1168250 1! 1"
#1169000 0)
#1169250 1# 1% 1&
#1169500 0+
#1170500 1+
#1170750 1)
#1171000 0% 0& 1'
#1171750 0-
#1171875 0)
#1172000 0! 0" 0# 0'
#1172125 1& 1(
#1172375 0*
#1173375 1*
#1174000 1!
#1174250 0*
#1175250 1*
#1175750 0!
#1175875 1"
#1176125 0*
#1177125 1*
#1177750 1!
#1178000 0*
#1179000 1*
#1180125 1) 1-
#1180375 0! 1# 0$ 1% 0& 1'
#1181250 0)
#1181375 0" 0# 0' 0(
#1181500 1&
#1181625 0*
#1182750 1*
#1182875 1)
#1183250 1! 1" 1# 1$ 1' 1(
#1184000 0)
#1185750 1)
#1186000 0% 0& 0(
#1186750 0) 0-
#1187000 0! 0" 0' 1(
#1187125 1&
#1187250 0*
#1188375 1*
#1189000 1!
#1189125 0*
#1190250 1*
#1190750 0!
#1190875 1"
#1191000 0*
#1192125 1*
#1192625 1!
#1192875 0*
#1194000 1*
#1195125 1) 1-
#1195375 0! 0$ 1% 0& 1'
#1196125 0)
#1196375 0" 0' 0(
#1196500 1&
#1196625 0*
#1197625 1*
#1197875 1)
#1198250 1! 1" 1$ 1' 1(
#1199000 0)
#1200750 1)
#1201000 0% 0& 0(
#1201750 0) 0-
#1202000 0! 0" 0# 0$ 1& 0' 1(
#1202125 1%
#1202250 0*
#1203250 1*
#1203875 1!
#1204125 0*
#1205125 1*
#1205750 0!
#1205875 1"
#1206000 0*
#1207000 1*
#1207625 1!
#1207875 0*
#1208875 1*
#1210125 1) 1-
#1210250 0!
#1210375 1# 0& 1'
#1211125 0)
#1211375 0" 0# 1& 0' 0(
#1211500 1$
#1211625 0*
#1212625 1*
#1212875 1)
#1213250 1! 1" 1# 1' 1(
#1214000 0)
#1215750 1)
#1216000 0% 0& 0(
#1216750 0) 0-
#1217000 0! 0" 0$ 1& 0' 1(
#1217125 1%
#1217250 0*
#1218250 1*
#1218875 1!
#1219125 0*
#1220125 1*
#1220750 0!
#1220875 1"
#1221000 0*
#1222000 1*
#1222625 1!
#1222875 0*
#1223875 1*
#1225125 1) 1-
#1225250 0!
#1225375 0& 1'
#1226125 0)
#1226375 0" 1& 0' 0(
#1226500 1$
#1226625 0*
#1227625 1*
#1227875 1)
#1228125 0% 0&
#1229000 0)
#1229250 1! 1" 1% 1&
#1229500 0*
#1230500 1*
#1230750 1)
#1230875 0% 0&
#1231000 1'
#1231750 0) 0-
#1232000 0! 0" 0# 1% 1& 0' 1(
#1232250 0*
#1233250 1*
#1233875 1!
#1234125 0*
#1235125 1*
#1235750 0!
#1235875 1"
#1236000 0*
#1237000 1*
#1237625 1!
#1237875 0*
#1238875 1*
#1240125 1) 1-
#1240250 0!
#1240375 1# 0$ 0& 1'
#1241125 0)
#1241375 0" 0# 0% 0(
#1241625 0*
#1242625 1*
#1242875 1)
#1243250 1! 1" 1# 1$ 1% 1& 1(
#1244000 0)
#1245625 1)
#1246000 0% 0& 0(
#1246750 0) 0-
#1247000 0! 0" 1% 1& 0' 1(
#1247250 0*
#1248250 1*
#1248875 1!
#1249125 0*
#1250125 1*
#1250750 0!
#1250875 1"
#1251000 0*
#1252000 1*
#1252625 1!
#1252875 0*
#1253875 1*
#1255125 1) 1-
#1255250 0!
#1255375 0$ 0& 1'
#1256125 0)
#1256375 0" 0% 0(
#1256625 0*
#1257625 1*
#1257875 1)
#1258250 1! 1" 1$ 1% 1& 1(
#1259000 0)
#1260750 1)
#1261000 0% 0& 0(
#1261750 0) 0-
#1262000 0! 0" 0# 0$ 1(
#1262250 0*
#1263250 1*
#1263875 1!
#1264125 0*
#1265125 1*
#1265750 0!
#1265875 1"
#1266000 0*
#1267000 1*
#1267625 1!
#1267875 0*
#1268875 1*
#1270125 1) 1-
#1270250 0!
#1270375 1# 1%
#1271125 0)
#1271375 0" 0# 0% 0(
#1271500 1$
#1271625 0*
#1272625 1*
#1272875 1)
#1273250 1! 1" 1# 1% 1& 1(
#1274000 0)
#1275750 1)
#1276000 0% 0& 0(
#1276750 0) 0-
#1277000 0! 0" 0$ 1(
#1277250 0*
#1278250 1*
#1278875 1!
#1279125 0*
#1280125 1*
#1280750 0!
#1280875 1"
#1281000 0*
#1282000 1*
#1282625 1!
#1282875 0*
#1284000 1*
#1285125 1) 1-
#1285375 0! 1%
#1286125 0)
#1286375 0" 0% 0(
#1286500 1$
#1286625 0*
#1287750 1*
#1287875 1)
#1288125 0'
#1288250 1!
#1289000 0)
#1289250 1" 1% 1&
#1289500 0+
#1290500 1+
#1290750 1)
#1291000 0% 0& 1'
#1291750 0) 0-
#1292000 0! 0" 0# 1(
#1292250 0*
#1293375 1*
#1294000 1!
#1294125 0*
#1295250 1*
#1295750 0!
#1295875 1"
#1296000 0*
#1297125 1*
#1297750 1!
#1297875 0*
#1299000 1*
#1300125 1) 1-
#1300375 0! 1# 0$
#1300500 1%
#1301250 0)
#1301375 0" 0# 0(
#1301625 0*
#1302750 1* 00
#1302875 1)
#1303250 1! 1" 1# 1$ 1& 1(
#1304000 0)
#1305750 1)
#1306000 0% 0& 0(
#1306750 0-
#1306875 0)
#1307000 0! 0"
#1307125 1(
#1307375 0*
#1308375 1*
#1309000 1!
#1309250 0*
#1309625 10
#1310250 1*
#1310750 0!
#1310875 1"
#1311125 0*
#1312125 1*
#1312750 1!
#1313000 0*
#1314000 1*
#1315125 1) 1-
#1315375 0! 0$
#1315500 1%
#1316250 0)
#1316375 0" 0(
#1316750 0*
#1317750 1*
#1317875 1)
#1318250 1! 1" 1$ 1& 1(
#1319000 0)
#1320750 1)
#1321000 0% 0& 0(
#1321750 0-
#1321875 0)
#1322000 0! 0" 0# 0$
#1322125 1% 1(
#1322375 0*
#1323375 1*
#1324000 1!
#1324250 0*
#1325250 1*
#1325750 0!
#1325875 1"
#1326125 0*
#1327125 1*
#1327750 1!
#1328000 0*
#1329000 1*
#1330125 1) 1-
#1330375 0!
#1330500 1#
#1331250 0)
#1331375 0#
#1331500 0" 1$ 0(
#1331750 0*
#1332750 1*
#1333000 1)
#1333250 1! 1" 1# 1& 1(
#1334000 0)
#1335750 1)
#1336000 0% 0& 0(
#1336875 0) 0-
#1337000 0!
#1337125 0" 0$ 1% 1(
#1337375 0*
#1338375 1*
#1339000 1!
#1339250 0*
#1340250 1*
#1340750 0!
#1340875 1"
#1341125 0*
#1342125 1*
#1342750 1!
#1343000 0*
#1344000 1*
#1345125 1)
#1345250 1-
#1345375 0!
#1346250 0)
#1346500 0" 1$ 0(
#1346750 0*
#1347750 1*
#1348000 1)
#1348250 1" 0% 0'
#1349125 0)
#1349375 1! 1% 1&
#1349625 0*
#1350625 1*
#1350750 1)
#1351000 0% 0&
#1351125 1'
#1351875 0) 0-
#1352125 0! 0" 0# 1% 1(
#1352375 0*
#1353375 1*
#1354000 1!
#1354250 0*
#1355250 1*
#1355875 0! 1"
#1356125 0*
#1357125 1*
#1357750 1!
#1358000 0*
#1359000 1*
#1360125 1)
#1360250 1-
#1360375 0!
#1360500 1# 0$
#1361250 0)
#1361500 0" 0# 0% 1& 0(
#1361750 0*
#1362750 1*
#1363000 1)
#1363250 1(
#1363375 1! 1" 1# 1$ 1%
#1364125 0)
#1365750 1)
#1366125 0% 0& 0(
#1366875 0) 0-
#1367125 0! 0" 1% 1(
#1367375 0*
#1368375 1*
#1369000 1!
#1369250 0*
#1370250 1*
#1370875 0! 1"
#1371125 0*
#1372125 1*
#1372750 1!
#1373000 0*
#1374000 1*
#1375250 1) 1-
#1375375 0!
#1375500 0$
#1376250 0)
#1376500 0" 0% 0(
#1376625 1&
#1376750 0*
#1377750 1*
#1378000 1)
#1378125 00
#1378375 1! 1" 1$ 1% 1(
#1379125 0)
#1380875 1)
#1381125 0% 0& 0(
#1381875 0) 0-
#1382125 0! 0" 0# 0$ 1(
#1382250 1&
#1382375 0*
#1383375 1*
#1384125 1!
#1384250 0*
#1385125 10
#1385375 1*
#1385875 0!
#1386000 1"
#1386125 0*
#1387250 1*
#1387875 1!
#1388000 0*
#1389125 1*
#1390250 1) 1-
#1390500 0! 1# 1% 0&
#1391375 0)
#1391500 0" 0# 0% 0(
#1391625 1$ 1&
#1391750 0*
#1392875 1*
#1393000 1)
#1393375 1! 1" 1# 1% 1(
#1394125 0)
#1395875 1)
#1396125 0% 0& 0(
#1396875 0-
#1397000 0)
#1397125 0! 0" 0$
#1397250 1& 1(
#1397500 0*
#1398500 1*
#1399125 1!
#1399375 0*
#1400375 1*
#1400875 0!
#1401000 1"
#1401250 0*
#1402250 1*
#1402875 1!
#1403125 0*
#1404125 1*
#1405250 1) 1-
#1405500 0! 0&
#1405625 1%
#1406375 0)
#1406500 0" 0% 0(
#1406625 1$ 1&
#1406875 0*
#1407875 1*
#1408000 1)
#1408250 0& 0'
#1408375 1! 1"
#1409125 0)
#1409375 1% 1&
#1409625 0+
#1410625 1+
#1410875 1)
#1411125 0% 0& 1'
#1411875 0-
#1412000 0)
#1412125 0! 0" 0#
#1412250 1& 1(
#1412500 0*
#1413500 1*
#1414125 1!
#1414375 0*
#1415375 1*
#1415875 0!
#1416000 1"
#1416250 0*
#1417250 1*
#1417875 1!
#1418125 0*
#1419125 1*
#1420250 1) 1-
#1420500 0! 0$ 0&
#1420625 1# 1%
#1421375 0)
#1421500 0# 0(
#1421625 0" 1&
#1421875 0*
#1422875 1*
#1423125 1)
#1423375 1! 1" 1# 1$ 1(
#1424125 0)
#1425875 1)
#1426125 0% 0& 0(
#1427000 0) 0-
#1427125 0! 0"
#1427250 1& 1(
#1427500 0*
#1428500 1*
#1429125 1!
#1429375 0*
#1430375 1*
#1430875 0!
#1431000 1"
#1431250 0*
#1432250 1*
#1432875 1!
#1433125 0*
#1434125 1*
#1435250 1)
#1435375 1-
#1435500 0! 0$ 0&
#1435625 1%
#1436375 0)
#1436625 0" 1& 0(
#1436875 0*
#1437875 1*
#1438125 1)
#1438375 1! 1" 1$ 1(
#1439250 0)
#1440875 1)
#1441125 0% 0& 0(
#1442000 0) 0-
#1442250 0! 0" 0# 0$ 1% 1& 1(
#1442500 0*
#1443500 1*
#1444125 1!
#1444375 0*
#1445375 1*
#1445875 0!
#1446000 1"
#1446250 0*
#1447250 1*
#1447875 1!
#1448125 0*
#1449125 1*
#1450250 1)
#1450375 1-
#1450500 0! 0&
#1450625 1#
#1451375 0)
#1451625 0" 0# 1$ 1& 0(
#1451875 0*
#1452875 1*
#1453125 1)
#1453375 1! 1" 1(
#1453500 1#
#1454250 0)
#1455875 1)
#1456125 0% 0& 0(
#1457000 0) 0-
#1457250 0! 0" 0$ 1% 1& 1(
#1457500 0*
#1458500 1*
#1459125 1!
#1459375 0*
#1460375 1*
#1461000 0! 1"
#1461250 0*
#1462250 1*
#1462875 1!
#1463125 0*
#1464125 1*
#1465250 1)
#1465375 1-
#1465500 0! 0&
#1466375 0)
#1466625 0" 1$ 1& 0(
#1466875 0*
#1467875 1*
#1468125 1)
#1468375 0# 0$ 0& 0'
#1469250 0)
#1469500 1! 1" 1# 1$ 1&
#1469750 0*
#1470750 1*
#1470875 1)
#1471125 0% 0&
#1471250 1'
#1472000 0) 0-
#1472250 0! 0" 0# 1% 1& 1(
#1472500 0*
#1473500 1*
#1474125 1!
#1474375 0*
#1475375 1*
#1476000 0! 1"
#1476250 0*
#1477250 1*
#1477875 1!
#1478125 0*
#1479125 1*
#1480250 1)
#1480375 1-
#1480625 1#
#1481375 0)
#1481875 0+
#1482875 1+
#1483125 1)
#1484250 0)
#1485875 1)
#1486125 0% 0& 0(
#1487000 0) 0-
#1487250 0! 0" 1% 1& 1(
#1487500 0*
#1488500 1*
#1489125 1!
#1489375 0*
#1490375 1*
#1491000 0! 1"
#1491250 0*
#1492250 1*
#1492875 1!
#1493125 0*
#1494125 1*
#1495250 1)
#1495375 1-
#1495500 0! 0&
#1495625 0$
#1496375 0)
#1496625 0" 0# 0% 0' 0(
#1496875 0*
#1497875 1*
#1498500 1!
#1498750 0*
#1499750 1*
#1500375 0! 1"
#1500625 0*
#1501375 1)
#1501625 1*
#1501750 1# 1% 1' 1(
#1502500 0)
#1502625 0(
#1502750 0" 0# 0% 0'
#1503000 0*
#1504000 1*
#1504625 1!
#1504875 0*
#1505875 1*
#1506375 0!
#1506500 1"
#1506750 0*
#1507500 1)
#1507750 1( 1*
#1507875 1! 1# 1$ 1% 1& 1'
#1508625 0)
#1510250 1)
#1510500 0! 0" 0# 0&
#1511375 0)
#1511625 1! 1" 1# 0% 0' 0(
#1511875 0*
#1512875 1*
#1513500 1%
#1513750 0*
#1514750 1*
#1515000 1)
#1515250 0! 0" 0$ 1' 1(
#1516125 0)
#1516250 0% 0' 0(
#1516375 1! 1" 1$
#1516500 0*
#1517625 1*
#1517750 1)
#1518000 0! 0" 0#
#1518125 1% 1' 1(
#1518875 0)
#1519125 1! 1" 1# 0% 0' 0(
#1519375 0*
#1520375 1*
#1521000 1%
#1521250 0*
#1522250 1*
#1522500 1)
#1522750 0! 0" 0$ 1' 1(
#1523625 0)
#1523750 0% 0' 0(
#1523875 1! 1" 1$
#1524000 0*
#1525125 1*
#1525250 1)
#1525500 0! 0$
#1525625 1% 1' 1(
#1526375 0)
#1526625 0" 0# 0% 0' 0(
#1526875 0*
#1527875 1*
#1528500 1!
#1528750 0*
#1529750 1*
#1530250 0!
#1530375 1"
#1530625 0*
#1531375 1)
#1531625 1*
#1531750 1# 1% 1' 1(
#1532500 0)
#1532625 0# 0% 0' 0(
#1532750 0"
#1533000 0*
#1534000 1*
#1534625 1!
#1534875 0*
#1535875 1*
#1536375 0!
#1536500 1"
#1536750 0*
#1537875 1)
#1538125 1*
#1538750 1! 1# 1$ 1% 1& 1' 1(
#1539500 0)
#1541625 1)
#1541875 0! 0#
#1542000 0" 0&
#1542750 0)
#1543375 0(
#1543500 1! 1" 1# 0% 0'
#1543750 0*
#1544750 1*
#1545375 1%
#1545625 0*
#1546625 1*
#1546875 1)
#1547000 0!
#1547125 0" 0$ 1' 1(
#1547875 0)
#1548125 1! 1" 0% 0' 0(
#1548250 1$
#1548375 0*
#1549375 1*
#1549625 1)
#1549875 0! 0" 0# 1(
#1550000 1% 1'
#1550750 0)
#1550875 0% 0' 0(
#1551000 1! 1" 1#
#1551250 0*
#1552250 1*
#1552875 1%
#1553125 0*
#1554125 1*
#1554250 1)
#1554500 0! 0"
#1554625 0$ 1' 1(
#1555375 0)
#1555625 1! 1" 1$ 0% 0' 0(
#1555875 0*
#1556875 1*
#1557125 1)
#1557375 0! 0$ 1' 1(
#1557500 1%
#1558250 0)
#1558375 0# 0% 0' 0(
#1558500 0"
#1558750 0*
#1559750 1*
#1560375 1!
#1560625 0*
#1561625 1*
#1562125 0!
#1562250 1"
#1562500 0*
#1563250 1)
#1563500 1( 1*
#1563625 1# 1% 1'
#1564375 0)
#1564500 0" 0# 0% 0' 0(
#1564750 0*
#1565750 1*
#1566500 1!
#1566625 0*
#1567625 1*
#1568250 0!
#1568375 1"
#1568500 0*
#1569250 1)
#1569500 1*
#1569625 1! 1# 1$ 1% 1& 1' 1(
#1570375 0)
#1572125 1)
#1572375 0! 0" 0# 0&
#1573250 0)
#1573375 0% 0' 0(
#1573500 1! 1" 1#
#1573750 0*
#1574750 1*
#1575375 1%
#1575625 0*
#1576625 1*
#1576750 1)
#1577000 0! 0" 0$
#1577125 1' 1(
#1577875 0)
#1578125 1! 1" 1$ 0% 0' 0(
#1578375 0*
#1579375 1*
#1579625 1)
#1579875 0! 0" 0# 1% 1' 1(
#1580750 0)
#1580875 0% 0' 0(
#1581000 1! 1" 1#
#1581125 0*
#1582250 1*
#1582875 1%
#1583125 0*
#1584125 1*
#1584250 1)
#1584500 0! 0" 0$
#1584625 1' 1(
#1585375 0)
#1585625 1! 1" 1$ 0% 0' 0(
#1585875 0*
#1586875 1*
#1587125 1)
#1587375 0! 0$ 1% 1' 1(
#1588250 0)
#1588375 0" 0# 0% 0' 0(
#1588625 0*
#1589750 1*
#1590375 1!
#1590500 0*
#1591625 1*
#1592125 0!
#1592250 1"
#1592375 0*
#1593125 1)
#1593375 1*
#1593500 1# 1% 1' 1(
#1594250 0)
#1594500 0" 0# 0% 0' 0(
#1594750 0*
#1595750 1*
#1596375 1!
#1596625 0*
#1597625 1*
#1598250 0! 1"
#1598500 0*
#1599250 1)
#1599500 1*
#1599625 1! 1# 1$ 1% 1& 1' 1(
#1600375 0)
#1602125 1)
#1602375 0! 0" 0# 0&
#1603125 0)
#1603375 1! 0% 0' 0(
#1603500 1" 1#
#1603625 0*
#1604625 1*
#1605375 1%
#1605500 0*
#1606500 1*
#1606750 1)
#1607000 0! 0" 0$
#1607125 1' 1(
#1607875 0)
#1608000 0(
#1608125 1! 1" 1$ 0% 0'
#1608375 0*
#1609375 1*
#1609625 1)
#1609750 0!
#1609875 0" 0# 1% 1' 1(
#1610625 0)
#1610875 1! 1" 0% 0' 0(
#1611000 1#
#1611125 0*
#1612125 1*
#1612875 1%
#1613000 0*
#1614000 1*
#1614250 1)
#1614500 0! 0" 0$ 1(
#1614625 1'
#1615375 0)
#1615500 0' 0(
#1615625 1! 1" 1$ 0%
#1615875 0*
#1616875 1*
#1617125 1)
#1632375 1% 1& 1' 1(
#1633125 0)
#1634875 1)
#1636875 0)
#1638625 1)
#1641625 0!
#1641750 0$ 0&
#1642500 0)
#1642750 0" 0# 0% 0' 0(
#1643000 0*
#1644000 1*
#1644250 1)
#1644500 1(
#1644625 1! 1" 1# 1$ 1% 1& 1'
#1645375 0)
#1647000 1)
#1648125 0)
#1648625 0+
#1649625 1+
#1650500 0+
#1651500 1+
#1652375 0+
#1653375 1+
#1654250 0+
#1655250 1+
#1656375 1)
#1656625 0! 0&
#1656750 0$
#1657500 0)
#1657750 0" 0% 0' 0(
#1658000 0*
#1659000 1*
#1659250 1)
#1659500 1' 1(
#1659625 1! 1" 1$ 1% 1&
#1660375 0)
#1662000 1)
#1662250 0!
#1662375 0" 0# 0$ 0& 0(
#1663125 0) 0-
#1663375 0% 0'
#1663625 0*
#1664625 1*
#1665250 1!
#1665500 0*
#1666500 1*
#1667125 0! 1"
#1667375 0*
#1668375 1*
#1669000 1!
#1669250 0*
#1670250 1*
#1671375 1)
#1671500 1-
#1671625 0!
#1671750 1# 1% 1' 1(
#1672500 0)
#1672750 0" 0# 1$ 0% 0' 0(
#1673000 0*
#1674000 1*
#1674250 1)
#1674500 1' 1(
#1674625 1! 1" 1# 1% 1&
#1675375 0)
#1677000 1)
#1677250 0! 0#
#1677375 0" 0$ 0& 0(
#1678125 0) 0-
#1678375 1# 0% 0'
#1678625 0*
#1679625 1*
#1680250 1!
#1680500 0*
#1681500 1*
#1682125 0! 1"
#1682375 0*
#1683375 1*
#1684000 1!
#1684250 0*
#1685250 1*
#1685500 0/
#1686375 1)
#1686500 1-
#1686625 0!
#1686750 1% 1' 1(
#1687500 0)
#1687750 0" 1$ 0% 0' 0(
#1688000 0*
#1689000 1*
#1689250 1)
#1689500 1! 0# 0$
#1689625 1%
#1690375 0)
#1690625 1" 1# 1$ 1&
#1690875 0+
#1691875 1+
#1692000 1)
#1692250 0! 0" 0# 0$ 0&
#1692375 1'
#1692500 1/
#1693125 0) 0-
#1693375 1$ 0% 0'
#1693625 0*
#1694625 1*
#1695250 1!
#1695500 0*
#1696500 1*
#1697125 0! 1"
#1697375 0*
#1698375 1*
#1699000 1!
#1699250 0*
#1700250 1*
#1701375 1)
#1701500 1-
#1701625 0! 0$
#1701750 1# 1% 1' 1(
#1702500 0)
#1702750 0" 0# 0' 0(
#1703000 0*
#1704000 1*
#1704250 1)
#1704500 1(
#1704625 1! 1" 1# 1$ 1& 1'
#1705375 0)
#1707000 1)
#1707250 0#
#1707375 0! 0" 0$ 0& 0(
#1708125 0) 0-
#1708375 1# 1$ 0% 0'
#1708625 0*
#1709625 1*
#1710250 1!
#1710500 0*
#1711500 1*
#1712125 0! 1"
#1712375 0*
#1713375 1*
#1714000 1!
#1714250 0*
#1715250 1*
#1716375 1)
#1716500 1-
#1716625 0!
#1716750 0$ 1% 1' 1(
#1717500 0)
#1717750 0" 0' 0(
#1718000 0*
#1719000 1*
#1719250 1)
#1719625 1! 1" 1$ 1& 1' 1(
#1720375 0)
#1722000 1)
#1722375 0! 0" 0# 0$ 0& 0(
#1723125 0) 0-
#1723375 0'
#1723625 0*
#1724625 1*
#1725250 1!
#1725500 0*
#1726500 1*
#1727125 0!
#1727250 1"
#1727375 0*
#1728375 1*
#1729000 1!
#1729250 0*
#1730250 1*
#1731500 1) 1-
#1731625 0!
#1731750 1# 1' 1(
#1732500 0)
#1732750 0" 0# 0' 0(
#1732875 1$
#1733000 0*
#1734000 1*
#1734250 1)
#1734625 1! 1" 1# 1& 1' 1(
#1735375 0)
#1737125 1)
#1737375 0! 0" 0# 0$ 0& 0(
#1738125 0) 0-
#1738375 0'
#1738500 1#
#1738625 0*
#1739625 1*
#1740250 1!
#1740500 0*
#1741500 1*
#1742125 0!
#1742250 1"
#1742375 0*
#1743375 1*
#1744000 1!
#1744250 0*
#1745250 1*
#1746500 1) 1-
#1746750 0! 1' 1(
#1747500 0)
#1747750 0" 0' 0(
#1747875 1$
#1748000 0*
#1749125 1*
#1749250 1)
#1749500 0# 0$
#1749625 1"
#1749875 0/
#1750375 0)
#1750625 1! 1# 1$ 1&
#1750875 0*
#1751875 1*
#1752125 1)
#1752375 0! 0" 0# 0$ 0& 1'
#1753125 0-
#1753250 0)
#1753375 0'
#1753500 1$
#1753625 0*
#1754750 1*
#1755375 1!
#1755500 0*
#1756625 1*
#1756875 1/
#1757125 0!
#1757250 1"
#1757375 0*
#1758500 1*
#1759125 1!
#1759375 0*
#1760375 1*
#1761500 1) 1-
#1761750 0! 0$ 1' 1(
#1761875 1#
#1762625 0)
#1762750 0" 0# 0% 0' 0(
#1762875 1&
#1763125 0*
#1764125 1*
#1764250 1)
#1764625 1! 1" 1# 1$ 1% 1' 1(
#1765375 0)
#1767125 1)
#1767375 0! 0" 0# 0$ 0& 0(
#1768125 0-
#1768250 0)
#1768375 0'
#1768500 1# 1$
#1768750 0*
#1769750 1*
#1770375 1!
#1770625 0*
#1771625 1*
#1772125 0!
#1772250 1"
#1772500 0*
#1773500 1*
#1774125 1!
#1774375 0*
#1775375 1*
#1776500 1) 1-
#1776750 0! 0$ 1' 1(
#1777625 0)
#1777750 0' 0(
#1777875 0" 0% 1&
#1778125 0*
#1779125 1*
#1779250 1)
#1779625 1! 1" 1$ 1% 1' 1(
#1780375 0)
#1782125 1)
#1782375 0! 0" 0# 0$ 0& 0(
#1783250 0) 0-
#1783375 0% 0'
#1783500 1&
#1783750 0*
#1784750 1*
#1785375 1!
#1785625 0*
#1786625 1*
#1787125 0!
#1787250 1"
#1787500 0*
#1788500 1*
#1789125 1!
#1789375 0*
#1790375 1*
#1791500 1) 1-
#1791750 0! 0&
#1791875 1# 1% 1' 1(
#1792625 0)
#1792875 0" 0# 1$ 0% 1& 0' 0(
#1793125 0*
#1794125 1*
#1794375 1)
#1794625 1! 1" 1# 1% 1' 1(
#1795500 0)
#1797125 1)
#1797375 0! 0" 0#
#1797500 0$ 0& 0(
#1798250 0) 0-
#1798500 1# 0% 1& 0'
#1798750 0*
#1799750 1*
#1800375 1!
#1800625 0*
#1801625 1*
#1802250 0! 1"
#1802500 0*
#1803500 1*
#1804125 1!
#1804375 0*
#1805375 1*
#1806500 1)
#1806625 1-
#1806750 0! 0&
#1806875 1% 1' 1(
#1807625 0)
#1807875 0" 1$ 0% 1& 0' 0(
#1808125 0*
#1809125 1*
#1809375 1)
#1809625 1! 0# 0$ 0&
#1809750 1" 1%
#1810500 0)
#1810750 1# 1$ 1&
#1811000 0+
#1812000 1+
#1812125 1)
#1812375 0! 0# 0$
#1812500 0" 0& 1'
#1813250 0) 0-
#1813500 1$ 0% 1& 0'
#1813750 0*
#1814125 0/
#1814750 1*
#1815375 1!
#1815625 0*
#1816625 1*
#1817250 0! 1"
#1817500 0*
#1818500 1*
#1819125 1!
#1819375 0*
#1820375 1*
#1821125 1/
#1821625 1) 1-
#1821750 0!
#1821875 1# 0$ 1% 0& 1' 1(
#1822625 0)
#1822875 0" 0# 1& 0' 0(
#1823125 0*
#1824125 1*
#1824375 1)
#1824750 1! 1" 1# 1$ 1' 1(
#1825500 0)
#1827250 1)
#1827500 0! 0" 0# 0$ 0& 0(
#1828250 0) 0-
#1828500 0% 0'
#1828625 1# 1$ 1&
#1828750 0*
#1829750 1*
#1830375 1!
#1830625 0*
#1831625 1*
#1832250 0!
#1832375 1"
#1832500 0*
#1833500 1*
#1834125 1!
#1834375 0*
#1835500 1*
#1836625 1) 1-
#1836875 0! 0$ 1% 0& 1' 1(
#1837750 0)
#1837875 0" 0' 0(
#1838000 1&
#1838125 0*
#1839250 1*
#1839375 1)
#1839750 1! 1" 1$ 1' 1(
#1840500 0)
#1842250 1)
#1842500 0! 0" 0# 0$ 0& 0(
#1843250 0-
#1843375 0)
#1843500 0'
#1843625 1&
#1843750 0*
#1844875 1*
#1845500 1!
#1845750 0*
#1846750 1*
#1847250 0!
#1847375 1"
#1847625 0*
#1848625 1*
#1849250 1!
#1849500 0*
#1850500 1*
#1851625 1) 1-
#1851875 0! 0& 1' 1(
#1852000 1#
#1852750 0)
#1852875 0" 0# 0' 0(
#1853000 1$ 1&
#1853250 0*
#1854250 1*
#1854375 1)
#1854750 1! 1" 1# 1' 1(
#1855500 0)
#1857250 1)
#1857500 0! 0" 0# 0$ 0& 0(
#1858250 0-
#1858375 0)
#1858500 0'
#1858625 1# 1&
#1858875 0*
#1859875 1*
#1860500 1!
#1860750 0*
#1861750 1*
#1862250 0!
#1862375 1"
#1862625 0*
#1863625 1*
#1864250 1!
#1864500 0*
#1865500 1*
#1866625 1) 1-
#1866875 0! 0& 1' 1(
#1867750 0)
#1867875 0' 0(
#1868000 0" 1$ 1&
#1868250 0*
#1869250 1*
#1869375 1)
#1869625 0$ 0&
#1870500 0)
#1870750 1! 1&
#1870875 1" 1$
#1871000 0*
#1872000 1*
#1872250 1)
#1872500 0! 0" 0# 0$ 0& 1'
#1873250 0-
#1873375 0)
#1873500 0'
#1873625 1$ 1&
#1873875 0*
#1874875 1*
#1875500 1!
#1875750 0*
#1876750 1*
#1877250 0!
#1877375 1"
#1877625 0*
#1878375 0/
#1878625 1*
#1879250 1!
#1879500 0*
#1880500 1*
#1881625 1) 1-
#1881875 0! 0$ 0& 1(
#1882000 1# 1'
#1882750 0)
#1882875 0# 0(
#1883000 0" 0%
#1883250 0*
#1884250 1*
#1884500 1)
#1884750 1! 1" 1# 1$ 1% 1& 1(
#1885375 1/
#1885500 0)
#1887250 1)
#1887500 0! 0" 0# 0$ 0& 0(
#1888375 0) 0-
#1888625 1# 1$ 1& 0'
#1888875 0*
#1889875 1*
#1890500 1!
#1890750 0*
#1891750 1*
#1892250 0!
#1892375 1"
#1892625 0*
#1893625 1*
#1894250 1!
#1894500 0*
#1895500 1*
#1896625 1)
#1896750 1-
#1896875 0! 0$ 0&
#1897000 1' 1(
#1897750 0)
#1897875 0(
#1898000 0" 0%
#1898250 0*
#1899250 1*
#1899500 1)
#1899750 1! 1" 1$ 1% 1& 1(
#1900500 0)
#1902250 1)
#1902500 0! 0" 0# 0$ 0&
#1902625 0(
#1903375 0) 0-
#1903625 0%
#1903875 0*
#1904875 1*
#1905500 1!
#1905750 0*
#1906750 1*
#1907250 0!
#1907375 1"
#1907625 0*
#1908625 1*
#1909250 1!
#1909500 0*
#1910500 1*
#1911625 1)
#1911750 1-
#1911875 0!
#1912000 1# 1% 1(
#1912750 0)
#1913000 0" 0# 1$ 0% 0(
#1913250 0*
#1914250 1*
#1914500 1)
#1914750 1! 1" 1# 1% 1& 1(
#1915625 0)
#1917250 1)
#1917500 0! 0" 0# 0$ 0& 0(
#1918375 0) 0-
#1918625 1# 0%
#1918875 0*
#1919875 1*
#1920500 1!
#1920750 0*
#1921750 1*
#1922250 0!
#1922375 1"
#1922625 0*
#1923625 1*
#1924250 1!
#1924500 0*
#1925500 1*
#1926625 1)
#1926750 1-
#1926875 0!
#1927000 1% 1(
#1927750 0)
#1927875 0(
#1928000 0" 1$ 0%
#1928250 0*
#1929250 1*
#1929500 1)
#1929750 1! 0$ 1% 0'
#1930500 0)
#1930875 1" 1$ 1&
#1931125 0+
#1932125 1+
#1932250 1)
#1932500 0! 0" 0# 0$ 0&
#1932625 1'
#1933375 0) 0-
#1933625 1$ 0%
#1933875 0*
#1934875 1*
#1935500 1!
#1935750 0*
#1936750 1*
#1937250 0!
#1937375 1"
#1937625 0*
#1938625 1*
#1939250 1!
#1939500 0*
#1940500 1*
#1941625 1) 1-
#1941875 0! 0$
#1942000 1# 1% 1(
#1942625 0/
#1942750 0)
#1942875 0# 0(
#1943000 0"
#1943250 0*
#1944250 1*
#1944500 1)
#1944750 1! 1" 1# 1$ 1& 1(
#1945500 0)
#1947250 1)
#1947500 0! 0" 0# 0$ 0& 0(
#1948375 0) 0-
#1948625 1# 1$ 0%
#1948875 0*
#1949625 1/
#1949875 1*
#1950500 1!
#1950750 0*
#1951750 1*
#1952250 0!
#1952375 1"
#1952625 0*
#1953625 1*
#1954250 1!
#1954500 0*
#1955500 1*
#1956625 1) 1-
#1956875 0! 0$ 1(
#1957000 1%
#1957750 0)
#1957875 0" 0(
#1958250 0*
#1959250 1*
#1959375 1)
#1959750 1! 1" 1$ 1& 1(
#1960500 0)
#1962250 1)
#1962500 0! 0" 0# 0$ 0& 0(
#1963250 0-
#1963375 0)
#1963875 0*
#1964875 1*
#1965500 1!
#1965750 0*
#1966750 1*
#1967250 0!
#1967375 1"
#1967625 0*
#1968625 1*
#1969250 1!
#1969500 0*
#1970500 1*
#1971625 1) 1-
#1971875 0! 1(
#1972000 1#
#1972750 0)
#1972875 0" 0# 0(
#1973000 1$
#1973250 0*
#1974250 1*
#1974375 1)
#1974750 1! 1" 1# 1& 1(
#1975500 0)
#1977250 1)
#1977500 0! 0" 0# 0$ 0& 0(
#1978250 0-
#1978375 0)
#1978625 1#
#1978875 0*
#1979875 1*
#1980500 1!
#1980750 0*
#1981750 1*
#1982250 0!
#1982375 1"
#1982625 0*
#1983625 1*
#1984250 1!
#1984500 0*
#1985500 1*
#1986625 1) 1-
#1986875 0! 1(
#1987750 0)
#1987875 0" 0(
#1988000 1$
#1988125 0*
#1989250 1*
#1989375 1)
#1989625 0$ 0'
#1989750 1"
#1990500 0)
#1990750 1! 1$ 1&
#1991000 0*
#1992000 1*
#1992250 1)
#1992500 0! 0" 0# 0$ 0& 1'
#1993250 0-
#1993375 0)
#1993625 1$
#1993750 0*
#1994875 1*
#1995500 1!
#1995625 0*
#1996750 1*
#1997250 0!
#1997375 1"
#1997500 0*
#1998625 1*
#1999250 1!
#1999375 0*
#2000500 1*
#2001625 1) 1-
#2001875 0! 1# 0$ 1(
#2002625 0)
#2002875 0" 0# 0% 0(
#2003000 1&
#2003125 0*
#2004125 1*
#2004375 1)
#2004750 1! 1" 1# 1$ 1% 1(
#2005500 0)
#2007000 0/
#2007250 1)
#2007500 0! 0" 0# 0$ 0& 0(
#2008250 0) 0-
#2008625 1# 1$
#2008750 0*
#2009750 1*
#2010375 1!
#2010625 0*
#2011625 1*
#2012250 0!
#2012375 1"
#2012500 0*
#2013500 1*
#2014000 1/
#2014125 1!
#2014375 0*
#2015375 1*
#2016625 1) 1-
#2016750 0!
#2016875 0$ 1(
#2017625 0)
#2017875 0" 0% 1& 0(
#2018125 0*
#2019125 1*
#2019375 1)
#2019750 1! 1" 1$ 1% 1(
#2020500 0)
#2022125 1)
#2022500 0! 0" 0# 0$ 0& 0(
#2023250 0) 0-
#2023500 0% 1&
#2023750 0*
#2024750 1*
#2025375 1!
#2025625 0*
#2026625 1*
#2027250 0! 1"
#2027500 0*
#2028500 1*
#2029125 1!
#2029375 0*
#2030375 1*
#2031500 1)
#2031625 1-
#2031750 0! 0&
#2031875 1# 1% 1(
#2032625 0)
#2032875 0" 0# 1$ 0% 1& 0(
#2033125 0*
#2034125 1*
#2034375 1)
#2034625 1(
#2034750 1! 1" 1# 1%
#2035500 0)
#2037125 1)
#2037500 0! 0" 0# 0$ 0& 0(
#2038250 0) 0-
#2038500 1# 0% 1&
#2038750 0*
#2039750 1*
#2040375 1!
#2040625 0*
#2041625 1*
#2042250 0! 1"
#2042500 0*
#2043500 1*
#2044125 1!
#2044375 0*
#2045375 1*
#2046500 1)
#2046625 1-
#2046750 0! 0&
#2046875 1% 1(
#2047625 0)
#2047875 0" 1$ 0% 1& 0(
#2048125 0*
#2049125 1*
#2049375 1)
#2049625 1! 1" 0$ 0& 0'
#2049750 1%
#2050500 0)
#2050750 1$ 1&
#2051000 0+
#2052000 1+
#2052125 1)
#2052375 0! 0" 0# 0$ 0&
#2052500 1'
#2053250 0) 0-
#2053500 1$ 0% 1&
#2053750 0*
#2054750 1*
#2055375 1!
#2055625 0*
#2056625 1*
#2057125 0!
#2057250 1"
#2057500 0*
#2058500 1*
#2059125 1!
#2059375 0*
#2060375 1*
#2061500 1)
#2061625 1-
#2061750 0! 0$ 0&
#2061875 1# 1% 1(
#2062625 0)
#2062750 0(
#2062875 0" 0# 1&
#2063125 0*
#2064125 1*
#2064375 1)
#2064625 1! 1" 1# 1$ 1(
#2065500 0)
#2067125 1)
#2067375 0! 0" 0# 0$ 0& 0(
#2068250 0) 0-
#2068500 1# 1$ 0% 1&
#2068750 0*
#2069750 1*
#2070375 1!
#2070625 0*
#2071250 0/
#2071625 1*
#2072125 0!
#2072250 1"
#2072500 0*
#2073500 1*
#2074125 1!
#2074375 0*
#2075375 1*
#2076500 1)
#2076625 1-
#2076750 0! 0$ 0&
#2076875 1% 1(
#2077625 0)
#2077750 0(
#2077875 0" 1&
#2078125 0*
#2078250 1/
#2079125 1*
#2079375 1)
#2079625 1! 1" 1$ 1(
#2080375 0)
#2082125 1)
#2082375 0! 0" 0# 0$ 0& 0(
#2083250 0) 0-
#2083500 1&
#2083750 0*
#2084750 1*
#2085375 1!
#2085625 0*
#2086625 1*
#2087125 0!
#2087250 1"
#2087500 0*
#2088500 1*
#2089125 1!
#2089375 0*
#2090375 1*
#2091500 1) 1-
#2091750 0! 0& 1(
#2091875 1#
#2092625 0)
#2092750 0# 0(
#2092875 0" 1$ 1&
#2093125 0*
#2094125 1*
#2094375 1)
#2094625 1! 1" 1# 1(
#2095375 0)
#2097125 1)
#2097375 0! 0" 0# 0$ 0& 0(
#2098250 0) 0-
#2098500 1# 1&
#2098750 0*
#2099750 1*
#2100375 1!
#2100625 0*
#2101625 1*
#2102125 0!
#2102250 1"
#2102500 0*
#2103500 1*
#2104125 1!
#2104375 0*
#2105375 1*
#2106500 1) 1-
#2106750 0! 0& 1(
#2107625 0)
#2107750 0(
#2107875 0" 1$ 1&
#2108125 0*
#2109125 1*
#2109375 1)
#2109500 0&
#2109625 0# 0'
#2110375 0)
#2110750 1! 1" 1# 1&
#2110875 0*
#2111875 1*
#2112125 1)
#2112375 0! 0" 0# 0$ 0&
#2112500 1'
#2113250 0) 0-
#2113500 1$ 1&
#2113750 0*
#2114750 1*
#2115375 1!
#2115625 0*
#2116625 1*
#2117125 0!
#2117250 1"
#2117500 0*
#2118500 1*
#2119125 1!
#2119375 0*
#2120375 1*
#2121500 1) 1-
#2121875 1# 1(
#2122625 0)
#2123125 0+
#2124125 1+
#2124375 1)
#2125375 0)
#2127125 1)
#2127375 0! 0" 0# 0$ 0& 0(
#2128250 0) 0-
#2128500 1# 1$ 1&
#2128750 0*
#2129750 1*
#2130375 1!
#2130625 0*
#2131625 1*
#2132125 0!
#2132250 1"
#2132500 0*
#2133500 1*
#2134125 1!
#2134375 0*
#2135375 1*
#2135500 0/
#2136500 1)
#2136625 1-
#2136750 0! 0$ 0&
#2136875 1(
#2137625 0)
#2137750 0(
#2137875 0" 0# 0% 0'
#2138125 0*
#2139125 1*
#2139750 1!
#2140000 0*
#2141000 1*
#2141500 0!
#2141625 1"
#2141875 0*
#2142500 1/
#2142625 1)
#2142875 1*
#2143000 1# 1% 1' 1(
#2143750 0)
#2143875 0# 0% 0' 0(
#2144000 0"
#2144250 0*
#2145250 1*
#2145875 1!
#2146125 0*
#2147125 1*
#2147625 0!
#2147750 1"
#2148000 0*
#2148750 1)
#2149000 1! 1' 1( 1*
#2149125 1# 1$ 1% 1&
#2149875 0)
#2151500 1)
#2151750 0! 0" 0# 0&
#2152625 0)
#2152875 0$ 0% 0' 0(
#2153125 0*
#2154125 1*
#2154750 1%
#2155000 0*
#2156000 1*
#2156250 1)
#2156500 1' 1(
#2156625 1#
#2157375 0)
#2157500 0# 0% 0' 0(
#2157875 0*
#2158875 1*
#2159000 1)
#2159375 1$ 1% 1' 1(
#2160125 0)
#2160375 0$ 0% 0' 0(
#2160625 0*
#2161625 1*
#2162250 1%
#2162500 0*
#2163500 1*
#2163750 1)
#2164000 1' 1(
#2164125 1#
#2164875 0)
#2165000 0# 0% 0' 0(
#2165375 0*
#2166375 1*
#2166500 1)
#2166875 1" 1# 1% 1' 1(
#2167625 0)
#2167875 0" 0# 0% 0' 0(
#2168125 0*
#2169125 1*
#2169750 1!
#2170000 0*
#2171000 1*
#2171625 0! 1"
#2171875 0*
#2172625 1)
#2172875 1*
#2173000 1# 1% 1' 1(
#2173750 0)
#2174000 0" 0# 0% 0' 0(
#2174250 0*
#2175250 1*
#2175875 1!
#2176125 0*
#2177125 1*
#2177625 0!
#2177750 1"
#2178000 0*
#2179250 1)
#2179500 1*
#2180000 1! 1# 1$ 1% 1& 1' 1(
#2180750 0)
#2183000 1)
#2183250 0! 0" 0# 0&
#2184125 0)
#2184750 0$ 0% 0' 0(
#2185000 0*
#2186000 1*
#2186750 1%
#2186875 0*
#2187875 1*
#2188125 1)
#2188500 1# 1' 1(
#2189250 0)
#2189375 0(
#2189500 0# 0% 0'
#2189750 0*
#2190750 1*
#2191000 1)
#2191250 1$ 1% 1' 1(
#2192000 0)
#2192250 0$ 0% 0' 0(
#2192500 0*
#2193500 1*
#2194250 1%
#2194375 0*
#2195375 1*
#2195625 1)
#2196000 1# 1' 1(
#2196750 0)
#2197000 0# 0% 0' 0(
#2197250 0*
#2198250 1*
#2198500 1)
#2198750 1" 1# 1% 1' 1(
#2199625 0)
#2199750 0" 0# 0% 0' 0(
#2199875 0/
#2200000 0*
#2201125 1*
#2201750 1!
#2201875 0*
#2203000 1*
#2203500 0!
#2203625 1"
#2203750 0*
#2204625 1)
#2204875 1# 1' 1( 1*
#2205000 1%
#2205625 0)
#2205875 0" 0# 0% 0' 0(
#2206125 0*
#2206875 1/
#2207125 1*
#2207750 1!
#2208000 0*
#2209000 1*
#2209625 0!
#2209750 1"
#2209875 0*
#2210625 1)
#2210875 1*
#2211000 1! 1# 1$ 1% 1& 1' 1(
#2211750 0)
#2213500 1)
#2213750 0! 0" 0# 0&
#2214625 0)
#2214750 0$ 0% 0' 0(
#2215125 0*
#2216125 1*
#2216750 1%
#2217000 0*
#2218000 1*
#2218125 1)
#2218500 1# 1' 1(
#2219250 0)
#2219500 0# 0% 0' 0(
#2219750 0*
#2220750 1*
#2221000 1)
#2221250 1(
#2221375 1$ 1% 1'
#2222125 0)
#2222250 0$ 0% 0' 0(
#2222625 0*
#2223625 1*
#2224250 1%
#2224500 0*
#2225500 1*
#2225625 1)
#2226000 1# 1' 1(
#2226750 0)
#2227000 0# 0% 0' 0(
#2227250 0*
#2228250 1*
#2228500 1)
#2228875 1" 1# 1% 1' 1(
#2229625 0)
#2229750 0# 0(
#2229875 0" 0% 0'
#2230125 0*
#2231125 1*
#2231750 1!
#2232000 0*
#2233000 1*
#2233500 0!
#2233625 1"
#2233875 0*
#2234625 1)
#2234875 1*
#2235000 1# 1% 1' 1(
#2235750 0)
#2235875 0" 0# 0% 0' 0(
#2236250 0*
#2237250 1*
#2237875 1!
#2238125 0*
#2239125 1*
#2239625 0!
#2239750 1"
#2240000 0*
#2240750 1)
#2241000 1! 1# 1% 1& 1' 1( 1*
#2241125 1$
#2241875 0)
#2243500 1)
#2243750 0! 0" 0# 0&
#2244625 0)
#2244875 0$ 0% 0' 0(
#2245125 0*
#2246125 1*
#2246750 1%
#2247000 0*
#2248000 1*
#2248250 1)
#2248500 1' 1(
#2248625 1#
#2249375 0)
#2249500 0# 0% 0' 0(
#2249750 0*
#2250875 1*
#2251000 1)
#2251375 1$ 1% 1' 1(
#2252125 0)
#2252375 0$ 0% 0' 0(
#2252625 0*
#2253625 1*
#2254250 1%
#2254500 0*
#2255500 1*
#2255750 1)
#2256000 1' 1(
#2256125 1#
#2256875 0)
#2257000 0# 0% 0' 0(
#2257375 0*
#2258375 1*
#2258500 1)
#2264125 0/
#2271125 1/
#2273875 1! 1" 1# 1$ 1% 1& 1' 1(
#2274625 0)
#2276375 1)
#2278375 0)
#2280125 1)
#2283250 0! 0$ 0&
#2284000 0)
#2284250 0" 0# 0% 0' 0(
#2284500 0*
#2285625 1*
#2285750 1)
#2286125 1! 1" 1# 1$ 1% 1& 1' 1(
#2286875 0)
#2288625 1)
#2289625 0)
#2290250 0+
#2291250 1+
#2292125 0+
#2293125 1+
#2294000 0+
#2295000 1+
#2295875 0+
#2296875 1+
#2298000 1)
#2298250 0! 0$ 0&
#2299125 0)
#2299250 0" 0% 0' 0(
#2299500 0*
#2300625 1*
#2300750 1)
#2301125 1! 1" 1$ 1% 1& 1' 1(
#2301875 0)
#2303625 1)
#2303875 0! 0" 0# 0$ 0& 0(
#2304625 0-
#2304750 0)
#2304875 0% 0'
#2305000 1(
#2305250 0*
#2306250 1*
#2306875 1!
#2307125 0*
#2308125 1*
#2308625 0!
#2308750 1"
#2309000 0*
#2310000 1*
#2310625 1!
#2310875 0*
#2311875 1*
#2313000 1) 1-
#2313250 0! 1'
#2313375 1# 1%
#2314125 0)
#2314250 0" 0# 0% 0' 0(
#2314375 1$
#2314625 0*
#2315625 1*
#2315750 1)
#2316125 1! 1" 1# 1% 1& 1' 1(
#2316875 0)
#2318625 1)
#2318875 0! 0" 0# 0$ 0& 0(
#2319625 0-
#2319750 0)
#2319875 0% 0'
#2320000 1# 1(
#2320250 0*
#2321250 1*
#2321875 1!
#2322125 0*
#2323125 1*
#2323625 0!
#2323750 1"
#2324000 0*
#2325000 1*
#2325625 1!
#2325875 0*
#2326875 1*
#2328000 1) 1-
#2328250 0! 1'
#2328375 1% 0/
#2329125 0)
#2329250 0" 0% 0' 0(
#2329375 1$
#2329625 0*
#2330625 1*
#2330750 1)
#2331000 0#
#2331125 1! 1%
#2331875 0)
#2332125 1" 1# 1&
#2332375 0+
#2333375 1+
#2333625 1)
#2333875 0! 0" 0# 0$ 0& 1'
#2334625 0-
#2334750 0)
#2334875 0% 0'
#2335000 1$ 1(
#2335250 0*
#2335375 1/
#2336250 1*
#2336875 1!
#2337125 0*
#2338125 1*
#2338625 0!
#2338750 1"
#2339000 0*
#2340000 1*
#2340625 1!
#2340875 0*
#2341875 1*
#2343000 1) 1-
#2343250 0! 0$ 1'
#2343375 1# 1%
#2344125 0)
#2344250 0" 0# 0' 0(
#2344625 0*
#2345625 1*
#2345750 1)
#2346125 1! 1" 1# 1$ 1& 1' 1(
#2346875 0)
#2348625 1)
#2348875 0! 0" 0# 0$ 0& 0(
#2349625 0-
#2349750 0)
#2349875 0% 0'
#2350000 1# 1$ 1(
#2350250 0*
#2351250 1*
#2351875 1!
#2352125 0*
#2353125 1*
#2353625 0!
#2353750 1"
#2354000 0*
#2355000 1*
#2355625 1!
#2355875 0*
#2356875 1*
#2358000 1) 1-
#2358250 0! 0$ 1'
#2358375 1%
#2359125 0)
#2359250 0" 0' 0(
#2359625 0*
#2360625 1*
#2360750 1)
#2361125 1! 1" 1$ 1& 1' 1(
#2361875 0)
#2363625 1)
#2363875 0! 0" 0# 0$ 0& 0(
#2364625 0-
#2364750 0)
#2364875 0'
#2365000 1(
#2365250 0*
#2366250 1*
#2366875 1!
#2367125 0*
#2368125 1*
#2368625 0!
#2368750 1"
#2369000 0*
#2370000 1*
#2370625 1!
#2370875 0*
#2371875 1*
#2373000 1) 1-
#2373250 0! 1# 1'
#2374125 0)
#2374250 0" 0# 0' 0(
#2374375 1$
#2374625 0*
#2375625 1*
#2375750 1)
#2376125 1! 1" 1# 1& 1' 1(
#2376875 0)
#2378625 1)
#2378875 0! 0" 0# 0$ 0& 0(
#2379625 0-
#2379750 0)
#2379875 0'
#2380000 1# 1(
#2380250 0*
#2381250 1*
#2381875 1!
#2382125 0*
#2383125 1*
#2383625 0!
#2383750 1"
#2384000 0*
#2385000 1*
#2385625 1!
#2385875 0*
#2386875 1*
#2388000 1) 1-
#2388250 0! 1'
#2389125 0)
#2389250 0" 0' 0(
#2389375 1$
#2389500 0*
#2390625 1*
#2390750 1)
#2391000 0#
#2391125 1"
#2391875 0)
#2392125 1! 1# 1&
#2392375 0*
#2392625 0/
#2393375 1*
#2393625 1)
#2393875 0! 0" 0# 0$ 0& 1'
#2394625 0-
#2394750 0)
#2394875 0'
#2395000 1$ 1(
#2395125 0*
#2396250 1*
#2396875 1!
#2397000 0*
#2398125 1*
#2398625 0!
#2398750 1"
#2398875 0*
#2399625 1/
#2400000 1*
#2400500 1!
#2400750 0*
#2401750 1*
#2403000 1) 1-
#2403250 0! 1# 0$ 1'
#2404000 0)
#2404250 0" 0# 0% 0' 0(
#2404375 1&
#2404500 0*
#2405500 1*
#2405750 1)
#2406125 1! 1" 1# 1$ 1% 1' 1(
#2406875 0)
#2408625 1)
#2408875 0! 0" 0# 0$ 0& 0(
#2409625 0) 0-
#2409875 0' 1(
#2410000 1# 1$
#2410125 0*
#2411125 1*
#2411750 1!
#2412000 0*
#2413000 1*
#2413625 0!
#2413750 1"
#2413875 0*
#2414875 1*
#2415500 1!
#2415750 0*
#2416750 1*
#2418000 1) 1-
#2418125 0!
#2418250 0$ 1'
#2419000 0)
#2419250 0" 0% 1& 0' 0(
#2419500 0*
#2420500 1*
#2420750 1)
#2421125 1! 1" 1$ 1% 1' 1(
#2421875 0)
#2423500 1)
#2423875 0! 0" 0# 0$ 0& 0(
#2424625 0) 0-
#2424875 0% 0' 1(
#2425000 1&
#2425125 0*
#2426125 1*
#2426750 1!
#2427000 0*
#2428000 1*
#2428625 0! 1"
#2428875 0*
#2429875 1*
#2430500 1!
#2430750 0*
#2431750 1*
#2432875 1)
#2433000 1-
#2433125 0! 0&
#2433250 1# 1% 1'
#2434000 0)
#2434250 0" 0# 1$ 0% 1& 0' 0(
#2434500 0*
#2435500 1*
#2435750 1)
#2436000 1(
#2436125 1! 1" 1# 1% 1'
#2436875 0)
#2438500 1)
#2438875 0! 0" 0# 0$ 0& 0(
#2439625 0) 0-
#2439875 1# 0% 1& 0' 1(
#2440125 0*
#2441125 1*
#2441750 1!
#2442000 0*
#2443000 1*
#2443625 0! 1"
#2443875 0*
#2444875 1*
#2445500 1!
#2445750 0*
#2446750 1*
#2447875 1)
#2448000 1-
#2448125 0! 0&
#2448250 1% 1'
#2449000 0)
#2449250 0" 1$ 0% 1& 0' 0(
#2449500 0*
#2450500 1*
#2450750 1)
#2451000 1! 1" 0# 0&
#2451125 1%
#2451875 0)
#2452125 1# 1&
#2452375 0+
#2453375 1+
#2453500 1)
#2453750 0! 0" 0# 0$ 0&
#2453875 1'
#2454625 0) 0-
#2454875 1$ 0% 1& 0' 1(
#2455125 0*
#2456125 1*
#2456750 1!
#2457000 0* 0/
#2458000 1*
#2458500 0!
#2458625 1"
#2458875 0*
#2459875 1*
#2460500 1!
#2460750 0*
#2461750 1*
#2462875 1)
#2463000 1-
#2463125 0! 0$ 0&
#2463250 1# 1% 1'
#2464000 0) 1/
#2464250 0" 0# 1& 0' 0(
#2464500 0*
#2465500 1*
#2465750 1)
#2466000 1! 1" 1# 1$ 1' 1(
#2466875 0)
#2468500 1)
#2468750 0! 0" 0# 0$ 0&
#2468875 0(
#2469625 0) 0-
#2469875 1# 1$ 0% 1& 0' 1(
#2470125 0*
#2471125 1*
#2471750 1!
#2472000 0*
#2473000 1*
#2473500 0!
#2473625 1"
#2473875 0*
#2474875 1*
#2475500 1!
#2475750 0*
#2476750 1*
#2477875 1) 1-
#2478125 0! 0$ 0&
#2478250 1% 1'
#2479000 0)
#2479125 0'
#2479250 0" 1& 0(
#2479500 0*
#2480500 1*
#2480750 1)
#2481000 1! 1" 1$ 1' 1(
#2481750 0)
#2483500 1)
#2483750 0! 0" 0# 0$ 0& 0(
#2484625 0) 0-
#2484750 0'
#2484875 1& 1(
#2485125 0*
#2486125 1*
#2486750 1!
#2487000 0*
#2488000 1*
#2488500 0!
#2488625 1"
#2488875 0*
#2489875 1*
#2490500 1!
#2490750 0*
#2491750 1*
#2492875 1) 1-
#2493125 0! 0&
#2493250 1# 1'
#2494000 0)
#2494125 0# 0'
#2494250 0" 1$ 1& 0(
#2494500 0*
#2495500 1*
#2495750 1)
#2496000 1! 1" 1# 1' 1(
#2496750 0)
#2498500 1)
#2498750 0! 0" 0# 0$ 0& 0(
#2499500 0-
#2499625 0)
#2499750 0'
#2499875 1# 1& 1(
#2500125 0*
#2501125 1*
#2501750 1!
#2502000 0*
#2503000 1*
#2503500 0!
#2503625 1"
#2503875 0*
#2504875 1*
#2505500 1!
#2505750 0*
#2506750 1*
#2507875 1) 1-
#2508125 0! 0& 1'
#2509000 0)
#2509125 0' 0(
#2509250 0" 1$ 1&
#2509500 0*
#2510500 1*
#2510625 1)
#2510875 0&
#2511750 0)
#2512000 1! 1" 1&
#2512250 0*
#2513250 1*
#2513500 1)
#2513750 0! 0" 0# 0$ 0& 1'
#2514500 0-
#2514625 0)
#2514750 0'
#2514875 1$ 1& 1(
#2515125 0*
#2516125 1*
#2516750 1!
#2517000 0*
#2518000 1*
#2518500 0!
#2518625 1"
#2518875 0*
#2519875 1*
#2520500 1!
#2520750 0*
#2521250 0/
#2521750 1*
#2522875 1) 1-
#2523125 0! 0$ 0& 1'
#2523250 1#
#2524000 0)
#2524125 0" 0# 0(
#2524250 0%
#2524500 0*
#2525500 1*
#2525625 1)
#2526000 1! 1" 1# 1$ 1% 1& 1(
#2526750 0)
#2528250 1/
#2528500 1)
#2528750 0! 0" 0# 0$ 0& 0(
#2529500 0-
#2529625 0)
#2529750 0'
#2529875 1# 1$ 1& 1(
#2530125 0*
#2531125 1*
#2531750 1!
#2532000 0*
#2533000 1*
#2533500 0!
#2533625 1"
#2533875 0*
#2534875 1*
#2535500 1!
#2535750 0*
#2536750 1*
#2537875 1) 1-
#2538125 0! 0$ 0& 1'
#2539000 0)
#2539125 0" 0% 0(
#2539500 0*
#2540500 1*
#2540625 1)
#2541000 1! 1" 1$ 1% 1& 1(
#2541750 0)
#2543500 1)
#2543750 0! 0" 0# 0$ 0& 0(
#2544500 0-
#2544625 0)
#2544750 0%
#2544875 1(
#2545125 0*
#2546125 1*
#2546750 1!
#2547000 0*
#2548000 1*
#2548500 0!
#2548625 1"
#2548875 0*
#2549875 1*
#2550500 1!
#2550750 0*
#2551750 1*
#2552875 1) 1-
#2553125 0!
#2553250 1# 1%
#2554000 0)
#2554125 0# 0% 0(
#2554250 0" 1$
#2554500 0*
#2555500 1*
#2555625 1)
#2556000 1! 1" 1# 1% 1& 1(
#2556750 0)
#2558500 1)
#2558750 0! 0" 0# 0$ 0& 0(
#2559500 0-
#2559625 0)
#2559750 0%
#2559875 1# 1(
#2560125 0*
#2561125 1*
#2561750 1!
#2562000 0*
#2563000 1*
#2563500 0!
#2563625 1"
#2563875 0*
#2564875 1*
#2565500 1!
#2565750 0*
#2566750 1*
#2567875 1) 1-
#2568125 0!
#2568250 1%
#2569000 0)
#2569125 0% 0(
#2569250 0" 1$
#2569500 0*
#2570500 1*
#2570625 1)
#2570875 0'
#2571000 1! 1%
#2571750 0)
#2572000 1&
#2572125 1"
#2572250 0+
#2573250 1+
#2573500 1)
#2573750 0! 0" 0# 0$ 0& 1'
#2574625 0) 0-
#2574750 0%
#2574875 1$ 1(
#2575125 0*
#2576125 1*
#2576750 1!
#2577000 0*
#2578000 1*
#2578500 0!
#2578625 1"
#2578875 0*
#2579875 1*
#2580500 1!
#2580750 0*
#2581750 1*
#2582875 1) 1-
#2583125 0! 0$
#2583250 1# 1%
#2584000 0)
#2584125 0#
#2584250 0" 0(
#2584500 0*
#2585500 1* 0/
#2585750 1)
#2586000 1! 1" 1# 1$ 1& 1(
#2586750 0)
#2588500 1)
#2588750 0! 0" 0# 0$ 0& 0(
#2589625 0) 0-
#2589875 1# 1$ 0% 1(
#2590125 0*
#2591125 1*
#2591750 1!
#2592000 0*
#2592500 1/
#2593000 1*
#2593500 0!
#2593625 1"
#2593875 0*
#2594875 1*
#2595500 1!
#2595750 0*
#2596750 1*
#2597875 1)
#2598000 1-
#2598125 0! 0$
#2598250 1%
#2599000 0)
#2599250 0" 0(
#2599500 0*
#2600500 1*
#2600750 1)
#2601000 1! 1" 1& 1(
#2601125 1$
#2601875 0)
#2603500 1)
#2603750 0! 0" 0# 0$ 0&
#2603875 0(
#2604625 0) 0-
#2604875 1(
#2605125 0*
#2606125 1*
#2606750 1!
#2607000 0*
#2608000 1*
#2608625 0! 1"
#2608875 0*
#2609875 1*
#2610500 1!
#2610750 0*
#2611750 1*
#2612875 1)
#2613000 1-
#2613125 0!
#2613250 1#
#2614000 0)
#2614250 0" 0# 1$ 0(
#2614500 0*
#2615500 1*
#2615750 1)
#2616000 1(
#2616125 1! 1" 1# 1&
#2616875 0)
#2618500 1)
#2618750 0#
#2618875 0! 0" 0$ 0& 0(
#2619625 0) 0-
#2619875 1# 1(
#2620125 0*
#2621125 1*
#2621750 1!
#2622000 0*
#2623000 1*
#2623625 0! 1"
#2623875 0*
#2624875 1*
#2625500 1!
#2625750 0*
#2626750 1*
#2627875 1)
#2628000 1-
#2628125 0!
#2629000 0)
#2629250 0" 1$ 0(
#2629500 0*
#2630500 1*
#2630750 1)
#2631000 0'
#2631125 1"
#2631875 0)
#2632125 1! 1&
#2632375 0*
#2633375 1*
#2633625 1)
#2633875 0! 0" 0# 0$ 0& 1'
#2634625 0) 0-
#2634875 1(
#2635000 1$
#2635125 0*
#2636125 1*
#2636750 1!
#2637000 0*
#2638000 1*
#2638625 0!
#2638750 1"
#2638875 0*
#2639875 1*
#2640500 1!
#2640750 0*
#2641750 1*
#2643000 1) 1-
#2643250 0! 1# 0$
#2644000 0)
#2644250 0" 0# 0% 0(
#2644375 1&
#2644500 0*
#2645500 1*
#2645750 1)
#2646000 0& 0'
#2646125 1(
#2646875 0)
#2647000 0(
#2647375 0+
#2648375 1+
#2648625 1)
#2648875 1% 1'
#2649625 0) 0-
#2650000 1# 1$ 1(
#2650250 0*
#2651250 1*
#2651875 1!
#2652000 0*
#2653125 1*
#2653625 0!
#2653750 1"
#2653875 0*
#2655000 1*
#2655625 1!
#2655750 0*
#2656875 1*
#2658000 1) 1-
#2658250 0! 0$
#2659125 0)
#2659250 0" 0% 0(
#2659375 1&
#2659625 0*
#2660625 1*
#2660750 1)
#2661000 0# 0&
#2661125 1(
#2661250 0,
#2661875 0)
#2662125 0' 0(
#2662375 0+
#2663375 1+
#2663625 1)
#2663875 1'
#2664000 1% 1,
#2664625 0-
#2664750 0)
#2664875 0%
#2665000 1& 1(
#2665250 0*
#2666250 1*
#2666875 1!
#2667125 0*
#2668125 1*
#2668625 0!
#2668750 1"
#2669000 0*
#2670000 1*
#2670625 1!
#2670875 0*
#2671875 1*
#2673000 1) 1-
#2673250 0! 0&
#2673375 1# 1%
#2674125 0)
#2674250 0# 0% 0(
#2674375 0" 1$ 1&
#2674625 0*
#2675625 1*
#2675750 1)
#2676125 1! 1" 1# 1% 1(
#2676875 0)
#2678625 1)
#2678875 0! 0" 0# 0$ 0& 0(
#2679625 0-
#2679750 0)
#2679875 0%
#2680000 1# 1& 1(
#2680250 0*
#2681250 1*
#2681875 1!
#2682125 0*
#2683125 1*
#2683625 0!
#2683750 1"
#2684000 0*
#2685000 1*
#2685625 1!
#2685875 0*
#2686875 1*
#2688000 1) 1-
#2688250 0! 0&
#2688375 1%
#2689125 0)
#2689375 0" 1$ 0% 1& 0(
#2689625 0*
#2690625 1*
#2690875 1)
#2691125 1! 1" 1% 0& 0'
#2691875 0)
#2692250 1&
#2692500 0+
#2693500 1+
#2693625 1)
#2693875 0! 0" 0# 0$ 0&
#2694000 1'
#2694750 0) 0-
#2695000 1$ 0% 1& 1(
#2695250 0*
#2696250 1*
#2696875 1!
#2697125 0*
#2698125 1*
#2698625 0!
#2698750 1"
#2699000 0*
#2700000 1*
#2700625 1!
#2700875 0*
#2701875 1*
#2703000 1)
#2703125 1-
#2703250 0! 0$ 0&
#2703375 1# 1%
#2704125 0)
#2704375 0" 0# 1& 0(
#2704625 0*
#2705625 1*
#2705875 1)
#2706125 0% 0& 0' 1(
#2707000 0)
#2707125 0(
#2707250 1!
#2707500 0+
#2708500 1+
#2708625 1)
#2708875 0!
#2709000 1% 1'
#2709750 0) 0-
#2710000 1# 1$ 0% 1& 1(
#2710250 0*
#2711250 1*
#2711875 1!
#2712125 0*
#2713125 1*
#2713750 0! 1"
#2714000 0*
#2715000 1*
#2715625 1!
#2715875 0*
#2716875 1*
#2718000 1)
#2718125 1-
#2718250 0! 0&
#2718375 0$ 1%
#2719125 0)
#2719375 0" 1& 0(
#2719625 0*
#2720625 1*
#2720875 1)
#2721125 0# 0% 0& 1(
#2721250 0,
#2722000 0)
#2722125 0' 0(
#2722250 1!
#2722500 0+
#2723500 1+
#2723625 1)
#2723875 0!
#2724000 1% 1'
#2724125 1,
#2724750 0) 0-
#2725000 1& 1(
#2725250 0*
#2725375 00
#2726250 1*
#2726875 1!
#2727125 0*
#2728125 1*
#2728750 0!
#2728875 1"
#2729000 0*
#2730000 1*
#2730625 1!
#2730875 0*
#2731875 1*
#2732250 10
#2733125 1) 1-
#2733250 0!
#2733375 1# 0&
#2734125 0)
#2734375 0" 0# 1& 0(
#2734500 1$
#2734625 0*
#2735625 1*
#2735875 1)
#2736250 1! 1" 1# 1(
#2737000 0)
#2738750 1)
#2739000 0! 0" 0# 0$ 0& 0(
#2739750 0) 0-
#2740000 1(
#2740125 1# 1&
#2740250 0*
#2741250 1*
#2741875 1!
#2742125 0*
#2743125 1*
#2743750 0!
#2743875 1"
#2744000 0*
#2745000 1*
#2745625 1!
#2745875 0*
#2746875 1*
#2748125 1) 1-
#2748375 0! 0&
#2749125 0)
#2749375 0" 0(
#2749500 1$ 1&
#2749625 0*
#2750625 1*
#2750875 1)
#2751125 0# 0$ 0% 0'
#2752000 0)
#2752250 1! 1" 1# 1$ 1%
#2752500 0*
#2753500 1*
#2753750 1)
#2754000 0! 0" 0# 0$ 0& 1'
#2754750 0) 0-
#2755125 1$ 1& 1(
#2755250 0*
#2756250 1*
#2756875 1!
#2757125 0*
#2758125 1*
#2758750 0!
#2758875 1"
#2759000 0*
#2760125 1*
#2760625 1!
#2760875 0*
#2762000 1*
#2763125 1) 1-
#2763375 1#
#2764125 0)
#2764750 0+
#2765750 1+
#2765875 1)
#2767000 0)
#2768750 1)
#2769000 0! 0" 0# 0$ 0& 0(
#2769750 0) 0-
#2770125 1# 1$ 1& 1(
#2770250 0*
#2771375 1*
#2772000 1!
#2772125 0*
#2773250 1*
#2773750 0!
#2773875 1"
#2774000 0*
#2775125 1*
#2775625 1!
#2775875 0*
#2777000 1*
#2778125 1) 1-
#2778375 0! 0$ 0&
#2779125 0)
#2779375 0" 0# 0% 0' 0(
#2779625 0*
#2780750 1*
#2781375 1!
#2781500 0*
#2782625 1*
#2783125 0!
#2783250 1"
#2783375 0*
#2784250 1)
#2784375 1*
#2784500 1# 1% 1' 1(
#2785250 0)
#2785500 0" 0# 0% 0' 0(
#2785750 0*
#2786750 1*
#2787375 1!
#2787625 0*
#2788625 1*
#2789250 0! 1"
#2789500 0*
#2790250 1)
#2790500 0" 1*
#2790625 1(
#2791375 0)
#2791875 0+
#2792875 1+
#2793125 1)
#2793375 1$ 1% 1'
#2794125 0)
#2794375 0$ 0% 0' 0(
#2794500 1!
#2794625 0*
#2795750 1*
#2796375 1%
#2796500 0*
#2797625 1*
#2797750 1)
#2798000 0!
#2798125 1# 1' 1(
#2798875 0)
#2799125 1! 0# 0% 0' 0(
#2799375 0*
#2800375 1*
#2800625 1)
#2800750 0!
#2800875 1$ 1% 1' 1(
#2801625 0)
#2801875 1! 0$ 0% 0' 0(
#2802125 0*
#2803250 1*
#2803875 1%
#2804000 0*
#2805125 1*
#2805250 1)
#2805500 0!
#2805625 1# 1' 1(
#2806375 0)
#2806625 1! 0# 0% 0' 0(
#2806875 0*
#2807875 1*
#2808125 1)
#2808250 0!
#2808375 1" 1# 1% 1' 1(
#2809125 0) 00
#2809375 0" 0# 0% 0' 0(
#2809625 0*
#2810625 1*
#2811375 1!
#2811500 0*
#2812500 1*
#2813125 0!
#2813250 1"
#2813375 0*
#2814125 1)
#2814375 1*
#2814500 1# 1% 1' 1(
#2815250 0)
#2815500 0" 0# 0% 0' 0(
#2815750 0*
#2816125 10
#2816750 1*
#2817375 1!
#2817625 0*
#2818625 1*
#2819250 0! 1"
#2819500 0*
#2820750 1)
#2821000 1*
#2821375 0"
#2821500 1' 1(
#2821625 0,
#2822250 0)
#2822500 0'
#2822750 0+
#2823875 1+
#2824500 1)
#2824750 1'
#2824875 1$ 1% 1,
#2825625 0)
#2826250 1! 0$ 0% 0' 0(
#2826500 0*
#2827500 1*
#2828250 1%
#2828375 0*
#2829375 1*
#2829625 1)
#2829875 0!
#2830000 1# 1' 1(
#2830750 0)
#2830875 0' 0(
#2831000 1! 0# 0%
#2831250 0*
#2832250 1*
#2832375 1)
#2832625 0!
#2832750 1$ 1% 1' 1(
#2833500 0)
#2833750 1! 0$ 0% 0' 0(
#2834000 0*
#2835000 1*
#2835750 1%
#2835875 0*
#2836875 1*
#2837125 1)
#2837375 0! 1(
#2837500 1# 1'
#2838250 0)
#2838375 0# 0' 0(
#2838500 1! 0%
#2838750 0*
#2839750 1*
#2839875 1)
#2840125 0!
#2840250 1" 1# 1% 1' 1(
#2841000 0)
#2841250 0" 0# 0% 0' 0(
#2841500 0*
#2842500 1*
#2843125 1!
#2843375 0*
#2844375 1*
#2845000 0! 1"
#2845250 0*
#2846000 1)
#2846250 1*
#2846375 1# 1% 1' 1(
#2847125 0)
#2847375 0" 0# 0% 0' 0(
#2847625 0*
#2848625 1*
#2849250 1!
#2849500 0*
#2850500 1*
#2851000 0!
#2851125 1"
#2851375 0*
#2852125 1)
#2852375 0" 1( 1*
#2853250 0)
#2853500 1!
#2853750 0+
#2854750 1+
#2854875 1)
#2855125 0!
#2855250 1$ 1% 1'
#2856000 0)
#2856250 1! 0$ 0% 0' 0(
#2856500 0*
#2857500 1*
#2858125 1%
#2858375 0*
#2859375 1*
#2859625 1)
#2859875 0! 1' 1(
#2860000 1#
#2860750 0)
#2860875 0# 0% 0' 0(
#2861000 1!
#2861250 0*
#2862250 1*
#2862375 1)
#2862625 0!
#2862750 1$ 1% 1' 1(
#2863500 0)
#2863750 1! 0$ 0% 0' 0(
#2864000 0*
#2865000 1*
#2865625 1%
#2865875 0*
#2866875 1*
#2867125 1)
#2867375 0! 1' 1(
#2867500 1#
#2868250 0)
#2868375 1! 0# 0% 0' 0(
#2868625 0*
#2869750 1*
#2869875 1)
#2870125 0!
#2870250 1" 1# 1% 1' 1(
#2871000 0)
#2871250 0" 0# 0% 0' 0(
#2871500 0*
#2872500 1*
#2873125 1!
#2873375 0*
#2874375 1*
#2874875 0!
#2875000 1"
#2875250 0*
#2876000 1)
#2876250 1*
#2876375 1# 1% 1' 1(
#2877125 0)
#2877250 0# 0% 0' 0(
#2877375 0"
#2877625 0*
#2878625 1*
#2879250 1!
#2879500 0*
#2880500 1*
#2881000 0!
#2881125 1"
#2881375 0*
#2882125 1)
#2882250 0"
#2882375 1' 1( 1*
#2882500 0,
#2883125 0)
#2883375 0'
#2883500 1!
#2883625 0+
#2884750 1+
#2884875 1)
#2885125 0!
#2885250 1$ 1% 1' 1,
#2886000 0)
#2886125 0$ 0% 0'
#2886250 1! 0(
#2886500 0*
#2887500 1*
#2888125 1%
#2888375 0*
#2889375 1*
#2889625 1)
#2889750 0!
#2889875 1# 1' 1(
#2890625 0)
#2890875 1! 0# 0% 0' 0(
#2891125 0*
#2892125 1*
#2892375 1)
#2892625 0!
#2892750 1$ 1% 1' 1(
#2893000 00
#2893500 0)
#2893625 0$ 0% 0' 0(
#2893750 1!
#2894000 0*
#2895000 1*
#2895625 1%
#2895875 0*
#2896875 1*
#2897125 1)
#2897250 0!
#2897375 1# 1' 1(
#2898125 0)
#2898375 1! 0# 0% 0' 0(
#2898625 0*
#2899625 1*
#2899875 1)
#2900000 10
#2915250 1" 1# 1$ 1% 1& 1' 1(
#2916000 0)
#2917625 1)
#2919750 0)
#2921375 1)
#2924500 0! 0$ 0&
#2925375 0)
#2925500 0" 0# 0% 0' 0(
#2925875 0*
#2926875 1*
#2927000 1)
#2927375 1! 1" 1# 1$ 1% 1& 1' 1(
#2928125 0)
#2929875 1)
#2931000 0)
#2931500 0+
#2932500 1+
#2933375 0+
#2934375 1+
#2935250 0+
#2936250 1+
#2937125 0+
#2938125 1+
#2939250 1)
#2939500 0! 0$ 0&
#2940375 0)
#2940500 0" 0% 0' 0(
#2940750 0*
#2941875 1*
#2942000 1)
#2942375 1! 1" 1$ 1% 1& 1' 1(
#2943125 0)
#2944875 1)
#2945125 0" 0# 0$ 0& 0(
#2945875 0-
#2946000 0)
#2946125 0! 0% 0'
#2946375 0*
#2947500 1*
#2948125 1!
#2948250 0*
#2949375 1*
#2949875 0!
#2950000 1"
#2950125 0*
#2951250 1*
#2951875 1!
#2952000 0*
#2953125 1*
#2954250 1) 1-
#2954500 0! 1# 1% 1' 1(
#2955375 0)
#2955500 0" 0# 0% 0' 0(
#2955625 1$
#2955750 0*
#2956875 1*
#2957000 1)
#2957375 1! 1" 1# 1% 1& 1' 1(
#2958125 0)
#2959875 1)
#2960125 0" 0# 0$ 0& 0(
#2960875 0) 0-
#2961125 0! 0% 0'
#2961250 1#
#2961375 0*
#2962500 1*
#2963125 1!
#2963250 0*
#2964250 1*
#2964875 0!
#2965000 1"
#2965125 0*
#2966250 1*
#2966750 1!
#2967000 0*
#2968000 1*
#2969250 1) 1-
#2969375 0!
#2969500 1% 1' 1(
#2970250 0)
#2970500 0" 0% 0' 0(
#2970625 1$
#2970750 0*
#2971750 1*
#2972000 1)
#2972250 0# 0$
#2972375 1! 1&
#2973125 0)
#2973375 1" 1# 1$ 1%
#2973625 0+
#2974625 1+
#2974875 1)
#2975125 0" 0# 0$ 0& 1'
#2975875 0) 0-
#2976125 0! 0% 0'
#2976250 1$
#2976375 0*
#2976875 00
#2977500 1*
#2978000 1!
#2978250 0*
#2979250 1*
#2979875 0!
#2980000 1"
#2980125 0*
#2981125 1*
#2981750 1!
#2982000 0*
#2983000 1*
#2983875 10
#2984250 1) 1-
#2984500 0! 1# 0$ 1% 1' 1(
#2985250 0)
#2985500 0" 0# 0' 0(
#2985750 0*
#2986750 1*
#2987000 1)
#2987375 1! 1" 1# 1$ 1& 1' 1(
#2988125 0)
#2989875 1)
#2990125 0" 0# 0$ 0& 0(
#2990875 0) 0-
#2991125 0! 0% 0'
#2991250 1# 1$
#2991375 0*
#2992500 1*
#2993125 1!
#2993250 0*
#2994375 1*
#2994875 0!
#2995000 1"
#2995125 0*
#2996250 1*
#2996750 1!
#2997000 0*
#2998125 1*
#2999250 1) 1-
#2999500 0! 0$ 1% 1' 1(
#3000375 0)
#3000500 0" 0' 0(
#3000750 0*
#3001875 1*
#3002000 1)
#3002375 1! 1" 1$ 1& 1' 1(
#3003125 0)
#3004875 1)
#3005125 0" 0# 0$ 0& 0(
#3005875 0-
#3006000 0)
#3006125 0! 0'
#3006375 0*
#3007500 1*
#3008125 1!
#3008250 0*
#3009375 1*
#3009875 0!
#3010000 1"
#3010125 0*
#3011250 1*
#3011875 1!
#3012000 0*
#3013125 1*
#3014250 1) 1-
#3014500 0! 1# 1' 1(
#3015375 0)
#3015500 0" 0# 0' 0(
#3015625 1$
#3015875 0*
#3016875 1*
#3017000 1)
#3017375 1! 1" 1# 1& 1' 1(
#3018125 0)
#3019875 1)
#3020125 0" 0# 0$ 0& 0(
#3020875 0-
#3021000 0)
#3021125 0! 0'
#3021250 1#
#3021500 0*
#3022500 1*
#3023125 1!
#3023375 0*
#3024375 1*
#3024875 0!
#3025000 1"
#3025250 0*
#3026250 1*
#3026875 1!
#3027125 0*
#3028125 1*
#3029250 1) 1-
#3029500 0! 1' 1(
#3030375 0)
#3030500 0" 0' 0(
#3030625 1$
#3030875 0*
#3031875 1*
#3032000 1)
#3032250 0# 0$ 0%
#3032375 1" 1&
#3033125 0)
#3033375 1! 1# 1$ 1%
#3033625 0*
#3034625 1*
#3034875 1)
#3035125 0" 0# 0$ 0& 1'
#3035875 0-
#3036000 0)
#3036125 0! 0'
#3036250 1$
#3036500 0*
#3037500 1*
#3038125 1!
#3038375 0*
#3039375 1*
#3039875 0!
#3040000 1"
#3040250 0*
#3041250 1*
#3041875 1!
#3042125 0*
#3043125 1*
#3044250 1) 1-
#3044500 0! 0$
#3044625 1# 1' 1(
#3045375 0)
#3045500 0# 0(
#3045625 0" 0% 1& 0'
#3045875 0*
#3046875 1*
#3047125 1)
#3047375 1! 1" 1# 1$ 1% 1' 1(
#3048125 0)
#3049875 1)
#3050125 0" 0# 0$ 0& 0(
#3051000 0) 0-
#3051125 0!
#3051250 1# 1$ 0'
#3051500 0*
#3052500 1*
#3053125 1!
#3053375 0*
#3054375 1*
#3054875 0!
#3055000 1"
#3055250 0*
#3056250 1*
#3056875 1!
#3057125 0*
#3058125 1*
#3059250 1)
#3059375 1-
#3059500 0! 0$
#3059625 1' 1(
#3060375 0)
#3060625 0" 0% 1& 0' 0(
#3060875 0*
#3061875 1*
#3062125 1)
#3062375 1! 1" 1% 1' 1(
#3062500 1$
#3063250 0)
#3064875 1)
#3065125 0# 0$
#3065250 0" 0& 0(
#3066000 0) 0-
#3066250 0! 0% 1& 0'
#3066500 0*
#3067500 1*
#3068125 1!
#3068375 0*
#3069375 1*
#3070000 0! 1"
#3070250 0*
#3071250 1*
#3071875 1!
#3072125 0*
#3073125 1*
#3074250 1)
#3074375 1-
#3074500 0! 0&
#3074625 1# 1% 1' 1(
#3075375 0)
#3075625 0" 0# 1$ 0% 1& 0' 0(
#3075875 0*
#3076875 1*
#3077125 1)
#3077375 1(
#3077500 1! 1" 1# 1% 1'
#3078250 0)
#3079875 1)
#3080250 0" 0# 0$ 0& 0(
#3081000 0) 0-
#3081250 0! 1# 0% 1& 0'
#3081500 0*
#3082500 1*
#3083125 1!
#3083375 0*
#3084375 1*
#3085000 0!
#3085125 1"
#3085250 0*
#3086250 1*
#3086875 1!
#3087125 0*
#3088125 1*
#3089375 1) 1-
#3089500 0!
#3089625 1% 0& 1' 1(
#3090375 0)
#3090625 0" 0% 1& 0' 0(
#3090750 1$
#3090875 0*
#3091875 1*
#3092125 1)
#3092375 0# 0$
#3092500 1! 1"
#3093250 0)
#3093500 1# 1$ 1%
#3093750 0+
#3094750 1+
#3095000 1)
#3095250 0" 0# 0$ 0& 1'
#3096000 0) 0-
#3096250 0! 0% 0'
#3096375 1$ 1&
#3096500 0*
#3097500 1*
#3098250 1!
#3098375 0*
#3099500 1*
#3100000 0!
#3100125 1"
#3100250 0*
#3101375 1*
#3102000 1!
#3102125 0*
#3103250 1*
#3104375 1) 1-
#3104625 0! 1# 0$ 1% 0& 1' 1(
#3105500 0)
#3105625 0" 0# 0' 0(
#3105750 1&
#3105875 0*
#3107000 1*
#3107125 1)
#3107500 1! 1" 1# 1$ 1' 1(
#3108250 0)
#3110000 1)
#3110250 0" 0# 0$ 0& 0(
#3111000 0-
#3111125 0)
#3111250 0! 0% 0'
#3111375 1# 1$ 1&
#3111625 0*
#3112625 1*
#3113250 1!
#3113500 0*
#3114500 1*
#3115000 0!
#3115125 1"
#3115375 0*
#3116375 1*
#3117000 1!
#3117250 0*
#3118250 1*
#3119375 1) 1-
#3119625 0! 0$ 0& 1' 1(
#3119750 1%
#3120500 0)
#3120625 0" 0' 0(
#3120750 1&
#3121000 0*
#3122000 1*
#3122125 1)
#3122500 1! 1" 1$ 1' 1(
#3123250 0)
#3125000 1)
#3125250 0" 0# 0$ 0& 0(
#3126000 0-
#3126125 0)
#3126250 0! 0'
#3126375 1&
#3126625 0*
#3127625 1*
#3128250 1!
#3128500 0*
#3129500 1*
#3130000 0!
#3130125 1"
#3130375 0*
#3131375 1*
#3132000 1!
#3132250 0*
#3133250 1*
#3134375 1) 1-
#3134625 0! 0&
#3134750 1# 1' 1(
#3135500 0)
#3135625 0# 0(
#3135750 0" 1$ 1& 0'
#3136000 0*
#3137000 1*
#3137250 1)
#3137500 1! 1" 1# 1' 1(
#3138250 0)
#3140000 1)
#3140250 0" 0# 0$ 0& 0(
#3141125 0) 0-
#3141250 0!
#3141375 1# 1& 0'
#3141625 0*
#3142625 1*
#3143250 1!
#3143500 0*
#3144500 1*
#3145000 0!
#3145125 1"
#3145375 0*
#3146375 1*
#3147000 1!
#3147250 0* 0/
#3148250 1*
#3149375 1)
#3149500 1-
#3149625 0! 0&
#3149750 1' 1(
#3150500 0)
#3150750 0" 1$ 1& 0' 0(
#3151000 0*
#3152000 1*
#3152250 1)
#3152500 0$ 0%
#3153375 0)
#3153625 1! 1" 1$ 1%
#3153875 0*
#3154250 1/
#3154875 1*
#3155000 1)
#3155250 0" 0# 0$ 0&
#3155375 1'
#3156125 0) 0-
#3156375 0! 1$ 1& 0'
#3156625 0*
#3157625 1*
#3158250 1!
#3158500 0*
#3159500 1*
#3160125 0! 1"
#3160375 0*
#3161375 1*
#3162000 1!
#3162250 0*
#3163250 1*
#3164375 1)
#3164500 1-
#3164625 0! 0&
#3164750 1# 0$ 1' 1(
#3165500 0)
#3165750 0" 0# 0% 0(
#3166000 0*
#3167000 1*
#3167250 1)
#3167500 1(
#3167625 1! 1" 1# 1$ 1% 1&
#3168375 0)
#3170000 1)
#3170375 0" 0# 0$ 0& 0(
#3171125 0) 0-
#3171375 0! 1# 1$ 1& 0'
#3171625 0*
#3172625 1*
#3173250 1!
#3173500 0*
#3174500 1*
#3175125 0! 1"
#3175375 0*
#3176375 1*
#3177000 1!
#3177250 0*
#3178250 1*
#3179500 1) 1-
#3179625 0!
#3179750 0$ 0& 1' 1(
#3180500 0)
#3180750 0" 0% 0(
#3181000 0*
#3182000 1*
#3182250 1)
#3182625 1! 1" 1$ 1% 1& 1(
#3183375 0)
#3185000 1)
#3185375 0" 0# 0$ 0& 0(
#3186125 0) 0-
#3186375 0! 0%
#3186625 0*
#3187625 1*
#3188250 1!
#3188500 0*
#3189500 1*
#3190125 0!
#3190250 1"
#3190375 0*
#3191375 1*
#3192000 1!
#3192250 0*
#3193250 1*
#3194500 1) 1-
#3194625 0!
#3194750 1# 1% 1(
#3195500 0)
#3195750 0" 0# 0% 0(
#3195875 1$
#3196000 0*
#3197000 1*
#3197250 1)
#3197625 1! 1" 1# 1% 1& 1(
#3198375 0)
#3200125 1)
#3200375 0" 0# 0$ 0& 0(
#3201125 0) 0-
#3201375 0! 0%
#3201500 1#
#3201625 0*
#3202625 1*
#3203125 0/
#3203250 1!
#3203500 0*
#3204500 1*
#3205125 0!
#3205250 1"
#3205375 0*
#3206375 1*
#3207000 1!
#3207250 0*
#3208250 1*
#3209500 1) 1-
#3209625 0!
#3209750 1% 1(
#3210250 1/
#3210500 0)
#3210750 0" 0% 0(
#3210875 1$
#3211000 0*
#3212000 1*
#3212250 1)
#3212500 0$ 0'
#3212625 1! 1&
#3213375 0)
#3213625 1" 1$ 1%
#3213875 0+
#3214875 1+
#3215125 1)
#3215375 0" 0# 0$ 0& 1'
#3216125 0) 0-
#3216375 0! 0%
#3216500 1$
#3216625 0*
#3217625 1*
#3218250 1!
#3218500 0*
#3219500 1*
#3220125 0!
#3220250 1"
#3220375 0*
#3221375 1*
#3222000 1!
#3222250 0*
#3223250 1*
#3224500 1) 1-
#3224625 0!
#3224750 1# 0$ 1% 1(
#3225500 0)
#3225750 0" 0# 0(
#3226000 0*
#3227000 1*
#3227250 1)
#3227625 1! 1" 1# 1$ 1& 1(
#3228375 0)
#3230000 1)
#3230375 0" 0# 0$ 0& 0(
#3231125 0) 0-
#3231375 0! 1# 1$ 0%
#3231625 0*
#3232625 1*
#3233250 1!
#3233500 0*
#3234500 1*
#3235125 0! 1"
#3235375 0*
#3236375 1*
#3237000 1!
#3237250 0*
#3238250 1*
#3239375 1)
#3239500 1-
#3239625 0!
#3239750 0$ 1% 1(
#3240500 0)
#3240750 0" 0(
#3241000 0*
#3242000 1*
#3242250 1)
#3242500 1(
#3242625 1! 1" 1$ 1&
#3243375 0)
#3245000 1)
#3245375 0" 0# 0$ 0& 0(
#3246125 0) 0-
#3246375 0!
#3246625 0*
#3247625 1*
#3248250 1!
#3248500 0*
#3249500 1*
#3250125 0! 1"
#3250375 0*
#3251375 1*
#3252000 1!
#3252250 0*
#3253250 1*
#3254375 1)
#3254500 1-
#3254625 0!
#3254750 1# 1(
#3255500 0)
#3255750 0" 0# 1$ 0(
#3256000 0*
#3257000 1*
#3257250 1)
#3257500 1! 1(
#3257625 1" 1# 1&
#3258375 0)
#3260000 1)
#3260250 0#
#3260375 0" 0$ 0& 0(
#3261125 0) 0-
#3261375 0! 1#
#3261625 0*
#3262625 1*
#3263250 1!
#3263500 0*
#3264500 1*
#3265125 0! 1"
#3265375 0*
#3266375 1*
#3267000 1!
#3267250 0*
#3268250 1*
#3269375 1)
#3269500 1-
#3269625 0!
#3269750 1(
#3270500 0)
#3270750 0" 1$ 0(
#3271000 0*
#3272000 1*
#3272250 1)
#3272500 1" 0$ 0% 1& 0'
#3273250 0)
#3273625 1! 1$ 1%
#3273750 0*
#3274875 1*
#3275000 1)
#3275250 0" 0# 0$ 0&
#3275375 1'
#3276125 0) 0-
#3276250 0!
#3276375 1$
#3276625 0*
#3277625 1*
#3278250 1!
#3278500 0*
#3279500 1*
#3280000 0!
#3280125 1"
#3280375 0*
#3281375 1*
#3282000 1!
#3282250 0*
#3283250 1*
#3284375 1)
#3284500 1-
#3284625 0! 0$
#3284750 1# 1(
#3285500 0)
#3285625 0(
#3285750 0" 0# 0% 1&
#3286000 0*
#3287000 1*
#3287250 1)
#3287500 1! 1" 1# 1$ 1% 1(
#3288250 0)
#3290000 1)
#3290250 0" 0# 0$ 0& 0(
#3291125 0) 0-
#3291250 0!
#3291375 1# 1$
#3291625 0*
#3292625 1*
#3293250 1!
#3293500 0*
#3294500 1*
#3295000 0!
#3295125 1"
#3295375 0*
#3296375 1*
#3297000 1!
#3297250 0*
#3298250 1*
#3299375 1) 1-
#3299625 0! 0$ 1(
#3300500 0)
#3300625 0(
#3300750 0" 0% 1&
#3301000 0*
#3302000 1*
#3302125 1)
#3302500 1! 1" 1$ 1% 1(
#3303250 0)
#3305000 1)
#3305250 0" 0# 0$ 0& 0(
#3306000 0-
#3306125 0)
#3306250 0! 0%
#3306375 1&
#3306625 0*
#3307625 1*
#3308250 1!
#3308500 0*
#3309500 1*
#3310000 0!
#3310125 1"
#3310375 0*
#3311375 1*
#3312000 1!
#3312250 0*
#3313250 1*
#3314375 1) 1-
#3314625 0! 0& 1(
#3314750 1# 1%
#3315500 0)
#3315625 0" 0# 0% 0(
#3315750 1$ 1&
#3316000 0*
#3317000 1*
#3317125 1)
#3317500 1! 1" 1# 1% 1(
#3318250 0)
#3320000 1)
#3320250 0" 0# 0$ 0& 0(
#3321000 0-
#3321125 0)
#3321250 0! 0%
#3321375 1# 1&
#3321625 0*
#3322625 1*
#3323250 1!
#3323500 0*
#3324500 1*
#3325000 0!
#3325125 1"
#3325250 0*
#3326375 1*
#3327000 1!
#3327125 0*
#3328250 1*
#3329375 1) 1-
#3329625 0! 1% 0& 1(
#3330500 0)
#3330625 0" 0% 0(
#3330750 1$ 1&
#3330875 0*
#3332000 1*
#3332125 1)
#3332375 0$ 0'
#3332500 1! 1"
#3333250 0)
#3333500 1$ 1%
#3333750 0+
#3334500 0/
#3334750 1+
#3335000 1)
#3335250 0" 0# 0$ 0& 1'
#3336000 0) 0-
#3336250 0! 0%
#3336375 1$ 1&
#3336500 0*
#3337625 1*
#3338250 1!
#3338375 0*
#3339500 1*
#3340000 0!
#3340125 1"
#3340250 0*
#3341250 1*
#3341500 1/
#3341875 1!
#3342125 0*
#3343125 1*
#3344375 1) 1-
#3344625 0! 1# 0$ 1% 0& 1(
#3345375 0)
#3345625 0" 0# 1& 0(
#3345875 0*
#3346875 1*
#3347125 1)
#3347500 1! 1" 1# 1$ 1(
#3348250 0)
#3350000 1)
#3350250 0" 0# 0$ 0& 0(
#3351000 0) 0-
#3351250 0! 0%
#3351375 1# 1$ 1&
#3351500 0*
#3352500 1*
#3353125 1!
#3353375 0*
#3354375 1*
#3355000 0!
#3355125 1"
#3355250 0*
#3356250 1*
#3356875 1!
#3357125 0*
#3358125 1*
#3359375 1) 1-
#3359500 0!
#3359625 0$ 1% 0& 1(
#3360375 0)
#3360625 0" 1& 0(
#3360875 0*
#3361875 1*
#3362125 1)
#3362500 1! 1" 1$ 1(
#3363250 0)
#3364875 1)
#3365250 0" 0# 0$ 0& 0(
#3366000 0) 0-
#3366250 0! 1&
#3366500 0*
#3367500 1*
#3368125 1!
#3368375 0*
#3369375 1*
#3370000 0!
#3370125 1"
#3370250 0*
#3371250 1*
#3371875 1!
#3372125 0*
#3373125 1*
#3374250 1)
#3374375 1-
#3374500 0!
#3374625 1# 0& 1(
#3375375 0)
#3375625 0" 0# 1$ 1& 0(
#3375875 0*
#3376875 1*
#3377125 1)
#3377375 1(
#3377500 1! 1" 1#
#3378250 0)
#3379875 1)
#3380250 0" 0# 0$ 0& 0(
#3381000 0) 0-
#3381250 0! 1# 1&
#3381500 0*
#3382500 1*
#3383125 1!
#3383375 0*
#3384375 1*
#3385000 0! 1"
#3385250 0*
#3386250 1*
#3386875 1!
#3387125 0*
#3388125 1*
#3389250 1)
#3389375 1-
#3389500 0! 0&
#3389625 1(
#3390375 0)
#3390500 0/
#3390625 0" 1$ 1& 0(
#3390875 0*
#3391875 1*
#3392125 1)
#3392375 0# 0% 0'
#3393250 0)
#3393500 1! 1" 1# 1%
#3393750 0*
#3394750 1*
#3394875 1)
#3395125 0#
#3395250 0" 0$ 0& 1'
#3396000 0) 0-
#3396250 0! 1$ 1&
#3396500 0*
#3397500 1* 1/
#3398125 1!
#3398375 0*
#3399375 1*
#3400000 0! 1"
#3400250 0*
#3401250 1*
#3401875 1!
#3402125 0*
#3403125 1*
#3404250 1)
#3404375 1-
#3404625 1# 1(
#3405375 0)
#3405875 0+
#3406875 1+
#3407125 1)
#3408250 0)
#3409875 1)
#3410250 0" 0# 0$ 0& 0(
#3411000 0) 0-
#3411250 0! 1# 1$ 1&
#3411500 0*
#3412500 1*
#3413125 1!
#3413375 0*
#3414375 1*
#3415000 0! 1"
#3415250 0*
#3416250 1*
#3416875 1!
#3417125 0*
#3418125 1*
#3419250 1)
#3419375 1-
#3419500 0!
#3419625 0$ 0& 1(
#3420375 0)
#3420625 0" 0# 0% 0' 0(
#3420875 0*
#3421875 1*
#3422500 1!
#3422750 0*
#3423750 1*
#3424375 0! 1"
#3424625 0*
#3425375 1)
#3425625 1*
#3425750 1# 1% 1' 1(
#3426500 0)
#3426750 0" 0# 0% 0' 0(
#3427000 0*
#3428000 1*
#3428625 1!
#3428875 0*
#3429875 1*
#3430375 0!
#3430500 1"
#3430750 0*
#3431500 1)
#3431750 0" 1*
#3431875 1'
#3432625 0)
#3432750 0'
#3433125 0+
#3434125 1+
#3434375 1)
#3434625 1$ 1% 1' 1(
#3435375 0)
#3435625 0$ 0% 0' 0(
#3435750 1"
#3435875 0*
#3436875 1*
#3437625 1%
#3437750 0*
#3438750 1*
#3439000 1)
#3439250 0"
#3439375 1# 1' 1(
#3440125 0)
#3440250 0(
#3440375 1" 0# 0% 0'
#3440625 0*
#3441625 1*
#3441875 1)
#3442125 0" 1$ 1% 1' 1(
#3442875 0)
#3443125 0$ 0% 0' 0(
#3443250 1"
#3443375 0*
#3444375 1*
#3445125 1%
#3445250 0*
#3446250 1*
#3446500 1)
#3446750 0"
#3446875 1# 1' 1(
#3447625 0)
#3447750 0(
#3447875 1" 0# 0% 0'
#3448125 0*
#3449125 1*
#3449375 1)
#3449625 1# 1% 1' 1(
#3450375 0)
#3450625 0" 0# 0% 0' 0(
#3450875 0*
#3451875 1*
#3452625 1!
#3452750 0*
#3453875 1*
#3454375 0!
#3454500 1"
#3454625 0*
#3455375 1)
#3455625 1*
#3455750 1# 1% 1' 1(
#3456500 0)
#3456750 0" 0# 0% 0' 0(
#3457000 0*
#3458000 1*
#3458625 1!
#3458875 0*
#3459875 1*
#3460500 0!
#3460625 1"
#3460750 0*
#3462000 1)
#3462250 1*
#3462750 1! 1' 1(
#3462875 1# 1$ 1% 1&
#3463625 0)
#3465750 1)
#3466000 0! 0" 0# 0&
#3466875 0)
#3467500 0$ 0% 0' 0(
#3467625 1"
#3467750 0*
#3468875 1*
#3469500 1%
#3469750 0*
#3470750 1*
#3470875 1)
#3471125 0"
#3471250 1# 1' 1(
#3472000 0)
#3472250 1" 0# 0% 0' 0(
#3472500 0*
#3473500 1*
#3473750 1)
#3474000 0" 1' 1(
#3474125 1$ 1%
#3474875 0)
#3475000 0$ 0% 0' 0(
#3475125 1"
#3475375 0*
#3476375 1*
#3477000 1%
#3477250 0*
#3478250 1*
#3478375 1)
#3478625 0"
#3478750 1# 1' 1(
#3479500 0)
#3479750 1" 0# 0% 0' 0(
#3480000 0*
#3481000 1*
#3481250 1)
#3481500 1' 1(
#3481625 1# 1%
#3482375 0)
#3482500 0# 0% 0' 0(
#3482625 0" 0/
#3482875 0*
#3483875 1*
#3484500 1!
#3484750 0*
#3485750 1*
#3486250 0!
#3486375 1"
#3486625 0*
#3487375 1)
#3487625 1*
#3487750 1# 1% 1' 1(
#3488500 0)
#3488625 0" 0# 0% 0' 0(
#3488875 0*
#3489625 1/
#3490000 1*
#3490625 1!
#3490875 0*
#3491875 1*
#3492375 0!
#3492500 1"
#3492750 0*
#3493500 1)
#3493750 1! 1# 1$ 1% 1& 1' 1( 1*
#3494500 0)
#3496250 1)
#3496500 0! 0" 0# 0&
#3497375 0)
#3497500 0(
#3497625 1" 0$ 0% 0'
#3497875 0*
#3498875 1*
#3499500 1%
#3499750 0*
#3500750 1*
#3501000 1)
#3501250 0" 1# 1' 1(
#3502000 0)
#3502250 0# 0% 0' 0(
#3502375 1"
#3502500 0*
#3503625 1*
#3503750 1)
#3504000 0"
#3504125 1$ 1% 1' 1(
#3504875 0)
#3505000 0(
#3505125 1" 0$ 0% 0'
#3505375 0*
#3506375 1*
#3507000 1%
#3507250 0*
#3508250 1*
#3508500 1)
#3508750 0" 1' 1(
#3508875 1#
#3509625 0)
#3509750 0# 0% 0' 0(
#3509875 1"
#3510000 0*
#3511125 1*
#3511250 1)
#3511625 1# 1% 1' 1(
#3512375 0)
#3512625 0" 0# 0% 0' 0(
#3512875 0*
#3513875 1*
#3514500 1!
#3514750 0*
#3515750 1*
#3516375 0! 1"
#3516625 0*
#3517375 1)
#3517625 1*
#3517750 1# 1% 1' 1(
#3518500 0)
#3518625 0(
#3518750 0" 0# 0% 0'
#3519000 0*
#3520000 1*
#3520625 1!
#3520875 0*
#3521875 1*
#3522375 0!
#3522500 1"
#3522750 0*
#3523500 1)
#3523750 1*
#3523875 1! 1# 1$ 1% 1& 1' 1(
#3524625 0)
#3526250 1)
#3526500 0!
#3526625 0" 0# 0&
#3527375 0)
#3527625 1" 0$ 0% 0' 0(
#3527875 0*
#3528875 1*
#3529500 1%
#3529750 0*
#3530750 1*
#3531000 1)
#3531250 0"
#3531375 1# 1' 1(
#3532125 0)
#3532250 0' 0(
#3532375 1" 0# 0%
#3532625 0*
#3533625 1*
#3533875 1)
#3534000 0"
#3534125 1$ 1% 1' 1(
#3534875 0)
#3535125 0$ 0% 0' 0(
#3535250 1"
#3535375 0*
#3536375 1*
#3537125 1%
#3537250 0*
#3538250 1*
#3538500 1)
#3538625 0/
#3538750 0"
#3538875 1# 1' 1(
#3539625 0)
#3539750 0(
#3539875 1" 0# 0% 0'
#3540125 0*
#3541125 1*
#3541375 1)
#3545625 1/
#3556625 1(
#3556750 1! 1# 1$ 1% 1& 1'
#3557500 0)
#3559125 1)
#3561250 0)
#3562875 1)
#3566000 0! 0$ 0&
#3566875 0)
#3567000 0# 0% 0' 0(
#3567125 0"
#3567375 0*
#3568375 1*
#3568500 1)
#3568875 1! 1" 1# 1$ 1% 1& 1' 1(
#3569625 0)
#3571375 1)
#3572500 0)
#3573000 0+
#3574000 1+
#3574875 0+
#3575875 1+
#3576750 0+
#3577750 1+
#3578625 0+
#3579625 1+
#3580750 1)
#3581000 0! 0$ 0&
#3581875 0)
#3582000 0(
#3582125 0" 0% 0'
#3582375 0*
#3583375 1*
#3583625 1)
#3583875 1! 1" 1$ 1% 1& 1' 1(
#3584625 0)
#3586375 1)
#3586625 0" 0# 0$ 0& 0(
#3587500 0) 0-
#3587625 0!
#3587750 0% 0' 1(
#3588000 0*
#3589000 1*
#3589625 1!
#3589875 0*
#3590875 1*
#3591375 0!
#3591500 1"
#3591750 0*
#3592750 1*
#3593375 1!
#3593625 0*
#3594625 1*
#3595750 1) 1-
#3596000 0!
#3596125 1# 1% 1'
#3596875 0)
#3597125 0" 0# 1$ 0% 0' 0(
#3597375 0*
#3598375 1*
#3598625 1)
#3598875 1! 1" 1# 1% 1& 1' 1(
#3599750 0)
#3601375 1)
#3601625 0" 0# 0$ 0& 0(
#3602500 0) 0-
#3602625 0!
#3602750 1# 0% 0' 1(
#3603000 0*
#3604000 1*
#3604625 1!
#3604875 0*
#3605875 1*
#3606375 0!
#3606500 1"
#3606750 0*
#3607750 1*
#3608375 1!
#3608625 0*
#3609625 1*
#3610750 1)
#3610875 1-
#3611000 0!
#3611125 1% 1'
#3611875 0)
#3612125 0" 1$ 0% 0' 0(
#3612375 0*
#3613375 1*
#3613625 1)
#3613875 1! 0# 1&
#3614750 0)
#3615000 1" 1# 1%
#3615250 0+
#3616250 1+
#3616375 1)
#3616625 0" 0# 0$ 0&
#3616750 1'
#3617500 0) 0-
#3617750 0! 1$ 0% 0' 1(
#3618000 0*
#3619000 1*
#3619625 1!
#3619875 0*
#3620875 1*
#3621375 0!
#3621500 1"
#3621750 0*
#3622750 1*
#3623375 1!
#3623625 0*
#3624625 1*
#3625750 1)
#3625875 1-
#3626000 0! 0$
#3626125 1# 1% 1'
#3626875 0)
#3627125 0" 0# 0' 0(
#3627375 0*
#3628375 1*
#3628625 1)
#3628875 1! 1' 1(
#3629000 1" 1# 1$ 1&
#3629750 0)
#3631375 1)
#3631625 0" 0# 0$ 0&
#3631750 0(
#3632500 0) 0-
#3632750 0! 1# 1$ 0% 0' 1(
#3633000 0*
#3634000 1*
#3634625 1!
#3634875 0*
#3635875 1*
#3636375 0!
#3636500 1"
#3636750 0*
#3637750 1*
#3638375 1!
#3638625 0*
#3639625 1*
#3640750 1)
#3640875 1-
#3641000 0! 0$
#3641125 1% 1'
#3641875 0)
#3642125 0" 0' 0(
#3642375 0*
#3643375 1*
#3643625 1)
#3643875 1! 1' 1(
#3644000 1" 1$ 1&
#3644750 0)
#3646375 1)
#3646625 0# 0$ 0&
#3646750 0" 0(
#3647500 0) 0-
#3647750 0! 0' 1(
#3648000 0*
#3649000 1*
#3649625 1!
#3649875 0*
#3650875 1*
#3651375 0!
#3651500 1"
#3651750 0*
#3652750 1*
#3653375 1!
#3653625 0*
#3654625 1*
#3655750 1)
#3655875 1-
#3656000 0!
#3656125 1# 1'
#3656875 0)
#3657125 0" 0# 1$ 0' 0(
#3657375 0*
#3658375 1*
#3658625 1)
#3658875 1! 1" 1# 1& 1' 1(
#3659750 0)
#3661375 1)
#3661625 0" 0# 0$ 0& 0(
#3662500 0) 0-
#3662750 0! 1# 0' 1(
#3663000 0*
#3664000 1*
#3664625 1!
#3664875 0*
#3665875 1*
#3666375 0!
#3666500 1"
#3666750 0*
#3667750 1*
#3668375 1!
#3668625 0*
#3669625 1*
#3670750 1)
#3670875 1-
#3671000 0!
#3671125 1'
#3671875 0)
#3672125 0" 1$ 0' 0(
#3672375 0*
#3673375 1*
#3673625 1)
#3673875 1" 0# 0% 1&
#3674625 0)
#3675000 1! 1# 1%
#3675125 0*
#3676125 1*
#3676375 1)
#3676625 0" 0# 0$ 0&
#3676750 1'
#3677500 0) 0-
#3677625 0!
#3677750 1$ 0' 1(
#3678000 0*
#3679000 1*
#3679625 1!
#3679875 0*
#3680875 1*
#3681375 0!
#3681500 1"
#3681750 0*
#3682750 1*
#3683375 1!
#3683625 0*
#3684625 1*
#3685750 1) 1-
#3686000 0! 0$
#3686125 1# 1'
#3686875 0)
#3687000 0#
#3687125 0" 0% 1& 0' 0(
#3687375 0*
#3688375 1*
#3688625 1)
#3688875 1! 1" 1# 1$ 1% 1' 1(
#3689625 0)
#3691375 1)
#3691625 0" 0# 0$ 0& 0(
#3692500 0) 0-
#3692625 0! 0'
#3692750 1# 1$ 1(
#3693000 0*
#3694000 1*
#3694625 1!
#3694875 0*
#3695875 1*
#3696375 0!
#3696500 1"
#3696750 0*
#3697750 1*
#3698375 1!
#3698625 0*
#3699625 1*
#3700750 1) 1-
#3701000 0! 0$ 1'
#3701875 0)
#3702000 0' 0(
#3702125 0" 0% 1&
#3702375 0*
#3703375 1*
#3703500 1)
#3703875 1! 1" 1$ 1% 1' 1(
#3704625 0)
#3706375 1)
#3706625 0" 0# 0$ 0& 0(
#3707375 0-
#3707500 0)
#3707625 0! 0% 0'
#3707750 1& 1(
#3708000 0*
#3709000 1*
#3709625 1!
#3709875 0*
#3710875 1*
#3711375 0!
#3711500 1"
#3711750 0*
#3711875 00
#3712750 1*
#3713375 1!
#3713625 0*
#3714625 1*
#3715750 1) 1-
#3716000 0! 0& 1'
#3716125 1# 1%
#3716875 0)
#3717000 0" 0# 0% 0' 0(
#3717125 1$ 1&
#3717375 0*
#3718375 1*
#3718500 1)
#3718875 1! 1" 1# 1% 1' 1( 10
#3719625 0)
#3721375 1)
#3721625 0" 0# 0$ 0& 0(
#3722375 0-
#3722500 0)
#3722625 0! 0% 0'
#3722750 1# 1& 1(
#3723000 0*
#3724000 1*
#3724625 1!
#3724875 0*
#3725875 1*
#3726375 0!
#3726500 1"
#3726750 0*
#3727750 1*
#3728375 1!
#3728625 0*
#3729625 1*
#3730750 1) 1-
#3731000 0! 1% 0& 1'
#3731875 0)
#3732000 0" 0% 0' 0(
#3732125 1$ 1&
#3732250 0*
#3733375 1*
#3733500 1)
#3733750 0#
#3733875 1! 1"
#3734625 0)
#3734875 1# 1%
#3735125 0+
#3736125 1+
#3736375 1)
#3736625 0" 0# 0$ 0& 1'
#3737375 0) 0-
#3737625 0! 0% 0'
#3737750 1$ 1& 1(
#3737875 0*
#3739000 1*
#3739625 1!
#3739750 0*
#3740875 1*
#3741375 0!
#3741500 1"
#3741625 0*
#3742750 1*
#3743250 1!
#3743500 0*
#3744500 1*
#3745750 1) 1-
#3746000 0! 1# 0$ 1% 0& 1'
#3746750 0)
#3747000 0" 0# 1& 0' 0(
#3747250 0*
#3748250 1*
#3748500 1)
#3748875 1! 1" 1# 1$ 1' 1(
#3749625 0)
#3751375 1)
#3751625 0" 0# 0$ 0& 0(
#3752375 0) 0-
#3752625 0! 0% 0' 1(
#3752750 1# 1$ 1&
#3752875 0*
#3753875 1*
#3754500 1!
#3754750 0*
#3755750 1*
#3756375 0!
#3756500 1"
#3756625 0*
#3757625 1*
#3758250 1!
#3758500 0*
#3759500 1*
#3760750 1) 1-
#3760875 0!
#3761000 0$ 1% 0& 1'
#3761750 0)
#3762000 0" 1& 0' 0(
#3762250 0*
#3763250 1*
#3763500 1)
#3763875 1! 1" 1$ 1' 1(
#3764625 0)
#3766250 1)
#3766625 0" 0# 0$ 0& 0(
#3767375 0) 0-
#3767625 0! 1& 0' 1(
#3767875 0*
#3768875 1*
#3769500 1!
#3769750 0*
#3770750 1*
#3771375 0! 1"
#3771625 0*
#3772625 1*
#3773250 1!
#3773500 0*
#3774500 1*
#3775625 1)
#3775750 1-
#3775875 0!
#3776000 1# 0& 1'
#3776750 0)
#3777000 0" 0# 1$ 1& 0' 0(
#3777250 0*
#3778250 1*
#3778500 1)
#3778875 1! 1" 1# 1' 1(
#3779625 0)
#3781250 1)
#3781625 0" 0# 0$ 0& 0(
#3782375 0) 0-
#3782625 0! 1# 1& 0' 1(
#3782875 0*
#3783875 1*
#3784500 1!
#3784750 0*
#3785750 1*
#3786375 0! 1"
#3786625 0*
#3787375 00
#3787625 1*
#3788250 1!
#3788500 0*
#3789500 1*
#3790625 1)
#3790750 1-
#3790875 0! 0&
#3791000 1'
#3791750 0)
#3792000 0" 1$ 1& 0' 0(
#3792250 0*
#3793250 1*
#3793500 1)
#3793750 0%
#3794375 10
#3794625 0)
#3794875 1! 1" 1%
#3795125 0*
#3796125 1*
#3796250 1)
#3796500 0" 0#
#3796625 0$ 0& 1'
#3797375 0) 0-
#3797625 0! 1$ 1& 0' 1(
#3797875 0*
#3798875 1*
#3799500 1!
#3799750 0*
#3800750 1*
#3801375 0! 1"
#3801625 0*
#3802625 1*
#3803250 1!
#3803500 0*
#3804500 1*
#3805625 1)
#3805750 1-
#3805875 0! 0$ 0&
#3806000 1# 1'
#3806750 0)
#3807000 0" 0# 0% 0(
#3807250 0*
#3808250 1*
#3808500 1)
#3808750 1(
#3808875 1! 1" 1# 1$ 1% 1&
#3809625 0)
#3811250 1)
#3811500 0# 0$ 0&
#3811625 0" 0(
#3812375 0) 0-
#3812625 0! 1# 1$ 1& 0' 1(
#3812875 0*
#3813875 1*
#3814500 1!
#3814750 0*
#3815750 1*
#3816375 0! 1"
#3816625 0*
#3817625 1*
#3818250 1!
#3818500 0*
#3819500 1*
#3820625 1)
#3820750 1-
#3820875 0! 0$ 0&
#3821000 1'
#3821750 0)
#3822000 0" 0% 0(
#3822250 0*
#3823250 1*
#3823500 1)
#3823750 1! 1(
#3823875 1" 1$ 1% 1&
#3824625 0)
#3826250 1)
#3826500 0# 0$ 0&
#3826625 0" 0(
#3827375 0) 0-
#3827625 0! 0% 1(
#3827875 0*
#3828875 1*
#3829500 1!
#3829750 0*
#3830750 1*
#3831250 0!
#3831375 1"
#3831625 0*
#3832625 1*
#3833250 1!
#3833500 0*
#3834500 1*
#3835625 1)
#3835750 1-
#3835875 0!
#3836000 1# 1%
#3836750 0)
#3837000 0" 0# 1$ 0% 0(
#3837250 0*
#3838250 1*
#3838500 1)
#3838750 1! 1(
#3838875 1" 1# 1% 1&
#3839625 0)
#3841250 1)
#3841500 0# 0&
#3841625 0" 0$ 0(
#3842375 0) 0-
#3842625 0! 1# 0% 1(
#3842875 0*
#3843875 1*
#3844500 1!
#3844750 0*
#3845750 1*
#3846375 0! 1"
#3846625 0*
#3847625 1*
#3848250 1!
#3848500 0*
#3849500 1*
#3850625 1)
#3850750 1-
#3850875 0!
#3851000 1%
#3851750 0)
#3852000 0" 1$ 0% 0(
#3852250 0*
#3853250 1*
#3853500 1)
#3853750 1! 0'
#3853875 1&
#3854625 0)
#3854875 1" 1%
#3855125 0+
#3856125 1+
#3856250 1)
#3856500 0" 0# 0$ 0&
#3856625 1'
#3857375 0) 0-
#3857625 0! 1$ 0% 1(
#3857875 0*
#3858875 1*
#3859500 1!
#3859750 0*
#3860750 1*
#3861375 0! 1"
#3861625 0*
#3862625 1*
#3863250 1!
#3863500 0*
#3864500 1*
#3865625 1)
#3865750 1-
#3865875 0! 0$
#3866000 1# 1%
#3866750 0)
#3867000 0" 0# 0(
#3867250 0*
#3868250 1*
#3868500 1)
#3868750 1(
#3868875 1! 1" 1# 1$ 1&
#3869625 0)
#3871250 1)
#3871500 0#
#3871625 0" 0$ 0& 0(
#3872375 0) 0-
#3872625 0! 1# 1$ 0% 1(
#3872875 0*
#3873875 1*
#3874500 1!
#3874750 0*
#3875750 1*
#3876375 0! 1"
#3876625 0*
#3877625 1*
#3878250 1!
#3878500 0*
#3879500 1*
#3880625 1)
#3880750 1-
#3880875 0!
#3881000 0$ 1%
#3881750 0)
#3882000 0" 0(
#3882250 0*
#3883250 1*
#3883500 1)
#3883875 1! 1" 1$ 1& 1(
#3884625 0)
#3886250 1)
#3886625 0" 0# 0$ 0& 0(
#3887375 0) 0-
#3887625 0! 1(
#3887875 0*
#3888875 1*
#3889500 1!
#3889750 0*
#3890750 1*
#3891375 0!
#3891500 1"
#3891625 0*
#3892625 1*
#3893250 1!
#3893500 0*
#3894500 1*
#3895750 1) 1-
#3895875 0!
#3896000 1#
#3896750 0)
#3897000 0" 0# 0(
#3897125 1$
#3897250 0*
#3898250 1*
#3898500 1)
#3898875 1! 1" 1# 1& 1(
#3899625 0)
#3901375 1)
#3901625 0" 0# 0$ 0& 0(
#3902375 0) 0-
#3902625 0! 1(
#3902750 1#
#3902875 0*
#3903875 1*
#3904500 1!
#3904750 0*
#3905875 1*
#3906375 0!
#3906500 1"
#3906625 0*
#3907750 1*
#3908250 1!
#3908500 0*
#3909625 1*
#3910750 1) 1-
#3911000 0!
#3911875 0)
#3912000 0" 0(
#3912125 1$
#3912250 0*
#3913375 1*
#3913500 1)
#3913750 0% 0'
#3913875 1" 1&
#3914625 0)
#3914875 1! 1%
#3915125 0*
#3916125 1*
#3916375 1)
#3916625 0" 0# 0$ 0& 1'
#3917375 0-
#3917500 0)
#3917625 0!
#3917750 1$ 1(
#3918000 0*
#3919000 1*
#3919625 1!
#3919875 0*
#3920875 1*
#3921375 0!
#3921500 1"
#3921750 0*
#3922750 1*
#3923375 1!
#3923625 0*
#3924625 1*
#3925750 1) 1-
#3926000 0! 0$
#3926125 1#
#3926875 0)
#3927000 0" 0# 0% 0(
#3927125 1&
#3927375 0*
#3928375 1*
#3928500 1)
#3928875 1! 1" 1# 1$ 1% 1(
#3929625 0)
#3931375 1)
#3931625 0" 0# 0$ 0& 0(
#3932375 0-
#3932500 0)
#3932625 0!
#3932750 1# 1$ 1(
#3933000 0*
#3934000 1*
#3934625 1!
#3934875 0*
#3935875 1*
#3936375 0!
#3936500 1"
#3936750 0*
#3937750 1*
#3938375 1!
#3938625 0*
#3939625 1*
#3940750 1) 1-
#3941000 0! 0$
#3941875 0)
#3942000 0(
#3942125 0" 0% 1&
#3942375 0*
#3943375 1*
#3943625 1)
#3943875 1! 1" 1$ 1% 1(
#3944625 0)
#3946375 1)
#3946625 0" 0# 0$ 0& 0(
#3947500 0) 0-
#3947625 0!
#3947750 0% 1& 1(
#3948000 0*
#3949000 1*
#3949625 1!
#3949875 0*
#3950875 1*
#3951375 0!
#3951500 1"
#3951750 0*
#3952750 1*
#3953375 1!
#3953625 0*
#3954625 1*
#3955750 1)
#3955875 1-
#3956000 0! 0&
#3956125 1# 1%
#3956875 0)
#3957125 0" 0# 1$ 0% 1& 0(
#3957375 0*
#3958375 1*
#3958625 1)
#3958875 1! 1" 1# 1(
#3959000 1%
#3959750 0)
#3961375 1)
#3961625 0#
#3961750 0" 0$ 0& 0(
#3962500 0) 0-
#3962750 0! 1# 0% 1& 1(
#3963000 0*
#3964000 1*
#3964625 1!
#3964875 0*
#3965875 1*
#3966500 0! 1"
#3966750 0*
#3967750 1*
#3968375 1!
#3968625 0*
#3969625 1*
#3970750 1)
#3970875 1-
#3971000 0! 0&
#3971125 1%
#3971875 0)
#3972125 0" 1$ 0% 1& 0(
#3972375 0*
#3973375 1*
#3973625 1)
#3973875 1! 0'
#3974000 1"
#3974750 0)
#3975000 1%
#3975250 0+
#3976250 1+
#3976375 1)
#3976750 0" 0# 0$ 0& 1'
#3977500 0) 0-
#3977750 0! 1$ 0% 1& 1(
#3978000 0*
#3979000 1*
#3979625 1!
#3979875 0*
#3980875 1*
#3981500 0! 1"
#3981750 0*
#3982750 1*
#3983375 1!
#3983625 0*
#3984625 1*
#3985875 1) 1-
#3986000 0!
#3986125 1# 0$ 1% 0&
#3986875 0)
#3987125 0" 0# 1& 0(
#3987375 0*
#3988375 1*
#3988625 1)
#3989000 1! 1" 1# 1$ 1(
#3989750 0)
#3991500 1)
#3991750 0" 0# 0$ 0& 0(
#3992500 0) 0-
#3992750 0! 0% 1(
#3992875 1# 1$ 1&
#3993000 0*
#3994000 1*
#3994625 1!
#3994875 0*
#3995875 1*
#3996500 0!
#3996625 1"
#3996750 0*
#3997750 1*
#3998375 1!
#3998625 0*
#3999625 1*
#4000875 1) 1-
#4001125 0! 0$ 1% 0&
#4001875 0)
#4002125 0" 0(
#4002250 1&
#4002375 0*
#4003500 1*
#4003625 1)
#4004000 1! 1" 1$ 1(
#4004750 0)
#4006500 1)
#4006750 0" 0# 0$ 0& 0(
#4007500 0-
#4007625 0)
#4007750 0!
#4007875 1& 1(
#4008000 0*
#4009125 1*
#4009750 1!
#4010000 0*
#4011000 1*
#4011500 0!
#4011625 1"
#4011875 0*
#4012875 1*
#4013500 1!
#4013750 0*
#4014750 1*
#4015875 1) 1-
#4016125 0! 1# 0&
#4017000 0)
#4017125 0" 0# 0(
#4017250 1$ 1&
#4017500 0*
#4018500 1*
#4018625 1)
#4019000 1! 1" 1# 1(
#4019750 0)
#4021500 1)
#4021750 0" 0# 0$ 0& 0(
#4022500 0-
#4022625 0)
#4022750 0!
#4022875 1# 1& 1(
#4023125 0*
#4024125 1*
#4024750 1!
#4025000 0*
#4026000 1*
#4026500 0!
#4026625 1"
#4026875 0*
#4027875 1*
#4028500 1!
#4028750 0*
#4029750 1*
#4030875 1) 1-
#4031125 0! 0&
#4032000 0)
#4032125 0" 0(
#4032250 1$ 1&
#4032500 0*
#4033500 1*
#4033625 1)
#4033875 0# 0$
#4034000 0'
#4034750 0)
#4035000 1! 1" 1# 1$
#4035250 0*
#4036250 1*
#4036500 1)
#4036750 0" 0# 0$ 0& 1'
#4037500 0-
#4037625 0)
#4037750 0!
#4037875 1$ 1& 1(
#4038125 0*
#4039125 1*
#4039750 1!
#4040000 0*
#4041000 1*
#4041500 0!
#4041625 1"
#4041875 0*
#4042875 1*
#4043500 1!
#4043750 0*
#4044750 1*
#4045875 1) 1-
#4046250 1#
#4047000 0)
#4047500 0+
#4048500 1+
#4048625 1)
#4049750 0)
#4051500 1)
#4051750 0" 0# 0$ 0& 0(
#4052500 0-
#4052625 0)
#4052750 0!
#4052875 1# 1$ 1& 1(
#4053125 0*
#4054125 1*
#4054750 1!
#4055000 0*
#4056000 1*
#4056500 0!
#4056625 1"
#4056875 0*
#4057875 1*
#4058500 1!
#4058750 0*
#4059750 1*
#4060875 1) 1-
#4061125 0! 0$ 0&
#4062000 0)
#4062125 0(
#4062250 0" 0# 0% 0'
#4062500 0*
#4063500 1*
#4064125 1!
#4064375 0*
#4065375 1*
#4065875 0!
#4066000 1"
#4066250 0*
#4067000 1)
#4067250 1*
#4067375 1# 1% 1' 1(
#4068125 0)
#4068250 0" 0# 0% 0' 0(
#4068625 0*
#4069625 1*
#4070250 1!
#4070500 0*
#4071500 1*
#4072000 0!
#4072125 1"
#4072375 0*
#4073125 1)
#4073375 1! 1# 1$ 1% 1& 1' 1( 1*
#4074125 0)
#4075875 1)
#4076125 0! 0" 0# 0&
#4077000 0)
#4077125 0' 0(
#4077250 1! 1" 0$ 0%
#4077500 0*
#4078500 1*
#4079125 1%
#4079375 0*
#4080375 1*
#4080625 1)
#4080750 0!
#4080875 0" 1# 1' 1(
#4081625 0)
#4081875 1! 1" 0# 0% 0' 0(
#4082125 0*
#4083125 1*
#4083375 1)
#4083625 0! 0" 1(
#4083750 1$ 1% 1'
#4084500 0)
#4084625 0$ 0% 0' 0(
#4084750 1! 1"
#4085000 0*
#4086000 1*
#4086625 1%
#4086875 0*
#4087875 1*
#4088125 1)
#4088250 0! 0"
#4088375 1# 1' 1(
#4089125 0)
#4089375 1! 1" 0# 0% 0' 0(
#4089625 0*
#4090625 1*
#4090875 1)
#4091125 0!
#4091250 1# 1% 1' 1(
#4092000 0)
#4092125 0# 0' 0(
#4092250 0" 0%
#4092500 0*
#4093500 1*
#4094125 1!
#4094375 0*
#4094750 0/
#4095375 1*
