$date Sat Aug 15 19:22:17 2026 $end
$version libsigrok 0.5.2 $end
$comment
  Acquisition with 16/16 channels at 80 MHz
$end
$timescale 100 ps $end
$scope module libsigrok $end
$var wire 1 ! A0 $end
$var wire 1 " A1 $end
$var wire 1 # A2 $end
$var wire 1 $ A3 $end
$var wire 1 % A4 $end
$var wire 1 & A5 $end
$var wire 1 ' A6 $end
$var wire 1 ( A7 $end
$var wire 1 ) RAS $end
$var wire 1 * CAS0 $end
$var wire 1 + CAS1 $end
$var wire 1 , R/W $end
$var wire 1 - VDS $end
$var wire 1 . IRQ $end
$var wire 1 / CSW $end
$var wire 1 0 CSR $end
$upscope $end
$enddefinitions $end
#0 1! 1" 1# 0$ 0% 0& 0' 1( 0) 1* 1+ 1, 0- 0. 1/ 10
#125 0! 0# 1' 0( 00
#250 1# 1% 1- 10
#375 0" 1&
#625 0*
#1625 1*
#1875 1)
#2125 0%
#2250 0,
#2875 0)
#3250 1! 1" 1$ 1%
#3375 0*
#4500 1*
#4625 1)
#4875 0" 0# 0$ 0'
#5000 1,
#5750 0) 0-
#5875 0!
#6000 1'
#6250 0*
#7250 1*
#7875 1!
#8125 0*
#9125 1*
#9750 0! 1"
#10000 0*
#11000 1*
#11625 1!
#11875 0*
#12875 1*
#14000 1)
#14125 1-
#14250 0! 0&
#14375 1# 1(
#15125 0)
#15375 0" 0# 1$ 1& 0(
#15625 0*
#16625 1*
#16875 1)
#17125 1! 1(
#17250 1" 1#
#18000 0)
#19625 1)
#19875 0#
#20000 0" 0$ 0' 0(
#20750 0) 0-
#21000 0! 1# 1'
#21250 0*
#22250 1*
#22875 1!
#23125 0*
#24125 1*
#24750 0! 1"
#25000 0*
#26000 1*
#26625 1!
#26875 0*
#27875 1*
#29000 1)
#29125 1-
#29250 0!
#29375 0& 1(
#30125 0)
#30375 0" 1$ 1& 0(
#30625 0*
#31625 1*
#31875 1)
#32125 0# 0$ 0% 0' 1(
#33000 0)
#33250 1! 1" 1# 1$ 1%
#33500 0*
#34500 1*
#34625 1)
#34875 0#
#35000 0" 0$ 0(
#35750 0) 0-
#36000 0! 1$ 1'
#36250 0*
#37250 1*
#37875 1!
#38125 0*
#39125 1*
#39750 0! 1"
#40000 0*
#41000 1*
#41625 1!
#41875 0*
#42875 1*
#44125 1) 1-
#44375 1# 1(
#45125 0)
#45625 0+
#46625 1+
#46875 1)
#48000 0)
#49625 1)
#50000 0" 0# 0$ 0' 0(
#50750 0) 0-
#51000 0! 1$ 1'
#51125 1#
#51250 0*
#52250 1*
#52875 1!
#53000 00
#53125 0*
#54125 1*
#54750 0! 1"
#55000 0*
#56000 1*
#56625 1!
#56875 0*
#57875 1*
#59125 1) 1-
#59375 0! 0$ 0& 1(
#59875 10
#60125 0)
#60375 0" 0# 0% 0' 0(
#60625 0*
#61625 1*
#62250 1!
#62500 0*
#63500 1*
#64125 0!
#64250 1"
#64375 0*
#65125 1)
#65375 1*
#65500 1# 1% 1' 1(
#66250 0)
#66500 0" 0# 0% 0' 0(
#66750 0*
#67750 1*
#68375 1!
#68625 0*
#69625 1*
#70125 0!
#70250 1"
#70500 0*
#71250 1)
#71500 0" 1*
#71625 1# 1&
#72375 0)
#72625 1" 1$ 1% 1' 1(
#72875 0*
#73875 1*
#74000 1)
#74375 0" 0# 0&
#75125 0)
#75375 1" 0$ 0% 0' 0(
#75625 0*
#76625 1*
#77250 1%
#77500 0*
#78500 1*
#78750 1)
#79000 0"
#79125 1# 1' 1(
#79875 0)
#80000 0' 0(
#80125 1" 0# 0%
#80375 0*
#81375 1*
#81500 1)
#81750 0"
#81875 1$ 1% 1' 1(
#82625 0)
#82875 1" 0$ 0% 0' 0(
#83125 0*
#84125 1*
#84750 1%
#85000 0*
#86000 1*
#86250 1)
#86500 0"
#86625 1# 1' 1(
#87375 0)
#87500 0# 0' 0(
#87625 1" 0%
#87875 0*
#88875 1*
#89000 1)
#89375 1# 1% 1' 1(
#90125 0)
#90375 0" 0# 0% 0' 0(
#90625 0*
#91625 1*
#92250 1!
#92500 0*
#93500 1*
#94125 0! 1"
#94375 0*
#95125 1)
#95375 1*
#95500 1# 1% 1' 1(
#96250 0)
#96500 0" 0# 0% 0' 0(
#96750 0*
#97750 1*
#98375 1!
#98625 0*
#99625 1*
#100125 0!
#100250 1"
#100500 0*
#101750 1)
#102000 1*
#102375 0"
#102500 1# 1& 1'
#102625 0,
#103250 0)
#103500 1$ 1% 1(
#103625 1"
#103750 0*
#104750 1*
#105500 1)
#105750 0" 0# 0&
#105875 1,
#106500 0)
#107250 1" 0$ 0% 0' 0(
#107500 0*
#108500 1*
#109125 1%
#109375 0*
#110375 1*
#110625 1)
#110875 0" 1(
#111000 1# 1'
#111750 0)
#111875 0# 0% 0' 0(
#112000 1"
#112250 0*
#113250 1*
#113375 1)
#113625 0"
#113750 1$ 1% 1' 1(
#114500 0)
#114750 1" 0$ 0% 0' 0(
#115000 0*
#116000 1*
#116625 1%
#116875 0*
#117875 1*
#118125 1)
#118375 0" 1' 1(
#118500 1#
#119250 0)
#119375 0# 0% 0' 0(
#119500 1"
#119750 0*
#120750 1*
#120875 1)
#121250 1# 1% 1' 1(
#122000 0)
#122250 0" 0# 0% 0' 0(
#122500 0*
#123500 1*
#124125 1!
#124375 0*
#125375 1*
#125875 0!
#126000 1"
#126250 0*
#127000 1)
#127250 1*
#127375 1# 1% 1' 1(
#128125 0)
#128250 0# 0% 0' 0(
#128375 0"
#128625 0*
#129625 1*
#130250 1!
#130500 0*
#131500 1*
#132000 0!
#132125 1"
#132375 0*
#133125 1)
#133375 0" 1*
#133500 1# 1&
#134125 0)
#134500 1! 1" 1$ 1% 1' 1(
#134750 0*
#135750 1*
#135875 1)
#136125 0! 0" 0# 0&
#136750 00
#137000 0)
#137250 1" 0$ 0% 0' 0(
#137500 0*
#138500 1*
#139125 1%
#139375 0*
#140375 1*
#140625 1)
#140875 0" 1# 1' 1(
#141625 0)
#141875 0# 0% 0' 0(
#142000 1"
#142125 0*
#143125 1*
#143375 1)
#143625 0"
#143750 1$ 1% 1' 1( 10
#144500 0)
#144625 0' 0(
#144750 1" 0$ 0%
#145000 0*
#146000 1*
#146625 1%
#146875 0*
#147875 1*
#148125 1)
#148375 0" 1# 1' 1(
#149125 0)
#149375 0# 0% 0' 0(
#149500 1"
#149625 0*
#150625 1*
#150875 1)
#151250 1# 1% 1' 1(
#152000 0)
#152125 0# 0' 0(
#152250 0" 0%
#152500 0*
#153500 1*
#154125 1!
#154375 0*
#155375 1*
#155875 0!
#156000 1"
#156250 0*
#157000 1)
#157250 1*
#157375 1# 1% 1' 1(
#158125 0)
#158250 0" 0# 0% 0' 0(
#158500 0*
#159625 1*
#160250 1!
#160375 0*
#161500 1*
#162000 0!
#162125 1"
#162250 0*
#163125 1)
#163250 0" 1*
#163375 1# 1& 1'
#163500 0,
#164125 0)
#164375 1! 1(
#164500 1" 1$ 1%
#164625 0*
#165625 1*
#165875 1)
#166125 0! 0" 0# 0&
#166250 1,
#167000 0)
#167125 0$ 0% 0' 0(
#167250 1"
#167500 0*
#168500 1*
#169125 1%
#169375 0*
#170375 1*
#170500 1)
#170750 0"
#170875 1# 1' 1(
#171625 0)
#171875 1" 0# 0% 0' 0(
#172125 0*
#173125 1*
#173375 1)
#173625 0" 1' 1(
#173750 1$ 1%
#174500 0)
#174625 0$ 0% 0' 0(
#174750 1"
#175000 0*
#176000 1*
#176625 1%
#176875 0*
#177875 1*
#178000 1)
#178250 0"
#178375 1# 1' 1(
#179125 0)
#179375 1" 0# 0% 0' 0(
#179625 0*
#180625 1*
#180875 1)
#196125 1! 1% 1& 1' 1(
#196250 1# 1$
#197000 0)
#198625 1)
#200750 0)
#202375 1)
#205500 0! 0$ 0&
#206250 0)
#206500 0" 0# 0% 0' 0(
#206750 0*
#207875 1*
#208000 1)
#208375 1! 1" 1# 1$ 1% 1& 1' 1(
#209125 0)
#210875 1)
#211875 0)
#212500 0+
#213500 1+
#214375 0+
#215375 1+
#216125 0+
#217250 1+
#218000 0+
#219125 1+
#220250 1)
#220500 0! 0$ 0&
#220625 00
#221250 0)
#221500 0" 0% 0' 0(
#221750 0*
#222750 1*
#223000 1)
#223375 1! 1&
#224125 0)
#224250 0!
#224375 1" 1$ 1% 1'
#224625 0*
#225625 1*
#225875 1)
#226125 1! 0" 0# 0$ 0'
#226875 0) 0-
#227125 0! 0% 0& 1(
#227375 0*
#227625 10
#228375 1*
#229000 1!
#229250 0*
#230250 1*
#230875 0!
#231000 1"
#231125 0*
#232125 1*
#232750 1!
#233000 0*
#234000 1*
#235250 1) 1-
#235375 0!
#235500 1# 1% 1'
#236250 0)
#236500 0" 0# 1$ 0% 0' 0(
#236750 0*
#237750 1*
#238000 1)
#238250 0$
#238375 1! 1# 1& 1' 0,
#239125 0)
#239250 0!
#239375 1" 1$ 1%
#239625 0*
#240625 1*
#240750 1)
#241125 1! 0" 0# 0$ 0'
#241250 1,
#241875 0) 0-
#242125 0! 0% 0& 1(
#242250 1#
#242375 0*
#243375 1*
#244000 1!
#244250 0*
#245250 1*
#245875 0! 1"
#246125 0*
#247125 1*
#247750 1!
#248000 0*
#249000 1*
#250125 1)
#250250 1-
#250375 0!
#250500 1% 1'
#251250 0)
#251500 0" 1$ 0% 0' 0(
#251750 0*
#252750 1*
#253000 1)
#253250 0# 0$
#253375 1! 1& 1(
#254125 0)
#254375 1" 1# 1$ 1%
#254625 0+
#255625 1+
#255750 1)
#256000 0#
#256125 0" 0$ 0(
#256875 0) 0-
#257125 0! 1$ 0% 0& 1(
#257375 0*
#258375 1*
#259000 1!
#259250 0*
#260250 1*
#260875 0! 1"
#261125 0*
#262125 1*
#262750 1!
#263000 0*
#264000 1*
#265125 1)
#265250 1-
#265375 0!
#265500 1# 0$ 1% 1'
#266250 0)
#266500 0" 0# 0' 0(
#266750 0*
#267750 1*
#268000 1)
#268250 0%
#268375 1! 1# 1&
#269125 0)
#269375 1" 1$ 1% 1'
#269625 0*
#270625 1*
#270750 1)
#271125 0" 0# 0$ 0'
#271875 0) 0-
#272125 0! 1# 1$ 0% 0& 1(
#272375 0*
#273375 1*
#274000 1!
#274250 0*
#275250 1*
#275875 0! 1"
#276125 0*
#277125 1*
#277750 1!
#278000 0*
#279000 1*
#280250 1) 1-
#280375 0!
#280500 0$ 1% 1'
#281250 0)
#281500 0" 0' 0(
#281750 0*
#282750 1*
#283000 1)
#283250 0%
#283375 1! 1& 1' 0,
#284125 0)
#284375 1" 1$ 1%
#284625 0*
#285625 1*
#285750 1)
#286125 0" 0# 0$ 0'
#286250 1,
#286875 0) 0-
#287125 0! 0& 1(
#287375 0*
#288375 1*
#289000 1!
#289250 0*
#290250 1*
#290875 0!
#291000 1"
#291125 0*
#292125 1*
#292750 1!
#293000 0*
#294000 1*
#295250 1) 1-
#295375 0!
#295500 1# 1'
#296250 0)
#296500 0" 0# 0' 0(
#296625 1$
#296750 0*
#297750 1*
#298000 1)
#298375 1! 1" 1# 1& 1' 1(
#299125 0)
#300875 1)
#301125 0" 0# 0$ 0' 0(
#301875 0) 0-
#302125 0! 0& 1(
#302250 1#
#302375 0*
#303375 1*
#304000 1!
#304250 0*
#304500 00
#305375 1*
#305875 0!
#306000 1"
#306125 0*
#307125 1*
#307750 1!
#308000 0*
#309125 1*
#310250 1) 1-
#310500 0! 1'
#311250 0)
#311500 0" 0' 0( 10
#311625 1$
#311750 0*
#312875 1*
#313000 1)
#313250 0# 0$ 0%
#313375 1" 1& 1(
#314125 0)
#314375 1! 1# 1$ 1%
#314625 0*
#315625 1*
#315875 1)
#316125 0" 0# 0$ 0(
#316875 0) 0-
#317125 0! 0&
#317250 1$ 1(
#317375 0*
#318500 1*
#319125 1!
#319250 0*
#320375 1*
#320875 0!
#321000 1"
#321125 0*
#322250 1*
#322875 1!
#323125 0*
#324125 1*
#325250 1) 1-
#325500 0! 1# 0$ 1'
#326375 0)
#326500 0" 0# 0% 0' 0(
#326625 1&
#326750 0*
#327875 1*
#328000 1)
#328375 1! 1" 1# 1$ 1% 1' 1(
#329125 0)
#330875 1)
#331125 0" 0# 0$ 0' 0(
#331875 0-
#332000 0)
#332125 0! 0&
#332250 1# 1$ 1(
#332500 0*
#333500 1*
#334125 1!
#334375 0*
#335375 1*
#335875 0!
#336000 1"
#336250 0*
#337250 1*
#337875 1!
#338125 0*
#339125 1*
#340250 1) 1-
#340500 0! 0$ 1'
#341375 0)
#341500 0" 0% 0' 0(
#341625 1&
#341875 0*
#342875 1*
#343000 1)
#343375 1!
#344125 0)
#344375 0! 1$ 1% 1' 1(
#344500 1"
#344625 0*
#345625 1*
#345875 1)
#346125 1! 0" 0# 0$ 0' 0(
#346875 0-
#347000 0)
#347125 0! 0%
#347250 1(
#347500 0*
#348500 1*
#349125 1!
#349375 0*
#350375 1*
#350875 0!
#351000 1"
#351250 0*
#352250 1*
#352875 1!
#353125 0*
#354125 1*
#355250 1) 1-
#355500 0! 0&
#355625 1# 1% 1'
#356375 0)
#356625 0" 0# 1$ 0% 1& 0' 0(
#356875 0*
#357875 1*
#358125 1)
#358375 1! 1# 0$ 1'
#358500 0,
#359125 0)
#359375 0!
#359500 1" 1$ 1% 1(
#359625 0*
#360750 1*
#360875 1)
#361125 0" 0# 0$ 0' 0(
#361250 1! 1,
#362000 0) 0-
#362125 0!
#362250 1# 0% 1(
#362500 0*
#363500 1*
#364125 1!
#364375 0*
#365375 1*
#365875 0!
#366000 1"
#366250 0*
#367250 1*
#367875 1!
#368125 0*
#369125 1*
#370250 1)
#370375 1-
#370500 0! 0&
#370625 1% 1'
#371375 0)
#371625 0" 1$ 0% 1& 0' 0(
#371875 0*
#372875 1*
#373125 1)
#373375 1! 1" 0# 0$ 1(
#374250 0)
#374500 1# 1$ 1%
#374750 0+
#375750 1+
#375875 1)
#376125 0" 0# 0$ 0(
#377000 0) 0-
#377250 0! 1$ 0% 1(
#377500 0*
#378500 1*
#379125 1!
#379375 0*
#380375 1*
#381000 0! 1"
#381250 0*
#382250 1*
#382875 1!
#383125 0*
#384125 1*
#385250 1)
#385375 1-
#385500 0!
#385625 1# 0$ 1% 0& 1'
#386375 0)
#386625 0" 0# 1& 0' 0(
#386875 0*
#387875 1*
#388125 1)
#388375 0% 00
#388500 1! 1#
#389250 0)
#389500 1" 1$ 1% 1' 1(
#389750 0*
#390750 1*
#390875 1)
#391250 0" 0# 0$ 0' 0(
#392000 0) 0-
#392250 0! 0% 1(
#392375 1# 1$
#392500 0*
#393500 1*
#394125 1!
#394375 0*
#395375 1* 10
#396000 0!
#396125 1"
#396250 0*
#397250 1*
#397875 1!
#398125 0*
#399125 1*
#400375 1) 1-
#400625 0! 0$ 1% 0& 1'
#401375 0)
#401625 0" 0' 0(
#401750 1&
#401875 0*
#403000 1*
#403125 1)
#403375 0%
#403500 1! 1' 0,
#404250 0)
#404500 1" 1$ 1% 1(
#404750 0*
#405750 1*
#406000 1)
#406250 0" 0# 0$ 0' 0(
#406375 1,
#407000 0) 0-
#407250 0!
#407375 1(
#407500 0*
#408625 1*
#409250 1!
#409375 0*
#410500 1*
#411000 0!
#411125 1"
#411375 0*
#412375 1*
#413000 1!
#413250 0*
#414250 1*
#415375 1) 1-
#415625 0! 1# 0& 1'
#416500 0)
#416625 0" 0# 0' 0(
#416750 1$ 1&
#417000 0*
#418000 1*
#418125 1)
#418500 1! 1" 1# 1' 1(
#419250 0)
#421000 1)
#421250 0" 0# 0$ 0' 0(
#422000 0-
#422125 0)
#422250 0!
#422375 1# 1(
#422625 0*
#423625 1*
#424250 1!
#424500 0*
#425500 1*
#426000 0!
#426125 1"
#426375 0*
#427375 1*
#428000 1!
#428250 0*
#429250 1*
#430375 1) 1-
#430625 0! 0& 1'
#431500 0)
#431625 0" 0' 0(
#431750 1$ 1&
#432000 0*
#433000 1*
#433250 1)
#433375 0$
#433500 0% 1(
#434250 0)
#434625 1! 1" 1$ 1%
#434750 0*
#435750 1*
#436000 1)
#436250 0" 0# 0$ 0(
#437125 0) 0-
#437250 0!
#437375 1$ 1(
#437625 0*
#438625 1*
#439250 1!
#439500 0*
#440500 1*
#441000 0!
#441125 1"
#441375 0*
#442375 1*
#443000 1!
#443250 0*
#444250 1*
#445375 1)
#445500 1-
#445625 0! 0$ 0&
#445750 1# 1'
#446500 0)
#446750 0" 0# 0% 0(
#447000 0*
#448000 1*
#448250 1)
#448500 1! 1" 1# 1% 1& 1(
#448625 1$
#449250 0)
#451000 1)
#451250 0" 0# 0$ 0' 0(
#452125 0) 0-
#452250 0!
#452375 1# 1$ 1(
#452625 0*
#453625 1*
#454250 1!
#454500 0*
#455500 1*
#456000 0!
#456125 1"
#456375 0*
#457375 1*
#458000 1!
#458250 0*
#459250 1*
#460375 1)
#460500 1-
#460625 0! 0$ 0&
#460750 1'
#461500 0)
#461750 0" 0% 0(
#462000 0*
#463000 1*
#463250 1)
#463500 1" 1& 0'
#464375 0)
#464625 1$ 1% 1'
#464875 0*
#465875 1*
#466000 1)
#466250 0" 0# 0$ 0'
#466375 1!
#467125 0) 0-
#467375 0! 0% 0& 1' 1(
#467625 0*
#468625 1*
#469250 1!
#469500 0*
#470500 1*
#471125 0! 1"
#471375 0*
#472250 00
#472375 1*
#473000 1!
#473250 0*
#474250 1*
#475375 1)
#475500 1-
#475625 0!
#475750 1# 1%
#476500 0)
#476750 0" 0# 1$ 0% 0(
#477000 0*
#478000 1*
#478250 1)
#478500 0$
#478625 1" 1# 1& 0,
#479125 10
#479375 0)
#479625 1$ 1%
#479875 0*
#480875 1*
#481000 1)
#481250 0" 0# 0$
#481375 1! 0'
#481500 1,
#482125 0) 0-
#482375 0! 1# 0% 0& 1' 1(
#482625 0*
#483625 1*
#484250 1!
#484500 0*
#485500 1*
#486125 0! 1"
#486375 0*
#487375 1*
#488000 1!
#488250 0*
#489250 1*
#490375 1)
#490500 1-
#490625 0!
#490750 1%
#491500 0)
#491750 0" 1$ 0% 0(
#492000 0*
#493000 1*
#493250 1)
#493500 1! 0$ 0' 1(
#493625 1&
#494375 0)
#494625 1" 1$ 1%
#494875 0+
#495875 1+
#496000 1)
#496250 0" 0$
#496375 0# 0(
#497125 0) 0-
#497375 0! 1$ 0% 0& 1' 1(
#497625 0*
#498625 1*
#499250 1!
#499500 0*
#500500 1*
#501125 0! 1"
#501375 0*
#502375 1*
#503000 1!
#503250 0*
#504250 1*
#505375 1)
#505500 1-
#505625 0! 0$
#505750 1# 1%
#506500 0)
#506750 0" 0# 0(
#507000 0*
#508000 1*
#508250 1)
#508500 0% 0'
#508625 1" 1# 1&
#509375 0)
#509625 1! 1$ 1% 1'
#509875 0*
#510875 1*
#511000 1)
#511250 0" 0# 0$ 0'
#512125 0) 0-
#512375 0! 1# 1$ 0% 0& 1' 1(
#512625 0*
#513625 1*
#514250 1!
#514500 0*
#515500 1*
#516125 0! 1"
#516375 0*
#517375 1*
#518000 1!
#518250 0*
#519250 1*
#520375 1)
#520500 1-
#520625 0! 0$
#520750 1%
#521500 0)
#521750 0" 0(
#522000 0*
#523000 1*
#523250 1)
#523500 0%
#523625 1" 1& 0,
#524375 0)
#524625 1! 1$ 1%
#524875 0*
#525875 1*
#526000 1)
#526250 0" 0# 0$ 0'
#526500 1,
#527125 0) 0-
#527375 0! 0& 1' 1(
#527625 0*
#528625 1*
#529250 1!
#529500 0*
#530500 1*
#531000 0!
#531125 1"
#531375 0*
#532375 1*
#533000 1!
#533250 0*
#534250 1*
#535375 1)
#535500 1-
#535625 0!
#535750 1#
#536500 0)
#536750 0" 0# 1$ 0(
#537000 0*
#538000 1*
#538250 1)
#538500 1! 1" 1(
#538625 1# 1&
#539375 0)
#541000 1)
#541250 0" 0# 0$ 0' 0(
#542125 0) 0-
#542250 0!
#542375 1# 0& 1' 1(
#542625 0*
#543625 1*
#544250 1!
#544500 0*
#545500 1*
#546000 0!
#546125 1"
#546375 0*
#547375 1*
#548000 1!
#548250 0*
#549250 1*
#550375 1)
#550500 1-
#550625 0!
#551500 0)
#551750 0" 1$ 0(
#552000 0*
#553000 1*
#553250 1)
#553500 1" 0$ 0% 1& 0' 1(
#554250 0)
#554625 1! 1$ 1%
#554750 0*
#555750 1*
#556000 1) 00
#556250 0" 0# 0$ 0(
#557125 0) 0-
#557250 0!
#557375 1$ 0& 1' 1(
#557625 0*
#558625 1*
#559250 1!
#559500 0*
#560500 1*
#561000 0!
#561125 1"
#561375 0*
#562375 1*
#563000 1! 10
#563250 0*
#564250 1*
#565375 1) 1-
#565625 0! 0$
#565750 1#
#566500 0)
#566625 0" 0# 0(
#566750 0% 1&
#567000 0*
#568000 1*
#568125 1)
#568500 1! 1" 1# 1$ 1% 1(
#569250 0)
#571000 1)
#571250 0" 0# 0$ 0' 0(
#572000 0-
#572125 0)
#572250 0! 0&
#572375 1# 1$ 1' 1(
#572625 0*
#573625 1*
#574250 1!
#574500 0*
#575500 1*
#576000 0!
#576125 1"
#576375 0*
#577375 1*
#578000 1!
#578250 0*
#579250 1*
#580375 1) 1-
#580625 0! 0$
#581500 0)
#581625 0" 0% 0(
#581750 1&
#582000 0*
#583000 1*
#583125 1)
#583375 0'
#583500 1"
#584250 0)
#584500 1$ 1% 1' 1(
#584750 0*
#585750 1*
#586000 1)
#586250 1! 0" 0# 0$ 0' 0(
#587000 0-
#587125 0)
#587250 0! 0%
#587375 1' 1(
#587625 0*
#588625 1*
#589250 1!
#589500 0*
#590500 1*
#591000 0!
#591125 1"
#591375 0*
#592375 1*
#593000 1!
#593250 0*
#594250 1*
#595375 1) 1-
#595625 0! 1# 1% 0&
#596500 0)
#596625 0" 0# 0% 0(
#596750 1$ 1&
#596875 0*
#598000 1*
#598125 1)
#598375 0$
#598500 1" 1# 0,
#599250 0)
#599500 1$ 1% 1(
#599750 0*
#600750 1*
#601000 1)
#601250 1! 0" 0# 0$ 0' 0(
#601375 1,
#602000 0) 0-
#602250 0! 0%
#602375 1# 1' 1(
#602500 0*
#603625 1*
#604250 1!
#604375 0*
#605500 1*
#606000 0!
#606125 1"
#606250 0*
#607375 1*
#607875 1!
#608125 0*
#609250 1*
#610375 1) 1-
#610625 0! 1% 0&
#611375 0)
#611625 0" 0% 0(
#611750 1$ 1&
#611875 0*
#612875 1*
#613125 1)
#613375 0$ 0'
#613500 1! 1" 1(
#614250 0)
#614500 1$ 1%
#614750 0+
#615750 1+
#616000 1)
#616250 0" 0# 0$ 0(
#617000 0) 0-
#617250 0! 0% 1' 1(
#617375 1$
#617500 0*
#618500 1*
#619125 1!
#619375 0*
#620375 1*
#621000 0!
#621125 1"
#621250 0*
#622250 1*
#622875 1!
#623125 0*
#624125 1*
#625375 1) 1-
#625500 0!
#625625 1# 0$ 1% 0&
#626375 0)
#626625 0" 0# 1& 0(
#626875 0*
#627875 1*
#628125 1)
#628375 0% 0'
#628500 1" 1#
#629250 0)
#629500 1! 1$ 1% 1' 1(
#629750 0*
#630750 1*
#630875 1)
#631250 0" 0# 0$ 0' 0(
#632000 0) 0-
#632250 0! 1# 1$ 0% 1' 1(
#632500 0*
#633500 1*
#634125 1!
#634375 0*
#635375 1*
#636000 0! 1"
#636250 0*
#637250 1*
#637875 1!
#638125 0*
#639125 1*
#639875 00
#640250 1)
#640375 1-
#640500 0!
#640625 0$ 1% 0&
#641375 0)
#641625 0" 1& 0(
#641875 0*
#642875 1*
#643125 1)
#643375 0%
#643500 1" 0,
#644250 0)
#644500 1! 1$ 1% 1(
#644750 0*
#645750 1*
#645875 1)
#646125 0$
#646250 0" 0# 0' 0(
#646375 1,
#646875 10
#647000 0) 0-
#647250 0! 1' 1(
#647500 0*
#648500 1*
#649125 1!
#649375 0*
#650375 1*
#651000 0! 1"
#651250 0*
#652250 1*
#652875 1!
#653125 0*
#654125 1*
#655250 1)
#655375 1-
#655500 0! 0&
#655625 1#
#656375 0)
#656625 0" 0# 1$ 1& 0(
#656875 0*
#657875 1*
#658125 1)
#658375 1! 1(
#658500 1" 1#
#659250 0)
#660875 1)
#661125 0" 0#
#661250 0$ 0' 0(
#662000 0) 0-
#662250 0! 1# 1' 1(
#662500 0*
#663500 1*
#664125 1!
#664375 0*
#665375 1*
#666000 0! 1"
#666250 0*
#667250 1*
#667875 1!
#668125 0*
#669125 1*
#670250 1)
#670375 1-
#670500 0! 0&
#671375 0)
#671625 0" 1$ 1& 0(
#671875 0*
#672875 1*
#673125 1)
#673375 0# 0% 0' 1(
#674250 0)
#674500 1! 1" 1# 1%
#674750 0*
#675750 1*
#675875 1)
#676125 0" 0# 0$ 0(
#677000 0) 0-
#677125 0!
#677250 1$ 1' 1(
#677500 0*
#678500 1*
#679125 1!
#679375 0*
#680375 1*
#680875 0!
#681000 1"
#681250 0*
#682250 1*
#682875 1!
#683125 0*
#684125 1*
#685250 1)
#685375 1-
#685625 1#
#686375 0)
#686875 0+
#687875 1+
#688125 1)
#689250 0)
#690875 1)
#691125 0" 0# 0$ 0'
#691250 0(
#692000 0) 0-
#692250 0! 1# 1$ 1' 1(
#692500 0*
#693500 1*
#694125 1!
#694375 0*
#695375 1*
#695875 0!
#696000 1"
#696250 0*
#697250 1*
#697875 1!
#698125 0*
#699125 1*
#700250 1)
#700375 1-
#700500 0! 0$ 0&
#701375 0)
#701625 0" 0# 0% 0' 0(
#701875 0*
#702875 1*
#703500 1!
#703750 0*
#704750 1*
#705250 0!
#705375 1"
#705625 0*
#706375 1)
#706625 1*
#706750 1# 1% 1' 1(
#707500 0)
#707625 0# 0% 0' 0(
#707750 0"
#708000 0*
#709000 1*
#709625 1!
#709875 0*
#710875 1*
#711375 0!
#711500 1"
#711750 0*
#712500 1)
#712750 1! 1*
#712875 1# 1&
#713625 0)
#713750 0!
#713875 1$ 1% 1'
#714125 0*
#715125 1*
#715250 1)
#715500 0" 0#
#715625 0& 1(
#716375 0)
#716625 1! 1" 0$ 0% 0' 0(
#716875 0*
#717875 1*
#718500 1%
#718750 0*
#719750 1*
#720000 1)
#720250 0! 0" 1' 1(
#720375 1#
#721125 0)
#721250 0# 0% 0' 0(
#721375 1! 1"
#721625 0*
#722625 1*
#722750 1)
#723000 0! 0"
#723125 1$ 1% 1' 1(
#723750 00
#723875 0)
#724125 1! 1" 0$ 0% 0' 0(
#724375 0*
#725375 1*
#726000 1%
#726250 0*
#727250 1*
#727500 1)
#727750 0! 0" 1' 1(
#727875 1#
#728625 0)
#728750 0# 0% 0' 0(
#728875 1! 1"
#729125 0*
#730125 1*
#730250 1)
#730500 0!
#730625 1# 1% 1' 1(
#730750 10
#731375 0)
#731625 0" 0# 0% 0' 0(
#731875 0*
#732875 1*
#733500 1!
#733750 0*
#734750 1*
#735375 0! 1"
#735625 0*
#736375 1)
#736625 1*
#736750 1# 1% 1' 1(
#737500 0)
#737750 0" 0# 0% 0' 0(
#738000 0*
#739000 1*
#739625 1!
#739875 0*
#740875 1*
#741375 0!
#741500 1"
#741750 0*
#743000 1)
#743250 1*
#743750 1! 1# 1& 1'
#743875 0,
#744500 0)
#744750 0! 1%
#744875 1$
#745000 0*
#746000 1*
#746750 1)
#747000 0" 0# 0& 1(
#747125 1,
#747875 0)
#748500 1! 1" 0$ 0% 0' 0(
#748750 0*
#749750 1*
#750500 1%
#750625 0*
#751625 1*
#751875 1)
#752125 0! 0"
#752250 1# 1' 1(
#753000 0)
#753125 0' 0(
#753250 1! 1" 0# 0%
#753500 0*
#754500 1*
#754750 1)
#754875 0! 0"
#755000 1$ 1% 1' 1(
#755750 0)
#756000 1! 0$ 0% 0' 0(
#756125 1"
#756250 0*
#757250 1*
#758000 1%
#758125 0*
#759125 1*
#759375 1)
#759625 0! 0"
#759750 1# 1' 1(
#760500 0)
#760750 1! 1" 0# 0% 0' 0(
#761000 0*
#762000 1*
#762250 1)
#762375 0!
#762500 1# 1% 1' 1(
#763250 0)
#763500 0" 0# 0% 0' 0(
#763750 0*
#764875 1*
#765500 1!
#765625 0*
#766750 1*
#767250 0!
#767375 1"
#767500 0*
#768375 1)
#768625 1# 1% 1' 1( 1*
#769375 0)
#769625 0" 0# 0% 0' 0(
#769875 0*
#770875 1*
#771500 1!
#771750 0*
#772750 1*
#773375 0!
#773500 1"
#773625 0*
#774375 1)
#774625 1*
#774750 1! 1# 1&
#775500 0)
#775750 1$ 1% 1'
#776000 0*
#777000 1*
#777250 1)
#777500 0! 0" 0# 0& 1(
#778375 0)
#778500 0$ 0% 0' 0(
#778625 1! 1"
#778875 0*
#779875 1*
#780500 1%
#780750 0*
#781750 1*
#781875 1)
#782125 0! 0"
#782250 1# 1' 1(
#783000 0)
#783250 1! 1" 0# 0% 0' 0(
#783500 0*
#784500 1*
#784750 1)
#785000 0! 0" 1' 1(
#785125 1$ 1%
#785875 0)
#786000 0$ 0% 0' 0(
#786125 1! 1"
#786375 0*
#787375 1*
#788000 1%
#788250 0*
#789250 1*
#789375 1)
#789625 0! 0"
#789750 1# 1' 1(
#790500 0)
#790750 1! 1" 0# 0% 0' 0(
#791000 0*
#792000 1*
#792250 1)
#792500 0! 1(
#792625 1# 1% 1'
#793375 0)
#793500 0# 0% 0' 0(
#793625 0"
#793875 0*
#794875 1*
#795500 1!
#795750 0*
#796750 1*
#797250 0!
#797375 1"
#797625 0*
#798375 1)
#798625 1*
#798750 1# 1% 1' 1(
#799500 0)
#799625 0" 0# 0% 0' 0(
#800000 0*
#801000 1*
#801625 1!
#801875 0*
#802875 1*
#803375 0!
#803500 1"
#803750 0*
#804500 1)
#804750 1! 1# 1& 1' 1*
#804875 0,
#805500 0)
#805875 1$ 1%
#806000 0*
#807125 1*
#807250 1)
#807500 0! 0" 0# 0& 1(
#807625 1, 00
#808375 0)
#808500 0(
#808625 1! 1" 0$ 0% 0'
#808875 0*
#809875 1*
#810500 1%
#810750 0*
#811750 1*
#812000 1)
#812250 0! 0" 1' 1(
#812375 1#
#813125 0)
#813250 0# 0% 0' 0(
#813375 1! 1"
#813500 0*
#814500 10
#814625 1*
#814750 1)
#815000 0! 0"
#815125 1$ 1% 1' 1(
#815875 0)
#816125 1! 1" 0$ 0% 0' 0(
#816375 0*
#817375 1*
#818000 1%
#818250 0*
#819250 1*
#819500 1)
#819750 0! 0" 1' 1(
#819875 1#
#820625 0)
#820750 0# 0% 0' 0(
#820875 1! 1"
#821125 0*
#822125 1*
#822250 1)
#837625 1# 1$ 1% 1& 1' 1(
#838375 0)
#840125 1)
#842125 0)
#843875 1)
#847000 0! 0$ 0&
#847750 0)
#848000 0" 0# 0% 0' 0(
#848250 0*
#849375 1*
#849500 1)
#849875 1! 1" 1# 1$ 1% 1& 1' 1(
#850625 0)
#852375 1)
#853500 0)
#854000 0+
#855000 1+
#855875 0+
#856875 1+
#857750 0+
#858750 1+
#859625 0+
#860625 1+
#861750 1)
#862000 0! 0$ 0&
#862875 0)
#863000 0" 0% 0' 0(
#863375 0*
#864375 1*
#864500 1)
#864875 1! 1" 1&
#865625 0)
#865875 0! 1$ 1% 1' 1(
#866125 0*
#867125 1*
#867375 1)
#867625 0# 0$ 0' 0(
#868375 0-
#868500 0)
#868625 0" 0% 0&
#869000 0*
#870000 1*
#870625 1!
#870875 0*
#871875 1*
#872375 0!
#872500 1"
#872750 0*
#873750 1*
#874375 1!
#874625 0*
#875625 1*
#876750 1) 1-
#877000 0! 1' 1(
#877125 1# 1%
#877875 0)
#878000 0" 0# 0% 0' 0(
#878125 1$
#878375 0*
#879375 1*
#879500 1)
#879750 0$
#879875 1! 1" 1# 1& 1'
#880000 0,
#880625 0)
#880875 0! 1$ 1% 1(
#881125 0*
#882125 1*
#882375 1)
#882625 0# 0$ 0' 0(
#882750 1,
#883375 0-
#883500 0)
#883625 0" 0% 0&
#883750 1#
#884000 0*
#885000 1*
#885625 1!
#885875 0*
#886875 1*
#887375 0!
#887500 1"
#887750 0*
#888750 1*
#889375 1!
#889625 0*
#890625 1*
#891375 00
#891750 1) 1-
#892000 0!
#892125 1% 1' 1(
#892875 0)
#893000 0% 0' 0(
#893125 0" 1$
#893375 0*
#894375 1*
#894625 1)
#894750 0#
#894875 1! 1& 1(
#895625 0)
#896000 1" 1# 1%
#896250 0+
#897125 1+
#897375 1)
#897625 0! 0# 0$ 0(
#898375 10
#898500 0) 0-
#898625 0" 0% 0&
#898750 1$
#899000 0*
#900000 1*
#900625 1!
#900875 0*
#901875 1*
#902375 0!
#902500 1"
#902750 0*
#903750 1*
#904375 1!
#904625 0*
#905625 1*
#906750 1) 1-
#907000 0! 0$
#907125 1# 1% 1' 1(
#907875 0)
#908000 0# 0' 0(
#908125 0"
#908375 0*
#909375 1*
#909625 1)
#909875 1! 1" 1# 0% 1&
#910625 0)
#911000 1$ 1% 1' 1(
#911125 0*
#912125 1*
#912375 1)
#912625 0! 0# 0$ 0' 0(
#913500 0) 0-
#913625 0%
#913750 0" 1# 1$ 0&
#914000 0*
#915000 1*
#915625 1!
#915875 0*
#916875 1*
#917375 0!
#917500 1"
#917750 0*
#918750 1*
#919375 1!
#919625 0*
#920625 1*
#921750 1) 1-
#922000 0! 0$
#922125 1% 1' 1(
#922875 0)
#923000 0' 0(
#923125 0"
#923375 0*
#924375 1*
#924625 1)
#924875 1! 1" 0% 1& 1'
#925000 0,
#925625 0)
#925875 1(
#926000 1$ 1%
#926125 0*
#927125 1*
#927375 1)
#927625 0! 0# 0$ 0' 0(
#927750 1,
#928500 0) 0-
#928625 0"
#928750 0&
#929000 0*
#930000 1*
#930625 1!
#930875 0*
#931875 1*
#932375 0!
#932500 1"
#932750 0*
#933750 1*
#934375 1!
#934625 0*
#935625 1*
#936750 1) 1-
#937000 0!
#937125 1# 1' 1(
#937875 0)
#938000 0' 0(
#938125 0" 0# 1$
#938375 0*
#939375 1*
#939625 1)
#939875 1! 1" 1# 1& 1' 1(
#940625 0)
#942375 1)
#942625 0! 0# 0$ 0' 0(
#943500 0) 0-
#943625 0"
#943750 1# 0&
#944000 0*
#945000 1*
#945625 1!
#945875 0*
#946875 1*
#947375 0!
#947500 1"
#947750 0*
#948750 1*
#949375 1!
#949625 0*
#950625 1*
#951750 1) 1-
#952000 0!
#952125 1' 1(
#952875 0)
#953000 0' 0(
#953125 0" 1$
#953375 0*
#954375 1*
#954625 1)
#954875 1" 0# 0% 1& 1(
#955625 0)
#956000 1! 1# 1%
#956125 0*
#957125 1*
#957375 1)
#957625 0! 0# 0$ 0(
#958500 0) 0-
#958625 0" 0&
#958750 1$
#959000 0*
#960000 1*
#960625 1!
#960875 0*
#961875 1*
#962375 0!
#962500 1"
#962750 0*
#963750 1*
#964375 1!
#964625 0*
#965625 1*
#966750 1) 1-
#967000 0! 0$ 1(
#967125 1# 1'
#967875 0)
#968000 0" 0# 0' 0(
#968125 0% 1&
#968375 0*
#969375 1*
#969500 1)
#969875 1! 1" 1# 1$ 1% 1' 1(
#970625 0)
#972375 1)
#972625 0! 0# 0$ 0' 0(
#973375 0-
#973500 0)
#973625 0" 0&
#973750 1# 1$
#974000 0*
#975000 1*
#975250 00
#975625 1!
#975875 0*
#976875 1*
#977375 0!
#977500 1"
#977750 0*
#978750 1*
#979375 1!
#979625 0*
#980625 1*
#981750 1) 1-
#982000 0! 0$ 1' 1(
#982250 10
#982875 0)
#983000 0" 0% 0' 0(
#983125 1&
#983375 0*
#984375 1*
#984500 1)
#984750 0#
#984875 1$
#985625 0)
#985875 1" 1# 1% 1'
#986125 0*
#987125 1*
#987375 1)
#987625 0# 0$ 0'
#988375 0-
#988500 0)
#988625 0" 0%
#989000 0*
#990000 1*
#990625 1!
#990875 0*
#991875 1*
#992375 0!
#992500 1"
#992750 0*
#993750 1*
#994375 1!
#994625 0*
#995625 1*
#996750 1) 1-
#997000 0! 1% 0& 1' 1(
#997125 1#
#997875 0)
#998000 0" 0# 0% 0' 0(
#998125 1$ 1&
#998250 0*
#999375 1*
#999500 1)
#999875 1' 0,
#1000625 0)
#1000875 1" 1# 1%
#1001125 0*
#1002125 1*
#1002375 1)
#1002625 0# 0$ 0'
#1002750 1,
#1003375 0-
#1003500 0)
#1003625 0" 0%
#1003750 1#
#1003875 0*
#1005000 1*
#1005625 1!
#1005750 0*
#1006875 1*
#1007375 0!
#1007500 1"
#1007625 0*
#1008750 1*
#1009375 1!
#1009500 0*
#1010625 1*
#1011750 1) 1-
#1012000 0! 1% 0& 1' 1(
#1012750 0)
#1013000 0" 0% 0' 0(
#1013125 1$ 1&
#1013250 0*
#1014375 1*
#1014500 1)
#1014750 0#
#1014875 1! 1" 1(
#1015625 0)
#1015875 1# 1%
#1016125 0+
#1017125 1+
#1017375 1)
#1017625 0! 0# 0$ 0(
#1018375 0) 0-
#1018625 0" 0%
#1018750 1$
#1018875 0*
#1019875 1*
#1020500 1!
#1020750 0*
#1021750 1*
#1022375 0!
#1022500 1"
#1022625 0*
#1023625 1*
#1024250 1!
#1024500 0*
#1025500 1*
#1026750 1) 1-
#1026875 0!
#1027000 1# 0$ 1% 0& 1' 1(
#1027750 0)
#1028000 0" 0# 1& 0' 0(
#1028250 0*
#1029250 1*
#1029500 1)
#1029750 0%
#1029875 1$
#1030625 0)
#1030875 1! 1" 1# 1% 1'
#1031125 0*
#1032125 1*
#1032250 1)
#1032625 0! 0# 0$ 0'
#1033375 0) 0-
#1033625 0" 1$ 0%
#1033750 1#
#1033875 0*
#1034875 1*
#1035500 1!
#1035750 0*
#1036750 1*
#1037375 0! 1"
#1037625 0*
#1038625 1*
#1039250 1!
#1039500 0*
#1040500 1*
#1041625 1)
#1041750 1-
#1041875 0!
#1042000 0$ 1% 0& 1' 1(
#1042750 0)
#1043000 0" 1& 0' 0(
#1043250 0*
#1044250 1*
#1044500 1)
#1044750 0# 0% 1'
#1044875 1$ 0,
#1045625 0)
#1045875 1! 1" 1# 1%
#1046125 0*
#1047125 1*
#1047250 1)
#1047500 0! 0#
#1047625 0$ 0'
#1047750 1,
#1048375 0) 0-
#1048625 0"
#1048875 0*
#1049875 1*
#1050500 1!
#1050750 0*
#1051750 1*
#1052375 0! 1"
#1052625 0*
#1053625 1*
#1054250 1!
#1054500 0*
#1055500 1*
#1056625 1)
#1056750 1-
#1056875 0! 0&
#1057000 1# 1' 1(
#1057750 0)
#1058000 0" 0# 1$ 1& 0' 0(
#1058250 0*
#1059125 00
#1059250 1*
#1059500 1)
#1059750 1! 1' 1(
#1059875 1" 1#
#1060625 0)
#1062250 1)
#1062500 0! 0# 0$ 0' 0(
#1063375 0) 0-
#1063625 0" 1#
#1063875 0*
#1064875 1*
#1065500 1!
#1065750 0*
#1066125 10
#1066750 1*
#1067250 0!
#1067375 1"
#1067625 0*
#1068625 1*
#1069250 1!
#1069500 0*
#1070500 1*
#1071625 1)
#1071750 1-
#1071875 0! 0&
#1072000 1' 1(
#1072750 0)
#1073000 0" 1$ 1& 0' 0(
#1073250 0*
#1074250 1*
#1074500 1)
#1074750 0% 1(
#1075625 0)
#1075875 1! 1" 1%
#1076000 0*
#1077125 1*
#1077250 1)
#1077500 0! 0# 0$ 0(
#1078375 0) 0-
#1078625 0" 1$
#1078875 0*
#1079875 1*
#1080500 1!
#1080750 0*
#1081750 1*
#1082250 0!
#1082375 1"
#1082625 0*
#1083625 1*
#1084250 1!
#1084500 0*
#1085500 1*
#1086625 1)
#1086750 1-
#1086875 0! 0$ 0&
#1087000 1# 1' 1(
#1087750 0)
#1087875 0(
#1088000 0" 0# 0%
#1088250 0*
#1089250 1*
#1089500 1)
#1089750 1! 1" 1# 1$ 1% 1& 1(
#1090500 0)
#1092250 1)
#1092500 0! 0# 0$ 0' 0(
#1093375 0) 0-
#1093625 0" 1# 1$
#1093875 0*
#1094875 1*
#1095500 1!
#1095750 0*
#1096750 1*
#1097250 0!
#1097375 1"
#1097625 0*
#1098625 1*
#1099250 1!
#1099500 0*
#1100500 1*
#1101625 1)
#1101750 1-
#1101875 0! 0$ 0&
#1102000 1' 1(
#1102750 0)
#1102875 0(
#1103000 0" 0%
#1103250 0*
#1104250 1*
#1104500 1)
#1104750 0# 1$ 1& 0'
#1105500 0)
#1105750 1'
#1105875 1" 1# 1% 1(
#1106000 0*
#1107000 1*
#1107250 1)
#1107500 0# 0$ 0' 0(
#1108375 0) 0-
#1108500 0%
#1108625 0" 0& 1'
#1108875 0*
#1109875 1*
#1110500 1!
#1110750 0*
#1111750 1*
#1112250 0!
#1112375 1"
#1112625 0*
#1113625 1*
#1114250 1!
#1114500 0*
#1115500 1*
#1116625 1) 1-
#1116875 0!
#1117000 1# 1% 1(
#1117750 0)
#1117875 0(
#1118000 0" 0# 1$ 0%
#1118250 0*
#1119250 1*
#1119500 1)
#1119750 1&
#1119875 0,
#1120500 0)
#1120750 1(
#1120875 1" 1# 1%
#1121000 0*
#1122000 1*
#1122250 1)
#1122500 0# 0$ 0' 0(
#1122625 1,
#1123375 0) 0-
#1123500 0% 0&
#1123625 0" 1# 1'
#1123875 0*
#1124875 1*
#1125500 1!
#1125750 0*
#1126750 1*
#1127250 0!
#1127375 1"
#1127625 0*
#1128625 1*
#1129250 1!
#1129500 0*
#1130500 1*
#1131625 1)
#1131750 1-
#1131875 0!
#1132000 1% 1(
#1132750 0)
#1132875 0% 0(
#1133000 0" 1$
#1133250 0*
#1134250 1*
#1134500 1)
#1134750 1! 1& 0' 1(
#1135500 0)
#1135875 1" 1%
#1136125 0+
#1137125 1+
#1137250 1)
#1137500 0! 0# 0$ 0(
#1138375 0) 0-
#1138500 0%
#1138625 0" 1$ 0& 1'
#1138875 0*
#1139875 1*
#1140500 1!
#1140750 0*
#1141750 1*
#1142250 0!
#1142375 1"
#1142625 0*
#1143000 00
#1143625 1*
#1144250 1!
#1144500 0*
#1145500 1*
#1146625 1)
#1146750 1-
#1146875 0! 0$
#1147000 1# 1% 1(
#1147750 0)
#1147875 0(
#1148000 0" 0#
#1148250 0*
#1149250 1*
#1149500 1)
#1149750 1$ 0% 1& 0'
#1150000 10
#1150500 0)
#1150875 1! 1" 1# 1% 1' 1(
#1151000 0*
#1152125 1*
#1152250 1)
#1152500 0! 0# 0$ 0' 0(
#1153375 0) 0-
#1153625 0" 1# 1$ 0% 0& 1'
#1153875 0*
#1154875 1*
#1155500 1!
#1155750 0*
#1156750 1*
#1157250 0!
#1157375 1"
#1157625 0*
#1158625 1*
#1159250 1!
#1159500 0*
#1160500 1*
#1161625 1)
#1161750 1-
#1161875 0! 0$
#1162000 1% 1(
#1162750 0)
#1163000 0" 0(
#1163250 0*
#1164250 1*
#1164500 1)
#1164750 0# 0% 1&
#1164875 1$ 0,
#1165625 0)
#1165875 1! 1" 1# 1% 1(
#1166125 0*
#1167125 1*
#1167250 1)
#1167500 0! 0# 0$ 0' 0( 1,
#1167625 0,
#1167750 1,
#1168375 0) 0-
#1168625 0" 0& 1'
#1168875 0*
#1169875 1*
#1170500 1!
#1170750 0*
#1171750 1*
#1172375 0! 1"
#1172625 0*
#1173625 1*
#1174250 1!
#1174500 0*
#1175500 1*
#1176625 1)
#1176750 1-
#1176875 0!
#1177000 1# 1(
#1177750 0)
#1178000 0" 0# 1$ 0(
#1178250 0*
#1179250 1*
#1179500 1)
#1179750 1(
#1179875 1! 1" 1# 1&
#1180625 0)
#1182250 1)
#1182625 0! 0# 0$ 0' 0(
#1183375 0) 0-
#1183625 0" 1# 0& 1'
#1183875 0*
#1184875 1*
#1185500 1!
#1185750 0*
#1186750 1*
#1187375 0! 1"
#1187625 0*
#1188625 1*
#1189250 1!
#1189500 0*
#1190500 1*
#1191625 1)
#1191750 1-
#1191875 0!
#1192000 1(
#1192750 0)
#1193000 0" 1$ 0(
#1193250 0*
#1194250 1*
#1194500 1)
#1194750 0% 0' 1(
#1194875 1" 1&
#1195625 0)
#1195875 1! 1%
#1196125 0*
#1197125 1*
#1197250 1)
#1197625 0! 0# 0$ 0(
#1198375 0) 0-
#1198625 0" 0& 1'
#1198750 1$
#1198875 0*
#1199875 1*
#1200500 1!
#1200750 0*
#1201750 1*
#1202375 0!
#1202500 1"
#1202625 0*
#1203625 1*
#1204250 1!
#1204500 0*
#1205500 1*
#1206750 1) 1-
#1206875 0!
#1207000 1# 0$ 1(
#1207750 0)
#1208000 0" 0# 0% 0(
#1208125 1&
#1208250 0*
#1209250 1*
#1209500 1)
#1209875 1! 1" 1# 1$ 1% 1(
#1210625 0)
#1212375 1)
#1212625 0! 0# 0$ 0' 0(
#1213375 0) 0-
#1213625 0" 0&
#1213750 1# 1$ 1'
#1213875 0*
#1215000 1*
#1215625 1!
#1215750 0*
#1216875 1*
#1217375 0!
#1217500 1"
#1217625 0*
#1218750 1*
#1219375 1!
#1219500 0*
#1220625 1*
#1221750 1) 1-
#1222000 0! 0$ 1(
#1222875 0)
#1223000 0" 0% 0(
#1223125 1&
#1223250 0*
#1224375 1*
#1224500 1)
#1224750 0# 0'
#1224875 1! 1$
#1225625 0)
#1225875 0! 1" 1# 1% 1'
#1226125 0*
#1226875 00
#1227125 1*
#1227375 1)
#1227625 0# 0$ 0'
#1228375 0-
#1228500 0)
#1228625 0" 0%
#1228750 1'
#1229000 0*
#1230000 1*
#1230625 1!
#1230875 0*
#1231875 1*
#1232375 0!
#1232500 1"
#1232750 0*
#1233750 1* 10
#1234375 1!
#1234625 0*
#1235625 1*
#1236750 1) 1-
#1237000 0! 0& 1(
#1237125 1# 1%
#1237875 0)
#1238000 0" 0# 0% 0(
#1238125 1$ 1&
#1238375 0*
#1239375 1*
#1239500 1)
#1239875 1!
#1240000 0,
#1240625 0)
#1240875 0! 1# 1%
#1241000 1"
#1241125 0*
#1242125 1*
#1242375 1)
#1242625 0# 0$ 0'
#1242750 1,
#1243375 0-
#1243500 0)
#1243625 0" 0%
#1243750 1# 1'
#1244000 0*
#1245000 1*
#1245625 1!
#1245875 0*
#1246875 1*
#1247375 0!
#1247500 1"
#1247750 0*
#1248750 1*
#1249375 1!
#1249625 0*
#1250625 1*
#1251750 1) 1-
#1252000 0! 0&
#1252125 1% 1(
#1252875 0)
#1253000 0(
#1253125 0" 1$ 0% 1&
#1253375 0*
#1254375 1*
#1254625 1)
#1254875 1! 1" 0' 1(
#1255625 0)
#1256000 1%
#1256250 0+
#1257250 1+
#1257375 1)
#1257625 0! 0# 0$ 0(
#1258500 0) 0-
#1258750 0" 1$ 0% 1'
#1259000 0*
#1260000 1*
#1260625 1!
#1260875 0*
#1261875 1*
#1262375 0!
#1262500 1"
#1262750 0*
#1263750 1*
#1264375 1!
#1264625 0*
#1265625 1*
#1266750 1)
#1266875 1-
#1267000 0! 0$ 0&
#1267125 1# 1% 1(
#1267875 0)
#1268125 0" 0# 1& 0(
#1268375 0*
#1269375 1*
#1269625 1)
#1269875 1! 0% 0'
#1270000 1$
#1270750 0)
#1271000 1" 1# 1% 1'
#1271250 0*
#1272250 1*
#1272375 1)
#1272625 0! 0# 0$ 0'
#1273500 0) 0-
#1273750 0" 1# 1$ 0% 1'
#1274000 0*
#1275000 1*
#1275625 1!
#1275875 0*
#1276875 1*
#1277500 0! 1"
#1277750 0*
#1278750 1*
#1279375 1!
#1279625 0*
#1280625 1*
#1281750 1)
#1281875 1-
#1282000 0!
#1282125 0$ 1% 0& 1(
#1282875 0)
#1283125 0" 1& 0(
#1283375 0*
#1284375 1*
#1284625 1)
#1284875 0# 0%
#1285000 1! 1$ 0,
#1285750 0)
#1286000 1" 1# 1%
#1286250 0*
#1287250 1*
#1287375 1)
#1287625 0#
#1287750 0! 0$ 0'
#1287875 1,
#1288500 0) 0-
#1288750 0" 1'
#1289000 0*
#1290000 1*
#1290625 1!
#1290875 0*
#1291875 1*
#1292500 0!
#1292625 1"
#1292750 0*
#1293750 1*
#1294375 1!
#1294625 0*
#1295625 1*
#1296875 1) 1-
#1297000 0!
#1297125 1# 0& 1(
#1297875 0)
#1298125 0" 0# 1& 0(
#1298250 1$
#1298375 0*
#1299375 1*
#1299625 1)
#1300000 1! 1" 1# 1(
#1300750 0)
#1302500 1)
#1302750 0! 0# 0$ 0' 0(
#1303500 0) 0-
#1303750 0"
#1303875 1# 1'
#1304000 0*
#1305000 1*
#1305750 1!
#1305875 0*
#1307000 1*
#1307500 0!
#1307625 1"
#1307750 0*
#1308875 1*
#1309375 1!
#1309625 0*
#1310625 1* 00
#1311875 1) 1-
#1312125 0! 0& 1(
#1313000 0)
#1313125 0" 0(
#1313250 1$ 1&
#1313375 0*
#1314500 1*
#1314625 1)
#1314875 0# 0$ 0'
#1315000 1(
#1315750 0)
#1316000 1! 1" 1# 1$
#1316250 0*
#1317250 1*
#1317500 1)
#1317625 10
#1317750 0! 0# 0$ 0(
#1318500 0-
#1318625 0)
#1318750 0"
#1318875 1$ 1'
#1319000 0*
#1320125 1*
#1320750 1!
#1321000 0*
#1322000 1*
#1322500 0!
#1322625 1"
#1322875 0*
#1323875 1*
#1324500 1!
#1324750 0*
#1325750 1*
#1326875 1) 1-
#1327125 1(
#1327250 1#
#1328000 0)
#1328500 0+
#1329500 1+
#1329625 1)
#1330750 0)
#1332500 1)
#1332750 0! 0# 0$ 0' 0(
#1333500 0-
#1333625 0)
#1333750 0"
#1333875 1# 1$ 1'
#1334125 0*
#1335125 1*
#1335750 1!
#1336000 0*
#1337000 1*
#1337500 0!
#1337625 1"
#1337875 0*
#1338875 1*
#1339500 1!
#1339750 0*
#1340750 1*
#1341875 1) 1-
#1342125 0! 0$ 0& 1(
#1343000 0)
#1343125 0" 0# 0% 0' 0(
#1343500 0*
#1344500 1*
#1345125 1!
#1345375 0*
#1346375 1*
#1346875 0!
#1347000 1"
#1347250 0*
#1348000 1)
#1348250 1' 1( 1*
#1348375 1# 1%
#1349125 0)
#1349250 0" 0# 0% 0' 0(
#1349500 0*
#1350500 1*
#1351250 1!
#1351375 0*
#1352375 1*
#1353000 0!
#1353125 1"
#1353250 0*
#1354000 1)
#1354250 0" 1*
#1354375 1! 1$ 1&
#1355125 0)
#1355375 0! 1# 1% 1' 1(
#1355500 1"
#1355625 0*
#1356625 1*
#1356875 1)
#1357125 0" 0# 0&
#1358000 0)
#1358125 0$ 0% 0' 0(
#1358250 1#
#1358500 0*
#1359500 1*
#1360125 1%
#1360375 0*
#1361375 1*
#1361500 1)
#1361875 1' 1(
#1362625 0)
#1362875 0% 0' 0(
#1363125 0*
#1364125 1*
#1364375 1)
#1364625 0# 1' 1(
#1364750 1$ 1%
#1365500 0)
#1365625 0$ 0% 0' 0(
#1365750 1#
#1366000 0*
#1367000 1*
#1367625 1%
#1367875 0*
#1368875 1*
#1369000 1)
#1369375 1' 1(
#1370125 0)
#1370375 0% 0' 0(
#1370625 0*
#1371625 1*
#1371875 1)
#1372125 1' 1(
#1372250 1" 1%
#1373000 0)
#1373125 0" 0# 0% 0' 0(
#1373500 0*
#1374500 1*
#1375125 1!
#1375375 0*
#1376375 1*
#1376875 0!
#1377000 1"
#1377250 0*
#1378000 1)
#1378250 1' 1( 1*
#1378375 1# 1%
#1379125 0)
#1379250 0" 0# 0% 0' 0(
#1379500 0*
#1380500 1*
#1381250 1!
#1381375 0*
#1382500 1*
#1383000 0!
#1383125 1"
#1383250 0*
#1384500 1)
#1384750 1*
#1385250 0"
#1385375 1! 1$ 1& 1' 0,
#1386125 0)
#1386250 0!
#1386375 1" 1# 1% 1(
#1386625 0*
#1387625 1*
#1388250 1)
#1388500 0" 0# 0&
#1388625 1,
#1389375 0)
#1390000 0$ 0% 0' 0(
#1390125 1#
#1390375 0*
#1391375 1*
#1392000 1%
#1392250 0*
#1393250 1*
#1393375 1)
#1393750 1' 1(
#1394500 0) 00
#1394750 0% 0' 0(
#1395000 0*
#1396000 1*
#1396250 1)
#1396500 0# 1' 1(
#1396625 1$ 1%
#1397375 0)
#1397500 0$ 0% 0' 0(
#1397625 1#
#1397875 0*
#1398875 1*
#1399500 1%
#1399750 0*
#1400750 1*
#1400875 1)
#1401250 1' 1(
#1401500 10
#1402000 0)
#1402250 0% 0' 0(
#1402500 0*
#1403500 1*
#1403750 1)
#1404000 1' 1(
#1404125 1" 1%
#1404875 0)
#1405000 0" 0# 0% 0' 0(
#1405250 0*
#1406375 1*
#1407000 1!
#1407125 0*
#1408250 1*
#1408750 0!
#1408875 1"
#1409000 0*
#1409875 1)
#1410125 1% 1' 1( 1*
#1410250 1#
#1410875 0)
#1411125 0" 0# 0% 0' 0(
#1411375 0*
#1412375 1*
#1413000 1!
#1413250 0*
#1414250 1*
#1414875 0! 1"
#1415125 0*
#1415875 1)
#1416125 0" 1*
#1416250 1! 1$ 1&
#1417000 0)
#1417250 1" 1# 1% 1' 1(
#1417500 0*
#1418500 1*
#1418750 1)
#1419000 0! 0" 0# 0&
#1419750 0)
#1420000 0$ 0% 0' 0(
#1420125 1#
#1420250 0*
#1421375 1*
#1422000 1%
#1422125 0*
#1423250 1*
#1423375 1)
#1423750 1' 1(
#1424500 0)
#1424625 0(
#1424750 0% 0'
#1425000 0*
#1426000 1*
#1426250 1)
#1426500 0# 1$ 1% 1' 1(
#1427250 0)
#1427500 0$ 0% 0' 0(
#1427625 1#
#1427750 0*
#1428750 1*
#1429500 1%
#1429625 0*
#1430625 1*
#1430875 1)
#1431250 1' 1(
#1432000 0)
#1432125 0(
#1432250 0% 0'
#1432500 0*
#1433500 1*
#1433750 1)
#1434000 1" 1% 1' 1(
#1434750 0)
#1435000 0" 0# 0% 0' 0(
#1435250 0*
#1436250 1*
#1436875 1!
#1437125 0*
#1438125 1*
#1438750 0!
#1438875 1"
#1439000 0*
#1439750 1)
#1440000 1*
#1440125 1# 1% 1' 1(
#1440875 0)
#1441125 0" 0# 0% 0' 0(
#1441375 0*
#1442375 1*
#1443000 1!
#1443250 0*
#1444250 1*
#1444750 0!
#1444875 1"
#1445125 0*
#1445875 1)
#1446125 0" 1*
#1446250 1! 1$ 1& 1' 0,
#1447000 0)
#1447250 1" 1# 1% 1(
#1447500 0*
#1448500 1*
#1448625 1)
#1448875 0! 0" 0#
#1449000 0&
#1449125 1,
#1449750 0)
#1450000 1# 0$ 0% 0' 0(
#1450250 0*
#1451250 1*
#1451875 1%
#1452125 0*
#1453125 1*
#1453375 1)
#1453750 1' 1(
#1454500 0)
#1454625 0% 0' 0(
#1455000 0*
#1456000 1*
#1456125 1)
#1456375 0#
#1456500 1$ 1% 1' 1(
#1457250 0)
#1457500 1# 0$ 0% 0' 0(
#1457750 0*
#1458750 1*
#1459375 1%
#1459625 0*
#1460625 1*
#1460875 1)
#1461125 1' 1(
#1462000 0)
#1462125 0% 0' 0(
#1462500 0*
#1463500 1*
#1463625 1)
#1478375 00
#1479000 1! 1" 1$ 1% 1& 1' 1(
#1479750 0)
#1481500 1)
#1483500 0)
#1485250 1)
#1485375 10
#1488250 0! 0$ 0&
#1489125 0)
#1489375 0" 0# 0% 0' 0(
#1489625 0*
#1490625 1*
#1490875 1)
#1491125 1! 1" 1# 1$ 1% 1& 1' 1(
#1491875 0)
#1493625 1)
#1494750 0)
#1495250 0+
#1496250 1+
#1497125 0+
#1498125 1+
#1499000 0+
#1500000 1+
#1500875 0+
#1501875 1+
#1503000 1)
#1503250 0! 0$ 0&
#1504125 0)
#1504250 0' 0(
#1504375 0" 0%
#1504625 0*
#1505625 1*
#1505875 1)
#1506000 0#
#1506125 1" 1$ 1&
#1506875 0)
#1507125 1'
#1507250 1# 1%
#1507375 0*
#1508375 1*
#1508625 1)
#1508875 0# 0$ 0'
#1509750 0) 0-
#1509875 0" 0% 0&
#1510000 1(
#1510250 0*
#1511250 1*
#1511875 1!
#1512125 0*
#1513125 1*
#1513625 0!
#1513750 1"
#1514000 0*
#1515000 1*
#1515625 1!
#1515875 0*
#1516875 1*
#1518000 1) 1-
#1518250 0!
#1518375 1# 1% 1'
#1519125 0)
#1519250 0# 0% 0' 0(
#1519375 0" 1$
#1519625 0*
#1520625 1*
#1520750 1)
#1521125 1" 1& 1'
#1521250 0,
#1521875 0)
#1522125 1%
#1522250 1#
#1522375 0*
#1523375 1*
#1523625 1)
#1523875 0# 0$ 0'
#1524000 1,
#1524625 0-
#1524750 0)
#1524875 0" 0% 0&
#1525000 1# 1(
#1525250 0*
#1526250 1*
#1526875 1!
#1527125 0*
#1528125 1*
#1528625 0!
#1528750 1"
#1529000 0*
#1530000 1*
#1530625 1!
#1530875 0*
#1531875 1*
#1533000 1) 1-
#1533250 0! 1'
#1533375 1%
#1534125 0)
#1534250 0" 0% 0' 0(
#1534375 1$
#1534625 0*
#1535625 1*
#1535750 1)
#1536000 0# 0$
#1536125 1! 1% 1& 1(
#1536875 0)
#1537125 1" 1# 1$
#1537375 0+
#1538375 1+
#1538625 1)
#1538875 0! 0# 0$ 0(
#1539625 0-
#1539750 0)
#1539875 0" 0% 0&
#1540000 1$ 1(
#1540250 0*
#1541250 1*
#1541875 1!
#1542125 0*
#1543125 1*
#1543625 0!
#1543750 1"
#1544000 0*
#1545000 1*
#1545625 1!
#1545875 0*
#1546875 1*
#1548000 1) 1-
#1548250 0! 0$ 1'
#1548375 1# 1%
#1549125 0)
#1549250 0" 0# 0' 0(
#1549625 0*
#1550625 1*
#1550750 1)
#1551000 0%
#1551125 1" 1$ 1&
#1551875 0)
#1552125 1! 1# 1% 1'
#1552375 0*
#1553375 1*
#1553625 1)
#1553875 0! 0# 0$ 0'
#1554625 0-
#1554750 0)
#1554875 0" 0% 0&
#1555000 1# 1$ 1(
#1555250 0*
#1556250 1*
#1556875 1!
#1557125 0*
#1558125 1*
#1558625 0!
#1558750 1"
#1559000 0*
#1560000 1*
#1560625 1!
#1560875 0*
#1561875 1*
#1562250 00
#1563000 1) 1-
#1563250 0! 0$ 1'
#1563375 1%
#1564125 0)
#1564250 0" 0' 0(
#1564625 0*
#1565625 1*
#1565750 1)
#1566000 0# 0%
#1566125 1" 1$ 1& 1' 0,
#1566875 0)
#1567125 1! 1# 1%
#1567375 0*
#1568375 1*
#1568625 1)
#1568875 0! 0# 0$ 0'
#1569000 1,
#1569125 10
#1569625 0-
#1569750 0)
#1569875 0" 0&
#1570000 1(
#1570250 0*
#1571250 1*
#1571875 1!
#1572125 0*
#1573125 1*
#1573625 0!
#1573750 1"
#1574000 0*
#1575000 1*
#1575625 1!
#1575875 0*
#1576875 1*
#1578000 1) 1-
#1578250 0! 1'
#1578375 1#
#1579125 0)
#1579250 0" 0# 0' 0(
#1579375 1$
#1579625 0*
#1580625 1*
#1580750 1)
#1581125 1! 1" 1# 1& 1' 1(
#1581875 0)
#1583625 1)
#1583875 0! 0# 0$ 0' 0(
#1584625 0-
#1584750 0)
#1584875 0" 0&
#1585000 1# 1(
#1585250 0*
#1586250 1*
#1586875 1!
#1587125 0*
#1588125 1*
#1588625 0!
#1588750 1"
#1589000 0*
#1590000 1*
#1590625 1!
#1590875 0*
#1591875 1*
#1593000 1) 1-
#1593250 0! 1'
#1594125 0)
#1594250 0" 0' 0(
#1594375 1$
#1594625 0*
#1595625 1*
#1595750 1)
#1596000 0# 0$
#1596125 1" 1& 1(
#1596875 0)
#1597125 1! 1# 1$
#1597375 0*
#1598375 1*
#1598625 1)
#1598875 0! 0# 0$ 0(
#1599625 0-
#1599750 0)
#1599875 0" 0&
#1600000 1$ 1(
#1600250 0*
#1601250 1*
#1601875 1!
#1602125 0*
#1603125 1*
#1603625 0!
#1603750 1"
#1604000 0*
#1605000 1*
#1605625 1!
#1605875 0*
#1606875 1*
#1608000 1) 1-
#1608250 0! 0$
#1608375 1# 1'
#1609125 0)
#1609250 0# 0'
#1609375 0" 0% 1& 0(
#1609625 0*
#1610625 1*
#1610875 1)
#1611125 1! 1" 1# 1$ 1% 1' 1(
#1611875 0)
#1613625 1)
#1613875 0! 0# 0$ 0' 0(
#1614750 0) 0-
#1615000 0" 1# 1$ 0& 1(
#1615250 0*
#1616250 1*
#1616875 1!
#1617125 0*
#1618125 1*
#1618625 0!
#1618750 1"
#1619000 0*
#1620000 1*
#1620625 1!
#1620875 0*
#1621875 1*
#1623000 1)
#1623125 1-
#1623250 0! 0$
#1623375 1'
#1624125 0)
#1624375 0" 0% 1& 0' 0(
#1624625 0*
#1625625 1*
#1625875 1)
#1626125 1" 0#
#1626250 1$
#1627000 0)
#1627250 1# 1% 1' 1(
#1627500 0*
#1628500 1*
#1628625 1)
#1628875 0# 0$ 0' 0(
#1629750 0) 0-
#1630000 0" 0% 1(
#1630250 0*
#1631250 1*
#1631875 1!
#1632125 0*
#1633125 1*
#1633750 0! 1"
#1634000 0*
#1635000 1*
#1635625 1!
#1635875 0*
#1636875 1*
#1638000 1)
#1638125 1-
#1638250 0! 0&
#1638375 1# 1% 1'
#1639125 0)
#1639375 0" 0# 1$ 0% 1& 0' 0(
#1639625 0*
#1640625 1*
#1640875 1)
#1641125 1'
#1641250 1" 0,
#1642000 0)
#1642250 1# 1% 1(
#1642500 0*
#1643500 1*
#1643625 1)
#1643875 0# 0(
#1644000 0$ 0'
#1644125 1,
#1644750 0) 0-
#1645000 0" 0% 1(
#1645125 1#
#1645250 0*
#1646000 00
#1646250 1*
#1646875 1!
#1647125 0*
#1648125 1*
#1648750 0! 1"
#1649000 0*
#1650000 1*
#1650625 1!
#1650875 0*
#1651875 1*
#1653000 10
#1653125 1) 1-
#1653250 0!
#1653375 1% 0& 1'
#1654125 0)
#1654375 0" 1$ 0% 1& 0' 0(
#1654625 0*
#1655625 1*
#1655875 1)
#1656125 0# 0$
#1656250 1! 1" 1% 1(
#1657000 0)
#1657250 1# 1$
#1657500 0+
#1658500 1+
#1658750 1)
#1659000 0! 0# 0$ 0(
#1659750 0) 0-
#1660000 0" 0% 1(
#1660125 1$
#1660250 0*
#1661250 1*
#1661875 1!
#1662125 0*
#1663125 1*
#1663750 0!
#1663875 1"
#1664000 0*
#1665000 1*
#1665625 1!
#1665875 0*
#1667000 1*
#1668125 1) 1-
#1668375 0! 1# 0$ 1% 0& 1'
#1669125 0)
#1669375 0" 0# 0' 0(
#1669500 1&
#1669625 0*
#1670750 1*
#1670875 1)
#1671125 0%
#1671250 1" 1$
#1672000 0)
#1672250 1! 1# 1% 1' 1(
#1672500 0*
#1673500 1*
#1673750 1)
#1674000 0! 0# 0$ 0' 0(
#1674750 0-
#1674875 0)
#1675000 0" 0%
#1675125 1# 1$ 1(
#1675250 0*
#1676375 1*
#1677000 1!
#1677250 0*
#1678250 1*
#1678750 0!
#1678875 1"
#1679125 0*
#1680125 1*
#1680750 1!
#1681000 0*
#1682000 1*
#1683125 1) 1-
#1683375 0! 0$ 0& 1'
#1683500 1%
#1684250 0)
#1684375 0" 0' 0(
#1684500 1&
#1684750 0*
#1685750 1*
#1685875 1)
#1686125 0# 0%
#1686250 1" 1$ 1'
#1686375 0,
#1687000 0)
#1687250 1! 1# 1% 1(
#1687500 0*
#1688500 1*
#1688750 1)
#1689000 0! 0# 0$ 0' 0(
#1689125 1,
#1689750 0-
#1689875 0)
#1690000 0"
#1690125 1(
#1690375 0*
#1691375 1*
#1692000 1!
#1692250 0*
#1693250 1*
#1693750 0!
#1693875 1"
#1694125 0*
#1695125 1*
#1695750 1!
#1696000 0*
#1697000 1*
#1698125 1) 1-
#1698375 0! 0&
#1698500 1# 1'
#1699250 0)
#1699375 0# 0'
#1699500 0" 1$ 1& 0(
#1699750 0*
#1700750 1*
#1701000 1)
#1701250 1! 1" 1# 1' 1(
#1702000 0)
#1703750 1)
#1704000 0! 0# 0$ 0' 0(
#1704875 0) 0-
#1705000 0"
#1705125 1# 1(
#1705375 0*
#1706375 1*
#1707000 1!
#1707250 0*
#1708250 1*
#1708750 0!
#1708875 1"
#1709125 0*
#1710125 1*
#1710750 1!
#1711000 0*
#1712000 1*
#1713125 1)
#1713250 1-
#1713375 0! 0&
#1713500 1'
#1714250 0)
#1714500 0" 1$ 1& 0' 0(
#1714750 0*
#1715750 1*
#1716000 1)
#1716250 0$ 1(
#1717125 0)
#1717375 1! 1" 1$
#1717625 0*
#1718625 1*
#1718750 1)
#1719000 0! 0# 0$ 0(
#1719875 0) 0-
#1720125 0" 1$ 1(
#1720375 0*
#1721375 1*
#1722000 1!
#1722250 0*
#1723250 1*
#1723875 0! 1"
#1724125 0*
#1725125 1*
#1725750 1!
#1726000 0*
#1727000 1*
#1728125 1)
#1728250 1-
#1728375 0! 0&
#1728500 1# 0$ 1'
#1729250 0)
#1729500 0" 0# 0% 0(
#1729750 0*
#1729875 00
#1730750 1*
#1731000 1)
#1731250 1(
#1731375 1! 1" 1# 1$ 1% 1&
#1732125 0)
#1733750 1)
#1734125 0! 0# 0$ 0' 0(
#1734875 0) 0-
#1735125 0" 1$ 1(
#1735250 1#
#1735375 0*
#1736375 1*
#1736875 10
#1737000 1!
#1737250 0*
#1738250 1*
#1738875 0! 1"
#1739125 0*
#1740125 1*
#1740750 1!
#1741000 0*
#1742000 1*
#1743250 1) 1-
#1743375 0!
#1743500 0$ 0& 1'
#1744250 0)
#1744500 0" 0% 0(
#1744750 0*
#1745750 1*
#1746000 1)
#1746250 0# 0'
#1746375 1! 1" 1$ 1&
#1747125 0)
#1747250 0!
#1747375 1# 1% 1'
#1747625 0*
#1748625 1*
#1748875 1)
#1749125 0# 0$ 0'
#1749875 0) 0-
#1750125 0" 0% 0& 1' 1(
#1750375 0*
#1751375 1*
#1752125 1!
#1752250 0*
#1753250 1*
#1753875 0!
#1754000 1"
#1754125 0*
#1755125 1*
#1755750 1!
#1756000 0*
#1757000 1*
#1758250 1) 1-
#1758500 0! 1# 1%
#1759250 0)
#1759500 0" 0# 0% 0(
#1759625 1$
#1759750 0*
#1760875 1*
#1761000 1)
#1761375 1! 1" 1& 0,
#1762125 0)
#1762250 0!
#1762375 1# 1%
#1762625 0*
#1763625 1*
#1763875 1)
#1764125 0# 0$ 0'
#1764250 1,
#1764875 0) 0-
#1765125 0" 0% 0&
#1765250 1# 1' 1(
#1765375 0*
#1766500 1*
#1767125 1!
#1767250 0*
#1768375 1*
#1768875 0!
#1769000 1"
#1769125 0*
#1770250 1*
#1770875 1!
#1771000 0*
#1772125 1*
#1773250 1) 1-
#1773500 0! 1%
#1774375 0)
#1774500 0" 0% 0(
#1774625 1$
#1774750 0*
#1775875 1*
#1776000 1)
#1776250 0$ 0'
#1776375 1! 1% 1& 1(
#1777125 0)
#1777375 1" 1$
#1777625 0+
#1778625 1+
#1778875 1)
#1779125 0! 0# 0$ 0(
#1779875 0) 0-
#1780125 0" 0% 0&
#1780250 1$ 1' 1(
#1780375 0*
#1781500 1*
#1782125 1!
#1782250 0*
#1783375 1*
#1783875 0!
#1784000 1"
#1784125 0*
#1785250 1*
#1785875 1!
#1786000 0*
#1787125 1*
#1788250 1) 1-
#1788500 0! 1# 0$ 1%
#1789375 0)
#1789500 0" 0# 0(
#1789750 0*
#1790875 1*
#1791000 1)
#1791250 0% 0'
#1791375 1! 1" 1$ 1&
#1792125 0)
#1792375 1# 1% 1'
#1792625 0*
#1793625 1*
#1793875 1)
#1794125 0! 0# 0$ 0'
#1794875 0-
#1795000 0)
#1795125 0" 0% 0&
#1795250 1# 1$ 1' 1(
#1795375 0*
#1796500 1*
#1797125 1!
#1797375 0*
#1798375 1*
#1798875 0!
#1799000 1"
#1799250 0*
#1800250 1*
#1800875 1!
#1801125 0*
#1802125 1*
#1803250 1) 1-
#1803500 0! 0$ 1%
#1804375 0)
#1804500 0" 0(
#1804750 0*
#1805875 1*
#1806000 1)
#1806250 0# 0%
#1806375 1! 1" 1$ 1& 0,
#1807125 0)
#1807375 1# 1%
#1807625 0*
#1808625 1*
#1808875 1)
#1809125 0! 0# 0$ 0'
#1809250 1,
#1809875 0-
#1810000 0)
#1810125 0" 0&
#1810250 1' 1(
#1810375 0*
#1811500 1*
#1812125 1!
#1812250 0*
#1813375 1*
#1813750 00
#1813875 0!
#1814000 1"
#1814125 0*
#1815250 1*
#1815875 1!
#1816000 0*
#1817125 1*
#1818250 1) 1-
#1818500 0! 1#
#1819250 0)
#1819500 0" 0# 0(
#1819625 1$
#1819750 0*
#1820750 10
#1820875 1*
#1821000 1)
#1821375 1! 1" 1# 1& 1(
#1822125 0)
#1823875 1)
#1824125 0! 0# 0$ 0' 0(
#1824875 0) 0-
#1825125 0" 0& 1(
#1825250 1# 1'
#1825375 0*
#1826500 1*
#1827125 1!
#1827250 0*
#1828375 1*
#1828875 0!
#1829000 1"
#1829125 0*
#1830250 1*
#1830750 1!
#1831000 0*
#1832000 1*
#1833250 1) 1-
#1833375 0!
#1834250 0)
#1834500 0" 0(
#1834625 1$
#1834750 0*
#1835750 1*
#1836000 1)
#1836250 0$ 0'
#1836375 1" 1& 1(
#1837125 0)
#1837375 1! 1$
#1837625 0*
#1838625 1*
#1838875 1)
#1839125 0! 0# 0$ 0(
#1839875 0) 0-
#1840125 0" 0& 1(
#1840250 1$ 1'
#1840375 0*
#1841375 1*
#1842000 1!
#1842250 0*
#1843250 1*
#1843875 0!
#1844000 1"
#1844125 0*
#1845125 1*
#1845750 1!
#1846000 0*
#1847000 1*
#1848250 1) 1-
#1848375 0!
#1848500 1# 0$
#1849250 0)
#1849500 0" 0# 0% 1& 0(
#1849750 0*
#1850750 1*
#1851000 1)
#1851375 1! 1" 1# 1$ 1% 1(
#1852125 0)
#1853750 1)
#1854125 0! 0# 0$ 0' 0(
#1854875 0) 0-
#1855125 0" 1$ 0& 1' 1(
#1855250 1#
#1855375 0*
#1856375 1*
#1857000 1!
#1857250 0*
#1858250 1*
#1858875 0! 1"
#1859125 0*
#1860125 1*
#1860750 1!
#1861000 0*
#1862000 1*
#1863125 1)
#1863250 1-
#1863375 0!
#1863500 0$
#1864250 0)
#1864500 0" 0% 1& 0(
#1864750 0*
#1865750 1*
#1866000 1)
#1866250 1! 0# 0'
#1866375 1" 1$
#1867125 0)
#1867250 0!
#1867375 1# 1% 1' 1(
#1867625 0*
#1868625 1*
#1868750 1)
#1869000 0# 0' 0(
#1869125 0$
#1869875 0) 0-
#1870125 0" 0% 1' 1(
#1870375 0*
#1871375 1*
#1872000 1!
#1872250 0*
#1873250 1*
#1873875 0! 1"
#1874125 0*
#1875125 1*
#1875750 1!
#1876000 0*
#1877000 1*
#1878125 1)
#1878250 1-
#1878375 0! 0&
#1878500 1# 1%
#1879250 0)
#1879500 0" 0# 1$ 0% 1& 0(
#1879750 0*
#1880750 1*
#1881000 1)
#1881250 1! 1"
#1881375 0,
#1882000 0)
#1882250 0!
#1882375 1# 1% 1(
#1882625 0*
#1883625 1*
#1883750 1)
#1884000 0# 0$ 0' 0(
#1884125 1,
#1884875 0) 0-
#1885125 0" 1# 0% 1' 1(
#1885375 0*
#1886375 1*
#1887000 1!
#1887250 0*
#1888250 1*
#1888750 0!
#1888875 1"
#1889125 0*
#1890125 1*
#1890750 1!
#1891000 0*
#1892000 1*
#1893125 1)
#1893250 1-
#1893375 0! 0&
#1893500 1%
#1894250 0)
#1894500 0" 1$ 0% 1& 0(
#1894750 0*
#1895750 1*
#1896000 1)
#1896250 1! 1" 0$ 1% 0' 1(
#1897000 0)
#1897375 1$
#1897625 0+ 00
#1898625 1+
#1898750 1)
#1899000 0! 0# 0$ 0(
#1899875 0) 0-
#1900000 0"
#1900125 1$ 0% 1' 1(
#1900375 0*
#1901375 1*
#1902000 1!
#1902250 0*
#1903250 1*
#1903750 0!
#1903875 1"
#1904125 0*
#1904625 10
#1905125 1*
#1905750 1!
#1906000 0*
#1907000 1*
#1908125 1) 1-
#1908375 0! 0$ 0&
#1908500 1# 1%
#1909250 0)
#1909375 0" 0# 0(
#1909500 1&
#1909750 0*
#1910750 1*
#1910875 1)
#1911125 0% 0'
#1911250 1! 1" 1$
#1912000 0)
#1912250 1% 1' 1(
#1912375 1#
#1912500 0*
#1913500 1*
#1913750 1)
#1914000 0! 0# 0$ 0' 0(
#1914750 0-
#1914875 0)
#1915000 0" 0%
#1915125 1# 1$ 1' 1(
#1915375 0*
#1916375 1*
#1917000 1!
#1917250 0*
#1918250 1*
#1918750 0!
#1918875 1"
#1919125 0*
#1920125 1*
#1920750 1!
#1921000 0*
#1922000 1*
#1923125 1) 1-
#1923375 0! 0$ 0&
#1923500 1%
#1924250 0)
#1924375 0" 0(
#1924500 1&
#1924750 0*
#1925750 1*
#1925875 1)
#1926125 0# 0%
#1926250 1! 1" 1$ 0,
#1927000 0)
#1927250 1# 1% 1(
#1927500 0*
#1928500 1*
#1928750 1)
#1929000 0! 0# 0$ 0' 0(
#1929125 1,
#1929750 0-
#1929875 0)
#1930000 0"
#1930125 1' 1(
#1930375 0*
#1931375 1*
#1932000 1!
#1932250 0*
#1933250 1*
#1933750 0!
#1933875 1"
#1934125 0*
#1935125 1*
#1935750 1!
#1936000 0*
#1937000 1*
#1938125 1) 1-
#1938375 0! 1# 0&
#1939250 0)
#1939375 0" 0# 0(
#1939500 1$ 1&
#1939625 0*
#1940750 1*
#1940875 1)
#1941250 1! 1" 1# 1(
#1942000 0)
#1943750 1)
#1944000 0! 0# 0$ 0' 0(
#1944750 0-
#1944875 0)
#1945000 0"
#1945125 1# 1' 1(
#1945375 0*
#1946375 1*
#1947000 1!
#1947125 0*
#1948250 1*
#1948750 0!
#1948875 1"
#1949000 0*
#1950125 1*
#1950750 1!
#1950875 0*
#1952000 1*
#1953125 1) 1-
#1953375 0! 0&
#1954125 0)
#1954375 0" 0(
#1954500 1$ 1&
#1954625 0*
#1955750 1*
#1955875 1)
#1956125 0# 0'
#1956250 1(
#1957000 0)
#1957250 1! 1" 1#
#1957500 0*
#1958500 1*
#1958750 1)
#1959000 0! 0# 0$ 0(
#1959750 0) 0-
#1960000 0"
#1960125 1$ 1' 1(
#1960250 0*
#1961375 1*
#1962000 1!
#1962125 0*
#1963250 1*
#1963750 0!
#1963875 1"
#1964000 0*
#1965125 1*
#1965625 1!
#1965875 0*
#1967000 1*
#1968125 1) 1-
#1968375 1#
#1969125 0)
#1969750 0+
#1970750 1+
#1970875 1)
#1972000 0)
#1973750 1)
#1974000 0! 0# 0$ 0' 0(
#1974750 0) 0-
#1975000 0" 1(
#1975125 1# 1$ 1'
#1975250 0*
#1976375 1*
#1977000 1!
#1977125 0*
#1978125 1*
#1978750 0!
#1978875 1"
#1979000 0*
#1980000 1*
#1980625 1!
#1980875 0*
#1981500 00
#1981875 1*
#1983125 1) 1-
#1983375 0! 0$ 0&
#1984125 0)
#1984375 0" 0# 0% 0' 0(
#1984625 0*
#1985625 1*
#1986375 1!
#1986500 0*
#1987625 1*
#1988125 0!
#1988250 1"
#1988375 0* 10
#1989125 1)
#1989375 1*
#1989500 1# 1% 1' 1(
#1990250 0)
#1990500 0" 0# 0% 0' 0(
#1990750 0*
#1991750 1*
#1992375 1!
#1992625 0*
#1993625 1*
#1994250 0! 1"
#1994500 0*
#1995250 1)
#1995500 0" 1*
#1995625 1# 1$ 1&
#1996375 0)
#1996625 1" 1% 1'
#1996875 0*
#1997875 1*
#1998125 1)
#1998375 0" 0# 0& 1(
#1999125 0)
#1999375 0$ 0% 0' 0(
#1999500 1! 1#
#1999625 0*
#2000750 1*
#2001375 1%
#2001500 0*
#2002625 1*
#2002750 1)
#2003000 0!
#2003125 1' 1(
#2003875 0)
#2004125 1! 0% 0' 0(
#2004375 0*
#2005375 1*
#2005625 1)
#2005875 0! 0# 1$ 1% 1' 1(
#2006625 0)
#2006875 0$ 0% 0' 0(
#2007000 1! 1#
#2007125 0*
#2008250 1*
#2008875 1%
#2009000 0*
#2010125 1*
#2010250 1)
#2010500 0!
#2010625 1' 1(
#2011375 0)
#2011625 1! 0% 0' 0(
#2011875 0*
#2012875 1*
#2013125 1)
#2013375 0! 1" 1% 1' 1(
#2014250 0)
#2014375 0" 0# 0% 0' 0(
#2014625 0*
#2015750 1*
#2016375 1!
#2016500 0*
#2017625 1*
#2018125 0!
#2018250 1"
#2018375 0*
#2019250 1)
#2019500 1# 1% 1' 1( 1*
#2020250 0)
#2020500 0" 0# 0% 0' 0(
#2020750 0*
#2021750 1*
#2022375 1!
#2022625 0*
#2023625 1*
#2024250 0!
#2024375 1"
#2024500 0*
#2025750 1)
#2026000 1*
#2026500 0" 1'
#2026625 1# 1$ 1& 0,
#2027375 0)
#2027625 1" 1%
#2027875 0*
#2028875 1*
#2029500 1)
#2029750 0" 0# 0& 1(
#2029875 1,
#2030625 0)
#2031250 0$ 0% 0' 0(
#2031375 1! 1#
#2031625 0*
#2032625 1*
#2033250 1%
#2033500 0*
#2034500 1*
#2034625 1)
#2034875 0!
#2035000 1' 1(
#2035750 0)
#2036000 1! 0% 0' 0(
#2036250 0*
#2037250 1*
#2037500 1)
#2037750 0! 0# 1' 1(
#2037875 1$ 1%
#2038625 0)
#2038750 0$ 0% 0' 0(
#2038875 1! 1#
#2039125 0*
#2040125 1*
#2040750 1%
#2041000 0*
#2042000 1*
#2042125 1)
#2042375 0!
#2042500 1' 1(
#2043250 0)
#2043500 1! 0% 0' 0(
#2043750 0*
#2044750 1*
#2045000 1)
#2045250 0! 1' 1(
#2045375 1" 1%
#2046125 0)
#2046250 0" 0# 0% 0' 0(
#2046625 0*
#2047625 1*
#2048250 1!
#2048500 0*
#2049500 1*
#2050000 0!
#2050125 1"
#2050375 0*
#2051125 1)
#2051375 1*
#2051500 1# 1% 1' 1(
#2052250 0)
#2052375 0" 0# 0% 0' 0(
#2052625 0*
#2053750 1*
#2054375 1!
#2054500 0*
#2055625 1*
#2056125 0!
#2056250 1"
#2056375 0*
#2057250 1)
#2057375 0"
#2057500 1# 1$ 1& 1*
#2058250 0)
#2058625 1! 1" 1% 1'
#2058750 0*
#2059750 1*
#2060000 1)
#2060250 0! 0" 0# 0& 1(
#2061125 0)
#2061250 0% 0' 0(
#2061375 1! 1# 0$
#2061625 0*
#2062625 1*
#2063250 1%
#2063500 0*
#2064500 1*
#2064750 1)
#2064875 0!
#2065000 1' 1(
#2065250 00
#2065750 0)
#2066000 1! 0% 0' 0(
#2066250 0*
#2067250 1*
#2067500 1)
#2067750 0! 0#
#2067875 1$ 1% 1' 1(
#2068625 0)
#2068750 0' 0(
#2068875 1! 1# 0$ 0%
#2069125 0*
#2070125 1*
#2070750 1%
#2071000 0*
#2072000 1*
#2072250 1) 10
#2072500 0! 1' 1(
#2073375 0)
#2073500 0% 0' 0(
#2073625 1!
#2073750 0*
#2074875 1*
#2075000 1)
#2075250 0!
#2075375 1" 1% 1' 1(
#2076125 0)
#2076375 0" 0# 0% 0' 0(
#2076625 0*
#2077625 1*
#2078250 1!
#2078500 0*
#2079500 1*
#2080125 0! 1"
#2080375 0*
#2081125 1)
#2081375 1*
#2081500 1# 1% 1' 1(
#2082250 0)
#2082375 0' 0(
#2082500 0" 0# 0%
#2082750 0*
#2083750 1*
#2084375 1!
#2084625 0*
#2085625 1*
#2086125 0!
#2086250 1"
#2086500 0*
#2087250 1)
#2087500 0" 1*
#2087625 1# 1$ 1& 1' 0,
#2088375 0)
#2088625 1! 1" 1%
#2088875 0*
#2089875 1*
#2090000 1)
#2090250 0! 0" 0#
#2090375 0& 1(
#2090500 1,
#2091125 0)
#2091375 1! 1# 0$ 0% 0' 0(
#2091625 0*
#2092625 1*
#2093250 1%
#2093500 0*
#2094500 1*
#2094750 1)
#2095000 0!
#2095125 1' 1(
#2095875 0)
#2096000 0% 0' 0(
#2096125 1!
#2096375 0*
#2097375 1*
#2097500 1)
#2097750 0!
#2097875 0# 1$ 1% 1' 1(
#2098625 0)
#2098875 1! 0$ 0% 0' 0(
#2099000 1#
#2099125 0*
#2100125 1*
#2100750 1%
#2101000 0*
#2102000 1*
#2102250 1)
#2102500 0!
#2102625 1' 1(
#2103375 0)
#2103500 0' 0(
#2103625 1! 0%
#2103875 0*
#2104875 1*
#2105125 1)
#2120375 1% 1& 1' 1(
#2120500 1" 1$
#2121250 0)
#2122875 1)
#2125000 0)
#2126625 1)
#2129750 0! 0$ 0&
#2130625 0)
#2130750 0" 0# 0% 0' 0(
#2131125 0*
#2132125 1*
#2132250 1)
#2132625 1! 1" 1# 1$ 1% 1& 1' 1(
#2133375 0)
#2135125 1)
#2136250 0)
#2136750 0+
#2137750 1+
#2138625 0+
#2139625 1+
#2140500 0+
#2141500 1+
#2142375 0+
#2143375 1+
#2144500 1)
#2144750 0! 0$ 0&
#2145625 0)
#2145750 0' 0(
#2145875 0" 0%
#2146125 0*
#2147125 1*
#2147375 1)
#2147625 1$ 1&
#2148375 0)
#2148625 1' 1(
#2148750 1" 1%
#2148875 0*
#2149125 00
#2149875 1*
#2150125 1)
#2150375 1! 0# 0$ 0' 0(
#2151250 0) 0-
#2151375 0! 0"
#2151500 0% 0&
#2151750 0*
#2152750 1*
#2153375 1!
#2153625 0*
#2154625 1*
#2155125 0!
#2155250 1"
#2155500 0*
#2156125 10
#2156500 1*
#2157125 1!
#2157375 0*
#2158375 1*
#2159500 1)
#2159625 1-
#2159750 0!
#2159875 1# 1% 1' 1(
#2160625 0)
#2160875 0" 0# 1$ 0% 0' 0(
#2161125 0*
#2162125 1*
#2162375 1)
#2162625 1# 1& 1'
#2162750 0,
#2163375 0)
#2163750 1" 1% 1(
#2164000 0*
#2165000 1*
#2165125 1)
#2165375 0# 0$ 0' 0(
#2165500 1!
#2165625 1,
#2166250 0) 0-
#2166375 0!
#2166500 0" 1# 0% 0&
#2166750 0*
#2167750 1*
#2168375 1!
#2168625 0*
#2169625 1*
#2170250 0! 1"
#2170500 0*
#2171500 1*
#2172125 1!
#2172375 0*
#2173375 1*
#2174500 1)
#2174625 1-
#2174750 0!
#2174875 1% 1' 1(
#2175625 0)
#2175875 0" 1$ 0% 0' 0(
#2176125 0*
#2177125 1*
#2177375 1)
#2177625 1! 0# 1(
#2177750 1% 1&
#2178500 0)
#2178750 1" 1#
#2179000 0+
#2180000 1+
#2180125 1)
#2180375 0# 0(
#2180500 0$
#2181250 0) 0-
#2181500 0! 0" 1$ 0% 0&
#2181750 0*
#2182750 1*
#2183375 1!
#2183625 0*
#2184625 1*
#2185250 0! 1"
#2185500 0*
#2186500 1*
#2187125 1!
#2187375 0*
#2188375 1*
#2189500 1)
#2189625 1-
#2189750 0!
#2189875 1# 0$ 1% 1' 1(
#2190625 0)
#2190875 0" 0# 0' 0(
#2191125 0*
#2192125 1*
#2192375 1)
#2192625 0%
#2192750 1# 1$ 1&
#2193500 0)
#2193750 1! 1" 1% 1' 1(
#2194000 0*
#2195000 1*
#2195125 1)
#2195500 0# 0$ 0' 0(
#2196250 0) 0-
#2196500 0! 0" 1# 1$ 0% 0&
#2196750 0*
#2197750 1*
#2198375 1!
#2198625 0*
#2199625 1*
#2200250 0! 1"
#2200500 0*
#2201500 1*
#2202125 1!
#2202375 0*
#2203375 1*
#2204500 1)
#2204625 1-
#2204750 0!
#2204875 0$ 1% 1' 1(
#2205625 0)
#2205875 0" 0' 0(
#2206125 0*
#2207125 1*
#2207375 1)
#2207625 0%
#2207750 1$ 1& 1' 0,
#2208500 0)
#2208750 1! 1" 1% 1(
#2209000 0*
#2210000 1*
#2210125 1)
#2210500 0# 0$ 0' 0(
#2210625 1,
#2211250 0) 0-
#2211500 0! 0" 0&
#2211750 0*
#2212750 1*
#2213375 1!
#2213625 0*
#2214625 1*
#2215250 0! 1"
#2215500 0*
#2216500 1*
#2217125 1!
#2217375 0*
#2218375 1*
#2219625 1) 1-
#2219750 0!
#2219875 1# 1' 1(
#2220625 0)
#2220875 0" 0# 1$ 0' 0(
#2221125 0*
#2222125 1*
#2222375 1)
#2222750 1! 1" 1# 1& 1' 1(
#2223500 0)
#2225125 1)
#2225500 0# 0$ 0' 0(
#2226250 0) 0-
#2226500 0! 0" 0&
#2226625 1#
#2226750 0*
#2227750 1*
#2228375 1!
#2228625 0*
#2229625 1*
#2230250 0! 1"
#2230500 0*
#2231500 1*
#2232125 1!
#2232375 0*
#2233000 00
#2233375 1*
#2234625 1) 1-
#2234750 0!
#2234875 1' 1(
#2235625 0)
#2235875 0" 1$ 0' 0(
#2236125 0*
#2237125 1*
#2237375 1)
#2237625 0#
#2237750 1" 1& 1(
#2238500 0)
#2238750 1! 1#
#2239000 0*
#2240000 1* 10
#2240125 1)
#2240375 0#
#2240500 0$ 0(
#2241250 0) 0-
#2241500 0! 0" 1$ 0&
#2241750 0*
#2242750 1*
#2243375 1!
#2243625 0*
#2244625 1*
#2245250 0! 1"
#2245500 0*
#2246500 1*
#2247125 1!
#2247375 0*
#2248375 1*
#2249500 1)
#2249625 1-
#2249750 0!
#2249875 1# 0$ 1' 1(
#2250625 0)
#2250875 0" 0# 0% 1& 0' 0(
#2251125 0*
#2252125 1*
#2252375 1)
#2252750 1! 1" 1# 1$ 1% 1' 1(
#2253500 0)
#2255125 1)
#2255375 0#
#2255500 0$ 0' 0(
#2256250 0) 0-
#2256500 0! 0" 1# 1$ 0&
#2256750 0*
#2257750 1*
#2258375 1!
#2258625 0*
#2259625 1*
#2260250 0! 1"
#2260500 0*
#2261500 1*
#2262125 1!
#2262375 0*
#2263375 1*
#2264500 1)
#2264625 1-
#2264750 0! 0$
#2264875 1' 1(
#2265625 0)
#2265875 0" 0% 1& 0' 0(
#2266125 0*
#2267125 1*
#2267375 1)
#2267625 1!
#2267750 1$
#2268500 0)
#2268625 0!
#2268750 1" 1% 1'
#2269000 0*
#2270000 1*
#2270125 1)
#2270375 0# 0$ 0'
#2270500 1!
#2271250 0) 0-
#2271500 0! 0" 0%
#2271750 0*
#2272750 1*
#2273375 1!
#2273625 0*
#2274625 1*
#2275250 0! 1"
#2275500 0*
#2276500 1*
#2277125 1!
#2277375 0*
#2278375 1*
#2279500 1)
#2279625 1-
#2279750 0! 0&
#2279875 1# 1% 1' 1(
#2280625 0)
#2280875 0" 0# 1$ 0% 1& 0' 0(
#2281125 0*
#2282125 1*
#2282375 1)
#2282625 1! 1'
#2282750 1# 0,
#2283375 0)
#2283625 0!
#2283750 1" 1%
#2283875 0*
#2285000 1*
#2285125 1)
#2285375 0# 0$ 0'
#2285500 1! 1,
#2286250 0) 0-
#2286375 0!
#2286500 0" 1# 0%
#2286750 0*
#2287750 1*
#2288375 1!
#2288625 0*
#2289625 1*
#2290125 0!
#2290250 1"
#2290500 0*
#2291500 1*
#2292125 1!
#2292375 0*
#2293375 1*
#2294500 1)
#2294625 1-
#2294750 0! 0&
#2294875 1% 1' 1(
#2295625 0)
#2295750 0(
#2295875 0" 1$ 0% 1& 0'
#2296125 0*
#2297125 1*
#2297375 1)
#2297625 1! 1" 0# 1% 1(
#2298375 0)
#2298750 1#
#2299000 0+
#2300000 1+
#2300125 1)
#2300375 0# 0$ 0(
#2301250 0) 0-
#2301375 0! 0"
#2301500 1$ 0%
#2301750 0*
#2302750 1*
#2303375 1!
#2303625 0*
#2304625 1*
#2305125 0!
#2305250 1"
#2305500 0*
#2306500 1*
#2307125 1!
#2307375 0*
#2308375 1*
#2309500 1) 1-
#2309750 0! 0$ 0&
#2309875 1# 1% 1' 1(
#2310625 0)
#2310750 0# 0' 0(
#2310875 0" 1&
#2311125 0*
#2312125 1*
#2312250 1)
#2312500 0%
#2312625 1! 1# 1$
#2313375 0)
#2313625 1% 1'
#2313750 1"
#2313875 0*
#2314875 1*
#2315125 1)
#2315375 0# 0$ 0'
#2316125 0-
#2316250 0)
#2316375 0! 0" 0%
#2316500 1# 1$
#2316750 0*
#2316875 00
#2317750 1*
#2318375 1!
#2318625 0*
#2319625 1*
#2320125 0!
#2320250 1"
#2320500 0*
#2321500 1*
#2322125 1!
#2322375 0*
#2323375 1*
#2323750 10
#2324500 1) 1-
#2324750 0! 0$ 0& 1' 1(
#2324875 1%
#2325625 0)
#2325750 0" 0' 0(
#2325875 1&
#2326125 0*
#2327125 1*
#2327250 1)
#2327500 0%
#2327625 1! 1$ 1'
#2327750 0,
#2328375 0)
#2328625 1" 1%
#2328875 0*
#2329875 1*
#2330125 1)
#2330375 0# 0$ 0'
#2330500 1,
#2331125 0-
#2331250 0)
#2331375 0! 0"
#2331750 0*
#2332750 1*
#2333375 1!
#2333625 0*
#2334625 1*
#2335125 0!
#2335250 1"
#2335500 0*
#2336500 1*
#2337125 1!
#2337375 0*
#2338375 1*
#2339500 1) 1-
#2339750 0! 1# 0& 1' 1(
#2340625 0)
#2340750 0" 0# 0' 0(
#2340875 1$ 1&
#2341000 0*
#2342125 1*
#2342250 1)
#2342625 1! 1" 1# 1' 1(
#2343375 0)
#2345125 1)
#2345375 0# 0$ 0' 0(
#2346125 0-
#2346250 0)
#2346375 0! 0"
#2346500 1#
#2346625 0*
#2347750 1*
#2348375 1!
#2348500 0*
#2349625 1*
#2350125 0!
#2350250 1"
#2350375 0*
#2351500 1*
#2352125 1!
#2352250 0*
#2353375 1*
#2354500 1) 1-
#2354750 0! 0& 1' 1(
#2355500 0)
#2355750 0" 0' 0(
#2355875 1$ 1&
#2356000 0*
#2357125 1*
#2357250 1)
#2357625 1(
#2358375 0)
#2358625 1! 1"
#2358875 0*
#2359875 1*
#2360125 1)
#2360375 0# 0$ 0(
#2361125 0) 0-
#2361375 0! 0"
#2361500 1$
#2361625 0*
#2362625 1*
#2363250 1!
#2363500 0*
#2364500 1*
#2365125 0!
#2365250 1"
#2365375 0*
#2366375 1*
#2367000 1!
#2367250 0*
#2368250 1*
#2369500 1) 1-
#2369750 0! 1# 0$ 0& 1' 1(
#2370500 0)
#2370750 0" 0# 0% 0(
#2371000 0*
#2372000 1*
#2372250 1)
#2372625 1! 1" 1# 1$ 1% 1& 1(
#2373375 0)
#2375125 1)
#2375375 0# 0$ 0' 0(
#2376125 0) 0-
#2376375 0! 0" 1$
#2376500 1#
#2376625 0*
#2377625 1*
#2378250 1!
#2378500 0*
#2379500 1*
#2380125 0!
#2380250 1"
#2380375 0*
#2381375 1*
#2382000 1!
#2382250 0*
#2383250 1*
#2384500 1) 1-
#2384625 0!
#2384750 0$ 0& 1' 1(
#2385500 0)
#2385750 0" 0% 0(
#2386000 0*
#2387000 1*
#2387250 1)
#2387500 0'
#2387625 1! 1$ 1&
#2388375 0)
#2388500 0!
#2388625 1" 1% 1' 1(
#2388875 0*
#2389875 1*
#2390000 1)
#2390375 1! 0# 0$ 0' 0(
#2391125 0) 0-
#2391375 0! 0" 0% 0& 1'
#2391625 0*
#2392625 1*
#2393250 1!
#2393500 0*
#2394500 1*
#2395125 0! 1"
#2395375 0*
#2396375 1*
#2397000 1!
#2397250 0*
#2398250 1*
#2399500 1) 1-
#2399625 0!
#2399750 1# 1% 1(
#2400500 0)
#2400750 0" 0# 0% 0( 00
#2400875 1$
#2401000 0*
#2402000 1*
#2402250 1)
#2402625 1! 1# 1& 0,
#2403375 0)
#2403500 0!
#2403625 1" 1% 1(
#2403875 0*
#2404875 1*
#2405000 1)
#2405375 1! 0# 0$ 0' 0(
#2405500 1,
#2406125 0) 0-
#2406375 0! 0" 0% 0& 1'
#2406500 1#
#2406625 0*
#2407625 1* 10
#2408250 1!
#2408500 0*
#2409500 1*
#2410125 0! 1"
#2410375 0*
#2411375 1*
#2412000 1!
#2412250 0*
#2413250 1*
#2414500 1) 1-
#2414625 0!
#2414750 1% 1(
#2415500 0)
#2415750 0" 1$ 0% 0(
#2416000 0*
#2417000 1*
#2417250 1)
#2417500 0'
#2417625 1! 1% 1& 1(
#2418375 0)
#2418625 1"
#2418875 0+
#2419875 1+
#2420000 1)
#2420375 0# 0$ 0(
#2421125 0) 0-
#2421375 0! 0" 1$ 0% 0& 1'
#2421625 0*
#2422625 1*
#2423250 1!
#2423500 0*
#2424500 1*
#2425125 0! 1"
#2425375 0*
#2426375 1*
#2427000 1!
#2427250 0*
#2428250 1*
#2429500 1) 1-
#2429625 0!
#2429750 1# 0$ 1% 1(
#2430500 0)
#2430750 0" 0# 0(
#2431000 0*
#2432000 1*
#2432250 1)
#2432500 0% 0'
#2432625 1! 1# 1$ 1&
#2433375 0)
#2433625 1" 1% 1' 1(
#2433875 0*
#2434875 1*
#2435000 1)
#2435375 0# 0$ 0' 0(
#2436125 0) 0-
#2436375 0! 0" 1$ 0% 0& 1'
#2436500 1#
#2436625 0*
#2437625 1*
#2438250 1!
#2438500 0*
#2439500 1*
#2440125 0! 1"
#2440375 0*
#2441375 1*
#2442000 1!
#2442250 0*
#2443250 1*
#2444500 1) 1-
#2444625 0!
#2444750 0$ 1% 1(
#2445500 0)
#2445750 0" 0(
#2446000 0*
#2447000 1*
#2447250 1)
#2447500 0%
#2447625 1! 1$ 1& 0,
#2448375 0)
#2448625 1" 1% 1(
#2448875 0*
#2449875 1*
#2450125 1)
#2450375 0# 0$ 0' 0(
#2450500 1,
#2451125 0) 0-
#2451375 0! 0" 0& 1'
#2451625 0*
#2452625 1*
#2453250 1!
#2453500 0*
#2454500 1*
#2455125 0!
#2455250 1"
#2455375 0*
#2456375 1*
#2457000 1!
#2457250 0*
#2458250 1*
#2459500 1) 1-
#2459625 0!
#2459750 1# 1(
#2460500 0)
#2460750 0" 0# 0(
#2460875 1$
#2461000 0*
#2462000 1*
#2462250 1)
#2462625 1! 1" 1# 1& 1(
#2463375 0)
#2465125 1)
#2465375 0# 0$ 0' 0(
#2466125 0) 0-
#2466375 0! 0" 0&
#2466500 1# 1'
#2466625 0*
#2467750 1*
#2468375 1!
#2468500 0*
#2469625 1*
#2470125 0!
#2470250 1"
#2470375 0*
#2471500 1*
#2472125 1!
#2472250 0*
#2473375 1*
#2474500 1) 1-
#2474750 0! 1(
#2475625 0)
#2475750 0" 0(
#2475875 1$
#2476000 0*
#2477125 1*
#2477250 1)
#2477500 0'
#2477625 1" 1& 1(
#2478375 0)
#2478625 1!
#2478875 0*
#2479875 1*
#2480125 1)
#2480375 0# 0$ 0(
#2481125 0-
#2481250 0)
#2481375 0! 0" 0&
#2481500 1$ 1'
#2481625 0*
#2482750 1*
#2483375 1!
#2483625 0*
#2484500 00
#2484625 1*
#2485125 0!
#2485250 1"
#2485500 0*
#2486500 1*
#2487125 1!
#2487375 0*
#2488375 1*
#2489500 1) 1-
#2489750 0! 0$ 1(
#2489875 1#
#2490625 0)
#2490750 0" 0# 0% 0(
#2490875 1&
#2491125 0*
#2491500 10
#2492125 1*
#2492250 1)
#2492625 1! 1" 1# 1$ 1% 1(
#2493375 0)
#2495125 1)
#2495375 0# 0$ 0' 0(
#2496125 0-
#2496250 0)
#2496375 0! 0" 0&
#2496500 1# 1$ 1'
#2496750 0*
#2497750 1*
#2498375 1!
#2498625 0*
#2499625 1*
#2500125 0!
#2500250 1"
#2500500 0*
#2501500 1*
#2502125 1!
#2502375 0*
#2503375 1*
#2504500 1) 1-
#2504750 0! 0$ 1(
#2505625 0)
#2505750 0" 0(
#2505875 0% 1&
#2506125 0*
#2507125 1*
#2507375 1)
#2507500 0'
#2507625 1" 1$
#2508375 0)
#2508625 1'
#2508750 1%
#2508875 0*
#2509875 1*
#2510125 1)
#2510375 1! 0# 0$ 0'
#2511250 0) 0-
#2511375 0! 0"
#2511500 0% 1'
#2511750 0*
#2512750 1*
#2513375 1!
#2513625 0*
#2514625 1*
#2515125 0!
#2515250 1"
#2515500 0*
#2516500 1*
#2517125 1!
#2517375 0*
#2518375 1*
#2519500 1)
#2519625 1-
#2519750 0! 0&
#2519875 1# 1% 1(
#2520625 0)
#2520875 0" 0# 1$ 0% 1& 0(
#2521125 0*
#2522125 1*
#2522375 1)
#2522625 1" 1#
#2522750 0,
#2523375 0)
#2523750 1%
#2523875 0*
#2525000 1*
#2525125 1)
#2525375 0# 0$ 0'
#2525500 1! 1,
#2526250 0) 0-
#2526375 0!
#2526500 0" 1# 0% 1'
#2526750 0*
#2527750 1*
#2528375 1!
#2528625 0*
#2529625 1*
#2530250 0! 1"
#2530500 0*
#2531500 1*
#2532125 1!
#2532375 0*
#2533375 1*
#2534500 1)
#2534625 1-
#2534750 0! 0&
#2534875 1% 1(
#2535625 0)
#2535875 0" 1$ 0% 1& 0(
#2536125 0*
#2537125 1*
#2537375 1)
#2537625 1! 0' 1(
#2537750 1" 1%
#2538500 0)
#2539000 0+
#2540000 1+
#2540125 1)
#2540375 0(
#2540500 0# 0$
#2541250 0) 0-
#2541500 0! 0" 1$ 0% 1'
#2541750 0*
#2542750 1*
#2543375 1!
#2543625 0*
#2544625 1*
#2545250 0! 1"
#2545500 0*
#2546500 1*
#2547125 1!
#2547375 0*
#2548375 1*
#2549625 1) 1-
#2549750 0!
#2549875 1# 0$ 1% 0& 1(
#2550625 0)
#2550875 0" 0# 1& 0(
#2551125 0*
#2552125 1*
#2552375 1)
#2552625 0% 0'
#2552750 1" 1# 1$
#2553500 0)
#2553750 1! 1% 1'
#2554000 0*
#2555000 1*
#2555250 1)
#2555500 0# 0$ 0'
#2556250 0) 0-
#2556500 0! 0" 0% 1'
#2556625 1# 1$
#2556750 0*
#2557750 1*
#2558375 1!
#2558625 0*
#2559625 1*
#2560250 0!
#2560375 1"
#2560500 0*
#2561625 1*
#2562125 1!
#2562375 0*
#2563500 1*
#2564625 1) 1-
#2564875 0! 0$ 1% 0& 1(
#2565750 0)
#2565875 0" 0(
#2566000 1&
#2566125 0*
#2567250 1*
#2567375 1)
#2567625 0%
#2567750 1" 1$ 0,
#2568375 00
#2568500 0)
#2568750 1! 1%
#2569000 0*
#2570000 1*
#2570250 1)
#2570500 0# 0$ 0'
#2570625 1,
#2571250 0-
#2571375 0)
#2571500 0! 0"
#2571625 1'
#2571750 0*
#2572875 1*
#2573500 1!
#2573750 0*
#2574750 1*
#2575250 0!
#2575375 1" 10
#2575625 0*
#2576625 1*
#2577250 1!
#2577500 0*
#2578500 1*
#2579625 1) 1-
#2579875 0! 0& 1(
#2580000 1#
#2580750 0)
#2580875 0" 0# 0(
#2581000 1$ 1&
#2581250 0*
#2582250 1*
#2582375 1)
#2582750 1! 1" 1# 1(
#2583500 0)
#2585250 1)
#2585500 0# 0$ 0' 0(
#2586250 0-
#2586375 0)
#2586500 0! 0"
#2586625 1# 1'
#2586875 0*
#2587875 1*
#2588500 1!
#2588750 0*
#2589750 1*
#2590250 0!
#2590375 1"
#2590625 0*
#2591625 1*
#2592250 1!
#2592500 0*
#2593500 1*
#2594625 1) 1-
#2594875 0! 0& 1(
#2595750 0)
#2595875 0" 0(
#2596000 1$ 1&
#2596250 0*
#2597250 1*
#2597375 1)
#2597625 0$ 0&
#2597750 0# 0% 1(
#2598500 0)
#2598875 1! 1" 1# 1$ 1% 1&
#2599000 0*
#2600000 1*
#2600250 1)
#2600500 0# 0$ 0' 0(
#2601250 0-
#2601375 0)
#2601500 0! 0"
#2601625 1$ 1'
#2601875 0*
#2602875 1*
#2603500 1!
#2603750 0*
#2604750 1*
#2605250 0!
#2605375 1"
#2605625 0*
#2606625 1*
#2607250 1!
#2607500 0*
#2608500 1*
#2609625 1)
#2609750 1-
#2610000 1# 1(
#2610750 0)
#2611250 0+
#2612250 1+
#2612500 1)
#2613500 0)
#2615250 1)
#2615500 0# 0$ 0' 0(
#2616375 0) 0-
#2616500 0!
#2616625 0" 1# 1$ 1'
#2616875 0*
#2617875 1*
#2618500 1!
#2618750 0*
#2619750 1*
#2620250 0!
#2620375 1"
#2620625 0*
#2621625 1*
#2622250 1!
#2622500 0*
#2623500 1*
#2624625 1)
#2624750 1-
#2624875 0! 0$ 0&
#2625000 1(
#2625750 0)
#2626000 0" 0# 0% 0' 0(
#2626250 0*
#2627250 1*
#2627875 1!
#2628125 0*
#2629125 1*
#2629625 0!
#2629750 1"
#2630000 0*
#2630750 1)
#2631000 1*
#2631125 1# 1% 1' 1(
#2631875 0)
#2632000 0# 0% 0' 0(
#2632125 0"
#2632375 0*
#2633375 1*
#2634000 1!
#2634250 0*
#2635250 1*
#2635750 0!
#2635875 1"
#2636125 0*
#2636875 1)
#2637125 1*
#2637250 1# 1$ 1&
#2638000 0)
#2638250 1% 1' 1(
#2638500 0*
#2639500 1*
#2639625 1)
#2639875 0" 0# 0&
#2640750 0)
#2641000 1" 1# 0$ 0% 0' 0(
#2641250 0*
#2642250 1*
#2642875 1%
#2643125 0*
#2644125 1*
#2644375 1)
#2644625 0" 1' 1(
#2645500 0)
#2645625 0% 0' 0(
#2645750 1"
#2646000 0*
#2647000 1*
#2647125 1)
#2647375 0" 0#
#2647500 1$ 1% 1' 1(
#2648250 0)
#2648500 1" 1# 0$ 0% 0' 0(
#2648750 0*
#2649750 1*
#2650375 1%
#2650625 0*
#2651625 1*
#2651875 1)
#2652125 0" 1' 1(
#2652250 00
#2653000 0)
#2653125 0% 0' 0(
#2653250 1"
#2653500 0*
#2654500 1*
#2654625 1)
#2655000 1% 1' 1(
#2655750 0)
#2656000 0" 0# 0% 0' 0(
#2656250 0*
#2657250 1*
#2657875 1!
#2658125 0*
#2659125 1*
#2659250 10
#2659750 0! 1"
#2660000 0*
#2660750 1)
#2661000 1*
#2661125 1# 1% 1' 1(
#2661875 0)
#2662000 0' 0(
#2662125 0" 0# 0%
#2662375 0*
#2663375 1*
#2664000 1!
#2664250 0*
#2665250 1*
#2665750 0!
#2665875 1"
#2666125 0*
#2667375 1)
#2667625 1*
#2668125 1# 1$ 1& 1'
#2668250 0,
#2668875 0)
#2669125 1% 1(
#2669375 0*
#2670375 1*
#2671125 1)
#2671375 0" 0# 0&
#2671500 1,
#2672125 0)
#2672875 1" 1# 0$ 0% 0' 0(
#2673125 0*
#2674125 1*
#2674750 1%
#2675000 0*
#2676000 1*
#2676250 1)
#2676500 0" 1' 1(
#2677375 0)
#2677500 0% 0' 0(
#2677625 1"
#2677750 0*
#2678875 1*
#2679000 1)
#2679250 0" 0#
#2679375 1$ 1% 1' 1(
#2680125 0)
#2680375 1" 1# 0$ 0% 0' 0(
#2680625 0*
#2681625 1*
#2682250 1%
#2682500 0*
#2683500 1*
#2683750 1)
#2684000 0" 1' 1(
#2684875 0)
#2685000 0% 0' 0(
#2685125 1"
#2685250 0*
#2686375 1*
#2686500 1)
#2686875 1% 1' 1(
#2687625 0)
#2687875 0" 0# 0% 0' 0(
#2688125 0*
#2689125 1*
#2689750 1!
#2690000 0*
#2691000 1*
#2691500 0!
#2691625 1"
#2691875 0*
#2692625 1)
#2692875 1*
#2693000 1# 1% 1' 1(
#2693750 0)
#2693875 0# 0% 0' 0(
#2694000 0"
#2694250 0*
#2695250 1*
#2695875 1!
#2696125 0*
#2697125 1*
#2697625 0!
#2697750 1"
#2698000 0*
#2698750 1)
#2699000 1# 1$ 1*
#2699125 1&
#2699750 0)
#2700125 1! 1% 1' 1(
#2700250 0*
#2701250 1*
#2701500 1)
#2701750 0! 0" 0# 0&
#2702625 0)
#2702750 0(
#2702875 1" 1# 0$ 0% 0'
#2703125 0*
#2704125 1*
#2704750 1%
#2705000 0*
#2706000 1*
#2706250 1)
#2706500 0" 1' 1(
#2707250 0)
#2707500 0% 0' 0(
#2707625 1"
#2707750 0*
#2708750 1*
#2709000 1)
#2709250 0" 0#
#2709375 1$ 1% 1' 1(
#2710125 0)
#2710250 0% 0' 0(
#2710375 1" 1# 0$
#2710625 0*
#2711625 1*
#2712250 1%
#2712500 0*
#2713500 1*
#2713750 1)
#2713875 0"
#2714000 1' 1(
#2714750 0)
#2715000 0% 0' 0(
#2715125 1"
#2715250 0*
#2716250 1*
#2716500 1)
#2716875 1% 1' 1(
#2717625 0)
#2717750 0% 0' 0(
#2717875 0" 0#
#2718125 0*
#2719125 1*
#2719750 1!
#2720000 0*
#2721000 1*
#2721500 0!
#2721625 1"
#2721875 0*
#2722625 1)
#2722875 1*
#2723000 1# 1% 1' 1(
#2723750 0)
#2723875 0" 0# 0% 0' 0(
#2724125 0*
#2725250 1*
#2725875 1!
#2726000 0*
#2727125 1*
#2727625 0!
#2727750 1"
#2727875 0*
#2728625 1)
#2728875 1*
#2729000 1# 1$ 1& 1'
#2729125 0,
#2729750 0)
#2730000 1! 1% 1(
#2730250 0*
#2731250 1*
#2731500 1)
#2731750 0! 0" 0# 0&
#2731875 1,
#2732625 0)
#2732750 0$ 0% 0' 0(
#2732875 1" 1#
#2733125 0*
#2734125 1*
#2734750 1%
#2735000 0*
#2736000 1*
#2736125 1) 00
#2736375 0"
#2736500 1' 1(
#2737250 0)
#2737500 1" 0% 0' 0(
#2737750 0*
#2738750 1*
#2739000 1)
#2739250 0" 0# 1' 1(
#2739375 1$ 1%
#2740125 0)
#2740250 0$ 0% 0' 0(
#2740375 1" 1#
#2740625 0*
#2741625 1*
#2742250 1%
#2742500 0*
#2743000 10
#2743500 1*
#2743625 1)
#2743875 0"
#2744000 1' 1(
#2744750 0)
#2745000 1" 0% 0' 0(
#2745250 0*
#2746250 1*
#2746500 1)
#2761750 1! 1$ 1% 1& 1' 1(
#2762625 0)
#2764250 1)
#2766250 0)
#2768000 1)
#2771125 0! 0$ 0&
#2771875 0)
#2772125 0" 0# 0% 0' 0(
#2772375 0*
#2773375 1*
#2773625 1)
#2774000 1! 1" 1# 1$ 1% 1& 1' 1(
#2774750 0)
#2776500 1)
#2777500 0)
#2778125 0+
#2779125 1+
#2779875 0+
#2781000 1+
#2781750 0+
#2782750 1+
#2783625 0+
#2784625 1+
#2785750 1)
#2786125 0! 0$ 0&
#2786875 0)
#2787125 0" 0% 0' 0(
#2787375 0*
#2788375 1*
#2788625 1)
#2789000 1! 1" 1$ 1&
#2789750 0)
#2789875 0!
#2790000 1% 1'
#2790250 0*
#2791250 1*
#2791375 1)
#2791625 0'
#2791750 1! 0# 0$
#2792500 0) 0-
#2792750 0! 0" 0% 0& 1(
#2793000 0*
#2794000 1*
#2794625 1!
#2794875 0*
#2795875 1*
#2796500 0! 1"
#2796750 0*
#2797750 1*
#2798375 1!
#2798625 0*
#2799625 1*
#2800750 1)
#2800875 1-
#2801000 0!
#2801125 1# 1% 1'
#2801875 0)
#2802125 0" 0# 1$ 0% 0' 0(
#2802375 0*
#2803375 1*
#2803625 1)
#2804000 1! 1" 1# 1& 1' 0,
#2804750 0)
#2804875 0!
#2805000 1%
#2805250 0*
#2806250 1*
#2806375 1)
#2806625 0# 0'
#2806750 1! 0$
#2806875 1,
#2807500 0) 0-
#2807750 0! 0" 1# 0% 0& 1(
#2808000 0*
#2809000 1*
#2809625 1!
#2809875 0*
#2810875 1*
#2811500 0! 1"
#2811750 0*
#2812750 1*
#2813375 1!
#2813625 0*
#2814625 1*
#2815750 1)
#2815875 1-
#2816000 0!
#2816125 1% 1'
#2816875 0)
#2817125 0" 1$ 0% 0' 0(
#2817375 0*
#2818375 1*
#2818625 1)
#2818875 1! 0# 0$ 1' 1(
#2819750 0)
#2819875 00
#2820000 1" 1# 1$ 1% 1&
#2820250 0+
#2821250 1+
#2821375 1)
#2821625 0# 0$ 0' 0(
#2822500 0) 0-
#2822750 0! 0" 1$ 0% 0& 1(
#2823000 0*
#2824000 1*
#2824625 1!
#2824875 0*
#2825875 1*
#2826375 0!
#2826500 1"
#2826750 0*
#2826875 10
#2827750 1*
#2828375 1!
#2828625 0*
#2829625 1*
#2830750 1)
#2830875 1-
#2831000 0! 0$
#2831125 1# 1% 1'
#2831875 0)
#2832125 0" 0# 0' 0(
#2832375 0*
#2833375 1*
#2833625 1)
#2833875 1! 1" 1# 0%
#2834000 1$ 1&
#2834750 0)
#2835000 1% 1'
#2835125 0*
#2836250 1*
#2836375 1)
#2836625 0# 0$ 0'
#2837500 0) 0-
#2837750 0! 0" 1# 1$ 0% 0& 1(
#2838000 0*
#2839000 1*
#2839625 1!
#2839875 0*
#2840875 1*
#2841375 0!
#2841500 1"
#2841750 0*
#2842750 1*
#2843375 1!
#2843625 0*
#2844625 1*
#2845750 1)
#2845875 1-
#2846000 0! 0$
#2846125 1% 1'
#2846875 0)
#2847125 0" 0' 0(
#2847375 0*
#2848375 1*
#2848625 1)
#2848875 1! 1" 1$ 0% 1& 1'
#2849000 0,
#2849625 0)
#2850000 1%
#2850125 0*
#2851250 1*
#2851375 1)
#2851625 0# 0$ 0'
#2851750 1,
#2852500 0) 0-
#2852750 0! 0" 0& 1(
#2853000 0*
#2854000 1*
#2854625 1!
#2854875 0*
#2855875 1*
#2856375 0!
#2856500 1"
#2856750 0*
#2857750 1*
#2858375 1!
#2858625 0*
#2859625 1*
#2860750 1)
#2860875 1-
#2861000 0!
#2861125 1# 1'
#2861875 0)
#2862125 0" 0# 1$ 0' 0(
#2862375 0*
#2863375 1*
#2863625 1)
#2863875 1! 1" 1& 1' 1(
#2864000 1#
#2864750 0)
#2866375 1)
#2866625 0# 0$ 0' 0(
#2867500 0) 0-
#2867750 0! 0" 1# 0& 1(
#2868000 0*
#2869000 1*
#2869625 1!
#2869875 0*
#2870875 1*
#2871375 0!
#2871500 1"
#2871750 0*
#2872750 1*
#2873375 1!
#2873625 0*
#2874625 1*
#2875750 1)
#2875875 1-
#2876000 0!
#2876125 1'
#2876875 0)
#2877125 0" 1$ 0' 0(
#2877375 0*
#2878375 1*
#2878625 1)
#2878875 0# 0$ 0% 1' 1(
#2879000 1"
#2879750 0)
#2880000 1! 1# 1$ 1% 1&
#2880250 0*
#2881250 1*
#2881375 1)
#2881625 0# 0$ 0' 0(
#2882500 0) 0-
#2882750 0! 0" 1$ 0& 1(
#2883000 0*
#2884000 1*
#2884625 1!
#2884875 0*
#2885875 1*
#2886500 0! 1"
#2886750 0*
#2887750 1*
#2888375 1!
#2888625 0*
#2889625 1*
#2890750 1)
#2890875 1-
#2891000 0! 0$
#2891125 1# 1'
#2891875 0)
#2892125 0" 0# 0% 1& 0' 0(
#2892375 0*
#2893375 1*
#2893625 1)
#2893875 1(
#2894000 1! 1" 1# 1$ 1% 1'
#2894750 0)
#2896375 1)
#2896625 0# 0$ 0'
#2896750 0(
#2897500 0) 0-
#2897750 0! 0" 1# 1$ 0& 1(
#2898000 0*
#2899000 1*
#2899625 1!
#2899875 0*
#2900875 1*
#2901500 0! 1"
#2901750 0*
#2902750 1*
#2903375 1!
#2903625 0*
#2903750 00
#2904625 1*
#2905750 1)
#2905875 1-
#2906000 0!
#2906125 0$ 1'
#2906875 0)
#2907125 0" 0% 1& 0' 0(
#2907375 0*
#2908375 1*
#2908625 1)
#2909000 1! 1" 1$
#2909750 0)
#2909875 0!
#2910000 1% 1' 1(
#2910250 0*
#2910750 10
#2911250 1*
#2911375 1)
#2911750 1! 0# 0$ 0' 0(
#2912500 0) 0-
#2912750 0! 0" 0% 1(
#2913000 0*
#2914000 1*
#2914625 1!
#2914875 0*
#2915875 1*
#2916500 0!
#2916625 1"
#2916750 0*
#2917750 1*
#2918375 1!
#2918625 0*
#2919625 1*
#2920875 1) 1-
#2921125 0! 1# 1% 0& 1'
#2921875 0)
#2922125 0" 0# 0% 0' 0(
#2922250 1$ 1&
#2922375 0*
#2923500 1*
#2923625 1)
#2924000 1! 1" 1# 1' 0,
#2924750 0)
#2924875 0!
#2925000 1% 1(
#2925250 0*
#2926250 1*
#2926500 1)
#2926750 1! 0# 0$ 0' 0(
#2926875 1,
#2927500 0) 0-
#2927750 0! 0" 0% 1(
#2927875 1#
#2928000 0*
#2929125 1*
#2929750 1!
#2929875 0*
#2931000 1*
#2931500 0!
#2931625 1"
#2931750 0*
#2932875 1*
#2933500 1!
#2933625 0*
#2934750 1*
#2935875 1) 1-
#2936125 0! 1% 0& 1'
#2937000 0)
#2937125 0" 0% 0' 0(
#2937250 1$ 1&
#2937375 0*
#2938500 1*
#2938625 1)
#2938875 0# 0$ 0&
#2939000 1! 1" 1' 1(
#2939750 0)
#2940000 1# 1$ 1% 1&
#2940250 0+
#2941250 1+
#2941500 1)
#2941750 0# 0$ 0' 0(
#2942500 0-
#2942625 0)
#2942750 0! 0" 0%
#2942875 1$ 1(
#2943125 0*
#2944125 1*
#2944750 1!
#2945000 0*
#2946000 1*
#2946500 0!
#2946625 1"
#2946875 0*
#2947875 1*
#2948500 1!
#2948750 0*
#2949750 1*
#2950875 1) 1-
#2951125 0! 0$ 0& 1'
#2951250 1# 1%
#2952000 0)
#2952125 0" 0# 0' 0(
#2952250 1&
#2952500 0*
#2953500 1*
#2953625 1)
#2953875 0%
#2954000 1! 1" 1# 1$
#2954750 0)
#2955000 1% 1' 1(
#2955250 0*
#2956250 1*
#2956500 1)
#2956750 0# 0$ 0' 0(
#2957500 0-
#2957625 0)
#2957750 0! 0" 0%
#2957875 1# 1$ 1(
#2958125 0*
#2959125 1*
#2959750 1!
#2960000 0*
#2961000 1*
#2961500 0!
#2961625 1"
#2961875 0*
#2962875 1*
#2963500 1!
#2963750 0*
#2964750 1*
#2965875 1)
#2966000 1-
#2966125 0! 0$ 0&
#2966250 1% 1'
#2967000 0)
#2967125 0'
#2967250 0" 1& 0(
#2967500 0*
#2968500 1*
#2968750 1)
#2969000 1! 1" 1$ 0% 1'
#2969125 0,
#2969750 0)
#2970125 1% 1(
#2970250 0*
#2971375 1*
#2971500 1)
#2971750 0# 0$ 0' 0(
#2972000 1,
#2972625 0) 0-
#2972750 0!
#2972875 0" 1(
#2973125 0*
#2974125 1*
#2974750 1!
#2975000 0*
#2976000 1*
#2976500 0!
#2976625 1"
#2976875 0*
#2977875 1*
#2978500 1!
#2978750 0*
#2979750 1*
#2980875 1)
#2981000 1-
#2981125 0! 0&
#2981250 1# 1'
#2982000 0)
#2982250 0" 0# 1$ 1& 0' 0(
#2982500 0*
#2983500 1*
#2983750 1)
#2984000 1(
#2984125 1! 1" 1# 1'
#2984875 0)
#2986500 1)
#2986750 0#
#2986875 0$ 0' 0(
#2987625 0) 0- 00
#2987875 0! 0" 1# 1(
#2988125 0*
#2989125 1*
#2989750 1!
#2990000 0*
#2991000 1*
#2991625 0! 1"
#2991875 0*
#2992875 1*
#2993500 1!
#2993750 0*
#2994625 10
#2994750 1*
#2996000 1) 1-
#2996125 0!
#2996250 0& 1'
#2997000 0)
#2997250 0" 1$ 1& 0' 0(
#2997500 0*
#2998500 1*
#2998750 1)
#2999000 0$ 0% 0& 1(
#2999125 1'
#2999875 0)
#3000125 1! 1" 1$ 1% 1&
#3000375 0*
#3001375 1*
#3001625 1)
#3001875 0# 0$ 0' 0(
#3002625 0) 0-
#3002875 0! 0" 1(
#3003000 1$
#3003125 0*
#3004125 1*
#3004750 1!
#3005000 0*
#3006000 1*
#3006625 0!
#3006750 1"
#3006875 0*
#3008000 1*
#3008500 1!
#3008750 0*
#3009750 1*
#3011000 1) 1-
#3011250 0! 1# 0$ 0& 1'
#3012000 0)
#3012250 0" 0# 0% 0(
#3012500 0*
#3013625 1*
#3013750 1)
#3014125 1! 1" 1# 1$ 1% 1& 1(
#3014875 0)
#3016625 1)
#3016875 0# 0$ 0' 0(
#3017625 0-
#3017750 0)
#3017875 0! 0"
#3018000 1# 1$ 1(
#3018125 0*
#3019250 1*
#3019875 1!
#3020125 0*
#3021125 1*
#3021625 0!
#3021750 1"
#3022000 0*
#3023000 1*
#3023625 1!
#3023875 0*
#3024875 1*
#3026000 1) 1-
#3026250 0! 0$ 0& 1'
#3027125 0)
#3027250 0" 0% 0(
#3027625 0*
#3028625 1*
#3028750 1)
#3029000 0# 0'
#3029125 1% 1&
#3029875 0)
#3030125 1" 1# 1$ 1'
#3030375 0*
#3031375 1*
#3031625 1)
#3031875 1! 0# 0$ 0'
#3032625 0-
#3032750 0)
#3032875 0! 0" 0% 0&
#3033000 1' 1(
#3033250 0*
#3034250 1*
#3034875 1!
#3035125 0*
#3036125 1*
#3036625 0!
#3036750 1"
#3037000 0*
#3038000 1*
#3038625 1!
#3038875 0*
#3039875 1*
#3041000 1) 1-
#3041250 0!
#3041375 1# 1%
#3042125 0)
#3042250 0# 0% 0(
#3042375 0" 1$
#3042625 0*
#3043625 1*
#3043750 1)
#3044000 0$
#3044125 1% 1&
#3044250 0,
#3044875 0)
#3045125 1$
#3045250 1" 1#
#3045375 0*
#3046375 1*
#3046625 1)
#3046875 1! 0# 0$ 0'
#3047000 1,
#3047750 0) 0-
#3047875 0! 0" 0% 0&
#3048000 1# 1' 1(
#3048250 0*
#3049250 1*
#3049875 1!
#3050125 0*
#3051125 1*
#3051625 0!
#3051750 1"
#3052000 0*
#3053000 1*
#3053625 1!
#3053875 0*
#3054875 1*
#3056000 1) 1-
#3056250 0!
#3056375 1%
#3057125 0)
#3057250 0%
#3057375 0" 1$ 0(
#3057625 0*
#3058625 1*
#3058875 1)
#3059000 0$
#3059125 1! 1(
#3059875 0)
#3060250 1" 1$ 1% 1&
#3060500 0+
#3061500 1+
#3061625 1)
#3061875 0# 0$ 0' 0(
#3062750 0) 0-
#3062875 0! 0" 0&
#3063000 1$ 0% 1' 1(
#3063250 0*
#3064250 1*
#3064875 1!
#3065125 0*
#3066125 1*
#3066625 0!
#3066750 1"
#3067000 0*
#3068000 1*
#3068625 1!
#3068875 0*
#3069875 1*
#3071000 1)
#3071125 1-
#3071250 0! 0$
#3071375 1# 1%
#3071500 00
#3072125 0)
#3072375 0" 0# 0(
#3072625 0*
#3073625 1*
#3073875 1)
#3074125 1& 0'
#3074875 0)
#3075250 1! 1" 1# 1$ 1'
#3075375 0*
#3076375 1*
#3076625 1)
#3076875 0# 0$ 0'
#3077750 0) 0-
#3077875 0!
#3078000 0" 1# 1$ 0% 0& 1' 1(
#3078250 0*
#3078500 10
#3079250 1*
#3079875 1!
#3080125 0*
#3081125 1*
#3081625 0!
#3081750 1"
#3082000 0*
#3083000 1*
#3083625 1!
#3083875 0*
#3084875 1*
#3086000 1)
#3086125 1-
#3086250 0! 0$
#3086375 1%
#3087125 0)
#3087375 0" 0(
#3087625 0*
#3088625 1*
#3088875 1)
#3089125 0# 1&
#3089250 0,
#3089875 0)
#3090250 1! 1" 1# 1$
#3090375 0*
#3091375 1*
#3091625 1)
#3091875 0# 0$ 0'
#3092000 1,
#3092750 0) 0-
#3092875 0! 0"
#3093000 0& 1' 1(
#3093250 0*
#3094250 1*
#3094875 1!
#3095125 0*
#3096125 1*
#3096625 0!
#3096750 1"
#3097000 0*
#3098000 1*
#3098625 1!
#3098875 0*
#3099875 1*
#3101000 1)
#3101125 1-
#3101250 0!
#3101375 1#
#3102125 0)
#3102250 0#
#3102375 0" 1$ 0(
#3102625 0*
#3103625 1*
#3103875 1)
#3104125 1! 1" 1# 1& 1(
#3104875 0)
#3106625 1)
#3106875 0# 0$ 0' 0(
#3107750 0) 0-
#3107875 0! 0"
#3108000 1# 0& 1' 1(
#3108250 0*
#3109250 1*
#3109875 1!
#3110125 0*
#3111125 1*
#3111625 0!
#3111750 1"
#3112000 0*
#3113000 1*
#3113625 1!
#3113875 0*
#3114875 1*
#3116000 1) 1-
#3116250 0!
#3117125 0)
#3117250 0" 0(
#3117375 1$
#3117625 0*
#3118625 1*
#3118875 1)
#3119000 0$ 0%
#3119125 1" 1(
#3119875 0)
#3120125 1%
#3120250 1! 1$ 1&
#3120375 0*
#3121375 1*
#3121625 1)
#3121875 0# 0$ 0' 0(
#3122625 0-
#3122750 0)
#3122875 0! 0" 0&
#3123000 1$ 1' 1(
#3123250 0*
#3124250 1*
#3124875 1!
#3125125 0*
#3126125 1*
#3126625 0!
#3126750 1"
#3127000 0*
#3128000 1*
#3128625 1!
#3128875 0*
#3129875 1*
#3131000 1) 1-
#3131250 0! 0$
#3131375 1#
#3132125 0)
#3132250 0" 0# 0% 0(
#3132375 1&
#3132625 0*
#3133625 1*
#3133750 1)
#3134125 1! 1" 1# 1$ 1% 1(
#3134875 0)
#3136625 1)
#3136875 0# 0$ 0' 0(
#3137625 0-
#3137750 0)
#3137875 0! 0" 0&
#3138000 1# 1$ 1' 1(
#3138250 0*
#3139250 1*
#3139875 1!
#3140125 0*
#3141125 1*
#3141625 0!
#3141750 1"
#3142000 0*
#3143000 1*
#3143625 1!
#3143875 0*
#3144875 1*
#3146000 1) 1-
#3146250 0! 0$
#3147125 0)
#3147250 0" 0% 0(
#3147375 1&
#3147625 0*
#3148625 1*
#3148750 1)
#3149000 0# 0'
#3149125 1%
#3149875 0)
#3150125 1" 1# 1$ 1' 1(
#3150375 0*
#3151375 1*
#3151625 1)
#3151875 1! 0# 0$ 0' 0(
#3152625 0-
#3152750 0)
#3152875 0! 0" 0%
#3153000 1' 1(
#3153125 0*
#3154250 1*
#3154875 1!
#3155000 0*
#3155375 00
#3156125 1*
#3156625 0!
#3156750 1"
#3156875 0*
#3158000 1*
#3158625 1!
#3158750 0*
#3159875 1*
#3161000 1) 1-
#3161250 0! 1# 1% 0&
#3162000 0)
#3162250 0" 0# 0% 0( 10
#3162375 1$ 1&
#3162500 0*
#3163625 1*
#3163750 1)
#3164000 0$
#3164125 1% 0,
#3164875 0)
#3165125 1" 1# 1$ 1(
#3165375 0*
#3166375 1*
#3166625 1)
#3166875 1! 0# 0$ 0' 0(
#3167000 1,
#3167625 0) 0-
#3167875 0! 0" 0% 1(
#3168000 1# 1'
#3168125 0*
#3169125 1*
#3169750 1!
#3170000 0*
#3171000 1*
#3171625 0!
#3171750 1"
#3171875 0*
#3172875 1*
#3173500 1!
#3173750 0*
#3174750 1*
#3176000 1) 1-
#3176125 0!
#3176250 1% 0&
#3177000 0)
#3177250 0" 0% 0(
#3177375 1$ 1&
#3177500 0*
#3178500 1*
#3178750 1)
#3179000 0$ 0&
#3179125 1! 1" 1(
#3179875 0)
#3180125 1$ 1% 1&
#3180375 0+
#3181375 1+
#3181500 1)
#3181875 0# 0$ 0' 0(
#3182625 0) 0-
#3182875 0! 0" 0% 1' 1(
#3183000 1$
#3183125 0*
#3184125 1*
#3184750 1!
#3185000 0*
#3186000 1*
#3186625 0! 1"
#3186875 0*
#3187875 1*
#3188500 1!
#3188750 0*
#3189750 1*
#3190875 1)
#3191000 1-
#3191125 0!
#3191250 1# 0$ 1% 0&
#3192000 0)
#3192250 0" 0# 1& 0(
#3192500 0*
#3193500 1*
#3193750 1)
#3194000 0'
#3194875 0)
#3195125 1! 1" 1# 1$ 1' 1(
#3195375 0*
#3196375 1*
#3196500 1)
#3196750 0# 0$ 0' 0(
#3197625 0) 0-
#3197875 0! 0" 1# 1$ 0% 1' 1(
#3198125 0*
#3199125 1*
#3199750 1!
#3200000 0*
#3201000 1*
#3201625 0! 1"
#3201875 0*
#3202875 1*
#3203500 1!
#3203750 0*
#3204750 1*
#3205875 1)
#3206000 1-
#3206125 0! 0$ 0&
#3206250 1%
#3207000 0)
#3207250 0" 1& 0(
#3207500 0*
#3208500 1*
#3208750 1)
#3209000 0#
#3209125 0,
#3209875 0)
#3210125 1! 1" 1# 1$ 1(
#3210375 0*
#3211375 1*
#3211500 1)
#3211750 0# 0$ 0' 0(
#3212000 1,
#3212625 0) 0-
#3212875 0! 0" 1' 1(
#3213125 0*
#3214125 1*
#3214750 1!
#3215000 0*
#3216000 1*
#3216500 0!
#3216625 1"
#3216875 0*
#3217875 1*
#3218500 1!
#3218750 0*
#3219750 1*
#3220875 1)
#3221000 1-
#3221125 0! 0&
#3221250 1#
#3222000 0)
#3222250 0" 0# 1$ 1& 0(
#3222500 0*
#3223500 1*
#3223750 1)
#3224000 1! 1" 1# 1(
#3224875 0)
#3226500 1)
#3226750 0# 0$ 0' 0(
#3227625 0) 0-
#3227750 0!
#3227875 0" 1# 1' 1(
#3228125 0*
#3229125 1*
#3229750 1!
#3230000 0*
#3231000 1*
#3231500 0!
#3231625 1"
#3231875 0*
#3232875 1*
#3233500 1!
#3233750 0*
#3234750 1*
#3235875 1)
#3236000 1-
#3236125 0! 0&
#3237000 0)
#3237125 0(
#3237250 0" 1$ 1&
#3237500 0*
#3238500 1*
#3238750 1)
#3238875 0&
#3239000 0# 0% 1(
#3239125 00
#3239750 0)
#3240125 1! 1" 1# 1% 1&
#3240250 0*
#3241250 1*
#3241500 1)
#3241750 0# 0$ 0' 0(
#3242625 0) 0-
#3242750 0! 0"
#3242875 1$ 1' 1(
#3243125 0*
#3244125 1*
#3244750 1!
#3245000 0*
#3246000 1*
#3246125 10
#3246500 0!
#3246625 1"
#3246875 0*
#3247875 1*
#3248500 1!
#3248750 0*
#3249750 1*
#3250875 1) 1-
#3251250 1#
#3252000 0)
#3252500 0+
#3253500 1+
#3253625 1)
#3254750 0)
#3256500 1)
#3256750 0# 0$ 0' 0(
#3257500 0-
#3257625 0)
#3257750 0! 0"
#3257875 1# 1$ 1' 1(
#3258125 0*
#3259125 1*
#3259750 1!
#3260000 0*
#3261000 1*
#3261500 0!
#3261625 1"
#3261875 0*
#3262875 1*
#3263500 1!
#3263750 0*
#3264750 1*
#3265875 1) 1-
#3266125 0! 0$ 0&
#3267000 0)
#3267125 0' 0(
#3267250 0" 0# 0%
#3267500 0*
#3268500 1*
#3269125 1!
#3269375 0*
#3270375 1*
#3270875 0!
#3271000 1"
#3271250 0*
#3272000 1)
#3272250 1*
#3272375 1# 1% 1' 1(
#3273125 0)
#3273250 0" 0# 0% 0' 0(
#3273500 0*
#3274625 1*
#3275250 1!
#3275375 0*
#3276500 1*
#3277000 0!
#3277125 1"
#3277250 0*
#3278125 1)
#3278250 0" 1*
#3278375 1! 1% 1&
#3279125 0)
#3279375 0! 1'
#3279500 1" 1# 1$
#3279625 0*
#3280625 1*
#3280875 1)
#3281125 0" 0# 0& 1(
#3282000 0)
#3282125 0$ 0% 0' 0(
#3282250 1! 1" 1#
#3282500 0*
#3283500 1*
#3284125 1%
#3284375 0*
#3285375 1*
#3285625 1)
#3285750 0! 0"
#3285875 1' 1(
#3286625 0)
#3286875 1! 1" 0% 0' 0(
#3287125 0*
#3288125 1*
#3288375 1)
#3288625 0! 0" 0# 1(
#3288750 1$ 1% 1'
#3289500 0)
#3289625 0$ 0% 0' 0(
#3289750 1! 1" 1#
#3290000 0*
#3291000 1*
#3291625 1%
#3291875 0*
#3292875 1*
#3293125 1)
#3293250 0! 0"
#3293375 1' 1(
#3294125 0)
#3294375 1! 1" 0% 0' 0(
#3294625 0*
#3295625 1*
#3295875 1)
#3296125 0!
#3296250 1% 1' 1(
#3297000 0)
#3297125 0% 0' 0(
#3297250 0" 0#
#3297500 0*
#3298500 1*
#3299125 1!
#3299375 0*
#3300375 1*
#3300875 0!
#3301000 1"
#3301250 0*
#3302000 1)
#3302250 1*
#3302375 1# 1% 1' 1(
#3303125 0)
#3303250 0" 0# 0% 0' 0(
#3303625 0*
#3304625 1*
#3305250 1!
#3305500 0*
#3306500 1*
#3307000 0!
#3307125 1"
#3307375 0*
#3308500 1)
#3308750 1*
#3309250 0"
#3309375 1! 1% 1& 1' 0,
#3310125 0)
#3310250 0!
#3310375 1" 1# 1$
#3310625 0*
#3311625 1*
#3312250 1)
#3312500 0" 0# 0&
#3312625 1(
#3312750 1,
#3313375 0)
#3314000 0(
#3314125 1! 1" 1# 0$ 0% 0'
#3314375 0*
#3315375 1*
#3316000 1%
#3316250 0*
#3317250 1*
#3317500 1)
#3317625 0!
#3317750 0" 1' 1(
#3318500 0)
#3318750 1! 0% 0' 0(
#3318875 1"
#3319000 0*
#3320125 1*
#3320250 1)
#3320500 0! 0" 0#
#3320625 1$ 1% 1' 1(
#3321375 0)
#3321500 0(
#3321625 1! 1" 1# 0$ 0% 0'
#3321875 0*
#3322875 1*
#3323000 00
#3323500 1%
#3323750 0*
#3324750 1*
#3325000 1)
#3325250 0! 0" 1' 1(
#3326125 0)
#3326250 0% 0' 0(
#3326375 1! 1"
#3326500 0*
#3327625 1*
#3327750 1)
#3328000 0!
#3328125 1% 1' 1(
#3328875 0)
#3329125 0" 0# 0% 0' 0(
#3329375 0*
#3330000 10
#3330375 1*
#3331000 1!
#3331250 0*
#3332250 1*
#3332750 0!
#3332875 1"
#3333125 0*
#3333875 1)
#3334125 1*
#3334250 1# 1% 1' 1(
#3335000 0)
#3335125 0' 0(
#3335250 0" 0# 0%
#3335500 0*
#3336500 1*
#3337125 1!
#3337375 0*
#3338375 1*
#3338875 0!
#3339000 1"
#3339250 0*
#3340000 1)
#3340250 1! 0" 1*
#3340375 1% 1&
#3341125 0)
#3341375 1" 1# 1$ 1'
#3341625 0*
#3342625 1*
#3342750 1)
#3343000 0! 0" 0#
#3343125 0& 1(
#3343875 0)
#3344125 1! 1" 1# 0$ 0% 0' 0(
#3344375 0*
#3345375 1*
#3346000 1%
#3346250 0*
#3347250 1*
#3347500 1)
#3347750 0! 0" 1(
#3347875 1'
#3348625 0)
#3348750 0% 0' 0(
#3348875 1! 1"
#3349125 0*
#3350125 1*
#3350250 1)
#3350500 0! 0" 0#
#3350625 1$ 1% 1' 1(
#3351375 0)
#3351625 1! 1" 1# 0$ 0% 0' 0(
#3351875 0*
#3352875 1*
#3353500 1%
#3353750 0*
#3354750 1*
#3355000 1)
#3355250 0! 0" 1(
#3355375 1'
#3356125 0)
#3356250 0' 0(
#3356375 1! 1" 0%
#3356625 0*
#3357625 1*
#3357875 1)
#3358000 0!
#3358125 1% 1' 1(
#3358875 0)
#3359125 0" 0# 0% 0' 0(
#3359375 0*
#3360375 1*
#3361000 1!
#3361250 0*
#3362250 1*
#3362875 0!
#3363000 1"
#3363125 0*
#3363875 1)
#3364125 1*
#3364250 1# 1% 1' 1(
#3365000 0)
#3365250 0" 0# 0% 0' 0(
#3365500 0*
#3366500 1*
#3367125 1!
#3367375 0*
#3368375 1*
#3369000 0! 1"
#3369250 0*
#3370000 1)
#3370250 0" 1*
#3370375 1! 1% 1& 1' 0,
#3371125 0)
#3371375 1" 1# 1$
#3371625 0*
#3372625 1*
#3372875 1)
#3373125 0! 0" 0# 0& 1(
#3373250 1,
#3374000 0)
#3374125 0$ 0% 0' 0(
#3374250 1! 1" 1#
#3374375 0*
#3375500 1*
#3376125 1%
#3376250 0*
#3377375 1*
#3377500 1)
#3377750 0! 0"
#3377875 1' 1(
#3378625 0)
#3378875 1! 1" 0% 0' 0(
#3379125 0*
#3380125 1*
#3380375 1)
#3380625 0! 0" 0# 1% 1' 1(
#3380750 1$
#3381500 0)
#3381625 0$ 0% 0' 0(
#3381750 1! 1" 1#
#3382000 0*
#3383000 1*
#3383625 1%
#3383875 0*
#3384875 1*
#3385000 1)
#3385250 0! 0"
#3385375 1' 1(
#3386125 0)
#3386375 1! 1" 0% 0' 0(
#3386625 0*
#3387625 1*
#3387875 1)
#3403250 1$ 1% 1& 1' 1(
#3404000 0)
#3405750 1)
#3406875 00
#3407750 0)
#3409500 1)
#3412500 0! 0$ 0&
#3413375 0)
#3413625 0" 0# 0% 0' 0(
#3413875 0* 10
#3414875 1*
#3415125 1)
#3415375 1% 1& 1' 1(
#3415500 1! 1" 1# 1$
#3416250 0)
#3417875 1)
#3419000 0)
#3419500 0+
#3420500 1+
#3421375 0+
#3422375 1+
#3423250 0+
#3424250 1+
#3425125 0+
#3426125 1+
#3427250 1)
#3427500 0! 0&
#3427625 0$
#3428375 0)
#3428625 0" 0% 0' 0(
#3428875 0*
#3429875 1*
#3430125 1)
#3430375 0#
#3430500 1! 1% 1&
#3431250 0)
#3431375 0!
#3431500 1" 1# 1$ 1' 1(
#3431750 0*
#3432750 1*
#3432875 1)
#3433125 0" 0' 0(
#3433250 0$
#3434000 0) 0-
#3434250 0# 0% 0&
#3434500 0*
#3435500 1*
#3436125 1!
#3436375 0*
#3437375 1*
#3438000 0! 1"
#3438250 0*
#3439250 1*
#3439875 1!
#3440125 0*
#3441125 1*
#3442375 1) 1-
#3442500 0!
#3442625 1# 1% 1' 1(
#3443375 0)
#3443625 0" 0# 0% 0' 0(
#3443750 1$
#3443875 0*
#3444875 1*
#3445125 1)
#3445375 0$
#3445500 1! 1% 1& 1' 0,
#3446250 0)
#3446375 0!
#3446500 1" 1# 1$ 1(
#3446750 0*
#3447750 1*
#3448000 1)
#3448250 0" 0$ 0' 0(
#3448375 1,
#3449000 0) 0-
#3449250 0% 0&
#3449500 0*
#3450500 1*
#3451125 1!
#3451375 0*
#3452375 1*
#3453000 0!
#3453125 1"
#3453250 0*
#3454250 1*
#3454875 1!
#3455125 0*
#3456125 1*
#3457375 1) 1-
#3457625 0! 1% 1' 1(
#3458375 0)
#3458625 0" 0% 0' 0(
#3458750 1$
#3458875 0*
#3460000 1*
#3460125 1)
#3460375 0#
#3460500 1! 1' 1(
#3461250 0)
#3461500 1" 1# 1% 1&
#3461750 0+
#3462750 1+
#3463000 1)
#3463250 0! 0" 0$ 0' 0(
#3464000 0) 0-
#3464250 0# 0% 0&
#3464375 1$
#3464500 0*
#3465625 1*
#3466250 1!
#3466375 0*
#3467500 1*
#3468000 0!
#3468125 1"
#3468250 0*
#3469375 1*
#3470000 1!
#3470125 0*
#3471250 1*
#3472375 1) 1-
#3472625 0! 0$ 1% 1' 1(
#3472750 1#
#3473500 0)
#3473625 0" 0# 0' 0(
#3473875 0*
#3475000 1*
#3475125 1)
#3475500 1! 1&
#3476250 0)
#3476500 1" 1# 1$ 1' 1(
#3476750 0*
#3477750 1*
#3478000 1)
#3478250 0! 0" 0$ 0' 0(
#3479000 0-
#3479125 0)
#3479250 0% 0&
#3479375 1$
#3479625 0*
#3480625 1*
#3481250 1!
#3481500 0*
#3482500 1*
#3483000 0!
#3483125 1"
#3483375 0*
#3484375 1*
#3485000 1!
#3485250 0*
#3486250 1*
#3487375 1) 1-
#3487625 0! 0$ 1' 1(
#3487750 1%
#3488500 0)
#3488625 0" 0' 0(
#3489000 0*
#3490000 1*
#3490125 1)
#3490375 0#
#3490500 1! 1& 1'
#3490625 0,
#3490750 00
#3491250 0)
#3491500 1" 1# 1$ 1(
#3491750 0*
#3492750 1*
#3493000 1)
#3493250 0! 0" 0$ 0' 0(
#3493375 1,
#3494000 0-
#3494125 0)
#3494250 0# 0&
#3494625 0*
#3495625 1*
#3496250 1!
#3496500 0*
#3497500 1*
#3497625 10
#3498000 0!
#3498125 1"
#3498375 0*
#3499375 1*
#3500000 1!
#3500250 0*
#3501250 1*
#3502375 1) 1-
#3502625 0! 1' 1(
#3502750 1#
#3503500 0)
#3503625 0" 0# 0' 0(
#3503750 1$
#3504000 0*
#3505000 1*
#3505125 1)
#3505500 1! 1" 1# 1& 1' 1(
#3506250 0)
#3508000 1)
#3508250 0! 0" 0$ 0' 0(
#3509000 0-
#3509125 0)
#3509250 0&
#3509625 0*
#3510625 1*
#3511250 1!
#3511500 0*
#3512500 1*
#3513000 0!
#3513125 1"
#3513375 0*
#3514375 1*
#3515000 1!
#3515250 0*
#3516250 1*
#3517375 1) 1-
#3517625 0! 1' 1(
#3518500 0)
#3518625 0" 0' 0(
#3518750 1$
#3519000 0*
#3520000 1*
#3520125 1)
#3520375 0# 0%
#3520500 1" 1' 1(
#3521250 0)
#3521500 1! 1# 1% 1&
#3521750 0*
#3522750 1*
#3523000 1)
#3523250 0! 0" 0$ 0' 0(
#3524000 0-
#3524125 0)
#3524250 0# 0&
#3524375 1$
#3524625 0*
#3525625 1*
#3526250 1!
#3526500 0*
#3527500 1*
#3528000 0!
#3528125 1"
#3528375 0*
#3529375 1*
#3530000 1!
#3530250 0*
#3531250 1*
#3532375 1) 1-
#3532625 0! 0$ 1' 1(
#3532750 1#
#3533500 0)
#3533625 0" 0# 0% 0' 0(
#3533750 1&
#3534000 0*
#3535000 1*
#3535125 1)
#3535500 1! 1" 1# 1$ 1% 1' 1(
#3536250 0)
#3538000 1)
#3538250 0! 0" 0$ 0' 0(
#3539000 0-
#3539125 0)
#3539250 0&
#3539375 1$
#3539625 0*
#3540625 1*
#3541250 1!
#3541500 0*
#3542500 1*
#3543000 0!
#3543125 1"
#3543375 0*
#3544375 1*
#3545000 1!
#3545250 0*
#3546250 1*
#3547375 1) 1-
#3547625 0! 0$ 1' 1(
#3548500 0)
#3548625 0" 0% 0' 0(
#3548750 1&
#3548875 0*
#3550000 1*
#3550125 1)
#3550375 0#
#3550500 1" 1%
#3551250 0)
#3551500 1# 1$ 1'
#3551750 0*
#3552750 1*
#3553000 1)
#3553250 0" 0$ 0'
#3554000 0-
#3554125 0)
#3554250 0# 0%
#3554500 0*
#3555625 1*
#3556250 1!
#3556375 0*
#3557500 1*
#3558000 0!
#3558125 1"
#3558250 0*
#3559375 1*
#3560000 1!
#3560125 0*
#3561250 1*
#3562375 1) 1-
#3562625 0! 1# 1% 0& 1' 1(
#3563375 0)
#3563625 0" 0# 0% 0' 0(
#3563750 1$ 1&
#3563875 0*
#3565000 1*
#3565125 1)
#3565375 0$
#3565500 1" 1% 1' 0,
#3566250 0)
#3566500 1# 1$
#3566750 0*
#3567750 1*
#3568000 1)
#3568250 0" 0$ 0'
#3568375 1,
#3569000 0) 0-
#3569250 0%
#3569500 0*
#3570500 1*
#3571250 1!
#3571375 0*
#3572375 1*
#3573000 0!
#3573125 1"
#3573250 0*
#3574250 1*
#3574500 00
#3574875 1!
#3575125 0*
#3576125 1*
#3577375 1) 1-
#3577500 0!
#3577625 1% 0& 1' 1(
#3578375 0)
#3578625 0" 0% 0' 0(
#3578750 1$ 1&
#3578875 0*
#3579875 1*
#3580125 1)
#3580375 0# 0&
#3580500 1! 1" 1' 1(
#3581250 0)
#3581500 1# 1% 1& 10
#3581750 0+
#3582750 1+
#3582875 1)
#3583250 0! 0" 0$ 0' 0(
#3584000 0) 0-
#3584250 0# 0%
#3584375 1$
#3584500 0*
#3585500 1*
#3586125 1!
#3586375 0*
#3587375 1*
#3588000 0! 1"
#3588250 0*
#3589250 1*
#3589875 1!
#3590125 0*
#3591125 1*
#3592250 1)
#3592375 1-
#3592500 0!
#3592625 1# 0$ 1% 0& 1' 1(
#3593375 0)
#3593625 0" 0# 1& 0' 0(
#3593875 0*
#3594875 1*
#3595125 1)
#3595500 1"
#3596250 0)
#3596500 1! 1# 1$ 1'
#3596750 0*
#3597750 1*
#3597875 1)
#3598125 0! 0'
#3598250 0" 0$
#3599000 0) 0-
#3599250 1$ 0%
#3599500 0*
#3600500 1*
#3601125 1!
#3601375 0*
#3602375 1*
#3603000 0! 1"
#3603250 0*
#3604250 1*
#3604875 1!
#3605125 0*
#3606125 1*
#3607250 1)
#3607375 1-
#3607500 0! 0$ 0&
#3607625 1% 1' 1(
#3608375 0)
#3608625 0" 1& 0' 0(
#3608875 0*
#3609875 1*
#3610125 1)
#3610375 0# 1'
#3610500 1" 0,
#3611250 0)
#3611500 1! 1# 1$
#3611750 0*
#3612750 1*
#3612875 1)
#3613125 0! 0" 0$ 0'
#3613375 1,
#3614000 0) 0-
#3614250 0#
#3614500 0*
#3615500 1*
#3616125 1!
#3616375 0*
#3617375 1*
#3617875 0!
#3618000 1"
#3618250 0*
#3619250 1*
#3619875 1!
#3620125 0*
#3621125 1*
#3622250 1)
#3622375 1-
#3622500 0! 0&
#3622625 1# 1' 1(
#3623375 0)
#3623625 0" 0# 1$ 1& 0' 0(
#3623875 0*
#3624875 1*
#3625125 1)
#3625375 1! 1" 1# 1' 1(
#3626250 0)
#3627875 1)
#3628125 0! 0" 0$ 0' 0(
#3629000 0) 0-
#3629500 0*
#3630500 1*
#3631125 1!
#3631375 0*
#3632375 1*
#3632875 0!
#3633000 1"
#3633250 0*
#3634250 1*
#3634875 1!
#3635125 0*
#3636125 1*
#3637250 1)
#3637375 1-
#3637500 0! 0&
#3637625 1' 1(
#3638375 0)
#3638500 0' 0(
#3638625 0" 1$ 1&
#3638875 0*
#3639875 1*
#3640125 1)
#3640250 0&
#3640375 0% 1' 1(
#3641125 0)
#3641500 1! 1" 1% 1&
#3641625 0*
#3642625 1*
#3642875 1)
#3643125 0! 0" 0$ 0' 0(
#3644000 0) 0-
#3644250 0# 1$
#3644500 0*
#3645500 1*
#3646125 1!
#3646375 0*
#3647375 1*
#3647875 0!
#3648000 1"
#3648250 0*
#3649250 1*
#3649875 1!
#3650125 0*
#3651125 1*
#3652250 1) 1-
#3652500 0! 0$ 0& 1(
#3652625 1# 1'
#3653375 0)
#3653500 0" 0# 0(
#3653625 0%
#3653875 0*
#3654875 1*
#3655000 1)
#3655375 1! 1" 1# 1$ 1% 1& 1(
#3656125 0)
#3657875 1)
#3658125 0! 0" 0$ 0' 0(
#3658375 00
#3658875 0-
#3659000 0)
#3659250 1$
#3659500 0*
#3660500 1*
#3661125 1!
#3661375 0*
#3662375 1*
#3662875 0!
#3663000 1"
#3663250 0*
#3664250 1*
#3664875 1!
#3665125 0*
#3665375 10
#3666125 1*
#3667250 1) 1-
#3667500 0! 0$ 0& 1' 1(
#3668375 0)
#3668500 0" 0% 0(
#3668875 0*
#3669875 1*
#3670000 1)
#3670250 0# 0'
#3670375 1" 1% 1&
#3671125 0)
#3671375 1# 1$ 1' 1(
#3671625 0*
#3672625 1*
#3672875 1)
#3673125 0" 0$ 0' 0(
#3673875 0-
#3674000 0)
#3674125 0# 0% 0&
#3674250 1'
#3674500 0*
#3675500 1*
#3676125 1!
#3676375 0*
#3677375 1*
#3677875 0!
#3678000 1"
#3678250 0*
#3679250 1*
#3679875 1!
#3680125 0*
#3681125 1*
#3682250 1) 1-
#3682500 0! 1(
#3682625 1# 1%
#3683375 0)
#3683500 0" 0# 0% 0(
#3683625 1$
#3683875 0*
#3684875 1*
#3685000 1)
#3685250 0$
#3685375 1" 1% 1&
#3685500 0,
#3686125 0)
#3686375 1# 1$ 1(
#3686625 0*
#3687625 1*
#3687875 1)
#3688125 0" 0$ 0' 0(
#3688250 1,
#3688875 0-
#3689000 0)
#3689125 0% 0&
#3689250 1'
#3689500 0*
#3690500 1*
#3691125 1!
#3691375 0*
#3692375 1*
#3692875 0!
#3693000 1"
#3693250 0*
#3694250 1*
#3694875 1!
#3695125 0*
#3696125 1*
#3697250 1) 1-
#3697500 0! 1(
#3697625 1%
#3698375 0)
#3698500 0" 0% 0(
#3698625 1$
#3698875 0*
#3699875 1*
#3700000 1)
#3700375 1! 1(
#3701125 0)
#3701375 1" 1% 1&
#3701625 0+
#3702625 1+
#3702875 1)
#3703125 0! 0" 0$ 0' 0(
#3703875 0-
#3704000 0)
#3704125 0# 0% 0&
#3704250 1$ 1'
#3704500 0*
#3705500 1*
#3706125 1!
#3706375 0*
#3707375 1*
#3707875 0!
#3708000 1"
#3708250 0*
#3709250 1*
#3709875 1!
#3710125 0*
#3711125 1*
#3712250 1) 1-
#3712500 0! 0$ 1(
#3712625 1# 1%
#3713375 0)
#3713500 0" 0# 0(
#3713875 0*
#3714875 1*
#3715000 1)
#3715250 0'
#3715375 1" 1&
#3716125 0)
#3716375 1! 1# 1$ 1' 1(
#3716625 0*
#3717625 1*
#3717875 1)
#3718125 0! 0" 0$ 0' 0(
#3718875 0-
#3719000 0)
#3719125 0% 0&
#3719250 1$ 1'
#3719500 0*
#3720500 1*
#3721125 1!
#3721375 0*
#3722375 1*
#3722875 0!
#3723000 1"
#3723250 0*
#3724250 1*
#3724875 1!
#3725125 0*
#3726125 1*
#3727250 1) 1-
#3727500 0! 0$ 1(
#3727625 1%
#3728375 0)
#3728500 0" 0(
#3728875 0*
#3729875 1*
#3730000 1)
#3730250 0#
#3730375 1" 1&
#3730500 0,
#3731125 0)
#3731375 1! 1# 1$ 1(
#3731625 0*
#3732625 1*
#3732875 1)
#3733125 0! 0" 0$ 0' 0(
#3733250 1,
#3733875 0-
#3734000 0)
#3734125 0# 0&
#3734250 1'
#3734500 0*
#3735500 1*
#3736125 1!
#3736375 0*
#3737375 1*
#3737875 0!
#3738000 1"
#3738250 0*
#3739250 1*
#3739875 1!
#3740125 0*
#3741125 1*
#3742250 1) 1- 00
#3742500 0! 1(
#3742625 1#
#3743375 0)
#3743500 0" 0# 0(
#3743625 1$
#3743875 0*
#3744875 1*
#3745000 1)
#3745375 1! 1" 1# 1& 1(
#3746125 0)
#3747875 1)
#3748125 0! 0" 0$ 0' 0(
#3748875 0-
#3749000 0)
#3749125 0&
#3749250 1' 10
#3749500 0*
#3750500 1*
#3751125 1!
#3751375 0*
#3752375 1*
#3752875 0!
#3753000 1"
#3753250 0*
#3754250 1*
#3754875 1!
#3755125 0*
#3756125 1*
#3757250 1) 1-
#3757500 0!
#3757625 1(
#3758375 0)
#3758500 0" 0(
#3758625 1$
#3758875 0*
#3759875 1*
#3760125 1)
#3760375 1" 0% 1(
#3761125 0)
#3761500 1! 1% 1&
#3761625 0*
#3762625 1*
#3762875 1)
#3763125 0! 0" 0$ 0' 0(
#3764000 0) 0-
#3764125 0&
#3764250 0# 1$ 1'
#3764500 0*
#3765500 1*
#3766125 1!
#3766375 0*
#3767375 1*
#3767875 0!
#3768000 1"
#3768250 0*
#3769250 1*
#3769875 1!
#3770125 0*
#3771125 1*
#3772250 1)
#3772375 1-
#3772500 0! 0$
#3772625 1# 1(
#3773375 0)
#3773625 0" 0# 0% 1& 0(
#3773875 0*
#3774875 1*
#3775125 1)
#3775375 1! 1" 1# 1% 1(
#3775500 1$
#3776250 0)
#3777875 1)
#3778125 0! 0" 0$ 0' 0(
#3779000 0) 0-
#3779250 1$ 0& 1'
#3779500 0*
#3780500 1*
#3781125 1!
#3781375 0*
#3782375 1*
#3782875 0!
#3783000 1"
#3783250 0*
#3784250 1*
#3784875 1!
#3785125 0*
#3786125 1*
#3787250 1)
#3787375 1-
#3787500 0! 0$
#3787625 1(
#3788375 0)
#3788625 0" 0% 1& 0(
#3788875 0*
#3789875 1*
#3790125 1)
#3790375 1! 0# 0'
#3790500 1" 1%
#3791250 0)
#3791375 0!
#3791500 1# 1$ 1'
#3791750 0*
#3792750 1*
#3792875 1)
#3793125 0" 0$ 0'
#3794000 0) 0-
#3794250 0# 0% 1'
#3794500 0*
#3795500 1*
#3796125 1!
#3796375 0*
#3797375 1*
#3798000 0! 1"
#3798250 0*
#3799250 1*
#3799875 1!
#3800125 0*
#3801125 1*
#3802250 1)
#3802375 1-
#3802500 0!
#3802625 1# 1% 0& 1(
#3803375 0)
#3803625 0" 0# 1$ 0% 1& 0(
#3803875 0*
#3804875 1*
#3805125 1)
#3805375 0$
#3805500 1! 1" 1% 0,
#3806250 0)
#3806375 0!
#3806500 1# 1$
#3806750 0*
#3807750 1*
#3807875 1)
#3808250 0" 0$ 0'
#3808375 1,
#3809000 0) 0-
#3809250 0% 1'
#3809500 0*
#3810500 1*
#3811125 1!
#3811375 0*
#3812375 1*
#3813000 0!
#3813125 1"
#3813250 0*
#3814250 1*
#3814875 1!
#3815125 0*
#3816125 1*
#3817375 1) 1-
#3817625 0! 1% 0& 1(
#3818375 0)
#3818625 0" 0% 0(
#3818750 1$ 1&
#3818875 0*
#3819875 1*
#3820125 1)
#3820375 0&
#3820500 1! 1" 1(
#3821250 0)
#3821500 1% 1&
#3821750 0+
#3822750 1+
#3823000 1)
#3823250 0! 0" 0$ 0' 0(
#3824000 0) 0-
#3824250 0# 0%
#3824375 1$ 1'
#3824500 0*
#3825625 1*
#3826125 00
#3826250 1!
#3826375 0*
#3827500 1*
#3828000 0!
#3828125 1"
#3828250 0*
#3829375 1*
#3830000 1!
#3830250 0*
#3831250 1*
#3832375 1) 1-
#3832625 0! 0$ 1% 0& 1(
#3832750 1#
#3833125 10
#3833500 0)
#3833625 0" 0# 0(
#3833750 1&
#3834000 0*
#3835000 1*
#3835125 1)
#3835375 0'
#3835500 1! 1"
#3836250 0)
#3836500 1# 1$ 1'
#3836750 0*
#3837750 1*
#3838000 1)
#3838250 0! 0" 0$ 0'
#3839000 0-
#3839125 0)
#3839250 0%
#3839375 1$ 1'
#3839625 0*
#3840625 1*
#3841250 1!
#3841500 0*
#3842500 1*
#3843000 0!
#3843125 1"
#3843375 0*
#3844375 1*
#3845000 1!
#3845250 0*
#3846250 1*
#3847375 1) 1-
#3847625 0! 0$ 0& 1(
#3847750 1%
#3848500 0)
#3848625 0" 0(
#3848750 1&
#3849000 0*
#3850000 1*
#3850125 1)
#3850375 0#
#3850500 1! 1"
#3850625 0,
#3851250 0)
#3851500 1#
#3851625 1$
#3851750 0*
#3852750 1*
#3853000 1)
#3853250 0! 0" 0$ 0'
#3853375 1,
#3854125 0) 0-
#3854250 0#
#3854375 1'
#3854625 0*
#3855625 1*
#3856250 1!
#3856500 0*
#3857500 1*
#3858000 0!
#3858125 1"
#3858375 0*
#3859375 1*
#3860000 1!
#3860250 0*
#3861250 1*
#3862375 1)
#3862500 1-
#3862625 0! 0&
#3862750 1# 1(
#3863500 0)
#3863625 0(
#3863750 0" 0# 1$ 1&
#3864000 0*
#3865000 1*
#3865250 1)
#3865500 1! 1" 1# 1(
#3866375 0)
#3868000 1)
#3868250 0! 0" 0$ 0' 0(
#3869125 0) 0-
#3869375 1'
#3869625 0*
#3870625 1*
#3871250 1!
#3871500 0*
#3872500 1*
#3873000 0!
#3873125 1"
#3873375 0*
#3874375 1*
#3875000 1!
#3875250 0*
#3876250 1*
#3877375 1)
#3877500 1-
#3877625 0! 0&
#3877750 1(
#3878500 0)
#3878750 0" 1$ 1& 0(
#3879000 0*
#3880000 1*
#3880250 1)
#3880500 0# 0$ 0& 1(
#3881375 0)
#3881625 1! 1" 1# 1$ 1&
#3881875 0*
#3882875 1*
#3883000 1)
#3883250 0! 0"
#3883375 0$ 0' 0(
#3884125 0) 0-
#3884375 0# 1$ 1'
#3884625 0*
#3885625 1*
#3886250 1!
#3886500 0*
#3887500 1*
#3888125 0! 1"
#3888375 0*
#3889375 1*
#3890000 1!
#3890250 0*
#3891250 1*
#3892375 1)
#3892500 1-
#3892750 1# 1(
#3893500 0)
#3894000 0+
#3895000 1+
#3895250 1)
#3896375 0)
#3898000 1)
#3898375 0! 0" 0$ 0' 0(
#3899125 0) 0-
#3899375 1$ 1'
#3899625 0*
#3900625 1*
#3901250 1!
#3901500 0*
#3902500 1*
#3903125 0! 1"
#3903375 0*
#3904375 1*
#3905000 1!
#3905250 0*
#3906250 1*
#3907500 1) 1-
#3907750 0! 0$ 0& 1(
#3908500 0)
#3908750 0" 0# 0% 0' 0(
#3909000 0*
#3910000 1* 00
#3910625 1!
#3910875 0*
#3911875 1*
#3912500 0!
#3912625 1"
#3912750 0*
#3913500 1)
#3913750 1*
#3913875 1# 1% 1' 1(
#3914625 0)
#3914875 0" 0# 0% 0' 0(
#3915125 0*
#3916125 1*
#3916750 1!
#3916875 10
#3917000 0*
#3918000 1*
#3918625 0! 1"
#3918875 0*
#3919625 1)
#3919875 1*
#3920000 1! 1% 1&
#3920750 0)
#3920875 0!
#3921000 1# 1$ 1' 1(
#3921250 0*
#3922250 1*
#3922500 1)
#3922750 0" 0# 0&
#3923500 0)
#3923750 0% 0' 0(
#3924000 0*
#3925000 1*
#3925750 1%
#3925875 0*
#3926875 1*
#3927125 1)
#3927375 0$
#3927500 1# 1' 1(
#3928250 0)
#3928375 0(
#3928500 0# 1$ 0% 0'
#3928750 0*
#3929750 1*
#3930000 1)
#3930250 1% 1' 1(
#3931000 0)
#3931250 0% 0' 0(
#3931500 0*
#3932625 1*
#3933250 1%
#3933375 0*
#3934500 1*
#3934625 1)
#3934875 0$
#3935000 1# 1' 1(
#3935750 0)
#3936000 0# 1$ 0% 0' 0(
#3936250 0*
#3937250 1*
#3937500 1)
#3937750 1" 1# 0$ 1% 1' 1(
#3938500 0)
#3938750 0" 0# 0% 0' 0(
#3939000 0*
#3940125 1*
#3940750 1!
#3940875 0*
#3942000 1*
#3942500 0!
#3942625 1"
#3942750 0*
#3943500 1)
#3943750 1*
#3943875 1# 1% 1' 1(
#3944625 0)
#3944875 0" 0# 0% 0' 0(
#3945125 0*
#3946125 1*
#3946750 1!
#3947000 0*
#3948000 1*
#3948625 0! 1"
#3948875 0*
#3950125 1)
#3950375 1*
#3950875 1! 1% 1& 1'
#3951000 0,
#3951625 0)
#3951875 0!
#3952000 1# 1$ 1(
#3952125 0*
#3953125 1*
#3953875 1)
#3954125 0" 0# 0&
#3954250 1,
#3955000 0)
#3955625 0% 0' 0(
#3955875 0*
#3957000 1*
#3957625 1%
#3957750 0*
#3958875 1*
#3959000 1)
#3959250 0$
#3959375 1# 1' 1(
#3960125 0)
#3960250 0(
#3960375 0# 1$ 0% 0'
#3960625 0*
#3961625 1*
#3961875 1)
#3962125 1% 1' 1(
#3962875 0)
#3963125 0% 0' 0(
#3963375 0*
#3964500 1*
#3965125 1%
#3965250 0*
#3966250 1*
#3966500 1)
#3966750 0$
#3966875 1# 1' 1(
#3967625 0)
#3967750 0(
#3967875 0# 1$ 0% 0'
#3968125 0*
#3969125 1*
#3969375 1)
#3969625 1" 1# 0$ 1% 1' 1(
#3970375 0)
#3970625 0" 0# 0% 0' 0(
#3970875 0*
#3971875 1*
#3972625 1!
#3972750 0*
#3973750 1*
#3974375 0!
#3974500 1"
#3974625 0*
#3975375 1)
#3975625 1*
#3975750 1# 1% 1' 1(
#3976500 0)
#3976750 0" 0# 0% 0' 0(
#3977000 0*
#3978000 1*
#3978625 1!
#3978875 0*
#3979875 1*
#3980500 0! 1"
#3980750 0*
#3981500 1)
#3981750 1*
#3981875 1! 1% 1&
#3982625 0)
#3982875 1# 1$ 1' 1(
#3983125 0*
#3984125 1*
#3984375 1)
#3984625 0! 0" 0# 0&
#3985375 0)
#3985625 0% 0' 0(
#3985875 0*
#3986875 1*
#3987500 1%
#3987750 0*
#3988750 1*
#3989000 1)
#3989250 0$
#3989375 1# 1' 1(
#3990125 0)
#3990250 0' 0(
#3990375 0# 1$ 0%
#3990625 0*
#3991625 1*
#3991875 1)
#3992125 1% 1' 1(
#3992875 0)
#3993125 0% 0' 0(
#3993375 0*
#3993750 00
#3994375 1*
#3995000 1%
#3995250 0*
#3996250 1*
#3996500 1)
#3996750 0$
#3996875 1# 1' 1(
#3997625 0)
#3997750 0# 0' 0(
#3997875 1$ 0%
#3998125 0*
#3999125 1*
#3999250 1)
#3999500 0$
#3999625 1" 1# 1% 1' 1(
#4000375 0)
#4000625 0" 0# 0% 0' 0(
#4000750 10
#4000875 0*
#4001875 1*
#4002500 1!
#4002750 0*
#4003750 1*
#4004375 0! 1"
#4004625 0*
#4005375 1)
#4005625 1*
#4005750 1# 1% 1' 1(
#4006500 0)
#4006750 0" 0# 0% 0' 0(
#4007000 0*
#4008000 1*
#4008625 1!
#4008875 0*
#4009875 1*
#4010375 0!
#4010500 1"
#4010750 0*
#4011500 1)
#4011750 1! 1*
#4011875 1% 1& 1' 0,
#4012625 0)
#4012875 1# 1$ 1(
#4013125 0*
#4014125 1*
#4014250 1)
#4014500 0! 0#
#4014625 0" 0&
#4014750 1,
#4015375 0)
#4015625 0% 0' 0(
#4015875 0*
#4016875 1*
#4017500 1%
#4017750 0*
#4018750 1*
#4019000 1)
#4019250 0$ 1' 1(
#4019375 1#
#4020125 0)
#4020250 0# 0% 0' 0(
#4020375 1$
#4020625 0*
#4021625 1*
#4021750 1)
#4022125 1% 1' 1(
#4022875 0)
#4023125 0% 0' 0(
#4023375 0*
#4024375 1*
#4025000 1%
#4025250 0*
#4026250 1*
#4026500 1)
#4026750 0$ 1' 1(
#4026875 1#
#4027625 0)
#4027750 0# 0% 0' 0(
#4027875 1$
#4028000 0*
#4029125 1*
#4029250 1)
#4044625 1! 1" 1# 1% 1& 1' 1(
#4045375 0)
#4047125 1)
#4049125 0)
#4050875 1)
#4053875 0! 0$ 0&
#4054750 0)
#4054875 0(
#4055000 0" 0# 0% 0'
#4055250 0*
#4056250 1*
#4056500 1)
#4056750 1! 1" 1# 1$ 1% 1& 1' 1(
#4057500 0)
#4059250 1)
#4060375 0)
#4060875 0+
#4061875 1+
#4062750 0+
#4063750 1+
#4064625 0+
#4065625 1+
#4066500 0+
#4067500 1+
#4068625 1)
#4068875 0! 0$ 0&
#4069750 0)
#4069875 0" 0% 0' 0(
#4070250 0*
#4071250 1*
#4071375 1)
#4071750 1% 1&
#4072500 0)
#4072750 1" 1$ 1'
#4073000 0*
#4074000 1*
#4074250 1)
#4074500 0" 0$ 0'
#4075250 0-
#4075375 0)
#4075500 0# 0% 0&
#4075625 1(
#4075875 0*
#4076875 1*
#4077500 1!
#4077625 00
#4077750 0*
#4078750 1*
#4079250 0!
#4079375 1"
#4079625 0*
#4080625 1*
#4081250 1!
#4081500 0*
#4082500 1*
#4083625 1) 1-
#4083875 0! 1'
#4084000 1# 1%
#4084625 10
#4084750 0)
#4084875 0" 0# 0% 0' 0(
#4085000 1$
#4085250 0*
#4086250 1*
#4086375 1)
#4086625 0$
#4086750 1# 1% 1& 1' 0,
#4087500 0)
#4087750 1" 1$
#4088000 0*
#4089000 1*
#4089250 1)
#4089500 0" 0$ 0'
#4089625 1,
#4090250 0-
#4090375 0)
#4090500 0% 0&
#4090625 1(
#4090750 0*
#4091875 1*
#4092500 1!
#4092750 0*
#4093750 1*
#4094250 0!
#4094375 1"
#4094625 0*
#4095625 1*
