$date Sat Aug 15 19:33:49 2026 $end
$version libsigrok 0.5.2 $end
$comment
  Acquisition with 16/16 channels at 80 MHz
$end
$timescale 100 ps $end
$scope module libsigrok $end
$var wire 1 ! A0 $end
$var wire 1 " A1 $end
$var wire 1 # A2 $end
$var wire 1 $ A3 $end
$var wire 1 % A4 $end
$var wire 1 & A5 $end
$var wire 1 ' A6 $end
$var wire 1 ( A7 $end
$var wire 1 ) RAS $end
$var wire 1 * CAS0 $end
$var wire 1 + CAS1 $end
$var wire 1 , R/W $end
$var wire 1 - VDS $end
$var wire 1 . IRQ $end
$var wire 1 / CSW $end
$var wire 1 0 CSR $end
$upscope $end
$enddefinitions $end
#0 0! 1" 1# 1$ 0% 0& 0' 1( 0) 1* 1+ 1, 0- 0. 1/ 10
#125 0# 0$ 1' 0( 00
#250 1# 1% 1( 1- 10
#375 0(
#500 0" 1$ 1&
#750 0*
#1750 1*
#2000 1)
#2250 0'
#3000 0)
#3375 1! 1"
#3500 0*
#4500 1*
#4750 1)
#5000 0! 0$ 0&
#5875 0) 0-
#6000 0"
#6125 0# 1$ 1& 1'
#6375 0*
#6625 00
#7375 1*
#8000 1!
#8250 0*
#9250 1*
#9750 0!
#9875 1"
#10125 0*
#11125 1*
#11750 1!
#12000 0*
#13000 1*
#13500 10
#14125 1)
#14250 1-
#14500 1# 1(
#15250 0)
#15750 0+
#16750 1+
#17000 1)
#17250 0! 0# 0%
#17375 0,
#18125 0)
#18250 0" 0$ 0& 0'
#18375 1!
#18625 0+
#19625 1+
#19750 1)
#20000 0! 0(
#20125 1" 1# 1%
#20250 1,
#20875 0) 0-
#21125 0" 1$ 1& 1'
#21375 0*
#22375 1*
#23000 1!
#23250 0*
#24250 1*
#24875 0! 1"
#25125 0*
#26125 1*
#26750 1!
#27000 0*
#28000 1*
#29125 1)
#29250 1-
#29375 0! 0&
#29500 0$ 1(
#30250 0)
#30500 0" 0# 1$ 0% 0(
#30750 0*
#31750 1*
#32375 1!
#32625 0*
#33625 1*
#34250 0! 1"
#34500 0*
#35250 1)
#35500 0$ 1*
#35625 1# 1% 1(
#36375 0)
#36500 0(
#36625 0" 1$ 0%
#36875 0*
#37875 1*
#38500 1!
#38750 0*
#39750 1*
#40250 0!
#40375 1"
#40625 0*
#41375 1)
#41625 1*
#41750 1! 1% 1& 1(
#42500 0)
#44125 1)
#44500 0! 0# 0&
#45250 0)
#45500 0" 1# 0% 0(
#45750 0*
#46750 1*
#47375 1%
#47625 0*
#48625 1*
#48875 1)
#49125 0$
#49250 1! 1(
#50000 0)
#50125 0! 0(
#50250 1$ 0% 1& 0'
#50500 0*
#51500 1*
#51625 1)
#51875 0&
#52000 1" 0# 1% 1' 1(
#52750 0)
#53000 0" 0% 1& 0(
#53125 1#
#53250 0*
#54250 1*
#54875 1%
#55125 0*
#56125 1*
#56375 1)
#56625 0$ 0& 1(
#56750 1!
#57500 0)
#57625 0! 0(
#57750 1$ 1& 0'
#58000 0*
#59000 1*
#59125 1)
#59375 0&
#59500 1" 0$ 1' 1(
#60250 0)
#60500 0" 0# 0% 0' 0(
#60750 0*
#61750 1*
#62375 1!
#62625 0*
#63625 1*
#64250 0!
#64375 1"
#64500 0*
#65250 1)
#65500 1*
#65625 1# 1% 1' 1(
#66375 0)
#66625 0" 0# 0% 0' 0(
#66875 0*
#67875 1*
#68500 1!
#68750 0*
#69750 1*
#70250 0!
#70375 1"
#70625 0*
#71875 1)
#72125 1*
#72625 1! 1$ 1& 1' 1(
#72750 0,
#73375 0)
#73625 0! 0" 0$ 0& 0' 0(
#73875 0+
#75000 1+
#75625 1)
#75875 1' 1(
#76000 1$ 1% 1,
#76750 0)
#77375 0% 0' 0(
#77500 1#
#77625 0*
#78625 1*
#79250 1%
#79500 0*
#80500 1*
#80750 1)
#81000 0$
#81125 1' 1(
#81875 0)
#82000 0' 0(
#82125 1$ 0%
#82375 0*
#83375 1*
#83625 1)
#83875 0# 1% 1' 1(
#84625 0)
#84875 0% 0' 0(
#85000 1#
#85125 0*
#86125 1*
#86750 1%
#87000 0*
#88000 1*
#88250 1)
#88500 0$
#88625 1' 1(
#89375 0)
#89500 0' 0(
#89625 1$ 0%
#89875 0*
#90375 00
#90875 1*
#91125 1)
#91375 1" 0$ 1% 1' 1(
#92125 0)
#92375 0" 0# 0% 0' 0(
#92625 0*
#93625 1*
#94250 1!
#94500 0*
#95500 1*
#96125 0!
#96250 1"
#96375 0*
#97125 1)
#97375 1* 10
#97500 1# 1% 1' 1(
#98250 0)
#98500 0" 0# 0% 0' 0(
#98750 0*
#99750 1*
#100375 1!
#100625 0*
#101625 1*
#102125 0!
#102250 1"
#102500 0*
#103250 1)
#103500 1*
#103625 1! 1$ 1& 1' 1( 0,
#104375 0)
#104500 0& 0' 0(
#104625 0" 0$
#104875 0+
#105875 1+
#106000 1)
#106250 0!
#106375 1$ 1% 1' 1(
#106500 1,
#107125 0)
#107375 0% 0' 0(
#107500 1#
#107625 0*
#108625 1*
#109250 1%
#109500 0*
#110500 1*
#110750 1)
#111000 0$
#111125 1' 1(
#111875 0)
#112000 0% 0' 0(
#112125 1$
#112375 0*
#113375 1*
#113500 1)
#113750 0#
#113875 1% 1' 1(
#114625 0)
#114875 1# 0% 0' 0(
#115125 0*
#116125 1*
#116750 1%
#117000 0*
#118000 1*
#118250 1)
#118500 0$ 1(
#118625 1'
#119375 0)
#119500 0% 0' 0(
#119625 1$
#119875 0*
#120875 1*
#121000 1)
#121250 0$
#121375 1" 1% 1' 1(
#122125 0)
#122375 0" 0# 0% 0' 0(
#122625 0*
#123625 1*
#124250 1!
#124500 0*
#125500 1*
#126125 0! 1"
#126375 0*
#127125 1)
#127375 1*
#127500 1# 1% 1' 1(
#128250 0)
#128375 0(
#128500 0" 0# 0% 0'
#128750 0*
#129750 1*
#130375 1!
#130625 0*
#131625 1*
#132125 0!
#132250 1"
#132500 0*
#133250 1)
#133500 1( 1*
#133625 1! 1# 1$ 1% 1& 1'
#134375 0)
#136000 1)
#136250 0! 0" 0# 0&
#137125 0)
#137375 1# 0% 0' 0(
#137625 0*
#138625 1*
#139250 1%
#139500 0*
#140500 1*
#140750 1)
#141000 0$ 1' 1(
#141875 0)
#142000 0% 0' 0(
#142125 1$
#142250 0*
#143375 1*
#143500 1)
#143750 0#
#143875 1% 1' 1(
#144625 0)
#144875 1# 0% 0' 0(
#145125 0*
#146125 1*
#146750 1%
#147000 0*
#148000 1*
#148250 1)
#148500 0$ 1' 1(
#149375 0)
#149500 0% 0' 0(
#149625 1$
#149750 0*
#150875 1*
#151000 1)
#166250 0#
#166375 1! 1" 1& 1' 1( 0,
#167125 0)
#167250 0! 0"
#167375 0$ 0& 0'
#167625 0+
#168625 1+
#168875 1)
#170125 1! 1" 1# 1$ 1% 1& 1' 1,
#170875 0)
#172625 1)
#174250 00
#175625 0! 0$ 0&
#176500 0)
#176750 0" 0# 0% 0' 0(
#177000 0*
#178000 1*
#178125 1)
#178500 1! 1" 1# 1$ 1% 1& 1' 1(
#179250 0)
#181000 1)
#181250 10
#182125 0)
#182625 0+
#183625 1+
#184500 0+
#185500 1+
#186375 0+
#187375 1+
#188250 0+
#189250 1+
#190375 1)
#190625 0! 0$ 0&
#191500 0)
#191625 0" 0% 0' 0(
#192000 0*
#193000 1*
#193125 1)
#193375 0#
#193500 1! 1" 1$ 1& 1' 1(
#193625 0,
#194250 0)
#194500 0" 0$ 0& 0'
#194750 0+
#195750 1+
#196000 1)
#196250 0! 0(
#196375 1" 1# 1% 1,
#197125 0) 0-
#197250 0" 0# 0%
#197375 1(
#197625 0*
#198625 1*
#199250 1!
#199500 0*
#200500 1*
#201000 0!
#201125 1"
#201375 0*
#202375 1*
#203000 1!
#203250 0*
#204250 1*
#205375 1) 1-
#205625 0! 1# 1% 1'
#206500 0)
#206625 0" 0# 0% 0' 0(
#206750 1$
#206875 0*
#208000 1*
#208125 1)
#208500 1! 1" 1# 1% 1& 1' 1(
#209250 0)
#211000 1)
#211250 0! 0$ 0& 0' 0(
#212000 0) 0-
#212250 0" 0%
#212375 1(
#212500 0*
#213625 1*
#214250 1!
#214375 0*
#215500 1*
#216000 0!
#216125 1"
#216250 0*
#217375 1*
#218000 1!
#218125 0*
#219250 1*
#220375 1) 1-
#220625 0! 1% 1'
#221375 0)
#221625 0" 0% 0' 0(
#221750 1$
#221875 0*
#222875 1*
#223125 1)
#223500 1! 1% 1&
#224250 0)
#224500 1"
#224750 0+
#225750 1+
#226000 1)
#226250 0! 0$ 0&
#227000 0) 0-
#227250 0" 0# 0%
#227375 1$ 1(
#227500 0*
#228500 1*
#229250 1!
#229375 0*
#230375 1*
#231000 0!
#231125 1"
#231250 0*
#232250 1*
#232875 1!
#233125 0*
#234125 1*
#235375 1) 1-
#235500 0!
#235625 1# 0$ 1% 1'
#236375 0)
#236625 0" 0# 0' 0(
#236875 0*
#237875 1*
#238125 1)
#238500 1! 1" 1# 1$ 1& 1' 1(
#239250 0)
#241000 1)
#241250 0! 0$ 0& 0' 0(
#242000 0) 0-
#242250 0" 0% 1(
#242375 1$
#242500 0*
#243500 1*
#244125 1!
#244375 0*
#245375 1*
#246000 0!
#246125 1"
#246250 0*
#247250 1*
#247875 1!
#248125 0*
#249125 1*
#250375 1) 1-
#250500 0!
#250625 0$ 1% 1'
#251375 0)
#251625 0" 0' 0(
#251875 0*
#252875 1*
#253125 1)
#253375 0%
#253500 1$ 1& 1' 1( 0,
#254250 0)
#254375 0& 0' 0(
#254500 0# 0$
#254750 0+
#255750 1+
#255875 1)
#256250 1" 1# 1%
#256375 1,
#257000 0) 0-
#257250 0" 0# 1(
#257500 0*
#258125 00
#258500 1*
#259125 1!
#259375 0*
#260375 1*
#261000 0!
#261125 1"
#261250 0*
#262250 1*
#262875 1!
#263125 0*
#264125 1*
#265125 10
#265250 1)
#265375 1-
#265500 0!
#265625 1# 1'
#266375 0)
#266625 0" 0# 1$ 0' 0(
#266875 0*
#267875 1*
#268125 1)
#268500 1! 1" 1# 1& 1' 1(
#269250 0)
#270875 1)
#271250 0! 0$ 0& 0' 0(
#272000 0) 0-
#272250 0" 1(
#272500 0*
#273500 1*
#274125 1!
#274375 0*
#275375 1*
#276000 0! 1"
#276250 0*
#277250 1*
#277875 1!
#278125 0*
#279125 1*
#280375 1) 1-
#280500 0!
#280625 1'
#281375 0)
#281625 0" 1$ 0' 0(
#281875 0*
#282875 1*
#283125 1)
#283500 1" 1&
#284250 0)
#284500 1!
#284750 0*
#285750 1*
#285875 1)
#286125 0!
#286250 0$ 0&
#287000 0) 0-
#287250 0" 0# 1(
#287375 1$
#287500 0*
#288500 1*
#289125 1!
#289375 0*
#290375 1*
#291000 0!
#291125 1"
#291250 0*
#292250 1*
#292875 1!
#293125 0*
#294125 1*
#295375 1) 1-
#295500 0!
#295625 1# 0$ 1'
#296375 0)
#296625 0" 0# 0% 0' 0(
#296750 1&
#296875 0*
#297875 1*
#298125 1)
#298500 1# 1$ 1' 1( 0,
#299250 0)
#299500 1! 0# 0$ 0& 0' 0(
#299750 0+
#300750 1+
#301000 1)
#301125 0!
#301250 1" 1# 1%
#301375 1,
#302000 0) 0-
#302250 0"
#302375 1$ 1(
#302500 0*
#303500 1*
#304125 1!
#304375 0*
#305375 1*
#306000 0!
#306125 1"
#306250 0*
#307250 1*
#307875 1!
#308125 0*
#309125 1*
#310375 1) 1-
#310625 0! 0$ 1'
#311375 0)
#311625 0" 0% 0' 0(
#311750 1&
#311875 0*
#312875 1*
#313125 1)
#313500 1! 1" 1$ 1% 1' 1(
#314250 0)
#316000 1)
#316250 0! 0$ 0& 0' 0(
#317000 0) 0-
#317250 0" 0# 0% 1(
#317375 1&
#317500 0*
#318625 1*
#319250 1!
#319375 0*
#320500 1*
#321000 0!
#321125 1"
#321250 0*
#322375 1*
#323000 1!
#323125 0*
#324250 1*
#325375 1) 1-
#325625 0! 1# 1% 0& 1'
#326500 0)
#326625 0" 0# 0% 0' 0(
#326750 1$ 1&
#326875 0*
#328000 1*
#328125 1)
#328500 1! 1" 1# 1% 1' 1(
#329250 0)
#331000 1)
#331250 0! 0$ 0& 0' 0(
#332000 0-
#332125 0)
#332250 0" 0%
#332375 1& 1(
#332625 0*
#333625 1*
#334250 1!
#334500 0*
#335500 1*
#336000 0!
#336125 1"
#336375 0*
#337375 1*
#338000 1!
#338250 0*
#339250 1*
#340375 1) 1-
#340625 0! 1% 0& 1'
#341500 0)
#341625 0" 0% 0' 0(
#341750 1$ 1&
#342000 0* 00
#343000 1*
#343125 1)
#343500 1! 1" 1%
#344250 0)
#344750 0+
#345750 1+
#346000 1)
#346250 0! 0$ 0&
#347000 0-
#347125 0)
#347250 0" 0# 0%
#347375 1$ 1& 1(
#347625 0*
#348625 1*
#348875 10
#349250 1!
#349500 0*
#350500 1*
#351000 0!
#351125 1"
#351375 0*
#352375 1*
#353000 1!
#353250 0*
#354250 1*
#355375 1) 1-
#355625 0! 0$ 0&
#355750 1# 1% 1'
#356500 0)
#356625 0# 0'
#356750 0" 1& 0(
#357000 0*
#358000 1*
#358250 1)
#358375 0%
#358500 1# 1$ 1' 1(
#358625 0,
#359250 0)
#359500 0# 0$ 0& 0'
#359750 0+
#360875 1+
#361000 1)
#361250 0(
#361375 1" 1# 1% 1,
#362125 0) 0-
#362250 0" 0%
#362375 1$ 1& 1(
#362625 0*
#363625 1*
#364250 1!
#364500 0*
#365500 1*
#366000 0!
#366125 1"
#366375 0*
#367375 1*
#368000 1!
#368250 0*
#369250 1*
#370375 1)
#370500 1-
#370625 0! 0$ 0&
#370750 1% 1'
#371500 0)
#371750 0" 1& 0' 0(
#372000 0*
#373000 1*
#373250 1)
#373500 1! 1" 1' 1(
#373625 1$
#374375 0)
#376000 1)
#376250 0! 0$ 0& 0' 0(
#377125 0) 0-
#377375 0" 0# 1& 1(
#377625 0*
#378625 1*
#379250 1!
#379500 0*
#380500 1*
#381125 0! 1"
#381375 0*
#382375 1*
#383000 1!
#383250 0*
#384250 1*
#385375 1)
#385500 1-
#385625 0! 0&
#385750 1# 1'
#386500 0)
#386750 0" 0# 1$ 1& 0' 0(
#387000 0*
#388000 1*
#388250 1)
#388500 0% 1' 1(
#388625 1# 0,
#389375 0)
#389500 0# 0$ 0& 0'
#389625 1!
#389875 0+
#390875 1+
#391000 1)
#391250 0! 0(
#391375 1" 1# 1%
#391500 1,
#392125 0) 0-
#392375 0" 1& 1(
#392625 0*
#393625 1*
#394250 1!
#394500 0*
#395500 1*
#396125 0! 1"
#396375 0*
#397375 1*
#398000 1!
#398250 0*
#399250 1*
#400500 1) 1-
#400625 0!
#400750 0& 1'
#401500 0)
#401750 0" 1& 0' 0(
#401875 1$
#402000 0*
#403000 1*
#403250 1)
#403500 0# 0$ 0% 0&
#403625 1'
#404375 0)
#404625 1! 1" 1# 1$ 1% 1&
#404875 0*
#405875 1*
#406125 1)
#406375 0! 0$ 0& 0'
#407125 0) 0-
#407375 0" 0#
#407500 1$ 1& 1(
#407625 0*
#408625 1*
#409375 1!
#409500 0*
#410625 1*
#411125 0!
#411250 1"
#411375 0*
#412500 1*
#413125 1!
#413250 0*
#414375 1*
#415500 1) 1-
#415750 0! 1# 0$ 0& 1'
#416625 0)
#416750 0" 0# 0% 0(
#417000 0*
#418125 1*
#418250 1)
#418625 1! 1" 1# 1$ 1% 1& 1(
#419375 0)
#421125 1)
#421375 0! 0$ 0& 0' 0(
#422125 0-
#422250 0)
#422375 0"
#422500 1$ 1& 1(
#422750 0*
#423750 1*
#424375 1!
#424625 0*
#425625 1*
#425875 00
#426125 0!
#426250 1"
#426500 0*
#427500 1*
#428125 1!
#428375 0*
#429375 1*
#430500 1) 1-
#430750 0! 0$ 0& 1'
#431625 0)
#431750 0" 0% 0(
#432125 0*
#432750 10
#433125 1*
#433250 1)
#433625 1! 1" 1$ 1% 1& 1(
#434375 0)
#436125 1)
#436375 0! 0$ 0& 0' 0(
#437125 0-
#437250 0)
#437375 0" 0# 0%
#437500 1' 1(
#437750 0*
#438750 1*
#439375 1!
#439625 0*
#440625 1*
#441125 0!
#441250 1"
#441500 0*
#442500 1*
#443125 1!
#443375 0*
#444375 1*
#445500 1) 1-
#445750 0!
#445875 1# 1%
#446625 0)
#446750 0#
#446875 0" 1$ 0% 0(
#447125 0*
#448125 1*
#448375 1)
#448625 1! 1# 1& 1(
#448750 0,
#449375 0)
#449625 0! 0# 0$ 0& 0' 0(
#449875 0+
#451000 1+
#451125 1)
#451500 1" 1# 1% 1,
#452250 0) 0-
#452375 0" 0%
#452500 1' 1(
#452750 0*
#453750 1*
#454375 1!
#454625 0*
#455625 1*
#456125 0!
#456250 1"
#456500 0*
#457500 1*
#458125 1!
#458375 0*
#459375 1*
#460500 1)
#460625 1-
#460750 0!
#460875 1%
#461625 0)
#461875 0" 1$ 0% 0(
#462125 0*
#463125 1*
#463375 1)
#463625 1! 0# 0$
#464375 0)
#464750 1" 1# 1$ 1% 1&
#465000 0+
#466000 1+
#466125 1)
#466375 0! 0$ 0& 0'
#467250 0) 0-
#467500 0" 0# 1$ 0% 1' 1(
#467750 0*
#468750 1*
#469375 1!
#469625 0*
#470625 1*
#471250 0! 1"
#471500 0*
#472500 1*
#473125 1!
#473375 0*
#474375 1*
#475500 1)
#475625 1-
#475750 0! 0$
#475875 1# 1%
#476625 0)
#476875 0" 0# 0(
#477125 0*
#478125 1*
#478375 1)
#478625 1! 0% 1(
#478750 1# 1$ 1& 0,
#479500 0)
#479625 0# 0$ 0& 0' 0(
#480000 0+
#481000 1+
#481125 1)
#481375 0!
#481500 1" 1# 1%
#481625 1,
#482250 0) 0-
#482500 0" 1$ 0% 1' 1(
#482750 0*
#483750 1*
#484375 1!
#484625 0*
#485625 1*
#486250 0! 1"
#486500 0*
#487500 1*
#488125 1!
#488375 0*
#489375 1*
#490500 1)
#490625 1-
#490750 0!
#490875 0$ 1%
#491625 0)
#491875 0" 0(
#492125 0*
#493125 1*
#493375 1)
#493625 1(
#493750 1! 1" 1$ 1&
#494500 0)
#496125 1)
#496500 0! 0$ 0& 0' 0(
#497250 0) 0-
#497500 0" 0# 1' 1(
#497750 0*
#498750 1*
#499375 1!
#499625 0*
#500625 1*
#501250 0! 1"
#501500 0*
#502500 1*
#503125 1!
#503375 0*
#504375 1*
#505500 1)
#505625 1-
#505750 0!
#505875 1#
#506625 0)
#506875 0" 0# 1$ 0(
#507125 0*
#508125 1*
#508375 1)
#508625 1(
#508750 1! 1" 1# 1&
#509500 0)
#509625 00
#511125 1)
#511500 0! 0$ 0& 0' 0(
#512250 0) 0-
#512500 0" 1' 1(
#512750 0*
#513750 1*
#514375 1!
#514625 0*
#515625 1*
#516250 0! 1"
#516500 0*
#516625 10
#517500 1*
#518125 1!
#518375 0*
#519375 1*
#520500 1)
#520625 1-
#520750 0!
#521625 0)
#521875 0" 1$ 0(
#522125 0*
#523125 1*
#523375 1)
#523625 0# 0$ 0%
#523750 1"
#524500 0)
#524750 1! 1# 1$ 1% 1&
#525000 0*
#526000 1*
#526125 1)
#526375 0! 0$ 0&
#526500 0'
#527250 0) 0-
#527500 0" 0# 1$ 1' 1(
#527750 0*
#528750 1*
#529375 1!
#529625 0*
#530625 1*
#531250 0! 1"
#531500 0*
#532500 1*
#533125 1!
#533375 0*
#534375 1*
#535500 1)
#535625 1-
#535750 0! 0$
#535875 1#
#536625 0)
#536875 0" 0# 0% 1& 0(
#537125 0*
#538125 1*
#538375 1)
#538625 1! 1(
#538750 1# 1$ 0,
#539500 0)
#539625 0! 0# 0$ 0& 0'
#540000 0+
#541000 1+
#541125 1)
#541375 0(
#541500 1" 1# 1%
#541625 1,
#542250 0) 0-
#542500 0" 1$ 1' 1(
#542750 0*
#543750 1*
#544375 1!
#544625 0*
#545625 1*
#546125 0!
#546250 1"
#546500 0*
#547500 1*
#548125 1!
#548375 0*
#549375 1*
#550500 1)
#550625 1-
#550750 0! 0$
#551625 0)
#551875 0" 0% 1& 0(
#552125 0*
#553125 1*
#553375 1)
#553625 1! 1" 1% 1(
#553750 1$
#554500 0)
#556125 1)
#556375 0! 0$ 0& 0' 0(
#557250 0) 0-
#557500 0" 0# 0% 1& 1' 1(
#557750 0*
#558750 1*
#559375 1!
#559625 0*
#560625 1*
#561125 0!
#561250 1"
#561500 0*
#562500 1*
#563125 1!
#563375 0*
#564375 1*
#565500 1)
#565625 1-
#565750 0! 0&
#565875 1# 1%
#566625 0)
#566750 0#
#566875 0" 1$ 0% 1& 0(
#567125 0*
#568125 1*
#568375 1)
#568625 1! 1# 1(
#568750 0,
#569375 0)
#569625 0# 0$ 0& 0'
#569875 0+
#571000 1+
#571125 1)
#571375 0! 0(
#571500 1" 1# 1% 1,
#572250 0) 0-
#572375 0" 0%
#572500 1& 1' 1(
#572750 0*
#573750 1*
#574375 1!
#574625 0*
#575625 1*
#576125 0!
#576250 1"
#576500 0*
#577500 1*
#578125 1!
#578375 0*
#579375 1*
#580500 1) 1-
#580750 0! 0&
#580875 1%
#581625 0)
#581750 0" 0% 0(
#581875 1$ 1&
#582125 0*
#583125 1*
#583250 1)
#583500 0# 0$ 0&
#583625 1! 1"
#584375 0)
#584625 1# 1$ 1% 1&
#584875 0+
#585875 1+
#586125 1)
#586375 0! 0$ 0& 0'
#587125 0-
#587250 0)
#587375 0" 0# 0%
#587500 1$ 1& 1' 1(
#587750 0*
#588750 1*
#589375 1!
#589625 0*
#590625 1*
#591125 0!
#591250 1"
#591500 0*
#592500 1*
#593125 1!
#593375 0*
#593500 00
#594375 1*
#595500 1) 1-
#595750 0! 0$ 0&
#595875 1# 1%
#596625 0)
#596750 0" 0# 0(
#596875 1&
#597125 0*
#598125 1*
#598250 1)
#598625 1! 1" 1# 1$ 1(
#599375 0)
#600500 10
#601125 1)
#601375 0! 0$ 0& 0' 0(
#602125 0-
#602250 0)
#602375 0" 0%
#602500 1$ 1& 1' 1(
#602750 0*
#603750 1*
#604375 1!
#604625 0*
#605625 1*
#606125 0!
#606250 1"
#606500 0*
#607500 1*
#608125 1!
#608375 0*
#609375 1*
#610500 1) 1-
#610750 0! 0$ 1% 0&
#611625 0)
#611750 0" 0(
#611875 1&
#612000 0*
#613125 1*
#613250 1)
#613625 1! 1" 1$ 1(
#614375 0)
#616125 1)
#616375 0! 0$ 0& 0' 0(
#617125 0) 0-
#617375 0" 0#
#617500 1& 1' 1(
#617625 0*
#618750 1*
#619375 1!
#619500 0*
#620500 1*
#621125 0!
#621250 1"
#621375 0*
#622375 1*
#623000 1!
#623250 0*
#624250 1*
#625500 1) 1-
#625750 0! 1# 0&
#626500 0)
#626750 0" 0# 0(
#626875 1$ 1&
#627000 0*
#628000 1*
#628250 1)
#628500 0%
#628625 1" 1# 1( 0,
#629375 0)
#629625 0" 0# 0$ 0& 0' 0(
#629875 0+
#630875 1+
#631125 1)
#631375 1" 1# 1%
#631500 1,
#632125 0) 0-
#632375 0" 1' 1(
#632500 1&
#632625 0*
#633625 1*
#634250 1!
#634500 0*
#635500 1*
#636125 0!
#636250 1"
#636375 0*
#637375 1*
#638000 1!
#638250 0*
#639250 1*
#640500 1) 1-
#640625 0!
#640750 0&
#641500 0)
#641750 0" 1$ 1& 0(
#642000 0*
#643000 1*
#643250 1)
#643500 0$ 0% 0&
#644375 0)
#644625 1! 1" 1$ 1% 1&
#644875 0*
#645875 1*
#646000 1)
#646250 0&
#646375 0! 0$ 0'
#647125 0) 0-
#647375 0" 0# 1& 1' 1(
#647500 1$
#647625 0*
#648625 1*
#649250 1!
#649500 0*
#650500 1*
#651125 0! 1"
#651375 0*
#652375 1*
#653000 1!
#653250 0*
#654250 1*
#655375 1)
#655500 1-
#655750 1#
#656500 0)
#657000 0+
#658000 1+
#658250 1)
#658500 0! 0%
#658625 0,
#659375 0)
#659500 0# 0$ 0& 0' 0(
#659625 1! 0"
#659875 0+
#660875 1+
#661000 1)
#661250 0!
#661375 1" 1# 1%
#661500 1,
#662125 0) 0-
#662375 0" 1$ 1& 1' 1(
#662625 0*
#663625 1*
#664250 1!
#664500 0*
#665500 1*
#666125 0! 1"
#666375 0*
#667375 1*
#668000 1!
#668250 0*
#669250 1*
#670375 1)
#670500 1-
#670625 0! 0$ 0&
#671500 0)
#671750 0" 0# 1$ 0% 0(
#672000 0*
#673000 1*
#673625 1!
#673875 0*
#674875 1*
#675500 0! 1"
#675750 0*
#676500 1)
#676750 0$ 1*
#676875 1# 1% 1(
#677375 00
#677625 0)
#677750 0% 0(
#677875 0" 1$
#678125 0*
#679125 1*
#679750 1!
#680000 0*
#681000 1*
#681500 0!
#681625 1"
#681875 0*
#682625 1)
#682875 1! 1( 1*
#683000 1% 1&
#683750 0)
#684375 10
#685375 1)
#685625 0! 0# 0&
#686500 0)
#686750 1! 0" 1# 0% 0(
#687000 0*
#688000 1*
#688625 1%
#688875 0*
#689875 1*
#690125 1)
#690375 0$ 1(
#691250 0)
#691375 0% 0' 0(
#691500 1$ 1&
#691750 0*
#692750 1*
#692875 1)
#693125 0! 0# 0&
#693250 1" 1% 1' 1(
#694000 0)
#694250 1! 0" 1# 0% 1& 0(
#694500 0*
#695500 1*
#696125 1%
#696375 0*
#697375 1*
#697625 1)
#697875 0$ 0& 1(
#698750 0)
#698875 0' 0(
#699000 1$ 1&
#699250 0*
#700250 1*
#700375 1)
#700625 0! 0$ 0&
#700750 1" 1' 1(
#701500 0)
#701750 0" 0# 0% 0' 0(
#702000 0*
#703000 1*
#703625 1!
#703875 0*
#704875 1*
#705500 0! 1"
#705750 0*
#706500 1)
#706750 1*
#706875 1# 1% 1' 1(
#707625 0)
#707750 0# 0' 0(
#707875 0" 0%
#708125 0*
#709125 1*
#709750 1!
#710000 0*
#711000 1*
#711500 0!
#711625 1"
#711875 0*
#713125 1)
#713375 1*
#713875 1# 1$ 1& 1' 1(
#714000 0,
#714625 0)
#714875 0" 0# 0$ 0& 0'
#715125 0+
#716125 1+
#716875 1)
#717125 1$ 1% 1'
#717250 1,
#717875 0)
#718625 1! 1# 0% 0' 0(
#718875 0*
#719875 1*
#720500 1%
#720750 0*
#721750 1*
#722000 1)
#722250 0! 0$ 1' 1(
#723125 0)
#723250 0% 0' 0(
#723375 1! 1$
#723625 0*
#724625 1*
#724750 1)
#725000 0! 0#
#725125 1% 1' 1(
#725875 0)
#726125 1! 1# 0% 0' 0(
#726375 0*
#727375 1*
#728000 1%
#728250 0*
#729250 1*
#729500 1)
#729750 0! 0$ 1' 1(
#730625 0)
#730750 0% 0' 0(
#730875 1! 1$
#731125 0*
#732125 1*
#732250 1)
#732500 0! 0$
#732625 1" 1% 1' 1(
#733375 0)
#733625 0" 0# 0% 0' 0(
#733875 0*
#734875 1*
#735500 1!
#735750 0*
#736750 1*
#737375 0! 1"
#737625 0*
#738375 1)
#738625 1*
#738750 1# 1% 1' 1(
#739500 0)
#739750 0" 0# 0% 0' 0(
#740000 0*
#741000 1*
#741625 1!
#741875 0*
#742875 1*
#743375 0!
#743500 1"
#743750 0*
#744500 1)
#744750 1*
#744875 1# 1$ 1& 1' 1( 0,
#745625 0)
#745750 0# 0$ 0& 0'
#745875 1! 0"
#746125 0+
#747125 1+
#747250 1)
#747500 0!
#747625 1$ 1% 1'
#747750 1,
#748375 0)
#748625 1! 1# 0% 0' 0(
#748875 0*
#749875 1*
#750500 1%
#750750 0*
#751750 1*
#752000 1)
#752250 0! 0$
#752375 1' 1(
#753125 0)
#753250 0' 0(
#753375 1! 1$ 0%
#753625 0*
#754625 1*
#754875 1)
#755000 0!
#755125 0# 1% 1' 1(
#755875 0)
#756125 1! 0% 0' 0(
#756250 1#
#756375 0*
#757375 1*
#758125 1%
#758250 0*
#759250 1*
#759500 1)
#759750 0! 0$
#759875 1' 1(
#760625 0)
#760750 0' 0(
#760875 1! 1$ 0%
#761125 0*
#761250 00
#762125 1*
#762375 1)
#762500 0!
#762625 1" 0$ 1% 1' 1(
#763375 0)
#763625 0" 0# 0% 0' 0(
#763875 0*
#764875 1*
#765625 1!
#765750 0*
#766750 1*
#767375 0!
#767500 1"
#767625 0*
#768125 10
#768375 1)
#768625 1*
#768750 1# 1% 1' 1(
#769500 0)
#769750 0" 0# 0% 0' 0(
#770000 0*
#771000 1*
#771625 1!
#771875 0*
#772875 1*
#773500 0! 1"
#773750 0*
#774500 1)
#774750 1*
#774875 1! 1# 1$ 1% 1& 1' 1(
#775625 0)
#777375 1)
#777625 0! 0" 0# 0&
#778500 0)
#778625 0% 0' 0(
#778750 1! 1#
#778875 0*
#780000 1*
#780625 1%
#780875 0*
#781875 1*
#782000 1)
#782250 0! 0$
#782375 1' 1(
#783125 0)
#783375 1! 1$ 0% 0' 0(
#783625 0*
#784625 1*
#784875 1)
#785125 0! 0# 1% 1' 1(
#786000 0)
#786125 0% 0' 0(
#786250 1! 1#
#786500 0*
#787500 1*
#788125 1%
#788375 0*
#789375 1*
#789500 1)
#789750 0! 0$
#789875 1' 1(
#790625 0)
#790875 1! 1$ 0% 0' 0(
#791125 0*
#792125 1*
#792375 1)
#807750 1" 1& 1' 1( 0,
#808500 0)
#808750 0! 0" 0# 0$ 0& 0' 0(
#809000 0+
#810000 1+
#810250 1)
#811500 1! 1" 1# 1$ 1% 1& 1' 1( 1,
#812250 0)
#814000 1)
#817000 0! 0$ 0&
#817875 0)
#818125 0" 0# 0% 0' 0(
#818375 0*
#819375 1*
#819625 1)
#819875 1' 1(
#820000 1! 1" 1# 1$ 1% 1&
#820750 0)
#822375 1)
#823500 0)
#824000 0+
#825000 1+
#825875 0+
#826875 1+
#827750 0+
#828750 1+
#829625 0+
#830625 1+
#831750 1)
#832000 0!
#832125 0$ 0&
#832875 0)
#833125 0" 0% 0' 0(
#833375 0*
#834375 1*
#834625 1)
#835000 1! 1" 1$ 1& 1' 1( 0,
#835750 0)
#835875 0" 0$ 0& 0' 0(
#836000 0#
#836250 0+
#837250 1+
#837375 1)
#837750 1" 1# 1%
#837875 1,
#838500 0) 0-
#838750 0! 0" 0# 0%
#839000 0*
#840000 1*
#840625 1!
#840875 0*
#841875 1*
#842500 0!
#842625 1"
#842750 0*
#843750 1*
#844375 1!
#844625 0*
#845000 00
#845625 1*
#846875 1) 1-
#847000 0!
#847125 1# 1% 1' 1(
#847875 0)
#848125 0" 0# 0% 0' 0(
#848250 1$
#848375 0*
#849375 1*
#849625 1)
#850000 1! 1" 1# 1% 1& 1' 1(
#850750 0)
#852000 10
#852500 1)
#852750 0$ 0& 0' 0(
#853500 0) 0-
#853750 0! 0" 0%
#854000 0*
#855000 1*
#855625 1!
#855875 0*
#857000 1*
#857500 0!
#857625 1"
#857750 0*
#858875 1*
#859375 1!
#859625 0*
#860750 1*
#861875 1) 1-
#862125 0! 1% 1' 1(
#863000 0)
#863125 0" 0% 0' 0(
#863250 1$
#863375 0*
#864500 1*
#864625 1)
#864875 0$
#865000 1! 1'
#865750 0)
#866000 1" 1$ 1% 1&
#866250 0+
#867250 1+
#867500 1)
#867750 0$ 0& 0'
#868500 0-
#868625 0)
#868750 0! 0" 0# 0%
#868875 1$
#869125 0*
#870125 1*
#870750 1!
#871000 0*
#872000 1*
#872500 0!
#872625 1"
#872875 0*
#873875 1*
#874500 1!
#874750 0*
#875750 1*
#876875 1) 1-
#877125 0! 0$ 1' 1(
#877250 1# 1%
#878000 0)
#878125 0" 0# 0' 0(
#878500 0*
#879500 1*
#879625 1)
#880000 1! 1" 1# 1$ 1& 1' 1(
#880750 0)
#882500 1)
#882750 0$ 0& 0' 0(
#883500 0-
#883625 0)
#883750 0! 0" 0%
#883875 1$
#884125 0*
#885125 1*
#885750 1!
#886000 0*
#887000 1*
#887500 0!
#887625 1"
#887875 0*
#888875 1*
#889500 1!
#889750 0*
#890750 1*
#891875 1) 1-
#892125 0! 0$ 1(
#892250 1% 1'
#893000 0)
#893125 0" 0' 0(
#893500 0*
#894500 1*
#894625 1)
#894875 0%
#895000 1! 1" 1$ 1& 1' 1(
#895125 0,
#895750 0)
#896000 0! 0" 0# 0$ 0& 0'
#896250 0+
#897250 1+
#897500 1)
#897750 1! 0(
#897875 1" 1# 1% 1,
#898625 0) 0-
#898750 0! 0" 0#
#899125 0*
#900125 1*
#900750 1!
#901000 0*
#902000 1*
#902500 0!
#902625 1"
#902875 0*
#903875 1*
#904500 1!
#904750 0*
#905750 1*
#906875 1) 1-
#907125 0!
#907250 1# 1' 1(
#908000 0)
#908125 0# 0' 0(
#908250 0" 1$
#908500 0*
#909500 1*
#909750 1)
#910000 1! 1" 1# 1& 1' 1(
#910750 0)
#912500 1)
#912750 0$ 0& 0' 0(
#913625 0) 0-
#913750 0! 0"
#914125 0*
#915125 1*
#915750 1!
#916000 0*
#917000 1*
#917500 0!
#917625 1"
#917875 0*
#918875 1*
#919500 1!
#919750 0*
#920750 1*
#921875 1) 1-
#922125 0!
#922250 1' 1(
#923000 0)
#923125 0' 0(
#923250 0" 1$
#923500 0*
#924500 1*
#924750 1)
#925000 1" 0$ 0% 1'
#925750 0)
#926125 1! 1$ 1% 1&
#926250 0*
#927250 1*
#927500 1)
#927750 0$ 0& 0'
#928625 0) 0-
#928750 0! 0"
#928875 0# 1$ 00
#929125 0*
#930125 1*
#930750 1!
#931000 0*
#932000 1*
#932500 0!
#932625 1"
#932875 0*
#933875 1*
#934500 1!
#934750 0*
#935750 1*
#935875 10
#936875 1) 1-
#937125 0! 0$
#937250 1# 1' 1(
#938000 0)
#938125 0(
#938250 0" 0# 0% 1& 0'
#938500 0*
#939500 1*
#939750 1)
#940000 1! 1" 1# 1$ 1' 1(
#940125 0,
#940750 0)
#941000 0" 0# 0$ 0& 0'
#941250 0+
#942375 1+
#942500 1)
#942750 0(
#942875 1" 1# 1% 1,
#943625 0) 0-
#943750 0! 0"
#943875 1$
#944125 0*
#945125 1*
#945750 1!
#946000 0*
#947000 1*
#947500 0!
#947625 1"
#947875 0*
#948875 1*
#949500 1!
#949750 0*
#950750 1*
#951875 1) 1-
#952125 0! 0$
#952250 1' 1(
#953000 0)
#953125 0' 0(
#953250 0" 0% 1&
#953500 0*
#954500 1*
#954750 1)
#955000 1! 1" 1$ 1% 1' 1(
#955750 0)
#957500 1)
#957750 0$ 0& 0' 0(
#958625 0) 0-
#958750 0! 0"
#958875 0# 0% 1&
#959125 0*
#960125 1*
#960750 1!
#961000 0*
#962000 1*
#962500 0!
#962625 1"
#962875 0*
#963875 1*
#964500 1!
#964750 0*
#965750 1*
#966875 1) 1-
#967125 0! 0&
#967250 1# 1% 1' 1(
#968000 0)
#968125 0# 0' 0(
#968250 0" 1$ 0% 1&
#968500 0*
#969500 1*
#969750 1)
#970000 1! 1" 1# 1% 1' 1(
#970750 0)
#972500 1)
#972750 0$ 0& 0' 0(
#973625 0) 0-
#973750 0! 0" 0%
#973875 1&
#974125 0*
#975125 1*
#975750 1!
#976000 0*
#977000 1*
#977500 0!
#977625 1"
#977875 0*
#978875 1*
#979500 1!
#979750 0*
#980750 1*
#981875 1) 1-
#982125 0! 0& 1' 1(
#982250 1%
#983000 0)
#983125 0" 0% 0' 0(
#983250 1$ 1&
#983500 0*
#984500 1*
#984625 1)
#984875 0$ 0&
#985000 1! 1" 1'
#985750 0)
#986000 1$ 1% 1&
#986250 0+
#987250 1+
#987500 1)
#987750 0$ 0& 0'
#988500 0-
#988625 0)
#988750 0! 0" 0# 0%
#988875 1$ 1&
#989125 0*
#990125 1*
#990750 1!
#991000 0*
#992000 1*
#992500 0!
#992625 1"
#992875 0*
#993875 1*
#994500 1!
#994750 0*
#995750 1*
#996875 1) 1-
#997125 0! 0$ 0& 1' 1(
#997250 1# 1%
#998000 0)
#998125 0" 0# 0' 0(
#998250 1&
#998500 0*
#999500 1*
#999625 1)
#1000000 1' 1(
#1000125 0,
#1000750 0)
#1001000 0% 0& 0' 0(
#1001250 0+
#1002250 1+
#1002500 1)
#1002750 1! 1"
#1002875 1# 1% 1,
#1003625 0) 0-
#1003750 0! 0" 0%
#1003875 1$ 1&
#1004125 0*
#1005125 1*
#1005750 1!
#1006000 0*
#1007000 1*
#1007500 0!
#1007625 1"
#1007875 0*
#1008875 1*
#1009500 1!
#1009750 0*
#1010750 1*
#1011875 1) 1-
#1012125 0! 0$ 1% 0& 1' 1(
#1012750 00
#1013000 0)
#1013125 0" 0' 0(
#1013250 1&
#1013375 0*
#1014500 1*
#1014625 1)
#1015000 1! 1" 1$ 1' 1(
#1015750 0)
#1017500 1)
#1017750 0$ 0& 0' 0(
#1018500 0) 0-
#1018750 0! 0" 0#
#1018875 1&
#1019000 0*
#1019750 10
#1020125 1*
#1020750 1!
#1020875 0*
#1022000 1*
#1022500 0!
#1022625 1"
#1022750 0*
#1023875 1*
#1024375 1!
#1024625 0*
#1025750 1*
#1026875 1) 1-
#1027125 0! 1# 0& 1' 1(
#1027875 0)
#1028125 0" 0# 0' 0(
#1028250 1$ 1&
#1028375 0*
#1029375 1*
#1029625 1)
#1029875 0$
#1030000 1' 1( 0,
#1030750 0)
#1031000 1! 0% 0& 0' 0(
#1031250 0+
#1032250 1+
#1032500 1)
#1032750 1" 1# 1%
#1032875 1,
#1033500 0) 0-
#1033750 0! 0"
#1033875 1&
#1034000 0*
#1035000 1*
#1035625 1!
#1035875 0*
#1036875 1*
#1037500 0!
#1037625 1"
#1037750 0*
#1038750 1*
#1039375 1!
#1039625 0*
#1040625 1*
#1041875 1) 1-
#1042000 0!
#1042125 0& 1' 1(
#1042875 0)
#1043125 0" 1& 0' 0(
#1043250 1$
#1043375 0*
#1044375 1*
#1044625 1)
#1044875 0# 0% 0&
#1045000 1'
#1045750 0)
#1046000 1! 1" 1# 1% 1&
#1046250 0*
#1047250 1*
#1047375 1)
#1047625 0&
#1047750 0$ 0'
#1048500 0) 0-
#1048750 0! 0" 0# 1&
#1048875 1$
#1049000 0*
#1050000 1*
#1050625 1!
#1050875 0*
#1051875 1*
#1052500 0! 1"
#1052750 0*
#1053750 1*
#1054375 1!
#1054625 0*
#1055625 1*
#1056750 1)
#1056875 1-
#1057000 0!
#1057125 1# 0$ 0& 1' 1(
#1057875 0)
#1058125 0" 0# 0% 0(
#1058375 0*
#1059375 1*
#1059625 1)
#1060000 1! 1" 1# 1$ 1% 1& 1(
#1060750 0)
#1062375 1)
#1062625 0&
#1062750 0$ 0' 0(
#1063500 0) 0-
#1063750 0! 0" 1$ 1&
#1064000 0*
#1065000 1*
#1065625 1!
#1065875 0*
#1066875 1*
#1067500 0! 1"
#1067750 0*
#1068750 1*
#1069375 1!
#1069625 0*
#1070625 1*
#1071750 1)
#1071875 1-
#1072000 0! 0$ 0&
#1072125 1' 1(
#1072875 0)
#1073125 0" 0% 0(
#1073375 0*
#1074375 1*
#1074625 1)
#1074875 1(
#1075000 1! 1" 1$ 1% 1&
#1075750 0)
#1077375 1)
#1077625 0$ 0& 0' 0(
#1078500 0) 0-
#1078750 0! 0" 0# 0% 1'
#1079000 0*
#1080000 1*
#1080625 1!
#1080875 0*
#1081875 1*
#1082500 0! 1"
#1082750 0*
#1083750 1*
#1084375 1!
#1084625 0*
#1085625 1*
#1086750 1)
#1086875 1-
#1087000 0!
#1087125 1# 1% 1(
#1087875 0)
#1088125 0" 0# 1$ 0% 0(
#1088375 0*
#1089375 1*
#1089625 1)
#1089875 0$ 1% 1& 1(
#1090000 0,
#1090750 0)
#1090875 0% 0& 0'
#1091250 0+
#1092250 1+
#1092375 1)
#1092625 0(
#1092750 1! 1" 1# 1% 1,
#1093500 0) 0-
#1093625 0!
#1093750 0" 0% 1'
#1094000 0*
#1095000 1*
#1095625 1!
#1095875 0*
#1096625 00
#1096875 1*
#1097375 0!
#1097500 1"
#1097750 0*
#1098750 1*
#1099375 1!
#1099625 0*
#1100625 1*
#1101750 1)
#1101875 1-
#1102000 0!
#1102125 1% 1(
#1102875 0)
#1103000 0(
#1103125 0" 1$ 0%
#1103375 0*
#1103500 10
#1104375 1*
#1104625 1)
#1104875 1! 0#
#1105625 0)
#1106000 1" 1# 1% 1&
#1106250 0+
#1107250 1+
#1107375 1)
#1107625 0$ 0& 0'
#1108500 0) 0-
#1108750 0! 0" 0# 1$ 0% 1'
#1109000 0*
#1110000 1*
#1110625 1!
#1110875 0*
#1111875 1*
#1112375 0!
#1112500 1"
#1112750 0*
#1113750 1*
#1114375 1!
#1114625 0*
#1115625 1*
#1116750 1)
#1116875 1-
#1117000 0! 0$
#1117125 1# 1% 1(
#1117875 0)
#1118000 0# 0(
#1118125 0"
#1118375 0*
#1119375 1*
#1119625 1)
#1119875 1& 1(
#1120000 0,
#1120625 0)
#1120875 0% 0& 0'
#1121000 1!
#1121125 0+
#1122250 1+
#1122375 1)
#1122625 0(
#1122750 1" 1# 1% 1,
#1123500 0) 0-
#1123625 0! 0"
#1123750 1$ 0% 1'
#1124000 0*
#1125000 1*
#1125625 1!
#1125875 0*
#1126875 1*
#1127375 0!
#1127500 1"
#1127750 0*
#1128750 1*
#1129375 1!
#1129625 0*
#1130625 1*
#1131750 1)
#1131875 1-
#1132000 0! 0$
#1132125 1% 1(
#1132875 0)
#1133000 0(
#1133125 0"
#1133375 0*
#1134375 1*
#1134625 1)
#1134875 1! 1" 1$ 1& 1(
#1135625 0)
#1137375 1)
#1137625 0$ 0& 0' 0(
#1138500 0) 0-
#1138625 0! 0"
#1138750 0# 1'
#1139000 0*
#1140000 1*
#1140625 1!
#1140875 0*
#1141875 1*
#1142375 0!
#1142500 1"
#1142750 0*
#1143750 1*
#1144375 1!
#1144625 0*
#1145625 1*
#1146750 1)
#1146875 1-
#1147000 0!
#1147125 1# 1(
#1147875 0)
#1148000 0(
#1148125 0" 0# 1$
#1148375 0*
#1149375 1*
#1149625 1)
#1149875 1! 1" 1# 1& 1(
#1150625 0)
#1152375 1)
#1152625 0$ 0& 0' 0(
#1153500 0) 0-
#1153625 0!
#1153750 0" 1'
#1154000 0*
#1155000 1*
#1155625 1!
#1155875 0*
#1156875 1*
#1157375 0!
#1157500 1"
#1157750 0*
#1158750 1*
#1159375 1!
#1159625 0*
#1160625 1*
#1161750 1)
#1161875 1-
#1162000 0!
#1162125 1(
#1162875 0)
#1163000 0(
#1163125 0" 1$
#1163375 0*
#1164375 1*
#1164625 1)
#1164875 1" 0# 0%
#1165625 0)
#1166000 1! 1# 1% 1&
#1166250 0*
#1167250 1*
#1167375 1)
#1167625 0$ 0& 0'
#1168500 0) 0-
#1168625 0!
#1168750 0" 0# 1$ 1'
#1169000 0*
#1170000 1*
#1170625 1!
#1170875 0*
#1171875 1*
#1172375 0!
#1172500 1"
#1172750 0*
#1173750 1*
#1174375 1!
#1174625 0*
#1175625 1*
#1176750 1)
#1176875 1-
#1177000 0! 0$
#1177125 1# 1(
#1177875 0)
#1178125 0" 0# 0% 1& 0(
#1178375 0*
#1179375 1*
#1179625 1)
#1179875 1! 1(
#1180000 1% 0,
#1180500 00
#1180750 0)
#1180875 0! 0% 0& 0' 0(
#1181250 0+
#1182250 1+
#1182375 1)
#1182750 1! 1" 1# 1%
#1182875 1,
#1183500 0) 0-
#1183750 0! 0" 1$ 1'
#1184000 0*
#1185000 1*
#1185625 1!
#1185875 0*
#1186875 1*
#1187375 10
#1187500 0! 1"
#1187750 0*
#1188750 1*
#1189375 1!
#1189625 0*
#1190625 1*
#1191750 1)
#1191875 1-
#1192000 0!
#1192125 0$ 1(
#1192875 0)
#1193125 0" 0% 1& 0(
#1193375 0*
#1194375 1*
#1194625 1)
#1195000 1! 1" 1$ 1% 1(
#1195750 0)
#1197375 1)
#1197750 0$ 0& 0' 0(
#1198500 0) 0-
#1198750 0! 0" 0# 0% 1& 1'
#1199000 0*
#1200000 1*
#1200625 1!
#1200875 0*
#1201875 1*
#1202500 0! 1"
#1202750 0*
#1203750 1*
#1204375 1!
#1204625 0*
#1205625 1*
#1206875 1) 1-
#1207000 0!
#1207125 1# 1% 0& 1(
#1207875 0)
#1208125 0" 0# 0% 1& 0(
#1208250 1$
#1208375 0*
#1209375 1*
#1209625 1)
#1209875 0$
#1210000 1! 1% 1( 0,
#1210750 0)
#1210875 0(
#1211000 0% 0& 0'
#1211250 0+
#1212250 1+
#1212500 1)
#1212750 1" 1# 1%
#1212875 1,
#1213500 0) 0-
#1213750 0! 0" 0% 1'
#1213875 1&
#1214000 0*
#1215000 1*
#1215625 1!
#1215875 0*
#1216875 1*
#1217500 0!
#1217625 1"
#1217750 0*
#1218750 1*
#1219375 1!
#1219625 0*
#1220750 1*
#1221875 1) 1-
#1222125 0! 1% 0& 1(
#1222875 0)
#1223125 0" 0% 0(
#1223250 1$ 1&
#1223375 0*
#1224500 1*
#1224625 1)
#1224875 0# 0&
#1225000 1! 1"
#1225750 0)
#1226000 1# 1% 1&
#1226250 0+
#1227250 1+
#1227500 1)
#1227750 0$ 0& 0'
#1228500 0-
#1228625 0)
#1228750 0! 0" 0# 0%
#1228875 1$ 1& 1'
#1229000 0*
#1230125 1*
#1230750 1!
#1230875 0*
#1232000 1*
#1232500 0!
#1232625 1"
#1232875 0*
#1233875 1*
#1234500 1!
#1234750 0*
#1235750 1*
#1236875 1) 1-
#1237125 0! 0$ 0& 1(
#1237250 1# 1%
#1238000 0)
#1238125 0" 0# 0(
#1238250 1&
#1238500 0*
#1239500 1*
#1239625 1)
#1240000 1! 1" 1# 1$ 1(
#1240750 0)
#1242500 1)
#1242750 0$ 0& 0' 0(
#1243500 0-
#1243625 0)
#1243750 0! 0" 0%
#1243875 1$ 1& 1'
#1244125 0*
#1245125 1*
#1245750 1!
#1246000 0*
#1247000 1*
#1247500 0!
#1247625 1"
#1247875 0*
#1248875 1*
#1249500 1!
#1249750 0*
#1250750 1*
#1251875 1) 1-
#1252125 0! 0$ 0& 1(
#1252250 1%
#1253000 0)
#1253125 0" 0(
#1253250 1&
#1253500 0*
#1254500 1*
#1254625 1)
#1255000 1! 1" 1$ 1(
#1255750 0)
#1257500 1)
#1257750 0$ 0& 0' 0(
#1258625 0) 0-
#1258750 0! 0" 0#
#1258875 1& 1'
#1259125 0*
#1260125 1*
#1260750 1!
#1261000 0*
#1262000 1*
#1262500 0!
#1262625 1"
#1262875 0*
#1263875 1*
#1264250 00
#1264500 1!
#1264750 0*
#1265750 1*
#1266875 1)
#1267000 1-
#1267125 0! 0&
#1267250 1# 1(
#1268000 0)
#1268125 0(
#1268250 0" 0# 1$ 1&
#1268500 0*
#1269500 1*
#1269750 1)
#1270000 1! 0$ 1(
#1270125 0,
#1270875 0)
#1271000 0! 0% 0& 0'
#1271250 10
#1271375 0+
#1272375 1+
#1272500 1)
#1272750 0(
#1272875 1! 1" 1# 1% 1,
#1273625 0) 0-
#1273750 0!
#1273875 0" 1& 1'
#1274125 0*
#1275125 1*
#1275750 1!
#1276000 0*
#1277000 1*
#1277500 0!
#1277625 1"
#1277875 0*
#1278875 1*
#1279500 1!
#1279750 0*
#1280750 1*
#1281875 1)
#1282000 1-
#1282125 0! 0&
#1282250 1(
#1283000 0)
#1283250 0" 1$ 1& 0(
#1283500 0*
#1284500 1*
#1284750 1)
#1285000 0% 0&
#1285875 0)
#1286125 1! 1" 1% 1&
#1286375 0*
#1287375 1*
#1287500 1)
#1287750 0&
#1287875 0$ 0'
#1288625 0) 0-
#1288875 0! 0" 0# 1$ 1& 1'
#1289125 0*
#1290125 1*
#1290750 1!
#1291000 0*
#1292000 1*
#1292625 0! 1"
#1292875 0*
#1293875 1*
#1294500 1!
#1294750 0*
#1295750 1*
#1296875 1)
#1297000 1-
#1297250 1# 1(
#1298000 0)
#1298500 0+
#1299500 1+
#1299750 1)
#1300000 0" 0# 0$
#1300125 0,
#1300875 0)
#1301000 0& 0'
#1301125 0%
#1301375 0+
#1302375 1+
#1302500 1)
#1302875 1" 1# 1% 0(
#1303000 1,
#1303625 0) 0-
#1303875 0! 0" 1& 1'
#1304000 1$
#1304125 0*
#1305125 1*
#1305750 1!
#1306000 0*
#1307000 1*
#1307625 0!
#1307750 1"
#1307875 0*
#1308875 1*
#1309500 1!
#1309750 0*
#1310750 1*
#1312000 1) 1-
#1312250 0! 0$ 0& 1(
#1313000 0)
#1313250 0" 0# 0% 0(
#1313375 1$
#1313500 0*
#1314500 1*
#1315250 1!
#1315375 0*
#1316500 1*
#1317000 0!
#1317125 1"
#1317250 0*
#1318000 1)
#1318250 0$ 1*
#1318375 1# 1% 1(
#1319125 0)
#1319375 0" 1$ 0% 0(
#1319625 0*
#1320625 1*
#1321250 1!
#1321500 0*
#1322500 1*
#1323125 0! 1"
#1323375 0*
#1324125 1)
#1324375 1*
#1324500 1! 1% 1& 1(
#1325250 0)
#1327000 1)
#1327250 0! 0# 0&
#1328125 0)
#1328250 0% 0(
#1328375 1#
#1328500 0*
#1329625 1*
#1330250 1%
#1330500 0*
#1331500 1*
#1331625 1)
#1331875 0" 0$
#1332000 1! 1(
#1332750 0)
#1333000 0! 1" 1$ 0% 1& 0' 0(
#1333250 0*
#1334250 1*
#1334500 1)
#1334750 0# 1% 0& 1' 1(
#1335625 0)
#1335750 0% 0(
#1335875 1# 1&
#1336125 0*
#1337125 1*
#1337750 1%
#1338000 0*
#1339000 1*
#1339125 1)
#1339375 0" 0$ 0&
#1339500 1! 1(
#1340250 0)
#1340500 0! 1" 1$ 1& 0' 0(
#1340750 0*
#1341750 1*
#1342000 1)
#1342250 0$ 0& 1' 1(
#1343125 0)
#1343250 0" 0# 0% 0' 0(
#1343625 0*
#1344625 1*
#1345250 1!
#1345500 0*
#1346500 1*
#1347000 0!
#1347125 1"
#1347375 0*
#1348125 1) 00
#1348375 1' 1( 1*
#1348500 1# 1%
#1349125 0)
#1349375 0" 0# 0% 0' 0(
#1349625 0*
#1350625 1*
#1351375 1!
#1351500 0*
#1352500 1*
#1353125 0!
#1353250 1"
#1353375 0*
#1354625 1)
#1354875 1*
#1355125 10
#1355375 1' 1(
#1355500 1% 1& 0,
#1356250 0)
#1356375 0" 0% 0& 0' 0(
#1356750 0+
#1357750 1+
#1358375 1)
#1358750 1$ 1% 1' 1( 1,
#1359500 0)
#1360125 0% 0' 0(
#1360250 1" 1#
#1360500 0*
#1361500 1*
#1362125 1%
#1362375 0*
#1363375 1*
#1363500 1)
#1363750 0" 0$
#1363875 1' 1(
#1364625 0)
#1364875 1" 1$ 0% 0' 0(
#1365125 0*
#1366125 1*
#1366375 1)
#1366625 0" 0# 1' 1(
#1366750 1%
#1367500 0)
#1367625 0% 0' 0(
#1367750 1" 1#
#1368000 0*
#1369000 1*
#1369625 1%
#1369875 0*
#1370875 1*
#1371000 1)
#1371250 0" 0$
#1371375 1' 1(
#1372125 0)
#1372375 1" 1$ 0% 0' 0(
#1372625 0*
#1373625 1*
#1373875 1)
#1374125 0$ 1' 1(
#1374250 1%
#1375000 0)
#1375125 0" 0# 0% 0' 0(
#1375500 0*
#1376500 1*
#1377125 1!
#1377375 0*
#1378375 1*
#1378875 0!
#1379000 1"
#1379250 0*
#1380000 1)
#1380250 1' 1( 1*
#1380375 1# 1%
#1381125 0)
#1381250 0" 0# 0% 0' 0(
#1381500 0*
#1382500 1*
#1383250 1!
#1383375 0*
#1384375 1*
#1385000 0!
#1385125 1"
#1385250 0*
#1386000 1)
#1386250 1*
#1386375 1% 1& 1' 1(
#1386500 0,
#1387125 0)
#1387375 1! 0" 0% 0& 0' 0(
#1387625 0+
#1388625 1+
#1388875 1)
#1389125 0! 1' 1(
#1389250 1$ 1% 1,
#1390000 0)
#1390125 0% 0' 0(
#1390250 1" 1#
#1390500 0*
#1391500 1*
#1392125 1%
#1392375 0*
#1393375 1*
#1393500 1)
#1393750 0" 0$
#1393875 1' 1(
#1394625 0)
#1394875 1" 1$ 0% 0' 0(
#1395125 0*
#1396125 1*
#1396375 1)
#1396625 0" 0# 1' 1(
#1396750 1%
#1397500 0)
#1397625 0% 0' 0(
#1397750 1" 1#
#1398000 0*
#1399000 1*
#1399625 1%
#1399875 0*
#1400875 1*
#1401000 1)
#1401250 0" 0$
#1401375 1' 1(
#1402125 0)
#1402375 1" 1$ 0% 0' 0(
#1402625 0*
#1403625 1*
#1403875 1)
#1404125 0$ 1' 1(
#1404250 1%
#1405000 0)
#1405125 0" 0# 0% 0' 0(
#1405500 0*
#1406500 1*
#1407125 1!
#1407375 0*
#1408375 1*
#1408875 0!
#1409000 1"
#1409250 0*
#1410000 1)
#1410250 1' 1( 1*
#1410375 1# 1%
#1411000 0)
#1411250 0" 0# 0% 0' 0(
#1411500 0*
#1412500 1*
#1413125 1!
#1413375 0*
#1414375 1*
#1415000 0!
#1415125 1"
#1415250 0*
#1416000 1)
#1416250 1*
#1416375 1! 1# 1$ 1% 1& 1' 1(
#1417125 0)
#1418875 1)
#1419125 0! 0" 0# 0&
#1420000 0)
#1420125 0% 0' 0(
#1420250 1" 1#
#1420375 0*
#1421500 1*
#1422125 1%
#1422375 0*
#1423375 1*
#1423500 1)
#1423750 0" 0$
#1423875 1' 1(
#1424625 0)
#1424875 1" 1$ 0% 0' 0(
#1425125 0*
#1426125 1*
#1426375 1)
#1426625 0" 0# 1% 1' 1(
#1427500 0)
#1427625 0% 0' 0(
#1427750 1" 1#
#1427875 0*
#1429000 1*
#1429625 1%
#1429750 0*
#1430875 1*
#1431000 1)
#1431250 0" 0$
#1431375 1' 1(
#1432000 00
#1432125 0)
#1432375 1" 1$ 0% 0' 0(
#1432625 0*
#1433625 1*
#1433875 1)
#1439000 10
#1449125 0# 0$ 1% 1& 1' 1(
#1449250 0,
#1449875 0)
#1450125 0" 0% 0& 0'
#1450375 0+
#1451500 1+
#1451625 1)
#1452875 1! 1" 1# 1$ 1% 1& 1'
#1453000 1,
#1453625 0)
#1455375 1)
#1458500 0! 0$ 0&
#1459250 0)
#1459500 0" 0# 0% 0' 0(
#1459750 0*
#1460750 1*
#1461000 1)
#1461375 1! 1" 1# 1$ 1% 1& 1' 1(
#1462125 0)
#1463750 1)
#1464875 0)
#1465375 0+
#1466375 1+
#1467250 0+
#1468250 1+
#1469125 0+
#1470125 1+
#1471000 0+
#1472000 1+
#1473125 1)
#1473375 0!
#1473500 0$ 0&
#1474250 0)
#1474500 0" 0% 0' 0(
#1474750 0*
#1475750 1*
#1476000 1)
#1476250 0# 1' 1(
#1476375 1" 1% 1& 0,
#1477125 0)
#1477250 0" 0% 0& 0'
#1477375 1!
#1477625 0+
#1478625 1+
#1478750 1)
#1479000 0(
#1479125 1" 1# 1%
#1479250 1,
#1479875 0) 0-
#1480125 0! 0" 0# 0% 1(
#1480375 0*
#1481375 1*
#1482000 1!
#1482250 0*
#1483250 1*
#1483875 0! 1"
#1484125 0*
#1485125 1*
#1485750 1!
#1486000 0*
#1487000 1*
#1488125 1)
#1488250 1-
#1488375 0!
#1488500 1# 1% 1'
#1489250 0)
#1489500 0" 0# 1$ 0% 0' 0(
#1489750 0*
#1490750 1*
#1491000 1)
#1491250 1! 1& 1' 1(
#1491375 1" 1# 1%
#1492125 0)
#1493750 1)
#1494000 0$ 0& 0' 0(
#1494875 0) 0-
#1495000 0!
#1495125 0" 0% 1(
#1495375 0*
#1496375 1*
#1497000 1!
#1497250 0*
#1498250 1*
#1498750 0!
#1498875 1"
#1499125 0*
#1500125 1*
#1500750 1!
#1501000 0*
#1502000 1*
#1503125 1) 1-
#1503375 0!
#1503500 1% 1'
#1504250 0)
#1504500 0" 1$ 0% 0' 0(
#1504750 0*
#1505750 1*
#1506000 1)
#1506250 1! 1'
#1507000 0)
#1507375 1" 1% 1&
#1507625 0+
#1508625 1+
#1508750 1)
#1509000 0$ 0& 0'
#1509875 0) 0-
#1510000 0! 0"
#1510125 0# 1$ 0% 1(
#1510375 0*
#1511375 1*
#1512000 1!
#1512250 0*
#1513250 1*
#1513750 0!
#1513875 1"
#1514125 0*
#1515125 1*
#1515750 1!
#1515875 00
#1516000 0*
#1517000 1*
#1518125 1) 1-
#1518375 0! 0$
#1518500 1# 1% 1'
#1519250 0)
#1519375 0# 0'
#1519500 0" 0(
#1519750 0*
#1520750 1*
#1521000 1)
#1521250 1! 1" 1# 1$ 1& 1' 1(
#1522000 0)
#1522750 10
#1523750 1)
#1524000 0$ 0& 0' 0(
#1524875 0) 0-
#1525000 0! 0"
#1525125 1$ 0% 1(
#1525375 0*
#1526375 1*
#1527000 1!
#1527250 0*
#1528250 1*
#1528750 0!
#1528875 1"
#1529125 0*
#1530125 1*
#1530750 1!
#1531000 0*
#1532000 1*
#1533125 1) 1-
#1533375 0! 0$ 1'
#1533500 1%
#1534250 0)
#1534375 0" 0' 0(
#1534750 0*
#1535750 1*
#1535875 1)
#1536125 0#
#1536250 1! 1" 1& 1' 1(
#1536375 0,
#1537000 0)
#1537250 0! 0" 0% 0& 0' 0(
#1537500 0+
#1538500 1+
#1538750 1)
#1539000 1!
#1539125 1" 1# 1% 1,
#1539875 0) 0-
#1540000 0! 0" 0#
#1540125 1(
#1540375 0*
#1541375 1*
#1542000 1!
#1542250 0*
#1543250 1*
#1543750 0!
#1543875 1"
#1544125 0*
#1545125 1*
#1545750 1!
#1546000 0*
#1547000 1*
#1548125 1) 1-
#1548375 0! 1'
#1548500 1#
#1549250 0)
#1549375 0" 0# 0' 0(
#1549500 1$
#1549750 0*
#1550750 1*
#1550875 1)
#1551250 1! 1" 1# 1& 1' 1(
#1552000 0)
#1553750 1)
#1554000 0$ 0& 0' 0(
#1554750 0-
#1554875 0)
#1555000 0! 0"
#1555125 1(
#1555375 0*
#1556375 1*
#1557000 1!
#1557250 0*
#1558250 1*
#1558750 0!
#1558875 1"
#1559125 0*
#1560125 1*
#1560750 1!
#1561000 0*
#1562000 1*
#1563125 1) 1-
#1563375 0! 1'
#1564250 0)
#1564375 0" 0' 0(
#1564500 1$
#1564750 0*
#1565750 1*
#1565875 1)
#1566125 0%
#1566250 1" 1'
#1567000 0)
#1567250 1! 1% 1&
#1567500 0*
#1568500 1*
#1568750 1)
#1569000 0$ 0& 0'
#1569750 0-
#1569875 0)
#1570000 0! 0" 0#
#1570125 1$ 1(
#1570375 0*
#1571375 1*
#1572000 1!
#1572250 0*
#1573250 1*
#1573750 0!
#1573875 1"
#1574125 0*
#1575125 1*
#1575750 1!
#1576000 0*
#1577000 1*
#1578125 1) 1-
#1578375 0! 0$ 1'
#1578500 1#
#1579250 0)
#1579375 0" 0# 0% 0' 0(
#1579500 1&
#1579750 0*
#1580750 1*
#1580875 1)
#1581250 1! 1" 1% 1' 1(
#1581375 0,
#1582000 0)
#1582250 0" 0% 0& 0' 0(
#1582500 0+
#1583500 1+
#1583750 1)
#1584125 1" 1# 1% 1,
#1584875 0) 0-
#1585000 0! 0"
#1585125 1$ 1(
#1585375 0*
#1586375 1*
#1587000 1!
#1587250 0*
#1588250 1*
#1588750 0!
#1588875 1"
#1589125 0*
#1590125 1*
#1590750 1!
#1591000 0*
#1592000 1*
#1593125 1) 1-
#1593375 0! 0$ 1'
#1594250 0)
#1594375 0" 0% 0' 0(
#1594500 1&
#1594750 0*
#1595750 1*
#1595875 1)
#1596250 1! 1" 1$ 1% 1' 1(
#1597000 0)
#1598750 1)
#1599000 0$ 0& 0' 0(
#1599625 00
#1599750 0-
#1599875 0)
#1600000 0! 0" 0# 0%
#1600125 1& 1(
#1600375 0*
#1601375 1*
#1602000 1!
#1602250 0*
#1603250 1*
#1603750 0!
#1603875 1"
#1604125 0*
#1605125 1*
#1605750 1!
#1606000 0*
#1606625 10
#1607000 1*
#1608125 1) 1-
#1608375 0! 0&
#1608500 1# 1% 1'
#1609250 0)
#1609375 0# 0% 0'
#1609500 0" 1$ 1& 0(
#1609750 0*
#1610750 1*
#1611000 1)
#1611250 1! 1" 1# 1% 1' 1(
#1612000 0)
#1613750 1)
#1614000 0$ 0& 0' 0(
#1614875 0) 0-
#1615000 0! 0"
#1615125 0% 1& 1(
#1615375 0*
#1616375 1*
#1617000 1!
#1617250 0*
#1618250 1*
#1618750 0!
#1618875 1"
#1619125 0*
#1620125 1*
#1620750 1!
#1621000 0*
#1622000 1*
#1623125 1)
#1623250 1-
#1623375 0! 0&
#1623500 1% 1'
#1624250 0)
#1624375 0'
#1624500 0" 1$ 0% 1& 0(
#1624750 0*
#1625750 1*
#1626000 1)
#1626250 1! 1" 0& 1'
#1627000 0)
#1627375 1% 1&
#1627625 0+
#1628625 1+
#1628750 1)
#1629000 0$ 0& 0'
#1629875 0) 0-
#1630000 0!
#1630125 0" 0# 1$ 0% 1& 1(
#1630375 0*
#1631375 1*
#1632000 1!
#1632250 0*
#1633250 1*
#1633750 0!
#1633875 1"
#1634125 0*
#1635125 1*
#1635750 1!
#1636000 0*
#1637000 1*
#1638125 1)
#1638250 1-
#1638375 0! 0$ 0&
#1638500 1# 1% 1'
#1639250 0)
#1639500 0" 0# 1& 0' 0(
#1639750 0*
#1640750 1*
#1641000 1)
#1641250 1! 1' 1(
#1641375 1" 0,
#1642125 0)
#1642250 0! 0" 0% 0& 0'
#1642625 0+
#1643625 1+
#1643750 1)
#1644000 0(
#1644125 1! 1" 1# 1%
#1644250 1,
#1644875 0) 0-
#1645125 0! 0" 1$ 0% 1& 1(
#1645375 0*
#1646375 1*
#1647000 1!
#1647250 0*
#1648250 1*
#1648875 0! 1"
#1649125 0*
#1650125 1*
#1650750 1!
#1651000 0*
#1652000 1*
#1653125 1)
#1653250 1-
#1653375 0!
#1653500 0$ 1% 0& 1'
#1654250 0)
#1654500 0" 1& 0' 0(
#1654750 0*
#1655750 1*
#1656000 1)
#1656375 1! 1" 1$ 1' 1(
#1657125 0)
#1658750 1)
#1659125 0$ 0& 0' 0(
#1659875 0) 0-
#1660125 0! 0" 0# 1& 1(
#1660375 0*
#1661375 1*
#1662000 1!
#1662250 0*
#1663250 1*
#1663875 0!
#1664000 1"
#1664125 0*
#1665125 1*
#1665750 1!
#1666000 0*
#1667000 1*
#1668250 1) 1-
#1668375 0!
#1668500 1# 0& 1'
#1669250 0)
#1669500 0" 0# 1& 0' 0(
#1669625 1$
#1669750 0*
#1670750 1*
#1671000 1)
#1671250 0$
#1671375 1! 1" 1' 1( 0,
#1672125 0)
#1672375 0" 0% 0& 0'
#1672625 0+
#1673625 1+
#1673875 1)
#1674125 1" 1# 1% 0(
#1674250 1,
#1674875 0) 0-
#1675125 0! 0"
#1675250 1& 1(
#1675375 0*
#1676500 1*
#1677125 1!
#1677250 0*
#1678375 1*
#1678875 0!
#1679000 1"
#1679125 0*
#1680250 1*
#1680875 1!
#1681000 0*
#1682125 1*
#1683250 1) 1-
#1683500 0! 0& 1' 00
#1684375 0)
#1684500 0" 0' 0(
#1684625 1$ 1&
#1684750 0*
#1685875 1*
#1686000 1)
#1686250 0# 0$ 0&
#1686375 1'
#1687125 0)
#1687375 1! 1" 1# 1$ 1&
#1687625 0*
#1688625 1*
#1688875 1)
#1689125 0$ 0& 0'
#1689875 0-
#1690000 0)
#1690125 0! 0" 0#
#1690250 1$ 1& 1(
#1690500 0* 10
#1691500 1*
#1692125 1!
#1692375 0*
#1693375 1*
#1693875 0!
#1694000 1"
#1694250 0*
#1695250 1*
#1695875 1!
#1696125 0*
#1697125 1*
#1698250 1) 1-
#1698500 0! 0$ 0& 1'
#1698625 1#
#1699375 0)
#1699500 0" 0# 0(
#1699625 0%
#1699875 0*
#1700875 1*
#1701000 1)
#1701375 1! 1" 1# 1$ 1% 1& 1(
#1702125 0)
#1703875 1)
#1704125 0$ 0& 0' 0(
#1705000 0) 0-
#1705125 0! 0"
#1705250 1$ 1& 1(
#1705500 0*
#1706500 1*
#1707125 1!
#1707375 0*
#1708375 1*
#1708875 0!
#1709000 1"
#1709250 0*
#1710250 1*
#1710875 1!
#1711125 0*
#1712125 1*
#1713250 1)
#1713375 1-
#1713500 0! 0$ 0&
#1713625 1'
#1714375 0)
#1714625 0" 0% 0(
#1714875 0*
#1715875 1*
#1716125 1)
#1716375 1! 1" 1$ 1% 1& 1(
#1717250 0)
#1718875 1)
#1719125 0$ 0& 0' 0(
#1720000 0) 0-
#1720250 0! 0" 0# 0% 1' 1(
#1720500 0*
#1721500 1*
#1722125 1!
#1722375 0*
#1723375 1*
#1723875 0!
#1724000 1"
#1724250 0*
#1725250 1*
#1725875 1!
#1726125 0*
#1727125 1*
#1728250 1)
#1728375 1-
#1728500 0!
#1728625 1# 1%
#1729375 0)
#1729625 0" 0# 1$ 0% 0(
#1729875 0*
#1730875 1*
#1731125 1)
#1731375 0$ 1(
#1731500 1# 1% 1& 0,
#1732250 0)
#1732375 0# 0% 0& 0' 0(
#1732750 0+
#1733750 1+
#1733875 1)
#1734250 1! 1" 1# 1%
#1734375 1,
#1735000 0) 0-
#1735250 0! 0" 0% 1' 1(
#1735500 0*
#1736500 1*
#1737125 1!
#1737375 0*
#1738375 1*
#1739000 0! 1"
#1739250 0*
#1740250 1*
#1740875 1!
#1741125 0*
#1742125 1*
#1743250 1)
#1743375 1-
#1743500 0!
#1743625 1%
#1744375 0)
#1744625 0" 1$ 0% 0(
#1744875 0*
#1745875 1*
#1746125 1)
#1746375 0# 0$
#1746500 1! 1%
#1747250 0)
#1747500 1" 1# 1$ 1&
#1747750 0+
#1748750 1+
#1748875 1)
#1749250 0$ 0& 0'
#1750000 0) 0-
#1750250 0! 0" 0# 0% 1' 1(
#1750375 1$
#1750500 0*
#1751500 1*
#1752125 1!
#1752375 0*
#1753375 1*
#1754000 0!
#1754125 1"
#1754250 0*
#1755250 1*
#1755875 1!
#1756125 0*
#1757125 1*
#1758375 1) 1-
#1758500 0!
#1758625 1# 0$ 1%
#1759375 0)
#1759625 0" 0# 0(
#1759875 0*
#1760875 1*
#1761125 1)
#1761500 1# 1& 1( 0,
#1762250 0)
#1762500 1! 0# 0% 0& 0' 0(
#1762750 0+
#1763750 1+
#1764000 1)
#1764250 1" 1# 1%
#1764375 1,
#1765000 0) 0-
#1765250 0! 0" 0% 1(
#1765375 1$ 1'
#1765500 0*
#1766500 1*
#1767125 1!
#1767375 0* 00
#1768375 1*
#1769000 0!
#1769125 1"
#1769250 0*
#1770250 1*
#1770875 1!
#1771125 0*
#1772250 1*
#1773375 1) 1-
#1773625 0! 0$ 1%
#1774375 0) 10
#1774625 0" 0(
#1774875 0*
#1776000 1*
#1776125 1)
#1776500 1! 1" 1$ 1& 1(
#1777250 0)
#1779000 1)
#1779250 0$ 0& 0' 0(
#1780000 0) 0-
#1780250 0! 0" 0# 1(
#1780375 1'
#1780500 0*
#1781625 1*
#1782250 1!
#1782375 0*
#1783500 1*
#1784000 0!
#1784125 1"
#1784250 0*
#1785375 1*
#1786000 1!
#1786125 0*
#1787250 1*
#1788375 1) 1-
#1788625 0! 1#
#1789500 0)
#1789625 0" 0# 0(
#1789750 1$
#1789875 0*
#1791000 1*
#1791125 1)
#1791500 1! 1" 1# 1& 1(
#1792250 0)
#1794000 1)
#1794250 0$ 0& 0' 0(
#1795000 0-
#1795125 0)
#1795250 0! 0"
#1795375 1' 1(
#1795500 0*
#1796625 1*
#1797250 1!
#1797375 0*
#1798500 1*
#1799000 0!
#1799125 1"
#1799250 0*
#1800375 1*
#1801000 1!
#1801125 0*
#1802250 1*
#1803375 1) 1-
#1803625 0!
#1804500 0)
#1804625 0" 0(
#1804750 1$
#1804875 0*
#1806000 1*
#1806125 1)
#1806375 0# 0$
#1806500 1"
#1807250 0)
#1807500 1! 1# 1$ 1&
#1807750 0*
#1808750 1*
#1809000 1)
#1809250 0$ 0& 0'
#1810000 0-
#1810125 0)
#1810250 0! 0" 0#
#1810375 1$ 1' 1(
#1810500 0*
#1811625 1*
#1812250 1!
#1812375 0*
#1813500 1*
#1814000 0!
#1814125 1"
#1814375 0*
#1815375 1*
#1816000 1!
#1816125 0*
#1817250 1*
#1818375 1) 1-
#1818625 0! 1# 0$
#1819500 0)
#1819625 0" 0# 0% 0(
#1819750 1&
#1819875 0*
#1821000 1*
#1821125 1)
#1821500 1# 1% 1( 0,
#1822250 0)
#1822500 0# 0% 0& 0'
#1822750 0+
#1823750 1+
#1824000 1)
#1824250 1! 1" 1# 1% 0(
#1824375 1,
#1825000 0-
#1825125 0)
#1825250 0! 0"
#1825375 1$ 1' 1(
#1825625 0*
#1826625 1*
#1827250 1!
#1827375 0*
#1828500 1*
#1829000 0!
#1829125 1"
#1829250 0*
#1830375 1*
#1830875 1!
#1831125 0*
#1832250 1*
#1833375 1) 1-
#1833625 0! 0$
#1834375 0)
#1834625 0" 0% 0(
#1834750 1&
#1834875 0*
#1836000 1*
#1836125 1)
#1836500 1! 1" 1$ 1% 1(
#1837250 0)
#1839000 1)
#1839250 0$ 0& 0' 0(
#1840000 0) 0-
#1840250 0! 0" 0# 0% 1' 1(
#1840375 1&
#1840500 0*
#1841500 1*
#1842125 1!
#1842375 0*
#1843375 1*
#1844000 0!
#1844125 1"
#1844250 0*
#1845250 1*
#1845875 1!
#1846125 0*
#1847125 1*
#1848375 1) 1-
#1848500 0!
#1848625 1# 1% 0&
#1849375 0)
#1849625 0" 0# 0% 0(
#1849750 1$ 1&
#1849875 0*
#1850875 1*
#1851125 1)
#1851250 00
#1851375 0$
#1851500 1# 1% 1( 0,
#1852250 0)
#1852500 1! 0# 0% 0& 0'
#1852750 0+
#1853750 1+
#1854000 1)
#1854125 0(
#1854250 1" 1# 1%
#1854375 1,
#1855000 0) 0-
#1855250 0! 0" 0% 1' 1(
#1855375 1&
#1855500 0*
#1856500 1*
#1857125 1!
#1857375 0*
#1858250 10
#1858375 1*
#1859000 0! 1"
#1859250 0*
#1860250 1*
#1860875 1!
#1861125 0*
#1862125 1*
#1863250 1)
#1863375 1-
#1863500 0!
#1863625 1% 0&
#1864375 0)
#1864625 0" 1$ 0% 1& 0(
#1864875 0*
#1865875 1*
#1866125 1)
#1866375 1! 0# 0$ 0&
#1866500 1" 1%
#1867250 0)
#1867500 1# 1$ 1&
#1867750 0+
#1868750 1+
#1868875 1)
#1869125 0$ 0&
#1869250 0'
#1870000 0) 0-
#1870250 0! 0" 0# 1$ 0% 1& 1' 1(
#1870500 0*
#1871500 1*
#1872125 1!
#1872375 0*
#1873375 1*
#1874000 0! 1"
#1874250 0*
#1875250 1*
#1875875 1!
#1876125 0*
#1877125 1*
#1878250 1)
#1878375 1-
#1878500 0! 0&
#1878625 1# 0$ 1%
#1879375 0)
#1879625 0" 0# 1& 0(
#1879875 0*
#1880875 1*
#1881125 1)
#1881375 1(
#1881500 1! 1" 1# 1$
#1882250 0)
#1883875 1)
#1884125 0$ 0& 0' 0(
#1885000 0) 0-
#1885250 0! 0" 1$ 0% 1& 1' 1(
#1885500 0*
#1886500 1*
#1887125 1!
#1887375 0*
#1888375 1*
#1888875 0!
#1889000 1"
#1889250 0*
#1890250 1*
#1890875 1!
#1891125 0*
#1892125 1*
#1893250 1)
#1893375 1-
#1893500 0! 0$ 0&
#1893625 1%
#1894375 0)
#1894625 0" 1& 0(
#1894875 0*
#1895875 1*
#1896125 1)
#1896375 1! 1" 1$ 1(
#1897250 0)
#1898875 1)
#1899125 0$ 0& 0' 0(
#1900000 0) 0-
#1900125 0!
#1900250 0" 0# 1& 1' 1(
#1900500 0*
#1901500 1*
#1902125 1!
#1902375 0*
#1903375 1*
#1903875 0!
#1904000 1"
#1904250 0*
#1905250 1*
#1905875 1!
#1906125 0*
#1907125 1*
#1908250 1) 1-
#1908500 0! 0&
#1908625 1#
#1909375 0)
#1909500 0#
#1909625 0" 1$ 1& 0(
#1909875 0*
#1910875 1*
#1911125 1)
#1911250 0$
#1911375 1! 1# 1(
#1911500 0,
#1912125 0)
#1912375 0! 0# 0% 0& 0' 0(
#1912625 0+
#1913750 1+
#1913875 1)
#1914250 1! 1" 1# 1% 1,
#1915000 0) 0-
#1915125 0! 0"
#1915250 1& 1' 1(
#1915500 0*
#1916500 1*
#1917125 1!
#1917375 0*
#1918375 1*
#1918875 0!
#1919000 1"
#1919250 0*
#1920250 1*
#1920875 1!
#1921125 0*
#1922125 1*
#1923250 1) 1-
#1923500 0! 0&
#1924375 0)
#1924500 0" 0(
#1924625 1$ 1&
#1924875 0*
#1925875 1*
#1926000 1)
#1926250 0$ 0&
#1927125 0)
#1927375 1! 1" 1$ 1&
#1927625 0*
#1928625 1*
#1928875 1)
#1929125 0$ 0& 0'
#1929875 0-
#1930000 0)
#1930125 0! 0" 0#
#1930250 1$ 1& 1' 1(
#1930500 0*
#1931500 1*
#1932125 1!
#1932375 0*
#1933375 1*
#1933875 0!
#1934000 1"
#1934250 0*
#1935125 00
#1935250 1*
#1935875 1!
#1936125 0*
#1937125 1*
#1938250 1) 1-
#1938625 1#
#1939375 0)
#1939875 0+
#1940875 1+
#1941000 1)
#1941250 0" 0$
#1941500 0,
#1942000 10
#1942125 0)
#1942375 0# 0% 0& 0' 0(
#1942625 0+
#1943625 1+
#1943875 1)
#1944125 1" 1#
#1944250 1% 1,
#1944875 0-
#1945000 0)
#1945125 0! 0"
#1945250 1$ 1& 1' 1(
#1945500 0*
#1946500 1*
#1947125 1!
#1947375 0*
#1948375 1*
#1948875 0!
#1949000 1"
#1949250 0*
#1950250 1*
#1950875 1!
#1951125 0*
#1952125 1*
#1953250 1) 1-
#1953500 0! 0$ 0&
#1954375 0)
#1954500 0" 0# 0% 0(
#1954625 1$
#1954750 0*
#1955875 1*
#1956500 1!
#1956625 0*
#1957750 1*
#1958250 0!
#1958375 1"
#1958500 0*
#1959375 1)
#1959500 1*
#1959625 0$ 1% 1(
#1959750 1#
#1960375 0)
#1960625 0" 1$ 0% 0(
#1960875 0*
#1961875 1*
#1962500 1!
#1962750 0*
#1963750 1*
#1964375 0! 1"
#1964625 0*
#1965375 1)
#1965625 1*
#1965750 1! 1% 1& 1(
#1966500 0)
#1968250 1)
#1968500 0! 0# 0&
#1969250 0)
#1969500 0% 0(
#1969625 1! 1#
#1969750 0*
#1970875 1*
#1971500 1%
#1971625 0*
#1972750 1*
#1972875 1)
#1973125 0" 0$
#1973250 1(
#1974000 0)
#1974250 1" 1$ 0% 1& 0' 0(
#1974500 0*
#1975500 1*
#1975750 1)
#1976000 0! 0# 1% 0& 1' 1(
#1976750 0)
#1977000 0% 0(
#1977125 1! 1# 1&
#1977250 0*
#1978250 1*
#1979000 1%
#1979125 0*
#1980250 1*
#1980375 1)
#1980625 0" 0$ 0&
#1980750 1(
#1981500 0)
#1981750 1" 1$ 1& 0' 0(
#1982000 0*
#1983000 1*
#1983250 1)
#1983500 0! 0$ 0& 1' 1(
#1984250 0)
#1984500 0" 0# 0% 0' 0(
#1984750 0*
#1985875 1*
#1986500 1!
#1986625 0*
#1987750 1*
#1988250 0!
#1988375 1"
#1988500 0*
#1989250 1)
#1989500 1*
#1989625 1# 1% 1' 1(
#1990375 0)
#1990625 0" 0# 0% 0' 0(
#1990875 0*
#1991875 1*
#1992500 1!
#1992750 0*
#1993750 1*
#1994375 0! 1"
#1994625 0*
#1995875 1)
#1996125 1*
#1996625 1! 0" 1% 1& 1' 1(
#1996750 1# 0,
#1997375 0)
#1997625 0! 0# 0% 0& 0'
#1997875 0+
#1999000 1+
#1999625 1)
#2000000 1$ 1% 1' 1,
#2000750 0)
#2001375 1! 0% 0' 0(
#2001500 1" 1#
#2001625 0*
#2002750 1*
#2003375 1%
#2003500 0*
#2004625 1*
#2004750 1)
#2005000 0! 0" 0$
#2005125 1' 1(
#2005875 0)
#2006000 0(
#2006125 1! 1" 1$ 0% 0'
#2006375 0*
#2007375 1*
#2007625 1)
#2007875 0! 0" 0# 1% 1' 1(
#2008625 0)
#2008875 0% 0' 0(
#2009000 1! 1" 1#
#2009125 0*
#2010250 1*
#2010875 1%
#2011000 0*
#2012125 1*
#2012250 1)
#2012500 0! 0" 0$
#2012625 1' 1(
#2013375 0)
#2013625 1! 1" 1$ 0% 0' 0(
#2013875 0*
#2014875 1*
#2015125 1)
#2015375 0! 0$ 1% 1' 1(
#2016125 0)
#2016375 0" 0# 0% 0' 0(
#2016625 0*
#2017750 1*
#2018375 1!
#2018500 0*
#2018875 00
#2019625 1*
#2020125 0!
#2020250 1"
#2020375 0*
#2021250 1)
#2021375 1*
#2021500 1# 1% 1' 1(
#2022250 0)
#2022500 0" 0# 0% 0' 0(
#2022750 0*
#2023750 1*
#2024375 1!
#2024625 0*
#2025625 1*
#2025875 10
#2026250 0! 1"
#2026500 0*
#2027250 1)
#2027500 0" 1*
#2027625 1! 1# 1% 1& 1' 1( 0,
#2028375 0)
#2028625 0# 0% 0& 0'
#2028875 0+
#2029875 1+
#2030125 1)
#2030375 0! 1% 1'
#2030500 1$ 1,
#2031250 0)
#2031375 0% 0' 0(
#2031500 1! 1" 1#
#2031750 0*
#2032750 1*
#2033375 1%
#2033625 0*
#2034625 1*
#2034750 1)
#2035000 0! 0" 0$
#2035125 1' 1(
#2035875 0)
#2036125 1! 1" 1$ 0% 0' 0(
#2036375 0*
#2037375 1*
#2037625 1)
#2037875 0! 0" 0# 1% 1' 1(
#2038750 0)
#2038875 0% 0' 0(
#2039000 1! 1" 1#
#2039250 0*
#2040250 1*
#2040875 1%
#2041125 0*
#2042125 1*
#2042250 1)
#2042500 0! 0" 0$
#2042625 1' 1(
#2043375 0)
#2043625 1! 1" 1$ 0% 0' 0(
#2043875 0*
#2044875 1*
#2045125 1)
#2045375 0! 0$ 1' 1(
#2045500 1%
#2046250 0)
#2046375 0" 0# 0% 0' 0(
#2046750 0*
#2047750 1*
#2048375 1!
#2048625 0*
#2049625 1*
#2050125 0!
#2050250 1"
#2050500 0*
#2051250 1)
#2051500 1( 1*
#2051625 1# 1% 1'
#2052375 0)
#2052500 0" 0# 0% 0' 0(
#2052750 0*
#2053875 1*
#2054500 1!
#2054625 0*
#2055750 1*
#2056250 0!
#2056375 1"
#2056500 0*
#2057375 1)
#2057500 1*
#2057625 1! 1# 1$ 1% 1& 1' 1(
#2058375 0)
#2060125 1)
#2060375 0! 0" 0# 0&
#2061250 0)
#2061375 0% 0' 0(
#2061500 1! 1" 1#
#2061750 0*
#2062750 1*
#2063375 1%
#2063625 0*
#2064625 1*
#2064875 1)
#2065000 0! 0"
#2065125 0$ 1' 1(
#2065875 0)
#2066125 1! 1" 0% 0' 0(
#2066250 1$
#2066375 0*
#2067375 1*
#2067625 1)
#2067875 0! 0" 0# 1(
#2068000 1% 1'
#2068750 0)
#2068875 0% 0' 0(
#2069000 1! 1" 1#
#2069250 0*
#2070250 1*
#2070875 1%
#2071125 0*
#2072125 1*
#2072375 1)
#2072500 0!
#2072625 0" 0$ 1' 1(
#2073375 0)
#2073625 1! 0% 0' 0(
#2073750 1" 1$
#2073875 0*
#2074875 1*
#2075125 1)
#2090375 0! 0$
#2090500 1% 1& 1' 1( 0,
#2091250 0)
#2091500 0" 0# 0% 0& 0' 0(
#2091750 0+
#2092750 1+
#2093000 1)
#2094250 1! 1" 1# 1$ 1% 1& 1' 1(
#2094375 1,
#2095000 0)
#2096750 1)
#2099750 0!
#2099875 0$ 0&
#2100625 0)
#2100875 0" 0# 0% 0' 0(
#2101125 0*
#2102125 1*
#2102375 1)
#2102750 1! 1" 1# 1$ 1% 1& 1' 1( 00
#2103500 0)
#2105125 1)
#2106250 0)
#2106750 0+
#2107750 1+
#2108625 0+
#2109750 1+ 10
#2110500 0+
#2111625 1+
#2112375 0+
#2113500 1+
#2114625 1)
#2114875 0! 0$ 0&
#2115625 0)
#2115875 0" 0% 0' 0(
#2116125 0*
#2117250 1*
#2117375 1)
#2117750 1" 1% 1& 1' 1( 0,
#2118500 0)
#2118750 1! 0" 0# 0% 0& 0' 0(
#2119000 0+
#2120000 1+
#2120250 1)
#2120375 0!
#2120500 1$ 1%
#2120625 1,
#2121250 0) 0-
#2121500 0$ 0%
#2121750 0*
#2122875 1*
#2123500 1!
#2123625 0*
#2124750 1*
#2125250 0!
#2125375 1"
#2125500 0*
#2126625 1*
#2127250 1!
#2127375 0*
#2128500 1*
#2129625 1) 1-
#2129875 0! 1% 1' 1(
#2130000 1#
#2130750 0)
#2130875 0" 0# 0% 0' 0(
#2131000 1$
#2131250 0*
#2132250 1*
#2132375 1)
#2132750 1! 1" 1# 1% 1& 1' 1(
#2133500 0)
#2135250 1)
#2135500 0! 0" 0# 0& 0' 0(
#2136250 0-
#2136375 0)
#2136500 0$ 0%
#2136625 1#
#2136875 0*
#2137875 1*
#2138500 1!
#2138750 0*
#2139750 1*
#2140250 0!
#2140375 1"
#2140625 0*
#2141625 1*
#2142250 1!
#2142500 0*
#2143500 1*
#2144625 1) 1-
#2144875 0! 1' 1(
#2145000 1%
#2145750 0)
#2145875 0% 0' 0(
#2146000 0" 1$
#2146250 0*
#2147250 1*
#2147375 1)
#2147625 0$
#2147750 1! 1% 1'
#2148500 0)
#2148750 1$ 1&
#2148875 1"
#2149000 0+
#2150000 1+
#2150250 1)
#2150500 0! 0" 0# 0& 0'
#2151375 0) 0-
#2151500 0%
#2151875 0*
#2152875 1*
#2153500 1!
#2153750 0*
#2154750 1*
#2155250 0!
#2155375 1"
#2155625 0*
#2156625 1*
#2157250 1!
#2157500 0*
#2158500 1*
#2159625 1) 1-
#2159875 0! 0$
#2160000 1# 1% 1' 1(
#2160750 0)
#2160875 0(
#2161000 0" 0# 0'
#2161250 0*
#2162250 1*
#2162500 1)
#2162750 1! 1" 1# 1$ 1& 1' 1(
#2163500 0)
#2165250 1)
#2165500 0! 0" 0# 0& 0' 0(
#2166375 0) 0-
#2166625 1# 0%
#2166875 0*
#2167875 1*
#2168500 1!
#2168750 0*
#2169750 1*
#2170250 0!
#2170375 1"
#2170625 0*
#2171625 1*
#2172250 1!
#2172500 0*
#2173500 1*
#2174625 1)
#2174750 1-
#2174875 0! 0$
#2175000 1% 1' 1(
#2175750 0)
#2176000 0" 0' 0(
#2176250 0*
#2177250 1*
#2177500 1)
#2177750 1& 1' 1(
#2177875 1" 0,
#2178625 0)
#2178750 0" 0# 0% 0& 0'
#2179125 0+
#2180125 1+
#2180250 1)
#2180500 0(
#2180625 1$ 1%
#2180750 1,
#2181375 0) 0-
#2181625 0$
#2181875 0*
#2182875 1*
#2183500 1!
#2183750 0*
#2184750 1*
#2185375 0! 1"
#2185625 0*
#2186625 1* 00
#2187250 1!
#2187500 0*
#2188500 1*
#2189625 1)
#2189750 1-
#2189875 0!
#2190000 1# 1' 1(
#2190750 0)
#2191000 0" 0# 1$ 0' 0(
#2191250 0*
#2192250 1*
#2192500 1)
#2192750 1(
#2192875 1! 1" 1# 1& 1'
#2193625 0) 10
#2195250 1)
#2195625 0! 0" 0# 0& 0' 0(
#2196375 0) 0-
#2196625 0$
#2196750 1#
#2196875 0*
#2197875 1*
#2198500 1!
#2198750 0*
#2199750 1*
#2200375 0! 1"
#2200625 0*
#2201625 1*
#2202250 1!
#2202500 0*
#2203500 1*
#2204625 1)
#2204750 1-
#2204875 0!
#2205000 1' 1(
#2205750 0)
#2206000 0" 1$ 0' 0(
#2206250 0*
#2207250 1*
#2207500 1)
#2207750 0$
#2207875 1" 1'
#2208625 0)
#2208875 1! 1$ 1&
#2209125 0*
#2210125 1*
#2210250 1)
#2210625 0! 0" 0# 0& 0'
#2211375 0) 0-
#2211875 0*
#2212875 1*
#2213500 1!
#2213750 0*
#2214750 1*
#2215375 0!
#2215500 1"
#2215625 0*
#2216625 1*
#2217250 1!
#2217500 0*
#2218500 1*
#2219750 1) 1-
#2219875 0!
#2220000 1# 0$ 1' 1(
#2220750 0)
#2221000 0" 0# 0% 1& 0' 0(
#2221250 0*
#2222250 1*
#2222500 1)
#2222875 1" 1# 1% 1' 1( 0,
#2223625 0)
#2223875 1! 0" 0# 0% 0& 0'
#2224125 0+
#2225125 1+
#2225250 1)
#2225500 0!
#2225625 1$ 1% 0(
#2225750 1,
#2226375 0) 0-
#2226750 1#
#2226875 0*
#2227875 1*
#2228500 1!
#2228750 0*
#2229750 1*
#2230375 0! 1"
#2230625 0*
#2231625 1*
#2232250 1!
#2232500 0*
#2233500 1*
#2234750 1) 1-
#2234875 0!
#2235000 0$ 1' 1(
#2235750 0)
#2236000 0" 0% 1& 0' 0(
#2236250 0*
#2237250 1*
#2237500 1)
#2237875 1! 1" 1$ 1% 1' 1(
#2238625 0)
#2240250 1)
#2240625 0! 0" 0# 0& 0' 0(
#2241375 0) 0-
#2241625 0$ 0% 1&
#2241875 0*
#2242875 1*
#2243500 1!
#2243750 0*
#2244750 1*
#2245375 0!
#2245500 1"
#2245625 0*
#2246625 1*
#2247250 1!
#2247500 0*
#2248500 1*
#2249750 1) 1-
#2249875 0!
#2250000 1# 1% 0& 1' 1(
#2250750 0)
#2251000 0" 0# 0% 1& 0' 0(
#2251125 1$
#2251250 0*
#2252250 1*
#2252500 1)
#2252875 1! 1" 1# 1% 1' 1(
#2253625 0)
#2255250 1)
#2255625 0! 0" 0# 0& 0' 0(
#2256375 0) 0-
#2256625 0$ 0% 1&
#2256750 1#
#2256875 0*
#2257875 1*
#2258500 1!
#2258750 0*
#2259750 1*
#2260375 0! 1"
#2260625 0*
#2261625 1*
#2262250 1!
#2262500 0*
#2263500 1*
#2264625 1)
#2264750 1-
#2264875 0! 0&
#2265000 1% 1' 1(
#2265750 0)
#2266000 0" 1$ 0% 1& 0' 0(
#2266250 0*
#2267250 1*
#2267500 1)
#2267750 0$ 0&
#2267875 1! 1" 1% 1'
#2268625 0)
#2268875 1$ 1&
#2269125 0+
#2270125 1+
#2270250 1)
#2270500 0! 0" 0& 00
#2270625 0# 0'
#2271375 0) 0-
#2271625 0% 1&
#2271875 0*
#2272875 1*
#2273500 1!
#2273750 0*
#2274750 1*
#2275375 0! 1"
#2275625 0*
#2276625 1*
#2277250 1!
#2277375 10
#2277500 0*
#2278500 1*
#2279625 1)
#2279750 1-
#2279875 0! 0&
#2280000 1# 0$ 1% 1' 1(
#2280750 0)
#2281000 0" 0# 1& 0' 0(
#2281250 0*
#2282250 1*
#2282500 1)
#2282750 1! 1' 1(
#2282875 1" 1# 0,
#2283625 0)
#2283750 0! 0" 0# 0% 0& 0' 0(
#2284125 0+
#2285125 1+
#2285250 1)
#2285625 1$ 1%
#2285750 1,
#2286375 0) 0-
#2286625 1# 0% 1&
#2286875 0*
#2287875 1*
#2288500 1!
#2288750 0*
#2289750 1*
#2290375 0! 1"
#2290625 0*
#2291625 1*
#2292250 1!
#2292500 0*
#2293500 1*
#2294625 1)
#2294750 1-
#2294875 0! 0$ 0&
#2295000 1% 1' 1(
#2295750 0)
#2295875 0(
#2296000 0" 1& 0'
#2296250 0*
#2297250 1*
#2297500 1)
#2297750 1! 1" 1' 1(
#2297875 1$
#2298625 0)
#2300250 1)
#2300500 0! 0" 0# 0& 0' 0(
#2301375 0) 0-
#2301625 0$ 1&
#2301875 0*
#2302875 1*
#2303500 1!
#2303750 0*
#2304750 1*
#2305250 0!
#2305375 1"
#2305625 0*
#2306625 1*
#2307250 1!
#2307500 0*
#2308500 1*
#2309625 1)
#2309750 1-
#2309875 0! 0&
#2310000 1# 1' 1(
#2310750 0)
#2310875 0(
#2311000 0" 0# 1$ 1& 0'
#2311250 0*
#2312250 1*
#2312500 1)
#2312750 1! 1" 1# 0$ 1' 1(
#2312875 0,
#2313500 0)
#2313750 0" 0# 0% 0& 0' 0(
#2314000 0+
#2315125 1+
#2315250 1)
#2315500 0!
#2315625 1$ 1% 1,
#2316375 0) 0-
#2316500 0$
#2316625 1# 1&
#2316875 0*
#2317875 1*
#2318500 1!
#2318750 0*
#2319750 1*
#2320250 0!
#2320375 1"
#2320625 0*
#2321625 1*
#2322250 1!
#2322500 0*
#2323500 1*
#2324625 1) 1-
#2324875 0! 0& 1' 1(
#2325750 0)
#2325875 0" 0' 0(
#2326000 1$ 1&
#2326250 0*
#2327250 1*
#2327375 1)
#2327625 0# 0&
#2327750 1'
#2328500 0)
#2328750 1! 1# 1&
#2328875 1"
#2329000 0*
#2330000 1*
#2330250 1)
#2330500 0! 0" 0# 0& 0'
#2331250 0-
#2331375 0)
#2331625 1&
#2331875 0*
#2332875 1*
#2333500 1!
#2333750 0*
#2334750 1*
#2335250 0!
#2335375 1"
#2335625 0*
#2336625 1*
#2337250 1!
#2337500 0*
#2338500 1*
#2339625 1) 1-
#2339875 0! 0$ 0& 1' 1(
#2340000 1#
#2340750 0)
#2340875 0" 0# 0% 0(
#2341250 0*
#2342250 1*
#2342375 1)
#2342750 1! 1" 1# 1$ 1% 1& 1(
#2343500 0)
#2345250 1)
#2345500 0! 0" 0# 0& 0' 0(
#2346250 0-
#2346375 0)
#2346625 1# 1&
#2346875 0*
#2347875 1*
#2348500 1!
#2348750 0*
#2349750 1*
#2350250 0!
#2350375 1"
#2350625 0*
#2351625 1*
#2352250 1!
#2352500 0*
#2353500 1*
#2354250 00
#2354625 1) 1-
#2354875 0! 0$ 0& 1' 1(
#2355750 0)
#2355875 0" 0% 0(
#2356125 0*
#2357250 1*
#2357375 1)
#2357750 1! 1" 1$ 1% 1& 1(
#2358500 0)
#2360250 1)
#2360500 0! 0" 0# 0& 0' 0(
#2361250 0) 0- 10
#2361500 0$ 0%
#2361625 1'
#2361750 0*
#2362875 1*
#2363500 1!
#2363625 0*
#2364750 1*
#2365250 0!
#2365375 1"
#2365500 0*
#2366625 1*
#2367250 1!
#2367375 0*
#2368500 1*
#2369625 1) 1-
#2369875 0! 1# 1% 1(
#2370625 0)
#2370875 0" 0# 0% 0(
#2371000 1$
#2371125 0*
#2372250 1*
#2372375 1)
#2372625 0$
#2372750 1! 1" 1# 1% 1& 1( 0,
#2373500 0)
#2373750 0! 0" 0# 0% 0& 0'
#2374000 0+
#2375000 1+
#2375250 1)
#2375500 1$ 1% 0(
#2375625 1,
#2376250 0) 0-
#2376500 0$ 0%
#2376625 1# 1'
#2376750 0*
#2377750 1*
#2378500 1!
#2378625 0*
#2379625 1*
#2380250 0!
#2380375 1"
#2380500 0*
#2381500 1*
#2382125 1!
#2382375 0*
#2383375 1*
#2384625 1) 1-
#2384750 0!
#2384875 1% 1(
#2385625 0)
#2385875 0" 0% 0(
#2386000 1$
#2386125 0*
#2387125 1*
#2387375 1)
#2387625 0#
#2387750 1! 1%
#2388500 0)
#2388750 1" 1# 1&
#2389000 0+
#2390000 1+
#2390250 1)
#2390500 0! 0" 0# 0& 0'
#2391250 0) 0-
#2391500 0% 1'
#2391750 0*
#2392750 1*
#2393375 1!
#2393625 0*
#2394625 1*
#2395250 0!
#2395375 1"
#2395500 0*
#2396500 1*
#2397125 1!
#2397375 0*
#2398375 1*
#2399625 1) 1-
#2399750 0!
#2399875 1# 0$ 1% 1(
#2400625 0)
#2400875 0" 0# 0(
#2401125 0*
#2402125 1*
#2402375 1)
#2402750 1! 1" 1# 1& 1( 0,
#2403500 0)
#2403750 0" 0# 0% 0& 0'
#2404000 0+
#2405000 1+
#2405125 1)
#2405375 0!
#2405500 1$ 1% 0(
#2405625 1,
#2406250 0) 0-
#2406500 0% 1'
#2406625 1#
#2406750 0*
#2407750 1*
#2408375 1!
#2408625 0*
#2409625 1*
#2410250 0! 1"
#2410500 0*
#2411500 1*
#2412125 1!
#2412375 0*
#2413375 1*
#2414625 1) 1-
#2414750 0!
#2414875 0$ 1% 1(
#2415625 0)
#2415875 0" 0(
#2416125 0*
#2417125 1*
#2417375 1)
#2417750 1! 1" 1$ 1& 1(
#2418500 0)
#2420125 1)
#2420500 0! 0" 0# 0& 0' 0(
#2421250 0) 0-
#2421500 0$ 1'
#2421750 0*
#2422750 1*
#2423375 1!
#2423625 0*
#2424625 1*
#2425250 0! 1"
#2425500 0*
#2426500 1*
#2427125 1!
#2427375 0*
#2428375 1*
#2429625 1) 1-
#2429750 0!
#2429875 1# 1(
#2430625 0)
#2430875 0" 0# 0(
#2431000 1$
#2431125 0*
#2432125 1*
#2432375 1)
#2432750 1! 1" 1# 1& 1(
#2433500 0)
#2435125 1)
#2435500 0! 0" 0# 0& 0' 0(
#2436250 0) 0-
#2436500 0$ 1'
#2436625 1#
#2436750 0*
#2437750 1*
#2438125 00
#2438375 1!
#2438625 0*
#2439625 1*
#2440250 0! 1"
#2440500 0*
#2441500 1*
#2442125 1!
#2442375 0*
#2443375 1*
#2444625 1) 1-
#2444750 0!
#2444875 1(
#2445125 10
#2445625 0)
#2445875 0" 0(
#2446000 1$
#2446125 0*
#2447125 1*
#2447375 1)
#2447625 0#
#2447750 1"
#2448500 0)
#2448750 1! 1# 1&
#2449000 0*
#2450000 1*
#2450125 1)
#2450500 0! 0" 0# 0& 0'
#2451250 0) 0-
#2451500 1'
#2451750 0*
#2452750 1*
#2453375 1!
#2453625 0*
#2454625 1*
#2455250 0!
#2455375 1"
#2455500 0*
#2456500 1*
#2457125 1!
#2457375 0*
#2458375 1*
#2459625 1) 1-
#2459875 0! 1# 0$ 1(
#2460625 0)
#2460875 0" 0# 0% 0(
#2461000 1&
#2461125 0*
#2462125 1*
#2462375 1)
#2462750 1$ 1% 1( 0,
#2463500 0)
#2463750 0$ 0% 0& 0' 0(
#2464000 0+
#2465000 1+
#2465250 1)
#2465500 1$ 1%
#2465625 1,
#2466250 0) 0-
#2466625 1# 1'
#2466750 0*
#2467750 1*
#2468500 1!
#2468625 0*
#2469625 1*
#2470250 0!
#2470375 1"
#2470500 0*
#2471625 1*
#2472125 1!
#2472375 0*
#2473375 1*
#2474625 1) 1-
#2474875 0! 0$ 1(
#2475625 0)
#2475875 0" 0% 0(
#2476000 1&
#2476125 0*
#2477250 1*
#2477375 1)
#2477750 1! 1" 1$ 1% 1(
#2478500 0)
#2480250 1)
#2480500 0! 0" 0# 0& 0' 0(
#2481250 0) 0-
#2481500 0$ 0%
#2481625 1& 1'
#2481750 0*
#2482875 1*
#2483500 1!
#2483625 0*
#2484750 1*
#2485250 0!
#2485375 1"
#2485625 0*
#2486625 1*
#2487250 1!
#2487500 0*
#2488500 1*
#2489625 1) 1-
#2489875 0! 1# 1% 0& 1(
#2490750 0)
#2490875 0" 0# 0% 0(
#2491000 1$ 1&
#2491250 0*
#2492250 1*
#2492375 1)
#2492750 1% 1(
#2492875 0,
#2493500 0)
#2493750 1! 0$ 0% 0& 0' 0(
#2494000 0+
#2495000 1+
#2495250 1)
#2495500 0! 1$ 1%
#2495625 1,
#2496250 0-
#2496375 0)
#2496500 0$ 0%
#2496625 1# 1& 1'
#2496875 0*
#2497875 1*
#2498500 1!
#2498750 0*
#2499750 1*
#2500250 0!
#2500375 1"
#2500625 0*
#2501625 1*
#2502250 1!
#2502500 0*
#2503500 1*
#2504625 1) 1-
#2504875 0! 0& 1(
#2505000 1%
#2505750 0)
#2505875 0" 0% 0(
#2506000 1$ 1&
#2506250 0*
#2507250 1*
#2507375 1)
#2507625 0# 0&
#2507750 1! 1" 1%
#2508500 0)
#2508750 1# 1&
#2509000 0+
#2510000 1+
#2510250 1)
#2510500 0! 0" 0# 0& 0'
#2511250 0-
#2511375 0)
#2511500 0%
#2511625 1& 1'
#2511875 0*
#2512875 1*
#2513500 1!
#2513750 0*
#2514750 1*
#2515250 0!
#2515375 1"
#2515625 0*
#2516625 1*
#2517250 1!
#2517500 0*
#2518500 1*
#2519625 1) 1-
#2519875 0! 0$ 0&
#2520000 1# 1% 1(
#2520750 0)
#2520875 0# 0(
#2521000 0" 1&
#2521250 0*
#2522000 00
#2522250 1*
#2522500 1)
#2522750 1! 1" 1# 1$ 1(
#2523500 0)
#2525250 1)
#2525500 0! 0" 0# 0& 0' 0(
#2526375 0) 0-
#2526625 1# 0% 1& 1'
#2526875 0*
#2527875 1*
#2528500 1!
#2528750 0*
#2529000 10
#2529750 1*
#2530250 0!
#2530375 1"
#2530625 0*
#2531625 1*
#2532250 1!
#2532500 0*
#2533500 1*
#2534625 1)
#2534750 1-
#2534875 0! 0$ 0&
#2535000 1% 1(
#2535750 0)
#2536000 0" 1& 0(
#2536250 0*
#2537250 1*
#2537500 1)
#2537750 1! 1" 1(
#2537875 1$
#2538625 0)
#2540250 1)
#2540500 0"
#2540625 0! 0# 0& 0' 0(
#2541375 0) 0-
#2541625 0$ 1& 1'
#2541875 0*
#2542875 1*
#2543500 1!
#2543750 0*
#2544750 1*
#2545375 0! 1"
#2545625 0*
#2546625 1*
#2547250 1!
#2547500 0*
#2548500 1*
#2549625 1)
#2549750 1-
#2549875 0! 0&
#2550000 1# 1(
#2550750 0)
#2551000 0" 0# 1$ 1& 0(
#2551250 0*
#2552250 1*
#2552500 1)
#2552750 1(
#2552875 0,
#2553625 0)
#2553750 0&
#2553875 0$ 0% 0'
#2554125 0+
#2555125 1+
#2555250 1)
#2555500 0(
#2555625 1$ 1%
#2555750 1,
#2556375 0) 0-
#2556625 0$ 1& 1'
#2556750 1#
#2556875 0*
#2557875 1*
#2558500 1!
#2558750 0*
#2559750 1*
#2560375 0!
#2560500 1"
#2560625 0*
#2561625 1*
#2562250 1!
#2562500 0*
#2563500 1*
#2564750 1) 1-
#2565000 0! 0& 1(
#2565750 0)
#2566000 0" 0(
#2566125 1$ 1&
#2566250 0*
#2567250 1*
#2567500 1)
#2567750 0&
#2568625 0)
#2568875 1! 1" 1&
#2569125 0*
#2570125 1*
#2570375 1)
#2570625 0! 0" 0# 0& 0'
#2571375 0) 0-
#2571750 1& 1'
#2571875 0*
#2573000 1*
#2573625 1!
#2573750 0*
#2574875 1*
#2575375 0!
#2575500 1"
#2575625 0*
#2576750 1*
#2577375 1!
#2577500 0*
#2578625 1*
#2579750 1) 1-
#2580000 1# 1(
#2580875 0)
#2581375 0+
#2582375 1+
#2582500 1)
#2582750 0! 0" 0#
#2582875 0,
#2583625 0)
#2583875 1! 0$ 0% 0& 0'
#2584125 0+
#2585125 1+
#2585375 1)
#2585625 0! 1$ 1% 0(
#2585750 1,
#2586375 0-
#2586500 0)
#2586750 1# 1& 1'
#2587000 0*
#2588000 1*
#2588625 1!
#2588875 0*
#2589875 1*
#2590375 0!
#2590500 1"
#2590750 0*
#2591750 1*
#2592375 1!
#2592625 0*
#2593625 1*
#2594750 1) 1-
#2595000 0! 0$ 0& 1(
#2595875 0)
#2596000 0" 0# 0(
#2596375 0*
#2597375 1*
#2598000 1!
#2598250 0*
#2599250 1*
#2599750 0!
#2599875 1"
#2600125 0*
#2600875 1)
#2601125 1( 1*
#2601250 1#
#2602000 0)
#2602125 0" 0(
#2602375 0*
#2603500 1*
#2604125 1!
#2604250 0*
#2605375 1*
#2605875 0! 00
#2606000 1"
#2606250 0*
#2607000 1)
#2607250 1! 1$ 1& 1( 1*
#2608000 0)
#2609750 1)
#2610000 0! 0# 0&
#2610875 0)
#2611125 0" 0$ 0% 0'
#2611375 0*
#2612375 1*
#2612875 10
#2613000 1%
#2613250 0*
#2614250 1*
#2614500 1)
#2614750 1! 1# 1'
#2615500 0)
#2615750 0! 0# 0% 0(
#2616000 0*
#2617000 1*
#2617250 1)
#2617625 1" 1$ 1% 1(
#2618375 0)
#2618500 0%
#2618625 0" 0$ 1& 0'
#2618875 0*
#2619875 1*
#2620500 1%
#2620750 0*
#2621750 1*
#2622000 1)
#2622250 1! 1# 0& 1'
#2623000 0)
#2623250 0! 0# 0(
#2623500 0*
#2624500 1*
#2624750 1)
#2625125 1" 1# 1(
#2625875 0)
#2626000 0(
#2626125 0" 0# 1$
#2626375 0*
#2627375 1*
#2628000 1!
#2628250 0*
#2629250 1*
#2629750 0!
#2629875 1"
#2630125 0*
#2630875 1)
#2631125 0$ 1*
#2631250 1# 1(
#2632000 0)
#2632125 0" 0(
#2632250 1$
#2632500 0*
#2633500 1*
#2634125 1!
#2634375 0*
#2635375 1*
#2635875 0!
#2636000 1"
#2636250 0*
#2637500 1)
#2637750 1*
#2638125 0" 0#
#2638250 1! 1& 1( 0,
#2639000 0)
#2639250 0! 0$ 0% 0& 0' 0(
#2639500 0+
#2640500 1+
#2641250 1)
#2641500 1" 1$ 1% 1' 1(
#2641625 1,
#2642250 0)
#2643000 0" 0$ 0%
#2643250 0*
#2644250 1*
#2644875 1%
#2645125 0*
#2646125 1*
#2646375 1)
#2646625 1!
#2646750 1#
#2647500 0)
#2647625 0! 0# 0% 0(
#2647750 1&
#2647875 0*
#2649000 1*
#2649125 1)
#2649375 0&
#2649500 1" 1$ 1% 1(
#2650250 0)
#2650500 0" 0$ 0% 1&
#2650750 0*
#2651750 1*
#2652375 1%
#2652625 0*
#2653625 1*
#2653875 1)
#2654125 1! 0&
#2654250 1#
#2655000 0)
#2655125 0! 0# 0(
#2655250 1&
#2655375 0*
#2656500 1*
#2656625 1)
#2656875 0&
#2657000 1" 1# 1(
#2657750 0)
#2658000 0" 0# 0% 0' 0(
#2658250 0*
#2659250 1*
#2659875 1!
#2660125 0*
#2661125 1*
#2661750 0! 1"
#2662000 0*
#2662750 1)
#2663000 1*
#2663125 1# 1% 1' 1(
#2663875 0)
#2664000 0' 0(
#2664125 0" 0# 0%
#2664375 0*
#2665375 1*
#2666000 1!
#2666250 0*
#2667250 1*
#2667750 0!
#2667875 1"
#2668125 0*
#2668875 1)
#2669125 0" 1' 1( 1*
#2669250 1! 1$ 1% 1& 0,
#2670000 0)
#2670125 0$ 0% 0& 0' 0(
#2670500 0+
#2671500 1+
#2671625 1)
#2671875 0!
#2672000 1$ 1% 1' 1(
#2672125 1,
#2672750 0)
#2673000 0$ 0% 0' 0(
#2673250 0*
#2674250 1*
#2674875 1%
#2675125 0*
#2676125 1*
#2676375 1)
#2676625 1' 1(
#2676750 1#
#2677500 0)
#2677625 0# 0% 0' 0(
#2677875 0*
#2679000 1*
#2679125 1)
#2679500 1$ 1% 1' 1(
#2680250 0)
#2680500 0$ 0% 0' 0(
#2680750 0*
#2681750 1*
#2682375 1%
#2682625 0*
#2683625 1*
#2683875 1)
#2684125 1' 1(
#2684250 1#
#2685000 0)
#2685125 0# 0% 0' 0(
#2685375 0*
#2686500 1*
#2686625 1)
#2687000 1" 1# 1% 1' 1(
#2687750 0)
#2688000 0" 0# 0% 0' 0(
#2688250 0*
#2689250 1*
#2689750 00
#2689875 1!
#2690125 0*
#2691125 1*
#2691625 0!
#2691750 1"
#2692000 0*
#2692750 1)
#2693000 1*
#2693125 1# 1% 1' 1(
#2693875 0)
#2694000 0# 0% 0' 0(
#2694125 0"
#2694375 0*
#2695375 1*
#2696000 1!
#2696250 0*
#2696625 10
#2697250 1*
#2697750 0!
#2697875 1"
#2698125 0*
#2698875 1)
#2699125 1! 1% 1' 1( 1*
#2699250 1# 1$ 1&
#2700000 0)
#2701625 1)
#2701875 0! 0" 0# 0&
#2702750 0)
#2703000 0$ 0% 0' 0(
#2703250 0*
#2704250 1*
#2704875 1%
#2705125 0*
#2706125 1*
#2706375 1)
#2706625 1# 1' 1(
#2707375 0)
#2707625 0# 0% 0' 0(
#2707875 0*
#2709000 1*
#2709125 1)
#2709500 1$ 1% 1' 1(
#2710250 0)
#2710375 0(
#2710500 0$ 0% 0'
#2710750 0*
#2711750 1*
#2712375 1%
#2712625 0*
#2713625 1*
#2713875 1)
#2714125 1# 1' 1(
#2714875 0)
#2715125 0# 0% 0' 0(
#2715375 0*
#2716375 1*
#2716625 1)
#2732000 1! 1$ 1% 1& 1' 1( 0,
#2732750 0)
#2732875 0! 0$ 0% 0& 0'
#2733250 0+
#2734250 1+
#2734375 1)
#2735750 1! 1" 1# 1$ 1% 1& 1' 1,
#2736500 0)
#2738125 1)
#2741250 0! 0$ 0&
#2742125 0)
#2742250 0" 0# 0% 0' 0(
#2742625 0*
#2743625 1*
#2743750 1)
#2744125 1! 1" 1# 1$ 1% 1& 1' 1(
#2744875 0)
#2746625 1)
#2747750 0)
#2748250 0+
#2749250 1+
#2750125 0+
#2751125 1+
#2752000 0+
#2753000 1+
#2753875 0+
#2754875 1+
#2756000 1)
#2756250 0! 0$ 0&
#2757125 0)
#2757250 0" 0% 0' 0(
#2757625 0*
#2758625 1*
#2758750 1)
#2759000 0#
#2759125 1! 1$ 1% 1& 1' 1( 0,
#2759875 0)
#2760125 0$ 0% 0& 0'
#2760375 0+
#2761375 1+
#2761625 1)
#2761875 0! 1$ 1% 0(
#2762000 1,
#2762625 0-
#2762750 0)
#2762875 0$ 0%
#2763000 1(
#2763250 0*
#2764250 1*
#2764875 1!
#2765000 0*
#2766125 1*
#2766625 0!
#2766750 1"
#2766875 0*
#2768000 1*
#2768625 1!
#2768750 0*
#2769875 1*
#2771000 1) 1-
#2771250 0! 1# 1% 1'
#2772000 0)
#2772250 0" 0# 0% 0' 0(
#2772375 1$
#2772500 0*
#2773500 1* 00
#2773750 1)
#2774125 1! 1" 1# 1% 1& 1' 1(
#2774875 0)
#2776625 1)
#2776875 0! 0" 0# 0& 0' 0(
#2777625 0) 0-
#2777875 0$ 0% 1(
#2778000 1#
#2778125 0*
#2779125 1*
#2779750 1!
#2780000 0*
#2780500 10
#2781000 1*
#2781625 0!
#2781750 1"
#2781875 0*
#2782875 1*
#2783500 1!
#2783750 0*
#2784750 1*
#2786000 1) 1-
#2786125 0!
#2786250 1% 1'
#2787000 0)
#2787250 0" 0% 0' 0(
#2787375 1$
#2787500 0*
#2788500 1*
#2788750 1)
#2789125 1! 1% 1'
#2789875 0)
#2790125 1" 1&
#2790375 0+
#2791375 1+
#2791500 1)
#2791875 0! 0" 0# 0& 0'
#2792625 0) 0-
#2792875 0% 1(
#2793125 0*
#2794125 1*
#2794750 1!
#2795000 0*
#2796000 1*
#2796625 0! 1"
#2796875 0*
#2797875 1*
#2798500 1!
#2798750 0*
#2799750 1*
#2800875 1)
#2801000 1-
#2801125 0!
#2801250 1# 0$ 1% 1'
#2802000 0)
#2802250 0" 0# 0' 0(
#2802500 0*
#2803500 1*
#2803750 1)
#2804125 1! 1" 1# 1$ 1& 1' 1(
#2804875 0)
#2806500 1)
#2806875 0! 0" 0# 0& 0' 0(
#2807625 0) 0-
#2807875 1# 0% 1(
#2808125 0*
#2809125 1*
#2809750 1!
#2810000 0*
#2811000 1*
#2811625 0! 1"
#2811875 0*
#2812875 1*
#2813500 1!
#2813750 0*
#2814750 1*
#2815875 1)
#2816000 1-
#2816125 0!
#2816250 0$ 1% 1'
#2817000 0)
#2817250 0" 0' 0(
#2817500 0*
#2818500 1*
#2818750 1)
#2819000 0# 1' 1(
#2819125 1" 1$ 1& 0,
#2819875 0)
#2820000 0" 0$ 0% 0& 0' 0(
#2820375 0+
#2821375 1+
#2821500 1)
#2821875 1$ 1%
#2822000 1,
#2822625 0) 0-
#2822875 0$ 1(
#2823125 0*
#2824125 1*
#2824750 1!
#2825000 0*
#2826000 1*
#2826625 0! 1"
#2826875 0*
#2827875 1*
#2828500 1!
#2828750 0*
#2829750 1*
#2830875 1)
#2831000 1-
#2831125 0!
#2831250 1# 1'
#2832000 0)
#2832250 0" 0# 1$ 0' 0(
#2832500 0*
#2833500 1*
#2833750 1)
#2834000 1' 1(
#2834125 1! 1" 1# 1&
#2834875 0)
#2836500 1)
#2836750 0! 0" 0# 0& 0'
#2836875 0(
#2837625 0) 0-
#2837875 1# 0$ 1(
#2838125 0*
#2839125 1*
#2839750 1!
#2840000 0*
#2841000 1*
#2841625 0! 1"
#2841875 0*
#2842875 1*
#2843500 1!
#2843750 0*
#2844750 1*
#2845875 1)
#2846000 1-
#2846125 0!
#2846250 1'
#2847000 0)
#2847250 0" 1$ 0' 0(
#2847500 0*
#2848500 1*
#2848750 1)
#2849000 1" 1'
#2849875 0)
#2850125 1! 1&
#2850375 0*
#2851375 1*
#2851500 1)
#2851750 0! 0" 0# 0& 0'
#2852625 0) 0-
#2852875 1(
#2853125 0*
#2854125 1*
#2854750 1!
#2855000 0*
#2856000 1*
#2856500 0!
#2856625 1"
#2856875 0*
#2857375 00
#2857875 1*
#2858500 1!
#2858750 0*
#2859750 1*
#2860875 1)
#2861000 1-
#2861125 0! 0$
#2861250 1# 1'
#2862000 0)
#2862250 0" 0# 0% 1& 0' 0(
#2862500 0*
#2863500 1*
#2863750 1)
#2864000 1% 1' 1(
#2864125 1" 1$ 0,
#2864375 10
#2864875 0)
#2865000 0" 0$ 0% 0& 0' 0(
#2865125 1!
#2865375 0+
#2866375 1+
#2866500 1)
#2866750 0!
#2866875 1$ 1% 1,
#2867625 0) 0-
#2867875 1# 1(
#2868125 0*
#2869125 1*
#2869750 1!
#2870000 0*
#2871000 1*
#2871500 0!
#2871625 1"
#2871875 0*
#2872875 1*
#2873500 1!
#2873750 0*
#2874750 1*
#2875875 1)
#2876000 1-
#2876125 0! 0$
#2876250 1'
#2877000 0)
#2877250 0" 0% 1& 0' 0(
#2877500 0*
#2878500 1*
#2878750 1)
#2879000 1! 1' 1(
#2879125 1" 1$ 1%
#2879875 0)
#2881500 1)
#2881750 0! 0" 0'
#2881875 0# 0& 0(
#2882625 0) 0-
#2882875 0$ 0% 1& 1(
#2883125 0*
#2884125 1*
#2884750 1!
#2885000 0*
#2886000 1*
#2886625 0! 1"
#2886875 0*
#2887875 1*
#2888500 1!
#2888750 0*
#2889750 1*
#2890875 1)
#2891000 1-
#2891125 0! 0&
#2891250 1# 1% 1'
#2892000 0)
#2892250 0" 0# 1$ 0% 1& 0' 0(
#2892500 0*
#2893500 1*
#2893750 1)
#2894000 1(
#2894125 1! 1" 1# 1% 1'
#2894875 0)
#2896500 1)
#2896875 0! 0" 0# 0& 0' 0(
#2897625 0) 0-
#2897875 1# 0$ 0% 1& 1(
#2898125 0*
#2899125 1*
#2899750 1!
#2900000 0*
#2901000 1*
#2901625 0! 1"
#2901875 0*
#2902875 1*
#2903500 1!
#2903750 0*
#2904750 1*
#2905875 1)
#2906000 1-
#2906125 0! 0&
#2906250 1% 1'
#2907000 0)
#2907250 0" 1$ 0% 1& 0' 0(
#2907500 0*
#2908500 1*
#2908750 1)
#2909000 0&
#2909125 1! 1" 1% 1'
#2909875 0)
#2910125 1&
#2910375 0+
#2911375 1+
#2911500 1)
#2911875 0! 0" 0# 0& 0'
#2912625 0) 0-
#2912875 0% 1(
#2913000 1&
#2913125 0*
#2914125 1*
#2914750 1!
#2915000 0*
#2916000 1*
#2916625 0! 1"
#2916875 0*
#2917875 1*
#2918500 1!
#2918750 0*
#2919750 1*
#2921000 1) 1-
#2921125 0!
#2921250 1# 0$ 1% 0& 1'
#2922000 0)
#2922250 0" 0# 1& 0' 0(
#2922500 0*
#2923500 1*
#2923750 1)
#2924125 1" 1$ 1' 1( 0,
#2924875 0)
#2925125 0" 0$ 0% 0& 0'
#2925375 0+
#2926375 1+
#2926625 1)
#2926875 1$ 1% 0(
#2927000 1,
#2927625 0) 0-
#2927875 0%
#2928000 1# 1& 1(
#2928125 0*
#2929125 1*
#2929875 1!
#2930000 0*
#2931000 1*
#2931625 0!
#2931750 1"
#2931875 0*
#2933000 1*
#2933500 1!
#2933750 0*
#2934875 1*
#2936000 1) 1-
#2936250 0! 0$ 1% 0& 1'
#2937125 0)
#2937250 0" 0' 0(
#2937375 1&
#2937500 0*
#2938625 1*
#2938750 1)
#2939125 1! 1" 1$ 1' 1(
#2939875 0)
#2941250 00
#2941625 1)
#2941875 0! 0" 0# 0& 0' 0(
#2942625 0-
#2942750 0)
#2942875 0$
#2943000 1& 1(
#2943125 0*
#2944250 1*
#2944875 1!
#2945125 0*
#2946125 1*
#2946625 0!
#2946750 1"
#2947000 0*
#2948000 1*
#2948250 10
#2948625 1!
#2948875 0*
#2949875 1*
#2951000 1) 1-
#2951250 0! 0& 1'
#2951375 1#
#2952125 0)
#2952250 0" 0# 0' 0(
#2952375 1$ 1&
#2952625 0*
#2953625 1*
#2953750 1)
#2954125 1" 1' 1(
#2954250 0,
#2954875 0)
#2955125 1! 0" 0$ 0% 0& 0'
#2955375 0+
#2956375 1+
#2956625 1)
#2956875 0! 0(
#2957000 1$ 1% 1,
#2957625 0-
#2957750 0)
#2957875 0$
#2958000 1# 1& 1(
#2958250 0*
#2959250 1*
#2959875 1!
#2960125 0*
#2961125 1*
#2961625 0!
#2961750 1"
#2962000 0*
#2963000 1*
#2963625 1!
#2963875 0*
#2964875 1*
#2966000 1) 1-
#2966250 0! 0&
#2966375 1'
#2967125 0)
#2967250 0' 0(
#2967375 0" 1$ 1&
#2967625 0*
#2968625 1*
#2968875 1)
#2969000 0$
#2969125 0# 0% 1'
#2969875 0)
#2970250 1! 1" 1# 1$ 1%
#2970375 0*
#2971375 1*
#2971625 1)
#2971875 0! 0" 0# 0& 0'
#2972750 0) 0-
#2973000 1& 1(
#2973250 0*
#2974250 1*
#2974875 1!
#2975125 0*
#2976125 1*
#2976625 0!
#2976750 1"
#2977000 0*
#2978000 1*
#2978625 1!
#2978875 0*
#2979875 1*
#2981000 1)
#2981125 1-
#2981250 0! 0$ 0&
#2981375 1# 1'
#2982125 0)
#2982375 0" 0# 0% 0(
#2982625 0*
#2983625 1*
#2983875 1)
#2984125 1(
#2984250 1! 1" 1# 1$ 1% 1&
#2985000 0)
#2986625 1)
#2986875 0! 0" 0# 0&
#2987000 0' 0(
#2987750 0) 0-
#2988000 1# 1& 1(
#2988250 0*
#2989250 1*
#2989875 1!
#2990125 0*
#2991125 1*
#2991750 0! 1"
#2992000 0*
#2993000 1*
#2993625 1!
#2993875 0*
#2994875 1*
#2996000 1)
#2996125 1-
#2996250 0!
#2996375 0$ 0& 1'
#2997125 0)
#2997375 0" 0% 0(
#2997625 0*
#2998625 1*
#2998875 1)
#2999250 1! 1" 1$ 1% 1& 1(
#3000000 0)
#3001625 1)
#3002000 0! 0" 0# 0& 0' 0(
#3002750 0) 0-
#3003000 0$ 0% 1' 1(
#3003250 0*
#3004250 1*
#3004875 1!
#3005125 0*
#3006125 1*
#3006750 0!
#3006875 1"
#3007000 0*
#3008000 1*
#3008625 1!
#3008875 0*
#3009875 1*
#3011125 1) 1-
#3011250 0!
#3011375 1# 1%
#3012125 0)
#3012375 0" 0# 0% 0(
#3012500 1$
#3012625 0*
#3013625 1*
#3013875 1)
#3014250 1! 1" 1% 1& 1( 0,
#3015000 0)
#3015250 0! 0" 0$ 0% 0& 0' 0(
#3015500 0+
#3016500 1+
#3016750 1)
#3017000 1$ 1%
#3017125 1,
#3017750 0) 0-
#3018000 0$ 0%
#3018125 1# 1' 1(
#3018250 0*
#3019375 1*
#3020000 1!
#3020125 0*
#3021250 1*
#3021750 0!
#3021875 1"
#3022000 0*
#3023125 1*
#3023750 1!
#3023875 0*
#3025000 1*
#3025125 00
#3026125 1) 1-
#3026375 0! 1%
#3027250 0)
#3027375 0" 0% 0(
#3027500 1$
#3027625 0*
#3028750 1*
#3028875 1)
#3029125 0# 0$
#3029250 1! 1&
#3030000 0)
#3030250 1" 1# 1$ 1%
#3030500 0+
#3031500 1+
#3031750 1)
#3032000 0! 0" 0# 0& 0' 10
#3032750 0-
#3032875 0)
#3033000 0%
#3033125 1' 1(
#3033375 0*
#3034375 1*
#3035000 1!
#3035250 0*
#3036250 1*
#3036750 0!
#3036875 1"
#3037125 0*
#3038125 1*
#3038750 1!
#3039000 0*
#3040000 1*
#3041125 1) 1-
#3041375 0! 0$
#3041500 1# 1%
#3042250 0)
#3042375 0" 0# 0(
#3042750 0*
#3043750 1*
#3043875 1)
#3044250 1! 1" 1$ 1& 1(
#3044375 0,
#3045000 0)
#3045250 0" 0$ 0% 0& 0' 0(
#3045500 0+
#3046500 1+
#3046750 1)
#3047000 0!
#3047125 1$ 1% 1,
#3047875 0) 0-
#3048000 0%
#3048125 1# 1' 1(
#3048375 0*
#3049375 1*
#3050000 1!
#3050250 0*
#3051250 1*
#3051750 0!
#3051875 1"
#3052125 0*
#3053125 1*
#3053750 1!
#3054000 0*
#3055000 1*
#3056125 1) 1-
#3056375 0! 0$
#3056500 1%
#3057250 0)
#3057375 0" 0(
#3057750 0*
#3058750 1*
#3059000 1)
#3059250 1! 1" 1$ 1& 1(
#3060000 0)
#3061750 1)
#3062000 0! 0" 0# 0& 0' 0(
#3062750 0-
#3062875 0)
#3063000 0$
#3063125 1' 1(
#3063375 0*
#3064375 1*
#3065000 1!
#3065250 0*
#3066250 1*
#3066750 0!
#3066875 1"
#3067125 0*
#3068125 1*
#3068750 1!
#3069000 0*
#3070000 1*
#3071125 1) 1-
#3071375 0!
#3071500 1#
#3072250 0)
#3072375 0#
#3072500 0" 1$ 0(
#3072750 0*
#3073750 1*
#3074000 1)
#3074250 1! 1" 1# 1& 1(
#3075000 0)
#3076750 1)
#3077000 0! 0" 0# 0& 0' 0(
#3077875 0) 0-
#3078125 1# 0$ 1' 1(
#3078375 0*
#3079375 1*
#3080000 1!
#3080250 0*
#3081250 1*
#3081750 0!
#3081875 1"
#3082125 0*
#3083125 1*
#3083750 1!
#3084000 0*
#3085000 1*
#3086125 1)
#3086250 1-
#3086375 0!
#3087250 0)
#3087500 0" 1$ 0(
#3087750 0*
#3088750 1*
#3089000 1)
#3089250 1" 0# 0$ 0% 1&
#3090000 0)
#3090375 1! 1# 1$ 1%
#3090500 0*
#3091500 1*
#3091750 1)
#3092000 0! 0" 0# 0& 0'
#3092875 0) 0-
#3093125 1' 1(
#3093375 0*
#3094375 1*
#3095000 1!
#3095250 0*
#3096250 1*
#3096750 0!
#3096875 1"
#3097125 0*
#3098125 1*
#3098750 1!
#3099000 0*
#3100000 1*
#3101125 1)
#3101250 1-
#3101375 0! 0$
#3101500 1#
#3102250 0)
#3102500 0" 0# 0% 1& 0(
#3102750 0*
#3103750 1*
#3104000 1)
#3104250 1! 1" 1$ 1% 1(
#3104375 0,
#3105000 0)
#3105250 0! 0" 0$ 0% 0& 0'
#3105500 0+
#3106625 1+
#3106750 1)
#3107000 0(
#3107125 1$ 1% 1,
#3107875 0) 0-
#3108125 1# 1' 1(
#3108375 0*
#3109000 00
#3109375 1*
#3110000 1!
#3110250 0*
#3111250 1*
#3111750 0!
#3111875 1"
#3112125 0*
#3113125 1*
#3113750 1!
#3114000 0*
#3115000 1*
#3115875 10
#3116125 1) 1-
#3116375 0! 0$
#3117250 0)
#3117375 0(
#3117500 0" 0% 1&
#3117750 0*
#3118750 1*
#3119000 1)
#3119250 1! 1" 1$ 1% 1(
#3120000 0)
#3121750 1)
#3122000 0! 0" 0# 0& 0' 0(
#3122875 0) 0-
#3123000 0$ 0%
#3123125 1& 1' 1(
#3123375 0*
#3124375 1*
#3125000 1!
#3125250 0*
#3126250 1*
#3126750 0!
#3126875 1"
#3127125 0*
#3128125 1*
#3128750 1!
#3129000 0*
#3130000 1*
#3131125 1) 1-
#3131375 0! 0&
#3131500 1# 1%
#3132250 0)
#3132375 0# 0%
#3132500 0" 1$ 1& 0(
#3132750 0*
#3133750 1*
#3133875 1)
#3134250 1! 1" 1% 1(
#3134375 0,
#3135000 0)
#3135250 0" 0$ 0% 0& 0'
#3135500 0+
#3136500 1+
#3136750 1)
#3137000 0! 0(
#3137125 1$ 1% 1,
#3137875 0) 0-
#3138000 0$ 0%
#3138125 1# 1& 1' 1(
#3138375 0*
#3139375 1*
#3140000 1!
#3140250 0*
#3141250 1*
#3141750 0!
#3141875 1"
#3142125 0*
#3143125 1*
#3143750 1!
#3144000 0*
#3145000 1*
#3146125 1) 1-
#3146375 0! 0&
#3146500 1%
#3147250 0)
#3147375 0" 0% 0(
#3147500 1$ 1&
#3147750 0*
#3148750 1*
#3148875 1)
#3149125 0# 0$
#3149250 1! 1"
#3150000 0)
#3150250 1# 1$ 1%
#3150500 0+
#3151500 1+
#3151750 1)
#3152000 0! 0" 0# 0& 0'
#3152750 0-
#3152875 0)
#3153000 0%
#3153125 1& 1' 1(
#3153375 0*
#3154375 1*
#3155000 1!
#3155250 0*
#3156250 1*
#3156750 0!
#3156875 1"
#3157125 0*
#3158125 1*
#3158750 1!
#3159000 0*
#3160000 1*
#3161125 1) 1-
#3161375 0! 1# 0$ 1% 0&
#3162250 0)
#3162375 0" 0# 0(
#3162500 1&
#3162625 0*
#3163750 1*
#3163875 1)
#3164250 1! 1" 1# 1$ 1(
#3165000 0)
#3166750 1)
#3167000 0! 0" 0# 0& 0' 0(
#3167750 0) 0-
#3168000 0%
#3168125 1# 1& 1' 1(
#3168250 0*
#3169375 1*
#3170000 1!
#3170125 0*
#3171250 1*
#3171750 0!
#3171875 1"
#3172000 0*
#3173125 1*
#3173625 1!
#3173875 0*
#3175000 1*
#3176125 1) 1-
#3176375 0! 0$ 1% 0&
#3177125 0)
#3177375 0" 0(
#3177500 1&
#3177625 0*
#3178625 1*
#3178875 1)
#3179250 1! 1" 1$ 1(
#3180000 0)
#3181750 1)
#3182000 0! 0" 0# 0& 0' 0(
#3182750 0) 0-
#3183000 0$ 1' 1(
#3183125 1&
#3183250 0*
#3184250 1*
#3184875 1!
#3185125 0*
#3186125 1*
#3186750 0!
#3186875 1"
#3187000 0*
#3188000 1*
#3188625 1!
#3188875 0*
#3189875 1*
#3191125 1) 1-
#3191250 0!
#3191375 1# 0&
#3192125 0)
#3192375 0" 0# 1& 0(
#3192500 1$
#3192625 0*
#3192750 00
#3193625 1*
#3193875 1)
#3194250 1# 1( 0,
#3195000 0)
#3195125 0(
#3195250 0# 0$ 0% 0& 0'
#3195500 0+
#3196500 1+
#3196625 1)
#3197000 1$ 1%
#3197125 1,
#3197750 0) 0-
#3198000 0$ 1& 1' 1(
#3198125 1#
#3198250 0*
#3199250 1*
#3199750 10
#3199875 1!
#3200125 0*
#3201125 1*
#3201750 0! 1"
#3202000 0*
#3203000 1*
#3203625 1!
#3203875 0*
#3204875 1*
#3206000 1)
#3206125 1-
#3206250 0!
#3206375 0&
#3207125 0)
#3207375 0" 1$ 1& 0(
#3207625 0*
#3208625 1*
#3208875 1)
#3209125 0$ 0%
#3210000 0)
#3210250 1! 1" 1$ 1%
#3210500 0*
#3211500 1*
#3211625 1)
#3211875 0! 0"
#3212000 0# 0& 0'
#3212750 0) 0-
#3213000 1& 1' 1(
#3213250 0*
#3214250 1*
#3214875 1!
#3215125 0*
#3216125 1*
#3216750 0! 1"
#3217000 0*
#3218000 1*
#3218625 1!
#3218875 0*
#3219875 1*
#3221000 1)
#3221125 1-
#3221375 1#
#3222125 0)
#3222625 0+
#3223625 1+
#3223875 1)
#3224125 0! 0"
#3224250 0,
#3225000 0)
#3225125 1! 0# 0$ 0% 0& 0' 0(
#3225500 0+
#3226500 1+
#3226625 1)
#3226875 0!
#3227000 1$ 1% 1,
#3227750 0) 0-
#3228000 1# 1& 1' 1(
#3228250 0*
#3229250 1*
#3229875 1!
#3230125 0*
#3231125 1*
#3231625 0!
#3231750 1"
#3232000 0*
#3233000 1*
#3233625 1!
#3233875 0*
#3234875 1*
#3236000 1)
#3236125 1-
#3236250 0! 0$ 0&
#3237125 0)
#3237375 0" 0# 0(
#3237625 0*
#3238625 1*
#3239250 1!
#3239500 0*
#3240500 1*
#3241000 0!
#3241125 1"
#3241375 0*
#3242125 1)
#3242375 1*
#3242500 1# 1(
#3243250 0)
#3243375 0" 0(
#3243750 0*
#3244750 1*
#3245375 1!
#3245625 0*
#3246625 1*
#3247125 0!
#3247250 1"
#3247500 0*
#3248250 1)
#3248500 1! 1$ 1& 1( 1*
#3249250 0)
#3251000 1)
#3251250 0! 0# 0&
#3252125 0)
#3252375 1! 0" 0$ 0% 0'
#3252625 0*
#3253625 1*
#3254250 1%
#3254500 0*
#3255500 1*
#3255750 1)
#3256000 1# 1'
#3256750 0)
#3257000 0# 0% 0(
#3257250 0*
#3258250 1*
#3258500 1)
#3258750 0!
#3258875 1" 1$ 1% 1(
#3259625 0)
#3259750 0%
#3259875 1! 0" 0$ 1& 0'
#3260125 0*
#3261125 1*
#3261750 1%
#3262000 0*
#3263000 1*
#3263250 1)
#3263500 1# 0& 1'
#3264250 0)
#3264500 0# 0(
#3264750 0*
#3265750 1*
#3266000 1)
#3266250 0!
#3266375 1" 1# 1(
#3267125 0)
#3267250 0" 0# 0(
#3267375 1$
#3267625 0*
#3268625 1*
#3269250 1!
#3269500 0*
#3270500 1*
#3271000 0!
#3271125 1"
#3271375 0*
#3272125 1)
#3272375 0$ 1*
#3272500 1# 1(
#3273250 0)
#3273375 0" 0(
#3273500 1$
#3273750 0*
#3274750 1*
#3275375 1!
#3275625 0*
#3276625 1* 00
#3277125 0!
#3277250 1"
#3277500 0*
#3278625 1)
#3278875 1*
#3279375 0"
#3279500 1& 1( 0,
#3280250 0)
#3280375 0&
#3280500 0# 0$ 0% 0'
#3280750 0+
#3281750 1+
#3282375 1)
#3282750 1" 1$ 1% 1'
#3282875 1,
#3283500 0)
#3283625 10
#3284125 0" 0$ 0%
#3284250 1!
#3284500 0*
#3285500 1*
#3286125 1%
#3286375 0*
#3287375 1*
#3287500 1)
#3287875 1#
#3288625 0)
#3288875 0# 0% 1& 0(
#3289125 0*
#3290125 1*
#3290375 1)
#3290625 0! 0&
#3290750 1" 1$ 1% 1(
#3291500 0)
#3291625 0" 0$ 0%
#3291750 1! 1&
#3292000 0*
#3293000 1*
#3293625 1%
#3293875 0*
#3294875 1*
#3295000 1)
#3295375 1# 0&
#3296125 0)
#3296375 0# 1& 0(
#3296625 0*
#3297625 1*
#3297875 1)
#3298125 0! 0& 1(
#3298250 1" 1#
#3299000 0)
#3299125 0" 0# 0(
#3299250 0% 0'
#3299500 0*
#3300500 1*
#3301125 1!
#3301375 0*
#3302375 1*
#3302875 0!
#3303000 1"
#3303250 0*
#3304000 1)
#3304250 1*
#3304375 1# 1% 1' 1(
#3305125 0)
#3305250 0" 0# 0% 0' 0(
#3305500 0*
#3306625 1*
#3307250 1!
#3307500 0*
#3308500 1*
#3309000 0!
#3309125 1"
#3309375 0*
#3310125 1)
#3310250 0"
#3310375 1# 1$ 1% 1& 1' 1( 1*
#3310500 0,
#3311125 0)
#3311375 1! 0# 0$ 0% 0& 0'
#3311625 0+
#3312750 1+
#3312875 1)
#3313125 0!
#3313250 1$ 1% 1' 1,
#3314000 0)
#3314125 0$ 0% 0'
#3314250 1! 0(
#3314500 0*
#3315500 1*
#3316125 1%
#3316375 0*
#3317375 1*
#3317625 1)
#3317750 0!
#3317875 1# 1' 1(
#3318625 0)
#3318875 1! 0# 0% 0' 0(
#3319125 0*
#3320125 1*
#3320375 1)
#3320625 0!
#3320750 1$ 1% 1' 1(
#3321500 0)
#3321625 0' 0(
#3321750 1! 0$ 0%
#3322000 0*
#3323000 1*
#3323625 1%
#3323875 0*
#3324875 1*
#3325125 1)
#3325250 0!
#3325375 1# 1' 1(
#3326125 0)
#3326375 1! 0# 0% 0' 0(
#3326625 0*
#3327750 1*
#3327875 1)
#3328125 0!
#3328250 1" 1# 1% 1' 1(
#3329000 0)
#3329125 0(
#3329250 0" 0# 0% 0'
#3329500 0*
#3330500 1*
#3331125 1!
#3331375 0*
#3332375 1*
#3332875 0!
#3333000 1"
#3333250 0*
#3334000 1)
#3334250 1*
#3334375 1# 1% 1' 1(
#3335125 0)
#3335250 0# 0% 0' 0(
#3335375 0"
#3335625 0*
#3336625 1*
#3337250 1!
#3337500 0*
#3338500 1*
#3339000 0!
#3339125 1"
#3339375 0*
#3340125 1)
#3340375 1! 1' 1( 1*
#3340500 1# 1$ 1% 1&
#3341250 0)
#3342875 1)
#3343125 0! 0" 0# 0&
#3344000 0)
#3344250 1! 0$ 0% 0' 0(
#3344500 0*
#3345500 1*
#3346125 1%
#3346375 0*
#3347375 1*
#3347625 1)
#3347875 0! 1' 1(
#3348000 1#
#3348750 0)
#3348875 0# 0% 0' 0(
#3349000 1!
#3349250 0*
#3350250 1*
#3350375 1)
#3350625 0!
#3350750 1$ 1% 1' 1(
#3351500 0)
#3351750 1! 0$ 0% 0' 0(
#3352000 0*
#3353000 1*
#3353625 1%
#3353875 0*
#3354875 1*
#3355125 1)
#3355375 0! 1' 1(
#3355500 1#
#3356250 0)
#3356375 0# 0% 0' 0(
#3356500 1!
#3356750 0*
#3357750 1*
#3357875 1)
#3360500 00
#3367500 10
#3373250 1# 1$ 1% 1& 1' 1(
#3373375 0,
#3374000 0)
#3374250 0! 0# 0$ 0% 0& 0' 0(
#3374500 0+
#3375625 1+
#3375750 1)
#3377000 1! 1" 1# 1$ 1% 1& 1' 1(
#3377125 1,
#3377750 0)
#3379500 1)
#3382625 0! 0$ 0&
#3383375 0)
#3383625 0" 0# 0% 0' 0(
#3383875 0*
#3385000 1*
#3385125 1)
#3385500 1! 1" 1# 1$ 1% 1& 1' 1(
#3386250 0)
#3388000 1)
#3389125 0)
#3389625 0+
#3390625 1+
#3391500 0+
#3392500 1+
#3393375 0+
#3394375 1+
#3395250 0+
#3396250 1+
#3397375 1)
#3397625 0! 0$ 0&
#3398500 0)
#3398625 0" 0% 0' 0(
#3399000 0*
#3400000 1*
#3400125 1)
#3400500 1! 1$ 1% 1& 1' 1(
#3400625 0,
#3401250 0)
#3401500 0# 0$ 0% 0& 0' 0(
#3401750 0+
#3402750 1+
#3403000 1)
#3403375 1$ 1% 1,
#3404125 0) 0-
#3404250 0! 0$ 0%
#3404625 0*
#3405625 1*
#3406250 1!
#3406500 0*
#3407500 1*
#3408000 0!
#3408125 1"
#3408375 0*
#3409375 1*
#3410000 1!
#3410250 0*
#3411250 1*
#3412375 1) 1-
#3412625 0! 1(
#3412750 1# 1% 1'
#3413500 0)
#3413625 0# 0% 0' 0(
#3413750 0" 1$
#3414000 0*
#3415000 1*
#3415250 1)
#3415500 1! 1" 1# 1% 1& 1' 1(
#3416250 0)
#3418000 1)
#3418250 0" 0# 0& 0' 0(
#3419125 0) 0-
#3419250 0!
#3419375 1# 0$ 0%
#3419625 0*
#3420625 1*
#3421250 1!
#3421500 0*
#3422500 1*
#3423000 0!
#3423125 1"
#3423375 0*
#3424375 1*
#3425000 1!
#3425250 0*
#3426250 1*
#3427375 1)
#3427500 1-
#3427625 0!
#3427750 1% 1' 1(
#3428500 0)
#3428750 0" 1$ 0% 0' 0(
#3429000 0*
#3430000 1*
#3430250 1)
#3430500 1! 0$ 1& 1'
#3431375 0)
#3431625 1" 1$ 1%
#3431875 0+
#3432875 1+
#3433000 1)
#3433250 0" 0# 0& 0'
#3434125 0) 0-
#3434375 0! 0%
#3434625 0*
#3435625 1*
#3436250 1!
#3436500 0*
#3437500 1*
#3438125 0! 1"
#3438375 0*
#3439375 1*
#3440000 1!
#3440250 0*
#3441250 1*
#3442375 1)
#3442500 1-
#3442625 0! 0$
#3442750 1# 1% 1' 1(
#3443500 0)
#3443750 0" 0# 0' 0(
#3444000 0*
#3444375 00
#3445000 1*
#3445250 1)
#3445500 1(
#3445625 1! 1" 1# 1$ 1& 1'
#3446375 0)
#3448000 1)
#3448375 0" 0# 0& 0' 0(
#3449125 0) 0-
#3449375 0! 1# 0%
#3449625 0*
#3450625 1*
#3451250 1! 10
#3451500 0*
#3452500 1*
#3453125 0! 1"
#3453375 0*
#3454375 1*
#3455000 1!
#3455250 0*
#3456250 1*
#3457500 1) 1-
#3457625 0!
#3457750 0$ 1% 1' 1(
#3458500 0)
#3458750 0" 0' 0(
#3459000 0*
#3460000 1*
#3460250 1)
#3460625 1! 1$ 1& 1' 1( 0,
#3461375 0)
#3461625 0! 0# 0$ 0% 0& 0'
#3461875 0+
#3462875 1+
#3463125 1)
#3463375 1! 1$ 1% 0(
#3463500 1,
#3464125 0) 0-
#3464375 0! 0$
#3464625 0*
#3465625 1*
#3466250 1!
#3466500 0*
#3467500 1*
#3468125 0!
#3468250 1"
#3468375 0*
#3469375 1*
#3470000 1!
#3470250 0*
#3471250 1*
#3472500 1) 1-
#3472625 0!
#3472750 1# 1' 1(
#3473500 0)
#3473750 0" 0# 0' 0(
#3473875 1$
#3474000 0*
#3475000 1*
#3475250 1)
#3475625 1! 1" 1# 1& 1' 1(
#3476375 0)
#3478125 1)
#3478375 0" 0# 0& 0' 0(
#3479125 0) 0-
#3479375 0! 0$
#3479500 1#
#3479625 0*
#3480750 1*
#3481375 1!
#3481500 0*
#3482625 1*
#3483125 0!
#3483250 1"
#3483375 0*
#3484500 1*
#3485125 1!
#3485250 0*
#3486375 1*
#3487500 1) 1-
#3487750 0! 1' 1(
#3488625 0)
#3488750 0" 0' 0(
#3488875 1$
#3489000 0*
#3490125 1*
#3490250 1)
#3490500 0$ 0%
#3490625 1" 1& 1'
#3491375 0)
#3491625 1! 1$ 1%
#3491875 0*
#3492875 1*
#3493125 1)
#3493375 0" 0# 0& 0'
#3494125 0-
#3494250 0)
#3494375 0!
#3494625 0*
#3495750 1*
#3496375 1!
#3496625 0*
#3497625 1*
#3498125 0!
#3498250 1"
#3498500 0*
#3499500 1*
#3500125 1!
#3500375 0*
#3501375 1*
#3502500 1) 1-
#3502750 0! 0$ 1' 1(
#3502875 1#
#3503625 0)
#3503750 0" 0# 0% 0' 0(
#3503875 1&
#3504125 0*
#3505125 1*
#3505250 1)
#3505625 1! 1# 1$ 1% 1' 1(
#3505750 0,
#3506375 0)
#3506625 0# 0$ 0% 0& 0'
#3506875 0+
#3507875 1+
#3508125 1)
#3508375 1$ 1% 0(
#3508500 1,
#3509125 0-
#3509250 0)
#3509375 0!
#3509500 1#
#3509750 0*
#3510750 1*
#3511375 1!
#3511625 0*
#3512625 1*
#3513125 0!
#3513250 1"
#3513500 0*
#3514500 1*
#3515125 1!
#3515375 0*
#3516375 1*
#3517500 1) 1-
#3517750 0! 0$ 1' 1(
#3518625 0)
#3518750 0" 0% 0' 0(
#3518875 1&
#3519125 0*
#3520125 1*
#3520250 1)
#3520625 1! 1" 1$ 1% 1' 1(
#3521375 0)
#3523125 1)
#3523375 0" 0# 0& 0' 0(
#3524125 0-
#3524250 0)
#3524375 0! 0$ 0%
#3524500 1&
#3524750 0*
#3525750 1*
#3526375 1!
#3526625 0*
#3527625 1*
#3528125 0! 00
#3528250 1"
#3528500 0*
#3529500 1*
#3530125 1!
#3530375 0*
#3531375 1*
#3532500 1) 1-
#3532750 0! 0& 1' 1(
#3532875 1# 1%
#3533625 0)
#3533750 0" 0# 0% 0' 0(
#3533875 1$ 1&
#3534125 0*
#3535125 1* 10
#3535250 1)
#3535625 1! 1" 1# 1% 1' 1(
#3536375 0)
#3538125 1)
#3538375 0" 0# 0& 0' 0(
#3539125 0-
#3539250 0)
#3539375 0! 0$ 0%
#3539500 1# 1&
#3539750 0*
#3540750 1*
#3541375 1!
#3541625 0*
#3542625 1*
#3543125 0!
#3543250 1"
#3543500 0*
#3544500 1*
#3545125 1!
#3545375 0*
#3546375 1*
#3547500 1) 1-
#3547750 0! 1% 0& 1' 1(
#3548625 0)
#3548750 0" 0% 0' 0(
#3548875 1$ 1&
#3549125 0*
#3550125 1*
#3550250 1)
#3550500 0$
#3550625 1! 1" 1'
#3551375 0)
#3551625 1$ 1%
#3551875 0+
#3552875 1+
#3553125 1)
#3553375 0" 0# 0& 0'
#3554125 0-
#3554250 0)
#3554375 0! 0%
#3554500 1&
#3554750 0*
#3555750 1*
#3556375 1!
#3556625 0*
#3557625 1*
#3558125 0!
#3558250 1"
#3558500 0*
#3559500 1*
#3560125 1!
#3560375 0*
#3561375 1*
#3562500 1) 1-
#3562750 0! 0$ 1% 0& 1' 1(
#3562875 1#
#3563625 0)
#3563750 0" 0# 0' 0(
#3563875 1&
#3564000 0*
#3565125 1*
#3565250 1)
#3565625 1" 1# 1$ 1' 1( 0,
#3566375 0)
#3566625 0" 0# 0$ 0% 0& 0' 0(
#3566875 0+
#3567875 1+
#3568125 1)
#3568375 1! 1$ 1%
#3568500 1,
#3569125 0-
#3569250 0)
#3569375 0! 0%
#3569500 1# 1&
#3569750 0*
#3570750 1*
#3571375 1!
#3571500 0*
#3572625 1*
#3573125 0!
#3573250 1"
#3573375 0*
#3574500 1*
#3575125 1!
#3575250 0*
#3576375 1*
#3577500 1) 1-
#3577750 0! 0$ 1% 0& 1' 1(
#3578500 0)
#3578750 0" 0' 0(
#3578875 1&
#3579000 0*
#3580125 1*
#3580250 1)
#3580625 1! 1" 1$ 1' 1(
#3581375 0)
#3583125 1)
#3583375 0" 0# 0& 0' 0(
#3584125 0) 0-
#3584375 0! 0$
#3584500 1&
#3584625 0*
#3585750 1*
#3586250 1!
#3586500 0*
#3587500 1*
#3588125 0!
#3588250 1"
#3588375 0*
#3589375 1*
#3590000 1!
#3590250 0*
#3591250 1*
#3592500 1) 1-
#3592625 0!
#3592750 1# 0& 1' 1(
#3593500 0)
#3593750 0" 0# 1& 0' 0(
#3593875 1$
#3594000 0*
#3595000 1*
#3595250 1)
#3595625 1" 1# 1' 1( 0,
#3596375 0)
#3596625 1! 0" 0# 0$ 0% 0& 0' 0(
#3596875 0+
#3597875 1+
#3598125 1)
#3598375 1$ 1%
#3598500 1,
#3599125 0) 0-
#3599375 0! 0$
#3599500 1# 1&
#3599625 0*
#3600625 1*
#3601250 1!
#3601500 0*
#3602500 1*
#3603125 0! 1"
#3603375 0*
#3604375 1*
#3605000 1!
#3605250 0*
#3606250 1*
#3607500 1) 1-
#3607625 0!
#3607750 0& 1' 1(
#3608500 0)
#3608750 0" 1$ 1& 0' 0(
#3609000 0*
#3610000 1*
#3610250 1)
#3610500 0# 0% 1'
#3611375 0)
#3611625 1! 1" 1# 1%
#3611875 0*
#3612000 00
#3612875 1*
#3613000 1)
#3613250 0" 0#
#3613375 0& 0'
#3614125 0) 0-
#3614375 0! 1&
#3614625 0*
#3615625 1*
#3616250 1!
#3616500 0*
#3617500 1*
#3618125 0! 1"
#3618375 0*
#3619000 10
#3619375 1*
#3620000 1!
#3620250 0*
#3621250 1*
#3622375 1)
#3622500 1-
#3622625 0! 0&
#3622750 1# 0$ 1' 1(
#3623500 0)
#3623750 0" 0# 0% 0(
#3624000 0*
#3625000 1*
#3625250 1)
#3625500 1(
#3625625 1! 1" 1# 1$ 1% 1&
#3626375 0)
#3628000 1)
#3628250 0# 0&
#3628375 0" 0' 0(
#3629125 0) 0-
#3629375 0! 1# 1&
#3629625 0*
#3630625 1*
#3631250 1!
#3631500 0*
#3632500 1*
#3633125 0! 1"
#3633375 0*
#3634375 1*
#3635000 1!
#3635250 0*
#3636250 1*
#3637375 1)
#3637500 1-
#3637625 0! 0$ 0&
#3637750 1' 1(
#3638500 0)
#3638750 0" 0% 0(
#3639000 0*
#3640000 1*
#3640250 1)
#3640500 1! 1% 1& 1(
#3640625 1" 1$
#3641375 0)
#3643000 1)
#3643250 0" 0# 0& 0' 0(
#3644125 0) 0-
#3644375 0! 0$ 0% 1'
#3644625 0*
#3645625 1*
#3646250 1!
#3646500 0*
#3647500 1*
#3648000 0!
#3648125 1"
#3648375 0*
#3649375 1*
#3650000 1!
#3650250 0*
#3651250 1*
#3652375 1)
#3652500 1-
#3652625 0!
#3652750 1# 1% 1(
#3653500 0)
#3653750 0" 0# 1$ 0% 0(
#3654000 0*
#3655000 1*
#3655250 1)
#3655500 1" 1# 1% 1& 1(
#3655625 0,
#3656250 0)
#3656500 0" 0# 0$ 0% 0& 0'
#3656750 0+
#3657875 1+
#3658000 1)
#3658250 0(
#3658375 1! 1$ 1% 1,
#3659125 0) 0-
#3659250 0! 0$ 0%
#3659375 1# 1'
#3659625 0*
#3660625 1*
#3661250 1!
#3661500 0*
#3662500 1*
#3663000 0!
#3663125 1"
#3663375 0*
#3664375 1*
#3665000 1!
#3665250 0*
#3666250 1*
#3667375 1) 1-
#3667625 0!
#3667750 1% 1(
#3668500 0)
#3668625 0% 0(
#3668750 0" 1$
#3669000 0*
#3670000 1*
#3670250 1)
#3670500 1! 0# 1&
#3671250 0)
#3671625 1" 1# 1%
#3671750 0+
#3672750 1+
#3673000 1)
#3673250 0" 0# 0& 0'
#3674125 0) 0-
#3674250 0! 0%
#3674375 1'
#3674625 0*
#3675625 1*
#3676250 1!
#3676500 0*
#3677500 1*
#3678000 0!
#3678125 1"
#3678375 0*
#3679375 1*
#3680000 1!
#3680250 0*
#3681250 1*
#3682375 1) 1-
#3682625 0! 0$ 1(
#3682750 1# 1%
#3683500 0)
#3683625 0" 0# 0(
#3684000 0*
#3685000 1*
#3685125 1)
#3685500 1" 1# 1$ 1& 1(
#3685625 0,
#3686250 0)
#3686500 1! 0" 0# 0$ 0% 0& 0'
#3686750 0+
#3687750 1+
#3688000 1)
#3688250 0(
#3688375 1$ 1% 1,
#3689125 0) 0-
#3689250 0! 0%
#3689375 1# 1'
#3689625 0*
#3690625 1*
#3691250 1!
#3691500 0*
#3692500 1*
#3693000 0!
#3693125 1"
#3693375 0*
#3694375 1*
#3695000 1!
#3695250 0*
#3695875 00
#3696250 1*
#3697375 1) 1-
#3697625 0! 0$ 1(
#3697750 1%
#3698500 0)
#3698625 0" 0(
#3699000 0*
#3700000 1*
#3700125 1)
#3700500 1! 1" 1$ 1& 1(
#3701250 0)
#3702875 10
#3703000 1)
#3703250 0" 0# 0& 0' 0(
#3704000 0-
#3704125 0)
#3704250 0! 0$
#3704375 1'
#3704625 0*
#3705625 1*
#3706250 1!
#3706500 0*
#3707500 1*
#3708000 0!
#3708125 1"
#3708375 0*
#3709375 1*
#3710000 1!
#3710250 0*
#3711250 1*
#3712375 1) 1-
#3712625 0! 1(
#3712750 1#
#3713500 0)
#3713625 0" 0# 0(
#3713750 1$
#3714000 0*
#3715000 1*
#3715125 1)
#3715500 1! 1" 1# 1& 1(
#3716250 0)
#3718000 1)
#3718250 0" 0# 0& 0' 0(
#3719000 0-
#3719125 0)
#3719250 0! 0$
#3719375 1# 1'
#3719625 0*
#3720625 1*
#3721250 1!
#3721500 0*
#3722500 1*
#3723000 0!
#3723125 1"
#3723375 0*
#3724375 1*
#3725000 1!
#3725250 0*
#3726250 1*
#3727375 1) 1-
#3727625 0! 1(
#3728500 0)
#3728625 0" 0(
#3728750 1$
#3729000 0*
#3730000 1*
#3730125 1)
#3730375 0# 0%
#3730500 1" 1&
#3731250 0)
#3731500 1! 1# 1%
#3731750 0*
#3732750 1*
#3733000 1)
#3733250 0" 0# 0& 0'
#3734000 0-
#3734125 0)
#3734250 0!
#3734375 1'
#3734625 0*
#3735625 1*
#3736250 1!
#3736500 0*
#3737500 1*
#3738000 0!
#3738125 1"
#3738375 0*
#3739375 1*
#3740000 1!
#3740250 0*
#3741250 1*
#3742375 1) 1-
#3742625 0! 0$ 1(
#3742750 1#
#3743500 0)
#3743625 0" 0# 0% 0(
#3743750 1&
#3744000 0*
#3745000 1*
#3745125 1)
#3745500 1! 1" 1# 1$ 1% 1(
#3745625 0,
#3746250 0)
#3746500 0! 0" 0# 0$ 0% 0& 0' 0(
#3746750 0+
#3747750 1+
#3748000 1)
#3748250 1!
#3748375 1$ 1% 1,
#3749125 0) 0-
#3749250 0!
#3749375 1# 1'
#3749625 0*
#3750625 1*
#3751250 1!
#3751500 0*
#3752500 1*
#3753000 0!
#3753125 1"
#3753375 0*
#3754375 1*
#3755000 1!
#3755250 0*
#3756250 1*
#3757375 1) 1-
#3757625 0! 0$ 1(
#3758500 0)
#3758625 0" 0% 0(
#3758750 1&
#3759000 0*
#3760000 1*
#3760125 1)
#3760500 1! 1" 1$ 1% 1(
#3761250 0)
#3763000 1)
#3763250 0" 0# 0& 0' 0(
#3764000 0-
#3764125 0)
#3764250 0! 0$ 0%
#3764375 1& 1'
#3764625 0*
#3765625 1*
#3766250 1!
#3766500 0*
#3767500 1*
#3768000 0!
#3768125 1"
#3768375 0*
#3769375 1*
#3770000 1!
#3770250 0*
#3771250 1*
#3772375 1) 1-
#3772625 0! 0&
#3772750 1# 1% 1(
#3773500 0)
#3773625 0# 0(
#3773750 0" 1$ 0% 1&
#3774000 0*
#3775000 1*
#3775250 1)
#3775500 1! 1" 1# 1% 1(
#3775625 0,
#3776250 0)
#3776500 0" 0# 0$ 0% 0& 0' 0(
#3776750 0+
#3777875 1+
#3778000 1)
#3778375 1$ 1% 1,
#3779125 0) 0-
#3779250 0! 0$ 0%
#3779375 1# 1& 1'
#3779625 0*
#3779750 00
#3780625 1*
#3781250 1!
#3781500 0*
#3782500 1*
#3783000 0!
#3783125 1"
#3783375 0*
#3784375 1*
#3785000 1!
#3785250 0*
#3786250 1*
#3786625 10
#3787375 1)
#3787500 1-
#3787625 0! 0&
#3787750 1% 1(
#3788500 0)
#3788625 0(
#3788750 0" 1$ 0% 1&
#3789000 0*
#3790000 1*
#3790250 1)
#3790500 1! 1" 0#
#3791375 0)
#3791625 1# 1%
#3791875 0+
#3792875 1+
#3793000 1)
#3793250 0" 0# 0& 0'
#3794125 0) 0-
#3794375 0! 0% 1& 1'
#3794625 0*
#3795625 1*
#3796250 1!
#3796500 0*
#3797500 1*
#3798000 0!
#3798125 1"
#3798375 0*
#3799375 1*
#3800000 1!
#3800250 0*
#3801250 1*
#3802375 1)
#3802500 1-
#3802625 0! 0$ 0&
#3802750 1# 1% 1(
#3803500 0)
#3803750 0" 0# 1& 0(
#3804000 0*
#3805000 1*
#3805250 1)
#3805500 1(
#3805625 1! 1" 1# 1$
#3806375 0)
#3808000 1)
#3808375 0" 0# 0& 0' 0(
#3809125 0) 0-
#3809375 0! 1# 0% 1& 1'
#3809625 0*
#3810625 1*
#3811250 1!
#3811500 0*
#3812500 1*
#3813125 0! 1"
#3813375 0*
#3814375 1*
#3815000 1!
#3815250 0*
#3816250 1*
#3817375 1)
#3817500 1-
#3817625 0!
#3817750 0$ 1% 0& 1(
#3818500 0)
#3818750 0" 1& 0(
#3819000 0*
#3820000 1*
#3820250 1)
#3820625 1! 1" 1$ 1(
#3821375 0)
#3823000 1)
#3823375 0" 0# 0& 0' 0(
#3824125 0) 0-
#3824375 0! 0$ 1& 1'
#3824625 0*
#3825625 1*
#3826250 1!
#3826500 0*
#3827500 1*
#3828125 0!
#3828250 1"
#3828375 0*
#3829375 1*
#3830000 1!
#3830250 0*
#3831250 1*
#3832500 1) 1-
#3832750 0! 1# 0& 1(
#3833500 0)
#3833750 0" 0# 0(
#3833875 1$ 1&
#3834000 0*
#3835000 1*
#3835250 1)
#3835625 1! 1" 1# 1( 0,
#3836375 0)
#3836625 0! 0" 0# 0$ 0% 0& 0'
#3836875 0+
#3837875 1+
#3838125 1)
#3838375 1! 1$ 1% 0(
#3838500 1,
#3839125 0) 0-
#3839375 0! 0$
#3839500 1# 1& 1'
#3839625 0*
#3840750 1*
#3841375 1!
#3841500 0*
#3842625 1*
#3843125 0!
#3843250 1"
#3843375 0*
#3844500 1*
#3845125 1!
#3845375 0*
#3846375 1*
#3847500 1) 1-
#3847750 0! 0& 1(
#3848625 0)
#3848750 0" 0(
#3848875 1$ 1&
#3849125 0*
#3850125 1*
#3850250 1)
#3850500 0%
#3851375 0)
#3851625 1! 1" 1%
#3851875 0*
#3852875 1*
#3853125 1)
#3853375 0" 0# 0& 0'
#3854125 0-
#3854250 0)
#3854375 0!
#3854500 1& 1'
#3854750 0*
#3855750 1*
#3856375 1!
#3856625 0*
#3857625 1*
#3858125 0!
#3858250 1"
#3858500 0*
#3859500 1*
#3860125 1!
#3860375 0*
#3861375 1*
#3862500 1) 1-
#3862750 1(
#3862875 1#
#3863625 0) 00
#3864125 0+
#3865125 1+
#3865250 1)
#3865750 0,
#3866375 0)
#3866625 0" 0# 0$ 0% 0& 0'
#3866875 0+
#3867875 1+
#3868125 1)
#3868375 0(
#3868500 1$ 1% 1,
#3869250 0) 0-
#3869375 0!
#3869500 1# 1& 1'
#3869750 0*
#3870500 10
#3870750 1*
#3871375 1!
#3871625 0*
#3872625 1*
#3873125 0!
#3873250 1"
#3873500 0*
#3874500 1*
#3875125 1!
#3875375 0*
#3876375 1*
#3877500 1) 1-
#3877750 0! 0$ 0& 1(
#3878625 0)
#3878750 0(
#3878875 0" 0#
#3879125 0*
#3880125 1*
#3880750 1!
#3881000 0*
#3882000 1*
#3882500 0!
#3882625 1"
#3882875 0*
#3883625 1)
#3883875 1*
#3884000 1# 1(
#3884750 0)
#3884875 0" 0(
#3885250 0*
#3886250 1*
#3886875 1!
#3887125 0*
#3888125 1*
#3888625 0!
#3888750 1"
#3889000 0*
#3889750 1)
#3890000 1! 1( 1*
#3890125 1$ 1&
#3890875 0)
#3892500 1)
#3892750 0! 0# 0&
#3893625 0)
#3893875 0$ 0% 0'
#3894125 0*
#3895125 1*
#3895750 1%
#3896000 0*
#3897000 1*
#3897250 1)
#3897500 1! 0" 1'
#3897625 1#
#3898375 0)
#3898500 0! 0# 0% 0(
#3898625 1"
#3898875 0*
#3899875 1*
#3900000 1)
#3900375 1$ 1% 1(
#3901125 0)
#3901375 0$ 0% 1& 0'
#3901625 0*
#3902625 1*
#3903250 1%
#3903500 0*
#3904500 1*
#3904750 1)
#3905000 0" 0& 1'
#3905125 1! 1#
#3905875 0)
#3906000 0! 0# 0(
#3906125 1"
#3906375 0*
#3907375 1*
#3907500 1)
#3907875 1# 1(
#3908625 0)
#3908875 0" 0# 1$ 0(
#3909125 0*
#3910125 1*
#3910750 1!
#3911000 0*
#3912000 1*
#3912625 0! 1"
#3912875 0*
#3913625 1)
#3913875 0$ 1*
#3914000 1# 1(
#3914750 0)
#3915000 0" 1$ 0(
#3915250 0*
#3916250 1*
#3916875 1!
#3917125 0*
#3918125 1*
#3918625 0!
#3918750 1"
#3919000 0*
#3920250 1)
#3920500 1*
#3920875 0"
#3921000 0# 0$ 0% 0'
#3921125 0,
#3921750 0)
#3922250 0*
#3923250 1*
#3924000 1)
#3924250 1' 1(
#3924375 1" 1$ 1% 1,
#3925125 0)
#3925750 0$ 0%
#3926000 0*
#3927000 1*
#3927625 1%
#3927875 0*
#3928875 1*
#3929125 1)
#3929375 0"
#3929500 1! 1#
#3930250 0)
#3930375 0!
#3930500 1" 0# 0% 1& 0(
#3930750 0*
#3931750 1*
#3932000 1)
#3932250 1$ 1% 0& 1(
#3933000 0)
#3933250 0$ 0%
#3933375 1&
#3933500 0*
#3934500 1*
#3935250 1%
#3935375 0*
#3936375 1*
#3936625 1)
#3936875 0" 0&
#3937000 1! 1#
#3937750 0)
#3937875 0!
#3938000 1" 0# 1& 0(
#3938250 0*
#3939250 1*
#3939500 1)
#3939750 1# 0& 1(
#3940500 0)
#3940750 0" 0# 0% 0' 0(
#3941000 0*
#3942000 1*
#3942750 1!
#3942875 0*
#3943875 1*
#3944500 0!
#3944625 1"
#3944750 0*
#3945500 1)
#3945750 1*
#3945875 1# 1% 1' 1(
#3946625 0)
#3946875 0" 0# 0% 0' 0(
#3947125 0*
#3947375 00
#3948125 1*
#3948750 1!
#3949000 0*
#3950000 1*
#3950625 0! 1"
#3950875 0*
#3951625 1)
#3951875 0" 1*
#3952000 0,
#3952750 0)
#3953000 1!
#3953250 0*
#3954250 1*
#3954375 10
#3954500 1)
#3954625 0!
#3954750 1$ 1% 1' 1(
#3954875 1,
#3955500 0)
#3955750 0$ 0% 0' 0(
#3955875 1"
#3956000 0*
#3957125 1*
#3957750 1%
#3957875 0*
#3959000 1*
#3959125 1)
#3959375 0"
#3959500 1# 1' 1(
#3960250 0)
#3960500 1" 0# 0% 0' 0(
#3960750 0*
#3961750 1*
#3962000 1)
#3962250 0" 1$ 1% 1' 1(
#3963000 0)
#3963250 0$ 0% 0' 0(
#3963375 1"
#3963500 0*
#3964625 1*
#3965250 1%
#3965375 0*
#3966500 1*
#3966625 1)
#3966875 0"
#3967000 1# 1' 1(
#3967750 0)
#3968000 1" 0# 0% 0' 0(
#3968250 0*
#3969250 1*
#3969500 1)
#3969750 1# 1% 1' 1(
#3970500 0)
#3970750 0" 0# 0% 0' 0(
#3971000 0*
#3972125 1*
#3972750 1!
#3972875 0*
#3974000 1*
#3974500 0!
#3974625 1"
#3974750 0*
#3975500 1)
#3975750 1*
#3975875 1# 1% 1' 1(
#3976625 0)
#3976875 0" 0# 0% 0' 0(
#3977125 0*
#3978125 1*
#3978750 1!
#3979000 0*
#3980000 1*
#3980625 0! 1"
#3980875 0*
#3981625 1)
#3981875 1*
#3982000 1! 1# 1$ 1% 1& 1' 1(
#3982750 0)
#3984500 1)
#3984750 0! 0" 0# 0&
#3985500 0)
#3985750 0$ 0% 0' 0(
#3985875 1"
#3986000 0*
#3987000 1*
#3987750 1%
#3987875 0*
#3988875 1*
#3989125 1)
#3989375 0"
#3989500 1# 1' 1(
#3990250 0)
#3990375 0(
#3990500 1" 0# 0% 0'
#3990750 0*
#3991750 1*
#3992000 1)
#3992250 0" 1$ 1% 1' 1(
#3993000 0)
#3993250 0$ 0% 0' 0(
#3993375 1"
#3993500 0*
#3994500 1*
#3995250 1%
#3995375 0*
#3996375 1*
#3996625 1)
#3996875 0"
#3997000 1# 1' 1(
#3997750 0)
#3997875 0(
#3998000 1" 0# 0% 0'
#3998250 0*
#3999250 1*
#3999500 1)
#4014625 0"
#4014875 0,
#4015500 0)
#4015750 1(
#4016000 0*
#4017000 1*
#4017250 1)
#4018500 1! 1" 1# 1$ 1% 1& 1'
#4018625 1,
#4019250 0)
#4021000 1)
#4024000 0!
#4024125 0$ 0&
#4024875 0)
#4025125 0" 0# 0% 0' 0(
#4025375 0*
#4026375 1*
#4026625 1)
#4027000 1! 1" 1# 1$ 1% 1& 1' 1(
#4027750 0)
#4029375 1)
#4030500 0)
#4031000 0+
#4031250 00
#4032000 1+
#4032875 0+
#4033875 1+
#4034750 0+
#4035750 1+
#4036625 0+
#4037625 1+
#4038250 10
#4038750 1)
#4039000 0! 0&
#4039125 0$
#4039875 0)
#4040125 0" 0% 0' 0(
#4040375 0*
#4041375 1*
#4041625 1)
#4041875 0#
#4042000 0,
#4042750 0)
#4043000 1! 1(
#4043250 0*
#4044250 1*
#4044375 1)
#4044625 0(
#4044750 1$ 1%
#4044875 1,
#4045500 0) 0-
#4045750 0! 0$ 0% 1(
#4046000 0*
#4047000 1*
#4047625 1!
#4047875 0*
#4048875 1*
#4049375 0!
#4049500 1"
#4049750 0*
#4050750 1*
#4051375 1!
#4051625 0*
#4052625 1*
#4053750 1)
#4053875 1-
#4054000 0!
#4054125 1# 1% 1'
#4054875 0)
#4055125 0" 0# 1$ 0% 0' 0(
#4055375 0*
#4056375 1*
#4056625 1)
#4056875 1! 1" 1# 1% 1& 1' 1(
#4057750 0)
#4059375 1)
#4059625 0" 0# 0& 0' 0(
#4060500 0) 0-
#4060625 0!
#4060750 1# 0$ 0% 1(
#4061000 0*
#4062000 1*
#4062625 1!
#4062875 0*
#4063875 1*
#4064375 0!
#4064500 1"
#4064750 0*
#4065750 1*
#4066375 1!
#4066625 0*
#4067625 1*
#4068750 1) 1-
#4069000 0!
#4069125 1% 1'
#4069875 0)
#4070000 0'
#4070125 0" 1$ 0% 0(
#4070375 0*
#4071375 1*
#4071625 1)
#4071875 1! 1& 1'
#4072625 0)
#4073000 1" 1%
#4073125 0+
#4074125 1+
#4074375 1)
#4074625 0" 0# 0& 0'
#4075500 0) 0-
#4075625 0! 0%
#4075750 1(
#4076000 0*
#4077000 1*
#4077625 1!
#4077875 0*
#4078875 1*
#4079375 0!
#4079500 1"
#4079750 0*
#4080750 1*
#4081375 1!
#4081625 0*
#4082625 1*
#4083750 1) 1-
#4084000 0! 0$
#4084125 1# 1% 1'
#4084875 0)
#4085000 0" 0# 0' 0(
#4085375 0*
#4086375 1*
#4086500 1)
#4086875 1! 1" 1# 1$ 1& 1' 1(
#4087625 0)
#4089375 1)
#4089625 0" 0# 0& 0' 0(
#4090375 0-
#4090500 0)
#4090625 0! 0%
#4090750 1# 1(
#4091000 0*
#4092000 1*
#4092625 1!
#4092875 0*
#4093875 1*
#4094375 0!
#4094500 1"
#4094750 0*
#4095750 1*
