$date Wed Sep  2 13:14:44 2026 $end
$version libsigrok 0.5.2 $end
$comment
  Acquisition with 16/16 channels at 80 MHz
$end
$timescale 100 ps $end
$scope module libsigrok $end
$var wire 1 ! A0 $end
$var wire 1 " A1 $end
$var wire 1 # A2 $end
$var wire 1 $ A3 $end
$var wire 1 % A4 $end
$var wire 1 & A5 $end
$var wire 1 ' A6 $end
$var wire 1 ( A7 $end
$var wire 1 ) RAS $end
$var wire 1 * CAS0 $end
$var wire 1 + CAS1 $end
$var wire 1 , R/W $end
$var wire 1 - VDS $end
$var wire 1 . IRQ $end
$var wire 1 / CSW $end
$var wire 1 0 CSR $end
$upscope $end
$enddefinitions $end
#0 0! 0" 0# 1$ 1% 0& 1' 1( 1) 1* 1+ 0, 1- 0. 1/ 10
#125 1" 0$ 0% 0' 0( 0) 0+ 0-
#250 1! 1# 1$ 1' 1+ 1, 00
#375 1) 1-
#625 0! 0$ 1(
#750 1%
#1500 0)
#1625 0" 0(
#2000 0*
#3000 1*
#3125 1)
#3250 10
#3500 1! 1" 1$ 1& 1(
#4250 0)
#6000 1)
#6250 0" 0$ 0& 0(
#7000 0-
#7125 0)
#7250 0! 0#
#7625 0*
#8625 1*
#9250 1!
#9500 0*
#10500 1*
#11000 0!
#11125 1"
#11375 0*
#12375 1*
#13000 1!
#13250 0*
#14250 1*
#15375 1) 1-
#15625 0! 1(
#15750 1#
#16500 0)
#16625 0" 0# 0(
#16750 1$
#17000 0*
#18000 1*
#18125 1)
#18375 0%
#18500 1# 1& 1(
#18625 0,
#19250 0)
#19500 1! 0# 1% 0& 0(
#19750 0+
#20750 1+
#21000 1)
#21250 0$
#21375 1# 1,
#22000 0-
#22125 0)
#22250 0!
#22625 0*
#23625 1*
#24250 1!
#24500 0*
#25500 1*
#26000 0!
#26125 1"
#26375 0*
#27375 1*
#28000 1!
#28250 0*
#29250 1*
#30375 1) 1-
#30625 0! 1(
#31500 0)
#31625 0" 0(
#31750 1$
#32000 0*
#33000 1*
#33125 1)
#33375 0# 0% 0'
#33500 1! 1" 1&
#34250 0)
#34500 1# 1%
#34750 0+
#35750 1+
#36000 1)
#36250 0" 0$ 0& 1'
#37000 0-
#37125 0)
#37250 0! 0#
#37375 1$
#37625 0*
#38625 1*
#39250 1!
#39500 0*
#40500 1*
#41000 0!
#41125 1"
#41375 0*
#42375 1*
#43000 1!
#43250 0*
#44250 1*
#45375 1) 1-
#45625 0! 0$ 1(
#45750 1#
#46500 0)
#46625 0" 0# 0% 0(
#46750 1&
#47000 0*
#48000 1*
#48250 1)
#48500 1# 1$ 1(
#48625 0,
#49250 0)
#49500 1" 0# 1% 0& 0(
#49750 0+
#50750 1+
#51000 1)
#51250 0" 0$
#51375 1! 1# 1,
#52000 0-
#52125 0)
#52250 0!
#52375 1$
#52625 0*
#53625 1*
#54250 1!
#54500 0*
#55500 1*
#56000 0!
#56125 1"
#56375 0*
#57375 1*
#58000 1!
#58250 0*
#59250 1*
#60375 1) 1-
#60625 0! 0$ 1(
#61500 0)
#61625 0" 0(
#61750 0% 1&
#62000 0*
#63000 1*
#63250 1)
#63500 1! 1" 1$ 1% 1(
#64250 0)
#66000 1)
#66250 0" 0$ 0& 0(
#67000 0-
#67125 0)
#67250 0!
#67375 0# 0% 1&
#67625 0*
#68625 1*
#69250 1!
#69500 0*
#70500 1*
#71000 0!
#71125 1"
#71375 0*
#72375 1*
#73000 1!
#73250 0*
#74250 1*
#75375 1)
#75500 1-
#75625 0! 0&
#75750 1# 1% 1(
#76500 0)
#76625 0(
#76750 0" 0# 1$ 0% 1&
#77000 0*
#78000 1*
#78250 1)
#78500 1# 1(
#78625 0,
#79375 0)
#79500 0# 0& 0(
#79625 1! 1" 1%
#79875 0+
#80250 00
#80875 1+
#81000 1)
#81250 0" 0$
#81375 1# 1,
#82125 0) 0-
#82250 0!
#82375 0% 1&
#82625 0*
#83625 1*
#84250 1!
#84500 0*
#85500 1*
#86000 0!
#86125 1"
#86375 0*
#87125 10
#87375 1*
#88000 1!
#88250 0*
#89250 1*
#90375 1)
#90500 1-
#90625 0! 0&
#90750 1% 1(
#91500 0)
#91750 0" 1$ 0% 1& 0(
#92000 0*
#93000 1*
#93250 1)
#93500 0'
#94375 0)
#94625 1! 1" 1%
#94875 0*
#95875 1*
#96000 1)
#96250 0" 0&
#96375 0$ 1'
#97125 0) 0-
#97375 0! 0# 1$ 0% 1&
#97625 0*
#98625 1*
#99250 1!
#99500 0*
#100500 1*
#101125 0! 1"
#101375 0*
#102375 1*
#103000 1!
#103250 0*
#104250 1*
#105500 1) 1-
#105625 0!
#105750 1# 0$ 1% 0& 1(
#106500 0)
#106750 0" 0# 1& 0(
#107000 0*
#108000 1*
#108250 1)
#108500 0%
#108625 1# 1$ 1( 0,
#109375 0)
#109500 0(
#109625 1% 0&
#109875 0+
#110875 1+
#111125 1)
#111375 1! 0$
#111500 1,
#112125 0) 0-
#112375 0! 0%
#112500 1$ 1&
#112625 0*
#113625 1*
#114250 1!
#114500 0*
#115500 1*
#116125 0!
#116250 1"
#116375 0*
#117375 1*
#118000 1!
#118250 0*
#119375 1*
#120500 1) 1-
#120750 0! 0$ 1% 0& 1(
#121625 0)
#121750 0" 0(
#121875 1&
#122000 0*
#123125 1*
#123250 1)
#123625 1! 1" 1$ 1(
#124375 0)
#126125 1)
#126375 0" 0$ 0& 0(
#127125 0-
#127250 0)
#127375 0! 0#
#127500 1&
#127625 0*
#128750 1*
#129375 1!
#129500 0*
#130625 1*
#131125 0!
#131250 1"
#131500 0*
#132500 1*
#133125 1!
#133375 0*
#134375 1*
#135500 1) 1-
#135750 0! 1# 0& 1(
#136625 0)
#136750 0" 0# 0(
#136875 1$ 1&
#137125 0*
#138125 1*
#138250 1)
#138500 0%
#138625 1# 1(
#138750 0,
#139375 0)
#139625 1! 1% 0& 0(
#139875 0+
#140875 1+
#141125 1)
#141375 0$
#141500 1,
#142125 0-
#142250 0)
#142375 0!
#142500 1&
#142750 0*
#143750 1*
#144375 1!
#144625 0*
#145625 1*
#146125 0!
#146250 1"
#146500 0*
#147500 1*
#148125 1!
#148375 0*
#149375 1*
#150500 1) 1-
#150750 0! 0& 1(
#151625 0)
#151750 0" 0(
#151875 1$ 1&
#152125 0*
#153125 1*
#153375 1)
#153625 1! 0% 0'
#154375 0)
#154750 1" 1%
#154875 0+
#156000 1+
#156125 1)
#156375 0" 0$ 0&
#156500 1'
#157250 0) 0-
#157375 0!
#157500 0# 1$ 1&
#157750 0*
#158750 1*
#159375 1!
#159625 0*
#160625 1*
#161125 0!
#161250 1"
#161500 0*
#162500 1*
#163125 1!
#163375 0*
#164000 00
#164375 1*
#165500 1)
#165625 1-
#165875 1# 1(
#166625 0)
#167125 0+
#168125 1+
#168375 1)
#168625 0! 0" 0%
#168750 0,
#169500 0)
#169625 0& 0(
#169750 1" 1%
#170000 0+
#171000 1+ 10
#171125 1)
#171375 0" 0$
#171500 1! 1,
#172250 0) 0-
#172375 0!
#172500 1$ 1&
#172750 0*
#173750 1*
#174375 1!
#174625 0*
#175625 1*
#176250 0! 1"
#176500 0*
#177500 1*
#178125 1!
#178375 0*
#179375 1*
#180500 1)
#180625 1-
#180750 0! 0&
#180875 0$ 1(
#181625 0)
#181875 0" 0# 0% 0' 0(
#182125 0*
#183125 1*
#183750 1!
#184000 0*
#185000 1*
#185625 0! 1"
#185875 0*
#186625 1)
#186875 1*
#187000 1# 1% 1' 1(
#187750 0)
#187875 0(
#188000 0" 0# 0% 0'
#188250 0*
#189250 1*
#189875 1!
#190125 0*
#191125 1*
#191625 0!
#191750 1"
#192000 0*
#192750 1)
#193000 0" 1*
#193125 1# 1$ 1& 1' 1( 0,
#193875 0)
#194000 0& 0(
#194125 1! 1" 1%
#194375 0+
#195375 1+
#195625 1)
#195750 0! 0"
#195875 0# 1(
#196000 1,
#196625 0)
#196875 1" 0% 0' 0(
#197125 0*
#198125 1*
#198750 1%
#199000 0*
#200000 1*
#200250 1)
#200500 0" 0$
#200625 1# 1' 1(
#201375 0)
#201500 0(
#201625 1" 0# 1$ 0% 0'
#201875 0*
#202875 1*
#203125 1)
#203250 0"
#203375 1% 1' 1(
#204125 0)
#204375 0% 0' 0(
#204500 1"
#204625 0*
#205625 1*
#206375 1%
#206500 0*
#207625 1*
#207750 1)
#208000 0" 0$
#208125 1# 1' 1(
#208875 0)
#209000 0(
#209125 1" 0# 1$ 0% 0'
#209375 0*
#210375 1*
#210625 1)
#210875 1# 0$ 1% 1' 1(
#211625 0)
#211875 0" 0# 0% 0' 0(
#212125 0*
#213250 1*
#213875 1!
#214000 0*
#215125 1*
#215625 0!
#215750 1"
#215875 0*
#216750 1)
#216875 1*
#217000 1# 1% 1' 1(
#217750 0)
#218000 0" 0# 0% 0' 0(
#218250 0*
#219250 1*
#219875 1!
#220125 0*
#221125 1*
#221750 0! 1"
#222000 0*
#223250 1)
#223500 0" 1*
#223625 1# 1$ 1& 1' 1( 0,
#224375 0)
#224500 0# 0$ 0(
#224875 0+
#225875 1+
#226125 1)
#226250 0&
#226375 1$ 1% 1(
#226500 1,
#227125 0)
#227375 1" 0% 0' 0(
#227625 0*
#228625 1*
#229250 1%
#229500 0*
#230500 1*
#230750 1)
#231000 0" 0$
#231125 1# 1' 1(
#231875 0)
#232000 0# 0' 0(
#232125 1" 1$ 0%
#232375 0*
#233375 1*
#233625 1)
#233750 0"
#233875 1% 1' 1(
#234625 0)
#234875 1" 0% 0' 0(
#235125 0*
#236125 1*
#236750 1%
#237000 0*
#238000 1*
#238250 1)
#238500 0" 0$
#238625 1# 1' 1(
#239375 0)
#239500 0# 0' 0(
#239625 1" 1$ 0%
#239875 0*
#240875 1*
#241125 1)
#241250 0$
#241375 1# 1% 1' 1(
#242125 0)
#242375 0" 0# 0% 0' 0(
#242625 0*
#243625 1*
#244250 1!
#244500 0*
#245500 1*
#246125 0! 1"
#246375 0*
#247125 1)
#247375 1*
#247500 1# 1% 1' 1(
#247875 00
#248250 0)
#248500 0" 0# 0% 0' 0(
#248750 0*
#249750 1*
#250375 1!
#250625 0*
#251625 1*
#252125 0!
#252250 1"
#252500 0*
#253250 1)
#253500 0" 1*
#253625 1# 1$ 1& 1' 1( 0,
#254375 0)
#254500 0# 0$ 0(
#254625 1!
#254875 0+ 10
#255875 1+
#256125 1)
#256250 0! 0&
#256375 1$ 1% 1(
#256500 1,
#257125 0)
#257375 0% 0' 0(
#257500 1"
#257625 0*
#258625 1*
#259250 1%
#259500 0*
#260500 1*
#260750 1)
#261000 0" 0$
#261125 1# 1' 1(
#261875 0)
#262000 0# 0' 0(
#262125 1" 1$ 0%
#262375 0*
#263375 1*
#263625 1)
#263750 0"
#263875 1% 1' 1(
#264625 0)
#264875 1" 0% 0' 0(
#265125 0*
#266125 1*
#266750 1%
#267000 0*
#268000 1*
#268250 1)
#268500 0" 0$ 1(
#268625 1# 1'
#269375 0)
#269500 0# 0' 0(
#269625 1" 1$ 0%
#269875 0*
#270875 1*
#271000 1)
#271250 0$
#271375 1# 1% 1' 1(
#272125 0)
#272375 0" 0# 0% 0' 0(
#272625 0*
#273625 1*
#274250 1!
#274500 0*
#275500 1*
#276125 0! 1"
#276375 0*
#277125 1)
#277375 1*
#277500 1# 1% 1' 1(
#278250 0)
#278375 0(
#278500 0" 0# 0% 0'
#278750 0*
#279750 1*
#280375 1!
#280625 0*
#281625 1*
#282125 0!
#282250 1"
#282500 0*
#283250 1)
#283500 0" 1( 1*
#283625 1# 1$ 1& 1' 0,
#284375 0)
#284500 0# 0$ 0(
#284625 1"
#284875 0+
#285875 1+
#286000 1)
#286250 0" 0&
#286375 1$ 1% 1(
#286500 1,
#287125 0)
#287375 1" 0% 0' 0(
#287625 0*
#288625 1*
#289250 1%
#289500 0*
#290500 1*
#290750 1)
#291000 0" 0$ 1' 1(
#291125 1#
#291875 0)
#292000 0# 0% 0' 0(
#292125 1" 1$
#292375 0*
#293375 1*
#293500 1)
#293750 0"
#293875 1% 1' 1(
#294625 0)
#294875 1" 0% 0' 0(
#295125 0*
#296125 1*
#296750 1%
#297000 0*
#298000 1*
#298250 1)
#298500 0" 0$ 1' 1(
#298625 1#
#299375 0)
#299500 0# 0% 0' 0(
#299625 1" 1$
#299750 0*
#300875 1*
#301000 1)
#316250 0"
#316375 1# 1& 1' 1( 0,
#317125 0)
#317250 0# 0(
#317375 1! 1" 0$
#317625 0+
#318625 1+
#318875 1)
#320125 1# 1$ 1% 1( 1,
#320875 0)
#322625 1)
#325625 0! 0$ 0&
#326500 0)
#326625 0# 0(
#326750 0" 0% 0'
#327000 0*
#328000 1*
#328250 1)
#328500 1! 1" 1# 1$ 1% 1& 1' 1(
#329250 0)
#331000 1)
#331750 00
#332125 0)
#332625 0+
#333625 1+
#334500 0+
#335500 1+
#336375 0+
#337375 1+
#338250 0+
#338750 10
#339250 1+
#340375 1)
#340625 0! 0$ 0&
#341500 0)
#341625 0" 0% 0' 0(
#342000 0*
#343000 1*
#343125 1)
#343500 1$ 1& 1' 1(
#343625 0,
#344250 0)
#344500 0$ 0(
#344750 0+
#345750 1+
#346000 1)
#346250 1! 0&
#346375 1% 1,
#347000 0-
#347125 0)
#347250 0! 0# 0% 0'
#347375 1(
#347625 0*
#348625 1*
#349250 1!
#349500 0*
#350500 1*
#351000 0!
#351125 1"
#351375 0*
#352375 1*
#353000 1!
#353250 0*
#354250 1*
#355375 1) 1-
#355625 0! 1# 1% 1'
#356500 0)
#356625 0" 0# 0% 0' 0(
#356750 1$
#356875 0*
#358000 1*
#358125 1)
#358500 1! 1" 1# 1% 1& 1' 1(
#359250 0)
#361000 1)
#361250 0" 0$ 0& 0(
#362000 0-
#362125 0)
#362250 0! 0% 0'
#362375 1(
#362500 0*
#363625 1*
#364250 1!
#364375 0*
#365500 1*
#366000 0!
#366125 1"
#366250 0*
#367375 1*
#368000 1!
#368125 0*
#369250 1*
#370375 1) 1-
#370625 0! 1% 1'
#371500 0)
#371625 0" 0% 0' 0(
#371750 1$
#371875 0*
#373000 1*
#373125 1)
#373500 1" 1&
#374250 0)
#374500 1! 1%
#374750 0*
#375750 1*
#376000 1)
#376250 0" 0$ 0& 1'
#377000 0) 0-
#377250 0! 0# 0% 0' 1(
#377375 1$
#377500 0*
#378625 1*
#379125 1!
#379375 0*
#380500 1*
#381000 0!
#381125 1"
#381250 0*
#382375 1*
#382875 1!
#383125 0*
#384250 1*
#385375 1) 1-
#385625 0! 1# 0$ 1% 1'
#386375 0)
#386625 0" 0# 0' 0(
#386875 0*
#387875 1*
#388125 1)
#388375 0%
#388500 1# 1$ 1& 1' 1( 0,
#389250 0)
#389375 0(
#389500 1! 0$
#389750 0+
#390750 1+
#391000 1)
#391250 1% 0&
#391375 1,
#392000 0) 0-
#392250 0! 0% 0' 1(
#392375 1$
#392500 0*
#393500 1*
#394125 1!
#394375 0*
#395375 1*
#396000 0!
#396125 1"
#396250 0*
#397250 1*
#397875 1!
#398125 0*
#399125 1*
#400375 1) 1-
#400500 0!
#400625 0$ 1% 1'
#401375 0)
#401625 0" 0' 0(
#401875 0*
#402875 1*
#403125 1)
#403500 1! 1" 1$ 1& 1' 1(
#404250 0)
#406000 1)
#406250 0" 0$ 0& 0(
#407000 0) 0-
#407250 0! 0# 0' 1(
#407500 0*
#408500 1*
#409125 1!
#409375 0*
#410375 1*
#411000 0!
#411125 1"
#411250 0*
#412250 1*
#412875 1!
#413125 0*
#414125 1*
#415375 1) 1-
#415500 0!
#415625 1# 1' 00
#416375 0)
#416625 0" 0# 1$ 0' 0(
#416875 0*
#417875 1*
#418125 1)
#418375 0%
#418500 1# 1& 1' 1( 0,
#419250 0)
#419375 0(
#419500 1" 0$
#419750 0+
#420750 1+
#421000 1)
#421125 0"
#421250 1! 1% 0&
#421375 1,
#422000 0) 0-
#422250 0! 0' 1(
#422500 0* 10
#423500 1*
#424125 1!
#424375 0*
#425375 1*
#426000 0! 1"
#426250 0*
#427250 1*
#427875 1!
#428125 0*
#429125 1*
#430375 1) 1-
#430500 0!
#430625 1'
#431375 0)
#431625 0" 1$ 0' 0(
#431875 0*
#432875 1*
#433125 1)
#433375 0%
#433500 1! 1" 1&
#434250 0)
#434500 1%
#434750 0+
#435750 1+
#436000 1)
#436250 0" 0$ 0& 1'
#437000 0) 0-
#437250 0! 0# 1$ 0' 1(
#437500 0*
#438500 1*
#439125 1!
#439375 0*
#440375 1*
#441000 0! 1"
#441250 0*
#442250 1*
#442875 1!
#443125 0*
#444125 1*
#445375 1) 1-
#445500 0!
#445625 1# 0$ 1'
#446375 0)
#446625 0" 0# 0% 1& 0' 0(
#446875 0*
#447875 1*
#448125 1)
#448500 1# 1$ 1' 1( 0,
#449250 0)
#449375 0$ 0(
#449500 1! 1"
#449750 0+
#450750 1+
#451000 1)
#451125 0"
#451250 1% 0&
#451375 1,
#452000 0) 0-
#452250 0! 1$ 0' 1(
#452500 0*
#453500 1*
#454125 1!
#454375 0*
#455375 1*
#456000 0! 1"
#456250 0*
#457250 1*
#457875 1!
#458125 0*
#459125 1*
#460375 1) 1-
#460500 0!
#460625 0$ 1'
#461375 0)
#461625 0" 0% 1& 0' 0(
#461875 0*
#462875 1*
#463125 1)
#463500 1! 1" 1$ 1% 1' 1(
#464250 0)
#466000 1)
#466250 0" 0$ 0& 0(
#467000 0) 0-
#467250 0! 0# 0% 1& 0' 1(
#467500 0*
#468500 1*
#469125 1!
#469375 0*
#470375 1*
#471000 0!
#471125 1"
#471250 0*
#472250 1*
#472875 1!
#473125 0*
#474125 1*
#475375 1) 1-
#475500 0!
#475625 1# 1% 0& 1'
#476375 0)
#476625 0" 0# 0% 0' 0(
#476750 1$ 1&
#476875 0*
#477875 1*
#478125 1)
#478500 1# 1' 1( 0,
#479250 0)
#479375 0(
#479500 0#
#479750 0+
#480750 1+
#481000 1)
#481250 1! 1# 0$ 1% 0&
#481375 1,
#482000 0) 0-
#482250 0! 0% 0' 1(
#482375 1&
#482500 0*
#483625 1*
#484125 1!
#484375 0*
#485500 1*
#486000 0!
#486125 1"
#486250 0*
#487375 1*
#487875 1!
#488125 0*
#489250 1*
#490375 1) 1-
#490625 0! 1% 0& 1'
#491500 0)
#491625 0" 0% 0' 0(
#491750 1$ 1&
#491875 0*
#493000 1*
#493125 1)
#493375 0# 0$
#493500 1%
#494250 0)
#494500 1! 1" 1# 1$
#494750 0*
#495750 1*
#496000 1)
#496250 0" 0$ 0& 1'
#497000 0-
#497125 0)
#497250 0! 0# 0% 0'
#497375 1$ 1& 1(
#497500 0*
#498625 1*
#499250 1!
#499375 00
#499500 0*
#500500 1*
#501000 0!
#501125 1"
#501375 0*
#502375 1*
#503000 1!
#503250 0*
#504250 1*
#505375 1) 1-
#505625 0! 0$ 0& 1'
#505750 1# 1%
#506375 10
#506500 0)
#506625 0" 0# 0' 0(
#506750 1&
#507000 0*
#508000 1*
#508125 1)
#508375 0%
#508500 1# 1$ 1' 1( 0,
#509250 0)
#509500 1! 0# 0(
#509750 0+
#510750 1+
#511000 1)
#511250 0$ 0&
#511375 1# 1% 1,
#512000 0-
#512125 0)
#512250 0! 0% 0'
#512375 1$ 1& 1(
#512625 0*
#513625 1*
#514250 1!
#514500 0*
#515500 1*
#516000 0!
#516125 1"
#516375 0*
#517375 1*
#518000 1!
#518250 0*
#519250 1*
#520375 1) 1-
#520625 0! 0$ 0& 1'
#520750 1%
#521500 0)
#521625 0" 0' 0(
#521750 1&
#522000 0*
#523000 1*
#523250 1)
#523500 1! 1" 1$ 1' 1(
#524250 0)
#526000 1)
#526250 0" 0$ 0& 0(
#527000 0-
#527125 0)
#527250 0! 0# 0'
#527375 1& 1(
#527625 0*
#528625 1*
#529250 1!
#529500 0*
#530500 1*
#531000 0!
#531125 1"
#531375 0*
#532375 1*
#533000 1!
#533250 0*
#534250 1*
#535375 1)
#535500 1-
#535625 0! 0&
#535750 1# 1'
#536500 0)
#536625 0#
#536750 0" 1$ 1& 0' 0(
#537000 0*
#538000 1*
#538250 1)
#538500 1# 0% 1' 1(
#538625 0,
#539250 0)
#539500 0# 0(
#539625 1"
#539875 0+
#540875 1+
#541000 1)
#541250 0" 0$ 0&
#541375 1! 1# 1% 1,
#542125 0) 0-
#542250 0!
#542375 1& 0' 1(
#542625 0*
#543625 1*
#544250 1!
#544500 0*
#545500 1*
#546000 0!
#546125 1"
#546375 0*
#547375 1*
#548000 1!
#548250 0*
#549250 1*
#550375 1)
#550500 1-
#550625 0! 0&
#550750 1'
#551500 0)
#551750 0" 1$ 1& 0' 0(
#552000 0*
#553000 1*
#553250 1)
#553500 1! 0# 0$
#554375 0)
#554625 1" 1# 1$
#554875 0+
#555875 1+
#556000 1)
#556250 0" 0$ 0&
#556375 1'
#557125 0) 0-
#557375 0! 0# 1$ 1& 0' 1(
#557625 0*
#558625 1*
#559250 1!
#559500 0*
#560500 1*
#561125 0! 1"
#561375 0*
#562375 1*
#563000 1!
#563250 0*
#564250 1*
#565500 1) 1-
#565625 0!
#565750 1# 0$ 0& 1'
#566500 0)
#566750 0" 0# 0% 0(
#567000 0*
#568000 1*
#568250 1)
#568625 1# 1$ 1& 1( 0,
#569375 0)
#569500 0# 0(
#569625 1! 1"
#569875 0+
#570875 1+
#571125 1)
#571375 0" 1# 0$ 1% 0&
#571500 1,
#572125 0) 0-
#572375 0! 1& 0' 1(
#572500 1$
#572625 0*
#573625 1*
#574250 1!
#574500 0*
#575500 1*
#576125 0!
#576250 1"
#576375 0*
#577375 1*
#578000 1!
#578250 0*
#579375 1*
#580500 1) 1-
#580750 0! 0$ 0& 1'
#581500 0)
#581750 0" 0% 0(
#582000 0*
#583125 1*
#583250 1) 00
#583625 1! 1" 1$ 1% 1& 1(
#584375 0)
#586125 1)
#586375 0" 0$ 0& 0(
#587125 0-
#587250 0)
#587375 0! 0# 0% 1(
#587625 0*
#588750 1*
#589375 1!
#589625 0*
#590250 10
#590625 1*
#591125 0!
#591250 1"
#591500 0*
#592500 1*
#593125 1!
#593375 0*
#594375 1*
#595500 1) 1-
#595750 0!
#595875 1# 1%
#596625 0)
#596750 0" 0# 0% 0(
#596875 1$
#597125 0*
#598125 1*
#598250 1)
#598625 1# 1& 1(
#598750 0,
#599375 0)
#599625 0(
#599875 0+
#600875 1+
#601125 1)
#601375 1! 0$ 0&
#601500 1% 1,
#602125 0-
#602250 0)
#602375 0! 0%
#602500 1(
#602750 0*
#603750 1*
#604375 1!
#604625 0*
#605625 1*
#606125 0!
#606250 1"
#606500 0*
#607500 1*
#608125 1!
#608375 0*
#609375 1*
#610500 1) 1-
#610750 0!
#610875 1%
#611625 0)
#611750 0" 0% 0(
#611875 1$
#612125 0*
#613125 1*
#613375 1)
#613500 0# 0$
#613625 1" 1% 1& 0'
#614375 0)
#614625 1!
#614750 1# 1$
#614875 0*
#615875 1*
#616125 1)
#616375 0" 0$ 0&
#616500 1'
#617125 0-
#617250 0)
#617375 0! 0# 0%
#617500 1$ 1(
#617750 0*
#618750 1*
#619375 1!
#619625 0*
#620625 1*
#621125 0!
#621250 1"
#621500 0*
#622500 1*
#623125 1!
#623375 0*
#624375 1*
#625500 1)
#625625 1-
#625750 0! 0$
#625875 1# 1%
#626625 0)
#626750 0#
#626875 0" 0(
#627125 0*
#628125 1*
#628375 1)
#628625 1# 1$ 0% 1& 1(
#628750 0,
#629375 0)
#629625 0(
#629750 1!
#630000 0+
#631000 1+
#631125 1)
#631375 0$ 0&
#631500 1% 1,
#632250 0) 0-
#632375 0!
#632500 1$ 0% 1(
#632750 0*
#633750 1*
#634375 1!
#634625 0*
#635625 1*
#636125 0!
#636250 1"
#636500 0*
#637500 1*
#638125 1!
#638375 0*
#639375 1*
#640500 1)
#640625 1-
#640750 0! 0$
#640875 1%
#641625 0)
#641875 0" 0(
#642125 0*
#643125 1*
#643375 1)
#643625 1! 1(
#643750 1" 1$ 1&
#644500 0)
#646125 1)
#646375 0" 0$ 0& 0(
#647250 0) 0-
#647500 0! 0# 1(
#647750 0*
#648750 1*
#649375 1!
#649625 0*
#650625 1*
#651250 0! 1"
#651500 0*
#652500 1*
#653125 1!
#653375 0*
#654375 1*
#655500 1)
#655625 1-
#655750 0!
#655875 1#
#656625 0)
#656875 0" 0# 1$ 0(
#657125 0*
#658125 1*
#658375 1)
#658625 0% 1(
#658750 1# 1& 0,
#659500 0)
#659625 0(
#659750 1"
#660000 0+
#661000 1+
#661125 1)
#661375 0" 0$ 0&
#661500 1! 1%
#661625 1,
#662250 0) 0-
#662375 0!
#662500 1(
#662750 0*
#663750 1*
#664375 1!
#664625 0*
#665625 1*
#666250 0! 1"
#666500 0*
#667125 00
#667500 1*
#668125 1!
#668375 0*
#669375 1*
#670500 1)
#670625 1-
#670750 0!
#671625 0)
#671875 0" 1$ 0(
#672125 0*
#673125 1*
#673375 1)
#673625 1! 0# 0$ 0'
#673750 1" 1&
#674125 10
#674500 0)
#674750 1# 1$
#675000 0+
#676000 1+
#676125 1)
#676375 0" 0$ 0&
#676500 1'
#677250 0) 0-
#677500 0! 0# 1$ 1(
#677750 0*
#678750 1*
#679375 1!
#679625 0*
#680625 1*
#681250 0! 1"
#681500 0*
#682500 1*
#683125 1!
#683375 0*
#684375 1*
#685500 1)
#685625 1-
#685750 0! 0$
#685875 1#
#686625 0)
#686875 0" 0# 0% 1& 0(
#687125 0*
#688125 1*
#688375 1)
#688625 1(
#688750 1# 1$ 0,
#689500 0)
#689625 0(
#689750 1! 1"
#690000 0+
#691000 1+
#691125 1)
#691375 0" 0$ 0&
#691500 1%
#691625 1,
#692250 0) 0-
#692500 0! 1$ 1(
#692750 0*
#693750 1*
#694375 1!
#694625 0*
#695625 1*
#696250 0! 1"
#696500 0*
#697500 1*
#698125 1!
#698375 0*
#699375 1*
#700500 1)
#700625 1-
#700750 0! 0$
#701625 0)
#701875 0" 0% 1& 0(
#702125 0*
#703125 1*
#703375 1)
#703625 1! 1(
#703750 1" 1$ 1%
#704500 0)
#706125 1)
#706375 0" 0$ 0& 0(
#707250 0) 0-
#707500 0! 0# 0% 1& 1(
#707750 0*
#708750 1*
#709375 1!
#709625 0*
#710625 1*
#711125 0!
#711250 1"
#711500 0*
#712500 1*
#713125 1!
#713375 0*
#714375 1*
#715500 1)
#715625 1-
#715750 0! 0&
#715875 1# 1%
#716625 0)
#716875 0" 0# 1$ 0% 1& 0(
#717125 0*
#718125 1*
#718375 1)
#718625 1# 1(
#718750 0,
#719375 0)
#719625 0# 0$ 0(
#719750 1%
#720000 0+
#721000 1+
#721125 1)
#721375 0&
#721500 1! 1# 1,
#722250 0) 0-
#722375 0!
#722500 0% 1& 1(
#722750 0*
#723750 1*
#724375 1!
#724625 0*
#725625 1*
#726125 0!
#726250 1"
#726500 0*
#727500 1*
#728125 1!
#728375 0*
#729375 1*
#730500 1) 1-
#730750 0! 0&
#730875 1%
#731625 0)
#731750 0% 0(
#731875 0" 1$ 1&
#732125 0*
#733125 1*
#733375 1)
#733625 0$ 1% 0'
#734375 0)
#734625 1!
#734750 1" 1$
#734875 0*
#735875 1*
#736125 1)
#736375 0" 0$ 0&
#736500 1'
#737125 0-
#737250 0)
#737375 0! 0# 0%
#737500 1$ 1& 1(
#737750 0*
#738750 1*
#739375 1!
#739625 0*
#740625 1*
#741125 0!
#741250 1"
#741500 0*
#742500 1*
#743125 1!
#743375 0*
#744375 1*
#745500 1) 1-
#745750 0! 0$ 0&
#745875 1# 1%
#746625 0)
#746750 0" 0# 0(
#746875 1&
#747125 0*
#748125 1*
#748250 1)
#748500 0%
#748625 1# 1$ 1(
#748750 0,
#749375 0)
#749625 1! 0# 0$ 1% 0(
#749875 0+
#750875 1+
#751000 00
#751125 1)
#751375 0&
#751500 1# 1,
#752125 0-
#752250 0)
#752375 0! 0%
#752500 1$ 1& 1(
#752750 0*
#753750 1*
#754375 1!
#754625 0*
#755625 1*
#756125 0!
#756250 1"
#756500 0*
#757500 1*
#758000 10
#758125 1!
#758375 0*
#759375 1*
#760500 1) 1-
#760750 0! 0$ 1% 0&
#761625 0)
#761750 0" 0(
#761875 1&
#762125 0*
#763125 1*
#763250 1)
#763625 1! 1" 1$ 1(
#764375 0)
#766125 1)
#766375 0" 0$ 0& 0(
#767125 0-
#767250 0)
#767375 0! 0#
#767500 1& 1(
#767625 0*
#768750 1*
#769375 1!
#769500 0*
#770625 1*
#771125 0!
#771250 1"
#771375 0*
#772500 1*
#773125 1!
#773250 0*
#774375 1*
#775500 1) 1-
#775750 0! 1# 0&
#776500 0)
#776750 0" 0# 0(
#776875 1$ 1&
#777000 0*
#778125 1*
#778250 1)
#778500 0%
#778625 1# 1( 0,
#779375 0)
#779500 0(
#779625 1" 0# 0$ 1%
#779875 0+
#780875 1+
#781125 1)
#781375 1! 0" 1# 0&
#781500 1,
#782125 0) 0-
#782375 0!
#782500 1& 1(
#782625 0*
#783625 1*
#784250 1!
#784500 0*
#785500 1*
#786125 0!
#786250 1"
#786375 0*
#787375 1*
#788000 1!
#788250 0*
#789250 1*
#790500 1) 1-
#790625 0!
#790750 0&
#791500 0)
#791750 0" 1& 0(
#791875 1$
#792000 0*
#793000 1*
#793250 1)
#793500 0$ 0'
#793625 1!
#794375 0)
#794625 1" 1$
#794875 0+
#795875 1+
#796125 1)
#796375 0" 0$ 0& 1'
#797125 0) 0-
#797375 0! 0# 1& 1(
#797500 1$
#797625 0*
#798625 1*
#799250 1!
#799500 0*
#800500 1*
#801125 0! 1"
#801375 0*
#802375 1*
#803000 1!
#803250 0*
#804250 1*
#805500 1) 1-
#805750 1#
#806500 0)
#807000 0+
#808000 1+
#808250 1)
#808500 0! 0" 0%
#808625 0,
#809375 0)
#809500 0# 0$ 0(
#809625 1! 1" 1%
#809875 0+
#810875 1+
#811000 1)
#811250 0" 0&
#811375 1#
#811500 1,
#812125 0) 0-
#812375 0! 1$ 1& 1(
#812625 0*
#813625 1*
#814250 1!
#814500 0*
#815500 1*
#816125 0! 1"
#816375 0*
#817375 1*
#818000 1!
#818250 0*
#819250 1*
#820375 1)
#820500 1-
#820625 0! 0&
#820750 0$
#821500 0)
#821750 0" 0# 0% 0' 0(
#822000 0*
#823000 1*
#823625 1!
#823875 0*
#824875 1*
#825500 0! 1"
#825750 0*
#826500 1)
#826750 1*
#826875 1# 1% 1' 1(
#827625 0)
#827750 0# 0% 0' 0(
#827875 0"
#828125 0*
#829125 1*
#829750 1!
#830000 0*
#831000 1*
#831500 0!
#831625 1"
#831875 0*
#832625 1)
#832875 0" 1' 1( 1*
#833000 1# 1$ 1& 0,
#833750 0)
#833875 0$ 0(
#834000 1%
#834250 0+
#834875 00
#835250 1+
#835375 1)
#835625 0# 0&
#835750 1$ 1(
#835875 1,
#836500 0)
#836750 1! 1" 0% 0' 0(
#837000 0*
#838000 1*
#838625 1%
#838875 0*
#839875 1*
#840125 1)
#840375 0! 0" 0$ 1' 1(
#840500 1#
#841250 0)
#841375 0# 0% 0' 0(
#841500 1! 1" 1$
#841625 0*
#841750 10
#842750 1*
#842875 1)
#843125 0! 0"
#843250 1% 1' 1(
#844000 0)
#844125 0(
#844250 1! 1" 0% 0'
#844500 0*
#845500 1*
#846125 1%
#846375 0*
#847375 1*
#847625 1)
#847875 0! 0" 0$ 1' 1(
#848000 1#
#848750 0)
#848875 0# 0% 0' 0(
#849000 1! 1" 1$
#849125 0*
#850250 1*
#850375 1)
#850625 0! 0$
#850750 1# 1% 1' 1(
#851500 0)
#851750 0" 0# 0% 0' 0(
#852000 0*
#853000 1*
#853625 1!
#853875 0*
#854875 1*
#855375 0!
#855500 1"
#855750 0*
#856500 1)
#856750 1*
#856875 1# 1% 1' 1(
#857625 0)
#857750 0# 0% 0' 0(
#857875 0"
#858125 0*
#859125 1*
#859750 1!
#860000 0*
#861000 1*
#861500 0!
#861625 1"
#861875 0*
#863125 1)
#863250 0" 1*
#863375 1# 1$ 1& 1' 1(
#863500 0,
#864125 0)
#864375 1! 0$ 1% 0(
#864625 0+
#865625 1+
#865875 1)
#866125 0! 0# 0& 1(
#866250 1$ 1,
#867000 0)
#867125 0% 0' 0(
#867250 1! 1"
#867500 0*
#868500 1*
#869125 1%
#869375 0*
#870375 1*
#870625 1)
#870750 0! 0"
#870875 1# 0$ 1' 1(
#871625 0)
#871875 1! 1" 0# 0% 0' 0(
#872000 1$
#872125 0*
#873125 1*
#873375 1)
#873625 0! 0" 1(
#873750 1% 1'
#874500 0)
#874625 0% 0' 0(
#874750 1! 1"
#875000 0*
#876000 1*
#876625 1%
#876875 0*
#877875 1*
#878125 1)
#878250 0! 0"
#878375 1# 0$ 1' 1(
#879125 0)
#879375 1! 1" 0# 1$ 0% 0' 0(
#879625 0*
#880625 1*
#880875 1)
#881125 0! 0$ 1(
#881250 1# 1% 1'
#882000 0)
#882125 0" 0# 0% 0' 0(
#882500 0*
#883500 1*
#884125 1!
#884375 0*
#885375 1*
#885875 0!
#886000 1"
#886250 0*
#887000 1)
#887250 1*
#887375 1# 1% 1' 1(
#888125 0)
#888250 0" 0# 0% 0' 0(
#888500 0*
#889625 1*
#890250 1!
#890500 0*
#891500 1*
#892000 0!
#892125 1"
#892375 0*
#893125 1)
#893250 0"
#893375 1# 1$ 1& 1' 1( 1*
#893500 0,
#894125 0)
#894375 0$ 0(
#894500 1" 1%
#894625 0+
#895750 1+
#895875 1)
#896125 0" 0# 0& 1(
#896250 1$ 1,
#897000 0)
#897125 0% 0' 0(
#897250 1! 1"
#897500 0*
#898500 1*
#899125 1%
#899375 0*
#900375 1*
#900625 1)
#900750 0!
#900875 0" 1# 0$ 1' 1(
#901625 0)
#901875 1! 0# 0% 0' 0(
#902000 1" 1$
#902125 0*
#903125 1*
#903375 1)
#903625 0! 0"
#903750 1% 1' 1(
#904500 0)
#904625 0% 0' 0(
#904750 1! 1"
#905000 0*
#906000 1*
#906625 1%
#906875 0*
#907875 1*
#908125 1)
#908250 0!
#908375 0" 1# 0$ 1' 1(
#909125 0)
#909375 1! 1" 0# 0% 0' 0(
#909500 1$
#909625 0*
#910625 1*
#910875 1)
#911125 0! 0$
#911250 1# 1% 1' 1(
#912000 0)
#912125 0(
#912250 0" 0# 0% 0'
#912500 0*
#913500 1*
#914125 1!
#914375 0*
#915375 1*
#915875 0!
#916000 1"
#916250 0*
#917000 1)
#917250 1*
#917375 1# 1% 1' 1(
#918125 0)
#918250 0" 0# 0% 0' 0(
#918625 0* 00
#919625 1*
#920250 1!
#920500 0*
#921500 1*
#922000 0!
#922125 1"
#922375 0*
#923125 1)
#923375 0" 1# 1& 1' 1( 1*
#923500 1$ 0,
#924250 0)
#924375 0$ 0(
#924500 1! 1" 1%
#924750 0+
#925625 10
#925750 1+
#925875 1)
#926125 0! 0" 0# 0&
#926250 1$ 1( 1,
#927000 0)
#927125 0(
#927250 1! 1" 0% 0'
#927500 0*
#928500 1*
#929125 1%
#929375 0*
#930375 1*
#930625 1)
#930875 0! 0" 0$ 1' 1(
#931000 1#
#931750 0)
#931875 0# 0% 0' 0(
#932000 1! 1" 1$
#932125 0*
#933250 1*
#933375 1)
#933625 0! 0"
#933750 1% 1' 1(
#934500 0)
#934750 1! 1" 0% 0' 0(
#935000 0*
#936000 1*
#936625 1%
#936875 0*
#937875 1*
#938125 1)
#938375 0! 0" 0$ 1' 1(
#938500 1#
#939250 0)
#939375 0# 0% 0' 0(
#939500 1! 1" 1$
#939750 0*
#940750 1*
#940875 1)
#956125 0! 0"
#956250 1# 1& 1' 1(
#956375 0,
#957000 0)
#957250 0# 1% 0(
#957500 0+
#958625 1+
#958750 1)
#960000 1! 1" 1# 1(
#960125 1,
#960750 0)
#962500 1)
#965625 0! 0$ 0&
#966375 0)
#966625 0" 0# 0% 0' 0(
#966875 0*
#967875 1*
#968125 1)
#968500 1! 1" 1# 1$ 1% 1& 1' 1(
#969250 0)
#971000 1)
#972000 0)
#972625 0+
#973625 1+
#974500 0+
#975500 1+
#976375 0+
#977375 1+
#978250 0+
#979250 1+
#980375 1)
#980625 0! 0$ 0&
#981500 0)
#981625 0" 0% 0' 0(
#981875 0*
#983000 1*
#983125 1)
#983500 1$ 1& 1' 1( 0,
#984250 0)
#984500 1! 0# 1% 0(
#984750 0+
#985750 1+
#986000 1)
#986250 0! 1" 1# 0$ 0&
#986375 1,
#987000 0-
#987125 0)
#987250 0" 0# 0% 0'
#987625 0*
#988625 1*
#989250 1!
#989500 0*
#990500 1*
#991000 0!
#991125 1"
#991375 0*
#992375 1*
#993000 1!
#993250 0*
#994250 1*
#995375 1) 1-
#995625 0! 1(
#995750 1# 1% 1'
#996500 0)
#996625 0" 0# 0% 0' 0(
#996750 1$
#997000 0*
#998000 1*
#998250 1)
#998500 1! 1" 1# 1% 1& 1' 1(
#999250 0)
#1001000 1)
#1001250 0! 0$ 0& 0(
#1002000 0-
#1002125 0)
#1002250 0" 0% 0'
#1002500 00
#1002625 0*
#1003625 1*
#1004250 1!
#1004500 0*
#1005500 1*
#1006000 0!
#1006125 1"
#1006375 0*
#1007375 1*
#1008000 1!
#1008250 0*
#1009250 1*
#1009500 10
#1010375 1) 1-
#1010625 0!
#1010750 1% 1' 1(
#1011500 0)
#1011625 0% 0' 0(
#1011750 0" 1$
#1012000 0*
#1013000 1*
#1013250 1)
#1013500 1" 0$ 1% 1&
#1014250 0)
#1014625 1! 1$
#1014750 0*
#1015750 1*
#1016000 1)
#1016250 0! 0$ 0&
#1016375 1'
#1017125 0) 0-
#1017375 0" 0# 1$ 0% 0'
#1017625 0*
#1018625 1*
#1019250 1!
#1019500 0*
#1020500 1*
#1021000 0!
#1021125 1"
#1021375 0*
#1022375 1*
#1023000 1!
#1023250 0*
#1024250 1*
#1025375 1)
#1025500 1-
#1025625 0! 0$
#1025750 1# 1% 1' 1(
#1026500 0)
#1026750 0" 0# 0' 0(
#1027000 0*
#1028000 1*
#1028250 1)
#1028500 0% 1& 1' 1(
#1028625 1# 1$ 0,
#1029375 0)
#1029500 0# 0(
#1029625 1" 1%
#1029875 0+
#1030875 1+
#1031000 1)
#1031250 0$ 0&
#1031375 1#
#1031500 1,
#1032125 0) 0-
#1032375 0" 1$ 0% 0'
#1032625 0*
#1033625 1*
#1034250 1!
#1034500 0*
#1035500 1*
#1036125 0! 1"
#1036375 0*
#1037375 1*
#1038000 1!
#1038250 0*
#1039250 1*
#1040500 1) 1-
#1040625 0!
#1040750 0$ 1% 1' 1(
#1041500 0)
#1041750 0" 0' 0(
#1042000 0*
#1043000 1*
#1043250 1)
#1043625 1! 1" 1$ 1& 1' 1(
#1044375 0)
#1046125 1)
#1046375 0! 0$ 0& 0(
#1047125 0) 0-
#1047375 0" 0# 0'
#1047625 0*
#1048625 1*
#1049250 1!
#1049500 0*
#1050500 1*
#1051125 0!
#1051250 1"
#1051375 0*
#1052375 1*
#1053000 1!
#1053250 0*
#1054250 1*
#1055500 1) 1-
#1055625 0!
#1055750 1# 1' 1(
#1056500 0)
#1056750 0" 0# 0' 0(
#1056875 1$
#1057000 0*
#1058000 1*
#1058250 1)
#1058500 0%
#1058625 1# 1& 1' 1( 0,
#1059375 0)
#1059500 0(
#1059625 1! 1" 0# 1%
#1059875 0+
#1060875 1+
#1061125 1)
#1061250 0!
#1061375 1# 0$ 0&
#1061500 1,
#1062125 0) 0-
#1062375 0" 0'
#1062625 0*
#1063625 1*
#1064250 1!
#1064500 0*
#1065625 1*
#1066125 0!
#1066250 1"
#1066375 0*
#1067500 1*
#1068000 1!
#1068250 0*
#1069375 1*
#1070500 1) 1-
#1070750 0! 1' 1(
#1071625 0)
#1071750 0" 0' 0(
#1071875 1$
#1072000 0*
#1073125 1*
#1073250 1)
#1073500 0$
#1073625 1! 1" 1&
#1074375 0)
#1074625 1$
#1074875 0+
#1075875 1+
#1076125 1)
#1076375 0! 0$ 0& 1'
#1077125 0-
#1077250 0)
#1077375 0" 0# 0'
#1077500 1$
#1077625 0*
#1078750 1*
#1079375 1!
#1079500 0*
#1080625 1*
#1081125 0!
#1081250 1"
#1081375 0*
#1082500 1*
#1083125 1!
#1083375 0*
#1084375 1*
#1085500 1) 1-
#1085750 0! 0$ 1' 1(
#1085875 1#
#1086375 00
#1086625 0)
#1086750 0" 0# 0% 0' 0(
#1086875 1&
#1087125 0*
#1088125 1*
#1088250 1)
#1088625 1# 1$ 1' 1( 0,
#1089375 0)
#1089625 1% 0(
#1089875 0+
#1090875 1+
#1091125 1)
#1091375 1" 0$ 0&
#1091500 1,
#1092125 0-
#1092250 0)
#1092375 0" 0'
#1092500 1$
#1092750 0*
#1093375 10
#1093750 1*
#1094375 1!
#1094625 0*
#1095625 1*
#1096125 0!
#1096250 1"
#1096500 0*
#1097500 1*
#1098125 1!
#1098375 0*
#1099375 1*
#1100500 1) 1-
#1100750 0! 0$ 1' 1(
#1101625 0)
#1101750 0" 0% 0' 0(
#1101875 1&
#1102125 0*
#1103125 1*
#1103250 1)
#1103625 1! 1" 1$ 1% 1' 1(
#1104375 0)
#1106125 1)
#1106375 0! 0$ 0& 0(
#1107125 0-
#1107250 0)
#1107375 0" 0# 0% 0'
#1107500 1&
#1107750 0*
#1108750 1*
#1109375 1!
#1109625 0*
#1110625 1*
#1111125 0!
#1111250 1"
#1111500 0*
#1112500 1*
#1113125 1!
#1113375 0*
#1114375 1*
#1115500 1) 1-
#1115750 0! 0& 1' 1(
#1115875 1# 1%
#1116625 0)
#1116750 0" 0# 0% 0' 0(
#1116875 1$ 1&
#1117125 0*
#1118125 1*
#1118250 1)
#1118625 1# 1' 1(
#1118750 0,
#1119375 0)
#1119625 1! 1% 0(
#1119875 0+
#1120875 1+
#1121125 1)
#1121375 0! 1" 0$ 0&
#1121500 1,
#1122125 0-
#1122250 0)
#1122375 0" 0% 0'
#1122500 1&
#1122750 0*
#1123750 1*
#1124375 1!
#1124625 0*
#1125625 1*
#1126125 0!
#1126250 1"
#1126500 0*
#1127500 1*
#1128125 1!
#1128375 0*
#1129375 1*
#1130500 1) 1-
#1130750 0! 1% 0& 1' 1(
#1131625 0)
#1131750 0" 0% 0' 0(
#1131875 1$ 1&
#1132125 0*
#1133125 1*
#1133250 1)
#1133500 0#
#1133625 1%
#1134375 0)
#1134625 1! 1" 1#
#1134875 0*
#1135875 1*
#1136125 1)
#1136375 0! 0$ 0& 1'
#1137125 0-
#1137250 0)
#1137375 0" 0# 0% 0'
#1137500 1$ 1&
#1137625 0*
#1138750 1*
#1139375 1!
#1139625 0*
#1140625 1*
#1141125 0!
#1141250 1"
#1141500 0*
#1142500 1*
#1143125 1!
#1143375 0*
#1144375 1*
#1145500 1) 1-
#1145750 0! 1# 0$ 1% 0& 1' 1(
#1146625 0)
#1146750 0" 0# 0' 0(
#1146875 1&
#1147000 0*
#1148125 1*
#1148250 1)
#1148500 0%
#1148625 1# 1$ 1' 1( 0,
#1149375 0)
#1149625 1" 1% 0(
#1149875 0+
#1150875 1+
#1151125 1)
#1151375 0$ 0&
#1151500 1,
#1152125 0-
#1152250 0)
#1152375 0" 0% 0'
#1152500 1$ 1&
#1152625 0*
#1153750 1*
#1154375 1!
#1154500 0*
#1155625 1*
#1156125 0!
#1156250 1"
#1156375 0*
#1157500 1*
#1158000 1!
#1158250 0*
#1159375 1*
#1160500 1) 1-
#1160750 0! 0$ 1% 0& 1' 1(
#1161500 0)
#1161750 0" 0' 0(
#1161875 1&
#1162000 0*
#1163125 1*
#1163250 1)
#1163625 1! 1" 1$ 1' 1(
#1164375 0)
#1166125 1)
#1166375 0! 0$ 0& 0(
#1167125 0) 0-
#1167375 0" 0# 0'
#1167500 1&
#1167625 0*
#1168625 1*
#1169250 1!
#1169500 0*
#1170250 00
#1170500 1*
#1171125 0!
#1171250 1"
#1171375 0*
#1172375 1*
#1173000 1!
#1173250 0*
#1174250 1*
#1175500 1) 1-
#1175625 0!
#1175750 1# 0& 1' 1(
#1176500 0)
#1176750 0" 0# 1& 0' 0(
#1176875 1$
#1177000 0*
#1177125 10
#1178000 1*
#1178250 1)
#1178500 0%
#1178625 1# 1' 1( 0,
#1179375 0)
#1179500 0(
#1179625 1! 1" 1%
#1179875 0+
#1180875 1+
#1181125 1)
#1181250 0!
#1181375 0$ 0&
#1181500 1,
#1182125 0) 0-
#1182375 0" 1& 0'
#1182625 0*
#1183625 1*
#1184250 1!
#1184500 0*
#1185500 1*
#1186125 0! 1"
#1186375 0*
#1187375 1*
#1188000 1!
#1188250 0*
#1189250 1*
#1190500 1) 1-
#1190625 0! 0&
#1190750 1' 1(
#1191500 0)
#1191750 0" 1$ 1& 0' 0(
#1192000 0*
#1193000 1*
#1193250 1)
#1193500 1! 0#
#1194375 0)
#1194625 1" 1#
#1194875 0+
#1195875 1+
#1196000 1)
#1196250 0! 0&
#1196375 0$ 1'
#1197125 0) 0-
#1197375 0" 0# 1$ 1& 0'
#1197625 0*
#1198625 1*
#1199250 1!
#1199500 0*
#1200500 1*
#1201125 0! 1"
#1201375 0*
#1202375 1*
#1203000 1!
#1203250 0*
#1204250 1*
#1205375 1)
#1205500 1-
#1205625 0! 0$ 0&
#1205750 1# 1' 1(
#1206500 0)
#1206750 0" 0# 0% 0(
#1207000 0*
#1208000 1*
#1208250 1)
#1208500 1(
#1208625 1! 1" 1# 1$ 1% 1&
#1209375 0)
#1211000 1)
#1211250 0! 0$ 0& 0(
#1212125 0) 0-
#1212375 0" 1$ 1& 0'
#1212625 0*
#1213625 1*
#1214250 1!
#1214500 0*
#1215500 1*
#1216000 0!
#1216125 1"
#1216375 0*
#1217375 1*
#1218000 1!
#1218250 0*
#1219250 1*
#1220375 1)
#1220500 1-
#1220625 0! 0$ 0&
#1220750 1' 1(
#1221500 0)
#1221625 0(
#1221750 0" 0%
#1222000 0*
#1223000 1*
#1223250 1)
#1223500 1! 1" 1$ 1% 1& 1(
#1224250 0)
#1226000 1)
#1226250 0! 0$ 0& 0(
#1227125 0) 0-
#1227250 0" 0%
#1227375 0#
#1227625 0*
#1228625 1*
#1229250 1!
#1229500 0*
#1230500 1*
#1231000 0!
#1231125 1"
#1231375 0*
#1232375 1*
#1233000 1!
#1233250 0*
#1234250 1*
#1235375 1) 1-
#1235625 0!
#1235750 1# 1% 1(
#1236500 0)
#1236625 0# 0% 0(
#1236750 0" 1$
#1237000 0*
#1238000 1*
#1238250 1)
#1238500 1# 1& 1(
#1238625 0,
#1239250 0)
#1239500 0# 0$ 0& 0'
#1239750 0+
#1240750 1+
#1241000 1)
#1241250 0(
#1241375 1" 1# 1% 1' 1,
#1242000 0-
#1242125 0)
#1242250 0" 0%
#1242625 0*
#1243625 1*
#1244250 1!
#1244500 0*
#1245500 1*
#1246000 0!
#1246125 1"
#1246375 0*
#1247375 1*
#1248000 1!
#1248250 0*
#1249250 1*
#1250375 1) 1-
#1250625 0! 1(
#1250750 1%
#1251500 0)
#1251625 0" 0% 0(
#1251750 1$
#1252000 0*
#1253000 1*
#1253125 1)
#1253375 0# 0'
#1253500 1" 1% 1&
#1254000 00
#1254250 0)
#1254500 1! 1#
#1254750 0*
#1255750 1*
#1256000 1)
#1256250 0! 0$ 0& 1'
#1257000 0-
#1257125 0)
#1257250 0" 0# 0%
#1257375 1$
#1257625 0*
#1258625 1*
#1259250 1!
#1259500 0*
#1260500 1*
#1261000 0! 10
#1261125 1"
#1261375 0*
#1262375 1*
#1263000 1!
#1263250 0*
#1264250 1*
#1265375 1) 1-
#1265625 0! 0$ 1(
#1265750 1# 1%
#1266500 0)
#1266625 0" 0# 0(
#1267000 0*
#1268000 1*
#1268125 1)
#1268375 0%
#1268500 1# 1$ 1& 1( 0,
#1269250 0)
#1269500 1! 0# 0$ 0& 0'
#1269750 0+
#1270750 1+
#1271000 1)
#1271250 0! 1' 0(
#1271375 1" 1# 1% 1,
#1272000 0-
#1272125 0)
#1272250 0" 0%
#1272375 1$
#1272625 0*
#1273625 1*
#1274250 1!
#1274500 0*
#1275500 1*
#1276000 0!
#1276125 1"
#1276375 0*
#1277375 1*
#1278000 1!
#1278250 0*
#1279250 1*
#1280375 1) 1-
#1280625 0! 0$ 1% 1(
#1281500 0)
#1281625 0" 0(
#1282000 0*
#1283000 1*
#1283125 1)
#1283500 1! 1" 1$ 1& 1(
#1284250 0)
#1286000 1)
#1286250 0! 0$ 0& 0(
#1287000 0-
#1287125 0)
#1287250 0" 0#
#1287500 0*
#1288625 1*
#1289250 1!
#1289375 0*
#1290500 1*
#1291000 0!
#1291125 1"
#1291250 0*
#1292375 1*
#1293000 1!
#1293125 0*
#1294250 1*
#1295375 1) 1-
#1295625 0! 1# 1(
#1296500 0)
#1296625 0" 0# 0(
#1296750 1$
#1296875 0*
#1298000 1*
#1298125 1)
#1298375 0%
#1298500 1# 1& 1( 0,
#1299250 0)
#1299500 1" 0# 0$ 0& 0'
#1299750 0+
#1300750 1+
#1301000 1)
#1301250 1# 1% 1' 0(
#1301375 1,
#1302000 0-
#1302125 0)
#1302250 0"
#1302500 0*
#1303625 1*
#1304250 1!
#1304375 0*
#1305500 1*
#1306000 0!
#1306125 1"
#1306250 0*
#1307375 1*
#1308000 1!
#1308125 0*
#1309250 1*
#1310375 1) 1-
#1310625 0! 1(
#1311500 0)
#1311625 0" 0(
#1311750 1$
#1311875 0*
#1313000 1*
#1313125 1)
#1313375 0# 0'
#1313500 1! 1" 1&
#1314250 0)
#1314500 1#
#1314750 0+
#1315750 1+
#1316000 1)
#1316250 0! 0$ 0& 1'
#1317000 0-
#1317125 0)
#1317250 0" 0#
#1317375 1$
#1317500 0*
#1318625 1*
#1319250 1!
#1319375 0*
#1320500 1*
#1321000 0!
#1321125 1"
#1321250 0*
#1322375 1*
#1323000 1!
#1323125 0*
#1324250 1*
#1325375 1) 1-
#1325625 0! 1# 0$ 1(
#1326500 0)
#1326625 0" 0# 0% 0(
#1326750 1&
#1326875 0*
#1328000 1*
#1328125 1)
#1328500 1# 1$ 1( 0,
#1329250 0)
#1329500 1! 1" 0# 0$ 0& 0'
#1329750 0+
#1330750 1+
#1331000 1)
#1331250 0! 1# 1% 1' 0(
#1331375 1,
#1332000 0-
#1332125 0)
#1332250 0"
#1332375 1$
#1332625 0*
#1333625 1*
#1334250 1!
#1334500 0*
#1335500 1*
#1336000 0!
#1336125 1"
#1336375 0*
#1337375 1*
#1337875 00
#1338000 1!
#1338250 0*
#1339250 1*
#1340375 1) 1-
#1340625 0! 0$ 1(
#1341500 0)
#1341625 0" 0% 0(
#1341750 1&
#1342000 0*
#1343000 1*
#1343125 1)
#1343500 1! 1" 1$ 1% 1(
#1344250 0)
#1344875 10
#1346000 1)
#1346250 0! 0$ 0& 0(
#1347000 0-
#1347125 0)
#1347250 0" 0# 0%
#1347375 1&
#1347625 0*
#1348625 1*
#1349250 1!
#1349500 0*
#1350500 1*
#1351000 0!
#1351125 1"
#1351375 0*
#1352375 1*
#1353000 1!
#1353250 0*
#1354250 1*
#1355375 1) 1-
#1355625 0! 0& 1(
#1355750 1# 1%
#1356500 0)
#1356625 0" 0# 0% 0(
#1356750 1$ 1&
#1357000 0*
#1358000 1*
#1358250 1)
#1358500 1# 1(
#1358625 0,
#1359250 0)
#1359500 0$ 0& 0'
#1359750 0+
#1360750 1+
#1361000 1)
#1361250 0(
#1361375 1" 1% 1' 1,
#1362000 0-
#1362125 0)
#1362250 0" 0%
#1362375 1&
#1362625 0*
#1363625 1*
#1364250 1!
#1364500 0*
#1365500 1*
#1366000 0!
#1366125 1"
#1366375 0*
#1367375 1*
#1368000 1!
#1368250 0*
#1369250 1*
#1370375 1)
#1370500 1-
#1370625 0! 0&
#1370750 1% 1(
#1371500 0)
#1371625 0% 0(
#1371750 0" 1$ 1&
#1372000 0*
#1373000 1*
#1373250 1)
#1373500 1% 0'
#1374250 0)
#1374500 1!
#1374625 1"
#1374750 0*
#1375750 1*
#1376000 1)
#1376250 0! 0$ 0&
#1376375 1'
#1377125 0) 0-
#1377250 0"
#1377375 0# 1$ 0% 1&
#1377625 0*
#1378625 1*
#1379250 1!
#1379500 0*
#1380500 1*
#1381000 0!
#1381125 1"
#1381375 0*
#1382375 1*
#1383000 1!
#1383250 0*
#1384250 1*
#1385375 1)
#1385500 1-
#1385625 0! 0$ 0&
#1385750 1# 1% 1(
#1386500 0)
#1386625 0(
#1386750 0" 0# 1&
#1387000 0*
#1388000 1*
#1388250 1)
#1388500 1# 0% 1(
#1388625 1$ 0,
#1389375 0)
#1389500 0$ 0& 0'
#1389625 1!
#1389875 0+
#1390875 1+
#1391000 1)
#1391250 0! 0(
#1391375 1" 1% 1'
#1391500 1,
#1392125 0) 0-
#1392375 0" 1$ 0% 1&
#1392625 0*
#1393625 1*
#1394250 1!
#1394500 0*
#1395500 1*
#1396125 0! 1"
#1396375 0*
#1397375 1*
#1398000 1!
#1398250 0*
#1399250 1*
#1400375 1)
#1400500 1-
#1400625 0! 0&
#1400750 0$ 1% 1(
#1401500 0)
#1401750 0" 1& 0(
#1402000 0*
#1403000 1*
#1403250 1)
#1403500 1(
#1403625 1! 1" 1$
#1404375 0)
#1406000 1)
#1406375 0! 0$ 0& 0(
#1407125 0) 0-
#1407375 0" 0# 1&
#1407625 0*
#1408625 1*
#1409250 1!
#1409500 0*
#1410500 1*
#1411125 0! 1"
#1411375 0*
#1412375 1*
#1413000 1!
#1413250 0*
#1414250 1*
#1415500 1) 1-
#1415625 0!
#1415750 1# 0& 1(
#1416500 0)
#1416750 0" 0# 1& 0(
#1416875 1$
#1417000 0*
#1418000 1*
#1418250 1)
#1418500 0%
#1418625 1# 1( 0,
#1419375 0)
#1419625 1" 0$ 0& 0'
#1419875 0+
#1420875 1+
#1421125 1)
#1421375 1% 1' 0(
#1421500 1,
#1421750 00
#1422125 0) 0-
#1422375 0"
#1422500 1&
#1422625 0*
#1423750 1*
#1424375 1!
#1424500 0*
#1425625 1*
#1426125 0!
#1426250 1"
#1426375 0*
#1427500 1*
#1428125 1!
#1428250 0*
#1428750 10
#1429375 1*
#1430500 1) 1-
#1430750 0! 0& 1(
#1431625 0)
#1431750 0" 0(
#1431875 1$ 1&
#1432000 0*
#1433125 1*
#1433250 1)
#1433500 0'
#1433625 1!
#1434375 0)
#1434625 1"
#1434875 0+
#1435875 1+
#1436125 1)
#1436375 0! 0$ 0& 1'
#1437125 0-
#1437250 0)
#1437375 0" 0#
#1437500 1$ 1&
#1437750 0*
#1438750 1*
#1439375 1!
#1439625 0*
#1440625 1*
#1441125 0!
#1441250 1"
#1441500 0*
#1442500 1*
#1443125 1!
#1443375 0*
#1444375 1*
#1445500 1) 1-
#1445750 1(
#1445875 1#
#1446625 0)
#1447125 0+
#1448125 1+
#1448250 1)
#1448500 0!
#1448625 0" 0%
#1448750 0,
#1449375 0)
#1449625 1! 1" 0$ 0& 0'
#1449875 0+
#1451000 1+
#1451125 1)
#1451375 0! 0(
#1451500 1% 1' 1,
#1452125 0-
#1452250 0)
#1452375 0"
#1452500 1$ 1&
#1452750 0*
#1453750 1*
#1454375 1!
#1454625 0*
#1455625 1*
#1456125 0!
#1456250 1"
#1456500 0*
#1457500 1*
#1458125 1!
#1458375 0*
#1459375 1*
#1460500 1)
#1460625 1-
#1460750 0! 0$ 0&
#1460875 1(
#1461625 0)
#1461750 0(
#1461875 0" 0# 0% 0'
#1462125 0*
#1463125 1*
#1463750 1!
#1464000 0*
#1465000 1*
#1465500 0!
#1465625 1"
#1465875 0*
#1466625 1)
#1466875 1*
#1467000 1# 1% 1' 1(
#1467750 0)
#1467875 0# 0% 0' 0(
#1468000 0"
#1468250 0*
#1469250 1*
#1469875 1!
#1470125 0*
#1471125 1*
#1471625 0!
#1471750 1"
#1472000 0*
#1472750 1)
#1473000 0" 1' 1( 1*
#1473125 1# 1$ 1& 0,
#1473875 0)
#1474000 0# 0& 0'
#1474375 0+
#1475375 1+
#1475500 1)
#1475875 1% 1'
#1476000 1,
#1476625 0)
#1476875 1# 0% 0' 0(
#1477125 0*
#1478125 1*
#1478750 1%
#1479000 0*
#1480000 1*
#1480250 1)
#1480500 0$ 1' 1(
#1481375 0)
#1481500 0% 0' 0(
#1481625 1$
#1481875 0*
#1482875 1*
#1483000 1)
#1483250 0#
#1483375 1% 1' 1(
#1484125 0)
#1484375 1# 0% 0' 0(
#1484625 0*
#1485625 1*
#1486250 1%
#1486500 0*
#1487500 1*
#1487750 1)
#1488000 0$ 1(
#1488125 1'
#1488875 0)
#1489000 0% 0' 0(
#1489125 1$
#1489375 0*
#1490375 1*
#1490500 1)
#1490750 0$
#1490875 1" 1% 1' 1(
#1491625 0)
#1491875 0" 0# 0% 0' 0(
#1492125 0*
#1493125 1*
#1493750 1!
#1494000 0*
#1495000 1*
#1495625 0! 1"
#1495875 0*
#1496625 1)
#1496875 1*
#1497000 1# 1% 1' 1(
#1497750 0)
#1498000 0" 0# 0% 0' 0(
#1498250 0*
#1499250 1*
#1499875 1!
#1500125 0*
#1501125 1*
#1501625 0!
#1501750 1"
#1502000 0*
#1503250 1)
#1503500 0" 1' 1( 1*
#1503625 1# 1$ 1& 0,
#1504375 0)
#1504500 0# 0& 0'
#1504625 1!
#1504875 0+
#1505625 00
#1505875 1+
#1506000 1)
#1506250 0!
#1506375 1% 1'
#1506500 1,
#1507125 0)
#1507375 1# 0% 0' 0(
#1507625 0*
#1508625 1*
#1509250 1%
#1509500 0*
#1510500 1*
#1510750 1)
#1511000 0$ 1' 1(
#1511875 0)
#1512000 0% 0' 0(
#1512125 1$
#1512375 0*
#1512625 10
#1513375 1*
#1513500 1)
#1513750 0#
#1513875 1% 1' 1(
#1514625 0)
#1514875 1# 0% 0' 0(
#1515125 0*
#1516125 1*
#1516750 1%
#1517000 0*
#1518000 1*
#1518250 1)
#1518500 0$ 1(
#1518625 1'
#1519375 0)
#1519500 0% 0' 0(
#1519625 1$
#1519875 0*
#1520875 1*
#1521000 1)
#1521250 0$
#1521375 1" 1% 1' 1(
#1522125 0)
#1522375 0" 0# 0% 0' 0(
#1522625 0*
#1523625 1*
#1524250 1!
#1524500 0*
#1525500 1*
#1526125 0! 1"
#1526375 0*
#1527125 1)
#1527375 1*
#1527500 1# 1% 1' 1(
#1528250 0)
#1528375 0(
#1528500 0" 0# 0% 0'
#1528750 0*
#1529750 1*
#1530375 1!
#1530625 0*
#1531625 1*
#1532125 0!
#1532250 1"
#1532500 0*
#1533250 1)
#1533500 0" 1( 1*
#1533625 1# 1$ 1& 1' 0,
#1534375 0)
#1534500 0# 0& 0'
#1534625 1"
#1534875 0+
#1535875 1+
#1536000 1)
#1536250 0"
#1536375 1% 1'
#1536500 1,
#1537125 0)
#1537375 1# 0% 0' 0(
#1537625 0*
#1538625 1*
#1539250 1%
#1539500 0*
#1540500 1*
#1540750 1)
#1541000 0$ 1(
#1541125 1'
#1541875 0)
#1542000 0% 0' 0(
#1542125 1$
#1542375 0*
#1543375 1*
#1543500 1)
#1543750 0#
#1543875 1% 1' 1(
#1544625 0)
#1544875 1# 0% 0' 0(
#1545125 0*
#1546125 1*
#1546750 1%
#1547000 0*
#1548000 1*
#1548250 1)
#1548500 0$ 1(
#1548625 1'
#1549375 0)
#1549500 0% 0' 0(
#1549625 1$
#1549875 0*
#1550875 1*
#1551000 1)
#1551250 0$
#1551375 1" 1% 1' 1(
#1552125 0)
#1552375 0" 0# 0% 0' 0(
#1552625 0*
#1553625 1*
#1554250 1!
#1554500 0*
#1555500 1*
#1556125 0! 1"
#1556375 0*
#1557125 1)
#1557375 1*
#1557500 1# 1% 1' 1(
#1558250 0)
#1558375 0(
#1558500 0" 0# 0% 0'
#1558750 0*
#1559750 1*
#1560375 1!
#1560625 0*
#1561625 1*
#1562125 0!
#1562250 1"
#1562500 0*
#1563250 1)
#1563500 0" 1( 1*
#1563625 1# 1$ 1& 1' 0,
#1564375 0)
#1564500 0# 0& 0'
#1564625 1! 1"
#1564875 0+
#1565875 1+
#1566000 1)
#1566250 0! 0"
#1566375 1% 1'
#1566500 1,
#1567125 0)
#1567375 1# 0% 0' 0(
#1567625 0*
#1568625 1*
#1569250 1%
#1569500 0*
#1570500 1*
#1570750 1)
#1571000 0$ 1' 1(
#1571875 0)
#1572000 0% 0' 0(
#1572125 1$
#1572375 0*
#1573375 1*
#1573500 1)
#1573750 0#
#1573875 1% 1' 1(
#1574625 0)
#1574875 1# 0% 0' 0(
#1575125 0*
#1576125 1*
#1576750 1%
#1577000 0*
#1578000 1*
#1578250 1)
#1578500 0$ 1' 1(
#1579375 0)
#1579500 0% 0' 0(
#1579625 1$
#1579750 0*
#1580875 1*
#1581000 1)
#1589500 00
#1596375 1& 1' 1( 0, 10
#1597125 0)
#1597250 0& 0'
#1597625 0+
#1598625 1+
#1598875 1)
#1600125 1! 1" 1% 1& 1' 1,
#1600875 0)
#1602625 1)
#1605625 0! 0$ 0&
#1606500 0)
#1606625 0(
#1606750 0" 0# 0% 0'
#1607000 0*
#1608000 1*
#1608250 1)
#1608500 1! 1" 1# 1$ 1% 1& 1' 1(
#1609250 0)
#1611000 1)
#1612125 0)
#1612625 0+
#1613625 1+
#1614500 0+
#1615500 1+
#1616375 0+
#1617375 1+
#1618250 0+
#1619250 1+
#1620375 1)
#1620625 0! 0$ 0&
#1621500 0)
#1621625 0" 0% 0' 0(
#1622000 0*
#1623000 1*
#1623125 1)
#1623500 1$ 1& 1' 1(
#1623625 0,
#1624250 0)
#1624500 1! 0& 0'
#1624750 0+
#1625750 1+
#1626000 1)
#1626250 0! 0$ 1' 0(
#1626375 1" 1% 1,
#1627000 0-
#1627125 0)
#1627250 0" 0# 0% 0'
#1627375 1(
#1627625 0*
#1628625 1*
#1629250 1!
#1629500 0*
#1630500 1*
#1631000 0!
#1631125 1"
#1631375 0*
#1632375 1*
#1633000 1!
#1633250 0*
#1634250 1*
#1635375 1) 1-
#1635625 0! 1% 1'
#1635750 1#
#1636500 0)
#1636625 0" 0# 0% 0' 0(
#1636750 1$
#1636875 0*
#1638000 1*
#1638125 1)
#1638500 1! 1" 1# 1% 1& 1' 1(
#1639250 0)
#1641000 1)
#1641250 0! 0$ 0& 0(
#1642000 0-
#1642125 0)
#1642250 0" 0% 0'
#1642375 1(
#1642500 0*
#1643625 1*
#1644250 1!
#1644375 0*
#1645500 1*
#1646000 0!
#1646125 1"
#1646250 0*
#1647375 1*
#1648000 1!
#1648125 0*
#1649250 1*
#1650375 1) 1-
#1650625 0! 1% 1'
#1651500 0)
#1651625 0" 0% 0' 0(
#1651750 1$
#1651875 0*
#1653000 1*
#1653125 1)
#1653500 1" 1% 1&
#1654250 0)
#1654500 1!
#1654750 0*
#1655750 1*
#1656000 1)
#1656250 0! 0$ 0& 1'
#1657000 0) 0-
#1657250 0" 0# 0% 0' 1(
#1657375 1$
#1657500 0*
#1658625 1*
#1659250 1!
#1659375 0*
#1660375 1*
#1661000 0!
#1661125 1"
#1661250 0*
#1662375 1*
#1662875 1!
#1663125 0*
#1664125 1*
#1665375 1) 1-
#1665500 0!
#1665625 1# 0$ 1% 1'
#1666375 0)
#1666625 0" 0# 0' 0(
#1666875 0*
#1667875 1*
#1668125 1)
#1668375 0%
#1668500 1# 1$ 1& 1' 1( 0,
#1669250 0)
#1669375 0& 0'
#1669500 1"
#1669750 0+
#1670750 1+
#1671000 1)
#1671250 0$ 1% 1' 0(
#1671375 1,
#1672000 0) 0-
#1672250 0" 0% 0' 1(
#1672375 1$
#1672500 0*
#1673250 00
#1673500 1*
#1674125 1!
#1674375 0*
#1675375 1*
#1676000 0!
#1676125 1"
#1676250 0*
#1677250 1*
#1677875 1!
#1678125 0*
#1679125 1*
#1680250 10
#1680375 1) 1-
#1680500 0!
#1680625 0$ 1% 1'
#1681375 0)
#1681625 0" 0' 0(
#1681875 0*
#1682875 1*
#1683125 1)
#1683500 1! 1" 1$ 1& 1' 1(
#1684250 0)
#1686000 1)
#1686250 0! 0$ 0& 0(
#1687000 0) 0-
#1687250 0" 0# 0' 1(
#1687500 0*
#1688500 1*
#1689125 1!
#1689375 0*
#1690375 1*
#1691000 0! 1"
#1691250 0*
#1692250 1*
#1692875 1!
#1693125 0*
#1694125 1*
#1695375 1) 1-
#1695500 0!
#1695625 1# 1'
#1696375 0)
#1696625 0" 0# 1$ 0' 0(
#1696875 0*
#1697875 1*
#1698125 1)
#1698375 0% 1(
#1698500 1# 1& 1' 0,
#1699250 0)
#1699375 0& 0'
#1699500 1! 1"
#1699750 0+
#1700750 1+
#1700875 1)
#1701125 0! 0(
#1701250 0$ 1% 1'
#1701375 1,
#1702000 0) 0-
#1702250 0" 0' 1(
#1702500 0*
#1703500 1*
#1704125 1!
#1704375 0*
#1705375 1*
#1706000 0! 1"
#1706250 0*
#1707250 1*
#1707875 1!
#1708125 0*
#1709125 1*
#1710250 1)
#1710375 1-
#1710500 0!
#1710625 1'
#1711375 0)
#1711625 0" 1$ 0' 0(
#1711875 0*
#1712875 1*
#1713125 1)
#1713375 1!
#1713500 1" 1&
#1714250 0)
#1714750 0+
#1715750 1+
#1715875 1)
#1716125 0! 0&
#1716250 0$ 1'
#1717000 0) 0-
#1717250 0" 0# 1$ 0' 1(
#1717500 0*
#1718500 1*
#1719125 1!
#1719375 0*
#1720375 1*
#1721000 0! 1"
#1721250 0*
#1722250 1*
#1722875 1!
#1723125 0*
#1724125 1*
#1725250 1)
#1725375 1-
#1725500 0!
#1725625 1# 0$ 1'
#1726375 0)
#1726625 0" 0# 0% 1& 0' 0(
#1726875 0*
#1727875 1*
#1728125 1)
#1728375 1(
#1728500 1# 1$ 1' 0,
#1729250 0)
#1729375 0# 0$ 0& 0'
#1729500 1%
#1729750 0+
#1730750 1+
#1730875 1)
#1731125 0(
#1731250 1" 1# 1'
#1731375 1,
#1732000 0) 0-
#1732250 0" 1$ 0' 1(
#1732500 0*
#1733500 1*
#1734125 1!
#1734375 0*
#1735375 1*
#1736000 0! 1"
#1736250 0*
#1737250 1*
#1737875 1!
#1738125 0*
#1739125 1*
#1740250 1)
#1740375 1-
#1740500 0!
#1740625 0$ 1'
#1741375 0)
#1741625 0" 0% 1& 0' 0(
#1741875 0*
#1742875 1*
#1743125 1)
#1743500 1! 1" 1$ 1% 1' 1(
#1744250 0)
#1745875 1)
#1746250 0! 0$ 0& 0(
#1747000 0) 0-
#1747250 0" 0# 0% 1& 0' 1(
#1747500 0*
#1748500 1*
#1749125 1!
#1749375 0*
#1750375 1*
#1751000 0! 1"
#1751250 0*
#1752250 1*
#1752875 1!
#1753125 0*
#1754125 1*
#1755375 1) 1-
#1755500 0! 0&
#1755625 1# 1% 1'
#1756375 0)
#1756625 0" 0# 1$ 0% 1& 0' 0(
#1756875 0*
#1757125 00
#1757875 1*
#1758125 1)
#1758375 1(
#1758500 1# 1' 0,
#1759250 0)
#1759375 0# 0'
#1759500 1! 0$ 1% 0&
#1759750 0+
#1760750 1+
#1760875 1)
#1761125 0! 0(
#1761250 1" 1# 1'
#1761375 1,
#1762000 0) 0-
#1762250 0" 0% 1& 0' 1(
#1762500 0*
#1763500 1*
#1764125 1! 10
#1764375 0*
#1765375 1*
#1766000 0! 1"
#1766250 0*
#1767250 1*
#1767875 1!
#1768125 0*
#1769125 1*
#1770375 1) 1-
#1770500 0!
#1770625 1% 0& 1'
#1771375 0)
#1771625 0" 1$ 0% 1& 0' 0(
#1771875 0*
#1772875 1*
#1773125 1)
#1773375 0# 0$ 0&
#1773500 1'
#1774250 0)
#1774500 1! 1" 1# 1$ 1% 1&
#1774750 0*
#1775750 1*
#1776000 1)
#1776125 0!
#1776250 0$ 0&
#1777000 0) 0-
#1777250 0" 0# 0% 0' 1(
#1777375 1$ 1&
#1777500 0*
#1778500 1*
#1779125 1!
#1779375 0*
#1780375 1*
#1781000 0!
#1781125 1"
#1781250 0*
#1782250 1*
#1782875 1!
#1783125 0*
#1784125 1*
#1785375 1) 1-
#1785625 0! 1# 0$ 1% 0& 1'
#1786375 0)
#1786625 0" 0# 1& 0' 0(
#1786875 0*
#1787875 1*
#1788125 1)
#1788375 0%
#1788500 1# 1$ 1' 1( 0,
#1789250 0)
#1789500 1" 0# 0$ 1% 0& 0'
#1789750 0+
#1790750 1+
#1791000 1)
#1791250 1# 1' 0(
#1791375 1,
#1792000 0) 0-
#1792250 0" 0% 0' 1(
#1792375 1$ 1&
#1792500 0*
#1793625 1*
#1794250 1!
#1794375 0*
#1795500 1*
#1796000 0!
#1796125 1"
#1796250 0*
#1797375 1*
#1798000 1!
#1798125 0*
#1799250 1*
#1800375 1) 1-
#1800625 0! 0$ 1% 0& 1'
#1801500 0)
#1801625 0" 0' 0(
#1801750 1&
#1801875 0*
#1803000 1*
#1803125 1)
#1803500 1! 1" 1$ 1' 1(
#1804250 0)
#1806000 1)
#1806250 0! 0$ 0& 0(
#1807000 0-
#1807125 0)
#1807250 0" 0# 0'
#1807375 1& 1(
#1807625 0*
#1808625 1*
#1809250 1!
#1809500 0*
#1810500 1*
#1811000 0!
#1811125 1"
#1811375 0*
#1812375 1*
#1813000 1!
#1813250 0*
#1814250 1*
#1815375 1) 1-
#1815625 0! 0& 1'
#1815750 1#
#1816500 0)
#1816625 0" 0# 0' 0(
#1816750 1$ 1&
#1817000 0*
#1818000 1*
#1818125 1)
#1818375 0%
#1818500 1# 1' 1(
#1818625 0,
#1819250 0)
#1819500 1! 1" 0# 0$ 1% 0& 0'
#1819750 0+
#1820750 1+
#1821000 1)
#1821250 0! 1' 0(
#1821375 1# 1,
#1822000 0-
#1822125 0)
#1822250 0" 0'
#1822375 1& 1(
#1822625 0*
#1823625 1*
#1824250 1!
#1824500 0*
#1825500 1*
#1826000 0!
#1826125 1"
#1826375 0*
#1827375 1*
#1828000 1!
#1828250 0*
#1829250 1*
#1830375 1) 1-
#1830625 0! 0&
#1830750 1'
#1831500 0)
#1831625 0" 0' 0(
#1831750 1$ 1&
#1832000 0*
#1833000 1*
#1833250 1)
#1833375 0&
#1833500 1! 0# 0$ 0% 1'
#1834250 0)
#1834625 1" 1# 1$ 1% 1&
#1834875 0+
#1835875 1+
#1836000 1)
#1836250 0! 0$ 0&
#1837000 0-
#1837125 0)
#1837250 0" 0#
#1837375 1$ 1& 0' 1(
#1837625 0*
#1838625 1*
#1839250 1!
#1839500 0*
#1840500 1*
#1841000 0! 00
#1841125 1"
#1841375 0*
#1842375 1*
#1843000 1!
#1843250 0*
#1844250 1*
#1845375 1)
#1845500 1-
#1845625 0! 0$ 0&
#1845750 1# 1'
#1846500 0)
#1846750 0" 0# 0% 0(
#1847000 0*
#1848000 1* 10
#1848250 1)
#1848500 1# 1& 1(
#1848625 1$ 0,
#1849375 0)
#1849500 0$ 0& 0'
#1849625 1%
#1849875 0+
#1850875 1+
#1851000 1)
#1851250 0(
#1851375 1" 1' 1,
#1852125 0) 0-
#1852375 0" 1$ 1& 0' 1(
#1852625 0*
#1853625 1*
#1854250 1!
#1854500 0*
#1855500 1*
#1856125 0! 1"
#1856375 0*
#1857375 1*
#1858000 1!
#1858250 0*
#1859250 1*
#1860375 1)
#1860500 1-
#1860625 0!
#1860750 0$ 0& 1'
#1861500 0)
#1861750 0" 0% 0(
#1862000 0*
#1863000 1*
#1863250 1)
#1863625 1! 1" 1$ 1% 1& 1(
#1864375 0)
#1866125 1)
#1866375 0! 0$ 0& 0(
#1867125 0) 0-
#1867375 0" 0# 0% 1(
#1867625 0*
#1868625 1*
#1869250 1!
#1869500 0*
#1870500 1*
#1871125 0! 1"
#1871375 0*
#1872375 1*
#1873000 1!
#1873250 0*
#1874250 1*
#1875500 1) 1-
#1875625 0!
#1875750 1# 1%
#1876500 0)
#1876750 0" 0# 0% 0(
#1876875 1$
#1877000 0*
#1878000 1*
#1878250 1)
#1878625 1# 1& 1( 0,
#1879375 0)
#1879625 1! 0$ 1% 0& 0'
#1879875 0+
#1880875 1+
#1881125 1)
#1881250 0!
#1881375 1" 1' 0(
#1881500 1,
#1882125 0) 0-
#1882375 0" 0% 1(
#1882625 0*
#1883750 1*
#1884375 1!
#1884500 0*
#1885625 1*
#1886125 0!
#1886250 1"
#1886375 0*
#1887500 1*
#1888125 1!
#1888250 0*
#1889375 1*
#1890500 1) 1-
#1890750 0! 1%
#1891625 0)
#1891750 0" 0% 0(
#1891875 1$
#1892000 0*
#1893125 1*
#1893250 1)
#1893500 0# 0$
#1893625 1"
#1894375 0)
#1894625 1! 1# 1$ 1% 1&
#1894875 0*
#1895875 1*
#1896125 1)
#1896375 0! 0$ 0&
#1897125 0-
#1897250 0)
#1897375 0" 0# 0%
#1897500 1$ 1(
#1897750 0*
#1898750 1*
#1899375 1!
#1899625 0*
#1900625 1*
#1901125 0!
#1901250 1"
#1901500 0*
#1902500 1*
#1903125 1!
#1903375 0*
#1904375 1*
#1905500 1) 1-
#1905750 0! 0$
#1905875 1# 1%
#1906625 0)
#1906750 0" 0# 0(
#1907125 0*
#1908125 1*
#1908250 1)
#1908500 0%
#1908625 1# 1$ 1& 1(
#1908750 0,
#1909375 0)
#1909625 1" 0$ 1% 0& 0'
#1909875 0+
#1910875 1+
#1911125 1)
#1911375 0(
#1911500 1' 1,
#1912125 0-
#1912250 0)
#1912375 0" 0%
#1912500 1$ 1(
#1912750 0*
#1913750 1*
#1914375 1!
#1914625 0*
#1915625 1*
#1916125 0!
#1916250 1"
#1916500 0*
#1917500 1*
#1918125 1!
#1918375 0*
#1919375 1*
#1920500 1) 1-
#1920750 0! 0$
#1920875 1%
#1921625 0)
#1921750 0" 0(
#1922125 0*
#1923125 1*
#1923375 1)
#1923625 1! 1" 1$ 1& 1(
#1924375 0)
#1924875 00
#1926125 1)
#1926375 0! 0$ 0& 0(
#1927125 0-
#1927250 0)
#1927375 0" 0#
#1927500 1(
#1927750 0*
#1928750 1*
#1929375 1!
#1929625 0*
#1930625 1*
#1931125 0!
#1931250 1"
#1931500 0*
#1931750 10
#1932500 1*
#1933125 1!
#1933375 0*
#1934375 1*
#1935500 1)
#1935625 1-
#1935750 0!
#1935875 1#
#1936625 0)
#1936750 0#
#1936875 0" 1$ 0(
#1937125 0*
#1938125 1*
#1938375 1)
#1938625 1# 0% 1& 1(
#1938750 0,
#1939375 0)
#1939625 0$ 0& 0'
#1939750 1! 1" 1%
#1940000 0+
#1941000 1+
#1941125 1)
#1941375 0! 0(
#1941500 1' 1,
#1942250 0) 0-
#1942500 0" 1(
#1942750 0*
#1943750 1*
#1944375 1!
#1944625 0*
#1945625 1*
#1946125 0!
#1946250 1"
#1946500 0*
#1947500 1*
#1948125 1!
#1948375 0*
#1949375 1*
#1950500 1)
#1950625 1-
#1950750 0!
#1951625 0)
#1951875 0" 1$ 0(
#1952125 0*
#1953125 1*
#1953375 1)
#1953625 1! 1" 0# 0$ 0%
#1954500 0)
#1954750 1# 1$ 1% 1&
#1955000 0+
#1956000 1+
#1956125 1)
#1956375 0! 0$ 0&
#1957250 0) 0-
#1957500 0" 0# 1$ 1(
#1957750 0*
#1958750 1*
#1959375 1!
#1959625 0*
#1960625 1*
#1961125 0!
#1961250 1"
#1961500 0*
#1962500 1*
#1963125 1!
#1963375 0*
#1964375 1*
#1965500 1)
#1965625 1-
#1965750 0! 0$
#1965875 1#
#1966625 0)
#1966875 0" 0# 0% 1& 0(
#1967125 0*
#1968125 1*
#1968375 1)
#1968625 1# 1(
#1968750 1$ 0,
#1969500 0)
#1969625 0# 0& 0'
#1969750 1%
#1970000 0+
#1971000 1+
#1971125 1)
#1971375 0$ 0(
#1971500 1" 1# 1' 1,
#1972250 0) 0-
#1972500 0" 1$ 1(
#1972750 0*
#1973750 1*
#1974375 1!
#1974625 0*
#1975625 1*
#1976125 0!
#1976250 1"
#1976500 0*
#1977500 1*
#1978125 1!
#1978375 0*
#1979375 1*
#1980500 1)
#1980625 1-
#1980750 0! 0$
#1981625 0)
#1981875 0" 0% 1& 0(
#1982125 0*
#1983125 1*
#1983375 1)
#1983625 1! 1" 1% 1(
#1983750 1$
#1984500 0)
#1986125 1)
#1986375 0! 0$ 0& 0(
#1987250 0) 0-
#1987500 0" 0# 0% 1& 1(
#1987750 0*
#1988750 1*
#1989375 1!
#1989625 0*
#1990625 1*
#1991125 0!
#1991250 1"
#1991500 0*
#1992500 1*
#1993125 1!
#1993375 0*
#1994375 1*
#1995500 1)
#1995625 1-
#1995750 0! 0&
#1995875 1# 1%
#1996625 0)
#1996875 0" 0# 1$ 0% 1& 0(
#1997125 0*
#1998125 1*
#1998375 1)
#1998625 1# 1(
#1998750 0,
#1999375 0)
#1999625 0# 0& 0'
#1999750 1! 1%
#1999875 0+
#2001000 1+
#2001125 1)
#2001375 0! 0$ 0(
#2001500 1" 1# 1' 1,
#2002250 0) 0-
#2002375 0"
#2002500 0% 1& 1(
#2002750 0*
#2003750 1*
#2004375 1!
#2004625 0*
#2005625 1*
#2006125 0!
#2006250 1"
#2006500 0*
#2007500 1*
#2008125 1!
#2008375 0*
#2008625 00
#2009375 1*
#2010500 1) 1-
#2010750 0! 0&
#2010875 1%
#2011625 0)
#2011750 0% 0(
#2011875 0" 1$ 1&
#2012125 0*
#2013125 1*
#2013375 1)
#2013500 0&
#2013625 0$
#2014375 0)
#2014625 1&
#2014750 1! 1" 1$ 1%
#2014875 0*
#2015625 10
#2015875 1*
#2016125 1)
#2016375 0! 0$ 0&
#2017125 0-
#2017250 0)
#2017375 0" 0# 0%
#2017500 1$ 1& 1(
#2017750 0*
#2018750 1*
#2019375 1!
#2019625 0*
#2020625 1*
#2021125 0!
#2021250 1"
#2021500 0*
#2022500 1*
#2023125 1!
#2023375 0*
#2024375 1*
#2025500 1) 1-
#2025750 0! 0$ 0&
#2025875 1# 1%
#2026625 0)
#2026750 0" 0# 0(
#2026875 1&
#2027125 0*
#2028125 1*
#2028250 1)
#2028500 0%
#2028625 1# 1$ 1(
#2028750 0,
#2029375 0)
#2029625 1" 0# 1% 0& 0'
#2029875 0+
#2030875 1+
#2031125 1)
#2031375 0$ 1' 0(
#2031500 1# 1,
#2032125 0-
#2032250 0)
#2032375 0" 0%
#2032500 1$ 1& 1(
#2032750 0*
#2033750 1*
#2034375 1!
#2034625 0*
#2035625 1*
#2036125 0!
#2036250 1"
#2036500 0*
#2037500 1*
#2038125 1!
#2038375 0*
#2039375 1*
#2040500 1) 1-
#2040750 0! 0$ 1% 0&
#2041625 0)
#2041750 0" 0(
#2041875 1&
#2042125 0*
#2043125 1*
#2043250 1)
#2043625 1! 1" 1$ 1(
#2044375 0)
#2046125 1)
#2046375 0! 0$ 0& 0(
#2047125 0-
#2047250 0)
#2047375 0" 0#
#2047500 1& 1(
#2047625 0*
#2048750 1*
#2049375 1!
#2049500 0*
#2050625 1*
#2051125 0!
#2051250 1"
#2051375 0*
#2052500 1*
#2053125 1!
#2053250 0*
#2054375 1*
#2055500 1) 1-
#2055750 0! 1# 0&
#2056500 0)
#2056750 0" 0# 0(
#2056875 1$ 1&
#2057000 0*
#2058125 1*
#2058250 1)
#2058500 0%
#2058625 1# 1( 0,
#2059375 0)
#2059625 1! 1" 0# 1% 0& 0'
#2059875 0+
#2060875 1+
#2061125 1)
#2061375 0! 1# 0$ 1' 0(
#2061500 1,
#2062125 0) 0-
#2062375 0" 1(
#2062500 1&
#2062625 0*
#2063625 1*
#2064250 1!
#2064500 0*
#2065500 1*
#2066125 0!
#2066250 1"
#2066375 0*
#2067375 1*
#2068000 1!
#2068250 0*
#2069250 1*
#2070500 1) 1-
#2070625 0!
#2070750 0&
#2071500 0)
#2071750 0" 1& 0(
#2071875 1$
#2072000 0*
#2073000 1*
#2073250 1)
#2073500 0$ 0% 0&
#2073625 1!
#2074375 0)
#2074625 1" 1$ 1% 1&
#2074875 0+
#2075875 1+
#2076125 1)
#2076375 0! 0$ 0&
#2077125 0) 0-
#2077375 0" 0# 1& 1(
#2077500 1$
#2077625 0*
#2078625 1*
#2079250 1!
#2079500 0*
#2080500 1*
#2081125 0! 1"
#2081375 0*
#2082375 1*
#2083000 1!
#2083250 0*
#2084250 1*
#2085500 1) 1-
#2085750 1#
#2086500 0)
#2087000 0+
#2088000 1+
#2088250 1)
#2088500 0! 0" 0%
#2088625 0,
#2089375 0)
#2089500 0& 0'
#2089625 1%
#2089875 0+
#2090875 1+
#2091000 1)
#2091250 0$ 0(
#2091375 1" 1'
#2091500 1,
#2092125 0) 0-
#2092375 0" 1$ 1& 1(
#2092500 00
#2092625 0*
#2093625 1*
#2094250 1!
#2094500 0*
#2095500 1*
#2096125 0! 1"
#2096375 0*
#2097375 1*
#2098000 1!
#2098250 0*
#2099250 1*
#2099500 10
#2100375 1)
#2100500 1-
#2100625 0! 0&
#2100750 0$
#2101500 0)
#2101750 0" 0# 0% 0' 0(
#2102000 0*
#2103000 1*
#2103625 1!
#2103875 0*
#2104875 1*
#2105500 0! 1"
#2105750 0*
#2106500 1)
#2106750 1*
#2106875 1# 1% 1' 1(
#2107625 0)
#2107750 0# 0% 0' 0(
#2107875 0"
#2108125 0*
#2109125 1*
#2109750 1!
#2110000 0*
#2111000 1*
#2111500 0!
#2111625 1"
#2111875 0*
#2112625 1)
#2112875 0" 1' 1( 1*
#2113000 1# 1$ 1& 0,
#2113750 0)
#2113875 0& 0'
#2114000 1! 1%
#2114250 0+
#2115250 1+
#2115375 1)
#2115625 0! 0#
#2115750 1' 1,
#2116500 0)
#2116750 1! 1# 0% 0' 0(
#2117000 0*
#2118000 1*
#2118625 1%
#2118875 0*
#2119875 1*
#2120125 1)
#2120375 0! 0$ 1' 1(
#2121250 0)
#2121375 0% 0' 0(
#2121500 1! 1$
#2121625 0*
#2122750 1*
#2122875 1)
#2123125 0! 0#
#2123250 1% 1' 1(
#2124000 0)
#2124125 0(
#2124250 1! 1# 0% 0'
#2124500 0*
#2125500 1*
#2126125 1%
#2126375 0*
#2127375 1*
#2127625 1)
#2127875 0! 0$ 1' 1(
#2128750 0)
#2128875 1! 0% 0' 0(
#2129000 1$
#2129125 0*
#2130250 1*
#2130375 1)
#2130625 0! 0$
#2130750 1" 1% 1' 1(
#2131500 0)
#2131625 0(
#2131750 0" 0# 0% 0'
#2132000 0*
#2133000 1*
#2133625 1!
#2133875 0*
#2134875 1*
#2135375 0!
#2135500 1"
#2135750 0*
#2136500 1)
#2136750 1*
#2136875 1# 1% 1' 1(
#2137625 0)
#2137750 0" 0# 0% 0' 0(
#2138125 0*
#2139125 1*
#2139750 1!
#2140000 0*
#2141000 1*
#2141500 0!
#2141625 1"
#2141875 0*
#2143125 1)
#2143250 0" 1*
#2143375 1# 1$ 1& 1' 1(
#2143500 0,
#2144125 0)
#2144375 1" 1% 0& 0'
#2144625 0+
#2145625 1+
#2145875 1)
#2146125 0" 0# 1'
#2146250 1,
#2147000 0)
#2147125 0% 0' 0(
#2147250 1! 1#
#2147500 0*
#2148500 1*
#2149125 1%
#2149375 0*
#2150375 1*
#2150500 1)
#2150750 0! 0$
#2150875 1' 1(
#2151625 0)
#2151875 1! 1$ 0% 0' 0(
#2152125 0*
#2153125 1*
#2153375 1)
#2153625 0! 0# 1' 1(
#2153750 1%
#2154500 0)
#2154625 0% 0' 0(
#2154750 1! 1#
#2155000 0*
#2156000 1*
#2156625 1%
#2156875 0*
#2157875 1*
#2158000 1)
#2158250 0! 0$
#2158375 1' 1(
#2159125 0)
#2159375 1! 1$ 0% 0' 0(
#2159625 0*
#2160625 1*
#2160875 1)
#2161125 0! 0$ 1' 1(
#2161250 1" 1%
#2162000 0)
#2162125 0" 0# 0% 0' 0(
#2162500 0*
#2163500 1*
#2164125 1!
#2164375 0*
#2165375 1*
#2165875 0!
#2166000 1"
#2166250 0*
#2167000 1)
#2167250 1( 1*
#2167375 1# 1% 1'
#2168125 0)
#2168250 0" 0# 0% 0' 0(
#2168500 0*
#2169500 1*
#2170250 1!
#2170375 0*
#2171375 1*
#2172000 0!
#2172125 1"
#2172250 0*
#2173125 1)
#2173250 0" 1*
#2173375 1# 1$ 1& 1' 1(
#2173500 0,
#2174125 0)
#2174375 1! 1" 1% 0& 0'
#2174625 0+
#2175625 1+
#2175875 1)
#2176125 0! 0" 0# 1'
#2176250 1,
#2176375 00
#2177000 0)
#2177125 0% 0' 0(
#2177250 1! 1#
#2177500 0*
#2178500 1*
#2179125 1%
#2179375 0*
#2180375 1*
#2180500 1)
#2180750 0! 0$
#2180875 1' 1(
#2181625 0)
#2181875 1! 1$ 0% 0' 0(
#2182125 0*
#2183125 1*
#2183375 1) 10
#2183625 0! 0# 1' 1(
#2183750 1%
#2184500 0)
#2184625 0% 0' 0(
#2184750 1! 1#
#2185000 0*
#2186000 1*
#2186625 1%
#2186875 0*
#2187875 1*
#2188000 1)
#2188250 0!
#2188375 0$ 1' 1(
#2189125 0)
#2189375 1! 1$ 0% 0' 0(
#2189625 0*
#2190625 1*
#2190875 1)
#2191125 0! 0$ 1(
#2191250 1" 1% 1'
#2192000 0)
#2192125 0" 0# 0% 0' 0(
#2192500 0*
#2193500 1*
#2194125 1!
#2194375 0*
#2195375 1*
#2195875 0!
#2196000 1"
#2196250 0*
#2197000 1)
#2197250 1( 1*
#2197375 1# 1% 1'
#2198125 0)
#2198250 0" 0# 0% 0' 0(
#2198500 0*
#2199625 1*
#2200250 1!
#2200375 0*
#2201500 1*
#2202000 0!
#2202125 1"
#2202250 0*
#2203125 1)
#2203250 0" 1*
#2203375 1# 1$ 1& 1' 1(
#2203500 0,
#2204125 0)
#2204375 0# 0$ 0'
#2204625 0+
#2205625 1+
#2205875 1)
#2206125 0&
#2206250 1$ 1% 1' 1,
#2207000 0)
#2207125 0% 0' 0(
#2207250 1! 1#
#2207500 0*
#2208500 1*
#2209125 1%
#2209375 0*
#2210375 1*
#2210625 1)
#2210750 0!
#2210875 0$ 1' 1(
#2211625 0)
#2211875 1! 1$ 0% 0' 0(
#2212125 0*
#2213125 1*
#2213375 1)
#2213625 0! 0#
#2213750 1% 1' 1(
#2214500 0)
#2214625 0% 0' 0(
#2214750 1! 1#
#2215000 0*
#2216000 1*
#2216625 1%
#2216875 0*
#2217875 1*
#2218125 1)
#2218250 0!
#2218375 0$ 1' 1(
#2219125 0)
#2219375 1! 0% 0' 0(
#2219500 1$
#2219625 0*
#2220625 1*
#2220875 1)
#2236125 0!
#2236250 1& 1' 1( 0,
#2237000 0)
#2237250 1! 0# 0$ 0'
#2237500 0+
#2238500 1+
#2238750 1)
#2240000 1" 1# 1$ 1% 1'
#2240125 1,
#2240750 0)
#2242500 1)
#2245500 0! 0$
#2245625 0&
#2246375 0)
#2246625 0" 0# 0% 0' 0(
#2246875 0*
#2247875 1*
#2248125 1)
#2248375 1(
#2248500 1! 1" 1# 1$ 1% 1& 1'
#2249250 0)
#2250875 1)
#2252000 0)
#2252500 0+
#2253500 1+
#2254375 0+
#2255375 1+
#2256250 0+
#2257250 1+
#2258125 0+
#2259125 1+
#2260250 00
#2260375 1)
#2260625 0! 0$ 0&
#2261375 0)
#2261625 0" 0% 0' 0(
#2261875 0*
#2262875 1*
#2263125 1)
#2263500 1$ 1& 1' 1( 0,
#2264250 0)
#2264375 0$ 0'
#2264500 1" 0#
#2264750 0+
#2265750 1+
#2266000 1)
#2266250 1! 1# 1% 0& 1' 0(
#2266375 1,
#2267000 0) 0-
#2267250 0! 0" 0# 0% 0' 10
#2267500 0*
#2268500 1*
#2269125 1!
#2269375 0*
#2270375 1*
#2271000 0!
#2271125 1"
#2271250 0*
#2272250 1*
#2272875 1!
#2273125 0*
#2274125 1*
#2275375 1) 1-
#2275500 0!
#2275625 1# 1% 1' 1(
#2276375 0)
#2276625 0" 0# 0% 0' 0(
#2276750 1$
#2276875 0*
#2278000 1*
#2278125 1)
#2278500 1! 1" 1# 1% 1& 1' 1(
#2279250 0)
#2281000 1)
#2281250 0$ 0& 0(
#2282000 0-
#2282125 0)
#2282250 0! 0" 0% 0'
#2282500 0*
#2283625 1*
#2284250 1!
#2284375 0*
#2285500 1*
#2286000 0!
#2286125 1"
#2286250 0*
#2287375 1*
#2288000 1!
#2288250 0*
#2289250 1*
#2290375 1) 1-
#2290625 0! 1% 1' 1(
#2291500 0)
#2291625 0" 0% 0' 0(
#2291750 1$
#2292000 0*
#2293000 1*
#2293125 1)
#2293375 0$
#2293500 1" 1'
#2294250 0)
#2294500 1! 1$ 1% 1&
#2294750 0*
#2295750 1*
#2296000 1)
#2296250 0$ 0&
#2297000 0-
#2297125 0)
#2297250 0! 0" 0# 0% 0'
#2297375 1$
#2297625 0*
#2298625 1*
#2299250 1!
#2299500 0*
#2300500 1*
#2301000 0!
#2301125 1"
#2301375 0*
#2302375 1*
#2303000 1!
#2303250 0*
#2304250 1*
#2305375 1) 1-
#2305625 0! 0$ 1(
#2305750 1# 1% 1'
#2306500 0)
#2306625 0" 0# 0' 0(
#2307000 0*
#2308000 1*
#2308250 1)
#2308375 0%
#2308500 1# 1$ 1& 1' 1(
#2308625 0,
#2309250 0)
#2309500 1! 1" 0# 0$ 0'
#2309750 0+
#2310875 1+
#2311000 1)
#2311250 0& 0(
#2311375 1# 1% 1' 1,
#2312125 0) 0-
#2312250 0! 0" 0% 0'
#2312375 1$
#2312625 0*
#2313625 1*
#2314250 1!
#2314500 0*
#2315500 1*
#2316000 0!
#2316125 1"
#2316375 0*
#2317375 1*
#2318000 1!
#2318250 0*
#2319250 1*
#2320375 1) 1-
#2320625 0! 0$
#2320750 1% 1' 1(
#2321500 0)
#2321625 0' 0(
#2321750 0"
#2322000 0*
#2323000 1*
#2323250 1)
#2323500 1! 1" 1$ 1& 1' 1(
#2324375 0)
#2326000 1)
#2326250 0$ 0& 0(
#2327125 0) 0-
#2327250 0!
#2327375 0" 0# 0'
#2327625 0*
#2328625 1*
#2329250 1!
#2329500 0*
#2330500 1*
#2331000 0!
#2331125 1"
#2331375 0*
#2332375 1*
#2333000 1!
#2333250 0*
#2334250 1*
#2335375 1)
#2335500 1-
#2335625 0!
#2335750 1# 1' 1(
#2336500 0)
#2336750 0" 0# 1$ 0' 0(
#2337000 0*
#2338000 1*
#2338250 1)
#2338500 0% 1' 1(
#2338625 1# 1& 0,
#2339375 0)
#2339500 0$ 0'
#2339875 0+
#2340875 1+
#2341000 1)
#2341250 0& 0(
#2341375 1! 1" 1% 1'
#2341500 1,
#2342125 0) 0-
#2342375 0! 0" 0'
#2342625 0*
#2343625 1*
#2344125 00
#2344250 1!
#2344500 0*
#2345500 1*
#2346125 0! 1"
#2346375 0*
#2347375 1*
#2348000 1!
#2348250 0*
#2349250 1*
#2350500 1) 1-
#2350625 0!
#2350750 1' 1(
#2351000 10
#2351500 0)
#2351750 0" 1$ 0' 0(
#2352000 0*
#2353000 1*
#2353250 1)
#2353500 0$ 0%
#2353625 1! 1" 1'
#2354375 0)
#2354625 1$ 1% 1&
#2354875 0+
#2355875 1+
#2356125 1)
#2356250 0&
#2356375 0$
#2357125 0) 0-
#2357375 0! 0" 0# 0'
#2357500 1$
#2357625 0*
#2358625 1*
#2359250 1!
#2359500 0*
#2360500 1*
#2361125 0!
#2361250 1"
#2361375 0*
#2362375 1*
#2363000 1!
#2363250 0*
#2364250 1*
#2365500 1) 1-
#2365625 0!
#2365750 1# 0$ 1' 1(
#2366500 0)
#2366750 0" 0# 0% 0' 0(
#2366875 1&
#2367000 0*
#2368000 1*
#2368250 1)
#2368625 1# 1$ 1' 1( 0,
#2369375 0)
#2369625 1! 0$ 0'
#2369875 0+
#2370875 1+
#2371125 1)
#2371375 1" 1% 0& 1' 0(
#2371500 1,
#2372125 0) 0-
#2372375 0! 0" 0'
#2372500 1$
#2372625 0*
#2373750 1*
#2374250 1!
#2374500 0*
#2375625 1*
#2376125 0!
#2376250 1"
#2376375 0*
#2377500 1*
#2378000 1!
#2378250 0*
#2379375 1*
#2380500 1) 1-
#2380750 0! 0$ 1' 1(
#2381625 0)
#2381750 0" 0% 0' 0(
#2381875 1&
#2382000 0*
#2383125 1*
#2383250 1)
#2383625 1! 1" 1$ 1% 1' 1(
#2384375 0)
#2386125 1)
#2386375 0$ 0& 0(
#2387125 0-
#2387250 0)
#2387375 0! 0" 0# 0% 0'
#2387500 1&
#2387625 0*
#2388750 1*
#2389375 1!
#2389500 0*
#2390625 1*
#2391125 0!
#2391250 1"
#2391375 0*
#2392500 1*
#2393125 1!
#2393250 0*
#2394375 1*
#2395500 1) 1-
#2395750 0! 1# 1% 0& 1' 1(
#2396625 0)
#2396750 0" 0# 0% 0' 0(
#2396875 1$ 1&
#2397000 0*
#2398125 1*
#2398250 1)
#2398625 1# 1' 1( 0,
#2399375 0)
#2399625 1" 0$ 0'
#2399875 0+
#2400875 1+
#2401125 1)
#2401375 1! 1% 0& 1' 0(
#2401500 1,
#2402125 0-
#2402250 0)
#2402375 0! 0" 0% 0'
#2402500 1&
#2402625 0*
#2403750 1*
#2404375 1!
#2404500 0*
#2405625 1*
#2406125 0!
#2406250 1"
#2406375 0*
#2407500 1*
#2408125 1!
#2408250 0*
#2409375 1*
#2410500 1) 1-
#2410750 0! 1% 0& 1' 1(
#2411625 0)
#2411750 0" 0% 0' 0(
#2411875 1$ 1&
#2412000 0*
#2413125 1*
#2413250 1)
#2413500 0# 0&
#2413625 1'
#2414375 0)
#2414625 1! 1" 1# 1% 1&
#2414875 0*
#2415875 1*
#2416125 1)
#2416375 0$ 0&
#2417125 0-
#2417250 0)
#2417375 0! 0" 0# 0% 0'
#2417500 1$ 1&
#2417625 0*
#2418750 1*
#2419375 1!
#2419500 0*
#2420625 1*
#2421125 0!
#2421250 1"
#2421375 0*
#2422500 1*
#2423125 1!
#2423250 0*
#2424375 1*
#2425500 1) 1-
#2425750 0! 1# 0$ 1% 0& 1' 1(
#2426625 0)
#2426750 0" 0# 0' 0(
#2426875 1&
#2427000 0*
#2427875 00
#2428125 1*
#2428250 1)
#2428500 0%
#2428625 1# 1$ 1' 1( 0,
#2429375 0)
#2429625 1! 1" 0$ 0'
#2429875 0+
#2430875 1+
#2431125 1)
#2431375 1% 0& 1' 0(
#2431500 1,
#2432125 0-
#2432250 0)
#2432375 0! 0" 0% 0'
#2432500 1$ 1&
#2432625 0*
#2433750 1*
#2434375 1!
#2434500 0*
#2434875 10
#2435625 1*
#2436125 0!
#2436250 1"
#2436375 0*
#2437500 1*
#2438000 1!
#2438250 0*
#2439375 1*
#2440500 1) 1-
#2440750 0! 0$ 1% 0& 1' 1(
#2441500 0)
#2441750 0" 0' 0(
#2441875 1&
#2442000 0*
#2443125 1*
#2443250 1)
#2443625 1! 1" 1$ 1' 1(
#2444375 0)
#2446125 1)
#2446375 0$ 0& 0(
#2447125 0) 0-
#2447375 0! 0" 0# 1& 0'
#2447625 0*
#2448625 1*
#2449250 1!
#2449500 0*
#2450500 1*
#2451125 0!
#2451250 1"
#2451375 0*
#2452375 1*
#2453000 1!
#2453250 0*
#2454250 1*
#2455500 1) 1-
#2455625 0!
#2455750 1# 0& 1' 1(
#2456500 0)
#2456750 0" 0# 1& 0' 0(
#2456875 1$
#2457000 0*
#2458000 1*
#2458250 1)
#2458500 0%
#2458625 1# 1' 1( 0,
#2459375 0)
#2459500 0# 0'
#2459875 0+
#2460875 1+
#2461125 1)
#2461375 1! 1" 1# 0$ 1% 0& 1' 0(
#2461500 1,
#2462125 0) 0-
#2462375 0! 0" 1& 0'
#2462625 0*
#2463625 1*
#2464250 1!
#2464500 0*
#2465500 1*
#2466125 0! 1"
#2466375 0*
#2467375 1*
#2468000 1!
#2468250 0*
#2469250 1*
#2470500 1) 1-
#2470625 0!
#2470750 0& 1' 1(
#2471500 0)
#2471750 0" 1$ 1& 0' 0(
#2472000 0*
#2473000 1*
#2473250 1)
#2473500 1! 0# 0% 0&
#2473625 1'
#2474375 0)
#2474625 1" 1# 1% 1&
#2474875 0+
#2475875 1+
#2476000 1)
#2476250 0&
#2476375 0$
#2477125 0) 0-
#2477375 0! 0" 0# 1$ 1& 0'
#2477625 0*
#2478625 1*
#2479250 1!
#2479500 0*
#2480500 1*
#2481125 0! 1"
#2481375 0*
#2482375 1*
#2483000 1!
#2483250 0*
#2484250 1*
#2485375 1)
#2485500 1-
#2485625 0! 0$ 0&
#2485750 1# 1' 1(
#2486500 0)
#2486750 0" 0# 0% 0(
#2487000 0*
#2488000 1*
#2488250 1)
#2488500 1& 1(
#2488625 1# 1$ 0,
#2489375 0)
#2489500 0# 0'
#2489625 1!
#2489875 0+
#2490875 1+
#2491000 1)
#2491250 0$ 0& 0(
#2491375 1" 1# 1% 1'
#2491500 1,
#2492125 0) 0-
#2492375 0! 0" 1$ 1& 0'
#2492625 0*
#2493625 1*
#2494250 1!
#2494500 0*
#2495500 1*
#2496000 0!
#2496125 1"
#2496375 0*
#2497375 1*
#2498000 1!
#2498250 0*
#2499250 1*
#2500375 1)
#2500500 1-
#2500625 0! 0$ 0&
#2500750 1' 1(
#2501500 0)
#2501625 0(
#2501750 0" 0%
#2502000 0*
#2503000 1*
#2503250 1)
#2503500 1! 1" 1% 1& 1(
#2503625 1$
#2504375 0)
#2506000 1)
#2506250 0$ 0& 0(
#2507125 0) 0-
#2507250 0! 0"
#2507375 0# 0%
#2507625 0*
#2508625 1*
#2509250 1!
#2509500 0*
#2510500 1*
#2511000 0!
#2511125 1"
#2511375 0*
#2511750 00
#2512375 1*
#2513000 1!
#2513250 0*
#2514250 1*
#2515375 1)
#2515500 1-
#2515625 0!
#2515750 1# 1% 1(
#2516500 0)
#2516625 0# 0% 0(
#2516750 0" 1$
#2517000 0*
#2518000 1*
#2518250 1)
#2518500 1# 1& 1(
#2518625 0,
#2518750 10
#2519250 0)
#2519500 0# 0'
#2519625 1"
#2519750 0+
#2520875 1+
#2521000 1)
#2521250 1! 0$ 0& 0(
#2521375 1# 1% 1' 1,
#2522000 0-
#2522125 0)
#2522250 0! 0" 0%
#2522625 0*
#2523625 1*
#2524250 1!
#2524500 0*
#2525500 1*
#2526000 0!
#2526125 1"
#2526375 0*
#2527375 1*
#2528000 1!
#2528250 0*
#2529250 1*
#2530375 1) 1-
#2530625 0! 1(
#2530750 1%
#2531500 0)
#2531625 0" 0% 0(
#2531750 1$
#2532000 0*
#2533000 1*
#2533125 1)
#2533375 0#
#2533500 1"
#2534250 0)
#2534500 1! 1# 1% 1&
#2534750 0*
#2535750 1*
#2536000 1)
#2536250 0$ 0&
#2537000 0-
#2537125 0)
#2537250 0! 0" 0# 0%
#2537375 1$
#2537625 0*
#2538625 1*
#2539250 1!
#2539500 0*
#2540500 1*
#2541000 0!
#2541125 1"
#2541375 0*
#2542375 1*
#2543000 1!
#2543250 0*
#2544250 1*
#2545375 1) 1-
#2545625 0! 0$ 1(
#2545750 1# 1%
#2546500 0)
#2546625 0" 0# 0(
#2547000 0*
#2548000 1*
#2548125 1)
#2548375 0%
#2548500 1# 1$ 1& 1( 0,
#2549250 0)
#2549500 1! 1" 0# 0'
#2549750 0+
#2550750 1+
#2551000 1)
#2551250 1# 0$ 1% 0& 1' 0(
#2551375 1,
#2552000 0-
#2552125 0)
#2552250 0! 0" 0%
#2552375 1$
#2552625 0*
#2553625 1*
#2554250 1!
#2554500 0*
#2555500 1*
#2556000 0!
#2556125 1"
#2556375 0*
#2557375 1*
#2558000 1!
#2558125 0*
#2559250 1*
#2560375 1) 1-
#2560625 0! 0$ 1% 1(
#2561500 0)
#2561625 0" 0(
#2561875 0*
#2563000 1*
#2563125 1)
#2563500 1! 1" 1$ 1& 1(
#2564250 0)
#2566000 1)
#2566250 0$ 0& 0(
#2567000 0-
#2567125 0)
#2567250 0! 0" 0#
#2567500 0*
#2568625 1*
#2569250 1!
#2569375 0*
#2570500 1*
#2571000 0!
#2571125 1"
#2571250 0*
#2572375 1*
#2572875 1!
#2573125 0*
#2574250 1*
#2575375 1) 1-
#2575625 0! 1# 1(
#2576375 0)
#2576625 0" 0# 0(
#2576750 1$
#2576875 0*
#2578000 1*
#2578125 1)
#2578375 0%
#2578500 1# 1& 1( 0,
#2579250 0)
#2579500 0'
#2579750 0+
#2580750 1+
#2581000 1)
#2581250 1! 1" 0$ 1% 0& 1' 0(
#2581375 1,
#2582000 0) 0-
#2582250 0! 0"
#2582500 0*
#2583625 1*
#2584125 1!
#2584375 0*
#2585500 1*
#2586000 0!
#2586125 1"
#2586250 0*
#2587375 1*
#2587875 1!
#2588125 0*
#2589250 1*
#2590375 1) 1-
#2590625 0! 1(
#2591375 0)
#2591625 0" 0(
#2591750 1$
#2591875 0*
#2593000 1*
#2593125 1)
#2593375 0# 0%
#2593500 1! 1"
#2594250 0)
#2594500 1# 1% 1&
#2594750 0+
#2595625 00
#2595750 1+
#2596000 1)
#2596250 0$ 0&
#2597000 0) 0-
#2597250 0! 0" 0#
#2597375 1$
#2597500 0*
#2598500 1*
#2599125 1!
#2599375 0*
#2600375 1*
#2601000 0!
#2601125 1"
#2601250 0*
#2602250 1*
#2602625 10
#2602875 1!
#2603125 0*
#2604250 1*
#2605375 1) 1-
#2605625 0! 1# 0$ 1(
#2606375 0)
#2606625 0" 0# 0% 0(
#2606750 1&
#2606875 0*
#2607875 1*
#2608125 1)
#2608500 1# 1$ 1( 0,
#2609250 0)
#2609500 1! 0'
#2609750 0+
#2610750 1+
#2611000 1)
#2611250 1" 0$ 1% 0& 1' 0(
#2611375 1,
#2612000 0) 0-
#2612250 0! 0"
#2612375 1$
#2612500 0*
#2613500 1*
#2614125 1!
#2614375 0*
#2615500 1*
#2616000 0!
#2616125 1"
#2616250 0*
#2617375 1*
#2617875 1!
#2618125 0*
#2619250 1*
#2620375 1) 1-
#2620625 0! 0$ 1(
#2621375 0)
#2621625 0" 0% 0(
#2621750 1&
#2621875 0*
#2623000 1*
#2623125 1)
#2623500 1! 1" 1$ 1% 1(
#2624250 0)
#2626000 1)
#2626250 0$ 0& 0(
#2627000 0) 0-
#2627250 0! 0" 0# 0%
#2627375 1&
#2627500 0*
#2628625 1*
#2629250 1!
#2629375 0*
#2630500 1*
#2631000 0!
#2631125 1"
#2631250 0*
#2632375 1*
#2633000 1!
#2633125 0*
#2634250 1*
#2635375 1) 1-
#2635625 0! 1# 1% 0& 1(
#2636500 0)
#2636625 0" 0# 0% 0(
#2636750 1$ 1&
#2636875 0*
#2638000 1*
#2638125 1)
#2638500 1# 1( 0,
#2639250 0)
#2639500 1" 0'
#2639750 0+
#2640750 1+
#2641000 1)
#2641250 1! 0$ 1% 0& 1' 0(
#2641375 1,
#2642000 0-
#2642125 0)
#2642250 0! 0" 0%
#2642375 1&
#2642625 0*
#2643625 1*
#2644250 1!
#2644500 0*
#2645500 1*
#2646000 0!
#2646125 1"
#2646375 0*
#2647375 1*
#2648000 1!
#2648250 0*
#2649250 1*
#2650375 1) 1-
#2650625 0! 1% 0& 1(
#2651500 0)
#2651625 0" 0% 0(
#2651750 1$ 1&
#2652000 0*
#2653000 1*
#2653125 1)
#2653375 0&
#2654250 0)
#2654500 1! 1" 1% 1&
#2654750 0*
#2655750 1*
#2656000 1)
#2656250 0$ 0&
#2657000 0-
#2657125 0)
#2657250 0! 0" 0# 0%
#2657375 1$ 1&
#2657625 0*
#2658625 1*
#2659250 1!
#2659500 0*
#2660500 1*
#2661000 0!
#2661125 1"
#2661375 0*
#2662375 1*
#2663000 1!
#2663250 0*
#2664250 1*
#2665375 1) 1-
#2665625 0! 0$ 0& 1(
#2665750 1# 1%
#2666500 0)
#2666625 0" 0# 0(
#2666750 1&
#2667000 0*
#2668000 1*
#2668250 1)
#2668375 0%
#2668500 1# 1$ 1(
#2668625 0,
#2669250 0)
#2669500 1! 1" 0'
#2669750 0+
#2670875 1+
#2671000 1)
#2671250 0$ 0& 0(
#2671375 1% 1' 1,
#2672000 0-
#2672125 0)
#2672250 0! 0" 0%
#2672375 1$ 1&
#2672625 0*
#2673625 1*
#2674250 1!
#2674500 0*
#2675500 1*
#2676000 0!
#2676125 1"
#2676375 0*
#2677375 1*
#2678000 1!
#2678250 0*
#2679250 1*
#2679500 00
#2680375 1)
#2680500 1-
#2680625 0! 0$ 0& 1(
#2680750 1%
#2681500 0)
#2681625 0(
#2681750 0" 1&
#2682000 0*
#2683000 1*
#2683250 1)
#2683500 1! 1" 1$ 1(
#2684250 0)
#2686000 1)
#2686250 0$ 0& 0(
#2686500 10
#2687125 0) 0-
#2687250 0! 0"
#2687375 0# 1&
#2687625 0*
#2688625 1*
#2689250 1!
#2689500 0*
#2690500 1*
#2691000 0!
#2691125 1"
#2691375 0*
#2692375 1*
#2693000 1!
#2693250 0*
#2694250 1*
#2695375 1)
#2695500 1-
#2695625 0! 0&
#2695750 1# 1(
#2696500 0)
#2696750 0" 0# 1$ 1& 0(
#2697000 0*
#2698000 1*
#2698250 1)
#2698500 0% 1(
#2698625 1# 0,
#2699375 0)
#2699500 0# 0$ 0'
#2699625 1%
#2699875 0+
#2700875 1+
#2701000 1)
#2701250 0& 0(
#2701375 1! 1" 1# 1'
#2701500 1,
#2702125 0) 0-
#2702375 0! 0" 1&
#2702625 0*
#2703625 1*
#2704250 1!
#2704500 0*
#2705500 1*
#2706125 0! 1"
#2706375 0*
#2707375 1*
#2708000 1!
#2708250 0*
#2709250 1*
#2710500 1) 1-
#2710625 0!
#2710750 0& 1(
#2711500 0)
#2711750 0" 1& 0(
#2711875 1$
#2712000 0*
#2713000 1*
#2713250 1)
#2713500 0% 0&
#2713625 1!
#2714375 0)
#2714625 1" 1% 1&
#2714875 0+
#2715875 1+
#2716125 1)
#2716250 0&
#2716375 0$
#2717125 0) 0-
#2717375 0! 0" 0# 1&
#2717500 1$
#2717625 0*
#2718625 1*
#2719250 1!
#2719500 0*
#2720500 1*
#2721125 0!
#2721250 1"
#2721375 0*
#2722375 1*
#2723000 1!
#2723250 0*
#2724250 1*
#2725500 1) 1-
#2725750 1# 1(
#2726500 0)
#2727125 0+
#2728125 1+
#2728250 1)
#2728500 0! 0" 0%
#2728625 0,
#2729375 0)
#2729625 1! 0# 0$ 1% 0'
#2729875 0+
#2730875 1+
#2731125 1)
#2731375 1" 1# 0& 1' 0(
#2731500 1,
#2732125 0-
#2732250 0)
#2732375 0! 0"
#2732500 1$ 1&
#2732750 0*
#2733750 1*
#2734375 1!
#2734500 0*
#2735625 1*
#2736125 0!
#2736250 1"
#2736500 0*
#2737500 1*
#2738125 1!
#2738375 0*
#2739375 1*
#2740500 1) 1-
#2740750 0! 0$ 0& 1(
#2741625 0)
#2741750 0" 0# 0% 0' 0(
#2742125 0*
#2743125 1*
#2743750 1!
#2744000 0*
#2745000 1*
#2745500 0!
#2745625 1"
#2745875 0*
#2746625 1)
#2746875 1( 1*
#2747000 1# 1% 1'
#2747750 0)
#2747875 0" 0# 0% 0' 0(
#2748125 0*
#2749250 1*
#2749875 1!
#2750000 0*
#2751125 1*
#2751625 0!
#2751750 1"
#2751875 0*
#2752750 1)
#2752875 0" 1*
#2753000 1# 1$ 1& 1' 1(
#2753125 0,
#2753750 0)
#2754000 0# 0$ 1% 0'
#2754125 1"
#2754250 0+
#2755375 1+
#2755500 1)
#2755750 0" 0&
#2755875 1$ 1' 1,
#2756625 0)
#2756750 0% 0' 0(
#2756875 1" 1#
#2757125 0*
#2758125 1*
#2758750 1%
#2759000 0*
#2760000 1*
#2760250 1)
#2760500 0" 0$ 1' 1(
#2761250 0)
#2761500 0% 0' 0(
#2761625 1" 1$
#2761750 0*
#2762750 1*
#2763000 1)
#2763250 0" 0# 1(
#2763375 1% 1' 00
#2764125 0)
#2764250 0% 0' 0(
#2764375 1" 1#
#2764625 0*
#2765625 1*
#2766250 1%
#2766500 0*
#2767500 1*
#2767750 1)
#2768000 0" 0$ 1' 1(
#2768750 0)
#2769000 0% 0' 0(
#2769125 1" 1$
#2769250 0*
#2770250 10
#2770375 1*
#2770500 1)
#2770750 0$
#2770875 1% 1' 1(
#2771625 0)
#2771750 0(
#2771875 0" 0# 0% 0'
#2772125 0*
#2773125 1*
#2773750 1!
#2774000 0*
#2775000 1*
#2775500 0!
#2775625 1"
#2775875 0*
#2776625 1)
#2776875 1*
#2777000 1# 1% 1' 1(
#2777750 0)
#2777875 0# 0% 0' 0(
#2778000 0"
#2778250 0*
#2779250 1*
#2779875 1!
#2780125 0*
#2781125 1*
#2781625 0!
#2781750 1"
#2782000 0*
#2783250 1)
#2783375 0"
#2783500 1# 1$ 1& 1' 1( 1*
#2783625 0,
#2784250 0)
#2784500 1! 0# 0$ 0'
#2784625 1" 1%
#2784750 0+
#2785875 1+
#2786000 1)
#2786250 0! 0" 0&
#2786375 1$ 1' 1,
#2787125 0)
#2787250 0' 0(
#2787375 1" 1# 0%
#2787625 0*
#2788625 1*
#2789250 1%
#2789500 0*
#2790500 1*
#2790750 1)
#2791000 0" 0$ 1' 1(
#2791750 0)
#2792000 0% 0' 0(
#2792125 1" 1$
#2792250 0*
#2793375 1*
#2793500 1)
#2793750 0" 0#
#2793875 1% 1' 1(
#2794625 0)
#2794750 0' 0(
#2794875 1" 1# 0%
#2795125 0*
#2796125 1*
#2796750 1%
#2797000 0*
#2798000 1*
#2798250 1)
#2798500 0" 0$ 1' 1(
#2799375 0)
#2799500 0% 0' 0(
#2799625 1" 1$
#2799750 0*
#2800875 1*
#2801000 1)
#2801250 0$
#2801375 1% 1' 1(
#2802125 0)
#2802250 0(
#2802375 0" 0# 0% 0'
#2802625 0*
#2803625 1*
#2804250 1!
#2804500 0*
#2805500 1*
#2806000 0!
#2806125 1"
#2806375 0*
#2807125 1)
#2807375 1*
#2807500 1# 1% 1' 1(
#2808250 0)
#2808375 0# 0% 0' 0(
#2808500 0"
#2808750 0*
#2809750 1*
#2810375 1!
#2810625 0*
#2811625 1*
#2812125 0!
#2812250 1"
#2812500 0*
#2813250 1)
#2813500 0" 1' 1( 1*
#2813625 1# 1$ 1& 0,
#2814375 0)
#2814500 0$ 0'
#2814625 1%
#2814875 0+
#2815875 1+
#2816000 1)
#2816250 0# 0&
#2816375 1$ 1'
#2816500 1,
#2817125 0)
#2817375 1" 1# 0% 0' 0(
#2817625 0*
#2818625 1*
#2819250 1%
#2819500 0*
#2820500 1*
#2820750 1)
#2821000 0" 0$ 1' 1(
#2821875 0)
#2822000 0% 0' 0(
#2822125 1" 1$
#2822375 0*
#2823375 1*
#2823500 1)
#2823750 0" 0#
#2823875 1% 1' 1(
#2824625 0)
#2824875 1" 1# 0% 0' 0(
#2825125 0*
#2826125 1*
#2826750 1%
#2827000 0*
#2828000 1*
#2828250 1)
#2828500 0" 0$ 1' 1(
#2829375 0)
#2829500 0% 0' 0(
#2829625 1" 1$
#2829875 0*
#2830875 1*
#2831000 1)
#2831250 0$
#2831375 1% 1' 1(
#2832125 0)
#2832375 0" 0# 0% 0' 0(
#2832625 0*
#2833625 1*
#2834250 1!
#2834500 0*
#2835500 1*
#2836125 0! 1"
#2836375 0*
#2837125 1)
#2837375 1*
#2837500 1# 1% 1' 1(
#2838250 0)
#2838375 0# 0(
#2838500 0" 0% 0'
#2838750 0*
#2839750 1*
#2840375 1!
#2840625 0*
#2841625 1*
#2842125 0!
#2842250 1"
#2842500 0*
#2843250 1)
#2843500 0" 1( 1*
#2843625 1# 1$ 1& 1' 0,
#2844375 0)
#2844500 0$ 0'
#2844625 1! 1%
#2844875 0+
#2845875 1+
#2846000 1)
#2846250 0! 0# 0&
#2846375 1$ 1'
#2846500 1,
#2847125 0) 00
#2847375 1" 1# 0% 0' 0(
#2847625 0*
#2848625 1*
#2849250 1%
#2849500 0*
#2850500 1*
#2850750 1)
#2851000 0" 0$ 1' 1(
#2851875 0)
#2852000 0% 0' 0(
#2852125 1" 1$
#2852250 0*
#2853375 1*
#2853500 1)
#2853750 0" 0#
#2853875 1% 1' 1(
#2854125 10
#2854625 0)
#2854875 1" 1# 0% 0' 0(
#2855125 0*
#2856125 1*
#2856750 1%
#2857000 0*
#2858000 1*
#2858250 1)
#2858500 0" 0$ 1' 1(
#2859375 0)
#2859500 0% 0' 0(
#2859625 1" 1$
#2859750 0*
#2860875 1*
#2861000 1)
#2876250 0"
#2876375 1& 1' 1( 0,
#2877125 0)
#2877375 1" 0$ 1% 0'
#2877625 0+
#2878625 1+
#2878875 1)
#2880125 1! 1$ 1' 1,
#2880875 0)
#2882625 1)
#2885625 0! 0$ 0&
#2886500 0)
#2886750 0" 0# 0% 0' 0(
#2887000 0*
#2888000 1*
#2888250 1)
#2888500 1! 1" 1# 1$ 1% 1& 1' 1(
#2889250 0)
#2891000 1)
#2892125 0)
#2892625 0+
#2893625 1+
#2894500 0+
#2895500 1+
#2896375 0+
#2897375 1+
#2898250 0+
#2899250 1+
#2900375 1)
#2900625 0! 0$ 0&
#2901500 0)
#2901625 0" 0% 0' 0(
#2902000 0*
#2903000 1*
#2903250 1)
#2903500 1$ 1& 1' 1(
#2903625 0,
#2904250 0)
#2904500 1! 1" 0$ 1% 0'
#2904750 0+
#2905750 1+
#2906000 1)
#2906250 0& 1' 0(
#2906375 1,
#2907000 0-
#2907125 0)
#2907250 0! 0" 0# 0% 0'
#2907375 1(
#2907625 0*
#2908625 1*
#2909250 1!
#2909500 0*
#2910500 1*
#2911000 0!
#2911125 1"
#2911375 0*
#2912375 1*
#2913000 1!
#2913250 0*
#2914250 1*
#2915375 1) 1-
#2915625 0! 1'
#2915750 1# 1%
#2916500 0)
#2916625 0" 0# 0% 0' 0(
#2916750 1$
#2917000 0*
#2918000 1*
#2918125 1)
#2918500 1! 1" 1# 1% 1& 1' 1(
#2919250 0)
#2921000 1)
#2921250 0$ 0& 0(
#2922000 0-
#2922125 0)
#2922250 0! 0" 0% 0'
#2922375 1(
#2922625 0*
#2923625 1*
#2924250 1!
#2924500 0*
#2925500 1*
#2926000 0!
#2926125 1"
#2926375 0*
#2927375 1*
#2928000 1!
#2928250 0*
#2929250 1*
#2930375 1) 1-
#2930625 0! 1% 1'
#2931000 00
#2931500 0)
#2931625 0" 0% 0' 0(
#2931750 1$
#2931875 0*
#2933000 1*
#2933125 1)
#2933500 1" 1'
#2934250 0)
#2934500 1! 1% 1&
#2934750 0*
#2935750 1*
#2936000 1)
#2936250 0$ 0&
#2937000 0) 0-
#2937250 0! 0" 0# 0% 0' 1(
#2937375 1$
#2937500 0*
#2938000 10
#2938625 1*
#2939250 1!
#2939375 0*
#2940500 1*
#2941000 0!
#2941125 1"
#2941250 0*
#2942375 1*
#2942875 1!
#2943125 0*
#2944250 1*
#2945375 1) 1-
#2945625 0! 1# 0$ 1% 1'
#2946375 0)
#2946625 0" 0# 0' 0(
#2946875 0*
#2947875 1*
#2948125 1)
#2948375 0%
#2948500 1# 1$ 1& 1' 1( 0,
#2949250 0)
#2949500 0# 1% 0'
#2949750 0+
#2950750 1+
#2951000 1)
#2951250 1! 1" 1# 0$ 0& 1' 0(
#2951375 1,
#2952000 0) 0-
#2952250 0! 0" 0% 0' 1(
#2952375 1$
#2952500 0*
#2953500 1*
#2954125 1!
#2954375 0*
#2955375 1*
#2956000 0!
#2956125 1"
#2956250 0*
#2957250 1*
#2957875 1!
#2958125 0*
#2959125 1*
#2960375 1) 1-
#2960500 0!
#2960625 0$ 1% 1'
#2961375 0)
#2961625 0" 0' 0(
#2961875 0*
#2962875 1*
#2963125 1)
#2963500 1! 1" 1$ 1& 1' 1(
#2964250 0)
#2966000 1)
#2966250 0$ 0& 0(
#2967000 0) 0-
#2967250 0! 0" 0# 0' 1(
#2967500 0*
#2968500 1*
#2969125 1!
#2969375 0*
#2970375 1*
#2971000 0! 1"
#2971250 0*
#2972250 1*
#2972875 1!
#2973125 0*
#2974125 1*
#2975375 1) 1-
#2975500 0!
#2975625 1# 1'
#2976375 0)
#2976625 0" 0# 1$ 0' 0(
#2976875 0*
#2977875 1*
#2978125 1)
#2978375 0% 1(
#2978500 1# 1& 1' 0,
#2979250 0)
#2979375 0# 0'
#2979500 1! 1%
#2979750 0+
#2980750 1+
#2980875 1)
#2981125 0& 0(
#2981250 1" 1# 0$ 1'
#2981375 1,
#2982000 0) 0-
#2982250 0! 0" 0' 1(
#2982500 0*
#2983500 1*
#2984125 1!
#2984375 0*
#2985375 1*
#2986000 0! 1"
#2986250 0*
#2987250 1*
#2987875 1!
#2988125 0*
#2989125 1*
#2990250 1)
#2990375 1-
#2990500 0!
#2990625 1'
#2991375 0)
#2991625 0" 1$ 0' 0(
#2991875 0*
#2992875 1*
#2993125 1)
#2993375 1! 0%
#2993500 1" 1'
#2994250 0)
#2994500 1% 1&
#2994750 0+
#2995750 1+
#2995875 1)
#2996125 0&
#2996250 0$
#2997000 0) 0-
#2997250 0! 0" 0# 1$ 0' 1(
#2997500 0*
#2998500 1*
#2999125 1!
#2999375 0*
#3000375 1*
#3001000 0! 1"
#3001250 0*
#3002250 1*
#3002875 1!
#3003125 0*
#3004125 1*
#3005250 1)
#3005375 1-
#3005500 0! 0$
#3005625 1# 1'
#3006375 0)
#3006625 0" 0# 0% 1& 0' 0(
#3006875 0*
#3007875 1*
#3008125 1)
#3008375 1' 1(
#3008500 1# 1$ 0,
#3009250 0)
#3009375 0# 0'
#3009500 1" 1%
#3009750 0+
#3010750 1+
#3010875 1)
#3011125 0$ 0& 0(
#3011250 1! 1# 1'
#3011375 1,
#3012000 0) 0-
#3012250 0! 0" 1$ 0' 1(
#3012500 0*
#3013500 1*
#3014125 1!
#3014375 0*
#3014875 00
#3015375 1*
#3015875 0!
#3016000 1"
#3016250 0*
#3017250 1*
#3017875 1!
#3018125 0*
#3019125 1*
#3020250 1)
#3020375 1-
#3020500 0! 0$
#3020625 1'
#3021375 0)
#3021625 0" 0% 1& 0' 0(
#3021875 0* 10
#3022875 1*
#3023125 1)
#3023375 1(
#3023500 1! 1" 1$ 1% 1'
#3024250 0)
#3025875 1)
#3026125 0$ 0& 0(
#3027000 0) 0-
#3027250 0! 0" 0# 0% 1& 0' 1(
#3027500 0*
#3028500 1*
#3029125 1!
#3029375 0*
#3030375 1*
#3030875 0!
#3031000 1"
#3031250 0*
#3032250 1*
#3032875 1!
#3033125 0*
#3034125 1*
#3035250 1)
#3035375 1-
#3035500 0! 0&
#3035625 1# 1% 1'
#3036375 0)
#3036625 0" 0# 1$ 0% 1& 0' 0(
#3036875 0*
#3037875 1*
#3038125 1)
#3038375 1' 1(
#3038500 1# 0,
#3039250 0)
#3039375 0# 0'
#3039500 1! 1" 1%
#3039750 0+
#3040750 1+
#3040875 1)
#3041125 0& 0(
#3041250 1# 0$ 1'
#3041375 1,
#3042000 0) 0-
#3042250 0! 0" 0% 1& 0' 1(
#3042500 0*
#3043500 1*
#3044125 1!
#3044375 0*
#3045375 1*
#3046000 0! 1"
#3046250 0*
#3047250 1*
#3047875 1!
#3048125 0*
#3049125 1*
#3050250 1)
#3050375 1-
#3050500 0! 0&
#3050625 1% 1'
#3051375 0)
#3051625 0" 1$ 0% 1& 0' 0(
#3051875 0*
#3052875 1*
#3053125 1)
#3053375 0# 0$ 0& 1'
#3053500 1%
#3054250 0)
#3054500 1! 1" 1# 1$ 1&
#3054750 0*
#3055750 1*
#3055875 1)
#3056125 0$ 0&
#3057000 0) 0-
#3057250 0! 0" 0# 1$ 0% 1& 0' 1(
#3057500 0*
#3058500 1*
#3059125 1!
#3059375 0*
#3060375 1*
#3061000 0! 1"
#3061250 0*
#3062250 1*
#3062875 1!
#3063125 0*
#3064125 1*
#3065250 1)
#3065375 1-
#3065500 0! 0&
#3065625 1# 0$ 1% 1'
#3066375 0)
#3066625 0" 0# 1& 0' 0(
#3066875 0*
#3067875 1*
#3068125 1)
#3068375 0% 1(
#3068500 1# 1$ 1' 0,
#3069250 0)
#3069375 0'
#3069500 1%
#3069750 0+
#3070750 1+
#3070875 1)
#3071125 0(
#3071250 1! 1" 0$ 0& 1'
#3071375 1,
#3072000 0) 0-
#3072250 0! 0" 1$ 0% 1& 0' 1(
#3072500 0*
#3073500 1*
#3074125 1!
#3074375 0*
#3075375 1*
#3076000 0! 1"
#3076250 0*
#3077250 1*
#3077875 1!
#3078125 0*
#3079125 1*
#3080375 1) 1-
#3080500 0!
#3080625 0$ 1% 0& 1'
#3081375 0)
#3081625 0" 1& 0' 0(
#3081875 0*
#3082875 1*
#3083125 1)
#3083500 1! 1" 1$ 1' 1(
#3084250 0)
#3086000 1)
#3086250 0$ 0& 0(
#3087000 0) 0-
#3087250 0! 0" 0# 1& 0' 1(
#3087500 0*
#3088500 1*
#3089125 1!
#3089375 0*
#3090375 1*
#3091000 0!
#3091125 1"
#3091250 0*
#3092250 1*
#3092875 1!
#3093125 0*
#3094125 1*
#3095375 1) 1-
#3095625 0! 1# 0& 1'
#3096375 0)
#3096625 0" 0# 0' 0(
#3096750 1$ 1&
#3096875 0*
#3097875 1*
#3098125 1)
#3098375 0%
#3098500 1# 1' 1( 0,
#3098750 00
#3099250 0)
#3099500 1! 1% 0'
#3099750 0+
#3100750 1+
#3101000 1)
#3101250 1" 0$ 0& 1' 0(
#3101375 1,
#3102000 0) 0-
#3102250 0! 0" 0' 1(
#3102375 1&
#3102500 0*
#3103625 1*
#3104250 1!
#3104375 0*
#3105500 1*
#3105625 10
#3106000 0!
#3106125 1"
#3106250 0*
#3107375 1*
#3108000 1!
#3108125 0*
#3109250 1*
#3110375 1) 1-
#3110625 0! 0& 1'
#3111500 0)
#3111625 0" 0' 0(
#3111750 1$ 1&
#3111875 0*
#3113000 1*
#3113125 1)
#3113375 0# 0$ 0&
#3113500 1! 1'
#3114250 0)
#3114500 1" 1# 1$ 1&
#3114750 0+
#3115750 1+
#3116000 1)
#3116250 0$ 0&
#3117000 0-
#3117125 0)
#3117250 0! 0" 0# 0'
#3117375 1$ 1& 1(
#3117625 0*
#3118625 1*
#3119250 1!
#3119500 0*
#3120500 1*
#3121000 0!
#3121125 1"
#3121375 0*
#3122375 1*
#3123000 1!
#3123250 0*
#3124250 1*
#3125375 1) 1-
#3125625 0! 0$ 0& 1'
#3125750 1#
#3126500 0)
#3126625 0" 0# 0% 0(
#3127000 0*
#3128000 1*
#3128125 1)
#3128500 1# 1$ 1& 1(
#3128625 0,
#3129250 0)
#3129500 1" 1% 0'
#3129750 0+
#3130750 1+
#3131000 1)
#3131250 1! 0$ 0& 0(
#3131375 1' 1,
#3132000 0-
#3132125 0)
#3132250 0! 0" 0'
#3132375 1$ 1& 1(
#3132625 0*
#3133625 1*
#3134250 1!
#3134500 0*
#3135500 1*
#3136000 0!
#3136125 1"
#3136375 0*
#3137375 1*
#3138000 1!
#3138250 0*
#3139250 1*
#3140375 1) 1-
#3140625 0! 0$ 0&
#3140750 1'
#3141500 0)
#3141625 0(
#3141750 0" 0%
#3142000 0*
#3143000 1*
#3143250 1)
#3143500 1! 1" 1$ 1% 1& 1(
#3144250 0)
#3146000 1)
#3146250 0$ 0& 0(
#3147125 0) 0-
#3147250 0!
#3147375 0" 0# 0% 1(
#3147625 0*
#3148625 1*
#3149250 1!
#3149500 0*
#3150500 1*
#3151000 0!
#3151125 1"
#3151375 0*
#3152375 1*
#3153000 1!
#3153250 0*
#3154250 1*
#3155375 1)
#3155500 1-
#3155625 0!
#3155750 1# 1%
#3156500 0)
#3156750 0" 0# 1$ 0% 0(
#3157000 0*
#3158000 1*
#3158250 1)
#3158500 1(
#3158625 1# 1& 0,
#3159375 0)
#3159500 0'
#3159625 1! 1" 1%
#3159875 0+
#3160875 1+
#3161000 1)
#3161250 0& 0(
#3161375 0$ 1'
#3161500 1,
#3162125 0) 0-
#3162375 0! 0" 0% 1(
#3162625 0*
#3163625 1*
#3164250 1!
#3164500 0*
#3165500 1*
#3166125 0! 1"
#3166375 0*
#3167375 1*
#3168000 1!
#3168250 0*
#3169250 1*
#3170500 1) 1-
#3170625 0!
#3170750 1%
#3171500 0)
#3171750 0" 1$ 0% 0(
#3172000 0*
#3173000 1*
#3173250 1)
#3173500 0# 0$
#3173625 1" 1%
#3174375 0)
#3174625 1! 1# 1$ 1&
#3174875 0*
#3175875 1*
#3176125 1)
#3176250 0&
#3176375 0$
#3177125 0) 0-
#3177375 0! 0" 0# 0% 1(
#3177500 1$
#3177625 0*
#3178625 1*
#3179250 1!
#3179500 0*
#3180500 1*
#3181125 0!
#3181250 1"
#3181375 0*
#3182375 1*
#3182500 00
#3183000 1!
#3183250 0*
#3184250 1*
#3185500 1) 1-
#3185750 0! 1# 0$ 1%
#3186500 0)
#3186750 0" 0# 0(
#3187000 0*
#3188125 1*
#3188250 1)
#3188500 0%
#3188625 1# 1$ 1& 1( 0,
#3189375 0)
#3189500 10
#3189625 0# 0$ 0&
#3189875 0+
#3190875 1+
#3191125 1)
#3191375 1! 1" 1# 1% 0(
#3191500 1,
#3192125 0-
#3192250 0)
#3192375 0! 0" 0% 1(
#3192500 1$
#3192625 0*
#3193750 1*
#3194375 1!
#3194500 0*
#3195625 1*
#3196125 0!
#3196250 1"
#3196375 0*
#3197500 1*
#3198125 1!
#3198375 0*
#3199375 1*
#3200500 1) 1-
#3200750 0! 0$ 1%
#3201625 0)
#3201750 0" 0(
#3202125 0*
#3203125 1*
#3203250 1)
#3203625 1! 1" 1$ 1& 1(
#3204375 0)
#3206125 1)
#3206375 0$ 0& 0(
#3207125 0-
#3207250 0)
#3207375 0! 0" 0#
#3207500 1(
#3207750 0*
#3208750 1*
#3209375 1!
#3209625 0*
#3210625 1*
#3211125 0!
#3211250 1"
#3211500 0*
#3212500 1*
#3213125 1!
#3213375 0*
#3214375 1*
#3215500 1) 1-
#3215750 0!
#3215875 1#
#3216625 0)
#3216750 0" 0# 0(
#3216875 1$
#3217125 0*
#3218125 1*
#3218375 1)
#3218500 0%
#3218625 1# 1& 1(
#3218750 0,
#3219375 0)
#3219625 1! 0# 0$ 0&
#3219875 0+
#3220875 1+
#3221125 1)
#3221375 0(
#3221500 1" 1# 1% 1,
#3222125 0-
#3222250 0)
#3222375 0! 0"
#3222500 1(
#3222750 0*
#3223750 1*
#3224375 1!
#3224625 0*
#3225625 1*
#3226125 0!
#3226250 1"
#3226500 0*
#3227500 1*
#3228125 1!
#3228375 0*
#3229375 1*
#3230500 1) 1-
#3230750 0!
#3231625 0)
#3231750 0" 0(
#3231875 1$
#3232125 0*
#3233125 1*
#3233375 1)
#3233625 1! 1" 0# 0$
#3234375 0)
#3234750 1# 1$ 1&
#3234875 0+
#3236000 1+
#3236125 1)
#3236375 0$ 0&
#3237250 0) 0-
#3237375 0! 0" 0#
#3237500 1$ 1(
#3237750 0*
#3238750 1*
#3239375 1!
#3239625 0*
#3240625 1*
#3241125 0!
#3241250 1"
#3241500 0*
#3242500 1*
#3243125 1!
#3243375 0*
#3244375 1*
#3245500 1)
#3245625 1-
#3245750 0! 0$
#3245875 1#
#3246625 0)
#3246750 0#
#3246875 0" 0% 1& 0(
#3247125 0*
#3248125 1*
#3248375 1)
#3248625 1# 1$ 1(
#3248750 0,
#3249375 0)
#3249625 0# 0$ 0&
#3249750 1"
#3249875 0+
#3251000 1+
#3251125 1)
#3251375 0(
#3251500 1! 1# 1% 1,
#3252250 0) 0-
#3252375 0!
#3252500 0" 1$ 1(
#3252750 0*
#3253750 1*
#3254375 1!
#3254625 0*
#3255625 1*
#3256125 0!
#3256250 1"
#3256500 0*
#3257500 1*
#3258125 1!
#3258375 0*
#3259375 1*
#3260500 1)
#3260625 1-
#3260750 0! 0$
#3261625 0)
#3261875 0" 0% 1& 0(
#3262125 0*
#3263125 1*
#3263375 1)
#3263625 1! 1" 1$ 1% 1(
#3264375 0)
#3266125 1)
#3266375 0$ 0& 0( 00
#3267250 0) 0-
#3267375 0!
#3267500 0" 0# 0% 1& 1(
#3267750 0*
#3268750 1*
#3269375 1!
#3269625 0*
#3270625 1*
#3271125 0!
#3271250 1"
#3271500 0*
#3272500 1*
#3273125 1!
#3273375 0* 10
#3274375 1*
#3275500 1)
#3275625 1-
#3275750 0! 0&
#3275875 1# 1%
#3276625 0)
#3276750 0#
#3276875 0" 1$ 0% 1& 0(
#3277125 0*
#3278125 1*
#3278375 1)
#3278625 1# 1(
#3278750 0,
#3279375 0)
#3279625 1! 0# 0$ 0&
#3279750 1"
#3279875 0+
#3281000 1+
#3281125 1)
#3281375 0(
#3281500 1# 1% 1,
#3282250 0) 0-
#3282375 0! 0%
#3282500 0" 1& 1(
#3282750 0*
#3283750 1*
#3284375 1!
#3284625 0*
#3285625 1*
#3286125 0!
#3286250 1"
#3286500 0*
#3287500 1*
#3288125 1!
#3288375 0*
#3289375 1*
#3290500 1) 1-
#3290750 0! 0&
#3290875 1%
#3291625 0)
#3291750 0% 0(
#3291875 0" 1$ 1&
#3292125 0*
#3293125 1*
#3293375 1)
#3293500 0&
#3293625 0$ 1%
#3294375 0)
#3294750 1! 1" 1$ 1&
#3294875 0*
#3295875 1*
#3296125 1)
#3296375 0$ 0&
#3297125 0-
#3297250 0)
#3297375 0! 0" 0#
#3297500 1$ 0% 1& 1(
#3297750 0*
#3298750 1*
#3299375 1!
#3299625 0*
#3300625 1*
#3301125 0!
#3301250 1"
#3301500 0*
#3302500 1*
#3303125 1!
#3303375 0*
#3304375 1*
#3305500 1) 1-
#3305750 0! 0$ 0&
#3305875 1# 1%
#3306625 0)
#3306750 0" 0# 0(
#3306875 1&
#3307125 0*
#3308125 1*
#3308375 1)
#3308500 0%
#3308625 1# 1$ 1(
#3308750 0,
#3309375 0)
#3309625 0$ 0&
#3309875 0+
#3310875 1+
#3311125 1)
#3311375 1! 0(
#3311500 1" 1% 1,
#3312125 0-
#3312250 0)
#3312375 0! 0" 0%
#3312500 1$ 1& 1(
#3312750 0*
#3313750 1*
#3314375 1!
#3314625 0*
#3315625 1*
#3316125 0!
#3316250 1"
#3316500 0*
#3317500 1*
#3318125 1!
#3318375 0*
#3319375 1*
#3320500 1) 1-
#3320750 0! 0$ 0&
#3320875 1%
#3321625 0)
#3321750 0" 0(
#3321875 1&
#3322125 0*
#3323125 1*
#3323250 1)
#3323625 1! 1" 1$ 1(
#3324375 0)
#3326125 1)
#3326375 0$ 0& 0(
#3327125 0-
#3327250 0)
#3327375 0! 0" 0#
#3327500 1& 1(
#3327750 0*
#3328750 1*
#3329375 1!
#3329625 0*
#3330625 1*
#3331125 0!
#3331250 1"
#3331500 0*
#3332500 1*
#3333125 1!
#3333375 0*
#3334375 1*
#3335500 1) 1-
#3335750 0! 1# 0&
#3336625 0)
#3336750 0" 0# 0(
#3336875 1$ 1&
#3337000 0*
#3338125 1*
#3338250 1)
#3338500 0%
#3338625 1# 1( 0,
#3339375 0)
#3339625 1! 0$ 0&
#3339875 0+
#3340875 1+
#3341125 1)
#3341375 1" 1% 0(
#3341500 1,
#3342125 0) 0-
#3342375 0! 0"
#3342500 1& 1(
#3342625 0*
#3343750 1*
#3344250 1!
#3344500 0*
#3345625 1*
#3346125 0!
#3346250 1"
#3346375 0*
#3347500 1*
#3348000 1!
#3348250 0*
#3349250 1*
#3350250 00
#3350500 1) 1-
#3350750 0! 0&
#3351500 0)
#3351750 0" 0(
#3351875 1$ 1&
#3352000 0*
#3353000 1*
#3353250 1)
#3353500 0$ 0&
#3353625 1!
#3354375 0)
#3354625 1" 1$ 1&
#3354875 0+
#3355875 1+
#3356125 1)
#3356375 0$ 0&
#3357125 0) 0-
#3357250 10
#3357375 0! 0" 0# 1& 1(
#3357500 1$
#3357625 0*
#3358625 1*
#3359250 1!
#3359500 0*
#3360500 1*
#3361125 0! 1"
#3361375 0*
#3362375 1*
#3363000 1!
#3363250 0*
#3364250 1*
#3365500 1) 1-
#3365750 1#
#3366500 0)
#3367000 0+
#3368000 1+
#3368250 1)
#3368500 0! 0" 0%
#3368625 0,
#3369375 0)
#3369500 0$ 0&
#3369625 1"
#3369875 0+
#3370875 1+
#3371000 1)
#3371250 0(
#3371375 1! 1%
#3371500 1,
#3372125 0) 0-
#3372375 0! 0" 1$ 1& 1(
#3372625 0*
#3373625 1*
#3374250 1!
#3374500 0*
#3375500 1*
#3376125 0! 1"
#3376375 0*
#3377375 1*
#3378000 1!
#3378250 0*
#3379250 1*
#3380375 1)
#3380500 1-
#3380625 0! 0&
#3380750 0$
#3381500 0)
#3381750 0" 0# 0% 0' 0(
#3382000 0*
#3383000 1*
#3383625 1!
#3383875 0*
#3384875 1*
#3385500 0! 1"
#3385750 0*
#3386500 1)
#3386750 1*
#3386875 1# 1% 1' 1(
#3387625 0)
#3387750 0# 0% 0' 0(
#3387875 0"
#3388125 0*
#3389125 1*
#3389750 1!
#3390000 0*
#3391000 1*
#3391500 0!
#3391625 1"
#3391875 0*
#3392625 1)
#3392875 0" 1' 1( 1*
#3393000 1# 1$ 1& 0,
#3393750 0)
#3393875 0$ 0&
#3394000 1! 1"
#3394250 0+
#3395250 1+
#3395375 1)
#3395625 0! 0" 0#
#3395750 1$ 1%
#3395875 1,
#3396500 0)
#3396750 1! 1" 1# 0% 0' 0(
#3397000 0*
#3398000 1*
#3398625 1%
#3398875 0*
#3399875 1*
#3400125 1)
#3400375 0! 0" 0$ 1' 1(
#3401250 0)
#3401375 0% 0' 0(
#3401500 1! 1" 1$
#3401625 0*
#3402750 1*
#3402875 1)
#3403125 0! 0" 0#
#3403250 1% 1' 1(
#3404000 0)
#3404125 0' 0(
#3404250 1! 1" 1# 0%
#3404500 0*
#3405500 1*
#3406125 1%
#3406375 0*
#3407375 1*
#3407625 1)
#3407875 0! 0" 0$ 1' 1(
#3408625 0)
#3408875 1! 0% 0' 0(
#3409000 1" 1$
#3409125 0*
#3410125 1*
#3410375 1)
#3410625 0! 0$
#3410750 1% 1' 1(
#3411500 0)
#3411625 0(
#3411750 0" 0# 0% 0'
#3412000 0*
#3413000 1*
#3413625 1!
#3413875 0*
#3414875 1*
#3415375 0!
#3415500 1"
#3415750 0*
#3416500 1)
#3416750 1*
#3416875 1# 1% 1' 1(
#3417625 0)
#3417750 0" 0# 0% 0' 0(
#3418125 0*
#3419125 1*
#3419750 1!
#3420000 0*
#3421000 1*
#3421500 0!
#3421625 1"
#3421875 0*
#3423000 1)
#3423250 0" 1*
#3423375 1# 1$ 1& 1' 1(
#3423500 0,
#3424125 0)
#3424375 0# 0&
#3424625 0+
#3425625 1+
#3425875 1)
#3426250 1% 1,
#3427000 0)
#3427125 0% 0' 0(
#3427250 1! 1" 1#
#3427500 0*
#3428500 1*
#3429125 1%
#3429375 0*
#3430375 1*
#3430500 1)
#3430750 0! 0" 0$
#3430875 1' 1(
#3431625 0)
#3431875 1! 1" 1$ 0% 0' 0(
#3432125 0*
#3433125 1*
#3433375 1)
#3433625 0! 0" 0# 1% 1' 1(
#3434125 00
#3434500 0)
#3434625 0% 0' 0(
#3434750 1! 1" 1#
#3435000 0*
#3436000 1*
#3436625 1%
#3436875 0*
#3437875 1*
#3438000 1)
#3438250 0! 0" 0$
#3438375 1' 1(
#3439125 0)
#3439375 1! 1" 1$ 0% 0' 0(
#3439625 0*
#3440625 1*
#3440875 1)
#3441000 10
#3441125 0! 0$ 1% 1' 1(
#3442000 0)
#3442125 0" 0# 0% 0' 0(
#3442375 0*
#3443500 1*
#3444125 1!
#3444375 0*
#3445375 1*
#3445875 0!
#3446000 1"
#3446250 0*
#3447000 1)
#3447250 1' 1( 1*
#3447375 1# 1%
#3448000 0)
#3448250 0" 0# 0% 0' 0(
#3448500 0*
#3449500 1*
#3450125 1!
#3450375 0*
#3451375 1*
#3452000 0!
#3452125 1"
#3452250 0*
#3453000 1)
#3453250 0" 1*
#3453375 1# 1$ 1& 1' 1( 0,
#3454125 0)
#3454375 1! 0# 0&
#3454625 0+
#3455625 1+
#3455875 1)
#3456125 0! 1%
#3456250 1,
#3457000 0)
#3457125 0% 0' 0(
#3457250 1! 1" 1#
#3457500 0*
#3458500 1*
#3459125 1%
#3459375 0*
#3460375 1*
#3460500 1)
#3460750 0! 0" 0$
#3460875 1' 1(
#3461625 0)
#3461875 1! 1" 1$ 0% 0' 0(
#3462125 0*
#3463125 1*
#3463375 1)
#3463625 0! 0" 0# 1% 1' 1(
#3464500 0)
#3464625 0% 0' 0(
#3464750 1! 1" 1#
#3464875 0*
#3466000 1*
#3466625 1%
#3466875 0*
#3467875 1*
#3468000 1)
#3468250 0! 0" 0$
#3468375 1' 1(
#3469125 0)
#3469375 1! 1" 1$ 0% 0' 0(
#3469625 0*
#3470625 1*
#3470875 1)
#3471125 0! 0$ 1% 1' 1(
#3472000 0)
#3472125 0" 0# 0% 0' 0(
#3472375 0*
#3473500 1*
#3474125 1!
#3474375 0*
#3475375 1*
#3475875 0!
#3476000 1"
#3476250 0*
#3477000 1)
#3477250 1' 1( 1*
#3477375 1# 1%
#3478000 0)
#3478250 0" 0# 0% 0' 0(
#3478500 0*
#3479500 1*
#3480125 1!
#3480375 0*
#3481375 1*
#3482000 0!
#3482125 1"
#3482250 0*
#3483000 1)
#3483250 0" 1*
#3483375 1# 1$ 1& 1' 1( 0,
#3484125 0)
#3484375 1" 0# 0&
#3484625 0+
#3485625 1+
#3485875 1)
#3486125 0" 1%
#3486250 1,
#3487000 0)
#3487125 0% 0' 0(
#3487250 1! 1" 1#
#3487500 0*
#3488500 1*
#3489125 1%
#3489375 0*
#3490375 1*
#3490500 1)
#3490750 0! 0" 0$
#3490875 1' 1(
#3491625 0)
#3491875 1! 1" 1$ 0% 0' 0(
#3492125 0*
#3493125 1*
#3493375 1)
#3493625 0! 0" 0# 1% 1' 1(
#3494500 0)
#3494625 0% 0' 0(
#3494750 1! 1" 1#
#3495000 0*
#3496000 1*
#3496625 1%
#3496875 0*
#3497875 1*
#3498000 1)
#3498250 0! 0" 0$
#3498375 1' 1(
#3499125 0)
#3499375 1! 1" 1$ 0% 0' 0(
#3499625 0*
#3500625 1*
#3500875 1)
#3516125 0! 0"
#3516250 1& 1' 1( 0,
#3517000 0)
#3517125 0# 0&
#3517250 1! 1"
#3517500 0+
#3518000 00
#3518500 1+
#3518750 1)
#3520000 1# 1% 1& 1,
#3520750 0)
#3522500 1)
#3524875 10
#3525500 0! 0$ 0&
#3526375 0)
#3526500 0(
#3526625 0" 0# 0% 0'
#3526875 0*
#3527875 1*
#3528125 1)
#3528375 1! 1" 1# 1$ 1% 1& 1' 1(
#3529125 0)
#3530875 1)
#3532000 0)
#3532500 0+
#3533500 1+
#3534375 0+
#3535375 1+
#3536250 0+
#3537250 1+
#3538125 0+
#3539125 1+
#3540250 1)
#3540500 0! 0$ 0&
#3541375 0)
#3541625 0" 0% 0' 0(
#3541875 0*
#3542875 1*
#3543125 1)
#3543375 1$ 1& 1' 1(
#3543500 0,
#3544250 0)
#3544375 0&
#3544750 0+
#3545750 1+
#3545875 1)
#3546125 0# 0(
#3546250 1% 1,
#3547000 0) 0-
#3547250 0$ 0% 0'
#3547500 0*
#3548500 1*
#3549125 1!
#3549375 0*
#3550375 1*
#3551000 0! 1"
#3551250 0*
#3552250 1*
#3552875 1!
#3553125 0*
#3554125 1*
#3555250 1)
#3555375 1-
#3555500 0!
#3555625 1# 1% 1' 1(
#3556375 0)
#3556625 0" 0# 1$ 0% 0' 0(
#3556875 0*
#3557875 1*
#3558125 1)
#3558500 1! 1" 1# 1% 1& 1' 1(
#3559250 0)
#3560875 1)
#3561125 0!
#3561250 0" 0# 0& 0(
#3562000 0) 0-
#3562250 1# 0$ 0% 0'
#3562500 0*
#3563500 1*
#3564125 1!
#3564375 0*
#3565375 1*
#3566000 0! 1"
#3566250 0*
#3567250 1*
#3567875 1!
#3568125 0*
#3569125 1*
#3570375 1) 1-
#3570500 0!
#3570625 1% 1' 1(
#3571375 0)
#3571625 0" 0% 0' 0(
#3571750 1$
#3571875 0*
#3572875 1*
#3573125 1)
#3573375 0$
#3573500 1" 1% 1'
#3574250 0)
#3574500 1! 1$ 1&
#3574750 0*
#3575750 1*
#3576000 1)
#3576250 0! 0" 0# 0&
#3577000 0) 0-
#3577250 0% 0'
#3577500 0*
#3578500 1*
#3579125 1!
#3579375 0*
#3580500 1*
#3581000 0!
#3581125 1"
#3581250 0*
#3582375 1*
#3582875 1!
#3583125 0*
#3584250 1*
#3585375 1) 1-
#3585625 0! 1# 0$ 1% 1' 1(
#3586500 0)
#3586625 0" 0# 0' 0(
#3586875 0*
#3588000 1*
#3588125 1)
#3588375 0%
#3588500 1# 1$ 1& 1' 1( 0,
#3589250 0)
#3589500 1! 0&
#3589750 0+
#3590750 1+
#3591000 1)
#3591250 0! 0# 1% 0(
#3591375 1,
#3592000 0-
#3592125 0)
#3592250 0% 0'
#3592375 1#
#3592625 0*
#3593625 1*
#3594250 1!
#3594500 0*
#3595500 1*
#3596000 0!
#3596125 1"
#3596375 0*
#3597375 1*
#3598000 1!
#3598250 0*
#3599250 1*
#3600375 1) 1-
#3600625 0! 0$ 1' 1(
#3600750 1%
#3601500 0)
#3601625 0" 0' 0(
#3601750 00
#3602000 0*
#3603000 1*
#3603125 1)
#3603500 1! 1" 1$ 1& 1' 1(
#3604250 0)
#3606000 1)
#3606250 0! 0" 0# 0& 0(
#3607000 0-
#3607125 0)
#3607250 0$ 0'
#3607625 0*
#3608625 1*
#3608750 10
#3609250 1!
#3609500 0*
#3610500 1*
#3611000 0!
#3611125 1"
#3611375 0*
#3612375 1*
#3613000 1!
#3613250 0*
#3614250 1*
#3615375 1) 1-
#3615625 0!
#3615750 1# 1' 1(
#3616500 0)
#3616625 0# 0' 0(
#3616750 0" 1$
#3617000 0*
#3618000 1*
#3618250 1)
#3618500 1# 0% 1& 1' 1(
#3618625 0,
#3619250 0)
#3619500 0&
#3619625 1"
#3619750 0+
#3620875 1+
#3621000 1)
#3621250 0" 0# 0(
#3621375 1% 1,
#3622125 0) 0-
#3622375 1# 0$ 0'
#3622625 0*
#3623625 1*
#3624250 1!
#3624500 0*
#3625500 1*
#3626000 0!
#3626125 1"
#3626375 0*
#3627375 1*
#3628000 1!
#3628250 0*
#3629250 1*
#3630375 1)
#3630500 1-
#3630625 0!
#3630750 1' 1(
#3631500 0)
#3631750 0" 1$ 0' 0(
#3632000 0*
#3633000 1*
#3633250 1)
#3633500 1! 1" 0$ 1'
#3634375 0)
#3634625 1$ 1&
#3634875 0+
#3635875 1+
#3636000 1)
#3636250 0! 0" 0# 0&
#3637125 0) 0-
#3637375 0'
#3637625 0*
#3638625 1*
#3639250 1!
#3639500 0*
#3640500 1*
#3641125 0! 1"
#3641375 0*
#3642375 1*
#3643000 1!
#3643250 0*
#3644250 1*
#3645375 1)
#3645500 1-
#3645625 0!
#3645750 1# 0$ 1' 1(
#3646500 0)
#3646750 0" 0# 0% 1& 0' 0(
#3647000 0*
#3648000 1*
#3648250 1)
#3648500 1(
#3648625 1# 1$ 1' 0,
#3649375 0)
#3649500 0&
#3649625 1! 1"
#3649875 0+
#3650875 1+
#3651000 1)
#3651250 0! 0" 0#
#3651375 1% 0(
#3651500 1,
#3652125 0) 0-
#3652375 1# 0'
#3652625 0*
#3653625 1*
#3654250 1!
#3654500 0*
#3655500 1*
#3656125 0! 1"
#3656375 0*
#3657375 1*
#3658000 1!
#3658250 0*
#3659250 1*
#3660500 1) 1-
#3660625 0!
#3660750 0$ 1' 1(
#3661500 0)
#3661750 0" 0% 1& 0' 0(
#3662000 0*
#3663000 1*
#3663250 1)
#3663625 1! 1" 1$ 1% 1' 1(
#3664375 0)
#3666125 1)
#3666375 0! 0" 0# 0& 0(
#3667125 0) 0-
#3667375 0$ 0% 0'
#3667500 1&
#3667625 0*
#3668625 1*
#3669250 1!
#3669500 0*
#3670500 1*
#3671125 0!
#3671250 1"
#3671375 0*
#3672375 1*
#3673000 1!
#3673250 0*
#3674250 1*
#3675500 1) 1-
#3675750 0! 1# 1% 0& 1' 1(
#3676500 0)
#3676750 0" 0# 0% 0' 0(
#3676875 1$ 1&
#3677000 0*
#3678000 1*
#3678250 1)
#3678625 1# 1' 1( 0,
#3679375 0)
#3679625 0# 0$ 1% 0&
#3679875 0+
#3680875 1+
#3681125 1)
#3681375 1$ 0(
#3681500 1,
#3682125 0) 0-
#3682375 0$ 0% 0'
#3682500 1# 1&
#3682625 0*
#3683750 1*
#3684375 1!
#3684500 0*
#3685625 1* 00
#3686125 0!
#3686250 1"
#3686375 0*
#3687500 1*
#3688000 1!
#3688250 0*
#3689375 1*
#3690500 1) 1-
#3690750 0! 1% 0& 1' 1(
#3691500 0)
#3691750 0" 0% 0' 0(
#3691875 1$ 1&
#3692000 0*
#3692625 10
#3693125 1*
#3693250 1)
#3693500 0# 0&
#3693625 1% 1'
#3694375 0)
#3694625 1! 1" 1# 1&
#3694875 0*
#3695875 1*
#3696125 1)
#3696375 0! 0" 0# 0&
#3697125 0) 0-
#3697375 0% 0'
#3697500 1&
#3697625 0*
#3698750 1*
#3699375 1!
#3699500 0*
#3700625 1*
#3701125 0!
#3701250 1"
#3701375 0*
#3702500 1*
#3703000 1!
#3703250 0*
#3704375 1*
#3705500 1) 1-
#3705750 0! 1# 0$ 1% 0& 1' 1(
#3706625 0)
#3706750 0" 0# 0' 0(
#3706875 1&
#3707000 0*
#3708125 1*
#3708250 1)
#3708500 0%
#3708625 1# 1$ 1' 1( 0,
#3709375 0)
#3709625 1! 0# 0$ 1% 0&
#3709875 0+
#3710875 1+
#3711125 1)
#3711250 0!
#3711375 1$ 0(
#3711500 1,
#3712125 0) 0-
#3712375 0% 0'
#3712500 1# 1&
#3712625 0*
#3713750 1*
#3714250 1!
#3714500 0*
#3715625 1*
#3716125 0!
#3716250 1"
#3716375 0*
#3717500 1*
#3718000 1!
#3718250 0*
#3719375 1*
#3720500 1) 1-
#3720750 0! 0$ 1% 0& 1' 1(
#3721500 0)
#3721750 0" 0' 0(
#3721875 1&
#3722000 0*
#3723000 1*
#3723250 1)
#3723625 1! 1" 1$ 1' 1(
#3724375 0)
#3726125 1)
#3726375 0! 0" 0# 0& 0(
#3727125 0) 0-
#3727375 0$ 0'
#3727500 1&
#3727625 0*
#3728625 1*
#3729250 1!
#3729500 0*
#3730500 1*
#3731125 0!
#3731250 1"
#3731375 0*
#3732375 1*
#3733000 1!
#3733250 0*
#3734250 1*
#3735500 1) 1-
#3735625 0!
#3735750 1# 0& 1' 1(
#3736500 0)
#3736750 0" 0# 1& 0' 0(
#3736875 1$
#3737000 0*
#3738000 1*
#3738250 1)
#3738500 0%
#3738625 1# 1' 1( 0,
#3739375 0)
#3739500 0#
#3739625 1" 0$ 1% 0&
#3739875 0+
#3740875 1+
#3741125 1)
#3741250 0"
#3741375 1$ 0(
#3741500 1,
#3742125 0) 0-
#3742375 0$ 1& 0'
#3742500 1#
#3742625 0*
#3743625 1*
#3744250 1!
#3744500 0*
#3745500 1*
#3746125 0! 1"
#3746375 0*
#3747375 1*
#3748000 1!
#3748250 0*
#3749250 1*
#3750500 1) 1-
#3750625 0!
#3750750 0& 1' 1(
#3751500 0)
#3751750 0" 1$ 1& 0' 0(
#3752000 0*
#3753000 1*
#3753250 1)
#3753500 0# 0&
#3753625 1! 1'
#3754375 0)
#3754625 1" 1# 1&
#3754875 0+
#3755875 1+
#3756000 1)
#3756250 0! 0" 0# 0&
#3757125 0) 0-
#3757375 1& 0'
#3757625 0*
#3758625 1*
#3759250 1!
#3759500 0*
#3760500 1*
#3761125 0! 1"
#3761375 0*
#3762375 1*
#3763000 1!
#3763250 0*
#3764250 1*
#3765375 1)
#3765500 1-
#3765625 0! 0&
#3765750 1# 0$ 1' 1(
#3766500 0)
#3766750 0" 0# 0% 0(
#3767000 0*
#3768000 1*
#3768250 1)
#3768500 1(
#3768625 1# 1$ 1& 0,
#3769375 0)
#3769500 0# 0$ 0& 00
#3769625 1! 1" 1%
#3769875 0+
#3770875 1+
#3771000 1)
#3771250 0! 0" 0(
#3771375 1$
#3771500 1,
#3772125 0) 0-
#3772375 1# 1& 0'
#3772625 0*
#3773625 1*
#3774250 1!
#3774500 0*
#3775500 1*
#3776000 0!
#3776125 1"
#3776375 0*
#3776500 10
#3777375 1*
#3778000 1!
#3778250 0*
#3779250 1*
#3780375 1)
#3780500 1-
#3780625 0! 0$ 0&
#3780750 1' 1(
#3781500 0)
#3781625 0(
#3781750 0" 0%
#3782000 0*
#3783000 1*
#3783250 1)
#3783500 1! 1" 1% 1& 1(
#3783625 1$
#3784375 0)
#3786000 1)
#3786250 0! 0" 0# 0& 0(
#3787125 0) 0-
#3787250 0%
#3787375 0$
#3787625 0*
#3788625 1*
#3789250 1!
#3789500 0*
#3790500 1*
#3791000 0!
#3791125 1"
#3791375 0*
#3792375 1*
#3793000 1!
#3793250 0*
#3794250 1*
#3795375 1) 1-
#3795625 0!
#3795750 1# 1% 1(
#3796500 0)
#3796625 0# 0% 0(
#3796750 0" 1$
#3797000 0*
#3798000 1*
#3798250 1)
#3798500 1# 1& 1(
#3798625 0,
#3799250 0)
#3799500 0$ 0&
#3799625 1%
#3799750 0+
#3800875 1+
#3801000 1)
#3801250 0# 0(
#3801375 1$ 1,
#3802000 0-
#3802125 0)
#3802250 0$ 0%
#3802375 1#
#3802625 0*
#3803625 1*
#3804250 1!
#3804500 0*
#3805500 1*
#3806000 0!
#3806125 1"
#3806375 0*
#3807375 1*
#3808000 1!
#3808250 0*
#3809250 1*
#3810375 1) 1-
#3810625 0! 1(
#3810750 1%
#3811500 0)
#3811625 0" 0% 0(
#3811750 1$
#3812000 0*
#3813000 1*
#3813125 1)
#3813375 0#
#3813500 1" 1%
#3814250 0)
#3814500 1! 1# 1&
#3814750 0*
#3815750 1*
#3816000 1)
#3816250 0! 0" 0# 0&
#3817000 0-
#3817125 0)
#3817250 0%
#3817625 0*
#3818625 1*
#3819250 1!
#3819500 0*
#3820500 1*
#3821000 0!
#3821125 1"
#3821375 0*
#3822375 1*
#3823000 1!
#3823250 0*
#3824250 1*
#3825375 1) 1-
#3825625 0! 0$ 1(
#3825750 1# 1%
#3826500 0)
#3826625 0" 0# 0(
#3827000 0*
#3828000 1*
#3828125 1)
#3828375 0%
#3828500 1# 1$ 1& 1( 0,
#3829250 0)
#3829500 1! 0$ 1% 0&
#3829750 0+
#3830750 1+
#3831000 1)
#3831250 0! 0# 1$ 0(
#3831375 1,
#3832000 0-
#3832125 0)
#3832250 0%
#3832375 1#
#3832625 0*
#3833625 1*
#3834250 1!
#3834375 0*
#3835500 1*
#3836000 0!
#3836125 1"
#3836250 0*
#3837375 1*
#3837875 1!
#3838125 0*
#3839250 1*
#3840375 1) 1-
#3840625 0! 0$ 1% 1(
#3841500 0)
#3841625 0" 0(
#3841875 0*
#3843000 1*
#3843125 1)
#3843500 1! 1" 1$ 1& 1(
#3844250 0)
#3846000 1)
#3846250 0! 0" 0# 0& 0(
#3847000 0) 0-
#3847250 0$
#3847500 0*
#3848625 1*
#3849125 1!
#3849375 0*
#3850500 1*
#3851000 0!
#3851125 1"
#3851250 0*
#3852250 1*
#3852875 1!
#3853125 0*
#3853375 00
#3854250 1*
#3855375 1) 1-
#3855500 0!
#3855625 1# 1(
#3856375 0)
#3856625 0" 0# 0(
#3856750 1$
#3856875 0*
#3857875 1*
#3858125 1)
#3858375 0%
#3858500 1# 1& 1( 0,
#3859250 0)
#3859500 1" 0$ 1% 0&
#3859750 0+
#3860250 10
#3860750 1+
#3861000 1)
#3861250 0" 0# 1$ 0(
#3861375 1,
#3862000 0) 0-
#3862250 0$
#3862375 1#
#3862500 0*
#3863500 1*
#3864125 1!
#3864375 0*
#3865375 1*
#3866000 0!
#3866125 1"
#3866250 0*
#3867250 1*
#3867875 1!
#3868125 0*
#3869125 1*
#3870375 1) 1-
#3870500 0!
#3870625 1(
#3871375 0)
#3871625 0" 0(
#3871750 1$
#3871875 0*
#3872875 1*
#3873125 1)
#3873375 0#
#3873500 1! 1"
#3874250 0)
#3874500 1# 1&
#3874750 0+
#3875750 1+
#3876000 1)
#3876250 0! 0" 0# 0&
#3877000 0) 0-
#3877500 0*
#3878500 1*
#3879125 1!
#3879375 0*
#3880375 1*
#3881000 0! 1"
#3881250 0*
#3882250 1*
#3882875 1!
#3883125 0*
#3884125 1*
#3885375 1) 1-
#3885500 0!
#3885625 1# 0$ 1(
#3886375 0)
#3886625 0" 0# 0% 1& 0(
#3886875 0*
#3887875 1*
#3888125 1)
#3888500 1# 1$ 1( 0,
#3889250 0)
#3889375 0$
#3889500 1! 1" 1% 0&
#3889750 0+
#3890750 1+
#3891000 1)
#3891125 0! 0"
#3891250 0# 1$ 0(
#3891375 1,
#3892000 0) 0-
#3892375 1#
#3892500 0*
#3893500 1*
#3894125 1!
#3894375 0*
#3895375 1*
#3896000 0! 1"
#3896250 0*
#3897250 1*
#3897875 1!
#3898125 0*
#3899125 1*
#3900375 1) 1-
#3900500 0!
#3900625 0$ 1(
#3901375 0)
#3901625 0" 0% 1& 0(
#3901875 0*
#3902875 1*
#3903125 1)
#3903500 1! 1" 1$ 1% 1(
#3904250 0)
#3906000 1)
#3906250 0! 0" 0# 0& 0(
#3907000 0) 0-
#3907250 0$ 0% 1&
#3907500 0*
#3908500 1*
#3909125 1!
#3909375 0*
#3910375 1*
#3911000 0! 1"
#3911250 0*
#3912250 1*
#3912875 1!
#3913125 0*
#3914125 1*
#3915375 1) 1-
#3915500 0!
#3915625 1# 1% 0& 1(
#3916375 0)
#3916625 0" 0# 0% 1& 0(
#3916750 1$
#3916875 0*
#3917875 1*
#3918125 1)
#3918500 1# 1( 0,
#3919250 0)
#3919375 0#
#3919500 1% 0&
#3919750 0+
#3920750 1+
#3921000 1)
#3921250 0(
#3921375 1,
#3922000 0) 0-
#3922250 0$ 0%
#3922375 1# 1&
#3922500 0*
#3923500 1*
#3924125 1!
#3924375 0*
#3925375 1*
#3926000 0!
#3926125 1"
#3926250 0*
#3927250 1*
#3927875 1!
#3928125 0*
#3929250 1*
#3930375 1) 1-
#3930625 0! 1% 0& 1(
#3931375 0)
#3931625 0" 0% 0(
#3931750 1$ 1&
#3931875 0*
#3932875 1*
#3933125 1)
#3933375 0&
#3933500 1%
#3934250 0)
#3934500 1! 1" 1&
#3934750 0*
#3935750 1*
#3936000 1)
#3936250 0! 0" 0# 0&
#3937000 0) 0-
#3937125 00
#3937250 0%
#3937375 1&
#3937500 0*
#3938625 1*
#3939250 1!
#3939375 0*
#3940500 1*
#3941000 0!
#3941125 1"
#3941250 0*
#3942375 1*
#3943000 1!
#3943125 0*
#3944125 10
#3944250 1*
#3945375 1) 1-
#3945625 0! 1# 0$ 1% 0& 1(
#3946500 0)
#3946625 0" 0# 0(
#3946750 1&
#3946875 0*
#3948000 1*
#3948125 1)
#3948375 0%
#3948500 1# 1$ 1( 0,
#3949250 0)
#3949500 1! 0# 1% 0&
#3949750 0+
#3950750 1+
#3951000 1)
#3951250 0! 0(
#3951375 1,
#3952000 0-
#3952125 0)
#3952250 0%
#3952375 1# 1&
#3952625 0*
#3953625 1*
#3954250 1!
#3954500 0*
#3955500 1*
#3956000 0!
#3956125 1"
#3956375 0*
#3957375 1*
#3958000 1!
#3958250 0*
#3959250 1*
#3960375 1) 1-
#3960625 0! 0$ 0& 1(
#3960750 1%
#3961500 0)
#3961625 0" 0(
#3961750 1&
#3962000 0*
#3963000 1*
#3963125 1)
#3963500 1! 1" 1$ 1(
#3964250 0)
#3966000 1)
#3966250 0! 0" 0# 0& 0(
#3967000 0-
#3967125 0)
#3967250 0$
#3967375 1&
#3967625 0*
#3968625 1*
#3969250 1!
#3969500 0*
#3970500 1*
#3971000 0!
#3971125 1"
#3971375 0*
#3972375 1*
#3973000 1!
#3973250 0*
#3974250 1*
#3975375 1) 1-
#3975625 0! 0&
#3975750 1# 1(
#3976500 0)
#3976625 0" 0# 0(
#3976750 1$ 1&
#3977000 0*
#3978000 1*
#3978250 1)
#3978500 1# 0% 1(
#3978625 0,
#3979250 0)
#3979500 0# 0&
#3979625 1" 1%
#3979750 0+
#3980875 1+
#3981000 1)
#3981250 0" 0(
#3981375 1,
#3982125 0) 0-
#3982375 1# 0$ 1&
#3982625 0*
#3983625 1*
#3984250 1!
#3984500 0*
#3985500 1*
#3986000 0!
#3986125 1"
#3986375 0*
#3987375 1*
#3988000 1!
#3988250 0*
#3989250 1*
#3990375 1)
#3990500 1-
#3990625 0! 0&
#3990750 1(
#3991500 0)
#3991625 0(
#3991750 0" 1$ 1&
#3992000 0*
#3993000 1*
#3993250 1)
#3993500 1! 0&
#3994375 0)
#3994625 1" 1&
#3994875 0+
#3995875 1+
#3996000 1)
#3996250 0! 0" 0# 0&
#3997125 0) 0-
#3997375 1&
#3997625 0*
#3998625 1*
#3999250 1!
#3999500 0*
#4000500 1*
#4001125 0! 1"
#4001375 0*
#4002375 1*
#4003000 1!
#4003250 0*
#4004250 1*
#4005500 1) 1-
#4005750 1# 1(
#4006500 0)
#4007000 0+
#4008000 1+
#4008250 1)
#4008500 0! 0" 0%
#4008625 0,
#4009375 0)
#4009500 0# 0&
#4009625 1! 1" 1%
#4009875 0+
#4010875 1+
#4011000 1)
#4011250 0! 0"
#4011375 0(
#4011500 1,
#4012125 0) 0-
#4012375 1&
#4012500 1#
#4012625 0*
#4013625 1*
#4014250 1!
#4014500 0*
#4015500 1*
#4016125 0!
#4016250 1"
#4016375 0*
#4017375 1*
#4018000 1!
#4018250 0*
#4019250 1*
#4020500 1) 1-
#4020750 0! 0$ 0& 1(
#4021000 00
#4021500 0)
#4021750 0" 0# 0% 0' 0(
#4022000 0*
#4023000 1*
#4023750 1!
#4023875 0*
#4025000 1*
#4025500 0!
#4025625 1"
#4025750 0*
#4026625 1)
#4026750 1*
#4026875 1# 1% 1' 1(
#4027625 0)
#4027875 0" 0# 0% 0' 0(
#4028000 10
#4028125 0*
#4029125 1*
#4029750 1!
#4030000 0*
#4031000 1*
#4031625 0!
#4031750 1"
#4031875 0*
#4032625 1)
#4032875 0" 1*
#4033000 1# 1$ 1& 1' 1( 0,
#4033750 0)
#4034000 1% 0&
#4034250 0+
#4035250 1+
#4035500 1)
#4035750 0#
#4035875 1,
#4036625 0)
#4036750 0$ 0% 0' 0(
#4037125 0*
#4038125 1*
#4038750 1%
#4039000 0*
#4040000 1*
#4040125 1)
#4040500 1# 1' 1(
#4041250 0)
#4041500 0# 0% 0' 0(
#4041750 0*
#4042750 1*
#4043000 1)
#4043250 1' 1(
#4043375 1$ 1%
#4044125 0)
#4044250 0$ 0% 0' 0(
#4044625 0*
#4045625 1*
#4046250 1%
#4046500 0*
#4047500 1*
#4047625 1)
#4048000 1# 1' 1(
#4048750 0)
#4049000 0# 0% 0' 0(
#4049250 0*
#4050250 1*
#4050500 1)
#4050875 1" 1# 1% 1' 1(
#4051625 0)
#4051750 0" 0# 0% 0' 0(
#4052125 0*
#4053125 1*
#4053750 1!
#4054000 0*
#4055000 1*
#4055500 0!
#4055625 1"
#4055875 0*
#4056625 1)
#4056875 1*
#4057000 1# 1% 1' 1(
#4057750 0)
#4057875 0" 0# 0% 0' 0(
#4058250 0*
#4059250 1*
#4059875 1!
#4060125 0*
#4061125 1*
#4061625 0!
#4061750 1"
#4062000 0*
#4063125 1)
#4063375 0" 1*
#4063500 1# 1$ 1& 1' 1(
#4063625 0,
#4064250 0)
#4064500 1! 1% 0&
#4064750 0+
#4065750 1+
#4066000 1)
#4066250 0! 0#
#4066375 1,
#4067125 0)
#4067250 0$ 0% 0' 0(
#4067625 0*
#4068625 1*
#4069250 1%
#4069500 0*
#4070500 1*
#4070625 1)
#4071000 1# 1' 1(
#4071750 0)
#4072000 0# 0% 0' 0(
#4072250 0*
#4073250 1*
#4073500 1)
#4073750 1(
#4073875 1$ 1% 1'
#4074625 0)
#4074750 0$ 0% 0' 0(
#4075125 0*
#4076125 1*
#4076750 1%
#4077000 0*
#4078000 1*
#4078250 1)
#4078500 1# 1' 1(
#4079250 0)
#4079500 0# 0% 0' 0(
#4079750 0*
#4080750 1*
#4081000 1)
#4081375 1" 1# 1% 1' 1(
#4082125 0)
#4082250 0" 0# 0% 0' 0(
#4082625 0*
#4083625 1*
#4084250 1!
#4084500 0*
#4085500 1*
#4086000 0!
#4086125 1"
#4086375 0*
#4087125 1)
#4087375 1*
#4087500 1# 1% 1' 1(
#4088250 0)
#4088375 0" 0# 0% 0' 0(
#4088750 0*
#4089750 1*
#4090375 1!
#4090625 0*
#4091625 1*
#4092125 0!
#4092250 1"
#4092500 0*
#4093250 1)
#4093375 0"
#4093500 1# 1$ 1& 1' 1( 1*
#4093625 0,
#4094250 0)
#4094500 0&
#4094625 1" 1%
#4094875 0+
