$date Fri Aug 21 10:20:20 2026 $end
$version libsigrok 0.5.2 $end
$comment
  Acquisition with 16/16 channels at 80 MHz
$end
$timescale 100 ps $end
$scope module libsigrok $end
$var wire 1 ! A0 $end
$var wire 1 " A1 $end
$var wire 1 # A2 $end
$var wire 1 $ A3 $end
$var wire 1 % A4 $end
$var wire 1 & A5 $end
$var wire 1 ' A6 $end
$var wire 1 ( A7 $end
$var wire 1 ) RAS $end
$var wire 1 * CAS0 $end
$var wire 1 + CAS1 $end
$var wire 1 , R/W $end
$var wire 1 - VDS $end
$var wire 1 . IRQ $end
$var wire 1 / CSW $end
$var wire 1 0 CSR $end
$upscope $end
$enddefinitions $end
#0 1! 1" 1# 0$ 1% 1& 0' 0( 0) 0* 1+ 1, 0- 0. 1/ 10
#125 0! 0# 0% 1' 1) 1*
#250 1! 0" 1% 1-
#14375 00
#15125 0&
#15250 1#
#16000 0)
#16250 0! 0# 0% 0'
#16500 0*
#17500 1*
#17750 1)
#19000 1! 1" 1# 1$ 1% 1& 1' 1(
#19750 0)
#21250 10
#21500 1)
#24500 0! 0$ 0&
#25375 0)
#25625 0" 0# 0% 0' 0(
#25875 0*
#26875 1*
#27125 1)
#27375 1! 1'
#27500 1# 1% 0,
#28250 0)
#28375 0! 0# 0% 0'
#28625 0*
#29750 1*
#29875 1)
#30250 1! 1" 1# 1$ 1% 1& 1' 1(
#30375 1,
#31000 0)
#31500 0+
#32500 1+
#33375 0+
#34375 1+
#35250 0+
#36250 1+
#37125 0+
#38125 1+
#39250 1)
#39500 0! 0$ 0&
#40375 0)
#40625 0" 0% 0' 0(
#40875 0*
#41875 1*
#42125 1)
#42375 1! 1" 1% 1& 1' 1(
#42500 1$
#43250 0)
#44875 1)
#45125 0" 0# 0$ 0% 0& 0' 0(
#46000 0) 0-
#46125 0!
#46500 0*
#47500 1*
#48125 1!
#48375 0*
#49375 1*
#49875 0!
#50000 1"
#50250 0*
#51250 1*
#51875 1!
#52125 0*
#53125 1*
#54250 1) 1-
#54500 0!
#54625 1# 1% 1' 1(
#55375 0)
#55500 0(
#55625 0" 0# 1$ 0% 0'
#55875 0*
#56875 1*
#57125 1)
#57375 1! 1" 1# 1% 1& 1' 1(
#58125 0)
#59875 1)
#60125 0" 0# 0$ 0% 0& 0' 0(
#61000 0) 0-
#61125 0!
#61250 1#
#61500 0*
#62500 1*
#63125 1!
#63375 0*
#64375 1*
#64875 0!
#65000 1"
#65250 0*
#66250 1*
#66875 1!
#67125 0*
#68125 1*
#69250 1) 1-
#69500 0!
#69625 1% 1' 1(
#70375 0)
#70500 0% 0' 0(
#70625 0" 1$
#70875 0*
#71875 1*
#72000 1)
#72250 0$
#72375 1& 1' 1(
#73125 0)
#73375 1! 1$ 1%
#73500 1"
#73625 0*
#74625 1*
#74875 1)
#75125 0" 0# 0$ 0% 0& 0' 0(
#75875 0-
#76000 0)
#76125 0!
#76250 1$
#76500 0*
#77500 1*
#78125 1!
#78375 0*
#79375 1*
#79875 0!
#80000 1"
#80250 0*
#81250 1*
#81875 1!
#82125 0*
#83125 1*
#84250 1) 1-
#84500 0! 0$ 1' 1(
#84625 1# 1%
#85375 0)
#85500 0" 0# 0' 0(
#85875 0*
#86875 1*
#87000 1)
#87375 1! 1" 1# 1$ 1& 1' 1(
#88125 0)
#89875 1)
#90125 0" 0# 0$ 0% 0& 0' 0(
#90875 0-
#91000 0)
#91125 0!
#91250 1# 1$
#91500 0*
#92500 1*
#93125 1!
#93375 0*
#94375 1*
#94875 0!
#95000 1"
#95125 0*
#96250 1*
#96875 1!
#97000 0*
#98125 1* 00
#99250 1) 1-
#99500 0! 0$ 1% 1' 1(
#100375 0)
#100500 0" 0' 0(
#100750 0*
#101875 1*
#102000 1)
#102375 1!
#103125 0)
#103375 0! 0# 0% 1(
#103625 0*
#104625 1*
#104875 1)
#105125 1! 0( 10
#105875 0) 0-
#106125 0!
#106250 1%
#106375 0*
#107375 1*
#108000 1!
#108250 0*
#109250 1*
#109875 0!
#110000 1"
#110125 0*
#111125 1*
#111750 1!
#112000 0*
#113000 1*
#114250 1) 1-
#114375 0!
#114500 1# 1' 1(
#115250 0)
#115500 0" 0# 0' 0(
#115625 1$
#115750 0*
#116750 1*
#117000 1)
#117375 1! 1" 1# 1& 1' 1(
#118125 0)
#119875 1)
#120125 0" 0# 0$ 0% 0& 0' 0(
#120875 0) 0-
#121125 0!
#121250 1# 1%
#121375 0*
#122375 1*
#123000 1!
#123250 0*
#124250 1*
#124875 0! 1"
#125125 0*
#126125 1*
#126750 1!
#127000 0*
#128000 1*
#129125 1)
#129250 1-
#129375 0!
#129500 1' 1(
#130250 0)
#130500 0" 1$ 0' 0(
#130750 0*
#131750 1*
#132000 1)
#132250 0$ 0% 1' 1(
#132375 1! 1&
#133125 0)
#133375 1" 1$ 1%
#133625 0+
#134625 1+
#134750 1)
#135125 0" 0# 0$ 0% 0& 0' 0(
#135875 0) 0-
#136125 0! 1$ 1%
#136375 0*
#137375 1*
#138000 1!
#138250 0*
#139250 1*
#139875 0! 1"
#140125 0*
#141125 1*
#141750 1!
#142000 0*
#143000 1*
#144125 1)
#144250 1-
#144375 0! 0$
#144500 1# 1' 1(
#145250 0)
#145500 0" 0# 0% 1& 0' 0(
#145750 0*
#146750 1*
#147000 1)
#147250 1! 0& 1'
#147375 1# 1%
#148125 0)
#148250 0! 0# 0% 0'
#148375 1(
#148625 0*
#149625 1*
#149750 1)
#150000 0(
#150125 1!
#150875 0) 0-
#151000 0!
#151125 1# 1$ 1%
#151375 0*
#152375 1*
#153000 1!
#153250 0*
#154250 1*
#154750 0!
#154875 1"
#155125 0*
#156125 1*
#156750 1!
#157000 0*
#158000 1*
#159125 1)
#159250 1-
#159375 0! 0$
#159500 1' 1(
#160250 0)
#160500 0" 0% 1& 0' 0(
#160750 0*
#161750 1*
#162000 1)
#162250 1! 1% 0& 1'
#162375 0,
#163000 0)
#163250 0! 0# 0% 0' 1(
#163500 0*
#164625 1*
#164750 1)
#165000 0(
#165125 1! 1,
#165875 0) 0-
#166000 0!
#166125 1&
#166375 0*
#167375 1*
#168000 1!
#168250 0*
#169250 1*
#169750 0!
#169875 1"
#170125 0*
#171125 1*
#171750 1!
#172000 0*
#173000 1*
#174125 1)
#174250 1-
#174375 0! 0&
#174500 1# 1% 1' 1(
#175250 0)
#175375 0(
#175500 0" 0# 1$ 0% 1& 0'
#175750 0*
#176750 1*
#177000 1)
#177250 1! 1" 1# 1% 1' 1(
#178125 0)
#179750 1)
#180000 0" 0# 0$ 0% 0& 0' 0(
#180875 0) 0-
#181000 0!
#181125 1# 1&
#181375 0*
#182000 00
#182375 1*
#183000 1!
#183250 0*
#184250 1*
#184750 0!
#184875 1"
#185125 0*
#186125 1*
#186750 1!
#187000 0*
#188000 1*
#189000 10
#189125 1) 1-
#189375 0! 0&
#189500 1% 1' 1(
#190250 0)
#190375 0(
#190500 0" 1$ 0% 1& 0'
#190750 0*
#191750 1*
#192000 1)
#192250 1" 0$ 1' 1(
#193000 0)
#193375 1! 1$ 1%
#193500 0*
#194500 1*
#194750 1)
#195000 0" 0# 0$ 0% 0& 0' 0(
#195875 0) 0-
#196000 0!
#196125 1$ 1&
#196375 0*
#197375 1*
#198000 1!
#198250 0*
#199250 1*
#199750 0!
#199875 1"
#200125 0*
#201125 1*
#201750 1!
#202000 0*
#203000 1*
#204125 1) 1-
#204375 0! 0$ 0&
#204500 1# 1% 1' 1(
#205250 0)
#205375 0(
#205500 0" 0# 1& 0'
#205750 0*
#206750 1*
#207000 1)
#207250 1! 1# 0&
#208000 0)
#208250 0! 0# 0% 1(
#208500 0*
#209500 1*
#209750 1)
#210000 0(
#210125 1!
#210875 0) 0-
#211000 0!
#211125 1# 1$ 1&
#211375 0*
#212375 1*
#213000 1!
#213250 0*
#214250 1*
#214750 0!
#214875 1"
#215125 0*
#216125 1*
#216750 1!
#217000 0*
#218000 1*
#219125 1)
#219250 1-
#219375 0! 0$ 0&
#219500 1% 1' 1(
#220250 0)
#220375 0(
#220500 0" 1& 0'
#220750 0*
#221750 1*
#222000 1)
#222250 1! 1" 1$ 1' 1(
#223125 0)
#224750 1)
#225000 0" 0# 0$ 0% 0& 0'
#225125 0(
#225875 0) 0-
#226000 0!
#226125 1% 1&
#226375 0*
#227375 1*
#228000 1!
#228250 0*
#229250 1*
#229750 0!
#229875 1"
#230125 0*
#231125 1*
#231750 1!
#232000 0*
#233000 1*
#234125 1)
#234250 1-
#234375 0! 0&
#234500 1# 1' 1(
#235250 0)
#235500 0" 0# 1$ 1& 0' 0(
#235750 0*
#236750 1*
#237000 1)
#237250 1! 0$ 0& 1'
#237375 1#
#238125 0)
#238250 0! 0# 0% 0'
#238375 1(
#238500 0*
#239625 1*
#239750 1)
#240000 0(
#240125 1!
#240875 0) 0-
#241000 0!
#241125 1# 1% 1&
#241375 0*
#242375 1*
#243000 1!
#243250 0*
#244250 1*
#244875 0! 1"
#245125 0*
#246125 1*
#246750 1!
#247000 0*
#248000 1*
#249125 1)
#249250 1-
#249375 0! 0&
#249500 1' 1(
#250250 0)
#250500 0" 1$ 1& 0' 0(
#250750 0*
#251750 1*
#252000 1)
#252250 1! 0$ 0% 1' 1(
#252375 1"
#253125 0)
#253375 1$ 1%
#253625 0+
#254625 1+
#254750 1)
#255125 0" 0# 0$ 0% 0& 0' 0(
#255875 0) 0-
#256125 0! 1$ 1% 1&
#256375 0*
#257375 1*
#258000 1!
#258250 0*
#259250 1*
#259875 0! 1"
#260125 0*
#261125 1*
#261750 1!
#262000 0*
#263000 1*
#264250 1) 1-
#264375 0!
#264500 1# 0$ 0& 1' 1(
#265250 0)
#265500 0" 0# 0% 0(
#265750 0*
#265875 00
#266750 1*
#267000 1)
#267375 1! 1# 1% 0,
#268125 0)
#268250 0!
#268375 0# 0% 0' 1(
#268625 0*
#269625 1*
#269875 1)
#270000 0(
#270125 1!
#270250 1,
#270875 0) 0-
#271125 0!
#271250 1# 1$ 1% 1&
#271375 0*
#272375 1*
#272875 10
#273000 1!
#273250 0*
#274250 1*
#274875 0!
#275000 1"
#275125 0*
#276125 1*
#276750 1!
#277000 0*
#278125 1*
#279250 1) 1-
#279500 0! 0$ 0& 1' 1(
#280250 0)
#280500 0" 0% 0(
#280750 0*
#281875 1*
#282000 1)
#282375 1! 1" 1$ 1% 1& 1(
#283125 0)
#284875 1)
#285125 0" 0# 0$ 0% 0& 0' 0(
#285875 0-
#286000 0)
#286125 0!
#286250 1'
#286375 0*
#287500 1*
#288125 1!
#288375 0*
#289375 1*
#289875 0!
#290000 1"
#290250 0*
#291250 1*
#291875 1!
#292125 0*
#293125 1*
#294250 1) 1-
#294500 0! 1(
#294625 1# 1%
#295375 0)
#295500 0" 0# 0% 0(
#295625 1$
#295875 0*
#296875 1*
#297000 1)
#297375 1! 1" 1# 1% 1& 1(
#298125 0)
#299875 1)
#300125 0" 0# 0$ 0% 0& 0' 0(
#300875 0-
#301000 0)
#301125 0!
#301250 1# 1'
#301500 0*
#302500 1*
#303125 1!
#303375 0*
#304375 1*
#304875 0!
#305000 1"
#305250 0*
#306250 1*
#306875 1!
#307125 0*
#308125 1*
#309250 1) 1-
#309500 0!
#309625 1% 1(
#310375 0)
#310500 0% 0(
#310625 0" 1$
#310875 0*
#311875 1*
#312125 1)
#312375 0# 1& 1(
#313125 0)
#313500 1! 1" 1# 1%
#313625 0*
#314625 1*
#314875 1)
#315125 0" 0# 0$ 0% 0& 0' 0(
#316000 0) 0-
#316125 0!
#316250 1$ 1'
#316500 0*
#317500 1*
#318125 1!
#318375 0*
#319375 1*
#319875 0!
#320000 1"
#320250 0*
#321250 1*
#321875 1!
#322125 0*
#323125 1*
#324250 1)
#324375 1-
#324500 0! 0$
#324625 1# 1% 1(
#325375 0)
#325625 0" 0# 0(
#325875 0*
#326875 1*
#327125 1)
#327375 1! 1(
#327500 1" 1# 1$ 1&
#328250 0)
#329875 1)
#330125 0# 0$ 0&
#330250 0" 0% 0' 0(
#331000 0) 0-
#331250 0! 1# 1$ 1'
#331500 0*
#332500 1*
#333125 1!
#333375 0*
#334375 1*
#335000 0! 1"
#335250 0*
#336250 1*
#336875 1!
#337125 0*
#338125 1*
#339250 1)
#339375 1-
#339500 0!
#339625 0$ 1% 1(
#340375 0)
#340625 0" 0(
#340875 0*
#341875 1*
#342125 1)
#342375 0'
#342500 1"
#343250 0)
#343375 0" 0# 0%
#343750 0*
#344750 1*
#344875 1)
#345250 1!
#346000 0) 0-
#346250 0! 1'
#346375 1%
#346500 0*
#347500 1*
#348125 1!
#348375 0*
#349375 1*
#349750 00
#350000 0!
#350125 1"
#350250 0*
#351250 1*
#351875 1!
#352125 0*
#353125 1*
#354375 1) 1-
#354500 0!
#354625 1# 1(
#355375 0)
#355625 0" 0# 0(
#355750 1$
#355875 0*
#356750 10
#356875 1*
#357125 1)
#357500 1! 1" 1# 1& 1(
#358250 0)
#360000 1)
#360250 0" 0# 0$ 0% 0& 0' 0(
#361000 0) 0-
#361250 0!
#361375 1# 1% 1'
#361500 0*
#362625 1*
#363250 1!
#363375 0*
#364500 1*
#365000 0!
#365125 1"
#365250 0*
#366375 1*
#367000 1!
#367125 0*
#368250 1*
#369375 1) 1-
#369625 0! 1(
#370500 0)
#370625 0" 0(
#370750 1$
#370875 0*
#372000 1*
#372125 1)
#372375 0# 0%
#372500 1! 1& 1(
#373250 0)
#373500 1" 1# 1%
#373750 0+
#374750 1+
#375000 1)
#375250 0" 0# 0$ 0% 0& 0' 0(
#376000 0-
#376125 0)
#376250 0!
#376375 1$ 1% 1'
#376625 0*
#377625 1*
#378250 1!
#378500 0*
#379500 1*
#380000 0!
#380125 1"
#380375 0*
#381375 1*
#382000 1!
#382250 0*
#383250 1*
#384375 1) 1-
#384625 0! 0$ 1(
#384750 1#
#385500 0)
#385625 0" 0# 0% 0(
#385750 1&
#386000 0*
#387000 1*
#387125 1)
#387375 0&
#387500 1" 1# 1%
#388250 0)
#388500 0" 0# 0% 0'
#388750 0*
#389750 1*
#390000 1)
#390250 1!
#391000 0-
#391125 0)
#391250 0!
#391375 1# 1$ 1% 1'
#391625 0*
#392625 1*
#393250 1!
#393500 0*
#394500 1*
#395000 0!
#395125 1"
#395375 0*
#396375 1*
#397000 1!
#397250 0*
#398250 1*
#399375 1) 1-
#399625 0! 0$ 1(
#400500 0)
#400625 0" 0% 0(
#400750 1&
#401000 0*
#402000 1*
#402125 1)
#402375 0&
#402500 1" 1%
#402625 0,
#403250 0)
#403500 0" 0# 0% 0'
#403750 0*
#404750 1*
#405000 1)
#405375 1! 1,
#406125 0) 0-
#406250 0!
#406375 1& 1'
#406625 0*
#407625 1*
#408250 1!
#408500 0*
#409500 1*
#410000 0!
#410125 1"
#410375 0*
#411375 1*
#412000 1!
#412250 0*
#413250 1*
#414375 1) 1-
#414625 0! 0&
#414750 1# 1% 1(
#415500 0)
#415625 0# 0(
#415750 0" 1$ 0% 1&
#416000 0*
#417000 1*
#417250 1)
#417500 1! 1" 1# 1% 1(
#418250 0)
#420000 1)
#420250 0" 0# 0$ 0% 0& 0' 0(
#421125 0) 0-
#421250 0!
#421375 1# 1& 1'
#421625 0*
#422625 1*
#423250 1!
#423500 0*
#424500 1*
#425000 0!
#425125 1"
#425375 0*
#426375 1*
#427000 1!
#427250 0*
#428250 1*
#429375 1) 1-
#429625 0! 0&
#429750 1% 1(
#430500 0)
#430625 0% 0(
#430750 0" 1$ 1&
#431000 0*
#432000 1*
#432250 1)
#432500 1" 0# 1(
#433250 0)
#433500 1!
#433625 1# 1% 00
#433750 0*
#434750 1*
#435000 1)
#435250 0" 0# 0$ 0% 0& 0' 0(
#436000 0-
#436125 0)
#436250 0!
#436375 1$ 1& 1'
#436625 0*
#437625 1*
#438250 1!
#438500 0*
#439500 1*
#440000 0!
#440125 1"
#440375 0*
#440500 10
#441375 1*
#442000 1!
#442250 0*
#443250 1*
#444375 1) 1-
#444625 0! 0$ 0& 1(
#444750 1# 1%
#445500 0)
#445625 0" 0# 0(
#445750 1&
#446000 0*
#447000 1*
#447125 1)
#447375 0& 0'
#447500 1" 1#
#448250 0)
#448500 0" 0# 0%
#448750 0*
#449750 1*
#450000 1)
#450375 1!
#451125 0) 0-
#451250 0!
#451375 1# 1$ 1& 1'
#451625 0*
#452625 1*
#453250 1!
#453500 0*
#454500 1*
#455000 0!
#455125 1"
#455375 0*
#456375 1*
#457000 1!
#457250 0*
#458250 1*
#459375 1) 1-
#459625 0! 0$ 0& 1(
#459750 1%
#460500 0)
#460625 0" 0(
#460750 1&
#461000 0*
#462000 1*
#462125 1)
#462500 1! 1" 1$ 1(
#463250 0)
#465000 1)
#465250 0" 0# 0$ 0% 0& 0' 0(
#466000 0-
#466125 0)
#466250 0!
#466375 1% 1& 1'
#466625 0*
#467625 1*
#468250 1!
#468500 0*
#469500 1*
#470000 0!
#470125 1"
#470375 0*
#471375 1*
#472000 1!
#472250 0*
#473250 1*
#474375 1) 1-
#474625 0! 0& 1(
#474750 1#
#475500 0)
#475625 0" 0# 0(
#475750 1$ 1&
#476000 0*
#477000 1*
#477125 1)
#477375 0$ 0&
#477500 1" 1#
#478250 0)
#478500 0" 0# 0% 0'
#478750 0*
#479750 1*
#480000 1)
#480250 1!
#481000 0-
#481125 0)
#481250 0!
#481375 1# 1% 1& 1'
#481625 0*
#482625 1*
#483250 1!
#483500 0*
#484500 1*
#485000 0!
#485125 1"
#485375 0*
#486375 1*
#487000 1!
#487250 0*
#488250 1*
#489375 1) 1-
#489625 0! 0& 1(
#490500 0)
#490625 0" 0(
#490750 1$ 1&
#490875 0*
#492000 1*
#492125 1)
#492375 0# 0%
#492500 1! 1" 1(
#493250 0)
#493500 1# 1%
#493750 0+
#494750 1+
#495000 1)
#495250 0" 0# 0$ 0% 0& 0' 0(
#496000 0) 0-
#496250 0!
#496375 1$ 1% 1& 1'
#496500 0*
#497625 1*
#498250 1!
#498375 0*
#499500 1*
#500000 0!
#500125 1"
#500250 0*
#501375 1*
#501875 1!
#502125 0*
#503250 1*
#504375 1) 1-
#504625 1# 1(
#505375 0)
#506000 0+
#507000 1+
#507125 1)
#507375 0! 0$ 0& 0(
#507500 0,
#508250 0)
#508500 0" 0# 0% 0'
#508750 0*
#509750 1*
#510000 1)
#510250 1!
#510375 1,
#511000 0) 0-
#511250 0!
#511375 1# 1$ 1% 1& 1'
#511500 0*
#512500 1*
#513125 1!
#513375 0*
#514375 1*
#515000 0!
#515125 1"
#515250 0*
#516250 1*
#516875 1!
#517125 0*
#517375 00
#518125 1*
#519375 1) 1-
#519625 0! 0$ 0& 1(
#520375 0)
#520625 0" 0# 0% 0' 0(
#520875 0*
#521875 1*
#522500 1!
#522750 0*
#523750 1*
#524375 0! 10
#524500 1"
#524625 0*
#525375 1)
#525625 1*
#525750 1# 1% 1' 1(
#526500 0)
#526625 0(
#526750 0" 0% 0'
#527000 0*
#528000 1*
#528625 1!
#528875 0*
#529875 1*
#530375 0!
#530500 1"
#530750 0*
#531500 1)
#531750 1*
#531875 1! 1$ 1% 1& 1' 1(
#532625 0)
#534250 1)
#534500 0!
#534625 0" 0# 0&
#535375 0)
#535625 1" 0$ 0% 0' 0(
#535875 0*
#536875 1*
#537500 1%
#537750 0*
#538750 1*
#539000 1)
#539250 0" 1(
#539375 1# 1'
#540125 0)
#540250 0# 0% 0' 0(
#540375 1"
#540625 0*
#541625 1*
#541750 1)
#542000 0"
#542125 1$ 1% 1' 1(
#542875 0)
#543125 1" 0$ 0% 1& 0' 0(
#543375 0*
#544375 1*
#545000 1%
#545250 0*
#546250 1*
#546500 1)
#546750 0" 0& 1' 1(
#546875 1#
#547625 0)
#547750 0# 0' 0(
#547875 1"
#548000 0*
#549125 1*
#549250 1)
#549625 1# 1' 1(
#550375 0)
#550625 0" 0# 1$ 0% 0' 0(
#550875 0*
#551875 1*
#552500 1!
#552750 0*
#553750 1*
#554250 0!
#554375 1"
#554625 0*
#555375 1)
#555625 0$ 1*
#555750 1# 1% 1' 1(
#556500 0)
#556625 0% 0' 0(
#556750 0" 1$
#557000 0*
#558000 1*
#558625 1!
#558875 0*
#559875 1*
#560375 0!
#560500 1"
#560750 0*
#561875 1)
#562125 1*
#562750 1! 1% 1& 1' 1(
#563500 0)
#565625 1)
#565875 0!
#566000 0" 0# 0&
#566750 0)
#567500 1" 0$ 0% 0(
#567750 0*
#568750 1*
#569375 1%
#569625 0*
#570625 1*
#570875 1)
#571125 0" 1# 1(
#571875 0)
#572125 0# 0% 0' 0(
#572250 1" 1&
#572375 0*
#573375 1*
#573625 1)
#573875 0" 0&
#574000 1$ 1% 1' 1(
#574750 0)
#574875 0$ 0% 0(
#575000 1" 1&
#575250 0*
#576250 1*
#576875 1%
#577125 0*
#578125 1*
#578375 1)
#578625 0" 1# 0& 1(
#579375 0)
#579625 0# 1& 0' 0(
#579750 1"
#579875 0*
#580875 1*
#581125 1)
#581375 0&
#581500 1# 1' 1(
#582250 0)
#582375 0# 0' 0(
#582500 0"
#582750 0*
#583750 1*
#584375 1!
#584625 0*
#585625 1*
#586125 0!
#586250 1"
#586500 0*
#587250 1)
#587500 1*
#587625 1# 1' 1(
#588375 0)
#588500 0" 0' 0(
#588750 0*
#589875 1*
#590500 1!
#590625 0*
#591750 1*
#592250 0!
#592375 1"
#592500 0*
#593375 1)
#593500 1*
#594375 0)
#594625 0" 0# 0% 1(
#594875 0*
#595875 1*
#596125 1)
#596500 1$ 1% 1'
#597250 0)
#597375 0$ 0% 0'
#597500 1"
#597750 0*
#598750 1*
#599375 1%
#599625 0*
#600625 1*
#600750 1)
#601000 0"
#601125 1# 1'
#601250 00
#601875 0)
#602125 1" 0# 0% 0(
#602375 0*
#603375 1*
#603625 1)
#603875 0" 1(
#604000 1$ 1%
#604750 0)
#604875 0$ 0% 0'
#605000 1" 1&
#605250 0*
#606250 1*
#606875 1%
#607125 0*
#608125 1*
#608250 1) 10
#608500 0" 0&
#608625 1# 1'
#609375 0)
#609625 1" 0# 0(
#609875 0*
#610875 1*
#611125 1)
#611375 1(
#611500 1#
#612250 0)
#612375 0" 0# 0' 0(
#612500 1$
#612750 0*
#613750 1*
#614375 1!
#614625 0*
#615625 1*
#616125 0!
#616250 1"
#616500 0*
#617250 1)
#617500 0$ 1' 1( 1*
#617625 1#
#618375 0)
#618500 0" 0' 0(
#618625 1$
#618750 0*
#619750 1*
#620500 1!
#620625 0*
#621625 1*
#622250 0!
#622375 1"
#622500 0*
#623250 1)
#623500 0$ 1*
#623625 1'
#624375 0)
#624625 0" 0# 0% 0' 1(
#624875 0*
#625875 1*
#626125 1)
#626500 1$ 1% 1'
#627250 0)
#627375 0$ 0%
#627500 1"
#627750 0*
#628750 1*
#629375 1%
#629625 0*
#630625 1*
#630750 1)
#631000 0"
#631125 1#
#631875 0)
#632125 1" 0# 0% 1& 0(
#632375 0*
#633375 1*
#633625 1)
#633875 0" 0& 1(
#634000 1$ 1%
#634750 0)
#634875 0$ 0%
#635000 1" 1&
#635250 0*
#636250 1*
#636875 1%
#637125 0*
#638125 1*
#638250 1)
#638500 0" 0&
#638625 1#
#639375 0)
#639625 1" 0# 1& 0(
#639875 0*
#640875 1*
#641125 1)
#656375 0&
#656500 1# 0,
#657250 0)
#657375 0#
#657500 0" 0% 0' 1(
#657750 0*
#658750 1*
#659000 1)
#660250 1! 1" 1# 1$ 1% 1& 1' 1,
#661000 0)
#662750 1)
#665750 0! 0$ 0&
#666625 0)
#666875 0" 0# 0% 0' 0(
#667125 0*
#668125 1*
#668375 1)
#668625 1! 1" 1# 1$ 1% 1& 1' 1(
#669375 0)
#671125 1)
#672250 0)
#672750 0+
#673750 1+
#674625 0+
#675625 1+
#676500 0+
#677500 1+
#678375 0+
#679375 1+
#680500 1)
#680750 0! 0$ 0&
#681625 0)
#681875 0" 0% 0' 0(
#682125 0*
#683125 1*
#683375 1)
#683625 1! 1' 1(
#683750 1" 1$ 1% 1&
#684500 0)
#685125 00
#686125 1)
#686375 0" 0# 0$ 0% 0& 0'
#686500 0(
#687250 0) 0-
#687500 0! 1(
#687750 0*
#688750 1*
#689375 1!
#689625 0*
#690625 1*
#691250 0! 1"
#691500 0*
#692125 10
#692500 1*
#693125 1!
#693375 0*
#694375 1*
#695500 1)
#695625 1-
#695750 0!
#695875 1# 1% 1'
#696625 0)
#696875 0" 0# 1$ 0% 0' 0(
#697125 0*
#698125 1*
#698375 1)
#698625 0$
#698750 1" 1# 1%
#699500 0)
#699625 0" 0# 0%
#699750 1(
#700000 0*
#701000 1*
#701125 1)
#701375 0(
#701500 1!
#702250 0) 0-
#702500 0! 1# 1(
#702750 0*
#703750 1*
#704375 1!
#704625 0*
#705625 1*
#706250 0! 1"
#706500 0*
#707500 1*
#708125 1!
#708375 0*
#709375 1*
#710625 1) 1-
#710750 0!
#710875 1% 1'
#711625 0)
#711875 0" 1$ 0% 0' 0(
#712125 0*
#713125 1*
#713375 1)
#713750 1& 1' 1(
#714500 0)
#714750 1! 1" 1%
#715000 0*
#716000 1*
#716250 1)
#716500 0" 0# 0$ 0% 0& 0' 0(
#717250 0) 0-
#717500 0! 1(
#717625 1$
#717750 0*
#718750 1*
#719375 1!
#719625 0*
#720625 1*
#721250 0!
#721375 1"
#721500 0*
#722625 1*
#723125 1!
#723375 0*
#724500 1*
#725625 1) 1-
#725875 0! 1# 0$ 1% 1'
#726625 0)
#726875 0" 0# 0' 0(
#727125 0*
#728250 1*
#728375 1)
#728750 1" 1# 1'
#729500 0)
#729750 0" 0# 0% 0' 1(
#730000 0*
#731000 1*
#731250 1)
#731500 1! 0(
#732250 0-
#732375 0)
#732500 0!
#732625 1# 1$ 1(
#732875 0*
#733875 1*
#734500 1!
#734750 0*
#735750 1*
#736250 0!
#736375 1"
#736625 0*
#737625 1*
#738250 1!
#738500 0*
#739500 1*
#740625 1) 1-
#740875 0! 0$ 1'
#741000 1%
#741750 0)
#741875 0" 0' 0(
#742250 0*
#743250 1*
#743375 1)
#743750 1" 1'
#743875 0,
#744500 0)
#744750 0" 0# 0% 0' 1(
#745000 0*
#746000 1*
#746250 1)
#746500 1! 0(
#746625 1,
#747375 0) 0-
#747500 0!
#747625 1% 1(
#747875 0*
#748875 1*
#749500 1!
#749750 0*
#750750 1*
#751250 0!
#751375 1"
#751625 0*
#752625 1*
#753250 1!
#753500 0*
#754500 1*
#755625 1) 1-
#755875 0!
#756000 1# 1'
#756750 0)
#756875 0# 0'
#757000 0" 1$ 0(
#757250 0*
#758250 1*
#758500 1)
#758750 1! 1" 1# 1& 1' 1(
#759500 0)
#761250 1)
#761500 0" 0# 0$ 0% 0& 0' 0(
#762375 0) 0-
#762500 0!
#762625 1# 1% 1(
#762875 0*
#763875 1*
#764500 1!
#764750 0*
#765750 1*
#766250 0!
#766375 1"
#766625 0*
#767625 1*
#768250 1!
#768500 0*
#769000 00
#769500 1*
#770625 1)
#770750 1-
#770875 0!
#771000 1'
#771750 0)
#772000 0" 1$ 0' 0(
#772250 0*
#773250 1*
#773500 1)
#773750 1! 0% 1& 1' 1(
#774625 0)
#774875 1" 1%
#775125 0+
#775875 10
#776125 1+
#776250 1)
#776500 0# 0$ 0% 0& 0'
#776625 0" 0(
#777375 0) 0-
#777625 0! 1$ 1% 1(
#777875 0*
#778875 1*
#779500 1!
#779750 0*
#780750 1*
#781375 0! 1"
#781625 0*
#782625 1*
#783250 1!
#783500 0*
#784500 1*
#785625 1)
#785750 1-
#785875 0!
#786000 1# 0$ 1'
#786750 0)
#787000 0" 0# 0% 1& 0' 0(
#787250 0*
#788250 1*
#788500 1)
#788750 1(
#788875 1! 1" 1# 1$ 1% 1'
#789625 0)
#791250 1)
#791625 0" 0# 0$ 0% 0& 0' 0(
#792375 0) 0-
#792625 0! 1# 1$ 1% 1(
#792875 0*
#793875 1*
#794500 1!
#794750 0*
#795750 1*
#796375 0! 1"
#796625 0*
#797625 1*
#798250 1!
#798500 0*
#799500 1*
#800750 1) 1-
#800875 0!
#801000 0$ 1'
#801750 0)
#802000 0" 0% 1& 0' 0(
#802250 0*
#803250 1*
#803500 1)
#803875 1! 1" 1$ 1% 1' 1(
#804625 0)
#806375 1)
#806625 0" 0# 0$ 0% 0& 0' 0(
#807375 0) 0-
#807625 0! 1(
#807750 1&
#807875 0*
#808875 1*
#809500 1!
#809750 0*
#810750 1*
#811375 0!
#811500 1"
#811625 0*
#812625 1*
#813250 1!
#813500 0*
#814500 1*
#815750 1) 1-
#816000 0! 1# 1% 0& 1'
#816750 0)
#817000 0" 0# 0% 0' 0(
#817125 1$ 1&
#817250 0*
#818375 1*
#818500 1)
#818750 0$ 0&
#818875 1! 1" 1# 1%
#819625 0)
#819875 0! 0" 0# 0%
#820125 0*
#821125 1*
#821375 1)
#821625 1!
#822375 0) 0-
#822625 0!
#822750 1# 1& 1(
#822875 0*
#824000 1*
#824625 1!
#824750 0*
#825875 1*
#826375 0!
#826500 1"
#826625 0*
#827750 1*
#828375 1!
#828500 0*
#829625 1*
#830750 1) 1-
#831000 0! 1% 0& 1'
#831875 0)
#832000 0" 0% 0' 0(
#832125 1$ 1&
#832250 0*
#833375 1*
#833500 1)
#833875 1" 1' 1(
#834625 0)
#834875 1! 1%
#835125 0*
#836125 1*
#836375 1)
#836625 0" 0# 0$ 0% 0& 0' 0(
#837375 0-
#837500 0)
#837625 0!
#837750 1$ 1& 1(
#838000 0*
#839000 1*
#839625 1!
#839875 0*
#840875 1*
#841375 0!
#841500 1"
#841750 0*
#842750 1*
#843375 1!
#843625 0*
#844625 1*
#845750 1) 1-
#846000 0! 0$ 0& 1'
#846125 1# 1%
#846875 0)
#847000 0" 0# 0' 0(
#847125 1&
#847250 0*
#848375 1*
#848500 1)
#848750 0&
#848875 1! 1" 1# 1'
#849625 0)
#849875 0! 0" 0# 0% 0'
#850125 0*
#851125 1*
#851375 1)
#851625 1!
#852375 0-
#852500 0)
#852625 0!
#852750 1# 1$ 1& 1( 00
#853000 0*
#854000 1*
#854625 1!
#854875 0*
#855875 1*
#856375 0!
#856500 1"
#856750 0*
#857750 1*
#858375 1!
#858625 0*
#859625 1*
#859750 10
#860750 1) 1-
#861000 0! 0$ 1% 0& 1'
#861875 0)
#862000 0" 0' 0(
#862125 1&
#862375 0*
#863375 1*
#863500 1)
#863750 0&
#863875 1! 1" 1' 0,
#864625 0)
#864875 0! 0" 0# 0% 0'
#865125 0*
#866125 1*
#866375 1)
#866625 1!
#866750 1,
#867375 0-
#867500 0)
#867625 0!
#867750 1% 1& 1(
#868000 0*
#869000 1*
#869625 1!
#869875 0*
#870875 1*
#871375 0!
#871500 1"
#871750 0*
#872750 1*
#873375 1!
#873625 0*
#874625 1*
#875750 1) 1-
#876000 0! 1# 0& 1'
#876875 0)
#877000 0" 0# 0' 0(
#877125 1$ 1&
#877250 0*
#878375 1*
#878500 1)
#878875 1! 1" 1# 1' 1(
#879625 0)
#881375 1)
#881625 0" 0# 0$ 0% 0& 0' 0(
#882375 0-
#882500 0)
#882625 0!
#882750 1# 1% 1& 1(
#883000 0*
#884000 1*
#884625 1!
#884875 0*
#885875 1*
#886375 0!
#886500 1"
#886625 0*
#887750 1*
#888375 1!
#888500 0*
#889625 1*
#890750 1) 1-
#891000 0! 0& 1'
#891875 0)
#892000 0" 0' 0(
#892125 1$ 1&
#892250 0*
#893375 1*
#893500 1)
#893750 0%
#893875 1! 1" 1' 1(
#894625 0)
#894875 1%
#895125 0+
#896125 1+
#896375 1)
#896625 0" 0# 0$ 0% 0& 0' 0(
#897375 0) 0-
#897625 0!
#897750 1$ 1% 1& 1(
#897875 0*
#899000 1*
#899625 1!
#899750 0*
#900875 1*
#901375 0!
#901500 1"
#901625 0*
#902750 1*
#903250 1!
#903500 0*
#904625 1*
#905750 1) 1-
#906000 0! 1# 0$ 0& 1'
#906750 0)
#907000 0" 0# 0% 0(
#907250 0*
#908250 1*
#908500 1)
#908750 0'
#908875 1! 1" 1# 1%
#909625 0)
#909750 0!
#909875 0" 0# 0%
#910125 0*
#911125 1*
#911375 1)
#911625 1!
#912375 0) 0-
#912625 0!
#912750 1# 1$ 1% 1& 1(
#912875 0*
#913875 1*
#914500 1!
#914750 0*
#915750 1*
#916375 0!
#916500 1"
#916625 0*
#917625 1*
#918250 1!
#918500 0*
#919500 1*
#920750 1) 1-
#921000 0! 0$ 0& 1'
#921750 0)
#922000 0" 0% 0(
#922250 0*
#923250 1*
#923500 1)
#923875 1! 1" 1$ 1% 1& 1(
#924625 0)
#926375 1)
#926625 0" 0# 0$ 0% 0& 0' 0(
#927375 0) 0-
#927625 0! 1' 1(
#927875 0*
#928875 1*
#929500 1!
#929750 0*
#930750 1*
#931375 0! 1"
#931625 0*
#932625 1*
#933250 1!
#933500 0*
#934500 1*
#935625 1)
#935750 1-
#935875 0!
#936000 1# 1%
#936625 00
#936750 0)
#937000 0" 0# 1$ 0% 0(
#937250 0*
#938250 1*
#938500 1)
#938750 0$
#938875 1! 1" 1# 1%
#939625 0)
#939750 0! 0" 0# 0% 0'
#940125 0*
#941125 1*
#941250 1)
#941625 1!
#942375 0) 0-
#942625 0! 1# 1' 1(
#942875 0*
#943625 10
#943875 1*
#944500 1!
#944750 0*
#945750 1*
#946375 0! 1"
#946625 0*
#947625 1*
#948250 1!
#948500 0*
#949500 1*
#950625 1)
#950750 1-
#950875 0!
#951000 1%
#951750 0)
#952000 0" 1$ 0% 0(
#952250 0*
#953250 1*
#953500 1)
#953750 0# 0$ 1% 1& 1(
#954625 0)
#954875 1! 1" 1# 1$
#955125 0*
#956125 1*
#956250 1)
#956500 0# 0$ 0% 0&
#956625 0" 0' 0(
#957375 0) 0-
#957625 0! 1$ 1' 1(
#957875 0*
#958875 1*
#959500 1!
#959750 0*
#960750 1*
#961250 0!
#961375 1"
#961625 0*
#962625 1*
#963250 1!
#963500 0*
#964500 1*
#965625 1)
#965750 1-
#965875 0! 0$
#966000 1# 1%
#966750 0)
#967000 0" 0# 0(
#967250 0*
#968250 1*
#968500 1)
#968750 1! 1" 1#
#968875 0,
#969500 0)
#969750 0! 0" 0# 0% 0'
#970000 0*
#971000 1*
#971250 1)
#971625 1! 1,
#972375 0) 0-
#972500 0!
#972625 1# 1$ 1' 1(
#972875 0*
#973875 1*
#974500 1!
#974750 0*
#975750 1*
#976250 0!
#976375 1"
#976625 0*
#977625 1*
#978250 1!
#978500 0*
#979500 1*
#980625 1) 1-
#980875 0! 0$
#981000 1%
#981750 0)
#981875 0(
#982000 0"
#982250 0*
#983250 1*
#983500 1)
#983750 1! 1" 1$ 1& 1(
#984500 0)
#986250 1)
#986500 0" 0# 0$ 0% 0& 0' 0(
#987250 0-
#987375 0)
#987500 0!
#987625 1% 1' 1(
#987875 0*
#988875 1*
#989500 1!
#989750 0*
#990750 1*
#991250 0!
#991375 1"
#991625 0*
#992625 1*
#993250 1!
#993500 0*
#994500 1*
#995625 1) 1-
#995875 0!
#996000 1#
#996750 0)
#996875 0" 0# 0(
#997000 1$
#997250 0*
#998250 1*
#998375 1)
#998750 1! 1" 1# 1& 1(
#999500 0)
#1001250 1)
#1001500 0" 0# 0$ 0% 0& 0' 0(
#1002250 0-
#1002375 0)
#1002500 0!
#1002625 1# 1% 1' 1(
#1002875 0*
#1003875 1*
#1004500 1!
#1004750 0*
#1005750 1*
#1006250 0!
#1006375 1"
#1006625 0*
#1007625 1*
#1008250 1!
#1008500 0*
#1009500 1*
#1010625 1) 1-
#1010875 0!
#1011750 0)
#1011875 0" 0(
#1012000 1$
#1012250 0*
#1013250 1*
#1013375 1)
#1013625 0# 0$
#1013750 1! 1& 1(
#1014500 0)
#1014750 1" 1# 1$
#1015000 0+
#1016000 1+
#1016250 1)
#1016500 0" 0# 0$ 0% 0& 0' 0(
#1017250 0-
#1017375 0)
#1017500 0!
#1017625 1$ 1% 1' 1(
#1017875 0*
#1018875 1*
#1019500 1!
#1019750 0*
#1020500 00
#1020750 1*
#1021250 0!
#1021375 1"
#1021625 0*
#1022625 1*
#1023250 1!
#1023500 0*
#1024500 1*
#1025625 1) 1-
#1025875 0! 0$
#1026000 1#
#1026750 0)
#1026875 0" 0# 0% 0(
#1027000 1&
#1027250 0*
#1027500 10
#1028250 1*
#1028375 1)
#1028750 1! 1" 1# 1$ 1% 1(
#1029500 0)
#1031250 1)
#1031500 0" 0# 0$ 0% 0& 0' 0(
#1032250 0-
#1032375 0)
#1032500 0!
#1032625 1# 1$ 1% 1' 1(
#1032875 0*
#1033875 1*
#1034500 1!
#1034750 0*
#1035750 1*
#1036250 0!
#1036375 1"
#1036625 0*
#1037625 1*
#1038250 1!
#1038500 0*
#1039500 1*
#1040625 1) 1-
#1040875 0! 0$
#1041750 0)
#1041875 0" 0% 0(
#1042000 1&
#1042125 0*
#1043250 1*
#1043375 1)
#1043625 0& 0'
#1043750 1! 1" 1%
#1044500 0)
#1044750 0! 0" 0# 0% 1(
#1045000 0*
#1046000 1*
#1046250 1)
#1046500 1! 0(
#1047250 0-
#1047375 0)
#1047500 0!
#1047625 1& 1' 1(
#1047875 0*
#1048875 1*
#1049500 1!
#1049750 0*
#1050750 1*
#1051250 0!
#1051375 1"
#1051625 0*
#1052625 1*
#1053250 1!
#1053500 0*
#1054500 1*
#1055625 1) 1-
#1055875 0! 1# 1% 0&
#1056750 0)
#1056875 0" 0# 0% 0(
#1057000 1$ 1&
#1057125 0*
#1058250 1*
#1058375 1)
#1058750 1! 1" 1# 1% 1(
#1059500 0)
#1061250 1)
#1061500 0" 0# 0$ 0% 0& 0' 0(
#1062250 0-
#1062375 0)
#1062500 0!
#1062625 1# 1& 1' 1(
#1062875 0*
#1063875 1*
#1064500 1!
#1064750 0*
#1065750 1*
#1066250 0!
#1066375 1"
#1066625 0*
#1067625 1*
#1068250 1!
#1068500 0*
#1069500 1*
#1070625 1) 1-
#1070875 0! 1% 0&
#1071750 0)
#1071875 0" 0% 0(
#1072000 1$ 1&
#1072250 0*
#1073250 1*
#1073375 1)
#1073625 0# 0$
#1073750 1" 1% 1(
#1074500 0)
#1074750 1! 1# 1$
#1075000 0*
#1076000 1*
#1076250 1)
#1076500 0" 0# 0$ 0% 0& 0' 0(
#1077250 0-
#1077375 0)
#1077500 0!
#1077625 1$ 1& 1' 1(
#1077875 0*
#1078875 1*
#1079500 1!
#1079750 0*
#1080750 1*
#1081250 0!
#1081375 1"
#1081625 0*
#1082625 1*
#1083250 1!
#1083500 0*
#1084500 1*
#1085625 1) 1-
#1085875 0! 0$ 0&
#1086000 1# 1%
#1086750 0)
#1086875 0" 0# 0(
#1087000 1&
#1087250 0*
#1088250 1*
#1088375 1)
#1088625 0&
#1088750 1! 1" 1#
#1089500 0)
#1089750 0! 0" 0# 0% 0' 1(
#1090000 0*
#1091000 1*
#1091250 1)
#1091500 1! 0(
#1092250 0-
#1092375 0)
#1092500 0!
#1092625 1# 1$ 1& 1' 1(
#1092875 0*
#1093875 1*
#1094500 1!
#1094750 0*
#1095750 1*
#1096250 0!
#1096375 1"
#1096625 0*
#1097625 1*
#1098250 1!
#1098500 0*
#1099500 1*
#1100625 1) 1-
#1100875 0! 0$ 0&
#1101000 1%
#1101750 0)
#1101875 0" 0(
#1102000 1&
#1102250 0*
#1103250 1*
#1103375 1)
#1103625 0&
#1103750 1! 1"
#1103875 0,
#1104375 00
#1104500 0)
#1104750 0! 0" 0# 0% 0' 1(
#1105000 0*
#1106000 1*
#1106250 1)
#1106500 1! 0(
#1106625 1,
#1107375 0) 0-
#1107500 0!
#1107625 1% 1& 1' 1(
#1107875 0*
#1108875 1*
#1109500 1!
#1109750 0*
#1110750 1*
#1111250 0!
#1111375 1" 10
#1111625 0*
#1112625 1*
#1113250 1!
#1113500 0*
#1114500 1*
#1115625 1) 1-
#1115875 0! 0&
#1116000 1#
#1116750 0)
#1116875 0# 0(
#1117000 0" 1$ 1&
#1117250 0*
#1118250 1*
#1118500 1)
#1118750 1! 1" 1# 1(
#1119500 0)
#1121250 1)
#1121500 0" 0# 0$ 0% 0& 0' 0(
#1122375 0) 0-
#1122500 0!
#1122625 1# 1% 1& 1' 1(
#1122875 0*
#1123875 1*
#1124500 1!
#1124750 0*
#1125750 1*
#1126250 0!
#1126375 1"
#1126625 0*
#1127625 1*
#1128250 1!
#1128500 0*
#1129500 1*
#1130625 1)
#1130750 1-
#1130875 0! 0&
#1131750 0)
#1132000 0" 1$ 1& 0(
#1132250 0*
#1133250 1*
#1133500 1)
#1133750 1! 1" 0# 0$ 1(
#1134625 0)
#1134875 1# 1$
#1135125 0+
#1136125 1+
#1136250 1)
#1136500 0" 0# 0$ 0% 0& 0'
#1136625 0(
#1137375 0) 0-
#1137625 0! 1$ 1% 1& 1' 1(
#1137875 0*
#1138875 1*
#1139500 1!
#1139750 0*
#1140750 1*
#1141375 0! 1"
#1141625 0*
#1142625 1*
#1143250 1!
#1143500 0*
#1144500 1*
#1145625 1)
#1145750 1-
#1146000 1#
#1146750 0)
#1147250 0+
#1148250 1+
#1148500 1)
#1148750 0$ 0& 0' 0(
#1149625 0)
#1149750 0! 0" 0# 0%
#1149875 1(
#1150125 0*
#1151125 1*
#1151250 1)
#1151500 0(
#1151625 1!
#1152375 0) 0-
#1152625 0! 1# 1$ 1% 1& 1' 1(
#1152875 0*
#1153875 1*
#1154500 1!
#1154750 0*
#1155750 1*
#1156375 0! 1"
#1156625 0*
#1157625 1*
#1158250 1!
#1158500 0*
#1159500 1*
#1160750 1) 1-
#1161000 0! 0$ 0&
#1161750 0)
#1162000 0" 0# 0% 0' 0(
#1162250 0*
#1163250 1*
#1163875 1!
#1164125 0*
#1165125 1*
#1165750 0!
#1165875 1"
#1166000 0*
#1166750 1)
#1167000 1*
#1167125 1# 1% 1' 1(
#1167875 0)
#1168125 0" 0% 0' 0(
#1168375 0*
#1169375 1*
#1170000 1!
#1170250 0*
#1171250 1*
#1171875 0! 1"
#1172125 0*
#1172875 1)
#1173125 1*
#1173250 1! 1% 1'
#1174000 0)
#1174250 0! 0" 0# 0% 0' 1(
#1174500 0*
#1175500 1*
#1175750 1)
#1176000 1$ 1% 1'
#1176750 0)
#1177000 1! 0$ 0% 0' 0(
#1177125 1"
#1177250 0*
#1178375 1*
#1179000 1%
#1179125 0*
#1180250 1*
#1180375 1)
#1180625 0! 0"
#1180750 1# 1' 1(
#1181500 0)
#1181750 1! 1" 0# 0% 0' 0(
#1182000 0*
#1183000 1*
#1183250 1)
#1183500 0! 0" 1% 1' 1(
#1183625 1$
#1184375 0)
#1184500 0$ 0% 0' 0(
#1184625 1! 1" 1&
#1184750 0*
#1185875 1*
#1186500 1%
#1186750 0*
#1187750 1*
#1187875 1)
#1188125 0! 0" 0&
#1188250 1# 1' 1( 00
#1189000 0)
#1189250 1! 1" 0# 0' 0(
#1189500 0*
#1190500 1*
#1190750 1)
#1191000 0! 1# 1' 1(
#1191875 0)
#1192000 0" 0# 0% 0' 0(
#1192125 1$
#1192375 0*
#1193375 1*
#1194000 1!
#1194250 0*
#1195125 10
#1195250 1*
#1195750 0!
#1195875 1"
#1196125 0*
#1196875 1)
#1197125 0$ 1( 1*
#1197250 1# 1% 1'
#1198000 0)
#1198125 0" 0% 0' 0(
#1198250 1$
#1198375 0*
#1199375 1*
#1200125 1!
#1200250 0*
#1201375 1*
#1201875 0!
#1202000 1"
#1202125 0*
#1203375 1)
#1203625 1*
#1204125 0$
#1204250 1! 1% 1' 0,
#1205000 0)
#1205125 0! 0" 0%
#1205250 0# 0' 1(
#1205500 0*
#1206500 1*
#1207125 1)
#1207500 1$ 1% 1' 1,
#1208250 0)
#1208875 0$ 0%
#1209000 1! 1" 0(
#1209250 0*
#1210250 1*
#1210875 1%
#1211125 0*
#1212125 1*
#1212375 1)
#1212500 0! 0"
#1212625 1# 1(
#1213375 0)
#1213625 1! 1" 0# 0% 0' 0(
#1213750 1&
#1213875 0*
#1214875 1*
#1215125 1)
#1215375 0! 0" 0&
#1215500 1$ 1% 1' 1(
#1216250 0)
#1216375 0$ 0% 0(
#1216500 1! 1" 1&
#1216750 0*
#1217750 1*
#1218375 1%
#1218625 0*
#1219625 1*
#1219875 1)
#1220000 0!
#1220125 0" 1# 0& 1(
#1220875 0)
#1221125 1! 0# 0' 0(
#1221250 1" 1&
#1221375 0*
#1222375 1*
#1222625 1)
#1222875 0! 0&
#1223000 1# 1' 1(
#1223750 0)
#1223875 0(
#1224000 0" 0# 0'
#1224250 0*
#1225250 1*
#1225875 1!
#1226125 0*
#1227125 1*
#1227625 0!
#1227750 1"
#1228000 0*
#1228750 1)
#1229000 1*
#1229125 1# 1' 1(
#1229875 0)
#1230000 0' 0(
#1230125 0"
#1230375 0*
#1231375 1*
#1232000 1!
#1232250 0*
#1233250 1*
#1233750 0!
#1233875 1"
#1234125 0*
#1234875 1)
#1235125 1! 1' 1( 1*
#1235250 1$ 1&
#1236000 0)
#1237625 1)
#1237875 0! 0" 0# 0&
#1238750 0)
#1239000 1! 1" 0$ 0% 0'
#1239250 0*
#1240250 1*
#1240875 1%
#1241125 0*
#1242125 1*
#1242375 1)
#1242625 0! 0" 1'
#1242750 1#
#1243500 0)
#1243625 0# 0% 0(
#1243750 1! 1"
#1244000 0*
#1245000 1*
#1245125 1)
#1245375 0! 0"
#1245500 1$ 1% 1(
#1246250 0)
#1246500 1! 1" 0$ 0% 1& 0'
#1246750 0*
#1247750 1*
#1248375 1%
#1248625 0*
#1249625 1*
#1249875 1)
#1250125 0! 0" 0& 1'
#1250250 1#
#1251000 0)
#1251125 0# 0(
#1251250 1! 1"
#1251500 0*
#1252500 1*
#1252625 1)
#1252875 0!
#1253000 1# 1(
#1253750 0)
#1254000 0" 0# 1$ 0' 0(
#1254250 0*
#1255250 1*
#1255875 1!
#1256125 0*
#1257125 1*
#1257750 0! 1"
#1258000 0*
#1258750 1)
#1259000 0$ 1*
#1259125 1# 1' 1(
#1259875 0)
#1260125 0" 1$ 0' 0(
#1260375 0*
#1261375 1*
#1262000 1!
#1262250 0*
#1263250 1*
#1263750 0!
#1263875 1"
#1264125 0*
#1264875 1)
#1265125 1*
#1265250 1! 1& 1' 1(
#1266000 0)
#1267625 1)
#1268000 0! 0" 0# 0&
#1268750 0)
#1269000 1! 1" 0$ 0%
#1269250 0*
#1270250 1*
#1270875 1%
#1271125 0*
#1272000 00
#1272125 1*
#1272375 1)
#1272625 0! 0"
#1272750 1#
#1273500 0)
#1273750 1! 1" 0# 0% 1& 0(
#1274000 0*
#1275000 1*
#1275250 1)
#1275375 0! 0"
#1275500 1$ 1% 0& 1(
#1276250 0)
#1276500 1! 0$ 0%
#1276625 1" 1&
#1276750 0*
#1277750 1*
#1278500 1%
#1278625 0*
#1279000 10
#1279625 1*
#1279875 1)
#1280125 0! 0" 0&
#1280250 1#
#1281000 0)
#1281250 1! 1" 0# 1& 0(
#1281500 0*
#1282500 1*
#1282750 1)
#1297875 0!
#1298000 0" 1$ 0& 0'
#1298750 0)
#1299000 0$ 0%
#1299250 0*
#1300250 1*
#1300500 1)
#1301750 1! 1" 1# 1$ 1% 1& 1' 1(
#1302500 0)
#1304250 1)
#1307375 0! 0$ 0&
#1308125 0)
#1308375 0" 0# 0% 0' 0(
#1308625 0*
#1309625 1*
#1309875 1)
#1310250 1! 1" 1# 1$ 1% 1& 1' 1(
#1311000 0)
#1312750 1)
#1313750 0)
#1314375 0+
#1315375 1+
#1316125 0+
#1317250 1+
#1318000 0+
#1319125 1+
#1319875 0+
#1321000 1+
#1322125 1)
#1322375 0! 0$ 0&
#1323125 0)
#1323375 0" 0% 0' 0(
#1323625 0*
#1324625 1*
#1324875 1)
#1325125 0#
#1325250 1$ 1% 1'
#1326000 0)
#1326125 0$ 0% 0'
#1326500 0*
#1327500 1*
#1327750 1)
#1328000 1"
#1328750 0) 0-
#1329000 0"
#1329250 0*
#1330250 1*
#1330875 1!
#1331125 0*
#1332125 1*
#1332750 0!
#1332875 1"
#1333000 0*
#1334000 1*
#1334625 1!
#1334875 0*
#1335875 1*
#1337125 1) 1-
#1337250 0!
#1337375 1# 1% 1' 1(
#1338125 0)
#1338375 0" 0# 1$ 0% 0' 0(
#1338625 0*
#1339625 1*
#1339875 1)
#1340250 1% 1' 0,
#1341000 0)
#1341125 0% 0'
#1341250 0$
#1341500 0*
#1342500 1*
#1342625 1)
#1343000 1"
#1343125 1,
#1343750 0) 0-
#1344000 0"
#1344125 1#
#1344250 0*
#1345250 1*
#1345875 1!
#1346125 0*
#1347125 1*
#1347750 0! 1"
#1348000 0*
#1349000 1*
#1349625 1!
#1349875 0*
#1350875 1*
#1352000 1)
#1352125 1-
#1352250 0!
#1352375 1% 1' 1(
#1353125 0)
#1353375 0" 1$ 0% 0' 0(
#1353625 0*
#1354625 1*
#1354875 1)
#1355125 0$ 1' 1(
#1355250 1% 1&
#1355875 00
#1356000 0)
#1356250 1! 1" 1$
#1356500 0*
#1357500 1*
#1357625 1)
#1358000 0! 0# 0$ 0% 0& 0' 0(
#1358750 0) 0-
#1359000 0" 1$
#1359250 0*
#1360250 1*
#1360875 1!
#1361125 0*
#1362125 1*
#1362750 0! 1"
#1362875 10
#1363000 0*
#1364000 1*
#1364625 1!
#1364875 0*
#1365875 1*
#1367000 1)
#1367125 1-
#1367250 0! 0$
#1367375 1# 1% 1' 1(
#1368125 0)
#1368375 0" 0# 0' 0(
#1368625 0*
#1369625 1*
#1369875 1)
#1370250 1$
#1371000 0)
#1371125 0$ 0%
#1371375 0*
#1372500 1*
#1372625 1)
#1373000 1"
#1373750 0) 0-
#1374000 0" 1# 1$
#1374250 0*
#1375250 1*
#1375875 1!
#1376125 0*
#1377125 1*
#1377625 0!
#1377750 1"
#1378000 0*
#1379000 1*
#1379625 1!
#1379875 0*
#1380875 1*
#1382000 1) 1-
#1382250 0! 0$
#1382375 1% 1' 1(
#1383125 0)
#1383250 0(
#1383375 0" 0'
#1383625 0*
#1384625 1*
#1384875 1)
#1385125 1! 1" 1$ 1& 1' 1(
#1385875 0)
#1387625 1)
#1387875 0! 0# 0$ 0% 0& 0' 0(
#1388750 0) 0-
#1388875 0"
#1389000 1%
#1389250 0*
#1390250 1*
#1390875 1!
#1391125 0*
#1392125 1*
#1392625 0!
#1392750 1"
#1393000 0*
#1394000 1*
#1394625 1!
#1394875 0*
#1395875 1*
#1397000 1) 1-
#1397250 0!
#1397375 1# 1' 1(
#1398125 0)
#1398250 0# 0' 0(
#1398375 0" 1$
#1398625 0*
#1399625 1*
#1399875 1)
#1400125 1'
#1400875 0)
#1401125 0$ 0% 0'
#1401375 0*
#1402375 1*
#1402625 1)
#1403000 1"
#1403750 0) 0-
#1403875 0"
#1404000 1# 1%
#1404250 0*
#1405250 1*
#1405875 1!
#1406125 0*
#1407125 1*
#1407625 0!
#1407750 1"
#1408000 0*
#1409000 1*
#1409625 1!
#1409875 0*
#1410875 1*
#1412000 1) 1-
#1412250 0! 1' 1(
#1413125 0)
#1413250 0" 0' 0(
#1413375 1$
#1413625 0*
#1414625 1*
#1414750 1)
#1415000 0$
#1415125 1! 1& 1' 1(
#1415875 0)
#1416125 1" 1$
#1416375 0+
#1417375 1+
#1417625 1)
#1417875 0! 0# 0$ 0% 0& 0' 0(
#1418625 0-
#1418750 0)
#1418875 0"
#1419000 1$ 1%
#1419250 0*
#1420250 1*
#1420875 1!
#1421125 0*
#1422125 1*
#1422625 0!
#1422750 1"
#1423000 0*
#1424000 1*
#1424625 1!
#1424875 0*
#1425875 1*
#1427000 1) 1-
#1427250 0! 0$ 1' 1(
#1427375 1#
#1428125 0)
#1428250 0" 0# 0% 0' 0(
#1428375 1&
#1428500 0*
#1429625 1*
#1429750 1)
#1430000 0&
#1430125 1$ 1% 1' 0,
#1430875 0)
#1431125 0$ 0% 0'
#1431375 0*
#1432375 1*
#1432625 1)
#1432875 1"
#1433000 1,
#1433625 0-
#1433750 0)
#1433875 0"
#1434000 1# 1$ 1%
#1434250 0*
#1435250 1*
#1435875 1!
#1436125 0*
#1437125 1*
#1437625 0!
#1437750 1"
#1437875 0*
#1439000 1*
#1439625 1!
#1439750 0* 00
#1440875 1*
#1442000 1) 1-
#1442250 0! 0$ 1' 1(
#1443125 0)
#1443250 0" 0% 0' 0(
#1443375 1&
#1443500 0*
#1444625 1*
#1444750 1)
#1445125 1! 1" 1$ 1% 1' 1(
#1445875 0)
#1446750 10
#1447625 1)
#1447875 0! 0# 0$ 0% 0& 0' 0(
#1448625 0) 0-
#1448875 0"
#1449000 1&
#1449125 0*
#1450250 1*
#1450875 1!
#1451000 0*
#1452125 1*
#1452625 0!
#1452750 1"
#1452875 0*
#1454000 1*
#1454500 1!
#1454750 0*
#1455750 1*
#1457000 1) 1-
#1457250 0! 1# 1% 0& 1' 1(
#1458000 0)
#1458250 0" 0# 0% 0' 0(
#1458375 1$ 1&
#1458500 0*
#1459500 1*
#1459750 1)
#1460125 1! 1" 1# 1% 1' 1(
#1460875 0)
#1462625 1)
#1462875 0! 0# 0$ 0% 0& 0' 0(
#1463625 0) 0-
#1463875 0"
#1464000 1# 1&
#1464125 0*
#1465125 1*
#1465750 1!
#1466000 0*
#1467000 1*
#1467625 0!
#1467750 1"
#1467875 0*
#1468875 1*
#1469500 1!
#1469750 0*
#1470750 1*
#1472000 1) 1-
#1472125 0!
#1472250 1% 0& 1' 1(
#1473000 0)
#1473250 0" 0% 1& 0' 0(
#1473375 1$
#1473500 0*
#1474500 1*
#1474750 1)
#1475000 0$
#1475125 1" 1% 1' 1(
#1475875 0)
#1476125 1! 1$
#1476375 0*
#1477375 1*
#1477625 1)
#1477875 0! 0# 0$ 0% 0& 0' 0(
#1478625 0) 0-
#1478875 0"
#1479000 1$ 1&
#1479125 0*
#1480125 1*
#1480750 1!
#1481000 0*
#1482000 1*
#1482625 0!
#1482750 1"
#1482875 0*
#1483875 1*
#1484500 1!
#1484750 0*
#1485750 1*
#1487000 1) 1-
#1487125 0!
#1487250 1# 0$ 1% 0& 1' 1(
#1488000 0)
#1488250 0" 0# 1& 0' 0(
#1488500 0*
#1489500 1*
#1489750 1)
#1490125 1! 1" 1# 1$ 1' 1(
#1490875 0)
#1492625 1)
#1492875 0! 0# 0$ 0% 0& 0' 0(
#1493625 0) 0-
#1493875 0"
#1494000 1# 1$ 1&
#1494125 0*
#1495125 1*
#1495750 1!
#1496000 0*
#1497000 1*
#1497625 0!
#1497750 1"
#1497875 0*
#1498875 1*
#1499500 1!
#1499750 0*
#1500750 1*
#1502000 1) 1-
#1502250 0! 0$ 1% 0& 1' 1(
#1503000 0)
#1503250 0" 1& 0' 0(
#1503500 0*
#1504500 1*
#1504750 1)
#1505000 0# 0&
#1505125 1$
#1505875 0)
#1506125 0$ 0% 1(
#1506375 0*
#1507375 1*
#1507625 1)
#1507750 0(
#1507875 1"
#1508625 0) 0-
#1508875 0"
#1509000 1% 1&
#1509125 0*
#1510125 1*
#1510750 1!
#1511000 0*
#1512000 1*
#1512625 0!
#1512750 1"
#1512875 0*
#1513875 1*
#1514500 1!
#1514750 0*
#1515750 1*
#1517000 1) 1-
#1517250 0! 1# 0& 1' 1(
#1518000 0)
#1518250 0" 0# 1& 0' 0(
#1518375 1$
#1518500 0*
#1519500 1*
#1519750 1)
#1520125 1! 1" 1# 1' 1(
#1520875 0)
#1522625 1)
#1522875 0! 0# 0$ 0% 0& 0' 0(
#1523625 0) 0- 00
#1523875 0"
#1524000 1# 1% 1&
#1524125 0*
#1525125 1*
#1525875 1!
#1526000 0*
#1527125 1*
#1527625 0!
#1527750 1"
#1527875 0*
#1529000 1*
#1529500 1!
#1529750 0*
#1530500 10
#1530875 1*
#1532000 1) 1-
#1532250 0! 0& 1' 1(
#1533125 0)
#1533250 0" 0' 0(
#1533375 1$ 1&
#1533500 0*
#1534625 1*
#1534750 1)
#1535000 0$
#1535125 1! 1" 1' 1(
#1535875 0)
#1536125 1$
#1536375 0+
#1537375 1+
#1537625 1)
#1537875 0! 0# 0$ 0% 0& 0' 0(
#1538625 0-
#1538750 0)
#1538875 0"
#1539000 1$ 1% 1&
#1539125 0*
#1540250 1*
#1540875 1!
#1541000 0*
#1542125 1*
#1542625 0!
#1542750 1"
#1543000 0*
#1544000 1*
#1544625 1!
#1544875 0*
#1545875 1*
#1547000 1) 1-
#1547250 0! 0$ 0& 1' 1(
#1547375 1#
#1548125 0)
#1548250 0" 0# 0% 0(
#1548625 0*
#1549625 1*
#1549750 1)
#1550125 1$ 1%
#1550875 0)
#1551125 0$ 0% 0' 1(
#1551375 0*
#1552375 1*
#1552625 1)
#1552875 0(
#1553000 1"
#1553625 0-
#1553750 0)
#1553875 0"
#1554000 1# 1$ 1% 1&
#1554250 0*
#1555250 1*
#1555875 1!
#1556125 0*
#1557125 1*
#1557625 0!
#1557750 1"
#1558000 0*
#1559000 1*
#1559625 1!
#1559875 0*
#1560875 1*
#1562000 1) 1-
#1562250 0! 0$ 0& 1' 1(
#1563125 0)
#1563250 0" 0% 0(
#1563625 0*
#1564625 1*
#1564750 1)
#1565000 0#
#1565125 1$ 1%
#1565250 0,
#1565875 0)
#1566125 0$ 0% 0' 1(
#1566375 0*
#1567375 1*
#1567625 1)
#1567875 0(
#1568000 1" 1,
#1568750 0) 0-
#1568875 0"
#1569000 1'
#1569250 0*
#1570250 1*
#1570875 1!
#1571125 0*
#1572125 1*
#1572625 0!
#1572750 1"
#1573000 0*
#1574000 1*
#1574625 1!
#1574875 0*
#1575875 1*
#1577000 1) 1-
#1577250 0!
#1577375 1# 1% 1(
#1578125 0)
#1578250 0(
#1578375 0" 0# 1$ 0%
#1578625 0*
#1579625 1*
#1579875 1)
#1580125 1! 1" 1# 1% 1& 1(
#1580875 0)
#1582625 1)
#1582875 0! 0# 0$ 0% 0& 0' 0(
#1583750 0) 0-
#1584000 0" 1# 1'
#1584250 0*
#1585250 1*
#1585875 1!
#1586125 0*
#1587125 1*
#1587625 0!
#1587750 1"
#1588000 0*
#1589000 1*
#1589625 1!
#1589875 0*
#1590875 1*
#1592000 1)
#1592125 1-
#1592250 0!
#1592375 1% 1(
#1593125 0)
#1593375 0" 1$ 0% 0(
#1593625 0*
#1594625 1*
#1594875 1)
#1595125 0# 1% 1& 1(
#1596000 0)
#1596250 1! 1" 1#
#1596500 0*
#1597500 1*
#1597625 1)
#1597875 0&
#1598000 0! 0# 0$ 0% 0' 0(
#1598750 0) 0-
#1599000 0" 1$ 1'
#1599250 0*
#1600250 1*
#1600875 1!
#1601125 0*
#1602125 1*
#1602750 0! 1"
#1603000 0*
#1604000 1*
#1604625 1!
#1604875 0*
#1605875 1*
#1607000 1)
#1607125 1-
#1607250 0!
#1607375 1# 0$ 1% 1( 00
#1608125 0)
#1608375 0" 0# 0(
#1608625 0*
#1609625 1*
#1609875 1)
#1610125 0'
#1610250 1$
#1611000 0)
#1611125 0$ 0%
#1611250 1(
#1611500 0*
#1612500 1*
#1612625 1)
#1612875 0(
#1613000 1"
#1613750 0) 0-
#1614000 0"
#1614125 1# 1$ 1'
#1614250 0*
#1614375 10
#1615250 1*
#1615875 1!
#1616125 0*
#1617125 1*
#1617750 0!
#1617875 1"
#1618000 0*
#1619000 1*
#1619625 1!
#1619875 0*
#1620875 1*
#1622125 1) 1-
#1622375 0! 0$ 1% 1(
#1623125 0)
#1623375 0" 0(
#1623625 0*
#1624625 1*
#1624875 1)
#1625250 1! 1" 1$ 1& 1(
#1626000 0)
#1627750 1)
#1628000 0! 0# 0$ 0% 0& 0' 0(
#1628750 0) 0-
#1629000 0"
#1629125 1% 1'
#1629250 0*
#1630375 1*
#1631000 1!
#1631125 0*
#1632250 1*
#1632750 0!
#1632875 1"
#1633000 0*
#1634125 1*
#1634750 1!
#1634875 0*
#1636000 1*
#1637125 1) 1-
#1637375 0! 1# 1(
#1638250 0)
#1638375 0" 0# 0(
#1638500 1$
#1638750 0*
#1639750 1*
#1639875 1)
#1641000 0)
#1641250 0$ 0% 0' 1(
#1641500 0*
#1642500 1*
#1642750 1)
#1643000 1" 0(
#1643750 0-
#1643875 0)
#1644000 0"
#1644125 1# 1% 1'
#1644375 0*
#1645375 1*
#1646000 1!
#1646250 0*
#1647250 1*
#1647750 0!
#1647875 1"
#1648125 0*
#1649125 1*
#1649750 1!
#1650000 0*
#1651000 1*
#1652125 1) 1-
#1652375 0! 1(
#1653250 0)
#1653375 0" 0(
#1653500 1$
#1653750 0*
#1654750 1*
#1654875 1)
#1655125 0#
#1655250 1! 1& 1(
#1656000 0)
#1656250 1" 1#
#1656500 0+
#1657500 1+
#1657750 1)
#1658000 0! 0# 0$ 0% 0& 0' 0(
#1658750 0-
#1658875 0)
#1659000 0"
#1659125 1$ 1% 1'
#1659375 0*
#1660375 1*
#1661000 1!
#1661250 0*
#1662250 1*
#1662750 0!
#1662875 1"
#1663125 0*
#1664125 1*
#1664750 1!
#1665000 0*
#1666000 1*
#1667125 1) 1-
#1667375 0! 0$
#1667500 1# 1(
#1668250 0)
#1668375 0# 0(
#1668500 0" 0% 1&
#1668750 0*
#1669750 1*
#1670000 1)
#1670125 0&
#1670250 1$ 1%
#1670375 0,
#1671000 0)
#1671250 0$ 0% 0' 1(
#1671500 0*
#1672500 1*
#1672750 1)
#1673000 0(
#1673125 1" 1,
#1673875 0) 0-
#1674000 0"
#1674125 1# 1$ 1% 1'
#1674375 0*
#1675375 1*
#1676000 1!
#1676250 0*
#1677250 1*
#1677750 0!
#1677875 1"
#1678125 0*
#1679125 1*
#1679750 1!
#1680000 0*
#1681000 1*
#1682125 1)
#1682250 1-
#1682375 0! 0$
#1682500 1(
#1683250 0)
#1683500 0" 0% 1& 0(
#1683750 0*
#1684750 1*
#1685000 1)
#1685250 1! 1" 1% 1(
#1685375 1$
#1686125 0)
#1687750 1)
#1688000 0$ 0% 0&
#1688125 0! 0# 0' 0(
#1688875 0) 0-
#1689125 0" 1& 1'
#1689375 0*
#1690375 1*
#1691000 1!
#1691250 0* 00
#1692250 1*
#1692875 0! 1"
#1693125 0*
#1694125 1*
#1694750 1!
#1695000 0*
#1696000 1*
#1697125 1)
#1697250 1-
#1697375 0! 0&
#1697500 1# 1% 1(
#1698250 0) 10
#1698500 0" 0# 1$ 0% 1& 0(
#1698750 0*
#1699750 1*
#1700000 1)
#1700250 1! 1(
#1700375 1" 1# 1%
#1701125 0)
#1702750 1)
#1703125 0! 0# 0$ 0% 0& 0' 0(
#1703875 0) 0-
#1704125 0" 1# 1& 1'
#1704375 0*
#1705375 1*
#1706000 1!
#1706250 0*
#1707250 1*
#1707875 0! 1"
#1708125 0*
#1709125 1*
#1709750 1!
#1710000 0*
#1711000 1*
#1712125 1)
#1712250 1-
#1712375 0! 0&
#1712500 1% 1(
#1713250 0)
#1713500 0" 1$ 0% 1& 0(
#1713750 0*
#1714750 1*
#1715000 1)
#1715250 0# 1(
#1715375 1" 1%
#1716125 0)
#1716375 1! 1#
#1716625 0*
#1717625 1*
#1717750 1)
#1718125 0! 0# 0$ 0% 0& 0' 0(
#1718875 0) 0-
#1719125 0" 1$ 1& 1'
#1719375 0*
#1720375 1*
#1721000 1!
#1721250 0*
#1722250 1*
#1722875 0! 1"
#1723125 0*
#1724125 1*
#1724750 1!
#1725000 0*
#1726000 1*
#1727125 1)
#1727250 1-
#1727375 0! 0&
#1727500 1# 0$ 1% 1(
#1728250 0)
#1728500 0" 0# 1& 0(
#1728750 0*
#1729750 1*
#1730000 1)
#1730250 1(
#1730375 1! 1" 1# 1$
#1731125 0)
#1732750 1)
#1733125 0! 0# 0$ 0% 0& 0' 0(
#1733875 0) 0-
#1734125 0" 1# 1$ 1& 1'
#1734375 0*
#1735375 1*
#1736000 1!
#1736250 0*
#1737250 1*
#1737875 0! 1"
#1738125 0*
#1739125 1*
#1739750 1!
#1740000 0*
#1741000 1*
#1742125 1)
#1742250 1-
#1742375 0! 0&
#1742500 0$ 1% 1(
#1743250 0)
#1743500 0" 1& 0(
#1743750 0*
#1744750 1*
#1745000 1)
#1745250 1! 0# 0& 0'
#1745375 1$
#1746125 0)
#1746250 0! 0$ 0%
#1746625 0*
#1747625 1*
#1747750 1)
#1748125 1"
#1748875 0) 0-
#1749125 0" 1% 1& 1'
#1749375 0*
#1750375 1*
#1751000 1!
#1751250 0*
#1752250 1*
#1752875 0! 1"
#1753125 0*
#1754125 1*
#1754750 1!
#1755000 0*
#1756000 1*
#1757125 1)
#1757250 1-
#1757375 0! 0&
#1757500 1# 1(
#1758250 0)
#1758500 0" 0# 1$ 1& 0(
#1758750 0*
#1759750 1*
#1760000 1)
#1760250 1! 1(
#1760375 1" 1#
#1761125 0)
#1762750 1)
#1763125 0! 0# 0$ 0% 0& 0' 0(
#1763875 0) 0-
#1764125 0" 1# 1% 1& 1'
#1764375 0*
#1765375 1*
#1766000 1!
#1766250 0*
#1767250 1*
#1767875 0! 1"
#1768125 0*
#1769125 1*
#1769750 1!
#1770000 0*
#1771000 1*
#1772125 1)
#1772250 1-
#1772375 0! 0&
#1772500 1(
#1773250 0)
#1773500 0" 1$ 1& 0(
#1773750 0*
#1774750 1*
#1775000 1)
#1775125 00
#1775250 1! 1" 0# 1(
#1776125 0)
#1776375 1#
#1776625 0+
#1777625 1+
#1777750 1)
#1778000 0# 0$ 0% 0& 0'
#1778125 0! 0(
#1778875 0) 0-
#1779125 0" 1$ 1% 1& 1'
#1779375 0*
#1780375 1*
#1781000 1!
#1781250 0*
#1782125 10
#1782250 1*
#1782750 0!
#1782875 1"
#1783125 0*
#1784125 1*
#1784750 1!
#1785000 0*
#1786000 1*
#1787125 1)
#1787250 1-
#1787500 1# 1(
#1788250 0)
#1788750 0+
#1789750 1+
#1790000 1)
#1790250 0" 0# 0& 0(
#1791000 0)
#1791250 0! 0$ 0% 0'
#1791500 0*
#1792500 1*
#1792750 1)
#1793125 1"
#1793875 0) 0-
#1794000 0"
#1794125 1# 1$ 1% 1& 1'
#1794375 0*
#1795375 1*
#1796000 1!
#1796250 0*
#1797250 1*
#1797750 0!
#1797875 1"
#1798125 0*
#1799125 1*
#1799750 1!
#1800000 0*
#1801000 1*
#1802125 1) 1-
#1802375 0! 0$ 0& 1(
#1803250 0)
#1803375 0(
#1803500 0" 0# 0% 0'
#1803750 0*
#1804750 1*
#1805375 1!
#1805625 0*
#1806625 1*
#1807125 0!
#1807250 1"
#1807500 0*
#1808250 1)
#1808500 1*
#1808625 1# 1% 1' 1(
#1809375 0)
#1809500 0" 0% 0' 0(
#1809750 0*
#1810875 1*
#1811500 1!
#1811625 0*
#1812750 1*
#1813250 0!
#1813375 1"
#1813500 0*
#1814375 1)
#1814500 0" 0# 1*
#1814625 1! 1$ 1% 1'
#1814750 0,
#1815375 0)
#1815625 0! 0$ 0% 0'
#1815875 0*
#1816875 1*
#1817125 1)
#1817375 1(
#1817500 1$ 1% 1' 1,
#1818250 0)
#1818375 0$ 0% 0' 0(
#1818500 1#
#1818750 0*
#1819750 1*
#1820375 1%
#1820625 0*
#1821625 1*
#1821750 1)
#1822125 1' 1(
#1822875 0)
#1823125 0% 0' 0(
#1823375 0*
#1824375 1*
#1824625 1)
#1824875 0# 1' 1(
#1825000 1$ 1%
#1825750 0)
#1825875 0$ 0% 0' 0(
#1826000 1# 1&
#1826250 0*
#1827250 1*
#1827875 1%
#1828125 0*
#1829125 1*
#1829250 1)
#1829500 0&
#1829625 1' 1(
#1830375 0)
#1830625 0' 0(
#1830875 0*
#1831875 1*
#1832125 1)
#1832375 1' 1(
#1832500 1"
#1833250 0)
#1833375 0" 0# 0% 0' 0(
#1833500 1$
#1833625 0*
#1834750 1*
#1835375 1!
#1835625 0*
#1836625 1*
#1837125 0!
#1837250 1"
#1837500 0*
#1838250 1)
#1838500 0$ 1' 1( 1*
#1838625 1# 1%
#1839250 0)
#1839500 0" 1$ 0% 0' 0(
#1839750 0*
#1840750 1*
#1841375 1!
#1841625 0*
#1842625 1*
#1843250 0! 1"
#1843500 0*
#1844750 1)
#1845000 1*
#1845500 1! 0" 0# 1%
#1846375 0)
#1846500 0! 0$ 0%
#1846750 0*
#1847875 1*
#1848500 1)
#1848875 1$ 1% 1' 1(
#1849625 0)
#1850250 0$ 0% 0(
#1850375 1#
#1850500 0*
#1851625 1*
#1852250 1%
#1852375 0*
#1853500 1*
#1853625 1)
#1854000 1(
#1854750 0)
#1854875 0(
#1855000 0% 1& 0'
#1855250 0*
#1856250 1*
#1856500 1)
#1856750 0# 1$ 1% 0& 1' 1(
#1857500 0)
#1857750 0$ 0% 0(
#1857875 1# 1&
#1858000 0*
#1859000 1* 00
#1859750 1%
#1859875 0*
#1860875 1*
#1861125 1)
#1861375 0&
#1861500 1(
#1862250 0)
#1862375 0(
#1862500 1& 0'
#1862750 0*
#1863750 1*
#1864000 1)
#1864250 1" 0& 1' 1(
#1865000 0)
#1865250 0" 0# 0' 0(
#1865500 0*
#1866000 10
#1866500 1*
#1867125 1!
#1867375 0*
#1868375 1*
#1869000 0!
#1869125 1"
#1869250 0*
#1870000 1)
#1870250 1*
#1870375 1# 1' 1(
#1871125 0)
#1871375 0" 0' 0(
#1871625 0*
#1872625 1*
#1873250 1!
#1873500 0*
#1874500 1*
#1875000 0!
#1875125 1"
#1875375 0*
#1876125 1)
#1876375 0" 0# 1*
#1876500 1! 1$ 1'
#1877250 0)
#1877375 0! 0$ 0'
#1877500 0%
#1877750 0*
#1878750 1*
#1878875 1)
#1879250 1$ 1% 1' 1(
#1880000 0)
#1880250 0$ 0% 0'
#1880375 1#
#1880500 0*
#1881500 1*
#1882125 1%
#1882375 0*
#1883375 1*
#1883625 1)
#1884000 1'
#1884750 0)
#1884875 0% 0(
#1885250 0*
#1886250 1*
#1886375 1)
#1886625 0#
#1886750 1$ 1% 1(
#1887500 0)
#1887750 1# 0$ 0% 1& 0'
#1888000 0*
#1889000 1*
#1889625 1%
#1889875 0*
#1890875 1*
#1891125 1)
#1891375 0& 1'
#1892250 0)
#1892375 0(
#1892750 0*
#1893750 1*
#1893875 1)
#1894250 1" 1(
#1895000 0)
#1895250 0" 0# 1$ 0' 0(
#1895500 0*
#1896500 1*
#1897125 1!
#1897375 0*
#1898375 1*
#1899000 0! 1"
#1899250 0*
#1900000 1)
#1900250 0$ 1*
#1900375 1# 1' 1(
#1901125 0)
#1901250 0(
#1901375 0" 1$ 0'
#1901625 0*
#1902625 1*
#1903250 1!
#1903500 0*
#1904500 1*
#1905000 0!
#1905125 1"
#1905375 0*
#1906125 1)
#1906375 1! 0" 0# 1*
#1906500 1' 0,
#1907250 0)
#1907375 0! 0$ 0% 0'
#1907750 0*
#1908750 1*
#1908875 1)
#1909250 1$ 1% 1' 1(
#1909375 1,
#1910000 0)
#1910250 1# 0$ 0%
#1910500 0*
#1911500 1*
#1912125 1%
#1912375 0*
#1913375 1*
#1913625 1)
#1914750 0)
#1914875 0% 0(
#1915000 1&
#1915250 0*
#1916250 1*
#1916375 1)
#1916625 0# 0&
#1916750 1$ 1% 1(
#1917500 0)
#1917750 1# 0$ 0% 1&
#1918000 0*
#1919000 1*
#1919625 1%
#1919875 0*
#1920875 1*
#1921125 1)
#1921375 0&
#1922250 0)
#1922375 0(
#1922500 1&
#1922750 0*
#1923750 1*
#1923875 1)
#1939250 1! 1" 1$ 1(
#1940000 0)
#1941750 1)
#1942875 00
#1943750 0)
#1945500 1)
#1948500 0!
#1948625 0$ 0&
#1949375 0)
#1949625 0" 0# 0% 0' 0(
#1949750 10
#1949875 0*
#1950875 1*
#1951125 1)
#1951500 1! 1" 1# 1$ 1% 1& 1' 1(
#1952250 0)
#1953875 1)
#1955000 0)
#1955500 0+
#1956500 1+
#1957375 0+
#1958375 1+
#1959250 0+
#1960250 1+
#1961125 0+
#1962125 1+
#1963250 1)
#1963625 0! 0$ 0&
#1964375 0)
#1964625 0" 0% 0' 0(
#1964875 0*
#1965875 1*
#1966125 1)
#1966500 1! 1" 1$ 1% 1& 1' 1(
#1967250 0)
#1968875 1)
#1969250 0! 0# 0$ 0% 0& 0' 0(
#1970000 0) 0-
#1970250 0" 1(
#1970500 0*
#1971500 1*
#1972125 1!
#1972375 0*
#1973375 1*
#1974000 0!
#1974125 1"
#1974250 0*
#1975250 1*
#1975875 1!
#1976125 0*
#1977125 1*
#1978375 1) 1-
#1978500 0!
#1978625 1# 1% 1'
#1979375 0)
#1979625 0" 0# 0% 0' 0(
#1979750 1$
#1979875 0*
#1980875 1*
#1981125 1)
#1981500 1! 1%
#1982250 0)
#1982375 0!
#1982500 0$ 0% 1(
#1982750 0*
#1983750 1*
#1984000 1)
#1984250 1" 0(
#1985000 0) 0-
#1985250 0" 1(
#1985375 1#
#1985500 0*
#1986500 1*
#1987250 1!
#1987375 0*
#1988500 1*
#1989000 0!
#1989125 1"
#1989250 0*
#1990375 1*
#1990875 1!
#1991125 0*
#1992250 1*
#1993375 1) 1-
#1993625 0! 1% 1'
#1994375 0)
#1994625 0" 0% 0' 0(
#1994750 1$
#1994875 0*
#1996000 1*
#1996125 1)
#1996500 1% 1& 1' 1(
#1997250 0)
#1997500 1! 1"
#1997750 0*
#1998750 1*
#1999000 1)
#1999250 0! 0# 0$ 0% 0& 0' 0(
#2000000 0-
#2000125 0)
#2000250 0"
#2000375 1$ 1(
#2000500 0*
#2001625 1*
#2002250 1!
#2002500 0*
#2003500 1*
#2004000 0!
#2004125 1"
#2004375 0*
#2005375 1*
#2006000 1!
#2006250 0*
#2007250 1*
#2008375 1) 1-
#2008625 0! 0$ 1'
#2008750 1# 1%
#2009500 0)
#2009625 0" 0# 0' 0(
#2010000 0*
#2011000 1*
#2011125 1)
#2011500 1! 1$ 1'
#2012250 0)
#2012500 0! 0$ 0% 0' 1(
#2012750 0*
#2013750 1*
#2014000 1)
#2014250 0(
#2014375 1"
#2015000 0-
#2015125 0)
#2015250 0"
#2015375 1# 1$ 1(
#2015625 0*
#2016625 1*
#2017250 1!
#2017500 0*
#2018500 1*
#2019000 0!
#2019125 1"
#2019375 0*
#2020375 1*
#2021000 1!
#2021250 0*
#2022250 1*
#2023375 1) 1-
#2023625 0! 0$
#2023750 1% 1'
#2024500 0)
#2024625 0" 0' 0(
#2025000 0*
#2026000 1*
#2026125 1)
#2026375 0#
#2026500 1! 1$ 1'
#2026625 0, 00
#2027250 0)
#2027500 0! 0$ 0% 0' 1(
#2027750 0*
#2028750 1*
#2029000 1)
#2029250 0(
#2029375 1" 1,
#2030125 0) 0-
#2030250 0"
#2030375 1% 1(
#2030625 0*
#2031625 1*
#2032250 1!
#2032500 0*
#2033500 1*
#2033625 10
#2034000 0!
#2034125 1"
#2034375 0*
#2035375 1*
#2036000 1!
#2036250 0*
#2037250 1*
#2038375 1) 1-
#2038625 0!
#2038750 1# 1'
#2039500 0)
#2039750 0" 0# 1$ 0' 0(
#2040000 0*
#2041000 1*
#2041250 1)
#2041500 1! 1" 1# 1& 1' 1(
#2042375 0)
#2044000 1)
#2044250 0# 0$ 0% 0& 0'
#2044375 0! 0(
#2045125 0) 0-
#2045375 0" 1# 1% 1(
#2045625 0*
#2046625 1*
#2047250 1!
#2047500 0*
#2048500 1*
#2049000 0!
#2049125 1"
#2049375 0*
#2050375 1*
#2051000 1!
#2051250 0*
#2052250 1*
#2053375 1)
#2053500 1-
#2053625 0!
#2053750 1'
#2054500 0)
#2054750 0" 1$ 0' 0(
#2055000 0*
#2056000 1*
#2056250 1)
#2056500 1' 1(
#2056625 1! 1&
#2057375 0)
#2057625 1"
#2057875 0+
#2058875 1+
#2059000 1)
#2059375 0! 0# 0$ 0% 0& 0' 0(
#2060125 0) 0-
#2060375 0" 1$ 1% 1(
#2060625 0*
#2061625 1*
#2062250 1!
#2062500 0*
#2063500 1*
#2064125 0! 1"
#2064375 0*
#2065375 1*
#2066000 1!
#2066250 0*
#2067250 1*
#2068375 1)
#2068500 1-
#2068625 0!
#2068750 1# 0$ 1'
#2069500 0)
#2069750 0" 0# 0% 1& 0' 0(
#2070000 0*
#2071000 1*
#2071250 1)
#2071500 0&
#2071625 1! 1$ 1%
#2072375 0)
#2072500 0! 0$ 0%
#2072625 1(
#2072875 0*
#2073875 1*
#2074000 1)
#2074250 0(
#2074375 1"
#2075125 0) 0-
#2075375 0" 1(
#2075500 1# 1$ 1%
#2075625 0*
#2076625 1*
#2077250 1!
#2077500 0*
#2078500 1*
#2079125 0!
#2079250 1"
#2079375 0*
#2080375 1*
#2081000 1!
#2081250 0*
#2082250 1*
#2083500 1) 1-
#2083750 0! 0$ 1'
#2084500 0)
#2084750 0" 0% 0' 0(
#2084875 1&
#2085000 0*
#2086125 1*
#2086250 1)
#2086625 1! 1" 1$ 1% 1' 1(
#2087375 0)
#2089125 1)
#2089375 0! 0# 0$ 0% 0& 0' 0(
#2090125 0) 0-
#2090375 0"
#2090500 1& 1(
#2090625 0*
#2091750 1*
#2092375 1!
#2092500 0*
#2093625 1*
#2094125 0!
#2094250 1"
#2094375 0*
#2095500 1*
#2096125 1!
#2096375 0*
#2097375 1*
#2098500 1) 1-
#2098750 0! 0& 1'
#2098875 1# 1%
#2099625 0)
#2099750 0" 0# 0% 0' 0(
#2099875 1$ 1&
#2100000 0*
#2101125 1*
#2101250 1)
#2101500 0&
#2101625 1! 1% 1'
#2102375 0)
#2102625 0! 0$ 0% 0' 1(
#2102875 0*
#2103875 1*
#2104125 1)
#2104375 0(
#2104500 1"
#2105125 0-
#2105250 0)
#2105375 0"
#2105500 1# 1& 1(
#2105750 0*
#2106750 1*
#2107375 1!
#2107625 0*
#2108625 1*
#2109125 0!
#2109250 1"
#2109500 0*
#2110500 1* 00
#2111125 1!
#2111375 0*
#2112375 1*
#2113500 1) 1-
#2113750 0! 0& 1'
#2113875 1%
#2114625 0)
#2114750 0" 0% 0' 0(
#2114875 1$ 1&
#2115125 0*
#2116125 1*
#2116250 1)
#2116625 1" 1% 1' 1(
#2117375 0)
#2117500 10
#2117625 1!
#2117875 0*
#2118875 1*
#2119125 1)
#2119375 0! 0# 0$ 0% 0& 0' 0(
#2120125 0-
#2120250 0)
#2120375 0"
#2120500 1$ 1& 1(
#2120750 0*
#2121750 1*
#2122375 1!
#2122625 0*
#2123625 1*
#2124125 0!
#2124250 1"
#2124500 0*
#2125500 1*
#2126125 1!
#2126375 0*
#2127375 1*
#2128500 1) 1-
#2128750 0! 0$ 0&
#2128875 1# 1% 1'
#2129625 0)
#2129750 0#
#2129875 0" 1& 0' 0(
#2130125 0*
#2131125 1*
#2131375 1)
#2131500 0&
#2131625 1! 1$ 1'
#2131750 0,
#2132375 0)
#2132625 0! 0$ 0% 0' 1(
#2132875 0*
#2133875 1*
#2134125 1)
#2134375 0(
#2134500 1" 1,
#2135250 0) 0-
#2135375 0"
#2135500 1# 1$ 1& 1(
#2135750 0*
#2136750 1*
#2137375 1!
#2137625 0*
#2138625 1*
#2139125 0!
#2139250 1"
#2139500 0*
#2140500 1*
#2141125 1!
#2141375 0*
#2142375 1*
#2143500 1)
#2143625 1-
#2143750 0! 0$ 0&
#2143875 1% 1'
#2144625 0)
#2144875 0" 1& 0' 0(
#2145125 0*
#2146125 1*
#2146375 1)
#2146625 1! 1" 1$ 1' 1(
#2147375 0)
#2149125 1)
#2149375 0! 0# 0$ 0% 0& 0' 0(
#2150250 0) 0-
#2150500 0" 1% 1& 1(
#2150750 0*
#2151750 1*
#2152375 1!
#2152625 0*
#2153625 1*
#2154125 0!
#2154250 1"
#2154500 0*
#2155500 1*
#2156125 1!
#2156375 0*
#2157375 1*
#2158500 1)
#2158625 1-
#2158750 0! 0&
#2158875 1# 1'
#2159625 0)
#2159875 0" 0# 1$ 1& 0' 0(
#2160125 0*
#2161125 1*
#2161375 1)
#2161625 1! 1" 1# 1' 1(
#2162500 0)
#2164125 1)
#2164375 0! 0# 0$ 0% 0& 0'
#2164500 0(
#2165250 0) 0-
#2165500 0" 1# 1% 1& 1(
#2165750 0*
#2166750 1*
#2167375 1!
#2167625 0*
#2168625 1*
#2169125 0!
#2169250 1"
#2169500 0*
#2170500 1*
#2171125 1!
#2171375 0*
#2172375 1*
#2173500 1)
#2173625 1-
#2173750 0! 0&
#2173875 1'
#2174625 0)
#2174875 0" 1$ 1& 0' 0(
#2175125 0*
#2176125 1*
#2176375 1)
#2176625 1! 1" 1' 1(
#2177500 0)
#2178000 0+
#2179000 1+
#2179125 1)
#2179375 0# 0$ 0% 0& 0'
#2179500 0! 0(
#2180250 0) 0-
#2180500 0" 1$ 1% 1& 1(
#2180750 0*
#2181750 1*
#2182375 1!
#2182625 0*
#2183625 1*
#2184125 0!
#2184250 1"
#2184500 0*
#2185500 1*
#2186125 1!
#2186375 0*
#2187375 1*
#2188500 1)
#2188625 1-
#2188750 0! 0$ 0&
#2188875 1# 1'
#2189625 0)
#2189875 0" 0# 0% 0(
#2190125 0*
#2191125 1*
#2191375 1)
#2191625 1! 1" 1# 1$ 1% 1& 1(
#2192375 0)
#2194125 1)
#2194375 0! 0# 0$ 0% 0& 0' 0( 00
#2195250 0) 0-
#2195500 0" 1# 1$ 1% 1& 1(
#2195750 0*
#2196750 1*
#2197375 1!
#2197625 0*
#2198625 1*
#2199125 0!
#2199250 1"
#2199500 0*
#2200500 1*
#2201125 1!
#2201375 0* 10
#2202375 1*
#2203500 1) 1-
#2203750 0! 0$ 0&
#2203875 1'
#2204625 0)
#2204875 0" 0% 0(
#2205125 0*
#2206125 1*
#2206375 1)
#2206625 1" 0# 1$ 1% 0'
#2207375 0)
#2207625 0" 0$ 0%
#2207875 0*
#2208875 1*
#2209125 1)
#2209500 1"
#2210250 0) 0-
#2210375 0"
#2210500 1' 1(
#2210750 0*
#2211750 1*
#2212375 1!
#2212625 0*
#2213625 1*
#2214125 0!
#2214250 1"
#2214500 0*
#2215500 1*
#2216125 1!
#2216375 0*
#2217375 1*
#2218500 1) 1-
#2218750 0!
#2218875 1# 1%
#2219625 0)
#2219750 0# 0%
#2219875 0" 1$ 0(
#2220125 0*
#2221125 1*
#2221375 1)
#2221625 1! 1" 1# 1% 1& 1(
#2222375 0)
#2224125 1)
#2224375 0! 0# 0$ 0% 0& 0' 0(
#2225125 0-
#2225250 0)
#2225375 0"
#2225500 1# 1' 1(
#2225750 0*
#2226750 1*
#2227375 1!
#2227625 0*
#2228625 1*
#2229125 0!
#2229250 1"
#2229500 0*
#2230500 1*
#2231125 1!
#2231375 0*
#2232375 1*
#2233500 1) 1-
#2233750 0!
#2233875 1%
#2234625 0)
#2234750 0" 0% 0(
#2234875 1$
#2235125 0*
#2236125 1*
#2236250 1)
#2236500 0# 0$ 0'
#2237375 0)
#2237625 1! 1# 1$ 1% 1&
#2237750 1"
#2237875 0*
#2238875 1*
#2239125 1)
#2239375 0! 0# 0$ 0% 0&
#2240125 0-
#2240250 0)
#2240375 0"
#2240500 1$ 1' 1(
#2240750 0*
#2241750 1*
#2242375 1!
#2242625 0*
#2243625 1*
#2244125 0!
#2244250 1"
#2244500 0*
#2245500 1*
#2246125 1!
#2246375 0*
#2247375 1*
#2248500 1) 1-
#2248750 0! 0$
#2248875 1# 1%
#2249625 0)
#2249750 0" 0# 0(
#2250125 0*
#2251125 1*
#2251250 1)
#2251625 1" 1$
#2252375 0)
#2252625 0" 0$ 0% 0'
#2252875 0*
#2253875 1*
#2254125 1)
#2254375 1"
#2255125 0-
#2255250 0)
#2255375 0"
#2255500 1# 1$ 1' 1(
#2255750 0*
#2256750 1*
#2257375 1!
#2257625 0*
#2258625 1*
#2259125 0!
#2259250 1"
#2259375 0*
#2260500 1*
#2261125 1!
#2261250 0*
#2262375 1*
#2263500 1) 1-
#2263750 0! 0$ 1%
#2264500 0)
#2264750 0" 0(
#2265000 0*
#2266125 1*
#2266250 1)
#2266500 0#
#2266625 1" 1$ 0,
#2267375 0)
#2267625 0" 0$ 0% 0'
#2267875 0*
#2268875 1*
#2269125 1)
#2269375 1"
#2269500 1,
#2270125 0) 0-
#2270375 0"
#2270500 1% 1' 1(
#2270625 0*
#2271625 1*
#2272375 1!
#2272500 0*
#2273500 1*
#2274125 0!
#2274250 1"
#2274375 0*
#2275375 1*
#2276000 1!
#2276250 0*
#2277250 1*
#2278250 00
#2278500 1) 1-
#2278625 0!
#2278750 1#
#2279500 0)
#2279750 0" 0# 0(
#2279875 1$
#2280000 0*
#2281000 1*
#2281250 1)
#2281625 1! 1" 1# 1& 1(
#2282375 0)
#2284125 1)
#2284375 0! 0# 0$ 0% 0& 0' 0(
#2285125 0) 0- 10
#2285375 0" 1' 1(
#2285500 1# 1%
#2285625 0*
#2286625 1*
#2287250 1!
#2287500 0*
#2288500 1*
#2289125 0! 1"
#2289375 0*
#2290375 1*
#2291000 1!
#2291250 0*
#2292250 1*
#2293500 1) 1-
#2293625 0!
#2294500 0)
#2294750 0" 1$ 0(
#2295000 0*
#2296000 1*
#2296250 1)
#2296500 1! 0# 0$ 0% 0'
#2297375 0)
#2297625 1" 1# 1$ 1% 1&
#2297875 0+
#2298875 1+
#2299000 1)
#2299250 0# 0% 0&
#2299375 0! 0$
#2300125 0) 0-
#2300375 0" 1$ 1% 1' 1(
#2300625 0*
#2301625 1*
#2302250 1!
#2302500 0*
#2303500 1*
#2304125 0! 1"
#2304375 0*
#2305375 1*
#2306000 1!
#2306250 0*
#2307250 1*
#2308375 1)
#2308500 1-
#2308625 0!
#2308750 1# 0$
#2309500 0)
#2309750 0" 0# 0% 1& 0(
#2310000 0*
#2311000 1*
#2311250 1)
#2311500 0& 0'
#2311625 1" 1$ 1%
#2312375 0)
#2312500 0" 0$ 0%
#2312875 0*
#2313875 1*
#2314000 1)
#2314375 1"
#2315125 0) 0-
#2315375 0" 1# 1$ 1% 1' 1(
#2315625 0*
#2316625 1*
#2317250 1!
#2317500 0*
#2318500 1*
#2319125 0! 1"
#2319375 0*
#2320375 1*
#2321000 1!
#2321250 0*
#2322250 1*
#2323375 1)
#2323500 1-
#2323625 0! 0$
#2324500 0)
#2324750 0" 0% 1& 0(
#2325000 0*
#2326000 1*
#2326250 1)
#2326500 1! 1(
#2326625 1" 1$ 1%
#2327375 0)
#2329000 1)
#2329250 0$ 0%
#2329375 0! 0# 0& 0' 0(
#2330125 0) 0-
#2330375 0" 1& 1' 1(
#2330625 0*
#2331625 1*
#2332250 1!
#2332500 0*
#2333500 1*
#2334000 0!
#2334125 1"
#2334375 0*
#2335375 1*
#2336000 1!
#2336250 0*
#2337250 1*
#2338375 1)
#2338500 1-
#2338625 0! 0&
#2338750 1# 1%
#2339500 0)
#2339750 0" 0# 1$ 0% 1& 0(
#2340000 0*
#2341000 1*
#2341250 1)
#2341500 1" 1% 0&
#2342375 0)
#2342500 0" 0$ 0% 0'
#2342750 0*
#2343875 1*
#2344000 1)
#2344375 1"
#2345125 0) 0-
#2345375 0" 1# 1& 1' 1(
#2345625 0*
#2346625 1*
#2347250 1!
#2347500 0*
#2348500 1*
#2349000 0!
#2349125 1"
#2349375 0*
#2350375 1*
#2351000 1!
#2351250 0*
#2352250 1*
#2353375 1)
#2353500 1-
#2353625 0! 0&
#2353750 1%
#2354500 0)
#2354750 0" 1$ 0% 1& 0(
#2355000 0*
#2356000 1*
#2356250 1)
#2356500 1" 0# 0$ 0& 0'
#2357250 0)
#2357625 1! 1# 1$ 1% 1&
#2357750 0*
#2358875 1*
#2359000 1)
#2359250 0! 0# 0$ 0% 0&
#2360125 0) 0-
#2360375 0" 1$ 1& 1' 1(
#2360625 0*
#2361625 1*
#2362125 00
#2362250 1!
#2362500 0*
#2363500 1*
#2364000 0!
#2364125 1"
#2364375 0*
#2365375 1*
#2366000 1!
#2366250 0*
#2367250 1*
#2368375 1)
#2368500 1-
#2368625 0! 0$ 0&
#2368750 1# 1%
#2369000 10
#2369500 0)
#2369750 0" 0# 1& 0(
#2370000 0*
#2371000 1*
#2371250 1)
#2371500 1" 1$ 0&
#2371625 0,
#2372250 0)
#2372500 0" 0$ 0% 0'
#2372750 0*
#2373875 1*
#2374000 1)
#2374375 1" 1,
#2375125 0) 0-
#2375250 0"
#2375375 1# 1$ 1& 1' 1(
#2375625 0*
#2376625 1*
#2377250 1!
#2377500 0*
#2378500 1*
#2379000 0!
#2379125 1"
#2379375 0*
#2380375 1*
#2381000 1!
#2381250 0*
#2382250 1*
#2383375 1)
#2383500 1-
#2383625 0! 0$ 0&
#2383750 1%
#2384500 0)
#2384750 0" 1& 0(
#2385000 0*
#2386000 1*
#2386250 1)
#2386500 1! 1" 1$ 1(
#2387375 0)
#2389000 1)
#2389250 0# 0$ 0% 0& 0'
#2389375 0! 0(
#2390125 0) 0-
#2390375 0" 1% 1& 1' 1(
#2390625 0*
#2391625 1*
#2392250 1!
#2392500 0*
#2393500 1*
#2394000 0!
#2394125 1"
#2394375 0*
#2395375 1*
#2396000 1!
#2396250 0*
#2397250 1*
#2398375 1)
#2398500 1-
#2398625 0! 0&
#2398750 1#
#2399500 0)
#2399750 0" 0# 1$ 1& 0(
#2400000 0*
#2401000 1*
#2401250 1)
#2401500 1! 1" 1(
#2401625 1#
#2402375 0)
#2404000 1)
#2404250 0&
#2404375 0! 0# 0$ 0% 0' 0(
#2405125 0) 0-
#2405375 0" 1# 1% 1& 1' 1(
#2405625 0*
#2406625 1*
#2407250 1!
#2407500 0*
#2408500 1*
#2409125 0! 1"
#2409375 0*
#2410375 1*
#2411000 1!
#2411250 0*
#2412250 1*
#2413375 1)
#2413500 1-
#2413625 0! 0&
#2414500 0)
#2414750 0" 1$ 1& 0(
#2415000 0*
#2416000 1*
#2416250 1)
#2416500 1! 1" 0# 0$ 0% 0& 0'
#2417375 0)
#2417625 1# 1$ 1% 1&
#2417875 0+
#2418875 1+
#2419000 1)
#2419250 0! 0# 0$ 0% 0&
#2420125 0) 0-
#2420375 0" 1$ 1% 1& 1' 1(
#2420625 0*
#2421625 1*
#2422250 1!
#2422500 0*
#2423500 1*
#2424125 0! 1"
#2424375 0*
#2425375 1*
#2426000 1!
#2426250 0*
#2427250 1*
#2428375 1)
#2428500 1-
#2428750 1#
#2429500 0)
#2430000 0+
#2431000 1+
#2431250 1)
#2432375 0)
#2434000 1)
#2434375 0! 0# 0$ 0% 0& 0' 0(
#2435125 0) 0-
#2435375 0" 1& 1' 1(
#2435500 1# 1$ 1%
#2435625 0*
#2436625 1*
#2437250 1!
#2437500 0*
#2438500 1*
#2439125 0!
#2439250 1"
#2439375 0*
#2440375 1*
#2441000 1!
#2441250 0*
#2442250 1*
#2443500 1) 1-
#2443750 0! 0$ 0&
#2444500 0)
#2444750 0" 0# 0% 0' 0(
#2445000 0*
#2445875 00
#2446000 1*
#2446625 1!
#2446875 0*
#2447875 1*
#2448500 0!
#2448625 1"
#2448750 0*
#2449500 1)
#2449750 1*
#2449875 1# 1% 1' 1(
#2450625 0)
#2450875 0" 0% 0' 0(
#2451125 0*
#2452125 1*
#2452750 1!
#2452875 10
#2453000 0*
#2454000 1*
#2454625 0! 1"
#2454875 0*
#2455625 1)
#2455875 0# 1*
#2456000 1$ 1%
#2456750 0)
#2457000 0" 0$ 0% 1(
#2457250 0*
#2458250 1*
#2458500 1)
#2458750 1$ 1% 1'
#2459625 0)
#2459750 0$ 0% 0' 0(
#2459875 1! 1#
#2460000 0*
#2461125 1*
#2461750 1%
#2461875 0*
#2463000 1*
#2463125 1)
#2463375 0!
#2463500 1' 1(
#2464250 0)
#2464500 1! 0% 0' 0(
#2464750 0*
#2465750 1*
#2466000 1)
#2466250 0! 0# 1% 1' 1(
#2466375 1$
#2467125 0)
#2467250 0$ 0% 0' 0(
#2467375 1! 1# 1&
#2467625 0*
#2468625 1*
#2469250 1%
#2469500 0*
#2470500 1*
#2470625 1)
#2470875 0! 0&
#2471000 1' 1(
#2471750 0)
#2472000 1! 0' 0(
#2472250 0*
#2473250 1*
#2473500 1)
#2473750 0! 1' 1(
#2473875 1"
#2474625 0)
#2474750 0" 0# 0% 0' 0(
#2474875 1$
#2475125 0*
#2476125 1*
#2476750 1!
#2477000 0*
#2478000 1*
#2478500 0!
#2478625 1"
#2478875 0*
#2479625 1)
#2479875 0$ 1( 1*
#2480000 1# 1% 1'
#2480750 0)
#2480875 0" 0% 0' 0(
#2481000 1$
#2481125 0*
#2482250 1*
#2482875 1!
#2483000 0*
#2484125 1*
#2484625 0!
#2484750 1"
#2485000 0*
#2486125 1)
#2486375 1*
#2486875 0#
#2487000 1% 1'
#2487750 0)
#2487875 0%
#2488000 0" 0$ 0' 1(
#2488250 0*
#2489250 1*
#2489875 1)
#2490250 1$ 1% 1'
#2491000 0)
#2491625 0%
#2491750 1! 1# 0$ 0(
#2492000 0*
#2493000 1*
#2493625 1%
#2493875 0*
#2494875 1*
#2495125 1)
#2495250 0!
#2495375 1(
#2496125 0)
#2496375 1! 0% 0' 0(
#2496500 1&
#2496625 0*
#2497750 1*
#2497875 1)
#2498125 0! 0# 0&
#2498250 1$ 1% 1' 1(
#2499000 0)
#2499125 0(
#2499250 1! 1# 0$ 0% 1&
#2499500 0*
#2500500 1*
#2501125 1%
#2501375 0*
#2502375 1*
#2502625 1)
#2502875 0! 0& 1(
#2503750 0)
#2503875 0' 0(
#2504000 1! 1&
#2504125 0*
#2505250 1*
#2505375 1)
#2505625 0! 0&
#2505750 1" 1' 1(
#2506500 0)
#2506750 0" 0# 0' 0(
#2507000 0*
#2508000 1*
#2508625 1!
#2508875 0*
#2509875 1*
#2510500 0! 1"
#2510750 0*
#2511500 1)
#2511750 1*
#2511875 1# 1' 1(
#2512625 0)
#2512750 0' 0(
#2512875 0"
#2513125 0*
#2514125 1*
#2514750 1!
#2515000 0*
#2516000 1*
#2516500 0!
#2516625 1"
#2516875 0*
#2517625 1)
#2517875 0# 1*
#2518000 1$ 1' 0,
#2518750 0)
#2518875 0" 0$ 0% 0'
#2519000 1(
#2519250 0*
#2520250 1*
#2520375 1)
#2520750 1$ 1% 1'
#2520875 1,
#2521500 0)
#2521750 1! 0$ 0% 0'
#2521875 1#
#2522000 0*
#2523000 1*
#2523625 1%
#2523875 0*
#2524875 1*
#2525125 1)
#2525375 0!
#2525500 1'
#2526250 0)
#2526375 0(
#2526500 1! 0%
#2526750 0*
#2527750 1*
#2527875 1)
#2528125 0!
#2528250 0# 1$ 1% 1(
#2529000 0)
#2529250 1! 0$ 0% 0'
#2529375 1# 1&
#2529500 0*
#2529750 00
#2530500 1*
#2531125 1%
#2531375 0*
#2532375 1*
#2532625 1)
#2532875 0! 0&
#2533000 1'
#2533750 0)
#2533875 0(
#2534000 1!
#2534250 0*
#2535250 1*
#2535500 1)
#2535625 0!
#2535750 1" 1(
#2536500 0)
#2536750 0" 0# 0' 0( 10
#2536875 1$
#2537000 0*
#2538000 1*
#2538750 1!
#2538875 0*
#2539875 1*
#2540500 0!
#2540625 1"
#2540750 0*
#2541500 1)
#2541750 0$ 1*
#2541875 1# 1' 1(
#2542625 0)
#2542875 0" 1$ 0' 0(
#2543125 0*
#2544125 1*
#2544750 1!
#2545000 0*
#2546000 1*
#2546625 0! 1"
#2546875 0*
#2547625 1)
#2547875 0# 1*
#2548750 0)
#2549000 0" 0$ 0% 1(
#2549250 0*
#2550250 1*
#2550500 1)
#2550750 1$ 1% 1'
#2551625 0)
#2551750 0$ 0%
#2551875 1! 1#
#2552000 0*
#2553125 1*
#2553750 1%
#2554000 0*
#2555000 1*
#2555125 1)
#2555375 0!
#2556250 0)
#2556500 1! 0% 1& 0(
#2556750 0*
#2557750 1*
#2558000 1)
#2558250 0! 0# 1% 0& 1(
#2558375 1$
#2559125 0)
#2559250 0$ 0%
#2559375 1! 1# 1&
#2559625 0*
#2560625 1*
#2561250 1%
#2561500 0*
#2562500 1*
#2562625 1)
#2562875 0! 0&
#2563750 0)
#2564000 1! 1& 0(
#2564250 0*
#2565250 1*
#2565500 1)
#2580750 0! 0# 0&
#2580875 1" 1$
#2581625 0)
#2581750 0" 0$ 0% 0'
#2581875 1(
#2582125 0*
#2583125 1*
#2583250 1)
#2584625 1! 1" 1# 1$ 1% 1& 1'
#2585375 0)
#2587000 1)
#2590125 0! 0$ 0&
#2591000 0)
#2591125 0" 0# 0% 0' 0(
#2591500 0*
#2592500 1*
#2592625 1)
#2593000 1" 1$ 1% 1'
#2593125 0,
#2593750 0)
#2594000 0" 0$ 0% 0' 1(
#2594250 0*
#2595250 1*
#2595500 1)
#2595875 1! 1" 1# 1$ 1% 1& 1' 1,
#2596625 0)
#2597125 0+
#2598125 1+
#2599000 0+
#2600000 1+
#2600875 0+
#2601875 1+
#2602750 0+
#2603750 1+
#2604875 1)
#2605125 0! 0$ 0&
#2606000 0)
#2606125 0% 0' 0(
#2606250 0"
#2606500 0*
#2607500 1*
#2607625 1)
#2608000 1! 1" 1$ 1% 1& 1' 1(
#2608750 0)
#2610500 1)
#2610750 0# 0$ 0% 0& 0' 0(
#2611625 0) 0-
#2611750 0! 0"
#2612125 0*
#2613125 1*
#2613625 00
#2613750 1!
#2614000 0*
#2615000 1*
#2615500 0!
#2615625 1"
#2615875 0*
#2616875 1*
#2617500 1!
#2617750 0*
#2618750 1*
#2619875 1) 1-
#2620125 0! 1(
#2620250 1# 1% 1'
#2620625 10
#2621000 0)
#2621125 0# 0% 0' 0(
#2621250 0" 1$
#2621500 0*
#2622500 1*
#2622625 1)
#2623000 1! 1" 1# 1% 1& 1' 1(
#2623750 0)
#2625500 1)
#2625750 0# 0$ 0% 0& 0' 0(
#2626500 0-
#2626625 0)
#2626750 0! 0"
#2626875 1#
#2627125 0*
#2628125 1*
#2628750 1!
#2629000 0*
#2630000 1*
#2630500 0!
#2630625 1"
#2630875 0*
#2631875 1*
#2632500 1!
#2632750 0*
#2633750 1*
#2634875 1) 1-
#2635125 0! 1(
#2635250 1% 1'
#2636000 0)
#2636125 0" 0% 0' 0(
#2636250 1$
#2636500 0*
#2637500 1*
#2637625 1)
#2637875 0$
#2638750 0)
#2639000 1! 1" 1$ 1% 1&
#2639250 0*
#2640250 1*
#2640500 1)
#2640750 0# 0$ 0% 0&
#2641500 0-
#2641625 0)
#2641750 0! 0"
#2641875 1$
#2642125 0*
#2643125 1*
#2643750 1!
#2644000 0*
#2645000 1*
#2645500 0!
#2645625 1"
#2645875 0*
#2646875 1*
#2647500 1!
#2647750 0*
#2648750 1*
#2649875 1) 1-
#2650125 0! 0$ 1' 1(
#2650250 1# 1%
#2651000 0)
#2651125 0" 0# 0' 0(
#2651500 0*
#2652500 1*
#2652625 1)
#2653000 1! 1" 1# 1$ 1& 1' 1(
#2653750 0)
#2655500 1)
#2655750 0# 0$ 0% 0& 0' 0(
#2656500 0-
#2656625 0)
#2656750 0! 0"
#2656875 1# 1$
#2657125 0*
#2658125 1*
#2658750 1!
#2659000 0*
#2660000 1*
#2660500 0!
#2660625 1"
#2660875 0*
#2661875 1*
#2662500 1!
#2662750 0*
#2663750 1*
#2664875 1) 1-
#2665125 0! 0$ 1% 1' 1(
#2666000 0)
#2666125 0" 0' 0(
#2666375 0*
#2667500 1*
#2667625 1)
#2667875 0#
#2668000 1! 1" 1$
#2668750 0)
#2669000 0! 0" 0$ 0%
#2669250 0*
#2670250 1*
#2670500 1)
#2670750 1! 1"
#2671500 0) 0-
#2671750 0! 0"
#2671875 1%
#2672000 0*
#2673125 1*
#2673750 1!
#2673875 0*
#2675000 1*
#2675500 0!
#2675625 1"
#2675750 0*
#2676875 1*
#2677375 1!
#2677625 0*
#2678625 1*
#2679875 1) 1-
#2680000 0!
#2680125 1# 1' 1(
#2680875 0)
#2681125 0" 0# 0' 0(
#2681250 1$
#2681375 0*
#2682375 1*
#2682625 1)
#2683000 1! 1" 1# 1& 1' 1(
#2683750 0)
#2685500 1)
#2685750 0# 0$ 0% 0& 0' 0(
#2686500 0) 0-
#2686750 0! 0"
#2686875 1# 1%
#2687000 0*
#2688000 1*
#2688625 1!
#2688875 0*
#2689875 1*
#2690500 0!
#2690625 1"
#2690750 0*
#2691750 1*
#2692375 1!
#2692625 0*
#2693625 1*
#2694875 1) 1-
#2695000 0!
#2695125 1' 1(
#2695875 0)
#2696125 0" 1$ 0' 0(
#2696375 0*
#2697375 1*
#2697500 00
#2697625 1)
#2697875 0$ 0%
#2698000 1!
#2698750 0)
#2699000 1" 1$ 1% 1&
#2699250 0+
#2700250 1+
#2700375 1)
#2700625 0$ 0% 0&
#2700750 0#
#2701500 0) 0-
#2701750 0! 0" 1$ 1%
#2702000 0*
#2703000 1*
#2703625 1!
#2703875 0*
#2704375 10
#2704875 1*
#2705500 0! 1"
#2705750 0*
#2706750 1*
#2707375 1!
#2707625 0*
#2708625 1*
#2709750 1)
#2709875 1-
#2710000 0!
#2710125 1# 0$ 1' 1(
#2710875 0)
#2711125 0" 0# 0% 1& 0' 0(
#2711375 0*
#2712375 1*
#2712625 1)
#2712875 0&
#2713000 1! 1" 1$ 1% 1'
#2713750 0)
#2713875 0! 0" 0$ 0% 0'
#2714250 0*
#2715250 1*
#2715375 1)
#2715750 1! 1"
#2716500 0) 0-
#2716750 0! 0" 1# 1$ 1%
#2717000 0*
#2718000 1*
#2718625 1!
#2718875 0*
#2719875 1*
#2720500 0! 1"
#2720750 0*
#2721750 1*
#2722375 1!
#2722625 0*
#2723625 1*
#2724750 1)
#2724875 1-
#2725000 0! 0$
#2725125 1' 1(
#2725875 0)
#2726125 0" 0% 1& 0' 0(
#2726375 0*
#2727375 1*
#2727625 1)
#2727875 1! 1" 0# 0& 1'
#2728000 1$ 1% 0,
#2728750 0)
#2728875 0! 0" 0$ 0% 0'
#2729125 0*
#2730250 1*
#2730375 1)
#2730750 1! 1" 1,
#2731500 0) 0-
#2731625 0! 0"
#2731750 1&
#2732000 0*
#2733000 1*
#2733625 1!
#2733875 0*
#2734875 1*
#2735375 0!
#2735500 1"
#2735750 0*
#2736750 1*
#2737375 1!
#2737625 0*
#2738625 1*
#2739750 1)
#2739875 1-
#2740000 0! 0&
#2740125 1# 1% 1' 1(
#2740875 0)
#2741000 0(
#2741125 0" 0# 1$ 0% 1& 0'
#2741375 0*
#2742375 1*
#2742625 1)
#2742875 1! 1" 1# 1% 1' 1(
#2743625 0)
#2745375 1)
#2745625 0# 0$ 0% 0& 0' 0(
#2746500 0) 0-
#2746625 0! 0"
#2746750 1# 1&
#2747000 0*
#2748000 1*
#2748625 1!
#2748875 0*
#2749875 1*
#2750375 0!
#2750500 1"
#2750750 0*
#2751750 1*
#2752375 1!
#2752625 0*
#2753625 1*
#2754750 1) 1-
#2755000 0! 0&
#2755125 1% 1' 1(
#2755875 0)
#2756000 0' 0(
#2756125 0" 1$ 0% 1&
#2756375 0*
#2757375 1*
#2757625 1)
#2757750 0$ 0&
#2757875 1"
#2758625 0)
#2758875 1&
#2759000 1! 1$ 1%
#2759125 0*
#2760125 1*
#2760375 1)
#2760625 0# 0$ 0% 0&
#2761500 0) 0-
#2761625 0! 0"
#2761750 1$ 1&
#2762000 0*
#2763000 1*
#2763625 1!
#2763875 0*
#2764875 1*
#2765375 0!
#2765500 1"
#2765750 0*
#2766750 1*
#2767375 1!
#2767625 0*
#2768625 1*
#2769750 1) 1-
#2770000 0! 0$ 0& 1(
#2770125 1# 1% 1'
#2770875 0)
#2771000 0" 0# 0' 0(
#2771125 1&
#2771375 0*
#2772375 1*
#2772500 1)
#2772750 0&
#2772875 1! 1" 1$
#2773625 0)
#2773875 0! 0" 0$ 0%
#2774125 0*
#2775125 1*
#2775375 1)
#2775625 1!
#2775750 1"
#2776500 0) 0-
#2776625 0! 0"
#2776750 1# 1$ 1&
#2777000 0*
#2778000 1*
#2778625 1!
#2778875 0*
#2779875 1*
#2780375 0!
#2780500 1"
#2780750 0*
#2781250 00
#2781750 1*
#2782375 1!
#2782625 0*
#2783625 1*
#2784750 1) 1-
#2785000 0! 0$ 0& 1' 1(
#2785125 1%
#2785875 0)
#2786000 0" 0' 0(
#2786125 1&
#2786375 0*
#2787375 1*
#2787500 1)
#2787875 1! 1" 1$ 1' 1(
#2788250 10
#2788625 0)
#2790375 1)
#2790625 0# 0$ 0% 0& 0' 0(
#2791375 0-
#2791500 0)
#2791625 0! 0"
#2791750 1% 1&
#2792000 0*
#2793000 1*
#2793625 1!
#2793875 0*
#2794875 1*
#2795375 0!
#2795500 1"
#2795750 0*
#2796750 1*
#2797375 1!
#2797625 0*
#2798625 1*
#2799750 1) 1-
#2800000 0! 0& 1' 1(
#2800125 1#
#2800875 0)
#2801000 0" 0# 0' 0(
#2801125 1$ 1&
#2801375 0*
#2802375 1*
#2802500 1)
#2802750 0&
#2802875 1! 1" 1'
#2803625 0)
#2803875 0! 0" 0$ 0% 0'
#2804125 0*
#2805125 1*
#2805375 1)
#2805625 1!
#2805750 1"
#2806375 0-
#2806500 0)
#2806625 0! 0"
#2806750 1# 1% 1&
#2807000 0*
#2808000 1*
#2808625 1!
#2808875 0*
#2809875 1*
#2810375 0!
#2810500 1"
#2810750 0*
#2811750 1*
#2812375 1!
#2812625 0*
#2813625 1*
#2814750 1) 1-
#2815000 0! 0& 1' 1(
#2815875 0)
#2816000 0" 0' 0(
#2816125 1$ 1&
#2816375 0*
#2817375 1*
#2817500 1)
#2817750 0$ 0% 0&
#2817875 1! 1"
#2818625 0)
#2818875 1$ 1% 1&
#2819125 0+
#2820125 1+
#2820375 1)
#2820625 0# 0$ 0% 0&
#2821375 0-
#2821500 0)
#2821625 0! 0"
#2821750 1$ 1% 1&
#2822000 0*
#2823000 1*
#2823625 1!
#2823875 0*
#2824875 1*
#2825375 0!
#2825500 1"
#2825750 0*
#2826750 1*
#2827375 1!
#2827625 0*
#2828625 1*
#2829750 1) 1-
#2830000 0! 0$ 0& 1(
#2830125 1# 1'
#2830875 0)
#2831000 0# 0(
#2831125 0" 0%
#2831375 0*
#2832375 1*
#2832625 1)
#2832875 1! 1" 1$ 1%
#2833000 0,
#2833625 0)
#2833875 0! 0" 0$ 0% 0'
#2834125 0*
#2835125 1*
#2835375 1)
#2835750 1! 1" 1,
#2836500 0) 0-
#2836625 0! 0"
#2836750 1# 1$ 1% 1&
#2837000 0*
#2838000 1*
#2838625 1!
#2838875 0*
#2839875 1*
#2840375 0!
#2840500 1"
#2840750 0*
#2841750 1*
#2842375 1!
#2842625 0*
#2843625 1*
#2844750 1) 1-
#2845000 0! 0$ 0& 1(
#2845125 1'
#2845875 0)
#2846000 0(
#2846125 0" 0%
#2846375 0*
#2847375 1*
#2847625 1)
#2847875 1! 1" 1$ 1% 1& 1(
#2848625 0)
#2850375 1)
#2850625 0# 0$ 0% 0& 0' 0(
#2851500 0) 0-
#2851625 0!
#2851750 0" 1'
#2852000 0*
#2853000 1*
#2853625 1!
#2853875 0*
#2854875 1*
#2855375 0!
#2855500 1"
#2855750 0*
#2856750 1*
#2857375 1!
#2857625 0*
#2858625 1*
#2859750 1)
#2859875 1-
#2860000 0!
#2860125 1# 1% 1(
#2860875 0)
#2861125 0" 0# 1$ 0% 0(
#2861375 0*
#2862375 1*
#2862625 1)
#2862875 1! 1(
#2863000 1" 1# 1% 1&
#2863750 0)
#2865125 00
#2865375 1)
#2865625 0# 0% 0&
#2865750 0$ 0' 0(
#2866500 0) 0-
#2866750 0! 0" 1# 1'
#2867000 0*
#2868000 1*
#2868625 1!
#2868875 0*
#2869875 1*
#2870500 0! 1"
#2870750 0*
#2871750 1*
#2872125 10
#2872375 1!
#2872625 0*
#2873625 1*
#2874750 1)
#2874875 1-
#2875000 0!
#2875125 1% 1(
#2875875 0)
#2876125 0" 1$ 0% 0(
#2876375 0*
#2877375 1*
#2877625 1)
#2877875 0# 0'
#2878750 0)
#2879000 1! 1" 1# 1% 1&
#2879250 0*
#2880250 1*
#2880375 1)
#2880625 0# 0% 0&
#2880750 0$
#2881500 0) 0-
#2881750 0! 0" 1$ 1'
#2882000 0*
#2883000 1*
#2883625 1!
#2883875 0*
#2884875 1*
#2885500 0! 1"
#2885750 0*
#2886750 1*
#2887375 1!
#2887625 0*
#2888625 1*
#2889875 1) 1-
#2890000 0!
#2890125 1# 0$ 1% 1(
#2890875 0)
#2891125 0" 0# 0(
#2891375 0*
#2892375 1*
#2892625 1)
#2893000 1! 1" 1# 1$ 1& 1(
#2893750 0)
#2895500 1)
#2895750 0# 0$ 0% 0& 0' 0(
#2896500 0) 0-
#2896750 0! 0"
#2896875 1# 1$ 1'
#2897000 0*
#2898000 1*
#2898625 1!
#2898875 0*
#2900000 1*
#2900500 0!
#2900625 1"
#2900750 0*
#2901875 1*
#2902375 1!
#2902625 0*
#2903750 1*
#2904875 1) 1-
#2905125 0! 0$ 1% 1(
#2906000 0)
#2906125 0" 0(
#2906375 0*
#2907500 1*
#2907625 1)
#2907875 0# 0'
#2908000 1! 1" 1$
#2908750 0)
#2909000 0! 0" 0$ 0% 1(
#2909250 0*
#2910250 1*
#2910500 1)
#2910750 1! 1" 0(
#2911500 0-
#2911625 0)
#2911750 0! 0"
#2911875 1% 1'
#2912125 0*
#2913125 1*
#2913750 1!
#2914000 0*
#2915000 1*
#2915500 0!
#2915625 1"
#2915875 0*
#2916875 1*
#2917500 1!
#2917750 0*
#2918750 1*
#2919875 1) 1-
#2920125 0! 1(
#2920250 1#
#2921000 0)
#2921125 0" 0# 0(
#2921250 1$
#2921500 0*
#2922500 1*
#2922625 1)
#2923000 1! 1" 1# 1& 1(
#2923750 0)
#2925500 1)
#2925750 0# 0$ 0% 0& 0' 0(
#2926500 0-
#2926625 0)
#2926750 0! 0"
#2926875 1# 1% 1'
#2927125 0*
#2928125 1*
#2928750 1!
#2929000 0*
#2930000 1*
#2930500 0!
#2930625 1"
#2930875 0*
#2931875 1*
#2932500 1!
#2932750 0*
#2933750 1*
#2934875 1) 1-
#2935125 0!
#2935250 1(
#2936000 0)
#2936125 0(
#2936250 0" 1$
#2936500 0*
#2937500 1*
#2937750 1)
#2938000 1! 0# 0% 0'
#2938750 0)
#2939125 1" 1# 1% 1&
#2939375 0+
#2940375 1+
#2940500 1)
#2940750 0# 0$ 0% 0&
#2941625 0) 0-
#2941750 0!
#2941875 0" 1$ 1% 1'
#2942125 0*
#2943125 1*
#2943750 1!
#2944000 0*
#2945000 1*
#2945500 0!
#2945625 1"
#2945875 0*
#2946875 1*
#2947500 1!
#2947750 0*
#2948750 1*
#2949000 00
#2949875 1)
#2950000 1-
#2950125 0! 0$
#2950250 1# 1(
#2951000 0)
#2951250 0" 0# 0% 1& 0(
#2951500 0*
#2952500 1*
#2952750 1)
#2953000 1! 0&
#2953125 1" 1$ 1%
#2953875 0)
#2954000 0! 0" 0$ 0% 0' 1(
#2954250 0*
#2955375 1*
#2955500 1)
#2955750 0(
#2955875 1! 1"
#2956000 10
#2956625 0) 0-
#2956875 0! 0" 1# 1$ 1% 1'
#2957125 0*
#2958125 1*
#2958750 1!
#2959000 0*
#2960000 1*
#2960625 0! 1"
#2960875 0*
#2961875 1*
#2962500 1!
#2962750 0*
#2963750 1*
#2964875 1)
#2965000 1-
#2965125 0!
#2965250 0$ 1(
#2966000 0)
#2966250 0" 0% 1& 0(
#2966500 0*
#2967500 1*
#2967750 1)
#2968000 0# 0&
#2968125 1! 1" 1$ 1% 0,
#2968875 0)
#2969000 0! 0" 0$ 0%
#2969125 0' 1(
#2969375 0*
#2970375 1*
#2970500 1)
#2970750 0(
#2970875 1! 1"
#2971000 1,
#2971625 0) 0-
#2971875 0! 0" 1& 1'
#2972125 0*
#2973125 1*
#2973750 1!
#2974000 0*
#2975000 1*
#2975625 0! 1"
#2975875 0*
#2976875 1*
#2977500 1!
#2977750 0*
#2978750 1*
#2980000 1) 1-
#2980125 0!
#2980250 1# 1% 0& 1(
#2981000 0)
#2981250 0" 0# 0% 1& 0(
#2981375 1$
#2981500 0*
#2982500 1*
#2982750 1)
#2983125 1! 1" 1# 1% 1(
#2983875 0)
#2985625 1)
#2985875 0# 0$ 0% 0& 0' 0(
#2986625 0) 0-
#2986875 0! 0"
#2987000 1# 1& 1'
#2987125 0*
#2988125 1*
#2988750 1!
#2989000 0*
#2990000 1*
#2990625 0!
#2990750 1"
#2990875 0*
#2991875 1*
#2992500 1!
#2992750 0*
#2993750 1*
#2995000 1) 1-
#2995250 0! 1% 0& 1(
#2996000 0)
#2996250 0" 0% 0(
#2996375 1$ 1&
#2996500 0*
#2997625 1*
#2997750 1)
#2998000 0# 0& 0'
#2998125 1"
#2998875 0)
#2999125 1! 1# 1% 1&
#2999375 0*
#3000375 1*
#3000625 1)
#3000875 0# 0$ 0% 0&
#3001625 0) 0-
#3001875 0! 0"
#3002000 1$ 1& 1'
#3002125 0*
#3003250 1*
#3003875 1!
#3004000 0*
#3005125 1*
#3005625 0!
#3005750 1"
#3005875 0*
#3007000 1*
#3007625 1!
#3007750 0*
#3008875 1*
#3010000 1) 1-
#3010250 0! 1# 0$ 1% 0& 1(
#3011125 0)
#3011250 0" 0# 0(
#3011375 1&
#3011500 0*
#3012625 1*
#3012750 1)
#3013000 0& 0'
#3013125 1! 1" 1$
#3013875 0)
#3014125 0! 0" 0$ 0% 1(
#3014375 0*
#3015375 1*
#3015625 1)
#3015875 1! 1" 0(
#3016625 0-
#3016750 0)
#3016875 0! 0"
#3017000 1# 1$ 1& 1'
#3017250 0*
#3018250 1*
#3018875 1!
#3019125 0*
#3020125 1*
#3020625 0!
#3020750 1"
#3021000 0*
#3022000 1*
#3022625 1!
#3022875 0*
#3023875 1*
#3025000 1) 1-
#3025250 0! 0$ 1% 0& 1(
#3026125 0)
#3026250 0" 0(
#3026375 1&
#3026625 0*
#3027625 1*
#3027750 1)
#3028125 1! 1" 1$ 1(
#3028875 0)
#3030625 1)
#3030875 0# 0$ 0% 0& 0' 0(
#3031625 0-
#3031750 0)
#3031875 0! 0"
#3032000 1% 1& 1'
#3032250 0*
#3032875 00
#3033250 1*
#3033875 1!
#3034125 0*
#3035125 1*
#3035625 0!
#3035750 1"
#3036000 0*
#3037000 1*
#3037625 1!
#3037875 0*
#3038875 1*
#3039875 10
#3040000 1) 1-
#3040250 0! 1# 0& 1(
#3041125 0)
#3041250 0" 0# 0(
#3041375 1$ 1&
#3041625 0*
#3042625 1*
#3042750 1)
#3043000 0&
#3043125 1! 1"
#3043875 0)
#3044125 0! 0" 0$ 0% 0' 1(
#3044375 0*
#3045375 1*
#3045625 1)
#3045875 1! 1" 0(
#3046625 0-
#3046750 0)
#3046875 0! 0"
#3047000 1# 1% 1& 1'
#3047250 0*
#3048250 1*
#3048875 1!
#3049125 0*
#3050125 1*
#3050625 0!
#3050750 1"
#3051000 0*
#3052000 1*
#3052625 1!
#3052875 0*
#3053875 1*
#3055000 1) 1-
#3055250 0! 0& 1(
#3056125 0)
#3056250 0" 0(
#3056375 1$ 1&
#3056625 0*
#3057625 1*
#3057750 1)
#3058000 0# 0% 0& 0'
#3058125 1! 1"
#3058875 0)
#3059125 1# 1% 1&
#3059375 0+
#3060375 1+
#3060625 1)
#3060875 0# 0$ 0% 0&
#3061625 0-
#3061750 0)
#3061875 0! 0"
#3062000 1$ 1% 1& 1'
#3062250 0*
#3063250 1*
#3063875 1!
#3064000 0*
#3065125 1*
#3065625 0!
#3065750 1"
#3065875 0*
#3067000 1*
#3067625 1!
#3067750 0*
#3068875 1*
#3070000 1) 1-
#3070250 1# 1(
#3071125 0)
#3071625 0+
#3072625 1+
#3072750 1)
#3073000 0# 0& 0(
#3073125 0,
#3073875 0)
#3074125 0! 0" 0$ 0% 0' 1(
#3074375 0*
#3075375 1*
#3075625 1)
#3075875 1! 1" 0(
#3076000 1,
#3076625 0) 0-
#3076875 0! 0"
#3077000 1# 1$ 1% 1& 1'
#3077125 0*
#3078125 1*
#3078750 1!
#3079000 0*
#3080000 1*
#3080625 0!
#3080750 1"
#3080875 0*
#3081875 1*
#3082500 1!
#3082750 0*
#3083750 1*
#3085000 1) 1-
#3085250 0! 0$ 0& 1(
#3086000 0)
#3086250 0" 0# 0% 0' 0(
#3086500 0*
#3087500 1*
#3088125 1!
#3088375 0*
#3089375 1*
#3090000 0!
#3090125 1"
#3090250 0*
#3091000 1)
#3091250 1*
#3091375 1# 1% 1' 1(
#3092125 0)
#3092375 0" 0% 0' 0(
#3092625 0*
#3093625 1*
#3094250 1!
#3094500 0*
#3095500 1*
#3096000 0!
#3096125 1"
#3096375 0*
#3097125 1)
#3097375 1*
#3097500 1! 1$ 1% 1& 1' 1(
#3098250 0)
#3099875 1)
#3100250 0! 0" 0# 0&
#3101000 0)
#3101250 1" 1# 0$ 0% 0' 0(
#3101500 0*
#3102500 1*
#3103125 1%
#3103375 0*
#3104375 1*
#3104625 1)
#3104875 0"
#3105000 1' 1(
#3105750 0)
#3105875 0% 0' 0(
#3106000 1"
#3106250 0*
#3107250 1*
#3107375 1)
#3107625 0" 0#
#3107750 1$ 1% 1' 1(
#3108500 0)
#3108750 1" 1# 0$ 0% 1& 0' 0(
#3109000 0*
#3110000 1*
#3110625 1%
#3110875 0*
#3111875 1*
#3112125 1)
#3112375 0" 0& 1' 1(
#3113250 0)
#3113375 0' 0(
#3113500 1"
#3113750 0*
#3114750 1*
#3114875 1)
#3115250 1' 1(
#3116000 0)
#3116250 0" 0# 1$ 0% 0' 0(
#3116500 0*
#3116750 00
#3117500 1*
#3118125 1!
#3118375 0*
#3119375 1*
#3120000 0! 1"
#3120250 0*
#3121000 1)
#3121250 0$ 1*
#3121375 1# 1% 1' 1(
#3122125 0)
#3122250 0' 0(
#3122375 0" 1$ 0%
#3122625 0*
#3123625 1* 10
#3124250 1!
#3124500 0*
#3125500 1*
#3126000 0!
#3126125 1"
#3126375 0*
#3127625 1)
#3127875 1*
#3128375 1! 1% 1& 1' 1(
#3129125 0)
#3131250 1)
#3131625 0! 0" 0# 0&
#3132375 0)
#3133125 1" 1# 0$ 0% 0(
#3133375 0*
#3134375 1*
#3135000 1%
#3135250 0*
#3136250 1*
#3136500 1)
#3136750 0" 1(
#3137500 0)
#3137750 0% 0' 0(
#3137875 1" 1&
#3138000 0*
#3139000 1*
#3139250 1)
#3139500 0" 0# 0&
#3139625 1$ 1% 1' 1(
#3140375 0)
#3140500 0(
#3140625 1" 1# 0$ 0% 1&
#3140875 0*
#3141875 1*
#3142500 1%
#3142750 0*
#3143750 1*
#3144000 1)
#3144250 0" 0& 1(
#3145000 0)
#3145250 1& 0' 0(
#3145375 1"
#3145500 0*
#3146500 1*
#3146750 1)
#3147000 0&
#3147125 1' 1(
#3147875 0)
#3148000 0(
#3148125 0" 0# 0'
#3148375 0*
#3149375 1*
#3150000 1!
#3150250 0*
#3151250 1*
#3151750 0!
#3151875 1"
#3152125 0*
#3152875 1)
#3153125 1*
#3153250 1# 1' 1(
#3154000 0)
#3154125 0" 0' 0(
#3154375 0*
#3155500 1*
#3156125 1!
#3156250 0*
#3157375 1*
#3157875 0!
#3158000 1"
#3158125 0*
#3159000 1)
#3159125 0" 1*
#3159250 1$
#3160000 0)
#3160250 0# 0$ 0%
#3160500 0*
#3161500 1*
#3161750 1)
#3162125 1$ 1% 1' 1(
#3162875 0)
#3163000 0$ 0% 0'
#3163125 1" 1#
#3163375 0*
#3164375 1*
#3165000 1%
#3165250 0*
#3166250 1*
#3166375 1)
#3166625 0"
#3166750 1'
#3167500 0)
#3167750 1" 0% 0(
#3168000 0*
#3169000 1*
#3169250 1)
#3169500 0" 0# 1(
#3169625 1$ 1%
#3170375 0)
#3170500 0$ 0% 0'
#3170625 1" 1# 1&
#3170875 0*
#3171875 1*
#3172500 1%
#3172750 0*
#3173750 1*
#3173875 1)
#3174125 0" 0&
#3174250 1'
#3175000 0)
#3175250 1" 0(
#3175500 0*
#3176500 1*
#3176750 1)
#3177000 1(
#3177875 0)
#3178000 0" 0# 0' 0(
#3178125 1$
#3178375 0*
#3179375 1*
#3180000 1!
#3180250 0*
#3181250 1*
#3181750 0!
#3181875 1"
#3182125 0*
#3182875 1)
#3183125 0$ 1' 1( 1*
#3183250 1#
#3183875 0)
#3184125 0" 1$ 0' 0(
#3184375 0*
#3185375 1*
#3186000 1!
#3186250 0*
#3187250 1*
#3187875 0!
#3188000 1"
#3188125 0*
#3188875 1)
#3189125 0" 1*
#3189250 1'
#3190000 0)
#3190250 0# 0$ 0% 0'
#3190500 0*
#3191500 1*
#3191750 1)
#3192000 1' 1(
#3192125 1$ 1%
#3192875 0)
#3193000 0$ 0%
#3193125 1" 1#
#3193375 0*
#3194375 1*
#3195000 1%
#3195250 0*
#3196250 1*
#3196375 1)
#3196625 0"
#3197500 0)
#3197750 1" 0% 1& 0(
#3198000 0*
#3199000 1*
#3199250 1)
#3199500 0" 0# 1$ 1% 0& 1(
#3200375 0)
#3200500 0$ 0% 00
#3200625 1" 1# 1&
#3200875 0*
#3201875 1*
#3202500 1%
#3202750 0*
#3203750 1*
#3203875 1)
#3204125 0" 0&
#3205000 0)
#3205250 1" 1& 0(
#3205500 0*
#3206500 1*
#3206750 1)
#3207500 10
#3222000 0" 1$ 0&
#3222125 0,
#3222750 0)
#3223000 0# 0$ 0% 0'
#3223250 0*
#3224375 1*
#3224500 1)
#3225750 1' 1(
#3225875 1! 1" 1# 1$ 1% 1& 1,
#3226625 0)
#3228250 1)
#3231375 0! 0$ 0&
#3232250 0)
#3232375 0" 0# 0% 0' 0(
#3232625 0*
#3233750 1*
#3233875 1)
#3234250 1! 1" 1# 1$ 1% 1& 1' 1(
#3235000 0)
#3236750 1)
#3237875 0)
#3238375 0+
#3239375 1+
#3240250 0+
#3241250 1+
#3242125 0+
#3243125 1+
#3244000 0+
#3245000 1+
#3246125 1)
#3246375 0! 0$ 0&
#3247250 0)
#3247375 0" 0% 0' 0(
#3247625 0*
#3248750 1*
#3248875 1)
#3249250 1! 1" 1$ 1% 1& 1' 1(
#3250000 0)
#3251750 1)
#3252000 0# 0$ 0% 0& 0' 0(
#3252750 0-
#3252875 0)
#3253000 0! 0"
#3253125 1(
#3253250 0*
#3254375 1*
#3255000 1!
#3255250 0*
#3256250 1*
#3256750 0!
#3256875 1"
#3257125 0*
#3258125 1*
#3258750 1!
#3259000 0*
#3260000 1*
#3261125 1) 1-
#3261375 0! 1'
#3261500 1# 1%
#3262250 0)
#3262375 0" 0# 0% 0' 0(
#3262500 1$
#3262750 0*
#3263750 1*
#3263875 1)
#3264250 1# 1%
#3265000 0)
#3265250 0# 0$ 0%
#3265500 0*
#3266500 1*
#3266750 1)
#3267000 1! 1"
#3267750 0-
#3267875 0)
#3268000 0! 0"
#3268125 1# 1(
#3268375 0*
#3269375 1*
#3270000 1!
#3270250 0*
#3271250 1*
#3271750 0!
#3271875 1"
#3272125 0*
#3273125 1*
#3273750 1!
#3274000 0*
#3275000 1*
#3276125 1) 1-
#3276375 0! 1'
#3276500 1%
#3277250 0)
#3277375 0" 0% 0' 0(
#3277500 1$
#3277750 0*
#3278750 1*
#3278875 1)
#3280000 0)
#3280250 1! 1" 1% 1&
#3280500 0*
#3281500 1*
#3281750 1)
#3282000 0# 0$ 0% 0&
#3282750 0-
#3282875 0)
#3283000 0! 0"
#3283125 1$ 1(
#3283375 0*
#3284375 1* 00
#3285000 1!
#3285250 0*
#3286250 1*
#3286750 0!
#3286875 1"
#3287125 0*
#3288125 1*
#3288750 1!
#3289000 0*
#3290000 1*
#3291125 1) 1-
#3291375 0! 0$ 10
#3291500 1# 1% 1'
#3292250 0)
#3292375 0# 0'
#3292500 0" 0(
#3292750 0*
#3293750 1*
#3294000 1)
#3294250 1# 1$ 1'
#3295000 0)
#3295250 0# 0$ 0% 0'
#3295500 0*
#3296500 1*
#3296750 1)
#3297125 1! 1"
#3297875 0) 0-
#3298000 0! 0"
#3298125 1# 1$ 1(
#3298375 0*
#3299375 1*
#3300000 1!
#3300250 0*
#3301250 1*
#3301750 0!
#3301875 1"
#3302125 0*
#3303125 1*
#3303750 1!
#3304000 0*
#3305000 1*
#3306125 1) 1-
#3306375 0! 0$
#3306500 1% 1'
#3307250 0)
#3307500 0" 0' 0(
#3307750 0*
#3308750 1*
#3309000 1)
#3309250 1$ 1'
#3309375 0,
#3310000 0)
#3310250 0# 0$ 0% 0'
#3310500 0*
#3311625 1*
#3311750 1)
#3312125 1! 1" 1,
#3312875 0) 0-
#3313000 0!
#3313125 0" 1% 1(
#3313375 0*
#3314375 1*
#3315000 1!
#3315250 0*
#3316250 1*
#3316875 0! 1"
#3317125 0*
#3318125 1*
#3318750 1!
#3319000 0*
#3320000 1*
#3321125 1)
#3321250 1-
#3321375 0!
#3321500 1# 1'
#3322250 0)
#3322500 0" 0# 1$ 0' 0(
#3322750 0*
#3323750 1*
#3324000 1)
#3324250 1(
#3324375 1! 1" 1# 1& 1'
#3325125 0)
#3326750 1)
#3327125 0# 0$ 0% 0& 0' 0(
#3327875 0) 0-
#3328125 0! 0" 1# 1% 1(
#3328375 0*
#3329375 1*
#3330000 1!
#3330250 0*
#3331250 1*
#3331875 0! 1"
#3332125 0*
#3333125 1*
#3333750 1!
#3334000 0*
#3335000 1*
#3336250 1) 1-
#3336375 0!
#3336500 1'
#3337250 0)
#3337500 0" 1$ 0' 0(
#3337750 0*
#3338750 1*
#3339000 1)
#3339250 0%
#3339375 1!
#3340125 0)
#3340375 1" 1% 1&
#3340625 0+
#3341625 1+
#3341875 1)
#3342125 0# 0$ 0% 0&
#3342875 0) 0-
#3343125 0! 0" 1(
#3343250 1$ 1%
#3343375 0*
#3344375 1*
#3345000 1!
#3345250 0*
#3346250 1*
#3346875 0!
#3347000 1"
#3347125 0*
#3348125 1*
#3348750 1!
#3349000 0*
#3350125 1*
#3351250 1) 1-
#3351500 0! 1# 0$ 1'
#3352250 0)
#3352500 0" 0# 0% 0' 0(
#3352625 1&
#3352750 0*
#3353875 1*
#3354000 1)
#3354375 1! 1" 1# 1$ 1% 1' 1(
#3355125 0)
#3356875 1)
#3357125 0# 0$ 0% 0& 0' 0(
#3357875 0-
#3358000 0)
#3358125 0! 0"
#3358250 1# 1$ 1% 1(
#3358375 0*
#3359500 1*
#3360125 1!
#3360375 0*
#3361375 1*
#3361875 0!
#3362000 1"
#3362250 0*
#3363250 1*
#3363875 1!
#3364125 0*
#3365125 1*
#3366250 1) 1-
#3366500 0! 0$ 1'
#3367375 0)
#3367500 0" 0% 0' 0(
#3367625 1&
#3367875 0*
#3368250 00
#3368875 1*
#3369000 1)
#3369375 1! 1" 1$ 1% 1' 1(
#3370125 0)
#3371875 1)
#3372125 0# 0$ 0% 0& 0' 0(
#3372875 0-
#3373000 0)
#3373125 0! 0"
#3373250 1& 1(
#3373500 0*
#3374500 1*
#3375125 1!
#3375250 10
#3375375 0*
#3376375 1*
#3376875 0!
#3377000 1"
#3377250 0*
#3378250 1*
#3378875 1!
#3379125 0*
#3380125 1*
#3381250 1) 1-
#3381500 0! 0&
#3381625 1# 1% 1'
#3382375 0)
#3382500 0# 0'
#3382625 0" 1$ 0% 1& 0(
#3382875 0*
#3383875 1*
#3384125 1)
#3384250 0&
#3384375 1# 1%
#3385125 0)
#3385375 0# 0$ 0% 1(
#3385625 0*
#3386625 1*
#3386875 1)
#3387125 0(
#3387250 1! 1"
#3388000 0) 0-
#3388125 0! 0"
#3388250 1# 1& 1(
#3388500 0*
#3389500 1*
#3390125 1!
#3390375 0*
#3391375 1*
#3391875 0!
#3392000 1"
#3392250 0*
#3393250 1*
#3393875 1!
#3394125 0*
#3395125 1*
#3396250 1)
#3396375 1-
#3396500 0! 0&
#3396625 1% 1'
#3397375 0)
#3397625 0" 1$ 0% 1& 0' 0(
#3397875 0*
#3398875 1*
#3399125 1)
#3399375 1" 0&
#3400250 0)
#3400500 1! 1% 1&
#3400625 0*
#3401750 1*
#3401875 1)
#3402125 0# 0$ 0% 0&
#3403000 0) 0-
#3403125 0!
#3403250 0" 1$ 1& 1(
#3403500 0*
#3404500 1*
#3405125 1!
#3405375 0*
#3406375 1*
#3407000 0! 1"
#3407250 0*
#3408250 1*
#3408875 1!
#3409125 0*
#3410125 1*
#3411250 1)
#3411375 1-
#3411500 0! 0$ 0&
#3411625 1# 1% 1'
#3412375 0)
#3412625 0" 0# 1& 0' 0(
#3412875 0*
#3413875 1*
#3414125 1)
#3414375 0&
#3414500 1# 1$ 1'
#3415250 0)
#3415375 0# 0$ 0% 0'
#3415500 1(
#3415750 0*
#3416750 1*
#3416875 1)
#3417125 0(
#3417250 1! 1"
#3418000 0) 0-
#3418250 0! 0" 1# 1$ 1& 1(
#3418500 0*
#3419500 1*
#3420125 1!
#3420375 0*
#3421375 1*
#3422000 0! 1"
#3422250 0*
#3423250 1*
#3423875 1!
#3424125 0*
#3425125 1*
#3426250 1)
#3426375 1-
#3426500 0!
#3426625 0$ 1% 0& 1'
#3427375 0)
#3427625 0" 1& 0' 0(
#3427875 0*
#3428875 1*
#3429125 1)
#3429375 0&
#3429500 1$ 1' 0,
#3430250 0)
#3430375 0$ 0'
#3430500 0# 0% 1(
#3430750 0*
#3431750 1*
#3431875 1)
#3432125 0(
#3432250 1! 1"
#3432375 1,
#3433000 0) 0-
#3433250 0! 0" 1& 1(
#3433375 1%
#3433500 0*
#3434500 1*
#3435125 1!
#3435375 0*
#3436375 1*
#3437000 0! 1"
#3437250 0*
#3438250 1*
#3438875 1!
#3439125 0*
#3440125 1*
#3441375 1) 1-
#3441500 0!
#3441625 1# 0& 1'
#3442375 0)
#3442625 0" 0# 1& 0' 0(
#3442750 1$
#3442875 0*
#3443875 1*
#3444125 1)
#3444500 1! 1" 1# 1' 1(
#3445250 0)
#3447000 1)
#3447250 0# 0$ 0% 0& 0' 0(
#3448000 0) 0-
#3448250 0! 0" 1(
#3448375 1# 1% 1&
#3448500 0*
#3449500 1*
#3450125 1!
#3450375 0*
#3451375 1*
#3452000 0! 1"
#3452125 00
#3452250 0*
#3453250 1*
#3453875 1!
#3454125 0*
#3455125 1*
#3456375 1) 1-
#3456500 0!
#3456625 0& 1'
#3457375 0)
#3457625 0" 1& 0' 0(
#3457750 1$
#3457875 0*
#3458875 1*
#3459000 10
#3459125 1)
#3459375 0% 0&
#3459500 1! 1"
#3460250 0)
#3460500 1% 1&
#3460750 0+
#3461750 1+
#3462000 1)
#3462250 0# 0$ 0% 0&
#3463000 0) 0-
#3463250 0! 0"
#3463375 1$ 1% 1& 1(
#3463500 0*
#3464500 1*
#3465125 1!
#3465375 0*
#3466375 1*
#3467000 0!
#3467125 1"
#3467250 0*
#3468250 1*
#3468875 1!
#3469125 0*
#3470125 1*
#3471375 1) 1-
#3471625 0! 1# 0$ 0& 1'
#3472375 0)
#3472625 0" 0# 0% 0(
#3472875 0*
#3473875 1*
#3474125 1)
#3474375 0'
#3474500 1# 1$ 1%
#3475250 0)
#3475375 0#
#3475500 0$ 0% 1(
#3475750 0*
#3476750 1*
#3477000 1)
#3477125 0(
#3477250 1! 1"
#3478000 0) 0-
#3478250 0! 0" 1(
#3478375 1# 1$ 1% 1&
#3478500 0*
#3479500 1*
#3480125 1!
#3480375 0*
#3481375 1*
#3482000 0!
#3482125 1"
#3482250 0*
#3483250 1*
#3483875 1!
#3484125 0*
#3485125 1*
#3486375 1) 1-
#3486625 0! 0$ 0& 1'
#3487375 0)
#3487625 0" 0% 0(
#3487875 0*
#3488875 1*
#3489125 1)
#3489500 1! 1" 1$ 1% 1& 1(
#3490250 0)
#3492000 1)
#3492250 0# 0$ 0% 0& 0' 0(
#3493000 0) 0-
#3493250 0! 0" 1' 1(
#3493500 0*
#3494500 1*
#3495125 1!
#3495375 0*
#3496375 1*
#3497000 0! 1"
#3497250 0*
#3498250 1*
#3498875 1!
#3499125 0*
#3500125 1*
#3501375 1) 1-
#3501500 0!
#3501625 1# 1%
#3502375 0)
#3502625 0" 0# 1$ 0% 0(
#3502875 0*
#3503875 1*
#3504125 1)
#3504500 1# 1%
#3505250 0)
#3505375 0# 0%
#3505500 0$ 0' 1(
#3505750 0*
#3506750 1*
#3506875 1)
#3507125 0(
#3507250 1! 1"
#3508000 0) 0-
#3508250 0! 0" 1' 1(
#3508375 1#
#3508500 0*
#3509500 1*
#3510125 1!
#3510375 0*
#3511375 1*
#3512000 0! 1"
#3512250 0*
#3513250 1*
#3513875 1!
#3514125 0*
#3515125 1*
#3516250 1)
#3516375 1-
#3516500 0!
#3516625 1%
#3517375 0)
#3517625 0" 1$ 0% 0(
#3517875 0*
#3518875 1*
#3519125 1)
#3519375 0# 0$ 0'
#3519500 1%
#3520250 0)
#3520500 1! 1" 1# 1$ 1&
#3520750 0*
#3521750 1*
#3521875 1)
#3522125 0# 0$ 0% 0&
#3523000 0) 0-
#3523250 0! 0" 1$ 1' 1(
#3523500 0*
#3524500 1*
#3525125 1!
#3525375 0*
#3526375 1*
#3527000 0! 1"
#3527250 0*
#3528250 1*
#3528875 1!
#3529125 0*
#3530125 1*
#3531250 1)
#3531375 1-
#3531500 0! 0$
#3531625 1# 1%
#3532375 0)
#3532625 0" 0# 0(
#3532875 0*
#3533875 1*
#3534125 1)
#3534375 1# 1$
#3534500 0,
#3535250 0)
#3535375 0# 0$ 0% 0' 1(
#3535625 0*
#3535875 00
#3536750 1*
#3536875 1)
#3537125 0(
#3537250 1! 1" 1,
#3538000 0) 0-
#3538125 0!
#3538250 0" 1# 1$ 1' 1(
#3538500 0*
#3539500 1*
#3540125 1!
#3540375 0*
#3541375 1*
#3541875 0!
#3542000 1"
#3542250 0*
#3542875 10
#3543250 1*
#3543875 1!
#3544125 0*
#3545125 1*
#3546250 1)
#3546375 1-
#3546500 0! 0$
#3546625 1%
#3547375 0)
#3547625 0" 0(
#3547875 0*
#3548875 1*
#3549125 1)
#3549375 1! 1" 1$ 1& 1(
#3550125 0)
#3551875 1)
#3552125 0# 0$ 0% 0& 0' 0(
#3553000 0) 0-
#3553125 0! 0"
#3553250 1% 1' 1(
#3553500 0*
#3554500 1*
#3555125 1!
#3555375 0*
#3556375 1*
#3556875 0!
#3557000 1"
#3557250 0*
#3558250 1*
#3558875 1!
#3559125 0*
#3560125 1*
#3561250 1) 1-
#3561500 0!
#3561625 1#
#3562375 0)
#3562500 0# 0(
#3562625 0" 1$
#3562875 0*
#3563875 1*
#3564000 1)
#3564375 1! 1" 1# 1& 1(
#3565125 0)
#3566875 1)
#3567125 0# 0$ 0% 0& 0' 0(
#3567875 0-
#3568000 0)
#3568125 0! 0"
#3568250 1# 1% 1' 1(
#3568500 0*
#3569500 1*
#3570125 1!
#3570375 0*
#3571375 1*
#3571875 0!
#3572000 1"
#3572250 0*
#3573250 1*
#3573875 1!
#3574125 0*
#3575125 1*
#3576250 1) 1-
#3576500 0!
#3577375 0)
#3577500 0" 0(
#3577625 1$
#3577875 0*
#3578875 1*
#3579000 1)
#3579250 0# 0$ 0'
#3579375 1!
#3580125 0)
#3580375 1" 1# 1$ 1&
#3580625 0+
#3581625 1+
#3581875 1)
#3582125 0# 0$ 0% 0&
#3582875 0-
#3583000 0)
#3583125 0! 0"
#3583250 1$ 1% 1' 1(
#3583500 0*
#3584500 1*
#3585125 1!
#3585375 0*
#3586375 1*
#3586875 0!
#3587000 1"
#3587250 0*
#3588250 1*
#3588875 1!
#3589125 0*
#3590125 1*
#3591250 1) 1-
#3591500 0! 1# 0$
#3592375 0)
#3592500 0" 0# 0% 0(
#3592625 1&
#3592750 0*
#3593875 1*
#3594000 1)
#3594375 1! 1" 1# 1$ 1% 1(
#3595125 0)
#3596875 1)
#3597125 0# 0$ 0% 0& 0' 0(
#3597875 0-
#3598000 0)
#3598125 0! 0"
#3598250 1# 1$ 1% 1' 1(
#3598375 0*
#3599500 1*
#3600125 1!
#3600250 0*
#3601375 1*
#3601875 0!
#3602000 1"
#3602125 0*
#3603250 1*
#3603875 1!
#3604000 0*
#3605125 1*
#3606250 1) 1-
#3606500 0! 0$
#3607250 0)
#3607500 0" 0% 0(
#3607625 1&
#3607750 0*
#3608875 1*
#3609000 1)
#3609250 0& 0'
#3609375 1! 1$ 1%
#3610125 0)
#3610375 0! 0# 0$ 0%
#3610625 0*
#3611625 1*
#3611875 1)
#3612125 1! 1"
#3612875 0) 0-
#3613125 0! 0"
#3613250 1& 1' 1(
#3613375 0*
#3614500 1*
#3615125 1!
#3615250 0*
#3616375 1*
#3616875 0!
#3617000 1"
#3617125 0*
#3618125 1*
#3618750 1!
#3619000 0*
#3619750 00
#3620000 1*
#3621250 1) 1-
#3621500 0! 1# 1% 0&
#3622250 0)
#3622500 0" 0# 0% 0(
#3622625 1$ 1&
#3622750 0*
#3623750 1*
#3624000 1)
#3624375 1! 1" 1# 1% 1(
#3625125 0)
#3626750 10
#3626875 1)
#3627125 0# 0$ 0% 0& 0' 0(
#3627875 0) 0-
#3628125 0! 0" 1' 1(
#3628250 1# 1&
#3628375 0*
#3629375 1*
#3630000 1!
#3630250 0*
#3631250 1*
#3631875 0!
#3632000 1"
#3632125 0*
#3633125 1*
#3633750 1!
#3634000 0*
#3635000 1*
#3636250 1) 1-
#3636375 0!
#3636500 1% 0&
#3637250 0)
#3637500 0" 0% 1& 0(
#3637625 1$
#3637750 0*
#3638750 1*
#3639000 1)
#3639250 0# 0$ 0& 0'
#3639375 1" 1%
#3640125 0)
#3640375 1! 1# 1$ 1&
#3640625 0*
#3641625 1*
#3641875 1)
#3642125 0# 0$ 0% 0&
#3642875 0) 0-
#3643125 0! 0" 1' 1(
#3643250 1$ 1&
#3643375 0*
#3644375 1*
#3645000 1!
#3645250 0*
#3646250 1*
#3646875 0!
#3647000 1"
#3647125 0*
#3648125 1*
#3648750 1!
#3649000 0*
#3650000 1*
#3651250 1) 1-
#3651375 0!
#3651500 1# 0$ 1% 0&
#3652250 0)
#3652500 0" 0# 1& 0(
#3652750 0*
#3653750 1*
#3654000 1)
#3654250 0&
#3654375 1! 1# 1$
#3655125 0)
#3655250 0!
#3655375 0# 0$ 0% 0'
#3655625 0*
#3656625 1*
#3656875 1)
#3657125 1! 1"
#3657875 0) 0-
#3658125 0! 0" 1(
#3658250 1# 1$ 1& 1'
#3658375 0*
#3659375 1*
#3660000 1!
#3660250 0*
#3661250 1*
#3661875 0! 1"
#3662125 0*
#3663125 1*
#3663750 1!
#3664000 0*
#3665000 1*
#3666250 1) 1-
#3666500 0! 0$ 1% 0&
#3667250 0)
#3667500 0" 1& 0(
#3667750 0*
#3668750 1*
#3669000 1)
#3669250 0&
#3669375 1! 1$ 0,
#3670125 0)
#3670250 0!
#3670375 0# 0$ 0% 0'
#3670625 0*
#3671625 1*
#3671875 1)
#3672125 1! 1"
#3672250 1,
#3672875 0) 0-
#3673125 0! 0" 1' 1(
#3673250 1% 1&
#3673375 0*
#3674375 1*
#3675000 1!
#3675250 0*
#3676250 1*
#3676875 0!
#3677000 1"
#3677125 0*
#3678125 1*
#3678750 1!
#3679000 0*
#3680000 1*
#3681250 1) 1-
#3681375 0!
#3681500 1# 0&
#3682250 0)
#3682500 0" 0# 1& 0(
#3682625 1$
#3682750 0*
#3683750 1*
#3684000 1)
#3684375 1! 1" 1# 1(
#3685125 0)
#3686875 1)
#3687125 0# 0$ 0% 0& 0' 0(
#3687875 0) 0-
#3688125 0! 0" 1(
#3688250 1# 1% 1& 1'
#3688375 0*
#3689375 1*
#3690000 1!
#3690250 0*
#3691250 1*
#3691875 0!
#3692000 1"
#3692125 0*
#3693125 1*
#3693750 1!
#3694000 0*
#3695000 1*
#3696250 1) 1-
#3696500 0! 0&
#3697250 0)
#3697500 0" 0(
#3697625 1$ 1&
#3697750 0*
#3698750 1*
#3699000 1)
#3699250 0# 0$ 0& 0'
#3699375 1! 1"
#3700125 0)
#3700375 1# 1$ 1&
#3700625 0+
#3701625 1+
#3701875 1)
#3702125 0# 0$ 0% 0&
#3702875 0) 0-
#3703125 0! 0"
#3703250 1$ 1% 1& 1' 1(
#3703375 0*
#3703625 00
#3704500 1*
#3705125 1!
#3705250 0*
#3706375 1*
#3706875 0!
#3707000 1"
#3707125 0*
#3708250 1*
#3708875 1!
#3709000 0*
#3710125 1*
#3710625 10
#3711250 1) 1-
#3711500 1#
#3712375 0)
#3712875 0+
#3713875 1+
#3714000 1)
#3714250 0" 0& 0' 0(
#3715125 0)
#3715375 0! 0# 0$ 0%
#3715625 0*
#3716625 1*
#3716875 1)
#3717125 1! 1"
#3717875 0-
#3718000 0)
#3718125 0! 0"
#3718250 1# 1$ 1% 1& 1' 1(
#3718500 0*
#3719500 1*
#3720125 1!
#3720375 0*
#3721375 1*
#3721875 0!
#3722000 1"
#3722250 0*
#3723250 1*
#3723875 1!
#3724125 0*
#3725125 1*
#3726250 1) 1-
#3726500 0! 0$ 0&
#3727375 0)
#3727500 0" 0# 0% 0' 0(
#3727875 0*
#3728875 1*
#3729500 1!
#3729750 0*
#3730750 1*
#3731250 0!
#3731375 1"
#3731625 0*
#3732375 1)
#3732625 1( 1*
#3732750 1# 1% 1'
#3733500 0)
#3733625 0" 0% 0' 0(
#3733875 0*
#3735000 1*
#3735625 1!
#3735750 0*
#3736875 1*
#3737375 0!
#3737500 1"
#3737625 0*
#3738500 1)
#3738625 0" 1*
#3738750 1! 1$ 1% 1'
#3739500 0)
#3739750 0! 0# 0$ 0% 0'
#3740000 0*
#3741000 1*
#3741250 1)
#3741625 1$ 1% 1' 1(
#3742375 0)
#3742500 0$ 0% 0' 0(
#3742625 1! 1" 1#
#3742875 0*
#3743875 1*
#3744500 1%
#3744750 0*
#3745750 1*
#3746000 1)
#3746125 0! 0"
#3746250 1' 1(
#3747000 0)
#3747250 1! 1" 0% 0' 0(
#3747500 0*
#3748500 1*
#3748750 1)
#3749000 0! 0" 0#
#3749125 1$ 1% 1' 1(
#3749875 0)
#3750000 0% 0' 0(
#3750125 1! 1" 1# 0$ 1&
#3750375 0*
#3751375 1*
#3752000 1%
#3752250 0*
#3753250 1*
#3753500 1)
#3753750 0! 0" 0& 1' 1(
#3754500 0)
#3754750 1! 0' 0(
#3754875 1"
#3755000 0*
#3756000 1*
#3756250 1)
#3756500 0!
#3756625 1' 1(
#3757375 0)
#3757500 0(
#3757625 0" 0# 1$ 0% 0'
#3757875 0*
#3758875 1*
#3759500 1!
#3759750 0*
#3760750 1*
#3761250 0!
#3761375 1"
#3761625 0*
#3762375 1)
#3762625 0$ 1*
#3762750 1# 1% 1' 1(
#3763500 0)
#3763625 0% 0' 0(
#3763750 0" 1$
#3764000 0*
#3765000 1*
#3765625 1!
#3765875 0*
#3766875 1*
#3767375 0!
#3767500 1"
#3767750 0*
#3769000 1)
#3769250 1*
#3769625 0"
#3769750 1! 1% 1'
#3769875 0,
#3770500 0)
#3770750 0! 0# 0$ 0% 0'
#3771000 0*
#3772000 1*
#3772750 1)
#3773000 1$ 1% 1' 1(
#3773125 1,
#3773750 0)
#3774500 1! 1" 1# 0$ 0% 0(
#3774750 0*
#3775750 1*
#3776375 1%
#3776625 0*
#3777625 1*
#3777875 1)
#3778125 0! 0" 1(
#3779000 0)
#3779125 0% 0' 0(
#3779250 1! 1" 1&
#3779500 0*
#3780500 1*
#3780625 1)
#3780875 0! 0" 0# 0&
#3781000 1$ 1% 1' 1(
#3781750 0)
#3782000 1! 1" 1# 0$ 0% 1& 0(
#3782250 0*
#3783250 1*
#3783875 1%
#3784125 0*
#3785125 1*
#3785375 1)
#3785625 0! 0" 0& 1(
#3786500 0)
#3786625 0' 0(
#3786750 1! 1" 1&
#3787000 0*
#3787500 00
#3788000 1*
#3788250 1)
#3788375 0!
#3788500 0& 1' 1(
#3789250 0)
#3789500 0" 0# 0' 0(
#3789750 0*
#3790750 1*
#3791375 1!
#3791625 0*
#3792625 1*
#3793250 0!
#3793375 1"
#3793500 0*
#3794250 1)
#3794500 1* 10
#3794625 1# 1' 1(
#3795375 0)
#3795625 0" 0' 0(
#3795875 0*
#3796875 1*
#3797500 1!
#3797750 0*
#3798750 1*
#3799375 0! 1"
#3799625 0*
#3800375 1)
#3800625 1*
#3800750 1! 1$ 1& 1' 1(
#3801500 0)
#3803250 1)
#3803500 0! 0" 0# 0&
#3804375 0)
#3804500 0$ 0% 0'
#3804625 1! 1" 1#
#3804750 0*
#3805875 1*
#3806500 1%
#3806750 0*
#3807750 1*
#3807875 1)
#3808125 0! 0"
#3808250 1'
#3809000 0)
#3809250 1! 1" 0% 0(
#3809500 0*
#3810500 1*
#3810750 1)
#3811000 0! 0" 0# 1% 1(
#3811125 1$
#3811875 0)
#3812000 0$ 0% 0'
#3812125 1! 1" 1# 1&
#3812375 0*
#3813375 1*
#3814000 1%
#3814250 0*
#3815250 1*
#3815375 1)
#3815625 0! 0" 0&
#3815750 1'
#3816500 0)
#3816750 1! 1" 0(
#3817000 0*
#3818000 1*
#3818250 1)
#3818500 0! 1(
#3819375 0)
#3819500 0" 0# 0' 0(
#3819625 1$
#3819875 0*
#3820875 1*
#3821500 1!
#3821750 0*
#3822750 1*
#3823250 0!
#3823375 1"
#3823625 0*
#3824375 1)
#3824625 0$ 1( 1*
#3824750 1# 1'
#3825500 0)
#3825625 0" 0' 0(
#3825750 1$
#3825875 0*
#3827000 1*
#3827625 1!
#3827750 0*
#3828875 1*
#3829375 0!
#3829500 1"
#3829750 0*
#3830500 1)
#3830750 1! 1& 1' 1( 1*
#3831500 0)
#3833250 1)
#3833500 0! 0" 0# 0&
#3834375 0)
#3834625 1! 1" 1# 0$ 0%
#3834875 0*
#3835875 1*
#3836500 1%
#3836750 0*
#3837750 1*
#3838000 1)
#3838125 0!
#3838250 0"
#3839000 0)
#3839250 1! 1" 0% 0(
#3839375 1&
#3839500 0*
#3840500 1*
#3840750 1)
#3841000 0! 0" 0# 0& 1(
#3841125 1$ 1%
#3841875 0)
#3842000 0%
#3842125 1! 1" 1# 0$ 1&
#3842375 0*
#3843375 1*
#3844000 1%
#3844250 0*
#3845250 1*
#3845500 1)
#3845750 0! 0" 0&
#3846500 0)
#3846750 0(
#3846875 1! 1" 1&
#3847000 0*
#3848125 1*
#3848250 1)
#3863500 0" 0& 0'
#3863625 1$
#3864375 0)
#3864625 0! 0# 0$ 0% 1(
#3864875 0*
#3865875 1*
#3866125 1)
#3867375 1! 1" 1# 1$ 1% 1& 1'
#3868125 0)
#3869875 1)
#3871375 00
#3872875 0! 0$ 0&
#3873750 0)
#3874000 0" 0# 0% 0' 0(
#3874250 0*
#3875250 1*
#3875500 1)
#3875750 1(
#3875875 1! 1" 1# 1$ 1% 1& 1'
#3876625 0)
#3878250 1) 10
#3879375 0)
#3879875 0+
#3880875 1+
#3881750 0+
#3882750 1+
#3883625 0+
#3884625 1+
#3885500 0+
#3886500 1+
#3887625 1)
#3887875 0! 0&
#3888000 0$
#3888750 0)
#3889000 0" 0% 0' 0(
#3889250 0*
#3890250 1*
#3890500 1)
#3890875 1! 1$ 1% 1'
#3891625 0)
#3891750 0! 0# 0$ 0% 0'
#3891875 1(
#3892125 0*
#3893125 1*
#3893250 1)
#3893500 0(
#3893625 1#
#3894375 0) 0-
#3894625 0#
#3894875 0*
#3895875 1*
#3896500 1!
#3896750 0*
#3897750 1*
#3898375 0! 1"
#3898625 0*
#3899625 1*
#3900250 1!
#3900500 0*
#3901500 1*
#3902625 1)
#3902750 1-
#3902875 0!
#3903000 1# 1% 1' 1(
#3903750 0)
#3904000 0" 0# 1$ 0% 0' 0(
#3904250 0*
#3905250 1*
#3905500 1)
#3905875 1! 1# 1% 1' 0,
#3906625 0)
#3906750 0! 0# 0$ 0% 0'
#3906875 1(
#3907125 0*
#3908125 1*
#3908250 1)
#3908500 0(
#3908625 1#
#3908750 1,
#3909375 0) 0-
#3909875 0*
#3910875 1*
#3911500 1!
#3911750 0*
#3912750 1*
#3913375 0! 1"
#3913625 0*
#3914625 1*
#3915250 1!
#3915500 0*
#3916500 1*
#3917625 1)
#3917750 1-
#3917875 0!
#3918000 1% 1' 1(
#3918750 0)
#3919000 0" 1$ 0% 0' 0(
#3919250 0*
#3920250 1*
#3920500 1)
#3920750 0$
#3920875 1%
#3921625 0)
#3921875 1! 1" 1$ 1&
#3922125 0*
#3923125 1*
#3923250 1)
#3923500 0! 0" 0$ 0% 0&
#3924375 0) 0-
#3924625 0# 1$
#3924875 0*
#3925875 1*
#3926500 1!
#3926750 0*
#3927750 1*
#3928375 0! 1"
#3928625 0*
#3929625 1*
#3930250 1!
#3930500 0*
#3931500 1*
#3932625 1)
#3932750 1-
#3932875 0! 0$
#3933000 1# 1% 1' 1(
#3933750 0)
#3934000 0" 0# 0' 0(
#3934250 0*
#3935250 1*
#3935500 1)
#3935750 1! 1#
#3935875 1$
#3936625 0)
#3936750 0! 0# 0$ 0% 1(
#3937000 0*
#3938125 1*
#3938250 1)
#3938500 0(
#3938625 1#
#3939375 0) 0-
#3939625 1$
#3939875 0*
#3940875 1*
#3941500 1!
#3941750 0*
#3942750 1*
#3943250 0!
#3943375 1"
#3943625 0*
#3944625 1*
#3945250 1!
#3945500 0*
#3946500 1*
#3947625 1) 1-
#3947875 0! 0$
#3948000 1% 1' 1(
#3948750 0)
#3948875 0(
#3949000 0" 0'
#3949250 0*
#3950250 1*
#3950500 1)
#3950750 1! 1" 1$ 1& 1' 1(
#3951500 0)
#3953250 1)
#3953500 0! 0" 0$ 0% 0& 0' 0(
#3954375 0) 0-
#3954500 0#
#3954625 1%
#3954875 0*
#3955125 00
#3955875 1*
#3956500 1!
#3956750 0*
#3957750 1*
#3958250 0!
#3958375 1"
#3958625 0*
#3959625 1*
#3960250 1!
#3960500 0*
#3961500 1*
#3962125 10
#3962625 1) 1-
#3962875 0!
#3963000 1# 1' 1(
#3963750 0)
#3963875 0# 0' 0(
#3964000 0" 1$
#3964250 0*
#3965250 1*
#3965375 1)
#3965750 1! 1# 1'
#3966500 0)
#3966750 0! 0# 0$ 0% 0' 1(
#3967000 0*
#3968000 1*
#3968250 1)
#3968500 0(
#3968625 1#
#3969375 0) 0-
#3969625 1%
#3969875 0*
#3970875 1*
#3971500 1!
#3971750 0*
#3972750 1*
#3973250 0!
#3973375 1"
#3973625 0*
#3974625 1*
#3975250 1!
#3975500 0*
#3976500 1*
#3977625 1) 1-
#3977875 0! 1' 1(
#3978750 0)
#3978875 0" 0' 0(
#3979000 1$
#3979250 0*
#3980250 1*
#3980375 1)
#3980625 0$
#3980750 1!
#3981500 0)
#3981750 1" 1$ 1&
#3982000 0+
#3983000 1+
#3983250 1)
#3983500 0! 0" 0$ 0% 0&
#3984250 0-
#3984375 0)
#3984500 0#
#3984625 1$ 1%
#3984875 0*
#3985875 1*
#3986500 1!
#3986750 0*
#3987750 1*
#3988250 0!
#3988375 1"
#3988625 0*
#3989625 1*
#3990250 1!
#3990500 0*
#3991500 1*
#3992625 1) 1-
#3992875 0! 1# 0$ 1' 1(
#3993750 0)
#3993875 0" 0# 0% 0' 0(
#3994000 1&
#3994125 0*
#3995250 1*
#3995375 1)
#3995625 0&
#3995750 1! 1# 1$ 1% 1' 0,
#3996500 0)
#3996750 0! 0# 0$ 0% 0' 1(
#3997000 0*
#3998000 1*
#3998250 1)
#3998500 1# 0(
#3998625 1,
#3999250 0-
#3999375 0)
#3999625 1$ 1%
#3999750 0*
#4000875 1*
#4001500 1!
#4001625 0*
#4002750 1*
#4003250 0!
#4003375 1"
#4003500 0*
#4004625 1*
#4005125 1!
#4005375 0*
#4006500 1*
#4007625 1) 1-
#4007875 0! 0$ 1' 1(
#4008625 0)
#4008875 0" 0% 0' 0(
#4009000 1&
#4009125 0*
#4010125 1*
#4010375 1)
#4010750 1! 1" 1$ 1% 1' 1(
#4011500 0)
#4013250 1)
#4013500 0! 0" 0$ 0% 0& 0' 0(
#4014250 0) 0-
#4014500 0#
#4014625 1&
#4014750 0*
#4015750 1*
#4016375 1!
#4016625 0*
#4017625 1*
#4018250 0!
#4018375 1"
#4018500 0*
#4019500 1*
#4020125 1!
#4020375 0*
#4021375 1*
#4022625 1) 1-
#4022750 0!
#4022875 1# 1% 0& 1' 1(
#4023625 0)
#4023875 0" 0# 0% 1& 0' 0(
#4024000 1$
#4024125 0*
#4025125 1*
#4025375 1)
#4025750 1! 1" 1# 1% 1' 1(
#4026500 0)
#4028125 1)
#4028500 0! 0" 0$ 0% 0& 0' 0(
#4029250 0) 0-
#4029500 1&
#4029750 0*
#4030750 1*
#4031375 1!
#4031625 0*
#4032625 1*
#4033250 0! 1"
#4033500 0*
#4034500 1*
#4035125 1!
#4035375 0*
#4036375 1*
#4037500 1)
#4037625 1-
#4037750 0!
#4037875 1% 0& 1' 1(
#4038625 0)
#4038875 0" 1$ 0% 1& 0' 0(
#4039000 00
#4039125 0*
#4040125 1*
#4040375 1)
#4040625 0$ 0&
#4040750 1" 1%
#4041500 0)
#4041750 1! 1$ 1&
#4042000 0*
#4043000 1*
#4043125 1)
#4043375 0! 0&
#4043500 0" 0$ 0%
#4044250 0) 0-
#4044500 0# 1$ 1&
#4044750 0*
#4045750 1*
#4046000 10
#4046375 1!
#4046625 0*
#4047625 1*
#4048250 0! 1"
#4048500 0*
#4049500 1*
#4050125 1!
#4050375 0*
#4051375 1*
#4052500 1)
#4052625 1-
#4052750 0! 0&
#4052875 1# 0$ 1% 1' 1(
#4053625 0)
#4053875 0" 0# 1& 0' 0(
#4054125 0*
#4055125 1*
#4055375 1)
#4055625 1(
#4055750 1! 1" 1# 1$ 1'
#4056500 0)
#4058125 1)
#4058500 0! 0" 0$ 0% 0& 0' 0(
#4059250 0) 0-
#4059500 1$ 1&
#4059750 0*
#4060750 1*
#4061375 1!
#4061625 0*
#4062625 1*
#4063250 0! 1"
#4063500 0*
#4064500 1*
#4065125 1!
#4065375 0*
#4066375 1*
#4067500 1)
#4067625 1-
#4067750 0! 0$ 0&
#4067875 1% 1' 1(
#4068625 0)
#4068875 0" 1& 0' 0(
#4069125 0*
#4070125 1*
#4070375 1)
#4070625 0&
#4070750 1" 1$
#4071500 0)
#4071625 0" 0# 0$ 0%
#4071875 0*
#4073000 1*
#4073125 1)
#4073500 1#
#4074250 0) 0-
#4074500 0# 1% 1&
#4074750 0*
#4075750 1*
#4076375 1!
#4076625 0*
#4077625 1*
#4078250 0! 1"
#4078500 0*
#4079500 1*
#4080125 1!
#4080375 0*
#4081375 1*
#4082500 1)
#4082625 1-
#4082750 0! 0&
#4082875 1# 1' 1(
#4083625 0)
#4083875 0" 0# 1$ 1& 0' 0(
#4084125 0*
#4085125 1*
#4085375 1)
#4085625 1! 1' 1(
#4085750 1" 1#
#4086500 0)
#4088125 1)
#4088500 0! 0" 0$ 0% 0& 0' 0(
#4089250 0) 0-
#4089500 1% 1&
#4089750 0*
#4090750 1*
#4091375 1!
#4091625 0*
#4092625 1*
#4093250 0! 1"
#4093500 0*
#4094500 1*
#4095125 1!
#4095375 0*
