$date Sat Aug 15 19:30:10 2026 $end
$version libsigrok 0.5.2 $end
$comment
  Acquisition with 16/16 channels at 80 MHz
$end
$timescale 100 ps $end
$scope module libsigrok $end
$var wire 1 ! A0 $end
$var wire 1 " A1 $end
$var wire 1 # A2 $end
$var wire 1 $ A3 $end
$var wire 1 % A4 $end
$var wire 1 & A5 $end
$var wire 1 ' A6 $end
$var wire 1 ( A7 $end
$var wire 1 ) RAS $end
$var wire 1 * CAS0 $end
$var wire 1 + CAS1 $end
$var wire 1 , R/W $end
$var wire 1 - VDS $end
$var wire 1 . IRQ $end
$var wire 1 / CSW $end
$var wire 1 0 CSR $end
$upscope $end
$enddefinitions $end
#0 0! 1" 1# 0$ 1% 0& 1' 1( 0) 1* 1+ 1, 1- 0. 1/ 10
#125 1! 0# 0% 1& 0( 1) 0* 0- 00
#250 1# 0& 1( 0) 1*
#625 1)
#750 1-
#875 0!
#1000 1%
#1750 0)
#2000 0" 1$ 0% 0(
#2250 0*
#3250 1*
#3500 1)
#3750 1! 0# 0$ 1% 1& 1(
#4625 0)
#4875 1" 1# 1$
#5125 0+
#6125 1+
#6250 1)
#6500 0" 0$ 0% 0& 10
#6625 0(
#7375 0) 0-
#7625 0! 0# 1$ 1(
#7875 0*
#8875 1*
#9500 1!
#9750 0*
#10750 1*
#11375 0! 1"
#11625 0*
#12625 1*
#13250 1!
#13500 0*
#14500 1*
#15625 1)
#15750 1-
#15875 0!
#16000 1# 0$ 1%
#16750 0)
#17000 0" 0# 0(
#17250 0*
#18250 1*
#18500 1)
#18750 0% 0'
#18875 1! 1" 1$ 1& 0,
#19625 0)
#19750 0! 0" 0$ 0&
#20125 0*
#21125 1*
#21250 1)
#21625 1! 1# 1'
#21750 1,
#22375 0) 0-
#22625 0! 1$ 1(
#22875 0*
#23875 1*
#24500 1!
#24750 0*
#25750 1*
#26375 0! 1"
#26625 0*
#27625 1*
#28250 1!
#28500 0*
#29500 1*
#30750 1) 1-
#30875 0!
#31000 0$ 1%
#31750 0)
#32000 0" 0(
#32250 0*
#33250 1*
#33500 1)
#33875 1! 1" 1$ 1& 1(
#34625 0)
#36375 1)
#36625 0" 0$ 0% 0& 0(
#37375 0) 0-
#37625 0! 0# 1(
#37750 1%
#37875 0*
#38875 1*
#39500 1!
#39750 0*
#40750 1*
#41375 0!
#41500 1"
#41625 0*
#42625 1*
#43250 1!
#43500 0*
#44500 1*
#45750 1) 1-
#45875 0!
#46000 1#
#46750 0)
#47000 0" 0# 0(
#47125 1$
#47250 0*
#48250 1*
#48500 1)
#48875 1! 1" 1# 1& 1(
#49625 0)
#51375 1)
#51625 0" 0$ 0% 0& 0(
#52375 0) 0-
#52625 0! 1(
#52750 1%
#52875 0*
#53875 1*
#54500 1!
#54750 0*
#55750 1*
#56375 0!
#56500 1"
#56625 0*
#57625 1*
#58250 1!
#58500 0*
#59500 1*
#60750 1) 1-
#60875 0!
#61750 0)
#62000 0" 0(
#62125 1$
#62250 0*
#63250 1*
#63500 1)
#63750 0# 0$
#63875 1" 1& 1(
#64625 0)
#64875 1! 1# 1$
#65125 0*
#66125 1*
#66375 1)
#66625 0" 0$ 0% 0& 0(
#67375 0) 0-
#67625 0! 0# 1(
#67750 1$ 1%
#67875 0*
#68875 1*
#69500 1!
#69750 0*
#70750 1*
#71375 0!
#71500 1"
#71625 0*
#72625 1*
#73250 1!
#73500 0*
#74500 1*
#75750 1) 1-
#76000 0! 1# 0$
#76750 0)
#77000 0" 0# 0% 0(
#77125 1&
#77250 0*
#78250 1*
#78500 1)
#78750 0'
#78875 1! 1" 1$
#79625 0)
#79750 0!
#79875 0" 0$ 0&
#80125 0*
#81125 1*
#81375 1)
#81625 1! 1# 1'
#82375 0) 0-
#82625 0! 1(
#82750 1$ 1%
#82875 0*
#83500 00
#83875 1*
#84500 1!
#84750 0*
#85750 1*
#86375 0!
#86500 1"
#86625 0*
#87625 1*
#88250 1!
#88500 0*
#89500 1*
#90375 10
#90750 1) 1-
#90875 0!
#91000 0$
#91750 0)
#92000 0" 0% 1& 0(
#92250 0*
#93250 1*
#93500 1)
#93750 0# 0'
#93875 1! 1" 1$ 0,
#94625 0)
#94750 0! 0"
#94875 0$ 0&
#95125 0*
#96125 1*
#96375 1)
#96625 1! 1# 1'
#96750 1,
#97375 0) 0-
#97625 0! 0# 1(
#97750 1&
#97875 0*
#98875 1*
#99500 1!
#99750 0*
#100750 1*
#101375 0!
#101500 1"
#101625 0*
#102625 1*
#103250 1!
#103500 0*
#104500 1*
#105625 1)
#105750 1-
#105875 0!
#106000 1# 1% 0&
#106750 0)
#107000 0" 0# 1$ 0% 1& 0(
#107250 0*
#108250 1*
#108500 1)
#108875 1! 1" 1# 1% 1(
#109625 0)
#111250 1)
#111625 0" 0$ 0% 0& 0(
#112375 0) 0-
#112625 0! 1& 1(
#112875 0*
#113875 1*
#114500 1!
#114750 0*
#115750 1*
#116375 0! 1"
#116625 0*
#117625 1*
#118250 1!
#118500 0*
#119500 1*
#120625 1)
#120750 1-
#120875 0! 0&
#121000 1%
#121750 0)
#122000 0" 1$ 0% 1& 0(
#122250 0*
#123250 1*
#123500 1)
#123750 1! 0# 0$ 1(
#123875 1" 1%
#124625 0)
#124875 1# 1$
#125125 0+
#126125 1+
#126250 1)
#126500 0$ 0%
#126625 0" 0& 0(
#127375 0) 0-
#127625 0! 0# 1$ 1& 1(
#127875 0*
#128875 1*
#129500 1!
#129750 0*
#130750 1*
#131375 0! 1"
#131625 0*
#132625 1*
#133250 1!
#133500 0*
#134500 1*
#135625 1)
#135750 1-
#135875 0! 0$ 0&
#136000 1# 1%
#136750 0)
#137000 0" 0# 1& 0(
#137250 0*
#138250 1*
#138500 1)
#138750 1! 1" 0% 0'
#138875 1$
#139625 0)
#139750 0" 0$ 0&
#140000 0*
#141125 1*
#141250 1)
#141625 1# 1'
#142375 0) 0-
#142500 0!
#142625 1$ 1& 1(
#142875 0*
#143875 1*
#144500 1!
#144750 0*
#145750 1*
#146250 0!
#146375 1"
#146625 0*
#147625 1*
#148250 1!
#148500 0*
#149500 1*
#150625 1)
#150750 1-
#150875 0! 0$ 0&
#151000 1%
#151750 0)
#152000 0" 1& 0(
#152250 0*
#153250 1*
#153500 1)
#153750 1! 1" 0# 1$ 0% 0'
#153875 0,
#154500 0)
#154750 0" 0$ 0&
#155000 0*
#156000 1*
#156250 1)
#156625 1# 1' 1,
#157375 0) 0-
#157500 0! 0#
#157625 1% 1& 1(
#157875 0*
#158875 1*
#159500 1!
#159750 0*
#160750 1*
#161250 0!
#161375 1"
#161625 0*
#162625 1*
#163250 1!
#163500 0*
#164500 1*
#165625 1) 1-
#165875 0! 0&
#166000 1#
#166750 0)
#166875 0" 0# 0(
#167000 1$ 1&
#167250 0* 00
#168250 1*
#168375 1)
#168750 1! 1" 1# 1(
#169500 0)
#171250 1)
#171500 0" 0$ 0% 0& 0(
#172250 0-
#172375 0)
#172500 0!
#172625 1% 1& 1(
#172875 0*
#173875 1*
#174250 10
#174500 1!
#174750 0*
#175750 1*
#176250 0!
#176375 1"
#176625 0*
#177625 1*
#178250 1!
#178500 0*
#179500 1*
#180625 1) 1-
#180875 0! 0&
#181750 0)
#181875 0" 0(
#182000 1$ 1&
#182250 0*
#183250 1*
#183375 1)
#183625 0$
#183750 1(
#184500 0)
#184750 1! 1" 1$
#185000 0*
#186000 1*
#186250 1)
#186500 0" 0$ 0% 0& 0(
#187250 0-
#187375 0)
#187500 0! 0#
#187625 1$ 1% 1& 1(
#187875 0*
#188875 1*
#189500 1!
#189750 0*
#190750 1*
#191250 0!
#191375 1"
#191625 0*
#192625 1*
#193250 1!
#193500 0*
#194500 1*
#195625 1) 1-
#195875 1#
#196750 0)
#197250 0+
#198250 1+
#198375 1)
#198625 0# 0% 0' 0(
#199500 0)
#199750 0" 0$ 0&
#200000 0*
#201000 1*
#201250 1)
#201500 1# 1'
#202250 0) 0-
#202500 0!
#202625 1$ 1% 1& 1(
#202750 0*
#203875 1*
#204500 1!
#204625 0*
#205750 1*
#206250 0!
#206375 1"
#206500 0*
#207625 1*
#208125 1!
#208375 0*
#209500 1*
#210625 1) 1-
#210875 0! 0$ 0&
#211625 0)
#211875 0" 0# 0% 0(
#212125 0*
#213125 1*
#213875 1!
#214000 0*
#215000 1*
#215625 0!
#215750 1"
#215875 0*
#216625 1)
#216875 1*
#217000 1# 1% 1(
#217750 0)
#218000 0" 0# 0% 0' 0(
#218250 0*
#219250 1*
#219875 1!
#220125 0*
#221125 1*
#221750 0! 1"
#222000 0*
#222750 1)
#223000 1*
#223125 1! 1$ 1& 0,
#223875 0)
#224000 0&
#224125 0" 0$
#224375 0*
#225375 1*
#225625 1)
#225750 0!
#225875 1" 1$ 1% 1' 1(
#226000 1,
#226625 0)
#226875 1! 0% 0' 0(
#227125 0*
#228125 1*
#228875 1%
#229000 0*
#230000 1*
#230250 1)
#230500 0" 0$
#230625 1# 1' 1(
#231375 0)
#231500 0' 0(
#231625 1" 0# 1$ 0%
#231875 0*
#232875 1*
#233125 1)
#233250 0! 0"
#233375 1% 1' 1(
#234125 0)
#234375 1! 1" 0% 0' 0(
#234625 0*
#235625 1*
#236250 1%
#236500 0*
#237500 1*
#237750 1)
#238000 0! 0" 0$ 1(
#238125 1# 1'
#238875 0)
#239000 0' 0(
#239125 1! 1" 0# 1$ 0%
#239375 0*
#240375 1*
#240625 1)
#240750 0!
#240875 1# 0$ 1% 1' 1(
#241625 0)
#241875 0" 0# 0% 0' 0(
#242125 0*
#243125 1*
#243750 1!
#244000 0*
#245000 1*
#245625 0!
#245750 1"
#245875 0*
#246625 1)
#246875 1*
#247000 1# 1% 1' 1(
#247750 0)
#248000 0" 0# 0% 0' 0(
#248250 0*
#249250 1*
#249875 1!
#250125 0*
#251125 1* 00
#251625 0!
#251750 1"
#252000 0*
#253250 1)
#253500 1*
#254000 1! 1# 1$ 1% 1& 1' 1(
#254750 0)
#257000 1)
#257250 0! 0" 0# 0&
#258125 0) 10
#258750 1! 1" 0% 0' 0(
#259000 0*
#260000 1*
#260625 1%
#260875 0*
#261875 1*
#262125 1)
#262375 0! 0" 0$
#262500 1# 1' 1(
#263250 0)
#263375 0' 0(
#263500 1! 1" 0# 1$ 0%
#263750 0*
#264750 1*
#264875 1)
#265125 0! 0"
#265250 1% 1' 1(
#266000 0)
#266250 1! 1" 0% 0' 0(
#266500 0*
#267500 1*
#268125 1%
#268375 0*
#269375 1*
#269625 1)
#269875 0! 0" 0$ 1(
#270000 1# 1'
#270750 0)
#270875 0' 0(
#271000 1! 1" 0# 1$ 0%
#271250 0*
#272250 1*
#272375 1)
#272625 0!
#272750 1# 0$ 1% 1' 1(
#273500 0)
#273750 0" 0# 0% 0' 0(
#274000 0*
#275000 1*
#275625 1!
#275875 0*
#276875 1*
#277500 0!
#277625 1"
#277750 0*
#278500 1)
#278750 1*
#278875 1# 1% 1' 1(
#279625 0)
#279875 0" 0# 0% 0' 0(
#280125 0*
#281125 1*
#281750 1!
#282000 0*
#283000 1*
#283500 0!
#283625 1"
#283875 0*
#284625 1)
#284875 1*
#285000 1! 1# 1$ 1% 1& 1' 1(
#285750 0)
#287500 1)
#287750 0! 0" 0# 0&
#288500 0)
#288750 1! 1" 0% 0' 0(
#289000 0*
#290000 1*
#290750 1%
#290875 0*
#291875 1*
#292125 1)
#292375 0! 0" 0$
#292500 1# 1' 1(
#293250 0)
#293375 0(
#293500 1! 1" 0# 1$ 0% 0'
#293750 0*
#294750 1*
#295000 1)
#295125 0! 0"
#295250 1% 1' 1(
#296000 0)
#296250 1! 0% 0' 0(
#296375 1"
#296500 0*
#297500 1*
#298250 1%
#298375 0*
#299375 1*
#299625 1)
#299875 0! 0" 0$
#300000 1# 1' 1(
#300750 0)
#301000 1! 1" 0# 1$ 0% 0' 0(
#301250 0*
#302250 1*
#302500 1)
#302625 0!
#302750 1# 0$ 1% 1' 1(
#303500 0)
#303750 0" 0# 0% 0' 0(
#304000 0*
#305125 1*
#305750 1!
#305875 0*
#307000 1*
#307500 0!
#307625 1"
#307750 0*
#308625 1)
#308750 1*
#308875 1# 1% 1' 1(
#309625 0)
#309875 0" 0# 0% 0' 0(
#310125 0*
#311125 1*
#311750 1!
#312000 0*
#313000 1*
#313625 0! 1"
#313875 0*
#314625 1)
#314875 1*
#315000 1! 1$ 1&
#315750 0)
#316000 0! 0" 0$ 0& 1(
#316250 0*
#317250 1*
#317500 1)
#317750 1$ 1% 1'
#318625 0)
#318750 0% 0' 0(
#318875 1! 1"
#319000 0*
#320125 1*
#320750 1%
#321000 0*
#322000 1*
#322125 1)
#322375 0! 0" 0$
#322500 1# 1' 1(
#323250 0)
#323500 1! 1" 0# 1$ 0% 0' 0(
#323750 0*
#324750 1*
#325000 1)
#325250 0! 0" 1% 1' 1(
#326125 0)
#326250 0% 0' 0(
#326375 1! 1"
#326625 0*
#327625 1*
#328250 1%
#328500 0*
#329500 1*
#329625 1)
#329875 0! 0" 0$
#330000 1# 1' 1(
#330750 0)
#331000 1! 1" 0# 1$ 0% 0' 0(
#331250 0*
#332250 1*
#332500 1)
#335000 00
#342000 10
#347875 1& 0,
#348625 0)
#348750 0!
#348875 0" 0$ 0& 1(
#349125 0*
#350125 1*
#350375 1)
#351625 1! 1" 1# 1$ 1% 1& 1' 1,
#352375 0)
#354125 1)
#357125 0! 0$ 0&
#358000 0)
#358250 0" 0# 0% 0' 0(
#358500 0*
#359500 1*
#359750 1)
#360000 1' 1(
#360125 1! 1" 1# 1$ 1% 1&
#360875 0)
#362500 1)
#363625 0)
#364125 0+
#365125 1+
#366000 0+
#367000 1+
#367875 0+
#368875 1+
#369750 0+
#370750 1+
#371875 1)
#372125 0!
#372250 0$ 0&
#373000 0)
#373250 0" 0% 0' 0(
#373500 0*
#374500 1*
#374750 1)
#375125 1! 1" 1$ 1% 1& 1' 1(
#375875 0)
#377500 1)
#377875 0! 0$ 0% 0& 0(
#378625 0) 0-
#378875 0" 0# 0'
#379125 0*
#380125 1*
#380750 1!
#381000 0*
#382000 1*
#382625 0!
#382750 1"
#382875 0*
#383875 1*
#384500 1!
#384750 0*
#385750 1*
#387000 1) 1-
#387125 0!
#387250 1# 1% 1' 1(
#388000 0)
#388250 0" 0# 0% 0' 0(
#388375 1$
#388500 0*
#389500 1*
#389750 1)
#390125 1! 1" 1&
#390875 0)
#391000 0!
#391125 0" 0$ 0& 1(
#391375 0*
#392375 1*
#392625 1)
#392875 1" 1# 1' 0(
#393625 0) 0-
#393875 0" 0'
#394125 0*
#395250 1*
#395875 1!
#396000 0*
#397125 1*
#397625 0!
#397750 1"
#397875 0*
#399000 1*
#399625 1!
#399750 0*
#400875 1*
#402000 1) 1-
#402250 0! 1% 1' 1(
#403125 0)
#403250 0" 0% 0' 0(
#403375 1$
#403500 0*
#404625 1*
#404750 1)
#405000 0$
#405125 1! 1% 1& 1' 1(
#405875 0)
#406125 1" 1$
#406375 0+
#407375 1+
#407625 1)
#407875 0! 0$ 0% 0& 0(
#408625 0-
#408750 0)
#408875 0" 0# 0'
#409000 1$
#409250 0*
#410250 1*
#410875 1!
#411125 0*
#412125 1*
#412625 0!
#412750 1"
#413000 0*
#414000 1*
#414625 1!
#414875 0*
#415875 1*
#417000 1) 1-
#417250 0! 0$ 1' 1(
#417375 1# 1%
#418125 0)
#418250 0" 0# 0' 0(
#418625 0*
#418875 00
#419625 1*
#419750 1)
#420000 0%
#420125 1! 1" 1$ 1&
#420250 0,
#420875 0)
#421125 0! 0" 0$ 0& 1(
#421375 0*
#422375 1*
#422625 1)
#422875 0(
#423000 1" 1# 1' 1,
#423750 0) 0-
#423875 0" 0'
#424000 1$
#424250 0*
#425250 1*
#425750 10
#425875 1!
#426125 0*
#427125 1*
#427625 0!
#427750 1"
#428000 0*
#429000 1*
#429625 1!
#429875 0*
#430875 1*
#432000 1) 1-
#432250 0! 0$
#432375 1% 1' 1(
#433125 0)
#433250 0' 0(
#433375 0"
#433625 0*
#434625 1*
#434875 1)
#435125 1! 1" 1$ 1& 1' 1(
#435875 0)
#437625 1)
#437875 0! 0$ 0% 0& 0(
#438750 0) 0-
#438875 0"
#439000 0# 1% 0'
#439250 0*
#440250 1*
#440875 1!
#441125 0*
#442125 1*
#442625 0!
#442750 1"
#443000 0*
#444000 1*
#444625 1!
#444875 0*
#445875 1*
#447000 1)
#447125 1-
#447250 0!
#447375 1# 1' 1(
#448125 0)
#448375 0" 0# 1$ 0' 0(
#448625 0*
#449625 1*
#449875 1)
#450125 1! 1" 1# 1& 1' 1(
#451000 0)
#452625 1)
#452875 0! 0% 0& 0(
#453000 0$
#453750 0) 0-
#454000 0" 1% 0'
#454250 0*
#455250 1*
#455875 1!
#456125 0*
#457125 1*
#457625 0!
#457750 1"
#458000 0*
#459000 1*
#459625 1!
#459875 0*
#460875 1*
#462000 1)
#462125 1-
#462250 0!
#462375 1' 1(
#463125 0)
#463375 0" 1$ 0' 0(
#463625 0*
#464625 1*
#464875 1)
#465125 0$ 1& 1' 1(
#465250 1"
#466000 0)
#466250 1! 1$
#466500 0*
#467500 1*
#467625 1)
#467875 0$ 0&
#468000 0! 0% 0(
#468750 0) 0-
#469000 0" 0# 1$ 1% 0'
#469250 0*
#470250 1*
#470875 1!
#471125 0*
#472125 1*
#472750 0! 1"
#473000 0*
#474000 1*
#474625 1!
#474875 0*
#475875 1*
#477000 1)
#477125 1-
#477250 0! 0$
#477375 1# 1' 1(
#478125 0)
#478375 0" 0# 0% 1& 0' 0(
#478625 0*
#479625 1*
#479875 1)
#480125 1!
#480250 1" 1$
#481000 0)
#481125 0" 0$ 0&
#481250 1(
#481500 0*
#482500 1*
#482625 1)
#482875 0! 0(
#483000 1" 1# 1'
#483750 0) 0-
#484000 0" 1$ 1% 0'
#484250 0*
#485250 1*
#485875 1!
#486125 0*
#487125 1*
#487750 0! 1"
#488000 0*
#489000 1*
#489625 1!
#489875 0*
#490875 1*
#492000 1)
#492125 1-
#492250 0!
#492375 0$ 1' 1(
#493125 0)
#493375 0" 0% 1& 0' 0(
#493625 0*
#494625 1*
#494875 1)
#495125 1! 0#
#495250 1" 1$ 0,
#496000 0)
#496125 0" 0$ 0&
#496250 1(
#496500 0*
#497500 1*
#497625 1)
#497875 0! 0(
#498000 1" 1# 1'
#498125 1,
#498750 0) 0-
#499000 0" 0# 1& 0'
#499250 0*
#500250 1*
#500875 1!
#501125 0*
#502125 1*
#502625 00
#502750 0! 1"
#503000 0*
#504000 1*
#504625 1!
#504875 0*
#505875 1*
#507000 1)
#507125 1-
#507250 0! 0&
#507375 1# 1% 1' 1(
#508125 0)
#508375 0" 0# 1$ 0% 1& 0' 0(
#508625 0*
#509625 1* 10
#509875 1)
#510125 1(
#510250 1! 1" 1# 1% 1'
#511000 0)
#512625 1)
#512875 0%
#513000 0! 0$ 0& 0(
#513750 0) 0-
#514000 0" 1& 0'
#514250 0*
#515250 1*
#515875 1!
#516125 0*
#517125 1*
#517750 0! 1"
#518000 0*
#519000 1*
#519625 1!
#519875 0*
#520875 1*
#522000 1)
#522125 1-
#522250 0! 0&
#522375 1% 1' 1(
#523125 0)
#523375 0" 1$ 0% 1& 0' 0(
#523625 0*
#524625 1*
#524875 1)
#525125 1! 0$ 1' 1(
#525250 1" 1%
#526000 0)
#526250 1$
#526500 0+
#527500 1+
#527625 1)
#527875 0! 0$ 0% 0&
#528000 0(
#528750 0) 0-
#529000 0" 0# 1$ 1& 0'
#529250 0*
#530250 1*
#530875 1!
#531125 0*
#532125 1*
#532625 0!
#532750 1"
#533000 0*
#534000 1*
#534625 1!
#534875 0*
#535875 1*
#537000 1)
#537125 1-
#537250 0! 0$ 0&
#537375 1# 1% 1' 1(
#538125 0)
#538375 0" 0# 1& 0' 0(
#538625 0*
#539625 1*
#539875 1)
#540125 1! 1" 0%
#540250 1$
#540875 0)
#541125 0" 0$ 0&
#541250 1(
#541375 0*
#542500 1*
#542625 1)
#542875 0! 0(
#543000 1" 1# 1'
#543750 0) 0-
#544000 0" 1$ 1& 0'
#544250 0*
#545250 1*
#545875 1!
#546125 0*
#547125 1*
#547625 0!
#547750 1"
#548000 0*
#549000 1*
#549625 1!
#549875 0*
#550875 1*
#552000 1)
#552125 1-
#552250 0! 0$ 0&
#552375 1% 1' 1(
#553125 0)
#553250 0' 0(
#553375 0" 1&
#553625 0*
#554625 1*
#554875 1)
#555125 1! 1" 0# 1$ 0%
#555250 0,
#555875 0)
#556125 0" 0$ 0& 1(
#556375 0*
#557375 1*
#557625 1)
#557875 0! 0(
#558000 1" 1# 1' 1,
#558750 0) 0-
#558875 0" 0# 0'
#559000 1% 1&
#559250 0*
#560250 1*
#560875 1!
#561125 0*
#562125 1*
#562625 0!
#562750 1"
#563000 0*
#564000 1*
#564625 1!
#564875 0*
#565875 1*
#567000 1) 1-
#567250 0! 0& 1(
#567375 1# 1'
#568125 0)
#568250 0# 0' 0(
#568375 0" 1$ 1&
#568625 0*
#569625 1*
#569750 1)
#570125 1! 1" 1# 1' 1(
#570875 0)
#572625 1)
#572875 0! 0$ 0% 0& 0(
#573625 0-
#573750 0)
#573875 0" 0'
#574000 1% 1&
#574250 0*
#575250 1*
#575875 1!
#576125 0*
#577125 1*
#577625 0!
#577750 1"
#578000 0*
#579000 1*
#579625 1!
#579875 0*
#580875 1*
#582000 1) 1-
#582250 0! 0& 1' 1(
#583125 0)
#583250 0" 0' 0(
#583375 1$ 1&
#583625 0*
#584625 1*
#584750 1)
#585000 0#
#585125 1' 1(
#585875 0)
#586125 1! 1" 1#
#586375 0*
#586500 00
#587375 1*
#587625 1)
#587875 0! 0$ 0% 0& 0(
#588625 0-
#588750 0)
#588875 0" 0# 0'
#589000 1$ 1% 1&
#589250 0*
#590250 1*
#590875 1!
#591125 0*
#592125 1*
#592625 0!
#592750 1"
#593000 0*
#593500 10
#594000 1*
#594625 1!
#594875 0*
#595875 1*
#597000 1) 1-
#597250 0! 1# 0$ 0& 1' 1(
#598125 0)
#598250 0" 0# 0% 0(
#598500 0*
#599625 1*
#599750 1)
#600125 1! 1" 1# 1$ 1% 1& 1(
#600875 0)
#602625 1)
#602875 0! 0$ 0% 0& 0(
#603625 0) 0-
#603875 0" 0'
#604000 1$ 1% 1&
#604125 0*
#605250 1*
#605875 1!
#606000 0*
#607125 1*
#607625 0!
#607750 1"
#607875 0*
#609000 1*
#609500 1!
#609750 0*
#610875 1*
#612000 1) 1-
#612250 0! 0$ 0& 1' 1(
#613000 0)
#613250 0" 0% 0(
#613500 0*
#614500 1*
#614750 1)
#615125 1! 1" 1$ 1% 1& 1(
#615875 0)
#617625 1)
#617875 0! 0$ 0% 0& 0(
#618625 0) 0-
#618875 0" 0#
#619125 0*
#620125 1*
#620875 1!
#621000 0*
#622000 1*
#622625 0!
#622750 1"
#622875 0*
#623875 1*
#624500 1!
#624750 0*
#625750 1*
#627000 1) 1-
#627125 0!
#627250 1# 1% 1(
#628000 0)
#628250 0" 0# 0% 0(
#628375 1$
#628500 0*
#629500 1*
#629750 1)
#630000 0'
#630125 1# 1&
#630875 0)
#631000 0# 0&
#631125 0$
#631375 0*
#632375 1*
#632500 1)
#632875 1" 1# 1'
#633625 0) 0-
#633875 0"
#634125 0*
#635125 1*
#635750 1!
#636000 0*
#637000 1*
#637625 0! 1"
#637875 0*
#638875 1*
#639500 1!
#639750 0*
#640750 1*
#641875 1)
#642000 1-
#642125 0!
#642250 1% 1(
#643000 0)
#643250 0" 1$ 0% 0(
#643500 0*
#644500 1*
#644750 1)
#645000 0# 1(
#645125 1! 1% 1&
#645875 0)
#646125 1" 1#
#646375 0+
#647375 1+
#647500 1)
#647875 0! 0$ 0% 0& 0(
#648625 0) 0-
#648875 0" 0# 1$
#649125 0*
#650125 1*
#650750 1!
#651000 0*
#652000 1*
#652625 0! 1"
#652875 0*
#653875 1*
#654500 1!
#654750 0*
#655750 1*
#656875 1)
#657000 1-
#657125 0!
#657250 1# 0$ 1% 1(
#658000 0)
#658250 0" 0# 0(
#658500 0*
#659500 1*
#659750 1)
#660000 0% 0'
#660125 1# 1$ 1& 0,
#660875 0)
#661000 0# 0$ 0&
#661375 0*
#662375 1*
#662500 1)
#662875 1" 1# 1'
#663000 1,
#663625 0) 0-
#663875 0" 1$
#664125 0*
#665125 1*
#665750 1!
#666000 0*
#667000 1*
#667625 0! 1"
#667875 0*
#668875 1*
#669500 1!
#669750 0*
#670375 00
#670750 1*
#671875 1)
#672000 1-
#672125 0! 0$
#672250 1% 1(
#673000 0)
#673250 0" 0(
#673500 0*
#674500 1*
#674750 1)
#675000 1! 1(
#675125 1" 1$ 1&
#675875 0)
#677375 10
#677500 1)
#677750 0&
#677875 0! 0$ 0% 0(
#678625 0) 0-
#678875 0" 0# 1%
#679125 0*
#680125 1*
#680750 1!
#681000 0*
#682000 1*
#682625 0! 1"
#682875 0*
#683875 1*
#684500 1!
#684750 0*
#685750 1*
#686875 1)
#687000 1-
#687125 0!
#687250 1# 1(
#688000 0)
#688250 0" 0# 1$ 0(
#688500 0*
#689500 1*
#689750 1)
#690000 1(
#690125 1! 1" 1# 1&
#690875 0)
#692500 1)
#692750 0&
#692875 0! 0$ 0% 0(
#693625 0) 0-
#693875 0" 1%
#694125 0*
#695125 1*
#695750 1!
#696000 0*
#697000 1*
#697625 0! 1"
#697875 0*
#698875 1*
#699500 1!
#699750 0*
#700750 1*
#701875 1)
#702000 1-
#702125 0!
#702250 1(
#703000 0)
#703250 0" 1$ 0(
#703500 0*
#704500 1*
#704750 1)
#705000 0# 1(
#705125 1" 1&
#705875 0)
#706125 1! 1#
#706375 0*
#707375 1*
#707500 1)
#707750 0&
#707875 0! 0$ 0% 0(
#708625 0) 0-
#708875 0" 0# 1$ 1%
#709125 0*
#710125 1*
#710750 1!
#711000 0*
#712000 1*
#712625 0! 1"
#712875 0*
#713875 1*
#714500 1!
#714750 0*
#715750 1*
#716875 1)
#717000 1-
#717125 0!
#717250 1# 0$ 1(
#718000 0)
#718250 0" 0# 0% 1& 0(
#718500 0*
#719500 1*
#719750 1)
#720000 0'
#720125 1# 1$
#720875 0)
#721000 0# 0$ 0&
#721375 0*
#722375 1*
#722500 1)
#722875 1" 1# 1'
#723625 0) 0-
#723875 0" 1$ 1%
#724125 0*
#725125 1*
#725750 1!
#726000 0*
#727000 1*
#727625 0! 1"
#727875 0*
#728875 1*
#729500 1!
#729750 0*
#730750 1*
#732000 1) 1-
#732125 0!
#732250 0$ 1(
#733000 0)
#733250 0" 0% 1& 0(
#733500 0*
#734500 1*
#734750 1)
#735000 0'
#735125 1$ 0,
#735875 0)
#736000 0$ 0&
#736125 0#
#736375 0*
#737375 1*
#737625 1)
#737875 1" 1# 1'
#738000 1,
#738625 0) 0-
#738875 0" 0#
#739000 1&
#739125 0*
#740125 1*
#740750 1!
#741000 0*
#742000 1*
#742625 0!
#742750 1"
#742875 0*
#743875 1*
#744500 1!
#744750 0*
#745750 1*
#747000 1) 1-
#747125 0!
#747250 1# 1% 0& 1(
#748000 0)
#748250 0" 0# 0% 0(
#748375 1$ 1&
#748500 0*
#749500 1*
#749750 1)
#750125 1! 1" 1# 1% 1(
#750875 0)
#752625 1)
#752875 0! 0$ 0% 0& 0(
#753625 0) 0-
#753875 0"
#754000 1&
#754125 0*
#754250 00
#755250 1*
#755875 1!
#756000 0*
#757125 1*
#757625 0!
#757750 1"
#757875 0*
#759000 1*
#759625 1!
#759750 0*
#760875 1*
#761125 10
#762000 1) 1-
#762250 0! 1% 0& 1(
#763125 0)
#763250 0" 0% 0(
#763375 1$ 1&
#763500 0*
#764625 1*
#764750 1)
#765000 0#
#765125 1! 1" 1% 1(
#765875 0)
#766125 1#
#766375 0+
#767375 1+
#767625 1)
#767875 0! 0$ 0% 0& 0(
#768625 0-
#768750 0)
#768875 0" 0#
#769000 1$ 1&
#769250 0*
#770250 1*
#770875 1!
#771125 0*
#772125 1*
#772625 0!
#772750 1"
#773000 0*
#774000 1*
#774625 1!
#774875 0*
#775875 1*
#777000 1) 1-
#777250 0! 0$ 0& 1(
#777375 1# 1%
#778125 0)
#778250 0" 0# 0(
#778375 1&
#778625 0*
#779625 1*
#779750 1)
#780000 0% 0'
#780125 1# 1$
#780875 0)
#781125 1! 0# 0$ 0&
#781375 0*
#782375 1*
#782625 1)
#782875 0!
#783000 1" 1# 1'
#783625 0-
#783750 0)
#783875 0"
#784000 1$ 1&
#784250 0*
#785250 1*
#785875 1!
#786125 0*
#787125 1*
#787625 0!
#787750 1"
#788000 0*
#789000 1*
#789625 1!
#789875 0*
#790875 1*
#792000 1) 1-
#792250 0! 0$ 0& 1(
#792375 1%
#793125 0)
#793250 0" 0(
#793375 1&
#793625 0*
#794625 1*
#794875 1)
#795125 1$ 0% 0'
#795250 0,
#795875 0)
#796125 1! 0# 0$ 0&
#796375 0*
#797375 1*
#797625 1)
#797875 0!
#798000 1" 1# 1' 1,
#798750 0) 0-
#798875 0" 0#
#799000 1% 1&
#799250 0*
#800250 1*
#800875 1!
#801125 0*
#802125 1*
#802625 0!
#802750 1"
#803000 0*
#804000 1*
#804625 1!
#804875 0*
#805875 1*
#807000 1)
#807125 1-
#807250 0! 0&
#807375 1# 1(
#808125 0)
#808375 0" 0# 1$ 1& 0(
#808625 0*
#809625 1*
#809875 1)
#810125 1! 1" 1# 1(
#811000 0)
#812625 1)
#812875 0% 0&
#813000 0! 0$ 0(
#813750 0) 0-
#814000 0" 1% 1&
#814250 0*
#815250 1*
#815875 1!
#816125 0*
#817125 1*
#817750 0! 1"
#818000 0*
#819000 1*
#819625 1!
#819875 0*
#820875 1*
#822000 1)
#822125 1-
#822250 0! 0&
#822375 1(
#823125 0)
#823375 0" 1$ 1& 0(
#823625 0*
#824625 1*
#824875 1)
#825125 1(
#826000 0)
#826250 1! 1"
#826500 0*
#827500 1*
#827625 1)
#828000 0! 0$ 0% 0& 0(
#828750 0) 0-
#829000 0" 0# 1$ 1% 1&
#829250 0*
#830250 1*
#830875 1!
#831125 0*
#832125 1*
#832750 0! 1"
#833000 0*
#834000 1*
#834625 1!
#834875 0*
#835875 1*
#837125 1) 1-
#837375 1# 1(
#838125 0) 00
#838750 0+
#839750 1+
#839875 1)
#840125 0! 0" 0% 0' 0(
#841000 0)
#841250 1! 0# 0$ 0&
#841500 0*
#842500 1*
#842750 1)
#842875 0!
#843000 1" 1# 1'
#843750 0) 0-
#844000 0"
#844125 1$ 1% 1&
#844250 0*
#845000 10
#845250 1*
#846000 1!
#846125 0*
#847250 1*
#847750 0!
#847875 1"
#848000 0*
#849125 1*
#849625 1!
#849875 0*
#851000 1*
#852125 1) 1-
#852375 0! 0$ 0& 1(
#853250 0)
#853375 0" 0# 0% 0(
#853625 0*
#854750 1*
#855375 1!
#855500 0*
#856625 1*
#857125 0!
#857250 1"
#857375 0*
#858250 1)
#858500 1( 1*
#858625 1# 1%
#859250 0)
#859500 0" 0# 0% 0' 0(
#859750 0*
#860750 1*
#861375 1!
#861625 0*
#862625 1*
#863250 0!
#863375 1"
#863500 0*
#864250 1)
#864500 0" 1*
#864625 1# 1$ 1&
#864750 0,
#865375 0)
#865625 1! 0# 0$ 0&
#865875 0*
#866875 1*
#867125 1)
#867375 0! 1' 1(
#867500 1" 1$ 1% 1,
#868250 0)
#868375 0" 0% 0' 0(
#868500 1#
#868750 0*
#869750 1*
#870375 1%
#870625 0*
#871625 1*
#871750 1)
#872000 0$
#872125 1! 1' 1(
#872875 0)
#873125 0! 1$ 0% 0' 0(
#873375 0*
#874375 1*
#874625 1)
#874875 0# 1' 1(
#875000 1%
#875750 0)
#875875 0% 0' 0(
#876000 1#
#876250 0*
#877250 1*
#877875 1%
#878125 0*
#879125 1*
#879250 1)
#879500 0$
#879625 1' 1(
#880375 0)
#880625 1$ 0% 0' 0(
#880875 0*
#881875 1*
#882125 1)
#882375 0$ 1(
#882500 1" 1% 1'
#883250 0)
#883375 0" 0% 0' 0(
#883500 0#
#883750 0*
#884750 1*
#885375 1!
#885625 0*
#886625 1*
#887125 0!
#887250 1"
#887500 0*
#888250 1)
#888500 1*
#888625 1# 1% 1' 1(
#889375 0)
#889500 0" 0# 0% 0' 0(
#889750 0*
#890875 1*
#891500 1!
#891750 0*
#892750 1*
#893250 0!
#893375 1"
#893625 0*
#894750 1)
#895000 1*
#895625 1! 1# 1$ 1% 1& 1' 1(
#896375 0)
#898500 1)
#898750 0! 0" 0# 0&
#899625 0)
#900250 0(
#900375 1# 0% 0'
#900625 0*
#901625 1*
#902250 1%
#902500 0*
#903500 1*
#903750 1)
#904000 0$ 1' 1(
#904750 0)
#905000 0% 0' 0(
#905125 1$
#905250 0*
#906250 1*
#906500 1)
#906750 0#
#906875 1% 1' 1(
#907625 0)
#907750 0% 0' 0(
#907875 1#
#908125 0*
#909125 1*
#909750 1%
#910000 0*
#911000 1*
#911250 1)
#911500 0$ 1' 1(
#912250 0)
#912500 0% 0' 0(
#912625 1$
#912750 0*
#913750 1*
#914000 1)
#914250 0$
#914375 1" 1% 1' 1(
#915125 0)
#915250 0(
#915375 0" 0# 0% 0'
#915625 0*
#916625 1*
#917250 1!
#917500 0*
#918500 1*
#919000 0!
#919125 1"
#919375 0*
#920125 1)
#920375 1*
#920500 1# 1% 1' 1(
#921250 0)
#921375 0" 0# 0% 0' 0(
#921750 0*
#921875 00
#922750 1*
#923375 1!
#923625 0*
#924625 1*
#925125 0!
#925250 1"
#925500 0*
#926250 1)
#926500 1! 1# 1$ 1% 1& 1' 1( 1*
#927375 0)
#928875 10
#929000 1)
#929250 0! 0" 0# 0&
#930125 0)
#930250 0(
#930375 1# 0% 0'
#930625 0*
#931625 1*
#932250 1%
#932500 0*
#933500 1*
#933750 1)
#934000 0$ 1' 1(
#934750 0)
#935000 0% 0' 0(
#935125 1$
#935250 0*
#936250 1*
#936500 1)
#936750 0#
#936875 1% 1' 1(
#937625 0)
#937750 0' 0(
#937875 1# 0%
#938125 0*
#939125 1*
#939750 1%
#940000 0*
#941000 1*
#941250 1)
#941500 0$ 1' 1(
#942250 0)
#942500 0% 0' 0(
#942625 1$
#942750 0*
#943750 1*
#944000 1)
#944250 0$
#944375 1" 1% 1' 1(
#945125 0)
#945250 0(
#945375 0" 0# 0% 0'
#945625 0*
#946625 1*
#947250 1!
#947500 0*
#948500 1*
#949000 0!
#949125 1"
#949375 0*
#950125 1)
#950375 1*
#950500 1# 1% 1' 1(
#951250 0)
#951375 0" 0# 0% 0' 0(
#951750 0*
#952750 1*
#953375 1!
#953625 0*
#954625 1*
#955125 0!
#955250 1"
#955500 0*
#956250 1)
#956375 0"
#956500 1# 1$ 1& 1*
#957250 0)
#957500 0# 0$ 0& 1(
#957750 0*
#958750 1*
#959000 1)
#959375 1$ 1% 1'
#960125 0)
#960250 0% 0' 0(
#960375 1#
#960625 0*
#961625 1*
#962250 1%
#962500 0*
#963500 1*
#963750 1)
#964000 0$ 1' 1(
#964750 0)
#965000 1$ 0% 0' 0(
#965250 0*
#966250 1*
#966500 1)
#966750 0# 1(
#966875 1% 1'
#967625 0)
#967750 0% 0' 0(
#967875 1#
#968125 0*
#969125 1*
#969750 1%
#970000 0*
#971000 1*
#971125 1)
#971500 0$ 1' 1(
#972250 0)
#972500 1$ 0% 0' 0(
#972750 0*
#973750 1*
#974000 1)
#989375 1& 0,
#990125 0)
#990250 0# 0$ 0&
#990375 1(
#990625 0*
#991625 1*
#991750 1)
#993125 1! 1" 1# 1$ 1% 1& 1' 1,
#993875 0)
#995500 1)
#998625 0! 0$ 0&
#999500 0)
#999625 0" 0# 0% 0' 0(
#999875 0*
#1001000 1*
#1001125 1)
#1001500 1! 1" 1# 1$ 1% 1& 1' 1(
#1002250 0)
#1004000 1)
#1005125 0)
#1005625 0+
#1005750 00
#1006625 1+
#1007500 0+
#1008500 1+
#1009375 0+
#1010375 1+
#1011250 0+
#1012250 1+
#1012750 10
#1013375 1)
#1013625 0! 0$ 0&
#1014375 0)
#1014625 0" 0% 0' 0(
#1014875 0*
#1016000 1*
#1016125 1)
#1016500 1! 1" 1$ 1% 1& 1' 1(
#1017250 0)
#1019000 1)
#1019250 0! 0$ 0% 0& 0(
#1020000 0) 0-
#1020250 0" 0# 0' 1(
#1020500 0*
#1021500 1*
#1022250 1!
#1022375 0*
#1023375 1*
#1024000 0!
#1024125 1"
#1024250 0*
#1025250 1*
#1025875 1!
#1026125 0*
#1027125 1*
#1028375 1) 1-
#1028500 0!
#1028625 1# 1% 1'
#1029375 0)
#1029625 0" 0# 0% 0' 0(
#1029750 1$
#1029875 0*
#1030875 1*
#1031125 1)
#1031500 1# 1&
#1032250 0)
#1032375 0# 0&
#1032500 0$ 1(
#1032750 0*
#1033750 1*
#1033875 1)
#1034125 0(
#1034250 1" 1# 1'
#1035000 0) 0-
#1035250 0" 0' 1(
#1035500 0*
#1036500 1*
#1037125 1!
#1037375 0*
#1038375 1*
#1039000 0! 1"
#1039250 0*
#1040250 1*
#1040875 1!
#1041125 0*
#1042125 1*
#1043250 1)
#1043375 1-
#1043500 0!
#1043625 1% 1'
#1044375 0)
#1044625 0" 1$ 0% 0' 0(
#1044875 0*
#1045875 1*
#1046125 1)
#1046500 1! 1% 1& 1' 1(
#1047250 0)
#1047500 1"
#1047750 0+
#1048750 1+
#1048875 1)
#1049250 0! 0$ 0% 0& 0(
#1050000 0) 0-
#1050250 0" 0# 1$ 0' 1(
#1050500 0*
#1051500 1*
#1052125 1!
#1052375 0*
#1053375 1*
#1054000 0! 1"
#1054250 0*
#1055250 1*
#1055875 1!
#1056125 0*
#1057125 1*
#1058250 1)
#1058375 1-
#1058500 0! 0$
#1058625 1# 1% 1'
#1059375 0)
#1059625 0" 0# 0' 0(
#1059875 0*
#1060875 1*
#1061125 1)
#1061375 0%
#1061500 1# 1$ 1& 0,
#1062250 0)
#1062375 0# 0$ 0&
#1062500 1(
#1062750 0*
#1063750 1*
#1063875 1)
#1064125 0(
#1064250 1" 1# 1'
#1064375 1,
#1065000 0) 0-
#1065250 0" 1$ 0' 1(
#1065500 0*
#1066500 1*
#1067125 1!
#1067375 0*
#1068375 1*
#1069000 0! 1"
#1069250 0*
#1070250 1*
#1070875 1!
#1071125 0*
#1072125 1*
#1073250 1)
#1073375 1-
#1073500 0! 0$
#1073625 1% 1'
#1074375 0)
#1074625 0" 0' 0(
#1074875 0*
#1075875 1*
#1076125 1)
#1076375 1! 1" 1& 1' 1(
#1076500 1$
#1077250 0)
#1078875 1)
#1079125 0! 0$ 0% 0& 0(
#1080000 0) 0-
#1080250 0" 0# 1% 0' 1(
#1080500 0*
#1081500 1*
#1082125 1!
#1082375 0*
#1083375 1*
#1083875 0!
#1084000 1"
#1084250 0*
#1085250 1*
#1085875 1!
#1086125 0*
#1087125 1*
#1088250 1)
#1088375 1-
#1088500 0!
#1088625 1# 1'
#1089375 0)
#1089625 0" 0# 1$ 0' 0( 00
#1089875 0*
#1090875 1*
#1091125 1)
#1091375 1! 1" 1# 1& 1' 1(
#1092125 0)
#1093875 1)
#1094125 0! 0$ 0% 0& 0(
#1095000 0) 0-
#1095250 0" 1% 0' 1(
#1095500 0*
#1096500 1*
#1096625 10
#1097125 1!
#1097375 0*
#1098375 1*
#1098875 0!
#1099000 1"
#1099250 0*
#1100250 1*
#1100875 1!
#1101125 0*
#1102125 1*
#1103250 1) 1-
#1103500 0!
#1103625 1'
#1104375 0)
#1104500 0'
#1104625 0" 1$ 0(
#1104875 0*
#1105875 1*
#1106125 1)
#1106375 1" 1& 1' 1(
#1107125 0)
#1107375 1!
#1107625 0*
#1108625 1*
#1108875 1)
#1109125 0! 0$ 0% 0& 0(
#1110000 0) 0-
#1110125 0" 0'
#1110250 0# 1$ 1% 1(
#1110500 0*
#1111500 1*
#1112125 1!
#1112375 0*
#1113375 1*
#1113875 0!
#1114000 1"
#1114250 0*
#1115250 1*
#1115875 1!
#1116125 0*
#1117125 1*
#1118250 1) 1-
#1118500 0! 0$
#1118625 1# 1'
#1119375 0)
#1119500 0#
#1119625 0" 0% 1& 0' 0(
#1119875 0*
#1120875 1*
#1121125 1)
#1121375 1# 1$
#1122125 0)
#1122375 0# 0$ 0& 1(
#1122500 1!
#1122625 0*
#1123625 1*
#1123875 1)
#1124125 0! 0(
#1124250 1" 1# 1'
#1125000 0) 0-
#1125125 0" 0'
#1125250 1$ 1% 1(
#1125500 0*
#1126500 1*
#1127125 1!
#1127375 0*
#1128375 1*
#1128875 0!
#1129000 1"
#1129250 0*
#1130250 1*
#1130875 1!
#1131125 0*
#1132125 1*
#1133250 1) 1-
#1133500 0! 0$
#1133625 1'
#1134375 0)
#1134500 0'
#1134625 0" 0% 1& 0(
#1134875 0*
#1135875 1*
#1136125 1)
#1136375 1$
#1136500 0,
#1137125 0)
#1137375 0# 0$ 0& 1(
#1137500 1!
#1137625 0*
#1138625 1*
#1138875 1)
#1139125 0! 0(
#1139250 1" 1# 1' 1,
#1140000 0) 0-
#1140125 0" 0# 0'
#1140250 1& 1(
#1140500 0*
#1141500 1*
#1142125 1!
#1142375 0*
#1143375 1*
#1143875 0!
#1144000 1"
#1144250 0*
#1145250 1*
#1145875 1!
#1146125 0*
#1147125 1*
#1148250 1)
#1148375 1-
#1148500 0! 0&
#1148625 1# 1% 1'
#1149375 0)
#1149625 0" 0# 1$ 0% 1& 0' 0(
#1149875 0*
#1150875 1*
#1151125 1)
#1151375 1! 1" 1# 1% 1' 1(
#1152250 0)
#1153875 1)
#1154125 0! 0$ 0% 0& 0(
#1155000 0) 0-
#1155250 0" 1& 0' 1(
#1155500 0*
#1156500 1*
#1157125 1!
#1157375 0*
#1158375 1*
#1158875 0!
#1159000 1"
#1159250 0*
#1160250 1*
#1160875 1!
#1161125 0*
#1162125 1*
#1163250 1)
#1163375 1-
#1163500 0! 0&
#1163625 1% 1'
#1164375 0)
#1164625 0" 1$ 0% 1& 0' 0(
#1164875 0*
#1165875 1*
#1166125 1)
#1166375 1! 1' 1(
#1166500 1" 1%
#1167250 0)
#1167750 0+
#1168750 1+
#1168875 1)
#1169125 0! 0% 0&
#1169250 0$ 0(
#1170000 0) 0-
#1170250 0" 0# 1$ 1& 0' 1(
#1170500 0*
#1171500 1*
#1172125 1!
#1172375 0*
#1173375 1*
#1173500 00
#1174000 0! 1"
#1174250 0*
#1175250 1*
#1175875 1!
#1176125 0*
#1177125 1*
#1178250 1)
#1178375 1-
#1178500 0! 0&
#1178625 1# 0$ 1% 1'
#1179375 0)
#1179625 0" 0# 1& 0' 0(
#1179875 0*
#1180375 10
#1180875 1*
#1181125 1)
#1181375 0%
#1181500 1# 1$
#1182250 0)
#1182375 0# 0$ 0&
#1182500 1! 1(
#1182750 0*
#1183750 1*
#1183875 1)
#1184125 0! 0(
#1184250 1" 1# 1'
#1185000 0) 0-
#1185250 0" 1$ 1& 0' 1(
#1185500 0*
#1186500 1*
#1187125 1!
#1187375 0*
#1188375 1*
#1189000 0! 1"
#1189250 0*
#1190250 1*
#1190875 1!
#1191125 0*
#1192125 1*
#1193375 1) 1-
#1193500 0!
#1193625 0$ 1% 0& 1'
#1194375 0)
#1194625 0" 1& 0' 0(
#1194875 0*
#1195875 1*
#1196125 1)
#1196375 0%
#1196500 1$ 0,
#1197250 0)
#1197375 0$
#1197500 1! 0# 0& 1(
#1197750 0*
#1198750 1*
#1199000 1)
#1199125 0!
#1199250 1" 1# 1' 0(
#1199375 1,
#1200000 0) 0-
#1200250 0" 0# 0' 1(
#1200375 1% 1&
#1200500 0*
#1201500 1*
#1202125 1!
#1202375 0*
#1203375 1*
#1204000 0!
#1204125 1"
#1204250 0*
#1205250 1*
#1205875 1!
#1206125 0*
#1207250 1*
#1208375 1) 1-
#1208625 0! 1# 0& 1'
#1209375 0)
#1209625 0" 0# 0' 0(
#1209750 1$ 1&
#1209875 0*
#1211000 1*
#1211125 1)
#1211500 1! 1" 1# 1' 1(
#1212250 0)
#1214000 1)
#1214250 0! 0$ 0% 0& 0(
#1215000 0-
#1215125 0)
#1215250 0" 0'
#1215375 1% 1& 1(
#1215500 0*
#1216625 1*
#1217250 1!
#1217500 0*
#1218500 1*
#1219000 0!
#1219125 1"
#1219375 0*
#1220375 1*
#1221000 1!
#1221250 0*
#1222250 1*
#1223375 1) 1-
#1223625 0! 0& 1'
#1224500 0)
#1224625 0" 0' 0(
#1224750 1$ 1&
#1225000 0*
#1226000 1*
#1226125 1)
#1226375 0# 0$ 0% 0&
#1227250 0)
#1227500 1! 1" 1# 1$ 1% 1&
#1227750 0*
#1228750 1*
#1229000 1)
#1229250 0! 0$ 0% 0& 1'
#1230000 0-
#1230125 0)
#1230250 0" 0# 0'
#1230375 1$ 1% 1& 1(
#1230625 0*
#1231625 1*
#1232250 1!
#1232500 0*
#1233500 1*
#1234000 0!
#1234125 1"
#1234375 0*
#1235375 1*
#1236000 1!
#1236250 0*
#1237250 1*
#1238375 1) 1-
#1238625 0! 0$ 0&
#1238750 1# 1'
#1239500 0)
#1239625 0#
#1239750 0" 0% 0(
#1240000 0*
#1241000 1*
#1241250 1)
#1241500 1! 1" 1# 1$ 1% 1& 1(
#1242250 0)
#1244000 1)
#1244250 0! 0$ 0% 0& 0(
#1245125 0) 0-
#1245250 0"
#1245375 1$ 1% 1& 0' 1(
#1245625 0*
#1246625 1*
#1247250 1!
#1247500 0*
#1248500 1*
#1249000 0!
#1249125 1"
#1249375 0*
#1250375 1*
#1251000 1!
#1251250 0*
#1252250 1*
#1253375 1)
#1253500 1-
#1253625 0! 0$ 0&
#1253750 1'
#1254500 0)
#1254750 0" 0% 0(
#1255000 0*
#1256000 1*
#1256250 1)
#1256500 1! 1% 1& 1(
#1256625 1" 1$
#1257375 0) 00
#1259000 1)
#1259250 0! 0$ 0% 0& 0(
#1260125 0) 0-
#1260375 0" 0# 1(
#1260625 0*
#1261625 1*
#1262250 1!
#1262500 0*
#1263500 1*
#1264125 0! 1"
#1264250 10
#1264375 0*
#1265375 1*
#1266000 1!
#1266250 0*
#1267250 1*
#1268375 1)
#1268500 1-
#1268625 0!
#1268750 1# 1%
#1269500 0)
#1269750 0" 0# 1$ 0% 0(
#1270000 0*
#1271000 1*
#1271250 1)
#1271500 0'
#1271625 1! 1# 1&
#1272375 0)
#1272500 0! 0# 0$ 0&
#1272875 0*
#1273875 1*
#1274000 1)
#1274375 1" 1# 1'
#1275125 0) 0-
#1275375 0" 1(
#1275625 0*
#1276625 1*
#1277250 1!
#1277500 0*
#1278500 1*
#1279125 0! 1"
#1279375 0*
#1280375 1*
#1281000 1!
#1281250 0*
#1282250 1*
#1283500 1) 1-
#1283625 0!
#1283750 1%
#1284500 0)
#1284750 0" 0% 0(
#1284875 1$
#1285000 0*
#1286000 1*
#1286250 1)
#1286500 0# 0$ 0'
#1286625 1!
#1287375 0)
#1287625 1" 1# 1$ 1% 1&
#1287875 0+
#1288875 1+
#1289125 1)
#1289375 0! 0$ 0% 0& 1'
#1290125 0) 0-
#1290375 0" 0# 1(
#1290500 1$
#1290625 0*
#1291625 1*
#1292375 1!
#1292500 0*
#1293500 1*
#1294125 0!
#1294250 1"
#1294375 0*
#1295500 1*
#1296000 1!
#1296250 0*
#1297375 1*
#1298500 1) 1-
#1298750 0! 1# 0$ 1%
#1299500 0)
#1299750 0" 0# 0(
#1300000 0*
#1301125 1*
#1301250 1)
#1301500 0% 0'
#1301625 1! 1# 1$ 1& 0,
#1302375 0)
#1302625 0! 0# 0$ 0&
#1302875 0*
#1303875 1*
#1304125 1)
#1304375 1" 1# 1'
#1304500 1,
#1305125 0-
#1305250 0)
#1305375 0"
#1305500 1$ 1(
#1305750 0*
#1306750 1*
#1307375 1!
#1307625 0*
#1308625 1*
#1309125 0!
#1309250 1"
#1309500 0*
#1310500 1*
#1311125 1!
#1311375 0*
#1312375 1*
#1313500 1) 1-
#1313750 0! 0$ 1%
#1314625 0)
#1314750 0" 0(
#1315125 0*
#1316125 1*
#1316250 1)
#1316625 1! 1" 1$ 1& 1(
#1317375 0)
#1319125 1)
#1319375 0! 0$ 0% 0& 0(
#1320125 0-
#1320250 0)
#1320375 0" 0#
#1320500 1% 1(
#1320750 0*
#1321750 1*
#1322375 1!
#1322625 0*
#1323625 1*
#1324125 0!
#1324250 1"
#1324500 0*
#1325500 1*
#1326125 1!
#1326375 0*
#1327375 1*
#1328500 1) 1-
#1328750 0!
#1328875 1#
#1329625 0)
#1329750 0" 0# 0(
#1329875 1$
#1330125 0*
#1331125 1*
#1331250 1)
#1331625 1! 1" 1# 1& 1(
#1332375 0)
#1334125 1)
#1334375 0! 0$ 0% 0& 0(
#1335125 0-
#1335250 0)
#1335375 0"
#1335500 1% 1(
#1335750 0*
#1336750 1*
#1337375 1!
#1337625 0*
#1338625 1*
#1339125 0!
#1339250 1"
#1339500 0*
#1340500 1*
#1341125 1! 00
#1341375 0*
#1342375 1*
#1343500 1) 1-
#1343750 0!
#1344625 0)
#1344750 0" 0(
#1344875 1$
#1345125 0*
#1346125 1*
#1346250 1)
#1346500 0# 0$ 0% 0'
#1346625 1"
#1347375 0)
#1347625 1! 1$ 1%
#1347750 1# 1&
#1347875 0*
#1348125 10
#1348875 1*
#1349125 1)
#1349375 0! 0$ 0% 0& 1'
#1350125 0-
#1350250 0)
#1350375 0" 0#
#1350500 1$ 1% 1(
#1350750 0*
#1351750 1*
#1352375 1!
#1352625 0*
#1353625 1*
#1354125 0!
#1354250 1"
#1354500 0*
#1355500 1*
#1356125 1!
#1356375 0*
#1357375 1*
#1358500 1) 1-
#1358750 0! 0$
#1358875 1#
#1359625 0)
#1359750 0" 0# 0(
#1359875 0% 1&
#1360125 0*
#1361125 1*
#1361250 1)
#1361500 0'
#1361625 1! 1# 1$
#1362375 0)
#1362625 0! 0# 0$ 0&
#1362875 0*
#1363875 1*
#1364125 1)
#1364500 1" 1# 1'
#1365250 0) 0-
#1365375 0"
#1365500 1$ 1% 1(
#1365750 0*
#1366750 1*
#1367375 1!
#1367625 0*
#1368625 1*
#1369125 0!
#1369250 1"
#1369500 0*
#1370500 1*
#1371125 1!
#1371375 0*
#1372375 1*
#1373500 1) 1-
#1373750 0! 0$
#1374625 0)
#1374750 0" 0% 0(
#1374875 1&
#1375125 0*
#1376125 1*
#1376250 1)
#1376500 0'
#1376625 1! 1$
#1376750 0,
#1377375 0)
#1377625 0! 0# 0$ 0&
#1377875 0*
#1378875 1*
#1379125 1)
#1379500 1" 1# 1' 1,
#1380250 0) 0-
#1380375 0" 0#
#1380500 1& 1(
#1380750 0*
#1381750 1*
#1382375 1!
#1382625 0*
#1383625 1*
#1384125 0!
#1384250 1"
#1384500 0*
#1385500 1*
#1386125 1!
#1386375 0*
#1387375 1*
#1388500 1) 1-
#1388750 0! 0&
#1388875 1# 1%
#1389625 0)
#1389750 0" 0# 0% 0(
#1389875 1$ 1&
#1390125 0*
#1391125 1*
#1391250 1)
#1391625 1! 1" 1# 1% 1(
#1392375 0)
#1394125 1)
#1394375 0! 0$ 0% 0& 0(
#1395125 0-
#1395250 0)
#1395375 0"
#1395500 1& 1(
#1395750 0*
#1396750 1*
#1397375 1!
#1397625 0*
#1398625 1*
#1399125 0!
#1399250 1"
#1399500 0*
#1400500 1*
#1401125 1!
#1401375 0*
#1402375 1*
#1403500 1) 1-
#1403750 0! 1% 0&
#1404625 0)
#1404750 0" 0% 0(
#1404875 1$ 1&
#1405000 0*
#1406125 1*
#1406250 1)
#1406500 0# 0$ 0& 0'
#1406625 1! 1"
#1407375 0)
#1407625 1# 1$ 1% 1&
#1407875 0+
#1408875 1+
#1409125 1)
#1409375 0! 0$ 0% 0& 1'
#1410125 0-
#1410250 0)
#1410375 0" 0#
#1410500 1$ 1& 1(
#1410750 0*
#1411750 1*
#1412375 1!
#1412500 0*
#1413625 1*
#1414125 0!
#1414250 1"
#1414375 0*
#1415500 1*
#1416125 1!
#1416250 0*
#1417375 1*
#1418500 1) 1-
#1418750 0! 1# 0$ 1% 0&
#1419500 0)
#1419750 0" 0# 0(
#1419875 1&
#1420000 0*
#1421000 1*
#1421250 1)
#1421500 0% 0'
#1421625 1! 1# 1$
#1422375 0)
#1422625 0# 0$ 0&
#1422875 0*
#1423875 1*
#1424125 1)
#1424250 0!
#1424375 1" 1# 1'
#1425000 00
#1425125 0) 0-
#1425375 0"
#1425500 1$ 1& 1(
#1425625 0*
#1426625 1*
#1427250 1!
#1427500 0*
#1428500 1*
#1429125 0!
#1429250 1"
#1429375 0*
#1430375 1*
#1431000 1!
#1431250 0*
#1432000 10
#1432250 1*
#1433500 1) 1-
#1433750 0! 0$ 1% 0&
#1434500 0)
#1434750 0" 1& 0(
#1435000 0*
#1436000 1*
#1436250 1)
#1436500 0% 0'
#1436625 1! 1$ 0,
#1437375 0)
#1437500 0$ 0&
#1437625 0#
#1437875 0*
#1438875 1*
#1439000 1)
#1439250 0!
#1439375 1" 1# 1'
#1439500 1,
#1440125 0) 0-
#1440375 0" 0# 1& 1(
#1440500 1%
#1440625 0*
#1441625 1*
#1442250 1!
#1442500 0*
#1443500 1*
#1444125 0! 1"
#1444375 0*
#1445375 1*
#1446000 1!
#1446250 0*
#1447250 1*
#1448375 1)
#1448500 1-
#1448625 0! 0&
#1448750 1#
#1449500 0)
#1449750 0" 0# 1$ 1& 0(
#1450000 0*
#1451000 1*
#1451250 1)
#1451500 1(
#1451625 1! 1" 1#
#1452375 0)
#1454000 1)
#1454375 0! 0$ 0% 0& 0(
#1455125 0) 0-
#1455375 0" 1% 1& 1(
#1455625 0*
#1456625 1*
#1457250 1!
#1457500 0*
#1458500 1*
#1459125 0! 1"
#1459375 0*
#1460375 1*
#1461000 1!
#1461250 0*
#1462250 1*
#1463375 1)
#1463500 1-
#1463625 0! 0&
#1464500 0)
#1464750 0" 1$ 1& 0(
#1465000 0*
#1466000 1*
#1466250 1)
#1466500 0$ 0% 0& 0'
#1467375 0)
#1467625 1! 1" 1$ 1% 1&
#1467875 0*
#1468875 1*
#1469000 1)
#1469250 0! 0$ 0% 0&
#1469375 1'
#1470125 0) 0-
#1470375 0" 0# 1$ 1% 1& 1(
#1470625 0*
#1471625 1*
#1472250 1!
#1472500 0*
#1473500 1*
#1474000 0!
#1474125 1"
#1474375 0*
#1475375 1*
#1476000 1!
#1476250 0*
#1477250 1*
#1478375 1)
#1478500 1-
#1478750 1#
#1479500 0)
#1480000 0+
#1481000 1+
#1481250 1)
#1481500 0" 0% 0' 0(
#1482250 0)
#1482500 0# 0$ 0&
#1482750 0*
#1483750 1*
#1484000 1)
#1484250 0!
#1484375 1" 1# 1'
#1485125 0) 0-
#1485250 0"
#1485375 1$ 1% 1& 1(
#1485625 0*
#1486625 1*
#1487250 1!
#1487500 0*
#1488500 1*
#1489000 0!
#1489125 1"
#1489375 0*
#1490375 1*
#1491000 1!
#1491250 0*
#1492250 1*
#1493375 1) 1-
#1493625 0! 0$ 0&
#1494500 0)
#1494625 0(
#1494750 0" 0# 0%
#1495000 0*
#1496000 1*
#1496625 1!
#1496875 0*
#1497875 1*
#1498375 0!
#1498500 1"
#1498750 0*
#1499500 1)
#1499750 1*
#1499875 1# 1% 1(
#1500625 0)
#1500750 0" 0# 0% 0' 0(
#1501000 0*
#1502125 1*
#1502750 1!
#1502875 0*
#1504000 1*
#1504500 0!
#1504625 1"
#1504750 0*
#1505625 1)
#1505750 0" 1*
#1505875 1! 1# 1$ 1&
#1506000 0,
#1506625 0)
#1506875 0# 0$ 0&
#1507125 0*
#1508125 1*
#1508375 1)
#1508625 0!
#1508750 1" 1$ 1% 1' 1( 1,
#1508875 00
#1509500 0)
#1509625 0" 0% 0' 0(
#1509750 1! 1#
#1510000 0*
#1511000 1*
#1511625 1%
#1511875 0*
#1512875 1*
#1513000 1)
#1513250 0$
#1513375 1' 1(
#1514125 0)
#1514375 1$ 0% 0' 0(
#1514625 0*
#1515625 1*
#1515875 1) 10
#1516125 0! 0# 1' 1(
#1516250 1%
#1517000 0)
#1517125 0% 0' 0(
#1517250 1! 1#
#1517500 0*
#1518500 1*
#1519125 1%
#1519375 0*
#1520375 1*
#1520500 1)
#1520750 0! 0$
#1520875 1' 1(
#1521625 0)
#1521875 1! 1$ 0% 0' 0(
#1522125 0*
#1523125 1*
#1523375 1)
#1523625 0! 0$ 1' 1(
#1523750 1" 1%
#1524500 0)
#1524625 0" 0# 0% 0' 0(
#1525000 0*
#1526000 1*
#1526625 1!
#1526875 0*
#1527875 1*
#1528375 0!
#1528500 1"
#1528750 0*
#1529500 1)
#1529750 1' 1( 1*
#1529875 1# 1%
#1530500 0)
#1530750 0" 0# 0% 0' 0(
#1531000 0*
#1532000 1*
#1532750 1!
#1532875 0*
#1533875 1*
#1534500 0!
#1534625 1"
#1534750 0*
#1536000 1)
#1536250 1*
#1536875 1! 1# 1$ 1% 1& 1' 1(
#1537625 0)
#1539750 1)
#1540000 0! 0" 0# 0&
#1540875 0)
#1541500 0% 0' 0(
#1541625 1! 1#
#1541875 0*
#1542875 1*
#1543500 1%
#1543750 0*
#1544750 1*
#1544875 1)
#1545125 0! 0$
#1545250 1' 1(
#1546000 0)
#1546250 1! 1$ 0% 0' 0(
#1546500 0*
#1547500 1*
#1547750 1)
#1548000 0! 0# 1% 1' 1(
#1548875 0)
#1549000 0% 0' 0(
#1549125 1! 1#
#1549375 0*
#1550375 1*
#1551000 1%
#1551250 0*
#1552250 1*
#1552375 1)
#1552625 0! 0$
#1552750 1' 1(
#1553500 0)
#1553750 1! 1$ 0% 0' 0(
#1554000 0*
#1555000 1*
#1555250 1)
#1555500 0! 0$ 1' 1(
#1555625 1" 1%
#1556375 0)
#1556500 0" 0# 0% 0' 0(
#1556875 0*
#1557875 1*
#1558500 1!
#1558750 0*
#1559750 1*
#1560250 0!
#1560375 1"
#1560625 0*
#1561375 1)
#1561625 1' 1( 1*
#1561750 1# 1%
#1562375 0)
#1562625 0" 0# 0% 0' 0(
#1562875 0*
#1563875 1*
#1564625 1!
#1564750 0*
#1565750 1*
#1566375 0!
#1566500 1"
#1566625 0*
#1567375 1)
#1567625 1*
#1567750 1! 1# 1$ 1% 1& 1' 1(
#1568500 0)
#1570250 1)
#1570500 0! 0" 0# 0&
#1571375 0)
#1571500 0% 0' 0(
#1571625 1! 1#
#1571875 0*
#1572875 1*
#1573500 1%
#1573750 0*
#1574750 1*
#1574875 1)
#1575125 0! 0$
#1575250 1' 1(
#1576000 0)
#1576250 1! 1$ 0% 0' 0(
#1576500 0*
#1577500 1*
#1577750 1)
#1578000 0! 0# 1' 1(
#1578125 1%
#1578875 0)
#1579000 0% 0' 0(
#1579125 1! 1#
#1579375 0*
#1580375 1*
#1581000 1%
#1581250 0*
#1582250 1*
#1582375 1)
#1582625 0!
#1582750 0$ 1' 1(
#1583500 0)
#1583750 1! 1$ 0% 0' 0(
#1584000 0*
#1585000 1*
#1585250 1)
#1585500 0! 0$ 1(
#1585625 1" 1% 1'
#1586375 0)
#1586500 0" 0% 0' 0(
#1586625 0#
#1586875 0*
#1587875 1*
#1588500 1!
#1588750 0*
#1589750 1*
#1590250 0!
#1590375 1"
#1590625 0*
#1591375 1)
#1591625 1*
#1591750 1# 1% 1' 1(
#1592500 0)
#1592625 0" 0# 0% 0' 0(
#1592750 00
#1592875 0*
#1594000 1*
#1594625 1!
#1594875 0*
#1595875 1*
#1596375 0!
#1596500 1"
#1596750 0*
#1597500 1)
#1597625 0"
#1597750 1! 1# 1$ 1& 1*
#1598500 0)
#1598750 0! 0# 0$ 0& 1(
#1599000 0*
#1599625 10
#1600000 1*
#1600250 1)
#1600625 1$ 1% 1'
#1601375 0)
#1601500 0% 0'
#1601625 1! 1# 0(
#1601875 0*
#1602875 1*
#1603500 1%
#1603750 0*
#1604750 1*
#1605000 1)
#1605125 0!
#1605250 0$ 1' 1(
#1606000 0)
#1606250 1! 0% 0' 0(
#1606375 1$
#1606500 0*
#1607625 1*
#1607750 1)
#1608000 0! 0#
#1608125 1% 1' 1(
#1608875 0)
#1609000 0(
#1609125 1! 1# 0% 0'
#1609375 0*
#1610375 1*
#1611000 1%
#1611250 0*
#1612250 1*
#1612500 1)
#1612750 0! 0$ 1' 1(
#1613625 0)
#1613750 0% 0' 0(
#1613875 1! 1$
#1614000 0*
#1615125 1*
#1615250 1)
#1630625 1&
#1630750 0,
#1631375 0)
#1631625 0! 0# 0$ 0& 1(
#1631875 0*
#1632875 1*
#1633125 1)
#1634375 1! 1" 1# 1$ 1% 1& 1'
#1634500 1,
#1635125 0)
#1636875 1)
#1640000 0! 0$ 0&
#1640750 0)
#1641000 0" 0# 0% 0' 0(
#1641250 0*
#1642250 1*
#1642500 1)
#1642875 1! 1" 1# 1$ 1% 1& 1' 1(
#1643625 0)
#1645375 1)
#1646375 0)
#1647000 0+
#1648000 1+
#1648875 0+
#1649875 1+
#1650750 0+
#1651750 1+
#1652625 0+
#1653625 1+
#1654750 1)
#1655000 0! 0$ 0&
#1655750 0)
#1656000 0" 0% 0' 0(
#1656250 0*
#1657375 1*
#1657500 1)
#1657875 1! 1" 1$ 1% 1& 1' 1(
#1658625 0)
#1660375 1)
#1660625 0$ 0% 0& 0(
#1661375 0-
#1661500 0)
#1661625 0! 0" 0# 0'
#1661875 0*
#1663000 1*
#1663625 1!
#1663875 0*
#1664875 1*
#1665375 0!
#1665500 1"
#1665750 0*
#1666750 1*
#1667375 1!
#1667625 0*
#1668625 1*
#1669750 1) 1-
#1670000 0! 1' 1(
#1670125 1# 1%
#1670875 0)
#1671000 0" 0# 0% 0' 0(
#1671125 1$
#1671375 0*
#1672375 1*
#1672500 1)
#1672875 1! 1# 1&
#1673625 0)
#1673875 0! 0# 0$ 0& 1(
#1674125 0*
#1675125 1*
#1675375 1)
#1675625 1! 0(
#1675750 1" 1# 1'
#1676500 0) 0- 00
#1676625 0! 0" 0'
#1677000 0*
#1678000 1*
#1678625 1!
#1678875 0*
#1679875 1*
#1680375 0!
#1680500 1"
#1680750 0*
#1681750 1*
#1682375 1!
#1682625 0*
#1683500 10
#1683625 1*
#1684750 1) 1-
#1685000 0!
#1685125 1% 1' 1(
#1685875 0)
#1686000 0% 0' 0(
#1686125 0" 1$
#1686375 0*
#1687375 1*
#1687625 1)
#1687750 0$
#1687875 1!
#1688625 0)
#1689000 1" 1$ 1% 1&
#1689250 0+
#1690250 1+
#1690375 1)
#1690625 0$ 0% 0&
#1690750 1'
#1691500 0) 0-
#1691625 0! 0"
#1691750 0# 1$ 0'
#1692000 0*
#1693000 1*
#1693625 1!
#1693875 0*
#1694875 1*
#1695375 0!
#1695500 1"
#1695750 0*
#1696750 1*
#1697375 1!
#1697625 0*
#1698625 1*
#1699750 1)
#1699875 1-
#1700000 0! 0$
#1700125 1# 1% 1' 1(
#1700875 0)
#1701125 0" 0# 0' 0(
#1701375 0*
#1702375 1*
#1702625 1)
#1702875 1! 1# 0%
#1703000 1$ 1& 0,
#1703750 0)
#1703875 0! 0# 0$ 0&
#1704000 1(
#1704125 0*
#1705250 1*
#1705375 1)
#1705625 0(
#1705750 1! 1" 1# 1' 1,
#1706500 0) 0-
#1706625 0!
#1706750 0" 1$ 0'
#1707000 0*
#1708000 1*
#1708625 1!
#1708875 0*
#1709875 1*
#1710500 0! 1"
#1710750 0*
#1711750 1*
#1712375 1!
#1712625 0*
#1713625 1*
#1714750 1)
#1714875 1-
#1715000 0! 0$
#1715125 1% 1' 1(
#1715875 0)
#1716125 0" 0' 0(
#1716375 0*
#1717375 1*
#1717625 1)
#1717875 1(
#1718000 1! 1" 1$ 1& 1'
#1718750 0)
#1720375 1)
#1720625 0&
#1720750 0$ 0% 0(
#1721500 0) 0-
#1721750 0! 0" 0# 1% 0'
#1722000 0*
#1723000 1*
#1723625 1!
#1723875 0*
#1724875 1*
#1725500 0! 1"
#1725750 0*
#1726750 1*
#1727375 1!
#1727625 0*
#1728625 1*
#1729875 1) 1-
#1730000 0!
#1730125 1# 1' 1(
#1730875 0)
#1731125 0" 0# 1$ 0' 0(
#1731375 0*
#1732375 1*
#1732625 1)
#1733000 1! 1" 1# 1& 1' 1(
#1733750 0)
#1735500 1)
#1735750 0$ 0% 0& 0(
#1736500 0) 0-
#1736750 0! 0" 0'
#1736875 1%
#1737000 0*
#1738000 1*
#1738625 1!
#1738875 0*
#1739875 1*
#1740500 0!
#1740625 1"
#1740750 0*
#1741750 1*
#1742375 1!
#1742625 0*
#1743625 1*
#1744875 1) 1-
#1745000 0!
#1745125 1' 1(
#1745875 0)
#1746125 0" 0' 0(
#1746250 1$
#1746375 0*
#1747375 1*
#1747625 1)
#1747875 0$ 0%
#1748000 1"
#1748750 0)
#1749000 1! 1$ 1% 1&
#1749250 0*
#1750250 1*
#1750500 1)
#1750750 0$ 0% 0& 1'
#1751500 0) 0-
#1751750 0! 0" 0# 0'
#1751875 1$ 1%
#1752000 0*
#1753125 1*
#1753750 1!
#1753875 0*
#1755000 1*
#1755500 0!
#1755625 1"
#1755750 0*
#1756875 1*
#1757375 1!
#1757625 0*
#1758750 1*
#1759875 1) 1-
#1760125 0! 1# 0$ 1' 1(
#1760375 00
#1761000 0)
#1761125 0" 0# 0% 0' 0(
#1761250 1&
#1761375 0*
#1762500 1*
#1762625 1)
#1763000 1! 1# 1$
#1763750 0)
#1764000 0# 0$ 0& 1(
#1764250 0*
#1765250 1*
#1765500 1)
#1765750 1" 1# 1' 0(
#1766500 0) 0-
#1766750 0! 0" 0'
#1766875 1$ 1%
#1767000 0*
#1767375 10
#1768125 1*
#1768750 1!
#1768875 0*
#1770000 1*
#1770500 0!
#1770625 1"
#1770750 0*
#1771875 1*
#1772500 1!
#1772625 0*
#1773750 1*
#1774875 1) 1-
#1775125 0! 0$ 1' 1(
#1776000 0)
#1776125 0" 0% 0' 0(
#1776250 1&
#1776375 0*
#1777500 1*
#1777625 1)
#1778000 1! 1$ 0,
#1778750 0)
#1779000 0# 0$ 0& 1(
#1779250 0*
#1780250 1*
#1780500 1)
#1780750 1" 1# 1' 0(
#1780875 1,
#1781500 0-
#1781625 0)
#1781750 0! 0" 0# 0'
#1781875 1&
#1782000 0*
#1783125 1*
#1783750 1!
#1783875 0*
#1785000 1*
#1785500 0!
#1785625 1"
#1785750 0*
#1786875 1*
#1787500 1!
#1787625 0*
#1788750 1*
#1789875 1) 1-
#1790125 0! 1# 1% 0& 1' 1(
#1791000 0)
#1791125 0" 0# 0% 0' 0(
#1791250 1$ 1&
#1791375 0*
#1792500 1*
#1792625 1)
#1793000 1! 1" 1# 1% 1' 1(
#1793750 0)
#1795500 1)
#1795750 0$ 0% 0& 0(
#1796500 0) 0-
#1796750 0! 0" 0'
#1796875 1&
#1797000 0*
#1798125 1*
#1798750 1!
#1798875 0*
#1800000 1*
#1800500 0!
#1800625 1"
#1800750 0*
#1801875 1*
#1802500 1!
#1802625 0*
#1803750 1*
#1804875 1) 1-
#1805125 0! 1% 0& 1' 1(
#1805875 0)
#1806125 0" 0% 0' 0(
#1806250 1$ 1&
#1806375 0*
#1807500 1*
#1807625 1)
#1807875 0$ 0&
#1808000 1! 1"
#1808750 0)
#1809000 1$ 1% 1&
#1809250 0+
#1810250 1+
#1810500 1)
#1810750 0$ 0% 0& 1'
#1811500 0) 0-
#1811750 0! 0" 0# 0'
#1811875 1$ 1&
#1812000 0*
#1813125 1*
#1813750 1!
#1813875 0*
#1815000 1*
#1815500 0!
#1815625 1"
#1815750 0*
#1816750 1*
#1817375 1!
#1817625 0*
#1818625 1*
#1819875 1) 1-
#1820125 0! 1# 0$ 1% 0& 1' 1(
#1820875 0)
#1821125 0" 0# 0' 0(
#1821250 1&
#1821375 0*
#1822375 1*
#1822625 1)
#1822875 0%
#1823000 1! 1# 1$
#1823750 0)
#1824000 0# 0$ 0& 1(
#1824250 0*
#1825250 1*
#1825500 1)
#1825750 1" 1# 1' 0(
#1826500 0) 0-
#1826750 0! 0" 0'
#1826875 1$ 1&
#1827000 0*
#1828000 1*
#1828625 1!
#1828875 0*
#1829875 1*
#1830500 0!
#1830625 1"
#1830750 0*
#1831750 1*
#1832375 1!
#1832625 0*
#1833625 1*
#1834875 1) 1-
#1835000 0!
#1835125 0$ 1% 0& 1' 1(
#1835875 0)
#1836125 0" 1& 0' 0(
#1836375 0*
#1837375 1*
#1837625 1)
#1837875 0%
#1838000 1! 1$ 0,
#1838750 0)
#1838875 0$
#1839000 0# 0& 1(
#1839250 0*
#1840250 1*
#1840375 1)
#1840625 0(
#1840750 1" 1# 1'
#1840875 1,
#1841500 0) 0-
#1841750 0! 0" 0# 1% 1& 0'
#1842000 0*
#1843000 1*
#1843625 1!
#1843875 0*
#1844250 00
#1844875 1*
#1845500 0! 1"
#1845750 0*
#1846750 1*
#1847375 1!
#1847625 0*
#1848625 1*
#1849750 1)
#1849875 1-
#1850000 0! 0&
#1850125 1# 1' 1(
#1850875 0)
#1851125 0" 0# 1$ 1& 0' 0(
#1851250 10
#1851375 0*
#1852375 1*
#1852625 1)
#1852875 1(
#1853000 1! 1" 1# 1'
#1853750 0)
#1855375 1)
#1855750 0$ 0% 0& 0(
#1856500 0) 0-
#1856750 0! 0" 1% 1& 0'
#1857000 0*
#1858000 1*
#1858625 1!
#1858875 0*
#1859875 1*
#1860500 0! 1"
#1860750 0*
#1861750 1*
#1862375 1!
#1862625 0*
#1863625 1*
#1864750 1)
#1864875 1-
#1865000 0! 0&
#1865125 1' 1(
#1865875 0)
#1866125 0" 1$ 1& 0' 0(
#1866375 0*
#1867375 1*
#1867625 1)
#1867875 0# 0% 0&
#1868750 0)
#1869000 1! 1" 1# 1% 1&
#1869250 0*
#1870250 1*
#1870375 1)
#1870625 0$ 0% 0&
#1870750 1'
#1871500 0) 0-
#1871750 0! 0" 0# 1$ 1% 1& 0'
#1872000 0*
#1873000 1*
#1873625 1!
#1873875 0*
#1874875 1*
#1875375 0!
#1875500 1"
#1875750 0*
#1876750 1*
#1877375 1!
#1877625 0*
#1878625 1*
#1879750 1)
#1879875 1-
#1880000 0! 0$ 0&
#1880125 1# 1' 1(
#1880875 0)
#1881125 0" 0# 0% 0(
#1881375 0*
#1882375 1*
#1882625 1)
#1882875 1! 1" 1# 1% 1& 1(
#1883000 1$
#1883750 0)
#1885375 1)
#1885625 0$ 0% 0& 0(
#1886500 0) 0-
#1886625 0!
#1886750 0" 1$ 1% 1& 0'
#1887000 0*
#1888000 1*
#1888625 1!
#1888875 0*
#1889875 1*
#1890375 0!
#1890500 1"
#1890750 0*
#1891750 1*
#1892375 1!
#1892625 0*
#1893625 1*
#1894750 1) 1-
#1895000 0! 0$ 0& 1(
#1895125 1'
#1895875 0)
#1896000 0(
#1896125 0" 0%
#1896375 0*
#1897375 1*
#1897625 1)
#1897875 1! 1" 1$ 1% 1& 1(
#1898625 0)
#1900375 1)
#1900625 0$ 0% 0& 0(
#1901375 0-
#1901500 0)
#1901625 0! 0" 0#
#1902000 0*
#1903000 1*
#1903625 1!
#1903875 0*
#1904875 1*
#1905375 0!
#1905500 1"
#1905750 0*
#1906750 1*
#1907375 1!
#1907625 0*
#1908625 1*
#1909750 1) 1-
#1910000 0! 1(
#1910125 1# 1%
#1910875 0)
#1911000 0" 0# 0% 0(
#1911125 1$
#1911375 0*
#1912375 1*
#1912500 1)
#1912750 0'
#1912875 1" 1# 1&
#1913625 0)
#1913875 0" 0# 0$ 0&
#1914125 0*
#1915125 1*
#1915375 1)
#1915750 1! 1" 1# 1'
#1916500 0) 0-
#1916625 0! 0"
#1917000 0*
#1918000 1*
#1918625 1!
#1918875 0*
#1919875 1*
#1920375 0!
#1920500 1"
#1920750 0*
#1921750 1*
#1922375 1!
#1922625 0*
#1923625 1*
#1924750 1) 1-
#1925000 0! 1(
#1925125 1%
#1925875 0)
#1926000 0" 0% 0(
#1926125 1$
#1926375 0*
#1927375 1*
#1927500 1)
#1927750 0# 0'
#1927875 1!
#1928125 00
#1928625 0)
#1928875 1" 1# 1% 1&
#1929125 0+
#1930125 1+
#1930375 1)
#1930625 0$ 0% 0& 1'
#1931375 0-
#1931500 0)
#1931625 0! 0" 0#
#1931750 1$
#1932000 0*
#1933000 1*
#1933625 1!
#1933875 0*
#1934875 1*
#1935000 10
#1935375 0!
#1935500 1"
#1935750 0*
#1936750 1*
#1937375 1!
#1937625 0*
#1938625 1*
#1939750 1) 1-
#1940000 0! 0$ 1(
#1940125 1# 1%
#1940875 0)
#1941000 0" 0# 0(
#1941250 0*
#1942375 1*
#1942500 1)
#1942750 0% 0'
#1942875 1" 1# 1$ 1& 0,
#1943625 0)
#1943875 0" 0# 0$ 0&
#1944125 0*
#1945125 1*
#1945375 1)
#1945625 1! 1" 1# 1'
#1945750 1,
#1946375 0-
#1946500 0)
#1946625 0! 0"
#1946750 1$
#1946875 0*
#1948000 1*
#1948625 1!
#1948750 0*
#1949875 1*
#1950375 0!
#1950500 1"
#1950625 0*
#1951750 1*
#1952375 1!
#1952500 0*
#1953625 1*
#1954750 1) 1-
#1955000 0! 0$ 1% 1(
#1955875 0)
#1956000 0" 0(
#1956250 0*
#1957375 1*
#1957500 1)
#1957875 1! 1" 1$ 1& 1(
#1958625 0)
#1960375 1)
#1960625 0$ 0% 0& 0(
#1961375 0) 0-
#1961625 0! 0" 0#
#1961750 1%
#1961875 0*
#1963000 1*
#1963625 1!
#1963750 0*
#1964875 1*
#1965375 0!
#1965500 1"
#1965625 0*
#1966750 1*
#1967375 1!
#1967500 0*
#1968625 1*
#1969750 1) 1-
#1970000 0! 1# 1(
#1970750 0)
#1971000 0" 0# 0(
#1971125 1$
#1971250 0*
#1972375 1*
#1972500 1)
#1972875 1! 1" 1# 1& 1(
#1973625 0)
#1975375 1)
#1975625 0$ 0% 0& 0(
#1976375 0) 0-
#1976625 0! 0"
#1976750 1%
#1976875 0*
#1978000 1*
#1978625 1!
#1978750 0*
#1979875 1*
#1980375 0!
#1980500 1"
#1980625 0*
#1981750 1*
#1982250 1!
#1982500 0*
#1983625 1*
#1984750 1) 1-
#1985000 0! 1(
#1985875 0)
#1986000 0" 0(
#1986125 1$
#1986250 0*
#1987375 1*
#1987500 1)
#1987750 0# 0% 0'
#1987875 1"
#1988625 0)
#1988875 1! 1# 1% 1&
#1989125 0*
#1990125 1*
#1990375 1)
#1990625 0$ 0% 0& 1'
#1991375 0) 0-
#1991625 0! 0" 0#
#1991750 1$ 1%
#1991875 0*
#1993000 1*
#1993625 1!
#1993750 0*
#1994875 1*
#1995375 0!
#1995500 1"
#1995625 0*
#1996750 1*
#1997375 1!
#1997500 0*
#1998625 1*
#1999750 1) 1-
#2000000 0! 1# 0$ 1(
#2000875 0)
#2001000 0" 0# 0% 0(
#2001125 1&
#2001250 0*
#2002375 1*
#2002500 1)
#2002750 0'
#2002875 1" 1# 1$
#2003625 0)
#2003875 0" 0# 0$ 0&
#2004125 0*
#2005125 1*
#2005375 1)
#2005625 1! 1" 1# 1'
#2006375 0-
#2006500 0)
#2006625 0! 0"
#2006750 1$ 1%
#2006875 0*
#2008000 1*
#2008625 1!
#2008875 0*
#2009875 1*
#2010375 0!
#2010500 1"
#2010750 0*
#2011750 1*
#2011875 00
#2012375 1!
#2012625 0*
#2013625 1*
#2014750 1) 1-
#2015000 0! 0$ 1(
#2015875 0)
#2016000 0" 0% 0(
#2016125 1&
#2016375 0*
#2017375 1*
#2017500 1)
#2017750 0'
#2017875 1" 1$ 0,
#2018625 0)
#2018875 0" 0# 0$ 0& 10
#2019125 0*
#2020125 1*
#2020375 1)
#2020625 1! 1" 1'
#2020750 1# 1,
#2021375 0-
#2021500 0)
#2021625 0! 0" 0#
#2021750 1&
#2022000 0*
#2023000 1*
#2023625 1!
#2023875 0*
#2024875 1*
#2025375 0!
#2025500 1"
#2025750 0*
#2026750 1*
#2027375 1!
#2027625 0*
#2028625 1*
#2029750 1) 1-
#2030000 0! 0& 1(
#2030125 1# 1%
#2030875 0)
#2031000 0" 0# 0% 0(
#2031125 1$ 1&
#2031375 0*
#2032375 1*
#2032500 1)
#2032875 1! 1" 1# 1% 1(
#2033625 0)
#2035375 1)
#2035625 0$ 0% 0& 0(
#2036375 0-
#2036500 0)
#2036625 0! 0"
#2036750 1&
#2037000 0*
#2038000 1*
#2038625 1!
#2038875 0*
#2039875 1*
#2040375 0!
#2040500 1"
#2040750 0*
#2041750 1*
#2042375 1!
#2042625 0*
#2043625 1*
#2044750 1) 1-
#2045000 0! 0& 1(
#2045125 1%
#2045875 0)
#2046000 0% 0(
#2046125 0" 1$ 1&
#2046375 0*
#2047375 1*
#2047625 1)
#2047750 0&
#2047875 1! 1" 0# 0'
#2048625 0)
#2048875 1&
#2049000 1# 1%
#2049125 0+
#2050125 1+
#2050375 1)
#2050625 0$ 0% 0&
#2050750 1'
#2051500 0) 0-
#2051625 0! 0" 0#
#2051750 1$ 1&
#2052000 0*
#2053000 1*
#2053625 1!
#2053875 0*
#2054875 1*
#2055375 0!
#2055500 1"
#2055750 0*
#2056750 1*
#2057375 1!
#2057625 0*
#2058625 1*
#2059750 1)
#2059875 1-
#2060000 0! 0$ 0&
#2060125 1# 1% 1(
#2060875 0)
#2061000 0(
#2061125 0" 0# 1&
#2061375 0*
#2062375 1*
#2062625 1)
#2062875 1" 1# 1$ 0% 0'
#2063625 0)
#2063875 0" 0# 0$ 0&
#2064000 1!
#2064125 0*
#2065250 1*
#2065375 1)
#2065750 1" 1# 1'
#2066500 0) 0-
#2066750 0! 0" 1$ 1&
#2067000 0*
#2068000 1*
#2068625 1!
#2068875 0*
#2069875 1*
#2070375 0!
#2070500 1"
#2070750 0*
#2071750 1*
#2072375 1!
#2072625 0*
#2073625 1*
#2074750 1)
#2074875 1-
#2075000 0! 0$ 0&
#2075125 1% 1(
#2075875 0)
#2076125 0" 1& 0(
#2076375 0*
#2077375 1*
#2077625 1)
#2077875 0% 0'
#2078000 1" 1$ 0,
#2078750 0)
#2078875 0" 0# 0$ 0&
#2079000 1!
#2079250 0*
#2080250 1*
#2080375 1)
#2080750 1" 1# 1'
#2080875 1,
#2081500 0) 0-
#2081750 0! 0" 0# 1% 1&
#2082000 0*
#2083000 1*
#2083625 1!
#2083875 0*
#2084875 1*
#2085500 0! 1"
#2085750 0*
#2086750 1*
#2087375 1!
#2087625 0*
#2088625 1*
#2089750 1)
#2089875 1-
#2090000 0!
#2090125 1# 0& 1(
#2090875 0)
#2091125 0" 0# 1$ 1& 0(
#2091375 0*
#2092375 1*
#2092625 1)
#2093000 1! 1" 1# 1(
#2093750 0)
#2095500 1)
#2095750 0$ 0% 0& 0( 00
#2096500 0) 0-
#2096750 0! 0" 1&
#2096875 1%
#2097000 0*
#2098000 1*
#2098625 1!
#2098875 0*
#2099875 1*
#2100500 0!
#2100625 1"
#2100750 0*
#2101750 1*
#2102375 1!
#2102625 0*
#2102750 10
#2103625 1*
#2104875 1) 1-
#2105125 0! 0& 1(
#2105875 0)
#2106125 0" 0(
#2106250 1$ 1&
#2106375 0*
#2107500 1*
#2107625 1)
#2107875 0% 0& 0'
#2108750 0)
#2109000 1! 1" 1% 1&
#2109250 0*
#2110250 1*
#2110500 1)
#2110750 0$ 0% 0& 1'
#2111500 0-
#2111625 0)
#2111750 0! 0" 0#
#2111875 1$ 1% 1&
#2112000 0*
#2113125 1*
#2113750 1!
#2113875 0*
#2115000 1*
#2115500 0!
#2115625 1"
#2115875 0*
#2116875 1*
#2117500 1!
#2117750 0*
#2118750 1*
#2119875 1) 1-
#2120125 1(
#2120250 1#
#2121000 0)
#2121500 0+
#2122500 1+
#2122625 1)
#2122875 0! 0% 0' 0(
#2123750 0)
#2124000 1! 0" 0# 0$ 0&
#2124250 0*
#2125250 1*
#2125500 1)
#2125750 1'
#2125875 1" 1#
#2126500 0-
#2126625 0)
#2126750 0! 0"
#2126875 1$ 1% 1&
#2127125 0*
#2128125 1*
#2128750 1!
#2129000 0*
#2130000 1*
#2130500 0!
#2130625 1"
#2130875 0*
#2131875 1*
#2132500 1!
#2132750 0*
#2133750 1*
#2134875 1) 1-
#2135125 0! 0$ 0& 1(
#2136000 0)
#2136125 0" 0# 0(
#2136250 0%
#2136500 0*
#2137500 1*
#2138125 1!
#2138375 0*
#2139375 1*
#2139875 0!
#2140000 1"
#2140250 0*
#2141000 1)
#2141250 1*
#2141375 1# 1% 1(
#2142125 0)
#2142250 0" 0# 0% 0' 0(
#2142500 0*
#2143625 1*
#2144250 1!
#2144500 0*
#2145500 1*
#2146000 0!
#2146125 1"
#2146375 0*
#2147125 1)
#2147375 1# 1$ 1& 1*
#2147500 0,
#2148125 0)
#2148375 1! 0" 0# 0$ 0&
#2148625 0*
#2149625 1*
#2149875 1)
#2150125 0!
#2150250 1" 1$ 1% 1' 1( 1,
#2151000 0)
#2151125 0' 0(
#2151250 1# 0%
#2151500 0*
#2152500 1*
#2153125 1%
#2153375 0*
#2154375 1*
#2154625 1)
#2154875 1! 0" 0$ 1' 1(
#2155750 0)
#2155875 0! 0% 0' 0(
#2156000 1" 1$
#2156125 0*
#2157250 1*
#2157375 1)
#2157625 0" 0#
#2157750 1% 1' 1(
#2158500 0)
#2158625 0(
#2158750 1" 1# 0% 0'
#2159000 0*
#2160000 1*
#2160625 1%
#2160875 0*
#2161875 1*
#2162125 1)
#2162375 0" 0$ 1' 1(
#2163250 0)
#2163375 0% 0' 0(
#2163500 1" 1$
#2163625 0*
#2164750 1*
#2164875 1)
#2165125 0$
#2165250 1% 1' 1(
#2166000 0)
#2166250 0" 0# 0% 0' 0(
#2166500 0*
#2167500 1*
#2168125 1!
#2168375 0*
#2169375 1*
#2170000 0! 1"
#2170250 0*
#2171000 1)
#2171250 1*
#2171375 1# 1% 1' 1(
#2172125 0)
#2172250 0(
#2172375 0" 0# 0% 0'
#2172625 0*
#2173625 1*
#2174250 1!
#2174500 0*
#2175500 1*
#2176000 0!
#2176125 1"
#2176375 0*
#2177625 1)
#2177875 1*
#2178375 1! 1# 1$ 1% 1& 1' 1(
#2179125 0)
#2179625 00
#2181375 1)
#2181625 0! 0" 0# 0&
#2182375 0)
#2183125 1" 1# 0% 0' 0(
#2183375 0*
#2184375 1*
#2185000 1%
#2185250 0*
#2186250 1*
#2186500 1)
#2186625 10
#2186750 0" 0$ 1' 1(
#2187625 0)
#2187750 0% 0' 0(
#2187875 1" 1$
#2188125 0*
#2189125 1*
#2189250 1)
#2189500 0" 0#
#2189625 1% 1' 1(
#2190375 0)
#2190625 1" 1# 0% 0' 0(
#2190875 0*
#2191875 1*
#2192500 1%
#2192750 0*
#2193750 1*
#2194000 1)
#2194250 0" 0$ 1(
#2194375 1'
#2195125 0)
#2195250 0% 0' 0(
#2195375 1" 1$
#2195625 0*
#2196625 1*
#2196750 1)
#2197000 0$
#2197125 1% 1' 1(
#2197875 0)
#2198125 0" 0# 0% 0' 0(
#2198375 0*
#2199375 1*
#2200000 1!
#2200250 0*
#2201250 1*
#2201875 0! 1"
#2202125 0*
#2202875 1)
#2203125 1*
#2203250 1# 1% 1' 1(
#2204000 0)
#2204250 0" 0# 0% 0' 0(
#2204500 0*
#2205500 1*
#2206125 1!
#2206375 0*
#2207375 1*
#2207875 0!
#2208000 1"
#2208250 0*
#2209000 1)
#2209250 1*
#2209375 1! 1# 1$ 1% 1& 1' 1(
#2210125 0)
#2211750 1)
#2212125 0! 0" 0# 0&
#2212875 0)
#2213125 1" 1# 0% 0' 0(
#2213375 0*
#2214375 1*
#2215000 1%
#2215250 0*
#2216250 1*
#2216500 1)
#2216750 0" 0$
#2216875 1' 1(
#2217625 0)
#2217750 0' 0(
#2217875 1" 1$ 0%
#2218125 0*
#2219125 1*
#2219250 1)
#2219500 0"
#2219625 0# 1% 1' 1(
#2220375 0)
#2220625 1" 1# 0% 0' 0(
#2220875 0*
#2221875 1*
#2222500 1%
#2222750 0*
#2223750 1*
#2224000 1)
#2224250 0" 0$ 1(
#2224375 1'
#2225125 0)
#2225250 0' 0(
#2225375 1" 1$ 0%
#2225625 0*
#2226625 1*
#2226750 1)
#2227000 0$
#2227125 1% 1' 1(
#2227875 0)
#2228125 0" 0# 0% 0' 0(
#2228375 0*
#2229375 1*
#2230000 1!
#2230250 0*
#2231250 1*
#2231875 0! 1"
#2232125 0*
#2232875 1)
#2233125 1*
#2233250 1# 1% 1' 1(
#2234000 0)
#2234250 0" 0# 0% 0' 0(
#2234500 0*
#2235500 1*
#2236125 1!
#2236375 0*
#2237375 1*
#2237875 0!
#2238000 1"
#2238250 0*
#2239000 1)
#2239250 1*
#2239375 1# 1$ 1&
#2240125 0)
#2240250 0# 0$ 0&
#2240375 0" 1(
#2240625 0*
#2241625 1*
#2241750 1)
#2242125 1$ 1% 1'
#2242875 0)
#2243125 1" 1# 0% 0' 0(
#2243375 0*
#2244375 1*
#2245000 1%
#2245250 0*
#2246250 1*
#2246500 1)
#2246750 0" 0$ 1(
#2246875 1'
#2247625 0)
#2247750 0% 0' 0(
#2247875 1" 1$
#2248125 0*
#2249125 1*
#2249250 1)
#2249500 0" 0#
#2249625 1% 1' 1(
#2250375 0)
#2250625 1" 1# 0% 0' 0(
#2250875 0*
#2251875 1*
#2252500 1%
#2252750 0*
#2253750 1*
#2254000 1)
#2254250 0" 0$ 1' 1(
#2255125 0)
#2255250 0% 0' 0(
#2255375 1" 1$
#2255625 0*
#2256625 1*
#2256750 1)
#2263500 00
#2270500 10
#2272125 1&
#2272250 0,
#2272875 0)
#2273125 0" 0# 0$ 0& 1(
#2273375 0*
#2274375 1*
#2274625 1)
#2275875 1! 1" 1# 1$ 1% 1& 1'
#2276000 1,
#2276625 0)
#2278375 1)
#2281375 0! 0$ 0&
#2282250 0)
#2282500 0" 0# 0% 0' 0(
#2282750 0*
#2283750 1*
#2284000 1)
#2284250 1' 1(
#2284375 1! 1" 1# 1$ 1% 1&
#2285125 0)
#2286750 1)
#2287875 0)
#2288375 0+
#2289375 1+
#2290250 0+
#2291250 1+
#2292125 0+
#2293125 1+
#2294000 0+
#2295000 1+
#2296125 1)
#2296375 0! 0$ 0&
#2297250 0)
#2297500 0" 0% 0' 0(
#2297750 0*
#2298750 1*
#2299000 1)
#2299250 1! 1" 1$ 1% 1& 1' 1(
#2300000 0)
#2301750 1)
#2302000 0$ 0% 0& 0(
#2302875 0) 0-
#2303000 0! 0"
#2303125 0# 0' 1(
#2303375 0*
#2304375 1*
#2305000 1!
#2305250 0*
#2306250 1*
#2306750 0!
#2306875 1"
#2307125 0*
#2308125 1*
#2308750 1!
#2309000 0*
#2310000 1*
#2311125 1) 1-
#2311375 0!
#2311500 1# 1% 1'
#2312250 0)
#2312375 0# 0'
#2312500 0" 1$ 0% 0(
#2312750 0*
#2313750 1*
#2313875 1)
#2314250 1" 1# 1&
#2315000 0)
#2315250 0" 0# 0$ 0& 1(
#2315500 0*
#2316500 1*
#2316750 1)
#2317000 0(
#2317125 1! 1" 1# 1'
#2317875 0) 0-
#2318000 0! 0" 0'
#2318125 1(
#2318375 0*
#2319375 1*
#2320000 1!
#2320250 0*
#2321250 1*
#2321750 0!
#2321875 1"
#2322125 0*
#2323125 1*
#2323750 1!
#2324000 0*
#2325000 1*
#2326125 1) 1-
#2326375 0! 1'
#2326500 1%
#2327250 0)
#2327375 0" 0% 0' 0(
#2327500 1$
#2327750 0*
#2328750 1*
#2328875 1)
#2329250 1!
#2330000 0)
#2330250 1" 1% 1&
#2330500 0+
#2331500 1+
#2331750 1)
#2332000 0$ 0% 0& 1'
#2332750 0-
#2332875 0)
#2333000 0! 0" 0# 0'
#2333125 1$ 1(
#2333375 0*
#2334375 1*
#2335000 1!
#2335250 0*
#2336250 1*
#2336750 0!
#2336875 1"
#2337125 0*
#2338125 1*
#2338750 1!
#2339000 0*
#2340000 1*
#2341125 1) 1-
#2341375 0! 0$ 1'
#2341500 1# 1%
#2342250 0)
#2342375 0" 0# 0' 0(
#2342625 0*
#2343750 1*
#2343875 1)
#2344125 0%
#2344250 1" 1# 1$ 1& 0,
#2345000 0)
#2345250 0" 0# 0$ 0& 1(
#2345500 0*
#2346500 1*
#2346750 1)
#2347000 1! 1" 1# 1' 0(
#2347125 1,
#2347375 00
#2347750 0-
#2347875 0)
#2348000 0! 0" 0'
#2348125 1$ 1(
#2348250 0*
#2349375 1*
#2350000 1!
#2350125 0*
#2351250 1*
#2351750 0!
#2351875 1"
#2352000 0*
#2353125 1*
#2353750 1!
#2353875 0*
#2354250 10
#2355000 1*
#2356125 1) 1-
#2356375 0! 0$ 1% 1'
#2357125 0)
#2357375 0" 0' 0(
#2357625 0*
#2358750 1*
#2358875 1)
#2359250 1! 1" 1$ 1& 1' 1(
#2360000 0)
#2361750 1)
#2362000 0$ 0% 0& 0(
#2362750 0) 0-
#2363000 0! 0" 0# 0' 1(
#2363125 1%
#2363250 0*
#2364250 1*
#2364875 1!
#2365125 0*
#2366125 1*
#2366750 0!
#2366875 1"
#2367000 0*
#2368000 1*
#2368625 1!
#2368875 0*
#2369875 1*
#2371125 1) 1-
#2371250 0!
#2371375 1# 1'
#2372125 0)
#2372375 0" 0# 0' 0(
#2372500 1$
#2372625 0*
#2373625 1*
#2373875 1)
#2374250 1! 1" 1# 1& 1' 1(
#2375000 0)
#2376750 1)
#2377000 0$ 0% 0& 0(
#2377750 0) 0-
#2378000 0! 0" 0' 1(
#2378125 1%
#2378250 0*
#2379250 1*
#2379875 1!
#2380125 0*
#2381125 1*
#2381750 0!
#2381875 1"
#2382000 0*
#2383000 1*
#2383625 1!
#2383875 0*
#2384875 1*
#2386125 1) 1-
#2386250 0!
#2386375 1'
#2387125 0)
#2387375 0" 1$ 0' 0(
#2387625 0*
#2388625 1*
#2388875 1)
#2389125 0%
#2389250 1"
#2390000 0)
#2390250 1! 1% 1&
#2390500 0*
#2391500 1*
#2391625 1)
#2391875 0% 0&
#2392000 0$ 1'
#2392750 0) 0-
#2393000 0! 0" 0# 1$ 1% 0' 1(
#2393250 0*
#2394250 1*
#2394875 1!
#2395125 0*
#2396125 1*
#2396750 0! 1"
#2397000 0*
#2398000 1*
#2398625 1!
#2398875 0*
#2399875 1*
#2401000 1)
#2401125 1-
#2401250 0!
#2401375 1# 0$ 1'
#2402125 0)
#2402375 0" 0# 0% 1& 0' 0(
#2402625 0*
#2403625 1*
#2403875 1)
#2404250 1" 1# 1$
#2405000 0)
#2405125 0" 0# 0$
#2405250 1! 0& 1(
#2405500 0*
#2406500 1*
#2406625 1)
#2406875 0(
#2407000 1" 1# 1'
#2407750 0) 0-
#2408000 0! 0" 1$ 0' 1(
#2408125 1%
#2408250 0*
#2409250 1*
#2409875 1!
#2410125 0*
#2411125 1*
#2411750 0! 1"
#2412000 0*
#2413000 1*
#2413625 1!
#2413875 0*
#2414875 1*
#2416000 1)
#2416125 1-
#2416250 0!
#2416375 0$ 1'
#2417125 0)
#2417375 0" 0% 1& 0' 0(
#2417625 0*
#2418625 1*
#2418875 1)
#2419250 1" 1$ 0,
#2420000 0)
#2420125 0" 0$
#2420250 1! 0# 0& 1(
#2420500 0*
#2421500 1*
#2421625 1)
#2421875 0(
#2422000 1" 1# 1'
#2422125 1,
#2422750 0) 0-
#2423000 0! 0" 0# 1& 0' 1(
#2423250 0*
#2424250 1*
#2424875 1!
#2425125 0*
#2426125 1*
#2426750 0! 1"
#2427000 0*
#2428000 1*
#2428625 1!
#2428875 0*
#2429875 1*
#2431000 1)
#2431125 1- 00
#2431250 0!
#2431375 1# 1% 0& 1'
#2432125 0)
#2432375 0" 0# 1$ 0% 1& 0' 0(
#2432625 0*
#2433625 1*
#2433875 1)
#2434250 1! 1" 1# 1% 1' 1(
#2435000 0)
#2436625 1)
#2437000 0$ 0% 0& 0(
#2437750 0) 0-
#2438000 0! 0" 1& 0' 1(
#2438125 10
#2438250 0*
#2439250 1*
#2439875 1!
#2440125 0*
#2441125 1*
#2441750 0!
#2441875 1"
#2442000 0*
#2443000 1*
#2443625 1!
#2443875 0*
#2444875 1*
#2446125 1) 1-
#2446250 0!
#2446375 1% 0& 1'
#2447125 0)
#2447375 0" 0% 0' 0(
#2447500 1$ 1&
#2447625 0*
#2448625 1*
#2448875 1)
#2449125 0&
#2449250 1! 1"
#2450000 0)
#2450250 1% 1&
#2450500 0+
#2451500 1+
#2451750 1)
#2452000 0$ 0% 0& 1'
#2452750 0) 0-
#2453000 0! 0" 0# 0' 1(
#2453125 1$ 1&
#2453250 0*
#2454250 1*
#2454875 1!
#2455125 0*
#2456125 1*
#2456750 0!
#2456875 1"
#2457000 0*
#2458000 1*
#2458625 1!
#2458875 0*
#2459875 1*
#2461125 1) 1-
#2461375 0! 1# 0$ 1% 0& 1'
#2462125 0)
#2462375 0" 0# 0' 0(
#2462500 1&
#2462625 0*
#2463625 1*
#2463875 1)
#2464125 0%
#2464250 1" 1# 1$
#2465000 0)
#2465250 1! 0" 0# 0$ 0& 1(
#2465500 0*
#2466500 1*
#2466750 1)
#2467000 1" 1# 1' 0(
#2467750 0) 0-
#2468000 0! 0" 0'
#2468125 1$ 1& 1(
#2468250 0*
#2469375 1*
#2470000 1!
#2470125 0*
#2471250 1*
#2471750 0!
#2471875 1"
#2472000 0*
#2473125 1*
#2473750 1!
#2473875 0*
#2475000 1*
#2476125 1) 1-
#2476375 0! 0$ 1% 0& 1'
#2477250 0)
#2477375 0" 0' 0(
#2477500 1&
#2477625 0*
#2478750 1*
#2478875 1)
#2479125 0%
#2479250 1" 1$ 0,
#2480000 0)
#2480250 1! 0" 0# 0$ 0& 1(
#2480500 0*
#2481500 1*
#2481750 1)
#2482000 1" 1# 1' 0(
#2482125 1,
#2482750 0-
#2482875 0)
#2483000 0! 0" 0# 0'
#2483125 1% 1& 1(
#2483375 0*
#2484375 1*
#2485000 1!
#2485250 0*
#2486250 1*
#2486750 0!
#2486875 1"
#2487125 0*
#2488125 1*
#2488750 1!
#2489000 0*
#2490000 1*
#2491125 1) 1-
#2491375 0! 0& 1'
#2491500 1#
#2492250 0)
#2492375 0" 0# 0' 0(
#2492500 1$ 1&
#2492750 0*
#2493750 1*
#2493875 1)
#2494250 1! 1" 1# 1' 1(
#2495000 0)
#2496750 1)
#2497000 0$ 0% 0& 0(
#2497750 0-
#2497875 0)
#2498000 0! 0" 0'
#2498125 1% 1& 1(
#2498375 0*
#2499375 1*
#2500000 1!
#2500250 0*
#2501250 1*
#2501750 0!
#2501875 1"
#2502125 0*
#2503125 1*
#2503750 1!
#2504000 0*
#2505000 1*
#2506125 1) 1-
#2506375 0! 0&
#2506500 1'
#2507250 0)
#2507375 0'
#2507500 0" 1$ 1& 0(
#2507750 0*
#2508750 1*
#2509000 1)
#2509250 0# 0$ 0&
#2510000 0)
#2510375 1! 1" 1# 1$ 1&
#2510500 0*
#2511500 1*
#2511750 1)
#2512000 0$ 0% 0&
#2512125 1'
#2512875 0) 0-
#2513000 0!
#2513125 0" 0# 1$ 1% 1& 0' 1(
#2513375 0*
#2514375 1*
#2515000 1! 00
#2515250 0*
#2516250 1*
#2516750 0!
#2516875 1"
#2517125 0*
#2518125 1*
#2518750 1!
#2519000 0*
#2520000 1*
#2521125 1)
#2521250 1-
#2521375 0! 0$ 0&
#2521500 1# 1'
#2522000 10
#2522250 0)
#2522500 0" 0# 0% 0(
#2522750 0*
#2523750 1*
#2524000 1)
#2524250 1(
#2524375 1! 1" 1# 1$ 1% 1&
#2525125 0)
#2526750 1)
#2527000 0$ 0% 0& 0(
#2527875 0) 0-
#2528125 0! 0" 1$ 1% 1& 0' 1(
#2528375 0*
#2529375 1*
#2530000 1!
#2530250 0*
#2531250 1*
#2531875 0! 1"
#2532125 0*
#2533125 1*
#2533750 1!
#2534000 0*
#2535000 1*
#2536125 1)
#2536250 1-
#2536375 0!
#2536500 0$ 0& 1'
#2537250 0)
#2537500 0" 0% 0(
#2537750 0*
#2538750 1*
#2539000 1)
#2539375 1! 1" 1$ 1% 1& 1(
#2540125 0)
#2541750 1)
#2542125 0$ 0% 0& 0(
#2542875 0) 0-
#2543125 0! 0" 0# 1(
#2543375 0*
#2544375 1*
#2545000 1!
#2545250 0*
#2546250 1*
#2546875 0!
#2547000 1"
#2547125 0*
#2548125 1*
#2548750 1!
#2549000 0*
#2550000 1*
#2551250 1) 1-
#2551375 0!
#2551500 1# 1%
#2552250 0)
#2552500 0" 0# 0% 0(
#2552625 1$
#2552750 0*
#2553750 1*
#2554000 1)
#2554250 0'
#2554375 1! 1" 1# 1&
#2555125 0)
#2555375 0! 0" 0# 0$ 0&
#2555625 0*
#2556625 1*
#2556875 1)
#2557125 1! 1" 1# 1'
#2557875 0) 0-
#2558125 0! 0"
#2558250 1(
#2558375 0*
#2559500 1*
#2560125 1!
#2560250 0*
#2561375 1*
#2561875 0!
#2562000 1"
#2562125 0*
#2563250 1*
#2563875 1!
#2564000 0*
#2565125 1*
#2566250 1) 1-
#2566500 0! 1%
#2567375 0)
#2567500 0" 0% 0(
#2567625 1$
#2567750 0*
#2568875 1*
#2569000 1)
#2569250 0# 0$ 0'
#2569375 1! 1%
#2570125 0)
#2570375 1" 1# 1$ 1&
#2570625 0+
#2571625 1+
#2571875 1)
#2572125 0$ 0% 0& 1'
#2572875 0-
#2573000 0)
#2573125 0! 0" 0#
#2573250 1$ 1(
#2573500 0*
#2574500 1*
#2575125 1!
#2575375 0*
#2576375 1*
#2576875 0!
#2577000 1"
#2577250 0*
#2578250 1*
#2578875 1!
#2579125 0*
#2580125 1*
#2581250 1) 1-
#2581500 0! 0$
#2581625 1# 1%
#2582375 0)
#2582500 0" 0# 0(
#2582875 0*
#2583875 1*
#2584000 1)
#2584250 0% 0'
#2584375 1! 1" 1# 1$ 1&
#2584500 0,
#2585125 0)
#2585375 0! 0" 0# 0$ 0&
#2585625 0*
#2586625 1*
#2586875 1)
#2587125 1!
#2587250 1" 1# 1' 1,
#2588000 0) 0-
#2588125 0! 0"
#2588250 1$ 1(
#2588500 0*
#2589500 1*
#2590125 1!
#2590375 0*
#2591375 1*
#2591875 0!
#2592000 1"
#2592250 0*
#2593250 1*
#2593875 1!
#2594125 0*
#2595125 1*
#2596250 1) 1-
#2596500 0! 0$
#2596625 1%
#2597375 0)
#2597625 0" 0(
#2597875 0*
#2598875 1* 00
#2599125 1)
#2599375 1! 1" 1$ 1& 1(
#2600125 0)
#2601875 1)
#2602125 0$ 0% 0& 0(
#2603000 0) 0-
#2603125 0! 0"
#2603250 0# 1% 1(
#2603500 0*
#2604500 1*
#2605125 1!
#2605375 0*
#2605875 10
#2606375 1*
#2606875 0!
#2607000 1"
#2607250 0*
#2608250 1*
#2608875 1!
#2609125 0*
#2610125 1*
#2611250 1)
#2611375 1-
#2611500 0!
#2611625 1#
#2612375 0)
#2612625 0" 0# 1$ 0(
#2612875 0*
#2613875 1*
#2614125 1)
#2614375 1! 1" 1# 1& 1(
#2615250 0)
#2616875 1)
#2617125 0$ 0% 0& 0(
#2618000 0) 0-
#2618250 0! 0" 1% 1(
#2618500 0*
#2619500 1*
#2620125 1!
#2620375 0*
#2621375 1*
#2621875 0!
#2622000 1"
#2622250 0*
#2623250 1*
#2623875 1!
#2624125 0*
#2625125 1*
#2626250 1)
#2626375 1-
#2626500 0!
#2627375 0)
#2627625 0" 1$ 0(
#2627875 0*
#2628875 1*
#2629125 1)
#2629375 1" 0# 0$ 0'
#2630250 0)
#2630500 1! 1# 1$ 1&
#2630750 0*
#2631750 1*
#2631875 1)
#2632125 0$ 0% 0&
#2632250 1'
#2633000 0) 0-
#2633250 0! 0" 0# 1$ 1% 1(
#2633500 0*
#2634500 1*
#2635125 1!
#2635375 0*
#2636375 1*
#2637000 0! 1"
#2637250 0*
#2638250 1*
#2638875 1!
#2639125 0*
#2640125 1*
#2641250 1)
#2641375 1-
#2641500 0! 0$
#2641625 1#
#2642375 0)
#2642625 0" 0# 0% 1& 0(
#2642875 0*
#2643875 1*
#2644125 1)
#2644375 1! 0'
#2644500 1" 1# 1$
#2645250 0)
#2645375 0! 0" 0# 0$ 0&
#2645750 0*
#2646750 1*
#2646875 1)
#2647250 1! 1" 1# 1'
#2648000 0) 0-
#2648250 0! 0" 1$ 1% 1(
#2648500 0*
#2649500 1*
#2650125 1!
#2650375 0*
#2651375 1*
#2652000 0! 1"
#2652250 0*
#2653250 1*
#2653875 1!
#2654125 0*
#2655125 1*
#2656250 1)
#2656375 1-
#2656500 0! 0$
#2657375 0)
#2657625 0" 0% 1& 0(
#2657875 0*
#2658875 1*
#2659125 1)
#2659375 1! 0'
#2659500 1" 1$ 0,
#2660250 0)
#2660375 0! 0" 0# 0$ 0&
#2660750 0*
#2661750 1*
#2661875 1)
#2662250 1! 1" 1# 1'
#2662375 1,
#2663000 0) 0-
#2663250 0! 0" 0# 1& 1(
#2663500 0*
#2664500 1*
#2665125 1!
#2665375 0*
#2666375 1*
#2667000 0! 1"
#2667250 0*
#2668250 1*
#2668875 1!
#2669125 0*
#2670125 1*
#2671250 1)
#2671375 1-
#2671500 0! 0&
#2671625 1# 1%
#2672375 0)
#2672625 0" 0# 1$ 0% 1& 0(
#2672875 0*
#2673875 1*
#2674125 1)
#2674375 1! 1(
#2674500 1" 1# 1%
#2675250 0)
#2676875 1)
#2677125 0% 0& 0(
#2677250 0$
#2678000 0) 0-
#2678250 0! 0" 1& 1(
#2678500 0*
#2679500 1*
#2680125 1!
#2680375 0*
#2681375 1*
#2681875 0!
#2682000 1"
#2682250 0*
#2682750 00
#2683250 1*
#2683875 1!
#2684125 0*
#2685125 1*
#2686250 1)
#2686375 1-
#2686500 0! 0&
#2686625 1%
#2687375 0)
#2687625 0" 1$ 0% 1& 0(
#2687875 0*
#2688875 1*
#2689125 1)
#2689375 1! 1" 0# 0$ 1% 0& 0'
#2689625 10
#2690125 0)
#2690500 1# 1$ 1&
#2690750 0+
#2691750 1+
#2691875 1)
#2692125 0$ 0% 0&
#2692250 1'
#2693000 0) 0-
#2693250 0! 0" 0# 1$ 1& 1(
#2693500 0*
#2694500 1*
#2695125 1!
#2695375 0*
#2696375 1*
#2696875 0!
#2697000 1"
#2697250 0*
#2698250 1*
#2698875 1!
#2699125 0*
#2700125 1*
#2701250 1)
#2701375 1-
#2701500 0! 0$ 0&
#2701625 1# 1%
#2702375 0)
#2702500 0#
#2702625 0" 1& 0(
#2702875 0*
#2703875 1*
#2704125 1)
#2704375 1! 1" 1# 1$ 0% 0'
#2705125 0)
#2705375 0" 0# 0$ 0&
#2705625 0*
#2706625 1*
#2706875 1)
#2707250 1" 1# 1'
#2708000 0) 0-
#2708125 0! 0"
#2708250 1$ 1& 1(
#2708500 0*
#2709500 1*
#2710125 1!
#2710375 0*
#2711375 1*
#2711875 0!
#2712000 1"
#2712250 0*
#2713250 1*
#2713875 1!
#2714125 0*
#2715125 1*
#2716250 1) 1-
#2716500 0! 0$ 0&
#2716625 1%
#2717375 0)
#2717500 0" 0(
#2717625 1&
#2717875 0*
#2718875 1*
#2719000 1)
#2719250 0% 0'
#2719375 1! 1" 1$
#2719500 0,
#2720125 0)
#2720375 0" 0# 0$ 0&
#2720625 0*
#2721625 1*
#2721875 1)
#2722250 1" 1# 1' 1,
#2723000 0) 0-
#2723125 0! 0" 0#
#2723250 1% 1& 1(
#2723500 0*
#2724500 1*
#2725125 1!
#2725375 0*
#2726375 1*
#2726875 0!
#2727000 1"
#2727250 0*
#2728250 1*
#2728875 1!
#2729125 0*
#2730125 1*
#2731250 1) 1-
#2731500 0! 0&
#2731625 1#
#2732375 0)
#2732500 0" 0# 0(
#2732625 1$ 1&
#2732875 0*
#2733875 1*
#2734000 1)
#2734375 1! 1" 1# 1(
#2735125 0)
#2736875 1)
#2737125 0$ 0% 0& 0(
#2737875 0-
#2738000 0)
#2738125 0! 0"
#2738250 1% 1& 1(
#2738500 0*
#2739500 1*
#2740125 1!
#2740375 0*
#2741375 1*
#2741875 0!
#2742000 1"
#2742250 0*
#2743250 1*
#2743875 1!
#2744125 0*
#2745125 1*
#2746250 1) 1-
#2746500 0! 0&
#2747375 0)
#2747500 0" 0(
#2747625 1$ 1&
#2747750 0*
#2748875 1*
#2749000 1)
#2749250 0$ 0& 0'
#2750125 0)
#2750375 1! 1" 1$ 1&
#2750625 0*
#2751625 1*
#2751875 1)
#2752125 0$ 0% 0& 1'
#2752875 0) 0-
#2753125 0! 0" 0#
#2753250 1$ 1% 1& 1(
#2753375 0*
#2754500 1*
#2755125 1!
#2755250 0*
#2756375 1*
#2756875 0!
#2757000 1"
#2757125 0*
#2758250 1*
#2758750 1!
#2759000 0*
#2760125 1*
#2761250 1) 1-
#2761500 1#
#2762250 0)
#2762875 0+
#2763875 1+
#2764000 1)
#2764250 0% 0' 0(
#2765125 0)
#2765375 0" 0# 0$ 0&
#2765625 0*
#2766625 1* 00
#2766875 1)
#2767125 1" 1# 1'
#2767875 0) 0-
#2768125 0! 0" 1(
#2768250 1$ 1% 1&
#2768375 0*
#2769375 1*
#2770000 1!
#2770250 0*
#2771250 1*
#2771875 0!
#2772000 1"
#2772125 0*
#2773125 1*
#2773500 10
#2773750 1!
#2774000 0*
#2775000 1*
#2776250 1) 1-
#2776500 0! 0$ 0&
#2777250 0)
#2777500 0" 0# 0% 0(
#2777750 0*
#2778750 1*
#2779375 1!
#2779625 0*
#2780625 1*
#2781250 0!
#2781375 1"
#2781500 0*
#2782250 1)
#2782500 1*
#2782625 1# 1% 1(
#2783375 0)
#2783625 0" 0# 0% 0' 0(
#2783875 0*
#2784875 1*
#2785500 1!
#2785750 0*
#2786750 1*
#2787250 0!
#2787375 1"
#2787625 0*
#2788375 1)
#2788625 1*
#2788750 1! 1# 1$ 1& 0,
#2789500 0)
#2789625 0# 0$ 0&
#2789750 0"
#2790000 0*
#2791000 1*
#2791125 1)
#2791375 0!
#2791500 1" 1$ 1% 1' 1(
#2791625 1,
#2792250 0)
#2792500 1! 1# 0% 0' 0(
#2792750 0*
#2793750 1*
#2794375 1%
#2794625 0*
#2795625 1*
#2795875 1)
#2796125 0" 0$ 1' 1(
#2797000 0)
#2797125 0% 0' 0(
#2797250 1" 1$
#2797500 0*
#2798500 1*
#2798625 1)
#2798875 0! 0" 0#
#2799000 1% 1' 1(
#2799750 0)
#2800000 1! 1" 1# 0% 0' 0(
#2800250 0*
#2801250 1*
#2801875 1%
#2802125 0*
#2803125 1*
#2803375 1)
#2803625 0! 0" 0$ 1' 1(
#2804500 0)
#2804625 0% 0' 0(
#2804750 1! 1" 1$
#2805000 0*
#2806000 1*
#2806125 1)
#2806375 0! 0$
#2806500 1% 1' 1(
#2807250 0)
#2807500 0" 0# 0% 0' 0(
#2807750 0*
#2808750 1*
#2809375 1!
#2809625 0*
#2810625 1*
#2811250 0! 1"
#2811500 0*
#2812250 1)
#2812500 1*
#2812625 1# 1% 1' 1(
#2813375 0)
#2813500 0(
#2813625 0" 0# 0% 0'
#2813875 0*
#2814875 1*
#2815500 1!
#2815750 0*
#2816750 1*
#2817250 0!
#2817375 1"
#2817625 0*
#2818875 1)
#2819125 1*
#2819625 1! 1# 1$ 1% 1& 1' 1(
#2820375 0)
#2822625 1)
#2822875 0! 0" 0# 0&
#2823625 0)
#2824375 1! 1" 1# 0% 0' 0(
#2824625 0*
#2825625 1*
#2826250 1%
#2826500 0*
#2827500 1*
#2827750 1)
#2828000 0! 0" 0$ 1' 1(
#2828875 0)
#2829000 0% 0' 0(
#2829125 1! 1" 1$
#2829250 0*
#2830375 1*
#2830500 1)
#2830750 0! 0" 0#
#2830875 1% 1' 1(
#2831625 0)
#2831875 1! 1" 1# 0% 0' 0(
#2832125 0*
#2833125 1*
#2833750 1%
#2834000 0*
#2835000 1*
#2835250 1)
#2835500 0! 0" 0$ 1' 1(
#2836375 0)
#2836500 0% 0' 0(
#2836625 1! 1" 1$
#2836750 0*
#2837875 1*
#2838000 1)
#2838250 0! 0$
#2838375 1% 1' 1(
#2839125 0)
#2839375 0" 0# 0% 0' 0(
#2839625 0*
#2840625 1*
#2841250 1!
#2841500 0*
#2842500 1*
#2843000 0!
#2843125 1"
#2843375 0*
#2844125 1)
#2844375 1*
#2844500 1# 1% 1' 1(
#2845250 0)
#2845375 0# 0% 0' 0(
#2845500 0"
#2845750 0*
#2846750 1*
#2847375 1!
#2847625 0*
#2848625 1*
#2849125 0!
#2849250 1"
#2849500 0*
#2850250 1)
#2850375 00
#2850500 1( 1*
#2850625 1! 1# 1$ 1% 1& 1'
#2851375 0)
#2853000 1)
#2853250 0! 0" 0# 0&
#2854125 0)
#2854375 1! 1" 1# 0% 0' 0(
#2854625 0*
#2855625 1*
#2856250 1%
#2856500 0*
#2857375 10
#2857500 1*
#2857750 1)
#2858000 0! 0" 0$ 1' 1(
#2858875 0)
#2859000 0% 0' 0(
#2859125 1! 1" 1$
#2859250 0*
#2860375 1*
#2860500 1)
#2860750 0! 0" 0#
#2860875 1% 1' 1(
#2861625 0)
#2861875 1! 1" 1# 0% 0' 0(
#2862125 0*
#2863125 1*
#2863750 1%
#2864000 0*
#2865000 1*
#2865250 1)
#2865500 0! 0" 0$ 1' 1(
#2866375 0)
#2866500 0% 0' 0(
#2866625 1! 1" 1$
#2866875 0*
#2867875 1*
#2868000 1)
#2868250 0! 0$
#2868375 1% 1' 1(
#2869125 0)
#2869375 0" 0# 0% 0' 0(
#2869625 0*
#2870625 1*
#2871250 1!
#2871500 0*
#2872500 1*
#2873125 0! 1"
#2873375 0*
#2874125 1)
#2874375 1*
#2874500 1# 1% 1' 1(
#2875250 0)
#2875375 0(
#2875500 0" 0# 0% 0'
#2875750 0*
#2876750 1*
#2877375 1!
#2877625 0*
#2878625 1*
#2879125 0!
#2879250 1"
#2879500 0*
#2880250 1)
#2880500 1! 1*
#2880625 1# 1$ 1&
#2881375 0)
#2881500 0! 0" 0# 0$ 0&
#2881625 1(
#2881875 0*
#2882875 1*
#2883000 1)
#2883375 1$ 1% 1'
#2884125 0)
#2884375 1! 1" 1# 0% 0' 0(
#2884625 0*
#2885625 1*
#2886250 1%
#2886500 0*
#2887500 1*
#2887750 1)
#2888000 0! 0" 0$ 1' 1(
#2888875 0)
#2889000 0% 0' 0(
#2889125 1! 1" 1$
#2889375 0*
#2890375 1*
#2890500 1)
#2890750 0! 0" 0#
#2890875 1% 1' 1(
#2891625 0)
#2891875 1! 1" 1# 0% 0' 0(
#2892125 0*
#2893125 1*
#2893750 1%
#2894000 0*
#2895000 1*
#2895250 1)
#2895500 0! 0" 0$ 1(
#2895625 1'
#2896375 0)
#2896500 0% 0' 0(
#2896625 1! 1" 1$
#2896875 0*
#2897875 1*
#2898000 1)
#2913375 1&
#2913500 0,
#2914125 0)
#2914375 0! 0" 0# 0$ 0& 1(
#2914625 0*
#2915750 1*
#2915875 1)
#2917125 1! 1" 1# 1$ 1& 1'
#2917250 1% 1,
#2918000 0)
#2919625 1)
#2922750 0! 0$ 0&
#2923625 0)
#2923750 0" 0# 0% 0' 0(
#2924000 0*
#2925125 1*
#2925250 1)
#2925625 1! 1" 1# 1$ 1% 1& 1' 1(
#2926375 0)
#2928125 1)
#2929250 0)
#2929750 0+
#2930750 1+
#2931625 0+
#2932625 1+
#2933500 0+
#2934250 00
#2934500 1+
#2935375 0+
#2936375 1+
#2937500 1)
#2937750 0! 0$ 0&
#2938625 0)
#2938750 0" 0% 0' 0(
#2939125 0*
#2940125 1*
#2940250 1)
#2940625 1! 1" 1$ 1% 1& 1' 1(
#2941250 10
#2941375 0)
#2943125 1)
#2943375 0! 0" 0# 0% 0& 0(
#2944125 0-
#2944250 0)
#2944375 0$ 0'
#2944750 0*
#2945750 1*
#2946375 1!
#2946625 0*
#2947625 1*
#2948125 0!
#2948250 1"
#2948500 0*
#2949500 1*
#2950125 1!
#2950375 0*
#2951375 1*
#2952500 1) 1-
#2952750 0!
#2952875 1# 1% 1' 1(
#2953625 0)
#2953750 0' 0(
#2953875 0" 0# 1$ 0%
#2954125 0*
#2955125 1*
#2955375 1)
#2955625 1! 1" 1# 1&
#2956375 0)
#2956625 0! 0" 0# 0$ 0& 1(
#2956875 0*
#2957875 1*
#2958125 1)
#2958375 0(
#2958500 1$ 1'
#2959250 0) 0-
#2959375 0'
#2959500 1# 0$
#2959750 0*
#2960750 1*
#2961375 1!
#2961625 0*
#2962625 1*
#2963125 0!
#2963250 1"
#2963500 0*
#2964500 1*
#2965125 1!
#2965375 0*
#2966375 1*
#2967500 1)
#2967625 1-
#2967750 0!
#2967875 1% 1' 1(
#2968625 0)
#2968875 0" 1$ 0% 0' 0(
#2969125 0*
#2970125 1*
#2970375 1)
#2970625 1! 0$ 1%
#2971500 0)
#2971750 1" 1$ 1&
#2972000 0+
#2973000 1+
#2973125 1)
#2973375 0! 0" 0# 0% 0&
#2973500 1'
#2974250 0) 0-
#2974500 0'
#2974750 0*
#2975750 1*
#2976375 1!
#2976625 0*
#2977625 1*
#2978250 0! 1"
#2978500 0*
#2979500 1*
#2980125 1!
#2980375 0*
#2981375 1*
#2982500 1)
#2982625 1-
#2982750 0!
#2982875 1# 0$ 1% 1' 1(
#2983625 0)
#2983875 0" 0# 0' 0(
#2984125 0*
#2985125 1*
#2985375 1)
#2985625 0%
#2985750 1! 1" 1# 1$ 1& 0,
#2986500 0)
#2986625 0! 0" 0# 0$ 0&
#2986750 1(
#2987000 0*
#2988000 1*
#2988125 1)
#2988375 0(
#2988500 1$ 1'
#2988625 1,
#2989250 0) 0-
#2989500 0'
#2989625 1#
#2989750 0*
#2990750 1*
#2991375 1!
#2991625 0*
#2992625 1*
#2993250 0! 1"
#2993500 0*
#2994500 1*
#2995125 1!
#2995375 0*
#2996375 1*
#2997625 1) 1-
#2997750 0!
#2997875 0$ 1% 1' 1(
#2998625 0)
#2998875 0" 0' 0(
#2999125 0*
#3000125 1*
#3000375 1)
#3000750 1! 1" 1$ 1& 1' 1(
#3001500 0)
#3003250 1)
#3003500 0! 0" 0# 0% 0& 0(
#3004250 0) 0-
#3004500 0$ 0'
#3004625 1%
#3004750 0*
#3005875 1*
#3006500 1!
#3006625 0*
#3007750 1*
#3008250 0!
#3008375 1"
#3008500 0*
#3009625 1*
#3010250 1!
#3010375 0*
#3011500 1*
#3012625 1) 1-
#3012875 0! 1# 1' 1(
#3013750 0)
#3013875 0" 0# 0' 0(
#3014000 1$
#3014125 0*
#3015250 1*
#3015375 1)
#3015750 1! 1" 1# 1& 1' 1(
#3016500 0)
#3018125 00
#3018250 1)
#3018500 0! 0" 0# 0% 0& 0(
#3019250 0-
#3019375 0)
#3019500 0$ 0'
#3019625 1# 1%
#3019875 0*
#3020875 1*
#3021500 1!
#3021750 0*
#3022750 1*
#3023250 0!
#3023375 1"
#3023625 0*
#3024625 1*
#3025125 10
#3025250 1!
#3025500 0*
#3026500 1*
#3027625 1) 1-
#3027875 0! 1' 1(
#3028750 0)
#3028875 0" 0' 0(
#3029000 1$
#3029250 0*
#3030250 1*
#3030375 1)
#3030625 0$
#3030750 1"
#3031500 0)
#3031750 1! 1$ 1&
#3032000 0*
#3033000 1*
#3033250 1)
#3033500 0! 0" 0# 0% 0& 1'
#3034250 0-
#3034375 0)
#3034500 0'
#3034625 1%
#3034875 0*
#3035875 1*
#3036500 1!
#3036750 0*
#3037750 1*
#3038250 0!
#3038375 1"
#3038625 0*
#3039625 1*
#3040250 1!
#3040500 0*
#3041500 1*
#3042625 1) 1-
#3042875 0! 0$ 1' 1(
#3043000 1#
#3043750 0)
#3043875 0" 0# 0' 0(
#3044000 0% 1&
#3044250 0*
#3045250 1*
#3045375 1)
#3045750 1! 1" 1# 1$
#3046500 0)
#3046750 0" 0# 0$ 0& 1(
#3047000 0*
#3048000 1*
#3048250 1)
#3048500 0! 0(
#3048625 1$ 1'
#3049375 0) 0-
#3049500 0'
#3049625 1# 1%
#3049875 0*
#3050875 1*
#3051500 1!
#3051750 0*
#3052750 1*
#3053250 0!
#3053375 1"
#3053625 0*
#3054625 1*
#3055250 1!
#3055500 0*
#3056500 1*
#3057625 1) 1-
#3057875 0! 0$ 1(
#3058000 1'
#3058750 0)
#3058875 0' 0(
#3059000 0" 0% 1&
#3059250 0*
#3060250 1*
#3060500 1)
#3060750 1! 1" 1$
#3060875 0,
#3061500 0)
#3061750 0" 0# 0$ 0& 1(
#3062000 0*
#3063000 1*
#3063250 1)
#3063500 0! 0(
#3063625 1$ 1' 1,
#3064375 0) 0-
#3064500 0$ 0'
#3064625 1&
#3064875 0*
#3065875 1*
#3066500 1!
#3066750 0*
#3067750 1*
#3068250 0!
#3068375 1"
#3068625 0*
#3069625 1*
#3070250 1!
#3070500 0*
#3071500 1*
#3072625 1) 1-
#3072875 0! 0&
#3073000 1# 1% 1' 1(
#3073750 0)
#3073875 0' 0(
#3074000 0" 0# 1$ 0% 1&
#3074250 0*
#3075250 1*
#3075500 1)
#3075750 1! 1" 1# 1% 1' 1(
#3076500 0)
#3078250 1)
#3078500 0! 0" 0# 0% 0& 0(
#3079375 0) 0-
#3079500 0'
#3079625 1# 0$ 1&
#3079875 0*
#3080875 1*
#3081500 1!
#3081750 0*
#3082750 1*
#3083250 0!
#3083375 1"
#3083625 0*
#3084625 1*
#3085250 1!
#3085500 0*
#3086500 1*
#3087625 1) 1-
#3087875 0! 0&
#3088000 1% 1' 1(
#3088750 0)
#3088875 0' 0(
#3089000 0" 1$ 0% 1&
#3089250 0*
#3090250 1*
#3090500 1)
#3090625 0&
#3090750 1! 1" 0$ 1%
#3091500 0)
#3091875 1$ 1&
#3092125 0+
#3093125 1+
#3093250 1)
#3093500 0! 0" 0# 0% 0&
#3093625 1'
#3094375 0) 0-
#3094500 0'
#3094625 1&
#3094875 0*
#3095875 1*
#3096500 1!
#3096750 0*
#3097750 1*
#3098250 0!
#3098375 1"
#3098625 0*
#3099625 1*
#3100250 1!
#3100500 0*
#3101500 1*
#3102000 00
#3102625 1) 1-
#3102875 0! 0$ 0&
#3103000 1# 1% 1' 1(
#3103750 0)
#3103875 0# 0' 0(
#3104000 0" 1&
#3104250 0*
#3105250 1*
#3105500 1)
#3105625 0%
#3105750 1! 1" 1# 1$
#3106500 0)
#3106750 0" 0# 0$ 0& 1(
#3107000 0*
#3108000 1*
#3108250 1)
#3108500 0! 0(
#3108625 1$ 1'
#3108875 10
#3109375 0) 0-
#3109500 0'
#3109625 1# 1&
#3109875 0*
#3110875 1*
#3111500 1!
#3111750 0*
#3112750 1*
#3113250 0!
#3113375 1"
#3113625 0*
#3114625 1*
#3115250 1!
#3115500 0*
#3116500 1*
#3117625 1) 1-
#3117875 0! 0$ 0& 1(
#3118000 1% 1'
#3118750 0)
#3118875 0" 0' 0(
#3119000 1&
#3119250 0*
#3120250 1*
#3120375 1)
#3120625 0%
#3120750 1! 1" 1$
#3120875 0,
#3121500 0)
#3121750 0" 0# 0$ 0& 1(
#3122000 0*
#3123000 1*
#3123250 1)
#3123500 0! 0(
#3123625 1$ 1' 1,
#3124375 0) 0-
#3124500 0$ 0'
#3124625 1% 1&
#3124875 0*
#3125875 1*
#3126500 1!
#3126750 0*
#3127750 1*
#3128250 0!
#3128375 1"
#3128625 0*
#3129625 1*
#3130250 1!
#3130500 0*
#3131500 1*
#3132625 1) 1-
#3132875 0! 0& 1' 1(
#3133000 1#
#3133750 0)
#3133875 0" 0# 0' 0(
#3134000 1$ 1&
#3134250 0*
#3135250 1*
#3135375 1)
#3135750 1! 1" 1# 1' 1(
#3136500 0)
#3138250 1)
#3138500 0! 0" 0# 0% 0& 0(
#3139250 0-
#3139375 0)
#3139500 0$ 0'
#3139625 1# 1% 1&
#3139875 0*
#3140875 1*
#3141500 1!
#3141750 0*
#3142750 1*
#3143250 0!
#3143375 1"
#3143625 0*
#3144625 1*
#3145250 1!
#3145500 0*
#3146500 1*
#3147625 1) 1-
#3147875 0! 0& 1' 1(
#3148750 0)
#3148875 0" 0' 0(
#3149000 1$ 1&
#3149250 0*
#3150250 1*
#3150375 1)
#3150625 0# 0&
#3151500 0)
#3151750 1! 1" 1# 1&
#3152000 0*
#3153000 1*
#3153250 1)
#3153500 0! 0" 0# 0% 0& 1'
#3154250 0-
#3154375 0)
#3154500 0'
#3154625 1% 1&
#3154750 0*
#3155875 1*
#3156500 1!
#3156625 0*
#3157750 1*
#3158250 0!
#3158375 1"
#3158500 0*
#3159625 1*
#3160250 1!
#3160375 0*
#3161500 1*
#3162625 1) 1-
#3162875 0! 1# 0$ 0& 1' 1(
#3163750 0)
#3163875 0" 0# 0% 0(
#3164125 0*
#3165250 1*
#3165375 1)
#3165750 1! 1" 1# 1$ 1% 1& 1(
#3166500 0)
#3168250 1)
#3168500 0! 0" 0# 0% 0& 0(
#3169250 0) 0-
#3169500 0'
#3169625 1# 1% 1&
#3169750 0*
#3170875 1*
#3171500 1!
#3171625 0*
#3172625 1*
#3173250 0!
#3173375 1"
#3173500 0*
#3174500 1*
#3175125 1!
#3175375 0*
#3176375 1*
#3177625 1) 1-
#3177875 0! 0$ 0& 1' 1(
#3178625 0)
#3178875 0" 0% 0(
#3179125 0*
#3180125 1*
#3180375 1)
#3180750 1! 1" 1$ 1% 1& 1(
#3181500 0)
#3183250 1)
#3183500 0! 0" 0# 0% 0& 0(
#3184250 0) 0-
#3184500 0$
#3184750 0*
#3185750 1* 00
#3186375 1!
#3186625 0*
#3187625 1*
#3188250 0!
#3188375 1"
#3188500 0*
#3189500 1*
#3190125 1!
#3190375 0*
#3191375 1*
#3192625 1) 1-
#3192750 0! 10
#3192875 1# 1% 1(
#3193625 0)
#3193875 0" 0# 1$ 0% 0(
#3194125 0*
#3195125 1*
#3195375 1)
#3195625 0$ 0'
#3195750 1% 1&
#3196500 0)
#3196625 0% 0&
#3197000 0*
#3198000 1*
#3198125 1)
#3198500 1$ 1'
#3199250 0) 0-
#3199500 0$
#3199625 1#
#3199750 0*
#3200750 1*
#3201375 1!
#3201625 0*
#3202625 1*
#3203250 0! 1"
#3203500 0*
#3204500 1*
#3205125 1!
#3205375 0*
#3206375 1*
#3207500 1)
#3207625 1-
#3207750 0!
#3207875 1% 1(
#3208625 0)
#3208875 0" 1$ 0% 0(
#3209125 0*
#3210125 1*
#3210375 1)
#3210625 1! 0# 0'
#3210750 1%
#3211500 0)
#3211750 1" 1# 1&
#3212000 0+
#3213000 1+
#3213125 1)
#3213375 0! 0" 0# 0% 0&
#3213500 1'
#3214250 0) 0-
#3214750 0*
#3215750 1*
#3216375 1!
#3216625 0*
#3217625 1*
#3218250 0! 1"
#3218500 0*
#3219500 1*
#3220125 1!
#3220375 0*
#3221375 1*
#3222500 1)
#3222625 1-
#3222750 0! 0$
#3222875 1# 1% 1(
#3223625 0)
#3223875 0" 0# 0(
#3224125 0*
#3225125 1*
#3225375 1)
#3225625 1& 0'
#3225750 0,
#3226500 0)
#3226625 0% 0&
#3226875 0*
#3228000 1*
#3228125 1)
#3228500 1$ 1' 1,
#3229250 0) 0-
#3229500 1#
#3229750 0*
#3230750 1*
#3231375 1!
#3231625 0*
#3232625 1*
#3233125 0!
#3233250 1"
#3233500 0*
#3234500 1*
#3235125 1!
#3235375 0*
#3236375 1*
#3237500 1)
#3237625 1-
#3237750 0! 0$
#3237875 1% 1(
#3238625 0)
#3238750 0(
#3238875 0"
#3239125 0*
#3240125 1*
#3240375 1)
#3240625 1! 1" 1$ 1& 1(
#3241500 0)
#3243125 1)
#3243375 0! 0" 0# 0% 0& 0(
#3244250 0) 0-
#3244500 0$ 1%
#3244750 0*
#3245750 1*
#3246375 1!
#3246625 0*
#3247625 1*
#3248125 0!
#3248250 1"
#3248500 0*
#3249500 1*
#3250125 1!
#3250375 0*
#3251375 1*
#3252500 1)
#3252625 1-
#3252750 0!
#3252875 1# 1(
#3253625 0)
#3253750 0(
#3253875 0" 0# 1$
#3254125 0*
#3255125 1*
#3255375 1)
#3255625 1! 1" 1# 1& 1(
#3256375 0)
#3258125 1)
#3258375 0! 0" 0# 0% 0& 0(
#3259250 0) 0-
#3259500 1# 0$ 1%
#3259750 0*
#3260750 1*
#3261375 1!
#3261625 0*
#3262625 1*
#3263125 0!
#3263250 1"
#3263500 0*
#3264500 1*
#3265125 1!
#3265375 0*
#3266375 1*
#3267500 1)
#3267625 1-
#3267750 0!
#3267875 1(
#3268625 0)
#3268750 0(
#3268875 0" 1$
#3269125 0*
#3269625 00
#3270125 1*
#3270375 1)
#3270625 1" 0# 0'
#3271375 0)
#3271750 1! 1# 1&
#3271875 0*
#3272875 1*
#3273125 1)
#3273375 0! 0" 0# 0% 0&
#3273500 1'
#3274250 0) 0-
#3274500 1%
#3274750 0*
#3275750 1*
#3276375 1!
#3276625 0* 10
#3277625 1*
#3278125 0!
#3278250 1"
#3278500 0*
#3279500 1*
#3280125 1!
#3280375 0*
#3281375 1*
#3282500 1) 1-
#3282750 0! 0$
#3282875 1# 1(
#3283625 0)
#3283750 0(
#3283875 0" 0# 0% 1&
#3284125 0*
#3285125 1*
#3285375 1)
#3285625 1% 0'
#3286375 0)
#3286625 0% 0&
#3286875 0*
#3287875 1*
#3288125 1)
#3288500 1$ 1'
#3289250 0) 0-
#3289500 1# 1%
#3289750 0*
#3290750 1*
#3291375 1!
#3291625 0*
#3292625 1*
#3293125 0!
#3293250 1"
#3293500 0*
#3294500 1*
#3295125 1!
#3295375 0*
#3296375 1*
#3297500 1)
#3297625 1-
#3297750 0! 0$
#3297875 1(
#3298625 0)
#3298750 0(
#3298875 0" 0% 1&
#3299125 0*
#3300125 1*
#3300375 1)
#3300625 0# 1% 0'
#3300750 0,
#3301375 0)
#3301625 0% 0&
#3301875 0*
#3302875 1*
#3303125 1)
#3303500 1$ 1' 1,
#3304250 0) 0-
#3304375 0$
#3304500 1&
#3304750 0*
#3305750 1*
#3306375 1!
#3306625 0*
#3307625 1*
#3308125 0!
#3308250 1"
#3308500 0*
#3309500 1*
#3310125 1!
#3310375 0*
#3311375 1*
#3312500 1)
#3312625 1-
#3312750 0! 0&
#3312875 1# 1% 1(
#3313625 0)
#3313875 0" 0# 1$ 0% 1& 0(
#3314125 0*
#3315125 1*
#3315375 1)
#3315625 1! 1" 1# 1% 1(
#3316500 0)
#3318125 1)
#3318375 0! 0" 0# 0% 0&
#3318500 0(
#3319250 0) 0-
#3319500 1# 0$ 1&
#3319750 0*
#3320750 1*
#3321375 1!
#3321625 0*
#3322625 1*
#3323125 0!
#3323250 1"
#3323500 0*
#3324500 1*
#3325125 1!
#3325375 0*
#3326375 1*
#3327500 1)
#3327625 1-
#3327750 0! 0&
#3327875 1% 1(
#3328625 0)
#3328875 0" 1$ 0% 1& 0(
#3329125 0*
#3330125 1*
#3330375 1)
#3330625 1! 1" 0# 1% 0& 0'
#3331500 0)
#3331750 1# 1&
#3332000 0+
#3333000 1+
#3333125 1)
#3333375 0! 0" 0# 0% 0&
#3333500 1'
#3334250 0) 0-
#3334500 1&
#3334750 0*
#3335750 1*
#3336375 1!
#3336625 0*
#3337625 1*
#3338250 0! 1"
#3338500 0*
#3339500 1*
#3340125 1!
#3340375 0*
#3341375 1*
#3342500 1)
#3342625 1-
#3342750 0! 0&
#3342875 1# 0$ 1% 1(
#3343625 0)
#3343875 0" 0# 1& 0(
#3344125 0*
#3345125 1*
#3345375 1)
#3345625 0'
#3346500 0)
#3346625 0% 0&
#3346750 1!
#3347000 0*
#3348000 1*
#3348125 1)
#3348375 0!
#3348500 1$ 1'
#3349250 0) 0-
#3349500 1&
#3349625 1#
#3349750 0*
#3350750 1*
#3351375 1!
#3351625 0*
#3352625 1*
#3353250 0! 1"
#3353500 0* 00
#3354500 1*
#3355125 1!
#3355375 0*
#3356375 1*
#3357625 1) 1-
#3357750 0!
#3357875 0$ 1% 0& 1(
#3358625 0)
#3358875 0" 1& 0(
#3359125 0*
#3360125 1*
#3360375 1)
#3360500 10
#3360625 0# 0'
#3360750 0,
#3361500 0)
#3361625 0% 0&
#3361750 1!
#3362000 0*
#3363000 1*
#3363250 1)
#3363375 0!
#3363500 1$ 1'
#3363625 1,
#3364250 0) 0-
#3364500 0$
#3364625 1% 1&
#3364750 0*
#3365750 1*
#3366375 1!
#3366625 0*
#3367625 1*
#3368250 0!
#3368375 1"
#3368500 0*
#3369500 1*
#3370125 1!
#3370375 0*
#3371375 1*
#3372625 1) 1-
#3372875 0! 1# 0& 1(
#3373625 0)
#3373875 0" 0# 0(
#3374000 1$ 1&
#3374125 0*
#3375250 1*
#3375375 1)
#3375750 1! 1" 1# 1(
#3376500 0)
#3378250 1)
#3378500 0! 0" 0# 0% 0& 0(
#3379250 0-
#3379375 0)
#3379500 0$
#3379625 1# 1% 1&
#3379750 0*
#3380875 1*
#3381500 1!
#3381750 0*
#3382750 1*
#3383250 0!
#3383375 1"
#3383625 0*
#3384625 1*
#3385250 1!
#3385500 0*
#3386500 1*
#3387625 1) 1-
#3387875 0! 0& 1(
#3388750 0)
#3388875 0" 0(
#3389000 1$ 1&
#3389250 0*
#3390250 1*
#3390375 1)
#3390625 0& 0'
#3391500 0)
#3391750 1! 1" 1&
#3392000 0*
#3393000 1*
#3393250 1)
#3393500 0! 0" 0# 0% 0& 1'
#3394250 0-
#3394375 0)
#3394625 1% 1&
#3394875 0*
#3395875 1*
#3396500 1!
#3396750 0*
#3397750 1*
#3398250 0!
#3398375 1"
#3398625 0*
#3399625 1*
#3400250 1!
#3400500 0*
#3401500 1*
#3402625 1) 1-
#3403000 1# 1(
#3403750 0)
#3404250 0+
#3405250 1+
#3405375 1)
#3405750 0! 0" 0# 0$ 0' 0(
#3406500 0)
#3406750 1! 0% 0&
#3407000 0*
#3408000 1*
#3408250 1)
#3408500 0!
#3408625 1$ 1'
#3409375 0) 0-
#3409625 1# 1% 1&
#3409875 0*
#3410875 1*
#3411500 1!
#3411750 0*
#3412750 1*
#3413250 0!
#3413375 1"
#3413625 0*
#3414625 1*
#3415250 1!
#3415500 0*
#3416500 1*
#3417625 1)
#3417750 1-
#3417875 0! 0$ 0&
#3418000 1(
#3418750 0)
#3418875 0(
#3419000 0" 0# 0% 0'
#3419250 0*
#3420250 1*
#3420875 1!
#3421125 0*
#3422125 1*
#3422625 0!
#3422750 1"
#3423000 0*
#3423750 1)
#3424000 1*
#3424125 1# 1% 1' 1(
#3424875 0)
#3425000 0# 0% 0' 0(
#3425125 0"
#3425375 0*
#3426375 1*
#3427000 1!
#3427250 0*
#3428250 1*
#3428750 0!
#3428875 1"
#3429125 0*
#3429875 1)
#3430125 0" 1*
#3430250 1% 1& 0,
#3431000 0)
#3431125 0% 0&
#3431250 1!
#3431500 0*
#3432500 1*
#3432625 1)
#3432875 0!
#3433000 1$ 1% 1' 1(
#3433125 1,
#3433750 0)
#3434000 0$ 0% 0' 0(
#3434250 0*
#3435250 1*
#3435875 1%
#3436125 0*
#3437125 1*
#3437375 1) 00
#3437625 1' 1(
#3437750 1#
#3438500 0)
#3438625 0# 0% 0' 0(
#3439000 0*
#3440000 1*
#3440125 1)
#3440500 1$ 1% 1' 1(
#3441250 0)
#3441500 0$ 0% 0' 0(
#3441750 0*
#3442750 1*
#3443375 1%
#3443625 0*
#3444250 10
#3444625 1*
#3444875 1)
#3445250 1# 1' 1(
#3446000 0)
#3446125 0# 0' 0(
#3446250 0%
#3446500 0*
#3447500 1*
#3447625 1)
#3448000 1" 1# 1% 1' 1(
#3448750 0)
#3449000 0" 0# 0% 0' 0(
#3449250 0*
#3450250 1*
#3450875 1!
#3451125 0*
#3452125 1*
#3452750 0!
#3452875 1"
#3453000 0*
#3453750 1)
#3454000 1*
#3454125 1# 1% 1' 1(
#3454875 0)
#3455125 0" 0# 0% 0' 0(
#3455375 0*
#3456375 1*
#3457000 1!
#3457250 0*
#3458250 1*
#3458875 0! 1"
#3459125 0*
#3460375 1)
#3460625 1*
#3461125 1! 1# 1$ 1% 1& 1' 1(
#3461875 0)
#3464125 1)
#3464375 0! 0" 0# 0&
#3465250 0)
#3465875 0$ 0% 0' 0(
#3466125 0*
#3467250 1*
#3467875 1%
#3468000 0*
#3469125 1*
#3469250 1)
#3469625 1# 1' 1(
#3470375 0)
#3470625 0# 0% 0' 0(
#3470875 0*
#3471875 1*
#3472125 1)
#3472375 1$ 1% 1' 1(
#3473250 0)
#3473375 0$ 0% 0' 0(
#3473625 0*
#3474750 1*
#3475375 1%
#3475500 0*
#3476625 1*
#3476750 1)
#3477125 1# 1' 1(
#3477875 0)
#3478125 0# 0% 0' 0(
#3478375 0*
#3479375 1*
#3479625 1)
#3479875 1# 1% 1' 1(
#3480000 1"
#3480750 0)
#3480875 0" 0# 0% 0' 0(
#3481125 0*
#3482250 1*
#3482875 1!
#3483125 0*
#3484125 1*
#3484625 0!
#3484750 1"
#3485000 0*
#3485750 1)
#3486000 1' 1( 1*
#3486125 1# 1%
#3486750 0)
#3487000 0" 0# 0% 0' 0(
#3487250 0*
#3488250 1*
#3488875 1!
#3489125 0*
#3490125 1*
#3490750 0!
#3490875 1"
#3491000 0*
#3491750 1)
#3492000 1*
#3492125 1! 1# 1$ 1% 1& 1' 1(
#3492875 0)
#3494625 1)
#3494875 0! 0" 0# 0&
#3495750 0)
#3495875 0$ 0% 0' 0(
#3496250 0*
#3497250 1*
#3497875 1%
#3498125 0*
#3499125 1*
#3499250 1)
#3499625 1# 1' 1(
#3500375 0)
#3500625 0# 0% 0' 0(
#3500875 0*
#3501875 1*
#3502125 1)
#3502375 1' 1(
#3502500 1$ 1%
#3503250 0)
#3503375 0$ 0% 0' 0(
#3503750 0*
#3504750 1*
#3505375 1%
#3505625 0*
#3506625 1*
#3506750 1)
#3507125 1# 1' 1(
#3507875 0)
#3508125 0# 0% 0' 0(
#3508375 0*
#3509375 1*
#3509625 1)
#3509875 1' 1(
#3510000 1" 1# 1%
#3510750 0)
#3510875 0" 0# 0% 0' 0(
#3511250 0*
#3512250 1*
#3512875 1!
#3513125 0*
#3514125 1*
#3514625 0!
#3514750 1"
#3515000 0*
#3515750 1)
#3516000 1' 1( 1*
#3516125 1# 1%
#3516750 0)
#3517000 0" 0# 0% 0' 0(
#3517250 0*
#3518250 1*
#3519000 1!
#3519125 0*
#3520125 1*
#3520750 0!
#3520875 1"
#3521000 0*
#3521250 00
#3521750 1)
#3522000 0" 1*
#3522125 1% 1&
#3522875 0)
#3523125 0% 0& 1(
#3523375 0*
#3524375 1*
#3524625 1)
#3524875 1'
#3525000 1$ 1%
#3525750 0)
#3525875 0$ 0% 0' 0(
#3526250 0*
#3527250 1*
#3527875 1%
#3528125 0* 10
#3529125 1*
#3529250 1)
#3529625 1# 1' 1(
#3530375 0)
#3530625 0# 0% 0' 0(
#3530875 0*
#3531875 1*
#3532125 1)
#3532375 1' 1(
#3532500 1$ 1%
#3533250 0)
#3533375 0$ 0% 0' 0(
#3533750 0*
#3534750 1*
#3535375 1%
#3535625 0*
#3536625 1*
#3536750 1)
#3537125 1# 1' 1(
#3537875 0)
#3538125 0# 0% 0' 0(
#3538375 0*
#3539375 1*
#3539625 1)
#3554875 1% 1&
#3555000 0,
#3555750 0)
#3555875 0% 0&
#3556000 1(
#3556250 0*
#3557250 1*
#3557375 1)
#3558750 1! 1" 1# 1$ 1% 1& 1' 1,
#3559500 0)
#3561125 1)
#3564250 0! 0$ 0&
#3565125 0)
#3565250 0" 0# 0% 0' 0(
#3565500 0*
#3566625 1*
#3566750 1)
#3567125 1! 1" 1# 1$ 1% 1& 1' 1(
#3567875 0)
#3569625 1)
#3570750 0)
#3571250 0+
#3572250 1+
#3573125 0+
#3574125 1+
#3575000 0+
#3576000 1+
#3576875 0+
#3577875 1+
#3579000 1)
#3579250 0! 0$ 0&
#3580000 0)
#3580250 0" 0% 0' 0(
#3580500 0*
#3581625 1*
#3581750 1)
#3582125 1! 1" 1$ 1% 1& 1' 1(
#3582875 0)
#3584625 1)
#3584875 0! 0" 0# 0% 0& 0(
#3585625 0) 0-
#3585875 0$ 0' 1(
#3586125 0*
#3587125 1*
#3587750 1!
#3588000 0*
#3589000 1*
#3589625 0!
#3589750 1"
#3589875 0*
#3590875 1*
#3591500 1!
#3591750 0*
#3592750 1*
#3594000 1) 1-
#3594125 0!
#3594250 1# 1% 1'
#3595000 0)
#3595250 0" 0# 0% 0' 0(
#3595375 1$
#3595500 0*
#3596500 1*
#3596750 1)
#3597000 0$
#3597125 1% 1&
#3597875 0)
#3598000 0% 0&
#3598125 1(
#3598375 0*
#3599375 1*
#3599500 1)
#3599750 0(
#3599875 1$ 1'
#3600625 0) 0-
#3600875 0$ 0' 1(
#3601000 1#
#3601125 0*
#3602125 1*
#3602750 1!
#3603000 0*
#3604000 1*
#3604625 0! 1"
#3604875 0*
#3605000 00
#3605875 1*
#3606500 1!
#3606750 0*
#3607750 1*
#3608875 1)
#3609000 1-
#3609125 0!
#3609250 1% 1'
#3610000 0)
#3610250 0" 1$ 0% 0' 0(
#3610500 0*
#3611500 1*
#3611750 1)
#3612000 10
#3612125 1! 1%
#3612875 0)
#3613125 1" 1&
#3613375 0+
#3614375 1+
#3614500 1)
#3614750 0! 0" 0&
#3614875 0# 0% 1'
#3615625 0) 0-
#3615875 0' 1(
#3616125 0*
#3617125 1*
#3617750 1!
#3618000 0*
#3619000 1*
#3619625 0! 1"
#3619875 0*
#3620875 1*
#3621500 1!
#3621750 0*
#3622750 1*
#3623875 1)
#3624000 1-
#3624125 0! 0$
#3624250 1# 1% 1'
#3625000 0)
#3625250 0" 0# 0' 0(
#3625500 0*
#3626500 1*
#3626750 1)
#3627000 1&
#3627125 0,
#3627875 0)
#3628000 0% 0&
#3628125 1(
#3628375 0*
#3629375 1*
#3629500 1)
#3629750 0(
#3629875 1$ 1' 1,
#3630625 0) 0-
#3630875 1# 0' 1(
#3631125 0*
#3632125 1*
#3632750 1!
#3633000 0*
#3634000 1*
#3634500 0!
#3634625 1"
#3634875 0*
#3635875 1*
#3636500 1!
#3636750 0*
#3637750 1*
#3638875 1)
#3639000 1-
#3639125 0! 0$
#3639250 1% 1'
#3640000 0)
#3640250 0" 0' 0(
#3640500 0*
#3641500 1*
#3641750 1)
#3642000 1! 1" 1$ 1& 1' 1(
#3642875 0)
#3644500 1)
#3644750 0! 0" 0# 0% 0& 0(
#3645625 0) 0-
#3645875 0$ 1% 0' 1(
#3646125 0*
#3647125 1*
#3647750 1!
#3648000 0*
#3649000 1*
#3649500 0!
#3649625 1"
#3649875 0*
#3650875 1*
#3651500 1!
#3651750 0*
#3652750 1*
#3653875 1) 1-
#3654125 0!
#3654250 1# 1'
#3655000 0)
#3655125 0'
#3655250 0" 0# 1$ 0(
#3655500 0*
#3656500 1*
#3656750 1)
#3657000 1! 1" 1# 1& 1' 1(
#3657750 0)
#3659500 1)
#3659750 0! 0" 0# 0% 0& 0(
#3660625 0) 0-
#3660750 0'
#3660875 1# 0$ 1% 1(
#3661125 0*
#3662125 1*
#3662750 1!
#3663000 0*
#3664000 1*
#3664500 0!
#3664625 1"
#3664875 0*
#3665875 1*
#3666500 1!
#3666750 0*
#3667750 1*
#3668875 1) 1-
#3669125 0!
#3669250 1'
#3670000 0)
#3670125 0" 0' 0(
#3670250 1$
#3670500 0*
#3671500 1*
#3671625 1)
#3672000 1"
#3672750 0)
#3673000 1! 1&
#3673250 0*
#3674250 1*
#3674500 1)
#3674750 0! 0" 0# 0% 0& 1'
#3675500 0-
#3675625 0)
#3675750 0'
#3675875 1% 1(
#3676125 0*
#3677125 1*
#3677750 1!
#3678000 0*
#3679000 1*
#3679500 0!
#3679625 1"
#3679875 0*
#3680875 1*
#3681500 1!
#3681750 0*
#3682750 1*
#3683875 1) 1-
#3684125 0! 0$ 1'
#3684250 1#
#3685000 0)
#3685125 0" 0# 0% 0' 0(
#3685250 1&
#3685500 0*
#3686500 1*
#3686625 1)
#3687000 1%
#3687750 0)
#3688000 1! 0% 0& 1(
#3688250 0*
#3688875 00
#3689250 1*
#3689500 1)
#3689750 0! 1' 0(
#3689875 1$
#3690500 0-
#3690625 0)
#3690750 0'
#3690875 1# 1% 1(
#3691125 0*
#3692125 1*
#3692750 1!
#3693000 0*
#3694000 1*
#3694500 0!
#3694625 1"
#3694875 0*
#3695875 1* 10
#3696500 1!
#3696750 0*
#3697750 1*
#3698875 1) 1-
#3699125 0! 0$ 1'
#3700000 0)
#3700125 0" 0% 0' 0(
#3700250 1&
#3700500 0*
#3701500 1*
#3701625 1)
#3701875 0#
#3702000 1%
#3702125 0,
#3702750 0)
#3703000 1! 0% 0& 1(
#3703250 0*
#3704250 1*
#3704500 1)
#3704750 0! 1' 0(
#3704875 1$ 1,
#3705500 0-
#3705625 0)
#3705750 0$ 0'
#3705875 1& 1(
#3706125 0*
#3707125 1*
#3707750 1!
#3708000 0*
#3709000 1*
#3709500 0!
#3709625 1"
#3709875 0*
#3710875 1*
#3711500 1!
#3711750 0*
#3712750 1*
#3713875 1) 1-
#3714125 0! 0& 1'
#3714250 1# 1%
#3715000 0)
#3715125 0" 0# 0% 0' 0(
#3715250 1$ 1&
#3715500 0*
#3716500 1*
#3716625 1)
#3717000 1! 1" 1# 1% 1' 1(
#3717750 0)
#3719500 1)
#3719750 0! 0" 0# 0% 0& 0(
#3720500 0-
#3720625 0)
#3720750 0$ 0'
#3720875 1# 1& 1(
#3721125 0*
#3722125 1*
#3722750 1!
#3723000 0*
#3724000 1*
#3724500 0!
#3724625 1"
#3724875 0*
#3725875 1*
#3726500 1!
#3726750 0*
#3727750 1*
#3728875 1) 1-
#3729125 0! 0& 1'
#3729250 1%
#3730000 0)
#3730125 0" 0% 0' 0(
#3730250 1$ 1&
#3730500 0*
#3731500 1*
#3731625 1)
#3731875 0&
#3732000 1! 1" 1%
#3732750 0)
#3733000 1&
#3733250 0+
#3734250 1+
#3734500 1)
#3734750 0! 0" 0# 0% 0& 1'
#3735500 0-
#3735625 0)
#3735750 0'
#3735875 1& 1(
#3736125 0*
#3737125 1*
#3737750 1!
#3738000 0*
#3739000 1*
#3739500 0!
#3739625 1"
#3739875 0*
#3740875 1*
#3741500 1!
#3741750 0*
#3742750 1*
#3743875 1) 1-
#3744125 0! 0$ 0& 1'
#3744250 1# 1%
#3745000 0)
#3745125 0" 0# 0' 0(
#3745250 1&
#3745500 0*
#3746500 1*
#3746625 1)
#3747750 0)
#3748000 1! 0% 0& 1(
#3748250 0*
#3749250 1*
#3749500 1)
#3749750 0! 0(
#3749875 1$ 1'
#3750500 0-
#3750625 0)
#3750750 0'
#3750875 1# 1& 1(
#3751125 0*
#3752125 1*
#3752750 1!
#3753000 0*
#3754000 1*
#3754500 0!
#3754625 1"
#3754875 0*
#3755875 1*
#3756500 1!
#3756750 0*
#3757750 1*
#3758875 1) 1-
#3759125 0! 0$ 0& 1'
#3759250 1%
#3760000 0)
#3760125 0" 0' 0(
#3760250 1&
#3760500 0*
#3761500 1*
#3761750 1)
#3761875 0#
#3762125 0,
#3762750 0)
#3763000 1! 0% 0& 1(
#3763250 0*
#3764250 1*
#3764500 1)
#3764750 0! 0(
#3764875 1$ 1' 1,
#3765625 0) 0-
#3765750 0$ 0'
#3765875 1% 1& 1(
#3766125 0*
#3767125 1*
#3767750 1!
#3768000 0*
#3769000 1*
#3769500 0!
#3769625 1"
#3769875 0*
#3770875 1*
#3771500 1!
#3771750 0*
#3772750 1* 00
#3773875 1)
#3774000 1-
#3774125 0! 0&
#3774250 1# 1'
#3775000 0)
#3775125 0'
#3775250 0" 0# 1$ 1& 0(
#3775500 0*
#3776500 1*
#3776750 1)
#3777000 1! 1" 1# 1' 1(
#3777875 0)
#3779500 1)
#3779750 0! 0" 0# 0% 0& 0( 10
#3780625 0) 0-
#3780875 1# 0$ 1% 1& 0' 1(
#3781125 0*
#3782125 1*
#3782750 1!
#3783000 0*
#3784000 1*
#3784500 0!
#3784625 1"
#3784875 0*
#3785875 1*
#3786500 1!
#3786750 0*
#3787750 1*
#3788875 1)
#3789000 1-
#3789125 0! 0&
#3789250 1'
#3790000 0)
#3790250 0" 1$ 1& 0' 0(
#3790500 0*
#3791500 1*
#3791750 1)
#3792000 0# 0$ 0%
#3792875 0)
#3793125 1! 1" 1# 1$ 1%
#3793375 0*
#3794375 1*
#3794500 1)
#3794750 0! 0" 0# 0% 0&
#3794875 1'
#3795625 0) 0-
#3795875 1% 1& 0' 1(
#3796125 0*
#3797125 1*
#3797750 1!
#3798000 0*
#3799000 1*
#3799625 0! 1"
#3799875 0*
#3800875 1*
#3801500 1!
#3801750 0*
#3802750 1*
#3803875 1)
#3804000 1-
#3804125 0!
#3804250 1# 0$ 0& 1'
#3805000 0)
#3805250 0" 0# 0% 0(
#3805500 0*
#3806500 1*
#3806750 1)
#3807125 1! 1" 1# 1$ 1% 1& 1(
#3807875 0)
#3809500 1)
#3809875 0! 0" 0# 0% 0& 0(
#3810625 0) 0-
#3810875 1% 1& 0' 1(
#3811000 1#
#3811125 0*
#3812125 1*
#3812750 1!
#3813000 0*
#3814000 1*
#3814625 0!
#3814750 1"
#3814875 0*
#3815875 1*
#3816500 1!
#3816750 0*
#3817750 1*
#3819000 1) 1-
#3819250 0! 0$ 0& 1'
#3820000 0)
#3820250 0" 0% 0(
#3820500 0*
#3821500 1*
#3821750 1)
#3822125 1! 1" 1$ 1% 1& 1(
#3822875 0)
#3824625 1)
#3824875 0! 0" 0# 0% 0& 0(
#3825625 0) 0-
#3825875 0$
#3826000 1(
#3826125 0*
#3827250 1*
#3827875 1!
#3828000 0*
#3829125 1*
#3829625 0!
#3829750 1"
#3829875 0*
#3831000 1*
#3831625 1!
#3831875 0*
#3832875 1*
#3834000 1) 1-
#3834250 0!
#3834375 1# 1%
#3835125 0)
#3835250 0" 0# 0% 0(
#3835375 1$
#3835500 0*
#3836625 1*
#3836750 1)
#3837000 0$ 0'
#3837125 1! 1% 1&
#3837875 0)
#3838125 0! 0% 0&
#3838375 0*
#3839375 1*
#3839625 1)
#3839875 1'
#3840000 1$
#3840625 0-
#3840750 0)
#3840875 0$
#3841000 1# 1(
#3841250 0*
#3842250 1*
#3842875 1!
#3843125 0*
#3844125 1*
#3844625 0!
#3844750 1"
#3845000 0*
#3846000 1*
#3846625 1!
#3846875 0*
#3847875 1*
#3849000 1) 1-
#3849250 0!
#3849375 1%
#3850125 0)
#3850250 0" 0% 0(
#3850375 1$
#3850625 0*
#3851625 1*
#3851750 1)
#3852000 0# 0$ 0'
#3852125 1! 1&
#3852875 0)
#3853125 1$
#3853250 1" 1# 1%
#3853375 0+
#3854375 1+
#3854625 1)
#3854875 0! 0" 0# 0% 0&
#3855000 1'
#3855750 0) 0-
#3856000 1(
#3856250 0*
#3856625 00
#3857250 1*
#3857875 1!
#3858125 0*
#3859125 1*
#3859625 0!
#3859750 1"
#3860000 0*
#3861000 1*
#3861625 1!
#3861875 0*
#3862875 1*
#3863500 10
#3864000 1)
#3864125 1-
#3864250 0! 0$
#3864375 1# 1%
#3865125 0)
#3865375 0" 0# 0(
#3865625 0*
#3866625 1*
#3866875 1)
#3867125 1! 1& 0'
#3867250 0,
#3867875 0)
#3868125 0! 0% 0&
#3868375 0*
#3869500 1*
#3869625 1)
#3870000 1$ 1' 1,
#3870750 0) 0-
#3871000 1# 1(
#3871250 0*
#3872250 1*
#3872875 1!
#3873125 0*
#3874125 1*
#3874625 0!
#3874750 1"
#3875000 0*
#3876000 1*
#3876625 1!
#3876875 0*
#3877875 1*
#3879000 1)
#3879125 1-
#3879250 0! 0$
#3879375 1%
#3880125 0)
#3880375 0" 0(
#3880625 0*
#3881625 1*
#3881875 1)
#3882125 1! 1(
#3882250 1" 1$ 1&
#3883000 0)
#3884625 1)
#3885000 0! 0" 0# 0% 0& 0(
#3885750 0) 0-
#3886000 0$ 1% 1(
#3886250 0*
#3887250 1*
#3887875 1!
#3888125 0*
#3889125 1*
#3889750 0! 1"
#3890000 0*
#3891000 1*
#3891625 1!
#3891875 0*
#3892875 1*
#3894000 1)
#3894125 1-
#3894250 0!
#3894375 1#
#3895125 0)
#3895375 0" 0# 1$ 0(
#3895625 0*
#3896625 1*
#3896875 1)
#3897250 1! 1" 1# 1& 1(
#3898000 0)
#3899625 1)
#3900000 0! 0" 0# 0% 0& 0(
#3900750 0) 0-
#3901000 0$ 1(
#3901125 1# 1%
#3901250 0*
#3902250 1*
#3902875 1!
#3903125 0*
#3904125 1*
#3904750 0!
#3904875 1"
#3905000 0*
#3906000 1*
#3906625 1!
#3906875 0*
#3907875 1*
#3909125 1) 1-
#3909250 0!
#3910125 0)
#3910375 0" 0(
#3910500 1$
#3910625 0*
#3911625 1*
#3911875 1)
#3912125 0# 0$ 0% 0'
#3912250 1" 1&
#3913000 0)
#3913250 1! 1# 1$ 1%
#3913500 0*
#3914500 1*
#3914750 1)
#3915000 0! 0" 0# 0% 0& 1'
#3915750 0) 0-
#3916125 1% 1(
#3916250 0*
#3917250 1*
#3918000 1!
#3918125 0*
#3919125 1*
#3919750 0!
#3919875 1"
#3920000 0*
#3921000 1*
#3921625 1!
#3921875 0*
#3923000 1*
#3924125 1) 1-
#3924375 0! 1# 0$
#3925125 0)
#3925375 0" 0# 0% 0(
#3925500 1&
#3925625 0*
#3926750 1*
#3926875 1)
#3927125 0'
#3927250 1! 1%
#3928000 0)
#3928250 0! 0% 0&
#3928500 0*
#3929500 1*
#3929750 1)
#3930000 1$ 1'
#3930750 0) 0-
#3931125 1# 1% 1(
#3931250 0*
#3932375 1*
#3933000 1!
#3933125 0*
#3934250 1*
#3934750 0!
#3934875 1"
#3935000 0*
#3936125 1*
#3936750 1!
#3936875 0*
#3938000 1*
#3939125 1) 1-
#3939375 0! 0$
#3940125 0)
#3940375 0" 0% 0( 00
#3940500 1&
#3940625 0*
#3941750 1*
#3941875 1)
#3942125 0# 0'
#3942250 1! 1% 0,
#3943000 0)
#3943250 0! 0% 0&
#3943500 0*
#3944500 1*
#3944750 1)
#3945000 1$ 1'
#3945125 1,
#3945750 0-
#3945875 0)
#3946000 0$
#3946125 1& 1(
#3946250 0*
#3947375 1* 10
#3948000 1!
#3948125 0*
#3949250 1*
#3949750 0!
#3949875 1"
#3950000 0*
#3951125 1*
#3951750 1!
#3951875 0*
#3953000 1*
#3954125 1) 1-
#3954375 0! 1# 1% 0&
#3955250 0)
#3955375 0" 0# 0% 0(
#3955500 1$ 1&
#3955625 0*
#3956750 1*
#3956875 1)
#3957250 1! 1" 1# 1% 1(
#3958000 0)
#3959750 1)
#3960000 0! 0" 0# 0% 0& 0(
#3960750 0) 0-
#3961000 0$
#3961125 1# 1& 1(
#3961250 0*
#3962375 1*
#3963000 1!
#3963125 0*
#3964250 1*
#3964750 0!
#3964875 1"
#3965000 0*
#3966125 1*
#3966750 1!
#3966875 0*
#3968000 1*
#3969125 1) 1-
#3969375 0! 1% 0&
#3970125 0)
#3970375 0" 0% 0(
#3970500 1$ 1&
#3970625 0*
#3971750 1*
#3971875 1)
#3972125 0# 0$ 0'
#3972250 1! 1"
#3973000 0)
#3973250 1# 1$ 1%
#3973500 0+
#3974500 1+
#3974750 1)
#3975000 0! 0" 0# 0% 0& 1'
#3975750 0) 0-
#3976125 1& 1(
#3976250 0*
#3977375 1*
#3978000 1!
#3978125 0*
#3979250 1*
#3979750 0!
#3979875 1"
#3980000 0*
#3981125 1*
#3981625 1!
#3981875 0*
#3982875 1*
#3984125 1) 1-
#3984375 0! 1# 0$ 1% 0&
#3985125 0)
#3985375 0" 0# 1& 0(
#3985625 0*
#3986625 1*
#3986875 1)
#3987125 0'
#3987250 1!
#3988000 0)
#3988250 0% 0&
#3988500 0*
#3989500 1*
#3989750 1)
#3989875 0!
#3990000 1$ 1'
#3990750 0) 0-
#3991125 1# 1& 1(
#3991250 0*
#3992250 1*
#3992875 1!
#3993125 0*
#3994125 1*
#3994750 0!
#3994875 1"
#3995000 0*
#3996000 1*
#3996625 1!
#3996875 0*
#3997875 1*
#3999125 1) 1-
#3999375 0! 0$ 1% 0&
#4000125 0)
#4000375 0" 1& 0(
#4000625 0*
#4001625 1*
#4001875 1)
#4002125 0# 0'
#4002250 1! 0,
#4003000 0)
#4003125 0% 0&
#4003500 0*
#4004500 1*
#4004625 1)
#4004875 0!
#4005000 1$ 1'
#4005125 1,
#4005750 0) 0-
#4006000 0$ 1& 1(
#4006125 1%
#4006250 0*
#4007250 1*
#4007875 1!
#4008125 0*
#4009125 1*
#4009750 0! 1"
#4010000 0*
#4011000 1*
#4011625 1!
#4011875 0*
#4012875 1*
#4014000 1)
#4014125 1-
#4014250 0! 0&
#4014375 1#
#4015125 0)
#4015375 0" 0# 1$ 1& 0(
#4015625 0*
#4016625 1*
#4016875 1)
#4017125 1(
#4017250 1! 1" 1#
#4018000 0)
#4019625 1)
#4020000 0! 0" 0# 0% 0& 0(
#4020750 0) 0-
#4021000 1# 0$ 1% 1& 1(
#4021250 0*
#4022250 1*
#4022875 1!
#4023125 0*
#4024125 1*
#4024250 00
#4024750 0! 1"
#4025000 0*
#4026000 1*
#4026625 1!
#4026875 0*
#4027875 1*
#4029000 1)
#4029125 1-
#4029250 0! 0&
#4030125 0)
#4030375 0" 1$ 1& 0(
#4030625 0*
#4031250 10
#4031625 1*
#4031875 1)
#4032125 0$ 0% 0'
#4033000 0)
#4033250 1! 1" 1$ 1%
#4033500 0*
#4034500 1*
#4034625 1)
#4034875 0! 0" 0# 0% 0&
#4035000 1'
#4035750 0) 0-
#4036000 1% 1& 1(
#4036250 0*
#4037250 1*
#4037875 1!
#4038125 0*
#4039125 1*
#4039625 0!
#4039750 1"
#4040000 0*
#4041000 1*
#4041625 1!
#4041875 0*
#4042875 1*
#4044000 1)
#4044125 1-
#4044375 1#
#4045125 0)
#4045625 0+
#4046625 1+
#4046875 1)
#4047125 0" 0# 0$ 0' 0(
#4047875 0)
#4048125 0% 0&
#4048375 0*
#4049375 1*
#4049625 1)
#4049875 0!
#4050000 1$ 1'
#4050750 0) 0-
#4051000 1# 1% 1& 1(
#4051250 0*
#4052250 1*
#4052875 1!
#4053125 0*
#4054125 1*
#4054625 0!
#4054750 1"
#4055000 0*
#4056000 1*
#4056625 1!
#4056875 0*
#4057875 1*
#4059000 1) 1-
#4059250 0! 0$ 0&
#4060125 0)
#4060250 0(
#4060375 0" 0# 0% 0'
#4060625 0*
#4061625 1*
#4062250 1!
#4062500 0*
#4063500 1*
#4064000 0!
#4064125 1"
#4064375 0*
#4065125 1)
#4065375 1*
#4065500 1# 1% 1' 1(
#4066250 0)
#4066375 0" 0# 0% 0' 0(
#4066625 0*
#4067750 1*
#4068375 1!
#4068500 0*
#4069625 1*
#4070125 0!
#4070250 1"
#4070375 0*
#4071125 1)
#4071375 0" 1*
#4071500 1! 1% 1&
#4071625 0,
#4072250 0)
#4072500 0% 0&
#4072750 0*
#4073750 1*
#4074000 1)
#4074250 0! 1(
#4074375 1$ 1% 1' 1,
#4075125 0)
#4075250 0$ 0% 0' 0(
#4075375 1!
#4075625 0*
#4076625 1*
#4077250 1%
#4077500 0*
#4078500 1*
#4078625 1)
#4078875 0!
#4079000 1# 1' 1(
#4079750 0)
#4080000 1! 0# 0% 0' 0(
#4080250 0*
#4081250 1*
#4081500 1)
#4081750 0! 1' 1(
#4081875 1$ 1%
#4082625 0)
#4082750 0$ 0% 0' 0(
#4082875 1!
#4083125 0*
#4084125 1*
#4084750 1%
#4085000 0*
#4086000 1*
#4086125 1)
#4086375 0!
#4086500 1# 1' 1(
#4087250 0)
#4087500 1! 0# 0% 0' 0(
#4087750 0*
#4088750 1*
#4089000 1)
#4089250 0! 1' 1(
#4089375 1" 1# 1%
#4090125 0)
#4090250 0" 0# 0% 0' 0(
#4090500 0*
#4091625 1*
#4092250 1!
#4092500 0*
#4093500 1*
#4094000 0!
#4094125 1"
#4094375 0*
#4095125 1)
#4095375 1' 1( 1*
#4095500 1# 1%
