$date Mon Aug 31 15:19:03 2026 $end
$version libsigrok 0.5.2 $end
$comment
  Acquisition with 16/16 channels at 80 MHz
$end
$timescale 100 ps $end
$scope module libsigrok $end
$var wire 1 ! A0 $end
$var wire 1 " A1 $end
$var wire 1 # A2 $end
$var wire 1 $ A3 $end
$var wire 1 % A4 $end
$var wire 1 & A5 $end
$var wire 1 ' A6 $end
$var wire 1 ( A7 $end
$var wire 1 ) RAS $end
$var wire 1 * CAS0 $end
$var wire 1 + CAS1 $end
$var wire 1 , R/W $end
$var wire 1 - VDS $end
$var wire 1 . IRQ $end
$var wire 1 / CSW $end
$var wire 1 0 CSR $end
$upscope $end
$enddefinitions $end
#0 1! 1" 1# 1$ 1% 1& 1' 1( 0) 1* 1+ 1, 1- 0. 1/ 10
#125 0! 0# 0$ 0% 0& 0( 0- 00
#250 1# 1$ 1% 0' 1( 10
#750 1!
#1000 0*
#2000 1*
#3125 1) 1-
#3375 0! 0$ 1'
#4250 0)
#4375 0" 0% 0' 0(
#4500 1&
#4750 0*
#5750 1*
#5875 1)
#6125 0# 0&
#6250 1$ 1'
#7000 0)
#7250 1(
#7500 0+
#8500 1+
#8750 1)
#9000 1! 1" 1# 0$ 1% 0' 0(
#9750 0-
#9875 0)
#10000 0! 0" 0# 0%
#10125 1& 1(
#10375 0*
#11375 1*
#12000 1!
#12125 0*
#13250 1*
#13750 0!
#13875 1"
#14000 0*
#15125 1*
#15750 1!
#15875 0*
#17000 1*
#18125 1) 1-
#18375 0! 1# 1% 0& 1'
#19250 0)
#19375 0" 0# 0% 0' 0(
#19500 1$ 1&
#19625 0*
#20750 1*
#20875 1)
#21125 0&
#21250 1! 1# 1% 1' 1( 0,
#22000 0)
#22250 0! 1" 0# 0$ 0% 1&
#22500 0+
#23500 1+
#23750 1)
#24000 1! 1# 1% 0& 0' 0(
#24125 1,
#24750 0) 0-
#25000 0! 0" 0% 1(
#25125 1&
#25250 0*
#26250 1*
#26875 1!
#27125 0*
#28250 1*
#28750 0!
#28875 1"
#29000 0*
#30000 1*
#30625 1!
#30875 0*
#31875 1*
#33125 1) 1-
#33375 0! 1% 0& 1'
#34125 0)
#34375 0" 0% 0' 0(
#34500 1$ 1&
#34625 0*
#35625 1*
#35875 1)
#36250 1" 1% 1(
#37000 0)
#37250 1!
#37500 0*
#38500 1*
#38750 1)
#39000 0$ 0& 0(
#39750 0) 0-
#40000 0! 0" 0# 0% 1(
#40125 1$ 1&
#40250 0*
#41250 1*
#41875 1!
#42125 0*
#43125 1*
#43750 0!
#43875 1"
#44000 0*
#45000 1*
#45625 1!
#45875 0*
#46875 1*
#48125 1) 1-
#48250 0!
#48375 1# 0$ 1% 0& 1'
#49125 0)
#49375 0" 0# 1& 0' 0(
#49625 0*
#50625 1*
#50875 1)
#51125 0&
#51250 1! 1# 1$ 1' 1( 0,
#52000 0)
#52125 0# 0$
#52250 1" 0% 1&
#52500 0+
#53500 1+
#53625 1)
#53875 0&
#54000 1# 1% 0' 0(
#54125 1,
#54750 0) 0-
#55000 0! 0" 0% 1(
#55125 1$ 1&
#55250 0*
#56250 1*
#56875 1!
#57125 0*
#58125 1*
#58750 0! 1"
#59000 0*
#60000 1*
#60625 1!
#60875 0*
#61875 1*
#63125 1) 1-
#63250 0!
#63375 0$ 1% 0& 1'
#64125 0)
#64375 0" 1& 0' 0(
#64625 0*
#65625 1*
#65875 1)
#66250 1! 1" 1$ 1' 1(
#67000 0)
#68625 1)
#69000 0$ 0& 0' 0(
#69750 0) 0-
#70000 0! 0" 0# 1& 1(
#70250 0*
#71250 1*
#71875 1!
#72125 0*
#73125 1*
#73750 0! 1"
#74000 0*
#75000 1*
#75625 1!
#75875 0*
#76875 1*
#78125 1) 1-
#78250 0!
#78375 1# 0& 1'
#79125 0)
#79375 0" 0# 1$ 1& 0' 0(
#79625 0*
#80625 1*
#80875 1)
#81125 0&
#81250 1! 1# 1' 1( 0,
#82000 0)
#82125 0!
#82250 0$ 0% 1&
#82500 0+
#83500 1+
#83625 1)
#83875 0& 0'
#84000 1! 1" 1% 0(
#84125 1,
#84750 0) 0-
#85000 0! 0" 1& 1(
#85250 0*
#86250 1*
#86875 1!
#87125 0*
#88125 1*
#88750 0! 1"
#89000 0*
#89500 00
#90000 1*
#90625 1!
#90875 0*
#91875 1*
#93125 1) 1-
#93250 0!
#93375 0& 1'
#94125 0)
#94375 0" 1& 0' 0(
#94500 1$
#94625 0*
#95625 1*
#95875 1)
#96250 1! 1" 1(
#96375 10
#97000 0)
#97500 0+
#98500 1+
#98625 1)
#99000 0$ 0& 0(
#99750 0) 0-
#100000 0! 0" 0# 1& 1(
#100125 1$
#100250 0*
#101250 1*
#101875 1!
#102125 0*
#103125 1*
#103750 0!
#103875 1"
#104000 0*
#105000 1*
#105625 1!
#105875 0*
#106875 1*
#108125 1) 1-
#108375 0! 1# 0$ 0& 1'
#109125 0)
#109375 0" 0# 0% 0(
#109625 0*
#110625 1*
#110875 1)
#111250 1$
#112000 0)
#112250 1! 1(
#112500 0+
#113500 1+
#113750 1)
#114000 1" 1# 0$ 1% 0' 0(
#114750 0) 0-
#115000 0! 0" 1(
#115125 1$ 1&
#115250 0*
#116250 1*
#116875 1!
#117125 0*
#118250 1*
#118750 0!
#118875 1"
#119000 0*
#120125 1*
#120625 1!
#120875 0*
#122000 1*
#123125 1) 1-
#123375 0! 0$ 0& 1'
#124250 0)
#124375 0" 0% 0(
#124625 0*
#125750 1*
#125875 1)
#126250 1! 1$ 1% 1( 0,
#127000 0)
#127250 0$ 0% 1&
#127500 0+
#128500 1+
#128750 1)
#129000 1" 1% 0& 0' 0(
#129125 1,
#129750 0-
#129875 0)
#130000 0! 0" 0# 0%
#130125 1' 1(
#130375 0*
#131375 1*
#132000 1!
#132250 0*
#133250 1*
#133750 0!
#133875 1"
#134125 0*
#135125 1*
#135750 1!
#136000 0*
#137000 1*
#138125 1) 1-
#138375 0!
#138500 1# 1%
#139250 0)
#139375 0" 0# 0% 0(
#139500 1$
#139750 0*
#140750 1*
#140875 1)
#141250 1! 1" 1# 1% 1& 1(
#142000 0)
#143750 1)
#144000 0$ 0& 0' 0(
#144750 0-
#144875 0)
#145000 0! 0" 0%
#145125 1' 1(
#145375 0*
#146375 1*
#147000 1!
#147250 0*
#148250 1*
#148750 0!
#148875 1"
#149125 0*
#150125 1*
#150750 1!
#151000 0*
#152000 1*
#153125 1) 1-
#153375 0!
#153500 1%
#154250 0)
#154375 0% 0(
#154500 0" 1$
#154750 0*
#155750 1*
#156000 1)
#156125 0# 0$
#156250 1(
#157000 0)
#157375 1! 1" 1# 1$ 1% 1&
#157500 0*
#158500 1*
#158750 1)
#159000 0$ 0& 0' 0(
#159875 0) 0-
#160000 0! 0" 0#
#160125 1$ 0% 1' 1(
#160375 0*
#161375 1*
#162000 1!
#162250 0*
#163250 1*
#163750 0!
#163875 1"
#164125 0*
#165125 1*
#165750 1!
#166000 0*
#167000 1*
#168125 1)
#168250 1-
#168375 0! 0$
#168500 1# 1%
#169250 0)
#169500 0" 0# 0(
#169750 0*
#170750 1*
#171000 1)
#171250 1! 1# 1(
#171375 1$ 0,
#172125 0)
#172250 0! 0$ 0%
#172375 1" 1&
#172625 0+
#173625 1+
#173750 1)
#174000 0& 0' 0(
#174125 1! 1% 1,
#174875 0) 0-
#175000 0!
#175125 0" 1$ 0% 1' 1(
#175375 0*
#176375 1*
#177000 1!
#177250 0*
#178250 1*
#178875 0! 1"
#179125 0*
#180125 1*
#180750 1!
#181000 0*
#182000 1*
#183125 1)
#183250 1-
#183375 0!
#183500 0$ 1%
#184250 0)
#184500 0" 0(
#184750 0*
#185750 1*
#186000 1)
#186250 1(
#186375 1! 1" 1$ 1&
#187125 0)
#188750 1)
#189125 0$ 0& 0' 0(
#189875 0) 0-
#190125 0! 0" 0# 1' 1(
#190375 0*
#191375 1*
#192000 1!
#192250 0*
#192875 00
#193250 1*
#193875 0! 1"
#194125 0*
#195125 1*
#195750 1!
#196000 0*
#197000 1*
#198250 1) 1-
#198375 0!
#198500 1#
#199250 0)
#199500 0" 0# 0(
#199625 1$
#199750 0*
#199875 10
#200750 1*
#201000 1)
#201375 1! 1# 1( 0,
#202125 0)
#202375 1" 0$ 0% 1&
#202625 0+
#203625 1+
#203875 1)
#204125 1% 0& 0' 0(
#204250 1,
#204875 0) 0-
#205125 0! 0" 1(
#205250 1'
#205375 0*
#206375 1*
#207000 1!
#207250 0*
#208375 1*
#208875 0!
#209000 1"
#209125 0*
#210250 1*
#210750 1!
#211000 0*
#212125 1*
#213250 1) 1-
#213500 0!
#214375 0)
#214500 0" 0(
#214625 1$
#214750 0*
#215875 1*
#216000 1)
#216250 0# 0$ 0%
#216375 1! 1(
#217125 0)
#217375 1" 1# 1$ 1% 1&
#217625 0+
#218625 1+
#218875 1)
#219125 0$ 0& 0' 0(
#219875 0-
#220000 0)
#220125 0! 0" 0#
#220250 1$ 1' 1(
#220500 0*
#221500 1*
#222125 1!
#222375 0*
#223375 1*
#223875 0!
#224000 1"
#224250 0*
#225250 1*
#225875 1!
#226125 0*
#227125 1*
#228250 1) 1-
#228500 0! 0$
#228625 1#
#229375 0)
#229500 0" 0# 0% 0(
#229625 1&
#229875 0*
#230875 1*
#231000 1)
#231250 0&
#231375 1$
#232125 0)
#232375 1" 1(
#232625 0+
#233625 1+
#233875 1)
#234125 1! 0$ 0' 0(
#234250 1# 1%
#234875 0-
#235000 0)
#235125 0! 0"
#235250 1$ 1' 1(
#235500 0*
#236500 1*
#237125 1!
#237375 0*
#238375 1*
#238875 0!
#239000 1"
#239250 0*
#240250 1*
#240875 1!
#241125 0*
#242125 1*
#243250 1) 1-
#243500 0! 0$
#244375 0)
#244500 0(
#244625 0" 0% 1&
#244875 0*
#245875 1*
#246125 1)
#246250 0&
#246375 1! 1$ 1% 1(
#246500 0,
#247125 0)
#247375 0! 0# 0% 1&
#247625 0+
#248750 1+
#248875 1)
#249125 0$ 0& 0' 0(
#249250 1! 1" 1# 1% 1,
#250000 0) 0-
#250125 0! 0" 0#
#250250 0% 1& 1' 1(
#250500 0*
#251500 1*
#252125 1!
#252375 0*
#253375 1*
#253875 0!
#254000 1"
#254250 0*
#255250 1*
#255875 1!
#256125 0*
#257125 1*
#258250 1)
#258375 1-
#258500 0! 0&
#258625 1# 1%
#259375 0)
#259625 0" 0# 1$ 0% 1& 0(
#259875 0*
#260875 1*
#261125 1)
#261375 1! 1" 1(
#261500 1# 1%
#262250 0)
#263875 1)
#264125 0& 0' 0(
#264250 0$
#265000 0) 0-
#265250 0! 0" 0% 1& 1' 1(
#265500 0*
#266500 1*
#267125 1!
#267375 0*
#268375 1*
#269000 0! 1"
#269250 0*
#270250 1*
#270875 1!
#271125 0*
#272125 1*
#273250 1)
#273375 1-
#273500 0! 0&
#273625 1%
#274375 0)
#274625 0" 1$ 0% 1& 0(
#274875 0*
#275875 1*
#276125 1)
#276375 0# 0$ 0& 1(
#276500 1"
#277250 0)
#277500 1! 1# 1$ 1% 1&
#277750 0*
#278750 1*
#278875 1)
#279125 0& 0(
#279250 0$ 0'
#280000 0) 0-
#280250 0! 0" 0# 1$ 0% 1& 1' 1(
#280500 0*
#281500 1*
#282125 1!
#282375 0*
#283375 1*
#284000 0! 1"
#284250 0*
#285250 1*
#285875 1!
#286125 0*
#287125 1*
#288250 1)
#288375 1-
#288500 0!
#288625 1# 0$ 1% 0&
#289375 0)
#289625 0" 0# 1& 0(
#289875 0*
#290875 1*
#291125 1)
#291375 0& 1(
#291500 1! 1# 1$ 0,
#292250 0)
#292375 0# 0%
#292500 1&
#292750 0+
#293750 1+
#293875 1)
#294125 0& 0' 0(
#294250 1" 1# 0$ 1%
#294375 1,
#295000 0) 0-
#295250 0! 0" 1$ 0% 1& 1' 1(
#295500 0*
#296250 00
#296500 1*
#297125 1!
#297375 0*
#298375 1*
#299000 0! 1"
#299250 0*
#300250 1*
#300875 1!
#301125 0*
#302125 1*
#303250 1) 10
#303375 1-
#303500 0!
#303625 0$ 1% 0&
#304375 0)
#304625 0" 1& 0(
#304875 0*
#305875 1*
#306125 1)
#306500 1! 1" 1$ 1(
#307250 0)
#308875 1)
#309250 0$ 0& 0' 0(
#310000 0) 0-
#310250 0! 0" 0# 1& 1' 1(
#310500 0*
#311500 1*
#312125 1!
#312375 0*
#313375 1*
#314000 0! 1"
#314250 0*
#315250 1*
#315875 1!
#316125 0*
#317125 1*
#318250 1)
#318375 1-
#318500 0! 0&
#318625 1#
#319375 0)
#319625 0" 0# 1$ 1& 0(
#319875 0*
#320875 1*
#321125 1)
#321375 0% 0&
#322250 0)
#322500 1! 1" 1(
#322750 0+
#323750 1+
#323875 1)
#324125 0' 0(
#324250 1# 0$ 1%
#325000 0) 0-
#325250 0! 0" 1& 1' 1(
#325500 0*
#326500 1*
#327125 1!
#327375 0*
#328375 1*
#329000 0! 1"
#329250 0*
#330250 1*
#330875 1!
#331125 0*
#332125 1*
#333250 1)
#333375 1-
#333500 0! 0&
#334375 0)
#334625 0" 1$ 1& 0(
#334875 0*
#335875 1*
#336125 1)
#336375 1! 1" 0# 0$ 0% 0& 1(
#337250 0)
#337500 1# 1$ 1% 1&
#337750 0+
#338750 1+
#338875 1)
#339125 0$ 0& 0' 0(
#340000 0) 0-
#340250 0! 0" 0# 1$ 1& 1' 1(
#340500 0*
#341500 1*
#342125 1!
#342375 0*
#343375 1*
#344000 0! 1"
#344250 0*
#345250 1*
#345875 1!
#346125 0*
#347125 1*
#348250 1)
#348375 1-
#348625 1#
#349375 0)
#349875 0+
#350875 1+
#351125 1)
#351375 0" 0&
#351500 0,
#352125 0)
#352375 0! 0# 0%
#352500 1" 1&
#352750 0+
#353750 1+
#353875 1)
#354125 0$ 0& 0' 0(
#354250 1! 1# 1% 1,
#355000 0) 0-
#355125 0!
#355250 0" 1$ 1& 1' 1(
#355500 0*
#356500 1*
#357125 1!
#357375 0*
#358375 1*
#358875 0!
#359000 1"
#359250 0*
#360250 1*
#360875 1!
#361125 0*
#362125 1*
#363250 1)
#363375 1-
#363500 0! 0$ 0&
#364375 0)
#364625 0" 0# 1$ 0% 0(
#364875 0*
#365875 1*
#366500 1!
#366750 0*
#367750 1*
#368250 0!
#368375 1"
#368625 0*
#369375 1)
#369625 0$ 1*
#369750 1# 1% 1(
#370500 0)
#370625 0" 0% 0(
#370750 1$
#371000 0*
#372000 1*
#372625 1!
#372875 0*
#373875 1*
#374375 0!
#374500 1"
#374750 0*
#375500 1)
#375625 0" 1*
#375750 1! 1% 1(
#375875 0,
#376500 0)
#376750 0# 0% 1&
#376875 1"
#377000 0+
#378000 1+
#378250 1)
#378500 0! 0&
#378625 1% 1,
#379375 0)
#379500 0% 0(
#379625 1! 1#
#379875 0*
#380875 1*
#381500 1%
#381750 0*
#382750 1*
#382875 1)
#383250 0" 0$ 1(
#384000 0)
#384250 1" 1$ 0% 1& 0' 0(
#384500 0*
#385500 1*
#385750 1)
#386000 0! 0# 0& 1' 1(
#386125 1%
#386875 0)
#387000 0% 0(
#387125 1! 1# 1&
#387375 0*
#388375 1*
#389000 1%
#389250 0*
#390250 1*
#390375 1)
#390750 0" 0$ 0& 1(
#391500 0)
#391750 1" 1$ 1& 0' 0(
#392000 0*
#393000 1*
#393250 1)
#393500 0! 0$ 0& 1' 1(
#394375 0)
#394500 0" 0# 0% 0' 0(
#394875 0*
#395875 1*
#396500 1!
#396750 0*
#397750 1*
#398250 0!
#398375 1"
#398625 0*
#399375 1)
#399625 1' 1( 1* 00
#399750 1# 1%
#400375 0)
#400625 0" 0# 0% 0' 0(
#400875 0*
#401875 1*
#402500 1!
#402750 0*
#403750 1*
#404375 0!
#404500 1"
#404625 0*
#405875 1)
#406125 1*
#406625 0" 1( 10
#406750 1! 1# 1$ 1% 1' 0,
#407500 0)
#407625 0! 0%
#407750 1&
#408000 0+
#409000 1+
#409625 1)
#409875 0# 0&
#410000 1% 1,
#410750 0)
#411375 0% 0' 0(
#411500 1! 1" 1#
#411750 0*
#412750 1*
#413375 1%
#413500 0*
#414625 1*
#414750 1)
#415000 0! 0" 0$
#415125 1' 1(
#415875 0)
#416125 1! 1" 1$ 0% 0' 0(
#416375 0*
#417375 1*
#417625 1)
#417875 0! 0" 0# 1% 1' 1(
#418625 0)
#418875 0% 0' 0(
#419000 1! 1" 1#
#419125 0*
#420250 1*
#420875 1%
#421000 0*
#422125 1*
#422250 1)
#422500 0! 0" 0$
#422625 1' 1(
#423375 0)
#423500 0(
#423625 1! 1" 1$ 0% 0'
#423875 0*
#424875 1*
#425125 1)
#425250 0!
#425375 0$ 1% 1' 1(
#426125 0)
#426375 0" 0# 0% 0' 0(
#426625 0*
#427625 1*
#428375 1!
#428500 0*
#429500 1*
#430125 0!
#430250 1"
#430375 0*
#431125 1)
#431375 1*
#431500 1# 1% 1' 1(
#432250 0)
#432500 0" 0# 0% 0' 0(
#432750 0*
#433750 1*
#434375 1!
#434625 0*
#435625 1*
#436125 0!
#436250 1"
#436500 0*
#437250 1)
#437500 0" 1*
#437625 1$ 1'
#438375 0)
#438625 1# 1(
#438875 0+
#439875 1+
#440000 1)
#440250 0#
#440375 1%
#441125 0)
#441375 1! 1" 1# 0% 0' 0(
#441625 0*
#442625 1*
#443250 1%
#443500 0*
#444500 1*
#444750 1)
#445000 0! 0" 0$ 1(
#445125 1'
#445875 0)
#446000 0% 0' 0(
#446125 1! 1" 1$
#446375 0*
#447375 1*
#447500 1)
#447750 0! 0" 0#
#447875 1% 1' 1(
#448625 0)
#448875 1! 1" 1# 0% 0' 0(
#449125 0*
#450125 1*
#450750 1%
#451000 0*
#452000 1*
#452250 1)
#452500 0! 0" 0$ 1' 1(
#453375 0)
#453500 0% 0' 0(
#453625 1! 1" 1$
#453875 0*
#454875 1*
#455000 1)
#455250 0! 0$
#455375 1% 1' 1(
#456125 0)
#456375 0" 0# 0% 0' 0(
#456625 0*
#457625 1*
#458250 1!
#458500 0*
#459500 1*
#460125 0! 1"
#460375 0*
#461125 1)
#461375 1*
#461500 1# 1% 1' 1(
#462250 0)
#462375 0(
#462500 0" 0# 0% 0'
#462750 0*
#463750 1*
#464375 1!
#464625 0*
#465625 1*
#466125 0!
#466250 1"
#466500 0*
#467250 1)
#467500 0" 1( 1*
#467625 1! 1# 1$ 1% 1' 0,
#468375 0)
#468500 0%
#468625 1&
#468875 0+
#469875 1+
#470000 1)
#470250 0! 0# 0&
#470375 1%
#470500 1,
#471125 0)
#471375 1! 1" 1# 0% 0' 0(
#471625 0*
#472625 1*
#473250 1%
#473500 0*
#474500 1*
#474750 1)
#475000 0! 0" 0$ 1' 1(
#475875 0)
#476000 0% 0' 0(
#476125 1! 1" 1$
#476375 0*
#477375 1*
#477500 1)
#477750 0! 0" 0#
#477875 1% 1' 1(
#478625 0)
#478875 1! 1" 1# 0% 0' 0(
#479125 0*
#480125 1*
#480750 1%
#481000 0*
#482000 1*
#482250 1)
#482500 0! 0" 0$ 1' 1(
#483375 0)
#483500 0% 0' 0(
#483625 1! 1" 1$
#483875 0*
#484875 1*
#485000 1)
#500250 0"
#500375 1% 1' 1( 0,
#501125 0)
#501375 0! 1" 0% 1&
#501625 0+
#502625 1+
#502875 1)
#503125 00
#504125 1! 1%
#504250 1,
#504875 0)
#506625 1)
#509625 0! 0&
#509750 0$
#510000 10
#510500 0)
#510750 0" 0# 0% 0' 0(
#511000 0*
#512000 1*
#512250 1)
#512500 1(
#512625 1! 1" 1# 1$ 1% 1& 1'
#513375 0)
#515000 1)
#516125 0)
#516625 0+
#517625 1+
#518500 0+
#519500 1+
#520375 0+
#521375 1+
#522250 0+
#523250 1+
#524375 1)
#524625 0! 0&
#524750 0$
#525500 0)
#525750 0" 0% 0' 0(
#526000 0*
#527000 1*
#527250 1)
#527500 0# 1'
#527625 1$
#528375 0)
#528625 1! 1# 1(
#528875 0+
#529875 1+
#530000 1)
#530250 0! 0# 0' 0(
#530375 1%
#531125 0) 0-
#531375 0$ 0%
#531625 0*
#532625 1*
#533250 1!
#533500 0*
#534500 1*
#535125 0! 1"
#535375 0*
#536375 1*
#537000 1!
#537250 0*
#538250 1*
#539375 1)
#539500 1-
#539625 0!
#539750 1# 1% 1' 1(
#540500 0)
#540750 0" 0# 1$ 0% 0' 0(
#541000 0*
#542000 1*
#542250 1)
#542625 1! 1# 1% 1' 1( 0,
#543375 0)
#543500 0%
#543625 1" 1&
#543875 0+
#544875 1+
#545000 1)
#545375 0! 0" 0# 1% 0& 0' 0(
#545500 1,
#546125 0) 0-
#546375 0$ 0%
#546500 1#
#546625 0*
#547625 1*
#548250 1!
#548500 0*
#549500 1*
#550125 0!
#550250 1"
#550375 0*
#551375 1*
#552000 1!
#552250 0*
#553250 1*
#554500 1) 1-
#554625 0!
#554750 1% 1' 1(
#555500 0)
#555750 0" 0% 0' 0(
#555875 1$
#556000 0*
#557000 1*
#557250 1)
#557500 0$
#557625 1' 1(
#558375 0)
#558625 1! 1" 1$ 1% 1&
#558875 0*
#559875 1*
#560125 1)
#560375 0! 0" 0# 0& 0' 0(
#561125 0) 0-
#561375 0%
#561625 0*
#562625 1*
#563250 1!
#563500 0*
#564500 1*
#565125 0!
#565250 1"
#565375 0*
#566375 1*
#567000 1!
#567250 0*
#568375 1*
#569500 1) 1-
#569750 0! 1# 0$ 1% 1' 1(
#570625 0)
#570750 0" 0# 0' 0(
#571000 0*
#572125 1*
#572250 1)
#572625 1! 1# 1$ 1' 1( 0,
#573375 0)
#573625 0! 0# 0$ 1&
#573875 0+
#574875 1+
#575125 1)
#575375 1$ 0& 0' 0(
#575500 1,
#576125 0-
#576250 0)
#576375 0%
#576500 1#
#576750 0*
#577750 1*
#578375 1!
#578625 0*
#579625 1*
#580125 0!
#580250 1"
#580500 0*
#581500 1*
#582125 1!
#582375 0*
#583375 1*
#584500 1) 1-
#584750 0! 0$ 1' 1(
#584875 1%
#585625 0)
#585750 0" 0' 0(
#586125 0*
#587125 1*
#587250 1)
#587625 1! 1" 1$ 1& 1' 1(
#588375 0)
#590125 1)
#590375 0! 0" 0# 0& 0' 0(
#591125 0-
#591250 0)
#591375 0$
#591750 0*
#592750 1*
#593375 1!
#593625 0*
#594625 1*
#595125 0!
#595250 1"
#595500 0*
#596500 1*
#597125 1!
#597375 0*
#598375 1*
#599500 1) 1-
#599750 0! 1(
#599875 1# 1'
#600625 0)
#600750 0# 0' 0(
#600875 0" 1$
#601125 0*
#602125 1*
#602375 1)
#602625 1! 1# 1' 1(
#602750 0,
#603375 0)
#603625 0# 0$ 1&
#603875 0+
#605000 1+
#605125 1)
#605375 0! 0& 0' 0(
#605500 1$ 1,
#606250 0) 0-
#606375 0$
#606500 1# 00
#606750 0*
#607750 1*
#608375 1!
#608625 0*
#609625 1*
#610125 0!
#610250 1"
#610500 0*
#611500 1*
#612125 1!
#612375 0*
#613375 1*
#613500 10
#614500 1)
#614625 1-
#614750 0!
#614875 1' 1(
#615625 0)
#615750 0(
#615875 0" 1$ 0'
#616125 0*
#617125 1*
#617375 1)
#617625 1! 0$ 0% 1' 1(
#618500 0)
#618750 1" 1$ 1% 1&
#619000 0+
#620000 1+
#620125 1)
#620375 0! 0" 0# 0& 0'
#620500 0(
#621250 0) 0-
#621750 0*
#622750 1*
#623375 1!
#623625 0*
#624625 1*
#625250 0! 1"
#625500 0*
#626500 1*
#627125 1!
#627375 0*
#628375 1*
#629500 1)
#629625 1-
#629750 0!
#629875 1# 0$ 1' 1(
#630625 0)
#630875 0" 0# 0% 1& 0' 0(
#631125 0*
#632125 1*
#632375 1)
#632625 0&
#632750 1$ 1'
#633500 0)
#633750 1" 1# 1(
#634000 0+
#635000 1+
#635125 1)
#635375 0" 0# 0(
#635500 1% 0'
#636250 0) 0-
#636625 1#
#636750 0*
#637750 1*
#638375 1!
#638625 0*
#639625 1*
#640250 0! 1"
#640500 0*
#641500 1*
#642125 1!
#642375 0*
#643375 1*
#644625 1) 1-
#644750 0!
#644875 0$ 1' 1(
#645625 0)
#645875 0" 0% 1& 0' 0(
#646125 0*
#647125 1*
#647375 1)
#647625 0&
#647750 1! 1$ 1% 1' 1( 0,
#648500 0)
#648625 0!
#648750 1" 0# 0$ 1&
#649000 0+
#650000 1+
#650250 1)
#650500 0" 1$ 0& 0' 0(
#650625 1,
#651250 0) 0-
#651500 0$ 0%
#651625 1&
#651750 0*
#652750 1*
#653500 1!
#653625 0*
#654625 1*
#655250 0!
#655375 1"
#655500 0*
#656625 1*
#657125 1!
#657375 0*
#658500 1*
#659625 1) 1-
#659875 0! 1# 1% 0& 1' 1(
#660750 0)
#660875 0" 0# 0% 0' 0(
#661000 1$ 1&
#661125 0*
#662250 1*
#662375 1)
#662750 1! 1" 1# 1% 1' 1(
#663500 0)
#665250 1)
#665500 0! 0" 0# 0& 0' 0(
#666250 0-
#666375 0)
#666500 0$ 0%
#666625 1# 1&
#666750 0*
#667875 1*
#668500 1!
#668750 0*
#669750 1*
#670250 0!
#670375 1"
#670625 0*
#671625 1*
#672250 1!
#672500 0*
#673500 1*
#674625 1) 1-
#674875 0! 0& 1' 1(
#675000 1%
#675750 0)
#675875 0" 0% 0' 0(
#676000 1$ 1&
#676250 0*
#677250 1*
#677375 1)
#677625 0$ 0&
#677750 1" 1' 1(
#678500 0)
#678750 1! 1$ 1% 1&
#679000 0*
#680000 1*
#680250 1)
#680500 0! 0" 0# 0& 0' 0(
#681250 0-
#681375 0)
#681500 0%
#681625 1&
#681875 0*
#682875 1*
#683500 1!
#683750 0*
#684750 1*
#685250 0!
#685375 1"
#685625 0*
#686625 1*
#687250 1!
#687500 0*
#688500 1*
#689625 1) 1-
#689875 0! 0$ 0& 1(
#690000 1# 1% 1'
#690750 0)
#690875 0" 0# 0' 0(
#691000 1&
#691250 0*
#692250 1*
#692375 1)
#692625 0&
#692750 1! 1# 1$ 1' 1(
#692875 0,
#693500 0)
#693750 0# 0$ 1&
#693875 1"
#694000 0+
#695125 1+
#695250 1)
#695500 0! 0" 0& 0' 0(
#695625 1$ 1,
#696375 0) 0-
#696500 0%
#696625 1# 1&
#696875 0*
#697875 1*
#698500 1!
#698750 0*
#699750 1*
#700250 0!
#700375 1"
#700625 0*
#701625 1*
#702250 1!
#702500 0*
#703500 1*
#704625 1) 1-
#704875 0! 0$ 0& 1(
#705000 1% 1'
#705750 0)
#705875 0' 0(
#706000 0" 1&
#706250 0*
#707250 1*
#707500 1)
#707750 1! 1" 1$ 1' 1(
#708500 0)
#709875 00
#710250 1)
#710500 0! 0" 0# 0& 0' 0(
#711375 0) 0-
#711625 0$ 1&
#711875 0*
#712875 1*
#713500 1!
#713750 0*
#714750 1*
#715250 0!
#715375 1"
#715625 0*
#716625 1*
#716875 10
#717250 1!
#717500 0*
#718500 1*
#719625 1)
#719750 1-
#719875 0! 0&
#720000 1# 1' 1(
#720750 0)
#720875 0(
#721000 0" 0# 1$ 1& 0'
#721250 0*
#722250 1*
#722500 1)
#722750 1! 1# 0& 1' 1(
#722875 0,
#723500 0)
#723750 0! 0$
#723875 1&
#724125 0+
#725125 1+
#725250 1)
#725500 0# 0& 0' 0(
#725625 1$ 1,
#726375 0) 0-
#726625 1# 0$ 1&
#726875 0*
#727875 1*
#728500 1!
#728750 0*
#729750 1*
#730250 0!
#730375 1"
#730625 0*
#731625 1*
#732250 1!
#732500 0*
#733500 1*
#734625 1)
#734750 1-
#734875 0! 0&
#735000 1' 1(
#735750 0)
#735875 0(
#736000 0" 1$ 1& 0'
#736250 0*
#737250 1*
#737500 1)
#737750 1! 1" 0$ 0% 0& 1' 1(
#738625 0)
#738875 1$ 1% 1&
#739125 0+
#740125 1+
#740250 1)
#740500 0! 0" 0# 0& 0' 0(
#741375 0) 0-
#741625 1&
#741875 0*
#742875 1*
#743500 1!
#743750 0*
#744750 1*
#745250 0!
#745375 1"
#745625 0*
#746625 1*
#747250 1!
#747500 0*
#748500 1*
#749625 1)
#749750 1-
#749875 0! 0$ 0&
#750000 1# 1' 1(
#750750 0)
#751000 0" 0# 0% 0(
#751250 0*
#752250 1*
#752500 1)
#752750 1$
#753500 0)
#753875 1! 1" 1# 1(
#754125 0+
#755125 1+
#755250 1)
#755500 0! 0" 0# 0' 0(
#755625 1%
#756375 0) 0-
#756625 1# 1&
#756875 0*
#757875 1*
#758500 1!
#758750 0*
#759750 1*
#760250 0!
#760375 1"
#760625 0*
#761625 1*
#762250 1!
#762500 0*
#763500 1*
#764625 1)
#764750 1-
#764875 0! 0$ 0&
#765000 1' 1(
#765750 0)
#765875 0(
#766000 0" 0%
#766250 0*
#767250 1*
#767500 1)
#767750 1! 1$ 1% 1(
#767875 0,
#768500 0)
#768750 0$
#768875 1&
#769000 0+
#770125 1+
#770250 1)
#770500 0! 0# 0& 0' 0(
#770625 1$ 1,
#771375 0) 0-
#771500 0$ 0%
#771625 1'
#771875 0*
#772875 1*
#773500 1!
#773750 0*
#774750 1*
#775250 0!
#775375 1"
#775625 0*
#776625 1*
#777250 1!
#777500 0*
#778500 1*
#779625 1) 1-
#779875 0!
#780000 1# 1% 1(
#780750 0)
#780875 0# 0% 0(
#781000 0" 1$
#781250 0*
#782250 1*
#782500 1)
#782750 1! 1" 1# 1% 1& 1(
#783500 0)
#785250 1)
#785500 0! 0" 0# 0& 0' 0(
#786250 0-
#786375 0)
#786500 0$ 0%
#786625 1# 1'
#786875 0*
#787875 1*
#788500 1!
#788750 0*
#789750 1*
#790250 0!
#790375 1"
#790625 0*
#791625 1*
#792250 1!
#792500 0*
#793500 1*
#794625 1) 1-
#794875 0! 1(
#795000 1%
#795750 0)
#795875 0" 0% 0(
#796000 1$
#796250 0*
#797250 1*
#797375 1)
#797625 0#
#797750 1(
#798500 0)
#798750 1! 1" 1# 1% 1&
#799000 0*
#800000 1*
#800250 1)
#800500 0! 0" 0# 0& 0' 0(
#801250 0-
#801375 0)
#801500 0%
#801625 1'
#801875 0*
#802875 1*
#803500 1!
#803750 0*
#804750 1*
#805250 0!
#805375 1"
#805625 0*
#806625 1*
#807250 1!
#807500 0*
#808500 1*
#809625 1) 1-
#809875 0! 0$ 1(
#810000 1# 1%
#810750 0)
#810875 0" 0# 0(
#811250 0*
#812250 1*
#812375 1)
#812750 1! 1# 1$ 1(
#812875 0,
#813375 00
#813500 0)
#813750 0! 1" 0$ 1&
#814000 0+
#815000 1+
#815250 1)
#815500 0" 0# 1$ 0& 0' 0(
#815625 1,
#816250 0-
#816375 0)
#816500 0%
#816625 1# 1'
#816875 0*
#817875 1*
#818500 1!
#818750 0*
#819750 1*
#820250 0! 10
#820375 1"
#820625 0*
#821625 1*
#822250 1!
#822375 0*
#823500 1*
#824625 1) 1-
#824875 0! 0$ 1% 1(
#825750 0)
#825875 0" 0(
#826125 0*
#827250 1*
#827375 1)
#827750 1! 1" 1$ 1& 1(
#828500 0)
#830250 1)
#830500 0! 0" 0# 0& 0' 0(
#831250 0) 0-
#831500 0$
#831625 1'
#831750 0*
#832875 1*
#833500 1!
#833625 0*
#834625 1*
#835250 0!
#835375 1"
#835500 0*
#836500 1*
#837125 1!
#837375 0*
#838375 1*
#839625 1) 1-
#839750 0!
#839875 1# 1(
#840625 0)
#840875 0" 0# 0(
#841000 1$
#841125 0*
#842125 1*
#842375 1)
#842625 0%
#843500 0)
#843750 0$ 1% 1(
#844000 0+
#845000 1+
#845250 1)
#845375 0(
#845500 1$ 0'
#846250 0) 0-
#846500 0$ 1'
#846625 1#
#846750 0*
#847750 1*
#848375 1!
#848625 0*
#849625 1*
#850250 0! 1"
#850500 0*
#851500 1*
#852125 1!
#852375 0*
#853375 1*
#854625 1) 1-
#854750 0!
#854875 1(
#855625 0)
#855875 0" 1$ 0(
#856125 0*
#857125 1*
#857375 1)
#857625 0# 0% 1(
#857750 1!
#858500 0)
#858750 1" 1# 1% 1&
#859000 0+
#860000 1+
#860125 1)
#860500 0! 0" 0# 0& 0' 0(
#861250 0) 0-
#861500 1'
#861750 0*
#862750 1*
#863375 1!
#863625 0*
#864625 1*
#865250 0! 1"
#865500 0*
#866500 1*
#867125 1!
#867375 0*
#868375 1*
#869500 1)
#869625 1-
#869750 0!
#869875 1# 0$ 1(
#870625 0)
#870875 0" 0# 0% 1& 0(
#871125 0*
#872125 1*
#872375 1)
#872625 0& 1(
#872750 1! 1# 1$ 1% 0,
#873500 0)
#873625 0$
#873750 1" 1&
#874000 0+
#875000 1+
#875125 1)
#875375 0! 0" 0# 0& 1,
#875500 1$ 0' 0( 0,
#875625 1,
#876250 0) 0-
#876500 1# 1'
#876750 0*
#877750 1*
#878375 1!
#878625 0*
#879625 1*
#880250 0! 1"
#880500 0*
#881500 1*
#882125 1!
#882375 0*
#883375 1*
#884500 1)
#884625 1-
#884750 0! 0$
#884875 1(
#885625 0)
#885875 0" 0% 1& 0(
#886125 0*
#887125 1*
#887375 1)
#887625 1! 1(
#887750 1" 1$ 1%
#888500 0)
#890125 1)
#890375 0! 0" 0# 0&
#890500 0' 0(
#891250 0) 0-
#891500 0$ 0% 1& 1'
#891750 0*
#892750 1*
#893375 1!
#893625 0*
#894625 1*
#895125 0!
#895250 1"
#895500 0*
#896500 1*
#897125 1!
#897375 0*
#898375 1*
#899500 1)
#899625 1-
#899750 0! 0&
#899875 1# 1% 1(
#900625 0)
#900750 0(
#900875 0" 0# 1$ 0% 1&
#901125 0*
#902125 1*
#902375 1)
#902625 1! 1# 1% 0& 1(
#902750 0,
#903375 0)
#903625 0! 0#
#903750 1&
#904000 0+
#905000 1+
#905125 1)
#905375 0& 0' 0(
#905500 1,
#906250 0) 0-
#906500 1# 0$ 0% 1& 1'
#906750 0*
#907750 1*
#908375 1!
#908625 0*
#909625 1*
#910125 0!
#910250 1"
#910500 0*
#911500 1*
#912125 1!
#912375 0*
#913375 1*
#914500 1)
#914625 1-
#914750 0! 0&
#914875 1% 1(
#915625 0)
#915750 0(
#915875 0" 1$ 0% 1&
#916125 0*
#916750 00
#917125 1*
#917375 1)
#917625 1" 0# 0& 1(
#918375 0)
#918750 1! 1# 1% 1&
#918875 0*
#919875 1*
#920125 1)
#920375 0! 0" 0# 0& 0' 0(
#921250 0) 0-
#921375 0%
#921500 1& 1'
#921750 0*
#922750 1*
#923375 1!
#923625 0*
#923750 10
#924625 1*
#925125 0!
#925250 1"
#925500 0*
#926500 1*
#927125 1!
#927375 0*
#928375 1*
#929500 1)
#929625 1-
#929750 0! 0$ 0&
#929875 1# 1% 1(
#930625 0)
#930750 0# 0(
#930875 0" 1&
#931125 0*
#932125 1*
#932375 1)
#932625 1! 1# 1$ 0& 1(
#932750 0,
#933375 0)
#933625 0# 1&
#933875 0+
#935000 1+
#935125 1)
#935375 0! 0& 0' 0(
#935500 1,
#936250 0) 0-
#936500 1# 0% 1& 1'
#936750 0*
#937750 1*
#938375 1!
#938625 0*
#939625 1*
#940125 0!
#940250 1"
#940500 0*
#941500 1*
#942125 1!
#942375 0*
#943375 1*
#944500 1)
#944625 1-
#944750 0! 0$ 0&
#944875 1% 1(
#945625 0)
#945750 0(
#945875 0" 1&
#946125 0*
#947125 1*
#947375 1)
#947625 0# 1$ 0% 0&
#948375 0)
#948625 0$ 1(
#948750 1! 1%
#949000 0+
#950000 1+
#950125 1)
#950375 0! 0' 0(
#950500 1$
#951250 0) 0-
#951375 0$
#951500 1& 1'
#951750 0*
#952750 1*
#953375 1!
#953625 0*
#954625 1*
#955125 0!
#955250 1"
#955500 0*
#956500 1*
#957125 1!
#957375 0*
#958375 1*
#959500 1)
#959625 1-
#959750 0! 0&
#959875 1# 1(
#960625 0)
#960750 0(
#960875 0" 0# 1$ 1&
#961125 0*
#962125 1*
#962375 1)
#962625 1! 1# 0& 1(
#962750 0,
#963375 0)
#963625 0! 0#
#963750 1" 1&
#964000 0+
#965000 1+
#965125 1)
#965375 0" 0& 0' 0(
#965500 1,
#966250 0) 0-
#966500 1# 0$ 1& 1'
#966750 0*
#967750 1*
#968375 1!
#968625 0*
#969625 1*
#970125 0!
#970250 1"
#970500 0*
#971500 1*
#972125 1!
#972375 0*
#973375 1*
#974500 1)
#974625 1-
#974750 0! 0&
#974875 1(
#975625 0)
#975875 0" 1$ 1& 0(
#976125 0*
#977125 1*
#977375 1)
#977625 1! 1" 0# 0% 0& 1(
#978500 0)
#978750 1# 1% 1&
#979000 0+
#980000 1+
#980125 1)
#980375 0! 0" 0# 0&
#980500 0' 0(
#981250 0) 0-
#981500 1& 1'
#981750 0*
#982750 1*
#983375 1!
#983625 0*
#984625 1*
#985250 0! 1"
#985500 0*
#986500 1*
#987125 1!
#987375 0*
#988375 1*
#989500 1)
#989625 1-
#989875 1# 1(
#990625 0)
#991125 0+
#992125 1+
#992375 1)
#992625 0" 0&
#992750 0,
#993500 0)
#993625 0#
#993750 1" 1&
#994000 0+
#995000 1+
#995125 1)
#995375 0" 0&
#995500 0! 0' 0(
#995625 1,
#996250 0) 0-
#996500 1& 1'
#996625 1#
#996750 0*
#997750 1*
#998375 1!
#998625 0*
#999625 1*
#1000250 0! 1"
#1000500 0*
#1001500 1*
#1002125 1!
#1002375 0*
#1003375 1*
#1004625 1) 1-
#1004875 0! 0$ 0& 1(
#1005625 0)
#1005875 0" 0# 0(
#1006125 0*
#1007125 1*
#1007750 1!
#1008000 0*
#1009000 1*
#1009625 0!
#1009750 1"
#1009875 0*
#1010625 1)
#1010875 1*
#1011000 1# 1(
#1011750 0)
#1012000 0" 0(
#1012250 0*
#1013250 1*
#1013875 1!
#1014125 0*
#1015125 1*
#1015750 0! 1"
#1016000 0*
#1016750 1)
#1017000 0" 1*
#1017125 1! 1$ 1( 0,
#1017875 0)
#1018000 0!
#1018125 1&
#1018375 0+
#1019375 1+
#1019625 1)
#1019875 1" 0# 0&
#1020000 1,
#1020125 00
#1020625 0)
#1020875 0" 0$ 0% 0'
#1021125 0*
#1022250 1*
#1022875 1%
#1023000 0*
#1024125 1*
#1024250 1)
#1024625 1! 1# 1'
#1025375 0)
#1025625 0! 0# 0% 0(
#1025875 0*
#1026875 1*
#1027125 1) 10
#1027375 1% 1(
#1027500 1" 1$
#1028250 0)
#1028375 0" 0$ 0% 0'
#1028500 1&
#1028625 0*
#1029750 1*
#1030375 1%
#1030625 0*
#1031625 1*
#1031750 1)
#1032000 0&
#1032125 1! 1# 1'
#1032875 0)
#1033125 0! 0# 0(
#1033375 0*
#1034375 1*
#1034625 1)
#1034875 1(
#1035000 1" 1#
#1035750 0)
#1035875 0" 0# 0(
#1036000 1$
#1036250 0*
#1037250 1*
#1037875 1!
#1038125 0*
#1039125 1*
#1039625 0!
#1039750 1"
#1040000 0*
#1040750 1)
#1041000 0$ 1( 1*
#1041125 1#
#1041750 0)
#1042000 0" 1$ 0(
#1042250 0*
#1043250 1*
#1044000 1!
#1044125 0*
#1045250 1*
#1045750 0!
#1045875 1"
#1046000 0*
#1047250 1)
#1047500 1*
#1048000 0" 0# 0%
#1048875 0)
#1049000 0$
#1049125 1" 1% 1(
#1049375 0+
#1050375 1+
#1051000 1)
#1051375 1$
#1052125 0)
#1052750 0$ 0%
#1052875 0"
#1053125 0*
#1054125 1*
#1054750 1%
#1055000 0*
#1056000 1*
#1056250 1)
#1056500 1! 1#
#1057250 0)
#1057500 0! 0# 0% 1& 0(
#1057750 0*
#1058750 1*
#1059000 1)
#1059250 0&
#1059375 1" 1$ 1% 1(
#1060125 0)
#1060250 0" 0$ 0%
#1060375 1&
#1060625 0*
#1061625 1*
#1062250 1%
#1062500 0*
#1063500 1*
#1063750 1)
#1064000 1! 1# 0&
#1064750 0)
#1065000 0! 0# 1& 0(
#1065250 0*
#1066375 1*
#1066500 1)
#1066750 0&
#1066875 1" 1# 1(
#1067625 0)
#1067750 0(
#1067875 0" 0# 0% 0'
#1068125 0*
#1069125 1*
#1069750 1!
#1070000 0*
#1071000 1*
#1071500 0!
#1071625 1"
#1071875 0*
#1072625 1)
#1072875 1*
#1073000 1# 1% 1' 1(
#1073750 0)
#1073875 0# 0% 0' 0(
#1074000 0"
#1074250 0*
#1075250 1*
#1075875 1!
#1076125 0*
#1077125 1*
#1077625 0!
#1077750 1"
#1078000 0*
#1078750 1)
#1079000 0" 1( 1*
#1079125 1! 1# 1$ 1% 1' 0,
#1079875 0)
#1080125 1&
#1080375 0+
#1081375 1+
#1081500 1)
#1081750 0! 0# 0&
#1082000 1,
#1082625 0)
#1082875 0$ 0% 0' 0(
#1083125 0*
#1084125 1*
#1084750 1%
#1085000 0*
#1086000 1*
#1086250 1)
#1086500 1(
#1086625 1# 1'
#1087375 0)
#1087500 0# 0% 0' 0(
#1087875 0*
#1088875 1*
#1089000 1)
#1089375 1$ 1% 1' 1(
#1090125 0)
#1090375 0$ 0% 0' 0(
#1090625 0*
#1091625 1*
#1092250 1%
#1092500 0*
#1093500 1*
#1093750 1)
#1094125 1# 1' 1(
#1094875 0)
#1095000 0# 0' 0(
#1095125 0%
#1095375 0*
#1096375 1*
#1096625 1)
#1096875 1" 1# 1% 1' 1(
#1097625 0)
#1097875 0" 0# 0% 0' 0(
#1098125 0*
#1099125 1*
#1099750 1!
#1100000 0*
#1101000 1*
#1101625 0!
#1101750 1"
#1101875 0*
#1102625 1)
#1102875 1*
#1103000 1# 1% 1' 1(
#1103750 0)
#1104000 0" 0# 0% 0' 0(
#1104250 0*
#1105250 1*
#1105875 1!
#1106125 0*
#1107125 1*
#1107750 0! 1"
#1108000 0*
#1108750 1)
#1109000 0" 1*
#1109125 1! 1# 1$ 1% 1' 1( 0,
#1109875 0)
#1110000 0!
#1110125 1" 1&
#1110375 0+
#1111375 1+
#1111625 1)
#1111875 0" 0# 0&
#1112000 1,
#1112625 0)
#1112875 0$ 0% 0' 0(
#1113125 0*
#1114250 1*
#1114875 1%
#1115000 0*
#1116125 1*
#1116250 1)
#1116625 1# 1' 1(
#1117375 0)
#1117625 0# 0% 0' 0(
#1117875 0*
#1118875 1*
#1119125 1)
#1119375 1% 1' 1(
#1119500 1$
#1120250 0)
#1120375 0$ 0% 0' 0(
#1120625 0*
#1121750 1*
#1122375 1%
#1122500 0*
#1123625 1* 00
#1123750 1)
#1124125 1# 1' 1(
#1124875 0)
#1125125 0# 0% 0' 0(
#1125375 0*
#1126375 1*
#1126625 1)
#1130500 10
#1142000 1$ 1'
#1142750 0)
#1142875 0$
#1143000 1! 1" 1% 1(
#1143250 0+
#1144250 1+
#1144375 1)
#1145625 0"
#1145750 1# 1$ 0,
#1146500 0)
#1146750 1" 1&
#1147000 0+
#1148000 1+
#1148125 1)
#1151250 0! 0$ 0&
#1151375 1,
#1152125 0)
#1152250 0" 0# 0% 0' 0(
#1152625 0*
#1153625 1*
#1153750 1)
#1154125 1! 1" 1# 1$ 1% 1& 1' 1(
#1154875 0)
#1156625 1)
#1157750 0)
#1158250 0+
#1159250 1+
#1160125 0+
#1161125 1+
#1162000 0+
#1163000 1+
#1163875 0+
#1164875 1+
#1166000 1)
#1166250 0! 0$ 0&
#1167125 0)
#1167250 0% 0' 0(
#1167375 0"
#1167625 0*
#1168625 1*
#1168750 1)
#1169125 1! 1" 1$ 1% 1& 1' 1(
#1169875 0)
#1171625 1)
#1171875 0! 0" 0# 0& 0' 0(
#1172625 0-
#1172750 0)
#1172875 0$ 0%
#1173000 1(
#1173250 0*
#1174250 1*
#1174875 1!
#1175125 0*
#1176125 1*
#1176625 0!
#1176750 1"
#1177000 0*
#1178000 1*
#1178625 1!
#1178875 0*
#1179875 1*
#1181000 1) 1-
#1181250 0!
#1181375 1# 1% 1'
#1182125 0)
#1182250 0# 0% 0' 0(
#1182375 0" 1$
#1182625 0*
#1183625 1*
#1183750 1)
#1184125 1! 1" 1# 1% 1& 1' 1(
#1184875 0)
#1186625 1)
#1186875 0! 0" 0# 0& 0' 0(
#1187625 0-
#1187750 0)
#1187875 0$ 0%
#1188000 1# 1(
#1188250 0*
#1189250 1*
#1189875 1!
#1190125 0*
#1191125 1*
#1191625 0!
#1191750 1"
#1192000 0*
#1193000 1*
#1193625 1!
#1193875 0*
#1194875 1*
#1196000 1) 1-
#1196250 0! 1'
#1196375 1%
#1197125 0)
#1197250 0" 0% 0' 0(
#1197375 1$
#1197625 0*
#1198625 1*
#1198750 1)
#1199125 1' 1(
#1199875 0)
#1200125 1! 1" 1% 1&
#1200375 0*
#1201375 1*
#1201625 1)
#1201875 0! 0" 0# 0& 0' 0(
#1202625 0-
#1202750 0)
#1202875 0%
#1203000 1(
#1203250 0*
#1204250 1*
#1204875 1!
#1205125 0*
#1206125 1*
#1206625 0!
#1206750 1"
#1207000 0*
#1208000 1*
#1208625 1!
#1208875 0*
#1209875 1*
#1211000 1) 1-
#1211250 0! 0$ 1'
#1211375 1# 1%
#1212125 0)
#1212250 0" 0# 0' 0(
#1212625 0*
#1213625 1*
#1213750 1)
#1214125 1" 1# 1$ 1' 1( 0,
#1214875 0)
#1215125 0" 0# 0$ 0% 0' 0(
#1215375 0+
#1216375 1+
#1216625 1)
#1216875 1$ 1%
#1217000 1,
#1217625 0-
#1217750 0)
#1217875 0%
#1218000 1# 1(
#1218250 0*
#1219250 1*
#1219875 1!
#1220125 0*
#1221125 1*
#1221625 0!
#1221750 1"
#1221875 0*
#1223000 1*
#1223625 1!
#1223750 0*
#1224875 1*
#1226000 1) 1-
#1226250 0! 0$ 1% 1'
#1227000 0) 00
#1227250 0" 0' 0(
#1227500 0*
#1228625 1*
#1228750 1)
#1229125 1! 1" 1$ 1& 1' 1(
#1229875 0)
#1231625 1)
#1231875 0! 0" 0# 0& 0' 0(
#1232625 0) 0-
#1232875 0$
#1233000 1(
#1233125 0*
#1234000 10
#1234125 1*
#1234875 1!
#1235000 0*
#1236125 1*
#1236625 0!
#1236750 1"
#1236875 0*
#1237875 1*
#1238500 1!
#1238750 0*
#1239750 1*
#1241000 1) 1-
#1241125 0!
#1241250 1# 1'
#1242000 0)
#1242250 0" 0# 0' 0(
#1242375 1$
#1242500 0*
#1243500 1*
#1243750 1)
#1244125 1" 1# 1' 1( 0,
#1244875 0)
#1245125 1! 0" 0# 0$ 0% 0' 0(
#1245375 0+
#1246375 1+
#1246625 1)
#1246750 0!
#1246875 1$ 1%
#1247000 1,
#1247625 0) 0-
#1247875 0$ 1(
#1248000 1#
#1248125 0*
#1249125 1*
#1249750 1!
#1250000 0*
#1251000 1*
#1251625 0!
#1251750 1"
#1251875 0*
#1252875 1*
#1253500 1!
#1253750 0*
#1254750 1*
#1256000 1) 1-
#1256125 0!
#1256250 1'
#1257000 0)
#1257250 0" 1$ 0' 0(
#1257500 0*
#1258500 1*
#1258750 1)
#1259000 0% 1(
#1259125 1! 1'
#1259875 0)
#1260125 1" 1% 1&
#1260375 0+
#1261375 1+
#1261500 1)
#1261875 0! 0" 0# 0& 0' 0(
#1262625 0) 0-
#1262875 1(
#1263125 0*
#1264125 1*
#1264750 1!
#1265000 0*
#1266000 1*
#1266625 0! 1"
#1266875 0*
#1267875 1*
#1268500 1!
#1268750 0*
#1269750 1*
#1270875 1)
#1271000 1-
#1271125 0!
#1271250 1# 0$ 1'
#1272000 0)
#1272250 0" 0# 0% 1& 0' 0(
#1272500 0*
#1273500 1*
#1273750 1)
#1274000 0& 1'
#1274125 1$
#1274875 0)
#1275000 0$
#1275125 1# 1% 1(
#1275375 0+
#1276375 1+
#1276500 1)
#1276750 0# 0' 0(
#1276875 1$
#1277625 0) 0-
#1277875 1# 1(
#1278125 0*
#1279125 1*
#1279750 1!
#1280000 0*
#1281000 1*
#1281625 0! 1"
#1281875 0*
#1282875 1*
#1283500 1!
#1283750 0*
#1284750 1*
#1285875 1)
#1286000 1-
#1286125 0! 0$
#1286250 1'
#1287000 0)
#1287250 0" 0% 1& 0' 0(
#1287500 0*
#1288500 1*
#1288750 1)
#1289000 1% 0& 1' 1(
#1289125 1" 1$ 0,
#1289875 0)
#1290000 0# 0$ 0% 0' 0(
#1290375 0+
#1291375 1+
#1291500 1)
#1291750 0"
#1291875 1$ 1% 1,
#1292625 0) 0-
#1292875 0$ 0% 1& 1(
#1293125 0*
#1294125 1*
#1294750 1!
#1295000 0*
#1296000 1*
#1296500 0!
#1296625 1"
#1296875 0*
#1297875 1*
#1298500 1!
#1298750 0*
#1299750 1*
#1300875 1)
#1301000 1-
#1301125 0! 0&
#1301250 1# 1% 1'
#1302000 0)
#1302250 0" 0# 1$ 0% 1& 0' 0(
#1302500 0*
#1303500 1*
#1303750 1)
#1304000 1! 1" 1# 1% 1' 1(
#1304750 0)
#1306500 1)
#1306750 0! 0" 0# 0& 0' 0(
#1307625 0) 0-
#1307875 1# 0$ 0% 1& 1(
#1308125 0*
#1309125 1*
#1309750 1!
#1310000 0*
#1311000 1*
#1311500 0!
#1311625 1"
#1311875 0*
#1312875 1*
#1313500 1!
#1313750 0*
#1314750 1*
#1315875 1) 1-
#1316125 0! 0&
#1316250 1% 1'
#1317000 0)
#1317125 0% 0'
#1317250 0" 1$ 1& 0(
#1317500 0*
#1318500 1*
#1318750 1)
#1318875 0&
#1319000 1" 1' 1(
#1319750 0)
#1320000 1! 1&
#1320125 1%
#1320250 0*
#1321250 1*
#1321500 1)
#1321750 0! 0" 0# 0& 0' 0(
#1322625 0) 0-
#1322750 0%
#1322875 1& 1(
#1323125 0*
#1324125 1*
#1324750 1!
#1325000 0*
#1326000 1*
#1326500 0!
#1326625 1"
#1326875 0*
#1327875 1*
#1328500 1!
#1328750 0*
#1329750 1*
#1330875 1) 1-
#1331125 0! 0$ 0&
#1331250 1# 1% 1'
#1332000 0)
#1332125 0# 0' 0(
#1332250 0" 1&
#1332500 0*
#1333500 1*
#1333625 1)
#1333875 0&
#1334000 1" 1# 1$ 1' 1(
#1334125 0,
#1334750 0)
#1335000 1! 0# 0$ 0% 0' 0(
#1335250 0+
#1336250 1+
#1336500 1)
#1336750 0! 0"
#1336875 1$ 1% 1,
#1337625 0) 0-
#1337750 0%
#1337875 1# 1& 1(
#1338125 0*
#1339125 1*
#1339750 1!
#1340000 0*
#1341000 1*
#1341500 0!
#1341625 1"
#1341875 0*
#1342875 1*
#1343500 1!
#1343750 0*
#1344750 1*
#1345875 1) 1-
#1346125 0! 0$ 0& 1'
#1346250 1%
#1347000 0)
#1347125 0" 0' 0(
#1347250 1&
#1347500 0*
#1348500 1*
#1348625 1)
#1349000 1! 1" 1$ 1' 1(
#1349750 0)
#1351500 1)
#1351750 0! 0" 0# 0& 0' 0(
#1352500 0-
#1352625 0)
#1352750 0$
#1352875 1& 1(
#1353125 0*
#1354125 1*
#1354750 1!
#1355000 0*
#1356000 1*
#1356500 0!
#1356625 1"
#1356875 0*
#1357875 1*
#1358500 1!
#1358750 0*
#1359750 1*
#1360875 1) 1-
#1361125 0! 0& 1'
#1361250 1#
#1362000 0)
#1362125 0" 0# 0' 0(
#1362250 1$ 1&
#1362500 0*
#1363500 1*
#1363625 1)
#1363875 0&
#1364000 1" 1# 1' 1(
#1364125 0,
#1364750 0)
#1365000 0" 0$ 0% 0' 0(
#1365250 0+
#1366250 1+
#1366500 1)
#1366750 0#
#1366875 1$ 1% 1,
#1367625 0) 0-
#1367750 0$
#1367875 1# 1& 1(
#1368125 0*
#1369125 1*
#1369750 1!
#1370000 0*
#1371000 1*
#1371500 0!
#1371625 1"
#1371875 0*
#1372875 1*
#1373500 1!
#1373750 0*
#1374750 1*
#1375875 1) 1-
#1376125 0! 0& 1'
#1377000 0)
#1377125 0" 0' 0(
#1377250 1$ 1&
#1377500 0*
#1378500 1*
#1378625 1)
#1378875 0% 0&
#1379000 1! 1" 1' 1(
#1379750 0)
#1380000 1% 1&
#1380250 0+
#1381250 1+
#1381500 1)
#1381750 0! 0" 0# 0& 0' 0(
#1382500 0-
#1382625 0)
#1382875 1& 1(
#1383125 0*
#1384125 1*
#1384750 1!
#1385000 0*
#1386000 1*
#1386500 0!
#1386625 1"
#1386875 0*
#1387875 1*
#1388500 1!
#1388750 0*
#1389750 1*
#1390875 1) 1-
#1391125 0! 0$ 0& 1'
#1391250 1#
#1392000 0)
#1392125 0" 0# 0(
#1392250 0%
#1392500 0*
#1393500 1*
#1393625 1)
#1394000 1" 1# 1$ 1% 1(
#1394125 0,
#1394750 0)
#1395000 1! 0" 0$ 0% 0' 0(
#1395250 0+
#1396250 1+
#1396500 1)
#1396750 0! 0#
#1396875 1$ 1% 1,
#1397625 0) 0-
#1397875 1# 1& 1(
#1398125 0*
#1399125 1*
#1399750 1!
#1400000 0*
#1401000 1*
#1401500 0!
#1401625 1"
#1401875 0*
#1402875 1*
#1403500 1!
#1403750 0*
#1404750 1*
#1405875 1) 1-
#1406125 0! 0$ 0&
#1406250 1'
#1407000 0)
#1407125 0(
#1407250 0" 0%
#1407500 0*
#1408500 1*
#1408750 1)
#1409000 1! 1" 1$ 1% 1& 1(
#1409750 0)
#1411500 1)
#1411750 0! 0" 0# 0& 0' 0(
#1412625 0) 0-
#1412750 0%
#1412875 0$ 1' 1(
#1413125 0*
#1414125 1*
#1414250 00
#1414750 1!
#1415000 0*
#1416000 1*
#1416500 0!
#1416625 1"
#1416875 0*
#1417875 1*
#1418500 1!
#1418750 0*
#1419750 1*
#1420875 1)
#1421000 1-
#1421125 0!
#1421250 1# 1% 10
#1422000 0)
#1422250 0" 0# 1$ 0% 0(
#1422500 0*
#1423500 1*
#1423750 1)
#1424000 1" 1# 1% 1(
#1424125 0,
#1424875 0)
#1425000 0$ 0% 0' 0(
#1425375 0+
#1426375 1+
#1426500 1)
#1426750 0" 0#
#1426875 1$ 1% 1,
#1427625 0) 0-
#1427875 1# 0$ 0% 1' 1(
#1428125 0*
#1429125 1*
#1429750 1!
#1430000 0*
#1431000 1*
#1431500 0!
#1431625 1"
#1431875 0*
#1432875 1*
#1433500 1!
#1433750 0*
#1434750 1*
#1435875 1)
#1436000 1-
#1436125 0!
#1436250 1%
#1437000 0)
#1437250 0" 1$ 0% 0(
#1437500 0*
#1438500 1*
#1438750 1)
#1439000 0# 0$ 1(
#1439125 1%
#1439875 0)
#1440125 1! 1" 1# 1$ 1&
#1440375 0*
#1441375 1*
#1441500 1)
#1441750 0# 0&
#1441875 0! 0" 0' 0(
#1442625 0) 0-
#1442875 0% 1' 1(
#1443125 0*
#1444125 1*
#1444750 1!
#1445000 0*
#1446000 1*
#1446625 0! 1"
#1446875 0*
#1447875 1*
#1448500 1!
#1448750 0*
#1449750 1*
#1450875 1)
#1451000 1-
#1451125 0!
#1451250 1# 0$ 1%
#1452000 0)
#1452250 0" 0# 0(
#1452500 0*
#1453500 1*
#1453750 1)
#1454000 0%
#1454125 1$
#1454875 0)
#1455000 0$
#1455125 1! 1# 1% 1(
#1455375 0+
#1456375 1+
#1456500 1)
#1456875 0! 0# 1$ 0' 0(
#1457625 0) 0-
#1457875 0% 1' 1(
#1458000 1#
#1458125 0*
#1459125 1*
#1459750 1!
#1460000 0*
#1461000 1*
#1461625 0!
#1461750 1"
#1461875 0*
#1462875 1*
#1463500 1!
#1463750 0*
#1464750 1*
#1466000 1) 1-
#1466250 0! 0$ 1%
#1467000 0)
#1467250 0" 0(
#1467500 0*
#1468500 1*
#1468750 1)
#1469125 1" 1$ 1( 0,
#1469875 0)
#1470125 1! 0$ 0% 0' 0(
#1470375 0+
#1471375 1+
#1471625 1)
#1471875 0! 0" 0# 1$ 1%
#1472000 1,
#1472625 0) 0-
#1472875 0$
#1473000 1' 1(
#1473125 0*
#1474250 1*
#1474875 1!
#1475000 0*
#1476125 1*
#1476625 0!
#1476750 1"
#1476875 0*
#1478000 1*
#1478625 1!
#1478750 0*
#1479875 1*
#1481000 1) 1-
#1481250 0! 1#
#1482125 0)
#1482250 0" 0# 0(
#1482375 1$
#1482500 0*
#1483625 1*
#1483750 1)
#1484125 1! 1" 1# 1& 1(
#1484875 0)
#1486625 1)
#1486875 0! 0" 0# 0& 0' 0(
#1487625 0-
#1487750 0)
#1487875 0$
#1488000 1# 1' 1(
#1488250 0*
#1489250 1*
#1489875 1!
#1490125 0*
#1491125 1*
#1491625 0!
#1491750 1"
#1492000 0*
#1493000 1*
#1493625 1!
#1493875 0*
#1494875 1*
#1496000 1) 1-
#1496250 0!
#1497125 0)
#1497250 0" 0(
#1497375 1$
#1497625 0*
#1498625 1*
#1498750 1)
#1499000 0# 0$
#1499125 1! 1(
#1499875 0)
#1500125 1# 1$ 1&
#1500250 1"
#1500375 0+
#1501375 1+
#1501625 1)
#1501875 0! 0" 0# 0& 0' 0(
#1502625 0-
#1502750 0)
#1503000 1' 1(
#1503250 0*
#1504250 1*
#1504875 1!
#1505125 0*
#1506125 1*
#1506625 0!
#1506750 1"
#1507000 0*
#1508000 1*
#1508625 1!
#1508875 0*
#1509875 1*
#1511000 1) 1-
#1511250 0! 0$
#1511375 1#
#1512125 0)
#1512250 0#
#1512375 0" 0% 1& 0(
#1512625 0*
#1513625 1*
#1513875 1)
#1514125 1" 1# 1$ 1% 0& 1(
#1514250 0,
#1514875 0)
#1515125 0" 0# 0% 0' 0(
#1515375 0+
#1516500 1+
#1516625 1)
#1517000 1% 1,
#1517625 00
#1517750 0) 0-
#1518000 1# 1' 1(
#1518250 0*
#1519250 1*
#1519875 1!
#1520125 0*
#1521125 1*
#1521625 0!
#1521750 1"
#1522000 0*
#1523000 1*
#1523625 1!
#1523875 0*
#1524625 10
#1524875 1*
#1526000 1)
#1526125 1-
#1526250 0!
#1526375 0$
#1527125 0)
#1527375 0" 0% 1& 0(
#1527625 0*
#1528625 1*
#1528875 1)
#1529125 1! 1(
#1529250 1" 1$ 1%
#1530000 0)
#1531625 1)
#1532000 0! 0" 0# 0& 0' 0(
#1532750 0) 0-
#1533000 0$ 0% 1& 1' 1(
#1533250 0*
#1534250 1*
#1534875 1!
#1535125 0*
#1536125 1*
#1536750 0! 1"
#1537000 0*
#1538000 1*
#1538625 1!
#1538875 0*
#1539875 1*
#1541000 1)
#1541125 1-
#1541250 0! 0&
#1541375 1# 1%
#1542125 0)
#1542375 0" 0# 1$ 0% 1& 0(
#1542625 0*
#1543625 1*
#1543875 1)
#1544125 0&
#1545000 0)
#1545125 0$
#1545250 1" 1# 1% 1(
#1545500 0+
#1546500 1+
#1546625 1)
#1546875 0# 0(
#1547000 0" 1$ 0'
#1547750 0) 0-
#1548000 0$ 0% 1' 1(
#1548125 1# 1&
#1548250 0*
#1549250 1*
#1549875 1!
#1550125 0*
#1551125 1*
#1551750 0! 1"
#1552000 0*
#1553000 1*
#1553625 1!
#1553875 0*
#1554875 1*
#1556125 1) 1-
#1556250 0!
#1556375 1% 0&
#1557125 0)
#1557375 0" 0% 0(
#1557500 1$ 1&
#1557625 0*
#1558625 1*
#1558875 1)
#1559125 0# 0$ 0&
#1559250 1" 1% 1(
#1560000 0)
#1560250 1! 1# 1$ 1&
#1560500 0*
#1561500 1*
#1561750 1)
#1562000 0! 0" 0# 0& 0' 0(
#1562750 0) 0-
#1563000 0%
#1563125 1& 1' 1(
#1563250 0*
#1564250 1*
#1564875 1!
#1565125 0*
#1566125 1*
#1566750 0!
#1566875 1"
#1567000 0*
#1568000 1*
#1568625 1!
#1568875 0*
#1570000 1*
#1571125 1) 1-
#1571375 0! 1# 0$ 1% 0&
#1572125 0)
#1572375 0" 0# 0(
#1572500 1&
#1572625 0*
#1573750 1*
#1573875 1)
#1574125 0&
#1574250 1" 1# 1$ 1( 0,
#1575000 0)
#1575250 1! 0" 0# 0% 0' 0(
#1575500 0+
#1576500 1+
#1576750 1)
#1576875 0!
#1577000 1%
#1577125 1,
#1577750 0) 0-
#1578000 0%
#1578125 1# 1& 1' 1(
#1578375 0*
#1579375 1*
#1580000 1!
#1580125 0*
#1581250 1*
#1581750 0!
#1581875 1"
#1582000 0*
#1583125 1*
#1583750 1!
#1583875 0*
#1585000 1*
#1586125 1) 1-
#1586375 0! 0$ 1% 0&
#1587250 0)
#1587375 0" 0(
#1587500 1&
#1587625 0*
#1588750 1*
#1588875 1)
#1589250 1! 1" 1$ 1(
#1590000 0)
#1591750 1)
#1592000 0! 0" 0# 0& 0' 0(
#1592750 0-
#1592875 0)
#1593000 0$
#1593125 1& 1' 1(
#1593250 0*
#1594375 1*
#1595000 1!
#1595250 0*
#1596250 1*
#1596750 0!
#1596875 1"
#1597125 0*
#1598125 1*
#1598750 1!
#1599000 0*
#1600000 1*
#1601125 1) 1-
#1601375 0! 1# 0&
#1602250 0)
#1602375 0" 0# 0(
#1602500 1$ 1&
#1602625 0*
#1603750 1*
#1603875 1)
#1604125 0&
#1604250 1" 1# 1( 0,
#1605000 0)
#1605250 0# 0% 0' 0(
#1605500 0+
#1606500 1+
#1606750 1)
#1607000 0" 1%
#1607125 1,
#1607750 0-
#1607875 0)
#1608000 0$
#1608125 1# 1& 1' 1(
#1608375 0*
#1609375 1*
#1610000 1!
#1610125 0*
#1611250 1*
#1611750 0!
#1611875 1"
#1612125 0*
#1613125 1*
#1613750 1!
#1614000 0*
#1615000 1*
#1616125 1) 1-
#1616375 0! 0&
#1617250 0)
#1617375 0" 0(
#1617500 1$ 1&
#1617625 0*
#1618750 1*
#1618875 1)
#1619125 0# 0$ 0&
#1619250 1! 1" 1(
#1620000 0)
#1620250 1# 1$ 1&
#1620500 0+
#1621125 00
#1621500 1+
#1621750 1)
#1622000 0! 0" 0# 0& 0' 0(
#1622750 0-
#1622875 0)
#1623125 1& 1' 1(
#1623375 0*
#1624375 1*
#1625000 1!
#1625125 0*
#1626250 1*
#1626750 0!
#1626875 1"
#1627000 0*
#1628000 10
#1628125 1*
#1628750 1!
#1628875 0*
#1630000 1*
#1631125 1) 1-
#1631375 1#
#1632125 0)
#1632750 0+
#1633750 1+
#1633875 1)
#1634125 0! 0&
#1634250 0,
#1635000 0)
#1635250 1! 0# 0% 0' 0(
#1635500 0+
#1636500 1+
#1636750 1)
#1636875 0!
#1637000 0" 1%
#1637125 1,
#1637750 0) 0-
#1638125 1# 1& 1' 1(
#1638375 0*
#1639375 1*
#1640000 1!
#1640125 0*
#1641250 1*
#1641750 0!
#1641875 1"
#1642000 0*
#1643125 1*
#1643625 1!
#1643875 0*
#1644875 1*
#1646125 1) 1-
#1646375 0! 0$ 0&
#1647125 0)
#1647375 0" 0# 0(
#1647625 0*
#1648625 1*
#1649375 1!
#1649500 0*
#1650500 1*
#1651125 0!
#1651250 1"
#1651375 0*
#1652125 1)
#1652375 1*
#1652500 1# 1(
#1653250 0)
#1653500 0" 0(
#1653750 0*
#1654750 1*
#1655375 1!
#1655625 0*
#1656625 1*
#1657250 0! 1"
#1657500 0*
#1658250 1)
#1658500 0" 0# 0% 1*
#1658625 1$
#1659375 0)
#1659500 0$
#1659625 1! 1" 1# 1% 1(
#1659875 0+
#1660875 1+
#1661000 1)
#1661250 0!
#1661375 0# 1$
#1662125 0)
#1662375 1! 0" 0$ 0% 0'
#1662625 0*
#1663625 1*
#1664250 1%
#1664500 0*
#1665500 1*
#1665750 1)
#1666125 1# 1'
#1666875 0)
#1667000 0# 0(
#1667125 0%
#1667375 0*
#1668375 1*
#1668500 1)
#1668750 0!
#1668875 1" 1$ 1% 1(
#1669625 0)
#1669875 1! 0" 0$ 0% 1& 0'
#1670125 0*
#1671125 1*
#1671750 1%
#1672000 0*
#1673000 1*
#1673250 1)
#1673500 0&
#1673625 1# 1'
#1674375 0)
#1674500 0# 0(
#1674875 0*
#1675875 1*
#1676000 1)
#1676250 0!
#1676375 1" 1# 1(
#1677125 0)
#1677375 0" 0# 1$ 0(
#1677625 0*
#1678625 1*
#1679250 1!
#1679500 0*
#1680500 1*
#1681125 0! 1"
#1681375 0*
#1682125 1)
#1682375 0$ 1*
#1682500 1# 1(
#1683250 0)
#1683375 0(
#1683500 0" 1$
#1683750 0*
#1684750 1*
#1685375 1!
#1685625 0*
#1686625 1*
#1687125 0!
#1687250 1"
#1687500 0*
#1688750 1)
#1689000 1*
#1689500 1(
#1689625 0,
#1690250 0)
#1690500 0" 0% 0' 0(
#1690750 0+
#1691750 1+
#1692500 1)
#1692750 1" 0# 1% 1' 1(
#1692875 1,
#1693500 0)
#1694250 1! 0" 0$ 0%
#1694500 0*
#1695500 1*
#1696125 1%
#1696375 0*
#1697375 1*
#1697625 1)
#1698000 1#
#1698750 0)
#1698875 0# 0% 0(
#1699000 1&
#1699125 0*
#1700250 1*
#1700375 1)
#1700625 0! 0&
#1700750 1" 1$ 1% 1(
#1701500 0)
#1701750 1! 0" 0$ 0% 1&
#1702000 0*
#1703000 1*
#1703625 1%
#1703875 0*
#1704875 1*
#1705125 1)
#1705375 1# 0&
#1706125 0)
#1706375 0# 1& 0(
#1706625 0*
#1707750 1*
#1707875 1)
#1708125 0! 0&
#1708250 1" 1# 1(
#1709000 0)
#1709125 0(
#1709250 0" 0# 0% 0'
#1709500 0*
#1710500 1*
#1711125 1!
#1711375 0*
#1712375 1*
#1712875 0!
#1713000 1"
#1713250 0*
#1714000 1)
#1714250 1*
#1714375 1# 1% 1' 1(
#1715125 0)
#1715250 0" 0# 0% 0' 0(
#1715625 0*
#1716625 1*
#1717250 1!
#1717500 0*
#1718500 1*
#1719000 0!
#1719125 1"
#1719375 0*
#1720125 1)
#1720375 1# 1$ 1% 1' 1( 1*
#1720500 0,
#1721125 0)
#1721375 1! 0" 0% 0' 0(
#1721625 0+
#1722625 1+
#1722875 1)
#1723125 0! 0# 1(
#1723250 1% 1' 1,
#1724000 0)
#1724125 0% 0' 0(
#1724250 1! 0$
#1724500 0* 00
#1725500 1*
#1726125 1%
#1726375 0*
#1727375 1*
#1727500 1)
#1727750 0!
#1727875 1# 1' 1(
#1728625 0)
#1728875 1! 0# 0% 0' 0(
#1729125 0*
#1730125 1*
#1730375 1)
#1730625 0! 1(
#1730750 1$ 1% 1'
#1731500 0) 10
#1731625 0$ 0% 0' 0(
#1731750 1!
#1732000 0*
#1733000 1*
#1733625 1%
#1733875 0*
#1734875 1*
#1735000 1)
#1735250 0!
#1735375 1# 1' 1(
#1736125 0)
#1736375 1! 0# 0% 0' 0(
#1736625 0*
#1737625 1*
#1737875 1)
#1738125 0! 1(
#1738250 1" 1# 1% 1'
#1739000 0)
#1739125 0" 0# 0% 0' 0(
#1739500 0*
#1740500 1*
#1741125 1!
#1741375 0*
#1742375 1*
#1742875 0!
#1743000 1"
#1743250 0*
#1744000 1)
#1744250 1' 1( 1*
#1744375 1# 1%
#1745000 0)
#1745250 0" 0# 0% 0' 0(
#1745500 0*
#1746500 1*
#1747250 1!
#1747375 0*
#1748375 1*
#1749000 0!
#1749125 1"
#1749250 0*
#1750000 1)
#1750250 0" 1*
#1750375 1$ 1'
#1751125 0)
#1751375 1% 1(
#1751625 0+
#1752625 1+
#1752875 1)
#1754000 0)
#1754125 0$ 0% 0' 0(
#1754250 1!
#1754500 0*
#1755500 1*
#1756125 1%
#1756375 0*
#1757375 1*
#1757500 1)
#1757750 0!
#1757875 1# 1' 1(
#1758625 0)
#1758875 1! 0# 0% 0' 0(
#1759125 0*
#1760125 1*
#1760375 1)
#1760625 0! 1% 1' 1(
#1760750 1$
#1761500 0)
#1761625 0$ 0% 0' 0(
#1761750 1!
#1761875 0*
#1763000 1*
#1763625 1%
#1763875 0*
#1764875 1*
#1765000 1)
#1765250 0!
#1765375 1# 1' 1(
#1766125 0)
#1766375 1! 0# 0% 0' 0(
#1766625 0*
#1767625 1*
#1767875 1)
#1783125 0! 1# 1% 1' 1(
#1783250 1" 1$ 0,
#1784000 0)
#1784125 0% 0' 0(
#1784500 0+
#1785500 1+
#1785625 1)
#1786875 1! 1% 1& 1' 1(
#1787000 1,
#1787750 0)
#1789375 1)
#1792500 0! 0$ 0&
#1793250 0)
#1793500 0" 0# 0% 0' 0(
#1793750 0*
#1794875 1*
#1795000 1)
#1795375 1! 1" 1# 1$ 1% 1& 1' 1(
#1796125 0)
#1797875 1)
#1798875 0)
#1799500 0+
#1800500 1+
#1801375 0+
#1802375 1+
#1803250 0+
#1804250 1+
#1805125 0+
#1806125 1+
#1807250 1)
#1807500 0! 0$ 0&
#1808375 0)
#1808500 0" 0% 0' 0(
#1808750 0*
#1809875 1*
#1810000 1)
#1810375 1" 1$ 1% 1' 1( 0,
#1811125 0)
#1811375 1! 0% 0' 0(
#1811625 0+
#1812625 1+
#1812875 1)
#1813125 0" 0# 1%
#1813250 1,
#1813875 0) 0-
#1814125 0! 0$ 0%
#1814375 0*
#1815500 1*
#1816125 1!
#1816250 0*
#1817375 1*
#1817875 0!
#1818000 1"
#1818125 0*
#1819250 1*
#1819875 1!
#1820000 0*
#1821125 1*
#1822250 1) 1-
#1822500 0! 1# 1% 1' 1(
#1823375 0)
#1823500 0" 0# 0% 0' 0(
#1823625 1$
#1823750 0*
#1824875 1*
#1825000 1)
#1825375 1! 1" 1# 1% 1& 1' 1(
#1826125 0)
#1827875 1) 00
#1828125 0" 0# 0& 0' 0(
#1828875 0-
#1829000 0)
#1829125 0! 0$ 0%
#1829250 1#
#1829375 0*
#1830500 1*
#1831125 1!
#1831250 0*
#1832375 1*
#1832875 0!
#1833000 1"
#1833250 0*
#1834250 1*
#1834875 1! 10
#1835125 0*
#1836125 1*
#1837250 1) 1-
#1837500 0! 1% 1' 1(
#1838375 0)
#1838500 0" 0% 0' 0(
#1838625 1$
#1838875 0*
#1839875 1*
#1840000 1)
#1840250 0$
#1840375 1% 1' 1(
#1841125 0)
#1841375 1! 1" 1$ 1&
#1841625 0*
#1842625 1*
#1842875 1)
#1843125 0" 0# 0& 0' 0(
#1843875 0-
#1844000 0)
#1844125 0! 0%
#1844500 0*
#1845500 1*
#1846125 1!
#1846375 0*
#1847375 1*
#1847875 0!
#1848000 1"
#1848250 0*
#1849250 1*
#1849875 1!
#1850125 0*
#1851125 1*
#1852250 1) 1-
#1852500 0! 0$ 1' 1(
#1852625 1# 1%
#1853375 0)
#1853500 0" 0# 0' 0(
#1853875 0*
#1854875 1*
#1855000 1)
#1855250 0%
#1855375 1$ 1'
#1856125 0)
#1856375 1! 1% 1(
#1856625 0+
#1857625 1+
#1857875 1)
#1858125 0' 0(
#1858875 0-
#1859000 0)
#1859125 0! 0%
#1859250 1#
#1859500 0*
#1860500 1*
#1861125 1!
#1861375 0*
#1862375 1*
#1862875 0!
#1863000 1"
#1863250 0*
#1864250 1*
#1864875 1!
#1865125 0*
#1866125 1*
#1867250 1) 1-
#1867500 0! 0$ 1(
#1867625 1% 1'
#1868375 0)
#1868500 0' 0(
#1868625 0"
#1868875 0*
#1869875 1*
#1870125 1)
#1870375 1" 1$ 1' 1(
#1870500 0,
#1871125 0)
#1871375 0" 0# 0$ 0' 0(
#1871625 0+
#1872750 1+
#1872875 1)
#1873250 1! 1$ 1,
#1874000 0) 0-
#1874125 0! 0$
#1874500 0*
#1875500 1*
#1876125 1!
#1876375 0*
#1877375 1*
#1877875 0!
#1878000 1"
#1878250 0*
#1879250 1*
#1879875 1!
#1880125 0*
#1881125 1*
#1882250 1)
#1882375 1-
#1882500 0!
#1882625 1# 1' 1(
#1883375 0)
#1883500 0(
#1883625 0" 0# 1$ 0'
#1883875 0*
#1884875 1*
#1885125 1)
#1885375 1! 1" 1# 1& 1' 1(
#1886250 0)
#1887875 1)
#1888125 0" 0# 0& 0' 0(
#1889000 0) 0-
#1889125 0!
#1889250 1# 0$
#1889500 0*
#1890500 1*
#1891125 1!
#1891375 0*
#1892375 1*
#1893000 0! 1"
#1893250 0*
#1894250 1*
#1894875 1!
#1895125 0*
#1896125 1*
#1897250 1)
#1897375 1-
#1897500 0!
#1897625 1' 1(
#1898375 0)
#1898625 0" 1$ 0' 0(
#1898875 0*
#1899875 1*
#1900125 1)
#1900375 1! 0$ 1' 1(
#1901250 0)
#1901500 1" 1$ 1&
#1901750 0+
#1902750 1+
#1902875 1)
#1903250 0" 0# 0& 0' 0(
#1904000 0) 0-
#1904250 0!
#1904500 0*
#1905500 1*
#1906125 1!
#1906375 0*
#1907375 1*
#1908000 0! 1"
#1908250 0*
#1909250 1*
#1909875 1!
#1910125 0*
#1911125 1*
#1912375 1) 1-
#1912500 0!
#1912625 1# 0$ 1' 1(
#1913375 0)
#1913625 0" 0# 0% 1& 0' 0(
#1913875 0*
#1914875 1*
#1915125 1)
#1915375 0&
#1915500 1" 1# 1$ 1% 1' 1( 0,
#1916250 0)
#1916375 0(
#1916500 1! 0" 0# 0$ 0'
#1916750 0+
#1917750 1+
#1918000 1)
#1918250 1$
#1918375 1,
#1919000 0) 0-
#1919250 0!
#1919375 1#
#1919500 0*
#1920500 1*
#1921125 1!
#1921375 0*
#1922375 1*
#1923000 0!
#1923125 1"
#1923250 0*
#1924250 1*
#1924875 1!
#1925125 0*
#1926250 1*
#1927375 1) 1-
#1927625 0! 0$ 1' 1(
#1928375 0)
#1928625 0" 0% 0' 0(
#1928750 1&
#1928875 0*
#1930000 1*
#1930125 1)
#1930500 1! 1" 1$ 1% 1' 1(
#1931250 0) 00
#1933000 1)
#1933250 0" 0# 0& 0' 0(
#1934000 0-
#1934125 0)
#1934250 0! 0$ 0%
#1934375 1&
#1934500 0*
#1935625 1*
#1936250 1!
#1936500 0*
#1937500 1*
#1938000 0!
#1938125 1"
#1938250 10
#1938375 0*
#1939375 1*
#1940000 1!
#1940250 0*
#1941250 1*
#1942375 1) 1-
#1942625 0! 0& 1' 1(
#1942750 1# 1%
#1943500 0)
#1943625 0" 0# 0% 0' 0(
#1943750 1$ 1&
#1944000 0*
#1945000 1*
#1945125 1)
#1945375 0&
#1945500 1" 1# 1% 1' 1(
#1945625 0,
#1946250 0)
#1946500 0# 0$ 0' 0(
#1946750 0+
#1947750 1+
#1948000 1)
#1948250 1! 0"
#1948375 1$ 1,
#1949125 0) 0-
#1949250 0! 0$ 0%
#1949375 1# 1&
#1949625 0*
#1950625 1*
#1951250 1!
#1951500 0*
#1952500 1*
#1953000 0!
#1953125 1"
#1953375 0*
#1954375 1*
#1955000 1!
#1955250 0*
#1956250 1*
#1957375 1) 1-
#1957625 0! 0&
#1957750 1% 1' 1(
#1958500 0)
#1958625 0% 0' 0(
#1958750 0" 1$ 1&
#1959000 0*
#1960000 1*
#1960250 1)
#1960375 0&
#1960500 1" 0$ 1% 1' 1(
#1961250 0)
#1961500 1! 1&
#1961625 1$
#1961750 0*
#1962750 1*
#1963000 1)
#1963250 0" 0# 0& 0' 0(
#1964125 0) 0-
#1964250 0!
#1964375 0% 1&
#1964625 0*
#1965625 1*
#1966250 1!
#1966500 0*
#1967500 1*
#1968000 0!
#1968125 1"
#1968375 0*
#1969375 1*
#1970000 1!
#1970250 0*
#1971250 1*
#1972375 1)
#1972500 1-
#1972625 0! 0$ 0&
#1972750 1# 1% 1' 1(
#1973500 0)
#1973625 0(
#1973750 0" 0# 1& 0'
#1974000 0*
#1975000 1*
#1975250 1)
#1975500 1$ 0% 0& 1'
#1976375 0)
#1976625 1" 1% 1(
#1976875 0+
#1977875 1+
#1978000 1)
#1978250 0" 0' 0(
#1978375 1!
#1979125 0) 0-
#1979250 0!
#1979375 1# 0% 1&
#1979625 0*
#1980625 1*
#1981250 1!
#1981500 0*
#1982500 1*
#1983125 0! 1"
#1983375 0*
#1984375 1*
#1985000 1!
#1985250 0*
#1986250 1*
#1987375 1)
#1987500 1-
#1987625 0! 0&
#1987750 0$ 1% 1' 1(
#1988500 0)
#1988750 0" 1& 0' 0(
#1989000 0*
#1990000 1*
#1990250 1)
#1990500 0& 1' 1(
#1990625 1" 1$ 0,
#1991375 0)
#1991500 0# 0$ 0' 0(
#1991625 1!
#1991875 0+
#1992875 1+
#1993000 1)
#1993250 0"
#1993375 1$
#1993500 1,
#1994125 0) 0-
#1994375 0! 0$ 1&
#1994625 0*
#1995625 1*
#1996250 1!
#1996500 0*
#1997500 1*
#1998125 0! 1"
#1998375 0*
#1999375 1*
#2000000 1!
#2000250 0*
#2001250 1*
#2002375 1)
#2002500 1-
#2002625 0!
#2002750 1# 0& 1' 1(
#2003500 0)
#2003750 0" 0# 1$ 1& 0' 0(
#2004000 0*
#2005000 1*
#2005250 1)
#2005625 1! 1" 1# 1' 1(
#2006375 0)
#2008000 1)
#2008375 0" 0# 0& 0' 0(
#2009125 0) 0-
#2009375 0! 0$ 1&
#2009500 1#
#2009625 0*
#2010625 1*
#2011250 1!
#2011500 0*
#2012500 1*
#2013125 0! 1"
#2013375 0*
#2014375 1*
#2015000 1!
#2015250 0*
#2016250 1*
#2017500 1) 1-
#2017625 0!
#2017750 0& 1' 1(
#2018500 0)
#2018750 0" 1& 0' 0(
#2018875 1$
#2019000 0*
#2020000 1*
#2020250 1)
#2020500 0$ 0&
#2020625 1! 1" 1' 1(
#2021375 0)
#2021625 1$ 1&
#2021875 0+
#2022875 1+
#2023000 1)
#2023375 0" 0# 0& 0' 0(
#2024125 0) 0-
#2024375 0!
#2024500 1&
#2024625 0*
#2025625 1*
#2026250 1!
#2026500 0*
#2027500 1*
#2028125 0!
#2028250 1"
#2028375 0*
#2029375 1*
#2030000 1!
#2030250 0*
#2031250 1*
#2032500 1) 1-
#2032750 0! 1# 0$ 0& 1' 1(
#2033500 0)
#2033750 0" 0# 0% 0(
#2034000 0*
#2034750 00
#2035000 1*
#2035250 1)
#2035625 1" 1# 1$ 1% 1( 0,
#2036375 0)
#2036500 0(
#2036625 0" 0$ 0'
#2036875 0+
#2037875 1+
#2038125 1)
#2038375 1! 0# 1$
#2038500 1,
#2039125 0) 0-
#2039375 0!
#2039500 1# 1&
#2039625 0*
#2040625 1*
#2041250 1!
#2041500 0*
#2041625 10
#2042500 1*
#2043125 0!
#2043250 1"
#2043375 0*
#2044375 1*
#2045000 1!
#2045250 0*
#2046250 1*
#2047500 1) 1-
#2047750 0! 0$ 0& 1' 1(
#2048500 0)
#2048750 0" 0% 0(
#2049000 0*
#2050000 1*
#2050250 1)
#2050625 1! 1" 1$ 1% 1& 1(
#2051375 0)
#2053125 1)
#2053375 0" 0# 0& 0' 0(
#2054125 0) 0-
#2054375 0! 0$ 0% 1'
#2054625 0*
#2055625 1*
#2056250 1!
#2056500 0*
#2057500 1*
#2058125 0!
#2058250 1"
#2058375 0*
#2059375 1*
#2060000 1!
#2060250 0*
#2061250 1*
#2062500 1) 1-
#2062625 0!
#2062750 1# 1% 1(
#2063500 0)
#2063750 0" 0# 0% 0(
#2063875 1$
#2064000 0*
#2065000 1*
#2065250 1)
#2066375 0)
#2066625 1! 1" 1% 1(
#2066875 0+
#2067875 1+
#2068000 1)
#2068375 0" 0' 0(
#2069125 0) 0-
#2069375 0! 0$ 0% 1'
#2069500 1#
#2069625 0*
#2070625 1*
#2071250 1!
#2071500 0*
#2072500 1*
#2073125 0! 1"
#2073375 0*
#2074375 1*
#2075000 1!
#2075250 0*
#2076250 1*
#2077500 1) 1-
#2077625 0!
#2077750 1% 1(
#2078500 0)
#2078750 0" 1$ 0% 0(
#2079000 0*
#2080000 1*
#2080250 1)
#2080500 0# 1(
#2080625 1%
#2081375 0)
#2081625 1! 1" 1# 1&
#2081875 0*
#2082875 1*
#2083000 1)
#2083375 0" 0# 0& 0' 0(
#2084125 0) 0-
#2084375 0! 0% 1'
#2084625 0*
#2085625 1*
#2086250 1!
#2086500 0*
#2087500 1*
#2088125 0! 1"
#2088375 0*
#2089375 1*
#2090000 1!
#2090250 0*
#2091250 1*
#2092375 1)
#2092500 1-
#2092625 0!
#2092750 1# 0$ 1% 1(
#2093500 0)
#2093750 0" 0# 0(
#2094000 0*
#2095000 1*
#2095250 1)
#2095500 1(
#2095625 1" 1# 1$ 0,
#2096375 0)
#2096500 0" 0$ 0' 0(
#2096625 1!
#2096875 0+
#2097875 1+
#2098000 1)
#2098250 0#
#2098375 1$
#2098500 1,
#2099125 0) 0-
#2099375 0! 1# 0% 1'
#2099625 0*
#2100625 1*
#2101250 1!
#2101500 0*
#2102500 1*
#2103125 0! 1"
#2103375 0*
#2104375 1*
#2105000 1!
#2105250 0*
#2106250 1*
#2107375 1)
#2107500 1-
#2107625 0! 0$
#2107750 1% 1(
#2108500 0)
#2108750 0" 0(
#2109000 0*
#2110000 1*
#2110250 1)
#2110500 1! 1" 1& 1(
#2110625 1$
#2111375 0)
#2113000 1)
#2113250 0" 0# 0& 0' 0(
#2114125 0) 0-
#2114250 0!
#2114375 0$ 1'
#2114625 0*
#2115625 1*
#2116250 1!
#2116500 0*
#2117500 1*
#2118000 0!
#2118125 1"
#2118375 0*
#2119375 1*
#2120000 1!
#2120250 0*
#2121250 1*
#2122375 1)
#2122500 1-
#2122625 0!
#2122750 1# 1(
#2123500 0)
#2123625 0(
#2123750 0" 0# 1$
#2124000 0*
#2125000 1*
#2125250 1)
#2125500 1" 1# 1(
#2125625 0,
#2126250 0)
#2126500 0$ 0' 0(
#2126750 0+
#2127875 1+
#2128000 1)
#2128250 0" 0#
#2128375 1! 1$ 1,
#2129125 0) 0-
#2129250 0! 0$
#2129375 1# 1'
#2129625 0*
#2130625 1*
#2131250 1!
#2131500 0*
#2132500 1*
#2133000 0!
#2133125 1"
#2133375 0*
#2134375 1*
#2135000 1!
#2135250 0*
#2136250 1*
#2137375 1) 1-
#2137625 0! 1(
#2138125 00
#2138500 0)
#2138625 0" 0(
#2138750 1$
#2139000 0*
#2140000 1*
#2140125 1)
#2140375 0#
#2140500 1! 1(
#2141250 0)
#2141500 1" 1# 1&
#2141750 0+
#2142750 1+
#2143000 1)
#2143250 0" 0# 0& 0' 0(
#2144000 0-
#2144125 0)
#2144250 0!
#2144375 1'
#2144625 0*
#2145125 10
#2145625 1*
#2146250 1!
#2146500 0*
#2147500 1*
#2148000 0!
#2148125 1"
#2148375 0*
#2149375 1*
#2150000 1!
#2150250 0*
#2151250 1*
#2152375 1) 1-
#2152625 0! 0$ 1(
#2152750 1#
#2153500 0)
#2153625 0" 0# 0% 0(
#2153750 1&
#2154000 0*
#2155000 1*
#2155125 1)
#2155375 0&
#2155500 1" 1# 1$ 1% 1(
#2155625 0,
#2156250 0)
#2156500 1! 0$ 0' 0(
#2156750 0+
#2157750 1+
#2158000 1)
#2158250 0" 0#
#2158375 1$ 1,
#2159000 0-
#2159125 0)
#2159250 0!
#2159375 1# 1'
#2159625 0*
#2160625 1*
#2161250 1!
#2161500 0*
#2162500 1*
#2163000 0!
#2163125 1"
#2163375 0*
#2164375 1*
#2165000 1!
#2165250 0*
#2166250 1*
#2167375 1) 1-
#2167625 0! 0$ 1(
#2168500 0)
#2168625 0" 0% 0(
#2168750 1&
#2168875 0*
#2170000 1*
#2170125 1)
#2170375 0# 0&
#2170500 1$
#2171250 0)
#2171500 1# 1% 1(
#2171750 0+
#2172750 1+
#2173000 1)
#2173250 1! 0# 0' 0(
#2174000 0-
#2174125 0)
#2174250 0! 0$ 0%
#2174375 1& 1'
#2174500 0*
#2175625 1*
#2176250 1!
#2176375 0*
#2177500 1*
#2178000 0!
#2178125 1"
#2178250 0*
#2179375 1*
#2179875 1!
#2180125 0*
#2181250 1*
#2182375 1) 1-
#2182625 0! 1# 1% 0& 1(
#2183375 0)
#2183625 0" 0# 0% 0(
#2183750 1$ 1&
#2183875 0*
#2184875 1*
#2185125 1)
#2185375 0&
#2185500 1" 1# 1% 1( 0,
#2186250 0)
#2186500 0" 0# 0' 0(
#2186750 0+
#2187750 1+
#2188000 1)
#2188250 1!
#2188375 1,
#2189000 0) 0-
#2189250 0! 0$ 0%
#2189375 1# 1& 1'
#2189500 0*
#2190500 1*
#2191125 1!
#2191375 0*
#2192375 1*
#2193000 0!
#2193125 1"
#2193250 0*
#2194250 1*
#2194875 1!
#2195125 0*
#2196125 1*
#2197375 1) 1-
#2197500 0!
#2197625 1% 0& 1(
#2198375 0)
#2198625 0" 0% 0(
#2198750 1$ 1&
#2198875 0*
#2199875 1*
#2200125 1)
#2200375 0# 0&
#2200500 1" 1% 1(
#2201250 0)
#2201500 1! 1# 1&
#2201750 0*
#2202750 1*
#2202875 1)
#2203250 0" 0# 0& 0' 0(
#2204000 0) 0-
#2204250 0! 0% 1'
#2204375 1&
#2204500 0*
#2205500 1*
#2206125 1!
#2206375 0*
#2207375 1*
#2208000 0!
#2208125 1"
#2208250 0*
#2209250 1*
#2209875 1!
#2210125 0*
#2211125 1*
#2212375 1) 1-
#2212500 0!
#2212625 1# 0$ 1% 0& 1(
#2213375 0)
#2213625 0" 0# 1& 0(
#2213875 0*
#2214875 1*
#2215125 1)
#2215375 0&
#2215500 1" 1# 1$ 1( 0,
#2216250 0)
#2216375 0(
#2216500 1! 0" 0# 0'
#2216750 0+
#2217750 1+
#2217875 1)
#2218375 1,
#2219000 0) 0-
#2219250 0! 0% 1& 1'
#2219375 1#
#2219500 0*
#2220500 1*
#2221125 1!
#2221375 0*
#2222375 1*
#2223000 0! 1"
#2223250 0*
#2224250 1*
#2224875 1!
#2225125 0*
#2226125 1*
#2227375 1) 1-
#2227500 0!
#2227625 0$ 1% 0& 1(
#2228375 0)
#2228625 0" 1& 0(
#2228875 0*
#2229875 1*
#2230125 1)
#2230500 1! 1" 1$ 1(
#2231250 0)
#2232875 1)
#2233250 0" 0# 0& 0' 0(
#2234000 0) 0-
#2234250 0! 0$ 1& 1'
#2234500 0*
#2235500 1*
#2236125 1!
#2236375 0*
#2237375 1*
#2238000 0! 1"
#2238250 0*
#2239250 1*
#2239875 1!
#2240125 0*
#2241125 1*
#2241500 00
#2242375 1) 1-
#2242500 0!
#2242625 1# 0& 1(
#2243375 0)
#2243625 0" 0# 1& 0(
#2243750 1$
#2243875 0*
#2244875 1*
#2245125 1)
#2245375 0& 1(
#2245500 1" 1# 0,
#2246250 0)
#2246375 0# 0(
#2246500 0'
#2246750 0+
#2247750 1+
#2247875 1)
#2248125 0"
#2248250 1!
#2248375 1,
#2248500 10
#2249000 0) 0-
#2249250 0! 0$ 1& 1'
#2249375 1#
#2249500 0*
#2250500 1*
#2251125 1!
#2251375 0*
#2252375 1*
#2253000 0! 1"
#2253250 0*
#2254250 1*
#2254875 1!
#2255125 0*
#2256125 1*
#2257375 1) 1-
#2257500 0!
#2257625 0& 1(
#2258375 0)
#2258625 0" 1& 0(
#2258750 1$
#2258875 0*
#2259875 1*
#2260125 1)
#2260375 0# 0&
#2260500 1! 1" 1(
#2261250 0)
#2261500 1# 1&
#2261750 0+
#2262750 1+
#2262875 1)
#2263250 0" 0# 0& 0' 0(
#2264000 0) 0-
#2264250 0! 1& 1'
#2264500 0*
#2265500 1*
#2266125 1!
#2266375 0*
#2267375 1*
#2268000 0!
#2268125 1"
#2268250 0*
#2269250 1*
#2269875 1!
#2270125 0*
#2271125 1*
#2272375 1) 1-
#2272625 1# 1(
#2273375 0)
#2274000 0+
#2275000 1+
#2275125 1)
#2275375 0! 0" 0# 0% 0& 0(
#2276250 0)
#2276500 1! 1# 1% 1(
#2276750 0+
#2277750 1+
#2278000 1)
#2278250 0# 0' 0(
#2279000 0) 0-
#2279250 0!
#2279375 1# 1& 1'
#2279500 0*
#2280625 1*
#2281125 1!
#2281375 0*
#2282500 1*
#2283000 0!
#2283125 1"
#2283250 0*
#2284375 1*
#2284875 1!
#2285125 0*
#2286250 1*
#2287375 1) 1-
#2287625 0! 0$ 0& 1(
#2288500 0)
#2288625 0" 0# 0(
#2288875 0*
#2290000 1*
#2290625 1!
#2290875 0*
#2291875 1*
#2292375 0!
#2292500 1"
#2292750 0*
#2293500 1)
#2293750 1# 1( 1*
#2294500 0)
#2294750 0" 0(
#2295000 0*
#2296000 1*
#2296625 1!
#2296875 0*
#2297875 1*
#2298500 0!
#2298625 1"
#2298750 0*
#2299500 1)
#2299750 1*
#2299875 1$ 1(
#2300000 0,
#2300625 0)
#2300875 1! 0# 0' 0(
#2301125 0+
#2302125 1+
#2302375 1)
#2302625 0! 1' 1(
#2302750 1,
#2303500 0)
#2303625 0$ 0% 0'
#2304000 0*
#2305000 1*
#2305625 1%
#2305875 0*
#2306875 1*
#2307000 1)
#2307250 0"
#2307375 1! 1# 1'
#2308125 0)
#2308375 0! 1" 0# 0% 0(
#2308625 0*
#2309625 1*
#2309875 1)
#2310125 1(
#2310250 1$ 1%
#2311000 0)
#2311125 0$ 0% 0'
#2311250 1&
#2311500 0*
#2312500 1*
#2313125 1%
#2313375 0*
#2314375 1*
#2314500 1)
#2314750 0" 0&
#2314875 1! 1# 1'
#2315625 0)
#2315875 0! 1" 0# 0(
#2316125 0*
#2317125 1*
#2317375 1)
#2317750 1# 1(
#2318500 0)
#2318625 0" 0# 0(
#2318750 1$
#2319000 0*
#2320000 1*
#2320625 1!
#2320875 0*
#2321875 1*
#2322375 0!
#2322500 1"
#2322750 0*
#2323500 1)
#2323750 0$ 1*
#2323875 1# 1(
#2324625 0)
#2324750 0" 0(
#2324875 1$
#2325125 0*
#2326125 1*
#2326750 1!
#2327000 0*
#2328000 1*
#2328500 0!
#2328625 1"
#2328875 0*
#2330000 1)
#2330250 1*
#2330875 1( 0,
#2331625 0)
#2331750 0(
#2331875 0" 0'
#2332125 0+
#2333125 1+
#2333750 1)
#2334000 0#
#2334125 1" 1' 1(
#2334250 1,
#2334875 0)
#2335625 0$ 0%
#2335875 0*
#2336875 1*
#2337500 1%
#2337750 0*
#2338750 1*
#2339000 1)
#2339250 1! 0"
#2339375 1#
#2340125 0)
#2340250 0! 0# 0% 0(
#2340375 1" 1&
#2340500 0*
#2341625 1*
#2341750 1)
#2342000 0&
#2342125 1$ 1% 1(
#2342875 0)
#2343125 0$ 0% 1&
#2343375 0*
#2344375 1*
#2345000 1% 00
#2345250 0*
#2346250 1*
#2346500 1)
#2346750 1! 0" 0&
#2346875 1#
#2347625 0)
#2347750 0! 0# 0(
#2347875 1" 1&
#2348125 0*
#2349125 1*
#2349250 1)
#2349500 0&
#2349625 1# 1(
#2350375 0)
#2350625 0" 0# 0% 0' 0(
#2350875 0*
#2351875 1* 10
#2352500 1!
#2352750 0*
#2353750 1*
#2354375 0! 1"
#2354625 0*
#2355375 1)
#2355625 1*
#2355750 1# 1% 1' 1(
#2356500 0)
#2356750 0" 0# 0% 0' 0(
#2357000 0*
#2358000 1*
#2358625 1!
#2358875 0*
#2359875 1*
#2360375 0!
#2360500 1"
#2360750 0*
#2361500 1)
#2361750 1*
#2361875 1# 1$ 1% 1' 1( 0,
#2362625 0)
#2362750 0' 0(
#2362875 1! 0"
#2363125 0+
#2364125 1+
#2364375 1)
#2364500 0!
#2364625 0# 1' 1(
#2364750 1,
#2365375 0)
#2365625 0$ 0% 0' 0(
#2365750 1"
#2365875 0*
#2366875 1*
#2367625 1%
#2367750 0*
#2368750 1*
#2369000 1)
#2369250 0"
#2369375 1# 1' 1(
#2370125 0)
#2370250 0(
#2370375 1" 0# 0% 0'
#2370625 0*
#2371625 1*
#2371875 1)
#2372125 0" 1$ 1% 1' 1(
#2372875 0)
#2373125 0$ 0% 0' 0(
#2373250 1"
#2373375 0*
#2374500 1*
#2375125 1%
#2375250 0*
#2376375 1*
#2376500 1)
#2376750 0"
#2376875 1# 1' 1(
#2377625 0)
#2377875 1" 0# 0% 0' 0(
#2378125 0*
#2379125 1*
#2379375 1)
#2379625 1% 1' 1(
#2379750 1#
#2380500 0)
#2380625 0" 0# 0% 0' 0(
#2380875 0*
#2382000 1*
#2382625 1!
#2382875 0*
#2383875 1*
#2384375 0!
#2384500 1"
#2384750 0*
#2385500 1)
#2385750 1' 1( 1*
#2385875 1# 1%
#2386500 0)
#2386750 0" 0# 0% 0' 0(
#2387000 0*
#2388000 1*
#2388750 1!
#2388875 0*
#2389875 1*
#2390500 0!
#2390625 1"
#2390750 0*
#2391500 1)
#2391750 0" 1*
#2391875 1$ 1'
#2392625 0)
#2392875 1" 1# 1% 1(
#2393125 0+
#2394125 1+
#2394375 1)
#2394625 0" 0#
#2395500 0)
#2395625 0$ 0% 0' 0(
#2395750 1"
#2396000 0*
#2397000 1*
#2397625 1%
#2397875 0*
#2398875 1*
#2399000 1)
#2399250 0"
#2399375 1# 1' 1(
#2400125 0)
#2400375 1" 0# 0% 0' 0(
#2400625 0*
#2401625 1*
#2401875 1)
#2402125 0" 1(
#2402250 1$ 1% 1'
#2403000 0)
#2403125 0$ 0% 0' 0(
#2403250 1"
#2403500 0*
#2404500 1*
#2405125 1%
#2405375 0*
#2406375 1*
#2406625 1)
#2406750 0"
#2406875 1# 1' 1(
#2407625 0)
#2407875 1" 0# 0% 0' 0(
#2408125 0*
#2409125 1*
#2409375 1)
#2424750 1# 1$ 1% 1' 1( 0,
#2425500 0)
#2425625 0(
#2425750 0'
#2426000 0+
#2427000 1+
#2427250 1)
#2428500 1! 1& 1' 1( 1,
#2429250 0)
#2431000 1)
#2434000 0! 0$ 0&
#2434875 0)
#2435125 0" 0# 0% 0' 0(
#2435375 0*
#2436375 1*
#2436625 1)
#2436875 1' 1(
#2437000 1! 1" 1# 1$ 1% 1&
#2437750 0)
#2439375 1)
#2440500 0)
#2441000 0+
#2442000 1+
#2442875 0+
#2443875 1+
#2444750 0+
#2445750 1+
#2446625 0+
#2447625 1+
#2448375 00
#2448750 1)
#2449000 0! 0&
#2449125 0$
#2449875 0)
#2450125 0" 0% 0' 0(
#2450375 0*
#2451375 1*
#2451625 1)
#2451875 1' 1(
#2452000 1" 1$ 1% 0,
#2452750 0)
#2452875 0' 0(
#2453000 1!
#2453250 0+
#2454250 1+
#2454375 1)
#2454625 0" 0#
#2454875 1,
#2455375 10
#2455500 0) 0-
#2455750 0! 0$ 0% 1(
#2456000 0*
#2457000 1*
#2457625 1!
#2457875 0*
#2458875 1*
#2459500 0! 1"
#2459750 0*
#2460750 1*
#2461375 1!
#2461625 0*
#2462625 1*
#2463750 1)
#2463875 1-
#2464000 0!
#2464125 1# 1% 1'
#2464875 0)
#2465125 0" 0# 1$ 0% 0' 0(
#2465375 0*
#2466375 1*
#2466625 1)
#2466875 1(
#2467000 1! 1" 1# 1% 1& 1'
#2467750 0)
#2469375 1)
#2469625 0# 0& 0'
#2469750 0" 0(
#2470500 0) 0-
#2470750 0! 1# 0$ 0% 1(
#2471000 0*
#2472000 1*
#2472625 1!
#2472875 0*
#2473875 1*
#2474500 0! 1"
#2474750 0*
#2475750 1*
#2476375 1!
#2476625 0*
#2477625 1*
#2478750 1)
#2478875 1-
#2479000 0!
#2479125 1% 1'
#2479875 0)
#2480125 0" 1$ 0% 0' 0(
#2480375 0*
#2481375 1*
#2481625 1)
#2481875 1' 1(
#2482000 1%
#2482750 0)
#2483000 1! 1" 1&
#2483250 0*
#2484250 1*
#2484375 1)
#2484625 0" 0& 0'
#2484750 0# 0(
#2485500 0) 0-
#2485750 0! 0% 1(
#2486000 0*
#2487000 1*
#2487625 1!
#2487875 0*
#2488875 1*
#2489500 0! 1"
#2489750 0*
#2490750 1*
#2491375 1!
#2491625 0*
#2492625 1*
#2493750 1)
#2493875 1-
#2494000 0! 0$
#2494125 1# 1% 1'
#2494875 0)
#2495125 0" 0# 0' 0(
#2495375 0*
#2496375 1*
#2496625 1)
#2496875 0% 1'
#2497000 1$
#2497750 0)
#2498000 1! 1" 1# 1% 1(
#2498250 0+
#2499250 1+
#2499375 1)
#2499625 0" 0# 0' 0(
#2500500 0) 0-
#2500625 0!
#2500750 1# 0% 1(
#2501000 0*
#2502000 1*
#2502625 1!
#2502875 0*
#2503875 1*
#2504375 0!
#2504500 1"
#2504750 0*
#2505750 1*
#2506375 1!
#2506625 0*
#2507625 1*
#2508750 1)
#2508875 1-
#2509000 0! 0$
#2509125 1% 1'
#2509875 0)
#2510125 0" 0' 0(
#2510375 0*
#2511375 1*
#2511625 1)
#2511875 1" 1$ 1' 1(
#2512000 0,
#2512625 0)
#2512875 0" 0# 0$ 0% 0' 0(
#2513000 1&
#2513125 0+
#2514250 1+
#2514375 1)
#2514625 0&
#2514750 1! 1$ 1% 1,
#2515500 0) 0-
#2515625 0!
#2515750 0$ 1(
#2516000 0*
#2517000 1*
#2517625 1!
#2517875 0*
#2518875 1*
#2519375 0!
#2519500 1"
#2519750 0*
#2520750 1*
#2521375 1!
#2521625 0*
#2522625 1*
#2523750 1) 1-
#2524000 0!
#2524125 1# 1'
#2524875 0)
#2525000 0# 0'
#2525125 0" 1$ 0(
#2525375 0*
#2526375 1*
#2526625 1)
#2526875 1! 1" 1# 1& 1' 1(
#2527625 0)
#2529375 1)
#2529625 0" 0# 0& 0' 0(
#2530375 0-
#2530500 0)
#2530625 0!
#2530750 1# 0$ 1(
#2531000 0*
#2532000 1*
#2532625 1!
#2532875 0*
#2533875 1*
#2534375 0!
#2534500 1"
#2534750 0*
#2535750 1*
#2536375 1!
#2536625 0*
#2537625 1*
#2538750 1) 1-
#2539000 0! 1'
#2539875 0)
#2540000 0" 0' 0(
#2540125 1$
#2540375 0*
#2541375 1*
#2541500 1)
#2541875 1! 1' 1(
#2542625 0)
#2542875 1" 1&
#2543125 0+
#2544125 1+
#2544375 1)
#2544625 0" 0# 0& 0' 0(
#2545375 0-
#2545500 0)
#2545625 0!
#2545750 1(
#2546000 0*
#2547000 1*
#2547625 1!
#2547875 0*
#2548875 1*
#2549375 0!
#2549500 1"
#2549750 0*
#2550750 1*
#2551375 1!
#2551625 0*
#2551750 00
#2552625 1*
#2553750 1) 1-
#2554000 0! 0$ 1'
#2554125 1#
#2554875 0)
#2555000 0" 0# 0% 0' 0(
#2555125 1&
#2555375 0*
#2556375 1*
#2556500 1)
#2556750 0&
#2556875 1" 1# 1$ 1% 1' 1( 0,
#2557625 0)
#2557875 1! 0" 0# 0$ 0% 1& 0' 0(
#2558125 0+
#2558750 10
#2559125 1+
#2559375 1)
#2559625 1$ 1% 0&
#2559750 1,
#2560375 0-
#2560500 0)
#2560625 0!
#2560750 1# 1(
#2561000 0*
#2562000 1*
#2562625 1!
#2562875 0*
#2563875 1*
#2564375 0!
#2564500 1"
#2564750 0*
#2565750 1*
#2566375 1!
#2566500 0*
#2567625 1*
#2568750 1) 1-
#2569000 0! 0$ 1'
#2569875 0)
#2570000 0" 0% 0' 0(
#2570125 1&
#2570250 0*
#2571375 1*
#2571500 1)
#2571750 0# 0&
#2571875 1$ 1'
#2572625 0)
#2572875 0$ 1& 1(
#2573125 0+
#2574125 1+
#2574375 1)
#2574625 1! 1$ 1% 0& 0' 0(
#2575375 0) 0-
#2575625 0! 0$ 0%
#2575750 1& 1(
#2575875 0*
#2577000 1*
#2577500 1!
#2577750 0*
#2578750 1*
#2579375 0!
#2579500 1"
#2579625 0*
#2580625 1*
#2581250 1!
#2581500 0*
#2582500 1*
#2583750 1) 1-
#2584000 0! 1# 1% 0& 1'
#2584750 0)
#2585000 0" 0# 0% 0' 0(
#2585125 1$ 1&
#2585250 0*
#2586250 1*
#2586500 1)
#2586750 0&
#2586875 1" 1# 1% 1' 1( 0,
#2587625 0)
#2587875 0# 0$ 0% 1& 0' 0(
#2588125 0+
#2589125 1+
#2589375 1)
#2589500 0&
#2589625 1! 0" 1$ 1%
#2589750 1,
#2590375 0) 0-
#2590625 0! 0$ 0% 1(
#2590750 1# 1&
#2590875 0*
#2591875 1*
#2592500 1!
#2592750 0*
#2593750 1*
#2594375 0! 1"
#2594625 0*
#2595625 1*
#2596250 1!
#2596500 0*
#2597500 1*
#2598750 1) 1-
#2598875 0!
#2599000 1% 0& 1'
#2599750 0)
#2600000 0" 1$ 0% 1& 0' 0(
#2600250 0*
#2601250 1*
#2601500 1)
#2601750 0&
#2601875 1" 1% 1' 1(
#2602625 0)
#2602875 1! 1&
#2603125 0*
#2604125 1*
#2604250 1)
#2604625 0" 0# 0& 0' 0(
#2605375 0) 0-
#2605625 0! 0% 1& 1(
#2605875 0*
#2606875 1*
#2607500 1!
#2607750 0*
#2608750 1*
#2609375 0! 1"
#2609625 0*
#2610625 1*
#2611250 1!
#2611500 0*
#2612500 1*
#2613625 1)
#2613750 1-
#2613875 0! 0&
#2614000 1# 0$ 1% 1'
#2614750 0)
#2615000 0" 0# 1& 0' 0(
#2615250 0*
#2616250 1*
#2616500 1)
#2616750 0& 1(
#2616875 1" 1# 1$ 1' 0,
#2617625 0)
#2617750 0# 0$ 0% 0' 0(
#2617875 1! 1&
#2618125 0+
#2619125 1+
#2619250 1)
#2619500 0" 0&
#2619625 1$ 1%
#2619750 1,
#2620375 0) 0-
#2620625 0! 1# 0% 1& 1(
#2620875 0*
#2621875 1*
#2622500 1!
#2622750 0*
#2623750 1*
#2624375 0! 1"
#2624625 0*
#2625625 1*
#2626250 1!
#2626500 0*
#2627500 1*
#2628625 1)
#2628750 1-
#2628875 0! 0&
#2629000 0$ 1% 1'
#2629750 0)
#2630000 0" 1& 0' 0(
#2630250 0*
#2631250 1*
#2631500 1)
#2631750 1' 1(
#2631875 1! 1" 1$
#2632625 0)
#2634250 1)
#2634500 0'
#2634625 0" 0# 0& 0(
#2635375 0) 0-
#2635625 0! 0$ 1& 1(
#2635875 0*
#2636875 1*
#2637500 1!
#2637750 0*
#2638750 1*
#2639375 0! 1"
#2639625 0*
#2640625 1*
#2641250 1!
#2641500 0*
#2642500 1*
#2643625 1)
#2643750 1-
#2643875 0! 0&
#2644000 1# 1'
#2644750 0)
#2645000 0" 0# 1$ 1& 0' 0(
#2645250 0*
#2646250 1*
#2646500 1)
#2646750 0& 1' 1(
#2646875 1" 1# 0,
#2647625 0)
#2647750 0" 0$ 0% 0' 0(
#2647875 1&
#2648125 0+
#2649125 1+
#2649250 1)
#2649500 0# 0&
#2649625 1! 1$ 1%
#2649750 1,
#2650375 0) 0-
#2650500 0!
#2650625 1# 0$ 1& 1(
#2650875 0*
#2651875 1*
#2652500 1!
#2652750 0*
#2653750 1*
#2654375 0! 1"
#2654625 0*
#2655125 00
#2655625 1*
#2656250 1!
#2656500 0*
#2657500 1*
#2658625 1)
#2658750 1-
#2658875 0! 0&
#2659000 1'
#2659750 0)
#2660000 0" 1$ 1& 0' 0(
#2660250 0*
#2661250 1*
#2661500 1)
#2661750 1! 1" 0& 1' 1(
#2662125 10
#2662625 0)
#2662875 1&
#2663125 0+
#2664125 1+
#2664250 1)
#2664500 0" 0# 0& 0'
#2664625 0(
#2665375 0) 0-
#2665625 0! 1& 1(
#2665875 0*
#2666875 1*
#2667500 1!
#2667750 0*
#2668750 1*
#2669375 0! 1"
#2669625 0*
#2670625 1*
#2671250 1!
#2671500 0*
#2672500 1*
#2673625 1)
#2673750 1-
#2673875 0! 0&
#2674000 1# 0$ 1'
#2674750 0)
#2675000 0" 0# 0% 0(
#2675250 0*
#2676250 1*
#2676500 1)
#2676875 1$
#2677625 0)
#2677750 0$
#2677875 1! 1& 1(
#2678125 0+
#2679125 1+
#2679250 1)
#2679500 0& 0' 0(
#2679625 1$ 1%
#2680375 0) 0-
#2680625 0! 1# 1& 1(
#2680875 0*
#2681875 1*
#2682500 1!
#2682750 0*
#2683750 1*
#2684375 0! 1"
#2684625 0*
#2685625 1*
#2686250 1!
#2686500 0*
#2687500 1*
#2688625 1)
#2688750 1-
#2688875 0! 0&
#2689000 0$ 1'
#2689750 0)
#2690000 0" 0% 0(
#2690250 0*
#2691250 1*
#2691500 1)
#2691750 1(
#2691875 1" 1$ 1% 0,
#2692625 0)
#2692750 0" 0$ 0% 0' 0(
#2692875 1! 1&
#2693125 0+
#2694125 1+
#2694250 1)
#2694500 0# 0&
#2694625 1$ 1%
#2694750 1,
#2695375 0) 0-
#2695625 0! 0$ 0% 1' 1(
#2695875 0*
#2696875 1*
#2697500 1!
#2697750 0*
#2698750 1*
#2699375 0! 1"
#2699625 0*
#2700625 1*
#2701250 1!
#2701500 0*
#2702500 1*
#2703625 1)
#2703750 1-
#2703875 0!
#2704000 1# 1%
#2704750 0)
#2705000 0" 0# 1$ 0% 0(
#2705250 0*
#2706250 1*
#2706500 1)
#2706875 1! 1" 1# 1% 1& 1(
#2707625 0)
#2709250 1)
#2709625 0" 0# 0& 0' 0(
#2710375 0) 0-
#2710625 0! 0$ 0% 1' 1(
#2710750 1#
#2710875 0*
#2711875 1*
#2712500 1!
#2712750 0*
#2713750 1*
#2714375 0! 1"
#2714625 0*
#2715625 1*
#2716250 1!
#2716500 0*
#2717500 1*
#2718750 1) 1-
#2718875 0!
#2719000 1%
#2719750 0)
#2720000 0" 0% 0(
#2720125 1$
#2720250 0*
#2721250 1*
#2721500 1)
#2721750 0# 0$
#2721875 1& 1(
#2722625 0)
#2722875 1! 1" 1# 1$ 1%
#2723125 0*
#2724125 1*
#2724375 1)
#2724625 0" 0# 0& 0' 0(
#2725375 0) 0-
#2725625 0! 0% 1(
#2725750 1'
#2725875 0*
#2726875 1*
#2727500 1!
#2727750 0*
#2728875 1*
#2729375 0!
#2729500 1"
#2729625 0*
#2730750 1*
#2731250 1!
#2731500 0*
#2732625 1*
#2733750 1) 1-
#2734000 0! 1# 0$ 1%
#2734750 0)
#2735000 0" 0# 0(
#2735250 0*
#2736375 1*
#2736500 1)
#2736875 1" 1# 1$ 1( 0,
#2737625 0)
#2737875 0$ 0% 1& 0' 0(
#2738125 0+
#2739125 1+
#2739375 1)
#2739625 1! 0" 0# 1$ 1% 0&
#2739750 1,
#2740375 0-
#2740500 0)
#2740625 0! 0%
#2740750 1# 1' 1(
#2741000 0*
#2742000 1*
#2742625 1!
#2742875 0*
#2743875 1*
#2744375 0!
#2744500 1"
#2744750 0*
#2745750 1*
#2746375 1!
#2746625 0*
#2747625 1*
#2748750 1) 1-
#2749000 0! 0$ 1%
#2749875 0)
#2750000 0" 0(
#2750375 0*
#2751375 1*
#2751500 1)
#2751875 1! 1" 1$ 1& 1(
#2752625 0)
#2754375 1)
#2754625 0" 0# 0& 0' 0(
#2755375 0-
#2755500 0)
#2755625 0! 0$
#2755750 1' 1(
#2756000 0*
#2757000 1*
#2757625 1!
#2757875 0*
#2758625 00
#2758875 1*
#2759375 0!
#2759500 1"
#2759750 0*
#2760750 1*
#2761375 1!
#2761625 0*
#2762625 1*
#2763750 1) 1-
#2764000 0!
#2764125 1#
#2764875 0)
#2765000 0# 0(
#2765125 0" 1$
#2765375 0*
#2765500 10
#2766375 1*
#2766625 1)
#2766875 1" 1# 1(
#2767000 0,
#2767625 0)
#2767875 1! 0$ 0% 1& 0' 0(
#2768125 0+
#2769250 1+
#2769375 1)
#2769625 0" 0# 0&
#2769750 1$ 1% 1,
#2770500 0) 0-
#2770625 0! 0$
#2770750 1# 1' 1(
#2771000 0*
#2772000 1*
#2772625 1!
#2772875 0*
#2773875 1*
#2774375 0!
#2774500 1"
#2774750 0*
#2775750 1*
#2776375 1!
#2776625 0*
#2777625 1*
#2778750 1)
#2778875 1-
#2779000 0!
#2779875 0)
#2780125 0" 1$ 0(
#2780375 0*
#2781375 1*
#2781625 1)
#2781875 1! 0# 0$ 0% 1& 1(
#2782750 0)
#2783000 1" 1# 1$ 1%
#2783250 0+
#2784250 1+
#2784375 1)
#2784625 0" 0# 0& 0' 0(
#2785500 0) 0-
#2785750 0! 1' 1(
#2786000 0*
#2787000 1*
#2787625 1!
#2787875 0*
#2788875 1*
#2789500 0! 1"
#2789750 0*
#2790750 1*
#2791375 1!
#2791625 0*
#2792625 1*
#2793750 1)
#2793875 1-
#2794000 0!
#2794125 1# 0$
#2794875 0)
#2795125 0" 0# 0% 1& 0(
#2795375 0*
#2796375 1*
#2796625 1)
#2796875 0&
#2797000 1$
#2797750 0)
#2797875 0$
#2798000 1" 1& 1(
#2798250 0+
#2799250 1+
#2799375 1)
#2799625 0& 0(
#2799750 1! 0" 1$ 1% 0'
#2800500 0) 0-
#2800750 0! 1' 1(
#2800875 1#
#2801000 0*
#2802000 1*
#2802625 1!
#2802875 0*
#2803875 1*
#2804500 0! 1"
#2804750 0*
#2805750 1*
#2806375 1!
#2806625 0*
#2807625 1*
#2808875 1) 1-
#2809000 0!
#2809125 0$
#2809875 0)
#2810125 0" 0% 0(
#2810250 1&
#2810375 0*
#2811375 1*
#2811625 1)
#2811875 0&
#2812000 1" 1$ 1% 1( 0,
#2812750 0)
#2813000 0" 0# 0% 1& 0' 0(
#2813250 0+
#2814250 1+
#2814500 1)
#2814750 1! 1% 0&
#2814875 1,
#2815500 0) 0-
#2815750 0! 0$ 0% 1' 1(
#2815875 1&
#2816000 0*
#2817000 1*
#2817625 1!
#2817875 0*
#2818875 1*
#2819500 0!
#2819625 1"
#2819750 0*
#2820875 1*
#2821375 1!
#2821625 0*
#2822750 1*
#2823875 1) 1-
#2824125 0! 1# 1% 0&
#2824875 0)
#2825125 0" 0# 0% 0(
#2825250 1$ 1&
#2825375 0*
#2826500 1*
#2826625 1)
#2827000 1! 1" 1# 1% 1(
#2827750 0)
#2829500 1)
#2829750 0" 0# 0& 0' 0(
#2830500 0-
#2830625 0)
#2830750 0! 0$ 0%
#2830875 1# 1& 1' 1(
#2831000 0*
#2832125 1*
#2832750 1!
#2833000 0*
#2834000 1*
#2834500 0!
#2834625 1"
#2834875 0*
#2835875 1*
#2836500 1!
#2836750 0*
#2837750 1*
#2838875 1) 1-
#2839125 0! 1% 0&
#2840000 0)
#2840125 0" 0% 0(
#2840250 1$ 1&
#2840500 0*
#2841500 1*
#2841625 1)
#2841875 0# 0$
#2842000 1" 1(
#2842750 0)
#2843000 1! 1# 1$ 1%
#2843250 0*
#2844250 1*
#2844500 1)
#2844750 0" 0# 0& 0' 0(
#2845500 0-
#2845625 0)
#2845750 0! 0%
#2845875 1& 1' 1(
#2846125 0*
#2847125 1*
#2847750 1!
#2848000 0*
#2849000 1*
#2849500 0!
#2849625 1"
#2849875 0*
#2850875 1*
#2851500 1!
#2851750 0*
#2852750 1*
#2853875 1) 1-
#2854125 0! 0$ 0&
#2854250 1# 1%
#2855000 0)
#2855125 0" 0# 0(
#2855250 1&
#2855500 0*
#2856500 1*
#2856625 1)
#2856875 0&
#2857000 1" 1# 1$ 1(
#2857125 0,
#2857750 0)
#2858000 1! 0" 0# 0% 1& 0' 0(
#2858250 0+
#2859250 1+
#2859500 1)
#2859750 0&
#2859875 1% 1,
#2860625 0) 0-
#2860750 0! 0%
#2860875 1# 1& 1' 1(
#2861125 0*
#2862000 00
#2862125 1*
#2862750 1!
#2863000 0*
#2864000 1*
#2864500 0!
#2864625 1"
#2864875 0*
#2865875 1*
#2866500 1!
#2866750 0*
#2867750 1*
#2868875 1) 1-
#2869000 10
#2869125 0! 0$ 0&
#2869250 1%
#2870000 0)
#2870125 0(
#2870250 0" 1&
#2870500 0*
#2871500 1*
#2871750 1)
#2872000 1! 1" 1$ 1(
#2872750 0)
#2874500 1)
#2874750 0" 0# 0& 0' 0(
#2875625 0) 0-
#2875750 0!
#2875875 0$ 1& 1' 1(
#2876125 0*
#2877125 1*
#2877750 1!
#2878000 0*
#2879000 1*
#2879500 0!
#2879625 1"
#2879875 0*
#2880875 1*
#2881500 1!
#2881750 0*
#2882750 1*
#2883875 1)
#2884000 1-
#2884125 0! 0&
#2884250 1#
#2885000 0)
#2885125 0#
#2885250 0" 1$ 1& 0(
#2885500 0*
#2886500 1*
#2886750 1)
#2887000 0% 0&
#2887750 0)
#2888000 0$ 1(
#2888125 1! 1" 1&
#2888375 0+
#2889375 1+
#2889500 1)
#2889750 0" 0& 0' 0(
#2889875 1$ 1%
#2890625 0) 0-
#2890750 0!
#2890875 1# 0$ 1& 1' 1(
#2891125 0*
#2892125 1*
#2892750 1!
#2893000 0*
#2894000 1*
#2894500 0!
#2894625 1"
#2894875 0*
#2895875 1*
#2896500 1!
#2896750 0*
#2897750 1*
#2898875 1)
#2899000 1-
#2899125 0! 0&
#2900000 0)
#2900250 0" 1$ 1& 0(
#2900500 0*
#2901500 1*
#2901750 1)
#2902000 1! 1" 0# 0$ 0% 1(
#2902750 0)
#2903125 1# 1$ 1%
#2903375 0+
#2904375 1+
#2904500 1)
#2904750 0" 0# 0& 0' 0(
#2905625 0) 0-
#2905750 0!
#2905875 1& 1' 1(
#2906125 0*
#2907125 1*
#2907750 1!
#2908000 0*
#2909000 1*
#2909500 0!
#2909625 1"
#2909875 0*
#2910875 1*
#2911500 1!
#2911750 0*
#2912750 1*
#2913875 1)
#2914000 1-
#2914250 1#
#2915000 0)
#2915500 0+
#2916500 1+
#2916750 1)
#2917000 0! 0&
#2917125 0,
#2917750 0)
#2918000 0# 0% 1& 0' 0(
#2918250 0+
#2919375 1+
#2919500 1)
#2919750 0" 0&
#2919875 1! 1% 1,
#2920625 0) 0-
#2920750 0!
#2920875 1# 1& 1' 1(
#2921125 0*
#2922125 1*
#2922750 1!
#2923000 0*
#2924000 1*
#2924500 0!
#2924625 1"
#2924875 0*
#2925875 1*
#2926500 1!
#2926750 0*
#2927750 1*
#2928875 1) 1-
#2929125 0! 0$ 0&
#2930000 0)
#2930125 0" 0# 0(
#2930500 0*
#2931500 1*
#2932125 1!
#2932375 0*
#2933375 1*
#2933875 0!
#2934000 1"
#2934250 0*
#2935000 1)
#2935250 1*
#2935375 1# 1(
#2936125 0)
#2936250 0" 0(
#2936625 0*
#2937625 1*
#2938250 1!
#2938500 0*
#2939500 1*
#2940000 0!
#2940125 1"
#2940375 0*
#2941125 1)
#2941250 1*
#2941375 1$ 1(
#2941500 0,
#2942125 0)
#2942375 1! 0# 0% 1& 0' 0(
#2942625 0+
#2943625 1+
#2943875 1)
#2944125 0! 0& 1(
#2944250 1% 1' 1,
#2945000 0)
#2945125 0$ 0% 0'
#2945250 1!
#2945500 0*
#2946500 1*
#2947125 1%
#2947375 0*
#2948375 1*
#2948500 1)
#2948750 0"
#2948875 1# 1'
#2949625 0)
#2949875 1" 0# 0% 0(
#2950125 0*
#2951125 1*
#2951375 1)
#2951625 0! 1(
#2951750 1$ 1%
#2952500 0)
#2952625 0$ 0% 0'
#2952750 1! 1&
#2953000 0*
#2954000 1*
#2954625 1%
#2954875 0*
#2955875 1*
#2956000 1)
#2956250 0" 0&
#2956375 1# 1'
#2957125 0)
#2957375 1" 0# 0(
#2957625 0*
#2958625 1*
#2958875 1)
#2959125 0! 1(
#2959250 1#
#2960000 0)
#2960125 0" 0# 0(
#2960250 1$
#2960500 0*
#2961500 1*
#2962125 1!
#2962375 0*
#2963375 1*
#2963875 0!
#2964000 1"
#2964250 0*
#2965000 1)
#2965250 0$ 1( 1*
#2965375 1# 00
#2966000 0)
#2966250 0" 1$ 0(
#2966500 0*
#2967500 1*
#2968125 1!
#2968375 0*
#2969375 1*
#2970000 0!
#2970125 1"
#2970250 0*
#2971500 1)
#2971750 1*
#2972250 1(
#2972375 0, 10
#2973125 0)
#2973250 0" 0% 0' 0(
#2973375 1&
#2973625 0+
#2974625 1+
#2975250 1)
#2975500 0# 0&
#2975625 1" 1% 1' 1( 1,
#2976375 0)
#2977000 0$ 0%
#2977125 1!
#2977375 0*
#2978375 1*
#2979000 1%
#2979125 0*
#2980250 1*
#2980375 1)
#2980625 0"
#2980750 1#
#2981500 0)
#2981750 1" 0# 0% 1& 0(
#2982000 0*
#2983000 1*
#2983250 1)
#2983500 0! 1$ 1% 0& 1(
#2984250 0)
#2984500 0$ 0%
#2984625 1! 1&
#2984750 0*
#2985875 1*
#2986500 1%
#2986625 0*
#2987625 1*
#2987875 1)
#2988125 0" 0&
#2988250 1#
#2989000 0)
#2989250 1" 0# 1& 0(
#2989500 0*
#2990500 1*
#2990750 1)
#2991000 0! 1# 0& 1(
#2991750 0)
#2992000 0" 0# 0% 0' 0(
#2992250 0*
#2993250 1*
#2993875 1!
#2994125 0*
#2995125 1*
#2995750 0!
#2995875 1"
#2996000 0*
#2996750 1)
#2997000 1*
#2997125 1# 1% 1' 1(
#2997875 0)
#2998125 0" 0# 0% 0' 0(
#2998375 0*
#2999375 1*
#3000000 1!
#3000250 0*
#3001250 1*
#3001750 0!
#3001875 1"
#3002125 0*
#3002875 1)
#3003125 0" 1*
#3003250 1$ 1'
#3004000 0)
#3004125 0$
#3004250 1# 1& 1(
#3004500 0+
#3005500 1+
#3005625 1)
#3005875 0# 0&
#3006000 1$ 1%
#3006750 0)
#3007000 1! 1" 0$ 0% 0' 0(
#3007250 0*
#3008250 1*
#3008875 1%
#3009125 0*
#3010125 1*
#3010375 1)
#3010625 0! 0"
#3010750 1# 1' 1(
#3011500 0)
#3011625 0# 0% 0' 0(
#3011750 1! 1"
#3012000 0*
#3013000 1*
#3013125 1)
#3013375 0! 0"
#3013500 1$ 1% 1' 1(
#3014250 0)
#3014500 1! 1" 0$ 0% 0' 0(
#3014750 0*
#3015750 1*
#3016375 1%
#3016625 0*
#3017625 1*
#3017875 1)
#3018125 0! 0" 1' 1(
#3018250 1#
#3019000 0)
#3019125 0# 0% 0' 0(
#3019250 1! 1"
#3019500 0*
#3020500 1*
#3020625 1)
#3020875 0!
#3021000 1# 1% 1' 1(
#3021750 0)
#3022000 0" 0# 0% 0' 0(
#3022250 0*
#3023250 1*
#3023875 1!
#3024125 0*
#3025125 1*
#3025750 0! 1"
#3026000 0*
#3026750 1)
#3027000 1*
#3027125 1# 1% 1' 1(
#3027875 0)
#3028000 0(
#3028125 0" 0# 0% 0'
#3028375 0*
#3029375 1*
#3030000 1!
#3030250 0*
#3031250 1*
#3031750 0!
#3031875 1"
#3032125 0*
#3032875 1)
#3033125 1' 1( 1*
#3033250 1# 1$ 1% 0,
#3034000 0)
#3034125 0" 0% 0' 0(
#3034250 1! 1&
#3034500 0+
#3035500 1+
#3035625 1)
#3035875 0! 0# 0&
#3036000 1% 1' 1( 1,
#3036750 0)
#3037000 1! 1" 0$ 0% 0' 0(
#3037250 0*
#3038250 1*
#3038875 1%
#3039125 0*
#3040125 1*
#3040375 1)
#3040625 0! 0" 1' 1(
#3040750 1#
#3041500 0)
#3041625 0# 0% 0' 0(
#3041750 1! 1"
#3041875 0*
#3043000 1*
#3043125 1)
#3043375 0! 0"
#3043500 1$ 1% 1' 1(
#3044250 0)
#3044375 0(
#3044500 1! 1" 0$ 0% 0'
#3044750 0*
#3045750 1*
#3046375 1%
#3046625 0*
#3047625 1*
#3047875 1)
#3048125 0! 0" 1# 1' 1(
#3049000 0)
#3049125 1! 0# 0% 0' 0(
#3049250 1"
#3049375 0*
#3050500 1*
#3050625 1)
#3065875 0!
#3066000 1# 1$ 1% 1' 1( 0,
#3066750 0)
#3066875 0' 0(
#3067000 0% 1&
#3067250 0+
#3068250 1+
#3068500 1)
#3068875 00
#3069750 1! 1% 1' 1( 1,
#3070500 0)
#3072250 1)
#3075250 0! 0$ 0&
#3075750 10
#3076125 0)
#3076250 0(
#3076375 0" 0# 0% 0'
#3076625 0*
#3077625 1*
#3077875 1)
#3078125 1! 1" 1# 1$ 1% 1& 1' 1(
#3078875 0)
#3080625 1)
#3081750 0)
#3082250 0+
#3083250 1+
#3084125 0+
#3085125 1+
#3086000 0+
#3087000 1+
#3087875 0+
#3088875 1+
#3090000 1)
#3090250 0! 0$ 0&
#3091125 0)
#3091250 0(
#3091375 0" 0% 0'
#3091625 0*
#3092625 1*
#3092875 1)
#3093000 0#
#3093125 1$ 1'
#3093875 0)
#3094125 0$ 1(
#3094250 1! 1# 1&
#3094375 0+
#3095375 1+
#3095625 1)
#3095875 0! 0# 0& 0' 0(
#3096000 1" 1$ 1%
#3096750 0) 0-
#3096875 0" 0$ 0%
#3097250 0*
#3098250 1*
#3098875 1!
#3099125 0*
#3100125 1*
#3100625 0!
#3100750 1"
#3101000 0*
#3102000 1*
#3102625 1!
#3102875 0*
#3103875 1*
#3105000 1) 1-
#3105250 0!
#3105375 1# 1% 1' 1(
#3106125 0)
#3106250 0# 0' 0(
#3106375 0" 1$ 0%
#3106625 0*
#3107625 1*
#3107875 1)
#3108125 1" 1# 1% 1' 1(
#3108250 0,
#3108875 0)
#3109125 1! 0% 0' 0(
#3109250 1&
#3109375 0+
#3110500 1+
#3110625 1)
#3110875 0! 0# 0&
#3111000 1% 1,
#3111750 0) 0-
#3111875 0" 0%
#3112000 1# 0$
#3112250 0*
#3113250 1*
#3113875 1!
#3114125 0*
#3115125 1*
#3115625 0!
#3115750 1"
#3116000 0*
#3117000 1*
#3117625 1!
#3117875 0*
#3118875 1*
#3120000 1) 1-
#3120250 0!
#3120375 1% 1' 1(
#3121125 0)
#3121250 0' 0(
#3121375 0" 1$ 0%
#3121625 0*
#3122625 1*
#3122875 1)
#3123125 0$ 1& 1' 1(
#3123875 0)
#3124250 1! 1" 1$ 1%
#3124375 0*
#3125375 1*
#3125625 1)
#3125875 0! 0# 0& 0' 0(
#3126750 0) 0-
#3127000 0" 0%
#3127250 0*
#3128250 1*
#3128875 1!
#3129125 0*
#3130125 1*
#3130625 0!
#3130750 1"
#3131000 0*
#3132000 1*
#3132625 1!
#3132875 0*
#3133875 1*
#3135000 1)
#3135125 1-
#3135250 0! 0$
#3135375 1# 1% 1' 1(
#3136125 0)
#3136250 0(
#3136375 0" 0# 0'
#3136625 0*
#3137625 1*
#3137875 1)
#3138125 1" 1# 1$ 1' 1(
#3138250 0,
#3139000 0)
#3139125 0" 0# 0$ 0' 0(
#3139250 1&
#3139500 0+
#3140500 1+
#3140625 1)
#3140875 0&
#3141000 1" 1$ 1,
#3141750 0) 0-
#3142000 0" 1# 0%
#3142250 0*
#3143250 1*
#3143875 1!
#3144125 0*
#3145125 1*
#3145625 0!
#3145750 1"
#3146000 0*
#3147000 1*
#3147625 1!
#3147875 0*
#3148875 1*
#3150000 1)
#3150125 1-
#3150250 0! 0$
#3150375 1% 1' 1(
#3151125 0)
#3151375 0" 0' 0(
#3151625 0*
#3152625 1*
#3152875 1)
#3153125 1' 1(
#3153250 1! 1" 1$ 1&
#3154000 0)
#3155625 1)
#3156000 0! 0# 0& 0' 0(
#3156750 0) 0-
#3157000 0" 0$
#3157250 0*
#3158250 1*
#3158875 1!
#3159125 0*
#3160125 1*
#3160750 0! 1"
#3161000 0*
#3162000 1*
#3162625 1!
#3162875 0*
#3163875 1*
#3165000 1)
#3165125 1-
#3165250 0!
#3165375 1# 1' 1(
#3166125 0)
#3166375 0" 0# 1$ 0' 0(
#3166625 0*
#3167625 1*
#3167875 1)
#3168125 1(
#3168250 1" 1# 1' 0,
#3169000 0)
#3169125 0# 0' 0(
#3169250 1! 0" 0$ 1&
#3169500 0+
#3170500 1+
#3170625 1)
#3170875 0! 0&
#3171000 1" 1$
#3171125 1,
#3171750 0) 0-
#3172000 0" 0$
#3172125 1#
#3172250 0* 00
#3173250 1*
#3173875 1!
#3174125 0*
#3175125 1*
#3175750 0!
#3175875 1"
#3176000 0*
#3177000 1*
#3177625 1!
#3177875 0*
#3178875 1*
#3179250 10
#3180125 1) 1-
#3180250 0!
#3180375 1' 1(
#3181125 0)
#3181375 0" 0' 0(
#3181500 1$
#3181625 0*
#3182625 1*
#3182875 1)
#3183125 0$ 0%
#3183250 1! 1& 1' 1(
#3184000 0)
#3184250 1" 1$ 1%
#3184500 0+
#3185500 1+
#3185750 1)
#3186000 0! 0# 0& 0' 0(
#3186750 0) 0-
#3187000 0"
#3187250 0*
#3188250 1*
#3189000 1!
#3189125 0*
#3190250 1*
#3190750 0!
#3190875 1"
#3191000 0*
#3192125 1*
#3192750 1!
#3192875 0*
#3194000 1*
#3195125 1) 1-
#3195375 0! 1# 0$ 1' 1(
#3196250 0)
#3196375 0" 0# 0% 0' 0(
#3196500 1&
#3196625 0*
#3197750 1*
#3197875 1)
#3198125 0&
#3198250 1$ 1'
#3199000 0)
#3199250 1" 1# 0$ 1& 1(
#3199500 0+
#3200500 1+
#3200750 1)
#3201000 0# 1$ 1% 0& 0' 0(
#3201750 0-
#3201875 0)
#3202000 0"
#3202125 1#
#3202375 0*
#3203375 1*
#3204000 1!
#3204250 0*
#3205250 1*
#3205750 0!
#3205875 1"
#3206125 0*
#3207125 1*
#3207750 1!
#3208000 0*
#3209000 1*
#3210125 1) 1-
#3210375 0! 0$ 1' 1(
#3211250 0)
#3211375 0" 0% 0' 0(
#3211500 1&
#3211750 0*
#3212750 1*
#3212875 1)
#3213125 0&
#3213250 1" 1$ 1% 1' 1(
#3213375 0,
#3214000 0)
#3214250 0# 0$ 1& 0' 0(
#3214500 0+
#3215500 1+
#3215750 1)
#3216000 0&
#3216125 1$ 1,
#3216875 0) 0-
#3217000 0" 0$ 0%
#3217125 1&
#3217375 0*
#3218375 1*
#3219000 1!
#3219250 0*
#3220250 1*
#3220750 0!
#3220875 1"
#3221125 0*
#3222125 1*
#3222750 1!
#3223000 0*
#3224000 1*
#3225125 1) 1-
#3225375 0! 0&
#3225500 1# 1% 1' 1(
#3226250 0)
#3226375 0(
#3226500 0" 0# 1$ 0% 1& 0'
#3226750 0*
#3227750 1*
#3228000 1)
#3228250 1! 1" 1# 1% 1' 1(
#3229125 0)
#3230750 1)
#3231000 0! 0# 0& 0' 0(
#3231875 0) 0-
#3232125 0" 1# 0$ 0% 1&
#3232375 0*
#3233375 1*
#3234000 1!
#3234250 0*
#3235250 1*
#3235750 0!
#3235875 1"
#3236125 0*
#3237125 1*
#3237750 1!
#3238000 0*
#3239000 1*
#3240125 1)
#3240250 1-
#3240375 0! 0&
#3240500 1% 1' 1(
#3241250 0)
#3241500 0" 1$ 0% 1& 0' 0(
#3241750 0*
#3242750 1*
#3243000 1)
#3243250 0$ 1' 1(
#3243375 1"
#3244125 0)
#3244375 1! 1$ 1%
#3244625 0*
#3245625 1*
#3245750 1)
#3246125 0! 0# 0& 0' 0(
#3246875 0) 0-
#3247125 0" 0% 1&
#3247375 0*
#3248375 1*
#3249000 1!
#3249250 0*
#3250250 1*
#3250875 0! 1"
#3251125 0*
#3252125 1*
#3252750 1!
#3253000 0*
#3254000 1*
#3255250 1) 1-
#3255375 0!
#3255500 1# 0$ 1% 0& 1' 1(
#3256250 0)
#3256500 0" 0# 1& 0' 0(
#3256750 0*
#3257750 1*
#3258000 1)
#3258250 0&
#3258375 1" 1# 1$ 1' 1( 0,
#3259125 0)
#3259250 0# 0' 0(
#3259375 1! 0$ 1&
#3259625 0+
#3260625 1+
#3260875 1)
#3261000 0! 0&
#3261125 1$
#3261250 1,
#3261875 0) 0-
#3262125 0" 0%
#3262250 1# 1&
#3262375 0*
#3263375 1*
#3264000 1!
#3264250 0*
#3265250 1*
#3265875 0!
#3266000 1"
#3266125 0*
#3267125 1*
#3267750 1!
#3268000 0*
#3269000 1*
#3270250 1) 1-
#3270500 0! 0$ 1% 0& 1' 1(
#3271250 0)
#3271500 0" 0' 0(
#3271625 1&
#3271750 0*
#3272750 1*
#3273000 1)
#3273375 1! 1" 1$ 1' 1(
#3274125 0)
#3275625 00
#3275875 1)
#3276125 0! 0# 0& 0' 0(
#3276875 0) 0-
#3277125 0" 0$
#3277250 1&
#3277375 0*
#3278500 1*
#3279125 1!
#3279250 0*
#3280375 1*
#3280875 0!
#3281000 1"
#3281125 0*
#3282250 1*
#3282625 10
#3282875 1!
#3283000 0*
#3284125 1*
#3285250 1) 1-
#3285500 0! 1# 0& 1' 1(
#3286375 0)
#3286500 0" 0# 0' 0(
#3286625 1$ 1&
#3286750 0*
#3287875 1*
#3288000 1)
#3288250 0&
#3288375 1" 1# 1' 1( 0,
#3289125 0)
#3289375 0" 0$ 1& 0' 0(
#3289625 0+
#3290625 1+
#3290875 1)
#3291125 0# 0&
#3291250 1" 1$ 1,
#3291875 0-
#3292000 0)
#3292125 0" 0$
#3292250 1# 1&
#3292500 0*
#3293500 1*
#3294125 1!
#3294375 0*
#3295375 1*
#3295875 0!
#3296000 1"
#3296250 0*
#3297250 1*
#3297875 1!
#3298125 0*
#3299125 1*
#3300250 1) 1-
#3300500 0! 0& 1' 1(
#3301375 0)
#3301500 0" 0' 0(
#3301625 1$ 1&
#3301875 0*
#3302875 1*
#3303000 1)
#3303250 0$ 0%
#3303375 1! 1" 1' 1(
#3304125 0)
#3304375 1$ 1%
#3304625 0+
#3305625 1+
#3305875 1)
#3306125 0! 0# 0& 0' 0(
#3306875 0-
#3307000 0)
#3307125 0"
#3307250 1&
#3307500 0*
#3308500 1*
#3309125 1!
#3309375 0*
#3310375 1*
#3310875 0!
#3311000 1"
#3311250 0*
#3312250 1*
#3312875 1!
#3313125 0*
#3314125 1*
#3315250 1) 1-
#3315500 0! 0$ 0& 1' 1(
#3315625 1#
#3316375 0)
#3316500 0" 0# 0% 0(
#3316875 0*
#3317875 1*
#3318000 1)
#3318375 1$
#3319125 0)
#3319375 1! 1" 0$ 1& 1(
#3319500 1#
#3319625 0+
#3320625 1+
#3320875 1)
#3321125 0! 0# 0& 0' 0(
#3321250 1$ 1%
#3321875 0-
#3322000 0)
#3322125 0"
#3322250 1# 1&
#3322500 0*
#3323500 1*
#3324125 1!
#3324375 0*
#3325375 1*
#3325875 0!
#3326000 1"
#3326250 0*
#3327250 1*
#3327875 1!
#3328125 0*
#3329125 1*
#3330250 1) 1-
#3330500 0! 0$ 0& 1(
#3330625 1'
#3331375 0)
#3331500 0" 0% 0(
#3331875 0*
#3332875 1*
#3333000 1)
#3333375 1" 1$ 1% 1(
#3333500 0,
#3334125 0)
#3334375 1! 0" 0$ 1& 0' 0(
#3334625 0+
#3335625 1+
#3335875 1)
#3336125 0! 0# 0&
#3336250 1" 1$ 1,
#3337000 0) 0-
#3337125 0" 0$ 0%
#3337250 1'
#3337500 0*
#3338500 1*
#3339125 1!
#3339375 0*
#3340375 1*
#3340875 0!
#3341000 1"
#3341250 0*
#3342250 1*
#3342875 1!
#3343125 0*
#3344125 1*
#3345250 1) 1-
#3345500 0! 1(
#3345625 1# 1%
#3346375 0)
#3346500 0" 0# 0% 0(
#3346625 1$
#3346875 0*
#3347875 1*
#3348000 1)
#3348375 1! 1" 1# 1% 1& 1(
#3349125 0)
#3350875 1)
#3351125 0! 0# 0& 0' 0(
#3351875 0-
#3352000 0)
#3352125 0" 0$ 0%
#3352250 1# 1'
#3352500 0*
#3353500 1*
#3354125 1!
#3354375 0*
#3355375 1*
#3355875 0!
#3356000 1"
#3356250 0*
#3357250 1*
#3357875 1!
#3358125 0*
#3359125 1*
#3360250 1) 1-
#3360500 0! 1(
#3360625 1%
#3361375 0)
#3361500 0" 0% 0(
#3361625 1$
#3361875 0*
#3362875 1*
#3363000 1)
#3363250 0#
#3363375 1& 1(
#3364125 0)
#3364375 1! 1" 1# 1%
#3364625 0*
#3365625 1*
#3365875 1)
#3366125 0! 0# 0& 0' 0(
#3366875 0-
#3367000 0)
#3367125 0" 0%
#3367250 1'
#3367500 0*
#3368500 1*
#3369125 1!
#3369375 0*
#3370375 1*
#3370875 0!
#3371000 1"
#3371250 0*
#3372250 1*
#3372875 1!
#3373125 0*
#3374125 1*
#3375250 1) 1-
#3375500 0! 0$ 1(
#3375625 1# 1%
#3376375 0)
#3376500 0" 0# 0(
#3376875 0*
#3377875 1*
#3378000 1)
#3378375 1" 1# 1$ 1( 0,
#3379125 0) 00
#3379375 0$ 1& 0' 0(
#3379625 0+
#3380625 1+
#3380875 1)
#3381125 0# 1$ 0&
#3381250 1,
#3381875 0-
#3382000 0)
#3382125 0" 0%
#3382250 1# 1'
#3382500 0*
#3383500 1*
#3384125 1!
#3384250 0*
#3385375 1*
#3385875 0!
#3386000 1" 10
#3386125 0*
#3387250 1*
#3387875 1!
#3388000 0*
#3389125 1*
#3390250 1) 1-
#3390500 0! 0$ 1% 1(
#3391250 0)
#3391500 0" 0(
#3391750 0*
#3392875 1*
#3393000 1)
#3393375 1! 1" 1$ 1& 1(
#3394125 0)
#3395875 1)
#3396125 0! 0# 0& 0' 0(
#3396875 0) 0-
#3397125 0" 0$
#3397250 1'
#3397375 0*
#3398375 1*
#3399125 1!
#3399250 0*
#3400250 1*
#3400875 0!
#3401000 1"
#3401125 0*
#3402125 1*
#3402750 1!
#3403000 0*
#3404000 1*
#3405250 1) 1-
#3405375 0!
#3405500 1# 1(
#3406250 0)
#3406500 0" 0# 0(
#3406625 1$
#3406750 0*
#3407750 1*
#3408000 1)
#3408250 0%
#3409125 0)
#3409375 1& 1(
#3409625 0+
#3410625 1+
#3410750 1)
#3411000 0& 0(
#3411125 1" 1% 0'
#3411875 0) 0-
#3412125 0" 0$ 1'
#3412250 1#
#3412375 0*
#3413375 1*
#3414000 1!
#3414250 0*
#3415250 1*
#3415875 0! 1"
#3416125 0*
#3417125 1*
#3417750 1!
#3418000 0*
#3419000 1*
#3420125 1)
#3420250 1-
#3420375 0!
#3420500 1(
#3421250 0)
#3421500 0" 1$ 0(
#3421750 0*
#3422750 1*
#3423000 1)
#3423250 0# 0% 1(
#3423375 1! 1&
#3424125 0)
#3424375 1" 1# 1%
#3424625 0+
#3425625 1+
#3425750 1)
#3426125 0! 0# 0& 0' 0(
#3426875 0) 0-
#3427125 0" 1'
#3427375 0*
#3428375 1*
#3429000 1!
#3429250 0*
#3430250 1*
#3430875 0! 1"
#3431125 0*
#3432125 1*
#3432750 1!
#3433000 0*
#3434000 1*
#3435125 1)
#3435250 1-
#3435375 0! 0$
#3435500 1# 1(
#3436250 0)
#3436500 0" 0# 0% 1& 0(
#3436750 0*
#3437750 1*
#3438000 1)
#3438250 1# 0& 1(
#3438375 1" 1$ 1% 0,
#3439125 0)
#3439250 0$ 0' 0(
#3439375 1! 1&
#3439625 0+
#3440625 1+
#3440750 1)
#3441000 0! 0# 0&
#3441125 1$ 1,
#3441875 0) 0-
#3442125 0" 1# 1'
#3442375 0*
#3443375 1*
#3444000 1!
#3444250 0*
#3445250 1*
#3445750 0!
#3445875 1"
#3446125 0*
#3447125 1*
#3447750 1!
#3448000 0*
#3449000 1*
#3450125 1)
#3450250 1-
#3450375 0! 0$
#3450500 1(
#3451250 0)
#3451375 0(
#3451500 0" 0% 1&
#3451750 0*
#3452750 1*
#3453000 1)
#3453250 1! 1" 1$ 1% 1(
#3454000 0)
#3455750 1)
#3456000 0! 0# 0& 0' 0(
#3456875 0) 0-
#3457125 0" 0$ 0% 1& 1'
#3457375 0*
#3458375 1*
#3459000 1!
#3459250 0*
#3460250 1*
#3460750 0!
#3460875 1"
#3461125 0*
#3462125 1*
#3462750 1!
#3463000 0*
#3464000 1*
#3465125 1) 1-
#3465375 0! 0&
#3465500 1# 1% 1(
#3466250 0)
#3466375 0# 0(
#3466500 0" 1$ 0% 1&
#3466750 0*
#3467750 1*
#3468000 1)
#3468125 0&
#3468250 1" 1# 1% 1(
#3468375 0,
#3469000 0)
#3469250 0" 0# 1& 0' 0(
#3469500 0+
#3470625 1+
#3470750 1)
#3471000 0&
#3471125 1" 1,
#3471875 0) 0-
#3472000 0" 0$ 0%
#3472125 1# 1& 1'
#3472375 0*
#3473375 1*
#3474000 1!
#3474250 0*
#3475250 1*
#3475750 0!
#3475875 1"
#3476125 0*
#3477125 1*
#3477750 1!
#3478000 0*
#3479000 1*
#3480125 1) 1-
#3480375 0! 0& 1(
#3480500 1%
#3481250 0)
#3481375 0" 0% 0(
#3481500 1$ 1&
#3481750 0*
#3482750 1*
#3482875 1)
#3483125 0#
#3483250 1" 1(
#3484000 0)
#3484250 1! 1# 1%
#3484500 0*
#3485500 1*
#3485750 1)
#3486000 0! 0# 0& 0' 0(
#3486750 0-
#3486875 0)
#3487000 0" 0%
#3487125 1& 1'
#3487375 0*
#3488375 1*
#3489000 1!
#3489250 0*
#3490250 1*
#3490750 0!
#3490875 1"
#3491125 0*
#3492125 1*
#3492750 1!
#3493000 0*
#3494000 1*
#3495125 1) 1-
#3495375 0! 0$ 0& 1(
#3495500 1# 1%
#3496250 0)
#3496375 0" 0# 0(
#3496500 1&
#3496750 0*
#3497750 1*
#3497875 1)
#3498125 0&
#3498250 1" 1# 1$ 1(
#3498375 0,
#3499000 0)
#3499250 1! 0" 0# 1& 0' 0(
#3499500 0+
#3500500 1+
#3500750 1)
#3501000 0! 0&
#3501125 1" 1,
#3501750 0-
#3501875 0)
#3502000 0" 0%
#3502125 1# 1& 1'
#3502375 0*
#3503375 1*
#3504000 1!
#3504250 0*
#3505250 1*
#3505750 0!
#3505875 1"
#3506125 0*
#3507125 1*
#3507750 1!
#3508000 0*
#3509000 1*
#3510125 1) 1-
#3510375 0! 0$ 0& 1(
#3510500 1%
#3511250 0)
#3511375 0" 0(
#3511500 1&
#3511750 0*
#3512750 1*
#3512875 1)
#3513250 1! 1" 1$ 1(
#3514000 0)
#3515750 1)
#3516000 0! 0# 0& 0' 0(
#3516750 0-
#3516875 0)
#3517000 0" 0$
#3517125 1& 1'
#3517375 0*
#3518375 1*
#3519000 1!
#3519250 0*
#3520250 1*
#3520750 0!
#3520875 1"
#3521125 0*
#3522125 1*
#3522750 1!
#3523000 0*
#3524000 1*
#3525125 1) 1-
#3525375 0! 0& 1(
#3525500 1#
#3526250 0)
#3526375 0" 0# 0(
#3526500 1$ 1&
#3526750 0*
#3527750 1*
#3527875 1)
#3528125 0&
#3528250 1" 1# 1( 0,
#3529000 0)
#3529250 0# 1& 0' 0(
#3529500 0+
#3530500 1+
#3530750 1)
#3531000 0&
#3531125 1,
#3531750 0-
#3531875 0)
#3532000 0" 0$
#3532125 1# 1& 1'
#3532375 0*
#3533375 1*
#3534000 1!
#3534250 0*
#3535250 1*
#3535750 0!
#3535875 1"
#3536125 0*
#3537125 1*
#3537750 1!
#3538000 0*
#3539000 1*
#3540125 1) 1-
#3540375 0! 0& 1(
#3541250 0)
#3541375 0" 0(
#3541500 1$ 1&
#3541750 0*
#3542750 1*
#3542875 1)
#3543125 0# 0%
#3543250 1! 1" 1(
#3544000 0)
#3544250 1# 1%
#3544500 0+
#3545500 1+
#3545750 1)
#3546000 0! 0# 0& 0' 0(
#3546750 0-
#3546875 0)
#3547000 0"
#3547125 1& 1'
#3547375 0*
#3548375 1*
#3549000 1!
#3549250 0*
#3550250 1*
#3550750 0!
#3550875 1"
#3551125 0*
#3552125 1*
#3552750 1!
#3553000 0*
#3554000 1*
#3555125 1) 1-
#3555375 1(
#3555500 1#
#3556250 0)
#3556750 0+
#3557750 1+
#3557875 1)
#3558125 0!
#3558250 0&
#3558375 0,
#3559000 0)
#3559250 1! 0# 1& 0' 0(
#3559500 0+
#3560500 1+
#3560750 1)
#3561000 0! 0&
#3561125 1,
#3561750 0-
#3561875 0)
#3562000 0"
#3562125 1# 1& 1'
#3562375 0*
#3563375 1*
#3564000 1!
#3564250 0*
#3565250 1*
#3565750 0!
#3565875 1"
#3566125 0*
#3566375 00
#3567125 1*
#3567750 1!
#3568000 0*
#3569000 1*
#3570125 1) 1-
#3570375 0! 0$ 0& 1(
#3571250 0)
#3571375 0" 0# 0(
#3571750 0*
#3572750 1*
#3573250 10
#3573375 1!
#3573625 0*
#3574625 1*
#3575125 0!
#3575250 1"
#3575500 0*
#3576250 1)
#3576500 1*
#3576625 1# 1(
#3577375 0)
#3577500 0" 0(
#3577875 0*
#3578875 1*
#3579500 1!
#3579750 0*
#3580750 1*
#3581250 0!
#3581375 1"
#3581625 0*
#3582375 1)
#3582625 1$ 1( 1*
#3582750 0,
#3583375 0)
#3583625 0" 0' 0(
#3583750 1&
#3583875 0+
#3585000 1+
#3585125 1)
#3585375 0# 0&
#3585500 1" 1' 1( 1,
#3586250 0)
#3586500 0" 1# 0$ 0% 0'
#3586750 0*
#3587750 1*
#3588375 1%
#3588625 0*
#3589625 1*
#3589875 1)
#3590125 1! 1'
#3591000 0)
#3591125 0! 0% 0(
#3591375 0*
#3592500 1*
#3592625 1)
#3592875 0#
#3593000 1" 1$ 1% 1(
#3593750 0)
#3594000 0" 1# 0$ 0% 1& 0'
#3594250 0*
#3595250 1*
#3595875 1%
#3596125 0*
#3597125 1*
#3597375 1)
#3597625 1! 0& 1'
#3598500 0)
#3598625 0! 0(
#3598875 0*
#3600000 1*
#3600125 1)
#3600500 1" 1(
#3601250 0)
#3601500 0" 0# 1$ 0(
#3601750 0*
#3602750 1*
#3603375 1!
#3603625 0*
#3604625 1*
#3605250 0! 1"
#3605500 0*
#3606250 1)
#3606500 0$ 1*
#3606625 1# 1(
#3607375 0)
#3607500 0(
#3607625 0" 1$
#3607875 0*
#3608875 1*
#3609500 1!
#3609750 0*
#3610750 1*
#3611250 0!
#3611375 1"
#3611625 0*
#3612875 1)
#3613125 1*
#3613500 0" 0# 0%
#3614375 0)
#3614625 1! 1& 1(
#3614875 0+
#3615875 1+
#3616625 1)
#3616875 0! 1% 0&
#3617000 1"
#3617750 0)
#3618375 0" 0$ 0%
#3618500 1#
#3618625 0*
#3619625 1*
#3620250 1%
#3620500 0*
#3621500 1*
#3621750 1)
#3622125 1!
#3622875 0)
#3623000 0!
#3623125 0% 1& 0(
#3623375 0*
#3624375 1*
#3624625 1)
#3624750 0&
#3624875 1" 0# 1$ 1% 1(
#3625625 0)
#3625875 0" 0$ 0% 1&
#3626000 1#
#3626125 0*
#3627125 1*
#3627875 1%
#3628000 0*
#3629000 1*
#3629250 1)
#3629500 0&
#3629625 1!
#3630375 0)
#3630500 0!
#3630625 1& 0(
#3630875 0*
#3631875 1*
#3632125 1)
#3632375 1" 0& 1(
#3633125 0)
#3633375 0" 0# 0% 0' 0(
#3633625 0*
#3634750 1*
#3635375 1!
#3635500 0*
#3636625 1*
#3637125 0!
#3637250 1"
#3637375 0*
#3638250 1)
#3638375 1*
#3638500 1# 1% 1' 1(
#3639250 0)
#3639500 0" 0# 0% 0' 0(
#3639750 0*
#3640750 1*
#3641375 1!
#3641625 0*
#3642625 1*
#3643250 0!
#3643375 1"
#3643500 0*
#3644250 1)
#3644500 1*
#3644625 1# 1$ 1% 1' 1(
#3644750 0,
#3645375 0)
#3645625 1! 0" 1& 0' 0(
#3645875 0+
#3646875 1+
#3647125 1)
#3647375 0! 0# 0& 1' 1(
#3647500 1,
#3648250 0)
#3648375 0$ 0% 0' 0(
#3648500 1#
#3648750 0*
#3649750 1*
#3650375 1%
#3650625 0*
#3651625 1*
#3651750 1)
#3652125 1' 1(
#3652875 0)
#3653125 0% 0' 0(
#3653375 0*
#3654375 1*
#3654625 1)
#3654875 0# 1' 1(
#3655000 1$ 1%
#3655750 0)
#3655875 0$ 0% 0' 0(
#3656000 1#
#3656250 0*
#3657250 1*
#3657875 1%
#3658125 0*
#3659125 1*
#3659250 1)
#3659625 1' 1(
#3660375 0)
#3660625 0% 0' 0(
#3660875 0*
#3661875 1*
#3662125 1)
#3662500 1" 1% 1' 1(
#3663250 0)
#3663375 0" 0% 0' 0(
#3663500 0#
#3663750 0*
#3664750 1*
#3665375 1!
#3665625 0*
#3666625 1*
#3667125 0!
#3667250 1"
#3667500 0*
#3668250 1)
#3668500 1*
#3668625 1# 1% 1' 1(
#3669375 0)
#3669500 0" 0# 0% 0' 0(
#3669750 00
#3669875 0*
#3670875 1*
#3671500 1!
#3671750 0*
#3672750 1*
#3673250 0!
#3673375 1"
#3673625 0*
#3674375 1)
#3674625 1# 1$ 1% 1' 1( 1*
#3674750 0,
#3675375 0)
#3675625 0' 0(
#3675750 1&
#3676000 0+
#3676750 10
#3677000 1+
#3677125 1)
#3677375 0" 0# 0&
#3677500 1' 1( 1,
#3678250 0)
#3678375 0(
#3678500 1# 0$ 0% 0'
#3678750 0*
#3679750 1*
#3680375 1%
#3680625 0*
#3681625 1*
#3681875 1)
#3682125 1' 1(
#3683000 0)
#3683125 0% 0' 0(
#3683375 0*
#3684500 1*
#3684625 1)
#3684875 0#
#3685000 1$ 1% 1' 1(
#3685750 0)
#3686000 1# 0$ 0% 0' 0(
#3686250 0*
#3687250 1*
#3687875 1%
#3688125 0*
#3689125 1*
#3689375 1)
#3689625 1' 1(
#3690500 0)
#3690625 0% 0' 0(
#3691000 0*
#3692000 1*
#3692125 1)
#3707375 0#
#3707500 1$ 1'
#3708250 0)
#3708500 1(
#3708625 1" 1&
#3708750 0+
#3709750 1+
#3710000 1)
#3711125 0&
#3711250 1# 1%
#3711375 0,
#3712000 0)
#3712250 1! 1& 0' 0(
#3712500 0+
#3713625 1+
#3713750 1)
#3716750 0!
#3716875 0$ 0& 1' 1(
#3717000 1,
#3717625 0)
#3717875 0" 0# 0% 0' 0(
#3718125 0*
#3719125 1*
#3719375 1)
#3719750 1! 1" 1# 1$ 1% 1& 1' 1(
#3720500 0)
#3722250 1)
#3723250 0)
#3723875 0+
#3724875 1+
#3725750 0+
#3726750 1+
#3727625 0+
#3728625 1+
#3729500 0+
#3730500 1+
#3731625 1)
#3731875 0! 0$ 0&
#3732625 0)
#3732875 0" 0% 0' 0(
#3733125 0*
#3734250 1*
#3734375 1)
#3734750 1" 1$ 1% 1' 1( 0,
#3735500 0)
#3735750 0" 0# 0$ 0% 0(
#3736000 0+
#3737000 1+
#3737250 1)
#3737500 1" 1$ 1% 0'
#3737625 1,
#3738250 0) 0-
#3738500 0" 0$ 0%
#3738625 1(
#3738750 0*
#3739875 1*
#3740500 1!
#3740625 0*
#3741750 1*
#3742250 0!
#3742375 1"
#3742500 0*
#3743625 1*
#3744250 1!
#3744375 0*
#3745500 1*
#3746625 1) 1-
#3746875 0! 1# 1% 1'
#3747750 0)
#3747875 0" 0# 0% 0' 0(
#3748000 1$
#3748125 0*
#3749250 1*
#3749375 1)
#3749750 1! 1" 1# 1% 1& 1' 1(
#3750500 0)
#3752250 1)
#3752500 0! 0# 0& 0' 0(
#3753250 0) 0-
#3753500 0" 0$ 0%
#3753625 1# 1(
#3753750 0*
#3754875 1*
#3755500 1!
#3755625 0*
#3756750 1*
#3757250 0!
#3757375 1"
#3757500 0*
#3758625 1*
#3759250 1!
#3759375 0*
#3760500 1*
#3761625 1) 1-
#3761875 0! 1% 1'
#3762750 0)
#3762875 0" 0% 0' 0(
#3763000 1$
#3763125 0*
#3764250 1*
#3764375 1)
#3764750 1& 1' 1(
#3765500 0)
#3765750 1! 1" 1%
#3766000 0*
#3767000 1*
#3767250 1)
#3767500 0! 0# 0& 0' 0(
#3768250 0) 0-
#3768500 0" 0%
#3768625 1(
#3768750 0*
#3769875 1*
#3770500 1!
#3770625 0*
#3771750 1*
#3772250 0!
#3772375 1"
#3772500 0*
#3773125 00
#3773625 1*
#3774250 1!
#3774375 0*
#3775500 1*
#3776625 1) 1-
#3776875 0! 1# 0$ 1% 1'
#3777750 0)
#3777875 0" 0# 0' 0(
#3778125 0*
#3779250 1*
#3779375 1)
#3779750 1" 1# 1$ 1' 1( 0,
#3780125 10
#3780500 0)
#3780750 1! 0" 0# 0$ 0% 0(
#3781000 0+
#3782000 1+
#3782250 1)
#3782500 0! 1" 1$ 1% 0'
#3782625 1,
#3783250 0) 0-
#3783500 0" 0%
#3783625 1# 1(
#3783750 0*
#3784750 1*
#3785500 1!
#3785625 0*
#3786750 1*
#3787250 0!
#3787375 1"
#3787500 0*
#3788625 1*
#3789125 1!
#3789375 0*
#3790375 1*
#3791625 1) 1-
#3791875 0! 0$ 1% 1'
#3792625 0)
#3792875 0" 0' 0(
#3793125 0*
#3794125 1*
#3794375 1)
#3794625 0# 0%
#3794750 1$ 1'
#3795500 0)
#3795750 1! 1" 1& 1(
#3796000 0+
#3797000 1+
#3797250 1)
#3797500 0! 1% 0& 0' 0(
#3798250 0) 0-
#3798500 0" 0$ 1(
#3798750 0*
#3799750 1*
#3800375 1!
#3800625 0*
#3801625 1*
#3802250 0!
#3802375 1"
#3802500 0*
#3803500 1*
#3804125 1!
#3804375 0*
#3805375 1*
#3806625 1) 1-
#3806750 0!
#3806875 1# 1'
#3807625 0)
#3807875 0" 0# 0' 0(
#3808000 1$
#3808125 0*
#3809125 1*
#3809375 1)
#3809750 1" 1# 1' 1( 0,
#3810500 0)
#3810625 0# 0(
#3810750 0$ 0%
#3811000 0+
#3812000 1+
#3812125 1)
#3812375 0'
#3812500 1$ 1%
#3812625 1,
#3813250 0) 0-
#3813500 0" 0$ 1(
#3813625 1#
#3813750 0*
#3814750 1*
#3815375 1!
#3815625 0*
#3816625 1*
#3817250 0! 1"
#3817500 0*
#3818500 1*
#3819125 1!
#3819375 0*
#3820375 1*
#3821500 1)
#3821625 1-
#3821750 0!
#3821875 1'
#3822625 0)
#3822875 0" 1$ 0' 0(
#3823125 0*
#3824125 1*
#3824375 1)
#3824625 0% 1' 1(
#3824750 1! 1&
#3825500 0)
#3825750 1" 1%
#3826000 0+
#3827000 1+
#3827125 1)
#3827500 0! 0# 0& 0' 0(
#3828250 0) 0-
#3828500 0" 1(
#3828750 0*
#3829750 1*
#3830375 1!
#3830625 0*
#3831625 1*
#3832250 0! 1"
#3832500 0*
#3833500 1*
#3834125 1!
#3834375 0*
#3835375 1*
#3836500 1)
#3836625 1-
#3836750 0! 0$
#3836875 1# 1'
#3837625 0)
#3837875 0" 0# 0% 1& 0' 0(
#3838125 0*
#3839125 1*
#3839375 1)
#3839625 0& 1' 1(
#3839750 1" 1# 1$ 1% 0,
#3840500 0)
#3840625 0# 0$ 0% 0(
#3840750 1!
#3841000 0+
#3842000 1+
#3842125 1)
#3842375 0! 0'
#3842500 1$ 1%
#3842625 1,
#3843250 0) 0-
#3843500 0" 1# 1(
#3843750 0*
#3844750 1*
#3845375 1!
#3845625 0*
#3846625 1*
#3847125 0!
#3847250 1"
#3847500 0*
#3848500 1*
#3849125 1!
#3849375 0*
#3850375 1*
#3851500 1)
#3851625 1-
#3851750 0! 0$
#3851875 1'
#3852625 0)
#3852875 0" 0% 1& 0' 0(
#3853125 0*
#3854125 1*
#3854375 1)
#3854625 1! 1" 1$ 1% 1' 1(
#3855375 0)
#3857125 1)
#3857375 0! 0# 0& 0' 0(
#3858250 0) 0-
#3858500 0" 0$ 0% 1& 1(
#3858750 0*
#3859750 1*
#3860375 1!
#3860625 0*
#3861625 1*
#3862125 0!
#3862250 1"
#3862500 0*
#3863500 1*
#3864125 1!
#3864375 0*
#3865375 1*
#3866500 1) 1-
#3866750 0! 0&
#3866875 1# 1% 1'
#3867625 0)
#3867750 0# 0'
#3867875 0" 1$ 0% 1& 0(
#3868125 0*
#3869125 1*
#3869375 1)
#3869500 0&
#3869625 1" 1# 1% 1' 1(
#3869750 0,
#3870375 0)
#3870625 0" 0$ 0% 0(
#3870875 0+
#3871875 1+
#3872125 1)
#3872375 0# 0'
#3872500 1" 1$ 1% 1,
#3873250 0) 0-
#3873375 0" 0$ 0%
#3873500 1# 1& 1(
#3873750 0*
#3874750 1*
#3875375 1!
#3875625 0*
#3876500 00
#3876625 1*
#3877125 0!
#3877250 1"
#3877500 0*
#3878500 1*
#3879125 1!
#3879375 0*
#3880375 1*
#3881500 1) 1-
#3881750 0! 0& 1'
#3881875 1%
#3882625 0)
#3882750 0" 0% 0' 0(
#3882875 1$ 1&
#3883125 0*
#3883500 10
#3884125 1*
#3884250 1)
#3884625 1" 1' 1(
#3885375 0)
#3885625 1! 1%
#3885875 0*
#3886875 1*
#3887125 1)
#3887375 0! 0# 0& 0' 0(
#3888125 0-
#3888250 0)
#3888375 0" 0%
#3888500 1& 1(
#3888750 0*
#3889750 1*
#3890375 1!
#3890625 0*
#3891625 1*
#3892125 0!
#3892250 1"
#3892500 0*
#3893500 1*
#3894125 1!
#3894375 0*
#3895375 1*
#3896500 1) 1-
#3896750 0! 0$ 0& 1'
#3896875 1# 1%
#3897625 0)
#3897750 0" 0# 0' 0(
#3897875 1&
#3898125 0*
#3899125 1*
#3899250 1)
#3899500 0% 0&
#3899625 1$ 1'
#3900375 0)
#3900625 1# 1& 1(
#3900875 0+
#3901875 1+
#3902125 1)
#3902375 1" 0# 1% 0& 0' 0(
#3903125 0-
#3903250 0)
#3903375 0" 0%
#3903500 1# 1& 1(
#3903750 0*
#3904750 1*
#3905375 1!
#3905625 0*
#3906625 1*
#3907125 0!
#3907250 1"
#3907500 0*
#3908500 1*
#3909125 1!
#3909375 0*
#3910375 1*
#3911500 1) 1-
#3911750 0! 0$ 1% 0& 1'
#3912625 0)
#3912750 0" 0' 0(
#3912875 1&
#3913000 0*
#3914125 1*
#3914250 1)
#3914500 0&
#3914625 1" 1$ 1' 1( 0,
#3915375 0)
#3915625 1! 0" 0$ 0% 0(
#3915875 0+
#3916875 1+
#3917125 1)
#3917375 0! 1" 0# 1$ 1% 0'
#3917500 1,
#3918125 0-
#3918250 0)
#3918375 0" 0$
#3918500 1& 1(
#3918750 0*
#3919750 1*
#3920375 1!
#3920500 0*
#3921625 1*
#3922125 0!
#3922250 1"
#3922375 0*
#3923500 1*
#3924125 1!
#3924250 0*
#3925375 1*
#3926500 1) 1-
#3926750 0! 1# 0& 1'
#3927625 0)
#3927750 0" 0# 0' 0(
#3927875 1$ 1&
#3928000 0*
#3929125 1*
#3929250 1)
#3929625 1! 1" 1# 1' 1(
#3930375 0)
#3932125 1)
#3932375 0! 0# 0& 0' 0(
#3933125 0) 0-
#3933375 0" 0$
#3933500 1# 1& 1(
#3933625 0*
#3934750 1*
#3935375 1!
#3935500 0*
#3936625 1*
#3937125 0!
#3937250 1"
#3937375 0*
#3938500 1*
#3939000 1!
#3939250 0*
#3940375 1*
#3941500 1) 1-
#3941750 0! 0& 1'
#3942500 0)
#3942750 0" 0' 0(
#3942875 1$ 1&
#3943000 0*
#3944125 1*
#3944250 1)
#3944500 0%
#3944625 1! 1" 1' 1(
#3945375 0)
#3945625 1%
#3945875 0+
#3946875 1+
#3947125 1)
#3947375 0! 0# 0& 0' 0(
#3948125 0) 0-
#3948375 0"
#3948500 1& 1(
#3948625 0*
#3949750 1*
#3950375 1!
#3950500 0*
#3951625 1*
#3952125 0!
#3952250 1"
#3952375 0*
#3953500 1*
#3954000 1!
#3954250 0*
#3955375 1*
#3956500 1) 1-
#3956750 0! 1# 0$ 0& 1'
#3957500 0)
#3957750 0" 0# 0% 0(
#3958000 0*
#3959125 1*
#3959250 1)
#3959625 1" 1# 1$ 1% 1( 0,
#3960375 0)
#3960625 0$ 0% 0(
#3960875 0+
#3961875 1+
#3962125 1)
#3962375 0# 1$ 1% 0'
#3962500 1,
#3963125 0) 0-
#3963375 0"
#3963500 1# 1& 1(
#3963625 0*
#3964750 1*
#3965375 1!
#3965500 0*
#3966625 1*
#3967125 0!
#3967250 1"
#3967375 0*
#3968500 1*
#3969000 1!
#3969250 0*
#3970375 1*
#3971500 1) 1-
#3971750 0! 0$ 0& 1'
#3972500 0)
#3972750 0" 0% 0(
#3973000 0*
#3974125 1*
#3974250 1)
#3974625 1! 1" 1$ 1% 1& 1(
#3975375 0)
#3977125 1)
#3977375 0! 0# 0& 0' 0(
#3978125 0) 0-
#3978375 0" 0$ 0%
#3978500 1' 1(
#3978625 0*
#3979750 1*
#3980000 00
#3980375 1!
#3980500 0*
#3981625 1*
#3982125 0!
#3982250 1"
#3982375 0*
#3983500 1*
#3984125 1!
#3984375 0*
#3985375 1*
#3986500 1) 1-
#3986750 0! 1# 1%
#3986875 10
#3987625 0)
#3987750 0" 0# 0% 0(
#3987875 1$
#3988000 0*
#3989125 1*
#3989250 1)
#3989625 1" 1# 1% 1( 0,
#3990375 0)
#3990625 1! 0$ 0% 0(
#3990875 0+
#3991875 1+
#3992125 1)
#3992375 0! 0# 1$ 1% 0'
#3992500 1,
#3993125 0-
#3993250 0)
#3993375 0" 0$ 0%
#3993500 1# 1' 1(
#3993750 0*
#3994750 1*
#3995375 1!
#3995625 0*
#3996625 1*
#3997125 0!
#3997250 1"
#3997500 0*
#3998500 1*
#3999125 1!
#3999375 0*
#4000375 1*
#4001500 1) 1-
#4001750 0! 1%
#4002625 0)
#4002750 0" 0% 0(
#4002875 1$
#4003125 0*
#4004125 1*
#4004250 1)
#4004500 0# 0$
#4004625 1% 1& 1(
#4005375 0)
#4005625 1! 1" 1# 1$
#4005875 0*
#4006875 1*
#4007125 1)
#4007375 0! 0# 0& 0' 0(
#4008125 0-
#4008250 0)
#4008375 0" 0%
#4008500 1' 1(
#4008750 0*
#4009750 1*
#4010375 1!
#4010625 0*
#4011625 1*
#4012125 0!
#4012250 1"
#4012500 0*
#4013500 1*
#4014125 1!
#4014375 0*
#4015375 1*
#4016500 1) 1-
#4016750 0! 0$
#4016875 1# 1%
#4017625 0)
#4017750 0" 0# 0(
#4018125 0*
#4019125 1*
#4019375 1)
#4019500 0%
#4019625 1$
#4020375 0)
#4020625 1(
#4020750 1! 1# 1&
#4020875 0+
#4021875 1+
#4022125 1)
#4022375 0! 0# 0& 0' 0(
#4022500 1" 1%
#4023250 0) 0-
#4023375 0" 0%
#4023500 1# 1' 1(
#4023750 0*
#4024750 1*
#4025375 1!
#4025625 0*
#4026625 1*
#4027125 0!
#4027250 1"
#4027500 0*
#4028500 1*
#4029125 1!
#4029375 0*
#4030375 1*
#4031500 1)
#4031625 1-
#4031750 0! 0$
#4031875 1%
#4032625 0)
#4032875 0" 0(
#4033125 0*
#4034125 1*
#4034375 1)
#4034625 1" 1$ 1(
#4034750 0,
#4035375 0)
#4035625 0" 0# 0% 0(
#4036000 0+
#4037000 1+
#4037125 1)
#4037375 0'
#4037500 1" 1% 1,
#4038250 0) 0-
#4038375 0"
#4038500 0$ 1' 1(
#4038750 0*
#4039750 1*
#4040375 1!
#4040625 0*
#4041625 1*
#4042125 0!
#4042250 1"
#4042500 0*
#4043500 1*
#4044125 1!
#4044375 0*
#4045375 1*
#4046500 1)
#4046625 1-
#4046750 0!
#4046875 1#
#4047625 0)
#4047875 0" 0# 1$ 0(
#4048125 0*
#4049125 1*
#4049375 1)
#4049625 1! 1(
#4049750 1" 1# 1&
#4050500 0)
#4052125 1)
#4052375 0&
#4052500 0! 0# 0' 0(
#4053250 0) 0-
#4053500 0" 1# 0$ 1' 1(
#4053750 0*
#4054750 1*
#4055375 1!
#4055625 0*
#4056625 1*
#4057250 0! 1"
#4057500 0*
#4058500 1*
#4059125 1!
#4059375 0*
#4060375 1*
#4061500 1)
#4061625 1-
#4061750 0!
#4062625 0)
#4062875 0" 1$ 0(
#4063125 0*
#4064125 1*
#4064375 1)
#4064625 0# 0$ 1(
#4064750 1! 1&
#4065500 0)
#4065750 1" 1# 1$
#4066000 0+
#4067000 1+
#4067125 1)
#4067500 0! 0# 0& 0' 0(
#4068250 0) 0-
#4068500 0" 1' 1(
#4068750 0*
#4069750 1*
#4070375 1!
#4070625 0*
#4071625 1*
#4072250 0!
#4072375 1"
#4072500 0*
#4073500 1*
#4074125 1!
#4074375 0*
#4075375 1*
#4076625 1) 1-
#4076875 0! 1# 0$
#4077625 0)
#4077875 0" 0# 0% 0(
#4078000 1&
#4078125 0*
#4079125 1*
#4079375 1)
#4079625 0&
#4079750 1" 1# 1$ 1% 1( 0,
#4080500 0)
#4080750 1! 0" 0# 0% 0(
#4081000 0+
#4082000 1+
#4082250 1)
#4082500 0! 1" 1% 0'
#4082625 1,
#4083250 0) 0-
#4083375 00
#4083500 0"
#4083625 1# 1' 1(
#4083875 0*
#4084875 1*
#4085500 1!
#4085625 0*
#4086750 1*
#4087250 0!
#4087375 1"
#4087500 0*
#4088625 1*
#4089250 1!
#4089500 0*
#4090375 10
#4090500 1*
#4091625 1) 1-
#4091875 0! 0$
#4092750 0)
#4092875 0" 0% 0(
#4093000 1&
#4093250 0*
#4094250 1*
#4094375 1)
#4094750 1! 1" 1$ 1% 1(
#4095500 0)
