$date Mon Sep  7 13:42:15 2026 $end
$version libsigrok 0.5.2 $end
$comment
  Acquisition with 16/16 channels at 80 MHz
$end
$timescale 100 ps $end
$scope module libsigrok $end
$var wire 1 ! A0 $end
$var wire 1 " A1 $end
$var wire 1 # A2 $end
$var wire 1 $ A3 $end
$var wire 1 % A4 $end
$var wire 1 & A5 $end
$var wire 1 ' A6 $end
$var wire 1 ( A7 $end
$var wire 1 ) RAS $end
$var wire 1 * CAS0 $end
$var wire 1 + CAS1 $end
$var wire 1 , R/W $end
$var wire 1 - VDS $end
$var wire 1 . IRQ $end
$var wire 1 / CSW $end
$var wire 1 0 CSR $end
$upscope $end
$enddefinitions $end
#0 1! 0" 1# 0$ 1% 0& 0' 0( 0) 0* 1+ 1, 1- 0. 1/ 10
#125 0# 0% 1& 1' 1* 0- 0/
#250 1" 1# 1$ 1% 1( 1- 1/
#1625 1)
#1875 0' 0(
#2625 0-
#2750 0)
#2875 0! 0" 0$ 0% 0& 1(
#3000 1'
#3125 0*
#4250 1*
#4875 1!
#5000 0*
#6125 1*
#6625 0!
#6750 1"
#6875 0*
#8000 1*
#8625 1!
#8875 0*
#9875 1*
#11000 1) 1-
#11250 0! 1%
#12125 0)
#12250 0" 0% 0(
#12375 1$
#12500 0*
#13625 1*
#13750 1)
#14000 0$ 0'
#14875 0)
#15125 1! 1" 1$ 1% 1&
#15375 0*
#16375 1*
#16625 1)
#17625 0-
#17750 0)
#17875 0! 0" 0# 0% 0& 1(
#18000 1'
#18125 0*
#19250 1*
#19875 1!
#20000 0*
#21125 1*
#21625 0!
#21750 1"
#21875 0*
#23000 1*
#23625 1!
#23750 0*
#24875 1*
#26000 1) 1-
#26250 0! 1# 0$ 1%
#27125 0)
#27250 0" 0# 0(
#27500 0*
#28625 1*
#28750 1)
#29125 1! 1" 1# 1$ 1& 1(
#29875 0)
#31625 1)
#31875 0' 0(
#32625 0) 0-
#32875 0! 0" 0% 0& 1(
#33000 1'
#33125 0*
#34250 1*
#34875 1!
#35000 0*
#36125 1*
#36625 0!
#36750 1"
#36875 0*
#38000 1*
#38625 1!
#38750 0*
#39875 1*
#41000 1) 1-
#41250 0! 0$ 1%
#42125 0)
#42250 0" 0(
#42500 0*
#43625 1*
#43750 1)
#44125 1! 1" 1$ 1& 1(
#44875 0)
#46625 1)
#46875 0' 0(
#47625 0-
#47750 0)
#47875 0! 0" 0# 0$ 0& 1(
#48000 1'
#48125 0*
#49250 1*
#49875 1!
#50125 0*
#51125 1*
#51625 0!
#51750 1"
#52000 0*
#53000 1*
#53625 1!
#53875 0*
#54875 1*
#56000 1) 1-
#56250 0! 1#
#57125 0)
#57250 0" 0# 0(
#57375 1$
#57625 0*
#58625 1*
#58750 1)
#59125 1! 1" 1# 1& 1(
#59875 0)
#61625 1)
#61875 0' 0(
#62625 0-
#62750 0)
#62875 0! 0" 0$ 0&
#63000 1' 1(
#63250 0*
#64250 1*
#64875 1!
#65125 0*
#66125 1*
#66625 0!
#66750 1"
#67000 0*
#68000 1*
#68625 1!
#68875 0*
#69875 1*
#71000 1) 1-
#71250 0!
#72125 0)
#72250 0" 0(
#72375 1$
#72625 0*
#73625 1*
#73750 1)
#74000 0$ 0% 0'
#74125 1!
#74875 0)
#75125 1" 1$ 1% 1&
#75375 0+
#76375 1+
#76625 1)
#77625 0-
#77750 0)
#77875 0! 0" 0# 0&
#78000 1' 1(
#78250 0*
#79250 1*
#79875 1!
#80125 0*
#81125 1*
#81625 0!
#81750 1"
#82000 0*
#83000 1*
#83625 1!
#83875 0*
#84875 1*
#86000 1) 1-
#86250 0! 0$
#86375 1#
#87125 0)
#87250 0# 0(
#87375 0" 0% 1&
#87625 0*
#88625 1*
#88875 1)
#89125 1! 1" 1# 1$ 1% 1(
#89875 0)
#91625 1)
#91875 0' 0(
#92625 0-
#92750 0)
#92875 0! 0"
#93000 0& 1' 1(
#93250 0*
#94250 1*
#94875 1!
#95125 0*
#96125 1*
#96625 0!
#96750 1"
#97000 0*
#98000 1*
#98625 1!
#98875 0*
#99875 1*
#101000 1) 1-
#101250 0! 0$
#102125 0)
#102375 0" 0% 1& 0(
#102625 0*
#103625 1*
#103875 1)
#104125 1! 1" 1$ 1% 1(
#104875 0)
#106625 1)
#106875 0' 0(
#107750 0) 0-
#108000 0! 0" 0# 0$ 0% 1' 1(
#108250 0*
#109250 1*
#109875 1!
#110125 0*
#111125 1*
#111625 0!
#111750 1"
#112000 0*
#113000 1*
#113625 1!
#113875 0*
#114875 1*
#116000 1)
#116125 1-
#116250 0! 0&
#116375 1# 1%
#117125 0)
#117375 0" 0# 1$ 0% 1& 0(
#117625 0*
#118625 1*
#118875 1)
#119125 1! 1(
#119250 1" 1# 1%
#120000 0)
#121625 1)
#121875 0(
#122000 0'
#122750 0) 0-
#123000 0! 0" 0$ 0% 1' 1(
#123250 0*
#124250 1*
#124875 1!
#125125 0*
#126125 1*
#126750 0! 1"
#127000 0*
#128000 1*
#128625 1!
#128875 0*
#129875 1*
#131000 1)
#131125 1-
#131250 0!
#131375 1% 0&
#132125 0)
#132375 0" 1$ 0% 1& 0(
#132625 0*
#133625 1*
#133875 1)
#134125 0$ 0& 0'
#134250 1"
#135000 0)
#135250 1! 1$ 1% 1&
#135500 0*
#136500 1*
#136625 1)
#137750 0) 0-
#138000 0! 0" 0# 0% 1' 1(
#138250 0*
#139250 1*
#139875 1!
#140125 0*
#141125 1*
#141750 0!
#141875 1"
#142000 0*
#143000 1*
#143625 1!
#143875 0*
#144875 1*
#146125 1) 1-
#146375 0! 1# 0$ 1% 0&
#147125 0)
#147375 0" 0# 0(
#147500 1&
#147625 0*
#148625 1*
#148875 1)
#149250 1! 1" 1# 1$ 1(
#150000 0)
#151750 1)
#152000 0' 0(
#152750 0) 0-
#153000 0! 0" 0% 1(
#153125 1'
#153250 0*
#154375 1*
#155000 1!
#155125 0*
#156250 1*
#156750 0!
#156875 1"
#157000 0*
#158125 1*
#158750 1!
#158875 0*
#160000 1*
#161125 1) 1-
#161375 0! 0$ 1% 0&
#162250 0)
#162375 0" 0(
#162500 1&
#162750 0*
#163750 1*
#163875 1)
#164250 1! 1" 1$ 1(
#165000 0)
#166750 1)
#167000 0' 0(
#167750 0-
#167875 0)
#168000 0! 0" 0# 0$
#168125 1' 1(
#168375 0*
#169375 1*
#170000 1!
#170250 0*
#171250 1*
#171750 0!
#171875 1"
#172125 0*
#173125 1*
#173750 1!
#174000 0*
#175000 1*
#176125 1) 1-
#176375 0! 0&
#176500 1#
#177250 0)
#177375 0" 0# 0(
#177500 1$ 1&
#177750 0*
#178750 1*
#178875 1)
#179250 1! 1" 1# 1(
#180000 0)
#181750 1)
#182000 0' 0(
#182750 0-
#182875 0)
#183000 0! 0"
#183125 0$ 1' 1(
#183375 0*
#184375 1*
#185000 1!
#185250 0*
#186250 1*
#186750 0!
#186875 1"
#187125 0*
#188125 1*
#188750 1!
#189000 0*
#190000 1*
#191125 1) 1-
#191375 0! 0&
#192250 0)
#192375 0(
#192500 0" 1$ 1&
#192750 0*
#193750 1*
#194000 1)
#194250 1! 1" 0$ 0% 0& 0'
#195000 0)
#195375 1$ 1% 1&
#195625 0+
#196625 1+
#196750 1)
#197875 0) 0-
#198000 0!
#198125 0" 0# 1' 1(
#198375 0*
#199375 1*
#200000 1!
#200250 0*
#201250 1*
#201750 0!
#201875 1"
#202125 0*
#203125 1*
#203750 1!
#204000 0*
#205000 1*
#206125 1)
#206250 1-
#206500 1#
#207250 0)
#207750 0+
#208750 1+
#209000 1)
#210125 0)
#211750 1)
#212000 0' 0(
#212875 0) 0-
#213125 0! 0" 1' 1(
#213375 0*
#214375 1*
#215000 1!
#215250 0*
#216250 1*
#216875 0! 1"
#217125 0*
#218125 1*
#218750 1!
#219000 0*
#220000 1*
#221125 1)
#221250 1-
#221375 0!
#221500 0$ 0&
#222250 0)
#222500 0" 0# 0% 0' 0(
#222750 0*
#223750 1*
#224375 1!
#224625 0*
#225625 1*
#226250 0! 1"
#226500 0*
#227250 1)
#227500 1*
#227625 1# 1% 1' 1(
#228375 0)
#228625 0" 0# 0% 0' 0(
#228875 0*
#229875 1*
#230500 1!
#230750 0*
#231750 1*
#232250 0!
#232375 1"
#232625 0*
#233375 1)
#233625 1*
#233750 1! 1# 1$ 1% 1& 1' 1(
#234500 0)
#235750 0/
#236125 1)
#236375 0!
#236500 0" 0# 0&
#237250 0)
#237500 1! 1" 1# 0% 0' 0(
#237750 0*
#238750 1*
#239375 1%
#239625 0*
#240625 1*
#240875 1)
#241125 0! 0" 0$ 1(
#241250 1'
#242000 0)
#242125 0' 0(
#242250 1! 1" 1$ 0%
#242500 0*
#242750 1/
#243500 1*
#243625 1)
#243875 0! 0"
#244000 0# 1% 1' 1(
#244750 0)
#245000 1! 1" 1# 0% 0' 0(
#245250 0*
#246250 1*
#246875 1%
#247125 0*
#248125 1*
#248375 1)
#248625 0! 0" 0$ 1(
#248750 1'
#249500 0)
#249625 0' 0(
#249750 1! 1" 1$ 0%
#250000 0*
#251000 1*
#251250 1)
#251375 0!
#251500 0$ 1% 1' 1(
#252250 0)
#252500 0" 0# 0% 0' 0(
#252750 0*
#253750 1*
#254375 1!
#254625 0*
#255625 1*
#256250 0!
#256375 1"
#256500 0*
#257250 1)
#257500 1*
#257625 1# 1% 1' 1(
#258375 0)
#258625 0" 0# 0% 0' 0(
#258875 0*
#259875 1*
#260500 1!
#260750 0*
#261750 1*
#262250 0!
#262375 1"
#262625 0*
#263875 1)
#264125 1*
#264625 1! 1# 1$ 1% 1& 1' 1(
#265375 0)
#267625 1)
#267875 0! 0" 0# 0&
#268750 0)
#269375 1! 1" 1# 0% 0' 0(
#269625 0*
#270625 1*
#271375 1%
#271500 0*
#272500 1*
#272750 1)
#273000 0! 0" 0$
#273125 1' 1(
#273875 0)
#274000 0' 0(
#274125 1! 1" 1$ 0%
#274375 0*
#275375 1*
#275625 1)
#275750 0! 0"
#275875 0# 1% 1' 1(
#276625 0)
#276875 1! 1" 1# 0% 0' 0(
#277125 0*
#278125 1*
#278875 1%
#279000 0*
#280000 1*
#280250 1)
#280500 0! 0" 0$ 1(
#280625 1'
#281375 0)
#281500 0' 0(
#281625 1! 1" 1$ 0%
#281875 0*
#282875 1*
#283125 1)
#283250 0!
#283375 0$ 1% 1' 1(
#284125 0)
#284375 0" 0# 0% 0' 0(
#284625 0*
#285625 1*
#286250 1!
#286500 0*
#287500 1*
#288125 0!
#288250 1"
#288375 0*
#289125 1)
#289375 1*
#289500 1# 1% 1' 1(
#290250 0)
#290500 0" 0# 0% 0' 0(
#290750 0*
#291750 1*
#292375 1!
#292625 0*
#293625 1*
#294125 0!
#294250 1"
#294500 0*
#295250 1)
#295500 1*
#295625 1! 1# 1$ 1% 1& 1' 1(
#296375 0)
#298000 1)
#298375 0! 0" 0# 0&
#299125 0)
#299375 1! 1" 1# 0% 0' 0(
#299625 0*
#300125 0/
#300625 1*
#301250 1%
#301500 0*
#302500 1*
#302750 1)
#303000 0! 0" 0$ 1(
#303125 1'
#303875 0)
#304000 0% 0' 0(
#304125 1! 1" 1$
#304375 0*
#305375 1*
#305500 1)
#305750 0! 0" 0#
#305875 1% 1' 1(
#306625 0)
#306875 1! 1" 1# 0% 0' 0(
#307125 0* 1/
#308125 1*
#308750 1%
#309000 0*
#310000 1*
#310250 1)
#310500 0! 0" 0$ 1' 1(
#311375 0)
#311500 0% 0' 0(
#311625 1! 1" 1$
#311875 0*
#312875 1*
#313000 1)
#313250 0! 0$
#313375 1% 1' 1(
#314125 0)
#314375 0" 0# 0% 0' 0(
#314625 0*
#315625 1*
#316250 1!
#316500 0*
#317500 1*
#318125 0! 1"
#318375 0*
#319125 1)
#319375 1*
#319500 1# 1% 1' 1(
#320250 0)
#320375 0(
#320500 0" 0# 0% 0'
#320750 0*
#321750 1*
#322375 1!
#322625 0*
#323625 1*
#324125 0!
#324250 1"
#324500 0*
#325250 1)
#325500 1( 1*
#325625 1! 1# 1$ 1% 1& 1'
#326375 0)
#328000 1)
#328250 0! 0" 0# 0&
#329125 0)
#329375 1! 1" 1# 0% 0' 0(
#329625 0*
#330625 1*
#331250 1%
#331500 0*
#332500 1*
#332750 1)
#333000 0! 0" 0$ 1' 1(
#333875 0)
#334000 0% 0' 0(
#334125 1! 1" 1$
#334250 0*
#335375 1*
#335500 1)
#335750 0! 0" 0#
#335875 1% 1' 1(
#336625 0)
#336875 1! 1" 1# 0% 0' 0(
#337125 0*
#338125 1*
#338750 1%
#339000 0*
#340000 1*
#340250 1)
#340500 0! 0" 0$ 1' 1(
#341375 0)
#341500 0% 0' 0(
#341625 1! 1" 1$
#341750 0*
#342875 1*
#343000 1)
#358375 1% 1& 1' 1(
#359125 0)
#360875 1)
#362875 0)
#364375 0/
#364625 1)
#367625 0! 0$ 0&
#368500 0)
#368625 0(
#368750 0" 0# 0% 0'
#369000 0*
#370000 1*
#370250 1)
#370500 1! 1" 1# 1$ 1% 1& 1' 1(
#371250 0)
#371375 1/
#373000 1)
#374125 0)
#374625 0+
#375625 1+
#376500 0+
#377500 1+
#378375 0+
#379375 1+
#380250 0+
#381250 1+
#382375 1)
#382625 0! 0$ 0&
#383500 0)
#383625 0" 0% 0' 0(
#384000 0*
#385000 1*
#385125 1)
#385500 1! 1" 1$ 1% 1& 1' 1(
#386250 0)
#388000 1)
#388250 0! 0" 0# 0$ 0% 0& 0(
#389000 0-
#389125 0)
#389250 0'
#389625 0*
#390625 1*
#391250 1!
#391500 0*
#392500 1*
#393000 0!
#393125 1"
#393375 0*
#394375 1*
#395000 1!
#395250 0*
#396250 1*
#397375 1) 1-
#397625 0! 1' 1(
#397750 1# 1%
#398500 0)
#398625 0" 0# 0% 0' 0(
#398750 1$
#398875 0*
#400000 1*
#400125 1)
#400500 1! 1" 1# 1% 1& 1' 1(
#401250 0)
#403000 1)
#403250 0! 0" 0# 0$ 0% 0& 0(
#404000 0-
#404125 0)
#404250 0'
#404375 1#
#404500 0*
#405625 1*
#406250 1!
#406375 0*
#407500 1*
#408000 0!
#408125 1"
#408250 0*
#409375 1*
#410000 1!
#410125 0*
#411250 1*
#412375 1) 1-
#412625 0! 1% 1' 1(
#413500 0)
#413625 0" 0% 0' 0(
#413750 1$
#413875 0*
#415000 1*
#415125 1)
#415375 0#
#416250 0)
#416500 1! 1" 1# 1% 1&
#416750 0*
#417750 1*
#418000 1)
#418250 0! 0" 0# 0$ 0% 0& 1'
#419000 0) 0-
#419250 0'
#419375 1$
#419500 0*
#420625 1*
#421250 1!
#421375 0*
#422375 1*
#423000 0!
#423125 1"
#423250 0*
#424250 1*
#424875 1!
#425125 0*
#426125 1*
#427375 1) 1-
#427625 0! 1# 0$ 1% 1' 1(
#428375 0)
#428625 0" 0# 0' 0( 0/
#428875 0*
#429875 1*
#430125 1)
#430500 1! 1" 1# 1$ 1& 1' 1(
#431250 0)
#433000 1)
#433250 0! 0" 0# 0$ 0% 0& 0(
#434000 0) 0-
#434250 0'
#434375 1# 1$
#434500 0*
#435500 1*
#435625 1/
#436125 1!
#436375 0*
#437375 1*
#438000 0!
#438125 1"
#438250 0*
#439250 1*
#439875 1!
#440125 0*
#441125 1*
#442375 1) 1-
#442500 0!
#442625 0$ 1% 1' 1(
#443375 0)
#443625 0" 0' 0(
#443875 0*
#444875 1*
#445125 1)
#445500 1! 1" 1$ 1& 1' 1(
#446250 0)
#448000 1)
#448250 0! 0" 0# 0$ 0% 0& 0(
#449000 0) 0-
#449250 0'
#449375 1%
#449500 0*
#450500 1*
#451125 1!
#451375 0*
#452375 1*
#453000 0!
#453125 1"
#453250 0*
#454250 1*
#454875 1!
#455125 0*
#456125 1*
#457375 1) 1-
#457500 0!
#457625 1# 1' 1(
#458375 0)
#458625 0" 0# 0' 0(
#458750 1$
#458875 0*
#459875 1*
#460125 1)
#460500 1! 1" 1# 1& 1' 1(
#461250 0)
#463000 1)
#463250 0! 0" 0# 0$ 0% 0& 0(
#464000 0) 0-
#464250 0'
#464375 1# 1%
#464500 0*
#465500 1*
#466125 1!
#466375 0*
#467375 1*
#468000 0!
#468125 1"
#468250 0*
#469250 1*
#469875 1!
#470125 0*
#471125 1*
#472375 1) 1-
#472500 0!
#472625 1' 1(
#473375 0)
#473625 0" 1$ 0' 0(
#473875 0*
#474875 1*
#475125 1)
#475375 0# 0%
#475500 1!
#476250 0)
#476500 1" 1# 1% 1&
#476750 0+
#477750 1+
#478000 1)
#478250 0! 0" 0# 0$ 0% 0& 1'
#479000 0) 0-
#479250 0'
#479375 1$ 1%
#479500 0*
#480500 1*
#481125 1!
#481375 0*
#482375 1*
#483000 0!
#483125 1"
#483250 0*
#484250 1*
#484875 1!
#485125 0*
#486125 1*
#487375 1) 1-
#487500 0!
#487625 1# 0$ 1' 1(
#488375 0)
#488625 0" 0# 0% 0' 0(
#488750 1&
#488875 0*
#489875 1*
#490125 1)
#490500 1! 1" 1# 1$ 1% 1' 1(
#491250 0)
#492875 0/
#493000 1)
#493250 0! 0" 0# 0$ 0% 0& 0(
#494000 0) 0-
#494250 0'
#494375 1# 1$ 1%
#494500 0*
#495500 1*
#496125 1!
#496375 0*
#497375 1*
#498000 0!
#498125 1"
#498250 0*
#499250 1*
#499875 1! 1/
#500125 0*
#501125 1*
#502375 1) 1-
#502625 0! 0$ 1' 1(
#503375 0)
#503625 0" 0% 0' 0(
#503750 1&
#503875 0*
#505000 1*
#505125 1)
#505500 1! 1" 1$ 1% 1' 1(
#506250 0)
#508000 1)
#508250 0! 0" 0# 0$ 0% 0& 0(
#509000 0) 0-
#509250 0'
#509375 1&
#509500 0*
#510625 1*
#511250 1!
#511375 0*
#512500 1*
#513000 0!
#513125 1"
#513250 0*
#514375 1*
#515000 1!
#515125 0*
#516250 1*
#517375 1) 1-
#517625 0! 1# 1% 0& 1' 1(
#518500 0)
#518625 0" 0# 0% 0' 0(
#518750 1$ 1&
#518875 0*
#520000 1*
#520125 1)
#520500 1! 1" 1# 1% 1' 1(
#521250 0)
#523000 1)
#523250 0! 0" 0# 0$ 0% 0& 0(
#524000 0-
#524125 0)
#524250 0'
#524375 1# 1&
#524625 0*
#525625 1*
#526250 1!
#526500 0*
#527500 1*
#528000 0!
#528125 1"
#528375 0*
#529375 1*
#530000 1!
#530250 0*
#531250 1*
#532375 1) 1-
#532625 0! 0& 1' 1(
#532750 1%
#533500 0)
#533625 0" 0% 0' 0(
#533750 1$ 1&
#534000 0*
#535000 1*
#535125 1)
#535375 0# 0&
#535500 1"
#536250 0)
#536500 1! 1# 1% 1&
#536750 0*
#537750 1*
#538000 1)
#538250 0! 0" 0# 0$ 0% 0& 1'
#539000 0-
#539125 0)
#539250 0'
#539375 1$ 1&
#539625 0*
#540625 1*
#541250 1!
#541500 0*
#542500 1*
#543000 0!
#543125 1"
#543375 0*
#544375 1*
#545000 1!
#545250 0*
#546250 1*
#547375 1) 1-
#547625 0! 0$ 0& 1(
#547750 1# 1% 1'
#548500 0)
#548625 0# 0' 0(
#548750 0" 1&
#549000 0*
#550000 1*
#550250 1)
#550500 1! 1" 1# 1$ 1' 1(
#551250 0)
#553000 1)
#553250 0! 0" 0# 0$ 0% 0& 0(
#554125 0) 0-
#554250 0'
#554375 1# 1$ 1&
#554625 0*
#555625 1*
#556250 1!
#556500 0*
#557250 0/
#557500 1*
#558000 0!
#558125 1"
#558375 0*
#559375 1*
#560000 1!
#560250 0*
#561250 1*
#562375 1)
#562500 1-
#562625 0! 0$ 0&
#562750 1% 1' 1(
#563500 0)
#563625 0(
#563750 0" 1& 0'
#564000 0*
#564250 1/
#565000 1*
#565250 1)
#565500 1! 1" 1' 1(
#565625 1$
#566375 0)
#568000 1)
#568250 0# 0$
#568375 0! 0" 0% 0& 0(
#569125 0) 0-
#569375 1% 1& 0'
#569625 0*
#570625 1*
#571250 1!
#571500 0*
#572500 1*
#573125 0! 1"
#573375 0*
#574375 1*
#575000 1!
#575250 0*
#576250 1*
#577375 1)
#577500 1-
#577625 0! 0&
#577750 1# 1' 1(
#578500 0)
#578750 0" 0# 1$ 1& 0' 0(
#579000 0*
#580000 1*
#580250 1)
#580500 1(
#580625 1! 1" 1# 1'
#581375 0)
#583000 1)
#583375 0! 0" 0# 0$ 0% 0& 0(
#584125 0) 0-
#584375 1% 1& 0'
#584500 1#
#584625 0*
#585625 1*
#586250 1!
#586500 0*
#587500 1*
#588125 0! 1"
#588375 0*
#589375 1*
#590000 1!
#590250 0*
#591250 1*
#592500 1) 1-
#592625 0!
#592750 0& 1' 1(
#593500 0)
#593750 0" 1& 0' 0(
#593875 1$
#594000 0*
#595000 1*
#595250 1)
#595500 0# 0% 0&
#595625 1! 1"
#596375 0)
#596625 1# 1% 1&
#596875 0+
#597875 1+
#598125 1)
#598375 0! 0" 0# 0$ 0% 0& 1'
#599125 0) 0-
#599375 0'
#599500 1$ 1% 1&
#599625 0*
#600625 1*
#601250 1!
#601500 0*
#602625 1*
#603125 0!
#603250 1"
#603375 0*
#604500 1*
#605125 1!
#605250 0*
#606375 1*
#607500 1) 1-
#607750 0! 1# 0$ 0& 1' 1(
#608625 0)
#608750 0" 0# 0% 0(
#609000 0*
#610125 1*
#610250 1)
#610625 1! 1" 1# 1$ 1% 1& 1(
#611375 0)
#613125 1)
#613375 0! 0" 0# 0$ 0% 0& 0(
#614125 0-
#614250 0)
#614375 0'
#614500 1# 1$ 1% 1&
#614750 0*
#615750 1*
#616375 1!
#616625 0*
#617625 1*
#618125 0!
#618250 1"
#618500 0*
#619500 1*
#620125 1!
#620375 0*
#621375 1*
#621500 0/
#622500 1) 1-
#622750 0! 0$ 0& 1' 1(
#623625 0)
#623750 0" 0% 0(
#624125 0*
#625125 1*
#625250 1)
#625625 1! 1" 1$ 1% 1& 1(
#626375 0)
#628125 1)
#628375 0! 0" 0# 0$ 0% 0& 0(
#628500 1/
#629125 0-
#629250 0)
#629750 0*
#630750 1*
#631375 1!
#631625 0*
#632625 1*
#633125 0!
#633250 1"
#633500 0*
#634500 1*
#635125 1!
#635375 0*
#636375 1*
#637500 1) 1-
#637750 0! 1(
#637875 1# 1%
#638625 0)
#638750 0# 0(
#638875 0" 1$ 0%
#639125 0*
#640125 1*
#640375 1)
#640625 1! 1" 1# 1% 1& 1(
#641375 0)
#643125 1)
#643375 0! 0" 0# 0$ 0% 0& 0(
#644250 0) 0-
#644500 1#
#644750 0*
#645750 1*
#646375 1!
#646625 0*
#647625 1*
#648125 0!
#648250 1"
#648500 0*
#649500 1*
#650125 1!
#650375 0*
#651375 1*
#652500 1)
#652625 1-
#652750 0!
#652875 1% 1(
#653625 0)
#653750 0(
#653875 0" 1$ 0%
#654125 0*
#655125 1*
#655375 1)
#655625 0'
#656375 0)
#656750 1! 1" 1% 1&
#656875 0*
#658000 1*
#658125 1)
#658375 0! 0" 0# 0$ 0% 0&
#658500 1'
#659250 0) 0-
#659500 1$
#659750 0*
#660750 1*
#661375 1!
#661625 0*
#662625 1*
#663125 0!
#663250 1"
#663500 0*
#664500 1*
#665125 1!
#665375 0*
#666375 1*
#667500 1)
#667625 1-
#667750 0! 0$
#667875 1# 1% 1(
#668625 0)
#668875 0" 0# 0(
#669125 0*
#670125 1*
#670375 1)
#670625 1! 1(
#670750 1" 1# 1$ 1&
#671500 0)
#673125 1)
#673375 0#
#673500 0! 0" 0$ 0% 0& 0(
#674250 0) 0-
#674500 1# 1$
#674750 0*
#675750 1*
#676375 1!
#676625 0*
#677625 1*
#678250 0! 1"
#678500 0*
#679500 1*
#680125 1!
#680375 0*
#681375 1*
#682500 1)
#682625 1-
#682750 0! 0$
#682875 1% 1(
#683625 0)
#683875 0" 0(
#684125 0*
#685125 1*
#685375 1)
#685625 1(
#685750 1! 1" 1$ 1& 0/
#686500 0)
#688125 1)
#688500 0! 0" 0# 0$ 0% 0& 0(
#689250 0) 0-
#689500 1%
#689750 0*
#690750 1*
#691375 1!
#691625 0*
#692625 1*
#692750 1/
#693250 0! 1"
#693500 0*
#694500 1*
#695125 1!
#695375 0*
#696375 1*
#697500 1)
#697625 1-
#697750 0!
#697875 1# 1(
#698625 0)
#698875 0" 0# 1$ 0(
#699125 0*
#700125 1*
#700375 1)
#700625 1(
#700750 1! 1" 1# 1&
#701500 0)
#703125 1)
#703500 0! 0" 0# 0$ 0% 0& 0(
#704250 0) 0-
#704500 1# 1%
#704750 0*
#705750 1*
#706375 1!
#706625 0*
#707625 1*
#708250 0! 1"
#708500 0*
#709500 1*
#710125 1!
#710375 0*
#711375 1*
#712500 1)
#712625 1-
#712750 0!
#712875 1(
#713625 0)
#713875 0" 1$ 0(
#714125 0*
#715125 1*
#715375 1)
#715625 1! 0% 0'
#716500 0)
#716750 1" 1% 1&
#717000 0+
#718000 1+
#718125 1)
#718375 0! 0" 0% 0&
#718500 0# 0$ 1'
#719250 0) 0-
#719500 1$ 1%
#719750 0*
#720750 1*
#721375 1!
#721625 0*
#722625 1*
#723250 0! 1"
#723500 0*
#724500 1*
#725125 1!
#725375 0*
#726375 1*
#727500 1)
#727625 1-
#727750 0! 0$
#727875 1# 1(
#728625 0)
#728875 0" 0# 0% 1& 0(
#729125 0*
#730125 1*
#730375 1)
#730625 1(
#730750 1! 1" 1# 1$ 1%
#731500 0)
#733125 1)
#733375 0# 0$ 0%
#733500 0! 0" 0& 0(
#734250 0) 0-
#734500 1# 1$ 1%
#734750 0*
#735750 1*
#736375 1!
#736625 0*
#737625 1*
#738250 0! 1"
#738500 0*
#739500 1*
#740125 1!
#740375 0*
#741375 1*
#742500 1)
#742625 1-
#742750 0! 0$
#742875 1(
#743625 0)
#743875 0" 0% 1& 0(
#744125 0*
#745125 1*
#745375 1)
#745625 1! 1" 1% 1(
#745750 1$
#746500 0)
#748125 1)
#748375 0! 0" 0# 0$ 0% 0&
#748500 0(
#749250 0) 0-
#749500 1&
#749750 0*
#750000 0/
#750750 1*
#751375 1!
#751625 0*
#752625 1*
#753125 0!
#753250 1"
#753500 0*
#754500 1*
#755125 1!
#755375 0*
#756375 1*
#757000 1/
#757500 1)
#757625 1-
#757750 0! 0&
#757875 1# 1% 1(
#758625 0)
#758750 0(
#758875 0" 0# 1$ 0% 1&
#759125 0*
#760125 1*
#760375 1)
#760625 1! 1" 1# 1% 1(
#761375 0)
#763125 1)
#763375 0! 0" 0# 0$ 0% 0& 0(
#764250 0) 0-
#764500 1# 1&
#764750 0*
#765750 1*
#766375 1!
#766625 0*
#767625 1*
#768125 0!
#768250 1"
#768500 0*
#769500 1*
#770125 1!
#770375 0*
#771375 1*
#772500 1) 1-
#772750 0! 0& 1(
#772875 1%
#773625 0)
#773750 0% 0(
#773875 0" 1$ 1&
#774125 0*
#775125 1*
#775250 1)
#775500 0&
#775625 1" 0'
#776375 0)
#776625 1! 1&
#776750 1%
#776875 0*
#777875 1*
#778125 1)
#778375 0! 0" 0# 0$ 0% 0& 1'
#779125 0-
#779250 0)
#779500 1$ 1&
#779750 0*
#780750 1*
#781375 1!
#781625 0*
#782625 1*
#783125 0!
#783250 1"
#783500 0*
#784500 1*
#785125 1!
#785375 0*
#786375 1*
#787500 1) 1-
#787750 0! 0$ 0& 1(
#787875 1# 1%
#788625 0)
#788750 0" 0# 0(
#788875 1&
#789125 0*
#790125 1*
#790250 1)
#790625 1! 1" 1# 1$ 1(
#791375 0)
#793125 1)
#793375 0! 0" 0# 0$ 0% 0& 0(
#794125 0-
#794250 0)
#794500 1# 1$ 1&
#794750 0*
#795750 1*
#796375 1!
#796625 0*
#797625 1*
#798125 0!
#798250 1"
#798500 0*
#799500 1*
#800125 1!
#800375 0*
#801375 1*
#802500 1) 1-
#802750 0! 0$ 1% 0& 1(
#803625 0)
#803750 0" 0(
#803875 1&
#804000 0*
#805125 1*
#805250 1)
#805625 1! 1" 1$ 1(
#806375 0)
#808125 1)
#808375 0! 0" 0# 0$ 0% 0& 0(
#809125 0-
#809250 0)
#809500 1% 1&
#809625 0*
#810750 1*
#811375 1!
#811500 0*
#812625 1*
#813125 0!
#813250 1"
#813375 0*
#814375 0/
#814500 1*
#815000 1!
#815250 0*
#816375 1*
#817500 1) 1-
#817750 0! 1# 0& 1(
#818500 0)
#818750 0" 0# 0(
#818875 1$ 1&
#819000 0*
#820000 1*
#820250 1)
#820625 1! 1" 1# 1(
#821375 0) 1/
#823125 1)
#823375 0! 0" 0# 0$ 0% 0& 0(
#824125 0) 0-
#824500 1# 1% 1&
#824625 0*
#825625 1*
#826250 1!
#826500 0*
#827500 1*
#828125 0!
#828250 1"
#828375 0*
#829375 1*
#830000 1!
#830250 0*
#831250 1*
#832500 1) 1-
#832625 0!
#832750 0& 1(
#833500 0)
#833750 0" 1& 0(
#833875 1$
#834000 0*
#835000 1*
#835250 1)
#835500 0% 0& 0'
#835625 1! 1"
#836375 0)
#836625 1% 1&
#836875 0+
#837875 1+
#838000 1)
#838375 0! 0" 0# 0$ 0% 0& 1'
#839125 0) 0-
#839375 1&
#839500 1$ 1%
#839625 0*
#840625 1*
#841250 1!
#841500 0*
#842500 1*
#843125 0! 1"
#843375 0*
#844375 1*
#845000 1!
#845250 0*
#846250 1*
#847375 1)
#847500 1-
#847750 1# 1(
#848500 0)
#849000 0+
#850000 1+
#850250 1)
#851375 0)
#853000 1)
#853375 0! 0" 0# 0$ 0% 0& 0(
#854125 0) 0-
#854375 1# 1$ 1% 1&
#854625 0*
#855625 1*
#856250 1!
#856500 0*
#857500 1*
#858125 0! 1"
#858375 0*
#859375 1*
#860000 1!
#860250 0*
#861250 1*
#862375 1)
#862500 1-
#862625 0! 0&
#862750 0$ 1(
#863500 0)
#863750 0" 0# 0% 0(
#864000 0*
#865000 1*
#865625 1!
#865875 0*
#866875 1*
#867500 0! 1"
#867750 0*
#868500 1)
#868750 1*
#868875 1# 1% 1(
#869625 0)
#869750 0(
#869875 0" 0# 0% 0'
#870125 0*
#871125 1*
#871750 1!
#872000 0*
#873000 1*
#873500 0!
#873625 1"
#873875 0*
#874625 1)
#874875 1*
#875000 1! 1# 1$ 1% 1& 1' 1(
#875750 0)
#877375 1)
#877625 0! 0# 0&
#878500 0)
#878625 0/
#878750 0" 0$ 0% 0' 0(
#879000 0*
#880000 1*
#880625 1%
#880875 0*
#881875 1*
#882125 1)
#882375 1(
#882500 1! 1# 1'
#883250 0)
#883375 0! 0# 0% 0' 0(
#883750 0*
#884750 1*
#884875 1)
#885250 1$ 1% 1' 1(
#885625 1/
#886000 0)
#886250 0$ 0% 0' 0(
#886500 0*
#887500 1*
#888125 1%
#888375 0*
#889375 1*
#889625 1)
#889875 1' 1(
#890000 1#
#890750 0)
#890875 0# 0% 0' 0(
#891250 0*
#892250 1*
#892375 1)
#892750 1" 1# 1% 1' 1(
#893500 0)
#893750 0" 0# 0% 0' 0(
#894000 0*
#895000 1*
#895625 1!
#895875 0*
#896875 1*
#897500 0! 1"
#897750 0*
#898500 1)
#898750 1*
#898875 1# 1% 1' 1(
#899625 0)
#899750 0# 0(
#899875 0" 0% 0'
#900125 0*
#901125 1*
#901750 1!
#902000 0*
#903000 1*
#903500 0!
#903625 1"
#903875 0*
#905125 1)
#905375 1*
#905875 1! 1# 1$ 1% 1& 1' 1(
#906625 0)
#908875 1)
#909125 0! 0" 0# 0&
#909875 0)
#910625 0$ 0% 0' 0(
#910875 0*
#911875 1*
#912500 1%
#912750 0*
#913750 1*
#914000 1)
#914250 1' 1(
#914375 1#
#915125 0)
#915250 0# 0% 0' 0(
#915625 0*
#916625 1*
#916750 1)
#917125 1$ 1% 1' 1(
#917875 0)
#918125 0$ 0% 0' 0(
#918375 0*
#919375 1*
#920000 1%
#920250 0*
#921250 1*
#921500 1)
#921750 1' 1(
#921875 1#
#922625 0)
#922750 0# 0% 0' 0(
#923125 0*
#924125 1*
#924250 1)
#924625 1" 1# 1% 1' 1(
#925375 0)
#925625 0" 0# 0% 0' 0(
#925875 0*
#926875 1*
#927500 1!
#927750 0*
#928750 1*
#929375 0! 1"
#929625 0*
#930375 1)
#930625 1*
#930750 1# 1% 1' 1(
#931500 0)
#931625 0(
#931750 0" 0# 0% 0'
#932000 0*
#933000 1*
#933625 1!
#933875 0*
#934875 1*
#935375 0!
#935500 1"
#935750 0*
#936500 1)
#936750 1*
#936875 1! 1# 1$ 1% 1& 1' 1(
#937625 0)
#939250 1)
#939500 0!
#939625 0" 0# 0&
#940375 0)
#940625 0$ 0% 0' 0(
#940875 0*
#941875 1*
#942500 1%
#942750 0*
#942875 0/
#943750 1*
#944000 1)
#944375 1# 1' 1(
#945125 0)
#945250 0# 0' 0(
#945375 0%
#945625 0*
#946625 1*
#946750 1)
#947125 1$ 1% 1' 1(
#947875 0)
#948125 0$ 0% 0' 0(
#948375 0*
#949375 1*
#949875 1/
#950000 1%
#950250 0*
#951250 1*
#951500 1)
#951875 1# 1' 1(
#952625 0)
#952750 0(
#952875 0# 0% 0'
#953125 0*
#954125 1*
#954375 1)
#954625 1" 1# 1% 1' 1(
#955375 0)
#955625 0" 0# 0% 0' 0(
#955875 0*
#956875 1*
#957500 1!
#957750 0*
#958750 1*
#959375 0!
#959500 1"
#959625 0*
#960375 1)
#960625 1*
#960750 1# 1% 1' 1(
#961500 0)
#961750 0" 0# 0% 0' 0(
#962000 0*
#963000 1*
#963625 1!
#963875 0*
#964875 1*
#965500 0! 1"
#965750 0*
#966500 1)
#966750 1*
#966875 1! 1# 1$ 1% 1& 1' 1(
#967625 0)
#969375 1)
#969625 0! 0" 0# 0&
#970500 0)
#970625 0$ 0% 0' 0(
#970875 0*
#972000 1*
#972625 1%
#972750 0*
#973875 1*
#974000 1)
#974375 1# 1' 1(
#975125 0)
#975375 0# 0% 0' 0(
#975625 0*
#976625 1*
#976875 1)
#977125 1% 1' 1(
#977250 1$
#978000 0)
#978125 0$ 0% 0' 0(
#978375 0*
#979500 1*
#980125 1%
#980375 0*
#981375 1*
#981500 1)
#981875 1# 1' 1(
#982625 0)
#982875 0# 0% 0' 0(
#983125 0*
#984125 1*
#984375 1)
#999750 1! 1" 1# 1$ 1% 1& 1' 1(
#1000500 0)
#1002250 1)
#1004250 0)
#1006000 1)
#1007125 0/
#1009000 0! 0$ 0&
#1009875 0)
#1010125 0" 0# 0% 0' 0(
#1010375 0*
#1011375 1*
#1011625 1)
#1011875 1! 1" 1# 1$ 1% 1& 1' 1(
#1012750 0)
#1014250 1/
#1014375 1)
#1015500 0)
#1016000 0+
#1017000 1+
#1017875 0+
#1018875 1+
#1019750 0+
#1020750 1+
#1021625 0+
#1022625 1+
#1023750 1)
#1024000 0! 0$ 0&
#1024875 0)
#1025125 0" 0% 0' 0(
#1025375 0*
#1026375 1*
#1026625 1)
#1026875 1' 1(
#1027000 1! 1" 1$ 1% 1&
#1027750 0)
#1029375 1)
#1029750 0! 0" 0# 0$ 0% 0& 0(
#1030500 0) 0-
#1030750 0' 1(
#1031000 0*
#1032000 1*
#1032625 1!
#1032875 0*
#1033875 1*
#1034500 0! 1"
#1034750 0*
#1035750 1*
#1036375 1!
#1036625 0*
#1037625 1*
#1038750 1)
#1038875 1-
#1039000 0!
#1039125 1# 1% 1'
#1039875 0)
#1040125 0" 0# 1$ 0% 0' 0(
#1040375 0*
#1041375 1*
#1041625 1)
#1042000 1! 1" 1# 1% 1& 1' 1(
#1042750 0)
#1044500 1)
#1044750 0! 0" 0# 0$ 0% 0& 0(
#1045500 0) 0-
#1045750 0' 1(
#1045875 1#
#1046000 0*
#1047000 1*
#1047625 1!
#1047875 0*
#1048875 1*
#1049500 0!
#1049625 1"
#1049750 0*
#1050750 1*
#1051375 1!
#1051625 0*
#1052625 1*
#1053875 1) 1-
#1054000 0!
#1054125 1% 1'
#1054875 0)
#1055125 0" 0% 0' 0(
#1055250 1$
#1055375 0*
#1056375 1*
#1056625 1)
#1056875 0# 0$
#1057000 1%
#1057750 0)
#1058000 1! 1" 1# 1$ 1&
#1058250 0*
#1059250 1*
#1059500 1)
#1059750 0! 0" 0# 0$ 0% 0& 1'
#1060500 0) 0-
#1060750 0'
#1060875 1$ 1(
#1061000 0*
#1062125 1*
#1062750 1!
#1062875 0*
#1064000 1*
#1064500 0!
#1064625 1"
#1064750 0*
#1065875 1*
#1066500 1!
#1066625 0*
#1067750 1*
#1068875 1) 1-
#1069125 0! 0$ 1'
#1069250 1# 1%
#1070000 0)
#1070125 0" 0# 0' 0(
#1070375 0*
#1071500 1* 0/
#1071625 1)
#1072000 1! 1" 1# 1$ 1& 1' 1(
#1072750 0)
#1074500 1)
#1074750 0! 0" 0# 0$ 0% 0& 0(
#1075500 0-
#1075625 0)
#1075750 0'
#1075875 1# 1$ 1(
#1076125 0*
#1077125 1*
#1077750 1!
#1078000 0*
#1078500 1/
#1079000 1*
#1079500 0!
#1079625 1"
#1079875 0*
#1080875 1*
#1081500 1!
#1081750 0*
#1082750 1*
#1083875 1) 1-
#1084125 0! 0$ 1'
#1084250 1%
#1085000 0)
#1085125 0" 0' 0(
#1085500 0*
#1086500 1*
#1086625 1)
#1087000 1! 1" 1$ 1& 1' 1(
#1087750 0)
#1089500 1)
#1089750 0! 0" 0# 0$ 0% 0& 0(
#1090500 0-
#1090625 0)
#1090750 0'
#1090875 1% 1(
#1091125 0*
#1092125 1*
#1092750 1!
#1093000 0*
#1094000 1*
#1094500 0!
#1094625 1"
#1094875 0*
#1095875 1*
#1096500 1!
#1096750 0*
#1097750 1*
#1098875 1) 1-
#1099125 0!
#1099250 1# 1'
#1100000 0)
#1100125 0# 0'
#1100250 0" 1$ 0(
#1100500 0*
#1101500 1*
#1101750 1)
#1102000 1! 1" 1# 1& 1' 1(
#1102750 0)
#1104500 1)
#1104750 0! 0" 0# 0$ 0% 0& 0(
#1105625 0) 0-
#1105750 0'
#1105875 1# 1% 1(
#1106125 0*
#1107125 1*
#1107750 1!
#1108000 0*
#1109000 1*
#1109500 0!
#1109625 1"
#1109875 0*
#1110875 1*
#1111500 1!
#1111750 0*
#1112750 1*
#1113875 1) 1-
#1114125 0!
#1114250 1'
#1115000 0)
#1115250 0" 1$ 0' 0(
#1115500 0*
#1116500 1*
#1116750 1)
#1117000 1! 0# 0$
#1117750 0)
#1118125 1" 1# 1$ 1&
#1118375 0+
#1119375 1+
#1119500 1)
#1119750 0! 0" 0# 0$ 0% 0&
#1119875 1'
#1120625 0) 0-
#1120750 0'
#1120875 1$ 1% 1(
#1121125 0*
#1122125 1*
#1122750 1!
#1123000 0*
#1124000 1*
#1124500 0!
#1124625 1"
#1124875 0*
#1125875 1*
#1126500 1!
#1126750 0*
#1127750 1*
#1128875 1) 1-
#1129125 0! 0$
#1129250 1# 1'
#1130000 0)
#1130250 0" 0# 0% 1& 0' 0(
#1130500 0*
#1131500 1*
#1131750 1)
#1132000 1! 1" 1# 1$ 1% 1' 1(
#1132750 0)
#1134500 1)
#1134750 0! 0" 0# 0$ 0% 0&
#1134875 0(
#1135625 0) 0-
#1135750 0/
#1135875 1# 1$ 1% 0' 1(
#1136125 0*
#1137125 1*
#1137750 1!
#1138000 0*
#1139000 1*
#1139500 0!
#1139625 1"
#1139875 0*
#1140875 1*
#1141500 1!
#1141750 0*
#1142750 1* 1/
#1143875 1)
#1144000 1-
#1144125 0! 0$
#1144250 1'
#1145000 0)
#1145250 0" 0% 1& 0' 0(
#1145500 0*
#1146500 1*
#1146750 1)
#1147000 1! 1" 1$ 1% 1' 1(
#1147750 0)
#1149500 1)
#1149750 0! 0" 0# 0$ 0% 0&
#1149875 0(
#1150625 0) 0-
#1150875 1& 0' 1(
#1151125 0*
#1152125 1*
#1152750 1!
#1153000 0*
#1154000 1*
#1154500 0!
#1154625 1"
#1154875 0*
#1155875 1*
#1156500 1!
#1156750 0*
#1157750 1*
#1158875 1) 1-
#1159125 0! 0&
#1159250 1# 1% 1'
#1160000 0)
#1160250 0" 0# 1$ 0% 1& 0' 0(
#1160500 0*
#1161500 1*
#1161750 1)
#1162000 1! 1" 1# 1% 1' 1(
#1162750 0)
#1164500 1)
#1164750 0! 0" 0# 0$ 0% 0& 0(
#1165625 0) 0-
#1165750 0'
#1165875 1# 1& 1(
#1166125 0*
#1167125 1*
#1167750 1!
#1168000 0*
#1169000 1*
#1169500 0!
#1169625 1"
#1169875 0*
#1170875 1*
#1171500 1!
#1171750 0*
#1172750 1*
#1173875 1) 1-
#1174125 0! 0&
#1174250 1% 1'
#1175000 0)
#1175125 0'
#1175250 0" 1$ 0% 1& 0(
#1175500 0*
#1176500 1*
#1176750 1)
#1176875 0$ 0&
#1177000 1" 0# 1%
#1177750 0)
#1178125 1! 1# 1$ 1&
#1178250 0*
#1179250 1*
#1179500 1)
#1179750 0! 0" 0# 0$ 0% 0&
#1179875 1'
#1180500 0-
#1180625 0)
#1180750 0'
#1180875 1$ 1& 1(
#1181125 0*
#1182125 1*
#1182750 1!
#1183000 0*
#1184000 1*
#1184500 0!
#1184625 1"
#1184875 0*
#1185875 1*
#1186500 1!
#1186750 0*
#1187750 1*
#1188875 1) 1-
#1189125 0! 0$ 0& 1'
#1189250 1# 1%
#1190000 0)
#1190125 0# 0' 0(
#1190250 0" 1&
#1190500 0*
#1191500 1*
#1191625 1)
#1191875 0% 0&
#1192000 1' 1(
#1192750 0)
#1193000 0' 0(
#1193250 0+
#1194250 1+
#1194500 1)
#1194750 1'
#1195500 0-
#1195625 0)
#1195750 0'
#1195875 1# 1$ 1& 1(
#1196125 0*
#1197125 1*
#1197750 1!
#1198000 0*
#1199000 1*
#1199500 0!
#1199625 1"
#1199875 0*
#1200875 1*
#1201500 1!
#1201750 0*
#1202750 1*
#1203875 1) 1-
#1204125 0! 0$ 0& 1'
#1204250 1%
#1205000 0)
#1205125 0" 0' 0(
#1205250 1&
#1205500 0*
#1206500 1*
#1206625 1)
#1206875 0# 0% 0&
#1207000 1' 1(
#1207125 0,
#1207750 0)
#1208000 0' 0(
#1208250 0+
#1209250 1+
#1209500 1)
#1209750 1'
#1209875 1,
#1210500 0-
#1210625 0)
#1210750 0'
#1210875 1% 1& 1(
#1211125 0*
#1212125 1*
#1212750 1!
#1213000 0*
#1214000 1*
#1214500 0!
#1214625 1"
#1214875 0*
#1215875 1*
#1216500 1!
#1216750 0*
#1217750 1*
#1218875 1) 1-
#1219125 0! 1# 0& 1'
#1220000 0)
#1220125 0" 0# 0' 0(
#1220250 1$ 1&
#1220375 0*
#1221500 1*
#1221625 1)
#1222000 1! 1" 1# 1' 1(
#1222750 0)
#1224500 1)
#1224750 0! 0" 0# 0$ 0% 0& 0(
#1225500 0) 0-
#1225750 0'
#1225875 1# 1% 1& 1(
#1226000 0*
#1227125 1*
#1227750 1!
#1227875 0*
#1229000 1*
#1229500 0!
#1229625 1"
#1229750 0*
#1230750 1*
#1231375 1!
#1231625 0*
#1232625 1*
#1233875 1) 1-
#1234125 0! 0& 1'
#1234875 0)
#1235125 0" 0' 0(
#1235250 1$ 1&
#1235375 0*
#1236375 1*
#1236625 1)
#1236875 0# 0$ 0&
#1237000 1! 1"
#1237750 0)
#1238000 1# 1$ 1&
#1238250 0+
#1239250 1+
#1239500 1)
#1239750 0! 0" 0# 0$ 0% 0& 1'
#1240500 0) 0-
#1240750 0'
#1240875 1$ 1% 1& 1(
#1241000 0*
#1242000 1*
#1242625 1!
#1242875 0*
#1243875 1*
#1244500 0!
#1244625 1"
#1244750 0*
#1245750 1*
#1246375 1!
#1246625 0*
#1247625 1*
#1248875 1) 1-
#1249000 0!
#1249125 1# 0$ 0& 1'
#1249875 0)
#1250125 0" 0# 0% 0(
#1250375 0*
#1251375 1*
#1251625 1)
#1252000 1! 1" 1# 1$ 1% 1& 1(
#1252750 0)
#1254375 1)
#1254750 0! 0" 0# 0$ 0% 0& 0(
#1255500 0) 0-
#1255750 1$ 1% 1& 0' 1(
#1255875 1#
#1256000 0*
#1257000 1*
#1257625 1!
#1257875 0*
#1258875 1*
#1259500 0! 1"
#1259750 0*
#1260750 1*
#1261375 1!
#1261625 0*
#1262625 1*
#1263750 1)
#1263875 1-
#1264000 0!
#1264125 0$ 0& 1'
#1264875 0)
#1265125 0" 0% 0(
#1265375 0*
#1266375 1*
#1266625 1)
#1266875 0# 1(
#1267750 0)
#1267875 0'
#1268250 0+
#1269250 1+
#1269375 1)
#1269625 0(
#1269750 1'
#1270500 0) 0-
#1270750 1(
#1271000 0*
#1272000 1*
#1272625 1!
#1272875 0*
#1273875 1*
#1274500 0! 1"
#1274750 0*
#1275625 00
#1275750 1*
#1276375 1!
#1276625 0*
#1277625 1*
#1278750 1)
#1278875 1-
#1279000 0!
#1279125 1# 1%
#1279875 0)
#1280125 0" 0# 1$ 0% 0(
#1280375 0*
#1281375 1*
#1281625 1)
#1281875 0$ 1(
#1282000 0,
#1282500 10
#1282750 0)
#1282875 0'
#1283250 0+
#1284250 1+
#1284375 1)
#1284625 0(
#1284750 1' 1,
#1285500 0) 0-
#1285750 1# 1(
#1286000 0*
#1287000 1*
#1287625 1!
#1287875 0*
#1288875 1*
#1289500 0! 1"
#1289750 0*
#1290750 1*
#1291375 1!
#1291625 0*
#1292625 1*
#1293750 1)
#1293875 1-
#1294000 0!
#1294125 1%
#1294875 0)
#1295125 0" 1$ 0% 0(
#1295375 0*
#1296375 1*
#1296625 1)
#1296875 0$ 1% 0'
#1297625 0)
#1298000 1! 1" 1$ 1&
#1298125 0*
#1299250 1*
#1299375 1)
#1299625 0! 0" 0# 0$ 0% 0&
#1299750 1'
#1300500 0) 0-
#1300750 1$ 1(
#1301000 0*
#1302000 1*
#1302625 1!
#1302875 0*
#1303875 1*
#1304375 0!
#1304500 1"
#1304750 0*
#1305750 1*
#1306375 1!
#1306625 0*
#1307625 1*
#1308750 1)
#1308875 1-
#1309000 0! 0$
#1309125 1# 1%
#1309875 0)
#1310125 0" 0# 0(
#1310375 0*
#1311375 1*
#1311625 1)
#1311875 1! 1" 1# 1$ 1& 1(
#1312625 0)
#1314375 1)
#1314625 0! 0" 0# 0$ 0% 0&
#1314750 0(
#1315500 0) 0-
#1315750 1# 1$ 1(
#1316000 0*
#1317000 1*
#1317625 1!
#1317875 0*
#1318875 1*
#1319375 0!
#1319500 1"
#1319750 0*
#1320750 1*
#1321375 1!
#1321625 0*
#1322625 1*
#1323750 1)
#1323875 1-
#1324000 0! 0$
#1324125 1%
#1324875 0)
#1325125 0" 0(
#1325375 0*
#1326375 1*
#1326625 1)
#1326875 0# 0% 1(
#1327625 0)
#1327875 0'
#1328000 1!
#1328250 0+
#1329250 1+
#1329375 1)
#1329625 0! 0(
#1329750 1'
#1330500 0) 0-
#1330750 1% 1(
#1331000 0*
#1332000 1*
#1332625 1!
#1332875 0*
#1333875 1*
#1334375 0!
#1334500 1"
#1334750 0*
#1335750 1*
#1336375 1!
#1336625 0*
#1337625 1*
#1338750 1)
#1338875 1-
#1339000 0!
#1339125 1#
#1339875 0)
#1340125 0" 0# 1$ 0(
#1340375 0*
#1341375 1*
#1341625 1)
#1341875 0$ 0% 1(
#1342000 0,
#1342625 0)
#1342875 0'
#1343000 1!
#1343250 0+
#1344250 1+
#1344375 1)
#1344625 0! 0(
#1344750 1' 1,
#1345500 0) 0-
#1345750 1# 1% 1(
#1346000 0*
#1347000 1*
#1347625 1!
#1347875 0*
#1348875 1*
#1349375 0!
#1349500 1"
#1349750 0*
#1350750 1*
#1351375 1!
#1351625 0*
#1352625 1*
#1353750 1)
#1353875 1-
#1354000 0!
#1354875 0)
#1355125 0" 1$ 0(
#1355375 0*
#1356375 1*
#1356625 1)
#1356875 1! 0$ 0'
#1357625 0)
#1358000 1" 1$ 1&
#1358250 0+
#1359250 1+
#1359375 1) 00
#1359625 0! 0" 0# 0$ 0% 0&
#1359750 1'
#1360500 0) 0-
#1360750 1$ 1% 1(
#1361000 0*
#1362000 1*
#1362625 1!
#1362875 0*
#1363875 1*
#1364375 0!
#1364500 1"
#1364750 0*
#1365750 1*
#1366375 1! 10
#1366625 0*
#1367625 1*
#1368750 1)
#1368875 1-
#1369000 0! 0$
#1369125 1#
#1369875 0)
#1370125 0" 0# 0% 1& 0(
#1370375 0*
#1371375 1*
#1371625 1)
#1371875 1! 1(
#1372000 1" 1# 1$ 1%
#1372750 0)
#1374375 1)
#1374625 0! 0# 0$ 0%
#1374750 0" 0& 0(
#1375500 0) 0-
#1375750 1# 1$ 1% 1(
#1376000 0*
#1377000 1*
#1377625 1!
#1377875 0*
#1378875 1*
#1379500 0! 1"
#1379750 0*
#1380750 1*
#1381375 1!
#1381625 0*
#1382625 1*
#1383750 1)
#1383875 1-
#1384000 0! 0$
#1384875 0)
#1385125 0" 0% 1& 0(
#1385375 0*
#1386375 1*
#1386625 1)
#1386875 1(
#1387000 1! 1" 1$ 1%
#1387750 0)
#1389375 1)
#1389750 0! 0" 0# 0$ 0% 0& 0(
#1390500 0) 0-
#1390750 1& 1(
#1391000 0*
#1392000 1*
#1392625 1!
#1392875 0*
#1393875 1*
#1394500 0! 1"
#1394750 0*
#1395750 1*
#1396375 1!
#1396625 0*
#1397625 1*
#1398750 1)
#1398875 1-
#1399000 0!
#1399125 1# 1% 0&
#1399875 0)
#1400125 0" 0# 1$ 0% 1& 0(
#1400375 0*
#1401375 1*
#1401625 1)
#1401875 0$ 0&
#1402000 1! 1(
#1402750 0)
#1402875 0' 0(
#1403250 0+
#1404250 1+
#1404500 1)
#1404625 0!
#1404750 1'
#1405500 0) 0-
#1405750 1(
#1405875 1# 1&
#1406000 0*
#1407000 1*
#1407625 1!
#1407875 0*
#1408875 1*
#1409500 0!
#1409625 1"
#1409750 0*
#1410750 1*
#1411375 1!
#1411625 0*
#1412625 1*
#1413875 1) 1-
#1414000 0!
#1414125 1% 0&
#1414875 0)
#1415125 0" 0% 0(
#1415250 1$ 1&
#1415375 0*
#1416375 1*
#1416625 1)
#1416875 0$ 0& 0'
#1417000 1" 1%
#1417750 0)
#1418000 1! 1$ 1&
#1418250 0*
#1419250 1*
#1419500 1)
#1419750 0! 0" 0# 0$ 0% 0& 1'
#1420500 0) 0-
#1420875 1$ 1& 1(
#1421000 0*
#1422125 1*
#1422750 1!
#1422875 0*
#1424000 1*
#1424500 0!
#1424625 1"
#1424750 0*
#1425875 1*
#1426500 1!
#1426625 0*
#1427750 1*
#1428875 1) 1-
#1429125 0! 1# 0$ 1% 0&
#1430000 0)
#1430125 0" 0# 0(
#1430250 1&
#1430375 0*
#1431500 1*
#1431625 1)
#1431875 0% 0&
#1432000 1! 1( 0,
#1432750 0)
#1433000 0' 0(
#1433250 0+
#1434250 1+
#1434500 1)
#1434750 0! 1'
#1434875 1,
#1435500 0-
#1435625 0)
#1435875 1# 1$ 1& 1(
#1436125 0*
#1437125 1*
#1437750 1!
#1438000 0*
#1439000 1*
#1439500 0!
#1439625 1"
#1439875 0*
#1440875 1*
#1441500 1!
#1441750 0*
#1442750 1*
#1443250 00
#1443875 1) 1-
#1444125 0! 0$ 0&
#1444250 1%
#1445000 0)
#1445125 0" 0(
#1445250 1&
#1445500 0*
#1446500 1*
#1446625 1)
#1447000 1! 1" 1$ 1(
#1447750 0)
#1449500 1)
#1449750 0! 0" 0# 0$ 0% 0& 0(
#1450250 10
#1450500 0-
#1450625 0)
#1450875 1% 1& 1(
#1451125 0*
#1452125 1*
#1452750 1!
#1453000 0*
#1454000 1*
#1454500 0!
#1454625 1"
#1454875 0*
#1455875 1*
#1456500 1!
#1456750 0*
#1457750 1*
#1458875 1) 1-
#1459125 0! 0&
#1459250 1#
#1460000 0)
#1460125 0#
#1460250 0" 1$ 1& 0(
#1460500 0*
#1461500 1*
#1461750 1)
#1462000 1! 1" 1# 1(
#1462750 0)
#1464500 1)
#1464750 0! 0" 0# 0$ 0% 0&
#1464875 0(
#1465625 0) 0-
#1465875 1# 1% 1& 1(
#1466125 0*
#1467125 1*
#1467750 1!
#1468000 0*
#1469000 1*
#1469500 0!
#1469625 1"
#1469875 0*
#1470875 1*
#1471500 1!
#1471750 0*
#1472750 1*
#1473875 1)
#1474000 1-
#1474125 0! 0&
#1475000 0)
#1475250 0" 1$ 1& 0(
#1475500 0*
#1476500 1*
#1476750 1)
#1477000 1! 1" 0$ 0& 0'
#1477875 0)
#1478125 1$ 1&
#1478375 0+
#1479375 1+
#1479500 1)
#1479750 0! 0" 0# 0$ 0&
#1479875 0% 1'
#1480625 0) 0-
#1480875 1$ 1% 1& 1(
#1481125 0*
#1482125 1*
#1482750 1!
#1483000 0*
#1484000 1*
#1484625 0! 1"
#1484875 0*
#1485875 1*
#1486500 1!
#1486750 0*
#1487750 1*
#1488875 1)
#1489000 1-
#1489250 1#
#1490000 0)
#1490500 0+
#1491500 1+
#1491750 1)
#1492000 0" 0# 0$ 0% 0&
#1492875 0)
#1493000 0! 0' 0(
#1493125 1"
#1493375 0+
#1494375 1+
#1494500 1)
#1494750 0"
#1494875 1'
#1495625 0) 0-
#1495875 1(
#1496000 1# 1$ 1% 1&
#1496125 0*
#1497125 1*
#1497750 1!
#1498000 0*
#1499000 1*
#1499625 0! 1"
#1499875 0*
#1500875 1*
#1501500 1!
#1501750 0*
#1502750 1*
#1504000 1) 1-
#1504250 0! 0$ 0&
#1505000 0)
#1505250 0" 0# 0% 0(
#1505500 0*
#1506500 1*
#1507125 1!
#1507375 0*
#1508375 1*
#1509000 0!
#1509125 1"
#1509250 0*
#1510000 1)
#1510250 1*
#1510375 1# 1% 1(
#1511125 0)
#1511375 0" 0# 0% 0' 0(
#1511625 0*
#1512625 1*
#1513250 1!
#1513500 0*
#1514500 1*
#1515125 0! 1"
#1515375 0*
#1516125 1)
#1516375 0" 1*
#1516500 1! 1' 1( 0,
#1517250 0)
#1517500 0! 1" 0' 0(
#1517750 0+
#1518750 1+
#1519000 1)
#1519250 1$ 1% 1' 1(
#1519375 1,
#1520125 0)
#1520250 0" 0$ 0% 0' 0(
#1520375 1!
#1520500 0*
#1521625 1*
#1522250 1%
#1522375 0*
#1523500 1*
#1523625 1)
#1524000 1# 1' 1(
#1524750 0)
#1525000 0# 0% 0' 0(
#1525250 0*
#1526250 1*
#1526500 1)
#1526750 0! 1% 1' 1(
#1526875 1$
#1527125 00
#1527625 0)
#1527750 0$ 0% 0' 0(
#1527875 1!
#1528000 0*
#1529125 1*
#1529750 1%
#1530000 0*
#1531000 1*
#1531125 1)
#1531375 0!
#1531500 1# 1' 1(
#1532250 0)
#1532500 1! 0# 0% 0' 0(
#1532750 0*
#1533750 1*
#1534000 1)
#1534125 10
#1534250 0! 1# 1' 1(
#1534375 1" 1%
#1535125 0)
#1535250 0" 0# 0% 0' 0(
#1535625 0*
#1536625 1*
#1537250 1!
#1537500 0*
#1538500 1*
#1539000 0!
#1539125 1"
#1539375 0*
#1540125 1)
#1540375 1' 1( 1*
#1540500 1# 1%
#1541125 0)
#1541375 0" 0# 0% 0' 0(
#1541625 0*
#1542625 1*
#1543375 1!
#1543500 0*
#1544500 1*
#1545125 0!
#1545250 1"
#1545375 0*
#1546625 1)
#1546875 1*
#1547375 1(
#1547500 1! 1# 1$ 1% 1& 1'
#1548250 0)
#1550375 1)
#1550625 0! 0" 0# 0&
#1551500 0)
#1552125 0$ 0% 0' 0(
#1552250 1!
#1552500 0*
#1553500 1*
#1554125 1%
#1554375 0*
#1555375 1*
#1555500 1)
#1555750 0!
#1555875 1# 1' 1(
#1556625 0)
#1556875 1! 0# 0% 0' 0(
#1557125 0*
#1558125 1*
#1558375 1)
#1558625 0! 1' 1(
#1558750 1$ 1%
#1559500 0)
#1559625 0$ 0% 0' 0(
#1559750 1!
#1560000 0*
#1561000 1*
#1561625 1%
#1561875 0*
#1562875 1*
#1563000 1)
#1563250 0!
#1563375 1# 1' 1(
#1564125 0)
#1564375 1! 0# 0% 0' 0(
#1564625 0*
#1565625 1*
#1565875 1)
#1566125 0! 1(
#1566250 1" 1# 1% 1'
#1567000 0)
#1567125 0" 0# 0% 0' 0(
#1567500 0*
#1568500 1*
#1569125 1!
#1569375 0*
#1570375 1*
#1570875 0!
#1571000 1"
#1571250 0*
#1572000 1)
#1572250 1( 1*
#1572375 1# 1% 1'
#1573125 0)
#1573250 0" 0# 0% 0' 0(
#1573500 0*
#1574500 1*
#1575250 1!
#1575375 0*
#1576500 1*
#1577000 0!
#1577125 1"
#1577250 0*
#1578000 1)
#1578250 1*
#1578375 1! 1# 1$ 1% 1& 1' 1(
#1579125 0)
#1580875 1)
#1581125 0! 0" 0# 0&
#1582000 0)
#1582125 0$ 0% 0' 0(
#1582250 1!
#1582500 0*
#1583500 1*
#1584125 1%
#1584375 0*
#1585375 1*
#1585500 1)
#1585750 0!
#1585875 1# 1' 1(
#1586625 0)
#1586875 1! 0# 0% 0' 0(
#1587125 0*
#1588125 1*
#1588375 1)
#1588625 0! 1' 1(
#1588750 1$ 1%
#1589500 0)
#1589625 0$ 0% 0' 0(
#1589750 1!
#1590000 0*
#1591000 1*
#1591625 1%
#1591875 0*
#1592875 1*
#1593000 1)
#1593250 0!
#1593375 1# 1' 1(
#1594125 0)
#1594375 1! 0# 0% 0' 0(
#1594625 0*
#1595625 1*
#1595875 1)
#1596125 0! 1(
#1596250 1" 1# 1% 1'
#1597000 0)
#1597125 0" 0# 0% 0' 0(
#1597500 0*
#1598500 1*
#1599125 1!
#1599375 0*
#1600375 1*
#1600875 0!
#1601000 1"
#1601250 0*
#1602000 1)
#1602250 1' 1( 1*
#1602375 1# 1%
#1603000 0)
#1603250 0" 0# 0% 0' 0(
#1603500 0*
#1604500 1*
#1605250 1!
#1605375 0*
#1606375 1*
#1607000 0!
#1607125 1"
#1607250 0*
#1608000 1)
#1608250 1*
#1608375 1! 1# 1$ 1% 1& 1' 1(
#1609125 0)
#1610875 1)
#1611000 00
#1611125 0! 0" 0# 0&
#1612000 0)
#1612125 0$ 0% 0' 0(
#1612250 1!
#1612500 0*
#1613500 1*
#1614125 1%
#1614375 0*
#1615375 1*
#1615500 1)
#1615750 0!
#1615875 1# 1' 1(
#1616625 0)
#1616875 1! 0# 0% 0' 0(
#1617125 0*
#1617875 10
#1618125 1*
#1618375 1)
#1618625 0! 1% 1' 1(
#1618750 1$
#1619500 0)
#1619625 0$ 0% 0' 0(
#1619750 1!
#1619875 0*
#1621000 1*
#1621625 1%
#1621875 0*
#1622875 1*
#1623000 1)
#1623250 0!
#1623375 1# 1' 1(
#1624125 0)
#1624375 1! 0# 0% 0' 0(
#1624625 0*
#1625625 1*
#1625875 1)
#1641125 1" 1# 1$ 1% 1& 1' 1(
#1641875 0)
#1643625 1)
#1645625 0)
#1647375 1)
#1650500 0! 0$ 0&
#1651250 0)
#1651500 0" 0# 0% 0' 0(
#1651750 0*
#1652750 1*
#1653000 1)
#1653375 1! 1" 1# 1$ 1% 1& 1' 1(
#1654125 0)
#1655875 1)
#1656875 0)
#1657375 0+
#1658375 1+
#1659250 0+
#1660250 1+
#1661125 0+
#1662125 1+
#1663000 0+
#1664000 1+
#1665125 1)
#1665375 0!
#1665500 0$ 0&
#1666250 0)
#1666500 0" 0% 0' 0(
#1666750 0*
#1667750 1*
#1668000 1)
#1668375 1! 1" 1$ 1% 1& 1' 1(
#1669125 0)
#1670750 1)
#1671125 0" 0# 0$ 0% 0& 0(
#1671875 0) 0-
#1672125 0! 0'
#1672375 0*
#1673375 1*
#1674000 1!
#1674250 0*
#1675250 1*
#1675875 0! 1"
#1676125 0*
#1677125 1*
#1677750 1!
#1678000 0*
#1679000 1*
#1680125 1)
#1680250 1-
#1680375 0!
#1680500 1# 1% 1' 1(
#1681250 0)
#1681500 0" 0# 1$ 0% 0' 0(
#1681750 0*
#1682750 1*
#1683000 1)
#1683250 1' 1(
#1683375 1! 1" 1# 1% 1&
#1684125 0)
#1685750 1)
#1686000 0# 0% 0&
#1686125 0" 0$ 0(
#1686875 0) 0-
#1687125 0! 1# 0'
#1687375 0*
#1688375 1*
#1689000 1!
#1689250 0*
#1690250 1*
#1690750 0!
#1690875 1"
#1691125 0*
#1692125 1*
#1692750 1!
#1693000 0*
#1694000 1*
#1695125 1)
#1695250 1-
#1695375 0!
#1695500 1% 1' 1(
#1696250 0)
#1696375 0(
#1696500 0" 1$ 0% 0'
#1696750 0*
#1697750 1*
#1698000 1)
#1698250 0# 1%
#1699000 0)
#1699375 1! 1" 1# 1&
#1699500 0*
#1700625 1*
#1700750 1)
#1701000 0" 0# 0$ 0% 0&
#1701125 1'
#1701875 0) 0-
#1702000 0!
#1702125 1$ 0'
#1702375 0*
#1703375 1*
#1704000 1!
#1704250 0*
#1705250 1*
#1705750 0!
#1705875 1"
#1706125 0*
#1707125 1*
#1707750 1!
#1708000 0*
#1709000 1*
#1710125 1) 1-
#1710375 0! 0$
#1710500 1# 1% 1' 1(
#1711250 0)
#1711375 0# 0(
#1711500 0" 0'
#1711750 0*
#1712750 1*
#1713000 1)
#1713250 1! 1" 1# 1$ 1& 1' 1(
#1714000 0)
#1715750 1)
#1716000 0" 0# 0$ 0% 0& 0(
#1716875 0) 0-
#1717000 0! 0'
#1717125 1# 1$
#1717375 0*
#1718375 1*
#1719000 1!
#1719250 0*
#1720250 1*
#1720750 0!
#1720875 1"
#1721125 0*
#1722125 1*
#1722750 1!
#1723000 0*
#1724000 1*
#1725125 1) 1-
#1725375 0! 0$ 1(
#1725500 1% 1'
#1726250 0)
#1726375 0' 0(
#1726500 0"
#1726750 0*
#1727750 1*
#1727875 1)
#1728250 1! 1" 1$ 1& 1' 1(
#1729000 0)
#1730750 1)
#1731000 0" 0# 0$ 0% 0& 0(
#1731750 0-
#1731875 0)
#1732000 0! 0'
#1732125 1%
#1732375 0*
#1733375 1*
#1734000 1!
#1734250 0*
#1735250 1*
#1735750 0!
#1735875 1"
#1736125 0*
#1737125 1*
#1737750 1!
#1738000 0*
#1739000 1*
#1740125 1) 1-
#1740375 0! 1' 1(
#1740500 1#
#1741250 0)
#1741375 0# 0' 0(
#1741500 0" 1$
#1741750 0*
#1742750 1*
#1742875 1)
#1743250 1! 1" 1# 1& 1' 1(
#1744000 0)
#1745750 1)
#1746000 0" 0# 0$ 0% 0& 0(
#1746750 0-
#1746875 0)
#1747000 0! 0'
#1747125 1# 1%
#1747375 0*
#1748375 1*
#1749000 1!
#1749250 0*
#1750250 1*
#1750750 0!
#1750875 1"
#1751125 0*
#1752125 1*
#1752750 1!
#1753000 0*
#1754000 1*
#1755125 1) 1-
#1755375 0! 1' 1(
#1756250 0)
#1756375 0" 0' 0(
#1756500 1$
#1756750 0*
#1757750 1*
#1757875 1)
#1758125 0#
#1758250 1!
#1759000 0)
#1759250 1" 1# 1&
#1759500 0+
#1760500 1+
#1760750 1)
#1761000 0" 0# 0$ 0% 0& 1'
#1761750 0-
#1761875 0)
#1762000 0! 0'
#1762125 1$ 1%
#1762375 0*
#1763375 1*
#1764000 1!
#1764250 0*
#1765250 1*
#1765750 0!
#1765875 1"
#1766125 0*
#1767125 1*
#1767750 1!
#1768000 0*
#1769000 1*
#1770125 1) 1-
#1770375 0! 0$ 1' 1(
#1770500 1#
#1771250 0)
#1771375 0" 0# 0% 0' 0(
#1771500 1&
#1771750 0*
#1772750 1*
#1772875 1)
#1773250 1! 1" 1# 1$ 1% 1' 1(
#1774000 0)
#1775750 1)
#1776000 0" 0# 0$ 0% 0& 0(
#1776750 0-
#1776875 0)
#1777000 0! 0'
#1777125 1# 1$ 1%
#1777375 0*
#1778375 1*
#1779000 1!
#1779250 0*
#1780250 1*
#1780750 0!
#1780875 1"
#1781125 0*
#1781375 0/
#1782125 1*
#1782750 1!
#1783000 0*
#1784000 1*
#1785125 1) 1-
#1785375 0! 0$ 1' 1(
#1786250 0)
#1786375 0" 0% 0' 0(
#1786500 1&
#1786750 0*
#1787750 1*
#1787875 1)
#1788250 1! 1" 1$ 1% 1' 1(
#1788375 1/
#1789000 0)
#1790750 1)
#1791000 0" 0# 0$ 0% 0& 0(
#1791750 0-
#1791875 0)
#1792000 0! 0'
#1792125 1&
#1792375 0*
#1793375 1*
#1794000 1!
#1794250 0*
#1795250 1*
#1795750 0!
#1795875 1"
#1796125 0*
#1797125 1*
#1797750 1!
#1798000 0*
#1799000 1*
#1800125 1) 1-
#1800375 0! 0& 1(
#1800500 1# 1% 1'
#1801250 0)
#1801375 0# 0' 0(
#1801500 0" 1$ 0% 1&
#1801750 0*
#1802750 1*
#1803000 1)
#1803250 1! 1" 1# 1% 1' 1(
#1804000 0)
#1805750 1)
#1806000 0" 0# 0$ 0% 0& 0(
#1806875 0) 0-
#1807000 0! 0'
#1807125 1# 1&
#1807375 0*
#1808375 1*
#1809000 1!
#1809250 0*
#1810250 1*
#1810750 0!
#1810875 1"
#1811125 0*
#1812125 1*
#1812750 1!
#1813000 0*
#1814000 1*
#1815125 1) 1-
#1815375 0! 0&
#1815500 1% 1' 1(
#1816250 0)
#1816375 0(
#1816500 0" 1$ 0% 1& 0'
#1816750 0*
#1817750 1*
#1818000 1)
#1818250 1" 0# 1% 0&
#1819000 0)
#1819375 1! 1# 1&
#1819500 0*
#1820500 1*
#1820750 1)
#1821000 0" 0# 0$ 0% 0&
#1821125 1'
#1821875 0) 0-
#1822000 0!
#1822125 1$ 1& 0'
#1822375 0*
#1823375 1*
#1824000 1!
#1824250 0*
#1825250 1*
#1825750 0!
#1825875 1"
#1826125 0*
#1827125 1*
#1827750 1!
#1828000 0*
#1829000 1*
#1830125 1)
#1830250 1-
#1830375 0! 0$ 0&
#1830500 1# 1% 1' 1(
#1831250 0)
#1831500 0" 0# 1& 0' 0(
#1831750 0*
#1832750 1*
#1833000 1)
#1833250 1! 1# 1' 1(
#1833375 1" 1$
#1834125 0)
#1835750 1)
#1836000 0# 0$
#1836125 0" 0% 0& 0(
#1836875 0) 0-
#1837125 0! 1# 1$ 1& 0'
#1837250 0/
#1837375 0*
#1838375 1*
#1839000 1!
#1839250 0*
#1840250 1*
#1840875 0! 1"
#1841125 0*
#1842125 1*
#1842750 1!
#1843000 0*
#1844000 1*
#1844250 1/
#1845125 1)
#1845250 1-
#1845375 0! 0&
#1845500 0$ 1% 1' 1(
#1846250 0)
#1846500 0" 1& 0' 0(
#1846750 0*
#1847750 1*
#1848000 1)
#1848250 1(
#1848375 1! 1" 1$ 1'
#1849125 0)
#1850750 1)
#1851125 0" 0# 0$ 0% 0& 0(
#1851875 0) 0-
#1852125 0! 1% 1& 0'
#1852375 0*
#1853375 1*
#1854000 1!
#1854250 0*
#1855250 1*
#1855875 0!
#1856000 1"
#1856125 0*
#1857125 1*
#1857750 1!
#1858000 0*
#1859000 1*
#1860250 1) 1-
#1860375 0!
#1860500 1# 0& 1' 1(
#1861250 0)
#1861500 0" 0# 1& 0' 0(
#1861625 1$
#1861750 0*
#1862750 1*
#1863000 1)
#1863375 1! 1" 1# 1' 1(
#1864125 0)
#1865875 1)
#1866125 0" 0# 0$ 0% 0& 0(
#1866875 0) 0-
#1867125 0! 0'
#1867250 1# 1% 1&
#1867375 0*
#1868375 1*
#1869000 1!
#1869250 0*
#1870250 1*
#1870875 0!
#1871000 1"
#1871125 0*
#1872250 1*
#1872750 1!
#1873000 0*
#1874125 1*
#1875250 1) 1-
#1875500 0! 0& 1' 1(
#1876375 0)
#1876500 0" 0' 0(
#1876625 1$ 1&
#1876750 0*
#1877875 1*
#1878000 1)
#1878250 0# 0&
#1878375 1! 1"
#1879125 0)
#1879375 1# 1&
#1879625 0+
#1880625 1+
#1880875 1)
#1881125 0" 0# 0$ 0% 0& 1'
#1881875 0-
#1882000 0)
#1882125 0! 0'
#1882250 1$ 1% 1&
#1882500 0*
#1883500 1*
#1884125 1!
#1884375 0*
#1885375 1*
#1885875 0!
#1886000 1"
#1886250 0*
#1887250 1*
#1887875 1!
#1888125 0*
#1889125 1*
#1890250 1) 1-
#1890500 0! 0$ 0& 1' 1(
#1890625 1#
#1891375 0)
#1891500 0" 0# 0% 0(
#1891875 0*
#1892875 1*
#1893000 1)
#1893375 1! 1" 1# 1$ 1% 1& 1(
#1894125 0)
#1895875 1)
#1896125 0" 0# 0$ 0% 0& 0(
#1896875 0-
#1897000 0)
#1897125 0! 0'
#1897250 1# 1$ 1% 1&
#1897500 0*
#1898500 1*
#1899125 1!
#1899375 0*
#1900375 1*
#1900875 0!
#1901000 1"
#1901250 0*
#1902250 1*
#1902875 1!
#1903125 0*
#1904125 1*
#1905250 1) 1-
#1905500 0! 0$ 0& 1(
#1905625 1'
#1906375 0)
#1906500 0(
#1906625 0" 0%
#1906875 0*
#1907875 1*
#1908125 1)
#1908375 1! 1" 1$ 1% 1& 1(
#1909125 0)
#1910875 1)
#1911125 0" 0# 0$ 0% 0& 0(
#1912000 0) 0-
#1912125 0!
#1912500 0*
#1913500 1*
#1914125 1!
#1914375 0*
#1915375 1*
#1915875 0!
#1916000 1"
#1916250 0*
#1917250 1*
#1917875 1!
#1918125 0*
#1919125 1*
#1920250 1)
#1920375 1-
#1920500 0!
#1920625 1# 1% 1(
#1921375 0)
#1921625 0" 0# 1$ 0% 0(
#1921875 0*
#1922875 1*
#1923125 1)
#1923375 1! 1(
#1923500 1" 1# 1% 1&
#1924250 0)
#1925875 1)
#1926125 0# 0% 0&
#1926250 0" 0$ 0(
#1927000 0) 0-
#1927250 0! 1#
#1927500 0*
#1928500 1*
#1929125 1!
#1929375 0*
#1930375 1*
#1931000 0! 1"
#1931250 0*
#1932250 1*
#1932875 1!
#1933125 0*
#1934125 1*
#1935250 1)
#1935375 1-
#1935500 0!
#1935625 1% 1(
#1936375 0)
#1936625 0" 1$ 0% 0(
#1936875 0*
#1937875 1*
#1938125 1)
#1938375 0'
#1938500 1%
#1939250 0)
#1939500 1! 1" 1&
#1939750 0*
#1940750 1*
#1940875 1)
#1941250 0" 0# 0$ 0% 0& 1'
#1942000 0) 0-
#1942250 0!
#1942375 1$
#1942500 0*
#1943500 1*
#1944125 1!
#1944375 0*
#1945375 1*
#1946000 0!
#1946125 1"
#1946250 0*
#1947250 1*
#1947875 1!
#1948125 0*
#1949125 1*
#1950375 1) 1-
#1950500 0!
#1950625 1# 0$ 1% 1(
#1951375 0)
#1951625 0" 0# 0(
#1951875 0*
#1952875 1*
#1953125 1)
#1953500 1! 1" 1# 1$ 1& 1(
#1954250 0)
#1956000 1)
#1956250 0" 0# 0$ 0% 0& 0(
#1957000 0) 0-
#1957250 0!
#1957375 1# 1$
#1957500 0*
#1958500 1*
#1959125 1!
#1959375 0*
#1960375 1*
#1961000 0!
#1961125 1"
#1961250 0*
#1962250 1*
#1962875 1!
#1963125 0*
#1964250 1*
#1965375 1) 1-
#1965625 0! 0$ 1% 1(
#1966375 0)
#1966625 0" 0(
#1966875 0*
#1968000 1*
#1968125 1)
#1968500 1! 1" 1$ 1& 1(
#1968625 0/
#1969250 0)
#1971000 1)
#1971250 0" 0# 0$ 0% 0& 0(
#1972000 0) 0-
#1972250 0!
#1972375 1%
#1972500 0*
#1973625 1*
#1974250 1!
#1974375 0*
#1975500 1*
#1975625 1/
#1976000 0!
#1976125 1"
#1976250 0*
#1977375 1*
#1978000 1!
#1978125 0*
#1979250 1*
#1980375 1) 1-
#1980625 0! 1# 1(
#1981500 0)
#1981625 0" 0# 0(
#1981750 1$
#1981875 0*
#1983000 1*
#1983125 1)
#1983500 1! 1" 1# 1& 1(
#1984250 0)
#1986000 1)
#1986250 0" 0# 0$ 0% 0& 0(
#1987000 0-
#1987125 0)
#1987250 0!
#1987375 1# 1%
#1987500 0*
#1988625 1*
#1989250 1!
#1989500 0*
#1990500 1*
#1991000 0!
#1991125 1"
#1991250 0*
#1992375 1*
#1993000 1!
#1993250 0*
#1994250 1*
#1995375 1) 1-
#1995625 0! 1(
#1996500 0)
#1996625 0" 0(
#1996750 1$
#1996875 0*
#1998000 1*
#1998125 1)
#1998375 0'
#1998500 1!
#1999250 0)
#1999500 1" 1&
#1999750 0+
#2000750 1+
#2001000 1)
#2001250 0" 0# 0$ 0% 0& 1'
#2002000 0-
#2002125 0)
#2002250 0!
#2002375 1$ 1%
#2002625 0*
#2003625 1*
#2004250 1!
#2004500 0*
#2005500 1*
#2006000 0!
#2006125 1"
#2006375 0*
#2007375 1*
#2008000 1!
#2008250 0*
#2009250 1*
#2010375 1) 1-
#2010625 0! 1# 0$ 1(
#2011500 0)
#2011625 0" 0# 0% 0(
#2011750 1&
#2011875 0*
#2013000 1*
#2013125 1)
#2013500 1! 1" 1# 1$ 1% 1(
#2014250 0)
#2016000 1)
#2016250 0" 0# 0$ 0% 0& 0(
#2017000 0-
#2017125 0)
#2017250 0!
#2017375 1# 1$ 1%
#2017500 0*
#2018625 1*
#2019250 1!
#2019375 0*
#2020500 1*
#2021000 0!
#2021125 1"
#2021250 0*
#2022375 1*
#2023000 1!
#2023125 0*
#2024250 1*
#2024500 0/
#2025375 1) 1-
#2025625 0! 0$ 1(
#2026500 0)
#2026625 0" 0% 0(
#2026750 1&
#2026875 0*
#2028000 1*
#2028125 1)
#2028500 1! 1" 1$ 1% 1(
#2029250 0)
#2031000 1)
#2031250 0" 0# 0$ 0% 0& 0(
#2031500 1/
#2032000 0) 0-
#2032250 0!
#2032375 1&
#2032500 0*
#2033625 1*
#2034250 1!
#2034375 0*
#2035500 1*
#2036000 0!
#2036125 1"
#2036250 0*
#2037375 1*
#2037875 1!
#2038125 0*
#2039125 1*
#2040375 1) 1-
#2040625 0! 1# 1% 0& 1(
#2041375 0)
#2041625 0" 0# 0% 0(
#2041750 1$ 1&
#2041875 0*
#2042875 1*
#2043125 1)
#2043500 1! 1" 1# 1% 1(
#2044250 0)
#2046000 1)
#2046250 0" 0# 0$ 0% 0& 0(
#2047000 0) 0-
#2047250 0!
#2047375 1# 1&
#2047500 0*
#2048500 1*
#2049125 1!
#2049375 0*
#2050375 1*
#2051000 0!
#2051125 1"
#2051250 0*
#2052250 1*
#2052875 1!
#2053125 0*
#2054125 1*
#2055375 1) 1-
#2055500 0!
#2055625 1% 0& 1(
#2056375 0)
#2056625 0" 0% 1& 0(
#2056750 1$
#2056875 0*
#2057875 1*
#2058125 1)
#2058375 0& 0'
#2058500 1" 1%
#2059250 0)
#2059500 1! 1&
#2059750 0*
#2060750 1*
#2060875 1)
#2061250 0" 0# 0$ 0% 0& 1'
#2062000 0) 0-
#2062250 0! 1&
#2062375 1$
#2062500 0*
#2063500 1*
#2064125 1!
#2064375 0*
#2065375 1*
#2066000 0! 1"
#2066250 0*
#2067250 1*
#2067875 1!
#2068125 0*
#2069125 1*
#2070250 1)
#2070375 1-
#2070500 0! 0&
#2070625 1# 0$ 1% 1(
#2071375 0)
#2071625 0" 0# 1& 0(
#2071875 0*
#2072875 1*
#2073125 1)
#2073375 0% 0&
#2074250 0)
#2074375 0'
#2074750 0+
#2075750 1+
#2075875 1)
#2076250 1! 1'
#2077000 0) 0-
#2077250 0! 1# 1$ 1&
#2077500 0*
#2078500 1*
#2079125 1!
#2079375 0*
#2080375 1*
#2081000 0! 1"
#2081250 0*
#2082250 1*
#2082875 1!
#2083125 0*
#2084125 1*
#2085250 1)
#2085375 1-
#2085500 0! 0$ 0&
#2085625 1% 1(
#2086375 0)
#2086625 0" 1& 0(
#2086875 0*
#2087875 1*
#2088125 1)
#2088375 1! 1" 1(
#2088500 1$
#2089250 0)
#2090875 1)
#2091125 0# 0$ 0% 0&
#2091250 0" 0(
#2092000 0) 0-
#2092125 0!
#2092250 1% 1&
#2092500 0*
#2093500 1*
#2094125 1!
#2094375 0*
#2095375 1*
#2095875 0!
#2096000 1"
#2096250 0*
#2097250 1*
#2097875 1!
#2098125 0*
#2099125 1*
#2100250 1)
#2100375 1-
#2100500 0! 0&
#2100625 1# 1(
#2101375 0)
#2101500 0(
#2101625 0" 0# 1$ 1&
#2101875 0*
#2102875 1*
#2103125 1)
#2103375 1! 1" 1# 1(
#2104125 0)
#2105875 1)
#2106125 0" 0# 0$ 0% 0& 0(
#2107000 0) 0-
#2107125 0!
#2107250 1# 1% 1&
#2107500 0*
#2108500 1*
#2109125 1!
#2109375 0*
#2110375 1*
#2110875 0!
#2111000 1"
#2111250 0*
#2112250 1*
#2112875 1!
#2113125 0*
#2114125 1*
#2115250 1) 1-
#2115500 0! 0& 1(
#2116375 0)
#2116500 0(
#2116625 0" 1$ 1&
#2116750 0/
#2116875 0*
#2117875 1*
#2118000 1)
#2118250 0&
#2118375 1! 1" 0'
#2119125 0)
#2119375 1&
#2119625 0+
#2120625 1+
#2120875 1)
#2121125 0" 0# 0$ 0% 0& 1'
#2121875 0-
#2122000 0)
#2122125 0!
#2122250 1$ 1% 1&
#2122500 0*
#2123500 1*
#2123750 1/
#2124125 1!
#2124375 0*
#2125375 1*
#2125875 0!
#2126000 1"
#2126250 0*
#2127250 1*
#2127875 1!
#2128125 0*
#2129125 1*
#2130250 1) 1-
#2130500 1(
#2130625 1#
#2131375 0)
#2131875 0+
#2132875 1+
#2133000 1)
#2134125 0)
#2135875 1)
#2136125 0" 0# 0$ 0% 0& 0(
#2136875 0-
#2137000 0)
#2137125 0!
#2137250 1# 1$ 1% 1&
#2137500 0*
#2138500 1*
#2139125 1!
#2139375 0*
#2140375 1*
#2140875 0!
#2141000 1"
#2141250 0*
#2142250 1*
#2142875 1!
#2143125 0*
#2144125 1*
#2145250 1) 1-
#2145500 0! 0$ 0& 1(
#2146375 0)
#2146500 0" 0# 0% 0(
#2146875 0*
#2147875 1*
#2148500 1!
#2148750 0*
#2149750 1*
#2150250 0!
#2150375 1"
#2150625 0*
#2151375 1)
#2151625 1( 1*
#2151750 1# 1%
#2152375 0)
#2152625 0" 0# 0% 0' 0(
#2152875 0*
#2153875 1*
#2154500 1!
#2154750 0*
#2155750 1*
#2156375 0!
#2156500 1"
#2156625 0*
#2157375 1)
#2157625 1*
#2157750 1! 1# 1$ 1% 1& 1' 1(
#2158500 0)
#2160250 1)
#2160500 0! 0# 0&
#2161375 0)
#2161500 0$ 0% 0' 0(
#2161750 0*
#2162875 1*
#2163500 1%
#2163625 0*
#2164750 1*
#2164875 1)
#2165125 0"
#2165250 1! 1# 1' 1(
#2166000 0)
#2166250 0! 1" 0# 0% 0' 0(
#2166500 0*
#2167500 1*
#2167750 1)
#2168000 0" 1$ 1% 1' 1(
#2168875 0)
#2169000 0$ 0% 0' 0(
#2169125 1"
#2169250 0*
#2170375 1*
#2171000 1%
#2171125 0*
#2172250 1*
#2172375 1)
#2172625 0" 0/
#2172750 1# 1' 1(
#2173500 0)
#2173750 1" 0# 0% 0' 0(
#2174000 0*
#2175000 1*
#2175250 1)
#2175500 1# 1% 1' 1(
#2176250 0)
#2176500 0" 0# 0% 0' 0(
#2176750 0*
#2177875 1*
#2178500 1!
#2178625 0*
#2179625 1/
#2179750 1*
#2180250 0!
#2180375 1"
#2180500 0*
#2181250 1)
#2181500 1*
#2181625 1# 1% 1' 1(
#2182375 0)
#2182625 0" 0# 0% 0' 0(
#2182875 0*
#2183875 1*
#2184500 1!
#2184750 0*
#2185750 1*
#2186375 0! 1"
#2186625 0*
#2187875 1)
#2188125 1*
#2188625 1! 1# 1$ 1% 1& 1' 1(
#2189500 0)
#2191625 1)
#2191875 0! 0" 0# 0&
#2192750 0)
#2193375 0$ 0% 0' 0(
#2193500 1"
#2193625 0*
#2194750 1*
#2195375 1%
#2195500 0*
#2196500 1*
#2196750 1)
#2197000 0"
#2197125 1# 1' 1(
#2197875 0)
#2198125 1" 0# 0% 0' 0(
#2198375 0*
#2199375 1*
#2199625 1)
#2199875 0" 1$ 1% 1' 1(
#2200625 0)
#2200875 0$ 0% 0' 0(
#2201000 1"
#2201125 0*
#2202125 1*
#2202875 1%
#2203000 0*
#2204125 1*
#2204250 1)
#2204500 0"
#2204625 1# 1' 1(
#2205375 0)
#2205500 0(
#2205625 1" 0# 0% 0'
#2205875 0*
#2206875 1*
#2207125 1)
#2207375 1# 1% 1' 1(
#2208125 0)
#2208375 0" 0# 0% 0' 0(
#2208625 0*
#2209750 1*
#2210375 1!
#2210500 0*
#2211625 1*
#2212125 0!
#2212250 1"
#2212375 0*
#2213125 1)
#2213375 1*
#2213500 1# 1% 1' 1(
#2214250 0)
#2214500 0" 0# 0% 0' 0(
#2214750 0*
#2215750 1*
#2216375 1!
#2216625 0*
#2217625 1*
#2218250 0! 1"
#2218500 0*
#2219250 1)
#2219500 1*
#2219625 1! 1# 1$ 1% 1& 1' 1(
#2220375 0)
#2222125 1)
#2222375 0! 0" 0# 0&
#2223250 0)
#2223375 0$ 0% 0' 0(
#2223500 1"
#2223625 0*
#2224750 1*
#2225375 1%
#2225500 0*
#2226625 1*
#2226750 1)
#2227000 0"
#2227125 1# 1' 1(
#2227875 0)
#2228125 1" 0# 0% 0' 0(
#2228375 0*
#2229375 1*
#2229625 1)
#2229875 0" 1$ 1% 1' 1(
#2230750 0)
#2230875 0$ 0% 0' 0(
#2231000 1"
#2231125 0*
#2232250 1*
#2232875 1%
#2233000 0*
#2234125 1*
#2234250 1)
#2234500 0"
#2234625 1# 1' 1(
#2235375 0)
#2235625 1" 0# 0% 0' 0(
#2235875 0*
#2236875 1*
#2237125 1)
#2237375 1' 1(
#2237500 1# 1%
#2238250 0)
#2238375 0" 0# 0% 0' 0(
#2238625 0*
#2239750 1*
#2240375 1!
#2240625 0*
#2241625 1*
#2242125 0!
#2242250 1"
#2242500 0*
#2243250 1)
#2243500 1' 1( 1*
#2243625 1# 1%
#2244250 0)
#2244500 0" 0# 0% 0' 0(
#2244750 0*
#2245750 1*
#2246500 1!
#2246625 0*
#2247625 1*
#2248250 0!
#2248375 1"
#2248500 0*
#2249250 1)
#2249500 1*
#2249625 1! 1# 1$ 1% 1& 1' 1(
#2250375 0)
#2252125 1)
#2252375 0! 0" 0# 0&
#2253250 0)
#2253375 0$ 0% 0' 0(
#2253500 1"
#2253750 0*
#2254750 1*
#2255375 1%
#2255625 0*
#2256625 1*
#2256750 1)
#2257000 0"
#2257125 1# 1' 1(
#2257875 0)
#2258125 1" 0# 0% 0' 0(
#2258375 0*
#2259375 1*
#2259625 1)
#2259875 0" 1(
#2260000 1$ 1% 1'
#2260750 0)
#2260875 0$ 0% 0' 0(
#2261000 1"
#2261250 0*
#2262250 1*
#2262875 1%
#2263125 0*
#2264125 1*
#2264375 1)
#2264625 0" 1# 1' 1(
#2265375 0)
#2265625 0# 0% 0' 0(
#2265750 1"
#2265875 0*
#2266875 1*
#2267125 1)
#2282500 1! 1# 1$ 1% 1& 1' 1(
#2283250 0)
#2285000 1)
#2287000 0)
#2288750 1)
#2291750 0! 0&
#2291875 0$
#2292625 0)
#2292875 0" 0# 0% 0' 0(
#2293125 0*
#2294125 1*
#2294375 1)
#2294625 1(
#2294750 1! 1" 1# 1$ 1% 1& 1'
#2295500 0)
#2297125 1)
#2298250 0)
#2298750 0+
#2299750 1+
#2300625 0+
#2301625 1+
#2302500 0+
#2303500 1+
#2304375 0+
#2305375 1+
#2306625 1)
#2306875 0! 0$ 0&
#2307625 0)
#2307875 0" 0% 0' 0(
#2308125 0*
#2309125 1*
#2309375 1)
#2309750 1! 1" 1$ 1% 1& 1' 1(
#2310500 0)
#2312250 1)
#2312500 0" 0# 0$ 0% 0& 0(
#2313250 0) 0-
#2313500 0! 0' 1(
#2313750 0*
#2314750 1*
#2315375 1!
#2315625 0*
#2316625 1*
#2317250 0!
#2317375 1"
#2317500 0*
#2318625 1*
#2319125 1!
#2319375 0*
#2320500 1*
#2321625 1) 1-
#2321875 0! 1# 1% 1'
#2322750 0)
#2322875 0" 0# 0% 0' 0(
#2323000 1$
#2323125 0*
#2324250 1*
#2324375 1)
#2324750 1! 1" 1# 1% 1& 1' 1(
#2325500 0)
#2327250 1)
#2327500 0" 0# 0$ 0% 0& 0(
#2328250 0-
#2328375 0)
#2328500 0! 0'
#2328625 1# 1(
#2328750 0*
#2329875 1*
#2330500 1!
#2330750 0*
#2331750 1*
#2332250 0!
#2332375 1"
#2332625 0*
#2333625 1*
#2334250 1!
#2334500 0*
#2335500 1*
#2336625 1) 1-
#2336875 0! 1'
#2337000 1%
#2337750 0)
#2337875 0" 0% 0' 0(
#2338000 1$
#2338250 0*
#2339250 1*
#2339375 1)
#2339625 0# 0$
#2339750 1&
#2340500 0)
#2340750 1! 1" 1# 1$ 1%
#2341000 0*
#2342000 1*
#2342250 1)
#2342500 0" 0# 0$ 0% 0& 1'
#2343250 0-
#2343375 0)
#2343500 0! 0'
#2343625 1$ 1(
#2343875 0*
#2344875 1*
#2345500 1!
#2345750 0*
#2346000 00
#2346750 1*
#2347250 0!
#2347375 1"
#2347625 0*
#2348625 1*
#2349250 1!
#2349500 0*
#2350500 1*
#2351625 1) 1-
#2351875 0! 0$
#2352000 1# 1% 1'
#2352750 0)
#2352875 0# 0'
#2353000 0" 0( 10
#2353250 0*
#2354250 1*
#2354500 1)
#2354750 1! 1" 1# 1$ 1& 1' 1(
#2355500 0)
#2357250 1)
#2357500 0" 0# 0$ 0% 0& 0(
#2358375 0) 0-
#2358500 0!
#2358625 1# 1$ 0' 1(
#2358875 0*
#2359875 1*
#2360500 1!
#2360750 0*
#2361750 1*
#2362250 0!
#2362375 1"
#2362625 0*
#2363625 1*
#2364250 1!
#2364500 0*
#2365500 1*
#2366625 1)
#2366750 1-
#2366875 0! 0$
#2367000 1% 1'
#2367750 0)
#2368000 0" 0' 0(
#2368250 0*
#2369250 1*
#2369500 1)
#2369750 1! 1& 1' 1(
#2369875 1" 1$
#2370625 0)
#2372250 1)
#2372500 0# 0$ 0&
#2372625 0" 0% 0(
#2373375 0) 0-
#2373625 0! 1% 0' 1(
#2373875 0*
#2374875 1*
#2375500 1!
#2375750 0*
#2376750 1*
#2377375 0! 1"
#2377625 0*
#2378625 1*
#2379250 1!
#2379500 0*
#2380500 1*
#2381625 1)
#2381750 1-
#2381875 0!
#2382000 1# 1'
#2382750 0)
#2383000 0" 0# 1$ 0' 0(
#2383250 0*
#2384250 1*
#2384500 1)
#2384750 1' 1(
#2384875 1! 1" 1# 1&
#2385625 0)
#2387250 1)
#2387625 0" 0# 0$ 0% 0& 0(
#2388375 0) 0-
#2388625 0! 1# 1% 0' 1(
#2388875 0*
#2389875 1*
#2390500 1!
#2390750 0*
#2391750 1*
#2392375 0! 1"
#2392625 0*
#2393625 1*
#2394250 1!
#2394500 0*
#2395500 1*
#2396625 1)
#2396750 1-
#2396875 0!
#2397000 1'
#2397750 0)
#2398000 0" 1$ 0' 0(
#2398250 0*
#2399250 1*
#2399500 1)
#2399750 1! 0# 0$ 0%
#2399875 1&
#2400625 0)
#2400875 1" 1# 1$ 1%
#2401125 0+
#2402125 1+
#2402250 1)
#2402500 0#
#2402625 0" 0$ 0% 0& 1'
#2403375 0) 0-
#2403625 0! 1$ 1% 0' 1(
#2403875 0*
#2404875 1*
#2405500 1!
#2405750 0*
#2406750 1*
#2407375 0! 1"
#2407625 0*
#2408625 1*
#2409250 1!
#2409500 0*
#2410500 1*
#2411750 1) 1-
#2411875 0!
#2412000 1# 0$ 1'
#2412750 0)
#2413000 0" 0# 0% 1& 0' 0(
#2413250 0*
#2414250 1*
#2414500 1)
#2414875 1! 1" 1# 1$ 1% 1' 1(
#2415625 0)
#2417375 1)
#2417625 0" 0# 0$ 0% 0& 0(
#2418375 0) 0-
#2418625 0! 0' 1(
#2418750 1# 1$ 1%
#2418875 0*
#2419875 1*
#2420500 1!
#2420750 0*
#2421500 00
#2421750 1*
#2422375 0!
#2422500 1"
#2422625 0*
#2423625 1*
#2424250 1!
#2424500 0*
#2425500 1*
#2426750 1) 1-
#2426875 0!
#2427000 0$ 1'
#2427750 0)
#2428000 0" 0% 1& 0' 0(
#2428250 0*
#2428500 10
#2429250 1*
#2429500 1)
#2429875 1! 1" 1$ 1% 1' 1(
#2430625 0)
#2432375 1)
#2432625 0" 0# 0$ 0% 0& 0(
#2433375 0) 0-
#2433625 0! 1& 0' 1(
#2433875 0*
#2434875 1*
#2435500 1!
#2435750 0*
#2436750 1*
#2437375 0!
#2437500 1"
#2437625 0*
#2438625 1*
#2439250 1!
#2439500 0*
#2440500 1*
#2441750 1) 1-
#2441875 0!
#2442000 1# 1% 0& 1'
#2442750 0)
#2443000 0" 0# 0% 1& 0' 0(
#2443125 1$
#2443250 0*
#2444250 1*
#2444500 1)
#2444875 1! 1" 1# 1% 1' 1(
#2445625 0)
#2447375 1)
#2447625 0" 0# 0$ 0% 0& 0(
#2448375 0) 0-
#2448625 0! 1& 0' 1(
#2448750 1#
#2448875 0*
#2449875 1*
#2450500 1!
#2450750 0*
#2451750 1*
#2452375 0!
#2452500 1"
#2452625 0*
#2453625 1*
#2454250 1!
#2454500 0*
#2455500 1*
#2456750 1) 1-
#2456875 0!
#2457000 1% 0& 1'
#2457750 0)
#2458000 0" 1$ 0% 1& 0' 0(
#2458250 0*
#2459250 1*
#2459500 1)
#2459750 0# 0$
#2459875 1"
#2460625 0)
#2460875 1! 1# 1$ 1%
#2461125 0*
#2462125 1*
#2462250 1)
#2462500 0#
#2462625 0" 0$ 0% 0& 1'
#2463375 0) 0-
#2463625 0! 1& 0' 1(
#2463750 1$
#2463875 0*
#2464875 1*
#2465500 1!
#2465750 0*
#2466750 1*
#2467375 0! 1"
#2467625 0*
#2468625 1*
#2469250 1!
#2469500 0*
#2470500 1*
#2471625 1)
#2471750 1-
#2471875 0! 0&
#2472000 1# 0$ 1% 1'
#2472750 0)
#2473000 0" 0# 1& 0' 0(
#2473250 0*
#2474250 1*
#2474500 1)
#2474750 1(
#2474875 1! 1" 1# 1$ 1'
#2475625 0)
#2477250 1)
#2477625 0" 0# 0$ 0% 0& 0(
#2478375 0) 0-
#2478625 0! 1# 1$ 1& 0' 1(
#2478875 0*
#2479875 1*
#2480500 1!
#2480750 0*
#2481750 1*
#2482375 0! 1"
#2482625 0*
#2483625 1*
#2484250 1!
#2484500 0*
#2485500 1*
#2486625 1)
#2486750 1-
#2486875 0! 0&
#2487000 0$ 1% 1'
#2487750 0)
#2488000 0" 1& 0' 0(
#2488250 0*
#2489250 1*
#2489500 1)
#2489750 1! 1' 1(
#2489875 1" 1$
#2490625 0)
#2492250 1)
#2492500 0$
#2492625 0" 0# 0% 0& 0(
#2493375 0) 0-
#2493625 0! 1% 1& 0' 1(
#2493875 0*
#2494875 1*
#2495500 1!
#2495750 0*
#2496750 1*
#2497250 0!
#2497375 1"
#2497625 0*
#2498625 1*
#2499250 1!
#2499500 0*
#2500500 1*
#2501625 1)
#2501750 1-
#2501875 0! 0&
#2502000 1# 1'
#2502750 0)
#2503000 0" 0# 1$ 1& 0' 0(
#2503250 0*
#2504250 1*
#2504500 1)
#2504750 1! 1" 1# 1' 1(
#2505625 0)
#2507250 1)
#2507500 0" 0# 0$ 0% 0&
#2507625 0(
#2508375 0) 0-
#2508500 0!
#2508625 1# 1% 1& 0' 1(
#2508875 0*
#2509875 1*
#2510500 1!
#2510750 0*
#2511750 1*
#2512250 0!
#2512375 1"
#2512625 0*
#2513625 1*
#2514250 1!
#2514500 0*
#2515500 1*
#2516625 1) 1-
#2516875 0! 0&
#2517000 1'
#2517750 0)
#2517875 0'
#2518000 0" 1$ 1& 0(
#2518250 0*
#2519250 1*
#2519500 1)
#2519625 0$
#2519750 1! 1" 0# 0%
#2520500 0)
#2520750 1$
#2520875 1# 1%
#2521000 0+
#2522000 1+
#2522250 1)
#2522500 0" 0# 0$ 0% 0&
#2522625 1'
#2523250 0-
#2523375 0)
#2523500 0! 0'
#2523625 1$ 1% 1& 1(
#2523875 0*
#2524875 1*
#2525500 1!
#2525750 0*
#2526750 1*
#2527250 0!
#2527375 1"
#2527625 0*
#2528625 1*
#2529250 1!
#2529500 0*
#2530500 1*
#2531625 1) 1-
#2531875 0! 0$ 0& 1'
#2532000 1#
#2532750 0)
#2532875 0# 0% 0(
#2533000 0"
#2533250 0*
#2534250 1*
#2534375 1)
#2534750 1! 1" 1# 1$ 1% 1& 1(
#2535500 0)
#2537250 1)
#2537500 0" 0# 0$ 0% 0& 0(
#2538250 0-
#2538375 0)
#2538500 0! 0'
#2538625 1# 1$ 1% 1& 1(
#2538875 0*
#2539875 1*
#2540500 1!
#2540750 0*
#2541750 1*
#2542250 0!
#2542375 1"
#2542625 0*
#2543625 1*
#2544250 1!
#2544500 0*
#2545500 1*
#2546625 1) 1-
#2546875 0! 0$ 0& 1'
#2547750 0)
#2547875 0" 0% 0(
#2548250 0*
#2549250 1*
#2549375 1)
#2549750 1! 1" 1$ 1% 1& 1(
#2550500 0)
#2552250 1)
#2552500 0" 0# 0$ 0% 0& 0(
#2553250 0-
#2553375 0)
#2553500 0!
#2553625 1(
#2553875 0*
#2554875 1*
#2555500 1!
#2555750 0*
#2556750 1*
#2557250 0!
#2557375 1"
#2557500 0*
#2558625 1*
#2559250 1!
#2559375 0*
#2560500 1*
#2561625 1) 1-
#2561875 0! 1# 1%
#2562750 0)
#2562875 0" 0# 0% 0(
#2563000 1$
#2563125 0*
#2564250 1*
#2564375 1)
#2564750 1! 1" 1# 1% 1& 1(
#2565500 0)
#2567250 1)
#2567500 0" 0# 0$ 0% 0& 0(
#2568250 0) 0-
#2568500 0!
#2568625 1# 1(
#2568750 0*
#2569875 1*
#2570500 1!
#2570625 0*
#2571750 1*
#2572250 0!
#2572375 1"
#2572500 0*
#2573500 1*
#2574125 1!
#2574375 0*
#2575375 1*
#2576625 1) 1-
#2576750 0!
#2576875 1%
#2577625 0)
#2577875 0" 0% 0(
#2578000 1$
#2578125 0*
#2579125 1*
#2579375 1)
#2579625 0$ 0'
#2579750 1&
#2580500 0)
#2580750 1! 1" 1$ 1%
#2581000 0*
#2582000 1*
#2582250 1)
#2582500 0" 0# 0$ 0% 0& 1'
#2583250 0) 0-
#2583500 0! 1(
#2583625 1$
#2583750 0*
#2584750 1*
#2585375 1!
#2585625 0*
#2586625 1*
#2587250 0!
#2587375 1"
#2587500 0*
#2588500 1*
#2589125 1!
#2589375 0*
#2590375 1*
#2591625 1) 1-
#2591750 0!
#2591875 1# 0$ 1%
#2592625 0)
#2592875 0" 0# 0(
#2593125 0*
#2594125 1*
#2594375 1)
#2594750 1! 1" 1# 1$ 1& 1(
#2595500 0)
#2597250 1)
#2597500 0" 0# 0$ 0% 0& 0(
#2598250 0) 0-
#2598500 0! 1(
#2598625 1# 1$
#2598750 0*
#2599750 1*
#2600375 1!
#2600625 0*
#2601625 1*
#2602250 0!
#2602375 1"
#2602500 0*
#2603500 1*
#2604125 1!
#2604375 0*
#2605375 1*
#2606625 1) 1-
#2606750 0!
#2606875 0$ 1%
#2607625 0)
#2607875 0" 0(
#2608125 0*
#2609125 1*
#2609375 1)
#2609750 1! 1" 1$ 1& 1(
#2610500 0)
#2612125 1)
#2612500 0" 0# 0$ 0% 0& 0(
#2613250 0) 0-
#2613500 0! 1(
#2613625 1%
#2613750 0*
#2614750 1*
#2615375 1!
#2615625 0*
#2616625 1*
#2617250 0! 1"
#2617500 0*
#2618500 1*
#2619125 1!
#2619375 0*
#2620375 1*
#2621500 1)
#2621625 1-
#2621750 0!
#2621875 1#
#2622625 0)
#2622875 0" 0# 1$ 0(
#2623125 0*
#2624125 1*
#2624375 1)
#2624750 1! 1" 1# 1& 1(
#2625500 0)
#2627125 1)
#2627500 0" 0# 0$ 0% 0& 0(
#2628250 0) 0-
#2628500 0! 1(
#2628625 1# 1%
#2628750 0*
#2629750 1*
#2630375 1!
#2630625 0*
#2631625 1*
#2632250 0! 1"
#2632500 0*
#2633500 1*
#2634125 1!
#2634375 0*
#2635375 1*
#2636625 1) 1-
#2636750 0!
#2637625 0)
#2637875 0" 1$ 0(
#2638125 0*
#2639125 1*
#2639375 1)
#2639625 0$ 0% 0'
#2639750 1! 1&
#2640500 0)
#2640750 1" 1$ 1%
#2641000 0+
#2642000 1+
#2642250 1)
#2642500 0" 0# 0$ 0% 0& 1'
#2643250 0) 0-
#2643500 0! 1(
#2643625 1$ 1%
#2643750 0*
#2644750 1*
#2645375 1!
#2645625 0*
#2646625 1*
#2647250 0!
#2647375 1"
#2647500 0*
#2648500 1*
#2649125 1!
#2649375 0*
#2650375 1*
#2651625 1) 1-
#2651750 0!
#2651875 1# 0$
#2652625 0)
#2652875 0" 0# 0% 1& 0(
#2653125 0*
#2654125 1*
#2654375 1)
#2654750 1! 1" 1# 1$ 1% 1(
#2655500 0)
#2657250 1)
#2657500 0" 0# 0$ 0% 0& 0(
#2658250 0) 0-
#2658500 0! 1(
#2658625 1# 1$ 1%
#2658750 0*
#2659750 1*
#2660375 1!
#2660625 0*
#2661625 1*
#2662250 0!
#2662375 1"
#2662500 0*
#2663500 1*
#2664125 1!
#2664375 0*
#2665375 1*
#2666625 1) 1-
#2666875 0! 0$
#2667625 0)
#2667875 0" 0% 0(
#2668000 1&
#2668125 0*
#2669125 1*
#2669375 1)
#2669750 1! 1" 1$ 1% 1(
#2670500 0)
#2672250 1)
#2672500 0" 0# 0$ 0% 0& 0(
#2673250 0) 0-
#2673500 0!
#2673625 1& 1(
#2673750 0*
#2674875 1*
#2675500 1!
#2675625 0*
#2676750 1*
#2677250 0!
#2677375 1"
#2677500 0*
#2678625 1*
#2679250 1!
#2679375 0*
#2680500 1*
#2681625 1) 1-
#2681875 0! 1# 1% 0&
#2682750 0)
#2682875 0" 0# 0% 0(
#2683000 1$ 1&
#2683125 0*
#2684250 1*
#2684375 1)
#2684750 1! 1" 1# 1% 1(
#2685500 0)
#2687250 1)
#2687500 0" 0# 0$ 0% 0& 0(
#2688250 0-
#2688375 0)
#2688500 0!
#2688625 1# 1& 1(
#2688875 0*
#2689875 1*
#2690500 1!
#2690750 0*
#2691750 1*
#2692250 0!
#2692375 1"
#2692625 0*
#2693625 1*
#2694250 1!
#2694500 0*
#2695500 1*
#2696625 1) 1-
#2696875 0! 0&
#2697000 1%
#2697750 0)
#2697875 0" 0% 0(
#2698000 1$ 1&
#2698250 0*
#2699250 1*
#2699375 1)
#2699625 0$ 0'
#2699750 1"
#2700500 0)
#2700750 1! 1$ 1%
#2701000 0*
#2702000 1*
#2702250 1)
#2702500 0" 0# 0$ 0% 0& 1'
#2703250 0-
#2703375 0)
#2703500 0!
#2703625 1$ 1& 1(
#2703875 0*
#2704875 1*
#2705500 1!
#2705750 0*
#2706750 1*
#2707250 0!
#2707375 1"
#2707625 0*
#2708625 1*
#2709250 1!
#2709500 0*
#2710500 1*
#2711625 1) 1-
#2711875 0! 0$ 0&
#2712000 1# 1%
#2712750 0)
#2712875 0# 0(
#2713000 0" 1&
#2713250 0*
#2714250 1*
#2714500 1)
#2714750 1! 1" 1# 1$ 1(
#2715500 0)
#2717250 1)
#2717500 0" 0# 0$ 0% 0& 0(
#2718375 0) 0-
#2718500 0!
#2718625 1# 1$ 1& 1(
#2718875 0*
#2719875 1*
#2720500 1!
#2720750 0*
#2721750 1*
#2722250 0!
#2722375 1"
#2722625 0*
#2723625 1*
#2724250 1!
#2724500 0*
#2725500 1*
#2726625 1)
#2726750 1-
#2726875 0! 0$ 0&
#2727000 1%
#2727750 0)
#2728000 0" 1& 0(
#2728250 0*
#2728875 0/
#2729250 1*
#2729500 1)
#2729750 1! 1" 1(
#2729875 1$
#2730625 0)
#2732250 1)
#2732500 0# 0$ 0% 0&
#2732625 0" 0(
#2733375 0) 0-
#2733500 0!
#2733625 1% 1& 1(
#2733875 0*
#2734875 1*
#2735500 1!
#2735750 0*
#2735875 1/
#2736750 1*
#2737375 0! 1"
#2737625 0*
#2738625 1*
#2739250 1!
#2739500 0*
#2740500 1*
#2741625 1)
#2741750 1-
#2741875 0! 0&
#2742000 1#
#2742750 0)
#2743000 0" 0# 1$ 1& 0(
#2743250 0*
#2744250 1*
#2744500 1)
#2744750 1(
#2744875 1! 1" 1#
#2745625 0)
#2747250 1)
#2747625 0" 0# 0$ 0% 0& 0(
#2748375 0) 0-
#2748625 0! 1# 1% 1& 1(
#2748875 0*
#2749875 1*
#2750500 1!
#2750750 0*
#2751750 1*
#2752375 0! 1"
#2752625 0*
#2753625 1*
#2754250 1!
#2754500 0*
#2755500 1*
#2756750 1) 1-
#2756875 0!
#2757000 0&
#2757750 0)
#2758000 0" 1& 0(
#2758125 1$
#2758250 0*
#2759250 1*
#2759500 1)
#2759750 0$ 0% 0'
#2759875 1! 1"
#2760625 0)
#2760875 1$ 1%
#2761125 0+
#2762125 1+
#2762375 1)
#2762625 0" 0# 0$ 0% 0& 1'
#2763375 0) 0-
#2763625 0!
#2763750 1$ 1% 1& 1(
#2763875 0*
#2764875 1*
#2765500 1!
#2765750 0*
#2766750 1*
#2767375 0!
#2767500 1"
#2767625 0*
#2768750 1*
#2769250 1!
#2769500 0*
#2770625 1*
#2771750 1) 1-
#2772000 1#
#2772875 0)
#2773375 0+
#2774375 1+
#2774500 1)
#2775625 0)
#2777375 1)
#2777625 0" 0# 0$ 0% 0& 0(
#2778375 0-
#2778500 0)
#2778625 0!
#2778750 1# 1$ 1% 1& 1(
#2779000 0*
#2780000 1*
#2780625 1!
#2780875 0*
#2781875 1*
#2782375 0!
#2782500 1"
#2782750 0*
#2783750 1*
#2784375 1!
#2784625 0*
#2785625 1*
#2786750 1) 1-
#2787000 0! 0$ 0&
#2787875 0)
#2788000 0" 0# 0% 0(
#2788375 0*
#2789375 1*
#2790000 1!
#2790250 0*
#2791250 1*
#2791750 0!
#2791875 1"
#2792125 0*
#2792875 1)
#2793125 1( 1* 0/
#2793250 1# 1%
#2794000 0)
#2794125 0" 0# 0% 0' 0(
#2794375 0*
#2795500 1*
#2796125 1!
#2796250 0*
#2797375 1*
#2797875 0!
#2798000 1"
#2798125 0*
#2799000 1)
#2799125 1*
#2799250 1! 1# 1$ 1% 1& 1' 1(
#2800000 0)
#2800125 1/
#2801750 1)
#2802000 0! 0# 0&
#2802875 0)
#2803000 0% 0' 0(
#2803125 1! 0$
#2803375 0*
#2804375 1*
#2805000 1%
#2805250 0*
#2806250 1*
#2806500 1)
#2806750 0" 1# 1' 1(
#2807500 0)
#2807750 0# 0% 0' 0(
#2807875 1"
#2808000 0*
#2809000 1*
#2809250 1)
#2809500 0! 0"
#2809625 1$ 1% 1' 1(
#2810375 0)
#2810500 0$ 0% 0' 0(
#2810625 1! 1"
#2810875 0*
#2811875 1*
#2812500 1%
#2812750 0*
#2813750 1*
#2814000 1)
#2814125 0!
#2814250 0" 1# 1' 1(
#2815000 0)
#2815250 1! 0# 0% 0' 0(
#2815375 1"
#2815500 0*
#2816500 1*
#2816750 1)
#2817000 0!
#2817125 1# 1% 1' 1(
#2817875 0)
#2818000 0(
#2818125 0" 0# 0% 0'
#2818375 0*
#2819375 1*
#2820000 1!
#2820250 0*
#2821250 1*
#2821750 0!
#2821875 1"
#2822125 0*
#2822875 1)
#2823125 1*
#2823250 1# 1% 1' 1(
#2824000 0)
#2824125 0# 0% 0' 0(
#2824250 0"
#2824500 0*
#2825500 1*
#2826125 1!
#2826375 0*
#2827375 1*
#2827875 0!
#2828000 1"
#2828250 0*
#2829500 1)
#2829750 1*
#2830250 1! 1# 1$ 1% 1& 1' 1(
#2831000 0)
#2833125 1)
#2833500 0! 0" 0# 0&
#2834250 0)
#2835000 1! 1" 0$ 0% 0' 0(
#2835250 0*
#2836250 1*
#2836875 1%
#2837125 0*
#2838125 1*
#2838375 1)
#2838625 0! 0" 1' 1(
#2838750 1#
#2839500 0)
#2839625 0# 0% 0' 0(
#2839750 1! 1"
#2839875 0*
#2841000 1*
#2841125 1)
#2841375 0! 0"
#2841500 1$ 1% 1' 1(
#2842250 0)
#2842500 1! 1" 0$ 0% 0' 0(
#2842750 0*
#2843750 1*
#2844375 1%
#2844625 0*
#2845625 1*
#2845875 1)
#2846125 0! 0" 1' 1(
#2846250 1#
#2847000 0)
#2847125 0# 0% 0' 0(
#2847250 1! 1"
#2847375 0*
#2848500 1*
#2848625 1)
#2848875 0!
#2849000 1# 1% 1' 1(
#2849750 0)
#2850000 0" 0# 0% 0' 0(
#2850250 0*
#2851250 1*
#2851875 1!
#2852125 0*
#2853125 1*
#2853750 0! 1"
#2854000 0*
#2854750 1)
#2855000 1*
#2855125 1# 1% 1' 1(
#2855875 0)
#2856000 0(
#2856125 0" 0# 0% 0'
#2856375 0*
#2857375 1* 0/
#2858000 1!
#2858250 0*
#2859250 1*
#2859750 0!
#2859875 1"
#2860125 0*
#2860875 1)
#2861125 1( 1*
#2861250 1! 1# 1$ 1% 1& 1'
#2862000 0)
#2863625 1)
#2863875 0! 0# 0&
#2864000 0"
#2864375 1/
#2864750 0)
#2865000 1! 1" 0$ 0% 0' 0(
#2865250 0*
#2866250 1*
#2866875 1%
#2867125 0*
#2868125 1*
#2868375 1)
#2868625 0! 0" 1' 1(
#2868750 1#
#2869500 0)
#2869625 0# 0% 0' 0(
#2869750 1! 1"
#2870000 0*
#2871000 1*
#2871125 1)
#2871375 0! 0"
#2871500 1$ 1% 1' 1(
#2872250 0)
#2872500 1! 1" 0$ 0% 0' 0(
#2872750 0*
#2873750 1*
#2874375 1%
#2874625 0*
#2875625 1*
#2875875 1)
#2876125 0! 0" 1' 1(
#2876250 1#
#2877000 0)
#2877125 0# 0% 0' 0(
#2877250 1! 1"
#2877375 0*
#2878500 1*
#2878625 1)
#2878875 0!
#2879000 1# 1% 1' 1(
#2879750 0)
#2880000 0" 0# 0% 0' 0(
#2880250 0*
#2881250 1*
#2881875 1!
#2882125 0*
#2883125 1*
#2883750 0! 1"
#2884000 0*
#2884750 1)
#2885000 1*
#2885125 1# 1% 1' 1(
#2885875 0)
#2886000 0# 0' 0(
#2886125 0" 0%
#2886375 0*
#2887375 1*
#2888000 1!
#2888250 0*
#2889250 1*
#2889750 0!
#2889875 1"
#2890125 0*
#2890875 1)
#2891125 1! 1' 1( 1*
#2891250 1# 1$ 1% 1&
#2892000 0)
#2893625 1)
#2893875 0! 0" 0# 0&
#2894750 0)
#2895000 1! 1" 0$ 0% 0' 0(
#2895250 0*
#2896250 1*
#2896875 1%
#2897125 0*
#2898125 1*
#2898375 1)
#2898625 0! 0" 1# 1' 1(
#2899375 0)
#2899625 1! 0# 0% 0' 0(
#2899750 1"
#2899875 0*
#2901000 1*
#2901125 1)
#2901375 0! 0"
#2901500 1$ 1% 1' 1(
#2902250 0)
#2902375 0(
#2902500 1! 1" 0$ 0% 0'
#2902750 0*
#2903750 1*
#2904375 1%
#2904625 0*
#2905625 1*
#2905875 1)
#2906000 0!
#2906125 0" 1# 1' 1(
#2906875 0)
#2907125 1! 0# 0% 0' 0(
#2907250 1"
#2907375 0*
#2908375 1*
#2908625 1)
#2921750 0/
#2924000 1# 1$ 1% 1& 1' 1(
#2924750 0)
#2926500 1)
#2928500 0)
#2928750 1/
#2930125 1)
#2933250 0! 0$ 0&
#2934125 0)
#2934250 0# 0' 0(
#2934375 0" 0%
#2934625 0*
#2935625 1*
#2935750 1)
#2936125 1! 1" 1# 1$ 1% 1& 1' 1(
#2936875 0)
#2938625 1)
#2939750 0)
#2940250 0+
#2941250 1+
#2942125 0+
#2943125 1+
#2944000 0+
#2945000 1+
#2945875 0+
#2946875 1+
#2948000 1)
#2948250 0! 0$ 0&
#2949125 0)
#2949250 0" 0% 0' 0(
#2949625 0*
#2950625 1*
#2950750 1)
#2951125 1! 1" 1$ 1% 1& 1' 1(
#2951875 0)
#2953625 1)
#2953875 0! 0# 0$ 0% 0& 0(
#2954625 0-
#2954750 0)
#2954875 0" 0'
#2955125 0*
#2956250 1*
#2956875 1!
#2957125 0*
#2958125 1*
#2958625 0!
#2958750 1"
#2958875 0*
#2960000 1*
#2960625 1!
#2960750 0*
#2961875 1*
#2963000 1) 1-
#2963250 0! 1# 1% 1' 1(
#2964125 0)
#2964250 0" 0# 0% 0' 0(
#2964375 1$
#2964500 0*
#2965625 1*
#2965750 1)
#2966125 1! 1" 1# 1% 1& 1' 1(
#2966875 0)
#2968625 1)
#2968875 0! 0# 0$ 0% 0& 0(
#2969625 0) 0-
#2969875 0" 0'
#2970000 1#
#2970125 0*
#2971125 1*
#2971875 1!
#2972000 0*
#2973000 1*
#2973625 0!
#2973750 1"
#2973875 0*
#2974875 1*
#2975500 1!
#2975750 0*
#2976750 1*
#2978000 1) 1-
#2978125 0!
#2978250 1% 1' 1(
#2979000 0)
#2979250 0" 0% 0' 0(
#2979375 1$
#2979500 0*
#2980500 1*
#2980750 1)
#2981000 0#
#2981125 1&
#2981875 0)
#2982125 1! 1" 1# 1%
#2982375 0*
#2983375 1*
#2983625 1)
#2983875 0! 0# 0$ 0% 0& 1'
#2984625 0) 0-
#2984875 0" 0'
#2985000 1$
#2985125 0*
#2986000 0/
#2986125 1*
#2986750 1!
#2987000 0*
#2988000 1*
#2988625 0!
#2988750 1"
#2988875 0*
#2989875 1*
#2990500 1!
#2990750 0*
#2991750 1*
#2993000 1) 1- 1/
#2993125 0!
#2993250 1# 0$ 1% 1' 1(
#2994000 0)
#2994250 0" 0# 0' 0(
#2994500 0*
#2995500 1*
#2995750 1)
#2996125 1! 1" 1# 1$ 1& 1' 1(
#2996875 0)
#2998500 1)
#2998875 0! 0# 0$ 0% 0& 0(
#2999625 0) 0-
#2999875 0" 1# 1$ 0'
#3000125 0*
#3001125 1*
#3001750 1!
#3002000 0*
#3003000 1*
#3003625 0! 1"
#3003875 0*
#3004875 1*
#3005500 1!
#3005750 0*
#3006750 1*
#3007875 1)
#3008000 1-
#3008125 0!
#3008250 0$ 1% 1' 1(
#3009000 0)
#3009250 0" 0' 0(
#3009500 0*
#3010500 1*
#3010750 1)
#3011000 1(
#3011125 1! 1" 1$ 1& 1'
#3011875 0)
#3013500 1)
#3013875 0! 0# 0$ 0% 0& 0(
#3014625 0) 0-
#3014875 0" 1% 0'
#3015125 0*
#3016125 1*
#3016750 1!
#3017000 0*
#3018000 1*
#3018625 0! 1"
#3018875 0*
#3019875 1*
#3020500 1!
#3020750 0*
#3021750 1*
#3022875 1)
#3023000 1-
#3023125 0!
#3023250 1# 1' 1(
#3024000 0)
#3024250 0" 0# 1$ 0' 0(
#3024500 0*
#3025500 1*
#3025750 1)
#3026000 1! 1' 1(
#3026125 1" 1# 1&
#3026875 0)
#3028500 1)
#3028750 0# 0&
#3028875 0! 0$ 0% 0(
#3029625 0) 0-
#3029875 0" 1# 1% 0'
#3030125 0*
#3031125 1*
#3031750 1!
#3032000 0*
#3033000 1*
#3033500 0!
#3033625 1"
#3033875 0*
#3034875 1*
#3035500 1!
#3035750 0*
#3036750 1*
#3037875 1)
#3038000 1-
#3038125 0!
#3038250 1' 1(
#3039000 0)
#3039250 0" 1$ 0' 0(
#3039500 0*
#3040500 1*
#3040750 1)
#3041000 1! 0# 0% 1&
#3041875 0)
#3042125 1" 1# 1%
#3042375 0+
#3043375 1+
#3043500 1)
#3043750 0! 0# 0$ 0% 0&
#3043875 1'
#3044625 0) 0-
#3044875 0" 1$ 1% 0'
#3045125 0*
#3046125 1*
#3046750 1!
#3047000 0*
#3048000 1*
#3048500 0!
#3048625 1"
#3048875 0*
#3049875 1*
#3050250 0/
#3050500 1!
#3050750 0*
#3051750 1*
#3052875 1)
#3053000 1-
#3053125 0! 0$
#3053250 1# 1' 1(
#3054000 0)
#3054250 0" 0# 0% 1& 0' 0(
#3054500 0*
#3055500 1*
#3055750 1)
#3056000 1! 1' 1(
#3056125 1" 1# 1$ 1%
#3056875 0)
#3057250 1/
#3058500 1)
#3058750 0! 0# 0$ 0% 0&
#3058875 0(
#3059625 0) 0-
#3059875 0" 1# 1$ 1% 0'
#3060125 0*
#3061125 1*
#3061750 1!
#3062000 0*
#3063000 1*
#3063500 0!
#3063625 1"
#3063875 0*
#3064875 1*
#3065500 1!
#3065750 0*
#3066750 1*
#3067875 1)
#3068000 1-
#3068125 0! 0$
#3068250 1' 1(
#3069000 0)
#3069250 0" 0% 1& 0' 0(
#3069500 0*
#3070500 1*
#3070750 1)
#3071000 1! 1' 1(
#3071125 1" 1$ 1%
#3071875 0)
#3073500 1)
#3073750 0$ 0%
#3073875 0! 0# 0& 0(
#3074625 0) 0-
#3074875 0" 1& 0'
#3075125 0*
#3076125 1*
#3076750 1!
#3077000 0*
#3078000 1*
#3078625 0! 1"
#3078875 0*
#3079875 1*
#3080500 1!
#3080750 0*
#3081750 1*
#3082875 1)
#3083000 1-
#3083125 0! 0&
#3083250 1# 1% 1' 1(
#3084000 0)
#3084250 0" 0# 1$ 0% 1& 0' 0(
#3084500 0*
#3085500 1*
#3085750 1)
#3086000 1' 1(
#3086125 1! 1" 1# 1%
#3086875 0)
#3088500 1)
#3088875 0! 0# 0$ 0% 0& 0(
#3089625 0) 0-
#3089875 0" 1# 1& 0'
#3090125 0*
#3091125 1*
#3091750 1!
#3092000 0*
#3093000 1*
#3093625 0! 1"
#3093875 0*
#3094875 1*
#3095500 1!
#3095750 0*
#3096750 1*
#3097875 1)
#3098000 1-
#3098125 0! 0&
#3098250 1% 1' 1(
#3099000 0)
#3099250 0" 1$ 0% 1& 0' 0(
#3099500 0*
#3100500 1*
#3100750 1)
#3101000 0#
#3101125 1"
#3101875 0)
#3102125 1! 1# 1%
#3102375 0*
#3103375 1*
#3103500 1)
#3103750 0#
#3103875 0! 0$ 0% 0& 1'
#3104625 0) 0-
#3104875 0" 1$ 1& 0'
#3105125 0*
#3106125 1*
#3106750 1!
#3107000 0*
#3108000 1*
#3108625 0!
#3108750 1"
#3108875 0*
#3109875 1*
#3110500 1!
#3110750 0*
#3111750 1*
#3113000 1) 1-
#3113125 0!
#3113250 1# 0$ 1% 0& 1' 1(
#3114000 0)
#3114250 0" 0# 1& 0' 0(
#3114500 0* 0/
#3115500 1*
#3115750 1)
#3116125 1! 1" 1# 1$ 1' 1(
#3116875 0)
#3118625 1)
#3118875 0! 0# 0$ 0% 0& 0(
#3119625 0) 0-
#3119875 0" 0'
#3120000 1# 1$ 1&
#3120125 0*
#3121125 1*
#3121500 1/
#3121875 1!
#3122000 0*
#3123000 1*
#3123625 0!
#3123750 1"
#3123875 0*
#3124875 1*
#3125500 1!
#3125750 0*
#3126875 1*
#3128000 1) 1-
#3128250 0! 0$ 1% 0& 1' 1(
#3129125 0)
#3129250 0" 0' 0(
#3129375 1&
#3129500 0*
#3130625 1*
#3130750 1)
#3131125 1! 1" 1$ 1' 1(
#3131875 0)
#3133625 1)
#3133875 0! 0# 0$ 0% 0& 0(
#3134625 0-
#3134750 0)
#3134875 0" 0'
#3135000 1% 1&
#3135125 0*
#3136250 1*
#3136875 1!
#3137125 0*
#3138125 1*
#3138625 0!
#3138750 1"
#3139000 0*
#3140000 1*
#3140625 1!
#3140875 0*
#3141875 1*
#3143000 1) 1-
#3143250 0! 0& 1' 1(
#3143375 1#
#3144125 0)
#3144250 0" 0# 0' 0(
#3144375 1$ 1&
#3144625 0*
#3145625 1*
#3145750 1)
#3146125 1! 1" 1# 1' 1(
#3146875 0)
#3148625 1)
#3148875 0! 0# 0$ 0% 0& 0(
#3149625 0-
#3149750 0)
#3149875 0" 0'
#3150000 1# 1% 1&
#3150250 0*
#3151250 1*
#3151875 1!
#3152125 0*
#3153125 1*
#3153625 0!
#3153750 1"
#3154000 0*
#3155000 1*
#3155625 1!
#3155875 0*
#3156875 1*
#3158000 1) 1-
#3158250 0! 0& 1(
#3158375 1'
#3159125 0)
#3159250 0' 0(
#3159375 0" 1$ 1&
#3159625 0*
#3160625 1*
#3160875 1)
#3161125 1! 1" 0# 0%
#3161875 0)
#3162250 1# 1%
#3162500 0+
#3163500 1+
#3163625 1)
#3163875 0! 0# 0$ 0% 0&
#3164000 1'
#3164750 0) 0-
#3164875 0'
#3165000 0" 1$ 1% 1&
#3165250 0*
#3166250 1*
#3166875 1!
#3167125 0*
#3168125 1*
#3168625 0!
#3168750 1"
#3169000 0*
#3170000 1*
#3170625 1!
#3170875 0*
#3171875 1*
#3173000 1)
#3173125 1-
#3173250 0! 0$ 0&
#3173375 1# 1' 1(
#3174125 0)
#3174375 0" 0# 0% 0(
#3174625 0*
#3175625 1*
#3175875 1)
#3176125 1! 1# 1& 1(
#3176250 1" 1$ 1%
#3177000 0)
#3178625 1)
#3178875 0! 0# 0$ 0% 0& 0/
#3179000 0(
#3179750 0) 0-
#3180000 0" 1# 1$ 1% 1& 0'
#3180250 0*
#3181250 1*
#3181875 1!
#3182125 0*
#3183125 1*
#3183750 0! 1"
#3184000 0*
#3185000 1*
#3185625 1!
#3185875 0* 1/
#3186875 1*
#3188000 1)
#3188125 1-
#3188250 0! 0&
#3188375 0$ 1' 1(
#3189125 0)
#3189375 0" 0% 0(
#3189625 0*
#3190625 1*
#3190875 1)
#3191125 1(
#3191250 1! 1" 1$ 1% 1&
#3192000 0)
#3193625 1)
#3194000 0! 0# 0$ 0% 0& 0(
#3194750 0) 0-
#3195000 0"
#3195250 0*
#3196250 1*
#3196875 1!
#3197125 0*
#3198125 1*
#3198750 0!
#3198875 1"
#3199000 0*
#3200000 1*
#3200625 1!
#3200875 0*
#3201875 1*
#3203125 1) 1-
#3203250 0!
#3203375 1# 1% 1(
#3204125 0)
#3204375 0" 0# 0% 0(
#3204500 1$
#3204625 0*
#3205625 1*
#3205875 1)
#3206250 1! 1" 1# 1% 1& 1(
#3207000 0)
#3208750 1)
#3209000 0! 0# 0$ 0% 0& 0(
#3209750 0) 0-
#3210000 0"
#3210125 1#
#3210250 0*
#3211375 1*
#3212000 1!
#3212125 0*
#3213250 1*
#3213750 0!
#3213875 1"
#3214000 0*
#3215125 1*
#3215750 1!
#3215875 0*
#3217000 1*
#3218125 1) 1-
#3218375 0! 1% 1(
#3219250 0)
#3219375 0" 0% 0(
#3219500 1$
#3219625 0*
#3220750 1*
#3220875 1)
#3221125 0'
#3221250 1&
#3222000 0)
#3222250 1! 1" 1%
#3222500 0*
#3223500 1*
#3223750 1)
#3224000 0! 0# 0$ 0% 0& 1'
#3224750 0-
#3224875 0)
#3225000 0"
#3225125 1$
#3225375 0*
#3226375 1*
#3227000 1!
#3227250 0*
#3228250 1*
#3228750 0!
#3228875 1"
#3229125 0*
#3230125 1*
#3230750 1!
#3231000 0*
#3232000 1*
#3233125 1) 1-
#3233375 0! 0$ 1(
#3233500 1# 1%
#3234250 0)
#3234375 0" 0# 0(
#3234750 0*
#3235750 1*
#3235875 1)
#3236250 1! 1" 1# 1$ 1& 1(
#3237000 0)
#3238750 1)
#3239000 0! 0# 0$ 0% 0& 0(
#3239750 0-
#3239875 0)
#3240000 0"
#3240125 1# 1$
#3240375 0*
#3241375 1*
#3242000 1!
#3242250 0*
#3243125 0/
#3243250 1*
#3243750 0!
#3243875 1"
#3244125 0*
#3245125 1*
#3245750 1!
#3246000 0*
#3247000 1*
#3248125 1) 1-
#3248375 0! 0$ 1(
#3248500 1%
#3249250 0)
#3249375 0" 0(
#3249750 0*
#3250125 1/
#3250750 1*
#3250875 1)
#3251250 1! 1" 1$ 1& 1(
#3252000 0)
#3253750 1)
#3254000 0! 0# 0$ 0% 0& 0(
#3254875 0) 0-
#3255000 0"
#3255125 1%
#3255375 0*
#3256375 1*
#3257000 1!
#3257250 0*
#3258250 1*
#3258750 0!
#3258875 1"
#3259125 0*
#3260125 1*
#3260750 1!
#3261000 0*
#3262000 1*
#3263125 1) 1-
#3263375 0!
#3263500 1# 1(
#3264250 0)
#3264375 0# 0(
#3264500 0" 1$
#3264750 0*
#3265750 1*
#3266000 1)
#3266250 1! 1" 1# 1& 1(
#3267000 0)
#3268750 1)
#3269000 0! 0# 0$ 0% 0& 0(
#3269875 0) 0-
#3270125 0" 1# 1%
#3270375 0*
#3271375 1*
#3272000 1!
#3272250 0*
#3273250 1*
#3273750 0!
#3273875 1"
#3274125 0*
#3275125 1*
#3275750 1!
#3276000 0*
#3277000 1*
#3278125 1)
#3278250 1-
#3278375 0!
#3278500 1(
#3279250 0)
#3279375 0(
#3279500 0" 1$
#3279750 0*
#3280750 1*
#3281000 1)
#3281250 1! 0% 1& 0'
#3282000 0)
#3282375 1" 1%
#3282625 0+
#3283625 1+
#3283750 1)
#3284000 0! 0# 0$ 0% 0&
#3284125 1'
#3284875 0) 0-
#3285125 0" 1$ 1%
#3285375 0*
#3286375 1*
#3287000 1!
#3287250 0*
#3288250 1*
#3288750 0!
#3288875 1"
#3289125 0*
#3290125 1*
#3290750 1!
#3291000 0*
#3292000 1*
#3293125 1) 1-
#3293375 0! 0$
#3293500 1# 1(
#3294250 0)
#3294375 0(
#3294500 0" 0# 0% 1&
#3294750 0*
#3295750 1*
#3296000 1)
#3296250 1! 1" 1# 1$ 1% 1(
#3297000 0)
#3298750 1)
#3299000 0! 0# 0$ 0% 0& 0(
#3299875 0) 0-
#3300125 0" 1# 1$ 1%
#3300375 0*
#3301375 1*
#3302000 1!
#3302250 0*
#3303250 1*
#3303750 0!
#3303875 1"
#3304125 0*
#3305125 1*
#3305750 1!
#3306000 0*
#3307000 1*
#3307375 0/
#3308125 1) 1-
#3308375 0! 0$ 1(
#3309250 0)
#3309375 0(
#3309500 0" 0% 1&
#3309750 0*
#3310750 1*
#3311000 1)
#3311250 1! 1" 1$ 1% 1(
#3312000 0)
#3313750 1)
#3314000 0! 0# 0$ 0% 0& 0(
#3314375 1/
#3314875 0) 0-
#3315000 0"
#3315125 1&
#3315375 0*
#3316375 1*
#3317000 1!
#3317250 0*
#3318250 1*
#3318750 0!
#3318875 1"
#3319125 0*
#3320125 1*
#3320750 1!
#3321000 0*
#3322000 1*
#3323125 1) 1-
#3323375 0! 0& 1(
#3323500 1# 1%
#3324250 0)
#3324375 0# 0% 0(
#3324500 0" 1$ 1&
#3324750 0*
#3325750 1*
#3325875 1)
#3326250 1! 1" 1# 1% 1(
#3327000 0)
#3328750 1)
#3329000 0! 0# 0$ 0% 0& 0(
#3329750 0-
#3329875 0)
#3330000 0"
#3330125 1# 1&
#3330375 0*
#3331375 1*
#3332000 1!
#3332250 0*
#3333250 1*
#3333750 0!
#3333875 1"
#3334125 0*
#3335125 1*
#3335750 1!
#3336000 0*
#3337000 1*
#3338125 1) 1-
#3338375 0! 0& 1(
#3338500 1%
#3339250 0)
#3339375 0" 0% 0(
#3339500 1$ 1&
#3339750 0*
#3340750 1*
#3340875 1)
#3341125 0'
#3341250 1"
#3342000 0)
#3342250 1! 1%
#3342500 0*
#3343500 1*
#3343750 1)
#3344000 0! 0# 0$ 0% 0& 1'
#3344750 0-
#3344875 0)
#3345000 0"
#3345125 1$ 1&
#3345375 0*
#3346375 1*
#3347000 1!
#3347250 0*
#3348250 1*
#3348750 0!
#3348875 1"
#3349125 0*
#3350125 1*
#3350750 1!
#3351000 0*
#3352000 1*
#3353125 1) 1-
#3353375 0! 0$ 0& 1(
#3353500 1# 1%
#3354250 0)
#3354375 0" 0# 0(
#3354500 1&
#3354625 0*
#3355750 1*
#3355875 1)
#3356250 1! 1" 1# 1$ 1(
#3357000 0)
#3358750 1)
#3359000 0! 0# 0$ 0% 0& 0(
#3359750 0-
#3359875 0)
#3360000 0"
#3360125 1# 1$ 1&
#3360250 0*
#3361375 1*
#3362000 1!
#3362125 0*
#3363250 1*
#3363750 0!
#3363875 1"
#3364000 0*
#3365125 1*
#3365625 1!
#3365875 0*
#3367000 1*
#3368125 1) 1-
#3368375 0! 0$ 1% 0& 1(
#3369125 0)
#3369375 0" 0(
#3369500 1&
#3369625 0*
#3370625 1*
#3370875 1)
#3371250 1! 1" 1$ 1(
#3371625 0/
#3372000 0)
#3373750 1)
#3374000 0! 0# 0$ 0% 0& 0(
#3374750 0) 0-
#3375000 0"
#3375125 1% 1&
#3375250 0*
#3376250 1*
#3376875 1!
#3377125 0*
#3378125 1*
#3378625 1/
#3378750 0!
#3378875 1"
#3379000 0*
#3380000 1*
#3380625 1!
#3380875 0*
#3381875 1*
#3383125 1) 1-
#3383250 0!
#3383375 1# 0& 1(
#3384125 0)
#3384375 0" 0# 1& 0(
#3384500 1$
#3384625 0*
#3385625 1*
#3385875 1)
#3386250 1! 1" 1# 1(
#3387000 0)
#3388625 1)
#3389000 0! 0# 0$ 0% 0& 0(
#3389750 0) 0-
#3390000 0" 1&
#3390125 1# 1%
#3390250 0*
#3391250 1*
#3391875 1!
#3392125 0*
#3393125 1*
#3393750 0! 1"
#3394000 0*
#3395000 1*
#3395625 1!
#3395875 0*
#3396875 1*
#3398000 1)
#3398125 1-
#3398250 0! 0&
#3398375 1(
#3399125 0)
#3399375 0" 1$ 1& 0(
#3399625 0*
#3400625 1*
#3400875 1)
#3401125 1! 1" 0% 0'
#3402000 0)
#3402250 1%
#3402500 0+
#3403500 1+
#3403625 1)
#3403875 0! 0% 0&
#3404000 0# 0$ 1'
#3404750 0) 0-
#3405000 0" 1$ 1% 1&
#3405250 0*
#3406250 1*
#3406875 1!
#3407125 0*
#3408125 1*
#3408750 0! 1"
#3409000 0*
#3410000 1*
#3410625 1!
#3410875 0*
#3411875 1*
#3413000 1)
#3413125 1-
#3413375 1# 1(
#3414125 0)
#3414625 0+
#3415625 1+
#3415875 1)
#3417000 0)
#3418625 1)
#3418875 0# 0% 0&
#3419000 0! 0$ 0(
#3419750 0) 0-
#3420000 0" 1# 1$ 1% 1&
#3420250 0*
#3421250 1*
#3421875 1!
#3422125 0*
#3423125 1*
#3423625 0!
#3423750 1"
#3424000 0*
#3425000 1*
#3425625 1!
#3425875 0*
#3426875 1*
#3428000 1)
#3428125 1-
#3428250 0! 0$ 0&
#3428375 1(
#3429125 0)
#3429375 0" 0# 0% 0(
#3429625 0*
#3430625 1*
#3431250 1!
#3431500 0*
#3432500 1*
#3433000 0!
#3433125 1"
#3433375 0*
#3434125 1)
#3434375 1*
#3434500 1# 1% 1(
#3435250 0)
#3435375 0# 0% 0(
#3435500 0" 0'
#3435750 0*
#3436000 0/
#3436750 1*
#3437375 1!
#3437625 0*
#3438625 1*
#3439125 0!
#3439250 1"
#3439500 0*
#3440250 1)
#3440500 1! 1# 1$ 1% 1& 1' 1( 1*
#3441250 0)
#3443000 1) 1/
#3443250 0! 0# 0&
#3444125 0)
#3444250 0(
#3444375 0" 1# 0$ 0% 0'
#3444625 0*
#3445625 1*
#3446250 1%
#3446500 0*
#3447500 1*
#3447750 1)
#3448000 1! 1' 1(
#3448750 0)
#3449000 0! 0% 0' 0(
#3449250 0*
#3450250 1*
#3450500 1)
#3450750 0#
#3450875 1$ 1% 1' 1(
#3451625 0)
#3451750 0$ 0% 0' 0(
#3451875 1#
#3452125 0*
#3453125 1*
#3453750 1%
#3454000 0*
#3455000 1*
#3455250 1)
#3455500 1' 1(
#3456250 0)
#3456500 0% 0' 0(
#3456750 0*
#3457750 1*
#3458000 1)
#3458375 1" 1% 1' 1(
#3459125 0)
#3459250 0(
#3459375 0" 0# 0% 0'
#3459625 0*
#3460625 1*
#3461250 1!
#3461500 0*
#3462500 1*
#3463000 0!
#3463125 1"
#3463375 0*
#3464125 1)
#3464375 1*
#3464500 1# 1% 1' 1(
#3465250 0)
#3465375 0" 0# 0% 0' 0(
#3465625 0*
#3466750 1*
#3467375 1!
#3467500 0*
#3468625 1*
#3469125 0!
#3469250 1"
#3469500 0*
#3470625 1)
#3470875 1*
#3471500 1! 1# 1$ 1% 1& 1' 1(
#3472250 0)
#3474375 1)
#3474625 0! 0" 0# 0&
#3475500 0)
#3476125 0% 0' 0(
#3476250 1# 0$
#3476500 0*
#3477500 1*
#3478125 1%
#3478375 0*
#3479375 1*
#3479625 1)
#3479875 1' 1(
#3480625 0)
#3480875 0% 0' 0(
#3481125 0*
#3482125 1*
#3482375 1)
#3482625 0# 1(
#3482750 1$ 1% 1'
#3483500 0)
#3483625 0$ 0% 0' 0(
#3483750 1#
#3484000 0*
#3485000 1*
#3485625 1%
#3485875 0*
#3486875 1*
#3487000 1)
#3487375 1' 1(
#3488125 0)
#3488375 0% 0' 0(
#3488625 0*
#3489625 1*
#3489875 1)
#3490250 1" 1% 1' 1(
#3491000 0)
#3491125 0' 0(
#3491250 0" 0# 0%
#3491500 0*
#3492500 1*
#3493125 1!
#3493375 0*
#3494375 1*
#3494875 0!
#3495000 1"
#3495250 0*
#3496000 1)
#3496250 1*
#3496375 1# 1% 1' 1(
#3497125 0)
#3497250 0" 0# 0% 0' 0(
#3497500 0*
#3498625 1*
#3499250 1!
#3499500 0*
#3500250 0/
#3500500 1*
#3501000 0!
#3501125 1"
#3501375 0*
#3502125 1)
#3502375 1! 1# 1$ 1% 1& 1' 1( 1*
#3503125 0)
#3504875 1)
#3505125 0! 0" 0# 0&
#3506000 0)
#3506125 0' 0(
#3506250 1# 0$ 0%
#3506500 0*
#3507250 1/
#3507500 1*
#3508125 1%
#3508375 0*
#3509375 1*
#3509625 1)
#3509875 1' 1(
#3510625 0)
#3510875 0% 0' 0(
#3511125 0*
#3512125 1*
#3512375 1)
#3512625 0#
#3512750 1$ 1% 1' 1(
#3513500 0)
#3513625 0% 0' 0(
#3513750 1# 0$
#3514000 0*
#3515000 1*
#3515625 1%
#3515875 0*
#3516875 1*
#3517125 1)
#3517375 1' 1(
#3518125 0)
#3518375 0% 0' 0(
#3518625 0*
#3519625 1*
#3519875 1)
#3520250 1" 1% 1' 1(
#3521000 0)
#3521125 0(
#3521250 0" 0# 0% 0'
#3521500 0*
#3522500 1*
#3523125 1!
#3523375 0*
#3524375 1*
#3524875 0!
#3525000 1"
#3525250 0*
#3526000 1)
#3526250 1*
#3526375 1# 1% 1' 1(
#3527125 0)
#3527250 0# 0% 0' 0(
#3527375 0"
#3527625 0*
#3528625 1*
#3529250 1!
#3529500 0*
#3530500 1*
#3531000 0!
#3531125 1"
#3531375 0*
#3532125 1)
#3532375 1! 1' 1( 1*
#3532500 1# 1$ 1% 1&
#3533250 0)
#3534875 1)
#3535125 0! 0" 0# 0&
#3536000 0)
#3536250 1# 0$ 0% 0' 0(
#3536500 0*
#3537500 1*
#3538125 1%
#3538375 0*
#3539375 1*
#3539625 1)
#3539875 1' 1(
#3540750 0)
#3540875 0% 0' 0(
#3541250 0*
#3542250 1*
#3542375 1)
#3542625 0#
#3542750 1$ 1% 1' 1(
#3543500 0)
#3543750 1# 0$ 0% 0' 0(
#3544000 0*
#3545000 1*
#3545625 1%
#3545875 0*
#3546875 1*
#3547125 1)
#3547375 1' 1(
#3548250 0)
#3548375 0% 0' 0(
#3548750 0*
#3549750 1*
#3549875 1)
#3564500 0/
#3565250 1! 1" 1$ 1% 1& 1' 1(
#3566000 0)
#3567750 1)
#3569750 0)
#3571500 1) 1/
#3574625 0! 0$ 0&
#3575375 0)
#3575625 0" 0# 0% 0' 0(
#3575875 0*
#3577000 1*
#3577125 1)
#3577500 1! 1" 1# 1$ 1% 1& 1' 1(
#3578250 0)
#3580000 1)
#3581125 0)
#3581625 0+
#3582625 1+
#3583500 0+
#3584500 1+
#3585375 0+
#3586375 1+
#3587250 0+
#3588250 1+
#3589375 1)
#3589625 0! 0$ 0&
#3590500 0)
#3590625 0" 0% 0' 0(
#3591000 0*
#3592000 1*
#3592125 1)
#3592500 1! 1" 1$ 1% 1& 1' 1(
#3593250 0)
#3595000 1)
#3595250 0! 0# 0$ 0% 0& 0(
#3596000 0-
#3596125 0)
#3596250 0" 0'
#3596375 1(
#3596625 0*
#3597625 1*
#3598250 1!
#3598500 0*
#3599500 1*
#3600000 0!
#3600125 1"
#3600375 0*
#3601375 1*
#3602000 1!
#3602250 0*
#3603250 1*
#3604375 1) 1-
#3604625 0!
#3604750 1# 1% 1'
#3605500 0)
#3605625 0# 0'
#3605750 0" 1$ 0% 0(
#3606000 0*
#3607000 1*
#3607250 1)
#3607500 1! 1" 1# 1% 1& 1' 1(
#3608250 0)
#3610000 1)
#3610250 0! 0# 0$ 0% 0& 0(
#3611125 0) 0-
#3611250 0'
#3611375 0" 1# 1(
#3611625 0*
#3612625 1*
#3613250 1!
#3613500 0*
#3614500 1*
#3615000 0!
#3615125 1"
#3615375 0*
#3616375 1*
#3617000 1!
#3617250 0*
#3618250 1*
#3619375 1) 1-
#3619625 0!
#3619750 1% 1'
#3620500 0)
#3620750 0" 1$ 0% 0' 0(
#3621000 0*
#3622000 1*
#3622250 1)
#3622500 0# 0$ 1% 1&
#3623250 0)
#3623625 1! 1" 1# 1$
#3623750 0*
#3624875 1*
#3625000 1)
#3625250 0! 0# 0$ 0% 0&
#3625375 1'
#3626125 0) 0-
#3626375 0" 1$ 0' 1(
#3626625 0*
#3627625 1*
#3628250 1!
#3628500 0*
#3628750 0/
#3629500 1*
#3630125 0! 1"
#3630375 0*
#3631375 1*
#3632000 1!
#3632250 0*
#3633250 1*
#3634375 1)
#3634500 1-
#3634625 0! 0$
#3634750 1# 1% 1'
#3635500 0)
#3635750 0" 0# 0' 0(
#3635875 1/
#3636000 0*
#3637000 1*
#3637250 1)
#3637500 1(
#3637625 1! 1" 1# 1$ 1& 1'
#3638375 0)
#3640000 1)
#3640375 0! 0# 0$ 0% 0& 0(
#3641125 0) 0-
#3641375 0" 1# 1$ 0' 1(
#3641625 0*
#3642625 1*
#3643250 1!
#3643500 0*
#3644500 1*
#3645125 0! 1"
#3645375 0*
#3646375 1*
#3647000 1!
#3647250 0*
#3648250 1*
#3649500 1) 1-
#3649625 0!
#3649750 0$ 1% 1'
#3650500 0)
#3650750 0" 0' 0(
#3651000 0*
#3652000 1*
#3652250 1)
#3652625 1! 1" 1$ 1& 1' 1(
#3653375 0)
#3655125 1)
#3655375 0! 0# 0$ 0% 0& 0(
#3656125 0) 0-
#3656375 0" 0' 1(
#3656500 1%
#3656625 0*
#3657625 1*
#3658250 1!
#3658500 0*
#3659500 1*
#3660125 0!
#3660250 1"
#3660375 0*
#3661375 1*
#3662000 1!
#3662250 0*
#3663250 1*
#3664500 1) 1-
#3664625 0!
#3664750 1# 1'
#3665500 0)
#3665750 0" 0# 0' 0(
#3665875 1$
#3666000 0*
#3667000 1*
#3667250 1)
#3667625 1! 1" 1# 1& 1' 1(
#3668375 0)
#3670125 1)
#3670375 0! 0# 0$ 0% 0& 0(
#3671125 0) 0-
#3671375 0" 0'
#3671500 1# 1% 1(
#3671625 0*
#3672750 1*
#3673375 1!
#3673500 0*
#3674625 1*
#3675125 0!
#3675250 1"
#3675375 0*
#3676500 1*
#3677125 1!
#3677250 0*
#3678375 1*
#3679500 1) 1-
#3679750 0! 1'
#3680625 0)
#3680750 0" 0' 0(
#3680875 1$
#3681000 0*
#3682125 1*
#3682250 1)
#3682500 0# 0$
#3682625 1! 1&
#3683375 0)
#3683625 1" 1# 1$
#3683875 0+
#3684875 1+
#3685125 1)
#3685375 0! 0# 0$ 0% 0& 1'
#3686125 0-
#3686250 0)
#3686375 0" 0'
#3686500 1$ 1% 1(
#3686750 0*
#3687750 1*
#3688375 1!
#3688625 0*
#3689625 1*
#3690125 0!
#3690250 1"
#3690500 0*
#3691500 1*
#3692125 1!
#3692375 0*
#3693375 1*
#3694500 1) 1-
#3694750 0! 0$ 1'
#3694875 1#
#3695625 0)
#3695750 0" 0# 0% 0' 0(
#3695875 1&
#3696125 0*
#3697125 1*
#3697250 1)
#3697500 0&
#3697625 1' 1(
#3698375 0)
#3698625 0' 0(
#3698875 0+
#3699875 1+
#3700125 1)
#3700375 1'
#3700500 1"
#3701125 0-
#3701250 0)
#3701375 0" 0'
#3701500 1# 1$ 1% 1(
#3701750 0*
#3702750 1*
#3703375 1!
#3703625 0*
#3704625 1*
#3705125 0!
#3705250 1"
#3705500 0*
#3706500 1*
#3707125 1!
#3707375 0*
#3708375 1*
#3709500 1) 1-
#3709750 0! 0$ 1'
#3710625 0)
#3710750 0" 0% 0' 0(
#3710875 1&
#3711125 0*
#3712125 1*
#3712250 1)
#3712500 0# 0&
#3712625 1' 1(
#3712750 0,
#3713375 0)
#3713625 0' 0(
#3713875 0+
#3714875 1+
#3715125 1)
#3715375 1'
#3715500 1" 1,
#3716125 0-
#3716250 0)
#3716375 0" 0'
#3716500 1& 1(
#3716750 0*
#3717750 1*
#3718375 1!
#3718625 0*
#3719625 1*
#3720125 0!
#3720250 1"
#3720500 0*
#3721500 1*
#3722125 1!
#3722375 0*
#3723375 1*
#3724500 1) 1-
#3724750 0! 0& 1'
#3724875 1# 1%
#3725625 0)
#3725750 0# 0% 0' 0(
#3725875 0" 1$ 1&
#3726125 0*
#3727125 1*
#3727250 1)
#3727625 1! 1" 1# 1% 1' 1(
#3728375 0)
#3730125 1)
#3730375 0! 0# 0$ 0% 0& 0(
#3731125 0-
#3731250 0)
#3731375 0" 0'
#3731500 1# 1& 1(
#3731750 0*
#3732750 1*
#3733375 1!
#3733625 0*
#3734625 1*
#3735125 0!
#3735250 1"
#3735500 0*
#3736500 1*
#3737125 1!
#3737375 0*
#3738375 1*
#3739500 1) 1-
#3739750 0! 0& 1'
#3739875 1%
#3740625 0)
#3740750 0" 0% 0' 0(
#3740875 1$ 1&
#3741125 0*
#3742125 1*
#3742250 1)
#3742500 0# 0$
#3742625 1" 1%
#3743375 0)
#3743625 1! 1# 1$
#3743875 0*
#3744875 1*
#3745125 1)
#3745375 0! 0# 0$ 0% 0& 1'
#3746125 0-
#3746250 0)
#3746375 0" 0'
#3746500 1$ 1& 1(
#3746750 0*
#3747750 1*
#3748375 1!
#3748625 0*
#3749625 1*
#3750125 0!
#3750250 1"
#3750500 0*
#3751500 1*
#3752125 1!
#3752375 0*
#3753375 1*
#3754500 1) 1-
#3754750 0! 1# 0$ 1% 0& 1'
#3755625 0)
#3755750 0" 0# 0' 0(
#3755875 1&
#3756000 0*
#3757125 1*
#3757250 1)
#3757625 1! 1" 1# 1$ 1' 1(
#3758375 0)
#3760125 1)
#3760375 0! 0# 0$ 0% 0& 0(
#3761125 0-
#3761250 0)
#3761375 0" 0'
#3761500 1# 1$ 1& 1(
#3761625 0*
#3762750 1*
#3763375 1!
#3763500 0*
#3764625 1*
#3765125 0!
#3765250 1"
#3765375 0*
#3766500 1*
#3767125 1!
#3767250 0*
#3768375 1*
#3768625 00
#3769500 1) 1-
#3769750 0! 0$ 1% 0& 1'
#3770500 0)
#3770750 0" 0' 0(
#3770875 1&
#3771000 0*
#3772125 1*
#3772250 1)
#3772500 0# 0% 0&
#3772625 1' 1(
#3773375 0)
#3773625 0'
#3773875 0+
#3774875 1+
#3775125 1)
#3775375 1" 1' 0(
#3775625 10
#3776125 0) 0-
#3776375 0" 0'
#3776500 1% 1& 1(
#3776625 0*
#3777625 1*
#3778375 1!
#3778500 0*
#3779500 1*
#3780125 0!
#3780250 1"
#3780375 0*
#3781375 1*
#3782000 1!
#3782250 0*
#3783250 1*
#3784500 1) 1-
#3784625 0!
#3784750 1# 0& 1'
#3785500 0)
#3785750 0" 0# 1& 0' 0(
#3785875 1$
#3786000 0*
#3787000 1*
#3787250 1)
#3787500 0$ 0% 0&
#3787625 1' 1( 0,
#3788375 0)
#3788500 0'
#3788875 0+
#3789875 1+
#3790125 1)
#3790375 1" 1' 0(
#3790500 1,
#3791125 0) 0-
#3791375 0" 0' 1(
#3791500 1# 1% 1&
#3791625 0*
#3792625 1*
#3793250 1!
#3793500 0*
#3794500 1*
#3795125 0! 1"
#3795375 0*
#3796375 1*
#3797000 1!
#3797250 0*
#3798250 1*
#3799375 1)
#3799500 1-
#3799625 0!
#3799750 0& 1'
#3800500 0)
#3800750 0" 1$ 1& 0' 0(
#3801000 0*
#3802000 1*
#3802250 1)
#3802500 1! 0# 0$
#3802625 1"
#3803375 0)
#3803625 1# 1$
#3803875 0+
#3804875 1+
#3805000 1)
#3805250 0#
#3805375 0! 0$ 0% 0& 1'
#3806125 0) 0-
#3806375 0" 1$ 1% 1& 0' 1(
#3806625 0*
#3807625 1*
#3808250 1!
#3808500 0*
#3809500 1*
#3810125 0! 1"
#3810375 0*
#3811375 1*
#3812000 1!
#3812250 0*
#3813250 1*
#3814375 1)
#3814500 1-
#3814625 0! 0&
#3814750 1# 0$ 1'
#3815500 0)
#3815750 0" 0# 0% 0(
#3816000 0*
#3817000 1*
#3817250 1)
#3817500 1(
#3817625 1! 1" 1# 1$ 1% 1&
#3818375 0)
#3820000 1)
#3820250 0# 0$ 0% 0&
#3820375 0! 0(
#3821125 0) 0-
#3821375 0" 1# 1$ 1% 1& 0' 1(
#3821625 0*
#3822625 1*
#3823250 1!
#3823500 0*
#3824500 1*
#3825000 0!
#3825125 1"
#3825375 0*
#3826375 1*
#3827000 1!
#3827250 0*
#3828250 1*
#3829375 1)
#3829500 1-
#3829625 0! 0$ 0&
#3829750 1'
#3830500 0)
#3830750 0" 0% 0(
#3831000 0*
#3832000 1*
#3832250 1)
#3832500 0# 1(
#3833375 0)
#3833500 0'
#3833625 1!
#3833875 0+
#3834875 1+
#3835000 1)
#3835250 0! 0(
#3835375 1" 1'
#3836125 0) 0-
#3836375 0" 1(
#3836625 0*
#3837625 1*
#3838250 1!
#3838500 0*
#3839500 1*
#3840000 0!
#3840125 1"
#3840375 0*
#3841375 1*
#3842000 1!
#3842250 0*
#3843250 1*
#3844375 1) 1-
#3844625 0!
#3844750 1# 1%
#3845500 0)
#3845750 0" 0# 1$ 0% 0(
#3846000 0*
#3847000 1*
#3847250 1)
#3847500 0$ 1(
#3847625 0,
#3848250 0)
#3848500 0'
#3848625 1!
#3848750 0+
#3849875 1+
#3850000 1)
#3850250 0! 0(
#3850375 1" 1' 1,
#3851125 0) 0-
#3851250 0"
#3851375 1# 1(
#3851625 0*
#3852500 00
#3852625 1*
#3853250 1!
#3853500 0*
#3854500 1*
#3855000 0!
#3855125 1"
#3855375 0*
#3856375 1*
#3857000 1!
#3857250 0*
#3858250 1*
#3859375 1) 1-
#3859500 10
#3859625 0!
#3859750 1%
#3860500 0)
#3860625 0% 0(
#3860750 0" 1$
#3861000 0*
#3862000 1*
#3862125 1)
#3862375 0$ 0'
#3862500 1% 1&
#3863250 0)
#3863500 1! 1" 1$
#3863750 0*
#3864750 1*
#3865000 1)
#3865250 0! 0# 0$ 0% 0& 1'
#3866000 0-
#3866125 0)
#3866250 0"
#3866375 1$ 1(
#3866625 0*
#3867625 1*
#3868250 1!
#3868500 0*
#3869500 1*
#3870000 0!
#3870125 1"
#3870375 0*
#3871375 1*
#3872000 1!
#3872250 0*
#3873250 1*
#3874375 1) 1-
#3874625 0! 0$
#3874750 1# 1%
#3875500 0)
#3875625 0" 0# 0(
#3876000 0*
#3877000 1*
#3877125 1)
#3877500 1! 1" 1# 1$ 1& 1(
#3878250 0)
#3880000 1)
#3880250 0! 0# 0$ 0% 0& 0(
#3881000 0-
#3881125 0)
#3881250 0"
#3881375 1# 1$ 1(
#3881625 0*
#3882625 1*
#3883250 1!
#3883500 0*
#3884500 1*
#3885000 0!
#3885125 1"
#3885375 0*
#3886375 1*
#3887000 1!
#3887250 0*
#3888250 1*
#3889375 1) 1-
#3889625 0! 0$
#3889750 1%
#3890500 0)
#3890625 0" 0(
#3891000 0*
#3892000 1*
#3892125 1)
#3892500 1! 1" 1$ 1& 1(
#3893250 0)
#3895000 1)
#3895250 0! 0# 0$ 0% 0& 0(
#3896000 0-
#3896125 0)
#3896250 0"
#3896375 1% 1(
#3896625 0*
#3897625 1*
#3898250 1!
#3898500 0*
#3899500 1*
#3900000 0!
#3900125 1"
#3900375 0*
#3901375 1*
#3902000 1!
#3902250 0*
#3903250 1*
#3904375 1) 1-
#3904625 0!
#3904750 1#
#3905500 0)
#3905625 0" 0# 0(
#3905750 1$
#3906000 0*
#3907000 1*
#3907125 1)
#3907375 0$ 0%
#3907500 1! 1(
#3908250 0)
#3908500 0' 0(
#3908750 0+
#3909750 1+
#3910000 1)
#3910250 0! 1'
#3910375 1"
#3911000 0-
#3911125 0)
#3911250 0"
#3911375 1# 1% 1(
#3911625 0*
#3912625 1*
#3913250 1!
#3913500 0*
#3914500 1*
#3915000 0!
#3915125 1"
#3915375 0*
#3916375 1*
#3917000 1!
#3917250 0*
#3918250 1*
#3919375 1) 1-
#3919625 0!
#3920500 0)
#3920625 0" 0(
#3920750 1$
#3921000 0*
#3922000 1*
#3922125 1)
#3922375 0$ 0'
#3922500 1! 1&
#3923250 0)
#3923500 1" 1$
#3923750 0+
#3924750 1+
#3925000 1)
#3925250 0! 0# 0$ 0% 0& 1'
#3926000 0-
#3926125 0)
#3926250 0"
#3926375 1$ 1% 1(
#3926625 0*
#3927625 1*
#3928250 1!
#3928500 0*
#3929500 1*
#3930000 0!
#3930125 1"
#3930375 0*
#3931375 1*
#3932000 1!
#3932250 0*
#3933250 1*
#3934375 1) 1-
#3934625 0! 0$
#3934750 1#
#3935500 0)
#3935625 0" 0# 0% 0(
#3935750 1&
#3936000 0*
#3936375 00
#3937000 1*
#3937125 1)
#3937375 0&
#3937500 1! 1(
#3937625 0,
#3938250 0)
#3938500 0' 0(
#3938750 0+
#3939750 1+
#3940000 1)
#3940250 0! 1'
#3940375 1" 1,
#3941000 0-
#3941125 0)
#3941250 0"
#3941375 1# 1$ 1% 1(
#3941625 0*
#3942625 1*
#3943250 1! 10
#3943500 0*
#3944500 1*
#3945000 0!
#3945125 1"
#3945375 0*
#3946375 1*
#3947000 1!
#3947250 0*
#3948250 1*
#3949375 1) 1-
#3949625 0! 0$
#3950500 0)
#3950625 0" 0% 0(
#3950750 1&
#3951000 0*
#3952000 1*
#3952125 1)
#3952500 1! 1" 1$ 1% 1(
#3953250 0)
#3955000 1)
#3955250 0! 0# 0$ 0% 0& 0(
#3956000 0-
#3956125 0)
#3956250 0"
#3956375 1& 1(
#3956625 0*
#3957625 1*
#3958250 1!
#3958500 0*
#3959500 1*
#3960000 0!
#3960125 1"
#3960375 0*
#3961375 1*
#3962000 1!
#3962250 0*
#3963250 1*
#3964375 1) 1-
#3964625 0! 0&
#3964750 1# 1%
#3965500 0)
#3965625 0#
#3965750 0" 1$ 0% 1& 0(
#3966000 0*
#3967000 1*
#3967250 1)
#3967500 1! 1" 1# 1% 1(
#3968250 0)
#3970000 1)
#3970250 0! 0# 0$ 0% 0& 0(
#3971125 0) 0-
#3971250 0"
#3971375 1# 1& 1(
#3971625 0*
#3972625 1*
#3973250 1!
#3973500 0*
#3974500 1*
#3975000 0!
#3975125 1"
#3975375 0*
#3976375 1*
#3977000 1!
#3977250 0*
#3978250 1*
#3979375 1)
#3979500 1-
#3979625 0! 0&
#3979750 1%
#3980500 0)
#3980750 0" 1$ 0% 1& 0(
#3981000 0*
#3982000 1*
#3982250 1)
#3982500 1" 0$ 1% 0'
#3983250 0)
#3983625 1! 1$
#3983750 0*
#3984875 1*
#3985000 1)
#3985250 0! 0# 0$ 0% 0&
#3985375 1'
#3986125 0) 0-
#3986375 0" 1$ 1& 1(
#3986625 0*
#3987625 1*
#3988250 1!
#3988500 0*
#3989500 1*
#3990125 0! 1"
#3990375 0*
#3991375 1*
#3992000 1!
#3992250 0*
#3993250 1*
#3994375 1)
#3994500 1-
#3994625 0! 0$ 0&
#3994750 1# 1%
#3995500 0)
#3995750 0" 0# 1& 0(
#3996000 0*
#3997000 1*
#3997250 1)
#3997500 1! 0% 0& 1(
#3998375 0)
#3998500 0! 0' 0(
#3998625 1"
#3998875 0+
#3999875 1+
#4000000 1)
#4000375 1'
#4001125 0) 0-
#4001375 0" 1# 1$ 1& 1(
#4001625 0*
#4002625 1*
#4003250 1!
#4003500 0*
#4004500 1*
#4005125 0! 1"
#4005375 0*
#4006375 1*
#4007000 1!
#4007250 0*
#4008250 1*
#4009375 1)
#4009500 1-
#4009625 0!
#4009750 0$ 1% 0&
#4010500 0)
#4010750 0" 1& 0(
#4011000 0*
#4012000 1*
#4012250 1)
#4012500 0# 0% 0& 1(
#4012625 1! 0,
#4013375 0)
#4013500 0! 0(
#4013625 1" 0'
#4013875 0+
#4014875 1+
#4015125 1)
#4015375 1'
#4015500 1,
#4016125 0) 0-
#4016375 0" 1(
#4016500 1% 1&
#4016625 0*
#4017625 1*
#4018250 1!
#4018500 0*
#4019500 1*
#4020125 0! 00
#4020250 1"
#4020375 0*
#4021375 1*
#4022000 1!
#4022250 0*
#4023250 1*
#4024500 1) 1-
#4024750 0! 1# 0&
#4025500 0)
#4025750 0" 0# 0(
#4025875 1$ 1&
#4026000 0*
#4027125 1* 10
#4027250 1)
#4027625 1! 1" 1# 1(
#4028375 0)
#4030125 1)
#4030375 0! 0# 0$ 0% 0& 0(
#4031125 0) 0-
#4031375 0"
#4031500 1# 1% 1& 1(
#4031625 0*
#4032750 1*
#4033375 1!
#4033500 0*
#4034625 1*
#4035125 0!
#4035250 1"
#4035500 0*
#4036500 1*
#4037125 1!
#4037375 0*
#4038375 1*
#4039500 1) 1-
#4039750 0! 0&
#4040625 0)
#4040750 0" 0(
#4040875 1$ 1&
#4041125 0*
#4042125 1*
#4042250 1)
#4042500 0$ 0'
#4042625 1! 1"
#4043375 0)
#4043625 1$
#4043875 0+
#4044875 1+
#4045125 1)
#4045375 0! 0# 0$ 0% 0& 1'
#4046125 0-
#4046250 0)
#4046375 0"
#4046500 1$ 1% 1& 1(
#4046750 0*
#4047750 1*
#4048375 1!
#4048625 0*
#4049625 1*
#4050125 0!
#4050250 1"
#4050500 0*
#4051500 1*
#4052125 1!
#4052375 0*
#4053375 1*
#4054500 1) 1-
#4054875 1#
#4055625 0)
#4056125 0+
#4057125 1+
#4057250 1)
#4058375 0)
#4060125 1)
#4060375 0! 0# 0$ 0% 0& 0(
#4061125 0-
#4061250 0)
#4061375 0"
#4061500 1# 1$ 1% 1& 1(
#4061750 0*
#4062750 1*
#4063375 1!
#4063625 0*
#4064625 1*
#4065125 0!
#4065250 1"
#4065500 0*
#4066500 1*
#4067125 1!
#4067375 0*
#4068375 1*
#4069500 1)
#4069625 1-
#4069750 0! 0$ 0&
#4070625 0)
#4070875 0" 0# 0% 0(
#4071125 0*
#4072125 1*
#4072750 1!
#4073000 0*
#4074000 1*
#4074500 0!
#4074625 1"
#4074875 0*
#4075625 1)
#4075875 1*
#4076000 1# 1% 1(
#4076750 0)
#4076875 0# 0% 0(
#4077000 0" 0'
#4077250 0*
#4078250 1*
#4078875 1!
#4079125 0*
#4080125 1*
#4080625 0!
#4080750 1"
#4081000 0*
#4081750 1)
#4082000 1! 1( 1*
#4082125 1# 1$ 1% 1& 1'
#4082875 0)
#4084500 1)
#4084750 0! 0# 0&
#4085625 0)
#4085875 1! 0" 1# 0$ 0% 0' 0(
#4086125 0*
#4087125 1*
#4087750 1%
#4088000 0*
#4089000 1*
#4089250 1)
#4089500 1' 1(
#4090375 0)
#4090500 0% 0' 0(
#4090875 0*
#4091875 1*
#4092000 1)
#4092250 0! 0#
#4092375 1$ 1% 1' 1(
#4093125 0)
#4093375 1! 1# 0$ 0% 0' 0(
#4093625 0*
#4094625 1*
#4095250 1%
#4095500 0*
