$date Mon Sep  7 14:14:20 2026 $end
$version libsigrok 0.5.2 $end
$comment
  Acquisition with 16/16 channels at 80 MHz
$end
$timescale 100 ps $end
$scope module libsigrok $end
$var wire 1 ! A0 $end
$var wire 1 " A1 $end
$var wire 1 # A2 $end
$var wire 1 $ A3 $end
$var wire 1 % A4 $end
$var wire 1 & A5 $end
$var wire 1 ' A6 $end
$var wire 1 ( A7 $end
$var wire 1 ) RAS $end
$var wire 1 * CAS0 $end
$var wire 1 + CAS1 $end
$var wire 1 , R/W $end
$var wire 1 - VDS $end
$var wire 1 . IRQ $end
$var wire 1 / CSW $end
$var wire 1 0 CSR $end
$upscope $end
$enddefinitions $end
#0 0! 1" 1# 0$ 1% 0& 0' 1( 0) 1* 1+ 1, 0- 0. 1/ 10
#125 0# 0% 1& 1' 0( 1) 0/
#250 1# 1% 0& 1( 1- 1/
#625 0)
#750 0" 0# 0% 0' 0(
#1125 0*
#2125 1*
#2750 1!
#3000 0*
#4000 1*
#4500 0!
#4625 1"
#4875 0*
#5625 1)
#5875 1' 1( 1*
#6000 1# 1%
#6625 0)
#6875 0" 0# 0% 0' 0(
#7125 0*
#8125 1*
#8750 1!
#9000 0*
#10000 1*
#10625 0!
#10750 1"
#10875 0*
#11625 1)
#11875 0" 1*
#12000 1' 1(
#12125 0,
#12750 0)
#13000 1! 1" 1# 1$ 1% 1&
#13250 0+
#14250 1+
#14500 1)
#14750 0! 0" 0# 0&
#14875 1,
#15625 0)
#15750 0$ 0% 0' 0(
#15875 1"
#16125 0*
#17125 1*
#17750 1%
#18000 0*
#19000 1*
#19125 1)
#19375 0"
#19500 1# 1' 1(
#20250 0)
#20500 1" 0# 0% 0' 0(
#20750 0*
#21750 1*
#22000 1)
#22250 0" 1% 1' 1(
#22375 1$
#23125 0)
#23250 0$ 0% 0' 0(
#23375 1"
#23500 0*
#24625 1*
#25000 00
#25250 1%
#25500 0*
#26500 1*
#26625 1)
#26875 0"
#27000 1# 1' 1(
#27750 0)
#28000 1" 0# 0% 0' 0(
#28250 0*
#29250 1*
#29500 1)
#29750 1# 1' 1(
#29875 1%
#30625 0)
#30750 0" 0# 0% 0' 0(
#31000 0*
#32000 10
#32125 1*
#32750 1!
#32875 0*
#34000 1*
#34500 0!
#34625 1"
#34750 0*
#35625 1)
#35875 1# 1% 1' 1( 1*
#36625 0)
#36875 0" 0# 0% 0' 0(
#37125 0*
#38125 1*
#38750 1!
#39000 0*
#40000 1*
#40625 0!
#40750 1"
#40875 0*
#42125 1)
#42375 1*
#42875 1! 1# 1% 1& 1' 1(
#43000 1$
#43750 0)
#45875 1)
#46125 0! 0" 0# 0&
#47000 0)
#47625 0$ 0% 0' 0(
#47750 1"
#47875 0*
#48875 1*
#49625 1%
#49750 0*
#50750 1*
#51000 1)
#51250 0"
#51375 1# 1' 1(
#52125 0)
#52250 0(
#52375 1" 0# 0% 0'
#52625 0*
#53625 1*
#53875 1)
#54125 0" 1$ 1% 1' 1(
#54875 0)
#55125 0$ 0% 0' 0(
#55250 1"
#55375 0*
#56375 1*
#57125 1%
#57250 0*
#58250 1*
#58500 1)
#58750 0"
#58875 1# 1' 1(
#59625 0)
#59750 0(
#59875 1" 0# 0% 0'
#60125 0*
#61125 1*
#61375 1)
#61625 1# 1% 1' 1(
#62375 0)
#62625 0" 0# 0% 0' 0(
#62875 0*
#63875 1*
#64500 1!
#64750 0*
#65750 1*
#66375 0!
#66500 1"
#66625 0*
#67375 1)
#67625 1*
#67750 1# 1% 1' 1(
#68500 0)
#68750 0" 0# 0% 0' 0(
#69000 0*
#70000 1*
#70625 1!
#70875 0*
#71875 1*
#72375 0!
#72500 1"
#72750 0*
#73500 1)
#73750 1*
#73875 1! 1# 1$ 1% 1& 1' 1(
#74625 0)
#76250 1)
#76500 0!
#76625 0" 0# 0&
#77375 0)
#77625 1" 0$ 0% 0' 0(
#77875 0*
#78875 1*
#79500 1%
#79750 0*
#80750 1*
#81000 1)
#81250 0" 1(
#81375 1# 1'
#82125 0)
#82250 0# 0' 0(
#82375 1" 0%
#82625 0*
#83625 1*
#83750 1)
#84000 0"
#84125 1$ 1% 1' 1(
#84875 0)
#85125 1" 0$ 0% 0' 0(
#85375 0*
#86375 1*
#87000 1%
#87250 0*
#88250 1*
#88500 1)
#88750 0" 1' 1(
#88875 1#
#89625 0)
#89750 0# 0% 0' 0(
#89875 1"
#90125 0*
#91125 1*
#91250 1)
#91625 1# 1% 1' 1(
#92375 0)
#92625 0" 0# 0% 0' 0(
#92875 0*
#93875 1*
#94500 1!
#94750 0*
#95750 1*
#96375 0! 1"
#96625 0*
#97375 1)
#97625 1*
#97750 1# 1% 1' 1(
#98500 0)
#98625 0# 0' 0(
#98750 0" 0%
#99000 0*
#100000 1*
#100625 1!
#100875 0*
#101875 1*
#102375 0!
#102500 1"
#102750 0*
#103500 1)
#103750 1! 1' 1( 1*
#103875 1# 1$ 1% 1&
#104625 0)
#106250 1)
#106500 0! 0" 0# 0&
#107375 0)
#107625 1" 0$ 0% 0' 0(
#107875 0*
#108875 1* 00
#109500 1%
#109750 0*
#110750 1*
#111000 1)
#111250 0" 1# 1' 1(
#112000 0)
#112250 0# 0% 0' 0(
#112375 1"
#112500 0*
#113500 1*
#113750 1)
#114000 0"
#114125 1$ 1% 1' 1(
#114875 0)
#115000 0' 0(
#115125 1" 0$ 0%
#115375 0*
#115750 10
#116375 1*
#117000 1%
#117250 0*
#118250 1*
#118500 1)
#118750 0" 1# 1' 1(
#119500 0)
#119750 0# 0% 0' 0(
#119875 1"
#120000 0*
#121000 1*
#121250 1)
#136625 1! 1# 1$ 1% 1& 1' 1(
#137375 0)
#139000 1)
#141125 0)
#142750 1)
#145875 0! 0$ 0&
#146750 0)
#146875 0# 0% 0' 0(
#147000 0"
#147250 0*
#148250 1*
#148375 1)
#148750 1! 1" 1# 1$ 1% 1& 1' 1(
#149500 0)
#151250 1)
#152375 0)
#152875 0+
#153875 1+
#154750 0+
#155750 1+
#156625 0+
#157625 1+
#158500 0+
#159500 1+
#160625 1)
#160875 0! 0$ 0&
#161750 0)
#161875 0" 0% 0' 0(
#162250 0*
#163250 1*
#163375 1)
#163750 1! 1" 1$ 1% 1& 1' 1(
#164500 0)
#166250 1)
#166500 0" 0# 0& 0(
#167250 0-
#167375 0)
#167500 0! 0$ 0% 0'
#167625 1(
#167875 0*
#168875 1*
#169500 1!
#169750 0*
#170750 1*
#171250 0!
#171375 1"
#171625 0*
#172625 1*
#173250 1!
#173500 0*
#174500 1*
#175625 1) 1-
#175875 0! 1% 1'
#176000 1#
#176750 0)
#176875 0" 0# 0% 0' 0(
#177000 1$
#177125 0*
#178250 1*
#178375 1)
#178750 1! 1" 1# 1% 1& 1' 1(
#179500 0)
#181250 1)
#181500 0" 0# 0& 0(
#182250 0-
#182375 0)
#182500 0! 0$ 0% 0'
#182625 1# 1(
#182750 0*
#183875 1*
#184500 1!
#184625 0*
#185750 1*
#186250 0!
#186375 1"
#186500 0*
#187625 1*
#188250 1!
#188375 0*
#189500 1*
#190625 1) 1-
#190875 0! 1% 1'
#191750 0)
#191875 0" 0% 0' 0(
#192000 1$
#192125 0*
#193250 1*
#193375 1)
#193625 0# 0$
#193750 1" 1% 1& 1' 1(
#194500 0)
#194750 1! 1# 1$
#195000 0*
#196000 1*
#196250 1)
#196500 0" 0# 0& 0(
#197250 0-
#197375 0)
#197500 0! 0% 0'
#197625 1(
#197750 0*
#198875 1*
#199500 1!
#199625 0*
#200750 1*
#201250 0!
#201375 1"
#201500 0*
#202625 1*
#203250 1!
#203375 0*
#204500 1*
#205625 1) 1-
#205875 0! 1# 0$ 1% 1'
#206750 0)
#206875 0" 0# 0' 0(
#207125 0*
#208250 1*
#208375 1)
#208750 1! 1" 1# 1$ 1& 1' 1(
#209500 0)
#211250 1)
#211500 0" 0# 0& 0(
#212250 0-
#212375 0)
#212500 0! 0% 0'
#212625 1# 1(
#212750 0*
#213875 1*
#214500 1!
#214750 0*
#215750 1*
#216250 0!
#216375 1"
#216625 0*
#217625 1*
#218250 1!
#218500 0*
#219500 1*
#220625 1) 1-
#220875 0! 0$ 1'
#221000 1%
#221750 0)
#221875 0" 0' 0(
#222250 0*
#223250 1*
#223375 1)
#223750 1! 1" 1$ 1& 1' 1(
#224500 0)
#226250 1)
#226500 0" 0# 0& 0(
#227250 0-
#227375 0)
#227500 0! 0$ 0'
#227625 1(
#227875 0*
#228875 1*
#229500 1!
#229750 0*
#230750 1*
#231250 0!
#231375 1"
#231625 0*
#232625 1*
#233250 1!
#233500 0*
#234500 1*
#235625 1) 1-
#235875 0! 1'
#236000 1#
#236750 0)
#236875 0# 0' 0(
#237000 0" 1$
#237250 0*
#238250 1*
#238375 1)
#238750 1! 1" 1# 1& 1' 1(
#239500 0)
#241250 1)
#241500 0" 0# 0& 0(
#242250 0-
#242375 0)
#242500 0! 0'
#242625 1# 0$ 1(
#242875 0*
#243875 1*
#244500 1!
#244750 0*
#245750 1*
#246250 0!
#246375 1"
#246625 0*
#247625 1*
#248250 1!
#248500 0*
#249500 1*
#250625 1) 1-
#250875 0!
#251000 1'
#251750 0)
#251875 0'
#252000 0" 1$ 0(
#252250 0*
#253250 1*
#253500 1)
#253750 1! 1" 0# 0$ 1& 1' 1(
#254500 0)
#254875 1# 1$
#255125 0+
#256125 1+
#256250 1)
#256500 0" 0# 0& 0(
#257375 0) 0-
#257500 0!
#257625 0' 1(
#257875 0*
#258875 1*
#259500 1!
#259750 0*
#260750 1*
#261250 0!
#261375 1"
#261625 0*
#262625 1*
#263250 1!
#263500 0*
#264500 1*
#265625 1)
#265750 1-
#265875 0! 0$
#266000 1# 1'
#266750 0)
#267000 0" 0# 0% 1& 0' 0(
#267250 0*
#268250 1*
#268500 1)
#268750 1! 1' 1(
#268875 1" 1# 1$ 1%
#269625 0)
#271250 1)
#271500 0" 0# 0(
#271625 0&
#272375 0) 0-
#272625 0! 1# 0' 1(
#272875 0*
#273875 1*
#274500 1!
#274750 0*
#275750 1*
#276375 0! 1"
#276625 0*
#277625 1*
#278250 1!
#278500 0*
#279250 0/
#279500 1*
#280625 1)
#280750 1-
#280875 0!
#281000 0$ 1'
#281750 0)
#282000 0" 0% 1& 0' 0(
#282250 0*
#283250 1*
#283500 1)
#283750 1(
#283875 1! 1" 1$ 1% 1'
#284625 0)
#286250 1) 1/
#286625 0" 0# 0& 0(
#287375 0) 0-
#287625 0! 0$ 0% 1& 0' 1(
#287875 0*
#288875 1*
#289500 1!
#289750 0*
#290750 1*
#291375 0! 1"
#291625 0*
#292625 1*
#293250 1!
#293500 0*
#294500 1*
#295750 1) 1-
#295875 0!
#296000 1# 1% 0& 1'
#296750 0)
#297000 0" 0# 0% 1& 0' 0(
#297125 1$
#297250 0*
#298250 1*
#298500 1)
#298875 1! 1" 1# 1% 1' 1(
#299625 0)
#301375 1)
#301625 0" 0# 0& 0(
#302375 0) 0-
#302625 0! 0$ 0% 0' 1(
#302750 1# 1&
#302875 0*
#303875 1*
#304500 1!
#304750 0*
#305875 1*
#306375 0!
#306500 1"
#306625 0*
#307750 1*
#308375 1!
#308500 0*
#309625 1*
#310750 1) 1-
#311000 0! 1% 0& 1'
#311875 0)
#312000 0" 0% 0' 0(
#312125 1$ 1&
#312250 0*
#313375 1*
#313500 1)
#313750 0$
#313875 1% 1' 1(
#314625 0)
#314875 1! 1" 1$
#315125 0*
#316125 1*
#316375 1)
#316625 0" 0# 0& 0(
#317375 0-
#317500 0)
#317625 0! 0% 0'
#317750 1& 1(
#318000 0*
#319000 1*
#319625 1!
#319875 0*
#320875 1*
#321375 0!
#321500 1"
#321750 0*
#322750 1*
#323375 1!
#323625 0*
#324625 1*
#325750 1) 1-
#326000 0! 0$ 0& 1'
#326125 1# 1%
#326875 0)
#327000 0" 0# 0' 0(
#327125 1&
#327375 0*
#328375 1*
#328500 1)
#328875 1! 1" 1# 1$ 1' 1(
#329625 0)
#331375 1)
#331625 0" 0# 0& 0(
#332375 0-
#332500 0)
#332625 0! 0'
#332750 1# 0% 1& 1(
#333000 0*
#334000 1*
#334625 1!
#334875 0*
#335125 0/
#335875 1*
#336375 0!
#336500 1"
#336750 0*
#337750 1*
#338375 1!
#338625 0*
#339625 1*
#340750 1) 1-
#341000 0! 0$ 0&
#341125 1% 1'
#341875 0)
#342125 0" 1& 0' 0( 1/
#342375 0*
#343375 1*
#343625 1)
#343875 1! 1" 1$ 1' 1(
#344625 0)
#346375 1)
#346625 0" 0# 0& 0(
#347500 0) 0-
#347750 0! 0$ 1& 0' 1(
#348000 0*
#349000 1*
#349625 1!
#349875 0*
#350875 1*
#351375 0!
#351500 1"
#351750 0*
#352750 1*
#353375 1!
#353625 0*
#354625 1*
#355750 1)
#355875 1-
#356000 0! 0&
#356125 1# 1'
#356875 0)
#357125 0" 0# 1$ 1& 0' 0(
#357375 0*
#358375 1*
#358625 1)
#358875 1! 1' 1(
#359000 1" 1#
#359750 0)
#361375 1)
#361625 0#
#361750 0" 0& 0(
#362500 0) 0-
#362750 0! 1# 0$ 1& 0' 1(
#363000 0*
#364000 1*
#364625 1!
#364875 0*
#365875 1*
#366500 0! 1"
#366750 0*
#367750 1*
#368375 1!
#368625 0*
#369625 1*
#370750 1)
#370875 1-
#371000 0! 0&
#371125 1'
#371875 0)
#372125 0" 1$ 1& 0' 0(
#372375 0*
#373375 1*
#373625 1)
#373875 0$ 1' 1(
#374000 1!
#374750 0)
#375000 1" 1$
#375250 0+
#376250 1+
#376375 1)
#376750 0" 0# 0& 0(
#377500 0) 0-
#377750 0! 1& 0' 1(
#378000 0*
#379000 1*
#379625 1!
#379875 0*
#380875 1*
#381500 0!
#381625 1"
#381750 0*
#382750 1*
#383375 1!
#383625 0*
#384625 1*
#385875 1) 1-
#386000 0!
#386125 1# 0$ 0& 1'
#386875 0)
#387125 0" 0# 0% 0(
#387375 0*
#388375 1*
#388625 1)
#389000 1! 1" 1# 1$ 1% 1& 1(
#389750 0)
#391500 1)
#391750 0" 0# 0& 0(
#392500 0) 0-
#392750 0! 1& 0' 1(
#392875 1#
#393000 0*
#394000 1*
#394625 1!
#394875 0*
#395875 1*
#396500 0!
#396625 1"
#396750 0*
#397750 1*
#398375 1!
#398625 0*
#399625 1*
#400875 1) 1-
#401125 0! 0$ 0& 1'
#401875 0)
#402125 0" 0% 0(
#402375 0*
#403375 1*
#403625 1)
#404000 1! 1" 1$ 1% 1& 1(
#404750 0)
#406500 1)
#406750 0" 0# 0& 0(
#407500 0) 0-
#407750 0! 0$ 0% 1(
#408000 0*
#409125 1*
#409625 1!
#409875 0*
#410875 1*
#411500 0!
#411625 1"
#411750 0*
#412875 1*
#413375 1!
#413625 0*
#414750 1*
#415875 1) 1-
#416125 0! 1# 1%
#416875 0)
#417125 0" 0# 0% 0(
#417250 1$
#417375 0*
#418500 1*
#418625 1)
#419000 1! 1" 1# 1% 1& 1(
#419750 0)
#421500 1)
#421750 0" 0# 0& 0(
#422500 0) 0-
#422750 0! 0$ 0% 1(
#422875 1#
#423000 0*
#424125 1*
#424750 1!
#424875 0*
#426000 1*
#426500 0!
#426625 1"
#426750 0*
#427875 1*
#428375 1!
#428625 0*
#429750 1*
#430875 1) 1-
#431125 0! 1%
#431875 0)
#432125 0" 0% 0(
#432250 1$
#432375 0*
#433375 1*
#433625 1)
#433875 0$
#434000 1" 1% 1& 1(
#434750 0)
#435000 1! 1$
#435250 0*
#436250 1*
#436500 1)
#436750 0" 0# 0& 0(
#437500 0) 0-
#437750 0! 0% 1(
#438000 0*
#439000 1*
#439750 1!
#439875 0*
#440875 1*
#441500 0!
#441625 1"
#441750 0*
#442750 1*
#443375 1!
#443625 0*
#444625 1*
#445875 1) 1-
#446125 0! 1# 0$ 1%
#446875 0)
#447125 0" 0# 0(
#447375 0*
#448375 1*
#448625 1)
#449000 1! 1" 1# 1$ 1& 1(
#449750 0)
#451500 1)
#451750 0" 0# 0& 0(
#452500 0) 0-
#452750 0! 0% 1(
#452875 1#
#453000 0*
#454000 1*
#454625 1!
#454875 0*
#455875 1*
#456500 0!
#456625 1"
#456750 0*
#457750 1*
#458375 1!
#458625 0*
#459625 1*
#460875 1) 1-
#461000 0!
#461125 0$ 1%
#461875 0)
#462125 0" 0(
#462375 0*
#463375 1*
#463625 1)
#464000 1! 1" 1$ 1& 1(
#464750 0)
#466375 1)
#466500 0/
#466750 0" 0# 0& 0(
#467500 0) 0-
#467750 0! 0$ 1(
#468000 0*
#469000 1*
#469625 1!
#469875 0*
#470875 1*
#471500 0! 1"
#471750 0*
#472750 1*
#473375 1!
#473500 1/
#473625 0*
#474625 1*
#475750 1)
#475875 1-
#476000 0!
#476125 1#
#476875 0)
#477125 0" 0# 1$ 0(
#477375 0*
#478375 1*
#478625 1)
#478875 1(
#479000 1! 1" 1# 1&
#479750 0)
#481375 1)
#481625 0#
#481750 0" 0& 0(
#482500 0) 0-
#482750 0! 1# 0$ 1(
#483000 0*
#484000 1*
#484625 1!
#484875 0*
#485875 1*
#486500 0! 1"
#486750 0*
#487750 1*
#488375 1!
#488625 0*
#489625 1*
#490750 1)
#490875 1-
#491000 0!
#491875 0)
#492125 0" 1$ 0(
#492375 0*
#493375 1*
#493625 1)
#493875 1! 1" 0$ 1(
#494000 1&
#494750 0)
#495000 1$
#495250 0+
#496250 1+
#496375 1)
#496625 0# 0&
#496750 0" 0(
#497500 0) 0-
#497750 0! 1(
#498000 0*
#499000 1*
#499625 1!
#499875 0*
#500875 1*
#501375 0!
#501500 1"
#501750 0*
#502750 1*
#503375 1!
#503625 0*
#504625 1*
#505750 1)
#505875 1-
#506000 0! 0$
#506125 1#
#506875 0)
#507125 0" 0# 0% 1& 0(
#507375 0*
#508375 1*
#508625 1)
#508875 1! 1" 1# 1$ 1% 1(
#509750 0)
#511375 1)
#511625 0" 0# 0& 0(
#512500 0) 0-
#512625 0!
#512750 1# 1(
#513000 0*
#514000 1*
#514625 1!
#514875 0*
#515875 1*
#516375 0!
#516500 1"
#516750 0*
#517750 1*
#518375 1!
#518625 0*
#519625 1*
#520750 1) 1-
#521000 0! 0$
#521875 0)
#522000 0(
#522125 0" 0% 1&
#522375 0* 0/
#523375 1*
#523625 1)
#523875 1! 1" 1$ 1% 1(
#524625 0)
#526375 1)
#526625 0" 0# 0& 0(
#527375 0-
#527500 0)
#527625 0! 0$
#527750 0% 1& 1(
#528000 0*
#529000 1*
#529375 1/
#529625 1!
#529875 0*
#530875 1*
#531375 0!
#531500 1"
#531750 0*
#532750 1*
#533375 1!
#533625 0*
#534625 1*
#535750 1) 1-
#536000 0! 0&
#536125 1# 1%
#536875 0)
#537000 0# 0% 0(
#537125 0" 1$ 1&
#537375 0*
#538375 1*
#538500 1)
#538875 1! 1" 1# 1% 1(
#539625 0)
#541375 1)
#541625 0" 0# 0& 0(
#542375 0-
#542500 0)
#542625 0! 0$ 0%
#542750 1# 1& 1(
#543000 0*
#544000 1*
#544625 1!
#544875 0*
#545875 1*
#546375 0!
#546500 1"
#546750 0*
#547750 1*
#548375 1!
#548625 0*
#549625 1*
#550750 1) 1-
#551000 0! 1% 0&
#551875 0)
#552000 0" 0% 0(
#552125 1$ 1&
#552375 0*
#553375 1*
#553500 1)
#553750 0#
#553875 1% 1(
#554625 0)
#554875 1! 1" 1#
#555125 0*
#556125 1*
#556375 1)
#556625 0" 0# 0& 0(
#557375 0-
#557500 0)
#557625 0! 0%
#557750 1& 1(
#557875 0*
#559000 1*
#559625 1!
#559750 0*
#560875 1*
#561375 0!
#561500 1"
#561625 0*
#562750 1*
#563375 1!
#563500 0*
#564625 1*
#565750 1) 1-
#566000 0! 1# 0$ 1% 0&
#566875 0)
#567000 0" 0# 0(
#567125 1&
#567250 0*
#568375 1*
#568500 1)
#568750 0% 0&
#569625 0)
#569875 0'
#570125 0+
#571125 1+
#571375 1)
#571625 1! 1$ 1% 1'
#572375 0) 0-
#572625 0! 0%
#572750 1# 1& 1(
#572875 0*
#573875 1*
#574500 1!
#574750 0*
#575750 1*
#576375 0!
#576500 1"
#576625 0*
#577625 1*
#578250 1!
#578500 0*
#579500 1*
#580750 1) 1-
#581000 0! 0$ 1% 0&
#581750 0)
#582000 0" 0(
#582125 1&
#582250 0*
#583250 1*
#583500 1)
#583875 1! 1" 1$ 1(
#584625 0)
#586375 1)
#586625 0" 0# 0& 0(
#587375 0) 0-
#587625 0! 0$ 1(
#587750 1&
#587875 0*
#588875 1*
#589500 1!
#589750 0*
#590750 1*
#591375 0!
#591500 1"
#591625 0*
#592625 1*
#593250 1!
#593500 0*
#594500 1*
#595750 1) 1-
#595875 0!
#596000 1# 0&
#596750 0)
#597000 0" 0# 1& 0(
#597125 1$
#597250 0*
#598250 1*
#598500 1)
#598875 1! 1" 1# 1(
#599625 0)
#601375 1)
#601625 0" 0# 0& 0(
#602375 0) 0-
#602625 0! 0$ 1& 1(
#602750 1#
#602875 0*
#603875 1*
#604500 1!
#604750 0*
#605750 1*
#606375 0!
#606500 1"
#606625 0*
#607625 1*
#608250 1!
#608500 0*
#609500 1*
#610750 1) 1-
#610875 0!
#611000 0&
#611750 0)
#612000 0" 1& 0(
#612125 1$
#612250 0*
#613250 1*
#613500 1)
#613750 0# 1(
#613875 1!
#614625 0) 0/
#614875 1" 1#
#615125 0+
#616125 1+
#616250 1)
#616625 0" 0# 0& 0(
#617375 0) 0-
#617625 0! 1& 1(
#617875 0*
#618875 1*
#619500 1!
#619750 0*
#620750 1*
#621375 0!
#621500 1"
#621625 0* 1/
#622625 1*
#623250 1!
#623500 0*
#624500 1*
#625750 1) 1-
#626000 1#
#626750 0)
#627250 0+
#628375 1+
#628500 1)
#629625 0)
#631375 1)
#631625 0" 0# 0& 0(
#632375 0) 0-
#632625 0! 1& 1(
#632750 1#
#632875 0*
#633875 1*
#634500 1!
#634750 0*
#635750 1*
#636375 0!
#636500 1"
#636625 0*
#637625 1*
#638250 1!
#638500 0*
#639500 1*
#640750 1) 1-
#641000 0! 0$ 0&
#641750 0)
#642000 0" 0# 0% 0' 0(
#642250 0*
#643250 1*
#644000 1!
#644125 0*
#645125 1*
#645750 0!
#645875 1"
#646000 0*
#646750 1)
#647000 1*
#647125 1# 1% 1' 1(
#647875 0)
#648125 0" 0# 0% 0' 0(
#648375 0*
#649375 1*
#650000 1!
#650250 0*
#651250 1*
#651875 0! 1"
#652125 0*
#652875 1)
#653125 1*
#653250 1! 1# 1$ 1% 1& 1' 1(
#654000 0)
#655750 1)
#656000 0! 0" 0# 0&
#656750 0)
#657000 1! 0$ 0% 0' 0(
#657125 1"
#657250 0*
#658375 1*
#659000 1%
#659125 0*
#660250 1*
#660375 1)
#660625 0! 0"
#660750 1# 1' 1(
#661500 0)
#661750 1! 1" 0# 0% 0' 0(
#662000 0*
#663000 1*
#663250 1)
#663500 0! 0" 1$ 1% 1' 1(
#664375 0)
#664500 0$ 0% 0' 0(
#664625 1! 1"
#664750 0*
#665875 1*
#666500 1%
#666625 0*
#667750 1*
#667875 1)
#668125 0! 0"
#668250 1# 1' 1(
#669000 0)
#669250 1! 1" 0# 0% 0' 0(
#669500 0*
#670500 1* 0/
#670750 1)
#671000 0! 1' 1(
#671125 1# 1%
#671875 0)
#672000 0" 0# 0% 0' 0(
#672250 0*
#673375 1*
#674000 1!
#674250 0*
#675250 1*
#675750 0!
#675875 1"
#676125 0*
#676875 1)
#677125 1' 1( 1*
#677250 1# 1%
#677500 1/
#677875 0)
#678125 0" 0# 0% 0' 0(
#678375 0*
#679375 1*
#680125 1!
#680250 0*
#681250 1*
#681875 0!
#682000 1"
#682125 0*
#683375 1)
#683625 1*
#684250 1! 1# 1$ 1% 1& 1' 1(
#685000 0)
#687125 1)
#687375 0! 0" 0# 0&
#688250 0)
#688875 0$ 0% 0' 0(
#689000 1! 1"
#689250 0*
#690250 1*
#690875 1%
#691125 0*
#692125 1*
#692375 1)
#692500 0! 0"
#692625 1# 1' 1(
#693375 0)
#693625 1! 1" 0# 0% 0' 0(
#693875 0*
#694875 1*
#695125 1)
#695375 0! 0" 1(
#695500 1$ 1% 1'
#696250 0)
#696375 0$ 0% 0' 0(
#696500 1! 1"
#696750 0*
#697750 1*
#698375 1%
#698625 0*
#699625 1*
#699875 1)
#700000 0!
#700125 0" 1# 1' 1(
#700875 0)
#701125 1! 1" 0# 0% 0' 0(
#701375 0*
#702375 1*
#702625 1)
#702875 0!
#703000 1# 1% 1' 1(
#703750 0)
#703875 0(
#704000 0" 0# 0% 0'
#704250 0*
#705250 1*
#705875 1!
#706125 0*
#707125 1*
#707625 0!
#707750 1"
#708000 0*
#708750 1)
#709000 1*
#709125 1# 1% 1' 1(
#709875 0)
#710000 0# 0% 0' 0(
#710125 0"
#710375 0*
#711375 1*
#712000 1!
#712250 0*
#713250 1*
#713750 0!
#713875 1"
#714125 0*
#714875 1)
#715125 1! 1' 1( 1*
#715250 1# 1$ 1% 1&
#716000 0)
#717625 1)
#717875 0! 0" 0# 0&
#718750 0)
#719000 1! 1" 0$ 0% 0' 0(
#719250 0*
#720250 1*
#720875 1%
#721125 0*
#722125 1*
#722375 1)
#722625 0! 0" 1' 1(
#722750 1#
#723500 0)
#723625 0# 0% 0' 0(
#723750 1! 1"
#724000 0*
#725000 1*
#725125 1)
#725375 0! 0"
#725500 1$ 1% 1' 1(
#726250 0)
#726500 1! 1" 0$ 0% 0' 0(
#726750 0*
#727750 1*
#728375 1%
#728625 0*
#729625 1*
#729875 1)
#730125 0! 0" 1(
#730250 1# 1'
#731000 0)
#731125 0# 0' 0(
#731250 1! 1" 0%
#731500 0*
#732500 1*
#732625 1)
#732875 0!
#733000 1# 1% 1' 1(
#733750 0)
#734000 0" 0# 0% 0' 0(
#734250 0*
#735250 1*
#735875 1!
#736125 0*
#737125 1*
#737750 0!
#737875 1"
#738000 0*
#738750 1)
#739000 1*
#739125 1# 1% 1' 1(
#739875 0)
#740125 0" 0# 0% 0' 0(
#740375 0*
#741375 1*
#742000 1!
#742250 0*
#743250 1*
#743875 0! 1"
#744125 0*
#744875 1)
#745125 1*
#745250 1! 1# 1$ 1% 1& 1' 1(
#746000 0)
#747750 1)
#748000 0! 0" 0# 0&
#748750 0)
#749000 1! 0$ 0% 0' 0(
#749125 1"
#749250 0*
#750375 1*
#751000 1%
#751125 0*
#752250 1*
#752375 1)
#752625 0! 0"
#752750 1# 1' 1(
#753500 0)
#753750 1! 1" 0# 0% 0' 0(
#754000 0*
#755000 1*
#755250 1)
#755500 0! 0" 1$ 1% 1' 1(
#756375 0)
#756500 0$ 0% 0' 0(
#756625 1! 1"
#756750 0*
#757875 1*
#758500 1%
#758625 0*
#759750 1*
#759875 1)
#760125 0! 0"
#760250 1# 1' 1(
#761000 0)
#761250 1! 1" 0# 0% 0' 0(
#761500 0*
#762500 1*
#762750 1)
#778125 1# 1$ 1% 1& 1' 1(
#778875 0)
#780500 1)
#782625 0)
#784375 1)
#787375 0! 0$ 0&
#788250 0)
#788500 0" 0# 0% 0' 0(
#788750 0*
#789750 1*
#790000 1)
#790250 1! 1" 1# 1$ 1% 1& 1' 1(
#791000 0)
#792750 1)
#793875 0)
#794375 0+
#795375 1+
#796250 0+
#797250 1+
#798125 0+
#799125 1+
#800000 0+
#801000 1+
#802125 1)
#802375 0! 0$ 0&
#803250 0)
#803500 0" 0% 0' 0(
#803750 0*
#804750 1*
#805000 1)
#805250 1! 1% 1& 1' 1(
#805375 1" 1$
#806125 0)
#807750 1)
#808000 0! 0# 0& 0(
#808875 0) 0-
#809125 0" 0$ 0% 0'
#809375 0*
#810375 1*
#811000 1!
#811250 0*
#812250 1*
#812750 0!
#812875 1"
#813125 0*
#814125 1*
#814750 1!
#815000 0*
#816000 1*
#817125 1)
#817250 1-
#817375 0!
#817500 1# 1% 1' 1(
#818250 0)
#818500 0" 0# 1$ 0% 0' 0(
#818750 0*
#819750 1*
#820000 1)
#820250 1(
#820375 1! 1" 1# 1% 1& 1'
#821125 0)
#822750 1)
#823000 0! 0# 0&
#823125 0(
#823875 0) 0-
#824125 0" 1# 0$ 0% 0'
#824375 0*
#825375 1*
#826000 1!
#826250 0*
#827250 1*
#827875 0! 1"
#828125 0*
#829125 1*
#829750 1!
#830000 0*
#831000 1*
#832125 1)
#832250 1-
#832375 0!
#832500 1% 1' 1(
#833250 0)
#833500 0" 1$ 0% 0' 0(
#833750 0*
#834750 1*
#835000 1)
#835250 0# 1' 1(
#835375 1" 1% 1&
#836125 0)
#836375 1! 1#
#836625 0*
#837625 1*
#837750 1)
#838000 0! 0#
#838125 0& 0(
#838875 0) 0-
#839125 0" 0% 0'
#839375 0*
#840375 1*
#841000 1!
#841250 0*
#842250 1*
#842875 0! 1"
#843125 0*
#843875 00
#844125 1*
#844750 1!
#845000 0*
#846000 1*
#847125 1)
#847250 1-
#847375 0!
#847500 1# 0$ 1% 1' 1(
#848250 0)
#848500 0" 0# 0' 0(
#848750 0*
#849750 1*
#850000 1)
#850250 1(
#850375 1! 1" 1# 1$ 1& 1'
#850875 10
#851125 0)
#852750 1)
#853000 0!
#853125 0# 0& 0(
#853875 0) 0-
#854125 0" 1# 0% 0'
#854375 0*
#855375 1*
#856000 1!
#856250 0*
#857250 1*
#857875 0! 1"
#858125 0*
#859125 1*
#859750 1!
#860000 0*
#861000 1*
#862125 1)
#862250 1-
#862375 0!
#862500 0$ 1% 1' 1(
#863250 0)
#863500 0" 0' 0(
#863750 0*
#864750 1*
#865000 1)
#865250 1(
#865375 1! 1" 1$ 1& 1'
#866125 0)
#867750 1)
#868000 0!
#868125 0# 0& 0(
#868875 0) 0-
#869125 0" 0$ 0'
#869375 0*
#870375 1*
#871000 1!
#871250 0*
#872250 1*
#872875 0! 1"
#873125 0*
#874125 1*
#874750 1!
#875000 0*
#876000 1*
#877125 1)
#877250 1-
#877375 0!
#877500 1# 1' 1(
#878250 0)
#878500 0" 0# 1$ 0' 0(
#878750 0*
#879750 1*
#880000 1)
#880250 1' 1(
#880375 1! 1" 1# 1&
#881125 0)
#882750 1)
#883000 0! 0# 0& 0(
#883875 0) 0-
#884125 0" 1# 0$ 0'
#884375 0*
#885375 1*
#886000 1!
#886250 0*
#887250 1*
#887875 0! 1"
#888125 0*
#889125 1*
#889750 1!
#890000 0*
#891000 1*
#892125 1)
#892250 1-
#892375 0!
#892500 1' 1(
#893250 0)
#893500 0" 1$ 0' 0(
#893750 0*
#894750 1*
#895000 1)
#895250 1! 1" 0# 1& 1' 1(
#896125 0)
#896375 1#
#896625 0+
#897625 1+
#897750 1)
#898000 0! 0# 0& 0(
#898875 0) 0-
#899125 0" 0'
#899375 0*
#900375 1*
#901000 1!
#901250 0*
#902250 1*
#902750 0!
#902875 1"
#903125 0*
#904125 1*
#904750 1!
#905000 0*
#906000 1*
#907125 1)
#907250 1-
#907375 0! 0$
#907500 1# 1' 1(
#908250 0)
#908375 0(
#908500 0" 0# 0% 1& 0'
#908750 0*
#909750 1*
#910000 1)
#910250 1! 1" 1# 1$ 1% 1' 1(
#911000 0)
#912750 1)
#913000 0! 0# 0& 0(
#913875 0) 0-
#914125 0" 1# 0'
#914375 0*
#915375 1*
#916000 1!
#916250 0*
#917250 1*
#917750 0!
#917875 1"
#918125 0*
#919125 1*
#919375 00
#919750 1!
#920000 0*
#921000 1*
#922125 1) 1-
#922375 0! 0$ 1(
#922500 1'
#923250 0)
#923375 0' 0(
#923500 0" 0% 1&
#923750 0*
#924750 1*
#925000 1)
#925250 1! 1" 1$ 1% 1' 1(
#926000 0)
#926375 10
#927750 1)
#928000 0! 0# 0& 0(
#928750 0-
#928875 0)
#929000 0$ 0% 0'
#929125 0" 1&
#929375 0*
#930375 1*
#931000 1!
#931250 0*
#932250 1*
#932750 0!
#932875 1"
#933125 0*
#934125 1*
#934750 1!
#935000 0*
#936000 1*
#937125 1) 1-
#937375 0! 0& 1' 1(
#937500 1# 1%
#938250 0)
#938375 0# 0% 0' 0(
#938500 0" 1$ 1&
#938750 0*
#939750 1*
#939875 1)
#940250 1! 1" 1# 1% 1' 1(
#941000 0)
#942750 1)
#943000 0! 0# 0& 0(
#943750 0-
#943875 0)
#944000 0" 0$ 0% 0'
#944125 1# 1&
#944375 0*
#945375 1*
#946000 1!
#946250 0*
#947250 1*
#947750 0!
#947875 1"
#948125 0*
#949125 1*
#949750 1!
#950000 0*
#951000 1*
#952125 1) 1-
#952375 0! 0& 1' 1(
#952500 1%
#953250 0)
#953375 0" 0% 0' 0(
#953500 1$ 1&
#953750 0*
#954750 1*
#954875 1)
#955250 1% 1' 1(
#956000 0)
#956250 1! 1"
#956500 0*
#957500 1*
#957750 1)
#958000 0! 0# 0& 0(
#958750 0-
#958875 0)
#959000 0" 0% 0'
#959125 1&
#959250 0*
#960375 1*
#961000 1!
#961250 0*
#962250 1*
#962750 0!
#962875 1"
#963000 0*
#964125 1*
#964750 1!
#964875 0*
#966000 1*
#967125 1) 1-
#967375 0! 1# 0$ 1% 0& 1' 1(
#968250 0)
#968375 0" 0# 0' 0(
#968500 1&
#968625 0*
#969750 1*
#969875 1)
#970250 1! 1" 1# 1$ 1' 1(
#971000 0)
#972750 1)
#973000 0! 0# 0& 0(
#973750 0) 0-
#974000 0" 0% 0'
#974125 1# 1&
#974250 0*
#975375 1*
#976000 1!
#976125 0*
#977125 1*
#977750 0!
#977875 1"
#978000 0*
#979000 1*
#979625 1!
#979875 0*
#980875 1*
#982125 1) 1-
#982375 0! 0$ 1% 0& 1' 1(
#983125 0)
#983375 0" 1& 0' 0(
#983625 0*
#984625 1*
#984875 1)
#985250 1! 1" 1$ 1' 1(
#986000 0)
#987750 1)
#988000 0! 0# 0& 0(
#988750 0) 0-
#989000 0" 0$ 1& 0'
#989250 0*
#990250 1*
#990875 1!
#991125 0*
#992125 1*
#992750 0!
#992875 1"
#993000 0*
#994000 1*
#994625 1!
#994875 0*
#995875 1*
#997125 1) 1-
#997250 0!
#997375 1# 0& 1' 1(
#998125 0)
#998375 0" 0# 1$ 1& 0' 0(
#998625 0*
#999625 1*
#999875 1)
#1000250 1! 1" 1# 1' 1(
#1001000 0)
#1002625 1)
#1003000 0! 0# 0& 0(
#1003750 0) 0-
#1004000 0" 0$ 1& 0'
#1004125 1#
#1004250 0*
#1005250 1*
#1005875 1!
#1006125 0*
#1007125 1*
#1007750 0! 1"
#1008000 0*
#1009000 1*
#1009625 1!
#1009875 0*
#1010875 1*
#1012000 1)
#1012125 1-
#1012250 0!
#1012375 0& 1' 1(
#1013125 0)
#1013375 0" 1$ 1& 0' 0(
#1013625 0*
#1014625 1*
#1014875 1)
#1015125 1(
#1015250 1! 1'
#1016000 0)
#1016250 1"
#1016500 0+
#1017500 1+
#1017625 1)
#1018000 0! 0# 0& 0(
#1018750 0) 0-
#1019000 0" 1& 0'
#1019250 0*
#1020250 1*
#1020875 1!
#1021125 0*
#1022125 1*
#1022750 0! 1"
#1023000 0*
#1024000 1*
#1024625 1!
#1024875 0*
#1025875 1*
#1027000 1)
#1027125 1-
#1027250 0!
#1027375 1# 0$ 0& 1' 1(
#1028125 0)
#1028375 0" 0# 0% 0(
#1028625 0*
#1029625 1*
#1029875 1)
#1030125 1(
#1030250 1! 1" 1# 1$ 1% 1&
#1031000 0)
#1032625 1)
#1033000 0! 0# 0& 0(
#1033750 0) 0-
#1034000 0" 1# 1& 0'
#1034250 0*
#1035250 1*
#1035875 1!
#1036125 0*
#1037125 1*
#1037750 0! 1"
#1038000 0*
#1039000 1*
#1039625 1!
#1039875 0*
#1040875 1*
#1042000 1)
#1042125 1-
#1042250 0! 0&
#1042375 0$ 1' 1(
#1043125 0)
#1043375 0" 0% 0(
#1043625 0*
#1044625 1*
#1044875 1)
#1045125 1(
#1045250 1! 1" 1$ 1% 1&
#1046000 0)
#1047625 1)
#1048000 0! 0# 0& 0(
#1048750 0) 0-
#1049000 0" 0$ 0%
#1049250 0*
#1050250 1*
#1050875 1!
#1051125 0*
#1052125 1*
#1052750 0! 1"
#1053000 0*
#1054000 1*
#1054625 1!
#1054875 0*
#1055875 1*
#1057000 1)
#1057125 1-
#1057250 0!
#1057375 1# 1% 1(
#1058125 0)
#1058375 0" 0# 1$ 0% 0(
#1058625 0*
#1059625 1*
#1059875 1)
#1060125 1(
#1060250 1! 1" 1# 1% 1&
#1061000 0)
#1062625 1)
#1063000 0! 0# 0& 0(
#1063750 0) 0-
#1064000 0" 1# 0$ 0%
#1064250 0*
#1065250 1*
#1065875 1!
#1066125 0*
#1067125 1*
#1067750 0! 1"
#1068000 0*
#1069000 1*
#1069625 1!
#1069875 0*
#1070875 1*
#1072000 1)
#1072125 1-
#1072250 0!
#1072375 1% 1(
#1073125 0)
#1073375 0" 1$ 0% 0(
#1073625 0*
#1074625 1*
#1074875 1)
#1075125 1(
#1075250 1" 1% 1&
#1076000 0)
#1076250 1!
#1076500 0*
#1077500 1*
#1077625 1)
#1078000 0! 0# 0& 0(
#1078750 0) 0-
#1079000 0" 0%
#1079250 0*
#1080250 1*
#1080875 1!
#1081125 0*
#1082125 1*
#1082750 0!
#1082875 1"
#1083000 0*
#1084000 1*
#1084625 1!
#1084875 0*
#1085875 1*
#1087125 1) 1-
#1087250 0!
#1087375 1# 0$ 1% 1(
#1088125 0)
#1088375 0" 0# 0(
#1088625 0*
#1089625 1*
#1089875 1)
#1090250 1! 1" 1# 1$ 1& 1(
#1091000 0)
#1092750 1)
#1093000 0! 0# 0& 0(
#1093750 0) 0-
#1094000 0" 0%
#1094125 1#
#1094250 0*
#1095250 1*
#1095875 1!
#1096125 0*
#1097125 1*
#1097750 0!
#1097875 1"
#1098000 0*
#1099000 1*
#1099625 1!
#1099875 0*
#1100875 1*
#1102125 1) 1-
#1102375 0! 0$ 1% 1(
#1103125 0)
#1103375 0" 0(
#1103625 0*
#1104625 1*
#1104875 1)
#1105250 1! 1" 1$ 1& 1(
#1106000 0)
#1107750 1)
#1108000 0! 0# 0& 0(
#1108750 0) 0-
#1109000 0" 0$
#1109250 0*
#1110375 1*
#1111000 1!
#1111125 0*
#1112250 1*
#1112750 0!
#1112875 1"
#1113000 0*
#1114125 1*
#1114750 1!
#1114875 0*
#1116000 1*
#1117125 1) 1-
#1117375 0! 1# 1(
#1118250 0)
#1118375 0" 0# 0(
#1118500 1$
#1118625 0*
#1119750 1*
#1119875 1)
#1120250 1! 1" 1# 1& 1(
#1121000 0)
#1122750 1)
#1123000 0! 0# 0& 0(
#1123750 0-
#1123875 0)
#1124000 0" 0$
#1124125 1#
#1124375 0*
#1125375 1*
#1126000 1!
#1126250 0*
#1127250 1*
#1127750 0!
#1127875 1"
#1128125 0*
#1129125 1*
#1129750 1!
#1130000 0*
#1131000 1*
#1132125 1) 1-
#1132375 0! 1(
#1133250 0)
#1133375 0" 0(
#1133500 1$
#1133750 0*
#1134750 1*
#1134875 1)
#1135250 1! 1" 1& 1(
#1136000 0)
#1136500 0+
#1137500 1+
#1137750 1)
#1138000 0! 0# 0& 0(
#1138750 0-
#1138875 0)
#1139000 0"
#1139375 0*
#1140375 1*
#1141000 1!
#1141250 0*
#1142250 1*
#1142750 0!
#1142875 1"
#1143125 0*
#1144125 1*
#1144750 1!
#1145000 0*
#1146000 1*
#1147125 1) 1-
#1147375 0! 0$ 1(
#1147500 1#
#1148250 0)
#1148375 0# 0(
#1148500 0" 0% 1&
#1148750 0*
#1149750 1*
#1150000 1)
#1150250 1! 1" 1# 1$ 1% 1(
#1151000 0)
#1152750 1)
#1153000 0! 0# 0& 0(
#1153875 0) 0-
#1154125 0" 1#
#1154375 0*
#1155375 1*
#1156000 1!
#1156250 0*
#1157250 1*
#1157750 0!
#1157875 1"
#1158125 0*
#1159125 1*
#1159750 1!
#1160000 0*
#1161000 1*
#1162125 1)
#1162250 1-
#1162375 0! 0$
#1162500 1(
#1163250 0)
#1163500 0" 0% 1& 0(
#1163750 0*
#1164750 1*
#1165000 1)
#1165250 1! 1" 1(
#1165375 1$ 1%
#1166125 0)
#1167750 1)
#1168000 0! 0(
#1168125 0# 0&
#1168875 0) 0-
#1169125 0" 0$ 0% 1&
#1169375 0*
#1170375 1*
#1171000 1!
#1171250 0*
#1172250 1*
#1172875 0! 1"
#1173125 0*
#1174125 1*
#1174750 1!
#1175000 0*
#1176000 1*
#1177125 1)
#1177250 1-
#1177375 0! 0&
#1177500 1# 1% 1(
#1178250 0)
#1178500 0" 0# 1$ 0% 1& 0(
#1178750 0*
#1179750 1*
#1180000 1)
#1180250 1(
#1180375 1! 1" 1# 1%
#1181125 0)
#1182750 1)
#1183125 0! 0# 0& 0(
#1183875 0) 0-
#1184125 0" 0$ 0% 1&
#1184250 1#
#1184375 0*
#1185375 1*
#1186000 1!
#1186250 0*
#1187250 1*
#1187875 0! 1"
#1188125 0*
#1189125 1*
#1189750 1!
#1190000 0*
#1191000 1*
#1192250 1) 1-
#1192375 0!
#1192500 1% 0& 1(
#1193250 0)
#1193500 0" 0% 1& 0(
#1193625 1$
#1193750 0*
#1194750 1*
#1195000 1)
#1195250 0# 0$ 0& 0'
#1196125 0)
#1196375 1! 1" 1# 1$ 1% 1&
#1196625 0*
#1197625 1*
#1197875 1)
#1198125 0! 0# 0& 1'
#1198875 0) 0-
#1199125 0" 0%
#1199250 1&
#1199375 0*
#1200375 1*
#1201125 1!
#1201250 0*
#1202250 1*
#1202875 0!
#1203000 1"
#1203125 0*
#1204125 1*
#1204750 1!
#1205000 0*
#1206125 1*
#1207250 1) 1-
#1207500 0! 1# 0$ 1% 0& 1(
#1208375 0)
#1208500 0" 0# 0(
#1208625 1&
#1208750 0*
#1209875 1*
#1210000 1)
#1210375 1! 1" 1# 1$ 1(
#1211125 0)
#1212875 1)
#1213125 0! 0# 0& 0(
#1213875 0-
#1214000 0)
#1214125 0" 0%
#1214250 1# 1&
#1214375 0*
#1215500 1*
#1216125 1!
#1216375 0*
#1217375 1*
#1217875 0!
#1218000 1"
#1218250 0*
#1219250 1*
#1219875 1!
#1220125 0*
#1221125 1*
#1222250 1) 1-
#1222500 0! 0$ 0& 1(
#1222625 1%
#1223375 0)
#1223500 0" 0(
#1223625 1&
#1223875 0*
#1224875 1*
#1225000 1)
#1225375 1! 1" 1$ 1(
#1226125 0)
#1226750 0/
#1227875 1)
#1228125 0! 0# 0& 0(
#1228875 0-
#1229000 0)
#1229125 0" 0$
#1229250 1&
#1229500 0*
#1230500 1*
#1231125 1!
#1231375 0*
#1232375 1*
#1232875 0!
#1233000 1"
#1233250 0*
#1233750 1/
#1234250 1*
#1234875 1!
#1235125 0*
#1236125 1*
#1237250 1) 1-
#1237500 0! 0& 1(
#1237625 1#
#1238375 0)
#1238500 0" 0# 0(
#1238625 1$ 1&
#1238875 0*
#1239875 1*
#1240000 1)
#1240375 1! 1" 1# 1(
#1241125 0)
#1242875 1)
#1243125 0! 0# 0& 0(
#1243875 0-
#1244000 0)
#1244125 0"
#1244250 1# 0$ 1&
#1244500 0*
#1245500 1*
#1246125 1!
#1246375 0*
#1247375 1*
#1247875 0!
#1248000 1"
#1248250 0*
#1249250 1*
#1249875 1!
#1250125 0*
#1251125 1*
#1252250 1) 1-
#1252500 0! 0&
#1252625 1(
#1253375 0)
#1253500 0(
#1253625 0" 1$ 1&
#1253875 0*
#1254875 1*
#1255125 1)
#1255375 1! 0# 0$ 0% 0& 0'
#1256125 0)
#1256500 1" 1# 1$ 1% 1&
#1256750 0+
#1257750 1+
#1257875 1)
#1258125 0! 0# 0&
#1258250 1'
#1259000 0) 0-
#1259250 0" 1&
#1259500 0*
#1260500 1*
#1261125 1!
#1261375 0*
#1262375 1*
#1262875 0!
#1263000 1"
#1263250 0*
#1264250 1*
#1264875 1!
#1265125 0*
#1266125 1*
#1267250 1)
#1267375 1-
#1267625 1# 1(
#1268375 0)
#1268875 0+
#1269875 1+
#1270125 1)
#1271125 0)
#1272875 1)
#1273125 0! 0# 0& 0(
#1274000 0) 0-
#1274250 0" 1# 1&
#1274500 0*
#1275500 1*
#1276125 1!
#1276375 0*
#1277375 1*
#1277875 0!
#1278000 1"
#1278250 0*
#1279250 1*
#1279875 1!
#1280125 0*
#1281125 1*
#1282250 1)
#1282375 1-
#1282500 0! 0$ 0&
#1282625 1(
#1283375 0)
#1283500 0(
#1283625 0" 0# 0% 0'
#1283875 0*
#1284875 1*
#1285500 1!
#1285750 0*
#1286750 1*
#1287250 0!
#1287375 1"
#1287625 0*
#1288375 1)
#1288625 1*
#1288750 1# 1% 1' 1(
#1289500 0)
#1289625 0# 0% 0' 0(
#1289750 0"
#1290000 0*
#1291000 1* 0/
#1291625 1!
#1291875 0*
#1292875 1*
#1293375 0!
#1293500 1"
#1293750 0*
#1294500 1)
#1294750 1! 1# 1% 1& 1' 1( 1*
#1294875 1$
#1295625 0)
#1297250 1)
#1297500 0! 0" 0# 0&
#1298000 1/
#1298375 0)
#1298625 1# 0$ 0% 0' 0(
#1298875 0*
#1299875 1*
#1300500 1%
#1300750 0*
#1301750 1*
#1302000 1)
#1302250 1' 1(
#1303000 0)
#1303250 0% 0' 0(
#1303500 0*
#1304500 1*
#1304750 1)
#1305000 0#
#1305125 1$ 1% 1' 1(
#1305875 0)
#1306000 0(
#1306125 1# 0$ 0% 0'
#1306375 0*
#1307375 1*
#1308000 1%
#1308250 0*
#1309250 1*
#1309500 1)
#1309750 1' 1(
#1310500 0)
#1310750 0% 0' 0(
#1311000 0*
#1312000 1*
#1312250 1)
#1312625 1" 1% 1' 1(
#1313375 0)
#1313500 0(
#1313625 0" 0# 0% 0'
#1313875 0*
#1314875 1*
#1315500 1!
#1315750 0*
#1316750 1*
#1317250 0!
#1317375 1"
#1317625 0*
#1318375 1)
#1318625 1*
#1318750 1# 1% 1' 1(
#1319500 0)
#1319625 0" 0# 0% 0' 0(
#1320000 0*
#1321000 1*
#1321625 1!
#1321875 0*
#1322875 1*
#1323375 0!
#1323500 1"
#1323750 0*
#1324875 1)
#1325125 1*
#1325750 1! 1# 1$ 1% 1& 1' 1(
#1326500 0)
#1328625 1)
#1328875 0! 0# 0&
#1329000 0"
#1329750 0)
#1330375 0(
#1330500 1# 0$ 0% 0'
#1330750 0*
#1331750 1*
#1332375 1%
#1332625 0*
#1333625 1*
#1333875 1)
#1334125 1' 1(
#1334875 0)
#1335125 0% 0' 0(
#1335375 0*
#1336375 1*
#1336625 1)
#1336875 0# 1(
#1337000 1$ 1% 1'
#1337750 0)
#1337875 0$ 0% 0' 0(
#1338000 1#
#1338250 0*
#1339250 1*
#1339875 1%
#1340125 0*
#1341125 1*
#1341250 1)
#1341625 1' 1(
#1342375 0)
#1342625 0% 0' 0(
#1342875 0*
#1343875 1*
#1344125 1)
#1344375 1(
#1344500 1" 1% 1'
#1345250 0)
#1345375 0" 0% 0' 0(
#1345500 0#
#1345750 0*
#1346750 1*
#1347375 1!
#1347625 0*
#1348625 1*
#1349125 0!
#1349250 1"
#1349500 0*
#1350250 1)
#1350500 1( 1*
#1350625 1# 1% 1'
#1351375 0)
#1351500 0" 0# 0% 0' 0(
#1351750 0*
#1352750 1*
#1353500 1!
#1353625 0*
#1354625 1*
#1355250 0! 0/
#1355375 1"
#1355500 0*
#1356250 1)
#1356500 1*
#1356625 1! 1# 1$ 1% 1& 1' 1(
#1357375 0)
#1359125 1)
#1359375 0! 0" 0# 0&
#1360250 0)
#1360375 0$ 0% 0' 0(
#1360500 1#
#1360750 0*
#1361750 1*
#1362250 1/
#1362375 1%
#1362625 0*
#1363625 1*
#1363750 1)
#1364125 1' 1(
#1364875 0)
#1365125 0% 0' 0(
#1365375 0*
#1366375 1*
#1366625 1)
#1366875 0# 1% 1' 1(
#1367000 1$
#1367750 0)
#1367875 0$ 0% 0' 0(
#1368000 1#
#1368125 0*
#1369250 1*
#1369875 1%
#1370000 0*
#1371125 1*
#1371250 1)
#1371625 1' 1(
#1372375 0)
#1372625 0% 0' 0(
#1372875 0*
#1373875 1*
#1374125 1)
#1374375 1% 1' 1(
#1374500 1"
#1375250 0)
#1375375 0" 0# 0% 0' 0(
#1375625 0*
#1376750 1*
#1377375 1!
#1377500 0*
#1378625 1*
#1379125 0!
#1379250 1"
#1379375 0*
#1380125 1)
#1380375 1*
#1380500 1# 1% 1' 1(
#1381250 0)
#1381500 0" 0# 0% 0' 0(
#1381750 0*
#1382750 1*
#1383375 1!
#1383625 0*
#1384625 1*
#1385250 0! 1"
#1385500 0*
#1386250 1)
#1386500 1*
#1386625 1! 1# 1$ 1% 1& 1' 1(
#1387375 0)
#1389125 1)
#1389375 0! 0" 0# 0&
#1390125 0)
#1390375 0$ 0% 0' 0(
#1390500 1#
#1390625 0*
#1391625 1*
#1392375 1%
#1392500 0*
#1393500 1*
#1393750 1)
#1394125 1' 1(
#1394875 0)
#1395000 0(
#1395125 0% 0'
#1395375 0*
#1396375 1*
#1396625 1)
#1396875 0# 1$ 1% 1' 1(
#1397625 0)
#1397875 0$ 0% 0' 0(
#1398000 1#
#1398125 0*
#1399125 1*
#1399750 1%
#1400000 0*
#1401000 1*
#1401250 1)
#1401625 1' 1(
#1402375 0)
#1402500 0' 0(
#1402625 0%
#1402875 0*
#1403875 1*
#1404000 1)
#1419375 1! 1" 1$ 1% 1& 1' 1(
#1419625 0/
#1420125 0)
#1421875 1)
#1423875 0)
#1425625 1)
#1426625 1/
#1428625 0! 0&
#1428750 0$
#1429500 0)
#1429750 0" 0# 0% 0' 0(
#1430000 0*
#1431000 1*
#1431250 1)
#1431500 1' 1(
#1431625 1! 1" 1# 1$ 1% 1&
#1432375 0)
#1434000 1)
#1435125 0)
#1435625 0+
#1436625 1+
#1437500 0+
#1438500 1+
#1439375 0+
#1440375 1+
#1441250 0+
#1442250 1+
#1443375 1)
#1443625 0! 0$ 0&
#1444500 0)
#1444750 0" 0% 0' 0(
#1445000 0*
#1446000 1*
#1446250 1)
#1446500 1! 1% 1& 1' 1(
#1446625 1" 1$
#1447375 0)
#1449000 1)
#1449250 0! 0# 0& 0(
#1450125 0) 0-
#1450375 0" 0$ 0% 0' 1(
#1450625 0*
#1451625 1*
#1452250 1!
#1452500 0*
#1453500 1*
#1454000 0!
#1454125 1"
#1454375 0*
#1455375 1*
#1456000 1!
#1456250 0*
#1457250 1*
#1458375 1)
#1458500 1-
#1458625 0!
#1458750 1# 1% 1'
#1459500 0)
#1459750 0" 0# 1$ 0% 0' 0(
#1460000 0*
#1461000 1*
#1461250 1)
#1461500 1! 1" 1# 1% 1& 1' 1(
#1462375 0)
#1464000 1)
#1464250 0! 0# 0& 0(
#1465125 0) 0-
#1465375 0" 1# 0$ 0% 0' 1(
#1465625 0*
#1466625 1*
#1467250 1!
#1467500 0*
#1468500 1*
#1469000 0!
#1469125 1"
#1469375 0*
#1470375 1*
#1471000 1!
#1471250 0*
#1472250 1*
#1473375 1) 1-
#1473625 0!
#1473750 1% 1'
#1474500 0)
#1474750 0" 1$ 0% 0' 0(
#1475000 0*
#1476000 1*
#1476250 1)
#1476500 1" 0# 0$
#1477250 0)
#1477625 1! 1# 1$ 1% 1&
#1477750 0*
#1478750 1*
#1479000 1)
#1479250 0! 0# 0&
#1479375 1'
#1480125 0) 0-
#1480375 0" 0% 0' 1(
#1480625 0*
#1481625 1*
#1482250 1!
#1482500 0*
#1483500 1*
#1483875 0/
#1484000 0!
#1484125 1"
#1484375 0*
#1485375 1*
#1486000 1!
#1486250 0*
#1487250 1*
#1488375 1) 1-
#1488625 0! 0$
#1488750 1# 1% 1'
#1489500 0)
#1489750 0" 0# 0' 0(
#1490000 0*
#1490875 1/
#1491000 1*
#1491250 1)
#1491500 1! 1" 1# 1$ 1& 1' 1(
#1492250 0)
#1494000 1)
#1494250 0! 0# 0& 0(
#1495125 0) 0-
#1495375 0" 1# 0% 0' 1(
#1495625 0*
#1496625 1*
#1497250 1!
#1497500 0*
#1498500 1*
#1499000 0!
#1499125 1"
#1499375 0*
#1500375 1*
#1501000 1!
#1501250 0*
#1502250 1*
#1503375 1) 1-
#1503625 0! 0$
#1503750 1% 1'
#1504500 0)
#1504750 0" 0' 0(
#1505000 0*
#1506000 1*
#1506250 1)
#1506500 1! 1" 1$ 1& 1' 1(
#1507375 0)
#1509000 1)
#1509250 0! 0# 0& 0(
#1510125 0) 0-
#1510375 0" 0$ 0' 1(
#1510625 0*
#1511625 1*
#1512250 1!
#1512500 0*
#1513500 1*
#1514000 0!
#1514125 1"
#1514375 0*
#1515375 1*
#1516000 1!
#1516250 0*
#1517250 1*
#1518375 1)
#1518500 1-
#1518625 0!
#1518750 1# 1'
#1519500 0)
#1519750 0" 0# 1$ 0' 0(
#1520000 0*
#1521000 1*
#1521250 1)
#1521500 1! 1' 1(
#1521625 1" 1# 1&
#1522375 0)
#1524000 1)
#1524250 0! 0# 0& 0(
#1525125 0) 0-
#1525375 0" 1# 0$ 0' 1(
#1525625 0*
#1526625 1*
#1527250 1!
#1527500 0*
#1528500 1*
#1529125 0! 1"
#1529375 0*
#1530375 1*
#1531000 1!
#1531250 0*
#1532250 1*
#1533375 1)
#1533500 1-
#1533625 0!
#1533750 1'
#1534500 0)
#1534750 0" 1$ 0' 0(
#1535000 0*
#1536000 1*
#1536250 1)
#1536500 1! 1" 0# 0$ 0%
#1537375 0)
#1537625 1# 1$ 1% 1&
#1537875 0+
#1538875 1+
#1539000 1)
#1539250 0! 0# 0&
#1539375 1'
#1540125 0) 0-
#1540375 0" 0' 1(
#1540625 0*
#1541625 1*
#1542250 1!
#1542500 0*
#1543500 1*
#1544125 0! 1"
#1544375 0*
#1545375 1*
#1546000 1!
#1546250 0*
#1547250 1*
#1548125 0/
#1548375 1)
#1548500 1-
#1548625 0!
#1548750 1# 0$ 1'
#1549500 0)
#1549750 0" 0# 0% 1& 0' 0(
#1550000 0*
#1551000 1*
#1551250 1)
#1551625 1! 1" 1# 1$ 1% 1' 1(
#1552375 0)
#1554125 1)
#1554375 0! 0# 0& 0(
#1555125 0) 0- 1/
#1555375 0" 0' 1(
#1555500 1#
#1555625 0*
#1556625 1*
#1557250 1!
#1557500 0*
#1558500 1*
#1559125 0!
#1559250 1"
#1559375 0*
#1560375 1*
#1561000 1!
#1561250 0*
#1562250 1*
#1563500 1) 1-
#1563750 0! 0$ 1'
#1564500 0)
#1564750 0" 0% 0' 0(
#1564875 1&
#1565000 0*
#1566125 1*
#1566250 1)
#1566625 1! 1" 1$ 1% 1' 1(
#1567375 0)
#1569125 1)
#1569375 0! 0# 0& 0(
#1570125 0) 0-
#1570375 0" 0$ 0% 0' 1(
#1570500 1&
#1570625 0*
#1571750 1*
#1572375 1!
#1572500 0*
#1573625 1*
#1574125 0!
#1574250 1"
#1574375 0*
#1575500 1*
#1576125 1!
#1576375 0*
#1577375 1*
#1578500 1) 1-
#1578750 0! 1# 1% 0& 1'
#1579625 0)
#1579750 0" 0# 0% 0' 0(
#1579875 1$ 1&
#1580125 0*
#1581125 1*
#1581250 1)
#1581625 1! 1" 1# 1% 1' 1(
#1582375 0)
#1584125 1)
#1584375 0! 0# 0& 0(
#1585125 0-
#1585250 0)
#1585375 0" 0$ 0% 0'
#1585500 1# 1& 1(
#1585750 0*
#1586750 1*
#1587375 1!
#1587625 0*
#1588625 1*
#1589125 0!
#1589250 1"
#1589500 0*
#1590500 1*
#1591125 1!
#1591375 0*
#1592375 1*
#1593500 1) 1-
#1593750 0! 0& 1'
#1593875 1%
#1594625 0)
#1594750 0% 0' 0(
#1594875 0" 1$ 1&
#1595125 0*
#1596125 1*
#1596375 1)
#1596500 0$ 0&
#1597375 0)
#1597625 1&
#1597750 1! 1" 1$ 1%
#1597875 0*
#1598875 1*
#1599125 1)
#1599375 0! 0# 0&
#1599500 1'
#1600250 0) 0-
#1600375 0'
#1600500 0" 0% 1& 1(
#1600750 0*
#1601750 1*
#1602375 1!
#1602625 0*
#1603625 1*
#1604125 0!
#1604250 1"
#1604500 0*
#1605500 1*
#1606125 1!
#1606375 0*
#1607375 1*
#1608500 1)
#1608625 1-
#1608750 0! 0$ 0&
#1608875 1# 1% 1'
#1609625 0)
#1609875 0" 0# 1& 0' 0(
#1610125 0*
#1611125 1*
#1611375 1)
#1611625 1! 1" 1# 1$ 1' 1(
#1612500 0) 0/
#1614125 1)
#1614375 0! 0# 0& 0(
#1615250 0) 0-
#1615500 0" 1# 0% 1& 0' 1(
#1615750 0*
#1616750 1*
#1617375 1!
#1617625 0*
#1618625 1*
#1619250 0! 1"
#1619500 0* 1/
#1620500 1*
#1621125 1!
#1621375 0*
#1622375 1*
#1623500 1)
#1623625 1-
#1623750 0! 0&
#1623875 0$ 1% 1'
#1624625 0)
#1624875 0" 1& 0' 0(
#1625125 0*
#1626125 1*
#1626375 1)
#1626625 1(
#1626750 1! 1" 1$ 1'
#1627500 0)
#1629125 1)
#1629500 0! 0# 0& 0(
#1630250 0) 0-
#1630500 0" 0$ 1& 0' 1(
#1630750 0*
#1631750 1*
#1632375 1!
#1632625 0*
#1633625 1*
#1634250 0! 1"
#1634500 0*
#1635500 1*
#1636125 1!
#1636375 0*
#1637375 1*
#1638625 1) 1-
#1638750 0!
#1638875 1# 0& 1'
#1639625 0)
#1639875 0" 0# 1& 0' 0(
#1640000 1$
#1640125 0*
#1641125 1*
#1641375 1)
#1641750 1! 1" 1# 1' 1(
#1642500 0)
#1644250 1)
#1644500 0! 0# 0& 0(
#1645250 0) 0-
#1645500 0" 0$ 1& 0' 1(
#1645625 1#
#1645750 0*
#1646750 1*
#1647375 1!
#1647625 0*
#1648625 1*
#1649250 0!
#1649375 1"
#1649500 0*
#1650500 1*
#1651125 1!
#1651375 0*
#1652375 1*
#1653625 1) 1-
#1653875 0! 0& 1'
#1654625 0)
#1654875 0" 0' 0(
#1655000 1$ 1&
#1655125 0*
#1656250 1*
#1656375 1)
#1656625 0$ 0% 0&
#1656750 1!
#1657500 0)
#1657750 1" 1$ 1% 1&
#1658000 0+
#1659000 1+
#1659250 1)
#1659500 0! 0# 0& 1'
#1660250 0-
#1660375 0)
#1660500 0" 0'
#1660625 1& 1(
#1660875 0*
#1661875 1*
#1662500 1!
#1662625 0*
#1663750 1*
#1664250 0!
#1664375 1"
#1664500 0*
#1665625 1*
#1666250 1!
#1666500 0*
#1667500 1*
#1668625 1) 1-
#1668875 0! 1# 0$ 0& 1'
#1669750 0)
#1669875 0" 0# 0% 0(
#1670250 0*
#1671250 1*
#1671375 1)
#1671750 1! 1" 1# 1$ 1% 1& 1(
#1672500 0)
#1674250 1)
#1674500 0! 0# 0& 0(
#1675250 0-
#1675375 0)
#1675500 0" 0'
#1675625 1# 1& 1(
#1675875 0*
#1676750 0/
#1676875 1*
#1677500 1!
#1677750 0*
#1678750 1*
#1679250 0!
#1679375 1"
#1679625 0*
#1680625 1*
#1681250 1!
#1681500 0*
#1682500 1*
#1683625 1) 1-
#1683750 1/
#1683875 0! 0$ 0& 1'
#1684750 0)
#1684875 0" 0% 0(
#1685250 0*
#1686250 1*
#1686375 1)
#1686750 1! 1" 1$ 1% 1& 1(
#1687500 0)
#1689250 1)
#1689500 0! 0# 0& 0(
#1690250 0-
#1690375 0)
#1690500 0" 0$ 0%
#1690625 1(
#1690875 0*
#1691875 1*
#1692500 1!
#1692750 0*
#1693750 1*
#1694250 0!
#1694375 1"
#1694625 0*
#1695625 1*
#1696250 1!
#1696500 0*
#1697500 1*
#1698625 1) 1-
#1698875 0!
#1699000 1# 1%
#1699750 0)
#1699875 0# 0%
#1700000 0" 1$ 0(
#1700250 0*
#1701250 1*
#1701375 1)
#1701750 1! 1" 1# 1% 1& 1(
#1702500 0)
#1704250 1)
#1704500 0! 0# 0& 0(
#1705250 0-
#1705375 0)
#1705500 0" 0%
#1705625 1# 0$ 1(
#1705875 0*
#1706875 1*
#1707500 1!
#1707750 0*
#1708750 1*
#1709250 0!
#1709375 1"
#1709625 0*
#1710625 1*
#1711250 1!
#1711500 0*
#1712500 1*
#1713625 1) 1-
#1713875 0!
#1714000 1%
#1714750 0)
#1714875 0% 0(
#1715000 0" 1$
#1715250 0*
#1716250 1*
#1716375 1)
#1716625 0$ 0'
#1716750 1"
#1717500 0)
#1717750 1! 1$
#1717875 1% 1&
#1718000 0*
#1719000 1*
#1719250 1)
#1719500 0! 0# 0& 1'
#1720250 0-
#1720375 0)
#1720500 0" 0%
#1720625 1(
#1720875 0*
#1721875 1*
#1722500 1!
#1722750 0*
#1723750 1*
#1724250 0!
#1724375 1"
#1724625 0*
#1725625 1*
#1726250 1!
#1726500 0*
#1727500 1*
#1728625 1) 1-
#1728875 0! 0$
#1729000 1# 1%
#1729750 0)
#1729875 0# 0(
#1730000 0"
#1730250 0*
#1731250 1*
#1731375 1)
#1731750 1! 1" 1# 1$ 1& 1(
#1732500 0)
#1734250 1)
#1734500 0! 0# 0& 0(
#1735250 0-
#1735375 0)
#1735500 0"
#1735625 1# 0% 1(
#1735875 0*
#1736875 1*
#1737500 1!
#1737750 0*
#1738750 1*
#1739250 0!
#1739375 1"
#1739625 0*
#1740625 1*
#1741000 0/
#1741250 1!
#1741500 0*
#1742500 1*
#1743625 1) 1-
#1743875 0! 0$
#1744000 1%
#1744750 0)
#1744875 0" 0(
#1745250 0*
#1746250 1*
#1746375 1)
#1746750 1! 1" 1$ 1& 1(
#1747500 0)
#1748000 1/
#1749250 1)
#1749500 0! 0# 0& 0(
#1750250 0-
#1750375 0)
#1750500 0" 0$
#1750625 1(
#1750875 0*
#1751875 1*
#1752500 1!
#1752750 0*
#1753750 1*
#1754250 0!
#1754375 1"
#1754625 0*
#1755625 1*
#1756250 1!
#1756500 0*
#1757500 1*
#1758625 1) 1-
#1758875 0!
#1759000 1#
#1759750 0)
#1759875 0" 0# 0(
#1760000 1$
#1760250 0*
#1761250 1*
#1761375 1)
#1761750 1! 1" 1# 1& 1(
#1762500 0)
#1764250 1)
#1764500 0! 0# 0& 0(
#1765250 0-
#1765375 0)
#1765500 0" 0$
#1765625 1# 1(
#1765875 0*
#1766875 1*
#1767500 1!
#1767750 0*
#1768750 1*
#1769250 0!
#1769375 1"
#1769625 0*
#1770625 1*
#1771250 1!
#1771500 0*
#1772500 1*
#1773625 1) 1-
#1773875 0!
#1774750 0)
#1774875 0" 0(
#1775000 1$
#1775125 0*
#1776250 1*
#1776375 1)
#1776625 0$ 0% 0'
#1776750 1! 1"
#1777500 0)
#1777750 1$ 1% 1&
#1778000 0+
#1779000 1+
#1779250 1)
#1779500 0! 0# 0& 1'
#1780250 0) 0-
#1780500 0"
#1780625 1(
#1780750 0*
#1781875 1*
#1782500 1!
#1782625 0*
#1783750 1*
#1784250 0!
#1784375 1"
#1784500 0*
#1785625 1*
#1786125 1!
#1786375 0*
#1787500 1*
#1788625 1) 1-
#1788875 0! 1# 0$
#1789625 0)
#1789875 0" 0# 0% 0(
#1790000 1&
#1790125 0*
#1791125 1*
#1791375 1)
#1791750 1! 1" 1# 1$ 1% 1(
#1792500 0)
#1794250 1)
#1794500 0! 0# 0& 0(
#1795250 0) 0-
#1795500 0" 1(
#1795625 1#
#1795750 0*
#1796750 1*
#1797375 1!
#1797625 0*
#1798625 1*
#1799250 0!
#1799375 1"
#1799500 0*
#1800500 1*
#1801125 1!
#1801375 0*
#1802375 1*
#1803625 1) 1-
#1803750 0!
#1803875 0$
#1804625 0)
#1804875 0" 0% 1& 0(
#1805125 0*
#1805250 0/
#1806125 1*
#1806375 1)
#1806750 1! 1" 1$ 1% 1(
#1807500 0)
#1809125 1)
#1809500 0! 0# 0& 0(
#1810250 0) 0-
#1810500 0" 0$ 0% 1& 1(
#1810750 0*
#1811750 1*
#1812250 1/
#1812375 1!
#1812625 0*
#1813625 1*
#1814250 0! 1"
#1814500 0*
#1815500 1*
#1816125 1!
#1816375 0*
#1817375 1*
#1818500 1)
#1818625 1-
#1818750 0! 0&
#1818875 1# 1%
#1819625 0)
#1819875 0" 0# 1$ 0% 1& 0(
#1820125 0*
#1821125 1*
#1821375 1)
#1821625 1(
#1821750 1! 1" 1# 1%
#1822500 0)
#1824125 1)
#1824375 0#
#1824500 0! 0& 0(
#1825250 0) 0-
#1825500 0" 1# 0$ 0% 1& 1(
#1825750 0*
#1826750 1*
#1827375 1!
#1827625 0*
#1828625 1*
#1829250 0! 1"
#1829500 0*
#1830500 1*
#1831125 1!
#1831375 0*
#1832375 1*
#1833500 1)
#1833625 1-
#1833750 0! 0&
#1833875 1%
#1834625 0)
#1834875 0" 1$ 0% 1& 0(
#1835125 0*
#1836125 1*
#1836375 1)
#1836625 0# 0& 0'
#1837500 0)
#1837750 1! 1" 1# 1% 1&
#1837875 0*
#1839000 1*
#1839125 1)
#1839375 0! 0# 0&
#1839500 1'
#1840250 0) 0-
#1840500 0" 0% 1& 1(
#1840750 0*
#1841750 1*
#1842375 1!
#1842625 0*
#1843625 1*
#1844125 0!
#1844250 1"
#1844500 0*
#1845500 1*
#1846125 1!
#1846375 0*
#1847375 1*
#1848500 1)
#1848625 1-
#1848750 0! 0$ 0&
#1848875 1# 1%
#1849625 0)
#1849875 0" 0# 1& 0(
#1850125 0*
#1851125 1*
#1851375 1)
#1851625 1! 1" 1# 1$ 1(
#1852375 0)
#1854125 1)
#1854375 0! 0# 0& 0(
#1855250 0) 0-
#1855500 0" 1# 0% 1& 1(
#1855750 0*
#1856750 1*
#1857375 1!
#1857625 0*
#1858625 1*
#1859125 0!
#1859250 1"
#1859500 0*
#1860500 1*
#1861125 1!
#1861375 0*
#1862375 1*
#1863500 1) 1-
#1863750 0! 0$ 0&
#1863875 1%
#1864625 0)
#1864750 0(
#1864875 0" 1&
#1865125 0*
#1866125 1*
#1866375 1)
#1866625 1! 1" 1$ 1(
#1867375 0)
#1869125 1)
#1869375 0! 0# 0& 0(
#1869500 0/
#1870125 0-
#1870250 0)
#1870375 0" 0$
#1870500 1& 1(
#1870750 0*
#1871750 1*
#1872375 1!
#1872625 0*
#1873625 1*
#1874125 0!
#1874250 1"
#1874500 0*
#1875500 1*
#1876125 1!
#1876375 0*
#1876625 1/
#1877375 1*
#1878500 1) 1-
#1878750 0! 0&
#1878875 1#
#1879625 0)
#1879750 0# 0(
#1879875 0" 1$ 1&
#1880125 0*
#1881125 1*
#1881250 1)
#1881625 1! 1" 1# 1(
#1882375 0)
#1884125 1)
#1884375 0! 0# 0& 0(
#1885125 0-
#1885250 0)
#1885375 0" 0$
#1885500 1# 1& 1(
#1885750 0*
#1886750 1*
#1887375 1!
#1887625 0*
#1888625 1*
#1889125 0!
#1889250 1"
#1889500 0*
#1890500 1*
#1891125 1!
#1891375 0*
#1892375 1*
#1893500 1) 1-
#1893750 0! 0&
#1894625 0)
#1894750 0" 0(
#1894875 1$ 1&
#1895125 0*
#1896125 1*
#1896250 1)
#1896500 0&
#1896625 1! 0# 0% 0'
#1897375 0)
#1897625 1" 1# 1% 1&
#1897875 0+
#1898875 1+
#1899125 1)
#1899375 0! 0# 0& 1'
#1900125 0-
#1900250 0)
#1900375 0"
#1900500 1& 1(
#1900750 0*
#1901750 1*
#1902375 1!
#1902625 0*
#1903625 1*
#1904125 0!
#1904250 1"
#1904500 0*
#1905500 1*
#1906125 1!
#1906375 0*
#1907375 1*
#1908500 1) 1-
#1908875 1#
#1909625 0)
#1910125 0+
#1911125 1+
#1911250 1)
#1912375 0)
#1914125 1)
#1914375 0! 0# 0& 0(
#1915125 0-
#1915250 0)
#1915375 0"
#1915500 1# 1& 1(
#1915750 0*
#1916750 1*
#1917375 1!
#1917625 0*
#1918625 1*
#1919125 0!
#1919250 1"
#1919500 0*
#1920500 1*
#1921125 1!
#1921375 0*
#1922375 1*
#1923500 1) 1-
#1923750 0! 0$ 0&
#1924625 0)
#1924750 0" 0# 0% 0' 0(
#1925125 0*
#1926125 1*
#1926750 1!
#1927000 0*
#1928000 1*
#1928500 0!
#1928625 1"
#1928875 0*
#1929625 1)
#1929875 1( 1*
#1930000 1# 1% 1'
#1930750 0)
#1930875 0" 0# 0% 0' 0(
#1931125 0*
#1932250 1*
#1932875 1!
#1933000 0*
#1933875 0/
#1934125 1*
#1934625 0!
#1934750 1"
#1934875 0*
#1935750 1)
#1935875 1*
#1936000 1! 1# 1$ 1% 1& 1' 1(
#1936750 0)
#1938500 1)
#1938750 0! 0" 0# 0&
#1939625 0)
#1939750 0$ 0% 0' 0(
#1939875 1! 1#
#1940125 0*
#1940875 1/
#1941125 1*
#1941750 1%
#1942000 0*
#1943000 1*
#1943250 1)
#1943375 0!
#1943500 1' 1(
#1944250 0)
#1944500 1! 0% 0' 0(
#1944750 0*
#1945750 1*
#1946000 1)
#1946250 0! 0# 1(
#1946375 1$ 1% 1'
#1947125 0)
#1947250 0$ 0% 0' 0(
#1947375 1! 1#
#1947625 0*
#1948625 1*
#1949250 1%
#1949500 0*
#1950500 1*
#1950750 1)
#1950875 0!
#1951000 1' 1(
#1951750 0)
#1952000 1! 0% 0' 0(
#1952250 0*
#1953250 1*
#1953500 1)
#1953750 0!
#1953875 1" 1% 1' 1(
#1954625 0)
#1954750 0(
#1954875 0" 0# 0% 0'
#1955125 0*
#1956125 1*
#1956750 1!
#1957000 0*
#1958000 1*
#1958500 0!
#1958625 1"
#1958875 0*
#1959625 1)
#1959875 1*
#1960000 1# 1% 1' 1(
#1960750 0)
#1960875 0" 0# 0% 0' 0(
#1961250 0*
#1962250 1*
#1962875 1!
#1963125 0*
#1964125 1*
#1964625 0!
#1964750 1"
#1965000 0*
#1966125 1)
#1966375 1*
#1967000 1! 1# 1$ 1% 1& 1' 1(
#1967750 0)
#1969875 1)
#1970125 0!
#1970250 0" 0# 0&
#1971000 0)
#1971750 1! 1# 0$ 0% 0' 0(
#1972000 0*
#1973000 1*
#1973625 1%
#1973875 0*
#1974875 1*
#1975125 1)
#1975375 0! 1' 1(
#1976250 0)
#1976375 0% 0' 0(
#1976500 1!
#1976625 0*
#1977750 1*
#1977875 1)
#1978125 0! 0#
#1978250 1$ 1% 1' 1(
#1979000 0)
#1979250 1! 1# 0$ 0% 0' 0(
#1979500 0*
#1980500 1*
#1981125 1%
#1981375 0*
#1982375 1*
#1982625 1)
#1982875 0! 1' 1(
#1983750 0)
#1983875 0% 0' 0(
#1984000 1!
#1984250 0*
#1985250 1*
#1985375 1)
#1985625 0!
#1985750 1" 1% 1' 1(
#1986500 0)
#1986750 0" 0# 0% 0' 0(
#1987000 0*
#1988000 1*
#1988625 1!
#1988875 0*
#1989875 1*
#1990500 0! 1"
#1990750 0*
#1991500 1)
#1991750 1*
#1991875 1# 1% 1' 1(
#1992625 0)
#1992875 0" 0# 0% 0' 0(
#1993125 0*
#1994125 1*
#1994750 1!
#1995000 0*
#1996000 1*
#1996500 0!
#1996625 1"
#1996875 0*
#1997625 1)
#1997875 1*
#1998000 1! 1# 1$ 1% 1& 1' 1(
#1998125 0/
#1998750 0)
#2000375 1)
#2000750 0! 0" 0# 0&
#2001500 0)
#2001750 1! 1# 0$ 0% 0' 0(
#2002000 0*
#2003000 1*
#2003750 1%
#2003875 0*
#2004875 1*
#2005125 1) 1/
#2005375 0!
#2005500 1' 1(
#2006250 0)
#2006375 0' 0(
#2006500 1! 0%
#2006750 0*
#2007750 1*
#2008000 1)
#2008125 0!
#2008250 0# 1$ 1% 1' 1(
#2009000 0)
#2009250 1! 0$ 0% 0' 0(
#2009375 1#
#2009500 0*
#2010500 1*
#2011250 1%
#2011375 0*
#2012375 1*
#2012625 1)
#2012875 0!
#2013000 1' 1(
#2013750 0)
#2013875 0(
#2014000 1! 0% 0'
#2014250 0*
#2015250 1*
#2015500 1)
#2015625 0!
#2015750 1" 1% 1' 1(
#2016500 0)
#2016750 0" 0# 0% 0' 0(
#2017000 0*
#2018125 1*
#2018750 1!
#2018875 0*
#2020000 1*
#2020500 0!
#2020625 1"
#2020750 0*
#2021625 1)
#2021750 1*
#2021875 1# 1% 1' 1(
#2022625 0)
#2022875 0" 0# 0% 0' 0(
#2023125 0*
#2024125 1*
#2024750 1!
#2025000 0*
#2026000 1*
#2026625 0!
#2026750 1"
#2026875 0*
#2027625 1)
#2027875 1*
#2028000 1! 1# 1$ 1% 1& 1' 1(
#2028750 0)
#2030500 1)
#2030750 0! 0" 0# 0&
#2031625 0)
#2031750 0$ 0% 0' 0(
#2031875 1! 1#
#2032125 0*
#2033125 1*
#2033750 1%
#2034000 0*
#2035000 1*
#2035125 1)
#2035375 0!
#2035500 1' 1(
#2036250 0)
#2036500 1! 0% 0' 0(
#2036750 0*
#2037750 1*
#2038000 1)
#2038250 0! 0# 1' 1(
#2038375 1$ 1%
#2039125 0)
#2039250 0$ 0% 0' 0(
#2039375 1! 1#
#2039625 0*
#2040625 1*
#2041250 1%
#2041500 0*
#2042500 1*
#2042625 1)
#2042875 0!
#2043000 1' 1(
#2043750 0)
#2044000 1! 0% 0' 0(
#2044250 0*
#2045250 1*
#2045500 1)
#2060875 1" 1$ 1% 1& 1' 1(
#2061625 0)
#2062375 0/
#2063375 1)
#2065375 0)
#2067125 1)
#2069375 1/
#2070125 0! 0$ 0&
#2071000 0)
#2071250 0" 0# 0% 0' 0(
#2071500 0*
#2072500 1*
#2072750 1)
#2073000 1' 1(
#2073125 1! 1" 1# 1$ 1% 1&
#2073875 0)
#2075500 1)
#2076625 0)
#2077125 0+
#2078125 1+
#2079000 0+
#2080000 1+
#2080875 0+
#2081875 1+
#2082750 0+
#2083750 1+
#2084875 1)
#2085125 0!
#2085250 0$ 0&
#2086000 0)
#2086250 0" 0% 0' 0(
#2086500 0*
#2087500 1*
#2087750 1)
#2088125 1! 1" 1$ 1% 1& 1' 1(
#2088875 0)
#2090500 1)
#2090875 0# 0& 0(
#2091625 0) 0-
#2091875 0! 0" 0$ 0% 0'
#2092125 0*
#2093125 1*
#2093750 1!
#2094000 0*
#2095000 1*
#2095625 0!
#2095750 1"
#2095875 0*
#2096875 1*
#2097500 1!
#2097750 0*
#2098750 1*
#2100000 1) 1-
#2100125 0!
#2100250 1# 1% 1' 1(
#2101000 0)
#2101250 0" 0# 0% 0' 0(
#2101375 1$
#2101500 0*
#2102500 1*
#2102750 1)
#2103125 1! 1" 1# 1% 1& 1' 1(
#2103875 0)
#2105625 1)
#2105875 0# 0& 0(
#2106625 0) 0-
#2106875 0! 0" 0$ 0% 0'
#2107000 1#
#2107125 0*
#2108125 1*
#2108750 1!
#2109000 0*
#2110000 1*
#2110625 0!
#2110750 1"
#2110875 0*
#2111875 1*
#2112500 1!
#2112750 0*
#2113750 1*
#2115000 1) 1-
#2115125 0!
#2115250 1% 1' 1(
#2116000 0)
#2116250 0" 0% 0' 0(
#2116375 1$
#2116500 0*
#2117500 1*
#2117750 1)
#2118000 0#
#2118125 1"
#2118875 0)
#2119125 1! 1# 1% 1&
#2119375 0*
#2120375 1*
#2120625 1)
#2120875 0# 0& 1'
#2121625 0) 0-
#2121875 0! 0" 0% 0'
#2122125 0*
#2123250 1*
#2123875 1!
#2124000 0*
#2125125 1*
#2125625 0!
#2125750 1"
#2125875 0*
#2126750 0/
#2127000 1*
#2127625 1!
#2127750 0*
#2128875 1*
#2130000 1) 1-
#2130250 0! 1# 0$ 1% 1' 1(
#2131125 0)
#2131250 0" 0# 0' 0(
#2131500 0*
#2132625 1*
#2132750 1)
#2133125 1! 1" 1# 1$ 1& 1' 1(
#2133750 1/
#2133875 0)
#2135625 1)
#2135875 0# 0& 0(
#2136625 0-
#2136750 0)
#2136875 0! 0" 0% 0'
#2137000 1#
#2137125 0*
#2138250 1*
#2138875 1!
#2139000 0*
#2140125 1*
#2140625 0!
#2140750 1"
#2140875 0*
#2142000 1*
#2142625 1!
#2142750 0*
#2143875 1*
#2145000 1) 1-
#2145250 0! 0$ 1% 1' 1(
#2146125 0)
#2146250 0" 0' 0(
#2146500 0*
#2147625 1*
#2147750 1)
#2148125 1! 1" 1$ 1& 1' 1(
#2148875 0)
#2150625 1)
#2150875 0# 0& 0(
#2151625 0-
#2151750 0)
#2151875 0! 0" 0$ 0'
#2152125 0*
#2153250 1*
#2153875 1!
#2154000 0*
#2155125 1*
#2155625 0!
#2155750 1"
#2155875 0*
#2157000 1*
#2157625 1!
#2157750 0*
#2158875 1*
#2160000 1) 1-
#2160250 0! 1# 1' 1(
#2161125 0)
#2161250 0" 0# 0' 0(
#2161375 1$
#2161500 0*
#2162625 1*
#2162750 1)
#2163125 1! 1" 1# 1& 1' 1(
#2163875 0)
#2165625 1)
#2165875 0# 0& 0(
#2166625 0-
#2166750 0)
#2166875 0! 0" 0$ 0'
#2167000 1#
#2167125 0*
#2168250 1*
#2168875 1!
#2169000 0*
#2170125 1*
#2170625 0!
#2170750 1"
#2170875 0*
#2172000 1*
#2172625 1!
#2172750 0*
#2173875 1*
#2175000 1) 1-
#2175250 0! 1' 1(
#2176125 0)
#2176250 0" 0' 0(
#2176375 1$
#2176500 0*
#2177625 1*
#2177750 1)
#2178000 0# 0%
#2178125 1! 1"
#2178875 0)
#2179125 1# 1% 1&
#2179375 0+
#2180375 1+
#2180625 1)
#2180875 0# 0& 1'
#2181625 0) 0-
#2181875 0! 0" 0'
#2182125 0*
#2183250 1*
#2183875 1!
#2184000 0*
#2185125 1*
#2185625 0!
#2185750 1"
#2185875 0*
#2186875 1*
#2187500 1!
#2187750 0*
#2188750 1*
#2190000 1) 1-
#2190250 0! 1# 0$ 1' 1(
#2191000 0)
#2191250 0" 0# 0% 0' 0(
#2191375 1&
#2191500 0*
#2192500 1*
#2192750 1)
#2193000 0&
#2193125 1(
#2193875 0)
#2194000 0(
#2194125 1" 1# 1$ 1% 1& 1'
#2194375 0+
#2195375 1+
#2195625 1)
#2195875 1! 0# 0&
#2196625 0) 0-
#2196875 0! 0" 0'
#2197000 1#
#2197125 0*
#2198125 1*
#2198750 1!
#2199000 0*
#2200000 1*
#2200625 0!
#2200750 1"
#2200875 0*
#2201875 1*
#2202500 1!
#2202750 0*
#2203750 1*
#2205000 1) 1-
#2205125 0!
#2205250 0$ 1' 1(
#2206000 0)
#2206250 0" 0% 1& 0' 0(
#2206500 0*
#2207500 1*
#2207750 1)
#2208000 0# 0& 1(
#2208125 1' 0,
#2208875 0)
#2209000 0(
#2209125 1" 1# 1$ 1% 1&
#2209375 0+
#2210375 1+
#2210625 1)
#2210750 0#
#2210875 1! 0&
#2211000 1,
#2211625 0) 0-
#2211875 0! 0" 0$ 0% 1& 0'
#2212125 0*
#2213125 1*
#2213750 1!
#2214000 0*
#2215000 1*
#2215625 0!
#2215750 1"
#2215875 0*
#2216875 1*
#2217500 1!
#2217750 0*
#2218750 1*
#2219875 1)
#2220000 1-
#2220125 0!
#2220250 1# 1% 0& 1' 1(
#2221000 0)
#2221250 0" 0# 1$ 0% 1& 0' 0(
#2221500 0*
#2222500 1*
#2222750 1)
#2223125 1! 1" 1# 1% 1' 1(
#2223875 0)
#2225500 1)
#2225875 0# 0& 0(
#2226625 0) 0-
#2226875 0! 0" 1# 0$ 0% 1& 0'
#2227125 0*
#2228125 1*
#2228750 1!
#2229000 0*
#2230000 1*
#2230625 0! 1"
#2230875 0*
#2231875 1*
#2232500 1!
#2232750 0*
#2233750 1*
#2234875 1)
#2235000 1-
#2235125 0! 0&
#2235250 1% 1' 1(
#2236000 0)
#2236250 0" 1$ 0% 1& 0' 0(
#2236500 0*
#2237500 1*
#2237750 1)
#2238000 0&
#2238875 0)
#2239125 1! 1" 1% 1&
#2239375 0*
#2240375 1*
#2240500 1)
#2240750 0# 0&
#2240875 1'
#2241625 0) 0-
#2241875 0! 0" 0% 1& 0'
#2242125 0*
#2243125 1*
#2243750 1!
#2244000 0*
#2245000 1*
#2245625 0! 1"
#2245875 0*
#2246875 1*
#2247500 1!
#2247750 0*
#2248750 1*
#2249875 1)
#2250000 1-
#2250125 0! 0$ 0&
#2250250 1# 1% 1' 1(
#2251000 0)
#2251250 0" 0# 1& 0' 0(
#2251500 0*
#2252500 1*
#2252750 1)
#2253000 0% 0& 1(
#2253875 0)
#2254000 0(
#2254125 1! 1" 1# 1$ 1% 1& 1'
#2254375 0+
#2255375 1+
#2255500 1)
#2255750 0# 0&
#2256625 0) 0-
#2256875 0! 0" 1# 0% 1& 0'
#2257125 0*
#2258125 1*
#2258750 1!
#2259000 0*
#2260000 1*
#2260500 0!
#2260625 1"
#2260875 0*
#2261875 1*
#2262500 1!
#2262750 0*
#2263750 1*
#2264875 1) 1-
#2265125 0! 0$ 0&
#2265250 1% 1' 1(
#2266000 0)
#2266125 0(
#2266250 0" 1& 0'
#2266500 0* 00
#2267500 1*
#2267750 1)
#2268000 0# 0% 0& 1' 1(
#2268125 0,
#2268750 0)
#2269000 0(
#2269125 1! 1" 1# 1$ 1% 1&
#2269250 0+
#2270375 1+
#2270500 1)
#2270750 0# 0&
#2270875 1,
#2271625 0) 0-
#2271750 0!
#2271875 0" 0$ 1& 0'
#2272125 0*
#2273125 1*
#2273500 10
#2273750 1!
#2274000 0*
#2275000 1*
#2275500 0!
#2275625 1"
#2275875 0*
#2276875 1*
#2277500 1!
#2277750 0*
#2278750 1*
#2279875 1) 1-
#2280125 0! 0& 1(
#2280250 1# 1'
#2281000 0)
#2281125 0# 0' 0(
#2281250 0" 1$ 1&
#2281500 0*
#2282500 1*
#2282625 1)
#2283000 1! 1" 1# 1' 1(
#2283750 0)
#2285500 1)
#2285750 0# 0& 0(
#2286500 0-
#2286625 0)
#2286750 0! 0" 0'
#2286875 1# 0$ 1&
#2287125 0*
#2288125 1*
#2288750 1!
#2289000 0*
#2290000 1*
#2290500 0!
#2290625 1"
#2290875 0*
#2291875 1*
#2292500 1!
#2292750 0*
#2293750 1*
#2294875 1) 1-
#2295125 0! 0& 1' 1(
#2296000 0)
#2296125 0" 0' 0(
#2296250 1$ 1&
#2296500 0*
#2297500 1*
#2297625 1)
#2297875 0% 0&
#2298000 1!
#2298750 0)
#2299000 1" 1% 1&
#2299250 0+
#2300250 1+
#2300500 1)
#2300750 0# 0& 1'
#2301500 0-
#2301625 0)
#2301750 0! 0" 0'
#2301875 1&
#2302125 0*
#2303125 1*
#2303750 1!
#2304000 0*
#2305000 1*
#2305500 0!
#2305625 1"
#2305875 0*
#2306875 1*
#2307500 1!
#2307750 0*
#2308750 1*
#2309875 1) 1-
#2310125 0! 0$ 0& 1' 1(
#2310250 1#
#2311000 0)
#2311125 0" 0# 0% 0(
#2311500 0*
#2312500 1*
#2312625 1)
#2313000 1! 1" 1# 1$ 1% 1& 1(
#2313750 0)
#2315500 1)
#2315750 0# 0& 0(
#2316500 0-
#2316625 0)
#2316750 0! 0" 0'
#2316875 1# 1&
#2317125 0*
#2318125 1*
#2318750 1!
#2319000 0*
#2320000 1*
#2320500 0!
#2320625 1"
#2320875 0*
#2321875 1*
#2322500 1!
#2322750 0*
#2323750 1*
#2324875 1) 1-
#2325125 0! 0$ 0& 1' 1(
#2326000 0)
#2326125 0" 0% 0(
#2326500 0*
#2327500 1*
#2327625 1)
#2327875 0# 0'
#2328000 1(
#2328750 0)
#2329000 1" 1# 1$ 1% 1& 1'
#2329250 0+
#2330250 1+
#2330500 1)
#2330750 1! 0# 0& 0(
#2331500 0-
#2331625 0)
#2331750 0! 0" 0$ 0%
#2332125 0*
#2333125 1*
#2333750 1!
#2334000 0*
#2335000 1*
#2335500 0!
#2335625 1"
#2335875 0*
#2336875 1*
#2337500 1!
#2337750 0*
#2338750 1*
#2339875 1) 1-
#2340125 0! 1% 1(
#2340250 1#
#2341000 0)
#2341125 0" 0# 0% 0(
#2341250 1$
#2341375 0*
#2342500 1*
#2342625 1)
#2342875 0$
#2343000 1(
#2343125 0,
#2343750 0)
#2344000 1" 1# 1$ 1% 1&
#2344250 0+
#2345250 1+
#2345500 1)
#2345750 1! 0# 0& 0(
#2345875 1,
#2346500 0-
#2346625 0)
#2346750 0! 0" 0$ 0%
#2346875 1#
#2347125 0*
#2348125 1*
#2348750 1!
#2349000 0*
#2350000 1*
#2350375 00
#2350500 0!
#2350625 1"
#2350875 0*
#2351875 1*
#2352500 1!
#2352750 0*
#2353750 1*
#2354875 1) 1-
#2355125 0! 1% 1(
#2356000 0)
#2356125 0" 0% 0(
#2356250 1$
#2356500 0*
#2357375 10
#2357500 1*
#2357625 1)
#2357875 0'
#2358000 1"
#2358750 0)
#2359000 1! 1% 1&
#2359250 0*
#2360250 1*
#2360500 1)
#2360750 0# 0& 1'
#2361500 0-
#2361625 0)
#2361750 0! 0" 0%
#2362000 0*
#2363125 1*
#2363750 1!
#2364000 0*
#2365000 1*
#2365500 0!
#2365625 1"
#2365875 0*
#2366875 1*
#2367500 1!
#2367750 0*
#2368750 1*
#2369875 1) 1-
#2370125 0! 0$ 1(
#2370250 1# 1%
#2371000 0)
#2371125 0" 0# 0(
#2371500 0*
#2372500 1*
#2372625 1)
#2372875 0% 0'
#2373000 1(
#2373750 0)
#2374000 1! 1" 1# 1$ 1% 1& 1'
#2374250 0+
#2375250 1+
#2375500 1)
#2375750 0# 0& 0(
#2376500 0-
#2376625 0)
#2376750 0! 0" 0%
#2376875 1#
#2377125 0*
#2378125 1*
#2378750 1!
#2379000 0*
#2380000 1*
#2380500 0!
#2380625 1"
#2380875 0*
#2381875 1*
#2382500 1!
#2382750 0*
#2383750 1*
#2384875 1) 1-
#2385125 0! 0$ 1(
#2385250 1%
#2386000 0)
#2386125 0" 0(
#2386500 0*
#2387500 1*
#2387625 1)
#2387875 0# 0%
#2388000 1(
#2388125 0,
#2388750 0)
#2389000 1! 1" 1# 1$ 1% 1&
#2389250 0+
#2390250 1+
#2390500 1)
#2390750 0# 0& 0(
#2390875 1,
#2391500 0-
#2391625 0)
#2391750 0! 0" 0$
#2392125 0*
#2393125 1*
#2393750 1!
#2394000 0*
#2395000 1*
#2395500 0!
#2395625 1"
#2395875 0*
#2396875 1*
#2397500 1!
#2397750 0*
#2398750 1*
#2399875 1) 1-
#2400125 0! 1(
#2400250 1#
#2401000 0)
#2401125 0# 0(
#2401250 0" 1$
#2401500 0*
#2402500 1*
#2402625 1)
#2403000 1! 1" 1# 1& 1(
#2403750 0)
#2405500 1)
#2405750 0# 0& 0(
#2406500 0-
#2406625 0)
#2406750 0! 0"
#2406875 1# 0$
#2407125 0*
#2408125 1*
#2408750 1!
#2409000 0*
#2410000 1*
#2410500 0!
#2410625 1"
#2410875 0*
#2411875 1*
#2412500 1!
#2412750 0*
#2413750 1*
#2414875 1) 1-
#2415125 0!
#2415250 1(
#2416000 0)
#2416125 0(
#2416250 0" 1$
#2416500 0*
#2417500 1*
#2417750 1)
#2418000 1! 1" 0% 0'
#2418750 0)
#2419125 1% 1&
#2419375 0+
#2420375 1+
#2420500 1)
#2420750 0# 0&
#2420875 1'
#2421625 0) 0-
#2421750 0!
#2421875 0"
#2422125 0*
#2423125 1*
#2423750 1!
#2424000 0*
#2425000 1*
#2425500 0!
#2425625 1"
#2425875 0*
#2426875 1*
#2427500 1!
#2427750 0*
#2428750 1*
#2429875 1)
#2430000 1-
#2430125 0! 0$
#2430250 1# 1(
#2431000 0)
#2431250 0" 0# 0% 1& 0(
#2431500 0*
#2432500 1*
#2432750 1)
#2433000 1! 1" 1# 1(
#2433125 1$ 1%
#2433875 0)
#2434250 00
#2435500 1)
#2435750 0# 0& 0(
#2436625 0) 0-
#2436875 0! 0" 1#
#2437125 0*
#2438125 1*
#2438750 1!
#2439000 0*
#2440000 1*
#2440625 0! 1"
#2440875 0*
#2441125 10
#2441875 1*
#2442500 1!
#2442750 0*
#2443750 1*
#2444875 1)
#2445000 1-
#2445125 0!
#2445250 0$ 1(
#2446000 0)
#2446250 0" 0% 1& 0(
#2446500 0*
#2447500 1*
#2447750 1)
#2448000 1(
#2448125 1! 1" 1$ 1%
#2448875 0)
#2450500 1)
#2450875 0# 0& 0(
#2451625 0) 0-
#2451875 0! 0" 0$ 0% 1&
#2452125 0*
#2453125 1*
#2453750 1!
#2454000 0*
#2455000 1*
#2455625 0! 1"
#2455875 0*
#2456875 1*
#2457500 1!
#2457750 0*
#2458750 1*
#2460000 1) 1-
#2460125 0!
#2460250 1# 1% 0& 1(
#2461000 0)
#2461250 0" 0# 0% 1& 0(
#2461375 1$
#2461500 0*
#2462500 1*
#2462750 1)
#2463125 1! 1" 1# 1% 1(
#2463875 0)
#2465625 1)
#2465875 0# 0& 0(
#2466625 0) 0-
#2466875 0! 0" 0$ 0% 1&
#2467000 1#
#2467125 0*
#2468125 1*
#2468750 1!
#2469000 0*
#2470000 1*
#2470625 0!
#2470750 1"
#2470875 0*
#2471875 1*
#2472500 1!
#2472750 0*
#2473875 1*
#2475000 1) 1-
#2475250 0! 1% 0& 1(
#2476125 0)
#2476250 0" 0% 0(
#2476375 1$ 1&
#2476500 0*
#2477625 1*
#2477750 1)
#2478000 0# 0$ 0& 0'
#2478125 1%
#2478875 0)
#2479125 1! 1" 1# 1$ 1&
#2479375 0*
#2480375 1*
#2480625 1)
#2480875 0# 0& 1'
#2481625 0-
#2481750 0)
#2481875 0! 0" 0%
#2482000 1&
#2482125 0*
#2483250 1*
#2483875 1!
#2484125 0*
#2485125 1*
#2485625 0!
#2485750 1"
#2486000 0*
#2487000 1*
#2487625 1!
#2487875 0*
#2488875 1*
#2490000 1) 1-
#2490250 0! 0$ 0& 1(
#2490375 1# 1%
#2491125 0)
#2491250 0" 0# 0(
#2491375 1&
#2491625 0*
#2492625 1*
#2492750 1)
#2493125 1! 1" 1# 1$ 1(
#2493875 0)
#2495625 1)
#2495875 0# 0& 0(
#2496625 0-
#2496750 0)
#2496875 0! 0" 0%
#2497000 1# 1&
#2497250 0*
#2498250 1*
#2498875 1!
#2499125 0*
#2500125 1*
#2500625 0!
#2500750 1"
#2501000 0*
#2502000 1*
#2502625 1!
#2502875 0*
#2503875 1*
#2505000 1) 1-
#2505250 0! 0$ 0& 1(
#2505375 1%
#2506125 0)
#2506250 0" 0(
#2506375 1&
#2506625 0*
#2507625 1*
#2507875 1)
#2508125 1! 1" 1$ 1(
#2508875 0)
#2510625 1)
#2510875 0# 0& 0(
#2511750 0) 0-
#2511875 0! 0"
#2512000 0$ 1&
#2512250 0*
#2513250 1*
#2513875 1!
#2514125 0*
#2515125 1*
#2515625 0!
#2515750 1"
#2516000 0*
#2517000 1*
#2517625 1!
#2517875 0*
#2518875 1*
#2520000 1)
#2520125 1-
#2520250 0! 0&
#2520375 1# 1(
#2521125 0)
#2521250 0(
#2521375 0" 0# 1$ 1&
#2521625 0*
#2522625 1*
#2522875 1)
#2523125 1! 1" 1# 1(
#2524000 0)
#2525625 1)
#2525875 0# 0& 0(
#2526750 0) 0-
#2527000 0! 0" 1# 0$ 1&
#2527250 0*
#2528250 1*
#2528875 1!
#2529125 0*
#2530125 1*
#2530625 0!
#2530750 1"
#2531000 0*
#2532000 1*
#2532625 1!
#2532875 0*
#2533875 1*
#2535000 1)
#2535125 1-
#2535250 0! 0&
#2535375 1(
#2536125 0)
#2536375 0" 1$ 1& 0(
#2536625 0*
#2537625 1*
#2537875 1)
#2538125 1! 0# 0$ 0& 0'
#2539000 0)
#2539250 1" 1# 1$ 1&
#2539500 0+
#2540500 1+
#2540625 1)
#2540875 0# 0&
#2541000 1'
#2541750 0) 0-
#2542000 0! 0" 1&
#2542250 0*
#2543250 1*
#2543875 1!
#2544125 0*
#2545125 1*
#2545750 0! 1"
#2546000 0*
#2547000 1*
#2547625 1!
#2547875 0*
#2548875 1*
#2550000 1)
#2550125 1-
#2550375 1# 1(
#2551125 0)
#2551625 0+
#2552625 1+
#2552875 1)
#2554000 0)
#2555625 1)
#2556000 0# 0& 0(
#2556750 0) 0-
#2557000 0! 0" 1# 1&
#2557250 0*
#2558250 1*
#2558875 1!
#2559125 0*
#2560125 1*
#2560750 0! 1"
#2561000 0*
#2562000 1*
#2562625 1!
#2562875 0*
#2563875 1*
#2565000 1)
#2565125 1-
#2565250 0!
#2565375 0$ 0& 1(
#2566125 0)
#2566375 0" 0# 0% 0' 0(
#2566625 0*
#2567625 1*
#2568250 1!
#2568500 0*
#2569500 1*
#2570125 0!
#2570250 1"
#2570375 0*
#2571125 1)
#2571375 1*
#2571500 1# 1% 1' 1(
#2572250 0)
#2572500 0" 0# 0% 0' 0(
#2572750 0*
#2573750 1*
#2574375 1!
#2574625 0*
#2575625 1*
#2576125 0!
#2576250 1"
#2576500 0*
#2577250 1)
#2577500 1*
#2577625 1! 1# 1$ 1% 1& 1' 1(
#2578375 0)
#2580125 1)
#2580375 0! 0" 0# 0&
#2581125 0)
#2581375 1" 1# 0$ 0% 0' 0(
#2581625 0*
#2582625 1*
#2583375 1%
#2583500 0*
#2584500 1*
#2584750 1)
#2585000 0"
#2585125 1' 1(
#2585875 0)
#2586000 0' 0(
#2586125 1" 0%
#2586375 0*
#2587375 1*
#2587625 1)
#2587750 0"
#2587875 0# 1$ 1% 1' 1(
#2588625 0)
#2588875 1" 1# 0$ 0% 0' 0(
#2589125 0*
#2590125 1*
#2590875 1%
#2591000 0*
#2592000 1*
#2592250 1)
#2592500 0"
#2592625 1' 1(
#2593375 0)
#2593500 0' 0(
#2593625 1" 0%
#2593875 0*
#2594875 1*
#2595125 1)
#2595375 1% 1' 1(
#2596125 0)
#2596375 0" 0# 0% 0' 0(
#2596625 0*
#2597625 1*
#2598250 1!
#2598500 0*
#2599500 1*
#2600125 0!
#2600250 1"
#2600375 0*
#2601125 1)
#2601375 1*
#2601500 1# 1% 1' 1(
#2602250 0)
#2602500 0" 0# 0% 0' 0(
#2602750 0*
#2603750 1*
#2604375 1!
#2604625 0* 0/
#2605625 1*
#2606125 0!
#2606250 1"
#2606500 0*
#2607750 1)
#2608000 1*
#2608500 1! 1# 1$ 1% 1& 1' 1(
#2609250 0)
#2611500 1)
#2611625 1/
#2611750 0! 0" 0# 0&
#2612625 0)
#2613250 1" 1# 0$ 0% 0' 0(
#2613500 0*
#2614500 1*
#2615125 1%
#2615375 0*
#2616375 1*
#2616625 1)
#2616875 0"
#2617000 1' 1(
#2617750 0)
#2617875 0' 0(
#2618000 1" 0%
#2618250 0*
#2619250 1*
#2619375 1)
#2619625 0" 0#
#2619750 1$ 1% 1' 1(
#2620500 0)
#2620750 1" 1# 0$ 0% 0' 0(
#2621000 0*
#2622000 1*
#2622625 1%
#2622875 0*
#2623875 1*
#2624125 1)
#2624375 0" 1(
#2624500 1'
#2625250 0)
#2625375 0' 0(
#2625500 1" 0%
#2625750 0*
#2626750 1*
#2626875 1)
#2627250 1% 1' 1(
#2628000 0)
#2628250 0" 0# 0% 0' 0(
#2628500 0*
#2629500 1*
#2630125 1!
#2630375 0*
#2631375 1*
#2632000 0! 1"
#2632250 0*
#2633000 1)
#2633250 1*
#2633375 1# 1% 1' 1(
#2634125 0)
#2634375 0" 0# 0% 0' 0(
#2634625 0*
#2635625 1*
#2636250 1!
#2636500 0*
#2637500 1*
#2638000 0!
#2638125 1"
#2638375 0*
#2639125 1)
#2639375 1*
#2639500 1! 1# 1$ 1% 1& 1' 1(
#2640250 0)
#2641875 1)
#2642125 0! 0#
#2642250 0" 0&
#2643000 0)
#2643250 1" 1# 0$ 0% 0' 0(
#2643500 0*
#2644500 1*
#2645125 1%
#2645375 0*
#2646375 1*
#2646625 1)
#2646875 0" 1' 1(
#2647750 0)
#2647875 0% 0' 0(
#2648000 1"
#2648250 0*
#2649250 1*
#2649375 1)
#2649625 0" 0#
#2649750 1$ 1% 1' 1(
#2650500 0)
#2650750 1" 1# 0$ 0% 0' 0(
#2651000 0*
#2652000 1*
#2652625 1%
#2652875 0*
#2653875 1*
#2654125 1)
#2654375 0" 1' 1(
#2655250 0)
#2655375 0% 0' 0(
#2655500 1"
#2655625 0*
#2656750 1*
#2656875 1)
#2657250 1% 1' 1(
#2658000 0)
#2658250 0" 0# 0% 0' 0(
#2658500 0*
#2659500 1*
#2660125 1!
#2660375 0*
#2660500 0/
#2661375 1*
#2661875 0!
#2662000 1"
#2662250 0*
#2663000 1)
#2663250 1*
#2663375 1# 1% 1' 1(
#2664125 0)
#2664250 0# 0% 0' 0(
#2664375 0"
#2664625 0*
#2665625 1*
#2666250 1!
#2666500 0*
#2667500 1* 1/
#2668000 0!
#2668125 1"
#2668375 0*
#2669125 1)
#2669375 1! 1# 1% 1& 1' 1( 1*
#2669500 1$
#2670250 0)
#2671875 1)
#2672125 0! 0" 0# 0&
#2673000 0)
#2673250 1" 1# 0$ 0% 0' 0(
#2673500 0*
#2674500 1*
#2675125 1%
#2675375 0*
#2676375 1*
#2676625 1)
#2676875 0" 1' 1(
#2677625 0)
#2677875 0% 0' 0(
#2678000 1"
#2678125 0*
#2679125 1*
#2679375 1)
#2679625 0" 0#
#2679750 1$ 1% 1' 1(
#2680500 0)
#2680625 0' 0(
#2680750 1" 1# 0$ 0%
#2681000 0*
#2682000 1*
#2682625 1%
#2682875 0*
#2683875 1*
#2684125 1)
#2684375 0" 1' 1(
#2685125 0)
#2685375 1" 0% 0' 0(
#2685625 0*
#2686625 1*
#2686875 1)
#2702250 1! 1$ 1% 1& 1' 1(
#2703000 0)
#2704625 1)
#2706750 0)
#2708375 1)
#2711500 0! 0$ 0&
#2712375 0)
#2712500 0" 0# 0% 0' 0(
#2712875 0*
#2713875 1*
#2714000 1)
#2714375 1! 1" 1# 1$ 1% 1& 1' 1(
#2715125 0)
#2716875 1)
#2718000 0)
#2718500 0+
#2719500 1+
#2720375 0+
#2721375 1+
#2722250 0+
#2723250 1+
#2724125 0+
#2725125 1+
#2726250 1)
#2726500 0! 0$ 0&
#2727375 0)
#2727500 0" 0% 0' 0(
#2727750 0*
#2728875 1*
#2729000 1)
#2729375 1! 1" 1$ 1% 1& 1' 1(
#2730125 0)
#2731875 1)
#2732125 0# 0& 0(
#2732875 0-
#2733000 0)
#2733125 0! 0" 0$ 0% 0' 1(
#2733375 0*
#2734500 1*
#2735125 1!
#2735250 0*
#2736375 1*
#2736875 0!
#2737000 1"
#2737125 0*
#2738250 1*
#2738750 1!
#2739000 0*
#2740125 1*
#2741250 1) 1-
#2741500 0! 1# 1% 1'
#2742250 0)
#2742500 0" 0# 0% 0' 0(
#2742625 1$
#2742750 0*
#2743875 1*
#2744000 1)
#2744375 1! 1" 1# 1% 1& 1' 1(
#2745125 0)
#2746875 1)
#2747125 0# 0& 0(
#2747875 0) 0-
#2748125 0! 0" 0$ 0% 0' 1(
#2748250 1#
#2748375 0*
#2749375 1*
#2750000 1!
#2750250 0*
#2751250 1*
#2751875 0!
#2752000 1"
#2752125 0*
#2753125 1*
#2753750 1!
#2754000 0*
#2755000 1*
#2756250 1) 1-
#2756375 0!
#2756500 1% 1'
#2757250 0)
#2757500 0" 0% 0' 0(
#2757625 1$
#2757750 0*
#2758750 1*
#2759000 1)
#2759250 0# 0$
#2759375 1" 1%
#2760125 0)
#2760375 1! 1# 1$ 1&
#2760625 0*
#2761625 1*
#2761875 1)
#2762125 0# 0& 1'
#2762875 0) 0-
#2763125 0! 0" 0% 0' 1(
#2763375 0*
#2764375 1*
#2765000 1!
#2765250 0*
#2766250 1*
#2766875 0!
#2767000 1"
#2767125 0*
#2768125 1*
#2768750 1!
#2769000 0*
#2770000 1*
#2771250 1) 1-
#2771375 0!
#2771500 1# 0$ 1% 1'
#2772250 0)
#2772500 0" 0# 0' 0(
#2772750 0*
#2773750 1*
#2774000 1)
#2774375 1! 1" 1# 1$ 1& 1' 1(
#2775125 0)
#2776875 1)
#2777125 0# 0& 0(
#2777875 0) 0-
#2778125 0! 0" 1# 0% 0' 1(
#2778375 0*
#2779375 1*
#2780000 1!
#2780250 0*
#2781250 1*
#2781875 0!
#2782000 1"
#2782125 0*
#2783125 1*
#2783750 1!
#2784000 0*
#2785000 1*
#2786250 1) 1-
#2786375 0!
#2786500 0$ 1% 1'
#2787250 0)
#2787500 0" 0' 0(
#2787750 0*
#2788750 1*
#2789000 1)
#2789375 1! 1" 1$ 1& 1' 1(
#2790125 0)
#2791750 1)
#2791875 0/
#2792125 0# 0& 0(
#2792875 0) 0-
#2793125 0! 0" 0$ 0' 1(
#2793375 0*
#2794375 1*
#2795000 1!
#2795250 0*
#2796250 1*
#2796875 0!
#2797000 1"
#2797125 0*
#2798125 1*
#2798750 1!
#2798875 1/
#2799000 0*
#2800000 1*
#2801250 1) 1-
#2801375 0!
#2801500 1# 1'
#2802250 0)
#2802500 0" 0# 0' 0(
#2802625 1$
#2802750 0*
#2803750 1*
#2804000 1)
#2804375 1! 1" 1# 1& 1' 1(
#2805125 0)
#2806875 1)
#2807125 0# 0& 0(
#2807875 0) 0-
#2808125 0! 0" 0$ 0' 1(
#2808250 1#
#2808375 0*
#2809375 1*
#2810000 1!
#2810250 0*
#2811250 1*
#2811875 0!
#2812000 1"
#2812125 0*
#2813125 1*
#2813750 1!
#2814000 0*
#2815000 1*
#2816250 1) 1-
#2816375 0!
#2816500 1'
#2817250 0)
#2817500 0" 0' 0(
#2817625 1$
#2817750 0*
#2818750 1*
#2819000 1)
#2819250 0# 0$
#2819375 1! 1"
#2820125 0)
#2820375 1# 1$ 1&
#2820625 0+
#2821625 1+
#2821875 1)
#2822125 0# 0& 1'
#2822875 0) 0-
#2823125 0! 0" 0' 1(
#2823375 0*
#2824375 1*
#2825000 1!
#2825250 0*
#2826250 1*
#2826875 0!
#2827000 1"
#2827125 0*
#2828250 1*
#2828750 1!
#2829000 0*
#2830125 1*
#2831250 1) 1-
#2831500 0! 1# 0$ 1'
#2832250 0)
#2832500 0" 0# 0% 0' 0(
#2832625 1&
#2832750 0*
#2833875 1*
#2834000 1)
#2834375 1! 1" 1# 1$ 1% 1' 1(
#2835125 0)
#2836875 1)
#2837125 0# 0& 0(
#2837875 0-
#2838000 0)
#2838125 0! 0" 0' 1(
#2838250 1#
#2838375 0*
#2839500 1*
#2840125 1!
#2840250 0*
#2841375 1*
#2841875 0!
#2842000 1"
#2842125 0*
#2843250 1*
#2843875 1!
#2844125 0*
#2845125 1*
#2846250 1) 1-
#2846500 0! 0$ 1'
#2847375 0)
#2847500 0" 0% 0' 0(
#2847625 1&
#2847750 0/
#2847875 0*
#2848875 1*
#2849000 1)
#2849375 1! 1" 1$ 1% 1' 1(
#2850125 0)
#2851875 1)
#2852125 0# 0& 0(
#2852875 0-
#2853000 0)
#2853125 0! 0" 0$ 0% 0'
#2853250 1& 1(
#2853500 0*
#2854500 1*
#2854750 1/
#2855125 1!
#2855375 0*
#2856375 1*
#2856875 0!
#2857000 1"
#2857250 0*
#2858250 1*
#2858875 1!
#2859125 0*
#2860125 1*
#2861250 1) 1-
#2861500 0! 0& 1'
#2861625 1# 1%
#2862375 0)
#2862500 0# 0% 0'
#2862625 0" 1$ 1& 0(
#2862875 0*
#2863875 1*
#2864000 1)
#2864375 1! 1" 1# 1% 1' 1(
#2865125 0)
#2866875 1)
#2867125 0# 0& 0(
#2867875 0-
#2868000 0)
#2868125 0!
#2868250 0" 1# 0$ 0% 1& 0' 1(
#2868500 0*
#2869500 1*
#2870125 1!
#2870375 0*
#2871375 1*
#2871875 0!
#2872000 1"
#2872250 0*
#2873250 1*
#2873875 1!
#2874125 0*
#2875125 1*
#2876250 1) 1-
#2876500 0! 0&
#2876625 1% 1'
#2877375 0)
#2877625 0" 1$ 0% 1& 0' 0(
#2877875 0*
#2878875 1*
#2879125 1)
#2879375 0$ 1% 0&
#2880125 0)
#2880500 1! 1" 1$ 1&
#2880625 0*
#2881625 1*
#2881875 1)
#2882125 0# 0&
#2882250 1'
#2883000 0) 0-
#2883250 0! 0" 0% 1& 0' 1(
#2883500 0*
#2884500 1*
#2885125 1!
#2885375 0*
#2886375 1*
#2886875 0!
#2887000 1"
#2887250 0*
#2888250 1*
#2888875 1!
#2889125 0*
#2890125 1*
#2891250 1)
#2891375 1-
#2891500 0! 0$ 0&
#2891625 1# 1% 1'
#2892375 0)
#2892625 0" 0# 1& 0' 0(
#2892875 0*
#2893875 1*
#2894125 1)
#2894375 0% 0& 1'
#2895250 0)
#2895375 0'
#2895750 0+
#2896750 1+
#2896875 1)
#2897250 1! 1" 1$ 1% 1'
#2898000 0) 0-
#2898250 0! 0" 1# 0% 1& 0' 1(
#2898500 0*
#2899500 1*
#2900125 1!
#2900375 0*
#2901375 1*
#2902000 0! 1"
#2902250 0*
#2903250 1*
#2903875 1!
#2904125 0*
#2905125 1*
#2906250 1)
#2906375 1-
#2906500 0!
#2906625 0$ 1% 0& 1'
#2907375 0)
#2907625 0" 1& 0' 0(
#2907875 0*
#2908875 1*
#2909125 1)
#2909500 1! 1" 1$ 1' 1(
#2910250 0)
#2911875 1)
#2912250 0# 0& 0(
#2913000 0) 0-
#2913250 0! 0" 0$ 1& 0' 1(
#2913500 0*
#2914500 1*
#2915125 1!
#2915375 0*
#2916375 1*
#2917000 0!
#2917125 1"
#2917250 0*
#2918250 1*
#2918875 1!
#2919125 0*
#2920125 1*
#2921375 1) 1-
#2921625 0! 1# 0& 1'
#2922375 0)
#2922625 0" 0# 0' 0(
#2922750 1$ 1&
#2922875 0*
#2924000 1*
#2924125 1)
#2924500 1! 1" 1# 1' 1(
#2925250 0)
#2927000 1)
#2927250 0# 0& 0(
#2928000 0) 0-
#2928250 0! 0" 0$ 0' 1(
#2928375 1# 1&
#2928500 0*
#2929625 1*
#2930250 1!
#2930375 0*
#2931500 1*
#2932000 0!
#2932125 1"
#2932250 0*
#2933375 1*
#2934000 1!
#2934250 0*
#2935250 1*
#2936375 1) 1-
#2936625 0! 0& 1'
#2937500 0)
#2937625 0" 0' 0(
#2937750 1$ 1&
#2938000 0*
#2939000 1*
#2939125 1)
#2939375 0$ 0&
#2939500 1!
#2940000 0/
#2940250 0)
#2940500 1" 1$ 1&
#2940750 0+
#2941750 1+
#2942000 1)
#2942250 0# 0& 1'
#2943000 0-
#2943125 0)
#2943250 0! 0" 0'
#2943375 1& 1(
#2943625 0*
#2944625 1*
#2945250 1!
#2945500 0*
#2946500 1*
#2947000 0! 1/
#2947125 1"
#2947375 0*
#2948375 1*
#2949000 1!
#2949250 0*
#2950250 1*
#2951375 1) 1-
#2951625 0! 0$ 0& 1'
#2951750 1#
#2952500 0)
#2952625 0# 0(
#2952750 0" 0%
#2953000 0*
#2954000 1*
#2954125 1)
#2954500 1! 1" 1# 1$ 1% 1& 1(
#2955250 0)
#2957000 1)
#2957250 0# 0& 0(
#2958000 0-
#2958125 0)
#2958250 0! 0"
#2958375 1# 1& 0' 1(
#2958625 0*
#2959625 1*
#2960250 1!
#2960500 0*
#2961500 1*
#2962000 0!
#2962125 1"
#2962375 0*
#2963375 1*
#2964000 1!
#2964250 0*
#2965250 1*
#2966375 1) 1-
#2966625 0! 0$ 0&
#2966750 1'
#2967500 0)
#2967750 0" 0% 0(
#2968000 0*
#2969000 1*
#2969250 1)
#2969500 1! 1" 1$ 1% 1& 1(
#2970250 0)
#2972000 1)
#2972250 0# 0& 0(
#2973125 0) 0-
#2973375 0! 0" 0$ 0% 1(
#2973625 0*
#2974625 1*
#2975250 1!
#2975500 0*
#2976500 1*
#2977000 0!
#2977125 1"
#2977375 0*
#2978375 1*
#2979000 1!
#2979250 0*
#2980250 1*
#2981375 1)
#2981500 1-
#2981625 0!
#2981750 1# 1%
#2982500 0)
#2982750 0" 0# 1$ 0% 0(
#2983000 0*
#2984000 1*
#2984250 1)
#2984500 1! 1(
#2984625 1" 1# 1% 1&
#2985375 0)
#2987000 1)
#2987250 0# 0& 0(
#2988125 0) 0-
#2988375 0! 0" 1# 0$ 0% 1(
#2988625 0*
#2989625 1*
#2990250 1!
#2990500 0*
#2991500 1*
#2992125 0! 1"
#2992375 0*
#2993375 1*
#2994000 1!
#2994250 0*
#2995250 1*
#2995875 0/
#2996375 1)
#2996500 1-
#2996625 0!
#2996750 1%
#2997500 0)
#2997750 0" 1$ 0% 0(
#2998000 0*
#2999000 1*
#2999250 1)
#2999500 0$ 0'
#2999625 1" 1%
#3000375 0)
#3000625 1! 1$ 1&
#3000875 0*
#3001875 1*
#3002000 1)
#3002250 0# 0&
#3002375 1'
#3002875 1/
#3003125 0) 0-
#3003375 0! 0" 0% 1(
#3003625 0*
#3004625 1*
#3005250 1!
#3005500 0*
#3006500 1*
#3007125 0! 1"
#3007375 0*
#3008375 1*
#3009000 1!
#3009250 0*
#3010250 1*
#3011375 1)
#3011500 1-
#3011625 0!
#3011750 1# 0$ 1%
#3012500 0)
#3012750 0" 0# 0(
#3013000 0*
#3014000 1*
#3014250 1)
#3014500 1(
#3014625 1! 1" 1# 1$ 1&
#3015375 0)
#3017000 1)
#3017250 0#
#3017375 0& 0(
#3018125 0) 0-
#3018375 0! 0" 1# 0% 1(
#3018625 0*
#3019625 1*
#3020250 1!
#3020500 0*
#3021500 1*
#3022125 0! 1"
#3022375 0*
#3023375 1*
#3024000 1!
#3024250 0*
#3025250 1*
#3026375 1)
#3026500 1-
#3026625 0!
#3026750 0$ 1%
#3027500 0)
#3027750 0" 0(
#3028000 0*
#3029000 1*
#3029250 1)
#3029500 1(
#3029625 1! 1" 1$ 1&
#3030375 0)
#3032000 1)
#3032250 0&
#3032375 0# 0(
#3033125 0) 0-
#3033375 0! 0" 0$ 1(
#3033625 0*
#3034625 1*
#3035250 1!
#3035500 0*
#3036500 1*
#3037125 0! 1"
#3037375 0*
#3038375 1*
#3039000 1!
#3039250 0*
#3040250 1*
#3041375 1)
#3041500 1-
#3041625 0!
#3041750 1#
#3042500 0)
#3042750 0" 0# 1$ 0(
#3043000 0*
#3044000 1*
#3044250 1)
#3044500 1! 1(
#3044625 1" 1# 1&
#3045375 0)
#3047000 1)
#3047250 0# 0& 0(
#3048125 0) 0-
#3048375 0! 0" 1# 0$ 1(
#3048625 0*
#3049625 1*
#3050250 1!
#3050500 0*
#3051500 1*
#3052125 0! 1"
#3052375 0*
#3053375 1*
#3054000 1!
#3054250 0*
#3055250 1*
#3056375 1)
#3056500 1-
#3056625 0!
#3057500 0)
#3057750 0" 1$ 0(
#3058000 0*
#3059000 1*
#3059250 1)
#3059500 1! 1" 0$ 0'
#3060375 0)
#3060625 1$ 1&
#3060875 0+
#3061875 1+
#3062000 1)
#3062250 0# 0&
#3062375 1'
#3063125 0) 0-
#3063375 0! 0" 1(
#3063625 0*
#3064625 1*
#3065250 1!
#3065500 0*
#3066500 1*
#3067000 0!
#3067125 1"
#3067375 0*
#3068375 1*
#3069000 1!
#3069250 0*
#3070250 1*
#3071375 1)
#3071500 1-
#3071625 0! 0$
#3071750 1#
#3072500 0)
#3072750 0" 0# 0% 1& 0(
#3073000 0*
#3074000 1*
#3074250 1)
#3074500 1! 1" 1# 1$ 1% 1(
#3075375 0)
#3077000 1)
#3077250 0# 0& 0(
#3078125 0) 0-
#3078250 0!
#3078375 0" 1# 1(
#3078625 0*
#3079625 1*
#3080250 1!
#3080500 0*
#3081500 1*
#3082000 0!
#3082125 1"
#3082375 0*
#3083375 1*
#3084000 1!
#3084250 0*
#3085250 1*
#3086375 1) 1-
#3086625 0! 0$
#3087500 0)
#3087625 0(
#3087750 0" 0% 1&
#3088000 0*
#3089000 1*
#3089250 1)
#3089500 1! 1" 1$ 1% 1(
#3090250 0)
#3092000 1)
#3092250 0# 0& 0(
#3093125 0) 0-
#3093250 0! 0"
#3093375 0$ 0% 1& 1(
#3093625 0*
#3094625 1*
#3095250 1!
#3095500 0*
#3096500 1*
#3097000 0!
#3097125 1"
#3097375 0*
#3098375 1*
#3099000 1!
#3099250 0*
#3100250 1*
#3101375 1) 1-
#3101625 0! 0&
#3101750 1# 1%
#3102500 0)
#3102625 0# 0% 0(
#3102750 0" 1$ 1&
#3103000 0*
#3104000 1*
#3104125 1)
#3104500 1! 1" 1# 1% 1(
#3105250 0)
#3107000 1)
#3107250 0# 0& 0(
#3108000 0-
#3108125 0)
#3108250 0! 0" 0$ 0%
#3108375 1# 1& 1(
#3108625 0*
#3109625 1*
#3110250 1!
#3110500 0*
#3111500 1*
#3112000 0!
#3112125 1"
#3112375 0*
#3113375 1*
#3114000 1!
#3114250 0*
#3115250 1*
#3116375 1) 1-
#3116625 0! 0&
#3116750 1%
#3117500 0)
#3117625 0" 0% 0(
#3117750 1$ 1&
#3118000 0*
#3119000 1*
#3119125 1)
#3119375 0# 0& 0'
#3119500 1%
#3120250 0)
#3120500 1! 1" 1# 1&
#3120750 0*
#3121750 1*
#3122000 1)
#3122250 0# 0& 1'
#3123000 0-
#3123125 0)
#3123250 0! 0" 0%
#3123375 1& 1(
#3123500 0*
#3124625 1*
#3125250 1!
#3125500 0*
#3126500 1*
#3127000 0!
#3127125 1"
#3127250 0*
#3128375 1*
#3129000 1!
#3129125 0*
#3130250 1*
#3131375 1) 1-
#3131625 0! 1# 0$ 1% 0&
#3132500 0)
#3132625 0" 0# 0(
#3132750 1&
#3132875 0*
#3134000 1*
#3134125 1)
#3134500 1! 1" 1# 1$ 1(
#3135250 0)
#3137000 1)
#3137250 0# 0& 0(
#3138000 0) 0-
#3138250 0! 0" 0% 1(
#3138375 1# 1&
#3138500 0*
#3139500 1*
#3140250 1!
#3140375 0*
#3141375 1*
#3142000 0!
#3142125 1"
#3142250 0*
#3143250 1*
#3143875 1!
#3144125 0*
#3145125 1*
#3146375 1) 1-
#3146625 0! 0$ 1% 0&
#3147375 0)
#3147625 0" 0(
#3147750 1&
#3147875 0*
#3148875 1*
#3149125 1)
#3149500 1! 1" 1$ 1(
#3150250 0)
#3152000 1)
#3152250 0# 0& 0(
#3153000 0) 0-
#3153250 0! 0" 0$ 1& 1(
#3153500 0*
#3154500 1*
#3155125 1!
#3155375 0*
#3156375 1*
#3157000 0!
#3157125 1"
#3157250 0*
#3158250 1*
#3158875 1!
#3159125 0*
#3160125 1*
#3161375 1) 1-
#3161500 0!
#3161625 1# 0&
#3162375 0)
#3162625 0" 0# 1& 0(
#3162750 1$
#3162875 0*
#3163875 1*
#3164125 1)
#3164500 1! 1" 1# 1(
#3165250 0)
#3166875 1)
#3167250 0# 0& 0(
#3168000 0) 0-
#3168250 0! 0" 0$ 1& 1(
#3168375 1#
#3168500 0*
#3169250 00
#3169500 1*
#3170125 1!
#3170375 0*
#3171375 1*
#3172000 0! 1"
#3172250 0*
#3173250 1*
#3173875 1!
#3174125 0*
#3175125 1*
#3176250 1) 10
#3176375 1-
#3176500 0! 0&
#3177375 0)
#3177625 0" 1$ 1& 0(
#3177875 0*
#3178875 1*
#3179125 1)
#3179375 1! 0# 0& 0'
#3180250 0)
#3180500 1" 1# 1&
#3180750 0+
#3181750 1+
#3181875 1)
#3182125 0# 0&
#3182250 1'
#3183000 0) 0-
#3183250 0! 0" 1& 1(
#3183500 0*
#3184500 1*
#3185125 1!
#3185375 0*
#3186375 1*
#3187000 0! 1"
#3187250 0*
#3188250 1*
#3188875 1!
#3189125 0*
#3190125 1*
#3191250 1)
#3191375 1-
#3191625 1#
#3192375 0)
#3192875 0+
#3193875 1+
#3194125 1)
#3195250 0)
#3196875 1)
#3197125 0# 0& 0(
#3198000 0) 0-
#3198250 0! 0" 1# 1& 1(
#3198500 0*
#3199500 1*
#3200125 1!
#3200375 0*
#3201375 1*
#3202000 0! 1"
#3202250 0*
#3203250 1*
#3203875 1!
#3204125 0*
#3205125 1*
#3206250 1)
#3206375 1-
#3206500 0! 0&
#3206625 0$
#3207375 0)
#3207625 0" 0# 0% 0' 0(
#3207875 0*
#3208875 1*
#3209500 1!
#3209750 0*
#3210750 1*
#3211375 0! 1"
#3211625 0*
#3212375 1)
#3212625 1*
#3212750 1# 1% 1' 1(
#3213500 0)
#3213625 0(
#3213750 0" 0# 0% 0'
#3214000 0*
#3215000 1*
#3215625 1!
#3215875 0*
#3216875 1*
#3217375 0!
#3217500 1"
#3217750 0*
#3218500 1)
#3218750 1( 1*
#3218875 1! 1# 1$ 1% 1& 1'
#3219625 0)
#3221250 1)
#3221500 0! 0" 0# 0&
#3222375 0)
#3222625 1! 1" 1# 0$ 0% 0' 0(
#3222875 0*
#3223875 1*
#3224500 1%
#3224750 0*
#3225750 1*
#3226000 1)
#3226250 0! 0" 1' 1(
#3227125 0)
#3227250 0% 0' 0(
#3227375 1! 1"
#3227625 0*
#3228625 1*
#3228750 1)
#3229000 0! 0" 0#
#3229125 1$ 1% 1' 1(
#3229875 0)
#3230125 1! 1" 1# 0$ 0% 0' 0(
#3230375 0*
#3231375 1*
#3232000 1%
#3232250 0*
#3233250 1*
#3233500 1)
#3233750 0! 0" 1' 1(
#3234625 0)
#3234750 0% 0' 0(
#3234875 1! 1"
#3235125 0*
#3236125 1*
#3236250 1)
#3236500 0!
#3236625 1% 1' 1(
#3237375 0)
#3237625 0" 0# 0% 0' 0(
#3237875 0*
#3238875 1*
#3239500 1!
#3239750 0*
#3240750 1*
#3241375 0! 1"
#3241625 0*
#3242375 1)
#3242625 1*
#3242750 1# 1% 1' 1(
#3243500 0)
#3243625 0(
#3243750 0" 0# 0% 0'
#3244000 0*
#3244750 00
#3245000 1*
#3245625 1!
#3245875 0*
#3246875 1*
#3247375 0!
#3247500 1"
#3247750 0*
#3249000 1)
#3249250 1*
#3249750 1! 1# 1$ 1% 1& 1' 1(
#3250500 0)
#3251750 10
#3252750 1)
#3253000 0! 0" 0# 0&
#3253750 0)
#3254500 1! 1" 1# 0$ 0% 0' 0(
#3254750 0*
#3255750 1*
#3256375 1%
#3256625 0*
#3257625 1*
#3257875 1)
#3258125 0! 0" 1(
#3258250 1'
#3259000 0)
#3259125 0' 0(
#3259250 1! 1" 0%
#3259500 0*
#3260500 1*
#3260625 1)
#3260875 0! 0" 0#
#3261000 1$ 1% 1' 1(
#3261750 0)
#3262000 1! 1" 1# 0$ 0% 0' 0(
#3262250 0*
#3263250 1*
#3263875 1%
#3264125 0*
#3265125 1*
#3265375 1)
#3265625 0! 0" 1(
#3265750 1'
#3266500 0)
#3266625 0' 0(
#3266750 1! 1" 0%
#3267000 0*
#3268000 1*
#3268125 1)
#3268375 0!
#3268500 1% 1' 1(
#3269250 0)
#3269500 0" 0# 0% 0' 0(
#3269750 0*
#3270750 1*
#3271375 1!
#3271625 0*
#3272625 1*
#3273250 0!
#3273375 1"
#3273500 0*
#3274250 1)
#3274500 1*
#3274625 1# 1% 1' 1(
#3275375 0)
#3275625 0" 0# 0% 0' 0(
#3275875 0*
#3276875 1*
#3277500 1!
#3277750 0*
#3278750 1*
#3279375 0! 1"
#3279625 0*
#3280375 1)
#3280625 1*
#3280750 1! 1# 1$ 1% 1& 1' 1(
#3281500 0)
#3283250 1)
#3283500 0! 0" 0# 0&
#3284250 0)
#3284500 1! 0$ 0% 0' 0(
#3284625 1" 1#
#3284750 0*
#3285750 1*
#3286500 1%
#3286625 0*
#3287750 1*
#3287875 1)
#3288125 0! 0"
#3288250 1' 1(
#3289000 0)
#3289250 1! 1" 0% 0' 0(
#3289500 0*
#3290500 1*
#3290750 1)
#3291000 0! 0" 0# 1$ 1% 1' 1(
#3291875 0)
#3292000 0$ 0% 0' 0(
#3292125 1! 1" 1#
#3292250 0*
#3293375 1*
#3294000 1%
#3294125 0*
#3295250 1*
#3295375 1)
#3295625 0! 0"
#3295750 1' 1(
#3296500 0)
#3296750 1! 1" 0% 0' 0(
#3297000 0*
#3298000 1*
#3298250 1)
#3298500 0! 1% 1' 1(
#3299375 0)
#3299500 0" 0# 0% 0' 0(
#3299750 0*
#3300875 1*
#3301500 1!
#3301750 0*
#3302750 1*
#3303250 0!
#3303375 1"
#3303625 0*
#3304375 1)
#3304625 1' 1( 1*
#3304750 1# 1%
#3305375 0)
#3305625 0" 0# 0% 0' 0(
#3305875 0*
#3306875 1*
#3307625 1!
#3307750 0*
#3308750 1*
#3309375 0!
#3309500 1"
#3309625 0*
#3310375 1)
#3310625 1*
#3310750 1! 1# 1$ 1% 1& 1' 1(
#3311500 0)
#3313250 1)
#3313500 0! 0" 0# 0&
#3314375 0)
#3314500 0$ 0% 0' 0(
#3314625 1! 1" 1#
#3314875 0*
#3315875 1*
#3316500 1%
#3316750 0*
#3317750 1*
#3318000 1)
#3318125 0! 0"
#3318250 1' 1(
#3319000 0)
#3319250 1! 1" 0% 0' 0(
#3319500 0*
#3320500 1*
#3320750 1)
#3321000 0! 0" 0# 1(
#3321125 1$ 1% 1'
#3321875 0)
#3322000 0$ 0% 0' 0(
#3322125 1! 1" 1#
#3322375 0*
#3323375 1*
#3324000 1%
#3324250 0*
#3325250 1*
#3325500 1)
#3325625 0!
#3325750 0" 1' 1(
#3326500 0)
#3326750 1! 1" 0% 0' 0(
#3327000 0*
#3328000 1*
#3328250 1)
#3343625 1$ 1% 1& 1' 1(
#3344375 0)
#3346125 1)
#3348125 0)
#3349875 1)
#3352875 0!
#3353000 0$ 0&
#3353750 0)
#3354000 0" 0# 0% 0' 0(
#3354250 0*
#3355250 1*
#3355500 1)
#3355875 1! 1" 1# 1$ 1% 1& 1' 1(
#3356625 0)
#3358250 1)
#3359375 0)
#3359875 0+
#3360875 1+
#3361750 0+
#3362875 1+
#3363625 0+
#3364750 1+
#3365500 0+
#3366625 1+
#3367750 1)
#3368000 0! 0$ 0&
#3368750 0)
#3369000 0" 0% 0' 0(
#3369250 0*
#3370250 1*
#3370500 1)
#3370875 1! 1" 1$ 1% 1& 1' 1(
#3371625 0)
#3373375 1)
#3373625 0! 0" 0& 0(
#3374375 0) 0-
#3374625 0# 0$ 0% 0'
#3374875 0*
#3376000 1*
#3376625 1!
#3376750 0*
#3377875 1*
#3378375 0!
#3378500 1"
#3378625 0*
#3379750 1*
#3380375 1!
#3380500 0*
#3381625 1*
#3382750 1) 1-
#3383000 0! 1% 1' 1(
#3383125 1#
#3383875 0)
#3384000 0" 0# 0% 0' 0(
#3384125 1$
#3384250 0*
#3385375 1*
#3385500 1)
#3385875 1! 1" 1# 1% 1& 1' 1(
#3386625 0)
#3388375 1)
#3388625 0! 0" 0& 0(
#3389375 0-
#3389500 0)
#3389625 0$ 0% 0'
#3390000 0*
#3391000 1*
#3391625 1!
#3391875 0*
#3392875 1*
#3393375 0!
#3393500 1"
#3393750 0*
#3394750 1*
#3395375 1!
#3395625 0*
#3396625 1*
#3397750 1) 1-
#3398000 0! 1' 1(
#3398125 1%
#3398875 0)
#3399000 0" 0% 0' 0(
#3399125 1$
#3399375 0*
#3400375 1*
#3400500 1)
#3400750 0#
#3400875 1" 1%
#3401625 0)
#3401875 1! 1# 1&
#3402125 0*
#3403125 1*
#3403375 1)
#3403625 0! 0" 0& 1'
#3404375 0-
#3404500 0)
#3404625 0# 0% 0'
#3405000 0*
#3406000 1*
#3406625 1!
#3406875 0*
#3407875 1*
#3408375 0!
#3408500 1"
#3408750 0*
#3409750 1*
#3410375 1!
#3410625 0*
#3411625 1*
#3412750 1) 1-
#3413000 0! 0$ 1(
#3413125 1# 1% 1'
#3413875 0)
#3414000 0# 0' 0(
#3414125 0"
#3414375 0*
#3415375 1*
#3415625 1)
#3415875 1! 1" 1# 1$ 1& 1' 1(
#3416625 0)
#3418375 1)
#3418625 0! 0" 0& 0(
#3419500 0) 0-
#3419625 0'
#3419750 0%
#3420000 0*
#3421000 1*
#3421625 1!
#3421875 0*
#3422875 1*
#3423375 0!
#3423500 1"
#3423750 0*
#3424750 1*
#3425375 1!
#3425625 0*
#3426625 1*
#3427750 1) 1-
#3428000 0! 0$
#3428125 1% 1' 1(
#3428875 0)
#3429000 0' 0(
#3429125 0"
#3429375 0*
#3430375 1*
#3430625 1)
#3430875 1! 1" 1$ 1& 1' 1(
#3431625 0)
#3433375 1)
#3433625 0! 0" 0& 0(
#3434500 0) 0-
#3434750 0# 0$ 0'
#3435000 0*
#3436000 1*
#3436625 1!
#3436875 0*
#3437875 1*
#3438375 0!
#3438500 1"
#3438750 0*
#3439750 1*
#3440375 1!
#3440625 0*
#3441625 1*
#3442750 1) 1-
#3443000 0!
#3443125 1# 1' 1(
#3443875 0)
#3444000 0(
#3444125 0" 0# 1$ 0'
#3444375 0*
#3445375 1*
#3445625 1)
#3445875 1! 1" 1# 1& 1' 1(
#3446625 0)
#3448375 1)
#3448625 0! 0" 0& 0(
#3449500 0) 0-
#3449750 0$ 0'
#3450000 0*
#3451000 1*
#3451625 1!
#3451875 0*
#3452875 1*
#3453375 0!
#3453500 1"
#3453750 0*
#3454750 1*
#3455375 1!
#3455625 0*
#3456625 1*
#3457750 1) 1-
#3458000 0!
#3458125 1' 1(
#3458875 0)
#3459000 0(
#3459125 0" 1$ 0'
#3459375 0*
#3460375 1*
#3460625 1)
#3460875 1! 1" 0#
#3461625 0)
#3462000 1# 1&
#3462250 0+
#3463250 1+
#3463375 1)
#3463625 0! 0" 0&
#3463750 1'
#3464500 0) 0-
#3464625 0'
#3464750 0#
#3465000 0*
#3466000 1*
#3466625 1!
#3466875 0*
#3467875 1*
#3468375 0!
#3468500 1"
#3468750 0*
#3469750 1*
#3470375 1!
#3470625 0*
#3471625 1*
#3472750 1) 1-
#3473000 0! 0$
#3473125 1# 1' 1(
#3473875 0)
#3474000 0(
#3474125 0" 0# 0% 1& 0'
#3474375 0*
#3475375 1*
#3475625 1)
#3475875 1! 1" 1# 1$ 1% 1' 1(
#3476625 0)
#3478375 1)
#3478625 0! 0" 0& 0(
#3479500 0) 0-
#3479625 0'
#3480000 0*
#3481000 1*
#3481625 1!
#3481875 0*
#3482875 1*
#3483375 0!
#3483500 1"
#3483750 0*
#3484750 1*
#3485375 1!
#3485625 0*
#3486625 1*
#3487750 1) 1-
#3488000 0! 0$ 1(
#3488125 1'
#3488875 0)
#3489000 0' 0(
#3489125 0" 0% 1&
#3489375 0*
#3490375 1*
#3490625 1)
#3490875 1! 1" 1$ 1% 1' 1(
#3491625 0)
#3493375 1)
#3493625 0! 0" 0& 0(
#3494375 0-
#3494500 0)
#3494625 0$ 0% 0'
#3494750 0# 1&
#3495000 0*
#3496000 1*
#3496625 1!
#3496875 0*
#3497875 1*
#3498375 0!
#3498500 1"
#3498750 0*
#3499750 1*
#3500375 1!
#3500625 0*
#3501625 1*
#3502750 1) 1-
#3503000 0! 0& 1' 1(
#3503125 1# 1%
#3503875 0)
#3504000 0# 0% 0' 0(
#3504125 0" 1$ 1&
#3504375 0*
#3505375 1*
#3505500 1)
#3505875 1! 1" 1# 1% 1' 1(
#3506625 0)
#3508375 1)
#3508625 0! 0" 0& 0(
#3509375 0-
#3509500 0)
#3509625 0$ 0% 0'
#3509750 1&
#3510000 0*
#3511000 1*
#3511625 1!
#3511875 0*
#3512875 1*
#3513375 0!
#3513500 1"
#3513750 0*
#3514750 1*
#3515375 1!
#3515625 0*
#3516625 1*
#3517750 1) 1-
#3518000 0! 0& 1' 1(
#3518125 1%
#3518875 0)
#3519000 0" 0% 0' 0(
#3519125 1$ 1&
#3519375 0*
#3520375 1*
#3520500 1)
#3520750 0&
#3520875 1%
#3521625 0)
#3521875 1! 1" 1&
#3522125 0*
#3523125 1*
#3523375 1)
#3523625 0! 0" 0& 1'
#3524375 0-
#3524500 0)
#3524625 0# 0% 0'
#3524750 1&
#3525000 0*
#3526000 1*
#3526625 1!
#3526875 0*
#3527875 1*
#3528375 0!
#3528500 1"
#3528750 0*
#3529750 1*
#3530375 1!
#3530500 0*
#3531625 1*
#3532750 1) 1-
#3533000 0! 1# 0$ 1% 0& 1' 1(
#3533875 0)
#3534000 0" 0# 0' 0(
#3534125 1&
#3534250 0*
#3535375 1*
#3535500 1)
#3535875 1! 1" 1# 1$ 1' 1(
#3536625 0)
#3538375 1)
#3538625 0! 0" 0& 0(
#3539375 0) 0-
#3539625 0% 0'
#3539750 1&
#3539875 0*
#3541000 1*
#3541625 1!
#3541750 0*
#3542875 1*
#3543375 0!
#3543500 1"
#3543625 0*
#3544625 1*
#3545250 1!
#3545500 0*
#3546500 1*
#3547750 1) 1-
#3548000 0! 0$ 1% 0& 1' 1(
#3548750 0)
#3549000 0" 0' 0(
#3549125 1&
#3549250 0*
#3550250 1*
#3550500 1)
#3550875 1! 1" 1$ 1' 1(
#3551625 0)
#3552125 0/
#3553375 1)
#3553625 0! 0" 0& 0(
#3554375 0) 0-
#3554625 0# 0$ 1& 0'
#3554875 0*
#3555875 1*
#3556500 1!
#3556750 0*
#3557750 1*
#3558375 0!
#3558500 1"
#3558625 0*
#3559125 1/
#3559625 1*
#3560250 1!
#3560500 0*
#3561500 1*
#3562750 1) 1-
#3562875 0!
#3563000 1# 0& 1' 1(
#3563750 0)
#3564000 0" 0# 1$ 1& 0' 0(
#3564250 0*
#3565250 1*
#3565500 1)
#3565875 1! 1" 1# 1' 1(
#3566625 0)
#3568250 1)
#3568625 0! 0" 0& 0(
#3569375 0) 0-
#3569625 0$ 1& 0'
#3569875 0*
#3570875 1*
#3571500 1!
#3571750 0*
#3572750 1*
#3573375 0! 1"
#3573625 0*
#3574625 1*
#3575250 1!
#3575500 0*
#3576500 1*
#3577625 1)
#3577750 1-
#3577875 0! 0&
#3578000 1' 1(
#3578750 0)
#3579000 0" 1$ 1& 0' 0(
#3579250 0*
#3580250 1*
#3580500 1)
#3580750 1! 0&
#3581625 0)
#3581875 1" 1&
#3582125 0+
#3583125 1+
#3583250 1)
#3583500 0! 0" 0&
#3583625 1'
#3584375 0) 0-
#3584625 0# 1& 0'
#3584875 0*
#3585875 1*
#3586500 1!
#3586750 0*
#3587750 1*
#3588375 0! 1"
#3588625 0*
#3589625 1*
#3590250 1!
#3590500 0*
#3591500 1*
#3592625 1)
#3592750 1-
#3592875 0! 0$ 0&
#3593000 1# 1' 1(
#3593750 0)
#3594000 0" 0# 0% 0(
#3594250 0*
#3595250 1*
#3595500 1)
#3595750 1! 1(
#3595875 1" 1# 1$ 1% 1&
#3596625 0)
#3598250 1)
#3598500 0! 0" 0& 0(
#3599375 0) 0-
#3599625 1& 0'
#3599875 0*
#3600875 1*
#3601500 1!
#3601750 0*
#3602750 1*
#3603250 0!
#3603375 1"
#3603625 0*
#3604625 1*
#3605250 1!
#3605500 0*
#3606500 1*
#3607625 1)
#3607750 1-
#3607875 0! 0$ 0&
#3608000 1' 1(
#3608750 0)
#3609000 0" 0% 0(
#3609250 0*
#3610250 1*
#3610500 1)
#3610750 1! 1" 1% 1& 1(
#3610875 1$
#3611625 0)
#3613250 1)
#3613500 0! 0" 0& 0(
#3614375 0) 0-
#3614625 0# 0$ 0%
#3614875 0*
#3615875 1*
#3616375 0/
#3616500 1!
#3616750 0*
#3617750 1*
#3618250 0!
#3618375 1"
#3618625 0*
#3619625 1*
#3620250 1!
#3620500 0*
#3621500 1*
#3622625 1)
#3622750 1-
#3622875 0!
#3623000 1# 1% 1(
#3623375 1/
#3623750 0)
#3624000 0" 0# 1$ 0% 0(
#3624250 0*
#3625250 1*
#3625500 1)
#3625750 1! 1" 1# 1% 1& 1(
#3626500 0)
#3628250 1)
#3628500 0! 0" 0& 0(
#3629375 0) 0-
#3629625 0$ 0%
#3629875 0*
#3630875 1*
#3631500 1!
#3631750 0*
#3632750 1*
#3633250 0!
#3633375 1"
#3633625 0*
#3634625 1*
#3635250 1!
#3635500 0*
#3636500 1*
#3637625 1) 1-
#3637875 0!
#3638000 1% 1(
#3638750 0)
#3638875 0(
#3639000 0" 1$ 0%
#3639250 0*
#3640250 1*
#3640500 1)
#3640750 1" 1% 0'
#3641500 0)
#3641875 1! 1&
#3642000 0*
#3643000 1*
#3643250 1)
#3643500 0! 0" 0&
#3643625 1'
#3644375 0) 0-
#3644625 0# 0%
#3644875 0*
#3645875 1*
#3646500 1!
#3646750 0*
#3647750 1*
#3648250 0!
#3648375 1"
#3648625 0*
#3649625 1*
#3650250 1!
#3650500 0*
#3651500 1*
#3652625 1) 1-
#3652875 0! 0$
#3653000 1# 1% 1(
#3653750 0)
#3653875 0# 0(
#3654000 0"
#3654250 0*
#3655250 1*
#3655500 1)
#3655750 1! 1" 1# 1$ 1& 1(
#3656500 0)
#3658250 1)
#3658500 0! 0" 0& 0(
#3659375 0) 0-
#3659625 0%
#3659875 0*
#3660875 1*
#3661500 1!
#3661750 0*
#3662750 1*
#3663250 0!
#3663375 1"
#3663625 0*
#3664625 1*
#3665250 1!
#3665500 0*
#3666500 1*
#3667625 1)
#3667750 1-
#3667875 0! 0$
#3668000 1% 1(
#3668750 0)
#3668875 0(
#3669000 0"
#3669250 0*
#3670250 1*
#3670500 1)
#3670750 1! 1" 1$ 1& 1(
#3671500 0)
#3673250 1)
#3673500 0! 0" 0& 0(
#3674375 0) 0-
#3674625 0# 0$
#3674875 0*
#3675875 1*
#3676500 1!
#3676750 0*
#3677750 1*
#3678250 0!
#3678375 1"
#3678625 0*
#3679625 1*
#3680250 1!
#3680500 0*
#3680625 0/
#3681500 1*
#3682625 1)
#3682750 1-
#3682875 0!
#3683000 1# 1(
#3683750 0)
#3684000 0" 0# 1$ 0(
#3684250 0*
#3685250 1*
#3685500 1)
#3685750 1! 1" 1# 1& 1(
#3686625 0)
#3687625 1/
#3688250 1)
#3688500 0! 0" 0& 0(
#3689375 0) 0-
#3689625 0$
#3689875 0*
#3690875 1*
#3691500 1!
#3691750 0*
#3692750 1*
#3693375 0! 1"
#3693625 0*
#3694625 1*
#3695250 1!
#3695500 0*
#3696500 1*
#3697625 1)
#3697750 1-
#3697875 0!
#3698000 1(
#3698750 0)
#3699000 0" 1$ 0(
#3699250 0*
#3700250 1*
#3700500 1)
#3700750 1! 1" 0'
#3701625 0)
#3701875 1&
#3702125 0+
#3703125 1+
#3703250 1)
#3703500 0! 0" 0&
#3703625 1'
#3704375 0) 0-
#3704625 0#
#3704875 0*
#3705875 1*
#3706500 1!
#3706750 0*
#3707750 1*
#3708375 0! 1"
#3708625 0*
#3709625 1*
#3710250 1!
#3710500 0*
#3711500 1*
#3712625 1)
#3712750 1-
#3712875 0!
#3713000 1# 0$ 1(
#3713750 0)
#3714000 0" 0# 0% 1& 0(
#3714250 0*
#3715250 1*
#3715500 1)
#3715875 1! 1" 1# 1$ 1% 1(
#3716625 0)
#3718250 1)
#3718625 0! 0" 0& 0(
#3719375 0) 0-
#3719875 0*
#3720875 1*
#3721500 1!
#3721750 0*
#3722750 1*
#3723375 0!
#3723500 1"
#3723625 0*
#3724625 1*
#3725250 1!
#3725500 0*
#3726500 1*
#3727750 1) 1-
#3727875 0!
#3728000 0$ 1(
#3728750 0)
#3729000 0" 0% 0(
#3729125 1&
#3729250 0*
#3730250 1*
#3730500 1)
#3730875 1! 1" 1$ 1% 1(
#3731625 0)
#3733375 1)
#3733625 0! 0" 0& 0(
#3734375 0) 0-
#3734625 0# 0$ 0%
#3734750 1&
#3734875 0*
#3736000 1*
#3736625 1!
#3736750 0*
#3737875 1*
#3738375 0!
#3738500 1"
#3738625 0*
#3739750 1*
#3740375 1!
#3740500 0*
#3741625 1*
#3742750 1) 1-
#3743000 0! 1# 1% 0& 1(
#3743875 0)
#3744000 0" 0# 0% 0(
#3744125 1$ 1&
#3744250 0*
#3745000 0/
#3745375 1*
#3745500 1)
#3745875 1! 1" 1# 1% 1(
#3746625 0)
#3748375 1)
#3748625 0! 0" 0& 0(
#3749375 0-
#3749500 0)
#3749625 0$ 0%
#3749750 1&
#3750000 0*
#3751000 1*
#3751625 1!
#3751875 0*
#3752000 1/
#3752875 1*
#3753375 0!
#3753500 1"
#3753750 0*
#3754750 1*
#3755375 1!
#3755625 0*
#3756625 1*
#3757750 1) 1-
#3758000 0! 0& 1(
#3758125 1%
#3758875 0)
#3759000 0" 0% 0(
#3759125 1$ 1&
#3759375 0*
#3760375 1*
#3760500 1)
#3760750 0# 0$
#3760875 0'
#3761625 0)
#3761875 1! 1# 1$
#3762000 1" 1%
#3762125 0*
#3763125 1*
#3763375 1)
#3763625 0! 0" 0& 1'
#3764375 0-
#3764500 0)
#3764625 0# 0%
#3764750 1&
#3765000 0*
#3766000 1*
#3766625 1!
#3766875 0*
#3767875 1*
#3768375 0!
#3768500 1"
#3768750 0*
#3769750 1*
#3770375 1!
#3770625 0*
#3771625 1*
#3772750 1) 1-
#3773000 0! 0$ 0& 1(
#3773125 1# 1%
#3773875 0)
#3774000 0# 0(
#3774125 0" 1&
#3774375 0*
#3775375 1*
#3775625 1)
#3775875 1! 1" 1# 1$ 1(
#3776625 0)
#3778375 1)
#3778625 0! 0" 0& 0(
#3779500 0) 0-
#3779750 0% 1&
#3780000 0*
#3781000 1*
#3781625 1!
#3781875 0*
#3782875 1*
#3783375 0!
#3783500 1"
#3783750 0*
#3784750 1*
#3785375 1!
#3785625 0*
#3786625 1*
#3787750 1)
#3787875 1-
#3788000 0! 0$ 0&
#3788125 1% 1(
#3788875 0)
#3789125 0" 1& 0(
#3789375 0*
#3790375 1*
#3790625 1)
#3790875 1! 1(
#3791000 1" 1$
#3791750 0)
#3793375 1)
#3793625 0! 0"
#3793750 0& 0(
#3794500 0) 0-
#3794750 0# 0$ 1&
#3795000 0*
#3796000 1*
#3796625 1!
#3796875 0*
#3797875 1*
#3798500 0! 1"
#3798750 0*
#3799750 1*
#3800375 1!
#3800625 0*
#3801625 1*
#3802750 1)
#3802875 1-
#3803000 0! 0&
#3803125 1# 1(
#3803875 0)
#3804125 0" 0# 1$ 1& 0(
#3804375 0*
#3805375 1*
#3805625 1)
#3805875 1(
#3806000 1! 1" 1#
#3806750 0)
#3808375 1)
#3808750 0! 0" 0& 0(
#3809250 0/
#3809500 0) 0-
#3809750 0$ 1&
#3810000 0*
#3811000 1*
#3811625 1!
#3811875 0*
#3812875 1*
#3813500 0!
#3813625 1"
#3813750 0*
#3814750 1*
#3815375 1!
#3815625 0*
#3816250 1/
#3816625 1*
#3817875 1) 1-
#3818000 0!
#3818125 0& 1(
#3818875 0)
#3819125 0" 1& 0(
#3819250 1$
#3819375 0*
#3820375 1*
#3820625 1)
#3820875 0# 0$ 0% 0'
#3821000 1!
#3821750 0)
#3822000 1" 1# 1$ 1%
#3822250 0+
#3823250 1+
#3823500 1)
#3823750 0! 0" 0& 1'
#3824500 0) 0-
#3824750 0#
#3824875 1&
#3825000 0*
#3826000 1*
#3826750 1!
#3826875 0*
#3828000 1*
#3828500 0!
#3828625 1"
#3828750 0*
#3829875 1*
#3830500 1!
#3830625 0*
#3831750 1*
#3832875 1) 1-
#3833125 1# 1(
#3834000 0)
#3834500 0+
#3835500 1+
#3835625 1)
#3836750 0)
#3838500 1)
#3838750 0! 0" 0& 0(
#3839500 0-
#3839625 0)
#3839875 1&
#3840125 0*
#3841125 1*
#3841750 1!
#3842000 0*
#3843000 1*
#3843500 0!
#3843625 1"
#3843875 0*
#3844875 1*
#3845500 1!
#3845750 0*
#3846750 1*
#3847875 1) 1-
#3848125 0! 0$ 0& 1(
#3849000 0)
#3849125 0" 0# 0% 0' 0(
#3849500 0*
#3850500 1*
#3851125 1!
#3851375 0*
#3852375 1*
#3852875 0!
#3853000 1"
#3853250 0*
#3854000 1)
#3854250 1' 1( 1*
#3854375 1# 1%
#3855000 0)
#3855250 0" 0# 0% 0' 0(
#3855500 0*
#3856500 1*
#3857250 1!
#3857375 0*
#3858375 1*
#3859000 0!
#3859125 1"
#3859250 0*
#3860000 1)
#3860250 1*
#3860375 1! 1# 1$ 1% 1& 1' 1(
#3861125 0)
#3862875 1)
#3863125 0! 0" 0# 0&
#3864000 0)
#3864125 0% 0' 0(
#3864500 0*
#3865500 1*
#3866125 1%
#3866375 0*
#3867375 1*
#3867500 1)
#3867750 0$
#3867875 1# 1' 1(
#3868625 0)
#3868875 0# 1$ 0% 0' 0(
#3869125 0*
#3870125 1*
#3870375 1)
#3870625 1' 1(
#3870750 1%
#3871500 0)
#3871625 0% 0' 0(
#3872000 0*
#3873000 1*
#3873500 0/
#3873625 1%
#3873875 0*
#3874875 1*
#3875000 1)
#3875250 0$
#3875375 1# 1' 1(
#3876125 0)
#3876375 0# 1$ 0% 0' 0(
#3876625 0*
#3877625 1*
#3877875 1)
#3878125 0$ 1(
#3878250 1" 1# 1% 1'
#3879000 0)
#3879125 0" 0# 0% 0' 0(
#3879500 0*
#3880500 1* 1/
#3881125 1!
#3881375 0*
#3882375 1*
#3882875 0!
#3883000 1"
#3883250 0*
#3884000 1)
#3884250 1*
#3884375 1# 1% 1' 1(
#3885125 0)
#3885250 0" 0# 0% 0' 0(
#3885500 0*
#3886625 1*
#3887250 1!
#3887375 0*
#3888500 1*
#3889000 0!
#3889125 1"
#3889250 0*
#3890500 1)
#3890750 1*
#3891375 1! 1# 1$ 1% 1& 1' 1(
#3892125 0)
#3894250 1)
#3894500 0! 0" 0# 0&
#3895375 0)
#3896000 0% 0' 0(
#3896375 0*
#3897375 1*
#3898000 1%
#3898250 0*
#3899250 1*
#3899375 1)
#3899625 0$
#3899750 1# 1' 1(
#3900500 0)
#3900750 0# 1$ 0% 0' 0(
#3901000 0*
#3902000 1*
#3902250 1)
#3902500 1' 1(
#3902625 1%
#3903375 0)
#3903500 0% 0' 0(
#3903875 0*
#3904875 1*
#3905500 1%
#3905750 0*
#3906750 1*
#3906875 1)
#3907125 0$
#3907250 1# 1' 1(
#3908000 0)
#3908250 0# 1$ 0% 0' 0(
#3908500 0*
#3909500 1*
#3909750 1)
#3910000 0$ 1' 1(
#3910125 1" 1# 1%
#3910875 0)
#3911000 0" 0# 0% 0' 0(
#3911375 0*
#3912375 1*
#3913000 1!
#3913250 0*
#3914250 1*
#3914750 0!
#3914875 1"
#3915125 0*
#3915875 1)
#3916125 1' 1( 1*
#3916250 1# 1%
#3916875 0)
#3917125 0" 0# 0% 0' 0(
#3917375 0*
#3918375 1*
#3919000 1!
#3919250 0*
#3920250 1*
#3920875 0!
#3921000 1"
#3921125 0*
#3921875 1)
#3922125 1*
#3922250 1! 1# 1$ 1% 1& 1' 1(
#3923000 0)
#3924750 1)
#3925000 0! 0" 0# 0&
#3925875 0)
#3926000 0% 0' 0(
#3926375 0*
#3927375 1*
#3928000 1%
#3928250 0*
#3929250 1*
#3929375 1)
#3929625 0$
#3929750 1# 1' 1(
#3930500 0)
#3930750 0# 1$ 0% 0' 0(
#3931000 0*
#3932000 1*
#3932250 1)
#3932500 1% 1' 1(
#3933375 0)
#3933500 0% 0' 0(
#3933750 0*
#3934875 1*
#3935500 1%
#3935625 0*
#3936750 1*
#3936875 1)
#3937125 0$
#3937250 1# 1' 1(
#3937750 0/
#3938000 0)
#3938250 0# 1$ 0% 0' 0(
#3938500 0*
#3939500 1*
#3939750 1)
#3940000 1" 1# 0$ 1% 1' 1(
#3940875 0)
#3941000 0" 0# 0% 0' 0(
#3941250 0*
#3942375 1*
#3943000 1!
#3943125 0*
#3944250 1*
#3944750 0! 1/
#3944875 1"
#3945000 0*
#3945750 1)
#3946000 1*
#3946125 1# 1% 1' 1(
#3946875 0)
#3947125 0" 0# 0% 0' 0(
#3947375 0*
#3948375 1*
#3949000 1!
#3949250 0*
#3950250 1*
#3950875 0! 1"
#3951125 0*
#3951875 1)
#3952125 1*
#3952250 1! 1# 1$ 1% 1& 1' 1(
#3953000 0)
#3954750 1)
#3955000 0! 0" 0# 0&
#3955750 0)
#3956000 0% 0' 0(
#3956250 0*
#3957250 1*
#3958000 1%
#3958125 0*
#3959125 1*
#3959375 1)
#3959625 0$
#3959750 1# 1' 1(
#3960500 0)
#3960625 0(
#3960750 0# 1$ 0% 0'
#3961000 0*
#3962000 1*
#3962250 1)
#3962500 1% 1' 1(
#3963250 0)
#3963500 0% 0' 0(
#3963750 0*
#3964750 1*
#3965375 1%
#3965625 0*
#3966625 1*
#3966875 1)
#3967125 0$ 1(
#3967250 1# 1'
#3968000 0)
#3968125 0' 0(
#3968250 0# 1$ 0%
#3968500 0*
#3969500 1*
#3969625 1)
#3985000 1! 1" 1# 1% 1& 1' 1(
#3985750 0)
#3987500 1)
#3989500 0)
#3991250 1)
#3994250 0! 0&
#3994375 0$
#3995125 0)
#3995375 0" 0# 0% 0' 0(
#3995625 0*
#3996625 1*
#3996875 1)
#3997125 1! 1& 1' 1(
#3997250 1" 1# 1$ 1%
#3998000 0)
#3999625 1)
#4000750 0)
#4001250 0+
#4002125 0/
#4002250 1+
#4003125 0+
#4004125 1+
#4005000 0+
#4006000 1+
#4006875 0+
#4007875 1+
#4009000 1)
#4009125 1/
#4009250 0! 0$ 0&
#4010125 0)
#4010375 0" 0% 0' 0(
#4010625 0*
#4011625 1*
#4011875 1)
#4012125 1! 1" 1$ 1% 1& 1' 1(
#4012875 0)
#4014625 1)
#4014875 0! 0" 0& 0(
#4015750 0) 0-
#4016000 0# 0$ 0% 0' 1(
#4016250 0*
#4017250 1*
#4017875 1!
#4018125 0*
#4019125 1*
#4019625 0!
#4019750 1"
#4020000 0*
#4021000 1*
#4021625 1!
#4021875 0*
#4022875 1*
#4024000 1) 1-
#4024250 0!
#4024375 1# 1% 1'
#4025125 0)
#4025250 0# 0'
#4025375 0" 1$ 0% 0(
#4025625 0*
#4026625 1*
#4026750 1)
#4027125 1! 1" 1# 1% 1& 1' 1(
#4027875 0)
#4029625 1)
#4029875 0! 0" 0& 0(
#4030625 0-
#4030750 0)
#4030875 0% 0'
#4031000 0$ 1(
#4031250 0*
#4032250 1*
#4032875 1!
#4033125 0*
#4034125 1*
#4034625 0!
#4034750 1"
#4035000 0*
#4036000 1*
#4036625 1!
#4036875 0*
#4037875 1*
#4039000 1) 1-
#4039250 0! 1'
#4039375 1%
#4040125 0)
#4040250 0% 0' 0(
#4040375 0" 1$
#4040625 0*
#4041625 1*
#4041750 1)
#4042000 0# 0$
#4042125 1" 1&
#4042875 0)
#4043125 1! 1# 1$ 1%
#4043375 0*
#4044375 1*
#4044625 1)
#4044875 0! 0" 0& 1'
#4045625 0-
#4045750 0)
#4045875 0# 0% 0'
#4046000 1(
#4046250 0*
#4047250 1*
#4047875 1!
#4048125 0*
#4049125 1*
#4049625 0!
#4049750 1"
#4050000 0*
#4051000 1*
#4051625 1!
#4051875 0*
#4052875 1*
#4054000 1) 1-
#4054250 0! 0$ 1'
#4054375 1# 1%
#4055125 0)
#4055250 0" 0# 0' 0(
#4055625 0*
#4056625 1*
#4056750 1)
#4057125 1! 1" 1# 1$ 1& 1' 1(
#4057875 0)
#4059625 1)
#4059875 0! 0" 0& 0(
#4060625 0-
#4060750 0)
#4060875 0% 0'
#4061000 1(
#4061250 0*
#4062250 1*
#4062875 1!
#4063125 0*
#4064125 1*
#4064625 0!
#4064750 1"
#4065000 0*
#4066000 1*
#4066375 0/
#4066625 1!
#4066875 0*
#4067875 1*
#4069000 1) 1-
#4069250 0! 0$ 1'
#4069375 1%
#4070125 0)
#4070250 0" 0' 0(
#4070625 0*
#4071625 1*
#4071750 1)
#4072125 1! 1" 1$ 1& 1' 1(
#4072875 0)
#4073375 1/
#4074625 1)
#4074875 0! 0" 0& 0(
#4075625 0-
#4075750 0)
#4075875 0# 0$ 0'
#4076000 1(
#4076250 0*
#4077250 1*
#4077875 1!
#4078125 0*
#4079125 1*
#4079625 0!
#4079750 1"
#4080000 0*
#4081000 1*
#4081625 1!
#4081875 0*
#4082875 1*
#4084000 1) 1-
#4084250 0! 1'
#4084375 1#
#4085125 0)
#4085250 0" 0# 0' 0(
#4085375 1$
#4085625 0*
#4086625 1*
#4086750 1)
#4087125 1! 1" 1# 1& 1' 1(
#4087875 0)
#4089625 1)
#4089875 0! 0" 0& 0(
#4090625 0-
#4090750 0)
#4090875 0$ 0'
#4091000 1(
#4091250 0*
#4092250 1*
#4092875 1!
#4093125 0*
#4094125 1*
#4094625 0!
#4094750 1"
#4095000 0*
