$date Wed Sep  2 14:24:39 2026 $end
$version libsigrok 0.5.2 $end
$comment
  Acquisition with 16/16 channels at 80 MHz
$end
$timescale 100 ps $end
$scope module libsigrok $end
$var wire 1 ! A0 $end
$var wire 1 " A1 $end
$var wire 1 # A2 $end
$var wire 1 $ A3 $end
$var wire 1 % A4 $end
$var wire 1 & A5 $end
$var wire 1 ' A6 $end
$var wire 1 ( A7 $end
$var wire 1 ) RAS $end
$var wire 1 * CAS0 $end
$var wire 1 + CAS1 $end
$var wire 1 , R/W $end
$var wire 1 - VDS $end
$var wire 1 . IRQ $end
$var wire 1 / CSW $end
$var wire 1 0 CSR $end
$upscope $end
$enddefinitions $end
#0 0! 1" 0# 1$ 1% 0& 1' 0( 0) 1* 1+ 1, 0- 0. 1/ 10
#125 0" 0$ 1) 00
#250 0% 1& 1( 1- 10
#1000 0)
#1250 1! 1" 1# 1$ 1%
#1500 0*
#2500 1*
#2625 1)
#2875 0# 0(
#3000 0& 0'
#3750 0) 0-
#4000 0! 0"
#4250 0*
#5250 1*
#5875 1!
#6125 0*
#7125 1*
#7750 0! 1"
#8000 0*
#9000 1*
#9625 1!
#9875 0*
#10875 1*
#12000 1)
#12125 1-
#12250 0! 0$
#12375 1# 1' 1(
#13125 0)
#13375 0" 0# 0% 1& 0' 0(
#13625 0*
#14625 1*
#14875 1)
#15125 1" 1' 1(
#15250 0,
#16000 0)
#16125 0"
#16250 1!
#16500 0+
#17500 1+
#17625 1)
#17875 0& 0' 0(
#18000 1" 1$ 1% 1,
#18750 0) 0-
#19000 0! 0" 1#
#19250 0*
#20250 1*
#20875 1!
#21125 0*
#22125 1*
#22625 0!
#22750 1"
#23000 0*
#24000 1*
#24625 1!
#24875 0*
#25875 1*
#27000 1) 1-
#27250 0! 0$
#27375 1' 1(
#28125 0)
#28250 0(
#28375 0" 0% 1& 0'
#28625 0*
#29625 1*
#29875 1)
#30125 1! 1" 1$ 1% 1' 1(
#30875 0)
#32625 1)
#32875 0# 0& 0' 0(
#33750 0) 0-
#33875 0!
#34000 0" 0$ 0% 1&
#34250 0*
#35250 1*
#35875 1!
#36125 0*
#37125 1*
#37625 0!
#37750 1"
#38000 0*
#39000 1*
#39125 00
#39625 1!
#39875 0*
#40875 1*
#42000 1) 1-
#42250 0! 0&
#42375 1# 1% 1' 1(
#43125 0)
#43250 0# 0(
#43375 0" 1$ 0% 1& 0'
#43625 0*
#44625 1*
#44875 1)
#45000 0$
#45125 1" 1' 1(
#45250 0,
#45875 0)
#46125 10
#46375 0+
#47500 1+
#47625 1)
#47875 1! 0& 0' 0(
#48000 1$ 1% 1,
#48750 0) 0-
#48875 0! 0$ 0%
#49000 0" 1# 1&
#49250 0*
#50250 1*
#50875 1!
#51125 0*
#52125 1*
#52625 0!
#52750 1"
#53000 0*
#54000 1*
#54625 1!
#54875 0*
#55875 1*
#57000 1) 1-
#57250 0! 0& 1(
#57375 1% 1'
#58125 0)
#58250 0% 0' 0(
#58375 0" 1$ 1&
#58625 0*
#59625 1*
#59750 1)
#60000 0# 0$
#60125 1! 1' 1(
#60875 0)
#61125 1# 1$
#61250 1" 1%
#61375 0+
#62375 1+
#62625 1)
#62875 0# 0& 0' 0(
#63625 0-
#63750 0)
#63875 0! 0" 0%
#64000 1&
#64250 0*
#65250 1*
#65875 1!
#66125 0*
#67125 1*
#67625 0!
#67750 1"
#68000 0*
#69000 1*
#69625 1!
#69875 0*
#70875 1*
#72000 1) 1-
#72250 0! 0$ 0& 1(
#72375 1# 1% 1'
#73125 0)
#73250 0" 0# 0' 0(
#73375 1&
#73625 0*
#74625 1*
#74750 1)
#75000 0%
#75125 1" 1' 1(
#75250 0,
#75875 0)
#76125 1!
#76375 0+
#77375 1+
#77625 1)
#77875 0& 0' 0(
#78000 1$ 1% 1,
#78750 0) 0-
#78875 0! 0" 0%
#79000 1# 1&
#79250 0*
#80250 1*
#80875 1!
#81125 0*
#82125 1*
#82625 0!
#82750 1"
#83000 0*
#84000 1*
#84625 1!
#84875 0*
#85875 1*
#87000 1) 1-
#87250 0! 0$ 0& 1' 1(
#87375 1%
#88125 0)
#88250 0" 0' 0(
#88375 1&
#88625 0*
#89625 1*
#89750 1)
#90125 1! 1" 1$ 1' 1(
#90875 0)
#92625 1)
#92875 0# 0& 0' 0(
#93750 0) 0-
#93875 0! 0" 0$
#94000 1&
#94250 0*
#95250 1*
#95875 1!
#96125 0*
#97125 1*
#97625 0!
#97750 1"
#98000 0*
#99000 1*
#99625 1!
#99875 0*
#100875 1*
#102000 1) 1-
#102250 0! 0& 1(
#102375 1# 1'
#103125 0)
#103250 0# 0' 0(
#103375 0" 1$ 1&
#103625 0*
#104625 1*
#104875 1)
#105000 0$
#105125 1" 0% 1' 1(
#105250 0,
#105875 0)
#106125 0"
#106250 1#
#106375 0+
#107500 1+
#107625 1)
#107875 0# 0& 0' 0(
#108000 1! 1" 1$ 1% 1,
#108750 0) 0-
#108875 0! 0" 0$
#109000 1# 1&
#109250 0*
#110250 1*
#110875 1!
#111125 0*
#112125 1*
#112625 0!
#112750 1"
#113000 0*
#114000 1*
#114625 1!
#114875 0*
#115875 1*
#117000 1) 1-
#117250 0! 0&
#117375 1' 1(
#118125 0)
#118250 0(
#118375 0" 1$ 1& 0'
#118625 0*
#119625 1*
#119875 1)
#120125 1" 0# 0$ 0% 1' 1(
#120875 0)
#121250 1! 1# 1$ 1%
#121375 0*
#122500 1*
#122625 1)
#122875 0# 0& 0' 0(
#123000 00
#123750 0) 0-
#123875 0!
#124000 0" 1&
#124250 0*
#125250 1*
#125875 1!
#126125 0*
#127125 1*
#127625 0!
#127750 1"
#128000 0*
#129000 1*
#129625 1!
#129875 0*
#130000 10
#130875 1*
#132000 1)
#132125 1-
#132250 0! 0$ 0&
#132375 1# 1' 1(
#133125 0)
#133375 0" 0# 0% 0(
#133625 0*
#134625 1*
#134875 1)
#135125 1& 1(
#135250 1" 0,
#136000 0)
#136125 0"
#136250 1! 1#
#136500 0+
#137500 1+
#137625 1)
#137875 0# 0& 0' 0(
#138000 1" 1$ 1%
#138125 1,
#138750 0) 0-
#139000 0! 0" 1# 1&
#139250 0*
#140250 1*
#140875 1!
#141125 0*
#142125 1*
#142750 0! 1"
#143000 0*
#144000 1*
#144625 1!
#144875 0*
#145875 1*
#147000 1)
#147125 1-
#147250 0!
#147375 0$ 0& 1' 1(
#148125 0)
#148375 0" 0% 0(
#148625 0*
#149625 1*
#149875 1)
#150125 1(
#150250 1! 1" 1$ 1% 1&
#151000 0)
#152625 1)
#153000 0# 0& 0' 0(
#153750 0) 0-
#154000 0! 0" 0$ 0% 1'
#154250 0*
#155250 1*
#155875 1!
#156125 0*
#157125 1*
#157750 0!
#157875 1"
#158000 0*
#159000 1*
#159625 1!
#159875 0*
#160875 1*
#162125 1) 1-
#162250 0!
#162375 1# 1% 1(
#163125 0)
#163375 0" 0# 0% 0(
#163500 1$
#163625 0*
#164625 1*
#164875 1)
#165125 0$
#165250 1" 1& 1( 0,
#166000 0)
#166250 1#
#166500 0+
#167500 1+
#167750 1)
#168000 1! 0# 1$ 1% 0& 0' 0(
#168125 1,
#168750 0) 0-
#169000 0! 0" 0$ 0%
#169125 1# 1'
#169250 0*
#170375 1*
#171000 1!
#171125 0*
#172250 1*
#172750 0!
#172875 1"
#173000 0*
#174125 1*
#174750 1!
#174875 0*
#176000 1*
#177125 1) 1-
#177375 0! 1% 1(
#178250 0)
#178375 0" 0% 0(
#178500 1$
#178625 0*
#179750 1*
#179875 1)
#180125 0# 0$
#180250 1! 1" 1& 1(
#181000 0)
#181250 1# 1$ 1%
#181500 0+
#182500 1+
#182750 1)
#183000 0# 0& 0' 0(
#183750 0-
#183875 0)
#184000 0! 0" 0%
#184125 1'
#184375 0*
#185375 1*
#186000 1!
#186250 0*
#187250 1*
#187750 0!
#187875 1"
#188125 0*
#189125 1*
#189750 1!
#190000 0*
#191000 1*
#192125 1) 1-
#192375 0! 0$ 1(
#192500 1# 1%
#193250 0)
#193375 0" 0# 0(
#193750 0*
#194750 1*
#194875 1)
#195125 0%
#195250 1" 1& 1(
#195375 0,
#196000 0)
#196250 1!
#196375 1#
#196500 0+
#197500 1+
#197750 1)
#198000 0# 0& 0' 0(
#198125 1$ 1% 1,
#198875 0) 0-
#199000 0! 0" 0%
#199125 1# 1'
#199375 0*
#200375 1*
#201000 1!
#201250 0*
#202250 1*
#202750 0!
#202875 1"
#203125 0*
#204125 1*
#204750 1!
#205000 0*
#206000 1*
#206875 00
#207125 1) 1-
#207375 0! 0$
#207500 1% 1(
#208250 0)
#208375 0(
#208500 0"
#208750 0*
#209750 1*
#210000 1)
#210250 1! 1" 1$ 1& 1(
#211125 0)
#212750 1)
#213000 0# 0& 0' 0(
#213875 0) 0- 10
#214125 0! 0" 0$ 1'
#214375 0*
#215375 1*
#216000 1!
#216250 0*
#217250 1*
#217750 0!
#217875 1"
#218125 0*
#219125 1*
#219750 1!
#220000 0*
#221000 1*
#222125 1)
#222250 1-
#222375 0!
#222500 1# 1(
#223250 0)
#223500 0" 0# 1$ 0(
#223750 0*
#224750 1*
#225000 1)
#225250 0$ 0% 1(
#225375 1" 1& 0,
#226125 0)
#226250 0"
#226375 1$
#226625 0+
#227625 1+
#227750 1)
#228000 0& 0' 0(
#228125 1! 1" 1%
#228250 1,
#228875 0) 0-
#229125 0! 0" 1# 0$ 1'
#229375 0*
#230375 1*
#231000 1!
#231250 0*
#232250 1*
#232875 0! 1"
#233125 0*
#234125 1*
#234750 1!
#235000 0*
#236000 1*
#237250 1) 1-
#237375 0!
#237500 1(
#238250 0)
#238500 0" 0(
#238625 1$
#238750 0*
#239750 1*
#240000 1)
#240250 0$ 0% 1(
#240375 1&
#241125 0)
#241375 1! 1" 1$ 1%
#241625 0*
#242625 1*
#242750 1)
#243125 0# 0& 0' 0(
#243875 0) 0-
#244125 0! 0" 1'
#244375 0*
#245375 1*
#246000 1!
#246250 0*
#247250 1*
#247875 0!
#248000 1"
#248125 0*
#249125 1*
#249750 1!
#250000 0*
#251000 1*
#252250 1) 1-
#252500 0! 1# 0$ 1(
#253250 0)
#253500 0" 0# 0% 0(
#253625 1&
#253750 0*
#254750 1*
#255000 1)
#255375 1" 1( 0,
#256125 0)
#256375 1! 0" 1$
#256625 0+
#257625 1+
#257875 1)
#258125 1" 1% 0& 0' 0(
#258250 1,
#258875 0) 0-
#259125 0! 0"
#259250 1# 1'
#259375 0*
#260500 1*
#261125 1!
#261250 0*
#262375 1*
#262875 0!
#263000 1"
#263125 0*
#264250 1*
#264875 1!
#265000 0*
#266125 1*
#267250 1) 1-
#267500 0! 0$ 1(
#268375 0)
#268500 0" 0% 0(
#268625 1&
#268750 0*
#269875 1*
#270000 1)
#270375 1! 1" 1$ 1% 1(
#271125 0)
#272875 1)
#273125 0# 0& 0' 0(
#273875 0-
#274000 0)
#274125 0! 0" 0$ 0%
#274250 1& 1'
#274375 0*
#275500 1*
#276125 1!
#276375 0*
#277375 1*
#277875 0!
#278000 1"
#278250 0*
#279250 1*
#279875 1!
#280125 0*
#281125 1*
#282250 1) 1-
#282500 0! 1% 0& 1(
#282625 1#
#283375 0)
#283500 0" 0# 0% 0(
#283625 1$ 1&
#283875 0*
#284875 1*
#285000 1)
#285250 0$
#285375 1" 1(
#285500 0,
#286125 0)
#286375 1$
#286625 0+
#287625 1+
#287875 1)
#288125 1! 1% 0& 0' 0(
#288250 1,
#288875 0-
#289000 0)
#289125 0! 0" 0$ 0%
#289250 1# 1& 1'
#289500 0*
#290500 1*
#290750 00
#291125 1!
#291375 0*
#292375 1*
#292875 0!
#293000 1"
#293250 0*
#294250 1*
#294875 1!
#295125 0*
#296125 1*
#297250 1) 1-
#297500 0! 1% 0& 1(
#297625 10
#298375 0)
#298500 0" 0% 0(
#298625 1$ 1&
#298875 0*
#299875 1*
#300000 1)
#300250 0$
#300375 1! 1(
#301125 0)
#301375 1" 1$ 1%
#301625 0+
#302625 1+
#302875 1)
#303125 0# 0& 0' 0(
#303875 0-
#304000 0)
#304125 0! 0" 0%
#304250 1& 1'
#304500 0*
#305500 1*
#306125 1!
#306375 0*
#307375 1*
#307875 0!
#308000 1"
#308250 0*
#309250 1*
#309875 1!
#310125 0*
#311125 1*
#312250 1) 1-
#312500 0! 0$ 0& 1(
#312625 1# 1%
#313375 0)
#313500 0" 0# 0(
#313625 1&
#313875 0*
#314875 1*
#315000 1)
#315250 0%
#315375 1" 1(
#315500 0,
#316125 0)
#316375 1! 1$
#316625 0+
#317625 1+
#317875 1)
#318125 1% 0& 0' 0(
#318250 1,
#318875 0-
#319000 0)
#319125 0! 0" 0%
#319250 1# 1& 1'
#319500 0*
#320500 1*
#321125 1!
#321375 0*
#322375 1*
#322875 0!
#323000 1"
#323250 0*
#324250 1*
#324875 1!
#325125 0*
#326125 1*
#327250 1) 1-
#327500 0! 0$ 1% 0& 1(
#328375 0)
#328500 0" 0(
#328625 1&
#328875 0*
#329875 1*
#330000 1)
#330375 1! 1" 1$ 1(
#331125 0)
#332875 1)
#333125 0# 0& 0' 0(
#333875 0-
#334000 0)
#334125 0! 0" 0$
#334250 1& 1'
#334500 0*
#335500 1*
#336125 1!
#336375 0*
#337375 1*
#337875 0!
#338000 1"
#338250 0*
#339250 1*
#339875 1!
#340125 0*
#341125 1*
#342250 1) 1-
#342500 0! 1# 0& 1(
#343375 0)
#343500 0" 0# 0(
#343625 1$ 1&
#343750 0*
#344875 1*
#345000 1)
#345250 0$ 0%
#345375 1" 1( 0,
#346125 0)
#346375 0" 1# 1$
#346625 0+
#347625 1+
#347875 1)
#348125 1! 1" 0# 1% 0& 0' 0(
#348250 1,
#348875 0-
#349000 0)
#349125 0! 0" 0$
#349250 1# 1& 1'
#349500 0*
#350500 1*
#351125 1!
#351250 0*
#352375 1*
#352875 0!
#353000 1"
#353125 0*
#354250 1*
#354875 1!
#355000 0*
#356125 1*
#357250 1) 1-
#357500 0! 0& 1(
#358375 0)
#358500 0" 0(
#358625 1$ 1&
#358750 0*
#359875 1*
#360000 1)
#360250 0$ 0%
#360375 1" 1(
#361125 0)
#361375 1! 1$ 1%
#361625 0*
#362625 1*
#362875 1)
#363125 0# 0& 0' 0(
#363875 0) 0-
#364125 0! 0"
#364250 1& 1'
#364375 0*
#365375 1*
#366000 1!
#366250 0*
#367250 1*
#367875 0!
#368000 1"
#368125 0*
#369125 1*
#369750 1!
#370000 0*
#371000 1*
#372250 1) 1-
#372500 1# 1(
#373250 0)
#373875 0+
#374500 00
#374875 1+
#375000 1)
#375250 0! 0# 0$ 0%
#375375 0,
#376125 0)
#376375 1! 0" 1# 1$
#376625 0+
#377625 1+
#377750 1)
#378125 1" 0# 1% 0& 0' 0(
#378250 1,
#378875 0) 0-
#379125 0! 0" 1& 1'
#379250 1#
#379375 0*
#380375 1*
#381000 1!
#381250 0*
#381500 10
#382250 1*
#382875 0! 1"
#383125 0*
#384125 1*
#384750 1!
#385000 0*
#386000 1*
#387250 1) 1-
#387500 0! 0$ 0& 1(
#388250 0)
#388500 0" 0# 0(
#388750 0*
#389750 1*
#390375 1!
#390625 0*
#391625 1*
#392250 0! 1"
#392500 0*
#393250 1)
#393500 1*
#393625 1# 1(
#394375 0)
#394500 0(
#394625 0"
#394875 0*
#395875 1*
#396500 1!
#396750 0*
#397750 1*
#398250 0!
#398375 1"
#398625 0*
#399375 1)
#399625 0# 0% 1( 1*
#399750 1& 0,
#400500 0)
#400750 1# 1$
#401000 0+
#402000 1+
#402125 1)
#402375 0# 0&
#402500 1%
#402625 1,
#403250 0)
#403500 1# 0$ 0% 0'
#403750 0*
#404750 1*
#405375 1%
#405625 0*
#406625 1*
#406875 1)
#407125 1! 0" 1'
#408000 0)
#408125 0! 0% 0(
#408250 1"
#408375 0*
#409500 1*
#409625 1)
#409875 0#
#410000 1$ 1% 1(
#410750 0)
#411000 1# 0$ 0% 1& 0'
#411250 0*
#412250 1*
#412875 1%
#413125 0*
#414125 1*
#414375 1)
#414625 1! 0" 0& 1'
#415500 0)
#415625 0! 0(
#415750 1"
#415875 0*
#417000 1*
#417125 1)
#417500 1(
#418250 0)
#418375 0(
#418500 0" 0# 1$
#418750 0*
#419750 1*
#420375 1!
#420625 0*
#421625 1*
#422125 0!
#422250 1"
#422500 0*
#423250 1)
#423500 0$ 1*
#423625 1# 1(
#424375 0)
#424500 0" 0(
#424625 1$
#424875 0*
#425875 1*
#426500 1!
#426750 0*
#427750 1*
#428250 0!
#428375 1"
#428625 0*
#429375 1)
#429625 1*
#430000 0# 0$ 0%
#430125 1& 1(
#430250 0,
#430875 0)
#431125 1! 1# 1$
#431375 0+
#432375 1+
#433125 1)
#433375 0! 0# 1% 0&
#433500 1,
#434125 0)
#434875 1# 0$ 0%
#435125 0*
#436125 1*
#437250 1%
#437500 0*
#438500 1*
#438625 1)
#439000 1! 0"
#439750 0)
#440000 0! 1" 0% 1& 0(
#440250 0*
#441250 1*
#441500 1)
#441750 0# 0& 1(
#441875 1$ 1%
#442625 0)
#442750 0$ 0%
#442875 1# 1&
#443125 0*
#444125 1*
#444750 1%
#445000 0*
#446000 1*
#446125 1)
#446375 0" 0&
#446500 1!
#447250 0)
#447500 0! 1" 1& 0(
#447750 0*
#448750 1*
#449000 1)
#449250 0& 1(
#450125 0)
#450250 0" 0# 0% 0(
#450375 0'
#450625 0*
#451625 1*
#452250 1!
#452500 0*
#453500 1*
#454000 0!
#454125 1"
#454375 0*
#455125 1)
#455375 1( 1*
#455500 1# 1% 1'
#456125 0)
#456375 0" 0# 0% 0' 0(
#456625 0*
#457625 1*
#458375 1! 00
#458500 0*
#459500 1*
#460125 0!
#460250 1"
#460375 0*
#461125 1)
#461375 1*
#461500 1& 1' 1(
#461625 0,
#462250 0)
#462500 0" 1%
#462750 0+
#463750 1+
#464000 1)
#464250 0&
#464375 1$ 1,
#465125 0)
#465250 0$ 0% 0' 0(
#465375 1" 1# 10
#465625 0*
#466625 1*
#467250 1%
#467500 0*
#468500 1*
#468625 1)
#468875 0"
#469000 1' 1(
#469750 0)
#470000 1" 0% 0' 0(
#470250 0*
#471250 1*
#471500 1)
#471750 0" 0# 1% 1' 1(
#471875 1$
#472625 0)
#472750 0$ 0% 0' 0(
#472875 1" 1#
#473000 0*
#474125 1*
#474750 1%
#475000 0*
#476000 1*
#476125 1)
#476375 0"
#476500 1' 1(
#477250 0)
#477500 1" 0% 0' 0(
#477750 0*
#478750 1*
#479000 1)
#479250 1% 1' 1(
#480125 0)
#480250 0" 0# 0% 0' 0(
#480500 0*
#481625 1*
#482250 1!
#482500 0*
#483500 1*
#484000 0!
#484125 1"
#484250 0*
#485125 1)
#485375 1' 1( 1*
#485500 1# 1%
#486125 0)
#486375 0" 0# 0% 0' 0(
#486625 0*
#487625 1*
#488250 1!
#488500 0*
#489500 1*
#490125 0!
#490250 1"
#490375 0*
#491125 1)
#491375 1*
#491500 1& 1' 1(
#491625 0,
#492250 0)
#492500 1! 0" 1%
#492750 0+
#493750 1+
#494000 1)
#494250 0! 1$ 0&
#494375 1,
#495125 0)
#495250 0$ 0% 0' 0(
#495375 1" 1#
#495500 0*
#496625 1*
#497250 1%
#497375 0*
#498500 1*
#498625 1)
#498875 0"
#499000 1' 1(
#499750 0)
#500000 1" 0% 0' 0(
#500250 0*
#501250 1*
#501500 1)
#501750 0" 0# 1$ 1% 1' 1(
#502625 0)
#502750 0$ 0% 0' 0(
#502875 1" 1#
#503000 0*
#504125 1*
#504750 1%
#504875 0*
#506000 1*
#506125 1)
#506375 0"
#506500 1' 1(
#507250 0)
#507500 1" 0% 0' 0(
#507750 0*
#508750 1*
#509000 1)
#524250 0# 1& 1' 1(
#524375 0,
#525125 0)
#525375 1%
#525625 0+
#526625 1+
#526750 1)
#528000 1!
#528125 1# 1$ 1,
#528875 0)
#530500 1)
#533625 0! 0$ 0&
#534500 0)
#534625 0" 0# 0% 0' 0(
#535000 0*
#536000 1*
#536125 1)
#536500 1! 1" 1# 1$ 1% 1& 1' 1(
#537250 0)
#539000 1)
#540125 0)
#540625 0+
#541625 1+
#542250 00
#542500 0+
#543500 1+
#544375 0+
#545375 1+
#546250 0+
#547250 1+
#548375 1)
#548625 0! 0$ 0&
#549250 10
#549500 0)
#549625 0" 0% 0' 0(
#550000 0*
#551000 1*
#551125 1)
#551375 0#
#551500 1" 1& 1' 1(
#551625 0,
#552250 0)
#552500 1!
#552625 1%
#552750 0+
#553750 1+
#554000 1)
#554250 0& 0' 0(
#554375 1$ 1,
#555125 0) 0-
#555250 0! 0" 0$ 0%
#555375 1(
#555625 0*
#556625 1*
#557250 1!
#557500 0*
#558500 1*
#559000 0!
#559125 1"
#559375 0*
#560375 1*
#561000 1!
#561250 0*
#562250 1*
#563375 1) 1-
#563625 0!
#563750 1# 1% 1'
#564500 0)
#564750 0" 0# 1$ 0% 0' 0(
#565000 0*
#566000 1*
#566250 1)
#566500 1! 1" 1# 1% 1& 1' 1(
#567250 0)
#569000 1)
#569250 0# 0& 0' 0(
#570125 0) 0-
#570250 0!
#570375 0" 1# 0$ 0% 1(
#570625 0*
#571625 1*
#572250 1!
#572500 0*
#573500 1*
#574000 0!
#574125 1"
#574375 0*
#575375 1*
#576000 1!
#576250 0*
#577250 1*
#578375 1)
#578500 1-
#578625 0!
#578750 1% 1'
#579500 0)
#579750 0" 1$ 0% 0' 0(
#580000 0*
#581000 1*
#581250 1)
#581500 1! 1" 0$ 1' 1(
#581625 1&
#582375 0)
#582625 1$ 1%
#582875 0+
#583875 1+
#584000 1)
#584250 0& 0(
#584375 0# 0'
#585125 0) 0-
#585375 0! 0" 0% 1(
#585625 0*
#586625 1*
#587250 1!
#587500 0*
#588500 1*
#589125 0! 1"
#589375 0*
#590375 1*
#591000 1!
#591250 0*
#592250 1*
#593375 1)
#593500 1-
#593625 0!
#593750 1# 0$ 1% 1'
#594500 0)
#594750 0" 0# 0' 0(
#595000 0*
#596000 1*
#596250 1)
#596500 0% 1' 1(
#596625 1" 1& 0,
#597375 0)
#597500 0"
#597625 1# 1%
#597875 0+
#598875 1+
#599000 1)
#599250 0#
#599375 1! 1" 1$ 0& 0' 0(
#599500 1,
#600125 0) 0-
#600375 0! 0" 0% 1(
#600500 1#
#600625 0*
#601625 1*
#602250 1!
#602500 0*
#603500 1*
#604125 0!
#604250 1"
#604375 0*
#605375 1*
#606000 1!
#606250 0*
#607250 1*
#608500 1) 1-
#608625 0!
#608750 0$ 1% 1'
#609500 0)
#609750 0" 0' 0(
#610000 0*
#611000 1*
#611250 1)
#611625 1! 1" 1$ 1& 1' 1(
#612375 0)
#614125 1)
#614375 0# 0& 0' 0(
#615125 0) 0-
#615375 0! 0" 0$ 1(
#615625 0*
#616750 1*
#617375 1!
#617500 0*
#618625 1*
#619125 0!
#619250 1"
#619375 0*
#620500 1*
#621125 1!
#621250 0*
#622375 1*
#623500 1) 1-
#623750 0! 1# 1'
#624625 0)
#624750 0" 0# 0' 0(
#624875 1$
#625000 0*
#626125 1* 00
#626250 1)
#626500 0$ 0%
#626625 1" 1& 1' 1( 0,
#627375 0)
#627625 1! 0" 1# 1%
#627875 0+
#628875 1+
#629125 1)
#629375 1" 0# 1$ 0& 0' 0(
#629500 1,
#630125 0-
#630250 0)
#630375 0! 0" 0$
#630500 1# 1(
#630750 0*
#631750 1*
#632375 1!
#632625 0*
#633000 10
#633625 1*
#634125 0!
#634250 1"
#634500 0*
#635500 1*
#636125 1!
#636375 0*
#637375 1*
#638500 1) 1-
#638750 0! 1'
#639625 0)
#639750 0" 0' 0(
#639875 1$
#640125 0*
#641125 1*
#641250 1)
#641500 0# 0%
#641625 1& 1' 1(
#642375 0)
#642625 1! 1" 1# 1%
#642875 0*
#643875 1*
#644125 1)
#644375 0# 0& 0' 0(
#645250 0) 0-
#645375 0! 0"
#645500 1(
#645750 0*
#646750 1*
#647375 1!
#647625 0*
#648625 1*
#649125 0!
#649250 1"
#649500 0*
#650500 1*
#651125 1!
#651375 0*
#652375 1*
#653500 1) 1-
#653750 0! 0$
#653875 1# 1'
#654625 0)
#654875 0" 0# 0% 1& 0' 0(
#655125 0*
#656125 1*
#656375 1)
#656625 1" 1' 1(
#656750 0,
#657375 0)
#657750 1# 1%
#658000 0+
#659000 1+
#659125 1)
#659375 0# 0& 0' 0(
#659500 1! 1$ 1,
#660250 0) 0-
#660375 0!
#660500 0" 1# 1(
#660750 0*
#661750 1*
#662375 1!
#662625 0*
#663625 1*
#664125 0!
#664250 1"
#664500 0*
#665500 1*
#666125 1!
#666375 0*
#667375 1*
#668500 1)
#668625 1-
#668750 0! 0$
#668875 1'
#669625 0)
#669875 0" 0% 1& 0' 0(
#670125 0*
#671125 1*
#671375 1)
#671625 1! 1' 1(
#671750 1" 1$ 1%
#672500 0)
#674125 1)
#674375 0' 0(
#674500 0# 0&
#675250 0) 0-
#675500 0! 0" 0$ 0% 1& 1(
#675750 0*
#676750 1*
#677375 1!
#677625 0*
#678625 1*
#679250 0! 1"
#679500 0*
#680500 1*
#681125 1!
#681375 0*
#682375 1*
#683500 1)
#683625 1-
#683750 0! 0&
#683875 1# 1% 1'
#684625 0)
#684875 0" 0# 1$ 0% 1& 0' 0(
#685125 0*
#686125 1*
#686375 1)
#686625 0$ 1' 1(
#686750 1" 0,
#687500 0)
#687750 1! 1# 1%
#688000 0+
#689000 1+
#689125 1)
#689375 0#
#689500 1$ 0& 0' 0(
#689625 1,
#690250 0) 0-
#690500 0! 0" 0$ 0% 1& 1(
#690625 1#
#690750 0*
#691750 1*
#692375 1!
#692625 0*
#693625 1*
#694250 0! 1"
#694500 0*
#695500 1*
#696125 1!
#696375 0*
#697375 1*
#698625 1) 1-
#698750 0!
#698875 1% 0& 1'
#699625 0)
#699875 0" 0% 1& 0' 0(
#700000 1$
#700125 0*
#701125 1*
#701375 1)
#701625 0#
#701750 1! 1' 1(
#702500 0)
#702750 1" 1# 1%
#703000 0+
#704000 1+
#704125 1)
#704500 0# 0& 0' 0(
#705250 0) 0-
#705500 0! 0" 0% 1(
#705625 1&
#705750 0*
#706750 1*
#707375 1!
#707625 0*
#708625 1*
#709250 0!
#709375 1"
#709500 0*
#710000 00
#710500 1*
#711125 1!
#711375 0*
#712375 1*
#713625 1) 1-
#713875 0! 1# 0$ 1% 0& 1'
#714625 0)
#714875 0" 0# 1& 0' 0(
#715125 0*
#716125 1*
#716375 1)
#716625 0%
#716750 1" 1' 1( 0,
#716875 10
#717500 0)
#717750 0" 1$ 1%
#718000 0+
#719000 1+
#719250 1)
#719500 1! 1" 0& 0' 0(
#719625 1,
#720250 0) 0-
#720500 0! 0" 0% 1(
#720625 1# 1&
#720750 0*
#721750 1*
#722375 1!
#722625 0*
#723625 1*
#724250 0!
#724375 1"
#724500 0*
#725500 1*
#726125 1!
#726375 0*
#727375 1*
#728625 1) 1-
#728875 0! 0$ 1% 0& 1'
#729625 0)
#729875 0" 0' 0(
#730000 1&
#730125 0*
#731125 1*
#731375 1)
#731750 1! 1" 1$ 1' 1(
#732500 0)
#734250 1)
#734500 0# 0& 0' 0(
#735250 0) 0-
#735500 0! 0" 0$ 1(
#735625 1&
#735750 0*
#736750 1*
#737375 1!
#737625 0*
#738625 1*
#739250 0!
#739375 1"
#739500 0*
#740500 1*
#741125 1!
#741375 0*
#742375 1*
#743625 1) 1-
#743875 0! 1# 0& 1'
#744625 0)
#744875 0" 0# 0' 0(
#745000 1$ 1&
#745125 0*
#746125 1*
#746375 1)
#746625 0$ 0%
#746750 1" 1' 1( 0,
#747500 0)
#747750 1! 0" 1$ 1%
#748000 0+
#749000 1+
#749250 1)
#749500 1" 0& 0' 0(
#749625 1,
#750250 0) 0-
#750500 0! 0" 0$ 1(
#750625 1# 1&
#750750 0*
#751750 1*
#752375 1!
#752625 0*
#753625 1*
#754250 0!
#754375 1"
#754500 0*
#755500 1*
#756125 1!
#756375 0*
#757375 1*
#758625 1) 1-
#758875 0! 0& 1'
#759625 0)
#759875 0" 0' 0(
#760000 1$ 1&
#760125 0*
#761125 1*
#761375 1)
#761625 0# 0%
#761750 1" 1' 1(
#762500 0)
#762750 1! 1# 1%
#763000 0*
#764000 1*
#764250 1)
#764500 0# 0& 0' 0(
#765250 0) 0-
#765500 0! 0" 1(
#765625 1&
#765750 0*
#766750 1*
#767375 1!
#767625 0*
#768625 1*
#769250 0!
#769375 1"
#769500 0*
#770500 1*
#771125 1!
#771375 0*
#772375 1*
#773625 1) 1-
#773875 0! 1# 0$ 0& 1'
#774625 0)
#774875 0" 0# 0% 0(
#775125 0*
#776125 1*
#776375 1)
#776750 1" 1& 1( 0,
#777500 0)
#777750 1$ 1%
#778000 0+
#779000 1+
#779250 1)
#779500 1! 0& 0' 0(
#779625 1,
#780250 0) 0-
#780500 0! 0" 1& 1(
#780625 1#
#780750 0*
#781750 1*
#782375 1!
#782625 0*
#783625 1*
#784250 0! 1"
#784500 0*
#785500 1*
#786125 1!
#786375 0*
#787375 1*
#788500 1)
#788625 1-
#788750 0!
#788875 0$ 0& 1'
#789625 0)
#789875 0" 0% 0(
#790125 0*
#791125 1*
#791375 1)
#791750 1! 1" 1$ 1% 1& 1(
#792500 0)
#793750 00
#794125 1)
#794500 0# 0& 0' 0(
#795250 0) 0-
#795500 0! 0" 0$ 0% 1' 1(
#795750 0*
#796750 1*
#797375 1!
#797625 0*
#798625 1*
#799250 0! 1"
#799500 0*
#800500 1*
#800750 10
#801125 1!
#801375 0*
#802375 1*
#803500 1)
#803625 1-
#803750 0!
#803875 1# 1%
#804625 0)
#804875 0" 0# 1$ 0% 0(
#805125 0*
#806125 1*
#806375 1)
#806625 0$ 1(
#806750 1" 1& 0,
#807500 0)
#807750 1! 1$ 1%
#808000 0+
#809000 1+
#809125 1)
#809375 0& 0(
#809500 0'
#809625 1,
#810250 0) 0-
#810500 0! 0" 1# 0$ 0% 1' 1(
#810750 0*
#811750 1*
#812375 1!
#812625 0*
#813625 1*
#814250 0! 1"
#814500 0*
#815500 1*
#816125 1!
#816375 0*
#817375 1*
#818500 1)
#818625 1-
#818750 0!
#818875 1%
#819625 0)
#819875 0" 1$ 0% 0(
#820125 0*
#821125 1*
#821375 1)
#821625 1! 1" 0# 1& 1(
#822500 0)
#822750 1# 1%
#823000 0+
#824000 1+
#824125 1)
#824375 0# 0& 0' 0(
#825250 0) 0-
#825375 0!
#825500 0" 0% 1' 1(
#825750 0*
#826750 1*
#827375 1!
#827625 0*
#828625 1*
#829125 0!
#829250 1"
#829500 0*
#830500 1*
#831125 1!
#831375 0*
#832375 1*
#833500 1)
#833625 1-
#833750 0! 0$
#833875 1# 1%
#834625 0)
#834750 0#
#834875 0" 0(
#835125 0*
#836125 1*
#836375 1)
#836625 1" 0% 1& 1(
#836750 0,
#837375 0)
#837625 0"
#837750 1# 1$ 1%
#837875 0+
#839000 1+
#839125 1)
#839375 1! 0# 0& 0' 0(
#839500 1" 1,
#840250 0) 0-
#840375 0! 0"
#840500 1# 0% 1' 1(
#840750 0*
#841750 1*
#842375 1!
#842625 0*
#843625 1*
#844125 0!
#844250 1"
#844500 0*
#845500 1*
#846125 1!
#846375 0*
#847375 1*
#848500 1) 1-
#848750 0! 0$
#848875 1%
#849625 0)
#849750 0" 0(
#850125 0*
#851125 1*
#851250 1)
#851625 1! 1" 1$ 1& 1(
#852375 0)
#854125 1)
#854375 0# 0& 0' 0(
#855125 0-
#855250 0)
#855375 0! 0" 0$
#855500 1' 1(
#855750 0*
#856750 1*
#857375 1!
#857625 0*
#858625 1*
#859125 0!
#859250 1"
#859500 0*
#860500 1*
#861125 1!
#861375 0*
#862375 1*
#863500 1) 1-
#863750 0!
#863875 1#
#864625 0)
#864750 0" 0# 0(
#864875 1$
#865125 0*
#866125 1*
#866250 1)
#866500 0$ 0%
#866625 1" 1& 1(
#866750 0,
#867375 0)
#867625 1! 0" 1# 1$ 1%
#867875 0+
#868875 1+
#869125 1)
#869375 1" 0# 0& 0' 0(
#869500 1,
#870125 0-
#870250 0)
#870375 0! 0" 0$
#870500 1# 1' 1(
#870750 0*
#871750 1*
#872375 1!
#872625 0*
#873625 1*
#874125 0!
#874250 1"
#874500 0*
#875500 1*
#876125 1!
#876375 0*
#877375 1*
#877625 00
#878500 1) 1-
#878750 0!
#879625 0)
#879750 0" 0(
#879875 1$
#880000 0*
#881125 1*
#881250 1)
#881500 0%
#881625 1& 1(
#882375 0)
#882625 1! 1" 1%
#882875 0*
#883875 1*
#884125 1)
#884375 0# 0& 0' 0(
#884625 10
#885125 0-
#885250 0)
#885375 0! 0"
#885500 1' 1(
#885625 0*
#886750 1*
#887375 1!
#887500 0*
#888625 1*
#889125 0!
#889250 1"
#889375 0*
#890500 1*
#891125 1!
#891250 0*
#892375 1*
#893500 1) 1-
#893750 0! 1# 0$
#894500 0)
#894750 0" 0# 0% 0(
#894875 1&
#895000 0*
#896125 1*
#896250 1)
#896625 1" 1( 0,
#897375 0)
#897625 1# 1$ 1%
#897875 0+
#898875 1+
#899125 1)
#899375 1! 0# 0& 0' 0(
#899500 1,
#900125 0) 0-
#900375 0! 0" 1(
#900500 1# 1'
#900625 0*
#901750 1*
#902250 1!
#902500 0*
#903500 1*
#904125 0!
#904250 1"
#904375 0*
#905375 1*
#906000 1!
#906250 0*
#907250 1*
#908500 1) 1-
#908750 0! 0$
#909500 0)
#909750 0" 0% 0(
#909875 1&
#910000 0*
#911000 1*
#911250 1)
#911625 1! 1" 1$ 1% 1(
#912375 0)
#914125 1)
#914375 0# 0& 0' 0(
#915125 0) 0-
#915375 0! 0" 0$ 0% 1' 1(
#915500 1&
#915625 0*
#916625 1*
#917250 1!
#917500 0*
#918500 1*
#919125 0!
#919250 1"
#919375 0*
#920375 1*
#921000 1!
#921250 0*
#922250 1*
#923500 1) 1-
#923625 0!
#923750 1# 1% 0&
#924500 0)
#924750 0" 0# 0% 0(
#924875 1$ 1&
#925000 0*
#926000 1*
#926250 1)
#926500 0$
#926625 1" 1( 0,
#927375 0)
#927625 1! 1# 1$ 1%
#927875 0+
#928875 1+
#929125 1)
#929375 0# 0& 0' 0(
#929500 1,
#930125 0) 0-
#930375 0! 0" 0$ 0% 1' 1(
#930500 1# 1&
#930625 0*
#931625 1*
#932250 1!
#932500 0*
#933500 1*
#934125 0!
#934250 1"
#934375 0*
#935375 1*
#936000 1!
#936250 0*
#937250 1*
#938500 1) 1-
#938625 0!
#938750 1% 0&
#939500 0)
#939750 0" 0% 0(
#939875 1$ 1&
#940000 0*
#941000 1*
#941250 1)
#941625 1! 1(
#942375 0)
#942625 1" 1%
#942875 0+
#943875 1+
#944125 1)
#944375 0# 0& 0' 0(
#945125 0) 0-
#945375 0! 0" 0% 1' 1(
#945500 1&
#945625 0*
#946625 1*
#947250 1!
#947500 0*
#948500 1*
#949125 0!
#949250 1"
#949375 0*
#950375 1*
#951000 1!
#951250 0*
#952250 1*
#953500 1) 1-
#953750 0! 1# 0$ 1% 0&
#954500 0)
#954750 0" 0# 1& 0(
#955000 0*
#956000 1*
#956250 1)
#956625 1! 1" 1# 1$ 1(
#957375 0)
#959125 1)
#959375 0# 0& 0' 0(
#960125 0) 0-
#960375 0! 0" 0% 1(
#960500 1# 1& 1'
#960625 0*
#961500 00
#961750 1*
#962250 1!
#962500 0*
#963500 1*
#964125 0!
#964250 1"
#964375 0*
#965375 1*
#966000 1!
#966250 0*
#967250 1*
#968500 1) 1- 10
#968750 0! 0$ 1% 0&
#969500 0)
#969750 0" 0(
#969875 1&
#970000 0*
#971125 1*
#971250 1)
#971625 1! 1" 1$ 1(
#972375 0)
#974125 1)
#974375 0# 0& 0' 0(
#975125 0) 0-
#975375 0! 0" 0$ 1(
#975500 1& 1'
#975625 0*
#976750 1*
#977375 1!
#977500 0*
#978625 1*
#979125 0!
#979250 1"
#979375 0*
#980500 1*
#981125 1!
#981250 0*
#982375 1*
#983500 1) 1-
#983750 0! 1# 0&
#984625 0)
#984750 0" 0# 0(
#984875 1$ 1&
#985000 0*
#986125 1*
#986250 1)
#986500 0$ 0%
#986625 1! 1" 1( 0,
#987375 0)
#987625 0! 0" 0& 0' 0(
#987875 0+
#988875 1+
#989125 1)
#989375 1! 1"
#989500 1$ 1% 1,
#990125 0-
#990250 0)
#990375 0! 0" 0$
#990500 1# 1& 1' 1(
#990750 0*
#991750 1*
#992375 1!
#992625 0*
#993625 1*
#994125 0!
#994250 1"
#994500 0*
#995500 1*
#996125 1!
#996375 0*
#997375 1*
#998500 1) 1-
#998750 0! 0&
#999625 0)
#999750 0" 0(
#999875 1$ 1&
#1000125 0*
#1001125 1*
#1001250 1)
#1001500 0%
#1001625 1" 1(
#1002375 0)
#1002625 1! 1%
#1002875 0*
#1003875 1*
#1004125 1)
#1004375 0# 0& 0' 0(
#1005125 0-
#1005250 0)
#1005375 0! 0"
#1005500 1& 1' 1(
#1005750 0*
#1006750 1*
#1007375 1!
#1007625 0*
#1008625 1*
#1009125 0!
#1009250 1"
#1009500 0*
#1010500 1*
#1011125 1!
#1011375 0*
#1012375 1*
#1013500 1) 1-
#1013875 1#
#1014625 0)
#1015125 0+
#1016125 1+
#1016375 1)
#1016625 0# 0$ 0%
#1016750 0,
#1017375 0)
#1017625 0" 0& 0' 0(
#1017875 0+
#1019000 1+
#1019125 1)
#1019500 1" 1$ 1% 1,
#1020250 0) 0-
#1020375 0! 0"
#1020500 1# 1& 1' 1(
#1020750 0*
#1021750 1*
#1022375 1!
#1022625 0*
#1023625 1*
#1024125 0!
#1024250 1"
#1024500 0*
#1025500 1*
#1026125 1!
#1026375 0*
#1027375 1*
#1028500 1)
#1028625 1-
#1028750 0! 0$ 0&
#1029625 0)
#1029875 0" 0# 0(
#1030125 0*
#1031125 1*
#1031750 1!
#1032000 0*
#1033000 1*
#1033500 0!
#1033625 1"
#1033875 0*
#1034625 1)
#1034875 1*
#1035000 1# 1(
#1035750 0)
#1035875 0(
#1036000 0"
#1036250 0*
#1037250 1*
#1037875 1!
#1038125 0*
#1039125 1*
#1039625 0!
#1039750 1"
#1040000 0*
#1040750 1)
#1041000 1! 0# 0% 1( 1*
#1041125 1& 0,
#1041875 0)
#1042000 0! 0& 0' 0(
#1042375 0+
#1043375 1+
#1043500 1)
#1043875 1$ 1% 1' 1(
#1044000 1,
#1044625 0)
#1044875 1! 1# 0$ 0% 0'
#1045125 0*
#1045375 00
#1046125 1*
#1046750 1%
#1047000 0*
#1048000 1*
#1048250 1)
#1048500 0" 1'
#1049375 0)
#1049500 0% 0(
#1049625 1"
#1049875 0*
#1050875 1*
#1051000 1)
#1051250 0!
#1051375 0# 1$ 1% 1(
#1052125 0)
#1052250 10
#1052375 1! 1# 0$ 0% 1& 0'
#1052625 0*
#1053625 1*
#1054250 1%
#1054500 0*
#1055500 1*
#1055750 1)
#1056000 0" 0&
#1056125 1'
#1056875 0)
#1057000 0(
#1057125 1"
#1057375 0*
#1058375 1*
#1058625 1)
#1058750 0!
#1058875 1(
#1059625 0)
#1059875 0" 0# 0(
#1060000 1$
#1060125 0*
#1061125 1*
#1061750 1!
#1062000 0*
#1063000 1*
#1063625 0!
#1063750 1"
#1063875 0*
#1064625 1)
#1064875 0$ 1*
#1065000 1# 1(
#1065750 0)
#1066000 0" 1$ 0(
#1066250 0*
#1067250 1*
#1067875 1!
#1068125 0*
#1069125 1*
#1069750 0! 1"
#1070000 0*
#1070750 1)
#1071000 1*
#1071500 1! 0# 0$ 0% 1(
#1071625 1& 0,
#1072375 0)
#1072500 0& 0' 0(
#1072875 0+
#1073875 1+
#1074500 1)
#1074750 0!
#1074875 1$ 1% 1' 1( 1,
#1075625 0)
#1076250 0$ 0%
#1076375 1! 1#
#1076625 0*
#1077625 1*
#1078750 1%
#1079000 0*
#1080000 1*
#1080125 1)
#1080375 0"
#1081250 0)
#1081500 1" 0% 1& 0(
#1081750 0*
#1082750 1*
#1083000 1)
#1083250 0! 0# 1% 0& 1(
#1083375 1$
#1084125 0)
#1084250 0$ 0%
#1084375 1! 1# 1&
#1084625 0*
#1085625 1*
#1086250 1%
#1086500 0*
#1087500 1*
#1087625 1)
#1087875 0" 0&
#1088750 0)
#1089000 1" 1& 0(
#1089250 0*
#1090250 1*
#1090500 1)
#1090750 0! 0& 1(
#1091625 0)
#1091750 0" 0# 0% 0' 0(
#1092125 0*
#1093125 1*
#1093750 1!
#1094000 0*
#1095000 1*
#1095500 0!
#1095625 1"
#1095875 0*
#1096625 1)
#1096875 1*
#1097000 1# 1% 1' 1(
#1097750 0)
#1097875 0" 0# 0% 0' 0(
#1098125 0*
#1099250 1*
#1099875 1!
#1100125 0*
#1101125 1*
#1101625 0!
#1101750 1"
#1102000 0*
#1102750 1)
#1103000 1! 1& 1' 1( 1*
#1103125 0,
#1103750 0)
#1104000 0! 0" 0& 0' 0(
#1104125 1#
#1104250 0+
#1105375 1+
#1105500 1)
#1105750 0#
#1105875 1$ 1% 1' 1( 1,
#1106625 0)
#1106750 0$ 0% 0' 0(
#1106875 1! 1" 1#
#1107125 0*
#1108125 1*
#1108750 1%
#1109000 0*
#1110000 1*
#1110250 1)
#1110375 0!
#1110500 0" 1' 1(
#1111250 0)
#1111500 1! 1" 0% 0' 0(
#1111750 0*
#1112750 1*
#1113000 1)
#1113250 0! 0" 0#
#1113375 1$ 1% 1' 1(
#1114125 0)
#1114250 0(
#1114375 1! 1" 1# 0$ 0% 0'
#1114625 0*
#1115625 1*
#1116250 1%
#1116500 0*
#1117500 1*
#1117750 1)
#1118000 0! 0" 1' 1(
#1118875 0)
#1119000 1! 0% 0' 0(
#1119125 1"
#1119250 0*
#1120375 1*
#1120500 1)
#1120750 0!
#1120875 1% 1' 1(
#1121625 0)
#1121875 0" 0# 0% 0' 0(
#1122125 0*
#1123125 1*
#1123750 1!
#1124000 0*
#1125000 1*
#1125500 0!
#1125625 1"
#1125875 0*
#1126625 1)
#1126875 1*
#1127000 1# 1% 1' 1(
#1127750 0)
#1127875 0# 0' 0(
#1128000 0" 0%
#1128250 0*
#1129125 00
#1129250 1*
#1129875 1!
#1130125 0*
#1131125 1*
#1131625 0!
#1131750 1"
#1132000 0*
#1132750 1)
#1133000 1! 1' 1( 1*
#1133125 1& 0,
#1133875 0)
#1134000 0" 0& 0' 0(
#1134125 1#
#1134375 0+
#1135375 1+
#1135500 1)
#1135750 0! 0#
#1135875 1$ 1% 1' 1(
#1136000 1,
#1136125 10
#1136625 0)
#1136875 1! 1" 1# 0$ 0% 0' 0(
#1137125 0*
#1138125 1*
#1138750 1%
#1139000 0*
#1140000 1*
#1140250 1)
#1140500 0! 0" 1' 1(
#1141375 0)
#1141500 0% 0' 0(
#1141625 1! 1"
#1141875 0*
#1142875 1*
#1143000 1)
#1143250 0! 0" 0#
#1143375 1$ 1% 1' 1(
#1144125 0)
#1144375 1! 1" 1# 0$ 0% 0' 0(
#1144625 0*
#1145625 1*
#1146250 1%
#1146500 0*
#1147500 1*
#1147750 1)
#1148000 0! 0" 1' 1(
#1148875 0)
#1149000 0% 0' 0(
#1149125 1! 1"
#1149375 0*
#1150375 1*
#1150500 1)
#1165750 0#
#1165875 1& 1' 1(
#1166000 0,
#1166625 0)
#1166875 0! 1# 0& 0' 0(
#1167125 0+
#1168125 1+
#1168375 1)
#1169625 1! 1$ 1% 1& 1' 1(
#1169750 1,
#1170375 0)
#1172125 1)
#1175125 0!
#1175250 0$ 0&
#1176000 0)
#1176250 0" 0# 0% 0' 0(
#1176500 0*
#1177500 1*
#1177750 1)
#1178125 1! 1" 1# 1$ 1% 1& 1' 1(
#1178875 0)
#1180500 1)
#1181625 0)
#1182125 0+
#1183125 1+
#1184000 0+
#1185000 1+
#1185875 0+
#1186875 1+
#1187750 0+
#1188750 1+
#1189875 1)
#1190250 0! 0$ 0&
#1191000 0)
#1191250 0" 0% 0' 0(
#1191500 0*
#1192500 1*
#1192750 1)
#1193000 0# 1(
#1193125 1! 1" 1& 1' 0,
#1193875 0)
#1194000 0& 0' 0(
#1194125 1#
#1194375 0+
#1195375 1+
#1195500 1)
#1195750 0! 0"
#1195875 1$ 1%
#1196000 1,
#1196625 0) 0-
#1196875 0# 0$ 0%
#1197125 0*
#1198125 1*
#1198750 1!
#1199000 0*
#1200000 1*
#1200625 0! 1"
#1200875 0*
#1201875 1*
#1202500 1!
#1202750 0*
#1203750 1*
#1204875 1)
#1205000 1-
#1205125 0!
#1205250 1# 1% 1' 1(
#1206000 0)
#1206250 0" 0# 1$ 0% 0' 0(
#1206500 0*
#1207500 1*
#1207750 1)
#1208000 1(
#1208125 1! 1" 1# 1% 1& 1'
#1208875 0)
#1210500 1)
#1210750 0! 0" 0&
#1210875 0' 0(
#1211625 0) 0-
#1211875 0$ 0%
#1212125 0*
#1213000 00
#1213125 1*
#1213750 1!
#1214000 0*
#1215000 1*
#1215625 0! 1"
#1215875 0*
#1216875 1*
#1217500 1!
#1217750 0*
#1218750 1*
#1219875 1)
#1220000 1- 10
#1220125 0!
#1220250 1% 1' 1(
#1221000 0)
#1221250 0" 1$ 0% 0' 0(
#1221500 0*
#1222500 1*
#1222750 1)
#1223000 1! 1" 1' 1(
#1223125 1&
#1223875 0)
#1224125 1%
#1224375 0+
#1225375 1+
#1225500 1)
#1225750 0! 0" 0& 0' 0(
#1226625 0) 0-
#1226875 0# 0%
#1227125 0*
#1228125 1*
#1228750 1!
#1229000 0*
#1230000 1*
#1230500 0!
#1230625 1"
#1230875 0*
#1231875 1*
#1232500 1!
#1232750 0*
#1233750 1*
#1234875 1)
#1235000 1-
#1235125 0! 0$
#1235250 1# 1% 1' 1(
#1236000 0)
#1236125 0(
#1236250 0" 0# 0'
#1236500 0*
#1237500 1*
#1237750 1)
#1238000 1! 1" 0% 1& 1' 1(
#1238125 0,
#1238750 0)
#1239000 0! 0" 0& 0' 0(
#1239125 1$
#1239250 0+
#1240375 1+
#1240500 1)
#1240875 1# 1% 1,
#1241625 0) 0-
#1241750 0%
#1242125 0*
#1243125 1*
#1243750 1!
#1244000 0*
#1245000 1*
#1245500 0!
#1245625 1"
#1245875 0*
#1246875 1*
#1247500 1!
#1247750 0*
#1248750 1*
#1249875 1) 1-
#1250125 0! 0$ 1(
#1250250 1% 1'
#1251000 0)
#1251125 0' 0(
#1251250 0"
#1251500 0*
#1252500 1*
#1252750 1)
#1253000 1! 1" 1$ 1& 1' 1(
#1253750 0)
#1255500 1)
#1255750 0! 0" 0& 0' 0(
#1256500 0-
#1256625 0)
#1256750 0# 0$
#1257125 0*
#1258125 1*
#1258750 1!
#1259000 0*
#1260000 1*
#1260500 0!
#1260625 1"
#1260875 0*
#1261875 1*
#1262500 1!
#1262750 0*
#1263750 1*
#1264875 1) 1-
#1265125 0! 1' 1(
#1265250 1#
#1266000 0)
#1266125 0" 0# 0' 0(
#1266250 1$
#1266500 0*
#1267500 1*
#1267625 1)
#1267875 0$ 0%
#1268000 1! 1" 1& 1' 1(
#1268125 0,
#1268750 0)
#1269000 0" 1$ 0& 0' 0(
#1269250 0+
#1270250 1+
#1270500 1)
#1270750 0!
#1270875 1# 1% 1,
#1271500 0-
#1271625 0)
#1271750 0$
#1272125 0*
#1273125 1*
#1273750 1!
#1274000 0*
#1275000 1*
#1275500 0!
#1275625 1"
#1275875 0*
#1276875 1*
#1277500 1!
#1277750 0*
#1278750 1*
#1279875 1) 1-
#1280125 0! 1' 1(
#1281000 0)
#1281125 0" 0' 0(
#1281250 1$
#1281500 0*
#1282500 1*
#1282625 1)
#1282875 0# 0$
#1283000 1& 1' 1(
#1283750 0)
#1284000 1! 1" 1# 1$
#1284250 0*
#1285250 1*
#1285500 1)
#1285750 0! 0" 0& 0' 0(
#1286500 0-
#1286625 0)
#1286750 0#
#1287000 0*
#1288125 1*
#1288750 1!
#1288875 0*
#1290000 1*
#1290500 0!
#1290625 1"
#1290750 0*
#1291875 1*
#1292500 1!
#1292625 0*
#1293750 1*
#1294875 1) 1-
#1295125 0! 1# 0$ 1' 1(
#1296000 0)
#1296125 0" 0# 0% 0' 0(
#1296250 1&
#1296375 0*
#1296875 00
#1297500 1*
#1297625 1)
#1298000 1! 1" 1' 1( 0,
#1298750 0)
#1299000 0! 1$ 0& 0' 0(
#1299250 0+
#1300250 1+
#1300500 1)
#1300750 0" 1# 1%
#1300875 1,
#1301500 0) 0-
#1302000 0*
#1303000 1*
#1303750 1!
#1303875 0* 10
#1304875 1*
#1305500 0!
#1305625 1"
#1305750 0*
#1306750 1*
#1307375 1!
#1307625 0*
#1308625 1*
#1309875 1) 1-
#1310125 0! 0$ 1' 1(
#1310875 0)
#1311125 0" 0% 0' 0(
#1311250 1&
#1311375 0*
#1312375 1*
#1312625 1)
#1313000 1! 1" 1$ 1% 1' 1(
#1313750 0)
#1315500 1)
#1315750 0! 0" 0& 0' 0(
#1316500 0) 0-
#1316750 0# 0$ 0% 1&
#1317000 0*
#1318000 1*
#1318625 1!
#1318875 0*
#1319875 1*
#1320500 0! 1"
#1320750 0*
#1321750 1*
#1322375 1!
#1322625 0*
#1323625 1*
#1324875 1) 1-
#1325000 0!
#1325125 1# 1% 0& 1' 1(
#1325875 0)
#1326125 0" 0# 0% 1& 0' 0(
#1326250 1$
#1326375 0*
#1327375 1*
#1327625 1)
#1327875 0$ 1(
#1328000 1! 1" 1' 0,
#1328750 0)
#1328875 0& 0' 0(
#1329000 1$
#1329250 0+
#1330250 1+
#1330375 1)
#1330625 0! 0"
#1330750 1# 1%
#1330875 1,
#1331500 0) 0-
#1331750 0$ 0% 1&
#1332000 0*
#1333000 1*
#1333625 1!
#1333875 0*
#1334875 1*
#1335500 0! 1"
#1335750 0*
#1336750 1*
#1337375 1!
#1337625 0*
#1338625 1*
#1339750 1)
#1339875 1-
#1340000 0! 0&
#1340125 1% 1' 1(
#1340875 0)
#1341125 0" 1$ 0% 1& 0' 0(
#1341375 0*
#1342375 1*
#1342625 1)
#1342875 0# 0$ 1' 1(
#1343000 1! 1%
#1343750 0)
#1344000 1" 1# 1$
#1344250 0+
#1345250 1+
#1345375 1)
#1345750 0! 0" 0& 0' 0(
#1346500 0) 0-
#1346750 0# 0% 1&
#1347000 0*
#1348000 1*
#1348625 1!
#1348875 0*
#1349875 1*
#1350500 0! 1"
#1350750 0*
#1351750 1*
#1352375 1!
#1352625 0*
#1353625 1*
#1354750 1)
#1354875 1-
#1355000 0! 0&
#1355125 1# 0$ 1% 1' 1(
#1355875 0)
#1356125 0" 0# 1& 0' 0(
#1356375 0*
#1357375 1*
#1357625 1)
#1357875 1! 0% 1' 1(
#1358000 1" 0,
#1358750 0)
#1358875 0! 0" 0& 0' 0(
#1359000 1# 1$
#1359250 0+
#1360250 1+
#1360375 1)
#1360750 1%
#1360875 1,
#1361500 0) 0-
#1361750 0% 1&
#1362000 0*
#1363000 1*
#1363625 1!
#1363875 0*
#1364875 1*
#1365500 0! 1"
#1365750 0*
#1366750 1*
#1367375 1!
#1367625 0*
#1368625 1*
#1369750 1)
#1369875 1-
#1370000 0! 0&
#1370125 0$ 1% 1' 1(
#1370875 0)
#1371125 0" 1& 0' 0(
#1371375 0*
#1372375 1*
#1372625 1)
#1372875 1(
#1373000 1! 1" 1$ 1'
#1373750 0)
#1375375 1)
#1375625 0!
#1375750 0" 0& 0' 0(
#1376500 0) 0-
#1376750 0# 0$ 1&
#1377000 0*
#1378000 1*
#1378625 1!
#1378875 0*
#1379875 1*
#1380500 0! 1"
#1380750 0* 00
#1381750 1*
#1382375 1!
#1382625 0*
#1383625 1*
#1384750 1)
#1384875 1-
#1385000 0! 0&
#1385125 1# 1' 1(
#1385875 0)
#1386125 0" 0# 1$ 1& 0' 0(
#1386375 0*
#1387375 1*
#1387625 1) 10
#1387875 1! 0$ 0% 1' 1(
#1388000 1" 0,
#1388750 0)
#1388875 0" 0& 0' 0(
#1389000 1# 1$
#1389250 0+
#1390250 1+
#1390375 1)
#1390625 0!
#1390750 1%
#1390875 1,
#1391500 0) 0-
#1391750 0$ 1&
#1392000 0*
#1393000 1*
#1393625 1!
#1393875 0*
#1394875 1*
#1395500 0! 1"
#1395750 0*
#1396750 1*
#1397375 1!
#1397625 0*
#1398625 1*
#1399750 1)
#1399875 1-
#1400000 0!
#1400125 0& 1' 1(
#1400875 0)
#1401125 0" 1$ 1& 0' 0(
#1401375 0*
#1402375 1*
#1402625 1)
#1402875 0# 0$ 1' 1(
#1403000 1"
#1403750 0)
#1404000 1! 1# 1$
#1404250 0*
#1405250 1*
#1405375 1)
#1405750 0! 0" 0& 0' 0(
#1406500 0) 0-
#1406750 0# 1&
#1407000 0*
#1408000 1*
#1408625 1!
#1408875 0*
#1409875 1*
#1410500 0! 1"
#1410750 0*
#1411750 1*
#1412375 1!
#1412625 0*
#1413625 1*
#1414875 1) 1-
#1415125 0! 1# 0$ 0& 1' 1(
#1415875 0)
#1416125 0" 0# 0% 0(
#1416375 0*
#1417375 1*
#1417625 1)
#1418000 1! 1" 1& 1( 0,
#1418750 0)
#1418875 0! 0(
#1419000 1# 1$ 0& 0'
#1419250 0+
#1420250 1+
#1420500 1)
#1420750 0" 1%
#1420875 1,
#1421500 0) 0-
#1421875 1&
#1422000 0*
#1423000 1*
#1423750 1!
#1423875 0*
#1424875 1*
#1425500 0!
#1425625 1"
#1425750 0*
#1426750 1*
#1427375 1!
#1427625 0*
#1428750 1*
#1429875 1) 1-
#1430125 0! 0$ 0& 1' 1(
#1431000 0)
#1431125 0" 0% 0(
#1431375 0*
#1432500 1*
#1432625 1)
#1433000 1! 1" 1$ 1% 1& 1(
#1433750 0)
#1435500 1)
#1435750 0! 0" 0& 0' 0(
#1436500 0-
#1436625 0)
#1436750 0# 0$ 0%
#1436875 1'
#1437000 0*
#1438125 1*
#1438750 1!
#1439000 0*
#1440000 1*
#1440500 0!
#1440625 1"
#1440875 0*
#1441875 1*
#1442500 1!
#1442750 0*
#1443750 1*
#1444875 1) 1-
#1445125 0! 1(
#1445250 1# 1%
#1446000 0)
#1446125 0" 0# 0% 0(
#1446250 1$
#1446500 0*
#1447500 1*
#1447625 1)
#1447875 0$
#1448000 1! 1" 1& 1(
#1448125 0,
#1448750 0)
#1449000 1# 1$ 0& 0' 0(
#1449250 0+
#1450250 1+
#1450500 1)
#1450750 0! 0"
#1450875 1% 1,
#1451500 0-
#1451625 0)
#1451750 0$ 0%
#1451875 1'
#1452125 0*
#1453125 1*
#1453750 1!
#1454000 0*
#1455000 1*
#1455500 0!
#1455625 1"
#1455875 0*
#1456875 1*
#1457500 1!
#1457750 0*
#1458750 1*
#1459875 1) 1-
#1460125 0! 1(
#1460250 1%
#1461000 0)
#1461125 0% 0(
#1461250 0" 1$
#1461500 0*
#1462500 1*
#1462750 1)
#1462875 0$
#1463000 1! 1" 0# 1% 1& 1(
#1463750 0)
#1464000 1$
#1464125 1#
#1464250 0+
#1464625 00
#1465375 1+
#1465500 1)
#1465750 0! 0" 0& 0' 0(
#1466625 0) 0-
#1466750 0# 0%
#1466875 1'
#1467125 0*
#1468125 1*
#1468750 1!
#1469000 0*
#1470000 1*
#1470500 0!
#1470625 1"
#1470875 0*
#1471500 10
#1471875 1*
#1472500 1!
#1472750 0*
#1473750 1*
#1474875 1)
#1475000 1-
#1475125 0! 0$
#1475250 1# 1% 1(
#1476000 0)
#1476250 0" 0# 0(
#1476500 0*
#1477500 1*
#1477750 1)
#1478000 1! 1" 0% 1& 1(
#1478125 0,
#1478875 0)
#1479000 0! 0" 0& 0' 0(
#1479125 1%
#1479375 0+
#1480375 1+
#1480500 1)
#1480875 1# 1$ 1,
#1481625 0) 0-
#1481875 0% 1'
#1482125 0*
#1483125 1*
#1483750 1!
#1484000 0*
#1485000 1*
#1485625 0! 1"
#1485875 0*
#1486875 1*
#1487500 1!
#1487750 0*
#1488750 1*
#1489875 1)
#1490000 1-
#1490125 0!
#1490250 0$ 1% 1(
#1491000 0)
#1491250 0" 0(
#1491500 0*
#1492500 1*
#1492750 1)
#1493000 1(
#1493125 1! 1" 1$ 1&
#1493875 0)
#1495500 1)
#1495875 0! 0" 0& 0' 0(
#1496625 0) 0-
#1496875 0# 0$ 1'
#1497125 0*
#1498125 1*
#1498750 1!
#1499000 0*
#1500000 1*
#1500625 0!
#1500750 1"
#1500875 0*
#1501875 1*
#1502500 1!
#1502750 0*
#1503750 1*
#1505000 1) 1-
#1505125 0!
#1505250 1# 1(
#1506000 0)
#1506250 0" 0# 0(
#1506375 1$
#1506500 0*
#1507500 1*
#1507750 1)
#1508000 0$ 0%
#1508125 1! 1" 1& 1( 0,
#1508875 0)
#1509000 0(
#1509125 0" 1% 0& 0'
#1509375 0+
#1510375 1+
#1510625 1)
#1510750 0!
#1510875 1# 1$
#1511000 1,
#1511625 0) 0-
#1511875 0$
#1512000 1'
#1512125 0*
#1513250 1*
#1513875 1!
#1514000 0*
#1515125 1*
#1515625 0!
#1515750 1"
#1515875 0*
#1517000 1*
#1517500 1!
#1517750 0*
#1518875 1*
#1520000 1) 1-
#1520250 0! 1(
#1521125 0)
#1521250 0" 0(
#1521375 1$
#1521500 0*
#1522625 1*
#1522750 1)
#1523000 0$
#1523125 1& 1(
#1523875 0)
#1524125 1! 1" 1$
#1524375 0*
#1525375 1*
#1525625 1)
#1525875 0! 0" 0& 0' 0(
#1526625 0-
#1526750 0)
#1526875 0#
#1527000 1'
#1527250 0*
#1528250 1*
#1528875 1!
#1529125 0*
#1530125 1*
#1530625 0!
#1530750 1"
#1531000 0*
#1532000 1*
#1532625 1!
#1532875 0*
#1533875 1*
#1535000 1) 1-
#1535250 0! 0$ 1(
#1535375 1#
#1536125 0)
#1536250 0" 0# 0% 0(
#1536375 1&
#1536625 0*
#1537625 1*
#1537750 1)
#1538125 1! 1" 1(
#1538250 0,
#1538875 0)
#1539125 0! 1% 0& 0' 0(
#1539375 0+
#1540375 1+
#1540625 1)
#1540875 0"
#1541000 1# 1$ 1,
#1541750 0) 0-
#1542000 1'
#1542250 0*
#1543250 1*
#1543875 1!
#1544125 0*
#1545125 1*
#1545625 0!
#1545750 1"
#1546000 0*
#1547000 1*
#1547625 1!
#1547875 0*
#1548375 00
#1548875 1*
#1550000 1) 1-
#1550250 0! 0$ 1(
#1551125 0)
#1551250 0(
#1551375 0" 0% 1&
#1551625 0*
#1552625 1*
#1552875 1)
#1553125 1! 1" 1$ 1% 1(
#1553875 0)
#1555375 10
#1555625 1)
#1555875 0! 0" 0& 0' 0(
#1556750 0) 0-
#1556875 0$ 0%
#1557000 0# 1& 1'
#1557250 0*
#1558250 1*
#1558875 1!
#1559125 0*
#1560125 1*
#1560625 0!
#1560750 1"
#1561000 0*
#1562000 1*
#1562625 1!
#1562875 0*
#1563875 1*
#1565000 1)
#1565125 1-
#1565250 0! 0&
#1565375 1# 1% 1(
#1566125 0)
#1566250 0(
#1566375 0" 0# 1$ 0% 1&
#1566625 0*
#1567625 1*
#1567875 1)
#1568125 1! 1" 0$ 1(
#1568250 0,
#1568875 0)
#1569125 0& 0' 0(
#1569250 1%
#1569500 0+
#1570500 1+
#1570625 1)
#1570875 0! 0"
#1571000 1# 1$ 1,
#1571750 0) 0-
#1572000 0$ 0% 1& 1'
#1572250 0*
#1573250 1*
#1573875 1!
#1574125 0*
#1575125 1*
#1575625 0!
#1575750 1"
#1576000 0*
#1577000 1*
#1577625 1!
#1577875 0*
#1578875 1*
#1580000 1)
#1580125 1-
#1580250 0! 0&
#1580375 1% 1(
#1581125 0)
#1581375 0" 1$ 0% 1& 0(
#1581625 0*
#1582625 1*
#1582875 1)
#1583125 1! 0$ 1% 1(
#1584000 0)
#1584250 1" 1$
#1584500 0+
#1585500 1+
#1585625 1)
#1585875 0! 0" 0& 0(
#1586000 0'
#1586750 0) 0-
#1587000 0# 0% 1& 1'
#1587250 0*
#1588250 1*
#1588875 1!
#1589125 0*
#1590125 1*
#1590625 0!
#1590750 1"
#1591000 0*
#1592000 1*
#1592625 1!
#1592875 0*
#1593875 1*
#1595000 1)
#1595125 1-
#1595250 0! 0$ 0&
#1595375 1# 1% 1(
#1596125 0)
#1596375 0" 0# 1& 0(
#1596625 0*
#1597625 1*
#1597875 1)
#1598125 1! 1" 0% 1(
#1598250 0,
#1599000 0)
#1599125 0! 0" 0& 0' 0(
#1599250 1# 1%
#1599500 0+
#1600500 1+
#1600625 1)
#1601000 1$ 1,
#1601750 0) 0-
#1602000 0% 1& 1'
#1602250 0*
#1603250 1*
#1603875 1!
#1604125 0*
#1605125 1*
#1605625 0!
#1605750 1"
#1606000 0*
#1607000 1*
#1607625 1!
#1607875 0*
#1608875 1*
#1610000 1)
#1610125 1-
#1610250 0! 0$ 0&
#1610375 1% 1(
#1611125 0)
#1611375 0" 1& 0(
#1611625 0*
#1612625 1*
#1612875 1)
#1613125 1! 1" 1(
#1613250 1$
#1614000 0)
#1615625 1)
#1615875 0! 0" 0& 0' 0(
#1616750 0) 0-
#1617000 0# 0$ 1& 1'
#1617250 0*
#1618250 1*
#1618875 1!
#1619125 0*
#1620125 1*
#1620625 0!
#1620750 1"
#1621000 0*
#1622000 1*
#1622625 1!
#1622875 0*
#1623875 1*
#1625000 1)
#1625125 1-
#1625250 0! 0&
#1625375 1# 1(
#1626125 0)
#1626375 0" 0# 1$ 1& 0(
#1626625 0*
#1627625 1*
#1627875 1)
#1628125 1! 1" 0$ 0% 1(
#1628250 0,
#1629000 0)
#1629125 0" 0& 0' 0(
#1629250 1# 1%
#1629500 0+
#1630500 1+
#1630625 1)
#1630875 0!
#1631000 1$ 1,
#1631750 0) 0-
#1632000 0$ 1& 1'
#1632250 0* 00
#1633250 1*
#1633875 1!
#1634125 0*
#1635125 1*
#1635625 0!
#1635750 1"
#1636000 0*
#1637000 1*
#1637625 1!
#1637875 0*
#1638875 1*
#1639250 10
#1640000 1) 1-
#1640250 0! 0&
#1640375 1(
#1641125 0)
#1641250 0(
#1641375 0" 1$ 1&
#1641625 0*
#1642625 1*
#1642875 1)
#1643125 1" 0$ 1(
#1643875 0)
#1644125 1!
#1644250 1$
#1644375 0*
#1645375 1*
#1645625 1)
#1645875 0! 0" 0& 0' 0(
#1646750 0) 0-
#1647000 0# 1& 1'
#1647250 0*
#1648250 1*
#1648875 1!
#1649125 0*
#1650125 1*
#1650625 0!
#1650750 1"
#1651000 0*
#1652000 1*
#1652625 1!
#1652875 0*
#1653875 1*
#1655000 1) 1-
#1655375 1# 1(
#1656125 0)
#1656625 0+
#1657625 1+
#1657750 1)
#1658125 0# 0$ 0%
#1658250 0,
#1658875 0)
#1659125 0! 1# 1% 0& 0' 0(
#1659375 0+
#1660375 1+
#1660625 1)
#1660875 0"
#1661000 1$ 1,
#1661750 0) 0-
#1662000 1& 1'
#1662250 0*
#1663250 1*
#1663875 1!
#1664125 0*
#1665125 1*
#1665625 0!
#1665750 1"
#1666000 0*
#1667000 1*
#1667625 1!
#1667875 0*
#1668875 1*
#1670000 1) 1-
#1670250 0! 0$ 0& 1(
#1671125 0)
#1671250 0" 0# 0(
#1671625 0*
#1672625 1*
#1673250 1!
#1673500 0*
#1674500 1*
#1675000 0!
#1675125 1"
#1675375 0*
#1676125 1)
#1676375 1( 1*
#1676500 1#
#1677125 0)
#1677375 0" 0(
#1677625 0*
#1678625 1*
#1679250 1!
#1679500 0*
#1680500 1*
#1681125 0!
#1681250 1"
#1681375 0*
#1682125 1)
#1682375 0# 0% 1*
#1682500 1! 1& 1(
#1682625 0,
#1683250 0)
#1683500 1# 1% 0& 0' 0(
#1683750 0+
#1684750 1+
#1685000 1)
#1685250 0! 0# 1' 1(
#1685375 1$ 1,
#1686125 0)
#1686250 0" 0% 0'
#1686625 0*
#1687625 1*
#1688250 1%
#1688375 0*
#1689500 1*
#1689625 1)
#1689875 0$
#1690000 1! 1# 1'
#1690750 0)
#1691000 0! 0# 1$ 0% 0(
#1691250 0*
#1692250 1*
#1692500 1)
#1692750 1% 1(
#1692875 1"
#1693625 0)
#1693750 0" 0% 0'
#1693875 1&
#1694000 0*
#1695125 1*
#1695750 1%
#1695875 0*
#1697000 1*
#1697125 1)
#1697375 0$ 0&
#1697500 1! 1# 1'
#1698250 0)
#1698500 0! 0# 1$ 0(
#1698750 0*
#1699750 1*
#1700000 1)
#1700250 1" 1# 0$ 1(
#1701000 0)
#1701250 0" 0# 0(
#1701375 1$
#1701500 0*
#1702500 1*
#1703250 1!
#1703375 0*
#1704375 1*
#1705000 0!
#1705125 1"
#1705250 0*
#1706000 1)
#1706250 0$ 1*
#1706375 1# 1(
#1707125 0)
#1707375 0" 1$ 0(
#1707625 0*
#1708625 1*
#1709250 1!
#1709500 0*
#1710500 1*
#1711125 0! 1"
#1711375 0*
#1712125 1)
#1712375 1*
#1712875 1! 0# 0$ 0% 1(
#1713000 1& 0,
#1713750 0)
#1713875 0! 0" 0& 0' 0(
#1714000 1$ 1%
#1714250 0+
#1715250 1+
#1715875 1)
#1716125 00
#1716250 1" 1' 1( 1,
#1717000 0)
#1717625 0" 0%
#1718000 0*
#1719000 1*
#1720000 1%
#1720250 0*
#1721250 1*
#1721500 1)
#1721750 0$
#1721875 1! 1#
#1722625 0)
#1722750 0! 0# 0(
#1722875 1$ 0% 1&
#1723125 0* 10
#1724125 1*
#1724250 1)
#1724500 0&
#1724625 1" 1% 1(
#1725375 0)
#1725625 0" 0% 1&
#1725875 0*
#1726875 1*
#1727500 1%
#1727750 0*
#1728750 1*
#1729000 1)
#1729250 1! 0$ 0&
#1729375 1#
#1730125 0)
#1730250 0! 0# 0(
#1730375 1$ 1&
#1730625 0*
#1731625 1*
#1731750 1)
#1732000 0$ 0&
#1732125 1" 1# 1(
#1732875 0)
#1733125 0" 0# 0% 0' 0(
#1733375 0*
#1734375 1*
#1735000 1!
#1735250 0*
#1736250 1*
#1736875 0! 1"
#1737125 0*
#1737875 1)
#1738125 1*
#1738250 1# 1% 1' 1(
#1739000 0)
#1739125 0(
#1739250 0" 0# 0% 0'
#1739500 0*
#1740500 1*
#1741125 1!
#1741375 0*
#1742375 1*
#1742875 0!
#1743000 1"
#1743250 0*
#1744000 1)
#1744250 1! 1' 1( 1*
#1744375 1& 0,
#1745125 0)
#1745250 0" 0& 0' 0(
#1745375 1$ 1%
#1745625 0+
#1746625 1+
#1746750 1)
#1747000 0!
#1747125 1' 1( 1,
#1747875 0)
#1748125 0% 0' 0(
#1748375 0*
#1749375 1*
#1750000 1%
#1750250 0*
#1751250 1*
#1751500 1)
#1751750 0$ 1' 1(
#1751875 1#
#1752625 0)
#1752750 0# 0% 0' 0(
#1752875 1$
#1753000 0*
#1754125 1*
#1754250 1)
#1754625 1% 1' 1(
#1755375 0)
#1755625 0% 0' 0(
#1755875 0*
#1756875 1*
#1757500 1%
#1757750 0*
#1758750 1*
#1759000 1)
#1759250 1# 0$ 1' 1(
#1760125 0)
#1760250 0# 0% 0' 0(
#1760375 1$
#1760500 0*
#1761625 1*
#1761750 1)
#1762000 0$
#1762125 1" 1# 1% 1' 1(
#1762875 0)
#1763125 0" 0# 0% 0' 0(
#1763375 0*
#1764375 1*
#1765000 1!
#1765250 0*
#1766250 1*
#1766750 0!
#1766875 1"
#1767125 0*
#1767875 1)
#1768125 1*
#1768250 1# 1% 1' 1(
#1769000 0)
#1769125 0# 0% 0' 0(
#1769250 0"
#1769500 0*
#1770500 1*
#1771125 1!
#1771375 0*
#1772375 1*
#1772875 0!
#1773000 1"
#1773250 0*
#1774000 1)
#1774250 1! 1& 1' 1( 1*
#1774375 0,
#1775125 0)
#1775250 0! 0& 0' 0(
#1775375 1$ 1%
#1775625 0+
#1776625 1+
#1776750 1)
#1777000 0"
#1777125 1' 1( 1,
#1777875 0)
#1778000 0' 0(
#1778125 0%
#1778375 0*
#1779375 1*
#1780000 1%
#1780250 0*
#1781250 1*
#1781500 1)
#1781750 1# 0$ 1' 1(
#1782500 0)
#1782750 0# 0% 0' 0(
#1782875 1$
#1783000 0*
#1784000 1*
#1784250 1)
#1784625 1% 1' 1(
#1785375 0)
#1785500 0' 0(
#1785625 0%
#1785875 0*
#1786875 1*
#1787500 1%
#1787750 0*
#1788750 1*
#1789000 1)
#1789250 1# 0$ 1' 1(
#1790000 0)
#1790250 0# 0% 0' 0(
#1790375 1$
#1790500 0*
#1791500 1*
#1791750 1)
#1800000 00
#1806875 10
#1807000 0$
#1807125 1! 1" 1& 1' 1( 0,
#1807875 0)
#1808000 0(
#1808125 1$ 1% 0& 0'
#1808375 0+
#1809375 1+
#1809625 1)
#1810875 1# 1& 1' 1( 1,
#1811625 0)
#1813375 1)
#1816375 0! 0$ 0&
#1817250 0)
#1817500 0" 0# 0% 0' 0(
#1817750 0*
#1818750 1*
#1819000 1)
#1819250 1! 1# 1% 1& 1' 1(
#1819375 1" 1$
#1820125 0)
#1821750 1)
#1822875 0)
#1823375 0+
#1824375 1+
#1825250 0+
#1826250 1+
#1827125 0+
#1828125 1+
#1829000 0+
#1830000 1+
#1831125 1)
#1831375 0! 0$ 0&
#1832250 0)
#1832500 0" 0% 0' 0(
#1832750 0*
#1833750 1*
#1834000 1)
#1834250 1! 0# 1' 1(
#1834375 1" 1& 0,
#1835125 0)
#1835250 0! 0" 0& 0' 0(
#1835375 1# 1$ 1%
#1835625 0+
#1836625 1+
#1836750 1)
#1837125 1,
#1837875 0) 0-
#1838125 0# 0$ 0% 1(
#1838375 0*
#1839375 1*
#1840000 1!
#1840250 0*
#1841250 1*
#1841875 0! 1"
#1842125 0*
#1843125 1*
#1843750 1!
#1844000 0*
#1845000 1*
#1846125 1)
#1846250 1-
#1846375 0!
#1846500 1# 1% 1'
#1847250 0)
#1847500 0" 0# 1$ 0% 0' 0(
#1847750 0*
#1848750 1*
#1849000 1)
#1849250 1(
#1849375 1! 1" 1# 1% 1& 1'
#1850125 0)
#1851750 1)
#1852125 0! 0" 0& 0' 0(
#1852875 0) 0-
#1853125 0$ 0% 1(
#1853375 0*
#1854375 1*
#1855000 1!
#1855250 0*
#1856250 1*
#1856875 0! 1"
#1857125 0*
#1858125 1*
#1858750 1!
#1859000 0*
#1860000 1*
#1861250 1) 1-
#1861375 0!
#1861500 1% 1'
#1862250 0)
#1862500 0" 1$ 0% 0' 0(
#1862750 0*
#1863750 1*
#1864000 1)
#1864250 0$
#1864375 1! 1" 1% 1& 1' 1(
#1865125 0)
#1865375 1$
#1865625 0+
#1866625 1+
#1866875 1)
#1867125 0! 0" 0& 0' 0(
#1867875 0) 0-
#1868125 0# 0% 1(
#1868375 0*
#1869375 1*
#1870000 1!
#1870250 0*
#1871250 1*
#1871875 0!
#1872000 1"
#1872125 0*
#1873125 1*
#1873750 1!
#1874000 0*
#1875000 1*
#1876250 1) 1-
#1876500 0! 1# 0$ 1% 1'
#1877250 0)
#1877500 0" 0# 0' 0(
#1877750 0*
#1878875 1*
#1879000 1)
#1879250 0%
#1879375 1! 1" 1& 1' 1( 0,
#1880125 0)
#1880375 0" 1# 1$ 1% 0& 0' 0(
#1880625 0+
#1881625 1+
#1881875 1)
#1882125 0!
#1882250 1,
#1882875 0) 0-
#1883125 0%
#1883250 1(
#1883375 0*
#1883750 00
#1884500 1*
#1885125 1!
#1885250 0*
#1886375 1*
#1886875 0!
#1887000 1"
#1887250 0*
#1888250 1*
#1888875 1!
#1889125 0*
#1890125 1*
#1890750 10
#1891250 1) 1-
#1891500 0! 0$ 1% 1'
#1892375 0)
#1892500 0" 0' 0(
#1892875 0*
#1893875 1*
#1894000 1)
#1894375 1! 1" 1$ 1& 1' 1(
#1895125 0)
#1896875 1)
#1897125 0! 0" 0& 0' 0(
#1897875 0-
#1898000 0)
#1898125 0# 0$
#1898250 1(
#1898500 0*
#1899500 1*
#1900125 1!
#1900375 0*
#1901375 1*
#1901875 0!
#1902000 1"
#1902250 0*
#1903250 1*
#1903875 1!
#1904125 0*
#1905125 1*
#1906250 1) 1-
#1906500 0!
#1906625 1# 1'
#1907375 0)
#1907500 0# 0' 0(
#1907625 0" 1$
#1907875 0*
#1908875 1*
#1909125 1)
#1909250 0$ 0%
#1909375 1! 1" 1& 1' 1(
#1909500 0,
#1910125 0)
#1910375 0! 1# 1$ 1% 0& 0' 0(
#1910625 0+
#1911750 1+
#1911875 1)
#1912125 0"
#1912250 1,
#1913000 0) 0-
#1913125 0$
#1913250 1(
#1913500 0*
#1914500 1*
#1915125 1!
#1915375 0*
#1916375 1*
#1916875 0!
#1917000 1"
#1917250 0*
#1918250 1*
#1918875 1!
#1919125 0*
#1920125 1*
#1921250 1) 1-
#1921500 0!
#1921625 1'
#1922375 0)
#1922625 0" 1$ 0' 0(
#1922875 0*
#1923875 1*
#1924125 1)
#1924375 0# 1& 1' 1(
#1925250 0)
#1925500 1! 1" 1#
#1925625 0*
#1926750 1*
#1926875 1)
#1927125 0! 0" 0& 0' 0(
#1928000 0) 0-
#1928250 0# 1(
#1928500 0*
#1929500 1*
#1930125 1!
#1930375 0*
#1931375 1*
#1932000 0! 1"
#1932250 0*
#1933250 1*
#1933875 1!
#1934125 0*
#1935125 1*
#1936250 1)
#1936375 1-
#1936500 0! 0$
#1936625 1# 1'
#1937375 0)
#1937625 0" 0# 0% 1& 0' 0(
#1937875 0*
#1938875 1*
#1939125 1)
#1939375 1! 1' 1(
#1939500 1" 0,
#1940250 0)
#1940375 0& 0' 0(
#1940500 1# 1$ 1%
#1940750 0+
#1941750 1+
#1941875 1)
#1942125 0! 0"
#1942375 1,
#1943000 0) 0-
#1943250 1(
#1943500 0*
#1944500 1*
#1945125 1!
#1945375 0*
#1946375 1*
#1947000 0! 1"
#1947250 0*
#1948250 1*
#1948875 1!
#1949125 0*
#1950125 1*
#1951375 1) 1-
#1951500 0!
#1951625 0$ 1'
#1952375 0)
#1952625 0" 0% 1& 0' 0(
#1952875 0*
#1953875 1*
#1954125 1)
#1954500 1! 1" 1$ 1% 1' 1(
#1955250 0)
#1957000 1)
#1957250 0! 0" 0& 0' 0(
#1958000 0) 0-
#1958250 0# 0$ 0% 1(
#1958375 1&
#1958500 0*
#1959500 1*
#1960125 1!
#1960375 0*
#1961375 1*
#1962000 0!
#1962125 1"
#1962250 0*
#1963250 1*
#1963875 1!
#1964125 0*
#1965125 1*
#1966375 1) 1-
#1966625 0! 1# 1% 0& 1'
#1967375 0)
#1967625 0" 0# 0% 0' 0( 00
#1967750 1$ 1&
#1967875 0*
#1969000 1*
#1969125 1)
#1969375 0$
#1969500 1! 1" 1' 1( 0,
#1970250 0)
#1970500 0! 0" 0' 0(
#1970750 0+
#1971750 1+
#1972000 1)
#1972250 1# 1$ 1% 0&
#1972375 1,
#1973000 0-
#1973125 0)
#1973250 0$ 0%
#1973375 1& 1(
#1973500 0*
#1974625 1* 10
#1975250 1!
#1975375 0*
#1976500 1*
#1977000 0!
#1977125 1"
#1977250 0*
#1978375 1*
#1979000 1!
#1979250 0*
#1980250 1*
#1981375 1) 1-
#1981625 0! 1% 0& 1'
#1982500 0)
#1982625 0" 0% 0' 0(
#1982750 1$ 1&
#1982875 0*
#1984000 1*
#1984125 1)
#1984375 0#
#1984500 1! 1% 1' 1(
#1985250 0)
#1985500 1" 1#
#1985750 0+
#1986750 1+
#1987000 1)
#1987250 0! 0" 0& 0' 0(
#1988000 0-
#1988125 0)
#1988250 0# 0%
#1988375 1& 1(
#1988625 0*
#1989625 1*
#1990250 1!
#1990500 0*
#1991500 1*
#1992000 0!
#1992125 1"
#1992375 0*
#1993375 1*
#1994000 1!
#1994250 0*
#1995250 1*
#1996375 1) 1-
#1996625 0! 0$ 0& 1'
#1996750 1# 1%
#1997500 0)
#1997625 0" 0# 0' 0(
#1997750 1&
#1998000 0*
#1999000 1*
#1999125 1)
#1999375 0%
#1999500 1! 1" 1' 1(
#1999625 0,
#2000250 0)
#2000500 0" 0' 0(
#2000750 0+
#2001750 1+
#2002000 1)
#2002250 0! 0&
#2002375 1# 1$ 1% 1,
#2003125 0) 0-
#2003250 0%
#2003375 1& 1(
#2003625 0*
#2004625 1*
#2005250 1!
#2005500 0*
#2006500 1*
#2007000 0!
#2007125 1"
#2007375 0*
#2008375 1*
#2009000 1!
#2009250 0*
#2010250 1*
#2011375 1) 1-
#2011625 0! 0$ 0& 1'
#2011750 1%
#2012500 0)
#2012625 0" 0' 0(
#2012750 1&
#2013000 0*
#2014000 1*
#2014125 1)
#2014500 1! 1" 1$ 1' 1(
#2015250 0)
#2017000 1)
#2017250 0! 0" 0& 0' 0(
#2018000 0-
#2018125 0)
#2018250 0# 0$
#2018375 1& 1(
#2018625 0*
#2019625 1*
#2020250 1!
#2020500 0*
#2021500 1*
#2022000 0!
#2022125 1"
#2022375 0*
#2023375 1*
#2024000 1!
#2024250 0*
#2025250 1*
#2026375 1) 1-
#2026625 0! 0&
#2026750 1# 1'
#2027500 0)
#2027625 0# 0' 0(
#2027750 0" 1$ 1&
#2028000 0*
#2029000 1*
#2029250 1)
#2029375 0$ 0%
#2029500 1! 1" 1' 1(
#2029625 0,
#2030250 0)
#2030500 0! 0' 0(
#2030750 0+
#2031750 1+
#2032000 1)
#2032250 0" 0&
#2032375 1# 1$ 1% 1,
#2033125 0) 0-
#2033250 0$
#2033375 1& 1(
#2033625 0*
#2034625 1*
#2035250 1!
#2035500 0*
#2036500 1*
#2037000 0!
#2037125 1"
#2037375 0*
#2038375 1*
#2039000 1!
#2039250 0*
#2040250 1*
#2041375 1) 1-
#2041625 0! 0& 1'
#2042500 0)
#2042625 0' 0(
#2042750 0" 1$ 1&
#2043000 0*
#2044000 1*
#2044125 1)
#2044375 0#
#2044500 1" 1' 1(
#2045250 0)
#2045500 1! 1#
#2045750 0*
#2046750 1*
#2047000 1)
#2047250 0! 0" 0& 0' 0(
#2048000 0-
#2048125 0)
#2048250 0#
#2048375 1& 1(
#2048625 0*
#2049625 1*
#2050250 1!
#2050500 0*
#2051500 1* 00
#2052000 0!
#2052125 1"
#2052375 0*
#2053375 1*
#2054000 1!
#2054250 0*
#2055250 1*
#2056375 1) 1-
#2056625 0! 0$ 0& 1'
#2056750 1#
#2057500 0)
#2057625 0" 0# 0(
#2057750 0%
#2058000 0*
#2058500 10
#2059000 1*
#2059125 1)
#2059500 1! 1" 1& 1(
#2059625 0,
#2060250 0)
#2060500 0' 0(
#2060750 0+
#2061750 1+
#2062000 1)
#2062250 0! 0" 0&
#2062375 1# 1$ 1% 1,
#2063125 0) 0-
#2063375 1& 1(
#2063625 0*
#2064625 1*
#2065250 1!
#2065500 0*
#2066500 1*
#2067000 0!
#2067125 1"
#2067375 0*
#2068375 1*
#2069000 1!
#2069250 0*
#2070250 1*
#2071375 1) 1-
#2071625 0! 0$ 0& 1'
#2072500 0)
#2072625 0" 0% 0(
#2073000 0*
#2074000 1*
#2074125 1)
#2074500 1! 1" 1$ 1% 1& 1(
#2075250 0)
#2077000 1)
#2077250 0! 0" 0& 0' 0(
#2078000 0-
#2078125 0)
#2078250 0# 0$ 0%
#2078375 1' 1(
#2078625 0*
#2079625 1*
#2080250 1!
#2080500 0*
#2081500 1*
#2082000 0!
#2082125 1"
#2082375 0*
#2083375 1*
#2084000 1!
#2084250 0*
#2085250 1*
#2086375 1) 1-
#2086625 0! 1%
#2086750 1#
#2087500 0)
#2087625 0" 0# 0% 0(
#2087750 1$
#2088000 0*
#2089000 1*
#2089125 1)
#2089375 0$
#2089500 1! 1" 1& 1(
#2089625 0,
#2090250 0)
#2090500 0! 0" 1# 0' 0(
#2090750 0+
#2091750 1+
#2092000 1)
#2092250 1$ 1% 0&
#2092375 1,
#2093000 0-
#2093125 0)
#2093250 0$ 0%
#2093375 1' 1(
#2093625 0*
#2094625 1*
#2095250 1!
#2095500 0*
#2096500 1*
#2097000 0!
#2097125 1"
#2097250 0*
#2098375 1*
#2099000 1!
#2099125 0*
#2100250 1*
#2101375 1) 1-
#2101625 0! 1%
#2102500 0)
#2102625 0" 0% 0(
#2102750 1$
#2102875 0*
#2104000 1*
#2104125 1)
#2104375 0#
#2104500 1! 1" 1% 1& 1(
#2105250 0)
#2105500 1#
#2105750 0+
#2106750 1+
#2107000 1)
#2107250 0! 0" 0& 0' 0(
#2108000 0) 0-
#2108250 0# 0% 1(
#2108375 1'
#2108500 0*
#2109625 1*
#2110250 1!
#2110375 0*
#2111375 1*
#2112000 0!
#2112125 1"
#2112250 0*
#2113250 1*
#2113875 1!
#2114125 0*
#2115125 1*
#2116375 1) 1-
#2116625 0! 1# 0$ 1%
#2117375 0)
#2117625 0" 0# 0(
#2117875 0*
#2118875 1*
#2119125 1)
#2119375 0%
#2119500 1! 1" 1& 1( 0,
#2120250 0)
#2120375 0(
#2120500 0" 1# 0'
#2120750 0+
#2121750 1+
#2122000 1)
#2122125 0!
#2122250 1$ 1% 0&
#2122375 1,
#2123000 0) 0-
#2123250 0% 1(
#2123375 1'
#2123500 0*
#2124500 1*
#2125125 1!
#2125375 0*
#2126375 1*
#2127000 0!
#2127125 1"
#2127250 0*
#2128250 1*
#2128875 1!
#2129125 0*
#2130125 1*
#2131375 1) 1-
#2131500 0!
#2131625 0$ 1%
#2132375 0)
#2132625 0" 0(
#2132875 0*
#2133875 1*
#2134125 1)
#2134500 1! 1" 1$ 1& 1(
#2135250 0)
#2135375 00
#2136875 1)
#2137250 0! 0" 0& 0' 0(
#2138000 0) 0-
#2138250 0# 0$ 1' 1(
#2138500 0*
#2139500 1*
#2140125 1!
#2140375 0*
#2141375 1*
#2142000 0! 1"
#2142250 0* 10
#2143250 1*
#2143875 1!
#2144125 0*
#2145125 1*
#2146250 1)
#2146375 1-
#2146500 0!
#2146625 1#
#2147375 0)
#2147625 0" 0# 1$ 0(
#2147875 0*
#2148875 1*
#2149125 1)
#2149375 1! 0$ 0% 1(
#2149500 1" 1& 0,
#2150250 0)
#2150375 0! 0' 0(
#2150500 1#
#2150750 0+
#2151750 1+
#2151875 1)
#2152125 0" 0&
#2152250 1$ 1%
#2152375 1,
#2153000 0) 0-
#2153250 0$ 1' 1(
#2153500 0*
#2154500 1*
#2155125 1!
#2155375 0*
#2156375 1*
#2157000 0! 1"
#2157250 0*
#2158250 1*
#2158875 1!
#2159125 0*
#2160125 1*
#2161250 1)
#2161375 1-
#2161500 0!
#2162375 0)
#2162625 0" 1$ 0(
#2162875 0*
#2163875 1*
#2164125 1)
#2164375 1& 1(
#2165250 0)
#2165500 1! 1"
#2165625 0*
#2166750 1*
#2166875 1)
#2167125 0! 0" 0& 0' 0(
#2168000 0) 0-
#2168250 0# 1' 1(
#2168500 0*
#2169500 1*
#2170125 1!
#2170375 0*
#2171375 1*
#2171875 0!
#2172000 1"
#2172250 0*
#2173250 1*
#2173875 1!
#2174125 0*
#2175125 1*
#2176250 1)
#2176375 1-
#2176500 0! 0$
#2176625 1#
#2177375 0)
#2177500 0#
#2177625 0" 0% 1& 0(
#2177875 0*
#2178875 1*
#2179125 1)
#2179375 1! 1" 1(
#2179500 0,
#2180125 0)
#2180375 0' 0(
#2180500 1#
#2180625 0+
#2181750 1+
#2181875 1)
#2182125 0! 0" 0&
#2182250 1$ 1% 1,
#2183000 0) 0-
#2183250 1' 1(
#2183500 0*
#2184500 1*
#2185125 1!
#2185375 0*
#2186375 1*
#2186875 0!
#2187000 1"
#2187250 0*
#2188250 1*
#2188875 1!
#2189125 0*
#2190125 1*
#2191250 1) 1-
#2191500 0! 0$
#2192375 0)
#2192500 0(
#2192625 0" 0% 1&
#2192875 0*
#2193875 1*
#2194125 1)
#2194375 1! 1" 1$ 1% 1(
#2195125 0)
#2196875 1)
#2197125 0! 0" 0& 0' 0(
#2198000 0) 0-
#2198125 0# 0$ 0%
#2198250 1& 1' 1(
#2198500 0*
#2199500 1*
#2200125 1!
#2200375 0*
#2201375 1*
#2201875 0!
#2202000 1"
#2202250 0*
#2203250 1*
#2203875 1!
#2204125 0*
#2205125 1*
#2206250 1) 1-
#2206500 0! 0&
#2206625 1# 1%
#2207375 0)
#2207500 0# 0% 0(
#2207625 0" 1$ 1&
#2207875 0*
#2208875 1*
#2209000 1)
#2209250 0$
#2209375 1! 1" 1(
#2209500 0,
#2210125 0)
#2210375 0! 0" 1$ 0' 0(
#2210625 0+
#2211625 1+
#2211875 1)
#2212125 0&
#2212250 1# 1% 1,
#2213000 0) 0-
#2213125 0$ 0%
#2213250 1& 1' 1(
#2213500 0*
#2214500 1*
#2215125 1!
#2215375 0*
#2216375 1*
#2216875 0!
#2217000 1"
#2217250 0*
#2218250 1*
#2218875 1!
#2219125 0*
#2219250 00
#2220125 1*
#2221250 1) 1-
#2221500 0! 0&
#2221625 1%
#2222375 0)
#2222500 0" 0% 0(
#2222625 1$ 1&
#2222875 0*
#2223875 1*
#2224000 1)
#2224375 1! 1% 1(
#2225125 0)
#2225375 1"
#2225625 0+
#2226125 10
#2226625 1+
#2226875 1)
#2227125 0! 0" 0& 0' 0(
#2227875 0-
#2228000 0)
#2228125 0# 0%
#2228250 1& 1' 1(
#2228500 0*
#2229500 1*
#2230125 1!
#2230375 0*
#2231375 1*
#2231875 0!
#2232000 1"
#2232250 0*
#2233250 1*
#2233875 1!
#2234125 0*
#2235125 1*
#2236250 1) 1-
#2236500 0! 0$ 0&
#2236625 1# 1%
#2237375 0)
#2237500 0" 0# 0(
#2237625 1&
#2237875 0*
#2238875 1*
#2239000 1)
#2239250 0%
#2239375 1! 1" 1(
#2239500 0,
#2240125 0)
#2240375 0" 1$ 0' 0(
#2240625 0+
#2241625 1+
#2241875 1)
#2242125 0! 0&
#2242250 1# 1% 1,
#2243000 0) 0-
#2243125 0%
#2243250 1& 1' 1(
#2243500 0*
#2244500 1*
#2245125 1!
#2245375 0*
#2246375 1*
#2246875 0!
#2247000 1"
#2247250 0*
#2248250 1*
#2248875 1!
#2249125 0*
#2250125 1*
#2251250 1) 1-
#2251500 0! 0$ 0&
#2251625 1%
#2252375 0)
#2252500 0" 0(
#2252625 1&
#2252875 0*
#2253875 1*
#2254000 1)
#2254375 1! 1" 1$ 1(
#2255125 0)
#2256875 1)
#2257125 0! 0" 0& 0' 0(
#2257875 0-
#2258000 0)
#2258125 0# 0$
#2258250 1& 1' 1(
#2258500 0*
#2259500 1*
#2260125 1!
#2260375 0*
#2261375 1*
#2261875 0!
#2262000 1"
#2262250 0*
#2263250 1*
#2263875 1!
#2264125 0*
#2265125 1*
#2266250 1) 1-
#2266500 0! 0&
#2266625 1#
#2267375 0)
#2267500 0# 0(
#2267625 0" 1$ 1&
#2267875 0*
#2268875 1*
#2269125 1)
#2269375 1! 1" 0$ 0% 1(
#2269500 0,
#2270125 0)
#2270375 0! 1$ 0' 0(
#2270625 0+
#2271750 1+
#2271875 1)
#2272125 0" 0&
#2272250 1# 1% 1,
#2273000 0) 0-
#2273250 0$ 1& 1' 1(
#2273500 0*
#2274500 1*
#2275125 1!
#2275375 0*
#2276375 1*
#2276875 0!
#2277000 1"
#2277250 0*
#2278250 1*
#2278875 1!
#2279125 0*
#2280125 1*
#2281250 1)
#2281375 1-
#2281500 0! 0&
#2282375 0)
#2282625 0" 1$ 1& 0(
#2282875 0*
#2283875 1*
#2284125 1)
#2284375 1" 1(
#2285125 0)
#2285500 1!
#2285625 0*
#2286750 1*
#2286875 1)
#2287125 0! 0" 0& 0' 0(
#2288000 0) 0-
#2288250 0# 1& 1' 1(
#2288500 0*
#2289500 1*
#2290125 1!
#2290375 0*
#2291375 1*
#2291875 0!
#2292000 1"
#2292250 0*
#2293250 1*
#2293875 1!
#2294125 0*
#2295125 1*
#2296250 1)
#2296375 1-
#2296625 1#
#2297375 0)
#2297875 0+
#2298875 1+
#2299125 1)
#2299375 0# 0$ 0%
#2299500 0,
#2300250 0)
#2300375 0' 0(
#2300500 1$
#2300750 0+
#2301750 1+
#2301875 1)
#2302125 0! 0" 0&
#2302250 1# 1%
#2302375 1,
#2303000 0) 0- 00
#2303250 1& 1' 1(
#2303500 0*
#2304500 1*
#2305125 1!
#2305375 0*
#2306375 1*
#2307000 0! 1"
#2307250 0*
#2308250 1*
#2308875 1!
#2309125 0*
#2310000 10
#2310125 1*
#2311250 1)
#2311375 1-
#2311500 0!
#2311625 0$ 0&
#2312375 0)
#2312625 0" 0# 0(
#2312875 0*
#2313875 1*
#2314500 1!
#2314750 0*
#2315750 1*
#2316375 0! 1"
#2316625 0*
#2317375 1)
#2317625 1*
#2317750 1# 1(
#2318500 0)
#2318750 0" 0(
#2319000 0*
#2320000 1*
#2320625 1!
#2320875 0*
#2321875 1*
#2322500 0! 1"
#2322750 0*
#2323500 1)
#2323750 0# 0% 1*
#2323875 1! 1& 1( 0,
#2324625 0)
#2324750 0! 0(
#2324875 0" 1# 1$ 0'
#2325125 0+
#2326125 1+
#2326375 1)
#2326625 1" 0# 1% 0& 1' 1(
#2326750 1,
#2327375 0)
#2327625 1! 0" 0% 0'
#2327875 0*
#2328875 1*
#2329625 1%
#2329750 0*
#2330750 1*
#2331000 1)
#2331250 0$
#2331375 1# 1'
#2332125 0)
#2332375 0# 1$ 0% 0(
#2332625 0*
#2333625 1*
#2333875 1)
#2334125 0! 1% 1(
#2334250 1"
#2334875 0)
#2335125 0" 0% 0'
#2335250 1! 1&
#2335375 0*
#2336500 1*
#2337125 1%
#2337250 0*
#2338375 1*
#2338500 1)
#2338750 0$ 0&
#2338875 1# 1'
#2339625 0)
#2339875 0# 1$ 0(
#2340125 0*
#2341125 1*
#2341375 1)
#2341625 0! 1" 1# 0$ 1(
#2342500 0)
#2342625 0" 0# 0(
#2342750 1$
#2342875 0*
#2344000 1*
#2344625 1!
#2344875 0*
#2345875 1*
#2346375 0!
#2346500 1"
#2346750 0*
#2347500 1)
#2347750 0$ 1( 1*
#2347875 1#
#2348500 0)
#2348750 0" 1$ 0(
#2349000 0*
#2350000 1*
#2350750 1!
#2350875 0*
#2351875 1*
#2352500 0!
#2352625 1"
#2352750 0*
#2353500 1)
#2353750 1*
#2354250 0# 0$ 0%
#2354375 1! 1& 1( 0,
#2355125 0)
#2355250 0(
#2355375 0" 1# 1$ 0'
#2355625 0+
#2356625 1+
#2357250 1)
#2357500 0! 0#
#2357625 1" 1% 0& 1' 1(
#2357750 1,
#2358375 0)
#2359125 1! 0" 0%
#2359375 0*
#2360375 1*
#2361500 1%
#2361750 0*
#2362750 1*
#2362875 1)
#2363250 1# 0$
#2364000 0)
#2364250 0# 0% 1& 0(
#2364375 1$
#2364500 0*
#2365500 1*
#2365750 1)
#2366000 0! 0& 1(
#2366125 1" 1%
#2366875 0)
#2367000 0" 0%
#2367125 1! 1&
#2367375 0*
#2368375 1*
#2369000 1%
#2369250 0*
#2370250 1*
#2370500 1)
#2370750 1# 0$ 0&
#2371500 0)
#2371750 0# 1& 0(
#2371875 1$
#2372000 0*
#2373000 1*
#2373250 1)
#2373500 0! 0$ 0&
#2373625 1" 1# 1(
#2374375 0)
#2374500 0(
#2374625 0" 0# 0% 0'
#2374875 0*
#2375875 1*
#2376500 1!
#2376750 0*
#2377750 1*
#2378250 0!
#2378375 1"
#2378625 0*
#2379375 1)
#2379625 1*
#2379750 1# 1% 1' 1(
#2380500 0)
#2380625 0# 0% 0' 0(
#2380750 0"
#2381000 0*
#2382000 1*
#2382625 1!
#2382875 0*
#2383875 1*
#2384375 0!
#2384500 1"
#2384750 0*
#2385500 1)
#2385750 1! 1' 1( 1*
#2385875 1& 0,
#2386625 0)
#2386750 0! 0' 0(
#2386875 1# 1$ 00
#2387125 0+
#2388125 1+
#2388250 1)
#2388500 0" 0# 0&
#2388625 1% 1' 1(
#2388750 1,
#2389375 0)
#2389625 1! 0% 0' 0(
#2389875 0*
#2390875 1*
#2391500 1%
#2391750 0*
#2392750 1*
#2393000 1)
#2393250 0! 0$ 1' 1(
#2393375 1#
#2393875 10
#2394125 0)
#2394250 0# 0% 0' 0(
#2394375 1! 1$
#2394625 0*
#2395625 1*
#2395750 1)
#2396000 0!
#2396125 1% 1' 1(
#2396875 0)
#2397125 1! 0% 0' 0(
#2397375 0*
#2398375 1*
#2399000 1%
#2399250 0*
#2400250 1*
#2400500 1)
#2400750 0! 0$ 1(
#2400875 1# 1'
#2401625 0)
#2401750 0# 0' 0(
#2401875 1! 1$ 0%
#2402125 0*
#2403125 1*
#2403250 1)
#2403500 0! 0$
#2403625 1" 1# 1% 1' 1(
#2404375 0)
#2404625 0" 0# 0% 0' 0(
#2404875 0*
#2405875 1*
#2406500 1!
#2406750 0*
#2407750 1*
#2408375 0!
#2408500 1"
#2408625 0*
#2409375 1)
#2409625 1*
#2409750 1# 1% 1' 1(
#2410500 0)
#2410750 0" 0# 0% 0' 0(
#2411000 0*
#2412000 1*
#2412625 1!
#2412875 0*
#2413875 1*
#2414500 0! 1"
#2414750 0*
#2415500 1)
#2415750 1*
#2415875 1! 1& 1' 1( 0,
#2416625 0)
#2416750 0' 0(
#2416875 1# 1$
#2417125 0+
#2418125 1+
#2418375 1)
#2418625 0! 0" 0# 1% 0& 1' 1(
#2418750 1,
#2419375 0)
#2419625 1! 0% 0' 0(
#2419875 0*
#2420875 1*
#2421625 1%
#2421750 0*
#2422750 1*
#2423000 1)
#2423250 0! 0$
#2423375 1# 1' 1(
#2424125 0)
#2424375 1! 0# 1$ 0% 0' 0(
#2424625 0*
#2425625 1*
#2425875 1)
#2426000 0!
#2426125 1% 1' 1(
#2426875 0)
#2427125 1! 0% 0' 0(
#2427375 0*
#2428500 1*
#2429125 1%
#2429250 0*
#2430375 1*
#2430500 1)
#2430750 0! 0$
#2430875 1# 1' 1(
#2431625 0)
#2431875 1! 0# 1$ 0% 0' 0(
#2432125 0*
#2433125 1*
#2433375 1)
#2448625 0$ 1& 1' 1(
#2448750 1" 0,
#2449500 0)
#2449625 0! 0" 0' 0(
#2449750 1%
#2450000 0+
#2451000 1+
#2451125 1)
#2452375 1! 1' 1(
#2452500 1" 1# 1$ 1,
#2453250 0)
#2454875 1)
#2458000 0! 0$ 0&
#2458875 0)
#2459000 0" 0# 0% 0' 0(
#2459375 0*
#2460375 1*
#2460500 1)
#2460875 1! 1" 1# 1$ 1% 1& 1' 1(
#2461625 0)
#2463375 1)
#2464500 0)
#2465000 0+
#2466000 1+
#2466875 0+
#2467875 1+
#2468750 0+
#2469750 1+
#2470625 0+
#2470750 00
#2471625 1+
#2472750 1)
#2473000 0! 0$ 0&
#2473875 0)
#2474000 0" 0% 0' 0(
#2474375 0*
#2475375 1*
#2475500 1)
#2475750 0#
#2475875 1! 1" 1& 1' 1(
#2476000 0,
#2476625 0)
#2476875 0" 1% 0' 0(
#2477125 0+
#2477750 10
#2478125 1+
#2478375 1)
#2478625 1# 1$ 0&
#2478750 1,
#2479375 0-
#2479500 0)
#2479625 0! 0# 0$ 0%
#2480000 0*
#2481000 1*
#2481625 1!
#2481875 0*
#2482875 1*
#2483375 0!
#2483500 1"
#2483750 0*
#2484750 1*
#2485375 1!
#2485625 0*
#2486625 1*
#2487750 1) 1-
#2488000 0! 1# 1% 1' 1(
#2488875 0)
#2489000 0" 0# 0% 0' 0(
#2489125 1$
#2489250 0*
#2490375 1*
#2490500 1)
#2490875 1! 1" 1# 1% 1& 1' 1(
#2491625 0)
#2493375 1)
#2493625 0" 0& 0' 0(
#2494375 0-
#2494500 0)
#2494625 0! 0$ 0%
#2494875 0*
#2496000 1*
#2496625 1!
#2496750 0*
#2497875 1*
#2498375 0!
#2498500 1"
#2498625 0*
#2499750 1*
#2500375 1!
#2500500 0*
#2501625 1*
#2502750 1) 1-
#2503000 0! 1% 1' 1(
#2503875 0)
#2504000 0" 0% 0' 0(
#2504125 1$
#2504250 0*
#2505375 1*
#2505500 1)
#2505875 1! 1" 1% 1& 1' 1(
#2506625 0)
#2507125 0+
#2508125 1+
#2508375 1)
#2508625 0" 0& 0' 0(
#2509375 0) 0-
#2509625 0! 0# 0%
#2509875 0*
#2511000 1*
#2511625 1!
#2511750 0*
#2512875 1*
#2513375 0!
#2513500 1"
#2513625 0*
#2514750 1*
#2515250 1!
#2515500 0*
#2516500 1*
#2517750 1) 1-
#2518000 0! 1# 0$ 1% 1' 1(
#2518750 0)
#2519000 0" 0# 0' 0(
#2519250 0*
#2520250 1*
#2520500 1)
#2520750 0%
#2520875 1! 1" 1& 1' 1( 0,
#2521625 0)
#2521750 0! 0(
#2521875 1% 0'
#2522125 0+
#2523125 1+
#2523375 1)
#2523625 1! 0" 1# 1$ 0&
#2523750 1,
#2524375 0) 0-
#2524625 0! 0%
#2524875 0*
#2525875 1*
#2526500 1!
#2526750 0*
#2527750 1*
#2528375 0!
#2528500 1"
#2528625 0*
#2529625 1*
#2530250 1!
#2530500 0*
#2531500 1*
#2532750 1) 1-
#2532875 0!
#2533000 0$ 1% 1' 1(
#2533750 0)
#2534000 0" 0' 0(
#2534250 0*
#2535250 1*
#2535500 1)
#2535875 1! 1" 1$ 1& 1' 1(
#2536625 0)
#2538250 1)
#2538625 0" 0& 0' 0(
#2539375 0) 0-
#2539625 0! 0# 0$
#2539875 0*
#2540875 1*
#2541500 1!
#2541750 0*
#2542750 1*
#2543375 0! 1"
#2543625 0*
#2544625 1*
#2545250 1!
#2545500 0*
#2546500 1*
#2547625 1)
#2547750 1-
#2547875 0!
#2548000 1# 1' 1(
#2548750 0)
#2549000 0" 0# 1$ 0' 0(
#2549250 0*
#2550250 1*
#2550500 1)
#2550750 1! 0$ 0% 1' 1(
#2550875 1" 1& 0,
#2551625 0)
#2551750 0' 0(
#2551875 1%
#2552125 0+
#2553125 1+
#2553250 1)
#2553500 0" 0&
#2553625 1# 1$
#2553750 1,
#2554375 0) 0-
#2554625 0! 0$ 00
#2554875 0*
#2555875 1*
#2556500 1!
#2556750 0*
#2557750 1*
#2558375 0! 1"
#2558625 0*
#2559625 1*
#2560250 1!
#2560500 0*
#2561500 1* 10
#2562625 1)
#2562750 1-
#2562875 0!
#2563000 1' 1(
#2563750 0)
#2564000 0" 1$ 0' 0(
#2564250 0*
#2565250 1*
#2565500 1)
#2565750 0# 0$ 0%
#2566625 0)
#2566875 1! 1" 1# 1$ 1% 1&
#2567125 0*
#2568125 1*
#2568250 1)
#2568500 0" 0&
#2569375 0) 0-
#2569500 0!
#2569625 0#
#2569875 0*
#2570875 1*
#2571500 1!
#2571750 0*
#2572750 1*
#2573250 0!
#2573375 1"
#2573625 0*
#2574625 1*
#2575250 1!
#2575500 0*
#2576500 1*
#2577625 1)
#2577750 1-
#2577875 0! 0$
#2578000 1# 1' 1(
#2578750 0)
#2578875 0(
#2579000 0" 0# 0% 1& 0'
#2579250 0*
#2580250 1*
#2580500 1)
#2580750 1! 1" 1' 1(
#2580875 0,
#2581500 0)
#2581750 0! 0" 0' 0(
#2581875 1# 1%
#2582000 0+
#2583125 1+
#2583250 1)
#2583500 0&
#2583625 1! 1$ 1,
#2584375 0) 0-
#2584500 0!
#2584875 0*
#2585875 1*
#2586500 1!
#2586750 0*
#2587750 1*
#2588250 0!
#2588375 1"
#2588625 0*
#2589625 1*
#2590250 1!
#2590500 0*
#2591500 1*
#2592625 1) 1-
#2592875 0! 0$ 1(
#2593000 1'
#2593750 0)
#2593875 0' 0(
#2594000 0" 0% 1&
#2594250 0*
#2595250 1*
#2595500 1)
#2595750 1! 1" 1$ 1% 1' 1(
#2596500 0)
#2598250 1)
#2598500 0" 0& 0' 0(
#2599250 0-
#2599375 0)
#2599500 0! 0# 0$ 0%
#2599625 1&
#2599875 0*
#2600875 1*
#2601500 1!
#2601750 0*
#2602750 1*
#2603250 0!
#2603375 1"
#2603625 0*
#2604625 1*
#2605250 1!
#2605500 0*
#2606500 1*
#2607625 1) 1-
#2607875 0! 0& 1' 1(
#2608000 1# 1%
#2608750 0)
#2608875 0" 0# 0% 0' 0(
#2609000 1$ 1&
#2609250 0*
#2610250 1*
#2610375 1)
#2610625 0$
#2610750 1! 1" 1' 1(
#2610875 0,
#2611500 0)
#2611750 0" 1# 1% 0' 0(
#2612000 0+
#2613000 1+
#2613250 1)
#2613500 0&
#2613625 1$ 1,
#2614250 0-
#2614375 0)
#2614500 0! 0$ 0%
#2614625 1&
#2614875 0*
#2615875 1*
#2616500 1!
#2616750 0*
#2617750 1*
#2618250 0!
#2618375 1"
#2618625 0*
#2619625 1*
#2620250 1!
#2620500 0*
#2621500 1*
#2622625 1) 1-
#2622875 0! 1% 0& 1' 1(
#2623750 0)
#2623875 0" 0% 0' 0(
#2624000 1$ 1&
#2624250 0*
#2625250 1*
#2625375 1)
#2625625 0# 0$ 0&
#2625750 1!
#2626500 0)
#2626750 1" 1# 1$ 1% 1&
#2627000 0+
#2628000 1+
#2628250 1)
#2628500 0" 0&
#2629250 0-
#2629375 0)
#2629500 0! 0# 0%
#2629625 1&
#2629875 0*
#2630875 1*
#2631500 1!
#2631750 0*
#2632750 1*
#2633250 0!
#2633375 1"
#2633625 0*
#2634625 1*
#2635250 1!
#2635500 0*
#2636500 1*
#2637625 1) 1-
#2637875 0! 1# 0$ 1% 0& 1' 1(
#2638375 00
#2638750 0)
#2638875 0" 0# 0' 0(
#2639000 1&
#2639125 0*
#2640250 1*
#2640375 1)
#2640625 0%
#2640750 1! 1" 1' 1( 0,
#2641500 0)
#2641750 0! 1# 1% 0' 0(
#2642000 0+
#2643000 1+
#2643250 1)
#2643500 1! 0" 1$ 0&
#2643625 1,
#2644250 0-
#2644375 0)
#2644500 0! 0%
#2644625 1&
#2644875 0*
#2645375 10
#2645875 1*
#2646500 1!
#2646625 0*
#2647750 1*
#2648250 0!
#2648375 1"
#2648500 0*
#2649625 1*
#2650250 1!
#2650375 0*
#2651500 1*
#2652625 1) 1-
#2652875 0! 0$ 1% 0& 1' 1(
#2653750 0)
#2653875 0" 0' 0(
#2654000 1&
#2654125 0*
#2655250 1*
#2655375 1)
#2655750 1! 1" 1$ 1' 1(
#2656500 0)
#2658250 1)
#2658500 0" 0& 0' 0(
#2659250 0) 0-
#2659500 0! 0# 0$
#2659625 1&
#2659750 0*
#2660875 1*
#2661500 1!
#2661625 0*
#2662750 1*
#2663250 0!
#2663375 1"
#2663500 0*
#2664625 1*
#2665250 1!
#2665375 0*
#2666500 1*
#2667625 1) 1-
#2667875 0! 1# 0& 1' 1(
#2668750 0)
#2668875 0" 0# 0' 0(
#2669000 1$ 1&
#2669125 0*
#2670250 1*
#2670375 1)
#2670625 0$ 0%
#2670750 1! 1" 1' 1( 0,
#2671500 0)
#2671750 1# 1% 0' 0(
#2672000 0+
#2673000 1+
#2673250 1)
#2673500 0" 1$ 0&
#2673625 1,
#2674250 0-
#2674375 0)
#2674500 0! 0$
#2674625 1&
#2674750 0*
#2675875 1*
#2676500 1!
#2676625 0*
#2677750 1*
#2678250 0!
#2678375 1"
#2678500 0*
#2679625 1*
#2680250 1!
#2680375 0*
#2681500 1*
#2682625 1) 1-
#2682875 0! 0& 1' 1(
#2683750 0)
#2683875 0" 0' 0(
#2684000 1$ 1&
#2684125 0*
#2685250 1*
#2685375 1)
#2685625 0# 0$ 0% 0&
#2685750 1"
#2686500 0)
#2686750 1! 1# 1$ 1% 1&
#2687000 0*
#2688000 1*
#2688250 1)
#2688500 0" 0&
#2689250 0-
#2689375 0)
#2689500 0! 0#
#2689625 1&
#2689750 0*
#2690875 1*
#2691500 1!
#2691750 0*
#2692750 1*
#2693250 0!
#2693375 1"
#2693625 0*
#2694625 1*
#2695250 1!
#2695500 0*
#2696500 1*
#2697625 1) 1-
#2697875 0! 1# 0$ 0& 1' 1(
#2698750 0)
#2698875 0" 0# 0% 0(
#2699250 0*
#2700250 1*
#2700375 1)
#2700750 1! 1" 1& 1(
#2700875 0,
#2701500 0)
#2701750 0! 0" 1$ 1% 0' 0(
#2702000 0+
#2703000 1+
#2703250 1)
#2703500 1! 0&
#2703625 1# 1,
#2704250 0-
#2704375 0)
#2704500 0!
#2704625 1&
#2704875 0*
#2705875 1*
#2706500 1!
#2706750 0*
#2707750 1*
#2708250 0!
#2708375 1"
#2708625 0*
#2709625 1*
#2710250 1!
#2710500 0*
#2711500 1*
#2712625 1) 1-
#2712875 0! 0$ 0& 1' 1(
#2713750 0)
#2713875 0" 0% 0(
#2714250 0*
#2715250 1*
#2715375 1)
#2715750 1! 1" 1$ 1% 1& 1(
#2716500 0)
#2718250 1)
#2718500 0" 0& 0' 0(
#2719250 0-
#2719375 0)
#2719500 0! 0# 0$ 0%
#2719625 1'
#2719875 0*
#2720875 1*
#2721500 1!
#2721750 0*
#2722250 00
#2722750 1*
#2723250 0!
#2723375 1"
#2723625 0*
#2724625 1*
#2725250 1!
#2725500 0*
#2726500 1*
#2727625 1) 1-
#2727875 0!
#2728000 1# 1% 1(
#2728750 0)
#2728875 0# 0(
#2729000 0" 1$ 0%
#2729250 0* 10
#2730250 1*
#2730500 1)
#2730750 1! 1" 0$ 1& 1(
#2730875 0,
#2731500 0)
#2731750 0" 0' 0(
#2731875 1$ 1%
#2732000 0+
#2733125 1+
#2733250 1)
#2733500 0&
#2733625 1# 1,
#2734375 0) 0-
#2734500 0!
#2734625 0$ 0% 1'
#2734875 0*
#2735875 1*
#2736500 1!
#2736750 0*
#2737750 1*
#2738250 0!
#2738375 1"
#2738625 0*
#2739625 1*
#2740250 1!
#2740500 0*
#2741500 1*
#2742625 1)
#2742750 1-
#2742875 0!
#2743000 1% 1(
#2743750 0)
#2744000 0" 1$ 0% 0(
#2744250 0*
#2745250 1*
#2745500 1)
#2745750 1! 1" 0# 0$ 0'
#2746625 0)
#2746875 1# 1$ 1% 1&
#2747125 0+
#2748125 1+
#2748250 1)
#2748500 0" 0&
#2749375 0) 0-
#2749625 0! 0# 0% 1'
#2749875 0*
#2750875 1*
#2751500 1!
#2751750 0*
#2752750 1*
#2753375 0! 1"
#2753625 0*
#2754625 1*
#2755250 1!
#2755500 0*
#2756500 1*
#2757625 1)
#2757750 1-
#2757875 0!
#2758000 1# 0$ 1% 1(
#2758750 0)
#2759000 0" 0# 0(
#2759250 0*
#2760250 1*
#2760500 1)
#2760750 0% 1(
#2760875 1! 1" 1& 0,
#2761625 0)
#2761750 0! 0(
#2761875 1$ 1% 0'
#2762125 0+
#2763125 1+
#2763250 1)
#2763500 0" 0&
#2763625 1! 1#
#2763750 1,
#2764375 0) 0-
#2764625 0! 0% 1'
#2764875 0*
#2765875 1*
#2766500 1!
#2766750 0*
#2767750 1*
#2768375 0!
#2768500 1"
#2768625 0*
#2769625 1*
#2770250 1!
#2770500 0*
#2771500 1*
#2772750 1) 1-
#2773000 0! 0$ 1% 1(
#2773750 0)
#2774000 0" 0(
#2774250 0*
#2775250 1*
#2775500 1)
#2775875 1! 1" 1$ 1& 1(
#2776625 0)
#2778375 1)
#2778625 0" 0& 0' 0(
#2779375 0) 0-
#2779625 0! 0# 0$
#2779750 1'
#2779875 0*
#2781000 1*
#2781625 1!
#2781750 0*
#2782875 1*
#2783375 0!
#2783500 1"
#2783625 0*
#2784750 1*
#2785375 1!
#2785500 0*
#2786625 1*
#2787750 1) 1-
#2788000 0! 1# 1(
#2788875 0)
#2789000 0" 0# 0(
#2789125 1$
#2789375 0*
#2790375 1*
#2790500 1)
#2790750 0$ 0%
#2790875 1! 1" 1& 1(
#2791000 0,
#2791625 0)
#2791875 1$ 1% 0' 0(
#2792125 0+
#2793125 1+
#2793375 1)
#2793625 0" 0&
#2793750 1# 1,
#2794375 0-
#2794500 0)
#2794625 0! 0$
#2794750 1'
#2795000 0*
#2796000 1*
#2796625 1!
#2796875 0*
#2797875 1*
#2798375 0!
#2798500 1"
#2798750 0*
#2799750 1*
#2800375 1!
#2800625 0*
#2801625 1*
#2802750 1) 1-
#2803000 0! 1(
#2803875 0)
#2804000 0" 0(
#2804125 1$
#2804375 0*
#2805375 1*
#2805500 1)
#2805750 0$ 0% 0'
#2806125 00
#2806625 0)
#2806875 1! 1$ 1%
#2807000 1" 1&
#2807125 0*
#2808125 1*
#2808375 1)
#2808625 0" 0&
#2809375 0-
#2809500 0)
#2809625 0! 0#
#2809750 1'
#2810000 0*
#2811000 1*
#2811625 1!
#2811875 0*
#2812875 1*
#2813125 10
#2813375 0!
#2813500 1"
#2813750 0*
#2814750 1*
#2815375 1!
#2815625 0*
#2816625 1*
#2817750 1) 1-
#2818000 0! 0$
#2818125 1# 1(
#2818875 0)
#2819000 0# 0(
#2819125 0" 0% 1&
#2819375 0*
#2820375 1*
#2820625 1)
#2820875 1! 1" 1(
#2821000 0,
#2821625 0)
#2821875 0! 0" 0' 0(
#2822000 1# 1$ 1%
#2822125 0+
#2823250 1+
#2823375 1)
#2823625 0&
#2823750 1! 1,
#2824500 0) 0-
#2824625 0!
#2824750 1'
#2825000 0*
#2826000 1*
#2826625 1!
#2826875 0*
#2827875 1*
#2828375 0!
#2828500 1"
#2828750 0*
#2829750 1*
#2830375 1!
#2830625 0*
#2831625 1*
#2832750 1)
#2832875 1-
#2833000 0! 0$
#2833125 1(
#2833875 0)
#2834125 0" 0% 1& 0(
#2834375 0*
#2835375 1*
#2835625 1)
#2835875 1! 1(
#2836000 1" 1$ 1%
#2836750 0)
#2838375 1)
#2838625 0(
#2838750 0" 0& 0'
#2839500 0) 0-
#2839750 0! 0# 0$ 0% 1& 1'
#2840000 0*
#2841000 1*
#2841625 1!
#2841875 0*
#2842875 1*
#2843500 0! 1"
#2843750 0*
#2844750 1*
#2845375 1!
#2845625 0*
#2846625 1*
#2847750 1)
#2847875 1-
#2848000 0! 0&
#2848125 1# 1% 1(
#2848875 0)
#2849125 0" 0# 1$ 0% 1& 0(
#2849375 0*
#2850375 1*
#2850625 1)
#2850875 0$ 1(
#2851000 1! 1" 0,
#2851750 0)
#2851875 0" 0(
#2852000 1# 1$ 1% 0'
#2852250 0+
#2853250 1+
#2853375 1)
#2853625 0&
#2853875 1,
#2854500 0) 0-
#2854750 0! 0$ 0% 1& 1'
#2855000 0*
#2856000 1*
#2856625 1!
#2856875 0*
#2857875 1*
#2858500 0! 1"
#2858750 0*
#2859750 1*
#2860375 1!
#2860625 0*
#2861625 1*
#2862875 1) 1-
#2863000 0!
#2863125 1% 0& 1(
#2863875 0)
#2864125 0" 0% 1& 0(
#2864250 1$
#2864375 0*
#2865375 1*
#2865625 1)
#2865875 0$ 0& 0'
#2866000 1!
#2866750 0)
#2867000 1" 1$ 1% 1&
#2867250 0+
#2868250 1+
#2868500 1)
#2868750 0" 0&
#2869500 0) 0-
#2869750 0! 0# 0% 1& 1'
#2870000 0*
#2871000 1*
#2871625 1!
#2871875 0*
#2872875 1*
#2873500 0!
#2873625 1"
#2873750 0*
#2874750 1*
#2875375 1!
#2875625 0*
#2876625 1*
#2877875 1) 1-
#2878125 0! 1# 0$ 1% 0& 1(
#2878875 0)
#2879125 0" 0# 1& 0(
#2879375 0*
#2880375 1*
#2880625 1)
#2880875 0%
#2881000 1! 1" 1( 0,
#2881750 0)
#2881875 0! 0(
#2882000 1# 1$ 1% 0'
#2882250 0+
#2883250 1+
#2883500 1)
#2883750 1! 0" 0&
#2883875 1,
#2884500 0) 0-
#2884750 0! 0%
#2884875 1& 1'
#2885000 0*
#2886000 1*
#2886625 1!
#2886875 0*
#2887875 1*
#2888500 0!
#2888625 1"
#2888750 0*
#2889750 1*
#2890000 00
#2890375 1!
#2890625 0*
#2891625 1*
#2892875 1) 1-
#2893125 0! 0$ 1% 0& 1(
#2893875 0)
#2894125 0" 0(
#2894250 1&
#2894375 0*
#2895375 1*
#2895625 1)
#2896000 1! 1" 1$ 1(
#2896750 0)
#2897000 10
#2898500 1)
#2898750 0" 0& 0' 0(
#2899500 0) 0-
#2899750 0! 0# 0$ 1& 1'
#2900000 0*
#2901000 1*
#2901625 1!
#2901875 0*
#2902875 1*
#2903500 0!
#2903625 1"
#2903750 0*
#2904750 1*
#2905375 1!
#2905625 0*
#2906625 1*
#2907875 1) 1-
#2908125 0! 1# 0& 1(
#2908875 0)
#2909125 0" 0# 0(
#2909250 1$ 1&
#2909375 0*
#2910375 1*
#2910625 1)
#2910875 0$ 0%
#2911000 1! 1" 1( 0,
#2911750 0)
#2911875 0(
#2912000 1# 1$ 1% 0'
#2912250 0+
#2913250 1+
#2913500 1)
#2913750 0" 0&
#2913875 1,
#2914500 0) 0-
#2914750 0! 0$ 1&
#2914875 1'
#2915000 0*
#2916000 1*
#2916625 1!
#2916875 0*
#2917875 1*
#2918500 0!
#2918625 1"
#2918750 0*
#2919750 1*
#2920375 1!
#2920625 0*
#2921625 1*
#2922875 1) 1-
#2923000 0!
#2923125 0& 1(
#2923875 0)
#2924125 0" 1& 0(
#2924250 1$
#2924375 0*
#2925375 1*
#2925625 1)
#2925875 0$ 0% 0& 0'
#2926000 1"
#2926750 0)
#2927000 1! 1$ 1% 1&
#2927250 0*
#2928250 1*
#2928500 1)
#2928625 0&
#2928750 0"
#2929500 0) 0-
#2929750 0! 0# 1& 1'
#2930000 0*
#2931000 1*
#2931625 1!
#2931875 0*
#2932875 1*
#2933500 0!
#2933625 1"
#2933750 0*
#2934750 1*
#2935375 1!
#2935625 0*
#2936625 1*
#2937750 1)
#2937875 1-
#2938125 1# 1(
#2938875 0)
#2939375 0+
#2940375 1+
#2940625 1)
#2940875 0# 0$ 0%
#2941000 0,
#2941750 0)
#2941875 0! 0" 0& 0(
#2942250 0+
#2943250 1+
#2943375 1)
#2943625 0'
#2943750 1! 1# 1$ 1%
#2943875 1,
#2944500 0) 0-
#2944750 0! 1& 1'
#2945000 0*
#2946000 1*
#2946625 1!
#2946875 0*
#2947875 1*
#2948500 0! 1"
#2948750 0*
#2949750 1*
#2950375 1!
#2950625 0*
#2951625 1*
#2952750 1)
#2952875 1-
#2953000 0!
#2953125 0$ 0& 1(
#2953875 0)
#2954125 0" 0# 0(
#2954375 0*
#2955375 1*
#2956000 1!
#2956250 0*
#2957250 1*
#2957875 0! 1"
#2958125 0*
#2958875 1)
#2959125 1*
#2959250 1# 1(
#2960000 0)
#2960125 0(
#2960250 0"
#2960500 0*
#2961500 1*
#2962125 1!
#2962375 0*
#2963375 1*
#2963875 0!
#2964000 1"
#2964250 0*
#2965000 1)
#2965250 1! 0# 0% 1( 1*
#2965375 1& 0,
#2966125 0)
#2966250 0" 0& 0(
#2966625 0+
#2967625 1+
#2967750 1)
#2968000 0!
#2968125 1" 1$ 1% 1(
#2968250 1,
#2968875 0)
#2969125 0% 0'
#2969375 0*
#2970375 1*
#2971000 1%
#2971250 0*
#2972250 1*
#2972500 1)
#2972750 1! 0" 0$ 1'
#2972875 1#
#2973625 0)
#2973750 0! 0# 0% 0(
#2973875 1" 1$ 00
#2974000 0*
#2975125 1*
#2975250 1)
#2975625 1% 1(
#2976375 0)
#2976625 0% 1& 0'
#2976875 0*
#2977875 1*
#2978500 1%
#2978750 0*
#2979750 1*
#2980000 1)
#2980250 1! 0" 1# 0$ 0& 1'
#2980750 10
#2981000 0)
#2981250 0! 0# 0(
#2981375 1" 1$
#2981500 0*
#2982500 1*
#2982750 1)
#2983000 0$
#2983125 1# 1(
#2983875 0)
#2984000 0# 0(
#2984125 0" 1$
#2984375 0*
#2985375 1*
#2986000 1!
#2986250 0*
#2987250 1*
#2987750 0!
#2987875 1"
#2988125 0*
#2988875 1)
#2989125 0$ 1*
#2989250 1# 1(
#2990000 0)
#2990125 0" 0(
#2990250 1$
#2990500 0*
#2991500 1*
#2992125 1!
#2992375 0*
#2993375 1*
#2993875 0!
#2994000 1"
#2994250 0*
#2995000 1)
#2995250 1*
#2995625 0# 0$ 0%
#2995750 1! 1& 1(
#2995875 0,
#2996500 0)
#2996750 0! 0& 0(
#2997000 0+
#2998000 1+
#2998750 1)
#2999000 1$ 1% 1(
#2999125 1,
#2999750 0)
#3000500 0%
#3000750 0*
#3001750 1*
#3002875 1%
#3003125 0*
#3004125 1*
#3004250 1)
#3004500 0"
#3004625 1! 1# 0$
#3005375 0)
#3005625 0! 1" 0# 1$ 0% 1& 0(
#3005875 0*
#3006875 1*
#3007125 1)
#3007375 0& 1(
#3007500 1%
#3008250 0)
#3008375 0%
#3008500 1&
#3008750 0*
#3009750 1*
#3010375 1%
#3010625 0*
#3011625 1*
#3011750 1)
#3012000 0" 0&
#3012125 1! 1# 0$
#3012875 0)
#3013125 0! 1" 0# 1$ 1& 0(
#3013375 0*
#3014375 1*
#3014625 1)
#3014875 0$ 0& 1(
#3015000 1#
#3015750 0)
#3015875 0" 0# 0% 0' 0(
#3016250 0*
#3017250 1*
#3017875 1!
#3018125 0*
#3019125 1*
#3019625 0!
#3019750 1"
#3020000 0*
#3020750 1)
#3021000 1' 1( 1*
#3021125 1# 1%
#3021750 0)
#3022000 0" 0# 0% 0' 0(
#3022250 0*
#3023250 1*
#3023875 1!
#3024125 0*
#3025125 1*
#3025750 0!
#3025875 1"
#3026000 0*
#3026750 1)
#3027000 1*
#3027125 1! 1& 1' 1(
#3027250 0,
#3027875 0)
#3028125 0& 0(
#3028375 0+
#3029375 1+
#3029625 1)
#3029875 0! 0" 1% 1(
#3030000 1$ 1,
#3030750 0)
#3030875 0% 0' 0(
#3031000 1"
#3031125 0*
#3032250 1*
#3032875 1%
#3033000 0*
#3034125 1*
#3034250 1)
#3034500 0" 0$
#3034625 1# 1' 1(
#3035375 0)
#3035625 1" 0# 1$ 0% 0' 0(
#3035875 0*
#3036875 1*
#3037125 1)
#3037375 0" 1% 1' 1(
#3038250 0)
#3038375 0% 0' 0(
#3038500 1"
#3038625 0*
#3039750 1*
#3040375 1%
#3040500 0*
#3041625 1*
#3041750 1)
#3042000 0" 0$
#3042125 1# 1' 1(
#3042875 0)
#3043125 1" 0# 1$ 0% 0' 0(
#3043375 0*
#3044375 1*
#3044625 1)
#3044875 1# 0$ 1% 1' 1(
#3045625 0)
#3045875 0" 0# 0% 0' 0(
#3046125 0*
#3047125 1*
#3047875 1!
#3048000 0*
#3049125 1*
#3049625 0!
#3049750 1"
#3049875 0*
#3050625 1)
#3050875 1*
#3051000 1# 1% 1' 1(
#3051750 0)
#3052000 0" 0# 0% 0' 0(
#3052250 0*
#3053250 1*
#3053875 1!
#3054125 0*
#3055125 1*
#3055750 0! 1"
#3056000 0*
#3056750 1)
#3057000 1*
#3057125 1! 1& 1' 1( 0,
#3057625 00
#3057875 0)
#3058000 0! 0(
#3058125 0" 1# 0&
#3058375 0+
#3059375 1+
#3059625 1)
#3059875 0# 1$ 1% 1(
#3060000 1,
#3060625 0)
#3060875 0% 0' 0(
#3061000 1"
#3061125 0*
#3062125 1*
#3062750 1%
#3063000 0*
#3064000 1*
#3064250 1)
#3064500 0" 0$
#3064625 1# 1' 1( 10
#3065375 0)
#3065500 0(
#3065625 1" 0# 1$ 0% 0'
#3065875 0*
#3066875 1*
#3067125 1)
#3067250 0"
#3067375 1% 1' 1(
#3068125 0)
#3068375 0% 0' 0(
#3068500 1"
#3068625 0*
#3069625 1*
#3070250 1%
#3070500 0*
#3071500 1*
#3071750 1)
#3072000 0" 0$
#3072125 1# 1' 1(
#3072875 0)
#3073000 0(
#3073125 1" 0# 1$ 0% 0'
#3073375 0*
#3074375 1*
#3074625 1)
#3089750 0$
#3089875 1! 1& 1' 1(
#3090000 0,
#3090625 0)
#3090875 0" 0& 0(
#3091000 1#
#3091125 0+
#3092250 1+
#3092375 1)
#3093625 1" 1$ 1% 1& 1(
#3093750 1,
#3094375 0)
#3096125 1)
#3099250 0! 0$ 0&
#3100000 0)
#3100250 0" 0# 0% 0' 0(
#3100500 0*
#3101500 1*
#3101750 1)
#3102125 1! 1" 1# 1$ 1% 1& 1' 1(
#3102875 0)
#3104625 1)
#3105625 0)
#3106125 0+
#3107125 1+
#3108000 0+
#3109125 1+
#3109875 0+
#3111000 1+
#3111750 0+
#3112875 1+
#3114000 1)
#3114250 0! 0$ 0&
#3115000 0)
#3115250 0" 0% 0' 0(
#3115500 0*
#3116500 1*
#3116750 1)
#3117000 0#
#3117125 1! 1" 1& 1' 1( 0,
#3117875 0)
#3118000 0! 0(
#3118125 1# 0&
#3118375 0+
#3119375 1+
#3119625 1)
#3119875 1! 0" 1$ 1% 0'
#3120000 1,
#3120625 0) 0-
#3120875 0! 0# 0$ 0% 1(
#3121125 0*
#3122125 1*
#3122750 1!
#3123000 0*
#3124000 1*
#3124625 0!
#3124750 1"
#3124875 0*
#3125875 1*
#3126500 1!
#3126750 0*
#3127750 1*
#3129000 1) 1-
#3129125 0!
#3129250 1# 1% 1'
#3130000 0)
#3130250 0" 0# 0% 0' 0(
#3130375 1$
#3130500 0*
#3131500 1*
#3131750 1)
#3132125 1! 1" 1# 1% 1& 1' 1(
#3132875 0)
#3134625 1)
#3134875 0" 0& 0' 0(
#3135625 0) 0-
#3135875 0! 0$ 0% 1(
#3136125 0*
#3137250 1*
#3137875 1!
#3138000 0*
#3139125 1*
#3139625 0!
#3139750 1"
#3139875 0*
#3141000 1*
#3141500 00
#3141625 1!
#3141750 0*
#3142875 1*
#3144000 1) 1-
#3144250 0! 1% 1'
#3145125 0)
#3145250 0" 0% 0' 0(
#3145375 1$
#3145500 0*
#3146625 1*
#3146750 1)
#3147000 0$
#3147125 1! 1"
#3147875 0)
#3148125 1$ 1% 1&
#3148375 0+
#3148500 10
#3149375 1+
#3149625 1)
#3149875 0" 0&
#3150625 0-
#3150750 0)
#3150875 0! 0# 0%
#3151000 1(
#3151250 0*
#3152250 1*
#3152875 1!
#3153125 0*
#3154125 1*
#3154625 0!
#3154750 1"
#3155000 0*
#3156000 1*
#3156625 1!
#3156875 0*
#3157875 1*
#3159000 1) 1-
#3159250 0! 0$ 1'
#3159375 1# 1%
#3160125 0)
#3160250 0" 0# 0' 0(
#3160625 0*
#3161625 1*
#3161750 1)
#3162000 0%
#3162125 1! 1" 1& 1' 1(
#3162250 0,
#3162875 0)
#3163125 1# 0& 0(
#3163375 0+
#3164375 1+
#3164625 1)
#3164875 0" 0'
#3165000 1$ 1% 1,
#3165750 0) 0-
#3165875 0! 0%
#3166000 1(
#3166250 0*
#3167250 1*
#3167875 1!
#3168125 0*
#3169125 1*
#3169625 0!
#3169750 1"
#3170000 0*
#3171000 1*
#3171625 1!
#3171875 0*
#3172875 1*
#3174000 1) 1-
#3174250 0! 0$
#3174375 1% 1'
#3175125 0)
#3175250 0' 0(
#3175375 0"
#3175625 0*
#3176625 1*
#3176875 1)
#3177125 1! 1" 1$ 1& 1' 1(
#3177875 0)
#3179625 1)
#3179875 0" 0& 0' 0(
#3180750 0) 0-
#3180875 0!
#3181000 0# 0$ 1(
#3181250 0*
#3182250 1*
#3182875 1!
#3183125 0*
#3184125 1*
#3184625 0!
#3184750 1"
#3185000 0*
#3186000 1*
#3186625 1!
#3186875 0*
#3187875 1*
#3189000 1)
#3189125 1-
#3189250 0!
#3189375 1# 1'
#3190125 0)
#3190375 0" 0# 1$ 0' 0(
#3190625 0*
#3191625 1*
#3191875 1)
#3192125 1! 1" 0$ 0% 1& 1' 1(
#3192250 0,
#3193000 0)
#3193125 0! 0" 0& 0(
#3193250 1$
#3193500 0+
#3194500 1+
#3194625 1)
#3194875 0'
#3195000 1! 1# 1% 1,
#3195750 0) 0-
#3195875 0!
#3196000 0$ 1(
#3196250 0*
#3197250 1*
#3197875 1!
#3198125 0*
#3199125 1*
#3199750 0! 1"
#3200000 0*
#3201000 1*
#3201625 1!
#3201875 0*
#3202875 1*
#3204000 1)
#3204125 1-
#3204250 0!
#3204375 1'
#3205125 0)
#3205375 0" 1$ 0' 0(
#3205625 0*
#3206625 1*
#3206875 1)
#3207125 0# 0%
#3208000 0)
#3208250 1! 1" 1# 1% 1&
#3208500 0*
#3209500 1*
#3209625 1)
#3209875 0" 0&
#3210750 0) 0-
#3211000 0! 0# 1(
#3211250 0*
#3212250 1*
#3212875 1!
#3213125 0*
#3214125 1*
#3214750 0!
#3214875 1"
#3215000 0*
#3216000 1*
#3216625 1!
#3216875 0*
#3217875 1*
#3219125 1) 1-
#3219250 0!
#3219375 1# 0$ 1'
#3220125 0)
#3220375 0" 0# 0% 1& 0' 0(
#3220625 0*
#3221625 1*
#3221875 1)
#3222250 1! 1" 1' 1( 0,
#3223000 0)
#3223125 0(
#3223250 0" 1$ 0&
#3223500 0+
#3224500 1+
#3224750 1)
#3225000 1# 1% 0'
#3225125 1,
#3225375 00
#3225750 0) 0-
#3226000 0! 1(
#3226250 0*
#3227250 1*
#3227875 1!
#3228125 0*
#3229250 1*
#3229750 0!
#3229875 1"
#3230000 0*
#3231125 1*
#3231625 1!
#3231875 0*
#3232375 10
#3233000 1*
#3234125 1) 1-
#3234375 0! 0$ 1'
#3235250 0)
#3235375 0" 0% 0' 0(
#3235500 1&
#3235625 0*
#3236750 1*
#3236875 1)
#3237250 1! 1" 1$ 1% 1' 1(
#3238000 0)
#3239750 1)
#3240000 0" 0& 0' 0(
#3240750 0-
#3240875 0)
#3241000 0! 0# 0$ 0%
#3241125 1& 1(
#3241250 0*
#3242375 1*
#3243000 1!
#3243250 0*
#3244250 1*
#3244750 0!
#3244875 1"
#3245125 0*
#3246125 1*
#3246750 1!
#3247000 0*
#3248000 1*
#3249125 1) 1-
#3249375 0! 0& 1'
#3249500 1# 1%
#3250250 0)
#3250375 0" 0# 0% 0' 0(
#3250500 1$ 1&
#3250750 0*
#3251750 1*
#3251875 1)
#3252125 0$
#3252250 1! 1" 1' 1(
#3252375 0,
#3253000 0)
#3253250 0! 1$ 0& 0(
#3253500 0+
#3254500 1+
#3254750 1)
#3255000 1! 0" 0'
#3255125 1# 1% 1,
#3255875 0) 0-
#3256000 0! 0$ 0%
#3256125 1& 1(
#3256375 0*
#3257375 1*
#3258000 1!
#3258250 0*
#3259250 1*
#3259750 0!
#3259875 1"
#3260125 0*
#3261125 1*
#3261750 1!
#3262000 0*
#3263000 1*
#3264125 1) 1-
#3264375 0! 0&
#3264500 1% 1'
#3265250 0)
#3265375 0% 0'
#3265500 0" 1$ 1& 0(
#3265750 0*
#3266750 1*
#3267000 1)
#3267125 0&
#3267250 1! 0#
#3268000 0)
#3268375 1" 1# 1% 1&
#3268500 0+
#3269625 1+
#3269750 1)
#3270000 0" 0&
#3270875 0) 0-
#3271000 0! 0#
#3271125 0% 1& 1(
#3271375 0*
#3272375 1*
#3273000 1!
#3273250 0*
#3274250 1*
#3274750 0!
#3274875 1"
#3275125 0*
#3276125 1*
#3276750 1!
#3277000 0*
#3278000 1*
#3279125 1)
#3279250 1-
#3279375 0! 0$ 0&
#3279500 1# 1% 1'
#3280250 0)
#3280500 0" 0# 1& 0' 0(
#3280750 0*
#3281750 1*
#3282000 1)
#3282250 1! 1" 0% 1' 1(
#3282375 0,
#3283125 0)
#3283250 0& 0(
#3283375 1$
#3283625 0+
#3284625 1+
#3284750 1)
#3285000 0" 0'
#3285125 1# 1% 1,
#3285875 0) 0-
#3286000 0!
#3286125 0% 1& 1(
#3286375 0*
#3287375 1*
#3288000 1!
#3288250 0*
#3289250 1*
#3289750 0!
#3289875 1"
#3290125 0*
#3291125 1*
#3291750 1!
#3292000 0*
#3293000 1*
#3294125 1)
#3294250 1-
#3294375 0! 0$ 0&
#3294500 1% 1'
#3295250 0)
#3295500 0" 1& 0' 0(
#3295750 0*
#3296750 1*
#3297000 1)
#3297250 1! 1' 1(
#3297375 1" 1$
#3298125 0)
#3299750 1)
#3300000 0" 0' 0(
#3300125 0&
#3300875 0) 0-
#3301125 0! 0# 0$ 1& 1(
#3301375 0*
#3302375 1*
#3303000 1!
#3303250 0*
#3304250 1*
#3304875 0! 1"
#3305125 0*
#3306125 1*
#3306750 1!
#3307000 0*
#3308000 1*
#3309125 1)
#3309250 1- 00
#3309375 0! 0&
#3309500 1# 1'
#3310250 0)
#3310500 0" 0# 1$ 1& 0' 0(
#3310750 0*
#3311750 1*
#3312000 1)
#3312250 1! 0$ 0% 1' 1(
#3312375 1" 0,
#3313125 0)
#3313250 0! 0" 0& 0(
#3313375 1# 1$
#3313625 0+
#3314625 1+
#3314750 1)
#3315000 0'
#3315125 1! 1%
#3315250 1,
#3315875 0) 0-
#3316125 0! 0$ 1& 1( 10
#3316375 0*
#3317375 1*
#3318000 1!
#3318250 0*
#3319250 1*
#3319875 0! 1"
#3320125 0*
#3321125 1*
#3321750 1!
#3322000 0*
#3323000 1*
#3324125 1)
#3324250 1-
#3324375 0! 0&
#3324500 1'
#3325250 0)
#3325500 0" 1$ 1& 0' 0(
#3325750 0*
#3326750 1*
#3327000 1)
#3327250 0# 0% 0&
#3327375 1"
#3328125 0)
#3328375 1! 1# 1% 1&
#3328625 0*
#3329625 1*
#3329750 1)
#3330000 0&
#3330125 0"
#3330875 0) 0-
#3331125 0! 0# 1& 1(
#3331375 0*
#3332375 1*
#3333000 1!
#3333250 0*
#3334250 1*
#3334875 0! 1"
#3335125 0*
#3336125 1*
#3336750 1!
#3337000 0*
#3338000 1*
#3339125 1)
#3339250 1-
#3339375 0! 0&
#3339500 1# 0$ 1'
#3340250 0)
#3340500 0" 0# 0% 0(
#3340750 0*
#3341750 1*
#3342000 1)
#3342250 1! 1(
#3342375 1" 1& 0,
#3343125 0)
#3343250 0" 0& 0(
#3343375 1# 1$
#3343625 0+
#3344625 1+
#3344750 1)
#3345000 0'
#3345125 1%
#3345250 1,
#3345875 0) 0-
#3346125 0! 1& 1(
#3346375 0*
#3347375 1*
#3348000 1!
#3348250 0*
#3349250 1*
#3349875 0! 1"
#3350125 0*
#3351125 1*
#3351750 1!
#3352000 0*
#3353000 1*
#3354125 1)
#3354250 1-
#3354375 0! 0&
#3354500 0$ 1'
#3355250 0)
#3355500 0" 0% 0(
#3355750 0*
#3356750 1*
#3357000 1)
#3357250 1(
#3357375 1! 1" 1$ 1% 1&
#3358125 0)
#3359750 1)
#3360000 0& 0(
#3360125 0" 0'
#3360875 0) 0-
#3361125 0! 0# 0$ 0% 1' 1(
#3361375 0*
#3362375 1*
#3363000 1!
#3363250 0*
#3364250 1*
#3364875 0! 1"
#3365125 0*
#3366125 1*
#3366750 1!
#3367000 0*
#3368000 1*
#3369125 1)
#3369250 1-
#3369375 0!
#3369500 1# 1%
#3370250 0)
#3370500 0" 0# 1$ 0% 0(
#3370750 0*
#3371750 1*
#3372000 1)
#3372250 1! 1" 0$ 1(
#3372375 1& 0,
#3373125 0)
#3373250 0! 0& 0(
#3373375 1# 1$
#3373625 0+
#3374625 1+
#3374750 1)
#3375000 0" 0'
#3375125 1! 1% 1,
#3375875 0) 0-
#3376000 0!
#3376125 0$ 0% 1' 1(
#3376375 0*
#3377375 1*
#3378000 1!
#3378250 0*
#3379250 1*
#3379750 0!
#3379875 1"
#3380125 0*
#3381125 1*
#3381750 1!
#3382000 0*
#3383000 1*
#3384125 1)
#3384250 1-
#3384375 0!
#3384500 1%
#3385250 0)
#3385500 0" 1$ 0% 0(
#3385750 0*
#3386750 1*
#3387000 1)
#3387250 1! 1" 0# 0'
#3388000 0)
#3388375 1# 1% 1&
#3388625 0+
#3389625 1+
#3389750 1)
#3390000 0" 0&
#3390875 0) 0-
#3391000 0!
#3391125 0# 0% 1' 1(
#3391375 0*
#3392375 1*
#3393000 1! 00
#3393250 0*
#3394250 1*
#3394750 0!
#3394875 1"
#3395125 0*
#3396125 1*
#3396750 1!
#3397000 0*
#3398000 1*
#3399125 1) 1-
#3399375 0! 0$
#3399500 1# 1%
#3400000 10
#3400250 0)
#3400375 0#
#3400500 0" 0(
#3400750 0*
#3401750 1*
#3402000 1)
#3402125 0%
#3402250 1! 1" 1& 1(
#3402375 0,
#3403000 0)
#3403250 1# 0& 0(
#3403375 1$
#3403500 0+
#3404625 1+
#3404750 1)
#3405000 0" 0'
#3405125 1% 1,
#3405875 0) 0-
#3406000 0! 0%
#3406125 1' 1(
#3406375 0*
#3407375 1*
#3408000 1!
#3408250 0*
#3409250 1*
#3409750 0!
#3409875 1"
#3410125 0*
#3411125 1*
#3411750 1!
#3412000 0*
#3413000 1*
#3414125 1) 1-
#3414375 0! 0$
#3414500 1%
#3415250 0)
#3415375 0" 0(
#3415750 0*
#3416750 1*
#3416875 1)
#3417250 1! 1" 1$ 1& 1(
#3418000 0)
#3419750 1)
#3420000 0" 0& 0' 0(
#3420750 0-
#3420875 0)
#3421000 0! 0# 0$
#3421125 1' 1(
#3421375 0*
#3422375 1*
#3423000 1!
#3423250 0*
#3424250 1*
#3424750 0!
#3424875 1"
#3425125 0*
#3426125 1*
#3426750 1!
#3427000 0*
#3428000 1*
#3429125 1) 1-
#3429375 0!
#3429500 1#
#3430250 0)
#3430375 0" 0# 0(
#3430500 1$
#3430750 0*
#3431750 1*
#3431875 1)
#3432125 0$ 0%
#3432250 1! 1" 1& 1(
#3432375 0,
#3433000 0)
#3433250 0! 0" 1% 0& 0(
#3433500 0+
#3434500 1+
#3434750 1)
#3435000 1! 1# 1$ 0'
#3435125 1,
#3435750 0-
#3435875 0)
#3436000 0! 0$
#3436125 1' 1(
#3436375 0*
#3437375 1*
#3438000 1!
#3438250 0*
#3439250 1*
#3439750 0!
#3439875 1"
#3440125 0*
#3441125 1*
#3441750 1!
#3441875 0*
#3443000 1*
#3444125 1) 1-
#3444375 0!
#3445250 0)
#3445375 0" 0(
#3445500 1$
#3445625 0*
#3446750 1*
#3446875 1)
#3447125 0% 0'
#3448000 0)
#3448250 1! 1" 1% 1&
#3448500 0*
#3449500 1*
#3449750 1)
#3450000 0" 0&
#3450750 0) 0-
#3451000 0! 0#
#3451125 1' 1(
#3451250 0*
#3452250 1*
#3452875 1!
#3453125 0*
#3454250 1*
#3454750 0!
#3454875 1"
#3455000 0*
#3456000 1*
#3456625 1!
#3456875 0*
#3457875 1*
#3459125 1) 1-
#3459375 0! 1# 0$
#3460125 0)
#3460375 0" 0# 0% 0(
#3460500 1&
#3460625 0*
#3461625 1*
#3461875 1)
#3462250 1! 1" 1( 0,
#3463000 0)
#3463125 0(
#3463250 0" 1% 0&
#3463500 0+
#3464500 1+
#3464750 1)
#3465000 1# 1$ 0'
#3465125 1,
#3465750 0) 0-
#3466000 0! 1(
#3466125 1'
#3466250 0*
#3467250 1*
#3467875 1!
#3468125 0*
#3469125 1*
#3469750 0!
#3469875 1"
#3470000 0*
#3471000 1*
#3471625 1!
#3471875 0*
#3472875 1*
#3474125 1) 1-
#3474250 0!
#3474375 0$
#3475125 0)
#3475375 0" 0% 1& 0(
#3475625 0*
#3476625 1*
#3476875 1) 00
#3477250 1! 1" 1$ 1% 1(
#3478000 0)
#3479625 1)
#3480000 0" 0& 0' 0(
#3480750 0) 0-
#3481000 0! 0# 0$ 0% 1& 1' 1(
#3481250 0*
#3482250 1*
#3482875 1!
#3483125 0*
#3483875 10
#3484125 1*
#3484750 0! 1"
#3485000 0*
#3486000 1*
#3486625 1!
#3486875 0*
#3487875 1*
#3489000 1)
#3489125 1-
#3489250 0! 0&
#3489375 1# 1%
#3490125 0)
#3490375 0" 0# 1$ 0% 1& 0(
#3490625 0*
#3491625 1*
#3491875 1)
#3492125 1! 0$ 1(
#3492250 1" 0,
#3493000 0)
#3493125 0! 0& 0(
#3493250 1%
#3493500 0+
#3494500 1+
#3494625 1)
#3494875 0" 0'
#3495000 1! 1# 1$
#3495125 1,
#3495750 0) 0-
#3496000 0! 0$ 0% 1& 1' 1(
#3496250 0*
#3497250 1*
#3497875 1!
#3498125 0*
#3499125 1*
#3499750 0! 1"
#3500000 0*
#3501000 1*
#3501625 1!
#3501875 0*
#3502875 1*
#3504000 1)
#3504125 1-
#3504250 0! 0&
#3504375 1%
#3505125 0)
#3505375 0" 1$ 0% 1& 0(
#3505625 0*
#3506625 1*
#3506875 1)
#3507125 1! 0& 0'
#3508000 0)
#3508250 1" 1% 1&
#3508500 0+
#3509500 1+
#3509625 1)
#3509875 0" 0&
#3510750 0) 0-
#3511000 0! 0# 0% 1& 1' 1(
#3511250 0*
#3512250 1*
#3512875 1!
#3513125 0*
#3514125 1*
#3514750 0! 1"
#3515000 0*
#3516000 1*
#3516625 1!
#3516875 0*
#3517875 1*
#3519000 1)
#3519125 1-
#3519250 0! 0&
#3519375 1# 0$ 1%
#3520125 0)
#3520375 0" 0# 1& 0(
#3520625 0*
#3521625 1*
#3521875 1)
#3522125 1! 1" 0% 1(
#3522250 0,
#3523000 0)
#3523125 0& 0(
#3523250 1%
#3523500 0+
#3524500 1+
#3524625 1)
#3524875 0" 0'
#3525000 1# 1$
#3525125 1,
#3525750 0) 0-
#3526000 0! 0% 1& 1' 1(
#3526250 0*
#3527250 1*
#3527875 1!
#3528125 0*
#3529125 1*
#3529750 0! 1"
#3530000 0*
#3531000 1*
#3531625 1!
#3531875 0*
#3532875 1*
#3534000 1)
#3534125 1-
#3534250 0! 0&
#3534375 0$ 1%
#3535125 0)
#3535375 0" 1& 0(
#3535625 0*
#3536625 1*
#3536875 1)
#3537125 1! 1(
#3537250 1" 1$
#3538000 0)
#3539625 1)
#3539875 0& 0(
#3540000 0" 0'
#3540750 0) 0-
#3541000 0! 0# 0$ 1& 1' 1(
#3541250 0*
#3542250 1*
#3542875 1!
#3543125 0*
#3544125 1*
#3544750 0! 1"
#3545000 0*
#3546000 1*
#3546625 1!
#3546875 0*
#3547875 1*
#3549000 1)
#3549125 1-
#3549250 0! 0&
#3549375 1#
#3550125 0)
#3550375 0" 0# 1$ 1& 0(
#3550625 0*
#3551625 1*
#3551875 1)
#3552125 1! 0$ 0% 1(
#3552250 1" 0,
#3553000 0)
#3553125 0! 0" 0& 0(
#3553250 1# 1%
#3553500 0+
#3554500 1+
#3554625 1)
#3554875 0'
#3555000 1! 1$
#3555125 1,
#3555750 0) 0-
#3556000 0! 0$ 1& 1' 1(
#3556250 0*
#3557250 1*
#3557875 1!
#3558125 0*
#3559125 1*
#3559750 0! 1"
#3560000 0*
#3560750 00
#3561000 1*
#3561625 1!
#3561875 0*
#3562875 1*
#3564000 1)
#3564125 1-
#3564250 0!
#3564375 0&
#3565125 0)
#3565375 0" 1$ 1& 0(
#3565625 0*
#3566625 1*
#3566875 1)
#3567125 0% 0& 0'
#3567250 1"
#3567750 10
#3568000 0)
#3568250 1! 1% 1&
#3568500 0*
#3569500 1*
#3569625 1)
#3569875 0&
#3570000 0"
#3570750 0) 0-
#3571000 0! 0# 1& 1' 1(
#3571250 0*
#3572250 1*
#3572875 1!
#3573125 0*
#3574125 1*
#3574750 0!
#3574875 1"
#3575000 0*
#3576000 1*
#3576625 1!
#3576875 0*
#3577875 1*
#3579125 1) 1-
#3579375 1#
#3580125 0)
#3580625 0+
#3581625 1+
#3581875 1)
#3582125 0# 0$ 0%
#3582250 0,
#3583000 0)
#3583250 0" 1# 1% 0& 0(
#3583500 0+
#3584500 1+
#3584750 1)
#3585000 1$ 0'
#3585125 1,
#3585750 0) 0-
#3586000 0! 1' 1(
#3586125 1&
#3586250 0*
#3587250 1*
#3587875 1!
#3588125 0*
#3589125 1*
#3589750 0!
#3589875 1"
#3590000 0*
#3591000 1*
#3591625 1!
#3591875 0*
#3592875 1*
#3594125 1) 1-
#3594375 0! 0$ 0&
#3595125 0)
#3595375 0" 0# 0(
#3595625 0*
#3596750 1*
#3597375 1!
#3597500 0*
#3598625 1*
#3599125 0!
#3599250 1"
#3599375 0*
#3600250 1)
#3600375 1*
#3600500 1# 1(
#3601250 0)
#3601500 0" 0(
#3601750 0*
#3602750 1*
#3603375 1!
#3603625 0*
#3604625 1*
#3605250 0!
#3605375 1"
#3605500 0*
#3606250 1)
#3606500 0# 0% 1*
#3606625 1! 1& 1(
#3606750 0,
#3607375 0)
#3607625 0! 1# 1% 0& 0(
#3607875 0+
#3608875 1+
#3609125 1)
#3609375 0# 1(
#3609500 1$ 1,
#3610250 0)
#3610375 0% 0'
#3610500 1!
#3610750 0*
#3611750 1*
#3612375 1%
#3612625 0*
#3613625 1*
#3613750 1)
#3614000 0" 0$
#3614125 1# 1'
#3614875 0)
#3615125 1" 0# 1$ 0% 0(
#3615375 0*
#3616375 1*
#3616625 1)
#3616875 0! 1(
#3617000 1%
#3617750 0)
#3617875 0% 0'
#3618000 1! 1&
#3618250 0*
#3619250 1*
#3619875 1%
#3620125 0*
#3621125 1*
#3621250 1)
#3621500 0&
#3621625 0" 1# 0$ 1'
#3622375 0)
#3622625 1" 0# 1$ 0(
#3622875 0*
#3623875 1*
#3624125 1)
#3624375 0! 0$ 1(
#3624500 1#
#3625250 0)
#3625375 0" 0# 0(
#3625500 1$
#3625750 0*
#3626750 1*
#3627375 1!
#3627625 0*
#3628625 1*
#3629125 0!
#3629250 1"
#3629500 0*
#3630250 1)
#3630500 0$ 1*
#3630625 1# 1(
#3631375 0)
#3631500 0" 0(
#3631625 1$
#3631875 0*
#3632875 1*
#3633500 1!
#3633750 0*
#3634750 1*
#3635250 0!
#3635375 1"
#3635625 0*
#3636375 1)
#3636625 1*
#3637000 0# 0$ 0%
#3637125 1! 1& 1(
#3637250 0,
#3637875 0)
#3638125 1# 1% 0& 0(
#3638375 0+
#3639375 1+
#3640125 1)
#3640375 0! 0# 1$ 1(
#3640500 1,
#3641250 0)
#3641875 1! 0%
#3642125 0*
#3643125 1*
#3644250 1%
#3644500 0*
#3644625 00
#3645500 1*
#3645750 1)
#3646000 0" 0$
#3646125 1#
#3646875 0)
#3647000 0# 0% 0(
#3647125 1" 1$ 1&
#3647250 0*
#3648375 1*
#3648500 1)
#3648750 0! 0&
#3648875 1% 1(
#3649625 0)
#3649875 1! 0% 1&
#3650125 0*
#3651125 1*
#3651625 10
#3651750 1%
#3652000 0*
#3653000 1*
#3653250 1)
#3653500 0" 0$ 0&
#3653625 1#
#3654375 0)
#3654500 0# 0(
#3654625 1" 1$ 1&
#3654875 0*
#3655875 1*
#3656000 1)
#3656250 0! 0$ 0&
#3656375 1# 1(
#3657125 0)
#3657375 0" 0# 0% 0' 0(
#3657625 0*
#3658625 1*
#3659250 1!
#3659500 0*
#3660500 1*
#3661125 0! 1"
#3661375 0*
#3662125 1)
#3662375 1*
#3662500 1# 1% 1' 1(
#3663250 0)
#3663500 0" 0# 0% 0' 0(
#3663750 0*
#3664750 1*
#3665375 1!
#3665625 0*
#3666625 1*
#3667125 0!
#3667250 1"
#3667500 0*
#3668250 1)
#3668500 1*
#3668625 1! 1& 1' 1( 0,
#3669375 0)
#3669500 0! 0& 0(
#3669625 0" 1$ 1%
#3669875 0+
#3670875 1+
#3671125 1)
#3671375 1(
#3671500 1,
#3672125 0)
#3672375 1! 1" 0% 0' 0(
#3672625 0*
#3673625 1*
#3674375 1%
#3674500 0*
#3675500 1*
#3675750 1)
#3676000 0! 0" 0$
#3676125 1# 1' 1(
#3676875 0)
#3677000 0(
#3677125 1! 1" 0# 1$ 0% 0'
#3677375 0*
#3678375 1*
#3678625 1)
#3678750 0!
#3678875 0" 1% 1' 1(
#3679625 0)
#3679875 1! 0% 0' 0(
#3680000 1"
#3680125 0*
#3681125 1*
#3681875 1%
#3682000 0*
#3683125 1*
#3683250 1)
#3683500 0! 0" 0$
#3683625 1# 1' 1(
#3684375 0)
#3684625 1! 1" 0# 1$ 0% 0' 0(
#3684875 0*
#3685875 1*
#3686125 1)
#3686375 0! 1# 0$ 1% 1' 1(
#3687250 0)
#3687375 0" 0# 0% 0' 0(
#3687625 0*
#3688750 1*
#3689375 1!
#3689500 0*
#3690625 1*
#3691125 0!
#3691250 1"
#3691375 0*
#3692250 1)
#3692500 1% 1' 1( 1*
#3692625 1#
#3693250 0)
#3693500 0" 0# 0% 0' 0(
#3693750 0*
#3694750 1*
#3695375 1!
#3695625 0*
#3696625 1*
#3697250 0!
#3697375 1"
#3697500 0*
#3698250 1)
#3698500 1*
#3698625 1! 1& 1' 1(
#3698750 0,
#3699375 0)
#3699625 0" 1$ 1% 0& 0(
#3699875 0+
#3700875 1+
#3701125 1)
#3701375 0! 1(
#3701500 1,
#3702250 0)
#3702375 0% 0' 0(
#3702500 1! 1"
#3702750 0*
#3703750 1*
#3704375 1%
#3704625 0*
#3705625 1*
#3705750 1)
#3706000 0! 0" 0$
#3706125 1# 1' 1(
#3706875 0)
#3707125 1! 1" 0# 1$ 0% 0' 0(
#3707375 0*
#3708375 1*
#3708625 1)
#3708875 0! 0" 1' 1(
#3709000 1%
#3709750 0)
#3709875 0% 0' 0(
#3710000 1! 1"
#3710250 0*
#3711250 1*
#3711875 1%
#3712125 0*
#3713125 1*
#3713250 1)
#3713500 0! 0"
#3713625 1# 0$ 1' 1(
#3714375 0)
#3714625 1! 1" 0# 1$ 0% 0' 0(
#3714875 0*
#3715875 1*
#3716125 1)
#3728500 00
#3731375 0$
#3731500 1& 1' 1( 0,
#3732250 0)
#3732375 0! 0(
#3732500 1$ 1% 0&
#3732750 0+
#3733750 1+
#3734000 1)
#3735250 1! 1# 1& 1( 1,
#3735375 10
#3736000 0)
#3737750 1)
#3740750 0! 0$ 0&
#3741625 0)
#3741875 0" 0# 0% 0' 0(
#3742125 0*
#3743125 1*
#3743375 1)
#3743625 1! 1" 1# 1$ 1% 1& 1' 1(
#3744500 0)
#3746125 1)
#3747250 0)
#3747750 0+
#3748750 1+
#3749625 0+
#3750625 1+
#3751500 0+
#3752500 1+
#3753375 0+
#3754375 1+
#3755500 1)
#3755750 0! 0$ 0&
#3756625 0)
#3756875 0" 0% 0' 0(
#3757125 0*
#3758125 1*
#3758375 1)
#3758625 1! 1" 0# 1& 1' 1(
#3758750 0,
#3759500 0)
#3759625 0& 0(
#3759750 1$ 1%
#3760000 0+
#3761000 1+
#3761125 1)
#3761375 0! 0'
#3761500 1# 1,
#3762250 0) 0-
#3762375 0#
#3762500 0" 0$ 0%
#3762750 0*
#3763750 1*
#3764375 1!
#3764625 0*
#3765625 1*
#3766125 0!
#3766250 1"
#3766500 0*
#3767500 1*
#3768125 1!
#3768375 0*
#3769375 1*
#3770500 1)
#3770625 1-
#3770750 0!
#3770875 1# 1% 1' 1(
#3771625 0)
#3771875 0" 0# 1$ 0% 0' 0(
#3772125 0*
#3773125 1*
#3773375 1)
#3773625 1! 1" 1# 1% 1& 1' 1(
#3774500 0)
#3776125 1)
#3776375 0! 0& 0' 0(
#3777250 0) 0-
#3777500 0" 0$ 0%
#3777750 0*
#3778750 1*
#3779375 1!
#3779625 0*
#3780625 1*
#3781125 0!
#3781250 1"
#3781500 0*
#3782500 1*
#3783125 1!
#3783375 0*
#3784375 1*
#3785500 1) 1-
#3785750 0!
#3785875 1% 1' 1(
#3786625 0)
#3786750 0(
#3786875 0" 1$ 0% 0'
#3787125 0*
#3788125 1*
#3788375 1)
#3788625 1! 1"
#3789375 0)
#3789750 1% 1&
#3790000 0+
#3791000 1+
#3791125 1)
#3791375 0! 0&
#3792250 0) 0-
#3792500 0" 0# 0%
#3792750 0*
#3793750 1*
#3794375 1!
#3794625 0*
#3795625 1*
#3796125 0!
#3796250 1"
#3796500 0*
#3797500 1*
#3798125 1!
#3798375 0*
#3799375 1*
#3800500 1) 1-
#3800750 0! 0$
#3800875 1# 1% 1' 1(
#3801625 0)
#3801750 0# 0' 0(
#3801875 0"
#3802125 0*
#3803125 1*
#3803375 1)
#3803500 0%
#3803625 1! 1" 1& 1' 1(
#3803750 0,
#3804375 0)
#3804625 0! 0" 1% 0& 0(
#3804750 1# 1$
#3804875 0+
#3806000 1+
#3806125 1)
#3806375 0'
#3806500 1" 1,
#3807250 0) 0-
#3807375 0" 0%
#3807750 0*
#3808750 1*
#3809375 1!
#3809625 0*
#3810625 1*
#3811125 0!
#3811250 1"
#3811500 0*
#3812250 00
#3812500 1*
#3813125 1!
#3813375 0*
#3814375 1*
#3815500 1) 1-
#3815750 0! 0$ 1' 1(
#3815875 1%
#3816625 0)
#3816750 0" 0' 0(
#3817125 0*
#3818125 1*
#3818250 1)
#3818625 1! 1" 1$ 1& 1' 1(
#3819250 10
#3819375 0)
#3821125 1)
#3821375 0! 0& 0' 0(
#3822125 0-
#3822250 0)
#3822375 0" 0# 0$
#3822750 0*
#3823750 1*
#3824375 1!
#3824625 0*
#3825625 1*
#3826125 0!
#3826250 1"
#3826500 0*
#3827500 1*
#3828125 1!
#3828375 0*
#3829375 1*
#3830500 1) 1-
#3830750 0! 1' 1(
#3830875 1#
#3831625 0)
#3831750 0" 0# 0' 0(
#3831875 1$
#3832125 0*
#3833125 1*
#3833250 1)
#3833500 0$ 0%
#3833625 1! 1" 1& 1' 1(
#3833750 0,
#3834375 0)
#3834625 0" 1# 1$ 1% 0& 0(
#3834875 0+
#3835875 1+
#3836125 1)
#3836375 0! 1" 0'
#3836500 1,
#3837125 0-
#3837250 0)
#3837375 0" 0$
#3837750 0*
#3838750 1*
#3839375 1!
#3839625 0*
#3840625 1*
#3841125 0!
#3841250 1"
#3841500 0*
#3842500 1*
#3843125 1!
#3843250 0*
#3844375 1*
#3845500 1) 1-
#3845750 0! 1' 1(
#3846625 0)
#3846750 0" 0' 0(
#3846875 1$
#3847000 0*
#3848125 1*
#3848250 1)
#3848500 0# 0$
#3849375 0)
#3849625 1! 1" 1# 1$ 1&
#3849875 0*
#3850875 1*
#3851125 1)
#3851375 0! 0&
#3852125 0) 0-
#3852375 0" 0#
#3852625 0*
#3853750 1*
#3854375 1!
#3854500 0*
#3855625 1*
#3856125 0!
#3856250 1"
#3856375 0*
#3857375 1*
#3858000 1!
#3858250 0*
#3859250 1*
#3860500 1) 1-
#3860750 0! 1# 0$ 1' 1(
#3861500 0)
#3861750 0" 0# 0% 0' 0(
#3861875 1&
#3862000 0*
#3863000 1*
#3863250 1)
#3863625 1! 1" 1' 1( 0,
#3864375 0)
#3864500 0! 0(
#3864625 1# 1$ 1% 0&
#3864875 0+
#3865875 1+
#3866125 1)
#3866375 0'
#3866500 1,
#3867125 0) 0-
#3867375 0"
#3867625 0*
#3868625 1*
#3869250 1!
#3869500 0*
#3870500 1*
#3871125 0!
#3871250 1"
#3871375 0*
#3872375 1*
#3873000 1!
#3873250 0*
#3874250 1*
#3875500 1) 1-
#3875625 0!
#3875750 0$ 1' 1(
#3876500 0)
#3876750 0" 0% 1& 0' 0(
#3877000 0*
#3878000 1*
#3878250 1)
#3878625 1! 1" 1$ 1% 1' 1(
#3879375 0)
#3881000 1)
#3881375 0! 0& 0' 0(
#3882125 0) 0-
#3882375 0" 0# 0$ 0% 1&
#3882625 0*
#3883625 1*
#3884250 1!
#3884500 0*
#3885500 1*
#3886125 0! 1"
#3886375 0*
#3887375 1*
#3888000 1!
#3888250 0*
#3889250 1*
#3890375 1)
#3890500 1-
#3890625 0! 0&
#3890750 1# 1% 1' 1(
#3891500 0)
#3891750 0" 0# 1$ 0% 1& 0' 0(
#3892000 0*
#3893000 1*
#3893250 1)
#3893500 1! 0$ 1' 1(
#3893625 1" 0,
#3894375 0)
#3894500 0& 0(
#3894625 1# 1$ 1%
#3894875 0+
#3895875 1+
#3896000 1)
#3896125 00
#3896250 0! 0'
#3896500 1,
#3897125 0) 0-
#3897375 0" 0$ 0% 1&
#3897625 0*
#3898625 1*
#3899250 1!
#3899500 0*
#3900500 1*
#3901125 0! 1"
#3901375 0*
#3902375 1*
#3903000 1!
#3903125 10
#3903250 0*
#3904250 1*
#3905375 1)
#3905500 1-
#3905625 0! 0&
#3905750 1% 1' 1(
#3906500 0)
#3906750 0" 1$ 0% 1& 0' 0(
#3907000 0*
#3908000 1*
#3908250 1)
#3908500 1! 0# 0$ 1% 0&
#3909375 0)
#3909625 1" 1# 1$ 1&
#3909875 0+
#3910875 1+
#3911000 1)
#3911250 0! 0&
#3912125 0) 0-
#3912375 0" 0# 0% 1&
#3912625 0*
#3913625 1*
#3914250 1!
#3914500 0*
#3915500 1*
#3916000 0!
#3916125 1"
#3916375 0*
#3917375 1*
#3918000 1!
#3918250 0*
#3919250 1*
#3920375 1)
#3920500 1-
#3920625 0! 0$ 0&
#3920750 1# 1% 1' 1(
#3921500 0)
#3921625 0(
#3921750 0" 0# 1& 0'
#3922000 0*
#3923000 1*
#3923250 1)
#3923500 1! 1" 0% 1' 1(
#3923625 0,
#3924250 0)
#3924500 0! 0" 0(
#3924750 0+
#3925875 1+
#3926000 1)
#3926250 0& 0'
#3926375 1" 1# 1$ 1% 1,
#3927125 0) 0-
#3927250 0"
#3927375 0% 1&
#3927625 0*
#3928625 1*
#3929250 1!
#3929500 0*
#3930500 1*
#3931000 0!
#3931125 1"
#3931375 0*
#3932375 1*
#3933000 1!
#3933250 0*
#3934250 1*
#3935375 1) 1-
#3935625 0! 0$ 0&
#3935750 1% 1' 1(
#3936500 0)
#3936625 0' 0(
#3936750 0" 1&
#3937000 0*
#3938000 1*
#3938250 1)
#3938500 1! 1" 1$ 1' 1(
#3939250 0)
#3941000 1)
#3941250 0! 0& 0' 0(
#3942125 0) 0-
#3942250 0"
#3942375 0# 0$ 1&
#3942625 0*
#3943625 1*
#3944250 1!
#3944500 0*
#3945500 1*
#3946000 0!
#3946125 1"
#3946375 0*
#3947375 1*
#3948000 1!
#3948250 0*
#3949250 1*
#3950375 1) 1-
#3950625 0! 0&
#3950750 1# 1' 1(
#3951500 0)
#3951625 0# 0(
#3951750 0" 1$ 1& 0'
#3952000 0*
#3953000 1*
#3953250 1)
#3953375 0$
#3953500 1! 1" 0% 1' 1(
#3953625 0,
#3954250 0)
#3954500 0" 0(
#3954750 0+
#3955875 1+
#3956000 1)
#3956250 0! 0& 0'
#3956375 1" 1# 1$ 1% 1,
#3957125 0) 0-
#3957250 0" 0$
#3957375 1&
#3957625 0*
#3958625 1*
#3959250 1!
#3959500 0*
#3960500 1*
#3961000 0!
#3961125 1"
#3961375 0*
#3962375 1*
#3963000 1!
#3963250 0*
#3964250 1*
#3965375 1) 1-
#3965625 0! 0&
#3965750 1' 1(
#3966500 0)
#3966625 0' 0(
#3966750 0" 1$ 1&
#3967000 0*
#3968000 1*
#3968250 1)
#3968500 1" 0# 0$ 0&
#3969250 0)
#3969625 1! 1# 1$ 1&
#3969750 0*
#3970750 1*
#3971000 1)
#3971250 0! 0&
#3972125 0) 0-
#3972250 0#
#3972375 0" 1&
#3972625 0*
#3973625 1*
#3974250 1!
#3974500 0*
#3975500 1*
#3976000 0!
#3976125 1"
#3976375 0*
#3977375 1*
#3978000 1!
#3978250 0*
#3979250 1*
#3980000 00
#3980375 1) 1-
#3980625 0! 0$ 0& 1(
#3980750 1# 1'
#3981500 0)
#3981625 0# 0(
#3981750 0" 0%
#3982000 0*
#3983000 1*
#3983250 1)
#3983500 1! 1" 1& 1(
#3983625 0,
#3984250 0)
#3984500 0! 0(
#3984875 0+
#3985875 1+
#3986000 1)
#3986250 0& 0'
#3986375 1# 1$ 1% 1,
#3987000 10
#3987125 0) 0-
#3987375 0" 1&
#3987625 0*
#3988625 1*
#3989250 1!
#3989500 0*
#3990500 1*
#3991000 0!
#3991125 1"
#3991375 0*
#3992375 1*
#3993000 1!
#3993250 0*
#3994250 1*
#3995375 1)
#3995500 1-
#3995625 0! 0$ 0&
#3995750 1' 1(
#3996500 0)
#3996750 0" 0% 0(
#3997000 0*
#3998000 1*
#3998250 1)
#3998500 1! 1" 1% 1& 1(
#3998625 1$
#3999375 0)
#4001000 1)
#4001250 0! 0& 0' 0(
#4002125 0) 0-
#4002375 0" 0# 0$ 0% 1'
#4002625 0*
#4003625 1*
#4004250 1!
#4004500 0*
#4005500 1*
#4006125 0! 1"
#4006375 0*
#4007375 1*
#4008000 1!
#4008250 0*
#4009250 1*
#4010375 1)
#4010500 1-
#4010625 0!
#4010750 1# 1% 1(
#4011500 0)
#4011750 0" 0# 1$ 0% 0(
#4012000 0*
#4013000 1*
#4013250 1)
#4013500 1! 0$ 1(
#4013625 1" 1& 0,
#4014375 0)
#4014500 0(
#4014875 0+
#4015875 1+
#4016000 1)
#4016250 0! 0& 0'
#4016375 1# 1$ 1%
#4016500 1,
#4017125 0) 0-
#4017375 0" 0$ 0% 1'
#4017625 0*
#4018625 1*
#4019250 1!
#4019500 0*
#4020500 1*
#4021125 0! 1"
#4021375 0*
#4022375 1*
#4023000 1!
#4023250 0*
#4024250 1*
#4025500 1) 1-
#4025625 0!
#4025750 1% 1(
#4026500 0)
#4026750 0" 1$ 0% 0(
#4027000 0*
#4028000 1*
#4028250 1)
#4028500 0# 0$ 0'
#4028625 1! 1" 1%
#4029375 0)
#4029625 1# 1$ 1&
#4029875 0+
#4030875 1+
#4031125 1)
#4031250 0!
#4031375 0&
#4032125 0) 0-
#4032375 0" 0# 0% 1'
#4032625 0*
#4033625 1*
#4034250 1!
#4034500 0*
#4035500 1*
#4036125 0!
#4036250 1"
#4036375 0*
#4037375 1*
#4038000 1!
#4038250 0*
#4039250 1*
#4040500 1) 1-
#4040750 0! 1# 0$ 1% 1(
#4041500 0)
#4041750 0" 0# 0(
#4042000 0*
#4043125 1*
#4043250 1)
#4043500 0%
#4043625 1! 1" 1& 1( 0,
#4044375 0)
#4044625 0! 0" 1# 0(
#4044875 0+
#4045875 1+
#4046125 1)
#4046375 1" 1$ 1% 0& 0'
#4046500 1,
#4047125 0-
#4047250 0)
#4047375 0" 0%
#4047500 1'
#4047625 0*
#4048750 1*
#4049375 1!
#4049500 0*
#4050625 1*
#4051125 0!
#4051250 1"
#4051375 0*
#4052500 1*
#4053125 1!
#4053375 0*
#4054375 1*
#4055500 1) 1-
#4055750 0! 0$ 1% 1(
#4056625 0)
#4056750 0" 0(
#4057125 0*
#4058125 1*
#4058250 1)
#4058625 1! 1" 1$ 1& 1(
#4059375 0)
#4061125 1)
#4061375 0! 0& 0' 0(
#4062125 0-
#4062250 0)
#4062375 0" 0# 0$
#4062500 1'
#4062750 0*
#4063750 1*
#4063875 00
#4064375 1!
#4064625 0*
#4065625 1*
#4066125 0!
#4066250 1"
#4066500 0*
#4067500 1*
#4068125 1!
#4068375 0*
#4069375 1*
#4070500 1) 1-
#4070750 0! 1( 10
#4070875 1#
#4071625 0)
#4071750 0" 0# 0(
#4071875 1$
#4072125 0*
#4073125 1*
#4073375 1)
#4073500 0$
#4073625 1! 1" 0% 1& 1(
#4073750 0,
#4074375 0)
#4074625 0" 0(
#4074750 1#
#4074875 0+
#4076000 1+
#4076125 1)
#4076375 0! 0& 0'
#4076500 1" 1$ 1% 1,
#4077250 0) 0-
#4077375 0" 0$
#4077500 1'
#4077750 0*
#4078750 1*
#4079375 1!
#4079625 0*
#4080625 1*
#4081125 0!
#4081250 1"
#4081500 0*
#4082500 1*
#4083125 1!
#4083375 0*
#4084375 1*
#4085500 1)
#4085625 1-
#4085750 0!
#4085875 1(
#4086625 0)
#4086750 0(
#4086875 0" 1$
#4087125 0*
#4088125 1*
#4088375 1)
#4088625 0$ 0'
#4089500 0)
#4089750 1! 1" 1$ 1&
#4090000 0*
#4091000 1*
#4091125 1)
#4091375 0! 0&
#4092250 0) 0-
#4092500 0" 0# 1'
#4092750 0*
#4093750 1*
#4094375 1!
#4094625 0*
#4095625 1*
