$date Sat Sep  5 09:19:52 2026 $end
$version libsigrok 0.5.2 $end
$comment
  Acquisition with 16/16 channels at 80 MHz
$end
$timescale 100 ps $end
$scope module libsigrok $end
$var wire 1 ! A0 $end
$var wire 1 " A1 $end
$var wire 1 # A2 $end
$var wire 1 $ A3 $end
$var wire 1 % A4 $end
$var wire 1 & A5 $end
$var wire 1 ' A6 $end
$var wire 1 ( A7 $end
$var wire 1 ) RAS $end
$var wire 1 * CAS0 $end
$var wire 1 + CAS1 $end
$var wire 1 , R/W $end
$var wire 1 - VDS $end
$var wire 1 . IRQ $end
$var wire 1 / CSW $end
$var wire 1 0 CSR $end
$upscope $end
$enddefinitions $end
#0 1! 0" 0# 1$ 1% 1& 1' 0( 0) 1* 1+ 1, 0- 0. 1/ 10
#125 0$ 0% 00
#250 0! 1# 1$ 1% 0' 1- 10
#375 1)
#625 0&
#750 1! 1' 1(
#1500 0)
#1750 1" 1&
#2000 0+
#3000 1+
#3250 1)
#3500 0# 0% 0& 0(
#4250 0-
#4375 0)
#4500 0! 0" 0'
#4625 1% 1&
#4875 0*
#5875 1*
#6500 1!
#6750 0*
#7750 1*
#8250 0!
#8375 1"
#8625 0*
#9625 1*
#10250 1!
#10500 0*
#11500 1*
#12625 1) 1-
#12875 0! 0$ 0& 1' 1(
#13000 1#
#13750 0)
#13875 0" 0# 0% 0(
#14250 0*
#15250 1*
#15375 1)
#15750 1" 1%
#16500 0)
#17000 0+
#18000 1+
#18250 1)
#18500 1! 0%
#18625 1$
#19250 0-
#19375 0)
#19500 0! 0" 0'
#19625 1# 1% 1&
#19875 0*
#20875 1*
#21500 1!
#21750 0*
#22750 1*
#23250 0!
#23375 1"
#23625 0*
#24625 1*
#25250 1!
#25375 0*
#26500 1*
#27625 1) 1-
#27875 0! 0$ 0& 1' 1(
#28750 0)
#28875 0" 0% 0(
#29125 0*
#30250 1*
#30375 1)
#30750 1! 1" 1$ 1% 1& 1(
#31500 0)
#33250 1) 00
#33500 0# 0% 0& 0(
#34250 0) 0-
#34500 0! 0" 0$
#34750 0*
#35875 1*
#36500 1!
#36625 0*
#37750 1*
#38250 0!
#38375 1"
#38500 0*
#39625 1*
#40125 1!
#40250 10
#40375 0*
#41500 1*
#42625 1) 1-
#42750 0!
#42875 1# 1% 1(
#43625 0)
#43875 0" 0# 0% 0(
#44000 1$
#44125 0*
#45125 1*
#45375 1)
#45750 1! 1" 1# 1% 1& 1(
#46500 0)
#48250 1)
#48500 0# 0% 0& 0(
#49250 0) 0-
#49500 0! 0" 0$
#49625 1#
#49750 0*
#50750 1*
#51375 1!
#51625 0*
#52625 1*
#53250 0!
#53375 1"
#53500 0*
#54500 1*
#55125 1!
#55375 0*
#56375 1*
#57625 1) 1-
#57750 0!
#57875 1% 1(
#58625 0)
#58875 0" 0% 0(
#59000 1$
#59125 0*
#60125 1*
#60375 1)
#60750 1" 1% 1(
#61500 0)
#61750 1! 1&
#62000 0*
#63000 1*
#63125 1)
#63500 0# 0% 0& 0(
#64250 0) 0-
#64500 0! 0"
#64750 0*
#65750 1*
#66375 1!
#66625 0*
#67625 1*
#68250 0! 1"
#68500 0*
#69500 1*
#70125 1!
#70375 0*
#71375 1*
#72500 1)
#72625 1-
#72750 0!
#72875 1# 0$ 1% 1(
#73625 0)
#73875 0" 0# 0(
#74125 0*
#75125 1*
#75375 1)
#75750 1"
#76500 0)
#76750 1!
#77000 0+
#78000 1+
#78125 1)
#78375 0%
#78500 1$
#79250 0) 0-
#79500 0! 0" 1#
#79750 0*
#80750 1*
#81375 1!
#81625 0*
#82625 1*
#83250 0! 1"
#83500 0*
#84500 1*
#85125 1!
#85375 0*
#86375 1*
#87500 1)
#87625 1-
#87750 0! 0$
#87875 1% 1(
#88625 0)
#88750 0(
#88875 0"
#89125 0*
#90125 1*
#90375 1)
#90625 1! 1" 1& 1(
#90750 1$
#91500 0)
#93125 1)
#93375 0# 0% 0& 0(
#94250 0) 0-
#94375 0!
#94500 0" 0$ 1%
#94750 0* 00
#95750 1*
#96375 1!
#96625 0*
#97625 1*
#98125 0!
#98250 1"
#98500 0*
#99500 1*
#100125 1!
#100375 0*
#101375 1*
#101750 10
#102500 1)
#102625 1-
#102750 0!
#102875 1# 1(
#103625 0)
#103750 0# 0(
#103875 0" 1$
#104125 0*
#105125 1*
#105375 1)
#105625 1! 1" 1# 1& 1(
#106375 0)
#108125 1)
#108375 0# 0% 0& 0(
#109125 0-
#109250 0)
#109375 0! 0"
#109500 1# 0$ 1%
#109750 0*
#110750 1*
#111375 1!
#111625 0*
#112625 1*
#113125 0!
#113250 1"
#113500 0*
#114500 1*
#115125 1!
#115375 0*
#116375 1*
#117500 1) 1-
#117750 0! 1(
#118625 0)
#118750 0" 0(
#118875 1$
#119125 0*
#120125 1*
#120375 1)
#120625 1! 1" 1(
#121375 0)
#121625 1&
#121875 0+
#122875 1+
#123125 1)
#123375 0# 0% 0& 0(
#124125 0-
#124250 0)
#124375 0! 0"
#124500 1%
#124750 0*
#125750 1*
#126375 1!
#126625 0*
#127625 1*
#128125 0!
#128250 1"
#128500 0*
#129500 1*
#130125 1!
#130375 0*
#131375 1*
#132500 1) 1-
#132750 0! 0$ 1(
#132875 1#
#133625 0)
#133750 0" 0# 0% 0(
#133875 1&
#134125 0*
#135125 1*
#135250 1)
#135500 0&
#135625 1" 1%
#136375 0)
#136625 0" 1#
#136875 0+
#137875 1+
#138125 1)
#138375 1! 0# 0%
#138500 1" 1$
#139125 0-
#139250 0)
#139375 0! 0"
#139500 1# 1%
#139750 0*
#140750 1*
#141375 1!
#141625 0*
#142625 1*
#143125 0!
#143250 1"
#143500 0*
#144500 1*
#145125 1!
#145375 0*
#146375 1*
#147500 1) 1-
#147750 0! 0$ 1(
#148625 0)
#148750 0" 0% 0(
#148875 1&
#149125 0*
#150125 1*
#150250 1)
#150625 1! 1" 1$ 1% 1(
#151375 0)
#153125 1)
#153375 0# 0% 0& 0(
#154125 0-
#154250 0)
#154375 0! 0" 0$
#154500 1&
#154750 0*
#155750 1*
#156250 00
#156375 1!
#156625 0*
#157625 1*
#158125 0!
#158250 1"
#158500 0*
#159500 1*
#160125 1!
#160375 0*
#161375 1*
#162500 1) 1-
#162750 0! 0& 1(
#162875 1# 1%
#163125 10
#163625 0)
#163750 0" 0# 0% 0(
#163875 1$ 1&
#164125 0*
#165125 1*
#165250 1)
#165625 1! 1" 1# 1% 1(
#166375 0)
#168125 1)
#168375 0# 0% 0& 0(
#169125 0-
#169250 0)
#169375 0! 0" 0$
#169500 1# 1&
#169750 0*
#170750 1*
#171375 1!
#171625 0*
#172625 1*
#173125 0!
#173250 1"
#173500 0*
#174500 1*
#175125 1!
#175375 0*
#176375 1*
#177500 1) 1-
#177750 0! 0& 1(
#177875 1%
#178625 0)
#178750 0" 0% 0(
#178875 1$ 1&
#179125 0*
#180125 1*
#180250 1)
#180500 0# 0$
#180625 1(
#181375 0)
#181625 1! 1" 1# 1$ 1%
#181875 0*
#182875 1*
#183125 1)
#183375 0# 0% 0& 0(
#184125 0-
#184250 0)
#184375 0! 0"
#184500 1&
#184750 0*
#185750 1*
#186375 1!
#186625 0*
#187625 1*
#188125 0!
#188250 1"
#188500 0*
#189500 1*
#190125 1!
#190375 0*
#191375 1*
#192500 1) 1-
#192750 0! 0$ 0& 1(
#192875 1# 1%
#193625 0)
#193750 0" 0# 0(
#193875 1&
#194125 0*
#195125 1*
#195250 1)
#195500 0&
#195625 1"
#196375 0)
#196625 1! 0" 1#
#196875 0+
#197875 1+
#198125 1)
#198375 0# 0%
#198500 1" 1$
#199125 0-
#199250 0)
#199375 0! 0"
#199500 1# 1&
#199750 0*
#200750 1*
#201375 1!
#201625 0*
#202625 1*
#203125 0!
#203250 1"
#203500 0*
#204500 1*
#205125 1!
#205375 0*
#206375 1*
#207500 1) 1-
#207750 0! 0$ 0& 1(
#207875 1%
#208625 0)
#208750 0" 0(
#208875 1&
#209125 0*
#210125 1*
#210250 1)
#210625 1! 1" 1$ 1(
#211375 0)
#213125 1)
#213375 0# 0% 0& 0(
#214125 0-
#214250 0)
#214375 0! 0" 0$
#214500 1% 1&
#214750 0*
#215750 1*
#216375 1!
#216625 0*
#217625 1*
#217750 00
#218125 0!
#218250 1"
#218500 0*
#219500 1*
#220125 1!
#220375 0*
#221375 1*
#222500 1) 1-
#222750 0! 0& 1(
#222875 1#
#223625 0)
#223750 0" 0# 0(
#223875 1$ 1&
#224125 0*
#224625 10
#225125 1*
#225375 1)
#225625 1! 1" 1# 1(
#226375 0)
#228125 1)
#228375 0# 0% 0& 0(
#229125 0-
#229250 0)
#229375 0! 0"
#229500 1# 0$ 1% 1&
#229750 0*
#230750 1*
#231375 1!
#231625 0*
#232625 1*
#233125 0!
#233250 1"
#233500 0*
#234500 1*
#235125 1!
#235375 0*
#236375 1*
#237500 1)
#237625 1-
#237750 0! 0&
#237875 1(
#238625 0)
#238750 0(
#238875 0" 1$ 1&
#239125 0*
#240125 1*
#240375 1)
#240625 1! 0# 0$ 0% 1(
#241375 0)
#241750 1" 1# 1$ 1%
#242000 0+
#243000 1+
#243125 1)
#243375 0# 0% 0& 0(
#244250 0) 0-
#244375 0! 0"
#244500 1% 1&
#244750 0*
#245750 1*
#246375 1!
#246625 0*
#247625 1*
#248125 0!
#248250 1"
#248500 0*
#249500 1*
#250125 1!
#250375 0*
#251375 1*
#252500 1)
#252625 1-
#252875 1# 1(
#253625 0)
#254125 0+
#255125 1+
#255375 1)
#255625 0! 0# 0$ 0& 0(
#256500 0)
#256750 1#
#257000 0+
#258000 1+
#258125 1)
#258375 0# 0%
#258500 1! 1$
#259250 0) 0-
#259500 0! 0" 1# 1% 1&
#259750 0*
#260750 1*
#261375 1!
#261625 0*
#262625 1*
#263250 0! 1"
#263500 0*
#264500 1*
#265125 1!
#265375 0*
#266375 1*
#267500 1)
#267625 1-
#267750 0!
#267875 0$ 0& 1(
#268625 0)
#268875 0" 0# 0% 0' 0(
#269125 0*
#270125 1*
#270750 1!
#271000 0*
#272000 1*
#272625 0! 1"
#272875 0*
#273625 1)
#273875 1*
#274000 1# 1% 1' 1(
#274750 0)
#275000 0" 0# 0% 0' 0(
#275250 0*
#276250 1*
#276875 1!
#277125 0*
#278125 1*
#278625 0!
#278750 1"
#279000 0*
#279250 00
#279750 1)
#280000 1*
#280125 1! 1# 1$ 1% 1& 1' 1(
#280875 0)
#282625 1)
#282875 0! 0" 0# 0&
#283625 0)
#283875 0$ 0% 0' 0(
#284000 1" 1#
#284125 0*
#285125 1*
#285875 1%
#286000 0*
#286125 10
#287000 1*
#287250 1)
#287500 0"
#287625 1' 1(
#288375 0)
#288500 0(
#288625 1" 0% 0'
#288875 0*
#289875 1*
#290125 1)
#290375 0" 0# 1$ 1% 1' 1(
#291250 0)
#291375 0$ 0% 0' 0(
#291500 1" 1#
#291625 0*
#292750 1*
#293375 1%
#293500 0*
#294625 1*
#294750 1)
#295000 0"
#295125 1' 1(
#295875 0)
#296125 1" 0% 0' 0(
#296375 0*
#297375 1*
#297625 1)
#297875 1% 1' 1(
#298750 0)
#298875 0" 0# 0% 0' 0(
#299125 0*
#300250 1*
#300875 1!
#301125 0*
#302125 1*
#302625 0!
#302750 1"
#303000 0*
#303750 1)
#304000 1' 1( 1*
#304125 1# 1%
#304750 0)
#305000 0" 0# 0% 0' 0(
#305250 0*
#306250 1*
#307000 1!
#307125 0*
#308250 1*
#308750 0!
#308875 1"
#309000 0*
#310250 1)
#310500 1*
#311125 1% 1'
#311875 0)
#312125 1! 1#
#312375 0+
#313375 1+
#314000 1)
#314250 0! 0" 0#
#314375 1$ 1(
#315125 0)
#315750 0$ 0% 0' 0(
#315875 1" 1#
#316125 0*
#317125 1*
#317750 1%
#318000 0*
#319000 1*
#319250 1)
#319375 0"
#319500 1' 1(
#320250 0)
#320500 1" 0% 0' 0(
#320750 0*
#321750 1*
#322000 1)
#322250 0" 0#
#322375 1$ 1% 1' 1(
#323125 0)
#323250 0$ 0% 0' 0(
#323375 1" 1#
#323625 0*
#324625 1*
#325250 1%
#325500 0*
#326500 1*
#326750 1)
#327000 0" 1' 1(
#327750 0)
#328000 0% 0' 0(
#328125 1"
#328250 0*
#329250 1*
#329500 1)
#329875 1% 1' 1(
#330625 0)
#330750 0(
#330875 0" 0# 0% 0'
#331125 0*
#332125 1*
#332750 1!
#333000 0*
#334000 1*
#334500 0!
#334625 1"
#334875 0*
#335625 1)
#335875 1*
#336000 1# 1% 1' 1(
#336750 0)
#336875 0# 0% 0' 0(
#337000 0"
#337250 0*
#338250 1*
#338875 1!
#339125 0*
#340125 1*
#340625 0! 00
#340750 1"
#341000 0*
#341750 1)
#342000 1( 1*
#342125 1! 1# 1$ 1% 1& 1'
#342875 0)
#344500 1)
#344750 0! 0" 0# 0&
#345625 0)
#345875 1" 1# 0$ 0% 0' 0(
#346125 0*
#347125 1*
#347625 10
#347750 1%
#348000 0*
#349000 1*
#349250 1)
#349500 0" 1' 1(
#350375 0)
#350500 0% 0' 0(
#350625 1"
#350875 0*
#351875 1*
#352000 1)
#352250 0" 0#
#352375 1$ 1% 1' 1(
#353125 0)
#353375 1" 1# 0$ 0% 0' 0(
#353625 0*
#354625 1*
#355250 1%
#355500 0*
#356500 1*
#356750 1)
#357000 0" 1(
#357125 1'
#357875 0)
#358000 0% 0' 0(
#358125 1"
#358375 0*
#359375 1*
#359625 1)
#359875 1% 1' 1(
#360625 0)
#360875 0" 0# 0% 0' 0(
#361125 0*
#362125 1*
#362750 1!
#363000 0*
#364000 1*
#364625 0! 1"
#364875 0*
#365625 1)
#365875 1*
#366000 1# 1% 1' 1(
#366750 0)
#367000 0" 0# 0% 0' 0(
#367250 0*
#368250 1*
#368875 1!
#369125 0*
#370125 1*
#370750 0! 1"
#371000 0*
#371750 1)
#372000 1*
#372125 1% 1'
#372875 0)
#373125 0" 1$
#373375 0+
#374375 1+
#374625 1)
#374875 1(
#375625 0)
#375875 0$ 0% 0' 0(
#376000 1" 1#
#376125 0*
#377125 1*
#377875 1%
#378000 0*
#379125 1*
#379250 1)
#379500 0"
#379625 1' 1(
#380375 0)
#380500 0(
#380625 1" 0% 0'
#380875 0*
#381875 1*
#382125 1)
#382375 0" 0# 1$ 1% 1' 1(
#383125 0)
#383375 0$ 0% 0' 0(
#383500 1" 1#
#383625 0*
#384750 1*
#385375 1%
#385500 0*
#386625 1*
#386750 1)
#387000 0"
#387125 1' 1(
#387875 0)
#388000 0(
#388125 1" 0% 0'
#388375 0*
#389375 1*
#389625 1)
#402125 00
#404875 1! 1% 1& 1' 1(
#405000 1$
#405750 0)
#407375 1)
#409125 10
#409500 0)
#411125 1)
#414250 0! 0$ 0&
#415125 0)
#415250 0" 0# 0% 0' 0(
#415500 0*
#416625 1*
#416750 1)
#417125 1! 1" 1# 1$ 1% 1& 1' 1(
#417875 0)
#419625 1)
#420750 0)
#421250 0+
#422250 1+
#423125 0+
#424125 1+
#425000 0+
#426000 1+
#426875 0+
#427875 1+
#429000 1)
#429250 0! 0$ 0&
#430125 0)
#430250 0" 0% 0' 0(
#430500 0*
#431625 1*
#431750 1)
#432000 0#
#432125 1" 1% 1'
#432875 0)
#433125 1! 0" 1$
#433375 0+
#434375 1+
#434625 1)
#434875 1" 0%
#435625 0) 0-
#435875 0! 0" 0$ 0' 1(
#436125 0*
#437250 1*
#437750 1!
#438000 0*
#439125 1*
#439625 0!
#439750 1"
#439875 0*
#441000 1*
#441500 1!
#441750 0*
#442750 1*
#444000 1) 1-
#444125 0!
#444250 1# 1% 1'
#445000 0)
#445250 0" 0# 0% 0' 0(
#445375 1$
#445500 0*
#446500 1*
#446750 1)
#447125 1! 1" 1# 1% 1& 1' 1(
#447875 0)
#449625 1)
#449875 0# 0% 0& 0(
#450625 0) 0-
#450875 0! 0" 0$ 0' 1(
#451000 1#
#451125 0*
#452125 1*
#452750 1!
#453000 0*
#454000 1*
#454625 0! 1"
#454875 0*
#455875 1*
#456500 1!
#456750 0*
#457750 1*
#459000 1) 1-
#459125 0!
#459250 1% 1'
#460000 0)
#460250 0" 1$ 0% 0' 0(
#460500 0*
#461500 1*
#461750 1)
#462000 0# 0$ 1(
#462125 1" 1& 1'
#462875 0)
#463125 1! 1# 1$ 1%
#463375 0*
#463625 00
#464375 1*
#464500 1)
#464875 0# 0% 0& 0(
#465625 0) 0-
#465875 0! 0" 0' 1(
#466125 0*
#467125 1*
#467750 1!
#468000 0*
#469000 1*
#469625 0! 1"
#469875 0*
#470625 10
#470875 1*
#471500 1!
#471750 0*
#472750 1*
#473875 1)
#474000 1-
#474125 0! 0$
#474250 1# 1% 1'
#475000 0)
#475250 0" 0# 0' 0(
#475500 0*
#476500 1*
#476750 1)
#477000 1(
#477125 1! 1" 1# 1$ 1& 1'
#477875 0)
#479500 1)
#479750 0# 0& 0(
#479875 0%
#480625 0) 0-
#480875 0! 0" 1# 0' 1(
#481125 0*
#482125 1*
#482750 1!
#483000 0*
#484000 1*
#484500 0!
#484625 1"
#484875 0*
#485875 1*
#486500 1!
#486750 0*
#487750 1*
#488875 1)
#489000 1-
#489125 0! 0$
#489250 1% 1'
#490000 0)
#490250 0" 0' 0(
#490500 0*
#491500 1*
#491750 1)
#492000 1" 0# 1'
#492750 0)
#493125 1$
#493375 0+
#494375 1+
#494500 1)
#494750 0%
#494875 1!
#495625 0) 0-
#495750 0!
#495875 0" 0$ 1% 0' 1(
#496125 0*
#497125 1*
#497750 1!
#498000 0*
#499000 1*
#499500 0!
#499625 1"
#499875 0*
#500875 1*
#501500 1!
#501750 0*
#502750 1*
#503875 1) 1-
#504125 0!
#504250 1# 1'
#505000 0)
#505125 0# 0'
#505250 0" 1$ 0(
#505500 0*
#506500 1*
#506750 1)
#507000 1! 1" 1# 1& 1' 1(
#507750 0)
#509500 1)
#509750 0# 0% 0& 0(
#510500 0-
#510625 0)
#510750 0! 0" 0'
#510875 1# 0$ 1% 1(
#511125 0*
#512125 1*
#512750 1!
#513000 0*
#514000 1*
#514500 0!
#514625 1"
#514875 0*
#515875 1*
#516500 1!
#516750 0*
#517750 1*
#518875 1) 1-
#519125 0! 1'
#520000 0)
#520125 0" 0' 0(
#520250 1$
#520500 0*
#521500 1*
#521625 1)
#521875 0# 0$ 0%
#522000 1! 1" 1& 1' 1(
#522750 0)
#523000 1# 1$ 1%
#523250 0+
#524250 1+
#524500 1)
#524750 0# 0% 0& 0(
#525125 00
#525500 0-
#525625 0)
#525750 0! 0" 0'
#525875 1% 1(
#526125 0*
#527125 1*
#527750 1!
#528000 0*
#529000 1*
#529500 0!
#529625 1"
#529875 0*
#530875 1*
#531500 1!
#531750 0*
#532125 10
#532750 1*
#533875 1) 1-
#534125 0! 0$ 1'
#534250 1#
#535000 0)
#535125 0" 0# 0% 0' 0(
#535250 1&
#535500 0*
#536500 1*
#536625 1)
#537000 1! 1" 1# 1$ 1% 1' 1(
#537750 0)
#539500 1)
#539750 0# 0% 0& 0(
#540500 0-
#540625 0)
#540750 0! 0" 0'
#540875 1# 1% 1(
#541000 0*
#542125 1*
#542750 1!
#542875 0*
#544000 1*
#544500 0!
#544625 1"
#544750 0*
#545875 1*
#546500 1!
#546625 0*
#547750 1*
#548875 1) 1-
#549125 0! 0$ 1'
#550000 0)
#550125 0" 0% 0' 0(
#550250 1&
#550375 0*
#551500 1*
#551625 1)
#551875 0# 0&
#552000 1" 1% 1'
#552750 0)
#553000 1! 1$
#553250 0+
#554250 1+
#554500 1)
#554750 0%
#555500 0) 0-
#555750 0! 0" 0$ 0' 1(
#555875 1&
#556000 0*
#557125 1*
#557750 1!
#557875 0*
#559000 1*
#559500 0!
#559625 1"
#559750 0*
#560875 1*
#561375 1!
#561625 0*
#562750 1*
#563875 1) 1-
#564125 0! 1# 1% 0& 1'
#564875 0)
#565125 0" 0# 0% 0' 0(
#565250 1$ 1&
#565375 0*
#566375 1*
#566625 1)
#567000 1! 1" 1# 1% 1' 1(
#567750 0)
#569500 1)
#569750 0# 0% 0& 0(
#570500 0) 0-
#570750 0! 0" 0$ 0' 1(
#570875 1# 1&
#571000 0*
#572000 1*
#572625 1!
#572875 0*
#573875 1*
#574500 0!
#574625 1"
#574750 0*
#575750 1*
#576375 1!
#576625 0*
#577625 1*
#578875 1) 1-
#579000 0!
#579125 1% 0& 1'
#579875 0)
#580125 0" 0% 0' 0(
#580250 1$ 1&
#580375 0*
#581375 1*
#581625 1)
#581875 0$
#582000 1' 1(
#582750 0)
#583000 1! 1" 1$ 1%
#583250 0*
#584250 1*
#584500 1)
#584750 0# 0% 0& 0(
#585500 0) 0-
#585750 0! 0" 0' 1(
#585875 1&
#586000 0*
#586625 00
#587000 1*
#587625 1!
#587875 0*
#588875 1*
#589500 0!
#589625 1"
#589750 0*
#590750 1*
#591375 1!
#591625 0*
#592625 1*
#593625 10
#593875 1) 1-
#594000 0!
#594125 1# 0$ 1% 0& 1'
#594875 0)
#595125 0" 0# 1& 0' 0(
#595375 0*
#596375 1*
#596625 1)
#597000 1! 1" 1# 1$ 1' 1(
#597750 0)
#599500 1)
#599750 0# 0% 0& 0(
#600500 0) 0-
#600750 0! 0" 0' 1(
#600875 1# 1&
#601000 0*
#602000 1*
#602625 1!
#602875 0*
#603875 1*
#604500 0!
#604625 1"
#604750 0*
#605750 1*
#606375 1!
#606625 0*
#607625 1*
#608875 1) 1-
#609125 0! 0$ 1% 0& 1'
#609875 0)
#610125 0" 1& 0' 0(
#610375 0*
#611375 1*
#611625 1)
#611875 0# 0&
#612000 1" 1'
#612750 0)
#612875 0"
#613000 1# 1$
#613250 0+
#614250 1+
#614500 1)
#614750 1! 1" 0# 0%
#615500 0) 0-
#615750 0! 0" 0$ 0' 1(
#615875 1% 1&
#616000 0*
#617000 1*
#617625 1!
#617875 0*
#618875 1*
#619500 0!
#619625 1"
#619750 0*
#620750 1*
#621375 1!
#621625 0*
#622625 1*
#623875 1) 1-
#624000 0!
#624125 1# 0& 1'
#624875 0)
#625125 0" 0# 0' 0(
#625250 1$ 1&
#625375 0*
#626375 1*
#626625 1)
#627000 1! 1" 1# 1' 1(
#627750 0)
#629500 1)
#629750 0# 0% 0& 0(
#630500 0) 0-
#630750 0! 0" 0$ 0' 1(
#630875 1# 1% 1&
#631000 0*
#632125 1*
#632625 1!
#632875 0*
#634000 1*
#634500 0!
#634625 1"
#634750 0*
#635875 1*
#636375 1!
#636625 0*
#637750 1*
#638875 1) 1-
#639125 0! 0& 1'
#640000 0)
#640125 0" 0' 0(
#640250 1$ 1&
#640375 0*
#641500 1*
#641625 1)
#641875 0$ 0%
#642000 1! 1' 1(
#642750 0)
#643000 1" 1$ 1%
#643250 0+
#644250 1+
#644500 1)
#644750 0# 0% 0& 0(
#645500 0-
#645625 0)
#645750 0! 0" 0'
#645875 1% 1& 1(
#646000 0*
#647125 1*
#647750 1!
#648000 0*
#649000 1*
#649500 0!
#649625 1"
#649875 0*
#650875 1*
#651500 1!
#651750 0*
#652750 1*
#653875 1) 1-
#654125 0! 0$ 0& 1'
#654250 1#
#655000 0)
#655125 0" 0# 0% 0(
#655500 0*
#656500 1*
#656625 1)
#657000 1! 1" 1# 1$ 1% 1& 1(
#657750 0)
#659500 1)
#659750 0# 0% 0& 0(
#660500 0-
#660625 0)
#660750 0! 0" 0'
#660875 1# 1% 1& 1(
#661125 0*
#662125 1*
#662750 1!
#663000 0*
#664000 1*
#664500 0!
#664625 1"
#664875 0*
#665875 1*
#666500 1!
#666750 0*
#667750 1*
#668875 1) 1-
#669125 0! 0$ 0& 1'
#670000 0)
#670125 0" 0% 0(
#670500 0*
#671500 1*
#671750 1)
#672000 1! 1" 1$ 1% 1& 1(
#672750 0)
#674500 1)
#674750 0# 0% 0& 0(
#675500 0-
#675625 0)
#675750 0! 0" 0$
#675875 1(
#676125 0*
#677125 1*
#677750 1!
#678000 0*
#679000 1*
#679500 0!
#679625 1"
#679875 0*
#680875 1*
#681500 1!
#681750 0*
#682750 1*
#683875 1) 1-
#684125 0!
#684250 1# 1%
#685000 0)
#685250 0" 0# 1$ 0% 0(
#685500 0*
#686500 1*
#686750 1)
#687000 1! 1" 1# 1% 1& 1(
#687875 0)
#689500 1)
#689750 0# 0% 0& 0(
#690625 0) 0-
#690750 0!
#690875 0" 1# 0$ 1(
#691125 0*
#692125 1*
#692750 1!
#693000 0*
#694000 1*
#694500 0!
#694625 1"
#694875 0*
#695875 1*
#696500 1!
#696750 0*
#697750 1*
#698875 1)
#699000 1-
#699125 0!
#699250 1%
#700000 0)
#700250 0" 1$ 0% 0(
#700500 0*
#701500 1*
#701750 1)
#702000 0$ 1(
#702125 1" 1&
#702875 0)
#703125 1! 1$ 1%
#703375 0*
#704375 1*
#704500 1)
#704750 0%
#704875 0# 0& 0(
#705625 0) 0-
#705875 0! 0" 1(
#706125 0*
#707125 1*
#707750 1!
#708000 0*
#709000 1*
#709625 0! 1"
#709875 0*
#710875 1*
#711500 1!
#711750 0*
#712750 1*
#714000 1) 1-
#714125 0!
#714250 1# 0$ 1%
#715000 0)
#715250 0" 0# 0(
#715500 0*
#716500 1*
#716750 1)
#717125 1! 1" 1# 1$ 1& 1(
#717875 0)
#719625 1)
#719875 0# 0% 0& 0(
#720625 0) 0-
#720875 0! 0" 1(
#721000 1#
#721125 0*
#722125 1*
#722750 1!
#723000 0*
#724000 1*
#724625 0!
#724750 1"
#724875 0*
#725875 1*
#726500 1!
#726750 0*
#727875 1*
#729000 1) 1-
#729250 0! 0$ 1%
#730125 0)
#730250 0" 0(
#730500 0*
#731625 1*
#731750 1)
#732000 00
#732125 1! 1" 1$ 1& 1(
#732875 0)
#734625 1)
#734875 0# 0% 0& 0(
#735625 0-
#735750 0)
#735875 0! 0" 0$
#736000 1% 1(
#736125 0*
#737250 1*
#737875 1!
#738125 0*
#738875 10
#739125 1*
#739625 0!
#739750 1"
#740000 0*
#741000 1*
#741625 1!
#741875 0*
#742875 1*
#744000 1) 1-
#744250 0!
#744375 1#
#745125 0)
#745250 0" 0# 0(
#745375 1$
#745625 0*
#746625 1*
#746750 1)
#747125 1! 1" 1# 1& 1(
#747875 0)
#749625 1)
#749875 0# 0% 0& 0(
#750625 0-
#750750 0)
#750875 0! 0" 0$
#751000 1# 1% 1(
#751250 0*
#752250 1*
#752875 1!
#753125 0*
#754125 1*
#754625 0!
#754750 1"
#755000 0*
#756000 1*
#756625 1!
#756875 0*
#757875 1*
#759000 1) 1-
#759250 0!
#760125 0)
#760250 0" 0(
#760375 1$
#760625 0*
#761625 1*
#761875 1)
#762125 1! 1" 0$ 0% 1& 1(
#762875 0)
#763250 1$ 1%
#763500 0+
#764500 1+
#764625 1)
#764875 0# 0% 0& 0(
#765625 0-
#765750 0)
#765875 0! 0"
#766000 1% 1(
#766250 0*
#767250 1*
#767875 1!
#768125 0*
#769125 1*
#769625 0!
#769750 1"
#770000 0*
#771000 1*
#771625 1!
#771875 0*
#772875 1*
#774000 1)
#774125 1-
#774250 0! 0$
#774375 1#
#775125 0)
#775375 0" 0# 0% 1& 0(
#775625 0*
#776625 1*
#776875 1)
#777125 1" 1% 0&
#778000 0)
#778125 0"
#778250 1! 1# 1$
#778500 0+
#779500 1+
#779625 1)
#779875 0# 0%
#780000 1"
#780750 0) 0-
#781000 0! 0" 1# 1% 1(
#781250 0*
#782250 1*
#782875 1!
#783125 0*
#784125 1*
#784750 0! 1"
#785000 0*
#786000 1*
#786625 1!
#786875 0*
#787875 1*
#789000 1)
#789125 1-
#789250 0!
#789375 0$
#790125 0)
#790375 0" 0% 1& 0(
#790625 0*
#791625 1*
#791875 1)
#792125 1(
#792250 1! 1" 1$ 1%
#793000 0)
#793500 00
#794625 1)
#795000 0# 0% 0& 0(
#795750 0) 0-
#796000 0! 0" 0$ 1& 1(
#796250 0*
#797250 1*
#797875 1!
#798125 0*
#799125 1*
#799750 0! 1"
#800000 0*
#800375 10
#801000 1*
#801625 1!
#801875 0*
#802875 1*
#804125 1) 1-
#804250 0!
#804375 1# 1% 0&
#805125 0)
#805375 0" 0# 1$ 0% 1& 0(
#805625 0*
#806625 1*
#806875 1)
#807250 1! 1" 1# 1% 1(
#808000 0)
#809750 1)
#810000 0# 0% 0& 0(
#810750 0) 0-
#811000 0! 0" 0$ 1& 1(
#811125 1#
#811250 0*
#812250 1*
#812875 1!
#813125 0*
#814125 1*
#814750 0! 1"
#815000 0*
#816000 1*
#816625 1!
#816875 0*
#817875 1*
#819125 1) 1-
#819250 0!
#819375 1% 0&
#820125 0)
#820375 0" 0% 1& 0(
#820500 1$
#820625 0*
#821625 1*
#821875 1)
#822125 0# 1(
#823000 0)
#823250 1! 1" 1# 1%
#823500 0*
#824500 1*
#824750 1)
#825000 0# 0% 0& 0(
#825750 0) 0-
#826000 0! 0" 1& 1(
#826250 0*
#827250 1*
#827875 1!
#828125 0*
#829125 1*
#829750 0! 1"
#830000 0*
#831000 1*
#831625 1!
#831875 0*
#832875 1*
#834125 1) 1-
#834250 0!
#834375 1# 0$ 1% 0&
#835125 0)
#835375 0" 0# 1& 0(
#835625 0*
#836625 1*
#836875 1)
#837125 0&
#837250 1"
#838000 0)
#838250 1# 1$
#838500 0+
#839500 1+
#839750 1)
#839875 0#
#840000 1! 0%
#840750 0) 0-
#841000 0! 0" 1(
#841125 1# 1&
#841250 0*
#842250 1*
#842875 1!
#843125 0*
#844125 1*
#844750 0! 1"
#845000 0*
#846000 1*
#846625 1!
#846875 0*
#847875 1*
#849125 1) 1-
#849250 0!
#849375 0$ 1% 0&
#850125 0)
#850375 0" 1& 0(
#850625 0*
#851625 1*
#851875 1)
#852250 1! 1" 1$ 1(
#853000 0)
#854625 1)
#855000 0# 0% 0& 0( 00
#855750 0) 0-
#856000 0! 0" 0$ 1% 1& 1(
#856250 0*
#857250 1*
#857875 1!
#858125 0*
#859125 1*
#859750 0! 1"
#860000 0*
#861000 1*
#861625 1!
#861875 0* 10
#862875 1*
#864000 1)
#864125 1-
#864250 0! 0&
#864375 1#
#865125 0)
#865375 0" 0# 1$ 1& 0(
#865625 0*
#866625 1*
#866875 1)
#867125 1(
#867250 1! 1" 1#
#868000 0)
#869625 1)
#870000 0# 0% 0& 0(
#870750 0) 0-
#871000 0! 0" 1# 0$ 1% 1& 1(
#871250 0*
#872250 1*
#872875 1!
#873125 0*
#874125 1*
#874750 0! 1"
#875000 0*
#876000 1*
#876625 1!
#876875 0*
#877875 1*
#879000 1)
#879125 1-
#879250 0! 0&
#880125 0)
#880375 0" 1$ 1& 0(
#880625 0*
#881625 1*
#881875 1)
#882125 1! 0# 0% 1(
#883000 0)
#883250 1" 1# 1%
#883500 0+
#884500 1+
#884625 1)
#884875 0# 0% 0& 0(
#885750 0) 0-
#885875 0!
#886000 0" 1% 1& 1(
#886250 0*
#887250 1*
#887875 1!
#888125 0*
#889125 1*
#889625 0!
#889750 1"
#890000 0*
#891000 1*
#891625 1!
#891875 0*
#892875 1*
#894000 1)
#894125 1-
#894375 1#
#895125 0)
#895625 0+
#896625 1+
#896875 1)
#897125 0! 0# 0$ 0& 0(
#897875 0)
#898250 1! 1# 1$
#898500 0+
#899500 1+
#899625 1)
#899875 0# 0%
#900750 0) 0-
#900875 0!
#901000 0" 1# 1% 1& 1(
#901250 0*
#902250 1*
#902875 1!
#903125 0*
#904125 1*
#904625 0!
#904750 1"
#905000 0*
#906000 1*
#906625 1!
#906875 0*
#907875 1*
#909000 1) 1-
#909250 0! 0$ 0&
#910125 0)
#910250 0# 0(
#910375 0" 0% 0'
#910625 0*
#911625 1*
#912250 1!
#912500 0*
#913500 1*
#914000 0!
#914125 1"
#914375 0*
#915125 1)
#915375 1*
#915500 1# 1% 1' 1(
#916250 0)
#916375 0" 0# 0% 0' 0(
#916500 00
#916625 0*
#917750 1*
#918375 1!
#918500 0*
#919625 1*
#920125 0!
#920250 1"
#920375 0*
#921250 1)
#921375 1*
#921500 1! 1# 1$ 1% 1& 1' 1(
#922250 0)
#923375 10
#924000 1)
#924250 0! 0" 0# 0&
#925125 0)
#925250 0$ 0% 0' 0(
#925375 1! 1" 1#
#925625 0*
#926625 1*
#927250 1%
#927500 0*
#928500 1*
#928625 1)
#928875 0! 0"
#929000 1' 1(
#929750 0)
#930000 1! 1" 0% 0' 0(
#930250 0*
#931250 1*
#931500 1)
#931750 0! 0" 0# 1% 1' 1(
#931875 1$
#932625 0)
#932750 0$ 0% 0' 0(
#932875 1! 1" 1#
#933125 0*
#934125 1*
#934750 1%
#935000 0*
#936000 1*
#936125 1)
#936375 0! 0"
#936500 1' 1(
#937250 0)
#937500 1! 1" 0% 0' 0(
#937750 0*
#938750 1*
#939000 1)
#939250 0! 1% 1' 1(
#940125 0)
#940250 0" 0# 0% 0' 0(
#940500 0*
#941625 1*
#942250 1!
#942375 0*
#943500 1*
#944000 0!
#944125 1"
#944250 0*
#945125 1)
#945375 1# 1% 1' 1( 1*
#946125 0)
#946375 0" 0# 0% 0' 0(
#946625 0*
#947625 1*
#948250 1!
#948500 0*
#949500 1*
#950125 0! 1"
#950375 0*
#951625 1)
#951875 1*
#952375 1% 1'
#953125 0)
#953375 0" 0%
#953500 1&
#953750 0+
#954750 1+
#955375 1)
#955625 0& 1(
#955750 1$ 1%
#956500 0)
#957125 0$ 0% 0' 0(
#957250 1! 1" 1#
#957375 0*
#958375 1*
#959125 1%
#959250 0*
#960250 1*
#960500 1)
#960750 0! 0"
#960875 1' 1(
#961625 0)
#961750 0' 0(
#961875 1! 1" 0%
#962125 0*
#963125 1*
#963375 1)
#963500 0! 0"
#963625 0# 1$ 1% 1' 1(
#964375 0)
#964625 1! 1" 0$ 0% 0' 0(
#964750 1#
#964875 0*
#965875 1*
#966625 1%
#966750 0*
#967750 1*
#968000 1)
#968250 0! 0"
#968375 1' 1(
#969125 0)
#969250 0' 0(
#969375 1! 1" 0%
#969625 0*
#970625 1*
#970875 1)
#971000 0!
#971125 1% 1' 1(
#971875 0)
#972125 0" 0# 0% 0' 0(
#972375 0*
#973375 1*
#974000 1!
#974250 0*
#975250 1*
#975875 0! 1"
#976125 0*
#976875 1)
#977125 1*
#977250 1# 1% 1' 1(
#977875 00
#978000 0)
#978250 0" 0# 0% 0' 0(
#978500 0*
#979500 1*
#980125 1!
#980375 0*
#981375 1*
#981875 0!
#982000 1"
#982250 0*
#983000 1)
#983250 1*
#983375 1! 1# 1$ 1% 1& 1' 1(
#984125 0)
#984875 10
#985750 1)
#986000 0!
#986125 0" 0# 0&
#986875 0)
#987125 1! 1" 1# 0$ 0% 0' 0(
#987375 0*
#988375 1*
#989000 1%
#989250 0*
#990250 1*
#990500 1)
#990750 0! 0" 1(
#990875 1'
#991625 0)
#991750 0% 0' 0(
#991875 1! 1"
#992125 0*
#993125 1*
#993250 1)
#993500 0! 0" 0#
#993625 1$ 1% 1' 1(
#994375 0)
#994625 1! 1" 1# 0$ 0% 0' 0(
#994875 0*
#995875 1*
#996500 1%
#996750 0*
#997750 1*
#998000 1)
#998250 0! 0" 1' 1(
#999125 0)
#999250 0% 0' 0(
#999375 1! 1"
#999625 0*
#1000625 1*
#1000750 1)
#1001000 0!
#1001125 1% 1' 1(
#1001875 0)
#1002125 0" 0# 0% 0' 0(
#1002375 0*
#1003375 1*
#1004000 1!
#1004250 0*
#1005250 1*
#1005875 0! 1"
#1006125 0*
#1006875 1)
#1007125 1*
#1007250 1# 1% 1' 1(
#1008000 0)
#1008125 0(
#1008250 0" 0# 0% 0'
#1008500 0*
#1009500 1*
#1010125 1!
#1010375 0*
#1011375 1*
#1011875 0!
#1012000 1"
#1012250 0*
#1013000 1)
#1013250 1*
#1013375 1% 1'
#1014125 0)
#1014250 0" 0%
#1014375 1! 1&
#1014625 0+
#1015625 1+
#1015750 1)
#1016000 0! 0&
#1016125 1$ 1% 1(
#1016875 0)
#1017125 1! 1" 1# 0$ 0% 0' 0(
#1017375 0*
#1018375 1*
#1019000 1%
#1019250 0*
#1020250 1*
#1020500 1)
#1020750 0! 0" 1' 1(
#1021625 0)
#1021750 0% 0' 0(
#1021875 1! 1"
#1022125 0*
#1023125 1*
#1023250 1)
#1023500 0! 0" 0#
#1023625 1$ 1% 1' 1(
#1024375 0)
#1024625 1! 1" 1# 0$ 0% 0' 0(
#1024875 0*
#1025875 1*
#1026500 1%
#1026750 0*
#1027750 1*
#1028000 1)
#1028250 0! 0" 1' 1(
#1029125 0)
#1029250 0% 0' 0(
#1029375 1! 1"
#1029625 0*
#1030625 1*
#1030750 1)
#1039375 00
#1046125 1$ 1% 1& 1' 1(
#1046375 10
#1046875 0)
#1048625 1)
#1050625 0)
#1052375 1)
#1055375 0!
#1055500 0$ 0&
#1056250 0)
#1056500 0" 0# 0% 0' 0(
#1056750 0*
#1057750 1*
#1058000 1)
#1058375 1! 1" 1# 1$ 1% 1& 1' 1(
#1059125 0)
#1060875 1)
#1061875 0)
#1062375 0+
#1063375 1+
#1064250 0+
#1065375 1+
#1066125 0+
#1067250 1+
#1068000 0+
#1069125 1+
#1070250 1)
#1070500 0! 0$ 0&
#1071250 0)
#1071500 0" 0% 0' 0(
#1071750 0*
#1072750 1*
#1073000 1)
#1073250 0#
#1073375 1" 1% 1'
#1074125 0)
#1074250 0%
#1074375 1&
#1074625 0+
#1075625 1+
#1075875 1)
#1076125 0" 1# 1$ 0&
#1076875 0) 0-
#1077125 0# 0$ 0'
#1077375 0*
#1078375 1*
#1079125 1!
#1079250 0*
#1080375 1*
#1080875 0!
#1081000 1"
#1081125 0*
#1082250 1*
#1082750 1!
#1083000 0*
#1084125 1*
#1085250 1) 1-
#1085500 0! 1# 1% 1' 1(
#1086375 0)
#1086500 0" 0# 0% 0' 0(
#1086625 1$
#1086750 0*
#1087875 1*
#1088000 1)
#1088375 1! 1" 1# 1% 1& 1' 1(
#1089125 0)
#1090875 1)
#1091125 0! 0" 0% 0& 0(
#1091875 0-
#1092000 0)
#1092125 0$ 0'
#1092375 0*
#1093500 1*
#1094125 1!
#1094250 0*
#1095375 1*
#1095875 0!
#1096000 1"
#1096250 0*
#1097250 1*
#1097875 1!
#1098125 0*
#1099125 1*
#1100250 1) 1-
#1100500 0! 1' 1(
#1100625 1%
#1100875 00
#1101375 0)
#1101500 0" 0% 0' 0(
#1101625 1$
#1101875 0*
#1102875 1*
#1103000 1)
#1103250 0#
#1103375 1" 1& 1' 1(
#1104125 0)
#1104375 1! 1# 1%
#1104625 0*
#1105625 1*
#1105875 1)
#1106125 0! 0" 0% 0& 0(
#1106875 0-
#1107000 0)
#1107125 0# 0'
#1107500 0*
#1107875 10
#1108500 1*
#1109125 1!
#1109375 0*
#1110375 1*
#1110875 0!
#1111000 1"
#1111250 0*
#1112250 1*
#1112875 1!
#1113125 0*
#1114125 1*
#1115250 1) 1-
#1115500 0! 0$ 1(
#1115625 1# 1% 1'
#1116375 0)
#1116500 0" 0# 0' 0(
#1116875 0*
#1117875 1*
#1118125 1)
#1118375 1! 1" 1# 1$ 1& 1' 1(
#1119125 0)
#1120875 1)
#1121125 0! 0" 0% 0& 0(
#1121875 0-
#1122000 0)
#1122125 0'
#1122500 0*
#1123500 1*
#1124125 1!
#1124375 0*
#1125375 1*
#1125875 0!
#1126000 1"
#1126250 0*
#1127250 1*
#1127875 1!
#1128125 0*
#1129125 1*
#1130250 1) 1-
#1130500 0! 0$
#1130625 1% 1' 1(
#1131375 0)
#1131500 0' 0(
#1131625 0"
#1131875 0*
#1132875 1*
#1133125 1)
#1133375 1" 0# 1'
#1134125 0)
#1134375 0%
#1134500 1! 1&
#1134750 0+
#1135750 1+
#1135875 1)
#1136125 0! 0" 0&
#1136250 1# 1$
#1137000 0) 0-
#1137250 0# 0$ 1% 0'
#1137500 0*
#1138500 1*
#1139125 1!
#1139375 0*
#1140375 1*
#1140875 0!
#1141000 1"
#1141250 0*
#1142250 1*
#1142875 1!
#1143125 0*
#1144125 1*
#1145250 1)
#1145375 1-
#1145500 0!
#1145625 1# 1' 1(
#1146375 0)
#1146625 0" 0# 1$ 0' 0(
#1146875 0*
#1147875 1*
#1148125 1)
#1148375 1(
#1148500 1! 1" 1# 1& 1'
#1149250 0)
#1150875 1)
#1151125 0!
#1151250 0" 0% 0& 0(
#1152000 0) 0-
#1152250 0$ 1% 0'
#1152500 0*
#1153500 1*
#1154125 1!
#1154375 0*
#1155375 1*
#1156000 0! 1"
#1156250 0*
#1157250 1*
#1157875 1!
#1158125 0*
#1159125 1*
#1160375 1) 1-
#1160500 0!
#1160625 1' 1(
#1161375 0)
#1161625 0" 0' 0(
#1161750 1$
#1161875 0*
#1162375 00
#1162875 1*
#1163125 1)
#1163375 0# 0%
#1163500 1! 1" 1& 1' 1(
#1164250 0)
#1164500 1# 1%
#1164750 0+
#1165750 1+
#1166000 1)
#1166250 0! 0" 0% 0& 0(
#1167000 0) 0-
#1167250 0# 0'
#1167375 1%
#1167500 0*
#1168500 1*
#1169125 1!
#1169375 0* 10
#1170375 1*
#1171000 0!
#1171125 1"
#1171250 0*
#1172375 1*
#1172875 1!
#1173125 0*
#1174250 1*
#1175375 1) 1-
#1175625 0! 1# 0$ 1' 1(
#1176500 0)
#1176625 0" 0# 0% 0' 0(
#1176750 1&
#1176875 0*
#1178000 1*
#1178125 1)
#1178500 1! 1" 1# 1$ 1% 1' 1(
#1179250 0)
#1181000 1)
#1181250 0! 0" 0% 0& 0(
#1182000 0-
#1182125 0)
#1182250 0'
#1182375 1%
#1182500 0*
#1183625 1*
#1184250 1!
#1184500 0*
#1185500 1*
#1186000 0!
#1186125 1"
#1186375 0*
#1187375 1*
#1188000 1!
#1188250 0*
#1189250 1*
#1190375 1) 1-
#1190625 0! 0$ 1' 1(
#1191500 0)
#1191625 0" 0% 0' 0(
#1191750 1&
#1192000 0*
#1193000 1*
#1193125 1)
#1193375 0# 0&
#1193500 1" 1% 1'
#1194250 0)
#1194500 0" 1# 0% 1&
#1194750 0+
#1195750 1+
#1196000 1)
#1196250 0&
#1196375 1$
#1197000 0-
#1197125 0)
#1197250 0# 0$ 0'
#1197375 1&
#1197625 0*
#1198625 1*
#1199250 1!
#1199500 0*
#1200500 1*
#1201000 0!
#1201125 1"
#1201375 0*
#1202375 1*
#1203000 1!
#1203250 0*
#1204250 1*
#1205375 1) 1-
#1205625 0! 0&
#1205750 1# 1% 1' 1(
#1206500 0)
#1206625 0# 0% 0' 0(
#1206750 0" 1$ 1&
#1207000 0*
#1208000 1*
#1208250 1)
#1208500 1! 1" 1# 1% 1' 1(
#1209250 0)
#1211000 1)
#1211250 0! 0" 0% 0& 0(
#1212000 0-
#1212125 0)
#1212250 0'
#1212375 0$ 1&
#1212625 0*
#1213625 1*
#1214250 1!
#1214500 0*
#1215500 1*
#1216000 0!
#1216125 1"
#1216375 0*
#1217375 1*
#1218000 1!
#1218250 0*
#1219250 1*
#1220375 1) 1-
#1220625 0! 0&
#1220750 1% 1' 1(
#1221500 0)
#1221625 0' 0(
#1221750 0" 1$ 0% 1&
#1222000 0*
#1223000 1*
#1223250 1)
#1223500 1' 1(
#1223875 00
#1224250 0)
#1224625 1! 1" 1%
#1224750 0*
#1225875 1*
#1226000 1)
#1226250 0! 0" 0% 0& 0(
#1227125 0) 0-
#1227375 0# 1& 0'
#1227625 0*
#1228625 1*
#1229250 1!
#1229500 0*
#1230500 1*
#1230875 10
#1231000 0!
#1231125 1"
#1231375 0*
#1232375 1*
#1233000 1!
#1233250 0*
#1234250 1*
#1235375 1)
#1235500 1-
#1235625 0! 0$ 0&
#1235750 1# 1% 1' 1(
#1236500 0)
#1236750 0" 0# 1& 0' 0(
#1237000 0*
#1238000 1*
#1238250 1)
#1238500 1! 1" 1# 1' 1(
#1238625 1$
#1239375 0)
#1241000 1)
#1241250 0! 0" 0% 0& 0(
#1242125 0) 0-
#1242375 1& 0'
#1242625 0*
#1243625 1*
#1244250 1!
#1244500 0*
#1245500 1*
#1246000 0!
#1246125 1"
#1246375 0*
#1247375 1*
#1248000 1!
#1248250 0*
#1249250 1*
#1250375 1)
#1250500 1-
#1250625 0! 0$ 0&
#1250750 1% 1' 1(
#1251500 0)
#1251750 0" 1& 0' 0(
#1252000 0*
#1253000 1*
#1253250 1)
#1253500 0# 0& 1'
#1253625 1"
#1254375 0)
#1254500 0" 0%
#1254625 1! 1# 1&
#1254875 0+
#1255875 1+
#1256000 1)
#1256250 0! 0&
#1256375 1$
#1257125 0) 0-
#1257375 0# 0$ 1% 1& 0'
#1257625 0*
#1258625 1*
#1259250 1!
#1259500 0*
#1260500 1*
#1261000 0!
#1261125 1"
#1261375 0*
#1262375 1*
#1263000 1!
#1263250 0*
#1264250 1*
#1265375 1)
#1265500 1-
#1265625 0! 0&
#1265750 1# 1' 1(
#1266500 0)
#1266750 0" 0# 1$ 1& 0' 0(
#1267000 0*
#1268000 1*
#1268250 1)
#1268500 1! 1' 1(
#1268625 1" 1#
#1269375 0)
#1271000 1)
#1271250 0! 0" 0% 0&
#1271375 0(
#1272125 0) 0-
#1272375 0$ 1% 1& 0'
#1272625 0*
#1273625 1*
#1274250 1!
#1274500 0*
#1275500 1*
#1276000 0!
#1276125 1"
#1276375 0*
#1277375 1*
#1278000 1!
#1278250 0*
#1279250 1*
#1280375 1)
#1280500 1-
#1280625 0! 0&
#1280750 1' 1(
#1281500 0)
#1281750 0" 1$ 1& 0' 0(
#1282000 0*
#1283000 1*
#1283250 1)
#1283500 1! 0% 1' 1(
#1284375 0)
#1284625 1" 1%
#1284875 0+
#1285375 00
#1285875 1+
#1286000 1)
#1286250 0! 0" 0% 0& 0(
#1287125 0) 0-
#1287375 0# 1% 1& 0'
#1287625 0*
#1288625 1*
#1289250 1!
#1289500 0*
#1290500 1*
#1291000 0!
#1291125 1"
#1291375 0*
#1292375 1* 10
#1293000 1!
#1293250 0*
#1294250 1*
#1295375 1)
#1295500 1-
#1295625 0! 0$ 0&
#1295750 1# 1' 1(
#1296500 0)
#1296625 0(
#1296750 0" 0# 0%
#1297000 0*
#1298000 1*
#1298250 1)
#1298500 1! 1" 1# 1% 1& 1(
#1298625 1$
#1299375 0)
#1301000 1)
#1301250 0! 0" 0% 0& 0(
#1302125 0) 0-
#1302375 1% 1& 0'
#1302625 0*
#1303625 1*
#1304250 1!
#1304500 0*
#1305500 1*
#1306000 0!
#1306125 1"
#1306375 0*
#1307375 1*
#1308000 1!
#1308250 0*
#1309250 1*
#1310375 1) 1-
#1310625 0! 0$ 0&
#1310750 1' 1(
#1311500 0)
#1311625 0(
#1311750 0" 0%
#1312000 0*
#1313000 1*
#1313250 1)
#1313375 0#
#1313500 1" 1%
#1314250 0)
#1314500 0%
#1314625 1# 1&
#1314750 0+
#1315875 1+
#1316000 1)
#1316250 0" 0&
#1316375 1$
#1317000 0-
#1317125 0)
#1317250 0# 0$
#1317625 0*
#1318625 1*
#1319250 1!
#1319500 0*
#1320500 1*
#1321000 0!
#1321125 1"
#1321375 0*
#1322375 1*
#1323000 1!
#1323250 0*
#1324250 1*
#1325375 1) 1-
#1325625 0! 1(
#1325750 1# 1%
#1326500 0)
#1326625 0" 0# 0% 0(
#1326750 1$
#1327000 0*
#1328000 1*
#1328125 1)
#1328500 1! 1" 1# 1% 1& 1(
#1329250 0)
#1331000 1)
#1331250 0! 0" 0% 0& 0(
#1332000 0-
#1332125 0)
#1332250 0$
#1332625 0*
#1333625 1*
#1334250 1!
#1334500 0*
#1335500 1*
#1336000 0!
#1336125 1"
#1336375 0*
#1337375 1*
#1338000 1!
#1338250 0*
#1339250 1*
#1340375 1) 1-
#1340625 0! 1(
#1340750 1%
#1341500 0)
#1341625 0" 0% 0(
#1341750 1$
#1342000 0*
#1343000 1*
#1343125 1)
#1343500 1" 1& 1(
#1344250 0)
#1344500 1! 1%
#1344750 0*
#1345750 1*
#1346000 1)
#1346250 0! 0" 0% 0& 0(
#1346875 00
#1347000 0-
#1347125 0)
#1347250 0#
#1347625 0*
#1348625 1*
#1349250 1!
#1349500 0*
#1350500 1*
#1351000 0!
#1351125 1"
#1351250 0*
#1352375 1*
#1353000 1!
#1353125 0*
#1353875 10
#1354250 1*
#1355375 1) 1-
#1355625 0! 1# 0$ 1% 1(
#1356500 0)
#1356625 0" 0# 0(
#1356875 0*
#1358000 1*
#1358125 1)
#1358500 1! 1" 1# 1$ 1& 1(
#1359250 0)
#1361000 1)
#1361250 0! 0" 0% 0& 0(
#1362000 0) 0-
#1362500 0*
#1363625 1*
#1364125 1!
#1364375 0*
#1365500 1*
#1366000 0!
#1366125 1"
#1366250 0*
#1367250 1*
#1367875 1!
#1368125 0*
#1369125 1*
#1370375 1) 1-
#1370500 0!
#1370625 0$ 1% 1(
#1371375 0)
#1371625 0" 0(
#1371875 0*
#1372875 1*
#1373125 1)
#1373375 0#
#1373500 1"
#1374250 0)
#1374500 1! 1# 0% 1&
#1374750 0+
#1375750 1+
#1376000 1)
#1376125 0!
#1376250 0" 1$ 0&
#1377000 0) 0-
#1377250 0# 0$
#1377375 1%
#1377500 0*
#1378500 1*
#1379125 1!
#1379375 0*
#1380375 1*
#1381000 0!
#1381125 1"
#1381250 0*
#1382250 1*
#1382875 1!
#1383125 0*
#1384125 1*
#1385375 1) 1-
#1385500 0!
#1385625 1# 1(
#1386375 0)
#1386625 0" 0# 0(
#1386750 1$
#1386875 0*
#1387875 1*
#1388125 1)
#1388500 1! 1" 1# 1& 1(
#1389250 0)
#1390875 1)
#1391250 0! 0" 0% 0& 0(
#1392000 0) 0-
#1392250 0$
#1392375 1%
#1392500 0*
#1393500 1*
#1394125 1!
#1394375 0*
#1395375 1*
#1396000 0! 1"
#1396250 0*
#1397250 1*
#1397875 1!
#1398125 0*
#1399125 1*
#1400250 1)
#1400375 1-
#1400500 0!
#1400625 1(
#1401375 0)
#1401625 0" 1$ 0(
#1401875 0*
#1402875 1*
#1403125 1)
#1403375 1! 0% 1(
#1403500 1" 1&
#1404250 0)
#1404500 1%
#1404750 0+
#1405750 1+
#1405875 1)
#1406125 0! 0" 0% 0&
#1406250 0(
#1407000 0) 0-
#1407250 0# 1%
#1407500 0*
#1408375 00
#1408500 1*
#1409125 1!
#1409375 0*
#1410375 1*
#1411000 0! 1"
#1411250 0*
#1412250 1*
#1412875 1!
#1413125 0*
#1414125 1*
#1415250 1) 10
#1415375 1-
#1415500 0! 0$
#1415625 1# 1(
#1416375 0)
#1416625 0" 0# 0% 1& 0(
#1416875 0*
#1417875 1*
#1418125 1)
#1418375 1(
#1418500 1! 1" 1# 1$ 1%
#1419250 0)
#1420875 1)
#1421125 0! 0" 0% 0& 0(
#1422000 0) 0-
#1422250 1%
#1422500 0*
#1423500 1*
#1424125 1!
#1424375 0*
#1425375 1*
#1425875 0!
#1426000 1"
#1426250 0*
#1427250 1*
#1427875 1!
#1428125 0*
#1429125 1*
#1430250 1)
#1430375 1-
#1430500 0! 0$
#1430625 1(
#1431375 0)
#1431625 0" 0% 1& 0(
#1431875 0*
#1432875 1*
#1433125 1)
#1433375 0# 1% 0&
#1433500 1"
#1434250 0)
#1434375 0" 0%
#1434500 1$ 1&
#1434750 0+
#1435750 1+
#1435875 1)
#1436125 0&
#1436250 1#
#1437000 0) 0-
#1437250 0# 0$ 1&
#1437500 0*
#1438500 1*
#1439125 1!
#1439375 0*
#1440375 1*
#1440875 0!
#1441000 1"
#1441250 0*
#1442250 1*
#1442875 1!
#1443125 0*
#1444125 1*
#1445250 1)
#1445375 1-
#1445500 0! 0&
#1445625 1# 1% 1(
#1446375 0)
#1446500 0(
#1446625 0" 0# 1$ 0% 1&
#1446875 0*
#1447875 1*
#1448125 1)
#1448375 1! 1" 1# 1% 1(
#1449250 0)
#1450875 1)
#1451125 0! 0" 0% 0& 0(
#1452000 0) 0-
#1452250 0$ 1&
#1452500 0*
#1453500 1*
#1454125 1!
#1454375 0*
#1455375 1*
#1455875 0!
#1456000 1"
#1456250 0*
#1457250 1*
#1457875 1!
#1458125 0*
#1459125 1*
#1460250 1)
#1460375 1-
#1460500 0! 0&
#1460625 1% 1(
#1461375 0)
#1461500 0(
#1461625 0" 1$ 0% 1&
#1461875 0*
#1462875 1*
#1463125 1)
#1463375 0# 0$ 1% 1(
#1464250 0)
#1464500 1! 1" 1# 1$
#1464625 0*
#1465750 1*
#1465875 1)
#1466125 0! 0" 0% 0& 0(
#1467000 0) 0-
#1467250 0# 1&
#1467500 0*
#1468500 1*
#1469125 1!
#1469375 0*
#1469875 00
#1470375 1*
#1470875 0!
#1471000 1"
#1471250 0*
#1472250 1*
#1472875 1!
#1473125 0*
#1474125 1*
#1475250 1)
#1475375 1-
#1475500 0! 0$ 0&
#1475625 1# 1% 1(
#1476375 0)
#1476500 0(
#1476625 0" 0# 1&
#1476750 10
#1476875 0*
#1477875 1*
#1478125 1)
#1478375 1! 1" 1(
#1478500 1# 1$
#1479250 0)
#1480875 1)
#1481125 0! 0" 0% 0& 0(
#1482000 0) 0-
#1482250 1&
#1482500 0*
#1483500 1*
#1484125 1!
#1484375 0*
#1485375 1*
#1485875 0!
#1486000 1"
#1486250 0*
#1487250 1*
#1487875 1!
#1488125 0*
#1489125 1*
#1490250 1)
#1490375 1-
#1490500 0! 0$ 0&
#1490625 1% 1(
#1491375 0)
#1491625 0" 1& 0(
#1491875 0*
#1492875 1*
#1493125 1)
#1493375 0# 0&
#1493500 1"
#1494250 0)
#1494375 0" 0%
#1494500 1! 1$ 1&
#1494750 0+
#1495750 1+
#1495875 1)
#1496125 0! 0&
#1496250 1#
#1497000 0) 0-
#1497250 0# 0$ 1% 1&
#1497500 0*
#1498500 1*
#1499125 1!
#1499375 0*
#1500375 1*
#1501000 0! 1"
#1501250 0*
#1502250 1*
#1502875 1!
#1503125 0*
#1504125 1*
#1505250 1)
#1505375 1-
#1505500 0! 0&
#1505625 1# 1(
#1506375 0)
#1506625 0" 0# 1$ 1& 0(
#1506875 0*
#1507875 1*
#1508125 1)
#1508375 1(
#1508500 1! 1" 1#
#1509250 0)
#1510875 1)
#1511250 0! 0" 0% 0& 0(
#1512000 0) 0-
#1512250 0$ 1% 1&
#1512500 0*
#1513500 1*
#1514125 1!
#1514375 0*
#1515375 1*
#1516000 0! 1"
#1516250 0*
#1517250 1*
#1517875 1!
#1518125 0*
#1519125 1*
#1520375 1) 1-
#1520500 0!
#1520625 0& 1(
#1521375 0)
#1521625 0" 1& 0(
#1521750 1$
#1521875 0*
#1522875 1*
#1523125 1)
#1523375 0# 0$
#1523500 1! 1(
#1524250 0)
#1524500 1" 1# 1$
#1524750 0+
#1525750 1+
#1526000 1)
#1526250 0! 0" 0% 0& 0(
#1527000 0) 0-
#1527250 0#
#1527375 1% 1&
#1527500 0*
#1528500 1*
#1529125 1!
#1529375 0*
#1530375 1*
#1531000 0!
#1531125 1"
#1531250 0*
#1531375 00
#1532375 1*
#1532875 1!
#1533125 0*
#1534250 1*
#1535375 1) 1-
#1535625 1# 1(
#1536500 0)
#1537000 0+
#1538000 1+
#1538125 1)
#1538250 10
#1539250 0)
#1541000 1)
#1541250 0! 0" 0% 0& 0(
#1542000 0-
#1542125 0)
#1542375 1% 1&
#1542500 0*
#1543625 1*
#1544250 1!
#1544375 0*
#1545500 1*
#1546000 0!
#1546125 1"
#1546375 0*
#1547375 1*
#1548000 1!
#1548250 0*
#1549250 1*
#1550375 1) 1-
#1550625 0! 0$ 0& 1(
#1551500 0)
#1551625 0" 0# 0% 0' 0(
#1552000 0*
#1553000 1*
#1553625 1!
#1553875 0*
#1554875 1*
#1555375 0!
#1555500 1"
#1555750 0*
#1556500 1)
#1556750 1( 1*
#1556875 1# 1% 1'
#1557625 0)
#1557750 0" 0# 0% 0' 0(
#1558000 0*
#1559125 1*
#1559750 1!
#1559875 0*
#1561000 1*
#1561500 0!
#1561625 1"
#1561750 0*
#1562625 1)
#1562750 1*
#1562875 1% 1'
#1563625 0)
#1563875 0% 1&
#1564000 1$
#1564125 0+
#1565125 1+
#1565375 1)
#1565625 0" 0& 1(
#1565750 1%
#1566500 0)
#1566625 0% 0' 0(
#1567000 0*
#1568000 1*
#1568625 1%
#1568875 0*
#1569875 1*
#1570125 1)
#1570375 1# 0$ 1' 1(
#1571125 0)
#1571375 0# 0% 0' 0(
#1571500 1$
#1571625 0*
#1572625 1*
#1572875 1)
#1573250 1% 1' 1(
#1574000 0)
#1574125 0% 0' 0(
#1574500 0*
#1575500 1*
#1576125 1%
#1576375 0*
#1577375 1*
#1577625 1)
#1577875 1# 0$ 1' 1(
#1578625 0)
#1578875 0# 0% 0' 0(
#1579000 1$
#1579125 0*
#1580250 1*
#1580375 1)
#1580625 0$
#1580750 1" 1# 1% 1' 1(
#1581500 0)
#1581625 0(
#1581750 0" 0# 0% 0'
#1582000 0*
#1583000 1*
#1583625 1!
#1583875 0*
#1584875 1*
#1585375 0!
#1585500 1"
#1585750 0*
#1586500 1)
#1586750 1*
#1586875 1# 1% 1' 1(
#1587625 0)
#1587750 0# 0% 0' 0(
#1587875 0"
#1588125 0*
#1589125 1*
#1589750 1!
#1590000 0*
#1591000 1*
#1591500 0!
#1591625 1"
#1591875 0*
#1592750 00
#1593125 1)
#1593375 1*
#1593875 1! 1# 1$ 1% 1& 1' 1(
#1594625 0)
#1596875 1)
#1597125 0! 0" 0# 0&
#1597875 0)
#1598625 0% 0' 0(
#1598875 0*
#1599750 10
#1599875 1*
#1600500 1%
#1600750 0*
#1601750 1*
#1602000 1)
#1602250 0$
#1602375 1# 1' 1(
#1603125 0)
#1603250 0# 0% 0' 0(
#1603375 1$
#1603625 0*
#1604625 1*
#1604750 1)
#1605125 1% 1' 1(
#1605875 0)
#1606125 0% 0' 0(
#1606375 0*
#1607375 1*
#1608000 1%
#1608250 0*
#1609250 1*
#1609500 1)
#1609750 0$
#1609875 1# 1' 1(
#1610625 0)
#1610750 0' 0(
#1610875 0# 1$ 0%
#1611125 0*
#1612125 1*
#1612375 1)
#1612625 1" 1# 0$ 1% 1' 1(
#1613375 0)
#1613625 0" 0# 0% 0' 0(
#1613875 0*
#1614875 1*
#1615500 1!
#1615750 0*
#1616750 1*
#1617375 0!
#1617500 1"
#1617625 0*
#1618375 1)
#1618625 1*
#1618750 1# 1% 1' 1(
#1619500 0)
#1619750 0" 0# 0% 0' 0(
#1620000 0*
#1621000 1*
#1621625 1!
#1621875 0*
#1622875 1*
#1623500 0! 1"
#1623750 0*
#1624500 1)
#1624750 1*
#1624875 1% 1'
#1625625 0)
#1625875 1! 1$ 0% 1&
#1626125 0+
#1627125 1+
#1627375 1)
#1627625 0! 0" 1% 0& 1(
#1628500 0)
#1628625 0% 0' 0(
#1628875 0*
#1630000 1*
#1630625 1%
#1630750 0*
#1631875 1*
#1632000 1)
#1632250 0$
#1632375 1# 1' 1(
#1633125 0)
#1633375 0# 1$ 0% 0' 0(
#1633625 0*
#1634625 1*
#1634875 1)
#1635125 1% 1' 1(
#1636000 0)
#1636125 0% 0' 0(
#1636500 0*
#1637500 1*
#1638125 1%
#1638375 0*
#1639375 1*
#1639500 1)
#1639750 0$
#1639875 1# 1' 1(
#1640625 0)
#1640875 0# 1$ 0% 0' 0(
#1641125 0*
#1642125 1*
#1642375 1)
#1642625 0$ 1' 1(
#1642750 1" 1# 1%
#1643500 0)
#1643625 0" 0# 0% 0' 0(
#1644000 0*
#1645000 1*
#1645625 1!
#1645875 0*
#1646875 1*
#1647375 0!
#1647500 1"
#1647750 0*
#1648500 1)
#1648750 1( 1*
#1648875 1# 1% 1'
#1649625 0)
#1649750 0" 0# 0% 0' 0(
#1650000 0*
#1651000 1*
#1651750 1!
#1651875 0*
#1653000 1*
#1653500 0!
#1653625 1"
#1653750 0*
#1654250 00
#1654625 1)
#1654750 1*
#1654875 1! 1# 1$ 1% 1& 1' 1(
#1655625 0)
#1657375 1)
#1657625 0! 0" 0# 0&
#1658500 0)
#1658625 0% 0' 0(
#1659000 0*
#1660000 1*
#1660625 1%
#1660875 0*
#1661250 10
#1661875 1*
#1662125 1)
#1662375 1# 0$ 1' 1(
#1663125 0)
#1663375 0# 1$ 0% 0' 0(
#1663625 0*
#1664625 1*
#1664875 1)
#1665125 1(
#1665250 1% 1'
#1666000 0)
#1666125 0% 0' 0(
#1666500 0*
#1667500 1*
#1668125 1%
#1668375 0*
#1669375 1*
#1669625 1)
#1669875 1# 0$ 1' 1(
#1670625 0)
#1670875 0# 1$ 0% 0' 0(
#1671125 0*
#1672125 1*
#1672375 1)
#1687625 0$
#1687750 1" 1% 1'
#1688500 0)
#1688625 0" 0%
#1688750 1# 1$ 1&
#1689000 0+
#1690000 1+
#1690250 1)
#1691500 1! 1" 1% 1(
#1692250 0)
#1694000 1)
#1697000 0! 0$ 0&
#1697875 0)
#1698000 0(
#1698125 0" 0# 0% 0'
#1698375 0*
#1699375 1*
#1699625 1)
#1699875 1! 1" 1# 1$ 1% 1& 1' 1(
#1700625 0)
#1702375 1)
#1703500 0)
#1704000 0+
#1705000 1+
#1705875 0+
#1706875 1+
#1707750 0+
#1708750 1+
#1709625 0+
#1710625 1+
#1711750 1)
#1712000 0! 0$ 0&
#1712875 0)
#1713000 0% 0' 0(
#1713125 0"
#1713375 0*
#1714375 1*
#1714625 1)
#1714875 1! 1" 1$ 1% 1& 1' 1(
#1715625 0)
#1715750 00
#1717375 1)
#1717625 0! 0" 0% 0& 0(
#1718375 0-
#1718500 0)
#1718625 0# 0$ 0'
#1718750 1(
#1719000 0*
#1720000 1*
#1720625 1!
#1720875 0*
#1721875 1*
#1722375 0!
#1722500 1"
#1722750 0* 10
#1723750 1*
#1724375 1!
#1724625 0*
#1725625 1*
#1726750 1) 1-
#1727000 0!
#1727125 1# 1% 1'
#1727875 0)
#1728000 0" 0# 0% 0' 0(
#1728125 1$
#1728375 0*
#1729375 1*
#1729500 1)
#1729875 1! 1" 1# 1% 1& 1' 1(
#1730625 0)
#1732375 1)
#1732625 0! 0" 0% 0& 0(
#1733375 0-
#1733500 0)
#1733625 0$ 0'
#1733750 1(
#1734000 0*
#1735000 1*
#1735625 1!
#1735875 0*
#1736875 1*
#1737375 0!
#1737500 1"
#1737750 0*
#1738750 1*
#1739375 1!
#1739625 0*
#1740625 1*
#1741750 1) 1-
#1742000 0! 1'
#1742125 1%
#1742875 0)
#1743000 0" 0% 0' 0(
#1743125 1$
#1743375 0*
#1744375 1*
#1744500 1)
#1744750 0# 0$
#1744875 1" 1% 1& 1' 1(
#1745625 0)
#1745875 1! 1# 1$
#1746125 0*
#1747125 1*
#1747375 1)
#1747625 0! 0" 0% 0& 0(
#1748375 0-
#1748500 0)
#1748625 0# 0'
#1748750 1(
#1749000 0*
#1750000 1*
#1750625 1!
#1750875 0*
#1751875 1*
#1752375 0!
#1752500 1"
#1752625 0*
#1753750 1*
#1754375 1!
#1754625 0*
#1755625 1*
#1756750 1) 1-
#1757000 0! 1# 0$ 1% 1'
#1757875 0)
#1758000 0" 0# 0' 0(
#1758250 0*
#1759375 1*
#1759500 1)
#1759875 1" 1'
#1760625 0)
#1760875 1! 0" 1# 1$ 0% 1&
#1761125 0+
#1762125 1+
#1762375 1)
#1762625 0! 0&
#1763375 0) 0-
#1763625 0'
#1763750 1(
#1763875 0*
#1765000 1*
#1765500 1!
#1765750 0*
#1766875 1*
#1767375 0!
#1767500 1"
#1767625 0*
#1768750 1*
#1769250 1!
#1769500 0*
#1770500 1*
#1771750 1) 1-
#1772000 0! 0$ 1% 1'
#1772750 0)
#1773000 0" 0' 0(
#1773250 0*
#1774250 1*
#1774500 1)
#1774875 1! 1" 1$ 1& 1' 1(
#1775625 0)
#1777250 00
#1777375 1)
#1777625 0! 0" 0% 0& 0(
#1778375 0) 0-
#1778625 0# 0$ 0' 1(
#1778750 1%
#1778875 0*
#1779875 1*
#1780500 1!
#1780750 0*
#1781750 1*
#1782375 0!
#1782500 1"
#1782625 0*
#1783625 1*
#1784250 1! 10
#1784500 0*
#1785500 1*
#1786750 1) 1-
#1786875 0!
#1787000 1# 1'
#1787750 0)
#1788000 0" 0# 1$ 0' 0(
#1788250 0*
#1789250 1*
#1789500 1)
#1789875 1! 1" 1# 1& 1' 1(
#1790625 0)
#1792250 1)
#1792625 0! 0" 0% 0& 0(
#1793375 0) 0-
#1793625 0$ 1% 0' 1(
#1793875 0*
#1794875 1*
#1795500 1!
#1795750 0*
#1796750 1*
#1797375 0! 1"
#1797625 0*
#1798625 1*
#1799250 1!
#1799500 0*
#1800500 1*
#1801625 1)
#1801750 1-
#1801875 0!
#1802000 1'
#1802750 0)
#1803000 0" 1$ 0' 0(
#1803250 0*
#1804250 1*
#1804500 1)
#1804750 1! 0# 0$ 1' 1(
#1804875 1" 1&
#1805625 0)
#1805875 1# 1$
#1806125 0+
#1807125 1+
#1807250 1)
#1807500 0! 0&
#1807625 0" 0% 0(
#1808375 0) 0-
#1808625 0# 1% 0' 1(
#1808875 0*
#1809875 1*
#1810500 1!
#1810750 0*
#1811750 1*
#1812250 0!
#1812375 1"
#1812625 0*
#1813625 1*
#1814250 1!
#1814500 0*
#1815500 1*
#1816625 1)
#1816750 1-
#1816875 0! 0$
#1817000 1# 1'
#1817750 0)
#1818000 0" 0# 0% 1& 0' 0(
#1818250 0*
#1819250 1*
#1819500 1)
#1819750 1" 1% 0& 1'
#1820625 0)
#1820750 0%
#1820875 1# 1$ 1&
#1821125 0+
#1822125 1+
#1822250 1)
#1822500 0" 0&
#1823375 0) 0-
#1823625 1% 0' 1(
#1823875 0*
#1824875 1*
#1825500 1!
#1825750 0*
#1826750 1*
#1827250 0!
#1827375 1"
#1827625 0*
#1828625 1*
#1829250 1!
#1829500 0*
#1830500 1*
#1831625 1) 1-
#1831875 0! 0$
#1832000 1'
#1832750 0)
#1832875 0'
#1833000 0" 0% 1& 0(
#1833250 0*
#1834250 1*
#1834500 1)
#1834750 1! 1" 1$ 1% 1' 1(
#1835500 0)
#1837250 1)
#1837500 0! 0" 0% 0& 0(
#1838375 0) 0-
#1838500 0'
#1838625 0# 0$ 1& 1(
#1838750 00
#1838875 0*
#1839875 1*
#1840500 1!
#1840750 0*
#1841750 1*
#1842250 0!
#1842375 1"
#1842625 0*
#1843625 1*
#1844250 1!
#1844500 0*
#1845500 1*
#1845750 10
#1846625 1) 1-
#1846875 0! 0&
#1847000 1# 1% 1'
#1847750 0)
#1847875 0# 0'
#1848000 0" 1$ 0% 1& 0(
#1848250 0*
#1849250 1*
#1849500 1)
#1849750 1! 1" 1# 1% 1' 1(
#1850500 0)
#1852250 1)
#1852500 0! 0" 0% 0& 0(
#1853250 0-
#1853375 0)
#1853500 0'
#1853625 0$ 1& 1(
#1853875 0*
#1854875 1*
#1855500 1!
#1855750 0*
#1856750 1*
#1857250 0!
#1857375 1"
#1857625 0*
#1858625 1*
#1859250 1!
#1859500 0*
#1860500 1*
#1861625 1) 1-
#1861875 0! 0&
#1862000 1% 1'
#1862750 0)
#1862875 0% 0' 0(
#1863000 0" 1$ 1&
#1863250 0*
#1864250 1*
#1864500 1)
#1864625 0$
#1864750 1% 1' 1(
#1865500 0)
#1865750 1!
#1865875 1" 1$
#1866000 0*
#1867000 1*
#1867250 1)
#1867500 0! 0" 0% 0& 0(
#1868250 0-
#1868375 0)
#1868500 0# 0'
#1868625 1& 1(
#1868875 0*
#1869875 1*
#1870500 1!
#1870750 0*
#1871750 1*
#1872250 0!
#1872375 1"
#1872625 0*
#1873625 1*
#1874250 1!
#1874500 0*
#1875500 1*
#1876625 1) 1-
#1876875 0! 0$ 0&
#1877000 1# 1% 1'
#1877750 0)
#1877875 0" 0# 0' 0(
#1878000 1&
#1878250 0*
#1879250 1*
#1879500 1)
#1879625 0&
#1879750 1" 1'
#1880500 0)
#1880750 1! 1# 0% 1&
#1880875 1$
#1881000 0+
#1882000 1+
#1882250 1)
#1882500 0! 0" 0&
#1883250 0-
#1883375 0)
#1883500 0'
#1883625 1& 1(
#1883875 0*
#1884875 1*
#1885500 1!
#1885750 0*
#1886750 1*
#1887250 0!
#1887375 1"
#1887625 0*
#1888625 1*
#1889250 1!
#1889500 0*
#1890500 1*
#1891625 1) 1-
#1891875 0! 0$ 0& 1'
#1892000 1%
#1892750 0)
#1892875 0" 0' 0(
#1893000 1&
#1893250 0*
#1894250 1*
#1894500 1)
#1894750 1! 1" 1$ 1' 1(
#1895500 0)
#1897250 1)
#1897500 0! 0" 0% 0& 0(
#1898250 0-
#1898375 0)
#1898500 0# 0$ 0'
#1898625 1% 1& 1(
#1898875 0*
#1899875 1*
#1900250 00
#1900500 1!
#1900750 0*
#1901750 1*
#1902250 0!
#1902375 1"
#1902625 0*
#1903625 1*
#1904250 1!
#1904500 0*
#1905500 1*
#1906625 1) 1-
#1906875 0! 0&
#1907000 1# 1'
#1907250 10
#1907750 0)
#1907875 0# 0' 0(
#1908000 0" 1$ 1&
#1908250 0*
#1909250 1*
#1909500 1)
#1909750 1! 1" 1# 1' 1(
#1910500 0)
#1912250 1)
#1912500 0! 0" 0% 0& 0(
#1913250 0-
#1913375 0)
#1913500 0'
#1913625 0$ 1% 1& 1(
#1913875 0*
#1914875 1*
#1915500 1!
#1915750 0*
#1916750 1*
#1917250 0!
#1917375 1"
#1917625 0*
#1918625 1*
#1919250 1!
#1919500 0*
#1920500 1*
#1921625 1) 1-
#1921875 0! 0&
#1922000 1'
#1922750 0)
#1922875 0'
#1923000 0" 1$ 1& 0(
#1923250 0*
#1924250 1*
#1924500 1)
#1924750 1! 0$ 1' 1(
#1925500 0)
#1925875 1" 1$
#1926125 0+
#1927125 1+
#1927250 1)
#1927500 0! 0" 0% 0& 0(
#1928375 0) 0-
#1928625 0# 1% 1& 0' 1(
#1928875 0*
#1929875 1*
#1930500 1!
#1930750 0*
#1931750 1*
#1932250 0!
#1932375 1"
#1932625 0*
#1933625 1*
#1934250 1!
#1934500 0*
#1935500 1*
#1936625 1)
#1936750 1-
#1936875 0! 0$ 0&
#1937000 1# 1'
#1937750 0)
#1938000 0" 0# 0% 0(
#1938250 0*
#1939250 1*
#1939500 1)
#1939875 1" 1%
#1940625 0)
#1940750 0"
#1940875 1&
#1941125 0+
#1942125 1+
#1942250 1)
#1942500 0% 0&
#1942625 1# 1$
#1943375 0) 0-
#1943625 1% 1& 0' 1(
#1943875 0*
#1944875 1*
#1945500 1!
#1945750 0*
#1946750 1*
#1947375 0! 1"
#1947625 0*
#1948625 1*
#1949250 1!
#1949500 0*
#1950500 1*
#1951625 1)
#1951750 1-
#1951875 0! 0&
#1952000 0$ 1'
#1952750 0)
#1953000 0" 0% 0(
#1953250 0*
#1954250 1*
#1954500 1)
#1954750 1(
#1954875 1! 1" 1$ 1% 1&
#1955625 0)
#1957250 1)
#1957500 0!
#1957625 0" 0% 0& 0(
#1958375 0) 0-
#1958625 0# 0$ 1(
#1958875 0*
#1959875 1*
#1960500 1!
#1960750 0*
#1961750 1*
#1962375 0! 1"
#1962625 0*
#1963625 1*
#1964250 1!
#1964500 0*
#1965500 1*
#1966750 1) 1-
#1966875 0!
#1967000 1# 1%
#1967750 0)
#1968000 0" 0# 0% 0(
#1968125 1$
#1968250 0*
#1969250 1*
#1969500 1)
#1969875 1! 1" 1# 1% 1& 1(
#1970625 0)
#1972375 1)
#1972625 0! 0" 0% 0& 0(
#1973375 0) 0-
#1973625 0$ 1(
#1973875 0*
#1974875 1*
#1975500 1!
#1975750 0*
#1976750 1*
#1977375 0!
#1977500 1"
#1977625 0*
#1978625 1*
#1979250 1!
#1979500 0*
#1980625 1*
#1981750 1) 1-
#1982000 0! 1%
#1982750 0)
#1983000 0" 0% 0(
#1983125 1$
#1983250 0*
#1984375 1*
#1984500 1)
#1984750 0$
#1984875 1" 1% 1& 1(
#1985625 0)
#1985875 1! 1$
#1986125 0*
#1987125 1*
#1987375 1)
#1987625 0! 0" 0% 0& 0(
#1988375 0-
#1988500 0)
#1988625 0#
#1988750 1(
#1988875 0*
#1990000 1*
#1990625 1!
#1990875 0*
#1991875 1*
#1992375 0!
#1992500 1"
#1992750 0*
#1993750 1*
#1994375 1!
#1994625 0*
#1995625 1*
#1996750 1) 1-
#1997000 0! 0$
#1997125 1# 1%
#1997875 0)
#1998000 0" 0# 0(
#1998375 0*
#1999375 1*
#1999500 1)
#1999875 1! 1" 1# 1$ 1& 1(
#2000625 0)
#2002375 1)
#2002625 0! 0" 0% 0& 0(
#2003375 0-
#2003500 0)
#2003750 1(
#2004000 0*
#2005000 1*
#2005625 1!
#2005875 0*
#2006875 1*
#2007375 0!
#2007500 1"
#2007750 0*
#2008750 1*
#2009375 1!
#2009625 0*
#2010625 1*
#2011750 1) 1-
#2012000 0! 0$
#2012125 1%
#2012875 0)
#2013000 0" 0(
#2013375 0*
#2014375 1*
#2014625 1)
#2014875 1! 1" 1$ 1& 1(
#2015625 0)
#2017375 1)
#2017625 0! 0" 0% 0& 0(
#2018375 0-
#2018500 0)
#2018625 0$
#2018750 0# 1% 1(
#2019000 0*
#2020000 1*
#2020625 1!
#2020875 0*
#2021875 1*
#2022375 0!
#2022500 1"
#2022750 0*
#2023750 1*
#2024375 1!
#2024625 0*
#2025625 1*
#2026750 1)
#2026875 1-
#2027000 0!
#2027125 1#
#2027875 0)
#2028125 0" 0# 1$ 0(
#2028375 0*
#2029375 1*
#2029625 1)
#2029875 1! 1" 1(
#2030000 1# 1&
#2030750 0)
#2032375 1)
#2032625 0! 0" 0% 0& 0(
#2033500 0) 0-
#2033750 0$ 1% 1(
#2034000 0*
#2035000 1*
#2035625 1!
#2035875 0*
#2036875 1*
#2037500 0! 1"
#2037750 0*
#2038750 1*
#2039375 1!
#2039625 0*
#2040625 1*
#2041750 1)
#2041875 1-
#2042000 0!
#2042875 0)
#2043125 0" 1$ 0(
#2043375 0*
#2044375 1*
#2044625 1)
#2044875 1! 0$ 1(
#2045000 1" 1&
#2045625 00
#2045750 0)
#2046000 1$
#2046250 0+
#2047250 1+
#2047375 1)
#2047750 0! 0" 0% 0& 0(
#2048500 0) 0-
#2048750 0# 1% 1(
#2049000 0*
#2050000 1*
#2050625 1!
#2050875 0*
#2051875 1*
#2052500 0! 1" 10
#2052750 0*
#2053750 1*
#2054375 1!
#2054625 0*
#2055625 1*
#2056875 1) 1-
#2057000 0!
#2057125 1# 0$
#2057875 0)
#2058125 0" 0# 0% 1& 0(
#2058375 0*
#2059375 1*
#2059625 1)
#2060000 1! 1" 1# 1$ 1% 1(
#2060750 0)
#2062500 1)
#2062750 0! 0" 0% 0& 0(
#2063500 0) 0-
#2063750 1(
#2063875 1%
#2064000 0*
#2065000 1*
#2065625 1!
#2065875 0*
#2066875 1*
#2067500 0!
#2067625 1"
#2067750 0*
#2068875 1*
#2069375 1!
#2069625 0*
#2070750 1*
#2071875 1) 1-
#2072125 0! 0$
#2072875 0)
#2073125 0" 0% 0(
#2073250 1&
#2073375 0*
#2074500 1*
#2074625 1)
#2074875 0# 0&
#2075000 1" 1%
#2075750 0)
#2076000 1! 0" 1&
#2076250 0+
#2077250 1+
#2077500 1)
#2077750 0! 1# 1$ 0% 0&
#2078500 0-
#2078625 0)
#2078750 0# 0$
#2078875 1& 1(
#2079000 0*
#2080125 1*
#2080750 1!
#2080875 0*
#2082000 1*
#2082500 0!
#2082625 1"
#2082750 0*
#2083875 1*
#2084500 1!
#2084625 0*
#2085750 1*
#2086875 1) 1-
#2087125 0! 1# 1% 0&
#2088000 0)
#2088125 0" 0# 0% 0(
#2088250 1$ 1&
#2088375 0*
#2089500 1*
#2089625 1)
#2090000 1! 1" 1# 1% 1(
#2090750 0)
#2092500 1)
#2092750 0! 0" 0% 0& 0(
#2093500 0-
#2093625 0)
#2093750 0$
#2093875 1& 1(
#2094125 0*
#2095125 1*
#2095750 1!
#2096000 0*
#2097000 1*
#2097500 0!
#2097625 1"
#2097875 0*
#2098875 1*
#2099500 1!
#2099750 0*
#2100750 1*
#2101875 1) 1-
#2102125 0! 0&
#2102250 1%
#2103000 0)
#2103125 0" 0% 0(
#2103250 1$ 1&
#2103500 0*
#2104500 1*
#2104625 1)
#2104875 0#
#2105000 1% 1(
#2105750 0)
#2106000 1! 1" 1#
#2106250 0*
#2107125 00
#2107250 1*
#2107500 1)
#2107750 0! 0" 0% 0& 0(
#2108500 0-
#2108625 0)
#2108750 0#
#2108875 1& 1(
#2109125 0*
#2110125 1*
#2110750 1!
#2111000 0*
#2112000 1*
#2112500 0!
#2112625 1"
#2112875 0*
#2113875 1*
#2114000 10
#2114500 1!
#2114750 0*
#2115750 1*
#2116875 1) 1-
#2117125 0! 0$ 0&
#2117250 1# 1%
#2118000 0)
#2118125 0" 0# 0(
#2118250 1&
#2118500 0*
#2119500 1*
#2119625 1)
#2120000 1! 1" 1# 1$ 1(
#2120750 0)
#2122500 1)
#2122750 0! 0" 0% 0& 0(
#2123500 0-
#2123625 0)
#2123875 1& 1(
#2124125 0*
#2125125 1*
#2125750 1!
#2126000 0*
#2127000 1*
#2127500 0!
#2127625 1"
#2127875 0*
#2128875 1*
#2129500 1!
#2129750 0*
#2130750 1*
#2131875 1) 1-
#2132125 0! 0$ 0&
#2132250 1%
#2133000 0)
#2133125 0" 0(
#2133250 1&
#2133500 0*
#2134500 1*
#2134625 1)
#2134875 0# 0&
#2135000 1"
#2135750 0)
#2136000 1&
#2136250 0+
#2137250 1+
#2137500 1)
#2137750 0" 1# 1$ 0% 0&
#2138500 0-
#2138625 0)
#2138750 0# 0$
#2138875 1% 1& 1(
#2139125 0*
#2140125 1*
#2140750 1!
#2141000 0*
#2142000 1*
#2142500 0!
#2142625 1"
#2142875 0*
#2143875 1*
#2144500 1!
#2144750 0*
#2145750 1*
#2146875 1) 1-
#2147125 0! 1# 0&
#2148000 0)
#2148125 0" 0# 0(
#2148250 1$ 1&
#2148500 0*
#2149500 1*
#2149625 1)
#2150000 1! 1" 1# 1(
#2150750 0)
#2152500 1)
#2152750 0! 0" 0% 0& 0(
#2153500 0-
#2153625 0)
#2153750 0$
#2153875 1% 1& 1(
#2154000 0*
#2155125 1*
#2155750 1!
#2155875 0*
#2157000 1*
#2157500 0!
#2157625 1"
#2157750 0*
#2158875 1*
#2159500 1!
#2159625 0*
#2160750 1*
#2161875 1) 1-
#2162125 0! 0&
#2163000 0)
#2163125 0" 0(
#2163250 1$ 1&
#2163375 0*
#2164500 1*
#2164625 1)
#2164875 0#
#2165000 1! 1(
#2165750 0)
#2166000 1" 1#
#2166250 0+
#2167250 1+
#2167500 1)
#2167750 0! 0" 0% 0& 0(
#2168500 0) 0-
#2168625 00
#2168750 0#
#2168875 1% 1& 1(
#2169000 0*
#2170125 1*
#2170625 1!
#2170875 0*
#2172000 1*
#2172500 0!
#2172625 1"
#2172750 0*
#2173875 1*
#2174375 1!
#2174625 0*
#2175500 10
#2175625 1*
#2176875 1) 1-
#2177125 1#
#2177875 0)
#2178500 0+
#2179500 1+
#2179625 1)
#2180750 0)
#2182500 1)
#2182750 0! 0" 0% 0& 0(
#2183500 0) 0-
#2183750 1(
#2183875 1% 1&
#2184000 0*
#2185000 1*
#2185625 1!
#2185875 0*
#2186875 1*
#2187500 0! 1"
#2187750 0*
#2188750 1*
#2189375 1!
#2189625 0*
#2190625 1*
#2191875 1) 1-
#2192000 0!
#2192125 0$ 0&
#2192875 0)
#2193125 0" 0# 0% 0' 0(
#2193375 0*
#2194375 1*
#2195000 1!
#2195250 0*
#2196250 1*
#2196875 0! 1"
#2197125 0*
#2197875 1)
#2198125 1*
#2198250 1# 1% 1' 1(
#2199000 0)
#2199250 0" 0# 0% 0' 0(
#2199500 0*
#2200500 1*
#2201125 1!
#2201375 0*
#2202375 1*
#2202875 0!
#2203000 1"
#2203250 0*
#2204000 1)
#2204250 1*
#2204375 1% 1'
#2205125 0)
#2205375 1! 1&
#2205625 0+
#2206625 1+
#2206750 1)
#2207000 0! 0" 0&
#2207125 1$ 1(
#2207875 0)
#2208125 1! 0% 0' 0(
#2208375 0*
#2209375 1*
#2210000 1%
#2210250 0*
#2211250 1*
#2211500 1)
#2211750 0! 0$ 1' 1(
#2211875 1#
#2212625 0)
#2212750 0# 0% 0' 0(
#2212875 1! 1$
#2213125 0*
#2214125 1*
#2214250 1)
#2214500 0!
#2214625 1% 1' 1(
#2215375 0)
#2215625 1! 0% 0' 0(
#2215875 0*
#2216875 1*
#2217500 1%
#2217750 0*
#2218750 1*
#2219000 1)
#2219250 0! 0$ 1' 1(
#2219375 1#
#2220125 0)
#2220250 0# 0% 0' 0(
#2220375 1! 1$
#2220500 0*
#2221625 1*
#2221750 1)
#2222000 0! 0$
#2222125 1" 1# 1% 1' 1(
#2222875 0)
#2223125 0" 0# 0% 0' 0(
#2223375 0*
#2224375 1*
#2225000 1!
#2225250 0*
#2226250 1*
#2226750 0!
#2226875 1"
#2227125 0*
#2227875 1)
#2228125 1*
#2228250 1# 1% 1' 1(
#2229000 0)
#2229125 0# 0% 0' 0(
#2229250 0"
#2229500 0*
#2230000 00
#2230500 1*
#2231125 1!
#2231375 0*
#2232375 1*
#2232875 0!
#2233000 1"
#2233250 0*
#2234500 1)
#2234625 1*
#2235250 1! 1# 1$ 1% 1& 1' 1(
#2236000 0)
#2237000 10
#2238125 1)
#2238375 0! 0#
#2238500 0" 0&
#2239250 0)
#2239875 0(
#2240000 1! 0% 0'
#2240250 0*
#2241250 1*
#2241875 1%
#2242125 0*
#2243125 1*
#2243375 1)
#2243500 0!
#2243625 1# 0$ 1' 1(
#2244375 0)
#2244625 1! 0# 0% 0' 0(
#2244750 1$
#2244875 0*
#2245875 1*
#2246125 1)
#2246375 0!
#2246500 1% 1' 1(
#2247250 0)
#2247375 0% 0' 0(
#2247500 1!
#2247750 0*
#2248750 1*
#2249375 1%
#2249625 0*
#2250625 1*
#2250875 1)
#2251000 0!
#2251125 1# 0$ 1' 1(
#2251875 0)
#2252125 1! 0# 0% 0' 0(
#2252250 1$
#2252375 0*
#2253375 1*
#2253625 1)
#2253875 0! 0$
#2254000 1" 1# 1% 1' 1(
#2254750 0)
#2254875 0" 0# 0% 0' 0(
#2255250 0*
#2256250 1*
#2256875 1!
#2257125 0*
#2258125 1*
#2258625 0!
#2258750 1"
#2259000 0*
#2259750 1)
#2260000 1*
#2260125 1# 1% 1' 1(
#2260875 0)
#2261000 0" 0# 0% 0' 0(
#2261250 0*
#2262375 1*
#2263000 1!
#2263125 0*
#2264250 1*
#2264750 0!
#2264875 1"
#2265000 0*
#2265875 1)
#2266000 1*
#2266125 1% 1'
#2266875 0)
#2267125 0" 1&
#2267250 1#
#2267375 0+
#2268375 1+
#2268625 1)
#2268875 0# 0& 1(
#2269000 1$
#2269750 0)
#2269875 0% 0' 0(
#2270000 1!
#2270250 0*
#2271250 1*
#2271875 1%
#2272125 0*
#2273125 1*
#2273250 1)
#2273500 0! 0$
#2273625 1# 1' 1(
#2274375 0)
#2274625 1! 0# 1$ 0% 0' 0(
#2274875 0*
#2275875 1*
#2276125 1)
#2276375 0! 1' 1(
#2276500 1%
#2277250 0)
#2277375 0% 0' 0(
#2277500 1!
#2277750 0*
#2278750 1*
#2279375 1%
#2279625 0*
#2280625 1*
#2280750 1)
#2281000 0! 0$
#2281125 1# 1' 1(
#2281875 0)
#2282125 1! 0# 1$ 0% 0' 0(
#2282375 0*
#2283375 1*
#2283625 1)
#2283875 0! 0$ 1' 1(
#2284000 1" 1# 1%
#2284750 0)
#2284875 0" 0# 0% 0' 0(
#2285250 0*
#2286250 1*
#2286875 1!
#2287125 0*
#2288125 1*
#2288625 0!
#2288750 1"
#2289000 0*
#2289750 1)
#2290000 1' 1( 1*
#2290125 1# 1%
#2290750 0)
#2291000 0" 0# 0% 0' 0(
#2291250 0*
#2291500 00
#2292250 1*
#2292875 1!
#2293125 0*
#2294125 1*
#2294750 0!
#2294875 1"
#2295000 0*
#2295750 1)
#2296000 1*
#2296125 1! 1# 1$ 1% 1& 1' 1(
#2296875 0)
#2298500 10
#2298625 1)
#2298875 0! 0" 0# 0&
#2299750 0)
#2299875 0% 0' 0(
#2300000 1!
#2300250 0*
#2301250 1*
#2301875 1%
#2302125 0*
#2303125 1*
#2303250 1)
#2303500 0! 0$
#2303625 1# 1' 1(
#2304375 0)
#2304625 1! 0# 1$ 0% 0' 0(
#2304875 0*
#2305875 1*
#2306125 1)
#2306375 0! 1% 1' 1(
#2307250 0)
#2307375 0% 0' 0(
#2307500 1!
#2307750 0*
#2308750 1*
#2309375 1%
#2309625 0*
#2310625 1*
#2310750 1)
#2311000 0! 0$
#2311125 1# 1' 1(
#2311875 0)
#2312125 1! 0# 1$ 0% 0' 0(
#2312375 0*
#2313375 1*
#2313625 1)
#2328875 0! 0$ 1'
#2329000 1" 1%
#2329750 0)
#2329875 0"
#2330000 1! 1# 1&
#2330250 0+
#2331250 1+
#2331375 1)
#2332625 1(
#2332750 1" 1$
#2333500 0)
#2335125 1)
#2338250 0! 0$ 0&
#2339125 0)
#2339250 0" 0# 0% 0' 0(
#2339625 0*
#2340625 1*
#2340750 1)
#2341125 1! 1" 1# 1$ 1% 1& 1' 1(
#2341875 0)
#2343625 1)
#2344750 0)
#2345250 0+
#2346250 1+
#2347125 0+
#2348125 1+
#2349000 0+
#2350000 1+
#2350875 0+
#2351875 1+
#2353000 1) 00
#2353250 0! 0$ 0&
#2354125 0)
#2354250 0" 0% 0' 0(
#2354625 0*
#2355625 1*
#2355750 1)
#2356125 1! 1" 1$ 1% 1& 1' 1(
#2356875 0)
#2358625 1)
#2358875 0" 0% 0& 0(
#2359625 0-
#2359750 0)
#2359875 0! 0# 0$ 0'
#2360000 10
#2360250 0*
#2361250 1*
#2361875 1!
#2362125 0*
#2363125 1*
#2363625 0!
#2363750 1"
#2364000 0*
#2365000 1*
#2365625 1!
#2365875 0*
#2366875 1*
#2368000 1) 1-
#2368250 0!
#2368375 1# 1% 1' 1(
#2369125 0)
#2369250 0# 0% 0' 0(
#2369375 0" 1$
#2369625 0*
#2370625 1*
#2370875 1)
#2371125 1! 1" 1# 1% 1& 1' 1(
#2371875 0)
#2373625 1)
#2373875 0" 0% 0& 0(
#2374625 0-
#2374750 0)
#2374875 0! 0'
#2375000 0$
#2375250 0*
#2376250 1*
#2376875 1!
#2377125 0*
#2378125 1*
#2378625 0!
#2378750 1"
#2379000 0*
#2380000 1*
#2380625 1!
#2380875 0*
#2381875 1*
#2383000 1) 1-
#2383250 0!
#2383375 1% 1' 1(
#2384125 0)
#2384250 0' 0(
#2384375 0" 1$ 0%
#2384625 0*
#2385625 1*
#2385875 1)
#2386125 1" 0# 1% 1& 1' 1(
#2386875 0)
#2387250 1! 1#
#2387375 0*
#2388375 1*
#2388625 1)
#2388875 0" 0% 0& 0(
#2389750 0) 0-
#2389875 0!
#2390000 0# 0'
#2390250 0*
#2391250 1*
#2391875 1!
#2392125 0*
#2393125 1*
#2393625 0!
#2393750 1"
#2394000 0*
#2395000 1*
#2395625 1!
#2395875 0*
#2396875 1*
#2398000 1)
#2398125 1-
#2398250 0! 0$
#2398375 1# 1% 1' 1(
#2399125 0)
#2399375 0" 0# 0' 0(
#2399625 0*
#2400625 1*
#2400875 1)
#2401125 1'
#2401250 1"
#2402000 0)
#2402250 1# 1&
#2402500 0+
#2403500 1+
#2403625 1)
#2403875 0" 0% 0&
#2404000 1! 1$
#2404750 0) 0-
#2404875 0!
#2405000 0'
#2405250 0*
#2406250 1*
#2406875 1!
#2407125 0*
#2408125 1*
#2408750 0! 1"
#2409000 0*
#2410000 1*
#2410625 1!
#2410875 0*
#2411875 1*
#2413000 1)
#2413125 1-
#2413250 0!
#2413375 0$ 1% 1' 1(
#2414125 0)
#2414375 0" 0' 0(
#2414500 00
#2414625 0*
#2415625 1*
#2415875 1)
#2416125 1(
#2416250 1! 1" 1$ 1& 1'
#2417000 0)
#2418625 1)
#2419000 0" 0% 0& 0(
#2419750 0) 0-
#2420000 0! 0# 0$ 1% 0'
#2420250 0*
#2421250 1*
#2421500 10
#2421875 1!
#2422125 0*
#2423125 1*
#2423750 0!
#2423875 1"
#2424000 0*
#2425000 1*
#2425625 1!
#2425875 0*
#2426875 1*
#2428125 1) 1-
#2428250 0!
#2428375 1# 1' 1(
#2429125 0)
#2429375 0" 0# 0' 0(
#2429500 1$
#2429625 0*
#2430625 1*
#2430875 1)
#2431250 1! 1" 1# 1& 1' 1(
#2432000 0)
#2433750 1)
#2434000 0" 0% 0& 0(
#2434750 0) 0-
#2435000 0! 0$ 0'
#2435125 1%
#2435250 0*
#2436250 1*
#2436875 1!
#2437125 0*
#2438250 1*
#2438750 0!
#2438875 1"
#2439000 0*
#2440125 1*
#2440625 1!
#2440875 0*
#2442000 1*
#2443125 1) 1-
#2443375 0! 1' 1(
#2444250 0)
#2444375 0" 0' 0(
#2444500 1$
#2444625 0*
#2445750 1*
#2445875 1)
#2446125 0#
#2446250 1! 1" 1& 1' 1(
#2447000 0)
#2447250 1#
#2447500 0+
#2448500 1+
#2448750 1)
#2449000 0" 0% 0& 0(
#2449750 0-
#2449875 0)
#2450000 0! 0# 0'
#2450125 1%
#2450250 0*
#2451375 1*
#2452000 1!
#2452250 0*
#2453250 1*
#2453750 0!
#2453875 1"
#2454125 0*
#2455125 1*
#2455750 1!
#2456000 0*
#2457000 1*
#2458125 1) 1-
#2458375 0! 0$ 1' 1(
#2458500 1#
#2459250 0)
#2459375 0" 0# 0% 0' 0(
#2459500 1&
#2459750 0*
#2460750 1*
#2460875 1)
#2461125 0&
#2461250 1" 1% 1'
#2462000 0)
#2462250 1! 1# 1&
#2462500 0+
#2463500 1+
#2463750 1)
#2464000 0" 0% 0&
#2464125 1$
#2464750 0-
#2464875 0)
#2465000 0! 0'
#2465125 1%
#2465375 0*
#2466375 1*
#2467000 1!
#2467250 0*
#2468250 1*
#2468750 0!
#2468875 1"
#2469125 0*
#2470125 1*
#2470750 1!
#2471000 0*
#2472000 1*
#2473125 1) 1-
#2473375 0! 0$ 1(
#2473500 1'
#2474250 0)
#2474375 0' 0(
#2474500 0" 0% 1&
#2474750 0*
#2475750 1*
#2476000 1) 00
#2476250 1! 1" 1$ 1% 1' 1(
#2477000 0)
#2478750 1)
#2479000 0" 0% 0& 0(
#2479750 0-
#2479875 0)
#2480000 0!
#2480125 0# 0$ 1& 0'
#2480375 0*
#2481375 1*
#2482000 1!
#2482250 0*
#2483000 10
#2483250 1*
#2483750 0!
#2483875 1"
#2484125 0*
#2485125 1*
#2485750 1!
#2486000 0*
#2487000 1*
#2488125 1)
#2488250 1-
#2488375 0! 0&
#2488500 1# 1% 1' 1(
#2489250 0)
#2489375 0(
#2489500 0" 0# 1$ 0% 1& 0'
#2489750 0*
#2490750 1*
#2491000 1)
#2491250 1! 1" 1' 1(
#2491375 1# 1%
#2492125 0)
#2493750 1)
#2494000 0" 0% 0& 0(
#2494875 0) 0-
#2495125 0! 0$ 1& 0'
#2495375 0*
#2496375 1*
#2497000 1!
#2497250 0*
#2498250 1*
#2498750 0!
#2498875 1"
#2499125 0*
#2500125 1*
#2500750 1!
#2501000 0*
#2502000 1*
#2503125 1)
#2503250 1-
#2503375 0! 0&
#2503500 1% 1' 1(
#2504250 0)
#2504500 0" 1$ 0% 1& 0' 0(
#2504750 0*
#2505750 1*
#2506000 1)
#2506250 1' 1(
#2506375 1%
#2507125 0)
#2507375 1! 1"
#2507625 0*
#2508625 1*
#2508750 1)
#2509000 0%
#2509125 0" 0& 0(
#2509875 0) 0-
#2510125 0! 0# 1& 0'
#2510375 0*
#2511375 1*
#2512000 1!
#2512250 0*
#2513250 1*
#2513875 0! 1"
#2514125 0*
#2515125 1*
#2515750 1!
#2516000 0*
#2517000 1*
#2518250 1) 1-
#2518375 0!
#2518500 1# 0$ 1% 0& 1' 1(
#2519250 0)
#2519500 0" 0# 1& 0' 0(
#2519750 0*
#2520750 1*
#2521000 1)
#2521250 0&
#2521375 1" 1'
#2522125 0)
#2522250 0"
#2522375 1$ 1&
#2522625 0+
#2523625 1+
#2523875 1)
#2524000 0&
#2524125 1! 1# 0%
#2524875 0) 0-
#2525125 0! 1& 0'
#2525375 0*
#2526375 1*
#2527000 1!
#2527250 0*
#2528250 1*
#2528875 0!
#2529000 1"
#2529125 0*
#2530125 1*
#2530750 1!
#2531000 0*
#2532000 1*
#2533250 1) 1-
#2533375 0!
#2533500 0$ 1% 0& 1' 1(
#2534250 0)
#2534500 0" 1& 0' 0(
#2534750 0*
#2535750 1*
#2536000 1)
#2536375 1! 1" 1$ 1' 1(
#2537125 0)
#2537500 00
#2538875 1)
#2539125 0" 0% 0& 0(
#2539875 0) 0-
#2540125 0! 0# 0$ 1& 0'
#2540250 1%
#2540375 0*
#2541375 1*
#2542000 1!
#2542250 0*
#2543250 1*
#2543875 0!
#2544000 1"
#2544125 0*
#2544500 10
#2545250 1*
#2545750 1!
#2546000 0*
#2547125 1*
#2548250 1) 1-
#2548500 0! 1# 0& 1' 1(
#2549250 0)
#2549500 0" 0# 0' 0(
#2549625 1$ 1&
#2549750 0*
#2550875 1*
#2551000 1)
#2551375 1! 1" 1# 1' 1(
#2552125 0)
#2553875 1)
#2554125 0" 0% 0& 0(
#2554875 0) 0-
#2555125 0! 0$ 0'
#2555250 1% 1&
#2555375 0*
#2556500 1*
#2557000 1!
#2557250 0*
#2558375 1*
#2558875 0!
#2559000 1"
#2559125 0*
#2560250 1*
#2560750 1!
#2561000 0*
#2562125 1*
#2563250 1) 1-
#2563500 0! 0& 1' 1(
#2564375 0)
#2564500 0" 0' 0(
#2564625 1$ 1&
#2564750 0*
#2565875 1*
#2566000 1)
#2566375 1! 1' 1(
#2567125 0)
#2567375 1"
#2567625 0+
#2568625 1+
#2568875 1)
#2569125 0" 0% 0& 0(
#2569875 0) 0-
#2570125 0! 0# 0'
#2570250 1% 1&
#2570375 0*
#2571500 1*
#2572000 1!
#2572250 0*
#2573375 1*
#2573875 0!
#2574000 1"
#2574125 0*
#2575250 1*
#2575750 1!
#2576000 0*
#2577125 1*
#2578250 1) 1-
#2578500 0! 1# 0$ 0& 1' 1(
#2579250 0)
#2579500 0" 0# 0% 0(
#2579750 0*
#2580875 1*
#2581000 1)
#2581375 1" 1%
#2582125 0)
#2582375 1! 0" 1$ 1&
#2582625 0+
#2583625 1+
#2583875 1)
#2584125 1# 0% 0&
#2584875 0) 0-
#2585125 0! 0'
#2585250 1% 1&
#2585375 0*
#2586375 1*
#2587000 1!
#2587250 0*
#2588250 1*
#2588875 0!
#2589000 1"
#2589125 0*
#2590125 1*
#2590750 1!
#2591000 0*
#2592000 1*
#2593250 1) 1-
#2593500 0! 0$ 0& 1' 1(
#2594250 0)
#2594500 0" 0% 0(
#2594750 0*
#2595750 1*
#2596000 1)
#2596375 1! 1" 1$ 1% 1& 1(
#2597125 0)
#2598875 1)
#2599000 00
#2599125 0" 0% 0& 0(
#2599875 0) 0-
#2600125 0! 0# 0$
#2600375 0*
#2601375 1*
#2602000 1!
#2602250 0*
#2603250 1*
#2603875 0!
#2604000 1"
#2604125 0*
#2605125 1*
#2605750 1!
#2606000 0* 10
#2607000 1*
#2608250 1) 1-
#2608375 0!
#2608500 1# 1% 1(
#2609250 0)
#2609500 0" 0# 0% 0(
#2609625 1$
#2609750 0*
#2610750 1*
#2611000 1)
#2611375 1! 1" 1# 1% 1& 1(
#2612125 0)
#2613875 1)
#2614125 0" 0% 0& 0(
#2614875 0) 0-
#2615125 0! 0$
#2615375 0*
#2616375 1*
#2617000 1!
#2617250 0*
#2618250 1*
#2618875 0! 1"
#2619125 0*
#2620125 1*
#2620750 1!
#2621000 0*
#2622000 1*
#2623250 1) 1-
#2623375 0!
#2623500 1% 1(
#2624250 0)
#2624500 0" 1$ 0% 0(
#2624750 0*
#2625750 1*
#2626000 1)
#2626250 1(
#2626375 1" 1% 1&
#2627125 0)
#2627375 1!
#2627625 0*
#2628625 1*
#2628750 1)
#2629000 0% 0&
#2629125 0" 0(
#2629875 0) 0-
#2630125 0! 0#
#2630375 0*
#2631375 1*
#2632000 1!
#2632250 0*
#2633250 1*
#2633875 0! 1"
#2634125 0*
#2635125 1*
#2635750 1!
#2636000 0*
#2637000 1*
#2638125 1)
#2638250 1-
#2638375 0! 0$
#2638500 1# 1% 1(
#2639250 0)
#2639500 0" 0# 0(
#2639750 0*
#2640750 1*
#2641000 1)
#2641375 1"
#2642125 0)
#2642375 1$ 1&
#2642625 0+
#2643625 1+
#2643750 1)
#2644000 0" 0% 0&
#2644125 1! 1#
#2644875 0) 0-
#2645000 0!
#2645375 0*
#2646375 1*
#2647000 1!
#2647250 0*
#2648250 1*
#2648750 0!
#2648875 1"
#2649125 0*
#2650125 1*
#2650750 1!
#2651000 0*
#2652000 1*
#2653125 1)
#2653250 1-
#2653375 0! 0$
#2653500 1% 1(
#2654250 0)
#2654375 0(
#2654500 0"
#2654750 0*
#2655750 1*
#2656000 1)
#2656250 1! 1" 1$ 1& 1(
#2657125 0)
#2658750 1)
#2659000 0" 0% 0& 0(
#2659875 0) 0-
#2660000 0!
#2660125 0# 0$ 1%
#2660375 0*
#2660500 00
#2661375 1*
#2662000 1!
#2662250 0*
#2663250 1*
#2663750 0!
#2663875 1"
#2664125 0*
#2665125 1*
#2665750 1!
#2666000 0*
#2667000 1*
#2667375 10
#2668125 1) 1-
#2668375 0!
#2668500 1# 1(
#2669250 0)
#2669375 0# 0(
#2669500 0" 1$
#2669750 0*
#2670750 1*
#2671000 1)
#2671250 1! 1" 1# 1& 1(
#2672000 0)
#2673750 1)
#2674000 0" 0% 0& 0(
#2674750 0-
#2674875 0)
#2675000 0! 0$
#2675125 1%
#2675375 0*
#2676375 1*
#2677000 1!
#2677250 0*
#2678250 1*
#2678750 0!
#2678875 1"
#2679125 0*
#2680125 1*
#2680750 1!
#2681000 0*
#2682000 1*
#2683125 1) 1-
#2683375 0! 1(
#2684250 0)
#2684375 0" 0(
#2684500 1$
#2684750 0*
#2685750 1*
#2685875 1)
#2686250 1! 1" 1& 1(
#2687000 0)
#2687500 0+
#2688500 1+
#2688750 1)
#2689000 0" 0% 0& 0(
#2689750 0-
#2689875 0)
#2690000 0! 0#
#2690125 1%
#2690375 0*
#2691375 1*
#2692000 1!
#2692250 0*
#2693250 1*
#2693750 0!
#2693875 1"
#2694125 0*
#2695125 1*
#2695750 1!
#2696000 0*
#2697000 1*
#2698125 1) 1-
#2698375 0! 0$ 1(
#2698500 1#
#2699250 0)
#2699375 0" 0# 0% 0(
#2699500 1&
#2699750 0*
#2700750 1*
#2700875 1)
#2701125 0&
#2701250 1" 1%
#2702000 0)
#2702250 1! 1$ 1&
#2702500 0+
#2703500 1+
#2703750 1)
#2704000 0" 1# 0% 0&
#2704750 0-
#2704875 0)
#2705000 0!
#2705125 1%
#2705375 0*
#2706375 1*
#2707000 1!
#2707250 0*
#2708250 1*
#2708750 0!
#2708875 1"
#2709125 0*
#2710125 1*
#2710750 1!
#2711000 0*
#2712000 1*
#2713125 1) 1-
#2713375 0! 0$ 1(
#2714250 0)
#2714375 0" 0% 0(
#2714500 1&
#2714625 0*
#2715750 1*
#2715875 1)
#2716250 1! 1" 1$ 1% 1(
#2717000 0)
#2718750 1)
#2719000 0" 0% 0& 0(
#2719750 0-
#2719875 0)
#2720000 0! 0# 0$
#2720125 1&
#2720250 0*
#2721375 1*
#2722000 1! 00
#2722125 0*
#2723250 1*
#2723750 0!
#2723875 1"
#2724000 0*
#2725125 1*
#2725750 1!
#2725875 0*
#2727000 1*
#2728125 1) 1-
#2728375 0! 1# 1% 0& 1(
#2728875 10
#2729250 0)
#2729375 0" 0# 0% 0(
#2729500 1$ 1&
#2729625 0*
#2730750 1*
#2730875 1)
#2731250 1! 1" 1# 1% 1(
#2732000 0)
#2733750 1)
#2734000 0" 0% 0& 0(
#2734750 0-
#2734875 0)
#2735000 0! 0$
#2735125 1&
#2735250 0*
#2736375 1*
#2736875 1!
#2737125 0*
#2738250 1*
#2738750 0!
#2738875 1"
#2739000 0*
#2740125 1*
#2740625 1!
#2740875 0*
#2742000 1*
#2743125 1) 1-
#2743375 0! 1% 0& 1(
#2744125 0)
#2744375 0" 0% 0(
#2744500 1$ 1&
#2744625 0*
#2745750 1*
#2745875 1)
#2746125 0# 0$ 0& 0'
#2747000 0)
#2747250 1! 1" 1# 1$ 1% 1&
#2747500 0*
#2748500 1*
#2748750 1)
#2749000 0" 0% 0& 1'
#2749750 0) 0-
#2750000 0! 0#
#2750125 1&
#2750250 0*
#2751250 1*
#2751875 1!
#2752125 0*
#2753250 1*
#2753750 0!
#2753875 1"
#2754000 0*
#2755125 1*
#2755625 1!
#2755875 0*
#2757000 1*
#2758125 1) 1-
#2758375 0! 1# 0$ 1% 0& 1(
#2759125 0)
#2759375 0" 0# 0(
#2759500 1&
#2759625 0*
#2760625 1*
#2760875 1)
#2761125 0&
#2761250 1"
#2762000 0)
#2762250 0" 1# 1$ 1&
#2762500 0+
#2763500 1+
#2763750 1)
#2764000 1! 0% 0&
#2764750 0) 0-
#2765000 0!
#2765125 1&
#2765250 0*
#2766375 1*
#2766875 1!
#2767125 0*
#2768250 1*
#2768750 0!
#2768875 1"
#2769000 0*
#2770125 1*
#2770625 1!
#2770875 0*
#2772000 1*
#2773125 1) 1-
#2773375 0! 0$ 1% 0& 1(
#2774125 0)
#2774375 0" 0(
#2774500 1&
#2774625 0*
#2775750 1*
#2775875 1)
#2776250 1! 1" 1$ 1(
#2777000 0)
#2778750 1)
#2779000 0" 0% 0& 0(
#2779750 0) 0-
#2780000 0! 0# 0$
#2780125 1% 1&
#2780250 0*
#2781375 1*
#2781875 1!
#2782125 0*
#2783250 1*
#2783375 00
#2783750 0!
#2783875 1"
#2784000 0*
#2785125 1*
#2785625 1!
#2785875 0*
#2787000 1*
#2788125 1) 1-
#2788375 0! 1# 0& 1(
#2789250 0)
#2789375 0" 0# 0(
#2789500 1$ 1&
#2789625 0*
#2790375 10
#2790750 1*
#2790875 1)
#2791250 1! 1" 1# 1(
#2792000 0)
#2793750 1)
#2794000 0" 0% 0& 0(
#2794750 0-
#2794875 0)
#2795000 0! 0$
#2795125 1% 1&
#2795250 0*
#2796375 1*
#2797000 1!
#2797125 0*
#2798250 1*
#2798750 0!
#2798875 1"
#2799000 0*
#2800125 1*
#2800750 1!
#2800875 0*
#2802000 1*
#2803125 1) 1-
#2803375 0! 0& 1(
#2804250 0)
#2804375 0" 0(
#2804500 1$ 1&
#2804625 0*
#2805750 1*
#2805875 1)
#2806125 0# 0$ 0% 0& 0'
#2806250 1!
#2807000 0)
#2807250 1" 1# 1$ 1% 1&
#2807500 0+
#2808500 1+
#2808750 1)
#2809000 0" 0% 0& 1'
#2809750 0-
#2809875 0)
#2810000 0! 0#
#2810125 1% 1&
#2810375 0*
#2811375 1*
#2812000 1!
#2812250 0*
#2813250 1*
#2813750 0!
#2813875 1"
#2814125 0*
#2815125 1*
#2815750 1!
#2816000 0*
#2817000 1*
#2818125 1) 1-
#2818375 1(
#2818500 1#
#2819250 0)
#2819750 0+
#2820750 1+
#2820875 1)
#2821125 0#
#2821250 0! 0$ 0& 0(
#2822000 0)
#2822250 1! 0" 1# 1$ 1&
#2822500 0+
#2823500 1+
#2823750 1)
#2824000 0% 0&
#2824750 0-
#2824875 0)
#2825000 0!
#2825125 1% 1&
#2825375 0*
#2826375 1*
#2827000 1!
#2827250 0*
#2828250 1*
#2828750 0!
#2828875 1"
#2829125 0*
#2830125 1*
#2830750 1!
#2831000 0*
#2832000 1*
#2833125 1) 1-
#2833375 0! 0$ 0& 1(
#2834250 0)
#2834375 0" 0# 0(
#2834500 0% 0'
#2834750 0*
#2835750 1*
#2836375 1!
#2836625 0*
#2837625 1*
#2838125 0!
#2838250 1"
#2838500 0*
#2839250 1)
#2839500 1*
#2839625 1# 1% 1' 1(
#2840375 0)
#2840500 0" 0# 0% 0' 0(
#2840875 0*
#2841875 1*
#2842500 1!
#2842750 0*
#2843750 1*
#2844250 0!
#2844375 1"
#2844625 0*
#2844875 00
#2845375 1)
#2845625 1! 1# 1$ 1% 1& 1' 1( 1*
#2846375 0)
#2848125 1)
#2848375 0! 0" 0# 0&
#2849250 0)
#2849375 0(
#2849500 1" 0% 0'
#2849750 0*
#2850750 1*
#2851375 1%
#2851625 0*
#2851875 10
#2852625 1*
#2852875 1)
#2853125 0" 1# 0$ 1' 1(
#2854000 0)
#2854125 0# 0% 0' 0(
#2854250 1" 1$
#2854375 0*
#2855500 1*
#2855625 1)
#2855875 0"
#2856000 1% 1' 1(
#2856750 0)
#2856875 0(
#2857000 1" 0% 0'
#2857250 0*
#2858250 1*
#2858875 1%
#2859125 0*
#2860125 1*
#2860375 1)
#2860625 0" 0$ 1' 1(
#2860750 1#
#2861500 0)
#2861625 0# 0% 0' 0(
#2861750 1" 1$
#2861875 0*
#2863000 1*
#2863125 1)
#2863375 0$
#2863500 1# 1% 1' 1(
#2864250 0)
#2864500 0" 0# 0% 0' 0(
#2864750 0*
#2865750 1*
#2866375 1!
#2866625 0*
#2867625 1*
#2868250 0! 1"
#2868500 0*
#2869250 1)
#2869500 1*
#2869625 1# 1% 1' 1(
#2870375 0)
#2870500 0(
#2870625 0" 0# 0% 0'
#2870875 0*
#2871875 1*
#2872500 1!
#2872750 0*
#2873750 1*
#2874250 0!
#2874375 1"
#2874625 0*
#2875875 1)
#2876125 1*
#2876625 1% 1'
#2877375 0)
#2877625 1# 1$ 1&
#2877875 0+
#2878875 1+
#2879625 1)
#2879875 0" 0# 0& 1(
#2880750 0)
#2881375 1" 0% 0' 0(
#2881625 0*
#2882625 1*
#2883250 1%
#2883500 0*
#2884500 1*
#2884750 1)
#2885000 0" 0$
#2885125 1# 1' 1(
#2885875 0)
#2886000 0' 0(
#2886125 1" 0# 1$ 0%
#2886375 0*
#2887375 1*
#2887625 1)
#2887750 0"
#2887875 1% 1' 1(
#2888625 0)
#2888875 0% 0' 0(
#2889000 1"
#2889125 0*
#2890125 1*
#2890875 1%
#2891000 0*
#2892000 1*
#2892250 1)
#2892500 0" 0$
#2892625 1# 1' 1(
#2893375 0)
#2893500 0(
#2893625 1" 0# 1$ 0% 0'
#2893875 0*
#2894875 1*
#2895125 1)
#2895375 1# 0$ 1% 1' 1(
#2896250 0)
#2896375 0" 0# 0% 0' 0(
#2896625 0*
#2897750 1*
#2898375 1!
#2898500 0*
#2899625 1*
#2900125 0!
#2900250 1"
#2900375 0*
#2901250 1)
#2901500 1# 1% 1' 1( 1*
#2902250 0)
#2902500 0" 0# 0% 0' 0(
#2902750 0*
#2903750 1*
#2904375 1!
#2904625 0*
#2905625 1*
#2906250 0!
#2906375 1" 00
#2906500 0*
#2907250 1)
#2907500 1*
#2907625 1! 1# 1$ 1% 1& 1' 1(
#2908375 0)
#2910125 1)
#2910375 0! 0" 0# 0&
#2911250 0)
#2911375 0% 0' 0(
#2911500 1"
#2911750 0*
#2912750 1*
#2913375 1% 10
#2913625 0*
#2914625 1*
#2914750 1)
#2915000 0" 0$
#2915125 1# 1' 1(
#2915875 0)
#2916125 1" 0# 1$ 0% 0' 0(
#2916375 0*
#2917375 1*
#2917625 1)
#2917875 0" 1' 1(
#2918000 1%
#2918750 0)
#2918875 0% 0' 0(
#2919000 1"
#2919250 0*
#2920250 1*
#2920875 1%
#2921125 0*
#2922125 1*
#2922375 1)
#2922500 0"
#2922625 1# 0$ 1' 1(
#2923375 0)
#2923625 1" 0# 1$ 0% 0' 0(
#2923875 0*
#2924875 1*
#2925125 1)
#2925375 0$ 1(
#2925500 1# 1% 1'
#2926250 0)
#2926375 0# 0% 0' 0(
#2926500 0"
#2926750 0*
#2927750 1*
#2928375 1!
#2928625 0*
#2929625 1*
#2930125 0!
#2930250 1"
#2930500 0*
#2931250 1)
#2931500 1*
#2931625 1# 1% 1' 1(
#2932375 0)
#2932500 0" 0# 0% 0' 0(
#2932875 0*
#2933875 1*
#2934500 1!
#2934750 0*
#2935750 1*
#2936250 0!
#2936375 1"
#2936625 0*
#2937375 1)
#2937625 1% 1' 1*
#2938375 0)
#2938750 1! 1# 1$ 1&
#2939000 0+
#2940000 1+
#2940125 1)
#2940375 0! 0" 0# 0& 1(
#2941250 0)
#2941375 0(
#2941500 1" 0% 0'
#2941750 0*
#2942750 1*
#2943375 1%
#2943625 0*
#2944625 1*
#2944875 1)
#2945125 0" 0$ 1' 1(
#2945250 1#
#2946000 0)
#2946125 0# 0% 0' 0(
#2946250 1" 1$
#2946375 0*
#2947500 1*
#2947625 1)
#2947875 0"
#2948000 1% 1' 1(
#2948750 0)
#2948875 0(
#2949000 1" 0% 0'
#2949250 0*
#2950250 1*
#2950875 1%
#2951125 0*
#2952125 1*
#2952375 1)
#2952625 0" 0$ 1' 1(
#2952750 1#
#2953500 0)
#2953625 0# 0% 0' 0(
#2953750 1" 1$
#2953875 0*
#2955000 1*
#2955125 1)
#2967875 00
#2970500 1! 1# 1% 1& 1' 1(
#2971250 0)
#2973000 1)
#2974875 10
#2975000 0)
#2976750 1)
#2979750 0!
#2979875 0$ 0&
#2980625 0)
#2980875 0" 0# 0% 0' 0(
#2981125 0*
#2982125 1*
#2982375 1)
#2982750 1! 1" 1# 1$ 1% 1& 1' 1(
#2983500 0)
#2985250 1)
#2986250 0)
#2986750 0+
#2987750 1+
#2988625 0+
#2989625 1+
#2990500 0+
#2991500 1+
#2992375 0+
#2993375 1+
#2994625 1)
#2994875 0! 0$ 0&
#2995625 0)
#2995875 0" 0% 0' 0(
#2996125 0*
#2997125 1*
#2997375 1)
#2997625 0#
#2997750 1" 1% 1'
#2998500 0)
#2998625 0" 0% 0'
#2998750 1(
#2999000 0+
#3000000 1+
#3000250 1)
#3000375 0(
#3000500 1! 1# 1$ 1'
#3001250 0) 0-
#3001500 0! 0# 0$ 0' 1(
#3001750 0*
#3002750 1*
#3003375 1!
#3003625 0*
#3004625 1*
#3005250 0!
#3005375 1"
#3005500 0*
#3006500 1*
#3007125 1!
#3007375 0*
#3008375 1*
#3009625 1) 1-
#3009750 0!
#3009875 1# 1% 1'
#3010625 0)
#3010875 0" 0# 1$ 0% 0' 0(
#3011125 0*
#3012125 1*
#3012375 1)
#3012750 1! 1" 1# 1% 1& 1' 1(
#3013500 0)
#3015250 1)
#3015500 0" 0% 0& 0(
#3016250 0) 0-
#3016500 0! 0$ 0' 1(
#3016750 0*
#3017750 1*
#3018375 1!
#3018625 0*
#3019625 1*
#3020250 0! 1"
#3020500 0*
#3021500 1*
#3022125 1!
#3022375 0*
#3023375 1*
#3024625 1) 1-
#3024750 0!
#3024875 1% 1'
#3025625 0)
#3025875 0" 1$ 0% 0' 0(
#3026125 0*
#3027125 1*
#3027375 1)
#3027625 0# 0$
#3027750 1"
#3028500 0)
#3028750 1! 1# 1$ 1% 1&
#3029000 0*
#3029375 00
#3030000 1*
#3030125 1)
#3030375 0% 0&
#3030500 0" 1'
#3031250 0) 0-
#3031500 0! 0# 0' 1(
#3031750 0*
#3032750 1*
#3033375 1!
#3033625 0*
#3034625 1*
#3035250 0! 1"
#3035500 0*
#3036375 10
#3036500 1*
#3037125 1!
#3037375 0*
#3038375 1*
#3039500 1)
#3039625 1-
#3039750 0! 0$
#3039875 1# 1% 1'
#3040625 0)
#3040875 0" 0# 0' 0(
#3041125 0*
#3042125 1*
#3042375 1)
#3042625 1(
#3042750 1! 1" 1# 1$ 1& 1'
#3043500 0)
#3045125 1)
#3045375 0" 0& 0(
#3045500 0%
#3046250 0) 0-
#3046500 0! 0' 1(
#3046750 0*
#3047750 1*
#3048375 1!
#3048625 0*
#3049625 1*
#3050125 0!
#3050250 1"
#3050500 0*
#3051500 1*
#3052125 1!
#3052375 0*
#3053375 1*
#3054500 1)
#3054625 1-
#3054750 0! 0$
#3054875 1% 1'
#3055625 0)
#3055875 0" 0' 0(
#3056125 0*
#3057125 1*
#3057375 1)
#3057625 1" 0# 1'
#3058500 0)
#3058625 0" 0% 0' 1(
#3058750 1!
#3059000 0+
#3060000 1+
#3060125 1)
#3060375 0(
#3060500 1# 1$ 1'
#3061250 0) 0-
#3061500 0! 0# 0$ 1% 0' 1(
#3061750 0*
#3062750 1*
#3063375 1!
#3063625 0*
#3064625 1*
#3065125 0!
#3065250 1"
#3065500 0*
#3066500 1*
#3067125 1!
#3067375 0*
#3068375 1*
#3069500 1) 1-
#3069750 0!
#3069875 1# 1'
#3070625 0)
#3070750 0# 0'
#3070875 0" 1$ 0(
#3071125 0*
#3072125 1*
#3072375 1)
#3072625 1! 1" 1# 1& 1' 1(
#3073375 0)
#3075125 1)
#3075375 0" 0% 0& 0(
#3076125 0-
#3076250 0)
#3076375 0! 0'
#3076500 0$ 1% 1(
#3076750 0*
#3077750 1*
#3078375 1!
#3078625 0*
#3079625 1*
#3080125 0!
#3080250 1"
#3080500 0*
#3081500 1*
#3082125 1!
#3082375 0*
#3083375 1*
#3084500 1) 1-
#3084750 0!
#3084875 1'
#3085625 0)
#3085750 0" 0' 0(
#3085875 1$
#3086125 0*
#3087125 1*
#3087375 1)
#3087500 0# 0$ 0%
#3087625 1! 1"
#3088375 0)
#3088625 1# 1$ 1% 1&
#3088875 0+
#3089875 1+
#3090125 1)
#3090375 0" 0% 0& 1'
#3090875 00
#3091125 0-
#3091250 0)
#3091375 0! 0# 0'
#3091500 1% 1(
#3091750 0*
#3092750 1*
#3093375 1!
#3093625 0*
#3094625 1*
#3095125 0!
#3095250 1"
#3095500 0*
#3096500 1*
#3097125 1!
#3097375 0*
#3097875 10
#3098375 1*
#3099500 1) 1-
#3099750 0! 0$ 1'
#3099875 1#
#3100625 0)
#3100750 0" 0# 0% 0' 0(
#3100875 1&
#3101125 0*
#3102125 1*
#3102250 1)
#3102625 1! 1" 1# 1$ 1% 1' 1(
#3103375 0)
#3105125 1)
#3105375 0" 0% 0& 0(
#3106125 0-
#3106250 0)
#3106375 0! 0'
#3106500 1% 1(
#3106750 0*
#3107750 1*
#3108375 1!
#3108625 0*
#3109625 1*
#3110125 0!
#3110250 1"
#3110500 0*
#3111500 1*
#3112125 1!
#3112375 0*
#3113375 1*
#3114500 1) 1-
#3114750 0! 0$ 1'
#3115625 0)
#3115750 0" 0% 0' 0(
#3115875 1&
#3116000 0*
#3117125 1*
#3117250 1)
#3117500 0# 0&
#3117625 1" 1% 1'
#3118375 0)
#3118625 0% 0' 1(
#3118875 0+
#3119875 1+
#3120125 1)
#3120375 1! 0" 1# 1$ 1' 0(
#3121125 0-
#3121250 0)
#3121375 0! 0# 0$ 0' 1(
#3121500 1&
#3121625 0*
#3122750 1*
#3123375 1!
#3123500 0*
#3124625 1*
#3125125 0!
#3125250 1"
#3125375 0*
#3126500 1*
#3127000 1!
#3127250 0*
#3128375 1*
#3129500 1) 1-
#3129750 0! 1# 1% 0& 1'
#3130500 0)
#3130750 0" 0# 0% 0' 0(
#3130875 1$ 1&
#3131000 0*
#3132000 1*
#3132250 1)
#3132625 1! 1" 1# 1% 1' 1(
#3133375 0)
#3135125 1)
#3135375 0" 0% 0& 0(
#3136125 0) 0-
#3136375 0! 0$ 0' 1(
#3136500 1&
#3136625 0*
#3137625 1*
#3138250 1!
#3138500 0*
#3139500 1*
#3140125 0!
#3140250 1"
#3140375 0*
#3141375 1*
#3142000 1!
#3142250 0*
#3143250 1*
#3144500 1) 1-
#3144625 0!
#3144750 1% 0& 1'
#3145500 0)
#3145750 0" 0% 1& 0' 0(
#3145875 1$
#3146000 0*
#3147000 1*
#3147250 1)
#3147500 0$ 0&
#3148375 0)
#3148625 1! 1" 1$ 1% 1&
#3148875 0*
#3149875 1*
#3150125 1)
#3150250 0&
#3150375 0" 0% 1'
#3151125 0) 0-
#3151375 0! 0# 1& 0' 1(
#3151625 0*
#3152375 00
#3152625 1*
#3153250 1!
#3153500 0*
#3154500 1*
#3155125 0!
#3155250 1"
#3155375 0*
#3156375 1*
#3157000 1!
#3157250 0*
#3158250 1*
#3159375 10
#3159500 1) 1-
#3159625 0!
#3159750 1# 0$ 1% 0& 1'
#3160500 0)
#3160750 0" 0# 1& 0' 0(
#3161000 0*
#3162000 1*
#3162250 1)
#3162625 1! 1" 1# 1$ 1' 1(
#3163375 0)
#3165125 1)
#3165375 0" 0% 0& 0(
#3166125 0) 0-
#3166375 0! 1& 0' 1(
#3166625 0*
#3167625 1*
#3168250 1!
#3168500 0*
#3169500 1*
#3170125 0! 1"
#3170375 0*
#3171375 1*
#3172000 1!
#3172250 0*
#3173250 1*
#3174500 1) 1-
#3174625 0!
#3174750 0$ 1% 0& 1'
#3175500 0)
#3175750 0" 1& 0' 0(
#3176000 0*
#3177000 1*
#3177250 1)
#3177500 0# 0&
#3177625 1" 1'
#3178375 0)
#3178500 0% 0'
#3178625 1! 1(
#3178875 0+
#3179875 1+
#3180000 1)
#3180250 0" 0(
#3180375 1# 1$ 1'
#3181125 0) 0-
#3181375 0! 0# 0$ 1% 1& 0' 1(
#3181625 0*
#3182625 1*
#3183250 1!
#3183500 0*
#3184500 1*
#3185125 0! 1"
#3185375 0*
#3186375 1*
#3187000 1!
#3187250 0*
#3188250 1*
#3189375 1)
#3189500 1-
#3189625 0! 0&
#3189750 1# 1'
#3190500 0)
#3190750 0" 0# 1$ 1& 0' 0(
#3191000 0*
#3192000 1*
#3192250 1)
#3192500 1(
#3192625 1! 1" 1# 1'
#3193375 0)
#3195000 1)
#3195375 0" 0% 0& 0(
#3196125 0) 0-
#3196375 0! 0$ 1% 1& 0' 1(
#3196625 0*
#3197625 1*
#3198250 1!
#3198500 0*
#3199500 1*
#3200125 0! 1"
#3200375 0*
#3201375 1*
#3202000 1!
#3202250 0*
#3203250 1*
#3204375 1)
#3204500 1-
#3204625 0! 0&
#3204750 1'
#3205500 0)
#3205750 0" 1$ 1& 0' 0(
#3206000 0*
#3207000 1*
#3207250 1)
#3207500 1! 0$ 0% 0&
#3208375 0)
#3208625 1" 1$ 1% 1&
#3208875 0+
#3209875 1+
#3210000 1)
#3210250 0" 0% 0&
#3210375 1'
#3211125 0) 0-
#3211375 0! 0# 1% 1& 0' 1(
#3211625 0*
#3212625 1*
#3213250 1!
#3213500 0*
#3213875 00
#3214500 1*
#3215125 0! 1"
#3215375 0*
#3216375 1*
#3217000 1!
#3217250 0*
#3218250 1*
#3219500 1) 1-
#3219625 0!
#3219750 1# 0$ 0& 1'
#3220500 0)
#3220750 0" 0# 0% 0(
#3220875 10
#3221000 0*
#3222000 1*
#3222250 1)
#3222625 1! 1" 1# 1$ 1% 1& 1(
#3223375 0)
#3225125 1)
#3225375 0" 0% 0& 0(
#3226125 0) 0-
#3226375 0! 1% 1& 0' 1(
#3226625 0*
#3227625 1*
#3228250 1!
#3228500 0*
#3229500 1*
#3230125 0! 1"
#3230375 0*
#3231375 1*
#3232000 1!
#3232250 0*
#3233250 1*
#3234500 1) 1-
#3234625 0!
#3234750 0$ 0& 1'
#3235500 0)
#3235750 0" 0% 0(
#3236000 0*
#3237000 1*
#3237250 1)
#3237500 0#
#3237625 1" 1%
#3238375 0)
#3238625 0" 1# 0% 0' 1(
#3238875 0+
#3239875 1+
#3240125 1)
#3240250 0(
#3240375 1! 1$ 1'
#3241125 0) 0-
#3241375 0! 0# 0$ 1(
#3241625 0*
#3242625 1*
#3243250 1!
#3243500 0*
#3244500 1*
#3245125 0!
#3245250 1"
#3245375 0*
#3246375 1*
#3247000 1!
#3247250 0*
#3248375 1*
#3249500 1) 1-
#3249750 0! 1# 1%
#3250500 0)
#3250750 0" 0# 0% 0(
#3250875 1$
#3251000 0*
#3252125 1*
#3252250 1)
#3252625 1! 1" 1# 1% 1& 1(
#3253375 0)
#3255125 1)
#3255375 0" 0% 0& 0(
#3256125 0-
#3256250 0)
#3256375 0! 0$ 1(
#3256625 0*
#3257750 1*
#3258375 1!
#3258500 0*
#3259625 1*
#3260125 0!
#3260250 1"
#3260375 0*
#3261500 1*
#3262125 1!
#3262375 0*
#3263375 1*
#3264500 1) 1-
#3264750 0! 1%
#3265625 0)
#3265750 0" 0% 0(
#3265875 1$
#3266125 0*
#3267125 1*
#3267250 1)
#3267500 0$ 0'
#3267625 1"
#3268375 0)
#3268625 1! 1$ 1% 1&
#3268875 0*
#3269875 1*
#3270125 1)
#3270375 0" 0% 0& 1'
#3271125 0-
#3271250 0)
#3271375 0! 0#
#3271500 1(
#3271750 0*
#3272750 1*
#3273375 1!
#3273625 0*
#3274625 1*
#3275125 0!
#3275250 1"
#3275500 0*
#3276500 1*
#3277125 1!
#3277375 0*
#3278375 1*
#3279500 1) 1-
#3279750 0! 0$
#3279875 1# 1%
#3280625 0)
#3280750 0" 0# 0(
#3281125 0*
#3282125 1*
#3282375 1)
#3282625 1! 1" 1# 1$ 1& 1(
#3283375 0)
#3285125 1)
#3285375 0" 0% 0& 0(
#3286125 0-
#3286250 0)
#3286375 0!
#3286500 1(
#3286750 0*
#3287750 1*
#3288375 1!
#3288625 0*
#3289625 1*
#3290125 0!
#3290250 1"
#3290500 0*
#3291500 1*
#3292125 1!
#3292375 0*
#3293375 1*
#3294500 1) 1-
#3294750 0! 0$
#3294875 1%
#3295625 0)
#3295750 0(
#3295875 0"
#3296125 0*
#3297125 1*
#3297375 1)
#3297625 1! 1" 1$ 1& 1(
#3298500 0)
#3300125 1)
#3300375 0" 0% 0& 0(
#3301250 0) 0-
#3301375 0!
#3301500 0# 0$ 1% 1(
#3301750 0*
#3302750 1*
#3303375 1!
#3303625 0*
#3304625 1*
#3305125 0!
#3305250 1"
#3305500 0*
#3306500 1*
#3307125 1!
#3307375 0*
#3308375 1*
#3309500 1)
#3309625 1-
#3309750 0!
#3309875 1#
#3310625 0)
#3310875 0" 0# 1$ 0(
#3311125 0*
#3312125 1*
#3312375 1)
#3312625 1(
#3312750 1! 1" 1# 1&
#3313500 0)
#3315125 1)
#3315375 0&
#3315500 0" 0% 0(
#3316250 0) 0-
#3316500 0! 0$ 1% 1(
#3316750 0*
#3317750 1*
#3318375 1!
#3318625 0*
#3319625 1*
#3320250 0! 1"
#3320500 0*
#3321500 1*
#3322125 1!
#3322375 0*
#3323375 1*
#3324625 1) 1-
#3324750 0!
#3325625 0)
#3325875 0" 0(
#3326000 1$
#3326125 0*
#3327125 1*
#3327375 1)
#3327625 0$ 0% 0'
#3327750 1! 1"
#3328500 0)
#3328750 1$ 1% 1&
#3329000 0+
#3330000 1+
#3330250 1)
#3330500 0" 0% 0& 1'
#3331250 0) 0-
#3331500 0! 0# 1(
#3331625 1%
#3331750 0*
#3332750 1*
#3333375 1!
#3333625 0*
#3334625 1*
#3335250 0!
#3335375 1"
#3335500 0*
#3336500 1*
#3337125 1!
#3337375 0*
#3338500 1*
#3339625 1) 1-
#3339875 0! 1# 0$
#3340625 0)
#3340875 0" 0# 0% 0(
#3341000 1&
#3341125 0*
#3342250 1*
#3342375 1)
#3342750 1! 1" 1# 1$ 1% 1(
#3343500 0)
#3345250 1)
#3345500 0" 0% 0& 0(
#3346250 0-
#3346375 0)
#3346500 0!
#3346625 1% 1(
#3346750 0*
#3347875 1*
#3348500 1!
#3348750 0*
#3349750 1*
#3350250 0!
#3350375 1"
#3350625 0*
#3351625 1*
#3352250 1!
#3352500 0*
#3353500 1*
#3354625 1) 1-
#3354875 0! 0$
#3355750 0)
#3355875 0" 0% 0(
#3356000 1&
#3356250 0*
#3357250 1*
#3357375 1)
#3357750 1! 1" 1$ 1% 1(
#3358500 0)
#3359250 00
#3360250 1)
#3360500 0" 0% 0& 0(
#3361250 0-
#3361375 0)
#3361500 0! 0# 0$
#3361625 1& 1(
#3361875 0*
#3362875 1*
#3363500 1!
#3363750 0*
#3364750 1*
#3365250 0!
#3365375 1"
#3365625 0*
#3366125 10
#3366625 1*
#3367250 1!
#3367500 0*
#3368500 1*
#3369625 1) 1-
#3369875 0! 0&
#3370000 1# 1%
#3370750 0)
#3370875 0# 0% 0(
#3371000 0" 1$ 1&
#3371250 0*
#3372250 1*
#3372500 1)
#3372750 1! 1" 1# 1% 1(
#3373500 0)
#3375250 1)
#3375500 0" 0% 0& 0(
#3376250 0-
#3376375 0)
#3376500 0!
#3376625 0$ 1& 1(
#3376875 0*
#3377875 1*
#3378500 1!
#3378750 0*
#3379750 1*
#3380250 0!
#3380375 1"
#3380625 0*
#3381625 1*
#3382250 1!
#3382500 0*
#3383500 1*
#3384625 1)
#3384750 1-
#3384875 0! 0&
#3385000 1%
#3385750 0)
#3386000 0" 1$ 0% 1& 0(
#3386250 0*
#3387250 1*
#3387500 1)
#3387750 0# 0& 0'
#3388500 0)
#3388875 1! 1" 1# 1% 1&
#3389000 0*
#3390125 1*
#3390250 1)
#3390500 0" 0% 0&
#3390625 1'
#3391375 0) 0-
#3391500 0!
#3391625 0# 1& 1(
#3391875 0*
#3392875 1*
#3393500 1!
#3393750 0*
#3394750 1*
#3395250 0!
#3395375 1"
#3395625 0*
#3396625 1*
#3397250 1!
#3397500 0*
#3398500 1*
#3399625 1)
#3399750 1-
#3399875 0! 0$ 0&
#3400000 1# 1%
#3400750 0)
#3401000 0" 0# 1& 0(
#3401250 0*
#3402250 1*
#3402500 1)
#3402750 1" 0&
#3403625 0)
#3403750 0" 0% 0'
#3403875 1! 1# 1(
#3404125 0+
#3405125 1+
#3405250 1)
#3405500 0(
#3405625 1$ 1'
#3406375 0) 0-
#3406625 0! 1& 1(
#3406875 0*
#3407875 1*
#3408500 1!
#3408750 0*
#3409750 1*
#3410250 0!
#3410375 1"
#3410625 0*
#3411625 1*
#3412250 1!
#3412500 0*
#3413500 1*
#3414625 1)
#3414750 1-
#3414875 0! 0$ 0&
#3415000 1%
#3415750 0)
#3416000 0" 1& 0(
#3416250 0*
#3417250 1*
#3417500 1)
#3417750 1! 1(
#3417875 1" 1$
#3418625 0)
#3420250 1)
#3420500 0" 0% 0& 0(
#3420625 00
#3421375 0) 0-
#3421625 0! 0# 0$ 1% 1& 1(
#3421875 0*
#3422875 1*
#3423500 1!
#3423750 0*
#3424750 1*
#3425375 0! 1"
#3425625 0*
#3426625 1*
#3427250 1!
#3427500 0*
#3427625 10
#3428500 1*
#3429625 1)
#3429750 1-
#3429875 0! 0&
#3430000 1#
#3430750 0)
#3431000 0" 0# 1$ 1& 0(
#3431250 0*
#3432250 1*
#3432500 1)
#3432750 1! 1(
#3432875 1" 1#
#3433625 0)
#3435250 1)
#3435500 0& 0(
#3435625 0" 0%
#3436375 0) 0-
#3436625 0! 0$ 1% 1& 1(
#3436875 0*
#3437875 1*
#3438500 1!
#3438750 0*
#3439750 1*
#3440250 0!
#3440375 1"
#3440625 0*
#3441625 1*
#3442250 1!
#3442500 0*
#3443500 1*
#3444625 1)
#3444750 1-
#3444875 0! 0&
#3445750 0)
#3446000 0" 1$ 1& 0(
#3446250 0*
#3447250 1*
#3447500 1)
#3447750 1! 0# 0% 0& 0'
#3448625 0)
#3448875 1" 1# 1% 1&
#3449125 0+
#3450125 1+
#3450250 1)
#3450500 0" 0% 0&
#3450625 1'
#3451375 0) 0-
#3451625 0! 0# 1% 1& 1(
#3451875 0*
#3452875 1*
#3453500 1!
#3453750 0*
#3454750 1*
#3455250 0!
#3455375 1"
#3455625 0*
#3456625 1*
#3457250 1!
#3457500 0*
#3458500 1*
#3459625 1)
#3459750 1-
#3460000 1#
#3460750 0)
#3461250 0+
#3462250 1+
#3462500 1)
#3462750 0! 0# 0$ 0& 0(
#3463500 0)
#3463750 0% 0' 1(
#3463875 1#
#3464125 0+
#3465125 1+
#3465250 1)
#3465500 0" 0(
#3465625 1! 1$ 1'
#3466375 0) 0-
#3466500 0!
#3466625 1% 1& 1(
#3466875 0*
#3467875 1*
#3468500 1!
#3468750 0*
#3469750 1*
#3470250 0!
#3470375 1"
#3470625 0*
#3471625 1*
#3472250 1!
#3472500 0*
#3473500 1*
#3474625 1)
#3474750 1-
#3474875 0! 0$ 0&
#3475750 0)
#3475875 0(
#3476000 0" 0# 0% 0'
#3476250 0*
#3477250 1*
#3477875 1!
#3478125 0*
#3479125 1*
#3479625 0!
#3479750 1"
#3480000 0*
#3480750 1)
#3481000 1*
#3481125 1# 1% 1' 1(
#3481875 0)
#3482000 0" 0# 0% 0' 0(
#3482125 00
#3482250 0*
#3483375 1*
#3484000 1!
#3484250 0*
#3485250 1*
#3485750 0!
#3485875 1"
#3486125 0*
#3486875 1)
#3487125 1! 1# 1$ 1% 1& 1' 1( 1*
#3487875 0)
#3489125 10
#3489625 1)
#3489875 0! 0" 0# 0&
#3490750 0)
#3490875 0% 0' 0(
#3491000 1! 1"
#3491250 0*
#3492250 1*
#3492875 1%
#3493125 0*
#3494125 1*
#3494375 1)
#3494500 0! 0"
#3494625 1# 0$ 1' 1(
#3495375 0)
#3495625 1! 1" 0# 1$ 0% 0' 0(
#3495875 0*
#3496875 1*
#3497125 1)
#3497375 0! 0" 1' 1(
#3497500 1%
#3498250 0)
#3498375 0% 0' 0(
#3498500 1! 1"
#3498750 0*
#3499750 1*
#3500375 1%
#3500625 0*
#3501625 1*
#3501750 1)
#3502000 0! 0" 0$
#3502125 1# 1' 1(
#3502875 0)
#3503125 1! 1" 0# 1$ 0% 0' 0(
#3503375 0*
#3504375 1*
#3504625 1)
#3504875 0! 0$ 1' 1(
#3505000 1# 1%
#3505750 0)
#3505875 0" 0# 0% 0' 0(
#3506250 0*
#3507250 1*
#3507875 1!
#3508125 0*
#3509125 1*
#3509625 0!
#3509750 1"
#3510000 0*
#3510750 1)
#3511000 1' 1( 1*
#3511125 1# 1%
#3511750 0)
#3512000 0" 0# 0% 0' 0(
#3512250 0*
#3513250 1*
#3513875 1!
#3514125 0*
#3515125 1*
#3515750 0!
#3515875 1"
#3516000 0*
#3517250 1)
#3517500 1*
#3518000 1'
#3518125 1%
#3518875 0)
#3519000 0% 0'
#3519125 1! 1# 1(
#3519375 0+
#3520375 1+
#3521000 1)
#3521250 0! 0" 0#
#3521375 1$ 1% 1'
#3522125 0)
#3522750 0% 0' 0(
#3522875 1! 1"
#3523000 0*
#3524125 1*
#3524750 1%
#3524875 0*
#3526000 1*
#3526125 1)
#3526375 0! 0" 0$
#3526500 1# 1' 1(
#3527250 0)
#3527500 1! 1" 0# 1$ 0% 0' 0(
#3527750 0*
#3528750 1*
#3529000 1)
#3529125 0!
#3529250 0" 1% 1' 1(
#3530000 0)
#3530250 1! 0% 0' 0(
#3530375 1"
#3530500 0*
#3531625 1*
#3532250 1%
#3532375 0*
#3533375 1*
#3533625 1)
#3533875 0! 0" 0$
#3534000 1# 1' 1(
#3534750 0)
#3534875 0(
#3535000 1! 1" 0# 1$ 0% 0'
#3535250 0*
#3536250 1*
#3536500 1)
#3536625 0!
#3536750 1# 0$ 1% 1' 1(
#3537500 0)
#3537750 0" 0# 0% 0' 0(
#3538000 0*
#3539000 1*
#3539625 1!
#3539875 0*
#3540875 1*
#3541500 0!
#3541625 1"
#3541750 0*
#3542500 1)
#3542750 1*
#3542875 1# 1% 1' 1(
#3543625 0) 00
#3543875 0" 0# 0% 0' 0(
#3544125 0*
#3545125 1*
#3545750 1!
#3546000 0*
#3547000 1*
#3547500 0!
#3547625 1"
#3547875 0*
#3548625 1)
#3548875 1*
#3549000 1! 1# 1$ 1% 1& 1' 1(
#3549750 0)
#3550625 10
#3551500 1)
#3551625 0!
#3551750 0" 0# 0&
#3552500 0)
#3552750 1! 1" 0% 0' 0(
#3553000 0*
#3554000 1*
#3554625 1%
#3554875 0*
#3555875 1*
#3556125 1)
#3556375 0! 0" 0$ 1(
#3556500 1# 1'
#3557250 0)
#3557375 0# 0% 0' 0(
#3557500 1! 1" 1$
#3557750 0*
#3558750 1*
#3558875 1)
#3559125 0! 0"
#3559250 1% 1' 1(
#3560000 0)
#3560250 1! 1" 0% 0' 0(
#3560500 0*
#3561500 1*
#3562125 1%
#3562375 0*
#3563375 1*
#3563625 1)
#3563875 0! 0" 0$ 1' 1(
#3564000 1#
#3564750 0)
#3564875 0# 0% 0' 0(
#3565000 1! 1" 1$
#3565250 0*
#3566250 1*
#3566375 1)
#3566625 0! 0$
#3566750 1# 1% 1' 1(
#3567500 0)
#3567750 0" 0# 0% 0' 0(
#3568000 0*
#3569000 1*
#3569625 1!
#3569875 0*
#3570875 1*
#3571500 0! 1"
#3571750 0*
#3572500 1)
#3572750 1*
#3572875 1# 1% 1' 1(
#3573625 0)
#3573750 0' 0(
#3573875 0" 0# 0%
#3574125 0*
#3575125 1*
#3575750 1!
#3576000 0*
#3577000 1*
#3577500 0!
#3577625 1"
#3577875 0*
#3578625 1)
#3578875 1' 1*
#3579000 1%
#3579750 0)
#3579875 0" 0% 0'
#3580000 1$ 1(
#3580250 0+
#3581250 1+
#3581375 1)
#3581750 1% 1'
#3582500 0)
#3582750 1! 1" 0% 0' 0(
#3583000 0*
#3584000 1*
#3584625 1%
#3584875 0*
#3585875 1*
#3586125 1)
#3586375 0! 0" 0$ 1' 1(
#3586500 1#
#3587250 0)
#3587375 0# 0% 0' 0(
#3587500 1! 1" 1$
#3587625 0*
#3588750 1*
#3588875 1)
#3589125 0! 0"
#3589250 1% 1' 1(
#3590000 0)
#3590250 1! 1" 0% 0' 0(
#3590500 0*
#3591500 1*
#3592125 1%
#3592375 0*
#3593375 1*
#3593625 1)
#3593875 0! 0" 0$ 1' 1(
#3594000 1#
#3594750 0)
#3594875 0# 0% 0' 0(
#3595000 1! 1" 1$
#3595125 0*
#3596250 1*
#3596375 1)
#3605125 00
#3611750 1# 1% 1& 1' 1(
#3612125 10
#3612500 0)
#3614250 1)
#3616250 0)
#3618000 1)
#3621000 0! 0$ 0&
#3621875 0)
#3622125 0" 0# 0% 0' 0(
#3622375 0*
#3623375 1*
#3623625 1)
#3623875 1# 1% 1& 1' 1(
#3624000 1! 1" 1$
#3624750 0)
#3626375 1)
#3627500 0)
#3628000 0+
#3629000 1+
#3629875 0+
#3630875 1+
#3631750 0+
#3632750 1+
#3633625 0+
#3634625 1+
#3635750 1)
#3636000 0! 0$ 0&
#3636875 0)
#3637125 0" 0% 0' 0(
#3637375 0*
#3638375 1*
#3638625 1)
#3638875 0# 1% 1'
#3639000 1"
#3639750 0)
#3639875 0" 0% 0'
#3640000 1! 1$ 1(
#3640250 0+
#3641250 1+
#3641375 1)
#3641625 0! 0(
#3641750 1" 1# 1'
#3642500 0) 0-
#3642750 0" 0# 0$ 0'
#3643000 0*
#3644000 1*
#3644625 1!
#3644875 0*
#3645875 1*
#3646375 0!
#3646500 1"
#3646750 0*
#3647750 1*
#3648375 1!
#3648625 0*
#3649625 1*
#3650750 1)
#3650875 1-
#3651000 0!
#3651125 1# 1% 1' 1(
#3651875 0)
#3652125 0" 0# 1$ 0% 0' 0(
#3652375 0*
#3653375 1*
#3653625 1)
#3653875 1' 1(
#3654000 1! 1" 1# 1% 1&
#3654750 0)
#3656375 1)
#3656625 0! 0% 0& 0(
#3657500 0) 0-
#3657750 0" 0$ 0'
#3658000 0*
#3659000 1*
#3659625 1!
#3659875 0*
#3660875 1*
#3661500 0! 1"
#3661750 0*
#3662750 1*
#3663375 1!
#3663625 0*
#3664625 1*
#3665750 1)
#3665875 1-
#3666000 0!
#3666125 1% 1' 1(
#3666625 00
#3666875 0)
#3667125 0" 1$ 0% 0' 0(
#3667375 0*
#3668375 1*
#3668625 1)
#3668875 0#
#3669000 1"
#3669750 0)
#3670000 1! 1# 1% 1&
#3670250 0*
#3671250 1*
#3671375 1)
#3671625 0! 0% 0&
#3671750 1'
#3672500 0) 0-
#3672750 0" 0# 0'
#3673000 0*
#3673625 10
#3674000 1*
#3674625 1!
#3674875 0*
#3675875 1*
#3676500 0! 1"
#3676750 0*
#3677750 1*
#3678375 1!
#3678625 0*
#3679625 1*
#3680875 1) 1-
#3681000 0!
#3681125 1# 0$ 1% 1' 1(
#3681875 0)
#3682125 0" 0# 0' 0(
#3682375 0*
#3683375 1*
#3683625 1)
#3684000 1! 1" 1# 1$ 1& 1' 1(
#3684750 0)
#3686500 1)
#3686750 0! 0% 0& 0(
#3687500 0) 0-
#3687750 0" 0'
#3688000 0*
#3689000 1*
#3689625 1!
#3689875 0*
#3690875 1*
#3691500 0! 1"
#3691750 0*
#3692750 1*
#3693375 1!
#3693625 0*
#3694625 1*
#3695875 1) 1-
#3696000 0!
#3696125 0$ 1% 1' 1(
#3696875 0)
#3697125 0" 0' 0(
#3697375 0*
#3698375 1*
#3698625 1)
#3698875 0#
#3699000 1" 1'
#3699750 0)
#3700000 1$ 0% 0' 1(
#3700250 0+
#3701250 1+
#3701500 1)
#3701750 1# 1' 0(
#3702500 0) 0-
#3702750 0" 0# 0$ 0'
#3702875 1%
#3703000 0*
#3704125 1*
#3704750 1!
#3704875 0*
#3706000 1*
#3706500 0!
#3706625 1"
#3706750 0*
#3707875 1*
#3708500 1!
#3708625 0*
#3709750 1*
#3710875 1) 1-
#3711125 0! 1# 1' 1(
#3712000 0)
#3712125 0" 0# 0' 0(
#3712250 1$
#3712375 0*
#3713500 1*
#3713625 1)
#3714000 1! 1" 1# 1& 1' 1(
#3714750 0)
#3716500 1)
#3716750 0! 0% 0& 0(
#3717500 0-
#3717625 0)
#3717750 0" 0$ 0'
#3717875 1%
#3718125 0*
#3719125 1*
#3719750 1!
#3720000 0*
#3721000 1*
#3721500 0!
#3721625 1"
#3721875 0*
#3722875 1*
#3723500 1!
#3723750 0*
#3724750 1*
#3725875 1) 1-
#3726125 0! 1' 1(
#3727000 0)
#3727125 0" 0' 0(
#3727250 1$
#3727500 0*
#3728125 00
#3728500 1*
#3728625 1)
#3728875 0# 0%
#3729000 1! 1"
#3729750 0)
#3730000 1# 1% 1&
#3730250 0+
#3731250 1+
#3731500 1)
#3731750 0! 0% 0& 1'
#3732500 0-
#3732625 0)
#3732750 0" 0# 0'
#3732875 1%
#3733125 0*
#3734125 1*
#3734750 1!
#3735000 0*
#3735125 10
#3736000 1*
#3736500 0!
#3736625 1"
#3736875 0*
#3737875 1*
#3738500 1!
#3738750 0*
#3739750 1*
#3740875 1) 1-
#3741125 0! 0$
#3741250 1# 1' 1(
#3742000 0)
#3742125 0# 0' 0(
#3742250 0" 0% 1&
#3742500 0*
#3743500 1*
#3743750 1)
#3744000 1! 1" 1# 1$ 1% 1' 1(
#3744750 0)
#3746500 1)
#3746750 0! 0% 0& 0(
#3747625 0) 0-
#3747875 0" 1% 0'
#3748125 0*
#3749125 1*
#3749750 1!
#3750000 0*
#3751000 1*
#3751500 0!
#3751625 1"
#3751875 0*
#3752875 1*
#3753500 1!
#3753750 0*
#3754750 1*
#3755875 1)
#3756000 1-
#3756125 0! 0$
#3756250 1' 1(
#3757000 0)
#3757250 0" 0% 1& 0' 0(
#3757500 0*
#3758500 1*
#3758750 1)
#3759000 0# 0& 1'
#3759125 1" 1%
#3759875 0)
#3760000 0% 0'
#3760125 1! 1$ 1(
#3760375 0+
#3761375 1+
#3761500 1)
#3761750 0! 0(
#3761875 1# 1'
#3762625 0) 0-
#3762875 0" 0# 0$ 1& 0'
#3763125 0*
#3764125 1*
#3764750 1!
#3765000 0*
#3766000 1*
#3766625 0! 1"
#3766875 0*
#3767875 1*
#3768500 1!
#3768750 0*
#3769750 1*
#3771000 1) 1-
#3771125 0! 0&
#3771250 1# 1% 1' 1(
#3772000 0)
#3772250 0" 0# 1$ 0% 1& 0' 0(
#3772500 0*
#3773500 1*
#3773750 1)
#3774125 1! 1" 1# 1% 1' 1(
#3774875 0)
#3776625 1)
#3776875 0! 0% 0& 0(
#3777625 0) 0-
#3777875 0" 0$ 1& 0'
#3778125 0*
#3779125 1*
#3779750 1!
#3780000 0*
#3781000 1*
#3781625 0!
#3781750 1"
#3781875 0*
#3782875 1*
#3783500 1!
#3783750 0*
#3784750 1*
#3786000 1) 1-
#3786125 0!
#3786250 1% 0& 1' 1(
#3787000 0)
#3787250 0" 0% 0' 0(
#3787375 1$ 1&
#3787500 0*
#3788625 1*
#3788750 1)
#3789000 0&
#3789625 00
#3789875 0)
#3790125 1! 1" 1% 1&
#3790375 0*
#3791375 1*
#3791625 1)
#3791875 0! 0% 0& 1'
#3792625 0) 0-
#3792875 0" 0# 0'
#3793000 1&
#3793125 0*
#3794250 1*
#3794875 1!
#3795000 0*
#3796125 1*
#3796625 0! 10
#3796750 1"
#3796875 0*
#3798000 1*
#3798625 1!
#3798750 0*
#3799875 1*
#3801000 1) 1-
#3801250 0! 1# 0$ 0& 1' 1(
#3801375 1%
#3802125 0)
#3802250 0" 0# 0' 0(
#3802375 1&
#3802625 0*
#3803625 1*
#3803750 1)
#3804125 1! 1" 1# 1$ 1' 1(
#3804875 0)
#3806625 1)
#3806875 0! 0% 0& 0(
#3807625 0-
#3807750 0)
#3807875 0" 0'
#3808000 1&
#3808250 0*
#3809250 1*
#3809875 1!
#3810125 0*
#3811125 1*
#3811625 0!
#3811750 1"
#3812000 0*
#3813000 1*
#3813625 1!
#3813875 0*
#3814875 1*
#3816000 1) 1-
#3816250 0! 0$ 0& 1' 1(
#3816375 1%
#3817125 0)
#3817250 0" 0' 0(
#3817375 1&
#3817625 0*
#3818625 1*
#3818750 1)
#3819000 0# 0&
#3819125 1" 1'
#3819875 0)
#3820125 0" 1# 1$ 0% 0' 1(
#3820375 0+
#3821375 1+
#3821625 1)
#3821875 0(
#3822000 1" 1'
#3822625 0-
#3822750 0)
#3822875 0" 0# 0$ 0'
#3823000 1% 1&
#3823250 0*
#3824250 1*
#3824875 1!
#3825125 0*
#3826125 1*
#3826625 0!
#3826750 1"
#3827000 0*
#3828000 1*
#3828625 1!
#3828875 0*
#3829875 1*
#3831000 1) 1-
#3831250 0! 0& 1(
#3831375 1# 1'
#3832125 0)
#3832250 0# 0' 0(
#3832375 0" 1$ 1&
#3832625 0*
#3833625 1*
#3833875 1)
#3834125 1! 1" 1# 1' 1(
#3834875 0)
#3836625 1)
#3836875 0! 0% 0& 0(
#3837625 0-
#3837750 0)
#3837875 0" 0'
#3838000 0$ 1% 1&
#3838250 0*
#3839250 1*
#3839875 1!
#3840125 0*
#3841125 1*
#3841625 0!
#3841750 1"
#3842000 0*
#3843000 1*
#3843625 1!
#3843875 0*
#3844875 1*
#3846000 1) 1-
#3846250 0! 0&
#3846375 1' 1(
#3847125 0)
#3847250 0' 0(
#3847375 0" 1$ 1&
#3847625 0*
#3848625 1*
#3848875 1)
#3849000 0&
#3849125 1! 0%
#3849875 0)
#3850250 1" 1% 1&
#3850500 0+
#3851125 00
#3851500 1+
#3851625 1)
#3851875 0! 0% 0&
#3852000 1'
#3852750 0) 0-
#3852875 0" 0'
#3853000 0# 1% 1&
#3853250 0*
#3854250 1*
#3854875 1!
#3855125 0*
#3856125 1*
#3856625 0!
#3856750 1"
#3857000 0*
#3858000 1*
#3858125 10
#3858625 1!
#3858875 0*
#3859875 1*
#3861000 1) 1-
#3861250 0! 0$ 0&
#3861375 1# 1' 1(
#3862125 0)
#3862250 0# 0(
#3862375 0" 0%
#3862625 0*
#3863625 1*
#3863875 1)
#3864125 1! 1" 1# 1$ 1% 1& 1(
#3864875 0)
#3866625 1)
#3866875 0! 0% 0& 0(
#3867625 0-
#3867750 0)
#3867875 0"
#3868000 1% 1& 0'
#3868250 0*
#3869250 1*
#3869875 1!
#3870125 0*
#3871125 1*
#3871625 0!
#3871750 1"
#3872000 0*
#3873000 1*
#3873625 1!
#3873875 0*
#3874875 1*
#3876000 1) 1-
#3876250 0! 0$ 0& 1(
#3876375 1'
#3877125 0)
#3877250 0(
#3877375 0" 0%
#3877625 0*
#3878625 1*
#3878875 1)
#3879000 0#
#3879125 1" 1%
#3879875 0)
#3880125 0" 0% 0' 1(
#3880250 1! 1# 1$
#3880375 0+
#3881500 1+
#3881625 1)
#3881875 0! 0(
#3882000 1" 1'
#3882625 0-
#3882750 0)
#3882875 0" 0# 0$
#3883250 0*
#3884250 1*
#3884875 1!
#3885125 0*
#3886125 1*
#3886625 0!
#3886750 1"
#3887000 0*
#3888000 1*
#3888625 1!
#3888875 0*
#3889875 1*
#3891000 1) 1-
#3891250 0! 1(
#3891375 1# 1%
#3892125 0)
#3892250 0# 0% 0(
#3892375 0" 1$
#3892625 0*
#3893625 1*
#3893875 1)
#3894125 1! 1" 1# 1% 1& 1(
#3894875 0)
#3896625 1)
#3896875 0! 0% 0& 0(
#3897625 0-
#3897750 0)
#3897875 0" 0$
#3898250 0*
#3899250 1*
#3899875 1!
#3900125 0*
#3901125 1*
#3901625 0!
#3901750 1"
#3902000 0*
#3903000 1*
#3903625 1!
#3903875 0*
#3904875 1*
#3906000 1) 1-
#3906250 0! 1(
#3906375 1%
#3907125 0)
#3907250 0" 0% 0(
#3907375 1$
#3907625 0*
#3908625 1*
#3908750 1)
#3909000 0'
#3909125 1"
#3909875 0)
#3910125 1! 1% 1&
#3910375 0*
#3911375 1*
#3911625 1)
#3911875 0! 0% 0& 1'
#3912625 0- 00
#3912750 0)
#3912875 0" 0#
#3913250 0*
#3914250 1*
#3914875 1!
#3915125 0*
#3916125 1*
#3916625 0!
#3916750 1"
#3917000 0*
#3918000 1*
#3918625 1!
#3918875 0*
#3919500 10
#3919875 1*
#3921000 1) 1-
#3921250 0! 0$ 1(
#3921375 1# 1%
#3922125 0)
#3922250 0" 0# 0(
#3922625 0*
#3923625 1*
#3923750 1)
#3924125 1! 1" 1# 1$ 1& 1(
#3924875 0)
#3926625 1)
#3926875 0! 0% 0& 0(
#3927625 0-
#3927750 0)
#3927875 0"
#3928125 0*
#3929250 1*
#3929875 1!
#3930000 0*
#3931125 1*
#3931625 0!
#3931750 1"
#3931875 0*
#3933000 1*
#3933625 1!
#3933750 0*
#3934875 1*
#3936000 1) 1-
#3936250 0! 0$ 1% 1(
#3937125 0)
#3937250 0" 0(
#3937500 0*
#3938625 1*
#3938750 1)
#3939000 0#
#3939125 1"
#3939875 0)
#3940125 1# 1$ 0% 0' 1(
#3940375 0+
#3941375 1+
#3941625 1)
#3941875 1' 0(
#3942625 0) 0-
#3942875 0" 0# 0$
#3943000 1%
#3943125 0*
#3944125 1*
#3944875 1!
#3945000 0*
#3946000 1*
#3946625 0!
#3946750 1"
#3946875 0*
#3947875 1*
#3948500 1!
#3948750 0*
#3949750 1*
#3951000 1) 1-
#3951125 0!
#3951250 1# 1(
#3952000 0)
#3952250 0" 0# 0(
#3952375 1$
#3952500 0*
#3953500 1*
#3953750 1)
#3954125 1! 1" 1# 1& 1(
#3954875 0)
#3956625 1)
#3956875 0! 0% 0& 0(
#3957625 0) 0-
#3957875 0" 0$
#3958000 1%
#3958125 0*
#3959125 1*
#3959750 1!
#3960000 0*
#3961000 1*
#3961625 0! 1"
#3961875 0*
#3962875 1*
#3963500 1!
#3963750 0*
#3964750 1*
#3965875 1)
#3966000 1-
#3966125 0!
#3966250 1(
#3967000 0)
#3967250 0" 1$ 0(
#3967500 0*
#3968500 1*
#3968750 1)
#3969000 1! 1" 0% 0'
#3969875 0)
#3970125 1% 1&
#3970375 0+
#3971375 1+
#3971500 1)
#3971750 0! 0% 0&
#3971875 1'
#3972625 0) 0-
#3972875 0" 0# 1%
#3973125 0*
#3974125 1* 00
#3974750 1!
#3975000 0*
#3976000 1*
#3976625 0! 1"
#3976875 0*
#3977875 1*
#3978500 1!
#3978750 0*
#3979750 1*
#3980875 1)
#3981000 1- 10
#3981125 0! 0$
#3981250 1# 1(
#3982000 0)
#3982250 0" 0# 0% 1& 0(
#3982500 0*
#3983500 1*
#3983750 1)
#3984000 1! 1(
#3984125 1" 1# 1$ 1%
#3984875 0)
#3986500 1)
#3986750 0! 0% 0& 0(
#3987625 0) 0-
#3987875 0" 1%
#3988125 0*
#3989125 1*
#3989750 1!
#3990000 0*
#3991000 1*
#3991500 0!
#3991625 1"
#3991875 0*
#3992875 1*
#3993500 1!
#3993750 0*
#3994750 1*
#3995875 1)
#3996000 1-
#3996125 0! 0$
#3996250 1(
#3997000 0)
#3997125 0(
#3997250 0" 0% 1&
#3997500 0*
#3998500 1*
#3998750 1)
#3999000 1" 0# 1% 0&
#3999750 0)
#4000000 0% 0' 1(
#4000125 1! 1# 1$
#4000375 0+
#4001375 1+
#4001500 1)
#4001750 0! 0(
#4001875 1'
#4002625 0) 0-
#4002750 0#
#4002875 0" 0$ 1&
#4003125 0*
#4004125 1*
#4004750 1!
#4005000 0*
#4006000 1*
#4006500 0!
#4006625 1"
#4006875 0*
#4007875 1*
#4008500 1!
#4008750 0*
#4009750 1*
#4010875 1) 1-
#4011125 0! 0&
#4011250 1# 1% 1(
#4012000 0)
#4012125 0# 0(
#4012250 0" 1$ 0% 1&
#4012500 0*
#4013500 1*
#4013750 1)
#4014000 1! 1" 1# 1% 1(
#4014750 0)
#4016500 1)
#4016750 0! 0% 0& 0(
#4017500 0-
#4017625 0)
#4017750 0"
#4017875 0$ 1&
#4018125 0*
#4019125 1*
#4019750 1!
#4020000 0*
#4021000 1*
#4021500 0!
#4021625 1"
#4021875 0*
#4022875 1*
#4023500 1!
#4023750 0*
#4024750 1*
#4025875 1) 1-
#4026125 0! 0& 1(
#4026250 1%
#4027000 0)
#4027125 0% 0(
#4027250 0" 1$ 1&
#4027500 0*
#4028500 1*
#4028750 1)
#4028875 0$ 0&
#4029000 0# 1% 0'
#4029750 0)
#4030125 1! 1" 1# 1$ 1&
#4030250 0*
#4031250 1*
#4031500 1)
#4031750 0! 0% 0&
#4031875 1'
#4032500 0-
#4032625 0)
#4032750 0" 0#
#4032875 1&
#4033125 0*
#4034125 1*
#4034750 1!
#4035000 0*
#4035625 00
#4036000 1*
#4036500 0!
#4036625 1"
#4036875 0*
#4037875 1*
#4038500 1!
#4038750 0*
#4039750 1*
#4040875 1) 1-
#4041125 0! 0$ 0& 1(
#4041250 1# 1%
#4042000 0)
#4042125 0" 0# 0(
#4042250 1&
#4042500 0* 10
#4043500 1*
#4043750 1)
#4044000 1! 1" 1# 1$ 1(
#4044750 0)
#4046500 1)
#4046750 0! 0% 0& 0(
#4047500 0-
#4047625 0)
#4047750 0"
#4047875 1&
#4048125 0*
#4049125 1*
#4049750 1!
#4050000 0*
#4051000 1*
#4051500 0!
#4051625 1"
#4051875 0*
#4052875 1*
#4053500 1!
#4053750 0*
#4054750 1*
#4055875 1) 1-
#4056125 0! 0$ 0& 1(
#4056250 1%
#4057000 0)
#4057125 0" 0(
#4057250 1&
#4057500 0*
#4058500 1*
#4058750 1)
#4058875 0# 0&
#4059000 1"
#4059750 0)
#4060000 0" 0' 1(
#4060250 0+
#4061250 1+
#4061500 1)
#4061750 0% 0(
#4061875 1" 1# 1$ 1'
#4062500 0-
#4062625 0)
#4062750 0" 0# 0$
#4062875 1% 1&
#4063125 0*
#4064125 1*
#4064750 1!
#4065000 0*
#4066000 1*
#4066500 0!
#4066625 1"
#4066875 0*
#4067875 1*
#4068500 1!
#4068750 0*
#4069750 1*
#4070875 1) 1-
#4071125 0! 0& 1(
#4071250 1#
#4072000 0)
#4072125 0" 0# 0(
#4072250 1$ 1&
#4072500 0*
#4073500 1*
#4073750 1)
#4074000 1! 1" 1# 1(
#4074750 0)
#4076500 1)
#4076750 0! 0% 0& 0(
#4077500 0-
#4077625 0)
#4077750 0"
#4077875 0$ 1% 1&
#4078125 0*
#4079125 1*
#4079750 1!
#4080000 0*
#4081000 1*
#4081500 0!
#4081625 1"
#4081875 0*
#4082875 1*
#4083500 1!
#4083750 0*
#4084750 1*
#4085875 1) 1-
#4086125 0! 0&
#4086250 1(
#4087000 0)
#4087125 0" 0(
#4087250 1$ 1&
#4087500 0*
#4088500 1*
#4088750 1)
#4089000 1! 0# 0$ 0& 0'
#4089750 0)
#4090125 1" 1# 1$ 1&
#4090375 0+
#4091375 1+
#4091500 1)
#4091750 0! 0% 0&
#4091875 1'
#4092625 0) 0-
#4092750 0" 0#
#4092875 1% 1&
#4093125 0*
#4094125 1*
#4094750 1!
#4095000 0*
