$date Mon Aug 31 15:57:33 2026 $end
$version libsigrok 0.5.2 $end
$comment
  Acquisition with 16/16 channels at 80 MHz
$end
$timescale 100 ps $end
$scope module libsigrok $end
$var wire 1 ! A0 $end
$var wire 1 " A1 $end
$var wire 1 # A2 $end
$var wire 1 $ A3 $end
$var wire 1 % A4 $end
$var wire 1 & A5 $end
$var wire 1 ' A6 $end
$var wire 1 ( A7 $end
$var wire 1 ) RAS $end
$var wire 1 * CAS0 $end
$var wire 1 + CAS1 $end
$var wire 1 , R/W $end
$var wire 1 - VDS $end
$var wire 1 . IRQ $end
$var wire 1 / CSW $end
$var wire 1 0 CSR $end
$upscope $end
$enddefinitions $end
#0 1! 1" 1# 1$ 1% 1& 1' 0( 0) 1* 0+ 1, 1- 0. 1/ 10
#125 0! 0# 0$ 0% 0& 1+ 0- 00
#250 1! 1# 1$ 1% 1& 1( 1- 10
#2000 1)
#2250 0! 0& 0' 0(
#3000 0) 0-
#3250 0" 0$ 0%
#3500 0*
#4500 1*
#5125 1!
#5375 0*
#6375 1*
#7000 0!
#7125 1"
#7250 0*
#8250 1*
#8875 1! 00
#9125 0*
#10125 1*
#11375 1) 1-
#11625 0! 1% 1' 1(
#12375 0)
#12625 0" 0% 0' 0(
#12750 1$
#12875 0*
#14000 1*
#14125 1)
#14375 0$
#14500 1! 1&
#15250 0)
#15500 1" 1$ 1%
#15750 0+
#15875 10
#16750 1+
#17000 1)
#17250 0! 0&
#18000 0) 0-
#18250 0" 0# 0%
#18500 0*
#19625 1*
#20250 1!
#20375 0*
#21500 1*
#22000 0!
#22125 1"
#22250 0*
#23375 1*
#24000 1!
#24125 0*
#25250 1*
#26375 1) 1-
#26625 0! 0$ 1% 1' 1(
#26750 1#
#27500 0)
#27625 0" 0# 0' 0(
#27875 0*
#29000 1*
#29125 1)
#29375 0%
#29500 1! 1" 1& 1' 1(
#29625 0,
#30250 0)
#30500 0" 1$ 1% 0& 0(
#30750 0+
#31750 1+
#32000 1)
#32250 0! 1" 1# 0'
#32375 1,
#33000 0-
#33125 0)
#33250 0" 0%
#33625 0*
#34625 1*
#35250 1!
#35500 0*
#36500 1*
#37000 0!
#37125 1"
#37375 0*
#38375 1*
#39000 1!
#39250 0*
#40250 1*
#41375 1) 1-
#41625 0! 0$ 1' 1(
#41750 1%
#42500 0)
#42625 0" 0' 0(
#43000 0*
#44000 1*
#44125 1)
#44500 1! 1" 1$ 1& 1' 1(
#45250 0)
#47000 1)
#47250 0! 0& 0' 0(
#48000 0-
#48125 0)
#48250 0" 0# 0$
#48625 0*
#49625 1*
#50250 1!
#50500 0*
#51500 1*
#52000 0!
#52125 1"
#52375 0*
#53375 1*
#54000 1!
#54250 0*
#55250 1*
#56375 1) 1-
#56625 0!
#56750 1# 1' 1(
#57500 0)
#57625 0(
#57750 0" 0# 1$ 0'
#58000 0*
#59000 1*
#59250 1)
#59500 1! 1" 0$ 0% 1& 1' 1(
#59625 0,
#60250 0)
#60500 0! 0& 0(
#60625 1$ 1%
#60750 0+
#61875 1+
#62000 1)
#62250 0'
#62375 1# 1,
#63125 0) 0-
#63375 0" 0$
#63625 0*
#64625 1*
#65250 1!
#65500 0*
#66500 1*
#67000 0!
#67125 1"
#67375 0*
#68375 1*
#69000 1!
#69250 0*
#70250 1*
#71375 1)
#71500 1-
#71625 0!
#71750 1' 1(
#72500 0)
#72750 0" 1$ 0' 0(
#73000 0*
#74000 1*
#74250 1)
#74500 0$ 0%
#74625 1" 1&
#75375 0)
#75625 1! 1$ 1%
#75875 0*
#76875 1*
#77000 1)
#77250 0! 0&
#78125 0) 0-
#78375 0" 0#
#78625 0*
#79625 1*
#80250 1!
#80500 0*
#81500 1*
#82125 0! 1"
#82375 0*
#83375 1*
#84000 1!
#84250 0*
#85250 1*
#86375 1)
#86500 1-
#86625 0!
#86750 1# 0$ 1' 1(
#87500 0)
#87750 0" 0# 0% 1& 0' 0(
#88000 0*
#89000 1*
#89250 1)
#89625 1! 1" 1' 1( 0,
#90375 0)
#90500 0(
#90625 1$ 1% 0&
#90875 0+
#91875 1+
#92125 1)
#92250 0!
#92375 1# 0'
#92500 1,
#92750 00
#93125 0) 0-
#93375 0"
#93625 0*
#94625 1*
#95250 1!
#95500 0*
#96500 1*
#97125 0!
#97250 1"
#97375 0*
#98375 1*
#99000 1!
#99250 0*
#99625 10
#100250 1*
#101500 1) 1-
#101750 0! 0$ 1' 1(
#102500 0)
#102750 0" 0% 0' 0(
#102875 1&
#103000 0*
#104125 1*
#104250 1)
#104625 1! 1" 1$ 1% 1' 1(
#105375 0)
#107125 1)
#107375 0! 0& 0' 0(
#108125 0-
#108250 0)
#108375 0" 0# 0$ 0%
#108500 1&
#108625 0*
#109750 1*
#110375 1!
#110625 0*
#111625 1*
#112125 0!
#112250 1"
#112500 0*
#113500 1*
#114125 1!
#114375 0*
#115375 1*
#116500 1) 1-
#116750 0! 0& 1' 1(
#116875 1# 1%
#117625 0)
#117750 0" 0# 0% 0' 0(
#117875 1$ 1&
#118125 0*
#119125 1*
#119250 1)
#119500 0$
#119625 1! 1" 1' 1(
#119750 0,
#120375 0)
#120625 0! 0" 1# 1$ 1% 0& 0(
#120875 0+
#121875 1+
#122125 1)
#122375 0'
#122500 1" 1,
#123250 0) 0-
#123375 0" 0$ 0%
#123500 1&
#123750 0*
#124750 1*
#125375 1!
#125625 0*
#126625 1*
#127125 0!
#127250 1"
#127500 0*
#128500 1*
#129125 1!
#129375 0*
#130375 1*
#131500 1) 1-
#131750 0! 0& 1(
#131875 1% 1'
#132625 0)
#132750 0% 0' 0(
#132875 0" 1$ 1&
#133125 0*
#134125 1*
#134375 1)
#134500 0$
#134625 1! 1"
#135375 0)
#135750 1$ 1%
#135875 0+
#137000 1+
#137125 1)
#137375 0! 0&
#138250 0) 0-
#138375 0"
#138500 0# 0% 1&
#138750 0*
#139750 1*
#140375 1!
#140625 0*
#141625 1*
#142125 0!
#142250 1"
#142500 0*
#143500 1*
#144125 1!
#144375 0*
#145375 1*
#146500 1)
#146625 1-
#146750 0! 0$ 0&
#146875 1# 1% 1' 1(
#147625 0)
#147750 0(
#147875 0" 0# 1& 0'
#148125 0*
#149125 1*
#149375 1)
#149625 1! 1" 0% 1' 1(
#149750 0,
#150500 0)
#150625 0" 0& 0(
#150750 1# 1$ 1%
#151000 0+
#152000 1+
#152125 1)
#152375 0! 0'
#152500 1" 1,
#153250 0) 0-
#153500 0" 0% 1&
#153750 0*
#154750 1*
#155375 1!
#155625 0*
#156625 1*
#157125 0!
#157250 1"
#157500 0*
#158500 1*
#159125 1!
#159375 0*
#160375 1*
#161500 1)
#161625 1-
#161750 0! 0$ 0&
#161875 1% 1' 1(
#162625 0)
#162875 0" 1& 0' 0(
#163125 0*
#164125 1*
#164375 1)
#164625 1! 1' 1(
#164750 1" 1$
#165500 0)
#167125 1)
#167375 0! 0' 0(
#167500 0&
#168250 0) 0-
#168500 0" 0# 0$ 1&
#168750 0*
#169750 1*
#170375 1!
#170625 0*
#171625 1*
#172250 0! 1"
#172500 0*
#173500 1*
#174125 1!
#174375 0*
#175375 1*
#176500 1) 00
#176625 1-
#176750 0! 0&
#176875 1# 1' 1(
#177625 0)
#177875 0" 0# 1$ 1& 0' 0(
#178125 0*
#179125 1*
#179375 1)
#179625 1! 0$ 0% 1' 1(
#179750 1" 0,
#180500 0)
#180625 0! 0& 0(
#180750 1# 1$ 1%
#181000 0+
#182000 1+
#182125 1)
#182375 0'
#182625 1,
#183250 0) 0-
#183500 0" 0$ 1& 10
#183750 0*
#184750 1*
#185375 1!
#185625 0*
#186625 1*
#187250 0! 1"
#187500 0*
#188500 1*
#189125 1!
#189375 0*
#190375 1*
#191500 1)
#191625 1-
#191750 0! 0&
#191875 1' 1(
#192625 0)
#192875 0" 1$ 1& 0' 0(
#193125 0*
#194125 1*
#194375 1)
#194625 0# 0%
#195500 0)
#195750 1! 1" 1# 1%
#196000 0*
#197000 1*
#197125 1)
#197375 0! 0&
#198250 0) 0-
#198500 0" 0# 1&
#198750 0*
#199750 1*
#200375 1!
#200625 0*
#201625 1*
#202250 0! 1"
#202500 0*
#203500 1*
#204125 1!
#204375 0*
#205375 1*
#206500 1)
#206625 1-
#206750 0!
#206875 1# 0$ 0& 1' 1(
#207625 0)
#207875 0" 0# 0% 0(
#208125 0*
#209125 1*
#209375 1)
#209625 1(
#209750 1! 1" 1& 0,
#210500 0)
#210625 0& 0(
#210750 1# 1$ 1%
#211000 0+
#212000 1+
#212125 1)
#212375 0!
#212500 0'
#212625 1,
#213250 0) 0-
#213500 0" 1&
#213750 0*
#214750 1*
#215375 1!
#215625 0*
#216625 1*
#217250 0! 1"
#217500 0*
#218500 1*
#219125 1!
#219375 0*
#220375 1*
#221500 1)
#221625 1-
#221750 0! 0&
#221875 0$ 1' 1(
#222625 0)
#222875 0" 0% 0(
#223125 0*
#224125 1*
#224375 1)
#224625 1(
#224750 1! 1" 1$ 1% 1&
#225500 0)
#227125 1)
#227375 0! 0& 0(
#227500 0'
#228250 0) 0-
#228500 0" 0# 0$ 0% 1'
#228750 0*
#229750 1*
#230375 1!
#230625 0*
#231625 1*
#232250 0! 1"
#232500 0*
#233500 1*
#234125 1!
#234375 0*
#235375 1*
#236500 1)
#236625 1-
#236750 0!
#236875 1# 1% 1(
#237625 0)
#237875 0" 0# 1$ 0% 0(
#238125 0*
#239125 1*
#239375 1)
#239625 1! 1" 0$ 1& 1(
#239750 0,
#240500 0)
#240625 0! 0" 0(
#241000 0+
#242000 1+
#242125 1)
#242375 0& 0'
#242500 1" 1# 1$ 1% 1,
#243250 0) 0-
#243500 0" 0$ 0% 1'
#243750 0*
#244750 1*
#245375 1!
#245625 0*
#246625 1*
#247125 0!
#247250 1"
#247500 0*
#248500 1*
#249125 1!
#249375 0*
#250375 1*
#251500 1)
#251625 1-
#251750 0!
#251875 1% 1(
#252625 0)
#252750 0(
#252875 0" 1$ 0%
#253125 0*
#254125 1*
#254375 1)
#254625 1! 0# 1& 0'
#255375 0)
#255750 1" 1# 1%
#256000 0+
#257000 1+
#257125 1)
#257375 0! 0&
#258250 0) 0-
#258375 0" 0#
#258500 0% 1'
#258750 0*
#259750 1*
#260375 1! 00
#260625 0*
#261625 1*
#262125 0!
#262250 1"
#262500 0*
#263500 1*
#264125 1!
#264375 0*
#265375 1*
#266500 1) 1-
#266750 0! 0$ 1(
#266875 1# 1%
#267375 10
#267625 0)
#267750 0# 0(
#267875 0"
#268125 0*
#269125 1*
#269250 1)
#269500 0%
#269625 1! 1" 1& 1(
#269750 0,
#270375 0)
#270625 0" 0(
#270875 0+
#271875 1+
#272125 1)
#272375 0! 0& 0'
#272500 1" 1# 1$ 1% 1,
#273250 0) 0-
#273375 0" 0%
#273500 1'
#273750 0*
#274750 1*
#275375 1!
#275625 0*
#276625 1*
#277125 0!
#277250 1"
#277500 0*
#278500 1*
#279125 1!
#279375 0*
#280375 1*
#281500 1) 1-
#281750 0! 0$ 1(
#281875 1%
#282625 0)
#282750 0" 0(
#283125 0*
#284125 1*
#284250 1)
#284625 1! 1" 1$ 1& 1(
#285375 0)
#287125 1)
#287375 0! 0& 0' 0(
#288125 0-
#288250 0)
#288375 0" 0# 0$
#288500 1'
#288750 0*
#289750 1*
#290375 1!
#290625 0*
#291625 1*
#292125 0!
#292250 1"
#292500 0*
#293500 1*
#294125 1!
#294375 0*
#295375 1*
#296500 1) 1-
#296750 0! 1# 1(
#297625 0)
#297750 0" 0# 0(
#297875 1$
#298000 0*
#299125 1*
#299250 1)
#299500 0$ 0%
#299625 1! 1" 1& 1( 0,
#300375 0)
#300625 0! 0(
#300875 0+
#301875 1+
#302125 1)
#302375 1# 1$ 1% 0& 0'
#302500 1,
#303125 0-
#303250 0)
#303375 0" 0$
#303500 1'
#303625 0*
#304750 1*
#305375 1!
#305500 0*
#306625 1*
#307125 0!
#307250 1"
#307375 0*
#308500 1*
#309000 1!
#309250 0*
#310375 1*
#311500 1) 1-
#311750 0! 1(
#312500 0)
#312750 0" 0(
#312875 1$
#313000 0*
#314000 1*
#314250 1)
#314500 0# 0% 0'
#314625 1" 1&
#315375 0)
#315625 1! 1# 1%
#315875 0*
#316875 1*
#317125 1)
#317250 0!
#317375 0&
#318125 0) 0-
#318375 0" 0#
#318500 1'
#318625 0*
#319625 1*
#320250 1!
#320500 0*
#321500 1*
#322125 0!
#322250 1"
#322375 0*
#323375 1*
#324000 1!
#324250 0*
#325250 1*
#326500 1) 1-
#326625 0!
#326750 1# 0$ 1(
#327500 0)
#327750 0" 0# 0% 1& 0(
#328000 0*
#329000 1*
#329250 1)
#329625 1! 1" 1( 0,
#330375 0)
#330500 0(
#330875 0+
#331875 1+
#332000 1)
#332250 0!
#332375 1# 1$ 1% 0& 0'
#332500 1,
#333125 0) 0-
#333375 0" 1'
#333625 0*
#334625 1*
#335250 1!
#335500 0*
#336500 1*
#337125 0! 1"
#337375 0*
#338375 1*
#339000 1!
#339250 0*
#340250 1*
#341375 1)
#341500 1-
#341625 0!
#341750 0$ 1(
#342500 0)
#342750 0" 0% 1& 0(
#343000 0*
#344000 1*
#344250 1) 00
#344500 1(
#344625 1! 1" 1$ 1%
#345375 0)
#347000 1)
#347375 0! 0& 0' 0(
#348125 0) 0-
#348375 0" 0# 0$ 0% 1& 1'
#348625 0*
#349625 1*
#350250 1!
#350500 0*
#351250 10
#351500 1*
#352125 0! 1"
#352375 0*
#353375 1*
#354000 1!
#354250 0*
#355250 1*
#356375 1)
#356500 1-
#356625 0! 0&
#356750 1# 1% 1(
#357500 0)
#357750 0" 0# 1$ 0% 1& 0(
#358000 0*
#359000 1*
#359250 1)
#359500 1! 1" 0$ 1(
#359625 0,
#360375 0)
#360500 0! 0" 0(
#360625 1#
#360875 0+
#361875 1+
#362000 1)
#362250 0& 0'
#362375 1" 1$ 1%
#362500 1,
#363125 0) 0-
#363375 0" 0$ 0% 1& 1'
#363625 0*
#364625 1*
#365250 1!
#365500 0*
#366500 1*
#367125 0! 1"
#367375 0*
#368375 1*
#369000 1!
#369250 0*
#370250 1*
#371375 1)
#371500 1-
#371625 0! 0&
#371750 1% 1(
#372500 0)
#372750 0" 1$ 0% 1& 0(
#373000 0*
#374000 1*
#374250 1)
#374500 1! 1" 0# 0'
#375375 0)
#375625 1# 1%
#375875 0+
#376875 1+
#377000 1)
#377250 0! 0&
#378125 0) 0-
#378375 0" 0# 0% 1& 1'
#378625 0*
#379625 1*
#380250 1!
#380500 0*
#381500 1*
#382000 0!
#382125 1"
#382375 0*
#383375 1*
#384000 1!
#384250 0*
#385250 1*
#386375 1)
#386500 1-
#386625 0! 0$ 0&
#386750 1# 1% 1(
#387500 0)
#387750 0" 0# 1& 0(
#388000 0*
#389000 1*
#389250 1)
#389500 1! 1" 0% 1(
#389625 0,
#390375 0)
#390500 0" 0(
#390625 1#
#390875 0+
#391875 1+
#392000 1)
#392250 0! 0& 0'
#392375 1" 1$ 1% 1,
#393125 0) 0-
#393375 0" 0% 1& 1'
#393625 0*
#394625 1*
#395250 1!
#395500 0*
#396500 1*
#397000 0!
#397125 1"
#397375 0*
#398375 1*
#399000 1!
#399250 0*
#400250 1*
#401375 1)
#401500 1-
#401625 0! 0$ 0&
#401750 1% 1(
#402500 0)
#402750 0" 1& 0(
#403000 0*
#404000 1*
#404250 1)
#404500 1! 1" 1(
#404625 1$
#405375 0)
#407000 1)
#407250 0! 0& 0' 0(
#408125 0) 0-
#408375 0" 0# 0$ 1& 1'
#408625 0*
#409625 1*
#410250 1!
#410500 0*
#411500 1*
#412125 0! 1"
#412375 0*
#413375 1*
#414000 1!
#414250 0*
#415250 1*
#416375 1)
#416500 1-
#416625 0! 0&
#416750 1# 1(
#417500 0)
#417750 0" 0# 1$ 1& 0(
#418000 0*
#419000 1*
#419250 1)
#419500 1! 1" 0$ 0% 1(
#419625 0,
#420375 0)
#420500 0! 0(
#420625 1#
#420875 0+
#421875 1+
#422000 1)
#422250 0& 0'
#422375 1$ 1%
#422500 1,
#423125 0) 0-
#423375 0" 0$ 1& 1'
#423625 0*
#424625 1*
#425250 1!
#425500 0*
#426500 1*
#427125 0! 1"
#427375 0*
#428125 00
#428375 1*
#429000 1!
#429250 0*
#430250 1*
#431375 1)
#431500 1-
#431625 0! 0&
#431750 1(
#432500 0)
#432750 0" 1$ 1& 0(
#433000 0*
#434000 1*
#434250 1)
#434500 0% 0'
#435125 10
#435375 0)
#435625 1! 1" 1%
#435875 0*
#436875 1*
#437000 1)
#437250 0! 0&
#438125 0) 0-
#438375 0" 0# 1& 1'
#438625 0*
#439625 1*
#440250 1!
#440500 0*
#441500 1*
#442125 0! 1"
#442375 0*
#443375 1*
#444000 1!
#444250 0*
#445250 1*
#446500 1) 1-
#446750 1# 1(
#447500 0)
#448000 0+
#449000 1+
#449250 1)
#449500 0# 0$ 0%
#449625 0,
#450375 0)
#450500 0(
#450625 1#
#450875 0+
#451875 1+
#452125 1)
#452375 0! 1$ 1% 0& 0'
#452500 1,
#453125 0) 0-
#453375 0" 1'
#453500 1&
#453625 0*
#454625 1*
#455250 1!
#455500 0*
#456500 1*
#457125 0!
#457250 1"
#457375 0*
#458375 1*
#459000 1!
#459250 0*
#460250 1*
#461500 1) 1-
#461750 0! 0$ 0& 1(
#462500 0)
#462750 0" 0# 0(
#463000 0*
#464125 1*
#464750 1!
#464875 0*
#466000 1*
#466500 0!
#466625 1"
#466750 0*
#467625 1)
#467750 1*
#467875 1# 1(
#468625 0)
#468875 0" 0(
#469125 0*
#470125 1*
#470750 1!
#471000 0*
#472000 1*
#472625 0! 1"
#472875 0*
#473625 1)
#473875 0# 0% 1*
#474000 1! 1& 1(
#474125 0,
#474750 0)
#475000 0! 0" 1$ 0(
#475250 0+
#476250 1+
#476500 1)
#476750 0& 1(
#476875 1" 1% 1,
#477625 0)
#477750 0" 0% 0'
#477875 1#
#478125 0*
#479125 1*
#479750 1%
#480000 0*
#481000 1*
#481125 1)
#481375 0$
#481500 1! 1'
#482250 0)
#482500 0! 1$ 0% 0(
#482750 0*
#483750 1*
#484000 1)
#484250 0# 1(
#484375 1" 1%
#485125 0)
#485250 0" 0% 0'
#485375 1# 1&
#485625 0*
#486625 1*
#487250 1%
#487500 0*
#488500 1*
#488625 1)
#488875 0&
#489000 1! 0$ 1'
#489750 0)
#490000 0! 1$ 0(
#490250 0*
#491250 1*
#491500 1)
#491750 0$ 1(
#491875 1"
#492625 0)
#492750 0" 0# 0(
#492875 1$
#493125 0*
#494125 1*
#494750 1!
#495000 0*
#496000 1*
#496500 0!
#496625 1"
#496875 0*
#497625 1)
#497875 0$ 1*
#498000 1# 1(
#498750 0)
#498875 0" 0(
#499000 1$
#499250 0*
#500250 1*
#500875 1!
#501125 0*
#502125 1*
#502625 0!
#502750 1"
#503000 0*
#504125 1)
#504375 0# 0$ 0% 1*
#504500 1! 1& 1(
#504625 0,
#505250 0)
#505500 0" 1$ 0(
#505750 0+
#506750 1+
#507000 1)
#507250 0! 0& 1(
#507375 1" 1% 1,
#508125 0)
#508250 0" 0%
#508375 1#
#508625 0*
#509625 1*
#510250 1%
#510500 0*
#511500 1*
#511625 1)
#512000 1! 0$ 00
#512750 0)
#513000 0! 1$ 0% 1& 0(
#513250 0*
#514250 1*
#514500 1)
#514750 0# 0& 1(
#514875 1" 1%
#515625 0)
#515750 0" 0%
#515875 1# 1&
#516125 0*
#517125 1*
#517750 1%
#518000 0*
#518875 10
#519000 1*
#519250 1)
#519500 1! 0$ 0&
#520250 0)
#520500 0! 1& 0(
#520625 1$
#520750 0*
#521750 1*
#522000 1)
#522250 0$ 0&
#522375 1" 1(
#523125 0)
#523250 0(
#523375 0" 0# 0% 0'
#523625 0*
#524625 1*
#525250 1!
#525500 0*
#526500 1*
#527000 0!
#527125 1"
#527375 0*
#528125 1)
#528375 1*
#528500 1# 1% 1' 1(
#529250 0)
#529375 0# 0% 0' 0(
#529500 0"
#529750 0*
#530750 1*
#531375 1!
#531625 0*
#532625 1*
#533125 0!
#533250 1"
#533500 0*
#534250 1)
#534500 1! 1' 1( 1*
#534625 1& 0,
#535375 0)
#535500 0! 0(
#535625 1$
#535875 0+
#536875 1+
#537000 1)
#537250 0" 0&
#537375 1% 1(
#537500 1,
#538125 0)
#538375 1# 0% 0' 0(
#538625 0*
#539625 1*
#540250 1%
#540500 0*
#541500 1*
#541750 1)
#542000 0$ 1' 1(
#542875 0)
#543000 0% 0' 0(
#543125 1$
#543375 0*
#544375 1*
#544500 1)
#544750 0#
#544875 1% 1' 1(
#545625 0)
#545875 1# 0% 0' 0(
#546125 0*
#547125 1*
#547750 1%
#548000 0*
#549000 1*
#549250 1)
#549500 0$ 1(
#549625 1'
#550375 0)
#550500 0% 0' 0(
#550625 1$
#550875 0*
#551875 1*
#552000 1)
#552250 0$
#552375 1" 1% 1' 1(
#553125 0)
#553375 0" 0# 0% 0' 0(
#553625 0*
#554625 1*
#555250 1!
#555500 0*
#556500 1*
#557125 0!
#557250 1"
#557375 0*
#558125 1)
#558375 1*
#558500 1# 1% 1' 1(
#559250 0)
#559500 0" 0# 0% 0' 0(
#559750 0*
#560750 1*
#561375 1!
#561625 0*
#562625 1*
#563250 0! 1"
#563500 0*
#564250 1)
#564500 1*
#564625 1! 1& 1' 1( 0,
#565375 0)
#565500 0(
#565625 1$
#565875 0+
#566875 1+
#567125 1)
#567375 0! 0" 1% 0& 1(
#567500 1,
#568125 0)
#568375 0% 0' 0(
#568500 1#
#568625 0*
#569625 1*
#570375 1%
#570500 0*
#571625 1*
#571750 1)
#572000 0$
#572125 1' 1(
#572875 0)
#573000 0(
#573125 1$ 0% 0'
#573375 0*
#574375 1*
#574625 1)
#574875 0# 1% 1' 1(
#575750 0)
#575875 0% 0' 0(
#576000 1#
#576125 0*
#577250 1*
#577875 1%
#578000 0*
#579125 1*
#579250 1)
#579500 0$
#579625 1' 1(
#580375 0)
#580625 1$ 0% 0' 0(
#580875 0*
#581875 1*
#582125 1)
#595750 00
#597375 1! 0# 0$ 1' 1(
#597500 1" 1& 0,
#598250 0)
#598375 0! 0" 0(
#598500 1# 1$
#598750 0+
#599750 1+
#599875 1)
#601125 1! 1(
#601250 1" 1% 1,
#602000 0)
#602750 10
#603625 1)
#606750 0! 0$ 0&
#607625 0)
#607750 0" 0# 0% 0' 0(
#608125 0*
#609125 1*
#609250 1)
#609625 1! 1" 1# 1$ 1% 1& 1' 1(
#610375 0)
#612125 1)
#613250 0)
#613750 0+
#614750 1+
#615625 0+
#616625 1+
#617500 0+
#618500 1+
#619375 0+
#620375 1+
#621500 1)
#621750 0! 0$ 0&
#622625 0)
#622750 0" 0% 0' 0(
#623125 0*
#624125 1*
#624250 1)
#624500 0#
#624625 1! 1" 1& 1' 1(
#624750 0,
#625375 0)
#625625 0" 1# 1$ 0(
#625875 0+
#626875 1+
#627125 1)
#627375 0! 0& 0'
#627500 1" 1% 1,
#628250 0) 0-
#628375 0" 0# 0$ 0%
#628500 1(
#628750 0*
#629750 1*
#630375 1!
#630625 0*
#631625 1*
#632125 0!
#632250 1"
#632500 0*
#633500 1*
#634125 1!
#634375 0*
#635375 1*
#636500 1) 1-
#636750 0! 1'
#636875 1# 1%
#637625 0)
#637750 0" 0# 0% 0' 0(
#637875 1$
#638125 0*
#639125 1*
#639250 1)
#639625 1! 1" 1# 1% 1& 1' 1(
#640375 0)
#642125 1)
#642375 0! 0& 0' 0(
#643125 0-
#643250 0)
#643375 0" 0$ 0%
#643500 1(
#643750 0*
#644750 1*
#645375 1!
#645625 0*
#646625 1*
#647125 0!
#647250 1"
#647500 0*
#648500 1*
#649125 1!
#649375 0*
#650375 1*
#651500 1) 1-
#651750 0! 1'
#651875 1%
#652625 0)
#652750 0" 0% 0' 0(
#652875 1$
#653125 0*
#654125 1*
#654250 1)
#654625 1! 1&
#655375 0)
#655625 1" 1%
#655875 0+
#656875 1+
#657125 1)
#657375 0! 0&
#658125 0-
#658250 0)
#658375 0" 0# 0%
#658500 1(
#658750 0*
#659750 1*
#660375 1!
#660625 0*
#661625 1*
#662125 0!
#662250 1"
#662500 0*
#663500 1*
#664125 1!
#664375 0*
#665375 1*
#666500 1) 1-
#666750 0! 0$ 1'
#666875 1# 1%
#667625 0)
#667750 0" 0# 0' 0(
#668125 0*
#669125 1*
#669250 1)
#669500 0%
#669625 1! 1" 1& 1' 1(
#669750 0,
#670375 0)
#670625 0! 1# 1$ 0(
#670875 0+
#671875 1+
#672125 1)
#672375 1% 0& 0'
#672500 1,
#673125 0-
#673250 0)
#673375 0" 0%
#673500 1(
#673750 0*
#674750 1*
#675375 1!
#675625 0*
#676625 1*
#677125 0!
#677250 1"
#677375 0*
#678500 1*
#679125 1!
#679250 0*
#679625 00
#680375 1*
#681500 1) 1-
#681750 0! 0$ 1% 1'
#682625 0)
#682750 0" 0' 0(
#683000 0*
#684125 1*
#684250 1)
#684625 1! 1" 1$ 1& 1' 1(
#685375 0)
#686625 10
#687125 1)
#687375 0! 0& 0' 0(
#688125 0) 0-
#688375 0" 0# 0$ 1(
#688625 0*
#689750 1*
#690375 1!
#690500 0*
#691500 1*
#692125 0!
#692250 1"
#692375 0*
#693375 1*
#694000 1!
#694250 0*
#695250 1*
#696500 1) 1-
#696750 0! 1# 1'
#697500 0)
#697750 0" 0# 0' 0(
#697875 1$
#698000 0*
#699000 1*
#699250 1)
#699500 0$ 0%
#699625 1! 1" 1& 1' 1( 0,
#700375 0)
#700500 0(
#700625 1# 1$
#700875 0+
#701875 1+
#702125 1)
#702375 0! 1% 0& 0'
#702500 1,
#703125 0) 0-
#703375 0" 0$ 1(
#703625 0*
#704625 1*
#705250 1!
#705500 0*
#706500 1*
#707125 0! 1"
#707375 0*
#708375 1*
#709000 1!
#709250 0*
#710250 1*
#711500 1) 1-
#711625 0!
#711750 1'
#712500 0)
#712750 0" 1$ 0' 0(
#713000 0*
#714000 1*
#714250 1)
#714500 0%
#714625 1" 1&
#715375 0)
#715625 1! 1%
#715875 0*
#716875 1*
#717000 1)
#717250 0!
#717375 0&
#718125 0) 0-
#718375 0" 0# 1(
#718625 0*
#719625 1*
#720250 1!
#720500 0*
#721500 1*
#722125 0! 1"
#722375 0*
#723375 1*
#724000 1!
#724250 0*
#725250 1*
#726375 1)
#726500 1-
#726625 0!
#726750 1# 0$ 1'
#727500 0)
#727750 0" 0# 0% 1& 0' 0(
#728000 0*
#729000 1*
#729250 1)
#729500 1' 1(
#729625 1! 1" 0,
#730375 0)
#730500 0! 0" 0(
#730625 1%
#730875 0+
#731875 1+
#732000 1)
#732250 0& 0'
#732375 1" 1# 1$
#732500 1,
#733125 0) 0-
#733375 0" 1(
#733625 0*
#734625 1*
#735250 1!
#735500 0*
#736500 1*
#737125 0! 1"
#737375 0*
#738375 1*
#739000 1!
#739250 0*
#740250 1*
#741375 1)
#741500 1-
#741625 0! 0$
#741750 1'
#742500 0)
#742750 0" 0% 1& 0' 0(
#743000 0*
#744000 1*
#744250 1)
#744500 1! 1% 1' 1(
#744625 1" 1$
#745375 0)
#747000 1)
#747250 0! 0& 0' 0(
#748125 0) 0-
#748375 0" 0# 0$ 0% 1& 1(
#748625 0*
#749625 1*
#750250 1!
#750500 0*
#751500 1*
#752000 0!
#752125 1"
#752375 0*
#753375 1*
#754000 1!
#754250 0*
#755250 1*
#756375 1)
#756500 1-
#756625 0! 0&
#756750 1# 1% 1'
#757500 0)
#757750 0" 0# 1$ 0% 1& 0' 0(
#758000 0*
#759000 1*
#759250 1)
#759500 1! 1" 0$ 1' 1(
#759625 0,
#760250 0)
#760500 0" 0(
#760625 1%
#760750 0+
#761875 1+
#762000 1)
#762250 0! 0& 0'
#762375 1" 1# 1$ 1,
#763125 0) 0-
#763250 0"
#763375 0$ 0% 1& 1(
#763500 00
#763625 0*
#764625 1*
#765250 1!
#765500 0*
#766500 1*
#767000 0!
#767125 1"
#767375 0*
#768375 1*
#769000 1!
#769250 0*
#770250 1*
#770500 10
#771375 1) 1-
#771625 0! 0&
#771750 1% 1'
#772500 0)
#772625 0% 0'
#772750 0" 1$ 1& 0(
#773000 0*
#774000 1*
#774250 1)
#774500 1! 1"
#775250 0)
#775500 1%
#775750 0+
#776750 1+
#777000 1)
#777250 0! 0&
#778125 0) 0-
#778250 0" 0%
#778375 0# 1& 1(
#778625 0*
#779625 1*
#780250 1!
#780500 0*
#781500 1*
#782000 0!
#782125 1"
#782375 0*
#783375 1*
#784000 1!
#784250 0*
#785250 1*
#786375 1) 1-
#786625 0! 0$ 0& 1'
#786750 1# 1%
#787500 0)
#787625 0" 0# 0' 0(
#787750 1&
#788000 0*
#789000 1*
#789125 1)
#789375 0%
#789500 1! 1" 1' 1(
#789625 0,
#790250 0)
#790500 0! 1% 0(
#790750 0+
#791750 1+
#792000 1)
#792250 0& 0'
#792375 1# 1$ 1,
#793125 0) 0-
#793250 0" 0%
#793375 1& 1(
#793625 0*
#794625 1*
#795250 1!
#795500 0*
#796500 1*
#797000 0!
#797125 1"
#797375 0*
#798375 1*
#799000 1!
#799250 0*
#800250 1*
#801375 1) 1-
#801625 0! 0$ 0& 1'
#801750 1%
#802500 0)
#802625 0" 0' 0(
#802750 1&
#803000 0*
#804000 1*
#804125 1)
#804500 1! 1" 1$ 1' 1(
#805250 0)
#807000 1)
#807250 0! 0& 0' 0(
#808000 0-
#808125 0)
#808250 0" 0# 0$
#808375 1& 1(
#808625 0*
#809625 1*
#810250 1!
#810500 0*
#811500 1*
#812000 0!
#812125 1"
#812375 0*
#813375 1*
#814000 1!
#814250 0*
#815250 1*
#816375 1) 1-
#816625 0! 0& 1'
#816750 1#
#817500 0)
#817625 0" 0# 0' 0(
#817750 1$ 1&
#818000 0*
#819000 1*
#819125 1)
#819375 0$ 0%
#819500 1! 1" 1' 1(
#819625 0,
#820250 0)
#820500 1% 0(
#820750 0+
#821750 1+
#822000 1)
#822250 0! 1# 1$ 0& 0'
#822375 1,
#823000 0-
#823125 0)
#823250 0" 0$
#823375 1& 1(
#823625 0*
#824625 1*
#825250 1!
#825500 0*
#826500 1*
#827000 0!
#827125 1"
#827375 0*
#828375 1*
#829000 1!
#829250 0*
#830250 1*
#831375 1) 1-
#831625 0! 0& 1'
#832500 0)
#832625 0" 0' 0(
#832750 1$ 1&
#833000 0*
#834000 1*
#834125 1)
#834375 0# 0$
#835250 0)
#835500 1! 1" 1# 1$
#835750 0*
#836750 1*
#837000 1)
#837250 0! 0&
#838000 0-
#838125 0)
#838250 0" 0#
#838375 1& 1(
#838625 0*
#839625 1*
#840250 1!
#840500 0*
#841500 1*
#842000 0!
#842125 1"
#842375 0*
#843375 1*
#844000 1!
#844250 0*
#845250 1*
#846375 1) 1-
#846625 0! 0$ 0& 1'
#846750 1#
#847375 00
#847500 0)
#847625 0" 0# 0% 0(
#848000 0*
#849000 1*
#849125 1)
#849500 1! 1" 1& 1(
#849625 0,
#850250 0)
#850500 0! 0" 1# 1% 0(
#850750 0+
#851750 1+
#852000 1)
#852250 0& 0'
#852375 1" 1$ 1,
#853125 0) 0-
#853250 0"
#853375 1& 1(
#853625 0*
#854250 10
#854625 1*
#855250 1!
#855500 0*
#856500 1*
#857000 0!
#857125 1"
#857375 0*
#858375 1*
#859000 1!
#859250 0*
#860250 1*
#861375 1) 1-
#861625 0! 0$ 0& 1'
#862500 0)
#862625 0" 0% 0(
#863000 0*
#864000 1*
#864250 1)
#864500 1! 1" 1$ 1% 1& 1(
#865250 0)
#867000 1)
#867250 0! 0& 0' 0(
#868125 0) 0-
#868250 0" 0$ 0%
#868375 0# 1' 1(
#868625 0*
#869625 1*
#870250 1!
#870500 0*
#871500 1*
#872000 0!
#872125 1"
#872375 0*
#873375 1*
#874000 1!
#874250 0*
#875250 1*
#876375 1) 1-
#876625 0!
#876750 1# 1%
#877500 0)
#877625 0#
#877750 0" 1$ 0% 0(
#878000 0*
#879000 1*
#879250 1)
#879500 1! 1" 0$ 1& 1(
#879625 0,
#880250 0)
#880500 0" 0(
#880625 1# 1%
#880875 0+
#881875 1+
#882000 1)
#882250 0! 0& 0'
#882375 1" 1$ 1,
#883125 0) 0-
#883375 0" 0$ 0% 1' 1(
#883625 0*
#884625 1*
#885250 1!
#885500 0*
#886500 1*
#887000 0!
#887125 1"
#887375 0*
#888375 1*
#889000 1!
#889250 0*
#890250 1*
#891375 1)
#891500 1-
#891625 0!
#891750 1%
#892500 0)
#892750 0" 1$ 0% 0(
#893000 0*
#894000 1*
#894250 1)
#894500 1! 0# 0$ 1% 1& 0'
#895375 0)
#895625 1" 1# 1$
#895875 0+
#896875 1+
#897000 1)
#897250 0! 0&
#898125 0) 0-
#898375 0" 0# 0% 1' 1(
#898625 0*
#899625 1*
#900250 1!
#900500 0*
#901500 1*
#902125 0! 1"
#902375 0*
#903375 1*
#904000 1!
#904250 0*
#905250 1*
#906375 1)
#906500 1-
#906625 0!
#906750 1# 0$ 1%
#907500 0)
#907750 0" 0# 0(
#908000 0*
#909000 1*
#909250 1)
#909500 0% 1(
#909625 1! 1" 1& 0,
#910375 0)
#910500 0! 0(
#910625 1# 1%
#910875 0+
#911875 1+
#912000 1)
#912250 0&
#912375 1$ 0'
#912500 1,
#913125 0) 0-
#913375 0" 0% 1' 1(
#913625 0*
#914625 1*
#915250 1!
#915500 0*
#916500 1*
#917125 0! 1"
#917375 0*
#918375 1*
#919000 1!
#919250 0*
#920250 1*
#921500 1) 1-
#921625 0!
#921750 0$ 1%
#922500 0)
#922750 0" 0(
#923000 0*
#924000 1*
#924250 1)
#924625 1! 1" 1$ 1& 1(
#925375 0)
#927125 1)
#927375 0! 0& 0' 0(
#928125 0) 0-
#928375 0" 0# 0$ 1' 1(
#928625 0*
#929625 1*
#930375 1!
#930500 0*
#931250 00
#931500 1*
#932125 0!
#932250 1"
#932375 0*
#933500 1*
#934125 1!
#934250 0*
#935375 1*
#936500 1) 1-
#936750 0! 1#
#937625 0)
#937750 0" 0# 0(
#937875 1$
#938000 0*
#938125 10
#939125 1*
#939250 1)
#939500 0$ 0%
#939625 1! 1" 1& 1( 0,
#940375 0)
#940625 1# 1% 0(
#940875 0+
#941875 1+
#942125 1)
#942375 0! 1$ 0& 0'
#942500 1,
#943125 0-
#943250 0)
#943375 0" 0$
#943500 1' 1(
#943750 0*
#944750 1*
#945375 1!
#945625 0*
#946625 1*
#947125 0!
#947250 1"
#947500 0*
#948500 1*
#949125 1!
#949375 0*
#950375 1*
#951500 1) 1-
#951750 0!
#952625 0)
#952750 0" 0(
#952875 1$
#953125 0*
#954125 1*
#954250 1)
#954500 0# 0$ 0'
#954625 1" 1&
#955375 0)
#955625 1! 1# 1$
#955875 0*
#956875 1*
#957125 1)
#957375 0! 0&
#958125 0-
#958250 0)
#958375 0" 0#
#958500 1' 1(
#958750 0*
#959750 1*
#960375 1!
#960625 0*
#961625 1*
#962125 0!
#962250 1"
#962500 0*
#963500 1*
#964125 1!
#964375 0*
#965375 1*
#966500 1) 1-
#966750 0! 0$
#966875 1#
#967625 0)
#967750 0#
#967875 0" 0% 1& 0(
#968125 0*
#969125 1*
#969375 1)
#969625 1! 1" 1(
#969750 0,
#970375 0)
#970625 0! 0" 0(
#970750 1$ 1%
#970875 0+
#972000 1+
#972125 1)
#972375 0& 0'
#972500 1" 1# 1,
#973250 0) 0-
#973375 0"
#973500 1' 1(
#973750 0*
#974750 1*
#975375 1!
#975625 0*
#976625 1*
#977125 0!
#977250 1"
#977500 0*
#978500 1*
#979125 1!
#979375 0*
#980375 1*
#981500 1)
#981625 1-
#981750 0! 0$
#982625 0)
#982875 0" 0% 1& 0(
#983125 0*
#984125 1*
#984375 1)
#984625 1! 1(
#984750 1" 1$ 1%
#985500 0)
#987125 1)
#987375 0! 0& 0(
#987500 0'
#988250 0) 0-
#988500 0" 0# 0$ 0% 1& 1' 1(
#988750 0*
#989750 1*
#990375 1!
#990625 0*
#991625 1*
#992250 0! 1"
#992500 0*
#993500 1*
#994125 1!
#994375 0*
#995375 1*
#996500 1)
#996625 1-
#996750 0! 0&
#996875 1# 1%
#997625 0)
#997875 0" 0# 1$ 0% 1& 0(
#998125 0*
#999125 1*
#999375 1)
#999625 0$ 1(
#999750 1! 1" 0,
#1000500 0)
#1000625 0" 0(
#1000750 1$ 1%
#1001000 0+
#1002000 1+
#1002125 1)
#1002375 0!
#1002500 1" 1# 0& 0'
#1002625 1,
#1003250 0) 0-
#1003500 0" 0$ 0% 1& 1' 1(
#1003750 0*
#1004750 1*
#1005375 1!
#1005625 0*
#1006625 1*
#1007250 0! 1"
#1007500 0*
#1008500 1*
#1009125 1!
#1009375 0*
#1010375 1*
#1011625 1) 1-
#1011750 0!
#1011875 1% 0&
#1012625 0)
#1012875 0" 0% 1& 0(
#1013000 1$
#1013125 0*
#1014125 1*
#1014375 1)
#1014625 0# 0$ 0'
#1014750 1! 1" 1%
#1015000 00
#1015500 0)
#1015750 1# 1$
#1016000 0+
#1017000 1+
#1017250 1)
#1017500 0! 0&
#1018250 0) 0-
#1018500 0" 0# 0% 1' 1(
#1018625 1&
#1018750 0*
#1019750 1*
#1020375 1!
#1020625 0*
#1021625 1*
#1022000 10
#1022250 0!
#1022375 1"
#1022500 0*
#1023500 1*
#1024125 1!
#1024375 0*
#1025375 1*
#1026625 1) 1-
#1026875 0! 1# 0$ 1% 0&
#1027625 0)
#1027875 0" 0# 0(
#1028000 1&
#1028125 0*
#1029125 1*
#1029375 1)
#1029625 0%
#1029750 1! 1" 1( 0,
#1030500 0)
#1030625 0!
#1030750 1$ 1% 0(
#1031000 0+
#1032000 1+
#1032250 1)
#1032500 1# 0& 0'
#1032625 1,
#1033250 0) 0-
#1033500 0" 0%
#1033625 1& 1' 1(
#1033750 0*
#1034875 1*
#1035500 1!
#1035625 0*
#1036750 1*
#1037250 0!
#1037375 1"
#1037500 0*
#1038625 1*
#1039125 1!
#1039375 0*
#1040500 1*
#1041625 1) 1-
#1041875 0! 0$ 1% 0&
#1042625 0)
#1042875 0" 0(
#1043000 1&
#1043125 0*
#1044250 1*
#1044375 1)
#1044750 1! 1" 1$ 1(
#1045500 0)
#1047250 1)
#1047500 0! 0& 0' 0(
#1048250 0) 0-
#1048500 0" 0# 0$
#1048625 1& 1' 1(
#1048750 0*
#1049875 1*
#1050500 1!
#1050625 0*
#1051750 1*
#1052250 0!
#1052375 1"
#1052500 0*
#1053625 1*
#1054250 1!
#1054375 0*
#1055500 1*
#1056625 1) 1-
#1056875 0! 1# 0&
#1057750 0)
#1057875 0" 0# 0(
#1058000 1$ 1&
#1058125 0*
#1059250 1*
#1059375 1)
#1059625 0$ 0%
#1059750 1! 1" 1( 0,
#1060500 0)
#1060750 1$ 1% 0(
#1061000 0+
#1062000 1+
#1062250 1)
#1062500 0! 1# 0& 0'
#1062625 1,
#1063250 0-
#1063375 0)
#1063500 0" 0$
#1063625 1& 1' 1(
#1063875 0*
#1064875 1*
#1065500 1!
#1065625 0*
#1066750 1*
#1067250 0!
#1067375 1"
#1067500 0*
#1068625 1*
#1069250 1!
#1069375 0*
#1070500 1*
#1071625 1) 1-
#1071875 0! 0&
#1072750 0)
#1072875 0" 0(
#1073000 1$ 1&
#1073125 0*
#1074250 1*
#1074375 1)
#1074625 0$ 0'
#1075500 0)
#1075750 1! 1" 1$
#1076000 0*
#1077000 1*
#1077250 1)
#1077500 0! 0&
#1078250 0) 0-
#1078500 0" 0#
#1078625 1& 1' 1(
#1078750 0*
#1079875 1*
#1080500 1!
#1080625 0*
#1081750 1*
#1082250 0!
#1082375 1"
#1082500 0*
#1083625 1*
#1084125 1!
#1084375 0*
#1085500 1*
#1086625 1) 1-
#1086875 1#
#1087625 0)
#1088250 0+
#1089250 1+
#1089375 1)
#1089625 0# 0$ 0%
#1089750 0,
#1090500 0)
#1090750 0! 0" 1# 1$ 1% 0(
#1091000 0+
#1092000 1+
#1092250 1)
#1092500 1" 0& 0'
#1092625 1,
#1093250 0) 0-
#1093500 0"
#1093625 1& 1' 1(
#1093750 0*
#1094750 1*
#1095500 1!
#1095625 0*
#1096625 1*
#1097250 0!
#1097375 1"
#1097500 0*
#1098500 1*
#1098875 00
#1099125 1!
#1099375 0*
#1100375 1*
#1101625 1) 1-
#1101875 0! 0$ 0&
#1102625 0)
#1102875 0" 0# 0(
#1103125 0*
#1104125 1*
#1104750 1!
#1105000 0*
#1105875 10
#1106000 1*
#1106625 0!
#1106750 1"
#1106875 0*
#1107625 1)
#1107875 1*
#1108000 1# 1(
#1108750 0)
#1109000 0" 0(
#1109250 0*
#1110250 1*
#1110875 1!
#1111125 0*
#1112125 1*
#1112625 0!
#1112750 1"
#1113000 0*
#1113750 1)
#1114000 0# 0% 1*
#1114125 1! 1& 1( 0,
#1114875 0)
#1115000 0(
#1115125 0" 1# 1$ 1%
#1115375 0+
#1116375 1+
#1116500 1)
#1116750 0! 0#
#1116875 1" 0& 1(
#1117000 1,
#1117625 0)
#1117875 1! 0" 1# 0% 0'
#1118125 0*
#1119125 1*
#1119750 1%
#1120000 0*
#1121000 1*
#1121250 1)
#1121500 0$
#1121625 1'
#1122375 0)
#1122500 0% 0(
#1122625 1$
#1122875 0*
#1123875 1*
#1124000 1)
#1124250 0!
#1124375 1" 0# 1% 1(
#1125125 0)
#1125375 1! 0" 1# 0% 1& 0'
#1125625 0*
#1126625 1*
#1127250 1%
#1127500 0*
#1128500 1*
#1128750 1)
#1129000 0$ 0& 1'
#1129875 0)
#1130000 0(
#1130125 1$
#1130375 0*
#1131375 1*
#1131500 1)
#1131750 0! 0$
#1131875 1" 1(
#1132625 0)
#1132875 0" 0# 1$ 0(
#1133125 0*
#1134125 1*
#1134750 1!
#1135000 0*
#1136000 1*
#1136625 0! 1"
#1136875 0*
#1137625 1)
#1137875 0$ 1*
#1138000 1# 1(
#1138750 0)
#1138875 0(
#1139000 0" 1$
#1139250 0*
#1140250 1*
#1140875 1!
#1141125 0*
#1142125 1*
#1142625 0!
#1142750 1"
#1143000 0*
#1144250 1)
#1144375 1*
#1144500 1! 0# 0$ 0% 1& 1(
#1144625 0,
#1145250 0)
#1145500 0! 1# 1$ 1% 0(
#1145750 0+
#1146750 1+
#1147000 1)
#1147250 0# 0& 1(
#1147375 1,
#1148125 0)
#1148250 0" 0%
#1148375 1! 1#
#1148625 0*
#1149625 1*
#1150250 1%
#1150500 0*
#1151500 1*
#1151625 1)
#1152000 0$
#1152750 0)
#1153000 1$ 0% 1& 0(
#1153250 0*
#1154250 1*
#1154500 1)
#1154750 0! 0# 0& 1(
#1154875 1" 1%
#1155625 0)
#1155750 0" 0%
#1155875 1! 1# 1&
#1156125 0*
#1157125 1*
#1157750 1%
#1158000 0*
#1159000 1*
#1159125 1)
#1159375 0&
#1159500 0$
#1160250 0)
#1160500 1$ 1& 0(
#1160750 0*
#1161750 1*
#1162000 1)
#1162250 0! 0$ 0& 1(
#1162375 1"
#1163125 0)
#1163250 0" 0# 0% 0' 0(
#1163625 0*
#1164625 1*
#1165250 1!
#1165500 0*
#1166500 1*
#1167000 0!
#1167125 1"
#1167375 0*
#1168125 1)
#1168375 1' 1( 1*
#1168500 1# 1%
#1169125 0)
#1169375 0" 0# 0% 0' 0(
#1169625 0*
#1170625 1*
#1171250 1!
#1171500 0*
#1172500 1*
#1173125 0!
#1173250 1"
#1173375 0*
#1174125 1)
#1174375 1*
#1174500 1! 1& 1' 1(
#1174625 0,
#1175250 0)
#1175500 1# 1$ 1% 0(
#1175750 0+
#1176750 1+
#1177000 1)
#1177250 0! 0" 0# 0& 1(
#1177375 1,
#1178125 0)
#1178250 0% 0' 0(
#1178375 1! 1#
#1178625 0*
#1179625 1*
#1180250 1%
#1180375 0*
#1181500 1*
#1181625 1)
#1181875 0! 0$
#1182000 1' 1(
#1182750 0) 00
#1183000 1! 1$ 0% 0' 0(
#1183250 0*
#1184250 1*
#1184500 1)
#1184750 0! 0# 1% 1' 1(
#1185500 0)
#1185750 0% 0' 0(
#1185875 1! 1#
#1186000 0*
#1187125 1*
#1187750 1%
#1187875 0*
#1188875 1*
#1189125 1)
#1189375 0! 0$
#1189500 1' 1(
#1189750 10
#1190250 0)
#1190375 0(
#1190500 1! 1$ 0% 0'
#1190750 0*
#1191750 1*
#1192000 1)
#1192125 0!
#1192250 1" 0$ 1% 1' 1(
#1193000 0)
#1193250 0" 0# 0% 0' 0(
#1193500 0*
#1194500 1*
#1195125 1!
#1195375 0*
#1196375 1*
#1197000 0!
#1197125 1"
#1197250 0*
#1198000 1)
#1198250 1*
#1198375 1# 1% 1' 1(
#1199125 0)
#1199375 0" 0# 0% 0' 0(
#1199625 0*
#1200625 1*
#1201250 1!
#1201500 0*
#1202500 1*
#1203000 0!
#1203125 1"
#1203375 0*
#1204125 1)
#1204375 1*
#1204500 1! 1# 1$ 1% 1& 1' 1(
#1205250 0)
#1206875 1)
#1207250 0! 0" 0# 0&
#1208000 0)
#1208250 1! 1# 0% 0' 0(
#1208500 0*
#1209500 1*
#1210125 1%
#1210375 0*
#1211375 1*
#1211625 1)
#1211875 0! 0$ 1(
#1212000 1'
#1212750 0)
#1212875 0% 0' 0(
#1213000 1! 1$
#1213250 0*
#1214250 1*
#1214375 1)
#1214625 0! 0#
#1214750 1% 1' 1(
#1215500 0)
#1215750 1! 1# 0% 0' 0(
#1216000 0*
#1217000 1*
#1217625 1%
#1217875 0*
#1218875 1*
#1219125 1)
#1219375 0! 0$ 1(
#1219500 1'
#1220250 0)
#1220375 0% 0' 0(
#1220500 1! 1$
#1220750 0*
#1221750 1*
#1221875 1)
#1237125 0# 0$
#1237250 1" 1& 1' 1(
#1237375 0,
#1238000 0)
#1238250 0! 0" 0& 0'
#1238500 0+
#1239500 1+
#1239750 1)
#1241000 1! 1" 1# 1$ 1% 1& 1'
#1241125 1,
#1241750 0)
#1243500 1)
#1246500 0! 0$ 0&
#1247375 0)
#1247625 0" 0# 0% 0' 0(
#1247875 0*
#1248875 1*
#1249125 1)
#1249375 1(
#1249500 1! 1" 1# 1$ 1% 1& 1'
#1250250 0)
#1251875 1)
#1253000 0)
#1253500 0+
#1254500 1+
#1255375 0+
#1256375 1+
#1257250 0+
#1258250 1+
#1259125 0+
#1260125 1+
#1261250 1)
#1261500 0! 0&
#1261625 0$
#1262375 0)
#1262625 0" 0% 0' 0(
#1262875 0*
#1263875 1*
#1264125 1)
#1264375 1! 0# 1' 1(
#1264500 1" 1& 0,
#1265250 0)
#1265375 0" 0& 0'
#1265750 0+
#1266625 00
#1266750 1+
#1266875 1)
#1267125 0(
#1267250 1" 1# 1$ 1%
#1267375 1,
#1268000 0) 0-
#1268250 0! 0" 0# 0$ 0%
#1268500 0*
#1269500 1*
#1270125 1!
#1270375 0*
#1271375 1*
#1272000 0! 1"
#1272250 0*
#1273250 1*
#1273500 10
#1273875 1!
#1274125 0*
#1275125 1*
#1276250 1)
#1276375 1-
#1276500 0!
#1276625 1# 1% 1' 1(
#1277375 0)
#1277625 0" 0# 1$ 0% 0' 0(
#1277875 0*
#1278875 1*
#1279125 1)
#1279375 1(
#1279500 1! 1" 1# 1% 1& 1'
#1280250 0)
#1281875 1)
#1282125 0& 0' 0(
#1283000 0) 0-
#1283250 0! 0" 0$ 0%
#1283500 0*
#1284500 1*
#1285125 1!
#1285375 0*
#1286375 1*
#1287000 0! 1"
#1287250 0*
#1288250 1*
#1288875 1!
#1289125 0*
#1290125 1*
#1291250 1)
#1291375 1-
#1291500 0!
#1291625 1% 1' 1(
#1292375 0)
#1292625 0" 1$ 0% 0' 0(
#1292875 0*
#1293875 1*
#1294125 1)
#1294375 0$
#1294500 1! 1% 1&
#1295250 0)
#1295500 1" 1$
#1295750 0+
#1296750 1+
#1296875 1)
#1297125 0&
#1298000 0) 0-
#1298250 0! 0" 0# 0%
#1298500 0*
#1299500 1*
#1300125 1!
#1300375 0*
#1301375 1*
#1302000 0! 1"
#1302250 0*
#1303250 1*
#1303875 1!
#1304125 0*
#1305125 1*
#1306375 1) 1-
#1306500 0!
#1306625 1# 0$ 1% 1' 1(
#1307375 0)
#1307625 0" 0# 0' 0(
#1307875 0*
#1308875 1*
#1309125 1)
#1309375 0%
#1309500 1! 1" 1& 1' 1( 0,
#1310250 0)
#1310375 0! 0&
#1310500 0'
#1310750 0+
#1311750 1+
#1312000 1)
#1312250 1! 1# 1$ 1% 0(
#1312375 1,
#1313000 0) 0-
#1313250 0! 0" 0%
#1313500 0*
#1314500 1*
#1315125 1!
#1315375 0*
#1316375 1*
#1317000 0!
#1317125 1"
#1317250 0*
#1318250 1*
#1318875 1!
#1319125 0*
#1320250 1*
#1321375 1) 1-
#1321625 0! 0$ 1% 1' 1(
#1322375 0)
#1322625 0" 0' 0(
#1322875 0*
#1324000 1*
#1324125 1)
#1324500 1! 1" 1$ 1& 1' 1(
#1325250 0)
#1327000 1)
#1327250 0& 0' 0(
#1328000 0-
#1328125 0)
#1328250 0! 0" 0# 0$
#1328500 0*
#1329625 1*
#1330250 1!
#1330500 0*
#1331500 1*
#1332000 0!
#1332125 1"
#1332375 0*
#1333375 1*
#1334000 1!
#1334250 0*
#1335250 1*
#1336375 1) 1-
#1336625 0! 1' 1(
#1336750 1#
#1337500 0)
#1337625 0" 0# 0' 0(
#1337750 1$
#1338000 0*
#1339000 1*
#1339125 1)
#1339375 0$ 0%
#1339500 1! 1" 1& 1' 1(
#1339625 0,
#1340250 0)
#1340500 0& 0'
#1340750 0+
#1341750 1+
#1342000 1)
#1342250 1$ 0(
#1342375 1# 1% 1,
#1343125 0) 0-
#1343250 0! 0" 0$
#1343625 0*
#1344625 1*
#1345250 1!
#1345500 0*
#1346500 1*
#1347000 0!
#1347125 1"
#1347375 0*
#1348375 1*
#1349000 1!
#1349250 0*
#1350250 1*
#1350375 00
#1351375 1) 1-
#1351625 0! 1' 1(
#1352500 0)
#1352625 0' 0(
#1352750 0" 1$
#1353000 0*
#1354000 1*
#1354250 1)
#1354500 1" 0$ 1&
#1355250 0)
#1355500 1!
#1355625 1$
#1355750 0*
#1356750 1*
#1357000 1)
#1357250 0&
#1357375 10
#1358125 0) 0-
#1358250 0! 0"
#1358375 0#
#1358625 0*
#1359625 1*
#1360250 1!
#1360500 0*
#1361500 1*
#1362000 0!
#1362125 1"
#1362375 0*
#1363375 1*
#1364000 1!
#1364250 0*
#1365250 1*
#1366375 1)
#1366500 1-
#1366625 0! 0$
#1366750 1# 1' 1(
#1367500 0)
#1367750 0" 0# 0% 1& 0' 0(
#1368000 0*
#1369000 1*
#1369250 1)
#1369500 1! 1" 1' 1(
#1369625 0,
#1370375 0)
#1370500 0! 0" 0& 0'
#1370625 1#
#1370875 0+
#1371875 1+
#1372000 1)
#1372250 0(
#1372375 1! 1" 1$ 1% 1,
#1373125 0) 0-
#1373250 0!
#1373375 0"
#1373625 0*
#1374625 1*
#1375250 1!
#1375500 0*
#1376500 1*
#1377125 0! 1"
#1377375 0*
#1378375 1*
#1379000 1!
#1379250 0*
#1380250 1*
#1381375 1)
#1381500 1-
#1381625 0!
#1381750 0$ 1' 1(
#1382500 0)
#1382750 0" 0% 1& 0' 0(
#1383000 0*
#1384000 1*
#1384250 1)
#1384500 1(
#1384625 1! 1" 1$ 1% 1'
#1385375 0)
#1387000 1)
#1387375 0& 0' 0(
#1388125 0) 0-
#1388375 0! 0" 0# 0$ 0% 1&
#1388625 0*
#1389625 1*
#1390250 1!
#1390500 0*
#1391500 1*
#1392125 0!
#1392250 1"
#1392375 0*
#1393375 1*
#1394000 1!
#1394250 0*
#1395250 1*
#1396500 1) 1-
#1396625 0!
#1396750 1# 1% 0& 1' 1(
#1397500 0)
#1397750 0" 0# 0% 1& 0' 0(
#1397875 1$
#1398000 0*
#1399000 1*
#1399250 1)
#1399500 0$
#1399625 1! 1" 1' 1( 0,
#1400375 0)
#1400625 0" 1# 0& 0'
#1400875 0+
#1401875 1+
#1402125 1)
#1402375 1" 1$ 1% 0(
#1402500 1,
#1403125 0) 0-
#1403375 0! 0" 0$ 0%
#1403500 1&
#1403625 0*
#1404750 1*
#1405375 1!
#1405500 0*
#1406625 1*
#1407125 0!
#1407250 1"
#1407375 0*
#1408500 1*
#1409125 1!
#1409250 0*
#1410375 1*
#1411500 1) 1-
#1411750 0! 1% 0& 1' 1(
#1412625 0)
#1412750 0" 0% 0' 0(
#1412875 1$ 1&
#1413000 0*
#1414125 1*
#1414250 1)
#1414500 0$
#1414625 1! 1" 1%
#1415375 0)
#1415625 1$
#1415875 0+
#1416875 1+
#1417125 1)
#1417375 0&
#1418125 0-
#1418250 0)
#1418375 0! 0" 0# 0%
#1418500 1&
#1418750 0*
#1419750 1*
#1420375 1!
#1420625 0*
#1421625 1*
#1422125 0!
#1422250 1"
#1422500 0*
#1423500 1*
#1424125 1!
#1424375 0*
#1425375 1*
#1426500 1) 1-
#1426750 0! 0$ 0& 1' 1(
#1426875 1# 1%
#1427625 0)
#1427750 0" 0# 0' 0(
#1427875 1&
#1428125 0*
#1429125 1*
#1429250 1)
#1429500 0%
#1429625 1! 1" 1' 1(
#1429750 0,
#1430375 0)
#1430625 0! 1# 0& 0'
#1430875 0+
#1431875 1+
#1432125 1)
#1432375 1! 0(
#1432500 1$ 1% 1,
#1433250 0) 0-
#1433375 0! 0" 0%
#1433500 1&
#1433750 0*
#1434250 00
#1434750 1*
#1435375 1!
#1435625 0*
#1436625 1*
#1437125 0!
#1437250 1"
#1437500 0*
#1438500 1*
#1439125 1!
#1439375 0*
#1440375 1*
#1441250 10
#1441500 1) 1-
#1441750 0! 0$ 0& 1(
#1441875 1% 1'
#1442625 0)
#1442750 0' 0(
#1442875 0" 1&
#1443125 0*
#1444125 1*
#1444375 1)
#1444625 1! 1" 1$ 1' 1(
#1445375 0)
#1447125 1)
#1447375 0& 0' 0(
#1448250 0) 0-
#1448375 0! 0"
#1448500 0# 0$ 1&
#1448750 0*
#1449750 1*
#1450375 1!
#1450625 0*
#1451625 1*
#1452125 0!
#1452250 1"
#1452500 0*
#1453500 1*
#1454125 1!
#1454375 0*
#1455375 1*
#1456500 1)
#1456625 1-
#1456750 0! 0&
#1456875 1# 1' 1(
#1457625 0)
#1457750 0(
#1457875 0" 0# 1$ 1& 0'
#1458125 0*
#1459125 1*
#1459375 1)
#1459625 1! 1" 0$ 0% 1' 1(
#1459750 0,
#1460500 0)
#1460625 0& 0'
#1460750 1#
#1461000 0+
#1462000 1+
#1462125 1)
#1462375 0(
#1462500 1$ 1% 1,
#1463250 0) 0-
#1463500 0! 0" 0$ 1&
#1463750 0*
#1464750 1*
#1465375 1!
#1465625 0*
#1466625 1*
#1467125 0!
#1467250 1"
#1467500 0*
#1468500 1*
#1469125 1!
#1469375 0*
#1470375 1*
#1471500 1)
#1471625 1-
#1471750 0! 0&
#1471875 1' 1(
#1472625 0)
#1472875 0" 1$ 1& 0' 0(
#1473125 0*
#1474125 1*
#1474375 1)
#1474625 0#
#1475500 0)
#1475750 1! 1" 1#
#1476000 0*
#1477000 1*
#1477125 1)
#1477375 0&
#1478250 0) 0-
#1478500 0! 0" 0# 1&
#1478750 0*
#1479750 1*
#1480375 1!
#1480625 0*
#1481625 1*
#1482250 0! 1"
#1482500 0*
#1483500 1*
#1484125 1!
#1484375 0*
#1485375 1*
#1486500 1)
#1486625 1-
#1486750 0! 0$ 0&
#1486875 1# 1' 1(
#1487625 0)
#1487875 0" 0# 0% 0(
#1488125 0*
#1489125 1*
#1489375 1)
#1489625 1! 1" 1& 1(
#1489750 0,
#1490500 0)
#1490625 0! 0" 0& 0'
#1490750 1$
#1491000 0+
#1492000 1+
#1492125 1)
#1492375 0(
#1492500 1! 1" 1# 1% 1,
#1493250 0) 0-
#1493375 0!
#1493500 0" 1&
#1493750 0*
#1494750 1*
#1495375 1!
#1495625 0*
#1496625 1*
#1497250 0! 1"
#1497500 0*
#1498500 1*
#1499125 1!
#1499375 0*
#1500375 1*
#1501500 1)
#1501625 1-
#1501750 0! 0&
#1501875 0$ 1' 1(
#1502625 0)
#1502875 0" 0% 0(
#1503125 0*
#1504125 1*
#1504375 1)
#1504625 1! 1% 1& 1(
#1504750 1" 1$
#1505500 0)
#1507125 1)
#1507375 0& 0' 0(
#1508250 0) 0-
#1508500 0! 0" 0# 0$ 0% 1'
#1508750 0*
#1509750 1*
#1510375 1!
#1510625 0*
#1511625 1*
#1512125 0!
#1512250 1"
#1512500 0*
#1513500 1*
#1514125 1!
#1514375 0*
#1515375 1*
#1516500 1)
#1516625 1-
#1516750 0!
#1516875 1# 1% 1(
#1517625 0)
#1517875 0" 0# 1$ 0% 0(
#1518125 0* 00
#1519125 1*
#1519375 1)
#1519625 1! 1" 0$ 1& 1(
#1519750 0,
#1520375 0)
#1520625 0" 0& 0'
#1520750 1$
#1521000 0+
#1522000 1+
#1522125 1)
#1522375 0(
#1522500 1" 1# 1% 1,
#1523250 0) 0-
#1523500 0! 0" 0$ 0% 1'
#1523750 0*
#1524750 1*
#1525125 10
#1525375 1!
#1525625 0*
#1526625 1*
#1527125 0!
#1527250 1"
#1527500 0*
#1528500 1*
#1529125 1!
#1529375 0*
#1530375 1*
#1531500 1) 1-
#1531750 0!
#1531875 1% 1(
#1532625 0)
#1532750 0% 0(
#1532875 0" 1$
#1533125 0*
#1534125 1*
#1534375 1)
#1534625 1! 0# 1% 1& 0'
#1535375 0)
#1535750 1" 1#
#1536000 0+
#1537000 1+
#1537125 1)
#1537375 0&
#1538250 0) 0-
#1538375 0! 0" 0#
#1538500 0% 1'
#1538750 0*
#1539750 1*
#1540375 1!
#1540625 0*
#1541625 1*
#1542125 0!
#1542250 1"
#1542500 0*
#1543500 1*
#1544125 1!
#1544375 0*
#1545375 1*
#1546500 1) 1-
#1546750 0! 0$ 1(
#1546875 1# 1%
#1547625 0)
#1547750 0" 0# 0(
#1548125 0*
#1549125 1*
#1549250 1)
#1549500 0%
#1549625 1! 1" 1& 1(
#1549750 0,
#1550375 0)
#1550625 0! 0& 0'
#1550750 1$
#1550875 0+
#1551875 1+
#1552125 1)
#1552375 1! 0(
#1552500 1# 1% 1,
#1553250 0) 0-
#1553375 0! 0" 0%
#1553500 1'
#1553750 0*
#1554750 1*
#1555375 1!
#1555625 0*
#1556625 1*
#1557125 0!
#1557250 1"
#1557500 0*
#1558500 1*
#1559125 1!
#1559375 0*
#1560375 1*
#1561500 1) 1-
#1561750 0! 0$ 1(
#1561875 1%
#1562625 0)
#1562750 0" 0(
#1563125 0*
#1564125 1*
#1564250 1)
#1564625 1! 1" 1$ 1& 1(
#1565375 0)
#1567125 1)
#1567375 0& 0' 0(
#1568125 0-
#1568250 0)
#1568375 0! 0" 0# 0$
#1568500 1'
#1568625 0*
#1569750 1*
#1570375 1!
#1570625 0*
#1571625 1*
#1572125 0!
#1572250 1"
#1572500 0*
#1573500 1*
#1574125 1!
#1574375 0*
#1575375 1*
#1576500 1) 1-
#1576750 0! 1# 1(
#1577625 0)
#1577750 0" 0# 0(
#1577875 1$
#1578000 0*
#1579125 1*
#1579250 1)
#1579500 0$ 0%
#1579625 1! 1" 1& 1( 0,
#1580375 0)
#1580625 1$ 0& 0'
#1580875 0+
#1581875 1+
#1582125 1)
#1582375 1# 1% 0(
#1582500 1,
#1583125 0) 0-
#1583375 0! 0" 0$
#1583500 1'
#1583625 0*
#1584750 1*
#1585375 1!
#1585500 0*
#1586500 1*
#1587125 0!
#1587250 1"
#1587375 0*
#1588375 1*
#1589000 1!
#1589250 0*
#1590250 1*
#1591500 1) 1-
#1591625 0!
#1591750 1(
#1592500 0)
#1592750 0" 0(
#1592875 1$
#1593000 0*
#1594000 1*
#1594250 1)
#1594500 0# 0'
#1594625 1" 1&
#1595375 0)
#1595625 1! 1#
#1595875 0*
#1596875 1*
#1597125 1)
#1597375 0&
#1598125 0) 0-
#1598375 0! 0" 0# 1'
#1598625 0*
#1599625 1*
#1600250 1!
#1600500 0*
#1601500 1*
#1602000 00
#1602125 0!
#1602250 1"
#1602375 0*
#1603375 1*
#1604000 1!
#1604250 0*
#1605250 1*
#1606500 1) 1-
#1606625 0!
#1606750 1# 0$ 1(
#1607500 0)
#1607750 0" 0# 0% 1& 0(
#1608000 0*
#1608875 10
#1609000 1*
#1609250 1)
#1609500 1(
#1609625 1! 1" 0,
#1610375 0)
#1610500 0! 0" 0&
#1610625 1# 1$ 0'
#1610875 0+
#1611875 1+
#1612000 1)
#1612250 0(
#1612375 1! 1" 1%
#1612500 1,
#1613125 0) 0-
#1613375 0! 0" 1'
#1613625 0*
#1614625 1*
#1615250 1!
#1615500 0*
#1616500 1*
#1617125 0! 1"
#1617375 0*
#1618375 1*
#1619000 1!
#1619250 0*
#1620250 1*
#1621375 1)
#1621500 1-
#1621625 0!
#1621750 0$ 1(
#1622500 0)
#1622750 0" 0% 1& 0(
#1623000 0*
#1624000 1*
#1624250 1)
#1624500 1(
#1624625 1! 1" 1$ 1%
#1625375 0)
#1627000 1)
#1627250 0& 0(
#1627375 0'
#1628125 0) 0-
#1628375 0! 0" 0# 0$ 0% 1& 1'
#1628625 0*
#1629625 1*
#1630250 1!
#1630500 0*
#1631500 1*
#1632125 0! 1"
#1632375 0*
#1633375 1*
#1634000 1!
#1634250 0*
#1635250 1*
#1636375 1)
#1636500 1-
#1636625 0! 0&
#1636750 1# 1% 1(
#1637500 0)
#1637750 0" 0# 1$ 0% 1& 0(
#1638000 0*
#1639000 1*
#1639250 1)
#1639500 1! 1" 0$ 1(
#1639625 0,
#1640375 0)
#1640500 0" 0& 0'
#1640625 1# 1$
#1640875 0+
#1641875 1+
#1642000 1)
#1642250 0(
#1642375 1" 1% 1,
#1643125 0) 0-
#1643375 0! 0" 0$ 0% 1& 1'
#1643625 0*
#1644625 1*
#1645250 1!
#1645500 0*
#1646500 1*
#1647000 0!
#1647125 1"
#1647375 0*
#1648375 1*
#1649000 1!
#1649250 0*
#1650250 1*
#1651375 1)
#1651500 1-
#1651625 0! 0&
#1651750 1% 1(
#1652500 0)
#1652625 0(
#1652750 0" 1$ 0% 1&
#1653000 0*
#1654000 1*
#1654250 1)
#1654500 1! 1" 0# 1% 0'
#1655250 0)
#1655625 1#
#1655875 0+
#1656875 1+
#1657000 1)
#1657250 0&
#1658125 0) 0-
#1658250 0!
#1658375 0" 0# 0% 1& 1'
#1658625 0*
#1659625 1*
#1660250 1!
#1660500 0*
#1661500 1*
#1662000 0!
#1662125 1"
#1662375 0*
#1663375 1*
#1664000 1!
#1664250 0*
#1665250 1*
#1666375 1) 1-
#1666625 0! 0$ 0&
#1666750 1# 1% 1(
#1667500 0)
#1667625 0# 0(
#1667750 0" 1&
#1668000 0*
#1669000 1*
#1669250 1)
#1669500 1! 1" 0% 1(
#1669625 0,
#1670250 0)
#1670500 0! 0& 0'
#1670625 1# 1$
#1670750 0+
#1671875 1+
#1672000 1)
#1672250 0(
#1672375 1! 1% 1,
#1673125 0) 0-
#1673250 0! 0%
#1673375 0" 1& 1'
#1673625 0*
#1674625 1*
#1675250 1!
#1675500 0*
#1676500 1*
#1677000 0!
#1677125 1"
#1677375 0*
#1678375 1*
#1679000 1!
#1679250 0*
#1680250 1*
#1681375 1)
#1681500 1-
#1681625 0! 0$ 0& 1(
#1681750 1%
#1682500 0)
#1682625 0(
#1682750 0" 1&
#1683000 0*
#1684000 1*
#1684250 1)
#1684500 1! 1" 1$ 1(
#1685250 0)
#1685875 00
#1687000 1)
#1687250 0& 0' 0(
#1688125 0) 0-
#1688250 0! 0"
#1688375 0# 0$ 1& 1'
#1688625 0*
#1689625 1*
#1690250 1!
#1690500 0*
#1691500 1*
#1692000 0!
#1692125 1"
#1692375 0*
#1692750 10
#1693375 1*
#1694000 1!
#1694250 0*
#1695250 1*
#1696375 1) 1-
#1696625 0! 0&
#1696750 1# 1(
#1697500 0)
#1697625 0# 0(
#1697750 0" 1$ 1&
#1698000 0*
#1699000 1*
#1699250 1)
#1699500 1! 1" 0$ 0% 1(
#1699625 0,
#1700250 0)
#1700500 0& 0'
#1700625 1# 1$
#1700750 0+
#1701875 1+
#1702000 1)
#1702250 0(
#1702375 1% 1,
#1703125 0) 0-
#1703250 0!
#1703375 0" 0$ 1& 1'
#1703625 0*
#1704625 1*
#1705250 1!
#1705500 0*
#1706500 1*
#1707000 0!
#1707125 1"
#1707375 0*
#1708375 1*
#1709000 1!
#1709250 0*
#1710250 1*
#1711375 1)
#1711500 1-
#1711625 0! 0&
#1711750 1(
#1712500 0)
#1712625 0(
#1712750 0" 1$ 1&
#1713000 0*
#1714000 1*
#1714250 1)
#1714500 0'
#1715250 0)
#1715625 1! 1"
#1715750 0*
#1716875 1*
#1717000 1)
#1717250 0&
#1718125 0) 0-
#1718250 0!
#1718375 0" 0# 1& 1'
#1718625 0*
#1719625 1*
#1720250 1!
#1720500 0*
#1721500 1*
#1722000 0!
#1722125 1"
#1722375 0*
#1723375 1*
#1724000 1!
#1724250 0*
#1725250 1*
#1726375 1)
#1726500 1-
#1726750 1# 1(
#1727500 0)
#1728000 0+
#1729000 1+
#1729250 1)
#1729500 0# 0$ 0%
#1729625 0,
#1730375 0)
#1730500 0! 0" 0& 0'
#1730625 1%
#1730875 0+
#1731875 1+
#1732000 1)
#1732250 0(
#1732375 1! 1" 1# 1$
#1732500 1,
#1733125 0) 0-
#1733375 0! 0" 1& 1'
#1733625 0*
#1734625 1*
#1735250 1!
#1735500 0*
#1736500 1*
#1737125 0! 1"
#1737375 0*
#1738375 1*
#1739000 1!
#1739250 0*
#1740250 1*
#1741375 1)
#1741500 1-
#1741625 0!
#1741750 0$ 0& 1(
#1742500 0)
#1742750 0" 0# 0(
#1743000 0*
#1744000 1*
#1744625 1!
#1744875 0*
#1745875 1*
#1746500 0! 1"
#1746750 0*
#1747500 1)
#1747750 1*
#1747875 1# 1(
#1748625 0)
#1748750 0(
#1748875 0"
#1749125 0*
#1750125 1*
#1750750 1!
#1751000 0*
#1752000 1*
#1752500 0!
#1752625 1"
#1752875 0*
#1753625 1)
#1753875 0# 0% 1*
#1754000 1! 1& 1( 0,
#1754750 0)
#1754875 0&
#1755000 0" 1% 0'
#1755250 0+
#1756250 1+
#1756500 1)
#1756625 0!
#1756750 1" 1$ 1'
#1756875 1,
#1757500 0)
#1757750 0% 0'
#1757875 1#
#1758000 0*
#1759000 1*
#1759750 1%
#1759875 0*
#1760875 1*
#1761125 1)
#1761375 0" 0$
#1761500 1! 1'
#1762250 0)
#1762375 0!
#1762500 1" 1$ 0% 0(
#1762750 0*
#1763750 1*
#1764000 1)
#1764250 0# 1% 1(
#1765000 0)
#1765250 0% 0'
#1765375 1# 1&
#1765500 0*
#1766625 1*
#1767250 1%
#1767375 0*
#1768500 1*
#1768625 1)
#1768875 0" 0$ 0&
#1769000 1! 1'
#1769625 00
#1769750 0)
#1770000 0! 1" 1$ 0(
#1770250 0*
#1771250 1*
#1771500 1)
#1771750 0$ 1(
#1772625 0)
#1772750 0" 0# 0(
#1772875 1$
#1773000 0*
#1774125 1*
#1774750 1!
#1775000 0*
#1776000 1*
#1776500 0!
#1776625 1" 10
#1776875 0*
#1777625 1)
#1777875 0$ 1( 1*
#1778000 1#
#1778625 0)
#1778875 0" 1$ 0(
#1779125 0*
#1780125 1*
#1780750 1!
#1781000 0*
#1782000 1*
#1782625 0!
#1782750 1"
#1782875 0*
#1784125 1)
#1784375 0# 0$ 0% 1*
#1784500 1! 1& 1( 0,
#1785250 0)
#1785375 0!
#1785500 1% 0& 0'
#1785750 0+
#1786750 1+
#1787000 1)
#1787250 1$ 1'
#1787375 1,
#1788000 0)
#1788250 0%
#1788375 1#
#1788500 0*
#1789625 1*
#1790250 1%
#1790375 0*
#1791500 1*
#1791625 1)
#1791875 0" 0$
#1792000 1!
#1792750 0)
#1793000 0! 1" 1$ 0% 1& 0(
#1793250 0*
#1794250 1*
#1794500 1)
#1794750 0# 1% 0& 1(
#1795625 0)
#1795750 0%
#1795875 1# 1&
#1796125 0*
#1797125 1*
#1797750 1%
#1798000 0*
#1799000 1*
#1799125 1)
#1799375 0" 0$ 0&
#1799500 1!
#1800250 0)
#1800500 0! 1" 1$ 1& 0(
#1800750 0*
#1801750 1*
#1802000 1)
#1802250 0$ 0& 1(
#1803125 0)
#1803250 0" 0# 0% 0' 0(
#1803625 0*
#1804625 1*
#1805250 1!
#1805500 0*
#1806500 1*
#1807000 0!
#1807125 1"
#1807375 0*
#1808125 1)
#1808375 1( 1*
#1808500 1# 1% 1'
#1809250 0)
#1809375 0" 0# 0% 0' 0(
#1809625 0*
#1810750 1*
#1811375 1!
#1811500 0*
#1812625 1*
#1813125 0!
#1813250 1"
#1813375 0*
#1814250 1)
#1814375 1*
#1814500 1! 1& 1' 1(
#1814625 0,
#1815250 0)
#1815500 0& 0'
#1815625 1%
#1815750 0+
#1816750 1+
#1817000 1)
#1817250 0! 0"
#1817375 1$ 1' 1,
#1818125 0)
#1818250 0' 0(
#1818375 1" 1# 0%
#1818625 0*
#1819625 1*
#1820250 1%
#1820500 0*
#1821500 1*
#1821750 1)
#1822000 0" 0$ 1' 1(
#1822750 0)
#1823000 0% 0' 0(
#1823125 1" 1$
#1823250 0*
#1824250 1*
#1824500 1)
#1824750 0" 0#
#1824875 1% 1' 1(
#1825625 0)
#1825750 0' 0(
#1825875 1" 1# 0%
#1826125 0*
#1827125 1*
#1827750 1%
#1828000 0*
#1829000 1*
#1829250 1)
#1829500 0" 0$ 1' 1(
#1830250 0)
#1830500 0% 0' 0(
#1830625 1" 1$
#1830750 0*
#1831875 1*
#1832000 1)
#1832250 0$
#1832375 1% 1' 1(
#1833125 0)
#1833375 0" 0# 0% 0' 0(
#1833625 0*
#1834625 1*
#1835250 1!
#1835500 0*
#1836500 1*
#1837000 0!
#1837125 1"
#1837375 0*
#1838125 1)
#1838375 1*
#1838500 1# 1% 1' 1(
#1839250 0)
#1839375 0# 0% 0' 0(
#1839500 0"
#1839750 0*
#1840750 1*
#1841375 1!
#1841625 0*
#1842625 1*
#1843125 0!
#1843250 1"
#1843500 0*
#1844250 1)
#1844500 1! 1' 1( 1*
#1844625 1& 0,
#1845375 0)
#1845500 0! 0" 0& 0'
#1845625 1# 1%
#1845875 0+
#1846875 1+
#1847000 1)
#1847250 0#
#1847375 1$ 1'
#1847500 1,
#1848125 0)
#1848375 1" 1# 0% 0' 0(
#1848625 0*
#1849625 1*
#1850250 1%
#1850500 0*
#1851500 1*
#1851750 1)
#1852000 0" 0$ 1(
#1852125 1'
#1852875 0)
#1853000 0% 0' 0(
#1853125 1" 1$
#1853375 0*
#1853500 00
#1854375 1*
#1854500 1)
#1854750 0" 0#
#1854875 1% 1' 1(
#1855625 0)
#1855875 1" 1# 0% 0' 0(
#1856125 0*
#1857125 1*
#1857750 1%
#1858000 0*
#1859000 1*
#1859250 1)
#1859500 0" 0$ 1(
#1859625 1'
#1860375 0)
#1860500 0' 0( 10
#1860625 1" 1$ 0%
#1860875 0*
#1861875 1*
#1862000 1)
#1877375 1! 0# 0$ 1& 1' 1(
#1877500 0,
#1878125 0)
#1878375 0" 0& 0'
#1878500 1# 1%
#1878625 0+
#1879750 1+
#1879875 1)
#1881125 1" 1$ 1& 1'
#1881250 1,
#1882000 0)
#1883625 1)
#1886750 0! 0$ 0&
#1887500 0)
#1887750 0" 0# 0% 0' 0(
#1888000 0*
#1889125 1*
#1889250 1)
#1889625 1! 1" 1# 1$ 1% 1& 1' 1(
#1890375 0)
#1892125 1)
#1893250 0)
#1893750 0+
#1894750 1+
#1895625 0+
#1896625 1+
#1897500 0+
#1898500 1+
#1899375 0+
#1900375 1+
#1901500 1)
#1901750 0! 0$ 0&
#1902625 0)
#1902750 0" 0% 0' 0(
#1903125 0*
#1904125 1*
#1904250 1)
#1904500 0#
#1904625 1! 1" 1& 1' 1( 0,
#1905375 0)
#1905625 0! 1# 1% 0& 0'
#1905875 0+
#1906875 1+
#1907125 1)
#1907375 1! 1$ 0(
#1907500 1,
#1908125 0-
#1908250 0)
#1908375 0! 0" 0# 0$ 0%
#1908500 1(
#1908750 0*
#1909750 1*
#1910375 1!
#1910625 0*
#1911625 1*
#1912125 0!
#1912250 1"
#1912500 0*
#1913500 1*
#1914125 1!
#1914375 0*
#1915375 1*
#1916500 1) 1-
#1916750 0! 1% 1'
#1916875 1#
#1917625 0)
#1917750 0" 0# 0% 0' 0(
#1917875 1$
#1918000 0*
#1919125 1*
#1919250 1)
#1919625 1! 1" 1# 1% 1& 1' 1(
#1920375 0)
#1922125 1)
#1922375 0& 0' 0(
#1923125 0-
#1923250 0)
#1923375 0! 0" 0$ 0%
#1923500 1(
#1923625 0*
#1924750 1*
#1925375 1!
#1925625 0*
#1926625 1*
#1927125 0!
#1927250 1"
#1927500 0*
#1928500 1*
#1929125 1!
#1929375 0*
#1930375 1*
#1931500 1) 1-
#1931750 0! 1% 1'
#1932625 0)
#1932750 0" 0% 0' 0(
#1932875 1$
#1933000 0*
#1934125 1*
#1934250 1)
#1934625 1! 1% 1&
#1935375 0)
#1935625 1"
#1935875 0+
#1936875 1+
#1937125 1)
#1937375 0& 00
#1938125 0-
#1938250 0)
#1938375 0! 0" 0# 0%
#1938500 1(
#1938750 0*
#1939750 1*
#1940375 1!
#1940500 0*
#1941625 1*
#1942125 0!
#1942250 1"
#1942375 0*
#1943500 1*
#1944125 1!
#1944375 0* 10
#1945375 1*
#1946500 1) 1-
#1946750 0! 1# 0$ 1% 1'
#1947625 0)
#1947750 0" 0# 0' 0(
#1948000 0*
#1949125 1*
#1949250 1)
#1949500 0%
#1949625 1! 1" 1& 1' 1( 0,
#1950375 0)
#1950625 1# 1% 0& 0'
#1950875 0+
#1951875 1+
#1952125 1)
#1952375 1$ 0(
#1952500 1,
#1953125 0-
#1953250 0)
#1953375 0! 0" 0% 1(
#1953625 0*
#1954750 1*
#1955375 1!
#1955500 0*
#1956625 1*
#1957125 0!
#1957250 1"
#1957375 0*
#1958500 1*
#1959000 1!
#1959250 0*
#1960375 1*
#1961500 1) 1-
#1961750 0! 0$ 1% 1'
#1962500 0)
#1962750 0" 0' 0(
#1963000 0*
#1964125 1*
#1964250 1)
#1964625 1! 1" 1$ 1& 1' 1(
#1965375 0)
#1967125 1)
#1967375 0& 0' 0(
#1968125 0) 0-
#1968375 0! 0" 0# 0$ 1(
#1968625 0*
#1969625 1*
#1970250 1!
#1970500 0*
#1971500 1*
#1972125 0!
#1972250 1"
#1972375 0*
#1973375 1*
#1974000 1!
#1974250 0*
#1975250 1*
#1976500 1) 1-
#1976625 0!
#1976750 1# 1'
#1977500 0)
#1977750 0" 0# 0' 0(
#1977875 1$
#1978000 0*
#1979000 1*
#1979250 1)
#1979500 0$ 0%
#1979625 1! 1" 1& 1' 1( 0,
#1980375 0)
#1980500 0! 0"
#1980625 1$ 1% 0& 0'
#1980875 0+
#1981875 1+
#1982000 1)
#1982250 0(
#1982375 1! 1" 1#
#1982500 1,
#1983125 0) 0-
#1983375 0! 0" 0$ 1(
#1983625 0*
#1984625 1*
#1985250 1!
#1985500 0*
#1986500 1*
#1987125 0! 1"
#1987375 0*
#1988375 1*
#1989000 1!
#1989250 0*
#1990250 1*
#1991375 1)
#1991500 1-
#1991625 0!
#1991750 1'
#1992500 0)
#1992750 0" 1$ 0' 0(
#1993000 0*
#1994000 1*
#1994250 1)
#1994625 1" 1&
#1995375 0)
#1995625 1!
#1995875 0*
#1996875 1*
#1997000 1)
#1997250 0&
#1998125 0) 0-
#1998375 0! 0" 0# 1(
#1998625 0*
#1999625 1*
#2000250 1!
#2000500 0*
#2001500 1*
#2002125 0! 1"
#2002375 0*
#2003375 1*
#2004000 1!
#2004250 0*
#2005250 1*
#2006375 1)
#2006500 1-
#2006625 0! 0$
#2006750 1# 1'
#2007500 0)
#2007750 0" 0# 0% 1& 0' 0(
#2008000 0*
#2009000 1*
#2009250 1)
#2009500 1! 1' 1(
#2009625 1" 0,
#2010375 0)
#2010500 0" 0& 0'
#2010625 1$ 1%
#2010875 0+
#2011875 1+
#2012000 1)
#2012250 0(
#2012375 1" 1#
#2012500 1,
#2013125 0) 0-
#2013375 0! 0" 1(
#2013625 0*
#2014625 1*
#2015250 1!
#2015500 0*
#2016500 1*
#2017000 0!
#2017125 1"
#2017375 0*
#2018375 1*
#2019000 1!
#2019250 0*
#2020250 1*
#2021250 00
#2021375 1)
#2021500 1-
#2021625 0! 0$
#2021750 1'
#2022500 0)
#2022750 0" 0% 1& 0' 0(
#2023000 0*
#2024000 1*
#2024250 1)
#2024500 1! 1" 1$ 1% 1' 1(
#2025375 0)
#2027000 1)
#2027250 0& 0' 0(
#2028125 0) 0- 10
#2028375 0! 0" 0# 0$ 0% 1& 1(
#2028625 0*
#2029625 1*
#2030250 1!
#2030500 0*
#2031500 1*
#2032000 0!
#2032125 1"
#2032375 0*
#2033375 1*
#2034000 1!
#2034250 0*
#2035250 1*
#2036375 1) 1-
#2036625 0! 0&
#2036750 1# 1% 1'
#2037500 0)
#2037750 0" 0# 1$ 0% 1& 0' 0(
#2038000 0*
#2039000 1*
#2039250 1)
#2039500 1! 1" 0$ 1' 1(
#2039625 0,
#2040250 0)
#2040500 0! 1$ 0& 0'
#2040625 1%
#2040750 0+
#2041875 1+
#2042000 1)
#2042250 1! 0(
#2042375 1# 1,
#2043125 0) 0-
#2043250 0!
#2043375 0" 0$ 0% 1& 1(
#2043625 0*
#2044625 1*
#2045250 1!
#2045500 0*
#2046500 1*
#2047000 0!
#2047125 1"
#2047375 0*
#2048375 1*
#2049000 1!
#2049250 0*
#2050250 1*
#2051375 1) 1-
#2051625 0! 0& 1'
#2051750 1%
#2052500 0)
#2052625 0% 0' 0(
#2052750 0" 1$ 1&
#2053000 0*
#2054000 1*
#2054125 1)
#2054500 1! 1" 1%
#2055250 0)
#2055750 0+
#2056750 1+
#2057000 1)
#2057250 0&
#2058000 0-
#2058125 0)
#2058250 0! 0" 0# 0%
#2058375 1& 1(
#2058625 0*
#2059625 1*
#2060250 1!
#2060500 0*
#2061500 1*
#2062000 0!
#2062125 1"
#2062375 0*
#2063375 1*
#2064000 1!
#2064250 0*
#2065250 1*
#2066375 1) 1-
#2066625 0! 0$ 0& 1'
#2066750 1# 1%
#2067500 0)
#2067625 0" 0# 0' 0(
#2067750 1&
#2068000 0*
#2069000 1*
#2069125 1)
#2069375 0%
#2069500 1! 1" 1' 1(
#2069625 0,
#2070250 0)
#2070500 1$ 1% 0& 0'
#2070750 0+
#2071750 1+
#2072000 1)
#2072250 1# 0(
#2072375 1,
#2073000 0-
#2073125 0)
#2073250 0! 0" 0%
#2073375 1& 1(
#2073625 0*
#2074625 1*
#2075250 1!
#2075500 0*
#2076500 1*
#2077000 0!
#2077125 1"
#2077375 0*
#2078375 1*
#2079000 1!
#2079250 0*
#2080250 1*
#2081375 1) 1-
#2081625 0! 0$ 1% 0& 1'
#2082500 0)
#2082625 0" 0' 0(
#2082750 1&
#2083000 0*
#2084000 1*
#2084125 1)
#2084500 1! 1" 1$ 1' 1(
#2085250 0)
#2087000 1)
#2087250 0& 0' 0(
#2088000 0-
#2088125 0)
#2088250 0! 0" 0# 0$
#2088375 1& 1(
#2088500 0*
#2089625 1*
#2090250 1!
#2090500 0*
#2091500 1*
#2092000 0!
#2092125 1"
#2092375 0*
#2093375 1*
#2094000 1!
#2094250 0*
#2095250 1*
#2096375 1) 1-
#2096625 0! 1# 0& 1'
#2097500 0)
#2097625 0" 0# 0' 0(
#2097750 1$ 1&
#2097875 0*
#2099000 1*
#2099125 1)
#2099375 0$ 0%
#2099500 1! 1" 1' 1( 0,
#2100250 0)
#2100500 0! 0" 1# 1$ 1% 0& 0'
#2100750 0+
#2101750 1+
#2102000 1)
#2102250 1! 1" 0(
#2102375 1,
#2103000 0-
#2103125 0)
#2103250 0! 0" 0$
#2103375 1& 1(
#2103625 0*
#2104625 1*
#2105000 00
#2105250 1!
#2105500 0*
#2106500 1*
#2107000 0!
#2107125 1"
#2107250 0*
#2108375 1*
#2109000 1!
#2109125 0*
#2110250 1*
#2111375 1) 1-
#2111625 0! 0& 1'
#2112000 10
#2112500 0)
#2112625 0" 0' 0(
#2112750 1$ 1&
#2112875 0*
#2114000 1*
#2114125 1)
#2114375 0# 0$ 0% 0&
#2114500 1'
#2115250 0)
#2115500 1! 1" 1# 1$ 1% 1&
#2115750 0*
#2116750 1*
#2117000 1)
#2117250 0& 0'
#2118000 0-
#2118125 0)
#2118250 0! 0" 0#
#2118375 1& 1(
#2118500 0*
#2119625 1*
#2120250 1!
#2120375 0*
#2121500 1*
#2122000 0!
#2122125 1"
#2122250 0*
#2123375 1*
#2124000 1!
#2124125 0*
#2125250 1*
#2126375 1) 1-
#2126625 0! 1# 0$ 0& 1'
#2127500 0)
#2127625 0" 0# 0% 0(
#2127875 0*
#2129000 1*
#2129125 1)
#2129500 1! 1" 1& 1(
#2129625 0,
#2130250 0)
#2130500 0" 1# 1$ 1% 0& 0'
#2130750 0+
#2131750 1+
#2132000 1)
#2132250 1" 0(
#2132375 1,
#2133000 0-
#2133125 0)
#2133250 0! 0"
#2133375 1& 1(
#2133625 0*
#2134625 1*
#2135250 1!
#2135500 0*
#2136500 1*
#2137000 0!
#2137125 1"
#2137375 0*
#2138375 1*
#2139000 1!
#2139250 0*
#2140250 1*
#2141375 1) 1-
#2141625 0! 0$ 0& 1'
#2142500 0)
#2142625 0" 0% 0(
#2142875 0*
#2144000 1*
#2144125 1)
#2144500 1! 1" 1$ 1% 1& 1(
#2145250 0)
#2147000 1)
#2147250 0& 0' 0(
#2148000 0-
#2148125 0)
#2148250 0! 0" 0# 0$ 0% 1(
#2148375 1'
#2148625 0*
#2149625 1*
#2150250 1!
#2150500 0*
#2151500 1*
#2152000 0!
#2152125 1"
#2152375 0*
#2153375 1*
#2154000 1!
#2154250 0*
#2155250 1*
#2156375 1) 1-
#2156625 0!
#2156750 1# 1%
#2157500 0)
#2157625 0" 0# 0% 0(
#2157750 1$
#2158000 0*
#2159000 1*
#2159125 1)
#2159375 0$
#2159500 1! 1" 1& 1(
#2159625 0,
#2160250 0)
#2160500 0! 1# 1$ 1% 0& 0'
#2160750 0+
#2161750 1+
#2162000 1)
#2162250 1! 0(
#2162375 1,
#2163000 0-
#2163125 0)
#2163250 0! 0" 0$ 0%
#2163375 1' 1(
#2163625 0*
#2164625 1*
#2165250 1!
#2165500 0*
#2166500 1*
#2167000 0!
#2167125 1"
#2167375 0*
#2168375 1*
#2169000 1!
#2169250 0*
#2170250 1*
#2171375 1) 1-
#2171625 0!
#2171750 1%
#2172500 0)
#2172625 0% 0(
#2172750 0" 1$
#2173000 0*
#2174000 1*
#2174125 1)
#2174375 0# 0$
#2174500 1!
#2175250 0)
#2175500 1$
#2175625 1" 1# 1% 1&
#2175750 0+
#2176750 1+
#2177000 1)
#2177250 0& 0'
#2178125 0) 0-
#2178250 0! 0" 0#
#2178375 0% 1' 1(
#2178625 0*
#2179625 1*
#2180250 1!
#2180500 0*
#2181500 1*
#2182000 0!
#2182125 1"
#2182375 0*
#2183375 1*
#2184000 1!
#2184250 0*
#2185250 1*
#2186375 1)
#2186500 1-
#2186625 0! 0$
#2186750 1# 1%
#2187500 0)
#2187625 0#
#2187750 0" 0(
#2188000 0*
#2188875 00
#2189000 1*
#2189250 1)
#2189500 1! 1" 0% 1& 1(
#2189625 0,
#2190250 0)
#2190500 0& 0'
#2190625 1# 1$ 1%
#2190875 0+
#2191875 1+
#2192000 1)
#2192250 0(
#2192375 1,
#2193125 0) 0-
#2193250 0!
#2193375 0" 0% 1' 1(
#2193625 0*
#2194625 1*
#2195250 1!
#2195500 0*
#2195875 10
#2196500 1*
#2197000 0!
#2197125 1"
#2197375 0*
#2198375 1*
#2199000 1!
#2199250 0*
#2200250 1*
#2201375 1)
#2201500 1-
#2201625 0! 0$
#2201750 1%
#2202500 0)
#2202750 0" 0(
#2203000 0*
#2204000 1*
#2204250 1)
#2204500 1! 1(
#2204625 1" 1$ 1&
#2205375 0)
#2207000 1)
#2207250 0& 0' 0(
#2208125 0) 0-
#2208375 0! 0" 0# 0$ 1' 1(
#2208625 0*
#2209625 1*
#2210250 1!
#2210500 0*
#2211500 1*
#2212125 0! 1"
#2212375 0*
#2213375 1*
#2214000 1!
#2214250 0*
#2215250 1*
#2216375 1)
#2216500 1-
#2216625 0!
#2216750 1#
#2217500 0)
#2217750 0" 0# 1$ 0(
#2218000 0*
#2219000 1*
#2219250 1)
#2219500 0$ 0% 1(
#2219625 1! 1" 1& 0,
#2220375 0)
#2220500 0! 0"
#2220625 0'
#2220875 0+
#2221875 1+
#2222000 1)
#2222250 0(
#2222375 1! 1" 1# 1$ 1% 0&
#2222500 1,
#2223125 0) 0-
#2223375 0! 0" 0$ 1' 1(
#2223625 0*
#2224625 1*
#2225250 1!
#2225500 0*
#2226500 1*
#2227125 0!
#2227250 1"
#2227375 0*
#2228375 1*
#2229000 1!
#2229250 0*
#2230250 1*
#2231500 1) 1-
#2231750 0!
#2232500 0)
#2232750 0" 0(
#2232875 1$
#2233000 0*
#2234000 1*
#2234250 1)
#2234500 0# 0$ 0%
#2234625 1"
#2235375 0)
#2235625 1! 1# 1$ 1% 1&
#2235875 0*
#2236875 1*
#2237125 1)
#2237375 0& 0'
#2238125 0) 0-
#2238375 0! 0" 0#
#2238500 1' 1(
#2238625 0*
#2239750 1*
#2240375 1!
#2240500 0*
#2241625 1*
#2242125 0!
#2242250 1"
#2242375 0*
#2243500 1*
#2244125 1!
#2244375 0*
#2245375 1*
#2246500 1) 1-
#2246750 0! 1# 0$
#2247625 0)
#2247750 0" 0# 0% 0(
#2247875 1&
#2248125 0*
#2249125 1*
#2249250 1)
#2249625 1! 1" 1(
#2249750 0,
#2250375 0)
#2250625 0" 0'
#2250875 0+
#2251875 1+
#2252125 1)
#2252375 1" 0& 0(
#2252500 1# 1$ 1% 1,
#2253125 0-
#2253250 0)
#2253375 0! 0"
#2253500 1' 1(
#2253750 0*
#2254750 1*
#2255375 1!
#2255625 0*
#2256625 1*
#2257125 0!
#2257250 1"
#2257500 0*
#2258500 1*
#2259125 1!
#2259375 0*
#2260375 1*
#2261500 1) 1-
#2261750 0! 0$
#2262625 0)
#2262750 0" 0% 0(
#2262875 1&
#2263125 0*
#2264125 1*
#2264250 1)
#2264625 1! 1" 1$ 1% 1(
#2265375 0)
#2267125 1)
#2267375 0& 0' 0(
#2268250 0) 0-
#2268375 0! 0"
#2268500 0# 0$ 0% 1& 1' 1(
#2268750 0*
#2269750 1*
#2270375 1!
#2270625 0*
#2271625 1*
#2272125 0!
#2272250 1"
#2272500 0*
#2272750 00
#2273500 1*
#2274125 1!
#2274375 0*
#2275375 1*
#2276500 1)
#2276625 1-
#2276750 0! 0&
#2276875 1# 1%
#2277625 0)
#2277875 0" 0# 1$ 0% 1& 0(
#2278125 0*
#2279125 1*
#2279375 1)
#2279625 1! 1" 0$ 1(
#2279750 0, 10
#2280375 0)
#2280625 0! 0'
#2281000 0+
#2282000 1+
#2282125 1)
#2282375 0& 0(
#2282500 1! 1# 1$ 1% 1,
#2283250 0) 0-
#2283375 0!
#2283500 0" 0$ 0% 1& 1' 1(
#2283750 0*
#2284750 1*
#2285375 1!
#2285625 0*
#2286625 1*
#2287125 0!
#2287250 1"
#2287500 0*
#2288500 1*
#2289125 1!
#2289375 0*
#2290375 1*
#2291500 1)
#2291625 1-
#2291750 0! 0&
#2291875 1%
#2292625 0)
#2292875 0" 1$ 0% 1& 0(
#2293125 0*
#2294125 1*
#2294375 1)
#2294625 1! 1" 0# 0$ 0&
#2295500 0)
#2295750 1# 1$ 1% 1&
#2296000 0+
#2297000 1+
#2297125 1)
#2297375 0& 0'
#2298250 0) 0-
#2298500 0! 0" 0# 0% 1& 1' 1(
#2298750 0*
#2299750 1*
#2300375 1!
#2300625 0*
#2301625 1*
#2302250 0! 1"
#2302500 0*
#2303500 1*
#2304125 1!
#2304375 0*
#2305375 1*
#2306500 1)
#2306625 1-
#2306750 0!
#2306875 1# 0$ 1% 0&
#2307625 0)
#2307875 0" 0# 1& 0(
#2308125 0*
#2309125 1*
#2309375 1)
#2309625 0% 1(
#2309750 1! 1" 0,
#2310500 0)
#2310625 0'
#2311000 0+
#2312000 1+
#2312125 1)
#2312375 0& 0(
#2312500 1# 1$ 1%
#2312625 1,
#2313250 0) 0-
#2313500 0! 0" 0% 1& 1' 1(
#2313750 0*
#2314750 1*
#2315375 1!
#2315625 0*
#2316625 1*
#2317250 0! 1"
#2317500 0*
#2318500 1*
#2319125 1!
#2319375 0*
#2320375 1*
#2321625 1) 1-
#2321875 0! 0$ 1% 0&
#2322625 0)
#2322875 0" 1& 0(
#2323125 0*
#2324125 1*
#2324375 1)
#2324750 1! 1" 1$ 1(
#2325500 0)
#2327250 1)
#2327500 0& 0' 0(
#2328250 0) 0-
#2328500 0! 0" 0# 0$ 1& 1' 1(
#2328750 0*
#2329750 1*
#2330375 1!
#2330625 0*
#2331625 1*
#2332250 0!
#2332375 1"
#2332500 0*
#2333500 1*
#2334125 1!
#2334375 0*
#2335375 1*
#2336625 1) 1-
#2336875 0! 1# 0&
#2337625 0)
#2337875 0" 0# 1& 0(
#2338000 1$
#2338125 0*
#2339125 1*
#2339375 1)
#2339625 0$ 0%
#2339750 1! 1" 1( 0,
#2340500 0)
#2340625 0!
#2340750 0" 1# 0'
#2341000 0+
#2342000 1+
#2342250 1)
#2342500 1! 1" 1$ 1% 0& 0(
#2342625 1,
#2343250 0) 0-
#2343500 0! 0" 0$ 1' 1(
#2343625 1&
#2343750 0*
#2344750 1*
#2345375 1!
#2345625 0*
#2346625 1*
#2347250 0!
#2347375 1"
#2347500 0*
#2348500 1*
#2349125 1!
#2349375 0*
#2350375 1*
#2351625 1) 1-
#2351875 0! 0&
#2352625 0)
#2352875 0" 0(
#2353000 1$ 1&
#2353125 0*
#2354125 1*
#2354375 1)
#2354625 0$ 0% 0&
#2355500 0)
#2355750 1! 1" 1$ 1% 1&
#2356000 0*
#2356625 00
#2357000 1*
#2357250 1)
#2357500 0& 0'
#2358250 0) 0-
#2358500 0! 0" 0# 1' 1(
#2358625 1&
#2358750 0*
#2359750 1*
#2360375 1!
#2360625 0*
#2361625 1*
#2362250 0!
#2362375 1"
#2362500 0*
#2363500 1*
#2363625 10
#2364125 1!
#2364375 0*
#2365375 1*
#2366625 1) 1-
#2366875 1#
#2367625 0)
#2368250 0+
#2369250 1+
#2369375 1)
#2369625 0# 0$ 0%
#2369750 0,
#2370500 0)
#2370750 0" 1# 0'
#2371000 0+
#2372000 1+
#2372250 1)
#2372500 1" 1$ 1% 0& 0(
#2372625 1,
#2373250 0) 0-
#2373500 0! 0" 1' 1(
#2373625 1&
#2373750 0*
#2374750 1*
#2375375 1!
#2375625 0*
#2376625 1*
#2377250 0!
#2377375 1"
#2377500 0*
#2378500 1*
#2379125 1!
#2379375 0*
#2380375 1*
#2381625 1) 1-
#2381875 0! 0$ 0&
#2382625 0)
#2382875 0" 0# 0(
#2383125 0*
#2384125 1*
#2384750 1!
#2385000 0*
#2386000 1*
#2386625 0! 1"
#2386875 0*
#2387625 1)
#2387875 1*
#2388000 1# 1(
#2388750 0)
#2389000 0" 0(
#2389250 0*
#2390250 1*
#2390875 1!
#2391125 0*
#2392125 1*
#2392625 0!
#2392750 1"
#2393000 0*
#2393750 1)
#2394000 0# 0% 1( 1*
#2394125 1! 1& 0,
#2394875 0)
#2395000 0!
#2395125 1# 0'
#2395375 0+
#2396375 1+
#2396500 1)
#2396750 0# 0&
#2396875 1$ 1% 1'
#2397000 1,
#2397625 0)
#2397875 1! 1# 0% 0'
#2398125 0*
#2399125 1*
#2399750 1%
#2400000 0*
#2401000 1*
#2401250 1)
#2401500 0" 0$ 1'
#2402375 0)
#2402500 0% 0(
#2402625 1" 1$
#2402875 0*
#2403875 1*
#2404000 1)
#2404250 0! 0#
#2404375 1% 1(
#2405125 0)
#2405375 1! 1# 0% 1& 0'
#2405625 0*
#2406625 1*
#2407250 1%
#2407500 0*
#2408500 1*
#2408750 1)
#2409000 0" 0$ 0& 1'
#2409875 0)
#2410000 0(
#2410125 1" 1$
#2410375 0*
#2411375 1*
#2411500 1)
#2411750 0! 0$
#2411875 1(
#2412625 0)
#2412875 0" 0# 1$ 0(
#2413125 0*
#2414125 1*
#2414750 1!
#2415000 0*
#2416000 1*
#2416625 0! 1"
#2416875 0*
#2417625 1)
#2417875 0$ 1*
#2418000 1# 1(
#2418750 0)
#2418875 0(
#2419000 0" 1$
#2419250 0*
#2420250 1*
#2420875 1!
#2421125 0*
#2422125 1*
#2422625 0!
#2422750 1"
#2423000 0*
#2424250 1)
#2424375 0# 0$ 1*
#2424500 1! 0% 1& 1(
#2424625 0,
#2425250 0)
#2425500 1# 0'
#2425750 0+
#2426750 1+
#2427000 1)
#2427250 0! 0# 0& 1'
#2427375 1$ 1% 1,
#2428125 0)
#2428250 0%
#2428375 1! 1#
#2428625 0*
#2429625 1*
#2430250 1%
#2430500 0*
#2431500 1*
#2431625 1)
#2432000 0" 0$
#2432750 0)
#2433000 1" 1$ 0% 1& 0(
#2433250 0*
#2434250 1*
#2434500 1)
#2434750 0! 0# 0& 1(
#2434875 1%
#2435625 0)
#2435750 0%
#2435875 1! 1# 1&
#2436125 0*
#2437125 1*
#2437750 1%
#2438000 0*
#2439000 1*
#2439125 1)
#2439375 0&
#2439500 0" 0$
#2440250 0)
#2440500 1" 1$ 1& 0( 00
#2440750 0*
#2441750 1*
#2442000 1)
#2442250 0! 0$ 0& 1(
#2443125 0)
#2443250 0" 0# 0% 0' 0(
#2443625 0*
#2444625 1*
#2445250 1!
#2445500 0*
#2446500 1*
#2447000 0!
#2447125 1"
#2447375 0* 10
#2448125 1)
#2448375 1' 1( 1*
#2448500 1# 1%
#2449125 0)
#2449375 0" 0# 0% 0' 0(
#2449625 0*
#2450625 1*
#2451250 1!
#2451500 0*
#2452500 1*
#2453125 0!
#2453250 1"
#2453375 0*
#2454125 1)
#2454375 1*
#2454500 1! 1& 1' 1(
#2454625 0,
#2455250 0)
#2455500 0! 0" 1$ 0'
#2455750 0+
#2456750 1+
#2457000 1)
#2457250 1% 0& 1'
#2457375 1,
#2458125 0)
#2458250 0% 0' 0(
#2458375 1! 1" 1#
#2458500 0*
#2459625 1*
#2460250 1%
#2460375 0*
#2461500 1*
#2461625 1)
#2461875 0! 0" 0$
#2462000 1' 1(
#2462750 0)
#2463000 1! 1" 1$ 0% 0' 0(
#2463250 0*
#2464250 1*
#2464500 1)
#2464750 0! 0" 0# 1% 1' 1(
#2465500 0)
#2465750 0% 0' 0(
#2465875 1! 1" 1#
#2466000 0*
#2467000 1*
#2467750 1%
#2467875 0*
#2468875 1*
#2469125 1)
#2469375 0! 0" 0$
#2469500 1' 1(
#2470250 0)
#2470375 0(
#2470500 1! 1" 1$ 0% 0'
#2470750 0*
#2471750 1*
#2472000 1)
#2472125 0!
#2472250 0$ 1% 1' 1(
#2473000 0)
#2473250 0" 0# 0% 0' 0(
#2473500 0*
#2474500 1*
#2475125 1!
#2475375 0*
#2476375 1*
#2477000 0!
#2477125 1"
#2477250 0*
#2478000 1)
#2478250 1*
#2478375 1# 1% 1' 1(
#2479125 0)
#2479375 0" 0# 0% 0' 0(
#2479625 0*
#2480625 1*
#2481250 1!
#2481500 0*
#2482500 1*
#2483000 0!
#2483125 1"
#2483375 0*
#2484125 1)
#2484375 1*
#2484500 1! 1& 1' 1( 0,
#2485250 0)
#2485375 0'
#2485500 0" 1$
#2485750 0+
#2486750 1+
#2486875 1)
#2487125 0! 0&
#2487250 1% 1'
#2487375 1,
#2488000 0)
#2488250 1! 1" 1# 0% 0' 0(
#2488500 0*
#2489500 1*
#2490125 1%
#2490375 0*
#2491375 1*
#2491625 1)
#2491875 0! 0" 0$ 1' 1(
#2492750 0)
#2492875 0% 0' 0(
#2493000 1! 1" 1$
#2493250 0*
#2494250 1*
#2494375 1)
#2494625 0! 0" 0#
#2494750 1% 1' 1(
#2495500 0)
#2495750 1! 1" 1# 0% 0' 0(
#2496000 0*
#2497000 1*
#2497625 1%
#2497875 0*
#2498875 1*
#2499125 1)
#2499375 0! 0" 0$ 1' 1(
#2500250 0)
#2500375 0% 0' 0(
#2500500 1! 1" 1$
#2500750 0*
#2501750 1*
#2501875 1)
#2517125 0# 0$
#2517250 1& 1' 1( 0,
#2518000 0)
#2518250 0! 1$ 0'
#2518500 0+
#2519500 1+
#2519750 1)
#2521000 1! 1# 1% 1' 1,
#2521750 0)
#2523500 1)
#2524250 00
#2526500 0! 0$ 0&
#2527375 0)
#2527625 0" 0# 0% 0' 0(
#2527875 0*
#2528875 1*
#2529125 1)
#2529375 1! 1% 1& 1' 1(
#2529500 1" 1# 1$
#2530250 0)
#2531250 10
#2531875 1)
#2533000 0)
#2533500 0+
#2534500 1+
#2535375 0+
#2536375 1+
#2537250 0+
#2538250 1+
#2539125 0+
#2540125 1+
#2541250 1)
#2541500 0! 0$ 0&
#2542375 0)
#2542625 0" 0% 0' 0(
#2542875 0*
#2543875 1*
#2544125 1)
#2544375 1! 1" 0# 1& 1' 1(
#2544500 0,
#2545125 0)
#2545375 0'
#2545500 1$
#2545750 0+
#2546750 1+
#2546875 1)
#2547125 0! 0" 0$ 0(
#2547250 1,
#2548000 0) 0-
#2548250 0&
#2548500 0*
#2549500 1*
#2550125 1!
#2550375 0*
#2551375 1*
#2551875 0!
#2552000 1"
#2552250 0*
#2553250 1*
#2553875 1!
#2554125 0*
#2555125 1*
#2556250 1)
#2556375 1-
#2556500 0!
#2556625 1# 1% 1' 1(
#2557375 0)
#2557625 0" 0# 1$ 0% 0' 0(
#2557875 0*
#2558875 1*
#2559125 1)
#2559375 1! 1" 1# 1% 1& 1' 1(
#2560250 0)
#2561875 1)
#2562125 0! 0" 0# 0$ 0% 0' 0(
#2563000 0) 0-
#2563250 1# 0&
#2563500 0*
#2564500 1*
#2565125 1!
#2565375 0*
#2566375 1*
#2566875 0!
#2567000 1"
#2567250 0*
#2568250 1*
#2568875 1!
#2569125 0*
#2570125 1*
#2571250 1)
#2571375 1-
#2571500 0!
#2571625 1% 1' 1(
#2572375 0)
#2572625 0" 1$ 0% 0' 0(
#2572875 0*
#2573875 1*
#2574125 1)
#2574375 1! 0$ 1'
#2575250 0)
#2575500 1" 1$ 1% 1&
#2575750 0+
#2576750 1+
#2576875 1)
#2577125 0! 0" 0# 0$ 0% 0'
#2578000 0) 0-
#2578250 1$ 0&
#2578500 0*
#2579500 1*
#2580125 1!
#2580375 0*
#2581375 1*
#2581875 0!
#2582000 1"
#2582250 0*
#2583250 1*
#2583875 1!
#2584125 0*
#2585125 1*
#2586250 1)
#2586375 1-
#2586500 0! 0$
#2586625 1# 1% 1' 1(
#2587375 0)
#2587625 0" 0# 0' 0(
#2587875 0*
#2588875 1*
#2589125 1)
#2589375 1! 0% 1' 1(
#2589500 1" 1& 0,
#2590250 0)
#2590375 0! 0" 0'
#2590500 1# 1$
#2590750 0+
#2591750 1+
#2591875 1)
#2592125 0# 0$ 0(
#2592375 1,
#2593000 0) 0-
#2593250 1# 1$ 0&
#2593500 0*
#2594500 1*
#2595125 1!
#2595375 0*
#2596375 1*
#2597000 0! 1"
#2597250 0*
#2598250 1*
#2598875 1!
#2599125 0*
#2600125 1*
#2601250 1)
#2601375 1-
#2601500 0!
#2601625 0$ 1% 1' 1(
#2602375 0)
#2602625 0" 0' 0(
#2602875 0*
#2603875 1*
#2604125 1)
#2604500 1! 1" 1$ 1& 1' 1(
#2605250 0)
#2606875 1)
#2607250 0! 0" 0# 0$ 0% 0' 0(
#2608000 0) 0-
#2608125 00
#2608250 0&
#2608375 1%
#2608500 0*
#2609500 1*
#2610125 1!
#2610375 0*
#2611375 1*
#2612000 0!
#2612125 1"
#2612250 0*
#2613250 1*
#2613875 1!
#2614125 0*
#2615125 1* 10
#2616375 1) 1-
#2616500 0!
#2616625 1# 1' 1(
#2617375 0)
#2617625 0" 0# 0' 0(
#2617750 1$
#2617875 0*
#2618875 1*
#2619125 1)
#2619375 0$ 0%
#2619500 1! 1" 1& 1' 1( 0,
#2620250 0)
#2620500 0" 1# 1$ 0'
#2620750 0+
#2621750 1+
#2622000 1)
#2622250 0! 0# 0$ 0(
#2622375 1,
#2623000 0) 0-
#2623250 0&
#2623375 1# 1%
#2623500 0*
#2624500 1*
#2625250 1!
#2625375 0*
#2626500 1*
#2627000 0!
#2627125 1"
#2627250 0*
#2628375 1*
#2629000 1!
#2629125 0*
#2630250 1*
#2631375 1) 1-
#2631625 0! 1' 1(
#2632500 0)
#2632625 0" 0' 0(
#2632750 1$
#2632875 0*
#2634000 1*
#2634125 1)
#2634375 0$ 0%
#2634500 1" 1'
#2635250 0)
#2635500 1! 1$ 1% 1&
#2635750 0*
#2636750 1*
#2637000 1)
#2637250 0! 0" 0# 0$ 0% 0'
#2638000 0-
#2638125 0)
#2638250 0&
#2638375 1$ 1%
#2638625 0*
#2639625 1*
#2640250 1!
#2640500 0*
#2641500 1*
#2642000 0!
#2642125 1"
#2642375 0*
#2643375 1*
#2644000 1!
#2644250 0*
#2645250 1*
#2646375 1) 1-
#2646625 0! 0$ 1' 1(
#2646750 1#
#2647500 0)
#2647625 0" 0# 0% 0' 0(
#2647750 1&
#2648000 0*
#2649000 1*
#2649125 1)
#2649500 1! 1" 1' 1(
#2649625 0,
#2650250 0)
#2650500 0! 1# 1$ 0'
#2650750 0+
#2651750 1+
#2652000 1)
#2652250 0" 0# 0$ 0(
#2652375 1,
#2653125 0) 0-
#2653250 0&
#2653375 1# 1$ 1%
#2653625 0*
#2654625 1*
#2655250 1!
#2655500 0*
#2656500 1*
#2657000 0!
#2657125 1"
#2657375 0*
#2658375 1*
#2659000 1!
#2659250 0*
#2660250 1*
#2661375 1) 1-
#2661625 0! 0$ 1(
#2661750 1'
#2662500 0)
#2662625 0' 0(
#2662750 0" 0% 1&
#2663000 0*
#2664000 1*
#2664250 1)
#2664500 1! 1" 1$ 1% 1' 1(
#2665250 0)
#2667000 1)
#2667250 0! 0" 0# 0$ 0% 0'
#2667375 0(
#2668125 0) 0-
#2668625 0*
#2669625 1*
#2670250 1!
#2670500 0*
#2671500 1*
#2672000 0!
#2672125 1"
#2672375 0*
#2673375 1*
#2674000 1!
#2674250 0*
#2675250 1*
#2676375 1)
#2676500 1-
#2676625 0! 0&
#2676750 1# 1% 1' 1(
#2677500 0)
#2677750 0" 0# 1$ 0% 1& 0' 0(
#2678000 0*
#2679000 1*
#2679250 1)
#2679500 1! 0$ 1' 1(
#2679625 1" 0,
#2680375 0)
#2680500 0'
#2680625 1# 1$
#2680875 0+
#2681875 1+
#2682000 1)
#2682250 0! 0" 0# 0$
#2682375 0(
#2682500 1,
#2683125 0) 0-
#2683375 1#
#2683625 0*
#2684625 1*
#2685250 1!
#2685500 0*
#2686500 1*
#2687125 0! 1"
#2687375 0*
#2688375 1*
#2689000 1!
#2689250 0*
#2690250 1*
#2691500 1) 1-
#2691625 0!
#2691750 1% 0& 1' 1(
#2692000 00
#2692500 0)
#2692750 0" 0% 1& 0' 0(
#2692875 1$
#2693000 0*
#2694000 1*
#2694250 1)
#2694500 0$ 0&
#2694625 1! 1" 1'
#2695375 0)
#2695625 1$ 1% 1&
#2695875 0+
#2696875 1+
#2697125 1)
#2697375 0! 0" 0# 0$ 0% 0'
#2698125 0) 0-
#2698500 1$
#2698625 0*
#2699000 10
#2699625 1*
#2700250 1!
#2700500 0*
#2701500 1*
#2702125 0!
#2702250 1"
#2702375 0*
#2703375 1*
#2704000 1!
#2704250 0*
#2705250 1*
#2706500 1) 1-
#2706750 0! 1# 0$ 1% 0& 1' 1(
#2707500 0)
#2707750 0" 0# 0' 0(
#2707875 1&
#2708000 0*
#2709125 1*
#2709250 1)
#2709500 0%
#2709625 1! 1" 1' 1( 0,
#2710375 0)
#2710625 0! 0" 1% 0'
#2710875 0+
#2711875 1+
#2712125 1)
#2712375 0% 0(
#2712500 1,
#2713125 0-
#2713250 0)
#2713500 1# 1$
#2713750 0*
#2714750 1*
#2715375 1!
#2715625 0*
#2716625 1*
#2717125 0!
#2717250 1"
#2717500 0*
#2718500 1*
#2719125 1!
#2719375 0*
#2720375 1*
#2721500 1) 1-
#2721750 0! 0$ 0& 1' 1(
#2721875 1%
#2722625 0)
#2722750 0" 0' 0(
#2722875 1&
#2723125 0*
#2724125 1*
#2724250 1)
#2724625 1! 1" 1$ 1' 1(
#2725375 0)
#2727125 1)
#2727375 0! 0" 0# 0$ 0% 0' 0(
#2728125 0-
#2728250 0)
#2728500 1%
#2728750 0*
#2729750 1*
#2730375 1!
#2730625 0*
#2731625 1*
#2732125 0!
#2732250 1"
#2732500 0*
#2733500 1*
#2734125 1!
#2734375 0*
#2735375 1*
#2736500 1) 1-
#2736750 0! 0& 1' 1(
#2736875 1#
#2737625 0)
#2737750 0" 0# 0' 0(
#2737875 1$ 1&
#2738125 0*
#2739125 1*
#2739250 1)
#2739500 0$ 0%
#2739625 1! 1" 1' 1(
#2739750 0,
#2740375 0)
#2740625 0" 1% 0'
#2740875 0+
#2741875 1+
#2742125 1)
#2742375 0! 0% 0(
#2742500 1,
#2743250 0) 0-
#2743500 1# 1%
#2743750 0*
#2744750 1*
#2745375 1!
#2745625 0*
#2746625 1*
#2747125 0!
#2747250 1"
#2747500 0*
#2748500 1*
#2749125 1!
#2749375 0*
#2750375 1*
#2751500 1) 1-
#2751750 0! 0&
#2751875 1' 1(
#2752625 0)
#2752750 0' 0(
#2752875 0" 1$ 1&
#2753125 0*
#2754125 1*
#2754375 1)
#2754500 0&
#2754625 0# 0% 1'
#2755375 0)
#2755750 1! 1" 1# 1% 1&
#2755875 0*
#2756875 1*
#2757125 1)
#2757375 0! 0" 0# 0$ 0% 0'
#2758250 0) 0-
#2758500 1$ 1%
#2758750 0*
#2759750 1*
#2760375 1!
#2760625 0*
#2761625 1*
#2762125 0!
#2762250 1"
#2762500 0*
#2763500 1*
#2764125 1!
#2764375 0*
#2765375 1*
#2766500 1)
#2766625 1-
#2766750 0! 0$ 0&
#2766875 1# 1' 1(
#2767625 0)
#2767750 0(
#2767875 0" 0# 0%
#2768125 0*
#2769125 1*
#2769375 1)
#2769625 1! 1" 1& 1(
#2769750 0,
#2770375 0)
#2770625 0! 0'
#2770750 1%
#2770875 0+
#2772000 1+
#2772125 1)
#2772375 0" 0% 0(
#2772500 1,
#2773250 0) 0-
#2773500 1# 1$ 1%
#2773750 0*
#2774750 1*
#2775375 1!
#2775625 0*
#2775875 00
#2776625 1*
#2777125 0!
#2777250 1"
#2777500 0*
#2778500 1*
#2779125 1!
#2779375 0*
#2780375 1*
#2781500 1)
#2781625 1-
#2781750 0! 0$ 0& 1(
#2781875 1'
#2782625 0)
#2782750 0( 10
#2782875 0" 0%
#2783125 0*
#2784125 1*
#2784375 1)
#2784625 1! 1" 1$ 1% 1& 1(
#2785375 0)
#2787125 1)
#2787375 0! 0" 0# 0$ 0% 0' 0(
#2788250 0) 0-
#2788500 0& 1'
#2788750 0*
#2789750 1*
#2790375 1!
#2790625 0*
#2791625 1*
#2792125 0!
#2792250 1"
#2792500 0*
#2793500 1*
#2794125 1!
#2794375 0*
#2795375 1*
#2796500 1)
#2796625 1-
#2796750 0!
#2796875 1# 1% 1(
#2797625 0)
#2797750 0(
#2797875 0" 0# 1$ 0%
#2798125 0*
#2799125 1*
#2799375 1)
#2799625 1! 1" 0$ 1& 1(
#2799750 0,
#2800375 0)
#2800625 0'
#2800750 1%
#2800875 0+
#2802000 1+
#2802125 1)
#2802375 0! 0" 0% 0(
#2802500 1,
#2803250 0) 0-
#2803375 0&
#2803500 1# 1'
#2803750 0*
#2804750 1*
#2805375 1!
#2805625 0*
#2806625 1*
#2807125 0!
#2807250 1"
#2807500 0*
#2808500 1*
#2809125 1!
#2809375 0*
#2810375 1*
#2811500 1) 1-
#2811750 0!
#2811875 1% 1(
#2812625 0)
#2812750 0% 0(
#2812875 0" 1$
#2813125 0*
#2814125 1*
#2814375 1)
#2814625 1! 0#
#2815375 0)
#2815625 1&
#2815750 1" 1# 1%
#2815875 0+
#2816875 1+
#2817125 1)
#2817375 0! 0" 0# 0$ 0% 0'
#2818250 0) 0-
#2818375 0&
#2818500 1$ 1'
#2818750 0*
#2819750 1*
#2820375 1!
#2820625 0*
#2821625 1*
#2822125 0!
#2822250 1"
#2822500 0*
#2823500 1*
#2824125 1!
#2824375 0*
#2825375 1*
#2826500 1) 1-
#2826750 0! 0$ 1(
#2826875 1# 1%
#2827625 0)
#2827750 0" 0# 0(
#2828125 0*
#2829125 1*
#2829250 1)
#2829500 0%
#2829625 1! 1" 1& 1(
#2829750 0,
#2830375 0)
#2830625 0! 0" 1# 1% 0'
#2830875 0+
#2831875 1+
#2832125 1)
#2832375 0# 0% 0(
#2832500 1,
#2833125 0-
#2833250 0)
#2833375 0&
#2833500 1# 1$ 1'
#2833750 0*
#2834750 1*
#2835375 1!
#2835625 0*
#2836625 1*
#2837125 0!
#2837250 1"
#2837500 0*
#2838500 1*
#2839125 1!
#2839375 0*
#2840375 1*
#2841500 1) 1-
#2841750 0! 0$ 1(
#2841875 1%
#2842625 0)
#2842750 0" 0(
#2843125 0*
#2844125 1*
#2844250 1)
#2844625 1! 1" 1$ 1& 1(
#2845375 0)
#2847125 1)
#2847375 0! 0" 0# 0$ 0% 0' 0(
#2848125 0-
#2848250 0)
#2848375 0&
#2848500 1% 1'
#2848625 0*
#2849750 1*
#2850375 1!
#2850625 0*
#2851625 1*
#2852125 0!
#2852250 1"
#2852375 0*
#2853500 1*
#2854125 1!
#2854250 0*
#2855375 1*
#2856500 1) 1-
#2856750 0! 1# 1(
#2857625 0)
#2857750 0" 0# 0(
#2857875 1$
#2858000 0*
#2859125 1*
#2859250 1)
#2859500 0$ 0%
#2859625 1! 1" 1& 1( 0, 00
#2860375 0)
#2860625 0" 1# 1% 0'
#2860875 0+
#2861875 1+
#2862125 1)
#2862375 0! 0# 0% 0(
#2862500 1,
#2863125 0) 0-
#2863375 0&
#2863500 1# 1% 1'
#2863625 0*
#2864625 1*
#2865250 1!
#2865500 0*
#2866500 1*
#2866625 10
#2867125 0!
#2867250 1"
#2867375 0*
#2868375 1*
#2869000 1!
#2869250 0*
#2870250 1*
#2871500 1) 1-
#2871625 0!
#2871750 1(
#2872500 0)
#2872750 0" 0(
#2872875 1$
#2873000 0*
#2874000 1*
#2874250 1)
#2874500 0# 0%
#2874625 1"
#2875375 0)
#2875625 1! 1# 1% 1&
#2875875 0*
#2876875 1*
#2877000 1)
#2877375 0! 0" 0# 0$ 0% 0'
#2878125 0) 0-
#2878375 0& 1'
#2878500 1$ 1%
#2878625 0*
#2879625 1*
#2880250 1!
#2880500 0*
#2881500 1*
#2882125 0! 1"
#2882375 0*
#2883375 1*
#2884000 1!
#2884250 0*
#2885250 1*
#2886375 1)
#2886500 1-
#2886625 0!
#2886750 1# 0$ 1(
#2887500 0)
#2887750 0" 0# 0% 1& 0(
#2888000 0*
#2889000 1*
#2889250 1)
#2889500 1(
#2889625 1! 1" 0,
#2890375 0)
#2890500 0! 0'
#2890625 1# 1%
#2890875 0+
#2891875 1+
#2892000 1)
#2892250 0" 0# 0% 0(
#2892500 1,
#2893125 0) 0-
#2893375 1# 1$ 1% 0& 1'
#2893625 0*
#2894625 1*
#2895250 1!
#2895500 0*
#2896500 1*
#2897125 0! 1"
#2897375 0*
#2898375 1*
#2899000 1!
#2899250 0*
#2900250 1*
#2901375 1)
#2901500 1-
#2901625 0! 0$
#2901750 1(
#2902500 0)
#2902750 0" 0% 1& 0(
#2903000 0*
#2904000 1*
#2904250 1)
#2904500 1! 1(
#2904625 1" 1$ 1%
#2905375 0)
#2907000 1)
#2907250 0" 0# 0$ 0%
#2907375 0! 0' 0(
#2908125 0) 0-
#2908375 1'
#2908625 0*
#2909625 1*
#2910250 1!
#2910500 0*
#2911500 1*
#2912000 0!
#2912125 1"
#2912375 0*
#2913375 1*
#2914000 1!
#2914250 0*
#2915250 1*
#2916375 1)
#2916500 1-
#2916625 0! 0&
#2916750 1# 1% 1(
#2917500 0)
#2917625 0(
#2917750 0" 0# 1$ 0% 1&
#2918000 0*
#2919000 1*
#2919250 1)
#2919500 1! 1" 0$ 1(
#2919625 0,
#2920250 0)
#2920500 0'
#2920625 1# 1%
#2920875 0+
#2921875 1+
#2922000 1)
#2922250 0! 0" 0# 0% 0(
#2922375 1,
#2923125 0) 0-
#2923375 1# 1'
#2923625 0*
#2924625 1*
#2925250 1!
#2925500 0*
#2926500 1*
#2927000 0!
#2927125 1"
#2927375 0*
#2928375 1*
#2929000 1!
#2929250 0*
#2930250 1*
#2931375 1) 1-
#2931625 0! 0&
#2931750 1% 1(
#2932500 0)
#2932625 0(
#2932750 0" 1$ 0% 1&
#2933000 0*
#2934000 1*
#2934250 1)
#2934375 0&
#2934500 1! 1" 0#
#2935250 0)
#2935500 1&
#2935625 1# 1%
#2935750 0+
#2936750 1+
#2937000 1)
#2937250 0! 0" 0# 0$ 0% 0'
#2938125 0) 0-
#2938375 1$ 1'
#2938625 0*
#2939625 1*
#2940250 1!
#2940500 0*
#2941500 1*
#2942000 0!
#2942125 1"
#2942375 0*
#2943375 1*
#2943500 00
#2944000 1!
#2944250 0*
#2945250 1*
#2946375 1) 1-
#2946625 0! 0$ 0& 1(
#2946750 1# 1%
#2947500 0)
#2947625 0" 0# 0(
#2947750 1&
#2948000 0*
#2949000 1*
#2949125 1)
#2949375 0%
#2949500 1! 1" 1(
#2949625 0,
#2950250 0)
#2950500 0! 0" 1% 0' 10
#2950625 1$
#2950750 0+
#2951750 1+
#2952000 1)
#2952250 0$ 0% 0(
#2952375 1,
#2953125 0) 0-
#2953375 1# 1$ 1'
#2953625 0*
#2954625 1*
#2955250 1!
#2955500 0*
#2956500 1*
#2957000 0!
#2957125 1"
#2957375 0*
#2958375 1*
#2959000 1!
#2959250 0*
#2960250 1*
#2961375 1) 1-
#2961625 0! 0$ 0& 1(
#2961750 1%
#2962500 0)
#2962625 0" 0(
#2962750 1&
#2963000 0*
#2964000 1*
#2964125 1)
#2964500 1! 1" 1$ 1(
#2965250 0)
#2967000 1)
#2967250 0! 0" 0# 0$ 0% 0' 0(
#2968000 0-
#2968125 0)
#2968375 1% 1'
#2968625 0*
#2969625 1*
#2970250 1!
#2970500 0*
#2971500 1*
#2972000 0!
#2972125 1"
#2972375 0*
#2973375 1*
#2974000 1!
#2974250 0*
#2975250 1*
#2976375 1) 1-
#2976625 0! 0& 1(
#2976750 1#
#2977500 0)
#2977625 0" 0# 0(
#2977750 1$ 1&
#2978000 0*
#2979000 1*
#2979125 1)
#2979375 0$ 0%
#2979500 1! 1" 1(
#2979625 0,
#2980250 0)
#2980500 0" 1$ 1% 0'
#2980750 0+
#2981750 1+
#2982000 1)
#2982250 0! 0$ 0% 0(
#2982375 1,
#2983000 0-
#2983125 0)
#2983375 1# 1% 1'
#2983625 0*
#2984625 1*
#2985250 1!
#2985500 0*
#2986500 1*
#2987000 0!
#2987125 1"
#2987375 0*
#2988375 1*
#2989000 1!
#2989250 0*
#2990250 1*
#2991375 1) 1-
#2991625 0! 0& 1(
#2992500 0)
#2992625 0" 0(
#2992750 1$ 1&
#2993000 0*
#2994000 1*
#2994125 1)
#2994375 0% 0&
#2995250 0)
#2995500 1! 1" 1% 1&
#2995750 0*
#2996750 1*
#2997000 1)
#2997250 0! 0" 0# 0$ 0% 0'
#2998000 0-
#2998125 0)
#2998375 1$ 1% 1'
#2998625 0*
#2999625 1*
#3000250 1!
#3000500 0*
#3001500 1*
#3002000 0!
#3002125 1"
#3002375 0*
#3003375 1*
#3004000 1!
#3004250 0*
#3005250 1*
#3006375 1) 1-
#3006750 1# 1(
#3007500 0)
#3008000 0+
#3009000 1+
#3009125 1)
#3009500 0# 0$ 0%
#3009625 0,
#3010250 0)
#3010500 0! 1$ 1% 0'
#3010750 0+
#3011875 1+
#3012000 1)
#3012250 0" 0$ 0% 0(
#3012375 1,
#3013125 0) 0-
#3013375 1# 1$ 1% 1'
#3013625 0*
#3014625 1*
#3015250 1!
#3015500 0*
#3016500 1*
#3017000 0!
#3017125 1"
#3017375 0*
#3018375 1*
#3019000 1!
#3019250 0*
#3020250 1*
#3021375 1)
#3021500 1-
#3021625 0! 0$ 0& 1(
#3022500 0)
#3022625 0(
#3022750 0" 0# 0% 1&
#3023000 0*
#3024000 1*
#3024625 1!
#3024875 0*
#3025875 1*
#3026375 0!
#3026500 1"
#3026750 0*
#3027375 00
#3027500 1)
#3027750 0& 1*
#3027875 1# 1% 1(
#3028625 0)
#3028750 0% 0(
#3028875 0" 1&
#3029125 0*
#3030125 1*
#3030750 1!
#3031000 0*
#3032000 1*
#3032500 0!
#3032625 1"
#3032875 0*
#3033625 1)
#3033875 1! 0# 1( 1*
#3034000 0,
#3034375 10
#3034750 0)
#3034875 0'
#3035000 1$ 1%
#3035250 0+
#3036250 1+
#3036375 1)
#3036625 0&
#3036750 1' 1,
#3037500 0)
#3037750 0! 0" 0$ 0% 0' 0(
#3038000 0*
#3039000 1*
#3039625 1%
#3039875 0*
#3040875 1*
#3041125 1)
#3041375 1(
#3041500 1! 1# 1'
#3042250 0)
#3042375 0! 0# 0% 0'
#3042750 0*
#3043750 1*
#3043875 1)
#3044250 1! 1" 1$ 1% 1'
#3045000 0)
#3045250 0! 0" 0$ 0% 1& 0' 0(
#3045500 0*
#3046500 1*
#3047125 1%
#3047375 0*
#3048375 1*
#3048625 1)
#3048875 0& 1(
#3049000 1! 1# 1'
#3049750 0)
#3049875 0! 0# 0'
#3050250 0*
#3051250 1*
#3051375 1)
#3051750 1" 1# 1'
#3052500 0)
#3052750 0" 0# 0% 1& 0(
#3052875 1$
#3053000 0*
#3054000 1*
#3054625 1!
#3054875 0*
#3055875 1*
#3056500 0!
#3056625 1"
#3056750 0*
#3057500 1)
#3057750 0$ 0& 1*
#3057875 1# 1% 1(
#3058625 0)
#3058875 0" 1$ 0% 1& 0(
#3059125 0*
#3060125 1*
#3060750 1!
#3061000 0*
#3062000 1*
#3062625 0! 1"
#3062875 0*
#3064125 1)
#3064375 1! 0# 0$ 1( 1*
#3064500 0,
#3065250 0)
#3065375 0! 0" 0'
#3065500 1# 1$ 1%
#3065750 0+
#3066750 1+
#3066875 1)
#3067125 0# 0&
#3067250 1! 1" 1'
#3067375 1,
#3068000 0)
#3068250 0! 0" 0$ 0% 0(
#3068500 0*
#3069500 1*
#3070125 1%
#3070375 0*
#3071375 1*
#3071625 1)
#3072000 1! 1# 1(
#3072750 0)
#3072875 0! 0#
#3073000 0% 1& 0'
#3073250 0*
#3074250 1*
#3074375 1)
#3074625 0&
#3074750 1! 1" 1$ 1% 1'
#3075500 0)
#3075750 0! 0" 0$ 0% 1& 0(
#3076000 0*
#3077000 1*
#3077625 1%
#3077875 0*
#3078875 1*
#3079125 1)
#3079375 0&
#3079500 1! 1# 1(
#3080250 0)
#3080375 0!
#3080500 0# 1& 0'
#3080750 0*
#3081750 1*
#3082000 1)
#3082125 0&
#3082250 1" 1# 1'
#3083000 0)
#3083250 0" 0# 1& 0(
#3083500 0*
#3084500 1*
#3085250 1!
#3085375 0*
#3086375 1*
#3087000 0!
#3087125 1"
#3087250 0*
#3088000 1)
#3088250 0& 1*
#3088375 1# 1(
#3089125 0)
#3089375 0" 1& 0(
#3089625 0*
#3090625 1*
#3091250 1!
#3091500 0*
#3092500 1*
#3093125 0! 1"
#3093375 0*
#3094125 1)
#3094375 0# 0% 1*
#3094500 1! 1( 0,
#3095250 0)
#3095500 0" 1# 1$ 1% 0'
#3095750 0+
#3096750 1+
#3097000 1)
#3097250 1" 0# 0& 1'
#3097375 1,
#3098125 0)
#3098250 0! 0" 0$ 0% 0'
#3098625 0*
#3099625 1*
#3100250 1%
#3100500 0*
#3101500 1*
#3101625 1)
#3102000 1! 1# 1'
#3102750 0)
#3103000 0! 0# 0%
#3103250 0*
#3104250 1*
#3104500 1)
#3104750 1!
#3104875 1" 1$ 1%
#3105625 0)
#3105750 0! 0" 0$ 0% 0'
#3105875 1&
#3106125 0*
#3107125 1*
#3107750 1%
#3108000 0*
#3109000 1*
#3109125 1)
#3109375 0&
#3109500 1! 1# 1'
#3110250 0)
#3110500 0! 0#
#3110750 0*
#3111250 00
#3111750 1*
#3112000 1)
#3112375 1" 1#
#3113125 0)
#3113250 0" 0# 0(
#3113375 1$ 1&
#3113625 0*
#3114625 1*
#3115250 1!
#3115500 0*
#3116500 1*
#3117000 0!
#3117125 1"
#3117375 0*
#3118125 1)
#3118250 10
#3118375 0$ 0& 1( 1*
#3118500 1#
#3119250 0)
#3119375 0" 0(
#3119500 1$ 1&
#3119625 0*
#3120750 1*
#3121375 1!
#3121625 0*
#3122625 1*
#3123125 0!
#3123250 1"
#3123500 0*
#3124250 1)
#3124375 1*
#3124500 1! 0# 0$ 0% 1(
#3124625 0,
#3125250 0)
#3125500 0! 1$ 0'
#3125625 1# 1%
#3125750 0+
#3126875 1+
#3127000 1)
#3127250 0# 0&
#3127375 1! 1' 1,
#3128125 0)
#3128250 0!
#3128375 0" 0$ 0%
#3128625 0*
#3129625 1*
#3130250 1%
#3130500 0*
#3131500 1*
#3131750 1)
#3132000 1! 1#
#3132750 0)
#3133000 0! 0# 0%
#3133125 1&
#3133250 0*
#3134375 1*
#3134500 1)
#3134750 0&
#3134875 1! 1" 1$ 1%
#3135625 0)
#3135750 0!
#3135875 0" 0$ 0% 1&
#3136125 0*
#3137125 1*
#3137750 1%
#3138000 0*
#3139000 1*
#3139250 1)
#3139500 1! 0&
#3139625 1#
#3140375 0)
#3140500 0! 0#
#3140625 1&
#3140750 0*
#3141875 1*
#3142000 1)
#3157250 0%
#3157375 1! 1"
#3157500 0,
#3158125 0)
#3158375 1# 1$ 1% 0'
#3158625 0+
#3159625 1+
#3159875 1)
#3161125 1'
#3161250 1,
#3161875 0)
#3163625 1)
#3166750 0! 0$ 0&
#3167500 0)
#3167750 0" 0# 0% 0' 0(
#3168000 0*
#3169000 1*
#3169250 1)
#3169625 1! 1" 1# 1$ 1% 1& 1' 1(
#3170375 0)
#3172125 1)
#3173125 0)
#3173625 0+
#3174750 1+
#3175500 0+
#3176625 1+
#3177375 0+
#3178500 1+
#3179250 0+
#3180375 1+
#3181500 1)
#3181750 0! 0$ 0&
#3182500 0)
#3182750 0" 0% 0' 0(
#3183000 0*
#3184000 1*
#3184250 1)
#3184500 0#
#3184625 1! 1" 1& 1' 1( 0,
#3185375 0)
#3185500 0!
#3185625 0" 0&
#3185875 0+
#3186875 1+
#3187125 1)
#3187375 1& 0' 0(
#3187500 1,
#3188125 0) 0-
#3188375 0&
#3188500 1(
#3188625 0*
#3189625 1*
#3190375 1!
#3190500 0*
#3191500 1*
#3192125 0!
#3192250 1"
#3192375 0*
#3193375 1*
#3194000 1!
#3194250 0*
#3195125 00
#3195375 1*
#3196500 1) 1-
#3196750 0! 1# 1% 1'
#3197500 0)
#3197750 0" 0# 0% 0' 0(
#3197875 1$
#3198000 0*
#3199000 1*
#3199250 1)
#3199625 1! 1" 1# 1% 1& 1' 1(
#3200375 0)
#3202000 10
#3202125 1)
#3202375 0! 0" 0# 0$ 0% 0' 0(
#3203125 0) 0-
#3203375 0&
#3203500 1# 1(
#3203625 0*
#3204750 1*
#3205375 1!
#3205500 0*
#3206625 1*
#3207125 0!
#3207250 1"
#3207375 0*
#3208500 1*
#3209000 1!
#3209250 0*
#3210375 1*
#3211500 1) 1-
#3211750 0! 1% 1'
#3212500 0)
#3212750 0" 0% 0' 0(
#3212875 1$
#3213000 0*
#3214125 1*
#3214250 1)
#3214625 1! 1'
#3215375 0)
#3215625 1" 1% 1&
#3215875 0+
#3216875 1+
#3217125 1)
#3217375 0! 0" 0# 0$ 0% 0'
#3218125 0) 0-
#3218375 0&
#3218500 1$ 1(
#3218625 0*
#3219750 1*
#3220375 1!
#3220500 0*
#3221625 1*
#3222125 0!
#3222250 1"
#3222375 0*
#3223375 1*
#3224000 1!
#3224250 0*
#3225375 1*
#3226500 1) 1-
#3226750 0! 1# 0$ 1% 1'
#3227500 0)
#3227750 0" 0# 0' 0(
#3228000 0*
#3229000 1*
#3229250 1)
#3229500 0%
#3229625 1! 1" 1& 1' 1( 0,
#3230375 0)
#3230625 0" 0&
#3230875 0+
#3231875 1+
#3232125 1)
#3232375 0! 1& 0' 0(
#3232500 1,
#3233125 0) 0-
#3233375 0&
#3233500 1# 1$ 1(
#3233625 0*
#3234625 1*
#3235250 1!
#3235500 0*
#3236500 1*
#3237125 0!
#3237250 1"
#3237375 0*
#3238375 1*
#3239000 1!
#3239250 0*
#3240250 1*
#3241500 1) 1-
#3241750 0! 0$ 1% 1'
#3242500 0)
#3242750 0" 0' 0(
#3243000 0*
#3244000 1*
#3244250 1)
#3244625 1! 1" 1$ 1& 1' 1(
#3245375 0)
#3247125 1)
#3247375 0! 0" 0# 0$ 0% 0' 0(
#3248125 0) 0-
#3248375 0& 1(
#3248500 1%
#3248625 0*
#3249625 1*
#3250250 1!
#3250500 0*
#3251500 1*
#3252125 0!
#3252250 1"
#3252375 0*
#3253375 1*
#3254000 1!
#3254250 0*
#3255250 1*
#3256500 1) 1-
#3256625 0!
#3256750 1# 1'
#3257500 0)
#3257750 0" 0# 1$ 0' 0(
#3258000 0*
#3259000 1*
#3259250 1)
#3259500 0$ 0%
#3259625 1! 1" 1& 1' 1( 0,
#3260375 0)
#3260500 0! 0&
#3260875 0+
#3261875 1+
#3262000 1)
#3262250 0(
#3262375 0" 1& 0'
#3262500 1,
#3263125 0) 0-
#3263375 0& 1(
#3263500 1# 1%
#3263625 0*
#3264625 1*
#3265250 1!
#3265500 0*
#3266500 1*
#3267125 0! 1"
#3267375 0*
#3268375 1*
#3269000 1!
#3269250 0*
#3270250 1*
#3271375 1)
#3271500 1-
#3271625 0!
#3271750 1'
#3272500 0)
#3272750 0" 1$ 0' 0(
#3273000 0*
#3274000 1*
#3274250 1)
#3274500 0% 1'
#3274625 1"
#3275375 0)
#3275625 1! 1% 1&
#3275875 0*
#3276875 1*
#3277000 1)
#3277375 0! 0" 0# 0$ 0% 0'
#3278125 0) 0-
#3278375 1$ 1% 0& 1(
#3278625 0*
#3278875 00
#3279625 1*
#3280250 1!
#3280500 0*
#3281500 1*
#3282125 0! 1"
#3282375 0*
#3283375 1*
#3284000 1!
#3284250 0*
#3285250 1*
#3285875 10
#3286375 1)
#3286500 1-
#3286625 0! 0$
#3286750 1# 1'
#3287500 0)
#3287750 0" 0# 0% 1& 0' 0(
#3288000 0*
#3289000 1*
#3289250 1)
#3289500 1! 1" 1' 1(
#3289625 0,
#3290375 0)
#3290500 0&
#3290875 0+
#3291875 1+
#3292000 1)
#3292250 0! 0" 0' 0(
#3292375 1& 1,
#3293125 0) 0-
#3293375 1# 1$ 1% 0& 1(
#3293625 0*
#3294625 1*
#3295250 1!
#3295500 0*
#3296500 1*
#3297000 0!
#3297125 1"
#3297375 0*
#3298375 1*
#3299000 1!
#3299250 0*
#3300250 1*
#3301375 1)
#3301500 1-
#3301625 0! 0$
#3301750 1'
#3302500 0)
#3302750 0" 0% 1& 0' 0(
#3303000 0*
#3304000 1*
#3304250 1)
#3304500 1! 1" 1$ 1% 1' 1(
#3305250 0)
#3307000 1)
#3307250 0! 0" 0# 0$ 0% 0' 0(
#3308125 0) 0-
#3308375 1(
#3308625 0*
#3309625 1*
#3310250 1!
#3310500 0*
#3311500 1*
#3312000 0!
#3312125 1"
#3312375 0*
#3313375 1*
#3314000 1!
#3314250 0*
#3315250 1*
#3316375 1) 1-
#3316625 0! 0&
#3316750 1# 1% 1'
#3317500 0)
#3317625 0# 0'
#3317750 0" 1$ 0% 1& 0(
#3318000 0*
#3319000 1*
#3319250 1)
#3319375 0$
#3319500 1! 1" 1' 1(
#3319625 0,
#3320250 0)
#3320500 0! 0" 0&
#3320625 1#
#3320750 0+
#3321750 1+
#3322000 1)
#3322250 0# 0' 0(
#3322375 1& 1,
#3323125 0) 0-
#3323375 1# 1(
#3323625 0*
#3324625 1*
#3325250 1!
#3325500 0*
#3326500 1*
#3327000 0!
#3327125 1"
#3327375 0*
#3328375 1*
#3329000 1!
#3329250 0*
#3330250 1*
#3331375 1) 1-
#3331625 0! 0& 1'
#3331750 1%
#3332500 0)
#3332625 0" 0% 0' 0(
#3332750 1$ 1&
#3333000 0*
#3334000 1*
#3334125 1)
#3334375 0&
#3334500 1! 1" 1'
#3335250 0)
#3335500 1% 1&
#3335750 0+
#3336750 1+
#3337000 1)
#3337250 0! 0" 0# 0$ 0% 0'
#3338000 0-
#3338125 0)
#3338375 1$ 1(
#3338625 0*
#3339625 1*
#3340250 1!
#3340500 0*
#3341500 1*
#3342000 0!
#3342125 1"
#3342375 0*
#3343375 1*
#3344000 1!
#3344250 0*
#3345250 1*
#3346375 1) 1-
#3346625 0! 0$ 0& 1'
#3346750 1# 1%
#3347500 0)
#3347625 0" 0# 0' 0(
#3347750 1&
#3348000 0*
#3349000 1*
#3349125 1)
#3349375 0%
#3349500 1! 1" 1' 1(
#3349625 0,
#3350250 0)
#3350500 0" 1# 0&
#3350750 0+
#3351750 1+
#3352000 1)
#3352250 0! 0# 1& 0' 0(
#3352375 1,
#3353000 0-
#3353125 0)
#3353375 1# 1$ 1(
#3353625 0*
#3354625 1*
#3355250 1!
#3355500 0*
#3356500 1*
#3357000 0!
#3357125 1"
#3357375 0*
#3358375 1*
#3359000 1!
#3359250 0*
#3360250 1*
#3361375 1) 1-
#3361625 0! 0$ 1% 0& 1'
#3362500 0)
#3362625 0" 0' 0(
#3362750 1& 00
#3362875 0*
#3364000 1*
#3364125 1)
#3364500 1! 1" 1$ 1' 1(
#3365250 0)
#3367000 1)
#3367250 0! 0" 0# 0$ 0% 0' 0(
#3368000 0) 0-
#3368375 1% 1(
#3368500 0*
#3369625 1*
#3369750 10
#3370250 1!
#3370375 0*
#3371500 1*
#3372000 0!
#3372125 1"
#3372250 0*
#3373375 1*
#3373875 1!
#3374125 0*
#3375250 1*
#3376375 1) 1-
#3376625 0! 1# 0& 1'
#3377375 0)
#3377625 0" 0# 0' 0(
#3377750 1$ 1&
#3377875 0*
#3379000 1*
#3379125 1)
#3379375 0$ 0%
#3379500 1! 1" 1' 1( 0,
#3380250 0)
#3380375 0!
#3380500 1# 0&
#3380750 0+
#3381750 1+
#3382000 1)
#3382250 0" 0# 1& 0' 0(
#3382375 1,
#3383000 0) 0-
#3383375 1# 1% 1(
#3383500 0*
#3384500 1*
#3385250 1!
#3385375 0*
#3386375 1*
#3387000 0!
#3387125 1"
#3387250 0*
#3388250 1*
#3388875 1!
#3389125 0*
#3390125 1*
#3391375 1) 1-
#3391625 0! 0& 1'
#3392375 0)
#3392625 0" 0' 0(
#3392750 1$ 1&
#3392875 0*
#3393875 1*
#3394125 1)
#3394375 0# 0$ 0&
#3394500 1'
#3395250 0)
#3395500 1! 1" 1# 1$ 1&
#3395750 0*
#3396750 1*
#3397000 1)
#3397250 0! 0" 0# 0$ 0% 0'
#3398000 0) 0-
#3398375 1$ 1% 1(
#3398500 0*
#3399500 1*
#3400125 1!
#3400375 0*
#3401375 1*
#3402000 0!
#3402125 1"
#3402250 0*
#3403250 1*
#3403875 1!
#3404125 0*
#3405125 1*
#3406375 1) 1-
#3406625 0! 1# 0$ 0& 1'
#3407375 0)
#3407625 0" 0# 0% 0(
#3407875 0*
#3408875 1*
#3409125 1)
#3409500 1! 1" 1& 1( 0,
#3410250 0)
#3410500 1# 0&
#3410750 0+
#3411750 1+
#3412000 1)
#3412250 0! 0" 0# 1& 0' 0(
#3412375 1,
#3413000 0) 0-
#3413375 1# 1$ 1% 1(
#3413500 0*
#3414500 1*
#3415125 1!
#3415375 0*
#3416375 1*
#3417000 0!
#3417125 1"
#3417250 0*
#3418250 1*
#3418875 1!
#3419125 0*
#3420125 1*
#3421375 1) 1-
#3421625 0! 0$ 0& 1'
#3422375 0)
#3422625 0" 0% 0(
#3422875 0*
#3423875 1*
#3424125 1)
#3424500 1! 1" 1$ 1% 1& 1(
#3425250 0)
#3427000 1)
#3427250 0! 0" 0# 0$ 0% 0' 0(
#3428000 0) 0-
#3428250 0&
#3428375 1' 1(
#3428500 0*
#3429625 1*
#3430250 1!
#3430375 0*
#3431500 1*
#3432000 0!
#3432125 1"
#3432250 0*
#3433375 1*
#3433875 1!
#3434125 0*
#3435250 1*
#3436375 1) 1-
#3436625 0! 1# 1%
#3437375 0)
#3437625 0" 0# 0% 0(
#3437750 1$
#3437875 0*
#3439000 1*
#3439125 1)
#3439375 0$
#3439500 1! 1" 1& 1( 0,
#3440250 0)
#3440500 0! 0" 1$ 0&
#3440750 0+
#3441750 1+
#3442000 1)
#3442250 0$ 1& 0' 0(
#3442375 1,
#3443000 0-
#3443125 0)
#3443250 0&
#3443375 1# 1' 1(
#3443625 0*
#3444625 1*
#3445250 1!
#3445375 0*
#3446500 1*
#3446625 00
#3447000 0!
#3447125 1"
#3447375 0*
#3448375 1*
#3449000 1!
#3449250 0*
#3450250 1*
#3451375 1) 1-
#3451625 0! 1%
#3452500 0)
#3452625 0" 0% 0(
#3452750 1$
#3452875 0*
#3453625 10
#3454000 1*
#3454125 1)
#3454375 0# 0$
#3454500 1! 1%
#3455250 0)
#3455500 1" 1# 1$ 1&
#3455750 0+
#3456750 1+
#3457000 1)
#3457250 0! 0" 0# 0$ 0% 0'
#3458000 0-
#3458125 0)
#3458250 0&
#3458375 1$ 1' 1(
#3458625 0*
#3459625 1*
#3460250 1!
#3460500 0*
#3461500 1*
#3462000 0!
#3462125 1"
#3462375 0*
#3463375 1*
#3464000 1!
#3464250 0*
#3465250 1*
#3466375 1) 1-
#3466625 0! 0$
#3466750 1# 1%
#3467500 0)
#3467625 0" 0# 0(
#3468000 0*
#3469000 1*
#3469125 1)
#3469375 0%
#3469500 1! 1" 1& 1(
#3469625 0,
#3470250 0)
#3470500 0" 1$ 0&
#3470750 0+
#3471750 1+
#3472000 1)
#3472250 0! 0$ 1& 0' 0(
#3472375 1,
#3473000 0-
#3473125 0)
#3473250 0&
#3473375 1# 1$ 1' 1(
#3473625 0*
#3474625 1*
#3475250 1!
#3475500 0*
#3476500 1*
#3477000 0!
#3477125 1"
#3477375 0*
#3478375 1*
#3479000 1!
#3479250 0*
#3480250 1*
#3481375 1) 1-
#3481625 0! 0$
#3481750 1%
#3482500 0)
#3482625 0" 0(
#3483000 0*
#3484000 1*
#3484250 1)
#3484500 1! 1" 1$ 1& 1(
#3485250 0)
#3487000 1)
#3487250 0! 0" 0# 0$ 0% 0' 0(
#3488125 0) 0-
#3488250 0&
#3488375 1% 1' 1(
#3488625 0*
#3489625 1*
#3490250 1!
#3490500 0*
#3491500 1*
#3492000 0!
#3492125 1"
#3492375 0*
#3493375 1*
#3494000 1!
#3494250 0*
#3495250 1*
#3496375 1)
#3496500 1-
#3496625 0!
#3496750 1#
#3497500 0)
#3497750 0" 0# 1$ 0(
#3498000 0*
#3499000 1*
#3499250 1)
#3499500 1! 1" 0$ 0% 1& 1(
#3499625 0,
#3500375 0)
#3500500 0! 0&
#3500625 1$
#3500875 0+
#3501875 1+
#3502000 1)
#3502250 0" 0$ 0' 0(
#3502375 1& 1,
#3503125 0) 0-
#3503375 1# 1% 0& 1' 1(
#3503625 0*
#3504625 1*
#3505250 1!
#3505500 0*
#3506500 1*
#3507125 0! 1"
#3507375 0*
#3508375 1*
#3509000 1!
#3509250 0*
#3510250 1*
#3511375 1)
#3511500 1-
#3511625 0!
#3512500 0)
#3512750 0" 1$ 0(
#3513000 0*
#3514000 1*
#3514250 1)
#3514500 0# 0$
#3514625 1"
#3515375 0)
#3515625 1! 1# 1$ 1&
#3515875 0*
#3516875 1*
#3517000 1)
#3517250 0#
#3517375 0! 0" 0$ 0% 0'
#3518125 0) 0-
#3518375 1$ 1% 0& 1' 1(
#3518625 0*
#3519625 1*
#3520250 1!
#3520500 0*
#3521500 1*
#3522125 0! 1"
#3522375 0*
#3523375 1*
#3524000 1!
#3524250 0*
#3525250 1*
#3526500 1) 1-
#3526625 0!
#3526750 1# 0$
#3527500 0)
#3527750 0" 0# 0% 1& 0(
#3528000 0*
#3529000 1*
#3529250 1)
#3529625 1! 1" 1( 0,
#3530375 0)
#3530500 00
#3530625 1$ 0&
#3530875 0+
#3531875 1+
#3532125 1)
#3532375 0! 0" 0$ 1& 0' 0(
#3532500 1,
#3533125 0) 0-
#3533375 0&
#3533500 1# 1$ 1% 1' 1(
#3533625 0*
#3534625 1*
#3535250 1!
#3535500 0*
#3536500 1*
#3537125 0!
#3537250 1"
#3537375 0* 10
#3538375 1*
#3539000 1!
#3539250 0*
#3540375 1*
#3541500 1) 1-
#3541750 0! 0$
#3542625 0)
#3542750 0" 0% 0(
#3542875 1&
#3543000 0*
#3544125 1*
#3544250 1)
#3544625 1! 1" 1$ 1% 1(
#3545375 0)
#3547125 1)
#3547375 0! 0" 0# 0$ 0% 0' 0(
#3548125 0-
#3548250 0)
#3548500 1' 1(
#3548750 0*
#3549750 1*
#3550375 1!
#3550625 0*
#3551625 1*
#3552125 0!
#3552250 1"
#3552500 0*
#3553500 1*
#3554125 1!
#3554375 0*
#3555375 1*
#3556500 1) 1-
#3556750 0! 0&
#3556875 1# 1%
#3557625 0)
#3557750 0" 0# 0% 0(
#3557875 1$ 1&
#3558125 0*
#3559125 1*
#3559250 1)
#3559500 0$
#3559625 1! 1" 1(
#3559750 0,
#3560375 0)
#3560625 0! 0" 1# 1$ 0&
#3560875 0+
#3561875 1+
#3562125 1)
#3562375 0# 0$ 1& 0' 0(
#3562500 1,
#3563125 0-
#3563250 0)
#3563500 1# 1' 1(
#3563750 0*
#3564750 1*
#3565375 1!
#3565625 0*
#3566625 1*
#3567125 0!
#3567250 1"
#3567500 0*
#3568500 1*
#3569125 1!
#3569375 0*
#3570375 1*
#3571500 1) 1-
#3571750 0! 0&
#3571875 1%
#3572625 0)
#3572750 0% 0(
#3572875 0" 1$ 1&
#3573125 0*
#3574125 1*
#3574375 1)
#3574500 0&
#3574625 1! 1" 0# 0$ 1%
#3575375 0)
#3575750 1# 1$ 1&
#3576000 0+
#3577000 1+
#3577125 1)
#3577375 0! 0" 0# 0$ 0% 0'
#3578250 0) 0-
#3578500 1$ 1' 1(
#3578750 0*
#3579750 1*
#3580375 1!
#3580625 0*
#3581625 1*
#3582125 0!
#3582250 1"
#3582500 0*
#3583500 1*
#3584125 1!
#3584375 0*
#3585375 1*
#3586500 1)
#3586625 1-
#3586750 0! 0$ 0&
#3586875 1# 1%
#3587625 0)
#3587875 0" 0# 1& 0(
#3588125 0*
#3589125 1*
#3589375 1)
#3589625 1! 1" 0% 1(
#3589750 0,
#3590500 0)
#3590625 0" 0&
#3590750 1# 1$
#3591000 0+
#3592000 1+
#3592125 1)
#3592375 0! 0# 0$ 0' 0(
#3592500 1& 1,
#3593250 0) 0-
#3593500 1# 1$ 1' 1(
#3593750 0*
#3594750 1*
#3595375 1!
#3595625 0*
#3596625 1*
#3597250 0! 1"
#3597500 0*
#3598500 1*
#3599125 1!
#3599375 0*
#3600375 1*
#3601500 1)
#3601625 1-
#3601750 0! 0&
#3601875 0$ 1%
#3602625 0)
#3602875 0" 1& 0(
#3603125 0*
#3604125 1*
#3604375 1)
#3604625 1! 1(
#3604750 1" 1$
#3605500 0)
#3607125 1)
#3607500 0! 0" 0# 0$ 0% 0' 0(
#3608250 0) 0-
#3608500 1% 1' 1(
#3608750 0*
#3609750 1*
#3610375 1!
#3610625 0*
#3611625 1*
#3612250 0! 1"
#3612500 0*
#3613500 1*
#3614125 1!
#3614375 0* 00
#3615375 1*
#3616500 1)
#3616625 1-
#3616750 0!
#3616875 1# 0&
#3617625 0)
#3617875 0" 0# 1$ 1& 0(
#3618125 0*
#3619125 1*
#3619375 1)
#3619625 1! 0$ 0% 1(
#3619750 1" 0,
#3620500 0)
#3620625 0! 0&
#3620750 1# 1$
#3621000 0+
#3621250 10
#3622000 1+
#3622125 1)
#3622375 0# 0$
#3622500 0" 1& 0' 0(
#3622625 1,
#3623250 0) 0-
#3623500 1% 1' 1(
#3623625 1#
#3623750 0*
#3624750 1*
#3625375 1!
#3625625 0*
#3626625 1*
#3627250 0! 1"
#3627500 0*
#3628500 1*
#3629125 1!
#3629375 0*
#3630375 1*
#3631500 1)
#3631625 1-
#3631750 0!
#3631875 0&
#3632625 0)
#3632875 0" 1$ 1& 0(
#3633125 0*
#3634125 1*
#3634375 1)
#3634625 0$ 0&
#3635500 0)
#3635750 1! 1" 1$ 1&
#3636000 0*
#3637000 1*
#3637125 1)
#3637500 0! 0" 0# 0$ 0% 0'
#3638250 0) 0-
#3638500 1% 1' 1(
#3638625 1$
#3638750 0*
#3639750 1*
#3640375 1!
#3640625 0*
#3641625 1*
#3642250 0! 1"
#3642500 0*
#3643500 1*
#3644125 1!
#3644375 0*
#3645375 1*
#3646500 1)
#3646625 1-
#3646875 1#
#3647625 0)
#3648125 0+
#3649125 1+
#3649375 1)
#3649625 0# 0$ 0%
#3649750 0,
#3650500 0)
#3650625 0&
#3650750 1# 1$
#3651000 0+
#3652000 1+
#3652125 1)
#3652375 0#
#3652500 0! 0" 0$ 1& 0' 0(
#3652625 1,
#3653250 0) 0-
#3653500 1' 1(
#3653625 1# 1$ 1%
#3653750 0*
#3654750 1*
#3655375 1!
#3655625 0*
#3656625 1*
#3657250 0! 1"
#3657500 0*
#3658500 1*
#3659125 1!
#3659375 0*
#3660375 1*
#3661500 1)
#3661625 1-
#3661875 0! 0$ 0&
#3662625 0)
#3662875 0" 0# 0% 1& 0(
#3663125 0*
#3664125 1*
#3664750 1!
#3665000 0*
#3666000 1*
#3666625 0! 1"
#3666875 0*
#3667625 1)
#3667875 0& 1*
#3668000 1# 1% 1(
#3668750 0)
#3668875 0(
#3669000 0" 0% 1&
#3669250 0*
#3670250 1*
#3670875 1!
#3671125 0*
#3672125 1*
#3672625 0!
#3672750 1"
#3673000 0*
#3673750 1)
#3674000 1! 0# 1( 1*
#3674125 0,
#3674875 0)
#3675000 0! 0" 0&
#3675125 1%
#3675375 0+
#3676375 1+
#3676500 1)
#3676875 1! 1" 1$
#3677000 1,
#3677625 0)
#3677875 0" 0$ 0% 0' 0(
#3678125 0*
#3679125 1*
#3679750 1%
#3680000 0*
#3681000 1*
#3681250 1)
#3681500 1' 1(
#3681625 1#
#3682375 0)
#3682500 0# 0% 0'
#3682875 0*
#3683875 1*
#3684000 1)
#3684375 1" 1$ 1% 1'
#3685125 0)
#3685375 0" 0$ 0% 1& 0' 0(
#3685625 0*
#3686625 1*
#3687250 1%
#3687500 0*
#3688500 1*
#3688750 1)
#3689000 0& 1' 1(
#3689125 1#
#3689875 0)
#3690000 0# 0'
#3690375 0*
#3691375 1*
#3691500 1)
#3691750 0!
#3691875 1" 1# 1'
#3692625 0)
#3692875 0" 0# 1$ 0% 1& 0(
#3693125 0*
#3694125 1*
#3694750 1!
#3695000 0*
#3696000 1*
#3696500 0!
#3696625 1"
#3696875 0*
#3697625 1)
#3697875 0$ 0& 1*
#3698000 1# 1% 1(
#3698125 00
#3698750 0)
#3698875 0% 0(
#3699000 0" 1$ 1&
#3699250 0*
#3700250 1*
#3700875 1!
#3701125 0*
#3702125 1*
#3702625 0!
#3702750 1"
#3703000 0*
#3704125 1)
#3704375 0# 0$ 1*
#3704500 1! 1(
#3704625 0,
#3705125 10
#3705250 0)
#3705500 0" 1% 0&
#3705750 0+
#3706750 1+
#3707000 1)
#3707375 1" 1$ 1,
#3708125 0)
#3708250 0" 0$ 0% 0(
#3708625 0*
#3709625 1*
#3710250 1%
#3710500 0*
#3711500 1*
#3711625 1)
#3712000 1# 1(
#3712750 0)
#3713000 0# 0% 1& 0'
#3713250 0*
#3714250 1*
#3714500 1)
#3714750 0& 1'
#3714875 1" 1$ 1%
#3715625 0)
#3715750 0" 0$ 0% 0(
#3715875 1&
#3716125 0*
#3717125 1*
#3717750 1%
#3718000 0*
#3719000 1*
#3719125 1)
#3719375 0&
#3719500 1# 1(
#3720250 0)
#3720500 0# 1& 0'
#3720750 0*
#3721750 1*
#3722000 1)
#3722250 0! 1# 0& 1'
#3722375 1"
#3723125 0)
#3723250 0" 0# 0(
#3723375 1&
#3723500 0*
#3724625 1*
#3725250 1!
#3725500 0*
#3726500 1*
#3727000 0!
#3727125 1"
#3727375 0*
#3728125 1)
#3728250 0&
#3728375 1# 1( 1*
#3729125 0)
#3729375 0" 1& 0(
#3729625 0*
#3730625 1*
#3731250 1!
#3731500 0*
#3732500 1*
#3733125 0! 1"
#3733375 0*
#3734125 1)
#3734375 0# 0% 1*
#3734500 1! 1( 0,
#3735250 0)
#3735375 0!
#3735500 1% 0&
#3735750 0+
#3736750 1+
#3737000 1)
#3737250 1! 1$
#3737375 1,
#3738000 0)
#3738250 0" 0$ 0% 0'
#3738500 0*
#3739625 1*
#3740250 1%
#3740375 0*
#3741375 1*
#3741625 1)
#3742000 1# 1'
#3742750 0)
#3743000 0# 0%
#3743250 0*
#3744250 1*
#3744500 1)
#3744750 1" 1$ 1%
#3745500 0)
#3745750 0" 0$ 0% 0'
#3745875 1&
#3746000 0*
#3747000 1*
#3747750 1%
#3747875 0*
#3748875 1*
#3749125 1)
#3749375 0&
#3749500 1# 1'
#3750250 0)
#3750375 0#
#3750750 0*
#3751750 1*
#3751875 1)
#3752125 0!
#3752250 1" 1#
#3753000 0)
#3753250 0" 0# 1& 0(
#3753375 1$
#3753500 0*
#3754500 1*
#3755125 1!
#3755375 0*
#3756375 1*
#3757000 0! 1"
#3757250 0*
#3758000 1)
#3758250 0$ 0& 1*
#3758375 1# 1(
#3759125 0)
#3759375 0" 1$ 1& 0(
#3759625 0*
#3760625 1*
#3761250 1!
#3761500 0*
#3762500 1*
#3763000 0!
#3763125 1"
#3763375 0*
#3764125 1)
#3764375 1! 0# 0$ 0% 1( 1*
#3764500 0,
#3765250 0)
#3765375 0&
#3765500 1%
#3765750 0+
#3766750 1+
#3766875 1)
#3767250 1$
#3767375 1,
#3768000 0)
#3768250 0" 0$ 0%
#3768500 0*
#3769500 1*
#3770125 1%
#3770375 0*
#3771375 1*
#3771625 1)
#3772000 1#
#3772750 0)
#3772875 0# 0%
#3773000 1&
#3773250 0*
#3774250 1*
#3774375 1)
#3774625 0&
#3774750 1" 1$ 1%
#3775500 0)
#3775750 0" 0$ 0% 1&
#3776000 0*
#3777000 1*
#3777625 1%
#3777875 0*
#3778875 1*
#3779125 1)
#3779375 0&
#3779500 1#
#3780250 0)
#3780375 0#
#3780500 1&
#3780750 0*
#3781750 1*
#3781875 1)
#3782000 00
#3789000 10
#3797125 0%
#3797250 1" 0,
#3798000 0)
#3798250 0! 0" 1# 1% 0&
#3798500 0+
#3799500 1+
#3799750 1)
#3801000 1! 1" 1$ 1& 1,
#3801750 0)
#3803500 1)
#3806500 0! 0$ 0&
#3807375 0)
#3807625 0" 0# 0% 0' 0(
#3807875 0*
#3808875 1*
#3809125 1)
#3809375 1! 1" 1# 1$ 1% 1& 1' 1(
#3810125 0)
#3811875 1)
#3813000 0)
#3813500 0+
#3814500 1+
#3815375 0+
#3816375 1+
#3817250 0+
#3818250 1+
#3819125 0+
#3820125 1+
#3821250 1)
#3821500 0! 0$ 0&
#3822375 0)
#3822500 0' 0(
#3822625 0" 0%
#3822875 0*
#3823875 1*
#3824125 1)
#3824250 0#
#3824375 1! 1" 1& 1' 1(
#3824500 0,
#3825125 0)
#3825375 0" 0&
#3825500 1# 1%
#3825625 0+
#3826750 1+
#3826875 1)
#3827125 0# 0% 0' 0(
#3827250 1& 1,
#3828000 0) 0-
#3828125 0! 0&
#3828500 0*
#3829500 1*
#3830125 1!
#3830375 0*
#3831375 1*
#3831875 0!
#3832000 1"
#3832250 0*
#3833250 1*
#3833875 1!
#3834125 0*
#3835125 1*
#3836250 1) 1-
#3836500 0!
#3836625 1# 1% 1' 1(
#3837375 0)
#3837500 0# 0% 0' 0(
#3837625 0" 1$
#3837875 0*
#3838875 1*
#3839125 1)
#3839375 1! 1" 1# 1% 1& 1' 1(
#3840125 0)
#3841875 1)
#3842125 0" 0# 0$ 0% 0' 0(
#3843000 0) 0-
#3843125 0! 0&
#3843250 1#
#3843500 0*
#3844500 1*
#3845125 1!
#3845375 0*
#3846375 1*
#3846875 0!
#3847000 1"
#3847250 0*
#3848250 1*
#3848875 1!
#3849125 0*
#3850125 1*
#3851250 1) 1-
#3851500 0!
#3851625 1% 1' 1(
#3852375 0)
#3852500 0% 0' 0(
#3852625 0" 1$
#3852875 0*
#3853875 1*
#3854125 1)
#3854250 0$
#3854375 1! 1% 1'
#3855125 0)
#3855500 1" 1$ 1&
#3855625 0+
#3856625 1+
#3856875 1)
#3857125 0" 0# 0$ 0% 0'
#3858000 0) 0-
#3858125 0! 0&
#3858250 1$
#3858500 0*
#3859500 1*
#3860125 1!
#3860375 0*
#3861375 1*
#3861875 0!
#3862000 1"
#3862250 0*
#3863250 1*
#3863875 1!
#3864125 0*
#3865125 1*
#3865875 00
#3866250 1) 1-
#3866500 0! 0$
#3866625 1# 1% 1' 1(
#3867375 0)
#3867500 0# 0' 0(
#3867625 0"
#3867875 0*
#3868875 1*
#3869125 1)
#3869375 1! 1" 0% 1& 1' 1(
#3869500 0,
#3870125 0)
#3870375 0! 0&
#3870500 1# 1%
#3870625 0+
#3871750 1+
#3871875 1)
#3872125 0" 0# 0% 0' 0(
#3872250 1! 1& 1,
#3872875 10
#3873000 0) 0-
#3873125 0! 0&
#3873250 1# 1$
#3873500 0*
#3874500 1*
#3875125 1!
#3875375 0*
#3876375 1*
#3876875 0!
#3877000 1"
#3877250 0*
#3878250 1*
#3878875 1!
#3879125 0*
#3880125 1*
#3881250 1)
#3881375 1-
#3881500 0! 0$
#3881625 1% 1' 1(
#3882375 0)
#3882500 0(
#3882625 0" 0'
#3882875 0*
#3883875 1*
#3884125 1)
#3884375 1! 1" 1$ 1& 1' 1(
#3885250 0)
#3886875 1)
#3887125 0" 0# 0$ 0% 0'
#3887250 0(
#3888000 0) 0-
#3888125 0!
#3888250 1% 0&
#3888500 0*
#3889500 1*
#3890125 1!
#3890375 0*
#3891375 1*
#3892000 0! 1"
#3892250 0*
#3893250 1*
#3893875 1!
#3894125 0*
#3895125 1*
#3896250 1)
#3896375 1-
#3896500 0!
#3896625 1# 1' 1(
#3897375 0)
#3897625 0" 0# 1$ 0' 0(
#3897875 0*
#3898875 1*
#3899125 1)
#3899375 1! 0$ 0% 1' 1(
#3899500 1" 1& 0,
#3900250 0)
#3900375 0&
#3900500 1# 1%
#3900750 0+
#3901750 1+
#3901875 1)
#3902125 0# 0%
#3902250 0" 1& 0' 0(
#3902375 1,
#3903000 0) 0-
#3903250 0! 1# 1% 0&
#3903500 0*
#3904500 1*
#3905125 1!
#3905375 0*
#3906375 1*
#3907000 0! 1"
#3907250 0*
#3908250 1*
#3908875 1!
#3909125 0*
#3910125 1*
#3911375 1) 1-
#3911500 0!
#3911625 1' 1(
#3912375 0)
#3912625 0" 1$ 0' 0(
#3912875 0*
#3913875 1*
#3914125 1)
#3914375 0$
#3914500 1" 1'
#3915250 0)
#3915500 1! 1$ 1&
#3915750 0*
#3916750 1*
#3917000 1)
#3917250 0" 0# 0$ 0% 0'
#3918000 0) 0-
#3918250 0! 0&
#3918375 1$ 1%
#3918500 0*
#3919500 1*
#3920125 1!
#3920375 0*
#3921375 1*
#3922000 0!
#3922125 1"
#3922250 0*
#3923250 1*
#3923875 1!
#3924125 0*
#3925125 1*
#3926375 1) 1-
#3926625 0! 1# 0$ 1' 1(
#3927375 0)
#3927625 0" 0# 0% 0' 0(
#3927750 1&
#3927875 0*
#3929000 1*
#3929125 1)
#3929500 1! 1" 1' 1( 0,
#3930250 0)
#3930500 0! 0" 1$ 1% 0&
#3930750 0+
#3931750 1+
#3932000 1)
#3932250 1! 0$ 0% 1& 0' 0(
#3932375 1,
#3933000 0-
#3933125 0)
#3933250 0! 0&
#3933375 1# 1$ 1%
#3933625 0*
#3934625 1*
#3935250 1!
#3935500 0*
#3936500 1*
#3937000 0!
#3937125 1"
#3937375 0*
#3938375 1*
#3939000 1!
#3939250 0*
#3940250 1*
#3941375 1) 1-
#3941625 0! 0$ 1' 1(
#3942500 0)
#3942625 0" 0% 0' 0(
#3942750 1&
#3943000 0*
#3944000 1*
#3944125 1)
#3944500 1! 1" 1$ 1% 1' 1(
#3945250 0)
#3947000 1)
#3947250 0" 0# 0$ 0% 0' 0(
#3948000 0-
#3948125 0)
#3948250 0!
#3948625 0*
#3949625 1*
#3949750 00
#3950250 1!
#3950500 0*
#3951500 1*
#3952000 0!
#3952125 1"
#3952375 0*
#3953375 1*
#3954000 1!
#3954250 0*
#3955250 1*
#3956375 1) 1-
#3956625 0! 0& 10
#3956750 1# 1% 1' 1(
#3957500 0)
#3957625 0# 0' 0(
#3957750 0" 1$ 0% 1&
#3958000 0*
#3959000 1*
#3959250 1)
#3959500 1! 1" 0$ 1' 1(
#3959625 0,
#3960250 0)
#3960500 0" 0&
#3960625 1$ 1%
#3960750 0+
#3961875 1+
#3962000 1)
#3962250 0$ 0% 0' 0(
#3962375 1& 1,
#3963125 0) 0-
#3963250 0!
#3963375 1#
#3963625 0*
#3964625 1*
#3965250 1!
#3965500 0*
#3966500 1*
#3967000 0!
#3967125 1"
#3967375 0*
#3968375 1*
#3969000 1!
#3969250 0*
#3970250 1*
#3971375 1)
#3971500 1-
#3971625 0! 0&
#3971750 1% 1' 1(
#3972500 0)
#3972750 0" 1$ 0% 1& 0' 0(
#3973000 0*
#3974000 1*
#3974250 1)
#3974500 1! 1" 0$ 0& 1'
#3974625 1%
#3975375 0)
#3975625 1$ 1&
#3975875 0+
#3976875 1+
#3977000 1)
#3977250 0" 0# 0$ 0% 0'
#3978125 0) 0-
#3978375 0! 1$
#3978625 0*
#3979625 1*
#3980250 1!
#3980500 0*
#3981500 1*
#3982125 0! 1"
#3982375 0*
#3983375 1*
#3984000 1!
#3984250 0*
#3985250 1*
#3986375 1)
#3986500 1-
#3986625 0!
#3986750 1# 0$ 1% 0& 1' 1(
#3987500 0)
#3987750 0" 0# 1& 0' 0(
#3988000 0*
#3989000 1*
#3989250 1)
#3989500 0% 1(
#3989625 1! 1" 1' 0,
#3990375 0)
#3990500 0! 0&
#3990625 1$ 1%
#3990875 0+
#3991875 1+
#3992000 1)
#3992375 1! 0" 0$ 0% 1& 0' 0(
#3992500 1,
#3993125 0) 0-
#3993375 0!
#3993500 1# 1$
#3993625 0*
#3994625 1*
#3995250 1!
#3995500 0*
#3996500 1*
#3997125 0!
#3997250 1"
#3997375 0*
#3998375 1*
#3999000 1!
#3999250 0*
#4000250 1*
#4001500 1) 1-
#4001750 0! 0$ 1% 0& 1' 1(
#4002500 0)
#4002750 0" 1& 0' 0(
#4003000 0*
#4004000 1*
#4004250 1)
#4004625 1! 1" 1$ 1' 1(
#4005375 0)
#4007125 1)
#4007375 0" 0# 0$ 0% 0' 0(
#4008125 0) 0-
#4008375 0!
#4008500 1%
#4008625 0*
#4009750 1*
#4010375 1!
#4010500 0*
#4011625 1*
#4012125 0!
#4012250 1"
#4012375 0*
#4013500 1*
#4014125 1!
#4014250 0*
#4015375 1*
#4016500 1) 1-
#4016750 0! 1# 0& 1' 1(
#4017625 0)
#4017750 0" 0# 0' 0(
#4017875 1$ 1&
#4018000 0*
#4019125 1*
#4019250 1)
#4019500 0$ 0%
#4019625 1! 1" 1' 1( 0,
#4020375 0)
#4020625 1$ 1% 0&
#4020875 0+
#4021875 1+
#4022125 1)
#4022375 0" 0$ 0% 1& 0' 0(
#4022500 1,
#4023125 0-
#4023250 0)
#4023375 0!
#4023500 1# 1%
#4023750 0*
#4024750 1*
#4025375 1!
#4025625 0*
#4026625 1*
#4027125 0!
#4027250 1"
#4027500 0*
#4028500 1*
#4029125 1!
#4029375 0*
#4030375 1*
#4031500 1) 1-
#4031750 0! 0& 1' 1(
#4032625 0)
#4032750 0" 0' 0(
#4032875 1$ 1&
#4033125 0*
#4033500 00
#4034125 1*
#4034250 1)
#4034500 0# 0&
#4034625 1'
#4035375 0)
#4035625 1! 1" 1# 1&
#4035875 0*
#4036875 1*
#4037125 1)
#4037375 0" 0# 0$ 0% 0'
#4038125 0-
#4038250 0)
#4038375 0!
#4038500 1$ 1%
#4038750 0*
#4039750 1*
#4040375 1!
#4040500 10
#4040625 0*
#4041625 1*
#4042125 0!
#4042250 1"
#4042500 0*
#4043500 1*
#4044125 1!
#4044375 0*
#4045375 1*
#4046500 1) 1-
#4046750 0! 0$ 0& 1' 1(
#4046875 1#
#4047625 0)
#4047750 0" 0# 0% 0(
#4048125 0*
#4049125 1*
#4049250 1)
#4049625 1! 1" 1& 1(
#4049750 0,
#4050375 0)
#4050625 0! 0" 1# 1$ 1% 0&
#4050875 0+
#4051875 1+
#4052125 1)
#4052375 1! 0# 0$ 0% 0' 0(
#4052500 1& 1,
#4053250 0) 0-
#4053375 0!
#4053500 1# 1$ 1%
#4053750 0*
#4054750 1*
#4055375 1!
#4055625 0*
#4056625 1*
#4057125 0!
#4057250 1"
#4057500 0*
#4058500 1*
#4059125 1!
#4059375 0*
#4060375 1*
#4061500 1) 1-
#4061750 0! 0$ 0& 1' 1(
#4062625 0)
#4062750 0" 0% 0(
#4063125 0*
#4064125 1*
#4064250 1)
#4064625 1! 1" 1$ 1% 1& 1(
#4065375 0)
#4067125 1)
#4067375 0" 0# 0$ 0% 0' 0(
#4068250 0) 0-
#4068375 0! 0&
#4068500 1'
#4068750 0*
#4069750 1*
#4070375 1!
#4070625 0*
#4071625 1*
#4072125 0!
#4072250 1"
#4072500 0*
#4073500 1*
#4074125 1!
#4074375 0*
#4075375 1*
#4076500 1) 1-
#4076750 0! 1(
#4076875 1# 1%
#4077625 0)
#4077750 0# 0% 0(
#4077875 0" 1$
#4078125 0*
#4079125 1*
#4079250 1)
#4079500 0$
#4079625 1! 1" 1& 1(
#4079750 0,
#4080375 0)
#4080625 0" 1$ 1% 0&
#4080750 1#
#4080875 0+
#4081875 1+
#4082125 1)
#4082375 0# 0$ 0% 0' 0(
#4082500 1& 1,
#4083250 0) 0-
#4083375 0! 0&
#4083500 1# 1'
#4083750 0*
#4084750 1*
#4085375 1!
#4085625 0*
#4086625 1*
#4087125 0!
#4087250 1"
#4087500 0*
#4088500 1*
#4089125 1!
#4089375 0*
#4090375 1*
#4091500 1) 1-
#4091750 0! 1(
#4091875 1%
#4092625 0)
#4092750 0" 0% 0(
#4092875 1$
#4093125 0*
#4094125 1*
#4094250 1)
#4094500 0#
#4094625 1! 1%
#4095375 0)
#4095625 1" 1# 1&
