$date Mon Sep  7 13:52:44 2026 $end
$version libsigrok 0.5.2 $end
$comment
  Acquisition with 16/16 channels at 80 MHz
$end
$timescale 100 ps $end
$scope module libsigrok $end
$var wire 1 ! A0 $end
$var wire 1 " A1 $end
$var wire 1 # A2 $end
$var wire 1 $ A3 $end
$var wire 1 % A4 $end
$var wire 1 & A5 $end
$var wire 1 ' A6 $end
$var wire 1 ( A7 $end
$var wire 1 ) RAS $end
$var wire 1 * CAS0 $end
$var wire 1 + CAS1 $end
$var wire 1 , R/W $end
$var wire 1 - VDS $end
$var wire 1 . IRQ $end
$var wire 1 / CSW $end
$var wire 1 0 CSR $end
$upscope $end
$enddefinitions $end
#0 0! 1" 0# 1$ 0% 1& 0' 0( 0) 1* 1+ 1, 1- 0. 1/ 00
#125 1! 0$ 1' 0- 0/ 10
#250 0! 1# 1% 0& 1( 1) 1- 1/
#875 0)
#1125 0" 0# 0(
#1375 0*
#2500 1*
#2625 1)
#3000 1! 1" 1# 1$ 1& 1(
#3750 0)
#5500 1)
#5750 0! 0# 0$ 0% 0& 0' 0(
#6500 0-
#6625 0)
#6750 0"
#6875 1# 1$ 1'
#7000 0*
#8125 1*
#8750 1!
#8875 0*
#10000 1*
#10500 0!
#10625 1"
#10875 0*
#11875 1*
#12500 1!
#12750 0*
#13750 1*
#14875 1) 1-
#15125 0! 0$ 1(
#15250 1%
#15875 0/
#16000 0)
#16125 0" 0(
#16500 0*
#17500 1*
#17625 1)
#18000 1! 1" 1$ 1& 1(
#18750 0)
#20500 1)
#20750 0! 0# 0$ 0% 0& 0' 0(
#21500 0-
#21625 0)
#21750 0"
#21875 1% 1'
#22125 0*
#22875 1/
#23125 1*
#23750 1!
#24000 0*
#25000 1*
#25500 0!
#25625 1"
#25875 0*
#26875 1*
#27500 1!
#27750 0*
#28750 1*
#29875 1) 1-
#30125 0! 1(
#30250 1#
#31000 0)
#31125 0# 0(
#31250 0" 1$
#31500 0*
#32500 1*
#32750 1)
#33000 1! 1" 1# 1& 1(
#33750 0)
#35500 1)
#35750 0! 0# 0$ 0% 0& 0' 0(
#36625 0) 0-
#36750 0"
#36875 1# 1% 1'
#37125 0*
#38125 1*
#38750 1!
#39000 0*
#40000 1*
#40500 0!
#40625 1"
#40875 0*
#41875 1*
#42500 1!
#42750 0*
#43750 1*
#44875 1)
#45000 1-
#45125 0!
#45250 1(
#46000 0)
#46125 0(
#46250 0" 1$
#46500 0*
#47500 1*
#47750 1)
#48000 1" 0% 1& 1(
#48750 0)
#49125 1! 1%
#49250 0*
#50375 1*
#50500 1)
#50750 0! 0# 0$ 0% 0& 0' 1.
#50875 0( 0.
#51625 0) 0-
#51875 0" 1$ 1% 1'
#52125 0*
#53125 1*
#53750 1!
#54000 0*
#55000 1*
#55500 0!
#55625 1"
#55875 0*
#56875 1*
#57500 1!
#57750 0*
#58750 1*
#59875 1)
#60000 1-
#60125 0! 0$
#60250 1# 1(
#61000 0)
#61250 0" 0# 0% 1& 0(
#61500 0*
#62500 1*
#62750 1)
#63000 1! 1(
#63125 1" 1# 1$ 1%
#63875 0)
#65500 1)
#65750 0# 0$ 0%
#65875 0! 0& 0' 0(
#66625 0) 0-
#66875 0" 1# 1$ 1% 1'
#67125 0*
#68125 1*
#68750 1!
#69000 0*
#70000 1*
#70625 0! 1"
#70875 0*
#71875 1*
#72500 1!
#72750 0*
#73750 1*
#74875 1)
#75000 1-
#75125 0! 0$
#75250 1(
#76000 0)
#76250 0" 0% 1& 0(
#76500 0*
#77500 1*
#77750 1)
#78000 1(
#78125 1! 1" 1$ 1%
#78875 0)
#80125 0/
#80500 1)
#80875 0! 0# 0$ 0% 0& 0' 0(
#81625 0) 0-
#81875 0" 1& 1'
#82125 0*
#83125 1*
#83750 1!
#84000 0*
#85000 1*
#85625 0! 1"
#85875 0*
#86875 1*
#87125 1/
#87500 1!
#87750 0*
#88750 1*
#89875 1)
#90000 1-
#90125 0! 0&
#90250 1# 1% 1(
#91000 0)
#91250 0" 0# 1$ 0% 1& 0(
#91500 0*
#92500 1*
#92750 1)
#93000 1(
#93125 1! 1" 1# 1%
#93875 0)
#95500 1)
#95875 0! 0# 0$ 0% 0& 0' 0(
#96625 0) 0-
#96875 0" 1# 1& 1'
#97125 0*
#98125 1*
#98750 1!
#99000 0*
#100000 1*
#100625 0! 1"
#100875 0*
#101875 1*
#102500 1!
#102750 0*
#103750 1*
#104875 1)
#105000 1-
#105125 0! 0&
#105250 1% 1(
#106000 0)
#106250 0" 1$ 0% 1& 0(
#106500 0*
#107500 1*
#107750 1)
#108000 1! 1(
#108125 1"
#108875 0)
#109125 1%
#109375 0+
#110375 1+
#110500 1)
#110875 0! 0# 0$ 0% 0& 0' 0(
#111625 0) 0-
#111875 0" 1$ 1& 1'
#112125 0*
#113125 1*
#113750 1!
#114000 0*
#115000 1*
#115625 0! 1"
#115875 0*
#116875 1*
#117500 1!
#117750 0*
#118750 1*
#119875 1)
#120000 1-
#120125 0! 0&
#120250 1# 0$ 1% 1(
#121000 0)
#121250 0" 0# 1& 0(
#121500 0*
#122500 1*
#122750 1)
#123000 1(
#123125 1! 1" 1# 1$
#123875 0)
#125500 1)
#125875 0! 0# 0$ 0% 0& 0' 0(
#126625 0) 0-
#126875 0" 1# 1$ 1& 1'
#127125 0*
#128125 1*
#128750 1!
#129000 0*
#130000 1*
#130625 0! 1"
#130875 0*
#131875 1*
#132500 1!
#132750 0*
#133750 1*
#134875 1)
#135000 1-
#135125 0! 0$ 0&
#135250 1% 1(
#136000 0)
#136250 0" 1& 0(
#136500 0*
#137500 1*
#137750 1)
#138000 1! 1(
#138125 1" 1$
#138875 0)
#140500 1)
#140750 1.
#140875 0! 0# 0$ 0% 0& 0' 0( 0.
#141625 0) 0-
#141875 0" 1% 1& 1'
#142125 0*
#143125 1*
#143750 1!
#144000 0*
#144375 0/
#145000 1*
#145625 0! 1"
#145875 0*
#146875 1*
#147500 1!
#147750 0*
#148750 1*
#149875 1)
#150000 1-
#150125 0! 0&
#150250 1# 1(
#151000 0)
#151250 0" 0# 1$ 1& 0(
#151375 1/
#151500 0*
#152500 1*
#152750 1)
#153000 1! 1" 1# 1(
#153875 0)
#155500 1)
#155750 0# 0$ 0% 0& 0' 1.
#155875 0! 0( 0.
#156625 0) 0-
#156875 0" 1# 1% 1& 1'
#157125 0*
#158125 1*
#158750 1!
#159000 0*
#160000 1*
#160500 0!
#160625 1"
#160875 0*
#161875 1*
#162500 1!
#162750 0*
#163750 1*
#164875 1)
#165000 1-
#165125 0! 0&
#165250 1(
#166000 0)
#166125 0(
#166250 0" 1$ 1&
#166500 0*
#167500 1*
#167750 1)
#168000 0# 0$ 1(
#168750 0)
#169125 1! 1" 1# 1$
#169250 0*
#170250 1*
#170500 1)
#170750 0! 0# 0$ 0% 0& 0' 0(
#171625 0) 0-
#171750 0"
#171875 1$ 1% 1& 1'
#172125 0*
#173125 1*
#173750 1!
#174000 0*
#175000 1*
#175500 0!
#175625 1"
#175875 0*
#176875 1*
#177500 1!
#177750 0*
#178750 1*
#179875 1) 1-
#180250 1# 1(
#181000 0)
#181500 0+
#182500 1+
#182625 1)
#183750 0)
#185500 1)
#185750 0! 0# 0$ 0% 0& 0' 0(
#186500 0-
#186625 0)
#186750 0"
#186875 1# 1$ 1% 1& 1'
#187125 0*
#188125 1*
#188750 1!
#189000 0*
#190000 1*
#190500 0!
#190625 1"
#190875 0*
#191875 1*
#192500 1!
#192750 0*
#193750 1*
#194875 1) 1-
#195125 0! 0$ 0& 1(
#196000 0)
#196125 0" 0# 0% 0' 0(
#196500 0*
#197500 1*
#198125 1!
#198375 0*
#199375 1*
#199875 0!
#200000 1"
#200250 0*
#201000 1)
#201250 1' 1( 1*
#201375 1# 1%
#202000 0)
#202250 0" 0% 0' 0(
#202500 0*
#203500 1*
#204125 1!
#204375 0*
#205375 1*
#206000 0!
#206125 1"
#206250 0*
#207000 1)
#207250 1*
#207375 1! 1$ 1% 1& 1' 1(
#208125 0)
#208625 0/
#209875 1)
#210125 0! 0" 0# 0&
#211000 0)
#211125 0$ 0% 0' 0(
#211250 1#
#211375 0*
#212500 1*
#213125 1%
#213375 0*
#214375 1*
#214500 1)
#214875 1' 1(
#215625 0) 1/
#215875 0% 0' 0(
#216125 0*
#217125 1*
#217375 1)
#217625 0# 1$ 1% 1' 1(
#218500 0)
#218625 0$ 0% 0' 0(
#218750 1# 1&
#218875 0*
#220000 1*
#220625 1%
#220750 0*
#221875 1*
#222000 1)
#222250 0&
#222375 1' 1(
#223125 0)
#223375 0' 0(
#223625 0*
#224625 1*
#224875 1)
#225125 1" 1' 1(
#225875 0)
#226125 0" 0# 0% 0' 0(
#226250 1$
#226375 0*
#227500 1*
#228125 1!
#228250 0*
#229250 1*
#229875 0!
#230000 1"
#230125 0*
#230875 1)
#231125 0$ 1*
#231250 1# 1% 1' 1(
#232000 0)
#232250 0" 1$ 0% 0' 0(
#232500 0*
#233500 1*
#234125 1!
#234375 0*
#235375 1*
#236000 0! 1"
#236250 0*
#237500 1)
#237750 1*
#238250 1! 1% 1& 1' 1(
#239000 0)
#241250 1)
#241500 0! 0" 0# 0&
#242375 0)
#243000 0$ 0% 0(
#243125 1#
#243250 0*
#244250 1*
#245000 1%
#245125 0*
#246125 1*
#246375 1)
#246750 1(
#247500 0)
#247625 0(
#247750 0% 1& 0'
#248000 0*
#249000 1*
#249250 1)
#249375 0&
#249500 0# 1$ 1% 1' 1(
#250250 0)
#250500 0$ 0% 1& 0(
#250625 1#
#250750 0*
#251750 1*
#252375 1%
#252625 0*
#253625 1*
#253875 1)
#254125 0& 1(
#255000 0)
#255125 0(
#255250 1& 0'
#255500 0*
#256500 1*
#256625 1)
#256875 0&
#257000 1" 1' 1(
#257750 0)
#258000 0" 0# 0' 0(
#258250 0*
#259250 1*
#259875 1!
#260125 0*
#261125 1*
#261750 0! 1"
#262000 0*
#262750 1)
#263000 1*
#263125 1# 1' 1(
#263875 0)
#264000 0(
#264125 0" 0'
#264375 0*
#265375 1*
#266000 1!
#266250 0*
#267250 1*
#267750 0!
#267875 1"
#268125 0*
#268875 1)
#269125 1*
#269250 1! 1$ 1& 1' 1(
#270000 0)
#271625 1)
#271875 0!
#272000 0" 0# 0&
#272750 0)
#273000 1# 0$ 0% 0' 0/
#273250 0*
#274250 1*
#274875 1%
#275125 0*
#276125 1*
#276375 1)
#276750 1'
#277500 0)
#277625 0% 0(
#278000 0*
#279000 1*
#279125 1)
#279375 0#
#279500 1$ 1% 1(
#280000 1/
#280250 0)
#280500 1# 0$ 0% 1& 0'
#280750 0*
#281750 1*
#282375 1%
#282625 0*
#283625 1*
#283875 1)
#284125 0& 1'
#285000 0)
#285125 0(
#285500 0*
#286500 1*
#286625 1)
#287000 1" 1(
#287750 0)
#288000 0" 0# 1$ 0' 0(
#288250 0*
#289250 1*
#289875 1!
#290125 0*
#291125 1*
#291750 0! 1"
#292000 0*
#292750 1)
#293000 0$ 1*
#293125 1# 1' 1(
#293875 0)
#294000 0(
#294125 0" 1$ 0'
#294375 0*
#295375 1*
#296000 1!
#296250 0*
#297250 1*
#297750 0!
#297875 1"
#298125 0*
#298875 1)
#299125 1! 1( 1*
#299250 1& 1'
#300000 0)
#301625 1)
#301875 0!
#302000 0" 0# 0&
#302750 0)
#303000 1# 0$ 0%
#303250 0*
#304250 1*
#304875 1%
#305125 0*
#306125 1*
#306375 1)
#307500 0)
#307625 0% 0(
#307750 1&
#308000 0*
#309000 1*
#309125 1)
#309375 0# 0&
#309500 1$ 1% 1(
#310250 0)
#310500 1# 0$ 0% 1&
#310750 0*
#311750 1*
#312375 1%
#312625 0*
#313625 1*
#313875 1)
#314125 0&
#315000 0)
#315125 0(
#315250 1&
#315500 0*
#316500 1*
#316625 1)
#332000 1! 1" 1$ 1(
#332750 0)
#334500 1)
#336500 0)
#337250 0/
#338250 1)
#341375 0! 0$ 0&
#342125 0)
#342375 0" 0# 0% 0' 0(
#342625 0*
#343625 1*
#343875 1)
#344250 1! 1" 1# 1$ 1% 1& 1' 1( 1/
#345000 0)
#346750 1)
#347750 0)
#348375 0+
#349375 1+
#350125 0+
#351250 1+
#352000 0+
#353125 1+
#353875 0+
#355000 1+
#356125 1)
#356375 0! 0$ 0&
#357125 0)
#357375 0" 0% 0' 0(
#357625 0*
#358625 1*
#358875 1)
#359250 1! 1" 1$ 1% 1& 1' 1(
#360000 0)
#361750 1)
#362000 0! 0# 0$ 0% 0& 0' 0(
#362750 0) 0-
#363000 0" 1(
#363250 0*
#364375 1*
#365000 1!
#365125 0*
#366250 1*
#366750 0!
#366875 1"
#367000 0*
#368125 1*
#368750 1!
#368875 0*
#370000 1*
#371125 1) 1-
#371375 0! 1# 1% 1'
#372250 0)
#372375 0" 0# 0% 0' 0(
#372500 1$
#372625 0*
#373750 1*
#373875 1)
#374250 1! 1" 1# 1% 1& 1' 1(
#375000 0)
#376750 1)
#377000 0! 0# 0$ 0% 0& 0' 0(
#377750 0-
#377875 0)
#378000 0"
#378125 1# 1(
#378375 0*
#379375 1*
#380000 1!
#380250 0*
#381250 1*
#381750 0!
#381875 1"
#382125 0*
#383125 1*
#383750 1!
#384000 0*
#385000 1*
#386125 1) 1-
#386375 0! 1'
#386500 1%
#387250 0)
#387375 0" 0% 0' 0(
#387500 1$
#387750 0*
#388750 1*
#388875 1)
#389125 0# 0$
#389250 1! 1% 1& 1' 1(
#390000 0)
#390250 1" 1# 1$
#390500 0+
#391500 1+
#391750 1)
#392000 0! 0# 0$ 0% 0& 0' 0(
#392750 0-
#392875 0)
#393000 0"
#393125 1$ 1(
#393375 0*
#394375 1*
#395000 1!
#395250 0*
#396250 1*
#396750 0!
#396875 1"
#397125 0*
#398125 1*
#398750 1!
#399000 0*
#400000 1*
#401125 1) 1-
#401375 0! 0$
#401500 1# 1% 1' 0/
#402250 0)
#402375 0# 0'
#402500 0" 0(
#402750 0*
#403750 1*
#404000 1)
#404250 1! 1" 1# 1$ 1& 1' 1(
#405000 0)
#406750 1)
#407000 0! 0# 0$ 0% 0& 0' 0(
#407875 0) 0-
#408125 0" 1# 1$ 1(
#408375 0*
#408500 1/
#409375 1*
#410000 1!
#410250 0*
#411250 1*
#411750 0!
#411875 1"
#412125 0*
#413125 1*
#413750 1!
#414000 0*
#415000 1*
#416125 1)
#416250 1-
#416375 0! 0$
#416500 1% 1'
#417250 0)
#417500 0" 0' 0(
#417750 0*
#418750 1*
#419000 1)
#419250 1! 1& 1' 1(
#419375 1" 1$
#420125 0)
#421750 1)
#422000 0$ 0& 0'
#422125 0! 0# 0% 0(
#422875 0) 0-
#423125 0" 1% 1(
#423375 0*
#424375 1*
#425000 1!
#425250 0*
#426250 1*
#426875 0! 1"
#427125 0*
#428125 1*
#428750 1!
#429000 0*
#430000 1*
#431125 1)
#431250 1-
#431375 0!
#431500 1# 1'
#432250 0)
#432500 0" 0# 1$ 0' 0(
#432750 0*
#433750 1*
#434000 1)
#434250 1(
#434375 1! 1" 1# 1& 1'
#435125 0)
#436750 1)
#437125 0! 0# 0$ 0% 0& 0' 0(
#437875 0) 0-
#438125 0" 1(
#438250 1# 1%
#438375 0*
#439375 1*
#440000 1!
#440250 0*
#441250 1*
#441875 0! 1"
#442125 0*
#443125 1*
#443750 1!
#444000 0*
#445000 1*
#446250 1) 1-
#446375 0!
#446500 1'
#447250 0)
#447500 0" 0' 0(
#447625 1$
#447750 0*
#448750 1*
#449000 1)
#449250 0# 0$
#449375 1" 1& 1' 1(
#450125 0)
#450375 1! 1# 1$
#450625 0*
#451625 1*
#451875 1)
#452125 0! 0# 0$ 0% 0& 0' 0(
#452875 0) 0-
#453125 0" 1(
#453250 1$ 1%
#453375 0*
#454375 1*
#455125 1!
#455250 0*
#456250 1*
#456875 0!
#457000 1"
#457125 0*
#458250 1*
#458750 1!
#459000 0*
#460125 1*
#461250 1) 1-
#461500 0! 1# 0$ 1'
#462375 0)
#462500 0" 0# 0% 0' 0(
#462625 1&
#462750 0*
#463875 1*
#464000 1)
#464375 1! 1" 1# 1$ 1% 1' 1(
#465125 0)
#465875 0/
#466875 1)
#467125 0! 0# 0$ 0% 0& 0' 0(
#467875 0-
#468000 0)
#468125 0"
#468250 1# 1$ 1% 1(
#468375 0*
#469500 1*
#470125 1!
#470375 0*
#471375 1*
#471875 0!
#472000 1"
#472250 0*
#472875 1/
#473250 1*
#473875 1!
#474125 0*
#475125 1*
#476250 1) 1-
#476500 0! 0$ 1'
#477375 0)
#477500 0" 0% 0' 0(
#477625 1&
#477875 0*
#478875 1*
#479000 1)
#479375 1! 1" 1$ 1% 1' 1(
#480125 0)
#481875 1)
#482125 0! 0# 0$ 0% 0& 0' 0(
#482875 0-
#483000 0)
#483125 0"
#483250 1& 1(
#483500 0*
#484500 1*
#485125 1!
#485375 0*
#486375 1*
#486875 0!
#487000 1"
#487250 0*
#488250 1*
#488875 1!
#489125 0*
#490125 1*
#491250 1) 1-
#491500 0! 0&
#491625 1# 1% 1'
#492375 0)
#492500 0# 0'
#492625 0" 1$ 0% 1& 0(
#492875 0*
#493875 1*
#494125 1)
#494375 1! 1" 1# 1% 1' 1(
#495125 0)
#496875 1)
#497125 0! 0# 0$ 0% 0& 0' 0(
#498000 0) 0-
#498125 0"
#498250 1# 1& 1(
#498500 0*
#499500 1*
#500125 1!
#500375 0*
#501375 1*
#501875 0!
#502000 1"
#502250 0*
#503250 1*
#503875 1!
#504125 0*
#505125 1*
#506250 1) 1-
#506500 0! 0&
#506625 1% 1'
#507375 0)
#507625 0" 1$ 0% 1& 0' 0(
#507875 0*
#508875 1*
#509125 1)
#509375 1! 1" 0# 0$ 1% 1' 1(
#510125 0)
#510500 1# 1$
#510750 0+
#511750 1+
#511875 1)
#512125 0! 0# 0$ 0% 0& 0' 0(
#513000 0) 0-
#513250 0" 1$ 1& 1(
#513500 0*
#514500 1*
#515125 1!
#515375 0*
#516375 1*
#516875 0!
#517000 1"
#517250 0*
#518250 1*
#518875 1!
#519125 0*
#520125 1*
#521250 1)
#521375 1-
#521500 0! 0$ 0&
#521625 1# 1% 1'
#522375 0)
#522625 0" 0# 1& 0' 0(
#522875 0*
#523875 1*
#524125 1)
#524375 1! 1" 1# 1$ 1' 1(
#525250 0)
#526875 1)
#527125 0! 0# 0$ 0% 0& 0'
#527250 0(
#528000 0) 0-
#528250 0" 1# 1$ 1& 1(
#528500 0*
#529500 1*
#530125 1! 0/
#530375 0*
#531375 1*
#531875 0!
#532000 1"
#532250 0*
#533250 1*
#533875 1!
#534125 0*
#535125 1*
#536250 1)
#536375 1-
#536500 0! 0$ 0&
#536625 1% 1'
#537125 1/
#537375 0)
#537625 0" 1& 0' 0(
#537875 0*
#538875 1*
#539125 1)
#539375 1! 1" 1$ 1' 1(
#540250 0)
#541875 1)
#542125 0# 0$ 0% 0& 0'
#542250 0! 0(
#543000 0) 0-
#543250 0" 1% 1& 1(
#543500 0*
#544500 1*
#545125 1!
#545375 0*
#546375 1*
#546875 0!
#547000 1"
#547250 0*
#548250 1*
#548875 1!
#549125 0*
#550125 1*
#551250 1)
#551375 1-
#551500 0! 0&
#551625 1# 1'
#552375 0)
#552625 0" 0# 1$ 1& 0' 0(
#552875 0*
#553875 1*
#554125 1)
#554375 1! 1" 1# 1' 1(
#555250 0)
#556875 1)
#557125 0# 0$ 0% 0& 0'
#557250 0! 0(
#558000 0) 0-
#558250 0" 1# 1% 1& 1(
#558500 0*
#559500 1*
#560125 1!
#560375 0*
#561375 1*
#561875 0!
#562000 1"
#562250 0*
#563250 1*
#563875 1!
#564125 0*
#565125 1*
#566250 1)
#566375 1-
#566500 0! 0&
#566625 1'
#567375 0)
#567625 0" 1$ 1& 0' 0(
#567875 0*
#568875 1*
#569125 1)
#569375 0$ 1' 1(
#570125 0)
#570500 1! 1" 1$
#570625 0*
#571625 1*
#571875 1)
#572125 0! 0# 0$ 0% 0& 0' 1.
#572250 0( 0.
#573000 0) 0-
#573250 0" 1$ 1% 1& 1(
#573500 0*
#574500 1*
#575125 1!
#575375 0*
#576375 1*
#576875 0!
#577000 1"
#577250 0*
#578250 1*
#578875 1!
#579125 0*
#580125 1*
#581250 1) 1-
#581500 0! 0$ 0&
#581625 1# 1'
#582375 0)
#582500 0#
#582625 0" 0% 0(
#582875 0*
#583875 1*
#584125 1)
#584375 1! 1" 1# 1$ 1% 1& 1(
#585125 0)
#586875 1)
#587125 0! 0# 0$ 0% 0& 0' 0(
#588000 0) 0-
#588125 0"
#588250 1# 1$ 1% 1& 1(
#588500 0*
#589500 1*
#590125 1!
#590375 0*
#591375 1*
#591875 0!
#592000 1"
#592250 0*
#593250 1*
#593875 1!
#594125 0*
#594375 0/
#595125 1*
#596250 1) 1-
#596500 0! 0$ 0&
#596625 1'
#597375 0)
#597500 0(
#597625 0" 0%
#597875 0*
#598875 1*
#599000 1)
#599375 1! 1" 1$ 1% 1& 1(
#600125 0)
#601375 1/
#601875 1)
#602125 0! 0# 0$ 0% 0& 0' 0(
#602875 0-
#603000 0)
#603125 0"
#603250 1' 1(
#603500 0*
#604500 1*
#605125 1!
#605375 0*
#606375 1*
#606875 0!
#607000 1"
#607250 0*
#608250 1*
#608875 1!
#609125 0*
#610125 1*
#611250 1) 1-
#611500 0!
#611625 1# 1%
#612375 0)
#612500 0" 0# 0% 0(
#612625 1$
#612875 0*
#613875 1*
#614000 1)
#614375 1! 1" 1# 1% 1& 1(
#615125 0)
#616875 1)
#617125 0! 0# 0$ 0% 0& 0' 0(
#617875 0-
#618000 0)
#618125 0"
#618250 1# 1' 1(
#618500 0*
#619500 1*
#620125 1!
#620375 0*
#621375 1*
#621875 0!
#622000 1"
#622250 0*
#623250 1*
#623875 1!
#624125 0*
#625125 1*
#626250 1) 1-
#626500 0! 1%
#627375 0)
#627500 0" 0% 0(
#627625 1$
#627750 0*
#628875 1*
#629000 1)
#629250 0$
#629375 1! 1% 1& 1(
#630125 0)
#630375 1" 1$
#630625 0+
#631625 1+
#631875 1)
#632125 0! 0# 0$ 0% 0& 0' 0(
#632875 0-
#633000 0)
#633125 0"
#633250 1$ 1' 1(
#633375 0*
#634500 1*
#635125 1!
#635250 0*
#636375 1*
#636875 0!
#637000 1"
#637125 0*
#638250 1*
#638750 1!
#639000 0*
#640125 1*
#641250 1) 1-
#641500 0! 1# 0$ 1%
#642250 0)
#642500 0" 0# 0(
#642750 0*
#643750 1*
#644000 1)
#644375 1! 1" 1# 1$ 1& 1(
#645125 0)
#646875 1)
#647125 0! 0# 0$ 0% 0& 0' 0(
#647875 0) 0-
#648125 0" 1(
#648250 1# 1$ 1'
#648375 0*
#649375 1*
#650000 1!
#650250 0*
#651250 1*
#651875 0!
#652000 1"
#652125 0*
#653125 1*
#653750 1!
#654000 0*
#655000 1*
#656250 1) 1-
#656375 0!
#656500 0$ 1%
#657250 0)
#657500 0" 0(
#657750 0*
#658625 0/
#658750 1*
#659000 1)
#659375 1! 1" 1$ 1& 1(
#660125 0)
#661750 1)
#662125 0! 0# 0$ 0% 0& 0' 0(
#662875 0) 0-
#663125 0" 1' 1(
#663250 1%
#663375 0*
#664375 1*
#665000 1!
#665250 0*
#665625 1/
#666250 1*
#666875 0! 1"
#667125 0*
#668125 1*
#668750 1!
#669000 0*
#670000 1*
#671125 1)
#671250 1-
#671375 0!
#671500 1#
#672250 0)
#672500 0" 0# 1$ 0(
#672750 0*
#673750 1*
#674000 1)
#674250 1(
#674375 1! 1" 1# 1&
#675125 0)
#676750 1)
#677125 0! 0# 0$ 0% 0& 0' 0(
#677875 0) 0-
#678125 0" 1# 1% 1' 1(
#678375 0*
#679375 1*
#680000 1!
#680250 0*
#681250 1*
#681875 0! 1"
#682125 0*
#683125 1*
#683750 1!
#684000 0*
#685000 1*
#686125 1)
#686250 1-
#686375 0!
#687250 0)
#687500 0" 1$ 0(
#687750 0*
#688750 1*
#689000 1)
#689250 0$ 1(
#689375 1" 1&
#690125 0)
#690375 1! 1$
#690625 0*
#691625 1*
#691750 1)
#692000 0$ 1.
#692125 0! 0# 0% 0& 0' 0( 0.
#692875 0) 0-
#693125 0" 1$ 1% 1' 1(
#693375 0*
#694375 1*
#695000 1!
#695250 0*
#696250 1*
#696875 0! 1"
#697125 0*
#698125 1*
#698750 1!
#699000 0*
#700000 1*
#701125 1)
#701250 1-
#701375 0! 0$
#701500 1#
#702250 0)
#702500 0" 0# 0% 1& 0(
#702750 0*
#703750 1*
#704000 1)
#704250 1! 1" 1# 1(
#704375 1$ 1%
#705125 0)
#706750 1)
#707000 0# 0$ 0% 0& 0'
#707125 0! 0(
#707875 0) 0-
#708125 0" 1# 1$ 1% 1' 1(
#708375 0*
#709375 1*
#710000 1!
#710250 0*
#711250 1*
#711750 0!
#711875 1"
#712125 0*
#713125 1*
#713750 1!
#714000 0*
#715000 1*
#716125 1)
#716250 1-
#716375 0! 0$
#717250 0)
#717500 0" 0% 1& 0(
#717750 0*
#718750 1*
#719000 1)
#719250 1! 1" 1% 1(
#719375 1$
#720125 0)
#721750 1)
#722000 0# 0$ 0% 0& 0' 1.
#722125 0! 0( 0.
#722875 0) 0-
#723000 0/
#723125 0" 1& 1' 1(
#723375 0*
#724375 1*
#725000 1!
#725250 0*
#726250 1*
#726750 0!
#726875 1"
#727125 0*
#728125 1*
#728750 1!
#729000 0*
#730000 1* 1/
#731125 1)
#731250 1-
#731375 0! 0&
#731500 1# 1%
#732250 0)
#732500 0" 0# 1$ 0% 1& 0(
#732750 0*
#733750 1*
#734000 1)
#734250 1! 1" 1# 1% 1(
#735125 0)
#736750 1)
#737000 0# 0$ 0% 0& 0' 1.
#737125 0! 0( 0.
#737875 0) 0-
#738125 0" 1# 1& 1' 1(
#738375 0*
#739375 1*
#740000 1!
#740250 0*
#741250 1*
#741750 0!
#741875 1"
#742125 0*
#743125 1*
#743750 1!
#744000 0*
#745000 1*
#746125 1)
#746250 1-
#746375 0! 0&
#746500 1%
#747250 0)
#747500 0" 1$ 0% 1& 0(
#747750 0*
#748750 1*
#749000 1)
#749250 1! 1" 0$ 1% 1(
#750125 0)
#750375 1$
#750625 0+
#751625 1+
#751750 1)
#752000 0! 0# 0$ 0% 0& 0'
#752125 0(
#752875 0) 0-
#753125 0" 1$ 1& 1' 1(
#753375 0*
#754375 1*
#755000 1!
#755250 0*
#756250 1*
#756750 0!
#756875 1"
#757125 0*
#758125 1*
#758750 1!
#759000 0*
#760000 1*
#761125 1)
#761250 1-
#761375 0! 0$ 0&
#761500 1# 1%
#762250 0)
#762500 0" 0# 1& 0(
#762750 0*
#763750 1*
#764000 1)
#764250 1! 1" 1# 1(
#764375 1$
#765125 0)
#766750 1)
#767000 0# 0$ 0% 0& 0'
#767125 0! 0(
#767875 0) 0-
#768125 0" 1# 1$ 1& 1' 1(
#768375 0*
#769375 1*
#770000 1!
#770250 0*
#771250 1*
#771750 0!
#771875 1"
#772125 0*
#773125 1*
#773750 1!
#774000 0*
#775000 1*
#776125 1)
#776250 1-
#776375 0! 0$ 0&
#776500 1%
#777250 0)
#777500 0" 1& 0(
#777750 0*
#778750 1*
#779000 1)
#779250 0# 0% 0& 1(
#779375 0,
#780125 0)
#780250 0' 0(
#780625 0+
#781625 1+
#781750 1)
#782125 1"
#782250 1,
#782875 0) 0-
#783125 0" 1% 1& 1' 1(
#783375 0*
#784375 1*
#785000 1!
#785250 0*
#786250 1*
#786875 0! 1"
#787125 0*
#788125 1*
#788750 1!
#789000 0*
#790000 1*
#791125 1)
#791250 1-
#791375 0! 0&
#791500 1#
#792250 0)
#792500 0" 0# 1$ 1& 0(
#792750 0*
#793750 1*
#794000 1)
#794250 1(
#794375 1! 1" 1#
#795125 0)
#796750 1)
#797125 0! 0# 0$ 0% 0& 0' 0(
#797875 0) 0-
#798125 0" 1% 1& 1' 1(
#798250 1#
#798375 0*
#799375 1*
#800000 1!
#800250 0*
#801250 1*
#801875 0! 1"
#802125 0*
#803125 1*
#803750 1!
#804000 0*
#805000 1*
#806250 1) 1-
#806375 0!
#806500 0&
#807250 0)
#807500 0" 1& 0(
#807625 1$
#807750 0*
#808750 1*
#809000 1)
#809250 0# 1(
#810125 0)
#810375 1! 1" 1#
#810625 0*
#811625 1*
#811875 1)
#812125 0! 0# 0$ 0% 0& 0' 0(
#812875 0) 0-
#813125 0"
#813250 1$ 1% 1& 1' 1(
#813375 0*
#814375 1*
#815000 1!
#815250 0*
#816250 1*
#816875 0!
#817000 1"
#817125 0*
#818125 1*
#818750 1!
#819000 0*
#820000 1*
#821250 1) 1-
#821500 1#
#822250 0)
#822875 0+
#823875 1+
#824000 1)
#824250 0! 0" 0# 0$ 0% 0&
#824375 0,
#825125 0)
#825375 1! 0' 0(
#825625 0+
#826625 1+
#826875 1)
#827125 0! 1"
#827250 1,
#827875 0-
#828000 0)
#828125 0"
#828250 1# 1$ 1% 1& 1' 1(
#828500 0*
#829500 1*
#830125 1!
#830250 0*
#831375 1*
#831875 0!
#832000 1"
#832250 0*
#833250 1*
#833875 1!
#834125 0*
#835125 1*
#836250 1) 1-
#836500 0! 0$ 0&
#837375 0)
#837500 0" 0# 0% 0' 0(
#837875 0*
#838875 1*
#839500 1!
#839750 0*
#840750 1*
#841250 0!
#841375 1"
#841625 0*
#842375 1)
#842625 1' 1( 1*
#842750 1# 1%
#843375 0)
#843625 0" 0% 0' 0(
#843875 0*
#844875 1*
#845625 1!
#845750 0*
#846750 1*
#847375 0!
#847500 1"
#847625 0*
#848500 1)
#848625 1*
#848750 1! 1$ 1% 1& 1' 1(
#849500 0)
#851250 1)
#851500 0! 0" 0# 0&
#852375 0)
#852500 0$ 0% 0' 0(
#852625 1! 1#
#852875 0*
#853875 1*
#854500 1%
#854750 0*
#855750 1*
#856000 1)
#856125 0!
#856250 1' 1(
#857000 0)
#857250 1! 0% 0' 0(
#857500 0*
#858500 1*
#858750 1)
#859000 0! 0# 1(
#859125 1$ 1% 1'
#859875 0)
#860000 0% 0' 0(
#860125 1! 1# 0$ 1&
#860375 0*
#861375 1*
#862000 1%
#862250 0*
#862750 00
#863250 1*
#863500 1)
#863625 0!
#863750 0& 1' 1(
#864500 0)
#864750 1! 0' 0(
#865000 0*
#866000 1*
#866250 1)
#866500 0!
#866625 1" 1' 1(
#867375 0)
#867500 0(
#867625 0" 0# 1$ 0% 0'
#867875 0*
#868875 1*
#869500 1!
#869750 0* 10
#870750 1*
#871250 0!
#871375 1"
#871625 0*
#872375 1)
#872625 0$ 1*
#872750 1# 1% 1' 1(
#873500 0)
#873625 0% 0' 0(
#873750 0" 1$
#874000 0*
#875000 1*
#875625 1!
#875875 0*
#876875 1*
#877375 0!
#877500 1"
#877750 0*
#879000 1)
#879250 1*
#879625 0" 0# 0$
#879750 1' 1(
#879875 0,
#880500 0)
#880750 0'
#881000 0+
#882000 1+
#882750 1)
#883000 1$ 1% 1'
#883125 1,
#883750 0)
#884500 1! 1# 0$ 0% 0(
#884750 0*
#885750 1*
#886375 1%
#886625 0*
#887625 1*
#887875 1)
#888125 0! 1(
#889000 0)
#889125 0% 0' 0(
#889250 1! 1&
#889500 0*
#890500 1*
#890625 1)
#890875 0! 0# 0&
#891000 1$ 1% 1' 1(
#891750 0)
#892000 1! 1# 0$ 0% 1& 0(
#892250 0*
#893250 1*
#893875 1%
#894125 0*
#895125 1*
#895375 1)
#895625 0! 0& 1(
#896500 0)
#896625 0(
#896750 1! 1& 0'
#897000 0*
#898000 1*
#898125 1)
#898375 0! 0&
#898500 1" 1' 1(
#899250 0)
#899500 0" 0# 0' 0(
#899750 0*
#900750 1*
#901375 1!
#901625 0*
#902625 1*
#903250 0!
#903375 1"
#903500 0*
#904250 1)
#904500 1*
#904625 1# 1' 1(
#905375 0)
#905625 0" 0' 0(
#905875 0*
#906875 1*
#907500 1!
#907750 0*
#908750 1*
#909375 0! 1"
#909625 0*
#910375 1)
#910625 0" 0# 0% 1*
#910750 1' 1( 0,
#911500 0)
#911750 1! 0'
#912000 0+
#913000 1+
#913250 1)
#913375 0!
#913500 1$ 1% 1'
#913625 1,
#914250 0)
#914500 0$ 0% 0'
#914625 1! 1#
#914750 0*
#915875 1*
#916500 1%
#916625 0*
#917750 1*
#917875 1)
#918125 0!
#918250 1'
#919000 0)
#919250 1! 0% 0(
#919500 0*
#920500 1*
#920750 1)
#921000 0! 0# 1$ 1% 1(
#921875 0)
#922000 0$ 0% 0'
#922125 1! 1# 1&
#922250 0*
#923375 1*
#924000 1%
#924125 0*
#925250 1*
#925375 1)
#925625 0! 0&
#925750 1'
#926500 0)
#926750 1! 0(
#927000 0*
#928000 1*
#928250 1)
#928500 0! 1(
#928625 1"
#929375 0)
#929500 0" 0# 0' 0(
#929625 1$
#929750 0*
#930875 1*
#931500 1!
#931750 0*
#932750 1*
#933250 0!
#933375 1"
#933625 0*
#934375 1)
#934625 0$ 1' 1( 1*
#934750 1#
#935375 0)
#935625 0" 1$ 0' 0(
#935875 0*
#936875 1*
#937500 1!
#937750 0*
#938750 1*
#939375 0!
#939500 1"
#939625 0*
#940375 1)
#940625 1*
#940750 1! 1& 1' 1(
#941500 0)
#943250 1)
#943500 0! 0" 0# 0&
#944375 0)
#944500 0$ 0%
#944625 1! 1#
#944875 0*
#945875 1*
#946500 1%
#946625 00
#946750 0*
#947750 1*
#947875 1)
#948125 0!
#949000 0)
#949250 1! 0% 1& 0(
#949500 0*
#950500 1*
#950750 1)
#951000 0! 0# 0& 1(
#951125 1$ 1%
#951875 0)
#952000 0$ 0%
#952125 1! 1# 1&
#952375 0*
#953375 1*
#953625 10
#954000 1%
#954250 0*
#955250 1*
#955375 1)
#955625 0! 0&
#956500 0)
#956750 1! 1& 0(
#957000 0*
#958000 1*
#958250 1)
#973625 1" 1$ 1(
#974375 0)
#976000 1)
#978125 0)
#979750 1)
#982875 0! 0$ 0&
#983750 0)
#983875 0# 0(
#984000 0" 0% 0'
#984250 0*
#985250 1*
#985375 1)
#985750 1! 1" 1# 1$ 1% 1& 1' 1(
#986500 0)
#988250 1)
#989375 0)
#989875 0+
#990875 1+
#991750 0+
#992750 1+
#993625 0+
#994625 1+
#995500 0+
#996500 1+
#997625 1)
#997875 0! 0$ 0&
#998750 0)
#998875 0% 0' 0(
#999000 0"
#999250 0*
#1000250 1*
#1000375 1)
#1000750 1! 1" 1$ 1% 1& 1' 1(
#1001500 0)
#1003250 1)
#1003500 0# 0$ 0% 0& 0' 0(
#1004250 0-
#1004375 0)
#1004500 0! 0"
#1004875 0*
#1005875 1*
#1006500 1!
#1006750 0*
#1007750 1*
#1008250 0!
#1008375 1"
#1008625 0*
#1009625 1*
#1010250 1!
#1010500 0*
#1011500 1*
#1012625 1) 1-
#1012875 0! 1(
#1013000 1# 1% 1'
#1013750 0)
#1013875 0" 0# 0% 0' 0(
#1014000 1$
#1014250 0*
#1015250 1*
#1015375 1)
#1015750 1! 1" 1# 1% 1& 1' 1(
#1016500 0)
#1018250 1)
#1018500 0# 0$ 0% 0& 0' 0(
#1019250 0-
#1019375 0)
#1019500 0! 0"
#1019625 1#
#1019875 0*
#1020875 1*
#1021500 1!
#1021750 0*
#1022750 1*
#1023250 0!
#1023375 1"
#1023625 0*
#1024625 1*
#1025250 1!
#1025500 0*
#1026500 1*
#1027625 1) 1-
#1027875 0! 1' 1(
#1028000 1%
#1028750 0)
#1028875 0" 0% 0' 0(
#1029000 1$
#1029125 0*
#1030250 1*
#1030375 1)
#1030500 00
#1030625 0#
#1030750 1! 1% 1& 1' 1(
#1031500 0)
#1031750 1" 1#
#1032000 0+
#1033000 1+
#1033250 1)
#1033500 0# 0$ 0% 0& 0' 0(
#1034250 0-
#1034375 0)
#1034500 0! 0"
#1034625 1$
#1034750 0*
#1035875 1*
#1036500 1!
#1036625 0*
#1037375 10
#1037750 1*
#1038250 0!
#1038375 1"
#1038500 0*
#1039625 1*
#1040250 1!
#1040375 0*
#1041500 1*
#1042625 1) 1-
#1042875 0! 1# 0$ 1% 1' 1(
#1043750 0)
#1043875 0" 0# 0' 0(
#1044125 0*
#1045250 1*
#1045375 1)
#1045750 1! 1" 1# 1$ 1& 1' 1(
#1046500 0)
#1048250 1)
#1048500 0# 0$ 0% 0& 0' 0(
#1049250 0) 0-
#1049500 0! 0"
#1049625 1# 1$
#1049750 0*
#1050750 1*
#1051375 1!
#1051625 0*
#1052625 1*
#1053250 0!
#1053375 1"
#1053500 0*
#1054500 1*
#1055125 1!
#1055375 0*
#1056375 1*
#1057625 1) 1-
#1057750 0!
#1057875 0$ 1% 1' 1(
#1058625 0)
#1058875 0" 0' 0(
#1059125 0*
#1060125 1*
#1060375 1)
#1060750 1! 1" 1$ 1& 1' 1(
#1061500 0)
#1063125 1)
#1063500 0# 0$ 0% 0& 0' 0(
#1064250 0) 0-
#1064500 0! 0"
#1064625 1%
#1064750 0*
#1065750 1*
#1066375 1!
#1066625 0*
#1067625 1*
#1068250 0!
#1068375 1"
#1068500 0*
#1069500 1*
#1070125 1!
#1070375 0*
#1071375 1*
#1072500 1)
#1072625 1-
#1072750 0!
#1072875 1# 1' 1(
#1073625 0)
#1073875 0" 0# 1$ 0' 0(
#1074125 0*
#1075125 1*
#1075375 1)
#1075625 1(
#1075750 1! 1" 1# 1& 1'
#1076500 0)
#1078125 1)
#1078500 0# 0$ 0% 0& 0' 0(
#1079250 0) 0-
#1079500 0! 0" 1# 1%
#1079750 0*
#1080750 1*
#1081375 1!
#1081625 0*
#1082625 1*
#1083250 0! 1"
#1083500 0*
#1084500 1*
#1085125 1!
#1085375 0*
#1086375 1*
#1087500 1)
#1087625 1-
#1087750 0!
#1087875 1' 1(
#1088625 0)
#1088875 0" 1$ 0' 0(
#1089125 0*
#1090125 1*
#1090375 1)
#1090625 0# 1& 1' 1(
#1090750 1"
#1091500 0)
#1091750 1! 1#
#1092000 0*
#1093000 1*
#1093125 1)
#1093375 0# 0& 0'
#1093500 0$ 0% 0(
#1094250 0) 0-
#1094500 0! 0" 1$ 1%
#1094750 0*
#1095750 1*
#1096375 1!
#1096625 0*
#1097625 1*
#1098125 0!
#1098250 1"
#1098500 0*
#1099500 1*
#1100125 1!
#1100375 0*
#1101375 1*
#1102500 1)
#1102625 1-
#1102750 0! 0$
#1102875 1# 1' 1(
#1103625 0)
#1103875 0" 0# 0% 1& 0' 0(
#1104125 0*
#1105125 1*
#1105375 1)
#1105625 1! 1" 1# 1' 1(
#1105750 1$ 1%
#1106500 0)
#1108125 1)
#1108375 0# 0$ 0% 0& 0' 0(
#1109250 0) 0-
#1109375 0!
#1109500 0" 1# 1$ 1%
#1109750 0*
#1110750 1*
#1111375 1!
#1111625 0*
#1112625 1*
#1113125 0!
#1113250 1"
#1113500 0*
#1114500 1*
#1115125 1!
#1115375 0*
#1116375 1*
#1117500 1) 1-
#1117750 0! 0$
#1117875 1' 1(
#1118625 0)
#1118750 0(
#1118875 0" 0% 1& 0'
#1119125 0*
#1120125 1*
#1120375 1)
#1120625 1! 1" 1$ 1% 1' 1(
#1121375 0)
#1123125 1)
#1123375 0# 0$ 0% 0& 0' 0(
#1124250 0) 0-
#1124375 0! 0"
#1124500 1&
#1124750 0*
#1125750 1*
#1126375 1!
#1126625 0*
#1127625 1*
#1128125 0!
#1128250 1"
#1128500 0*
#1129500 1*
#1130125 1!
#1130375 0*
#1131375 1*
#1132500 1) 1-
#1132750 0! 0&
#1132875 1# 1% 1' 1(
#1133625 0)
#1133750 0# 0(
#1133875 0" 1$ 0% 1& 0'
#1134125 0*
#1135125 1*
#1135375 1)
#1135625 1! 1" 1# 1% 1' 1(
#1136375 0)
#1138125 1)
#1138375 0# 0$ 0% 0& 0' 0(
#1139250 0) 0-
#1139375 0! 0"
#1139500 1# 1&
#1139750 0*
#1140750 1*
#1141375 1!
#1141625 0*
#1142625 1*
#1143125 0!
#1143250 1"
#1143500 0*
#1144500 1*
#1145125 1!
#1145375 0*
#1146375 1*
#1147500 1) 1-
#1147750 0! 0& 1(
#1147875 1% 1'
#1148625 0)
#1148750 0% 0' 0(
#1148875 0" 1$ 1&
#1149125 0*
#1150125 1*
#1150250 1)
#1150500 0#
#1150625 1! 1" 1% 1' 1(
#1151375 0)
#1151625 1#
#1151875 0+
#1152875 1+
#1153125 1)
#1153375 0# 0$ 0% 0& 0' 0(
#1154125 0-
#1154250 0)
#1154375 0! 0"
#1154500 1$ 1&
#1154750 0*
#1155750 1*
#1156375 1!
#1156625 0*
#1157625 1*
#1158125 0!
#1158250 1"
#1158500 0*
#1159500 1*
#1160125 1!
#1160375 0*
#1161375 1*
#1162500 1) 1-
#1162750 0! 0$ 0& 1(
#1162875 1# 1% 1'
#1163625 0)
#1163750 0# 0' 0(
#1163875 0" 1&
#1164125 0*
#1165125 1*
#1165250 1)
#1165625 1! 1" 1# 1$ 1' 1(
#1166375 0)
#1168125 1)
#1168375 0# 0$ 0% 0& 0' 0(
#1169125 0-
#1169250 0)
#1169375 0! 0"
#1169500 1# 1$ 1&
#1169750 0*
#1170750 1*
#1171375 1!
#1171625 0*
#1172625 1*
#1173125 0!
#1173250 1"
#1173500 0*
#1174500 1*
#1175125 1!
#1175375 0*
#1176375 1*
#1177500 1) 1-
#1177750 0! 0$ 0& 1' 1(
#1177875 1%
#1178625 0)
#1178750 0" 0' 0(
#1178875 1&
#1179125 0*
#1180125 1*
#1180250 1)
#1180625 1! 1" 1$ 1' 1(
#1181375 0)
#1183125 1)
#1183375 0# 0$ 0% 0& 0' 0(
#1184125 0-
#1184250 0)
#1184375 0! 0"
#1184500 1% 1&
#1184750 0*
#1185750 1*
#1186375 1!
#1186625 0*
#1187625 1*
#1188125 0!
#1188250 1"
#1188500 0*
#1189500 1*
#1190125 1!
#1190375 0*
#1191375 1*
#1192500 1) 1-
#1192750 0! 0& 1(
#1192875 1# 1'
#1193625 0)
#1193750 0# 0' 0(
#1193875 0" 1$ 1&
#1194125 0*
#1195125 1*
#1195375 1)
#1195625 1! 1" 1# 1' 1(
#1196375 0)
#1198125 1)
#1198375 0# 0$ 0% 0& 0' 0(
#1199125 0-
#1199250 0)
#1199375 0! 0"
#1199500 1# 1% 1&
#1199750 0*
#1200750 1*
#1200875 0/
#1201375 1!
#1201625 0*
#1202625 1*
#1203125 0!
#1203250 1"
#1203500 0*
#1204500 1*
#1205125 1!
#1205375 0*
#1206375 1*
#1207500 1) 1-
#1207750 0! 0&
#1207875 1' 1( 1/
#1208625 0)
#1208750 0' 0(
#1208875 0" 1$ 1&
#1209125 0*
#1210125 1*
#1210375 1)
#1210625 1' 1(
#1211375 0)
#1211750 1! 1"
#1211875 0*
#1212875 1*
#1213125 1)
#1213375 0# 0$ 0% 0& 0' 0(
#1214250 0) 0-
#1214375 0! 0"
#1214500 1$ 1% 1&
#1214750 0*
#1215750 1*
#1216375 1!
#1216625 0*
#1217625 1*
#1218125 0!
#1218250 1"
#1218500 0*
#1219500 1*
#1220125 1!
#1220375 0*
#1221375 1*
#1222500 1)
#1222625 1-
#1222750 0! 0$ 0&
#1222875 1# 1' 1(
#1223625 0)
#1223875 0" 0# 0% 0(
#1224125 0*
#1225125 1*
#1225375 1)
#1225625 1! 1" 1# 1& 1(
#1225750 1$ 1%
#1226500 0)
#1228125 1)
#1228375 0# 0$ 0% 0& 0' 0(
#1229250 0) 0-
#1229500 0! 0" 1# 1$ 1% 1&
#1229750 0*
#1230750 1*
#1231375 1!
#1231625 0*
#1232625 1*
#1233125 0!
#1233250 1"
#1233500 0*
#1234500 1*
#1235125 1!
#1235375 0*
#1236375 1*
#1237500 1)
#1237625 1-
#1237750 0! 0$ 0&
#1237875 1' 1(
#1238625 0)
#1238875 0" 0% 0(
#1239125 0*
#1240125 1*
#1240375 1)
#1240625 1(
#1240750 1! 1" 1$ 1% 1&
#1241500 0)
#1243125 1)
#1243500 0# 0$ 0% 0& 0' 0(
#1244250 0) 0-
#1244500 0! 0" 1'
#1244750 0*
#1245750 1*
#1246375 1!
#1246625 0*
#1247625 1*
#1248250 0! 1"
#1248500 0*
#1249500 1*
#1250125 1!
#1250375 0*
#1251375 1*
#1252500 1)
#1252625 1-
#1252750 0!
#1252875 1# 1% 1(
#1253625 0)
#1253875 0" 0# 1$ 0% 0(
#1254125 0*
#1255125 1*
#1255375 1)
#1255750 1! 1" 1# 1% 1& 1(
#1256500 0)
#1256750 0/
#1258125 1)
#1258500 0# 0$ 0% 0& 0' 0(
#1259250 0) 0-
#1259500 0! 0" 1'
#1259625 1#
#1259750 0*
#1260750 1*
#1261375 1!
#1261625 0*
#1262625 1*
#1263250 0!
#1263375 1"
#1263500 0*
#1263750 1/
#1264500 1*
#1265125 1!
#1265375 0*
#1266375 1*
#1267625 1) 1-
#1267750 0!
#1267875 1% 1(
#1268625 0)
#1268875 0" 0% 0(
#1269000 1$
#1269125 0*
#1270125 1*
#1270375 1)
#1270750 1! 1% 1& 1(
#1271500 0)
#1271750 1"
#1272000 0+
#1273000 1+
#1273250 1)
#1273500 0# 0$ 0% 0& 0' 0(
#1274250 0) 0-
#1274500 0! 0"
#1274625 1$ 1'
#1274750 0*
#1275875 1*
#1276500 1!
#1276625 0*
#1277750 1*
#1278250 0!
#1278375 1"
#1278500 0*
#1279625 1*
#1280250 1!
#1280500 0*
#1281500 1*
#1282625 1) 1-
#1282875 0! 0$ 1(
#1283000 1# 1%
#1283750 0)
#1283875 0" 0# 0(
#1284250 0*
#1285250 1*
#1285375 1)
#1285750 1! 1" 1# 1$ 1& 1(
#1286500 0)
#1288250 1)
#1288500 0# 0$ 0% 0& 0' 0(
#1289250 0-
#1289375 0)
#1289500 0! 0"
#1289625 1# 1$ 1'
#1289875 0*
#1290875 1*
#1291500 1!
#1291750 0*
#1292750 1*
#1293250 0!
#1293375 1"
#1293625 0*
#1294625 1*
#1295250 1!
#1295500 0*
#1296500 1*
#1297625 1) 1-
#1297875 0! 0$ 1(
#1298000 1%
#1298750 0)
#1298875 0" 0(
#1299250 0*
#1300250 1*
#1300375 1)
#1300750 1! 1" 1$ 1& 1(
#1301500 0)
#1303250 1)
#1303500 0# 0$ 0% 0& 0' 0(
#1304375 0) 0-
#1304500 0! 0"
#1304625 1% 1'
#1304875 0*
#1305875 1*
#1306500 1!
#1306750 0*
#1307750 1*
#1308250 0!
#1308375 1"
#1308625 0*
#1309625 1*
#1310250 1!
#1310500 0*
#1311500 1*
#1312625 1) 1-
#1312875 0!
#1313000 1# 1(
#1313750 0)
#1313875 0(
#1314000 0" 0# 1$
#1314250 0*
#1315250 1*
#1315500 1)
#1315750 1! 1" 1# 1& 1(
#1316625 0)
#1318250 1)
#1318500 0# 0$ 0% 0& 0' 0(
#1319375 0) 0-
#1319500 0!
#1319625 0" 1# 1% 1'
#1319875 0*
#1320875 1*
#1321500 1!
#1321750 0*
#1322750 1*
#1323250 0!
#1323375 1"
#1323625 0*
#1324625 1*
#1325250 1!
#1325500 0*
#1326500 1*
#1327625 1)
#1327750 1-
#1327875 0!
#1328000 1(
#1328750 0)
#1329000 0" 1$ 0(
#1329250 0*
#1330250 1*
#1330500 1)
#1330750 1(
#1330875 1" 1&
#1331625 0)
#1331875 1!
#1332125 0*
#1333125 1*
#1333250 1)
#1333625 0# 0$ 0% 0& 0' 0(
#1334375 0) 0-
#1334625 0! 0" 1$ 1% 1'
#1334875 0*
#1335875 1*
#1336500 1!
#1336750 0*
#1337750 1*
#1338375 0! 1"
#1338625 0*
#1339625 1*
#1340250 1!
#1340500 0*
#1341500 1*
#1342625 1)
#1342750 1-
#1342875 0!
#1343000 1# 0$ 1(
#1343750 0)
#1344000 0" 0# 0% 1& 0(
#1344250 0*
#1345250 1*
#1345500 1)
#1345875 1! 1" 1# 1$ 1% 1(
#1346625 0)
#1348250 1)
#1348625 0# 0$ 0% 0& 0' 0(
#1349375 0) 0-
#1349625 0! 0"
#1349750 1# 1$ 1% 1'
#1349875 0*
#1350875 1*
#1351500 1!
#1351750 0*
#1352750 1*
#1353375 0!
#1353500 1"
#1353625 0*
#1354625 1*
#1355250 1!
#1355500 0*
#1356500 1*
#1357750 1) 1-
#1358000 0! 0$ 1(
#1358750 0)
#1359000 0" 0% 0(
#1359125 1&
#1359250 0*
#1360250 1*
#1360500 1)
#1360875 1! 1" 1$ 1% 1(
#1361625 0)
#1363375 1)
#1363625 0# 0$ 0% 0& 0' 0(
#1364375 0) 0-
#1364625 0! 0"
#1364750 1& 1'
#1364875 0*
#1365875 1*
#1366625 1!
#1366750 0*
#1367875 1*
#1368375 0!
#1368500 1"
#1368625 0*
#1369750 1*
#1370250 1!
#1370500 0*
#1371625 1*
#1372750 1) 1-
#1373000 0! 1# 1% 0& 1(
#1373875 0)
#1374000 0" 0# 0% 0(
#1374125 1$ 1&
#1374250 0*
#1375375 1*
#1375500 1)
#1375875 1! 1" 1# 1% 1(
#1376625 0)
#1378375 1)
#1378625 0# 0$ 0% 0& 0' 0(
#1379375 0-
#1379500 0)
#1379625 0! 0"
#1379750 1# 1& 1'
#1379875 0*
#1381000 1*
#1381625 1!
#1381750 0*
#1382875 1*
#1383375 0!
#1383500 1"
#1383625 0*
#1384750 1*
#1385375 1!
#1385500 0*
#1386625 1*
#1387750 1) 1-
#1388000 0! 1% 0& 1(
#1388125 0/
#1388875 0)
#1389000 0" 0% 0(
#1389125 1$ 1&
#1389250 0*
#1390375 1*
#1390500 1)
#1390875 1! 1" 1% 1(
#1391625 0)
#1392125 0+
#1393125 1+
#1393375 1)
#1393625 0# 0$ 0% 0& 0' 0(
#1394375 0-
#1394500 0)
#1394625 0! 0"
#1394750 1$ 1& 1'
#1395000 0*
#1395125 1/
#1396000 1*
#1396625 1!
#1396875 0*
#1397875 1*
#1398375 0!
#1398500 1"
#1398750 0*
#1399750 1*
#1400375 1!
#1400625 0*
#1401625 1*
#1402750 1) 1-
#1403000 0! 1# 0$ 0& 1(
#1403125 1%
#1403875 0)
#1404000 0" 0# 0(
#1404125 1&
#1404250 0*
#1405375 1*
#1405500 1)
#1405875 1! 1" 1# 1$ 1(
#1406625 0)
#1408375 1)
#1408625 0# 0$ 0% 0& 0' 0(
#1409375 0-
#1409500 0)
#1409625 0! 0"
#1409750 1# 1$ 1& 1'
#1409875 0*
#1411000 1*
#1411625 1!
#1411875 0*
#1412875 1*
#1413375 0!
#1413500 1"
#1413750 0*
#1414750 1*
#1415375 1!
#1415625 0*
#1416625 1*
#1417750 1) 1-
#1418000 0! 0$ 0& 1(
#1418125 1%
#1418875 0)
#1419000 0" 0(
#1419125 1&
#1419250 0*
#1420375 1*
#1420500 1)
#1420875 1! 1" 1$ 1(
#1421625 0)
#1423375 1)
#1423625 0# 0$ 0% 0& 0' 0(
#1424375 0-
#1424500 0)
#1424625 0! 0"
#1424750 1% 1& 1'
#1424875 0*
#1426000 1*
#1426625 1!
#1426750 0*
#1427875 1*
#1428375 0!
#1428500 1"
#1428625 0*
#1429750 1*
#1430375 1!
#1430500 0*
#1431625 1*
#1432750 1) 1-
#1433000 0! 1# 0& 1(
#1433875 0)
#1434000 0" 0# 0(
#1434125 1$ 1&
#1434250 0*
#1435375 1*
#1435500 1)
#1435875 1! 1" 1# 1(
#1436625 0)
#1438375 1)
#1438625 0# 0$ 0% 0& 0' 0(
#1439375 0) 0-
#1439625 0! 0"
#1439750 1# 1% 1& 1'
#1439875 0*
#1441000 1*
#1441625 1!
#1441750 0*
#1442875 1*
#1443375 0!
#1443500 1"
#1443625 0*
#1444000 0/
#1444750 1*
#1445250 1!
#1445500 0*
#1446625 1*
#1447750 1) 1-
#1448000 0! 0& 1(
#1448750 0)
#1449000 0" 0(
#1449125 1$ 1&
#1449250 0*
#1450250 1*
#1450500 1)
#1450750 0# 0$ 0% 0& 0'
#1451000 1/
#1451625 0)
#1451875 1! 1" 1# 1$ 1% 1&
#1452125 0*
#1453125 1*
#1453375 1)
#1453625 0# 0$ 0% 0&
#1454375 0) 0-
#1454625 0! 0"
#1454750 1$ 1% 1& 1'
#1454875 0*
#1455875 1*
#1456500 1!
#1456750 0*
#1457750 1*
#1458375 0!
#1458500 1"
#1458625 0*
#1459625 1*
#1460250 1!
#1460500 0*
#1461500 1*
#1462750 1) 1-
#1463000 1# 1(
#1463750 0)
#1464250 0+
#1465375 1+
#1465500 1)
#1465750 0! 0" 0# 0$ 0% 0& 0(
#1466625 0)
#1466750 0'
#1467125 0+
#1468125 1+
#1468375 1)
#1468625 1! 1"
#1469375 0) 0-
#1469625 0! 0" 1& 1'
#1469750 1# 1$ 1%
#1469875 0*
#1470875 1*
#1471500 1!
#1471750 0*
#1472750 1*
#1473375 0! 1"
#1473625 0*
#1474625 1*
#1475250 1!
#1475500 0*
#1476500 1*
#1477625 1)
#1477750 1-
#1477875 0!
#1478000 0$ 0& 1(
#1478750 0)
#1479000 0" 0# 0% 0' 0(
#1479250 0*
#1480250 1*
#1480875 1!
#1481125 0*
#1482125 1*
#1482750 0! 1"
#1483000 0*
#1483750 1)
#1484000 1*
#1484125 1# 1% 1' 1(
#1484875 0)
#1485000 0(
#1485125 0" 0% 0'
#1485375 0*
#1486375 1*
#1487000 1!
#1487250 0*
#1488250 1*
#1488750 0!
#1488875 1"
#1489125 0*
#1489875 1)
#1490125 1( 1*
#1490250 1! 1$ 1% 1& 1'
#1491000 0)
#1492625 1)
#1492875 0!
#1493000 0" 0# 0&
#1493750 0)
#1494000 1" 1# 0$ 0% 0' 0(
#1494250 0*
#1495250 1*
#1495875 1%
#1496125 0*
#1497125 1*
#1497375 1)
#1497625 0" 1' 1(
#1498500 0)
#1498625 0% 0' 0(
#1498750 1"
#1499000 0*
#1500000 1*
#1500125 1)
#1500375 0" 0#
#1500500 1$ 1% 1' 1(
#1501250 0)
#1501500 1" 1# 0$ 0% 1& 0' 0(
#1501750 0*
#1502750 1*
#1503375 1%
#1503625 0*
#1504625 1*
#1504875 1)
#1505125 0" 0& 1' 1(
#1506000 0)
#1506125 0' 0(
#1506250 1"
#1506375 0*
#1507500 1*
#1507625 1)
#1508000 1' 1(
#1508750 0)
#1508875 0(
#1509000 0" 0# 1$ 0% 0'
#1509250 0*
#1510250 1*
#1510875 1!
#1511125 0*
#1512125 1*
#1512625 0!
#1512750 1"
#1513000 0*
#1513750 1)
#1514000 0$ 1*
#1514125 1# 1% 1' 1(
#1514875 0)
#1515000 0% 0' 0(
#1515125 0" 1$
#1515375 0*
#1516375 1*
#1517000 1!
#1517250 0*
#1518250 1*
#1518750 0!
#1518875 1"
#1519125 0*
#1520250 1)
#1520500 1*
#1521125 1! 1% 1& 1' 1(
#1521875 0)
#1524000 1)
#1524250 0! 0" 0#
#1524375 0&
#1525125 0)
#1525750 0(
#1525875 1" 1# 0$ 0%
#1526125 0*
#1527125 1*
#1527750 1%
#1528000 0*
#1529000 1*
#1529250 1)
#1529500 0" 1(
#1530250 0)
#1530500 1" 0% 0' 0(
#1530625 1&
#1530750 0*
#1531750 1*
#1532000 1)
#1532250 0" 0# 0& 1(
#1532375 1$ 1% 1'
#1533125 0)
#1533250 0$ 0% 0(
#1533375 1" 1# 1&
#1533625 0*
#1534625 1*
#1535250 1%
#1535500 0*
#1536250 0/
#1536500 1*
#1536625 1)
#1536875 0&
#1537000 0" 1(
#1537750 0)
#1538000 1" 1& 0' 0(
#1538250 0*
#1539250 1*
#1539500 1)
#1539750 0& 1' 1(
#1540625 0)
#1540750 0" 0# 0' 0(
#1541125 0*
#1542125 1*
#1542750 1!
#1543000 0*
#1543250 1/
#1544000 1*
#1544500 0!
#1544625 1"
#1544875 0*
#1545625 1)
#1545875 1' 1( 1*
#1546000 1#
#1546750 0)
#1546875 0" 0' 0(
#1547125 0*
#1548125 1*
#1548875 1!
#1549000 0*
#1550000 1*
#1550625 0!
#1550750 1"
#1550875 0*
#1551625 1)
#1551875 1*
#1552000 1! 1$ 1& 1' 1(
#1552750 0)
#1554500 1)
#1554750 0! 0" 0# 0&
#1555625 0)
#1555750 0$ 0% 0'
#1555875 1" 1#
#1556125 0*
#1557125 1*
#1557750 1%
#1558000 0*
#1559000 1*
#1559125 1)
#1559375 0"
#1559500 1'
#1560250 0)
#1560500 1" 0% 0(
#1560750 0*
#1561750 1*
#1562000 1)
#1562250 0" 0# 1% 1(
#1562375 1$
#1563125 0)
#1563250 0$ 0% 0'
#1563375 1" 1# 1&
#1563625 0*
#1564625 1*
#1565250 1%
#1565500 0*
#1566500 1*
#1566625 1)
#1566875 0" 0&
#1567000 1'
#1567750 0)
#1568000 1" 0(
#1568250 0*
#1569250 1*
#1569500 1)
#1569750 1(
#1570625 0)
#1570750 0" 0# 0' 0(
#1570875 1$
#1571000 0*
#1572125 1*
#1572750 1!
#1573000 0*
#1574000 1*
#1574500 0!
#1574625 1"
#1574875 0*
#1575625 1)
#1575875 0$ 1' 1( 1*
#1576000 1#
#1576625 0)
#1576875 0" 1$ 0' 0(
#1577125 0*
#1578125 1*
#1578750 1!
#1579000 0*
#1580000 1*
#1580625 0!
#1580750 1"
#1580875 0*
#1581625 1)
#1581875 1*
#1582000 1! 1& 1' 1(
#1582750 0)
#1584500 1)
#1584750 0! 0" 0# 0&
#1585625 0)
#1585750 0$ 0%
#1585875 1" 1#
#1586000 0*
#1587125 1*
#1587750 1%
#1587875 0*
#1589000 1*
#1589125 1)
#1589375 0"
#1590250 0)
#1590500 1" 0% 1& 0(
#1590750 0*
#1591750 1*
#1592000 1)
#1592125 0/
#1592250 0" 0# 1% 0& 1(
#1592375 1$
#1593125 0)
#1593250 0$ 0%
#1593375 1" 1# 1&
#1593500 0*
#1594625 1*
#1595250 1%
#1595375 0*
#1596500 1*
#1596625 1)
#1596875 0" 0&
#1597750 0)
#1598000 1" 1& 0(
#1598250 0*
#1599125 1/
#1599250 1*
#1599500 1)
#1614750 1! 1(
#1614875 1$
#1615625 0)
#1617250 1)
#1619375 0)
#1621000 1)
#1624125 0! 0$ 0&
#1625000 0)
#1625125 0" 0# 0% 0' 0(
#1625375 0*
#1626500 1*
#1626625 1)
#1627000 1! 1" 1# 1$ 1% 1& 1' 1(
#1627750 0)
#1629500 1)
#1630625 0)
#1631125 0+
#1632125 1+
#1633000 0+
#1634000 1+
#1634875 0+
#1635875 1+
#1636750 0+
#1637750 1+
#1638875 1)
#1639125 0! 0$ 0&
#1640000 0)
#1640125 0" 0% 0' 0(
#1640500 0*
#1641500 1*
#1641625 1)
#1642000 1! 1" 1$ 1% 1& 1' 1(
#1642750 0)
#1644500 1)
#1644750 0# 0$ 0% 0& 0' 0(
#1645500 0-
#1645625 0)
#1645750 0! 0"
#1645875 1(
#1646125 0*
#1647125 1*
#1647750 1!
#1648000 0*
#1649000 1*
#1649500 0!
#1649625 1"
#1649875 0*
#1650875 1*
#1651500 1!
#1651750 0*
#1652750 1*
#1653875 1) 1-
#1654125 0!
#1654250 1# 1% 1'
#1655000 0)
#1655125 0# 0% 0' 0(
#1655250 0" 1$
#1655500 0*
#1656500 1*
#1656625 1)
#1657000 1! 1" 1# 1% 1& 1' 1(
#1657750 0)
#1659500 1)
#1659750 0# 0$ 0% 0& 0' 0(
#1660500 0-
#1660625 0)
#1660750 0! 0"
#1660875 1# 1(
#1661125 0*
#1662125 1*
#1662750 1!
#1663000 0*
#1664000 1*
#1664500 0!
#1664625 1"
#1664875 0*
#1665875 1*
#1666500 1!
#1666750 0*
#1667750 1*
#1668875 1) 1-
#1669125 0!
#1669250 1% 1'
#1670000 0)
#1670125 0'
#1670250 0" 1$ 0% 0(
#1670500 0*
#1671500 1*
#1671750 1)
#1671875 0$
#1672000 1! 0#
#1672750 0)
#1673125 1" 1# 1$ 1% 1&
#1673375 0+
#1674375 1+
#1674500 1)
#1674750 0# 0$ 0% 0&
#1675625 0) 0-
#1675750 0! 0"
#1675875 1$ 1(
#1676125 0*
#1677125 1*
#1677750 1!
#1678000 0*
#1679000 1*
#1679500 0!
#1679625 1"
#1679875 0*
#1680875 1*
#1681500 1!
#1681750 0*
#1682750 1*
#1683875 1)
#1684000 1-
#1684125 0! 0$
#1684250 1# 1% 1'
#1685000 0)
#1685250 0" 0# 0' 0(
#1685500 0*
#1686500 1*
#1686750 1)
#1687000 1! 1# 1& 1' 1(
#1687125 1" 1$
#1687875 0)
#1689500 1)
#1689750 0# 0$ 0& 0' 0(
#1689875 0%
#1690625 0) 0-
#1690875 0! 0" 1# 1$ 1(
#1691125 0*
#1692125 1*
#1692750 1!
#1693000 0*
#1694000 1*
#1694625 0! 1"
#1694875 0*
#1695875 1*
#1696500 1!
#1696750 0*
#1697750 1*
#1698875 1)
#1699000 1-
#1699125 0!
#1699250 0$ 1% 1'
#1700000 0)
#1700250 0" 0' 0(
#1700500 0*
#1701500 1*
#1701750 1)
#1702000 1(
#1702125 1! 1" 1$ 1& 1'
#1702875 0)
#1704500 1)
#1704875 0# 0$ 0% 0& 0' 0(
#1705625 0) 0-
#1705875 0! 0" 1% 1(
#1706125 0*
#1707125 1*
#1707750 1!
#1708000 0*
#1709000 1*
#1709625 0!
#1709750 1"
#1709875 0*
#1710875 1*
#1711500 1!
#1711750 0*
#1712750 1*
#1714000 1) 1-
#1714125 0!
#1714250 1# 1'
#1715000 0)
#1715250 0" 0# 0' 0(
#1715375 1$
#1715500 0*
#1716500 1*
#1716750 1)
#1717125 1! 1" 1# 1& 1' 1(
#1717875 0)
#1719625 1)
#1719875 0# 0$ 0% 0& 0' 0(
#1720625 0) 0-
#1720875 0! 0" 1(
#1721000 1# 1%
#1721125 0*
#1722125 1*
#1722750 1!
#1723000 0*
#1724000 1*
#1724625 0!
#1724750 1"
#1724875 0*
#1725875 1*
#1726500 1!
#1726750 0*
#1727875 1*
#1729000 1) 1-
#1729250 0! 1'
#1730125 0)
#1730250 0" 0' 0(
#1730375 1$
#1730500 0*
#1731625 1*
#1731750 1)
#1732000 0# 0$ 0%
#1732125 1"
#1732875 0)
#1733125 1! 1# 1$ 1% 1&
#1733375 0*
#1734375 1*
#1734625 1)
#1734875 0# 0$ 0% 0&
#1735625 0-
#1735750 0)
#1735875 0! 0"
#1736000 1$ 1% 1(
#1736125 0*
#1737250 1*
#1737875 1!
#1738125 0*
#1739125 1*
#1739625 0!
#1739750 1"
#1740000 0*
#1741000 1*
#1741625 1!
#1741875 0*
#1742875 1*
#1744000 1) 1-
#1744250 0! 0$ 1'
#1744375 1#
#1745125 0)
#1745250 0" 0# 0% 0' 0(
#1745375 1&
#1745625 0*
#1746625 1*
#1746750 1)
#1747125 1! 1" 1# 1$ 1% 1' 1(
#1747875 0)
#1749625 1)
#1749875 0# 0$ 0% 0& 0' 0(
#1750625 0-
#1750750 0)
#1750875 0! 0"
#1751000 1# 1$ 1% 1(
#1751250 0*
#1752250 1*
#1752875 1!
#1753125 0*
#1754125 1*
#1754625 0!
#1754750 1"
#1755000 0*
#1756000 1*
#1756625 1!
#1756875 0*
#1757875 1*
#1759000 1) 1-
#1759250 0! 0$
#1759375 1'
#1760125 0)
#1760250 0' 0(
#1760375 0" 0% 1&
#1760625 0*
#1761625 1*
#1761875 1)
#1762125 1! 1" 1$ 1% 1' 1(
#1762875 0)
#1764625 1)
#1764875 0# 0$ 0% 0& 0' 0(
#1765500 00
#1765750 0) 0-
#1765875 0! 0"
#1766000 1& 1(
#1766250 0*
#1767250 1*
#1767875 1!
#1768125 0*
#1769125 1*
#1769625 0!
#1769750 1"
#1770000 0*
#1771000 1*
#1771625 1!
#1771875 0*
#1772500 10
#1772875 1*
#1774000 1)
#1774125 1-
#1774250 0! 0&
#1774375 1# 1% 1'
#1775125 0)
#1775375 0" 0# 1$ 0% 1& 0' 0(
#1775625 0*
#1776625 1*
#1776875 1)
#1777125 1! 1" 1' 1(
#1777250 1# 1%
#1778000 0)
#1779625 1)
#1779875 0# 0% 0& 0'
#1780000 0$ 0(
#1780750 0) 0-
#1781000 0! 0" 1# 1& 1(
#1781250 0*
#1782250 1*
#1782875 1!
#1783125 0*
#1784125 1*
#1784750 0! 1"
#1785000 0*
#1786000 1*
#1786625 1!
#1786875 0*
#1787875 1*
#1789000 1)
#1789125 1-
#1789250 0! 0&
#1789375 1% 1'
#1790125 0)
#1790375 0" 1$ 0% 1& 0' 0(
#1790625 0*
#1791625 1*
#1791875 1)
#1792125 1! 0# 0$ 0&
#1792250 1"
#1793000 0)
#1793250 1# 1$ 1% 1&
#1793500 0+
#1794500 1+
#1794625 1)
#1794875 0# 0$ 0% 0&
#1795750 0) 0-
#1796000 0! 0" 1$ 1& 1(
#1796250 0*
#1797250 1*
#1797875 1!
#1798125 0*
#1799125 1*
#1799750 0! 1"
#1800000 0*
#1801000 1*
#1801625 1!
#1801875 0*
#1802875 1*
#1804000 1)
#1804125 1-
#1804250 0!
#1804375 1# 0$ 1% 0& 1'
#1805125 0)
#1805375 0" 0# 1& 0' 0(
#1805625 0*
#1806625 1*
#1806875 1)
#1807250 1! 1" 1# 1$ 1' 1(
#1808000 0)
#1809625 1)
#1810000 0# 0$ 0% 0& 0' 0(
#1810750 0) 0-
#1811000 0! 0" 1& 1(
#1811125 1# 1$
#1811250 0*
#1812250 1*
#1812875 1!
#1813125 0*
#1814125 1*
#1814750 0!
#1814875 1"
#1815000 0*
#1816000 1*
#1816625 1!
#1816875 0*
#1817875 1*
#1819125 1) 1-
#1819250 0!
#1819375 0$ 1% 0& 1'
#1820125 0)
#1820375 0" 1& 0' 0(
#1820625 0*
#1821625 1*
#1821875 1)
#1822250 1! 1" 1$ 1' 1(
#1823000 0)
#1824750 1)
#1825000 0# 0$ 0% 0& 0' 0(
#1825750 0) 0-
#1826000 0! 0" 1(
#1826125 1% 1&
#1826250 0*
#1827250 1*
#1827875 1!
#1828125 0*
#1829125 1*
#1829750 0!
#1829875 1"
#1830000 0*
#1831000 1*
#1831625 1!
#1831875 0*
#1832875 1*
#1834125 1) 1-
#1834250 0!
#1834375 1# 0& 1'
#1835125 0)
#1835375 0" 0# 1& 0' 0(
#1835500 1$
#1835625 0*
#1836625 1*
#1836875 1)
#1837250 1! 1" 1# 1' 1(
#1838000 0)
#1839750 1)
#1840000 0# 0$ 0% 0& 0' 0(
#1840750 0) 0-
#1841000 0! 0" 1( 00
#1841125 1# 1% 1&
#1841250 0*
#1842250 1*
#1842875 1!
#1843125 0*
#1844125 1*
#1844750 0!
#1844875 1"
#1845000 0*
#1846000 1*
#1846625 1!
#1846875 0*
#1847875 1*
#1848000 10
#1849125 1) 1-
#1849250 0!
#1849375 0& 1'
#1850125 0)
#1850375 0" 1& 0' 0(
#1850500 1$
#1850625 0*
#1851625 1*
#1851875 1)
#1852125 0$ 0% 0&
#1853000 0)
#1853250 1! 1" 1$ 1% 1&
#1853500 0*
#1854500 1*
#1854750 1)
#1855000 0# 0$ 0% 0&
#1855750 0) 0-
#1856000 0! 0" 1(
#1856125 1$ 1% 1&
#1856250 0*
#1857250 1*
#1857875 1!
#1858125 0*
#1859125 1*
#1859750 0!
#1859875 1"
#1860000 0*
#1861000 1*
#1861625 1!
#1861875 0*
#1862875 1*
#1864125 1) 1-
#1864250 0!
#1864375 1# 0$ 0& 1'
#1865125 0)
#1865375 0" 0# 0% 0(
#1865625 0*
#1866625 1*
#1866875 1)
#1867250 1! 1" 1# 1$ 1% 1& 1(
#1868000 0)
#1869750 1)
#1870000 0# 0$ 0% 0& 0' 0(
#1870750 0) 0-
#1871000 0! 0" 1(
#1871125 1# 1$ 1% 1&
#1871250 0*
#1872250 1*
#1872875 1!
#1873125 0*
#1874125 1*
#1874750 0!
#1874875 1"
#1875000 0*
#1876000 1*
#1876625 1!
#1876875 0*
#1877875 1*
#1879125 1) 1-
#1879250 0!
#1879375 0$ 0& 1'
#1880125 0)
#1880375 0" 0% 0(
#1880625 0*
#1881625 1*
#1881875 1)
#1882250 1! 1" 1$ 1% 1& 1(
#1883000 0)
#1884625 1)
#1885000 0# 0$ 0% 0& 0' 0(
#1885750 0) 0-
#1886000 0! 0" 1' 1(
#1886250 0*
#1887250 1*
#1887875 1!
#1888125 0*
#1889125 1*
#1889750 0! 1"
#1890000 0*
#1891000 1*
#1891625 1!
#1891875 0*
#1892875 1*
#1894000 1)
#1894125 1-
#1894250 0!
#1894375 1# 1%
#1895125 0)
#1895375 0" 0# 1$ 0% 0(
#1895625 0*
#1896625 1*
#1896875 1)
#1897125 1(
#1897250 1! 1" 1# 1% 1&
#1898000 0)
#1899625 1)
#1900000 0# 0$ 0% 0& 0' 0(
#1900750 0) 0-
#1901000 0! 0" 1# 1' 1(
#1901250 0*
#1902250 1*
#1902875 1!
#1903125 0*
#1904125 1*
#1904750 0! 1"
#1905000 0*
#1906000 1*
#1906625 1!
#1906875 0*
#1907875 1*
#1909000 1)
#1909125 1-
#1909250 0!
#1909375 1%
#1910125 0)
#1910375 0" 1$ 0% 0(
#1910625 0*
#1911625 1*
#1911875 1)
#1912125 1! 0$ 0'
#1913000 0)
#1913250 1" 1$ 1% 1&
#1913500 0+
#1914500 1+
#1914625 1)
#1914875 0# 0$ 0% 0&
#1915750 0) 0-
#1916000 0! 0" 1$ 1' 1(
#1916250 0*
#1917250 1*
#1917875 1!
#1918125 0*
#1919125 1*
#1919625 0!
#1919750 1"
#1920000 0*
#1921000 1*
#1921625 1!
#1921875 0*
#1922875 1*
#1924000 1)
#1924125 1-
#1924250 0! 0$
#1924375 1# 1%
#1925125 0)
#1925375 0" 0# 0(
#1925625 0*
#1926625 1*
#1926875 1)
#1927125 1! 1" 1# 1$ 1& 1(
#1927875 0)
#1929625 1)
#1929875 0# 0$ 0% 0& 0' 0(
#1930750 0) 0-
#1930875 0! 0"
#1931000 1# 1$ 1' 1(
#1931250 0*
#1932250 1*
#1932875 1!
#1933125 0*
#1934125 1*
#1934625 0!
#1934750 1"
#1935000 0*
#1936000 1*
#1936625 1!
#1936875 0*
#1937875 1*
#1939000 1) 1-
#1939250 0! 0$
#1939375 1%
#1940125 0)
#1940250 0(
#1940375 0"
#1940625 0*
#1941625 1*
#1941875 1)
#1942125 1! 1" 1$ 1& 1(
#1942875 0)
#1944625 1)
#1944875 0# 0$ 0% 0& 0' 0(
#1945625 0-
#1945750 0)
#1945875 0! 0"
#1946000 1% 1' 1(
#1946250 0*
#1947250 1*
#1947875 1!
#1948125 0*
#1949125 1*
#1949625 0!
#1949750 1"
#1950000 0*
#1951000 1*
#1951625 1!
#1951875 0*
#1952875 1*
#1954000 1) 1-
#1954250 0!
#1954375 1#
#1955125 0)
#1955250 0" 0# 0(
#1955375 1$
#1955625 0*
#1956625 1*
#1956750 1)
#1957125 1! 1" 1# 1& 1(
#1957875 0)
#1959625 1)
#1959875 0# 0$ 0% 0& 0' 0(
#1960625 0-
#1960750 0)
#1960875 0! 0"
#1961000 1# 1% 1' 1(
#1961250 0*
#1962250 1*
#1962875 1!
#1963125 0*
#1964125 1*
#1964625 0!
#1964750 1"
#1965000 0*
#1966000 1*
#1966625 1!
#1966875 0*
#1967875 1*
#1969000 1) 1-
#1969250 0!
#1970125 0)
#1970250 0" 0(
#1970375 1$
#1970625 0*
#1971625 1*
#1971750 1)
#1972000 0$ 0% 0'
#1972125 1"
#1972875 0)
#1973125 1! 1$ 1% 1&
#1973375 0*
#1974375 1*
#1974625 1)
#1974875 0# 0$ 0% 0&
#1975625 0-
#1975750 0)
#1975875 0! 0"
#1976000 1$ 1% 1' 1(
#1976125 0*
#1977250 1*
#1977875 1!
#1978000 0*
#1979125 1*
#1979625 0!
#1979750 1"
#1979875 0*
#1981000 1*
#1981625 1!
#1981750 0*
#1982875 1*
#1984000 1) 1-
#1984250 0! 1# 0$
#1985125 0)
#1985250 0" 0# 0% 0(
#1985375 1&
#1985500 0*
#1986625 1*
#1986750 1)
#1987125 1! 1" 1# 1$ 1% 1(
#1987875 0)
#1989625 1)
#1989875 0# 0$ 0% 0& 0' 0(
#1990625 0) 0-
#1990875 0! 0"
#1991000 1# 1$ 1% 1' 1(
#1991125 0*
#1992250 1*
#1992875 1!
#1993000 0*
#1994125 1*
#1994625 0!
#1994750 1"
#1994875 0*
#1995875 1*
#1996500 1!
#1996750 0*
#1997750 1*
#1999000 1) 1-
#1999250 0! 0$
#2000000 0)
#2000250 0" 0% 0(
#2000375 1&
#2000500 0*
#2001500 1*
#2001750 1)
#2002125 1! 1" 1$ 1% 1(
#2002875 0)
#2004625 1)
#2004875 0# 0$ 0% 0& 0' 0(
#2005625 0) 0-
#2005875 0! 0" 1' 1(
#2006000 1&
#2006125 0*
#2007125 1*
#2007750 1!
#2008000 0*
#2009000 1*
#2009625 0!
#2009750 1"
#2009875 0*
#2010875 1*
#2011500 1!
#2011750 0*
#2012750 1*
#2014000 1) 1-
#2014125 0!
#2014250 1# 1% 0&
#2015000 0)
#2015250 0" 0# 0% 1& 0(
#2015375 1$
#2015500 0*
#2016500 1*
#2016750 1)
#2017125 1! 1" 1# 1% 1(
#2017875 0)
#2019625 1)
#2019875 0# 0$ 0% 0& 0' 0(
#2020625 0) 0-
#2020875 0! 0" 1' 1(
#2021000 1# 1&
#2021125 0*
#2022125 1*
#2022750 1!
#2023000 0*
#2024000 1*
#2024625 0!
#2024750 1"
#2024875 0*
#2025875 1*
#2026500 1!
#2026750 0*
#2027750 1*
#2029000 1) 1-
#2029125 0!
#2029250 1% 0&
#2030000 0)
#2030250 0" 0% 1& 0(
#2030375 1$
#2030500 0*
#2031500 1*
#2031750 1)
#2032000 0$ 0& 0'
#2032125 1! 1"
#2032875 0)
#2033125 1$ 1% 1&
#2033375 0+
#2034375 1+
#2034625 1)
#2034750 0&
#2034875 0# 0$ 0%
#2035625 0) 0-
#2035875 0! 0" 1' 1(
#2036000 1$ 1&
#2036125 0*
#2037125 1*
#2037750 1!
#2038000 0*
#2039000 1*
#2039625 0!
#2039750 1"
#2039875 0*
#2040875 1*
#2041500 1!
#2041750 0*
#2042750 1*
#2044000 1) 1-
#2044125 0!
#2044250 1# 0$ 1% 0&
#2045000 0)
#2045250 0" 0# 1& 0(
#2045500 0*
#2046500 1*
#2046750 1)
#2047125 1! 1" 1# 1$ 1(
#2047875 0)
#2049625 1)
#2049875 0# 0$ 0% 0& 0' 0(
#2050625 0) 0-
#2050875 0! 0" 1' 1(
#2051000 1# 1$ 1&
#2051125 0*
#2052125 1*
#2052750 1!
#2053000 0*
#2054000 1*
#2054625 0!
#2054750 1"
#2054875 0*
#2055875 1*
#2056500 1!
#2056750 0*
#2057750 1*
#2059000 1) 1-
#2059250 0! 0$ 1% 0&
#2060000 0)
#2060250 0" 1& 0(
#2060500 0*
#2061500 1*
#2061750 1)
#2062125 1! 1" 1$ 1(
#2062875 0)
#2064625 1)
#2064875 0# 0$ 0% 0& 0' 0(
#2065625 0) 0-
#2065875 0! 0" 1' 1(
#2066000 1% 1&
#2066125 0*
#2067125 1*
#2067750 1!
#2068000 0*
#2069000 1*
#2069625 0!
#2069750 1"
#2069875 0*
#2070875 1*
#2071500 1!
#2071750 0*
#2072750 1*
#2074000 1) 1-
#2074250 0! 1# 0&
#2075000 0)
#2075250 0" 0# 0(
#2075375 1$ 1&
#2075500 0*
#2076500 1*
#2076750 1)
#2077125 1! 1" 1# 1(
#2077875 0)
#2079625 1)
#2079875 0# 0$ 0% 0& 0' 0(
#2080625 0) 0-
#2080875 0! 0"
#2081000 1# 1% 1& 1' 1(
#2081125 0*
#2082250 1*
#2082875 1!
#2083000 0*
#2084125 1*
#2084625 0!
#2084750 1"
#2084875 0*
#2086000 1*
#2086625 1!
#2086750 0*
#2087875 1*
#2089000 1) 1-
#2089250 0! 0&
#2090125 0)
#2090250 0" 0(
#2090375 1$ 1&
#2090500 0*
#2091625 1*
#2091750 1)
#2092000 0# 0% 0& 0'
#2092875 0)
#2093125 1! 1" 1# 1% 1&
#2093375 0*
#2094375 1*
#2094625 1)
#2094875 0# 0$ 0% 0&
#2095625 0-
#2095750 0)
#2095875 0! 0"
#2096000 1$ 1% 1& 1' 1(
#2096250 0*
#2097250 1*
#2097875 1!
#2098125 0*
#2099125 1*
#2099625 0!
#2099750 1"
#2100000 0*
#2101000 1*
#2101625 1!
#2101875 0*
#2102875 1*
#2104000 1) 1-
#2104375 1#
#2105125 0)
#2105625 0+
#2106625 1+
#2106750 1)
#2107875 0)
#2109625 1)
#2109875 0# 0$ 0% 0& 0' 0(
#2110625 0-
#2110750 0)
#2110875 0! 0"
#2111000 1# 1$ 1% 1& 1' 1(
#2111250 0*
#2112250 1*
#2112875 1!
#2113125 0*
#2114125 1*
#2114625 0!
#2114750 1"
#2115000 0*
#2116000 1*
#2116625 1!
#2116875 0*
#2117875 1*
#2119000 1) 1-
#2119250 0! 0$ 0&
#2120125 0)
#2120250 0(
#2120375 0" 0# 0% 0'
#2120625 0*
#2121625 1*
#2122250 1!
#2122500 0*
#2123500 1*
#2124000 0!
#2124125 1"
#2124375 0*
#2125125 1)
#2125375 1*
#2125500 1# 1% 1' 1(
#2126250 0)
#2126375 0" 0% 0' 0(
#2126750 0*
#2127750 1*
#2128375 1!
#2128625 0*
#2129625 1*
#2130125 0!
#2130250 1"
#2130500 0*
#2131250 1)
#2131500 1! 1$ 1% 1& 1' 1( 1*
#2132375 0)
#2134000 1)
#2134250 0! 0" 0# 0&
#2135125 0)
#2135375 1! 1" 1# 0$ 0% 0' 0(
#2135625 0*
#2136625 1*
#2137250 1%
#2137500 0*
#2138500 1*
#2138750 1)
#2139000 0! 0" 1' 1(
#2139875 0)
#2140000 0% 0' 0(
#2140125 1! 1"
#2140250 0*
#2141375 1*
#2141500 1)
#2141750 0! 0" 0#
#2141875 1$ 1% 1' 1(
#2142625 0)
#2142875 1! 1" 1# 0$ 0% 1& 0' 0(
#2143125 0*
#2144125 1*
#2144750 1%
#2145000 0*
#2146000 1*
#2146250 1)
#2146500 0! 0" 0& 1' 1(
#2147375 0)
#2147500 0' 0(
#2147625 1! 1"
#2147875 0*
#2148375 0/
#2148875 1*
#2149000 1)
#2149250 0!
#2149375 1' 1(
#2150125 0)
#2150375 0" 0# 1$ 0% 0' 0(
#2150625 0*
#2151625 1*
#2152250 1!
#2152500 0*
#2153500 1*
#2154125 0! 1"
#2154375 0*
#2155125 1)
#2155375 0$ 1* 1/
#2155500 1# 1% 1' 1(
#2156250 0)
#2156500 0" 1$ 0% 0' 0(
#2156750 0*
#2157750 1*
#2158375 1!
#2158625 0*
#2159625 1*
#2160125 0!
#2160250 1"
#2160500 0*
#2161750 1)
#2162000 1*
#2162500 1! 1% 1& 1' 1(
#2163250 0)
#2165500 1)
#2165750 0! 0" 0# 0&
#2166625 0)
#2167250 1! 1" 0$ 0% 0(
#2167375 1#
#2167500 0*
#2168500 1*
#2169250 1%
#2169375 0*
#2170375 1*
#2170625 1)
#2170875 0! 0"
#2171000 1(
#2171750 0)
#2171875 0(
#2172000 1! 1" 0% 1& 0'
#2172250 0*
#2173250 1*
#2173500 1)
#2173750 0! 0" 0# 1$ 1% 0& 1' 1(
#2174500 0)
#2174750 0$ 0% 0(
#2174875 1! 1" 1# 1&
#2175000 0*
#2176125 1*
#2176750 1%
#2176875 0*
#2178000 1*
#2178125 1)
#2178375 0! 0" 0&
#2178500 1(
#2179250 0)
#2179500 1! 1" 1& 0' 0(
#2179750 0*
#2180750 1*
#2181000 1)
#2181250 0! 0& 1' 1(
#2182125 0)
#2182250 0" 0# 0' 0(
#2182500 0*
#2183625 1*
#2184250 1!
#2184500 0*
#2185500 1*
#2186000 0!
#2186125 1"
#2186375 0*
#2187125 1)
#2187375 1' 1( 1*
#2187500 1#
#2188125 0)
#2188375 0" 0' 0(
#2188625 0*
#2189625 1*
#2190250 1!
#2190500 0*
#2191500 1*
#2192125 0!
#2192250 1"
#2192375 0*
#2193125 1)
#2193375 1*
#2193500 1! 1$ 1& 1' 1(
#2194250 0)
#2196000 1)
#2196250 0! 0" 0# 0&
#2197125 0)
#2197250 0$ 0% 0'
#2197375 1! 1" 1#
#2197625 0*
#2198625 1*
#2199250 1%
#2199500 0*
#2200500 1*
#2200625 1)
#2200875 0! 0"
#2201000 1'
#2201750 0)
#2202000 1! 1" 0% 0(
#2202250 0*
#2203250 1*
#2203500 1)
#2203750 0! 0" 0# 1(
#2203875 1$ 1%
#2204625 0)
#2204750 0$ 0% 0'
#2204875 1! 1" 1# 1&
#2205125 0*
#2206125 1*
#2206750 1%
#2207000 0*
#2208000 1*
#2208125 1)
#2208375 0!
#2208500 0" 0& 1'
#2209250 0)
#2209500 1! 1" 0(
#2209750 0*
#2210750 1*
#2211000 1)
#2211250 0!
#2211375 1(
#2212125 0)
#2212250 0(
#2212375 0" 0# 1$ 0'
#2212625 0* 0/
#2213625 1*
#2214250 1!
#2214500 0*
#2215500 1*
#2216000 0!
#2216125 1"
#2216375 0*
#2217125 1)
#2217375 0$ 1*
#2217500 1# 1' 1(
#2218250 0)
#2218375 0" 0' 0(
#2218500 1$
#2218750 0*
#2219625 1/
#2219750 1*
#2220375 1!
#2220625 0*
#2221625 1*
#2222125 0!
#2222250 1"
#2222500 0*
#2223250 1)
#2223500 1! 1& 1' 1( 1*
#2224375 0)
#2226000 1)
#2226250 0! 0" 0# 0&
#2227125 0)
#2227375 1! 1" 1# 0$ 0%
#2227625 0*
#2228625 1*
#2229250 1%
#2229500 0*
#2230500 1*
#2230750 1)
#2231000 0! 0"
#2231875 0)
#2232000 0% 0(
#2232125 1! 1" 1&
#2232250 0*
#2233375 1*
#2233500 1)
#2233750 0! 0" 0# 0&
#2233875 1$ 1% 1(
#2234625 0)
#2234875 1! 1" 1# 0$ 0% 1&
#2235125 0*
#2236125 1*
#2236750 1%
#2237000 0*
#2238000 1*
#2238250 1)
#2238500 0! 0" 0&
#2239375 0)
#2239500 0(
#2239625 1! 1" 1&
#2239875 0*
#2240875 1*
#2241000 1)
#2256375 1$ 1(
#2257125 0)
#2258875 1)
#2260875 0)
#2262625 1)
#2265625 0!
#2265750 0$ 0&
#2266500 0)
#2266750 0" 0# 0% 0' 0(
#2267000 0*
#2268000 1*
#2268250 1)
#2268625 1! 1" 1# 1$ 1% 1& 1' 1(
#2269375 0)
#2271000 1)
#2272125 0)
#2272625 0+
#2273625 1+
#2274500 0+
#2275500 1+
#2276375 0+
#2276875 0/
#2277375 1+
#2278250 0+
#2279250 1+
#2280375 1)
#2280625 0! 0&
#2280750 0$
#2281500 0)
#2281750 0" 0% 0' 0(
#2282000 0*
#2283000 1*
#2283250 1)
#2283500 1(
#2283625 1! 1" 1$ 1% 1& 1'
#2283875 1/
#2284375 0)
#2286000 1)
#2286375 0! 0" 0$ 0% 0& 0' 0(
#2287125 0) 0-
#2287375 0#
#2287625 0*
#2288625 1*
#2289250 1!
#2289500 0*
#2290500 1*
#2291125 0! 1"
#2291375 0*
#2292375 1*
#2293000 1!
#2293250 0*
#2294250 1*
#2295375 1)
#2295500 1-
#2295625 0!
#2295750 1# 1% 1' 1(
#2296500 0)
#2296750 0" 0# 1$ 0% 0' 0(
#2297000 0*
#2298000 1*
#2298250 1)
#2298500 1(
#2298625 1! 1" 1# 1% 1& 1'
#2299375 0)
#2301000 1)
#2301250 0% 0&
#2301375 0! 0" 0$ 0' 0(
#2302125 0) 0-
#2302625 0*
#2303625 1*
#2304250 1!
#2304500 0*
#2305500 1*
#2306125 0! 1"
#2306375 0*
#2307375 1*
#2308000 1!
#2308250 0*
#2309250 1*
#2310375 1)
#2310500 1-
#2310625 0!
#2310750 1% 1' 1(
#2311500 0)
#2311750 0" 1$ 0% 0' 0(
#2312000 0*
#2313000 1*
#2313250 1)
#2313500 1! 0#
#2314375 0)
#2314625 1" 1# 1% 1&
#2314875 0+
#2315875 1+
#2316000 1)
#2316250 0! 0" 0$ 0% 0&
#2317125 0) 0-
#2317375 0# 1$
#2317625 0*
#2318625 1*
#2319250 1!
#2319500 0*
#2320500 1*
#2321000 0!
#2321125 1"
#2321375 0*
#2322375 1*
#2323000 1!
#2323250 0*
#2324250 1*
#2325375 1) 1-
#2325625 0! 0$
#2325750 1# 1% 1' 1(
#2326500 0)
#2326625 0(
#2326750 0" 0# 0'
#2327000 0*
#2328000 1*
#2328250 1)
#2328500 1! 1" 1# 1$ 1& 1' 1(
#2329250 0)
#2331000 1)
#2331250 0! 0" 0$ 0% 0& 0' 0(
#2332125 0) 0-
#2332375 1$
#2332625 0*
#2333625 1*
#2334250 1!
#2334500 0*
#2335500 1*
#2336000 0!
#2336125 1"
#2336375 0*
#2337375 1*
#2338000 1!
#2338250 0*
#2339250 1*
#2340375 1) 1-
#2340625 0! 0$ 1(
#2340750 1% 1'
#2341250 0/
#2341500 0)
#2341625 0' 0(
#2341750 0"
#2342000 0*
#2343000 1*
#2343250 1)
#2343500 1! 1" 1$ 1& 1' 1(
#2344250 0)
#2346000 1)
#2346250 0! 0" 0$ 0% 0& 0' 0(
#2347000 0-
#2347125 0)
#2347250 0#
#2347375 1%
#2347625 0*
#2348250 1/
#2348625 1*
#2349250 1!
#2349500 0*
#2350500 1*
#2351000 0!
#2351125 1"
#2351375 0*
#2352375 1*
#2353000 1!
#2353250 0*
#2354250 1*
#2355375 1) 1-
#2355625 0! 1' 1(
#2355750 1#
#2356500 0)
#2356625 0" 0# 0' 0(
#2356750 1$
#2357000 0*
#2358000 1*
#2358125 1)
#2358500 1! 1" 1# 1& 1' 1(
#2359250 0)
#2361000 1)
#2361250 0! 0" 0$ 0% 0& 0' 0(
#2362000 0-
#2362125 0)
#2362375 1%
#2362625 0*
#2363625 1*
#2364250 1!
#2364500 0*
#2365500 1*
#2366000 0!
#2366125 1"
#2366375 0*
#2367375 1*
#2368000 1!
#2368250 0*
#2369250 1*
#2370375 1) 1-
#2370625 0! 1' 1(
#2371500 0)
#2371625 0" 0' 0(
#2371750 1$
#2371875 0*
#2373000 1*
#2373125 1)
#2373375 0# 0%
#2373500 1"
#2374250 0)
#2374500 1! 1# 1% 1&
#2374750 0*
#2375750 1*
#2376000 1)
#2376250 0! 0" 0$ 0% 0&
#2377000 0-
#2377125 0)
#2377250 0#
#2377375 1$ 1%
#2377500 0*
#2378625 1*
#2379250 1!
#2379375 0*
#2380500 1*
#2381000 0!
#2381125 1"
#2381250 0*
#2382375 1*
#2382875 1!
#2383125 0*
#2384250 1*
#2385375 1) 1-
#2385625 0! 1# 0$ 1' 1(
#2386375 0)
#2386625 0" 0# 0% 0' 0(
#2386750 1&
#2386875 0*
#2387875 1*
#2388125 1)
#2388500 1! 1" 1# 1$ 1% 1' 1(
#2389250 0)
#2391000 1)
#2391250 0! 0" 0$ 0% 0& 0' 0(
#2392000 0) 0-
#2392375 1$ 1%
#2392500 0*
#2393500 1*
#2394125 1!
#2394375 0*
#2395375 1*
#2396000 0!
#2396125 1"
#2396250 0*
#2397250 1*
#2397875 1!
#2398125 0*
#2399125 1*
#2400375 1) 1-
#2400500 0!
#2400625 0$ 1' 1(
#2401375 0)
#2401625 0" 0% 1& 0' 0(
#2401875 0*
#2402875 1*
#2403125 1)
#2403500 1! 1" 1$ 1% 1' 1(
#2404250 0)
#2405500 0/
#2405875 1)
#2406250 0! 0" 0$ 0% 0& 0' 0(
#2407000 0) 0-
#2407250 0# 1&
#2407500 0*
#2408500 1*
#2409125 1!
#2409375 0*
#2410375 1*
#2411000 0! 1"
#2411250 0*
#2412250 1*
#2412500 1/
#2412875 1!
#2413125 0*
#2414125 1*
#2415250 1)
#2415375 1-
#2415500 0!
#2415625 1# 1% 0& 1' 1(
#2416375 0)
#2416625 0" 0# 1$ 0% 1& 0' 0(
#2416875 0*
#2417875 1*
#2418125 1)
#2418375 1(
#2418500 1! 1" 1# 1% 1'
#2419250 0)
#2420875 1)
#2421250 0! 0" 0$ 0% 0& 0' 0(
#2422000 0) 0-
#2422250 1&
#2422500 0*
#2423500 1*
#2424125 1!
#2424375 0*
#2425375 1*
#2426000 0! 1"
#2426250 0*
#2427250 1*
#2427875 1!
#2428125 0*
#2429125 1*
#2430250 1)
#2430375 1-
#2430500 0! 0&
#2430625 1% 1' 1(
#2431375 0)
#2431625 0" 1$ 0% 1& 0' 0(
#2431875 0*
#2432875 1*
#2433125 1)
#2433375 1! 0# 0&
#2433500 1"
#2434250 0)
#2434500 1# 1% 1&
#2434750 0+
#2435750 1+
#2435875 1)
#2436125 0! 0% 0&
#2436250 0" 0$
#2437000 0) 0-
#2437250 0# 1$ 1&
#2437500 0*
#2438500 1*
#2439125 1!
#2439375 0*
#2440375 1*
#2441000 0! 1"
#2441250 0*
#2442250 1*
#2442875 1!
#2443125 0*
#2444125 1*
#2445250 1)
#2445375 1-
#2445500 0! 0$ 0&
#2445625 1# 1% 1' 1(
#2446375 0)
#2446625 0" 0# 1& 0' 0(
#2446875 0*
#2447875 1*
#2448125 1)
#2448375 1' 1(
#2448500 1! 1" 1# 1$
#2449250 0)
#2450875 1)
#2451125 0'
#2451250 0! 0" 0$ 0% 0& 0(
#2452000 0) 0-
#2452250 1$ 1&
#2452500 0*
#2453500 1*
#2454125 1!
#2454375 0*
#2455375 1*
#2456000 0! 1"
#2456250 0*
#2457250 1*
#2457875 1!
#2458125 0*
#2459125 1*
#2460250 1)
#2460375 1-
#2460500 0! 0$ 0&
#2460625 1% 1' 1(
#2461375 0)
#2461625 0" 1& 0' 0(
#2461875 0*
#2462875 1*
#2463125 1)
#2463375 1! 1' 1(
#2463500 1" 1$
#2464250 0)
#2465875 1)
#2466125 0'
#2466250 0! 0" 0$ 0% 0& 0(
#2467000 0) 0-
#2467250 0# 1% 1&
#2467500 0*
#2468500 1*
#2469125 1!
#2469375 0*
#2469750 0/
#2470375 1*
#2471000 0! 1"
#2471250 0*
#2472250 1*
#2472875 1!
#2473125 0*
#2474125 1*
#2475250 1)
#2475375 1-
#2475500 0! 0&
#2475625 1# 1' 1(
#2476375 0)
#2476625 0" 0# 1$ 1& 0' 0(
#2476750 1/
#2476875 0*
#2477875 1*
#2478125 1)
#2478375 1' 1(
#2478500 1! 1" 1#
#2479250 0)
#2480875 1)
#2481250 0! 0" 0$ 0% 0& 0' 0(
#2482000 0) 0-
#2482250 1% 1&
#2482500 0*
#2483500 1*
#2484125 1!
#2484375 0*
#2485375 1*
#2486000 0! 1"
#2486250 0*
#2487250 1*
#2487875 1!
#2488125 0*
#2489125 1*
#2490250 1)
#2490375 1-
#2490500 0! 0&
#2490625 1' 1(
#2491375 0)
#2491625 0" 1$ 1& 0' 0(
#2491875 0*
#2492875 1*
#2493125 1)
#2493375 0% 0&
#2494250 0)
#2494500 1! 1" 1% 1&
#2494750 0*
#2495750 1*
#2495875 1)
#2496125 0! 0" 0% 0&
#2496250 0$
#2497000 0) 0-
#2497250 0# 1$ 1% 1&
#2497500 0*
#2498500 1*
#2499125 1!
#2499375 0*
#2500375 1*
#2501000 0! 1"
#2501250 0*
#2502250 1*
#2502875 1!
#2503125 0*
#2504125 1*
#2505250 1)
#2505375 1-
#2505500 0!
#2505625 1# 0$ 0& 1' 1(
#2506375 0)
#2506625 0" 0# 0% 0(
#2506875 0*
#2507875 1*
#2508125 1)
#2508500 1! 1" 1# 1$ 1% 1& 1(
#2509250 0)
#2510875 1)
#2511250 0! 0" 0$ 0% 0& 0' 0(
#2512000 0) 0-
#2512250 1&
#2512375 1$ 1%
#2512500 0*
#2513500 1*
#2514125 1!
#2514375 0*
#2515375 1*
#2516000 0!
#2516125 1"
#2516250 0*
#2517250 1*
#2517875 1!
#2518125 0*
#2519125 1*
#2520375 1) 1-
#2520625 0! 0$ 0& 1' 1(
#2521375 0)
#2521625 0" 0% 0(
#2521875 0*
#2522875 1*
#2523125 1)
#2523500 1! 1" 1$ 1% 1& 1(
#2524250 0)
#2526000 1)
#2526250 0! 0" 0$ 0% 0& 0' 0(
#2527000 0) 0-
#2527250 0#
#2527375 1'
#2527500 0*
#2528500 1*
#2529125 1!
#2529375 0*
#2530500 1*
#2531000 0!
#2531125 1"
#2531250 0*
#2532375 1*
#2532875 1!
#2533125 0*
#2534000 0/
#2534250 1*
#2535375 1) 1-
#2535625 0! 1# 1% 1(
#2536500 0)
#2536625 0" 0# 0% 0(
#2536750 1$
#2536875 0*
#2538000 1*
#2538125 1)
#2538500 1! 1" 1# 1% 1& 1(
#2539250 0)
#2541000 1) 1/
#2541250 0! 0" 0$ 0% 0& 0' 0(
#2542000 0-
#2542125 0)
#2542375 1'
#2542625 0*
#2543625 1*
#2544250 1!
#2544500 0*
#2545500 1*
#2546000 0!
#2546125 1"
#2546375 0*
#2547375 1*
#2548000 1!
#2548250 0*
#2549250 1*
#2550375 1) 1-
#2550625 0! 1(
#2550750 1%
#2551500 0)
#2551625 0" 0% 0(
#2551750 1$
#2552000 0*
#2553000 1*
#2553125 1)
#2553375 0'
#2553500 1!
#2554250 0)
#2554500 1" 1% 1&
#2554750 0+
#2555750 1+
#2556000 1)
#2556250 0! 0" 0$ 0% 0&
#2557000 0-
#2557125 0)
#2557250 0#
#2557375 1$ 1'
#2557625 0*
#2558625 1*
#2559250 1!
#2559500 0*
#2560500 1*
#2561000 0!
#2561125 1"
#2561375 0*
#2562375 1*
#2563000 1!
#2563250 0*
#2564250 1*
#2565375 1) 1-
#2565625 0! 0$ 1(
#2565750 1# 1%
#2566500 0)
#2566625 0# 0(
#2566750 0"
#2567000 0*
#2568000 1*
#2568250 1)
#2568500 1! 1" 1# 1$ 1& 1(
#2569250 0)
#2571000 1)
#2571250 0! 0" 0$ 0% 0& 0' 0(
#2572125 0) 0-
#2572375 1$ 1'
#2572625 0*
#2573625 1*
#2574250 1!
#2574500 0*
#2575500 1*
#2576000 0!
#2576125 1"
#2576375 0*
#2577375 1*
#2578000 1!
#2578250 0*
#2579250 1*
#2580375 1)
#2580500 1-
#2580625 0! 0$
#2580750 1% 1(
#2581500 0)
#2581750 0" 0(
#2582000 0*
#2583000 1*
#2583250 1)
#2583500 1! 1" 1& 1(
#2583625 1$
#2584375 0)
#2586000 1)
#2586250 0&
#2586375 0! 0" 0$ 0% 0' 0(
#2587125 0) 0-
#2587375 0# 1% 1'
#2587625 0*
#2588625 1*
#2589250 1!
#2589500 0*
#2590500 1*
#2591125 0! 1"
#2591375 0*
#2592375 1*
#2593000 1!
#2593250 0*
#2594250 1*
#2595375 1)
#2595500 1-
#2595625 0!
#2595750 1# 1(
#2596500 0)
#2596750 0" 0# 1$ 0(
#2597000 0*
#2598000 1*
#2598250 1)
#2598375 0/
#2598500 1(
#2598625 1! 1" 1# 1&
#2599375 0)
#2601000 1)
#2601375 0! 0" 0$ 0% 0& 0' 0(
#2602125 0) 0-
#2602375 1'
#2602500 1%
#2602625 0*
#2603625 1*
#2604250 1!
#2604500 0*
#2605375 1/
#2605500 1*
#2606125 0!
#2606250 1"
#2606375 0*
#2607375 1*
#2608000 1!
#2608250 0*
#2609250 1*
#2610500 1) 1-
#2610625 0!
#2610750 1(
#2611500 0)
#2611750 0" 0(
#2611875 1$
#2612000 0*
#2613000 1*
#2613250 1)
#2613500 0% 0'
#2613625 1"
#2614375 0)
#2614625 1! 1% 1&
#2614875 0*
#2615875 1*
#2616125 1)
#2616375 0! 0" 0$ 0% 0&
#2617125 0) 0-
#2617375 0#
#2617500 1$ 1% 1'
#2617625 0*
#2618750 1*
#2619375 1!
#2619500 0*
#2620625 1*
#2621125 0!
#2621250 1"
#2621375 0*
#2622500 1*
#2623125 1!
#2623250 0*
#2624375 1*
#2625500 1) 1-
#2625750 0! 1# 0$ 1(
#2626625 0)
#2626750 0" 0# 0% 0(
#2626875 1&
#2627000 0*
#2628125 1*
#2628250 1)
#2628625 1! 1" 1# 1$ 1% 1(
#2629375 0)
#2631125 1)
#2631375 0! 0" 0$ 0% 0& 0' 0(
#2632125 0-
#2632250 0)
#2632500 1$ 1% 1'
#2632750 0*
#2633750 1*
#2634375 1!
#2634625 0*
#2635625 1*
#2636125 0!
#2636250 1"
#2636500 0*
#2637500 1*
#2638125 1!
#2638375 0*
#2639375 1*
#2640500 1) 1-
#2640750 0! 0$ 1(
#2641625 0)
#2641750 0" 0% 0(
#2641875 1&
#2642125 0*
#2643125 1*
#2643250 1)
#2643625 1! 1" 1$ 1% 1(
#2644375 0)
#2646125 1)
#2646375 0! 0" 0$ 0% 0& 0' 0(
#2647125 0-
#2647250 0)
#2647375 0#
#2647500 1& 1'
#2647750 0*
#2648750 1*
#2649375 1!
#2649625 0*
#2650625 1*
#2651125 0!
#2651250 1"
#2651500 0*
#2652500 1*
#2653125 1!
#2653375 0*
#2654375 1*
#2655500 1) 1-
#2655750 0! 0& 1(
#2655875 1# 1%
#2656625 0)
#2656750 0# 0(
#2656875 0" 1$ 0% 1&
#2657125 0*
#2658125 1*
#2658375 1)
#2658625 1! 1" 1# 1% 1(
#2659375 0)
#2661125 1)
#2661375 0! 0" 0$ 0% 0& 0' 0(
#2662250 0) 0-
#2662500 1& 1'
#2662625 0/
#2662750 0*
#2663750 1*
#2664375 1!
#2664625 0*
#2665625 1*
#2666125 0!
#2666250 1"
#2666500 0*
#2667500 1*
#2668125 1!
#2668375 0*
#2669375 1*
#2669625 1/
#2670500 1) 1-
#2670750 0! 0&
#2670875 1% 1(
#2671625 0)
#2671750 0(
#2671875 0" 1$ 0% 1&
#2672125 0*
#2673125 1*
#2673375 1)
#2673500 0&
#2673625 1! 1" 0'
#2674375 0)
#2674750 1% 1&
#2675000 0+
#2676000 1+
#2676125 1)
#2676375 0! 0" 0$ 0% 0&
#2677250 0) 0-
#2677500 0# 1$ 1& 1'
#2677750 0*
#2678750 1*
#2679375 1!
#2679625 0*
#2680625 1*
#2681125 0!
#2681250 1"
#2681500 0*
#2682500 1*
#2683125 1!
#2683375 0*
#2684375 1*
#2685500 1)
#2685625 1-
#2685750 0! 0$ 0&
#2685875 1# 1% 1(
#2686625 0)
#2686750 0(
#2686875 0" 0# 1&
#2687125 0*
#2688125 1*
#2688375 1)
#2688625 1! 1" 1# 1$ 1(
#2689500 0)
#2691125 1)
#2691375 0! 0" 0$ 0% 0& 0' 0(
#2692250 0) 0-
#2692500 1$ 1& 1'
#2692750 0*
#2693750 1*
#2694375 1!
#2694625 0*
#2695625 1*
#2696125 0!
#2696250 1"
#2696500 0*
#2697500 1*
#2698125 1!
#2698375 0*
#2699375 1*
#2700500 1)
#2700625 1-
#2700750 0! 0$ 0&
#2700875 1% 1(
#2701625 0)
#2701750 0(
#2701875 0" 1&
#2702125 0*
#2703125 1*
#2703375 1)
#2703625 1! 1" 1$ 1(
#2704375 0)
#2706125 1)
#2706375 0! 0" 0$ 0% 0& 0' 0( 1.
#2706500 0.
#2707250 0) 0-
#2707500 0# 1% 1& 1'
#2707750 0*
#2708750 1*
#2709375 1!
#2709625 0*
#2710625 1*
#2711125 0!
#2711250 1"
#2711500 0*
#2712500 1*
#2713125 1!
#2713375 0*
#2714375 1*
#2715500 1)
#2715625 1-
#2715750 0! 0&
#2715875 1# 1(
#2716625 0)
#2716750 0# 0(
#2716875 0" 1$ 1&
#2717125 0*
#2718125 1*
#2718375 1)
#2718625 1! 1" 1# 1(
#2719375 0)
#2721125 1)
#2721375 0! 0" 0$ 0% 0& 0' 0(
#2722250 0) 0-
#2722500 1% 1& 1'
#2722750 0*
#2723750 1*
#2724375 1!
#2724625 0*
#2725625 1*
#2726125 0!
#2726250 1"
#2726500 0*
#2726875 0/
#2727500 1*
#2728125 1!
#2728375 0*
#2729375 1*
#2730500 1) 1-
#2730750 0! 0& 1(
#2731625 0)
#2731750 0(
#2731875 0" 1$ 1&
#2732125 0*
#2733125 1*
#2733375 1)
#2733625 0# 0$ 0& 0'
#2733875 1/
#2734375 0)
#2734750 1! 1" 1# 1$ 1&
#2734875 0*
#2735875 1*
#2736125 1)
#2736375 0! 0" 0$ 0% 0&
#2737250 0) 0-
#2737375 0#
#2737500 1$ 1% 1& 1'
#2737750 0*
#2738750 1*
#2739375 1!
#2739625 0*
#2740625 1*
#2741125 0!
#2741250 1"
#2741500 0*
#2742500 1*
#2743125 1!
#2743375 0*
#2744375 1*
#2745500 1) 1-
#2745875 1# 1(
#2746625 0)
#2747125 0+
#2748125 1+
#2748250 1)
#2749375 0)
#2751125 1)
#2751375 0! 0" 0$ 0% 0& 0' 0(
#2752125 0-
#2752250 0)
#2752500 1$ 1% 1& 1'
#2752750 0*
#2753750 1*
#2754375 1!
#2754625 0*
#2755625 1*
#2756125 0!
#2756250 1"
#2756500 0*
#2757500 1*
#2758125 1!
#2758375 0*
#2759375 1*
#2760500 1) 1-
#2760750 0! 0$ 0& 1(
#2761625 0)
#2761750 0" 0# 0% 0' 0(
#2762125 0*
#2763125 1*
#2763750 1!
#2764000 0*
#2765000 1*
#2765500 0!
#2765625 1"
#2765875 0*
#2766625 1)
#2766875 1' 1( 1*
#2767000 1# 1%
#2767625 0)
#2767875 0" 0% 0' 0(
#2768125 0*
#2769125 1*
#2769750 1!
#2770000 0*
#2771000 1*
#2771625 0!
#2771750 1"
#2771875 0*
#2772625 1)
#2772875 1*
#2773000 1! 1$ 1% 1& 1' 1(
#2773750 0)
#2775500 1)
#2775750 0! 0" 0# 0&
#2776625 0)
#2776750 0% 0' 0(
#2777000 0*
#2778125 1*
#2778750 1%
#2778875 0*
#2780000 1*
#2780125 1)
#2780375 0$
#2780500 1# 1' 1(
#2781250 0)
#2781500 0# 1$ 0% 0' 0(
#2781750 0*
#2782750 1*
#2783000 1)
#2783250 1% 1' 1(
#2784000 0)
#2784250 0% 0' 0(
#2784375 1&
#2784500 0*
#2785625 1*
#2786250 1%
#2786375 0*
#2787375 1*
#2787625 1)
#2787875 0$ 0&
#2788000 1# 1' 1(
#2788750 0)
#2788875 0(
#2789000 0# 1$ 0'
#2789250 0*
#2790250 1*
#2790500 1)
#2790750 1" 1# 0$ 1' 1(
#2791125 0/
#2791500 0)
#2791750 0" 0# 0% 0' 0(
#2791875 1$
#2792000 0*
#2793000 1*
#2793625 1!
#2793875 0*
#2794875 1*
#2795500 0!
#2795625 1"
#2795750 0*
#2796500 1)
#2796750 0$ 1*
#2796875 1# 1% 1' 1(
#2797625 0)
#2797875 0" 1$ 0% 0' 0(
#2798125 0* 1/
#2799125 1*
#2799750 1!
#2800000 0*
#2801000 1*
#2801500 0!
#2801625 1"
#2801875 0*
#2803125 1)
#2803375 1*
#2803875 1! 1% 1& 1' 1(
#2804625 0)
#2806875 1)
#2807125 0! 0" 0# 0&
#2808000 0)
#2808625 0% 0(
#2808875 0*
#2809875 1*
#2810500 1%
#2810750 0*
#2811750 1*
#2812000 1)
#2812250 0$ 1(
#2812375 1#
#2813125 0)
#2813250 0# 0(
#2813375 1$ 0% 1& 0'
#2813625 0*
#2814625 1*
#2814750 1)
#2815000 0&
#2815125 1% 1' 1(
#2815875 0)
#2816125 0% 1& 0(
#2816375 0*
#2817375 1*
#2818000 1%
#2818250 0*
#2819250 1*
#2819500 1)
#2819750 0$ 0& 1(
#2819875 1#
#2820625 0)
#2820750 0# 0' 0(
#2820875 1$ 1&
#2821125 0*
#2822125 1*
#2822250 1)
#2822500 0$ 0&
#2822625 1" 1# 1' 1(
#2823375 0)
#2823625 0" 0# 0' 0(
#2823875 0*
#2824875 1*
#2825500 1!
#2825750 0*
#2826750 1*
#2827375 0! 1"
#2827625 0*
#2828375 1)
#2828625 1*
#2828750 1# 1' 1(
#2829500 0)
#2829625 0' 0(
#2829750 0"
#2830000 0*
#2831000 1*
#2831625 1!
#2831875 0*
#2832875 1*
#2833375 0!
#2833500 1"
#2833750 0*
#2834500 1)
#2834750 1! 1' 1( 1*
#2834875 1$ 1&
#2835625 0)
#2837250 1)
#2837500 0! 0" 0# 0&
#2838375 0)
#2838625 0% 0'
#2838875 0*
#2839875 1*
#2840500 1%
#2840750 0*
#2841750 1*
#2842000 1)
#2842250 0$ 1'
#2842375 1#
#2843125 0)
#2843250 0# 0% 0(
#2843375 1$
#2843500 0*
#2844625 1*
#2844750 1)
#2845125 1% 1(
#2845875 0)
#2846125 0% 1& 0'
#2846375 0*
#2847375 1*
#2848000 1%
#2848250 0*
#2849250 1*
#2849500 1)
#2849750 1# 0$ 0& 1'
#2850500 0)
#2850750 0# 0(
#2850875 1$
#2851000 0*
#2852125 1*
#2852250 1)
#2852500 0$
#2852625 1" 1# 1(
#2853375 0)
#2853500 0(
#2853625 0" 0# 1$ 0'
#2853875 0*
#2854875 1*
#2855500 1! 0/
#2855750 0*
#2856750 1*
#2857250 0!
#2857375 1"
#2857625 0*
#2858375 1)
#2858625 0$ 1*
#2858750 1# 1' 1(
#2859500 0)
#2859625 0" 0' 0(
#2859750 1$
#2860000 0*
#2861000 1*
#2861625 1!
#2861875 0*
#2862500 1/
#2862875 1*
#2863375 0!
#2863500 1"
#2863750 0*
#2864500 1)
#2864750 1! 1& 1' 1( 1*
#2865500 0)
#2867250 1)
#2867500 0! 0" 0# 0&
#2868375 0)
#2868625 0%
#2868875 0*
#2869875 1*
#2870500 1%
#2870750 0*
#2871750 1*
#2872000 1)
#2872250 1# 0$
#2873000 0)
#2873250 0# 0% 0(
#2873375 1$ 1&
#2873500 0*
#2874500 1*
#2874750 1)
#2875000 0&
#2875125 1% 1(
#2875875 0)
#2876000 0%
#2876125 1&
#2876375 0*
#2877375 1*
#2878000 1%
#2878250 0*
#2879250 1*
#2879500 1)
#2879750 1# 0$ 0&
#2880500 0)
#2880750 0# 1& 0(
#2880875 1$
#2881000 0*
#2882000 1*
#2882250 1)
#2897625 1! 1" 1# 1(
#2898375 0)
#2900125 1)
#2902125 0)
#2903875 1)
#2906875 0! 0$ 0&
#2907750 0)
#2908000 0" 0# 0% 0' 0(
#2908250 0*
#2909250 1*
#2909500 1)
#2909750 1! 1" 1# 1$ 1% 1& 1' 1(
#2910500 0)
#2912250 1)
#2913375 0)
#2913875 0+
#2914875 1+
#2915750 0+
#2916750 1+
#2917625 0+
#2918625 1+
#2919500 0+
#2919750 0/
#2920500 1+
#2921625 1)
#2921875 0! 0$ 0&
#2922750 0)
#2923000 0" 0% 0' 0(
#2923250 0*
#2924250 1*
#2924500 1)
#2924750 1! 1" 1$ 1% 1& 1' 1(
#2925625 0)
#2926750 1/
#2927250 1)
#2927500 0! 0" 0$ 0% 0& 0' 0(
#2928375 0) 0-
#2928625 0# 1(
#2928875 0*
#2929875 1*
#2930500 1!
#2930750 0*
#2931750 1*
#2932250 0!
#2932375 1"
#2932625 0*
#2933625 1*
#2934250 1!
#2934500 0*
#2935500 1*
#2936625 1)
#2936750 1-
#2936875 0!
#2937000 1# 1% 1'
#2937750 0)
#2938000 0" 0# 1$ 0% 0' 0(
#2938250 0*
#2939250 1*
#2939500 1)
#2939750 1! 1' 1(
#2939875 1" 1# 1% 1&
#2940625 0)
#2942250 1)
#2942500 0% 0& 0'
#2942625 0! 0" 0$ 0(
#2943375 0) 0-
#2943625 1(
#2943875 0*
#2944875 1*
#2945500 1!
#2945750 0*
#2946750 1*
#2947375 0! 1"
#2947625 0*
#2948625 1*
#2949250 1!
#2949500 0*
#2950500 1*
#2951625 1)
#2951750 1-
#2951875 0!
#2952000 1% 1'
#2952750 0)
#2953000 0" 1$ 0% 0' 0(
#2953250 0*
#2954250 1*
#2954500 1)
#2954750 1! 0# 0$
#2954875 1%
#2955625 0)
#2955875 1" 1# 1$ 1&
#2956125 0+
#2957125 1+
#2957250 1)
#2957500 0! 0" 0&
#2957625 0$ 0%
#2958375 0) 0-
#2958625 0# 1$ 1(
#2958875 0*
#2959875 1*
#2960500 1!
#2960750 0*
#2961750 1*
#2962375 0! 1"
#2962625 0*
#2963625 1*
#2964250 1!
#2964500 0*
#2965500 1*
#2966750 1) 1-
#2966875 0!
#2967000 1# 0$ 1% 1'
#2967750 0)
#2968000 0" 0# 0' 0(
#2968250 0*
#2969250 1*
#2969500 1)
#2969875 1! 1" 1# 1$ 1& 1' 1(
#2970625 0)
#2972375 1)
#2972625 0! 0" 0$ 0% 0& 0' 0(
#2973375 0) 0-
#2973625 1(
#2973750 1$
#2973875 0*
#2974875 1*
#2975500 1!
#2975750 0*
#2976750 1*
#2977375 0!
#2977500 1"
#2977625 0*
#2978625 1*
#2979250 1!
#2979500 0*
#2980500 1*
#2981750 1) 1-
#2982000 0! 0$ 1% 1'
#2982750 0)
#2983000 0" 0' 0(
#2983250 0*
#2984000 0/
#2984375 1*
#2984500 1)
#2984875 1! 1" 1$ 1& 1' 1(
#2985625 0)
#2987375 1)
#2987625 0! 0" 0$ 0% 0& 0' 0(
#2988375 0) 0-
#2988625 0#
#2988750 1% 1(
#2988875 0*
#2990000 1*
#2990625 1!
#2990750 0*
#2991000 1/
#2991875 1*
#2992375 0!
#2992500 1"
#2992750 0*
#2993750 1*
#2994375 1!
#2994625 0*
#2995625 1*
#2996750 1) 1-
#2997000 0! 1# 1'
#2997875 0)
#2998000 0" 0# 0' 0(
#2998125 1$
#2998375 0*
#2999375 1*
#2999500 1)
#2999875 1! 1" 1# 1& 1' 1(
#3000625 0)
#3002375 1)
#3002625 0! 0" 0$ 0% 0& 0' 0(
#3003375 0-
#3003500 0)
#3003750 1% 1(
#3004000 0*
#3005000 1*
#3005625 1!
#3005875 0*
#3006875 1*
#3007375 0!
#3007500 1"
#3007750 0*
#3008750 1*
#3009375 1!
#3009625 0*
#3010625 1*
#3011750 1) 1-
#3012000 0!
#3012125 1'
#3012875 0)
#3013000 0' 0(
#3013125 0" 1$
#3013375 0*
#3014375 1*
#3014625 1)
#3014750 0# 0$
#3014875 1"
#3015625 0)
#3016000 1! 1# 1$ 1&
#3016125 0*
#3017125 1*
#3017375 1)
#3017625 0! 0" 0$ 0% 0&
#3018500 0) 0-
#3018625 0#
#3018750 1$ 1% 1(
#3019000 0*
#3020000 1*
#3020625 1!
#3020875 0*
#3021875 1*
#3022375 0!
#3022500 1"
#3022750 0*
#3023750 1*
#3024375 1!
#3024625 0*
#3025625 1*
#3026750 1)
#3026875 1-
#3027000 0! 0$
#3027125 1# 1'
#3027875 0)
#3028125 0" 0# 0% 1& 0' 0(
#3028375 0*
#3029375 1*
#3029625 1)
#3029875 1! 1' 1(
#3030000 1" 1# 1$ 1%
#3030750 0)
#3032375 1)
#3032625 0! 0$ 0% 0& 0'
#3032750 0" 0(
#3033500 0) 0-
#3033750 1$ 1% 1(
#3034000 0*
#3035000 1*
#3035625 1!
#3035875 0*
#3036875 1*
#3037500 0! 1"
#3037750 0*
#3038750 1*
#3039375 1!
#3039625 0*
#3040625 1*
#3041750 1)
#3041875 1-
#3042000 0!
#3042125 0$ 1'
#3042875 0)
#3043125 0" 0% 1& 0' 0(
#3043375 0*
#3044375 1*
#3044625 1)
#3044875 1(
#3045000 1! 1" 1$ 1% 1'
#3045750 0)
#3047375 1)
#3047750 0! 0" 0$ 0% 0& 0' 0(
#3048375 0/
#3048500 0) 0-
#3048750 0# 1& 1(
#3049000 0*
#3050000 1*
#3050625 1!
#3050875 0*
#3051875 1*
#3052500 0! 1"
#3052750 0*
#3053750 1*
#3054375 1!
#3054625 0*
#3055375 1/
#3055625 1*
#3056875 1) 1-
#3057000 0!
#3057125 1# 1% 0& 1'
#3057875 0)
#3058125 0" 0# 0% 1& 0' 0(
#3058250 1$
#3058375 0*
#3059375 1*
#3059625 1)
#3060000 1! 1" 1# 1% 1' 1(
#3060750 0)
#3062500 1)
#3062750 0! 0" 0$ 0% 0& 0' 0(
#3063500 0) 0-
#3063750 1(
#3063875 1&
#3064000 0*
#3065000 1*
#3065625 1!
#3065875 0*
#3066875 1*
#3067500 0!
#3067625 1"
#3067750 0*
#3068750 1*
#3069375 1!
#3069625 0*
#3070625 1*
#3071875 1) 1-
#3072125 0! 1% 0& 1'
#3072875 0)
#3073125 0" 0% 0' 0(
#3073250 1$ 1&
#3073375 0*
#3074500 1*
#3074625 1)
#3074875 0# 0$ 0&
#3075000 1! 1" 1%
#3075750 0)
#3076000 1# 1$ 1&
#3076250 0+
#3077250 1+
#3077500 1)
#3077750 0! 0" 0$ 0% 0&
#3078500 0-
#3078625 0)
#3078750 0#
#3078875 1$ 1& 1(
#3079125 0*
#3080125 1*
#3080750 1!
#3081000 0*
#3082000 1*
#3082500 0!
#3082625 1"
#3082875 0*
#3083875 1*
#3084500 1!
#3084750 0*
#3085750 1*
#3086875 1) 1-
#3087125 0! 1# 0$ 0& 1'
#3087250 1%
#3088000 0)
#3088125 0" 0# 0' 0(
#3088250 1&
#3088500 0*
#3089500 1*
#3089625 1)
#3090000 1! 1" 1# 1$ 1' 1(
#3090750 0)
#3092500 1)
#3092750 0! 0" 0$ 0% 0& 0' 0(
#3093500 0-
#3093625 0)
#3093875 1$ 1& 1(
#3094125 0*
#3095125 1*
#3095750 1!
#3096000 0*
#3097000 1*
#3097500 0!
#3097625 1"
#3097875 0*
#3098875 1*
#3099500 1!
#3099750 0*
#3100750 1*
#3101875 1) 1-
#3102125 0! 0$ 0& 1'
#3102250 1%
#3103000 0)
#3103125 0" 0' 0(
#3103250 1&
#3103500 0*
#3104500 1*
#3104625 1)
#3104875 0# 0% 0&
#3105000 1' 1(
#3105125 0,
#3105750 0)
#3106000 0' 0(
#3106250 0+
#3107250 1+
#3107500 1)
#3107875 1# 1,
#3108500 0-
#3108625 0)
#3108750 0#
#3108875 1% 1& 1(
#3109125 0*
#3110125 1*
#3110750 1!
#3111000 0*
#3112000 1*
#3112500 0!
#3112625 1"
#3112875 0*
#3113875 1*
#3114500 1!
#3114750 0*
#3115750 1*
#3116875 1) 1-
#3117125 0! 0& 1'
#3117250 1#
#3118000 0)
#3118125 0# 0' 0(
#3118250 0" 1$ 1&
#3118500 0*
#3119500 1*
#3119625 1)
#3120000 1! 1" 1# 1' 1(
#3120750 0)
#3122500 1)
#3122750 0! 0" 0$ 0% 0& 0' 0(
#3123500 0-
#3123625 0)
#3123875 1% 1& 1(
#3124125 0*
#3125125 1*
#3125750 1!
#3126000 0*
#3127000 1*
#3127500 0!
#3127625 1"
#3127875 0*
#3128875 1*
#3129500 1!
#3129750 0*
#3130750 1*
#3131875 1) 1-
#3132125 0! 0& 1'
#3133000 0)
#3133125 0' 0(
#3133250 0" 1$ 1&
#3133500 0*
#3134500 1*
#3134625 1)
#3134875 0$ 0&
#3135750 0)
#3136000 1! 1$ 1&
#3136125 1"
#3136250 0*
#3137250 1*
#3137500 1)
#3137750 0! 0" 0$ 0% 0&
#3138500 0-
#3138625 0)
#3138750 0#
#3138875 1$ 1% 1& 1(
#3139125 0*
#3140125 1*
#3140750 1!
#3141000 0*
#3142000 1*
#3142500 0!
#3142625 1"
#3142875 0*
#3143875 1*
#3144500 1!
#3144750 0*
#3145750 1*
#3146875 1) 1-
#3147125 0! 0$ 0& 1'
#3147250 1#
#3148000 0)
#3148125 0" 0# 0(
#3148250 0%
#3148500 0*
#3149500 1*
#3149625 1)
#3150000 1(
#3150125 0,
#3150750 0)
#3151000 1! 0' 0(
#3151250 0+
#3152250 1+
#3152500 1)
#3152750 0!
#3152875 1# 1,
#3153500 0-
#3153625 0)
#3153875 1$ 1% 1& 1(
#3154125 0*
#3155125 1*
#3155750 1!
#3156000 0*
#3157000 1*
#3157500 0!
#3157625 1"
#3157875 0*
#3158875 1*
#3159500 1!
#3159750 0*
#3160750 1*
#3161875 1) 1-
#3162125 0! 0$ 0& 1'
#3163000 0)
#3163125 0" 0% 0(
#3163500 0*
#3164500 1*
#3164625 1)
#3165000 1! 1" 1$ 1% 1& 1(
#3165750 0)
#3167500 1)
#3167750 0! 0" 0$ 0% 0& 0' 0(
#3168500 0-
#3168625 0)
#3168750 0#
#3168875 1' 1(
#3169125 0*
#3170125 1*
#3170750 1!
#3171000 0*
#3172000 1*
#3172500 0!
#3172625 1"
#3172875 0*
#3173875 1*
#3174500 1!
#3174750 0*
#3175750 1*
#3176875 1) 1-
#3177125 0! 1#
#3177250 1%
#3178000 0)
#3178125 0" 0# 0% 0(
#3178250 1$
#3178375 0*
#3179500 1*
#3179625 1)
#3180000 1! 1" 1# 1% 1& 1(
#3180750 0)
#3182500 1)
#3182750 0! 0" 0$ 0% 0& 0' 0(
#3183500 0-
#3183625 0)
#3183875 1' 1(
#3184000 0*
#3185125 1*
#3185750 1!
#3185875 0*
#3187000 1*
#3187500 0!
#3187625 1"
#3187750 0*
#3188125 00
#3188875 1*
#3189375 1!
#3189625 0*
#3190750 1*
#3191875 1) 1-
#3192125 0! 1%
#3192875 0)
#3193125 0" 0% 0(
#3193250 1$
#3193375 0*
#3194375 1*
#3194625 1)
#3194875 0$ 0'
#3195000 1! 1%
#3195125 10
#3195750 0)
#3196000 1" 1$ 1&
#3196250 0+
#3197250 1+
#3197500 1)
#3197750 0! 0" 0$ 0% 0&
#3198500 0) 0-
#3198750 0#
#3198875 1$ 1' 1(
#3199000 0*
#3200000 1*
#3200625 1!
#3200875 0*
#3201875 1*
#3202500 0!
#3202625 1"
#3202750 0*
#3203750 1*
#3204375 1!
#3204625 0*
#3205625 1*
#3206875 1) 1-
#3207000 0!
#3207125 1# 0$ 1%
#3207875 0)
#3208125 0" 0# 0(
#3208375 0*
#3209375 1*
#3209625 1)
#3209875 0% 1(
#3210000 0,
#3210750 0)
#3210875 0'
#3211250 0+
#3212250 1+
#3212375 1)
#3212625 0(
#3212750 1#
#3212875 1,
#3213500 0) 0-
#3213750 1' 1(
#3213875 1$
#3214000 0*
#3215000 1*
#3215625 1!
#3215875 0*
#3216875 1*
#3217500 0! 1"
#3217750 0*
#3218750 1*
#3219375 1!
#3219625 0*
#3220625 1*
#3221750 1)
#3221875 1-
#3222000 0!
#3222125 0$ 1%
#3222875 0)
#3223125 0" 0(
#3223375 0*
#3224375 1*
#3224625 1)
#3224875 1(
#3225000 1! 1" 1$ 1&
#3225750 0)
#3227375 1)
#3227750 0! 0" 0$ 0% 0& 0' 0(
#3228500 0) 0-
#3228750 0# 1% 1' 1(
#3229000 0*
#3230000 1*
#3230625 1!
#3230875 0*
#3231875 1*
#3232500 0! 1"
#3232750 0*
#3233750 1*
#3234375 1!
#3234625 0*
#3235625 1*
#3236750 1)
#3236875 1-
#3237000 0!
#3237125 1#
#3237875 0)
#3238125 0" 0# 1$ 0(
#3238375 0*
#3239375 1*
#3239625 1)
#3239875 0$ 0% 1(
#3240000 0,
#3240750 0)
#3240875 0'
#3241000 1!
#3241250 0+
#3242250 1+
#3242375 1)
#3242625 0! 0(
#3242750 1# 1,
#3243500 0) 0-
#3243750 1% 1' 1(
#3244000 0*
#3245000 1*
#3245625 1!
#3245875 0*
#3246875 1*
#3247375 0!
#3247500 1"
#3247750 0*
#3248750 1*
#3249375 1!
#3249625 0*
#3250625 1*
#3251750 1)
#3251875 1-
#3252000 0!
#3252875 0)
#3253125 0" 1$ 0(
#3253375 0*
#3254375 1*
#3254625 1)
#3254875 1" 0$ 0'
#3255625 0)
#3256000 1! 1$ 1&
#3256125 0*
#3257125 1*
#3257375 1)
#3257625 0! 0" 0$ 0% 0&
#3258500 0) 0-
#3258750 0# 1$ 1% 1' 1(
#3259000 0*
#3260000 1*
#3260625 1!
#3260875 0*
#3261875 1*
#3262375 0!
#3262500 1"
#3262750 0*
#3263750 1*
#3264375 1!
#3264625 0*
#3265625 1*
#3266750 1) 1-
#3267000 0! 0$
#3267125 1#
#3267875 0)
#3268000 0#
#3268125 0" 0% 1& 0(
#3268375 0*
#3269375 1*
#3269625 1)
#3269875 1! 1" 1# 1$ 1% 1(
#3270625 0)
#3272000 00
#3272375 1)
#3272625 0! 0" 0$ 0% 0& 0' 0(
#3273375 0-
#3273500 0)
#3273750 1$ 1% 1' 1(
#3274000 0*
#3275000 1*
#3275625 1!
#3275875 0*
#3276875 1*
#3277375 0!
#3277500 1"
#3277750 0*
#3278750 1*
#3279000 10
#3279375 1!
#3279625 0*
#3280625 1*
#3281750 1) 1-
#3282000 0! 0$
#3282875 0)
#3283000 0" 0% 0(
#3283125 1&
#3283375 0*
#3284375 1*
#3284500 1)
#3284875 1! 1" 1$ 1% 1(
#3285625 0)
#3287375 1)
#3287625 0! 0" 0$ 0% 0& 0' 0(
#3288375 0-
#3288500 0)
#3288625 0#
#3288750 1& 1' 1(
#3289000 0*
#3290000 1*
#3290625 1!
#3290875 0*
#3291875 1*
#3292375 0!
#3292500 1"
#3292750 0*
#3293750 1*
#3294375 1!
#3294625 0*
#3295625 1*
#3296750 1) 1-
#3297000 0! 0&
#3297125 1# 1%
#3297875 0)
#3298000 0" 0# 0% 0(
#3298125 1$ 1&
#3298375 0*
#3299375 1*
#3299500 1)
#3299875 1! 1" 1# 1% 1(
#3300625 0)
#3302375 1)
#3302625 0! 0" 0$ 0% 0& 0' 0(
#3303375 0-
#3303500 0)
#3303750 1& 1' 1(
#3304000 0*
#3305000 1*
#3305625 1!
#3305875 0*
#3306875 1*
#3307375 0!
#3307500 1"
#3307750 0*
#3308750 1*
#3309375 1!
#3309625 0*
#3310625 1*
#3311750 1) 1-
#3312000 0! 0&
#3312125 1%
#3312875 0)
#3313000 0" 0% 0(
#3313125 1$ 1&
#3313375 0*
#3314375 1*
#3314500 1)
#3314750 0$ 0& 0'
#3314875 1! 1" 1%
#3315625 0)
#3315875 1$ 1&
#3316125 0+
#3317125 1+
#3317375 1)
#3317625 0! 0" 0$ 0% 0&
#3318375 0-
#3318500 0)
#3318625 0#
#3318750 1$ 1& 1' 1(
#3319000 0*
#3320000 1*
#3320625 1!
#3320875 0*
#3321875 1*
#3322375 0!
#3322500 1"
#3322750 0*
#3323750 1*
#3324375 1!
#3324625 0*
#3325625 1*
#3326750 1) 1-
#3327000 0! 0$ 0&
#3327125 1# 1%
#3327875 0)
#3328000 0" 0# 0(
#3328125 1&
#3328375 0*
#3329375 1*
#3329500 1)
#3329875 1! 1" 1# 1$ 1(
#3330625 0)
#3332375 1)
#3332625 0! 0" 0$ 0% 0& 0' 0(
#3333375 0-
#3333500 0)
#3333750 1$ 1& 1' 1(
#3334000 0*
#3335000 1*
#3335625 1!
#3335875 0*
#3336875 1*
#3337375 0!
#3337500 1"
#3337750 0*
#3338750 1*
#3339375 1!
#3339625 0*
#3340625 1*
#3341750 1) 1-
#3342000 0! 0$ 0&
#3342125 1%
#3342875 0)
#3343000 0" 0(
#3343125 1&
#3343375 0*
#3344375 1*
#3344500 1)
#3344875 1! 1" 1$ 1(
#3345625 0)
#3347375 1)
#3347625 0! 0" 0$ 0% 0& 0' 0(
#3348375 0-
#3348500 0)
#3348625 0#
#3348750 1% 1& 1' 1(
#3349000 0*
#3350000 1*
#3350625 1!
#3350875 0*
#3351875 1*
#3352375 0!
#3352500 1"
#3352750 0*
#3353750 1*
#3354375 1!
#3354625 0*
#3355625 1*
#3355875 00
#3356750 1) 1-
#3357000 0! 0&
#3357125 1#
#3357875 0)
#3358000 0" 0# 0(
#3358125 1$ 1&
#3358375 0*
#3359375 1*
#3359500 1)
#3359875 1! 1" 1# 1(
#3360625 0)
#3362375 1)
#3362625 0! 0" 0$ 0% 0& 0' 0(
#3362750 10
#3363375 0-
#3363500 0)
#3363750 1% 1& 1' 1(
#3364000 0*
#3365000 1*
#3365625 1!
#3365875 0*
#3366875 1*
#3367375 0!
#3367500 1"
#3367750 0*
#3368750 1*
#3369375 1!
#3369625 0*
#3370625 1*
#3371750 1) 1-
#3372000 0! 0&
#3372875 0)
#3373000 0(
#3373125 0" 1$ 1&
#3373375 0*
#3374375 1*
#3374625 1)
#3374875 0# 0& 0'
#3375625 0)
#3376000 1! 1" 1# 1&
#3376125 0*
#3377125 1*
#3377375 1)
#3377625 0! 0" 0$ 0% 0&
#3378500 0) 0-
#3378625 0#
#3378750 1$ 1% 1& 1' 1(
#3379000 0*
#3380000 1*
#3380625 1!
#3380875 0*
#3381875 1*
#3382375 0!
#3382500 1"
#3382750 0*
#3383750 1*
#3384375 1!
#3384625 0*
#3385625 1*
#3386750 1)
#3386875 1-
#3387125 1#
#3387875 0)
#3388375 0+
#3389375 1+
#3389625 1)
#3390750 0)
#3392375 1)
#3392625 0% 0& 0'
#3392750 0! 0" 0$ 0(
#3393500 0) 0-
#3393750 1$ 1% 1& 1' 1(
#3394000 0*
#3395000 1*
#3395625 1!
#3395875 0*
#3396875 1*
#3397500 0! 1"
#3397750 0*
#3398750 1*
#3399375 1!
#3399625 0*
#3400625 1*
#3401750 1)
#3401875 1-
#3402000 0! 0&
#3402125 0$
#3402875 0)
#3403125 0" 0# 0% 0' 0(
#3403375 0*
#3404375 1*
#3405000 1!
#3405250 0*
#3406250 1*
#3406875 0! 1"
#3407125 0*
#3407875 1)
#3408125 1*
#3408250 1# 1% 1' 1(
#3409000 0)
#3409250 0" 0% 0' 0(
#3409500 0*
#3410500 1*
#3411125 1!
#3411375 0*
#3412375 1*
#3412875 0!
#3413000 1"
#3413250 0*
#3414000 1)
#3414250 1*
#3414375 1! 1$ 1% 1& 1' 1(
#3415125 0)
#3416875 1)
#3417125 0! 0" 0# 0&
#3417875 0)
#3418125 1! 0% 0' 0(
#3418375 0*
#3419375 1*
#3420125 1%
#3420250 0*
#3421250 1*
#3421500 1)
#3421750 0! 0$
#3421875 1# 1' 1(
#3422625 0)
#3422750 0(
#3422875 1! 0# 1$ 0% 0'
#3423125 0*
#3424125 1*
#3424375 1)
#3424500 0!
#3424625 1% 1' 1(
#3425375 0)
#3425625 1! 0% 0' 0(
#3425750 1&
#3425875 0*
#3426875 1*
#3427625 1%
#3427750 0*
#3428875 1*
#3429000 1)
#3429250 0! 0$ 0&
#3429375 1# 1' 1(
#3430125 0)
#3430375 1! 0# 1$ 0' 0(
#3430625 0*
#3431625 1*
#3431875 1)
#3432125 0! 1" 1# 0$ 1' 1(
#3433000 0)
#3433125 0" 0# 0% 0' 0(
#3433250 1$
#3433375 0*
#3434500 1*
#3435125 1!
#3435250 0*
#3436375 1*
#3436875 0!
#3437000 1"
#3437125 0*
#3438000 1)
#3438250 0$ 1' 1( 1*
#3438375 1# 1%
#3439000 0)
#3439250 0" 1$ 0% 0' 0(
#3439500 0*
#3440500 1*
#3441125 1!
#3441375 0*
#3442375 1*
#3443000 0!
#3443125 1"
#3443250 0*
#3444500 1)
#3444750 1*
#3445250 1! 1' 1(
#3445375 1% 1&
#3446125 0)
#3448250 1)
#3448500 0! 0" 0# 0&
#3449375 0)
#3450000 0% 0(
#3450125 1!
#3450375 0*
#3451375 1*
#3452000 1%
#3452250 0*
#3453250 1*
#3453375 1)
#3453625 0!
#3453750 1# 0$ 1(
#3454500 0)
#3454750 1! 0# 1$ 0% 1& 0' 0(
#3455000 0*
#3456000 1*
#3456250 1)
#3456500 0! 0& 1' 1(
#3456625 1%
#3457375 0)
#3457500 0% 0(
#3457625 1! 1&
#3457875 0*
#3458875 1*
#3459500 1%
#3459750 0*
#3460750 1*
#3461000 1)
#3461125 0!
#3461250 1# 0$ 0& 1(
#3462000 0)
#3462250 1! 0# 1& 0' 0(
#3462375 1$
#3462500 0*
#3463500 1*
#3463750 1)
#3464000 0! 0$ 0& 1(
#3464125 1" 1# 1'
#3464875 0)
#3465000 0# 0(
#3465125 0" 0'
#3465375 0*
#3466375 1*
#3467000 1!
#3467250 0*
#3468250 1*
#3468750 0!
#3468875 1"
#3469125 0*
#3469875 1)
#3470125 1*
#3470250 1# 1' 1(
#3471000 0)
#3471125 0" 0' 0(
#3471500 0*
#3472500 1*
#3473125 1!
#3473375 0*
#3474375 1*
#3474875 0!
#3475000 1"
#3475250 0*
#3476000 1)
#3476250 1! 1& 1' 1( 1*
#3476375 1$
#3477125 0)
#3478750 1)
#3479000 0! 0" 0# 0&
#3479875 0)
#3480125 1! 0% 0'
#3480375 0*
#3481375 1*
#3482000 1%
#3482250 0*
#3483250 1*
#3483500 1)
#3483750 0! 0$ 1'
#3483875 1#
#3484625 0)
#3484750 0# 0% 0(
#3484875 1! 1$
#3485125 0*
#3486125 1*
#3486250 1)
#3486500 0!
#3486625 1% 1(
#3487375 0)
#3487625 1! 0% 1& 0'
#3487875 0*
#3488875 1*
#3489500 1%
#3489750 0*
#3490750 1*
#3491000 1)
#3491250 0! 0$ 0& 1'
#3491375 1#
#3492125 0)
#3492250 0# 0(
#3492375 1! 1$
#3492625 0*
#3493625 1*
#3493750 1)
#3494000 0! 0$
#3494125 1" 1# 1(
#3494875 0)
#3495125 0" 0# 1$ 0' 0(
#3495375 0*
#3496375 1*
#3497000 1!
#3497250 0*
#3498250 1*
#3498875 0! 1"
#3499125 0*
#3499875 1)
#3500125 0$ 1*
#3500250 1# 1' 1(
#3501000 0)
#3501250 0" 1$ 0' 0(
#3501500 0*
#3502500 1*
#3503125 1!
#3503375 0*
#3504375 1*
#3504875 0!
#3505000 1"
#3505250 0*
#3506000 1)
#3506250 1*
#3506375 1! 1& 1' 1(
#3507125 0)
#3508750 1)
#3509125 0! 0" 0# 0&
#3509875 0)
#3510125 1! 0%
#3510375 0*
#3511375 1*
#3512125 1%
#3512250 0*
#3513250 1*
#3513500 1)
#3513750 0! 0$
#3513875 1#
#3514625 0)
#3514875 1! 0# 1$ 0% 1& 0(
#3515125 0*
#3516125 1*
#3516375 1)
#3516500 0!
#3516625 1% 0& 1(
#3517375 0)
#3517625 1! 0%
#3517750 1&
#3517875 0*
#3518875 1*
#3519625 1%
#3519750 0*
#3520750 1*
#3521000 1)
#3521250 0! 0$ 0&
#3521375 1#
#3522125 0)
#3522375 1! 0# 1$ 1& 0(
#3522625 0*
#3523625 1*
#3523875 1)
#3526250 0/
#3533250 1/
#3539125 1" 1# 1(
#3540000 0)
#3541625 1)
#3543750 0)
#3545375 1)
#3548500 0! 0$ 0&
#3549375 0)
#3549500 0" 0# 0% 0' 0(
#3549750 0*
#3550875 1*
#3551000 1)
#3551375 1! 1" 1# 1$ 1% 1& 1' 1(
#3552125 0)
#3553875 1)
#3555000 0)
#3555500 0+
#3556500 1+
#3557375 0+
#3558375 1+
#3559250 0+
#3560250 1+
#3561125 0+
#3562125 1+
#3563250 1)
#3563500 0! 0$ 0&
#3564375 0)
#3564500 0" 0% 0' 0(
#3564750 0*
#3565875 1*
#3566000 1)
#3566375 1! 1" 1$ 1% 1& 1' 1(
#3567125 0)
#3568875 1)
#3569125 0" 0$ 0% 0& 0' 0(
#3569875 0-
#3570000 0)
#3570125 0! 0#
#3570375 0*
#3571500 1*
#3572125 1!
#3572250 0*
#3573375 1*
#3573875 0!
#3574000 1"
#3574125 0*
#3575250 1*
#3575875 1!
#3576000 0*
#3577125 1*
#3578250 1) 1-
#3578500 0! 1# 1% 1' 1(
#3579250 0)
#3579500 0" 0# 0% 0' 0(
#3579625 1$
#3579750 0*
#3580875 1*
#3581000 1)
#3581375 1! 1" 1# 1% 1& 1' 1(
#3582125 0) 0/
#3583875 1)
#3584125 0" 0$ 0% 0& 0' 0(
#3584875 0) 0-
#3585125 0!
#3585375 0*
#3586375 1*
#3587000 1!
#3587250 0*
#3588250 1*
#3588875 0!
#3589000 1"
#3589125 0* 1/
#3590125 1*
#3590750 1!
#3591000 0*
#3592000 1*
#3593250 1) 1-
#3593375 0!
#3593500 1% 1' 1(
#3594250 0)
#3594500 0" 0% 0' 0(
#3594625 1$
#3594750 0*
#3595750 1*
#3596000 1)
#3596250 0#
#3596375 1! 1%
#3597125 0)
#3597375 1" 1# 1&
#3597625 0+
#3598625 1+
#3598875 1)
#3599125 0" 0$ 0% 0&
#3599875 0) 0-
#3600125 0! 0#
#3600250 1$
#3600375 0*
#3601375 1*
#3602000 1!
#3602250 0*
#3603250 1*
#3603875 0!
#3604000 1"
#3604125 0*
#3605125 1*
#3605750 1!
#3606000 0*
#3607000 1*
#3608250 1) 1-
#3608375 0!
#3608500 1# 0$ 1% 1' 1(
#3609250 0)
#3609500 0" 0# 0' 0(
#3609750 0*
#3610750 1*
#3611000 1)
#3611375 1! 1" 1# 1$ 1& 1' 1(
#3612125 0)
#3613750 1)
#3614125 0" 0$ 0% 0& 0' 0(
#3614875 0) 0-
#3615125 0! 1$
#3615375 0*
#3616375 1*
#3617000 1!
#3617250 0*
#3618250 1*
#3618875 0! 1"
#3619125 0*
#3620125 1*
#3620750 1!
#3621000 0*
#3622000 1*
#3623125 1)
#3623250 1-
#3623375 0!
#3623500 0$ 1% 1' 1(
#3624250 0)
#3624500 0" 0' 0(
#3624750 0*
#3625750 1*
#3626000 1)
#3626250 1(
#3626375 1! 1" 1$ 1& 1'
#3627125 0)
#3628750 1)
#3629000 0&
#3629125 0" 0$ 0% 0' 0(
#3629875 0) 0-
#3630125 0! 0# 1%
#3630375 0*
#3631375 1*
#3632000 1!
#3632250 0*
#3633250 1*
#3633875 0! 1"
#3634125 0*
#3635125 1*
#3635750 1!
#3636000 0*
#3637000 1*
#3638125 1)
#3638250 1-
#3638375 0!
#3638500 1# 1' 1(
#3639250 0)
#3639500 0" 0# 1$ 0' 0(
#3639750 0*
#3640750 1*
#3641000 1)
#3641250 1! 1" 1& 1' 1(
#3641375 1#
#3642125 0)
#3643750 1)
#3644000 0$ 0% 0& 0' 0(
#3644125 0"
#3644875 0) 0-
#3645000 0!
#3645125 1%
#3645375 0*
#3646375 1*
#3647000 1!
#3647250 0*
#3648250 1*
#3648750 0!
#3648875 1"
#3649125 0*
#3650125 1*
#3650750 1!
#3651000 0*
#3652000 1*
#3653125 1) 1-
#3653375 0!
#3653500 1' 1(
#3654250 0)
#3654375 0(
#3654500 0" 1$ 0'
#3654750 0*
#3655750 1*
#3656000 1)
#3656250 1" 0#
#3657000 0)
#3657375 1! 1# 1&
#3657500 0*
#3658500 1*
#3658750 1)
#3659000 0" 0$ 0% 0&
#3659875 0) 0-
#3660000 0! 0#
#3660125 1$ 1%
#3660375 0*
#3661375 1*
#3662000 1!
#3662250 0*
#3663250 1*
#3663750 0!
#3663875 1"
#3664125 0*
#3665125 1*
#3665750 1!
#3666000 0*
#3667000 1*
#3668125 1) 1-
#3668375 0! 0$ 1(
#3668500 1# 1'
#3669250 0)
#3669375 0# 0' 0(
#3669500 0" 0% 1&
#3669750 0*
#3670750 1*
#3670875 1)
#3671250 1! 1" 1# 1$ 1% 1' 1(
#3672000 0)
#3673750 1)
#3674000 0" 0$ 0% 0& 0' 0(
#3674750 0-
#3674875 0)
#3675000 0!
#3675125 1$ 1%
#3675375 0*
#3676375 1*
#3677000 1!
#3677250 0*
#3678250 1*
#3678750 0!
#3678875 1"
#3679125 0*
#3680125 1*
#3680750 1!
#3681000 0*
#3682000 1*
#3683125 1) 1-
#3683375 0! 0$ 1' 1(
#3684250 0)
#3684375 0" 0% 0' 0(
#3684500 1&
#3684750 0*
#3685750 1*
#3685875 1)
#3686250 1! 1" 1$ 1% 1' 1(
#3687000 0)
#3688750 1)
#3689000 0" 0$ 0% 0& 0' 0(
#3689750 0-
#3689875 0)
#3690000 0! 0#
#3690125 1&
#3690375 0*
#3691375 1*
#3692000 1!
#3692250 0*
#3693250 1*
#3693750 0!
#3693875 1"
#3694125 0*
#3695125 1*
#3695750 1!
#3696000 0*
#3697000 1*
#3698125 1) 1-
#3698375 0! 1# 0& 1' 1(
#3698500 1%
#3699250 0)
#3699375 0" 0# 0% 0' 0(
#3699500 1$ 1&
#3699625 0*
#3700750 1*
#3700875 1)
#3701250 1! 1" 1# 1% 1' 1(
#3702000 0)
#3703750 1)
#3704000 0" 0$ 0% 0& 0' 0(
#3704750 0-
#3704875 0)
#3705000 0!
#3705125 1&
#3705250 0*
#3706375 1*
#3707000 1!
#3707125 0*
#3708250 1*
#3708750 0!
#3708875 1"
#3709000 0*
#3710125 1*
#3710750 1!
#3710875 0*
#3712000 1*
#3713125 1) 1-
#3713375 0! 1% 0& 1' 1(
#3713500 0/
#3714250 0)
#3714375 0" 0% 0' 0(
#3714500 1$ 1&
#3714625 0*
#3715750 1*
#3715875 1)
#3716125 0# 0&
#3716250 1! 1" 1%
#3717000 0)
#3717250 1# 1&
#3717500 0+
#3718500 1+
#3718750 1)
#3719000 0" 0$ 0% 0&
#3719750 0) 0-
#3720000 0! 0#
#3720125 1$ 1&
#3720250 0*
#3720500 1/
#3721375 1*
#3722000 1!
#3722125 0*
#3723250 1*
#3723750 0!
#3723875 1"
#3724000 0*
#3725125 1*
#3725625 1!
#3725875 0*
#3727000 1*
#3728125 1) 1-
#3728375 0! 1# 0$ 1% 0& 1' 1(
#3729125 0)
#3729375 0" 0# 0' 0(
#3729500 1&
#3729625 0*
#3730750 1*
#3730875 1)
#3731250 1! 1" 1# 1$ 1' 1(
#3732000 0)
#3733750 1)
#3734000 0" 0$ 0% 0& 0' 0(
#3734750 0) 0-
#3735000 0!
#3735125 1$ 1&
#3735250 0*
#3736375 1*
#3736875 1!
#3737125 0*
#3738250 1*
#3738750 0!
#3738875 1"
#3739000 0*
#3740000 1*
#3740625 1!
#3740875 0*
#3741875 1*
#3743125 1) 1-
#3743375 0! 0$ 1% 0& 1' 1(
#3744125 0)
#3744375 0" 0' 0(
#3744500 1&
#3744625 0*
#3745625 1*
#3745875 1)
#3746250 1! 1" 1$ 1' 1(
#3747000 0)
#3748750 1)
#3749000 0" 0$ 0% 0& 0' 0(
#3749750 0) 0-
#3750000 0! 0#
#3750125 1% 1&
#3750250 0*
#3751250 1*
#3751875 1!
#3752125 0*
#3753250 1*
#3753750 0!
#3753875 1"
#3754000 0*
#3755000 1*
#3755625 1!
#3755875 0*
#3756875 1*
#3758125 1) 1-
#3758375 0! 1# 0& 1' 1(
#3759125 0)
#3759375 0" 0# 0' 0(
#3759500 1$ 1&
#3759625 0*
#3760625 1*
#3760875 1)
#3761250 1! 1" 1# 1' 1(
#3762000 0)
#3763750 1)
#3764000 0" 0$ 0% 0& 0' 0(
#3764750 0) 0-
#3765000 0!
#3765125 1% 1&
#3765250 0*
#3766375 1*
#3766875 1!
#3767125 0*
#3768250 1*
#3768750 0!
#3768875 1"
#3769000 0*
#3769375 0/
#3770125 1*
#3770625 1!
#3770875 0*
#3772000 1*
#3773125 1) 1-
#3773375 0! 0& 1' 1(
#3774250 0)
#3774375 0" 0' 0(
#3774500 1$ 1&
#3774625 0*
#3775750 1*
#3775875 1)
#3776125 0&
#3776375 1/
#3777000 0)
#3777250 1! 1" 1&
#3777500 0*
#3778500 1*
#3778750 1)
#3779000 0" 0$ 0% 0&
#3779750 0-
#3779875 0)
#3780000 0! 0#
#3780125 1$ 1% 1&
#3780250 0*
#3781375 1*
#3782000 1!
#3782125 0*
#3783250 1*
#3783750 0!
#3783875 1"
#3784125 0*
#3785125 1*
#3785750 1!
#3786000 0*
#3787000 1*
#3788125 1) 1-
#3788375 0! 1# 0$ 0& 1' 1(
#3789250 0)
#3789375 0" 0# 0% 0(
#3789750 0*
#3790750 1*
#3790875 1)
#3792000 0)
#3792250 0'
#3792500 0+
#3793500 1+
#3793750 1)
#3794000 1!
#3794125 1#
#3794750 0-
#3794875 0)
#3795000 0!
#3795125 1$ 1% 1&
#3795375 0*
#3796375 1*
#3797000 1!
#3797250 0*
#3798250 1*
#3798750 0!
#3798875 1"
#3799125 0*
#3800125 1*
#3800750 1!
#3801000 0*
#3802000 1*
#3803125 1) 1-
#3803375 0! 0$ 0& 1' 1(
#3804250 0)
#3804375 0" 0% 0(
#3804750 0*
#3805750 1*
#3805875 1)
#3806250 1! 1" 1$ 1% 1& 1(
#3807000 0)
#3808750 1)
#3809000 0" 0$ 0% 0& 0' 0(
#3809750 0-
#3809875 0)
#3810000 0! 0#
#3810125 1'
#3810375 0*
#3811375 1*
#3812000 1!
#3812250 0*
#3813250 1*
#3813750 0!
#3813875 1"
#3814125 0*
#3815125 1*
#3815750 1!
#3816000 0*
#3817000 1*
#3818125 1) 1-
#3818375 0!
#3818500 1# 1% 1(
#3819250 0)
#3819375 0# 0(
#3819500 0" 1$ 0%
#3819750 0*
#3820750 1*
#3821000 1)
#3821250 1! 1" 1# 1% 1& 1(
#3822000 0)
#3823750 1)
#3824000 0" 0$ 0% 0& 0' 0(
#3824875 0) 0-
#3825000 0!
#3825125 1'
#3825375 0*
#3826375 1*
#3827000 1!
#3827250 0*
#3828250 1*
#3828750 0!
#3828875 1"
#3829125 0*
#3830125 1*
#3830750 1!
#3831000 0*
#3832000 1*
#3833125 1)
#3833250 1-
#3833375 0!
#3833500 1% 1(
#3834250 0)
#3834500 0" 1$ 0% 0(
#3834750 0*
#3835750 1*
#3836000 1)
#3836250 1! 1% 0'
#3837125 0)
#3837375 1" 1&
#3837625 0+
#3838625 1+
#3838750 1)
#3839000 0" 0$ 0% 0&
#3839875 0) 0-
#3840125 0! 0# 1$ 1'
#3840375 0*
#3841375 1*
#3842000 1!
#3842250 0*
#3843250 1*
#3843875 0! 1"
#3844125 0*
#3845125 1*
#3845750 1!
#3846000 0*
#3847000 1*
#3848125 1)
#3848250 1-
#3848375 0! 0$
#3848500 1# 1% 1(
#3849250 0)
#3849500 0" 0# 0(
#3849750 0*
#3850750 1*
#3851000 1)
#3851250 1(
#3851375 1! 1" 1# 1$ 1&
#3852125 0)
#3853750 1)
#3854125 0" 0$ 0% 0& 0' 0(
#3854875 0) 0-
#3855125 0! 1$ 1'
#3855375 0*
#3856375 1*
#3857000 1!
#3857250 0*
#3858250 1*
#3858875 0! 1"
#3859125 0*
#3860125 1*
#3860750 1!
#3861000 0*
#3861625 0/
#3862000 1*
#3863250 1) 1-
#3863375 0!
#3863500 0$ 1% 1(
#3864250 0)
#3864500 0" 0(
#3864750 0*
#3865750 1*
#3866000 1)
#3866375 1! 1" 1$ 1& 1(
#3867125 0)
#3868625 1/
#3868875 1)
#3869125 0" 0$ 0% 0& 0' 0(
#3869875 0) 0-
#3870125 0! 0#
#3870250 1% 1'
#3870375 0*
#3871375 1*
#3872000 1!
#3872250 0*
#3873375 1*
#3873875 0!
#3874000 1"
#3874125 0*
#3875250 1*
#3875750 1!
#3876000 0*
#3877125 1*
#3878250 1) 1-
#3878500 0! 1# 1(
#3879375 0)
#3879500 0" 0# 0(
#3879625 1$
#3879750 0*
#3880875 1*
#3881000 1)
#3881375 1! 1" 1# 1& 1(
#3882125 0)
#3883875 1)
#3884125 0" 0$ 0% 0& 0' 0(
#3884875 0-
#3885000 0)
#3885125 0!
#3885250 1% 1'
#3885500 0*
#3886500 1*
#3887125 1!
#3887375 0*
#3888375 1*
#3888875 0!
#3889000 1"
#3889250 0*
#3890250 1*
#3890875 1!
#3891125 0*
#3892125 1*
#3893250 1) 1-
#3893500 0! 1(
#3894375 0)
#3894500 0" 0(
#3894625 1$
#3894875 0*
#3895875 1*
#3896000 1)
#3896250 0'
#3896375 1"
#3897125 0)
#3897375 1! 1&
#3897625 0*
#3898625 1*
#3898875 1)
#3899125 0" 0$ 0% 0&
#3899875 0-
#3900000 0)
#3900125 0! 0#
#3900250 1$ 1% 1'
#3900500 0*
#3901500 1*
#3902125 1!
#3902375 0*
#3903375 1*
#3903875 0!
#3904000 1"
#3904250 0*
#3905250 1*
#3905875 1!
#3906125 0*
#3907125 1*
#3908250 1) 1-
#3908500 0! 0$ 1(
#3908625 1#
#3909375 0)
#3909500 0# 0(
#3909625 0" 0% 1&
#3909875 0*
#3910875 1*
#3911125 1)
#3911375 1! 1" 1# 1$ 1% 1(
#3912125 0)
#3913875 1)
#3914125 0" 0$ 0% 0& 0' 0(
#3915000 0) 0-
#3915125 0!
#3915250 1$ 1% 1'
#3915500 0*
#3916500 1*
#3917125 1!
#3917375 0*
#3917500 0/
#3918375 1*
#3918875 0!
#3919000 1"
#3919250 0*
#3920250 1*
#3920875 1!
#3921125 0*
#3922125 1*
#3923250 1)
#3923375 1-
#3923500 0! 0$
#3923625 1(
#3924375 0)
#3924500 0( 1/
#3924625 0" 0% 1&
#3924875 0*
#3925875 1*
#3926125 1)
#3926375 1! 1" 1% 1(
#3926500 1$
#3927250 0)
#3928875 1)
#3929125 0$ 0% 0&
#3929250 0" 0' 0(
#3930000 0) 0-
#3930250 0! 0# 1& 1'
#3930500 0*
#3931500 1*
#3932125 1!
#3932375 0*
#3933375 1*
#3934000 0! 1"
#3934250 0*
#3935250 1*
#3935875 1!
#3936125 0*
#3937125 1*
#3938250 1)
#3938375 1-
#3938500 0! 0&
#3938625 1# 1% 1(
#3939375 0)
#3939625 0" 0# 1$ 0% 1& 0(
#3939875 0*
#3940875 1*
#3941125 1)
#3941375 1(
#3941500 1! 1" 1# 1%
#3942250 0)
#3943875 1)
#3944250 0" 0$ 0% 0& 0' 0(
#3945000 0) 0-
#3945250 0! 1& 1'
#3945500 0*
#3946500 1*
#3947125 1!
#3947375 0*
#3948375 1*
#3949000 0! 1"
#3949250 0*
#3950250 1*
#3950875 1!
#3951125 0*
#3952125 1*
#3953250 1)
#3953375 1-
#3953500 0! 0&
#3953625 1% 1(
#3954375 0)
#3954625 0" 1$ 0% 1& 0(
#3954875 0*
#3955875 1*
#3956125 1)
#3956375 1! 0& 0'
#3956500 1" 1%
#3957250 0)
#3957500 1&
#3957750 0+
#3958750 1+
#3958875 1)
#3959125 0&
#3959250 0" 0$ 0%
#3960000 0) 0-
#3960250 0! 0# 1& 1'
#3960375 1$
#3960500 0*
#3961500 1*
#3962125 1!
#3962375 0*
#3963375 1*
#3964000 0!
#3964125 1"
#3964250 0*
#3965250 1*
#3965875 1!
#3966125 0*
#3967125 1*
#3968375 1) 1-
#3968500 0!
#3968625 1# 0$ 1% 0& 1(
#3969375 0)
#3969625 0" 0# 1& 0(
#3969875 0*
#3970875 1*
#3971125 1)
#3971500 1! 1" 1# 1$ 1(
#3972250 0)
#3973875 1)
#3974250 0" 0$ 0% 0& 0' 0(
#3975000 0) 0-
#3975250 0! 1& 1'
#3975375 1$
#3975500 0*
#3976500 1*
#3977125 1!
#3977375 0*
#3978375 1*
#3979000 0! 1"
#3979250 0*
#3980250 1*
#3980875 1!
#3981125 0*
#3982125 1*
#3983375 1) 1-
#3983500 0!
#3983625 0$ 1% 0& 1(
#3984375 0)
#3984625 0" 1& 0(
#3984875 0*
#3985875 1*
#3986125 1)
#3986500 1! 1" 1$ 1(
#3987250 0)
#3988875 1)
#3989250 0" 0$ 0% 0& 0' 0(
#3990000 0) 0-
#3990250 0! 0# 1% 1& 1'
#3990500 0*
#3991500 1*
#3992125 1!
#3992375 0*
#3993375 1*
#3994000 0!
#3994125 1"
#3994250 0*
#3995250 1*
#3995875 1!
#3996125 0*
#3997125 1*
#3998250 1)
#3998375 1-
#3998500 0!
#3998625 1# 0& 1(
#3999375 0)
#3999625 0" 0# 1$ 1& 0(
#3999875 0*
#4000875 1*
#4001125 1)
#4001375 1(
#4001500 1! 1" 1#
#4002250 0)
#4003875 1)
#4004250 0" 0$ 0% 0& 0' 0(
#4005000 0) 0-
#4005250 0! 1% 1& 1'
#4005500 0*
#4006500 1*
#4007125 1!
#4007375 0*
#4008375 1*
#4009000 0! 1"
#4009250 0*
#4010250 1*
#4010875 1!
#4011125 0*
#4012125 1*
#4013250 1)
#4013375 1-
#4013500 0! 0&
#4013625 1(
#4014375 0)
#4014625 0" 1$ 1& 0(
#4014875 0*
#4015875 1*
#4016125 1)
#4016375 0# 0$ 0% 0'
#4017250 0)
#4017500 1! 1" 1# 1$ 1%
#4017750 0*
#4018750 1*
#4018875 1)
#4019125 0$ 0%
#4019250 0" 0&
#4020000 0) 0-
#4020250 0! 0# 1$ 1% 1& 1'
#4020500 0*
#4021500 1*
#4022125 1!
#4022375 0*
#4023375 1*
#4024000 0! 1"
#4024250 0*
#4025250 1*
#4025875 1!
#4026125 0*
#4027125 1*
#4028250 1)
#4028375 1-
#4028625 1# 1(
#4029375 0)
#4029875 0+
#4030875 1+
#4031125 1)
#4032250 0)
#4033875 1)
#4034250 0" 0$ 0% 0& 0' 0(
#4035000 0) 0-
#4035250 0! 1$ 1% 1& 1'
#4035500 0*
#4036500 1*
#4037125 1!
#4037375 0*
#4038375 1*
#4039000 0! 1"
#4039250 0*
#4040250 1*
#4040875 1!
#4041125 0*
#4042125 1*
#4043250 1)
#4043375 1-
#4043500 0! 0$ 0&
#4043625 1(
#4044375 0)
#4044625 0" 0# 0% 0' 0(
#4044875 0*
#4045875 1*
#4046500 1!
#4046750 0*
#4047750 1*
#4048250 0!
#4048375 1"
#4048625 0*
#4049375 1)
#4049625 1*
#4049750 1# 1% 1' 1(
#4050500 0)
#4050625 0% 0' 0(
#4050750 0"
#4051000 0*
#4052000 1*
#4052625 1!
#4052875 0*
#4053875 1*
#4054375 0!
#4054500 1"
#4054750 0*
#4055500 1)
#4055750 1! 1$ 1% 1& 1' 1( 1*
#4056625 0)
#4058250 1)
#4058500 0! 0" 0# 0&
#4059375 0)
#4059500 0(
#4059625 1" 0% 0'
#4059875 0*
#4060875 1*
#4061500 1%
#4061750 0*
#4062750 1*
#4063000 1)
#4063250 0" 1# 0$ 1' 1(
#4064000 0)
#4064250 0# 0% 0' 0(
#4064375 1" 1$
#4064500 0*
#4065500 1*
#4065750 1)
#4066000 0"
#4066125 1% 1' 1(
#4066875 0)
#4067000 0% 0' 0(
#4067125 1" 1&
#4067375 0*
#4068375 1*
#4069000 1%
#4069250 0*
#4070250 1*
#4070500 1)
#4070750 0" 1# 0$ 0& 1' 1(
#4071500 0)
#4071750 0# 0' 0(
#4071875 1" 1$
#4072000 0*
#4073000 1*
#4073250 1)
#4073500 0$ 1(
#4073625 1# 1'
#4074375 0)
#4074500 0# 0' 0(
#4074625 0" 1$ 0%
#4074875 0*
#4075875 1*
#4076500 1!
#4076750 0*
#4077750 1*
#4078250 0!
#4078375 1"
#4078625 0*
#4079375 1)
#4079625 0$ 1( 1*
#4079750 1# 1% 1'
#4080500 0)
#4080625 0" 0% 0' 0(
#4080750 1$
#4080875 0*
#4082000 1*
#4082625 1!
#4082750 0*
#4083875 1*
#4084375 0!
#4084500 1"
#4084625 0*
#4085875 1)
#4086125 1*
#4086625 1(
#4086750 1! 1% 1& 1'
#4087500 0)
#4089625 1)
#4089875 0! 0" 0# 0&
#4090750 0)
#4090875 00
#4091375 0% 0(
#4091500 1"
#4091750 0*
#4092750 1*
#4093375 1%
#4093625 0*
#4094625 1*
#4094750 1)
#4095000 0" 0$
#4095125 1# 1(
