$date Fri Aug 21 10:19:12 2026 $end
$version libsigrok 0.5.2 $end
$comment
  Acquisition with 16/16 channels at 80 MHz
$end
$timescale 100 ps $end
$scope module libsigrok $end
$var wire 1 ! A0 $end
$var wire 1 " A1 $end
$var wire 1 # A2 $end
$var wire 1 $ A3 $end
$var wire 1 % A4 $end
$var wire 1 & A5 $end
$var wire 1 ' A6 $end
$var wire 1 ( A7 $end
$var wire 1 ) RAS $end
$var wire 1 * CAS0 $end
$var wire 1 + CAS1 $end
$var wire 1 , R/W $end
$var wire 1 - VDS $end
$var wire 1 . IRQ $end
$var wire 1 / CSW $end
$var wire 1 0 CSR $end
$upscope $end
$enddefinitions $end
#0 0! 0" 0# 0$ 0% 0& 0' 1( 0) 0* 1+ 1, 1- 0. 1/ 10
#125 1! 1& 0( 1* 0- 00
#250 1# 1$ 1' 1( 10
#500 0*
#1500 1*
#2125 0! 1"
#2375 0*
#3375 1*
#4000 1!
#4250 0*
#5250 1*
#6500 1) 1-
#6625 0!
#6750 0$ 1% 0&
#7500 0)
#7750 0" 1& 0(
#8000 0*
#9000 1*
#9250 1)
#9625 1! 1" 1$ 1(
#10375 0)
#12000 1)
#12375 0" 0# 0$ 0& 0' 0(
#13125 0) 0-
#13375 0! 1& 1' 1(
#13625 0*
#14625 1*
#15250 1!
#15500 0*
#16500 1*
#17125 0! 1"
#17375 0*
#18375 1*
#19000 1!
#19250 0*
#20250 1*
#21375 1)
#21500 1-
#21625 0!
#21750 1# 0&
#22500 0)
#22750 0" 0# 1$ 1& 0(
#23000 0*
#24000 1*
#24250 1)
#24500 0$ 0% 0& 0' 1(
#24625 1! 1"
#25375 0)
#25500 0! 0"
#25875 0*
#26875 1*
#27000 1)
#27250 0(
#27375 1! 1%
#28125 0) 0-
#28375 0! 1& 1' 1(
#28500 1#
#28625 0*
#29625 1*
#30250 1!
#30500 0*
#31500 1*
#32125 0! 1"
#32375 0*
#33375 1*
#34000 1!
#34250 0*
#35250 1*
#36375 1)
#36500 1-
#36625 0!
#36750 0&
#37500 0)
#37750 0" 1$ 1& 0(
#38000 0*
#39000 1*
#39250 1)
#39500 1! 0# 0$ 0'
#39625 1"
#40375 0)
#40625 1# 1$
#40875 0+
#41875 1+
#42000 1)
#42250 0#
#42375 0" 0$ 0&
#43125 0) 0-
#43375 0! 1& 1' 1(
#43500 1$
#43625 0*
#44625 1*
#45250 1!
#45500 0*
#46500 1*
#47125 0! 1"
#47375 0*
#48375 1*
#49000 1!
#49250 0*
#50250 1*
#51500 1) 1-
#51750 1#
#52500 0)
#53000 0+
#54000 1+
#54250 1)
#54500 0# 0$ 0% 0& 0'
#54625 0,
#55250 00
#55375 0)
#55500 0! 0"
#55875 0*
#56875 1*
#57125 1)
#57375 1! 1% 0(
#57500 1,
#58125 0) 0-
#58375 0! 1(
#58500 1# 1$ 1& 1'
#58625 0*
#59625 1*
#60250 1!
#60500 0*
#61500 1*
#62125 0! 10
#62250 1"
#62375 0*
#63375 1*
#64000 1!
#64250 0*
#65250 1*
#66500 1) 1-
#66750 0! 0$ 0&
#67500 0)
#67750 0" 0# 0% 0(
#67875 1$
#68000 0*
#69000 1*
#69625 1!
#69875 0*
#70875 1*
#71500 0!
#71625 1"
#71750 0*
#72500 1)
#72750 0$ 1*
#72875 1# 1% 1(
#73625 0)
#73875 0" 1$ 0% 0(
#74125 0*
#75125 1*
#75750 1!
#76000 0*
#77000 1*
#77625 0! 1"
#77875 0*
#78625 1)
#78875 1*
#79000 1! 1% 1& 1(
#79750 0)
#81500 1)
#81750 0! 0# 0&
#82500 0)
#82750 1! 0$ 0% 0(
#83000 0*
#84125 1*
#84750 1%
#84875 0*
#86000 1*
#86125 1)
#86375 0"
#86500 1# 1(
#87250 0)
#87500 1" 0# 0% 1& 0' 0(
#87750 0*
#88750 1*
#89000 1)
#89250 0! 1% 0& 1' 1(
#89375 1$
#90125 0)
#90250 0$ 0% 0(
#90375 1! 1&
#90500 0*
#91625 1*
#92250 1%
#92500 0*
#93500 1*
#93625 1)
#93875 0" 0&
#94000 1# 1(
#94750 0)
#95000 1" 0# 1& 0' 0(
#95250 0*
#96250 1*
#96500 1)
#96750 0! 1# 0& 1' 1(
#97625 0)
#97750 0" 0# 0% 0' 0(
#98125 0*
#99125 1*
#99750 1!
#100000 0*
#101000 1*
#101500 0!
#101625 1"
#101875 0*
#102625 1)
#102875 1( 1*
#103000 1# 1% 1'
#103625 0)
#103875 0" 0# 0% 0' 0(
#104125 0*
#105125 1*
#105875 1!
#106000 0*
#107125 1*
#107625 0!
#107750 1"
#107875 0*
#109125 1)
#109375 1*
#110000 1! 1# 1$ 1% 1& 1' 1(
#110750 0)
#112875 1)
#113125 0! 0" 0# 0&
#114000 0)
#114625 0$ 0% 0' 0(
#114750 1! 1"
#115000 0*
#116000 1*
#116625 1%
#116875 0*
#117875 1*
#118125 1)
#118250 0! 0"
#118375 1# 1' 1(
#119125 0)
#119375 1! 1" 0# 0% 0' 0(
#119625 0*
#120625 1*
#120875 1)
#121125 0! 0"
#121250 1$ 1% 1' 1(
#122000 0)
#122125 0$ 0% 0' 0(
#122250 1! 1"
#122500 0*
#123500 1*
#124125 1%
#124375 0*
#125375 1*
#125625 1)
#125750 0!
#125875 0" 1# 1' 1(
#126625 0)
#126875 1! 0# 0% 0' 0(
#127000 1"
#127125 0*
#128125 1*
#128375 1)
#128625 0!
#128750 1# 1% 1' 1(
#129500 0)
#129625 0(
#129750 0" 0# 0% 0'
#130000 0*
#131000 1*
#131625 1!
#131875 0*
#132875 1*
#133375 0!
#133500 1"
#133750 0*
#134500 1)
#134750 1*
#134875 1# 1% 1' 1(
#135625 0)
#135750 0# 0% 0' 0(
#135875 0"
#136125 0*
#137125 1*
#137750 1!
#138000 0*
#139000 1*
#139125 00
#139500 0!
#139625 1"
#139875 0*
#140625 1)
#140875 0" 1' 1*
#141000 1#
#141750 0)
#141875 0# 0'
#142250 0*
#143250 1*
#143375 1)
#143750 1$ 1% 1' 1(
#144500 0)
#144750 1! 1" 0$ 0% 0' 0(
#145000 0*
#146000 1* 10
#146625 1%
#146875 0*
#147875 1*
#148125 1)
#148375 0! 0" 1(
#148500 1# 1'
#149250 0)
#149375 0# 0% 0' 0(
#149500 1! 1"
#149750 0*
#150750 1*
#150875 1)
#151125 0! 0"
#151250 1$ 1% 1' 1(
#152000 0)
#152250 1! 1" 0$ 0% 0' 0(
#152500 0*
#153500 1*
#154125 1%
#154375 0*
#155375 1*
#155625 1)
#155875 0! 0" 1(
#156000 1# 1'
#156750 0)
#156875 0# 0' 0(
#157000 1! 1" 0%
#157250 0*
#158250 1*
#158375 1)
#158625 0!
#158750 1# 1% 1' 1(
#159500 0)
#159750 0" 0# 0% 0' 0(
#160000 0*
#161000 1*
#161625 1!
#161875 0*
#162875 1*
#163500 0!
#163625 1"
#163750 0*
#164500 1)
#164750 1*
#164875 1# 1% 1' 1(
#165625 0)
#165875 0" 0# 0% 0' 0(
#166125 0*
#167125 1*
#167750 1!
#168000 0*
#169000 1*
#169625 0! 1"
#169875 0*
#170625 1)
#170875 0" 1*
#171000 1# 1(
#171750 0)
#171875 0(
#172000 0#
#172250 0*
#173250 1*
#173500 1)
#173750 1$ 1% 1' 1(
#174500 0)
#174750 0$ 0% 0' 0(
#174875 1! 1"
#175000 0*
#176125 1*
#176750 1%
#176875 0*
#178000 1*
#178125 1)
#178375 0! 0"
#178500 1# 1' 1(
#179250 0)
#179500 1! 1" 0# 0% 0' 0(
#179750 0*
#180750 1*
#181000 1)
#181250 0! 0" 1$ 1% 1' 1(
#182125 0)
#182250 0$ 0% 0' 0(
#182375 1! 1"
#182500 0*
#183625 1*
#184250 1%
#184500 0*
#185500 1*
#185625 1)
#185875 0! 0"
#186000 1# 1' 1(
#186750 0)
#187000 1! 1" 0# 0% 0' 0(
#187250 0*
#188250 1*
#188500 1)
#203750 0! 0"
#203875 1# 1( 0,
#204625 0)
#204750 0# 0(
#205125 0*
#206125 1*
#206375 1)
#207625 1! 1" 1# 1$ 1% 1& 1' 1( 1,
#208375 0)
#210125 1)
#213125 0! 0$ 0&
#214000 0)
#214125 0(
#214250 0" 0# 0% 0'
#214500 0*
#215500 1*
#215750 1)
#216000 1! 1" 1# 1$ 1% 1& 1' 1(
#216750 0)
#218500 1)
#219625 0)
#220125 0+
#221125 1+
#222000 0+
#222875 00
#223000 1+
#223875 0+
#224875 1+
#225750 0+
#226750 1+
#227875 1)
#228125 0! 0$ 0&
#229000 0)
#229250 0" 0% 0' 0(
#229500 0*
#229875 10
#230500 1*
#230750 1)
#231000 1! 1" 1% 1& 1' 1(
#231125 1$
#231875 0)
#233500 1)
#233750 0! 0# 0$ 0& 0' 0(
#234625 0) 0-
#234875 0" 0%
#235125 0*
#236125 1*
#236750 1!
#237000 0*
#238000 1*
#238500 0!
#238625 1"
#238875 0*
#239875 1*
#240500 1!
#240750 0*
#241750 1*
#242875 1)
#243000 1-
#243125 0!
#243250 1# 1% 1' 1(
#244000 0)
#244250 0" 0# 1$ 0% 0' 0(
#244500 0*
#245500 1*
#245750 1)
#246000 0$ 1'
#246125 1#
#246875 0)
#247000 0# 0'
#247375 0*
#248375 1*
#248500 1)
#248875 1" 1%
#249625 0) 0-
#249875 0" 1# 0%
#250125 0*
#251125 1*
#251750 1!
#252000 0*
#253000 1*
#253625 0! 1"
#253875 0*
#254875 1*
#255500 1!
#255750 0*
#256750 1*
#257875 1)
#258000 1-
#258125 0!
#258250 1% 1' 1(
#259000 0)
#259250 0" 1$ 0% 0' 0(
#259500 0*
#260500 1*
#260750 1)
#261000 0$
#261125 1% 1&
#261875 0)
#262125 1! 1" 1$
#262375 0*
#263375 1*
#263500 1)
#263750 0! 0# 0$ 0&
#264625 0) 0-
#264875 0" 1$ 0%
#265125 0*
#266125 1*
#266750 1!
#267000 0*
#268000 1*
#268625 0! 1"
#268875 0*
#269875 1*
#270500 1!
#270750 0*
#271750 1*
#272875 1)
#273000 1-
#273125 0! 0$
#273250 1# 1% 1' 1(
#274000 0)
#274250 0" 0# 0' 0(
#274500 0*
#275500 1*
#275750 1)
#276000 0% 1(
#276125 1#
#276875 0)
#277000 0# 0(
#277375 0*
#278375 1*
#278500 1)
#278875 1" 1%
#279625 0) 0-
#279875 0" 1# 1$ 0%
#280125 0*
#281125 1*
#281750 1!
#282000 0*
#283000 1*
#283625 0! 1"
#283875 0*
#284875 1*
#285500 1!
#285750 0*
#286750 1*
#287875 1)
#288000 1-
#288125 0! 0$
#288250 1% 1' 1(
#289000 0)
#289250 0" 0' 0(
#289500 0*
#290500 1*
#290750 1)
#291000 0% 1(
#291125 0,
#291875 0)
#292000 0# 0(
#292250 0*
#293375 1*
#293500 1)
#293875 1" 1% 1,
#294625 0) 0-
#294875 0"
#295125 0*
#296125 1*
#296750 1!
#297000 0*
#298000 1*
#298500 0!
#298625 1"
#298875 0*
#299875 1*
#300500 1!
#300750 0*
#301750 1*
#302875 1)
#303000 1-
#303125 0!
#303250 1# 1' 1(
#304000 0)
#304125 0(
#304250 0" 0# 1$ 0'
#304500 0*
#305500 1*
#305750 1)
#306000 1! 1" 1# 1& 1' 1(
#306750 00
#306875 0)
#308500 1)
#308750 0! 0# 0$ 0& 0' 0(
#309625 0) 0-
#309875 0" 1#
#310125 0*
#311125 1*
#311750 1!
#312000 0*
#313000 1*
#313500 0!
#313625 1"
#313750 10
#313875 0*
#314875 1*
#315500 1!
#315750 0*
#316750 1*
#317875 1) 1-
#318125 0!
#318250 1' 1(
#319000 0)
#319125 0(
#319250 0" 1$ 0'
#319500 0*
#320500 1*
#320750 1)
#321000 1! 0$ 1&
#321750 0)
#322125 1" 1$
#322375 0+
#323375 1+
#323500 1)
#323750 0! 0# 0$ 0&
#324625 0) 0-
#324750 0"
#324875 1$
#325125 0*
#326125 1*
#326750 1!
#327000 0*
#328000 1*
#328500 0!
#328625 1"
#328875 0*
#329875 1*
#330500 1!
#330750 0*
#331750 1*
#332875 1) 1-
#333125 0! 0$ 1(
#333250 1# 1'
#334000 0)
#334125 0# 0' 0(
#334250 0" 0% 1&
#334500 0*
#335500 1*
#335625 1)
#336000 1! 1" 1# 1$ 1% 1' 1(
#336750 0)
#338500 1)
#338750 0! 0# 0$ 0& 0' 0(
#339500 0-
#339625 0)
#339750 0"
#339875 1# 1$
#340125 0*
#341125 1*
#341750 1!
#342000 0*
#343000 1*
#343500 0!
#343625 1"
#343875 0*
#344875 1*
#345500 1!
#345750 0*
#346750 1*
#347875 1) 1-
#348125 0! 0$ 1' 1(
#349000 0)
#349125 0" 0% 0' 0(
#349250 1&
#349500 0*
#350500 1*
#350625 1)
#351000 1! 1" 1$ 1% 1' 1(
#351750 0)
#353500 1)
#353750 0! 0# 0$ 0& 0' 0(
#354500 0-
#354625 0)
#354750 0" 0%
#354875 1&
#355125 0*
#356125 1*
#356750 1!
#357000 0*
#358000 1*
#358500 0!
#358625 1"
#358875 0*
#359875 1*
#360500 1!
#360750 0*
#361750 1*
#362875 1) 1-
#363125 0! 1# 1% 0& 1' 1(
#364000 0)
#364125 0" 0# 0% 0' 0(
#364250 1$ 1&
#364375 0*
#365500 1*
#365625 1)
#365875 0$ 0&
#366000 1# 1'
#366750 0)
#367000 0# 0' 1(
#367250 0*
#368250 1*
#368500 1)
#368750 1" 1% 0(
#369500 0) 0-
#369750 0" 0%
#369875 1# 1&
#370000 0*
#371125 1*
#371750 1!
#371875 0*
#373000 1*
#373500 0!
#373625 1"
#373750 0*
#374875 1*
#375375 1!
#375625 0*
#376750 1*
#377875 1) 1-
#378125 0! 1% 0& 1' 1(
#378875 0)
#379125 0" 0% 0' 0(
#379250 1$ 1&
#379375 0*
#380375 1*
#380625 1)
#380875 0$
#381000 1" 1%
#381750 0)
#382000 1! 1$
#382250 0*
#383250 1*
#383500 1)
#383750 0! 0# 0$ 0&
#384500 0) 0-
#384750 0" 0%
#384875 1$ 1&
#385000 0*
#386000 1*
#386625 1!
#386875 0*
#387875 1*
#388500 0!
#388625 1"
#388750 0*
#389750 1*
#390375 1!
#390625 0* 00
#391625 1*
#392875 1) 1-
#393000 0!
#393125 1# 0$ 1% 0& 1' 1(
#393875 0)
#394125 0" 0# 1& 0' 0(
#394375 0*
#395375 1*
#395625 1)
#395875 0% 0& 1(
#396000 1#
#396750 0)
#396875 0#
#397250 0*
#397625 10
#398250 1*
#398375 1)
#398625 0(
#398750 1" 1%
#399500 0) 0-
#399750 0" 0%
#399875 1# 1$ 1&
#400000 0*
#401000 1*
#401625 1!
#401875 0*
#402875 1*
#403500 0! 1"
#403750 0*
#404750 1*
#405375 1!
#405625 0*
#406625 1*
#407750 1)
#407875 1-
#408000 0!
#408125 0$ 1% 0& 1' 1(
#408875 0)
#409125 0" 1& 0' 0(
#409375 0*
#410375 1*
#410625 1)
#410875 0% 0& 1(
#411000 0,
#411750 0)
#411875 0#
#412250 0*
#413250 1*
#413375 1)
#413625 0(
#413750 1" 1%
#413875 1,
#414500 0) 0-
#414750 0" 1&
#415000 0*
#416000 1*
#416625 1!
#416875 0*
#417875 1*
#418500 0! 1"
#418750 0*
#419750 1*
#420375 1!
#420625 0*
#421625 1*
#422750 1)
#422875 1-
#423000 0! 0&
#423125 1# 1' 1(
#423875 0)
#424125 0" 0# 1$ 1& 0' 0(
#424375 0*
#425375 1*
#425625 1)
#425875 1' 1(
#426000 1! 1" 1#
#426750 0)
#428375 1)
#428750 0! 0# 0$ 0& 0' 0(
#429500 0) 0-
#429750 0" 1# 1&
#430000 0*
#431000 1*
#431625 1!
#431875 0*
#432875 1*
#433500 0! 1"
#433750 0*
#434750 1*
#435375 1!
#435625 0*
#436625 1*
#437750 1)
#437875 1-
#438000 0! 0&
#438125 1' 1(
#438875 0)
#439125 0" 1$ 1& 0' 0(
#439375 0*
#440375 1*
#440625 1)
#440875 1! 1" 0$
#441750 0)
#442000 1$
#442250 0+
#443250 1+
#443375 1)
#443625 0! 0# 0$ 0&
#444500 0) 0-
#444750 0" 1$ 1&
#445000 0*
#446000 1*
#446625 1!
#446875 0*
#447875 1*
#448500 0! 1"
#448750 0*
#449750 1*
#450375 1!
#450625 0*
#451625 1*
#452750 1)
#452875 1-
#453000 0! 0$ 0&
#453125 1# 1' 1(
#453875 0)
#454125 0" 0# 0% 0(
#454375 0*
#455375 1*
#455625 1)
#456000 1#
#456750 0)
#456875 0# 0'
#457000 1(
#457250 0*
#458250 1*
#458375 1)
#458625 0(
#458750 1" 1%
#459500 0) 0-
#459750 0" 1# 1$ 1&
#460000 0*
#461000 1*
#461625 1!
#461875 0*
#462875 1*
#463500 0! 1"
#463750 0*
#464750 1*
#465375 1!
#465625 0*
#466625 1*
#467750 1)
#467875 1-
#468000 0! 0$ 0&
#468125 1' 1(
#468875 0)
#469125 0" 0% 0(
#469375 0*
#470375 1*
#470625 1)
#470875 1! 1(
#471000 1" 1$ 1% 1&
#471750 0)
#473375 1)
#473625 0$ 0&
#473750 0! 0# 0' 0(
#474500 0) 0- 00
#474750 0" 0% 1'
#475000 0*
#476000 1*
#476625 1!
#476875 0*
#477875 1*
#478500 0! 1"
#478750 0*
#479750 1*
#480375 1!
#480625 0*
#481375 10
#481625 1*
#482750 1)
#482875 1-
#483000 0!
#483125 1# 1% 1(
#483875 0)
#484125 0" 0# 1$ 0% 0(
#484375 0*
#485375 1*
#485625 1)
#485875 0$ 0' 1(
#486000 1#
#486750 0)
#486875 0#
#487250 0*
#488250 1*
#488375 1)
#488625 0(
#488750 1" 1%
#489500 0) 0-
#489750 0" 1# 0% 1'
#490000 0*
#491000 1*
#491625 1!
#491875 0*
#492875 1*
#493500 0! 1"
#493750 0*
#494750 1*
#495375 1!
#495625 0*
#496625 1*
#497750 1)
#497875 1-
#498000 0!
#498125 1% 1(
#498875 0)
#499125 0" 1$ 0% 0(
#499375 0*
#500375 1*
#500625 1)
#500875 0# 0'
#501000 1% 1&
#501750 0)
#502000 1! 1" 1#
#502250 0*
#503250 1*
#503375 1)
#503625 0! 0#
#503750 0$ 0&
#504500 0) 0-
#504750 0" 1$ 0% 1'
#505000 0*
#506000 1*
#506625 1!
#506875 0*
#507875 1*
#508500 0! 1"
#508750 0*
#509750 1*
#510375 1!
#510625 0*
#511625 1*
#512875 1) 1-
#513000 0!
#513125 1# 0$ 1% 1(
#513875 0)
#514125 0" 0# 0(
#514375 0*
#515375 1*
#515625 1)
#515875 0% 0' 1(
#516000 1# 0,
#516750 0)
#516875 0#
#517250 0*
#518250 1*
#518375 1)
#518625 0(
#518750 1" 1%
#518875 1,
#519500 0) 0-
#519750 0" 0%
#519875 1# 1$ 1'
#520000 0*
#521000 1*
#521625 1!
#521875 0*
#522875 1*
#523500 0!
#523625 1"
#523750 0*
#524750 1*
#525375 1!
#525625 0*
#526625 1*
#527875 1) 1-
#528125 0! 0$ 1% 1(
#528875 0)
#529125 0" 0(
#529375 0*
#530375 1*
#530625 1)
#531000 1! 1" 1$ 1& 1(
#531750 0)
#533500 1)
#533750 0! 0# 0$ 0& 0' 0(
#534500 0) 0-
#534750 0"
#534875 1'
#535000 0*
#536125 1*
#536750 1!
#536875 0*
#538000 1*
#538500 0!
#538625 1"
#538750 0*
#539875 1*
#540500 1!
#540625 0*
#541750 1*
#542875 1) 1-
#543125 0! 1# 1(
#544000 0)
#544125 0" 0# 0(
#544250 1$
#544500 0*
#545500 1*
#545625 1)
#546000 1! 1" 1# 1& 1(
#546750 0)
#548500 1)
#548750 0! 0# 0$ 0& 0' 0(
#549500 0-
#549625 0)
#549750 0"
#549875 1# 1'
#550125 0*
#551125 1*
#551750 1!
#552000 0*
#553000 1*
#553500 0!
#553625 1"
#553875 0*
#554875 1*
#555500 1!
#555750 0*
#556750 1*
#557875 1) 1-
#558125 0! 1(
#558250 00
#559000 0)
#559125 0" 0(
#559250 1$
#559500 0*
#560500 1*
#560625 1)
#560875 0#
#561000 1! 1& 0'
#561750 0)
#562000 1" 1#
#562250 0+
#563250 1+
#563500 1)
#563750 0! 0# 0$ 0&
#564500 0-
#564625 0)
#564750 0"
#564875 1$ 1'
#565125 0*
#565250 10
#566125 1*
#566750 1!
#567000 0*
#568000 1*
#568500 0!
#568625 1"
#568875 0*
#569875 1*
#570500 1!
#570750 0*
#571750 1*
#572875 1) 1-
#573125 0! 0$
#573250 1# 1(
#574000 0)
#574125 0# 0(
#574250 0" 0% 1&
#574500 0*
#575500 1*
#575750 1)
#576000 1! 1" 1# 1$ 1% 1(
#576750 0)
#578500 1)
#578750 0! 0# 0$ 0& 0' 0(
#579625 0) 0-
#579875 0" 1# 1$ 1'
#580125 0*
#581125 1*
#581750 1!
#582000 0*
#583000 1*
#583500 0!
#583625 1"
#583875 0*
#584875 1*
#585500 1!
#585750 0*
#586750 1*
#587875 1)
#588000 1-
#588125 0! 0$
#588250 1(
#589000 0)
#589250 0" 0% 1& 0(
#589500 0*
#590500 1*
#590750 1)
#591000 1! 0&
#591875 0)
#592000 0! 0# 0'
#592375 0*
#593375 1*
#593500 1)
#593875 1" 1%
#594625 0) 0-
#594875 0" 0% 1& 1'
#595125 0*
#596125 1*
#596750 1!
#597000 0*
#598000 1*
#598625 0! 1"
#598875 0*
#599875 1*
#600500 1!
#600750 0*
#601750 1*
#602875 1)
#603000 1-
#603125 0!
#603250 1# 1% 0& 1(
#604000 0)
#604250 0" 0# 1$ 0% 1& 0(
#604500 0*
#605500 1*
#605750 1)
#606125 1! 1" 1# 1% 1(
#606875 0)
#608500 1)
#608875 0! 0# 0$ 0& 0' 0(
#609625 0) 0-
#609875 0" 0% 1& 1'
#610000 1#
#610125 0*
#611125 1*
#611750 1!
#612000 0*
#613000 1*
#613625 0!
#613750 1"
#613875 0*
#614875 1*
#615500 1!
#615750 0*
#616750 1*
#618000 1) 1-
#618250 0! 1% 0& 1(
#619000 0)
#619250 0" 0% 0(
#619375 1$ 1&
#619500 0*
#620500 1*
#620750 1)
#621000 0# 0'
#621125 1" 1%
#621875 0)
#622125 1! 1#
#622375 0*
#623375 1*
#623625 1)
#623875 0! 0# 0$ 0&
#624625 0) 0-
#624875 0" 0%
#625000 1$ 1& 1'
#625125 0*
#626250 1*
#626875 1!
#627000 0*
#628125 1*
#628625 0!
#628750 1"
#628875 0*
#630000 1*
#630625 1!
#630750 0*
#631875 1*
#633000 1) 1-
#633250 0! 1# 0$ 0& 1(
#633375 1%
#634125 0)
#634250 0" 0# 0(
#634375 1&
#634625 0*
#635625 1*
#635750 1)
#636000 0% 0& 0'
#636125 1! 1# 1(
#636875 0)
#637125 0! 0# 0(
#637375 0*
#638375 1*
#638625 1)
#638875 1%
#639000 1"
#639625 0-
#639750 0)
#639875 0" 0%
#640000 1# 1$ 1& 1'
#640250 0*
#641250 1*
#641875 1!
#642125 0* 00
#643125 1*
#643625 0!
#643750 1"
#644000 0*
#645000 1*
#645625 1!
#645875 0*
#646875 1*
#648000 1) 1-
#648250 0! 0$ 0& 1(
#648375 1%
#649125 0) 10
#649250 0" 0(
#649375 1&
#649625 0*
#650625 1*
#650750 1)
#651000 0% 0& 0'
#651125 1! 1(
#651250 0,
#651875 0)
#652125 0! 0# 0(
#652375 0*
#653375 1*
#653625 1)
#654000 1" 1% 1,
#654750 0) 0-
#654875 0"
#655000 1& 1'
#655250 0*
#656250 1*
#656875 1!
#657125 0*
#658125 1*
#658625 0!
#658750 1"
#659000 0*
#660000 1*
#660625 1!
#660875 0*
#661875 1*
#663000 1) 1-
#663250 0! 0& 1(
#663375 1#
#664125 0)
#664250 0" 0# 0(
#664375 1$ 1&
#664625 0*
#665625 1*
#665875 1)
#666125 1! 1" 1# 1(
#666875 0)
#668625 1)
#668875 0! 0# 0$ 0& 0' 0(
#669625 0-
#669750 0)
#669875 0"
#670000 1# 1& 1'
#670250 0*
#671250 1*
#671875 1!
#672125 0*
#673125 1*
#673625 0!
#673750 1"
#674000 0*
#675000 1*
#675625 1!
#675875 0*
#676875 1*
#678000 1) 1-
#678250 0! 0&
#678375 1(
#679125 0)
#679250 0(
#679375 0" 1$ 1&
#679625 0*
#680625 1*
#680875 1)
#681125 1! 1" 0# 0'
#681875 0)
#682250 1#
#682500 0+
#683500 1+
#683625 1)
#683875 0! 0# 0$ 0&
#684750 0) 0-
#684875 0"
#685000 1$ 1& 1'
#685250 0*
#686250 1*
#686875 1!
#687125 0*
#688125 1*
#688625 0!
#688750 1"
#689000 0*
#690000 1*
#690625 1!
#690875 0*
#691875 1*
#693000 1) 1-
#693375 1# 1(
#694125 0)
#694625 0+
#695625 1+
#695875 1)
#696125 0" 0$ 0% 0& 0(
#696875 0)
#697125 0! 0# 0'
#697375 0*
#698375 1*
#698625 1)
#699000 1" 1%
#699750 0) 0-
#699875 0"
#700000 1# 1$ 1& 1'
#700250 0*
#701250 1*
#701875 1!
#702125 0*
#703125 1*
#703625 0!
#703750 1"
#704000 0*
#705000 1*
#705625 1!
#705875 0*
#706875 1*
#708000 1)
#708125 1-
#708250 0! 0$ 0&
#708375 1(
#709125 0)
#709250 0(
#709375 0" 0# 1$ 0%
#709625 0*
#710625 1*
#711250 1!
#711500 0*
#712500 1*
#713000 0!
#713125 1"
#713375 0*
#714125 1)
#714375 0$ 1*
#714500 1# 1% 1(
#715250 0)
#715375 0" 0% 0(
#715500 1$
#715750 0*
#716750 1*
#717375 1!
#717625 0*
#718625 1*
#719125 0!
#719250 1"
#719500 0*
#720250 1)
#720375 1*
#720500 1! 0" 0$ 0' 1(
#721250 0)
#721500 0! 0# 0(
#721750 0*
#722750 1*
#723000 1)
#723375 1" 1$ 1% 1' 1(
#724125 0)
#724250 0$ 0% 0(
#724375 0" 1#
#724625 0*
#725625 1*
#726000 00
#726250 1%
#726500 0*
#727500 1*
#727750 1)
#728000 1! 1(
#728750 0)
#729000 0! 0% 1& 0' 0(
#729250 0*
#730250 1*
#730500 1)
#730750 0# 0& 1(
#730875 1" 1$ 1% 1'
#731625 0)
#731750 0" 0$ 0% 0(
#731875 1# 1&
#732125 0*
#733000 10
#733125 1*
#733750 1%
#734000 0*
#735000 1*
#735125 1)
#735375 0&
#735500 1! 1(
#736250 0)
#736500 0! 1& 0' 0(
#736750 0*
#737750 1*
#738000 1)
#738250 0& 1(
#738375 1" 1'
#739125 0)
#739250 0" 0' 0(
#739375 0# 0%
#739625 0*
#740625 1*
#741250 1!
#741500 0*
#742500 1*
#743000 0!
#743125 1"
#743375 0*
#744125 1)
#744375 1*
#744500 1# 1% 1' 1(
#745250 0)
#745375 0" 0# 0% 0' 0(
#745625 0*
#746625 1*
#747375 1!
#747500 0*
#748625 1*
#749125 0!
#749250 1"
#749375 0*
#750625 1)
#750875 1*
#751375 0" 1(
#751500 1! 1# 0,
#752250 0)
#752375 0! 0# 0(
#752750 0*
#753750 1*
#754375 1)
#754750 1$ 1% 1' 1( 1,
#755500 0)
#756125 0$ 0% 0' 0(
#756250 1#
#756500 0*
#757500 1*
#758125 1%
#758375 0*
#759375 1*
#759500 1)
#759875 1' 1(
#760625 0)
#760875 0% 0' 0(
#761125 0*
#762125 1*
#762375 1)
#762625 0# 1% 1' 1(
#762750 1$
#763500 0)
#763625 0$ 0% 0' 0(
#763750 1#
#764000 0*
#765000 1*
#765625 1%
#765875 0*
#766875 1*
#767000 1)
#767375 1' 1(
#768125 0)
#768375 0% 0' 0(
#768625 0*
#769625 1*
#769875 1)
#770125 1% 1' 1(
#770250 1"
#771000 0)
#771125 0" 0# 0% 0' 0(
#771375 0*
#772500 1*
#773125 1!
#773250 0*
#774375 1*
#774875 0!
#775000 1"
#775125 0*
#775875 1)
#776125 1*
#776250 1# 1% 1' 1(
#777000 0)
#777250 0" 0# 0% 0' 0(
#777500 0*
#778500 1*
#779125 1!
#779375 0*
#780375 1*
#781000 0! 1"
#781250 0*
#782000 1)
#782250 1*
#782375 1! 1# 1$ 1% 1& 1' 1(
#783125 0)
#784875 1)
#785125 0! 0" 0# 0&
#785875 0)
#786125 0$ 0% 0' 0(
#786250 1#
#786375 0*
#787375 1*
#788125 1%
#788250 0*
#789250 1*
#789500 1)
#789875 1' 1(
#790625 0)
#790750 0' 0(
#790875 0%
#791125 0*
#792125 1*
#792375 1)
#792625 0# 1$ 1% 1' 1(
#793375 0)
#793625 0$ 0% 0' 0(
#793750 1#
#793875 0*
#794875 1*
#795500 1%
#795750 0*
#796750 1*
#797000 1)
#797375 1' 1(
#798125 0)
#798250 0' 0(
#798375 0%
#798625 0*
#799625 1*
#799750 1)
#800125 1" 1% 1' 1(
#800875 0)
#801125 0" 0# 0% 0' 0(
#801375 0*
#802375 1*
#803000 1!
#803250 0*
#804250 1*
#804875 0! 1"
#805125 0*
#805875 1)
#806125 1*
#806250 1# 1% 1' 1(
#807000 0)
#807250 0" 0# 0% 0' 0(
#807500 0*
#808500 1*
#809125 1!
#809375 0*
#809875 00
#810375 1*
#810875 0!
#811000 1"
#811250 0*
#812000 1)
#812250 1*
#812375 1! 1# 1$ 1% 1& 1' 1(
#813125 0)
#814750 1)
#815000 0! 0#
#815125 0" 0&
#815875 0)
#816125 1# 0$ 0% 0' 0(
#816375 0*
#816875 10
#817375 1*
#818000 1%
#818250 0*
#819250 1*
#819500 1)
#819750 1' 1(
#820625 0)
#820750 0% 0' 0(
#821125 0*
#822125 1*
#822250 1)
#822500 0#
#822625 1$ 1% 1' 1(
#823375 0)
#823625 1# 0$ 0% 0' 0(
#823875 0*
#824875 1*
#825500 1%
#825750 0*
#826750 1*
#827000 1)
#827250 1' 1(
#828125 0)
#828250 0% 0' 0(
#828500 0*
#829625 1*
#829750 1)
#845125 1! 1'
#845875 0)
#846000 0!
#846125 0# 0' 1(
#846375 0*
#847375 1*
#847625 1)
#848875 1! 1" 1# 1$ 1% 1& 1'
#849625 0)
#851375 1)
#854375 0! 0$ 0&
#855250 0)
#855500 0" 0# 0% 0' 0(
#855750 0*
#856750 1*
#857000 1)
#857250 1! 1" 1# 1$ 1% 1& 1' 1(
#858000 0)
#859750 1)
#860875 0)
#861375 0+
#862375 1+
#863250 0+
#864250 1+
#865125 0+
#866125 1+
#867000 0+
#868000 1+
#869125 1)
#869375 0! 0$ 0&
#870250 0)
#870375 0(
#870500 0" 0% 0'
#870750 0*
#871750 1*
#872000 1)
#872250 1! 1(
#873000 0)
#873250 0! 0#
#873500 0*
#874500 1*
#874750 1)
#875000 0(
#875125 1" 1%
#875875 0) 0-
#876000 0" 0%
#876125 1(
#876375 0*
#877375 1*
#878000 1!
#878250 0*
#879250 1*
#879750 0!
#879875 1"
#880125 0*
#881125 1*
#881750 1!
#882000 0*
#883000 1*
#884125 1) 1-
#884375 0!
#884500 1# 1% 1'
#885250 0)
#885375 0#
#885500 0" 1$ 0% 0' 0(
#885750 0*
#886750 1*
#887000 1)
#887125 0$
#887250 1! 1# 1(
#887375 0,
#888000 0)
#888250 0! 0#
#888500 0*
#889500 1*
#889750 1)
#890000 0(
#890125 1" 1% 1,
#890875 0) 0-
#891000 0" 0%
#891125 1# 1(
#891375 0*
#892375 1*
#893000 1!
#893250 0*
#893750 00
#894250 1*
#894750 0!
#894875 1"
#895125 0*
#896125 1*
#896750 1!
#897000 0*
#898000 1*
#899125 1) 1-
#899375 0!
#899500 1% 1'
#900250 0)
#900375 0% 0' 0(
#900500 0" 1$
#900625 10
#900750 0*
#901750 1*
#902000 1)
#902250 1% 1&
#903000 0)
#903250 1!
#903375 1"
#903500 0*
#904500 1*
#904750 1)
#905000 0! 0# 0$ 0&
#905875 0) 0-
#906000 0" 0%
#906125 1$ 1(
#906375 0*
#907375 1*
#908000 1!
#908250 0*
#909250 1*
#909750 0!
#909875 1"
#910125 0*
#911125 1*
#911750 1!
#912000 0*
#913000 1*
#914125 1) 1-
#914375 0! 0$
#914500 1# 1% 1'
#915250 0)
#915375 0#
#915500 0" 0' 0(
#915750 0*
#916750 1*
#917000 1)
#917125 0%
#917250 1! 1# 1'
#918000 0)
#918250 0! 0# 0' 1(
#918500 0*
#919500 1*
#919750 1)
#920000 0(
#920125 1" 1%
#920875 0) 0-
#921000 0" 0%
#921125 1# 1$ 1(
#921375 0*
#922375 1*
#923000 1!
#923250 0*
#924250 1*
#924750 0!
#924875 1"
#925125 0*
#926125 1*
#926750 1!
#927000 0*
#928000 1*
#929125 1) 1-
#929375 0! 0$
#929500 1% 1'
#930250 0)
#930500 0" 0' 0(
#930750 0*
#931750 1*
#932000 1)
#932250 1! 1" 1$ 1& 1' 1(
#933125 0)
#934750 1)
#935000 0! 0# 0$ 0& 0' 0(
#935875 0) 0-
#936125 0" 1(
#936375 0*
#937375 1*
#938000 1!
#938250 0*
#939250 1*
#939750 0!
#939875 1"
#940125 0*
#941125 1*
#941750 1!
#942000 0*
#943000 1*
#944125 1)
#944250 1-
#944375 0!
#944500 1# 1'
#945250 0)
#945500 0" 0# 1$ 0' 0(
#945750 0*
#946750 1*
#947000 1)
#947250 1! 0$ 0% 1(
#947375 1#
#948125 0)
#948250 0! 0#
#948625 0*
#949625 1*
#949750 1)
#950000 0(
#950125 1" 1%
#950875 0) 0-
#951125 0" 1# 1(
#951375 0*
#952375 1*
#953000 1!
#953250 0*
#954250 1*
#954875 0! 1"
#955125 0*
#956125 1*
#956750 1!
#957000 0*
#958000 1*
#959125 1)
#959250 1-
#959375 0!
#959500 1'
#960250 0)
#960500 0" 1$ 0' 0(
#960750 0*
#961750 1*
#962000 1)
#962375 1! 1&
#963125 0)
#963375 1"
#963625 0+
#964625 1+
#964750 1)
#965125 0! 0# 0$ 0&
#965875 0) 0-
#966125 0" 1$ 1(
#966375 0*
#967375 1*
#968000 1!
#968250 0*
#969250 1*
#969875 0! 1"
#970125 0*
#971125 1*
#971750 1!
#972000 0*
#973000 1*
#974250 1) 1-
#974375 0!
#974500 1# 0$ 1'
#975250 0)
#975500 0" 0# 0% 1& 0' 0(
#975750 0*
#976750 1*
#977000 1)
#977250 0&
#977375 1! 1# 1( 0,
#977500 00
#978125 0)
#978250 0!
#978375 0#
#978625 0*
#979625 1*
#979875 1)
#980125 1" 1% 0(
#980250 1,
#980875 0) 0-
#981125 0" 1(
#981250 1# 1$
#981375 0*
#982375 1*
#983125 1!
#983250 0*
#984250 1*
#984500 10
#984875 0!
#985000 1"
#985125 0*
#986250 1*
#986750 1!
#987000 0*
#988125 1*
#989250 1) 1-
#989500 0! 0$ 1'
#990375 0)
#990500 0" 0% 0' 0(
#990625 1&
#990750 0*
#991875 1*
#992000 1)
#992375 1! 1" 1$ 1% 1' 1(
#993125 0)
#994875 1)
#995125 0! 0# 0$ 0& 0' 0(
#995875 0-
#996000 0)
#996125 0" 0%
#996250 1& 1(
#996375 0*
#997500 1*
#998125 1!
#998375 0*
#999375 1*
#999875 0!
#1000000 1"
#1000250 0*
#1001250 1*
#1001875 1!
#1002125 0*
#1003125 1*
#1004250 1) 1-
#1004500 0! 0& 1'
#1004625 1# 1%
#1005375 0)
#1005500 0" 0# 0% 0' 0(
#1005625 1$ 1&
#1005875 0*
#1006875 1*
#1007000 1)
#1007375 1! 1" 1# 1% 1' 1(
#1008125 0)
#1009875 1)
#1010125 0! 0# 0$ 0& 0' 0(
#1010875 0-
#1011000 0)
#1011125 0" 0%
#1011250 1# 1& 1(
#1011500 0*
#1012500 1*
#1013125 1!
#1013375 0*
#1014375 1*
#1014875 0!
#1015000 1"
#1015250 0*
#1016250 1*
#1016875 1!
#1017125 0*
#1018125 1*
#1019250 1) 1-
#1019500 0! 0&
#1019625 1% 1'
#1020375 0)
#1020625 0" 1$ 0% 1& 0' 0(
#1020875 0*
#1021875 1*
#1022125 1)
#1022375 1" 1%
#1023125 0)
#1023375 1!
#1023625 0*
#1024625 1*
#1024875 1)
#1025125 0! 0# 0$ 0&
#1026000 0) 0-
#1026250 0" 1$ 0% 1& 1(
#1026500 0*
#1027500 1*
#1028125 1!
#1028375 0*
#1029375 1*
#1029875 0!
#1030000 1"
#1030250 0*
#1031250 1*
#1031875 1!
#1032125 0*
#1033125 1*
#1034250 1)
#1034375 1-
#1034500 0! 0$ 0&
#1034625 1# 1% 1'
#1035375 0)
#1035625 0" 0# 1& 0' 0(
#1035875 0*
#1036875 1*
#1037125 1)
#1037375 1(
#1037500 1! 1" 1# 1$ 1'
#1038250 0)
#1039875 1)
#1040125 0# 0'
#1040250 0! 0$ 0& 0(
#1041000 0) 0-
#1041250 0" 1# 1$ 0% 1& 1(
#1041500 0*
#1042500 1*
#1043125 1!
#1043375 0*
#1044375 1*
#1045000 0! 1"
#1045250 0*
#1046250 1*
#1046875 1!
#1047125 0*
#1048125 1*
#1049250 1)
#1049375 1-
#1049500 0!
#1049625 0$ 1% 0& 1'
#1050375 0)
#1050625 0" 1& 0' 0(
#1050875 0*
#1051875 1*
#1052125 1)
#1052375 0% 0&
#1052500 1" 1'
#1053250 0)
#1053375 0" 0# 0'
#1053750 0*
#1054750 1*
#1054875 1)
#1055250 1" 1%
#1056000 0) 0-
#1056250 0" 1(
#1056375 1&
#1056500 0*
#1057500 1*
#1058125 1!
#1058375 0*
#1059375 1*
#1060000 0!
#1060125 1"
#1060250 0*
#1061250 1*
#1061375 00
#1061875 1!
#1062125 0*
#1063125 1*
#1064375 1) 1-
#1064625 0! 1# 0& 1'
#1065375 0)
#1065625 0" 0# 1& 0' 0(
#1065750 1$
#1065875 0*
#1066875 1*
#1067125 1)
#1067500 1! 1" 1# 1' 1(
#1068250 0)
#1068375 10
#1070000 1)
#1070250 0! 0# 0$ 0& 0' 0(
#1071000 0) 0-
#1071250 0"
#1071375 1# 1& 1(
#1071500 0*
#1072625 1*
#1073250 1!
#1073375 0*
#1074500 1*
#1075000 0!
#1075125 1"
#1075250 0*
#1076375 1*
#1077000 1!
#1077125 0*
#1078250 1*
#1079375 1) 1-
#1079625 0! 0& 1'
#1080500 0)
#1080625 0" 0' 0(
#1080750 1$ 1&
#1080875 0*
#1082000 1*
#1082125 1)
#1082500 1! 1"
#1083250 0)
#1083750 0+
#1084750 1+
#1085000 1)
#1085250 0! 0# 0$ 0&
#1086000 0-
#1086125 0)
#1086250 0"
#1086375 1$ 1& 1(
#1086625 0*
#1087625 1*
#1088250 1!
#1088500 0*
#1089500 1*
#1090000 0!
#1090125 1"
#1090375 0*
#1091375 1*
#1092000 1!
#1092250 0*
#1093250 1*
#1094375 1) 1-
#1094625 0! 0$ 0& 1'
#1094750 1#
#1095500 0)
#1095625 0" 0# 0% 0(
#1096000 0*
#1097000 1*
#1097125 1)
#1097375 0'
#1097500 1" 1# 1(
#1098250 0)
#1098500 0" 0# 0(
#1098750 0*
#1099750 1*
#1100000 1)
#1100375 1" 1%
#1101000 0-
#1101125 0)
#1101250 0"
#1101375 1# 1$ 1& 1(
#1101625 0*
#1102625 1*
#1103250 1!
#1103500 0*
#1104500 1*
#1105000 0!
#1105125 1"
#1105375 0*
#1106375 1*
#1107000 1!
#1107250 0*
#1108250 1*
#1109375 1) 1-
#1109625 0! 0$ 0& 1'
#1110500 0)
#1110625 0" 0% 0(
#1111000 0*
#1112000 1*
#1112125 1)
#1112375 0'
#1112500 1" 1(
#1112625 0,
#1113250 0)
#1113500 0" 0# 0(
#1113750 0*
#1114750 1*
#1115000 1)
#1115375 1" 1% 1,
#1116125 0) 0-
#1116250 0" 0%
#1116375 1' 1(
#1116625 0*
#1117625 1*
#1118250 1!
#1118500 0*
#1119500 1*
#1120000 0!
#1120125 1"
#1120375 0*
#1121375 1*
#1122000 1!
#1122250 0*
#1123250 1*
#1124375 1) 1-
#1124625 0!
#1124750 1# 1%
#1125500 0)
#1125625 0" 0# 0% 0(
#1125750 1$
#1126000 0*
#1127000 1*
#1127125 1)
#1127500 1! 1" 1# 1% 1& 1(
#1128250 0)
#1130000 1)
#1130250 0! 0# 0$ 0& 0' 0(
#1131000 0-
#1131125 0)
#1131250 0" 0%
#1131375 1# 1' 1(
#1131625 0*
#1132625 1*
#1133250 1!
#1133500 0*
#1134500 1*
#1135000 0!
#1135125 1"
#1135375 0*
#1136375 1*
#1137000 1!
#1137250 0*
#1138250 1*
#1139375 1) 1-
#1139625 0!
#1139750 1%
#1140500 0)
#1140625 0" 0% 0(
#1140750 1$
#1141000 0*
#1142000 1*
#1142125 1)
#1142375 0# 0$
#1143250 0)
#1143500 1! 1# 1$ 1% 1&
#1143625 1"
#1143750 0*
#1144750 1*
#1145000 1)
#1145250 0! 0# 0$ 0& 0' 00
#1146000 0-
#1146125 0)
#1146250 0" 0%
#1146375 1$ 1' 1(
#1146625 0*
#1147625 1*
#1148250 1!
#1148500 0*
#1149500 1*
#1150000 0!
#1150125 1"
#1150375 0*
#1151375 1*
#1152000 1!
#1152250 0* 10
#1153250 1*
#1154375 1) 1-
#1154625 0! 0$
#1154750 1# 1%
#1155500 0)
#1155625 0" 0# 0(
#1156000 0*
#1157000 1*
#1157125 1)
#1157375 0%
#1157500 1" 1#
#1158250 0)
#1158500 0" 0# 0'
#1158750 0*
#1159750 1*
#1160000 1)
#1160250 1"
#1160375 1%
#1161000 0-
#1161125 0)
#1161250 0" 0%
#1161375 1# 1$ 1' 1(
#1161625 0*
#1162625 1*
#1163250 1!
#1163500 0*
#1164500 1*
#1165000 0!
#1165125 1"
#1165375 0*
#1166375 1*
#1167000 1!
#1167250 0*
#1168250 1*
#1169375 1) 1-
#1169625 0! 0$ 1%
#1170500 0)
#1170625 0" 0(
#1170875 0*
#1172000 1*
#1172125 1)
#1172500 1! 1" 1$ 1& 1(
#1173250 0)
#1175000 1)
#1175250 0! 0# 0$ 0& 0' 0(
#1176000 0) 0-
#1176250 0"
#1176375 1' 1(
#1176500 0*
#1177625 1*
#1178250 1!
#1178375 0*
#1179500 1*
#1180000 0!
#1180125 1"
#1180250 0*
#1181375 1*
#1182000 1!
#1182125 0*
#1183250 1*
#1184375 1) 1-
#1184625 0! 1#
#1185375 0)
#1185625 0" 0# 0(
#1185750 1$
#1185875 0*
#1187000 1*
#1187125 1)
#1187375 0$ 0% 0'
#1187500 1" 1# 1(
#1188250 0)
#1188500 0" 0# 0(
#1188750 0*
#1189750 1*
#1190000 1)
#1190250 1" 1%
#1191000 0) 0-
#1191250 0"
#1191375 1# 1' 1(
#1191500 0*
#1192500 1*
#1193250 1!
#1193375 0*
#1194375 1*
#1195000 0!
#1195125 1"
#1195250 0*
#1196250 1*
#1196875 1!
#1197125 0*
#1198125 1*
#1199375 1) 1-
#1199500 0!
#1200375 0)
#1200625 0" 1$ 0(
#1200875 0*
#1201875 1*
#1202125 1)
#1202375 0# 0$ 0%
#1202500 1!
#1203250 0)
#1203500 1" 1# 1$ 1% 1&
#1203750 0+
#1204750 1+
#1204875 1)
#1205250 0! 0# 0$ 0& 0'
#1206000 0) 0-
#1206250 0" 1' 1(
#1206375 1$
#1206500 0*
#1207500 1*
#1208125 1!
#1208375 0*
#1209375 1*
#1210000 0! 1"
#1210250 0*
#1211250 1*
#1211875 1!
#1212125 0*
#1213125 1*
#1214250 1)
#1214375 1-
#1214500 0!
#1214625 1# 0$
#1215375 0)
#1215625 0" 0# 0% 1& 0(
#1215875 0*
#1216875 1*
#1217125 1)
#1217375 0& 0' 1(
#1217500 1" 1# 0,
#1218250 0)
#1218375 0" 0# 0(
#1218750 0*
#1219750 1*
#1219875 1)
#1220250 1" 1%
#1220375 1,
#1221000 0) 0-
#1221250 0" 1# 1$ 1' 1(
#1221500 0*
#1222500 1*
#1223125 1!
#1223375 0*
#1224375 1*
#1225000 0! 1"
#1225250 0*
#1226250 1*
#1226875 1!
#1227125 0*
#1228125 1*
#1229125 00
#1229250 1)
#1229375 1-
#1229500 0! 0$
#1230375 0)
#1230625 0" 0% 1& 0(
#1230875 0*
#1231875 1*
#1232125 1)
#1232375 1! 1" 1% 1(
#1232500 1$
#1233250 0)
#1234875 1)
#1235125 0# 0$ 0& 0'
#1235250 0! 0(
#1236000 0) 0- 10
#1236250 0" 0% 1& 1' 1(
#1236500 0*
#1237500 1*
#1238125 1!
#1238375 0*
#1239375 1*
#1239875 0!
#1240000 1"
#1240250 0*
#1241250 1*
#1241875 1!
#1242125 0*
#1243125 1*
#1244250 1)
#1244375 1-
#1244500 0! 0&
#1244625 1# 1%
#1245375 0)
#1245625 0" 0# 1$ 0% 1& 0(
#1245875 0*
#1246875 1*
#1247125 1)
#1247375 1! 1" 1# 1% 1(
#1248125 0)
#1249875 1)
#1250125 0! 0# 0$ 0& 0' 0(
#1251000 0) 0-
#1251125 0"
#1251250 1# 0% 1& 1' 1(
#1251500 0*
#1252500 1*
#1253125 1!
#1253375 0*
#1254375 1*
#1254875 0!
#1255000 1"
#1255250 0*
#1256250 1*
#1256875 1!
#1257125 0*
#1258125 1*
#1259250 1) 1-
#1259500 0! 0&
#1259625 1%
#1260375 0)
#1260500 0% 0(
#1260625 0" 1$ 1&
#1260875 0*
#1261875 1*
#1262000 1)
#1262250 0$ 0&
#1262375 1" 0#
#1263125 0)
#1263375 1$ 1&
#1263500 1! 1# 1%
#1263625 0*
#1264625 1*
#1264875 1)
#1265125 0! 0# 0$ 0& 0'
#1265875 0-
#1266000 0)
#1266125 0" 0%
#1266250 1$ 1& 1' 1(
#1266500 0*
#1267500 1*
#1268125 1!
#1268375 0*
#1269375 1*
#1269875 0!
#1270000 1"
#1270250 0*
#1271250 1*
#1271875 1!
#1272125 0*
#1273125 1*
#1274250 1) 1-
#1274500 0! 0$ 0&
#1274625 1# 1%
#1275375 0)
#1275500 0" 0# 0(
#1275625 1&
#1275875 0*
#1276875 1*
#1277000 1)
#1277375 1! 1" 1# 1$ 1(
#1278125 0)
#1279875 1)
#1280125 0! 0# 0$ 0& 0' 0(
#1280875 0-
#1281000 0)
#1281125 0" 0%
#1281250 1# 1$ 1& 1' 1(
#1281500 0*
#1282500 1*
#1283125 1!
#1283375 0*
#1284375 1*
#1284875 0!
#1285000 1"
#1285250 0*
#1286250 1*
#1286875 1!
#1287125 0*
#1288125 1*
#1289250 1) 1-
#1289500 0! 0$ 0&
#1289625 1%
#1290375 0)
#1290500 0" 0(
#1290625 1&
#1290875 0*
#1291875 1*
#1292000 1)
#1292250 0% 0&
#1292375 1"
#1293125 0)
#1293375 0" 0# 0' 1(
#1293625 0*
#1294625 1*
#1294875 1)
#1295125 1" 0(
#1295250 1%
#1295875 0-
#1296000 0)
#1296125 0"
#1296250 1& 1' 1(
#1296500 0*
#1297500 1*
#1298125 1!
#1298375 0*
#1299375 1*
#1299875 0!
#1300000 1"
#1300250 0*
#1301250 1*
#1301875 1!
#1302125 0*
#1303125 1*
#1304250 1) 1-
#1304500 0! 1# 0&
#1305375 0)
#1305500 0" 0# 0(
#1305625 1$ 1&
#1305875 0*
#1306875 1*
#1307000 1)
#1307375 1! 1" 1# 1(
#1308125 0)
#1309875 1)
#1310125 0! 0# 0$ 0& 0' 0(
#1310875 0-
#1311000 0)
#1311125 0"
#1311250 1# 1& 1' 1(
#1311500 0*
#1312500 1*
#1312875 00
#1313125 1!
#1313375 0*
#1314375 1*
#1314875 0!
#1315000 1"
#1315250 0*
#1316250 1*
#1316875 1!
#1317125 0*
#1318125 1*
#1319250 1) 1-
#1319500 0! 0&
#1319875 10
#1320375 0)
#1320500 0" 0(
#1320625 1$ 1&
#1320875 0*
#1321875 1*
#1322000 1)
#1322250 0# 0$ 0% 0&
#1322375 1! 1"
#1323125 0)
#1323375 1# 1$ 1% 1&
#1323625 0+
#1324625 1+
#1324875 1)
#1325125 0! 0# 0$ 0& 0'
#1325875 0-
#1326000 0)
#1326125 0"
#1326250 1$ 1& 1' 1(
#1326500 0*
#1327500 1*
#1328125 1!
#1328375 0*
#1329375 1*
#1329875 0!
#1330000 1"
#1330250 0*
#1331250 1*
#1331875 1!
#1332125 0*
#1333125 1*
#1334250 1) 1-
#1334625 1#
#1335375 0)
#1335875 0+
#1336875 1+
#1337000 1)
#1337250 0$ 0% 0& 0'
#1337375 0!
#1338125 0)
#1338375 0" 0#
#1338625 0*
#1339625 1*
#1339875 1)
#1340125 1" 0(
#1340250 1%
#1340875 0-
#1341000 0)
#1341125 0"
#1341250 1# 1$ 1& 1' 1(
#1341500 0*
#1342500 1*
#1343125 1!
#1343375 0*
#1344375 1*
#1344875 0!
#1345000 1"
#1345250 0*
#1346250 1*
#1346875 1!
#1347125 0*
#1348125 1*
#1349250 1) 1-
#1349500 0! 0$ 0&
#1350375 0)
#1350500 0" 0# 0% 0(
#1350625 1$
#1350875 0*
#1351875 1*
#1352500 1!
#1352750 0*
#1353750 1*
#1354250 0!
#1354375 1"
#1354625 0*
#1355375 1)
#1355625 0$ 1( 1*
#1355750 1# 1%
#1356500 0)
#1356625 0" 0% 0(
#1356750 1$
#1356875 0*
#1358000 1*
#1358625 1!
#1358750 0*
#1359875 1*
#1360375 0!
#1360500 1"
#1360625 0*
#1361500 1)
#1361625 0$ 0' 1*
#1361750 1(
#1361875 0,
#1362500 0)
#1362750 0" 0#
#1363000 0*
#1364000 1*
#1364250 1)
#1364625 1" 1$ 1% 1' 1,
#1365375 0)
#1365500 0" 0$ 0%
#1365625 1! 1# 0(
#1365875 0*
#1366875 1*
#1367500 1%
#1367750 0*
#1368750 1*
#1369000 1)
#1369250 1(
#1370000 0)
#1370250 0% 1& 0' 0(
#1370500 0*
#1371500 1*
#1371750 1)
#1372000 0! 0# 0& 1(
#1372125 1" 1$ 1% 1'
#1372875 0)
#1373000 0" 0$ 0% 0(
#1373125 1! 1# 1&
#1373375 0*
#1374375 1*
#1375000 1%
#1375250 0*
#1376250 1*
#1376500 1)
#1376750 0& 1(
#1377500 0)
#1377750 1& 0' 0(
#1378000 0*
#1379000 1*
#1379250 1)
#1379500 0! 0&
#1379625 1" 1' 1(
#1380375 0)
#1380500 0(
#1380625 0" 0# 0% 0'
#1380875 0*
#1381875 1*
#1382500 1!
#1382750 0*
#1383750 1*
#1384250 0!
#1384375 1"
#1384625 0*
#1385375 1)
#1385625 1*
#1385750 1# 1% 1' 1(
#1386500 0)
#1386625 0" 0# 0% 0' 0(
#1387000 0*
#1388000 1*
#1388625 1!
#1388875 0*
#1389875 1*
#1390375 0!
#1390500 1"
#1390750 0*
#1392000 1)
#1392250 1*
#1392750 1# 1'
#1393500 0)
#1393750 0" 0# 0' 1(
#1394000 0*
#1395000 1*
#1395750 1)
#1396000 1$ 1% 1'
#1396750 0) 00
#1397500 1! 1# 0$ 0% 0' 0(
#1397750 0*
#1398750 1*
#1399375 1%
#1399625 0*
#1400625 1*
#1400875 1)
#1401125 0! 1' 1(
#1402000 0)
#1402125 0% 0' 0(
#1402250 1!
#1402500 0*
#1403500 1*
#1403625 1)
#1403750 10
#1403875 0! 0#
#1404000 1$ 1% 1' 1(
#1404750 0)
#1405000 1! 1# 0$ 0% 0' 0(
#1405250 0*
#1406250 1*
#1406875 1%
#1407125 0*
#1408125 1*
#1408375 1)
#1408625 0! 1(
#1408750 1'
#1409500 0)
#1409625 0% 0' 0(
#1409750 1!
#1410000 0*
#1411000 1*
#1411125 1)
#1411375 0!
#1411500 1" 1% 1' 1(
#1412250 0)
#1412500 0" 0# 0% 0' 0(
#1412750 0*
#1413750 1*
#1414375 1!
#1414625 0*
#1415625 1*
#1416250 0! 1"
#1416500 0*
#1417250 1)
#1417500 1*
#1417625 1# 1% 1' 1(
#1418375 0)
#1418625 0" 0# 0% 0' 0(
#1418875 0*
#1419875 1*
#1420500 1!
#1420750 0*
#1421750 1*
#1422375 0! 1"
#1422625 0*
#1423375 1)
#1423625 1*
#1423750 1# 1(
#1424500 0)
#1424625 0#
#1424750 0"
#1425000 0*
#1426000 1*
#1426250 1)
#1426500 1$ 1% 1'
#1427250 0)
#1427500 0$ 0% 0' 0(
#1427625 1! 1#
#1427750 0*
#1428750 1*
#1429500 1%
#1429625 0*
#1430750 1*
#1430875 1)
#1431125 0!
#1431250 1' 1(
#1432000 0)
#1432250 1! 0% 0' 0(
#1432500 0*
#1433500 1*
#1433750 1)
#1434000 0! 0# 1$ 1% 1' 1(
#1434875 0)
#1435000 0$ 0% 0' 0(
#1435125 1! 1#
#1435250 0*
#1436375 1*
#1437000 1%
#1437125 0*
#1438250 1*
#1438375 1)
#1438625 0!
#1438750 1' 1(
#1439500 0)
#1439750 1! 0% 0' 0(
#1440000 0*
#1441000 1*
#1441250 1)
#1441500 0! 1% 1' 1(
#1441625 1"
#1442375 0)
#1442500 0" 0# 0% 0' 0(
#1442875 0*
#1443875 1*
#1444500 1!
#1444750 0*
#1445750 1*
#1446250 0!
#1446375 1"
#1446625 0*
#1447375 1)
#1447625 1( 1*
#1447750 1# 1% 1'
#1448375 0)
#1448625 0" 0# 0% 0' 0(
#1448875 0*
#1449875 1*
#1450625 1!
#1450750 0*
#1451750 1*
#1452375 0!
#1452500 1"
#1452625 0*
#1453500 1)
#1453625 1*
#1453750 1# 1(
#1453875 0,
#1454500 0)
#1454750 0" 0#
#1455000 0*
#1456000 1*
#1456250 1)
#1456625 1$ 1% 1' 1,
#1457375 0)
#1457500 0$ 0% 0' 0(
#1457625 1! 1#
#1457875 0*
#1458875 1*
#1459500 1%
#1459750 0*
#1460750 1*
#1461000 1)
#1461125 0!
#1461250 1' 1(
#1462000 0)
#1462250 1! 0% 0' 0(
#1462500 0*
#1463500 1*
#1463750 1)
#1464000 0! 0#
#1464125 1$ 1% 1' 1(
#1464875 0)
#1465000 0% 0' 0(
#1465125 1! 1# 0$
#1465375 0*
#1466375 1*
#1467000 1%
#1467250 0*
#1468250 1*
#1468500 1)
#1468625 0!
#1468750 1' 1(
#1469500 0)
#1469750 1! 0% 0' 0(
#1470000 0*
#1471000 1*
#1471250 1)
#1480625 00
#1486625 1" 1$ 1% 1& 1' 1(
#1487375 0)
#1487625 10
#1489125 1)
#1491125 0)
#1492875 1)
#1496000 0! 0$ 0&
#1496750 0)
#1497000 0" 0# 0% 0' 0(
#1497250 0*
#1498250 1*
#1498500 1)
#1498875 1! 1" 1# 1$ 1% 1& 1' 1(
#1499625 0)
#1501250 1)
#1502375 0)
#1502875 0+
#1503875 1+
#1504750 0+
#1505750 1+
#1506625 0+
#1507625 1+
#1508500 0+
#1509500 1+
#1510750 1)
#1511000 0! 0$ 0&
#1511750 0)
#1512000 0" 0% 0' 0(
#1512250 0*
#1513250 1*
#1513500 1)
#1513875 1! 1" 1$ 1% 1& 1' 1(
#1514625 0)
#1516375 1)
#1516625 0# 0$ 0& 0' 0(
#1517375 0) 0-
#1517625 0! 0" 0%
#1517875 0*
#1518875 1*
#1519500 1!
#1519750 0*
#1520750 1*
#1521375 0!
#1521500 1"
#1521625 0*
#1522625 1*
#1523250 1!
#1523500 0*
#1524500 1*
#1525750 1) 1-
#1526000 0! 1# 1% 1' 1(
#1526750 0)
#1527000 0" 0# 0% 0' 0(
#1527125 1$
#1527250 0*
#1528250 1*
#1528500 1)
#1528750 0$
#1528875 1! 1" 1# 1'
#1529625 0)
#1529875 0! 0" 0# 0'
#1530125 0*
#1531125 1*
#1531375 1)
#1531625 1! 1" 1%
#1532375 0) 0-
#1532625 0! 0" 0%
#1532750 1#
#1532875 0*
#1533875 1*
#1534625 1!
#1534750 0*
#1535875 1*
#1536375 0!
#1536500 1"
#1536625 0*
#1537750 1*
#1538250 1!
#1538500 0*
#1539625 1*
#1540750 1) 1-
#1541000 0! 1% 1' 1(
#1541750 0)
#1542000 0" 0% 0' 0(
#1542125 1$
#1542250 0*
#1543375 1*
#1543500 1)
#1543750 0$
#1543875 1'
#1544625 0)
#1544875 1! 1" 1$ 1% 1&
#1545125 0*
#1546125 1*
#1546375 1)
#1546625 0# 0$ 0& 0'
#1547375 0) 0-
#1547625 0! 0" 0%
#1547750 1$
#1547875 0*
#1549000 1*
#1549625 1!
#1549750 0*
#1550875 1*
#1551375 0!
#1551500 1"
#1551625 0*
#1552750 1*
#1553250 1!
#1553500 0*
#1554625 1*
#1555750 1) 1-
#1556000 0! 1# 0$ 1% 1' 1(
#1556750 0)
#1557000 0" 0# 0' 0(
#1557250 0*
#1558375 1*
#1558500 1)
#1558750 0%
#1558875 1! 1" 1# 1(
#1559625 0)
#1559875 0! 0" 0# 0(
#1560125 0*
#1561125 1*
#1561375 1)
#1561625 1! 1" 1%
#1562375 0) 0-
#1562625 0! 0" 0%
#1562750 1# 1$
#1562875 0*
#1564000 1*
#1564500 00
#1564625 1!
#1564750 0*
#1565875 1*
#1566375 0!
#1566500 1"
#1566625 0*
#1567750 1*
#1568250 1!
#1568500 0*
#1569625 1*
#1570750 1) 1-
#1571000 0! 0$ 1% 1' 1(
#1571500 10
#1571750 0)
#1572000 0" 0' 0(
#1572250 0*
#1573250 1*
#1573500 1)
#1573750 0%
#1573875 1! 1" 1( 0,
#1574625 0)
#1574750 0!
#1574875 0" 0# 0(
#1575125 0*
#1576125 1*
#1576375 1)
#1576625 1! 1" 1%
#1576750 1,
#1577375 0) 0-
#1577625 0! 0"
#1577875 0*
#1578875 1*
#1579500 1!
#1579750 0*
#1580750 1*
#1581375 0!
#1581500 1"
#1581625 0*
#1582625 1*
#1583250 1!
#1583500 0*
#1584500 1*
#1585750 1) 1-
#1585875 0!
#1586000 1# 1' 1(
#1586750 0)
#1587000 0" 0# 0' 0(
#1587125 1$
#1587250 0*
#1588250 1*
#1588500 1)
#1588875 1! 1" 1# 1& 1' 1(
#1589625 0)
#1591375 1)
#1591625 0# 0$ 0& 0' 0(
#1592375 0) 0-
#1592625 0! 0"
#1592750 1#
#1592875 0*
#1593875 1*
#1594500 1!
#1594750 0*
#1595750 1*
#1596375 0!
#1596500 1"
#1596625 0*
#1597625 1*
#1598250 1!
#1598500 0*
#1599500 1*
#1600750 1) 1-
#1600875 0!
#1601000 1' 1(
#1601750 0)
#1602000 0" 1$ 0' 0(
#1602250 0*
#1603250 1*
#1603500 1)
#1603750 0$ 0%
#1603875 1! 1'
#1604625 0)
#1604875 1" 1$ 1% 1&
#1605125 0+
#1606125 1+
#1606250 1)
#1606500 0&
#1606625 0# 0$ 0'
#1607375 0) 0-
#1607625 0! 0" 1$
#1607875 0*
#1608875 1*
#1609500 1!
#1609750 0*
#1610750 1*
#1611375 0! 1"
#1611625 0*
#1612625 1*
#1613250 1!
#1613500 0*
#1614500 1*
#1615625 1)
#1615750 1-
#1615875 0!
#1616000 1# 0$ 1' 1(
#1616750 0)
#1617000 0" 0# 0% 1& 0' 0(
#1617250 0*
#1618250 1*
#1618500 1)
#1618750 1! 0&
#1618875 1" 1# 1'
#1619625 0)
#1619750 0! 0" 0# 0'
#1620125 0*
#1621125 1*
#1621250 1)
#1621625 1! 1" 1%
#1622375 0) 0-
#1622625 0! 0" 1# 1$
#1622875 0*
#1623875 1*
#1624500 1!
#1624750 0*
#1625750 1*
#1626375 0! 1"
#1626625 0*
#1627625 1*
#1628250 1!
#1628500 0*
#1629500 1*
#1630625 1)
#1630750 1-
#1630875 0! 0$
#1631000 1' 1(
#1631750 0)
#1632000 0" 0% 1& 0' 0(
#1632250 0*
#1633250 1*
#1633500 1)
#1633750 1! 1' 1(
#1633875 1" 1$ 1%
#1634625 0)
#1636250 1)
#1636500 0# 0$ 0& 0' 0(
#1637375 0) 0-
#1637500 0!
#1637625 0" 0% 1&
#1637875 0*
#1638875 1*
#1639500 1!
#1639750 0*
#1640750 1*
#1641250 0!
#1641375 1"
#1641625 0*
#1642625 1*
#1643250 1!
#1643500 0*
#1644500 1*
#1645625 1)
#1645750 1-
#1645875 0! 0&
#1646000 1# 1% 1' 1(
#1646750 0)
#1646875 0(
#1647000 0" 0# 1$ 0% 1& 0'
#1647250 0*
#1648250 1*
#1648375 00
#1648500 1)
#1648750 1! 1" 1# 0$ 0& 1(
#1649500 0)
#1649750 0! 0" 0# 0(
#1650000 0*
#1651000 1*
#1651250 1)
#1651625 1! 1" 1%
#1652375 0) 0-
#1652500 0! 0" 0%
#1652625 1# 1&
#1652875 0*
#1653875 1*
#1654500 1!
#1654750 0*
#1655250 10
#1655750 1*
#1656250 0!
#1656375 1"
#1656625 0*
#1657625 1*
#1658250 1!
#1658500 0*
#1659500 1*
#1660625 1) 1-
#1660875 0! 0& 1(
#1661000 1% 1'
#1661750 0)
#1661875 0% 0' 0(
#1662000 0" 1$ 1&
#1662250 0*
#1663250 1*
#1663375 1)
#1663625 0$ 0&
#1663750 1" 1'
#1664500 0)
#1664750 1! 1$ 1&
#1664875 1%
#1665000 0*
#1666000 1*
#1666250 1)
#1666500 0# 0$ 0& 0'
#1667250 0-
#1667375 0)
#1667500 0! 0" 0%
#1667625 1$ 1&
#1667875 0*
#1668875 1*
#1669500 1!
#1669750 0*
#1670750 1*
#1671250 0!
#1671375 1"
#1671625 0*
#1672625 1*
#1673250 1!
#1673500 0*
#1674500 1*
#1675625 1) 1-
#1675875 0! 0$ 0& 1' 1(
#1676000 1# 1%
#1676750 0)
#1676875 0" 0# 0' 0(
#1677000 1&
#1677250 0*
#1678250 1*
#1678375 1)
#1678625 0% 0&
#1678750 1! 1" 1# 1(
#1678875 0,
#1679500 0)
#1679750 0! 0" 0# 0(
#1680000 0*
#1681000 1*
#1681250 1)
#1681500 1!
#1681625 1" 1% 1,
#1682250 0-
#1682375 0)
#1682500 0! 0" 0%
#1682625 1# 1$ 1&
#1682875 0*
#1683875 1*
#1684500 1!
#1684750 0*
#1685750 1*
#1686250 0!
#1686375 1"
#1686625 0*
#1687625 1*
#1688250 1!
#1688500 0*
#1689500 1*
#1690625 1) 1-
#1690875 0! 0$ 1% 0& 1' 1(
#1691750 0)
#1691875 0" 0' 0(
#1692000 1&
#1692250 0*
#1693250 1*
#1693375 1)
#1693750 1! 1" 1$ 1' 1(
#1694500 0)
#1696250 1)
#1696500 0# 0$ 0& 0' 0(
#1697250 0-
#1697375 0)
#1697500 0! 0"
#1697625 1&
#1697750 0*
#1698875 1*
#1699500 1!
#1699625 0*
#1700750 1*
#1701250 0!
#1701375 1"
#1701500 0*
#1702625 1*
#1703250 1!
#1703375 0*
#1704500 1*
#1705625 1) 1-
#1705875 0! 1# 0& 1' 1(
#1706750 0)
#1706875 0" 0# 0' 0(
#1707000 1$ 1&
#1707125 0*
#1708250 1*
#1708375 1)
#1708750 1! 1" 1# 1' 1(
#1709500 0)
#1711250 1)
#1711500 0# 0$ 0& 0' 0(
#1712250 0) 0-
#1712500 0! 0"
#1712625 1# 1&
#1712750 0*
#1713875 1*
#1714500 1!
#1714625 0*
#1715750 1*
#1716250 0!
#1716375 1"
#1716500 0*
#1717625 1*
#1718125 1!
#1718375 0*
#1719500 1*
#1720625 1) 1-
#1720875 0! 0& 1' 1(
#1721625 0)
#1721875 0" 0' 0(
#1722000 1$ 1&
#1722125 0*
#1723125 1*
#1723375 1)
#1723625 0$ 0% 0&
#1723750 1! 1" 1'
#1724500 0)
#1724750 1$ 1% 1&
#1725000 0+
#1726000 1+
#1726250 1)
#1726500 0# 0$ 0& 0'
#1727250 0) 0-
#1727500 0! 0"
#1727625 1$ 1&
#1727750 0*
#1728750 1*
#1729375 1!
#1729625 0*
#1730625 1*
#1731250 0!
#1731375 1"
#1731500 0*
#1732125 00
#1732500 1*
#1733125 1!
#1733375 0*
#1734375 1*
#1735625 1) 1-
#1735875 0! 1# 0$ 0& 1' 1(
#1736625 0)
#1736875 0" 0# 0% 0(
#1737125 0*
#1738125 1*
#1738375 1)
#1738750 1! 1" 1# 1$ 1% 1& 1(
#1739125 10
#1739500 0)
#1741250 1)
#1741500 0# 0$ 0& 0' 0(
#1742250 0) 0-
#1742500 0! 0"
#1742625 1# 1$ 1&
#1742750 0*
#1743750 1*
#1744375 1!
#1744625 0*
#1745625 1*
#1746250 0!
#1746375 1"
#1746500 0*
#1747500 1*
#1748125 1!
#1748375 0*
#1749375 1*
#1750625 1) 1-
#1750875 0! 0$ 0& 1' 1(
#1751625 0)
#1751875 0" 0% 0(
#1752125 0*
#1753125 1*
#1753375 1)
#1753750 1! 1"
#1754500 0)
#1754625 0!
#1754750 0" 0# 0' 1(
#1755000 0*
#1756000 1*
#1756250 1)
#1756500 1! 1" 1% 0(
#1757250 0) 0-
#1757500 0! 0" 0%
#1757625 1'
#1757750 0*
#1758750 1*
#1759375 1!
#1759625 0*
#1760625 1*
#1761250 0!
#1761375 1"
#1761500 0*
#1762500 1*
#1763125 1!
#1763375 0*
#1764375 1*
#1765625 1) 1-
#1765875 0! 1# 1% 1(
#1766625 0)
#1766875 0" 0# 0% 0(
#1767000 1$
#1767125 0*
#1768250 1*
#1768375 1)
#1768750 1! 1" 1# 1% 1& 1(
#1769500 0)
#1771250 1)
#1771500 0# 0$ 0& 0' 0(
#1772250 0) 0-
#1772500 0! 0" 0%
#1772625 1# 1'
#1772750 0*
#1773875 1*
#1774500 1!
#1774625 0*
#1775750 1*
#1776250 0!
#1776375 1"
#1776500 0*
#1777625 1*
#1778250 1!
#1778375 0*
#1779500 1*
#1780625 1) 1-
#1780875 0! 1% 1(
#1781750 0)
#1781875 0" 0% 0(
#1782000 1$
#1782125 0*
#1783250 1*
#1783375 1)
#1783625 0#
#1784500 0)
#1784750 1! 1" 1# 1% 1&
#1785000 0*
#1786000 1*
#1786250 1)
#1786500 0# 0$ 0& 0'
#1787250 0-
#1787375 0)
#1787500 0! 0" 0%
#1787625 1$ 1'
#1787750 0*
#1788875 1*
#1789500 1!
#1789750 0*
#1790750 1*
#1791250 0!
#1791375 1"
#1791625 0*
#1792625 1*
#1793250 1!
#1793500 0*
#1794500 1*
#1795625 1) 1-
#1795875 0! 0$ 1(
#1796000 1# 1%
#1796750 0)
#1796875 0" 0# 0(
#1797250 0*
#1798250 1*
#1798375 1)
#1798625 0% 0'
#1798750 1! 1" 1# 1(
#1799500 0)
#1799750 0! 0" 0#
#1800000 0*
#1801000 1*
#1801250 1)
#1801500 1! 1" 0(
#1801625 1%
#1802250 0-
#1802375 0)
#1802500 0! 0" 0%
#1802625 1# 1$ 1'
#1802875 0*
#1803875 1*
#1804500 1!
#1804750 0*
#1805750 1*
#1806250 0!
#1806375 1"
#1806625 0*
#1807625 1*
#1808250 1!
#1808500 0*
#1809500 1*
#1810625 1) 1-
#1810875 0! 0$ 1(
#1811000 1%
#1811750 0)
#1811875 0" 0(
#1812250 0*
#1813250 1*
#1813375 1)
#1813625 0% 0'
#1813750 1! 1" 1(
#1813875 0,
#1814500 0)
#1814750 0! 0" 0#
#1815000 0*
#1816000 1* 00
#1816250 1)
#1816500 1! 0(
#1816625 1" 1% 1,
#1817375 0) 0-
#1817500 0! 0"
#1817625 1'
#1817875 0*
#1818875 1*
#1819500 1!
#1819750 0*
#1820750 1*
#1821250 0!
#1821375 1"
#1821625 0*
#1822625 1*
#1823000 10
#1823250 1!
#1823500 0*
#1824500 1*
#1825625 1) 1-
#1825875 0!
#1826000 1# 1(
#1826750 0)
#1826875 0# 0(
#1827000 0" 1$
#1827250 0*
#1828250 1*
#1828500 1)
#1828750 1! 1" 1# 1& 1(
#1829500 0)
#1831250 1)
#1831500 0# 0$ 0& 0' 0(
#1832375 0) 0-
#1832500 0!
#1832625 0" 1# 1'
#1832875 0*
#1833875 1*
#1834500 1!
#1834750 0*
#1835750 1*
#1836250 0!
#1836375 1"
#1836625 0*
#1837625 1*
#1838250 1!
#1838500 0*
#1839500 1*
#1840625 1)
#1840750 1-
#1840875 0!
#1841000 1(
#1841750 0)
#1842000 0" 1$ 0(
#1842250 0*
#1843250 1*
#1843500 1)
#1843750 1! 0# 0%
#1844625 0)
#1844875 1" 1# 1% 1&
#1845125 0+
#1846125 1+
#1846250 1)
#1846500 0# 0&
#1846625 0$ 0'
#1847375 0) 0-
#1847625 0! 0" 1$ 1'
#1847875 0*
#1848875 1*
#1849500 1!
#1849750 0*
#1850750 1*
#1851375 0! 1"
#1851625 0*
#1852625 1*
#1853250 1!
#1853500 0*
#1854500 1*
#1855625 1)
#1855750 1-
#1855875 0!
#1856000 1# 0$ 1(
#1856750 0)
#1857000 0" 0# 0% 1& 0(
#1857250 0*
#1858250 1*
#1858500 1)
#1858750 0&
#1858875 1! 1" 1#
#1859625 0)
#1859750 0! 0" 0#
#1859875 0' 1(
#1860125 0*
#1861125 1*
#1861250 1)
#1861500 0(
#1861625 1! 1" 1%
#1862375 0) 0-
#1862625 0! 0" 1'
#1862750 1# 1$
#1862875 0*
#1863875 1*
#1864500 1!
#1864750 0*
#1865750 1*
#1866375 0!
#1866500 1"
#1866625 0*
#1867625 1*
#1868250 1!
#1868500 0*
#1869500 1*
#1870750 1) 1-
#1871000 0! 0$ 1(
#1871750 0)
#1872000 0" 0% 0(
#1872125 1&
#1872250 0*
#1873250 1*
#1873500 1)
#1873875 1! 1" 1$ 1% 1(
#1874625 0)
#1876375 1)
#1876625 0# 0$ 0& 0' 0(
#1877375 0) 0-
#1877625 0! 0" 0%
#1877750 1& 1'
#1877875 0*
#1879000 1*
#1879625 1!
#1879750 0*
#1880875 1*
#1881375 0!
#1881500 1"
#1881625 0*
#1882750 1*
#1883375 1!
#1883625 0*
#1884625 1*
#1885750 1) 1-
#1886000 0! 1# 1% 0& 1(
#1886875 0)
#1887000 0" 0# 0% 0(
#1887125 1$ 1&
#1887375 0*
#1888375 1*
#1888500 1)
#1888750 0$ 0& 0'
#1888875 1! 1" 1# 1(
#1889625 0)
#1889875 0! 0" 0#
#1890125 0*
#1891125 1*
#1891375 1)
#1891625 1! 1" 0(
#1891750 1%
#1892375 0-
#1892500 0)
#1892625 0! 0" 0%
#1892750 1# 1& 1'
#1893000 0*
#1894000 1*
#1894625 1!
#1894875 0*
#1895875 1*
#1896375 0!
#1896500 1"
#1896750 0*
#1897750 1*
#1898375 1!
#1898625 0*
#1899625 1*
#1899875 00
#1900750 1) 1-
#1901000 0! 0& 1(
#1901125 1%
#1901875 0)
#1902000 0" 0% 0(
#1902125 1$ 1&
#1902375 0*
#1903375 1*
#1903500 1)
#1903750 0# 0&
#1903875 1"
#1904625 0)
#1904875 1! 1&
#1905000 1# 1%
#1905125 0*
#1906125 1*
#1906375 1)
#1906625 0# 0$ 0& 0'
#1906875 10
#1907375 0-
#1907500 0)
#1907625 0! 0" 0%
#1907750 1$ 1& 1'
#1908000 0*
#1909000 1*
#1909625 1!
#1909875 0*
#1910875 1*
#1911375 0!
#1911500 1"
#1911750 0*
#1912750 1*
#1913375 1!
#1913625 0*
#1914625 1*
#1915750 1) 1-
#1916000 0! 0$ 0&
#1916125 1# 1% 1(
#1916875 0)
#1917000 0# 0(
#1917125 0" 1&
#1917375 0*
#1918375 1*
#1918625 1)
#1918750 0&
#1918875 1! 1" 1# 0% 0' 1(
#1919000 0,
#1919625 0)
#1919875 0! 0" 0#
#1920125 0*
#1921125 1*
#1921375 1)
#1921625 0(
#1921750 1! 1" 1% 1,
#1922500 0) 0-
#1922625 0! 0"
#1922750 1# 1$ 0% 1& 1'
#1923000 0*
#1924000 1*
#1924625 1!
#1924875 0*
#1925875 1*
#1926375 0!
#1926500 1"
#1926750 0*
#1927750 1*
#1928375 1!
#1928625 0*
#1929625 1*
#1930750 1)
#1930875 1-
#1931000 0! 0$ 0&
#1931125 1% 1(
#1931875 0)
#1932125 0" 1& 0(
#1932375 0*
#1933375 1*
#1933625 1)
#1933875 1! 1" 1(
#1934000 1$
#1934750 0)
#1936375 1)
#1936625 0$ 0& 0(
#1936750 0# 0'
#1937500 0) 0-
#1937750 0! 0" 1& 1'
#1938000 0*
#1939000 1*
#1939625 1!
#1939875 0*
#1940875 1*
#1941500 0! 1"
#1941750 0*
#1942750 1*
#1943375 1!
#1943625 0*
#1944625 1*
#1945750 1)
#1945875 1-
#1946000 0! 0&
#1946125 1# 1(
#1946875 0)
#1947125 0" 0# 1$ 1& 0(
#1947375 0*
#1948375 1*
#1948625 1)
#1948875 1(
#1949000 1! 1" 1#
#1949750 0)
#1951375 1)
#1951750 0# 0$ 0& 0' 0(
#1952500 0) 0-
#1952750 0! 0" 1# 1& 1'
#1953000 0*
#1954000 1*
#1954625 1!
#1954875 0*
#1955875 1*
#1956500 0! 1"
#1956750 0*
#1957750 1*
#1958375 1!
#1958625 0*
#1959625 1*
#1960750 1)
#1960875 1-
#1961000 0! 0&
#1961125 1(
#1961875 0)
#1962125 0" 1$ 1& 0(
#1962375 0*
#1963375 1*
#1963625 1)
#1963875 1! 0# 0% 0&
#1964000 1"
#1964750 0)
#1965000 1# 1% 1&
#1965250 0+
#1966250 1+
#1966375 1)
#1966625 0# 0&
#1966750 0$ 0'
#1967500 0) 0-
#1967750 0! 0" 1$ 1& 1'
#1968000 0*
#1969000 1*
#1969625 1!
#1969875 0*
#1970875 1*
#1971500 0! 1"
#1971750 0*
#1972750 1*
#1973375 1!
#1973625 0*
#1974625 1*
#1975750 1)
#1975875 1-
#1976125 1# 1(
#1976875 0)
#1977375 0+
#1978375 1+
#1978625 1)
#1979750 0)
#1981375 1)
#1981750 0# 0$ 0& 0' 0(
#1982500 0) 0-
#1982750 0! 0" 1# 1$ 1& 1'
#1983000 0*
#1983750 00
#1984000 1*
#1984625 1!
#1984875 0*
#1985875 1*
#1986500 0! 1"
#1986750 0*
#1987750 1*
#1988375 1!
#1988625 0*
#1989625 1*
#1990625 10
#1990750 1)
#1990875 1-
#1991000 0!
#1991125 0$ 0& 1(
#1991875 0)
#1992125 0" 0# 1$ 0% 0(
#1992375 0*
#1993375 1*
#1994000 1!
#1994250 0*
#1995250 1*
#1995875 0! 1"
#1996125 0*
#1996875 1)
#1997125 0$ 1*
#1997250 1# 1% 1(
#1998000 0)
#1998125 0(
#1998250 0" 1$ 0%
#1998500 0*
#1999500 1*
#2000125 1!
#2000375 0*
#2001375 1*
#2001875 0!
#2002000 1"
#2002250 0*
#2003000 1)
#2003250 0" 0# 1*
#2004125 0)
#2004250 0$ 0'
#2004625 0*
#2005625 1*
#2005750 1)
#2006125 1" 1$ 1% 1' 1(
#2006875 0)
#2007125 1# 0$ 0% 0(
#2007375 0*
#2008375 1*
#2009000 1%
#2009250 0*
#2010250 1*
#2010500 1)
#2010750 0" 1(
#2010875 1!
#2011625 0)
#2011750 0! 0% 0' 0(
#2011875 1" 1&
#2012125 0*
#2013125 1*
#2013250 1)
#2013500 0# 0&
#2013625 1$ 1% 1' 1(
#2014375 0)
#2014625 1# 0$ 0% 1& 0(
#2014875 0*
#2015875 1*
#2016500 1%
#2016750 0*
#2017750 1*
#2018000 1)
#2018250 1! 0" 0& 1(
#2019125 0)
#2019250 0! 0' 0(
#2019375 1" 1&
#2019625 0*
#2020625 1*
#2020750 1)
#2021000 0&
#2021125 1' 1(
#2021875 0)
#2022125 0" 0# 0% 0' 0(
#2022375 0*
#2023375 1*
#2024000 1!
#2024250 0*
#2025250 1*
#2025875 0! 1"
#2026125 0*
#2026875 1)
#2027125 1*
#2027250 1# 1% 1' 1(
#2028000 0)
#2028125 0# 0(
#2028250 0" 0% 0'
#2028500 0*
#2029500 1*
#2030125 1!
#2030375 0*
#2031375 1*
#2031875 0!
#2032000 1"
#2032250 0*
#2033500 1)
#2033750 1*
#2034125 0"
#2034250 1$ 1(
#2035000 0)
#2035250 0$ 0(
#2035500 0*
#2036500 1*
#2037250 1)
#2037500 1$ 1% 1' 1(
#2038250 0)
#2039000 1" 1# 0$ 0% 0' 0(
#2039250 0*
#2040250 1*
#2040875 1%
#2041125 0*
#2042125 1*
#2042375 1)
#2042625 0" 1' 1(
#2043500 0)
#2043625 0% 0' 0(
#2043750 1"
#2043875 0*
#2045000 1*
#2045125 1)
#2045375 0" 0#
#2045500 1$ 1% 1' 1(
#2046250 0)
#2046375 0(
#2046500 1" 1# 0$ 0% 0'
#2046750 0*
#2047750 1*
#2048375 1%
#2048625 0*
#2049625 1*
#2049875 1)
#2050125 0" 1' 1(
#2050875 0)
#2051125 0% 0' 0(
#2051250 1"
#2051375 0*
#2052375 1*
#2052625 1)
#2053000 1% 1' 1(
#2053750 0)
#2053875 0(
#2054000 0" 0# 0% 0'
#2054250 0*
#2055250 1*
#2055875 1!
#2056125 0*
#2057125 1*
#2057625 0!
#2057750 1"
#2058000 0*
#2058750 1)
#2059000 1*
#2059125 1# 1% 1' 1(
#2059875 0)
#2060000 0" 0# 0% 0' 0(
#2060375 0*
#2061375 1*
#2062000 1!
#2062250 0*
#2063250 1*
#2063750 0!
#2063875 1"
#2064125 0*
#2064875 1)
#2065000 0" 1*
#2065125 1$ 1(
#2065250 0,
#2065875 0)
#2066125 0$ 0(
#2066375 0*
#2067375 1*
#2067625 1) 00
#2067875 1(
#2068000 1$ 1% 1' 1,
#2068750 0)
#2068875 0$ 0% 0' 0(
#2069000 1" 1#
#2069250 0*
#2070250 1*
#2070875 1%
#2071125 0*
#2072125 1*
#2072250 1)
#2072500 0"
#2072625 1' 1(
#2073375 0)
#2073625 1" 0% 0' 0(
#2073875 0*
#2074500 10
#2074875 1*
#2075125 1)
#2075375 0" 0# 1(
#2075500 1$ 1% 1'
#2076250 0)
#2076375 0$ 0% 0' 0(
#2076500 1" 1#
#2076750 0*
#2077750 1*
#2078375 1%
#2078625 0*
#2079625 1*
#2079750 1)
#2080000 0"
#2080125 1' 1(
#2080875 0)
#2081125 1" 0% 0' 0(
#2081375 0*
#2082375 1*
#2082625 1)
#2082875 1' 1(
#2083000 1%
#2083750 0)
#2083875 0" 0# 0% 0' 0(
#2084250 0*
#2085250 1*
#2085875 1!
#2086125 0*
#2087125 1*
#2087625 0!
#2087750 1"
#2088000 0*
#2088750 1)
#2089000 1' 1( 1*
#2089125 1# 1%
#2089750 0)
#2090000 0" 0# 0% 0' 0(
#2090250 0*
#2091250 1*
#2091875 1!
#2092125 0*
#2093125 1*
#2093750 0!
#2093875 1"
#2094000 0*
#2094750 1)
#2095000 0" 1*
#2095125 1$ 1'
#2095875 0)
#2096125 0$ 0'
#2096375 0*
#2097375 1*
#2097625 1)
#2097875 1$ 1% 1' 1(
#2098750 0)
#2098875 0$ 0% 0' 0(
#2099000 1" 1#
#2099125 0*
#2100250 1*
#2100875 1%
#2101000 0*
#2102125 1*
#2102250 1)
#2102500 0"
#2102625 1' 1(
#2103375 0)
#2103625 1" 0% 0' 0(
#2103875 0*
#2104875 1*
#2105125 1)
#2105375 0" 0# 1$ 1% 1' 1(
#2106250 0)
#2106375 0$ 0% 0' 0(
#2106500 1" 1#
#2106625 0*
#2107750 1*
#2108375 1%
#2108500 0*
#2109625 1*
#2109750 1)
#2110000 0"
#2110125 1' 1(
#2110875 0)
#2111000 0(
#2111125 1" 0% 0'
#2111375 0*
#2112375 1*
#2112625 1)
#2127750 0"
#2127875 0# 1$ 1(
#2128625 0)
#2128875 0$ 0(
#2129125 0*
#2130125 1*
#2130375 1)
#2131625 1! 1" 1# 1$ 1% 1& 1' 1(
#2132375 0)
#2134125 1)
#2137250 0! 0$ 0&
#2138000 0)
#2138250 0" 0# 0% 0' 0(
#2138500 0*
#2139500 1*
#2139750 1)
#2140125 1$ 1( 0,
#2140875 0)
#2141000 0$ 0(
#2141375 0*
#2142375 1*
#2142500 1)
#2142875 1! 1" 1# 1$ 1% 1& 1' 1(
#2143000 1,
#2143625 0)
#2144125 0+
#2145125 1+
#2146000 0+
#2147000 1+
#2147875 0+
#2148875 1+
#2149750 0+
#2150750 1+
#2151375 00
#2151875 1)
#2152250 0! 0$ 0&
#2153000 0)
#2153250 0" 0% 0' 0(
#2153500 0*
#2154500 1*
#2154750 1)
#2155125 1! 1" 1$ 1% 1& 1' 1(
#2155875 0)
#2157500 1)
#2157875 0# 0$ 0& 0' 0(
#2158375 10
#2158625 0) 0-
#2158875 0! 0" 0% 1(
#2159125 0*
#2160125 1*
#2160750 1!
#2161000 0*
#2162000 1*
#2162625 0! 1"
#2162875 0*
#2163875 1*
#2164500 1!
#2164750 0*
#2165750 1*
#2166875 1)
#2167000 1-
#2167125 0!
#2167250 1# 1% 1'
#2168000 0)
#2168250 0" 0# 1$ 0% 0' 0(
#2168500 0*
#2169500 1*
#2169750 1)
#2170125 1! 1" 1# 1% 1& 1' 1(
#2170875 0)
#2172500 1)
#2172875 0# 0$ 0& 0' 0(
#2173625 0) 0-
#2173875 0! 0" 1# 0% 1(
#2174125 0*
#2175125 1*
#2175750 1!
#2176000 0*
#2177000 1*
#2177625 0! 1"
#2177875 0*
#2178875 1*
#2179500 1!
#2179750 0*
#2180750 1*
#2181875 1)
#2182000 1-
#2182125 0!
#2182250 1% 1'
#2183000 0)
#2183250 0" 1$ 0% 0' 0(
#2183500 0*
#2184500 1*
#2184750 1)
#2185125 1'
#2185875 0)
#2186125 1! 1" 1% 1&
#2186375 0*
#2187375 1*
#2187500 1)
#2187750 0&
#2187875 0# 0$ 0'
#2188625 0) 0-
#2188875 0! 0" 1$ 0% 1(
#2189125 0*
#2190125 1*
#2190750 1!
#2191000 0*
#2192000 1*
#2192625 0! 1"
#2192875 0*
#2193875 1*
#2194500 1!
#2194750 0*
#2195750 1*
#2196875 1)
#2197000 1-
#2197125 0!
#2197250 1# 0$ 1% 1'
#2198000 0)
#2198250 0" 0# 0' 0(
#2198500 0*
#2199500 1*
#2199750 1)
#2200125 1! 1" 1# 1$ 1& 1' 1(
#2200875 0)
#2202500 1)
#2202875 0# 0$ 0& 0' 0(
#2203625 0) 0-
#2203875 0! 0" 1# 1$ 0% 1(
#2204125 0*
#2205125 1*
#2205750 1!
#2206000 0*
#2207000 1*
#2207625 0! 1"
#2207875 0*
#2208875 1*
#2209500 1!
#2209750 0*
#2210750 1*
#2211875 1)
#2212000 1-
#2212125 0!
#2212250 0$ 1% 1'
#2213000 0)
#2213250 0" 0' 0(
#2213500 0*
#2214500 1*
#2214750 1)
#2215000 0# 0%
#2215125 1$ 1'
#2215875 0)
#2216000 0$ 0'
#2216125 1(
#2216375 0*
#2217375 1*
#2217500 1)
#2217750 0(
#2217875 1! 1" 1%
#2218625 0) 0-
#2218875 0! 0" 1(
#2219125 0*
#2220125 1*
#2220750 1!
#2221000 0*
#2222000 1*
#2222625 0!
#2222750 1"
#2222875 0*
#2223875 1*
#2224500 1!
#2224750 0*
#2225750 1*
#2227000 1) 1-
#2227125 0!
#2227250 1# 1'
#2228000 0)
#2228250 0" 0# 0' 0(
#2228375 1$
#2228500 0*
#2229500 1*
#2229750 1)
#2230125 1! 1" 1# 1& 1' 1(
#2230875 0)
#2232625 1)
#2232875 0# 0$ 0& 0' 0(
#2233625 0) 0-
#2233875 0! 0" 1(
#2234000 1#
#2234125 0*
#2235125 1*
#2235250 00
#2235750 1!
#2236000 0*
#2237000 1*
#2237625 0!
#2237750 1"
#2237875 0*
#2239000 1*
#2239500 1!
#2239750 0*
#2240875 1*
#2242000 1) 1-
#2242250 0! 1' 10
#2243125 0)
#2243250 0" 0' 0(
#2243375 1$
#2243500 0*
#2244625 1*
#2244750 1)
#2245000 0%
#2245125 1! 1'
#2245875 0)
#2246125 1" 1% 1&
#2246375 0+
#2247375 1+
#2247625 1)
#2247875 0# 0$ 0& 0'
#2248625 0-
#2248750 0)
#2248875 0! 0"
#2249000 1$ 1(
#2249250 0*
#2250250 1*
#2250875 1!
#2251125 0*
#2252125 1*
#2252625 0!
#2252750 1"
#2253000 0*
#2254000 1*
#2254625 1!
#2254875 0*
#2255875 1*
#2257000 1) 1-
#2257250 0! 0$ 1'
#2257375 1#
#2258125 0)
#2258250 0" 0# 0% 0' 0(
#2258375 1&
#2258625 0*
#2259625 1*
#2259750 1)
#2260000 0&
#2260125 1$ 1(
#2260875 0)
#2261125 0$
#2261375 0*
#2262375 1*
#2262625 1)
#2262875 1! 0(
#2263000 1" 1%
#2263625 0-
#2263750 0)
#2263875 0! 0"
#2264000 1# 1$ 1(
#2264250 0*
#2265250 1*
#2265875 1!
#2266125 0*
#2267125 1*
#2267625 0!
#2267750 1"
#2268000 0*
#2269000 1*
#2269625 1!
#2269875 0*
#2270875 1*
#2272000 1) 1-
#2272250 0! 0$
#2272375 1'
#2273125 0)
#2273250 0' 0(
#2273375 0" 0% 1&
#2273625 0*
#2274625 1*
#2274875 1)
#2275000 0# 0&
#2275125 1$ 1(
#2275250 0,
#2275875 0)
#2276125 0$
#2276375 0*
#2277375 1*
#2277625 1)
#2277875 0(
#2278000 1! 1" 1% 1,
#2278750 0) 0-
#2278875 0! 0" 0%
#2279000 1& 1(
#2279250 0*
#2280250 1*
#2280875 1!
#2281125 0*
#2282125 1*
#2282625 0!
#2282750 1"
#2283000 0*
#2284000 1*
#2284625 1!
#2284875 0*
#2285875 1*
#2287000 1)
#2287125 1-
#2287250 0! 0&
#2287375 1# 1% 1'
#2288125 0)
#2288375 0" 0# 1$ 0% 1& 0' 0(
#2288625 0*
#2289625 1*
#2289875 1)
#2290125 1! 1" 1# 1% 1' 1(
#2291000 0)
#2292625 1)
#2292875 0# 0$ 0& 0' 0(
#2293750 0) 0-
#2294000 0! 0" 1# 0% 1& 1(
#2294250 0*
#2295250 1*
#2295875 1!
#2296125 0*
#2297125 1*
#2297750 0! 1"
#2298000 0*
#2299000 1*
#2299625 1!
#2299875 0*
#2300875 1*
#2302000 1)
#2302125 1-
#2302250 0! 0&
#2302375 1% 1'
#2303125 0)
#2303375 0" 1$ 0% 1& 0' 0(
#2303625 0*
#2304625 1*
#2304875 1)
#2305125 0&
#2305250 1" 1'
#2306000 0)
#2306250 1! 1% 1&
#2306500 0*
#2307500 1*
#2307625 1)
#2307875 0&
#2308000 0# 0$ 0'
#2308750 0) 0-
#2309000 0! 0" 1$ 0% 1& 1(
#2309250 0*
#2310250 1*
#2310875 1!
#2311125 0*
#2312125 1*
#2312750 0! 1"
#2313000 0*
#2314000 1*
#2314625 1!
#2314875 0*
#2315875 1*
#2317125 1) 1-
#2317250 0!
#2317375 1# 0$ 1% 0& 1'
#2318125 0)
#2318375 0" 0# 1& 0' 0(
#2318625 0*
#2319125 00
#2319625 1*
#2319875 1)
#2320125 0% 0&
#2320250 1$ 1'
#2321000 0)
#2321125 0'
#2321250 0$ 1(
#2321500 0*
#2322500 1*
#2322750 1)
#2323000 1! 1" 1% 0(
#2323750 0) 0-
#2324000 0! 0" 0% 1(
#2324125 1# 1$ 1&
#2324250 0*
#2325250 1*
#2325875 1!
#2326125 0* 10
#2327125 1*
#2327750 0!
#2327875 1"
#2328000 0*
#2329125 1*
#2329625 1!
#2329875 0*
#2331000 1*
#2332125 1) 1-
#2332375 0! 0$ 1% 0& 1'
#2333250 0)
#2333375 0" 0' 0(
#2333500 1&
#2333625 0*
#2334750 1*
#2334875 1)
#2335250 1! 1" 1$ 1' 1(
#2336000 0)
#2337750 1)
#2338000 0# 0$ 0& 0' 0(
#2338750 0-
#2338875 0)
#2339000 0! 0"
#2339125 1& 1(
#2339375 0*
#2340375 1*
#2341000 1!
#2341250 0*
#2342250 1*
#2342750 0!
#2342875 1"
#2343125 0*
#2344125 1*
#2344750 1!
#2345000 0*
#2346000 1*
#2347125 1) 1-
#2347375 0! 0& 1'
#2347500 1#
#2348250 0)
#2348375 0" 0# 0' 0(
#2348500 1$ 1&
#2348750 0*
#2349750 1*
#2349875 1)
#2350125 0% 0&
#2350250 1(
#2351000 0)
#2351250 0$
#2351500 0*
#2352500 1*
#2352750 1)
#2353000 1! 0(
#2353125 1" 1%
#2353750 0-
#2353875 0)
#2354000 0! 0"
#2354125 1# 1& 1(
#2354375 0*
#2355375 1*
#2356000 1!
#2356250 0*
#2357250 1*
#2357750 0!
#2357875 1"
#2358125 0*
#2359125 1*
#2359750 1!
#2360000 0*
#2361000 1*
#2362125 1) 1-
#2362375 0! 0&
#2362500 1'
#2363250 0)
#2363375 0' 0(
#2363500 0" 1$ 1&
#2363750 0*
#2364750 1*
#2365000 1)
#2365125 0&
#2365250 1! 1" 0% 1'
#2366000 0)
#2366250 1% 1&
#2366500 0+
#2367625 1+
#2367750 1)
#2368000 0# 0$ 0& 0'
#2368875 0) 0-
#2369000 0! 0"
#2369125 1$ 1& 1(
#2369375 0*
#2370375 1*
#2371000 1!
#2371250 0*
#2372250 1*
#2372750 0!
#2372875 1"
#2373125 0*
#2374125 1*
#2374750 1!
#2375000 0*
#2376000 1*
#2377125 1)
#2377250 1-
#2377375 0! 0$ 0&
#2377500 1# 1'
#2378250 0)
#2378500 0" 0# 0% 0(
#2378750 0*
#2379750 1*
#2380000 1)
#2380250 1$ 0' 1(
#2380375 0,
#2381000 0)
#2381250 0$
#2381500 0*
#2382625 1*
#2382750 1)
#2383000 0(
#2383125 1! 1" 1% 1,
#2383875 0) 0-
#2384000 0! 0"
#2384125 1# 1$ 1& 1(
#2384375 0*
#2385375 1*
#2386000 1!
#2386250 0*
#2387250 1*
#2387750 0!
#2387875 1"
#2388125 0*
#2389125 1*
#2389750 1!
#2390000 0*
#2391000 1*
#2392125 1)
#2392250 1-
#2392375 0! 0$ 0&
#2392500 1'
#2393250 0)
#2393500 0" 0% 0(
#2393750 0*
#2394750 1*
#2395000 1)
#2395250 1! 1% 1& 1(
#2395375 1" 1$
#2396125 0)
#2397750 1)
#2398000 0# 0$ 0& 0' 0(
#2398875 0) 0-
#2399125 0! 0" 0% 1' 1(
#2399375 0*
#2400375 1*
#2401000 1!
#2401250 0*
#2402250 1*
#2402750 0!
#2402875 1"
#2403000 00
#2403125 0*
#2404125 1*
#2404750 1!
#2405000 0*
#2406000 1*
#2407125 1)
#2407250 1-
#2407375 0!
#2407500 1# 1%
#2408250 0)
#2408500 0" 0# 1$ 0% 0(
#2408750 0*
#2409750 1*
#2409875 10
#2410000 1)
#2410250 1! 1(
#2410375 1" 1# 1% 1&
#2411125 0)
#2412750 1)
#2413000 0# 0&
#2413125 0$ 0' 0(
#2413875 0) 0-
#2414125 0! 0" 1# 0% 1' 1(
#2414375 0*
#2415375 1*
#2416000 1!
#2416250 0*
#2417250 1*
#2417875 0! 1"
#2418125 0*
#2419125 1*
#2419750 1!
#2420000 0*
#2421000 1*
#2422125 1)
#2422250 1-
#2422375 0!
#2422500 1%
#2423250 0)
#2423500 0" 1$ 0% 0(
#2423750 0*
#2424750 1*
#2425000 1)
#2425250 0# 0$ 1%
#2426125 0)
#2426375 1! 1" 1# 1$ 1&
#2426625 0*
#2427625 1*
#2427750 1)
#2428000 0# 0$ 0& 0'
#2428875 0) 0-
#2429125 0! 0" 1$ 0% 1' 1(
#2429375 0*
#2430375 1*
#2431000 1!
#2431250 0*
#2432250 1*
#2432750 0!
#2432875 1"
#2433125 0*
#2434125 1*
#2434750 1!
#2435000 0*
#2436000 1*
#2437125 1)
#2437250 1-
#2437375 0! 0$
#2437500 1# 1%
#2438250 0)
#2438500 0" 0# 0(
#2438750 0*
#2439750 1*
#2440000 1)
#2440250 1! 1" 1# 1& 1(
#2440375 1$
#2441125 0)
#2442750 1)
#2443000 0# 0$ 0& 0' 0(
#2443875 0) 0-
#2444000 0!
#2444125 0" 1# 1$ 0% 1' 1(
#2444375 0*
#2445375 1*
#2446000 1!
#2446250 0*
#2447250 1*
#2447750 0!
#2447875 1"
#2448125 0*
#2449125 1*
#2449750 1!
#2450000 0*
#2451000 1*
#2452125 1)
#2452250 1-
#2452375 0! 0$
#2452500 1%
#2453250 0)
#2453500 0" 0(
#2453750 0*
#2454750 1*
#2455000 1)
#2455250 1! 0# 1$ 0%
#2456000 0)
#2456250 0! 0$ 0'
#2456500 0*
#2457500 1*
#2457750 1)
#2458125 1! 1" 1%
#2458875 0) 0-
#2459000 0! 0"
#2459125 1' 1(
#2459375 0*
#2460375 1*
#2461000 1!
#2461250 0*
#2462250 1*
#2462750 0!
#2462875 1"
#2463125 0*
#2464125 1*
#2464750 1!
#2465000 0*
#2466000 1*
#2467125 1) 1-
#2467375 0!
#2467500 1#
#2468250 0)
#2468375 0#
#2468500 0" 1$ 0(
#2468750 0*
#2469750 1*
#2470000 1)
#2470250 1! 1" 1# 1& 1(
#2471000 0)
#2472750 1)
#2473000 0# 0$ 0& 0' 0(
#2473750 0-
#2473875 0)
#2474000 0! 0"
#2474125 1# 1' 1(
#2474375 0*
#2475375 1*
#2476000 1!
#2476250 0*
#2477250 1*
#2477750 0!
#2477875 1"
#2478125 0*
#2479125 1*
#2479750 1!
#2480000 0*
#2481000 1*
#2482125 1) 1-
#2482375 0!
#2483250 0)
#2483375 0" 0(
#2483500 1$
#2483750 0*
#2484750 1*
#2484875 1)
#2485125 0# 0$
#2485250 1!
#2486000 0)
#2486250 1" 1# 1$ 1&
#2486500 0+
#2486750 00
#2487500 1+
#2487750 1)
#2488000 0# 0$ 0& 0'
#2488750 0-
#2488875 0)
#2489000 0! 0"
#2489125 1$ 1' 1(
#2489375 0*
#2490375 1*
#2491000 1!
#2491250 0*
#2492250 1*
#2492750 0!
#2492875 1"
#2493125 0*
#2493750 10
#2494125 1*
#2494750 1!
#2495000 0*
#2496000 1*
#2497125 1) 1-
#2497375 0! 0$
#2497500 1#
#2498250 0)
#2498375 0" 0# 0% 0(
#2498500 1&
#2498750 0*
#2499750 1*
#2499875 1)
#2500125 0& 0'
#2500250 1! 1$ 1(
#2501000 0)
#2501250 0! 0$ 0(
#2501500 0*
#2502500 1*
#2502750 1)
#2503000 1! 1"
#2503125 1%
#2503750 0-
#2503875 0)
#2504000 0! 0"
#2504125 1# 1$ 1' 1(
#2504375 0*
#2505375 1*
#2506000 1!
#2506250 0*
#2507250 1*
#2507750 0!
#2507875 1"
#2508125 0*
#2509125 1*
#2509750 1!
#2509875 0*
#2511000 1*
#2512125 1) 1-
#2512375 0! 0$
#2513125 0)
#2513375 0" 0% 0(
#2513500 1&
#2513625 0*
#2514750 1*
#2514875 1)
#2515125 0# 0& 0'
#2515250 1! 1$ 1( 0,
#2516000 0)
#2516250 0! 0$ 0(
#2516500 0*
#2517500 1*
#2517750 1)
#2518000 1! 1" 1%
#2518125 1,
#2518750 0) 0-
#2519000 0! 0" 0%
#2519125 1& 1' 1(
#2519250 0*
#2520250 1*
#2520875 1!
#2521125 0*
#2522125 1*
#2522750 0!
#2522875 1"
#2523000 0*
#2524000 1*
#2524625 1!
#2524875 0*
#2525875 1*
#2527125 1) 1-
#2527250 0!
#2527375 1# 1% 0&
#2528125 0)
#2528375 0" 0# 0% 0(
#2528500 1$ 1&
#2528625 0*
#2529625 1*
#2529875 1)
#2530250 1! 1" 1# 1% 1(
#2531000 0)
#2532750 1)
#2533000 0# 0$ 0& 0' 0(
#2533750 0) 0-
#2534000 0! 0" 0% 1& 1' 1(
#2534125 1#
#2534250 0*
#2535250 1*
#2535875 1!
#2536125 0*
#2537125 1*
#2537750 0! 1"
#2538000 0*
#2539000 1*
#2539625 1!
#2539875 0*
#2540875 1*
#2542000 1)
#2542125 1-
#2542250 0!
#2542375 1% 0&
#2543125 0)
#2543375 0" 1$ 0% 1& 0(
#2543625 0*
#2544625 1*
#2544875 1)
#2545125 0# 0$ 0&
#2545250 1" 1%
#2546000 0)
#2546250 1! 1# 1$ 1&
#2546500 0*
#2547500 1*
#2547625 1)
#2547875 0# 0$ 0&
#2548000 0'
#2548750 0) 0-
#2549000 0! 0" 1$ 0% 1& 1' 1(
#2549250 0*
#2550250 1*
#2550875 1!
#2551125 0*
#2552125 1*
#2552750 0! 1"
#2553000 0*
#2554000 1*
#2554625 1!
#2554875 0*
#2555875 1*
#2557000 1)
#2557125 1-
#2557250 0! 0&
#2557375 1# 0$ 1%
#2558125 0)
#2558375 0" 0# 1& 0(
#2558625 0*
#2559625 1*
#2559875 1)
#2560125 1! 0% 0&
#2560250 1$
#2561000 0)
#2561125 0! 0$ 0'
#2561500 0*
#2562500 1*
#2562625 1)
#2563000 1! 1" 1%
#2563750 0) 0-
#2564000 0! 0" 1# 1$ 0% 1& 1' 1(
#2564250 0*
#2565250 1*
#2565875 1!
#2566125 0*
#2567125 1*
#2567750 0! 1"
#2568000 0*
#2569000 1*
#2569625 1!
#2569875 0*
#2570625 00
#2570875 1*
#2572000 1)
#2572125 1-
#2572250 0! 0$ 0&
#2572375 1%
#2573125 0)
#2573375 0" 1& 0(
#2573625 0*
#2574625 1*
#2574875 1)
#2575125 1! 1" 1(
#2575250 1$
#2576000 0)
#2577625 1) 10
#2577875 0# 0$ 0& 0' 0(
#2578750 0) 0-
#2579000 0! 0" 1& 1' 1(
#2579250 0*
#2580250 1*
#2580875 1!
#2581125 0*
#2582125 1*
#2582625 0!
#2582750 1"
#2583000 0*
#2584000 1*
#2584625 1!
#2584875 0*
#2585875 1*
#2587000 1)
#2587125 1-
#2587250 0! 0&
#2587375 1#
#2588125 0)
#2588375 0" 0# 1$ 1& 0(
#2588625 0*
#2589625 1*
#2589875 1)
#2590125 1! 0% 0& 0' 1(
#2591000 0)
#2591125 0! 0$ 0(
#2591375 0*
#2592500 1*
#2592625 1)
#2593000 1! 1" 1%
#2593750 0) 0-
#2593875 0! 0"
#2594000 1# 1& 1' 1(
#2594250 0*
#2595250 1*
#2595875 1!
#2596125 0*
#2597125 1*
#2597625 0!
#2597750 1"
#2598000 0*
#2599000 1*
#2599625 1!
#2599875 0*
#2600875 1*
#2602000 1)
#2602125 1-
#2602250 0! 0&
#2603125 0)
#2603375 0" 1$ 1& 0(
#2603625 0*
#2604625 1*
#2604875 1)
#2605125 1! 1" 0# 0$ 0&
#2605875 0)
#2606250 1# 1$ 1&
#2606500 0+
#2607500 1+
#2607625 1)
#2607875 0# 0$ 0& 0'
#2608750 0) 0-
#2608875 0!
#2609000 0" 1$ 1& 1' 1(
#2609250 0*
#2610250 1*
#2610875 1!
#2611125 0*
#2612125 1*
#2612625 0!
#2612750 1"
#2613000 0*
#2614000 1*
#2614625 1!
#2614875 0*
#2615875 1*
#2617000 1)
#2617125 1-
#2617375 1#
#2618125 0)
#2618625 0+
#2619625 1+
#2619875 1)
#2620125 0" 0# 0% 0& 0'
#2620250 0,
#2620875 0)
#2621125 0! 0$ 0(
#2621375 0*
#2622500 1*
#2622625 1)
#2623000 1! 1" 1% 1,
#2623750 0) 0-
#2623875 0!
#2624000 0" 1# 1$ 1& 1' 1(
#2624250 0*
#2625250 1*
#2625875 1!
#2626125 0*
#2627125 1*
#2627625 0!
#2627750 1"
#2628000 0*
#2629000 1*
#2629625 1!
#2629875 0*
#2630875 1*
#2632000 1)
#2632125 1-
#2632250 0! 0$ 0&
#2633125 0)
#2633375 0" 0# 1$ 0% 0(
#2633625 0*
#2634625 1*
#2635250 1!
#2635500 0*
#2636500 1*
#2637000 0!
#2637125 1"
#2637375 0*
#2638125 1)
#2638375 0$ 1*
#2638500 1# 1% 1(
#2639250 0)
#2639375 0% 0(
#2639500 0" 1$
#2639750 0*
#2640750 1*
#2641375 1!
#2641625 0*
#2642625 1*
#2643125 0!
#2643250 1"
#2643500 0*
#2644250 1)
#2644500 1! 1( 1*
#2644625 1% 1&
#2645375 0)
#2647000 1)
#2647250 0! 0# 0&
#2648125 0)
#2648375 1! 1# 0$ 0% 0(
#2648625 0*
#2649625 1*
#2650250 1%
#2650500 0*
#2651500 1*
#2651750 1)
#2652000 0" 1(
#2652875 0)
#2653000 0% 0' 0(
#2653125 1" 1&
#2653375 0*
#2654375 1*
#2654500 1) 00
#2654750 0! 0# 0&
#2654875 1$ 1% 1' 1(
#2655625 0)
#2655875 1! 1# 0$ 0% 1& 0(
#2656125 0*
#2657125 1*
#2657750 1%
#2658000 0*
#2659000 1*
#2659250 1)
#2659500 0" 0& 1(
#2660375 0)
#2660500 0' 0(
#2660625 1" 1&
#2660875 0*
#2661500 10
#2661875 1*
#2662000 1)
#2662250 0! 0&
#2662375 1' 1(
#2663125 0)
#2663375 0" 0# 0% 0' 0(
#2663625 0*
#2664625 1*
#2665250 1!
#2665500 0*
#2666500 1*
#2667125 0! 1"
#2667375 0*
#2668125 1)
#2668375 1*
#2668500 1# 1% 1' 1(
#2669250 0)
#2669500 0" 0# 0% 0' 0(
#2669750 0*
#2670750 1*
#2671375 1!
#2671625 0*
#2672625 1*
#2673125 0!
#2673250 1"
#2673500 0*
#2674750 1)
#2675000 1*
#2675500 1! 1# 1$ 1% 1& 1' 1(
#2676250 0)
#2678500 1)
#2678750 0! 0" 0# 0&
#2679625 0)
#2680250 1! 1" 1# 0$ 0% 0' 0(
#2680500 0*
#2681500 1*
#2682250 1%
#2682375 0*
#2683375 1*
#2683625 1)
#2683875 0! 0"
#2684000 1' 1(
#2684750 0)
#2684875 0(
#2685000 1! 1" 0% 0'
#2685250 0*
#2686250 1*
#2686500 1)
#2686625 0!
#2686750 0" 0# 1$ 1% 1' 1(
#2687500 0)
#2687750 1! 0$ 0% 0' 0(
#2687875 1" 1#
#2688000 0*
#2689000 1*
#2689750 1%
#2689875 0*
#2691000 1*
#2691125 1)
#2691375 0! 0"
#2691500 1' 1(
#2692250 0)
#2692500 1! 1" 0% 0' 0(
#2692750 0*
#2693750 1*
#2694000 1)
#2694250 0! 1% 1' 1(
#2695125 0)
#2695250 0" 0# 0% 0' 0(
#2695500 0*
#2696625 1*
#2697250 1!
#2697375 0*
#2698500 1*
#2699000 0!
#2699125 1"
#2699250 0*
#2700125 1)
#2700375 1' 1( 1*
#2700500 1# 1%
#2701125 0)
#2701375 0" 0# 0% 0' 0(
#2701625 0*
#2702625 1*
#2703250 1!
#2703500 0*
#2704500 1*
#2705125 0!
#2705250 1"
#2705375 0*
#2706125 1)
#2706375 0" 1*
#2706500 1! 1$ 1'
#2707250 0)
#2707500 0! 0$ 0' 1(
#2707750 0*
#2708750 1*
#2709000 1)
#2709250 1'
#2709375 1$ 1%
#2710125 0)
#2710250 0$ 0% 0' 0(
#2710375 1! 1" 1#
#2710625 0*
#2711625 1*
#2712250 1%
#2712500 0*
#2713500 1*
#2713625 1)
#2713875 0! 0"
#2714000 1' 1(
#2714750 0)
#2715000 1! 1" 0% 0' 0(
#2715250 0*
#2716250 1*
#2716500 1)
#2716750 0! 0" 0# 1(
#2716875 1$ 1% 1'
#2717625 0)
#2717750 0$ 0% 0' 0(
#2717875 1! 1" 1#
#2718125 0*
#2719125 1*
#2719750 1%
#2720000 0*
#2721000 1*
#2721125 1)
#2721375 0! 0"
#2721500 1' 1(
#2722250 0)
#2722500 1! 1" 0% 0' 0(
#2722750 0*
#2723750 1*
#2724000 1)
#2724250 0!
#2724375 1% 1' 1(
#2725125 0)
#2725250 0' 0(
#2725375 0" 0# 0%
#2725625 0*
#2726625 1*
#2727250 1!
#2727500 0*
#2728500 1*
#2729000 0!
#2729125 1"
#2729375 0*
#2730125 1)
#2730375 1*
#2730500 1# 1% 1' 1(
#2731250 0)
#2731375 0" 0# 0% 0' 0(
#2731750 0*
#2732750 1*
#2733375 1!
#2733625 0*
#2734625 1*
#2735125 0!
#2735250 1"
#2735500 0*
#2736250 1)
#2736500 1! 0" 1( 1*
#2736625 1$
#2737375 0)
#2737500 0! 0$
#2737750 0*
#2738375 00
#2738875 1*
#2739000 1)
#2739375 1$ 1% 1'
#2740125 0)
#2740375 1! 1" 1# 0$ 0% 0' 0(
#2740625 0*
#2741625 1*
#2742250 1%
#2742500 0*
#2743500 1*
#2743750 1)
#2744000 0! 0" 1' 1(
#2744875 0)
#2745000 0% 0' 0(
#2745125 1! 1"
#2745250 0* 10
#2746375 1*
#2746500 1)
#2746750 0! 0" 0#
#2746875 1$ 1% 1' 1(
#2747625 0)
#2747875 1! 1" 1# 0$ 0% 0' 0(
#2748125 0*
#2749125 1*
#2749750 1%
#2750000 0*
#2751000 1*
#2751250 1)
#2751500 0! 0" 1' 1(
#2752375 0)
#2752500 0% 0' 0(
#2752625 1! 1"
#2752875 0*
#2753875 1*
#2754000 1)
#2769250 0"
#2769375 0# 1$ 1(
#2769500 0,
#2770125 0)
#2770375 0! 0$
#2770625 0*
#2771625 1*
#2771875 1)
#2773125 1! 1" 1# 1$ 1% 1& 1'
#2773250 1,
#2773875 0)
#2775625 1)
#2778750 0! 0$ 0&
#2779500 0)
#2779750 0" 0# 0% 0' 0(
#2780000 0*
#2781125 1*
#2781250 1)
#2781625 1! 1" 1# 1$ 1% 1& 1' 1(
#2782375 0)
#2784125 1)
#2785250 0)
#2785750 0+
#2786750 1+
#2787625 0+
#2788625 1+
#2789500 0+
#2790500 1+
#2791375 0+
#2792375 1+
#2793500 1)
#2793750 0! 0$ 0&
#2794625 0)
#2794750 0" 0% 0' 0(
#2795125 0*
#2796125 1*
#2796250 1)
#2796625 1! 1" 1$ 1% 1& 1' 1(
#2797375 0)
#2799125 1)
#2799375 0! 0" 0$ 0& 0' 0(
#2800125 0-
#2800250 0)
#2800375 0# 0%
#2800750 0*
#2801750 1*
#2802375 1!
#2802625 0*
#2803625 1*
#2804125 0!
#2804250 1"
#2804500 0*
#2805500 1*
#2806125 1!
#2806375 0*
#2807375 1*
#2808500 1) 1-
#2808750 0! 1(
#2808875 1# 1% 1'
#2809625 0)
#2809750 0" 0# 0% 0' 0(
#2809875 1$
#2810125 0*
#2811125 1*
#2811250 1)
#2811625 1! 1'
#2812375 0)
#2812625 0! 0$ 0' 1(
#2812875 0*
#2813875 1*
#2814125 1)
#2814375 0(
#2814500 1# 1%
#2815250 0) 0-
#2815375 0%
#2815750 0*
#2816750 1*
#2817375 1!
#2817625 0*
#2818625 1*
#2819125 0!
#2819250 1"
#2819500 0*
#2820500 1*
#2821125 1!
#2821375 0*
#2822250 00
#2822375 1*
#2823500 1) 1-
#2823750 0!
#2823875 1% 1' 1(
#2824625 0)
#2824750 0% 0' 0(
#2824875 0" 1$
#2825125 0*
#2826125 1*
#2826375 1)
#2826500 0$
#2826625 1% 1'
#2827375 0)
#2827750 1! 1" 1$ 1&
#2827875 0*
#2828875 1*
#2829125 1) 10
#2829375 0! 0" 0$ 0& 0'
#2830250 0) 0-
#2830375 0# 0%
#2830500 1$
#2830750 0*
#2831750 1*
#2832375 1!
#2832625 0*
#2833625 1*
#2834125 0!
#2834250 1"
#2834500 0*
#2835500 1*
#2836125 1!
#2836375 0*
#2837375 1*
#2838500 1) 1-
#2838750 0! 0$
#2838875 1# 1% 1' 1(
#2839625 0)
#2839750 0# 0' 0(
#2839875 0"
#2840125 0*
#2841125 1*
#2841375 1)
#2841500 0%
#2841625 1! 1$ 1(
#2842375 0)
#2842625 0! 0$
#2842875 0*
#2843875 1*
#2844125 1)
#2844375 0(
#2844500 1# 1%
#2845250 0) 0-
#2845375 0%
#2845500 1$
#2845750 0*
#2846750 1*
#2847375 1!
#2847625 0*
#2848625 1*
#2849125 0!
#2849250 1"
#2849500 0*
#2850500 1*
#2851125 1!
#2851375 0*
#2852375 1*
#2853500 1) 1-
#2853750 0! 0$ 1(
#2853875 1% 1'
#2854625 0)
#2854750 0' 0(
#2854875 0"
#2855125 0*
#2856125 1*
#2856375 1)
#2856500 0#
#2856625 1! 1$ 0% 1(
#2856750 0,
#2857375 0)
#2857625 0! 0$
#2857875 0*
#2858875 1*
#2859125 1)
#2859375 0(
#2859500 1# 1% 1,
#2860250 0) 0-
#2860375 0#
#2860750 0*
#2861750 1*
#2862375 1!
#2862625 0*
#2863625 1*
#2864125 0!
#2864250 1"
#2864500 0*
#2865500 1*
#2866125 1!
#2866375 0*
#2867375 1*
#2868500 1) 1-
#2868750 0!
#2868875 1# 1' 1(
#2869625 0)
#2869750 0# 0' 0(
#2869875 0" 1$
#2870125 0*
#2871125 1*
#2871250 1)
#2871625 1! 1" 1# 1& 1' 1(
#2872375 0)
#2874125 1)
#2874375 0! 0" 0$ 0& 0' 0(
#2875125 0-
#2875250 0)
#2875750 0*
#2876750 1*
#2877375 1!
#2877625 0*
#2878625 1*
#2879125 0!
#2879250 1"
#2879500 0*
#2880500 1*
#2881125 1!
#2881375 0*
#2882375 1*
#2883500 1) 1-
#2883750 0! 1' 1(
#2884625 0)
#2884750 0" 0' 0(
#2884875 1$
#2885125 0*
#2886125 1*
#2886250 1)
#2886500 0$
#2886625 1! 1'
#2887375 0)
#2887625 1" 1$ 1&
#2887875 0+
#2888875 1+
#2889125 1)
#2889375 0! 0" 0$ 0& 0'
#2890125 0-
#2890250 0)
#2890375 0#
#2890500 1$
#2890750 0*
#2891750 1*
#2892375 1!
#2892625 0*
#2893625 1*
#2894125 0!
#2894250 1"
#2894500 0*
#2895500 1*
#2896125 1!
#2896375 0*
#2897375 1*
#2898500 1) 1-
#2898750 0! 0$ 1' 1(
#2898875 1#
#2899625 0)
#2899750 0" 0# 0% 0' 0(
#2899875 1&
#2900125 0*
#2901125 1*
#2901250 1)
#2901625 1! 1" 1# 1$ 1% 1' 1(
#2902375 0)
#2904125 1)
#2904375 0! 0" 0$ 0& 0' 0(
#2905125 0-
#2905250 0)
#2905500 1$
#2905750 0*
#2906000 00
#2906750 1*
#2907375 1!
#2907625 0*
#2908625 1*
#2909125 0!
#2909250 1"
#2909375 0*
#2910500 1*
#2911125 1!
#2911250 0*
#2912375 1*
#2913000 10
#2913500 1) 1-
#2913750 0! 0$ 1' 1(
#2914625 0)
#2914750 0" 0% 0' 0(
#2914875 1&
#2915000 0*
#2916125 1*
#2916250 1)
#2916625 1! 1" 1$ 1% 1' 1(
#2917375 0)
#2919125 1)
#2919375 0! 0" 0$ 0& 0' 0(
#2920125 0) 0-
#2920375 0# 0%
#2920500 1&
#2920625 0*
#2921750 1*
#2922375 1!
#2922500 0*
#2923500 1*
#2924125 0!
#2924250 1"
#2924375 0*
#2925500 1*
#2926000 1!
#2926250 0*
#2927250 1*
#2928500 1) 1-
#2928750 0! 1# 1% 0& 1' 1(
#2929500 0)
#2929750 0" 0# 0% 0' 0(
#2929875 1$ 1&
#2930000 0*
#2931000 1*
#2931250 1)
#2931500 0&
#2931625 1" 1'
#2932375 0)
#2932625 0" 0$ 0'
#2932875 0*
#2933875 1*
#2934125 1)
#2934375 1# 1%
#2935125 0) 0-
#2935375 0%
#2935500 1&
#2935625 0*
#2936625 1*
#2937250 1!
#2937500 0*
#2938500 1*
#2939125 0!
#2939250 1"
#2939375 0*
#2940375 1*
#2941000 1!
#2941250 0*
#2942250 1*
#2943500 1) 1-
#2943625 0!
#2943750 1% 0& 1' 1(
#2944500 0)
#2944750 0" 1$ 0% 1& 0' 0(
#2945000 0*
#2946000 1*
#2946250 1)
#2946500 0$ 0&
#2946625 1" 1% 1'
#2947375 0)
#2947625 1! 1$ 1&
#2947875 0*
#2948875 1*
#2949000 1)
#2949375 0! 0" 0$ 0& 0'
#2950125 0) 0-
#2950375 0# 0% 1&
#2950500 1$
#2950625 0*
#2951625 1*
#2952250 1!
#2952500 0*
#2953500 1*
#2954125 0! 1"
#2954375 0*
#2955375 1*
#2956000 1!
#2956250 0*
#2957250 1*
#2958375 1)
#2958500 1-
#2958625 0! 0&
#2958750 1# 0$ 1% 1' 1(
#2959500 0)
#2959750 0" 0# 1& 0' 0(
#2960000 0*
#2961000 1*
#2961250 1)
#2961500 0% 0& 1(
#2961625 1" 1$
#2962375 0)
#2962500 0" 0$ 0(
#2962875 0*
#2963875 1*
#2964000 1)
#2964375 1# 1%
#2965125 0) 0-
#2965375 1$ 0% 1&
#2965625 0*
#2966625 1*
#2967250 1!
#2967500 0*
#2968500 1*
#2969125 0! 1"
#2969375 0*
#2970375 1*
#2971000 1!
#2971250 0*
#2972250 1*
#2973375 1)
#2973500 1-
#2973625 0! 0$ 0&
#2973750 1% 1' 1(
#2974500 0)
#2974750 0" 1& 0' 0(
#2975000 0*
#2976000 1*
#2976250 1)
#2976500 0# 0% 0& 1(
#2976625 1" 1$ 0,
#2977375 0)
#2977500 0" 0$ 0(
#2977750 0*
#2978875 1*
#2979000 1)
#2979375 1# 1% 1,
#2980125 0) 0-
#2980375 0# 1&
#2980625 0*
#2981625 1*
#2982250 1!
#2982500 0*
#2983500 1*
#2984000 0!
#2984125 1"
#2984375 0*
#2985375 1*
#2986000 1!
#2986250 0*
#2987250 1*
#2988375 1)
#2988500 1-
#2988625 0! 0&
#2988750 1# 1' 1(
#2989500 0)
#2989625 0(
#2989750 0" 0# 1$ 1& 0'
#2989875 00
#2990000 0*
#2991000 1*
#2991250 1)
#2991500 1! 1" 1# 1' 1(
#2992250 0)
#2994000 1)
#2994250 0! 0" 0$ 0& 0' 0(
#2995125 0) 0-
#2995375 1&
#2995625 0*
#2996625 1*
#2996875 10
#2997250 1!
#2997500 0*
#2998500 1*
#2999000 0!
#2999125 1"
#2999375 0*
#3000375 1*
#3001000 1!
#3001250 0*
#3002250 1*
#3003375 1) 1-
#3003625 0! 0&
#3003750 1' 1(
#3004500 0)
#3004625 0' 0(
#3004750 0" 1$ 1&
#3005000 0*
#3006000 1*
#3006250 1)
#3006375 0&
#3006500 1! 1" 0$ 1'
#3007250 0)
#3007500 1&
#3007625 1$
#3007875 0+
#3008875 1+
#3009000 1)
#3009250 0! 0" 0$ 0& 0'
#3010125 0) 0-
#3010250 0#
#3010375 1$ 1&
#3010625 0*
#3011625 1*
#3012250 1!
#3012500 0*
#3013500 1*
#3014000 0!
#3014125 1"
#3014375 0*
#3015375 1*
#3016000 1!
#3016250 0*
#3017250 1*
#3018375 1) 1-
#3018625 0! 0$ 0& 1(
#3018750 1# 1'
#3019500 0)
#3019625 0# 0(
#3019750 0" 0%
#3020000 0*
#3021000 1*
#3021250 1)
#3021500 1" 1$
#3022250 0)
#3022500 0" 0$ 0'
#3022750 0*
#3023750 1*
#3024000 1)
#3024375 1# 1%
#3025125 0) 0-
#3025375 1$ 1&
#3025625 0*
#3026625 1*
#3027250 1!
#3027500 0*
#3028500 1*
#3029000 0!
#3029125 1"
#3029375 0*
#3030375 1*
#3031000 1!
#3031250 0*
#3032250 1*
#3033375 1) 1-
#3033625 0! 0$ 0& 1(
#3033750 1'
#3034500 0)
#3034625 0" 0(
#3034750 0%
#3035000 0*
#3036000 1*
#3036125 1)
#3036500 1! 1" 1$ 1% 1& 1(
#3037250 0)
#3039000 1)
#3039250 0! 0" 0$ 0& 0' 0(
#3040000 0-
#3040125 0)
#3040250 0# 0%
#3040375 1'
#3040625 0*
#3041625 1*
#3042250 1!
#3042500 0*
#3043500 1*
#3044000 0!
#3044125 1"
#3044375 0*
#3045375 1*
#3046000 1!
#3046250 0*
#3047250 1*
#3048375 1) 1-
#3048625 0!
#3048750 1# 1% 1(
#3049500 0)
#3049625 0# 0% 0(
#3049750 0" 1$
#3050000 0*
#3051000 1*
#3051125 1)
#3051375 0'
#3051500 1" 1(
#3052250 0)
#3052500 0" 0$ 0(
#3052750 0*
#3053750 1*
#3054000 1)
#3054375 1# 1%
#3055125 0) 0-
#3055250 0%
#3055375 1'
#3055625 0*
#3056625 1*
#3057250 1!
#3057500 0*
#3058500 1*
#3059000 0!
#3059125 1"
#3059375 0*
#3060375 1*
#3061000 1!
#3061250 0*
#3062250 1*
#3063375 1) 1-
#3063625 0! 1(
#3063750 1%
#3064500 0)
#3064625 0% 0(
#3064750 0" 1$
#3065000 0*
#3066000 1*
#3066250 1)
#3066500 0# 1%
#3067250 0)
#3067625 1! 1" 1# 1&
#3067750 0*
#3068750 1*
#3069000 1)
#3069250 0! 0" 0$ 0& 0'
#3070125 0) 0-
#3070250 0# 0%
#3070375 1$ 1'
#3070625 0*
#3071625 1*
#3072250 1!
#3072500 0*
#3073500 1*
#3073750 00
#3074000 0!
#3074125 1"
#3074375 0*
#3075375 1*
#3076000 1!
#3076250 0*
#3077250 1*
#3078375 1) 1-
#3078625 0! 0$
#3078750 1# 1% 1(
#3079500 0)
#3079625 0# 0(
#3079750 0"
#3080000 0*
#3080750 10
#3081000 1*
#3081250 1)
#3081500 1" 1$ 0% 0' 1(
#3081625 0,
#3082250 0)
#3082500 0" 0$ 0(
#3082750 0*
#3083750 1*
#3084000 1)
#3084375 1# 1% 1,
#3085125 0) 0-
#3085250 0%
#3085375 1$ 1'
#3085625 0*
#3086625 1*
#3087250 1!
#3087500 0*
#3088500 1*
#3089000 0!
#3089125 1"
#3089375 0*
#3090375 1*
#3091000 1!
#3091250 0*
#3092250 1*
#3093375 1)
#3093500 1-
#3093625 0! 0$
#3093750 1% 1(
#3094500 0)
#3094625 0(
#3094750 0"
#3095000 0*
#3096000 1*
#3096250 1)
#3096500 1! 1" 1& 1(
#3096625 1$
#3097375 0)
#3099000 1)
#3099250 0! 0" 0$ 0&
#3099375 0' 0(
#3100125 0) 0-
#3100375 0# 1'
#3100625 0*
#3101625 1*
#3102250 1!
#3102500 0*
#3103500 1*
#3104125 0! 1"
#3104375 0*
#3105375 1*
#3106000 1!
#3106250 0*
#3107250 1*
#3108375 1)
#3108500 1-
#3108625 0!
#3108750 1# 1(
#3109500 0)
#3109750 0" 0# 1$ 0(
#3110000 0*
#3111000 1*
#3111250 1)
#3111500 1(
#3111625 1! 1" 1# 1&
#3112375 0)
#3114000 1)
#3114375 0! 0" 0$ 0& 0' 0(
#3115125 0) 0-
#3115375 1'
#3115625 0*
#3116625 1*
#3117250 1!
#3117500 0*
#3118500 1*
#3119125 0! 1"
#3119375 0*
#3120375 1*
#3121000 1!
#3121250 0*
#3122250 1*
#3123500 1) 1-
#3123625 0!
#3123750 1(
#3124500 0)
#3124750 0" 1$ 0(
#3125000 0*
#3126000 1*
#3126250 1)
#3126500 0#
#3126625 1!
#3127375 0)
#3127625 1" 1# 1&
#3127875 0+
#3128875 1+
#3129000 1)
#3129375 0! 0" 0$ 0& 0'
#3130125 0) 0-
#3130375 0# 1'
#3130500 1$
#3130625 0*
#3131625 1*
#3132250 1!
#3132500 0*
#3133500 1*
#3134125 0!
#3134250 1"
#3134375 0*
#3135375 1*
#3136000 1!
#3136250 0*
#3137250 1*
#3138500 1) 1-
#3138750 0! 1# 0$ 1(
#3139500 0)
#3139750 0" 0# 0% 0(
#3139875 1&
#3140000 0*
#3141125 1*
#3141250 1)
#3141625 1! 1" 1# 1$ 1% 1(
#3142375 0)
#3144125 1)
#3144375 0! 0" 0$ 0& 0' 0(
#3145125 0) 0-
#3145500 1$ 1'
#3145625 0*
#3146750 1*
#3147375 1!
#3147500 0*
#3148625 1*
#3149125 0!
#3149250 1"
#3149500 0*
#3150500 1*
#3151125 1!
#3151375 0*
#3152375 1*
#3153500 1) 1-
#3153750 0! 0$ 1(
#3154625 0)
#3154750 0" 0% 0(
#3154875 1&
#3155125 0*
#3156125 1*
#3156250 1)
#3156500 0# 0&
#3156625 1" 1$
#3157375 0)
#3157625 0" 0$ 0' 1( 00
#3157875 0*
#3158875 1*
#3159125 1)
#3159375 0(
#3159500 1# 1%
#3160125 0-
#3160250 0)
#3160375 0# 0%
#3160500 1& 1'
#3160750 0*
#3161750 1*
#3162375 1!
#3162625 0*
#3163625 1*
#3164125 0!
#3164250 1"
#3164500 0* 10
#3165500 1*
#3166125 1!
#3166375 0*
#3167375 1*
#3168500 1) 1-
#3168750 0! 0& 1(
#3168875 1# 1%
#3169625 0)
#3169750 0# 0% 0(
#3169875 0" 1$ 1&
#3170125 0*
#3171125 1*
#3171250 1)
#3171625 1! 1" 1# 1% 1(
#3172375 0)
#3174125 1)
#3174375 0! 0" 0$ 0& 0' 0(
#3175125 0-
#3175250 0)
#3175375 0%
#3175500 1& 1'
#3175750 0*
#3176750 1*
#3177375 1!
#3177625 0*
#3178625 1*
#3179125 0!
#3179250 1"
#3179500 0*
#3180500 1*
#3181125 1!
#3181375 0*
#3182375 1*
#3183500 1)
#3183625 1-
#3183750 0! 0&
#3183875 1% 1(
#3184625 0)
#3184750 0(
#3184875 0" 1$ 0% 1&
#3185125 0*
#3186125 1*
#3186375 1)
#3186625 1" 0# 1% 0&
#3187375 0)
#3187750 1! 1# 1&
#3187875 0*
#3189000 1*
#3189125 1)
#3189375 0! 0" 0$ 0& 0'
#3190250 0) 0-
#3190500 0# 1$ 0% 1& 1'
#3190750 0*
#3191750 1*
#3192375 1!
#3192625 0*
#3193625 1*
#3194250 0! 1"
#3194500 0*
#3195500 1*
#3196125 1!
#3196375 0*
#3197375 1*
#3198500 1)
#3198625 1-
#3198750 0! 0$ 0&
#3198875 1# 1% 1(
#3199625 0)
#3199875 0" 0# 1& 0(
#3200125 0*
#3201125 1*
#3201375 1)
#3201625 0% 0& 0' 1(
#3201750 1" 1$
#3202500 0)
#3202625 0" 0$
#3203000 0*
#3204000 1*
#3204125 1)
#3204375 0(
#3204500 1# 1%
#3205250 0) 0-
#3205500 1$ 0% 1& 1'
#3205750 0*
#3206750 1*
#3207375 1!
#3207625 0*
#3208625 1*
#3209250 0! 1"
#3209500 0*
#3210500 1*
#3211125 1!
#3211375 0*
#3212375 1*
#3213500 1)
#3213625 1-
#3213750 0!
#3213875 0$ 1% 0& 1(
#3214625 0)
#3214875 0" 1& 0(
#3215125 0*
#3216125 1*
#3216375 1)
#3216625 0# 0% 0& 0' 1(
#3216750 1" 1$ 0,
#3217500 0)
#3217625 0" 0$
#3218000 0*
#3219000 1*
#3219125 1)
#3219375 0(
#3219500 1# 1%
#3219625 1,
#3220250 0) 0-
#3220500 0# 1'
#3220625 1&
#3220750 0*
#3221750 1*
#3222375 1!
#3222625 0*
#3223625 1*
#3224250 0!
#3224375 1"
#3224500 0*
#3225500 1*
#3226125 1!
#3226375 0*
#3227375 1*
#3228625 1) 1-
#3228875 0! 1# 0& 1(
#3229625 0)
#3229875 0" 0# 0(
#3230000 1$ 1&
#3230125 0*
#3231125 1*
#3231375 1)
#3231750 1! 1" 1# 1(
#3232500 0)
#3234250 1)
#3234500 0! 0" 0$ 0& 0' 0(
#3235250 0) 0-
#3235625 1& 1'
#3235750 0*
#3236875 1*
#3237500 1!
#3237625 0*
#3238750 1*
#3239250 0!
#3239375 1"
#3239500 0*
#3240625 1*
#3241250 1!
#3241375 00
#3241500 0*
#3242500 1*
#3243625 1) 1-
#3243875 0! 0& 1(
#3244750 0)
#3244875 0" 0(
#3245000 1$ 1&
#3245125 0*
#3246250 1*
#3246375 1)
#3246625 0# 0&
#3246750 1! 1"
#3247500 0)
#3247750 1# 1&
#3248000 0+
#3248375 10
#3249000 1+
#3249250 1)
#3249500 0! 0" 0$ 0& 0'
#3250250 0-
#3250375 0)
#3250500 0#
#3250625 1$ 1& 1'
#3250875 0*
#3251875 1*
#3252500 1!
#3252750 0*
#3253750 1*
#3254250 0!
#3254375 1"
#3254625 0*
#3255625 1*
#3256250 1!
#3256500 0*
#3257500 1*
#3258625 1) 1-
#3258875 1# 1(
#3259750 0)
#3260250 0+
#3261250 1+
#3261375 1)
#3261625 0# 0&
#3261750 0! 0% 0(
#3262500 0)
#3262750 0" 0$ 0' 1(
#3263000 0*
#3264000 1*
#3264250 1)
#3264500 0(
#3264625 1# 1%
#3265250 0-
#3265375 0)
#3265625 1$ 1& 1'
#3265875 0*
#3266875 1*
#3267500 1!
#3267750 0*
#3268750 1*
#3269250 0!
#3269375 1"
#3269625 0*
#3270625 1*
#3271250 1!
#3271500 0*
#3272500 1*
#3273625 1) 1-
#3273875 0! 0$ 0& 1(
#3274750 0)
#3274875 0" 0# 0% 0(
#3275000 1$
#3275250 0*
#3276250 1*
#3276875 1!
#3277125 0*
#3278125 1*
#3278625 0!
#3278750 1"
#3279000 0*
#3279750 1)
#3280000 0$ 1( 1*
#3280125 1# 1%
#3280750 0)
#3281000 0" 1$ 0% 0(
#3281250 0*
#3282250 1*
#3282875 1!
#3283125 0*
#3284125 1*
#3284750 0!
#3284875 1"
#3285000 0*
#3285750 1)
#3286000 0# 0' 1*
#3286125 1(
#3286875 0)
#3287125 0" 0$
#3287375 0*
#3288375 1*
#3288625 1)
#3288875 1'
#3289000 1" 1$ 1%
#3289750 0)
#3289875 0" 0% 0(
#3290250 0*
#3291250 1*
#3291875 1%
#3292125 0*
#3293125 1*
#3293250 1)
#3293500 0$
#3293625 1! 1# 1(
#3294375 0)
#3294625 0! 0# 1$ 0% 1& 0' 0(
#3294875 0*
#3295875 1*
#3296125 1)
#3296375 0& 1' 1(
#3296500 1" 1%
#3297250 0)
#3297375 0" 0% 0(
#3297500 1&
#3297750 0*
#3298750 1*
#3299375 1%
#3299625 0*
#3300625 1*
#3300750 1)
#3301000 0$ 0&
#3301125 1! 1# 1(
#3301875 0)
#3302125 0! 0# 1$ 1& 0' 0(
#3302375 0*
#3303375 1*
#3303625 1)
#3303875 1# 0$ 0& 1' 1(
#3304000 1"
#3304750 0)
#3304875 0" 0# 0% 0' 0(
#3305125 0*
#3306250 1*
#3306875 1!
#3307125 0*
#3308125 1*
#3308625 0!
#3308750 1"
#3309000 0*
#3309750 1)
#3310000 1' 1( 1*
#3310125 1# 1%
#3310750 0)
#3311000 0" 0# 0% 0' 0(
#3311250 0*
#3312250 1*
#3312875 1!
#3313125 0*
#3314125 1*
#3314750 0!
#3314875 1"
#3315000 0*
#3316250 1)
#3316500 1*
#3317000 1(
#3317125 1$ 0,
#3317875 0)
#3318000 0" 0$
#3318250 0*
#3319375 1*
#3320000 1)
#3320375 1$ 1% 1' 1,
#3321125 0)
#3321750 0% 0' 0(
#3322000 0*
#3323125 1*
#3323750 1%
#3323875 0*
#3325000 1*
#3325125 1)
#3325250 00
#3325375 0$
#3325500 1# 1' 1(
#3326250 0)
#3326500 0# 1$ 0% 0' 0(
#3326750 0*
#3327750 1*
#3328000 1)
#3328250 1% 1' 1(
#3329000 0)
#3329250 0% 0' 0(
#3329500 0*
#3330625 1*
#3331250 1%
#3331375 0*
#3332250 10
#3332375 1*
#3332625 1)
#3332875 0$
#3333000 1# 1' 1(
#3333750 0)
#3333875 0(
#3334000 0# 1$ 0% 0'
#3334250 0*
#3335250 1*
#3335500 1)
#3335750 1" 1# 0$ 1% 1' 1(
#3336500 0)
#3336750 0" 0# 0% 0' 0(
#3337000 0*
#3338000 1*
#3338625 1!
#3338875 0*
#3339875 1*
#3340500 0!
#3340625 1"
#3340750 0*
#3341500 1)
#3341750 1*
#3341875 1# 1% 1' 1(
#3342625 0)
#3342875 0" 0# 0% 0' 0(
#3343125 0*
#3344125 1*
#3344750 1!
#3345000 0*
#3346000 1*
#3346500 0!
#3346625 1"
#3346875 0*
#3347625 1)
#3347875 1*
#3348000 1! 1# 1$ 1% 1& 1' 1(
#3348750 0)
#3350375 1)
#3350750 0! 0" 0# 0&
#3351500 0)
#3351750 0% 0' 0(
#3352000 0*
#3353000 1*
#3353625 1%
#3353875 0*
#3354875 1*
#3355125 1)
#3355375 0$
#3355500 1# 1' 1(
#3356250 0)
#3356375 0# 0' 0(
#3356500 1$ 0%
#3356750 0*
#3357750 1*
#3357875 1)
#3358250 1% 1' 1(
#3359000 0)
#3359250 0% 0' 0(
#3359500 0*
#3360500 1*
#3361125 1%
#3361375 0*
#3362375 1*
#3362625 1)
#3362875 0$ 1(
#3363000 1# 1'
#3363750 0)
#3363875 0# 0% 0' 0(
#3364000 1$
#3364250 0*
#3365250 1*
#3365375 1)
#3365625 0$
#3365750 1" 1# 1% 1' 1(
#3366500 0)
#3366750 0" 0# 0% 0' 0(
#3367000 0*
#3368000 1*
#3368625 1!
#3368875 0*
#3369875 1*
#3370500 0! 1"
#3370750 0*
#3371500 1)
#3371750 1*
#3371875 1# 1% 1' 1(
#3372625 0)
#3372750 0(
#3372875 0" 0# 0% 0'
#3373125 0*
#3374125 1*
#3374750 1!
#3375000 0*
#3376000 1*
#3376500 0!
#3376625 1"
#3376875 0*
#3377625 1)
#3377875 1( 1*
#3378000 1! 1# 1$ 1% 1& 1'
#3378750 0)
#3380375 1)
#3380625 0! 0" 0# 0&
#3381500 0)
#3381750 0% 0' 0(
#3382000 0*
#3383000 1*
#3383625 1%
#3383875 0*
#3384875 1*
#3385125 1)
#3385375 0$ 1' 1(
#3385500 1#
#3386250 0)
#3386375 0# 0% 0' 0(
#3386500 1$
#3386625 0*
#3387750 1*
#3387875 1)
#3388250 1% 1' 1(
#3389000 0)
#3389125 0(
#3389250 0% 0'
#3389500 0*
#3390500 1*
#3391125 1%
#3391375 0*
#3392375 1*
#3392625 1)
#3392875 1# 0$ 1' 1(
#3393625 0)
#3393875 0# 0% 0' 0(
#3394000 1$
#3394125 0*
#3395125 1*
#3395375 1)
#3409125 00
#3410750 1! 1" 1'
#3411500 0)
#3411625 0! 0"
#3411750 0$ 0'
#3412000 0*
#3413000 1*
#3413250 1)
#3414500 1! 1" 1# 1$ 1% 1& 1' 1(
#3415250 0)
#3416125 10
#3416875 1)
#3420000 0! 0$ 0&
#3420875 0)
#3421000 0" 0# 0% 0' 0(
#3421375 0*
#3422375 1*
#3422500 1)
#3422875 1! 1" 1# 1$ 1% 1& 1' 1(
#3423625 0)
#3425375 1)
#3426500 0)
#3427000 0+
#3428000 1+
#3428875 0+
#3429875 1+
#3430750 0+
#3431750 1+
#3432625 0+
#3433625 1+
#3434750 1)
#3435000 0! 0$ 0&
#3435875 0)
#3436000 0" 0% 0' 0(
#3436375 0*
#3437375 1*
#3437500 1)
#3437750 0#
#3437875 1! 1" 1$ 1(
#3438625 0)
#3438875 0! 0" 0$ 0(
#3439125 0*
#3440125 1*
#3440375 1)
#3440750 1# 1%
#3441375 0-
#3441500 0)
#3441625 0# 0%
#3441750 1(
#3442000 0*
#3443000 1*
#3443625 1!
#3443875 0*
#3444875 1*
#3445375 0!
#3445500 1"
#3445750 0*
#3446750 1*
#3447375 1!
#3447625 0*
#3448625 1*
#3449750 1) 1-
#3450000 0! 1'
#3450125 1# 1%
#3450875 0)
#3451000 0" 0# 0% 0' 0(
#3451125 1$
#3451375 0*
#3452375 1*
#3452500 1)
#3452875 1! 1" 1(
#3453000 0,
#3453625 0)
#3453875 0! 0" 0$ 0(
#3454125 0*
#3455125 1*
#3455375 1)
#3455750 1# 1% 1,
#3456375 0-
#3456500 0)
#3456625 0%
#3456750 1(
#3457000 0*
#3458000 1*
#3458625 1!
#3458875 0*
#3459875 1*
#3460375 0!
#3460500 1"
#3460750 0*
#3461750 1*
#3462375 1!
#3462625 0*
#3463625 1*
#3464750 1) 1-
#3465000 0! 1% 1'
#3465875 0)
#3466000 0" 0% 0' 0(
#3466125 1$
#3466250 0*
#3467375 1*
#3467500 1)
#3467875 1% 1'
#3468625 0)
#3468875 1! 1" 1&
#3469125 0*
#3470125 1*
#3470375 1)
#3470625 0! 0" 0$ 0& 0'
#3471375 0-
#3471500 0)
#3471625 0# 0%
#3471750 1$ 1(
#3471875 0*
#3473000 1*
#3473625 1!
#3473875 0*
#3474875 1*
#3475375 0!
#3475500 1"
#3475750 0*
#3476750 1*
#3477375 1!
#3477625 0*
#3478625 1*
#3479750 1) 1-
#3480000 0! 0$ 1% 1'
#3480125 1#
#3480875 0)
#3481000 0" 0# 0' 0(
#3481250 0*
#3482375 1*
#3482500 1)
#3482750 0%
#3482875 1! 1" 1$ 1'
#3483625 0)
#3483875 0! 0" 0$ 0'
#3484125 0*
#3485125 1*
#3485375 1)
#3485625 1%
#3485750 1#
#3486375 0-
#3486500 0)
#3486625 0%
#3486750 1$ 1(
#3487000 0*
#3488000 1*
#3488625 1!
#3488875 0*
#3489875 1*
#3490375 0!
#3490500 1"
#3490750 0*
#3491750 1*
#3492375 1!
#3492625 0*
#3493000 00
#3493625 1*
#3494750 1) 1-
#3495000 0! 0$ 1% 1'
#3495875 0)
#3496000 0" 0' 0(
#3496375 0*
#3497375 1*
#3497500 1)
#3497875 1! 1" 1$ 1& 1' 1(
#3498625 0)
#3499875 10
#3500375 1)
#3500625 0! 0" 0$ 0& 0' 0(
#3501375 0-
#3501500 0)
#3501625 0#
#3501750 1(
#3502000 0*
#3503000 1*
#3503625 1!
#3503875 0*
#3504875 1*
#3505375 0!
#3505500 1"
#3505750 0*
#3506750 1*
#3507375 1!
#3507625 0*
#3508625 1*
#3509750 1) 1-
#3510000 0! 1'
#3510125 1#
#3510875 0)
#3511000 0" 0# 0' 0(
#3511125 1$
#3511375 0*
#3512375 1*
#3512500 1)
#3512750 0%
#3512875 1! 1" 1(
#3513625 0)
#3513875 0! 0" 0$ 0(
#3514125 0*
#3515125 1*
#3515375 1)
#3515750 1# 1%
#3516375 0-
#3516500 0)
#3516750 1(
#3517000 0*
#3518000 1*
#3518625 1!
#3518875 0*
#3519875 1*
#3520375 0!
#3520500 1"
#3520750 0*
#3521750 1*
#3522375 1!
#3522625 0*
#3523625 1*
#3524750 1) 1-
#3525000 0! 1'
#3525875 0)
#3526000 0" 0' 0(
#3526125 1$
#3526375 0*
#3527375 1*
#3527500 1)
#3527875 1! 1'
#3528625 0)
#3528875 1" 1&
#3529125 0+
#3530125 1+
#3530375 1)
#3530625 0! 0" 0$ 0& 0'
#3531375 0-
#3531500 0)
#3531625 0#
#3531750 1$ 1(
#3532000 0*
#3533000 1*
#3533625 1!
#3533875 0*
#3534875 1*
#3535375 0!
#3535500 1"
#3535750 0*
#3536750 1*
#3537375 1!
#3537625 0*
#3538625 1*
#3539750 1) 1-
#3540000 0! 0$
#3540125 1# 1'
#3540875 0)
#3541000 0#
#3541125 0" 0% 1& 0' 0(
#3541375 0*
#3542375 1*
#3542625 1)
#3542750 0&
#3542875 1! 1" 1$ 1(
#3543000 0,
#3543625 0)
#3543875 0! 0" 0$ 0(
#3544125 0*
#3545125 1*
#3545375 1)
#3545750 1# 1% 1,
#3546500 0) 0-
#3546750 1$ 1(
#3547000 0*
#3548000 1*
#3548625 1!
#3548875 0*
#3549875 1*
#3550375 0!
#3550500 1"
#3550750 0*
#3551750 1*
#3552375 1!
#3552625 0*
#3553625 1*
#3554750 1)
#3554875 1-
#3555000 0! 0$
#3555125 1'
#3555875 0)
#3556125 0" 0% 1& 0' 0(
#3556375 0*
#3557375 1*
#3557625 1)
#3557875 1! 1' 1(
#3558000 1" 1$ 1%
#3558750 0)
#3560375 1)
#3560625 0! 0" 0'
#3560750 0$ 0& 0(
#3561500 0) 0-
#3561750 0# 0% 1& 1(
#3562000 0*
#3563000 1*
#3563625 1!
#3563875 0*
#3564875 1*
#3565500 0! 1"
#3565750 0*
#3566750 1*
#3567375 1!
#3567625 0*
#3568625 1*
#3569750 1)
#3569875 1-
#3570000 0! 0&
#3570125 1# 1% 1'
#3570875 0)
#3571125 0" 0# 1$ 0% 1& 0' 0(
#3571375 0*
#3572375 1*
#3572625 1)
#3573000 1! 1" 1# 1% 1' 1(
#3573750 0)
#3575375 1)
#3575750 0! 0" 0$ 0& 0' 0(
#3576500 0) 0-
#3576750 0% 1& 1(
#3576875 00
#3577000 0*
#3578000 1*
#3578625 1!
#3578875 0*
#3579875 1*
#3580500 0! 1"
#3580750 0*
#3581750 1*
#3582375 1!
#3582625 0*
#3583625 1*
#3583750 10
#3584875 1) 1-
#3585000 0!
#3585125 1% 0& 1'
#3585875 0)
#3586125 0" 0% 0' 0(
#3586250 1$ 1&
#3586375 0*
#3587375 1*
#3587625 1)
#3587875 0&
#3588000 1" 1% 1'
#3588750 0)
#3589000 1! 1&
#3589250 0*
#3590250 1*
#3590500 1)
#3590750 0! 0" 0$ 0& 0'
#3591500 0) 0-
#3591750 0# 0%
#3591875 1$ 1& 1(
#3592000 0*
#3593000 1*
#3593750 1!
#3593875 0*
#3595000 1*
#3595500 0!
#3595625 1"
#3595750 0*
#3596875 1*
#3597500 1!
#3597625 0*
#3598750 1*
#3599875 1) 1-
#3600125 0! 1# 0$ 1% 0& 1'
#3601000 0)
#3601125 0" 0# 0' 0(
#3601250 1&
#3601375 0*
#3602500 1*
#3602625 1)
#3603000 1! 1" 1# 1$ 1' 1(
#3603750 0)
#3605500 1)
#3605750 0! 0" 0$ 0& 0' 0(
#3606500 0-
#3606625 0)
#3606750 0%
#3606875 1$ 1& 1(
#3607125 0*
#3608125 1*
#3608750 1!
#3609000 0*
#3610000 1*
#3610500 0!
#3610625 1"
#3610875 0*
#3611875 1*
#3612500 1!
#3612750 0*
#3613750 1*
#3614875 1) 1-
#3615125 0! 0$ 0& 1'
#3615250 1%
#3616000 0)
#3616125 0" 0' 0(
#3616250 1&
#3616500 0*
#3617500 1*
#3617625 1)
#3617875 0# 0% 0&
#3618000 1! 1" 1$ 1'
#3618750 0)
#3619000 0! 0" 0$ 0' 1(
#3619250 0*
#3620250 1*
#3620500 1)
#3620750 0(
#3620875 1# 1%
#3621500 0-
#3621625 0)
#3621750 0#
#3621875 1& 1(
#3622125 0*
#3623125 1*
#3623750 1!
#3624000 0*
#3625000 1*
#3625500 0!
#3625625 1"
#3625875 0*
#3626875 1*
#3627500 1!
#3627750 0*
#3628750 1*
#3629875 1) 1-
#3630125 0! 0&
#3630250 1# 1'
#3631000 0)
#3631250 0" 0# 1$ 1& 0' 0(
#3631500 0*
#3632500 1*
#3632750 1)
#3633000 1! 1" 1# 1' 1(
#3633750 0)
#3635500 1)
#3635750 0! 0" 0$ 0& 0' 0(
#3636625 0) 0-
#3636875 1& 1(
#3637125 0*
#3638125 1*
#3638750 1!
#3639000 0*
#3640000 1*
#3640500 0!
#3640625 1"
#3640875 0*
#3641875 1*
#3642500 1!
#3642750 0*
#3643750 1*
#3644875 1)
#3645000 1-
#3645125 0! 0&
#3645250 1'
#3646000 0)
#3646250 0" 1$ 1& 0' 0(
#3646500 0*
#3647500 1*
#3647750 1)
#3648000 1! 1" 0&
#3648125 1'
#3648875 0)
#3649125 1&
#3649375 0+
#3650375 1+
#3650500 1)
#3650750 0! 0" 0& 0'
#3650875 0$
#3651625 0) 0-
#3651875 0# 1$ 1& 1(
#3652125 0*
#3653125 1*
#3653750 1!
#3654000 0*
#3655000 1*
#3655625 0! 1"
#3655875 0*
#3656875 1*
#3657500 1!
#3657750 0*
#3658750 1*
#3659875 1)
#3660000 1-
#3660125 0!
#3660250 1# 0$ 0& 1'
#3660625 00
#3661000 0)
#3661250 0" 0# 0% 0(
#3661500 0*
#3662500 1*
#3662750 1)
#3663000 0' 1(
#3663125 1! 1" 1$
#3663875 0)
#3664000 0! 0" 0$
#3664375 0*
#3665375 1*
#3665500 1)
#3665750 0(
#3665875 1# 1%
#3666625 0) 0-
#3666875 1$ 1(
#3667000 1&
#3667125 0*
#3667625 10
#3668125 1*
#3668750 1!
#3669000 0*
#3670000 1*
#3670625 0! 1"
#3670875 0*
#3671875 1*
#3672500 1!
#3672750 0*
#3673750 1*
#3675000 1) 1-
#3675250 0! 0$ 0& 1'
#3676000 0)
#3676250 0" 0% 0(
#3676500 0*
#3677500 1*
#3677750 1)
#3678000 0# 0'
#3678125 1! 1" 1$ 1( 0,
#3678875 0)
#3679000 0! 0"
#3679125 0$
#3679375 0*
#3680375 1*
#3680625 1)
#3680875 1# 1% 0(
#3681000 1,
#3681625 0) 0-
#3681875 0# 0% 1' 1(
#3682125 0*
#3683125 1*
#3683750 1!
#3684000 0*
#3685000 1*
#3685625 0!
#3685750 1"
#3685875 0*
#3686875 1*
#3687500 1!
#3687750 0*
#3688750 1*
#3690000 1) 1-
#3690125 0!
#3690250 1# 1%
#3691000 0)
#3691250 0" 0# 0% 0(
#3691375 1$
#3691500 0*
#3692500 1*
#3692750 1)
#3693125 1! 1" 1# 1% 1& 1(
#3693875 0)
#3695625 1)
#3695875 0! 0" 0$ 0& 0' 0(
#3696625 0) 0-
#3696875 0% 1(
#3697000 1'
#3697125 0*
#3698125 1*
#3698750 1!
#3699000 0*
#3700000 1*
#3700625 0!
#3700750 1"
#3700875 0*
#3702000 1*
#3702500 1!
#3702750 0*
#3703875 1*
#3705000 1) 1-
#3705250 0! 1%
#3706000 0)
#3706250 0" 0% 0(
#3706375 1$
#3706500 0*
#3707625 1*
#3707750 1)
#3708000 0# 0$
#3708125 1&
#3708875 0)
#3709125 1! 1" 1# 1$ 1%
#3709375 0*
#3710375 1*
#3710625 1)
#3710875 0! 0" 0$ 0& 0'
#3711625 0) 0-
#3711875 0# 0%
#3712000 1$ 1' 1(
#3712125 0*
#3713250 1*
#3713875 1!
#3714000 0*
#3715125 1*
#3715625 0!
#3715750 1"
#3715875 0*
#3717000 1*
#3717500 1!
#3717750 0*
#3718875 1*
#3720000 1) 1-
#3720250 0! 1# 0$ 1%
#3721000 0)
#3721250 0" 0# 0(
#3721500 0*
#3722500 1*
#3722750 1)
#3723000 0%
#3723125 1! 1" 1$
#3723875 0)
#3724125 0! 0" 0$ 0' 1(
#3724375 0*
#3725375 1*
#3725625 1)
#3725875 1# 1% 0(
#3726625 0) 0-
#3726875 0%
#3727000 1$ 1' 1(
#3727125 0*
#3728125 1*
#3728875 1!
#3729000 0*
#3730125 1*
#3730625 0!
#3730750 1"
#3730875 0*
#3731875 1*
#3732500 1!
#3732750 0*
#3733750 1*
#3735000 1) 1-
#3735250 0! 0$ 1%
#3736000 0)
#3736250 0" 0(
#3736500 0*
#3737500 1*
#3737750 1)
#3738125 1! 1" 1$ 1& 1(
#3738875 0)
#3740625 1)
#3740875 0! 0" 0$ 0& 0' 0(
#3741625 0) 0-
#3741875 0# 1' 1(
#3742125 0*
#3743125 1*
#3743750 1!
#3744000 0*
#3744500 00
#3745000 1*
#3745625 0!
#3745750 1"
#3745875 0*
#3746875 1*
#3747500 1!
#3747750 0*
#3748750 1*
#3750000 1) 1-
#3750125 0!
#3750250 1#
#3751000 0)
#3751250 0" 0# 0(
#3751375 1$
#3751500 0* 10
#3752500 1*
#3752750 1)
#3753000 0% 0'
#3753125 1! 1" 1(
#3753875 0)
#3754000 0! 0"
#3754125 0$
#3754375 0*
#3755375 1*
#3755500 1)
#3755750 0(
#3755875 1# 1%
#3756625 0) 0-
#3756875 1' 1(
#3757125 0*
#3758125 1*
#3758750 1!
#3759000 0*
#3760000 1*
#3760625 0! 1"
#3760875 0*
#3761875 1*
#3762500 1!
#3762750 0*
#3763750 1*
#3764875 1)
#3765000 1-
#3765125 0!
#3766000 0)
#3766250 0" 1$ 0(
#3766500 0*
#3767500 1*
#3767750 1)
#3768000 1! 0# 0$ 0%
#3768125 1&
#3768875 0)
#3769125 1" 1# 1$ 1%
#3769375 0+
#3770375 1+
#3770500 1)
#3770875 0! 0" 0$ 0& 0'
#3771625 0) 0-
#3771875 0# 1$ 1' 1(
#3772125 0*
#3773125 1*
#3773750 1!
#3774000 0*
#3775000 1*
#3775625 0! 1"
#3775875 0*
#3776875 1*
#3777500 1!
#3777750 0*
#3778750 1*
#3779875 1)
#3780000 1-
#3780125 0! 0$
#3780250 1#
#3781000 0)
#3781250 0" 0# 0% 1& 0(
#3781500 0*
#3782500 1*
#3782750 1)
#3783000 1! 0& 0' 1(
#3783125 1" 1$ 0,
#3783875 0)
#3784000 0! 0" 0$
#3784375 0*
#3785375 1*
#3785500 1)
#3785750 0(
#3785875 1# 1% 1,
#3786625 0) 0-
#3786875 1$ 1' 1(
#3787125 0*
#3788125 1*
#3788750 1!
#3789000 0*
#3790000 1*
#3790500 0!
#3790625 1"
#3790875 0*
#3791875 1*
#3792500 1!
#3792750 0*
#3793750 1*
#3794875 1)
#3795000 1-
#3795125 0! 0$
#3796000 0)
#3796250 0" 0% 1& 0(
#3796500 0*
#3797500 1*
#3797750 1)
#3798000 1! 1" 1$ 1% 1(
#3798875 0)
#3800500 1)
#3800750 0! 0" 0$ 0& 0' 0(
#3801625 0) 0-
#3801875 0# 0% 1& 1' 1(
#3802125 0*
#3803125 1*
#3803750 1!
#3804000 0*
#3805000 1*
#3805500 0!
#3805625 1"
#3805875 0*
#3806875 1*
#3807500 1!
#3807750 0*
#3808750 1*
#3809875 1) 1-
#3810125 0! 0&
#3810250 1# 1%
#3811000 0)
#3811125 0#
#3811250 0" 1$ 0% 1& 0(
#3811500 0*
#3812500 1*
#3812750 1)
#3813000 1! 1" 1# 1% 1(
#3813750 0)
#3815500 1)
#3815750 0! 0" 0$ 0& 0' 0(
#3816500 0-
#3816625 0)
#3816750 0%
#3816875 1& 1' 1(
#3817125 0*
#3818125 1*
#3818750 1!
#3819000 0*
#3820000 1*
#3820500 0!
#3820625 1"
#3820875 0*
#3821875 1*
#3822500 1!
#3822750 0*
#3823750 1*
#3824875 1) 1-
#3825125 0! 0&
#3825250 1%
#3826000 0)
#3826125 0" 0% 0(
#3826250 1$ 1&
#3826500 0*
#3827500 1*
#3827625 1)
#3827875 0# 0$
#3828000 1"
#3828375 00
#3828750 0)
#3829000 1! 1# 1$ 1%
#3829250 0*
#3830250 1*
#3830500 1)
#3830750 0! 0" 0$ 0& 0'
#3831500 0-
#3831625 0)
#3831750 0# 0%
#3831875 1$ 1& 1' 1(
#3832125 0*
#3833125 1*
#3833750 1!
#3834000 0*
#3835000 1*
#3835375 10
#3835500 0!
#3835625 1"
#3835875 0*
#3836875 1*
#3837500 1!
#3837750 0*
#3838750 1*
#3839875 1) 1-
#3840125 0! 1# 0$ 1% 0&
#3841000 0)
#3841125 0" 0# 0(
#3841250 1&
#3841500 0*
#3842500 1*
#3842625 1)
#3843000 1! 1" 1# 1$ 1(
#3843750 0)
#3845500 1)
#3845750 0! 0" 0$ 0& 0' 0(
#3846500 0-
#3846625 0)
#3846750 0%
#3846875 1$ 1& 1' 1(
#3847125 0*
#3848125 1*
#3848750 1!
#3849000 0*
#3850000 1*
#3850500 0!
#3850625 1"
#3850875 0*
#3851875 1*
#3852500 1!
#3852625 0*
#3853750 1*
#3854875 1) 1-
#3855125 0! 0$ 1% 0&
#3856000 0)
#3856125 0" 0(
#3856250 1&
#3856375 0*
#3857500 1*
#3857625 1)
#3857875 0% 0&
#3858000 1$
#3858750 0)
#3859000 0# 0$ 0'
#3859250 0*
#3860250 1*
#3860500 1)
#3860750 1# 1%
#3861500 0) 0-
#3861750 0#
#3861875 1& 1' 1(
#3862000 0*
#3863125 1*
#3863750 1!
#3863875 0*
#3865000 1*
#3865500 0!
#3865625 1"
#3865750 0*
#3866875 1*
#3867375 1!
#3867625 0*
#3868625 1*
#3869875 1) 1-
#3870125 0! 1# 0&
#3870875 0)
#3871125 0" 0# 0(
#3871250 1$ 1&
#3871375 0*
#3872375 1*
#3872625 1)
#3873000 1! 1" 1# 1(
#3873750 0)
#3875500 1)
#3875750 0! 0" 0$ 0& 0' 0(
#3876500 0) 0-
#3876875 1& 1' 1(
#3877000 0*
#3878000 1*
#3878625 1!
#3878875 0*
#3879875 1*
#3880500 0!
#3880625 1"
#3880750 0*
#3881750 1*
#3882375 1!
#3882625 0*
#3883625 1*
#3884875 1) 1-
#3885125 0! 0&
#3885875 0)
#3886125 0" 1& 0(
#3886250 1$
#3886375 0*
#3887375 1*
#3887625 1)
#3887875 0# 0$ 0%
#3888000 1! 1"
#3888750 0)
#3889000 1# 1$ 1%
#3889250 0+
#3890250 1+
#3890500 1)
#3890750 0! 0" 0$ 0& 0'
#3891500 0) 0-
#3891750 0# 1'
#3891875 1$ 1& 1(
#3892000 0*
#3893000 1*
#3893625 1!
#3893875 0*
#3894875 1*
#3895500 0!
#3895625 1"
#3895750 0*
#3896750 1*
#3897375 1!
#3897625 0*
#3898625 1*
#3899875 1) 1-
#3900125 1#
#3900875 0)
#3901375 0+
#3902375 1+
#3902625 1)
#3902875 0! 0" 0% 0& 0'
#3903750 0)
#3903875 0(
#3904000 0# 0$
#3904250 0*
#3905250 1*
#3905500 1)
#3905750 1# 1%
#3906500 0) 0-
#3906750 1(
#3906875 1$ 1& 1'
#3907000 0*
#3908000 1*
#3908625 1!
#3908875 0*
#3909875 1*
#3910500 0!
#3910625 1"
#3910750 0*
#3911750 1*
#3912250 00
#3912375 1!
#3912625 0*
#3913625 1*
#3914875 1) 1-
#3915125 0! 0$ 0&
#3915875 0)
#3916125 0" 0# 0% 0(
#3916250 1$
#3916375 0*
#3917375 1*
#3918000 1!
#3918250 0*
#3919125 10
#3919250 1*
#3919875 0!
#3920000 1"
#3920125 0*
#3920875 1)
#3921125 0$ 1*
#3921250 1# 1% 1(
#3922000 0)
#3922250 0" 1$ 0% 0(
#3922500 0*
#3923500 1*
#3924125 1!
#3924375 0*
#3925375 1*
#3926000 0! 1"
#3926250 0*
#3927000 1)
#3927250 0" 0' 1*
#3927375 1( 0,
#3928125 0)
#3928250 0(
#3928375 0# 0$
#3928625 0*
#3929625 1*
#3929875 1)
#3930125 1" 1$ 1% 1' 1(
#3930250 1,
#3930875 0)
#3931125 0" 0% 0(
#3931250 1!
#3931375 0*
#3932375 1*
#3933125 1%
#3933250 0*
#3934250 1*
#3934500 1)
#3934750 0$
#3934875 1# 1(
#3935625 0)
#3935750 0(
#3935875 0# 1$ 0% 1& 0'
#3936125 0*
#3937125 1*
#3937375 1)
#3937625 0! 1" 1% 0& 1' 1(
#3938375 0)
#3938625 0" 0% 0(
#3938750 1! 1&
#3938875 0*
#3940000 1*
#3940625 1%
#3940750 0*
#3941875 1*
#3942000 1)
#3942250 0$ 0&
#3942375 1# 1(
#3943125 0)
#3943375 0# 1$ 1& 0' 0(
#3943625 0*
#3944625 1*
#3944875 1)
#3945125 0! 1" 1# 0$ 0& 1' 1(
#3946000 0)
#3946125 0" 0# 0% 0' 0(
#3946375 0*
#3947500 1*
#3948125 1!
#3948250 0*
#3949375 1*
#3949875 0!
#3950000 1"
#3950125 0*
#3951000 1)
#3951250 1# 1% 1' 1( 1*
#3952000 0)
#3952250 0" 0# 0% 0' 0(
#3952500 0*
#3953500 1*
#3954125 1!
#3954375 0*
#3955375 1*
#3956000 0!
#3956125 1"
#3956250 0*
#3957500 1)
#3957750 1*
#3958250 0" 1'
#3958375 1# 1$
#3959125 0)
#3959250 0# 0$ 0'
#3959500 0*
#3960625 1*
#3961250 1)
#3961625 1$ 1% 1' 1(
#3962375 0)
#3963000 0% 0' 0(
#3963125 1!
#3963375 0*
#3964375 1*
#3965000 1%
#3965250 0*
#3966250 1*
#3966375 1)
#3966625 0! 0$
#3966750 1# 1' 1(
#3967500 0)
#3967750 1! 0# 1$ 0% 0' 0(
#3968000 0*
#3969000 1*
#3969250 1)
#3969500 0! 1' 1(
#3969625 1%
#3970375 0)
#3970500 0% 0' 0(
#3970625 1!
#3970875 0*
#3971875 1*
#3972500 1%
#3972750 0*
#3973750 1*
#3973875 1)
#3974125 0! 0$
#3974250 1# 1' 1(
#3975000 0)
#3975250 1! 0# 1$ 0% 0' 0(
#3975500 0*
#3976500 1*
#3976750 1)
#3977000 0! 0$ 1(
#3977125 1" 1# 1% 1'
#3977875 0)
#3978000 0" 0# 0% 0' 0(
#3978375 0*
#3979375 1*
#3980000 1!
#3980250 0*
#3981250 1*
#3981750 0!
#3981875 1"
#3982125 0*
#3982875 1)
#3983125 1*
#3983250 1# 1% 1' 1(
#3984000 0)
#3984125 0" 0# 0% 0' 0(
#3984375 0*
#3985500 1*
#3986125 1!
#3986375 0*
#3987375 1*
#3987875 0!
#3988000 1"
#3988250 0*
#3989000 1)
#3989125 0"
#3989250 1# 1$ 1( 1*
#3990000 0)
#3990250 0# 0$ 0(
#3990500 0*
#3991500 1*
#3991750 1)
#3992125 1$ 1% 1' 1(
#3992875 0)
#3993000 0% 0' 0(
#3993125 1!
#3993375 0*
#3994375 1*
#3995000 1%
#3995250 0*
#3996000 00
#3996250 1*
#3996500 1)
#3996625 0!
#3996750 1# 0$ 1' 1(
#3997500 0)
#3997750 1! 0# 0% 0' 0(
#3997875 1$
#3998000 0*
#3999125 1*
#3999250 1)
#3999500 0!
#3999625 1% 1' 1(
#4000375 0)
#4000500 0(
#4000625 1! 0% 0'
#4000875 0*
#4001875 1*
#4002500 1%
#4002750 0*
#4003000 10
#4003750 1*
#4004000 1)
#4004250 0! 1# 0$ 1' 1(
#4005125 0)
#4005250 0# 0% 0' 0(
#4005375 1! 1$
#4005500 0*
#4006625 1*
#4006750 1)
#4007000 0! 0$
#4007125 1" 1# 1% 1' 1(
#4007875 0)
#4008125 0" 0# 0% 0' 0(
#4008375 0*
#4009375 1*
#4010000 1!
#4010250 0*
#4011250 1*
#4011875 0! 1"
#4012125 0*
#4012875 1)
#4013125 1*
#4013250 1# 1% 1' 1(
#4014000 0)
#4014125 0(
#4014250 0" 0# 0% 0'
#4014500 0*
#4015500 1*
#4016125 1!
#4016375 0*
#4017375 1*
#4017875 0!
#4018000 1"
#4018250 0*
#4019000 1)
#4019250 0" 1( 1*
#4019375 1# 1$ 0,
#4020125 0)
#4020250 0# 0$ 0(
#4020625 0*
#4021625 1*
#4021750 1)
#4022125 1$ 1% 1' 1(
#4022250 1,
#4022875 0)
#4023125 1! 0% 0' 0(
#4023375 0*
#4024375 1*
#4025000 1%
#4025250 0*
#4026250 1*
#4026500 1)
#4026750 0! 0$
#4026875 1# 1' 1(
#4027625 0)
#4027750 0' 0(
#4027875 1! 0# 1$ 0%
#4028125 0*
#4029125 1*
#4029375 1)
#4029500 0!
#4029625 1% 1' 1(
#4030375 0)
#4030625 1! 0% 0' 0(
#4030875 0*
#4031875 1*
#4032625 1%
#4032750 0*
#4033750 1*
#4034000 1)
#4034250 0! 0$
#4034375 1# 1' 1(
#4035125 0)
#4035250 0(
#4035375 1! 0# 1$ 0% 0'
#4035625 0*
#4036625 1*
#4036875 1)
#4052125 1' 1(
#4052250 1" 1# 1% 1&
#4053000 0)
#4054625 1)
#4056750 0)
#4058375 1)
#4061500 0! 0$ 0&
#4062375 0)
#4062500 0" 0# 0% 0' 0(
#4062875 0*
#4063875 1*
#4064000 1)
#4064375 1! 1" 1# 1$ 1% 1& 1' 1(
#4065125 0)
#4066875 1)
#4068000 0)
#4068500 0+
#4069500 1+
#4070375 0+
#4071375 1+
#4072250 0+
#4073250 1+
#4074125 0+
#4075125 1+
#4076250 1)
#4076500 0! 0$ 0&
#4077375 0)
#4077500 0(
#4077625 0" 0% 0'
#4077875 0*
#4078875 1*
#4079125 1)
#4079375 1! 1" 1$ 1% 1& 1' 1(
#4079875 00
#4080125 0)
#4081875 1)
#4082125 0" 0$ 0& 0' 0(
#4083000 0) 0-
#4083125 0!
#4083250 0# 0%
#4083500 0*
#4084500 1*
#4085125 1!
#4085375 0*
#4086375 1*
#4086875 0! 10
#4087000 1"
#4087250 0*
#4088250 1*
#4088875 1!
#4089125 0*
#4090125 1*
#4091250 1)
#4091375 1-
#4091500 0!
#4091625 1# 1% 1' 1(
#4092375 0)
#4092625 0" 0# 1$ 0% 0' 0(
#4092875 0*
#4093875 1*
#4094125 1)
#4094375 1# 1'
#4095250 0)
#4095375 0# 0$ 0' 1(
#4095625 0*
