$date Sat Aug 15 19:35:57 2026 $end
$version libsigrok 0.5.2 $end
$comment
  Acquisition with 16/16 channels at 80 MHz
$end
$timescale 100 ps $end
$scope module libsigrok $end
$var wire 1 ! A0 $end
$var wire 1 " A1 $end
$var wire 1 # A2 $end
$var wire 1 $ A3 $end
$var wire 1 % A4 $end
$var wire 1 & A5 $end
$var wire 1 ' A6 $end
$var wire 1 ( A7 $end
$var wire 1 ) RAS $end
$var wire 1 * CAS0 $end
$var wire 1 + CAS1 $end
$var wire 1 , R/W $end
$var wire 1 - VDS $end
$var wire 1 . IRQ $end
$var wire 1 / CSW $end
$var wire 1 0 CSR $end
$upscope $end
$enddefinitions $end
#0 1! 1" 0# 1$ 0% 0& 1' 0( 0) 0* 1+ 1, 0- 0. 1/ 10
#125 0$ 1& 00
#250 1# 1$ 1% 0' 1) 1* 1- 10
#500 0" 0# 0% 0& 1'
#1250 0) 0-
#1500 0! 0'
#1750 0*
#2750 1*
#3375 1!
#3625 0*
#4625 1*
#5250 0!
#5375 1"
#5500 0*
#6500 1*
#7125 1!
#7375 0*
#8375 1*
#9625 1) 1-
#9750 0!
#9875 1# 0$ 1% 1' 1(
#10625 0)
#10875 0" 0# 0' 0(
#11125 0*
#12125 1*
#12375 1)
#12625 0%
#12750 1! 1" 1& 1( 0,
#13500 0)
#13625 0! 0(
#13750 0" 0&
#14000 0*
#15000 1*
#15250 1)
#15500 1! 1$ 1'
#15625 1,
#16250 0) 0-
#16500 0! 0'
#16625 1#
#16750 0*
#17750 1*
#18375 1!
#18625 0*
#19750 1*
#20250 0!
#20375 1"
#20500 0*
#21625 1*
#22125 1!
#22375 0*
#23500 1*
#24625 1) 1-
#24875 0! 0$ 1% 1' 1(
#25750 0)
#25875 0" 0' 0(
#26125 0* 00
#27250 1*
#27375 1)
#27750 1! 1" 1$ 1& 1' 1(
#28500 0)
#30250 1)
#30500 0" 0# 0% 0& 0(
#31250 0-
#31375 0)
#31500 0! 0$ 0'
#31625 1%
#31750 0*
#32875 1*
#33125 10
#33500 1!
#33750 0*
#34750 1*
#35250 0!
#35375 1"
#35625 0*
#36625 1*
#37250 1!
#37500 0*
#38500 1*
#39625 1) 1-
#39875 0! 1' 1(
#40000 1#
#40750 0)
#40875 0" 0# 0' 0(
#41000 1$
#41250 0*
#42250 1*
#42375 1)
#42625 0$ 0%
#42750 1! 1" 1& 1'
#43500 0)
#43750 0" 0& 0'
#44000 0*
#45000 1*
#45250 1)
#45500 1'
#45625 1$
#46375 0) 0-
#46500 0! 0$ 0'
#46625 1# 1%
#46875 0*
#47875 1*
#48500 1!
#48750 0*
#49750 1*
#50250 0!
#50375 1"
#50625 0*
#51625 1*
#52250 1!
#52500 0*
#53500 1*
#54625 1) 1-
#54875 0!
#55000 1' 1(
#55750 0)
#55875 0' 0(
#56000 0" 1$
#56250 0*
#57250 1*
#57500 1)
#57750 1! 0%
#58500 0)
#58875 1" 1% 1&
#59125 0+
#60125 1+
#60250 1)
#60500 0" 0# 0% 0&
#60625 1'
#61375 0) 0-
#61500 0! 0'
#61625 1%
#61875 0*
#62875 1*
#63500 1!
#63750 0*
#64750 1*
#65250 0!
#65375 1"
#65625 0*
#66625 1*
#67250 1!
#67500 0*
#68500 1*
#69625 1)
#69750 1-
#69875 0! 0$
#70000 1# 1' 1(
#70750 0)
#71000 0" 0# 0% 1& 0' 0(
#71250 0*
#72250 1*
#72500 1)
#72750 1! 1" 1(
#72875 0,
#73625 0)
#73750 0" 0& 0(
#74125 0*
#75125 1*
#75250 1)
#75625 1$ 1' 1,
#76375 0) 0-
#76625 0! 1# 1% 0'
#76875 0*
#77875 1*
#78500 1!
#78750 0*
#79750 1*
#80375 0! 1"
#80625 0*
#81625 1*
#82250 1!
#82500 0*
#83500 1*
#84625 1)
#84750 1-
#84875 0!
#85000 0$ 1' 1(
#85750 0)
#86000 0" 0% 1& 0' 0(
#86250 0*
#87250 1*
#87500 1)
#87750 1(
#87875 1! 1" 1$ 1% 1'
#88625 0)
#90250 1)
#90625 0" 0# 0% 0& 0(
#91375 0) 0-
#91625 0! 0$ 1& 0'
#91875 0*
#92875 1*
#93500 1!
#93750 0*
#94750 1*
#95375 0!
#95500 1"
#95625 0*
#96625 1*
#97250 1!
#97500 0*
#98500 1*
#99750 1) 1-
#99875 0!
#100000 1# 1% 0& 1' 1(
#100750 0)
#101000 0" 0# 0% 0' 0(
#101125 1$ 1&
#101250 0*
#102250 1*
#102500 1)
#102875 1! 1" 1# 1% 1' 1(
#103625 0)
#105375 1)
#105625 0" 0# 0% 0& 0(
#106375 0) 0-
#106625 0! 0$ 0'
#106750 1# 1&
#106875 0*
#108000 1*
#108500 1!
#108750 0*
#109875 1*
#110000 00
#110375 0!
#110500 1"
#110625 0*
#111750 1*
#112375 1!
#112500 0*
#113625 1*
#114750 1) 1-
#115000 0! 1% 0& 1' 1(
#115875 0)
#116000 0" 0% 0' 0(
#116125 1$ 1&
#116250 0*
#116875 10
#117375 1*
#117500 1)
#117750 0&
#117875 1"
#118625 0)
#118875 1! 1% 1&
#119125 0*
#120125 1*
#120375 1)
#120625 0" 0# 0% 0& 1'
#121375 0-
#121500 0)
#121625 0! 0'
#121750 1&
#122000 0*
#123000 1*
#123625 1!
#123875 0*
#124875 1*
#125375 0!
#125500 1"
#125750 0*
#126750 1*
#127375 1!
#127625 0*
#128625 1*
#129750 1) 1-
#130000 0! 0$ 0& 1' 1(
#130125 1# 1%
#130875 0)
#131000 0" 0# 0' 0(
#131125 1&
#131375 0*
#132375 1*
#132500 1)
#132875 1! 1" 1# 1$ 1' 1(
#133625 0)
#135375 1)
#135625 0" 0# 0% 0& 0(
#136375 0-
#136500 0)
#136625 0! 0'
#136750 1# 1&
#137000 0*
#138000 1*
#138625 1!
#138875 0*
#139875 1*
#140375 0!
#140500 1"
#140750 0*
#141750 1*
#142375 1!
#142625 0*
#143625 1*
#144750 1) 1-
#145000 0! 0$ 0& 1' 1(
#145125 1%
#145875 0)
#146000 0" 0' 0(
#146125 1&
#146375 0*
#147375 1*
#147500 1)
#147750 0# 0%
#147875 1! 1" 1'
#148625 0)
#148875 0! 0" 0& 0' 1(
#149125 0*
#150125 1*
#150375 1)
#150625 0(
#150750 1! 1$ 1'
#151500 0) 0-
#151625 0! 0$ 0'
#151750 1% 1&
#152000 0*
#153000 1*
#153625 1!
#153875 0*
#154875 1*
#155375 0!
#155500 1"
#155750 0*
#156750 1*
#157375 1!
#157625 0*
#158625 1*
#159750 1) 1-
#160000 0! 0& 1(
#160125 1# 1'
#160875 0)
#161000 0# 0' 0(
#161125 0" 1$ 1&
#161375 0*
#162375 1*
#162625 1)
#162750 0$
#162875 1! 1" 0% 1(
#163000 0,
#163625 0)
#163875 0! 0" 0&
#164125 0*
#165125 1*
#165375 1)
#165625 0(
#165750 1! 1$ 1' 1,
#166500 0) 0-
#166625 0! 0$ 0'
#166750 1# 1% 1&
#167000 0*
#168000 1*
#168625 1!
#168875 0*
#169875 1*
#170375 0!
#170500 1"
#170750 0*
#171750 1*
#172375 1!
#172625 0*
#173625 1*
#174750 1) 1-
#175000 0! 0& 1(
#175125 1'
#175875 0)
#176000 0' 0(
#176125 0" 1$ 1&
#176375 0*
#177375 1*
#177625 1)
#177750 0&
#177875 1! 1" 0%
#178625 0)
#178875 1% 1&
#179250 0+
#180250 1+
#180375 1)
#180625 0" 0# 0% 0&
#180750 1'
#181500 0) 0-
#181625 0! 0'
#181750 1% 1&
#182000 0*
#183000 1*
#183625 1!
#183875 0*
#184875 1*
#185375 0!
#185500 1"
#185750 0*
#186750 1*
#187375 1!
#187625 0*
#188625 1*
#189750 1) 1-
#190000 0! 0$ 0&
#190125 1# 1' 1(
#190875 0)
#191000 0# 0(
#191125 0" 0%
#191375 0*
#192375 1*
#192625 1)
#192875 1! 1" 1&
#193625 0)
#193750 00
#193875 0" 0& 0' 1(
#194125 0*
#195125 1*
#195375 1)
#195625 0(
#195750 1$ 1'
#196500 0) 0-
#196625 0! 0'
#196750 1# 1% 1&
#197000 0*
#198000 1*
#198625 1!
#198875 0*
#199875 1*
#200375 0!
#200500 1"
#200750 0* 10
#201750 1*
#202375 1!
#202625 0*
#203625 1*
#204750 1) 1-
#205000 0! 0$ 0& 1' 1(
#205875 0)
#206000 0(
#206125 0" 0%
#206375 0*
#207375 1*
#207500 1)
#207750 0# 0'
#207875 1! 1" 1& 1(
#208000 0,
#208625 0)
#208875 0" 0&
#209125 0*
#210125 1*
#210375 1)
#210625 0(
#210750 1$ 1' 1,
#211500 0) 0-
#211625 0! 0$
#212000 0*
#213000 1*
#213625 1!
#213875 0*
#214875 1*
#215375 0!
#215500 1"
#215750 0*
#216750 1*
#217375 1!
#217625 0*
#218625 1*
#219750 1) 1-
#220000 0! 1(
#220125 1# 1%
#220875 0)
#221000 0" 0# 0% 0(
#221125 1$
#221375 0*
#222375 1*
#222500 1)
#222875 1! 1" 1# 1% 1& 1(
#223625 0)
#225375 1)
#225625 0" 0# 0% 0& 0(
#226375 0-
#226500 0)
#226625 0! 0$
#226750 1#
#227000 0*
#228000 1*
#228625 1!
#228875 0*
#229875 1*
#230375 0!
#230500 1"
#230750 0*
#231750 1*
#232375 1!
#232625 0*
#233625 1*
#234750 1) 1-
#235000 0! 1(
#235125 1%
#235875 0)
#236000 0" 0% 0(
#236125 1$
#236375 0*
#237375 1*
#237500 1)
#237750 0# 0$ 0'
#237875 1%
#238625 0)
#238875 1! 1" 1# 1$ 1&
#239125 0*
#240125 1*
#240375 1)
#240625 0" 0# 0% 0& 1'
#241375 0-
#241500 0)
#241625 0!
#242000 0*
#243000 1*
#243625 1!
#243875 0*
#244875 1*
#245375 0!
#245500 1"
#245750 0*
#246750 1*
#247375 1!
#247500 0*
#248625 1*
#249750 1) 1-
#250000 0! 1# 0$ 1% 1(
#250875 0)
#251000 0" 0# 0(
#251250 0*
#252375 1*
#252500 1)
#252875 1! 1" 1# 1$ 1& 1(
#253625 0)
#255375 1)
#255625 0" 0# 0% 0& 0(
#256375 0) 0-
#256625 0!
#256750 1#
#256875 0*
#258000 1*
#258625 1!
#258750 0*
#259875 1*
#260375 0!
#260500 1"
#260625 0*
#261625 1*
#262250 1!
#262500 0*
#263500 1*
#264750 1) 1-
#265000 0! 0$ 1% 1(
#265750 0)
#266000 0" 0(
#266250 0*
#267250 1*
#267500 1)
#267875 1! 1" 1$ 1& 1(
#268625 0)
#270375 1)
#270625 0" 0# 0% 0& 0(
#271375 0) 0-
#271625 0! 0$
#271750 1%
#271875 0*
#272875 1*
#273500 1!
#273750 0*
#274750 1*
#275375 0!
#275500 1"
#275625 0*
#276625 1*
#277250 1!
#277500 0*
#277625 00
#278500 1*
#279750 1) 1-
#279875 0!
#280000 1# 1(
#280750 0)
#281000 0" 0# 0(
#281125 1$
#281250 0*
#282250 1*
#282500 1)
#282750 0$ 0%
#282875 1# 1&
#283625 0)
#283750 0# 0& 0'
#284125 0*
#284625 10
#285125 1*
#285250 1)
#285625 1! 1$ 1'
#286375 0) 0-
#286625 0! 0$
#286750 1# 1%
#286875 0*
#287875 1*
#288500 1!
#288750 0*
#289750 1*
#290375 0! 1"
#290625 0*
#291625 1*
#292250 1!
#292500 0*
#293500 1*
#294625 1)
#294750 1-
#294875 0!
#295000 1(
#295750 0)
#296000 0" 1$ 0(
#296250 0*
#297250 1*
#297500 1)
#297750 1! 0# 0$ 0'
#298625 0)
#298875 1" 1# 1$ 1&
#299125 0+
#300125 1+
#300250 1)
#300500 0" 0# 0% 0&
#300625 1'
#301375 0) 0-
#301625 0! 1%
#301875 0*
#302875 1*
#303500 1!
#303750 0*
#304750 1*
#305375 0! 1"
#305625 0*
#306625 1*
#307250 1!
#307500 0*
#308500 1*
#309625 1)
#309750 1-
#309875 0! 0$
#310000 1# 1(
#310750 0)
#311000 0" 0# 0% 1& 0(
#311250 0*
#312250 1*
#312500 1)
#312750 1# 0' 1(
#312875 0,
#313625 0)
#313750 0# 0& 0(
#314000 0*
#315125 1*
#315250 1)
#315625 1! 1$ 1' 1,
#316375 0) 0-
#316500 0!
#316625 1# 1%
#316875 0*
#317875 1*
#318500 1!
#318750 0*
#319750 1*
#320250 0!
#320375 1"
#320625 0*
#321625 1*
#322250 1!
#322500 0*
#323500 1*
#324625 1)
#324750 1-
#324875 0! 0$
#325000 1(
#325750 0)
#325875 0(
#326000 0" 0% 1&
#326250 0*
#327250 1*
#327500 1)
#327750 1! 1" 1$ 1% 1(
#328500 0)
#330250 1)
#330500 0" 0# 0% 0& 0(
#331375 0) 0-
#331500 0!
#331625 0$ 1&
#331875 0*
#332875 1*
#333500 1!
#333750 0*
#334750 1*
#335250 0!
#335375 1"
#335625 0*
#336625 1*
#337250 1!
#337500 0*
#338500 1*
#339625 1) 1-
#339875 0! 0&
#340000 1# 1% 1(
#340750 0)
#340875 0# 0(
#341000 0" 1$ 0% 1&
#341250 0*
#342250 1*
#342500 1)
#342625 0$
#342750 1#
#343500 0)
#343750 1! 0# 0& 0'
#344000 0*
#345000 1*
#345250 1)
#345625 1$ 1'
#346375 0) 0-
#346500 0! 0$
#346625 1# 1&
#346875 0*
#347875 1*
#348500 1!
#348750 0*
#349750 1*
#350250 0!
#350375 1"
#350625 0*
#351625 1*
#352250 1!
#352500 0*
#353500 1*
#354625 1) 1-
#354875 0! 0& 1(
#355000 1%
#355750 0)
#355875 0% 0(
#356000 0" 1$ 1&
#356250 0*
#357250 1*
#357375 1)
#357625 0&
#357750 1" 0# 0$ 1% 0'
#358500 0)
#358750 1$
#358875 1! 1# 1&
#359000 0*
#360000 1*
#360250 1)
#360500 0" 0# 0% 0& 1'
#361375 0) 0-
#361500 0! 00
#361625 1&
#361875 0*
#362875 1*
#363500 1!
#363750 0*
#364750 1*
#365250 0!
#365375 1"
#365625 0*
#366625 1*
#367250 1!
#367500 0*
#368500 1* 10
#369625 1) 1-
#369875 0! 0$ 0& 1(
#370000 1# 1%
#370750 0)
#370875 0" 0# 0(
#371000 1&
#371250 0*
#372250 1*
#372375 1)
#372625 0%
#372750 1# 0' 1(
#372875 0,
#373500 0)
#373750 1! 0# 0& 0(
#374000 0*
#375000 1*
#375250 1)
#375625 1$ 1' 1,
#376375 0) 0-
#376500 0!
#376625 1# 1&
#376875 0*
#377875 1*
#378500 1!
#378750 0*
#379750 1*
#380250 0!
#380375 1"
#380625 0*
#381625 1*
#382250 1!
#382500 0*
#383500 1*
#384625 1) 1-
#384875 0! 0$ 0& 1(
#385000 1%
#385750 0)
#385875 0" 0(
#386000 1&
#386250 0*
#387250 1*
#387375 1)
#387750 1! 1" 1$ 1(
#388500 0)
#390250 1)
#390500 0" 0# 0% 0& 0(
#391250 0-
#391375 0)
#391500 0! 0$
#391625 1% 1&
#391875 0*
#392875 1*
#393500 1!
#393750 0*
#394750 1*
#395250 0!
#395375 1"
#395625 0*
#396625 1*
#397250 1!
#397500 0*
#398500 1*
#399625 1) 1-
#399875 0! 0& 1(
#400000 1#
#400750 0)
#400875 0# 0(
#401000 0" 1$ 1&
#401250 0*
#402250 1*
#402500 1)
#402750 1! 1" 1# 1(
#403500 0)
#405250 1)
#405500 0" 0# 0% 0& 0(
#406375 0) 0-
#406500 0!
#406625 1# 0$ 1% 1&
#406875 0*
#407875 1*
#408500 1!
#408750 0*
#409750 1*
#410250 0!
#410375 1"
#410625 0*
#411625 1*
#412250 1!
#412500 0*
#413500 1*
#414625 1)
#414750 1-
#414875 0! 0&
#415000 1(
#415750 0)
#415875 0(
#416000 0" 1$ 1&
#416250 0*
#417250 1*
#417500 1)
#417750 1! 1" 0# 0$ 0& 0'
#418500 0)
#418875 1# 1$ 1&
#419125 0+
#420125 1+
#420250 1)
#420500 0" 0# 0% 0&
#420625 1'
#421375 0) 0-
#421500 0!
#421625 1% 1&
#421875 0*
#422875 1*
#423500 1!
#423750 0*
#424750 1*
#425250 0!
#425375 1"
#425625 0*
#426625 1*
#427250 1!
#427500 0*
#428500 1*
#429625 1)
#429750 1-
#430000 1# 1(
#430750 0)
#431250 0+
#432250 1+
#432500 1)
#433625 0)
#435250 1)
#435500 0# 0&
#435625 0" 0% 0(
#436375 0) 0-
#436625 0! 1# 1% 1&
#436875 0*
#437875 1*
#438500 1!
#438750 0*
#439750 1*
#440375 0! 1"
#440625 0*
#441625 1*
#442250 1!
#442500 0*
#443500 1*
#444625 1)
#444750 1-
#444875 0!
#445000 0$ 0& 1(
#445375 00
#445750 0)
#446000 0" 0# 0% 0' 0(
#446250 0*
#447250 1*
#447875 1!
#448125 0*
#449125 1*
#449750 0! 1"
#450000 0*
#450750 1)
#451000 1*
#451125 1# 1% 1' 1(
#451875 0)
#452125 0" 0# 0% 0' 0(
#452375 0* 10
#453375 1*
#454000 1!
#454250 0*
#455250 1*
#455750 0!
#455875 1"
#456125 0*
#456875 1)
#457125 0" 1*
#457250 1# 1& 1'
#458000 0)
#458125 0# 0& 0'
#458250 1(
#458500 0*
#459500 1*
#459625 1)
#460000 1$ 1% 1'
#460750 0)
#461000 0$ 0% 0' 0(
#461125 1"
#461250 0*
#462250 1*
#463000 1%
#463125 0*
#464125 1*
#464375 1)
#464625 0"
#464750 1# 1' 1(
#465500 0)
#465625 0(
#465750 1" 0# 0% 0'
#466000 0*
#467000 1*
#467250 1)
#467500 0" 1$ 1% 1' 1(
#468250 0)
#468500 0$ 0% 0' 0(
#468625 1"
#468750 0*
#469875 1*
#470500 1%
#470625 0*
#471750 1*
#471875 1)
#472125 0"
#472250 1# 1' 1(
#473000 0)
#473250 1" 0# 0% 0' 0(
#473500 0*
#474500 1*
#474750 1)
#475000 1# 1% 1' 1(
#475875 0)
#476000 0" 0# 0% 0' 0(
#476250 0*
#477375 1*
#478000 1!
#478125 0*
#479250 1*
#479750 0!
#479875 1"
#480125 0*
#480875 1)
#481125 1' 1( 1*
#481250 1# 1%
#481875 0)
#482125 0" 0# 0% 0' 0(
#482375 0*
#483375 1*
#484000 1!
#484250 0*
#485250 1*
#485875 0!
#486000 1"
#486125 0*
#487375 1)
#487625 1*
#488125 0" 1(
#488250 1# 1& 0,
#489000 0)
#489125 0# 0&
#489500 0*
#490500 1*
#491125 1)
#491500 1$ 1% 1' 1,
#492250 0)
#492875 0$ 0% 0' 0(
#493000 1"
#493250 0*
#494250 1*
#494875 1%
#495125 0*
#496125 1*
#496250 1)
#496500 0"
#496625 1# 1' 1(
#497375 0)
#497625 1" 0# 0% 0' 0(
#497875 0*
#498875 1*
#499125 1)
#499375 0" 1(
#499500 1$ 1% 1'
#500250 0)
#500375 0$ 0% 0' 0(
#500500 1"
#500750 0*
#501750 1*
#502375 1%
#502625 0*
#503625 1*
#503875 1)
#504000 0"
#504125 1# 1' 1(
#504875 0)
#505125 0# 0% 0' 0(
#505250 1"
#505375 0*
#506375 1*
#506625 1)
#507000 1# 1% 1' 1(
#507750 0)
#507875 0(
#508000 0" 0# 0% 0'
#508250 0*
#509250 1*
#509875 1!
#510125 0*
#511125 1*
#511625 0!
#511750 1"
#512000 0*
#512750 1)
#513000 1*
#513125 1# 1% 1' 1(
#513875 0)
#514000 0" 0# 0% 0' 0(
#514375 0*
#515375 1*
#516000 1!
#516250 0*
#517250 1*
#517750 0!
#517875 1"
#518125 0*
#518875 1)
#519125 0" 1& 1' 1*
#519250 1#
#520000 0)
#520125 0# 0& 0'
#520250 1! 1(
#520375 0*
#521500 1*
#521625 1)
#521875 0!
#522000 1$ 1% 1'
#522750 0)
#523000 1" 0$ 0% 0' 0(
#523250 0*
#524250 1*
#524875 1%
#525125 0*
#526125 1*
#526375 1)
#526625 0" 1' 1(
#526750 1#
#527500 0)
#527625 0# 0% 0' 0(
#527750 1"
#528000 0*
#529000 1*
#529125 1)
#529250 00
#529375 0"
#529500 1$ 1% 1' 1(
#530250 0)
#530500 1" 0$ 0% 0' 0(
#530750 0*
#531750 1*
#532375 1%
#532625 0*
#533625 1*
#533875 1)
#534125 0" 1' 1(
#534250 1#
#535000 0)
#535125 0# 0% 0' 0(
#535250 1"
#535500 0*
#536125 10
#536500 1*
#536625 1)
#537000 1# 1% 1' 1(
#537750 0)
#538000 0" 0# 0% 0' 0(
#538250 0*
#539250 1*
#539875 1!
#540125 0*
#541125 1*
#541750 0! 1"
#542000 0*
#542750 1)
#543000 1*
#543125 1# 1% 1' 1(
#543875 0)
#544125 0" 0# 0% 0' 0(
#544375 0*
#545375 1*
#546000 1!
#546250 0*
#547250 1*
#547750 0!
#547875 1"
#548125 0*
#548875 1)
#549125 0" 1*
#549250 1# 1& 1( 0,
#550000 0)
#550125 0# 0&
#550250 1!
#550500 0*
#551500 1*
#551750 1)
#551875 0!
#552000 1$ 1% 1'
#552125 1,
#552750 0)
#553000 0$ 0% 0' 0(
#553125 1"
#553250 0*
#554250 1*
#555000 1%
#555125 0*
#556125 1*
#556375 1)
#556625 0"
#556750 1# 1' 1(
#557500 0)
#557625 0(
#557750 1" 0# 0% 0'
#558000 0*
#559000 1*
#559250 1)
#559500 0" 1$ 1% 1' 1(
#560250 0)
#560500 0$ 0% 0' 0(
#560625 1"
#560750 0*
#561875 1*
#562500 1%
#562625 0*
#563750 1*
#563875 1)
#564125 0"
#564250 1# 1' 1(
#565000 0)
#565250 1" 0# 0% 0' 0(
#565500 0*
#566500 1*
#566750 1)
#582000 1' 1(
#582125 1! 1# 1$ 1% 1&
#582875 0)
#584500 1)
#586625 0)
#588250 1)
#591375 0! 0$ 0&
#592250 0)
#592375 0" 0# 0% 0' 0(
#592750 0*
#593750 1*
#593875 1)
#594250 1! 1" 1# 1$ 1% 1& 1' 1(
#595000 0)
#596750 1)
#597875 0)
#598375 0+
#599375 1+
#600250 0+
#601250 1+
#602125 0+
#603125 1+
#604000 0+
#605000 1+
#606125 1)
#606375 0! 0$ 0&
#607250 0)
#607375 0" 0% 0' 0(
#607750 0*
#608750 1*
#608875 1)
#609250 1! 1" 1$ 1% 1& 1' 1(
#610000 0)
#611750 1)
#612000 0" 0# 0% 0& 0(
#612750 0-
#612875 0)
#613000 0! 0$ 0' 00
#613125 1(
#613375 0*
#614375 1*
#615000 1!
#615250 0*
#616250 1*
#616750 0!
#616875 1"
#617125 0*
#618125 1*
#618750 1!
#619000 0*
#620000 1* 10
#621125 1) 1-
#621375 0! 1'
#621500 1# 1%
#622250 0)
#622375 0" 0# 0% 0' 0(
#622500 1$
#622750 0*
#623750 1*
#623875 1)
#624125 0$
#624250 1! 1# 1& 1'
#625000 0)
#625250 0! 0# 0& 0'
#625500 0*
#626500 1*
#626750 1)
#627000 1! 1'
#627125 1$
#627750 0-
#627875 0)
#628000 0! 0$ 0'
#628125 1# 1(
#628375 0*
#629375 1*
#630000 1!
#630250 0*
#631250 1*
#631750 0!
#631875 1"
#632125 0*
#633125 1*
#633750 1!
#634000 0*
#635000 1*
#636125 1) 1-
#636375 0! 1% 1'
#637250 0)
#637375 0" 0% 0' 0(
#637500 1$
#637625 0*
#638750 1*
#638875 1)
#639125 0$
#639250 1%
#640000 0)
#640250 1! 1" 1$ 1&
#640500 0*
#641500 1*
#641750 1)
#642000 0" 0# 0% 0& 1'
#642750 0-
#642875 0)
#643000 0! 0'
#643125 1(
#643250 0*
#644375 1*
#645000 1!
#645125 0*
#646250 1*
#646750 0!
#646875 1"
#647000 0*
#648125 1*
#648750 1!
#648875 0*
#650000 1*
#651125 1) 1-
#651375 0! 1# 0$ 1% 1'
#652250 0)
#652375 0" 0# 0' 0(
#652625 0*
#653750 1*
#653875 1)
#654125 0%
#654250 1! 1# 1& 1( 0,
#655000 0)
#655250 0! 0# 0& 0(
#655500 0*
#656500 1*
#656750 1)
#657000 1! 1$ 1'
#657125 1,
#657750 0) 0-
#658000 0! 0'
#658125 1# 1(
#658250 0*
#659375 1*
#659875 1!
#660125 0*
#661125 1*
#661750 0!
#661875 1"
#662000 0*
#663000 1*
#663625 1!
#663875 0*
#664875 1*
#666125 1) 1-
#666375 0! 0$ 1% 1'
#667125 0)
#667375 0" 0' 0(
#667625 0*
#668625 1*
#668875 1)
#669250 1! 1" 1$ 1& 1' 1(
#670000 0)
#671750 1)
#672000 0" 0# 0% 0& 0(
#672750 0) 0-
#673000 0! 0$ 0' 1(
#673125 1%
#673250 0*
#674250 1*
#674875 1!
#675125 0*
#676125 1*
#676750 0!
#676875 1"
#677000 0*
#678000 1*
#678625 1!
#678875 0*
#679875 1*
#681125 1) 1-
#681250 0!
#681375 1# 1'
#682125 0)
#682375 0" 0# 1$ 0' 0(
#682625 0*
#683625 1*
#683875 1)
#684125 0$ 0%
#684250 1! 1# 1& 1'
#685000 0)
#685125 0# 0& 0'
#685500 0*
#686500 1*
#686625 1)
#687000 1$ 1'
#687750 0) 0-
#688000 0! 0$ 0' 1(
#688125 1# 1%
#688250 0*
#689250 1*
#689875 1!
#690125 0*
#691125 1*
#691750 0! 1"
#692000 0*
#693000 1*
#693625 1!
#693875 0*
#694875 1*
#696000 1)
#696125 1-
#696250 0!
#696375 1'
#696875 00
#697125 0)
#697375 0" 1$ 0' 0(
#697625 0*
#698625 1*
#698875 1)
#699125 1! 0$
#700000 0)
#700250 1" 1$ 1&
#700500 0+
#701500 1+
#701625 1)
#701875 0" 0# 0&
#702000 0% 1'
#702750 0) 0-
#703000 0! 1% 0' 1(
#703250 0*
#703875 10
#704250 1*
#704875 1!
#705125 0*
#706125 1*
#706750 0! 1"
#707000 0*
#708000 1*
#708625 1!
#708875 0*
#709875 1*
#711000 1)
#711125 1-
#711250 0! 0$
#711375 1# 1'
#712125 0)
#712375 0" 0# 0% 1& 0' 0(
#712625 0*
#713625 1*
#713875 1)
#714125 1! 1# 1(
#714250 0,
#715000 0)
#715125 0# 0& 0(
#715375 0*
#716500 1*
#716625 1)
#717000 1$ 1' 1,
#717750 0) 0-
#717875 0'
#718000 0! 1# 1% 1(
#718250 0*
#719250 1*
#719875 1!
#720125 0*
#721125 1*
#721625 0!
#721750 1"
#722000 0*
#723000 1*
#723625 1!
#723875 0*
#724875 1*
#726000 1)
#726125 1-
#726250 0! 0$
#726375 1'
#727125 0)
#727250 0'
#727375 0" 0% 1& 0(
#727625 0*
#728625 1*
#728875 1)
#729125 1! 1" 1$ 1% 1' 1(
#729875 0)
#731625 1)
#731875 0" 0# 0% 0& 0(
#732750 0) 0-
#732875 0!
#733000 0$ 1& 0' 1(
#733250 0*
#734250 1*
#734875 1!
#735125 0*
#736125 1*
#736625 0!
#736750 1"
#737000 0*
#738000 1*
#738625 1!
#738875 0*
#739875 1*
#741000 1) 1-
#741250 0! 0&
#741375 1# 1% 1'
#742125 0)
#742250 0# 0'
#742375 0" 1$ 0% 1& 0(
#742625 0*
#743625 1*
#743750 1)
#744125 1! 1" 1# 1% 1' 1(
#744875 0)
#746625 1)
#746875 0" 0# 0% 0& 0(
#747625 0-
#747750 0)
#747875 0! 0$ 0'
#748000 1# 1& 1(
#748250 0*
#749250 1*
#749875 1!
#750125 0*
#751125 1*
#751625 0!
#751750 1"
#752000 0*
#753000 1*
#753625 1!
#753875 0*
#754875 1*
#756000 1) 1-
#756250 0! 0& 1'
#756375 1%
#757125 0)
#757250 0" 0% 0' 0(
#757375 1$ 1&
#757625 0*
#758625 1*
#758750 1)
#759000 0$ 0&
#759125 1" 1%
#759875 0)
#760125 1! 1$ 1&
#760375 0*
#761375 1*
#761625 1)
#761875 0" 0# 0% 0& 1'
#762625 0-
#762750 0)
#762875 0! 0'
#763000 1& 1(
#763250 0*
#764250 1*
#764875 1!
#765125 0*
#766125 1*
#766625 0!
#766750 1"
#767000 0*
#768000 1*
#768625 1!
#768875 0*
#769875 1*
#771000 1) 1-
#771250 0! 0$ 0& 1'
#771375 1# 1%
#772125 0)
#772250 0" 0# 0' 0(
#772375 1&
#772625 0*
#773625 1*
#773750 1)
#774125 1! 1" 1# 1$ 1' 1(
#774875 0)
#776625 1)
#776875 0" 0# 0% 0& 0(
#777625 0-
#777750 0)
#777875 0! 0'
#778000 1# 1& 1(
#778250 0*
#779250 1*
#779875 1!
#780125 0*
#780750 00
#781125 1*
#781625 0!
#781750 1"
#782000 0*
#783000 1*
#783625 1!
#783875 0*
#784875 1*
#786000 1) 1-
#786250 0! 0$ 0& 1'
#786375 1%
#787125 0)
#787250 0" 0' 0(
#787375 1&
#787625 0*
#787750 10
#788625 1*
#788750 1)
#789000 0%
#789125 1! 1'
#789875 0)
#790125 0! 0# 0& 0' 1(
#790375 0*
#791375 1*
#791625 1)
#791875 1! 1' 0(
#792000 1$
#792625 0-
#792750 0)
#792875 0! 0$ 0'
#793000 1% 1& 1(
#793250 0*
#794250 1*
#794875 1!
#795125 0*
#796125 1*
#796625 0!
#796750 1"
#797000 0*
#798000 1*
#798625 1!
#798875 0*
#799875 1*
#801000 1) 1-
#801250 0! 1# 0& 1'
#802125 0)
#802250 0" 0# 0' 0(
#802375 1$ 1&
#802500 0*
#803625 1*
#803750 1)
#804000 0$ 0%
#804125 1! 1# 1( 0,
#804875 0)
#805125 0! 0# 0&
#805375 0*
#806375 1*
#806625 1)
#806875 1! 1$ 1' 0(
#807000 1,
#807625 0-
#807750 0)
#807875 0! 0$ 0'
#808000 1# 1% 1& 1(
#808250 0*
#809250 1*
#809875 1!
#810125 0*
#811125 1*
#811625 0!
#811750 1"
#812000 0*
#813000 1*
#813625 1!
#813875 0*
#814875 1*
#816000 1) 1-
#816250 0! 0& 1'
#817125 0)
#817250 0" 0' 0(
#817375 1$ 1&
#817625 0*
#818625 1*
#818750 1)
#819000 0$ 0&
#819125 1! 1"
#819875 0)
#820125 1$ 1&
#820375 0+
#821375 1+
#821625 1)
#821875 0" 0# 0% 0& 1'
#822625 0-
#822750 0)
#822875 0! 0'
#823000 1% 1& 1(
#823250 0*
#824250 1*
#824875 1!
#825125 0*
#826125 1*
#826625 0!
#826750 1"
#827000 0*
#828000 1*
#828625 1!
#828875 0*
#829875 1*
#831000 1) 1-
#831250 0! 0$ 0& 1'
#831375 1#
#832125 0)
#832250 0" 0# 0% 0(
#832625 0*
#833625 1*
#833750 1)
#834125 1! 1# 1&
#834875 0)
#835125 0# 0& 0' 1(
#835375 0*
#836375 1*
#836625 1)
#836875 1' 0(
#837000 1$
#837625 0-
#837750 0)
#837875 0! 0'
#838000 1# 1% 1& 1(
#838250 0*
#839250 1*
#839875 1!
#840125 0*
#841125 1*
#841625 0!
#841750 1"
#842000 0*
#843000 1*
#843625 1!
#843875 0*
#844875 1*
#846000 1) 1-
#846250 0! 0$ 0& 1'
#847125 0)
#847250 0" 0% 0(
#847625 0*
#848625 1*
#848750 1)
#849000 0'
#849125 1! 1& 1(
#849250 0,
#849875 0)
#850125 0# 0&
#850375 0*
#851375 1*
#851625 1)
#851875 0(
#852000 1$ 1' 1,
#852750 0) 0-
#852875 0! 0$
#853000 1(
#853250 0*
#854250 1*
#854875 1!
#855125 0*
#856125 1*
#856625 0!
#856750 1"
#857000 0*
#858000 1*
#858625 1!
#858875 0*
#859875 1*
#861000 1) 1-
#861250 0!
#861375 1# 1%
#862125 0)
#862250 0#
#862375 0" 1$ 0% 0(
#862625 0*
#863625 1*
#863875 1)
#864125 1! 1" 1# 1% 1& 1(
#864625 00
#864875 0)
#866625 1)
#866875 0" 0# 0% 0& 0(
#867750 0) 0-
#867875 0!
#868000 1# 0$ 1(
#868250 0*
#869250 1*
#869875 1!
#870125 0*
#871125 1*
#871500 10
#871625 0!
#871750 1"
#872000 0*
#873000 1*
#873625 1!
#873875 0*
#874875 1*
#876000 1)
#876125 1-
#876250 0!
#876375 1%
#877125 0)
#877375 0" 1$ 0% 0(
#877625 0*
#878625 1*
#878875 1)
#879125 0# 1% 0'
#879875 0)
#880250 1! 1" 1# 1&
#880500 0*
#881500 1*
#881625 1)
#881875 0" 0# 0% 0&
#882000 1'
#882750 0) 0-
#883000 0! 1(
#883250 0*
#884250 1*
#884875 1!
#885125 0*
#886125 1*
#886750 0! 1"
#887000 0*
#888000 1*
#888625 1!
#888875 0*
#889875 1*
#891000 1)
#891125 1-
#891250 0! 0$
#891375 1# 1%
#892125 0)
#892375 0" 0# 0(
#892625 0*
#893625 1*
#893875 1)
#894125 1(
#894250 1! 1" 1# 1$ 1&
#895000 0)
#896625 1)
#897000 0" 0# 0% 0& 0(
#897750 0) 0-
#898000 0! 1# 1(
#898250 0*
#899250 1*
#899875 1!
#900125 0*
#901125 1*
#901750 0! 1"
#902000 0*
#903000 1*
#903625 1!
#903875 0*
#904875 1*
#906125 1) 1-
#906250 0!
#906375 0$ 1%
#907125 0)
#907375 0" 0(
#907625 0*
#908625 1*
#908875 1)
#909250 1! 1" 1$ 1& 1(
#910000 0)
#911750 1)
#912000 0" 0# 0% 0& 0(
#912750 0) 0-
#913000 0! 0$ 1(
#913125 1%
#913250 0*
#914250 1*
#914875 1!
#915125 0*
#916125 1*
#916750 0!
#916875 1"
#917000 0*
#918125 1*
#918625 1!
#918875 0*
#920000 1*
#921125 1) 1-
#921375 0! 1#
#922125 0)
#922375 0" 0# 0(
#922500 1$
#922625 0*
#923750 1*
#923875 1)
#924125 0$ 0%
#924250 1" 1# 1&
#925000 0)
#925250 0" 0# 0& 0'
#925500 0*
#926500 1*
#926750 1)
#927000 1! 1'
#927125 1$
#927750 0-
#927875 0)
#928000 0! 0$
#928125 1# 1% 1(
#928375 0*
#929375 1*
#930000 1!
#930250 0*
#931250 1*
#931750 0!
#931875 1"
#932125 0*
#933125 1*
#933750 1!
#934000 0*
#935000 1*
#936125 1) 1-
#936375 0!
#937250 0)
#937375 0" 0(
#937500 1$
#937750 0*
#938750 1*
#938875 1)
#939125 0# 0'
#939250 1!
#940000 0)
#940250 1" 1# 1&
#940500 0+
#941500 1+
#941750 1)
#942000 0" 0# 0% 0& 1'
#942750 0-
#942875 0)
#943000 0!
#943125 1% 1(
#943375 0*
#944375 1*
#945000 1!
#945250 0*
#946250 1*
#946750 0!
#946875 1"
#947125 0*
#948125 1*
#948375 00
#948750 1!
#949000 0*
#950000 1*
#951125 1) 1-
#951375 0! 0$
#951500 1#
#952250 0)
#952375 0#
#952500 0" 0% 1& 0(
#952750 0*
#953750 1*
#954000 1)
#954250 1" 1# 0' 1(
#954375 0,
#955000 0)
#955250 0" 0# 0& 0(
#955375 10
#955500 0*
#956500 1*
#956750 1)
#957125 1! 1$ 1' 1,
#957875 0) 0-
#958000 0!
#958125 1# 1% 1(
#958375 0*
#959375 1*
#960000 1!
#960250 0*
#961250 1*
#961750 0!
#961875 1"
#962125 0*
#963125 1*
#963750 1!
#964000 0*
#965000 1*
#966125 1)
#966250 1-
#966375 0! 0$
#967250 0)
#967500 0" 0% 1& 0(
#967750 0*
#968750 1*
#969000 1)
#969250 1! 1" 1(
#969375 1$ 1%
#970125 0)
#971750 1)
#972000 0" 0% 0&
#972125 0# 0(
#972875 0) 0-
#973125 0! 0$ 1& 1(
#973375 0*
#974375 1*
#975000 1!
#975250 0*
#976250 1*
#976875 0! 1"
#977125 0*
#978125 1*
#978750 1!
#979000 0*
#980000 1*
#981125 1)
#981250 1-
#981375 0! 0&
#981500 1# 1%
#982250 0)
#982500 0" 0# 1$ 0% 1& 0(
#982750 0*
#983750 1*
#984000 1)
#984250 0$
#984375 1" 1#
#985125 0)
#985250 0" 0# 0& 0'
#985375 1!
#985625 0*
#986625 1*
#986750 1)
#987125 1$ 1'
#987875 0) 0-
#988125 0! 0$ 1& 1(
#988250 1#
#988375 0*
#989375 1*
#990000 1!
#990250 0*
#991250 1*
#991875 0! 1"
#992125 0*
#993125 1*
#993750 1!
#994000 0*
#995000 1*
#996125 1)
#996250 1-
#996375 0!
#996500 1% 0&
#997250 0)
#997500 0" 1$ 0% 1& 0(
#997750 0*
#998750 1*
#999000 1)
#999250 0# 0& 0'
#999375 1" 1%
#1000125 0)
#1000375 1! 1# 1&
#1000625 0*
#1001625 1*
#1001750 1)
#1002125 0" 0# 0% 0& 1'
#1002875 0) 0-
#1003125 0! 1(
#1003250 1&
#1003375 0*
#1004375 1*
#1005000 1!
#1005250 0*
#1006250 1*
#1006875 0!
#1007000 1"
#1007125 0*
#1008125 1*
#1008750 1!
#1009000 0*
#1010000 1*
#1011250 1) 1-
#1011500 0! 1# 0$ 1% 0&
#1012250 0)
#1012500 0" 0# 1& 0(
#1012750 0*
#1013750 1*
#1014000 1)
#1014250 0% 0'
#1014375 1" 1# 1( 0,
#1015125 0)
#1015250 0(
#1015375 1! 0" 0# 0&
#1015625 0*
#1016625 1*
#1016875 1)
#1017125 1$ 1'
#1017250 1,
#1017875 0) 0-
#1018125 0!
#1018250 1# 1& 1(
#1018375 0*
#1019375 1*
#1020000 1!
#1020250 0*
#1021250 1*
#1021875 0!
#1022000 1"
#1022125 0*
#1023125 1*
#1023750 1!
#1024000 0*
#1025000 1*
#1026250 1) 1-
#1026500 0! 0$ 1% 0&
#1027250 0)
#1027500 0" 0(
#1027625 1&
#1027750 0*
#1028750 1*
#1029000 1)
#1029375 1! 1" 1$ 1(
#1030125 0)
#1031875 1)
#1032125 0" 0# 0% 0& 0(
#1032250 00
#1032875 0) 0-
#1033125 0! 0$
#1033250 1% 1& 1(
#1033375 0*
#1034375 1*
#1035000 1!
#1035250 0*
#1036250 1*
#1036875 0!
#1037000 1"
#1037125 0*
#1038125 1*
#1038750 1!
#1039000 0*
#1039250 10
#1040000 1*
#1041250 1) 1-
#1041500 0! 1# 0&
#1042250 0)
#1042500 0" 0# 0(
#1042625 1$ 1&
#1042750 0*
#1043750 1*
#1044000 1)
#1044375 1! 1" 1# 1(
#1045125 0)
#1046875 1)
#1047125 0" 0# 0% 0& 0(
#1047875 0) 0-
#1048125 0! 0$ 1(
#1048250 1# 1% 1&
#1048375 0*
#1049375 1*
#1050000 1!
#1050250 0*
#1051250 1*
#1051875 0!
#1052000 1"
#1052125 0*
#1053125 1*
#1053750 1!
#1054000 0*
#1055000 1*
#1056250 1) 1-
#1056500 0! 0&
#1057250 0)
#1057500 0" 0(
#1057625 1$ 1&
#1057750 0*
#1058750 1*
#1059000 1)
#1059250 0# 0& 0'
#1059375 1! 1"
#1060125 0)
#1060375 1# 1&
#1060625 0+
#1061625 1+
#1061875 1)
#1062125 0" 0# 0% 0& 1'
#1062875 0) 0-
#1063125 0!
#1063250 1% 1& 1(
#1063375 0*
#1064375 1*
#1065000 1!
#1065250 0*
#1066250 1*
#1066875 0!
#1067000 1"
#1067125 0*
#1068125 1*
#1068750 1!
#1069000 0*
#1070000 1*
#1071250 1) 1-
#1071500 1#
#1072250 0)
#1072875 0+
#1073875 1+
#1074000 1)
#1075125 0)
#1076875 1)
#1077125 0" 0# 0% 0& 0(
#1077875 0) 0-
#1078125 0! 1& 1(
#1078250 1# 1%
#1078375 0*
#1079375 1*
#1080000 1!
#1080250 0*
#1081250 1*
#1081875 0! 1"
#1082125 0*
#1083125 1*
#1083750 1!
#1084000 0*
#1085000 1*
#1086125 1)
#1086250 1-
#1086500 0! 0$ 0&
#1087250 0)
#1087500 0" 0# 0% 0' 0(
#1087750 0*
#1088750 1*
#1089375 1!
#1089625 0*
#1090625 1*
#1091250 0! 1"
#1091500 0*
#1092250 1)
#1092500 1*
#1092625 1# 1% 1' 1(
#1093375 0)
#1093625 0" 0# 0% 0' 0(
#1093875 0*
#1094875 1*
#1095500 1!
#1095750 0*
#1096750 1*
#1097250 0!
#1097375 1"
#1097625 0*
#1098375 1)
#1098625 1*
#1098750 1# 1& 1'
#1099500 0)
#1099625 0" 0# 0& 0'
#1099750 1(
#1100000 0*
#1101000 1*
#1101125 1)
#1101500 1$ 1% 1'
#1102250 0)
#1102500 1! 1" 0$ 0% 0' 0(
#1102750 0*
#1103750 1*
#1104375 1%
#1104625 0*
#1105625 1*
#1105875 1)
#1106125 0! 0" 1' 1(
#1106250 1#
#1107000 0)
#1107125 0# 0% 0' 0(
#1107250 1! 1"
#1107500 0*
#1108500 1*
#1108625 1)
#1108875 0! 0"
#1109000 1$ 1% 1' 1(
#1109750 0)
#1110000 1! 1" 0$ 0% 0' 0(
#1110250 0*
#1111250 1*
#1111875 1%
#1112125 0*
#1113125 1*
#1113375 1)
#1113625 0! 0" 1' 1(
#1113750 1#
#1114500 0)
#1114625 0# 0% 0' 0(
#1114750 1! 1"
#1114875 0*
#1116000 1*
#1116125 1) 00
#1116375 0!
#1116500 1# 1% 1' 1(
#1117250 0)
#1117500 0" 0# 0% 0' 0(
#1117750 0*
#1118750 1*
#1119375 1!
#1119625 0*
#1120625 1*
#1121125 0!
#1121250 1"
#1121500 0*
#1122250 1)
#1122500 1*
#1122625 1# 1% 1' 1(
#1123125 10
#1123375 0)
#1123500 0# 0% 0' 0(
#1123625 0"
#1123875 0*
#1124875 1*
#1125500 1!
#1125750 0*
#1126750 1*
#1127250 0!
#1127375 1"
#1127625 0*
#1128750 1)
#1129000 1*
#1129625 1# 1& 1( 0,
#1130375 0)
#1130625 0" 0# 0&
#1130875 0*
#1131875 1*
#1132500 1)
#1132875 1$ 1% 1'
#1133000 1,
#1133625 0)
#1134250 0'
#1134375 1! 1" 0$ 0% 0(
#1134625 0*
#1135625 1*
#1136250 1%
#1136500 0*
#1137500 1*
#1137750 1)
#1137875 0!
#1138000 0" 1# 1' 1(
#1138750 0)
#1139000 1! 1" 0# 0% 0' 0(
#1139250 0*
#1140250 1*
#1140500 1)
#1140750 0! 0"
#1140875 1$ 1% 1' 1(
#1141625 0)
#1141750 0$ 0% 0' 0(
#1141875 1! 1"
#1142125 0*
#1143125 1*
#1143750 1%
#1144000 0*
#1145000 1*
#1145250 1)
#1145375 0! 0"
#1145500 1# 1' 1(
#1146250 0)
#1146500 1! 1" 0# 0% 0' 0(
#1146750 0*
#1147750 1*
#1148000 1)
#1148250 0!
#1148375 1# 1% 1' 1(
#1149125 0)
#1149250 0# 0% 0' 0(
#1149375 0"
#1149625 0*
#1150625 1*
#1151250 1!
#1151500 0*
#1152500 1*
#1153000 0!
#1153125 1"
#1153375 0*
#1154125 1)
#1154375 1( 1*
#1154500 1# 1% 1'
#1155250 0)
#1155375 0" 0# 0% 0' 0(
#1155625 0*
#1156750 1*
#1157375 1!
#1157500 0*
#1158500 1*
#1159125 0!
#1159250 1"
#1159375 0*
#1160125 1)
#1160375 1*
#1160500 1# 1& 1'
#1161250 0)
#1161500 1! 0" 0# 0& 0' 1(
#1161750 0*
#1162750 1*
#1163000 1)
#1163250 0! 1'
#1163375 1$ 1%
#1164125 0)
#1164250 0$ 0% 0' 0(
#1164375 1! 1"
#1164625 0*
#1165625 1*
#1166250 1%
#1166500 0*
#1167500 1*
#1167625 1)
#1167875 0! 0"
#1168000 1# 1' 1(
#1168750 0)
#1169000 1! 1" 0# 0% 0' 0(
#1169250 0*
#1170250 1*
#1170500 1)
#1170750 0! 0" 1% 1' 1(
#1170875 1$
#1171625 0)
#1171750 0$ 0% 0' 0(
#1171875 1! 1"
#1172125 0*
#1173125 1*
#1173750 1%
#1174000 0*
#1175000 1*
#1175125 1)
#1175375 0! 0"
#1175500 1# 1' 1(
#1176250 0)
#1176500 1! 1" 0# 0% 0' 0(
#1176750 0*
#1177750 1*
#1178000 1)
#1178250 0! 1# 1% 1' 1(
#1179125 0)
#1179250 0" 0# 0% 0' 0(
#1179500 0*
#1180625 1*
#1181250 1!
#1181500 0*
#1182500 1*
#1183000 0!
#1183125 1"
#1183250 0*
#1184125 1)
#1184375 1% 1' 1( 1*
#1184500 1#
#1185125 0)
#1185375 0" 0# 0% 0' 0(
#1185625 0*
#1186625 1*
#1187250 1!
#1187500 0*
#1188500 1*
#1189125 0! 1"
#1189375 0*
#1190125 1)
#1190375 1*
#1190500 1# 1& 1(
#1190625 0,
#1191250 0)
#1191500 1! 0" 0# 0&
#1191750 0*
#1192750 1*
#1193000 1)
#1193250 0! 1$ 1% 1'
#1193375 1,
#1194125 0)
#1194250 1! 0$ 0% 0' 0(
#1194375 1"
#1194500 0*
#1195625 1*
#1196250 1%
#1196375 0*
#1197500 1*
#1197625 1)
#1197875 0! 0"
#1198000 1# 1' 1(
#1198750 0)
#1199000 1! 1" 0# 0% 0' 0(
#1199250 0*
#1200000 00
#1200250 1*
#1200500 1)
#1200750 0! 0" 1$ 1% 1' 1(
#1201500 0)
#1201750 1! 0$ 0% 0' 0(
#1201875 1"
#1202000 0*
#1203125 1*
#1203750 1%
#1203875 0*
#1205000 1*
#1205125 1)
#1205375 0! 0"
#1205500 1# 1' 1(
#1206250 0)
#1206500 1! 1" 0# 0% 0' 0(
#1206750 0*
#1206875 10
#1207750 1*
#1208000 1)
#1223250 1# 1$ 1% 1& 1' 1(
#1224000 0)
#1225750 1)
#1227750 0)
#1229500 1)
#1232625 0! 0$ 0&
#1233375 0)
#1233625 0" 0# 0% 0' 0(
#1233875 0*
#1234875 1*
#1235125 1)
#1235500 1! 1" 1# 1$ 1% 1& 1' 1(
#1236250 0)
#1238000 1)
#1239000 0)
#1239625 0+
#1240625 1+
#1241375 0+
#1242500 1+
#1243250 0+
#1244375 1+
#1245125 0+
#1246250 1+
#1247375 1)
#1247625 0! 0$ 0&
#1248375 0)
#1248625 0" 0% 0' 0(
#1248875 0*
#1249875 1*
#1250125 1)
#1250500 1! 1" 1$ 1% 1& 1' 1(
#1251250 0)
#1253000 1)
#1253250 0! 0# 0% 0& 0(
#1254000 0) 0-
#1254250 0" 0$ 0'
#1254500 0*
#1255500 1*
#1256250 1!
#1256375 0*
#1257375 1*
#1258000 0!
#1258125 1"
#1258250 0*
#1259250 1*
#1259875 1!
#1260125 0*
#1261125 1*
#1262375 1) 1-
#1262500 0!
#1262625 1# 1% 1' 1(
#1263375 0)
#1263625 0" 0# 0% 0' 0(
#1263750 1$
#1263875 0*
#1264875 1*
#1265125 1)
#1265375 0$
#1265500 1! 1" 1# 1& 1'
#1266250 0)
#1266500 0! 0" 0# 0& 0'
#1266750 0*
#1267750 1*
#1268000 1)
#1268250 1" 1$ 1'
#1269000 0) 0-
#1269250 0" 0$ 0'
#1269375 1#
#1269500 0*
#1270625 1*
#1271250 1!
#1271375 0*
#1272500 1*
#1273000 0!
#1273125 1"
#1273250 0*
#1274375 1*
#1275000 1!
#1275125 0*
#1276250 1*
#1277375 1) 1-
#1277625 0! 1% 1' 1(
#1278500 0)
#1278625 0" 0% 0' 0(
#1278750 1$
#1278875 0*
#1280000 1*
#1280125 1)
#1280500 1%
#1281250 0)
#1281500 1! 1" 1&
#1281750 0*
#1282750 1*
#1283000 1)
#1283250 0! 0# 0% 0& 1'
#1283875 00
#1284000 0-
#1284125 0)
#1284250 0" 0'
#1284625 0*
#1285625 1*
#1286250 1!
#1286500 0*
#1287500 1*
#1288000 0!
#1288125 1"
#1288375 0*
#1289375 1*
#1290000 1!
#1290250 0*
#1290750 10
#1291250 1*
#1292375 1) 1-
#1292625 0! 0$ 1' 1(
#1292750 1# 1%
#1293500 0)
#1293625 0" 0# 0' 0(
#1294000 0*
#1295000 1*
#1295125 1)
#1295375 0%
#1295500 1! 1" 1# 1& 1(
#1295625 0,
#1296250 0)
#1296500 0! 0" 0# 0& 0(
#1296750 0*
#1297750 1*
#1298000 1)
#1298375 1" 1$ 1' 1,
#1299125 0) 0-
#1299250 0" 0'
#1299375 1#
#1299625 0*
#1300625 1*
#1301250 1!
#1301500 0*
#1302500 1*
#1303000 0!
#1303125 1"
#1303375 0*
#1304375 1*
#1305000 1!
#1305250 0*
#1306250 1*
#1307375 1) 1-
#1307625 0! 0$ 1' 1(
#1307750 1%
#1308500 0)
#1308625 0" 0' 0(
#1309000 0*
#1310000 1*
#1310125 1)
#1310500 1! 1" 1$ 1& 1' 1(
#1311250 0)
#1313000 1)
#1313250 0! 0# 0% 0& 0(
#1314000 0-
#1314125 0)
#1314250 0" 0'
#1314375 0$ 1%
#1314625 0*
#1315625 1*
#1316250 1!
#1316500 0*
#1317500 1*
#1318000 0!
#1318125 1"
#1318375 0*
#1319375 1*
#1320000 1!
#1320250 0*
#1321250 1*
#1322375 1) 1-
#1322625 0!
#1322750 1# 1' 1(
#1323500 0)
#1323625 0(
#1323750 0" 0# 1$ 0'
#1324000 0*
#1325000 1*
#1325250 1)
#1325500 1! 1" 1# 0$ 0% 1& 1'
#1326250 0)
#1326500 0" 0# 0& 0'
#1326750 0*
#1327875 1*
#1328000 1)
#1328250 0!
#1328375 1" 1$ 1'
#1329125 0) 0-
#1329375 0" 1# 0$ 1% 0'
#1329625 0*
#1330625 1*
#1331250 1!
#1331500 0*
#1332500 1*
#1333000 0!
#1333125 1"
#1333375 0*
#1334375 1*
#1335000 1!
#1335250 0*
#1336250 1*
#1337375 1)
#1337500 1-
#1337625 0!
#1337750 1' 1(
#1338500 0)
#1338750 0" 1$ 0' 0(
#1339000 0*
#1340000 1*
#1340250 1)
#1340500 1!
#1341375 0)
#1341625 1" 1&
#1341875 0+
#1342875 1+
#1343000 1)
#1343250 0! 0&
#1343375 0# 0% 1'
#1344125 0) 0-
#1344375 0" 1% 0'
#1344625 0*
#1345625 1*
#1346250 1!
#1346500 0*
#1347500 1*
#1348125 0! 1"
#1348375 0*
#1349375 1*
#1350000 1!
#1350250 0*
#1351250 1*
#1352375 1)
#1352500 1-
#1352625 0!
#1352750 1# 0$ 1' 1(
#1353500 0)
#1353750 0" 0# 0% 1& 0' 0(
#1354000 0*
#1355000 1*
#1355250 1)
#1355625 1! 1" 1# 1( 0,
#1356375 0)
#1356500 0" 0# 0(
#1356625 0&
#1356875 0*
#1357875 1*
#1358000 1)
#1358250 0!
#1358375 1" 1$ 1'
#1358500 1,
#1359125 0) 0-
#1359375 0" 0'
#1359500 1# 1%
#1359625 0*
#1360625 1*
#1361250 1!
#1361500 0*
#1362500 1*
#1363125 0!
#1363250 1"
#1363375 0*
#1364375 1*
#1365000 1!
#1365250 0*
#1366250 1*
#1367500 1) 1-
#1367625 00
#1367750 0! 0$ 1' 1(
#1368500 0)
#1368750 0" 0% 0' 0(
#1368875 1&
#1369000 0*
#1370000 1*
#1370250 1)
#1370625 1! 1" 1$ 1% 1' 1(
#1371375 0)
#1373125 1)
#1373375 0! 0# 0% 0& 0(
#1374125 0) 0-
#1374375 0" 0$ 0'
#1374500 1&
#1374625 0* 10
#1375750 1*
#1376375 1!
#1376500 0*
#1377625 1*
#1378125 0!
#1378250 1"
#1378375 0*
#1379500 1*
#1380125 1!
#1380375 0*
#1381375 1*
#1382500 1) 1-
#1382750 0! 0& 1' 1(
#1382875 1# 1%
#1383625 0)
#1383750 0" 0# 0% 0' 0(
#1383875 1$ 1&
#1384125 0*
#1385125 1*
#1385250 1)
#1385625 1! 1" 1# 1% 1' 1(
#1386375 0)
#1388125 1)
#1388375 0! 0# 0% 0& 0(
#1389125 0-
#1389250 0)
#1389375 0" 0$ 0'
#1389500 1# 1&
#1389750 0*
#1390750 1*
#1391375 1!
#1391625 0*
#1392625 1*
#1393125 0!
#1393250 1"
#1393500 0*
#1394500 1*
#1395125 1!
#1395375 0*
#1396375 1*
#1397500 1) 1-
#1397750 0! 0& 1' 1(
#1397875 1%
#1398625 0)
#1398750 0" 0% 0' 0(
#1398875 1$ 1&
#1399125 0*
#1400125 1*
#1400250 1)
#1400500 0&
#1400625 1" 1%
#1401375 0)
#1401625 1! 1&
#1401875 0*
#1402875 1*
#1403125 1)
#1403375 0! 0# 0% 0& 1'
#1404250 0) 0-
#1404375 0" 0'
#1404500 1&
#1404750 0*
#1405750 1*
#1406375 1!
#1406625 0*
#1407625 1*
#1408125 0!
#1408250 1"
#1408500 0*
#1409500 1*
#1410125 1!
#1410375 0*
#1411375 1*
#1412500 1) 1-
#1412750 0! 0$ 0&
#1412875 1# 1% 1' 1(
#1413625 0)
#1413750 0(
#1413875 0" 0# 1& 0'
#1414125 0*
#1415125 1*
#1415375 1)
#1415625 1! 1" 1# 1$ 1' 1(
#1416500 0)
#1418125 1)
#1418375 0! 0# 0% 0& 0(
#1419250 0) 0-
#1419500 0" 1# 1& 0'
#1419750 0*
#1420750 1*
#1421375 1!
#1421625 0*
#1422625 1*
#1423125 0!
#1423250 1"
#1423500 0*
#1424500 1*
#1425125 1!
#1425375 0*
#1426375 1*
#1427500 1)
#1427625 1-
#1427750 0! 0$ 0&
#1427875 1% 1' 1(
#1428625 0)
#1428875 0" 1& 0' 0(
#1429125 0*
#1430125 1*
#1430375 1)
#1430625 1! 1" 0% 1'
#1431500 0)
#1431625 0! 0" 0# 0& 0' 1(
#1431875 0*
#1433000 1*
#1433125 1)
#1433375 0(
#1433500 1" 1$ 1'
#1434250 0) 0-
#1434500 0" 0$ 1% 1& 0'
#1434750 0*
#1435750 1*
#1436375 1!
#1436625 0*
#1437625 1*
#1438250 0! 1"
#1438500 0*
#1439500 1*
#1440125 1!
#1440375 0*
#1441375 1*
#1442500 1)
#1442625 1-
#1442750 0! 0&
#1442875 1# 1' 1(
#1443625 0)
#1443875 0" 0# 1$ 1& 0' 0(
#1444125 0*
#1445125 1*
#1445375 1)
#1445625 1! 0$ 0% 1(
#1445750 1" 1# 0,
#1446500 0)
#1446625 0! 0" 0# 0&
#1447000 0*
#1448000 1*
#1448125 1)
#1448375 0(
#1448500 1" 1$ 1'
#1448625 1,
#1449250 0) 0-
#1449500 0" 1# 0$ 1% 1& 0'
#1449750 0*
#1450750 1*
#1451375 1!
#1451500 00
#1451625 0*
#1452625 1*
#1453250 0! 1"
#1453500 0*
#1454500 1*
#1455125 1!
#1455375 0*
#1456375 1*
#1457500 1)
#1457625 1-
#1457750 0!
#1457875 0& 1' 1(
#1458500 10
#1458625 0)
#1458875 0" 1$ 1& 0' 0(
#1459125 0*
#1460125 1*
#1460375 1)
#1460625 1! 0&
#1460750 1"
#1461500 0)
#1461750 1&
#1462000 0+
#1463000 1+
#1463125 1)
#1463375 0! 0&
#1463500 0# 0% 1'
#1464250 0) 0-
#1464500 0" 1% 1& 0'
#1464750 0*
#1465750 1*
#1466375 1!
#1466625 0*
#1467625 1*
#1468250 0! 1"
#1468500 0*
#1469500 1*
#1470125 1!
#1470375 0*
#1471375 1*
#1472500 1)
#1472625 1-
#1472750 0!
#1472875 1# 0$ 0& 1' 1(
#1473625 0)
#1473875 0" 0# 0% 0(
#1474125 0*
#1475125 1*
#1475375 1)
#1475750 1! 1" 1# 1&
#1476500 0)
#1476625 0" 0# 0&
#1476750 0' 1(
#1477000 0*
#1478000 1*
#1478125 1)
#1478375 0! 0(
#1478500 1" 1$ 1'
#1479250 0) 0-
#1479500 0" 1% 1& 0'
#1479625 1#
#1479750 0*
#1480750 1*
#1481375 1!
#1481625 0*
#1482625 1*
#1483250 0! 1"
#1483500 0*
#1484500 1*
#1485125 1!
#1485375 0*
#1486375 1*
#1487500 1)
#1487625 1-
#1487750 0!
#1487875 0$ 0& 1' 1(
#1488625 0)
#1488875 0" 0% 0(
#1489125 0*
#1490125 1*
#1490375 1)
#1490625 0' 1(
#1490750 1! 1" 1& 0,
#1491500 0)
#1491625 0" 0# 0&
#1492000 0*
#1493000 1*
#1493125 1)
#1493375 0! 0(
#1493500 1" 1$ 1'
#1493625 1,
#1494250 0) 0-
#1494500 0" 0$
#1494750 0*
#1495750 1*
#1496375 1!
#1496625 0*
#1497625 1*
#1498250 0! 1"
#1498500 0*
#1499500 1*
#1500125 1!
#1500375 0*
#1501375 1*
#1502500 1)
#1502625 1-
#1502750 0!
#1502875 1# 1% 1(
#1503625 0)
#1503875 0" 0# 1$ 0% 0(
#1504125 0*
#1505125 1*
#1505375 1)
#1505625 1(
#1505750 1! 1" 1# 1% 1&
#1506500 0)
#1508125 1)
#1508375 0&
#1508500 0! 0# 0% 0(
#1509250 0) 0-
#1509500 0" 1# 0$
#1509750 0*
#1510750 1*
#1511375 1!
#1511625 0*
#1512625 1*
#1513250 0! 1"
#1513500 0*
#1514500 1*
#1515125 1!
#1515375 0*
#1516375 1*
#1517500 1)
#1517625 1-
#1517750 0!
#1517875 1% 1(
#1518625 0)
#1518875 0" 1$ 0% 0(
#1519125 0*
#1520125 1*
#1520375 1)
#1520625 0# 0$ 1& 0'
#1521500 0)
#1521750 1! 1" 1# 1$ 1%
#1522000 0*
#1523000 1*
#1523125 1)
#1523375 0! 0# 0% 0&
#1523500 1'
#1524250 0) 0-
#1524500 0"
#1524750 0*
#1525750 1*
#1526375 1!
#1526625 0*
#1527625 1*
#1528125 0!
#1528250 1"
#1528500 0*
#1529500 1*
#1530125 1!
#1530375 0*
#1531375 1*
#1532500 1)
#1532625 1-
#1532750 0! 0$
#1532875 1# 1% 1(
#1533625 0)
#1533750 0(
#1533875 0" 0#
#1534125 0*
#1535125 1*
#1535375 1) 00
#1535625 1! 1" 1# 1$ 1& 1(
#1536500 0)
#1538125 1)
#1538375 0! 0# 0% 0& 0(
#1539250 0) 0-
#1539500 0" 1#
#1539750 0*
#1540750 1*
#1541375 1!
#1541625 0*
#1542375 10
#1542625 1*
#1543125 0!
#1543250 1"
#1543500 0*
#1544500 1*
#1545125 1!
#1545375 0*
#1546375 1*
#1547500 1) 1-
#1547750 0! 0$ 1(
#1547875 1%
#1548625 0)
#1548750 0(
#1548875 0"
#1549125 0*
#1550125 1*
#1550375 1)
#1550625 1! 1" 1$ 1& 1(
#1551375 0)
#1553125 1)
#1553375 0! 0# 0% 0& 0(
#1554250 0) 0-
#1554375 0" 0$
#1554500 1%
#1554750 0*
#1555750 1*
#1556375 1!
#1556625 0*
#1557625 1*
#1558125 0!
#1558250 1"
#1558500 0*
#1559500 1*
#1560125 1!
#1560375 0*
#1561375 1*
#1562500 1) 1-
#1562750 0! 1(
#1562875 1#
#1563625 0)
#1563750 0" 0# 0(
#1563875 1$
#1564125 0*
#1565125 1*
#1565250 1)
#1565500 0%
#1565625 1&
#1566375 0)
#1566625 0$ 0& 0'
#1566875 0*
#1567875 1*
#1568125 1)
#1568500 1" 1$ 1'
#1569125 0-
#1569250 0)
#1569375 0" 0$
#1569500 1# 1%
#1569750 0*
#1570750 1*
#1571375 1!
#1571625 0*
#1572625 1*
#1573125 0!
#1573250 1"
#1573500 0*
#1574500 1*
#1575125 1!
#1575375 0*
#1576375 1*
#1577500 1) 1-
#1577750 0! 1(
#1578625 0)
#1578750 0" 0(
#1578875 1$
#1579125 0*
#1580125 1*
#1580250 1)
#1580500 0# 0$ 0% 0'
#1580625 1! 1&
#1581375 0)
#1581625 1" 1# 1$ 1%
#1581875 0+
#1582875 1+
#1583125 1)
#1583375 0! 0# 0% 0& 1'
#1584125 0-
#1584250 0)
#1584375 0"
#1584500 1%
#1584750 0*
#1585750 1*
#1586375 1!
#1586625 0*
#1587625 1*
#1588125 0!
#1588250 1"
#1588500 0*
#1589500 1*
#1590125 1!
#1590375 0*
#1591375 1*
#1592500 1) 1-
#1592750 0! 1# 0$ 1(
#1593625 0)
#1593750 0" 0# 0% 0(
#1593875 1&
#1594000 0*
#1595125 1*
#1595250 1)
#1595500 0'
#1595625 1$ 1( 0,
#1596375 0)
#1596625 0$ 0& 0(
#1596875 0*
#1597875 1*
#1598125 1)
#1598375 1" 1$ 1'
#1598500 1,
#1599125 0) 0-
#1599375 0"
#1599500 1# 1%
#1599625 0*
#1600750 1*
#1601375 1!
#1601500 0*
#1602625 1*
#1603125 0!
#1603250 1"
#1603375 0*
#1604375 1*
#1605000 1!
#1605250 0*
#1606250 1*
#1607500 1) 1-
#1607750 0! 0$ 1(
#1608500 0)
#1608750 0" 0% 0(
#1608875 1&
#1609000 0*
#1610000 1*
#1610250 1)
#1610625 1! 1" 1$ 1% 1(
#1611375 0)
#1613125 1)
#1613375 0! 0# 0% 0& 0(
#1614125 0) 0-
#1614375 0" 0$
#1614500 1&
#1614625 0*
#1615625 1*
#1616250 1!
#1616500 0*
#1617500 1*
#1618125 0!
#1618250 1"
#1618375 0*
#1619250 00
#1619375 1*
#1620000 1!
#1620250 0*
#1621250 1*
#1622500 1) 1-
#1622625 0!
#1622750 1# 1% 0& 1(
#1623500 0)
#1623750 0" 0# 0% 1& 0(
#1623875 1$
#1624000 0*
#1625000 1*
#1625250 1)
#1626125 10
#1626375 0)
#1626500 0& 0'
#1626625 1! 0$
#1626875 0*
#1627875 1*
#1628000 1)
#1628250 0!
#1628375 1" 1$ 1'
#1629125 0) 0-
#1629375 0" 0$ 1&
#1629500 1#
#1629625 0*
#1630625 1*
#1631250 1!
#1631500 0*
#1632500 1*
#1633125 0! 1"
#1633375 0*
#1634375 1*
#1635000 1!
#1635250 0*
#1636250 1*
#1637375 1)
#1637500 1-
#1637625 0!
#1637750 1% 0& 1(
#1638500 0)
#1638750 0" 1$ 0% 1& 0(
#1639000 0*
#1640000 1*
#1640250 1)
#1640500 0# 0$ 0'
#1640625 1"
#1641375 0)
#1641625 1! 1# 1$ 1%
#1641875 0*
#1642875 1*
#1643000 1)
#1643250 0! 0# 0%
#1643375 0& 1'
#1644125 0) 0-
#1644375 0" 1&
#1644625 0*
#1645625 1*
#1646250 1!
#1646500 0*
#1647500 1*
#1648125 0! 1"
#1648375 0*
#1649375 1*
#1650000 1!
#1650250 0*
#1651250 1*
#1652375 1)
#1652500 1-
#1652625 0! 0&
#1652750 1# 0$ 1% 1(
#1653500 0)
#1653750 0" 0# 1& 0(
#1654000 0*
#1655000 1*
#1655250 1)
#1655500 0% 0' 1(
#1655625 1$ 0,
#1656375 0)
#1656500 0$ 0& 0(
#1656625 1!
#1656875 0*
#1657875 1*
#1658000 1)
#1658250 0!
#1658375 1" 1$ 1'
#1658500 1,
#1659125 0) 0-
#1659375 0" 1# 1&
#1659625 0*
#1660625 1*
#1661250 1!
#1661500 0*
#1662500 1*
#1663125 0! 1"
#1663375 0*
#1664375 1*
#1665000 1!
#1665250 0*
#1666250 1*
#1667375 1)
#1667500 1-
#1667625 0! 0&
#1667750 0$ 1% 1(
#1668500 0)
#1668750 0" 1& 0(
#1669000 0*
#1670000 1*
#1670250 1)
#1670500 1(
#1670625 1! 1" 1$
#1671375 0)
#1673000 1)
#1673375 0! 0# 0% 0& 0(
#1674125 0) 0-
#1674375 0" 0$ 1% 1&
#1674625 0*
#1675625 1*
#1676250 1!
#1676500 0*
#1677500 1*
#1678125 0! 1"
#1678375 0*
#1679375 1*
#1680000 1!
#1680250 0*
#1681250 1*
#1682375 1)
#1682500 1-
#1682625 0! 0&
#1682750 1# 1(
#1683500 0)
#1683750 0" 0# 1$ 1& 0(
#1684000 0*
#1685000 1*
#1685250 1)
#1685500 1(
#1685625 1! 1" 1#
#1686375 0)
#1688000 1)
#1688375 0! 0# 0% 0& 0(
#1689125 0) 0-
#1689375 0" 0$ 1% 1&
#1689500 1#
#1689625 0*
#1690625 1*
#1691250 1!
#1691500 0*
#1692500 1*
#1693125 0! 1"
#1693375 0*
#1694375 1*
#1695000 1!
#1695250 0*
#1696250 1*
#1697375 1)
#1697500 1-
#1697625 0!
#1697750 0& 1(
#1698500 0)
#1698750 0" 1$ 1& 0(
#1699000 0*
#1700000 1*
#1700250 1)
#1700500 1! 0# 0$ 0% 0'
#1700625 1"
#1701375 0)
#1701625 1# 1$ 1%
#1701875 0+
#1702875 1+
#1703000 1) 00
#1703375 0! 0# 0% 0& 1'
#1704125 0) 0-
#1704375 0" 1% 1&
#1704625 0*
#1705625 1*
#1706250 1!
#1706500 0*
#1707500 1*
#1708125 0!
#1708250 1"
#1708375 0*
#1709375 1*
#1710000 1! 10
#1710250 0*
#1711250 1*
#1712500 1) 1-
#1712750 1# 1(
#1713500 0)
#1714125 0+
#1715125 1+
#1715250 1)
#1716375 0)
#1718125 1)
#1718375 0! 0# 0% 0& 0(
#1719125 0) 0-
#1719375 0"
#1719500 1# 1% 1&
#1719625 0*
#1720625 1*
#1721250 1!
#1721500 0*
#1722500 1*
#1723125 0!
#1723250 1"
#1723375 0*
#1724375 1*
#1725000 1!
#1725250 0*
#1726250 1*
#1727500 1) 1-
#1727750 0! 0$ 0& 1(
#1728500 0)
#1728750 0" 0# 0% 0' 0(
#1729000 0*
#1730125 1*
#1730750 1!
#1730875 0*
#1732000 1*
#1732500 0!
#1732625 1"
#1732750 0*
#1733625 1)
#1733750 1*
#1733875 1# 1% 1' 1(
#1734625 0)
#1734875 0" 0# 0% 0' 0(
#1735125 0*
#1736125 1*
#1736750 1!
#1737000 0*
#1738000 1*
#1738625 0! 1"
#1738875 0*
#1739625 1)
#1739875 0" 1*
#1740000 1$ 1& 1'
#1740750 0)
#1741000 0$ 0& 0' 1(
#1741250 0*
#1742250 1*
#1742500 1)
#1742750 1$ 1'
#1742875 1%
#1743625 0)
#1743750 0$ 0% 0' 0(
#1743875 1#
#1744000 0*
#1745125 1*
#1745750 1%
#1746000 0*
#1747000 1*
#1747125 1)
#1747500 1' 1(
#1748250 0)
#1748500 0% 0' 0(
#1748750 0*
#1749750 1*
#1750000 1)
#1750250 0# 1' 1(
#1750375 1$ 1%
#1751125 0)
#1751250 0$ 0% 0' 0(
#1751375 1#
#1751625 0*
#1752625 1*
#1753250 1%
#1753500 0*
#1754500 1*
#1754625 1)
#1755000 1' 1(
#1755750 0)
#1756000 0% 0' 0(
#1756250 0*
#1757250 1*
#1757500 1)
#1757750 1(
#1757875 1" 1% 1'
#1758625 0)
#1758750 0" 0% 0' 0(
#1758875 0#
#1759125 0*
#1760125 1*
#1760750 1!
#1761000 0*
#1762000 1*
#1762500 0!
#1762625 1"
#1762875 0*
#1763625 1)
#1763875 1*
#1764000 1# 1% 1' 1(
#1764750 0)
#1764875 0" 0# 0% 0' 0(
#1765125 0*
#1766250 1*
#1766875 1!
#1767125 0*
#1768125 1*
#1768625 0!
#1768750 1"
#1769000 0*
#1770125 1)
#1770375 1*
#1770875 0"
#1771000 1$ 1& 1( 0,
#1771750 0)
#1771875 0&
#1772000 0$
#1772250 0*
#1773250 1*
#1773875 1)
#1774250 1$ 1% 1'
#1774375 1,
#1775000 0)
#1775750 1# 0$ 0% 0' 0(
#1776000 0*
#1777000 1*
#1777625 1%
#1777875 0*
#1778875 1*
#1779125 1)
#1779375 1' 1(
#1780250 0)
#1780375 0% 0' 0(
#1780625 0*
#1781750 1*
#1781875 1)
#1782125 0#
#1782250 1$ 1% 1' 1(
#1783000 0)
#1783250 1# 0$ 0% 0' 0(
#1783500 0*
#1784500 1*
#1785125 1%
#1785375 0*
#1786375 1*
#1786625 1)
#1786875 1' 1( 00
#1787750 0)
#1787875 0% 0' 0(
#1788250 0*
#1789250 1*
#1789375 1)
#1789750 1" 1% 1' 1(
#1790500 0)
#1790750 0" 0# 0% 0' 0(
#1791000 0*
#1792000 1*
#1792625 1!
#1792875 0*
#1793875 1* 10
#1794500 0! 1"
#1794750 0*
#1795500 1)
#1795750 1*
#1795875 1# 1% 1' 1(
#1796625 0)
#1796750 0(
#1796875 0" 0# 0% 0'
#1797125 0*
#1798125 1*
#1798750 1!
#1799000 0*
#1800000 1*
#1800500 0!
#1800625 1"
#1800875 0*
#1801625 1)
#1801875 0" 1*
#1802000 1$ 1& 1'
#1802750 0)
#1802875 0$ 0& 0'
#1803000 1! 1(
#1803250 0*
#1804250 1*
#1804375 1)
#1804625 0!
#1804750 1$ 1% 1'
#1805500 0)
#1805750 0$ 0% 0' 0(
#1805875 1#
#1806000 0*
#1807000 1*
#1807625 1%
#1807875 0*
#1808875 1*
#1809125 1)
#1809500 1' 1(
#1810250 0)
#1810375 0' 0(
#1810500 0%
#1810750 0*
#1811750 1*
#1812000 1)
#1812250 0# 1$ 1% 1' 1(
#1813000 0)
#1813250 0$ 0% 0' 0(
#1813375 1#
#1813500 0*
#1814500 1*
#1815250 1%
#1815375 0*
#1816375 1*
#1816625 1)
#1817000 1' 1(
#1817750 0)
#1817875 0(
#1818000 0% 0'
#1818250 0*
#1819250 1*
#1819500 1)
#1819750 1" 1% 1' 1(
#1820500 0)
#1820750 0" 0# 0% 0' 0(
#1821000 0*
#1822125 1*
#1822750 1!
#1822875 0*
#1824000 1*
#1824500 0!
#1824625 1"
#1824750 0*
#1825625 1)
#1825750 1*
#1825875 1# 1% 1' 1(
#1826625 0)
#1826875 0" 0# 0% 0' 0(
#1827125 0*
#1828125 1*
#1828750 1!
#1829000 0*
#1830000 1*
#1830625 0!
#1830750 1"
#1830875 0*
#1831625 1)
#1831875 0" 1*
#1832000 1$ 1& 1(
#1832125 0,
#1832750 0)
#1833000 1! 0$ 0&
#1833250 0*
#1834250 1*
#1834500 1)
#1834750 0! 1$ 1'
#1834875 1% 1,
#1835625 0)
#1835750 0$ 0% 0' 0(
#1835875 1#
#1836125 0*
#1837125 1*
#1837750 1%
#1838000 0*
#1839000 1*
#1839125 1)
#1839500 1' 1(
#1840250 0)
#1840500 0% 0' 0(
#1840750 0*
#1841750 1*
#1842000 1)
#1842250 0# 1' 1(
#1842375 1$ 1%
#1843125 0)
#1843250 0$ 0% 0' 0(
#1843375 1#
#1843625 0*
#1844625 1*
#1845250 1%
#1845500 0*
#1846500 1*
#1846625 1)
#1847000 1' 1(
#1847750 0)
#1848000 0% 0' 0(
#1848250 0*
#1849250 1*
#1849500 1)
#1864875 1! 1" 1$ 1% 1& 1' 1(
#1865625 0)
#1867375 1)
#1869375 0)
#1870750 00
#1871125 1)
#1874125 0! 0$ 0&
#1875000 0)
#1875250 0" 0# 0% 0' 0(
#1875500 0*
#1876500 1*
#1876750 1)
#1877000 1! 1" 1# 1$ 1% 1& 1' 1(
#1877750 10
#1877875 0)
#1879500 1)
#1880625 0)
#1881125 0+
#1882125 1+
#1883000 0+
#1884000 1+
#1884875 0+
#1885875 1+
#1886750 0+
#1887750 1+
#1888875 1)
#1889125 0! 0$ 0&
#1890000 0)
#1890250 0" 0% 0' 0(
#1890500 0*
#1891500 1*
#1891750 1)
#1892000 1! 1% 1& 1' 1(
#1892125 1" 1$
#1892875 0)
#1894500 1)
#1894750 0! 0# 0% 0& 0(
#1895625 0) 0-
#1895875 0" 0$ 0' 1(
#1896125 0*
#1897125 1*
#1897750 1!
#1898000 0*
#1899000 1*
#1899500 0!
#1899625 1"
#1899875 0*
#1900875 1*
#1901500 1!
#1901750 0*
#1902750 1*
#1903875 1)
#1904000 1-
#1904125 0!
#1904250 1# 1% 1'
#1905000 0)
#1905250 0" 0# 1$ 0% 0' 0(
#1905500 0*
#1906500 1*
#1906750 1)
#1907000 1! 1& 1'
#1907875 0)
#1908000 0! 0$ 0& 0'
#1908250 0*
#1909375 1*
#1909500 1)
#1909875 1" 1$ 1'
#1910625 0) 0-
#1910875 0" 1# 0$ 0' 1(
#1911125 0*
#1912125 1*
#1912750 1!
#1913000 0*
#1914000 1*
#1914500 0!
#1914625 1"
#1914875 0*
#1915875 1*
#1916500 1!
#1916750 0*
#1917750 1*
#1918875 1)
#1919000 1-
#1919125 0!
#1919250 1% 1'
#1920000 0)
#1920250 0" 1$ 0% 0' 0(
#1920500 0*
#1921500 1*
#1921750 1)
#1922000 0$ 1&
#1922750 0)
#1923125 1! 1" 1$ 1%
#1923250 0*
#1924375 1*
#1924500 1)
#1924750 0! 0# 0% 0&
#1924875 1'
#1925625 0) 0-
#1925875 0" 0' 1(
#1926125 0*
#1927125 1*
#1927750 1!
#1928000 0*
#1929000 1*
#1929500 0!
#1929625 1"
#1929875 0*
#1930875 1*
#1931500 1!
#1931750 0*
#1932750 1*
#1933875 1)
#1934000 1-
#1934125 0! 0$
#1934250 1# 1% 1'
#1935000 0)
#1935250 0" 0# 0' 0(
#1935500 0*
#1936500 1*
#1936750 1)
#1937000 1! 1$ 0% 1& 1(
#1937125 0,
#1937750 0)
#1938000 0! 0$ 0& 0(
#1938250 0*
#1939250 1*
#1939500 1)
#1939875 1" 1$ 1' 1,
#1940625 0) 0-
#1940750 0" 0'
#1940875 1# 1(
#1941125 0*
#1942125 1*
#1942750 1!
#1943000 0*
#1944000 1*
#1944500 0!
#1944625 1"
#1944875 0*
#1945875 1*
#1946500 1!
#1946750 0*
#1947750 1*
#1948875 1) 1-
#1949125 0! 0$
#1949250 1% 1'
#1950000 0)
#1950125 0' 0(
#1950250 0"
#1950500 0*
#1951500 1*
#1951750 1)
#1952000 1! 1" 1$ 1& 1' 1(
#1952750 0)
#1954500 1)
#1954625 00
#1954750 0! 0# 0% 0& 0(
#1955500 0-
#1955625 0)
#1955750 0" 0$ 0'
#1955875 1% 1(
#1956125 0*
#1957125 1*
#1957750 1!
#1958000 0*
#1959000 1*
#1959500 0!
#1959625 1"
#1959875 0*
#1960875 1*
#1961500 1!
#1961625 10
#1961750 0*
#1962750 1*
#1963875 1) 1-
#1964125 0! 1'
#1964250 1#
#1965000 0)
#1965125 0" 0# 0' 0(
#1965250 1$
#1965500 0*
#1966500 1*
#1966625 1)
#1966875 0%
#1967000 1! 1& 1'
#1967750 0)
#1968000 0$ 0& 0'
#1968250 0*
#1969250 1*
#1969500 1)
#1969750 0! 1'
#1969875 1" 1$
#1970625 0) 0-
#1970750 0" 0$ 0'
#1970875 1# 1% 1(
#1971125 0*
#1972125 1*
#1972750 1!
#1973000 0*
#1974000 1*
#1974500 0!
#1974625 1"
#1974875 0*
#1975875 1*
#1976500 1!
#1976750 0*
#1977750 1*
#1978875 1) 1-
#1979125 0! 1'
#1980000 0)
#1980125 0" 0' 0(
#1980250 1$
#1980500 0*
#1981500 1*
#1981625 1)
#1981875 0$ 0%
#1982000 1! 1&
#1982750 0)
#1983000 1" 1$ 1%
#1983250 0+
#1984250 1+
#1984500 1)
#1984750 0! 0# 0% 0& 1'
#1985500 0-
#1985625 0)
#1985750 0" 0'
#1985875 1% 1(
#1986125 0*
#1987125 1*
#1987750 1!
#1988000 0*
#1989000 1*
#1989500 0!
#1989625 1"
#1989875 0*
#1990875 1*
#1991500 1!
#1991625 0*
#1992750 1*
#1993875 1) 1-
#1994125 0! 1# 0$ 1'
#1995000 0)
#1995125 0" 0# 0% 0' 0(
#1995250 1&
#1995375 0*
#1996500 1*
#1996625 1)
#1997000 1! 1$ 1( 0,
#1997750 0)
#1998000 0$ 0& 0(
#1998250 0*
#1999250 1*
#1999500 1)
#1999750 0! 1" 1$ 1'
#1999875 1,
#2000500 0) 0-
#2000750 0" 0'
#2000875 1# 1% 1(
#2001000 0*
#2002125 1*
#2002750 1!
#2002875 0*
#2004000 1*
#2004500 0!
#2004625 1"
#2004750 0*
#2005750 1*
#2006375 1!
#2006625 0*
#2007625 1*
#2008875 1) 1-
#2009125 0! 0$ 1'
#2009875 0)
#2010125 0" 0% 0' 0(
#2010250 1&
#2010375 0*
#2011375 1*
#2011625 1)
#2012000 1! 1" 1$ 1% 1' 1(
#2012750 0)
#2014500 1)
#2014750 0! 0# 0% 0& 0(
#2015500 0) 0-
#2015750 0" 0$ 1& 0' 1(
#2016000 0*
#2017000 1*
#2017625 1!
#2017875 0*
#2018875 1*
#2019500 0!
#2019625 1"
#2019750 0*
#2020750 1*
#2021375 1!
#2021625 0*
#2022625 1*
#2023875 1) 1-
#2024000 0!
#2024125 1# 1% 0& 1'
#2024875 0)
#2025125 0" 0# 0% 1& 0' 0(
#2025250 1$
#2025375 0*
#2026375 1*
#2026625 1)
#2027000 1! 1" 1# 1% 1' 1(
#2027750 0)
#2029375 1)
#2029750 0! 0# 0% 0& 0(
#2030500 0) 0-
#2030750 0" 0$ 1& 0' 1(
#2030875 1#
#2031000 0*
#2032000 1*
#2032625 1!
#2032875 0*
#2033875 1*
#2034500 0! 1"
#2034750 0*
#2035750 1*
#2036375 1!
#2036625 0*
#2037625 1*
#2038500 00
#2038750 1)
#2038875 1-
#2039000 0! 0&
#2039125 1% 1'
#2039875 0)
#2040125 0" 1$ 0% 1& 0' 0(
#2040375 0*
#2041375 1*
#2041625 1)
#2041875 0$
#2042000 1"
#2042750 0)
#2043000 1! 1$ 1%
#2043250 0*
#2044250 1*
#2044375 1)
#2044625 0! 0% 0&
#2044750 0# 1'
#2045375 10
#2045500 0) 0-
#2045750 0" 1& 0' 1(
#2046000 0*
#2047000 1*
#2047625 1!
#2047875 0*
#2048875 1*
#2049500 0! 1"
#2049750 0*
#2050750 1*
#2051375 1!
#2051625 0*
#2052625 1*
#2053750 1)
#2053875 1-
#2054000 0! 0$ 0&
#2054125 1# 1% 1'
#2054875 0)
#2055125 0" 0# 1& 0' 0(
#2055375 0*
#2056375 1*
#2056625 1)
#2056875 1' 1(
#2057000 1! 1" 1# 1$
#2057750 0)
#2059375 1)
#2059625 0! 0#
#2059750 0% 0& 0(
#2060500 0) 0-
#2060750 0" 1# 1& 0' 1(
#2061000 0*
#2062000 1*
#2062625 1!
#2062875 0*
#2063875 1*
#2064375 0!
#2064500 1"
#2064750 0*
#2065750 1*
#2066375 1!
#2066625 0*
#2067625 1*
#2068750 1)
#2068875 1-
#2069000 0! 0$ 0&
#2069125 1% 1'
#2069875 0)
#2070125 0" 1& 0' 0(
#2070375 0*
#2071375 1*
#2071625 1)
#2071875 1! 0# 0% 1'
#2072000 1$
#2072750 0)
#2072875 0! 0$ 0& 0' 1(
#2073125 0*
#2074250 1*
#2074375 1)
#2074625 0(
#2074750 1" 1$ 1'
#2075500 0) 0-
#2075750 0" 0$ 1% 1& 0' 1(
#2076000 0*
#2077000 1*
#2077625 1!
#2077875 0*
#2078875 1*
#2079375 0!
#2079500 1"
#2079750 0*
#2080750 1*
#2081375 1!
#2081625 0*
#2082625 1*
#2083750 1)
#2083875 1-
#2084000 0! 0&
#2084125 1# 1'
#2084875 0)
#2085125 0" 0# 1$ 1& 0' 0(
#2085375 0*
#2086375 1*
#2086625 1)
#2086875 1! 0% 1(
#2087000 0,
#2087625 0)
#2087875 0! 0$ 0&
#2088125 0*
#2089250 1*
#2089375 1)
#2089625 0(
#2089750 1" 1$ 1' 1,
#2090500 0) 0-
#2090750 0" 1# 0$ 1% 1& 0' 1(
#2091000 0*
#2092000 1*
#2092625 1!
#2092875 0*
#2093875 1*
#2094375 0!
#2094500 1"
#2094750 0*
#2095750 1*
#2096375 1!
#2096625 0*
#2097625 1*
#2098750 1)
#2098875 1-
#2099000 0! 0&
#2099125 1'
#2099875 0)
#2100125 0" 1$ 1& 0' 0(
#2100375 0*
#2101375 1*
#2101625 1)
#2101875 1! 1" 0$ 0%
#2102625 0)
#2103000 1$ 1%
#2103250 0+
#2104250 1+
#2104375 1)
#2104625 0! 0# 0% 0&
#2104750 1'
#2105500 0) 0-
#2105625 0'
#2105750 0" 1% 1& 1(
#2106000 0*
#2107000 1*
#2107625 1!
#2107875 0*
#2108875 1*
#2109375 0!
#2109500 1"
#2109750 0*
#2110750 1*
#2111375 1!
#2111625 0*
#2112625 1*
#2113750 1)
#2113875 1-
#2114000 0! 0$ 0&
#2114125 1# 1'
#2114875 0)
#2115125 0" 0# 0% 0(
#2115375 0*
#2116375 1*
#2116625 1)
#2116875 1! 1&
#2117000 1$
#2117625 0)
#2117875 0$ 0& 0' 1(
#2118125 0*
#2119250 1*
#2119375 1)
#2119625 0! 0(
#2119750 1" 1$ 1'
#2120500 0) 0-
#2120625 0'
#2120750 0" 1# 1% 1& 1(
#2121000 0*
#2122000 1*
#2122250 00
#2122625 1!
#2122875 0*
#2123875 1*
#2124375 0!
#2124500 1"
#2124750 0*
#2125750 1*
#2126375 1!
#2126625 0*
#2127625 1*
#2128750 1)
#2128875 1-
#2129000 0! 0$ 0&
#2129125 1'
#2129250 10
#2129875 0)
#2130125 0" 0% 0(
#2130375 0*
#2131375 1*
#2131625 1)
#2131875 1! 0# 1& 0' 1(
#2132000 1$ 0,
#2132750 0)
#2132875 0$ 0&
#2133250 0*
#2134250 1*
#2134375 1)
#2134625 0! 0(
#2134750 1" 1$ 1' 1,
#2135500 0) 0-
#2135750 0" 0$ 1(
#2136000 0*
#2137000 1*
#2137625 1!
#2137875 0*
#2138875 1*
#2139500 0! 1"
#2139750 0*
#2140750 1*
#2141375 1!
#2141625 0*
#2142625 1*
#2143750 1)
#2143875 1-
#2144000 0!
#2144125 1# 1%
#2144875 0)
#2145125 0" 0# 1$ 0% 0(
#2145375 0*
#2146375 1*
#2146625 1)
#2146875 1(
#2147000 1! 1" 1# 1% 1&
#2147750 0)
#2149375 1)
#2149750 0! 0# 0% 0& 0(
#2150500 0) 0-
#2150750 0" 1# 0$ 1(
#2151000 0*
#2152000 1*
#2152625 1!
#2152875 0*
#2153875 1*
#2154500 0! 1"
#2154750 0*
#2155750 1*
#2156375 1!
#2156625 0*
#2157625 1*
#2158750 1)
#2158875 1-
#2159000 0!
#2159125 1%
#2159875 0)
#2160125 0" 1$ 0% 0(
#2160375 0*
#2161375 1*
#2161625 1)
#2161875 0# 0'
#2162000 1&
#2162750 0)
#2163000 1! 1" 1# 1%
#2163250 0*
#2164250 1*
#2164375 1)
#2164625 0!
#2164750 0# 0% 0& 1'
#2165500 0) 0-
#2165750 0" 1(
#2166000 0*
#2167000 1*
#2167625 1!
#2167875 0*
#2168875 1*
#2169500 0!
#2169625 1"
#2169750 0*
#2170750 1*
#2171375 1!
#2171625 0*
#2172625 1*
#2173875 1) 1-
#2174000 0!
#2174125 1# 0$ 1%
#2174875 0)
#2175125 0" 0# 0(
#2175375 0*
#2176375 1*
#2176625 1)
#2177000 1! 1" 1# 1$ 1& 1(
#2177750 0)
#2179500 1)
#2179750 0! 0# 0% 0& 0(
#2180500 0) 0-
#2180750 0" 1(
#2180875 1#
#2181000 0*
#2182125 1*
#2182750 1!
#2182875 0*
#2184000 1*
#2184500 0!
#2184625 1"
#2184750 0*
#2185875 1*
#2186500 1!
#2186625 0*
#2187750 1*
#2188875 1) 1-
#2189125 0! 0$ 1%
#2190000 0)
#2190125 0" 0(
#2190375 0*
#2191500 1*
#2191625 1)
#2192000 1! 1" 1$ 1& 1(
#2192750 0)
#2194500 1)
#2194750 0! 0# 0% 0& 0(
#2195500 0-
#2195625 0)
#2195750 0" 0$
#2195875 1% 1(
#2196125 0*
#2197125 1*
#2197750 1!
#2198000 0*
#2199000 1*
#2199500 0!
#2199625 1"
#2199875 0*
#2200875 1*
#2201500 1!
#2201750 0*
#2202750 1*
#2203875 1) 1-
#2204125 0!
#2204250 1#
#2205000 0)
#2205125 0" 0# 0(
#2205250 1$
#2205500 0*
#2206125 00
#2206500 1*
#2206625 1)
#2206875 0%
#2207000 1" 1&
#2207750 0)
#2208000 0" 0$ 0& 0'
#2208250 0*
#2209250 1*
#2209500 1)
#2209875 1" 1$ 1'
#2210625 0) 0-
#2210750 0" 0$
#2210875 1# 1% 1(
#2211125 0*
#2212125 1*
#2212750 1!
#2213000 0*
#2213125 10
#2214000 1*
#2214500 0!
#2214625 1"
#2214875 0*
#2215875 1*
#2216500 1!
#2216750 0*
#2217750 1*
#2218875 1) 1-
#2219125 0!
#2220000 0)
#2220250 0" 1$ 0(
#2220500 0*
#2221500 1*
#2221750 1)
#2222000 1! 0# 0% 1& 0'
#2222750 0)
#2223125 1" 1# 1%
#2223375 0+
#2224375 1+
#2224500 1)
#2224750 0! 0# 0% 0&
#2224875 1'
#2225625 0) 0-
#2225875 0" 1% 1(
#2226125 0*
#2227125 1*
#2227750 1!
#2228000 0*
#2229000 1*
#2229500 0!
#2229625 1"
#2229875 0*
#2230875 1*
#2231500 1!
#2231750 0*
#2232750 1*
#2233875 1)
#2234000 1-
#2234125 0! 0$
#2234250 1#
#2235000 0)
#2235250 0" 0# 0% 1& 0(
#2235500 0*
#2236500 1*
#2236750 1)
#2237000 0' 1(
#2237125 1" 1$ 0,
#2237875 0)
#2238000 0" 0$ 0& 0(
#2238375 0*
#2239375 1*
#2239500 1)
#2239875 1" 1$ 1'
#2240000 1,
#2240625 0) 0-
#2240875 0" 1# 1% 1(
#2241125 0*
#2242125 1*
#2242750 1!
#2243000 0*
#2244000 1*
#2244625 0! 1"
#2244875 0*
#2245875 1*
#2246500 1!
#2246750 0*
#2247750 1*
#2248875 1)
#2249000 1-
#2249125 0!
#2249250 0$
#2250000 0)
#2250250 0" 0% 1& 0(
#2250500 0*
#2251500 1*
#2251750 1)
#2252125 1! 1" 1$ 1% 1(
#2252875 0)
#2254500 1)
#2254875 0! 0# 0% 0& 0(
#2255625 0) 0-
#2255875 0" 0$ 1& 1(
#2256125 0*
#2257125 1*
#2257750 1!
#2258000 0*
#2259000 1*
#2259625 0!
#2259750 1"
#2259875 0*
#2260875 1*
#2261500 1!
#2261750 0*
#2262750 1*
#2264000 1) 1-
#2264125 0!
#2264250 1# 1% 0&
#2265000 0)
#2265250 0" 0# 0% 1& 0(
#2265375 1$
#2265500 0*
#2266500 1*
#2266750 1)
#2267125 1"
#2267875 0)
#2268125 1! 0" 0$ 0& 0'
#2268375 0*
#2269375 1*
#2269625 1)
#2269750 0!
#2269875 1" 1$ 1'
#2270625 0) 0-
#2270875 0" 0$
#2271000 1# 1& 1(
#2271125 0*
#2272250 1*
#2272875 1!
#2273000 0*
#2274125 1*
#2274625 0!
#2274750 1"
#2274875 0*
#2276000 1*
#2276625 1!
#2276750 0*
#2277875 1*
#2279000 1) 1-
#2279250 0! 1% 0&
#2280125 0)
#2280250 0" 0% 0(
#2280375 1$ 1&
#2280500 0*
#2281625 1*
#2281750 1)
#2282000 0# 0'
#2282125 1"
#2282875 0)
#2283125 1! 1# 1%
#2283375 0*
#2284375 1*
#2284625 1)
#2284875 0! 0# 0% 0& 1'
#2285625 0-
#2285750 0)
#2285875 0"
#2286000 1& 1(
#2286250 0*
#2287250 1*
#2287875 1!
#2288125 0*
#2289125 1*
#2289625 0!
#2289750 1"
#2290000 0* 00
#2291000 1*
#2291625 1!
#2291875 0*
#2292875 1*
#2294000 1) 1-
#2294250 0! 0$ 0&
#2294375 1# 1%
#2295125 0)
#2295250 0" 0# 0(
#2295375 1&
#2295625 0*
#2296625 1*
#2296750 1)
#2297000 0% 0' 10
#2297125 1" 1$ 1(
#2297250 0,
#2297875 0)
#2298125 1! 0" 0$ 0& 0(
#2298375 0*
#2299375 1*
#2299625 1)
#2299875 0!
#2300000 1" 1$ 1' 1,
#2300625 0-
#2300750 0)
#2300875 0"
#2301000 1# 1& 1(
#2301250 0*
#2302250 1*
#2302875 1!
#2303125 0*
#2304125 1*
#2304625 0!
#2304750 1"
#2305000 0*
#2306000 1*
#2306625 1!
#2306875 0*
#2307875 1*
#2309000 1) 1-
#2309250 0! 0$ 0&
#2309375 1%
#2310125 0)
#2310250 0" 0(
#2310375 1&
#2310625 0*
#2311625 1*
#2311750 1)
#2312125 1! 1" 1$ 1(
#2312875 0)
#2314625 1)
#2314875 0! 0# 0% 0& 0(
#2315625 0-
#2315750 0)
#2315875 0" 0$
#2316000 1% 1& 1(
#2316250 0*
#2317250 1*
#2317875 1!
#2318125 0*
#2319125 1*
#2319625 0!
#2319750 1"
#2320000 0*
#2321000 1*
#2321625 1!
#2321875 0*
#2322875 1*
#2324000 1) 1-
#2324250 0! 0&
#2324375 1#
#2325125 0)
#2325250 0" 0# 0(
#2325375 1$ 1&
#2325625 0*
#2326625 1*
#2326750 1)
#2327125 1! 1" 1# 1(
#2327875 0)
#2329625 1)
#2329875 0! 0# 0% 0& 0(
#2330625 0-
#2330750 0)
#2330875 0"
#2331000 1# 0$ 1% 1& 1(
#2331250 0*
#2332250 1*
#2332875 1!
#2333125 0*
#2334125 1*
#2334625 0!
#2334750 1"
#2335000 0*
#2336000 1*
#2336625 1!
#2336875 0*
#2337875 1*
#2339000 1) 1-
#2339250 0! 0&
#2340125 0)
#2340250 0" 0(
#2340375 1$ 1&
#2340625 0*
#2341625 1*
#2341750 1)
#2342125 1! 1" 0# 0% 0'
#2342875 0)
#2343125 1%
#2343250 1#
#2343375 0+
#2344375 1+
#2344625 1)
#2344875 0! 0# 0% 0& 1'
#2345625 0-
#2345750 0)
#2345875 0"
#2346000 1% 1& 1(
#2346250 0*
#2347250 1*
#2347875 1!
#2348125 0*
#2349125 1*
#2349625 0!
#2349750 1"
#2350000 0*
#2351000 1*
#2351625 1!
#2351875 0*
#2352875 1*
#2354000 1) 1-
#2354375 1#
#2355125 0)
#2355625 0+
#2356625 1+
#2356750 1)
#2357875 0)
#2359625 1)
#2359875 0! 0# 0% 0& 0(
#2360625 0-
#2360750 0)
#2360875 0"
#2361000 1# 1% 1& 1(
#2361250 0*
#2362250 1*
#2362875 1!
#2363125 0*
#2364125 1*
#2364625 0!
#2364750 1"
#2365000 0*
#2366000 1*
#2366625 1!
#2366875 0*
#2367875 1*
#2369000 1) 1-
#2369250 0! 0$ 0&
#2370125 0)
#2370250 0" 0# 0% 0' 0(
#2370625 0*
#2371625 1*
#2372250 1!
#2372500 0*
#2373500 1*
#2373875 00
#2374000 0!
#2374125 1"
#2374375 0*
#2375125 1)
#2375375 1( 1*
#2375500 1# 1% 1'
#2376250 0)
#2376375 0" 0# 0% 0' 0(
#2376625 0*
#2377625 1*
#2378375 1!
#2378500 0*
#2379500 1*
#2380125 0!
#2380250 1"
#2380375 0*
#2380750 10
#2381125 1)
#2381375 1*
#2381500 1$ 1& 1'
#2382250 0)
#2382500 0" 0$ 0& 0' 1(
#2382750 0*
#2383750 1*
#2384000 1)
#2384250 1'
#2384375 1$ 1%
#2385125 0)
#2385250 0$ 0% 0' 0(
#2385375 1! 1#
#2385625 0*
#2386625 1*
#2387250 1%
#2387500 0*
#2388500 1*
#2388625 1)
#2388875 0!
#2389000 1' 1(
#2389750 0)
#2390000 1! 0% 0' 0(
#2390250 0*
#2391250 1*
#2391500 1)
#2391750 0! 0# 1% 1' 1(
#2391875 1$
#2392625 0)
#2392750 0$ 0% 0' 0(
#2392875 1! 1#
#2393125 0*
#2394125 1*
#2394750 1%
#2395000 0*
#2396000 1*
#2396125 1)
#2396375 0!
#2396500 1' 1(
#2397250 0)
#2397500 1! 0% 0' 0(
#2397750 0*
#2398750 1*
#2399000 1)
#2399250 0! 1% 1' 1(
#2399375 1"
#2400125 0)
#2400250 0" 0# 0% 0' 0(
#2400500 0*
#2401625 1*
#2402250 1!
#2402375 0*
#2403500 1*
#2404000 0!
#2404125 1"
#2404250 0*
#2405125 1)
#2405250 1*
#2405375 1# 1% 1' 1(
#2406125 0)
#2406375 0" 0# 0% 0' 0(
#2406625 0*
#2407625 1*
#2408250 1!
#2408500 0*
#2409500 1*
#2410125 0! 1"
#2410375 0*
#2411625 1)
#2411875 1*
#2412375 1& 1(
#2412500 1$ 0,
#2413125 0)
#2413375 0" 0$ 0&
#2413625 0*
#2414625 1*
#2415375 1)
#2415750 1$ 1% 1' 1,
#2416500 0)
#2417125 0$ 0% 0' 0(
#2417250 1! 1#
#2417375 0*
#2418375 1*
#2419125 1%
#2419250 0*
#2420250 1*
#2420500 1)
#2420750 0!
#2420875 1' 1(
#2421625 0)
#2421750 0' 0(
#2421875 1! 0%
#2422125 0*
#2423125 1*
#2423375 1)
#2423500 0!
#2423625 0# 1$ 1% 1' 1(
#2424375 0)
#2424625 1! 0$ 0% 0' 0(
#2424750 1#
#2424875 0*
#2425875 1*
#2426625 1%
#2426750 0*
#2427750 1*
#2428000 1)
#2428250 0!
#2428375 1' 1(
#2429125 0)
#2429250 0' 0(
#2429375 1! 0%
#2429625 0*
#2430625 1*
#2430750 1)
#2431000 0!
#2431125 1" 1% 1' 1(
#2431875 0)
#2432125 0" 0# 0% 0' 0(
#2432375 0*
#2433375 1*
#2434000 1!
#2434250 0*
#2435250 1*
#2435875 0! 1"
#2436125 0*
#2436875 1)
#2437125 1*
#2437250 1# 1% 1' 1(
#2438000 0)
#2438250 0" 0# 0% 0' 0(
#2438500 0*
#2439500 1*
#2440125 1!
#2440375 0*
#2441375 1*
#2441875 0!
#2442000 1"
#2442250 0*
#2443000 1)
#2443250 1*
#2443375 1$ 1& 1'
#2444125 0)
#2444250 0" 0$ 0& 0'
#2444375 1! 1(
#2444625 0*
#2445625 1*
#2445750 1)
#2446000 0!
#2446125 1$ 1% 1'
#2446875 0)
#2447125 1! 1# 0$ 0% 0' 0(
#2447375 0*
#2448375 1*
#2449000 1%
#2449250 0*
#2450250 1*
#2450500 1)
#2450750 0! 1' 1(
#2451625 0)
#2451750 0% 0' 0(
#2451875 1!
#2452125 0*
#2453125 1*
#2453250 1)
#2453500 0! 0#
#2453625 1$ 1% 1' 1(
#2454375 0)
#2454625 1! 1# 0$ 0% 0' 0(
#2454875 0*
#2455875 1*
#2456500 1%
#2456750 0*
#2457625 00
#2457750 1*
#2458000 1)
#2458250 0! 1' 1(
#2459125 0)
#2459250 0% 0' 0(
#2459375 1!
#2459625 0*
#2460625 1*
#2460750 1)
#2461000 0!
#2461125 1" 1% 1' 1(
#2461875 0)
#2462125 0" 0# 0% 0' 0(
#2462375 0*
#2463375 1*
#2464000 1!
#2464250 0*
#2464625 10
#2465250 1*
#2465750 0!
#2465875 1"
#2466125 0*
#2466875 1)
#2467125 1*
#2467250 1# 1% 1' 1(
#2468000 0)
#2468125 0# 0% 0' 0(
#2468250 0"
#2468500 0*
#2469500 1*
#2470125 1!
#2470375 0*
#2471375 1*
#2471875 0!
#2472000 1"
#2472250 0*
#2473000 1)
#2473250 1& 1( 1*
#2473375 1$ 0,
#2474125 0)
#2474250 0" 0$ 0&
#2474375 1!
#2474500 0*
#2475625 1*
#2475750 1)
#2476000 0!
#2476125 1$ 1% 1' 1,
#2476875 0)
#2477125 1! 1# 0$ 0% 0' 0(
#2477375 0*
#2478375 1*
#2479000 1%
#2479250 0*
#2480250 1*
#2480500 1)
#2480625 0!
#2480750 1' 1(
#2481500 0)
#2481750 1! 0% 0' 0(
#2482000 0*
#2483000 1*
#2483250 1)
#2483500 0! 0#
#2483625 1$ 1% 1' 1(
#2484375 0)
#2484500 0' 0(
#2484625 1! 1# 0$ 0%
#2484875 0*
#2485875 1*
#2486500 1%
#2486750 0*
#2487750 1*
#2488000 1)
#2488125 0!
#2488250 1' 1(
#2489000 0)
#2489250 1! 0% 0' 0(
#2489500 0*
#2490500 1*
#2490750 1)
#2506125 1" 1$ 1% 1& 1' 1(
#2506875 0)
#2508625 1)
#2510625 0)
#2512250 1)
#2515375 0! 0$ 0&
#2516250 0)
#2516375 0(
#2516500 0" 0# 0% 0'
#2516750 0*
#2517750 1*
#2517875 1)
#2518250 1! 1" 1# 1$ 1% 1& 1' 1(
#2519000 0)
#2520750 1)
#2521875 0)
#2522375 0+
#2523375 1+
#2524250 0+
#2525250 1+
#2526125 0+
#2527125 1+
#2528000 0+
#2529000 1+
#2530125 1)
#2530375 0! 0$ 0&
#2531250 0)
#2531375 0% 0' 0(
#2531500 0"
#2531750 0*
#2532750 1*
#2532875 1)
#2533250 1! 1" 1$ 1% 1& 1' 1(
#2534000 0)
#2535750 1)
#2536000 0# 0% 0& 0(
#2536875 0) 0-
#2537000 0! 0" 0$ 0'
#2537375 0*
#2538375 1*
#2539000 1!
#2539250 0*
#2540250 1*
#2540750 0!
#2540875 1"
#2541125 0*
#2541500 00
#2542125 1*
#2542750 1!
#2543000 0*
#2544000 1*
#2545125 1) 1-
#2545375 0! 1(
#2545500 1# 1% 1'
#2546250 0)
#2546375 0# 0% 0' 0(
#2546500 0" 1$
#2546750 0*
#2547750 1*
#2547875 1)
#2548250 1! 1" 1& 1'
#2548500 10
#2549000 0)
#2549250 0! 0" 0$ 0& 0'
#2549500 0*
#2550500 1*
#2550750 1)
#2551000 1!
#2551125 1" 1$ 1'
#2551875 0) 0-
#2552000 0! 0" 0$ 0'
#2552125 1#
#2552375 0*
#2553375 1*
#2554000 1!
#2554250 0*
#2555250 1*
#2555750 0!
#2555875 1"
#2556125 0*
#2557125 1*
#2557750 1!
#2558000 0*
#2559000 1*
#2560125 1) 1-
#2560375 0!
#2560500 1% 1' 1(
#2561250 0)
#2561375 0% 0' 0(
#2561500 0" 1$
#2561750 0*
#2562750 1*
#2563000 1)
#2563250 1&
#2564000 0)
#2564250 1!
#2564375 1" 1%
#2564500 0*
#2565500 1*
#2565750 1)
#2566000 0# 0% 0&
#2566125 1'
#2566875 0) 0-
#2567000 0! 0" 0'
#2567375 0*
#2568375 1*
#2569000 1!
#2569250 0*
#2570250 1*
#2570750 0!
#2570875 1"
#2571125 0*
#2572125 1*
#2572750 1!
#2573000 0*
#2574000 1*
#2575125 1) 1-
#2575375 0! 0$
#2575500 1# 1% 1' 1(
#2576250 0)
#2576375 0# 0' 0(
#2576500 0"
#2576750 0*
#2577750 1*
#2578000 1)
#2578250 1! 1" 1$ 0% 1& 1(
#2578375 0,
#2579000 0)
#2579250 0! 0" 0$ 0& 0(
#2579500 0*
#2580500 1*
#2580750 1)
#2581125 1! 1" 1$ 1' 1,
#2581875 0) 0-
#2582000 0! 0" 0'
#2582125 1#
#2582375 0*
#2583375 1*
#2584000 1!
#2584250 0*
#2585250 1*
#2585750 0!
#2585875 1"
#2586125 0*
#2587125 1*
#2587750 1!
#2588000 0*
#2589000 1*
#2590125 1)
#2590250 1-
#2590375 0! 0$
#2590500 1% 1' 1(
#2591250 0)
#2591375 0(
#2591500 0" 0'
#2591750 0*
#2592750 1*
#2593000 1)
#2593250 1! 1" 1& 1' 1(
#2593375 1$
#2594125 0)
#2595750 1)
#2596000 0% 0& 0(
#2596125 0#
#2596875 0) 0-
#2597125 0! 0" 0$ 1% 0'
#2597375 0*
#2598375 1*
#2599000 1!
#2599250 0*
#2600250 1*
#2600875 0! 1"
#2601125 0*
#2602125 1*
#2602750 1!
#2603000 0*
#2604000 1*
#2605125 1)
#2605250 1-
#2605375 0!
#2605500 1# 1' 1(
#2606250 0)
#2606500 0" 0# 1$ 0' 0(
#2606750 0*
#2607750 1*
#2608000 1)
#2608250 1! 0% 1'
#2608375 1" 1&
#2609125 0)
#2609250 0" 0$ 0& 0'
#2609625 0*
#2610625 1*
#2610750 1)
#2611125 1" 1$ 1'
#2611875 0) 0-
#2612125 0! 0" 0$ 1% 0'
#2612250 1#
#2612375 0*
#2613375 1*
#2614000 1!
#2614250 0*
#2615250 1*
#2615875 0! 1"
#2616125 0*
#2617125 1*
#2617750 1!
#2618000 0*
#2619000 1*
#2620250 1) 1-
#2620375 0!
#2620500 1' 1(
#2621250 0)
#2621500 0" 1$ 0' 0(
#2621750 0*
#2622750 1*
#2623000 1)
#2623250 0%
#2623375 1! 1&
#2624125 0)
#2624375 1" 1%
#2624625 0+
#2625375 00
#2625625 1+
#2625750 1)
#2626125 0# 0% 0& 1'
#2626875 0) 0-
#2627125 0! 0" 0'
#2627250 1%
#2627375 0*
#2628375 1*
#2629000 1!
#2629250 0*
#2630250 1*
#2630875 0!
#2631000 1"
#2631125 0*
#2632125 1*
#2632375 10
#2632750 1!
#2633000 0*
#2634000 1*
#2635250 1) 1-
#2635500 0! 1# 0$ 1' 1(
#2636250 0)
#2636500 0" 0# 0% 0' 0(
#2636625 1&
#2636750 0*
#2637875 1*
#2638000 1)
#2638375 1! 1" 1$ 1( 0,
#2639125 0)
#2639375 0" 0$ 0& 0(
#2639625 0*
#2640625 1*
#2640875 1)
#2641125 1" 1$ 1'
#2641250 1,
#2641875 0-
#2642000 0)
#2642125 0! 0" 0'
#2642250 1# 1%
#2642375 0*
#2643500 1*
#2644125 1!
#2644250 0*
#2645375 1*
#2645875 0!
#2646000 1"
#2646250 0*
#2647250 1*
#2647875 1!
#2648125 0*
#2649125 1*
#2650250 1) 1-
#2650500 0! 0$ 1' 1(
#2651375 0)
#2651500 0" 0% 0' 0(
#2651625 1&
#2651875 0*
#2652875 1*
#2653000 1)
#2653375 1! 1" 1$ 1% 1' 1(
#2654125 0)
#2655875 1)
#2656125 0# 0% 0& 0(
#2656875 0-
#2657000 0)
#2657125 0! 0" 0$ 0'
#2657250 1&
#2657500 0*
#2658500 1*
#2659125 1!
#2659375 0*
#2660375 1*
#2660875 0!
#2661000 1"
#2661250 0*
#2662250 1*
#2662875 1!
#2663125 0*
#2664125 1*
#2665250 1) 1-
#2665500 0! 0& 1(
#2665625 1# 1% 1'
#2666375 0)
#2666500 0# 0% 0' 0(
#2666625 0" 1$ 1&
#2666875 0*
#2667875 1*
#2668125 1)
#2668375 1! 1" 1# 1% 1' 1(
#2669125 0)
#2670875 1)
#2671125 0# 0% 0& 0(
#2672000 0) 0-
#2672125 0! 0"
#2672250 1# 0$ 1& 0'
#2672500 0*
#2673500 1*
#2674125 1!
#2674375 0*
#2675375 1*
#2675875 0!
#2676000 1"
#2676250 0*
#2677250 1*
#2677875 1!
#2678125 0*
#2679125 1*
#2680250 1)
#2680375 1-
#2680500 0! 0&
#2680625 1% 1' 1(
#2681375 0)
#2681500 0(
#2681625 0" 1$ 0% 1& 0'
#2681875 0*
#2682875 1*
#2683125 1)
#2683375 1"
#2684125 0)
#2684500 1! 1%
#2684625 0*
#2685750 1*
#2685875 1)
#2686125 0# 0% 0&
#2686250 1'
#2687000 0) 0-
#2687250 0! 0" 1& 0'
#2687500 0*
#2688500 1*
#2689125 1!
#2689375 0*
#2690375 1*
#2691000 0! 1"
#2691250 0*
#2692250 1*
#2692875 1!
#2693125 0*
#2694125 1*
#2695250 1)
#2695375 1-
#2695500 0! 0$ 0&
#2695625 1# 1% 1' 1(
#2696375 0)
#2696625 0" 0# 1& 0' 0(
#2696875 0*
#2697875 1*
#2698125 1)
#2698375 1(
#2698500 1! 1" 1# 1$ 1'
#2699250 0)
#2700875 1)
#2701250 0# 0% 0& 0(
#2702000 0) 0-
#2702250 0! 0" 1# 1& 0'
#2702500 0*
#2703500 1*
#2704125 1!
#2704375 0*
#2705375 1*
#2706000 0! 1"
#2706250 0*
#2707250 1*
#2707875 1!
#2708125 0*
#2709125 1*
#2709250 00
#2710375 1) 1-
#2710500 0!
#2710625 0$ 1% 0& 1' 1(
#2711375 0)
#2711625 0" 1& 0' 0(
#2711875 0*
#2712875 1*
#2713125 1)
#2713375 0# 0%
#2713500 1! 1" 1$ 1'
#2714250 0)
#2714375 0! 0"
#2714500 0$ 0& 0' 1(
#2714750 0*
#2715750 1*
#2716000 1)
#2716125 0( 10
#2716250 1! 1" 1$ 1'
#2717000 0) 0-
#2717250 0! 0" 0$ 1& 0'
#2717375 1%
#2717500 0*
#2718500 1*
#2719125 1!
#2719375 0*
#2720375 1*
#2721000 0!
#2721125 1"
#2721250 0*
#2722250 1*
#2722875 1!
#2723125 0*
#2724125 1*
#2725375 1) 1-
#2725625 0! 1# 0& 1' 1(
#2726375 0)
#2726625 0" 0# 0' 0(
#2726750 1$ 1&
#2726875 0*
#2727875 1*
#2728125 1)
#2728375 0%
#2728500 1! 1" 1( 0,
#2729250 0)
#2729375 0!
#2729500 0" 0$ 0&
#2729750 0*
#2730750 1*
#2731000 1)
#2731250 1! 1" 1$ 1' 0(
#2731375 1,
#2732000 0) 0-
#2732250 0! 0" 0$ 0'
#2732375 1# 1% 1&
#2732500 0*
#2733625 1*
#2734250 1!
#2734375 0*
#2735500 1*
#2736000 0!
#2736125 1"
#2736250 0*
#2737375 1*
#2738000 1!
#2738125 0*
#2739250 1*
#2740375 1) 1-
#2740625 0! 0& 1' 1(
#2741500 0)
#2741625 0" 0' 0(
#2741750 1$ 1&
#2741875 0*
#2743000 1*
#2743125 1)
#2743375 0%
#2743500 1! 1"
#2744250 0)
#2744500 1%
#2744750 0+
#2745750 1+
#2746000 1)
#2746250 0# 0% 0& 1'
#2747000 0-
#2747125 0)
#2747250 0! 0" 0'
#2747375 1% 1&
#2747625 0*
#2748625 1*
#2749250 1!
#2749500 0*
#2750500 1*
#2751000 0!
#2751125 1"
#2751375 0*
#2752375 1*
#2753000 1!
#2753250 0*
#2754250 1*
#2755375 1) 1-
#2755625 0! 0$ 0& 1' 1(
#2755750 1#
#2756500 0)
#2756625 0" 0# 0% 0(
#2756875 0*
#2758000 1*
#2758125 1)
#2758500 1! 1" 1$ 1&
#2759250 0)
#2759500 0" 0$ 0& 0' 1(
#2759750 0*
#2760750 1*
#2761000 1)
#2761250 1" 1' 0(
#2761375 1$
#2762000 0-
#2762125 0)
#2762250 0! 0" 0'
#2762375 1# 1% 1&
#2762625 0*
#2763625 1*
#2764250 1!
#2764500 0*
#2765500 1*
#2766000 0!
#2766125 1"
#2766375 0*
#2767375 1*
#2768000 1!
#2768250 0*
#2769250 1*
#2770375 1) 1-
#2770625 0! 0$ 0& 1' 1(
#2771500 0)
#2771625 0" 0% 0(
#2772000 0*
#2773000 1*
#2773125 1)
#2773375 0# 0'
#2773500 1! 1" 1$ 1& 1(
#2773625 0,
#2774250 0)
#2774500 0" 0$ 0&
#2774750 0*
#2775750 1*
#2776000 1)
#2776250 1" 1' 0(
#2776375 1$ 1,
#2777000 0-
#2777125 0)
#2777250 0! 0" 0$
#2777625 0*
#2778625 1*
#2779250 1!
#2779500 0*
#2780500 1*
#2781000 0!
#2781125 1"
#2781375 0*
#2782375 1*
#2783000 1!
#2783250 0*
#2784250 1*
#2785375 1) 1-
#2785625 0! 1(
#2785750 1# 1%
#2786500 0)
#2786625 0" 0# 0% 0(
#2786750 1$
#2787000 0*
#2788000 1*
#2788125 1)
#2788500 1! 1" 1# 1% 1& 1(
#2789250 0)
#2791000 1)
#2791250 0# 0% 0& 0(
#2792000 0-
#2792125 0)
#2792250 0! 0" 0$
#2792375 1#
#2792625 0*
#2793125 00
#2793625 1*
#2794250 1!
#2794500 0*
#2795500 1*
#2796000 0!
#2796125 1"
#2796375 0*
#2797375 1*
#2798000 1!
#2798250 0*
#2799250 1*
#2800000 10
#2800375 1) 1-
#2800625 0! 1% 1(
#2801500 0)
#2801625 0" 0% 0(
#2801750 1$
#2801875 0*
#2803000 1*
#2803125 1)
#2803375 0# 0$ 0'
#2803500 1% 1&
#2804250 0)
#2804500 1! 1" 1# 1$
#2804750 0*
#2805750 1*
#2806000 1)
#2806250 0# 0% 0& 1'
#2807000 0-
#2807125 0)
#2807250 0! 0"
#2807500 0*
#2808625 1*
#2809250 1!
#2809375 0*
#2810500 1*
#2811000 0!
#2811125 1"
#2811250 0*
#2812375 1*
#2813000 1!
#2813125 0*
#2814250 1*
#2815375 1) 1-
#2815625 0! 1# 0$ 1% 1(
#2816375 0)
#2816625 0" 0# 0(
#2816875 0*
#2818000 1*
#2818125 1)
#2818500 1! 1" 1# 1$ 1& 1(
#2819250 0)
#2821000 1)
#2821250 0# 0% 0& 0(
#2822000 0) 0-
#2822250 0! 0"
#2822375 1#
#2822500 0*
#2823500 1*
#2824125 1!
#2824375 0*
#2825375 1*
#2826000 0!
#2826125 1"
#2826250 0*
#2827250 1*
#2827875 1!
#2828125 0*
#2829125 1*
#2830375 1) 1-
#2830625 0! 0$ 1% 1(
#2831375 0)
#2831625 0" 0(
#2831875 0*
#2832875 1*
#2833125 1)
#2833500 1! 1" 1$ 1& 1(
#2834250 0)
#2836000 1)
#2836250 0# 0% 0& 0(
#2837000 0) 0-
#2837250 0! 0" 0$
#2837375 1%
#2837500 0*
#2838500 1*
#2839125 1!
#2839375 0*
#2840375 1*
#2841000 0!
#2841125 1"
#2841250 0*
#2842250 1*
#2842875 1!
#2843125 0*
#2844125 1*
#2845375 1) 1-
#2845500 0!
#2845625 1# 1(
#2846375 0)
#2846625 0" 0# 1$ 0(
#2846875 0*
#2847875 1*
#2848125 1)
#2848375 0%
#2848500 1# 1&
#2849250 0)
#2849375 0# 0$ 0&
#2849500 0'
#2849750 0*
#2850750 1*
#2850875 1)
#2851250 1! 1" 1$ 1'
#2852000 0) 0-
#2852250 0! 0" 0$
#2852375 1# 1%
#2852500 0*
#2853500 1*
#2854125 1!
#2854375 0*
#2855375 1*
#2856000 0! 1"
#2856250 0*
#2857250 1*
#2857875 1!
#2858125 0*
#2859125 1*
#2860250 1)
#2860375 1-
#2860500 0!
#2860625 1(
#2861375 0)
#2861625 0" 1$ 0(
#2861875 0*
#2862875 1*
#2863125 1)
#2863375 1! 0# 0$ 1& 0'
#2864250 0)
#2864500 1" 1# 1$
#2864750 0+
#2865750 1+
#2865875 1)
#2866125 0# 0% 0&
#2866250 1'
#2867000 0) 0-
#2867250 0! 0" 1%
#2867500 0*
#2868500 1*
#2869125 1!
#2869375 0*
#2870375 1*
#2871000 0! 1"
#2871250 0*
#2872250 1*
#2872875 1!
#2873125 0*
#2874125 1*
#2875250 1)
#2875375 1-
#2875500 0! 0$
#2875625 1# 1(
#2876375 0)
#2876625 0" 0# 0% 1& 0(
#2876875 0* 00
#2877875 1*
#2878125 1)
#2878375 1# 1$ 0' 1(
#2878500 0,
#2879250 0)
#2879375 0# 0$ 0& 0(
#2879625 0*
#2880750 1*
#2880875 1)
#2881250 1! 1" 1$ 1' 1,
#2882000 0) 0-
#2882125 0! 0"
#2882250 1# 1%
#2882500 0*
#2883500 1*
#2883875 10
#2884125 1!
#2884375 0*
#2885375 1*
#2885875 0!
#2886000 1"
#2886250 0*
#2887250 1*
#2887875 1!
#2888125 0*
#2889125 1*
#2890250 1)
#2890375 1-
#2890500 0! 0$
#2890625 1(
#2891375 0)
#2891500 0(
#2891625 0" 0% 1&
#2891875 0*
#2892875 1*
#2893125 1)
#2893375 1! 1" 1$ 1% 1(
#2894125 0)
#2895875 1)
#2896125 0# 0% 0& 0(
#2897000 0) 0-
#2897125 0! 0"
#2897250 0$ 1&
#2897500 0*
#2898500 1*
#2899125 1!
#2899375 0*
#2900375 1*
#2900875 0!
#2901000 1"
#2901250 0*
#2902250 1*
#2902875 1!
#2903125 0*
#2904125 1*
#2905250 1) 1-
#2905500 0! 0& 1(
#2905625 1# 1%
#2906375 0)
#2906500 0# 0% 0(
#2906625 0" 1$ 1&
#2906875 0*
#2907875 1*
#2908000 1)
#2908375 1#
#2909125 0)
#2909375 1! 0# 0$ 0& 0'
#2909625 0*
#2910625 1*
#2910875 1)
#2911250 1" 1$ 1'
#2912000 0) 0-
#2912125 0! 0" 0$
#2912250 1# 1&
#2912500 0*
#2913500 1*
#2914125 1!
#2914375 0*
#2915375 1*
#2915875 0!
#2916000 1"
#2916250 0*
#2917250 1*
#2917875 1!
#2918125 0*
#2919125 1*
#2920250 1) 1-
#2920500 0! 0& 1(
#2920625 1%
#2921375 0)
#2921500 0" 0% 0(
#2921625 1$ 1&
#2921875 0*
#2922875 1*
#2923000 1)
#2923250 0# 0$ 0'
#2923375 1" 1%
#2924125 0)
#2924375 1! 1# 1$
#2924625 0*
#2925625 1*
#2925875 1)
#2926125 0# 0% 0& 1'
#2926875 0-
#2927000 0)
#2927125 0! 0"
#2927250 1&
#2927500 0*
#2928500 1*
#2929125 1!
#2929375 0*
#2930375 1*
#2930875 0!
#2931000 1"
#2931250 0*
#2932250 1*
#2932875 1!
#2933125 0*
#2934125 1*
#2935250 1) 1-
#2935500 0! 0$ 0& 1(
#2935625 1# 1%
#2936375 0)
#2936500 0" 0# 0(
#2936625 1&
#2936875 0*
#2937875 1*
#2938000 1)
#2938250 0% 0'
#2938375 1# 1$ 1(
#2938500 0,
#2939125 0)
#2939375 1! 0# 0$ 0& 0(
#2939625 0*
#2940625 1*
#2940875 1)
#2941125 1'
#2941250 1" 1$ 1,
#2941875 0-
#2942000 0)
#2942125 0! 0"
#2942250 1# 1&
#2942500 0*
#2943500 1*
#2944125 1!
#2944375 0*
#2945375 1*
#2945875 0!
#2946000 1"
#2946250 0*
#2947250 1*
#2947875 1!
#2948125 0*
#2949125 1*
#2950250 1) 1-
#2950500 0! 0$ 1% 0& 1(
#2951375 0)
#2951500 0" 0(
#2951625 1&
#2951875 0*
#2952875 1*
#2953000 1)
#2953375 1! 1" 1$ 1(
#2954125 0)
#2955875 1)
#2956125 0# 0% 0& 0(
#2956875 0-
#2957000 0)
#2957125 0! 0" 0$
#2957250 1% 1&
#2957375 0*
#2958500 1*
#2959125 1!
#2959250 0*
#2960375 1*
#2960750 00
#2960875 0!
#2961000 1"
#2961250 0*
#2962250 1*
#2962875 1!
#2963000 0*
#2964125 1*
#2965250 1) 1-
#2965500 0! 1# 0& 1(
#2966375 0)
#2966500 0" 0# 0(
#2966625 1$ 1&
#2966750 0*
#2967750 10
#2967875 1*
#2968000 1)
#2968375 1! 1" 1# 1(
#2969125 0)
#2970875 1)
#2971125 0# 0% 0& 0(
#2971875 0-
#2972000 0)
#2972125 0! 0" 0$
#2972250 1# 1% 1&
#2972375 0*
#2973500 1*
#2974125 1!
#2974375 0*
#2975375 1*
#2975875 0!
#2976000 1"
#2976125 0*
#2977250 1*
#2977875 1!
#2978125 0*
#2979125 1*
#2980250 1) 1-
#2980500 0! 0& 1(
#2981375 0)
#2981500 0" 0(
#2981625 1$ 1&
#2981875 0*
#2982875 1*
#2983000 1)
#2983250 0# 0$ 0'
#2983375 1! 1"
#2984125 0)
#2984375 1# 1$
#2984625 0+
#2985625 1+
#2985875 1)
#2986125 0# 0% 0& 1'
#2986875 0-
#2987000 0)
#2987125 0! 0"
#2987250 1% 1&
#2987500 0*
#2988500 1*
#2989125 1!
#2989375 0*
#2990375 1*
#2990875 0!
#2991000 1"
#2991250 0*
#2992250 1*
#2992875 1!
#2993125 0*
#2994125 1*
#2995250 1) 1-
#2995500 1(
#2995625 1#
#2996375 0)
#2996875 0+
#2997875 1+
#2998000 1)
#2999125 0)
#3000875 1)
#3001125 0# 0% 0& 0(
#3001875 0-
#3002000 0)
#3002125 0! 0"
#3002250 1# 1% 1&
#3002500 0*
#3003500 1*
#3004125 1!
#3004375 0*
#3005375 1*
#3005875 0!
#3006000 1"
#3006250 0*
#3007250 1*
#3007875 1!
#3008125 0*
#3009125 1*
#3010250 1) 1-
#3010500 0! 0$ 0& 1(
#3011375 0)
#3011500 0" 0# 0% 0' 0(
#3011875 0*
#3012875 1*
#3013500 1!
#3013750 0*
#3014750 1*
#3015250 0!
#3015375 1"
#3015625 0*
#3016375 1)
#3016625 1*
#3016750 1# 1% 1' 1(
#3017500 0)
#3017625 0" 0# 0% 0' 0(
#3017875 0*
#3019000 1*
#3019625 1!
#3019750 0*
#3020875 1*
#3021375 0!
#3021500 1"
#3021625 0*
#3022500 1)
#3022625 0" 1*
#3022750 1# 1$ 1& 1'
#3023500 0)
#3023750 0# 0$ 0& 0' 1(
#3024000 0*
#3025000 1*
#3025250 1)
#3025625 1$ 1% 1'
#3026375 0)
#3026500 0$ 0% 0' 0(
#3026625 1" 1#
#3026875 0*
#3027875 1*
#3028500 1%
#3028750 0*
#3029750 1*
#3030000 1)
#3030125 0"
#3030250 1' 1(
#3031000 0)
#3031250 1" 0% 0' 0(
#3031500 0*
#3032500 1*
#3032750 1)
#3033000 0" 0#
#3033125 1$ 1% 1' 1(
#3033875 0)
#3034000 0% 0' 0(
#3034125 1" 1# 0$
#3034375 0*
#3035375 1*
#3036000 1%
#3036250 0*
#3037250 1*
#3037500 1)
#3037750 0" 1' 1(
#3038500 0)
#3038750 0% 0' 0(
#3038875 1"
#3039000 0*
#3040000 1*
#3040250 1)
#3040625 1% 1' 1(
#3041375 0)
#3041500 0(
#3041625 0" 0# 0% 0'
#3041875 0*
#3042875 1*
#3043500 1!
#3043750 0*
#3044625 00
#3044750 1*
#3045250 0!
#3045375 1"
#3045625 0*
#3046375 1)
#3046625 1*
#3046750 1# 1% 1' 1(
#3047500 0)
#3047625 0# 0% 0' 0(
#3047750 0"
#3048000 0*
#3049000 1*
#3049625 1!
#3049875 0*
#3050875 1*
#3051375 0!
#3051500 1"
#3051625 10
#3051750 0*
#3053000 1)
#3053250 1*
#3053625 0"
#3053750 1# 1$ 1& 1(
#3053875 0,
#3054500 0)
#3054750 0# 0$ 0&
#3055000 0*
#3056000 1*
#3056750 1)
#3057000 1$ 1% 1'
#3057125 1,
#3057750 0)
#3058500 1" 1# 0$ 0% 0' 0(
#3058750 0*
#3059750 1*
#3060375 1%
#3060625 0*
#3061625 1*
#3061875 1)
#3062125 0" 1' 1(
#3063000 0)
#3063125 0% 0' 0(
#3063250 1"
#3063500 0*
#3064500 1*
#3064625 1)
#3064875 0" 0#
#3065000 1$ 1% 1' 1(
#3065750 0)
#3066000 1" 1# 0$ 0% 0' 0(
#3066250 0*
#3067250 1*
#3067875 1%
#3068125 0*
#3069125 1*
#3069375 1)
#3069625 0" 1(
#3069750 1'
#3070500 0)
#3070625 0' 0(
#3070750 1" 0%
#3071000 0*
#3072000 1*
#3072125 1)
#3072500 1% 1' 1(
#3073250 0)
#3073500 0" 0# 0% 0' 0(
#3073750 0*
#3074750 1*
#3075375 1!
#3075625 0*
#3076625 1*
#3077250 0!
#3077375 1"
#3077500 0*
#3078250 1)
#3078500 1*
#3078625 1# 1% 1' 1(
#3079375 0)
#3079625 0" 0# 0% 0' 0(
#3079875 0*
#3080875 1*
#3081500 1!
#3081750 0*
#3082750 1*
#3083375 0! 1"
#3083625 0*
#3084375 1)
#3084625 0" 1*
#3084750 1# 1$ 1& 1'
#3085500 0)
#3085750 1! 0# 0$ 0& 0' 1(
#3086000 0*
#3087000 1*
#3087250 1)
#3087500 0! 1$ 1% 1'
#3088250 0)
#3088500 0$ 0% 0' 0(
#3088625 1" 1#
#3088750 0*
#3089875 1*
#3090500 1%
#3090625 0*
#3091750 1*
#3091875 1)
#3092125 0"
#3092250 1' 1(
#3093000 0)
#3093250 1" 0% 0' 0(
#3093500 0*
#3094500 1*
#3094750 1)
#3095000 0" 0# 1$ 1% 1' 1(
#3095875 0)
#3096000 0$ 0% 0' 0(
#3096125 1" 1#
#3096250 0*
#3097375 1*
#3098000 1%
#3098250 0*
#3099250 1*
#3099375 1)
#3099625 0"
#3099750 1' 1(
#3100500 0)
#3100750 1" 0% 0' 0(
#3101000 0*
#3102000 1*
#3102250 1)
#3102500 1' 1(
#3102625 1%
#3103375 0)
#3103500 0" 0# 0% 0' 0(
#3103875 0*
#3104875 1*
#3105500 1!
#3105750 0*
#3106750 1*
#3107250 0!
#3107375 1"
#3107625 0*
#3108375 1)
#3108625 1( 1*
#3108750 1# 1% 1'
#3109500 0)
#3109625 0" 0# 0% 0' 0(
#3109875 0*
#3111000 1*
#3111625 1!
#3111750 0*
#3112875 1*
#3113375 0!
#3113500 1"
#3113625 0*
#3114500 1)
#3114625 0" 1*
#3114750 1# 1$ 1& 1(
#3114875 0,
#3115500 0)
#3115750 1! 0# 0$ 0&
#3116000 0*
#3117000 1*
#3117250 1)
#3117500 0!
#3117625 1$ 1% 1' 1,
#3118375 0)
#3118500 0$ 0% 0'
#3118625 1" 1# 0(
#3118875 0*
#3119875 1*
#3120500 1%
#3120750 0*
#3121750 1*
#3122000 1)
#3122125 0"
#3122250 1' 1(
#3123000 0)
#3123250 0% 0' 0(
#3123375 1"
#3123500 0*
#3124500 1*
#3124750 1)
#3125000 0" 0#
#3125125 1$ 1% 1' 1(
#3125875 0)
#3126000 0' 0(
#3126125 1" 1# 0$ 0%
#3126375 0*
#3127375 1*
#3128000 1%
#3128250 0*
#3128500 00
#3129250 1*
#3129500 1)
#3129750 0" 1' 1(
#3130500 0)
#3130750 0% 0' 0(
#3130875 1"
#3131000 0*
#3132125 1*
#3132250 1)
#3135375 10
#3147625 1! 1$ 1% 1& 1' 1(
#3148375 0)
#3150125 1)
#3152125 0)
#3153875 1)
#3156875 0!
#3157000 0$ 0&
#3157750 0)
#3158000 0" 0# 0% 0' 0(
#3158250 0*
#3159250 1*
#3159500 1)
#3159875 1! 1" 1# 1$ 1% 1& 1' 1(
#3160625 0)
#3162250 1)
#3163375 0)
#3163875 0+
#3164875 1+
#3165750 0+
#3166750 1+
#3167625 0+
#3168625 1+
#3169500 0+
#3170500 1+
#3171750 1)
#3172000 0! 0$ 0&
#3172750 0)
#3173000 0" 0% 0' 0(
#3173250 0*
#3174250 1*
#3174500 1)
#3174875 1! 1" 1$ 1% 1& 1' 1(
#3175625 0)
#3177375 1)
#3177625 0# 0% 0& 0(
#3178375 0) 0-
#3178625 0! 0" 0$ 0' 1(
#3178875 0*
#3179875 1*
#3180500 1!
#3180750 0*
#3181750 1*
#3182375 0!
#3182500 1"
#3182625 0*
#3183625 1*
#3184250 1!
#3184500 0*
#3185500 1*
#3186750 1) 1-
#3186875 0!
#3187000 1# 1% 1'
#3187750 0)
#3188000 0" 0# 0% 0' 0(
#3188125 1$
#3188250 0*
#3189250 1*
#3189500 1)
#3189875 1! 1# 1& 1'
#3190625 0)
#3190875 0! 0# 0$ 0& 0'
#3191125 0*
#3192125 1*
#3192375 1)
#3192625 1! 1" 1$ 1'
#3193375 0) 0-
#3193625 0! 0" 0$ 0' 1(
#3193750 1#
#3193875 0*
#3194875 1*
#3195500 1!
#3195750 0*
#3196750 1*
#3197375 0!
#3197500 1"
#3197625 0*
#3198625 1*
#3199250 1!
#3199500 0*
#3200500 1*
#3201750 1) 1-
#3201875 0!
#3202000 1% 1'
#3202750 0)
#3203000 0" 0% 0' 0(
#3203125 1$
#3203250 0*
#3204250 1*
#3204500 1)
#3204750 0$
#3204875 1% 1&
#3205625 0)
#3205875 1! 1" 1$
#3206125 0*
#3207125 1*
#3207375 1)
#3207625 0# 0% 0& 1'
#3208375 0) 0-
#3208625 0! 0" 0' 1(
#3208875 0*
#3209875 1*
#3210500 1!
#3210750 0*
#3211750 1*
#3212250 00
#3212375 0!
#3212500 1"
#3212625 0*
#3213625 1*
#3214250 1!
#3214500 0*
#3215500 1*
#3216750 1) 1-
#3216875 0!
#3217000 1# 0$ 1% 1'
#3217750 0)
#3218000 0" 0# 0' 0(
#3218250 0*
#3219250 1* 10
#3219500 1)
#3219750 0%
#3219875 1! 1# 1$ 1& 1( 0,
#3220625 0)
#3220750 0! 0(
#3220875 0# 0$ 0&
#3221125 0*
#3222125 1*
#3222375 1)
#3222625 1! 1" 1$ 1'
#3222750 1,
#3223375 0) 0-
#3223625 0! 0" 0' 1(
#3223750 1#
#3223875 0*
#3224875 1*
#3225500 1!
#3225750 0*
#3226750 1*
#3227375 0!
#3227500 1"
#3227625 0*
#3228625 1*
#3229250 1!
#3229500 0*
#3230500 1*
#3231750 1) 1-
#3231875 0!
#3232000 0$ 1% 1'
#3232750 0)
#3233000 0" 0' 0(
#3233250 0*
#3234250 1*
#3234500 1)
#3234875 1! 1" 1$ 1& 1' 1(
#3235625 0)
#3237250 1)
#3237625 0# 0% 0& 0(
#3238375 0) 0-
#3238625 0! 0" 0$ 1% 0' 1(
#3238875 0*
#3239875 1*
#3240500 1!
#3240750 0*
#3241750 1*
#3242375 0! 1"
#3242625 0*
#3243625 1*
#3244250 1!
#3244500 0*
#3245500 1*
#3246625 1)
#3246750 1-
#3246875 0!
#3247000 1# 1'
#3247750 0)
#3248000 0" 0# 1$ 0' 0(
#3248250 0*
#3249250 1*
#3249500 1)
#3249750 0%
#3249875 1! 1# 1& 1'
#3250625 0)
#3250750 0# 0$ 0& 0'
#3251125 0*
#3252125 1*
#3252250 1)
#3252625 1" 1$ 1'
#3253375 0) 0-
#3253625 0! 0" 1# 0$ 1% 0' 1(
#3253875 0*
#3254875 1*
#3255500 1!
#3255750 0*
#3256750 1*
#3257375 0! 1"
#3257625 0*
#3258625 1*
#3259250 1!
#3259500 0*
#3260500 1*
#3261625 1)
#3261750 1-
#3261875 0!
#3262000 1'
#3262750 0)
#3263000 0" 1$ 0' 0(
#3263250 0*
#3264250 1*
#3264500 1)
#3264750 1! 0$
#3264875 1&
#3265625 0)
#3265875 1" 1$
#3266125 0+
#3267125 1+
#3267250 1)
#3267500 0# 0% 0&
#3267625 1'
#3268375 0) 0-
#3268625 0! 0" 1% 0' 1(
#3268875 0*
#3269875 1*
#3270500 1!
#3270750 0*
#3271750 1*
#3272250 0!
#3272375 1"
#3272625 0*
#3273625 1*
#3274250 1!
#3274500 0*
#3275500 1*
#3276625 1)
#3276750 1-
#3276875 0! 0$
#3277000 1# 1'
#3277750 0)
#3278000 0" 0# 0% 1& 0' 0(
#3278250 0*
#3279250 1*
#3279500 1)
#3279750 1! 1# 1$ 1(
#3279875 0,
#3280500 0)
#3280750 0# 0$ 0& 0(
#3281000 0*
#3282125 1*
#3282250 1)
#3282625 1" 1$ 1' 1,
#3283375 0) 0-
#3283500 0"
#3283625 0! 1# 1% 0' 1(
#3283875 0*
#3284875 1*
#3285500 1!
#3285750 0*
#3286750 1*
#3287250 0!
#3287375 1"
#3287625 0*
#3288625 1*
#3289250 1!
#3289500 0*
#3290500 1*
#3291625 1) 1-
#3291875 0! 0$
#3292000 1'
#3292750 0)
#3292875 0'
#3293000 0" 0% 1& 0(
#3293250 0*
#3294250 1*
#3294500 1)
#3294750 1! 1" 1$ 1% 1' 1(
#3295500 0)
#3296125 00
#3297250 1)
#3297500 0# 0% 0& 0(
#3298375 0) 0-
#3298500 0! 0"
#3298625 0$ 1& 0' 1(
#3298875 0*
#3299875 1*
#3300500 1!
#3300750 0*
#3301750 1*
#3302250 0!
#3302375 1"
#3302625 0*
#3303125 10
#3303625 1*
#3304250 1!
#3304500 0*
#3305500 1*
#3306625 1) 1-
#3306875 0! 0& 1'
#3307000 1# 1%
#3307750 0)
#3307875 0# 0% 0'
#3308000 0" 1$ 1& 0(
#3308250 0*
#3309250 1*
#3309375 1)
#3309750 1! 1" 1# 1% 1' 1(
#3310500 0)
#3312250 1)
#3312500 0# 0% 0& 0(
#3313250 0-
#3313375 0)
#3313500 0! 0" 0$ 0'
#3313625 1# 1& 1(
#3313875 0*
#3314875 1*
#3315500 1!
#3315750 0*
#3316750 1*
#3317250 0!
#3317375 1"
#3317625 0*
#3318625 1*
#3319250 1!
#3319500 0*
#3320500 1*
#3321625 1) 1-
#3321875 0! 0& 1'
#3322000 1%
#3322750 0)
#3322875 0" 0% 0' 0(
#3323000 1$ 1&
#3323250 0*
#3324250 1*
#3324375 1)
#3324625 0$
#3324750 1" 1%
#3325500 0)
#3325750 1! 1$
#3326000 0*
#3327000 1*
#3327250 1)
#3327500 0# 0% 0& 1'
#3328250 0-
#3328375 0)
#3328500 0! 0" 0'
#3328625 1& 1(
#3328875 0*
#3329875 1*
#3330500 1!
#3330750 0*
#3331750 1*
#3332250 0!
#3332375 1"
#3332625 0*
#3333625 1*
#3334250 1!
#3334500 0*
#3335500 1*
#3336625 1) 1-
#3336875 0! 1# 0$ 1% 0& 1'
#3337750 0)
#3337875 0" 0# 0' 0(
#3338000 1&
#3338125 0*
#3339250 1*
#3339375 1)
#3339750 1! 1" 1# 1$ 1' 1(
#3340500 0)
#3342250 1)
#3342500 0# 0% 0& 0(
#3343250 0) 0-
#3343500 0! 0" 0'
#3343625 1# 1& 1(
#3343750 0*
#3344875 1*
#3345500 1!
#3345625 0*
#3346750 1*
#3347250 0!
#3347375 1"
#3347500 0*
#3348625 1*
#3349125 1!
#3349375 0*
#3350500 1*
#3351625 1) 1-
#3351875 0! 0$ 1% 0& 1'
#3352625 0)
#3352875 0" 0' 0(
#3353000 1&
#3353125 0*
#3354250 1*
#3354375 1)
#3354625 0%
#3354750 1! 1$ 1'
#3355500 0)
#3355750 0! 0# 0$ 0& 0' 1(
#3356000 0*
#3357000 1*
#3357250 1)
#3357500 1! 1" 1$ 1' 0(
#3358250 0) 0-
#3358500 0! 0" 0$ 0' 1(
#3358625 1% 1&
#3358750 0*
#3359750 1*
#3360375 1!
#3360625 0*
#3361625 1*
#3362250 0!
#3362375 1"
#3362500 0*
#3363500 1*
#3364125 1!
#3364375 0*
#3365375 1*
#3366625 1) 1-
#3366750 0!
#3366875 1# 0& 1'
#3367625 0)
#3367875 0" 0# 1& 0' 0(
#3368000 1$
#3368125 0*
#3369125 1*
#3369375 1)
#3369625 0%
#3369750 1! 1# 1( 0,
#3370500 0)
#3370625 0!
#3370750 0# 0$ 0&
#3371000 0*
#3372000 1*
#3372250 1)
#3372500 1! 1" 1$ 1' 0(
#3372625 1,
#3373250 0) 0-
#3373500 0! 0" 0$ 0' 1(
#3373625 1# 1% 1&
#3373750 0*
#3374750 1*
#3375375 1!
#3375625 0*
#3376625 1*
#3377250 0!
#3377375 1"
#3377500 0*
#3378500 1*
#3379125 1!
#3379375 0*
#3380000 00
#3380375 1*
#3381625 1) 1-
#3381750 0!
#3381875 0& 1'
#3382625 0)
#3382875 0" 1& 0' 0(
#3383000 1$
#3383125 0*
#3384125 1*
#3384375 1)
#3384625 0$
#3384750 1! 1"
#3385500 0)
#3385750 1$
#3386000 0+
#3387000 1+ 10
#3387125 1)
#3387500 0# 0% 0& 1'
#3388250 0) 0-
#3388500 0! 0" 1% 1& 0' 1(
#3388750 0*
#3389750 1*
#3390375 1!
#3390625 0*
#3391625 1*
#3392250 0!
#3392375 1"
#3392500 0*
#3393500 1*
#3394125 1!
#3394375 0*
#3395375 1*
#3396625 1) 1-
#3396875 0! 1# 0$ 0& 1'
#3397625 0)
#3397875 0" 0# 0% 0(
#3398125 0*
#3399125 1*
#3399375 1)
#3399750 1! 1# 1$ 1&
#3400500 0)
#3400625 0# 0&
#3400750 0$ 0' 1(
#3401000 0*
#3402000 1*
#3402250 1)
#3402375 0(
#3402500 1" 1$ 1'
#3403250 0) 0-
#3403500 0! 0" 0' 1(
#3403625 1# 1% 1&
#3403750 0*
#3404750 1*
#3405375 1!
#3405625 0*
#3406625 1*
#3407250 0!
#3407375 1"
#3407500 0*
#3408500 1*
#3409125 1!
#3409375 0*
#3410375 1*
#3411625 1) 1-
#3411875 0! 0$ 0& 1'
#3412625 0)
#3412875 0" 0% 0(
#3413125 0*
#3414125 1*
#3414375 1)
#3414625 0'
#3414750 1! 1$ 1& 1( 0,
#3415500 0)
#3415750 0# 0$ 0&
#3416000 0*
#3417000 1*
#3417250 1)
#3417500 1" 1$ 1' 0(
#3417625 1,
#3418250 0) 0-
#3418500 0! 0" 0$ 1(
#3418750 0*
#3419750 1*
#3420375 1!
#3420625 0*
#3421625 1*
#3422250 0!
#3422375 1"
#3422500 0*
#3423500 1*
#3424125 1!
#3424375 0*
#3425375 1*
#3426625 1) 1-
#3426750 0!
#3426875 1# 1%
#3427625 0)
#3427875 0" 0# 0% 0(
#3428000 1$
#3428125 0*
#3429125 1*
#3429375 1)
#3429750 1! 1" 1# 1% 1& 1(
#3430500 0)
#3432250 1)
#3432500 0# 0% 0& 0(
#3433250 0) 0-
#3433500 0! 0" 0$ 1(
#3433625 1#
#3433750 0*
#3434875 1*
#3435500 1!
#3435625 0*
#3436750 1*
#3437250 0!
#3437375 1"
#3437500 0*
#3438625 1*
#3439125 1!
#3439375 0*
#3440500 1*
#3441625 1) 1-
#3441875 0! 1%
#3442750 0)
#3442875 0" 0% 0(
#3443000 1$
#3443125 0*
#3444250 1*
#3444375 1)
#3444625 0# 0'
#3444750 1% 1&
#3445500 0)
#3445750 1! 1" 1#
#3446000 0*
#3447000 1*
#3447250 1)
#3447500 0# 0% 0& 1'
#3448250 0-
#3448375 0)
#3448500 0! 0"
#3448625 1(
#3448750 0*
#3449875 1*
#3450500 1!
#3450750 0*
#3451750 1*
#3452250 0!
#3452375 1"
#3452625 0*
#3453625 1*
#3454250 1!
#3454500 0*
#3455500 1*
#3456625 1) 1-
#3456875 0! 0$
#3457000 1# 1%
#3457750 0)
#3457875 0" 0# 0(
#3458250 0*
#3459250 1*
#3459375 1)
#3459750 1! 1" 1# 1$ 1& 1(
#3460500 0)
#3462250 1)
#3462500 0# 0% 0& 0(
#3463250 0-
#3463375 0)
#3463500 0! 0"
#3463625 1# 1(
#3463875 0* 00
#3464875 1*
#3465500 1!
#3465750 0*
#3466750 1*
#3467250 0!
#3467375 1"
#3467625 0*
#3468625 1*
#3469250 1!
#3469500 0*
#3470500 1*
#3470875 10
#3471625 1) 1-
#3471875 0! 0$
#3472000 1%
#3472750 0)
#3472875 0" 0(
#3473250 0*
#3474250 1*
#3474375 1)
#3474750 1! 1" 1$ 1& 1(
#3475500 0)
#3477250 1)
#3477500 0# 0% 0& 0(
#3478375 0) 0-
#3478500 0! 0"
#3478625 0$ 1% 1(
#3478875 0*
#3479875 1*
#3480500 1!
#3480750 0*
#3481750 1*
#3482250 0!
#3482375 1"
#3482625 0*
#3483625 1*
#3484250 1!
#3484500 0*
#3485500 1*
#3486625 1)
#3486750 1-
#3486875 0!
#3487000 1#
#3487750 0)
#3488000 0" 0# 1$ 0(
#3488250 0*
#3489250 1*
#3489500 1)
#3489750 1" 1# 0% 1&
#3490500 0)
#3490750 0" 0# 0$ 0& 0'
#3491000 0*
#3492125 1*
#3492250 1)
#3492625 1! 1" 1$ 1'
#3493375 0) 0-
#3493500 0!
#3493625 0" 1# 0$ 1% 1(
#3493875 0*
#3494875 1*
#3495500 1!
#3495750 0*
#3496750 1*
#3497250 0!
#3497375 1"
#3497625 0*
#3498625 1*
#3499250 1!
#3499500 0*
#3500500 1*
#3501625 1)
#3501750 1-
#3501875 0!
#3502750 0)
#3503000 0" 1$ 0(
#3503250 0*
#3504250 1*
#3504500 1)
#3504750 1! 0# 0'
#3504875 1&
#3505625 0)
#3505875 1" 1#
#3506125 0+
#3507125 1+
#3507250 1)
#3507500 0# 0% 0&
#3507625 1'
#3508375 0) 0-
#3508625 0! 0" 1% 1(
#3508875 0*
#3509875 1*
#3510500 1!
#3510750 0*
#3511750 1*
#3512375 0! 1"
#3512625 0*
#3513625 1*
#3514250 1!
#3514500 0*
#3515500 1*
#3516625 1)
#3516750 1-
#3516875 0!
#3517000 1# 0$
#3517750 0)
#3518000 0" 0# 0% 1& 0(
#3518250 0*
#3519250 1*
#3519500 1)
#3519750 0'
#3519875 1" 1# 1$ 1( 0,
#3520625 0)
#3520750 0# 0(
#3520875 0" 0$ 0&
#3521125 0*
#3522125 1*
#3522375 1)
#3522625 1! 1" 1$ 1'
#3522750 1,
#3523375 0) 0-
#3523625 0! 0" 1(
#3523750 1# 1%
#3523875 0*
#3524875 1*
#3525500 1!
#3525750 0*
#3526750 1*
#3527375 0!
#3527500 1"
#3527625 0*
#3528625 1*
#3529250 1!
#3529500 0*
#3530500 1*
#3531750 1) 1-
#3532000 0! 0$
#3532750 0)
#3533000 0" 0% 0(
#3533125 1&
#3533250 0*
#3534375 1*
#3534500 1)
#3534875 1! 1" 1$ 1% 1(
#3535625 0)
#3537375 1)
#3537625 0# 0% 0& 0(
#3538375 0) 0-
#3538625 0! 0" 0$
#3538750 1& 1(
#3538875 0*
#3540000 1*
#3540625 1!
#3540875 0*
#3541875 1*
#3542375 0!
#3542500 1"
#3542750 0*
#3543750 1*
#3544375 1!
#3544625 0*
#3545625 1*
#3546750 1) 1-
#3547000 0! 0&
#3547125 1# 1%
#3547750 00
#3547875 0)
#3548000 0" 0# 0% 0(
#3548125 1$ 1&
#3548375 0*
#3549375 1*
#3549500 1)
#3549875 1" 1#
#3550625 0)
#3550875 1! 0" 0# 0$ 0& 0'
#3551125 0*
#3552125 1*
#3552375 1)
#3552625 1'
#3552750 1" 1$
#3553375 0-
#3553500 0)
#3553625 0! 0" 0$
#3553750 1# 1& 1(
#3554000 0*
#3554625 10
#3555000 1*
#3555625 1!
#3555875 0*
#3556875 1*
#3557375 0!
#3557500 1"
#3557750 0*
#3558750 1*
#3559375 1!
#3559625 0*
#3560625 1*
#3561750 1) 1-
#3562000 0! 0&
#3562125 1%
#3562875 0)
#3563000 0" 0% 0(
#3563125 1$ 1&
#3563375 0*
#3564375 1*
#3564500 1)
#3564750 0'
#3564875 1" 0# 1%
#3565625 0)
#3565875 1!
#3566000 1#
#3566125 0*
#3567125 1*
#3567375 1)
#3567625 0# 0% 0&
#3567750 1'
#3568500 0) 0-
#3568625 0! 0"
#3568750 1& 1(
#3569000 0*
#3570000 1*
#3570625 1!
#3570875 0*
#3571875 1*
#3572375 0!
#3572500 1"
#3572750 0*
#3573750 1*
#3574375 1!
#3574625 0*
#3575625 1*
#3576750 1)
#3576875 1-
#3577000 0! 0$ 0&
#3577125 1# 1%
#3577875 0)
#3578000 0#
#3578125 0" 1& 0(
#3578375 0*
#3579375 1*
#3579625 1)
#3579875 1" 1# 1$ 0% 0' 1(
#3580000 0,
#3580625 0)
#3580875 0" 0# 0$ 0& 0(
#3581000 1!
#3581125 0*
#3582250 1*
#3582375 1)
#3582750 1" 1$ 1' 1,
#3583500 0) 0-
#3583625 0! 0"
#3583750 1# 1& 1(
#3584000 0*
#3585000 1*
#3585625 1!
#3585875 0*
#3586875 1*
#3587375 0!
#3587500 1"
#3587750 0*
#3588750 1*
#3589375 1!
#3589625 0*
#3590625 1*
#3591750 1)
#3591875 1-
#3592000 0! 0$ 0&
#3592125 1%
#3592875 0)
#3593125 0" 1& 0(
#3593375 0*
#3594375 1*
#3594625 1)
#3594875 1! 1" 1(
#3595000 1$
#3595750 0)
#3597375 1)
#3597625 0% 0& 0(
#3597750 0#
#3598500 0) 0-
#3598750 0! 0" 0$ 1% 1& 1(
#3599000 0*
#3600000 1*
#3600625 1!
#3600875 0*
#3601875 1*
#3602500 0! 1"
#3602750 0*
#3603750 1*
#3604375 1!
#3604625 0*
#3605625 1*
#3606750 1)
#3606875 1-
#3607000 0! 0&
#3607125 1#
#3607875 0)
#3608125 0" 0# 1$ 1& 0(
#3608375 0*
#3609375 1*
#3609625 1)
#3609875 1! 1(
#3610000 1" 1#
#3610750 0)
#3612375 1)
#3612625 0&
#3612750 0# 0% 0(
#3613500 0) 0-
#3613750 0! 0" 1# 0$ 1% 1& 1(
#3614000 0*
#3615000 1*
#3615625 1!
#3615875 0*
#3616875 1*
#3617500 0! 1"
#3617750 0*
#3618750 1*
#3619375 1!
#3619625 0*
#3620625 1*
#3621750 1)
#3621875 1-
#3622000 0! 0&
#3622875 0)
#3623125 0" 1$ 1& 0(
#3623375 0*
#3624375 1*
#3624625 1)
#3624875 1! 0# 0'
#3625000 1"
#3625750 0)
#3626000 1#
#3626250 0+
#3627250 1+
#3627375 1)
#3627625 0# 0% 0&
#3627750 1'
#3628500 0) 0-
#3628750 0! 0" 1% 1& 1(
#3629000 0*
#3630000 1*
#3630625 1!
#3630875 0*
#3631500 00
#3631875 1*
#3632500 0! 1"
#3632750 0*
#3633750 1*
#3634375 1!
#3634625 0*
#3635625 1*
#3636750 1)
#3636875 1-
#3637125 1#
#3637875 0)
#3638375 0+
#3638500 10
#3639375 1+
#3639625 1)
#3640750 0)
#3642375 1)
#3642750 0# 0% 0& 0(
#3643500 0) 0-
#3643750 0! 0" 1# 1% 1& 1(
#3644000 0*
#3645000 1*
#3645625 1!
#3645875 0*
#3646875 1*
#3647500 0! 1"
#3647750 0*
#3648750 1*
#3649375 1!
#3649625 0*
#3650625 1*
#3651750 1)
#3651875 1-
#3652000 0! 0&
#3652125 0$
#3652875 0)
#3653125 0" 0# 0% 0' 0(
#3653375 0*
#3654375 1*
#3655000 1!
#3655250 0*
#3656250 1*
#3656875 0! 1"
#3657125 0*
#3657875 1)
#3658125 1*
#3658250 1# 1% 1' 1(
#3659000 0)
#3659125 0(
#3659250 0" 0# 0% 0'
#3659500 0*
#3660500 1*
#3661125 1!
#3661375 0*
#3662375 1*
#3662875 0!
#3663000 1"
#3663250 0*
#3664000 1)
#3664250 1*
#3664375 1# 1$ 1& 1'
#3665125 0)
#3665250 0" 0# 0$ 0& 0'
#3665375 1(
#3665625 0*
#3666625 1*
#3666750 1)
#3667125 1$ 1% 1'
#3667875 0)
#3668125 1! 1" 1# 0$ 0% 0' 0(
#3668375 0*
#3669375 1*
#3670000 1%
#3670250 0*
#3671250 1*
#3671500 1)
#3671750 0! 0" 1' 1(
#3672625 0)
#3672750 0% 0' 0(
#3672875 1! 1"
#3673000 0*
#3674125 1*
#3674250 1)
#3674500 0! 0" 0#
#3674625 1$ 1% 1' 1(
#3675375 0)
#3675625 1! 1" 1# 0$ 0% 0' 0(
#3675875 0*
#3676875 1*
#3677500 1%
#3677750 0*
#3678750 1*
#3679000 1)
#3679250 0! 0" 1' 1(
#3680125 0)
#3680250 0% 0' 0(
#3680375 1! 1"
#3680500 0*
#3681625 1*
#3681750 1)
#3682000 0!
#3682125 1% 1' 1(
#3682875 0)
#3683125 0" 0# 0% 0' 0(
#3683375 0*
#3684375 1*
#3685000 1!
#3685250 0*
#3686250 1*
#3686750 0!
#3686875 1"
#3687125 0*
#3687875 1)
#3688125 1*
#3688250 1# 1% 1' 1(
#3689000 0)
#3689125 0" 0# 0% 0' 0(
#3689500 0*
#3690500 1*
#3691125 1!
#3691375 0*
#3692375 1*
#3692875 0!
#3693000 1"
#3693250 0*
#3694375 1)
#3694625 1*
#3695250 1# 1$ 1& 1( 0,
#3696000 0)
#3696125 0#
#3696250 0" 0$ 0&
#3696500 0*
#3697500 1*
#3698125 1)
#3698500 1$ 1% 1'
#3698625 1,
#3699250 0)
#3699875 0% 0'
#3700000 1! 1" 1# 0$ 0(
#3700250 0*
#3701250 1*
#3701875 1%
#3702125 0*
#3703125 1*
#3703375 1)
#3703500 0! 0"
#3703625 1' 1(
#3704375 0)
#3704625 1! 1" 0% 0' 0(
#3704875 0*
#3705875 1*
#3706125 1)
#3706375 0! 0" 0# 1(
#3706500 1$ 1% 1'
#3707250 0)
#3707375 0$ 0% 0' 0(
#3707500 1! 1" 1#
#3707750 0*
#3708750 1*
#3709375 1%
#3709625 0*
#3710625 1*
#3710750 1)
#3711000 0! 0"
#3711125 1' 1(
#3711875 0)
#3712125 1! 1" 0% 0' 0(
#3712375 0*
#3713375 1*
#3713625 1)
#3713875 0! 1(
#3714000 1% 1'
#3714750 0)
#3714875 0" 0% 0' 0(
#3715000 0#
#3715250 0*
#3715375 00
#3716250 1*
#3716875 1!
#3717125 0*
#3718125 1*
#3718625 0!
#3718750 1"
#3719000 0*
#3719750 1)
#3720000 1( 1*
#3720125 1# 1% 1'
#3720875 0)
#3721000 0" 0# 0% 0' 0(
#3721250 0*
#3722250 1*
#3722375 10
#3723000 1!
#3723125 0*
#3724125 1*
#3724750 0!
#3724875 1"
#3725000 0*
#3725750 1)
#3726000 1*
#3726125 1# 1$ 1& 1'
#3726875 0)
#3727125 1! 0" 0# 0$ 0& 0' 1(
#3727375 0*
#3728375 1*
#3728625 1)
#3728875 0! 1'
#3729000 1$ 1%
#3729750 0)
#3729875 0$ 0% 0' 0(
#3730000 1! 1" 1#
#3730250 0*
#3731250 1*
#3731875 1%
#3732125 0*
#3733125 1*
#3733250 1)
#3733500 0! 0"
#3733625 1' 1(
#3734375 0)
#3734625 1! 1" 0% 0' 0(
#3734875 0*
#3735875 1*
#3736125 1)
#3736375 0! 0" 0# 1% 1' 1(
#3736500 1$
#3737250 0)
#3737375 0$ 0% 0' 0(
#3737500 1! 1" 1#
#3737625 0*
#3738750 1*
#3739375 1%
#3739625 0*
#3740625 1*
#3740750 1)
#3741000 0! 0"
#3741125 1' 1(
#3741875 0)
#3742125 1! 1" 0% 0' 0(
#3742375 0*
#3743375 1*
#3743625 1)
#3743875 0! 1% 1' 1(
#3744750 0)
#3744875 0" 0# 0% 0' 0(
#3745125 0*
#3746250 1*
#3746875 1!
#3747000 0*
#3748125 1*
#3748625 0!
#3748750 1"
#3748875 0*
#3749625 1)
#3749875 1*
#3750000 1# 1% 1' 1(
#3750750 0)
#3751000 0" 0# 0% 0' 0(
#3751250 0*
#3752250 1*
#3752875 1!
#3753125 0*
#3754125 1*
#3754750 0! 1"
#3755000 0*
#3755750 1)
#3756000 1*
#3756125 1# 1$ 1& 1( 0,
#3756875 0)
#3757125 1! 0" 0# 0$ 0&
#3757375 0*
#3758375 1*
#3758625 1)
#3758750 0!
#3758875 1$ 1% 1'
#3759000 1,
#3759625 0)
#3759875 1! 0$ 0% 0' 0(
#3760000 1" 1#
#3760125 0*
#3761125 1*
#3761875 1%
#3762000 0*
#3763000 1*
#3763250 1)
#3763500 0! 0"
#3763625 1' 1(
#3764375 0)
#3764500 0' 0(
#3764625 1! 1" 0%
#3764875 0*
#3765875 1*
#3766125 1)
#3766250 0! 0"
#3766375 0# 1$ 1% 1' 1(
#3767125 0)
#3767375 1! 1" 0$ 0% 0' 0(
#3767500 1#
#3767625 0*
#3768625 1*
#3769375 1%
#3769500 0*
#3770500 1*
#3770750 1)
#3771000 0! 0"
#3771125 1' 1(
#3771875 0)
#3772000 0' 0(
#3772125 1! 1" 0%
#3772375 0*
#3773375 1*
#3773500 1)
#3788875 1$ 1% 1& 1' 1(
#3789625 0)
#3791375 1)
#3793375 0)
#3795125 1)
#3798125 0!
#3798250 0$ 0&
#3799000 0)
#3799250 0" 0# 0% 0' 0( 00
#3799500 0*
#3800500 1*
#3800750 1)
#3801000 1(
#3801125 1! 1" 1# 1$ 1% 1& 1'
#3801875 0)
#3803500 1)
#3804625 0)
#3805125 0+
#3806125 1+
#3806250 10
#3807000 0+
#3808000 1+
#3808875 0+
#3809875 1+
#3810750 0+
#3811750 1+
#3812875 1)
#3813125 0! 0&
#3813250 0$
#3814000 0)
#3814250 0" 0% 0' 0(
#3814500 0*
#3815500 1*
#3815750 1)
#3816000 1(
#3816125 1! 1" 1$ 1% 1& 1'
#3816875 0)
#3818500 1)
#3818750 0! 0" 0&
#3818875 0% 0(
#3819625 0) 0-
#3819875 0# 0$ 0'
#3820125 0*
#3821125 1*
#3821750 1!
#3822000 0*
#3823000 1*
#3823625 0! 1"
#3823875 0*
#3824875 1*
#3825500 1!
#3825750 0*
#3826750 1*
#3827875 1)
#3828000 1-
#3828125 0!
#3828250 1# 1% 1' 1(
#3829000 0)
#3829250 0" 0# 1$ 0% 0' 0(
#3829500 0*
#3830500 1*
#3830750 1)
#3831000 1'
#3831125 1! 1" 1# 1&
#3831875 0)
#3832000 0! 0" 0# 0$ 0& 0'
#3832375 0*
#3833375 1*
#3833500 1)
#3833875 1# 1$ 1'
#3834625 0) 0-
#3834875 0$ 0'
#3835125 0*
#3836125 1*
#3836750 1!
#3837000 0*
#3838000 1*
#3838625 0! 1"
#3838875 0*
#3839875 1*
#3840500 1!
#3840750 0*
#3841750 1*
#3842875 1)
#3843000 1-
#3843125 0!
#3843250 1% 1' 1(
#3844000 0)
#3844250 0" 1$ 0% 0' 0(
#3844500 0*
#3845500 1*
#3845750 1)
#3846000 1%
#3846125 1&
#3846875 0)
#3847125 1! 1"
#3847375 0*
#3848375 1*
#3848500 1)
#3848750 0! 0" 0% 0&
#3848875 1'
#3849625 0) 0-
#3849875 0# 0'
#3850125 0*
#3851125 1*
#3851750 1!
#3852000 0*
#3853000 1*
#3853625 0! 1"
#3853875 0*
#3854875 1*
#3855500 1!
#3855750 0*
#3856750 1*
#3857875 1)
#3858000 1-
#3858125 0!
#3858250 1# 0$ 1% 1' 1(
#3859000 0)
#3859250 0" 0# 0' 0(
#3859500 0*
#3860500 1*
#3860750 1)
#3861000 0% 1(
#3861125 1! 1" 1# 1$ 1& 0,
#3861875 0)
#3862000 0! 0" 0# 0$ 0& 0(
#3862375 0*
#3863375 1*
#3863500 1)
#3863875 1# 1$ 1'
#3864000 1,
#3864625 0) 0-
#3864875 0'
#3865125 0*
#3866125 1*
#3866750 1!
#3867000 0*
#3868000 1*
#3868625 0! 1"
#3868875 0*
#3869875 1*
#3870500 1!
#3870750 0*
#3871750 1*
#3872875 1)
#3873000 1-
#3873125 0!
#3873250 0$ 1% 1' 1(
#3874000 0)
#3874250 0" 0' 0(
#3874500 0*
#3875500 1*
#3875750 1)
#3876125 1! 1" 1$ 1& 1' 1(
#3876875 0)
#3878500 1)
#3878875 0! 0" 0% 0& 0(
#3879625 0) 0-
#3879875 0# 0$ 0'
#3880000 1%
#3880125 0*
#3881125 1*
#3881750 1!
#3882000 0*
#3883000 1*
#3883125 00
#3883625 0!
#3883750 1"
#3883875 0*
#3884875 1*
#3885500 1!
#3885750 0*
#3886750 1*
#3888000 1) 1-
#3888125 0!
#3888250 1# 1' 1(
#3889000 0)
#3889250 0" 0# 0' 0(
#3889375 1$
#3889500 0*
#3890000 10
#3890500 1*
#3890750 1)
#3891000 0%
#3891125 1! 1" 1# 1& 1'
#3891875 0)
#3892125 0" 0# 0$ 0& 0'
#3892375 0*
#3893375 1*
#3893625 1)
#3893875 0! 1# 1$ 1'
#3894625 0) 0-
#3894875 0$ 0'
#3895000 1%
#3895125 0*
#3896250 1*
#3896875 1!
#3897000 0*
#3898125 1*
#3898625 0!
#3898750 1"
#3898875 0*
#3900000 1*
#3900625 1!
#3900750 0*
#3901875 1*
#3903000 1) 1-
#3903250 0! 1' 1(
#3904125 0)
#3904250 0" 0' 0(
#3904375 1$
#3904500 0*
#3905625 1*
#3905750 1)
#3906125 1! 1&
#3906875 0)
#3907125 1"
#3907375 0+
#3908375 1+
#3908625 1)
#3908875 0! 0" 0% 0& 1'
#3909625 0-
#3909750 0)
#3909875 0# 0'
#3910000 1%
#3910250 0*
#3911250 1*
#3911875 1!
#3912125 0*
#3913125 1*
#3913625 0!
#3913750 1"
#3914000 0*
#3915000 1*
#3915625 1!
#3915875 0*
#3916875 1*
#3918000 1) 1-
#3918250 0! 0$ 1' 1(
#3918375 1#
#3919125 0)
#3919250 0" 0# 0% 0' 0(
#3919375 1&
#3919625 0*
#3920625 1*
#3920750 1)
#3921125 1! 1" 1# 1$ 1(
#3921250 0,
#3921875 0)
#3922125 0" 0# 0$ 0& 0(
#3922375 0*
#3923375 1*
#3923625 1)
#3923875 0!
#3924000 1# 1$ 1' 1,
#3924750 0) 0-
#3924875 0'
#3925000 1%
#3925250 0*
#3926250 1*
#3926875 1!
#3927125 0*
#3928125 1*
#3928625 0!
#3928750 1"
#3929000 0*
#3930000 1*
#3930625 1!
#3930875 0*
#3931875 1*
#3933000 1) 1-
#3933250 0! 0$ 1(
#3933375 1'
#3934125 0)
#3934250 0' 0(
#3934375 0" 0% 1&
#3934625 0*
#3935625 1*
#3935875 1)
#3936125 1! 1" 1$ 1% 1' 1(
#3936875 0)
#3938625 1)
#3938875 0! 0" 0% 0& 0(
#3939750 0) 0-
#3940000 0# 0$ 1& 0'
#3940250 0*
#3941250 1*
#3941875 1!
#3942125 0*
#3943125 1*
#3943625 0!
#3943750 1"
#3944000 0*
#3945000 1*
#3945625 1!
#3945875 0*
#3946875 1*
#3948000 1)
#3948125 1-
#3948250 0! 0&
#3948375 1# 1% 1' 1(
#3949125 0)
#3949375 0" 0# 1$ 0% 1& 0' 0(
#3949625 0*
#3950625 1*
#3950875 1)
#3951125 1' 1(
#3951250 1! 1" 1# 1%
#3952000 0)
#3953625 1)
#3953875 0! 0" 0%
#3954000 0& 0(
#3954750 0) 0-
#3955000 0$ 1& 0'
#3955250 0*
#3956250 1*
#3956875 1!
#3957125 0*
#3958125 1*
#3958750 0! 1"
#3959000 0*
#3960000 1*
#3960625 1!
#3960875 0*
#3961875 1*
#3963000 1)
#3963125 1-
#3963250 0! 0&
#3963375 1% 1' 1(
#3964125 0)
#3964375 0" 1$ 0% 1& 0' 0(
#3964625 0*
#3965625 1*
#3965875 1)
#3966250 1" 1%
#3967000 0) 00
#3967250 1!
#3967500 0*
#3968500 1*
#3968625 1)
#3968875 0!
#3969000 0" 0% 0& 1'
#3969750 0) 0-
#3970000 0# 1& 0'
#3970250 0*
#3971250 1*
#3971875 1!
#3972125 0*
#3973125 1*
#3973750 0!
#3973875 1" 10
#3974000 0*
#3975000 1*
#3975625 1!
#3975875 0*
#3976875 1*
#3978125 1) 1-
#3978375 0! 1# 0$ 1% 0& 1' 1(
#3979125 0)
#3979375 0" 0# 0' 0(
#3979500 1&
#3979625 0*
#3980625 1*
#3980875 1)
#3981250 1! 1" 1# 1$ 1' 1(
#3982000 0)
#3983750 1)
#3984000 0! 0" 0% 0& 0(
#3984750 0) 0-
#3985000 0'
#3985125 1&
#3985250 0*
#3986375 1*
#3987000 1!
#3987125 0*
#3988250 1*
#3988750 0!
#3988875 1"
#3989000 0*
#3990125 1*
#3990750 1!
#3990875 0*
#3992000 1*
#3993125 1) 1-
#3993375 0! 0$ 0& 1' 1(
#3993500 1%
#3994250 0)
#3994375 0" 0' 0(
#3994500 1&
#3994625 0*
#3995750 1*
#3995875 1)
#3996125 0%
#3996250 1! 1" 1$ 1'
#3997000 0)
#3997250 0! 0" 0# 0$ 0& 0' 1(
#3997500 0*
#3998500 1*
#3998750 1)
#3999000 1# 1$ 1' 0(
#3999750 0-
#3999875 0)
#4000000 0# 0$ 0'
#4000125 1% 1&
#4000375 0*
#4001375 1*
#4002000 1!
#4002250 0*
#4003250 1*
#4003750 0!
#4003875 1"
#4004125 0*
#4005125 1*
#4005750 1!
#4006000 0*
#4007000 1*
#4008125 1) 1-
#4008375 0! 0& 1' 1(
#4008500 1#
#4009250 0)
#4009375 0" 0# 0' 0(
#4009500 1$ 1&
#4009750 0*
#4010750 1*
#4010875 1)
#4011125 0%
#4011250 1! 1" 1# 1(
#4011375 0,
#4012000 0)
#4012250 0! 0" 0# 0$ 0&
#4012500 0*
#4013500 1*
#4013750 1)
#4014000 0(
#4014125 1# 1$ 1' 1,
#4014875 0) 0-
#4015000 0$ 0'
#4015125 1% 1&
#4015375 0*
#4016375 1*
#4017000 1!
#4017250 0*
#4018250 1*
#4018750 0!
#4018875 1"
#4019125 0*
#4020125 1*
#4020750 1!
#4021000 0*
#4022000 1*
#4023125 1) 1-
#4023375 0! 0& 1(
#4023500 1'
#4024250 0)
#4024375 0' 0(
#4024500 0" 1$ 1&
#4024750 0*
#4025750 1*
#4026000 1)
#4026250 1! 1"
#4027000 0)
#4027625 0+
#4028625 1+
#4028750 1)
#4029000 0! 0" 0% 0&
#4029125 1'
#4029875 0) 0-
#4030000 0'
#4030125 0# 1% 1&
#4030375 0*
#4031375 1*
#4032000 1!
#4032250 0*
#4033250 1*
#4033750 0!
#4033875 1"
#4034125 0*
#4035125 1*
#4035750 1!
#4036000 0*
#4037000 1*
#4038125 1)
#4038250 1-
#4038375 0! 0$ 0&
#4038500 1# 1' 1(
#4039250 0)
#4039375 0(
#4039500 0" 0# 0%
#4039750 0*
#4040750 1*
#4041000 1)
#4041250 1! 1" 1# 1$ 1&
#4042000 0)
#4042250 0" 0# 0$ 0& 0' 1(
#4042500 0*
#4043625 1*
#4043750 1)
#4044000 0! 0(
#4044125 1# 1$ 1'
#4044875 0) 0-
#4045000 0'
#4045125 1% 1&
#4045375 0*
#4046375 1*
#4047000 1!
#4047250 0*
#4048250 1*
#4048750 0!
#4048875 1"
#4049125 0*
#4050125 1*
#4050750 1! 00
#4051000 0*
#4052000 1*
#4053125 1)
#4053250 1-
#4053375 0! 0$ 0&
#4053500 1' 1(
#4054250 0)
#4054375 0(
#4054500 0" 0%
#4054750 0*
#4055750 1*
#4056000 1)
#4056250 1! 1" 1$ 1& 0' 1(
#4056375 0,
#4057000 0)
#4057250 0" 0# 0$ 0&
#4057500 0*
#4057750 10
#4058625 1*
#4058750 1)
#4059000 0! 0(
#4059125 1# 1$ 1' 1,
#4059875 0) 0-
#4060125 0# 0$
#4060375 0*
#4061375 1*
#4062000 1!
#4062250 0*
#4063250 1*
#4063750 0!
#4063875 1"
#4064125 0*
#4065125 1*
#4065750 1!
#4066000 0*
#4067000 1*
#4068125 1)
#4068250 1-
#4068375 0!
#4068500 1# 1% 1(
#4069250 0)
#4069500 0" 0# 1$ 0% 0(
#4069750 0*
#4070750 1*
#4071000 1)
#4071250 1! 1" 1# 1% 1& 1(
#4072125 0)
#4073750 1)
#4074000 0! 0" 0% 0& 0(
#4074875 0) 0-
#4075125 0$
#4075375 0*
#4076375 1*
#4077000 1!
#4077250 0*
#4078250 1*
#4078750 0!
#4078875 1"
#4079125 0*
#4080125 1*
#4080750 1!
#4081000 0*
#4082000 1*
#4083125 1)
#4083250 1-
#4083375 0!
#4083500 1% 1(
#4084250 0)
#4084375 0(
#4084500 0" 1$ 0%
#4084750 0*
#4085750 1*
#4086000 1)
#4086250 0# 0$
#4087000 0)
#4087375 1! 1" 1# 1$ 1% 1&
#4087500 0*
#4088500 1*
#4088750 1)
#4089000 0! 0" 0% 0&
#4089875 0) 0-
#4090125 0#
#4090375 0*
#4091375 1*
#4092000 1!
#4092250 0*
#4093250 1*
#4093750 0!
#4093875 1"
#4094125 0*
#4095125 1*
#4095750 1!
