$date Mon Sep  7 13:52:54 2026 $end
$version libsigrok 0.5.2 $end
$comment
  Acquisition with 16/16 channels at 80 MHz
$end
$timescale 100 ps $end
$scope module libsigrok $end
$var wire 1 ! A0 $end
$var wire 1 " A1 $end
$var wire 1 # A2 $end
$var wire 1 $ A3 $end
$var wire 1 % A4 $end
$var wire 1 & A5 $end
$var wire 1 ' A6 $end
$var wire 1 ( A7 $end
$var wire 1 ) RAS $end
$var wire 1 * CAS0 $end
$var wire 1 + CAS1 $end
$var wire 1 , R/W $end
$var wire 1 - VDS $end
$var wire 1 . IRQ $end
$var wire 1 / CSW $end
$var wire 1 0 CSR $end
$upscope $end
$enddefinitions $end
#0 0! 0" 0# 0$ 0% 1& 1' 0( 0) 0* 1+ 1, 1- 0. 1/ 10
#125 0' 1* 0- 0/
#250 1! 1$ 1% 0& 0* 1/
#625 1*
#1125 0!
#1250 1"
#1375 0*
#2500 1*
#3125 1!
#3250 0*
#4375 1*
#5500 1) 1-
#5750 0! 1# 0$ 1' 1(
#6625 0)
#6750 0" 0# 0% 0' 0(
#6875 1&
#7000 0*
#8125 1*
#8250 1)
#8625 1! 1" 1# 1$ 1% 1' 1(
#9375 0)
#11125 1)
#11375 0! 0% 0' 0(
#12125 0) 0-
#12375 0" 0&
#12500 1%
#12625 0*
#13750 1*
#14375 1!
#14500 0*
#15500 1*
#16125 0!
#16250 1"
#16375 0*
#17375 1*
#18000 1!
#18250 0*
#19250 1*
#20500 1) 1-
#20750 0! 0$ 1' 1(
#21500 0)
#21750 0" 0% 0' 0(
#21875 1&
#22000 0*
#23000 1*
#23250 1)
#23625 1! 1" 1$ 1% 1' 1(
#24375 0)
#26125 1)
#26375 0! 0% 0' 0(
#27125 0) 0-
#27375 0" 0# 0$
#27625 0*
#28625 1*
#29250 1!
#29500 0*
#30500 1*
#31125 0!
#31250 1"
#31375 0*
#32375 1*
#33000 1!
#33250 0*
#34250 1*
#35500 1) 1-
#35625 0!
#35750 1# 1% 0& 1' 1(
#36500 0)
#36750 0" 0# 1$ 0% 1& 0' 0(
#37000 0*
#38000 1*
#38250 1)
#38625 1! 1" 1# 1% 1' 1(
#39375 0)
#41000 1)
#41375 0! 0% 0' 0(
#42125 0) 0-
#42375 0" 0$
#42625 0*
#43625 1*
#44250 1!
#44500 0*
#45500 1*
#46125 0! 1"
#46375 0*
#47375 1*
#48000 1!
#48250 0*
#49250 1*
#50375 1)
#50500 1-
#50625 0! 0&
#50750 1% 1' 1(
#51500 0)
#51750 0" 1$ 0% 1& 0' 0(
#52000 0*
#53000 1*
#53250 1)
#53500 1! 0# 0& 1' 1(
#53625 1"
#54375 0)
#54625 1# 1% 1&
#54875 0+
#55875 1+
#56000 1)
#56250 0! 0%
#56375 0' 0(
#57125 0) 0-
#57375 0" 0#
#57625 0*
#58625 1*
#59250 1!
#59500 0*
#60500 1*
#61125 0! 1"
#61375 0*
#62375 1*
#63000 1!
#63250 0*
#64250 1*
#65125 00
#65375 1)
#65500 1-
#65625 0! 0$ 0&
#65750 1# 1% 1' 1(
#66500 0)
#66750 0" 0# 1& 0' 0(
#67000 0*
#68000 1*
#68250 1)
#68500 1! 1" 1# 1' 1(
#68625 1$
#69375 0)
#71000 1)
#71250 0! 0% 0' 0(
#72125 0) 0- 10
#72375 0"
#72625 0*
#73625 1*
#74250 1!
#74500 0*
#75500 1*
#76000 0!
#76125 1"
#76375 0*
#77375 1*
#78000 1!
#78250 0*
#79250 1*
#80375 1)
#80500 1-
#80625 0! 0$ 0&
#80750 1% 1' 1(
#81500 0)
#81625 0(
#81750 0" 1& 0'
#82000 0*
#83000 1*
#83250 1)
#83500 1! 1" 1$ 1' 1(
#84375 0)
#86000 1)
#86250 0! 0% 0' 0(
#87125 0) 0-
#87375 0" 0# 0$ 1%
#87625 0*
#88625 1*
#89250 1!
#89500 0*
#90500 1*
#91000 0!
#91125 1"
#91375 0*
#92375 1*
#93000 1!
#93250 0*
#94250 1*
#95375 1) 1-
#95625 0! 0&
#95750 1# 1' 1(
#96500 0)
#96625 0# 0(
#96750 0" 1$ 1& 0'
#97000 0*
#98000 1*
#98250 1)
#98500 1! 1" 1# 1' 1(
#99250 0)
#101000 1)
#101250 0! 0% 0' 0(
#102125 0) 0-
#102375 0" 0$ 1%
#102625 0*
#103625 1*
#104250 1!
#104500 0*
#105500 1*
#106000 0!
#106125 1"
#106375 0*
#107375 1*
#108000 1!
#108250 0*
#109250 1*
#110375 1) 1-
#110625 0! 0& 1(
#110750 1'
#111500 0)
#111625 0' 0(
#111750 0" 1$ 1&
#112000 0*
#113000 1*
#113250 1)
#113375 0&
#113500 0% 1' 1(
#114250 0)
#114500 1&
#114625 1! 1" 1%
#114750 0*
#115750 1*
#116000 1)
#116250 0! 0% 0' 0(
#117000 0-
#117125 0)
#117250 0" 0#
#117375 1%
#117625 0*
#118625 1*
#119250 1!
#119500 0*
#120500 1*
#121000 0!
#121125 1"
#121375 0*
#122375 1*
#123000 1!
#123250 0*
#124250 1*
#125375 1) 1-
#125625 0! 0$ 0& 1(
#125750 1# 1'
#126500 0)
#126625 0# 0(
#126750 0" 0%
#127000 0*
#128000 1*
#128125 1)
#128500 1! 1" 1# 1$ 1% 1& 1(
#129250 0)
#131000 1)
#131250 0! 0% 0' 0(
#132000 0-
#132125 0)
#132250 0"
#132375 1%
#132625 0*
#133625 1*
#134250 1!
#134500 0*
#135500 1*
#136000 0!
#136125 1"
#136375 0*
#137375 1*
#138000 1!
#138250 0*
#139250 1*
#140375 1) 1-
#140625 0! 0$ 0& 1(
#140750 1'
#141500 0)
#141625 0% 0(
#141750 0"
#142000 0*
#143000 1*
#143125 1)
#143500 1! 1" 1$ 1% 1& 1(
#144250 0)
#146000 1)
#146250 0! 0% 0' 0(
#147000 0-
#147125 0)
#147250 0" 0# 0$ 0&
#147375 1'
#147625 0*
#148625 1*
#149250 1!
#149500 0*
#150500 1*
#151000 0!
#151125 1"
#151375 0*
#152375 1*
#153000 1!
#153250 0*
#154250 1*
#155375 1) 1-
#155625 0! 1(
#155750 1# 1%
#156500 0)
#156625 0# 0(
#156750 0" 1$ 0%
#157000 0*
#158000 1*
#158250 1)
#158500 1! 1" 1# 1% 1& 1(
#159250 0)
#161000 1)
#161250 0! 0% 0' 0(
#162000 0-
#162125 0)
#162250 0&
#162375 0" 0$ 1'
#162625 0*
#163625 1*
#164250 1!
#164500 0*
#165500 1*
#166000 0!
#166125 1"
#166375 0*
#167375 1*
#168000 1!
#168250 0*
#169250 1*
#170375 1) 1-
#170625 0!
#170750 1% 1(
#171500 0)
#171625 0(
#171750 0" 1$ 0%
#172000 0*
#173000 1*
#173250 1)
#173500 1! 1(
#174250 0)
#174625 1" 1% 1&
#174875 0+
#175875 1+
#176000 1)
#176250 0! 0% 0' 0(
#177125 0) 0-
#177375 0" 0# 0& 1'
#177625 0*
#178625 1*
#179250 1!
#179500 0*
#180500 1*
#181000 0!
#181125 1"
#181375 0*
#182375 1*
#183000 1!
#183250 0*
#184250 1*
#185375 1)
#185500 1-
#185625 0! 0$
#185750 1# 1% 1(
#186500 0)
#186625 0(
#186750 0" 0#
#187000 0*
#188000 1*
#188250 1)
#188500 1! 1" 1# 1& 1(
#188625 1$
#189375 0)
#191000 1)
#191250 0! 0% 0' 0(
#192125 0) 0-
#192375 0" 0& 1'
#192625 0*
#193625 1*
#194250 1!
#194500 0*
#195500 1*
#196000 0!
#196125 1"
#196375 0*
#197375 1*
#198000 1!
#198250 0*
#199250 1*
#200375 1)
#200500 1-
#200625 0! 0$
#200750 1% 1(
#201500 0)
#201750 0" 0(
#202000 0*
#203000 1*
#203250 1)
#203500 1! 1(
#203625 1" 1$ 1&
#204375 0)
#206000 1)
#206250 0! 0(
#206375 0% 0'
#207125 0) 0-
#207375 0" 0# 0$ 1% 0& 1'
#207625 0*
#208625 1*
#209250 1!
#209500 0*
#210500 1*
#211125 0! 1"
#211375 0*
#212375 1*
#213000 1!
#213250 0*
#214250 1*
#215375 1)
#215500 1-
#215625 0!
#215750 1# 1(
#216500 0)
#216750 0" 0# 1$ 0(
#217000 0*
#218000 1*
#218250 1)
#218500 1(
#218625 1! 1" 1# 1&
#219375 0)
#221000 1)
#221375 0! 0% 0' 0(
#222125 0) 0-
#222375 0" 0$ 0& 1'
#222500 1%
#222625 0*
#223625 1*
#224250 1!
#224500 0*
#225500 1*
#226125 0!
#226250 1"
#226375 0*
#227375 1*
#228000 1!
#228250 0*
#229250 1*
#230500 1) 1-
#230625 0!
#230750 1(
#231500 0)
#231750 0" 0(
#231875 1$
#232000 0*
#233000 1*
#233250 1)
#233500 0%
#233625 1" 1(
#234375 0)
#234625 1! 1% 1&
#234875 0*
#235875 1*
#236125 1)
#236375 0! 0% 0' 0(
#237125 0) 0-
#237375 0" 0# 0&
#237500 1% 1'
#237625 0*
#238625 1*
#239375 1!
#239500 0*
#240625 1*
#241125 0!
#241250 1"
#241375 0*
#242500 1*
#243125 1!
#243250 0*
#244375 1*
#245500 1) 1-
#245750 0! 1# 0$ 1(
#246625 0)
#246750 0" 0# 0% 0(
#246875 1&
#247000 0*
#248125 1*
#248250 1)
#248625 1! 1" 1# 1$ 1% 1(
#249375 0)
#251125 1)
#251375 0! 0% 0' 0(
#252125 0-
#252250 0)
#252375 0" 0&
#252500 1% 1'
#252750 0*
#253750 1*
#254375 1!
#254625 0*
#255625 1*
#256125 0!
#256250 1"
#256500 0*
#257500 1*
#258125 1!
#258375 0*
#259375 1*
#260500 1) 1-
#260750 0! 0$ 1(
#261625 0)
#261750 0" 0% 0(
#261875 1&
#262125 0*
#263125 1*
#263250 1)
#263625 1! 1" 1$ 1% 1(
#264375 0)
#266125 1)
#266375 0! 0% 0' 0(
#267125 0-
#267250 0)
#267375 0" 0# 0$
#267500 1'
#267750 0*
#268750 1*
#269375 1!
#269625 0*
#270625 1*
#271125 0!
#271250 1"
#271500 0*
#272500 1*
#273125 1!
#273375 0*
#274375 1*
#275500 1) 1-
#275750 0! 0&
#275875 1# 1% 1(
#276625 0)
#276750 0# 0(
#276875 0" 1$ 0% 1&
#277125 0*
#278125 1*
#278375 1)
#278625 1! 1" 1# 1% 1(
#279375 0)
#281125 1)
#281375 0! 0% 0' 0(
#282250 0) 0-
#282500 0" 0$ 1'
#282750 0*
#283750 1*
#284375 1!
#284625 0*
#285625 1*
#286125 0!
#286250 1"
#286500 0*
#287500 1*
#288125 1!
#288375 0*
#289375 1*
#290500 1)
#290625 1-
#290750 0! 0&
#290875 1% 1(
#291625 0)
#291875 0" 1$ 0% 1& 0(
#292125 0*
#293125 1*
#293375 1)
#293625 1! 1" 0& 1(
#294500 0)
#294750 1% 1&
#295000 0+
#296000 1+
#296125 1)
#296375 0! 0% 0(
#296500 0'
#297250 0) 0-
#297500 0" 0# 1'
#297750 0*
#298750 1*
#299375 1!
#299625 0*
#300625 1*
#301250 0! 1"
#301500 0*
#302500 1*
#303125 1!
#303375 0*
#304375 1*
#305500 1)
#305625 1-
#305750 0! 0&
#305875 1# 0$ 1% 1(
#306625 0)
#306875 0" 0# 1& 0(
#307125 0*
#308125 1*
#308375 1)
#308625 1(
#308750 1! 1" 1# 1$
#309500 0)
#311125 1)
#311500 0! 0% 0' 0(
#312250 0) 0-
#312500 0" 1'
#312750 0*
#313750 1*
#314375 1!
#314625 0*
#315625 1*
#316250 0! 1"
#316500 0*
#317500 1*
#318125 1!
#318375 0*
#319375 1*
#320625 1) 1-
#320750 0!
#320875 0$ 1% 0& 1(
#321625 0)
#321875 0" 1& 0(
#322125 0*
#323125 1*
#323375 1)
#323750 1! 1" 1$ 1(
#324500 0)
#326250 1)
#326500 0! 0% 0' 0(
#327250 0) 0-
#327500 0" 0# 0$ 1'
#327625 1%
#327750 0*
#328750 1*
#329375 1!
#329625 0*
#330625 1*
#331250 0!
#331375 1"
#331500 0*
#332500 1*
#333125 1!
#333375 0*
#334375 1*
#335625 1) 1-
#335875 0! 1# 0& 1(
#336625 0)
#336875 0" 0# 0(
#337000 1$ 1&
#337125 0*
#338250 1*
#338375 1)
#338750 1! 1" 1# 1(
#339500 0)
#341250 1)
#341500 0! 0% 0' 0(
#342250 0) 0-
#342500 0" 0$
#342625 1% 1'
#342750 0*
#343875 1*
#344500 1!
#344625 0*
#345750 1*
#346250 0!
#346375 1"
#346500 0*
#347625 1*
#348250 1!
#348375 0*
#349500 1*
#350625 1) 1-
#350875 0! 0& 1(
#351750 0)
#351875 0" 0(
#352000 1$ 1&
#352125 0*
#353250 1*
#353375 1)
#353625 0# 0$ 0&
#353750 1(
#354500 0)
#354750 1! 1" 1# 1$ 1&
#355000 0*
#356000 1*
#356250 1)
#356500 0! 0% 0' 0(
#357250 0-
#357375 0)
#357500 0" 0#
#357625 1% 1'
#357750 0*
#358875 1*
#359500 1!
#359750 0*
#360750 1*
#361250 0!
#361375 1"
#361625 0*
#362625 1*
#363250 1!
#363500 0*
#364500 1*
#365625 1) 1-
#365875 1(
#366000 1#
#366750 0)
#367250 0+
#368250 1+
#368375 1)
#369500 0)
#371250 1)
#371500 0! 0% 0' 0(
#372250 0-
#372375 0)
#372500 0" 0/
#372625 1% 1'
#372875 0*
#373875 1*
#374500 1!
#374750 0*
#375750 1*
#376250 0!
#376375 1"
#376625 0*
#377625 1*
#378250 1!
#378500 0*
#379500 1* 1/
#380625 1) 1-
#380875 0! 0$ 0& 1(
#381750 0)
#381875 0" 0# 0% 0' 0(
#382250 0*
#383250 1*
#383875 1!
#384125 0*
#385125 1*
#385625 0!
#385750 1"
#386000 0*
#386750 1)
#387000 1' 1( 1*
#387125 1# 1%
#387750 0)
#388000 0" 0# 0% 0' 0(
#388250 0*
#389250 1*
#389875 1!
#390125 0*
#391125 1*
#391750 0!
#391875 1"
#392000 0*
#392750 1)
#393000 1*
#393125 1! 1# 1$ 1% 1& 1' 1(
#393875 0)
#395625 1)
#395875 0! 0" 0# 0&
#396750 0)
#396875 0% 0' 0(
#397000 1#
#397125 0*
#398250 1*
#398875 1%
#399125 0*
#400125 1*
#400250 1)
#400500 0$
#400625 1' 1(
#401375 0)
#401625 1$ 0% 0' 0(
#401875 0*
#402875 1*
#403125 1)
#403375 0# 1% 1' 1(
#404250 0)
#404375 0% 0' 0(
#404500 1#
#404625 0*
#405750 1*
#406375 1%
#406500 0*
#407625 1*
#407750 1)
#408000 0$
#408125 1' 1(
#408875 0)
#409125 1$ 0% 0' 0(
#409375 0*
#410375 1*
#410625 1)
#410875 1" 0$ 1% 1' 1(
#411750 0)
#411875 0" 0# 0% 0' 0(
#412125 0*
#413250 1*
#413875 1!
#414000 0*
#415125 1*
#415625 0!
#415750 1"
#415875 0*
#416625 1)
#416875 1*
#417000 1# 1% 1' 1(
#417750 0)
#418000 0" 0# 0% 0' 0(
#418250 0*
#419250 1*
#419875 1!
#420125 0*
#421125 1*
#421750 0! 1"
#422000 0*
#423250 1)
#423500 1*
#424000 1! 1# 1$ 1% 1& 1' 1(
#424875 0)
#427000 1)
#427250 0! 0" 0# 0&
#428125 0)
#428750 0% 0' 0(
#428875 1#
#429000 0*
#430000 1*
#430750 1%
#430875 0*
#431875 1*
#432125 1)
#432375 0$
#432500 1' 1(
#433250 0)
#433375 0(
#433500 1$ 0% 0'
#433750 0*
#434750 1*
#435000 1)
#435250 0# 1% 1' 1(
#436000 0)
#436250 0% 0' 0(
#436375 1#
#436500 0*
#436750 0/
#437500 1*
#438250 1%
#438375 0*
#439375 1*
#439625 1)
#439875 0$
#440000 1' 1(
#440750 0)
#440875 0' 0(
#441000 1$ 0%
#441250 0*
#442250 1*
#442375 1)
#442750 1" 0$ 1% 1' 1(
#443500 0)
#443750 0" 0# 0% 0' 0( 1/
#444000 0*
#445000 1*
#445625 1!
#445875 0*
#446875 1*
#447500 0! 1"
#447750 0*
#448500 1)
#448750 1*
#448875 1# 1% 1' 1(
#449625 0)
#449875 0" 0# 0% 0' 0(
#450125 0*
#451125 1*
#451750 1!
#452000 0*
#453000 1*
#453500 0!
#453625 1"
#453875 0*
#454625 1)
#454875 1*
#455000 1! 1# 1$ 1% 1& 1' 1(
#455750 0)
#457375 1)
#457625 0! 0#
#457750 0" 0&
#458500 0)
#458750 1# 0% 0' 0(
#459000 0*
#460000 1*
#460625 1%
#460875 0*
#461875 1*
#462125 1)
#462375 0$ 1' 1(
#463250 0)
#463375 0% 0' 0(
#463500 1$
#463750 0*
#464750 1*
#464875 1)
#465125 0#
#465250 1% 1' 1(
#466000 0)
#466250 1# 0% 0' 0(
#466500 0*
#467500 1*
#468125 1%
#468375 0*
#469375 1*
#469625 1)
#469875 0$ 1' 1(
#470750 0)
#470875 0% 0' 0(
#471000 1$
#471125 0*
#472250 1*
#472375 1)
#472625 0$
#472750 1" 1% 1' 1(
#473500 0)
#473750 0" 0# 0% 0' 0(
#474000 0*
#475000 1*
#475625 1!
#475875 0*
#476875 1*
#477375 0!
#477500 1"
#477750 0*
#478500 1)
#478750 1*
#478875 1# 1% 1' 1(
#479625 0)
#479750 0# 0% 0' 0(
#479875 0"
#480125 0*
#481125 1*
#481750 1!
#482000 0*
#483000 1*
#483500 0!
#483625 1"
#483875 0*
#484625 1)
#484875 1! 1# 1% 1& 1' 1( 1*
#485000 1$
#485750 0)
#487375 1)
#487625 0! 0" 0# 0&
#488500 0)
#488625 0(
#488750 1# 0% 0'
#489000 0*
#490000 1*
#490625 1%
#490875 0*
#491875 1*
#492125 1)
#492375 0$ 1' 1(
#493125 0)
#493375 0% 0' 0(
#493500 1$
#493625 0*
#494625 1*
#494875 1)
#495125 0#
#495250 1% 1' 1(
#496000 0)
#496125 0% 0' 0(
#496250 1#
#496500 0*
#497500 1*
#498125 1%
#498375 0*
#499375 1*
#499625 1)
#499875 0$ 1' 1(
#500625 0)
#500875 1$ 0% 0' 0(
#501000 0/
#501125 0*
#502125 1*
#502375 1)
#508000 1/
#517750 1! 1" 1% 1& 1' 1(
#518500 0)
#520125 1)
#522250 0)
#523875 1)
#527000 0! 0$ 0&
#527875 0)
#528000 0" 0# 0% 0' 0(
#528375 0*
#529375 1*
#529500 1)
#529875 1! 1" 1# 1$ 1% 1& 1' 1(
#530625 0)
#532375 1)
#533500 0)
#534000 0+
#535000 1+
#535875 0+
#536875 1+
#537750 0+
#538750 1+
#539625 0+
#540625 1+
#541750 1)
#542000 0! 0$ 0&
#542875 0)
#543000 0" 0% 0' 0(
#543375 0*
#544375 1*
#544500 1)
#544875 1! 1" 1$ 1% 1& 1' 1(
#545625 0)
#547375 1)
#547625 0! 0% 0' 0(
#548375 0-
#548500 0)
#548625 0" 0# 0$ 0&
#548750 1(
#548875 0*
#550000 1*
#550625 1!
#550750 0*
#551875 1*
#552375 0!
#552500 1"
#552625 0*
#553750 1*
#554375 1!
#554500 0*
#555625 1*
#556750 1) 1-
#557000 0! 1# 1'
#557125 1%
#557875 0)
#558000 0" 0# 0% 0' 0(
#558125 1$
#558250 0*
#559375 1*
#559500 1)
#559875 1! 1" 1# 1% 1& 1' 1(
#560625 0)
#562375 1)
#562625 0! 0% 0' 0(
#563375 0) 0-
#563625 0" 0$ 0& 1(
#563875 0*
#565000 1*
#565375 0/
#565625 1!
#565750 0*
#566875 1*
#567375 0!
#567500 1"
#567625 0*
#568750 1*
#569375 1!
#569500 0*
#570625 1*
#571750 1) 1-
#572000 0! 1% 1'
#572375 1/
#572875 0)
#573000 0" 0% 0' 0(
#573125 1$
#573250 0*
#574375 1*
#574500 1)
#574750 0# 0$
#574875 1! 1% 1' 1(
#575625 0)
#575875 1" 1# 1$ 1&
#576125 0+
#577125 1+
#577375 1)
#577625 0! 0% 0' 0(
#578375 0) 0-
#578625 0" 0# 0& 1(
#578875 0*
#580000 1*
#580625 1!
#580750 0*
#581875 1*
#582375 0!
#582500 1"
#582625 0*
#583750 1*
#584375 1!
#584500 0*
#585625 1*
#586750 1) 1-
#587000 0! 1# 0$ 1% 1'
#587875 0)
#588000 0" 0# 0' 0(
#588250 0*
#589375 1*
#589500 1)
#589875 1! 1" 1# 1$ 1& 1' 1(
#590625 0)
#592375 1)
#592625 0! 0% 0' 0(
#593375 0-
#593500 0)
#593625 0" 0&
#593750 1(
#593875 0*
#595000 1*
#595625 1!
#595875 0*
#596875 1*
#597375 0!
#597500 1"
#597625 0*
#598750 1*
#599375 1!
#599625 0*
#600625 1*
#601750 1) 1-
#602000 0! 0$ 1'
#602125 1%
#602875 0)
#603000 0" 0' 0(
#603250 0*
#604375 1*
#604500 1)
#604875 1! 1" 1$ 1& 1' 1(
#605625 0)
#607375 1)
#607625 0! 0% 0' 0(
#608375 0-
#608500 0)
#608625 0" 0# 0$ 0&
#608750 1% 1(
#609000 0*
#610000 1*
#610625 1!
#610875 0*
#611875 1*
#612375 0!
#612500 1"
#612750 0*
#613750 1*
#614375 1!
#614625 0*
#615625 1*
#616750 1) 1-
#617000 0! 1'
#617125 1#
#617875 0)
#618000 0" 0# 0' 0(
#618125 1$
#618375 0*
#619375 1*
#619500 1)
#619875 1! 1" 1# 1& 1' 1(
#620625 0)
#622375 1)
#622625 0! 0% 0' 0(
#623375 0-
#623500 0)
#623625 0" 0$ 0&
#623750 1% 1(
#624000 0*
#625000 1*
#625625 1!
#625875 0*
#626875 1*
#627375 0!
#627500 1"
#627750 0*
#628750 1*
#629375 1!
#629625 0* 0/
#630625 1*
#631750 1) 1-
#632000 0!
#632125 1'
#632875 0)
#633000 0' 0(
#633125 0" 1$
#633375 0*
#634375 1*
#634625 1)
#634750 0# 0$
#634875 1" 1' 1(
#635625 0)
#636000 1! 1# 1$ 1&
#636125 0*
#636625 1/
#637125 1*
#637375 1)
#637625 0! 0% 0' 0(
#638500 0) 0-
#638625 0#
#638750 0" 1% 0& 1(
#639000 0*
#640000 1*
#640625 1!
#640875 0*
#641875 1*
#642375 0!
#642500 1"
#642750 0*
#643750 1*
#644375 1!
#644625 0*
#645625 1*
#646750 1)
#646875 1-
#647000 0! 0$
#647125 1# 1'
#647875 0)
#648125 0" 0# 0% 1& 0' 0(
#648375 0*
#649375 1*
#649625 1)
#649875 1! 1" 1# 1' 1(
#650000 1$ 1%
#650750 0)
#652375 1)
#652625 0! 0% 0' 0(
#653500 0) 0-
#653750 0" 1% 0& 1(
#654000 0*
#655000 1*
#655625 1!
#655875 0*
#656875 1*
#657500 0! 1"
#657750 0*
#658750 1*
#659375 1!
#659625 0*
#660625 1*
#661750 1)
#661875 1-
#662000 0! 0$
#662125 1'
#662875 0)
#663125 0" 0% 1& 0' 0(
#663375 0*
#664375 1*
#664625 1)
#664875 1(
#665000 1! 1" 1$ 1% 1'
#665750 0)
#667375 1)
#667750 0! 0% 0' 0(
#668500 0) 0-
#668750 0" 0# 0$ 1(
#669000 0*
#670000 1*
#670625 1!
#670875 0*
#671875 1*
#672500 0! 1"
#672750 0*
#673750 1*
#674375 1!
#674625 0*
#675625 1*
#676875 1) 1-
#677000 0!
#677125 1# 1% 0& 1'
#677875 0)
#678125 0" 0# 0% 1& 0' 0(
#678250 1$
#678375 0*
#679375 1*
#679625 1)
#680000 1! 1" 1# 1% 1' 1(
#680750 0)
#682500 1)
#682750 0! 0% 0' 0(
#683500 0) 0-
#683750 0" 0$ 1(
#684000 0*
#685000 1*
#685750 1!
#685875 0*
#686875 1*
#687500 0!
#687625 1"
#687750 0*
#688875 1*
#689375 1!
#689625 0*
#690750 1*
#691875 1) 1-
#692125 0! 1% 0& 1'
#693000 0)
#693125 0" 0% 0' 0(
#693250 1$ 1&
#693375 0*
#693875 0/
#694500 1*
#694625 1)
#694875 0# 0$ 0&
#695000 1! 1" 1% 1' 1(
#695750 0)
#696000 1# 1$ 1&
#696250 0+
#697250 1+
#697500 1)
#697750 0! 0% 0' 0(
#698500 0-
#698625 0)
#698750 0" 0#
#698875 1(
#699125 0*
#700125 1*
#700750 1!
#700875 1/
#701000 0*
#702000 1*
#702500 0!
#702625 1"
#702875 0*
#703875 1*
#704500 1!
#704750 0*
#705750 1*
#706875 1) 1-
#707125 0! 0$ 0& 1'
#707250 1# 1%
#708000 0)
#708125 0" 0# 0' 0(
#708250 1&
#708500 0*
#709500 1*
#709625 1)
#710000 1! 1" 1# 1$ 1' 1(
#710750 0)
#712500 1)
#712750 0! 0% 0' 0(
#713500 0-
#713625 0)
#713750 0"
#713875 1(
#714125 0*
#715125 1*
#715750 1!
#716000 0*
#717000 1*
#717500 0!
#717625 1"
#717875 0*
#718875 1*
#719500 1!
#719750 0*
#720750 1*
#721875 1) 1-
#722125 0! 0$ 0&
#722250 1% 1'
#723000 0)
#723125 0'
#723250 0" 1& 0(
#723500 0*
#724500 1*
#724750 1)
#725000 1! 1" 1$ 1' 1(
#725750 0)
#727500 1)
#727750 0! 0% 0' 0(
#728625 0) 0-
#728875 0" 0# 0$ 1% 1(
#729125 0*
#730125 1*
#730750 1!
#731000 0*
#732000 1*
#732500 0!
#732625 1"
#732875 0*
#733875 1*
#734500 1!
#734750 0*
#735750 1*
#736875 1)
#737000 1-
#737125 0! 0&
#737250 1# 1'
#738000 0)
#738250 0" 0# 1$ 1& 0' 0(
#738500 0*
#739500 1*
#739750 1)
#740000 1! 1' 1(
#740125 1" 1#
#740875 0)
#742500 1)
#742750 0! 0' 0(
#742875 0%
#743625 0) 0-
#743875 0" 0$ 1% 1(
#744125 0*
#745125 1*
#745750 1!
#746000 0*
#747000 1*
#747625 0! 1"
#747875 0*
#748875 1*
#749500 1!
#749750 0*
#750750 1*
#751875 1)
#752000 1-
#752125 0! 0&
#752250 1'
#753000 0)
#753250 0" 1$ 1& 0' 0(
#753500 0*
#754500 1*
#754750 1)
#755000 0$ 0& 1' 1(
#755875 0)
#756125 1! 1" 1$ 1&
#756375 0*
#757375 1*
#757500 1)
#757875 0! 0% 0' 0(
#758125 0/
#758625 0) 0-
#758875 0" 0# 1% 1(
#759125 0*
#760125 1*
#760750 1!
#761000 0*
#762000 1*
#762625 0! 1"
#762875 0*
#763875 1*
#764500 1!
#764750 0*
#765125 1/
#765750 1*
#767000 1) 1-
#767125 0!
#767250 1# 0$ 0& 1'
#768000 0)
#768250 0" 0# 0% 0(
#768500 0*
#769500 1*
#769750 1)
#770125 1! 1" 1# 1$ 1% 1& 1(
#770875 0)
#772625 1)
#772875 0! 0% 0' 0(
#773625 0) 0-
#773875 0" 1(
#774000 1%
#774125 0*
#775125 1*
#775750 1!
#776000 0*
#777000 1*
#777625 0!
#777750 1"
#777875 0*
#778875 1*
#779500 1!
#779750 0*
#780750 1*
#782000 1) 1-
#782250 0! 0$ 0& 1'
#783000 0)
#783250 0" 0% 0(
#783500 0*
#784500 1*
#784750 1)
#785125 1! 1" 1$ 1% 1& 1(
#785875 0)
#787625 1)
#787875 0! 0% 0' 0(
#788625 0) 0-
#788875 0" 0# 0$ 0& 1' 1(
#789125 0*
#790125 1*
#790875 1!
#791000 0*
#792000 1*
#792625 0!
#792750 1"
#792875 0*
#793875 1*
#794500 1!
#794750 0*
#795750 1*
#797000 1) 1-
#797125 0!
#797250 1# 1%
#798000 0)
#798250 0" 0# 0% 0(
#798375 1$
#798500 0*
#799500 1*
#799750 1)
#800125 1! 1" 1# 1% 1& 1(
#800875 0)
#802625 1)
#802875 0! 0% 0' 0(
#803625 0) 0-
#803875 0" 0$ 0& 1(
#804000 1'
#804125 0*
#805125 1*
#805875 1!
#806000 0*
#807000 1*
#807625 0!
#807750 1"
#807875 0*
#808875 1*
#809500 1!
#809750 0*
#810750 1*
#812000 1) 1-
#812125 0!
#812250 1%
#813000 0)
#813250 0" 0% 0(
#813375 1$
#813500 0*
#814500 1*
#814750 1)
#815000 0$
#815125 1! 1% 1(
#815875 0)
#816125 1" 1$ 1&
#816375 0+
#817375 1+
#817625 1)
#817875 0! 0% 0' 0(
#818625 0) 0-
#818875 0" 0# 0& 1' 1(
#819125 0*
#820125 1*
#820875 1!
#821000 0*
#822000 1*
#822500 0/
#822625 0!
#822750 1"
#822875 0*
#823875 1*
#824500 1!
#824750 0*
#825750 1*
#827000 1) 1-
#827125 0!
#827250 1# 0$ 1%
#828000 0)
#828250 0" 0# 0(
#828500 0*
#829500 1* 1/
#829750 1)
#830125 1! 1" 1# 1$ 1& 1(
#830875 0)
#832625 1)
#832875 0! 0% 0' 0(
#833625 0) 0-
#833875 0" 0& 1' 1(
#834125 0*
#835125 1*
#835750 1!
#836000 0*
#837000 1*
#837625 0!
#837750 1"
#837875 0*
#838875 1*
#839500 1!
#839750 0*
#840750 1*
#842000 1) 1-
#842125 0!
#842250 0$ 1%
#843000 0)
#843250 0" 0(
#843500 0*
#844500 1*
#844750 1)
#845125 1! 1" 1$ 1& 1(
#845875 0)
#847500 1)
#847875 0! 0% 0' 0(
#848625 0) 0-
#848875 0" 0# 0$ 1% 0& 1' 1(
#849125 0*
#850125 1*
#850750 1!
#851000 0*
#852000 1*
#852625 0! 1"
#852875 0*
#853875 1*
#854500 1!
#854750 0*
#855750 1*
#856875 1)
#857000 1-
#857125 0!
#857250 1#
#858000 0)
#858250 0" 0# 1$ 0(
#858500 0*
#859500 1*
#859750 1)
#860000 1(
#860125 1! 1" 1# 1&
#860875 0)
#862500 1)
#862875 0! 0% 0' 0(
#863625 0) 0-
#863875 0" 0$ 1% 0& 1' 1(
#864125 0*
#865125 1*
#865750 1!
#866000 0*
#867000 1*
#867625 0! 1"
#867875 0*
#868875 1*
#869500 1!
#869750 0*
#870750 1*
#871875 1)
#872000 1-
#872125 0!
#873000 0)
#873250 0" 1$ 0(
#873500 0*
#874500 1*
#874750 1)
#875000 1" 0$ 1(
#875875 0)
#876125 1! 1$ 1&
#876375 0*
#877375 1*
#877500 1)
#877750 0! 0% 0' 0(
#878625 0) 0-
#878875 0" 0# 1% 0& 1' 1(
#879125 0*
#880125 1*
#880750 1!
#881000 0*
#882000 1*
#882500 0!
#882625 1"
#882875 0*
#883875 1*
#884500 1!
#884750 0*
#885750 1*
#886750 0/
#886875 1)
#887000 1-
#887125 0! 0$
#887250 1#
#888000 0)
#888250 0" 0# 0% 1& 0(
#888500 0*
#889500 1*
#889750 1)
#890000 1! 1" 1# 1$ 1% 1(
#890750 0)
#892500 1)
#892750 0! 0% 0' 0(
#893625 0) 0-
#893750 0" 0& 1/
#893875 1% 1' 1(
#894125 0*
#895125 1*
#895750 1!
#896000 0*
#897000 1*
#897500 0!
#897625 1"
#897875 0*
#898875 1*
#899500 1!
#899750 0*
#900750 1*
#901875 1) 1-
#902125 0! 0$
#903000 0)
#903125 0(
#903250 0" 0% 1&
#903500 0*
#904500 1*
#904625 1)
#905000 1! 1" 1$ 1% 1(
#905750 0)
#907500 1)
#907750 0! 0% 0' 0(
#908500 0-
#908625 0)
#908750 0" 0# 0$
#908875 1' 1(
#909125 0*
#910125 1*
#910750 1!
#911000 0*
#912000 1*
#912500 0!
#912625 1"
#912875 0*
#913875 1*
#914500 1!
#914750 0*
#915750 1*
#916875 1) 1-
#917125 0! 0&
#917250 1# 1%
#918000 0)
#918125 0" 0# 0% 0(
#918250 1$ 1&
#918500 0*
#919500 1*
#919625 1)
#920000 1! 1" 1# 1% 1(
#920750 0)
#922500 1)
#922750 0! 0% 0' 0(
#923500 0-
#923625 0)
#923750 0" 0$
#923875 1' 1(
#924125 0*
#925125 1*
#925750 1!
#926000 0*
#927000 1*
#927500 0!
#927625 1"
#927875 0*
#928875 1*
#929500 1!
#929750 0*
#930750 1*
#931875 1) 1-
#932125 0! 1% 0&
#933000 0)
#933125 0" 0% 0(
#933250 1$ 1&
#933375 0*
#934500 1*
#934625 1)
#934875 0$ 0&
#935000 1! 1" 1% 1(
#935750 0)
#936000 1$ 1&
#936250 0+
#937250 1+
#937500 1)
#937750 0! 0% 0' 0(
#938500 0) 0-
#938750 0" 0# 1(
#938875 1'
#939000 0*
#940125 1*
#940750 1!
#940875 0*
#942000 1*
#942500 0!
#942625 1"
#942750 0*
#943875 1*
#944375 1!
#944625 0*
#945750 1*
#946875 1) 1-
#947125 0! 1# 0$ 1% 0&
#947875 0)
#948125 0" 0# 0(
#948250 1&
#948375 0*
#949375 1*
#949625 1)
#950000 1! 1" 1# 1$ 1(
#950750 0)
#951000 0/
#952500 1)
#952750 0! 0% 0' 0(
#953500 0) 0-
#953750 0" 1' 1(
#954000 0*
#955000 1*
#955625 1!
#955875 0*
#956875 1*
#957500 0!
#957625 1"
#957750 0*
#958000 1/
#958750 1*
#959375 1!
#959625 0*
#960625 1*
#961875 1) 1-
#962125 0! 0$ 1% 0&
#962875 0)
#963125 0" 1& 0(
#963375 0*
#964375 1*
#964625 1)
#965000 1! 1" 1$ 1(
#965750 0)
#967500 1)
#967750 0! 0% 0' 0(
#968500 0) 0-
#968750 0" 0# 0$ 1' 1(
#968875 1%
#969000 0*
#970000 1*
#970625 1!
#970875 0*
#971875 1*
#972500 0!
#972625 1"
#972750 0*
#973750 1*
#974375 1!
#974625 0*
#975625 1*
#976875 1) 1-
#977000 0!
#977125 1# 0&
#977875 0)
#978125 0" 0# 1& 0(
#978250 1$
#978375 0*
#979375 1*
#979625 1)
#980000 1! 1" 1# 1(
#980750 0)
#982375 1)
#982750 0! 0% 0' 0(
#983500 0) 0-
#983750 0" 0$ 1% 1' 1(
#984000 0*
#985000 1*
#985625 1!
#985875 0*
#986875 1*
#987500 0! 1"
#987750 0*
#988750 1*
#989375 1!
#989625 0*
#990625 1*
#991750 1)
#991875 1-
#992000 0!
#992125 0&
#992875 0)
#993125 0" 1& 0(
#993250 1$
#993375 0*
#994375 1*
#994625 1)
#994875 0# 0& 1(
#995750 0)
#996000 1! 1" 1# 1&
#996250 0*
#997250 1*
#997375 1)
#997750 0! 0% 0' 0(
#998500 0) 0-
#998750 0" 0# 1% 1' 1(
#999000 0*
#1000000 1*
#1000625 1!
#1000875 0*
#1001875 1*
#1002500 0! 1"
#1002750 0*
#1003750 1*
#1004375 1!
#1004625 0*
#1005625 1*
#1006875 1) 1-
#1007125 1#
#1007875 0)
#1008375 0+
#1009375 1+
#1009625 1)
#1010750 0)
#1012375 1)
#1012750 0! 0% 0' 0(
#1013500 0) 0-
#1013750 0" 1' 1(
#1013875 1%
#1014000 0*
#1015000 1*
#1015250 0/
#1015625 1!
#1015875 0*
#1016875 1*
#1017500 0!
#1017625 1"
#1017750 0*
#1018750 1*
#1019375 1!
#1019625 0*
#1020625 1*
#1021875 1) 1-
#1022125 0! 0$ 0&
#1022375 1/
#1022875 0)
#1023125 0" 0# 0% 0' 0(
#1023375 0*
#1024375 1*
#1025000 1!
#1025250 0*
#1026250 1*
#1026875 0!
#1027000 1"
#1027125 0*
#1027875 1)
#1028125 1*
#1028250 1# 1% 1' 1(
#1029000 0)
#1029250 0" 0# 0% 0' 0(
#1029500 0*
#1030500 1*
#1031125 1!
#1031375 0*
#1032375 1*
#1033000 0! 1"
#1033250 0*
#1034000 1)
#1034250 1*
#1034375 1! 1# 1$ 1% 1& 1' 1(
#1035125 0)
#1036875 1)
#1037125 0! 0" 0# 0&
#1037875 0)
#1038125 1! 0% 0' 0(
#1038250 1#
#1038375 0*
#1039375 1*
#1040125 1%
#1040250 0*
#1041375 1*
#1041500 1)
#1041750 0! 0$
#1041875 1' 1(
#1042625 0)
#1042875 1! 1$ 0% 0' 0(
#1043125 0*
#1044125 1*
#1044375 1)
#1044625 0! 0# 1% 1' 1(
#1045500 0)
#1045625 0% 0' 0(
#1045750 1! 1#
#1045875 0*
#1047000 1*
#1047625 1%
#1047750 0*
#1048875 1*
#1049000 1)
#1049250 0! 0$
#1049375 1' 1(
#1050125 0)
#1050375 1! 1$ 0% 0' 0(
#1050625 0*
#1051625 1*
#1051875 1)
#1052125 0! 0$ 1% 1' 1(
#1052250 1"
#1053000 0)
#1053125 0" 0# 0% 0' 0(
#1053375 0*
#1054500 1*
#1055125 1!
#1055375 0*
#1056375 1*
#1056875 0!
#1057000 1"
#1057250 0*
#1058000 1)
#1058250 1' 1( 1*
#1058375 1# 1%
#1059000 0)
#1059250 0" 0# 0% 0' 0(
#1059500 0*
#1060500 1*
#1061125 1!
#1061375 0*
#1062375 1*
#1063000 0!
#1063125 1"
#1063250 0*
#1064500 1)
#1064750 1*
#1065250 1(
#1065375 1! 1# 1$ 1% 1& 1'
#1066125 0)
#1068250 1)
#1068500 0! 0" 0# 0&
#1069375 0)
#1070000 0% 0' 0(
#1070125 1! 1#
#1070375 0*
#1071375 1*
#1072000 1%
#1072250 0*
#1073250 1*
#1073375 1)
#1073625 0!
#1073750 0$ 1' 1(
#1074500 0)
#1074750 1! 1$ 0% 0' 0(
#1075000 0*
#1076000 1*
#1076250 1)
#1076500 0! 0# 1(
#1076625 1% 1'
#1077375 0)
#1077500 0% 0' 0(
#1077625 1! 1#
#1077875 0*
#1078875 1*
#1079500 1%
#1079625 0/
#1079750 0*
#1080750 1*
#1081000 1)
#1081125 0!
#1081250 0$ 1' 1(
#1082000 0)
#1082250 1! 0% 0' 0(
#1082375 1$
#1082500 0*
#1083500 1*
#1083750 1)
#1084000 0! 0$
#1084125 1" 1% 1' 1(
#1084875 0)
#1085000 0(
#1085125 0" 0# 0% 0'
#1085375 0*
#1086375 1*
#1086625 1/
#1087000 1!
#1087250 0*
#1088250 1*
#1088750 0!
#1088875 1"
#1089125 0*
#1089875 1)
#1090125 1*
#1090250 1# 1% 1' 1(
#1091000 0)
#1091125 0# 0% 0' 0(
#1091250 0"
#1091500 0*
#1092500 1*
#1093125 1!
#1093375 0*
#1094375 1*
#1094875 0!
#1095000 1"
#1095250 0*
#1096000 1)
#1096250 1! 1' 1( 1*
#1096375 1# 1$ 1% 1&
#1097125 0)
#1098750 1)
#1099000 0! 0" 0# 0&
#1099875 0)
#1100125 1! 1# 0% 0' 0(
#1100375 0*
#1101375 1*
#1102000 1%
#1102250 0*
#1103250 1*
#1103500 1)
#1103750 0! 0$ 1' 1(
#1104625 0)
#1104750 0% 0' 0(
#1104875 1! 1$
#1105125 0*
#1106125 1*
#1106250 1)
#1106500 0! 0#
#1106625 1% 1' 1(
#1107375 0)
#1107625 1! 1# 0% 0' 0(
#1107875 0*
#1108875 1*
#1109500 1%
#1109750 0*
#1110750 1*
#1111000 1)
#1111250 0! 0$ 1' 1(
#1112125 0)
#1112250 0% 0' 0(
#1112375 1! 1$
#1112625 0*
#1113625 1*
#1113750 1)
#1114000 0! 0$
#1114125 1" 1% 1' 1(
#1114875 0)
#1115125 0" 0# 0% 0' 0(
#1115375 0*
#1116375 1*
#1117000 1!
#1117250 0*
#1118250 1*
#1118875 0!
#1119000 1"
#1119125 0*
#1119875 1)
#1120125 1*
#1120250 1# 1% 1' 1(
#1121000 0)
#1121250 0" 0# 0% 0' 0(
#1121500 0*
#1122500 1*
#1123125 1!
#1123375 0*
#1124375 1*
#1125000 0! 1"
#1125250 0*
#1126000 1)
#1126250 1*
#1126375 1! 1# 1$ 1% 1& 1' 1(
#1127125 0)
#1128875 1)
#1129125 0! 0" 0# 0&
#1129875 0)
#1130125 1! 0% 0' 0(
#1130250 1#
#1130375 0*
#1131500 1*
#1132125 1%
#1132250 0*
#1133375 1*
#1133500 1)
#1133750 0! 0$
#1133875 1' 1(
#1134625 0)
#1134875 1! 1$ 0% 0' 0(
#1135125 0*
#1136125 1*
#1136375 1)
#1136625 0! 0# 1% 1' 1(
#1137500 0)
#1137625 0% 0' 0(
#1137750 1! 1#
#1137875 0*
#1139000 1*
#1139625 1%
#1139875 0*
#1140875 1*
#1141000 1)
#1141250 0! 0$
#1141375 1' 1(
#1142125 0)
#1142375 1! 1$ 0% 0' 0(
#1142625 0*
#1143625 1*
#1143875 1) 0/
#1150875 1/
#1159250 1" 1% 1& 1' 1(
#1160000 0)
#1161625 1)
#1163750 0)
#1165500 1)
#1168500 0! 0$ 0&
#1169375 0)
#1169625 0" 0# 0% 0' 0(
#1169875 0*
#1170875 1*
#1171125 1)
#1171375 1! 1" 1# 1$ 1% 1& 1' 1(
#1172125 0)
#1173875 1)
#1175000 0)
#1175500 0+
#1176500 1+
#1177375 0+
#1178375 1+
#1179250 0+
#1180250 1+
#1181125 0+
#1182125 1+
#1183250 1)
#1183500 0! 0$ 0&
#1184375 0)
#1184625 0" 0% 0' 0(
#1184875 0*
#1185875 1*
#1186125 1)
#1186375 1! 1% 1& 1' 1(
#1186500 1" 1$
#1187250 0)
#1188875 1)
#1189125 0% 0' 0(
#1190000 0) 0-
#1190250 0! 0" 0# 0$ 0&
#1190500 0*
#1191500 1*
#1192125 1!
#1192375 0*
#1193375 1*
#1193875 0!
#1194000 1"
#1194250 0*
#1195250 1*
#1195875 1!
#1196125 0*
#1197125 1*
#1198250 1)
#1198375 1-
#1198500 0!
#1198625 1# 1% 1' 1(
#1199375 0)
#1199625 0" 0# 1$ 0% 0' 0(
#1199875 0*
#1200875 1*
#1201125 1)
#1201375 1' 1(
#1201500 1! 1" 1# 1% 1&
#1202250 0)
#1203875 1)
#1204125 0% 0' 0(
#1205000 0) 0-
#1205250 0! 0" 0$ 0&
#1205500 0*
#1206500 1*
#1207125 1!
#1207375 0*
#1208125 0/
#1208375 1*
#1209000 0! 1"
#1209250 0*
#1210250 1*
#1210875 1!
#1211125 0*
#1212125 1*
#1213250 1)
#1213375 1-
#1213500 0!
#1213625 1% 1' 1(
#1214375 0)
#1214625 0" 1$ 0% 0' 0(
#1214875 0*
#1215125 1/
#1215875 1*
#1216125 1)
#1216375 1! 0# 1' 1(
#1216500 1%
#1217250 0)
#1217500 1" 1# 1&
#1217750 0+
#1218750 1+
#1218875 1)
#1219125 0' 0(
#1219250 0%
#1220000 0) 0-
#1220250 0! 0" 0# 0&
#1220500 0*
#1221500 1*
#1222125 1!
#1222375 0*
#1223375 1*
#1224000 0! 1"
#1224250 0*
#1225250 1*
#1225875 1!
#1226125 0*
#1227125 1*
#1228250 1)
#1228375 1-
#1228500 0! 0$
#1228625 1# 1% 1' 1(
#1229375 0)
#1229625 0" 0# 0' 0(
#1229875 0*
#1230875 1*
#1231125 1)
#1231375 1(
#1231500 1! 1" 1# 1$ 1& 1'
#1232250 0)
#1233875 1)
#1234125 0' 0(
#1234250 0%
#1235000 0) 0-
#1235250 0! 0" 0&
#1235500 0*
#1236500 1*
#1237125 1!
#1237375 0*
#1238375 1*
#1239000 0! 1"
#1239250 0*
#1240250 1*
#1240875 1!
#1241125 0*
#1242125 1*
#1243250 1)
#1243375 1-
#1243500 0! 0$
#1243625 1% 1' 1(
#1244375 0)
#1244625 0" 0' 0(
#1244875 0*
#1245875 1*
#1246125 1)
#1246375 1(
#1246500 1! 1" 1$ 1& 1'
#1247250 0)
#1248875 1)
#1249125 0' 0(
#1249250 0%
#1250000 0) 0-
#1250250 0! 0" 0# 0$ 1% 0&
#1250500 0*
#1251500 1*
#1252125 1!
#1252375 0*
#1253375 1*
#1254000 0! 1"
#1254250 0*
#1255250 1*
#1255875 1!
#1256125 0*
#1257125 1*
#1258250 1)
#1258375 1-
#1258500 0!
#1258625 1# 1' 1(
#1259375 0)
#1259625 0" 0# 1$ 0' 0(
#1259875 0*
#1260875 1*
#1261125 1)
#1261375 1! 1& 1' 1(
#1261500 1" 1#
#1262250 0)
#1263875 1)
#1264125 0% 0' 0(
#1265000 0) 0-
#1265250 0! 0" 0$ 1% 0&
#1265500 0*
#1266500 1*
#1267125 1!
#1267375 0*
#1268375 1*
#1268875 0!
#1269000 1"
#1269250 0*
#1270250 1*
#1270875 1!
#1271125 0*
#1272125 1*
#1272500 0/
#1273250 1)
#1273375 1-
#1273500 0!
#1273625 1' 1(
#1274375 0)
#1274625 0" 1$ 0' 0(
#1274875 0*
#1275875 1*
#1276125 1)
#1276375 1" 0# 1' 1(
#1277250 0)
#1277500 1! 1# 1&
#1277625 0*
#1278625 1*
#1278875 1)
#1279125 0% 0' 0(
#1279500 1/
#1280000 0) 0-
#1280125 0!
#1280250 0" 0# 1% 0&
#1280500 0*
#1281500 1*
#1282125 1!
#1282375 0*
#1283375 1*
#1283875 0!
#1284000 1"
#1284250 0*
#1285250 1*
#1285875 1!
#1286125 0*
#1287125 1*
#1288250 1) 1-
#1288500 0! 0$
#1288625 1# 1' 1(
#1289375 0)
#1289500 0# 0(
#1289625 0" 0% 1& 0'
#1289875 0*
#1290875 1*
#1291125 1)
#1291375 1! 1" 1# 1$ 1% 1' 1(
#1292125 0)
#1293875 1)
#1294125 0% 0' 0(
#1295000 0) 0-
#1295125 0! 0"
#1295250 1% 0&
#1295500 0*
#1296500 1*
#1297125 1!
#1297375 0*
#1298375 1*
#1298875 0!
#1299000 1"
#1299250 0*
#1300250 1*
#1300875 1!
#1301125 0*
#1302125 1*
#1303250 1) 1-
#1303500 0! 0$ 1(
#1303625 1'
#1304375 0)
#1304500 0' 0(
#1304625 0" 0% 1&
#1304875 0*
#1305875 1*
#1306000 1)
#1306375 1! 1" 1$ 1% 1' 1(
#1307125 0)
#1308875 1)
#1309125 0% 0' 0(
#1309875 0-
#1310000 0)
#1310125 0! 0" 0# 0$
#1310500 0*
#1311500 1*
#1312125 1!
#1312375 0*
#1313375 1*
#1313875 0!
#1314000 1"
#1314250 0*
#1315250 1*
#1315875 1!
#1316125 0*
#1317125 1*
#1318250 1) 1-
#1318500 0! 0& 1' 1(
#1318625 1# 1%
#1319375 0)
#1319500 0" 0# 0% 0' 0(
#1319625 1$ 1&
#1319875 0*
#1320875 1*
#1321000 1)
#1321375 1! 1" 1# 1% 1' 1(
#1322125 0)
#1323875 1)
#1324125 0% 0' 0(
#1324875 0-
#1325000 0)
#1325125 0! 0" 0$
#1325500 0*
#1326500 1*
#1327125 1!
#1327375 0*
#1328375 1*
#1328875 0!
#1329000 1"
#1329250 0*
#1330250 1*
#1330875 1!
#1331125 0*
#1332125 1*
#1333250 1) 1-
#1333500 0! 0& 1' 1(
#1333625 1%
#1334375 0)
#1334500 0" 0% 0' 0(
#1334625 1$ 1&
#1334750 0*
#1335875 1*
#1336000 1)
#1336250 0# 0&
#1336375 1! 1" 1% 1' 1(
#1337125 0)
#1337375 1# 1&
#1337625 0+
#1338625 1+
#1338875 1)
#1339125 0% 0' 0(
#1339875 0) 0-
#1340125 0! 0" 0#
#1340375 0*
#1341500 1*
#1342125 1!
#1342250 0*
#1343375 1*
#1343875 0!
#1344000 1"
#1344125 0*
#1345250 1*
#1345750 1!
#1346000 0*
#1347125 1*
#1348250 1) 1-
#1348500 0! 1# 0$ 1% 0& 1' 1(
#1349250 0)
#1349500 0" 0# 0' 0(
#1349625 1&
#1349750 0*
#1350750 1*
#1351000 1)
#1351250 0% 0&
#1351375 1' 1( 0,
#1352125 0)
#1352250 0(
#1352375 0'
#1352625 0+
#1353625 1+
#1353875 1)
#1354125 1! 1" 1# 1$ 1&
#1354250 1,
#1354875 0) 0-
#1355125 0! 0"
#1355375 0*
#1356375 1*
#1357000 1!
#1357250 0*
#1358250 1*
#1358875 0!
#1359000 1"
#1359125 0*
#1360125 1*
#1360750 1!
#1361000 0*
#1362000 1*
#1363250 1) 1-
#1363500 0! 0$ 1% 0& 1' 1(
#1364250 0)
#1364500 0" 1& 0' 0(
#1364750 0*
#1365750 1*
#1366000 1)
#1366375 1! 1" 1$ 1' 1(
#1367125 0)
#1368750 1)
#1369125 0% 0' 0(
#1369875 0) 0-
#1370125 0! 0" 0# 0$ 1%
#1370375 0*
#1371375 1*
#1372000 1!
#1372250 0*
#1373250 1*
#1373875 0!
#1374000 1"
#1374125 0*
#1375125 1*
#1375750 1!
#1376000 0*
#1377000 1*
#1378250 1) 1-
#1378375 0!
#1378500 1# 0& 1' 1(
#1379250 0)
#1379500 0" 0# 1$ 1& 0' 0(
#1379750 0*
#1380750 1*
#1381000 1)
#1381250 0$ 0% 0& 1(
#1381375 1' 0,
#1382125 0)
#1382250 0' 0(
#1382375 1!
#1382625 0+
#1383625 1+
#1383750 1)
#1384125 1" 1# 1$ 1&
#1384250 1,
#1384875 0) 0-
#1385125 0! 0" 0$ 1%
#1385375 0*
#1386375 1*
#1387000 1!
#1387250 0*
#1388250 1*
#1388875 0! 1"
#1389125 0*
#1390125 1*
#1390750 1!
#1391000 0*
#1392000 1*
#1393125 1)
#1393250 1-
#1393375 0! 0&
#1393500 1' 1(
#1394250 0)
#1394500 0" 1$ 1& 0' 0(
#1394750 0*
#1395750 1*
#1396000 1)
#1396250 0& 1' 1(
#1397125 0)
#1397375 1! 1" 1&
#1397625 0*
#1398625 1*
#1398750 1)
#1399000 0(
#1399125 0% 0'
#1399875 0) 0-
#1400125 0! 0" 0# 1%
#1400375 0*
#1401375 1*
#1402000 1!
#1402250 0*
#1403250 1*
#1403875 0! 1"
#1404125 0*
#1405125 1*
#1405750 1!
#1406000 0*
#1407000 1*
#1408125 1)
#1408250 1-
#1408375 0! 0&
#1408500 1# 0$ 1' 1(
#1409250 0)
#1409500 0" 0# 0% 0(
#1409750 0*
#1410750 1*
#1411000 1)
#1411250 1(
#1411375 1! 1" 1# 1$ 1% 1&
#1412125 0)
#1412250 00
#1413750 1)
#1414000 0% 0(
#1414125 0'
#1414875 0) 0-
#1415125 0! 0" 1%
#1415375 0*
#1416375 1*
#1417000 1!
#1417250 0*
#1418250 1*
#1418875 0! 1"
#1419125 0*
#1419250 10
#1420125 1*
#1420750 1!
#1421000 0*
#1422000 1*
#1423125 1)
#1423250 1-
#1423375 0! 0&
#1423500 0$ 1' 1(
#1424250 0)
#1424500 0" 0% 0(
#1424750 0*
#1425750 1*
#1426000 1)
#1426250 1(
#1426375 1! 1" 1$ 1% 1&
#1427125 0)
#1428750 1)
#1429000 0% 0(
#1429125 0'
#1429875 0) 0-
#1430125 0! 0" 0# 0$ 0& 1'
#1430375 0*
#1431375 1*
#1432000 1!
#1432250 0*
#1433250 1*
#1433875 0! 1"
#1434125 0*
#1435125 1*
#1435750 1!
#1436000 0*
#1437000 1*
#1438125 1)
#1438250 1-
#1438375 0!
#1438500 1# 1% 1(
#1439250 0)
#1439500 0" 0# 1$ 0% 0(
#1439750 0*
#1440750 1*
#1441000 1)
#1441250 0$ 1(
#1441375 0,
#1442125 0)
#1442250 0'
#1442625 0+
#1443625 1+
#1443750 1)
#1444000 0(
#1444125 1! 1" 1# 1$ 1&
#1444250 1,
#1444875 0) 0-
#1445125 0! 0" 0$ 0& 1'
#1445375 0*
#1446375 1*
#1447000 1!
#1447250 0*
#1448250 1*
#1448875 0! 1"
#1449125 0*
#1450125 1*
#1450750 1!
#1451000 0*
#1452000 1*
#1453125 1)
#1453250 1-
#1453375 0!
#1453500 1% 1(
#1454250 0)
#1454500 0" 1$ 0% 0(
#1454750 0*
#1455750 1*
#1456000 1)
#1456250 1(
#1456375 1! 1%
#1457125 0)
#1457375 1" 1&
#1457625 0+
#1458625 1+
#1458750 1)
#1459125 0% 0' 0(
#1459875 0) 0-
#1460125 0! 0" 0# 0& 1'
#1460375 0*
#1461375 1*
#1462000 1!
#1462250 0*
#1463250 1*
#1463875 0! 1"
#1464125 0*
#1465125 1*
#1465750 1!
#1466000 0*
#1467000 1*
#1468250 1) 1-
#1468375 0!
#1468500 1# 0$ 1% 1(
#1469250 0)
#1469500 0" 0# 0(
#1469750 0*
#1470750 1*
#1471000 1)
#1471250 0% 1(
#1471375 0,
#1472125 0)
#1472250 0'
#1472375 1!
#1472625 0+
#1473625 1+
#1473750 1)
#1474000 0(
#1474125 1" 1# 1$ 1&
#1474250 1,
#1474875 0) 0-
#1475125 0! 0" 0& 1'
#1475375 0*
#1476375 1*
#1477000 1!
#1477250 0*
#1478250 1*
#1478875 0!
#1479000 1"
#1479125 0*
#1480125 1*
#1480750 1!
#1481000 0*
#1482000 1*
#1483250 1) 1-
#1483375 0!
#1483500 0$ 1% 1(
#1484250 0)
#1484500 0" 0(
#1484750 0*
#1485750 1*
#1486000 1)
#1486375 1! 1" 1$ 1& 1(
#1487125 0)
#1488875 1)
#1489125 0% 0' 0(
#1489875 0) 0-
#1490125 0! 0" 0# 0$ 0&
#1490250 1% 1'
#1490375 0*
#1491500 1*
#1492000 1!
#1492250 0*
#1493375 1*
#1493875 0!
#1494000 1"
#1494125 0*
#1495250 1*
#1495875 1!
#1496000 0*
#1496125 00
#1497125 1*
#1498250 1) 1-
#1498500 0! 1# 1(
#1499375 0)
#1499500 0" 0# 0(
#1499625 1$
#1499750 0*
#1500875 1*
#1501000 1)
#1501375 1! 1" 1# 1& 1(
#1502125 0)
#1503125 10
#1503875 1)
#1504125 0% 0' 0(
#1504875 0-
#1505000 0)
#1505125 0! 0" 0$ 0&
#1505250 1% 1'
#1505375 0*
#1506500 1*
#1507125 1!
#1507375 0*
#1508375 1*
#1508875 0!
#1509000 1"
#1509250 0*
#1510250 1*
#1510875 1!
#1511125 0*
#1512125 1*
#1513250 1) 1-
#1513500 0! 1(
#1514375 0)
#1514500 0" 0(
#1514625 1$
#1514875 0*
#1515875 1*
#1516000 1)
#1516375 1" 1(
#1517125 0)
#1517375 1! 1&
#1517625 0*
#1518625 1*
#1518875 1)
#1519125 0% 0' 0(
#1519875 0-
#1520000 0)
#1520125 0! 0" 0# 0&
#1520250 1% 1'
#1520500 0*
#1521500 1*
#1522125 1!
#1522375 0*
#1523375 1*
#1523875 0!
#1524000 1"
#1524250 0*
#1525250 1*
#1525875 1!
#1526125 0*
#1527125 1*
#1528250 1) 1-
#1528500 0! 0$ 1(
#1528625 1#
#1529375 0)
#1529500 0# 0(
#1529625 0" 0% 1&
#1529875 0*
#1530875 1*
#1531125 1)
#1531375 1! 1" 1# 1$ 1% 1(
#1532125 0)
#1533875 1)
#1534125 0% 0' 0(
#1535000 0) 0-
#1535125 0! 0"
#1535250 1% 0& 1'
#1535500 0*
#1536500 1*
#1537125 1!
#1537375 0*
#1538375 1*
#1538875 0!
#1539000 1"
#1539250 0*
#1540250 1*
#1540875 1!
#1541125 0*
#1542125 1*
#1543250 1)
#1543375 1-
#1543500 0! 0$
#1543625 1(
#1544375 0)
#1544500 0(
#1544625 0" 0% 1&
#1544875 0*
#1545875 1*
#1546125 1)
#1546375 1! 1" 1% 1(
#1546500 1$
#1547250 0)
#1548875 1)
#1549125 0% 0' 0(
#1550000 0) 0-
#1550250 0! 0" 0# 0$ 1'
#1550500 0*
#1551500 1*
#1552125 1!
#1552375 0*
#1553375 1*
#1554000 0! 1"
#1554250 0*
#1555250 1*
#1555875 1!
#1556125 0*
#1557125 1*
#1558250 1)
#1558375 1-
#1558500 0! 0&
#1558625 1# 1% 1(
#1559375 0)
#1559625 0" 0# 1$ 0% 1& 0(
#1559875 0*
#1560875 1*
#1561125 1)
#1561375 1(
#1561500 1! 1" 1# 1%
#1562250 0)
#1563875 1)
#1564125 0(
#1564250 0% 0'
#1565000 0) 0-
#1565250 0! 0" 0$ 1'
#1565500 0*
#1566500 1*
#1567125 1!
#1567375 0*
#1568375 1*
#1569000 0! 1"
#1569250 0*
#1570250 1*
#1570875 1!
#1571125 0*
#1572125 1*
#1573375 1) 1-
#1573500 0!
#1573625 1% 0& 1(
#1574375 0)
#1574625 0" 0% 1& 0(
#1574750 1$
#1574875 0*
#1575875 1*
#1576125 1)
#1576375 0&
#1576500 1! 1" 1% 1(
#1577250 0)
#1577500 1&
#1577750 0+
#1578750 1+
#1579000 1)
#1579250 0% 0' 0(
#1580000 0) 0- 00
#1580250 0! 0" 0# 1'
#1580500 0*
#1581500 1*
#1582125 1!
#1582375 0*
#1583375 1*
#1584000 0!
#1584125 1"
#1584250 0*
#1585250 1*
#1585875 1!
#1586125 0*
#1586875 10
#1587125 1*
#1588375 1) 1-
#1588625 0! 1# 0$ 1% 0& 1(
#1589500 0)
#1589625 0" 0# 0(
#1589750 1&
#1589875 0*
#1591000 1*
#1591125 1)
#1591500 1! 1" 1# 1$ 1(
#1592250 0)
#1594000 1)
#1594250 0% 0' 0(
#1595000 0-
#1595125 0)
#1595250 0! 0"
#1595375 1'
#1595500 0*
#1596625 1*
#1597250 1!
#1597375 0*
#1598500 1*
#1599000 0!
#1599125 1"
#1599375 0*
#1600375 1*
#1601000 1!
#1601250 0*
#1602250 1*
#1603375 1) 1-
#1603625 0! 0$ 0& 1(
#1603750 1%
#1604500 0)
#1604625 0" 0(
#1604750 1&
#1605000 0*
#1606000 1*
#1606125 1)
#1606500 1! 1" 1$ 1(
#1607250 0)
#1609000 1)
#1609250 0% 0' 0(
#1610000 0-
#1610125 0)
#1610250 0! 0" 0# 0$
#1610375 1% 1'
#1610625 0*
#1611625 1*
#1612250 1!
#1612500 0*
#1613500 1*
#1614000 0!
#1614125 1"
#1614375 0*
#1615375 1*
#1616000 1!
#1616250 0*
#1617250 1*
#1618375 1) 1-
#1618625 0! 0& 1(
#1618750 1#
#1619500 0)
#1619625 0" 0# 0(
#1619750 1$ 1&
#1620000 0*
#1621000 1*
#1621125 1)
#1621500 1! 1" 1# 1(
#1622250 0)
#1624000 1)
#1624250 0% 0' 0(
#1625000 0-
#1625125 0)
#1625250 0! 0"
#1625375 0$ 1% 1'
#1625625 0*
#1626625 1*
#1627250 1!
#1627500 0*
#1628500 1*
#1629000 0!
#1629125 1"
#1629375 0*
#1630375 1*
#1631000 1!
#1631250 0*
#1632250 1*
#1633375 1) 1-
#1633625 0! 0& 1(
#1634500 0)
#1634625 0(
#1634750 0" 1$ 1&
#1635000 0*
#1636000 1*
#1636250 1)
#1636500 0# 0$ 0% 1(
#1637250 0)
#1637625 1! 1" 1# 1$ 1%
#1637750 0*
#1638750 1*
#1639000 1)
#1639250 0% 0' 0(
#1640125 0) 0-
#1640250 0! 0" 0#
#1640375 1% 1'
#1640625 0*
#1641625 1*
#1642250 1!
#1642500 0*
#1643500 1*
#1644000 0!
#1644125 1"
#1644375 0*
#1645375 1*
#1646000 1!
#1646250 0*
#1647250 1*
#1648375 1) 1-
#1648750 1# 1(
#1649500 0)
#1650000 0+
#1651000 1+
#1651250 1)
#1652250 0)
#1654000 1)
#1654250 0% 0' 0(
#1655125 0) 0-
#1655250 0!
#1655375 0" 1% 1'
#1655625 0*
#1656625 1*
#1657250 1!
#1657500 0*
#1658500 1*
#1659000 0!
#1659125 1"
#1659375 0*
#1660375 1*
#1661000 1!
#1661250 0*
#1662250 1*
#1663375 1)
#1663500 1-
#1663625 0! 0$ 0& 1(
#1664500 0)
#1664625 0(
#1664750 0" 0# 0% 0'
#1665000 0*
#1666000 1*
#1666625 1!
#1666875 0*
#1667875 1*
#1668375 0!
#1668500 1"
#1668750 0*
#1669500 1)
#1669750 1*
#1669875 1# 1% 1' 1(
#1670625 0)
#1670750 0# 0% 0' 0(
#1670875 0"
#1671125 0*
#1672125 1*
#1672750 1!
#1673000 0*
#1674000 1*
#1674500 0!
#1674625 1"
#1674875 0*
#1675625 1)
#1675875 1! 1# 1$ 1% 1& 1' 1( 1*
#1676625 0)
#1678375 1)
#1678625 0! 0" 0# 0&
#1679500 0)
#1679625 0(
#1679750 1" 1# 0% 0'
#1680000 0*
#1681000 1*
#1681625 1%
#1681875 0*
#1682875 1*
#1683125 1)
#1683375 0" 0$ 1' 1(
#1684125 0)
#1684375 0% 0' 0(
#1684500 1" 1$
#1684625 0*
#1685625 1*
#1685875 1)
#1686125 0" 0# 1(
#1686250 1% 1'
#1687000 0)
#1687125 0' 0(
#1687250 1" 1# 0%
#1687500 0*
#1688500 1*
#1689125 1%
#1689375 0*
#1690375 1*
#1690625 1)
#1690875 0" 0$ 1' 1(
#1691625 0)
#1691875 0% 0' 0(
#1692000 1" 1$
#1692125 0*
#1693125 1*
#1693375 1)
#1693625 0$
#1693750 1% 1' 1(
#1694500 0)
#1694625 0(
#1694750 0" 0# 0% 0'
#1695000 0*
#1696000 1*
#1696625 1!
#1696875 0*
#1697875 1*
#1698375 0!
#1698500 1"
#1698750 0*
#1699500 1)
#1699750 1*
#1699875 1# 1% 1' 1(
#1700625 0)
#1700750 0" 0# 0% 0' 0(
#1701125 0*
#1702125 1*
#1702750 1!
#1703000 0*
#1704000 1*
#1704500 0!
#1704625 1"
#1704875 0*
#1706000 1)
#1706250 1*
#1706875 1! 1# 1$ 1% 1& 1' 1(
#1707625 0)
#1709750 1)
#1710000 0! 0" 0# 0&
#1710875 0)
#1711500 0% 0' 0(
#1711625 1" 1#
#1711875 0*
#1712875 1*
#1713500 1%
#1713750 0*
#1714750 1*
#1714875 1)
#1715125 0"
#1715250 0$ 1' 1(
#1716000 0)
#1716250 1" 1$ 0% 0' 0(
#1716500 0*
#1717500 1*
#1717750 1)
#1718000 0" 0# 1' 1(
#1718125 1%
#1718875 0)
#1719000 0% 0' 0(
#1719125 1" 1#
#1719375 0*
#1720375 1*
#1721000 1%
#1721250 0*
#1722250 1*
#1722375 1)
#1722625 0"
#1722750 0$ 1' 1(
#1723500 0)
#1723750 1" 1$ 0% 0' 0(
#1724000 0*
#1725000 1*
#1725250 1)
#1725500 0$ 1' 1(
#1725625 1%
#1726375 0)
#1726500 0" 0# 0% 0' 0(
#1726875 0*
#1727875 1*
#1728500 1!
#1728750 0*
#1729750 1*
#1730250 0!
#1730375 1"
#1730625 0*
#1731375 1)
#1731625 1' 1( 1*
#1731750 1# 1%
#1732375 0)
#1732625 0" 0# 0% 0' 0(
#1732875 0*
#1733875 1*
#1734500 1!
#1734750 0*
#1735750 1*
#1736375 0!
#1736500 1"
#1736625 0*
#1737375 1)
#1737625 1*
#1737750 1! 1# 1$ 1% 1& 1' 1(
#1738500 0)
#1740250 1)
#1740500 0! 0" 0# 0&
#1741375 0)
#1741500 0% 0' 0(
#1741625 1" 1#
#1741750 0*
#1742875 1*
#1743500 1%
#1743750 0*
#1744750 1*
#1744875 1)
#1745125 0" 0$
#1745250 1' 1(
#1746000 0)
#1746250 1" 1$ 0% 0' 0(
#1746500 0*
#1747500 1*
#1747750 1)
#1748000 0" 0# 1% 1' 1(
#1748875 0)
#1749000 0% 0' 0(
#1749125 1" 1#
#1749250 0*
#1750375 1* 0/
#1751000 1%
#1751125 0*
#1752250 1*
#1752375 1)
#1752625 0" 0$
#1752750 1' 1(
#1753500 0)
#1753750 1" 1$ 0% 0' 0(
#1754000 0*
#1755000 1*
#1755250 1)
#1755500 0$ 1% 1' 1(
#1756250 0)
#1756500 0" 0# 0% 0' 0(
#1756750 0*
#1757375 1/
#1757875 1*
#1758500 1!
#1758625 0*
#1759625 1*
#1760250 0!
#1760375 1"
#1760500 0*
#1761250 1)
#1761500 1*
#1761625 1# 1% 1' 1(
#1762375 0)
#1762625 0" 0# 0% 0' 0(
#1762875 0*
#1763875 1*
#1764500 1!
#1764750 0*
#1765750 1*
#1766375 0! 1"
#1766625 0*
#1767375 1)
#1767625 1*
#1767750 1! 1# 1$ 1% 1& 1' 1(
#1768500 0)
#1770250 1)
#1770500 0! 0" 0# 0&
#1771250 0)
#1771500 1# 0% 0' 0(
#1771625 1"
#1771750 0*
#1772750 1*
#1773500 1%
#1773625 0*
#1774625 1*
#1774875 1)
#1775125 0" 0$
#1775250 1' 1(
#1776000 0)
#1776125 0' 0(
#1776250 1" 1$ 0%
#1776500 0*
#1777500 1*
#1777750 1)
#1777875 0"
#1778000 0# 1% 1' 1(
#1778750 0)
#1779000 1" 1# 0% 0' 0(
#1779250 0*
#1780250 1*
#1780875 1%
#1781125 0*
#1782125 1*
#1782375 1)
#1782625 0" 0$ 1(
#1782750 1'
#1783500 0)
#1783625 0' 0(
#1783750 1" 1$ 0%
#1784000 0*
#1785000 1*
#1785125 1)
#1800500 1! 1% 1& 1' 1(
#1801250 0)
#1803000 1)
#1805000 0)
#1806250 0/
#1806750 1)
#1809750 0! 0&
#1809875 0$
#1810625 0)
#1810875 0" 0# 0% 0' 0(
#1811125 0*
#1812125 1*
#1812375 1)
#1812625 1' 1(
#1812750 1! 1" 1# 1$ 1% 1&
#1813250 1/
#1813500 0)
#1815125 1)
#1816250 0)
#1816750 0+
#1817750 1+
#1818625 0+
#1819625 1+
#1820500 0+
#1821500 1+
#1822375 0+
#1823375 1+
#1824500 1)
#1824750 0! 0$ 0&
#1825625 0)
#1825875 0" 0% 0' 0(
#1826125 0*
#1827125 1*
#1827375 1)
#1827625 1! 1% 1& 1' 1(
#1827750 1" 1$
#1828500 0)
#1830125 1)
#1830375 0% 0' 0(
#1831250 0) 0-
#1831500 0! 0" 0# 0$ 0& 1(
#1831750 0*
#1832750 1*
#1833375 1!
#1833625 0*
#1834625 1*
#1835125 0!
#1835250 1"
#1835500 0*
#1836500 1*
#1837125 1!
#1837375 0*
#1838375 1*
#1839500 1) 1-
#1839750 0!
#1839875 1# 1% 1'
#1840625 0)
#1840875 0" 0# 1$ 0% 0' 0(
#1841125 0*
#1842125 1*
#1842375 1)
#1842625 1! 1" 1# 1% 1& 1' 1(
#1843375 0)
#1845125 1)
#1845375 0% 0' 0(
#1846250 0) 0-
#1846375 0!
#1846500 0" 0$ 0& 1(
#1846750 0*
#1847750 1*
#1848375 1!
#1848625 0*
#1849625 1*
#1850125 0!
#1850250 1"
#1850500 0*
#1851500 1*
#1852125 1!
#1852375 0*
#1853375 1*
#1854500 1) 1-
#1854750 0!
#1854875 1% 1'
#1855625 0)
#1855875 0" 1$ 0% 0' 0(
#1856125 0*
#1857125 1*
#1857375 1)
#1857625 1! 0# 0$ 1& 1' 1(
#1858375 0)
#1858750 1" 1# 1$ 1%
#1859000 0+
#1860000 1+
#1860125 1)
#1860375 0% 0' 0(
#1861250 0) 0-
#1861375 0!
#1861500 0" 0# 0& 1(
#1861750 0*
#1862750 1*
#1863375 1!
#1863625 0*
#1864625 1*
#1865125 0!
#1865250 1"
#1865500 0*
#1866500 1*
#1867125 1!
#1867375 0*
#1868375 1*
#1869500 1) 1-
#1869750 0! 0$
#1869875 1# 1% 1'
#1870625 0)
#1870750 0#
#1870875 0" 0' 0(
#1871125 0*
#1872125 1*
#1872375 1)
#1872625 1! 1" 1# 1$ 1& 1' 1(
#1873375 0)
#1875125 1)
#1875375 0% 0' 0(
#1876250 0) 0-
#1876375 0!
#1876500 0" 0& 1(
#1876750 0*
#1877750 1*
#1878375 1!
#1878625 0*
#1879625 1*
#1880125 0!
#1880250 1"
#1880500 0*
#1881500 1*
#1882125 1!
#1882375 0*
#1883375 1*
#1884500 1) 1-
#1884750 0! 0$
#1884875 1% 1'
#1885625 0)
#1885875 0" 0' 0(
#1886125 0*
#1887125 1*
#1887375 1)
#1887625 1! 1" 1$ 1& 1' 1(
#1888375 0)
#1890125 1)
#1890375 0% 0' 0(
#1891250 0) 0-
#1891500 0! 0" 0# 0$ 1% 0& 1(
#1891750 0*
#1892750 1*
#1893375 1!
#1893625 0*
#1894625 1*
#1895125 0!
#1895250 1"
#1895500 0*
#1896500 1*
#1897125 1!
#1897375 0*
#1898375 1*
#1899500 1)
#1899625 1-
#1899750 0!
#1899875 1# 1'
#1900625 0)
#1900875 0" 0# 1$ 0' 0(
#1901125 0*
#1902125 1*
#1902375 1)
#1902625 1! 1" 1# 1& 1' 1(
#1903500 0)
#1905125 1)
#1905375 0% 0' 0(
#1906250 0) 0-
#1906500 0! 0" 0$ 1% 0& 1(
#1906750 0*
#1907750 1*
#1908375 1!
#1908625 0*
#1909625 1*
#1910250 0! 1"
#1910500 0*
#1911500 1*
#1912125 1!
#1912375 0*
#1913375 1*
#1914500 1)
#1914625 1-
#1914750 0!
#1914875 1'
#1915625 0)
#1915875 0" 1$ 0' 0(
#1916125 0*
#1917125 1*
#1917375 1)
#1917625 0# 0$ 0% 1& 1' 1(
#1917750 1"
#1918500 0)
#1918750 1! 1# 1$ 1%
#1919000 0*
#1920000 1*
#1920125 1)
#1920375 0% 0(
#1920500 0'
#1921250 0) 0-
#1921500 0! 0" 0# 1% 0& 1(
#1921750 0*
#1922750 1*
#1923375 1!
#1923625 0*
#1924625 1*
#1925250 0! 1"
#1925500 0*
#1926500 1*
#1927125 1!
#1927375 0*
#1928375 1*
#1929500 1)
#1929625 1-
#1929750 0!
#1929875 1# 0$ 1'
#1930625 0)
#1930875 0" 0# 0% 1& 0' 0(
#1931125 0*
#1932125 1*
#1932375 1)
#1932750 1! 1" 1# 1$ 1% 1' 1(
#1933500 0)
#1935125 1)
#1935500 0% 0' 0(
#1936250 0) 0-
#1936500 0! 0" 1% 0& 1(
#1936750 0*
#1937625 0/
#1937750 1*
#1938375 1!
#1938625 0*
#1939625 1*
#1940250 0!
#1940375 1"
#1940500 0*
#1941500 1*
#1942125 1!
#1942375 0*
#1943375 1*
#1944625 1) 1- 1/
#1944750 0!
#1944875 0$ 1'
#1945625 0)
#1945875 0" 0% 0' 0(
#1946000 1&
#1946125 0*
#1947125 1*
#1947375 1)
#1947750 1! 1" 1$ 1% 1' 1(
#1948500 0)
#1950250 1)
#1950500 0% 0' 0(
#1951250 0) 0-
#1951500 0! 0" 0# 0$ 1(
#1951750 0*
#1952875 1*
#1953500 1!
#1953625 0*
#1954750 1*
#1955250 0!
#1955375 1"
#1955500 0*
#1956625 1*
#1957250 1!
#1957375 0*
#1958500 1*
#1959625 1) 1-
#1959875 0! 1# 1% 0& 1'
#1960750 0)
#1960875 0" 0# 0% 0' 0(
#1961000 1$ 1&
#1961125 0*
#1962250 1*
#1962375 1)
#1962750 1! 1" 1# 1% 1' 1(
#1963500 0)
#1965250 1)
#1965500 0% 0' 0(
#1966250 0-
#1966375 0)
#1966500 0! 0" 0$
#1966625 1(
#1966875 0*
#1967875 1*
#1968500 1!
#1968750 0*
#1969750 1*
#1970250 0!
#1970375 1"
#1970625 0*
#1971625 1*
#1972250 1!
#1972500 0*
#1973500 1*
#1974625 1) 1-
#1974875 0! 0& 1'
#1975000 1%
#1975750 0)
#1975875 0" 0% 0' 0(
#1976000 1$ 1&
#1976250 0*
#1977250 1*
#1977375 1)
#1977625 0# 0$
#1977750 1! 1" 1' 1(
#1978500 0)
#1978750 1# 1$ 1%
#1979000 0+
#1980000 1+
#1980250 1)
#1980500 0% 0' 0(
#1981250 0-
#1981375 0)
#1981500 0! 0" 0#
#1981625 1(
#1981875 0*
#1982875 1*
#1983500 1!
#1983750 0*
#1984750 1*
#1985250 0!
#1985375 1"
#1985625 0*
#1986625 1*
#1987250 1!
#1987500 0*
#1988500 1*
#1989625 1) 1-
#1989875 0! 0$ 0&
#1990000 1# 1% 1'
#1990750 0)
#1990875 0#
#1991000 0" 1& 0' 0(
#1991250 0*
#1992250 1*
#1992500 1)
#1992750 1! 1" 1# 1$ 1' 1(
#1993500 0) 0/
#1995250 1)
#1995500 0% 0' 0(
#1996375 0) 0-
#1996500 0!
#1996625 0" 1(
#1996875 0*
#1997875 1*
#1998500 1!
#1998750 0*
#1999750 1*
#2000250 0!
#2000375 1"
#2000500 1/
#2000625 0*
#2001625 1*
#2002250 1!
#2002500 0*
#2003500 1*
#2004625 1)
#2004750 1-
#2004875 0! 0$ 0&
#2005000 1% 1'
#2005750 0)
#2006000 0" 1& 0' 0(
#2006250 0*
#2007250 1*
#2007500 1)
#2007750 1! 1' 1(
#2007875 1" 1$
#2008625 0)
#2010250 1)
#2010500 0' 0(
#2010625 0%
#2011375 0) 0-
#2011625 0! 0" 0# 0$ 1% 1(
#2011875 0*
#2012875 1*
#2013500 1!
#2013750 0*
#2014750 1*
#2015375 0! 1"
#2015625 0*
#2016625 1*
#2017250 1!
#2017500 0*
#2018500 1*
#2019625 1)
#2019750 1-
#2019875 0! 0&
#2020000 1# 1'
#2020750 0)
#2021000 0" 0# 1$ 1& 0' 0(
#2021250 0*
#2022250 1*
#2022500 1)
#2022750 0$ 0% 0&
#2022875 1'
#2023625 0)
#2023750 0'
#2024125 0+
#2025125 1+
#2025250 1)
#2025625 1! 1" 1# 1$ 1&
#2026375 0) 0-
#2026625 0! 0" 0$ 1(
#2026750 1%
#2026875 0*
#2027875 1*
#2028500 1!
#2028750 0*
#2029750 1*
#2030375 0!
#2030500 1"
#2030625 0*
#2031625 1*
#2032250 1!
#2032500 0*
#2033500 1*
#2034750 1) 1-
#2034875 0!
#2035000 0& 1'
#2035750 0)
#2036000 0" 1& 0' 0(
#2036125 1$
#2036250 0*
#2037250 1*
#2037500 1)
#2037750 0$ 0%
#2037875 1' 1(
#2038625 0)
#2038875 1! 1" 1$ 1%
#2039125 0*
#2040125 1*
#2040375 1)
#2040625 0% 0' 0(
#2041375 0) 0-
#2041625 0! 0" 0# 1(
#2041750 1%
#2041875 0*
#2042875 1*
#2043625 1!
#2043750 0*
#2044875 1*
#2045375 0!
#2045500 1"
#2045625 0*
#2046750 1*
#2047375 1!
#2047500 0*
#2048625 1*
#2049750 1) 1-
#2050000 0! 1# 0$ 0& 1'
#2050875 0)
#2051000 0" 0# 0% 0(
#2051250 0*
#2052375 1*
#2052500 1)
#2052875 1! 1" 1# 1$ 1% 1& 1(
#2053625 0)
#2055375 1)
#2055625 0% 0' 0(
#2056375 0-
#2056500 0)
#2056625 0! 0"
#2056750 1% 1(
#2056875 0*
#2058000 1*
#2058625 1!
#2058875 0*
#2059875 1*
#2060375 0!
#2060500 1"
#2060750 0*
#2061750 1*
#2062375 1!
#2062625 0*
#2063625 1*
#2064750 1) 1-
#2065000 0! 0$ 0& 1'
#2065875 0)
#2066000 0" 0% 0(
#2066375 0*
#2067375 1*
#2067500 1)
#2067875 1! 1" 1$ 1% 1& 1(
#2068625 0)
#2070375 1)
#2070625 0% 0' 0(
#2071375 0-
#2071500 0)
#2071625 0! 0" 0# 0$ 0&
#2071750 1' 1(
#2072000 0*
#2073000 1*
#2073625 1!
#2073875 0*
#2074875 1*
#2075375 0!
#2075500 1"
#2075750 0*
#2076750 1*
#2077375 1!
#2077625 0*
#2078625 1*
#2079750 1) 1-
#2080000 0!
#2080125 1# 1%
#2080875 0)
#2081000 0" 0# 0% 0(
#2081125 1$
#2081375 0*
#2082375 1*
#2082500 1)
#2082875 1! 1" 1# 1% 1& 1(
#2083625 0)
#2085375 1)
#2085625 0% 0' 0(
#2085750 0/
#2086375 0-
#2086500 0)
#2086625 0! 0" 0&
#2086750 0$ 1' 1(
#2087000 0*
#2088000 1*
#2088625 1!
#2088875 0*
#2089875 1*
#2090375 0!
#2090500 1"
#2090750 0*
#2091750 1*
#2092375 1!
#2092625 0*
#2092750 1/
#2093625 1*
#2094750 1) 1-
#2095000 0!
#2095125 1%
#2095875 0)
#2096000 0% 0(
#2096125 0" 1$
#2096375 0*
#2097375 1*
#2097500 1)
#2097750 0$
#2097875 1! 1& 1(
#2098625 0)
#2098875 1$ 1%
#2099000 1"
#2099125 0+
#2100125 1+
#2100375 1)
#2100625 0% 0' 0(
#2101375 0-
#2101500 0)
#2101625 0! 0" 0# 0&
#2101750 1' 1(
#2102000 0*
#2103000 1*
#2103625 1!
#2103875 0*
#2104875 1*
#2105375 0!
#2105500 1"
#2105750 0*
#2106750 1*
#2107375 1!
#2107625 0*
#2108625 1*
#2109750 1) 1-
#2110000 0! 0$
#2110125 1# 1%
#2110875 0)
#2111000 0" 0# 0(
#2111375 0*
#2112375 1*
#2112500 1)
#2112875 1! 1" 1# 1$ 1& 1(
#2113625 0)
#2115375 1)
#2115625 0% 0' 0(
#2116375 0-
#2116500 0)
#2116625 0! 0" 0&
#2116750 1' 1(
#2117000 0*
#2118000 1*
#2118625 1!
#2118875 0*
#2119875 1*
#2120375 0!
#2120500 1"
#2120750 0*
#2121750 1*
#2122375 1!
#2122625 0*
#2123625 1*
#2124750 1) 1-
#2125000 0! 0$
#2125125 1%
#2125875 0)
#2126000 0" 0(
#2126375 0*
#2127375 1*
#2127500 1)
#2127875 1! 1" 1$ 1& 1(
#2128625 0)
#2130375 1)
#2130625 0% 0' 0(
#2131375 0-
#2131500 0)
#2131625 0! 0" 0# 0$ 0&
#2131750 1% 1' 1(
#2132000 0*
#2133000 1*
#2133625 1!
#2133875 0*
#2134875 1*
#2135375 0!
#2135500 1"
#2135750 0*
#2136750 1*
#2137375 1!
#2137625 0*
#2138625 1*
#2139750 1) 1-
#2140000 0!
#2140125 1#
#2140875 0)
#2141000 0" 0# 0(
#2141125 1$
#2141375 0*
#2141625 0/
#2142375 1*
#2142500 1)
#2142875 1! 1" 1# 1& 1(
#2143625 0)
#2145375 1)
#2145625 0% 0' 0(
#2146375 0-
#2146500 0)
#2146625 0! 0" 0$ 0&
#2146750 1% 1' 1(
#2147000 0*
#2148000 1*
#2148625 1! 1/
#2148875 0*
#2149875 1*
#2150375 0!
#2150500 1"
#2150750 0*
#2151750 1*
#2152375 1!
#2152625 0*
#2153625 1*
#2154750 1) 1-
#2155000 0!
#2155875 0)
#2156000 0" 0(
#2156125 1$
#2156250 0*
#2157375 1*
#2157500 1)
#2157750 0$ 0%
#2157875 1" 1& 1(
#2158625 0)
#2158875 1! 1$ 1%
#2159125 0*
#2160125 1*
#2160375 1)
#2160625 0% 0' 0(
#2161375 0) 0-
#2161625 0! 0" 0# 0& 1(
#2161750 1% 1'
#2161875 0*
#2163000 1*
#2163625 1!
#2163750 0*
#2164875 1*
#2165375 0!
#2165500 1"
#2165625 0*
#2166750 1*
#2167250 1!
#2167500 0*
#2168625 1*
#2169750 1) 1-
#2170000 0! 1# 0$
#2170750 0)
#2171000 0" 0# 0% 0(
#2171125 1&
#2171250 0*
#2172250 1*
#2172500 1)
#2172875 1! 1" 1# 1$ 1% 1(
#2173625 0)
#2175375 1)
#2175625 0% 0' 0(
#2176375 0) 0-
#2176625 0! 0" 0& 1' 1(
#2176750 1%
#2176875 0*
#2177875 1*
#2178500 1!
#2178750 0*
#2179750 1*
#2180375 0!
#2180500 1"
#2180625 0*
#2181625 1*
#2182250 1!
#2182500 0*
#2183500 1*
#2184750 1) 1-
#2184875 0!
#2185000 0$
#2185750 0)
#2186000 0" 0% 1& 0(
#2186250 0*
#2187250 1*
#2187500 1)
#2187875 1! 1" 1$ 1% 1(
#2188625 0)
#2190250 1)
#2190625 0% 0' 0(
#2191375 0) 0-
#2191625 0! 0" 0# 0$ 1' 1(
#2191875 0*
#2192875 1*
#2193500 1!
#2193750 0*
#2194750 1*
#2195375 0! 1"
#2195625 0*
#2196625 1*
#2197250 1!
#2197500 0*
#2198500 1*
#2199625 1)
#2199750 1-
#2199875 0! 0&
#2200000 1# 1%
#2200750 0)
#2201000 0" 0# 1$ 0% 1& 0(
#2201250 0*
#2202250 1*
#2202500 1)
#2202750 1(
#2202875 1! 1" 1# 1%
#2203625 0)
#2205250 1)
#2205500 0(
#2205625 0% 0'
#2206375 0) 0-
#2206625 0! 0" 0$ 1' 1(
#2206875 0*
#2207875 1*
#2208500 1!
#2208750 0*
#2209750 1*
#2210375 0! 1"
#2210625 0*
#2211625 1*
#2212250 1!
#2212500 0*
#2213500 1*
#2214625 1)
#2214750 1-
#2214875 0! 0&
#2215000 1%
#2215750 0)
#2216000 0" 1$ 0% 1& 0(
#2216250 0*
#2217250 1*
#2217500 1)
#2217750 1! 1" 0$ 1(
#2218625 0)
#2218875 1$ 1%
#2219125 0+
#2220125 1+
#2220250 1)
#2220500 0% 0' 0(
#2221375 0) 0-
#2221625 0! 0" 0# 1' 1(
#2221875 0*
#2222875 1*
#2223500 1!
#2223750 0*
#2224750 1*
#2225250 0!
#2225375 1"
#2225625 0*
#2226625 1*
#2227250 1!
#2227500 0*
#2228500 1*
#2229625 1)
#2229750 1-
#2229875 0! 0$ 0&
#2230000 1# 1%
#2230750 0)
#2231000 0" 0# 1& 0(
#2231250 0*
#2232250 1*
#2232500 1)
#2232750 1! 1" 1# 1$ 1(
#2233500 0)
#2235250 1)
#2235500 0% 0' 0(
#2236375 0) 0-
#2236500 0!
#2236625 0" 1' 1(
#2236875 0*
#2237875 1*
#2238500 1!
#2238750 0*
#2239750 1*
#2240250 0!
#2240375 1"
#2240625 0*
#2241625 1*
#2242250 1!
#2242500 0*
#2243500 1*
#2244625 1) 1-
#2244875 0! 0$ 0&
#2245000 1%
#2245750 0)
#2245875 0(
#2246000 0" 1&
#2246250 0*
#2247250 1*
#2247500 1)
#2247750 1! 1" 1$ 1(
#2248500 0)
#2250250 1)
#2250500 0% 0' 0(
#2251375 0) 0-
#2251500 0! 0"
#2251625 0# 0$ 1% 1' 1(
#2251875 0*
#2252875 1*
#2253500 1!
#2253750 0*
#2254750 1*
#2255250 0!
#2255375 1"
#2255625 0*
#2256625 1*
#2257250 1!
#2257500 0*
#2258500 1*
#2259625 1) 1-
#2259875 0! 0&
#2260000 1#
#2260750 0)
#2260875 0# 0(
#2261000 0" 1$ 1&
#2261250 0*
#2262250 1*
#2262375 1)
#2262750 1! 1" 1# 1(
#2263500 0)
#2265250 1)
#2265500 0% 0' 0(
#2266250 0-
#2266375 0)
#2266500 0! 0" 0$
#2266625 1% 1' 1(
#2266875 0*
#2267875 1*
#2268500 1!
#2268750 0*
#2269750 1*
#2270250 0!
#2270375 1"
#2270625 0*
#2271625 1*
#2272250 1!
#2272500 0*
#2273500 1*
#2274625 1) 1-
#2274875 0! 0&
#2275750 0)
#2275875 0" 0(
#2276000 1$ 1&
#2276250 0*
#2277250 1*
#2277375 1)
#2277625 0#
#2277750 0% 1(
#2278500 0)
#2278750 1! 1" 1# 1%
#2279000 0*
#2280000 1*
#2280250 1)
#2280500 0% 0' 0(
#2281250 0-
#2281375 0)
#2281500 0! 0" 0#
#2281625 1% 1' 1(
#2281875 0*
#2282875 1*
#2283500 1!
#2283750 0*
#2284750 1*
#2285250 0!
#2285375 1"
#2285625 0*
#2286625 1*
#2287250 1!
#2287500 0*
#2288500 1*
#2289625 1) 1-
#2290000 1#
#2290750 0)
#2291250 0+
#2292250 1+
#2292375 1)
#2293500 0)
#2295250 1)
#2295500 0% 0' 0(
#2296250 0-
#2296375 0)
#2296500 0! 0"
#2296625 1% 1' 1(
#2296875 0*
#2297875 1*
#2298500 1!
#2298750 0*
#2299750 1*
#2300250 0!
#2300375 1"
#2300625 0*
#2301625 1*
#2302250 1!
#2302500 0*
#2303500 1*
#2304625 1) 1-
#2304875 0! 0$ 0&
#2305750 0)
#2305875 0" 0# 0% 0' 0(
#2306250 0*
#2307250 1*
#2307875 1!
#2308125 0*
#2309125 1*
#2309625 0!
#2309750 1"
#2310000 0*
#2310750 1)
#2311000 1( 1*
#2311125 1# 1% 1'
#2311875 0)
#2312000 0" 0# 0% 0' 0(
#2312250 0*
#2313250 1*
#2314000 1!
#2314125 0*
#2315000 00
#2315250 1*
#2315750 0!
#2315875 1"
#2316000 0*
#2316750 1)
#2317000 1*
#2317125 1! 1# 1$ 1% 1& 1' 1(
#2317875 0)
#2319625 1)
#2319875 0! 0" 0# 0&
#2320750 0)
#2320875 0% 0' 0(
#2321000 1! 1" 1#
#2321250 0*
#2322000 10
#2322250 1*
#2322875 1%
#2323125 0*
#2324125 1*
#2324250 1)
#2324500 0! 0"
#2324625 0$ 1' 1(
#2325375 0)
#2325625 1! 1" 1$ 0% 0' 0(
#2325875 0*
#2326875 1*
#2327125 1)
#2327375 0! 0" 0# 1' 1(
#2327500 1%
#2328250 0)
#2328375 0% 0' 0(
#2328500 1! 1" 1#
#2328750 0*
#2329750 1*
#2330375 1%
#2330625 0*
#2331625 1*
#2331750 1)
#2332000 0! 0"
#2332125 0$ 1' 1(
#2332875 0)
#2333125 1! 1" 1$ 0% 0' 0(
#2333375 0*
#2334375 1*
#2334625 1)
#2334875 0! 0$ 1(
#2335000 1% 1'
#2335750 0)
#2335875 0' 0(
#2336000 0" 0# 0%
#2336250 0*
#2337250 1*
#2337875 1!
#2338125 0*
#2339125 1*
#2339625 0!
#2339750 1"
#2340000 0*
#2340750 1)
#2341000 1*
#2341125 1# 1% 1' 1(
#2341875 0)
#2342000 0" 0# 0% 0' 0(
#2342375 0*
#2343375 1*
#2344000 1!
#2344250 0*
#2345250 1*
#2345750 0!
#2345875 1"
#2346125 0*
#2347250 1)
#2347500 1*
#2348125 1! 1# 1$ 1% 1& 1' 1(
#2348875 0)
#2351000 1)
#2351250 0! 0#
#2351375 0" 0&
#2352125 0)
#2352875 1! 1" 1# 0% 0' 0(
#2353125 0*
#2354125 1*
#2354750 1%
#2355000 0*
#2356000 1*
#2356250 1)
#2356500 0! 0" 0$ 1' 1(
#2357250 0)
#2357500 1! 0% 0' 0(
#2357625 1" 1$
#2357750 0*
#2358875 1*
#2359000 1)
#2359250 0! 0" 0#
#2359375 1% 1' 1(
#2360125 0)
#2360250 0(
#2360375 1! 1" 1# 0% 0'
#2360625 0*
#2361625 1*
#2362250 1%
#2362500 0*
#2363500 1*
#2363750 1)
#2364000 0! 0" 0$ 1' 1(
#2364875 0)
#2365000 0% 0' 0(
#2365125 1! 1" 1$
#2365250 0*
#2366375 1*
#2366500 1)
#2366750 0! 0$
#2366875 1% 1' 1(
#2367625 0)
#2367875 0" 0# 0% 0' 0(
#2368125 0*
#2369125 1*
#2369750 1!
#2370000 0*
#2371000 1*
#2371625 0! 1"
#2371875 0*
#2372625 1)
#2372875 1*
#2373000 1# 1% 1' 1(
#2373750 0)
#2373875 0(
#2374000 0" 0# 0% 0'
#2374250 0*
#2375250 1*
#2375875 1!
#2376125 0*
#2377125 1*
#2377625 0!
#2377750 1"
#2378000 0*
#2378750 1)
#2379000 1*
#2379125 1! 1# 1$ 1% 1& 1' 1(
#2379875 0)
#2381500 1)
#2381750 0! 0#
#2381875 0" 0&
#2382625 0)
#2382875 1! 1" 1# 0% 0' 0(
#2383125 0*
#2384125 1*
#2384750 1%
#2385000 0*
#2386000 1*
#2386250 1)
#2386500 0! 0" 0$ 1(
#2386625 1'
#2387375 0)
#2387500 0' 0(
#2387625 1! 1" 1$ 0%
#2387875 0*
#2388875 1*
#2389000 1)
#2389250 0! 0"
#2389375 0# 1% 1' 1(
#2390125 0)
#2390375 1! 1" 1# 0% 0' 0(
#2390500 00
#2390625 0*
#2391625 1*
#2392250 1%
#2392500 0*
#2393500 1*
#2393750 1)
#2394000 0! 0" 0$ 1(
#2394125 1'
#2394875 0)
#2395000 0' 0(
#2395125 1! 1" 1$ 0%
#2395375 0*
#2396375 1*
#2396625 1)
#2396750 0!
#2396875 0$ 1% 1' 1(
#2397500 10
#2397625 0)
#2397875 0" 0# 0% 0' 0(
#2398125 0*
#2399125 1*
#2399750 1!
#2400000 0*
#2401000 1*
#2401625 0!
#2401750 1"
#2401875 0*
#2402625 1)
#2402875 1*
#2403000 1# 1% 1' 1(
#2403750 0)
#2404000 0" 0# 0% 0' 0(
#2404250 0*
#2405250 1*
#2405875 1!
#2406125 0*
#2407125 1*
#2407750 0! 1"
#2408000 0*
#2408750 1)
#2409000 1*
#2409125 1! 1# 1$ 1% 1& 1' 1(
#2409875 0)
#2411625 1)
#2411875 0! 0" 0# 0&
#2412750 0)
#2412875 0% 0' 0(
#2413000 1! 1" 1#
#2413125 0*
#2414250 1*
#2414875 1%
#2415125 0*
#2416125 1*
#2416250 1)
#2416500 0! 0" 0$
#2416625 1' 1(
#2417375 0)
#2417625 1! 1" 1$ 0% 0' 0(
#2417875 0*
#2418875 1*
#2419125 1)
#2419375 0! 0" 0# 1% 1' 1(
#2420250 0)
#2420375 0% 0' 0(
#2420500 1! 1" 1#
#2420750 0*
#2421750 1*
#2422375 1%
#2422625 0*
#2423625 1*
#2423750 1)
#2424000 0! 0" 0$
#2424125 1' 1(
#2424875 0)
#2425125 1! 1" 1$ 0% 0' 0(
#2425375 0*
#2426375 1*
#2426625 1)
#2442000 1% 1& 1' 1(
#2442750 0)
#2444500 1)
#2446500 0)
#2448250 1)
#2451250 0! 0$ 0&
#2452125 0)
#2452375 0" 0# 0% 0' 0(
#2452625 0*
#2453625 1*
#2453875 1)
#2454125 1& 1' 1(
#2454250 1! 1" 1# 1$ 1%
#2455000 0)
#2456625 1)
#2457750 0)
#2458250 0+
#2459250 1+
#2460125 0+
#2461125 1+
#2462000 0+
#2463000 1+
#2463875 0+
#2464875 1+
#2466000 1)
#2466250 0! 0&
#2466375 0$
#2467125 0)
#2467375 0" 0% 0' 0(
#2467625 0*
#2468625 1*
#2468875 1)
#2469125 1(
#2469250 1! 1" 1$ 1% 1& 1'
#2470000 0)
#2471625 1)
#2472000 0! 0" 0# 0$ 0' 0(
#2472750 0) 0-
#2473000 0% 0&
#2473250 0*
#2474250 1*
#2474875 1!
#2475125 0*
#2476125 1*
#2476750 0! 1"
#2477000 0*
#2478000 1*
#2478625 1!
#2478875 0*
#2479875 1*
#2481125 1) 1-
#2481250 0!
#2481375 1# 1% 1' 1(
#2482125 0)
#2482375 0" 0# 1$ 0% 0' 0(
#2482625 0*
#2483625 1*
#2483875 1)
#2484250 1! 1" 1# 1% 1& 1' 1(
#2485000 0)
#2486750 1)
#2487000 0! 0" 0# 0$ 0' 0(
#2487750 0) 0-
#2488000 0% 0&
#2488125 1#
#2488250 0*
#2489250 1*
#2489875 1!
#2490125 0*
#2491125 1*
#2491750 0!
#2491875 1"
#2492000 0*
#2493000 1*
#2493625 1!
#2493875 0*
#2494875 1*
#2496125 1) 1-
#2496250 0!
#2496375 1% 1' 1(
#2497125 0)
#2497375 0" 0% 0' 0(
#2497500 1$
#2497625 0*
#2498625 1*
#2498875 1)
#2499125 0#
#2499250 1! 1& 1' 1(
#2500000 0)
#2500250 1" 1# 1%
#2500500 0+
#2501500 1+
#2501750 1)
#2502000 0! 0" 0# 0$ 0' 0(
#2502750 0) 0-
#2503000 0% 0&
#2503125 1$
#2503250 0*
#2504375 1*
#2505000 1!
#2505125 0*
#2506250 1*
#2506750 0!
#2506875 1"
#2507000 0*
#2508000 1*
#2508625 1!
#2508875 0*
#2510000 1*
#2511125 1) 1-
#2511375 0! 1# 0$ 1% 1' 1(
#2512250 0)
#2512375 0" 0# 0' 0(
#2512625 0*
#2513750 1*
#2513875 1)
#2514250 1! 1" 1# 1$ 1& 1' 1(
#2515000 0)
#2516750 1)
#2517000 0! 0" 0# 0$ 0' 0(
#2517750 0) 0-
#2518000 0% 0&
#2518125 1# 1$
#2518250 0*
#2519375 1*
#2520000 1!
#2520125 0*
#2521250 1*
#2521750 0!
#2521875 1"
#2522000 0*
#2523125 1*
#2523750 1!
#2523875 0*
#2525000 1*
#2526125 1) 1-
#2526375 0! 0$ 1% 1' 1(
#2527250 0)
#2527375 0" 0' 0(
#2527625 0*
#2528750 1*
#2528875 1)
#2529250 1! 1" 1$ 1& 1' 1(
#2530000 0)
#2531750 1)
#2532000 0! 0" 0# 0$ 0' 0(
#2532750 0-
#2532875 0)
#2533000 0&
#2533250 0*
#2534375 1*
#2535000 1!
#2535125 0*
#2536250 1*
#2536750 0!
#2536875 1"
#2537000 0*
#2538125 1*
#2538750 1!
#2538875 0*
#2540000 1*
#2541125 1) 1-
#2541375 0! 1# 1' 1(
#2542250 0)
#2542375 0" 0# 0' 0(
#2542500 1$
#2542625 0*
#2543750 1*
#2543875 1)
#2544250 1! 1" 1# 1& 1' 1(
#2545000 0)
#2546750 1)
#2547000 0! 0" 0# 0$ 0' 0(
#2547750 0-
#2547875 0)
#2548000 0&
#2548125 1#
#2548250 0*
#2549375 1*
#2550000 1!
#2550125 0*
#2551250 1*
#2551750 0!
#2551875 1"
#2552000 0*
#2553125 1*
#2553750 1!
#2553875 0*
#2555000 1*
#2556125 1) 1-
#2556375 0! 1' 1(
#2557250 0)
#2557375 0" 0' 0(
#2557500 1$
#2557625 0*
#2558750 1*
#2558875 1)
#2559125 0# 0%
#2559250 1" 1& 1' 1(
#2560000 0)
#2560250 1! 1# 1%
#2560500 0*
#2561500 1*
#2561750 1)
#2562000 0! 0" 0# 0$ 0' 0(
#2562750 0) 0-
#2563000 0&
#2563125 1$
#2563250 0*
#2564375 1*
#2565000 1!
#2565125 0*
#2566250 1*
#2566750 0!
#2566875 1"
#2567000 0*
#2568125 1*
#2568625 1!
#2568875 0*
#2569875 1*
#2571125 1) 1-
#2571375 0! 1# 0$ 1' 1(
#2572125 0)
#2572375 0" 0# 0% 0' 0(
#2572500 1&
#2572625 0*
#2573625 1*
#2573875 1)
#2574250 1! 1" 1# 1$ 1% 1' 1(
#2575000 0)
#2576750 1)
#2577000 0! 0" 0# 0$ 0' 0(
#2577750 0) 0-
#2578000 0&
#2578125 1# 1$
#2578250 0*
#2579250 1*
#2579875 1!
#2580125 0*
#2581125 1*
#2581750 0!
#2581875 1"
#2582000 0*
#2583000 1*
#2583625 1!
#2583875 0*
#2584875 1*
#2586125 1) 1-
#2586250 0!
#2586375 0$ 1' 1(
#2587125 0)
#2587375 0" 0% 1& 0' 0(
#2587625 0*
#2588625 1*
#2588875 1)
#2589250 1! 1" 1$ 1% 1' 1(
#2590000 0)
#2591750 1)
#2592000 0! 0" 0# 0$ 0' 0(
#2592750 0) 0-
#2593000 0%
#2593250 0*
#2594250 1*
#2594875 1!
#2595125 0*
#2596125 1*
#2596750 0!
#2596875 1"
#2597000 0*
#2598000 1*
#2598625 1!
#2598875 0*
#2599875 1*
#2601125 1) 1-
#2601250 0!
#2601375 1# 1% 0& 1' 1(
#2602125 0)
#2602375 0" 0# 1$ 0% 1& 0' 0(
#2602625 0*
#2603625 1*
#2603875 1)
#2604250 1! 1" 1# 1% 1' 1(
#2605000 0)
#2606625 1)
#2607000 0! 0" 0# 0$ 0' 0(
#2607750 0) 0-
#2608000 1# 0%
#2608250 0*
#2609250 1*
#2609875 1!
#2610125 0*
#2611125 1*
#2611750 0! 1"
#2612000 0*
#2613000 1*
#2613625 1!
#2613875 0*
#2614875 1*
#2616000 1)
#2616125 1-
#2616250 0! 0&
#2616375 1% 1' 1(
#2617125 0)
#2617375 0" 1$ 0% 1& 0' 0(
#2617625 0*
#2618625 1*
#2618875 1)
#2619125 1! 0# 1' 1(
#2619250 1"
#2620000 0)
#2620250 1# 1%
#2620500 0+
#2621500 1+
#2621625 1)
#2621875 0#
#2622000 0! 0" 0$ 0' 0(
#2622750 0) 0-
#2623000 1$ 0%
#2623250 0*
#2624250 1*
#2624875 1!
#2625125 0*
#2626125 1*
#2626750 0! 1"
#2627000 0*
#2628000 1*
#2628625 1!
#2628875 0*
#2629875 1*
#2631000 1)
#2631125 1-
#2631250 0! 0$ 0&
#2631375 1# 1% 1' 1(
#2632125 0)
#2632375 0" 0# 1& 0' 0(
#2632625 0*
#2633625 1*
#2633875 1)
#2634125 1! 1" 1# 1' 1(
#2634250 1$
#2635000 0)
#2636625 1)
#2636875 0! 0" 0# 0$ 0' 0(
#2637750 0) 0-
#2638000 1# 1$ 0%
#2638250 0*
#2639250 1*
#2639875 1!
#2640125 0*
#2641125 1*
#2641625 0!
#2641750 1"
#2642000 0*
#2643000 1*
#2643625 1!
#2643875 0*
#2644875 1*
#2646000 1) 1-
#2646250 0! 0$ 0&
#2646375 1% 1' 1(
#2647125 0)
#2647250 0(
#2647375 0" 1& 0'
#2647625 0*
#2648625 1*
#2648875 1)
#2649125 1! 1" 1$ 1' 1(
#2649875 0)
#2651625 1)
#2651875 0! 0" 0# 0$ 0' 0(
#2652750 0) 0-
#2653250 0*
#2654250 1*
#2654875 1!
#2655125 0*
#2656125 1*
#2656625 0!
#2656750 1"
#2657000 0*
#2658000 1*
#2658625 1!
#2658875 0*
#2659875 1*
#2661000 1) 1-
#2661250 0! 0&
#2661375 1# 1' 1(
#2662125 0)
#2662250 0# 0' 0(
#2662375 0" 1$ 1&
#2662625 0*
#2663625 1*
#2663750 1)
#2664125 1! 1" 1# 1' 1(
#2664875 0)
#2666625 1)
#2666875 0! 0" 0# 0$ 0' 0(
#2667625 0-
#2667750 0)
#2668000 1#
#2668250 0*
#2669250 1*
#2669875 1!
#2670125 0*
#2671125 1*
#2671625 0!
#2671750 1"
#2672000 0*
#2673000 1*
#2673625 1!
#2673875 0*
#2674875 1*
#2676000 1) 1-
#2676250 0! 0& 1' 1(
#2677125 0)
#2677250 0" 0' 0(
#2677375 1$ 1&
#2677625 0*
#2678625 1*
#2678750 1)
#2679000 0%
#2679125 1' 1(
#2679875 0)
#2680125 1! 1" 1%
#2680375 0*
#2681375 1*
#2681625 1)
#2681875 0! 0" 0# 0$ 0' 0(
#2682625 0-
#2682750 0)
#2683000 1$
#2683250 0*
#2684250 1*
#2684875 1!
#2685125 0*
#2686125 1*
#2686625 0!
#2686750 1"
#2687000 0*
#2688000 1*
#2688625 1!
#2688875 0*
#2689875 1*
#2691000 1) 1-
#2691250 0! 0$ 0& 1' 1(
#2691375 1#
#2692125 0)
#2692250 0" 0# 0% 0(
#2692625 0*
#2693625 1*
#2693750 1)
#2694125 1! 1" 1# 1$ 1% 1& 1(
#2694875 0)
#2696625 1)
#2696875 0! 0" 0# 0$ 0' 0(
#2697625 0-
#2697750 0)
#2697875 0/
#2698000 1# 1$
#2698250 0*
#2699250 1*
#2699875 1!
#2700125 0*
#2701125 1*
#2701625 0!
#2701750 1"
#2702000 0*
#2703000 1*
#2703625 1!
#2703875 0*
#2704875 1* 1/
#2706000 1) 1-
#2706250 0! 0$ 0& 1' 1(
#2707125 0)
#2707250 0" 0% 0(
#2707500 0*
#2708625 1*
#2708750 1)
#2709125 1! 1" 1$ 1% 1& 1(
#2709875 0)
#2711625 1)
#2711875 0! 0" 0# 0$ 0' 0(
#2712625 0-
#2712750 0)
#2712875 0% 0&
#2713000 1'
#2713125 0*
#2714250 1*
#2714875 1!
#2715000 0*
#2716125 1*
#2716625 0!
#2716750 1"
#2716875 0*
#2718000 1*
#2718625 1!
#2718750 0*
#2719875 1*
#2721000 1) 1-
#2721250 0! 1# 1% 1(
#2722125 0)
#2722250 0" 0# 0% 0(
#2722375 1$
#2722500 0*
#2723625 1*
#2723750 1)
#2724125 1! 1" 1# 1% 1& 1(
#2724875 0)
#2726625 1)
#2726875 0! 0" 0# 0$ 0' 0(
#2727625 0-
#2727750 0)
#2727875 0% 0&
#2728000 1# 1'
#2728125 0*
#2729250 1*
#2729875 1!
#2730000 0*
#2731125 1*
#2731625 0!
#2731750 1"
#2731875 0*
#2733000 1*
#2733625 1!
#2733750 0*
#2734875 1*
#2736000 1) 1-
#2736250 0! 1% 1(
#2737125 0)
#2737250 0" 0% 0(
#2737375 1$
#2737500 0*
#2738625 1*
#2738750 1)
#2739125 1! 1& 1(
#2739875 0)
#2740125 1" 1%
#2740375 0+
#2741375 1+
#2741625 1)
#2741875 0! 0" 0# 0$ 0' 0(
#2742625 0-
#2742750 0)
#2742875 0% 0&
#2743000 1$ 1'
#2743125 0*
#2744250 1*
#2744875 1!
#2745000 0*
#2746125 1*
#2746625 0!
#2746750 1"
#2746875 0*
#2748000 1*
#2748625 1!
#2748750 0*
#2749875 1*
#2751000 1) 1-
#2751250 0! 0$ 1(
#2751375 1# 1%
#2752125 0)
#2752250 0" 0# 0(
#2752500 0*
#2753625 1*
#2753750 1)
#2754125 1! 1" 1# 1$ 1& 1(
#2754875 0)
#2756625 1)
#2756875 0! 0" 0# 0$ 0' 0(
#2757625 0-
#2757750 0)
#2757875 0% 0&
#2758000 1# 1$ 1'
#2758125 0*
#2759250 1*
#2759875 1!
#2760125 0*
#2761125 1*
#2761625 0!
#2761750 1"
#2762000 0*
#2762125 0/
#2763000 1*
#2763625 1!
#2763875 0*
#2764875 1*
#2766000 1) 1-
#2766250 0! 0$ 1(
#2766375 1%
#2767125 0)
#2767250 0" 0(
#2767625 0*
#2768625 1*
#2768750 1)
#2769125 1! 1" 1$ 1& 1( 1/
#2769875 0)
#2771625 1)
#2771875 0! 0" 0# 0$ 0' 0(
#2772625 0-
#2772750 0)
#2772875 0&
#2773000 1'
#2773250 0*
#2774250 1*
#2774875 1!
#2775125 0*
#2776125 1*
#2776625 0!
#2776750 1"
#2777000 0*
#2778000 1*
#2778625 1!
#2778875 0*
#2779875 1*
#2781000 1) 1-
#2781250 0! 1(
#2781375 1#
#2782125 0)
#2782250 0" 0# 0(
#2782375 1$
#2782625 0*
#2783625 1*
#2783750 1)
#2784125 1! 1" 1# 1& 1(
#2784875 0)
#2786625 1)
#2786875 0! 0" 0# 0$ 0' 0(
#2787625 0-
#2787750 0)
#2787875 0&
#2788000 1# 1'
#2788250 0*
#2789250 1*
#2789875 1!
#2790125 0*
#2791125 1*
#2791625 0!
#2791750 1"
#2792000 0*
#2793000 1*
#2793625 1!
#2793875 0*
#2794875 1*
#2796000 1) 1-
#2796250 0!
#2796375 1(
#2797125 0)
#2797250 0(
#2797375 0" 1$
#2797625 0*
#2798625 1*
#2798875 1)
#2799125 1" 0% 1& 1(
#2799875 0)
#2800125 1!
#2800250 1%
#2800375 0*
#2801375 1*
#2801625 1)
#2801875 0! 0" 0# 0$ 0' 0(
#2802750 0) 0-
#2802875 0&
#2803000 1$ 1'
#2803250 0*
#2804250 1*
#2804875 1!
#2805125 0*
#2806125 1*
#2806625 0!
#2806750 1"
#2807000 0*
#2808000 1*
#2808625 1!
#2808875 0*
#2809875 1*
#2811000 1)
#2811125 1-
#2811250 0! 0$
#2811375 1# 1(
#2812125 0)
#2812375 0" 0# 0% 1& 0(
#2812625 0*
#2813625 1*
#2813875 1)
#2814125 1! 1" 1# 1% 1(
#2814250 1$
#2815000 0)
#2816625 1)
#2816875 0! 0" 0# 0$ 0(
#2817000 0'
#2817750 0) 0-
#2818000 1# 1$ 0& 1'
#2818250 0*
#2819250 1*
#2819875 1!
#2820125 0*
#2821125 1*
#2821750 0! 1"
#2822000 0*
#2823000 1*
#2823625 1!
#2823875 0*
#2824875 1*
#2826000 1)
#2826125 1-
#2826250 0! 0$
#2826375 1( 0/
#2827125 0)
#2827375 0" 0% 1& 0(
#2827625 0*
#2828625 1*
#2828875 1)
#2829125 1(
#2829250 1! 1" 1$ 1%
#2830000 0)
#2831625 1)
#2832000 0! 0" 0# 0$ 0' 0(
#2832750 0) 0-
#2833000 0% 1'
#2833250 0*
#2833375 1/
#2834250 1*
#2834875 1!
#2835125 0*
#2836125 1*
#2836750 0! 1"
#2837000 0*
#2838000 1*
#2838625 1!
#2838875 0*
#2839875 1*
#2841125 1) 1-
#2841250 0!
#2841375 1# 1% 0& 1(
#2842125 0)
#2842375 0" 0# 1$ 0% 1& 0(
#2842625 0*
#2843625 1*
#2843875 1)
#2844250 1! 1" 1# 1% 1(
#2845000 0)
#2846750 1)
#2847000 0! 0" 0# 0$ 0' 0(
#2847750 0) 0-
#2848000 0% 1'
#2848125 1#
#2848250 0*
#2849250 1*
#2849875 1!
#2850125 0*
#2851125 1*
#2851750 0!
#2851875 1"
#2852000 0*
#2853000 1*
#2853625 1!
#2853875 0*
#2854875 1*
#2856125 1) 1-
#2856375 0! 1% 0& 1(
#2857125 0)
#2857375 0" 0% 0(
#2857500 1$ 1&
#2857625 0*
#2858750 1*
#2858875 1)
#2859250 1! 1" 1(
#2860000 0)
#2860250 1%
#2860500 0+
#2861500 1+
#2861750 1)
#2862000 0! 0" 0# 0$ 0' 0(
#2862750 0-
#2862875 0)
#2863000 0%
#2863125 1$ 1'
#2863250 0*
#2864375 1*
#2865000 1!
#2865125 0*
#2866250 1*
#2866750 0!
#2866875 1"
#2867125 0*
#2868125 1*
#2868750 1!
#2869000 0*
#2870000 1*
#2871125 1) 1-
#2871375 0! 0$ 0& 1(
#2871500 1# 1%
#2872250 0)
#2872375 0" 0# 0(
#2872500 1&
#2872750 0*
#2873750 1*
#2873875 1)
#2874250 1! 1" 1# 1$ 1(
#2875000 0)
#2876750 1)
#2877000 0! 0" 0# 0$ 0' 0(
#2877750 0-
#2877875 0)
#2878000 0%
#2878125 1# 1$ 1'
#2878375 0*
#2879375 1*
#2880000 1!
#2880250 0*
#2881250 1*
#2881750 0!
#2881875 1"
#2882125 0*
#2883125 1*
#2883750 1!
#2884000 0*
#2885000 1*
#2886125 1) 1-
#2886375 0! 0$ 0& 1(
#2886500 1%
#2887250 0)
#2887375 0" 0(
#2887500 1&
#2887750 0*
#2888750 1*
#2889000 1)
#2889250 1! 1" 1$ 1(
#2890000 0)
#2890750 0/
#2891750 1)
#2892000 0! 0" 0# 0$ 0' 0(
#2892750 0-
#2892875 0)
#2893125 1'
#2893375 0*
#2894375 1*
#2895000 1!
#2895250 0*
#2896250 1*
#2896750 0!
#2896875 1"
#2897125 0*
#2897750 1/
#2898125 1*
#2898750 1!
#2899000 0*
#2900000 1*
#2901125 1)
#2901250 1-
#2901375 0! 0&
#2901500 1# 1(
#2902250 0)
#2902375 0(
#2902500 0" 0# 1$ 1&
#2902750 0*
#2903750 1*
#2904000 1)
#2904250 1! 1" 1# 1(
#2905125 0)
#2906750 1)
#2907000 0! 0" 0# 0$ 0' 0(
#2907875 0) 0-
#2908125 1# 1'
#2908375 0*
#2909375 1*
#2910000 1!
#2910250 0*
#2911250 1*
#2911750 0!
#2911875 1"
#2912125 0*
#2913125 1*
#2913750 1!
#2914000 0*
#2915000 1*
#2916125 1)
#2916250 1-
#2916375 0! 0&
#2916500 1(
#2917250 0)
#2917500 0" 1$ 1& 0(
#2917750 0*
#2918750 1*
#2919000 1)
#2919250 0# 0$ 1(
#2920125 0)
#2920375 1! 1" 1# 1$
#2920625 0*
#2921625 1*
#2921750 1)
#2922000 0! 0# 0$
#2922125 0" 0' 0(
#2922875 0) 0-
#2923125 1$ 1'
#2923375 0*
#2924375 1*
#2925000 1!
#2925250 0*
#2926250 1*
#2926875 0! 1"
#2927125 0*
#2928125 1*
#2928750 1!
#2929000 0*
#2930000 1*
#2931125 1)
#2931250 1-
#2931500 1# 1(
#2932250 0)
#2932750 0+
#2933750 1+
#2934000 1)
#2935125 0)
#2936750 1)
#2937125 0! 0" 0# 0$ 0' 0(
#2937875 0) 0-
#2938125 1# 1$ 1'
#2938375 0*
#2939375 1*
#2940000 1!
#2940250 0*
#2941250 1*
#2941875 0! 1"
#2942125 0*
#2943125 1*
#2943750 1!
#2944000 0*
#2945000 1*
#2946125 1)
#2946250 1-
#2946375 0!
#2946500 0$ 0& 1(
#2947250 0)
#2947500 0" 0# 0% 0' 0(
#2947750 0*
#2948750 1*
#2949375 1!
#2949625 0*
#2950625 1*
#2951250 0!
#2951375 1"
#2951500 0*
#2952250 1)
#2952500 1*
#2952625 1# 1% 1' 1(
#2953375 0)
#2953625 0" 0# 0% 0' 0(
#2953875 0*
#2954875 1*
#2955000 0/
#2955500 1!
#2955750 0*
#2956750 1*
#2957250 0!
#2957375 1"
#2957625 0*
#2958375 1)
#2958625 1*
#2958750 1! 1# 1$ 1% 1& 1' 1(
#2959500 0)
#2961250 1)
#2961500 0! 0" 0# 0&
#2962000 1/
#2962250 0)
#2962500 0$ 0% 0' 0(
#2962750 0*
#2963750 1*
#2964500 1%
#2964625 0*
#2965625 1*
#2965875 1)
#2966250 1# 1' 1(
#2967000 0)
#2967125 0(
#2967250 0# 0% 0'
#2967500 0*
#2968500 1*
#2968750 1)
#2969000 1$ 1% 1' 1(
#2969750 0)
#2970000 0$ 0% 0' 0(
#2970250 0*
#2971250 1*
#2972000 1%
#2972125 0*
#2973125 1*
#2973375 1)
#2973750 1# 1' 1(
#2974500 0)
#2974625 0(
#2974750 0# 0% 0'
#2975000 0*
#2976000 1*
#2976250 1)
#2976500 1" 1# 1% 1' 1(
#2977250 0)
#2977500 0" 0# 0% 0' 0(
#2977750 0*
#2978750 1*
#2979375 1!
#2979625 0*
#2980625 1*
#2981250 0!
#2981375 1"
#2981500 0*
#2982250 1)
#2982500 1*
#2982625 1# 1% 1' 1(
#2983375 0)
#2983625 0" 0# 0% 0' 0(
#2983875 0*
#2984875 1*
#2985500 1!
#2985750 0*
#2986750 1*
#2987250 0!
#2987375 1"
#2987625 0*
#2988875 1)
#2989125 1*
#2989625 1! 1# 1$ 1% 1& 1' 1(
#2990375 0)
#2992625 1)
#2992875 0! 0" 0# 0&
#2993750 0)
#2994375 0$ 0% 0' 0(
#2994625 0*
#2995625 1*
#2996250 1%
#2996500 0*
#2997500 1*
#2997750 1)
#2998125 1# 1' 1(
#2998875 0)
#2999000 0# 0' 0(
#2999125 0%
#2999375 0*
#3000375 1*
#3000500 1)
#3000875 1$ 1% 1' 1(
#3001625 0)
#3001875 0$ 0% 0' 0(
#3002125 0*
#3003125 1*
#3003750 1%
#3004000 0*
#3005000 1*
#3005250 1)
#3005500 1(
#3005625 1# 1'
#3006375 0)
#3006500 0# 0' 0(
#3006625 0%
#3006875 0*
#3007875 1*
#3008000 1)
#3008375 1" 1# 1% 1' 1(
#3009125 0)
#3009375 0" 0# 0% 0' 0(
#3009625 0*
#3010625 1*
#3011250 1!
#3011500 0*
#3012500 1*
#3013125 0! 1"
#3013375 0*
#3014125 1)
#3014375 1*
#3014500 1# 1% 1' 1(
#3015250 0)
#3015375 0(
#3015500 0" 0# 0% 0'
#3015750 0*
#3016750 1*
#3017375 1!
#3017625 0*
#3018625 1*
#3019125 0!
#3019250 1" 0/
#3019500 0*
#3020250 1)
#3020500 1( 1*
#3020625 1! 1# 1$ 1% 1& 1'
#3021375 0)
#3023000 1)
#3023250 0! 0# 0&
#3023375 0"
#3024125 0)
#3024375 0$ 0% 0' 0(
#3024625 0*
#3025625 1*
#3026250 1% 1/
#3026500 0*
#3027500 1*
#3027750 1)
#3028000 1' 1(
#3028125 1#
#3028875 0)
#3029000 0# 0% 0' 0(
#3029250 0*
#3030375 1*
#3030500 1)
#3030875 1$ 1% 1' 1(
#3031625 0)
#3031875 0$ 0% 0' 0(
#3032125 0*
#3033125 1*
#3033750 1%
#3034000 0*
#3035000 1*
#3035250 1)
#3035500 1' 1(
#3035625 1#
#3036375 0)
#3036500 0# 0% 0' 0(
#3036750 0*
#3037875 1*
#3038000 1)
#3038375 1" 1# 1% 1' 1(
#3039125 0)
#3039375 0" 0# 0% 0' 0(
#3039625 0*
#3040625 1*
#3041250 1!
#3041500 0*
#3042500 1*
#3043000 0!
#3043125 1"
#3043375 0*
#3044125 1)
#3044375 1*
#3044500 1# 1% 1' 1(
#3045250 0)
#3045375 0# 0% 0' 0(
#3045500 0"
#3045750 0*
#3046750 1*
#3047375 1!
#3047625 0*
#3048625 1*
#3049125 0!
#3049250 1"
#3049500 0*
#3050250 1)
#3050500 1! 1# 1$ 1% 1& 1' 1( 1*
#3051250 0)
#3053000 1)
#3053250 0! 0" 0# 0&
#3054125 0)
#3054250 0(
#3054375 0$ 0% 0'
#3054625 0*
#3055625 1*
#3056250 1%
#3056500 0*
#3057500 1*
#3057750 1)
#3058000 1# 1' 1(
#3058750 0)
#3059000 0# 0% 0' 0(
#3059250 0*
#3060250 1*
#3060500 1)
#3060875 1$ 1% 1' 1(
#3061625 0)
#3061750 0$ 0% 0' 0(
#3062125 0*
#3063125 1*
#3063750 1%
#3064000 0*
#3065000 1*
#3065125 1)
#3065500 1# 1' 1(
#3066250 0)
#3066500 0# 0% 0' 0(
#3066750 0*
#3067750 1*
#3068000 1)
#3083250 1(
#3083375 1! 1" 1# 1$ 1% 1& 1'
#3083500 0/
#3084125 0)
#3085750 1)
#3087875 0)
#3089500 1)
#3090500 1/
#3092625 0! 0$ 0&
#3093500 0)
#3093625 0" 0# 0% 0' 0(
#3093875 0*
#3095000 1*
#3095125 1)
#3095500 1! 1" 1# 1$ 1% 1& 1' 1(
#3096250 0)
#3098000 1)
#3099125 0)
#3099625 0+
#3100625 1+
#3101500 0+
#3102500 1+
#3103375 0+
#3104375 1+
#3105250 0+
#3106250 1+
#3107375 1)
#3107625 0! 0$ 0&
#3108375 0)
#3108625 0" 0% 0' 0(
#3108875 0*
#3109875 1*
#3110125 1)
#3110500 1! 1" 1$ 1% 1& 1' 1(
#3111250 0)
#3113000 1)
#3113250 0! 0" 0# 0$ 0' 0(
#3114000 0) 0-
#3114250 0% 0& 1(
#3114500 0*
#3115500 1*
#3116125 1!
#3116375 0*
#3117375 1*
#3118000 0!
#3118125 1"
#3118250 0*
#3119250 1*
#3119875 1!
#3120125 0*
#3121125 1*
#3122375 1) 1-
#3122500 0!
#3122625 1# 1% 1'
#3123375 0)
#3123625 0" 0# 0% 0' 0(
#3123750 1$
#3123875 0*
#3124875 1*
#3125125 1)
#3125500 1! 1" 1# 1% 1& 1' 1(
#3126250 0)
#3128000 1)
#3128250 0! 0" 0# 0$ 0' 0(
#3129000 0) 0-
#3129250 0% 0& 1(
#3129375 1#
#3129500 0*
#3130500 1*
#3131125 1!
#3131375 0*
#3132375 1*
#3133000 0!
#3133125 1"
#3133250 0*
#3134250 1*
#3134875 1!
#3135125 0*
#3136125 1*
#3137250 1)
#3137375 1-
#3137500 0!
#3137625 1% 1'
#3138375 0)
#3138625 0" 1$ 0% 0' 0(
#3138875 0*
#3139875 1*
#3140125 1)
#3140375 0# 0$ 1(
#3140500 1! 1% 1& 1'
#3141250 0)
#3141500 1" 1# 1$
#3141750 0+
#3142750 1+
#3142875 1)
#3143250 0! 0" 0# 0$ 0' 0(
#3144000 0) 0-
#3144250 1$ 0% 0& 1(
#3144500 0*
#3145500 1*
#3146125 1!
#3146375 0*
#3147375 1*
#3147875 0/
#3148000 0! 1"
#3148250 0*
#3149250 1*
#3149875 1!
#3150125 0*
#3151125 1*
#3152250 1)
#3152375 1-
#3152500 0!
#3152625 1# 0$ 1% 1'
#3153375 0)
#3153625 0" 0# 0' 0(
#3153875 0*
#3154875 1* 1/
#3155125 1)
#3155500 1! 1" 1# 1$ 1& 1' 1(
#3156250 0)
#3157875 1)
#3158250 0! 0" 0# 0$ 0' 0(
#3159000 0) 0-
#3159250 1# 1$ 0% 0& 1(
#3159500 0*
#3160500 1*
#3161125 1!
#3161375 0*
#3162375 1*
#3163000 0! 1"
#3163250 0*
#3164250 1*
#3164875 1!
#3165125 0*
#3166125 1*
#3167250 1)
#3167375 1-
#3167500 0!
#3167625 0$ 1% 1'
#3168375 0)
#3168625 0" 0' 0(
#3168875 0*
#3169875 1*
#3170125 1)
#3170500 1! 1" 1$ 1& 1' 1(
#3171250 0)
#3172875 1)
#3173250 0! 0" 0# 0$ 0' 0(
#3174000 0) 0-
#3174250 0& 1(
#3174500 0*
#3175500 1*
#3176125 1!
#3176375 0*
#3177375 1*
#3178000 0! 1"
#3178250 0*
#3179250 1*
#3179875 1!
#3180125 0*
#3181125 1*
#3182250 1)
#3182375 1-
#3182500 0!
#3182625 1# 1'
#3183375 0)
#3183625 0" 0# 1$ 0' 0(
#3183875 0*
#3184875 1*
#3185125 1)
#3185500 1! 1" 1# 1& 1' 1(
#3186250 0)
#3187875 1)
#3188250 0! 0" 0# 0$ 0' 0(
#3189000 0) 0-
#3189250 0& 1(
#3189375 1#
#3189500 0*
#3190500 1*
#3191125 1!
#3191375 0*
#3192375 1*
#3193000 0!
#3193125 1"
#3193250 0*
#3194250 1*
#3194875 1!
#3195125 0*
#3196125 1*
#3197375 1) 1-
#3197500 0!
#3197625 1'
#3198375 0)
#3198625 0" 0' 0(
#3198750 1$
#3198875 0*
#3199875 1*
#3200125 1)
#3200375 0# 0$
#3200500 1" 1& 1' 1(
#3201250 0)
#3201500 1! 1# 1$
#3201750 0*
#3202750 1*
#3203000 1)
#3203250 0! 0" 0# 0$ 0' 0(
#3204000 0) 0-
#3204250 0& 1(
#3204375 1$
#3204500 0*
#3205500 1*
#3206125 1!
#3206375 0*
#3207375 1*
#3208000 0!
#3208125 1"
#3208250 0*
#3209250 1*
#3209875 1!
#3210125 0*
#3211125 1*
#3212125 0/
#3212375 1) 1-
#3212625 0! 1# 0$ 1'
#3213375 0)
#3213625 0" 0# 0% 0' 0(
#3213750 1&
#3213875 0*
#3215000 1*
#3215125 1)
#3215500 1! 1" 1# 1$ 1% 1' 1(
#3216250 0)
#3218000 1)
#3218250 0! 0" 0# 0$ 0' 0(
#3219000 0) 0-
#3219125 1/
#3219250 0&
#3219375 1# 1$ 1(
#3219500 0*
#3220625 1*
#3221250 1!
#3221375 0*
#3222500 1*
#3223000 0!
#3223125 1"
#3223375 0*
#3224375 1*
#3225000 1!
#3225250 0*
#3226250 1*
#3227375 1) 1-
#3227625 0! 0$ 1'
#3228500 0)
#3228625 0" 0% 0' 0(
#3228750 1&
#3229000 0*
#3230000 1*
#3230125 1)
#3230500 1! 1" 1$ 1% 1' 1(
#3231250 0)
#3233000 1)
#3233250 0! 0" 0# 0$ 0' 0(
#3234000 0-
#3234125 0)
#3234250 0%
#3234375 1(
#3234625 0*
#3235625 1*
#3236250 1!
#3236500 0*
#3237500 1*
#3238000 0!
#3238125 1"
#3238375 0*
#3239375 1*
#3240000 1!
#3240250 0*
#3241250 1*
#3242375 1) 1-
#3242625 0! 0&
#3242750 1# 1% 1'
#3243500 0)
#3243625 0# 0'
#3243750 0" 1$ 0% 1& 0(
#3244000 0*
#3245000 1*
#3245250 1)
#3245500 1! 1" 1# 1% 1' 1(
#3246250 0)
#3248000 1)
#3248250 0! 0" 0# 0$ 0' 0(
#3249125 0) 0-
#3249250 0%
#3249375 1# 1(
#3249625 0*
#3250625 1*
#3251250 1!
#3251500 0*
#3252500 1*
#3253000 0!
#3253125 1"
#3253375 0*
#3254375 1*
#3255000 1!
#3255250 0*
#3256250 1*
#3257375 1)
#3257500 1-
#3257625 0! 0&
#3257750 1% 1'
#3258500 0)
#3258750 0" 1$ 0% 1& 0' 0(
#3259000 0*
#3260000 1*
#3260250 1)
#3260500 1! 1" 0# 0$ 1% 1' 1(
#3261375 0)
#3261625 1# 1$
#3261875 0+
#3262875 1+
#3263000 1)
#3263250 0! 0" 0# 0$ 0'
#3263375 0(
#3264125 0) 0-
#3264375 1$ 0% 1(
#3264625 0*
#3265625 1*
#3266250 1!
#3266500 0*
#3267500 1*
#3268125 0! 1"
#3268375 0*
#3269375 1*
#3270000 1!
#3270250 0*
#3271250 1*
#3272375 1)
#3272500 1-
#3272625 0! 0&
#3272750 1# 0$ 1% 1'
#3273500 0)
#3273750 0" 0# 1& 0' 0(
#3274000 0*
#3275000 1*
#3275250 1)
#3275500 1(
#3275625 1! 1" 1# 1$ 1'
#3276375 0) 0/
#3278000 1)
#3278375 0! 0" 0# 0$ 0' 0(
#3279125 0) 0-
#3279375 1# 1$ 0% 1(
#3279625 0*
#3280625 1*
#3281250 1!
#3281500 0*
#3282500 1*
#3283125 0! 1"
#3283375 0* 1/
#3284375 1*
#3285000 1!
#3285250 0*
#3286250 1*
#3287500 1) 1-
#3287625 0!
#3287750 0$ 1% 0& 1'
#3288500 0)
#3288750 0" 1& 0' 0(
#3289000 0*
#3290000 1*
#3290250 1)
#3290625 1! 1" 1$ 1' 1(
#3291375 0)
#3293125 1)
#3293375 0! 0" 0# 0$ 0' 0(
#3294125 0) 0-
#3294375 1(
#3294625 0*
#3295625 1*
#3296250 1!
#3296500 0*
#3297625 1*
#3298125 0!
#3298250 1"
#3298375 0*
#3299500 1*
#3300000 1!
#3300250 0*
#3301375 1*
#3302500 1) 1-
#3302750 0! 1# 0& 1'
#3303625 0)
#3303750 0" 0# 0' 0(
#3303875 1$ 1&
#3304000 0*
#3305125 1*
#3305250 1)
#3305625 1! 1" 1# 1' 1(
#3306375 0)
#3308125 1)
#3308375 0! 0" 0# 0$ 0' 0(
#3309125 0-
#3309250 0)
#3309500 1# 1(
#3309750 0*
#3310750 1*
#3311375 1!
#3311625 0*
#3312625 1*
#3313125 0!
#3313250 1"
#3313500 0*
#3314500 1*
#3315125 1!
#3315375 0*
#3316375 1*
#3317500 1) 1-
#3317750 0! 0& 1'
#3318625 0)
#3318750 0" 0' 0(
#3318875 1$ 1&
#3319125 0*
#3320125 1*
#3320250 1)
#3320500 0$
#3320625 1' 1(
#3321375 0)
#3321625 1! 1" 1$
#3321875 0*
#3322875 1*
#3323125 1)
#3323375 0! 0" 0# 0$ 0' 0(
#3324125 0-
#3324250 0)
#3324500 1$ 1(
#3324750 0*
#3325750 1*
#3326375 1!
#3326625 0*
#3327625 1*
#3328125 0!
#3328250 1"
#3328500 0*
#3329500 1*
#3330125 1!
#3330375 0*
#3331375 1*
#3332500 1) 1-
#3332750 0! 0$ 0&
#3332875 1# 1'
#3333625 0)
#3333750 0#
#3333875 0" 0% 0(
#3334125 0*
#3335125 1*
#3335375 1)
#3335625 1! 1" 1# 1$ 1% 1& 1(
#3336375 0)
#3338125 1)
#3338375 0! 0" 0# 0$ 0' 0(
#3339250 0) 0-
#3339500 1# 1$ 1(
#3339750 0*
#3340625 0/
#3340750 1*
#3341375 1!
#3341625 0*
#3342625 1*
#3343125 0!
#3343250 1"
#3343500 0*
#3344500 1*
#3345125 1!
#3345375 0*
#3346375 1*
#3347500 1)
#3347625 1- 1/
#3347750 0! 0$ 0&
#3347875 1'
#3348625 0)
#3348875 0" 0% 0(
#3349125 0*
#3350125 1*
#3350375 1)
#3350625 1! 1% 1& 1(
#3350750 1" 1$
#3351500 0)
#3353125 1)
#3353375 0! 0" 0# 0$
#3353500 0' 0(
#3354250 0) 0-
#3354500 0% 0& 1' 1(
#3354750 0*
#3355750 1*
#3356375 1!
#3356625 0*
#3357625 1*
#3358250 0! 1"
#3358500 0*
#3359500 1*
#3360125 1!
#3360375 0*
#3361375 1*
#3362500 1)
#3362625 1-
#3362750 0!
#3362875 1# 1%
#3363625 0)
#3363875 0" 0# 1$ 0% 0(
#3364125 0*
#3365125 1*
#3365375 1)
#3365625 1! 1(
#3365750 1" 1# 1% 1&
#3366500 0)
#3368125 1)
#3368375 0#
#3368500 0! 0" 0$ 0' 0(
#3369250 0) 0-
#3369500 1# 0% 0& 1' 1(
#3369750 0*
#3370750 1*
#3371375 1!
#3371625 0*
#3372625 1*
#3373250 0! 1"
#3373500 0*
#3374500 1*
#3375125 1!
#3375375 0*
#3376375 1*
#3377500 1)
#3377625 1-
#3377750 0!
#3377875 1%
#3378625 0)
#3378875 0" 1$ 0% 0(
#3379125 0*
#3380125 1*
#3380375 1)
#3380625 1! 0$ 1(
#3380750 1% 1&
#3381500 0)
#3381750 1" 1$
#3382000 0+
#3383000 1+
#3383125 1)
#3383500 0! 0" 0# 0$ 0' 0(
#3384250 0) 0-
#3384500 1$ 0% 0& 1' 1(
#3384750 0*
#3385750 1*
#3386375 1!
#3386625 0*
#3387625 1*
#3388250 0! 1"
#3388500 0*
#3389500 1*
#3390125 1!
#3390375 0*
#3391375 1*
#3392500 1)
#3392625 1-
#3392750 0!
#3392875 1# 0$ 1%
#3393625 0)
#3393875 0" 0# 0(
#3394125 0*
#3395125 1*
#3395375 1)
#3395625 1(
#3395750 1! 1" 1# 1$ 1&
#3396500 0)
#3398125 1)
#3398375 0#
#3398500 0! 0" 0$ 0' 0(
#3399250 0) 0-
#3399500 1# 1$ 0% 0& 1' 1(
#3399750 0*
#3400750 1*
#3401375 1!
#3401625 0*
#3402625 1*
#3403250 0! 1"
#3403500 0*
#3404500 1*
#3405000 0/
#3405125 1!
#3405375 0*
#3406375 1*
#3407500 1)
#3407625 1-
#3407750 0! 0$
#3407875 1%
#3408625 0)
#3408875 0" 0(
#3409125 0*
#3410125 1*
#3410375 1)
#3410625 1! 1(
#3410750 1" 1$ 1&
#3411500 0)
#3412000 1/
#3413125 1)
#3413500 0! 0" 0# 0$ 0' 0(
#3414250 0) 0-
#3414500 0& 1' 1(
#3414750 0*
#3415750 1*
#3416375 1!
#3416625 0*
#3417625 1*
#3418250 0! 1"
#3418500 0*
#3419500 1*
#3420125 1!
#3420375 0*
#3421375 1*
#3422500 1)
#3422625 1-
#3422750 0!
#3422875 1#
#3423625 0)
#3423875 0" 0# 1$ 0(
#3424125 0*
#3425125 1*
#3425375 1)
#3425625 1! 1" 1(
#3425750 1# 1&
#3426500 0)
#3428125 1)
#3428375 0! 0" 0#
#3428500 0$ 0' 0(
#3429250 0) 0-
#3429500 1# 0& 1' 1(
#3429750 0*
#3430750 1*
#3431375 1!
#3431625 0*
#3432625 1*
#3433125 0!
#3433250 1"
#3433500 0*
#3434500 1*
#3435125 1!
#3435375 0*
#3436375 1*
#3437500 1)
#3437625 1-
#3437750 0!
#3438625 0)
#3438875 0" 1$ 0(
#3439125 0*
#3440125 1*
#3440375 1)
#3440625 1" 0$ 1& 1(
#3441375 0)
#3441750 1! 1$
#3441875 0*
#3442875 1*
#3443125 1)
#3443375 0! 0" 0# 0$ 0' 0(
#3444250 0) 0-
#3444500 1$ 0& 1' 1(
#3444750 0*
#3445750 1*
#3446375 1!
#3446625 0*
#3447625 1*
#3448125 0!
#3448250 1"
#3448500 0*
#3449500 1*
#3450125 1!
#3450375 0*
#3451375 1*
#3452500 1) 1-
#3452750 0! 0$
#3452875 1#
#3453625 0)
#3453750 0#
#3453875 0" 0% 1& 0(
#3454125 0*
#3455125 1*
#3455375 1)
#3455625 1! 1" 1# 1$ 1% 1(
#3456375 0)
#3458125 1)
#3458375 0! 0" 0# 0$ 0' 0(
#3459125 0-
#3459250 0)
#3459375 0&
#3459500 1# 1$ 1' 1(
#3459750 0*
#3460750 1*
#3461375 1!
#3461625 0*
#3462625 1*
#3463125 0!
#3463250 1"
#3463500 0*
#3464500 1*
#3465125 1!
#3465375 0*
#3466375 1*
#3467500 1) 1-
#3467750 0! 0$
#3468625 0)
#3468750 0" 0% 0(
#3468875 1&
#3469125 0*
#3469250 0/
#3470125 1*
#3470250 1)
#3470625 1! 1" 1$ 1% 1(
#3471375 0)
#3473125 1)
#3473375 0! 0" 0# 0$ 0' 0(
#3474125 0-
#3474250 0)
#3474375 0%
#3474500 1' 1(
#3474750 0*
#3475750 1*
#3476250 1/
#3476375 1!
#3476625 0*
#3477625 1*
#3478125 0!
#3478250 1"
#3478500 0*
#3479500 1*
#3480125 1!
#3480375 0*
#3481375 1*
#3482500 1) 1-
#3482750 0! 1# 1% 0&
#3483625 0)
#3483750 0" 0# 0% 0(
#3483875 1$ 1&
#3484000 0*
#3485125 1*
#3485250 1)
#3485625 1! 1" 1# 1% 1(
#3486375 0)
#3488125 1)
#3488375 0! 0" 0# 0$ 0' 0(
#3489125 0-
#3489250 0)
#3489375 0%
#3489500 1# 1' 1(
#3489625 0*
#3490750 1*
#3491375 1!
#3491500 0*
#3492625 1*
#3493125 0!
#3493250 1"
#3493375 0*
#3494500 1*
#3495125 1!
#3495250 0*
#3496375 1*
#3497500 1) 1-
#3497750 0! 1% 0&
#3498500 0)
#3498750 0" 0% 0(
#3498875 1$ 1&
#3499000 0*
#3500000 1*
#3500250 1)
#3500500 0$
#3500625 1! 1" 1% 1(
#3501375 0)
#3501625 1$
#3501875 0+
#3502875 1+
#3503125 1)
#3503375 0! 0" 0# 0$ 0' 0(
#3504125 0) 0-
#3504375 0% 1(
#3504500 1$ 1'
#3504625 0*
#3505625 1*
#3506250 1!
#3506500 0*
#3507500 1*
#3508125 0!
#3508250 1"
#3508375 0*
#3509375 1*
#3510000 1!
#3510250 0*
#3511250 1*
#3512500 1) 1-
#3512625 0!
#3512750 1# 0$ 1% 0&
#3513500 0)
#3513750 0" 0# 1& 0(
#3514000 0*
#3515000 1*
#3515250 1)
#3515625 1! 1" 1# 1$ 1(
#3516375 0)
#3518000 1)
#3518375 0! 0" 0# 0$ 0' 0(
#3519125 0) 0-
#3519375 0% 1' 1(
#3519500 1# 1$
#3519625 0*
#3520625 1*
#3521250 1!
#3521500 0*
#3522500 1*
#3523125 0! 1"
#3523375 0*
#3524375 1*
#3525000 1!
#3525250 0*
#3526250 1*
#3527375 1)
#3527500 1-
#3527625 0!
#3527750 0$ 1% 0&
#3528500 0)
#3528750 0" 1& 0(
#3529000 0*
#3530000 1*
#3530250 1)
#3530500 1(
#3530625 1! 1" 1$
#3531375 0)
#3533000 1)
#3533375 0! 0" 0# 0$ 0' 0(
#3533500 0/
#3534125 0) 0-
#3534375 1' 1(
#3534625 0*
#3535625 1*
#3536250 1!
#3536500 0*
#3537500 1*
#3538125 0! 1"
#3538375 0*
#3539375 1*
#3540000 1!
#3540250 0*
#3540500 1/
#3541250 1*
#3542375 1)
#3542500 1-
#3542625 0! 0&
#3542750 1#
#3543500 0)
#3543750 0" 0# 1$ 1& 0(
#3544000 0*
#3545000 1*
#3545250 1)
#3545500 1! 1(
#3545625 1" 1#
#3546375 0)
#3548000 1)
#3548250 0#
#3548375 0! 0" 0$ 0' 0(
#3549125 0) 0-
#3549375 1# 1' 1(
#3549625 0*
#3550625 1*
#3551250 1!
#3551500 0*
#3552500 1*
#3553125 0! 1"
#3553375 0*
#3554375 1*
#3555000 1!
#3555250 0*
#3556250 1*
#3557375 1)
#3557500 1-
#3557625 0! 0&
#3558500 0)
#3558750 0" 1$ 1& 0(
#3559000 0*
#3560000 1*
#3560250 1)
#3560500 0# 1(
#3561375 0)
#3561625 1! 1" 1#
#3561875 0*
#3562875 1*
#3563000 1)
#3563250 0! 0" 0# 0$ 0'
#3563375 0(
#3564125 0) 0-
#3564375 1$ 1' 1(
#3564625 0*
#3565625 1*
#3566250 1!
#3566500 0*
#3567500 1*
#3568000 0!
#3568125 1"
#3568375 0*
#3569375 1*
#3570000 1!
#3570250 0*
#3571250 1*
#3572375 1)
#3572500 1-
#3572750 1#
#3573500 0)
#3574000 0+
#3575000 1+
#3575250 1)
#3576375 0)
#3578000 1)
#3578250 0! 0" 0# 0$ 0'
#3578375 0(
#3579125 0) 0-
#3579375 1# 1$ 1' 1(
#3579625 0*
#3580625 1*
#3581250 1!
#3581500 0*
#3582500 1*
#3583000 0!
#3583125 1"
#3583375 0*
#3584375 1*
#3585000 1!
#3585250 0*
#3586250 1*
#3587375 1)
#3587500 1-
#3587625 0! 0$ 0&
#3588500 0)
#3588750 0" 0# 0% 0' 0(
#3589000 0*
#3590000 1*
#3590625 1!
#3590875 0*
#3591875 1*
#3592375 0!
#3592500 1"
#3592750 0*
#3593500 1)
#3593750 1*
#3593875 1# 1% 1' 1(
#3594625 0)
#3594750 0# 0% 0' 0(
#3594875 0"
#3595125 0*
#3596125 1*
#3596750 1!
#3597000 0*
#3597750 0/
#3598000 1*
#3598500 0!
#3598625 1"
#3598875 0*
#3599625 1)
#3599875 1! 1' 1( 1*
#3600000 1# 1$ 1% 1&
#3600750 0)
#3602375 1)
#3602625 0! 0" 0# 0&
#3603500 0)
#3603750 1! 0$ 0% 0' 0(
#3604000 0*
#3604875 1/
#3605000 1*
#3605625 1%
#3605875 0*
#3606875 1*
#3607125 1)
#3607375 0! 1' 1(
#3607500 1#
#3608250 0)
#3608375 0# 0% 0' 0(
#3608500 1!
#3608625 0*
#3609750 1*
#3609875 1)
#3610125 0!
#3610250 1$ 1% 1' 1(
#3611000 0)
#3611250 1! 0$ 0% 0' 0(
#3611500 0*
#3612500 1*
#3613125 1%
#3613375 0*
#3614375 1*
#3614625 1)
#3614875 0! 1' 1(
#3615000 1#
#3615750 0)
#3615875 0# 0% 0' 0(
#3616000 1!
#3616250 0*
#3617250 1*
#3617375 1)
#3617625 0!
#3617750 1" 1# 1% 1' 1(
#3618500 0)
#3618750 0" 0# 0% 0' 0(
#3619000 0*
#3620000 1*
#3620625 1!
#3620875 0*
#3621875 1*
#3622500 0! 1"
#3622750 0*
#3623500 1)
#3623750 1*
#3623875 1# 1% 1' 1(
#3624625 0)
#3624750 0(
#3624875 0" 0# 0% 0'
#3625125 0*
#3626125 1*
#3626750 1!
#3627000 0*
#3628000 1*
#3628500 0!
#3628625 1"
#3628875 0*
#3630125 1)
#3630375 1*
#3630875 1! 1# 1$ 1% 1& 1' 1(
#3631625 0)
#3633875 1)
#3634125 0! 0" 0# 0&
#3635000 0)
#3635625 1! 0$ 0% 0' 0(
#3635875 0*
#3636875 1*
#3637500 1%
#3637750 0*
#3638750 1*
#3639000 1)
#3639250 0!
#3639375 1# 1' 1(
#3640125 0)
#3640250 0# 0' 0(
#3640375 1! 0%
#3640625 0*
#3641625 1*
#3641750 1)
#3642000 0!
#3642125 1$ 1% 1' 1(
#3642875 0)
#3643125 1! 0$ 0% 0' 0(
#3643375 0*
#3644375 1*
#3645125 1%
#3645250 0*
#3646250 1*
#3646500 1)
#3646750 0!
#3646875 1# 1' 1(
#3647625 0)
#3647750 0(
#3647875 1! 0# 0% 0'
#3648125 0*
#3649125 1*
#3649375 1)
#3649500 0!
#3649625 1" 1# 1% 1' 1(
#3650375 0)
#3650625 0" 0# 0% 0' 0(
#3650875 0*
#3651875 1*
#3652625 1!
#3652750 0*
#3653750 1*
#3654375 0!
#3654500 1"
#3654625 0*
#3655375 1)
#3655625 1*
#3655750 1# 1% 1' 1(
#3656500 0)
#3656750 0" 0# 0% 0' 0(
#3657000 0*
#3658000 1*
#3658625 1!
#3658875 0*
#3659875 1*
#3660500 0! 1"
#3660750 0*
#3661500 1)
#3661750 0" 1*
#3661875 1' 1(
#3662000 0,
#3662625 0)
#3662875 0' 0(
#3663125 0+
#3664125 1+
#3664375 1)
#3664625 1$ 1% 1' 1(
#3664750 1,
#3665500 0)
#3665625 0$ 0% 0' 0(
#3665750 1!
#3666000 0*
#3667000 1*
#3667625 1%
#3667750 0*
#3668875 1*
#3669000 1)
#3669250 0!
#3669375 1# 1' 1(
#3670125 0)
#3670375 1! 0# 0% 0' 0(
#3670625 0*
#3671625 1*
#3671875 1)
#3672125 0! 1% 1' 1(
#3672250 1$
#3673000 0)
#3673125 0$ 0% 0' 0(
#3673250 1!
#3673500 0*
#3674500 1*
#3675125 1%
#3675375 0*
#3676375 1*
#3676500 1)
#3676750 0!
#3676875 1# 1' 1(
#3677625 0)
#3677875 1! 0# 0% 0' 0(
#3678125 0*
#3679125 1*
#3679375 1)
#3679625 0! 1(
#3679750 1" 1# 1% 1'
#3680500 0)
#3680625 0" 0# 0% 0' 0(
#3681000 0*
#3682000 1*
#3682625 1!
#3682875 0*
#3683875 1*
#3684375 0!
#3684500 1"
#3684750 0*
#3685500 1)
#3685750 1( 1*
#3685875 1# 1% 1'
#3686625 0)
#3686750 0" 0# 0% 0' 0(
#3687000 0*
#3688125 1*
#3688750 1!
#3688875 0*
#3690000 1*
#3690500 0!
#3690625 1"
#3690875 0*
#3691625 1)
#3691750 0" 1*
#3691875 1' 1(
#3692000 0,
#3692625 0)
#3692875 1! 0' 0(
#3693125 0+
#3694250 1+
#3694375 1)
#3694625 0!
#3694750 1$ 1% 1' 1( 1,
#3695500 0)
#3695625 0$ 0% 0' 0(
#3695750 1!
#3696000 0*
#3697000 1*
#3697625 1%
#3697875 0*
#3698875 1*
#3699125 1)
#3699250 0!
#3699375 1# 1' 1(
#3700125 0)
#3700375 1! 0# 0% 0' 0(
#3700625 0*
#3701625 1*
#3701875 1)
#3702125 0!
#3702250 1$ 1% 1' 1(
#3703000 0)
#3703125 0(
#3703250 1! 0$ 0% 0'
#3703500 0*
#3704500 1*
#3705125 1%
#3705375 0*
#3706375 1*
#3706625 1)
#3706875 0! 1# 1' 1(
#3707750 0)
#3707875 1! 0# 0% 0' 0(
#3708125 0*
#3709250 1*
#3709375 1)
#3724750 1" 1# 1$ 1% 1& 1' 1(
#3725500 0)
#3727250 1)
#3729250 0)
#3731000 1)
#3734125 0! 0$ 0&
#3734875 0)
#3735125 0" 0# 0% 0' 0(
#3735375 0*
#3736375 1*
#3736625 1)
#3737000 1! 1" 1# 1$ 1% 1& 1' 1(
#3737625 00
#3737750 0)
#3739500 1)
#3740500 0)
#3741125 0+
#3742125 1+
#3743000 0+
#3744000 1+
#3744625 10
#3744875 0+
#3745875 1+
#3746750 0+
#3747750 1+
#3748875 1)
#3749125 0! 0$ 0&
#3750000 0)
#3750125 0" 0% 0' 0(
#3750375 0*
#3751500 1*
#3751625 1)
#3751875 0#
#3752000 1' 1( 0,
#3752750 0)
#3753000 0'
#3753250 0+
#3754250 1+
#3754500 1)
#3754750 1! 1% 1& 0(
#3754875 1,
#3755500 0-
#3755625 0)
#3755750 0! 0% 0&
#3756125 0*
#3757125 1*
#3757750 1!
#3758000 0*
#3759000 1*
#3759500 0!
#3759625 1"
#3759875 0*
#3760875 1*
#3761500 1!
#3761750 0*
#3762750 1*
#3763875 1) 1-
#3764125 0! 1' 1(
#3764250 1# 1%
#3765000 0)
#3765125 0" 0# 0% 0' 0(
#3765250 1$
#3765500 0*
#3766500 1*
#3766625 1)
#3767000 1! 1" 1# 1% 1& 1' 1(
#3767750 0)
#3769500 1)
#3769750 0" 0# 0$ 0' 0(
#3770500 0-
#3770625 0)
#3770750 0! 0% 0&
#3770875 1#
#3771125 0*
#3772125 1*
#3772750 1!
#3773000 0*
#3774000 1*
#3774500 0!
#3774625 1"
#3774875 0*
#3775875 1*
#3776500 1!
#3776750 0*
#3777750 1*
#3778875 1) 1-
#3779125 0! 1' 1(
#3779250 1%
#3780000 0)
#3780125 0% 0' 0(
#3780250 0" 1$
#3780500 0*
#3781500 1*
#3781625 1)
#3781875 0#
#3782000 1! 1% 1& 1' 1(
#3782750 0)
#3783000 1" 1#
#3783250 0+
#3784250 1+
#3784500 1)
#3784750 0" 0# 0$ 0' 0(
#3785500 0-
#3785625 0)
#3785750 0! 0% 0&
#3785875 1$
#3786125 0*
#3787125 1*
#3787750 1!
#3788000 0*
#3789000 1*
#3789500 0!
#3789625 1"
#3789875 0*
#3790875 1*
#3791500 1!
#3791750 0*
#3792750 1*
#3793875 1) 1-
#3794125 0! 0$ 1(
#3794250 1# 1% 1'
#3795000 0)
#3795125 0# 0(
#3795250 0" 0'
#3795500 0*
#3796500 1*
#3796750 1)
#3796875 0%
#3797000 1' 1(
#3797125 0,
#3797750 0)
#3798000 1! 0'
#3798250 0+
#3799375 1+
#3799500 1)
#3799750 0(
#3799875 1% 1& 1,
#3800625 0) 0-
#3800750 0! 0% 0&
#3800875 1# 1$
#3801125 0*
#3802125 1*
#3802750 1!
#3803000 0*
#3804000 1*
#3804500 0!
#3804625 1"
#3804875 0*
#3805875 1*
#3806500 1!
#3806750 0*
#3807750 1*
#3808875 1) 1-
#3809125 0! 0$
#3809250 1% 1' 1(
#3810000 0)
#3810125 0' 0(
#3810250 0"
#3810500 0*
#3811500 1*
#3811750 1)
#3812000 1! 1" 1$ 1& 1' 1(
#3812750 0)
#3814500 1)
#3814750 0" 0# 0$ 0' 0(
#3815625 0) 0-
#3815750 0! 0&
#3816125 0*
#3817125 1*
#3817750 1!
#3818000 0*
#3819000 1*
#3819500 0!
#3819625 1"
#3819875 0*
#3820875 1*
#3821500 1! 00
#3821750 0*
#3822750 1*
#3823875 1) 1-
#3824125 0!
#3824250 1# 1' 1(
#3825000 0)
#3825125 0# 0(
#3825250 0" 1$ 0'
#3825500 0*
#3826500 1*
#3826750 1)
#3827000 1! 1" 1# 1& 1' 1(
#3827750 0)
#3828500 10
#3829500 1)
#3829750 0" 0# 0$ 0' 0(
#3830625 0) 0-
#3830750 0! 0&
#3830875 1#
#3831125 0*
#3832125 1*
#3832750 1!
#3833000 0*
#3834000 1*
#3834500 0!
#3834625 1"
#3834875 0*
#3835875 1*
#3836500 1!
#3836750 0*
#3837750 1*
#3838875 1) 1-
#3839125 0!
#3839250 1' 1(
#3840000 0)
#3840125 0' 0(
#3840250 0" 1$
#3840500 0*
#3841500 1*
#3841750 1)
#3842000 1" 0# 1& 1' 1(
#3842750 0)
#3843000 1!
#3843125 1#
#3843250 0*
#3844250 1*
#3844500 1)
#3844750 0" 0# 0$ 0' 0(
#3845625 0) 0-
#3845750 0! 0&
#3845875 1$
#3846125 0*
#3847125 1*
#3847750 1!
#3848000 0*
#3849000 1*
#3849500 0!
#3849625 1"
#3849875 0*
#3850875 1*
#3851500 1!
#3851750 0*
#3852750 1*
#3853875 1) 1-
#3854125 0! 0$ 1(
#3854250 1# 1'
#3855000 0)
#3855125 0# 0' 0(
#3855250 0" 0% 1&
#3855500 0*
#3856500 1*
#3856625 1)
#3857000 1! 1" 1# 1$ 1% 1' 1(
#3857750 0)
#3859500 1)
#3859750 0" 0# 0$ 0' 0(
#3860500 0-
#3860625 0)
#3860750 0! 0&
#3860875 1# 1$
#3861125 0*
#3862125 1*
#3862750 1!
#3863000 0*
#3864000 1*
#3864500 0!
#3864625 1"
#3864875 0*
#3865875 1*
#3866500 1!
#3866750 0*
#3867750 1*
#3868875 1) 1-
#3869125 0! 0$ 1' 1(
#3870000 0)
#3870125 0" 0% 0' 0(
#3870250 1&
#3870500 0*
#3871500 1*
#3871625 1)
#3872000 1! 1" 1$ 1% 1' 1(
#3872750 0)
#3874500 1)
#3874750 0" 0# 0$ 0' 0(
#3875500 0-
#3875625 0)
#3875750 0! 0%
#3876125 0*
#3877125 1*
#3877750 1!
#3878000 0*
#3879000 1*
#3879500 0!
#3879625 1"
#3879875 0*
#3880875 1*
#3881500 1!
#3881750 0*
#3882750 1*
#3883875 1) 1-
#3884125 0! 1# 1% 0& 1' 1(
#3885000 0)
#3885125 0" 0# 0% 0' 0(
#3885250 1$ 1&
#3885375 0*
#3886500 1*
#3886625 1)
#3887000 1! 1" 1# 1% 1' 1(
#3887750 0)
#3889500 1)
#3889750 0" 0# 0$ 0' 0(
#3890500 0-
#3890625 0)
#3890750 0! 0%
#3890875 1#
#3891000 0*
#3892125 1*
#3892750 1!
#3892875 0*
#3894000 1*
#3894500 0!
#3894625 1"
#3894750 0*
#3895875 1*
#3896500 1!
#3896625 0*
#3897750 1*
#3898875 1) 1-
#3899125 0! 1% 0& 1' 1(
#3899875 0)
#3900125 0" 0% 0' 0(
#3900250 1$ 1&
#3900375 0*
#3901500 1*
#3901625 1)
#3901875 0#
#3902000 1! 1" 1% 1' 1(
#3902750 0)
#3903000 1#
#3903250 0+
#3904250 1+
#3904500 1)
#3904750 0" 0# 0$ 0' 0(
#3905375 00
#3905500 0) 0-
#3905750 0! 0%
#3905875 1$
#3906000 0*
#3907000 1*
#3907625 1!
#3907875 0*
#3908875 1*
#3909500 0!
#3909625 1"
#3909750 0*
#3910750 1*
#3911375 1!
#3911625 0*
#3912250 10
#3912625 1*
#3913875 1) 1-
#3914000 0!
#3914125 1# 0$ 1% 0& 1' 1(
#3914875 0)
#3915125 0" 0# 1& 0' 0(
#3915375 0*
#3916375 1*
#3916625 1)
#3917000 1! 1" 1# 1$ 1' 1(
#3917750 0)
#3919500 1)
#3919750 0" 0# 0$ 0' 0(
#3920500 0) 0-
#3920750 0! 0%
#3920875 1# 1$
#3921000 0*
#3922000 1*
#3922625 1!
#3922875 0*
#3923875 1*
#3924500 0! 1"
#3924750 0*
#3925750 1*
#3926375 1!
#3926625 0*
#3927625 1*
#3928750 1)
#3928875 1-
#3929000 0!
#3929125 0$ 1% 0& 1' 1(
#3929875 0)
#3930125 0" 1& 0' 0(
#3930375 0*
#3931375 1*
#3931625 1)
#3931875 1(
#3932000 1! 1" 1$ 1'
#3932750 0)
#3934375 1)
#3934750 0" 0# 0$ 0' 0(
#3935500 0) 0-
#3935750 0!
#3936000 0*
#3937000 1*
#3937625 1!
#3937875 0*
#3938875 1*
#3939500 0! 1"
#3939750 0*
#3940750 1*
#3941375 1!
#3941625 0*
#3942625 1*
#3943750 1)
#3943875 1-
#3944000 0! 0&
#3944125 1# 1' 1(
#3944875 0)
#3945125 0" 0# 1$ 1& 0' 0(
#3945375 0*
#3946375 1*
#3946625 1)
#3946875 1' 1(
#3947000 1! 1" 1#
#3947750 0)
#3949375 1)
#3949625 0#
#3949750 0" 0$ 0' 0(
#3950500 0) 0-
#3950750 0! 1#
#3951000 0*
#3952000 1*
#3952625 1!
#3952875 0*
#3953875 1*
#3954500 0! 1"
#3954750 0*
#3955750 1*
#3956375 1!
#3956625 0*
#3957625 1*
#3958750 1)
#3958875 1-
#3959000 0! 0&
#3959125 1' 1(
#3959875 0)
#3960125 0" 1$ 1& 0' 0(
#3960375 0*
#3961375 1*
#3961625 1)
#3961875 1' 1(
#3962750 0)
#3963000 1! 1"
#3963125 0*
#3964250 1*
#3964375 1)
#3964625 0" 0# 0$ 0'
#3964750 0(
#3965500 0) 0-
#3965625 0!
#3965750 1$
#3966000 0*
#3967000 1*
#3967625 1!
#3967875 0*
#3968875 1*
#3969375 0!
#3969500 1"
#3969750 0*
#3970750 1*
#3971375 1!
#3971625 0*
#3972625 1*
#3973750 1)
#3973875 1-
#3974000 0! 0$ 0&
#3974125 1# 1' 1(
#3974875 0)
#3975125 0" 0# 0% 0(
#3975375 0*
#3976375 1*
#3976625 1)
#3976875 1! 1" 1# 1$ 1% 1& 1(
#3977750 0)
#3979375 1)
#3979625 0" 0# 0$ 0' 0(
#3980500 0) 0-
#3980625 0!
#3980750 1# 1$
#3981000 0*
#3982000 1*
#3982625 1!
#3982875 0*
#3983875 1*
#3984375 0!
#3984500 1"
#3984750 0*
#3985750 1*
#3986375 1!
#3986625 0*
#3987625 1*
#3988750 1) 1-
#3989000 0! 0$ 0&
#3989125 1' 1(
#3989875 0)
#3990000 0(
#3990125 0" 0%
#3990375 0*
#3991375 1*
#3991625 1)
#3991875 1! 1" 1$ 1% 1& 1(
#3992625 0)
#3994375 1)
#3994625 0" 0# 0$ 0' 0(
#3995500 0) 0-
#3995625 0!
#3995750 0% 0& 1'
#3996000 0*
#3997000 1*
#3997625 1!
#3997875 0*
#3998875 1*
#3999375 0!
#3999500 1"
#3999750 0*
#4000750 1*
#4001375 1!
#4001625 0*
#4002625 1*
#4003750 1) 1-
#4004000 0!
#4004125 1# 1% 1(
#4004875 0)
#4005000 0# 0(
#4005125 0" 1$ 0%
#4005375 0*
#4006375 1*
#4006625 1)
#4006875 1! 1" 1# 1% 1& 1(
#4007625 0)
#4009375 1)
#4009625 0" 0# 0$ 0' 0(
#4010500 0) 0-
#4010625 0! 0&
#4010750 1# 0% 1'
#4011000 0*
#4012000 1*
#4012625 1!
#4012875 0*
#4013875 1*
#4014375 0!
#4014500 1"
#4014750 0*
#4015750 1*
#4016375 1!
#4016625 0*
#4017625 1*
#4018750 1) 1-
#4019000 0!
#4019125 1% 1(
#4019875 0)
#4020000 0(
#4020125 0" 1$ 0%
#4020375 0*
#4021375 1*
#4021625 1)
#4021875 1! 1% 1& 1(
#4022625 0)
#4023000 1"
#4023250 0+
#4024250 1+
#4024375 1)
#4024625 0" 0# 0$ 0' 0(
#4025500 0) 0-
#4025625 0!
#4025750 1$ 0% 0& 1'
#4026000 0*
#4027000 1*
#4027625 1!
#4027875 0*
#4028875 1*
#4029375 0!
#4029500 1"
#4029750 0*
#4030750 1*
#4031375 1!
#4031625 0*
#4032625 1*
#4033750 1) 1-
#4034000 0! 0$
#4034125 1# 1% 1(
#4034875 0)
#4035000 0# 0(
#4035125 0"
#4035375 0*
#4036375 1*
#4036625 1)
#4036875 1! 1" 1# 1$ 1& 1(
#4037625 0)
#4039375 1)
#4039625 0" 0# 0$ 0' 0(
#4040500 0) 0-
#4040625 0!
#4040750 1# 1$ 0% 0& 1'
#4041000 0*
#4042000 1*
#4042625 1!
#4042875 0*
#4043875 1*
#4044375 0!
#4044500 1"
#4044750 0*
#4045750 1*
#4046375 1!
#4046625 0*
#4047625 1*
#4048750 1)
#4048875 1-
#4049000 0! 0$
#4049125 1% 1(
#4049875 0)
#4050000 0(
#4050125 0"
#4050375 0*
#4051375 1*
#4051625 1)
#4051875 1! 1" 1$ 1& 1(
#4052750 0)
#4054375 1)
#4054625 0" 0# 0$ 0' 0(
#4055500 0) 0-
#4055625 0!
#4055750 0& 1'
#4056000 0*
#4057000 1*
#4057625 1!
#4057875 0*
#4058875 1*
#4059375 0!
#4059500 1"
#4059750 0*
#4060750 1*
#4061375 1!
#4061625 0*
#4062625 1*
#4063750 1)
#4063875 1-
#4064000 0!
#4064125 1# 1(
#4064875 0)
#4065125 0" 0# 1$ 0(
#4065375 0*
#4066375 1*
#4066625 1)
#4066875 1! 1(
#4067000 1" 1# 1&
#4067750 0)
#4069375 1)
#4069625 0#
#4069750 0" 0$ 0' 0(
#4070500 0) 0-
#4070750 0! 1# 0& 1'
#4071000 0*
#4072000 1*
#4072625 1!
#4072875 0*
#4073875 1*
#4074500 0! 1"
#4074750 0*
#4075750 1* 0/
#4076375 1!
#4076625 0*
#4077625 1*
#4078750 1)
#4078875 1-
#4079000 0!
#4079125 1(
#4079875 0)
#4080125 0" 1$ 0(
#4080375 0*
#4081375 1*
#4081625 1)
#4081875 1(
#4082000 1" 1&
#4082750 0) 1/
#4083000 1!
#4083250 0*
#4084250 1*
#4084375 1)
#4084750 0" 0# 0$ 0' 0(
#4085500 0) 0-
#4085750 0! 1$ 0& 1'
#4086000 0*
#4087000 1*
#4087625 1!
#4087875 0*
#4088875 1*
#4089500 0! 1"
#4089750 0*
#4090750 1*
#4091375 1!
#4091625 0*
#4092625 1*
#4093875 1) 1-
#4094000 0!
#4094125 1# 0$ 1(
#4094875 0)
#4095125 0" 0# 0% 1& 0(
#4095375 0*
