$date Thu Aug  6 15:42:04 2026 $end
$version libsigrok 0.5.2 $end
$comment
  Acquisition with 16/16 channels at 80 MHz
$end
$timescale 100 ps $end
$scope module libsigrok $end
$var wire 1 ! A0 $end
$var wire 1 " A1 $end
$var wire 1 # A2 $end
$var wire 1 $ A3 $end
$var wire 1 % A4 $end
$var wire 1 & A5 $end
$var wire 1 ' A6 $end
$var wire 1 ( A7 $end
$var wire 1 ) RAS $end
$var wire 1 * CAS0 $end
$var wire 1 + CAS1 $end
$var wire 1 , R/W $end
$var wire 1 - VDS $end
$var wire 1 . IRQ $end
$var wire 1 / CSW $end
$var wire 1 0 CSR $end
$upscope $end
$enddefinitions $end
#0 1! 1" 0# 0$ 1% 1& 0' 1( 0) 0* 1+ 1, 0- 0. 1/ 10
#125 0% 0& 0( 1) 1*
#250 0" 1# 1% 1' 1( 0, 1-
#500 0! 0#
#625 1$
#750 1,
#1375 0)
#1625 1# 0% 0' 0(
#1875 0*
#2875 1*
#3500 1%
#3750 0*
#4750 1*
#5000 1)
#5250 0$ 1' 1(
#6125 0)
#6250 0% 0' 0(
#6375 1$
#6625 0*
#7625 1*
#7750 1)
#8000 0#
#8125 1% 1' 1(
#8875 0)
#9125 1# 0% 0' 0(
#9375 0*
#10375 1*
#11000 1%
#11250 0*
#12250 1*
#12500 1)
#12750 0$
#12875 1' 1(
#13625 0)
#13750 0' 0(
#13875 1$ 0%
#14125 0*
#15125 1*
#15375 1)
#30625 1" 0# 1(
#31500 0)
#31625 0$
#31750 1# 1% 1'
#32000 0+
#33000 1+
#33125 1)
#34375 1! 1$ 1&
#35250 0)
#36875 1)
#40000 0! 0$ 0&
#40875 0)
#41000 0" 0# 0% 0' 0(
#41375 0*
#42375 1*
#42500 1)
#42875 1" 1$ 1' 1(
#43000 0,
#43625 0)
#43875 1# 0$ 1%
#44125 0+
#45125 1+
#45375 1)
#45625 1!
#45750 1$ 1& 1,
#46500 0)
#47000 0+
#48000 1+
#48875 0+
#49875 1+
#50750 0+
#51750 1+
#52625 0+
#53625 1+
#54750 1)
#55000 0! 0$ 0&
#55875 0)
#56000 0% 0' 0(
#56125 0"
#56375 0*
#57375 1*
#57625 1)
#57875 1! 1" 1$ 1% 1& 1' 1(
#58625 0)
#60375 1)
#60625 0! 0' 0(
#61500 0) 0-
#61625 0$ 0&
#61750 0" 0# 0% 1(
#62000 0*
#63000 1*
#63625 1!
#63875 0*
#64875 1*
#65375 0!
#65500 1"
#65750 0*
#66750 1*
#67375 1!
#67625 0*
#68625 1*
#69750 1) 1-
#70000 0!
#70125 1# 1% 1'
#70875 0)
#71125 0" 0# 1$ 0% 0' 0(
#71375 0*
#72375 1*
#72625 1)
#72875 1" 1(
#73625 0)
#73875 0$
#74000 1! 1# 1% 1'
#74250 0+
#75250 1+
#75375 1)
#75625 0! 0' 0(
#75750 1$ 1&
#76125 00
#76500 0) 0-
#76750 0" 0$ 0% 0& 1(
#77000 0*
#78000 1*
#78625 1!
#78875 0*
#79875 1*
#80375 0!
#80500 1"
#80750 0*
#81750 1*
#82375 1!
#82625 0*
#83125 10
#83625 1*
#84750 1)
#84875 1-
#85000 0!
#85125 1% 1'
#85875 0)
#86125 0" 1$ 0% 0' 0(
#86375 0*
#87375 1*
#87625 1)
#87875 0#
#88000 1"
#88750 0)
#89000 1! 1# 1% 1&
#89250 0*
#90250 1*
#90375 1)
#90625 0!
#91500 0) 0-
#91750 0" 0# 0% 0& 1(
#92000 0*
#93000 1*
#93625 1!
#93875 0*
#94875 1*
#95500 0! 1"
#95750 0*
#96750 1*
#97375 1!
#97625 0*
#98625 1*
#99750 1)
#99875 1-
#100000 0! 0$
#100125 1# 1% 1'
#100875 0)
#101125 0" 0# 0' 0(
#101375 0*
#102375 1*
#102625 1)
#102875 0% 1' 1(
#103000 1" 1$ 0,
#103750 0)
#103875 0$
#104000 1! 1# 1%
#104250 0+
#105250 1+
#105375 1)
#105625 0! 0' 0(
#105750 1$ 1&
#105875 1,
#106500 0) 0-
#106750 0" 0% 0& 1(
#107000 0*
#108000 1*
#108625 1!
#108875 0*
#109875 1*
#110500 0! 1"
#110750 0*
#111750 1*
#112375 1!
#112625 0*
#113625 1*
#114750 1)
#114875 1-
#115000 0!
#115125 0$ 1% 1'
#115875 0)
#116125 0" 0' 0(
#116375 0*
#117375 1*
#117625 1)
#118000 1! 1" 1$ 1& 1' 1(
#118750 0)
#120375 1)
#120625 0! 0'
#120750 0(
#121500 0) 0-
#121750 0" 0# 0$ 0& 1(
#122000 0*
#123000 1*
#123625 1!
#123875 0*
#124875 1*
#125500 0! 1"
#125750 0*
#126750 1*
#127375 1!
#127625 0*
#128625 1*
#129750 1)
#129875 1-
#130000 0!
#130125 1# 1'
#130875 0)
#131125 0" 0# 1$ 0' 0(
#131375 0*
#132375 1*
#132625 1)
#132875 0% 1(
#133000 1"
#133750 0)
#133875 0"
#134000 1% 1'
#134250 0+
#135250 1+
#135375 1)
#135625 0' 0(
#135750 1" 1# 1&
#136500 0) 0-
#136750 0" 0$ 0& 1(
#137000 0*
#138000 1*
#138625 1!
#138875 0*
#139875 1*
#140500 0! 1"
#140750 0*
#141750 1*
#142375 1!
#142625 0*
#143625 1*
#144750 1)
#144875 1-
#145000 0!
#145125 1'
#145875 0)
#146125 0" 1$ 0' 0(
#146375 0*
#147375 1*
#147625 1)
#147875 1! 0# 0%
#148000 1"
#148750 0)
#149000 1# 1% 1&
#149250 0+
#150250 1+
#150375 1)
#150625 0!
#151500 0) 0-
#151750 0" 0# 0& 1(
#152000 0*
#153000 1*
#153625 1!
#153875 0*
#154875 1*
#155500 0! 1"
#155750 0*
#156750 1*
#157375 1!
#157625 0*
#158625 1*
#159750 1)
#159875 1-
#160000 0! 00
#160125 1# 0$ 1'
#160875 0)
#161125 0" 0# 0% 1& 0' 0(
#161375 0*
#162375 1*
#162625 1)
#162875 0& 1' 1(
#163000 1" 1$ 0,
#163750 0)
#163875 0"
#164000 1%
#164250 0+
#165250 1+
#165375 1)
#165625 0' 0(
#165750 1" 1# 1&
#165875 1,
#166500 0) 0-
#166750 0" 0& 1(
#167000 0* 10
#168000 1*
#168625 1!
#168875 0*
#169875 1*
#170500 0! 1"
#170750 0*
#171750 1*
#172375 1!
#172625 0*
#173625 1*
#174750 1)
#174875 1-
#175000 0! 0$
#175125 1'
#175875 0)
#176125 0" 0% 1& 0' 0(
#176375 0*
#177375 1*
#177625 1)
#177875 1! 1' 1(
#178000 1" 1$ 1%
#178750 0)
#180375 1)
#180625 0! 0' 0(
#181500 0) 0-
#181750 0" 0# 0$ 0% 1(
#182000 0*
#183000 1*
#183625 1!
#183875 0*
#184875 1*
#185375 0!
#185500 1"
#185750 0*
#186750 1*
#187375 1!
#187625 0*
#188625 1*
#189750 1)
#189875 1-
#190000 0! 0&
#190125 1# 1% 1'
#190875 0)
#191125 0" 0# 1$ 0% 1& 0' 0(
#191375 0*
#192375 1*
#192625 1)
#192875 1" 0& 1(
#193625 0)
#193875 0"
#194000 1! 1% 1'
#194250 0+
#195250 1+
#195375 1)
#195625 0! 0' 0(
#195750 1" 1# 1&
#196500 0) 0-
#196625 0"
#196750 0$ 0% 1(
#197000 0*
#198000 1*
#198625 1!
#198875 0*
#199875 1*
#200375 0!
#200500 1"
#200750 0*
#201750 1*
#202375 1!
#202625 0*
#203625 1*
#204750 1) 1-
#205000 0! 0&
#205125 1% 1'
#205875 0)
#206000 0% 0'
#206125 0" 1$ 1& 0(
#206375 0*
#207375 1*
#207625 1)
#207750 0&
#208625 0)
#208875 1!
#209000 1" 1% 1&
#209125 0*
#210125 1*
#210375 1)
#210625 0!
#211375 0-
#211500 0)
#211625 0" 0%
#211750 0# 1(
#212000 0*
#213000 1*
#213625 1!
#213875 0*
#214875 1*
#215375 0!
#215500 1"
#215750 0*
#216750 1*
#217375 1!
#217625 0*
#218625 1*
#219750 1) 1-
#220000 0! 0$ 0& 1'
#220125 1# 1%
#220875 0)
#221000 0" 0# 0' 0(
#221125 1&
#221375 0*
#222375 1*
#222500 1)
#222750 0% 0&
#222875 1" 1$ 1' 1(
#223000 0,
#223625 0)
#223875 1! 0" 1%
#224125 0+
#225125 1+
#225375 1)
#225625 0! 1& 0' 0(
#225750 1" 1# 1,
#226375 0-
#226500 0)
#226625 0" 0%
#226750 1(
#227000 0*
#228000 1*
#228625 1!
#228875 0*
#229875 1*
#230375 0!
#230500 1"
#230750 0*
#231750 1*
#232375 1!
#232625 0*
#233625 1*
#234750 1) 1-
#235000 0! 0$ 1% 0& 1'
#235875 0)
#236000 0" 0' 0(
#236125 1&
#236375 0*
#237375 1*
#237500 1)
#237875 1! 1" 1$ 1' 1(
#238625 0)
#240375 1)
#240625 0! 0' 0(
#241375 0-
#241500 0)
#241625 0" 0# 0$
#241750 1(
#241875 0*
#243000 1*
#243625 1!
#243875 0* 00
#244875 1*
#245375 0!
#245500 1"
#245750 0*
#246750 1*
#247375 1!
#247500 0*
#248625 1*
#249750 1) 1-
#250000 0! 1# 0& 1'
#250875 0) 10
#251000 0" 0# 0' 0(
#251125 1$ 1&
#251250 0*
#252375 1*
#252500 1)
#252750 0% 0&
#252875 1" 1(
#253625 0)
#253875 1% 1'
#254125 0+
#255125 1+
#255375 1)
#255625 1# 1& 0' 0(
#256375 0) 0-
#256625 0" 0$ 1(
#256875 0*
#258000 1*
#258625 1!
#258750 0*
#259875 1*
#260375 0!
#260500 1"
#260625 0*
#261625 1*
#262250 1!
#262500 0*
#263500 1*
#264750 1) 1-
#265000 0! 0& 1'
#265750 0)
#266000 0" 0' 0(
#266125 1$ 1&
#266250 0*
#267250 1*
#267500 1)
#267750 0% 0&
#267875 1!
#268625 0)
#268875 1" 1% 1&
#269125 0+
#270125 1+
#270375 1)
#270500 0!
#271375 0) 0-
#271625 0" 0# 1(
#271875 0*
#272875 1*
#273500 1!
#273750 0*
#274750 1*
#275375 0!
#275500 1"
#275625 0*
#276625 1*
#277250 1!
#277500 0*
#278500 1*
#279750 1) 1-
#279875 0!
#280000 1# 0$ 0& 1'
#280750 0)
#281000 0" 0# 0% 0(
#281250 0*
#282250 1*
#282500 1)
#282875 1" 1$ 1( 0,
#283625 0)
#283875 1%
#284125 0+
#285125 1+
#285250 1)
#285500 0(
#285625 1# 1& 0'
#285750 1,
#286375 0) 0-
#286625 0" 1(
#286875 0*
#287875 1*
#288500 1!
#288750 0*
#289750 1*
#290375 0! 1"
#290625 0*
#291625 1*
#292250 1!
#292500 0*
#293500 1*
#294625 1)
#294750 1-
#294875 0!
#295000 0$ 0& 1'
#295750 0)
#296000 0" 0% 0(
#296250 0*
#297250 1*
#297500 1)
#297875 1! 1" 1$ 1% 1& 1(
#298625 0)
#300250 1)
#300500 0!
#300625 0' 0(
#301375 0) 0-
#301625 0" 0# 0$ 0% 0& 1' 1(
#301875 0*
#302875 1*
#303500 1!
#303750 0*
#304750 1*
#305375 0! 1"
#305625 0*
#306625 1*
#307250 1!
#307500 0*
#308500 1*
#309625 1)
#309750 1-
#309875 0!
#310000 1# 1%
#310750 0)
#311000 0" 0# 1$ 0% 0(
#311250 0*
#312250 1*
#312500 1)
#312750 0' 1(
#312875 1"
#313625 0)
#313875 1! 1% 1'
#314125 0+
#315125 1+
#315250 1)
#315500 0! 0' 0(
#315625 1# 1&
#316375 0) 0-
#316625 0" 0$ 0% 0& 1' 1(
#316875 0*
#317875 1*
#318500 1!
#318750 0*
#319750 1*
#320375 0! 1"
#320625 0*
#321625 1*
#322250 1!
#322500 0*
#323500 1*
#324625 1)
#324750 1-
#324875 0!
#325000 1%
#325750 0)
#326000 0" 1$ 0% 0(
#326250 0*
#327250 1*
#327500 1)
#327750 0' 00
#327875 1"
#328625 0)
#328875 1! 1% 1&
#329125 0*
#330125 1*
#330250 1)
#330500 0!
#331375 0) 0-
#331625 0" 0# 0% 0& 1' 1(
#331875 0*
#332875 1*
#333500 1!
#333750 0*
#334625 10
#334750 1*
#335375 0! 1"
#335625 0*
#336625 1*
#337250 1!
#337500 0*
#338500 1*
#339625 1)
#339750 1-
#339875 0!
#340000 1# 0$ 1%
#340750 0)
#341000 0" 0# 0(
#341250 0*
#342250 1*
#342500 1)
#342750 0% 1(
#342875 1" 1$ 0,
#343625 0)
#343875 1! 1%
#344125 0+
#345125 1+
#345250 1)
#345500 0! 0(
#345625 1# 1& 0'
#345750 1,
#346375 0) 0-
#346625 0" 0% 0& 1' 1(
#346875 0*
#347875 1*
#348500 1!
#348750 0*
#349750 1*
#350375 0! 1"
#350625 0*
#351625 1*
#352250 1!
#352500 0*
#353500 1*
#354625 1)
#354750 1-
#354875 0!
#355000 0$ 1%
#355750 0)
#356000 0" 0(
#356250 0*
#357250 1*
#357500 1)
#357875 1! 1" 1$ 1& 1(
#358625 0)
#360250 1)
#360625 0! 0' 0(
#361375 0) 0-
#361625 0" 0# 0$ 0& 1' 1(
#361875 0*
#362875 1*
#363500 1!
#363750 0*
#364750 1*
#365375 0!
#365500 1"
#365625 0*
#366625 1*
#367250 1!
#367500 0*
#368500 1*
#369750 1) 1-
#369875 0!
#370000 1#
#370750 0)
#371000 0" 0# 0(
#371125 1$
#371250 0*
#372250 1*
#372500 1)
#372750 0% 0'
#372875 1" 1(
#373625 0)
#373750 0"
#373875 1# 1% 1'
#374125 0+
#375125 1+
#375375 1)
#375625 1" 1& 0' 0(
#376375 0) 0-
#376625 0" 0$ 0& 1' 1(
#376875 0*
#377875 1*
#378625 1!
#378750 0*
#379750 1*
#380375 0!
#380500 1"
#380625 0*
#381625 1*
#382250 1!
#382500 0*
#383625 1*
#384750 1) 1-
#385000 0!
#385750 0)
#386000 0" 0(
#386125 1$
#386250 0*
#387375 1*
#387500 1)
#387750 0% 0'
#387875 1! 1"
#388625 0)
#388875 1% 1&
#389125 0+
#390125 1+
#390375 1)
#390625 0!
#391375 0) 0-
#391625 0" 0# 0&
#391750 1' 1(
#391875 0*
#393000 1*
#393625 1!
#393750 0*
#394875 1*
#395375 0!
#395500 1"
#395750 0*
#396750 1*
#397375 1!
#397625 0*
#398625 1*
#399750 1) 1-
#400000 0! 1# 0$
#400875 0)
#401000 0" 0# 0% 0(
#401125 1&
#401375 0*
#402375 1*
#402500 1)
#402750 0&
#402875 1" 1$ 1(
#403000 0,
#403625 0)
#403875 0" 1# 1%
#404125 0+
#405125 1+
#405375 1)
#405625 1" 1& 0' 0(
#405750 1,
#406375 0-
#406500 0)
#406625 0" 0&
#406750 1' 1(
#407000 0*
#408000 1*
#408625 1!
#408875 0*
#409875 1*
#410375 0!
#410500 1"
#410750 0*
#411500 00
#411750 1*
#412375 1!
#412625 0*
#413625 1*
#414750 1) 1-
#415000 0! 0$
#415875 0)
#416000 0" 0% 0(
#416125 1&
#416375 0*
#417375 1*
#417500 1)
#417875 1! 1" 1$ 1% 1(
#418500 10
#418625 0)
#420375 1)
#420625 0! 0' 0(
#421375 0-
#421500 0)
#421625 0" 0# 0$ 0%
#421750 1' 1(
#422000 0*
#423000 1*
#423625 1!
#423875 0*
#424875 1*
#425375 0!
#425500 1"
#425750 0*
#426750 1*
#427375 1!
#427625 0*
#428625 1*
#429750 1) 1-
#430000 0! 0&
#430125 1# 1%
#430875 0)
#431000 0#
#431125 0" 1$ 0% 1& 0(
#431375 0*
#432375 1*
#432625 1)
#432750 0&
#432875 1" 0' 1(
#433625 0)
#433875 0" 1'
#434000 1! 1# 1%
#434250 0+
#435250 1+
#435375 1)
#435625 0! 0' 0(
#435750 1" 1&
#436500 0) 0-
#436750 0" 0$ 0% 1' 1(
#437000 0*
#438000 1*
#438625 1!
#438875 0*
#439875 1*
#440375 0!
#440500 1"
#440750 0*
#441750 1*
#442375 1!
#442625 0*
#443625 1*
#444750 1)
#444875 1-
#445000 0! 0&
#445125 1%
#445875 0)
#446125 0" 1$ 0% 1& 0(
#446375 0*
#447375 1*
#447625 1)
#447875 0# 0$ 1% 0& 0'
#448750 0)
#449000 1! 1" 1# 1$ 1&
#449250 0*
#450250 1*
#450375 1)
#450625 0!
#451500 0) 0-
#451750 0" 0# 0% 1' 1(
#452000 0*
#453000 1*
#453625 1!
#453875 0*
#454875 1*
#455500 0! 1"
#455750 0*
#456750 1*
#457375 1!
#457625 0*
#458625 1*
#459750 1)
#459875 1-
#460000 0!
#460125 1# 0$ 1% 0&
#460875 0)
#461125 0" 0# 1& 0(
#461375 0*
#462375 1*
#462625 1)
#462875 0% 0& 1(
#463000 1" 1$ 0,
#463750 0)
#463875 0"
#464000 1! 1# 1%
#464250 0+
#465250 1+
#465375 1)
#465625 0!
#465750 1" 1& 0' 0(
#465875 1,
#466500 0) 0-
#466750 0" 0% 1' 1(
#467000 0*
#468000 1*
#468625 1!
#468875 0*
#469875 1*
#470500 0!
#470625 1"
#470750 0*
#471750 1*
#472375 1!
#472625 0*
#473625 1*
#474875 1) 1-
#475125 0! 0$ 1% 0&
#475875 0)
#476125 0" 0(
#476250 1&
#476375 0*
#477375 1*
#477625 1)
#478000 1! 1" 1$ 1(
#478750 0)
#480500 1)
#480750 0! 0' 0(
#481500 0) 0-
#481750 0" 0# 0$ 1' 1(
#482000 0*
#483125 1*
#483750 1!
#483875 0*
#485000 1*
#485500 0!
#485625 1"
#485750 0*
#486875 1*
#487500 1!
#487625 0*
#488750 1*
#489875 1) 1-
#490125 0! 1# 0&
#491000 0)
#491125 0" 0# 0(
#491250 1$ 1&
#491375 0*
#492500 1*
#492625 1)
#492875 0% 0& 0'
#493000 1" 1(
#493750 0)
#494000 1# 1% 1'
#494250 0+
#495250 1+
#495375 00
#495500 1)
#495750 1& 0' 0(
#496500 0-
#496625 0)
#496750 0" 0$
#496875 1' 1(
#497125 0*
#498125 1*
#498750 1!
#499000 0*
#500000 1*
#500500 0!
#500625 1"
#500875 0*
#501875 1*
#502375 10
#502500 1!
#502750 0*
#503750 1*
#504875 1) 1-
#505125 0! 0&
#506000 0)
#506125 0" 0(
#506250 1$ 1&
#506500 0*
#507500 1*
#507625 1)
#507875 0# 0$ 0& 0'
#508000 1!
#508750 0)
#509000 1" 1# 1$ 1&
#509250 0+
#510250 1+
#510500 1)
#510750 0!
#511500 0-
#511625 0)
#511750 0" 0#
#511875 1' 1(
#512125 0*
#513125 1*
#513750 1!
#514000 0*
#515000 1*
#515500 0!
#515625 1"
#515875 0*
#516875 1*
#517500 1!
#517750 0*
#518750 1*
#519875 1) 1-
#520250 1#
#521000 0)
#521500 0+
#522500 1+
#522750 1)
#523000 0! 0# 0% 0&
#523125 0,
#523750 0)
#524125 1# 1%
#524250 0+
#525375 1+
#525500 1)
#525750 0' 0(
#525875 1& 1,
#526625 0) 0-
#526875 0" 1' 1(
#527125 0*
#528125 1*
#528750 1!
#529000 0*
#530000 1*
#530500 0!
#530625 1"
#530875 0*
#531875 1*
#532500 1!
#532750 0*
#533750 1*
#534875 1)
#535000 1-
#535125 0! 0$ 0&
#536000 0)
#536250 0" 0# 0% 0' 0(
#536500 0*
#537500 1*
#538125 1!
#538375 0*
#539375 1*
#539875 0!
#540000 1"
#540250 0*
#541000 1)
#541250 1*
#541375 1# 1% 1' 1(
#542125 0)
#542250 0" 0# 0% 0' 0(
#542625 0*
#543625 1*
#544250 1!
#544500 0*
#545500 1*
#546000 0!
#546125 1"
#546375 0*
#547125 1)
#547375 1( 1*
#547500 1$
#548250 0)
#548500 1! 1# 1% 1'
#548750 0+
#549750 1+
#549875 1)
#550125 0! 0" 0#
#551000 0)
#551250 1! 1# 0% 0' 0(
#551500 0*
#552500 1*
#553125 1%
#553375 0*
#554375 1*
#554625 1)
#554875 0! 0$ 1' 1(
#555750 0)
#555875 0% 0' 0(
#556000 1! 1$
#556125 0*
#557250 1*
#557375 1)
#557625 0! 0#
#557750 1% 1' 1(
#558500 0)
#558625 0(
#558750 1! 1# 0% 0'
#559000 0*
#560000 1*
#560625 1%
#560875 0*
#561875 1*
#562125 1)
#562375 0! 0$ 1' 1(
#563250 0)
#563375 0% 0' 0(
#563500 1! 1$
#563625 0*
#564750 1*
#564875 1)
#565125 0! 0$
#565250 1" 1% 1' 1(
#566000 0)
#566250 0" 0# 0% 0' 0(
#566500 0*
#567500 1*
#568125 1!
#568375 0*
#569375 1*
#569875 0!
#570000 1"
#570250 0*
#571000 1)
#571250 1*
#571375 1# 1% 1' 1(
#572125 0)
#572250 0# 0% 0' 0(
#572375 0"
#572625 0*
#573625 1*
#574250 1!
#574500 0*
#575500 1*
#576000 0!
#576125 1"
#576375 0*
#577625 1)
#577875 1*
#578375 1$ 1' 1( 0,
#579125 0)
#579250 00
#579375 1! 1# 1%
#579625 0+
#580625 1+
#581250 1)
#581500 0! 0#
#581625 0"
#581750 1,
#582375 0)
#583125 1! 1# 0% 0' 0(
#583375 0*
#584375 1*
#585000 1%
#585250 0*
#586250 1* 10
#586500 1)
#586750 0! 0$ 1' 1(
#587625 0)
#587750 0% 0' 0(
#587875 1! 1$
#588000 0*
#589125 1*
#589250 1)
#589500 0! 0#
#589625 1% 1' 1(
#590375 0)
#590500 0' 0(
#590625 1! 1# 0%
#590875 0*
#591875 1*
#592500 1%
#592750 0*
#593750 1*
#594000 1)
#594250 0! 0$ 1' 1(
#595000 0)
#595250 0% 0' 0(
#595375 1! 1$
#595500 0*
#596625 1*
#596750 1)
#597000 0! 0$
#597125 1" 1% 1' 1(
#597875 0)
#598125 0" 0# 0% 0' 0(
#598375 0*
#599375 1*
#600000 1!
#600250 0*
#601250 1*
#601750 0!
#601875 1"
#602125 0*
#602875 1)
#603125 1*
#603250 1# 1% 1' 1(
#604000 0)
#604125 0" 0# 0% 0' 0(
#604500 0*
#605500 1*
#606125 1!
#606375 0*
#607375 1*
#607875 0!
#608000 1"
#608250 0*
#609000 1)
#609250 1$ 1( 1*
#610000 0)
#610250 0" 0$ 1'
#610375 1&
#610625 0+
#611625 1+
#611750 1)
#612000 0&
#612125 1$ 1%
#612875 0)
#613000 0% 0' 0(
#613125 1! 1#
#613375 0*
#614375 1*
#615000 1%
#615250 0*
#616250 1*
#616500 1)
#616625 0!
#616750 0$ 1' 1(
#617500 0)
#617750 1! 0% 0' 0(
#617875 1$
#618000 0*
#619000 1*
#619250 1)
#619500 0! 0# 1(
#619625 1% 1'
#620375 0)
#620500 0% 0' 0(
#620625 1! 1#
#620875 0*
#621875 1*
#622500 1%
#622750 0*
#623750 1*
#624000 1)
#624125 0!
#624250 0$ 1' 1(
#625000 0)
#625250 1! 1$ 0% 0' 0(
#625500 0*
#626500 1*
#626750 1)
#627000 0! 0$ 1(
#627125 1" 1% 1'
#627875 0)
#628000 0" 0# 0% 0' 0(
#628375 0*
#629375 1*
#630000 1!
#630250 0*
#631250 1*
#631750 0!
#631875 1"
#632125 0*
#632875 1)
#633125 1*
#633250 1# 1% 1' 1(
#634000 0)
#634125 0" 0# 0% 0' 0(
#634375 0*
#635375 1*
#636125 1!
#636250 0*
#637250 1*
#637875 0!
#638000 1"
#638125 0*
#638875 1)
#639125 1*
#639250 1$ 1' 1(
#639375 0,
#640000 0)
#640250 0" 0$ 1&
#640500 0+
#641500 1+
#641750 1)
#642000 0&
#642125 1$ 1% 1,
#642875 0)
#643000 0% 0' 0(
#643125 1! 1#
#643375 0*
#644375 1*
#645000 1%
#645250 0*
#646250 1*
#646375 1)
#646625 0! 0$
#646750 1' 1(
#647500 0)
#647750 1! 1$ 0% 0' 0(
#648000 0*
#649000 1*
#649250 1)
#649500 0! 0# 1% 1' 1(
#650375 0)
#650500 0% 0' 0(
#650625 1! 1#
#650875 0*
#651875 1*
#652500 1%
#652750 0*
#653750 1*
#653875 1)
#654125 0! 0$
#654250 1' 1(
#655000 0)
#655250 1! 1$ 0% 0' 0(
#655500 0*
#656500 1*
#656750 1)
#663125 00
#670125 10
#671875 0!
#672000 1" 0# 1(
#672750 0)
#673000 0" 0$
#673125 1! 1& 1'
#673375 0+
#674375 1+
#674500 1)
#675750 1" 1# 1$ 1%
#676500 0)
#678250 1)
#681375 0! 0$ 0&
#682125 0)
#682375 0" 0# 0% 0' 0(
#682625 0*
#683625 1*
#683875 1)
#684250 1" 1$ 1' 1( 0,
#685000 0)
#685125 0"
#685250 1! 0$ 1&
#685500 0+
#686500 1+
#686750 1)
#687000 1" 1# 1$ 1%
#687125 1,
#687750 0)
#688250 0+
#689250 1+
#690125 0+
#691125 1+
#692000 0+
#693000 1+
#693875 0+
#694875 1+
#696000 1)
#696375 0! 0$ 0&
#697125 0)
#697375 0" 0% 0' 0(
#697625 0*
#698625 1*
#698875 1)
#699250 1! 1" 1$ 1% 1& 1' 1(
#700000 0)
#701625 1)
#701875 0' 0(
#702750 0) 0-
#703000 0! 0" 0# 0$ 0% 0&
#703250 0*
#704250 1*
#704875 1!
#705125 0*
#706125 1*
#706750 0! 1"
#707000 0*
#708000 1*
#708625 1!
#708875 0*
#709875 1*
#711000 1)
#711125 1-
#711250 0!
#711375 1# 1% 1' 1(
#712125 0)
#712375 0" 0# 1$ 0% 0' 0(
#712625 0*
#713625 1*
#713875 1)
#714125 1(
#714250 1"
#715000 0)
#715125 0$
#715250 1& 1'
#715500 0+
#716500 1+
#716625 1)
#716875 0' 0(
#717000 1! 1# 1$ 1%
#717750 0) 0-
#718000 0! 0" 0$ 0% 0&
#718250 0*
#719250 1*
#719875 1!
#720125 0*
#721125 1*
#721750 0! 1"
#722000 0*
#723000 1*
#723625 1!
#723875 0*
#724875 1*
#726000 1)
#726125 1-
#726250 0!
#726375 1% 1' 1(
#727125 0)
#727375 0" 1$ 0% 0' 0(
#727625 0*
#728625 1*
#728875 1)
#729125 1" 0# 0$ 1%
#730000 0)
#730250 1! 1# 1$ 1&
#730500 0*
#731500 1*
#731625 1)
#732750 0) 0-
#733000 0! 0" 0# 0% 0&
#733250 0*
#734250 1*
#734875 1!
#735125 0*
#736125 1*
#736625 0!
#736750 1"
#737000 0*
#738000 1*
#738625 1!
#738875 0*
#739875 1*
#741000 1)
#741125 1-
#741250 0! 0$
#741375 1# 1% 1' 1(
#742125 0)
#742375 0" 0# 0' 0(
#742625 0*
#743625 1*
#743875 1)
#744125 1" 0% 1' 1(
#744250 1$ 0,
#744875 0)
#745125 0$
#745250 1&
#745500 0+
#746500 1+
#746625 1)
#746875 0' 0(
#747000 1! 1# 1$ 1% 1, 00
#747750 0) 0-
#747875 0!
#748000 0" 0% 0&
#748250 0*
#749250 1*
#749875 1!
#750125 0*
#751125 1*
#751625 0!
#751750 1"
#752000 0*
#753000 1*
#753625 1!
#753875 0* 10
#754875 1*
#756000 1)
#756125 1-
#756250 0! 0$
#756375 1% 1' 1(
#757125 0)
#757250 0' 0(
#757375 0"
#757625 0*
#758625 1*
#758875 1)
#759125 1! 1" 1$ 1& 1' 1(
#760000 0)
#761625 1)
#761875 0' 0(
#762750 0) 0-
#763000 0! 0" 0# 0$ 0&
#763250 0*
#764250 1*
#764875 1!
#765125 0*
#766125 1*
#766625 0!
#766750 1"
#767000 0*
#768000 1*
#768625 1!
#768875 0*
#769875 1*
#771000 1)
#771125 1-
#771250 0!
#771375 1# 1' 1(
#772125 0)
#772250 0(
#772375 0" 0# 1$ 0'
#772625 0*
#773625 1*
#773875 1)
#774125 1" 0% 1(
#774875 0)
#775125 0$
#775250 1! 1& 1'
#775500 0+
#776500 1+
#776625 1)
#776875 0' 0(
#777000 1# 1$ 1%
#777750 0) 0-
#778000 0! 0" 0$ 0&
#778250 0*
#779250 1*
#779875 1!
#780125 0*
#781125 1*
#781625 0!
#781750 1"
#782000 0*
#783000 1*
#783625 1!
#783875 0*
#784875 1*
#786000 1)
#786125 1-
#786250 0!
#786375 1' 1(
#787125 0)
#787250 0(
#787375 0" 1$ 0'
#787625 0*
#788625 1*
#788875 1)
#789125 1! 1" 0# 0$
#790000 0)
#790250 1# 1$ 1&
#790500 0+
#791500 1+
#791625 1)
#792750 0) 0-
#793000 0! 0" 0# 0&
#793250 0*
#794250 1*
#794875 1!
#795125 0*
#796125 1*
#796625 0!
#796750 1"
#797000 0*
#798000 1*
#798625 1!
#798875 0*
#799875 1*
#801000 1)
#801125 1-
#801250 0! 0$
#801375 1# 1' 1(
#802125 0)
#802375 0" 0# 0% 1& 0' 0(
#802625 0*
#803625 1*
#803875 1)
#804125 0& 1' 1(
#804250 1" 1$ 0,
#805000 0)
#805125 0$
#805250 1! 1&
#805500 0+
#806500 1+
#806625 1)
#806875 0' 0(
#807000 1# 1$ 1%
#807125 1,
#807750 0) 0-
#808000 0! 0" 0&
#808250 0*
#809250 1*
#809875 1!
#810125 0*
#811125 1*
#811750 0! 1"
#812000 0*
#813000 1*
#813625 1!
#813875 0*
#814875 1*
#816000 1)
#816125 1-
#816250 0!
#816375 0$ 1' 1(
#817125 0)
#817375 0" 0% 1& 0' 0(
#817625 0*
#818625 1*
#818875 1)
#819125 1(
#819250 1! 1" 1$ 1% 1'
#820000 0)
#821625 1)
#821875 0' 0(
#822750 0) 0-
#823000 0! 0" 0# 0$ 0%
#823250 0*
#824250 1*
#824875 1!
#825125 0*
#826125 1*
#826750 0! 1"
#827000 0*
#828000 1*
#828625 1!
#828875 0*
#829875 1*
#830750 00
#831125 1) 1-
#831250 0!
#831375 1# 1% 0& 1' 1(
#832125 0)
#832375 0" 0# 0% 1& 0' 0(
#832500 1$
#832625 0*
#833625 1*
#833875 1)
#834125 0&
#834250 1" 1(
#835000 0)
#835125 0"
#835250 1# 0$ 1& 1'
#835500 0+
#836500 1+
#836750 1)
#836875 0'
#837000 1! 1" 1$ 1% 0(
#837750 0) 0- 10
#838000 0! 0" 0$ 0%
#838250 0*
#839250 1*
#839875 1!
#840125 0*
#841125 1*
#841750 0!
#841875 1"
#842000 0*
#843000 1*
#843625 1!
#843875 0*
#844875 1*
#846125 1) 1-
#846375 0! 1% 0& 1' 1(
#847125 0)
#847375 0" 0% 0' 0(
#847500 1$ 1&
#847625 0*
#848750 1*
#848875 1)
#849125 0$ 0&
#849250 1%
#850000 0)
#850250 1! 1" 1$ 1&
#850500 0*
#851500 1*
#851750 1)
#852750 0-
#852875 0)
#853000 0! 0" 0# 0%
#853250 0*
#854375 1*
#855000 1!
#855125 0*
#856250 1*
#856750 0!
#856875 1"
#857125 0*
#858125 1*
#858750 1!
#859000 0*
#860000 1*
#861125 1) 1-
#861375 0! 0$ 0& 1' 1(
#861500 1# 1%
#862250 0)
#862375 0" 0# 0' 0(
#862500 1&
#862750 0*
#863750 1*
#863875 1)
#864125 0% 0&
#864250 1" 1$ 1' 1(
#864375 0,
#865000 0)
#865250 0" 1# 0$ 1&
#865500 0+
#866500 1+
#866750 1)
#867000 1! 1" 1% 0' 0(
#867125 1$ 1,
#867750 0-
#867875 0)
#868000 0! 0" 0%
#868375 0*
#869375 1*
#870000 1!
#870250 0*
#871250 1*
#871750 0!
#871875 1"
#872125 0*
#873125 1*
#873750 1!
#874000 0*
#875000 1*
#876125 1) 1-
#876375 0! 0$ 0& 1(
#876500 1% 1'
#877250 0)
#877375 0" 0' 0(
#877500 1&
#877750 0*
#878750 1*
#879000 1)
#879250 1! 1" 1$ 1' 1(
#880000 0)
#881750 1)
#882000 0' 0(
#882875 0) 0-
#883000 0! 0"
#883125 0# 0$
#883375 0*
#884375 1*
#885000 1!
#885250 0*
#886250 1*
#886750 0!
#886875 1"
#887125 0*
#888125 1*
#888750 1!
#889000 0*
#890000 1*
#891125 1)
#891250 1-
#891375 0! 0&
#891500 1# 1' 1(
#892250 0)
#892500 0" 0# 1$ 1& 0' 0(
#892750 0*
#893750 1*
#894000 1)
#894250 1" 0% 0& 1(
#895125 0)
#895250 0" 0$
#895375 1! 1# 1& 1'
#895625 0+
#896625 1+
#896750 1)
#897000 0' 0(
#897125 1" 1$ 1%
#897875 0) 0-
#898125 0! 0" 0$
#898375 0*
#899375 1*
#900000 1!
#900250 0*
#901250 1*
#901875 0! 1"
#902125 0*
#903125 1*
#903750 1!
#904000 0*
#905000 1*
#906125 1)
#906250 1-
#906375 0! 0&
#906500 1' 1(
#907250 0)
#907500 0" 1$ 1& 0' 0(
#907750 0*
#908750 1*
#909000 1)
#909250 1! 0$ 0&
#910125 0)
#910375 1" 1$ 1&
#910625 0+
#911625 1+
#911750 1)
#912875 0) 0-
#913125 0! 0" 0#
#913375 0*
#914375 1*
#914625 00
#915000 1!
#915250 0*
#916250 1*
#916875 0! 1"
#917125 0*
#918125 1*
#918750 1!
#919000 0*
#920000 1*
#921250 1) 1-
#921375 0!
#921500 1# 0$ 0& 1' 1(
#921625 10
#922250 0)
#922500 0" 0# 0% 0(
#922750 0*
#923750 1*
#924000 1)
#924375 1" 1$ 1( 0,
#925125 0)
#925375 1! 0" 1# 0$ 1&
#925625 0+
#926625 1+
#926875 1)
#927125 1" 1$ 1% 0' 0(
#927250 1,
#927875 0) 0-
#928125 0! 0"
#928375 0*
#929375 1*
#930000 1!
#930250 0*
#931375 1*
#931875 0!
#932000 1"
#932125 0*
#933250 1*
#933750 1!
#934000 0*
#935125 1*
#936250 1) 1-
#936500 0! 0$ 0& 1' 1(
#937375 0)
#937500 0" 0% 0(
#937750 0*
#938875 1*
#939000 1)
#939375 1! 1" 1$ 1% 1& 1(
#940125 0)
#941875 1)
#942125 0' 0(
#942875 0-
#943000 0)
#943125 0! 0" 0# 0$ 0% 0&
#943250 1'
#943375 0*
#944500 1*
#945125 1!
#945375 0*
#946375 1*
#946875 0!
#947000 1"
#947250 0*
#948250 1*
#948875 1!
#949125 0*
#950125 1*
#951250 1) 1-
#951500 0! 1(
#951625 1# 1%
#952375 0)
#952500 0" 0# 0% 0(
#952625 1$
#952875 0*
#953875 1*
#954000 1)
#954250 0'
#954375 1" 1(
#955125 0)
#955375 1# 0$ 1& 1'
#955625 0+
#956625 1+
#956875 1)
#957125 1! 1$ 1% 0' 0(
#957875 0-
#958000 0)
#958125 0! 0" 0$ 0% 0&
#958250 1'
#958500 0*
#959500 1*
#960125 1!
#960375 0*
#961375 1*
#961875 0!
#962000 1"
#962250 0*
#963250 1*
#963875 1!
#964125 0*
#965125 1*
#966250 1) 1-
#966500 0! 1(
#966625 1%
#967375 0)
#967500 0" 0% 0(
#967625 1$
#967875 0*
#968875 1*
#969000 1)
#969250 0$ 0'
#969375 1" 1%
#970125 0)
#970375 1! 1$ 1&
#970625 0*
#971625 1*
#971875 1)
#972875 0-
#973000 0)
#973125 0! 0" 0&
#973250 0# 0% 1'
#973500 0*
#974500 1*
#975125 1!
#975375 0*
#976375 1*
#976875 0!
#977000 1"
#977250 0*
#978250 1*
#978875 1!
#979125 0*
#980125 1*
#981250 1) 1-
#981500 0! 0$
#981625 1# 1% 1(
#982375 0)
#982500 0" 0# 0(
#982875 0*
#983875 1*
#984125 1)
#984250 0%
#984375 1" 1$ 1(
#984500 0,
#985125 0)
#985375 0$
#985500 1# 1&
#985625 0+
#986750 1+
#986875 1)
#987125 0' 0(
#987250 1! 1$ 1% 1,
#988000 0) 0-
#988125 0! 0%
#988250 0" 0& 1'
#988500 0*
#989500 1*
#990125 1!
#990375 0*
#991375 1*
#991875 0!
#992000 1"
#992250 0*
#993250 1*
#993875 1!
#994125 0*
#995125 1*
#996250 1) 1-
#996500 0! 0$ 1(
#996625 1%
#997375 0)
#997500 0(
#997625 0"
#997875 0*
#998500 00
#998875 1*
#999125 1)
#999375 1! 1" 1$ 1& 1(
#1000125 0)
#1001875 1)
#1002125 0' 0(
#1003000 0) 0-
#1003125 0! 0"
#1003250 0# 0$ 0& 1'
#1003500 0*
#1004500 1*
#1005125 1!
#1005375 0*
#1005500 10
#1006375 1*
#1006875 0!
#1007000 1"
#1007250 0*
#1008250 1*
#1008875 1!
#1009125 0*
#1010125 1*
#1011250 1) 1-
#1011500 0!
#1011625 1# 1(
#1012375 0)
#1012500 0# 0(
#1012625 0" 1$
#1012875 0*
#1013875 1*
#1014125 1)
#1014250 0'
#1014375 1" 0% 1(
#1015125 0)
#1015375 1! 0$ 1'
#1015500 1# 1&
#1015625 0+
#1016750 1+
#1016875 1)
#1017125 0' 0(
#1017250 1$ 1%
#1018000 0) 0-
#1018125 0! 0$
#1018250 0" 0& 1'
#1018500 0*
#1019500 1*
#1020125 1!
#1020375 0*
#1021375 1*
#1021875 0!
#1022000 1"
#1022250 0*
#1023250 1*
#1023875 1!
#1024125 0*
#1025125 1*
#1026250 1) 1-
#1026500 0! 1(
#1027375 0)
#1027500 0" 0(
#1027625 1$
#1027875 0*
#1028875 1*
#1029000 1)
#1029250 0$ 0'
#1029375 1! 1"
#1030125 0)
#1030375 1$ 1&
#1030625 0+
#1031625 1+
#1031875 1)
#1032875 0-
#1033000 0)
#1033125 0! 0" 0# 0&
#1033250 1'
#1033500 0*
#1034500 1*
#1035125 1!
#1035375 0*
#1036375 1*
#1036875 0!
#1037000 1"
#1037250 0*
#1038250 1*
#1038875 1!
#1039125 0*
#1040125 1*
#1041250 1) 1-
#1041500 0! 0$ 1(
#1041625 1#
#1042375 0)
#1042500 0" 0# 0% 0(
#1042625 1&
#1042875 0*
#1043875 1*
#1044000 1)
#1044250 0&
#1044375 1" 1$ 1(
#1044500 0,
#1045125 0)
#1045375 1! 1# 0$ 1&
#1045625 0+
#1046625 1+
#1046875 1)
#1047125 1$ 1% 0' 0(
#1047250 1,
#1047875 0-
#1048000 0)
#1048125 0! 0" 0&
#1048250 1'
#1048500 0*
#1049500 1*
#1050125 1!
#1050375 0*
#1051375 1*
#1051875 0!
#1052000 1"
#1052250 0*
#1053250 1*
#1053875 1!
#1054125 0*
#1055125 1*
#1056250 1) 1-
#1056500 0! 0$ 1(
#1057375 0)
#1057500 0" 0% 0(
#1057625 1&
#1057875 0*
#1058875 1*
#1059000 1)
#1059375 1! 1" 1$ 1% 1(
#1060125 0)
#1061875 1)
#1062125 0' 0(
#1062875 0-
#1063000 0)
#1063125 0! 0" 0# 0$ 0%
#1063250 1'
#1063375 0*
#1064500 1*
#1065125 1!
#1065250 0*
#1066375 1*
#1066875 0!
#1067000 1"
#1067125 0*
#1068250 1*
#1068875 1!
#1069000 0*
#1070125 1*
#1071250 1) 1-
#1071500 0! 1# 1% 0& 1(
#1072250 0)
#1072500 0" 0# 0% 0(
#1072625 1$ 1&
#1072750 0*
#1073875 1*
#1074000 1)
#1074250 0& 0'
#1074375 1" 1(
#1075125 0)
#1075375 0" 1& 1'
#1075625 0+
#1076625 1+
#1076875 1)
#1077125 1! 1" 1# 1% 0' 0(
#1077875 0) 0-
#1078125 0! 0" 0$ 0% 1'
#1078375 0*
#1079375 1*
#1080000 1!
#1080250 0*
#1081250 1*
#1081875 0!
#1082000 1"
#1082125 0*
#1082375 00
#1083125 1*
#1083750 1!
#1084000 0*
#1085000 1*
#1086250 1) 1-
#1086375 0!
#1086500 1% 0& 1(
#1087250 0)
#1087500 0" 0% 0(
#1087625 1$ 1&
#1087750 0*
#1088750 1*
#1089000 1)
#1089250 0# 0& 0' 10
#1089375 1%
#1090125 0)
#1090375 1! 1" 1# 1&
#1090625 0*
#1091625 1*
#1091750 1)
#1092875 0) 0-
#1093125 0! 0" 0# 0% 1'
#1093375 0*
#1094375 1*
#1095000 1!
#1095250 0*
#1096250 1*
#1096875 0! 1"
#1097125 0*
#1098125 1*
#1098750 1!
#1099000 0*
#1100000 1*
#1101125 1)
#1101250 1-
#1101375 0!
#1101500 1# 0$ 1% 0& 1(
#1102250 0)
#1102500 0" 0# 1& 0(
#1102750 0*
#1103750 1*
#1104000 1)
#1104250 0% 0& 1(
#1104375 1" 1$ 0,
#1105125 0)
#1105250 0"
#1105375 1&
#1105625 0+
#1106625 1+
#1106750 1)
#1107000 0' 0(
#1107125 1! 1" 1# 1%
#1107250 1,
#1107875 0) 0-
#1108125 0! 0" 0% 1'
#1108375 0*
#1109375 1*
#1110000 1!
#1110250 0*
#1111250 1*
#1111875 0! 1"
#1112125 0*
#1113125 1*
#1113750 1!
#1114000 0*
#1115000 1*
#1116125 1)
#1116250 1-
#1116375 0! 0$ 0&
#1116500 1% 1(
#1117250 0)
#1117500 0" 1& 0(
#1117750 0*
#1118750 1*
#1119000 1)
#1119250 1! 1" 1(
#1119375 1$
#1120125 0)
#1121750 1)
#1122000 0' 0(
#1122875 0) 0-
#1123125 0! 0" 0# 0$ 1'
#1123375 0*
#1124375 1*
#1125000 1!
#1125250 0*
#1126250 1*
#1126750 0!
#1126875 1"
#1127125 0*
#1128125 1*
#1128750 1!
#1129000 0*
#1130000 1*
#1131125 1)
#1131250 1-
#1131375 0! 0&
#1131500 1# 1(
#1132250 0)
#1132375 0(
#1132500 0" 0# 1$ 1&
#1132750 0*
#1133750 1*
#1134000 1)
#1134250 1" 0% 0& 0' 1(
#1135000 0)
#1135250 0" 1'
#1135375 1! 1&
#1135625 0+
#1136625 1+
#1136750 1)
#1137000 0' 0(
#1137125 1" 1# 1%
#1137875 0) 0-
#1138000 0! 0"
#1138125 0$ 1'
#1138375 0*
#1139375 1*
#1140000 1!
#1140250 0*
#1141250 1*
#1141750 0!
#1141875 1"
#1142125 0*
#1143125 1*
#1143750 1!
#1144000 0*
#1145000 1*
#1146125 1) 1-
#1146375 0! 0&
#1146500 1(
#1147250 0)
#1147375 0" 0(
#1147500 1$ 1&
#1147750 0*
#1148750 1*
#1149000 1)
#1149125 0&
#1149250 1! 0# 0'
#1150000 0)
#1150375 1" 1# 1&
#1150500 0+
#1151625 1+
#1151750 1)
#1152875 0) 0-
#1153000 0! 0" 0#
#1153125 1'
#1153375 0*
#1154375 1*
#1155000 1!
#1155250 0*
#1156250 1*
#1156750 0!
#1156875 1"
#1157125 0*
#1158125 1*
#1158750 1!
#1159000 0*
#1160000 1*
#1161125 1) 1-
#1161500 1# 1(
#1162250 0)
#1162750 0+
#1163750 1+
#1163875 1)
#1164250 0! 0# 0% 0&
#1164375 0,
#1165000 0)
#1165250 1! 0" 1&
#1165500 0+
#1166250 00
#1166500 1+
#1166750 1)
#1167000 0' 0(
#1167125 1" 1# 1% 1,
#1167875 0) 0-
#1168000 0! 0"
#1168125 1'
#1168375 0*
#1169375 1*
#1170000 1!
#1170250 0*
#1171250 1*
#1171750 0!
#1171875 1"
#1172125 0*
#1173125 1* 10
#1173750 1!
#1174000 0*
#1175000 1*
#1176125 1) 1-
#1176375 0! 0$ 0& 1(
#1177250 0)
#1177375 0" 0# 0% 0' 0(
#1177750 0*
#1178750 1*
#1179375 1!
#1179625 0*
#1180625 1*
#1181125 0!
#1181250 1"
#1181500 0*
#1182250 1)
#1182500 1*
#1182625 1# 1% 1' 1(
#1183375 0)
#1183500 0" 0# 0% 0' 0(
#1183750 0*
#1184875 1*
#1185500 1!
#1185625 0*
#1186750 1*
#1187250 0!
#1187375 1"
#1187500 0*
#1188375 1)
#1188500 1*
#1188625 1$ 1(
#1189375 0)
#1189625 1& 1'
#1189875 0+
#1190875 1+
#1191125 1)
#1191375 0" 0&
#1191500 1%
#1192250 0)
#1192375 0% 0' 0(
#1192500 1" 1#
#1192750 0*
#1193750 1*
#1194375 1%
#1194625 0*
#1195625 1*
#1195750 1)
#1196000 0"
#1196125 0$ 1' 1(
#1196875 0)
#1197125 1" 1$ 0% 0' 0(
#1197375 0*
#1198375 1*
#1198625 1)
#1198875 0" 0# 1' 1(
#1199000 1%
#1199750 0)
#1199875 0% 0' 0(
#1200000 1" 1#
#1200250 0*
#1201250 1*
#1201875 1%
#1202125 0*
#1203125 1*
#1203250 1)
#1203500 0"
#1203625 0$ 1' 1(
#1204375 0)
#1204625 1" 1$ 0% 0' 0(
#1204875 0*
#1205875 1*
#1206125 1)
#1206375 0$ 1' 1(
#1206500 1%
#1207250 0)
#1207375 0" 0# 0% 0' 0(
#1207750 0*
#1208750 1*
#1209375 1!
#1209625 0*
#1210625 1*
#1211125 0!
#1211250 1"
#1211500 0*
#1212250 1)
#1212500 1*
#1212625 1# 1% 1' 1(
#1213375 0)
#1213500 0" 0# 0% 0' 0(
#1213750 0*
#1214875 1*
#1215500 1!
#1215625 0*
#1216750 1*
#1217250 0!
#1217375 1"
#1217500 0*
#1218750 1)
#1219000 1*
#1219625 1$ 1' 1( 0,
#1220375 0)
#1220625 1&
#1220875 0+
#1221875 1+
#1222500 1)
#1222750 0" 0&
#1222875 1%
#1223000 1,
#1223625 0)
#1224250 0% 0' 0(
#1224375 1" 1#
#1224625 0*
#1225625 1*
#1226250 1%
#1226500 0*
#1227500 1*
#1227750 1)
#1228000 0" 0$ 1' 1(
#1228750 0)
#1229000 0% 0' 0(
#1229125 1" 1$
#1229250 0*
#1230250 1*
#1230500 1)
#1230750 0" 0#
#1230875 1% 1' 1(
#1231625 0)
#1231750 0% 0' 0(
#1231875 1" 1#
#1232125 0*
#1233125 1*
#1233750 1%
#1234000 0*
#1235000 1*
#1235250 1)
#1235500 0" 0$ 1' 1(
#1236250 0)
#1236500 0% 0' 0(
#1236625 1" 1$
#1236750 0*
#1237750 1*
#1238000 1)
#1238250 0$
#1238375 1% 1' 1(
#1239125 0)
#1239250 0' 0(
#1239375 0" 0# 0%
#1239625 0*
#1240625 1*
#1241250 1!
#1241500 0*
#1242500 1*
#1243000 0!
#1243125 1"
#1243375 0*
#1244125 1)
#1244375 1*
#1244500 1# 1% 1' 1(
#1245250 0)
#1245375 0" 0# 0% 0' 0(
#1245750 0*
#1246750 1*
#1247375 1!
#1247625 0*
#1248625 1*
#1249125 0!
#1249250 1"
#1249500 0*
#1250000 00
#1250250 1)
#1250500 1( 1*
#1250625 1$
#1251375 0)
#1251625 1! 1& 1'
#1251875 0+
#1252875 1+
#1253000 1)
#1253250 0! 0" 0&
#1253375 1%
#1254125 0)
#1254375 1" 1# 0% 0' 0(
#1254625 0*
#1255625 1*
#1256250 1%
#1256500 0*
#1257000 10
#1257500 1*
#1257750 1)
#1258000 0" 0$ 1' 1(
#1258875 0)
#1259000 0% 0' 0(
#1259125 1" 1$
#1259375 0*
#1260375 1*
#1260500 1)
#1260750 0" 0#
#1260875 1% 1' 1(
#1261625 0)
#1261875 1" 1# 0% 0' 0(
#1262125 0*
#1263125 1*
#1263750 1%
#1264000 0*
#1265000 1*
#1265250 1)
#1265500 0" 0$ 1' 1(
#1266375 0)
#1266500 0% 0' 0(
#1266625 1" 1$
#1266875 0*
#1267875 1*
#1268000 1)
#1268250 0$
#1268375 1% 1' 1(
#1269125 0)
#1269375 0" 0# 0% 0' 0(
#1269625 0*
#1270625 1*
#1271250 1!
#1271500 0*
#1272500 1*
#1273125 0! 1"
#1273375 0*
#1274125 1)
#1274375 1*
#1274500 1# 1% 1' 1(
#1275250 0)
#1275500 0" 0# 0% 0' 0(
#1275750 0*
#1276750 1*
#1277375 1!
#1277625 0*
#1278625 1*
#1279125 0!
#1279250 1"
#1279500 0*
#1280250 1)
#1280500 1*
#1280625 1$ 1' 1( 0,
#1281375 0)
#1281625 1! 1&
#1281875 0+
#1282875 1+
#1283125 1)
#1283250 0!
#1283375 0" 1% 0&
#1283500 1,
#1284125 0)
#1284375 1" 0% 0' 0(
#1284500 1#
#1284625 0*
#1285625 1*
#1286375 1%
#1286500 0*
#1287500 1*
#1287750 1)
#1288000 0" 0$
#1288125 1' 1(
#1288875 0)
#1289000 0(
#1289125 1" 1$ 0% 0'
#1289375 0*
#1290375 1*
#1290625 1)
#1290875 0" 0# 1% 1' 1(
#1291625 0)
#1291875 0% 0' 0(
#1292000 1" 1#
#1292125 0*
#1293250 1*
#1293875 1%
#1294000 0*
#1295125 1*
#1295250 1)
#1295500 0" 0$
#1295625 1' 1(
#1296375 0)
#1296625 1" 1$ 0% 0' 0(
#1296875 0*
#1297875 1*
#1298125 1)
#1313375 0# 1(
#1314250 0)
#1314375 0"
#1314500 1# 1& 1'
#1314750 0+
#1315750 1+
#1315875 1)
#1317250 1! 1" 1%
#1318000 0)
#1319750 1)
#1322750 0! 0$ 0&
#1323625 0)
#1323875 0" 0# 0% 0' 0(
#1324125 0*
#1325125 1*
#1325375 1)
#1325625 1" 1$ 1' 1(
#1325750 0,
#1326375 0)
#1326625 0"
#1326750 1# 1&
#1326875 0+
#1328000 1+
#1328125 1)
#1328500 1! 1" 1% 1,
#1329250 0)
#1329750 0+
#1330750 1+
#1331625 0+
#1332625 1+
#1333500 0+
#1333875 00
#1334500 1+
#1335375 0+
#1336375 1+
#1337500 1)
#1337750 0! 0$ 0&
#1338625 0)
#1338875 0" 0% 0' 0(
#1339125 0*
#1340125 1*
#1340375 1)
#1340625 1' 1(
#1340750 1! 1" 1$ 1% 1&
#1340875 10
#1341500 0)
#1343125 1)
#1343375 0' 0(
#1344250 0) 0-
#1344500 0! 0" 0# 0$ 0% 0& 1(
#1344750 0*
#1345750 1*
#1346375 1!
#1346625 0*
#1347625 1*
#1348250 0! 1"
#1348500 0*
#1349500 1*
#1350125 1!
#1350375 0*
#1351375 1*
#1352500 1)
#1352625 1-
#1352750 0!
#1352875 1# 1% 1'
#1353625 0)
#1353875 0" 0# 1$ 0% 0' 0(
#1354125 0*
#1355125 1*
#1355375 1)
#1355625 1(
#1355750 1"
#1356500 0)
#1356625 0"
#1356750 1! 1# 1& 1'
#1357000 0+
#1358000 1+
#1358125 1)
#1358375 0' 0(
#1358500 1" 1%
#1359250 0) 0-
#1359500 0! 0" 0$ 0% 0& 1(
#1359750 0*
#1360750 1*
#1361375 1!
#1361625 0*
#1362625 1*
#1363250 0! 1"
#1363500 0*
#1364500 1*
#1365125 1!
#1365375 0*
#1366375 1*
#1367625 1) 1-
#1367750 0!
#1367875 1% 1'
#1368625 0)
#1368875 0" 1$ 0% 0' 0(
#1369125 0*
#1370125 1*
#1370375 1)
#1370625 0#
#1370750 1" 1%
#1371500 0)
#1371750 1! 1# 1&
#1372000 0*
#1373000 1*
#1373250 1)
#1374250 0) 0-
#1374500 0! 0" 0# 0% 0& 1(
#1374750 0*
#1375750 1*
#1376375 1!
#1376625 0*
#1377625 1*
#1378250 0!
#1378375 1"
#1378500 0*
#1379500 1*
#1380125 1!
#1380375 0*
#1381500 1*
#1382625 1) 1-
#1382875 0! 1# 0$ 1% 1'
#1383625 0)
#1383875 0" 0# 0' 0(
#1384125 0*
#1385250 1*
#1385375 1)
#1385625 0%
#1385750 1" 1$ 1' 1( 0,
#1386500 0)
#1386750 1! 0" 1# 1&
#1387000 0+
#1388000 1+
#1388250 1)
#1388500 1" 1% 0' 0(
#1388625 1,
#1389250 0) 0-
#1389500 0! 0" 0% 0& 1(
#1389750 0*
#1390875 1*
#1391500 1!
#1391625 0*
#1392750 1*
#1393250 0!
#1393375 1"
#1393500 0*
#1394625 1*
#1395250 1!
#1395375 0*
#1396500 1*
#1397625 1) 1-
#1397875 0! 0$ 1% 1'
#1398750 0)
#1398875 0" 0' 0(
#1399125 0*
#1400250 1*
#1400375 1)
#1400750 1! 1" 1$ 1& 1' 1(
#1401500 0)
#1403250 1)
#1403500 0' 0(
#1404250 0-
#1404375 0)
#1404500 0! 0" 0# 0$ 0& 1(
#1404750 0*
#1405875 1*
#1406500 1!
#1406750 0*
#1407750 1*
#1408250 0!
#1408375 1"
#1408625 0*
#1409625 1*
#1410250 1!
#1410500 0*
#1411500 1*
#1412625 1) 1-
#1412875 0! 1# 1'
#1413750 0)
#1413875 0" 0# 0' 0(
#1414000 1$
#1414250 0*
#1415250 1*
#1415375 1)
#1415625 0%
#1415750 1" 1(
#1416500 0)
#1416750 1# 1& 1'
#1417000 0+
#1417750 00
#1418000 1+
#1418250 1)
#1418500 1! 1% 0' 0(
#1419250 0-
#1419375 0)
#1419500 0! 0" 0$ 0&
#1419625 1(
#1419875 0*
#1420875 1*
#1421500 1!
#1421750 0*
#1422750 1*
#1423250 0!
#1423375 1"
#1423625 0*
#1424625 1*
#1424750 10
#1425250 1!
#1425500 0*
#1426500 1*
#1427625 1) 1-
#1427875 0! 1'
#1428750 0)
#1428875 0" 0' 0(
#1429000 1$
#1429250 0*
#1430250 1*
#1430375 1)
#1430625 0#
#1430750 1! 1"
#1431500 0)
#1431750 1# 1&
#1432000 0+
#1433000 1+
#1433250 1)
#1434250 0-
#1434375 0)
#1434500 0! 0" 0# 0&
#1434625 1(
#1434875 0*
#1435875 1*
#1436500 1!
#1436750 0*
#1437750 1*
#1438250 0!
#1438375 1"
#1438625 0*
#1439625 1*
#1440250 1!
#1440500 0*
#1441500 1*
#1442625 1) 1-
#1442875 0! 1# 0$ 1'
#1443750 0)
#1443875 0" 0# 0% 0' 0(
#1444000 1&
#1444125 0*
#1445250 1*
#1445375 1)
#1445625 0&
#1445750 1" 1$ 1' 1( 0,
#1446500 0)
#1446750 1# 1&
#1447000 0+
#1448000 1+
#1448250 1)
#1448500 1! 1% 0' 0(
#1448625 1,
#1449250 0-
#1449375 0)
#1449500 0! 0" 0&
#1449625 1(
#1449875 0*
#1450875 1*
#1451500 1!
#1451625 0*
#1452750 1*
#1453250 0!
#1453375 1"
#1453625 0*
#1454625 1*
#1455250 1!
#1455375 0*
#1456500 1*
#1457625 1) 1-
#1457875 0! 0$ 1'
#1458750 0)
#1458875 0" 0% 0' 0(
#1459000 1&
#1459125 0*
#1460250 1*
#1460375 1)
#1460750 1! 1" 1$ 1% 1' 1(
#1461500 0)
#1463250 1)
#1463500 0' 0(
#1464250 0) 0-
#1464500 0! 0" 0# 0$ 0% 1(
#1464750 0*
#1465875 1*
#1466500 1!
#1466625 0*
#1467750 1*
#1468250 0!
#1468375 1"
#1468500 0*
#1469625 1*
#1470125 1!
#1470375 0*
#1471375 1*
#1472625 1) 1-
#1472875 0! 1# 1% 0& 1'
#1473625 0)
#1473875 0" 0# 0% 0' 0(
#1474000 1$ 1&
#1474125 0*
#1475125 1*
#1475375 1)
#1475625 0&
#1475750 1" 1(
#1476500 0)
#1476750 1! 1# 1& 1'
#1477000 0+
#1478000 1+
#1478250 1)
#1478500 1% 0' 0(
#1479250 0) 0-
#1479500 0! 0" 0$ 0% 1(
#1479750 0*
#1480750 1*
#1481375 1!
#1481625 0*
#1482625 1*
#1483250 0!
#1483375 1"
#1483500 0*
#1484500 1*
#1485125 1!
#1485375 0*
#1486375 1*
#1487625 1) 1-
#1487750 0!
#1487875 1% 0& 1'
#1488625 0)
#1488875 0" 1$ 0% 1& 0' 0(
#1489125 0*
#1490125 1*
#1490375 1)
#1490625 0&
#1490750 1%
#1491500 0)
#1491750 1! 1" 1&
#1492000 0*
#1493000 1*
#1493125 1)
#1494250 0) 0-
#1494500 0! 0" 0# 0% 1(
#1494750 0*
#1495750 1*
#1496375 1!
#1496625 0*
#1497625 1*
#1498250 0! 1"
#1498500 0*
#1499500 1*
#1500125 1!
#1500375 0*
#1501375 1*
#1501625 00
#1502500 1)
#1502625 1-
#1502750 0!
#1502875 1# 0$ 1% 0& 1'
#1503625 0)
#1503875 0" 0# 1& 0' 0(
#1504125 0*
#1505125 1*
#1505375 1)
#1505625 0% 0& 1' 1(
#1505750 1" 1$ 0,
#1506500 0)
#1506750 1! 1# 1&
#1507000 0+
#1508000 1+
#1508125 1)
#1508375 0' 0(
#1508500 1% 10
#1508625 1,
#1509250 0) 0-
#1509500 0! 0" 0% 1(
#1509750 0*
#1510750 1*
#1511375 1!
#1511625 0*
#1512625 1*
#1513250 0! 1"
#1513500 0*
#1514500 1*
#1515125 1!
#1515375 0*
#1516375 1*
#1517500 1)
#1517625 1-
#1517750 0! 0$ 0&
#1517875 1% 1'
#1518625 0)
#1518875 0" 1& 0' 0(
#1519125 0*
#1520125 1*
#1520375 1)
#1520625 1! 1' 1(
#1520750 1" 1$
#1521500 0)
#1523125 1)
#1523375 0' 0(
#1524250 0) 0-
#1524500 0! 0" 0# 0$ 1(
#1524750 0*
#1525750 1*
#1526375 1!
#1526625 0*
#1527625 1*
#1528125 0!
#1528250 1"
#1528500 0*
#1529500 1*
#1530125 1!
#1530375 0*
#1531375 1*
#1532500 1)
#1532625 1-
#1532750 0! 0&
#1532875 1# 1'
#1533625 0)
#1533875 0" 0# 1$ 1& 0' 0(
#1534125 0*
#1535125 1*
#1535375 1)
#1535625 1" 0% 0& 1(
#1536375 0)
#1536625 0" 0$ 1'
#1536750 1% 1&
#1537000 0+
#1538000 1+
#1538125 1)
#1538375 0' 0(
#1538500 1! 1" 1# 1$
#1539250 0) 0-
#1539375 0! 0"
#1539500 0$ 1(
#1539750 0*
#1540750 1*
#1541375 1!
#1541625 0*
#1542625 1*
#1543125 0!
#1543250 1"
#1543500 0*
#1544500 1*
#1545125 1!
#1545375 0*
#1546375 1*
#1547500 1) 1-
#1547750 0! 0&
#1547875 1'
#1548625 0)
#1548750 0' 0(
#1548875 0" 1$ 1&
#1549125 0*
#1550125 1*
#1550375 1)
#1550500 0&
#1550625 1!
#1551375 0)
#1551625 1&
#1551750 1"
#1551875 0+
#1552875 1+
#1553125 1)
#1554250 0) 0-
#1554375 0! 0"
#1554500 0# 1(
#1554750 0*
#1555750 1*
#1556375 1!
#1556625 0*
#1557625 1*
#1558125 0!
#1558250 1"
#1558500 0*
#1559500 1*
#1560125 1!
#1560375 0*
#1561375 1*
#1562500 1) 1-
#1562750 0! 0$ 0& 1'
#1562875 1#
#1563625 0)
#1563750 0" 0# 0% 0(
#1564125 0*
#1565125 1*
#1565250 1)
#1565625 1" 1$ 1(
#1565750 0,
#1566375 0)
#1566625 0" 0$ 1% 1&
#1566875 0+
#1567875 1+
#1568125 1)
#1568375 1! 0' 0(
#1568500 1" 1# 1$ 1,
#1569250 0) 0-
#1569375 0! 0"
#1569500 1(
#1569750 0*
#1570750 1*
#1571375 1!
#1571625 0*
#1572625 1*
#1573125 0!
#1573250 1"
#1573500 0*
#1574500 1*
#1575125 1!
#1575375 0*
#1576375 1*
#1577500 1) 1-
#1577750 0! 0$ 0& 1'
#1578625 0)
#1578750 0" 0% 0(
#1579125 0*
#1580125 1*
#1580250 1)
#1580625 1! 1" 1$ 1% 1& 1(
#1581375 0)
#1583125 1)
#1583375 0' 0(
#1584125 0-
#1584250 0)
#1584375 0! 0" 0# 0$ 0% 0& 1(
#1584500 1'
#1584750 0*
#1585375 00
#1585750 1*
#1586375 1!
#1586625 0*
#1587625 1*
#1588125 0!
#1588250 1"
#1588500 0*
#1589500 1*
#1590125 1!
#1590375 0*
#1591375 1*
#1592375 10
#1592500 1) 1-
#1592750 0! 1%
#1592875 1#
#1593625 0)
#1593750 0" 0# 0% 0(
#1593875 1$
#1594125 0*
#1595125 1*
#1595250 1)
#1595500 0'
#1595625 1" 1(
#1596375 0)
#1596625 1! 0" 0$ 1% 1& 1'
#1596875 0+
#1597875 1+
#1598125 1)
#1598375 1" 1# 1$ 0' 0(
#1599125 0-
#1599250 0)
#1599375 0! 0" 0$ 0% 0&
#1599500 1' 1(
#1599750 0*
#1600750 1*
#1601375 1!
#1601625 0*
#1602625 1*
#1603125 0!
#1603250 1"
#1603500 0*
#1604500 1*
#1605125 1!
#1605375 0*
#1606375 1*
#1607500 1) 1-
#1607750 0! 1%
#1608625 0)
#1608750 0" 0% 0(
#1608875 1$
#1609000 0*
#1610125 1*
#1610250 1)
#1610500 0'
#1610625 1" 1%
#1611375 0)
#1611625 1! 1&
#1611875 0*
#1612875 1*
#1613125 1)
#1614125 0-
#1614250 0)
#1614375 0! 0" 0# 0% 0& 1(
#1614500 1'
#1614625 0*
#1615750 1*
#1616375 1!
#1616625 0*
#1617625 1*
#1618125 0!
#1618250 1"
#1618500 0*
#1619500 1*
#1620125 1!
#1620375 0*
#1621375 1*
#1622500 1) 1-
#1622750 0! 1# 0$ 1%
#1623625 0)
#1623750 0" 0# 0(
#1624000 0*
#1625125 1*
#1625250 1)
#1625500 0%
#1625625 1" 1$ 1( 0,
#1626375 0)
#1626625 1! 0" 0$ 1% 1&
#1626875 0+
#1627875 1+
#1628125 1)
#1628375 1" 1# 1$ 0' 0(
#1628500 1,
#1629125 0-
#1629250 0)
#1629375 0! 0" 0% 0&
#1629500 1' 1(
#1629750 0*
#1630750 1*
#1631375 1!
#1631625 0*
#1632625 1*
#1633125 0!
#1633250 1"
#1633500 0*
#1634500 1*
#1635125 1!
#1635375 0*
#1636375 1*
#1637500 1) 1-
#1637750 0! 0$ 1%
#1638625 0)
#1638750 0" 0(
#1639125 0*
#1640125 1*
#1640250 1)
#1640625 1! 1" 1$ 1& 1(
#1641375 0)
#1643125 1)
#1643375 0' 0(
#1644125 0-
#1644250 0)
#1644375 0! 0" 0# 0$ 0& 1(
#1644500 1'
#1644750 0*
#1645750 1*
#1646375 1!
#1646625 0*
#1647625 1*
#1648125 0!
#1648250 1"
#1648500 0*
#1649500 1*
#1650125 1!
#1650375 0*
#1651375 1*
#1652500 1) 1-
#1652750 0!
#1652875 1#
#1653625 0)
#1653750 0" 0# 0(
#1653875 1$
#1654125 0*
#1655125 1*
#1655250 1)
#1655500 0% 0'
#1655625 1" 1(
#1656375 0)
#1656625 0$ 1% 1& 1'
#1656875 0+
#1657875 1+
#1658125 1)
#1658375 1! 1$ 0' 0(
#1658500 1#
#1659125 0-
#1659250 0)
#1659375 0! 0" 0$ 0&
#1659500 1' 1(
#1659750 0*
#1660750 1*
#1661375 1!
#1661625 0*
#1662625 1*
#1663125 0!
#1663250 1"
#1663500 0*
#1664500 1*
#1665125 1!
#1665375 0*
#1666375 1*
#1667500 1) 1-
#1667750 0!
#1668625 0)
#1668750 0" 0(
#1668875 1$
#1669125 0*
#1669250 00
#1670125 1*
#1670250 1)
#1670500 0'
#1670625 1! 1"
#1671375 0)
#1671625 1&
#1671875 0+
#1672875 1+
#1673125 1)
#1674125 0-
#1674250 0)
#1674375 0! 0" 0&
#1674500 0# 1' 1(
#1674750 0*
#1675750 1*
#1676250 10
#1676375 1!
#1676625 0*
#1677625 1*
#1678125 0!
#1678250 1"
#1678500 0*
#1679500 1*
#1680125 1!
#1680375 0*
#1681375 1*
#1682500 1) 1-
#1682750 0! 0$
#1682875 1#
#1683625 0)
#1683750 0#
#1683875 0" 0% 1& 0(
#1684125 0*
#1685125 1*
#1685375 1)
#1685500 0&
#1685625 1" 1$ 1(
#1685750 0,
#1686375 0)
#1686625 0$ 1&
#1686750 1%
#1686875 0+
#1688000 1+
#1688125 1)
#1688375 0' 0(
#1688500 1! 1# 1$ 1,
#1689250 0) 0-
#1689375 0!
#1689500 0" 0& 1' 1(
#1689750 0*
#1690750 1*
#1691375 1!
#1691625 0*
#1692625 1*
#1693125 0!
#1693250 1"
#1693500 0*
#1694500 1*
#1695125 1!
#1695375 0*
#1696375 1*
#1697500 1)
#1697625 1-
#1697750 0! 0$
#1698625 0)
#1698875 0" 0% 1& 0(
#1699125 0*
#1700125 1*
#1700375 1)
#1700625 1! 1(
#1700750 1" 1$ 1%
#1701500 0)
#1703125 1)
#1703375 0' 0(
#1704250 0) 0-
#1704500 0! 0" 0# 0$ 0% 1' 1(
#1704750 0*
#1705750 1*
#1706375 1!
#1706625 0*
#1707625 1*
#1708250 0! 1"
#1708500 0*
#1709500 1*
#1710125 1!
#1710375 0*
#1711375 1*
#1712500 1)
#1712625 1-
#1712750 0! 0&
#1712875 1# 1%
#1713625 0)
#1713875 0" 0# 1$ 0% 1& 0(
#1714125 0*
#1715125 1*
#1715375 1)
#1715625 0& 0' 1(
#1715750 1"
#1716500 0)
#1716625 0$
#1716750 1! 1% 1& 1'
#1717000 0+
#1718000 1+
#1718125 1)
#1718375 0' 0(
#1718500 1# 1$
#1719250 0) 0-
#1719500 0! 0" 0$ 0% 1' 1(
#1719750 0*
#1720750 1*
#1721375 1!
#1721625 0*
#1722625 1*
#1723250 0! 1"
#1723500 0*
#1724500 1*
#1725125 1!
#1725375 0*
#1726375 1*
#1727625 1) 1-
#1727750 0!
#1727875 1% 0&
#1728625 0)
#1728875 0" 0% 1& 0(
#1729000 1$
#1729125 0*
#1730125 1*
#1730375 1)
#1730625 0# 0$ 0'
#1731500 0)
#1731750 1! 1" 1# 1$ 1%
#1732000 0*
#1733000 1*
#1733250 1)
#1734250 0) 0-
#1734500 0! 0" 0# 0% 1' 1(
#1734750 0*
#1735750 1*
#1736375 1!
#1736625 0*
#1737625 1*
#1738250 0!
#1738375 1"
#1738500 0*
#1739500 1*
#1740125 1!
#1740375 0*
#1741500 1*
#1742625 1) 1-
#1742875 0! 1# 0$ 1% 0&
#1743625 0)
#1743875 0" 0# 0(
#1744000 1&
#1744125 0*
#1745250 1*
#1745375 1)
#1745625 0% 0&
#1745750 1" 1$ 1( 0,
#1746500 0)
#1746750 1! 0$ 1% 1&
#1747000 0+
#1748000 1+
#1748250 1)
#1748500 1# 1$ 0' 0(
#1748625 1,
#1749250 0-
#1749375 0)
#1749500 0! 0" 0%
#1749625 1' 1(
#1749875 0*
#1750875 1*
#1751500 1!
#1751750 0*
#1752750 1*
#1753125 00
#1753250 0!
#1753375 1"
#1753625 0*
#1754625 1*
#1755250 1!
#1755500 0*
#1756500 1*
#1757625 1) 1-
#1757875 0! 0$ 1% 0&
#1758750 0)
#1758875 0" 0(
#1759000 1&
#1759250 0*
#1760125 10
#1760250 1*
#1760375 1)
#1760750 1! 1" 1$ 1(
#1761500 0)
#1763250 1)
#1763500 0' 0(
#1764250 0-
#1764375 0)
#1764500 0! 0" 0# 0$
#1764625 1' 1(
#1764875 0*
#1765875 1*
#1766500 1!
#1766750 0*
#1767750 1*
#1768250 0!
#1768375 1"
#1768625 0*
#1769625 1*
#1770250 1!
#1770500 0*
#1771500 1*
#1772625 1) 1-
#1772875 0! 0&
#1773000 1#
#1773750 0)
#1773875 0# 0(
#1774000 0" 1$ 1&
#1774250 0*
#1775250 1*
#1775500 1)
#1775625 0&
#1775750 1" 0% 0' 1(
#1776500 0)
#1776750 0" 0$ 1& 1'
#1776875 1# 1%
#1777125 0+
#1778125 1+
#1778250 1)
#1778500 0' 0(
#1778625 1! 1" 1$
#1779375 0) 0-
#1779500 0! 0"
#1779625 0$ 1' 1(
#1779875 0*
#1780875 1*
#1781500 1!
#1781750 0*
#1782750 1*
#1783250 0!
#1783375 1"
#1783625 0*
#1784625 1*
#1785250 1!
#1785500 0*
#1786500 1*
#1787625 1)
#1787750 1-
#1787875 0! 0&
#1788750 0)
#1789000 0" 1$ 1& 0(
#1789250 0*
#1790250 1*
#1790500 1)
#1790750 1! 0# 0$ 0% 0'
#1791625 0)
#1791875 1" 1# 1$ 1%
#1792125 0+
#1793125 1+
#1793250 1)
#1794375 0) 0-
#1794625 0! 0" 0# 1' 1(
#1794875 0*
#1795875 1*
#1796500 1!
#1796750 0*
#1797750 1*
#1798375 0! 1"
#1798625 0*
#1799625 1*
#1800250 1!
#1800500 0*
#1801500 1*
#1802625 1)
#1802750 1-
#1803000 1#
#1803750 0)
#1804250 0+
#1805250 1+
#1805500 1)
#1805750 0! 0# 0% 0&
#1805875 0,
#1806625 0)
#1806750 0" 0$
#1806875 1# 1% 1&
#1807125 0+
#1808125 1+
#1808250 1)
#1808500 0' 0(
#1808625 1! 1" 1$
#1808750 1,
#1809375 0) 0-
#1809625 0! 0" 1' 1(
#1809875 0*
#1810875 1*
#1811500 1!
#1811750 0*
#1812750 1*
#1813375 0! 1"
#1813625 0*
#1814625 1*
#1815250 1!
#1815500 0*
#1816500 1*
#1817625 1)
#1817750 1-
#1817875 0!
#1818000 0$ 0&
#1818750 0)
#1819000 0" 0# 0% 0' 0(
#1819250 0*
#1820250 1*
#1820875 1!
#1821125 0*
#1822125 1*
#1822750 0!
#1822875 1"
#1823000 0*
#1823750 1)
#1824000 1*
#1824125 1# 1% 1' 1(
#1824875 0)
#1825125 0" 0# 0% 0' 0(
#1825375 0*
#1826375 1*
#1827000 1!
#1827250 0*
#1828250 1*
#1828750 0!
#1828875 1"
#1829125 0*
#1829875 1)
#1830125 1*
#1830250 1$ 1(
#1831000 0)
#1831125 0$
#1831250 1! 0" 1# 1% 1& 1'
#1831500 0+
#1832500 1+
#1832750 1)
#1832875 0!
#1833000 0# 1$ 0&
#1833750 0)
#1834000 1! 1# 0% 0' 0(
#1834125 1"
#1834250 0*
#1835250 1*
#1835875 1%
#1836125 0*
#1837000 00
#1837125 1*
#1837375 1)
#1837625 0! 0" 0$
#1837750 1' 1(
#1838500 0)
#1838625 0' 0(
#1838750 1! 1" 1$ 0%
#1839000 0*
#1840000 1*
#1840250 1)
#1840375 0!
#1840500 0" 0# 1% 1' 1(
#1841250 0)
#1841500 1! 1" 0% 0' 0(
#1841625 1#
#1841750 0*
#1842750 1*
#1843500 1%
#1843625 0*
#1844000 10
#1844625 1*
#1844875 1)
#1845125 0! 0" 0$
#1845250 1' 1(
#1846000 0)
#1846125 0' 0(
#1846250 1! 1" 1$ 0%
#1846500 0*
#1847500 1*
#1847750 1)
#1847875 0!
#1848000 0$ 1% 1' 1(
#1848750 0)
#1849000 0" 0# 0% 0' 0(
#1849250 0*
#1850250 1*
#1851000 1!
#1851125 0*
#1852125 1*
#1852750 0!
#1852875 1"
#1853000 0*
#1853750 1)
#1854000 1*
#1854125 1# 1% 1' 1(
#1854875 0)
#1855125 0" 0# 0% 0' 0(
#1855375 0*
#1856375 1*
#1857000 1!
#1857250 0*
#1858250 1*
#1858875 0! 1"
#1859125 0*
#1860375 1)
#1860625 1*
#1861125 1$ 1' 1(
#1861250 0,
#1861875 0)
#1862125 0" 0$
#1862250 1! 1# 1% 1&
#1862375 0+
#1863500 1+
#1864125 1)
#1864375 0! 0# 0&
#1864500 1$ 1,
#1865250 0)
#1865875 1! 0% 0' 0(
#1866000 1" 1#
#1866125 0*
#1867125 1*
#1867875 1%
#1868000 0*
#1869000 1*
#1869250 1)
#1869500 0! 0" 0$
#1869625 1' 1(
#1870375 0)
#1870500 0' 0(
#1870625 1! 1" 1$ 0%
#1870875 0*
#1871875 1*
#1872125 1)
#1872250 0!
#1872375 0" 0# 1% 1' 1(
#1873125 0)
#1873375 1! 0% 0' 0(
#1873500 1" 1#
#1873625 0*
#1874625 1*
#1875375 1%
#1875500 0*
#1876500 1*
#1876750 1)
#1877000 0! 0" 0$
#1877125 1' 1(
#1877875 0)
#1878000 0' 0(
#1878125 1! 1" 1$ 0%
#1878375 0*
#1879375 1*
#1879625 1)
#1879750 0!
#1879875 0$ 1% 1' 1(
#1880625 0)
#1880875 0" 0# 0% 0' 0(
#1881125 0*
#1882125 1*
#1882750 1!
#1883000 0*
#1884000 1*
#1884625 0!
#1884750 1"
#1884875 0*
#1885625 1)
#1885875 1*
#1886000 1# 1% 1' 1(
#1886750 0)
#1887000 0" 0# 0% 0' 0(
#1887250 0*
#1888250 1*
#1888875 1!
#1889125 0*
#1890125 1*
#1890625 0!
#1890750 1"
#1891000 0*
#1891750 1)
#1892000 1*
#1892125 1$ 1(
#1892875 0)
#1893000 0$
#1893125 1# 1% 1& 1'
#1893375 0+
#1894375 1+
#1894500 1)
#1894750 0#
#1894875 0" 1$ 0&
#1895625 0)
#1895875 1! 1" 1# 0% 0' 0(
#1896125 0*
#1897125 1*
#1897750 1%
#1898000 0*
#1899000 1*
#1899250 1)
#1899500 0! 0" 0$ 1(
#1899625 1'
#1900375 0)
#1900500 0' 0(
#1900625 1! 1" 1$ 0%
#1900875 0*
#1901875 1*
#1902000 1)
#1902250 0! 0"
#1902375 0# 1% 1' 1(
#1903125 0)
#1903375 1! 1" 1# 0% 0' 0(
#1903625 0*
#1904625 1*
#1905250 1%
#1905500 0*
#1906500 1*
#1906750 1)
#1907000 0! 0" 0$ 1' 1(
#1907875 0)
#1908000 0% 0' 0(
#1908125 1! 1" 1$
#1908375 0*
#1909375 1*
#1909500 1)
#1909750 0! 0$
#1909875 1% 1' 1(
#1910625 0)
#1910875 0" 0# 0% 0' 0(
#1911125 0*
#1912125 1*
#1912750 1!
#1913000 0*
#1914000 1*
#1914625 0! 1"
#1914875 0*
#1915625 1)
#1915875 1*
#1916000 1# 1% 1' 1(
#1916750 0)
#1917000 0" 0# 0% 0' 0(
#1917250 0*
#1918250 1*
#1918875 1!
#1919125 0*
#1920125 1*
#1920625 0!
#1920750 1" 00
#1921000 0*
#1921750 1)
#1922000 1' 1( 1*
#1922125 1$ 0,
#1922875 0)
#1923000 0$
#1923125 1# 1% 1&
#1923375 0+
#1924375 1+
#1924500 1)
#1924750 0" 0# 0&
#1924875 1$
#1925000 1,
#1925625 0)
#1925875 1! 1" 1# 0% 0' 0(
#1926125 0*
#1927125 1*
#1927750 1% 10
#1928000 0*
#1929000 1*
#1929250 1)
#1929500 0! 0" 0$ 1' 1(
#1930375 0)
#1930500 0% 0' 0(
#1930625 1! 1" 1$
#1930875 0*
#1931875 1*
#1932000 1)
#1932250 0! 0" 0#
#1932375 1% 1' 1(
#1933125 0)
#1933375 1! 1" 1# 0% 0' 0(
#1933625 0*
#1934625 1*
#1935250 1%
#1935500 0*
#1936500 1*
#1936750 1)
#1937000 0! 0" 0$ 1' 1(
#1937875 0)
#1938000 0% 0' 0(
#1938125 1! 1" 1$
#1938250 0*
#1939375 1*
#1939500 1)
#1954750 0! 0#
#1954875 1(
#1955625 0)
#1955875 1! 1# 0$ 1% 1& 1'
#1956125 0+
#1957125 1+
#1957375 1)
#1958625 1$
#1959375 0)
#1961125 1)
#1964125 0! 0$ 0&
#1965000 0)
#1965125 0' 0(
#1965250 0" 0# 0%
#1965500 0*
#1966500 1*
#1966750 1)
#1967000 1" 1$ 1' 1(
#1967125 0,
#1967750 0)
#1968000 1! 0$ 1&
#1968125 1# 1%
#1968250 0+
#1969250 1+
#1969500 1)
#1969875 1$ 1,
#1970625 0)
#1971125 0+
#1972125 1+
#1973000 0+
#1974000 1+
#1974875 0+
#1975875 1+
#1976750 0+
#1977750 1+
#1978875 1)
#1979125 0! 0$ 0&
#1980000 0)
#1980125 0" 0% 0' 0(
#1980500 0*
#1981500 1*
#1981625 1)
#1982000 1! 1" 1$ 1% 1& 1' 1(
#1982750 0)
#1984500 1)
#1984750 0! 0" 0# 0$ 0% 0& 0(
#1985500 0-
#1985625 0)
#1985750 0'
#1986125 0*
#1987125 1*
#1987750 1!
#1988000 0*
#1989000 1*
#1989500 0!
#1989625 1"
#1989875 0*
#1990875 1*
#1991500 1!
#1991750 0*
#1992750 1*
#1993875 1) 1-
#1994125 0! 1' 1(
#1994250 1# 1%
#1995000 0)
#1995125 0" 0# 0% 0' 0(
#1995250 1$
#1995375 0*
#1996500 1*
#1996625 1)
#1997000 1" 1(
#1997750 0)
#1998000 0" 1% 1& 1'
#1998250 0+
#1999250 1+
#1999500 1)
#1999750 0$ 0% 0& 0(
#2000500 0-
#2000625 0)
#2000750 0'
#2000875 1#
#2001125 0*
#2002125 1*
#2002750 1!
#2002875 0*
#2004000 1*
#2004500 0!
#2004625 1" 00
#2004750 0*
#2005875 1*
#2006500 1!
#2006625 0*
#2007750 1*
#2008875 1) 1-
#2009125 0! 1% 1' 1(
#2010000 0)
#2010125 0" 0% 0' 0(
#2010250 1$
#2010375 0*
#2011500 1*
#2011625 1) 10
#2011875 0# 0$
#2012000 1" 1&
#2012750 0)
#2013000 1! 1# 1$ 1%
#2013250 0*
#2014250 1*
#2014500 1)
#2014750 0! 0" 0# 0$ 0% 0& 1'
#2015500 0) 0-
#2015750 0'
#2015875 1$
#2016000 0*
#2017125 1*
#2017750 1!
#2017875 0*
#2019000 1*
#2019500 0!
#2019625 1"
#2019750 0*
#2020875 1*
#2021375 1!
#2021625 0*
#2022625 1*
#2023875 1) 1-
#2024125 0! 1# 0$ 1% 1' 1(
#2024875 0)
#2025125 0" 0# 0' 0(
#2025375 0*
#2026375 1*
#2026625 1)
#2026875 0%
#2027000 1" 1$ 1' 1( 0,
#2027750 0)
#2027875 0"
#2028000 1% 1&
#2028250 0+
#2029250 1+
#2029500 1)
#2029750 0$ 0% 0& 0(
#2029875 1,
#2030500 0) 0-
#2030750 0'
#2030875 1# 1$
#2031000 0*
#2032000 1*
#2032625 1!
#2032875 0*
#2033875 1*
#2034500 0!
#2034625 1"
#2034750 0*
#2035750 1*
#2036375 1!
#2036625 0*
#2037625 1*
#2038875 1) 1-
#2039000 0!
#2039125 0$ 1% 1' 1(
#2039875 0)
#2040125 0" 0' 0(
#2040375 0*
#2041375 1*
#2041625 1)
#2042000 1! 1" 1$ 1& 1' 1(
#2042750 0)
#2044500 1)
#2044750 0! 0" 0# 0$ 0% 0& 0(
#2045500 0) 0-
#2045750 0'
#2045875 1%
#2046000 0*
#2047000 1*
#2047625 1!
#2047875 0*
#2048875 1*
#2049500 0!
#2049625 1"
#2049750 0*
#2050750 1*
#2051375 1!
#2051625 0*
#2052625 1*
#2053875 1) 1-
#2054000 0!
#2054125 1# 1' 1(
#2054875 0)
#2055125 0" 0# 0' 0(
#2055250 1$
#2055375 0*
#2056375 1*
#2056625 1)
#2056875 0%
#2057000 1" 1(
#2057750 0)
#2057875 0"
#2058000 1! 1% 1& 1'
#2058250 0+
#2059250 1+
#2059500 1)
#2059750 0! 0$ 0% 0& 0(
#2060500 0) 0-
#2060750 0'
#2060875 1# 1%
#2061000 0*
#2062000 1*
#2062625 1!
#2062875 0*
#2063875 1*
#2064500 0!
#2064625 1"
#2064750 0*
#2065750 1*
#2066375 1!
#2066625 0*
#2067625 1*
#2068875 1) 1-
#2069000 0!
#2069125 1' 1(
#2069875 0)
#2070125 0" 0' 0(
#2070250 1$
#2070375 0*
#2071375 1*
#2071625 1)
#2071875 0# 0$ 0%
#2072000 1! 1" 1&
#2072750 0)
#2073000 1# 1$ 1%
#2073250 0+
#2074250 1+
#2074500 1)
#2074750 0! 0" 0# 0$ 0% 0& 1'
#2075500 0) 0-
#2075750 0'
#2075875 1$ 1%
#2076000 0*
#2077000 1*
#2077625 1!
#2077875 0*
#2078875 1*
#2079500 0!
#2079625 1"
#2079750 0*
#2080750 1*
#2081375 1!
#2081625 0*
#2082625 1*
#2083875 1) 1-
#2084000 0!
#2084125 1# 0$ 1' 1(
#2084875 0)
#2085125 0" 0# 0% 0' 0(
#2085250 1&
#2085375 0*
#2086375 1*
#2086625 1)
#2086875 0&
#2087000 1" 1$ 1' 1( 0,
#2087750 0)
#2088000 1! 0" 1% 1&
#2088250 0+
#2088500 00
#2089250 1+
#2089500 1)
#2089750 0! 0$ 0% 0& 0(
#2089875 1,
#2090500 0) 0-
#2090750 0'
#2090875 1# 1$ 1%
#2091000 0*
#2092125 1*
#2092750 1!
#2092875 0*
#2094000 1*
#2094500 0!
#2094625 1"
#2094750 0*
#2095500 10
#2095875 1*
#2096375 1!
#2096625 0*
#2097750 1*
#2098875 1) 1-
#2099125 0! 0$ 1' 1(
#2100000 0)
#2100125 0" 0% 0' 0(
#2100250 1&
#2100375 0*
#2101500 1*
#2101625 1)
#2102000 1! 1" 1$ 1% 1' 1(
#2102750 0)
#2104500 1)
#2104750 0! 0" 0# 0$ 0% 0& 0(
#2105500 0-
#2105625 0)
#2105750 0'
#2105875 1&
#2106000 0*
#2107125 1*
#2107750 1!
#2108000 0*
#2109000 1*
#2109500 0!
#2109625 1"
#2109875 0*
#2110875 1*
#2111500 1!
#2111750 0*
#2112750 1*
#2113875 1) 1-
#2114125 0! 0& 1' 1(
#2114250 1# 1%
#2115000 0)
#2115125 0" 0# 0% 0' 0(
#2115250 1$ 1&
#2115500 0*
#2116500 1*
#2116625 1)
#2116875 0&
#2117000 1" 1(
#2117750 0)
#2118000 1% 1& 1'
#2118250 0+
#2119250 1+
#2119500 1)
#2119750 0" 0$ 0% 0& 0(
#2120500 0-
#2120625 0)
#2120750 0'
#2120875 1# 1&
#2121125 0*
#2122125 1*
#2122750 1!
#2123000 0*
#2124000 1*
#2124500 0!
#2124625 1"
#2124875 0*
#2125875 1*
#2126500 1!
#2126750 0*
#2127750 1*
#2128875 1) 1-
#2129125 0! 0& 1' 1(
#2129250 1%
#2130000 0)
#2130125 0" 0% 0' 0(
#2130250 1$ 1&
#2130500 0*
#2131500 1*
#2131625 1)
#2131875 0$
#2132750 0)
#2133000 1! 1$
#2133125 1" 1%
#2133250 0*
#2134250 1*
#2134500 1)
#2134750 0! 0" 0# 0$ 0% 0& 1'
#2135500 0-
#2135625 0)
#2135750 0'
#2135875 1$ 1&
#2136125 0*
#2137125 1*
#2137750 1!
#2138000 0*
#2139000 1*
#2139500 0!
#2139625 1"
#2139875 0*
#2140875 1*
#2141500 1!
#2141750 0*
#2142750 1*
#2143875 1) 1-
#2144125 0! 0$ 0&
#2144250 1# 1% 1' 1(
#2145000 0)
#2145125 0' 0(
#2145250 0" 0# 1&
#2145500 0*
#2146500 1*
#2146750 1)
#2147000 1" 1$ 0% 0& 1' 1(
#2147125 0,
#2147750 0)
#2148125 1% 1&
#2148375 0+
#2149375 1+
#2149500 1)
#2149750 0" 0$ 0% 0& 0(
#2149875 1,
#2150625 0) 0-
#2150750 0'
#2150875 1# 1$ 1&
#2151125 0*
#2152125 1*
#2152750 1!
#2153000 0*
#2154000 1*
#2154500 0!
#2154625 1"
#2154875 0*
#2155875 1*
#2156500 1!
#2156750 0*
#2157750 1*
#2158875 1)
#2159000 1-
#2159125 0! 0$ 0&
#2159250 1% 1' 1(
#2160000 0)
#2160250 0" 1& 0' 0(
#2160500 0*
#2161500 1*
#2161750 1)
#2162000 1' 1(
#2162125 1! 1" 1$
#2162875 0)
#2164500 1)
#2164875 0! 0" 0# 0$ 0% 0& 0(
#2165625 0) 0-
#2165875 1% 1& 0'
#2166125 0*
#2167125 1*
#2167750 1!
#2168000 0*
#2169000 1*
#2169625 0! 1"
#2169875 0*
#2170875 1*
#2171500 1!
#2171750 0*
#2172375 00
#2172750 1*
#2173875 1)
#2174000 1-
#2174125 0!
#2174250 1# 0& 1' 1(
#2175000 0)
#2175250 0" 0# 1$ 1& 0' 0(
#2175500 0*
#2176500 1*
#2176750 1)
#2177000 0% 0& 1(
#2177125 1"
#2177875 0)
#2178125 1! 1% 1& 1'
#2178375 0+
#2179375 1+ 10
#2179500 1)
#2179875 0! 0" 0$ 0% 0& 0(
#2180625 0) 0-
#2180875 0'
#2181000 1# 1% 1&
#2181125 0*
#2182125 1*
#2182750 1!
#2183000 0*
#2184000 1*
#2184625 0!
#2184750 1"
#2184875 0*
#2185875 1*
#2186500 1!
#2186750 0*
#2187750 1*
#2189000 1) 1-
#2189250 0! 0& 1' 1(
#2190000 0)
#2190250 0" 0' 0(
#2190375 1$ 1&
#2190500 0*
#2191625 1*
#2191750 1)
#2192000 0$ 0%
#2192125 1!
#2192875 0)
#2193125 1" 1$ 1%
#2193375 0+
#2194375 1+
#2194625 1)
#2194875 0! 0" 0# 0$ 0% 0& 1'
#2195625 0-
#2195750 0)
#2195875 0'
#2196000 1$ 1% 1&
#2196250 0*
#2197250 1*
#2197875 1!
#2198125 0*
#2199125 1*
#2199625 0!
#2199750 1"
#2200000 0*
#2201000 1*
#2201625 1!
#2201875 0*
#2202875 1*
#2204000 1) 1-
#2204250 0! 0$ 0& 1' 1(
#2204375 1#
#2205125 0)
#2205250 0" 0# 0% 0(
#2205625 0*
#2206625 1*
#2206750 1)
#2207125 1" 1$ 1(
#2207250 0,
#2207875 0)
#2208125 1! 1% 1&
#2208375 0+
#2209375 1+
#2209625 1)
#2209875 0! 0" 0$ 0% 0& 0(
#2210000 1,
#2210625 0-
#2210750 0)
#2210875 0'
#2211000 1# 1$ 1% 1&
#2211250 0*
#2212250 1*
#2212875 1!
#2213125 0*
#2214125 1*
#2214625 0!
#2214750 1"
#2215000 0*
#2216000 1*
#2216625 1!
#2216875 0*
#2217875 1*
#2219000 1) 1-
#2219250 0! 0$ 0& 1' 1(
#2220125 0)
#2220250 0" 0% 0(
#2220625 0*
#2221625 1*
#2221875 1)
#2222125 1! 1" 1$ 1% 1& 1(
#2222875 0)
#2224625 1)
#2224875 0! 0" 0# 0$ 0% 0& 0(
#2225625 0-
#2225750 0)
#2226250 0*
#2227250 1*
#2227875 1!
#2228125 0*
#2229125 1*
#2229625 0!
#2229750 1"
#2230000 0*
#2231000 1*
#2231625 1!
#2231875 0*
#2232875 1*
#2234000 1)
#2234125 1-
#2234250 0!
#2234375 1# 1% 1(
#2235125 0)
#2235375 0" 0# 1$ 0% 0(
#2235625 0*
#2236625 1*
#2236875 1)
#2237125 1" 0' 1(
#2238000 0)
#2238125 0"
#2238250 1# 1% 1& 1'
#2238500 0+
#2239500 1+
#2239625 1)
#2239875 0# 0$ 0% 0& 0(
#2240750 0) 0-
#2241000 1#
#2241250 0*
#2242250 1*
#2242875 1!
#2243125 0*
#2244125 1*
#2244625 0!
#2244750 1"
#2245000 0*
#2246000 1*
#2246625 1!
#2246875 0*
#2247875 1*
#2249000 1)
#2249125 1-
#2249250 0!
#2249375 1% 1(
#2250125 0)
#2250375 0" 1$ 0% 0(
#2250625 0*
#2251625 1*
#2251875 1)
#2252125 0$ 0'
#2252250 1" 1&
#2253000 0)
#2253250 1! 1$ 1%
#2253500 0*
#2254500 1*
#2254625 1)
#2254875 0! 0" 0# 0$ 0% 0&
#2255000 1'
#2255750 0) 0-
#2256000 1$
#2256250 0* 00
#2257250 1*
#2257875 1!
#2258125 0*
#2259125 1*
#2259750 0! 1"
#2260000 0*
#2261000 1*
#2261625 1!
#2261875 0*
#2262875 1*
#2263125 10
#2264000 1)
#2264125 1-
#2264250 0! 0$
#2264375 1# 1% 1(
#2265125 0)
#2265375 0" 0# 0(
#2265625 0*
#2266625 1*
#2266875 1)
#2267125 0% 1(
#2267250 1" 1$ 0,
#2268000 0)
#2268125 0"
#2268250 1# 1% 1&
#2268500 0+
#2269500 1+
#2269625 1)
#2269875 0# 0% 0&
#2270000 0$ 0(
#2270125 1,
#2270750 0) 0-
#2271000 1# 1$
#2271250 0*
#2272250 1*
#2272875 1!
#2273125 0*
#2274125 1*
#2274750 0! 1"
#2275000 0*
#2276000 1*
#2276625 1!
#2276875 0*
#2277875 1*
#2279000 1)
#2279125 1-
#2279250 0!
#2279375 0$ 1% 1(
#2280125 0)
#2280375 0" 0(
#2280625 0*
#2281625 1*
#2281875 1)
#2282125 1(
#2282250 1! 1" 1$ 1&
#2283000 0)
#2284625 1)
#2285000 0! 0" 0# 0$ 0% 0& 0(
#2285750 0) 0-
#2286125 1%
#2286250 0*
#2287250 1*
#2287875 1!
#2288125 0*
#2289125 1*
#2289750 0! 1"
#2290000 0*
#2291000 1*
#2291625 1!
#2291875 0*
#2292875 1*
#2294000 1)
#2294125 1-
#2294250 0!
#2294375 1# 1(
#2295125 0)
#2295375 0" 0# 1$ 0(
#2295625 0*
#2296625 1*
#2296875 1)
#2297125 0% 0' 1(
#2297250 1"
#2298000 0)
#2298125 0"
#2298250 1! 1# 1% 1& 1'
#2298500 0+
#2299500 1+
#2299625 1)
#2300000 0! 0# 0$ 0% 0& 0(
#2300750 0) 0-
#2301125 1# 1%
#2301250 0*
#2302250 1*
#2302875 1!
#2303125 0*
#2304125 1*
#2304750 0! 1"
#2305000 0*
#2306000 1*
#2306625 1!
#2306875 0*
#2307875 1*
#2309000 1)
#2309125 1-
#2309250 0!
#2309375 1(
#2310125 0)
#2310375 0" 1$ 0(
#2310625 0*
#2311625 1*
#2311875 1)
#2312125 1! 0$ 0% 0'
#2312250 1" 1&
#2313000 0)
#2313250 1$ 1%
#2313500 0+
#2314500 1+
#2314625 1)
#2314875 0$ 0%
#2315000 0! 0" 0# 0& 1'
#2315750 0) 0-
#2316000 1$ 1%
#2316250 0*
#2317250 1*
#2317875 1!
#2318125 0*
#2319125 1*
#2319750 0! 1"
#2320000 0*
#2321000 1*
#2321625 1!
#2321875 0*
#2322875 1*
#2324000 1)
#2324125 1-
#2324250 0! 0$
#2324375 1# 1(
#2325125 0)
#2325375 0" 0# 0% 1& 0(
#2325625 0*
#2326625 1*
#2326875 1)
#2327125 0& 1(
#2327250 1" 1$ 0,
#2328000 0)
#2328125 0"
#2328250 1! 1# 1% 1&
#2328500 0+
#2329500 1+
#2329625 1)
#2329875 0! 0# 0$ 0% 0& 1,
#2330000 0( 0,
#2330125 1,
#2330750 0) 0-
#2331000 1# 1$ 1%
#2331250 0*
#2332250 1*
#2332875 1!
#2333125 0*
#2334125 1*
#2334750 0! 1"
#2335000 0*
#2336000 1*
#2336625 1!
#2336875 0*
#2337875 1*
#2339000 1)
#2339125 1-
#2339250 0! 0$
#2339375 1(
#2340000 00
#2340125 0)
#2340375 0" 0% 1& 0(
#2340625 0*
#2341625 1*
#2341875 1)
#2342125 1! 1" 1% 1(
#2342250 1$
#2343000 0)
#2344625 1)
#2344875 0! 0" 0# 0$ 0% 0&
#2345000 0(
#2345750 0) 0-
#2346000 1&
#2346250 0*
#2347000 10
#2347250 1*
#2347875 1!
#2348125 0*
#2349125 1*
#2349625 0!
#2349750 1"
#2350000 0*
#2351000 1*
#2351625 1!
#2351875 0*
#2352875 1*
#2354000 1)
#2354125 1-
#2354250 0! 0&
#2354375 1# 1% 1(
#2355125 0)
#2355250 0(
#2355375 0" 0# 1$ 0% 1&
#2355625 0*
#2356625 1*
#2356875 1)
#2357000 0&
#2357125 1" 0' 1(
#2357875 0)
#2358125 1'
#2358250 1# 1% 1&
#2358500 0+
#2359500 1+
#2359625 1)
#2359875 0" 0# 0$ 0% 0& 0(
#2360750 0) 0-
#2361000 1# 1&
#2361250 0*
#2362250 1*
#2362875 1!
#2363125 0*
#2364125 1*
#2364625 0!
#2364750 1"
#2365000 0*
#2366000 1*
#2366625 1!
#2366875 0*
#2367875 1*
#2369000 1) 1-
#2369250 0! 0& 1(
#2369375 1%
#2370125 0)
#2370250 0% 0(
#2370375 0" 1$ 1&
#2370625 0*
#2371625 1*
#2371750 1)
#2372000 0# 0'
#2372875 0)
#2373125 1! 1#
#2373250 1" 1%
#2373375 0*
#2374375 1*
#2374625 1)
#2374875 0! 0" 0# 0$ 0% 0& 1'
#2375625 0-
#2375750 0)
#2376000 1$ 1&
#2376250 0*
#2377250 1*
#2377875 1!
#2378125 0*
#2379125 1*
#2379625 0!
#2379750 1"
#2380000 0*
#2381000 1*
#2381625 1!
#2381875 0*
#2382875 1*
#2384000 1) 1-
#2384250 0! 0$ 0& 1(
#2384375 1# 1%
#2385125 0)
#2385250 0" 0# 0(
#2385375 1&
#2385625 0*
#2386625 1*
#2386750 1)
#2387000 0% 0&
#2387125 1" 1$ 1(
#2387250 0,
#2387875 0)
#2388125 1# 1% 1&
#2388375 0+
#2389375 1+
#2389625 1)
#2389875 0" 0# 0$ 0% 0& 0(
#2390000 1,
#2390625 0-
#2390750 0)
#2391000 1# 1$ 1&
#2391250 0*
#2392250 1*
#2392875 1!
#2393125 0*
#2394125 1*
#2394625 0!
#2394750 1"
#2395000 0*
#2396000 1*
#2396625 1!
#2396875 0*
#2397875 1*
#2399000 1) 1-
#2399250 0! 0$ 1% 0& 1(
#2400125 0)
#2400250 0" 0(
#2400375 1&
#2400500 0*
#2401625 1*
#2401750 1)
#2402125 1! 1" 1$ 1(
#2402875 0)
#2404625 1)
#2404875 0! 0" 0# 0$ 0% 0& 0(
#2405625 0) 0-
#2406000 1% 1&
#2406125 0*
#2407250 1*
#2407875 1!
#2408000 0*
#2409125 1*
#2409625 0!
#2409750 1"
#2409875 0*
#2411000 1*
#2411500 1!
#2411750 0*
#2412875 1*
#2414000 1) 1-
#2414250 0! 1# 0& 1(
#2415000 0)
#2415250 0" 0# 0(
#2415375 1$ 1&
#2415500 0*
#2416500 1*
#2416750 1)
#2417000 0% 0& 0'
#2417125 1" 1(
#2417875 0)
#2418125 1! 1# 1% 1& 1'
#2418375 0+
#2419375 1+
#2419625 1)
#2419875 0! 0" 0# 0$ 0% 0& 0(
#2420625 0) 0-
#2421000 1# 1% 1&
#2421125 0*
#2422125 1*
#2422750 1!
#2423000 0*
#2423875 00
#2424000 1*
#2424625 0!
#2424750 1"
#2424875 0*
#2425875 1*
#2426500 1!
#2426750 0*
#2427750 1*
#2429000 1) 1-
#2429125 0!
#2429250 0& 1(
#2430000 0)
#2430250 0" 1& 0(
#2430375 1$
#2430500 0*
#2430875 10
#2431500 1*
#2431750 1)
#2432000 0# 0% 0'
#2432125 1!
#2432875 0)
#2433125 1" 1# 1%
#2433375 0+
#2434375 1+
#2434500 1)
#2434875 0! 0" 0# 0$ 0% 0& 1'
#2435625 0) 0-
#2435875 1% 1&
#2436000 1$
#2436125 0*
#2437125 1*
#2437750 1!
#2438000 0*
#2439000 1*
#2439625 0! 1"
#2439875 0*
#2440875 1*
#2441500 1!
#2441750 0*
#2442750 1*
#2443875 1)
#2444000 1-
#2444250 1# 1(
#2445000 0)
#2445500 0+
#2446500 1+
#2446750 1)
#2447000 0! 0# 0% 0&
#2447125 0,
#2447875 0)
#2448125 1! 1# 1% 1&
#2448375 0+
#2449375 1+
#2449500 1)
#2449750 0# 1,
#2449875 0! 0" 0$ 0% 0& 0( 0,
#2450000 1,
#2450625 0) 0-
#2450875 1# 1$ 1% 1&
#2451125 0*
#2452125 1*
#2452750 1!
#2453000 0*
#2454000 1*
#2454625 0! 1"
#2454875 0*
#2455875 1*
#2456500 1!
#2456750 0*
#2457750 1*
#2458875 1)
#2459000 1-
#2459125 0!
#2459250 0$ 0& 1(
#2460000 0)
#2460250 0" 0# 0% 0(
#2460500 0*
#2461500 1*
#2462125 1!
#2462375 0*
#2463375 1*
#2464000 0! 1"
#2464250 0*
#2465000 1)
#2465250 1*
#2465375 1# 1% 1(
#2466125 0)
#2466250 0(
#2466375 0" 0# 0% 0'
#2466625 0*
#2467625 1*
#2468250 1!
#2468500 0*
#2469500 1*
#2470000 0!
#2470125 1"
#2470375 0*
#2471125 1)
#2471375 1*
#2471500 1! 1# 1$ 1% 1& 1' 1(
#2472250 0)
#2473875 1)
#2474125 0! 0# 0&
#2475000 0)
#2475250 0" 0$ 0% 0' 0(
#2475500 0*
#2476500 1*
#2477125 1%
#2477375 0*
#2478375 1*
#2478625 1)
#2478875 1(
#2479000 1! 1# 1'
#2479750 0)
#2479875 0! 0# 0% 0' 0(
#2480250 0*
#2481250 1*
#2481375 1)
#2481750 1$ 1% 1' 1(
#2482500 0)
#2482750 0$ 0% 0' 0(
#2483000 0*
#2484000 1*
#2484625 1%
#2484875 0*
#2485875 1*
#2486125 1)
#2486375 1' 1(
#2486500 1#
#2487250 0)
#2487375 0# 0% 0' 0(
#2487750 0*
#2488750 1*
#2488875 1)
#2489250 1" 1# 1% 1' 1(
#2490000 0)
#2490250 0" 0# 0% 0' 0(
#2490500 0*
#2491500 1*
#2492125 1!
#2492375 0*
#2493375 1*
#2494000 0! 1"
#2494250 0*
#2495000 1)
#2495250 1*
#2495375 1# 1% 1' 1(
#2496125 0)
#2496250 0' 0(
#2496375 0" 0# 0%
#2496625 0*
#2497625 1*
#2498250 1!
#2498500 0*
#2499500 1*
#2500000 0!
#2500125 1"
#2500375 0*
#2501625 1)
#2501875 1*
#2502375 1! 1$ 1(
#2503125 0)
#2503375 0! 0" 0$ 0(
#2503625 0+
#2504625 1+
#2505375 1)
#2505625 1$ 1% 1' 1(
#2506375 0)
#2507125 0$ 0% 0' 0(
#2507375 0*
#2507750 00
#2508375 1*
#2509000 1%
#2509250 0*
#2510250 1*
#2510500 1)
#2510875 1# 1' 1(
#2511625 0)
#2511750 0# 0% 0' 0(
#2512125 0*
#2513125 1*
#2513250 1)
#2513625 1$ 1% 1' 1(
#2514375 0)
#2514625 0$ 0% 0' 0(
#2514750 10
#2514875 0*
#2515875 1*
#2516500 1%
#2516750 0*
#2517750 1*
#2518000 1)
#2518250 1(
#2518375 1# 1'
#2519125 0)
#2519250 0# 0' 0(
#2519375 0%
#2519625 0*
#2520625 1*
#2520750 1)
#2521125 1" 1# 1% 1' 1(
#2521875 0)
#2522125 0" 0# 0% 0' 0(
#2522375 0*
#2523375 1*
#2524000 1!
#2524250 0*
#2525250 1*
#2525875 0! 1"
#2526125 0*
#2526875 1)
#2527125 1*
#2527250 1# 1% 1' 1(
#2528000 0)
#2528250 0" 0# 0% 0' 0(
#2528500 0*
#2529500 1*
#2530125 1!
#2530375 0*
#2531375 1*
#2531875 0!
#2532000 1"
#2532250 0*
#2533000 1)
#2533250 1*
#2533375 1! 1$ 1' 1( 0,
#2534125 0)
#2534250 0! 0' 0(
#2534375 0" 0$
#2534625 0+
#2535625 1+
#2535875 1)
#2536125 1$ 1% 1' 1(
#2536250 1,
#2536875 0)
#2537125 0$ 0% 0' 0(
#2537375 0*
#2538375 1*
#2539125 1%
#2539250 0*
#2540250 1*
#2540500 1)
#2540875 1# 1' 1(
#2541625 0)
#2541750 0' 0(
#2541875 0# 0%
#2542125 0*
#2543125 1*
#2543375 1)
#2543625 1$ 1% 1' 1(
#2544375 0)
#2544625 0$ 0% 0' 0(
#2544875 0*
#2545875 1*
#2546625 1%
#2546750 0*
#2547750 1*
#2548000 1)
#2548375 1# 1' 1(
#2549125 0)
#2549250 0(
#2549375 0# 0% 0'
#2549625 0*
#2550625 1*
#2550875 1)
#2551125 1" 1# 1% 1' 1(
#2551875 0)
#2552125 0" 0# 0% 0' 0(
#2552375 0*
#2553500 1*
#2554125 1!
#2554250 0*
#2555375 1*
#2555875 0!
#2556000 1"
#2556125 0*
#2557000 1)
#2557250 1# 1% 1' 1( 1*
#2558000 0)
#2558250 0" 0# 0% 0' 0(
#2558500 0*
#2559500 1*
#2560125 1!
#2560375 0*
#2561375 1*
#2562000 0!
#2562125 1"
#2562250 0*
#2563000 1)
#2563250 1*
#2563375 1! 1$ 1(
#2564125 0)
#2564375 0" 0$ 0(
#2564625 0+
#2565625 1+
#2565875 1)
#2566125 0! 1$ 1' 1(
#2566250 1%
#2567000 0)
#2567125 0$ 0% 0' 0(
#2567500 0*
#2568500 1*
#2569125 1%
#2569375 0*
#2570375 1*
#2570500 1)
#2570875 1# 1' 1(
#2571625 0)
#2571875 0# 0% 0' 0(
#2572125 0*
#2573125 1*
#2573375 1)
#2573625 1' 1(
#2573750 1$ 1%
#2574500 0)
#2574625 0$ 0% 0' 0(
#2575000 0*
#2576000 1*
#2576625 1%
#2576875 0*
#2577875 1*
#2578000 1)
#2578375 1# 1' 1(
#2579125 0)
#2579375 0# 0% 0' 0(
#2579625 0*
#2580625 1*
#2580875 1)
#2591625 00
#2596250 1! 1" 1$ 1' 1( 0,
#2597000 0)
#2597125 0(
#2597250 0" 0$ 0'
#2597500 0+
#2598500 1+
#2598625 10
#2598750 1)
#2600000 1" 1# 1$ 1% 1& 1' 1( 1,
#2600750 0)
#2602500 1)
#2605500 0! 0$ 0&
#2606375 0)
#2606625 0" 0# 0% 0' 0(
#2606875 0*
#2607875 1*
#2608125 1)
#2608375 1' 1(
#2608500 1! 1" 1# 1$ 1% 1&
#2609250 0)
#2610875 1)
#2612000 0)
#2612500 0+
#2613500 1+
#2614375 0+
#2615375 1+
#2616250 0+
#2617250 1+
#2618125 0+
#2619125 1+
#2620250 1)
#2620625 0! 0$ 0&
#2621375 0)
#2621625 0" 0% 0' 0(
#2621875 0*
#2622875 1*
#2623125 1)
#2623375 0#
#2623500 1! 1" 1$ 1(
#2624250 0)
#2624375 0! 0$ 0(
#2624750 0+
#2625750 1+
#2626000 1)
#2626125 0"
#2626250 1'
#2627000 0) 0-
#2627250 0' 1(
#2627500 0*
#2628500 1*
#2629125 1!
#2629375 0*
#2630375 1*
#2631000 0!
#2631125 1"
#2631250 0*
#2632250 1*
#2632875 1!
#2633125 0*
#2634125 1*
#2635375 1) 1-
#2635500 0!
#2635625 1# 1% 1'
#2636375 0)
#2636625 0" 0# 0% 0' 0(
#2636750 1$
#2636875 0*
#2637875 1*
#2638125 1)
#2638500 1! 1" 1' 1( 0,
#2639250 0)
#2639500 0! 0$ 0' 0(
#2639750 0+
#2640750 1+
#2641000 1)
#2641250 0" 1'
#2641375 1,
#2642000 0) 0-
#2642250 0'
#2642375 1# 1(
#2642500 0*
#2643625 1*
#2644250 1!
#2644375 0*
#2645500 1*
#2646000 0!
#2646125 1"
#2646250 0*
#2647375 1*
#2648000 1!
#2648125 0*
#2649250 1*
#2650375 1) 1-
#2650625 0! 1% 1'
#2651500 0)
#2651625 0" 0% 0' 0(
#2651750 1$
#2651875 0*
#2653000 1*
#2653125 1)
#2653375 0#
#2653500 1" 1&
#2654250 0)
#2654500 1! 1# 1%
#2654750 0*
#2655750 1*
#2656000 1)
#2656250 0! 0" 0# 0$ 0% 0& 1'
#2657000 0-
#2657125 0)
#2657250 0'
#2657375 1$ 1(
#2657625 0*
#2658625 1*
#2659250 1!
#2659500 0*
#2660500 1*
#2661000 0!
#2661125 1"
#2661375 0*
#2662375 1*
#2663000 1!
#2663250 0*
#2664250 1*
#2665375 1) 1-
#2665625 0! 0$ 1'
#2665750 1# 1%
#2666500 0)
#2666625 0" 0# 0' 0(
#2667000 0*
#2668000 1*
#2668125 1)
#2668375 0%
#2668500 1! 1" 1$ 1(
#2669250 0)
#2669500 0$ 0(
#2669750 0+
#2670750 1+
#2671000 1)
#2671250 0! 0"
#2671375 1'
#2672000 0-
#2672125 0)
#2672250 0'
#2672375 1# 1$ 1(
#2672625 0*
#2673625 1*
#2674250 1!
#2674500 0*
#2675500 1* 00
#2676000 0!
#2676125 1"
#2676375 0*
#2677375 1*
#2678000 1!
#2678250 0*
#2679250 1*
#2680375 1) 1-
#2680625 0! 0$ 1'
#2680750 1%
#2681500 0)
#2681625 0' 0(
#2681750 0"
#2682000 0*
#2682375 10
#2683000 1*
#2683250 1)
#2683500 1! 1" 0# 1$ 0% 1' 1(
#2683625 0,
#2684250 0)
#2684500 0$ 0' 0(
#2684750 0+
#2685875 1+
#2686000 1)
#2686250 0! 0"
#2686375 1' 1,
#2687125 0) 0-
#2687250 0'
#2687375 1% 1(
#2687625 0*
#2688625 1*
#2689250 1!
#2689500 0*
#2690500 1*
#2691000 0!
#2691125 1"
#2691375 0*
#2692375 1*
#2693000 1!
#2693250 0*
#2694250 1*
#2695375 1) 1-
#2695625 0!
#2695750 1# 1'
#2696500 0)
#2696625 0'
#2696750 0" 0# 1$ 0(
#2697000 0*
#2698000 1*
#2698250 1)
#2698500 1! 1" 1# 1& 1' 1(
#2699250 0)
#2701000 1)
#2701250 0! 0" 0# 0$ 0% 0& 0(
#2702125 0) 0-
#2702250 0'
#2702375 1# 1% 1(
#2702625 0*
#2703625 1*
#2704250 1!
#2704500 0*
#2705500 1*
#2706000 0!
#2706125 1"
#2706375 0*
#2707375 1*
#2708000 1!
#2708250 0*
#2709250 1*
#2710375 1)
#2710500 1-
#2710625 0!
#2710750 1'
#2711500 0)
#2711625 0'
#2711750 0" 1$ 0(
#2712000 0*
#2713000 1*
#2713250 1)
#2713500 1! 1" 0# 0% 1&
#2714250 0)
#2714625 1# 1%
#2714875 0+
#2715875 1+
#2716000 1)
#2716250 0! 0" 0# 0$ 0% 0&
#2716375 1'
#2717125 0) 0-
#2717250 0'
#2717375 1$ 1% 1(
#2717625 0*
#2718625 1*
#2719250 1!
#2719500 0*
#2720500 1*
#2721000 0!
#2721125 1"
#2721375 0*
#2722375 1*
#2723000 1!
#2723250 0*
#2724250 1*
#2725375 1)
#2725500 1-
#2725625 0! 0$
#2725750 1# 1'
#2726500 0)
#2726750 0" 0# 0% 1& 0' 0(
#2727000 0*
#2728000 1*
#2728250 1)
#2728500 1! 1" 0& 1(
#2728625 1$
#2729375 0)
#2729500 0! 0" 0$ 0(
#2729625 1#
#2729875 0+
#2730875 1+
#2731000 1)
#2731250 0#
#2731375 1'
#2732125 0) 0-
#2732250 0'
#2732375 1# 1$ 1% 1(
#2732625 0*
#2733625 1*
#2734250 1!
#2734500 0*
#2735500 1*
#2736000 0!
#2736125 1"
#2736375 0*
#2737375 1*
#2738000 1!
#2738250 0*
#2739250 1*
#2740375 1)
#2740500 1-
#2740625 0! 0$
#2740750 1'
#2741500 0)
#2741750 0" 0% 1& 0' 0(
#2742000 0*
#2743000 1*
#2743250 1)
#2743500 1! 1" 0# 1$ 0& 1' 1(
#2743625 0,
#2744250 0)
#2744500 0! 0" 0$ 0' 0(
#2744625 1#
#2744875 0+
#2745875 1+
#2746000 1)
#2746250 0#
#2746375 1' 1,
#2747125 0) 0-
#2747250 0'
#2747375 1& 1(
#2747625 0*
#2748625 1*
#2749250 1!
#2749500 0*
#2750500 1*
#2751000 0!
#2751125 1"
#2751375 0*
#2752375 1*
#2753000 1!
#2753250 0*
#2754250 1*
#2755375 1)
#2755500 1-
#2755625 0! 0&
#2755750 1# 1% 1'
#2756500 0)
#2756625 0'
#2756750 0" 0# 1$ 0% 1& 0(
#2757000 0*
#2758000 1*
#2758250 1)
#2758500 1! 1" 1# 1% 1' 1(
#2759250 0) 00
#2761000 1)
#2761250 0! 0" 0# 0$ 0% 0& 0(
#2762125 0) 0-
#2762250 0'
#2762375 1# 1& 1(
#2762625 0*
#2763625 1*
#2764250 1!
#2764500 0*
#2765500 1*
#2766000 0!
#2766125 1"
#2766250 10
#2766375 0*
#2767375 1*
#2768000 1!
#2768250 0*
#2769250 1*
#2770375 1) 1-
#2770625 0! 0& 1'
#2770750 1%
#2771500 0)
#2771625 0% 0'
#2771750 0" 1$ 1& 0(
#2772000 0*
#2773000 1*
#2773250 1)
#2774250 0)
#2774500 1! 1"
#2774625 1%
#2774750 0*
#2775750 1*
#2776000 1)
#2776250 0! 0" 0# 0$ 0% 0& 1'
#2777000 0-
#2777125 0)
#2777250 0'
#2777375 1$ 1& 1(
#2777625 0*
#2778625 1*
#2779250 1!
#2779500 0*
#2780500 1*
#2781000 0!
#2781125 1"
#2781375 0*
#2782375 1*
#2783000 1!
#2783250 0*
#2784250 1*
#2785375 1) 1-
#2785625 0! 0$ 0& 1'
#2785750 1# 1%
#2786500 0)
#2786625 0" 0# 0' 0(
#2786750 1&
#2787000 0*
#2788000 1*
#2788125 1)
#2788375 0% 0&
#2788500 1! 1" 1$ 1(
#2789250 0)
#2789500 0" 1# 0$ 0(
#2789750 0+
#2790750 1+
#2791000 1)
#2791250 0! 0# 1'
#2792000 0-
#2792125 0)
#2792250 0'
#2792375 1# 1$ 1& 1(
#2792625 0*
#2793625 1*
#2794250 1!
#2794500 0*
#2795500 1*
#2796000 0!
#2796125 1"
#2796375 0*
#2797375 1*
#2798000 1!
#2798250 0*
#2799250 1*
#2800375 1) 1-
#2800625 0! 0$ 0& 1'
#2800750 1%
#2801500 0)
#2801625 0" 0' 0(
#2801750 1&
#2802000 0*
#2803000 1*
#2803125 1)
#2803375 0# 0% 0&
#2803500 1! 1" 1$ 1' 1( 0,
#2804250 0)
#2804500 0" 1# 0$ 0' 0(
#2804750 0+
#2805750 1+
#2806000 1)
#2806250 0! 0# 1'
#2806375 1,
#2807000 0-
#2807125 0)
#2807250 0'
#2807375 1% 1& 1(
#2807625 0*
#2808625 1*
#2809250 1!
#2809500 0*
#2810500 1*
#2811000 0!
#2811125 1"
#2811250 0*
#2812375 1*
#2813000 1!
#2813125 0*
#2814250 1*
#2815375 1) 1-
#2815625 0! 1# 0& 1'
#2816375 0)
#2816625 0" 0# 0' 0(
#2816750 1$ 1&
#2816875 0*
#2818000 1*
#2818125 1)
#2818500 1! 1" 1# 1' 1(
#2819250 0)
#2821000 1)
#2821250 0! 0" 0# 0$ 0% 0& 0(
#2822000 0) 0-
#2822250 0'
#2822375 1# 1% 1& 1(
#2822500 0*
#2823625 1*
#2824250 1!
#2824375 0*
#2825375 1*
#2826000 0!
#2826125 1"
#2826250 0*
#2827250 1*
#2827875 1!
#2828125 0*
#2829125 1*
#2830375 1) 1-
#2830500 0!
#2830625 0& 1'
#2831375 0)
#2831625 0" 0' 0(
#2831750 1$ 1&
#2831875 0*
#2832875 1*
#2833125 1)
#2833375 0%
#2833500 1!
#2834250 0)
#2834500 1" 1%
#2834750 0+
#2835750 1+
#2836000 1)
#2836250 0! 0" 0# 0$ 0% 0& 1'
#2837000 0) 0-
#2837250 0'
#2837375 1$ 1% 1& 1(
#2837500 0*
#2838500 1*
#2839125 1!
#2839375 0*
#2840375 1*
#2841000 0! 1"
#2841250 0*
#2842250 1*
#2842875 1!
#2843125 0* 00
#2844125 1*
#2845375 1) 1-
#2845500 0!
#2845625 1# 0$ 0& 1'
#2846375 0)
#2846625 0" 0# 0% 0(
#2846875 0*
#2847875 1*
#2848125 1)
#2848375 0'
#2848500 1! 1" 1$ 1(
#2849250 0)
#2849375 0! 0$ 0(
#2849500 1#
#2849750 0+
#2850125 10
#2850750 1+
#2850875 1)
#2851125 0" 0#
#2851250 1'
#2852000 0) 0-
#2852250 1$ 0' 1(
#2852375 1# 1% 1&
#2852500 0*
#2853500 1*
#2854125 1!
#2854375 0*
#2855375 1*
#2856000 0! 1"
#2856250 0*
#2857250 1*
#2857875 1!
#2858125 0*
#2859125 1*
#2860250 1)
#2860375 1-
#2860500 0! 0&
#2860625 0$ 1'
#2861375 0)
#2861625 0" 0% 0(
#2861875 0*
#2862875 1*
#2863125 1)
#2863375 1! 0# 1(
#2863500 1" 1$ 0,
#2864250 0)
#2864375 0! 0$ 0' 0(
#2864500 1#
#2864750 0+
#2865750 1+
#2865875 1)
#2866125 0" 0#
#2866250 1'
#2866375 1,
#2867000 0) 0-
#2867250 1(
#2867500 0*
#2868500 1*
#2869125 1!
#2869375 0*
#2870375 1*
#2871000 0! 1"
#2871250 0*
#2872250 1*
#2872875 1!
#2873125 0*
#2874125 1*
#2875250 1)
#2875375 1-
#2875500 0!
#2875625 1# 1%
#2876375 0)
#2876625 0" 0# 1$ 0% 0(
#2876875 0*
#2877875 1*
#2878125 1)
#2878375 1! 1(
#2878500 1" 1# 1% 1&
#2879250 0)
#2880875 1)
#2881125 0" 0# 0% 0&
#2881250 0! 0$ 0(
#2882000 0) 0-
#2882250 1# 1(
#2882500 0*
#2883500 1*
#2884125 1!
#2884375 0*
#2885375 1*
#2885875 0!
#2886000 1"
#2886250 0*
#2887250 1*
#2887875 1!
#2888125 0*
#2889125 1*
#2890250 1)
#2890375 1-
#2890500 0!
#2890625 1%
#2891375 0)
#2891625 0" 1$ 0% 0(
#2891875 0*
#2892875 1*
#2893125 1)
#2893375 1" 1& 0'
#2894125 0)
#2894500 1! 1%
#2894625 0*
#2895750 1*
#2895875 1)
#2896125 0! 0" 0# 0$ 0% 0&
#2896250 1'
#2897000 0) 0-
#2897250 1$ 1(
#2897500 0*
#2898500 1*
#2899125 1!
#2899375 0*
#2900375 1*
#2900875 0!
#2901000 1"
#2901250 0*
#2902250 1*
#2902875 1!
#2903125 0*
#2904125 1*
#2905250 1)
#2905375 1-
#2905500 0! 0$
#2905625 1# 1%
#2906375 0)
#2906625 0" 0# 0(
#2906875 0*
#2907875 1*
#2908125 1)
#2908375 1! 1" 0% 0' 1(
#2908500 1$
#2909250 0)
#2909375 0$ 0(
#2909500 1#
#2909750 0+
#2910750 1+
#2910875 1)
#2911125 0! 0" 0#
#2911250 1'
#2912000 0) 0-
#2912250 1# 1$ 1(
#2912500 0*
#2913500 1*
#2914125 1!
#2914375 0*
#2915375 1*
#2915875 0!
#2916000 1"
#2916250 0*
#2917250 1*
#2917875 1!
#2918125 0*
#2919125 1*
#2920250 1)
#2920375 1-
#2920500 0! 0$
#2920625 1%
#2921375 0)
#2921625 0" 0(
#2921875 0*
#2922875 1*
#2923125 1)
#2923375 1! 1" 0# 1$ 0% 1(
#2923500 0,
#2924125 0)
#2924375 0$ 0' 0(
#2924500 1#
#2924750 0+
#2925750 1+
#2925875 1)
#2926125 0! 0" 0#
#2926250 1' 1,
#2927000 0) 0- 00
#2927250 1% 1(
#2927500 0*
#2928500 1*
#2929125 1!
#2929375 0*
#2930375 1*
#2930875 0!
#2931000 1"
#2931250 0*
#2932250 1*
#2932875 1!
#2933125 0*
#2934000 10
#2934125 1*
#2935250 1)
#2935375 1-
#2935500 0!
#2935625 1#
#2936375 0)
#2936625 0" 0# 1$ 0(
#2936875 0*
#2937875 1*
#2938125 1)
#2938375 1! 1" 1# 1& 1(
#2939250 0)
#2940875 1)
#2941125 0! 0" 0# 0$ 0% 0&
#2941250 0(
#2942000 0) 0-
#2942250 1# 1% 1(
#2942500 0*
#2943500 1*
#2944125 1!
#2944375 0*
#2945375 1*
#2945875 0!
#2946000 1"
#2946250 0*
#2947250 1*
#2947875 1!
#2948125 0*
#2949125 1*
#2950250 1)
#2950375 1-
#2950500 0!
#2951375 0)
#2951625 0" 1$ 0(
#2951875 0*
#2952875 1*
#2953125 1)
#2953375 1! 1" 0% 0'
#2953500 1&
#2954250 0)
#2954500 1%
#2954750 0+
#2955750 1+
#2955875 1)
#2956125 0! 0" 0# 0$ 0% 0&
#2956250 1'
#2957000 0) 0-
#2957250 1$ 1% 1(
#2957500 0*
#2958500 1*
#2959125 1!
#2959375 0*
#2960375 1*
#2961000 0! 1"
#2961250 0*
#2962250 1*
#2962875 1!
#2963125 0*
#2964125 1*
#2965250 1)
#2965375 1-
#2965500 0! 0$
#2965625 1#
#2966375 0)
#2966625 0" 0# 0% 1& 0(
#2966875 0*
#2967875 1*
#2968125 1)
#2968375 1! 0& 0' 1(
#2968500 1" 1$
#2969250 0)
#2969375 0! 0" 0(
#2969750 0+
#2970750 1+
#2970875 1)
#2971125 0$
#2971250 1'
#2972000 0) 0-
#2972250 1$ 1(
#2972375 1# 1%
#2972500 0*
#2973500 1*
#2974125 1!
#2974375 0*
#2975375 1*
#2976000 0! 1"
#2976250 0*
#2977250 1*
#2977875 1!
#2978125 0*
#2979125 1*
#2980250 1)
#2980375 1-
#2980500 0!
#2980625 0$
#2981375 0)
#2981625 0" 0% 1& 0(
#2981875 0*
#2982875 1*
#2983125 1)
#2983375 0# 0&
#2983500 1! 1" 1$ 1( 0,
#2984250 0)
#2984375 0! 0" 0' 0(
#2984750 0+
#2985750 1+
#2986000 1)
#2986125 0$
#2986250 1'
#2986375 1,
#2987000 0) 0-
#2987250 1(
#2987375 1&
#2987500 0*
#2988500 1*
#2989125 1!
#2989375 0*
#2990375 1*
#2991000 0!
#2991125 1"
#2991250 0*
#2992250 1*
#2992875 1!
#2993125 0*
#2994125 1*
#2995375 1) 1-
#2995500 0!
#2995625 1# 1% 0&
#2996375 0)
#2996625 0" 0# 0% 0(
#2996750 1$ 1&
#2996875 0*
#2997875 1*
#2998125 1)
#2998500 1! 1" 1# 1% 1(
#2999250 0)
#3001000 1)
#3001250 0! 0" 0# 0$ 0% 0& 0(
#3002000 0) 0-
#3002375 1# 1& 1(
#3002500 0*
#3003625 1*
#3004250 1!
#3004375 0*
#3005500 1*
#3006000 0!
#3006125 1"
#3006250 0*
#3007375 1*
#3008000 1!
#3008125 0*
#3009250 1*
#3010375 1) 1-
#3010625 0! 1% 0&
#3010875 00
#3011500 0)
#3011625 0" 0% 0(
#3011750 1$ 1&
#3011875 0*
#3013000 1*
#3013125 1)
#3013375 0# 0$ 0'
#3013500 1%
#3014250 0)
#3014500 1! 1" 1# 1$
#3014750 0*
#3015750 1*
#3016000 1)
#3016250 0! 0" 0# 0$ 0% 0& 1'
#3017000 0-
#3017125 0)
#3017375 1$ 1& 1(
#3017625 0*
#3017750 10
#3018625 1*
#3019250 1!
#3019500 0*
#3020500 1*
#3021000 0!
#3021125 1"
#3021375 0*
#3022375 1*
#3023000 1!
#3023250 0*
#3024250 1*
#3025375 1) 1-
#3025625 0! 0$ 0&
#3025750 1# 1%
#3026500 0)
#3026625 0" 0# 0(
#3026750 1&
#3027000 0*
#3028000 1*
#3028125 1)
#3028375 0% 0& 0'
#3028500 1! 1" 1$ 1(
#3029250 0)
#3029500 0" 0(
#3029750 0+
#3030750 1+
#3031000 1)
#3031250 0! 0$ 1'
#3032000 0-
#3032125 0)
#3032375 1# 1$ 1& 1(
#3032625 0*
#3033625 1*
#3034250 1!
#3034500 0*
#3035500 1*
#3036000 0!
#3036125 1"
#3036375 0*
#3037375 1*
#3038000 1!
#3038250 0*
#3039250 1*
#3040375 1) 1-
#3040625 0! 0$ 0&
#3040750 1%
#3041500 0)
#3041625 0" 0(
#3041750 1&
#3042000 0*
#3043000 1*
#3043250 1)
#3043375 0&
#3043500 1! 1" 0# 1$ 0% 1(
#3043625 0,
#3044250 0)
#3044500 0" 0' 0(
#3044750 0+
#3045875 1+
#3046000 1)
#3046250 0! 0$
#3046375 1' 1,
#3047125 0) 0-
#3047375 1% 1& 1(
#3047625 0*
#3048625 1*
#3049250 1!
#3049500 0*
#3050500 1*
#3051000 0!
#3051125 1"
#3051375 0*
#3052375 1*
#3053000 1!
#3053250 0*
#3054250 1*
#3055375 1)
#3055500 1-
#3055625 0! 0&
#3055750 1#
#3056500 0)
#3056750 0" 0# 1$ 1& 0(
#3057000 0*
#3058000 1*
#3058250 1)
#3058500 1! 1" 1# 1(
#3059375 0)
#3061000 1)
#3061250 0#
#3061375 0! 0" 0$ 0% 0& 0(
#3062125 0) 0-
#3062375 1# 1% 1& 1(
#3062625 0*
#3063625 1*
#3064250 1!
#3064500 0*
#3065500 1*
#3066125 0! 1"
#3066375 0*
#3067375 1*
#3068000 1!
#3068250 0*
#3069250 1*
#3070375 1)
#3070500 1-
#3070625 0! 0&
#3071500 0)
#3071750 0" 1$ 1& 0(
#3072000 0*
#3073000 1*
#3073250 1)
#3073500 1! 0# 0$ 0'
#3074375 0)
#3074625 1" 1# 1$
#3074875 0+
#3075875 1+
#3076000 1)
#3076250 0#
#3076375 0! 0" 0$ 0% 0& 1'
#3077125 0) 0-
#3077375 1% 1& 1(
#3077500 1$
#3077625 0*
#3078625 1*
#3079250 1!
#3079500 0*
#3080500 1*
#3081125 0! 1"
#3081375 0*
#3082375 1*
#3083000 1!
#3083250 0*
#3084250 1*
#3085500 1) 1-
#3085750 1#
#3086500 0)
#3087125 0+
#3088125 1+
#3088250 1)
#3088500 0# 0% 0& 0'
#3089375 0)
#3089500 0! 0(
#3089875 0+
#3090875 1+
#3091125 1)
#3091375 0" 0$ 1'
#3092125 0) 0-
#3092500 1# 1$ 1% 1& 1(
#3092625 0*
#3093625 1*
#3094375 1!
#3094500 0*
#3094625 00
#3095625 1*
#3096125 0!
#3096250 1"
#3096375 0*
#3097500 1*
#3098000 1!
#3098250 0*
#3099375 1*
#3100500 1) 1-
#3100750 0! 0$ 0&
#3101625 0) 10
#3101750 0" 0# 0% 0(
#3102000 0*
#3103125 1*
#3103750 1!
#3103875 0*
#3105000 1*
#3105500 0!
#3105625 1"
#3105750 0*
#3106625 1)
#3106875 1( 1*
#3107000 1# 1%
#3107625 0)
#3107875 0" 0# 0% 0' 0(
#3108125 0*
#3109125 1*
#3109750 1!
#3110000 0*
#3111000 1*
#3111625 0!
#3111750 1"
#3111875 0*
#3112625 1)
#3112875 1*
#3113000 1! 1$ 1' 1(
#3113125 0,
#3113750 0)
#3114000 0! 0' 0(
#3114250 0+
#3115250 1+
#3115500 1)
#3115750 1' 1(
#3115875 1% 1,
#3116625 0)
#3116750 0" 0$ 0% 0' 0(
#3116875 1!
#3117125 0*
#3118125 1*
#3118750 1%
#3119000 0*
#3120000 1*
#3120125 1)
#3120500 1# 1' 1(
#3121250 0)
#3121500 0# 0% 0' 0(
#3121750 0*
#3122750 1*
#3123000 1)
#3123250 0! 1' 1(
#3123375 1$ 1%
#3124125 0)
#3124250 0$ 0% 0' 0(
#3124375 1!
#3124625 0*
#3125625 1*
#3126250 1%
#3126500 0*
#3127500 1*
#3127625 1)
#3127875 0!
#3128000 1# 1' 1(
#3128750 0)
#3129000 1! 0# 0% 0' 0(
#3129250 0*
#3130250 1*
#3130500 1)
#3130750 0! 1(
#3130875 1" 1# 1% 1'
#3131625 0)
#3131750 0" 0# 0% 0' 0(
#3132125 0*
#3133125 1*
#3133750 1!
#3134000 0*
#3135000 1*
#3135500 0!
#3135625 1"
#3135875 0*
#3136625 1)
#3136875 1( 1*
#3137000 1# 1% 1'
#3137750 0)
#3137875 0" 0# 0% 0' 0(
#3138125 0*
#3139250 1*
#3139875 1!
#3140000 0*
#3141125 1*
#3141625 0!
#3141750 1"
#3141875 0*
#3143125 1)
#3143375 1*
#3144000 1! 1$ 1(
#3144750 0)
#3144875 0(
#3145250 0+
#3146250 1+
#3146875 1)
#3147125 0! 0"
#3147250 1% 1' 1(
#3148000 0)
#3148625 0$ 0% 0' 0(
#3148750 1!
#3149000 0*
#3150000 1*
#3150625 1%
#3150875 0*
#3151875 1*
#3152000 1)
#3152250 0!
#3152375 1# 1' 1(
#3153125 0)
#3153375 1! 0# 0% 0' 0(
#3153625 0*
#3154625 1*
#3154875 1)
#3155125 0!
#3155250 1$ 1% 1' 1(
#3156000 0)
#3156125 0$ 0% 0' 0(
#3156250 1!
#3156500 0*
#3157500 1*
#3158125 1%
#3158375 0*
#3159375 1*
#3159500 1)
#3159750 0!
#3159875 1# 1' 1(
#3160625 0)
#3160875 1! 0# 0% 0' 0(
#3161125 0*
#3162125 1*
#3162375 1)
#3162625 0!
#3162750 1" 1# 1% 1' 1(
#3163500 0)
#3163625 0" 0# 0% 0' 0(
#3164000 0*
#3165000 1*
#3165625 1!
#3165875 0*
#3166875 1*
#3167375 0!
#3167500 1"
#3167750 0*
#3168500 1)
#3168750 1*
#3168875 1# 1% 1' 1(
#3169625 0)
#3169750 0" 0# 0% 0' 0(
#3170000 0*
#3171125 1*
#3171750 1!
#3171875 0*
#3173000 1*
#3173500 0!
#3173625 1"
#3173750 0*
#3174625 1)
#3174750 1*
#3174875 1! 1$ 1' 1(
#3175000 0,
#3175625 0)
#3175875 0' 0(
#3176125 0+
#3177125 1+
#3177375 1)
#3177625 0! 0" 1' 1(
#3177750 1% 1,
#3178500 0) 00
#3178625 0$ 0% 0' 0(
#3178750 1!
#3179000 0*
#3180000 1*
#3180625 1%
#3180875 0*
#3181875 1*
#3182000 1)
#3182250 0!
#3182375 1# 1' 1(
#3183125 0)
#3183375 1! 0# 0% 0' 0(
#3183625 0*
#3184625 1*
#3184875 1)
#3185125 0! 1' 1(
#3185250 1$ 1%
#3185500 10
#3186000 0)
#3186125 0$ 0% 0' 0(
#3186250 1!
#3186500 0*
#3187500 1*
#3188125 1%
#3188375 0*
#3189375 1*
#3189500 1)
#3189750 0!
#3189875 1# 1' 1(
#3190625 0)
#3190875 1! 0# 0% 0' 0(
#3191125 0*
#3192125 1*
#3192375 1)
#3192625 0! 1' 1(
#3192750 1" 1# 1%
#3193500 0)
#3193625 0" 0# 0% 0' 0(
#3194000 0*
#3195000 1*
#3195625 1!
#3195875 0*
#3196875 1*
#3197375 0!
#3197500 1"
#3197750 0*
#3198500 1)
#3198750 1' 1( 1*
#3198875 1# 1%
#3199500 0)
#3199750 0" 0# 0% 0' 0(
#3200000 0*
#3201000 1*
#3201625 1!
#3201875 0*
#3202875 1*
#3203500 0!
#3203625 1"
#3203750 0*
#3204500 1)
#3204750 1*
#3204875 1! 1$ 1(
#3205625 0)
#3205875 0! 0" 1# 0(
#3206125 0+
#3207125 1+
#3207375 1)
#3207625 0# 1' 1(
#3207750 1%
#3208500 0)
#3208625 0$ 0% 0' 0(
#3208750 1!
#3209000 0*
#3210000 1*
#3210625 1%
#3210875 0*
#3211875 1*
#3212000 1)
#3212250 0!
#3212375 1# 1' 1(
#3213125 0)
#3213375 1! 0# 0% 0' 0(
#3213625 0*
#3214625 1*
#3214875 1)
#3215125 0! 1% 1' 1(
#3215250 1$
#3216000 0)
#3216125 0$ 0% 0' 0(
#3216250 1!
#3216375 0*
#3217500 1*
#3218125 1%
#3218250 0*
#3219375 1*
#3219500 1)
#3219750 0!
#3219875 1# 1' 1(
#3220625 0)
#3220875 1! 0# 0% 0' 0(
#3221125 0*
#3222125 1*
#3222375 1)
#3237625 1" 1$ 1' 1(
#3237750 0,
#3238375 0)
#3238625 0! 0" 0' 0(
#3238750 1#
#3238875 0+
#3240000 1+
#3240125 1)
#3241375 1! 1" 1% 1& 1' 1(
#3241500 1,
#3242125 0)
#3243875 1)
#3247000 0! 0$ 0&
#3247750 0)
#3248000 0" 0# 0% 0' 0(
#3248250 0*
#3249250 1*
#3249500 1)
#3249875 1! 1" 1# 1$ 1% 1& 1' 1(
#3250625 0)
#3252250 1)
#3253375 0)
#3253875 0+
#3254875 1+
#3255750 0+
#3256750 1+
#3257625 0+
#3258625 1+
#3259500 0+
#3260500 1+
#3261625 1)
#3261875 0!
#3262000 0$ 0&
#3262375 00
#3262750 0)
#3263000 0" 0% 0' 0(
#3263250 0*
#3264250 1*
#3264500 1)
#3264750 1! 0# 1(
#3264875 1" 1$
#3265625 0)
#3265750 0" 0(
#3265875 1#
#3266125 0+
#3267125 1+
#3267250 1)
#3267500 0# 0$
#3267625 1'
#3268375 0) 0-
#3268625 0! 0'
#3268875 0*
#3269375 10
#3269875 1*
#3270500 1!
#3270750 0*
#3271750 1*
#3272375 0! 1"
#3272625 0*
#3273625 1*
#3274250 1!
#3274500 0*
#3275500 1*
#3276625 1)
#3276750 1-
#3276875 0!
#3277000 1# 1% 1' 1(
#3277750 0)
#3278000 0" 0# 1$ 0% 0' 0(
#3278250 0*
#3279250 1*
#3279500 1)
#3279750 1! 1" 1' 1(
#3279875 0,
#3280625 0)
#3280750 0" 0' 0(
#3280875 1#
#3281125 0+
#3282125 1+
#3282250 1)
#3282500 0# 0$
#3282625 1' 1,
#3283375 0) 0-
#3283500 0'
#3283625 0! 1#
#3283875 0*
#3284875 1*
#3285500 1!
#3285750 0*
#3286750 1*
#3287250 0!
#3287375 1"
#3287625 0*
#3288625 1*
#3289250 1!
#3289500 0*
#3290500 1*
#3291625 1) 1-
#3291875 0!
#3292000 1% 1' 1(
#3292750 0)
#3292875 0(
#3293000 0" 1$ 0% 0'
#3293250 0*
#3294250 1*
#3294500 1)
#3294750 1" 0# 0$ 1% 1&
#3295500 0)
#3295875 1! 1# 1$
#3296000 0*
#3297000 1*
#3297250 1)
#3297500 0" 0# 0$ 0% 0&
#3297625 1'
#3298375 0) 0-
#3298500 0! 0'
#3298625 1$
#3298875 0*
#3299875 1*
#3300500 1!
#3300750 0*
#3301750 1*
#3302250 0!
#3302375 1"
#3302625 0*
#3303625 1*
#3304250 1!
#3304500 0*
#3305500 1*
#3306625 1) 1-
#3306875 0! 0$
#3307000 1# 1% 1' 1(
#3307750 0)
#3307875 0# 0' 0(
#3308000 0"
#3308250 0*
#3309250 1*
#3309500 1)
#3309625 0%
#3309750 1! 1" 1$ 1(
#3310500 0)
#3310750 0! 1# 0(
#3311000 0+
#3312125 1+
#3312250 1)
#3312500 0" 0# 0$
#3312625 1! 1'
#3313375 0) 0-
#3313500 0! 0'
#3313625 1# 1$
#3313875 0*
#3314875 1*
#3315500 1!
#3315750 0*
#3316750 1*
#3317250 0!
#3317375 1"
#3317625 0*
#3318625 1*
#3319250 1!
#3319500 0*
#3320500 1*
#3321625 1) 1-
#3321875 0! 0$ 1' 1(
#3322000 1%
#3322750 0)
#3322875 0" 0' 0(
#3323250 0*
#3324250 1*
#3324375 1)
#3324625 0# 0%
#3324750 1! 1" 1$ 1' 1(
#3324875 0,
#3325500 0)
#3325750 0! 1# 0' 0(
#3326000 0+
#3327000 1+
#3327250 1)
#3327500 1! 0" 0# 0$ 1'
#3327625 1,
#3328375 0) 0-
#3328500 0! 0'
#3328625 1%
#3328875 0*
#3329875 1*
#3330500 1!
#3330750 0*
#3331750 1*
#3332250 0!
#3332375 1"
#3332625 0*
#3333625 1*
#3334250 1!
#3334500 0*
#3335500 1*
#3336625 1) 1-
#3336875 0! 1' 1(
#3337000 1#
#3337750 0)
#3337875 0" 0# 0' 0(
#3338000 1$
#3338250 0*
#3339250 1*
#3339375 1)
#3339750 1! 1" 1# 1& 1' 1(
#3340500 0)
#3342250 1)
#3342500 0" 0# 0$ 0% 0& 0(
#3343250 0-
#3343375 0)
#3343500 0! 0'
#3343625 1# 1%
#3343875 0*
#3344875 1*
#3345500 1!
#3345750 0*
#3346250 00
#3346750 1*
#3347250 0!
#3347375 1"
#3347625 0*
#3348625 1*
#3349250 1!
#3349500 0*
#3350500 1*
#3351625 1) 1-
#3351875 0! 1' 1(
#3352750 0)
#3352875 0" 0' 0(
#3353000 1$
#3353250 0* 10
#3354250 1*
#3354375 1)
#3354625 0# 0$
#3354750 1! 1" 1&
#3355500 0)
#3355750 1# 1$
#3356000 0+
#3357000 1+
#3357250 1)
#3357500 0" 0# 0$ 0% 0& 1'
#3358250 0-
#3358375 0)
#3358500 0! 0'
#3358625 1$ 1%
#3358875 0*
#3359875 1*
#3360500 1!
#3360750 0*
#3361750 1*
#3362250 0!
#3362375 1"
#3362625 0*
#3363625 1*
#3364250 1!
#3364500 0*
#3365500 1*
#3366625 1) 1-
#3366875 0! 0$ 1' 1(
#3367000 1#
#3367750 0)
#3367875 0" 0# 0% 0' 0(
#3368000 1&
#3368250 0*
#3369250 1*
#3369375 1)
#3369625 0&
#3369750 1! 1" 1$ 1(
#3370500 0)
#3370750 1# 0(
#3371000 0+
#3372000 1+
#3372250 1)
#3372500 0" 0# 0$ 1'
#3373250 0-
#3373375 0)
#3373500 0! 0'
#3373625 1# 1$ 1%
#3373875 0*
#3374875 1*
#3375500 1!
#3375750 0*
#3376750 1*
#3377250 0!
#3377375 1"
#3377625 0*
#3378625 1*
#3379250 1!
#3379500 0*
#3380500 1*
#3381625 1) 1-
#3381875 0! 0$ 1' 1(
#3382750 0)
#3382875 0" 0% 0' 0(
#3383000 1&
#3383250 0*
#3384250 1*
#3384375 1)
#3384625 0# 0&
#3384750 1! 1" 1$ 1' 1(
#3384875 0,
#3385500 0)
#3385750 1# 0' 0(
#3386000 0+
#3387000 1+
#3387250 1)
#3387500 0" 0# 0$ 1'
#3387625 1,
#3388375 0) 0-
#3388500 0! 0'
#3388625 1&
#3388875 0*
#3389875 1*
#3390500 1!
#3390750 0*
#3391750 1*
#3392250 0!
#3392375 1"
#3392625 0*
#3393625 1*
#3394250 1!
#3394500 0*
#3395500 1*
#3396625 1) 1-
#3396875 0! 0&
#3397000 1# 1% 1' 1(
#3397750 0)
#3397875 0' 0(
#3398000 0" 0# 1$ 0% 1&
#3398250 0*
#3399250 1*
#3399500 1)
#3399750 1! 1" 1# 1% 1' 1(
#3400500 0)
#3402250 1)
#3402500 0" 0# 0$ 0% 0& 0(
#3403375 0) 0-
#3403500 0! 0'
#3403625 1# 1&
#3403875 0*
#3404875 1*
#3405500 1!
#3405750 0*
#3406750 1*
#3407250 0!
#3407375 1"
#3407625 0*
#3408625 1*
#3409250 1!
#3409500 0*
#3410500 1*
#3411625 1)
#3411750 1-
#3411875 0! 0&
#3412000 1% 1' 1(
#3412750 0)
#3413000 0" 1$ 0% 1& 0' 0(
#3413250 0*
#3414250 1*
#3414500 1)
#3414750 0$ 1%
#3415625 0)
#3415875 1! 1" 1$
#3416125 0*
#3417125 1*
#3417250 1)
#3417500 0" 0# 0$ 0% 0&
#3417625 1'
#3418375 0) 0-
#3418625 0! 1$ 1& 0'
#3418875 0*
#3419875 1*
#3420500 1!
#3420750 0*
#3421750 1*
#3422375 0! 1"
#3422625 0*
#3423625 1*
#3424250 1!
#3424500 0*
#3425500 1*
#3426625 1)
#3426750 1-
#3426875 0! 0$ 0&
#3427000 1# 1% 1' 1(
#3427750 0)
#3428000 0" 0# 1& 0' 0(
#3428250 0*
#3429250 1*
#3429500 1)
#3429750 1! 0% 0& 1(
#3429875 1" 1$
#3430125 00
#3430625 0)
#3430750 0! 0" 0$ 0(
#3430875 1%
#3431125 0+
#3432125 1+
#3432250 1)
#3432500 0%
#3432625 1! 1'
#3433375 0) 0-
#3433625 0! 1$ 1& 0'
#3433750 1#
#3433875 0*
#3434875 1*
#3435500 1!
#3435750 0*
#3436750 1*
#3437000 10
#3437375 0! 1"
#3437625 0*
#3438625 1*
#3439250 1!
#3439500 0*
#3440500 1*
#3441750 1) 1-
#3441875 0!
#3442000 0$ 1% 0& 1' 1(
#3442750 0)
#3443000 0" 1& 0' 0(
#3443250 0*
#3444250 1*
#3444500 1)
#3444750 0# 0% 0&
#3444875 1! 1" 1$ 1' 1( 0,
#3445625 0)
#3445750 0! 0(
#3445875 0" 0$ 1% 0'
#3446125 0+
#3447125 1+
#3447375 1)
#3447500 0%
#3447625 1! 1'
#3447750 1,
#3448375 0) 0-
#3448625 0! 0'
#3448750 1% 1&
#3448875 0*
#3449875 1*
#3450500 1!
#3450750 0*
#3451750 1*
#3452375 0!
#3452500 1"
#3452625 0*
#3453625 1*
#3454250 1!
#3454500 0*
#3455625 1*
#3456750 1) 1-
#3457000 0! 1# 0& 1' 1(
#3457875 0)
#3458000 0" 0# 0' 0(
#3458125 1$ 1&
#3458250 0*
#3459375 1*
#3459500 1)
#3459875 1! 1" 1# 1' 1(
#3460625 0)
#3462375 1)
#3462625 0" 0# 0$ 0% 0& 0(
#3463375 0-
#3463500 0)
#3463625 0! 0'
#3463750 1# 1% 1&
#3463875 0*
#3465000 1*
#3465625 1!
#3465875 0*
#3466875 1*
#3467375 0!
#3467500 1"
#3467750 0*
#3468750 1*
#3469375 1!
#3469625 0*
#3470625 1*
#3471750 1) 1-
#3472000 0! 0& 1' 1(
#3472875 0)
#3473000 0" 0' 0(
#3473125 1$ 1&
#3473375 0*
#3474375 1*
#3474500 1)
#3474750 0$
#3474875 1!
#3475625 0)
#3475875 1" 1$
#3476125 0+
#3477125 1+
#3477375 1)
#3477625 0" 0# 0$ 0% 0& 1'
#3478375 0-
#3478500 0)
#3478625 0! 0'
#3478750 1$ 1% 1&
#3479000 0*
#3480000 1*
#3480625 1!
#3480875 0*
#3481875 1*
#3482375 0!
#3482500 1"
#3482750 0*
#3483750 1*
#3484375 1!
#3484625 0*
#3485625 1*
#3486750 1) 1-
#3487000 0! 0$ 0&
#3487125 1# 1' 1(
#3487875 0)
#3488000 0# 0(
#3488125 0" 0%
#3488375 0*
#3489375 1*
#3489625 1)
#3489750 0'
#3489875 1! 1" 1$ 1(
#3490625 0)
#3490875 0" 0$ 0(
#3491000 1%
#3491250 0+
#3492250 1+
#3492375 1)
#3492625 0%
#3492750 1'
#3493500 0) 0-
#3493625 0! 0'
#3493750 1# 1$ 1% 1&
#3494000 0*
#3495000 1*
#3495625 1!
#3495875 0*
#3496875 1*
#3497375 0!
#3497500 1"
#3497750 0*
#3498750 1*
#3499375 1!
#3499625 0*
#3500625 1*
#3501750 1)
#3501875 1-
#3502000 0! 0$ 0&
#3502125 1' 1(
#3502875 0)
#3503125 0" 0% 0(
#3503375 0*
#3504375 1*
#3504625 1)
#3504875 1! 1" 0# 1(
#3505000 1$ 0,
#3505750 0)
#3505875 0" 0$ 0' 0(
#3506000 1%
#3506250 0+
#3507250 1+
#3507375 1)
#3507625 0%
#3507750 1' 1,
#3508500 0) 0-
#3508750 0!
#3509000 0*
#3510000 1*
#3510625 1!
#3510875 0*
#3511875 1*
#3512500 0! 1"
#3512750 0*
#3513750 1*
#3513875 00
#3514375 1!
#3514625 0*
#3515625 1*
#3516750 1)
#3516875 1-
#3517000 0!
#3517125 1# 1% 1(
#3517875 0)
#3518125 0" 0# 1$ 0% 0(
#3518375 0*
#3519375 1*
#3519625 1)
#3519875 1(
#3520000 1! 1" 1# 1% 1&
#3520750 0)
#3520875 10
#3522375 1)
#3522750 0" 0# 0$ 0% 0& 0(
#3523500 0) 0-
#3523750 0!
#3523875 1#
#3524000 0*
#3525000 1*
#3525625 1!
#3525875 0*
#3526875 1*
#3527500 0! 1"
#3527750 0*
#3528750 1*
#3529375 1!
#3529625 0*
#3530625 1*
#3531875 1) 1-
#3532000 0!
#3532125 1% 1(
#3532875 0)
#3533125 0" 0% 0(
#3533250 1$
#3533375 0*
#3534375 1*
#3534625 1)
#3534875 0$ 0'
#3535000 1" 1% 1&
#3535750 0)
#3536000 1! 1$
#3536250 0*
#3537250 1*
#3537500 1)
#3537750 0" 0# 0$ 0% 0& 1'
#3538500 0) 0-
#3538750 0!
#3538875 1$
#3539000 0*
#3540000 1*
#3540625 1!
#3540875 0*
#3541875 1*
#3542500 0!
#3542625 1"
#3542750 0*
#3543875 1*
#3544375 1!
#3544625 0*
#3545750 1*
#3546875 1) 1-
#3547125 0! 1# 0$ 1% 1(
#3548000 0)
#3548125 0" 0# 0(
#3548375 0*
#3549500 1*
#3549625 1)
#3549875 0% 0'
#3550000 1! 1" 1$ 1(
#3550750 0)
#3551000 0! 0$ 1% 0(
#3551250 0+
#3552250 1+
#3552500 1)
#3552750 1! 0" 0% 1'
#3553500 0-
#3553625 0)
#3553750 0!
#3553875 1# 1$
#3554125 0*
#3555125 1*
#3555750 1!
#3555875 0*
#3557000 1*
#3557500 0!
#3557625 1"
#3557875 0*
#3558875 1*
#3559500 1!
#3559750 0*
#3560750 1*
#3561875 1) 1-
#3562125 0! 0$ 1% 1(
#3563000 0)
#3563125 0" 0(
#3563500 0*
#3564500 1*
#3564625 1)
#3564875 0# 0%
#3565000 1! 1" 1$ 1( 0,
#3565750 0)
#3566000 0! 0$ 1% 0' 0(
#3566250 0+
#3567250 1+
#3567500 1)
#3567750 1! 0" 0% 1'
#3567875 1,
#3568500 0-
#3568625 0)
#3568750 0!
#3568875 1%
#3569125 0*
#3570125 1*
#3570750 1!
#3571000 0*
#3572000 1*
#3572500 0!
#3572625 1"
#3572875 0*
#3573875 1*
#3574500 1!
#3574750 0*
#3575750 1*
#3576875 1) 1-
#3577125 0! 1(
#3577250 1#
#3578000 0)
#3578125 0" 0# 0(
#3578250 1$
#3578500 0*
#3579500 1*
#3579625 1)
#3580000 1! 1" 1# 1& 1(
#3580750 0)
#3582500 1)
#3582750 0" 0# 0$ 0% 0& 0(
#3583500 0-
#3583625 0)
#3583750 0!
#3583875 1# 1%
#3584125 0*
#3585125 1*
#3585750 1!
#3586000 0*
#3587000 1*
#3587500 0!
#3587625 1"
#3587875 0*
#3588875 1*
#3589500 1!
#3589750 0*
#3590750 1*
#3591875 1) 1-
#3592125 0! 1(
#3593000 0)
#3593125 0" 0(
#3593250 1$
#3593500 0*
#3594500 1*
#3594625 1)
#3594875 0$ 0'
#3595000 1! 1" 1&
#3595750 0)
#3596000 1$
#3596250 0+
#3597250 1+
#3597500 1)
#3597750 0" 0# 0$ 0% 0& 1' 00
#3598500 0-
#3598625 0)
#3598750 0!
#3598875 1$ 1%
#3599125 0*
#3600125 1*
#3600750 1!
#3601000 0*
#3602000 1*
#3602500 0!
#3602625 1"
#3602875 0*
#3603875 1*
#3604500 1!
#3604750 0* 10
#3605750 1*
#3606875 1) 1-
#3607125 0! 0$ 1(
#3607250 1#
#3608000 0)
#3608125 0" 0# 0% 0(
#3608250 1&
#3608375 0*
#3609500 1*
#3609625 1)
#3609875 0& 0'
#3610000 1! 1" 1$ 1(
#3610750 0)
#3611000 0$ 1% 0(
#3611250 0+
#3612250 1+
#3612500 1)
#3612750 0" 0% 1'
#3613500 0-
#3613625 0)
#3613750 0!
#3613875 1# 1$ 1%
#3614125 0*
#3615125 1*
#3615750 1!
#3615875 0*
#3617000 1*
#3617500 0!
#3617625 1"
#3617750 0*
#3618875 1*
#3619500 1!
#3619625 0*
#3620750 1*
#3621875 1) 1-
#3622125 0! 0$ 1(
#3623000 0)
#3623125 0" 0% 0(
#3623250 1&
#3623375 0*
#3624500 1*
#3624625 1)
#3624875 0# 0&
#3625000 1! 1" 1$ 1( 0,
#3625750 0)
#3626000 0$ 1% 0' 0(
#3626250 0+
#3627250 1+
#3627500 1)
#3627750 0" 0% 1'
#3627875 1,
#3628500 0) 0-
#3628750 0!
#3628875 1&
#3629000 0*
#3630125 1*
#3630750 1!
#3630875 0*
#3632000 1*
#3632500 0!
#3632625 1"
#3632750 0*
#3633875 1*
#3634375 1!
#3634625 0*
#3635625 1*
#3636875 1) 1-
#3637125 0! 1# 1% 0& 1(
#3637875 0)
#3638125 0" 0# 0% 0(
#3638250 1$ 1&
#3638375 0*
#3639375 1*
#3639625 1)
#3640000 1! 1" 1# 1% 1(
#3640750 0)
#3642500 1)
#3642750 0" 0# 0$ 0% 0& 0(
#3643500 0) 0-
#3643750 0!
#3643875 1# 1&
#3644000 0*
#3645000 1*
#3645625 1!
#3645875 0*
#3646875 1*
#3647500 0! 1"
#3647750 0*
#3648750 1*
#3649375 1!
#3649625 0*
#3650625 1*
#3651875 1) 1-
#3652000 0!
#3652125 1% 0& 1(
#3652875 0)
#3653125 0" 1$ 0% 1& 0(
#3653375 0*
#3654375 1*
#3654625 1)
#3654875 0# 0'
#3655000 1%
#3655750 0)
#3656000 1! 1" 1#
#3656250 0*
#3657250 1*
#3657375 1)
#3657625 0#
#3657750 0" 0$ 0% 0& 1'
#3658500 0) 0-
#3658750 0! 1$ 1&
#3659000 0*
#3660000 1*
#3660625 1!
#3660875 0*
#3661875 1*
#3662500 0! 1"
#3662750 0*
#3663750 1*
#3664375 1!
#3664625 0*
#3665625 1*
#3666750 1)
#3666875 1-
#3667000 0! 0&
#3667125 1# 0$ 1% 1(
#3667875 0)
#3668125 0" 0# 1& 0(
#3668375 0*
#3669375 1*
#3669625 1)
#3669875 1! 0% 0& 0' 1(
#3670000 1" 1$
#3670750 0)
#3670875 0! 0" 0$ 0(
#3671000 1# 1%
#3671250 0+
#3672250 1+
#3672375 1)
#3672625 0# 0%
#3672750 1! 1'
#3673500 0) 0-
#3673625 0!
#3673750 1# 1$ 1&
#3674000 0*
#3675000 1*
#3675625 1!
#3675875 0*
#3676875 1*
#3677375 0!
#3677500 1"
#3677750 0*
#3678750 1*
#3679375 1!
#3679625 0*
#3680625 1*
#3681625 00
#3681750 1)
#3681875 1-
#3682000 0! 0$ 0&
#3682125 1% 1(
#3682875 0)
#3683000 0(
#3683125 0" 1&
#3683375 0*
#3684375 1*
#3684625 1)
#3684875 1! 1" 0# 1$ 0% 0& 1(
#3685000 0,
#3685750 0)
#3685875 0! 0" 0$ 0' 0(
#3686000 1# 1%
#3686250 0+
#3687250 1+
#3687375 1)
#3687625 0# 0%
#3687750 1! 1' 1,
#3688500 0) 0-
#3688625 0! 10
#3688750 1% 1&
#3689000 0*
#3690000 1*
#3690625 1!
#3690875 0*
#3691875 1*
#3692375 0!
#3692500 1"
#3692750 0*
#3693750 1*
#3694375 1!
#3694625 0*
#3695625 1*
#3696750 1) 1-
#3697000 0! 0&
#3697125 1# 1(
#3697875 0)
#3698000 0# 0(
#3698125 0" 1$ 1&
#3698375 0*
#3699375 1*
#3699625 1)
#3699875 1! 1" 1# 1(
#3700625 0)
#3702375 1)
#3702625 0" 0# 0$ 0% 0& 0(
#3703375 0-
#3703500 0)
#3703625 0!
#3703750 1# 1% 1&
#3704000 0*
#3705000 1*
#3705625 1!
#3705875 0*
#3706875 1*
#3707375 0!
#3707500 1"
#3707750 0*
#3708750 1*
#3709375 1!
#3709625 0*
#3710625 1*
#3711750 1) 1-
#3712000 0! 0& 1(
#3712875 0)
#3713000 0" 0(
#3713125 1$ 1&
#3713375 0*
#3714375 1*
#3714500 1)
#3714750 0#
#3714875 1! 0'
#3715625 0)
#3715875 1" 1#
#3716125 0+
#3717125 1+
#3717375 1)
#3717625 0" 0# 0$ 0% 0& 1'
#3718375 0-
#3718500 0)
#3718625 0!
#3718750 1$ 1% 1&
#3719000 0*
#3720000 1*
#3720625 1!
#3720875 0*
#3721875 1*
#3722375 0!
#3722500 1"
#3722750 0*
#3723750 1*
#3724375 1!
#3724625 0*
#3725625 1*
#3726750 1) 1-
#3727000 1(
#3727125 1#
#3727875 0)
#3728375 0+
#3729375 1+
#3729500 1)
#3729750 0# 0% 0& 0'
#3730625 0)
#3730875 0" 1# 0$ 1% 0(
#3731125 0+
#3732125 1+
#3732375 1)
#3732625 0# 0% 1'
#3733375 0-
#3733500 0)
#3733625 0!
#3733750 1# 1$ 1% 1&
#3734000 0*
#3735000 1*
#3735625 1!
#3735875 0*
#3736875 1*
#3737375 0!
#3737500 1"
#3737750 0*
#3738750 1*
#3739375 1!
#3739625 0*
#3740625 1*
#3741750 1) 1-
#3742000 0! 0$ 0& 1(
#3742875 0)
#3743000 0" 0# 0% 0(
#3743250 0*
#3744375 1*
#3745000 1!
#3745250 0*
#3746250 1*
#3746750 0!
#3746875 1"
#3747000 0*
#3747875 1)
#3748125 1# 1% 1( 1*
#3748875 0)
#3749125 0" 0# 0% 0' 0(
#3749375 0*
#3750375 1*
#3751000 1!
#3751250 0*
#3752250 1*
#3752875 0! 1"
#3753125 0*
#3753875 1)
#3754125 1*
#3754250 1! 1$ 1' 1(
#3754375 0,
#3755000 0)
#3755250 0" 1# 0$ 1% 0' 0(
#3755500 0+
#3756500 1+
#3756750 1)
#3757000 0! 0# 1$ 1' 1(
#3757125 1" 1,
#3757875 0)
#3758000 0$ 0% 0' 0(
#3758250 0*
#3759375 1*
#3760000 1%
#3760125 0*
#3761250 1*
#3761375 1)
#3761625 0"
#3761750 1! 1# 1' 1(
#3762500 0)
#3762750 0! 1" 0# 0% 0' 0(
#3763000 0*
#3764000 1*
#3764250 1)
#3764500 0" 1$ 1% 1' 1(
#3765375 0)
#3765500 0$ 0% 0' 0( 00
#3765625 1"
#3765750 0*
#3766875 1*
#3767500 1%
#3767625 0*
#3768750 1*
#3768875 1)
#3769125 0"
#3769250 1# 1' 1(
#3770000 0)
#3770250 1" 0# 0% 0' 0(
#3770500 0*
#3771500 1*
#3771750 1)
#3772000 1# 1% 1' 1(
#3772375 10
#3772750 0)
#3773000 0" 0# 0% 0' 0(
#3773250 0*
#3774375 1*
#3775000 1!
#3775125 0*
#3776250 1*
#3776750 0!
#3776875 1"
#3777000 0*
#3777750 1)
#3778000 1*
#3778125 1# 1% 1' 1(
#3778875 0)
#3779125 0" 0# 0% 0' 0(
#3779375 0*
#3780375 1*
#3781000 1!
#3781250 0*
#3782250 1*
#3782875 0! 1"
#3783125 0*
#3784375 1)
#3784625 1*
#3785125 1! 1(
#3785250 1$
#3786000 0)
#3786125 0! 0$ 0(
#3786250 1# 1%
#3786500 0+
#3787500 1+
#3788125 1)
#3788375 0" 0# 1(
#3788500 1$ 1'
#3789250 0)
#3789875 0$ 0% 0' 0(
#3790000 1"
#3790125 0*
#3791250 1*
#3791875 1%
#3792000 0*
#3793125 1*
#3793250 1)
#3793500 0"
#3793625 1# 1' 1(
#3794375 0)
#3794625 1" 0# 0% 0' 0(
#3794875 0*
#3795875 1*
#3796125 1)
#3796375 0" 1$ 1% 1' 1(
#3797250 0)
#3797375 0$ 0% 0' 0(
#3797500 1"
#3797625 0*
#3798750 1*
#3799375 1%
#3799500 0*
#3800625 1*
#3800750 1)
#3801000 0"
#3801125 1# 1' 1(
#3801875 0)
#3802125 1" 0# 0% 0' 0(
#3802375 0*
#3803375 1*
#3803625 1)
#3803875 1# 1% 1' 1(
#3804750 0)
#3804875 0" 0# 0% 0' 0(
#3805125 0*
#3806250 1*
#3806875 1!
#3807000 0*
#3808125 1*
#3808625 0!
#3808750 1"
#3808875 0*
#3809750 1)
#3810000 1% 1' 1( 1*
#3810125 1#
#3810750 0)
#3811000 0" 0# 0% 0' 0(
#3811250 0*
#3812250 1*
#3812875 1!
#3813125 0*
#3814125 1*
#3814750 0!
#3814875 1"
#3815000 0*
#3815750 1)
#3816000 1*
#3816125 1! 1$ 1' 1(
#3816250 0,
#3816875 0)
#3817125 0! 1# 0$ 1% 0' 0(
#3817375 0+
#3818375 1+
#3818625 1)
#3818875 0" 0# 1' 1(
#3819000 1$ 1,
#3819750 0)
#3819875 0$ 0% 0' 0(
#3820000 1"
#3820250 0*
#3821250 1*
#3821875 1%
#3822125 0*
#3823125 1*
#3823250 1)
#3823500 0"
#3823625 1# 1' 1(
#3824375 0)
#3824625 1" 0# 0% 0' 0(
#3824875 0*
#3825875 1*
#3826125 1)
#3826375 0" 1' 1(
#3826500 1$ 1%
#3827250 0)
#3827375 0$ 0% 0' 0(
#3827500 1"
#3827750 0*
#3828750 1*
#3829375 1%
#3829625 0*
#3830625 1*
#3830750 1)
#3831000 0"
#3831125 1# 1' 1(
#3831875 0)
#3832125 1" 0# 0% 0' 0(
#3832375 0*
#3833375 1*
#3833625 1)
#3833875 1' 1(
#3834000 1# 1%
#3834750 0)
#3834875 0" 0# 0% 0' 0(
#3835250 0*
#3836250 1*
#3836875 1!
#3837125 0*
#3838125 1*
#3838625 0!
#3838750 1"
#3839000 0*
#3839750 1)
#3840000 1*
#3840125 1# 1% 1' 1(
#3840875 0)
#3841000 0" 0# 0% 0' 0(
#3841250 0*
#3842375 1*
#3843000 1!
#3843250 0*
#3844250 1*
#3844750 0!
#3844875 1"
#3845125 0*
#3845875 1)
#3846125 1! 1$ 1( 1*
#3846875 0)
#3847125 0$ 0(
#3847250 1# 1%
#3847375 0+
#3848500 1+
#3848625 1)
#3848875 0! 0" 0# 1(
#3849000 1$ 1'
#3849375 00
#3849750 0)
#3849875 0' 0(
#3850000 1" 0$ 0%
#3850250 0*
#3851250 1*
#3851875 1%
#3852125 0*
#3853125 1*
#3853375 1)
#3853625 0" 1# 1' 1(
#3854375 0)
#3854625 0# 0% 0' 0(
#3854750 1"
#3854875 0*
#3856000 1*
#3856125 1)
#3856250 10
#3856375 0"
#3856500 1$ 1% 1' 1(
#3857250 0)
#3857375 0(
#3857500 1" 0$ 0% 0'
#3857750 0*
#3858750 1*
#3859375 1%
#3859625 0*
#3860625 1*
#3860875 1)
#3861125 0" 1' 1(
#3861250 1#
#3862000 0)
#3862125 0# 0% 0' 0(
#3862250 1"
#3862375 0*
#3863500 1*
#3863625 1)
#3879000 1! 1$ 1' 1(
#3879125 0,
#3879750 0)
#3880000 0$ 0' 0(
#3880125 1# 1%
#3880250 0+
#3881250 1+
#3881500 1)
#3882750 1$ 1& 1' 1(
#3882875 1,
#3883500 0)
#3885250 1)
#3888375 0! 0$ 0&
#3889125 0)
#3889375 0" 0# 0% 0' 0(
#3889625 0*
#3890625 1*
#3890875 1)
#3891250 1! 1" 1# 1$ 1% 1& 1' 1(
#3892000 0)
#3893750 1)
#3894750 0)
#3895375 0+
#3896375 1+
#3897250 0+
#3898250 1+
#3899125 0+
#3900125 1+
#3901000 0+
#3902000 1+
#3903125 1)
#3903375 0! 0$ 0&
#3904250 0)
#3904375 0" 0% 0' 0(
#3904625 0*
#3905750 1*
#3905875 1)
#3906125 0#
#3906250 1! 1" 1$ 1(
#3907000 0)
#3907250 0! 0" 1% 0(
#3907500 0+
#3908500 1+
#3908750 1)
#3909000 1! 0$ 0% 1'
#3909750 0-
#3909875 0)
#3910000 0! 0'
#3910125 1(
#3910375 0*
#3911375 1*
#3912000 1!
#3912250 0*
#3913250 1*
#3913750 0!
#3913875 1"
#3914125 0*
#3915125 1*
#3915750 1!
#3916000 0*
#3917000 1*
#3918125 1) 1-
#3918375 0! 1'
#3918500 1# 1%
#3919250 0)
#3919375 0" 0# 0% 0' 0(
#3919500 1$
#3919750 0*
#3920750 1*
#3920875 1)
#3921250 1! 1" 1' 1(
#3921375 0,
#3922000 0)
#3922250 0! 0" 1% 0' 0(
#3922500 0+
#3923500 1+
#3923750 1)
#3924000 1! 0$ 0% 1'
#3924125 1,
#3924875 0) 0-
#3925000 0! 0'
#3925125 1# 1(
#3925375 0*
#3926375 1*
#3927000 1!
#3927250 0*
#3928250 1*
#3928750 0!
#3928875 1"
#3929125 0*
#3930125 1*
#3930750 1!
#3931000 0*
#3932000 1*
#3933125 1) 1- 00
#3933375 0!
#3933500 1% 1'
#3934250 0)
#3934375 0'
#3934500 0" 1$ 0% 0(
#3934750 0*
#3935750 1*
#3936000 1)
#3936250 1" 0# 1% 1&
#3937000 0)
#3937375 1! 1#
#3937500 0*
#3938500 1*
#3938750 1)
#3939000 0" 0# 0$ 0% 0&
#3939125 1'
#3939875 0) 0-
#3940000 0! 0'
#3940125 1$ 1( 10
#3940375 0*
#3941375 1*
#3942000 1!
#3942250 0*
#3943250 1*
#3943750 0!
#3943875 1"
#3944125 0*
#3945125 1*
#3945750 1!
#3946000 0*
#3947000 1*
#3948125 1)
#3948250 1-
#3948375 0! 0$
#3948500 1# 1% 1'
#3949250 0)
#3949500 0" 0# 0' 0(
#3949750 0*
#3950750 1*
#3951000 1)
#3951250 1! 1" 0% 1(
#3951375 1$
#3952125 0)
#3952250 0" 0(
#3952375 1%
#3952625 0+
#3953625 1+
#3953750 1)
#3954000 0$ 0%
#3954125 1'
#3954875 0) 0-
#3955125 0! 1# 1$ 0' 1(
#3955375 0*
#3956375 1*
#3957000 1!
#3957250 0*
#3958250 1*
#3958875 0! 1"
#3959125 0*
#3960125 1*
#3960750 1!
#3961000 0*
#3962000 1*
#3963125 1)
#3963250 1-
#3963375 0!
#3963500 0$ 1% 1'
#3964250 0)
#3964500 0" 0' 0(
#3964750 0*
#3965750 1*
#3966000 1)
#3966250 0# 0% 1' 1(
#3966375 1! 1" 1$ 0,
#3967125 0)
#3967250 0" 0' 0(
#3967375 1%
#3967625 0+
#3968625 1+
#3968750 1)
#3969000 0$ 0%
#3969125 1'
#3969250 1,
#3969875 0) 0-
#3970125 0! 1% 0' 1(
#3970375 0*
#3971375 1*
#3972000 1!
#3972250 0*
#3973250 1*
#3973875 0! 1"
#3974125 0*
#3975125 1*
#3975750 1!
#3976000 0*
#3977000 1*
#3978250 1) 1-
#3978375 0!
#3978500 1# 1'
#3979250 0)
#3979500 0" 0# 1$ 0' 0(
#3979750 0*
#3980750 1*
#3981000 1)
#3981375 1! 1" 1# 1& 1' 1(
#3982125 0)
#3983875 1)
#3984125 0" 0# 0$ 0% 0& 0(
#3984875 0) 0-
#3985125 0! 0' 1(
#3985250 1# 1%
#3985375 0*
#3986375 1*
#3987000 1!
#3987250 0*
#3988250 1*
#3988875 0!
#3989000 1"
#3989125 0*
#3990125 1*
#3990750 1!
#3991000 0*
#3992000 1*
#3993250 1) 1-
#3993375 0!
#3993500 1'
#3994250 0)
#3994500 0" 1$ 0' 0(
#3994750 0*
#3995750 1*
#3996000 1)
#3996250 0#
#3996375 1! 1" 1&
#3997125 0)
#3997375 1#
#3997625 0+
#3998625 1+
#3998875 1)
#3999125 0" 0# 0$ 0% 0& 1'
#3999875 0) 0-
#4000125 0! 0'
#4000250 1$ 1% 1(
#4000375 0*
#4001375 1*
#4002000 1!
#4002250 0*
#4003250 1*
#4003875 0!
#4004000 1"
#4004125 0*
#4005125 1*
#4005750 1!
#4006000 0*
#4007000 1*
#4008250 1) 1-
#4008375 0!
#4008500 1# 0$ 1'
#4009250 0)
#4009500 0" 0# 0% 0' 0(
#4009625 1&
#4009750 0*
#4010750 1*
#4011000 1)
#4011250 0&
#4011375 1! 1" 1$ 1(
#4012125 0)
#4012250 0! 0(
#4012375 1%
#4012625 0+
#4013625 1+
#4013875 1)
#4014125 1! 0" 0$ 0% 1'
#4014875 0) 0-
#4015125 0! 0'
#4015250 1# 1$ 1% 1(
#4015375 0*
#4016375 1*
#4017000 1! 00
#4017250 0*
#4018250 1*
#4018875 0!
#4019000 1"
#4019125 0*
#4020125 1*
#4020750 1!
#4021000 0*
#4022000 1*
#4023250 1) 1-
#4023500 0! 0$ 1'
#4024000 10
#4024250 0)
#4024500 0" 0% 0' 0(
#4024625 1&
#4024750 0*
#4025750 1*
#4026000 1)
#4026250 0# 0&
#4026375 1! 1" 1$ 1' 1( 0,
#4027125 0)
#4027250 0! 0' 0(
#4027375 1%
#4027625 0+
#4028625 1+
#4028875 1)
#4029125 1! 0" 0$ 0% 1'
#4029250 1,
#4029875 0) 0-
#4030125 0! 0' 1(
#4030250 1&
#4030375 0*
#4031375 1*
#4032000 1!
#4032250 0*
#4033250 1*
#4033875 0!
#4034000 1"
#4034125 0*
#4035125 1*
#4035750 1!
#4036000 0*
#4037000 1*
#4038250 1) 1-
#4038375 0!
#4038500 1# 1% 0& 1'
#4039250 0)
#4039500 0" 0# 0% 1& 0' 0(
#4039625 1$
#4039750 0*
#4040750 1*
#4041000 1)
#4041375 1! 1" 1# 1% 1' 1(
#4042125 0)
#4043750 1)
#4044125 0" 0# 0$ 0% 0& 0(
#4044875 0) 0-
#4045125 0! 1& 0' 1(
#4045250 1#
#4045375 0*
#4046375 1*
#4047000 1!
#4047250 0*
#4048250 1*
#4048875 0! 1"
#4049125 0*
#4050125 1*
#4050750 1!
#4051000 0*
#4052000 1*
#4053125 1)
#4053250 1-
#4053375 0!
#4053500 1% 0& 1'
#4054250 0)
#4054500 0" 1$ 0% 1& 0' 0(
#4054750 0*
#4055750 1*
#4056000 1)
#4056375 1%
#4057125 0)
#4057375 1! 1"
#4057625 0*
#4058625 1*
#4058750 1)
#4059125 0" 0# 0$ 0% 0& 1'
#4059875 0) 0-
#4060125 0! 1$ 1& 0' 1(
#4060375 0*
#4061375 1*
#4062000 1!
#4062250 0*
#4063250 1*
#4063875 0! 1"
#4064125 0*
#4065125 1*
#4065750 1!
#4066000 0*
#4067000 1*
#4068125 1)
#4068250 1-
#4068375 0! 0$ 0&
#4068500 1# 1% 1'
#4069250 0)
#4069500 0" 0# 1& 0' 0(
#4069750 0*
#4070750 1*
#4071000 1)
#4071250 1! 0% 0& 1(
#4071375 1" 1$
#4072125 0)
#4072250 0(
#4072375 1%
#4072625 0+
#4073625 1+
#4073750 1)
#4074000 0" 0$ 0%
#4074125 1'
#4074875 0) 0-
#4075125 0! 1# 1$ 1& 0' 1(
#4075375 0*
#4076375 1*
#4077000 1!
#4077250 0*
#4078250 1*
#4078750 0!
#4078875 1"
#4079125 0*
#4080125 1*
#4080750 1!
#4081000 0*
#4082000 1*
#4083125 1)
#4083250 1-
#4083375 0! 0$ 0&
#4083500 1% 1'
#4084250 0)
#4084500 0" 1& 0' 0(
#4084750 0*
#4085750 1*
#4086000 1)
#4086250 1! 1" 0# 0% 0& 1' 1(
#4086375 1$ 0,
#4087000 0)
#4087250 0' 0(
#4087375 1%
#4087625 0+
#4088625 1+
#4088750 1)
#4089000 0" 0$ 0%
#4089125 1' 1,
#4089875 0) 0-
#4090000 0! 0'
#4090125 1% 1& 1(
#4090375 0*
#4091375 1*
#4092000 1!
#4092250 0*
#4093250 1*
#4093750 0!
#4093875 1"
#4094125 0*
#4095125 1*
#4095750 1!
