$date Sat Sep  5 09:49:27 2026 $end
$version libsigrok 0.5.2 $end
$comment
  Acquisition with 16/16 channels at 80 MHz
$end
$timescale 100 ps $end
$scope module libsigrok $end
$var wire 1 ! A0 $end
$var wire 1 " A1 $end
$var wire 1 # A2 $end
$var wire 1 $ A3 $end
$var wire 1 % A4 $end
$var wire 1 & A5 $end
$var wire 1 ' A6 $end
$var wire 1 ( A7 $end
$var wire 1 ) RAS $end
$var wire 1 * CAS0 $end
$var wire 1 + CAS1 $end
$var wire 1 , R/W $end
$var wire 1 - VDS $end
$var wire 1 . IRQ $end
$var wire 1 / CSW $end
$var wire 1 0 CSR $end
$upscope $end
$enddefinitions $end
#0 1! 0" 0# 0$ 1% 0& 0' 1( 0) 1* 0+ 0, 1- 0. 1/ 10
#125 0! 0% 0( 1+ 1, 0- 0/
#250 1$ 1% 1' 1( 1) 1- 1/
#750 0)
#1000 1! 0% 0' 0(
#1250 0*
#2250 1*
#3000 1%
#3125 0*
#4125 1*
#4375 1)
#4625 0! 0$
#4750 1# 1' 1(
#5125 00
#5500 0)
#5625 0(
#5750 1! 0# 1$ 0% 0'
#6000 0*
#7000 1*
#7250 1)
#7375 0!
#7500 1" 1# 0$ 1% 1' 1(
#8250 0)
#8500 0" 0# 0% 0' 0(
#8750 0*
#9750 1*
#10500 1!
#10625 0*
#11750 1*
#12125 10
#12250 0!
#12375 1"
#12500 0*
#13375 1)
#13500 1*
#13625 1# 1% 1' 1(
#14375 0)
#14625 0" 0# 0% 0' 0(
#14875 0*
#15875 1*
#16500 1!
#16750 0*
#17750 1*
#18375 0! 1"
#18625 0*
#19875 1)
#20125 1*
#20625 0" 1& 1'
#20750 0,
#21500 0)
#21625 0'
#21750 1" 1#
#22000 0+
#23000 1+
#23625 1)
#23875 0" 0# 0&
#24000 1$ 1% 1' 1( 1,
#24750 0)
#25375 0% 0' 0(
#25500 1!
#25750 0*
#26750 1*
#27375 1%
#27625 0*
#28625 1*
#28750 1)
#29000 0! 0$
#29125 1# 1' 1(
#29875 0)
#30125 1! 0# 1$ 0% 0' 0(
#30375 0*
#31375 1*
#31625 1)
#31875 0! 1% 1' 1(
#32750 0)
#32875 0% 0' 0(
#33000 1!
#33250 0*
#34250 1*
#34875 1%
#35125 0*
#36125 1*
#36250 1)
#36500 0! 0$
#36625 1# 1' 1(
#37375 0)
#37625 1! 0# 1$ 0% 0' 0(
#37875 0*
#38625 0/
#38875 1*
#39125 1)
#39375 0! 0$ 1' 1(
#39500 1" 1# 1%
#40250 0)
#40375 0" 0# 0% 0' 0(
#40750 0*
#41750 1*
#42375 1!
#42625 0*
#43625 1*
#44125 0!
#44250 1"
#44500 0*
#45250 1)
#45500 1' 1( 1*
#45625 1# 1% 1/
#46250 0)
#46500 0" 0# 0% 0' 0(
#46750 0*
#47750 1*
#48500 1!
#48625 0*
#49625 1*
#50250 0!
#50375 1"
#50500 0*
#51250 1)
#51500 1*
#51625 1! 1# 1$ 1% 1& 1' 1(
#52375 0)
#54125 1)
#54375 0! 0" 0# 0&
#55250 0)
#55375 0% 0' 0(
#55500 1!
#55750 0*
#56750 1*
#57375 1%
#57625 0*
#58625 1*
#58750 1)
#59000 0! 0$
#59125 1# 1' 1(
#59875 0)
#60125 1! 0# 1$ 0% 0' 0(
#60375 0*
#61375 1*
#61625 1)
#61875 0! 1' 1(
#62000 1%
#62750 0)
#62875 0% 0' 0(
#63000 1!
#63250 0*
#64250 1*
#64875 1%
#65125 0*
#66125 1*
#66250 1)
#66500 0! 0$
#66625 1# 1' 1(
#67375 0)
#67625 1! 0# 1$ 0% 0' 0(
#67875 0*
#68875 1*
#69125 1)
#69375 0! 0$ 1' 1(
#69500 1" 1# 1%
#70250 0)
#70375 0" 0# 0% 0' 0(
#70750 0*
#71750 1*
#72250 00
#72375 1!
#72625 0*
#73625 1*
#74125 0!
#74250 1"
#74500 0*
#75250 1)
#75500 1( 1*
#75625 1# 1% 1'
#76375 0)
#76500 0" 0# 0% 0' 0(
#76750 0*
#77750 1*
#78500 1!
#78625 0*
#79250 10
#79625 1*
#80250 0!
#80375 1"
#80500 0*
#81250 1)
#81500 0" 1*
#81625 1& 1'
#81750 0,
#82375 0)
#82625 1! 1" 1# 0'
#82875 0+
#83875 1+
#84125 1)
#84375 0! 0" 0# 1% 0& 1' 1(
#84500 1$ 1,
#85250 0)
#85375 0% 0' 0(
#85500 1!
#85750 0*
#86750 1*
#87375 1%
#87625 0*
#88625 1*
#88750 1)
#89000 0! 0$
#89125 1# 1' 1(
#89875 0)
#90125 1! 0# 1$ 0% 0' 0(
#90375 0*
#91375 1*
#91625 1)
#91875 0! 1% 1' 1(
#92750 0)
#92875 0% 0' 0(
#93000 1!
#93250 0*
#94250 1*
#94875 1%
#95125 0*
#96125 1*
#96250 1)
#96500 0! 0$
#96625 1# 1' 1(
#97375 0)
#97625 1! 0# 1$ 0% 0' 0(
#97875 0*
#98875 1*
#99125 1)
#105750 0/
#112750 1/
#114375 0! 0$ 1& 1'
#114500 0,
#115250 0)
#115375 0'
#115500 1$
#115750 0+
#116750 1+
#116875 1)
#118125 1! 1% 1' 1(
#118250 1" 1# 1,
#119000 0)
#120625 1)
#123750 0! 0$ 0&
#124500 0)
#124750 0" 0# 0% 0' 0(
#125000 0*
#126125 1*
#126250 1)
#126625 1& 1' 0,
#127375 0)
#127625 1! 1$ 0'
#127875 0+
#128875 1+
#129125 1)
#129375 1" 1# 1% 1' 1(
#129500 1,
#130125 0)
#130750 0+
#131750 1+
#132625 0+
#133625 1+
#134375 0+
#135500 1+
#136250 0+
#137375 1+
#138500 1)
#138750 0! 0$ 0&
#139250 00
#139500 0)
#139750 0" 0% 0' 0(
#140000 0*
#141000 1*
#141250 1)
#141625 1! 1" 1$ 1% 1& 1' 1(
#142375 0)
#144000 1)
#144375 0" 0% 0& 0(
#145125 0) 0-
#145375 0! 0# 0$ 0'
#145625 0*
#146250 10
#146625 1*
#147250 1!
#147500 0*
#148500 1*
#149125 0! 1"
#149375 0*
#150375 1*
#151000 1!
#151250 0*
#152250 1*
#153375 1)
#153500 1-
#153625 0!
#153750 1# 1% 1' 1(
#154500 0)
#154750 0" 0# 1$ 0% 0' 0(
#155000 0*
#156000 1*
#156250 1)
#156500 1(
#156625 1! 1" 1# 1% 1& 1'
#157375 0)
#159000 1)
#159250 0% 0&
#159375 0" 0(
#160125 0) 0-
#160375 0! 0$ 0'
#160625 0*
#161625 1*
#162250 1!
#162500 0*
#163500 1*
#164125 0! 1"
#164375 0*
#165375 1*
#166000 1!
#166250 0*
#167250 1*
#168375 1)
#168500 1-
#168625 0!
#168750 1% 1' 1(
#169500 0)
#169750 0" 1$ 0% 0' 0(
#170000 0*
#171000 1*
#171250 1)
#171500 0$ 1% 1' 1(
#172375 0)
#172625 1! 1" 1$ 1&
#172750 0/
#172875 0*
#173875 1*
#174000 1)
#174250 0" 0% 0& 0(
#175125 0) 0-
#175375 0! 0# 0'
#175625 0*
#176625 1*
#177250 1!
#177500 0*
#178500 1*
#179000 0!
#179125 1"
#179375 0*
#179750 1/
#180375 1*
#181000 1!
#181250 0*
#182250 1*
#183375 1) 1-
#183625 0! 0$
#183750 1# 1% 1' 1(
#184500 0)
#184625 0(
#184750 0" 0# 0'
#185000 0*
#186000 1*
#186250 1)
#186500 0% 1& 1'
#186625 0,
#187250 0)
#187500 0'
#187625 1" 1$
#187750 0+
#188875 1+
#189000 1)
#189250 0" 0&
#189375 1! 1# 1' 1,
#190125 0) 0-
#190250 0! 0'
#190625 0*
#191625 1*
#192250 1!
#192500 0*
#193500 1*
#194000 0!
#194125 1"
#194375 0*
#195375 1*
#196000 1!
#196250 0*
#197250 1*
#198375 1) 1-
#198625 0! 0$ 1(
#198750 1% 1'
#199500 0)
#199625 0' 0(
#199750 0"
#200000 0*
#201000 1*
#201250 1)
#201500 1! 1" 1$ 1& 1' 1(
#202250 0)
#204000 1)
#204250 0" 0% 0& 0(
#205000 0-
#205125 0)
#205250 0! 0$ 0'
#205375 0# 1%
#205625 0*
#206375 00
#206625 1*
#207250 1!
#207500 0*
#208500 1*
#209000 0!
#209125 1"
#209375 0*
#210375 1*
#211000 1!
#211250 0*
#212250 1*
#213375 1) 1- 10
#213625 0! 1' 1(
#213750 1#
#214500 0)
#214625 0" 0# 0' 0(
#214750 1$
#215000 0*
#216000 1*
#216125 1)
#216500 1! 1" 1# 1& 1' 1(
#217250 0)
#219000 1)
#219250 0" 0% 0& 0(
#220000 0-
#220125 0)
#220250 0! 0$ 0'
#220375 1%
#220625 0*
#221625 1*
#222250 1!
#222500 0*
#223500 1*
#224000 0!
#224125 1"
#224375 0*
#225375 1*
#226000 1!
#226250 0*
#227250 1*
#228375 1) 1-
#228625 0! 1' 1(
#229500 0)
#229625 0" 0' 0(
#229750 1$
#230000 0*
#231000 1*
#231125 1)
#231375 0$
#231500 1! 1' 1(
#232250 0)
#232500 1" 1$ 1&
#232750 0+
#233750 1+
#234000 1)
#234250 0" 0% 0& 0(
#235000 0-
#235125 0)
#235250 0! 0# 0'
#235375 1%
#235625 0*
#236625 1*
#237250 1!
#237500 0*
#238500 1*
#239000 0!
#239125 1"
#239375 0*
#239875 0/
#240375 1*
#241000 1!
#241250 0*
#242250 1*
#243375 1) 1-
#243625 0! 0$ 1' 1(
#243750 1#
#244500 0)
#244625 0" 0# 0% 0' 0(
#244750 1&
#245000 0*
#246000 1*
#246125 1)
#246500 1'
#246875 1/
#247250 0)
#247500 1! 1" 1$ 0'
#247750 0+
#248750 1+
#249000 1)
#249250 0" 1# 0& 1'
#250000 0-
#250125 0)
#250250 0! 0'
#250375 1%
#250625 0*
#251625 1*
#252250 1!
#252500 0*
#253500 1*
#254000 0!
#254125 1"
#254375 0*
#255375 1*
#256000 1!
#256250 0*
#257250 1*
#258375 1) 1-
#258625 0! 0$ 1' 1(
#259500 0)
#259625 0" 0% 0' 0(
#259750 1&
#260000 0*
#261000 1*
#261125 1)
#261375 0#
#261500 1'
#261625 0,
#262250 0)
#262500 1# 1$ 0'
#262750 0+
#263750 1+
#264000 1)
#264250 1! 0& 1'
#264375 1,
#265000 0-
#265125 0)
#265250 0! 0# 0$ 0'
#265375 1&
#265625 0*
#266625 1*
#267250 1!
#267500 0*
#268500 1*
#269000 0!
#269125 1"
#269375 0*
#270375 1*
#271000 1!
#271250 0*
#272250 1*
#273375 1) 1-
#273500 00
#273625 0! 0& 1' 1(
#273750 1# 1%
#274500 0)
#274625 0" 0# 0% 0' 0(
#274750 1$ 1&
#275000 0*
#276000 1*
#276125 1)
#276500 1! 1" 1# 1% 1' 1(
#277250 0)
#279000 1)
#279250 0" 0% 0& 0(
#280000 0-
#280125 0)
#280250 0! 0$ 0'
#280375 1& 10
#280625 0*
#281625 1*
#282250 1!
#282500 0*
#283500 1*
#284000 0!
#284125 1"
#284375 0*
#285375 1*
#286000 1!
#286250 0*
#287250 1*
#288375 1) 1-
#288625 0! 0& 1' 1(
#288750 1%
#289500 0)
#289625 0" 0% 0' 0(
#289750 1$ 1&
#290000 0*
#291000 1*
#291125 1)
#291375 0$ 0&
#291500 1" 1% 1' 1(
#292250 0)
#292500 1! 1$ 1&
#292750 0*
#293750 1*
#294000 1)
#294250 0" 0% 0& 0(
#295000 0-
#295125 0)
#295250 0! 0# 0'
#295375 1&
#295625 0*
#296625 1*
#297250 1!
#297500 0*
#298500 1*
#299000 0!
#299125 1"
#299375 0*
#300375 1*
#301000 1!
#301250 0*
#302250 1*
#303375 1) 1-
#303625 0! 0$ 0& 1(
#303750 1# 1% 1'
#304500 0)
#304625 0# 0' 0(
#304750 0" 1&
#305000 0*
#306000 1*
#306250 1)
#306375 0%
#306500 1'
#306875 0/
#307250 0)
#307500 0'
#307625 1! 1# 1$
#307750 0+
#308750 1+
#309000 1)
#309250 0&
#309375 1'
#310125 0) 0-
#310250 0! 0'
#310375 1&
#310625 0*
#311625 1*
#312250 1!
#312500 0*
#313500 1*
#313875 1/
#314000 0!
#314125 1"
#314375 0*
#315375 1*
#316000 1!
#316250 0*
#317250 1*
#318375 1) 1-
#318625 0! 0$ 0&
#318750 1% 1' 1(
#319500 0)
#319625 0' 0(
#319750 0" 1&
#320000 0*
#321000 1*
#321250 1)
#321500 1! 1" 1$ 1' 1(
#322375 0)
#324000 1)
#324250 0" 0% 0& 0(
#325125 0) 0-
#325375 0! 0# 0$ 1% 1& 0'
#325625 0*
#326625 1*
#327250 1!
#327500 0*
#328500 1*
#329000 0!
#329125 1"
#329375 0*
#330375 1*
#331000 1!
#331250 0*
#332250 1*
#333375 1)
#333500 1-
#333625 0! 0&
#333750 1# 1' 1(
#334500 0)
#334750 0" 0# 1$ 1& 0' 0(
#335000 0*
#336000 1*
#336250 1)
#336500 0$ 0% 1'
#336625 0,
#337375 0)
#337500 0'
#337625 1" 1# 1$
#337875 0+
#338875 1+
#339000 1)
#339250 0" 0&
#339375 1! 1' 1,
#340125 0) 0-
#340375 0! 0$ 1% 1& 0'
#340500 00
#340625 0*
#341625 1*
#342250 1!
#342500 0*
#343500 1*
#344125 0! 1"
#344375 0*
#345375 1*
#346000 1!
#346250 0*
#347250 1*
#347500 10
#348375 1)
#348500 1-
#348625 0!
#348750 0& 1' 1(
#349500 0)
#349750 0" 1$ 1& 0' 0(
#350000 0*
#351000 1*
#351250 1)
#351500 0$ 0& 1(
#351625 1! 1" 1'
#352375 0)
#352625 1$ 1&
#352875 0+
#353875 1+
#354000 1)
#354375 0" 0% 0& 0(
#355125 0) 0-
#355375 0! 0# 1% 1& 0'
#355625 0*
#356625 1*
#357250 1!
#357500 0*
#358500 1*
#359125 0!
#359250 1"
#359375 0*
#360375 1*
#361000 1!
#361250 0*
#362250 1*
#363500 1) 1-
#363750 0! 1# 0$ 0& 1' 1(
#364500 0)
#364750 0" 0# 0% 0(
#365000 0*
#366000 1*
#366250 1)
#366625 1&
#367375 0)
#367625 1! 1" 1# 1$ 0'
#367875 0+
#368875 1+
#369125 1)
#369375 0" 0& 1'
#370125 0) 0-
#370375 0! 0'
#370500 1% 1&
#370625 0*
#371750 1*
#372375 1!
#372500 0*
#373625 1*
#374000 0/
#374125 0!
#374250 1"
#374375 0*
#375500 1*
#376125 1!
#376375 0*
#377375 1*
#378500 1) 1-
#378750 0! 0$ 0& 1' 1(
#379625 0)
#379750 0" 0% 0(
#380125 0*
#381000 1/
#381125 1*
#381250 1)
#381625 1! 1" 1$ 1% 1& 1(
#382375 0)
#384125 1)
#384375 0" 0% 0& 0(
#385125 0-
#385250 0)
#385375 0! 0# 0$
#385750 0*
#386750 1*
#387375 1!
#387625 0*
#388625 1*
#389125 0!
#389250 1"
#389500 0*
#390500 1*
#391125 1!
#391375 0*
#392375 1*
#393500 1) 1-
#393750 0! 1(
#393875 1# 1%
#394625 0)
#394750 0# 0% 0(
#394875 0" 1$
#395125 0*
#396125 1*
#396375 1)
#396500 0$
#396625 1&
#396750 0,
#397375 0)
#397625 0'
#397750 1%
#397875 0+
#399000 1+
#399125 1)
#399375 0% 0&
#399500 1! 1# 1$ 1' 1,
#400250 0) 0-
#400375 0! 0$
#400750 0*
#401750 1*
#402375 1!
#402625 0*
#403625 1*
#404125 0!
#404250 1"
#404500 0*
#405500 1*
#406125 1!
#406375 0*
#407375 1*
#407625 00
#408500 1)
#408625 1-
#408750 0!
#408875 1% 1(
#409625 0)
#409750 0(
#409875 0" 1$ 0%
#410125 0*
#411125 1*
#411375 1)
#411625 0# 1% 1(
#412500 0)
#412750 1! 1" 1# 1&
#412875 0*
#414000 1*
#414125 1)
#414375 0" 0% 0& 0(
#414625 10
#415250 0) 0-
#415500 0! 0#
#415750 0*
#416750 1*
#417375 1!
#417625 0*
#418625 1*
#419250 0! 1"
#419500 0*
#420500 1*
#421125 1!
#421375 0*
#422375 1*
#423500 1)
#423625 1-
#423750 0! 0$
#423875 1# 1% 1(
#424625 0)
#424875 0" 0# 0(
#425125 0*
#426125 1*
#426375 1)
#426625 1(
#426750 1! 1" 1# 1$ 1&
#427500 0)
#429125 1)
#429500 0" 0% 0& 0(
#430250 0) 0-
#430500 0!
#430750 0*
#431750 1*
#432375 1!
#432625 0*
#433625 1*
#434250 0! 1"
#434500 0*
#435500 1*
#436125 1!
#436375 0*
#437375 1*
#438625 1) 1-
#438750 0!
#438875 0$ 1% 1(
#439625 0)
#439875 0" 0(
#440125 0*
#441125 1* 0/
#441375 1)
#441625 0# 0%
#441750 1&
#442500 0)
#442625 0'
#442750 1! 1%
#443000 0+
#444000 1+
#444250 1)
#444375 0%
#444500 1# 1$ 0& 1'
#445250 0) 0-
#445500 0! 0# 0$
#445625 1%
#445750 0*
#446750 1*
#447375 1!
#447625 0*
#448125 1/
#448625 1*
#449250 0!
#449375 1"
#449500 0*
#450500 1*
#451125 1!
#451375 0*
#452375 1*
#453625 1) 1-
#453750 0!
#453875 1# 1(
#454625 0)
#454875 0" 0# 0(
#455000 1$
#455125 0*
#456125 1*
#456375 1)
#456750 1! 1" 1# 1& 1(
#457500 0)
#459250 1)
#459500 0" 0% 0& 0(
#460250 0) 0-
#460500 0! 0$
#460625 1%
#460750 0*
#461875 1*
#462375 1!
#462625 0*
#463750 1*
#464250 0!
#464375 1"
#464500 0*
#465625 1*
#466125 1!
#466375 0*
#467500 1*
#468625 1) 1-
#468875 0! 1(
#469750 0)
#469875 0" 0(
#470000 1$
#470125 0*
#471250 1*
#471375 1)
#471625 0#
#471750 1! 1(
#472500 0)
#472750 1" 1# 1&
#473000 0+
#474000 1+
#474250 1)
#474500 0" 0% 0& 0(
#474750 00
#475250 0-
#475375 0)
#475500 0! 0#
#475625 1%
#475750 0*
#476875 1*
#477500 1!
#477625 0*
#478750 1*
#479250 0!
#479375 1"
#479500 0*
#480625 1*
#481250 1!
#481375 0*
#481625 10
#482500 1*
#483625 1) 1-
#483875 0! 1# 0$ 1(
#484750 0)
#484875 0" 0# 0% 0(
#485000 1&
#485125 0*
#486250 1*
#486375 1)
#486750 0,
#487500 0)
#487750 1" 1% 0'
#488000 0+
#489000 1+
#489250 1)
#489500 1! 0" 1# 1$ 0% 0& 1'
#489625 1,
#490250 0-
#490375 0)
#490500 0!
#490625 1%
#490875 0*
#491875 1*
#492500 1!
#492625 0*
#493750 1*
#494250 0!
#494375 1"
#494500 0*
#495625 1*
#496250 1!
#496375 0*
#497500 1*
#498625 1) 1-
#498875 0! 0$ 1(
#499750 0)
#499875 0" 0% 0(
#500000 1&
#500125 0*
#501250 1*
#501375 1)
#501750 1! 1" 1$ 1% 1(
#502500 0)
#504250 1)
#504500 0" 0% 0& 0(
#505250 0-
#505375 0)
#505500 0! 0# 0$
#505625 1&
#505750 0*
#506875 1*
#507500 1!
#507625 0*
#508125 0/
#508750 1*
#509250 0!
#509375 1"
#509500 0*
#510625 1*
#511125 1!
#511375 0*
#512500 1*
#513625 1) 1-
#513875 0! 1# 1% 0& 1(
#514750 0)
#514875 0" 0# 0% 0(
#515000 1$ 1&
#515125 0* 1/
#516250 1*
#516375 1)
#516750 1! 1" 1# 1% 1(
#517500 0)
#519250 1)
#519500 0" 0% 0& 0(
#520250 0) 0-
#520500 0! 0$
#520625 1&
#520750 0*
#521750 1*
#522375 1!
#522625 0*
#523625 1*
#524250 0!
#524375 1"
#524500 0*
#525500 1*
#526125 1!
#526375 0*
#527375 1*
#528625 1) 1-
#528750 0!
#528875 1% 0& 1(
#529625 0)
#529875 0" 0% 0(
#530000 1$ 1&
#530125 0*
#531125 1*
#531375 1)
#531625 0# 0&
#531750 1" 1% 1(
#532500 0)
#532750 1! 1# 1&
#533000 0*
#534000 1*
#534250 1)
#534500 0" 0% 0& 0(
#535250 0) 0-
#535500 0! 0# 1&
#535750 0*
#536750 1*
#537375 1!
#537625 0*
#538625 1*
#539250 0!
#539375 1"
#539500 0*
#540500 1*
#541125 1!
#541375 0*
#542375 1*
#543625 1) 1-
#543750 0!
#543875 1# 0$ 1% 0& 1(
#544625 0)
#544875 0" 0# 1& 0(
#545125 0*
#546125 1*
#546375 1)
#546625 0%
#546750 0,
#547500 0)
#547625 0'
#547750 1! 1" 1%
#548000 0+
#549000 1+
#549125 1)
#549375 0" 0% 0&
#549500 1# 1$ 1'
#549625 1,
#550250 0) 0-
#550500 0! 1&
#550750 0*
#551750 1*
#552375 1!
#552625 0*
#553625 1*
#554250 0! 1"
#554500 0*
#555500 1*
#556125 1!
#556375 0*
#557375 1*
#558500 1)
#558625 1-
#558750 0! 0&
#558875 0$ 1% 1(
#559625 0)
#559875 0" 1& 0(
#560125 0*
#561125 1*
#561375 1)
#561625 1! 1(
#561750 1" 1$
#562500 0)
#564125 1)
#564375 0&
#564500 0" 0% 0(
#565250 0) 0-
#565500 0! 0# 0$ 1% 1&
#565750 0*
#566750 1*
#567375 1!
#567625 0*
#568625 1*
#569250 0! 1"
#569500 0*
#570500 1*
#571125 1!
#571375 0*
#572375 1*
#573500 1)
#573625 1-
#573750 0! 0&
#573875 1# 1(
#574625 0)
#574875 0" 0# 1$ 1& 0(
#575125 0*
#576125 1*
#576375 1)
#576625 1! 1" 1# 1(
#577500 0)
#579125 1)
#579375 0" 0% 0& 0(
#580250 0) 0-
#580375 0!
#580500 0$ 1% 1&
#580750 0*
#581750 1*
#582375 1!
#582625 0*
#583625 1*
#584125 0!
#584250 1"
#584500 0*
#585500 1*
#586125 1!
#586375 0*
#587375 1*
#588500 1) 1-
#588750 0! 0&
#588875 1(
#589625 0)
#589750 0(
#589875 0" 1$ 1&
#590125 0*
#591125 1*
#591375 1)
#591625 1! 1" 0# 0& 1(
#592375 0)
#592625 1&
#592750 1#
#593000 0+
#594000 1+
#594125 1)
#594375 0" 0% 0& 0(
#595125 0-
#595250 0)
#595375 0! 0#
#595500 1% 1&
#595750 0*
#596750 1*
#597375 1!
#597625 0*
#598625 1*
#599125 0!
#599250 1"
#599500 0*
#600500 1*
#601125 1!
#601375 0*
#602375 1*
#603500 1) 1-
#603875 1# 1(
#604625 0)
#605125 0+
#606125 1+
#606250 1)
#607375 0)
#609125 1)
#609375 0" 0% 0& 0(
#610125 0-
#610250 0)
#610375 0!
#610500 1% 1&
#610750 0*
#611750 1*
#612375 1!
#612625 0*
#613625 1*
#614125 0!
#614250 1"
#614500 0*
#615500 1*
#616125 1!
#616375 0*
#617375 1*
#618500 1) 1-
#618750 0! 0$ 0& 1(
#619625 0)
#619750 0" 0# 0% 0' 0(
#620125 0*
#621125 1*
#621750 1!
#622000 0*
#623000 1*
#623500 0!
#623625 1"
#623875 0*
#624625 1)
#624875 1' 1( 1*
#625000 1# 1%
#625625 0) 00
#625875 0" 0# 0% 0' 0(
#626125 0*
#627125 1*
#627750 1!
#628000 0*
#629000 1*
#629625 0!
#629750 1"
#629875 0*
#630625 1)
#630875 1*
#631000 1! 1# 1$ 1% 1& 1' 1(
#631750 0)
#632625 10
#633500 1)
#633750 0! 0" 0# 0&
#634625 0)
#634750 0% 0' 0(
#634875 1"
#635000 0*
#636125 1*
#636750 1%
#636875 0*
#638000 1*
#638125 1)
#638375 0" 0$
#638500 1# 1' 1(
#639250 0)
#639500 1" 0# 1$ 0% 0' 0(
#639750 0*
#640750 1*
#641000 1)
#641250 0" 1% 1' 1(
#642125 0)
#642250 0% 0' 0(
#642375 1"
#642500 0*
#643625 1*
#644250 1%
#644375 0*
#645500 1*
#645625 1)
#645875 0" 0$
#646000 1# 1' 1(
#646750 0)
#647000 1" 0# 1$ 0% 0' 0(
#647250 0*
#648250 1*
#648500 1)
#648750 1# 0$ 1% 1' 1(
#649625 0)
#649750 0" 0# 0% 0' 0(
#650000 0*
#651125 1*
#651750 1!
#651875 0*
#653000 1*
#653500 0!
#653625 1"
#653750 0*
#654500 1)
#654750 1*
#654875 1# 1% 1' 1(
#655625 0)
#655875 0" 0# 0% 0' 0(
#656125 0*
#657125 1*
#657750 1!
#658000 0*
#659000 1*
#659125 0/
#659625 0! 1"
#659875 0*
#661125 1)
#661375 1*
#661750 0"
#661875 1& 1'
#662625 0)
#662875 0'
#663000 1# 1%
#663125 0+
#664250 1+
#664875 1)
#665125 0# 0& 1' 1(
#665250 1$
#666000 0)
#666125 1/
#666625 0% 0' 0(
#666750 1"
#666875 0*
#667875 1*
#668625 1%
#668750 0*
#669750 1*
#670000 1)
#670250 0" 0$
#670375 1# 1' 1(
#671125 0)
#671250 0(
#671375 1" 0# 1$ 0% 0'
#671625 0*
#672625 1*
#672875 1)
#673125 0" 1% 1' 1(
#673875 0)
#674125 0% 0' 0(
#674250 1"
#674375 0*
#675375 1*
#676125 1%
#676250 0*
#677250 1*
#677500 1)
#677750 0" 0$
#677875 1# 1' 1(
#678625 0)
#678750 0(
#678875 1" 0# 1$ 0% 0'
#679125 0*
#680125 1*
#680375 1)
#680625 1# 0$ 1% 1' 1(
#681375 0)
#681625 0" 0# 0% 0' 0(
#681875 0*
#682875 1*
#683625 1!
#683750 0*
#684750 1*
#685375 0!
#685500 1"
#685625 0*
#686375 1)
#686625 1*
#686750 1# 1% 1' 1(
#687500 0)
#687750 0" 0# 0% 0' 0(
#688000 0*
#689000 1*
#689625 1!
#689875 0*
#690875 1*
#691500 0! 1"
#691750 0*
#692500 1)
#692750 0" 1* 00
#692875 1& 1' 0,
#693625 0)
#693750 0'
#693875 1! 1# 1%
#694125 0+
#695125 1+
#695375 1)
#695500 0!
#695625 0# 1$ 0& 1' 1(
#695750 1,
#696375 0)
#696625 0% 0' 0(
#696750 1"
#696875 0*
#697875 1*
#698625 1%
#698750 0*
#699625 10
#699750 1*
#700000 1)
#700250 0" 0$
#700375 1# 1' 1(
#701125 0)
#701250 0(
#701375 1" 0# 1$ 0% 0'
#701625 0*
#702625 1*
#702875 1)
#703125 0" 1% 1' 1(
#703875 0)
#704125 0% 0' 0(
#704250 1"
#704375 0*
#705375 1*
#706125 1%
#706250 0*
#707250 1*
#707500 1)
#707750 0" 0$
#707875 1# 1' 1(
#708625 0)
#708875 1" 0# 1$ 0% 0' 0(
#709125 0*
#710125 1*
#710375 1)
#710625 1# 0$ 1% 1' 1(
#711375 0)
#711625 0" 0# 0% 0' 0(
#711875 0*
#713000 1*
#713625 1!
#713750 0*
#714875 1*
#715375 0!
#715500 1"
#715625 0*
#716500 1)
#716625 1*
#716750 1# 1% 1' 1(
#717500 0)
#717750 0" 0# 0% 0' 0(
#718000 0*
#719000 1*
#719625 1!
#719875 0*
#720875 1*
#721500 0! 1"
#721750 0*
#722500 1)
#722750 0" 1*
#722875 1& 1'
#723625 0)
#723875 1" 1# 1% 0'
#724125 0+
#725125 1+
#725375 1)
#725625 0" 0# 1$ 0& 1' 1(
#726125 0/
#726500 0)
#726625 0% 0' 0(
#726750 1"
#727000 0*
#728000 1*
#728625 1%
#728875 0*
#729875 1*
#730000 1)
#730250 0" 0$
#730375 1# 1' 1(
#731125 0)
#731375 1" 0# 1$ 0% 0' 0(
#731625 0*
#732625 1*
#732875 1)
#733125 0" 1% 1' 1( 1/
#734000 0)
#734125 0% 0' 0(
#734250 1"
#734500 0*
#735500 1*
#736125 1%
#736375 0*
#737375 1*
#737500 1)
#737750 0" 0$
#737875 1# 1' 1(
#738625 0)
#738875 1" 0# 1$ 0% 0' 0(
#739125 0*
#740125 1*
#740375 1)
#755625 0" 0$
#755750 1& 1' 0,
#756500 0)
#756625 0'
#756750 1! 1" 1# 1%
#757000 0+
#758000 1+
#758250 1)
#759500 1$ 1' 1( 1,
#759750 00
#760250 0)
#762000 1)
#765000 0! 0$ 0&
#765875 0)
#766125 0" 0# 0% 0' 0(
#766375 0*
#766750 10
#767375 1*
#767625 1)
#767875 1! 1" 1# 1$ 1% 1& 1' 1(
#768750 0)
#770375 1)
#771500 0)
#772000 0+
#773000 1+
#773875 0+
#774875 1+
#775750 0+
#776750 1+
#777625 0+
#778625 1+
#779750 1)
#780000 0! 0$ 0&
#780875 0)
#781125 0" 0% 0' 0(
#781375 0*
#782375 1*
#782625 1)
#782875 0# 1& 1'
#783750 0)
#783875 0'
#784000 1$ 1%
#784250 0+
#785250 1+
#785375 1)
#785625 0% 0&
#785750 1! 1# 1'
#786500 0) 0-
#786750 0! 0# 0$ 0' 1(
#787000 0*
#788000 1*
#788625 1!
#788875 0*
#789875 1*
#790500 0! 1"
#790750 0*
#791750 1*
#792375 1!
#792625 0*
#793250 0/
#793625 1*
#794750 1)
#794875 1-
#795000 0!
#795125 1# 1% 1'
#795875 0)
#796125 0" 0# 1$ 0% 0' 0(
#796375 0*
#797375 1*
#797625 1)
#798000 1! 1" 1# 1% 1& 1' 1(
#798750 0)
#800250 1/
#800375 1)
#800750 0" 0% 0& 0(
#801500 0) 0-
#801750 0! 0$ 0' 1(
#802000 0*
#803000 1*
#803625 1!
#803875 0*
#804875 1*
#805500 0!
#805625 1"
#805750 0*
#806750 1*
#807375 1!
#807625 0*
#808625 1*
#809875 1) 1-
#810000 0!
#810125 1% 1'
#810875 0)
#811125 0" 0% 0' 0(
#811250 1$
#811375 0*
#812375 1*
#812625 1)
#813000 1% 1' 1(
#813750 0)
#814000 1! 1" 1&
#814250 0*
#815250 1*
#815500 1)
#815750 0" 0% 0& 0(
#816500 0-
#816625 0)
#816750 0! 0# 0'
#816875 1(
#817000 0*
#818125 1*
#818750 1!
#818875 0*
#820000 1*
#820500 0!
#820625 1"
#820750 0*
#821875 1*
#822500 1!
#822750 0*
#823750 1*
#824875 1) 1-
#825125 0! 0$ 1'
#825250 1# 1%
#826000 0)
#826125 0" 0# 0' 0(
#826500 0*
#826875 00
#827500 1*
#827625 1)
#827875 0%
#828000 1& 1'
#828125 0,
#828750 0)
#829000 1! 1$ 1% 0'
#829250 0+
#830250 1+
#830500 1)
#830750 0% 0& 1'
#830875 1# 1,
#831500 0-
#831625 0)
#831750 0! 0'
#831875 1(
#832125 0*
#833125 1*
#833750 1!
#833875 10
#834000 0*
#835000 1*
#835500 0!
#835625 1"
#835875 0*
#836875 1*
#837500 1!
#837750 0*
#838750 1*
#839875 1) 1-
#840125 0! 0$ 1'
#840250 1%
#841000 0)
#841125 0" 0' 0(
#841500 0*
#842500 1*
#842750 1)
#843000 1! 1" 1$ 1& 1' 1(
#843750 0)
#845500 1)
#845750 0" 0% 0& 0(
#846625 0) 0-
#846750 0!
#846875 0# 0$ 1% 0' 1(
#847125 0*
#848125 1*
#848750 1!
#849000 0*
#850000 1*
#850500 0!
#850625 1"
#850875 0*
#851875 1*
#852500 1!
#852750 0*
#853750 1*
#854875 1) 1-
#855125 0!
#855250 1# 1'
#856000 0)
#856250 0" 0# 1$ 0' 0(
#856500 0*
#857500 1*
#857750 1)
#858000 0$ 0% 1& 1'
#858750 0)
#859000 0'
#859125 1" 1$ 1%
#859375 0+
#860375 1+ 0/
#860500 1)
#860750 0" 0% 0&
#860875 1! 1# 1'
#861625 0) 0-
#861750 0!
#861875 0$ 1% 0' 1(
#862125 0*
#863125 1*
#863750 1!
#864000 0*
#865000 1*
#865500 0!
#865625 1"
#865875 0*
#866875 1*
#867375 1/
#867500 1!
#867750 0*
#868750 1*
#869875 1)
#870000 1-
#870125 0!
#870250 1'
#871000 0)
#871250 0" 1$ 0' 0(
#871500 0*
#872500 1*
#872750 1)
#873000 1! 1' 1(
#873875 0)
#874125 1" 1&
#874375 0+
#875375 1+
#875500 1)
#875750 0&
#875875 0" 0% 0(
#876625 0) 0-
#876875 0! 0# 1% 0' 1(
#877125 0*
#878125 1*
#878750 1!
#879000 0*
#880000 1*
#880625 0! 1"
#880875 0*
#881875 1*
#882500 1!
#882750 0*
#883750 1*
#884875 1)
#885000 1-
#885125 0!
#885250 1# 0$ 1'
#886000 0)
#886250 0" 0# 0% 1& 0' 0(
#886500 0*
#887500 1*
#887750 1)
#888000 1'
#888125 0,
#888875 0)
#889000 0'
#889125 1! 1" 1$ 1%
#889375 0+
#890375 1+
#890500 1)
#890750 0" 0%
#890875 1# 0& 1'
#891000 1,
#891625 0) 0-
#891875 0! 1% 0' 1(
#892125 0*
#893125 1*
#893750 1!
#893875 00
#894000 0*
#895000 1*
#895625 0! 1"
#895875 0*
#896875 1*
#897500 1!
#897750 0*
#898750 1*
#899875 1)
#900000 1-
#900125 0!
#900250 0$ 1'
#900875 10
#901000 0)
#901250 0" 0% 1& 0' 0(
#901500 0*
#902500 1*
#902750 1)
#903125 1! 1" 1$ 1% 1' 1(
#903875 0)
#905500 1)
#905875 0" 0% 0& 0(
#906625 0) 0-
#906875 0! 0# 0$ 1& 0' 1(
#907125 0*
#908125 1*
#908750 1!
#909000 0*
#910000 1*
#910625 0! 1"
#910875 0*
#911875 1*
#912500 1!
#912750 0*
#913750 1*
#915000 1) 1-
#915125 0!
#915250 1# 1% 0& 1'
#916000 0)
#916250 0" 0# 1$ 0% 1& 0' 0(
#916500 0*
#917500 1*
#917750 1)
#918000 0$
#918125 1'
#918875 0)
#919000 0'
#919125 1# 1$ 1%
#919375 0+
#920375 1+
#920500 1)
#920750 0%
#920875 1! 0& 1'
#921625 0) 0-
#921875 0! 0$ 1& 0' 1(
#922125 0*
#923125 1*
#923750 1!
#924000 0*
#925000 1*
#925625 0! 1"
#925875 0*
#926875 1*
#927375 0/
#927500 1!
#927750 0*
#928750 1*
#929875 1)
#930000 1-
#930125 0!
#930250 1% 0& 1'
#931000 0)
#931250 0" 1$ 0% 1& 0' 0(
#931500 0*
#932500 1*
#932750 1)
#933000 0& 1(
#933125 1" 1% 1'
#933875 0)
#934125 1! 1&
#934375 0* 1/
#935375 1*
#935500 1)
#935875 0" 0% 0& 0(
#936625 0) 0-
#936875 0! 0# 1& 0' 1(
#937125 0*
#938125 1*
#938750 1!
#939000 0*
#940000 1*
#940625 0! 1"
#940875 0*
#941875 1*
#942500 1!
#942750 0*
#943750 1*
#944875 1)
#945000 1-
#945125 0!
#945250 1# 0$ 1% 0& 1'
#946000 0)
#946250 0" 0# 1& 0' 0(
#946500 0*
#947500 1*
#947750 1)
#948000 0% 1'
#948125 0,
#948875 0)
#949000 0'
#949125 1! 1# 1$ 1%
#949375 0+
#950375 1+
#950500 1)
#950750 0% 0&
#950875 1'
#951000 1,
#951625 0) 0-
#951875 0! 1& 0' 1(
#952125 0*
#953125 1*
#953750 1!
#954000 0*
#955000 1*
#955625 0! 1"
#955875 0*
#956875 1*
#957500 1!
#957750 0*
#958750 1*
#959875 1)
#960000 1-
#960125 0! 0&
#960250 0$ 1% 1'
#961000 0) 00
#961250 0" 1& 0' 0(
#961500 0*
#962500 1*
#962750 1)
#963000 1! 1' 1(
#963125 1" 1$
#963875 0)
#965500 1)
#965875 0" 0% 0& 0(
#966625 0) 0-
#966875 0! 0# 0$ 1% 1& 0' 1(
#967125 0*
#968000 10
#968125 1*
#968750 1!
#969000 0*
#970000 1*
#970625 0! 1"
#970875 0*
#971875 1*
#972500 1!
#972750 0*
#973750 1*
#974875 1)
#975000 1-
#975125 0! 0&
#975250 1# 1'
#976000 0)
#976250 0" 0# 1$ 1& 0' 0(
#976500 0*
#977500 1*
#977750 1)
#978000 1! 1" 1# 1' 1(
#978875 0)
#980500 1)
#980750 0" 0% 0& 0(
#981625 0) 0-
#981875 0! 0$ 1% 1& 0' 1(
#982125 0*
#983125 1*
#983750 1!
#984000 0*
#985000 1*
#985500 0!
#985625 1"
#985875 0*
#986875 1*
#987500 1!
#987750 0*
#988750 1*
#989875 1) 1-
#990125 0! 0&
#990250 1'
#991000 0)
#991125 0'
#991250 0" 1$ 1& 0(
#991500 0*
#992500 1*
#992750 1)
#993000 1! 1" 0& 1' 1(
#993750 0)
#994000 1&
#994375 0+
#994500 0/
#995375 1+
#995500 1)
#995750 0" 0% 0& 0(
#996625 0) 0-
#996750 0!
#996875 0# 1% 1& 0' 1(
#997125 0*
#998125 1*
#998750 1!
#999000 0*
#1000000 1*
#1000500 0!
#1000625 1"
#1000875 0*
#1001500 1/
#1001875 1*
#1002500 1!
#1002750 0*
#1003750 1*
#1004875 1) 1-
#1005125 0! 0$ 0&
#1005250 1# 1'
#1006000 0)
#1006125 0# 0(
#1006250 0" 0%
#1006500 0*
#1007500 1*
#1007750 1)
#1008000 1&
#1008125 0,
#1008750 0)
#1009000 1# 1% 0'
#1009125 1" 1$
#1009250 0+
#1010250 1+
#1010500 1)
#1010750 1! 0" 0% 0&
#1010875 1' 1,
#1011500 0-
#1011625 0)
#1011750 0! 0'
#1011875 1% 1& 1(
#1012125 0*
#1013125 1*
#1013750 1!
#1014000 0*
#1015000 1*
#1015500 0!
#1015625 1"
#1015875 0*
#1016875 1*
#1017500 1!
#1017750 0*
#1018750 1*
#1019875 1) 1-
#1020125 0! 0$ 0& 1'
#1021000 0)
#1021125 0" 0% 0(
#1021500 0*
#1022500 1*
#1022625 1)
#1023000 1! 1" 1$ 1% 1& 1(
#1023750 0)
#1025500 1)
#1025750 0" 0% 0& 0(
#1026500 0-
#1026625 0)
#1026750 0! 0# 0$
#1026875 1(
#1027125 0*
#1028125 1* 00
#1028750 1!
#1029000 0*
#1030000 1*
#1030500 0!
#1030625 1"
#1030875 0*
#1031875 1*
#1032500 1!
#1032750 0*
#1033750 1*
#1034875 1) 1-
#1035000 10
#1035125 0! 1# 1%
#1036000 0)
#1036125 0" 0# 0% 0(
#1036250 1$
#1036375 0*
#1037500 1*
#1037625 1)
#1038000 1! 1" 1# 1% 1& 1(
#1038750 0)
#1040500 1)
#1040750 0" 0% 0& 0(
#1041500 0-
#1041625 0)
#1041750 0! 0$
#1041875 1(
#1042000 0*
#1043125 1*
#1043750 1!
#1043875 0*
#1045000 1*
#1045500 0!
#1045625 1"
#1045750 0*
#1046875 1*
#1047375 1!
#1047625 0*
#1048750 1*
#1049875 1) 1-
#1050125 0! 1%
#1050875 0)
#1051125 0" 0% 0(
#1051250 1$
#1051375 0*
#1052375 1*
#1052625 1)
#1052875 0# 0$
#1053000 1& 1(
#1053750 0)
#1054000 1! 1" 1# 1$ 1%
#1054250 0*
#1055250 1*
#1055500 1)
#1055750 0" 0% 0& 0(
#1056500 0) 0-
#1056750 0! 0# 1(
#1057000 0*
#1058000 1*
#1058625 1!
#1058875 0*
#1059875 1*
#1060500 0!
#1060625 1"
#1060750 0*
#1061500 0/
#1061750 1*
#1062375 1!
#1062625 0*
#1063625 1*
#1064875 1) 1-
#1065000 0!
#1065125 1# 0$ 1%
#1065875 0)
#1066125 0" 0# 0(
#1066375 0*
#1067375 1*
#1067625 1)
#1067875 0%
#1068000 1&
#1068500 1/
#1068750 0)
#1069000 1! 1" 1# 1$ 1% 0'
#1069250 0+
#1070250 1+
#1070500 1)
#1070750 0" 0% 0& 1'
#1071500 0) 0-
#1071750 0! 1(
#1072000 0*
#1073000 1*
#1073625 1!
#1073875 0*
#1074875 1*
#1075500 0! 1"
#1075750 0*
#1076750 1*
#1077375 1!
#1077625 0*
#1078625 1*
#1079875 1) 1-
#1080000 0!
#1080125 0$ 1%
#1080875 0)
#1081125 0" 0(
#1081375 0*
#1082375 1*
#1082625 1)
#1082875 0# 0%
#1083000 1& 0,
#1083750 0)
#1083875 0&
#1084250 0+
#1085250 1+
#1085500 1)
#1085750 1! 1# 1$
#1085875 1,
#1086500 0) 0-
#1086750 0! 0# 0$ 1(
#1086875 1%
#1087000 0*
#1088000 1*
#1088625 1!
#1088875 0*
#1089875 1*
#1090500 0! 1"
#1090750 0*
#1091750 1*
#1092375 1!
#1092625 0*
#1093625 1*
#1094750 1)
#1094875 1-
#1095000 0!
#1095125 1# 00
#1095875 0)
#1096125 0" 0# 1$ 0(
#1096375 0*
#1097375 1*
#1097625 1)
#1098000 1! 1" 1# 1& 1(
#1098750 0)
#1100375 1)
#1100750 0" 0% 0& 0(
#1101500 0) 0-
#1101750 0! 0$ 1% 1(
#1102000 0*
#1102125 10
#1103000 1*
#1103625 1!
#1103875 0*
#1104875 1*
#1105500 0! 1"
#1105750 0*
#1106750 1*
#1107375 1!
#1107625 0*
#1108625 1*
#1109750 1)
#1109875 1-
#1110000 0!
#1110875 0)
#1111125 0" 1$ 0(
#1111375 0*
#1112375 1*
#1112625 1)
#1112875 1! 0# 0$ 0% 1(
#1113000 1&
#1113750 0)
#1114000 1" 1# 1$ 1%
#1114250 0+
#1115250 1+
#1115375 1)
#1115750 0" 0% 0& 0(
#1116500 0) 0-
#1116750 0! 0# 1% 1(
#1117000 0*
#1118000 1*
#1118625 1!
#1118875 0*
#1119875 1*
#1120500 0! 1"
#1120750 0*
#1121750 1*
#1122375 1!
#1122625 0*
#1123625 1*
#1124750 1)
#1124875 1-
#1125000 0!
#1125125 1# 0$
#1125875 0)
#1126125 0" 0# 0% 1& 0(
#1126375 0*
#1127375 1*
#1127625 1)
#1128625 0/
#1128750 0)
#1128875 0&
#1129000 1!
#1129250 0+
#1130250 1+
#1130375 1)
#1130750 1# 1$
#1131500 0) 0-
#1131750 0! 1(
#1131875 1%
#1132000 0*
#1133000 1*
#1133625 1!
#1133875 0*
#1134875 1*
#1135500 0! 1"
#1135625 1/
#1135750 0*
#1136750 1*
#1137375 1!
#1137625 0*
#1138625 1*
#1139875 1) 1-
#1140000 0!
#1140125 0$
#1140875 0)
#1141125 0" 0% 1& 0(
#1141375 0*
#1142375 1*
#1142625 1)
#1143000 1! 1" 1$ 1% 1(
#1143750 0)
#1145500 1)
#1145750 0" 0% 0& 0(
#1146500 0) 0-
#1146750 0! 0# 0$ 1& 1(
#1147000 0*
#1148000 1*
#1148625 1!
#1148875 0*
#1149875 1*
#1150500 0!
#1150625 1"
#1150750 0*
#1151750 1*
#1152375 1!
#1152625 0*
#1153625 1*
#1154875 1) 1-
#1155000 0!
#1155125 1# 1% 0&
#1155875 0)
#1156125 0" 0# 0% 1& 0(
#1156250 1$
#1156375 0*
#1157375 1*
#1157625 1)
#1157875 0$
#1158000 0,
#1158750 0)
#1159000 1" 0&
#1159250 0+
#1160250 1+
#1160500 1)
#1160750 1! 0" 1# 1$
#1160875 1,
#1161500 0) 0-
#1161750 0! 0$ 1(
#1161875 1&
#1162000 0*
#1162250 00
#1163000 1*
#1163625 1!
#1163875 0*
#1164875 1*
#1165500 0!
#1165625 1"
#1165750 0*
#1166750 1*
#1167375 1!
#1167625 0*
#1168750 1*
#1169250 10
#1169875 1) 1-
#1170125 0! 1% 0&
#1170875 0)
#1171125 0" 0% 0(
#1171250 1$ 1&
#1171375 0*
#1172500 1*
#1172625 1)
#1172875 0# 0$
#1173000 1" 1(
#1173750 0)
#1174000 1! 1# 1$ 1%
#1174250 0*
#1175250 1*
#1175500 1)
#1175750 0" 0% 0& 0(
#1176500 0-
#1176625 0)
#1176750 0! 0#
#1176875 1& 1(
#1177000 0*
#1178125 1*
#1178750 1!
#1178875 0*
#1180000 1*
#1180500 0!
#1180625 1"
#1180750 0*
#1181875 1*
#1182500 1!
#1182750 0*
#1183750 1*
#1184875 1) 1-
#1185125 0! 1# 0$ 1% 0&
#1186000 0)
#1186125 0" 0# 0(
#1186250 1&
#1186500 0*
#1187500 1*
#1187625 1)
#1187875 0%
#1188750 0)
#1189000 1! 1" 0&
#1189250 0+
#1190250 1+
#1190500 1)
#1190750 0"
#1190875 1# 1$
#1191500 0-
#1191625 0)
#1191750 0!
#1191875 1& 1(
#1192125 0*
#1193125 1*
#1193750 1!
#1194000 0*
#1195000 1*
#1195500 0!
#1195625 1"
#1195750 0/
#1195875 0*
#1196875 1*
#1197500 1!
#1197750 0*
#1198750 1*
#1199875 1) 1-
#1200125 0! 0$ 0&
#1200250 1%
#1201000 0)
#1201125 0" 0(
#1201250 1&
#1201500 0*
#1202500 1*
#1202625 1)
#1202750 1/
#1203000 1! 1" 1$ 1(
#1203750 0)
#1205500 1)
#1205750 0" 0% 0& 0(
#1206500 0-
#1206625 0)
#1206750 0! 0# 0$
#1206875 1% 1& 1(
#1207125 0*
#1208125 1*
#1208750 1!
#1209000 0*
#1210000 1*
#1210500 0!
#1210625 1"
#1210875 0*
#1211875 1*
#1212500 1!
#1212750 0*
#1213750 1*
#1214875 1) 1-
#1215125 0! 0&
#1215250 1#
#1216000 0)
#1216125 0#
#1216250 0" 1$ 1& 0(
#1216500 0*
#1217500 1*
#1217750 1)
#1218000 0$ 0%
#1218125 0,
#1218750 0)
#1219000 0&
#1219125 1#
#1219250 0+
#1220375 1+
#1220500 1)
#1220875 1! 1$ 1,
#1221625 0) 0-
#1221750 0!
#1221875 0$ 1% 1& 1(
#1222125 0*
#1223125 1*
#1223750 1!
#1224000 0*
#1225000 1*
#1225500 0!
#1225625 1"
#1225875 0*
#1226875 1*
#1227500 1!
#1227750 0*
#1228750 1*
#1229375 00
#1229875 1)
#1230000 1-
#1230125 0! 0&
#1231000 0)
#1231250 0" 1$ 1& 0(
#1231500 0*
#1232500 1*
#1232750 1)
#1233000 1! 1" 0# 0$ 0% 1(
#1233875 0)
#1234125 1# 1$ 1%
#1234375 0+
#1235375 1+
#1235500 1)
#1235750 0%
#1235875 0" 0& 0(
#1236250 10
#1236625 0) 0-
#1236875 0! 0# 1% 1& 1(
#1237125 0*
#1238125 1*
#1238750 1!
#1239000 0*
#1240000 1*
#1240625 0! 1"
#1240875 0*
#1241875 1*
#1242500 1!
#1242750 0*
#1243750 1*
#1244875 1)
#1245000 1-
#1245250 1#
#1246000 0)
#1246500 0+
#1247500 1+
#1247750 1)
#1248875 0)
#1250500 1)
#1250875 0" 0% 0& 0(
#1251625 0) 0-
#1251875 0! 1% 1& 1(
#1252125 0*
#1253125 1*
#1253750 1!
#1254000 0*
#1255000 1*
#1255625 0!
#1255750 1"
#1255875 0*
#1256875 1*
#1257500 1!
#1257750 0*
#1258750 1*
#1260000 1) 1-
#1260250 0! 0$ 0&
#1261000 0)
#1261250 0" 0# 0% 0' 0(
#1261500 0*
#1262500 1*
#1262750 0/
#1263250 1!
#1263375 0*
#1264375 1*
#1265000 0!
#1265125 1"
#1265250 0*
#1266125 1)
#1266250 1*
#1266375 1# 1% 1' 1(
#1267125 0)
#1267375 0" 0# 0% 0' 0(
#1267625 0*
#1268625 1*
#1269250 1!
#1269500 0*
#1269750 1/
#1270500 1*
#1271125 0! 1"
#1271375 0*
#1272125 1)
#1272375 0" 1*
#1272500 1& 1' 0,
#1273250 0)
#1273500 1! 1# 0&
#1273750 0+
#1274750 1+
#1275000 1)
#1275250 0! 0# 1% 1(
#1275375 1$ 1,
#1276125 0)
#1276250 0% 0' 0(
#1276375 1! 1"
#1276625 0*
#1277625 1*
#1278250 1%
#1278500 0*
#1279500 1*
#1279625 1)
#1279875 0! 0" 0$
#1280000 1# 1' 1(
#1280750 0)
#1281000 1! 1" 0# 1$ 0% 0' 0(
#1281250 0*
#1282250 1*
#1282500 1)
#1282750 0! 0" 1% 1' 1(
#1283625 0)
#1283750 0% 0' 0(
#1283875 1! 1"
#1284125 0*
#1285125 1*
#1285750 1%
#1286000 0*
#1287000 1*
#1287125 1)
#1287375 0! 0" 0$
#1287500 1# 1' 1(
#1288250 0)
#1288500 1! 1" 0# 1$ 0% 0' 0(
#1288750 0*
#1289750 1*
#1290000 1)
#1290250 0! 0$ 1' 1(
#1290375 1# 1%
#1291125 0)
#1291250 0" 0# 0% 0' 0(
#1291625 0*
#1292625 1*
#1293250 1!
#1293500 0*
#1294500 1*
#1295000 0!
#1295125 1"
#1295375 0*
#1296125 1)
#1296375 1( 1* 00
#1296500 1# 1% 1'
#1297250 0)
#1297375 0" 0# 0% 0' 0(
#1297625 0*
#1298750 1*
#1299375 1!
#1299500 0*
#1300625 1*
#1301125 0!
#1301250 1"
#1301375 0*
#1302625 1)
#1302875 1*
#1303375 0" 10
#1303500 1& 1' 0,
#1304250 0)
#1304375 0&
#1304500 1" 1#
#1304750 0+
#1305750 1+
#1306375 1)
#1306625 0" 0#
#1306750 1$ 1% 1(
#1306875 1,
#1307500 0)
#1308125 0% 0(
#1308250 1! 1" 0'
#1308500 0*
#1309500 1*
#1310125 1%
#1310375 0*
#1311375 1*
#1311625 1)
#1311750 0!
#1311875 0" 1# 0$ 1' 1(
#1312625 0)
#1312875 1! 0# 0% 0' 0(
#1313000 1" 1$
#1313125 0*
#1314125 1*
#1314375 1)
#1314625 0! 0"
#1314750 1% 1' 1(
#1315500 0)
#1315625 0' 0(
#1315750 1! 1" 0%
#1316000 0*
#1317000 1*
#1317625 1%
#1317875 0*
#1318875 1*
#1319125 1)
#1319375 0! 0" 1# 0$ 1' 1(
#1320125 0)
#1320375 1! 0# 0% 0' 0(
#1320500 1" 1$
#1320625 0*
#1321625 1*
#1321875 1)
#1322125 0! 0$
#1322250 1# 1% 1' 1(
#1323000 0)
#1323125 0(
#1323250 0" 0# 0% 0'
#1323500 0*
#1324500 1*
#1325125 1!
#1325375 0*
#1326375 1*
#1326875 0!
#1327000 1"
#1327250 0*
#1328000 1)
#1328250 1*
#1328375 1# 1% 1' 1(
#1329125 0)
#1329250 0# 0% 0' 0(
#1329375 0"
#1329625 0*
#1329875 0/
#1330625 1*
#1331250 1!
#1331500 0*
#1332500 1*
#1333000 0!
#1333125 1"
#1333375 0*
#1334125 1)
#1334375 0" 1& 1' 1*
#1335250 0)
#1335375 0&
#1335500 1! 1" 1#
#1335750 0+
#1336750 1+
#1336875 1) 1/
#1337125 0! 0" 0#
#1337250 1$ 1% 1(
#1338000 0)
#1338125 0(
#1338250 1! 1" 0% 0'
#1338500 0*
#1339500 1*
#1340125 1%
#1340375 0*
#1341375 1*
#1341625 1)
#1341875 0! 0" 0$ 1' 1(
#1342000 1#
#1342750 0)
#1342875 0# 0% 0' 0(
#1343000 1! 1" 1$
#1343125 0*
#1344250 1*
#1344375 1)
#1344625 0! 0"
#1344750 1% 1' 1(
#1345500 0)
#1345750 1! 1" 0% 0' 0(
#1346000 0*
#1347000 1*
#1347625 1%
#1347875 0*
#1348875 1*
#1349125 1)
#1349375 0! 0" 0$ 1' 1(
#1349500 1#
#1350250 0)
#1350375 0# 0% 0' 0(
#1350500 1! 1" 1$
#1350625 0*
#1351750 1*
#1351875 1)
#1352125 0! 0$
#1352250 1# 1% 1' 1(
#1353000 0)
#1353250 0" 0# 0% 0' 0(
#1353500 0*
#1354500 1*
#1355125 1!
#1355375 0*
#1356375 1*
#1357000 0! 1"
#1357250 0*
#1358000 1)
#1358250 1*
#1358375 1# 1% 1' 1(
#1359125 0)
#1359250 0# 0' 0(
#1359375 0" 0%
#1359625 0*
#1360625 1*
#1361250 1!
#1361500 0*
#1362500 1*
#1363000 0!
#1363125 1"
#1363375 0*
#1363500 00
#1364125 1)
#1364375 0" 1' 1*
#1364500 1& 0,
#1365250 0)
#1365375 0&
#1365500 1$
#1365750 0+
#1366750 1+
#1366875 1)
#1367250 1% 1( 1,
#1368000 0)
#1368250 1! 1" 0% 0' 0(
#1368500 0*
#1369500 1*
#1370125 1%
#1370375 0*
#1370500 10
#1371375 1*
#1371625 1)
#1371875 0! 0" 0$ 1' 1(
#1372000 1#
#1372750 0)
#1372875 0# 0% 0' 0(
#1373000 1! 1" 1$
#1373125 0*
#1374250 1*
#1374375 1)
#1374625 0! 0"
#1374750 1% 1' 1(
#1375500 0)
#1375750 1! 1" 0% 0' 0(
#1376000 0*
#1377000 1*
#1377625 1%
#1377875 0*
#1378875 1*
#1379125 1)
#1379375 0! 0" 0$ 1' 1(
#1379500 1#
#1380250 0)
#1380375 0# 0% 0' 0(
#1380500 1! 1" 1$
#1380625 0*
#1381750 1*
#1381875 1)
#1397000 0/
#1397125 0! 0" 0$
#1397250 1& 1'
#1398000 0)
#1398125 0&
#1398250 1! 1$
#1398500 0+
#1399500 1+
#1399750 1)
#1401000 1" 1# 1% 1& 1(
#1401750 0)
#1403500 1)
#1404000 1/
#1406500 0! 0$ 0&
#1407375 0)
#1407500 0(
#1407625 0" 0# 0% 0'
#1407875 0*
#1408875 1*
#1409125 1)
#1409375 1! 1" 1# 1$ 1% 1& 1' 1(
#1410125 0)
#1411875 1)
#1413000 0)
#1413500 0+
#1414500 1+
#1415375 0+
#1416375 1+
#1417250 0+
#1418250 1+
#1419125 0+
#1420125 1+
#1421250 1)
#1421500 0! 0$ 0&
#1422375 0)
#1422500 0" 0% 0' 0(
#1422875 0*
#1423875 1*
#1424000 1)
#1424250 0#
#1424375 1& 1'
#1424500 0,
#1425125 0)
#1425375 0&
#1425500 1" 1$
#1425625 0+
#1426625 1+
#1426875 1)
#1427250 1# 1,
#1428000 0) 0-
#1428125 0" 0# 0$ 0'
#1428500 0*
#1429500 1*
#1430125 1!
#1430375 0*
#1430500 00
#1431375 1*
#1431875 0!
#1432000 1"
#1432250 0*
#1433250 1*
#1433875 1!
#1434125 0*
#1435125 1*
#1436250 1) 1-
#1436500 0! 1' 1(
#1436625 1# 1%
#1437375 0)
#1437500 0" 0# 0% 0' 0( 10
#1437625 1$
#1437875 0*
#1438875 1*
#1439000 1)
#1439375 1! 1" 1# 1% 1& 1' 1(
#1440125 0)
#1441875 1)
#1442125 0! 0% 0& 0(
#1442875 0-
#1443000 0)
#1443125 0" 0$ 0'
#1443500 0*
#1444500 1*
#1445125 1!
#1445375 0*
#1446375 1*
#1446875 0!
#1447000 1"
#1447125 0*
#1448250 1*
#1448875 1!
#1449000 0*
#1450125 1*
#1451250 1) 1-
#1451500 0! 1% 1' 1(
#1452375 0)
#1452500 0" 0% 0' 0(
#1452625 1$
#1452750 0*
#1453875 1*
#1454000 1)
#1454250 0$
#1454375 1& 1' 1(
#1455125 0)
#1455375 1! 1" 1$ 1%
#1455625 0*
#1456625 1*
#1456875 1)
#1457125 0! 0% 0& 0(
#1457875 0) 0-
#1458125 0" 0# 0'
#1458375 0*
#1459375 1*
#1460125 1!
#1460250 0*
#1461250 1*
#1461875 0!
#1462000 1"
#1462125 0*
#1463125 1*
#1463750 1!
#1464000 0* 0/
#1465000 1*
#1466250 1) 1-
#1466375 0!
#1466500 1# 0$ 1% 1' 1(
#1467250 0)
#1467500 0" 0# 0' 0(
#1467750 0*
#1468750 1*
#1469000 1)
#1469250 0%
#1469375 1& 1'
#1470125 0)
#1470250 0&
#1470375 1! 1" 1$
#1470625 0+
#1471000 1/
#1471625 1+
#1471875 1)
#1472000 0!
#1472125 1#
#1472875 0) 0-
#1473125 0" 0'
#1473375 0*
#1474375 1*
#1475000 1!
#1475250 0*
#1476250 1*
#1476875 0! 1"
#1477125 0*
#1478125 1*
#1478750 1!
#1479000 0*
#1480000 1*
#1481250 1) 1-
#1481375 0!
#1481500 0$ 1% 1' 1(
#1482250 0)
#1482500 0" 0' 0(
#1482750 0*
#1483750 1*
#1484000 1)
#1484250 0# 0% 1'
#1484375 1& 0,
#1485125 0)
#1485250 0&
#1485375 1# 1$
#1485625 0+
#1486625 1+
#1486750 1)
#1487125 1"
#1487250 1,
#1487875 0) 0-
#1488125 0" 0# 0$ 1% 0'
#1488375 0*
#1489375 1*
#1490000 1!
#1490250 0*
#1491250 1*
#1491875 0! 1"
#1492125 0*
#1493125 1*
#1493750 1!
#1494000 0*
#1495000 1*
#1496125 1)
#1496250 1-
#1496375 0!
#1496500 1# 1' 1(
#1497250 0)
#1497500 0" 0# 1$ 0' 0(
#1497625 00
#1497750 0*
#1498750 1*
#1499000 1)
#1499250 1' 1(
#1499375 1! 1" 1# 1&
#1500125 0)
#1501750 1)
#1502000 0! 0&
#1502125 0% 0(
#1502875 0) 0-
#1503125 0" 0$ 1% 0'
#1503375 0*
#1504375 1*
#1504625 10
#1505000 1!
#1505250 0*
#1506250 1*
#1506875 0! 1"
#1507125 0*
#1508125 1*
#1508750 1!
#1509000 0*
#1510000 1*
#1511125 1)
#1511250 1-
#1511375 0!
#1511500 1' 1(
#1512250 0)
#1512500 0" 1$ 0' 0(
#1512750 0*
#1513750 1*
#1514000 1)
#1514250 1! 0$ 0% 1& 1' 1(
#1515125 0)
#1515375 1" 1$ 1%
#1515625 0+
#1516625 1+
#1516750 1)
#1517000 0! 0% 0& 0(
#1517875 0) 0-
#1518125 0" 0# 1% 0'
#1518375 0*
#1519375 1*
#1520000 1!
#1520250 0*
#1521250 1*
#1521750 0!
#1521875 1"
#1522125 0*
#1523125 1*
#1523750 1!
#1524000 0*
#1525000 1*
#1526125 1)
#1526250 1-
#1526375 0! 0$
#1526500 1# 1' 1(
#1527250 0)
#1527500 0" 0# 0% 1& 0' 0(
#1527750 0*
#1528750 1*
#1529000 1)
#1529250 1'
#1530125 0)
#1530250 0&
#1530375 1! 1# 1$
#1530625 0+
#1531125 0/
#1531625 1+
#1531750 1)
#1532000 0!
#1532125 1"
#1532875 0) 0-
#1533125 0" 1% 0'
#1533375 0*
#1534375 1*
#1535000 1!
#1535250 0*
#1536250 1*
#1536750 0!
#1536875 1"
#1537125 0*
#1538125 1* 1/
#1538750 1!
#1539000 0*
#1540000 1*
#1541125 1)
#1541250 1-
#1541375 0! 0$
#1541500 1' 1(
#1542250 0)
#1542375 0(
#1542500 0" 0% 1& 0'
#1542750 0*
#1543750 1*
#1544000 1)
#1544250 1! 1" 1$ 1% 1' 1(
#1545125 0)
#1546750 1)
#1547000 0! 0% 0& 0(
#1547875 0) 0-
#1548125 0" 0# 0$ 1& 0'
#1548375 0*
#1549375 1*
#1550000 1!
#1550250 0*
#1551250 1*
#1551750 0!
#1551875 1"
#1552125 0*
#1553125 1*
#1553750 1!
#1554000 0*
#1555000 1*
#1556125 1)
#1556250 1-
#1556375 0! 0&
#1556500 1# 1% 1' 1(
#1557250 0)
#1557500 0" 0# 1$ 0% 1& 0' 0(
#1557750 0*
#1558750 1*
#1559000 1)
#1559250 0$ 1'
#1559375 0,
#1560000 0)
#1560250 0&
#1560375 1" 1# 1$
#1560625 0+
#1561625 1+
#1561750 1)
#1562125 1,
#1562875 0) 0-
#1563125 0" 0$ 1& 0'
#1563375 0*
#1564375 1*
#1564750 00
#1565000 1!
#1565250 0*
#1566250 1*
#1566750 0!
#1566875 1"
#1567125 0*
#1568125 1*
#1568750 1!
#1569000 0*
#1570000 1*
#1571125 1)
#1571250 1-
#1571375 0! 0&
#1571500 1% 1' 1(
#1571625 10
#1572250 0)
#1572500 0" 1$ 0% 1& 0' 0(
#1572750 0*
#1573750 1*
#1574000 1)
#1574250 1" 0$ 1' 1(
#1575125 0)
#1575375 1! 1$ 1%
#1575625 0*
#1576625 1*
#1576750 1)
#1577000 0! 0% 0& 0(
#1577875 0) 0-
#1578125 0" 0# 1& 0'
#1578375 0*
#1579375 1*
#1580000 1!
#1580250 0*
#1581250 1*
#1581875 0! 1"
#1582125 0*
#1583125 1*
#1583750 1!
#1584000 0*
#1585000 1*
#1586125 1)
#1586250 1-
#1586375 0! 0$ 0&
#1586500 1# 1% 1' 1(
#1587250 0)
#1587500 0" 0# 1& 0' 0(
#1587750 0*
#1588750 1*
#1589000 1)
#1589250 0% 1'
#1590125 0)
#1590250 0&
#1590375 1! 1" 1# 1$
#1590625 0+
#1591625 1+
#1591750 1)
#1592000 0!
#1592875 0) 0-
#1593125 0" 1& 0'
#1593375 0*
#1594375 1*
#1595000 1!
#1595250 0*
#1596250 1*
#1596875 0! 1"
#1597125 0*
#1598125 1* 0/
#1598750 1!
#1599000 0*
#1600000 1*
#1601125 1)
#1601250 1-
#1601375 0!
#1601500 0$ 1% 0& 1' 1(
#1602250 0)
#1602500 0" 1& 0' 0(
#1602750 0*
#1603750 1*
#1604000 1)
#1604250 1(
#1604375 1! 1" 1$ 1'
#1605125 0) 1/
#1606750 1)
#1607125 0! 0% 0& 0(
#1607875 0) 0-
#1608125 0" 0# 0$ 1% 1& 0'
#1608375 0*
#1609375 1*
#1610000 1!
#1610250 0*
#1611250 1*
#1611875 0! 1"
#1612125 0*
#1613125 1*
#1613750 1!
#1614000 0*
#1615000 1*
#1616250 1) 1-
#1616375 0!
#1616500 1# 0& 1' 1(
#1617250 0)
#1617500 0" 0# 1& 0' 0(
#1617625 1$
#1617750 0*
#1618750 1*
#1619000 1)
#1619250 0$ 0%
#1619375 1' 0,
#1620125 0)
#1620375 1% 0&
#1620625 0+
#1621625 1+
#1621875 1)
#1622125 1" 1# 1$ 0%
#1622250 1,
#1622875 0) 0-
#1623125 0" 0$ 0'
#1623250 1% 1&
#1623375 0*
#1624375 1*
#1625125 1!
#1625250 0*
#1626250 1*
#1626875 0!
#1627000 1"
#1627125 0*
#1628250 1*
#1628750 1!
#1629000 0*
#1630125 1*
#1631250 1) 1-
#1631500 0! 0& 1' 1(
#1631750 00
#1632375 0)
#1632500 0" 0' 0(
#1632625 1$ 1&
#1632750 0*
#1633875 1*
#1634000 1)
#1634250 0$ 0%
#1634375 1! 1" 1' 1(
#1635125 0)
#1635375 1$ 1%
#1635625 0+
#1636625 1+
#1636875 1)
#1637125 0! 0% 0& 0(
#1637875 0-
#1638000 0)
#1638125 0" 0# 0'
#1638250 1% 1&
#1638375 0*
#1638750 10
#1639500 1*
#1640125 1!
#1640375 0*
#1641375 1*
#1641875 0!
#1642000 1"
#1642250 0*
#1643250 1*
#1643875 1!
#1644125 0*
#1645125 1*
#1646250 1) 1-
#1646500 0! 0$ 0& 1' 1(
#1646625 1#
#1647375 0)
#1647500 0" 0# 0% 0(
#1647875 0*
#1648875 1*
#1649000 1)
#1649375 1! 1" 1# 1$ 1% 1& 1(
#1650125 0)
#1651875 1)
#1652125 0! 0% 0& 0(
#1652875 0-
#1653000 0)
#1653125 0" 0'
#1653250 1% 1&
#1653500 0*
#1654500 1*
#1655125 1!
#1655375 0*
#1656375 1*
#1656875 0!
#1657000 1"
#1657250 0*
#1658250 1*
#1658875 1!
#1659125 0*
#1660125 1*
#1661250 1) 1-
#1661500 0! 0$ 0& 1(
#1661625 1'
#1662375 0)
#1662500 0(
#1662625 0" 0%
#1662875 0*
#1663875 1*
#1664125 1)
#1664250 0#
#1664375 1&
#1665125 0)
#1665250 0/
#1665375 0&
#1665500 1! 1%
#1665750 0+
#1666750 1+
#1666875 1)
#1667125 0! 0%
#1667250 1" 1# 1$
#1668000 0) 0-
#1668125 0" 0# 0$
#1668500 0*
#1669500 1*
#1670125 1!
#1670375 0*
#1671375 1*
#1671875 0!
#1672000 1"
#1672250 0* 1/
#1673250 1*
#1673875 1!
#1674125 0*
#1675125 1*
#1676250 1)
#1676375 1-
#1676500 0!
#1676625 1# 1% 1(
#1677375 0)
#1677625 0" 0# 1$ 0% 0(
#1677875 0*
#1678875 1*
#1679125 1)
#1679375 1! 1(
#1679500 1" 1# 1% 1&
#1680250 0)
#1681875 1)
#1682125 0! 0% 0& 0(
#1683000 0) 0-
#1683250 0" 0$
#1683500 0*
#1684500 1*
#1685125 1!
#1685375 0*
#1686375 1*
#1687000 0! 1"
#1687250 0*
#1688250 1*
#1688875 1!
#1689125 0*
#1690125 1*
#1691250 1)
#1691375 1-
#1691500 0!
#1691625 1% 1(
#1692375 0)
#1692625 0" 1$ 0% 0(
#1692875 0*
#1693875 1*
#1694125 1)
#1694375 0# 1(
#1694500 1&
#1695250 0)
#1695500 1! 1" 1# 1%
#1695750 0*
#1696750 1*
#1696875 1)
#1697250 0! 0% 0& 0(
#1698000 0) 0-
#1698250 0" 0#
#1698500 0*
#1698875 00
#1699500 1*
#1700125 1!
#1700375 0*
#1701375 1*
#1702000 0!
#1702125 1"
#1702250 0*
#1703250 1*
#1703875 1!
#1704125 0*
#1705125 1*
#1705875 10
#1706375 1) 1-
#1706500 0!
#1706625 1# 0$ 1% 1(
#1707375 0)
#1707625 0" 0# 0(
#1707875 0*
#1708875 1*
#1709125 1)
#1709375 0%
#1709500 1& 0,
#1710250 0)
#1710500 1" 1% 0&
#1710750 0+
#1711750 1+
#1712000 1)
#1712250 1# 1$ 0%
#1712375 1,
#1713000 0) 0-
#1713250 0"
#1713500 0*
#1714625 1*
#1715250 1!
#1715375 0*
#1716500 1*
#1717000 0!
#1717125 1"
#1717250 0*
#1718375 1*
#1719000 1!
#1719125 0*
#1720250 1*
#1721375 1) 1-
#1721625 0! 0$ 1% 1(
#1722500 0)
#1722625 0" 0(
#1723000 0*
#1724000 1*
#1724125 1)
#1724375 0# 0%
#1724500 1&
#1725250 0)
#1725500 1! 1" 1% 0&
#1725750 0+
#1726750 1+
#1727000 1)
#1727250 0! 1# 1$ 0%
#1728000 0-
#1728125 0)
#1728250 0" 0# 0$
#1728375 1%
#1728625 0*
#1729625 1*
#1730250 1!
#1730500 0*
#1731500 1*
#1732000 0!
#1732125 1"
#1732375 0* 0/
#1733375 1*
#1734000 1!
#1734250 0*
#1735250 1*
#1736375 1) 1-
#1736625 0! 1(
#1736750 1#
#1737500 0)
#1737625 0" 0# 0(
#1737750 1$
#1738000 0*
#1739000 1*
#1739125 1)
#1739375 1/
#1739500 1! 1" 1# 1& 1(
#1740250 0)
#1742000 1)
#1742250 0! 0% 0& 0(
#1743000 0-
#1743125 0)
#1743250 0" 0$
#1743375 1%
#1743625 0*
#1744625 1*
#1745250 1!
#1745500 0*
#1746500 1*
#1747000 0!
#1747125 1"
#1747375 0*
#1748375 1*
#1749000 1!
#1749250 0*
#1750250 1*
#1751375 1) 1-
#1751625 0! 1(
#1752500 0)
#1752625 0" 0(
#1752750 1$
#1753000 0*
#1754000 1*
#1754250 1)
#1754500 1! 0# 0% 1& 1(
#1755250 0)
#1755500 1%
#1755625 1" 1#
#1755750 0+
#1756750 1+
#1757000 1)
#1757250 0! 0% 0& 0(
#1758000 0-
#1758125 0)
#1758250 0" 0#
#1758375 1%
#1758625 0*
#1759625 1*
#1760250 1!
#1760500 0*
#1761500 1*
#1762000 0!
#1762125 1"
#1762375 0*
#1763375 1*
#1764000 1!
#1764250 0*
#1765250 1*
#1766000 00
#1766375 1) 1-
#1766625 0! 0$
#1766750 1# 1(
#1767500 0)
#1767625 0# 0(
#1767750 0" 0% 1&
#1768000 0*
#1769000 1*
#1769250 1)
#1769625 0,
#1770250 0)
#1770500 0&
#1770625 1# 1%
#1770750 0+
#1771875 1+
#1772000 1)
#1772250 0%
#1772375 1" 1$ 1,
#1772875 10
#1773125 0) 0-
#1773250 0"
#1773375 1%
#1773625 0*
#1774625 1*
#1775250 1!
#1775500 0*
#1776500 1*
#1777000 0!
#1777125 1"
#1777375 0*
#1778375 1*
#1779000 1!
#1779250 0*
#1780250 1*
#1781375 1) 1-
#1781625 0! 0$
#1781750 1(
#1782500 0)
#1782625 0(
#1782750 0" 0% 1&
#1783000 0*
#1784000 1*
#1784250 1)
#1784500 1! 1" 1$ 1% 1(
#1785250 0)
#1787000 1)
#1787250 0! 0% 0& 0(
#1788125 0) 0-
#1788250 0"
#1788375 0# 0$ 1&
#1788625 0*
#1789625 1*
#1790250 1!
#1790500 0*
#1791500 1*
#1792000 0!
#1792125 1"
#1792375 0*
#1793375 1*
#1794000 1!
#1794250 0*
#1795250 1*
#1796375 1) 1-
#1796625 0! 0&
#1796750 1# 1% 1(
#1797500 0)
#1797625 0# 0(
#1797750 0" 1$ 0% 1&
#1798000 0*
#1799000 1*
#1799250 1)
#1799375 0/
#1799500 0$
#1800250 0)
#1800500 0&
#1800625 1! 1# 1%
#1800750 0+
#1801875 1+
#1802000 1)
#1802250 0! 0%
#1802375 1" 1$
#1803125 0) 0-
#1803250 0" 0$
#1803375 1&
#1803625 0*
#1804625 1*
#1805250 1!
#1805500 0*
#1806375 1/
#1806500 1*
#1807000 0!
#1807125 1"
#1807375 0*
#1808375 1*
#1809000 1!
#1809250 0*
#1810250 1*
#1811375 1) 1-
#1811625 0! 0& 1(
#1811750 1%
#1812500 0)
#1812625 0% 0(
#1812750 0" 1$ 1&
#1813000 0*
#1814000 1*
#1814250 1)
#1814375 0#
#1814500 1" 1(
#1815250 0)
#1815500 1!
#1815625 1# 1%
#1815750 0*
#1816750 1*
#1817000 1)
#1817250 0! 0% 0& 0(
#1818000 0-
#1818125 0)
#1818250 0" 0#
#1818375 1&
#1818625 0*
#1819625 1*
#1820250 1!
#1820500 0*
#1821500 1*
#1822000 0!
#1822125 1"
#1822375 0*
#1823375 1*
#1824000 1!
#1824250 0*
#1825250 1*
#1826375 1) 1-
#1826625 0! 0$ 0& 1(
#1826750 1# 1%
#1827500 0)
#1827625 0" 0# 0(
#1827750 1&
#1828000 0*
#1829000 1*
#1829125 1)
#1829375 0%
#1829625 0,
#1830250 0)
#1830500 1" 1# 1% 0&
#1830750 0+
#1831750 1+
#1832000 1)
#1832250 0%
#1832375 1$ 1,
#1833000 0- 00
#1833125 0)
#1833250 0"
#1833375 1&
#1833625 0*
#1834625 1*
#1835250 1!
#1835500 0*
#1836500 1*
#1837000 0!
#1837125 1"
#1837375 0*
#1838375 1*
#1839000 1!
#1839250 0*
#1840000 10
#1840250 1*
#1841375 1) 1-
#1841625 0! 0$ 1% 0& 1(
#1842500 0)
#1842625 0" 0(
#1842750 1&
#1843000 0*
#1844000 1*
#1844125 1)
#1844500 1! 1" 1$ 1(
#1845250 0)
#1847000 1)
#1847250 0! 0% 0& 0(
#1848000 0-
#1848125 0)
#1848250 0" 0# 0$
#1848375 1% 1&
#1848500 0*
#1849625 1*
#1850250 1!
#1850375 0*
#1851500 1*
#1852000 0!
#1852125 1"
#1852250 0*
#1853375 1*
#1854000 1!
#1854125 0*
#1855250 1*
#1856375 1) 1-
#1856625 0! 1# 0& 1(
#1857500 0)
#1857625 0" 0# 0(
#1857750 1$ 1&
#1857875 0*
#1858875 1*
#1859125 1)
#1859375 0$ 0%
#1860250 0)
#1860500 1! 1" 1# 1% 0&
#1860750 0+
#1861750 1+
#1862000 1)
#1862125 0!
#1862250 1$ 0%
#1863000 0) 0-
#1863250 0" 0$
#1863375 1% 1&
#1863500 0*
#1864500 1*
#1865125 1!
#1865375 0*
#1866375 1*
#1866500 0/
#1867000 0!
#1867125 1"
#1867250 0*
#1868250 1*
#1868875 1!
#1869125 0*
#1870125 1*
#1871375 1) 1-
#1871500 0!
#1871625 0& 1(
#1872375 0)
#1872625 0" 1& 0(
#1872750 1$
#1872875 0*
#1873500 1/
#1873875 1*
#1874125 1)
#1874375 0# 0% 1(
#1874500 1! 1"
#1875250 0)
#1875500 1# 1%
#1875750 0+
#1876750 1+
#1876875 1)
#1877250 0! 0% 0& 0(
#1878000 0) 0-
#1878250 0" 0# 1% 1&
#1878500 0*
#1879500 1*
#1880125 1!
#1880375 0*
#1881375 1*
#1882000 0! 1"
#1882250 0*
#1883250 1*
#1883875 1!
#1884125 0*
#1885125 1*
#1886250 1)
#1886375 1-
#1886625 1# 1(
#1887375 0)
#1887875 0+
#1888875 1+
#1889125 1)
#1889375 0! 0" 0# 0$ 0% 0(
#1889500 0,
#1890250 0)
#1890375 0&
#1890500 1$ 1%
#1890750 0+
#1891750 1+
#1891875 1)
#1892125 0%
#1892250 1" 1#
#1892375 1,
#1893000 0) 0-
#1893250 0" 1% 1&
#1893500 0*
#1894500 1*
#1895125 1!
#1895375 0*
#1896375 1*
#1897000 0! 1"
#1897250 0*
#1898250 1*
#1898875 1!
#1899125 0*
#1900125 1* 00
#1901250 1)
#1901375 1-
#1901500 0! 0&
#1901625 0$ 1(
#1902375 0)
#1902625 0" 0# 0% 0' 0(
#1902875 0*
#1903875 1*
#1904500 1!
#1904750 0*
#1905750 1*
#1906250 0!
#1906375 1"
#1906625 0*
#1907125 10
#1907375 1)
#1907625 1*
#1907750 1# 1% 1' 1(
#1908500 0)
#1908625 0# 0% 0' 0(
#1908750 0"
#1909000 0*
#1910000 1*
#1910625 1!
#1910875 0*
#1911875 1*
#1912375 0!
#1912500 1"
#1912750 0*
#1913500 1)
#1913750 1! 1' 1( 1*
#1913875 1# 1$ 1% 1&
#1914625 0)
#1916250 1)
#1916500 0! 0" 0# 0&
#1917375 0)
#1917500 0(
#1917625 1# 0% 0'
#1917875 0*
#1918875 1*
#1919500 1%
#1919750 0*
#1920750 1*
#1921000 1)
#1921250 0$ 1' 1(
#1922000 0)
#1922250 0% 0' 0(
#1922375 1$
#1922500 0*
#1923500 1*
#1923750 1)
#1924000 0#
#1924125 1% 1' 1(
#1924875 0)
#1925000 0' 0(
#1925125 1# 0%
#1925375 0*
#1926375 1*
#1927000 1%
#1927250 0*
#1928250 1*
#1928500 1)
#1928750 0$ 1' 1(
#1929500 0)
#1929750 1$ 0% 0' 0(
#1930000 0*
#1931000 1*
#1931250 1)
#1931500 0$
#1931625 1" 1% 1' 1(
#1932375 0)
#1932500 0(
#1932625 0" 0# 0% 0'
#1932875 0*
#1933625 0/
#1933875 1*
#1934500 1!
#1934750 0*
#1935750 1*
#1936250 0!
#1936375 1"
#1936625 0*
#1937375 1)
#1937625 1*
#1937750 1# 1% 1' 1(
#1938500 0)
#1938625 0" 0# 0% 0' 0(
#1939000 0*
#1940000 1*
#1940625 1! 1/
#1940875 0*
#1941875 1*
#1942375 0!
#1942500 1"
#1942750 0*
#1943875 1)
#1944125 1*
#1944625 0"
#1944750 1& 1' 0,
#1945500 0)
#1945625 0&
#1945750 1! 1$ 1%
#1946000 0+
#1947000 1+
#1947625 1)
#1947875 0!
#1948000 1( 1,
#1948750 0)
#1949375 0% 0' 0(
#1949500 1#
#1949750 0*
#1950750 1*
#1951375 1%
#1951625 0*
#1952625 1*
#1952750 1)
#1953125 0$ 1' 1(
#1953875 0)
#1954125 1$ 0% 0' 0(
#1954375 0*
#1955375 1*
#1955625 1)
#1955875 0# 1(
#1956000 1% 1'
#1956750 0)
#1956875 0% 0' 0(
#1957000 1#
#1957250 0*
#1958250 1*
#1958875 1%
#1959125 0*
#1960125 1*
#1960250 1)
#1960625 0$ 1' 1(
#1961375 0)
#1961625 1$ 0% 0' 0(
#1961875 0*
#1962875 1*
#1963125 1)
#1963375 0$ 1(
#1963500 1" 1% 1'
#1964250 0)
#1964375 0" 0# 0% 0' 0(
#1964750 0*
#1965750 1*
#1966375 1!
#1966625 0*
#1967625 1*
#1968125 0!
#1968250 1"
#1968500 0*
#1969250 1)
#1969500 1( 1*
#1969625 1# 1% 1'
#1970375 0)
#1970500 0" 0# 0% 0' 0(
#1970750 0*
#1971875 1*
#1972500 1!
#1972625 0*
#1973750 1*
#1974250 0!
#1974375 1"
#1974500 0*
#1975375 1)
#1975500 0" 1*
#1975625 1& 1'
#1975750 0,
#1976375 0)
#1976625 1" 1% 0&
#1976750 1$
#1976875 0+
#1977875 1+
#1978125 1)
#1978375 0" 1(
#1978500 1,
#1979250 0)
#1979375 0% 0' 0(
#1979500 1#
#1979750 0*
#1980750 1*
#1981375 1%
#1981625 0*
#1982625 1*
#1982750 1)
#1983000 0$
#1983125 1' 1(
#1983875 0)
#1984125 1$ 0% 0' 0(
#1984375 0*
#1985375 1*
#1985625 1)
#1985875 0# 1' 1(
#1986000 1%
#1986750 0)
#1986875 0% 0' 0(
#1987000 1#
#1987250 0*
#1988250 1*
#1988875 1%
#1989125 0*
#1990125 1*
#1990250 1)
#1990625 0$ 1' 1(
#1991375 0)
#1991625 1$ 0% 0' 0(
#1991875 0*
#1992875 1*
#1993125 1)
#1993375 0$ 1(
#1993500 1" 1% 1'
#1994250 0)
#1994375 0" 0% 0' 0(
#1994500 0#
#1994750 0*
#1995750 1*
#1996375 1!
#1996625 0*
#1997625 1*
#1998125 0!
#1998250 1"
#1998500 0*
#1999250 1)
#1999500 1*
#1999625 1# 1% 1' 1(
#2000375 0)
#2000500 0" 0# 0% 0' 0(
#2000750 0*
#2001875 1*
#2002500 1!
#2002750 0*
#2003750 1*
#2004250 0!
#2004375 1"
#2004625 0*
#2005375 1)
#2005625 1! 1# 1$ 1% 1& 1' 1( 1*
#2006375 0)
#2008125 1)
#2008375 0! 0" 0# 0&
#2009250 0)
#2009375 0' 0(
#2009500 1# 0%
#2009750 0*
#2010750 1*
#2011375 1%
#2011625 0*
#2012625 1*
#2012875 1)
#2013125 0$ 1' 1(
#2013875 0)
#2014125 0% 0' 0(
#2014250 1$
#2014375 0*
#2015375 1*
#2015625 1)
#2015875 0#
#2016000 1% 1' 1(
#2016750 0)
#2016875 0' 0(
#2017000 1# 0%
#2017250 0*
#2018250 1*
#2018875 1%
#2019125 0*
#2020125 1*
#2020375 1)
#2020625 0$ 1' 1(
#2021375 0)
#2021625 0% 0' 0(
#2021750 1$
#2021875 0*
#2022875 1*
#2023125 1)
#2038500 1! 1" 1% 1& 1' 1(
#2039250 0)
#2041000 1)
#2043000 0)
#2044750 1)
#2047750 0!
#2047875 0$ 0&
#2048625 0)
#2048875 0" 0# 0% 0' 0(
#2049125 0*
#2050125 1*
#2050375 1)
#2050750 1! 1" 1# 1$ 1% 1& 1' 1(
#2051000 00
#2051500 0)
#2053125 1)
#2054250 0)
#2054750 0+
#2055750 1+
#2056625 0+
#2057625 1+
#2058000 10
#2058500 0+
#2059500 1+
#2060375 0+
#2061375 1+
#2062625 1)
#2062875 0! 0$ 0&
#2063625 0)
#2063875 0" 0% 0' 0(
#2064125 0*
#2065125 1*
#2065375 1)
#2065750 1! 1" 1$ 1% 1& 1' 1(
#2066500 0)
#2068250 1)
#2068500 0! 0% 0& 0(
#2069250 0) 0-
#2069500 0" 0# 0$ 0' 1(
#2069750 0*
#2070750 1*
#2071500 1!
#2071625 0*
#2072625 1*
#2073250 0!
#2073375 1"
#2073500 0*
#2074625 1*
#2075125 1!
#2075375 0*
#2076500 1*
#2077625 1) 1-
#2077875 0! 1# 1% 1'
#2078750 0)
#2078875 0" 0# 0% 0' 0(
#2079000 1$
#2079125 0*
#2080250 1*
#2080375 1)
#2080625 0$
#2080750 1& 1'
#2081500 0)
#2081750 1! 1" 1$ 1% 0&
#2082000 0+
#2083000 1+
#2083250 1)
#2083500 0! 1# 0%
#2084250 0-
#2084375 0)
#2084500 0" 0$ 0' 0/
#2084625 1(
#2084875 0*
#2085875 1*
#2086500 1!
#2086750 0*
#2087750 1*
#2088250 0!
#2088375 1"
#2088625 0*
#2089625 1*
#2090250 1!
#2090500 0*
#2091500 1* 1/
#2092625 1) 1-
#2092875 0! 1'
#2093000 1%
#2093750 0)
#2093875 0" 0% 0' 0(
#2094000 1$
#2094250 0*
#2095250 1*
#2095375 1)
#2095750 1& 1' 1(
#2096500 0)
#2096750 1! 1" 1%
#2097000 0*
#2098000 1*
#2098250 1)
#2098500 0! 0% 0& 0(
#2099250 0-
#2099375 0)
#2099500 0" 0# 0'
#2099625 1(
#2099875 0*
#2100875 1*
#2101500 1!
#2101750 0*
#2102750 1*
#2103250 0!
#2103375 1"
#2103625 0*
#2104625 1*
#2105250 1!
#2105500 0*
#2106500 1*
#2107625 1) 1-
#2107875 0! 0$
#2108000 1# 1% 1'
#2108750 0)
#2108875 0# 0'
#2109000 0" 0(
#2109250 0*
#2110250 1*
#2110500 1)
#2110750 0% 1& 1'
#2110875 0,
#2111500 0)
#2111750 0&
#2111875 1# 1$ 1%
#2112000 0+
#2113125 1+
#2113250 1)
#2113500 0%
#2113625 1" 1,
#2114375 0) 0-
#2114625 0" 0' 1(
#2114875 0*
#2115875 1*
#2116500 1!
#2116750 0*
#2117750 1*
#2118125 00
#2118250 0!
#2118375 1"
#2118625 0*
#2119625 1*
#2120250 1!
#2120500 0*
#2121500 1*
#2122625 1)
#2122750 1-
#2122875 0! 0$
#2123000 1% 1'
#2123750 0)
#2124000 0" 0' 0(
#2124250 0*
#2125125 10
#2125250 1*
#2125500 1)
#2125750 1! 1& 1' 1(
#2125875 1" 1$
#2126625 0)
#2128250 1)
#2128500 0! 0& 0(
#2128625 0%
#2129375 0) 0-
#2129625 0" 0# 0$ 1% 0' 1(
#2129875 0*
#2130875 1*
#2131500 1!
#2131750 0*
#2132750 1*
#2133375 0! 1"
#2133625 0*
#2134625 1*
#2135250 1!
#2135500 0*
#2136500 1*
#2137625 1)
#2137750 1-
#2137875 0!
#2138000 1# 1'
#2138750 0)
#2139000 0" 0# 1$ 0' 0(
#2139250 0*
#2140250 1*
#2140500 1)
#2140750 0$ 0% 1'
#2140875 1&
#2141625 0)
#2141750 0&
#2141875 1! 1# 1$ 1%
#2142125 0+
#2143125 1+
#2143250 1)
#2143500 0! 0%
#2143625 1"
#2144375 0) 0-
#2144625 0" 0$ 1% 0' 1(
#2144875 0*
#2145875 1*
#2146500 1!
#2146750 0*
#2147750 1*
#2148375 0! 1"
#2148625 0*
#2149625 1*
#2150250 1!
#2150500 0*
#2151500 1*
#2151625 0/
#2152750 1) 1-
#2152875 0!
#2153000 1'
#2153750 0)
#2154000 0" 0' 0(
#2154125 1$
#2154250 0*
#2155250 1*
#2155500 1)
#2155750 0%
#2155875 1! 1& 1' 1(
#2156625 0)
#2156875 1" 1%
#2157125 0+
#2158125 1+
#2158375 1)
#2158625 0! 0% 0& 0( 1/
#2159375 0) 0-
#2159625 0" 0# 0' 1(
#2159750 1%
#2159875 0*
#2160875 1*
#2161625 1!
#2161750 0*
#2162750 1*
#2163375 0!
#2163500 1"
#2163625 0*
#2164625 1*
#2165250 1!
#2165500 0*
#2166625 1*
#2167750 1) 1-
#2168000 0! 1# 0$ 1'
#2168875 0)
#2169000 0" 0# 0% 0' 0(
#2169125 1&
#2169250 0*
#2170375 1*
#2170500 1)
#2170875 1! 1" 1# 1$ 1% 1' 1(
#2171625 0)
#2173375 1)
#2173625 0! 0% 0& 0(
#2174375 0-
#2174500 0)
#2174625 0" 0'
#2174750 1% 1(
#2174875 0*
#2176000 1*
#2176625 1!
#2176750 0*
#2177875 1*
#2178375 0!
#2178500 1"
#2178625 0*
#2179750 1*
#2180375 1!
#2180625 0*
#2181625 1*
#2182750 1) 1-
#2183000 0! 0$ 1'
#2183875 0)
#2184000 0" 0% 0' 0(
#2184125 1&
#2184250 0*
#2185250 00
#2185375 1*
#2185500 1)
#2185750 0#
#2185875 1'
#2186000 0,
#2186625 0)
#2186875 1" 1# 1$ 1% 0&
#2187125 0+
#2188125 1+
#2188375 1)
#2188625 0%
#2188750 1,
#2189375 0-
#2189500 0)
#2189625 0" 0# 0$ 0'
#2189750 1& 1(
#2190000 0*
#2191000 1*
#2191625 1!
#2191875 0*
#2192125 10
#2192875 1*
#2193375 0!
#2193500 1"
#2193750 0*
#2194750 1*
#2195375 1!
#2195625 0*
#2196625 1*
#2197750 1) 1-
#2198000 0! 1% 0& 1'
#2198125 1#
#2198875 0)
#2199000 0" 0# 0% 0' 0(
#2199125 1$ 1&
#2199375 0*
#2200375 1*
#2200500 1)
#2200875 1! 1" 1# 1% 1' 1(
#2201625 0)
#2203375 1)
#2203625 0! 0% 0& 0(
#2204375 0-
#2204500 0)
#2204625 0" 0$ 0'
#2204750 1& 1(
#2205000 0*
#2206000 1*
#2206625 1!
#2206875 0*
#2207875 1*
#2208375 0!
#2208500 1"
#2208750 0*
#2209750 1*
#2210375 1!
#2210625 0*
#2211625 1*
#2212750 1) 1-
#2213000 0! 1% 0& 1'
#2213875 0)
#2214000 0" 0% 0' 0(
#2214125 1$ 1&
#2214375 0*
#2215375 1*
#2215500 1)
#2215875 1" 1' 1(
#2216625 0)
#2216875 1! 1%
#2217125 0*
#2218125 1*
#2218375 1)
#2218625 0! 0% 0& 0( 0/
#2219375 0-
#2219500 0)
#2219625 0" 0# 0'
#2219750 1& 1(
#2220000 0*
#2221000 1*
#2221625 1!
#2221875 0*
#2222875 1*
#2223375 0!
#2223500 1"
#2223750 0*
#2224750 1*
#2225375 1!
#2225625 0* 1/
#2226625 1*
#2227750 1) 1-
#2228000 0! 0$ 1% 0& 1'
#2228125 1#
#2228875 0)
#2229000 0" 0# 0' 0(
#2229125 1&
#2229375 0*
#2230375 1*
#2230500 1)
#2230750 0%
#2230875 1'
#2231000 0,
#2231625 0)
#2231875 1! 1" 1# 1$ 1% 0&
#2232125 0+
#2233125 1+
#2233375 1)
#2233625 0! 0%
#2233750 1,
#2234375 0-
#2234500 0)
#2234625 0" 0'
#2234750 1& 1(
#2235000 0*
#2236000 1*
#2236625 1!
#2236875 0*
#2237875 1*
#2238375 0!
#2238500 1"
#2238750 0*
#2239750 1*
#2240375 1!
#2240625 0*
#2241625 1*
#2242750 1) 1-
#2243000 0! 0$ 1% 0& 1'
#2243875 0)
#2244000 0" 0' 0(
#2244125 1&
#2244250 0*
#2245375 1*
#2245500 1)
#2245875 1! 1" 1$ 1' 1(
#2246625 0)
#2248375 1)
#2248625 0! 0% 0& 0(
#2249375 0-
#2249500 0)
#2249625 0" 0# 0$ 0' 1(
#2249750 1% 1&
#2249875 0*
#2251000 1*
#2251625 1!
#2251750 0*
#2252250 00
#2252875 1*
#2253375 0!
#2253500 1"
#2253625 0*
#2254750 1*
#2255375 1!
#2255500 0*
#2256625 1*
#2257750 1) 1-
#2258000 0! 1# 0& 1'
#2258750 0)
#2259000 0" 0# 0' 0(
#2259125 1$ 1&
#2259250 0* 10
#2260375 1*
#2260500 1)
#2260875 1! 1" 1# 1' 1(
#2261625 0)
#2263375 1)
#2263625 0! 0% 0& 0(
#2264375 0) 0-
#2264625 0" 0$ 0' 1(
#2264750 1% 1&
#2264875 0*
#2265875 1*
#2266625 1!
#2266750 0*
#2267750 1*
#2268375 0!
#2268500 1"
#2268625 0*
#2269625 1*
#2270250 1!
#2270500 0*
#2271500 1*
#2272750 1) 1-
#2272875 0!
#2273000 0& 1'
#2273750 0)
#2274000 0" 1& 0' 0(
#2274125 1$
#2274250 0*
#2275250 1*
#2275500 1)
#2275750 0%
#2275875 1! 1" 1' 1(
#2276625 0)
#2276875 1%
#2277125 0+
#2278125 1+
#2278375 1)
#2278625 0! 0% 0& 0(
#2279375 0) 0-
#2279625 0" 0# 1% 1& 0' 1(
#2279875 0*
#2280875 1*
#2281500 1!
#2281750 0*
#2282750 1*
#2283375 0! 1"
#2283625 0*
#2284625 1*
#2285250 1!
#2285500 0*
#2285750 0/
#2286500 1*
#2287625 1)
#2287750 1-
#2287875 0!
#2288000 1# 0$ 0& 1'
#2288750 0)
#2289000 0" 0# 0% 0(
#2289250 0*
#2290250 1*
#2290500 1)
#2290875 1&
#2291625 0)
#2292125 0+
#2292750 1/
#2293125 1+
#2293250 1)
#2293500 0&
#2293625 1" 1# 1$
#2294375 0) 0-
#2294625 0" 1% 1& 0' 1(
#2294875 0*
#2295875 1*
#2296500 1!
#2296750 0*
#2297750 1*
#2298375 0! 1"
#2298625 0*
#2299625 1*
#2300250 1!
#2300500 0*
#2301500 1*
#2302625 1)
#2302750 1-
#2302875 0! 0&
#2303000 0$ 1'
#2303750 0)
#2304000 0" 0% 0(
#2304250 0*
#2305250 1*
#2305500 1)
#2305750 0# 1&
#2305875 0,
#2306625 0)
#2306875 1!
#2307125 0+
#2308125 1+
#2308250 1)
#2308500 0! 0&
#2308625 1" 1# 1$
#2308750 1,
#2309375 0) 0-
#2309625 0" 0# 0$ 1(
#2309875 0*
#2310875 1*
#2311500 1!
#2311750 0*
#2312750 1*
#2313375 0! 1"
#2313625 0*
#2314625 1*
#2315250 1!
#2315500 0*
#2316500 1*
#2317625 1)
#2317750 1-
#2317875 0!
#2318000 1# 1%
#2318750 0)
#2319000 0" 0# 1$ 0% 0(
#2319250 0*
#2319375 00
#2320250 1*
#2320500 1)
#2320750 1! 1" 1# 1% 1& 1(
#2321625 0)
#2323250 1)
#2323500 0! 0% 0& 0(
#2324375 0) 0-
#2324625 0" 0$ 1(
#2324875 0*
#2325875 1*
#2326250 10
#2326500 1!
#2326750 0*
#2327750 1*
#2328250 0!
#2328375 1"
#2328625 0*
#2329625 1*
#2330250 1!
#2330500 0*
#2331500 1*
#2332625 1) 1-
#2332875 0!
#2333000 1%
#2333750 0)
#2334000 0" 1$ 0% 0(
#2334250 0*
#2335250 1*
#2335500 1)
#2335750 0# 0$ 1% 1& 1(
#2336500 0)
#2336875 1! 1" 1# 1$
#2337000 0*
#2338000 1*
#2338250 1)
#2338500 0! 0% 0& 0(
#2339375 0) 0-
#2339500 0" 0#
#2339625 1(
#2339875 0*
#2340875 1*
#2341500 1!
#2341750 0*
#2342750 1*
#2343250 0!
#2343375 1"
#2343625 0*
#2344625 1*
#2345250 1!
#2345500 0*
#2346500 1*
#2347625 1) 1-
#2347875 0! 0$
#2348000 1# 1%
#2348750 0)
#2348875 0" 0# 0(
#2349250 0*
#2350250 1*
#2350375 1)
#2350625 0%
#2350750 1&
#2351500 0)
#2351875 1"
#2352000 0+
#2352750 0/
#2353000 1+
#2353250 1)
#2353500 0&
#2353625 1# 1$
#2354250 0-
#2354375 0)
#2354500 0"
#2354625 1(
#2354875 0*
#2355875 1*
#2356500 1!
#2356750 0*
#2357750 1*
#2358250 0!
#2358375 1"
#2358625 0*
#2359625 1*
#2359750 1/
#2360250 1!
#2360500 0*
#2361500 1*
#2362625 1) 1-
#2362875 0! 0$
#2363000 1%
#2363750 0)
#2363875 0" 0(
#2364250 0*
#2365250 1*
#2365375 1)
#2365750 1! 1" 1$ 1& 1(
#2366500 0)
#2368250 1)
#2368500 0! 0% 0& 0(
#2369250 0-
#2369375 0)
#2369500 0" 0# 0$
#2369625 1% 1(
#2369875 0*
#2370875 1*
#2371500 1!
#2371750 0*
#2372750 1*
#2373250 0!
#2373375 1"
#2373625 0*
#2374625 1*
#2375250 1!
#2375500 0*
#2376500 1*
#2377625 1) 1-
#2377875 0!
#2378000 1#
#2378750 0)
#2378875 0" 0# 0(
#2379000 1$
#2379250 0*
#2380250 1*
#2380375 1)
#2380625 0$ 0%
#2380750 1&
#2380875 0,
#2381500 0)
#2381750 1! 1"
#2382000 0+
#2383000 1+
#2383250 1)
#2383500 0! 1# 1$ 0&
#2383625 1,
#2384250 0-
#2384375 0)
#2384500 0" 0$
#2384625 1% 1(
#2384875 0*
#2385875 1*
#2386375 00
#2386500 1!
#2386750 0*
#2387750 1*
#2388250 0!
#2388375 1"
#2388625 0*
#2389625 1*
#2390250 1!
#2390500 0*
#2391500 1*
#2392625 1) 1-
#2392875 0!
#2393375 10
#2393750 0)
#2393875 0" 0(
#2394000 1$
#2394250 0*
#2395250 1*
#2395375 1)
#2395625 0# 0$
#2395750 1! 1& 1(
#2396500 0)
#2396750 1" 1# 1$
#2397000 0+
#2398000 1+
#2398250 1)
#2398500 0! 0% 0& 0(
#2399250 0-
#2399375 0)
#2399500 0" 0#
#2399625 1% 1(
#2399875 0*
#2400875 1*
#2401500 1!
#2401750 0*
#2402750 1*
#2403250 0!
#2403375 1"
#2403625 0*
#2404625 1*
#2405250 1!
#2405500 0*
#2406500 1*
#2407625 1) 1-
#2407875 0! 1# 0$
#2408750 0)
#2408875 0" 0# 0% 0(
#2409000 1&
#2409125 0*
#2410250 1*
#2410375 1)
#2411500 0)
#2411750 1#
#2412000 0+
#2413000 1+
#2413250 1)
#2413500 1" 1$ 0&
#2414250 0-
#2414375 0)
#2414500 0"
#2414625 1% 1(
#2414875 0*
#2415875 1*
#2416500 1!
#2416750 0*
#2417750 1*
#2418250 0!
#2418375 1"
#2418625 0*
#2419625 1*
#2419875 0/
#2420250 1!
#2420500 0*
#2421500 1*
#2422625 1) 1-
#2422875 0! 0$
#2423750 0)
#2423875 0" 0% 0(
#2424000 1&
#2424250 0*
#2425250 1*
#2425375 1)
#2425750 1! 1" 1$ 1% 1(
#2426500 0)
#2426875 1/
#2428250 1)
#2428500 0! 0% 0& 0(
#2429250 0-
#2429375 0)
#2429500 0" 0# 0$
#2429625 1& 1(
#2429875 0*
#2430875 1*
#2431500 1!
#2431750 0*
#2432750 1*
#2433250 0!
#2433375 1"
#2433625 0*
#2434625 1*
#2435250 1!
#2435500 0*
#2436500 1*
#2437625 1) 1-
#2437875 0! 0&
#2438000 1# 1%
#2438750 0)
#2438875 0" 0# 0% 0(
#2439000 1$ 1&
#2439250 0*
#2440250 1*
#2440375 1)
#2440625 0$
#2440875 0,
#2441500 0)
#2441750 1! 1#
#2442000 0+
#2443000 1+
#2443250 1)
#2443500 0! 0&
#2443625 1" 1$ 1,
#2444250 0-
#2444375 0)
#2444500 0" 0$
#2444625 1& 1(
#2444875 0*
#2445875 1*
#2446500 1!
#2446750 0*
#2447750 1*
#2448250 0!
#2448375 1"
#2448625 0*
#2449625 1*
#2450250 1!
#2450500 0*
#2451500 1*
#2452625 1) 1-
#2452875 0! 0&
#2453000 1%
#2453500 00
#2453750 0)
#2453875 0" 0% 0(
#2454000 1$ 1&
#2454250 0*
#2455250 1*
#2455375 1)
#2455625 0# 0$
#2455750 1" 1% 1(
#2456500 0)
#2456750 1! 1# 1$
#2457000 0*
#2458000 1*
#2458250 1)
#2458500 0! 0% 0& 0(
#2459250 0-
#2459375 0)
#2459500 0" 0#
#2459625 1& 1(
#2459875 0*
#2460500 10
#2460875 1*
#2461500 1!
#2461750 0*
#2462750 1*
#2463250 0!
#2463375 1"
#2463625 0*
#2464625 1*
#2465250 1!
#2465500 0*
#2466500 1*
#2467625 1) 1-
#2467875 0! 0$ 0&
#2468000 1# 1%
#2468750 0)
#2468875 0# 0(
#2469000 0" 1&
#2469250 0*
#2470250 1*
#2470500 1)
#2470750 1! 1" 1# 1$ 1(
#2471500 0)
#2473250 1)
#2473500 0! 0% 0& 0(
#2474375 0) 0-
#2474500 0"
#2474625 1& 1(
#2474875 0*
#2475875 1*
#2476500 1!
#2476750 0*
#2477750 1*
#2478250 0!
#2478375 1"
#2478625 0*
#2479625 1*
#2480250 1!
#2480500 0*
#2481500 1*
#2482625 1)
#2482750 1-
#2482875 0! 0$ 0&
#2483000 1%
#2483750 0)
#2484000 0" 1& 0(
#2484250 0*
#2485250 1*
#2485500 1)
#2485750 0# 0%
#2486625 0)
#2486875 1" 1#
#2487000 0/
#2487125 0+
#2488125 1+
#2488250 1)
#2488500 0&
#2488625 1$
#2489375 0) 0-
#2489625 0" 0# 0$ 1% 1& 1(
#2489875 0*
#2490875 1*
#2491500 1!
#2491750 0*
#2492750 1*
#2493375 0! 1"
#2493625 0*
#2494000 1/
#2494625 1*
#2495250 1!
#2495500 0*
#2496500 1*
#2497625 1)
#2497750 1-
#2497875 0! 0&
#2498000 1#
#2498750 0)
#2499000 0" 0# 1$ 1& 0(
#2499250 0*
#2500250 1*
#2500500 1)
#2500750 1! 1(
#2500875 1" 1#
#2501625 0)
#2503250 1)
#2503625 0! 0% 0& 0(
#2504375 0) 0-
#2504625 0" 0$ 1% 1& 1(
#2504875 0*
#2505875 1*
#2506500 1!
#2506750 0*
#2507750 1*
#2508375 0! 1"
#2508625 0*
#2509625 1*
#2510250 1!
#2510500 0*
#2511500 1*
#2512750 1) 1-
#2512875 0!
#2513000 0&
#2513750 0)
#2514000 0" 1& 0(
#2514125 1$
#2514250 0*
#2515250 1*
#2515500 1)
#2515750 0# 0$ 1(
#2515875 1! 1"
#2516625 0)
#2516875 1# 1$
#2517125 0+
#2518125 1+
#2518375 1)
#2518625 0! 0% 0& 0(
#2519375 0) 0-
#2519625 0" 0# 1(
#2519750 1% 1&
#2519875 0*
#2520625 00
#2520875 1*
#2521625 1!
#2521750 0*
#2522750 1*
#2523375 0!
#2523500 1"
#2523625 0*
#2524625 1*
#2525250 1!
#2525500 0*
#2526625 1*
#2527500 10
#2527750 1) 1-
#2528000 1#
#2528875 0)
#2529375 0+
#2530375 1+
#2530500 1)
#2530750 0! 0" 0# 0$ 0%
#2530875 0( 0,
#2531625 0)
#2531875 1! 1" 1#
#2532125 0+
#2533125 1+
#2533375 1)
#2533625 0! 1$ 0&
#2533750 1,
#2534375 0-
#2534500 0)
#2534625 0"
#2534750 1% 1& 1(
#2535000 0*
#2536000 1*
#2536625 1!
#2536875 0*
#2537875 1*
#2538375 0!
#2538500 1"
#2538750 0*
#2539750 1*
#2540375 1!
#2540625 0*
#2541625 1*
#2542750 1) 1-
#2543000 0! 0$ 0&
#2543875 0)
#2544000 0" 0# 0% 0' 0(
#2544375 0*
#2545375 1*
#2546000 1!
#2546250 0*
#2547250 1*
#2547750 0!
#2547875 1"
#2548125 0*
#2548875 1)
#2549125 1( 1*
#2549250 1# 1% 1'
#2550000 0)
#2550125 0" 0# 0% 0' 0(
#2550375 0*
#2551500 1*
#2552125 1!
#2552250 0*
#2553375 1*
#2553875 0!
#2554000 1" 0/
#2554125 0*
#2555000 1)
#2555125 0" 1*
#2555250 1& 1'
#2556000 0)
#2556375 1$
#2556500 0+
#2557500 1+
#2557750 1)
#2558000 0& 1(
#2558125 1%
#2558875 0)
#2559000 0% 0' 0(
#2559125 1! 1#
#2559375 0*
#2560375 1*
#2561000 1% 1/
#2561250 0*
#2562250 1*
#2562500 1)
#2562625 0!
#2562750 0$ 1' 1(
#2563500 0)
#2563750 1! 0% 0' 0(
#2563875 1$
#2564000 0*
#2565000 1*
#2565250 1)
#2565500 0! 0#
#2565625 1% 1' 1(
#2566375 0)
#2566500 0' 0(
#2566625 1! 1# 0%
#2566875 0*
#2567875 1*
#2568500 1%
#2568750 0*
#2569750 1*
#2570000 1)
#2570125 0!
#2570250 0$ 1' 1(
#2571000 0)
#2571250 1! 0% 0' 0(
#2571375 1$
#2571500 0*
#2572625 1*
#2572750 1)
#2573000 0! 0$
#2573125 1" 1% 1' 1(
#2573875 0)
#2574000 0(
#2574125 0" 0# 0% 0'
#2574375 0*
#2575375 1*
#2576000 1!
#2576250 0*
#2577250 1*
#2577750 0!
#2577875 1"
#2578125 0*
#2578875 1)
#2579125 1*
#2579250 1# 1% 1' 1(
#2580000 0)
#2580125 0# 0% 0' 0(
#2580250 0"
#2580500 0*
#2581500 1*
#2582125 1!
#2582375 0*
#2583375 1*
#2583875 0!
#2584000 1"
#2584250 0*
#2585500 1)
#2585750 1*
#2586125 0"
#2586250 1& 1'
#2586375 0,
#2587000 0)
#2587250 1! 1$
#2587500 0+
#2587625 00
#2588500 1+
#2589250 1)
#2589375 0!
#2589500 1% 0& 1(
#2589625 1,
#2590250 0)
#2591000 1! 1# 0% 0' 0(
#2591250 0*
#2592250 1*
#2592875 1%
#2593125 0*
#2594125 1*
#2594375 1)
#2594625 0! 0$ 1( 10
#2594750 1'
#2595500 0)
#2595625 0% 0' 0(
#2595750 1! 1$
#2596000 0*
#2597000 1*
#2597125 1)
#2597375 0! 0#
#2597500 1% 1' 1(
#2598250 0)
#2598500 1! 1# 0% 0' 0(
#2598750 0*
#2599750 1*
#2600375 1%
#2600625 0*
#2601625 1*
#2601875 1)
#2602125 0! 0$ 1' 1(
#2603000 0)
#2603125 0' 0(
#2603250 1! 1$ 0%
#2603500 0*
#2604500 1*
#2604625 1)
#2604875 0! 0$
#2605000 1" 1% 1' 1(
#2605750 0)
#2606000 0" 0# 0% 0' 0(
#2606250 0*
#2607250 1*
#2607875 1!
#2608125 0*
#2609125 1*
#2609750 0! 1"
#2610000 0*
#2610750 1)
#2611000 1*
#2611125 1# 1% 1' 1(
#2611875 0)
#2612125 0" 0# 0% 0' 0(
#2612375 0*
#2613375 1*
#2614000 1!
#2614250 0*
#2615250 1*
#2615750 0!
#2615875 1"
#2616125 0*
#2616875 1)
#2617125 0" 1*
#2617250 1& 1'
#2618000 0)
#2618250 1" 1$
#2618500 0+
#2619500 1+
#2619750 1)
#2620000 0" 1% 0& 1(
#2620750 0)
#2621000 1! 0% 0' 0(
#2621125 1# 0/
#2621250 0*
#2622250 1*
#2622875 1%
#2623125 0*
#2624125 1*
#2624375 1)
#2624625 0! 0$
#2624750 1' 1(
#2625500 0)
#2625625 0' 0(
#2625750 1! 1$ 0%
#2626000 0*
#2627000 1*
#2627250 1)
#2627375 0!
#2627500 0# 1% 1' 1(
#2628125 1/
#2628250 0)
#2628500 1! 0% 0' 0(
#2628625 1#
#2628750 0*
#2629750 1*
#2630500 1%
#2630625 0*
#2631625 1*
#2631875 1)
#2632125 0! 0$
#2632250 1' 1(
#2633000 0)
#2633125 0(
#2633250 1! 1$ 0% 0'
#2633500 0*
#2634500 1*
#2634750 1)
#2634875 0!
#2635000 1" 0$ 1% 1' 1(
#2635750 0)
#2636000 0" 0# 0% 0' 0(
#2636250 0*
#2637250 1*
#2638000 1!
#2638125 0*
#2639125 1*
#2639750 0!
#2639875 1"
#2640000 0*
#2640750 1)
#2641000 1*
#2641125 1# 1% 1' 1(
#2641875 0)
#2642125 0" 0# 0% 0' 0(
#2642375 0*
#2643375 1*
#2644000 1!
#2644250 0*
#2645250 1*
#2645875 0! 1"
#2646125 0*
#2646875 1)
#2647125 0" 1*
#2647250 1& 1' 0,
#2648000 0)
#2648250 1! 1" 1$
#2648500 0+
#2649500 1+
#2649750 1)
#2649875 0!
#2650000 0" 1% 0& 1(
#2650125 1,
#2650750 0)
#2651000 1! 0% 0' 0(
#2651125 1#
#2651250 0*
#2652250 1*
#2653000 1%
#2653125 0*
#2654125 1*
#2654375 1)
#2654625 0! 0$
#2654750 1' 1( 00
#2655500 0)
#2655625 0(
#2655750 1! 1$ 0% 0'
#2656000 0*
#2657000 1*
#2657250 1)
#2657375 0!
#2657500 0# 1% 1' 1(
#2658250 0)
#2658500 1! 0% 0' 0(
#2658625 1#
#2658750 0*
#2659750 1*
#2660500 1%
#2660625 0*
#2661625 1*
#2661750 10
#2661875 1)
#2662125 0! 0$
#2662250 1' 1(
#2663000 0)
#2663125 0(
#2663250 1! 1$ 0% 0'
#2663500 0*
#2664500 1*
#2664750 1)
#2679875 0!
#2680000 0# 0$ 1& 1'
#2680750 0)
#2681125 1# 1$
#2681250 0+
#2682375 1+
#2682500 1)
#2683750 1! 1" 1% 1(
#2684500 0)
#2686250 1)
#2688250 0/
#2689375 0! 0$ 0&
#2690125 0)
#2690375 0" 0# 0% 0' 0(
#2690625 0*
#2691625 1*
#2691875 1)
#2692250 1! 1" 1# 1$ 1% 1& 1' 1(
#2693000 0)
#2694625 1)
#2695250 1/
#2695750 0)
#2696250 0+
#2697250 1+
#2698125 0+
#2699125 1+
#2700000 0+
#2701000 1+
#2701875 0+
#2702875 1+
#2704000 1)
#2704250 0!
#2704375 0$ 0&
#2705125 0)
#2705375 0" 0% 0' 0(
#2705625 0*
#2706625 1*
#2706875 1)
#2707250 1! 1" 1$ 1% 1& 1' 1(
#2708000 0)
#2709625 1)
#2709875 0% 0& 0(
#2710750 0) 0-
#2711000 0! 0" 0# 0$ 0'
#2711250 0*
#2712250 1*
#2712875 1!
#2713125 0*
#2714125 1*
#2714750 0! 1"
#2715000 0*
#2716000 1*
#2716625 1!
#2716875 0*
#2717875 1*
#2719000 1)
#2719125 1-
#2719250 0!
#2719375 1# 1% 1' 1(
#2720125 0)
#2720375 0" 0# 1$ 0% 0' 0(
#2720625 0*
#2721625 1*
#2721750 00
#2721875 1)
#2722125 0$ 1& 1'
#2722250 0,
#2723000 0)
#2723250 1! 1# 1$
#2723500 0+
#2724500 1+
#2724625 1)
#2724875 0&
#2725000 1" 1,
#2725750 0) 0-
#2726000 0! 0" 0$ 0'
#2726250 0*
#2727250 1*
#2727875 1!
#2728125 0*
#2728750 10
#2729125 1*
#2729625 0!
#2729750 1"
#2730000 0*
#2731000 1*
#2731625 1!
#2731875 0*
#2732875 1*
#2734000 1) 1-
#2734250 0!
#2734375 1% 1' 1(
#2735125 0)
#2735250 0(
#2735375 0" 1$ 0% 0'
#2735625 0*
#2736625 1*
#2736875 1)
#2737125 0$ 1% 1& 1' 1(
#2737875 0)
#2738250 1! 1" 1$
#2738375 0*
#2739375 1*
#2739625 1)
#2739875 0% 0& 0(
#2740750 0) 0-
#2740875 0!
#2741000 0" 0# 0'
#2741250 0*
#2742250 1*
#2742875 1!
#2743125 0*
#2744125 1*
#2744625 0!
#2744750 1"
#2745000 0*
#2746000 1*
#2746625 1!
#2746875 0*
#2747875 1*
#2749000 1) 1-
#2749250 0! 0$ 1(
#2749375 1# 1% 1'
#2750125 0)
#2750250 0# 0' 0(
#2750375 0"
#2750625 0*
#2751625 1*
#2751875 1)
#2752000 0%
#2752125 1& 1'
#2752875 0)
#2753250 1" 1# 1$
#2753375 0+
#2754375 1+
#2754625 1)
#2754875 1! 0&
#2755250 0/
#2755625 0-
#2755750 0)
#2755875 0! 0" 0'
#2756250 0*
#2757250 1*
#2757875 1!
#2758125 0*
#2759125 1*
#2759625 0!
#2759750 1"
#2760000 0*
#2761000 1*
#2761625 1!
#2761875 0*
#2762250 1/
#2762875 1*
#2764000 1) 1-
#2764250 0! 0$ 1' 1(
#2764375 1%
#2765125 0)
#2765250 0" 0' 0(
#2765625 0*
#2766625 1*
#2766750 1)
#2767125 1! 1" 1$ 1& 1' 1(
#2767875 0)
#2769625 1)
#2769875 0% 0& 0(
#2770625 0-
#2770750 0)
#2770875 0! 0" 0# 0$ 0'
#2771000 1%
#2771250 0*
#2772250 1*
#2772875 1!
#2773125 0*
#2774125 1*
#2774625 0!
#2774750 1"
#2775000 0*
#2776000 1*
#2776625 1!
#2776875 0*
#2777875 1*
#2779000 1) 1-
#2779250 0! 1# 1' 1(
#2780125 0)
#2780250 0" 0# 0' 0(
#2780375 1$
#2780500 0*
#2781625 1*
#2781750 1)
#2782000 0$ 0%
#2782125 1& 1' 0,
#2782875 0)
#2783125 1! 1" 1# 1$
#2783375 0+
#2784375 1+
#2784625 1)
#2784875 0&
#2785000 1,
#2785625 0-
#2785750 0)
#2785875 0! 0" 0$ 0'
#2786000 1%
#2786125 0*
#2787250 1*
#2787875 1!
#2788000 0*
#2788875 00
#2789125 1*
#2789625 0!
#2789750 1"
#2789875 0*
#2791000 1*
#2791625 1!
#2791750 0*
#2792875 1*
#2794000 1) 1-
#2794250 0! 1' 1(
#2795125 0)
#2795250 0" 0' 0(
#2795375 1$
#2795500 0*
#2795875 10
#2796625 1*
#2796750 1)
#2797000 0$
#2797125 1! 1& 1' 1(
#2797875 0)
#2798125 1" 1$
#2798375 0+
#2799375 1+
#2799625 1)
#2799875 0% 0& 0(
#2800625 0) 0-
#2800875 0! 0" 0# 0'
#2801000 1%
#2801125 0*
#2802250 1*
#2802750 1!
#2803000 0*
#2804000 1*
#2804625 0!
#2804750 1"
#2804875 0*
#2805875 1*
#2806500 1!
#2806750 0*
#2807750 1*
#2809000 1) 1-
#2809125 0!
#2809250 1# 0$ 1' 1(
#2810000 0)
#2810250 0" 0# 0% 0' 0(
#2810375 1&
#2810500 0*
#2811500 1*
#2811750 1)
#2812125 1'
#2812875 0)
#2813125 1%
#2813375 0+
#2814375 1+
#2814625 1)
#2814875 1! 1" 1# 1$ 0% 0&
#2815625 0) 0-
#2815875 0! 0" 0'
#2816000 1%
#2816125 0*
#2817125 1*
#2817750 1!
#2818000 0*
#2819000 1*
#2819625 0!
#2819750 1"
#2819875 0*
#2820875 1*
#2821500 1!
#2821750 0*
#2822375 0/
#2822750 1*
#2824000 1) 1-
#2824125 0!
#2824250 0$ 1' 1(
#2825000 0)
#2825250 0" 0% 1& 0' 0(
#2825500 0*
#2826500 1*
#2826750 1)
#2827125 1! 1" 1$ 1% 1' 1(
#2827875 0)
#2829375 1/
#2829625 1)
#2829875 0% 0& 0(
#2830625 0) 0-
#2830875 0! 0" 0# 0$ 1& 0'
#2831125 0*
#2832125 1*
#2832750 1!
#2833000 0*
#2834000 1*
#2834625 0!
#2834750 1"
#2834875 0*
#2835875 1*
#2836500 1!
#2836750 0*
#2837750 1*
#2839000 1) 1-
#2839125 0!
#2839250 1# 1% 0& 1' 1(
#2840000 0)
#2840250 0" 0# 0% 1& 0' 0(
#2840375 1$
#2840500 0*
#2841500 1*
#2841750 1)
#2842000 0$
#2842125 1' 0,
#2842875 0)
#2843125 1! 1%
#2843375 0+
#2844375 1+
#2844625 1)
#2844750 0%
#2844875 1" 1# 1$ 0&
#2845000 1,
#2845625 0) 0-
#2845875 0! 0" 0$ 1& 0'
#2846125 0*
#2847125 1*
#2847750 1!
#2848000 0*
#2849000 1*
#2849625 0!
#2849750 1"
#2849875 0*
#2850875 1*
#2851500 1!
#2851750 0*
#2852750 1*
#2854000 1) 1-
#2854125 0!
#2854250 1% 0& 1' 1(
#2855000 0)
#2855250 0" 0% 1& 0' 0(
#2855375 1$
#2855500 0*
#2856000 00
#2856500 1*
#2856750 1)
#2857000 0$
#2857125 1" 1% 1' 1(
#2857875 0)
#2858125 1! 1$
#2858375 0*
#2859375 1*
#2859625 1)
#2859875 0% 0& 0(
#2860625 0) 0-
#2860875 0! 0" 0# 1& 0'
#2861125 0*
#2862125 1*
#2862750 1!
#2862875 10
#2863000 0*
#2864000 1*
#2864625 0!
#2864750 1"
#2864875 0*
#2865875 1*
#2866500 1!
#2866750 0*
#2867750 1*
#2869000 1) 1-
#2869250 0! 1# 0$ 1% 0& 1' 1(
#2870000 0)
#2870250 0" 0# 1& 0' 0(
#2870500 0*
#2871500 1*
#2871750 1)
#2872125 1! 1" 1# 1$ 1' 1(
#2872875 0)
#2874625 1)
#2874875 0% 0& 0(
#2875625 0) 0-
#2875875 0! 0" 0'
#2876000 1&
#2876125 0*
#2877125 1*
#2877750 1!
#2878000 0*
#2879125 1*
#2879625 0!
#2879750 1"
#2879875 0*
#2881000 1*
#2881500 1!
#2881750 0*
#2882875 1*
#2884000 1) 1-
#2884250 0! 0$ 1% 0& 1' 1(
#2885125 0)
#2885250 0" 0' 0(
#2885375 1&
#2885500 0*
#2886625 1*
#2886750 1)
#2887000 0# 0%
#2887125 1'
#2887875 0)
#2888125 1" 1%
#2888375 0+
#2889375 1+ 0/
#2889625 1)
#2889875 1! 1# 1$ 0% 0&
#2890625 0-
#2890750 0)
#2890875 0! 0" 0# 0$ 0'
#2891000 1% 1&
#2891125 0*
#2892250 1*
#2892875 1!
#2893125 0*
#2894125 1*
#2894625 0!
#2894750 1"
#2895000 0*
#2896000 1*
#2896375 1/
#2896625 1!
#2896875 0*
#2897875 1*
#2899000 1) 1-
#2899250 0! 1# 0& 1' 1(
#2900125 0)
#2900250 0" 0# 0' 0(
#2900375 1$ 1&
#2900625 0*
#2901625 1*
#2901750 1)
#2902125 1! 1" 1# 1' 1(
#2902875 0)
#2904625 1)
#2904875 0% 0& 0(
#2905625 0-
#2905750 0)
#2905875 0! 0" 0$ 0'
#2906000 1% 1&
#2906250 0*
#2907250 1*
#2907875 1!
#2908125 0*
#2909125 1*
#2909625 0!
#2909750 1"
#2910000 0*
#2911000 1*
#2911625 1!
#2911875 0*
#2912875 1*
#2914000 1) 1-
#2914250 0! 0& 1' 1(
#2915125 0)
#2915250 0" 0' 0(
#2915375 1$ 1&
#2915625 0*
#2916625 1*
#2916750 1)
#2917000 0$
#2917125 1! 1" 1' 1(
#2917875 0)
#2918125 1$
#2918375 0+
#2919375 1+
#2919625 1)
#2919875 0% 0& 0(
#2920625 0-
#2920750 0)
#2920875 0! 0"
#2921000 0# 1% 1& 0'
#2921250 0*
#2922250 1*
#2922875 1!
#2923000 00
#2923125 0*
#2924125 1*
#2924625 0!
#2924750 1"
#2925000 0*
#2926000 1*
#2926625 1!
#2926875 0*
#2927875 1*
#2929000 1) 1-
#2929250 0! 0$ 0&
#2929375 1# 1' 1(
#2930000 10
#2930125 0)
#2930250 0(
#2930375 0" 0# 0%
#2930625 0*
#2931625 1*
#2931875 1)
#2932125 1&
#2932250 0,
#2932875 0)
#2933250 1! 1" 1%
#2933500 0+
#2934500 1+
#2934625 1)
#2934875 0% 0&
#2935000 1# 1$ 1,
#2935750 0) 0-
#2936000 0! 0" 1% 1& 0'
#2936250 0*
#2937250 1*
#2937875 1!
#2938125 0*
#2939125 1*
#2939625 0!
#2939750 1"
#2940000 0*
#2941000 1*
#2941625 1!
#2941875 0*
#2942875 1*
#2944000 1)
#2944125 1-
#2944250 0! 0$ 0&
#2944375 1' 1(
#2945125 0)
#2945375 0" 0% 0(
#2945625 0*
#2946625 1*
#2946875 1)
#2947125 0# 1&
#2948000 0)
#2948250 1# 1%
#2948500 0+
#2949500 1+
#2949625 1)
#2949875 0% 0&
#2950000 1! 1" 1$
#2950750 0) 0-
#2951000 0! 0" 0# 0$
#2951250 0*
#2952250 1*
#2952875 1!
#2953125 0*
#2954125 1*
#2954750 0! 1"
#2955000 0*
#2956000 1*
#2956500 0/
#2956625 1!
#2956875 0*
#2957875 1*
#2959125 1) 1-
#2959250 0!
#2959375 1# 1% 1(
#2960125 0)
#2960375 0" 0# 0% 0(
#2960500 1$
#2960625 0*
#2961625 1*
#2961875 1)
#2962250 1! 1" 1# 1% 1& 1(
#2963000 0)
#2963500 1/
#2964750 1)
#2965000 0% 0& 0(
#2965750 0) 0-
#2966000 0! 0" 0$
#2966250 0*
#2967250 1*
#2967875 1!
#2968125 0*
#2969125 1*
#2969750 0!
#2969875 1"
#2970000 0*
#2971000 1*
#2971625 1!
#2971875 0*
#2972875 1*
#2974125 1) 1-
#2974375 0! 1% 1(
#2975125 0)
#2975375 0" 0% 0(
#2975500 1$
#2975625 0*
#2976750 1*
#2976875 1)
#2977125 0#
#2977250 1% 1& 1(
#2978000 0)
#2978250 1! 1" 1#
#2978500 0*
#2979500 1*
#2979750 1)
#2980000 0% 0& 0(
#2980750 0-
#2980875 0)
#2981000 0! 0" 0#
#2981250 0*
#2982375 1*
#2983000 1!
#2983250 0*
#2984250 1*
#2984750 0!
#2984875 1"
#2985125 0*
#2986125 1*
#2986750 1!
#2987000 0*
#2988000 1*
#2989125 1) 1-
#2989375 0! 0$ 1(
#2989500 1# 1%
#2990125 00
#2990250 0)
#2990375 0" 0# 0(
#2990750 0*
#2991750 1*
#2991875 1)
#2992125 0%
#2992250 1&
#2992375 0,
#2993000 0)
#2993250 1! 1# 1%
#2993500 0+
#2994500 1+
#2994750 1)
#2995000 0% 0&
#2995125 1" 1$ 1,
#2995750 0-
#2995875 0)
#2996000 0! 0"
#2996375 0*
#2997125 10
#2997375 1*
#2998000 1!
#2998250 0*
#2999250 1*
#2999750 0!
#2999875 1"
#3000125 0*
#3001125 1*
#3001750 1!
#3002000 0*
#3003000 1*
#3004125 1) 1-
#3004375 0! 0$ 1(
#3004500 1%
#3005250 0)
#3005375 0" 0(
#3005750 0*
#3006750 1*
#3007000 1)
#3007250 1! 1" 1$ 1& 1(
#3008000 0)
#3009750 1)
#3010000 0% 0& 0(
#3010875 0) 0-
#3011000 0! 0"
#3011125 0# 0$ 1%
#3011375 0*
#3012375 1*
#3013000 1!
#3013250 0*
#3014250 1*
#3014750 0!
#3014875 1"
#3015125 0*
#3016125 1*
#3016750 1!
#3017000 0*
#3018000 1*
#3019125 1)
#3019250 1-
#3019375 0!
#3019500 1# 1(
#3020250 0)
#3020375 0(
#3020500 0" 0# 1$
#3020750 0*
#3021750 1*
#3022000 1)
#3022250 0$ 0% 1&
#3023000 0)
#3023375 1" 1# 1%
#3023625 0+ 0/
#3024625 1+
#3024750 1)
#3025000 0% 0&
#3025125 1! 1$
#3025875 0) 0-
#3026000 0!
#3026125 0" 0$ 1%
#3026375 0*
#3027375 1*
#3028000 1!
#3028250 0*
#3029250 1*
#3029750 0!
#3029875 1"
#3030125 0*
#3030625 1/
#3031125 1*
#3031750 1!
#3032000 0*
#3033000 1*
#3034125 1)
#3034250 1-
#3034375 0!
#3034500 1(
#3035250 0)
#3035500 0" 1$ 0(
#3035750 0*
#3036750 1*
#3037000 1)
#3037250 1! 0# 1& 1(
#3038125 0)
#3038375 1" 1#
#3038625 0+
#3039625 1+
#3039750 1)
#3040000 0& 0(
#3040125 0%
#3040875 0) 0-
#3041125 0! 0" 0# 1%
#3041375 0*
#3042375 1*
#3043000 1!
#3043250 0*
#3044250 1*
#3044875 0! 1"
#3045125 0*
#3046125 1*
#3046750 1!
#3047000 0*
#3048000 1*
#3049125 1)
#3049250 1-
#3049375 0!
#3049500 1# 0$ 1(
#3050250 0)
#3050500 0" 0# 0% 1& 0(
#3050750 0*
#3051750 1*
#3052000 1)
#3052375 0,
#3053125 0)
#3053375 1! 1" 1# 1%
#3053625 0+
#3054625 1+
#3054750 1)
#3055000 0% 0&
#3055125 1$
#3055250 1,
#3055875 0) 0-
#3056125 0! 0" 1%
#3056375 0*
#3057250 00
#3057375 1*
#3058000 1!
#3058250 0*
#3059250 1*
#3059875 0! 1"
#3060125 0*
#3061125 1*
#3061750 1!
#3062000 0*
#3063000 1*
#3064125 10
#3064250 1) 1-
#3064375 0!
#3064500 0$ 1(
#3065250 0)
#3065500 0" 0% 1& 0(
#3065750 0*
#3066750 1*
#3067000 1)
#3067375 1! 1" 1$ 1% 1(
#3068125 0)
#3069750 1)
#3070125 0% 0& 0(
#3070875 0) 0-
#3071125 0! 0" 0# 0$ 1&
#3071375 0*
#3072375 1*
#3073000 1!
#3073250 0*
#3074250 1*
#3074875 0! 1"
#3075125 0*
#3076125 1*
#3076750 1!
#3077000 0*
#3078000 1*
#3079125 1)
#3079250 1-
#3079375 0!
#3079500 1# 1% 0& 1(
#3080250 0)
#3080500 0" 0# 1$ 0% 1& 0(
#3080750 0*
#3081750 1*
#3082000 1)
#3082250 0$
#3083125 0)
#3083375 1$ 1%
#3083625 0+
#3084625 1+
#3084750 1)
#3085000 0%
#3085125 1! 1" 1# 0&
#3085875 0) 0-
#3086125 0! 0" 0$ 1&
#3086375 0*
#3087375 1*
#3088000 1!
#3088250 0*
#3089250 1*
#3089875 0! 1"
#3090125 0*
#3090625 0/
#3091125 1*
#3091750 1!
#3092000 0*
#3093000 1*
#3094125 1)
#3094250 1-
#3094375 0! 0&
#3094500 1% 1(
#3095250 0)
#3095500 0" 1$ 0% 1& 0(
#3095750 0*
#3096750 1*
#3097000 1)
#3097250 0# 1(
#3097375 1" 1%
#3097625 1/
#3098125 0)
#3098375 1! 1#
#3098625 0*
#3099625 1*
#3099750 1)
#3100000 0% 0(
#3100125 0&
#3100875 0) 0-
#3101125 0! 0" 0# 1&
#3101375 0*
#3102375 1*
#3103000 1!
#3103250 0*
#3104250 1*
#3104875 0! 1"
#3105125 0*
#3106125 1*
#3106750 1!
#3107000 0*
#3108000 1*
#3109125 1)
#3109250 1-
#3109375 0! 0&
#3109500 1# 0$ 1% 1(
#3110250 0)
#3110500 0" 0# 1& 0(
#3110750 0*
#3111750 1*
#3112000 1)
#3112250 0%
#3112375 0,
#3113125 0)
#3113375 1! 1$ 1%
#3113625 0+
#3114625 1+
#3114750 1)
#3115000 0% 0&
#3115125 1" 1#
#3115250 1,
#3115875 0) 0-
#3116125 0! 0" 1&
#3116375 0*
#3117375 1*
#3118000 1!
#3118250 0*
#3119250 1*
#3119875 0! 1"
#3120125 0*
#3121125 1*
#3121750 1!
#3122000 0*
#3123000 1*
#3124125 1)
#3124250 1- 00
#3124375 0! 0$ 0&
#3124500 1% 1(
#3125250 0)
#3125375 0(
#3125500 0" 1&
#3125750 0*
#3126750 1*
#3127000 1)
#3127250 1! 1" 1$ 1(
#3128125 0)
#3129750 1)
#3130000 0% 0& 0(
#3130875 0) 0-
#3131125 0! 0" 0# 0$ 1% 1&
#3131250 10
#3131375 0*
#3132375 1*
#3133000 1!
#3133250 0*
#3134250 1*
#3134750 0!
#3134875 1"
#3135125 0*
#3136125 1*
#3136750 1!
#3137000 0*
#3138000 1*
#3139125 1) 1-
#3139375 0! 0&
#3139500 1# 1(
#3140250 0)
#3140375 0# 0(
#3140500 0" 1$ 1&
#3140750 0*
#3141750 1*
#3142000 1)
#3142250 1! 1" 1# 1(
#3143000 0)
#3144750 1)
#3145000 0% 0& 0(
#3145875 0) 0-
#3146000 0! 0"
#3146125 0$ 1% 1&
#3146375 0*
#3147375 1*
#3148000 1!
#3148250 0*
#3149250 1*
#3149750 0!
#3149875 1"
#3150125 0*
#3151125 1*
#3151750 1!
#3152000 0*
#3153000 1*
#3154125 1) 1-
#3154375 0! 0& 1(
#3155250 0)
#3155375 0" 0(
#3155500 1$ 1&
#3155750 0*
#3156750 1*
#3156875 1)
#3157125 0#
#3157250 1! 1" 1(
#3157750 0/
#3158000 0)
#3158250 1#
#3158500 0+
#3159500 1+
#3159750 1)
#3160000 0% 0& 0(
#3160750 0-
#3160875 0)
#3161000 0! 0" 0#
#3161125 1% 1&
#3161375 0*
#3162375 1*
#3163000 1!
#3163250 0*
#3164250 1*
#3164750 0! 1/
#3164875 1"
#3165125 0*
#3166125 1*
#3166750 1!
#3167000 0*
#3168000 1*
#3169125 1) 1-
#3169375 1(
#3169500 1#
#3170250 0)
#3170750 0+
#3171750 1+
#3171875 1)
#3172125 0#
#3172250 0! 0" 0$ 0% 0(
#3172375 0,
#3173000 0)
#3173250 1" 1$ 1%
#3173500 0+
#3174500 1+
#3174750 1)
#3175000 1! 1# 0% 0&
#3175125 1,
#3175750 0-
#3175875 0)
#3176000 0! 0"
#3176125 1% 1&
#3176375 0*
#3177375 1*
#3178000 1!
#3178250 0*
#3179250 1*
#3179750 0!
#3179875 1"
#3180125 0*
#3181125 1*
#3181750 1!
#3182000 0*
#3183000 1*
#3184125 1) 1-
#3184375 0! 0$ 0& 1(
#3185250 0)
#3185375 0" 0# 0% 0' 0(
#3185625 0*
#3186750 1*
#3187375 1!
#3187500 0*
#3188625 1*
#3189125 0!
#3189250 1"
#3189375 0*
#3190250 1)
#3190375 1*
#3190500 1# 1% 1' 1(
#3191250 0)
#3191375 00
#3191500 0" 0# 0% 0' 0(
#3191750 0*
#3192750 1*
#3193375 1!
#3193625 0*
#3194625 1*
#3195250 0! 1"
#3195500 0*
#3196250 1)
#3196500 1*
#3196625 1! 1# 1$ 1% 1& 1' 1(
#3197375 0)
#3198375 10
#3199125 1)
#3199375 0! 0" 0# 0&
#3200125 0)
#3200375 0% 0' 0(
#3200500 1" 1#
#3200625 0*
#3201625 1*
#3202375 1%
#3202500 0*
#3203500 1*
#3203750 1)
#3204000 0" 0$
#3204125 1' 1(
#3204875 0)
#3205000 0(
#3205125 1" 1$ 0% 0'
#3205375 0*
#3206375 1*
#3206625 1)
#3206750 0"
#3206875 0# 1% 1' 1(
#3207625 0)
#3207875 1" 1# 0% 0' 0(
#3208125 0*
#3209125 1*
#3209750 1%
#3210000 0*
#3211000 1*
#3211250 1)
#3211500 0" 0$
#3211625 1' 1(
#3212375 0)
#3212500 0' 0(
#3212625 1" 1$ 0%
#3212875 0*
#3213875 1*
#3214125 1)
#3214375 0$ 1% 1' 1(
#3215125 0)
#3215375 0" 0# 0% 0' 0(
#3215625 0*
#3216625 1*
#3217250 1!
#3217500 0*
#3218500 1*
#3219125 0! 1"
#3219375 0*
#3220125 1)
#3220375 1*
#3220500 1# 1% 1' 1(
#3221250 0)
#3221500 0" 0# 0% 0' 0(
#3221750 0*
#3222750 1*
#3223375 1!
#3223625 0*
#3224625 1*
#3224875 0/
#3225125 0!
#3225250 1"
#3225500 0*
#3226750 1)
#3227000 1*
#3227375 0"
#3227500 1& 1'
#3228250 0)
#3228500 1! 1" 1%
#3228625 1$
#3228750 0+
#3229750 1+
#3230500 1)
#3230750 0! 0" 0& 1(
#3231625 0)
#3231875 1/
#3232250 1" 1# 0% 0' 0(
#3232500 0*
#3233500 1*
#3234125 1%
#3234375 0*
#3235375 1*
#3235625 1)
#3235875 0" 0$ 1' 1(
#3236750 0)
#3236875 0% 0' 0(
#3237000 1" 1$
#3237250 0*
#3238250 1*
#3238375 1)
#3238625 0" 0#
#3238750 1% 1' 1(
#3239500 0)
#3239750 1" 1# 0% 0' 0(
#3240000 0*
#3241000 1*
#3241625 1%
#3241875 0*
#3242875 1*
#3243125 1)
#3243375 0" 0$ 1' 1(
#3244250 0)
#3244375 0% 0' 0(
#3244500 1" 1$
#3244750 0*
#3245750 1*
#3245875 1)
#3246125 0$
#3246250 1% 1' 1(
#3247000 0)
#3247250 0" 0# 0% 0' 0(
#3247500 0*
#3248500 1*
#3249125 1!
#3249375 0*
#3250375 1*
#3251000 0! 1"
#3251250 0*
#3252000 1)
#3252250 1*
#3252375 1# 1% 1' 1(
#3253125 0)
#3253250 0(
#3253375 0" 0# 0% 0'
#3253625 0*
#3254625 1*
#3255250 1!
#3255500 0*
#3256500 1*
#3257000 0!
#3257125 1"
#3257375 0*
#3258125 1)
#3258375 0" 1' 1* 00
#3258500 1& 0,
#3259250 0)
#3259500 1# 1$ 1%
#3259750 0+
#3260750 1+
#3260875 1)
#3261125 0# 0&
#3261250 1( 1,
#3262000 0)
#3262250 1" 1# 0% 0' 0(
#3262500 0*
#3263500 1*
#3264125 1%
#3264375 0*
#3265375 1* 10
#3265625 1)
#3265875 0" 0$ 1' 1(
#3266750 0)
#3266875 0% 0' 0(
#3267000 1" 1$
#3267250 0*
#3268250 1*
#3268375 1)
#3268625 0" 0#
#3268750 1% 1' 1(
#3269500 0)
#3269750 1" 1# 0% 0' 0(
#3270000 0*
#3271000 1*
#3271625 1%
#3271875 0*
#3272875 1*
#3273125 1)
#3273375 0" 0$ 1' 1(
#3274250 0)
#3274375 0% 0' 0(
#3274500 1" 1$
#3274750 0*
#3275750 1*
#3275875 1)
#3276125 0$
#3276250 1% 1' 1(
#3277000 0)
#3277250 0" 0# 0% 0' 0(
#3277500 0*
#3278500 1*
#3279125 1!
#3279375 0*
#3280375 1*
#3281000 0! 1"
#3281250 0*
#3282000 1)
#3282250 1*
#3282375 1# 1% 1' 1(
#3283125 0)
#3283250 0(
#3283375 0" 0# 0% 0'
#3283625 0*
#3284625 1*
#3285250 1!
#3285500 0*
#3286500 1*
#3287000 0!
#3287125 1"
#3287375 0*
#3288125 1)
#3288375 0" 1' 1*
#3288500 1&
#3289250 0)
#3289500 1! 1# 1$ 1%
#3289750 0+
#3290750 1+
#3290875 1)
#3291125 0! 0#
#3291250 0& 1(
#3291875 0/
#3292000 0)
#3292250 1" 1# 0% 0' 0(
#3292500 0*
#3293500 1*
#3294125 1%
#3294375 0*
#3295375 1*
#3295625 1)
#3295875 0" 0$ 1' 1(
#3296750 0)
#3296875 0% 0' 0(
#3297000 1" 1$
#3297250 0*
#3298250 1*
#3298375 1)
#3298625 0" 0#
#3298750 1% 1' 1(
#3298875 1/
#3299500 0)
#3299750 1" 1# 0% 0' 0(
#3300000 0*
#3301000 1*
#3301625 1%
#3301875 0*
#3302875 1*
#3303125 1)
#3303375 0" 0$ 1(
#3303500 1'
#3304250 0)
#3304375 0' 0(
#3304500 1" 1$ 0%
#3304750 0*
#3305750 1*
#3305875 1)
#3321250 0" 0# 0$ 1& 1'
#3321375 0,
#3322000 0)
#3322375 1" 1# 1$ 1%
#3322500 0+
#3323625 1+
#3323750 1)
#3325000 1! 1(
#3325125 1,
#3325500 00
#3325750 0)
#3327500 1)
#3330625 0! 0$ 0&
#3331375 0)
#3331625 0" 0# 0% 0' 0(
#3331875 0*
#3332500 10
#3333000 1*
#3333125 1)
#3333500 1! 1" 1# 1$ 1% 1& 1' 1(
#3334250 0)
#3336000 1)
#3337125 0)
#3337625 0+
#3338625 1+
#3339500 0+
#3340500 1+
#3341375 0+
#3342375 1+
#3343250 0+
#3344250 1+
#3345375 1)
#3345625 0! 0$ 0&
#3346500 0)
#3346625 0" 0% 0' 0(
#3347000 0*
#3348000 1*
#3348125 1)
#3348375 0#
#3348500 1& 1'
#3349250 0)
#3349500 1! 1" 1# 1$ 1%
#3349750 0+
#3350750 1+
#3351000 1)
#3351250 0% 0&
#3352000 0-
#3352125 0)
#3352250 0! 0" 0# 0$ 0'
#3352375 1(
#3352625 0*
#3353625 1*
#3354250 1!
#3354500 0*
#3355500 1*
#3356000 0!
#3356125 1"
#3356375 0*
#3357375 1*
#3358000 1!
#3358250 0*
#3359000 0/
#3359250 1*
#3360375 1) 1-
#3360625 0! 1'
#3360750 1# 1%
#3361500 0)
#3361625 0# 0% 0' 0(
#3361750 0" 1$
#3362000 0*
#3363000 1*
#3363125 1)
#3363500 1! 1" 1# 1% 1& 1' 1(
#3364250 0)
#3366000 1) 1/
#3366250 0% 0& 0(
#3367125 0) 0-
#3367250 0! 0" 0'
#3367375 0$ 1(
#3367625 0*
#3368625 1*
#3369250 1!
#3369500 0*
#3370500 1*
#3371000 0!
#3371125 1"
#3371375 0*
#3372375 1*
#3373000 1!
#3373250 0*
#3374250 1*
#3375375 1) 1-
#3375625 0!
#3375750 1% 1'
#3376500 0)
#3376625 0'
#3376750 0" 1$ 0% 0(
#3377000 0*
#3378000 1*
#3378250 1)
#3378500 1% 1& 1' 1(
#3379250 0)
#3379625 1! 1"
#3379750 0*
#3380750 1*
#3381000 1)
#3381250 0% 0& 0(
#3382125 0) 0-
#3382375 0! 0" 0# 0' 1(
#3382625 0*
#3383625 1*
#3384250 1!
#3384500 0*
#3385500 1*
#3386000 0!
#3386125 1"
#3386375 0*
#3387375 1*
#3388000 1!
#3388250 0*
#3389250 1*
#3390375 1)
#3390500 1-
#3390625 0! 0$
#3390750 1# 1% 1'
#3391500 0)
#3391750 0" 0# 0' 0(
#3392000 0*
#3393000 1*
#3393250 1)
#3393500 0% 1& 1'
#3393625 0,
#3394375 0)
#3394500 0& 0'
#3394625 1(
#3394875 0+
#3395875 1+
#3396000 1)
#3396250 0(
#3396375 1! 1" 1# 1$ 1'
#3396500 1,
#3397125 0) 0-
#3397375 0! 0" 0' 1(
#3397625 0*
#3398625 1*
#3399250 1!
#3399500 0*
#3400500 1*
#3401125 0! 1"
#3401375 0*
#3402375 1*
#3403000 1!
#3403250 0*
#3404250 1*
#3405375 1)
#3405500 1-
#3405625 0!
#3405750 0$ 1% 1'
#3406500 0)
#3406750 0" 0' 0(
#3407000 0*
#3408000 1*
#3408250 1)
#3408625 1! 1" 1$ 1& 1' 1(
#3409375 0)
#3411125 1)
#3411375 0% 0& 0(
#3412125 0) 0-
#3412375 0! 0" 0# 0$ 1% 0' 1(
#3412625 0*
#3413625 1*
#3414250 1!
#3414500 0*
#3415500 1*
#3416125 0!
#3416250 1"
#3416375 0*
#3417375 1*
#3418000 1!
#3418250 0*
#3419250 1*
#3420500 1) 1-
#3420625 0!
#3420750 1# 1'
#3421500 0)
#3421750 0" 0# 0' 0(
#3421875 1$
#3422000 0*
#3423000 1*
#3423250 1)
#3423625 1! 1" 1# 1& 1' 1(
#3424375 0)
#3426125 1)
#3426375 0% 0& 0(
#3427125 0) 0-
#3427375 0! 0" 0$ 0' 1(
#3427500 1%
#3427625 0*
#3428750 1*
#3429375 1!
#3429500 0*
#3430625 1*
#3431125 0!
#3431250 1"
#3431375 0*
#3432500 1*
#3433125 1!
#3433250 0*
#3434375 1*
#3435500 1) 1-
#3435750 0! 1'
#3436625 0)
#3436750 0" 0' 0(
#3436875 1$
#3437000 0*
#3438125 1*
#3438250 1)
#3438625 1! 1& 1' 1(
#3439375 0)
#3439625 1"
#3439875 0+
#3440875 1+
#3441125 1)
#3441375 0% 0& 0(
#3442125 0-
#3442250 0)
#3442375 0! 0" 0# 0'
#3442500 1% 1(
#3442750 0*
#3443750 1*
#3444375 1!
#3444625 0*
#3445625 1*
#3446125 0!
#3446250 1"
#3446500 0*
#3447500 1*
#3448125 1!
#3448375 0*
#3449375 1*
#3450500 1) 1-
#3450750 0! 0$ 1'
#3450875 1#
#3451625 0)
#3451750 0" 0# 0% 0' 0(
#3451875 1&
#3452125 0*
#3453125 1*
#3453250 1)
#3453625 1! 1" 1# 1$ 1% 1' 1(
#3454375 0)
#3456125 1)
#3456375 0% 0& 0(
#3457125 0-
#3457250 0)
#3457375 0! 0" 0'
#3457500 1% 1(
#3457750 0*
#3458750 1*
#3459375 1!
#3459625 0*
#3460625 1*
#3461125 0!
#3461250 1"
#3461500 0*
#3462500 1*
#3463125 1!
#3463375 0*
#3464375 1*
#3465500 1) 1-
#3465750 0! 0$
#3465875 1'
#3466625 0)
#3466750 0' 0(
#3466875 0" 0% 1&
#3467125 0*
#3468125 1*
#3468375 1)
#3468625 1! 1" 1$ 1% 1' 1(
#3469375 0)
#3471125 1)
#3471375 0% 0& 0(
#3472250 0) 0-
#3472375 0!
#3472500 0" 0# 0$ 1& 0' 1(
#3472750 0*
#3473750 1*
#3474375 1!
#3474625 0*
#3475625 1*
#3476125 0!
#3476250 1"
#3476500 0* 00
#3477500 1*
#3478125 1!
#3478375 0*
#3479375 1*
#3480500 1) 1-
#3480750 0! 0&
#3480875 1# 1% 1'
#3481625 0)
#3481875 0" 0# 1$ 0% 1& 0' 0(
#3482125 0*
#3483125 1*
#3483375 1) 10
#3483625 1! 1" 1# 1% 1' 1(
#3484375 0)
#3486125 1)
#3486375 0% 0& 0(
#3487250 0) 0-
#3487375 0!
#3487500 0" 0$ 1& 0' 1(
#3487750 0*
#3488750 1*
#3489375 1!
#3489625 0*
#3490625 1*
#3491125 0!
#3491250 1"
#3491500 0*
#3492500 1*
#3493125 1!
#3493375 0*
#3494375 1*
#3495500 1)
#3495625 1-
#3495750 0! 0&
#3495875 1% 1'
#3496625 0)
#3496875 0" 1$ 0% 1& 0' 0(
#3497125 0*
#3498125 1*
#3498375 1)
#3498625 1" 1% 1' 1(
#3499500 0)
#3499750 1!
#3499875 0*
#3501000 1*
#3501125 1)
#3501375 0% 0& 0(
#3502250 0) 0-
#3502500 0! 0" 0# 1& 0' 1(
#3502750 0*
#3503750 1*
#3504375 1!
#3504625 0*
#3505625 1*
#3506125 0!
#3506250 1"
#3506500 0*
#3507500 1*
#3508125 1!
#3508375 0*
#3509375 1*
#3509875 0/
#3510500 1)
#3510625 1-
#3510750 0! 0$ 0&
#3510875 1# 1% 1'
#3511625 0)
#3511875 0" 0# 1& 0' 0(
#3512125 0*
#3513125 1*
#3513375 1)
#3513625 0% 1'
#3514375 0)
#3514625 0& 0' 1(
#3514750 1!
#3515000 0+
#3516000 1+
#3516125 1)
#3516375 0(
#3516500 1" 1# 1$ 1'
#3516875 1/
#3517250 0) 0-
#3517500 0! 0" 1& 0' 1(
#3517750 0*
#3518750 1*
#3519375 1!
#3519625 0*
#3520625 1*
#3521125 0!
#3521250 1"
#3521500 0*
#3522500 1*
#3523125 1!
#3523375 0*
#3524375 1*
#3525500 1)
#3525625 1-
#3525750 0! 0$ 0&
#3525875 1% 1'
#3526625 0)
#3526750 0'
#3526875 0" 1& 0(
#3527125 0*
#3528125 1*
#3528375 1)
#3528625 1! 1" 1$ 1' 1(
#3529375 0)
#3531125 1)
#3531375 0% 0& 0(
#3532250 0) 0-
#3532500 0! 0" 0# 0$ 1% 1& 0' 1(
#3532750 0*
#3533750 1*
#3534375 1!
#3534625 0*
#3535625 1*
#3536125 0!
#3536250 1"
#3536500 0*
#3537500 1*
#3538125 1!
#3538375 0*
#3539375 1*
#3540500 1) 1-
#3540750 0! 0&
#3540875 1# 1'
#3541625 0)
#3541750 0# 0'
#3541875 0" 1$ 1& 0(
#3542125 0*
#3543125 1*
#3543375 1)
#3543500 00
#3543625 0$ 0% 1'
#3543750 0,
#3544375 0)
#3544625 0& 0' 1(
#3544750 1"
#3544875 0+
#3546000 1+
#3546125 1)
#3546375 0(
#3546500 1! 1# 1$ 1' 1,
#3547250 0) 0-
#3547375 0! 0'
#3547500 0" 0$ 1% 1& 1(
#3547750 0*
#3548750 1*
#3549375 1!
#3549625 0*
#3550500 10
#3550625 1*
#3551125 0!
#3551250 1"
#3551500 0*
#3552500 1*
#3553125 1!
#3553375 0*
#3554375 1*
#3555500 1) 1-
#3555750 0! 0& 1'
#3556625 0)
#3556750 0' 0(
#3556875 0" 1$ 1&
#3557125 0*
#3558125 1*
#3558375 1)
#3558625 1! 1" 1' 1(
#3559375 0)
#3559875 0+
#3560875 1+
#3561125 1)
#3561375 0% 0& 0(
#3562125 0-
#3562250 0)
#3562375 0! 0" 0'
#3562500 0# 1% 1& 1(
#3562750 0*
#3563750 1*
#3564375 1!
#3564625 0*
#3565625 1*
#3566125 0!
#3566250 1"
#3566500 0*
#3567500 1*
#3568125 1!
#3568375 0*
#3569375 1*
#3570500 1) 1-
#3570750 0! 0$ 0& 1'
#3570875 1#
#3571625 0)
#3571750 0" 0# 0% 0(
#3572125 0*
#3573125 1*
#3573250 1)
#3573625 1&
#3574375 0)
#3574625 1! 1" 0& 0' 1(
#3574875 0+
#3575875 1+
#3576125 1)
#3576375 1' 0(
#3576500 1# 1$
#3577000 0/
#3577125 0-
#3577250 0)
#3577375 0! 0" 0'
#3577500 1% 1& 1(
#3577750 0*
#3578750 1*
#3579375 1!
#3579625 0*
#3580625 1*
#3581125 0!
#3581250 1"
#3581500 0*
#3582500 1*
#3583125 1!
#3583375 0*
#3584000 1/
#3584375 1*
#3585500 1) 1-
#3585750 0! 0$ 0& 1'
#3586625 0)
#3586750 0" 0% 0(
#3587125 0*
#3588125 1*
#3588250 1)
#3588625 1! 1" 1$ 1% 1& 1(
#3589375 0)
#3591125 1)
#3591375 0% 0& 0(
#3592125 0-
#3592250 0)
#3592375 0! 0" 0# 0$ 1(
#3592625 0*
#3593750 1*
#3594375 1!
#3594500 0*
#3595625 1*
#3596125 0!
#3596250 1"
#3596375 0*
#3597500 1*
#3598125 1!
#3598250 0*
#3599375 1*
#3600500 1) 1-
#3600750 0! 1# 1%
#3601625 0)
#3601750 0" 0# 0% 0(
#3601875 1$
#3602000 0*
#3603125 1*
#3603250 1)
#3603500 0$
#3603625 1& 0,
#3604375 0)
#3604625 1# 0& 0' 1(
#3604875 0+
#3605875 1+
#3606125 1)
#3606375 1! 1" 1$ 1' 0(
#3606500 1,
#3607125 0) 0-
#3607375 0! 0" 0$ 1(
#3607625 0*
#3608625 1*
#3609250 1!
#3609500 0*
#3610500 1*
#3610625 00
#3611125 0!
#3611250 1"
#3611375 0*
#3612375 1*
#3613000 1!
#3613250 0*
#3614250 1*
#3615500 1) 1-
#3615625 0!
#3615750 1%
#3616500 0)
#3616750 0" 0% 0(
#3616875 1$
#3617000 0*
#3617500 10
#3618000 1*
#3618250 1)
#3618500 0# 0$ 0'
#3619375 0)
#3619625 1! 1" 1# 1$ 1% 1&
#3619875 0*
#3620875 1*
#3621125 1)
#3621250 0% 0&
#3621375 1'
#3622125 0) 0-
#3622375 0! 0" 0# 1(
#3622625 0*
#3623625 1*
#3624250 1!
#3624500 0*
#3625500 1*
#3626125 0! 1"
#3626375 0*
#3627375 1*
#3628000 1!
#3628250 0*
#3629250 1*
#3630500 1) 1-
#3630625 0!
#3630750 1# 0$ 1%
#3631500 0)
#3631750 0" 0# 0(
#3632000 0*
#3633000 1*
#3633250 1)
#3633500 0%
#3633625 1&
#3634375 0)
#3634500 0& 0'
#3634625 1! 1# 1(
#3634875 0+
#3635875 1+
#3636000 1)
#3636250 0(
#3636375 1" 1$ 1'
#3637125 0) 0-
#3637375 0! 0" 1(
#3637625 0*
#3638625 1*
#3639250 1!
#3639500 0*
#3640500 1*
#3641125 0! 1"
#3641375 0*
#3642375 1*
#3643000 1!
#3643250 0*
#3644000 0/
#3644250 1*
#3645375 1)
#3645500 1-
#3645625 0!
#3645750 0$ 1%
#3646500 0)
#3646750 0" 0(
#3647000 0*
#3648000 1*
#3648250 1)
#3648500 1(
#3648625 1! 1" 1$ 1&
#3649375 0)
#3651000 1)
#3651125 1/
#3651250 0&
#3651375 0% 0(
#3652125 0) 0-
#3652375 0! 0" 0# 0$ 1% 1(
#3652625 0*
#3653625 1*
#3654250 1!
#3654500 0*
#3655500 1*
#3656125 0! 1"
#3656375 0*
#3657375 1*
#3658000 1!
#3658250 0*
#3659250 1*
#3660375 1)
#3660500 1-
#3660625 0!
#3660750 1#
#3661500 0)
#3661750 0" 0# 1$ 0(
#3662000 0*
#3663000 1*
#3663250 1)
#3663500 0$ 0% 1&
#3663625 0,
#3664375 0)
#3664500 0& 0'
#3664625 1" 1# 1(
#3664875 0+
#3665875 1+
#3666000 1)
#3666250 0(
#3666375 1! 1$ 1' 1,
#3667125 0) 0-
#3667375 0! 0" 0$ 1% 1(
#3667625 0*
#3668625 1*
#3669250 1!
#3669500 0*
#3670500 1*
#3671000 0!
#3671125 1"
#3671375 0*
#3672375 1*
#3673000 1!
#3673250 0*
#3674250 1*
#3675375 1)
#3675500 1-
#3675625 0!
#3676500 0)
#3676750 0" 1$ 0(
#3677000 0*
#3677625 00
#3678000 1*
#3678250 1)
#3678500 1! 0# 0$ 0% 0'
#3679375 0)
#3679625 1" 1# 1$ 1% 1&
#3679875 0+
#3680875 1+
#3681000 1)
#3681250 0% 0&
#3681375 1'
#3682125 0) 0-
#3682375 0! 0" 0# 1% 1(
#3682625 0*
#3683625 1*
#3684250 1!
#3684500 0*
#3684625 10
#3685500 1*
#3686000 0!
#3686125 1"
#3686375 0*
#3687375 1*
#3688000 1!
#3688250 0*
#3689250 1*
#3690375 1)
#3690500 1-
#3690625 0! 0$
#3690750 1#
#3691500 0)
#3691750 0" 0# 0% 1& 0(
#3692000 0*
#3693000 1*
#3693250 1)
#3693500 1! 1" 1# 1% 1(
#3693625 1$
#3694375 0)
#3696000 1)
#3696250 0% 0& 0(
#3697125 0) 0-
#3697250 0!
#3697375 0" 1% 1(
#3697625 0*
#3698625 1*
#3699250 1!
#3699500 0*
#3700500 1*
#3701000 0!
#3701125 1"
#3701375 0*
#3702375 1*
#3703000 1!
#3703250 0*
#3704250 1*
#3705375 1)
#3705500 1-
#3705625 0! 0$
#3706500 0)
#3706750 0" 0% 1& 0(
#3707000 0*
#3708000 1*
#3708250 1)
#3708500 0#
#3709250 0)
#3709500 0& 0'
#3709625 1! 1" 1# 1(
#3709875 0+
#3710875 1+
#3711000 1)
#3711125 0/
#3711250 0(
#3711375 1$ 1'
#3712125 0) 0-
#3712375 0! 0" 0# 0$ 1& 1(
#3712625 0*
#3713625 1*
#3714250 1!
#3714500 0*
#3715500 1*
#3716000 0!
#3716125 1"
#3716375 0*
#3717375 1*
#3718000 1!
#3718125 1/
#3718250 0*
#3719250 1*
#3720375 1)
#3720500 1-
#3720625 0! 0&
#3720750 1# 1%
#3721500 0)
#3721750 0" 0# 1$ 0% 1& 0(
#3722000 0*
#3723000 1*
#3723250 1)
#3723500 1! 1" 1# 1% 1(
#3724375 0)
#3726000 1)
#3726250 0% 0& 0(
#3727125 0) 0-
#3727375 0! 0" 0$ 1& 1(
#3727625 0*
#3728625 1*
#3729250 1!
#3729500 0*
#3730500 1*
#3731000 0!
#3731125 1"
#3731375 0*
#3732375 1*
#3733000 1!
#3733250 0*
#3734250 1*
#3735375 1)
#3735500 1-
#3735625 0! 0&
#3735750 1%
#3736500 0)
#3736750 0" 1$ 0% 1& 0(
#3737000 0*
#3738000 1*
#3738250 1)
#3738500 1" 0# 0$ 0& 0'
#3739375 0)
#3739625 1! 1# 1$ 1% 1&
#3739875 0*
#3740875 1*
#3741000 1)
#3741250 0% 0&
#3741375 1'
#3742125 0) 0-
#3742375 0! 0" 0# 1& 1(
#3742625 0*
#3743625 1*
#3744250 1!
#3744500 0*
#3744750 00
#3745500 1*
#3746125 0! 1"
#3746375 0*
#3747375 1*
#3748000 1!
#3748250 0*
#3749250 1*
#3750375 1)
#3750500 1-
#3750625 0! 0&
#3750750 1# 0$ 1%
#3751500 0)
#3751750 0" 0# 1& 0( 10
#3752000 0*
#3753000 1*
#3753250 1)
#3753500 0%
#3753625 0,
#3754375 0)
#3754500 0& 0'
#3754625 1$ 1(
#3754875 0+
#3755875 1+
#3756000 1)
#3756250 0(
#3756375 1! 1" 1# 1'
#3756500 1,
#3757125 0) 0-
#3757375 0! 0" 1& 1(
#3757625 0*
#3758625 1*
#3759250 1!
#3759500 0*
#3760500 1*
#3761125 0! 1"
#3761375 0*
#3762375 1*
#3763000 1!
#3763250 0*
#3764250 1*
#3765375 1)
#3765500 1-
#3765625 0!
#3765750 0$ 1% 0&
#3766500 0)
#3766750 0" 1& 0(
#3767000 0*
#3768000 1*
#3768250 1)
#3768500 0# 0%
#3769375 0)
#3769500 0& 0'
#3769625 1! 1$ 1(
#3769875 0+
#3770875 1+
#3771000 1)
#3771250 0(
#3771375 1" 1# 1'
#3772125 0) 0-
#3772375 0! 0" 0# 0$ 1% 1& 1(
#3772625 0*
#3773625 1*
#3774250 1!
#3774500 0*
#3775500 1*
#3776125 0! 1"
#3776375 0*
#3777375 1*
#3778000 1!
#3778250 0* 0/
#3779250 1*
#3780500 1) 1-
#3780625 0!
#3780750 1# 0&
#3781500 0)
#3781750 0" 0# 1& 0(
#3781875 1$
#3782000 0*
#3783000 1*
#3783250 1)
#3783625 1! 1" 1# 1(
#3784375 0)
#3785250 1/
#3786125 1)
#3786375 0% 0& 0(
#3787125 0) 0-
#3787375 0! 0" 0$ 1(
#3787500 1% 1&
#3787625 0*
#3788625 1*
#3789250 1!
#3789500 0*
#3790625 1*
#3791125 0!
#3791250 1"
#3791375 0*
#3792500 1*
#3793000 1!
#3793250 0*
#3794375 1*
#3795500 1) 1-
#3795750 0! 0&
#3796625 0)
#3796750 0" 0(
#3796875 1$ 1&
#3797000 0*
#3798125 1*
#3798250 1)
#3798500 0# 0$ 0% 0& 0'
#3798625 1! 1"
#3799375 0)
#3799625 1# 1$ 1% 1&
#3799875 0+
#3800875 1+
#3801125 1)
#3801375 0% 0& 1'
#3802125 0-
#3802250 0)
#3802375 0! 0" 0#
#3802500 1% 1& 1(
#3802750 0*
#3803750 1*
#3804375 1!
#3804625 0*
#3805625 1*
#3806125 0!
#3806250 1"
#3806500 0*
#3807500 1*
#3808125 1!
#3808375 0*
#3809375 1*
#3810500 1) 1-
#3810875 1#
#3811625 0)
#3811875 00
#3812125 0+
#3813125 1+
#3813250 1)
#3813500 0#
#3813625 0! 0" 0$ 0% 0(
#3813750 0,
#3814375 0)
#3814625 1" 1$ 0& 0' 1(
#3814875 0+
#3815875 1+
#3816125 1)
#3816375 1! 1' 0(
#3816500 1# 1,
#3817125 0-
#3817250 0)
#3817375 0! 0"
#3817500 1% 1& 1(
#3817750 0*
#3818750 1* 10
#3819375 1!
#3819625 0*
#3820625 1*
#3821125 0!
#3821250 1"
#3821500 0*
#3822500 1*
#3823125 1!
#3823375 0*
#3824375 1*
#3825500 1) 1-
#3825750 0! 0$ 0&
#3826625 0)
#3826750 0(
#3826875 0" 0# 0% 0'
#3827125 0*
#3828125 1*
#3828750 1!
#3829000 0*
#3830000 1*
#3830500 0!
#3830625 1"
#3830875 0*
#3831625 1)
#3831875 1*
#3832000 1# 1% 1' 1(
#3832750 0)
#3832875 0" 0# 0% 0' 0(
#3833250 0*
#3834250 1*
#3834875 1!
#3835125 0*
#3836125 1*
#3836625 0!
#3836750 1"
#3837000 0*
#3837750 1)
#3838000 0" 1& 1' 1*
#3838875 0)
#3839000 0& 0'
#3839125 1! 1" 1$ 1(
#3839375 0+
#3840375 1+
#3840500 1)
#3840750 0! 0"
#3840875 1% 1'
#3841625 0)
#3841875 1! 1" 1# 0% 0' 0(
#3842125 0*
#3843125 1*
#3843750 1%
#3844000 0*
#3845000 1*
#3845250 1) 0/
#3845500 0! 0" 0$ 1' 1(
#3846375 0)
#3846500 0% 0' 0(
#3846625 1! 1" 1$
#3846875 0*
#3847875 1*
#3848000 1)
#3848250 0! 0" 0#
#3848375 1% 1' 1(
#3849125 0)
#3849375 1! 1" 1# 0% 0' 0(
#3849625 0*
#3850625 1*
#3851250 1%
#3851500 0*
#3852250 1/
#3852500 1*
#3852750 1)
#3853000 0! 0" 0$ 1' 1(
#3853875 0)
#3854000 0% 0' 0(
#3854125 1! 1" 1$
#3854375 0*
#3855375 1*
#3855500 1)
#3855750 0! 0$
#3855875 1% 1' 1(
#3856625 0)
#3856875 0" 0# 0% 0' 0(
#3857125 0*
#3858125 1*
#3858750 1!
#3859000 0*
#3860000 1*
#3860625 0! 1"
#3860875 0*
#3861625 1)
#3861875 1*
#3862000 1# 1% 1' 1(
#3862750 0)
#3863000 0" 0# 0% 0' 0(
#3863250 0*
#3864250 1*
#3864875 1!
#3865125 0*
#3866125 1*
#3866625 0!
#3866750 1"
#3867000 0*
#3868250 1)
#3868500 1*
#3868875 0"
#3869000 1& 1'
#3869125 0,
#3869750 0)
#3870000 0& 0' 1(
#3870125 1# 1$
#3870250 0+
#3871375 1+
#3872000 1)
#3872250 0# 1'
#3872375 1% 1,
#3873125 0)
#3873750 1! 1" 1# 0% 0' 0(
#3874000 0*
#3875000 1*
#3875750 1%
#3875875 0*
#3876875 1*
#3877125 1)
#3877375 0! 0" 0$
#3877500 1' 1(
#3878250 0)
#3878375 0(
#3878500 1! 1" 1$ 0% 0'
#3878750 0*
#3878875 00
#3879750 1*
#3880000 1)
#3880125 0!
#3880250 0" 0# 1% 1' 1(
#3881000 0)
#3881250 1! 0% 0' 0(
#3881375 1" 1#
#3881500 0*
#3882625 1*
#3883250 1%
#3883375 0*
#3884500 1*
#3884625 1)
#3884875 0! 0" 0$
#3885000 1' 1(
#3885750 0)
#3885875 10
#3886000 1! 1" 1$ 0% 0' 0(
#3886250 0*
#3887250 1*
#3887500 1)
#3887750 0! 0$ 1% 1' 1(
#3888625 0)
#3888750 0" 0# 0% 0' 0(
#3889000 0*
#3890125 1*
#3890750 1!
#3890875 0*
#3892000 1*
#3892500 0!
#3892625 1"
#3892750 0*
#3893625 1)
#3893875 1' 1( 1*
#3894000 1# 1%
#3894625 0)
#3894875 0" 0# 0% 0' 0(
#3895125 0*
#3896125 1*
#3896750 1!
#3897000 0*
#3898000 1*
#3898625 0!
#3898750 1"
#3898875 0*
#3899625 1)
#3899875 0" 1*
#3900000 1& 1'
#3900750 0)
#3901000 1! 1# 1$ 0& 0' 1(
#3901250 0+
#3902250 1+
#3902500 1)
#3902750 0! 0# 1% 1'
#3903625 0)
#3903750 0% 0' 0(
#3903875 1! 1" 1#
#3904125 0*
#3905125 1*
#3905750 1%
#3906000 0*
#3907000 1*
#3907125 1)
#3907375 0! 0" 0$
#3907500 1' 1(
#3908250 0)
#3908500 1! 1" 1$ 0% 0' 0(
#3908750 0*
#3909750 1*
#3910000 1)
#3910250 0! 0" 0# 1% 1' 1(
#3911125 0)
#3911250 0% 0' 0(
#3911375 1! 1" 1#
#3911625 0*
#3912375 0/
#3912625 1*
#3913250 1%
#3913500 0*
#3914500 1*
#3914625 1)
#3914875 0! 0"
#3915000 0$ 1' 1(
#3915750 0)
#3916000 1! 1" 1$ 0% 0' 0(
#3916250 0*
#3917250 1*
#3917500 1)
#3917750 0! 0$ 1' 1(
#3917875 1%
#3918625 0)
#3918750 0" 0# 0% 0' 0(
#3919125 0*
#3919375 1/
#3920125 1*
#3920750 1!
#3921000 0*
#3922000 1*
#3922500 0!
#3922625 1"
#3922875 0*
#3923625 1)
#3923875 1( 1*
#3924000 1# 1% 1'
#3924750 0)
#3924875 0" 0# 0% 0' 0(
#3925125 0*
#3926250 1*
#3926875 1!
#3927000 0*
#3928125 1*
#3928625 0!
#3928750 1"
#3928875 0*
#3929750 1)
#3929875 1*
#3930000 1! 1# 1$ 1% 1& 1' 1(
#3930750 0)
#3932500 1)
#3932750 0! 0" 0# 0&
#3933625 0)
#3933750 0% 0' 0(
#3933875 1! 1" 1#
#3934125 0*
#3935125 1*
#3935750 1%
#3936000 0*
#3937000 1*
#3937250 1)
#3937375 0! 0"
#3937500 0$ 1' 1(
#3938250 0)
#3938500 1! 1" 1$ 0% 0' 0(
#3938750 0*
#3939750 1*
#3940000 1)
#3940250 0! 0" 0# 1' 1(
#3940375 1%
#3941125 0)
#3941250 0% 0' 0(
#3941375 1! 1" 1#
#3941625 0*
#3942625 1*
#3943250 1%
#3943500 0*
#3944500 1*
#3944750 1)
#3944875 0! 0"
#3945000 0$ 1' 1(
#3945750 0)
#3946000 1! 1" 1$ 0% 0' 0( 00
#3946250 0*
#3947250 1*
#3947500 1)
#3953000 10
#3962750 0! 0" 0# 0$ 1'
#3962875 1& 0,
#3963625 0)
#3963750 0& 0'
#3963875 1" 1# 1$ 1(
#3964125 0+
#3965125 1+
#3965250 1)
#3966625 1! 1% 1& 1' 1,
#3967375 0)
#3969000 1)
#3972125 0! 0$ 0&
#3973000 0)
#3973125 0" 0# 0' 0(
#3973250 0%
#3973500 0*
#3974500 1*
#3974625 1)
#3975000 1! 1" 1# 1$ 1% 1& 1' 1(
#3975750 0)
#3977500 1)
#3978625 0)
#3979125 0+
#3979500 0/
#3980125 1+
#3981000 0+
#3982000 1+
#3982875 0+
#3983875 1+
#3984750 0+
#3985750 1+
#3986500 1/
#3986875 1)
#3987125 0! 0$ 0&
#3988000 0)
#3988125 0" 0% 0' 0(
#3988500 0*
#3989500 1*
#3989625 1)
#3990000 1! 1" 1$ 1% 1& 1' 1(
#3990750 0)
#3992500 1)
#3992750 0! 0" 0# 0$ 0& 0(
#3993500 0-
#3993625 0)
#3993750 0% 0'
#3994125 0*
#3995125 1*
#3995750 1!
#3996000 0*
#3997000 1*
#3997500 0!
#3997625 1"
#3997875 0*
#3998875 1*
#3999500 1!
#3999750 0*
#4000750 1*
#4001875 1) 1-
#4002125 0! 1% 1' 1(
#4002250 1#
#4003000 0)
#4003125 0" 0# 0% 0' 0(
#4003250 1$
#4003375 0*
#4004500 1*
#4004625 1)
#4004875 0$
#4005000 1& 1' 0,
#4005750 0)
#4006000 1! 1" 1# 1$ 0& 0' 1(
#4006250 0+
#4007250 1+
#4007500 1)
#4007750 0! 0" 0# 0$ 1% 1' 0(
#4007875 1,
#4008500 0-
#4008625 0)
#4008750 0% 0'
#4008875 1#
#4009000 0*
#4010125 1*
#4010750 1!
#4010875 0*
#4012000 1*
#4012500 0!
#4012625 1"
#4012750 0*
#4013000 00
#4013875 1*
#4014375 1!
#4014625 0*
#4015750 1*
#4016875 1) 1-
#4017125 0! 1% 1' 1(
#4017875 0)
#4018125 0" 0% 0' 0(
#4018250 1$
#4018375 0*
#4019375 1*
#4019625 1)
#4019875 0$
#4020000 10
#4020750 0)
#4021000 1! 1" 1$ 1% 1&
#4021250 0*
#4022250 1*
#4022500 1)
#4022750 0! 0" 0# 0$ 0& 1'
#4023500 0) 0-
#4023750 0% 0'
#4023875 1$
#4024000 0*
#4025000 1*
#4025625 1!
#4025875 0*
#4026875 1*
#4027500 0!
#4027625 1"
#4027750 0*
#4028750 1*
#4029375 1!
#4029625 0*
#4030625 1*
#4031875 1) 1-
#4032000 0!
#4032125 1# 0$ 1% 1' 1(
#4032875 0)
#4033125 0" 0# 0' 0(
#4033375 0*
#4034375 1*
#4034625 1)
#4034875 0%
#4035000 1& 1'
#4035750 0)
#4035875 0& 0'
#4036000 1% 1(
#4036250 0+
#4037250 1+
#4037375 1)
#4037625 0(
#4037750 1'
#4038500 0) 0-
#4038750 0% 0'
#4038875 1# 1$
#4039000 0*
#4040000 1*
#4040625 1!
#4040875 0*
#4041875 1*
#4042500 0! 1"
#4042750 0*
#4043750 1*
#4044375 1!
#4044625 0*
#4045625 1*
#4046500 0/
#4046750 1)
#4046875 1-
#4047000 0!
#4047125 0$ 1% 1' 1(
#4047875 0)
#4048125 0" 0' 0(
#4048375 0*
#4049375 1*
#4049625 1)
#4049875 1' 1(
#4050000 1! 1" 1$ 1&
#4050750 0)
#4052375 1)
#4052750 0! 0" 0# 0$ 0& 0(
#4053500 0) 0- 1/
#4053750 0'
#4054000 0*
#4055000 1*
#4055625 1!
#4055875 0*
#4056875 1*
#4057500 0! 1"
#4057750 0*
#4058750 1*
#4059375 1!
#4059625 0*
#4060625 1*
#4061750 1)
#4061875 1-
#4062000 0!
#4062125 1# 1' 1(
#4062875 0)
#4063125 0" 0# 1$ 0' 0(
#4063375 0*
#4064375 1*
#4064625 1)
#4064875 1! 1" 1' 1(
#4065000 1# 1&
#4065750 0)
#4067375 1)
#4067625 0! 0" 0# 0&
#4067750 0$ 0(
#4068500 0) 0-
#4068750 1# 0'
#4069000 0*
#4070000 1*
#4070625 1!
#4070875 0*
#4071875 1*
#4072375 0!
#4072500 1"
#4072750 0*
#4073750 1*
#4074375 1!
#4074625 0*
#4075625 1*
#4076750 1) 1-
#4077000 0!
#4077125 1' 1(
#4077875 0)
#4078000 0(
#4078125 0" 1$ 0'
#4078375 0*
#4079375 1*
#4079625 1)
#4079875 1! 0$ 0%
#4080125 00
#4080625 0)
#4081000 1" 1$ 1% 1&
#4081250 0+
#4082250 1+
#4082375 1)
#4082625 0! 0" 0# 0$ 0&
#4082750 1'
#4083500 0) 0-
#4083625 0'
#4083750 1$
#4084000 0*
#4085000 1*
#4085625 1!
#4085875 0*
#4086875 1*
#4087125 10
#4087375 0!
#4087500 1"
#4087750 0*
#4088750 1*
#4089375 1!
#4089625 0*
#4090625 1*
#4091750 1) 1-
#4092000 0! 0$
#4092125 1# 1' 1(
#4092875 0)
#4093000 0# 0(
#4093125 0" 0% 1& 0'
#4093375 0*
#4094375 1*
#4094625 1)
#4094875 1'
#4095000 0,
#4095625 0)
