$date Fri Aug 21 10:24:24 2026 $end
$version libsigrok 0.5.2 $end
$comment
  Acquisition with 16/16 channels at 80 MHz
$end
$timescale 100 ps $end
$scope module libsigrok $end
$var wire 1 ! A0 $end
$var wire 1 " A1 $end
$var wire 1 # A2 $end
$var wire 1 $ A3 $end
$var wire 1 % A4 $end
$var wire 1 & A5 $end
$var wire 1 ' A6 $end
$var wire 1 ( A7 $end
$var wire 1 ) RAS $end
$var wire 1 * CAS0 $end
$var wire 1 + CAS1 $end
$var wire 1 , R/W $end
$var wire 1 - VDS $end
$var wire 1 . IRQ $end
$var wire 1 / CSW $end
$var wire 1 0 CSR $end
$upscope $end
$enddefinitions $end
#0 1! 0" 1# 0$ 1% 0& 1' 1( 1) 1* 1+ 1, 1- 0. 1/ 10
#125 0# 0% 0( 0) 0- 00
#250 0! 1# 1$ 1( 10
#500 0*
#1500 1*
#2125 1!
#2375 0*
#3375 1*
#3875 0!
#4000 1"
#4250 0*
#4375 00
#5250 1*
#5875 1!
#6125 0*
#7125 1*
#8250 1)
#8375 1-
#8500 0! 0$
#8625 1%
#9375 0)
#9625 0" 0(
#9875 0*
#10875 1*
#11125 1)
#11375 1! 1( 10
#11500 1" 1$ 1&
#12250 0)
#13875 1)
#14125 0" 0$
#14250 0! 0% 0' 0(
#15000 0) 0-
#15250 0# 1% 0& 1' 1(
#15500 0*
#16500 1*
#17125 1!
#17375 0*
#18375 1*
#19000 0! 1"
#19250 0*
#20250 1*
#20875 1!
#21125 0*
#22125 1*
#23250 1)
#23375 1-
#23500 0!
#23625 1#
#24375 0)
#24625 0" 0# 1$ 0(
#24875 0*
#25875 1*
#26125 1)
#26375 1(
#26500 1! 1" 1# 1&
#27250 0)
#28875 1)
#29250 0! 0" 0$ 0% 0' 0(
#30000 0) 0-
#30250 1% 0& 1' 1(
#30500 0*
#31500 1*
#32125 1!
#32375 0*
#33375 1*
#34000 0! 1"
#34250 0*
#35250 1*
#35875 1!
#36125 0*
#37125 1*
#38250 1)
#38375 1-
#38500 0!
#39375 0)
#39625 0" 1$ 0(
#39875 0*
#40875 1*
#41125 1)
#41375 1! 0# 0$ 0'
#41500 1" 1&
#42250 0)
#42500 1# 1$
#42750 0+
#43750 1+
#43875 1)
#44125 0!
#44250 0" 0$ 0%
#45000 0) 0-
#45250 0# 1% 0& 1' 1(
#45375 1$
#45500 0*
#46500 1*
#47125 1!
#47375 0*
#48375 1*
#49000 0! 1"
#49250 0*
#50250 1*
#50875 1!
#51125 0*
#52125 1*
#53375 1) 1-
#53500 0!
#53625 1# 0$
#54375 0)
#54625 0" 0# 0% 1& 0(
#54875 0*
#55875 1*
#56125 1)
#56375 0& 0'
#56500 1! 1" 1# 1% 1( 0,
#57250 0)
#57375 0! 0" 0#
#57500 0%
#57750 0*
#58750 1*
#58875 1)
#59125 0(
#59250 1# 1&
#59375 1,
#60000 0) 0-
#60250 0& 1(
#60375 1$ 1% 1'
#60500 0*
#61500 1*
#62125 1!
#62375 0*
#63375 1*
#64000 0! 1"
#64250 0*
#65250 1*
#65875 1!
#66125 0*
#67125 1*
#68375 1) 1-
#68500 0!
#68625 0$
#69375 0)
#69625 0" 0% 1& 0(
#69875 0*
#70875 1*
#71125 1)
#71500 1! 1" 1$ 1% 1(
#72250 0)
#73875 1)
#74250 0! 0" 0$ 0% 0' 0(
#75000 0) 0-
#75250 0# 1' 1(
#75500 0*
#76500 1*
#77125 1!
#77375 0*
#78375 1*
#79000 0! 1"
#79250 0*
#80250 1*
#80875 1!
#81125 0*
#82125 1*
#83375 1) 1-
#83500 0!
#83625 1# 1% 0&
#84375 0)
#84625 0" 0# 0% 1& 0(
#84750 1$
#84875 0*
#85875 1*
#86125 1)
#86500 1! 1" 1# 1% 1(
#87250 0)
#88250 00
#88875 1)
#89250 0! 0" 0$ 0% 0' 0(
#90000 0) 0-
#90250 1' 1(
#90500 0*
#91500 1*
#92125 1!
#92375 0*
#93375 1*
#94000 0! 1"
#94250 0*
#95250 1* 10
#95875 1!
#96125 0*
#97125 1*
#98250 1)
#98375 1-
#98500 0!
#98625 1% 0&
#99375 0)
#99625 0" 1$ 0% 1& 0(
#99875 0*
#100875 1*
#101125 1)
#101375 0$ 0'
#101500 1%
#102250 0)
#102500 1! 1" 1$
#102750 0*
#103750 1*
#103875 1)
#104125 0! 0"
#104250 0$ 0%
#105000 0) 0-
#105250 0# 1$ 1' 1(
#105500 0*
#106500 1*
#107125 1!
#107375 0*
#108375 1*
#109000 0! 1"
#109250 0*
#110250 1*
#110875 1!
#111125 0*
#112125 1*
#113250 1)
#113375 1-
#113500 0!
#113625 1# 0$ 1% 0&
#114375 0)
#114625 0" 0# 1& 0(
#114875 0*
#115875 1*
#116125 1)
#116375 0& 0' 1(
#116500 1$ 0,
#117250 0)
#117375 0$ 0% 0(
#117750 0*
#118750 1*
#118875 1)
#119250 1# 1& 1,
#120000 0) 0-
#120250 1$ 1' 1(
#120500 0*
#121500 1*
#122125 1!
#122375 0*
#123375 1*
#124000 0! 1"
#124250 0*
#125250 1*
#125875 1!
#126125 0*
#127125 1*
#128250 1)
#128375 1-
#128500 0! 0$ 0&
#128625 1%
#129375 0)
#129625 0" 1& 0(
#129875 0*
#130875 1*
#131125 1)
#131375 1! 1" 1(
#131500 1$
#132250 0)
#133875 1)
#134125 0! 0" 0$ 0% 0'
#134250 0(
#135000 0) 0-
#135250 0# 1% 1' 1(
#135500 0*
#136500 1*
#137125 1!
#137375 0*
#138375 1*
#138875 0!
#139000 1"
#139250 0*
#140250 1*
#140875 1!
#141125 0*
#142125 1*
#143250 1)
#143375 1-
#143500 0! 0&
#143625 1#
#144375 0)
#144500 0#
#144625 0" 1$ 1& 0(
#144875 0*
#145875 1*
#146125 1)
#146375 1! 1" 1# 1(
#147125 0)
#148875 1)
#149125 0! 0" 0$ 0% 0' 0(
#150000 0) 0-
#150250 1% 1' 1(
#150500 0*
#151500 1*
#152125 1!
#152375 0*
#153375 1*
#153875 0!
#154000 1"
#154250 0*
#155250 1*
#155875 1!
#156125 0*
#157125 1*
#158250 1) 1-
#158500 0! 0&
#159375 0)
#159500 0" 0(
#159625 1$ 1&
#159875 0*
#160875 1*
#161000 1)
#161250 0$
#161375 1! 0'
#162125 0)
#162375 1$
#162500 1"
#162625 0+
#163625 1+
#163875 1)
#164125 0! 0" 0$ 0%
#164875 0-
#165000 0)
#165125 0#
#165250 1$ 1% 1' 1(
#165500 0*
#166500 1*
#167125 1!
#167375 0*
#168375 1*
#168875 0!
#169000 1"
#169250 0*
#170250 1*
#170875 1!
#171125 0*
#172125 1* 00
#173250 1) 1-
#173625 1#
#174375 0)
#174875 0+
#175875 1+
#176000 1)
#176250 0! 0" 0#
#176375 0& 0'
#176500 0,
#177125 0)
#177375 0$ 0%
#177625 0*
#178625 1*
#178875 1)
#179000 10
#179125 1& 0(
#179250 1# 1,
#179875 0-
#180000 0)
#180250 1$ 1% 1' 1(
#180500 0*
#181500 1*
#182125 1!
#182375 0*
#183375 1*
#183875 0!
#184000 1"
#184250 0*
#185250 1*
#185875 1!
#186125 0*
#187125 1*
#188250 1) 1-
#188500 0! 0$ 0&
#189375 0)
#189500 0" 0# 0% 0(
#189625 1&
#189750 0*
#190875 1*
#191500 1!
#191750 0*
#192750 1*
#193250 0!
#193375 1"
#193625 0*
#194375 1)
#194500 0&
#194625 1( 1*
#194750 1# 1%
#195375 0)
#195625 0" 0% 1& 0(
#195875 0*
#196875 1*
#197500 1!
#197750 0*
#198750 1*
#199375 0! 1"
#199625 0*
#200375 1)
#200625 1*
#200750 1! 1$ 1% 1(
#201500 0)
#203250 1)
#203500 0# 0&
#204250 0)
#204500 0" 0% 0' 0(
#204750 0*
#205875 1*
#206500 1%
#206625 0*
#207750 1*
#207875 1)
#208125 0$
#208250 1# 1' 1(
#209000 0)
#209250 0# 1$ 0% 0'
#209500 0*
#210500 1*
#210750 1)
#211000 1" 1% 1'
#211750 0)
#212000 0" 0% 0' 0(
#212125 1&
#212250 0*
#213250 1*
#214000 1%
#214125 0*
#215125 1*
#215375 1)
#215625 0$ 0&
#215750 1# 1' 1(
#216500 0)
#216750 0# 1$ 0'
#217000 0*
#218000 1*
#218250 1)
#218500 0! 1" 1# 0$ 1'
#219250 0)
#219500 0" 0# 0% 0(
#219625 1$ 1&
#219750 0*
#220750 1*
#221375 1!
#221625 0*
#222625 1*
#223250 0!
#223375 1"
#223500 0*
#224250 1)
#224500 0$ 0& 1*
#224625 1# 1% 1(
#225375 0)
#225625 0" 1$ 0% 1& 0(
#225875 0*
#226875 1*
#227500 1!
#227750 0*
#228750 1*
#229250 0!
#229375 1"
#229625 0*
#230875 1)
#231125 1*
#231500 0"
#231625 1! 0# 1% 0& 0' 1(
#231750 0,
#232375 0)
#232625 0! 0$ 0% 0(
#232875 0*
#233875 1*
#234625 1)
#234875 1! 1(
#235000 1" 1$ 1% 1' 1,
#235750 0)
#236375 0" 0% 0(
#236625 0*
#237625 1*
#238250 1%
#238500 0*
#239500 1*
#239750 1)
#240000 0$ 1(
#240125 1#
#240875 0)
#241000 0#
#241125 1$ 0% 1& 0'
#241375 0*
#242375 1*
#242500 1)
#242750 0&
#242875 1" 1% 1'
#243625 0)
#243875 0" 0% 1& 0(
#244125 0*
#245125 1*
#245750 1%
#246000 0*
#247000 1*
#247250 1)
#247500 0$ 0& 1(
#247625 1#
#248375 0)
#248500 0# 0'
#248625 1$ 1&
#248875 0*
#249875 1*
#250000 1)
#250250 0! 0&
#250375 1" 1# 0$ 1'
#251125 0)
#251375 0" 0# 1& 0(
#251625 0*
#252625 1*
#253250 1!
#253500 0*
#254500 1*
#255125 0! 1"
#255375 0*
#256000 00
#256125 1)
#256375 0& 1*
#256500 1# 1(
#257250 0)
#257375 0(
#257500 0" 1&
#257750 0*
#258750 1*
#259375 1!
#259625 0*
#260625 1*
#261125 0!
#261250 1"
#261500 0*
#262250 1)
#262500 1*
#262625 1! 1$ 1(
#262875 10
#263375 0)
#265000 1)
#265375 0# 0&
#266125 0)
#266375 0" 0% 0'
#266625 0*
#267625 1*
#268250 1%
#268500 0*
#269500 1*
#269750 1)
#270000 0$
#270125 1# 1'
#270875 0)
#271000 0# 0%
#271125 1$
#271375 0*
#272375 1*
#272500 1)
#272875 1" 1%
#273625 0)
#273875 0" 0% 1& 0'
#274125 0*
#275125 1*
#275750 1%
#276000 0*
#277000 1*
#277250 1)
#277500 0$ 0&
#277625 1# 1'
#278375 0)
#278500 0#
#278625 1$
#278875 0*
#279875 1*
#280000 1)
#280250 0!
#280375 1" 1# 0$
#281125 0)
#281375 0" 0# 1$ 1& 0(
#281625 0*
#282625 1*
#283250 1!
#283500 0*
#284500 1*
#285125 0! 1"
#285375 0*
#286125 1)
#286375 0$ 0& 1*
#286500 1# 1(
#287250 0)
#287500 0" 1$ 1& 0(
#287750 0*
#288750 1*
#289375 1!
#289625 0*
#290625 1*
#291125 0!
#291250 1"
#291500 0*
#292250 1)
#292500 0" 0# 0& 0' 1*
#292625 1! 1( 0,
#293375 0)
#293500 0!
#293625 0$ 0%
#293875 0*
#294875 1*
#295125 1)
#295375 1! 1" 1$ 1% 1'
#295500 1,
#296125 0)
#296375 0" 0%
#296625 0*
#297625 1*
#298250 1%
#298500 0*
#299500 1*
#299750 1)
#300000 0$
#300125 1#
#300875 0)
#301000 0#
#301125 1$ 0% 1&
#301375 0*
#302375 1*
#302625 1)
#302875 1" 1% 0&
#303625 0)
#303875 0" 0% 1&
#304125 0*
#305125 1*
#305875 1%
#306000 0*
#307000 1*
#307250 1)
#307500 0$ 0&
#307625 1#
#308375 0)
#308625 0# 1$ 1&
#308875 0*
#309875 1*
#310125 1)
#325375 1" 1#
#326250 0)
#327875 1)
#330000 0)
#331625 1)
#334750 0! 0$ 0&
#335625 0)
#335750 0" 0# 0% 0' 0(
#336125 0*
#337125 1*
#337250 1)
#337625 1! 1" 1# 1$ 1% 1& 1' 1(
#338375 0)
#339750 00
#340125 1)
#341250 0)
#341750 0+
#342750 1+
#343625 0+
#344625 1+
#345500 0+
#346500 1+
#346750 10
#347375 0+
#348375 1+
#349500 1)
#349750 0! 0$ 0&
#350625 0)
#350750 0' 0(
#350875 0" 0%
#351125 0*
#352125 1*
#352375 1)
#352500 0#
#352625 1" 1$ 1% 1(
#352750 0,
#353375 0)
#353625 0" 0$ 0% 0(
#353875 0*
#354875 1*
#355125 1)
#355500 1! 1# 1& 1,
#356250 0) 0-
#356375 0! 0# 0&
#356750 0*
#357750 1*
#358375 1!
#358625 0*
#359625 1*
#360125 0!
#360250 1"
#360500 0*
#361500 1*
#362125 1!
#362375 0*
#363375 1*
#364500 1) 1-
#364750 0!
#364875 1# 1% 1' 1(
#365625 0)
#365875 0" 0# 1$ 0% 0' 0(
#366125 0*
#367125 1*
#367375 1)
#367625 1! 1" 1# 1% 1& 1' 1(
#368500 0)
#370125 1)
#370375 0" 0$ 0% 0' 0(
#371250 0) 0-
#371375 0!
#371500 0&
#371750 0*
#372750 1*
#373375 1!
#373625 0*
#374625 1*
#375125 0!
#375250 1"
#375500 0*
#376500 1*
#377125 1!
#377375 0*
#378375 1*
#379500 1)
#379625 1-
#379750 0!
#379875 1% 1' 1(
#380625 0)
#380875 0" 1$ 0% 0' 0(
#381125 0*
#382125 1*
#382375 1)
#382625 0$
#382750 1" 1% 1&
#383500 0)
#383750 1! 1$
#384000 0*
#385000 1*
#385125 1)
#385375 0$ 0%
#385500 0"
#386250 0) 0-
#386500 0! 0# 1$ 0&
#386750 0*
#387750 1*
#388375 1!
#388625 0*
#389625 1*
#390250 0! 1"
#390500 0*
#391500 1*
#392125 1!
#392375 0*
#393375 1*
#394625 1) 1-
#394750 0!
#394875 1# 0$ 1% 1' 1(
#395625 0)
#395875 0" 0# 0' 0(
#396125 0*
#397125 1*
#397375 1)
#397750 1! 1" 1# 1$ 1& 1' 1(
#398500 0)
#400250 1)
#400500 0" 0$ 0% 0' 0(
#401250 0) 0-
#401500 0! 0&
#401625 1$
#401750 0*
#402750 1*
#403375 1!
#403625 0*
#404625 1*
#405250 0!
#405375 1"
#405500 0*
#406500 1*
#407125 1!
#407375 0*
#408500 1*
#409625 1) 1-
#409875 0! 0$ 1% 1' 1(
#410750 0)
#410875 0" 0' 0(
#411125 0*
#412250 1*
#412375 1)
#412625 0#
#412750 1" 1$ 1( 0,
#413500 0)
#413750 0" 0$ 0%
#414000 0*
#415000 1*
#415250 1)
#415500 1! 1# 1& 0(
#415625 1,
#416250 0-
#416375 0)
#416500 0! 0# 0&
#416625 1%
#416750 0*
#417875 1*
#418500 1!
#418750 0*
#419750 1*
#420250 0!
#420375 1"
#420625 0*
#421625 1*
#422250 1!
#422500 0*
#423500 1*
#423625 00
#424625 1) 1-
#424875 0! 1' 1(
#425000 1#
#425750 0)
#425875 0" 0# 0' 0(
#426000 1$
#426250 0*
#427250 1*
#427375 1)
#427750 1! 1" 1# 1& 1' 1(
#428500 0)
#430250 1)
#430500 0" 0$ 0% 0' 0(
#430625 10
#431250 0-
#431375 0)
#431500 0! 0&
#431625 1%
#431875 0*
#432875 1*
#433500 1!
#433750 0*
#434750 1*
#435250 0!
#435375 1"
#435625 0*
#436625 1*
#437250 1!
#437500 0*
#438500 1*
#439625 1) 1-
#439875 0! 1(
#440000 1'
#440750 0)
#440875 0" 0' 0(
#441000 1$
#441250 0*
#442250 1*
#442375 1)
#442625 0$
#442750 1! 1" 1&
#443500 0)
#443750 1$
#444000 0+
#445000 1+
#445250 1)
#445500 0" 0$ 0%
#446375 0) 0-
#446500 0! 0# 0&
#446625 1$ 1%
#446875 0*
#447875 1*
#448500 1!
#448750 0*
#449750 1*
#450250 0!
#450375 1"
#450625 0*
#451625 1*
#452250 1!
#452500 0*
#453500 1*
#454625 1) 1-
#454875 0! 0$
#455000 1# 1' 1(
#455750 0)
#455875 0(
#456000 0" 0# 0% 1& 0'
#456250 0*
#457250 1*
#457500 1)
#457750 1! 1" 1# 1$ 1% 1' 1(
#458500 0)
#460250 1)
#460500 0" 0$ 0% 0' 0(
#461375 0) 0-
#461500 0!
#461625 1$ 1% 0&
#461875 0*
#462875 1*
#463500 1!
#463750 0*
#464750 1*
#465250 0!
#465375 1"
#465625 0*
#466625 1*
#467250 1!
#467500 0*
#468500 1*
#469625 1)
#469750 1-
#469875 0! 0$
#470000 1' 1(
#470750 0)
#470875 0(
#471000 0" 0% 1& 0'
#471250 0*
#472250 1*
#472500 1)
#472750 1! 1" 0# 1% 0& 1(
#472875 1$ 0,
#473625 0)
#473750 0! 0" 0$ 0% 0(
#474000 0*
#475125 1*
#475250 1)
#475625 1! 1# 1& 1,
#476375 0) 0-
#476500 0!
#476625 0#
#476875 0*
#477875 1*
#478500 1!
#478750 0*
#479750 1*
#480250 0!
#480375 1"
#480625 0*
#481625 1*
#482250 1!
#482500 0*
#483500 1*
#484625 1)
#484750 1-
#484875 0! 0&
#485000 1# 1% 1' 1(
#485750 0)
#486000 0" 0# 1$ 0% 1& 0' 0(
#486250 0*
#487250 1*
#487500 1)
#487750 1! 1' 1(
#487875 1" 1# 1%
#488625 0)
#490250 1)
#490500 0" 0% 0' 0(
#490625 0$
#491375 0) 0-
#491625 0!
#491875 0*
#492875 1*
#493500 1!
#493750 0*
#494750 1*
#495375 0! 1"
#495625 0*
#496625 1*
#497250 1!
#497500 0*
#498500 1*
#499625 1)
#499750 1-
#499875 0! 0&
#500000 1% 1' 1(
#500750 0)
#501000 0" 1$ 0% 1& 0' 0(
#501250 0*
#502250 1*
#502500 1)
#502750 0# 1%
#503625 0)
#503875 1! 1" 1#
#504125 0*
#505125 1*
#505250 1)
#505500 0" 0$ 0%
#506375 0) 0-
#506625 0! 0# 1$
#506875 0*
#507500 00
#507875 1*
#508500 1!
#508750 0*
#509750 1*
#510375 0! 1"
#510625 0*
#511625 1*
#512250 1!
#512500 0*
#513500 1*
#514500 10
#514625 1)
#514750 1-
#514875 0! 0$ 0&
#515000 1# 1% 1' 1(
#515750 0)
#516000 0" 0# 1& 0' 0(
#516250 0*
#517250 1*
#517500 1)
#517750 1' 1(
#517875 1! 1" 1# 1$
#518625 0)
#520250 1)
#520500 0" 0$ 0% 0'
#520625 0(
#521375 0) 0-
#521625 0! 1$
#521875 0*
#522875 1*
#523500 1!
#523750 0*
#524750 1*
#525250 0!
#525375 1"
#525625 0*
#526625 1*
#527250 1!
#527500 0*
#528500 1*
#529625 1)
#529750 1-
#529875 0! 0$ 0&
#530000 1% 1' 1(
#530750 0)
#531000 0" 1& 0' 0(
#531250 0*
#532250 1*
#532500 1)
#532750 1! 1" 0# 0& 1(
#532875 1$ 0,
#533625 0)
#533750 0! 0" 0$ 0%
#534000 0*
#535125 1*
#535250 1)
#535500 0(
#535625 1! 1# 1& 1,
#536375 0) 0-
#536500 0!
#536625 0# 1%
#536875 0*
#537875 1*
#538500 1!
#538750 0*
#539750 1*
#540250 0!
#540375 1"
#540625 0*
#541625 1*
#542250 1!
#542500 0*
#543500 1*
#544625 1)
#544750 1-
#544875 0! 0&
#545000 1# 1' 1(
#545750 0)
#545875 0(
#546000 0" 0# 1$ 1& 0'
#546250 0*
#547250 1*
#547500 1)
#547750 1! 1" 1# 1' 1(
#548500 0)
#550250 1)
#550500 0" 0$ 0% 0' 0(
#551375 0) 0-
#551500 0!
#551625 1%
#551875 0*
#552875 1*
#553500 1!
#553750 0*
#554750 1*
#555250 0!
#555375 1"
#555625 0*
#556625 1*
#557250 1!
#557500 0*
#558500 1*
#559625 1) 1-
#559875 0! 0&
#560000 1' 1(
#560750 0)
#560875 0' 0(
#561000 0" 1$ 1&
#561250 0*
#562250 1*
#562500 1)
#562750 1! 0#
#563500 0)
#563875 1" 1#
#564000 0+
#565000 1+
#565250 1)
#565500 0" 0$ 0%
#566375 0) 0-
#566500 0! 0#
#566625 1$ 1%
#566875 0*
#567875 1*
#568500 1!
#568750 0*
#569750 1*
#570250 0!
#570375 1"
#570625 0*
#571625 1*
#572250 1!
#572500 0*
#573500 1*
#574625 1) 1-
#574875 0! 0$ 0& 1' 1(
#575000 1#
#575750 0)
#575875 0" 0# 0% 0(
#576250 0*
#577250 1*
#577375 1)
#577750 1! 1" 1# 1$ 1% 1& 1(
#578500 0)
#580250 1)
#580500 0" 0$ 0% 0' 0(
#581250 0-
#581375 0)
#581500 0!
#581625 1$ 1%
#581875 0*
#582875 1*
#583500 1!
#583750 0*
#584750 1*
#585250 0!
#585375 1"
#585625 0*
#586625 1*
#587250 1!
#587500 0*
#588500 1*
#589625 1) 1-
#589875 0! 0$ 0& 1' 1(
#590750 0)
#590875 0" 0% 0(
#591250 0*
#591375 00
#592250 1*
#592375 1)
#592625 0'
#592750 1$ 1% 1(
#592875 0,
#593500 0)
#593750 0# 0$ 0% 0(
#594000 0*
#595000 1*
#595250 1)
#595500 1! 1# 1&
#595625 1,
#596250 0-
#596375 0)
#596500 0! 0# 0&
#596625 1'
#596875 0*
#597875 1*
#598250 10
#598500 1!
#598750 0*
#599750 1*
#600250 0!
#600375 1"
#600625 0*
#601625 1*
#602250 1!
#602375 0*
#603500 1*
#604625 1) 1-
#604875 0! 1# 1% 1(
#605750 0)
#605875 0" 0# 0% 0(
#606000 1$
#606125 0*
#607250 1*
#607375 1)
#607750 1! 1" 1# 1% 1& 1(
#608500 0)
#610250 1)
#610500 0" 0$ 0% 0' 0(
#611250 0) 0-
#611500 0! 0&
#611625 1'
#611750 0*
#612875 1*
#613375 1!
#613625 0*
#614625 1*
#615250 0!
#615375 1"
#615500 0*
#616500 1*
#617125 1!
#617375 0*
#618375 1*
#619625 1) 1-
#619750 0!
#619875 1% 1(
#620625 0)
#620875 0" 0% 0(
#621000 1$
#621125 0*
#622125 1*
#622375 1)
#622625 0# 0'
#622750 1" 1% 1&
#623500 0)
#623750 1! 1#
#624000 0*
#625000 1*
#625250 1)
#625500 0" 0$ 0%
#626250 0) 0-
#626500 0! 0# 0&
#626625 1$ 1'
#626750 0*
#627750 1*
#628375 1!
#628625 0*
#629625 1*
#630250 0!
#630375 1"
#630500 0*
#631500 1*
#632125 1!
#632375 0*
#633375 1*
#634625 1) 1-
#634750 0!
#634875 1# 0$ 1% 1(
#635625 0)
#635875 0" 0# 0(
#636125 0*
#637125 1*
#637375 1)
#637750 1! 1" 1# 1$ 1& 1(
#638500 0)
#640125 1)
#640500 0" 0$ 0% 0' 0(
#641250 0) 0-
#641500 0! 1$ 0& 1'
#641750 0*
#642750 1*
#643375 1!
#643625 0*
#644625 1*
#645250 0! 1"
#645500 0*
#646500 1*
#647125 1!
#647375 0*
#648375 1*
#649500 1)
#649625 1-
#649750 0!
#649875 0$ 1% 1(
#650625 0)
#650875 0" 0(
#651125 0*
#652125 1*
#652375 1)
#652625 0' 1(
#652750 1$ 0,
#653500 0)
#653625 0# 0$ 0%
#654000 0*
#655000 1*
#655125 1)
#655375 0(
#655500 1! 1# 1&
#655625 1,
#656250 0) 0-
#656500 0! 0# 1% 0& 1'
#656750 0*
#657750 1*
#658375 1!
#658625 0*
#659625 1*
#660250 0! 1"
#660500 0*
#661500 1*
#662125 1!
#662375 0*
#663375 1*
#664500 1)
#664625 1-
#664750 0!
#664875 1# 1(
#665625 0)
#665875 0" 0# 1$ 0(
#666125 0*
#667125 1*
#667375 1)
#667625 1! 1(
#667750 1" 1# 1&
#668500 0)
#670125 1)
#670500 0" 0$ 0% 0' 0(
#671250 0) 0-
#671500 0! 1% 0& 1'
#671750 0*
#672750 1*
#673375 1!
#673625 0*
#674625 1*
#675125 00
#675250 0! 1"
#675500 0*
#676500 1*
#677125 1!
#677375 0*
#678375 1*
#679500 1)
#679625 1-
#679750 0!
#679875 1(
#680625 0)
#680875 0" 1$ 0(
#681125 0*
#682125 1* 10
#682375 1)
#682625 1! 1" 0# 1& 0'
#683500 0)
#683750 1#
#684000 0+
#685000 1+
#685125 1)
#685375 0" 0$ 0%
#686250 0) 0-
#686500 0! 0# 1$ 1% 0& 1'
#686750 0*
#687750 1*
#688375 1!
#688625 0*
#689625 1*
#690250 0! 1"
#690500 0*
#691500 1*
#692125 1!
#692375 0*
#693375 1*
#694500 1)
#694625 1-
#694750 0! 0$
#694875 1# 1(
#695625 0)
#695875 0" 0# 0% 1& 0(
#696125 0*
#697125 1*
#697375 1)
#697625 1! 1(
#697750 1" 1# 1$ 1%
#698500 0)
#700125 1)
#700375 0$ 0% 0(
#700500 0" 0'
#701250 0) 0-
#701500 0! 1$ 1% 0& 1'
#701750 0*
#702750 1*
#703375 1!
#703625 0*
#704625 1*
#705250 0! 1"
#705500 0*
#706500 1*
#707125 1!
#707375 0*
#708375 1*
#709500 1)
#709625 1-
#709750 0! 0$
#709875 1(
#710625 0)
#710875 0" 0% 1& 0(
#711125 0*
#712125 1*
#712375 1)
#712625 1! 1% 0& 0' 1(
#712750 1$ 0,
#713500 0)
#713625 0! 0# 0$ 0% 0(
#713875 0*
#715000 1*
#715125 1)
#715500 1! 1# 1& 1,
#716250 0) 0-
#716500 0! 0# 1'
#716750 0*
#717750 1*
#718375 1!
#718625 0*
#719625 1*
#720250 0! 1"
#720500 0*
#721500 1*
#722125 1!
#722375 0*
#723375 1*
#724500 1)
#724625 1-
#724750 0! 0&
#724875 1# 1% 1(
#725625 0)
#725875 0" 0# 1$ 0% 1& 0(
#726125 0*
#727125 1*
#727375 1)
#727625 1(
#727750 1! 1" 1# 1%
#728500 0)
#730125 1)
#730500 0" 0$ 0% 0' 0(
#731250 0) 0-
#731500 0! 1'
#731750 0*
#732750 1*
#733375 1!
#733625 0*
#734625 1*
#735250 0! 1"
#735500 0*
#736500 1*
#737125 1!
#737375 0*
#738375 1*
#739500 1)
#739625 1-
#739750 0!
#739875 1% 0& 1(
#740625 0)
#740875 0" 1$ 0% 1& 0(
#741125 0*
#742125 1*
#742375 1)
#742625 0'
#742750 1%
#743500 0)
#743750 1! 1"
#744000 0*
#745000 1*
#745125 1)
#745375 0"
#745500 0$ 0%
#746250 0) 0-
#746500 0! 0# 1$ 1'
#746750 0*
#747750 1*
#748375 1!
#748625 0*
#749625 1*
#750250 0!
#750375 1"
#750500 0*
#751500 1*
#752125 1!
#752375 0*
#753375 1*
#754625 1) 1-
#754750 0!
#754875 1# 0$ 1% 0& 1(
#755625 0)
#755875 0" 0# 1& 0(
#756125 0*
#757125 1*
#757375 1)
#757750 1! 1" 1# 1$ 1(
#758500 0)
#759000 00
#760250 1)
#760500 0" 0$ 0% 0' 0(
#761250 0) 0-
#761500 0!
#761625 1$ 1'
#761750 0*
#762750 1*
#763375 1!
#763625 0*
#764625 1*
#765250 0!
#765375 1"
#765500 0*
#766000 10
#766500 1*
#767125 1!
#767375 0*
#768375 1*
#769625 1) 1-
#769875 0! 0$ 1% 0& 1(
#770625 0)
#770875 0" 0(
#771000 1&
#771125 0*
#772250 1*
#772375 1)
#772625 0& 0'
#772750 1! 1$ 1( 0,
#773500 0)
#773750 0! 0# 0$ 0%
#774000 0*
#775000 1*
#775250 1)
#775500 1! 1# 1& 0(
#775625 1,
#776250 0-
#776375 0)
#776500 0! 0#
#776625 1% 1'
#776750 0*
#777875 1*
#778500 1!
#778625 0*
#779750 1*
#780250 0!
#780375 1"
#780500 0*
#781625 1*
#782250 1!
#782500 0*
#783500 1*
#784625 1) 1-
#784875 0! 1# 0& 1(
#785750 0)
#785875 0" 0# 0(
#786000 1$ 1&
#786250 0*
#787250 1*
#787375 1)
#787750 1! 1" 1# 1(
#788500 0)
#790250 1)
#790500 0" 0$ 0% 0' 0(
#791250 0-
#791375 0)
#791500 0!
#791625 1% 1'
#791875 0*
#792875 1*
#793500 1!
#793750 0*
#794750 1*
#795250 0!
#795375 1"
#795625 0*
#796625 1*
#797250 1!
#797500 0*
#798500 1*
#799625 1) 1-
#799875 0! 0& 1(
#800750 0)
#800875 0" 0(
#801000 1$ 1&
#801250 0*
#802250 1*
#802375 1)
#802750 1! 0'
#803500 0)
#803750 1"
#804000 0+
#805000 1+
#805250 1)
#805500 0" 0$ 0%
#806250 0-
#806375 0)
#806500 0! 0#
#806625 1$ 1% 1'
#806875 0*
#807875 1*
#808500 1!
#808750 0*
#809750 1*
#810250 0!
#810375 1"
#810625 0*
#811625 1*
#812250 1!
#812500 0*
#813500 1*
#814625 1) 1-
#815000 1# 1(
#815750 0)
#816250 0+
#817250 1+
#817500 1)
#818500 0)
#820250 1)
#820500 0" 0$ 0% 0' 0(
#821375 0) 0-
#821500 0!
#821625 1$ 1% 1'
#821875 0*
#822875 1*
#823500 1!
#823750 0*
#824750 1*
#825250 0!
#825375 1"
#825625 0*
#826625 1*
#827250 1!
#827500 0*
#828500 1*
#829625 1)
#829750 1-
#829875 0! 0$
#830000 0& 1(
#830750 0)
#831000 0" 0# 0% 1& 0(
#831250 0*
#832250 1*
#832875 1!
#833125 0*
#834125 1*
#834750 0! 1"
#835000 0*
#835750 1)
#836000 0& 1*
#836125 1# 1% 1(
#836875 0)
#837000 0(
#837125 0" 0% 1&
#837375 0*
#838375 1*
#839000 1!
#839250 0*
#840250 1*
#840750 0!
#840875 1"
#841125 0*
#841875 1)
#842125 0& 0' 1*
#842250 1$ 1% 1( 0,
#842875 00
#843000 0)
#843125 0$ 0% 0(
#843250 0" 0#
#843500 0*
#844500 1*
#844625 1)
#845000 1! 1" 1$ 1% 1' 1(
#845125 1,
#845750 0)
#846000 0! 0% 0' 0(
#846250 0*
#847250 1*
#847875 1%
#848125 0*
#849125 1*
#849375 1)
#849625 0" 0$
#849750 1! 1# 1' 1(
#849875 10
#850500 0)
#850625 0!
#850750 1" 0# 1$ 0% 0'
#851000 0*
#852000 1*
#852250 1)
#852500 1! 1% 1'
#853250 0)
#853500 0! 0% 1& 0' 0(
#853750 0*
#854750 1*
#855500 1%
#855625 0*
#856625 1*
#856875 1)
#857125 0" 0$ 0&
#857250 1! 1# 1' 1(
#858000 0)
#858125 0!
#858250 1" 0# 1$ 0'
#858500 0*
#859500 1*
#859750 1)
#860000 1# 0$ 1'
#860750 0)
#861000 0" 0# 0% 0(
#861125 1$ 1&
#861250 0*
#862250 1*
#863000 1!
#863125 0*
#864250 1*
#864750 0!
#864875 1"
#865000 0*
#865750 1)
#866000 0& 1*
#866125 1# 0$ 1(
#866250 1%
#866875 0)
#867125 0" 1$ 0% 1& 0(
#867375 0*
#868375 1*
#869000 1!
#869250 0*
#870250 1*
#870875 0! 1"
#871125 0*
#872375 1)
#872625 1*
#873125 1! 1% 1(
#874000 0)
#876125 1)
#876375 0# 0&
#877250 0)
#877875 0! 0% 0(
#878250 0*
#879250 1*
#879875 1%
#880125 0*
#881125 1*
#881250 1)
#881500 0" 0$
#881625 1! 1# 1(
#882375 0)
#882625 0! 1" 0# 1$ 0% 1& 0'
#882875 0*
#883875 1*
#884125 1)
#884375 1! 0& 1'
#884500 1%
#885250 0)
#885375 0! 0% 0(
#885500 1&
#885750 0*
#886750 1*
#887375 1%
#887625 0*
#888625 1*
#888750 1)
#889000 0" 0&
#889125 1! 1# 0$ 1(
#889875 0)
#890125 0! 1" 0# 1$ 1& 0'
#890375 0*
#891375 1*
#891625 1)
#891875 0$ 0& 1'
#892000 1#
#892750 0)
#892875 0" 0# 0(
#893000 1&
#893250 0*
#894250 1*
#894875 1!
#895125 0*
#896125 1*
#896625 0!
#896750 1"
#897000 0*
#897750 1)
#898000 0& 1( 1*
#898125 1#
#898875 0)
#899000 0" 0(
#899125 1&
#899250 0*
#900375 1*
#901000 1!
#901125 0*
#902250 1*
#902750 0!
#902875 1"
#903000 0*
#903875 1)
#904000 0& 1*
#904125 1$ 0' 1(
#904250 0,
#904875 0)
#905125 0" 0# 0$ 0%
#905375 0*
#906375 1*
#906625 1)
#907000 1! 1" 1$ 1% 1' 1,
#907750 0)
#907875 0! 0% 0'
#908250 0*
#909250 1*
#909875 1%
#910125 0*
#911125 1*
#911375 1)
#911625 1! 0" 1# 0$ 1'
#912375 0)
#912625 0! 0# 0%
#912750 1" 1$
#912875 0*
#913875 1*
#914125 1)
#914500 1! 1%
#915250 0)
#915375 0! 0%
#915500 1& 0'
#915750 0*
#916750 1*
#917375 1%
#917625 0*
#918625 1*
#918875 1)
#919125 1! 0" 1# 0$ 0& 1'
#919875 0)
#920125 0! 0#
#920250 1" 1$
#920375 0*
#921375 1*
#921625 1)
#921875 0$
#922000 1#
#922750 0)
#922875 0#
#923000 0" 1$ 1& 0(
#923250 0*
#924250 1*
#924875 1!
#925125 0*
#926125 1*
#926625 0!
#926750 1" 00
#927000 0*
#927750 1)
#928000 0$ 0& 1*
#928125 1# 1(
#928875 0)
#929000 0" 0(
#929125 1$ 1&
#929375 0*
#930375 1*
#931000 1!
#931250 0*
#932250 1*
#932750 0!
#932875 1"
#933125 0*
#933750 10
#933875 1)
#934125 1! 1( 1*
#934875 0)
#936625 1)
#936875 0# 0&
#937750 0)
#937875 0!
#938000 0%
#938250 0*
#939250 1*
#939875 1%
#940125 0*
#941125 1*
#941375 1)
#941625 1! 0" 1# 0$
#942375 0)
#942625 0! 0# 0%
#942750 1" 1$ 1&
#942875 0*
#943875 1*
#944125 1)
#944375 0&
#944500 1! 1%
#945250 0)
#945375 0! 0%
#945500 1&
#945750 0*
#946750 1*
#947375 1%
#947625 0*
#948625 1*
#948875 1)
#949125 1! 0" 1# 0$ 0&
#949875 0)
#950125 0! 0# 1&
#950250 1" 1$
#950375 0*
#951375 1*
#951625 1)
#966875 0& 0'
#967000 1! 1# 0,
#967750 0)
#967875 0! 0#
#968000 0" 0$ 0% 0(
#968250 0*
#969250 1*
#969500 1)
#970750 1! 1" 1# 1$ 1% 1& 1' 1( 1,
#971500 0)
#973125 1)
#976250 0! 0$ 0&
#977125 0)
#977250 0" 0# 0% 0' 0(
#977625 0*
#978625 1*
#978750 1)
#979125 1! 1" 1# 1$ 1% 1& 1' 1(
#979875 0)
#981625 1)
#982750 0)
#983250 0+
#984250 1+
#985125 0+
#986125 1+
#987000 0+
#988000 1+
#988875 0+
#989875 1+
#991000 1)
#991250 0! 0$ 0&
#992125 0)
#992250 0" 0% 0' 0(
#992625 0*
#993625 1*
#993750 1)
#994125 1! 1" 1$ 1% 1& 1' 1(
#994875 0)
#996625 1)
#996875 0" 0$ 0% 0' 0(
#997625 0-
#997750 0)
#997875 0! 0# 0&
#998000 1(
#998250 0*
#999250 1*
#999875 1!
#1000125 0*
#1001125 1*
#1001625 0!
#1001750 1"
#1002000 0*
#1003000 1*
#1003625 1!
#1003875 0*
#1004875 1*
#1006000 1) 1-
#1006250 0! 1# 1'
#1006375 1%
#1007125 0)
#1007250 0" 0# 0% 0' 0(
#1007375 1$
#1007500 0*
#1008625 1*
#1008750 1)
#1009125 1! 1" 1# 1% 1& 1' 1(
#1009875 0)
#1010625 00
#1011625 1)
#1011875 0" 0$ 0% 0' 0(
#1012625 0) 0-
#1012875 0! 0&
#1013000 1(
#1013125 0*
#1014250 1*
#1014875 1!
#1015000 0*
#1016125 1*
#1016625 0!
#1016750 1"
#1016875 0*
#1017500 10
#1018000 1*
#1018500 1!
#1018750 0*
#1019875 1*
#1021000 1) 1-
#1021250 0! 1% 1'
#1022000 0)
#1022250 0" 0% 0' 0(
#1022375 1$
#1022500 0*
#1023500 1*
#1023750 1)
#1024125 1" 1% 1&
#1024875 0)
#1025125 1!
#1025375 0*
#1026375 1*
#1026625 1)
#1026875 0" 0$ 0%
#1027625 0) 0-
#1027875 0! 0# 0& 1(
#1028000 1$
#1028125 0*
#1029125 1*
#1029750 1!
#1030000 0*
#1031000 1*
#1031625 0!
#1031750 1"
#1031875 0*
#1032875 1*
#1033500 1!
#1033750 0*
#1034750 1*
#1036000 1) 1-
#1036125 0!
#1036250 1# 0$ 1% 1'
#1037000 0)
#1037250 0" 0# 0' 0(
#1037500 0*
#1038500 1*
#1038750 1)
#1039125 1! 1" 1# 1$ 1( 0,
#1039875 0)
#1040000 0! 0" 0# 0$
#1040125 0%
#1040375 0*
#1041375 1*
#1041500 1)
#1041750 0(
#1041875 1! 1# 1&
#1042000 1,
#1042625 0) 0-
#1042875 0! 1$ 0& 1(
#1043125 0*
#1044125 1*
#1044750 1!
#1045000 0*
#1046000 1*
#1046625 0! 1"
#1046875 0*
#1047875 1*
#1048500 1!
#1048750 0*
#1049750 1*
#1050875 1)
#1051000 1-
#1051125 0!
#1051250 0$ 1% 1'
#1052000 0)
#1052250 0" 0' 0(
#1052500 0*
#1053500 1*
#1053750 1)
#1054000 1(
#1054125 1! 1" 1$ 1& 1'
#1054875 0)
#1056500 1)
#1056875 0" 0$ 0% 0' 0(
#1057625 0) 0-
#1057875 0! 0# 1% 0& 1(
#1058125 0*
#1059125 1*
#1059750 1!
#1060000 0*
#1061000 1*
#1061625 0! 1"
#1061875 0*
#1062875 1*
#1063500 1!
#1063750 0*
#1064750 1*
#1065875 1)
#1066000 1-
#1066125 0!
#1066250 1# 1'
#1067000 0)
#1067250 0" 0# 1$ 0' 0(
#1067500 0*
#1068500 1*
#1068750 1)
#1069000 1! 1' 1(
#1069125 1" 1# 1&
#1069875 0)
#1071500 1)
#1071750 0" 0% 0'
#1071875 0$ 0(
#1072625 0) 0-
#1072750 0!
#1072875 1% 0& 1(
#1073125 0*
#1074125 1*
#1074750 1!
#1075000 0*
#1076000 1*
#1076500 0!
#1076625 1"
#1076875 0*
#1077875 1*
#1078500 1!
#1078750 0*
#1079750 1*
#1080875 1)
#1081000 1-
#1081125 0!
#1081250 1'
#1082000 0)
#1082250 0" 1$ 0' 0(
#1082500 0*
#1083500 1*
#1083750 1)
#1084000 1! 1" 1&
#1084750 0)
#1085375 0+
#1086375 1+
#1086500 1)
#1086750 0" 0$ 0%
#1087625 0) 0-
#1087750 0!
#1087875 0# 1$ 1% 0& 1(
#1088125 0*
#1089125 1*
#1089750 1!
#1090000 0*
#1091000 1*
#1091500 0!
#1091625 1"
#1091875 0*
#1092875 1*
#1093500 1!
#1093750 0*
#1094375 00
#1094750 1*
#1095875 1) 1-
#1096125 0! 0$
#1096250 1# 1'
#1097000 0)
#1097250 0" 0# 0% 1& 0' 0(
#1097500 0*
#1098500 1*
#1098750 1)
#1099000 1(
#1099125 0,
#1099750 0)
#1100000 0& 0(
#1100250 0*
#1101250 1*
#1101375 10
#1101500 1)
#1101875 1! 1# 1& 1,
#1102625 0) 0-
#1102750 0! 0&
#1102875 1$ 1% 1(
#1103125 0*
#1104125 1*
#1104750 1!
#1105000 0*
#1106000 1*
#1106500 0!
#1106625 1"
#1106875 0*
#1107875 1*
#1108500 1!
#1108750 0*
#1109750 1*
#1110875 1) 1-
#1111125 0! 0$
#1111250 1'
#1112000 0)
#1112125 0' 0(
#1112250 0" 0% 1&
#1112500 0*
#1113500 1*
#1113750 1)
#1114000 1! 1" 1$ 1% 1' 1(
#1114750 0)
#1116500 1)
#1116750 0" 0$ 0% 0' 0(
#1117625 0) 0-
#1117750 0! 0#
#1117875 1(
#1118125 0*
#1119125 1*
#1119750 1!
#1120000 0*
#1121000 1*
#1121500 0!
#1121625 1"
#1121875 0*
#1122875 1*
#1123500 1!
#1123750 0*
#1124750 1*
#1125875 1) 1-
#1126125 0! 0&
#1126250 1# 1% 1'
#1127000 0)
#1127125 0# 0'
#1127250 0" 1$ 0% 1& 0(
#1127500 0*
#1128500 1*
#1128750 1)
#1129000 1! 1" 1# 1% 1' 1(
#1129750 0)
#1131500 1)
#1131750 0" 0$ 0% 0' 0(
#1132500 0-
#1132625 0)
#1132750 0!
#1132875 1(
#1133125 0*
#1134125 1*
#1134750 1!
#1135000 0*
#1136000 1*
#1136500 0!
#1136625 1"
#1136875 0*
#1137875 1*
#1138500 1!
#1138750 0*
#1139750 1*
#1140875 1) 1-
#1141125 0! 0&
#1141250 1% 1'
#1142000 0)
#1142125 0'
#1142250 0" 1$ 0% 1& 0(
#1142500 0*
#1143500 1*
#1143750 1)
#1143875 0$ 0&
#1144000 0# 1'
#1144750 0)
#1145125 1! 1" 1# 1$ 1% 1&
#1145250 0*
#1146250 1*
#1146500 1)
#1146750 0" 0$ 0% 0'
#1147625 0) 0-
#1147750 0! 0#
#1147875 1$ 1(
#1148125 0*
#1149125 1*
#1149750 1!
#1150000 0*
#1151000 1*
#1151500 0!
#1151625 1"
#1151875 0*
#1152875 1*
#1153500 1!
#1153750 0*
#1154750 1*
#1155875 1) 1-
#1156125 0! 0$ 0&
#1156250 1# 1% 1'
#1157000 0)
#1157125 0#
#1157250 0" 1& 0' 0(
#1157500 0*
#1158500 1*
#1158750 1)
#1159000 0% 1(
#1159125 0,
#1159750 0)
#1160000 0&
#1160250 0*
#1161250 1*
#1161500 1)
#1161750 0(
#1161875 1! 1# 1& 1,
#1162625 0) 0-
#1162750 0!
#1162875 1$ 1(
#1163125 0*
#1164125 1*
#1164750 1!
#1165000 0*
#1166000 1*
#1166500 0!
#1166625 1"
#1166875 0*
#1167875 1*
#1168500 1!
#1168750 0*
#1169750 1*
#1170875 1)
#1171000 1-
#1171125 0! 0$ 0&
#1171250 1% 1'
#1172000 0)
#1172250 0" 1& 0' 0(
#1172500 0*
#1173500 1*
#1173750 1)
#1174000 1! 1" 1$ 1' 1(
#1174875 0)
#1176500 1)
#1176750 0" 0$ 0% 0' 0(
#1177625 0) 0-
#1177875 0! 0# 1% 1(
#1178125 0*
#1178250 00
#1179125 1*
#1179750 1!
#1180000 0*
#1181000 1*
#1181625 0! 1"
#1181875 0*
#1182875 1*
#1183500 1!
#1183750 0*
#1184750 1*
#1185250 10
#1185875 1)
#1186000 1-
#1186125 0! 0&
#1186250 1# 1'
#1187000 0)
#1187250 0" 0# 1$ 1& 0' 0(
#1187500 0*
#1188500 1*
#1188750 1)
#1189000 1(
#1189125 1! 1" 1# 1'
#1189875 0)
#1191500 1)
#1191875 0" 0$ 0% 0' 0(
#1192625 0) 0-
#1192875 0! 1% 1(
#1193125 0*
#1194125 1*
#1194750 1!
#1195000 0*
#1196000 1*
#1196625 0! 1"
#1196875 0*
#1197875 1*
#1198500 1!
#1198750 0*
#1199750 1*
#1200875 1)
#1201000 1-
#1201125 0!
#1201250 0& 1'
#1202000 0)
#1202250 0" 1$ 1& 0' 0(
#1202500 0*
#1203500 1*
#1203750 1)
#1204000 0# 0$ 0% 0&
#1204125 1! 1'
#1204875 0)
#1205125 1" 1# 1$ 1% 1&
#1205375 0+
#1206375 1+
#1206500 1)
#1206875 0" 0$ 0% 0'
#1207625 0) 0-
#1207875 0! 0# 1% 1(
#1208000 1$
#1208125 0*
#1209125 1*
#1209750 1!
#1210000 0*
#1211000 1*
#1211625 0!
#1211750 1"
#1211875 0*
#1212875 1*
#1213500 1!
#1213750 0*
#1214750 1*
#1216000 1) 1-
#1216250 0! 1# 0$ 0& 1'
#1217000 0)
#1217250 0" 0# 0% 0(
#1217500 0*
#1218500 1*
#1218750 1)
#1219000 0'
#1219125 1! 1& 1( 0,
#1219875 0)
#1220000 0!
#1220125 0& 0(
#1220375 0*
#1221375 1*
#1221625 1)
#1221875 1! 1# 1&
#1222000 1,
#1222625 0) 0-
#1222875 0!
#1223000 1$ 1% 1(
#1223125 0*
#1224250 1*
#1224875 1!
#1225000 0*
#1226125 1*
#1226625 0!
#1226750 1"
#1226875 0*
#1228000 1*
#1228625 1!
#1228875 0*
#1229875 1*
#1231000 1) 1-
#1231250 0! 0$ 0& 1'
#1232125 0)
#1232250 0" 0% 0(
#1232625 0*
#1233625 1*
#1233750 1)
#1234125 1! 1" 1$ 1% 1& 1(
#1234875 0)
#1236625 1)
#1236875 0" 0$ 0% 0' 0(
#1237625 0-
#1237750 0)
#1237875 0! 0# 0&
#1238000 1' 1(
#1238250 0*
#1239250 1*
#1239875 1!
#1240125 0*
#1241125 1*
#1241625 0!
#1241750 1"
#1242000 0*
#1243000 1*
#1243625 1!
#1243875 0*
#1244875 1*
#1246000 1) 1-
#1246250 0!
#1246375 1# 1%
#1247125 0)
#1247250 0" 0# 0% 0(
#1247375 1$
#1247625 0*
#1248625 1*
#1248750 1)
#1249125 1! 1" 1# 1% 1& 1(
#1249875 0)
#1251625 1)
#1251875 0" 0$ 0% 0' 0(
#1252625 0-
#1252750 0)
#1252875 0! 0&
#1253000 1' 1(
#1253250 0*
#1254250 1*
#1254875 1!
#1255125 0*
#1256125 1*
#1256625 0!
#1256750 1"
#1257000 0*
#1258000 1*
#1258625 1!
#1258875 0*
#1259875 1*
#1261000 1)
#1261125 1-
#1261250 0!
#1261375 1%
#1262125 0) 00
#1262375 0" 1$ 0% 0(
#1262625 0*
#1263625 1*
#1263875 1)
#1264125 1" 0# 0$
#1264875 0)
#1265250 1! 1# 1$ 1% 1&
#1265375 0*
#1266500 1*
#1266625 1)
#1266875 0" 0$ 0% 0'
#1267750 0) 0-
#1267875 0!
#1268000 0# 1$ 0& 1' 1(
#1268250 0*
#1269125 10
#1269250 1*
#1269875 1!
#1270125 0*
#1271125 1*
#1271750 0! 1"
#1272000 0*
#1273000 1*
#1273625 1!
#1273875 0*
#1274875 1*
#1276000 1)
#1276125 1-
#1276250 0! 0$
#1276375 1# 1%
#1277125 0)
#1277375 0" 0# 0(
#1277625 0*
#1278625 1*
#1278875 1)
#1279125 1! 0% 0' 1(
#1279250 1& 0,
#1280000 0)
#1280125 0! 0&
#1280500 0*
#1281500 1*
#1281625 1)
#1281875 0(
#1282000 1! 1# 1&
#1282125 1,
#1282750 0) 0-
#1283000 0! 1$ 0& 1' 1(
#1283250 0*
#1284250 1*
#1284875 1!
#1285125 0*
#1286125 1*
#1286750 0! 1"
#1287000 0*
#1288000 1*
#1288625 1!
#1288875 0*
#1289875 1*
#1291125 1) 1-
#1291250 0!
#1291375 0$ 1%
#1292125 0)
#1292375 0" 0(
#1292625 0*
#1293625 1*
#1293875 1)
#1294250 1! 1" 1$ 1& 1(
#1295000 0)
#1296750 1)
#1297000 0" 0$ 0% 0' 0(
#1297750 0) 0-
#1298000 0! 0# 0& 1' 1(
#1298125 1%
#1298250 0*
#1299250 1*
#1299875 1!
#1300125 0*
#1301125 1*
#1301750 0!
#1301875 1"
#1302000 0*
#1303000 1*
#1303625 1!
#1303875 0*
#1304875 1*
#1306125 1) 1-
#1306375 0! 1#
#1307125 0)
#1307375 0" 0# 0(
#1307500 1$
#1307625 0*
#1308750 1*
#1308875 1)
#1309250 1! 1" 1# 1& 1(
#1310000 0)
#1311750 1)
#1312000 0" 0$ 0% 0' 0(
#1312750 0) 0-
#1313000 0! 0&
#1313125 1% 1' 1(
#1313250 0*
#1314375 1*
#1315000 1!
#1315125 0*
#1316250 1*
#1316750 0!
#1316875 1"
#1317000 0*
#1318125 1*
#1318750 1!
#1319000 0*
#1320000 1*
#1321125 1) 1-
#1321375 0!
#1322250 0)
#1322375 0" 0(
#1322500 1$
#1322625 0*
#1323750 1*
#1323875 1)
#1324125 0# 0$ 0%
#1324250 1! 1"
#1325000 0)
#1325250 1# 1$ 1% 1&
#1325500 0+
#1326500 1+
#1326750 1)
#1327000 0" 0$ 0% 0'
#1327750 0-
#1327875 0)
#1328000 0! 0# 0&
#1328125 1$ 1% 1' 1(
#1328375 0*
#1329375 1*
#1330000 1!
#1330250 0*
#1331250 1*
#1331750 0!
#1331875 1"
#1332125 0*
#1333125 1*
#1333750 1!
#1334000 0*
#1335000 1*
#1336125 1) 1-
#1336375 0! 0$
#1336500 1#
#1337250 0)
#1337375 0" 0# 0% 0(
#1337500 1&
#1337750 0*
#1338750 1*
#1338875 1)
#1339125 0'
#1339250 1" 1(
#1339375 0,
#1340000 0)
#1340250 0" 0& 0(
#1340500 0*
#1341500 1*
#1341750 1)
#1342000 1!
#1342125 1# 1& 1,
#1342750 0-
#1342875 0)
#1343000 0! 0&
#1343125 1$ 1% 1' 1(
#1343375 0*
#1344375 1*
#1345000 1!
#1345250 0*
#1346000 00
#1346250 1*
#1346750 0!
#1346875 1"
#1347125 0*
#1348125 1*
#1348750 1!
#1349000 0*
#1350000 1*
#1351125 1) 1-
#1351375 0! 0$
#1352250 0)
#1352375 0" 0% 0(
#1352500 1&
#1352750 0*
#1352875 10
#1353750 1*
#1353875 1)
#1354250 1! 1" 1$ 1% 1(
#1355000 0)
#1356750 1)
#1357000 0" 0$ 0% 0' 0(
#1357750 0-
#1357875 0)
#1358000 0! 0#
#1358125 1' 1(
#1358375 0*
#1359375 1*
#1360000 1!
#1360250 0*
#1361250 1*
#1361750 0!
#1361875 1"
#1362125 0*
#1363125 1*
#1363750 1!
#1364000 0*
#1365000 1*
#1366125 1) 1-
#1366375 0! 0&
#1366500 1# 1%
#1367250 0)
#1367375 0" 0# 0% 0(
#1367500 1$ 1&
#1367750 0*
#1368750 1*
#1368875 1)
#1369250 1! 1" 1# 1% 1(
#1370000 0)
#1371750 1)
#1372000 0" 0$ 0% 0' 0(
#1372750 0-
#1372875 0)
#1373000 0!
#1373125 1' 1(
#1373375 0*
#1374375 1*
#1375000 1!
#1375250 0*
#1376250 1*
#1376750 0!
#1376875 1"
#1377125 0*
#1378125 1*
#1378750 1!
#1379000 0*
#1380000 1*
#1381125 1) 1-
#1381375 0! 0&
#1381500 1%
#1382250 0)
#1382375 0" 0% 0(
#1382500 1$ 1&
#1382750 0*
#1383750 1*
#1383875 1)
#1384125 0$ 0&
#1385000 0)
#1385250 1! 1" 1$ 1% 1&
#1385500 0*
#1386500 1*
#1386750 1)
#1387000 0" 0$ 0% 0'
#1387750 0-
#1387875 0)
#1388000 0! 0#
#1388125 1$ 1' 1(
#1388375 0*
#1389375 1*
#1390000 1!
#1390250 0*
#1391250 1*
#1391750 0!
#1391875 1"
#1392125 0*
#1393125 1*
#1393750 1!
#1394000 0*
#1395000 1*
#1396125 1) 1-
#1396375 0! 1# 0$ 1% 0&
#1397250 0)
#1397375 0" 0# 0(
#1397500 1&
#1397750 0*
#1398750 1*
#1398875 1)
#1399125 0% 0'
#1399250 1" 1( 0,
#1400000 0)
#1400250 0" 0&
#1400500 0*
#1401500 1*
#1401750 1)
#1402000 1! 1# 1& 0(
#1402125 1,
#1402750 0-
#1402875 0)
#1403000 0!
#1403125 1$ 1' 1(
#1403375 0*
#1404375 1*
#1405000 1!
#1405125 0*
#1406250 1*
#1406750 0!
#1406875 1"
#1407000 0*
#1408125 1*
#1408750 1!
#1408875 0*
#1410000 1*
#1411125 1) 1-
#1411375 0! 0$ 1% 0&
#1412125 0)
#1412375 0" 0(
#1412500 1&
#1412625 0*
#1413750 1*
#1413875 1)
#1414250 1! 1" 1$ 1(
#1415000 0)
#1416750 1)
#1417000 0" 0$ 0% 0' 0(
#1417750 0) 0-
#1418000 0! 0# 1(
#1418125 1% 1'
#1418250 0*
#1419250 1*
#1419875 1!
#1420125 0*
#1421125 1*
#1421750 0!
#1421875 1"
#1422000 0*
#1423000 1*
#1423625 1!
#1423875 0*
#1424875 1*
#1426125 1) 1-
#1426250 0!
#1426375 1# 0&
#1427125 0)
#1427375 0" 0# 1& 0(
#1427500 1$
#1427625 0*
#1428625 1*
#1428875 1)
#1429250 1! 1" 1# 1(
#1429750 00
#1430000 0)
#1431750 1)
#1432000 0" 0$ 0% 0' 0(
#1432750 0) 0-
#1433000 0! 1' 1(
#1433125 1%
#1433250 0*
#1434250 1*
#1434875 1!
#1435125 0*
#1436125 1*
#1436750 0! 10
#1436875 1"
#1437000 0*
#1438000 1*
#1438625 1!
#1438875 0*
#1439875 1*
#1441000 1)
#1441125 1-
#1441250 0!
#1441375 0&
#1442125 0)
#1442375 0" 1$ 1& 0(
#1442625 0*
#1443625 1*
#1443875 1)
#1444125 1! 0$ 0% 0&
#1445000 0)
#1445250 1" 1$ 1% 1&
#1445500 0+
#1446500 1+
#1446625 1)
#1446875 0$ 0%
#1447000 0" 0'
#1447750 0) 0-
#1448000 0! 0# 1$ 1% 1' 1(
#1448250 0*
#1449250 1*
#1449875 1!
#1450125 0*
#1451125 1*
#1451750 0! 1"
#1452000 0*
#1453000 1*
#1453625 1!
#1453875 0*
#1454875 1*
#1456000 1)
#1456125 1-
#1456375 1#
#1457125 0)
#1457625 0+
#1458625 1+
#1458875 1)
#1459125 0# 0$ 0% 0'
#1459250 0,
#1460000 0)
#1460125 0! 0" 0& 0(
#1460500 0*
#1461500 1*
#1461625 1)
#1462000 1! 1# 1& 1,
#1462750 0) 0-
#1462875 0!
#1463000 1$ 1% 1' 1(
#1463250 0*
#1464250 1*
#1464875 1!
#1465125 0*
#1466125 1*
#1466625 0!
#1466750 1"
#1467000 0*
#1468000 1*
#1468625 1!
#1468875 0*
#1469875 1*
#1471000 1)
#1471125 1-
#1471250 0! 0$ 0&
#1472125 0)
#1472375 0" 0# 0% 1& 0(
#1472625 0*
#1473625 1*
#1474250 1!
#1474500 0*
#1475500 1*
#1476000 0!
#1476125 1"
#1476375 0*
#1477125 1)
#1477375 0& 1*
#1477500 1# 1% 1(
#1478250 0)
#1478375 0" 0% 0(
#1478500 1&
#1478750 0*
#1479750 1*
#1480375 1!
#1480625 0*
#1481625 1*
#1482125 0!
#1482250 1"
#1482500 0*
#1483250 1)
#1483500 1! 1$ 1% 1( 1*
#1484250 0)
#1486000 1)
#1486250 0# 0&
#1487125 0)
#1487250 0(
#1487375 0% 0'
#1487625 0*
#1488625 1*
#1489250 1%
#1489500 0*
#1490500 1*
#1490750 1)
#1491000 0" 1# 0$ 1' 1(
#1491750 0)
#1492000 0# 0% 0'
#1492125 1" 1$
#1492250 0*
#1493250 1*
#1493500 1)
#1493875 1% 1'
#1494625 0)
#1494750 0% 0' 0(
#1494875 1&
#1495125 0*
#1496125 1*
#1496750 1%
#1497000 0*
#1498000 1*
#1498125 1)
#1498500 0" 1# 0$ 0& 1' 1(
#1499250 0)
#1499500 1" 0# 1$ 0'
#1499750 0*
#1500750 1*
#1501000 1)
#1501250 0! 0$ 1'
#1501375 1#
#1502125 0)
#1502250 0" 0# 0(
#1502375 1$ 0% 1&
#1502625 0*
#1503625 1*
#1504250 1!
#1504500 0*
#1505500 1*
#1506000 0!
#1506125 1"
#1506375 0*
#1507125 1)
#1507375 0$ 0& 1( 1*
#1507500 1# 1%
#1508250 0)
#1508375 0" 0% 0(
#1508500 1$ 1&
#1508625 0*
#1509625 1*
#1510375 1!
#1510500 0*
#1511625 1*
#1512125 0!
#1512250 1"
#1512375 0*
#1513625 1) 00
#1513875 1*
#1514375 1! 0# 0$ 0' 1(
#1514500 0,
#1515250 0)
#1515375 0! 0" 0&
#1515750 0*
#1516750 1*
#1517375 1)
#1517750 1! 1" 1$ 1% 1' 1,
#1518500 0)
#1519125 0% 0(
#1519500 0*
#1520500 1*
#1520625 10
#1521125 1%
#1521375 0*
#1522375 1*
#1522500 1)
#1522750 0" 0$
#1522875 1# 1(
#1523625 0)
#1523875 1" 0# 1$ 0% 1& 0'
#1524125 0*
#1525125 1*
#1525375 1)
#1525625 1% 0& 1'
#1526500 0)
#1526625 0% 0(
#1526750 1&
#1527000 0*
#1528000 1*
#1528625 1%
#1528875 0*
#1529875 1*
#1530000 1)
#1530250 0" 0$ 0&
#1530375 1# 1(
#1531125 0)
#1531375 1" 0# 1$ 1& 0'
#1531625 0*
#1532625 1*
#1532875 1)
#1533125 0! 1# 0$ 0& 1'
#1534000 0)
#1534125 0" 0# 0(
#1534250 1&
#1534500 0*
#1535500 1*
#1536125 1!
#1536375 0*
#1537375 1*
#1537875 0!
#1538000 1"
#1538250 0*
#1539000 1)
#1539250 0& 1( 1*
#1539375 1#
#1540000 0)
#1540250 0" 1& 0(
#1540500 0*
#1541500 1*
#1542125 1!
#1542375 0*
#1543375 1*
#1544000 0!
#1544125 1"
#1544250 0*
#1545000 1)
#1545250 1*
#1545375 1! 1$ 1(
#1546125 0)
#1547875 1)
#1548125 0# 0&
#1549000 0)
#1549125 0% 0'
#1549500 0*
#1550500 1*
#1551125 1%
#1551375 0*
#1552375 1*
#1552500 1)
#1552750 0" 0$
#1552875 1# 1'
#1553625 0)
#1553875 1" 0# 1$ 0%
#1554125 0*
#1555125 1*
#1555375 1)
#1555625 1%
#1556500 0)
#1556625 0% 0'
#1556750 1&
#1557000 0*
#1558000 1*
#1558625 1%
#1558875 0*
#1559875 1*
#1560000 1)
#1560250 0" 0$ 0&
#1560375 1# 1'
#1561125 0)
#1561375 1" 0# 1$
#1561625 0*
#1562625 1*
#1562875 1)
#1563125 0! 1# 0$
#1564000 0)
#1564125 0" 0# 0(
#1564250 1$ 1&
#1564500 0*
#1565500 1*
#1566125 1!
#1566375 0*
#1567375 1*
#1567875 0!
#1568000 1"
#1568250 0*
#1569000 1)
#1569250 0$ 0& 1( 1*
#1569375 1#
#1570000 0)
#1570250 0" 1$ 1& 0(
#1570500 0*
#1571500 1*
#1572125 1!
#1572375 0*
#1573375 1*
#1574000 0!
#1574125 1"
#1574250 0*
#1575000 1)
#1575250 0" 0$ 0% 0' 1*
#1575375 1(
#1575500 0,
#1576125 0)
#1576375 0# 0& 0(
#1576625 0*
#1577625 1*
#1577875 1)
#1578125 1(
#1578250 1! 1" 1$ 1% 1' 1,
#1579000 0)
#1579125 0%
#1579500 0*
#1580500 1*
#1581125 1%
#1581375 0*
#1582375 1*
#1582500 1)
#1582750 0" 0$
#1582875 1#
#1583625 0)
#1583875 1" 0# 1$ 0% 1&
#1584125 0*
#1585125 1*
#1585375 1)
#1585625 0&
#1585750 1%
#1586500 0)
#1586625 0%
#1586750 1&
#1587000 0*
#1588000 1*
#1588625 1%
#1588875 0*
#1589875 1*
#1590000 1)
#1590250 0&
#1590375 0" 1# 0$
#1591125 0)
#1591375 1" 0# 1$ 1&
#1591625 0*
#1592625 1*
#1592875 1)
#1597500 00
#1604500 10
#1608250 1#
#1609000 0)
#1610750 1)
#1612750 0)
#1614500 1)
#1617500 0! 0$ 0&
#1618375 0)
#1618625 0" 0# 0% 0' 0(
#1618875 0*
#1619875 1*
#1620125 1)
#1620375 1! 1" 1# 1% 1& 1' 1(
#1620500 1$
#1621250 0)
#1622875 1)
#1624000 0)
#1624500 0+
#1625500 1+
#1626375 0+
#1627375 1+
#1628250 0+
#1629250 1+
#1630125 0+
#1631125 1+
#1632250 1)
#1632500 0! 0$ 0&
#1633375 0)
#1633625 0" 0% 0' 0(
#1633875 0*
#1634875 1*
#1635125 1)
#1635375 1(
#1635500 1& 0,
#1636250 0)
#1636375 0# 0&
#1636750 0*
#1637750 1*
#1637875 1)
#1638125 0(
#1638250 1" 1# 1&
#1638375 1,
#1639000 0) 0-
#1639250 0" 0# 0&
#1639500 0*
#1640500 1*
#1641125 1!
#1641375 0*
#1642375 1*
#1643000 0! 1"
#1643250 0*
#1644250 1*
#1644875 1!
#1645125 0*
#1646125 1*
#1647250 1)
#1647375 1-
#1647500 0!
#1647625 1# 1% 1' 1(
#1648375 0)
#1648625 0" 0# 1$ 0% 0' 0(
#1648875 0*
#1649875 1*
#1650125 1)
#1650500 1! 1" 1# 1% 1& 1' 1(
#1651250 0)
#1653000 1)
#1653250 0! 0$ 0% 0' 0(
#1654000 0) 0-
#1654250 0" 0&
#1654500 0*
#1655500 1*
#1656125 1!
#1656375 0*
#1657375 1*
#1658000 0!
#1658125 1"
#1658250 0*
#1659250 1*
#1659875 1!
#1660125 0*
#1661125 1*
#1662375 1) 1-
#1662500 0!
#1662625 1% 1' 1(
#1663375 0)
#1663625 0" 0% 0' 0(
#1663750 1$
#1663875 0*
#1665000 1*
#1665125 1)
#1665375 0$
#1665500 1" 1'
#1666250 0)
#1666500 1! 1$ 1% 1&
#1666750 0*
#1667750 1*
#1668000 1)
#1668250 0! 0$ 0% 0'
#1669000 0) 0-
#1669250 0" 0# 0&
#1669375 1$
#1669500 0*
#1670625 1*
#1671250 1!
#1671375 0*
#1672500 1*
#1673000 0!
#1673125 1"
#1673250 0*
#1674375 1*
#1675000 1!
#1675250 0*
#1676250 1*
#1677375 1) 1-
#1677625 0! 0$ 1' 1(
#1677750 1# 1%
#1678500 0)
#1678625 0" 0# 0' 0(
#1679000 0*
#1680000 1*
#1680125 1)
#1680500 1! 1" 1# 1$ 1& 1' 1(
#1681250 0)
#1681375 00
#1683000 1)
#1683250 0! 0$ 0% 0' 0(
#1684000 0-
#1684125 0)
#1684250 0" 0&
#1684375 1$
#1684625 0*
#1685625 1*
#1686250 1!
#1686500 0*
#1687500 1*
#1688000 0!
#1688125 1"
#1688375 0* 10
#1689375 1*
#1690000 1!
#1690250 0*
#1691250 1*
#1692375 1) 1-
#1692625 0! 0$ 1(
#1692750 1% 1'
#1693500 0)
#1693625 0" 0' 0(
#1694000 0*
#1695000 1*
#1695125 1)
#1695375 0%
#1695500 1! 1& 1(
#1695625 0,
#1696250 0)
#1696500 0! 0# 0& 0(
#1696750 0*
#1697750 1*
#1698000 1)
#1698375 1" 1# 1& 1,
#1699125 0) 0-
#1699250 0" 0# 0&
#1699375 1%
#1699625 0*
#1700625 1*
#1701250 1!
#1701500 0*
#1702500 1*
#1703000 0!
#1703125 1"
#1703375 0*
#1704375 1*
#1705000 1!
#1705250 0*
#1706250 1*
#1707375 1) 1-
#1707625 0!
#1707750 1# 1' 1(
#1708500 0)
#1708625 0(
#1708750 0" 0# 1$ 0'
#1709000 0*
#1710000 1*
#1710250 1)
#1710500 1! 1" 1# 1& 1' 1(
#1711375 0)
#1713000 1)
#1713250 0! 0$ 0% 0' 0(
#1714125 0) 0-
#1714375 0" 1% 0&
#1714625 0*
#1715625 1*
#1716250 1!
#1716500 0*
#1717500 1*
#1718000 0!
#1718125 1"
#1718375 0*
#1719375 1*
#1720000 1!
#1720250 0*
#1721250 1*
#1722375 1)
#1722500 1-
#1722625 0!
#1722750 1' 1(
#1723500 0)
#1723750 0" 1$ 0' 0(
#1724000 0*
#1725000 1*
#1725250 1)
#1725500 1! 1" 0$ 0% 1'
#1726375 0)
#1726625 1$ 1% 1&
#1726875 0+
#1727875 1+
#1728000 1)
#1728250 0! 0$ 0%
#1728375 0'
#1729125 0) 0-
#1729375 0" 0# 1$ 1% 0&
#1729625 0*
#1730625 1*
#1731250 1!
#1731500 0*
#1732500 1*
#1733125 0! 1"
#1733375 0*
#1734375 1*
#1735000 1!
#1735250 0*
#1736250 1*
#1737375 1)
#1737500 1-
#1737625 0!
#1737750 1# 0$ 1' 1(
#1738500 0)
#1738750 0" 0# 0% 1& 0' 0(
#1739000 0*
#1740000 1*
#1740250 1)
#1740625 1! 1" 1# 1$ 1% 1' 1(
#1741375 0)
#1743000 1)
#1743375 0! 0$ 0% 0' 0(
#1744125 0) 0-
#1744375 0" 1$ 1% 0&
#1744625 0*
#1745625 1*
#1746250 1!
#1746500 0*
#1747500 1*
#1748125 0! 1"
#1748375 0*
#1749375 1*
#1750000 1!
#1750250 0*
#1751250 1*
#1752500 1) 1-
#1752625 0!
#1752750 0$ 1' 1(
#1753500 0)
#1753750 0" 0% 0' 0(
#1753875 1&
#1754000 0*
#1755000 1*
#1755250 1)
#1755625 1! 1( 0,
#1756375 0)
#1756500 0!
#1756625 0# 0&
#1756875 0*
#1757875 1*
#1758125 1)
#1758375 1" 1# 1& 0(
#1758500 1,
#1759125 0) 0-
#1759375 0" 0#
#1759625 0*
#1760625 1*
#1761250 1!
#1761500 0*
#1762500 1*
#1763125 0!
#1763250 1"
#1763375 0*
#1764375 1*
#1765000 1!
#1765250 0* 00
#1766250 1*
#1767500 1) 1-
#1767750 0! 1# 1% 0& 1' 1(
#1768500 0)
#1768750 0" 0# 0% 0' 0(
#1768875 1$ 1&
#1769000 0*
#1770000 1*
#1770250 1)
#1770625 1! 1" 1# 1% 1' 1(
#1771375 0)
#1772125 10
#1773125 1)
#1773375 0! 0$ 0% 0' 0(
#1774125 0) 0-
#1774375 0"
#1774625 0*
#1775750 1*
#1776375 1!
#1776500 0*
#1777625 1*
#1778125 0!
#1778250 1"
#1778375 0*
#1779500 1*
#1780000 1!
#1780250 0*
#1781375 1*
#1782500 1) 1-
#1782750 0! 1% 0& 1' 1(
#1783500 0)
#1783750 0" 0% 0' 0(
#1783875 1$ 1&
#1784000 0*
#1785125 1*
#1785250 1)
#1785500 0# 0&
#1785625 1'
#1786375 0)
#1786625 1! 1" 1# 1% 1&
#1786875 0*
#1787875 1*
#1788125 1)
#1788375 0! 0$ 0% 0'
#1789125 0) 0-
#1789375 0" 0#
#1789500 1$
#1789625 0*
#1790750 1*
#1791375 1!
#1791500 0*
#1792625 1*
#1793125 0!
#1793250 1"
#1793375 0*
#1794500 1*
#1795000 1!
#1795250 0*
#1796375 1*
#1797500 1) 1-
#1797750 0! 1# 0$ 1% 0& 1' 1(
#1798500 0)
#1798750 0" 0# 0' 0(
#1798875 1&
#1799000 0*
#1800125 1*
#1800250 1)
#1800625 1! 1" 1# 1$ 1' 1(
#1801375 0)
#1803125 1)
#1803375 0! 0$ 0% 0' 0(
#1804125 0) 0-
#1804375 0"
#1804500 1$
#1804625 0*
#1805750 1*
#1806375 1!
#1806500 0*
#1807500 1*
#1808125 0!
#1808250 1"
#1808375 0*
#1809375 1*
#1810000 1!
#1810250 0*
#1811250 1*
#1812500 1) 1-
#1812750 0! 0$ 1% 0& 1' 1(
#1813500 0)
#1813750 0" 0' 0(
#1813875 1&
#1814000 0*
#1815000 1*
#1815250 1)
#1815500 0%
#1815625 1" 1( 0,
#1816375 0)
#1816625 0" 0# 0& 0(
#1816875 0*
#1817875 1*
#1818125 1)
#1818375 1" 1# 1&
#1818500 1,
#1819125 0) 0-
#1819375 0" 0#
#1819500 1%
#1819625 0*
#1820625 1*
#1821250 1!
#1821500 0*
#1822500 1*
#1823125 0!
#1823250 1"
#1823375 0*
#1824375 1*
#1825000 1!
#1825250 0*
#1826250 1*
#1827500 1) 1-
#1827625 0!
#1827750 1# 0& 1' 1(
#1828500 0)
#1828750 0" 0# 1& 0' 0(
#1828875 1$
#1829000 0*
#1830000 1*
#1830250 1)
#1830625 1! 1" 1# 1' 1(
#1831375 0)
#1833125 1)
#1833375 0! 0$ 0% 0' 0(
#1834125 0) 0-
#1834375 0"
#1834500 1%
#1834625 0*
#1835625 1*
#1836250 1!
#1836500 0*
#1837500 1*
#1838125 0! 1"
#1838375 0*
#1839375 1*
#1840000 1!
#1840250 0*
#1841250 1*
#1842500 1) 1-
#1842625 0!
#1842750 0& 1' 1(
#1843500 0)
#1843750 0" 1$ 1& 0' 0(
#1844000 0*
#1845000 1*
#1845250 1)
#1845500 0# 0% 0&
#1845625 1! 1'
#1846375 0)
#1846625 1" 1# 1% 1&
#1846875 0+
#1847875 1+
#1848000 1)
#1848250 0%
#1848375 0! 0$ 0'
#1849000 00
#1849125 0) 0-
#1849375 0" 0# 1$ 1%
#1849625 0*
#1850625 1*
#1851250 1!
#1851500 0*
#1852500 1*
#1853125 0! 1"
#1853375 0*
#1854375 1*
#1855000 1!
#1855250 0*
#1856000 10
#1856250 1*
#1857375 1)
#1857500 1-
#1857625 0! 0&
#1857750 1# 0$ 1' 1(
#1858500 0)
#1858750 0" 0# 0% 0(
#1859000 0*
#1860000 1*
#1860250 1)
#1860500 1(
#1860625 1! 1" 1# 1$ 1% 1&
#1861375 0)
#1863000 1)
#1863250 0$ 0% 0(
#1863375 0! 0'
#1864125 0) 0-
#1864375 0" 1$ 1%
#1864625 0*
#1865625 1*
#1866250 1!
#1866500 0*
#1867500 1*
#1868125 0! 1"
#1868375 0*
#1869375 1*
#1870000 1!
#1870250 0*
#1871250 1*
#1872375 1)
#1872500 1-
#1872625 0! 0$ 0&
#1872750 1' 1(
#1873500 0)
#1873750 0" 0% 0(
#1874000 0*
#1875000 1*
#1875250 1)
#1875500 1" 1& 0' 1(
#1875625 0,
#1876375 0)
#1876500 0" 0# 0&
#1876750 0*
#1877875 1*
#1878000 1)
#1878250 0(
#1878375 1" 1# 1& 1,
#1879125 0) 0-
#1879250 0#
#1879375 0" 0& 1'
#1879625 0*
#1880625 1*
#1881250 1!
#1881500 0*
#1882500 1*
#1883000 0!
#1883125 1"
#1883375 0*
#1884375 1*
#1885000 1!
#1885250 0*
#1886250 1*
#1887375 1)
#1887500 1-
#1887625 0!
#1887750 1# 1% 1(
#1888500 0)
#1888625 0# 0(
#1888750 0" 1$ 0%
#1889000 0*
#1890000 1*
#1890250 1)
#1890500 1! 1" 1# 1% 1& 1(
#1891250 0)
#1893000 1)
#1893250 0! 0$ 0% 0' 0(
#1894125 0) 0-
#1894250 0" 0&
#1894375 1'
#1894625 0*
#1895625 1*
#1896250 1!
#1896500 0*
#1897500 1*
#1898000 0!
#1898125 1"
#1898375 0*
#1899375 1*
#1900000 1!
#1900250 0*
#1901250 1*
#1902375 1) 1-
#1902625 0! 1(
#1902750 1%
#1903500 0)
#1903625 0% 0(
#1903750 0" 1$
#1904000 0*
#1905000 1*
#1905125 1)
#1905375 0#
#1905500 1"
#1906250 0)
#1906500 1! 1% 1&
#1906625 1#
#1906750 0*
#1907750 1*
#1908000 1)
#1908250 0! 0$ 0% 0'
#1909000 0-
#1909125 0)
#1909250 0" 0# 0&
#1909375 1$ 1'
#1909625 0*
#1910625 1*
#1911250 1!
#1911500 0*
#1912500 1*
#1913000 0!
#1913125 1"
#1913375 0*
#1914375 1*
#1915000 1!
#1915250 0*
#1916250 1*
#1917375 1) 1-
#1917625 0! 0$ 1(
#1917750 1# 1%
#1918500 0)
#1918625 0" 0# 0(
#1919000 0*
#1920000 1*
#1920125 1)
#1920500 1! 1" 1# 1$ 1& 1(
#1921250 0)
#1923000 1)
#1923250 0! 0$ 0% 0' 0(
#1924000 0-
#1924125 0)
#1924250 0" 0&
#1924375 1$ 1'
#1924625 0*
#1925625 1*
#1926250 1!
#1926500 0*
#1927500 1*
#1928000 0!
#1928125 1"
#1928375 0*
#1929375 1*
#1930000 1!
#1930250 0*
#1931250 1*
#1932375 1) 1-
#1932625 0! 0$ 1(
#1932750 1%
#1932875 00
#1933500 0)
#1933625 0" 0(
#1933875 0*
#1935000 1*
#1935125 1)
#1935375 0% 0'
#1935500 1! 1" 1& 1( 0,
#1936250 0)
#1936500 0! 0" 0# 0& 0(
#1936750 0*
#1937750 1*
#1938000 1)
#1938250 1" 1# 1&
#1938375 1,
#1939000 0-
#1939125 0)
#1939250 0" 0# 0&
#1939375 1% 1'
#1939500 0*
#1939875 10
#1940625 1*
#1941250 1!
#1941375 0*
#1942500 1*
#1943000 0!
#1943125 1"
#1943250 0*
#1944375 1*
#1945000 1!
#1945125 0*
#1946250 1*
#1947375 1) 1-
#1947625 0! 1# 1(
#1948500 0)
#1948625 0" 0# 0(
#1948750 1$
#1948875 0*
#1950000 1*
#1950125 1)
#1950500 1! 1" 1# 1& 1(
#1951250 0)
#1953000 1)
#1953250 0! 0$ 0% 0' 0(
#1954000 0) 0-
#1954250 0" 0&
#1954375 1% 1'
#1954500 0*
#1955625 1*
#1956250 1!
#1956375 0*
#1957500 1*
#1958000 0!
#1958125 1"
#1958250 0*
#1959375 1*
#1959875 1!
#1960125 0*
#1961250 1*
#1962375 1) 1-
#1962625 0! 1(
#1963375 0)
#1963625 0" 0(
#1963750 1$
#1963875 0*
#1964875 1*
#1965125 1)
#1965375 0# 0%
#1965500 1! 1"
#1966250 0)
#1966500 1# 1% 1&
#1966750 0+
#1967750 1+
#1968000 1)
#1968250 0! 0$ 0% 0'
#1969000 0) 0-
#1969250 0" 0# 0&
#1969375 1$ 1% 1'
#1969500 0*
#1970500 1*
#1971250 1!
#1971375 0*
#1972375 1*
#1973000 0!
#1973125 1"
#1973250 0*
#1974250 1*
#1974875 1!
#1975125 0*
#1976125 1*
#1977375 1) 1-
#1977625 0! 1# 0$ 1(
#1978375 0)
#1978625 0" 0# 0% 0(
#1978750 1&
#1978875 0*
#1979875 1*
#1980125 1)
#1980500 1! 1" 1# 1$ 1% 1(
#1981250 0)
#1983000 1)
#1983250 0! 0$ 0% 0' 0(
#1984000 0) 0-
#1984250 0" 0&
#1984375 1$ 1% 1'
#1984500 0*
#1985500 1*
#1986250 1!
#1986375 0*
#1987375 1*
#1988000 0!
#1988125 1"
#1988250 0*
#1989250 1*
#1989875 1!
#1990125 0*
#1991125 1*
#1992375 1) 1-
#1992625 0! 0$ 1(
#1993375 0)
#1993625 0" 0% 0(
#1993750 1&
#1993875 0*
#1994875 1*
#1995125 1)
#1995375 0'
#1995500 1! 1" 1( 0,
#1996250 0)
#1996375 0!
#1996500 0" 0# 0&
#1996750 0*
#1997750 1*
#1998000 1)
#1998250 1" 1# 1& 0(
#1998375 1,
#1999000 0) 0-
#1999250 0" 0#
#1999375 1'
#1999500 0*
#2000500 1*
#2001250 1!
#2001375 0*
#2002375 1*
#2003000 0!
#2003125 1"
#2003250 0*
#2004250 1*
#2004875 1!
#2005125 0*
#2006250 1*
#2007375 1) 1-
#2007625 0! 1# 1% 0& 1(
#2008375 0)
#2008625 0" 0# 0% 0(
#2008750 1$ 1&
#2008875 0*
#2010000 1*
#2010125 1)
#2010500 1! 1" 1# 1% 1(
#2011250 0)
#2013000 1)
#2013250 0! 0$ 0% 0' 0(
#2014000 0) 0-
#2014250 0"
#2014375 1'
#2014500 0*
#2015625 1*
#2016250 1!
#2016375 0*
#2016750 00
#2017500 1*
#2018000 0!
#2018125 1"
#2018250 0*
#2019375 1*
#2020000 1!
#2020125 0*
#2021250 1*
#2022375 1) 1-
#2022625 0! 1% 0& 1(
#2023500 0)
#2023625 0" 0% 0(
#2023750 1$ 1& 10
#2023875 0*
#2025000 1*
#2025125 1)
#2025375 0&
#2026250 0)
#2026500 1! 1" 1% 1&
#2026750 0*
#2027750 1*
#2028000 1)
#2028250 0! 0$ 0% 0'
#2029000 0-
#2029125 0)
#2029250 0" 0#
#2029375 1$ 1'
#2029500 0*
#2030625 1*
#2031250 1!
#2031500 0*
#2032500 1*
#2033000 0!
#2033125 1"
#2033375 0*
#2034375 1*
#2035000 1!
#2035250 0*
#2036250 1*
#2037375 1) 1-
#2037625 0! 0$ 0& 1(
#2037750 1# 1%
#2038500 0)
#2038625 0" 0# 0(
#2038750 1&
#2039000 0*
#2040000 1*
#2040125 1)
#2040500 1! 1" 1# 1$ 1(
#2041250 0)
#2043000 1)
#2043250 0! 0$ 0% 0' 0(
#2044000 0-
#2044125 0)
#2044250 0"
#2044375 1$ 1'
#2044625 0*
#2045625 1*
#2046250 1!
#2046500 0*
#2047500 1*
#2048000 0!
#2048125 1"
#2048375 0*
#2049375 1*
#2050000 1!
#2050250 0*
#2051250 1*
#2052375 1) 1-
#2052625 0! 0$ 0& 1(
#2052750 1%
#2053500 0)
#2053625 0" 0(
#2053750 1&
#2054000 0*
#2055000 1*
#2055125 1)
#2055375 0# 0%
#2055500 1$ 0' 1(
#2055625 0,
#2056250 0)
#2056500 0$ 0& 0(
#2056750 0*
#2057750 1*
#2058000 1)
#2058375 1" 1# 1& 1,
#2059125 0) 0-
#2059250 0" 0#
#2059375 1% 1'
#2059625 0*
#2060625 1*
#2061250 1!
#2061500 0*
#2062500 1*
#2063000 0!
#2063125 1"
#2063375 0*
#2064375 1*
#2065000 1!
#2065250 0*
#2066250 1*
#2067375 1) 1-
#2067625 0! 0&
#2067750 1# 1(
#2068500 0)
#2068625 0# 0(
#2068750 0" 1$ 1&
#2069000 0*
#2070000 1*
#2070250 1)
#2070500 1! 1" 1# 1(
#2071250 0)
#2073000 1)
#2073250 0! 0$ 0% 0' 0(
#2074125 0) 0-
#2074375 0" 1% 1'
#2074625 0*
#2075625 1*
#2076250 1!
#2076500 0*
#2077500 1*
#2078000 0!
#2078125 1"
#2078375 0*
#2079375 1*
#2080000 1!
#2080250 0*
#2081250 1*
#2082375 1)
#2082500 1-
#2082625 0! 0&
#2082750 1(
#2083500 0)
#2083750 0" 1$ 1& 0(
#2084000 0*
#2085000 1*
#2085250 1)
#2085500 1! 0% 0&
#2086375 0)
#2086625 1" 1% 1&
#2086875 0+
#2087875 1+
#2088000 1)
#2088250 0! 0$ 0%
#2088375 0'
#2089125 0) 0-
#2089375 0" 0# 1$ 1% 1'
#2089625 0*
#2090625 1*
#2091250 1!
#2091500 0*
#2092500 1*
#2093125 0! 1"
#2093375 0*
#2094375 1*
#2095000 1!
#2095250 0*
#2096250 1*
#2097375 1)
#2097500 1-
#2097750 1# 1(
#2098500 0)
#2099000 0+
#2100000 1+
#2100250 1)
#2100625 00
#2101375 0)
#2103000 1)
#2103375 0! 0$ 0% 0' 0(
#2104125 0) 0-
#2104375 0" 1$ 1% 1'
#2104625 0*
#2105625 1*
#2106250 1!
#2106500 0*
#2107500 1* 10
#2108125 0!
#2108250 1"
#2108375 0*
#2109375 1*
#2110000 1!
#2110250 0*
#2111250 1*
#2112500 1) 1-
#2112750 0! 0$ 0& 1(
#2113500 0)
#2113750 0" 0# 0% 0(
#2113875 1&
#2114000 0*
#2115000 1*
#2115750 1!
#2115875 0*
#2116875 1*
#2117500 0!
#2117625 1"
#2117750 0*
#2118500 1)
#2118750 0& 1*
#2118875 1# 1% 1(
#2119625 0)
#2119875 0" 0% 1& 0(
#2120125 0*
#2121125 1*
#2121750 1!
#2122000 0*
#2123000 1*
#2123625 0! 1"
#2123875 0*
#2124625 1)
#2124875 0" 0# 0' 1*
#2125000 1$ 1( 0,
#2125750 0)
#2126000 0$ 0&
#2126250 0*
#2127250 1*
#2127500 1)
#2127750 1! 1" 1'
#2127875 1$ 1% 1,
#2128625 0)
#2128750 0! 0" 0% 0' 0(
#2128875 1#
#2129000 0*
#2130125 1*
#2130750 1%
#2131000 0*
#2132000 1*
#2132125 1)
#2132375 0$
#2132500 1! 1' 1(
#2133250 0)
#2133500 0! 1$ 0% 0'
#2133750 0*
#2134750 1*
#2135000 1)
#2135250 1! 0# 1'
#2135375 1" 1%
#2136125 0)
#2136250 0! 0" 0% 0' 0(
#2136375 1# 1&
#2136625 0*
#2137625 1*
#2138250 1%
#2138500 0*
#2139500 1*
#2139625 1)
#2139875 0$ 0&
#2140000 1! 1' 1(
#2140750 0)
#2141000 0! 1$ 0'
#2141250 0*
#2142250 1*
#2142500 1)
#2142750 0$ 1'
#2142875 1"
#2143625 0)
#2143750 0" 0# 0(
#2143875 1$ 0% 1&
#2144125 0*
#2145125 1*
#2145750 1!
#2146000 0*
#2147000 1*
#2147500 0!
#2147625 1"
#2147875 0*
#2148625 1)
#2148875 0$ 0& 1*
#2149000 1# 1% 1(
#2149750 0)
#2149875 0" 0% 0(
#2150000 1$ 1&
#2150125 0*
#2151250 1*
#2151875 1!
#2152125 0*
#2153125 1*
#2153625 0!
#2153750 1"
#2154000 0*
#2155125 1)
#2155375 1*
#2156000 1! 1% 1(
#2156750 0)
#2158875 1)
#2159125 0#
#2159250 0&
#2160000 0)
#2160750 0! 0" 1# 0% 0(
#2161000 0*
#2162000 1*
#2162625 1%
#2162875 0*
#2163875 1*
#2164125 1)
#2164375 1! 0$ 1(
#2165125 0)
#2165375 0! 0% 0'
#2165500 1$ 1&
#2165625 0*
#2166750 1*
#2166875 1)
#2167125 0# 0&
#2167250 1! 1" 1% 1'
#2168000 0)
#2168125 0!
#2168250 0" 1# 0% 1& 0(
#2168500 0*
#2169500 1*
#2170125 1%
#2170375 0*
#2171375 1*
#2171625 1)
#2171875 1! 0$ 0& 1(
#2172750 0)
#2172875 0! 0'
#2173000 1$ 1&
#2173125 0*
#2174250 1*
#2174375 1)
#2174625 0$ 0&
#2174750 1" 1'
#2175500 0)
#2175750 0" 0# 1& 0(
#2176000 0*
#2177000 1*
#2177625 1!
#2177875 0*
#2178875 1*
#2179500 0! 1"
#2179750 0*
#2180500 1)
#2180750 0& 1*
#2180875 1# 1(
#2181625 0)
#2181750 0(
#2181875 0" 1&
#2182125 0*
#2183125 1*
#2183750 1!
#2184000 0*
#2184500 00
#2185000 1*
#2185500 0!
#2185625 1"
#2185875 0*
#2186625 1)
#2186875 1! 0" 0# 0% 0' 1( 1*
#2187000 1$ 0,
#2187750 0)
#2187875 0! 0$ 0& 0(
#2188250 0*
#2189250 1*
#2189375 1)
#2189750 1! 1" 1$ 1% 1' 1(
#2189875 1,
#2190500 0)
#2190750 0! 0" 1# 0% 0'
#2191000 0*
#2191375 10
#2192000 1*
#2192625 1%
#2192875 0*
#2193875 1*
#2194125 1)
#2194375 1! 0$
#2194500 1'
#2195250 0)
#2195375 0! 0%
#2195500 1$
#2195750 0*
#2196750 1*
#2196875 1)
#2197125 0#
#2197250 1! 1" 1%
#2198000 0)
#2198250 0! 0" 1# 0% 1& 0'
#2198500 0*
#2199500 1*
#2200125 1%
#2200375 0*
#2201375 1*
#2201625 1)
#2201875 1! 0$ 0& 1'
#2202750 0)
#2202875 0!
#2203000 1$
#2203250 0*
#2204250 1*
#2204375 1)
#2204625 0$
#2204750 1"
#2205500 0)
#2205750 0" 0# 1$ 1& 0(
#2206000 0*
#2207000 1*
#2207625 1!
#2207875 0*
#2208875 1*
#2209500 0! 1"
#2209750 0*
#2210500 1)
#2210750 0$ 0& 1*
#2210875 1# 1(
#2211625 0)
#2211750 0(
#2211875 0" 1$ 1&
#2212125 0*
#2213125 1*
#2213750 1!
#2214000 0*
#2215000 1*
#2215500 0!
#2215625 1"
#2215875 0*
#2216625 1)
#2216875 1*
#2217000 1! 1(
#2217750 0)
#2219375 1)
#2219750 0# 0&
#2220500 0)
#2220750 0! 0" 1# 0%
#2221000 0*
#2222000 1*
#2222625 1%
#2222875 0*
#2223875 1*
#2224125 1)
#2224375 1! 0$
#2225250 0)
#2225375 0! 0%
#2225500 1$ 1&
#2225750 0*
#2226750 1*
#2226875 1)
#2227125 0&
#2227250 1! 1" 0# 1%
#2228000 0)
#2228250 0! 0" 1# 0% 1&
#2228500 0*
#2229500 1*
#2230125 1%
#2230375 0*
#2231375 1*
#2231625 1)
#2231875 1! 0$ 0&
#2232750 0)
#2232875 0!
#2233000 1$ 1&
#2233250 0*
#2234250 1*
#2234375 1)
#2249750 1! 0# 0% 0'
#2249875 0,
#2250500 0)
#2250750 0! 0$ 0&
#2251000 0*
#2252000 1*
#2252250 1)
#2253500 1! 1" 1# 1$ 1% 1& 1'
#2253625 1,
#2254250 0)
#2256000 1)
#2259000 0! 0&
#2259125 0$
#2259875 0)
#2260125 0" 0# 0% 0' 0(
#2260375 0*
#2261375 1*
#2261625 1)
#2262000 1! 1" 1# 1$ 1% 1& 1' 1(
#2262750 0)
#2264375 1)
#2265500 0)
#2266000 0+
#2267000 1+
#2267875 0+
#2268250 00
#2268875 1+
#2269750 0+
#2270750 1+
#2271625 0+
#2272625 1+
#2273750 1)
#2274000 0! 0$ 0&
#2274875 0)
#2275125 0" 0% 0' 0(
#2275250 10
#2275375 0*
#2276375 1*
#2276625 1)
#2276875 1! 1' 1(
#2277000 1" 1$ 1% 1&
#2277750 0)
#2279375 1)
#2279625 0! 0$ 0% 0' 0(
#2280500 0) 0-
#2280750 0" 0# 0& 1(
#2281000 0*
#2282000 1*
#2282625 1!
#2282875 0*
#2283875 1*
#2284375 0!
#2284500 1"
#2284750 0*
#2285750 1*
#2286375 1!
#2286625 0*
#2287625 1*
#2288750 1) 1-
#2289000 0!
#2289125 1# 1% 1'
#2289875 0)
#2290125 0" 0# 1$ 0% 0' 0(
#2290375 0*
#2291375 1*
#2291625 1)
#2291875 1! 1" 1# 1% 1& 1' 1(
#2292625 0)
#2294375 1)
#2294625 0! 0$ 0% 0' 0(
#2295500 0) 0-
#2295750 0" 0& 1(
#2296000 0*
#2297000 1*
#2297625 1!
#2297875 0*
#2298875 1*
#2299375 0!
#2299500 1"
#2299750 0*
#2300750 1*
#2301375 1!
#2301625 0*
#2302625 1*
#2303750 1) 1-
#2304000 0!
#2304125 1% 1'
#2304875 0)
#2305000 0% 0'
#2305125 0" 1$ 0(
#2305375 0*
#2306375 1*
#2306625 1)
#2306875 1" 1'
#2307625 0)
#2307875 1! 1&
#2308000 1%
#2308125 0*
#2309125 1*
#2309375 1)
#2309625 0! 0$ 0% 0'
#2310500 0) 0-
#2310625 0" 0# 0&
#2310750 1$ 1(
#2311000 0*
#2312000 1*
#2312625 1!
#2312875 0*
#2313875 1*
#2314375 0!
#2314500 1"
#2314750 0*
#2315750 1*
#2316375 1!
#2316625 0*
#2317625 1*
#2318750 1) 1-
#2319000 0! 0$
#2319125 1# 1% 1'
#2319875 0)
#2320000 0" 0# 0' 0(
#2320375 0*
#2321375 1*
#2321500 1)
#2321750 0%
#2321875 1" 1$ 1& 1(
#2322000 0,
#2322625 0)
#2322875 0" 0$ 0& 0(
#2323125 0*
#2324125 1*
#2324375 1)
#2324750 1" 1# 1& 1,
#2325500 0) 0-
#2325625 0" 0&
#2325750 1$ 1(
#2326000 0*
#2327000 1*
#2327625 1!
#2327875 0*
#2328875 1*
#2329375 0!
#2329500 1"
#2329750 0*
#2330750 1*
#2331375 1!
#2331625 0*
#2332625 1*
#2333750 1) 1-
#2334000 0! 0$ 1'
#2334125 1%
#2334875 0)
#2335000 0" 0' 0(
#2335375 0*
#2336375 1*
#2336500 1)
#2336875 1! 1" 1$ 1& 1' 1(
#2337625 0)
#2339375 1)
#2339625 0! 0$ 0% 0' 0(
#2340375 0-
#2340500 0)
#2340625 0" 0# 0&
#2340750 1% 1(
#2340875 0*
#2342000 1*
#2342625 1!
#2342750 0*
#2343875 1*
#2344375 0!
#2344500 1"
#2344625 0*
#2345750 1*
#2346375 1!
#2346500 0*
#2347625 1*
#2348750 1) 1-
#2349000 0! 1# 1'
#2349750 0)
#2350000 0" 0# 0' 0(
#2350125 1$
#2350250 0*
#2351375 1*
#2351500 1)
#2351875 1! 1" 1# 1& 1' 1(
#2352125 00
#2352625 0)
#2354375 1)
#2354625 0! 0$ 0% 0' 0(
#2355375 0) 0-
#2355625 0" 0& 1(
#2355750 1%
#2355875 0*
#2356875 1*
#2357625 1!
#2357750 0*
#2358750 1*
#2359125 10
#2359375 0!
#2359500 1"
#2359625 0*
#2360625 1*
#2361250 1!
#2361500 0*
#2362500 1*
#2363750 1) 1-
#2363875 0!
#2364000 1'
#2364750 0)
#2365000 0" 0' 0(
#2365125 1$
#2365250 0*
#2366250 1*
#2366500 1)
#2366750 0%
#2366875 1! 1" 1'
#2367625 0)
#2367875 1% 1&
#2368125 0+
#2369125 1+
#2369375 1)
#2369625 0! 0$ 0% 0'
#2370375 0) 0-
#2370625 0" 0# 0& 1(
#2370750 1$ 1%
#2370875 0*
#2371875 1*
#2372500 1!
#2372750 0*
#2373750 1*
#2374375 0! 1"
#2374625 0*
#2375625 1*
#2376250 1!
#2376500 0*
#2377500 1*
#2378750 1) 1-
#2378875 0!
#2379000 1# 0$ 1'
#2379750 0)
#2380000 0" 0# 0% 1& 0' 0(
#2380250 0*
#2381250 1*
#2381500 1)
#2381875 1" 1$ 1( 0,
#2382625 0)
#2382750 0" 0$
#2382875 0&
#2383125 0*
#2384125 1*
#2384250 1)
#2384500 0(
#2384625 1" 1# 1&
#2384750 1,
#2385375 0) 0-
#2385625 0" 1$ 0& 1(
#2385750 1%
#2385875 0*
#2386875 1*
#2387500 1!
#2387750 0*
#2388750 1*
#2389375 0! 1"
#2389625 0*
#2390625 1*
#2391250 1!
#2391500 0*
#2392500 1*
#2393625 1)
#2393750 1-
#2393875 0!
#2394000 0$ 1'
#2394750 0)
#2395000 0" 0% 1& 0' 0(
#2395250 0*
#2396250 1*
#2396500 1)
#2396875 1! 1" 1$ 1% 1' 1(
#2397625 0)
#2399250 1)
#2399625 0! 0$ 0% 0' 0(
#2400375 0) 0-
#2400625 0" 0# 1(
#2400875 0*
#2401875 1*
#2402500 1!
#2402750 0*
#2403750 1*
#2404375 0! 1"
#2404625 0*
#2405625 1*
#2406250 1!
#2406500 0*
#2407500 1*
#2408625 1)
#2408750 1-
#2408875 0! 0&
#2409000 1# 1% 1'
#2409750 0)
#2410000 0" 0# 1$ 0% 1& 0' 0(
#2410250 0*
#2411250 1*
#2411500 1)
#2411750 1(
#2411875 1! 1" 1# 1% 1'
#2412625 0)
#2414250 1)
#2414625 0! 0$ 0% 0' 0(
#2415375 0) 0-
#2415625 0" 1(
#2415875 0*
#2416875 1*
#2417500 1!
#2417750 0*
#2418750 1*
#2419375 0! 1"
#2419625 0*
#2420625 1*
#2421250 1!
#2421500 0*
#2422500 1*
#2423625 1)
#2423750 1-
#2423875 0! 0&
#2424000 1% 1'
#2424750 0)
#2425000 0" 1$ 0% 1& 0' 0(
#2425250 0*
#2426250 1*
#2426500 1)
#2426750 0# 0$ 0& 1'
#2426875 1%
#2427625 0)
#2427875 1! 1" 1# 1$ 1&
#2428125 0*
#2429125 1*
#2429250 1)
#2429500 0! 0$
#2429625 0% 0'
#2430375 0) 0-
#2430625 0" 0# 1$ 1(
#2430875 0*
#2431875 1*
#2432500 1!
#2432750 0*
#2433750 1*
#2434375 0! 1"
#2434625 0*
#2435625 1*
#2436000 00
#2436250 1!
#2436500 0*
#2437500 1*
#2438625 1)
#2438750 1-
#2438875 0!
#2439000 1# 0$ 1% 0& 1'
#2439750 0)
#2440000 0" 0# 1& 0' 0(
#2440250 0*
#2441250 1*
#2441500 1)
#2441750 0% 1(
#2441875 1! 1" 1$ 0,
#2442625 0)
#2442750 0! 0" 0$ 0& 0(
#2443000 10
#2443125 0*
#2444125 1*
#2444250 1)
#2444625 1" 1# 1&
#2444750 1,
#2445375 0) 0-
#2445625 0" 1$ 1(
#2445875 0*
#2446875 1*
#2447500 1!
#2447750 0*
#2448750 1*
#2449375 0! 1"
#2449625 0*
#2450625 1*
#2451250 1!
#2451500 0*
#2452500 1*
#2453750 1) 1-
#2453875 0!
#2454000 0$ 1% 0& 1'
#2454750 0)
#2455000 0" 1& 0' 0(
#2455250 0*
#2456250 1*
#2456500 1)
#2456875 1! 1" 1$ 1' 1(
#2457625 0)
#2459375 1)
#2459625 0! 0$ 0% 0' 0(
#2460375 0) 0-
#2460625 0" 0# 1(
#2460750 1%
#2460875 0*
#2461875 1*
#2462500 1!
#2462750 0*
#2463750 1*
#2464375 0!
#2464500 1"
#2464625 0*
#2465625 1*
#2466250 1!
#2466500 0*
#2467500 1*
#2468750 1) 1-
#2469000 0! 1# 0& 1'
#2469750 0)
#2470000 0" 0# 1& 0' 0(
#2470125 1$
#2470250 0*
#2471250 1*
#2471500 1)
#2471875 1! 1" 1# 1' 1(
#2472625 0)
#2474375 1)
#2474625 0! 0$ 0% 0' 0(
#2475375 0) 0-
#2475625 0" 1(
#2475750 1%
#2475875 0*
#2477000 1*
#2477625 1!
#2477750 0*
#2478875 1*
#2479375 0!
#2479500 1"
#2479625 0*
#2480750 1*
#2481250 1!
#2481500 0*
#2482625 1*
#2483750 1) 1-
#2484000 0! 0& 1'
#2484875 0)
#2485000 0" 0' 0(
#2485125 1$ 1&
#2485250 0*
#2486375 1*
#2486500 1)
#2486750 0# 0$ 0&
#2486875 1! 1'
#2487625 0)
#2487875 1" 1# 1$ 1&
#2488125 0+
#2489125 1+
#2489375 1)
#2489625 0! 0$ 0% 0'
#2490375 0-
#2490500 0)
#2490625 0" 0#
#2490750 1$ 1% 1(
#2491000 0*
#2492000 1*
#2492625 1!
#2492875 0*
#2493875 1*
#2494375 0!
#2494500 1"
#2494750 0*
#2495750 1*
#2496375 1!
#2496625 0*
#2497625 1*
#2498750 1) 1-
#2499000 0! 0$ 0& 1'
#2499125 1#
#2499875 0)
#2500000 0" 0# 0% 0(
#2500375 0*
#2501375 1*
#2501500 1)
#2501750 0'
#2501875 1! 1" 1$ 1& 1(
#2502000 0,
#2502625 0)
#2502875 0! 0" 0$ 0&
#2503125 0*
#2504125 1*
#2504375 1)
#2504625 0(
#2504750 1" 1# 1& 1,
#2505500 0) 0-
#2505625 0"
#2505750 1$ 1% 1(
#2506000 0*
#2507000 1*
#2507625 1!
#2507875 0*
#2508875 1*
#2509375 0!
#2509500 1"
#2509750 0*
#2510750 1*
#2511375 1!
#2511625 0*
#2512625 1*
#2513750 1) 1-
#2514000 0! 0$ 0&
#2514125 1'
#2514875 0)
#2515000 0(
#2515125 0" 0%
#2515375 0*
#2516375 1*
#2516625 1)
#2516875 1! 1" 1$ 1% 1& 1(
#2517625 0)
#2519375 1)
#2519625 0! 0$ 0% 0' 0(
#2519875 00
#2520500 0) 0-
#2520750 0" 0# 0& 1' 1(
#2521000 0*
#2522000 1*
#2522625 1!
#2522875 0*
#2523875 1*
#2524375 0!
#2524500 1"
#2524750 0*
#2525750 1*
#2526375 1!
#2526625 0*
#2526750 10
#2527625 1*
#2528750 1)
#2528875 1-
#2529000 0!
#2529125 1# 1%
#2529875 0)
#2530125 0" 0# 1$ 0% 0(
#2530375 0*
#2531375 1*
#2531625 1)
#2531875 1! 1(
#2532000 1" 1# 1% 1&
#2532750 0)
#2534375 1)
#2534625 0%
#2534750 0! 0$ 0' 0(
#2535500 0) 0-
#2535750 0" 0& 1' 1(
#2536000 0*
#2537000 1*
#2537625 1!
#2537875 0*
#2538875 1*
#2539500 0! 1"
#2539750 0*
#2540750 1*
#2541375 1!
#2541625 0*
#2542625 1*
#2543750 1)
#2543875 1-
#2544000 0!
#2544125 1%
#2544875 0)
#2545125 0" 1$ 0% 0(
#2545375 0*
#2546375 1*
#2546625 1)
#2546875 0# 0$
#2547000 1" 1%
#2547750 0)
#2548000 1! 1# 1$ 1&
#2548250 0*
#2549250 1*
#2549375 1)
#2549750 0! 0$ 0% 0'
#2550500 0) 0-
#2550750 0" 0# 0& 1' 1(
#2550875 1$
#2551000 0*
#2552000 1*
#2552625 1!
#2552875 0*
#2553875 1*
#2554500 0! 1"
#2554750 0*
#2555750 1*
#2556375 1!
#2556625 0*
#2557625 1*
#2558875 1) 1-
#2559000 0!
#2559125 1# 0$ 1%
#2559875 0)
#2560125 0" 0# 0(
#2560375 0*
#2561375 1*
#2561625 1)
#2561875 0% 0'
#2562000 1# 1$ 1& 1( 0,
#2562750 0)
#2563000 0# 0$ 0& 0(
#2563250 0*
#2564250 1*
#2564500 1)
#2564750 1" 1# 1&
#2564875 1,
#2565500 0) 0-
#2565750 0" 0&
#2565875 1$ 1' 1(
#2566000 0*
#2567125 1*
#2567750 1!
#2567875 0*
#2569000 1*
#2569500 0!
#2569625 1"
#2569750 0*
#2570875 1*
#2571500 1!
#2571625 0*
#2572750 1*
#2573875 1) 1-
#2574125 0! 0$ 1%
#2575000 0)
#2575125 0" 0(
#2575375 0*
#2576500 1*
#2576625 1)
#2577000 1! 1" 1$ 1& 1(
#2577750 0)
#2579500 1)
#2579750 0! 0$ 0% 0' 0(
#2580500 0-
#2580625 0)
#2580750 0" 0# 0&
#2580875 1% 1' 1(
#2581125 0*
#2582125 1*
#2582750 1!
#2583000 0*
#2584000 1*
#2584500 0!
#2584625 1"
#2584875 0*
#2585875 1*
#2586500 1!
#2586750 0*
#2587750 1*
#2588875 1) 1-
#2589125 0!
#2589250 1#
#2590000 0)
#2590125 0" 0# 0(
#2590250 1$
#2590500 0*
#2591500 1*
#2591625 1)
#2592000 1! 1" 1# 1& 1(
#2592750 0)
#2594500 1)
#2594750 0! 0$ 0% 0' 0(
#2595500 0-
#2595625 0)
#2595750 0" 0&
#2595875 1% 1' 1(
#2596125 0*
#2597125 1*
#2597750 1!
#2598000 0*
#2599000 1*
#2599500 0!
#2599625 1"
#2599875 0*
#2600875 1*
#2601500 1!
#2601750 0*
#2602750 1*
#2603625 00
#2603875 1) 1-
#2604125 0!
#2605000 0)
#2605125 0(
#2605250 0" 1$
#2605500 0*
#2606500 1*
#2606750 1)
#2607000 1! 1" 0# 0$
#2607750 0)
#2608125 1# 1$ 1&
#2608375 0+
#2609375 1+
#2609500 1)
#2609750 0! 0$ 0% 0'
#2610625 0) 0- 10
#2610750 0#
#2610875 0" 1$ 1% 0& 1' 1(
#2611125 0*
#2612125 1*
#2612750 1!
#2613000 0*
#2614000 1*
#2614500 0!
#2614625 1"
#2614875 0*
#2615875 1*
#2616500 1!
#2616750 0*
#2617750 1*
#2618875 1)
#2619000 1-
#2619125 0! 0$
#2619250 1#
#2620000 0)
#2620250 0" 0# 0% 1& 0(
#2620500 0*
#2621500 1*
#2621750 1)
#2622000 1# 1$ 0' 1(
#2622125 0,
#2622750 0)
#2623000 0# 0$ 0&
#2623250 0*
#2624375 1*
#2624500 1)
#2624750 0(
#2624875 1" 1# 1& 1,
#2625625 0) 0-
#2625875 0" 1$ 1% 0& 1' 1(
#2626125 0*
#2627125 1*
#2627750 1!
#2628000 0*
#2629000 1*
#2629500 0!
#2629625 1"
#2629875 0*
#2630875 1*
#2631500 1!
#2631750 0*
#2632750 1*
#2633875 1)
#2634000 1-
#2634125 0! 0$
#2635000 0)
#2635250 0" 0% 1& 0(
#2635500 0*
#2636500 1*
#2636750 1)
#2637000 1! 1" 1% 1(
#2637125 1$
#2637875 0)
#2639500 1)
#2639750 0! 0$ 0% 0' 0(
#2640625 0) 0-
#2640875 0" 0# 1' 1(
#2641125 0*
#2642125 1*
#2642750 1!
#2643000 0*
#2644000 1*
#2644500 0!
#2644625 1"
#2644875 0*
#2645875 1*
#2646500 1!
#2646750 0*
#2647750 1*
#2648875 1)
#2649000 1-
#2649125 0! 0&
#2649250 1# 1%
#2650000 0)
#2650250 0" 0# 1$ 0% 1& 0(
#2650500 0*
#2651500 1*
#2651750 1)
#2652000 1! 1" 1(
#2652125 1# 1%
#2652875 0)
#2654500 1)
#2654750 0% 0(
#2654875 0! 0$ 0'
#2655625 0) 0-
#2655875 0" 1' 1(
#2656125 0*
#2657125 1*
#2657750 1!
#2658000 0*
#2659000 1*
#2659500 0!
#2659625 1"
#2659875 0*
#2660875 1*
#2661500 1!
#2661750 0*
#2662750 1*
#2663875 1)
#2664000 1-
#2664125 0! 0&
#2664250 1%
#2665000 0)
#2665250 0" 1$ 0% 1& 0(
#2665500 0*
#2666500 1*
#2666750 1)
#2667000 0$ 1% 0&
#2667875 0)
#2668125 1! 1" 1$ 1&
#2668375 0*
#2669375 1*
#2669500 1)
#2669750 0! 0$ 0% 0'
#2670625 0) 0-
#2670875 0" 0# 1$ 1' 1(
#2671125 0*
#2672125 1*
#2672750 1!
#2673000 0*
#2674000 1*
#2674500 0!
#2674625 1"
#2674875 0*
#2675875 1*
#2676500 1!
#2676750 0*
#2677750 1*
#2678875 1)
#2679000 1-
#2679125 0! 0$ 0&
#2679250 1# 1%
#2680000 0)
#2680250 0" 0# 1& 0(
#2680500 0*
#2681500 1*
#2681750 1)
#2682000 1! 1# 1$ 0% 0' 1(
#2682125 0,
#2682750 0)
#2683000 0! 0# 0$ 0& 0(
#2683250 0*
#2684375 1*
#2684500 1)
#2684875 1" 1# 1& 1,
#2685625 0) 0-
#2685750 0"
#2685875 1$ 1' 1(
#2686125 0*
#2687125 1*
#2687500 00
#2687750 1!
#2688000 0*
#2689000 1*
#2689500 0!
#2689625 1"
#2689875 0*
#2690875 1*
#2691500 1!
#2691750 0*
#2692750 1*
#2693875 1)
#2694000 1-
#2694125 0! 0$ 0&
#2694250 1%
#2694500 10
#2695000 0)
#2695250 0" 1& 0(
#2695500 0*
#2696500 1*
#2696750 1)
#2697000 1! 1" 1$ 1(
#2697750 0)
#2699500 1)
#2699750 0! 0$ 0% 0' 0(
#2700625 0) 0-
#2700750 0"
#2700875 0# 1% 1' 1(
#2701125 0*
#2702125 1*
#2702750 1!
#2703000 0*
#2704000 1*
#2704500 0!
#2704625 1"
#2704875 0*
#2705875 1*
#2706500 1!
#2706750 0*
#2707750 1*
#2708875 1) 1-
#2709125 0! 0&
#2709250 1#
#2710000 0)
#2710125 0" 0# 0(
#2710250 1$ 1&
#2710500 0*
#2711500 1*
#2711625 1)
#2712000 1! 1" 1# 1(
#2712750 0)
#2714500 1)
#2714750 0! 0$ 0% 0' 0(
#2715500 0-
#2715625 0)
#2715750 0"
#2715875 1% 1' 1(
#2716125 0*
#2717125 1*
#2717750 1!
#2718000 0*
#2719000 1*
#2719500 0!
#2719625 1"
#2719875 0*
#2720875 1*
#2721500 1!
#2721750 0*
#2722750 1*
#2723875 1) 1-
#2724125 0! 0&
#2725000 0)
#2725125 0" 0(
#2725250 1$ 1&
#2725500 0*
#2726500 1*
#2726625 1)
#2726875 0$ 0&
#2727000 1!
#2727750 0)
#2728000 1" 1$ 1&
#2728250 0+
#2729250 1+
#2729500 1)
#2729750 0! 0$ 0% 0'
#2730500 0-
#2730625 0)
#2730750 0" 0#
#2730875 1$ 1% 1' 1(
#2731125 0*
#2732125 1*
#2732750 1!
#2733000 0*
#2734000 1*
#2734500 0!
#2734625 1"
#2734875 0*
#2735875 1*
#2736500 1!
#2736750 0*
#2737750 1*
#2738875 1) 1-
#2739125 1#
#2740000 0)
#2740500 0+
#2741500 1+
#2741625 1)
#2741875 0" 0% 0'
#2742000 0,
#2742750 0)
#2743000 0! 0# 0$ 0&
#2743250 0*
#2744250 1*
#2744500 1)
#2744750 1" 1# 1& 0(
#2744875 1,
#2745500 0-
#2745625 0)
#2745750 0"
#2745875 1$ 1% 1' 1(
#2746125 0*
#2747125 1*
#2747750 1!
#2747875 0*
#2749000 1*
#2749500 0!
#2749625 1"
#2749750 0*
#2750875 1*
#2751375 1!
#2751625 0*
#2752750 1*
#2753875 1) 1-
#2754125 0! 0$ 0&
#2754875 0)
#2755125 0" 0# 0% 0(
#2755250 1&
#2755375 0*
#2756375 1*
#2757125 1!
#2757250 0*
#2758250 1*
#2758875 0!
#2759000 1"
#2759125 0*
#2759875 1)
#2760125 0& 1*
#2760250 1# 1% 1(
#2761000 0)
#2761250 0" 0% 1& 0(
#2761500 0*
#2762500 1*
#2763125 1!
#2763375 0*
#2764375 1*
#2765000 0! 1"
#2765250 0*
#2766000 1)
#2766250 1*
#2766375 1! 1$ 1% 1(
#2767125 0)
#2768875 1)
#2769125 0# 0&
#2769875 0)
#2770125 0" 1# 0% 0' 0(
#2770375 0*
#2771375 1* 00
#2772000 1%
#2772250 0*
#2773250 1*
#2773500 1)
#2773750 0$
#2773875 1' 1(
#2774625 0)
#2774750 0% 0'
#2774875 1$
#2775125 0*
#2776125 1*
#2776250 1)
#2776625 1" 0# 1% 1'
#2777375 0)
#2777625 0" 1# 0% 1& 0' 0(
#2777875 0*
#2778375 10
#2778875 1*
#2779500 1%
#2779750 0*
#2780750 1*
#2781000 1)
#2781250 0$ 0& 1(
#2781375 1'
#2782125 0)
#2782250 0'
#2782375 1$
#2782625 0*
#2783625 1*
#2783750 1)
#2784000 0! 0$
#2784125 1" 1'
#2784875 0)
#2785125 0" 0# 1$ 0% 1& 0(
#2785375 0*
#2786375 1*
#2787000 1!
#2787250 0*
#2788250 1*
#2788875 0! 1"
#2789125 0*
#2789875 1)
#2790125 0$ 0& 1*
#2790250 1# 1% 1(
#2791000 0)
#2791125 0(
#2791250 0" 1$ 0% 1&
#2791500 0*
#2792500 1*
#2793125 1!
#2793375 0*
#2794375 1*
#2794875 0!
#2795000 1"
#2795250 0*
#2796500 1)
#2796750 1*
#2797125 0'
#2797250 1(
#2797375 0,
#2798000 0)
#2798250 0" 0# 0$ 0& 0(
#2798500 0*
#2799500 1*
#2800250 1)
#2800500 1! 1" 1$ 1% 1' 1(
#2800625 1,
#2801250 0)
#2802000 0" 1# 0% 0(
#2802250 0*
#2803250 1*
#2803875 1%
#2804125 0*
#2805125 1*
#2805375 1)
#2805625 0$ 1(
#2806500 0)
#2806625 0% 0'
#2806750 1$ 1&
#2807000 0*
#2808000 1*
#2808125 1)
#2808375 0# 0&
#2808500 1" 1% 1'
#2809250 0)
#2809500 0" 1# 0% 1& 0(
#2809750 0*
#2810750 1*
#2811375 1%
#2811625 0*
#2812625 1*
#2812875 1)
#2813125 0$ 0& 1(
#2814000 0)
#2814125 0'
#2814250 1$ 1&
#2814375 0*
#2815500 1*
#2815625 1)
#2815875 0! 0$ 0&
#2816000 1" 1'
#2816750 0)
#2817000 0" 0# 1& 0(
#2817250 0*
#2818250 1*
#2818875 1!
#2819125 0*
#2820125 1*
#2820625 0!
#2820750 1"
#2821000 0*
#2821750 1)
#2822000 0& 1*
#2822125 1# 1(
#2822875 0)
#2823000 0" 0(
#2823125 1&
#2823375 0*
#2824375 1*
#2825000 1!
#2825250 0*
#2826250 1*
#2826750 0!
#2826875 1"
#2827125 0*
#2827875 1)
#2828125 1! 1$ 1( 1*
#2829000 0)
#2830625 1)
#2830875 0# 0&
#2831750 0)
#2832000 0" 1# 0% 0'
#2832250 0*
#2833250 1*
#2833875 1%
#2834125 0*
#2835125 1*
#2835375 1)
#2835625 0$ 1'
#2836375 0)
#2836625 0%
#2836750 1$
#2836875 0*
#2838000 1*
#2838125 1)
#2838375 0#
#2838500 1" 1%
#2839250 0)
#2839500 0" 1# 0% 1& 0'
#2839750 0*
#2840750 1*
#2841375 1%
#2841625 0*
#2842625 1*
#2842875 1)
#2843125 0$ 0& 1'
#2843875 0)
#2844250 1$
#2844375 0*
#2845500 1*
#2845625 1)
#2845875 0! 0$
#2846000 1"
#2846750 0)
#2847000 0" 0# 1$ 1& 0(
#2847250 0*
#2848250 1*
#2848875 1!
#2849125 0*
#2850125 1*
#2850625 0!
#2850750 1"
#2851000 0*
#2851750 1)
#2852000 0$ 0& 1*
#2852125 1# 1(
#2852875 0)
#2853000 0" 0(
#2853125 1$ 1&
#2853375 0*
#2854375 1*
#2855000 1!
#2855250 0* 00
#2856250 1*
#2856750 0!
#2856875 1"
#2857125 0*
#2857875 1)
#2858125 0% 0' 1( 1*
#2858250 0,
#2858875 0)
#2859125 0" 0# 0$ 0&
#2859375 0*
#2860500 1*
#2860625 1)
#2861000 1! 1" 1$ 1% 1' 1,
#2861750 0)
#2862000 0" 1# 0%
#2862125 10
#2862250 0*
#2863250 1*
#2863875 1%
#2864125 0*
#2865125 1*
#2865375 1)
#2865625 0$
#2866375 0)
#2866625 0%
#2866750 1$ 1&
#2866875 0*
#2868000 1*
#2868125 1)
#2868375 0# 0&
#2868500 1" 1%
#2869250 0)
#2869500 0" 1# 0% 1&
#2869750 0*
#2870750 1*
#2871375 1%
#2871625 0*
#2872625 1*
#2872875 1)
#2873125 0$ 0&
#2874000 0)
#2874250 1$ 1&
#2874500 0*
#2875500 1*
#2875625 1)
#2891000 1"
#2891750 0)
#2893500 1)
#2895500 0)
#2897250 1)
#2900375 0! 0$ 0&
#2901125 0)
#2901375 0" 0# 0% 0' 0(
#2901625 0*
#2902625 1*
#2902875 1)
#2903250 1! 1" 1# 1$ 1% 1& 1' 1(
#2904000 0)
#2905625 1)
#2906750 0)
#2907250 0+
#2908250 1+
#2909125 0+
#2910125 1+
#2911000 0+
#2912125 1+
#2912875 0+
#2914000 1+
#2915125 1)
#2915375 0! 0$ 0&
#2916125 0)
#2916375 0" 0% 0' 0(
#2916625 0*
#2917625 1*
#2917875 1)
#2918250 1! 1" 1$ 1& 1( 0,
#2919000 0)
#2919250 0! 0" 0# 0$ 0& 0(
#2919500 0*
#2920500 1*
#2920750 1)
#2921000 1! 1" 1# 1&
#2921125 1,
#2921750 0) 0-
#2922000 0! 0" 0# 0&
#2922250 0*
#2923250 1*
#2923875 1!
#2924125 0*
#2925250 1*
#2925750 0!
#2925875 1"
#2926000 0*
#2927125 1*
#2927625 1!
#2927875 0*
#2929000 1*
#2930125 1) 1-
#2930375 0! 1# 1% 1' 1(
#2931250 0)
#2931375 0" 0# 0% 0' 0(
#2931500 1$
#2931625 0*
#2932750 1*
#2932875 1)
#2933250 1! 1" 1# 1% 1& 1' 1(
#2934000 0)
#2935750 1)
#2936000 0$ 0% 0' 0(
#2936750 0-
#2936875 0)
#2937000 0! 0" 0&
#2937250 0*
#2938375 1*
#2939000 1!
#2939125 0* 00
#2940250 1*
#2940750 0!
#2940875 1"
#2941125 0*
#2942125 1*
#2942750 1!
#2943000 0*
#2944000 1*
#2945125 1) 1-
#2945375 0! 1' 1(
#2945500 1%
#2946000 10
#2946250 0)
#2946375 0" 0% 0' 0(
#2946500 1$
#2946750 0*
#2947750 1*
#2947875 1)
#2948125 0$
#2948250 1" 1% 1'
#2949000 0)
#2949250 1! 1$ 1&
#2949500 0*
#2950500 1*
#2950750 1)
#2951000 0$ 0% 0'
#2951750 0-
#2951875 0)
#2952000 0! 0" 0# 0&
#2952125 1$
#2952375 0*
#2953375 1*
#2954000 1!
#2954250 0*
#2955250 1*
#2955750 0!
#2955875 1"
#2956125 0*
#2957125 1*
#2957750 1!
#2958000 0*
#2959000 1*
#2960125 1) 1-
#2960375 0! 0$ 1(
#2960500 1# 1% 1'
#2961250 0)
#2961375 0# 0' 0(
#2961500 0"
#2961750 0*
#2962750 1*
#2963000 1)
#2963250 1! 1" 1# 1$ 1& 1' 1(
#2964000 0)
#2965750 1)
#2966000 0$ 0% 0' 0(
#2966875 0) 0-
#2967000 0! 0"
#2967125 1$ 0&
#2967375 0*
#2968375 1*
#2969000 1!
#2969250 0*
#2970250 1*
#2970750 0!
#2970875 1"
#2971125 0*
#2972125 1*
#2972750 1!
#2973000 0*
#2974000 1*
#2975125 1)
#2975250 1-
#2975375 0! 0$
#2975500 1% 1' 1(
#2976250 0)
#2976375 0(
#2976500 0" 0'
#2976750 0*
#2977750 1*
#2978000 1)
#2978250 1! 1" 0% 1& 1(
#2978375 1$ 0,
#2979125 0)
#2979250 0! 0" 0# 0$ 0&
#2979500 0*
#2980625 1*
#2980750 1)
#2981000 0(
#2981125 1! 1" 1# 1& 1,
#2981875 0) 0-
#2982125 0! 0" 0# 1% 0&
#2982375 0*
#2983375 1*
#2984000 1!
#2984250 0*
#2985250 1*
#2985875 0! 1"
#2986125 0*
#2987125 1*
#2987750 1!
#2988000 0*
#2989000 1*
#2990125 1)
#2990250 1-
#2990375 0!
#2990500 1# 1' 1(
#2991250 0)
#2991500 0" 0# 1$ 0' 0(
#2991750 0*
#2992750 1*
#2993000 1)
#2993250 1(
#2993375 1! 1" 1# 1& 1'
#2994125 0)
#2995750 1)
#2996125 0$ 0% 0' 0(
#2996875 0) 0-
#2997125 0! 0" 1% 0&
#2997375 0*
#2998375 1*
#2999000 1!
#2999250 0*
#3000250 1*
#3000875 0! 1"
#3001125 0*
#3002125 1*
#3002750 1!
#3003000 0*
#3004000 1*
#3005250 1) 1-
#3005375 0!
#3005500 1' 1(
#3006250 0)
#3006500 0" 1$ 0' 0(
#3006750 0*
#3007750 1*
#3008000 1)
#3008250 0$
#3008375 1! 1" 1'
#3009125 0)
#3009375 1$ 1&
#3009625 0+
#3010625 1+
#3010875 1)
#3011125 0$ 0% 0'
#3011875 0) 0-
#3012125 0! 0" 0# 0&
#3012250 1$ 1%
#3012375 0*
#3013375 1*
#3014000 1!
#3014250 0*
#3015250 1*
#3015875 0!
#3016000 1"
#3016125 0*
#3017125 1*
#3017750 1!
#3018000 0*
#3019125 1*
#3020250 1) 1-
#3020500 0! 1# 0$ 1' 1(
#3021375 0)
#3021500 0" 0# 0% 0' 0(
#3021625 1&
#3021750 0*
#3022875 1* 00
#3023000 1)
#3023375 1! 1" 1# 1$ 1% 1' 1(
#3024125 0)
#3025875 1)
#3026125 0$ 0% 0' 0(
#3026875 0-
#3027000 0)
#3027125 0! 0" 0&
#3027250 1$ 1%
#3027375 0*
#3028500 1*
#3029125 1!
#3029250 0*
#3029875 10
#3030375 1*
#3030875 0!
#3031000 1"
#3031250 0*
#3032250 1*
#3032875 1!
#3033125 0*
#3034125 1*
#3035250 1) 1-
#3035500 0! 0$ 1' 1(
#3036375 0)
#3036500 0" 0% 0' 0(
#3036625 1&
#3036875 0*
#3037875 1*
#3038000 1)
#3038250 0#
#3038375 1% 1(
#3038500 0,
#3039125 0)
#3039375 0% 0& 0(
#3039625 0*
#3040625 1*
#3040875 1)
#3041125 1!
#3041250 1" 1# 1& 1,
#3042000 0) 0-
#3042125 0! 0" 0#
#3042500 0*
#3043500 1*
#3044125 1!
#3044375 0*
#3045375 1*
#3045875 0!
#3046000 1"
#3046250 0*
#3047250 1*
#3047875 1!
#3048125 0*
#3049125 1*
#3050250 1) 1-
#3050500 0! 0& 1' 1(
#3050625 1# 1%
#3051375 0)
#3051500 0" 0# 0% 0' 0(
#3051625 1$ 1&
#3051875 0*
#3052875 1*
#3053000 1)
#3053375 1! 1" 1# 1% 1' 1(
#3054125 0)
#3055875 1)
#3056125 0$ 0% 0' 0(
#3056875 0-
#3057000 0)
#3057125 0! 0"
#3057500 0*
#3058500 1*
#3059125 1!
#3059375 0*
#3060375 1*
#3060875 0!
#3061000 1"
#3061250 0*
#3062250 1*
#3062875 1!
#3063125 0*
#3064125 1*
#3065250 1) 1-
#3065500 0! 0& 1(
#3065625 1% 1'
#3066375 0)
#3066500 0% 0' 0(
#3066625 0" 1$ 1&
#3066875 0*
#3067875 1*
#3068000 1)
#3068250 0# 0&
#3068375 1% 1'
#3069125 0)
#3069375 1&
#3069500 1! 1" 1#
#3069625 0*
#3070625 1*
#3070875 1)
#3071125 0$ 0% 0'
#3072000 0) 0-
#3072125 0! 0" 0#
#3072250 1$
#3072500 0*
#3073500 1*
#3074125 1!
#3074375 0*
#3075375 1*
#3075875 0!
#3076000 1"
#3076250 0*
#3077250 1*
#3077875 1!
#3078125 0*
#3079125 1*
#3080250 1) 1-
#3080500 0! 0$ 0& 1(
#3080625 1# 1% 1'
#3081375 0)
#3081500 0# 0' 0(
#3081625 0" 1&
#3081875 0*
#3082875 1*
#3083125 1)
#3083375 1! 1" 1# 1$ 1' 1(
#3084125 0)
#3085875 1)
#3086125 0$ 0% 0' 0(
#3087000 0) 0-
#3087125 0! 0"
#3087250 1$
#3087500 0*
#3088500 1*
#3089125 1!
#3089375 0*
#3090375 1*
#3090875 0!
#3091000 1"
#3091250 0*
#3092250 1*
#3092875 1!
#3093125 0*
#3094125 1*
#3095250 1) 1-
#3095500 0! 0$ 0& 1(
#3095625 1% 1'
#3096375 0)
#3096500 0" 0' 0(
#3096625 1&
#3096875 0*
#3097875 1*
#3098000 1)
#3098250 0#
#3098375 1(
#3098500 0,
#3099125 0)
#3099375 0% 0&
#3099625 0*
#3100625 1*
#3100875 1)
#3101125 0(
#3101250 1! 1" 1# 1& 1,
#3102000 0) 0-
#3102125 0! 0" 0#
#3102250 1%
#3102500 0*
#3103500 1*
#3104125 1!
#3104375 0*
#3105375 1*
#3105875 0!
#3106000 1"
#3106250 0*
#3106750 00
#3107250 1*
#3107875 1!
#3108125 0*
#3109125 1*
#3110250 1) 1-
#3110500 0! 0& 1(
#3110625 1# 1'
#3111375 0)
#3111500 0" 0# 0' 0(
#3111625 1$ 1&
#3111875 0*
#3112875 1*
#3113000 1)
#3113375 1! 1" 1# 1' 1(
#3113750 10
#3114125 0)
#3115875 1)
#3116125 0$ 0% 0' 0(
#3116875 0-
#3117000 0)
#3117125 0! 0"
#3117250 1%
#3117500 0*
#3118500 1*
#3119125 1!
#3119375 0*
#3120375 1*
#3120875 0!
#3121000 1"
#3121250 0*
#3122250 1*
#3122875 1!
#3123125 0*
#3124125 1*
#3125250 1) 1-
#3125500 0! 0& 1' 1(
#3126375 0)
#3126500 0" 0' 0(
#3126625 1$ 1&
#3126875 0*
#3127875 1*
#3128000 1)
#3128250 0# 0&
#3128375 1! 1'
#3129125 0)
#3129375 1" 1# 1&
#3129625 0+
#3130625 1+
#3130875 1)
#3131125 0$ 0% 0'
#3131875 0-
#3132000 0)
#3132125 0! 0" 0#
#3132250 1$ 1%
#3132500 0*
#3133500 1*
#3134125 1!
#3134375 0*
#3135375 1*
#3135875 0!
#3136000 1"
#3136250 0*
#3137250 1*
#3137875 1!
#3138125 0*
#3139125 1*
#3140250 1) 1-
#3140500 0! 0$ 0& 1' 1(
#3140625 1#
#3141375 0)
#3141500 0" 0# 0% 0(
#3141875 0*
#3142875 1*
#3143000 1)
#3143375 1! 1" 1# 1$ 1% 1& 1(
#3144125 0)
#3145875 1)
#3146125 0$ 0% 0' 0(
#3146875 0-
#3147000 0)
#3147125 0! 0"
#3147250 1$ 1%
#3147500 0*
#3148500 1*
#3149125 1!
#3149375 0*
#3150375 1*
#3150875 0!
#3151000 1"
#3151250 0*
#3152250 1*
#3152875 1!
#3153000 0*
#3154125 1*
#3155250 1) 1-
#3155500 0! 0$ 0& 1' 1(
#3156375 0)
#3156500 0" 0% 0(
#3156750 0*
#3157875 1*
#3158000 1)
#3158250 0# 0'
#3158375 1! 1% 1& 1( 0,
#3159125 0)
#3159375 0! 0% 0& 0(
#3159625 0*
#3160625 1*
#3160875 1)
#3161125 1! 1" 1# 1&
#3161250 1,
#3161875 0-
#3162000 0)
#3162125 0! 0" 0# 0&
#3162250 1'
#3162375 0*
#3163500 1*
#3164125 1!
#3164250 0*
#3165375 1*
#3165875 0!
#3166000 1"
#3166125 0*
#3167125 1*
#3167750 1!
#3168000 0*
#3169000 1*
#3170250 1) 1-
#3170375 0!
#3170500 1# 1% 1(
#3171250 0)
#3171500 0" 0# 0% 0(
#3171625 1$
#3171750 0*
#3172750 1*
#3173000 1)
#3173375 1! 1" 1# 1% 1& 1(
#3174125 0)
#3175875 1)
#3176125 0$ 0% 0' 0(
#3176875 0) 0-
#3177125 0! 0" 0& 1'
#3177375 0*
#3178375 1*
#3179000 1!
#3179250 0*
#3180250 1*
#3180875 0!
#3181000 1"
#3181125 0*
#3182125 1*
#3182750 1!
#3183000 0*
#3184000 1*
#3185250 1) 1-
#3185375 0!
#3185500 1% 1(
#3186250 0)
#3186500 0" 1$ 0% 0(
#3186750 0*
#3187750 1*
#3188000 1)
#3188250 0#
#3188375 1" 1%
#3189125 0)
#3189375 1! 1# 1&
#3189625 0*
#3190625 1* 00
#3190750 1)
#3191125 0$ 0% 0'
#3191875 0) 0-
#3192125 0! 0" 0# 1$ 0& 1'
#3192375 0*
#3193375 1*
#3194000 1!
#3194250 0*
#3195250 1*
#3195875 0! 1"
#3196125 0*
#3197125 1*
#3197625 10
#3197750 1!
#3198000 0*
#3199000 1*
#3200125 1)
#3200250 1-
#3200375 0!
#3200500 1# 0$ 1% 1(
#3201250 0)
#3201500 0" 0# 0(
#3201750 0*
#3202750 1*
#3203000 1)
#3203250 1(
#3203375 1! 1" 1# 1$ 1&
#3204125 0)
#3205750 1)
#3206000 0(
#3206125 0$ 0% 0'
#3206875 0) 0-
#3207125 0! 0" 1$ 0& 1'
#3207375 0*
#3208375 1*
#3209000 1!
#3209250 0*
#3210250 1*
#3210875 0! 1"
#3211125 0*
#3212125 1*
#3212750 1!
#3213000 0*
#3214000 1*
#3215125 1)
#3215250 1-
#3215375 0! 0$
#3215500 1% 1(
#3216250 0)
#3216500 0" 0(
#3216750 0*
#3217750 1*
#3218000 1)
#3218250 1! 0# 1& 0' 1(
#3218375 0,
#3219125 0)
#3219250 0! 0% 0&
#3219500 0*
#3220625 1*
#3220750 1)
#3221000 0(
#3221125 1! 1" 1# 1& 1,
#3221875 0) 0-
#3222000 0!
#3222125 0" 0# 1% 0& 1'
#3222375 0*
#3223375 1*
#3224000 1!
#3224250 0*
#3225250 1*
#3225750 0!
#3225875 1"
#3226125 0*
#3227125 1*
#3227750 1!
#3228000 0*
#3229000 1*
#3230125 1)
#3230250 1-
#3230375 0!
#3230500 1# 1(
#3231250 0)
#3231375 0(
#3231500 0" 0# 1$
#3231750 0*
#3232750 1*
#3233000 1)
#3233250 1! 1" 1# 1& 1(
#3234125 0)
#3235750 1)
#3236000 0$ 0% 0' 0(
#3236875 0) 0-
#3237000 0!
#3237125 0" 1% 0& 1'
#3237375 0*
#3238375 1*
#3239000 1!
#3239250 0*
#3240250 1*
#3240750 0!
#3240875 1"
#3241125 0*
#3242125 1*
#3242750 1!
#3243000 0*
#3244000 1*
#3245125 1) 1-
#3245375 0!
#3245500 1(
#3246250 0)
#3246375 0(
#3246500 0" 1$
#3246750 0*
#3247750 1*
#3248000 1)
#3248250 1! 1" 0#
#3249000 0)
#3249375 1# 1&
#3249625 0+
#3250625 1+
#3250750 1)
#3251000 0$ 0% 0'
#3251875 0) 0-
#3252000 0! 0" 0#
#3252125 1$ 1% 0& 1'
#3252375 0*
#3253375 1*
#3254000 1!
#3254250 0*
#3255250 1*
#3255750 0!
#3255875 1"
#3256125 0*
#3257125 1*
#3257750 1!
#3258000 0*
#3259000 1*
#3260125 1) 1-
#3260375 0! 0$
#3260500 1# 1(
#3261250 0)
#3261375 0# 0(
#3261500 0" 0% 1&
#3261750 0*
#3262750 1*
#3263000 1)
#3263250 1! 1" 1# 1$ 1% 1(
#3264000 0)
#3265750 1)
#3266000 0$ 0% 0' 0(
#3266750 0-
#3266875 0)
#3267000 0! 0" 0&
#3267125 1$ 1% 1'
#3267375 0*
#3268375 1*
#3269000 1!
#3269250 0*
#3270250 1*
#3270750 0!
#3270875 1"
#3271125 0*
#3272125 1*
#3272750 1!
#3273000 0*
#3274000 1*
#3274500 00
#3275125 1) 1-
#3275375 0! 0$ 1(
#3276250 0)
#3276375 0" 0(
#3276500 0% 1&
#3276750 0*
#3277750 1*
#3277875 1)
#3278125 0#
#3278250 1" 1% 0' 1(
#3278375 0,
#3279000 0)
#3279250 0" 0% 0& 0(
#3279500 0*
#3280500 1*
#3280750 1)
#3281125 1! 1" 1# 1& 1,
#3281375 10
#3281875 0) 0-
#3282000 0! 0" 0#
#3282125 1'
#3282375 0*
#3283375 1*
#3284000 1!
#3284250 0*
#3285250 1*
#3285750 0!
#3285875 1"
#3286125 0*
#3287125 1*
#3287750 1!
#3288000 0*
#3289000 1*
#3290125 1) 1-
#3290375 0! 0& 1(
#3290500 1# 1%
#3291250 0)
#3291375 0# 0(
#3291500 0" 1$ 0% 1&
#3291750 0*
#3292750 1*
#3292875 1)
#3293250 1! 1" 1# 1% 1(
#3294000 0)
#3295750 1)
#3296000 0$ 0% 0' 0(
#3296875 0) 0-
#3297000 0! 0"
#3297125 1'
#3297375 0*
#3298375 1*
#3299000 1!
#3299250 0*
#3300250 1*
#3300750 0!
#3300875 1"
#3301125 0*
#3302125 1*
#3302750 1!
#3303000 0*
#3304000 1*
#3305125 1) 1-
#3305375 0! 0&
#3305500 1% 1(
#3306250 0)
#3306375 0% 0(
#3306500 0" 1$ 1&
#3306750 0*
#3307750 1*
#3308000 1)
#3308125 0&
#3308250 1%
#3309000 0)
#3309250 1&
#3309375 1! 1"
#3309500 0*
#3310500 1*
#3310750 1)
#3311000 0$ 0% 0'
#3311875 0) 0-
#3312000 0! 0"
#3312125 0# 1$ 1'
#3312375 0*
#3313375 1*
#3314000 1!
#3314250 0*
#3315250 1*
#3315750 0!
#3315875 1"
#3316125 0*
#3317125 1*
#3317750 1!
#3318000 0*
#3319000 1*
#3320125 1) 1-
#3320375 0! 0$ 0&
#3320500 1# 1% 1(
#3321250 0)
#3321375 0# 0(
#3321500 0" 1&
#3321750 0*
#3322750 1*
#3323000 1)
#3323250 1! 1" 1# 1$ 1(
#3324000 0)
#3325750 1)
#3326000 0$ 0% 0' 0(
#3326875 0) 0-
#3327000 0!
#3327125 0" 1$ 1'
#3327375 0*
#3328375 1*
#3329000 1!
#3329250 0*
#3330250 1*
#3330750 0!
#3330875 1"
#3331125 0*
#3332125 1*
#3332750 1!
#3333000 0*
#3334000 1*
#3335125 1)
#3335250 1-
#3335375 0! 0$ 0&
#3335500 1% 1(
#3336250 0)
#3336500 0" 1& 0(
#3336750 0*
#3337750 1*
#3338000 1)
#3338250 1" 0# 0' 1(
#3338375 0,
#3339125 0)
#3339250 0" 0% 0&
#3339500 0*
#3340625 1*
#3340750 1)
#3341000 0(
#3341125 1! 1" 1# 1& 1,
#3341875 0) 0-
#3342000 0!
#3342125 0" 0# 1% 1'
#3342375 0*
#3343375 1*
#3344000 1!
#3344250 0*
#3345250 1*
#3345875 0! 1"
#3346125 0*
#3347125 1*
#3347750 1!
#3348000 0*
#3349000 1*
#3350125 1)
#3350250 1-
#3350375 0! 0&
#3350500 1# 1(
#3351250 0)
#3351500 0" 0# 1$ 1& 0(
#3351750 0*
#3352750 1*
#3353000 1)
#3353250 1(
#3353375 1! 1" 1#
#3354125 0)
#3355750 1)
#3356125 0$ 0% 0' 0(
#3356875 0) 0-
#3357125 0! 0" 1% 1'
#3357375 0*
#3358250 00
#3358375 1*
#3359000 1!
#3359250 0*
#3360250 1*
#3360875 0! 1"
#3361125 0*
#3362125 1*
#3362750 1!
#3363000 0*
#3364000 1*
#3365125 1)
#3365250 1- 10
#3365375 0!
#3365500 0& 1(
#3366250 0)
#3366500 0" 1$ 1& 0(
#3366750 0*
#3367750 1*
#3368000 1)
#3368250 0&
#3368375 1!
#3369125 0)
#3369375 1" 1&
#3369625 0+
#3370625 1+
#3370750 1)
#3371125 0$ 0% 0'
#3371875 0) 0-
#3372125 0! 0" 0# 1% 1'
#3372250 1$
#3372375 0*
#3373375 1*
#3374000 1!
#3374250 0*
#3375250 1*
#3375875 0!
#3376000 1"
#3376125 0*
#3377125 1*
#3377750 1!
#3378000 0*
#3379000 1*
#3380250 1) 1-
#3380500 1# 1(
#3381250 0)
#3381875 0+
#3382875 1+
#3383000 1)
#3384125 0)
#3385875 1)
#3386125 0$ 0% 0' 0(
#3386875 0) 0-
#3387125 0! 0"
#3387250 1$ 1% 1'
#3387375 0*
#3388500 1*
#3389125 1!
#3389250 0*
#3390375 1*
#3390875 0!
#3391000 1"
#3391125 0*
#3392250 1*
#3392875 1!
#3393125 0*
#3394125 1*
#3395250 1) 1-
#3395500 0! 0$ 0& 1(
#3396375 0)
#3396500 0" 0# 0% 0(
#3396625 1&
#3396875 0*
#3397875 1*
#3398500 1!
#3398750 0*
#3399750 1*
#3400250 0!
#3400375 1"
#3400625 0*
#3401375 1)
#3401625 0& 1( 1*
#3401750 1# 1%
#3402375 0)
#3402625 0" 0% 1& 0(
#3402875 0*
#3403875 1*
#3404625 1!
#3404750 0*
#3405750 1*
#3406375 0!
#3406500 1"
#3406625 0*
#3407375 1)
#3407625 0# 1*
#3407750 1! 1% 0' 1(
#3407875 0,
#3408500 0)
#3408750 0! 0" 0% 0& 0(
#3409000 0*
#3410000 1*
#3410250 1)
#3410500 1(
#3410625 1! 1" 1$ 1% 1' 1,
#3411375 0)
#3411500 0! 0% 0' 0(
#3411625 1#
#3411875 0*
#3412875 1*
#3413500 1%
#3413750 0*
#3414750 1*
#3415000 1)
#3415250 1! 0" 0$ 1' 1(
#3416000 0)
#3416250 0! 0% 0'
#3416375 1" 1$
#3416500 0*
#3417500 1*
#3417750 1)
#3418000 0#
#3418125 1! 1% 1'
#3418875 0)
#3419000 0! 0% 0'
#3419125 1# 1& 0(
#3419375 0*
#3420375 1*
#3421000 1%
#3421250 0*
#3422250 1*
#3422500 1)
#3422750 1! 0" 0$ 0& 1' 1(
#3423500 0)
#3423750 0! 0'
#3423875 1" 1$
#3424000 0*
#3425000 1*
#3425250 1)
#3425500 0$
#3425625 1'
#3426375 0)
#3426625 0" 0# 1$ 0% 1& 0(
#3426875 0*
#3427875 1*
#3428500 1!
#3428750 0*
#3429750 1*
#3430250 0!
#3430375 1"
#3430625 0*
#3431375 1)
#3431625 0$ 0& 1*
#3431750 1# 1% 1(
#3432500 0)
#3432625 0% 0(
#3432750 0" 1$ 1&
#3433000 0*
#3434000 1*
#3434625 1!
#3434875 0*
#3435875 1*
#3436375 0!
#3436500 1"
#3436750 0*
#3438000 1)
#3438250 1*
#3438750 1! 1% 1(
#3439500 0)
#3441750 1)
#3442000 0# 0&
#3442125 00
#3442750 0)
#3443500 0! 1# 0% 0(
#3443750 0*
#3444750 1*
#3445375 1%
#3445625 0*
#3446625 1*
#3446875 1)
#3447125 1! 0" 0$ 1(
#3448000 0)
#3448125 0! 0% 0'
#3448250 1" 1$ 1&
#3448500 0*
#3449125 10
#3449500 1*
#3449625 1)
#3449875 0# 0&
#3450000 1! 1% 1'
#3450750 0)
#3451000 0! 1# 0% 1& 0(
#3451250 0*
#3452250 1*
#3452875 1%
#3453125 0*
#3454125 1*
#3454375 1)
#3454625 0" 0$ 0& 1(
#3454750 1!
#3455500 0)
#3455625 0! 0'
#3455750 1" 1$ 1&
#3456000 0*
#3457000 1*
#3457125 1)
#3457375 0$ 0&
#3457500 1'
#3458250 0)
#3458500 0" 0# 1& 0(
#3458750 0*
#3459750 1*
#3460375 1!
#3460625 0*
#3461625 1*
#3462250 0! 1"
#3462500 0*
#3463250 1)
#3463500 0& 1*
#3463625 1# 1(
#3464375 0)
#3464625 0" 1& 0(
#3464875 0*
#3465875 1*
#3466500 1!
#3466750 0*
#3467750 1*
#3468375 0! 1"
#3468625 0*
#3469375 1)
#3469625 0# 0' 1*
#3469750 1! 1( 0,
#3470500 0)
#3470625 0!
#3470750 0" 0% 0&
#3471000 0*
#3472000 1*
#3472250 1)
#3472500 1! 1" 1$ 1% 1'
#3472625 1,
#3473250 0)
#3473500 0! 0% 0'
#3473625 1#
#3473750 0*
#3474750 1*
#3475500 1%
#3475625 0*
#3476625 1*
#3476875 1)
#3477125 0" 0$
#3477250 1! 1'
#3478000 0)
#3478125 0!
#3478250 1" 1$ 0%
#3478500 0*
#3479500 1*
#3479750 1)
#3480000 1! 0# 1%
#3480750 0)
#3481000 0! 0% 0'
#3481125 1# 1&
#3481250 0*
#3482375 1*
#3483000 1%
#3483125 0*
#3484250 1*
#3484375 1)
#3484625 0" 0$ 0&
#3484750 1! 1'
#3485500 0)
#3485625 0!
#3485750 1" 1$
#3486000 0*
#3487000 1*
#3487250 1)
#3487500 0$
#3488375 0)
#3488500 0" 0# 0(
#3488625 1$ 1&
#3488750 0*
#3489875 1*
#3490500 1!
#3490625 0*
#3491750 1*
#3492250 0!
#3492375 1"
#3492500 0*
#3493375 1)
#3493500 1*
#3493625 0$ 0& 1(
#3493750 1#
#3494375 0)
#3494625 0" 1$ 1& 0(
#3494875 0*
#3495875 1*
#3496500 1!
#3496750 0*
#3497750 1*
#3498375 0! 1"
#3498625 0*
#3499375 1)
#3499625 1*
#3499750 1! 1(
#3500500 0)
#3502250 1)
#3502500 0# 0&
#3503375 0)
#3503500 0! 0%
#3503625 1#
#3503875 0*
#3504875 1*
#3505500 1%
#3505750 0*
#3506750 1*
#3506875 1)
#3507125 0" 0$
#3507250 1!
#3508000 0)
#3508250 0! 1" 1$ 0% 1&
#3508500 0*
#3509500 1*
#3509750 1)
#3510000 1! 0# 1% 0&
#3510875 0)
#3511000 0! 0%
#3511125 1# 1&
#3511375 0*
#3512375 1*
#3513000 1%
#3513250 0*
#3514250 1*
#3514375 1)
#3514625 0" 0$ 0&
#3514750 1!
#3515500 0)
#3515750 0! 1" 1$ 1&
#3516000 0*
#3517000 1*
#3517250 1)
#3526000 00
#3532500 0" 0$ 0'
#3532625 0,
#3533000 10
#3533375 0)
#3533500 0# 0% 0& 0(
#3533875 0*
#3534875 1*
#3535000 1)
#3536250 1(
#3536375 1! 1" 1# 1$ 1% 1& 1' 1,
#3537125 0)
#3538750 1)
#3541875 0! 0$ 0&
#3542750 0)
#3542875 0" 0# 0% 0' 0(
#3543250 0*
#3544250 1*
#3544375 1)
#3544750 1! 1" 1# 1$ 1% 1& 1' 1(
#3545500 0)
#3547250 1)
#3548375 0)
#3548875 0+
#3549875 1+
#3550750 0+
#3551750 1+
#3552625 0+
#3553625 1+
#3554500 0+
#3555500 1+
#3556625 1)
#3556875 0! 0$ 0&
#3557750 0)
#3557875 0" 0% 0' 0(
#3558125 0*
#3559250 1*
#3559375 1)
#3559750 1! 1" 1$ 1% 1& 1' 1(
#3560500 0)
#3562250 1)
#3562500 0$ 0% 0' 0(
#3563250 0) 0-
#3563500 0! 0" 0# 0&
#3563625 1(
#3563750 0*
#3564875 1*
#3565500 1!
#3565625 0*
#3566750 1*
#3567250 0!
#3567375 1"
#3567500 0*
#3568625 1*
#3569250 1!
#3569375 0*
#3570500 1*
#3571625 1) 1-
#3571875 0! 1# 1% 1'
#3572625 0)
#3572875 0" 0# 0% 0' 0(
#3573000 1$
#3573125 0*
#3574125 1*
#3574375 1)
#3574750 1! 1" 1# 1% 1& 1' 1(
#3575500 0)
#3577250 1)
#3577500 0$ 0% 0' 0(
#3578250 0) 0-
#3578500 0! 0" 0& 1(
#3578750 0*
#3579750 1*
#3580375 1!
#3580625 0*
#3581625 1*
#3582250 0!
#3582375 1"
#3582500 0*
#3583500 1*
#3584125 1!
#3584375 0*
#3585375 1*
#3586625 1) 1-
#3586750 0!
#3586875 1% 1'
#3587625 0)
#3587875 0" 1$ 0% 0' 0(
#3588125 0*
#3589125 1*
#3589375 1)
#3589750 1" 1% 1'
#3590500 0)
#3590750 1! 1&
#3591000 0*
#3592000 1*
#3592125 1)
#3592500 0$ 0% 0'
#3593250 0) 0-
#3593500 0! 0" 0# 0& 1(
#3593625 1$
#3593750 0*
#3594750 1*
#3595375 1!
#3595625 0*
#3596625 1*
#3597250 0! 1"
#3597500 0*
#3598500 1*
#3599125 1!
#3599375 0*
#3600375 1*
#3601500 1)
#3601625 1-
#3601750 0!
#3601875 1# 0$ 1% 1'
#3602625 0)
#3602875 0" 0# 0' 0(
#3603125 0*
#3604125 1*
#3604375 1)
#3604625 1(
#3604750 1# 1& 0,
#3605500 0)
#3605625 0# 0% 0&
#3606000 0*
#3607000 1*
#3607125 1)
#3607375 0(
#3607500 1! 1" 1# 1&
#3607625 1,
#3608250 0) 0-
#3608500 0! 0" 1$ 0& 1(
#3608750 0*
#3609750 1*
#3609875 00
#3610375 1!
#3610625 0*
#3611625 1*
#3612250 0! 1"
#3612500 0*
#3613500 1*
#3614125 1!
#3614375 0*
#3615375 1*
#3616500 1)
#3616625 1-
#3616750 0! 0$ 10
#3616875 1% 1'
#3617625 0)
#3617875 0" 0' 0(
#3618125 0*
#3619125 1*
#3619375 1)
#3619625 1! 1' 1(
#3619750 1" 1$ 1&
#3620500 0)
#3622125 1)
#3622375 0$ 0% 0' 0(
#3623250 0) 0-
#3623500 0! 0" 0# 1% 0& 1(
#3623750 0*
#3624750 1*
#3625375 1!
#3625625 0*
#3626625 1*
#3627125 0!
#3627250 1"
#3627500 0*
#3628500 1*
#3629125 1!
#3629375 0*
#3630375 1*
#3631500 1)
#3631625 1-
#3631750 0!
#3631875 1# 1'
#3632625 0)
#3632875 0" 0# 1$ 0' 0(
#3633125 0*
#3634125 1*
#3634375 1)
#3634625 1! 1" 1# 1& 1' 1(
#3635375 0)
#3637125 1)
#3637375 0$ 0% 0' 0(
#3638250 0) 0-
#3638375 0! 0"
#3638500 1% 0& 1(
#3638750 0*
#3639750 1*
#3640375 1!
#3640625 0*
#3641625 1*
#3642125 0!
#3642250 1"
#3642500 0*
#3643500 1*
#3644125 1!
#3644375 0*
#3645375 1*
#3646500 1) 1-
#3646750 0!
#3646875 1'
#3647625 0)
#3647750 0' 0(
#3647875 0" 1$
#3648125 0*
#3649125 1*
#3649375 1)
#3649625 1! 1" 1'
#3650375 0)
#3650625 1&
#3650875 0+
#3651875 1+
#3652125 1)
#3652375 0$ 0% 0'
#3653250 0) 0-
#3653375 0! 0" 0# 0&
#3653500 1$ 1% 1(
#3653750 0*
#3654750 1*
#3655375 1!
#3655625 0*
#3656625 1*
#3657125 0!
#3657250 1"
#3657500 0*
#3658500 1*
#3659125 1!
#3659375 0*
#3660375 1*
#3661500 1) 1-
#3661750 0! 0$
#3661875 1# 1'
#3662625 0)
#3662750 0" 0# 0' 0(
#3662875 0% 1&
#3663125 0*
#3664125 1*
#3664250 1)
#3664625 1! 1# 1% 1(
#3664750 0,
#3665375 0)
#3665625 0! 0# 0% 0& 0(
#3665875 0*
#3666875 1*
#3667125 1)
#3667375 1!
#3667500 1" 1# 1& 1,
#3668250 0) 0-
#3668375 0! 0" 0&
#3668500 1$ 1% 1(
#3668750 0*
#3669750 1*
#3670375 1!
#3670625 0*
#3671625 1*
#3672125 0!
#3672250 1"
#3672500 0*
#3673500 1*
#3674125 1!
#3674375 0*
#3675375 1*
#3676500 1) 1-
#3676750 0! 0$ 1'
#3677625 0)
#3677750 0" 0% 0' 0(
#3677875 1&
#3678125 0*
#3679125 1*
#3679250 1)
#3679625 1! 1" 1$ 1% 1' 1(
#3680375 0)
#3682125 1)
#3682375 0$ 0% 0' 0(
#3683125 0-
#3683250 0)
#3683375 0! 0" 0#
#3683500 1(
#3683750 0*
#3684750 1*
#3685375 1!
#3685625 0*
#3686625 1*
#3687125 0!
#3687250 1"
#3687500 0*
#3688500 1*
#3689125 1!
#3689375 0*
#3690375 1*
#3691500 1) 1-
#3691750 0! 1# 0& 1'
#3691875 1%
#3692625 0)
#3692750 0" 0# 0% 0' 0(
#3692875 1$ 1&
#3693000 0*
#3693750 00
#3694125 1*
#3694250 1)
#3694625 1! 1" 1# 1% 1' 1(
#3695375 0)
#3697125 1)
#3697375 0$ 0% 0' 0(
#3698125 0-
#3698250 0)
#3698375 0! 0"
#3698500 1(
#3698750 0*
#3699750 1*
#3700375 1!
#3700625 0* 10
#3701625 1*
#3702125 0!
#3702250 1"
#3702500 0*
#3703500 1*
#3704125 1!
#3704375 0*
#3705375 1*
#3706500 1) 1-
#3706750 0! 1% 0& 1'
#3707625 0)
#3707750 0" 0% 0' 0(
#3707875 1$ 1&
#3708000 0*
#3709125 1*
#3709250 1)
#3709500 0# 0$
#3709625 1'
#3710375 0)
#3710625 1! 1" 1# 1$ 1%
#3710875 0*
#3711875 1*
#3712125 1)
#3712375 0$ 0% 0'
#3713125 0-
#3713250 0)
#3713375 0! 0" 0#
#3713500 1$ 1(
#3713625 0*
#3714750 1*
#3715375 1!
#3715625 0*
#3716625 1*
#3717125 0!
#3717250 1"
#3717500 0*
#3718500 1*
#3719125 1!
#3719375 0*
#3720375 1*
#3721500 1) 1-
#3721750 0! 0$ 0& 1'
#3721875 1# 1%
#3722625 0)
#3722750 0" 0# 0' 0(
#3722875 1&
#3723000 0*
#3724125 1*
#3724250 1)
#3724625 1! 1# 1(
#3724750 0,
#3725375 0)
#3725625 0! 0# 0% 0&
#3725875 0*
#3726875 1*
#3727125 1)
#3727375 1! 1" 1# 1& 0(
#3727500 1,
#3728125 0-
#3728250 0)
#3728375 0! 0"
#3728500 1$ 1(
#3728750 0*
#3729750 1*
#3730375 1!
#3730625 0*
#3731625 1*
#3732125 0!
#3732250 1"
#3732500 0*
#3733500 1*
#3734125 1!
#3734375 0*
#3735375 1*
#3736500 1) 1-
#3736750 0! 0$ 1% 0& 1'
#3737625 0)
#3737750 0" 0' 0(
#3737875 1&
#3738125 0*
#3739125 1*
#3739250 1)
#3739625 1! 1" 1$ 1' 1(
#3740375 0)
#3742125 1)
#3742375 0$ 0% 0' 0(
#3743125 0-
#3743250 0)
#3743375 0! 0" 0#
#3743500 1% 1(
#3743750 0*
#3744750 1*
#3745375 1!
#3745625 0*
#3746625 1*
#3747125 0!
#3747250 1"
#3747500 0*
#3748500 1*
#3749125 1!
#3749375 0*
#3750375 1*
#3751500 1) 1-
#3751750 0! 0& 1'
#3751875 1#
#3752625 0)
#3752750 0" 0# 0' 0(
#3752875 1$ 1&
#3753125 0*
#3754125 1*
#3754250 1)
#3754625 1! 1" 1# 1' 1(
#3755375 0)
#3757125 1)
#3757375 0$ 0% 0' 0(
#3758125 0-
#3758250 0)
#3758375 0! 0"
#3758500 1% 1(
#3758750 0*
#3759750 1*
#3760375 1!
#3760625 0*
#3761625 1*
#3762125 0!
#3762250 1"
#3762500 0*
#3763500 1*
#3764125 1!
#3764375 0*
#3765375 1*
#3766500 1) 1-
#3766750 0! 0&
#3766875 1'
#3767625 0)
#3767750 0" 0' 0(
#3767875 1$ 1&
#3768125 0*
#3769125 1*
#3769250 1)
#3769500 0# 0$
#3769625 1! 0% 1'
#3770375 0)
#3770625 1$
#3770750 1" 1# 1%
#3770875 0+
#3771875 1+
#3772125 1)
#3772375 0$ 0% 0'
#3773250 0) 0-
#3773375 0! 0" 0#
#3773500 1$ 1% 1(
#3773750 0*
#3774750 1*
#3775375 1!
#3775625 0*
#3776625 1*
#3777125 0!
#3777250 1"
#3777500 0* 00
#3778500 1*
#3779125 1!
#3779375 0*
#3780375 1*
#3781500 1) 1-
#3781750 0! 0$ 0&
#3781875 1# 1'
#3782625 0)
#3782750 0#
#3782875 0" 0% 0(
#3783125 0*
#3784125 1*
#3784375 1)
#3784500 10
#3784625 1" 1# 1% 1& 0' 1(
#3784750 0,
#3785375 0)
#3785625 0" 0# 0% 0& 0(
#3785875 0*
#3787000 1*
#3787125 1)
#3787500 1! 1" 1# 1& 1,
#3788250 0) 0-
#3788375 0! 0"
#3788500 1$ 1% 1(
#3788750 0*
#3789750 1*
#3790375 1!
#3790625 0*
#3791625 1*
#3792125 0!
#3792250 1"
#3792500 0*
#3793500 1*
#3794125 1!
#3794375 0*
#3795375 1*
#3796500 1)
#3796625 1-
#3796750 0! 0$ 0&
#3796875 1'
#3797625 0)
#3797875 0" 0% 0(
#3798125 0*
#3799125 1*
#3799375 1)
#3799625 1! 1(
#3799750 1" 1$ 1% 1&
#3800500 0)
#3802125 1)
#3802375 0$ 0% 0(
#3802500 0'
#3803250 0) 0-
#3803500 0! 0" 0# 0& 1' 1(
#3803750 0*
#3804750 1*
#3805375 1!
#3805625 0*
#3806625 1*
#3807250 0! 1"
#3807500 0*
#3808500 1*
#3809125 1!
#3809375 0*
#3810375 1*
#3811500 1)
#3811625 1-
#3811750 0!
#3811875 1# 1%
#3812625 0)
#3812875 0" 0# 1$ 0% 0(
#3813125 0*
#3814125 1*
#3814375 1)
#3814750 1! 1" 1# 1% 1& 1(
#3815500 0)
#3817125 1)
#3817500 0$ 0% 0' 0(
#3818250 0) 0-
#3818500 0! 0" 0& 1' 1(
#3818750 0*
#3819750 1*
#3820375 1!
#3820625 0*
#3821625 1*
#3822250 0!
#3822375 1"
#3822500 0*
#3823500 1*
#3824125 1!
#3824375 0*
#3825375 1*
#3826625 1) 1-
#3826750 0!
#3826875 1%
#3827625 0)
#3827875 0" 0% 0(
#3828000 1$
#3828125 0*
#3829125 1*
#3829375 1)
#3829625 0# 0$
#3829750 1" 1&
#3830500 0)
#3830750 1! 1# 1$ 1%
#3831000 0*
#3832000 1*
#3832250 1)
#3832500 0$ 0% 0'
#3833250 0) 0-
#3833500 0! 0" 0# 0&
#3833625 1$ 1' 1(
#3833750 0*
#3834875 1*
#3835500 1!
#3835625 0*
#3836750 1*
#3837250 0!
#3837375 1"
#3837500 0*
#3838625 1*
#3839250 1!
#3839500 0*
#3840500 1*
#3841625 1) 1-
#3841875 0! 1# 0$
#3842000 1%
#3842750 0)
#3842875 0" 0# 0(
#3843250 0*
#3844250 1*
#3844375 1)
#3844625 0'
#3844750 1" 1# 1& 1(
#3844875 0,
#3845500 0)
#3845750 0" 0# 0% 0&
#3846000 0*
#3847000 1*
#3847250 1)
#3847500 1! 1" 0(
#3847625 1# 1& 1,
#3848250 0-
#3848375 0)
#3848500 0! 0" 0&
#3848625 1$ 1' 1(
#3848875 0*
#3849875 1*
#3850500 1!
#3850750 0*
#3851750 1*
#3852250 0!
#3852375 1"
#3852625 0*
#3853625 1*
#3854250 1!
#3854500 0*
#3855500 1*
#3856625 1) 1-
#3856875 0! 0$
#3857000 1%
#3857750 0)
#3857875 0" 0(
#3858250 0*
#3859250 1*
#3859500 1)
#3859750 1! 1" 1$ 1& 1(
#3860500 0)
#3861375 00
#3862250 1)
#3862500 0$ 0% 0' 0(
#3863250 0-
#3863375 0)
#3863500 0! 0"
#3863625 0# 1% 0& 1' 1(
#3863875 0*
#3864875 1*
#3865500 1!
#3865750 0*
#3866750 1*
#3867250 0!
#3867375 1"
#3867625 0*
#3868375 10
#3868625 1*
#3869250 1!
#3869500 0*
#3870500 1*
#3871625 1)
#3871750 1-
#3871875 0!
#3872000 1#
#3872750 0)
#3872875 0#
#3873000 0" 1$ 0(
#3873250 0*
#3874250 1*
#3874500 1)
#3874750 1! 1" 1# 1& 1(
#3875625 0)
#3877250 1)
#3877500 0$ 0% 0' 0(
#3878375 0) 0-
#3878625 0! 0" 1% 0& 1' 1(
#3878875 0*
#3879875 1*
#3880500 1!
#3880750 0*
#3881750 1*
#3882250 0!
#3882375 1"
#3882625 0*
#3883625 1*
#3884250 1!
#3884500 0*
#3885500 1*
#3886625 1)
#3886750 1-
#3886875 0!
#3887750 0)
#3888000 0" 1$ 0(
#3888250 0*
#3889250 1*
#3889500 1)
#3889750 1! 1" 0# 0$ 0%
#3889875 1&
#3890625 0)
#3890875 1# 1$ 1%
#3891125 0+
#3892125 1+
#3892250 1)
#3892500 0$ 0% 0'
#3893375 0) 0-
#3893625 0! 0" 0# 1$ 1% 0& 1' 1(
#3893875 0*
#3894875 1*
#3895500 1!
#3895750 0*
#3896750 1*
#3897375 0! 1"
#3897625 0*
#3898625 1*
#3899250 1!
#3899500 0*
#3900500 1*
#3901625 1)
#3901750 1-
#3901875 0!
#3902000 1# 0$
#3902750 0)
#3903000 0" 0# 0% 1& 0(
#3903250 0*
#3904250 1*
#3904500 1)
#3904750 0'
#3904875 1! 1" 1# 1% 1( 0,
#3905625 0)
#3905750 0! 0" 0# 0(
#3905875 0% 0&
#3906125 0*
#3907125 1*
#3907250 1)
#3907625 1! 1" 1# 1&
#3907750 1,
#3908375 0) 0-
#3908625 0! 0" 0& 1' 1(
#3908750 1$ 1%
#3908875 0*
#3909875 1*
#3910500 1!
#3910750 0*
#3911750 1*
#3912375 0! 1"
#3912625 0*
#3913625 1*
#3914250 1!
#3914500 0*
#3915500 1*
#3916750 1) 1-
#3916875 0!
#3917000 0$
#3917750 0)
#3918000 0" 0% 1& 0(
#3918250 0*
#3919250 1*
#3919500 1)
#3919875 1! 1" 1$ 1% 1(
#3920625 0)
#3922375 1)
#3922625 0$ 0% 0' 0(
#3923375 0) 0-
#3923625 0! 0" 0# 1' 1(
#3923875 0*
#3924875 1*
#3925500 1!
#3925750 0*
#3926750 1*
#3927375 0!
#3927500 1"
#3927625 0*
#3928625 1*
#3929250 1!
#3929500 0*
#3930500 1*
#3931750 1) 1-
#3932000 0! 1# 1% 0&
#3932750 0)
#3933000 0" 0# 0% 0(
#3933125 1$ 1&
#3933250 0*
#3934250 1*
#3934500 1)
#3934875 1! 1" 1# 1% 1(
#3935625 0)
#3937375 1)
#3937625 0$ 0% 0' 0(
#3938375 0) 0-
#3938625 0! 0" 1' 1(
#3938875 0*
#3939875 1*
#3940500 1!
#3940750 0*
#3941750 1*
#3942375 0!
#3942500 1"
#3942625 0*
#3943625 1*
#3944250 1!
#3944500 0*
#3945250 00
#3945500 1*
#3946750 1) 1-
#3947000 0! 1% 0&
#3947750 0)
#3948000 0" 0% 0(
#3948125 1$ 1&
#3948250 0*
#3949250 1*
#3949500 1)
#3949750 0$
#3950625 0)
#3950875 1! 1" 1$ 1%
#3951125 0*
#3952125 1*
#3952250 10
#3952375 1)
#3952625 0$ 0% 0'
#3953375 0) 0-
#3953625 0! 0" 0# 1(
#3953750 1$ 1'
#3953875 0*
#3954875 1*
#3955500 1!
#3955750 0*
#3956750 1*
#3957375 0!
#3957500 1"
#3957625 0*
#3958625 1*
#3959250 1!
#3959500 0*
#3960500 1*
#3961750 1) 1-
#3962000 0! 1# 0$ 1% 0&
#3962750 0)
#3963000 0" 0# 1& 0(
#3963250 0*
#3964250 1*
#3964500 1)
#3964750 0'
#3964875 1! 1" 1# 1( 0,
#3965625 0)
#3965750 0!
#3965875 0" 0# 0% 0&
#3966125 0*
#3967125 1*
#3967375 1)
#3967625 1! 1" 1# 1& 0(
#3967750 1,
#3968375 0) 0-
#3968625 0! 0" 1(
#3968750 1$ 1'
#3968875 0*
#3969875 1*
#3970500 1!
#3970750 0*
#3971750 1*
#3972375 0!
#3972500 1"
#3972625 0*
#3973625 1*
#3974250 1!
#3974500 0*
#3975500 1*
#3976750 1) 1-
#3977000 0! 0$ 1% 0&
#3977750 0)
#3978000 0" 1& 0(
#3978250 0*
#3979250 1*
#3979500 1)
#3979875 1! 1" 1$ 1(
#3980625 0)
#3982375 1)
#3982625 0$ 0% 0' 0(
#3983375 0) 0-
#3983625 0! 0" 0# 1% 1' 1(
#3983875 0*
#3984875 1*
#3985500 1!
#3985750 0*
#3986750 1*
#3987375 0! 1"
#3987625 0*
#3988625 1*
#3989250 1!
#3989500 0*
#3990500 1*
#3991625 1)
#3991750 1-
#3991875 0!
#3992000 1# 0&
#3992750 0)
#3993000 0" 0# 1$ 1& 0(
#3993250 0*
#3994250 1*
#3994500 1)
#3994875 1! 1" 1# 1(
#3995625 0)
#3997250 1)
#3997625 0$ 0% 0' 0(
#3998375 0) 0-
#3998625 0! 0" 1% 1' 1(
#3998875 0*
#3999875 1*
#4000500 1!
#4000750 0*
#4001750 1*
#4002375 0! 1"
#4002625 0*
#4003625 1*
#4004250 1!
#4004500 0*
#4005500 1*
#4006625 1)
#4006750 1-
#4006875 0!
#4007000 0&
#4007750 0)
#4008000 0" 1$ 1& 0(
#4008250 0*
#4009250 1*
#4009500 1)
#4009750 1! 0$ 0%
#4010625 0)
#4010875 1" 1$ 1%
#4011125 0+
#4012125 1+
#4012250 1)
#4012500 0$ 0% 0'
#4013375 0) 0-
#4013625 0! 0" 0# 1$ 1% 1' 1(
#4013875 0*
#4014875 1*
#4015500 1!
#4015750 0*
#4016750 1*
#4017375 0! 1"
#4017625 0*
#4018625 1*
#4019250 1!
#4019500 0*
#4020500 1*
#4021625 1)
#4021750 1-
#4022000 1#
#4022750 0)
#4023250 0+
#4024250 1+
#4024500 1)
#4024750 0! 0" 0# 0'
#4024875 0,
#4025625 0)
#4025750 0$ 0% 0& 0(
#4026000 0*
#4027125 1*
#4027250 1)
#4027625 1! 1" 1# 1& 1,
#4028375 0) 0-
#4028500 0! 0"
#4028625 1$ 1% 1' 1(
#4028875 0*
#4029125 00
#4029875 1*
#4030500 1!
#4030750 0*
#4031750 1*
#4032250 0!
#4032375 1"
#4032625 0*
#4033625 1*
#4034250 1!
#4034500 0*
#4035500 1*
#4036000 10
#4036625 1)
#4036750 1-
#4036875 0! 0$ 0&
#4037750 0)
#4038000 0" 0# 0% 1& 0(
#4038250 0*
#4039250 1*
#4039875 1!
#4040125 0*
#4041125 1*
#4041625 0!
#4041750 1"
#4042000 0*
#4042750 1)
#4043000 0& 1*
#4043125 1# 1% 1(
#4043875 0)
#4044000 0" 0% 0(
#4044125 1&
#4044375 0*
#4045375 1*
#4046000 1!
#4046250 0*
#4047250 1*
#4047750 0!
#4047875 1"
#4048125 0*
#4048875 1)
#4049125 1! 1$ 1% 1( 1*
#4049875 0)
#4051625 1)
#4051875 0# 0&
#4052750 0)
#4052875 0% 0(
#4053000 1# 0'
#4053250 0*
#4054250 1*
#4054875 1%
#4055125 0*
#4056125 1*
#4056250 1)
#4056625 0" 0$ 1' 1(
#4057375 0)
#4057625 1" 1$ 0% 0'
#4057875 0*
#4058875 1*
#4059125 1)
#4059375 0#
#4059500 1% 1'
#4060250 0)
#4060375 0% 0' 0(
#4060500 1# 1&
#4060750 0*
#4061750 1*
#4062375 1%
#4062625 0*
#4063625 1*
#4063750 1)
#4064000 0" 0&
#4064125 0$ 1' 1(
#4064875 0)
#4065125 1" 1$ 0'
#4065375 0*
#4066375 1*
#4066625 1)
#4066875 0! 0$ 1'
#4067750 0)
#4067875 0" 0# 0% 0(
#4068000 1$ 1&
#4068250 0*
#4069250 1*
#4069875 1!
#4070125 0*
#4071125 1*
#4071625 0!
#4071750 1"
#4072000 0*
#4072750 1)
#4073000 0$ 0& 1( 1*
#4073125 1# 1%
#4073750 0)
#4074000 0" 1$ 0% 1& 0(
#4074250 0*
#4075250 1*
#4075875 1!
#4076125 0*
#4077125 1*
#4077750 0!
#4077875 1"
#4078000 0*
#4079250 1)
#4079500 1*
#4080000 0" 0# 1% 0' 1(
#4080125 0,
#4080875 0)
#4081000 0$ 0% 0&
#4081250 0*
#4082375 1*
#4083000 1)
#4083375 1! 1" 1$ 1% 1' 1,
#4084125 0)
#4084750 0% 0(
#4084875 1#
#4085000 0*
#4086125 1*
#4086750 1%
#4086875 0*
#4088000 1*
#4088125 1)
#4088375 0" 0$
#4088500 1(
#4089250 0)
#4089500 1" 1$ 0% 1& 0'
#4089750 0*
#4090750 1*
#4091000 1)
#4091250 0# 1% 0& 1'
#4092125 0)
#4092250 0% 0(
#4092375 1# 1&
#4092500 0*
#4093625 1*
#4094250 1%
#4094375 0*
#4095500 1*
#4095625 1)
