$date Mon Aug 31 15:19:17 2026 $end
$version libsigrok 0.5.2 $end
$comment
  Acquisition with 16/16 channels at 80 MHz
$end
$timescale 100 ps $end
$scope module libsigrok $end
$var wire 1 ! A0 $end
$var wire 1 " A1 $end
$var wire 1 # A2 $end
$var wire 1 $ A3 $end
$var wire 1 % A4 $end
$var wire 1 & A5 $end
$var wire 1 ' A6 $end
$var wire 1 ( A7 $end
$var wire 1 ) RAS $end
$var wire 1 * CAS0 $end
$var wire 1 + CAS1 $end
$var wire 1 , R/W $end
$var wire 1 - VDS $end
$var wire 1 . IRQ $end
$var wire 1 / CSW $end
$var wire 1 0 CSR $end
$upscope $end
$enddefinitions $end
#0 1! 0" 0# 1$ 1% 1& 1' 0( 0) 1* 1+ 1, 0- 0. 1/ 10
#125 0! 0$ 0% 0& 1) 00
#250 1# 1$ 1% 1& 0' 1- 10
#500 0$ 0&
#625 1! 1" 1'
#1375 0)
#1625 1$ 1&
#1875 0+
#2875 1+
#3125 1)
#3375 0! 0& 0'
#4125 0-
#4250 0)
#4375 0" 0#
#4500 1&
#4750 0*
#5750 1*
#6375 1!
#6625 0*
#7625 1*
#8125 0!
#8250 1"
#8500 0*
#9500 1*
#10125 1!
#10375 0*
#11375 1*
#12500 1) 1-
#12750 0! 0$ 0&
#12875 1# 1' 1(
#13625 0)
#13750 0(
#13875 0" 0# 0%
#14125 0*
#15125 1*
#15375 1)
#15625 1" 1% 1& 1(
#15750 0,
#16375 0)
#16625 0" 0% 0& 0'
#16750 1#
#17000 0+
#18000 1+
#18125 1)
#18375 0(
#18500 1" 1$ 1% 1,
#19250 0) 0-
#19500 0" 1&
#19750 0*
#20750 1*
#21375 1!
#21625 0*
#22625 1*
#23125 0!
#23250 1"
#23500 0*
#24500 1*
#25125 1!
#25375 0*
#26375 1*
#27500 1)
#27625 1-
#27750 0! 0$ 0&
#27875 1' 1(
#28625 0)
#28875 0" 0% 0(
#29125 0*
#30125 1*
#30375 1)
#30625 1(
#30750 1! 1" 1$ 1% 1&
#31500 0)
#33125 1)
#33375 0! 0& 0(
#33500 0'
#34250 0) 0-
#34500 0" 0# 0$ 0% 1'
#34750 0*
#35750 1*
#36375 1!
#36625 0*
#37625 1*
#38250 0! 1"
#38500 0*
#39500 1*
#40125 1!
#40375 0*
#41375 1*
#42500 1)
#42625 1-
#42750 0!
#42875 1# 1% 1(
#43625 0)
#43875 0" 0# 1$ 0% 0(
#44125 0*
#45125 1*
#45375 1)
#45625 0$ 1(
#45750 1" 1% 1& 0,
#46500 0)
#46625 0" 0% 0& 0'
#46750 1! 1#
#47000 0+
#48000 1+
#48125 1)
#48375 0! 0(
#48500 1" 1$ 1%
#48625 1,
#49250 0) 0-
#49500 0" 0$ 0% 1'
#49750 0*
#50750 1*
#51375 1!
#51625 0*
#52625 1*
#53250 0! 1"
#53500 0*
#54500 1*
#55125 1!
#55375 0*
#56375 1*
#57500 1)
#57625 1-
#57750 0!
#57875 1% 1(
#58625 0)
#58875 0" 1$ 0% 0(
#59125 0*
#59875 00
#60125 1*
#60375 1)
#60625 0#
#60750 1%
#61500 0)
#61750 1! 1" 1# 1&
#62000 0*
#63000 1*
#63125 1)
#63375 0! 0&
#63500 0'
#64250 0) 0-
#64500 0" 0# 0% 1'
#64750 0*
#65750 1*
#66375 1!
#66625 0*
#66750 10
#67625 1*
#68250 0! 1"
#68500 0*
#69500 1*
#70125 1!
#70375 0*
#71375 1*
#72500 1)
#72625 1-
#72750 0!
#72875 1# 0$ 1% 1(
#73625 0)
#73875 0" 0# 0(
#74125 0*
#75125 1*
#75375 1)
#75625 1(
#75750 1" 1& 0,
#76500 0)
#76625 0% 0& 0'
#76750 1#
#77000 0+
#78000 1+
#78125 1)
#78375 0(
#78500 1$ 1%
#78625 1,
#79250 0) 0-
#79500 0" 0% 1'
#79750 0*
#80750 1*
#81375 1!
#81625 0*
#82625 1*
#83250 0! 1"
#83500 0*
#84500 1*
#85125 1!
#85375 0*
#86375 1*
#87500 1)
#87625 1-
#87750 0!
#87875 0$ 1% 1(
#88625 0)
#88875 0" 0(
#89125 0*
#90125 1*
#90375 1)
#90625 1! 0%
#90750 1" 1$
#91500 0)
#91625 0" 0# 0$ 0'
#91750 1% 1&
#92000 0+
#93000 1+
#93125 1)
#93375 0! 0&
#93500 1" 1# 1$
#94250 0) 0-
#94500 0" 0# 0$ 1'
#94750 0*
#95750 1*
#96375 1!
#96625 0*
#97625 1*
#98250 0! 1"
#98500 0*
#99500 1*
#100125 1!
#100375 0*
#101375 1*
#102500 1)
#102625 1-
#102750 0!
#102875 1# 1(
#103625 0)
#103875 0" 0# 1$ 0(
#104125 0*
#105125 1*
#105375 1)
#105625 0$ 1(
#105750 1" 1& 0,
#106500 0)
#106625 0% 0& 0'
#106750 1! 1#
#107000 0+
#108000 1+
#108125 1)
#108375 0! 0(
#108500 1$ 1%
#108625 1,
#109250 0) 0-
#109500 0" 0$ 1'
#109750 0*
#110750 1*
#111375 1!
#111625 0*
#112625 1*
#113250 0! 1"
#113500 0*
#114500 1*
#115125 1!
#115375 0*
#116375 1*
#117500 1)
#117625 1-
#117750 0!
#117875 1(
#118625 0)
#118875 0" 1$ 0(
#119125 0*
#120125 1*
#120375 1)
#120625 1! 0#
#121500 0)
#121750 1" 1# 1&
#122000 0+
#123000 1+
#123125 1)
#123375 0! 0& 0'
#124250 0) 0-
#124500 0" 0# 1'
#124750 0*
#125750 1*
#126375 1!
#126625 0*
#127625 1*
#128125 0!
#128250 1"
#128500 0*
#129500 1*
#130125 1!
#130375 0*
#131375 1*
#132500 1)
#132625 1-
#132750 0! 0$
#132875 1# 1(
#133625 0)
#133750 0(
#133875 0" 0# 0% 1&
#134125 0*
#135125 1*
#135375 1)
#135625 1" 1% 1(
#135750 0,
#136375 0)
#136625 0" 0% 0& 0'
#136750 1$
#136875 0+
#138000 1+
#138125 1)
#138375 0(
#138500 1" 1# 1% 1,
#139250 0) 0-
#139375 0"
#139500 1'
#139750 0*
#140750 1*
#141375 1!
#141625 0*
#142625 1*
#143125 0!
#143250 1"
#143500 0*
#144500 1*
#145125 1!
#145375 0*
#146375 1*
#147500 1) 1-
#147750 0! 0$ 1(
#148625 0)
#148750 0" 0(
#148875 0% 1&
#149125 0*
#150125 1*
#150250 1)
#150625 1! 1" 1$ 1% 1(
#151375 0)
#153125 1)
#153375 0! 0& 0' 0(
#154125 0-
#154250 0)
#154375 0" 0# 0$ 0%
#154500 1& 1'
#154750 0*
#155750 1*
#156375 1!
#156625 0*
#157625 1*
#158125 0!
#158250 1"
#158500 0*
#159500 1*
#160125 1!
#160375 0*
#161375 1*
#162500 1) 1-
#162750 0! 0& 1(
#162875 1# 1%
#163250 00
#163625 0)
#163750 0" 0# 0% 0(
#163875 1$ 1&
#164125 0*
#165125 1*
#165250 1)
#165500 0$
#165625 1" 1% 1(
#165750 0,
#166375 0)
#166625 1! 0" 1$ 0% 0& 0'
#166875 0+
#167875 1+
#168125 1)
#168375 0! 1# 1% 0(
#168500 1" 1,
#169125 0-
#169250 0)
#169375 0" 0$ 0%
#169500 1& 1'
#169750 0*
#170250 10
#170750 1*
#171375 1!
#171625 0*
#172625 1*
#173125 0!
#173250 1"
#173500 0*
#174500 1*
#175125 1!
#175375 0*
#176375 1*
#177500 1) 1-
#177750 0! 1% 0& 1(
#178625 0)
#178750 0" 0% 0(
#178875 1$ 1&
#179000 0*
#180125 1*
#180250 1)
#180500 0# 0&
#180625 1" 1%
#181375 0)
#181625 1! 1# 1&
#181875 0*
#182875 1*
#183125 1)
#183375 0! 0& 0'
#184125 0) 0-
#184375 0" 0# 0%
#184500 1& 1'
#184625 0*
#185750 1*
#186375 1!
#186500 0*
#187625 1*
#188125 0!
#188250 1"
#188375 0*
#189500 1*
#190000 1!
#190250 0*
#191375 1*
#192500 1) 1-
#192750 0! 1# 0$ 1% 0& 1(
#193500 0)
#193750 0" 0# 0(
#193875 1&
#194000 0*
#195000 1*
#195250 1)
#195500 0% 0&
#195625 1! 1" 1# 1$
#196375 0)
#196625 0! 0# 0$ 1% 1& 0'
#196875 0+
#197875 1+
#198125 1)
#198375 1# 1$ 0&
#199125 0) 0-
#199375 0" 0%
#199500 1& 1'
#199625 0*
#200625 1*
#201250 1!
#201500 0*
#202500 1*
#203125 0!
#203250 1"
#203375 0*
#204375 1*
#205000 1!
#205250 0*
#206250 1*
#207500 1) 1-
#207750 0! 0$ 1% 0& 1(
#208500 0)
#208750 0" 1& 0(
#209000 0*
#210000 1*
#210250 1)
#210500 0#
#210625 1" 1( 0,
#211375 0)
#211500 0&
#211625 1$ 0% 0'
#211875 0+
#212875 1+
#213000 1)
#213250 0(
#213375 1# 1%
#213500 1,
#214125 0) 0-
#214375 0" 0# 0$ 1& 1'
#214625 0*
#215625 1*
#216250 1!
#216500 0*
#217500 1*
#218125 0! 1"
#218375 0*
#219375 1*
#220000 1!
#220250 0*
#221250 1*
#222375 1)
#222500 1-
#222625 0!
#222750 1# 0& 1(
#223500 0)
#223750 0" 0# 1$ 1& 0(
#224000 0*
#225000 1*
#225250 1)
#225500 1(
#225625 1! 1" 1#
#226375 0)
#228000 1)
#228375 0! 0& 0' 0(
#229125 0) 0-
#229375 0" 0$ 1& 1'
#229625 0*
#230625 1*
#231250 1!
#231500 0*
#232500 1*
#233125 0! 1"
#233375 0*
#234375 1*
#235000 1!
#235250 0*
#236250 1*
#237375 1)
#237500 1-
#237625 0! 0&
#237750 1(
#238500 0)
#238750 0" 1$ 1& 0(
#239000 0*
#240000 1*
#240250 1)
#240500 1! 0# 0&
#240625 1"
#241375 0)
#241625 1# 1&
#241875 0+
#242875 1+
#243000 1)
#243250 0! 0& 0'
#244125 0) 0-
#244375 0" 0# 1& 1'
#244625 0*
#245625 1*
#246250 1!
#246500 0*
#247500 1*
#248125 0! 1"
#248375 0*
#249375 1*
#250000 1!
#250250 0*
#251250 1*
#252375 1)
#252500 1-
#252750 1# 1(
#253500 0)
#254000 0+
#255000 1+
#255250 1)
#255500 0! 0# 0$
#255625 0,
#256375 0)
#256500 0% 0& 0'
#256625 1! 1$
#256875 0+
#257875 1+
#258000 1)
#258250 0! 0(
#258375 1# 1%
#258500 1,
#259125 0) 0-
#259375 0" 1& 1'
#259625 0*
#260625 1*
#261250 1!
#261500 0*
#262500 1*
#263125 0! 1"
#263375 0*
#264375 1*
#265000 1!
#265250 0*
#266250 1*
#266625 00
#267375 1)
#267500 1-
#267625 0! 0&
#267750 0$ 1(
#268500 0)
#268750 0" 0# 0(
#269000 0*
#270000 1*
#270625 1!
#270875 0*
#271875 1*
#272500 0! 1"
#272750 0*
#273500 1)
#273625 10
#273750 1*
#273875 1# 1(
#274625 0)
#274750 0(
#274875 0"
#275125 0*
#276125 1*
#276750 1!
#277000 0*
#278000 1*
#278500 0!
#278625 1"
#278875 0*
#279625 1)
#279875 0# 1( 1*
#280000 1& 0,
#280750 0)
#280875 0" 0% 0& 0'
#281000 1# 1$
#281250 0+
#282250 1+
#282375 1)
#282625 0#
#282750 1" 1% 1'
#282875 1,
#283500 0)
#283750 0" 1# 0% 0'
#284000 0*
#285000 1*
#285625 1%
#285875 0*
#286875 1*
#287125 1)
#287375 0$ 1'
#287500 1!
#288250 0)
#288375 0! 0% 0(
#288500 1$
#288750 0*
#289750 1*
#289875 1)
#290125 0#
#290250 1" 1% 1(
#291000 0)
#291250 0" 1# 0% 1& 0'
#291500 0*
#292500 1*
#293125 1%
#293375 0*
#294375 1*
#294625 1)
#294875 0$ 0& 1'
#295000 1!
#295750 0)
#295875 0! 0(
#296000 1$
#296250 0*
#297250 1*
#297375 1)
#297625 0$
#297750 1" 1(
#298500 0)
#298750 0" 0# 1$ 0(
#299000 0*
#300000 1*
#300625 1!
#300875 0*
#301875 1*
#302500 0! 1"
#302750 0*
#303500 1)
#303750 0$ 1*
#303875 1# 1(
#304625 0)
#304750 0(
#304875 0" 1$
#305125 0*
#306125 1*
#306750 1!
#307000 0*
#308000 1*
#308500 0!
#308625 1"
#308875 0*
#310125 1)
#310375 1*
#310750 0%
#310875 1!
#311625 0)
#311875 0# 0$ 1% 1& 0'
#312125 0+
#313125 1+
#313875 1)
#314125 0! 0& 1' 1(
#314250 1$
#315000 0)
#315625 0" 0%
#315750 1#
#315875 0*
#316875 1*
#317500 1%
#317750 0*
#318750 1*
#319000 1)
#319250 0$
#319375 1!
#320125 0)
#320250 0!
#320375 1$ 0% 1& 0(
#320625 0*
#321625 1*
#321875 1)
#322125 1" 0# 1% 0& 1(
#322875 0)
#323125 0" 0%
#323250 1# 1&
#323375 0*
#324375 1*
#325125 1%
#325250 0*
#326250 1*
#326500 1)
#326750 0$ 0&
#326875 1!
#327625 0)
#327750 0!
#327875 1$ 1& 0(
#328125 0*
#329125 1*
#329375 1)
#329625 1" 0$ 0& 1(
#330375 0)
#330625 0" 0# 0% 0' 0(
#330875 0*
#332000 1*
#332625 1!
#332750 0*
#333875 1*
#334375 0!
#334500 1"
#334625 0*
#335500 1)
#335625 1*
#335750 1# 1% 1' 1(
#336500 0)
#336750 0" 0# 0% 0' 0(
#337000 0*
#338000 1*
#338625 1!
#338875 0*
#339875 1*
#340500 0!
#340625 1"
#340750 0*
#341500 1)
#341750 1*
#341875 1% 1& 1' 1(
#342000 0,
#342625 0)
#342875 1! 0" 1# 1$ 0% 0& 0'
#343125 0+
#344125 1+
#344375 1)
#344625 0! 0# 1% 1'
#344750 1,
#345500 0)
#345625 0% 0' 0(
#345750 1#
#346000 0*
#347000 1*
#347625 1%
#347875 0*
#348875 1*
#349000 1)
#349250 0$
#349375 1' 1(
#350125 0)
#350375 1$ 0% 0' 0(
#350625 0*
#351625 1*
#351875 1)
#352125 0# 1' 1(
#352250 1%
#353000 0)
#353125 0% 0' 0(
#353250 1#
#353500 0*
#354500 1*
#355125 1%
#355375 0*
#356375 1*
#356500 1)
#356750 0$
#356875 1' 1(
#357625 0)
#357875 1$ 0% 0' 0(
#358125 0*
#359125 1*
#359375 1)
#359625 0$ 1(
#359750 1" 1% 1'
#360500 0)
#360625 0" 0% 0' 0(
#360750 0#
#361000 0*
#362000 1*
#362625 1!
#362875 0*
#363875 1*
#364375 0!
#364500 1"
#364750 0*
#365500 1)
#365750 1*
#365875 1# 1% 1' 1(
#366625 0)
#366750 0" 0# 0% 0' 0(
#367000 0*
#368125 1*
#368750 1!
#369000 0*
#370000 1*
#370125 00
#370500 0!
#370625 1"
#370875 0*
#371625 1)
#371875 1% 1& 1' 1( 1*
#372000 0,
#372625 0)
#372875 0% 0& 0'
#373000 1# 1$
#373250 0+
#374250 1+
#374375 1)
#374625 0" 0#
#374750 1% 1' 1,
#375500 0)
#375625 0'
#375750 1# 0% 0(
#376000 0*
#377000 1* 10
#377625 1%
#377875 0*
#378875 1*
#379125 1)
#379375 0$ 1' 1(
#380250 0)
#380375 0% 0' 0(
#380500 1$
#380625 0*
#381750 1*
#381875 1)
#382125 0#
#382250 1% 1' 1(
#383000 0)
#383250 1# 0% 0' 0(
#383500 0*
#384500 1*
#385125 1%
#385375 0*
#386375 1*
#386625 1)
#386875 0$ 1' 1(
#387750 0)
#387875 0% 0' 0(
#388000 1$
#388250 0*
#389250 1*
#389375 1)
#404750 1! 1" 1'
#405500 0)
#405750 0! 0" 0$ 1& 0'
#405875 1%
#406000 0+
#407125 1+
#407250 1)
#408500 1" 0# 1' 1(
#408625 0,
#409250 0)
#409500 1! 0% 0& 0'
#409625 1# 1$
#409750 0+
#410875 1+
#411000 1)
#414000 0!
#414125 0$ 1% 1'
#414250 1,
#414875 0)
#415125 0" 0# 0% 0' 0(
#415375 0*
#416500 1*
#416625 1)
#417000 1! 1" 1# 1$ 1% 1& 1' 1(
#417750 0)
#419500 1)
#420500 0)
#421125 0+
#422125 1+
#423000 0+
#424000 1+
#424875 0+
#425875 1+
#426750 0+
#427750 1+
#428875 1)
#429125 0! 0$ 0&
#430000 0)
#430125 0" 0% 0' 0(
#430500 0*
#431500 1*
#431625 1)
#431875 0#
#432000 1" 1% 1& 1' 1( 0,
#432750 0)
#433000 0" 0& 0'
#433250 0+
#434250 1+
#434500 1)
#434750 1" 1# 0(
#434875 1$ 1,
#435625 0) 0-
#435750 0" 0# 0$ 0%
#435875 1(
#436125 0*
#437125 1*
#437750 1!
#438000 0*
#439000 1*
#439500 0!
#439625 1"
#439875 0*
#440875 1*
#441500 1!
#441750 0*
#442750 1*
#443875 1) 1-
#444125 0! 1'
#444250 1# 1%
#445000 0)
#445125 0" 0# 0% 0' 0(
#445250 1$
#445500 0*
#446500 1*
#446625 1)
#447000 1! 1" 1# 1% 1& 1' 1(
#447750 0)
#449500 1)
#449750 0! 0& 0' 0(
#450500 0-
#450625 0)
#450750 0" 0%
#450875 0$ 1(
#451125 0*
#452125 1*
#452750 1!
#453000 0*
#454000 1*
#454500 0!
#454625 1"
#454875 0*
#455875 1*
#456500 1!
#456750 0*
#457750 1*
#458875 1) 1-
#459125 0!
#459250 1% 1'
#460000 0)
#460125 0% 0' 0(
#460250 0" 1$
#460500 0*
#461500 1*
#461750 1)
#462000 1% 1'
#462750 0)
#463000 1!
#463125 1" 1&
#463250 0*
#464250 1*
#464500 1)
#464750 0! 0& 0'
#465625 0) 0-
#465750 0"
#465875 0# 0% 1(
#466125 0*
#467125 1*
#467750 1!
#468000 0*
#469000 1*
#469500 0!
#469625 1"
#469875 0*
#470875 1*
#471500 1!
#471750 0*
#472750 1*
#473500 00
#473875 1) 1-
#474125 0! 0$
#474250 1# 1% 1'
#475000 0)
#475125 0#
#475250 0" 0' 0(
#475500 0*
#476500 1*
#476750 1)
#477000 1" 1& 1' 1(
#477125 0,
#477750 0)
#478000 0" 0& 0'
#478125 1!
#478250 0+
#479375 1+
#479500 1)
#479750 0! 0(
#479875 1" 1# 1$ 1,
#480500 10
#480625 0) 0-
#480750 0"
#480875 0% 1(
#481125 0*
#482125 1*
#482750 1!
#483000 0*
#484000 1*
#484500 0!
#484625 1"
#484875 0*
#485875 1*
#486500 1!
#486750 0*
#487750 1*
#488875 1)
#489000 1-
#489125 0! 0$
#489250 1% 1'
#490000 0)
#490125 0'
#490250 0" 0(
#490500 0*
#491500 1*
#491750 1)
#492000 1! 1" 1$ 1& 1' 1(
#492750 0)
#494500 1)
#494750 0! 0& 0' 0(
#495625 0) 0-
#495875 0" 0# 0$ 1(
#496125 0*
#497125 1*
#497750 1!
#498000 0*
#499000 1*
#499500 0!
#499625 1"
#499875 0*
#500875 1*
#501500 1!
#501750 0*
#502750 1*
#503875 1)
#504000 1-
#504125 0!
#504250 1# 1'
#505000 0)
#505250 0" 0# 1$ 0' 0(
#505500 0*
#506500 1*
#506750 1)
#507000 1! 1" 1# 0% 1'
#507750 0)
#508000 0" 0$ 0'
#508125 1% 1&
#508375 0+
#509375 1+
#509500 1)
#509750 0! 0&
#509875 1" 1$
#510625 0) 0-
#510750 0"
#510875 0$ 1(
#511125 0*
#512125 1*
#512750 1!
#513000 0*
#514000 1*
#514500 0!
#514625 1"
#514875 0*
#515875 1*
#516500 1!
#516750 0*
#517750 1*
#518875 1)
#519000 1-
#519125 0!
#519250 1'
#520000 0)
#520250 0" 1$ 0' 0(
#520500 0*
#521500 1*
#521750 1)
#522000 1! 1'
#522750 0)
#523125 1" 1&
#523375 0+
#524375 1+
#524500 1)
#524750 0! 0& 0'
#525625 0) 0-
#525750 0"
#525875 0# 1(
#526125 0*
#527125 1*
#527750 1!
#528000 0*
#529000 1*
#529500 0!
#529625 1"
#529875 0*
#530875 1*
#531500 1!
#531750 0*
#532750 1*
#533875 1) 1-
#534125 0! 0$
#534250 1# 1'
#535000 0)
#535125 0#
#535250 0" 0% 1& 0' 0(
#535500 0*
#536500 1*
#536750 1)
#537000 1" 1% 1' 1(
#537125 0,
#537750 0)
#538000 0& 0'
#538250 0+
#539375 1+
#539500 1)
#539750 0(
#539875 1# 1$ 1,
#540625 0) 0-
#540750 0"
#540875 1(
#541125 0*
#542125 1*
#542750 1!
#543000 0*
#544000 1*
#544500 0!
#544625 1"
#544875 0*
#545875 1*
#546500 1!
#546750 0*
#547750 1*
#548875 1) 1-
#549125 0! 0$
#549250 1'
#550000 0)
#550125 0' 0(
#550250 0" 0% 1&
#550500 0*
#551500 1*
#551625 1)
#552000 1! 1" 1$ 1% 1' 1(
#552750 0)
#554500 1)
#554750 0! 0& 0' 0(
#555500 0-
#555625 0)
#555750 0" 0# 0$ 0%
#555875 1& 1(
#556125 0*
#557125 1*
#557750 1!
#558000 0*
#559000 1*
#559500 0!
#559625 1"
#559875 0*
#560875 1*
#561500 1!
#561750 0*
#562750 1*
#563875 1) 1-
#564125 0! 0& 1'
#564250 1# 1%
#565000 0)
#565125 0" 0# 0% 0' 0(
#565250 1$ 1&
#565500 0*
#566500 1*
#566625 1)
#566875 0$
#567000 1" 1% 1' 1(
#567125 0,
#567750 0)
#568000 1! 0& 0'
#568250 0+
#569250 1+
#569500 1)
#569750 0! 1# 1$ 0(
#569875 1,
#570500 0-
#570625 0)
#570750 0" 0$ 0%
#570875 1& 1(
#571125 0*
#572125 1*
#572750 1!
#573000 0*
#574000 1*
#574500 0!
#574625 1"
#574875 0*
#575875 1*
#576500 1!
#576750 0*
#576875 00
#577750 1*
#578875 1) 1-
#579125 0! 1% 0& 1'
#580000 0)
#580125 0" 0% 0' 0(
#580250 1$ 1&
#580375 0*
#581500 1*
#581625 1)
#581875 0&
#582000 1" 1% 1'
#582750 0)
#583000 1! 1&
#583250 0*
#583875 10
#584250 1*
#584500 1)
#584750 0! 0& 0'
#585500 0-
#585625 0)
#585750 0" 0# 0%
#585875 1& 1(
#586000 0*
#587125 1*
#587750 1!
#587875 0*
#589000 1*
#589500 0!
#589625 1"
#589750 0*
#590875 1*
#591500 1!
#591625 0*
#592750 1*
#593875 1) 1-
#594125 0! 1# 0$ 1% 0& 1'
#594875 0)
#595125 0" 0# 0' 0(
#595250 1&
#595375 0*
#596500 1*
#596625 1)
#596875 0% 0&
#597000 1! 1" 1# 1$ 1'
#597750 0)
#598000 0! 0$ 1% 1& 0'
#598250 0+
#599250 1+
#599500 1)
#599750 1$ 0&
#600500 0) 0-
#600750 0" 0%
#600875 1& 1(
#601000 0*
#602000 1*
#602750 1!
#602875 0*
#603875 1*
#604500 0!
#604625 1"
#604750 0*
#605750 1*
#606375 1!
#606625 0*
#607625 1*
#608875 1) 1-
#609125 0! 0$ 1% 0& 1'
#609875 0)
#610125 0" 1& 0' 0(
#610375 0*
#611375 1*
#611625 1)
#611875 0#
#612000 1" 1' 1( 0,
#612750 0)
#612875 0'
#613000 0" 1# 0&
#613250 0+
#614250 1+
#614500 1)
#614625 0(
#614750 1" 1$
#614875 1,
#615500 0) 0-
#615750 0" 0# 0$ 1& 1(
#616000 0*
#617000 1*
#617625 1!
#617875 0*
#618875 1*
#619500 0! 1"
#619750 0*
#620750 1*
#621375 1!
#621625 0*
#622625 1*
#623750 1)
#623875 1-
#624000 0!
#624125 1# 0& 1'
#624875 0)
#625125 0" 0# 1$ 1& 0' 0(
#625375 0*
#626375 1*
#626625 1)
#627000 1! 1" 1# 1' 1(
#627750 0)
#629375 1)
#629750 0! 0& 0' 0(
#630500 0) 0-
#630750 0" 0$ 1& 1(
#631000 0*
#632000 1*
#632625 1!
#632875 0*
#633875 1*
#634500 0! 1"
#634750 0*
#635750 1*
#636375 1!
#636625 0*
#637625 1*
#638750 1)
#638875 1-
#639000 0! 0&
#639125 1'
#639875 0)
#640125 0" 1$ 1& 0' 0(
#640375 0*
#641375 1*
#641625 1)
#641875 1! 0&
#642000 1" 1'
#642750 0)
#643000 1&
#643250 0+
#644250 1+
#644375 1)
#644625 0! 0& 0'
#645500 0) 0-
#645750 0" 0# 1& 1(
#646000 0*
#647000 1*
#647625 1!
#647875 0*
#648875 1*
#649500 0! 1"
#649750 0*
#650750 1*
#651375 1!
#651625 0*
#652625 1*
#653750 1)
#653875 1-
#654000 0! 0$ 0&
#654125 1# 1'
#654875 0)
#655125 0" 0# 0% 0(
#655375 0*
#656375 1*
#656625 1)
#656875 1% 1& 1(
#657000 1" 0,
#657750 0)
#657875 0" 0& 0'
#658000 1! 1#
#658250 0+
#659250 1+
#659375 1)
#659625 0! 0(
#659750 1" 1$ 1,
#660500 0) 0-
#660750 0" 1& 1(
#661000 0*
#662000 1*
#662625 1!
#662875 0*
#663875 1*
#664375 0!
#664500 1"
#664750 0*
#665750 1*
#666375 1!
#666625 0*
#667625 1*
#668750 1)
#668875 1-
#669000 0! 0$ 0&
#669125 1'
#669875 0)
#670125 0" 0% 0(
#670375 0*
#671375 1*
#671625 1)
#671875 1! 1% 1& 1(
#672000 1" 1$
#672750 0)
#674375 1)
#674625 0! 0& 0' 0(
#675500 0) 0-
#675750 0" 0# 0$ 0% 1' 1(
#676000 0*
#677000 1*
#677625 1!
#677875 0*
#678875 1*
#679375 0!
#679500 1"
#679750 0*
#680375 00
#680750 1*
#681375 1!
#681625 0*
#682625 1*
#683750 1)
#683875 1-
#684000 0!
#684125 1# 1%
#684875 0)
#685125 0" 0# 1$ 0% 0(
#685375 0*
#686375 1*
#686625 1)
#686875 1" 0$ 1% 1& 1(
#687000 0,
#687250 10
#687625 0)
#687875 0& 0'
#688000 1#
#688250 0+
#689250 1+
#689375 1)
#689625 0(
#689750 1$ 1,
#690500 0) 0-
#690750 0" 0$ 0% 1' 1(
#691000 0*
#692000 1*
#692625 1!
#692875 0*
#693875 1*
#694375 0!
#694500 1"
#694750 0*
#695750 1*
#696375 1!
#696625 0*
#697625 1*
#698750 1)
#698875 1-
#699000 0!
#699125 1%
#699875 0)
#700125 0" 1$ 0% 0(
#700375 0*
#701375 1*
#701625 1)
#701875 0# 0$ 1&
#702625 0)
#703000 1! 1" 1# 1$ 1%
#703125 0*
#704250 1*
#704375 1)
#704625 0! 0& 0'
#705500 0) 0-
#705750 0" 0# 0% 1' 1(
#706000 0*
#707000 1*
#707625 1!
#707875 0*
#708875 1*
#709375 0!
#709500 1"
#709750 0*
#710750 1*
#711375 1!
#711625 0*
#712625 1*
#713750 1)
#713875 1-
#714000 0! 0$
#714125 1# 1%
#714875 0)
#715125 0" 0# 0(
#715375 0*
#716375 1*
#716625 1)
#716875 1! 1" 1# 1$ 0%
#717625 0)
#717875 0$ 0'
#718000 1% 1&
#718250 0+
#719250 1+
#719375 1)
#719625 0! 0&
#719750 1$
#720500 0) 0-
#720750 0" 0% 1' 1(
#721000 0*
#722000 1*
#722625 1!
#722875 0*
#723875 1*
#724375 0!
#724500 1"
#724750 0*
#725750 1*
#726375 1!
#726625 0*
#727625 1*
#728750 1)
#728875 1-
#729000 0! 0$
#729125 1%
#729875 0)
#730125 0" 0(
#730375 0*
#731375 1*
#731625 1)
#731875 0# 1& 1(
#732000 1" 0,
#732750 0)
#732875 0& 0'
#733000 1! 1#
#733250 0+
#734250 1+
#734375 1)
#734625 0! 0(
#734750 1$ 1,
#735500 0) 0-
#735750 0" 0# 0$ 1' 1(
#736000 0*
#737000 1*
#737625 1!
#737875 0*
#738875 1*
#739500 0! 1"
#739750 0*
#740750 1*
#741375 1!
#741625 0*
#742625 1*
#743750 1)
#743875 1-
#744000 0!
#744125 1#
#744875 0)
#745125 0" 0# 1$ 0(
#745375 0*
#746375 1*
#746625 1)
#746875 1(
#747000 1! 1" 1# 1&
#747750 0)
#749375 1)
#749625 0&
#749750 0! 0' 0(
#750500 0) 0-
#750750 0" 0$ 1' 1(
#751000 0*
#752000 1*
#752625 1!
#752875 0*
#753875 1*
#754500 0! 1"
#754750 0*
#755750 1*
#756375 1!
#756625 0*
#757625 1*
#758750 1)
#758875 1-
#759000 0!
#759875 0)
#760125 0" 1$ 0(
#760375 0*
#761375 1*
#761625 1)
#761875 0# 0$ 0%
#762000 1! 1&
#762750 0)
#763000 1" 1# 1$ 1%
#763250 0+
#764250 1+
#764375 1)
#764750 0! 0& 0'
#765500 0) 0-
#765750 0" 0# 1' 1(
#766000 0*
#767000 1*
#767625 1!
#767875 0*
#768875 1*
#769500 0!
#769625 1"
#769750 0*
#770750 1*
#771375 1!
#771625 0*
#772625 1*
#773875 1) 1-
#774000 0!
#774125 1# 0$
#774875 0)
#775125 0" 0# 0% 0(
#775250 1&
#775375 0*
#776375 1*
#776625 1)
#777000 1" 1% 1( 0,
#777750 0)
#778000 0" 1$ 0& 0'
#778250 0+
#779250 1+
#779500 1)
#779750 1" 1# 0(
#779875 1,
#780500 0) 0-
#780750 0"
#780875 1' 1(
#781000 0*
#782125 1*
#782750 1!
#782875 0*
#783750 00
#784000 1*
#784500 0!
#784625 1"
#784750 0*
#785875 1*
#786500 1!
#786625 0*
#787750 1*
#788875 1) 1-
#789125 0! 0$
#790000 0)
#790125 0" 0% 0(
#790250 1&
#790375 0*
#790750 10
#791500 1*
#791625 1)
#792000 1! 1" 1$ 1% 1(
#792750 0)
#794500 1)
#794750 0! 0& 0' 0(
#795500 0-
#795625 0)
#795750 0" 0# 0$ 0%
#795875 1& 1' 1(
#796125 0*
#797125 1*
#797750 1!
#798000 0*
#799000 1*
#799500 0!
#799625 1"
#799875 0*
#800875 1*
#801500 1!
#801750 0*
#802750 1*
#803875 1) 1-
#804125 0! 0&
#804250 1# 1%
#805000 0)
#805125 0" 0# 0% 0(
#805250 1$ 1&
#805500 0*
#806500 1*
#806625 1)
#806875 0&
#807000 1! 1" 1#
#807750 0)
#808000 0! 0" 0# 1% 1& 0'
#808250 0+
#809250 1+
#809500 1)
#809750 0&
#809875 1" 1#
#810500 0-
#810625 0)
#810750 0" 0$ 0%
#810875 1& 1' 1(
#811125 0*
#812125 1*
#812750 1!
#813000 0*
#814000 1*
#814500 0!
#814625 1"
#814875 0*
#815875 1*
#816500 1!
#816750 0*
#817750 1*
#818875 1) 1-
#819125 0! 0&
#819250 1%
#820000 0)
#820125 0% 0(
#820250 0" 1$ 1&
#820500 0*
#821500 1*
#821750 1)
#822000 1" 0# 0$
#822750 0)
#823125 1! 1# 1$ 1%
#823250 0*
#824250 1*
#824500 1)
#824750 0! 0& 0'
#825625 0) 0-
#825875 0" 0# 0% 1& 1' 1(
#826125 0*
#827125 1*
#827750 1!
#828000 0*
#829000 1*
#829500 0!
#829625 1"
#829875 0*
#830875 1*
#831500 1!
#831750 0*
#832750 1*
#833875 1)
#834000 1-
#834125 0! 0$ 0&
#834250 1# 1%
#835000 0)
#835250 0" 0# 1& 0(
#835500 0*
#836500 1*
#836750 1)
#837000 1(
#837125 1" 0,
#837875 0)
#838000 0" 0& 0'
#838125 1! 1$
#838375 0+
#839375 1+
#839500 1)
#839750 0! 0(
#839875 1" 1#
#840000 1,
#840625 0) 0-
#840875 0" 0% 1& 1' 1(
#841125 0*
#842125 1*
#842750 1!
#843000 0*
#844000 1*
#844625 0! 1"
#844875 0*
#845875 1*
#846500 1!
#846750 0*
#847750 1*
#848875 1)
#849000 1-
#849125 0!
#849250 0$ 1% 0&
#850000 0)
#850250 0" 1& 0(
#850500 0*
#851500 1*
#851750 1)
#852000 1(
#852125 1! 1" 1$
#852875 0)
#854500 1)
#854875 0! 0& 0' 0(
#855625 0) 0-
#855875 0" 0# 0$ 1& 1' 1(
#856125 0*
#857125 1*
#857750 1!
#858000 0*
#859000 1*
#859625 0! 1"
#859875 0*
#860875 1*
#861500 1!
#861750 0*
#862750 1*
#864000 1) 1-
#864125 0!
#864250 1# 0&
#865000 0)
#865250 0" 0# 1& 0(
#865375 1$
#865500 0*
#866500 1*
#866750 1)
#867000 0$
#867125 1" 1( 0,
#867875 0)
#868125 1$ 0& 0'
#868375 0+
#869375 1+
#869625 1)
#869875 1# 0(
#870000 1,
#870625 0) 0-
#870875 0" 0$ 1(
#871000 1& 1'
#871125 0*
#872125 1*
#872875 1!
#873000 0*
#874125 1*
#874625 0!
#874750 1"
#874875 0*
#876000 1*
#876500 1!
#876750 0*
#877875 1*
#879000 1) 1-
#879250 0! 0&
#880000 0)
#880250 0" 0(
#880375 1$ 1&
#880500 0*
#881625 1*
#881750 1)
#882000 0# 0$ 0%
#882125 1! 1"
#882875 0)
#883125 1# 1$ 1%
#883375 0+
#884375 1+
#884625 1)
#884875 0! 0& 0'
#885625 0-
#885750 0)
#885875 0" 0#
#886000 1& 1' 1(
#886250 0*
#887125 00
#887250 1*
#887875 1!
#888125 0*
#889125 1*
#889625 0!
#889750 1"
#890000 0*
#891000 1*
#891625 1!
#891875 0*
#892875 1*
#894000 1) 1-
#894125 10
#894250 1#
#895125 0)
#895625 0+
#896625 1+
#896750 1)
#897000 0! 0# 0$
#897250 0,
#897875 0)
#898125 1! 1$ 0& 0'
#898375 0+
#899375 1+
#899625 1)
#899875 0! 0(
#900000 1# 1,
#900625 0-
#900750 0)
#900875 0"
#901000 1& 1' 1(
#901250 0*
#902250 1*
#902875 1!
#903125 0*
#904125 1*
#904625 0!
#904750 1"
#905000 0*
#906000 1*
#906625 1!
#906875 0*
#907875 1*
#909000 1) 1-
#909250 0! 0$ 0&
#910125 0)
#910250 0" 0# 0(
#910625 0*
#911625 1*
#912250 1!
#912500 0*
#913500 1*
#914000 0!
#914125 1"
#914375 0*
#915125 1)
#915375 1( 1*
#915500 1#
#916250 0)
#916375 0" 0(
#916625 0*
#917750 1*
#918375 1!
#918500 0*
#919625 1*
#920125 0!
#920250 1"
#920375 0*
#921250 1)
#921375 0% 1*
#921500 1! 1$
#922250 0)
#922500 0" 0# 1% 1& 0'
#922750 0+
#923750 1+
#924000 1)
#924250 0! 0& 1(
#924375 1" 1'
#925125 0)
#925250 0" 0% 0'
#925375 1! 1#
#925625 0*
#926625 1*
#927250 1%
#927500 0*
#928500 1*
#928625 1)
#929000 0$ 1'
#929750 0)
#930000 1$ 0% 0(
#930250 0*
#931250 1*
#931500 1)
#931750 0! 0# 1(
#931875 1" 1%
#932625 0)
#932750 0" 0% 0'
#932875 1! 1# 1&
#933125 0*
#934125 1*
#934750 1%
#935000 0*
#936000 1*
#936125 1)
#936375 0&
#936500 0$ 1'
#937250 0)
#937500 1$ 0(
#937750 0*
#938750 1*
#939000 1)
#939250 0! 0$ 1(
#939375 1"
#940125 0)
#940250 0" 0# 0(
#940375 1$
#940625 0*
#941625 1*
#942250 1!
#942500 0*
#943500 1*
#944000 0!
#944125 1"
#944375 0*
#945125 1)
#945375 0$ 1( 1*
#945500 1#
#946250 0)
#946375 0" 0(
#946500 1$
#946625 0*
#947750 1*
#948375 1!
#948500 0*
#949625 1*
#950125 0!
#950250 1"
#950375 0*
#951625 1)
#951875 1*
#952375 0# 0$ 1(
#952500 1& 0,
#953250 0)
#953375 0&
#953500 0" 1# 1$ 0'
#953750 0+
#954750 1+
#955375 1)
#955625 0#
#955750 1" 1' 1,
#956500 0)
#957125 0" 0%
#957250 1! 1#
#957500 0*
#958500 1*
#959125 1%
#959375 0*
#960375 1*
#960500 1)
#960875 0$
#961625 0)
#961875 1$ 0% 1& 0(
#962125 0*
#963125 1*
#963375 1)
#963625 0! 0# 0& 1(
#963750 1" 1%
#964500 0)
#964625 0" 0%
#964750 1! 1# 1&
#965000 0*
#966000 1*
#966625 1%
#966875 0*
#967875 1*
#968000 1)
#968250 0&
#968375 0$
#969125 0)
#969375 1$ 1& 0(
#969625 0*
#970625 1*
#970875 1)
#971125 0! 0$ 0& 1(
#971250 1"
#972000 0)
#972125 0" 0# 0% 0' 0(
#972500 0*
#973500 1*
#974125 1!
#974375 0*
#975375 1*
#975875 0!
#976000 1"
#976250 0*
#977000 1)
#977250 1' 1( 1*
#977375 1# 1%
#978000 0)
#978250 0" 0# 0% 0' 0(
#978500 0*
#979500 1*
#980125 1!
#980375 0*
#981375 1*
#982000 0!
#982125 1"
#982250 0*
#983000 1)
#983250 1*
#983375 1% 1& 1' 1(
#983500 0,
#984125 0)
#984375 1! 0" 1# 1$ 0& 0'
#984625 0+
#985625 1+
#985875 1)
#986125 0! 0# 1'
#986250 1,
#987000 0)
#987125 0% 0' 0(
#987250 1! 1#
#987500 0*
#988500 1*
#989125 1%
#989375 0*
#990375 1*
#990500 1) 00
#990750 0! 0$
#990875 1' 1(
#991625 0)
#991875 1! 1$ 0% 0' 0(
#992125 0*
#993125 1*
#993375 1)
#993625 0! 0# 1% 1' 1(
#994500 0)
#994625 0% 0' 0(
#994750 1! 1#
#994875 0*
#996000 1*
#996625 1%
#996750 0*
#997500 10
#997875 1*
#998000 1)
#998250 0! 0$
#998375 1' 1(
#999125 0)
#999375 1! 1$ 0% 0' 0(
#999625 0*
#1000625 1*
#1000875 1)
#1001125 0! 0$ 1% 1' 1(
#1001250 1"
#1002000 0)
#1002125 0" 0# 0% 0' 0(
#1002375 0*
#1003500 1*
#1004125 1!
#1004250 0*
#1005375 1*
#1005875 0!
#1006000 1"
#1006125 0*
#1006875 1)
#1007125 1*
#1007250 1# 1% 1' 1(
#1008000 0)
#1008250 0" 0# 0% 0' 0(
#1008500 0*
#1009500 1*
#1010125 1!
#1010375 0*
#1011375 1*
#1012000 0! 1"
#1012250 0*
#1013000 1)
#1013250 1*
#1013375 1! 1# 1$ 1'
#1014125 0)
#1014250 0!
#1014375 0# 1% 1& 0'
#1014625 0+
#1015625 1+
#1015875 1)
#1016125 0" 0& 1' 1(
#1016875 0)
#1017125 0% 0' 0(
#1017250 1! 1#
#1017375 0*
#1018375 1*
#1019000 1%
#1019250 0*
#1020250 1*
#1020500 1)
#1020750 0! 0$
#1020875 1' 1(
#1021625 0)
#1021750 0' 0(
#1021875 1! 1$ 0%
#1022125 0*
#1023125 1*
#1023375 1)
#1023500 0!
#1023625 0# 1% 1' 1(
#1024375 0)
#1024625 1! 1# 0% 0' 0(
#1024875 0*
#1025875 1*
#1026500 1%
#1026750 0*
#1027750 1*
#1028000 1)
#1028250 0! 0$ 1(
#1028375 1'
#1029125 0)
#1029250 0' 0(
#1029375 1! 1$ 0%
#1029625 0*
#1030625 1*
#1030750 1)
#1046000 0! 0# 0$
#1046125 1" 1% 1& 1' 1( 0,
#1046875 0)
#1047125 1# 1$ 0& 0'
#1047375 0+
#1048375 1+
#1048625 1)
#1049875 1! 1& 1'
#1050000 1,
#1050625 0)
#1052375 1)
#1055375 0! 0$ 0&
#1056250 0)
#1056500 0" 0# 0% 0' 0(
#1056750 0*
#1057750 1*
#1058000 1)
#1058250 1' 1(
#1058375 1! 1" 1# 1$ 1% 1&
#1059125 0)
#1060750 1)
#1061875 0)
#1062375 0+
#1063375 1+
#1064250 0+
#1065250 1+
#1066125 0+
#1067125 1+
#1068000 0+
#1069000 1+
#1070125 1)
#1070375 0! 0$ 0&
#1071250 0)
#1071500 0" 0% 0' 0(
#1071750 0*
#1072750 1*
#1073000 1)
#1073250 1" 0# 1% 1& 1' 1(
#1073375 0,
#1074000 0)
#1074250 0& 0'
#1074375 1! 1# 1$
#1074625 0+
#1075625 1+
#1075750 1)
#1076000 0(
#1076125 1,
#1076875 0) 0-
#1077000 0!
#1077125 0" 0# 0$ 0%
#1077375 0*
#1078375 1*
#1079000 1!
#1079250 0*
#1080250 1*
#1080750 0!
#1080875 1"
#1081125 0*
#1082125 1*
#1082750 1!
#1083000 0*
#1084000 1*
#1085125 1) 1-
#1085375 0!
#1085500 1# 1% 1' 1(
#1086250 0)
#1086375 0# 0% 0' 0(
#1086500 0" 1$
#1086750 0*
#1087750 1*
#1088000 1)
#1088250 1! 1" 1# 1% 1& 1' 1(
#1089000 0)
#1090750 1)
#1091000 0& 0' 0(
#1091875 0) 0-
#1092000 0! 0" 0%
#1092125 0$
#1092375 0*
#1093375 1*
#1094000 1! 00
#1094250 0*
#1095250 1*
#1095750 0!
#1095875 1"
#1096125 0*
#1097125 1*
#1097750 1!
#1098000 0*
#1099000 1*
#1100125 1) 1-
#1100375 0! 1(
#1100500 1% 1'
#1100875 10
#1101250 0)
#1101375 0" 0% 0' 0(
#1101500 1$
#1101750 0*
#1102750 1*
#1102875 1)
#1103125 0$
#1103250 1& 1'
#1104000 0)
#1104250 1! 1$
#1104375 1" 1%
#1104500 0*
#1105500 1*
#1105750 1)
#1106000 0& 0'
#1106750 0-
#1106875 0)
#1107000 0! 0" 0# 0%
#1107375 0*
#1108375 1*
#1109000 1!
#1109250 0*
#1110250 1*
#1110750 0!
#1110875 1"
#1111125 0*
#1112125 1*
#1112750 1!
#1113000 0*
#1114000 1*
#1115125 1) 1-
#1115375 0! 0$ 1' 1(
#1115500 1# 1%
#1116250 0)
#1116375 0" 0# 0' 0(
#1116750 0*
#1117750 1*
#1117875 1)
#1118125 0%
#1118250 1! 1" 1# 1$ 1'
#1119000 0)
#1119250 0# 1% 1& 0'
#1119500 0+
#1120500 1+
#1120750 1)
#1121000 0&
#1121125 1#
#1121750 0-
#1121875 0)
#1122000 0! 0" 0%
#1122375 0*
#1123375 1*
#1124000 1!
#1124250 0*
#1125250 1*
#1125750 0!
#1125875 1"
#1126125 0*
#1127125 1*
#1127750 1!
#1128000 0*
#1129000 1*
#1130125 1) 1-
#1130375 0! 0$ 1' 1(
#1130500 1%
#1131250 0)
#1131375 0" 0' 0(
#1131750 0*
#1132750 1*
#1132875 1)
#1133125 0#
#1133250 1" 1& 1' 1(
#1133375 0,
#1134000 0)
#1134250 0" 0% 0'
#1134500 0+
#1135500 1+
#1135750 1)
#1136000 1! 0& 0(
#1136125 1" 1# 1$ 1% 1,
#1136875 0) 0-
#1137000 0! 0" 0# 0$
#1137375 0*
#1138375 1*
#1139000 1!
#1139250 0*
#1140250 1*
#1140750 0!
#1140875 1"
#1141125 0*
#1142125 1*
#1142750 1!
#1143000 0*
#1144000 1*
#1145125 1) 1-
#1145375 0! 1' 1(
#1145500 1#
#1146250 0)
#1146375 0" 0# 0' 0(
#1146500 1$
#1146750 0*
#1147750 1*
#1147875 1)
#1148250 1! 1" 1# 1& 1' 1(
#1149000 0)
#1150750 1)
#1151000 0& 0' 0(
#1151750 0-
#1151875 0)
#1152000 0! 0" 0$
#1152375 0*
#1153375 1*
#1154000 1!
#1154250 0*
#1155250 1*
#1155750 0!
#1155875 1"
#1156125 0*
#1157125 1*
#1157750 1!
#1158000 0*
#1159000 1*
#1160125 1) 1-
#1160375 0! 1' 1(
#1161250 0)
#1161375 0" 0' 0(
#1161500 1$
#1161750 0*
#1162750 1*
#1162875 1)
#1163125 0$ 0%
#1163250 1! 1& 1'
#1164000 0)
#1164250 1$ 1%
#1164375 1"
#1164500 0+
#1165500 1+
#1165750 1)
#1166000 0& 0'
#1166875 0) 0-
#1167000 0! 0"
#1167125 0#
#1167375 0*
#1168375 1*
#1169000 1!
#1169250 0*
#1170250 1*
#1170750 0!
#1170875 1"
#1171125 0*
#1172125 1*
#1172750 1!
#1173000 0*
#1174000 1*
#1175125 1) 1-
#1175375 0! 0$
#1175500 1# 1' 1(
#1176250 0)
#1176375 0# 0(
#1176500 0" 0% 1& 0'
#1176750 0*
#1177750 1*
#1178000 1)
#1178250 1" 1% 1' 1(
#1178375 0,
#1179000 0)
#1179250 1! 0" 0% 0'
#1179500 0+
#1180625 1+
#1180750 1)
#1181000 0& 0(
#1181125 1" 1# 1$ 1% 1,
#1181875 0) 0-
#1182000 0! 0"
#1182375 0*
#1183375 1*
#1184000 1!
#1184250 0*
#1185250 1*
#1185750 0!
#1185875 1"
#1186125 0*
#1187125 1*
#1187750 1!
#1188000 0*
#1189000 1*
#1190125 1)
#1190250 1-
#1190375 0! 0$
#1190500 1' 1(
#1191250 0)
#1191375 0(
#1191500 0" 0% 1& 0'
#1191750 0*
#1192750 1*
#1193000 1)
#1193250 1! 1" 1% 1' 1(
#1193375 1$
#1194125 0)
#1195750 1)
#1196000 0& 0' 0(
#1196875 0) 0-
#1197125 0! 0" 0# 0$ 0% 1&
#1197375 0* 00
#1198375 1*
#1199000 1!
#1199250 0*
#1200250 1*
#1200875 0! 1"
#1201125 0*
#1202125 1*
#1202750 1!
#1203000 0*
#1204000 1*
#1204375 10
#1205125 1)
#1205250 1-
#1205375 0! 0&
#1205500 1# 1% 1' 1(
#1206250 0)
#1206500 0" 0# 1$ 0% 1& 0' 0(
#1206750 0*
#1207750 1*
#1208000 1)
#1208250 0$ 1' 1(
#1208375 1" 1% 0,
#1209125 0)
#1209250 0% 0'
#1209625 0+
#1210625 1+
#1210750 1)
#1211000 0& 0(
#1211125 1! 1# 1$ 1%
#1211250 1,
#1211875 0) 0-
#1212125 0! 0" 0$ 0% 1&
#1212375 0*
#1213375 1*
#1214000 1!
#1214250 0*
#1215250 1*
#1215875 0! 1"
#1216125 0*
#1217125 1*
#1217750 1!
#1218000 0*
#1219000 1*
#1220250 1) 1-
#1220375 0!
#1220500 1% 0& 1' 1(
#1221250 0)
#1221500 0" 0% 1& 0' 0(
#1221625 1$
#1221750 0*
#1222750 1*
#1223000 1)
#1223250 0$
#1223375 1" 1'
#1224125 0)
#1224375 1! 1$ 1%
#1224625 0*
#1225625 1*
#1225875 1)
#1226125 0& 0'
#1226875 0) 0-
#1227125 0! 0" 0# 0% 1&
#1227375 0*
#1228375 1*
#1229000 1!
#1229250 0*
#1230250 1*
#1230875 0!
#1231000 1"
#1231125 0*
#1232125 1*
#1232750 1!
#1233000 0*
#1234000 1*
#1235250 1) 1-
#1235500 0! 1# 0$ 1% 0& 1' 1(
#1236250 0)
#1236500 0" 0# 0' 0(
#1236625 1&
#1236750 0*
#1237875 1*
#1238000 1)
#1238250 0% 0&
#1238375 1! 1" 1# 1$ 1'
#1239125 0)
#1239375 0! 0" 1% 1& 0'
#1239625 0+
#1240625 1+
#1240875 1)
#1241125 1! 1" 0&
#1241875 0-
#1242000 0)
#1242125 0! 0" 0%
#1242250 1&
#1242500 0*
#1243500 1*
#1244125 1!
#1244375 0*
#1245375 1*
#1245875 0!
#1246000 1"
#1246250 0*
#1247250 1*
#1247875 1!
#1248125 0*
#1249125 1*
#1250250 1) 1-
#1250500 0! 0$ 0& 1' 1(
#1250625 1%
#1251375 0)
#1251500 0" 0' 0(
#1251625 1&
#1251875 0*
#1252875 1*
#1253000 1)
#1253250 0#
#1253375 1" 1' 1(
#1253500 0,
#1254125 0)
#1254375 1! 0% 0'
#1254625 0+
#1255625 1+
#1255875 1)
#1256125 0& 0(
#1256250 1# 1$ 1% 1,
#1257000 0) 0-
#1257125 0! 0" 0# 0$
#1257250 1&
#1257500 0*
#1258500 1*
#1259125 1!
#1259375 0*
#1260375 1*
#1260875 0!
#1261000 1"
#1261250 0*
#1262250 1*
#1262875 1!
#1263125 0*
#1264125 1*
#1265250 1) 1-
#1265500 0! 0&
#1265625 1# 1' 1(
#1266375 0)
#1266500 0# 0' 0(
#1266625 0" 1$ 1&
#1266875 0*
#1267875 1*
#1268125 1)
#1268375 1! 1" 1# 1' 1(
#1269125 0)
#1270875 1)
#1271125 0& 0' 0(
#1272000 0) 0-
#1272125 0! 0"
#1272250 0$ 1&
#1272500 0*
#1273500 1*
#1274125 1!
#1274375 0*
#1275375 1*
#1275875 0!
#1276000 1"
#1276250 0*
#1277250 1*
#1277875 1!
#1278125 0*
#1279125 1*
#1280250 1)
#1280375 1-
#1280500 0! 0&
#1280625 1' 1(
#1281375 0)
#1281500 0(
#1281625 0" 1$ 1& 0'
#1281875 0*
#1282875 1*
#1283125 1)
#1283375 1! 1" 0$ 0% 1'
#1284250 0)
#1284500 1$ 1%
#1284750 0+
#1285750 1+
#1285875 1)
#1286125 0& 0'
#1287000 0) 0-
#1287250 0! 0" 0# 1&
#1287500 0*
#1288500 1*
#1289125 1!
#1289375 0*
#1290375 1*
#1291000 0! 1"
#1291250 0*
#1292250 1*
#1292875 1!
#1293125 0*
#1294125 1*
#1295250 1)
#1295375 1-
#1295500 0! 0&
#1295625 1# 0$ 1' 1(
#1296375 0)
#1296625 0" 0# 0% 0(
#1296875 0*
#1297875 1*
#1298125 1)
#1298375 1(
#1298500 1" 1% 1& 0,
#1299250 0)
#1299375 0" 0%
#1299500 1# 0'
#1299750 0+
#1300750 1+
#1300875 1)
#1301125 0& 0(
#1301250 1! 1" 1$ 1%
#1301375 1,
#1302000 0) 0-
#1302250 0! 0" 1&
#1302500 0*
#1303500 1*
#1304125 1!
#1304375 0*
#1305375 1*
#1306000 0! 1"
#1306250 0*
#1307250 1*
#1307875 1!
#1308125 0*
#1309125 1*
#1310375 1) 1-
#1310625 0! 0$ 0& 1' 1(
#1311375 0)
#1311625 0" 0% 0(
#1311875 0*
#1312875 1*
#1313125 1)
#1313500 1! 1" 1$ 1% 1& 1(
#1314250 0)
#1316000 1)
#1316250 0& 0' 0(
#1317000 0) 0-
#1317250 0! 0" 0# 0$ 0% 1'
#1317500 0*
#1318500 1*
#1319125 1!
#1319375 0*
#1320375 1*
#1321000 0!
#1321125 1"
#1321250 0*
#1322375 1*
#1322875 1!
#1323125 0*
#1324250 1*
#1325375 1) 1-
#1325625 0! 1# 1% 1(
#1326375 0)
#1326625 0" 0# 0% 0(
#1326750 1$
#1326875 0*
#1328000 1*
#1328125 1)
#1328375 0$
#1328500 1" 1% 1& 1( 0,
#1329250 0)
#1329500 1! 0" 1# 0% 0'
#1329750 0+
#1330750 1+
#1331000 1)
#1331250 1" 1$ 1% 0& 0(
#1331375 1,
#1332000 0-
#1332125 0)
#1332250 0! 0" 0$ 0%
#1332375 1'
#1332500 0*
#1333625 1*
#1334250 1!
#1334375 0*
#1335500 1*
#1336000 0!
#1336125 1"
#1336250 0*
#1337375 1*
#1338000 1!
#1338250 0*
#1339250 1*
#1340375 1) 1-
#1340625 0! 1% 1(
#1341500 0)
#1341625 0" 0% 0(
#1341750 1$
#1341875 0*
#1343000 1*
#1343125 1)
#1343375 0#
#1343500 1&
#1344250 0)
#1344500 1! 1" 1# 1%
#1344750 0*
#1345750 1*
#1346000 1)
#1346250 0& 0'
#1347000 0-
#1347125 0)
#1347250 0! 0" 0# 0%
#1347375 1'
#1347500 0*
#1348625 1*
#1349250 1!
#1349500 0*
#1350500 1*
#1351000 0!
#1351125 1"
#1351375 0*
#1352375 1*
#1353000 1!
#1353250 0*
#1354250 1*
#1355375 1) 1-
#1355625 0! 0$ 1(
#1355750 1# 1%
#1356500 0)
#1356625 0" 0# 0(
#1357000 0*
#1358000 1*
#1358125 1)
#1358500 1" 1& 1(
#1358625 0,
#1359250 0)
#1359500 1# 0% 0'
#1359750 0+
#1360750 1+
#1361000 1)
#1361250 1! 1% 0& 0(
#1361375 1$ 1,
#1362000 0-
#1362125 0)
#1362250 0! 0" 0%
#1362375 1'
#1362625 0*
#1363625 1*
#1364250 1!
#1364500 0*
#1365500 1*
#1366000 0!
#1366125 1"
#1366375 0*
#1367375 1*
#1368000 1!
#1368250 0*
#1369250 1*
#1370375 1) 1-
#1370625 0! 0$ 1% 1(
#1371500 0)
#1371625 0" 0(
#1372000 0*
#1373000 1*
#1373125 1)
#1373500 1! 1" 1$ 1& 1(
#1374250 0)
#1376000 1)
#1376250 0& 0' 0(
#1377000 0-
#1377125 0)
#1377250 0! 0" 0# 0$
#1377375 1'
#1377625 0*
#1378625 1*
#1379250 1!
#1379500 0*
#1380500 1*
#1381000 0!
#1381125 1"
#1381375 0*
#1382375 1*
#1383000 1!
#1383250 0*
#1384250 1*
#1384625 00
#1385375 1) 1-
#1385625 0! 1# 1(
#1386500 0)
#1386625 0" 0# 0(
#1386750 1$
#1387000 0*
#1388000 1*
#1388125 1)
#1388375 0$
#1388500 1" 1& 1( 0,
#1389250 0)
#1389500 1! 1# 0% 0'
#1389750 0+
#1390750 1+
#1391000 1)
#1391250 1$ 1% 0& 0(
#1391375 1,
#1391625 10
#1392000 0-
#1392125 0)
#1392250 0! 0" 0$
#1392375 1'
#1392625 0*
#1393625 1*
#1394250 1!
#1394375 0*
#1395500 1*
#1396000 0!
#1396125 1"
#1396250 0*
#1397375 1*
#1398000 1!
#1398125 0*
#1399250 1*
#1400375 1) 1-
#1400625 0! 1(
#1401500 0)
#1401625 0" 0(
#1401750 1$
#1401875 0*
#1403000 1*
#1403125 1)
#1403375 0# 0%
#1403500 1! 1&
#1404250 0)
#1404500 1" 1# 1%
#1404750 0+
#1405750 1+
#1406000 1)
#1406250 0& 0'
#1407000 0) 0-
#1407250 0! 0" 0#
#1407375 1'
#1407500 0*
#1408625 1*
#1409250 1!
#1409375 0*
#1410500 1*
#1411000 0!
#1411125 1"
#1411250 0*
#1412250 1*
#1412875 1!
#1413125 0*
#1414125 1*
#1415375 1) 1-
#1415625 0! 1# 0$ 1(
#1416375 0)
#1416625 0" 0# 0% 0(
#1416750 1&
#1416875 0*
#1417875 1*
#1418125 1)
#1418375 0&
#1418500 1! 1" 1# 1$
#1419250 0)
#1419500 0" 1% 1& 0'
#1419750 0+
#1420750 1+
#1421000 1)
#1421125 0&
#1421250 1"
#1422000 0) 0-
#1422250 0! 0" 1'
#1422500 0*
#1423500 1*
#1424125 1!
#1424375 0*
#1425375 1*
#1426000 0! 1"
#1426250 0*
#1427250 1*
#1427875 1!
#1428125 0*
#1429125 1*
#1430375 1) 1-
#1430500 0!
#1430625 0$ 1(
#1431375 0)
#1431625 0" 0% 1& 0(
#1431875 0*
#1432875 1*
#1433125 1)
#1433375 0# 1(
#1433500 1" 1% 0,
#1434250 0)
#1434375 0" 0%
#1434500 1$ 0'
#1434750 0+
#1435750 1+
#1435875 1)
#1436125 0& 0(
#1436250 1! 1" 1# 1%
#1436375 1,
#1437000 0) 0-
#1437250 0! 0" 0# 0$ 0% 1& 1'
#1437500 0*
#1438500 1*
#1439125 1!
#1439375 0*
#1440375 1*
#1441000 0! 1"
#1441250 0*
#1442250 1*
#1442875 1!
#1443125 0*
#1444125 1*
#1445250 1)
#1445375 1-
#1445500 0! 0&
#1445625 1# 1% 1(
#1446375 0)
#1446625 0" 0# 1$ 0% 1& 0(
#1446875 0*
#1447875 1*
#1448125 1)
#1448375 1(
#1448500 1! 1" 1# 1%
#1449250 0)
#1450875 1)
#1451125 0& 0(
#1451250 0'
#1452000 0) 0-
#1452250 0! 0" 0$ 0% 1& 1'
#1452500 0*
#1453500 1*
#1454125 1!
#1454375 0*
#1455375 1*
#1455875 0!
#1456000 1"
#1456250 0*
#1457250 1*
#1457875 1!
#1458125 0*
#1459125 1*
#1460250 1)
#1460375 1-
#1460500 0! 0&
#1460625 1% 1(
#1461375 0)
#1461500 0(
#1461625 0" 1$ 0% 1&
#1461875 0*
#1462875 1*
#1463125 1)
#1463375 1" 0#
#1464125 0)
#1464500 1! 1# 1%
#1464625 0*
#1465750 1*
#1465875 1)
#1466125 0& 0'
#1467000 0) 0-
#1467125 0!
#1467250 0" 0# 0% 1& 1'
#1467500 0*
#1468500 1*
#1469125 1!
#1469375 0*
#1470375 1*
#1470875 0!
#1471000 1"
#1471250 0*
#1472250 1*
#1472875 1!
#1473125 0*
#1474125 1*
#1475250 1) 1-
#1475500 0! 0$ 0& 1(
#1475625 1# 1%
#1476375 0)
#1476500 0# 0(
#1476625 0" 1&
#1476875 0*
#1477875 1*
#1478125 1)
#1478375 1" 1(
#1478500 0,
#1479125 0)
#1479375 1! 0" 0% 0'
#1479500 1$
#1479625 0+
#1480750 1+
#1480875 1)
#1481125 0& 0(
#1481250 1" 1# 1% 1,
#1482000 0) 0-
#1482125 0! 0" 0%
#1482250 1& 1'
#1482500 0*
#1483500 1*
#1484125 1!
#1484375 0*
#1485375 1*
#1485875 0!
#1486000 1"
#1486250 0*
#1487250 1*
#1487875 1!
#1488000 00
#1488125 0*
#1489125 1*
#1490250 1) 1-
#1490500 0! 0$ 0& 1(
#1490625 1%
#1491375 0)
#1491500 0" 0(
#1491625 1&
#1491875 0*
#1492875 1*
#1493000 1)
#1493375 1! 1" 1$ 1(
#1494125 0)
#1495000 10
#1495875 1)
#1496125 0& 0' 0(
#1496875 0-
#1497000 0)
#1497125 0! 0" 0# 0$
#1497250 1& 1'
#1497500 0*
#1498500 1*
#1499125 1!
#1499375 0*
#1500375 1*
#1500875 0!
#1501000 1"
#1501250 0*
#1502250 1*
#1502875 1!
#1503125 0*
#1504125 1*
#1505250 1) 1-
#1505500 0! 1# 0& 1(
#1506375 0)
#1506500 0" 0# 0(
#1506625 1$ 1&
#1506875 0*
#1507875 1*
#1508000 1)
#1508250 0% 0&
#1508375 1! 1" 1#
#1509125 0)
#1509375 0! 1% 1& 0'
#1509625 0+
#1510625 1+
#1510875 1)
#1511125 1! 0&
#1511875 0-
#1512000 0)
#1512125 0! 0" 0$
#1512250 1& 1'
#1512500 0*
#1513500 1*
#1514125 1!
#1514375 0*
#1515375 1*
#1515875 0!
#1516000 1"
#1516250 0*
#1517250 1*
#1517875 1!
#1518125 0*
#1519125 1*
#1520250 1) 1-
#1520500 0! 0& 1(
#1521375 0)
#1521500 0" 0(
#1521625 1$ 1&
#1521875 0*
#1522875 1*
#1523000 1)
#1523250 0# 0%
#1523375 1! 1"
#1524125 0)
#1524375 1# 1%
#1524625 0+
#1525625 1+
#1525875 1)
#1526125 0& 0'
#1526875 0-
#1527000 0)
#1527125 0! 0" 0#
#1527250 1& 1'
#1527375 0*
#1528500 1*
#1529125 1!
#1529250 0*
#1530375 1*
#1530875 0!
#1531000 1"
#1531125 0*
#1532250 1*
#1532875 1!
#1533000 0*
#1534125 1*
#1535250 1) 1-
#1535500 1# 1(
#1536375 0)
#1536875 0+
#1537875 1+
#1538000 1)
#1538250 0! 0# 0$
#1538375 0,
#1539125 0)
#1539375 1$ 0% 0'
#1539625 0+
#1540625 1+
#1540875 1)
#1541125 1! 1# 1% 0& 0(
#1541250 1,
#1541875 0) 0-
#1542125 0! 0"
#1542250 1& 1'
#1542375 0*
#1543500 1*
#1544125 1!
#1544250 0*
#1545375 1*
#1545875 0!
#1546000 1"
#1546125 0*
#1547250 1*
#1547750 1!
#1548000 0*
#1549125 1*
#1550250 1) 1-
#1550500 0! 0$ 0& 1(
#1551250 0)
#1551500 0" 0# 0(
#1551750 0*
#1552875 1*
#1553500 1!
#1553625 0*
#1554750 1*
#1555250 0!
#1555375 1"
#1555500 0*
#1556250 1)
#1556500 1*
#1556625 1# 1(
#1557375 0)
#1557625 0" 0(
#1557875 0*
#1558875 1*
#1559500 1!
#1559750 0*
#1560750 1*
#1561375 0! 1"
#1561625 0*
#1562375 1)
#1562625 0# 1*
#1562750 1& 1( 0,
#1563500 0)
#1563750 1! 1$ 0% 0'
#1564000 0+
#1565000 1+
#1565250 1)
#1565500 0! 1% 0& 1'
#1565625 1,
#1566375 0)
#1566500 0% 0'
#1566625 1#
#1566750 0*
#1567875 1*
#1568500 1%
#1568625 0*
#1569750 1*
#1569875 1)
#1570125 0" 0$
#1570250 1! 1'
#1571000 0)
#1571250 0! 1" 1$ 0% 0(
#1571500 0*
#1572500 1*
#1572750 1)
#1573000 0# 1% 1(
#1573875 0)
#1574000 0% 0'
#1574125 1# 1&
#1574250 0*
#1575375 1*
#1576000 1%
#1576125 0*
#1577250 1*
#1577375 1)
#1577625 0" 0$ 0&
#1577750 1! 1'
#1578500 0)
#1578750 0! 1" 1$ 0(
#1579000 0*
#1580000 1*
#1580250 1)
#1580500 0$ 1(
#1581375 0)
#1581500 0" 0# 0(
#1581625 1$
#1581750 0*
#1582875 1*
#1583500 1!
#1583625 0*
#1584750 1*
#1585250 0!
#1585375 1"
#1585500 0*
#1586375 1)
#1586625 0$ 1( 1*
#1586750 1#
#1587375 0)
#1587625 0" 1$ 0(
#1587875 0*
#1588875 1*
#1589500 1!
#1589750 0*
#1590750 1*
#1591375 0!
#1591500 1" 00
#1591625 0*
#1592875 1)
#1593125 1*
#1593625 0# 0$ 1& 1(
#1593750 0,
#1594500 0)
#1594625 0" 0% 0'
#1594750 1# 1$
#1595000 0+
#1596000 1+
#1596625 1)
#1596875 0# 0&
#1597000 1" 1% 1' 1,
#1597750 0)
#1598375 0% 10
#1598500 1#
#1598750 0*
#1599750 1*
#1600375 1%
#1600625 0*
#1601625 1*
#1601750 1)
#1602000 0" 0$
#1602125 1!
#1602875 0)
#1603125 0! 1" 1$ 0% 1& 0(
#1603375 0*
#1604375 1*
#1604625 1)
#1604875 0# 0& 1(
#1605000 1%
#1605750 0)
#1605875 0%
#1606000 1# 1&
#1606250 0*
#1607250 1*
#1607875 1%
#1608125 0*
#1609125 1*
#1609250 1)
#1609500 0&
#1609625 1! 0" 0$
#1610375 0)
#1610625 0! 1" 1$ 1& 0(
#1610875 0*
#1611875 1*
#1612125 1)
#1612375 0$ 0& 1(
#1613250 0)
#1613375 0" 0# 0% 0' 0(
#1613750 0*
#1614750 1*
#1615375 1!
#1615625 0*
#1616625 1*
#1617125 0!
#1617250 1"
#1617500 0*
#1618250 1)
#1618500 1*
#1618625 1# 1% 1' 1(
#1619375 0)
#1619500 0" 0# 0% 0' 0(
#1619750 0*
#1620875 1*
#1621500 1!
#1621750 0*
#1622750 1*
#1623250 0!
#1623375 1"
#1623625 0*
#1624375 1)
#1624625 1! 1# 1$ 1' 1*
#1625375 0)
#1625625 0'
#1625750 1% 1&
#1625875 0+
#1627000 1+
#1627125 1)
#1627375 0! 0" 0# 0& 1(
#1627500 1'
#1628250 0)
#1628375 0' 0(
#1628500 1" 1# 0%
#1628750 0*
#1629750 1*
#1630375 1%
#1630625 0*
#1631625 1*
#1631875 1)
#1632125 0" 0$ 1' 1(
#1632875 0)
#1633125 0% 0' 0(
#1633250 1" 1$
#1633375 0*
#1634375 1*
#1634625 1)
#1634875 0" 0#
#1635000 1% 1' 1(
#1635750 0)
#1635875 0' 0(
#1636000 1" 1# 0%
#1636250 0*
#1637250 1*
#1637875 1%
#1638125 0*
#1639125 1*
#1639375 1)
#1639625 0" 0$ 1' 1(
#1640500 0)
#1640625 0% 0' 0(
#1640750 1" 1$
#1640875 0*
#1642000 1*
#1642125 1)
#1642375 0$
#1642500 1% 1' 1(
#1643250 0)
#1643500 0" 0# 0% 0' 0(
#1643750 0*
#1644750 1*
#1645375 1!
#1645625 0*
#1646625 1*
#1647250 0! 1"
#1647500 0*
#1648250 1)
#1648500 1*
#1648625 1# 1% 1' 1(
#1649375 0)
#1649500 0' 0(
#1649625 0" 0# 0%
#1649875 0*
#1650875 1*
#1651500 1!
#1651750 0*
#1652750 1*
#1653250 0!
#1653375 1"
#1653625 0*
#1654375 1)
#1654625 1' 1( 1*
#1654750 1% 1& 0,
#1655500 0)
#1655625 0" 0% 0'
#1655750 1! 1# 1$
#1656000 0+
#1657000 1+
#1657125 1)
#1657375 0! 0# 0&
#1657500 1% 1'
#1657625 1,
#1658250 0)
#1658500 1" 1# 0% 0' 0(
#1658750 0*
#1659750 1*
#1660375 1%
#1660625 0*
#1661625 1*
#1661875 1)
#1662125 0" 0$
#1662250 1' 1(
#1663000 0)
#1663125 0% 0' 0(
#1663250 1" 1$
#1663500 0*
#1664500 1*
#1664625 1)
#1664875 0"
#1665000 0# 1% 1' 1(
#1665750 0)
#1666000 1" 1# 0% 0' 0(
#1666250 0*
#1667250 1*
#1667875 1%
#1668125 0*
#1669125 1*
#1669375 1)
#1669625 0" 0$
#1669750 1' 1(
#1670500 0)
#1670625 0' 0(
#1670750 1" 1$ 0%
#1671000 0*
#1672000 1*
#1672250 1)
#1687500 0# 0$ 1% 1& 1' 1(
#1687625 0,
#1688375 0)
#1688500 0% 0'
#1688625 1# 1$
#1688875 0+
#1689875 1+
#1690000 1)
#1691250 1! 1'
#1691375 1% 1,
#1692125 0)
#1693750 1)
#1694875 00
#1696875 0! 0$ 0&
#1697750 0)
#1697875 0" 0# 0% 0' 0(
#1698250 0*
#1699250 1*
#1699375 1)
#1699750 1! 1" 1# 1$ 1% 1& 1' 1(
#1700500 0)
#1701875 10
#1702250 1)
#1703375 0)
#1703875 0+
#1704875 1+
#1705750 0+
#1706750 1+
#1707625 0+
#1708625 1+
#1709500 0+
#1710500 1+
#1711625 1)
#1711875 0! 0$ 0&
#1712750 0)
#1712875 0(
#1713000 0" 0% 0'
#1713250 0*
#1714250 1*
#1714500 1)
#1714750 1! 1" 1$ 1'
#1715500 0)
#1715750 0! 0" 0# 0$
#1716125 0+
#1717125 1+
#1717250 1)
#1717500 0'
#1717625 1! 1" 1# 1$ 1%
#1718375 0) 0-
#1718500 0! 0" 0#
#1718625 0$ 0% 1(
#1718875 0*
#1719875 1*
#1720500 1!
#1720750 0*
#1721750 1*
#1722250 0!
#1722375 1"
#1722625 0*
#1723625 1*
#1724250 1!
#1724500 0*
#1725500 1*
#1726625 1)
#1726750 1-
#1726875 0!
#1727000 1# 1% 1'
#1727750 0)
#1728000 0" 0# 1$ 0% 0' 0(
#1728250 0*
#1729250 1*
#1729500 1)
#1729750 0$ 1& 1' 1(
#1729875 1" 1% 0,
#1730625 0)
#1730750 0% 0'
#1730875 1! 1# 1$
#1731125 0+
#1732125 1+
#1732250 1)
#1732500 0& 0(
#1732625 1%
#1732750 1,
#1733375 0) 0-
#1733625 0! 0" 0$ 0% 1(
#1733875 0*
#1734875 1*
#1735500 1!
#1735750 0*
#1736750 1*
#1737375 0! 1"
#1737625 0*
#1738625 1*
#1739250 1!
#1739500 0*
#1740500 1*
#1741625 1)
#1741750 1-
#1741875 0!
#1742000 1% 1'
#1742750 0)
#1743000 0" 1$ 0% 0' 0(
#1743250 0*
#1744250 1*
#1744500 1)
#1744750 1'
#1744875 1&
#1745625 0)
#1745875 1! 1" 1%
#1746125 0*
#1747125 1*
#1747250 1)
#1747500 0& 0'
#1748375 0) 0-
#1748625 0! 0" 0# 0% 1(
#1748875 0*
#1749875 1*
#1750500 1!
#1750750 0*
#1751750 1*
#1752375 0! 1"
#1752625 0*
#1753625 1*
#1754250 1!
#1754500 0*
#1755500 1*
#1756625 1)
#1756750 1-
#1756875 0!
#1757000 1# 0$ 1% 1'
#1757750 0)
#1758000 0" 0# 0' 0(
#1758250 0*
#1759250 1*
#1759500 1)
#1759875 1" 1& 1' 1( 0,
#1760625 0)
#1760750 0" 0'
#1761125 0+
#1762125 1+
#1762250 1)
#1762500 0(
#1762625 1! 1" 1# 1$ 0&
#1762750 1,
#1763375 0) 0-
#1763625 0! 0" 0% 1(
#1763875 0*
#1764875 1*
#1765500 1!
#1765750 0*
#1766750 1*
#1767375 0!
#1767500 1"
#1767625 0*
#1768625 1*
#1769250 1!
#1769500 0*
#1770500 1*
#1771750 1) 1-
#1771875 0!
#1772000 0$ 1% 1'
#1772750 0)
#1773000 0" 0' 0(
#1773250 0*
#1774250 1*
#1774500 1)
#1774875 1! 1" 1$ 1& 1' 1(
#1775625 0)
#1777375 1)
#1777625 0& 0' 0(
#1778375 0) 0-
#1778625 0! 0" 0# 0$ 1(
#1778875 0*
#1779875 1*
#1780500 1!
#1780750 0*
#1781750 1*
#1782375 0!
#1782500 1"
#1782625 0*
#1783625 1*
#1784250 1!
#1784500 0*
#1785500 1*
#1786750 1) 1-
#1786875 0!
#1787000 1# 1'
#1787750 0)
#1788000 0" 0# 0' 0(
#1788125 1$
#1788250 0*
#1789250 1*
#1789500 1)
#1789750 0$
#1789875 1" 1& 1' 1( 0,
#1790625 0)
#1790875 1! 0" 0'
#1791125 0+
#1792125 1+
#1792375 1)
#1792625 1" 1# 1$ 0& 0(
#1792750 1,
#1793375 0) 0-
#1793625 0! 0" 0$ 1(
#1793875 0*
#1794875 1*
#1795500 1!
#1795750 0*
#1796750 1*
#1797375 0!
#1797500 1"
#1797625 0*
#1798250 00
#1798625 1*
#1799250 1!
#1799500 0*
#1800500 1*
#1801750 1) 1-
#1801875 0!
#1802000 1'
#1802750 0)
#1803000 0" 0' 0(
#1803125 1$
#1803250 0*
#1804250 1*
#1804500 1)
#1804750 0%
#1804875 1! 1& 1'
#1805250 10
#1805625 0)
#1805875 1" 1%
#1806125 0+
#1807125 1+
#1807375 1)
#1807625 0& 0'
#1808375 0) 0-
#1808625 0! 0" 0# 1(
#1808875 0*
#1809875 1*
#1810500 1!
#1810750 0*
#1811750 1*
#1812375 0!
#1812500 1"
#1812625 0*
#1813625 1*
#1814250 1!
#1814500 0*
#1815500 1*
#1816750 1) 1-
#1816875 0!
#1817000 1# 0$ 1'
#1817750 0)
#1818000 0" 0# 0% 1& 0' 0(
#1818250 0*
#1819250 1*
#1819500 1)
#1819750 0&
#1819875 1! 1" 1# 1$ 1'
#1820625 0)
#1820750 0" 0# 0$
#1821125 0+
#1822125 1+
#1822250 1)
#1822500 0'
#1822625 1" 1# 1$ 1%
#1823375 0) 0-
#1823625 0! 0" 1(
#1823875 0*
#1824875 1*
#1825500 1!
#1825750 0*
#1826750 1*
#1827375 0! 1"
#1827625 0*
#1828625 1*
#1829250 1!
#1829500 0*
#1830500 1*
#1831625 1)
#1831750 1-
#1831875 0!
#1832000 0$ 1'
#1832750 0)
#1833000 0" 0% 1& 0' 0(
#1833250 0*
#1834250 1*
#1834500 1)
#1834750 0# 1' 1(
#1834875 1" 1% 0,
#1835625 0)
#1835750 0'
#1836125 0+
#1837125 1+
#1837250 1)
#1837500 0& 0(
#1837625 1! 1# 1$
#1837750 1,
#1838375 0) 0-
#1838625 0! 0" 0# 0$ 0% 1& 1(
#1838875 0*
#1839875 1*
#1840500 1!
#1840750 0*
#1841750 1*
#1842375 0! 1"
#1842625 0*
#1843625 1*
#1844250 1!
#1844500 0*
#1845500 1*
#1846625 1)
#1846750 1-
#1846875 0! 0&
#1847000 1# 1% 1'
#1847750 0)
#1848000 0" 0# 1$ 0% 1& 0' 0(
#1848250 0*
#1849250 1*
#1849500 1)
#1849750 1' 1(
#1849875 1! 1" 1# 1%
#1850625 0)
#1852250 1)
#1852500 0& 0' 0(
#1853375 0) 0-
#1853625 0! 0" 0$ 0% 1& 1(
#1853875 0*
#1854875 1*
#1855500 1!
#1855750 0*
#1856750 1*
#1857250 0!
#1857375 1"
#1857625 0*
#1858625 1*
#1859250 1!
#1859500 0*
#1860500 1*
#1861625 1)
#1861750 1-
#1861875 0! 0&
#1862000 1% 1'
#1862750 0)
#1863000 0" 1$ 0% 1& 0' 0(
#1863250 0*
#1864250 1*
#1864500 1)
#1864750 1" 1'
#1865500 0)
#1865875 1! 1%
#1866000 0*
#1867125 1*
#1867250 1)
#1867500 0& 0'
#1868375 0) 0-
#1868500 0!
#1868625 0" 0# 0% 1& 1(
#1868875 0*
#1869875 1*
#1870500 1!
#1870750 0*
#1871750 1*
#1872250 0!
#1872375 1"
#1872625 0*
#1873625 1*
#1874250 1!
#1874500 0*
#1875500 1*
#1876625 1) 1-
#1876875 0! 0$ 0&
#1877000 1# 1% 1'
#1877750 0)
#1877875 0# 0'
#1878000 0" 1& 0(
#1878250 0*
#1879250 1*
#1879500 1)
#1879750 1" 1' 1(
#1879875 0,
#1880500 0)
#1880750 1! 0'
#1881000 0+
#1882125 1+
#1882250 1)
#1882500 0& 0(
#1882625 1# 1$ 1,
#1883375 0) 0-
#1883500 0! 0"
#1883625 0% 1& 1(
#1883875 0*
#1884875 1*
#1885500 1!
#1885750 0*
#1886750 1*
#1887250 0!
#1887375 1"
#1887625 0*
#1888625 1*
#1889250 1!
#1889500 0*
#1890500 1*
#1891625 1) 1-
#1891875 0! 0$ 0& 1'
#1892000 1%
#1892750 0)
#1892875 0" 0' 0(
#1893000 1&
#1893250 0*
#1894250 1*
#1894375 1)
#1894750 1! 1" 1$ 1' 1(
#1895500 0)
#1897250 1)
#1897500 0& 0' 0(
#1898250 0-
#1898375 0)
#1898500 0! 0" 0# 0$
#1898625 1& 1(
#1898875 0*
#1899875 1*
#1900500 1!
#1900750 0*
#1901750 1* 00
#1902250 0!
#1902375 1"
#1902625 0*
#1903625 1*
#1904250 1!
#1904500 0*
#1905500 1*
#1906625 1) 1-
#1906875 0! 1# 0& 1'
#1907750 0)
#1907875 0" 0# 0' 0(
#1908000 1$ 1&
#1908250 0*
#1908625 10
#1909250 1*
#1909375 1)
#1909625 0$
#1909750 1" 1' 1( 0,
#1910500 0)
#1910750 0" 1# 0'
#1911000 0+
#1912000 1+
#1912250 1)
#1912500 1! 1" 1$ 0& 0(
#1912625 1,
#1913250 0-
#1913375 0)
#1913500 0! 0" 0$
#1913625 1& 1(
#1913875 0*
#1914875 1*
#1915500 1!
#1915750 0*
#1916750 1*
#1917250 0!
#1917375 1"
#1917625 0*
#1918625 1*
#1919250 1!
#1919375 0*
#1920500 1*
#1921625 1) 1-
#1921875 0! 0& 1'
#1922750 0)
#1922875 0" 0' 0(
#1923000 1$ 1&
#1923125 0*
#1924250 1*
#1924375 1)
#1924625 0%
#1924750 1! 1" 1'
#1925500 0)
#1925750 1%
#1926000 0+
#1927000 1+
#1927250 1)
#1927500 0& 0'
#1928250 0) 0-
#1928500 0! 0" 0#
#1928625 1& 1(
#1928750 0*
#1929875 1*
#1930500 1!
#1930625 0*
#1931750 1*
#1932250 0!
#1932375 1"
#1932500 0*
#1933500 1*
#1934125 1!
#1934375 0*
#1935375 1*
#1936625 1) 1-
#1936875 0! 1# 0$ 0& 1'
#1937625 0)
#1937875 0" 0# 0% 0(
#1938125 0*
#1939125 1*
#1939375 1)
#1939750 1! 1" 1# 1$
#1940500 0)
#1940625 0!
#1940750 0# 0$
#1941000 0+
#1942000 1+
#1942250 1)
#1942500 1! 1# 1$ 1% 0'
#1943250 0) 0-
#1943500 0! 0" 1(
#1943625 1&
#1943750 0*
#1944750 1*
#1945375 1!
#1945625 0*
#1946625 1*
#1947250 0!
#1947375 1"
#1947500 0*
#1948500 1*
#1949125 1!
#1949375 0*
#1950375 1*
#1951625 1) 1-
#1951875 0! 0$ 0& 1'
#1952625 0)
#1952875 0" 0% 0(
#1953125 0*
#1954125 1*
#1954375 1)
#1954625 0#
#1954750 1" 1% 1& 1( 0,
#1955500 0)
#1955750 1! 0" 1# 0'
#1956000 0+
#1957000 1+
#1957250 1)
#1957500 1" 1$ 0& 0(
#1957625 1,
#1958250 0) 0-
#1958500 0! 0" 0# 0$ 0% 1' 1(
#1958750 0*
#1959750 1*
#1960375 1!
#1960625 0*
#1961625 1*
#1962250 0!
#1962375 1"
#1962500 0*
#1963500 1*
#1964125 1!
#1964375 0*
#1965375 1*
#1966625 1) 1-
#1966750 0!
#1966875 1# 1%
#1967625 0)
#1967875 0" 0# 0% 0(
#1968000 1$
#1968125 0*
#1969125 1*
#1969375 1)
#1969750 1! 1" 1# 1% 1& 1(
#1970500 0)
#1972125 1)
#1972500 0& 0' 0(
#1973250 0) 0-
#1973500 0! 0" 0$ 0% 1' 1(
#1973750 0*
#1974750 1*
#1975375 1!
#1975625 0*
#1976625 1*
#1977250 0! 1"
#1977500 0*
#1978500 1*
#1979125 1!
#1979375 0*
#1980375 1*
#1981625 1) 1-
#1981750 0!
#1981875 1%
#1982625 0)
#1982875 0" 1$ 0% 0(
#1983125 0*
#1984125 1*
#1984375 1)
#1984625 0# 0$
#1984750 1% 1&
#1985500 0)
#1985750 1! 1" 1# 1$
#1986000 0*
#1987000 1*
#1987125 1)
#1987500 0& 0'
#1988250 0) 0-
#1988500 0! 0" 0# 0% 1' 1(
#1988750 0*
#1989750 1*
#1990375 1!
#1990625 0*
#1991625 1*
#1992250 0! 1"
#1992500 0*
#1993500 1*
#1994125 1!
#1994375 0*
#1995375 1*
#1996625 1) 1-
#1996750 0!
#1996875 1# 0$ 1%
#1997625 0)
#1997875 0" 0# 0(
#1998125 0*
#1999125 1*
#1999375 1)
#1999750 1" 1& 1( 0,
#2000500 0)
#2000750 1# 0'
#2001000 0+
#2002000 1+
#2002125 1)
#2002500 1! 1$ 0& 0(
#2002625 1,
#2003250 0) 0-
#2003500 0! 0" 0% 1' 1(
#2003750 0*
#2004750 1*
#2005125 00
#2005375 1!
#2005625 0*
#2006625 1*
#2007250 0!
#2007375 1"
#2007500 0*
#2008500 1*
#2009125 1!
#2009375 0*
#2010375 1*
#2011625 1) 1-
#2011750 0!
#2011875 0$ 1%
#2012125 10
#2012625 0)
#2012875 0" 0(
#2013125 0*
#2014125 1*
#2014375 1)
#2014750 1! 1" 1$ 1& 1(
#2015500 0)
#2017250 1)
#2017500 0& 0' 0(
#2018250 0) 0-
#2018500 0! 0" 0# 0$ 1' 1(
#2018750 0*
#2019750 1*
#2020375 1!
#2020625 0*
#2021625 1*
#2022250 0!
#2022375 1"
#2022500 0*
#2023500 1*
#2024125 1!
#2024375 0*
#2025375 1*
#2026625 1) 1-
#2026875 0! 1#
#2027625 0)
#2027875 0" 0# 0(
#2028000 1$
#2028125 0*
#2029250 1*
#2029375 1)
#2029625 0%
#2029750 1! 1" 1#
#2030500 0)
#2030750 0# 0$
#2031000 0+
#2032000 1+
#2032250 1)
#2032500 1# 1$ 1% 0'
#2033250 0) 0-
#2033500 0! 0" 0$
#2033625 1' 1(
#2033750 0*
#2034875 1*
#2035500 1!
#2035625 0*
#2036750 1*
#2037250 0!
#2037375 1"
#2037500 0*
#2038625 1*
#2039250 1!
#2039375 0*
#2040500 1*
#2041625 1) 1-
#2041875 0!
#2042750 0)
#2042875 0" 0(
#2043000 1$
#2043125 0*
#2044250 1*
#2044375 1)
#2044625 0# 0$
#2044750 1! 1&
#2045500 0)
#2045750 1" 1# 1$
#2046000 0+
#2047000 1+
#2047250 1)
#2047500 0& 0'
#2048250 0-
#2048375 0)
#2048500 0! 0" 0#
#2048625 1' 1(
#2048875 0*
#2049875 1*
#2050500 1!
#2050750 0*
#2051750 1*
#2052250 0!
#2052375 1"
#2052625 0*
#2053625 1*
#2054250 1!
#2054500 0*
#2055500 1*
#2056625 1) 1-
#2056875 0! 0$
#2057000 1#
#2057750 0)
#2057875 0" 0# 0% 0(
#2058000 1&
#2058250 0*
#2059250 1*
#2059375 1)
#2059750 1" 1% 1(
#2059875 0,
#2060500 0)
#2060750 1! 1# 0'
#2061000 0+
#2062000 1+
#2062250 1)
#2062500 0& 0(
#2062625 1$ 1,
#2063250 0-
#2063375 0)
#2063500 0! 0"
#2063625 1' 1(
#2063875 0*
#2064875 1*
#2065500 1!
#2065750 0*
#2066750 1*
#2067250 0!
#2067375 1"
#2067625 0*
#2068625 1*
#2069250 1!
#2069500 0*
#2070500 1*
#2071625 1) 1-
#2071875 0! 0$
#2072750 0)
#2072875 0(
#2073000 0" 0% 1&
#2073250 0*
#2074250 1*
#2074500 1)
#2074750 1! 1" 1$ 1% 1(
#2075500 0)
#2077250 1)
#2077500 0& 0' 0(
#2078375 0) 0-
#2078500 0!
#2078625 0" 0# 0$ 0% 1& 1' 1(
#2078875 0*
#2079875 1*
#2080500 1!
#2080750 0*
#2081750 1*
#2082250 0!
#2082375 1"
#2082625 0*
#2083625 1*
#2084250 1!
#2084500 0*
#2085500 1*
#2086625 1)
#2086750 1-
#2086875 0! 0&
#2087000 1# 1%
#2087750 0)
#2088000 0" 0# 1$ 0% 1& 0(
#2088250 0*
#2089250 1*
#2089500 1)
#2089750 0$ 1% 1(
#2089875 1" 0,
#2090625 0)
#2090750 0" 0'
#2090875 1$
#2091125 0+
#2092125 1+
#2092250 1)
#2092500 0& 0(
#2092625 1! 1" 1# 1,
#2093375 0) 0-
#2093625 0! 0" 0$ 0% 1& 1' 1(
#2093875 0*
#2094875 1*
#2095500 1!
#2095750 0*
#2096750 1*
#2097375 0! 1"
#2097625 0*
#2098625 1*
#2099250 1!
#2099500 0*
#2100500 1*
#2101625 1)
#2101750 1-
#2101875 0! 0&
#2102000 1%
#2102750 0)
#2103000 0" 1$ 0% 1& 0(
#2103250 0*
#2104250 1*
#2104500 1)
#2104750 0# 0$
#2104875 1" 1%
#2105625 0)
#2105875 1! 1# 1$
#2106125 0*
#2107125 1*
#2107250 1)
#2107625 0& 0'
#2108375 0) 0-
#2108500 00
#2108625 0! 0" 0# 0% 1& 1' 1(
#2108875 0*
#2109875 1*
#2110500 1!
#2110750 0*
#2111750 1*
#2112375 0!
#2112500 1"
#2112625 0*
#2113625 1*
#2114250 1!
#2114500 0*
#2115500 1* 10
#2116750 1) 1-
#2117000 0! 1# 0$ 1% 0&
#2117750 0)
#2118000 0" 0# 1& 0(
#2118250 0*
#2119250 1*
#2119500 1)
#2119875 1" 1( 0,
#2120625 0)
#2120875 1! 0" 1$ 0'
#2121125 0+
#2122125 1+
#2122375 1)
#2122625 1" 1# 0& 0(
#2122750 1,
#2123375 0) 0-
#2123625 0! 0" 0% 1(
#2123750 1& 1'
#2123875 0*
#2125000 1*
#2125500 1!
#2125750 0*
#2126875 1*
#2127375 0!
#2127500 1"
#2127625 0*
#2128750 1*
#2129375 1!
#2129500 0*
#2130625 1*
#2131750 1) 1-
#2132000 0! 0$ 1% 0&
#2132875 0)
#2133000 0" 0(
#2133125 1&
#2133250 0*
#2134375 1*
#2134500 1)
#2134750 0% 0&
#2134875 1! 1" 1$
#2135625 0)
#2135875 0! 0" 0$
#2136125 0+
#2137125 1+
#2137375 1)
#2137625 1! 1" 1$ 0'
#2137750 1%
#2138375 0-
#2138500 0)
#2138625 0! 0" 0# 0$
#2138750 1& 1' 1(
#2139000 0*
#2140000 1*
#2140625 1!
#2140875 0*
#2141875 1*
#2142375 0!
#2142500 1"
#2142750 0*
#2143750 1*
#2144375 1!
#2144625 0*
#2145625 1*
#2146750 1) 1-
#2147000 0! 0&
#2147125 1#
#2147875 0)
#2148000 0" 0# 0(
#2148125 1$ 1&
#2148375 0*
#2149375 1*
#2149500 1)
#2149750 0$
#2149875 1" 1(
#2150000 0,
#2150625 0)
#2150875 1$ 0'
#2151125 0+
#2152125 1+
#2152375 1)
#2152625 1! 0& 0(
#2152750 1# 1,
#2153500 0) 0-
#2153625 0! 0" 0$
#2153750 1& 1' 1(
#2154000 0*
#2155000 1*
#2155625 1!
#2155875 0*
#2156875 1*
#2157375 0!
#2157500 1"
#2157750 0*
#2158750 1*
#2159375 1!
#2159625 0*
#2160625 1*
#2161750 1) 1-
#2162000 0! 0&
#2162875 0)
#2163000 0(
#2163125 0" 1$ 1&
#2163375 0*
#2164375 1*
#2164625 1)
#2164875 1! 1" 0# 0$
#2165625 0)
#2166000 1# 1$
#2166250 0+
#2167250 1+
#2167375 1)
#2167625 0& 0'
#2168500 0) 0-
#2168625 0!
#2168750 0" 0# 1& 1' 1(
#2169000 0*
#2170000 1*
#2170625 1!
#2170875 0*
#2171875 1*
#2172375 0!
#2172500 1"
#2172750 0*
#2173750 1*
#2174375 1!
#2174625 0*
#2175625 1*
#2176750 1)
#2176875 1-
#2177125 1#
#2177875 0)
#2178375 0+
#2179375 1+
#2179625 1)
#2179875 0! 0# 0$
#2180000 0,
#2180625 0)
#2180875 0'
#2181000 1! 1$
#2181250 0+
#2182250 1+
#2182375 1)
#2182625 0& 0(
#2182750 1# 1,
#2183500 0) 0-
#2183625 0!
#2183750 0" 1& 1' 1(
#2184000 0*
#2185000 1*
#2185625 1!
#2185875 0*
#2186875 1*
#2187375 0!
#2187500 1"
#2187750 0*
#2188750 1*
#2189375 1!
#2189625 0*
#2190625 1*
#2191750 1)
#2191875 1-
#2192000 0! 0$ 0&
#2192875 0)
#2193125 0" 0# 0(
#2193375 0*
#2194375 1*
#2195000 1!
#2195250 0*
#2196250 1*
#2196875 0! 1"
#2197125 0*
#2197875 1)
#2198125 1*
#2198250 1# 1(
#2199000 0)
#2199125 0(
#2199250 0"
#2199500 0*
#2200500 1*
#2201125 1!
#2201375 0*
#2202375 1*
#2202875 0!
#2203000 1"
#2203250 0*
#2204000 1)
#2204250 0# 1( 1*
#2204375 1& 0,
#2205125 0)
#2205250 0" 0'
#2205375 1# 1$
#2205625 0+
#2206625 1+
#2206750 1)
#2207000 0# 0&
#2207125 1" 1'
#2207250 1,
#2207875 0)
#2208125 1! 1# 0% 0'
#2208375 0*
#2209375 1*
#2210000 1%
#2210250 0*
#2211250 1*
#2211500 1)
#2211750 0" 0$ 1'
#2211875 00
#2212625 0)
#2212750 0% 0(
#2212875 1" 1$
#2213125 0*
#2214125 1*
#2214250 1)
#2214500 0! 0#
#2214625 1% 1(
#2215375 0)
#2215625 1! 1# 0% 1& 0'
#2215875 0*
#2216875 1*
#2217500 1%
#2217750 0*
#2218750 1*
#2218875 10
#2219000 1)
#2219250 0" 0$ 0& 1'
#2220125 0)
#2220250 0(
#2220375 1" 1$
#2220625 0*
#2221625 1*
#2221750 1)
#2222000 0! 0$
#2222125 1(
#2222875 0)
#2223125 0" 0# 1$ 0(
#2223375 0*
#2224375 1*
#2225000 1!
#2225250 0*
#2226250 1*
#2226875 0! 1"
#2227125 0*
#2227875 1)
#2228125 0$ 1*
#2228250 1# 1(
#2229000 0)
#2229125 0(
#2229250 0" 1$
#2229500 0*
#2230500 1*
#2231125 1!
#2231375 0*
#2232375 1*
#2232875 0!
#2233000 1"
#2233250 0*
#2234500 1)
#2234750 1*
#2235125 0%
#2235250 1!
#2236000 0)
#2236250 0" 0$
#2236500 0+
#2237500 1+
#2238250 1)
#2238375 0!
#2238500 1" 0# 1$ 1% 1(
#2239250 0)
#2240000 1! 1# 0%
#2240250 0*
#2241250 1*
#2241875 1%
#2242125 0*
#2243125 1*
#2243375 1)
#2243625 0" 0$
#2244500 0)
#2244625 0% 0(
#2244750 1" 1$ 1&
#2245000 0*
#2246000 1*
#2246125 1)
#2246375 0! 0# 0&
#2246500 1% 1(
#2247250 0)
#2247500 1! 1# 0% 1&
#2247750 0*
#2248750 1*
#2249375 1%
#2249625 0*
#2250625 1*
#2250875 1)
#2251125 0" 0$ 0&
#2252000 0)
#2252125 0(
#2252250 1" 1$ 1&
#2252500 0*
#2253500 1*
#2253625 1)
#2253875 0! 0$ 0&
#2254000 1(
#2254750 0)
#2255000 0" 0# 0% 0' 0(
#2255250 0*
#2256250 1*
#2256875 1!
#2257125 0*
#2258125 1*
#2258625 0!
#2258750 1"
#2259000 0*
#2259750 1)
#2260000 1*
#2260125 1# 1% 1' 1(
#2260875 0)
#2261000 0# 0% 0' 0(
#2261125 0"
#2261375 0*
#2262375 1*
#2263000 1!
#2263250 0*
#2264250 1*
#2264750 0!
#2264875 1"
#2265125 0*
#2265875 1)
#2266125 1% 1& 1' 1( 1*
#2266250 0,
#2267000 0)
#2267125 0" 0'
#2267250 1! 1# 1$
#2267500 0+
#2268500 1+
#2268625 1)
#2268875 0! 0# 0&
#2269000 1' 1,
#2269750 0)
#2269875 0'
#2270000 1! 1" 1# 0% 0(
#2270250 0*
#2271250 1*
#2271875 1%
#2272125 0*
#2273125 1*
#2273375 1)
#2273625 0! 0" 0$ 1' 1(
#2274375 0)
#2274625 1! 0% 0' 0(
#2274750 1" 1$
#2274875 0*
#2275875 1*
#2276125 1)
#2276375 0! 0" 0#
#2276500 1% 1' 1(
#2277250 0)
#2277375 0' 0(
#2277500 1! 1" 1# 0%
#2277750 0*
#2278750 1*
#2279375 1%
#2279625 0*
#2280625 1*
#2280875 1)
#2281000 0!
#2281125 0" 0$ 1' 1(
#2281875 0)
#2282125 1! 1" 0% 0' 0(
#2282250 1$
#2282375 0*
#2283375 1*
#2283625 1)
#2283875 0! 0$
#2284000 1% 1' 1(
#2284750 0)
#2284875 0% 0' 0(
#2285000 0" 0#
#2285250 0*
#2286250 1*
#2286875 1!
#2287125 0*
#2288125 1*
#2288625 0!
#2288750 1"
#2289000 0*
#2289750 1)
#2290000 1*
#2290125 1# 1% 1' 1(
#2290875 0)
#2291000 0" 0# 0% 0' 0(
#2291250 0*
#2292375 1*
#2293000 1!
#2293125 0*
#2294250 1*
#2294750 0!
#2294875 1"
#2295000 0*
#2295875 1)
#2296000 1*
#2296125 1% 1& 1' 1(
#2296250 0,
#2296875 0)
#2297125 1# 1$ 0'
#2297375 0+
#2298375 1+
#2298625 1)
#2298875 0" 0# 0& 1'
#2299000 1,
#2299750 0)
#2299875 0% 0' 0(
#2300000 1! 1" 1#
#2300250 0*
#2301250 1*
#2301875 1%
#2302125 0*
#2303125 1*
#2303250 1)
#2303500 0! 0"
#2303625 0$ 1' 1(
#2304375 0)
#2304625 1! 1" 1$ 0% 0' 0(
#2304875 0*
#2305875 1*
#2306125 1)
#2306375 0! 0" 0# 1' 1(
#2306500 1%
#2307250 0)
#2307375 0% 0' 0(
#2307500 1! 1" 1#
#2307750 0*
#2308750 1*
#2309375 1%
#2309625 0*
#2310625 1*
#2310750 1)
#2311000 0! 0" 0$
#2311125 1' 1(
#2311875 0)
#2312125 1! 1" 1$ 0% 0' 0(
#2312375 0*
#2313375 1*
#2313625 1)
#2315375 00
#2322250 10
#2328875 0! 0# 0$ 1% 1& 1' 1(
#2329000 0,
#2329750 0)
#2329875 0'
#2330000 1! 1# 1$
#2330250 0+
#2331250 1+
#2331375 1)
#2332625 1'
#2332750 1,
#2333500 0)
#2335125 1)
#2338250 0! 0$ 0&
#2339000 0)
#2339250 0" 0# 0% 0' 0(
#2339500 0*
#2340500 1*
#2340750 1)
#2341125 1! 1" 1# 1$ 1'
#2341875 0)
#2342000 0!
#2342125 0$
#2342375 0+
#2343375 1+
#2343625 1)
#2343875 1! 1$ 1% 1& 1(
#2344625 0)
#2345125 0+
#2346250 1+
#2347000 0+
#2348125 1+
#2348875 0+
#2350000 1+
#2350750 0+
#2351875 1+
#2353000 1)
#2353250 0! 0$ 0&
#2354000 0)
#2354250 0" 0% 0' 0(
#2354500 0*
#2355500 1*
#2355750 1)
#2356000 0#
#2356125 1" 1% 1& 1' 1( 0,
#2356875 0)
#2357000 0" 0% 0&
#2357375 0+
#2358375 1+
#2358500 1)
#2358750 0' 0(
#2358875 1&
#2359000 1,
#2359625 0) 0-
#2359875 0&
#2360125 0*
#2361125 1*
#2361750 1!
#2362000 0*
#2363000 1*
#2363625 0! 1"
#2363875 0*
#2364875 1*
#2365500 1!
#2365750 0*
#2366750 1*
#2367875 1)
#2368000 1-
#2368125 0!
#2368250 1# 1% 1' 1(
#2369000 0)
#2369250 0" 0# 1$ 0% 0' 0(
#2369500 0*
#2370500 1*
#2370750 1)
#2371125 1! 1" 1# 1% 1& 1' 1(
#2371875 0)
#2373500 1)
#2373875 0! 0" 0# 0$ 0% 0' 0(
#2374625 0) 0-
#2374875 1# 0&
#2375125 0*
#2376125 1*
#2376750 1!
#2377000 0*
#2378000 1*
#2378625 0! 1"
#2378875 0*
#2379875 1*
#2380500 1!
#2380750 0*
#2381750 1*
#2382875 1)
#2383000 1-
#2383125 0!
#2383250 1% 1' 1(
#2384000 0)
#2384250 0" 1$ 0% 0' 0(
#2384500 0*
#2385500 1*
#2385750 1)
#2386000 0$ 1& 1'
#2386125 1%
#2386875 0)
#2387125 1! 1" 1$
#2387375 0*
#2388375 1*
#2388500 1)
#2388750 0! 0" 0# 0$ 0% 0'
#2389625 0) 0-
#2389875 1$ 0&
#2390125 0*
#2391125 1*
#2391750 1!
#2392000 0*
#2393000 1*
#2393625 0! 1"
#2393875 0*
#2394875 1*
#2395500 1!
#2395750 0*
#2396750 1*
#2397875 1)
#2398000 1-
#2398125 0! 0$
#2398250 1# 1% 1' 1(
#2399000 0)
#2399250 0" 0# 0' 0(
#2399500 0*
#2400500 1*
#2400750 1)
#2401000 1& 1' 1(
#2401125 1" 0,
#2401875 0)
#2402000 0" 0% 0&
#2402125 1!
#2402375 0+
#2403375 1+
#2403500 1)
#2403750 0! 0' 0(
#2403875 1& 1,
#2404625 0) 0-
#2404875 1# 1$ 0&
#2405125 0*
#2406125 1*
#2406750 1!
#2407000 0*
#2408000 1*
#2408625 0! 1"
#2408875 0*
#2409875 1*
#2410500 1!
#2410750 0*
#2411750 1*
#2412875 1)
#2413000 1-
#2413125 0! 0$
#2413250 1% 1' 1(
#2414000 0)
#2414250 0" 0' 0(
#2414500 0*
#2415500 1*
#2415750 1)
#2416000 1' 1(
#2416125 1! 1" 1$ 1&
#2416875 0)
#2418500 1)
#2418750 0$ 00
#2418875 0! 0" 0# 0% 0' 0(
#2419625 0) 0-
#2419875 1% 0&
#2420125 0*
#2421125 1*
#2421750 1!
#2422000 0*
#2423000 1*
#2423625 0! 1"
#2423875 0*
#2424875 1*
#2425500 1!
#2425750 0* 10
#2426750 1*
#2427875 1)
#2428000 1-
#2428125 0!
#2428250 1# 1' 1(
#2429000 0)
#2429250 0" 0# 1$ 0' 0(
#2429500 0*
#2430500 1*
#2430750 1)
#2431000 0$ 1& 1' 1(
#2431125 1" 0,
#2431875 0)
#2432000 0% 0&
#2432375 0+
#2433375 1+
#2433500 1)
#2433750 0" 0' 0(
#2433875 1& 1,
#2434625 0) 0-
#2434875 1# 1% 0&
#2435125 0*
#2436125 1*
#2436750 1!
#2437000 0*
#2438000 1*
#2438625 0! 1"
#2438875 0*
#2439875 1*
#2440500 1!
#2440750 0*
#2441750 1*
#2442875 1)
#2443000 1-
#2443125 0!
#2443250 1' 1(
#2444000 0)
#2444250 0" 1$ 0' 0(
#2444500 0*
#2445500 1*
#2445750 1)
#2446000 1! 0$ 1'
#2446125 1&
#2446875 0)
#2447125 1" 1$
#2447375 0+
#2448375 1+
#2448500 1)
#2448750 0" 0$
#2448875 0! 0# 0% 0'
#2449625 0) 0-
#2449875 1$ 1% 0&
#2450125 0*
#2451125 1*
#2451750 1!
#2452000 0*
#2453000 1*
#2453625 0! 1"
#2453875 0*
#2454875 1*
#2455500 1!
#2455750 0*
#2456750 1*
#2457875 1)
#2458000 1-
#2458125 0!
#2458250 1# 0$ 1' 1(
#2459000 0)
#2459250 0" 0# 0% 1& 0' 0(
#2459500 0*
#2460500 1*
#2460750 1)
#2461000 0&
#2461125 1! 1" 1# 1$ 1'
#2461875 0)
#2462000 0$
#2462375 0+
#2463375 1+
#2463500 1)
#2463750 0! 0" 0#
#2463875 1& 0'
#2464625 0) 0-
#2464875 1# 0&
#2465000 1$ 1%
#2465125 0*
#2466125 1*
#2466750 1!
#2467000 0*
#2468000 1*
#2468625 0! 1"
#2468875 0*
#2469875 1*
#2470500 1!
#2470750 0*
#2471750 1*
#2473000 1) 1-
#2473125 0!
#2473250 0$ 1' 1(
#2474000 0)
#2474250 0" 0% 0' 0(
#2474375 1&
#2474500 0*
#2475500 1*
#2475750 1)
#2476000 0#
#2476125 1" 1% 1' 1( 0,
#2476875 0)
#2477000 0%
#2477125 1! 0&
#2477375 0+
#2478375 1+
#2478625 1)
#2478750 0!
#2478875 0" 1& 0' 0(
#2479000 1,
#2479625 0) 0-
#2480125 0*
#2481125 1*
#2481750 1!
#2482000 0*
#2483000 1*
#2483625 0!
#2483750 1"
#2483875 0*
#2484875 1*
#2485500 1!
#2485750 0*
#2486875 1*
#2488000 1) 1-
#2488250 0! 1# 1% 0& 1' 1(
#2489125 0)
#2489250 0" 0# 0% 0' 0(
#2489375 1$ 1&
#2489500 0*
#2490625 1*
#2490750 1)
#2491125 1! 1" 1# 1% 1' 1(
#2491875 0)
#2493625 1)
#2493875 0! 0" 0# 0$ 0% 0' 0(
#2494625 0-
#2494750 0)
#2495000 1#
#2495125 0*
#2496250 1*
#2496875 1!
#2497125 0*
#2498125 1*
#2498625 0!
#2498750 1"
#2499000 0*
#2500000 1*
#2500625 1!
#2500875 0*
#2501875 1*
#2503000 1) 1-
#2503250 0! 0& 1' 1(
#2503375 1%
#2504125 0)
#2504250 0" 0% 0' 0(
#2504375 1$ 1&
#2504625 0*
#2505625 1*
#2505750 1)
#2506000 0$
#2506125 1" 1% 1'
#2506875 0)
#2507125 1! 1$
#2507375 0*
#2508375 1*
#2508625 1)
#2508875 0! 0" 0# 0$ 0% 0'
#2509625 0-
#2509750 0)
#2510000 1$
#2510250 0*
#2511250 1*
#2511875 1!
#2512125 0*
#2513125 1*
#2513625 0!
#2513750 1"
#2514000 0*
#2515000 1*
#2515625 1!
#2515875 0*
#2516875 1*
#2518000 1) 1-
#2518250 0! 0$ 0& 1(
#2518375 1# 1% 1'
#2519125 0)
#2519250 0# 0' 0(
#2519375 0" 1&
#2519625 0*
#2520625 1*
#2520875 1)
#2521125 1" 1' 1(
#2521250 0,
#2521875 0)
#2522125 0" 1# 0% 0& 00
#2522375 0+
#2523500 1+
#2523625 1)
#2523875 0# 0' 0(
#2524000 1& 1,
#2524750 0) 0-
#2525000 1# 1$
#2525250 0*
#2526250 1*
#2526875 1!
#2527125 0*
#2528125 1*
#2528625 0!
#2528750 1"
#2529000 0*
#2529125 10
#2530000 1*
#2530625 1!
#2530875 0*
#2531875 1*
#2533000 1)
#2533125 1-
#2533250 0! 0$ 0&
#2533375 1% 1' 1(
#2534125 0)
#2534250 0(
#2534375 0" 1& 0'
#2534625 0*
#2535625 1*
#2535875 1)
#2536125 1! 1" 1' 1(
#2536250 1$
#2537000 0)
#2538625 1)
#2538875 0" 0# 0$ 0'
#2539000 0! 0% 0(
#2539750 0) 0-
#2540000 1%
#2540250 0*
#2541250 1*
#2541875 1!
#2542125 0*
#2543125 1*
#2543750 0! 1"
#2544000 0*
#2545000 1*
#2545625 1!
#2545875 0*
#2546875 1*
#2548000 1)
#2548125 1-
#2548250 0! 0&
#2548375 1# 1' 1(
#2549125 0)
#2549375 0" 0# 1$ 1& 0' 0(
#2549625 0*
#2550625 1*
#2550875 1)
#2551125 0% 0&
#2551250 1! 1" 1# 1'
#2552000 0)
#2552125 0! 0" 0#
#2552500 0+
#2553500 1+
#2553625 1)
#2553875 0$ 0'
#2554000 1&
#2554750 0) 0-
#2555125 1# 1%
#2555250 0*
#2556250 1*
#2556875 1!
#2557125 0*
#2558125 1*
#2558750 0! 1"
#2559000 0*
#2560000 1*
#2560625 1!
#2560875 0*
#2561875 1*
#2563125 1) 1-
#2563250 0!
#2563375 0& 1' 1(
#2564125 0)
#2564375 0" 1& 0' 0(
#2564500 1$
#2564625 0*
#2565625 1*
#2565875 1)
#2566125 0$
#2566250 1! 1" 1'
#2567000 0)
#2567250 1$
#2567500 0+
#2568500 1+
#2568750 1)
#2569000 0! 0" 0# 0$ 0% 0'
#2569750 0) 0-
#2570125 1$ 1%
#2570250 0*
#2571250 1*
#2571875 1!
#2572125 0*
#2573250 1*
#2573750 0!
#2573875 1"
#2574000 0*
#2575125 1*
#2575625 1!
#2575875 0*
#2577000 1*
#2578125 1) 1-
#2578375 0! 1# 0$ 0& 1' 1(
#2579250 0)
#2579375 0" 0# 0% 0(
#2579625 0*
#2580750 1*
#2580875 1)
#2581250 1" 1% 1& 1( 0,
#2582000 0)
#2582250 1! 0" 1# 0% 0&
#2582500 0+
#2583500 1+
#2583750 1)
#2584000 0! 0# 1& 0' 0(
#2584125 1,
#2584750 0-
#2584875 0)
#2585125 1# 1$ 1%
#2585375 0*
#2586375 1*
#2587000 1!
#2587250 0*
#2588250 1*
#2588750 0!
#2588875 1"
#2589125 0*
#2590125 1*
#2590750 1!
#2591000 0*
#2592000 1*
#2593125 1) 1-
#2593375 0! 0$ 0& 1' 1(
#2594250 0)
#2594375 0" 0% 0(
#2594750 0*
#2595750 1*
#2595875 1)
#2596250 1! 1" 1$ 1% 1& 1(
#2597000 0)
#2598750 1)
#2599000 0! 0" 0# 0$ 0% 0' 0(
#2599750 0-
#2599875 0)
#2600000 0&
#2600125 1'
#2600375 0*
#2601375 1*
#2602000 1!
#2602250 0*
#2603250 1*
#2603750 0!
#2603875 1"
#2604125 0*
#2605125 1*
#2605750 1!
#2606000 0*
#2607000 1*
#2608125 1) 1-
#2608375 0! 1(
#2608500 1# 1%
#2609250 0)
#2609375 0# 0% 0(
#2609500 0" 1$
#2609750 0*
#2610750 1*
#2611000 1)
#2611125 0$
#2611250 1" 1% 1& 1(
#2611375 0,
#2612000 0)
#2612250 0% 0&
#2612375 1#
#2612500 0+
#2613625 1+
#2613750 1)
#2614000 0" 0# 0' 0(
#2614125 1& 1,
#2614875 0) 0-
#2615000 0&
#2615125 1# 1'
#2615375 0*
#2616375 1*
#2617000 1!
#2617250 0*
#2618250 1*
#2618750 0!
#2618875 1"
#2619125 0*
#2620125 1*
#2620750 1!
#2621000 0*
#2622000 1*
#2623125 1) 1-
#2623375 0!
#2623500 1% 1(
#2624250 0)
#2624375 0(
#2624500 0" 1$ 0%
#2624750 0*
#2625625 00
#2625750 1*
#2626000 1)
#2626250 0# 1% 1&
#2627000 0)
#2627375 1! 1" 1#
#2627500 0*
#2628500 1*
#2628750 1)
#2629000 0! 0" 0# 0$ 0% 0'
#2629875 0) 0-
#2630000 0&
#2630125 1$ 1'
#2630375 0*
#2631375 1*
#2632000 1!
#2632250 0*
#2632500 10
#2633250 1*
#2633750 0!
#2633875 1"
#2634125 0*
#2635125 1*
#2635750 1!
#2636000 0*
#2637000 1*
#2638125 1)
#2638250 1-
#2638375 0! 0$
#2638500 1# 1% 1(
#2639250 0)
#2639375 0(
#2639500 0" 0#
#2639750 0*
#2640750 1*
#2641000 1)
#2641250 1" 1& 1(
#2641375 0,
#2642000 0)
#2642250 0% 0&
#2642375 1! 1#
#2642625 0+
#2643625 1+
#2643750 1)
#2644000 0! 0" 0# 0' 0(
#2644125 1& 1,
#2644875 0) 0-
#2645000 0&
#2645125 1# 1$ 1'
#2645375 0*
#2646375 1*
#2647000 1!
#2647250 0*
#2648250 1*
#2648750 0!
#2648875 1"
#2649125 0*
#2650125 1*
#2650750 1!
#2651000 0*
#2652000 1*
#2653125 1)
#2653250 1-
#2653375 0! 0$
#2653500 1% 1(
#2654250 0)
#2654375 0(
#2654500 0"
#2654750 0*
#2655750 1*
#2656000 1)
#2656250 1! 1" 1$ 0%
#2657000 0)
#2657250 0" 0#
#2657625 0+
#2658625 1+
#2658750 1)
#2659000 0! 0$ 0'
#2659125 1&
#2659875 0) 0-
#2660000 0&
#2660125 1% 1'
#2660375 0*
#2661375 1*
#2662000 1!
#2662250 0*
#2663250 1*
#2663750 0!
#2663875 1"
#2664125 0*
#2665125 1*
#2665750 1!
#2666000 0*
#2667000 1*
#2668125 1)
#2668250 1-
#2668375 0!
#2668500 1# 1(
#2669250 0)
#2669375 0(
#2669500 0" 0# 1$
#2669750 0*
#2670750 1*
#2671000 1)
#2671250 1" 0$ 1& 1(
#2671375 0,
#2672000 0)
#2672250 0" 0% 0&
#2672375 1$
#2672500 0+
#2673625 1+
#2673750 1)
#2674000 0$ 0' 0(
#2674125 1& 1,
#2674875 0) 0-
#2675000 0&
#2675125 1# 1% 1'
#2675375 0*
#2676375 1*
#2677000 1!
#2677250 0*
#2678250 1*
#2678750 0!
#2678875 1"
#2679125 0*
#2680125 1*
#2680750 1!
#2681000 0*
#2682000 1*
#2683125 1) 1-
#2683375 0!
#2683500 1(
#2684250 0)
#2684375 0(
#2684500 0" 1$
#2684750 0*
#2685750 1*
#2686000 1)
#2686250 1! 0# 1&
#2687000 0)
#2687375 1" 1#
#2687500 0+
#2688625 1+
#2688750 1)
#2689000 0! 0" 0# 0$ 0% 0'
#2689875 0) 0-
#2690000 0&
#2690125 1$ 1% 1'
#2690375 0*
#2691375 1*
#2692000 1!
#2692250 0*
#2693250 1*
#2693750 0!
#2693875 1"
#2694125 0*
#2695125 1*
#2695750 1!
#2696000 0*
#2697000 1*
#2698125 1) 1-
#2698375 0! 0$ 1(
#2698500 1#
#2699250 0)
#2699375 0" 0# 0(
#2699500 0% 1&
#2699750 0*
#2700750 1*
#2700875 1)
#2701250 1" 1% 1(
#2701375 0,
#2702000 0)
#2702250 1! 0" 0% 0&
#2702375 1$
#2702500 0+
#2703500 1+
#2703750 1)
#2704000 0! 0$ 1& 0' 0(
#2704125 1,
#2704750 0-
#2704875 0)
#2705000 0&
#2705125 1# 1$ 1% 1'
#2705375 0*
#2706375 1*
#2707000 1!
#2707250 0*
#2708250 1*
#2708750 0!
#2708875 1"
#2709125 0*
#2710125 1*
#2710750 1!
#2711000 0*
#2712000 1*
#2713125 1) 1-
#2713375 0! 0$ 1(
#2714250 0)
#2714375 0" 0% 0(
#2714500 1&
#2714750 0*
#2715750 1*
#2715875 1)
#2716250 1! 1" 1$ 1% 1(
#2717000 0)
#2718750 1)
#2719000 0! 0" 0# 0$ 0% 0' 0(
#2719750 0-
#2719875 0)
#2720125 1'
#2720375 0*
#2721375 1*
#2722000 1!
#2722250 0*
#2723250 1*
#2723750 0!
#2723875 1"
#2724125 0*
#2725125 1*
#2725750 1!
#2726000 0*
#2727000 1*
#2728125 1) 1-
#2728375 0! 1# 1% 0& 1(
#2729000 00
#2729250 0)
#2729375 0" 0# 0% 0(
#2729500 1$ 1&
#2729625 0*
#2730750 1*
#2730875 1)
#2731125 0$
#2731250 1" 1% 1( 0,
#2732000 0)
#2732250 1$ 0% 0&
#2732500 0+
#2733500 1+
#2733750 1)
#2734000 0" 0$ 1& 0' 0(
#2734125 1,
#2734750 0) 0-
#2735125 1# 1'
#2735375 0*
#2736000 10
#2736375 1*
#2737000 1!
#2737125 0*
#2738250 1*
#2738750 0!
#2738875 1"
#2739000 0*
#2740125 1*
#2740625 1!
#2740875 0*
#2742000 1*
#2743125 1) 1-
#2743375 0! 1% 0& 1(
#2744125 0)
#2744375 0" 0% 0(
#2744500 1$ 1&
#2744625 0*
#2745625 1*
#2745875 1)
#2746125 0#
#2746250 1" 1%
#2747000 0)
#2747250 1! 1#
#2747500 0*
#2748500 1*
#2748750 1)
#2749000 0! 0" 0# 0$ 0% 0'
#2749750 0) 0-
#2750125 1$ 1'
#2750250 0*
#2751250 1*
#2751875 1!
#2752125 0*
#2753125 1*
#2753750 0!
#2753875 1"
#2754000 0*
#2755000 1*
#2755625 1!
#2755875 0*
#2756875 1*
#2758125 1) 1-
#2758250 0!
#2758375 1# 0$ 1% 0& 1(
#2759125 0)
#2759375 0" 0# 1& 0(
#2759625 0*
#2760625 1*
#2760875 1)
#2761125 0% 0&
#2761250 1! 1" 1# 1$
#2762000 0)
#2762125 0! 0#
#2762500 0+
#2763500 1+
#2763625 1)
#2764000 0" 0$ 1& 0'
#2764750 0) 0-
#2765000 1$ 1'
#2765125 1#
#2765250 0*
#2766250 1*
#2766875 1!
#2767125 0*
#2768125 1*
#2768750 0! 1"
#2769000 0*
#2770000 1*
#2770625 1!
#2770875 0*
#2771875 1*
#2773000 1)
#2773125 1-
#2773250 0!
#2773375 0$ 1% 0& 1(
#2774125 0)
#2774375 0" 1& 0(
#2774625 0*
#2775625 1*
#2775875 1)
#2776125 0# 1(
#2776250 1" 0,
#2777000 0)
#2777125 0% 0&
#2777250 1! 1$
#2777500 0+
#2778500 1+
#2778625 1)
#2778875 0! 0" 0$ 0' 0(
#2779000 1&
#2779125 1,
#2779750 0) 0-
#2780000 1% 1'
#2780250 0*
#2781250 1*
#2781875 1!
#2782125 0*
#2783125 1*
#2783750 0! 1"
#2784000 0*
#2785000 1*
#2785625 1!
#2785875 0*
#2786875 1*
#2788000 1)
#2788125 1-
#2788250 0! 0&
#2788375 1# 1(
#2789125 0)
#2789375 0" 0# 1$ 1& 0(
#2789625 0*
#2790625 1*
#2790875 1)
#2791125 1! 1" 1# 1(
#2792000 0)
#2793625 1)
#2793875 0" 0# 0$ 0%
#2794000 0! 0' 0(
#2794750 0) 0-
#2795000 1# 1% 1'
#2795250 0*
#2796250 1*
#2796875 1!
#2797125 0*
#2798125 1*
#2798625 0!
#2798750 1"
#2799000 0*
#2800000 1*
#2800625 1!
#2800875 0*
#2801875 1*
#2803000 1)
#2803125 1-
#2803250 0! 0&
#2803375 1(
#2804125 0)
#2804250 0(
#2804375 0" 1$ 1&
#2804625 0*
#2805625 1*
#2805875 1)
#2806125 1! 1" 0#
#2806875 0)
#2807250 1#
#2807500 0+
#2808500 1+
#2808625 1)
#2808875 0! 0" 0# 0$ 0% 0'
#2809750 0) 0-
#2810000 1$ 1% 1'
#2810250 0*
#2811250 1*
#2811875 1!
#2812125 0*
#2813125 1*
#2813625 0!
#2813750 1"
#2814000 0*
#2815000 1*
#2815625 1!
#2815875 0*
#2816875 1*
#2818000 1)
#2818125 1-
#2818375 1# 1(
#2819125 0)
#2819625 0+
#2820625 1+
#2820875 1)
#2821125 0! 0# 0$
#2821250 0,
#2821875 0)
#2822125 0" 0% 0&
#2822250 1# 1$
#2822375 0+
#2823500 1+
#2823625 1)
#2823875 0# 0$ 0' 0(
#2824000 1& 1,
#2824750 0) 0-
#2825000 1# 1$ 1% 1'
#2825250 0*
#2826250 1*
#2826875 1!
#2827125 0*
#2828125 1*
#2828625 0!
#2828750 1"
#2829000 0*
#2830000 1*
#2830625 1!
#2830875 0*
#2831875 1*
#2832375 00
#2833000 1)
#2833125 1-
#2833250 0! 0$ 0& 1(
#2834125 0)
#2834250 0(
#2834375 0" 0# 0% 1&
#2834625 0*
#2835625 1*
#2836250 1!
#2836500 0*
#2837500 1*
#2838000 0!
#2838125 1"
#2838375 0*
#2839125 1)
#2839375 0& 1* 10
#2839500 1# 1% 1(
#2840250 0)
#2840375 0" 0% 0(
#2840500 1&
#2840750 0*
#2841750 1*
#2842375 1!
#2842625 0*
#2843625 1*
#2844125 0!
#2844250 1"
#2844500 0*
#2845250 1)
#2845500 0# 1% 1( 1*
#2845625 0,
#2846250 0)
#2846500 0" 0% 0&
#2846625 1! 1# 1$
#2846750 0+
#2847875 1+
#2848000 1)
#2848250 0#
#2848375 1" 1% 1,
#2849125 0)
#2849375 0! 0" 0$ 0% 0' 0(
#2849625 0*
#2850625 1*
#2851250 1%
#2851500 0*
#2852500 1*
#2852750 1)
#2853000 1! 1# 1' 1(
#2853750 0)
#2854000 0! 0# 0% 0'
#2854250 0*
#2855250 1*
#2855500 1)
#2855875 1! 1" 1$ 1% 1'
#2856625 0)
#2856750 0!
#2856875 0" 0$ 0% 1& 0' 0(
#2857125 0*
#2858125 1*
#2858750 1%
#2859000 0*
#2860000 1*
#2860250 1)
#2860500 1! 1# 0& 1' 1(
#2861250 0)
#2861500 0! 0# 0'
#2861750 0*
#2862750 1*
#2863000 1)
#2863375 1" 1# 1'
#2864125 0)
#2864250 0" 0#
#2864375 1$ 0% 1& 0(
#2864625 0*
#2865625 1*
#2866250 1!
#2866500 0*
#2867500 1*
#2868000 0!
#2868125 1"
#2868375 0*
#2869125 1)
#2869375 0$ 0& 1*
#2869500 1# 1% 1(
#2870250 0)
#2870375 0" 0% 0(
#2870500 1$ 1&
#2870750 0*
#2871750 1*
#2872375 1!
#2872625 0*
#2873625 1*
#2874125 0!
#2874250 1"
#2874500 0*
#2875625 1)
#2875875 1*
#2876375 0&
#2876500 1!
#2877250 0)
#2877500 0#
#2877750 0+
#2878750 1+
#2879375 1)
#2879750 1% 1(
#2880500 0)
#2881250 0! 0" 0$ 0% 0(
#2881500 0*
#2882500 1*
#2883125 1%
#2883375 0*
#2884375 1*
#2884625 1)
#2884875 1! 1(
#2885000 1#
#2885750 0)
#2885875 0! 0# 0% 0'
#2886000 1&
#2886125 0*
#2887250 1*
#2887375 1)
#2887625 0&
#2887750 1! 1" 1$ 1% 1'
#2888500 0)
#2888750 0! 0" 0$ 0% 1& 0(
#2889000 0*
#2890000 1*
#2890625 1%
#2890875 0*
#2891875 1*
#2892125 1)
#2892375 1! 0& 1(
#2892500 1#
#2893250 0)
#2893375 0! 0# 0'
#2893500 1&
#2893625 0*
#2894750 1*
#2894875 1)
#2895125 0&
#2895250 1" 1# 1'
#2896000 0)
#2896250 0" 0# 1& 0(
#2896500 0*
#2897500 1*
#2898125 1!
#2898375 0*
#2899375 1*
#2900000 0! 1"
#2900250 0*
#2901000 1)
#2901250 0& 1*
#2901375 1# 1(
#2902125 0)
#2902250 0(
#2902375 0" 1&
#2902625 0*
#2903625 1*
#2904250 1!
#2904500 0*
#2905500 1*
#2906000 0!
#2906125 1"
#2906375 0*
#2907125 1)
#2907375 0# 1( 1*
#2907500 0,
#2908250 0)
#2908375 0% 0&
#2908500 1# 1$
#2908750 0+
#2909750 1+
#2909875 1)
#2910125 0#
#2910250 1! 1%
#2910375 1,
#2911000 0)
#2911250 0! 0" 0$ 0% 0'
#2911500 0*
#2912500 1*
#2913125 1%
#2913375 0*
#2914375 1*
#2914625 1)
#2915000 1! 1# 1'
#2915750 0)
#2915875 0! 0# 0%
#2916250 0*
#2917250 1*
#2917375 1)
#2917750 1! 1" 1$ 1%
#2918500 0)
#2918750 0! 0" 0$ 0% 1& 0'
#2919000 0*
#2920000 1*
#2920625 1%
#2920875 0*
#2921875 1*
#2922125 1)
#2922375 0&
#2922500 1! 1# 1'
#2923250 0)
#2923375 0! 0#
#2923750 0*
#2924750 1*
#2924875 1)
#2925250 1" 1#
#2926000 0)
#2926250 0" 0# 1& 0(
#2926375 1$
#2926500 0*
#2927500 1*
#2928125 1!
#2928375 0*
#2929375 1*
#2930000 0!
#2930125 1"
#2930250 0*
#2931000 1)
#2931250 0$ 0& 1*
#2931375 1# 1(
#2932125 0)
#2932375 0" 1$ 1& 0(
#2932625 0*
#2933625 1*
#2934250 1!
#2934500 0*
#2935500 1*
#2935875 00
#2936125 0! 1"
#2936375 0*
#2937125 1)
#2937375 0# 0$ 1*
#2937500 1( 0,
#2938250 0)
#2938500 1! 1# 1$ 0% 0&
#2938750 0+
#2939750 1+
#2940000 1)
#2940250 0# 1%
#2940375 1,
#2941000 0)
#2941250 0! 0" 0$ 0%
#2941500 0*
#2942625 1*
#2942750 10
#2943250 1%
#2943375 0*
#2944500 1*
#2944625 1)
#2945000 1! 1#
#2945750 0)
#2946000 0! 0# 0% 1&
#2946250 0*
#2947250 1*
#2947500 1)
#2947750 1! 1" 1% 0&
#2947875 1$
#2948625 0)
#2948750 0! 0" 0$ 0%
#2948875 1&
#2949000 0*
#2950125 1*
#2950750 1%
#2951000 0*
#2952000 1*
#2952125 1)
#2952375 0&
#2952500 1! 1#
#2953250 0)
#2953500 0! 0# 1&
#2953750 0*
#2954750 1*
#2955000 1)
#2970250 1! 0% 0& 0(
#2970375 1" 1# 1$
#2971125 0)
#2971250 0! 0"
#2971625 0+
#2972625 1+
#2972875 1)
#2974000 0# 0$ 1(
#2974125 1" 1% 1& 0,
#2974875 0)
#2975000 0" 0&
#2975375 0+
#2976375 1+
#2976625 1)
#2979750 1" 1# 1,
#2980500 0)
#2980750 0" 0# 0% 0' 0(
#2981000 0*
#2982000 1*
#2982250 1)
#2982500 1! 1" 1# 1% 1& 1' 1(
#2982625 1$
#2983375 0)
#2985000 1)
#2986125 0)
#2986625 0+
#2987625 1+
#2988500 0+
#2989500 1+
#2990375 0+
#2991375 1+
#2992250 0+
#2993250 1+
#2994375 1)
#2994625 0! 0$ 0&
#2995500 0)
#2995750 0" 0% 0' 0(
#2996000 0*
#2997000 1*
#2997250 1)
#2997500 0# 1& 1' 1(
#2997625 1" 1% 0,
#2998375 0)
#2998500 0" 0&
#2998625 1!
#2998875 0+
#2999875 1+
#3000000 1)
#3000250 0! 0% 0' 0(
#3000375 1&
#3000500 1,
#3001125 0) 0-
#3001375 0& 1(
#3001625 0*
#3002625 1*
#3003250 1!
#3003500 0*
#3004500 1*
#3005125 0! 1"
#3005375 0*
#3006375 1*
#3007000 1!
#3007250 0*
#3008250 1*
#3009375 1)
#3009500 1-
#3009625 0!
#3009750 1# 1% 1'
#3010500 0)
#3010750 0" 0# 1$ 0% 0' 0(
#3011000 0*
#3012000 1*
#3012250 1)
#3012625 1! 1" 1# 1% 1& 1' 1(
#3013375 0)
#3015125 1)
#3015375 0! 0" 0# 0$ 0% 0' 0(
#3016125 0) 0-
#3016375 0& 1(
#3016500 1#
#3016625 0*
#3017625 1*
#3018250 1!
#3018500 0*
#3019500 1*
#3020125 0!
#3020250 1"
#3020375 0*
#3021375 1*
#3022000 1!
#3022250 0*
#3023250 1*
#3024500 1) 1-
#3024625 0!
#3024750 1% 1'
#3025500 0)
#3025750 0" 0% 0' 0(
#3025875 1$
#3026000 0*
#3027000 1*
#3027250 1)
#3027625 1% 1& 1'
#3028375 0)
#3028625 1! 1"
#3028875 0*
#3029875 1*
#3030125 1)
#3030375 0! 0" 0# 0$ 0% 0'
#3031125 0) 0-
#3031375 0&
#3031500 1$ 1(
#3031625 0*
#3032750 1*
#3033375 1!
#3033500 0*
#3034625 1*
#3035125 0!
#3035250 1"
#3035375 0*
#3036500 1*
#3037125 1!
#3037250 0*
#3038375 1*
#3039250 00
#3039500 1) 1-
#3039750 0! 1# 0$ 1% 1'
#3040625 0)
#3040750 0" 0# 0' 0(
#3041000 0*
#3042125 1*
#3042250 1)
#3042625 1" 1& 1' 1( 0,
#3043375 0)
#3043625 0&
#3043875 0+
#3044875 1+
#3045125 1)
#3045375 0" 0% 1& 0' 0(
#3045500 1,
#3046125 0- 10
#3046250 0)
#3046375 0&
#3046500 1# 1$ 1(
#3046750 0*
#3047750 1*
#3048375 1!
#3048625 0*
#3049625 1*
#3050125 0!
#3050250 1"
#3050500 0*
#3051500 1*
#3052125 1!
#3052375 0*
#3053375 1*
#3054500 1) 1-
#3054750 0! 0$ 1'
#3054875 1%
#3055625 0)
#3055750 0" 0' 0(
#3056125 0*
#3057125 1*
#3057250 1)
#3057625 1! 1" 1$ 1& 1' 1(
#3058375 0)
#3060125 1)
#3060375 0! 0" 0# 0$ 0% 0' 0(
#3061125 0-
#3061250 0)
#3061375 0&
#3061500 1% 1(
#3061750 0*
#3062750 1*
#3063375 1!
#3063625 0*
#3064625 1*
#3065125 0!
#3065250 1"
#3065500 0*
#3066500 1*
#3067125 1!
#3067375 0*
#3068375 1*
#3069500 1) 1-
#3069750 0! 1'
#3069875 1#
#3070625 0)
#3070750 0" 0# 0' 0(
#3070875 1$
#3071125 0*
#3072125 1*
#3072250 1)
#3072500 0%
#3072625 1! 1" 1# 1'
#3073375 0)
#3073625 0"
#3073875 0+
#3074875 1+
#3075125 1)
#3075375 0! 0# 0$ 0'
#3075500 1&
#3076125 0-
#3076250 0)
#3076375 0&
#3076500 1# 1% 1(
#3076750 0*
#3077750 1*
#3078375 1!
#3078625 0*
#3079625 1*
#3080125 0!
#3080250 1"
#3080500 0*
#3081500 1*
#3082125 1!
#3082375 0*
#3083375 1*
#3084500 1) 1-
#3084750 0! 1'
#3085625 0)
#3085750 0" 0' 0(
#3085875 1$
#3086125 0*
#3087125 1*
#3087250 1)
#3087625 1! 1& 1'
#3088375 0)
#3088625 1"
#3088875 0+
#3089875 1+
#3090125 1)
#3090375 0! 0" 0# 0$ 0% 0'
#3091125 0-
#3091250 0)
#3091375 0&
#3091500 1$ 1% 1(
#3091750 0*
#3092750 1*
#3093375 1!
#3093625 0*
#3094625 1*
#3095125 0!
#3095250 1"
#3095500 0*
#3096500 1*
#3097125 1!
#3097375 0*
#3098375 1*
#3099500 1) 1-
#3099750 0! 0$
#3099875 1# 1'
#3100625 0)
#3100750 0" 0# 0% 0' 0(
#3100875 1&
#3101125 0*
#3102125 1*
#3102250 1)
#3102625 1" 1% 1' 1(
#3102750 0,
#3103375 0)
#3103625 1! 0&
#3103875 0+
#3104875 1+
#3105125 1)
#3105375 0! 0" 0% 1& 0' 0(
#3105500 1,
#3106125 0-
#3106250 0)
#3106375 0&
#3106500 1# 1$ 1% 1(
#3106750 0*
#3107750 1*
#3108375 1!
#3108625 0*
#3109625 1*
#3110125 0!
#3110250 1"
#3110500 0*
#3111500 1*
#3112125 1!
#3112375 0*
#3113375 1*
#3114500 1) 1-
#3114750 0! 0$ 1'
#3115625 0)
#3115750 0" 0% 0' 0(
#3115875 1&
#3116125 0*
#3117125 1*
#3117250 1)
#3117625 1! 1" 1$ 1% 1' 1(
#3118375 0)
#3120125 1)
#3120375 0! 0" 0# 0$ 0% 0' 0(
#3121125 0-
#3121250 0)
#3121500 1(
#3121750 0*
#3122750 1*
#3123375 1!
#3123625 0*
#3124625 1*
#3125125 0!
#3125250 1"
#3125500 0*
#3126500 1*
#3127125 1!
#3127375 0*
#3128375 1*
#3129500 1) 1-
#3129750 0! 0& 1'
#3129875 1# 1%
#3130625 0)
#3130750 0" 0# 0% 0' 0(
#3130875 1$ 1&
#3131125 0*
#3132125 1*
#3132250 1)
#3132500 0$
#3132625 1" 1% 1' 1( 0,
#3133375 0)
#3133625 0" 1# 0&
#3133875 0+
#3134875 1+
#3135125 1)
#3135375 0# 0% 1& 0' 0(
#3135500 1,
#3136125 0-
#3136250 0)
#3136500 1# 1(
#3136750 0*
#3137750 1*
#3138375 1!
#3138625 0*
#3139625 1*
#3140125 0!
#3140250 1"
#3140375 0*
#3141500 1*
#3142125 1!
#3142250 0*
#3142625 00
#3143375 1*
#3144500 1) 1-
#3144750 0! 1% 0& 1'
#3145500 0)
#3145750 0" 0% 0' 0(
#3145875 1$ 1&
#3146000 0*
#3147125 1*
#3147250 1)
#3147625 1" 1% 1'
#3148375 0)
#3148625 1!
#3148875 0*
#3149625 10
#3149875 1*
#3150125 1)
#3150375 0! 0" 0# 0$ 0% 0'
#3151125 0) 0-
#3151500 1$ 1(
#3151625 0*
#3152750 1*
#3153375 1!
#3153500 0*
#3154500 1*
#3155125 0!
#3155250 1"
#3155375 0*
#3156375 1*
#3157000 1!
#3157250 0*
#3158250 1*
#3159500 1) 1-
#3159750 0! 1# 0$ 1% 0& 1'
#3160500 0)
#3160750 0" 0# 1& 0' 0(
#3161000 0*
#3162000 1*
#3162250 1)
#3162500 0% 0&
#3162625 1! 1" 1# 1$ 1'
#3163375 0)
#3163500 0!
#3163875 0+
#3164875 1+
#3165125 1)
#3165375 0" 0# 0$ 1& 0'
#3166125 0) 0-
#3166500 1# 1$ 1(
#3166625 0*
#3167625 1*
#3168250 1!
#3168500 0*
#3169500 1*
#3170125 0! 1"
#3170375 0*
#3171375 1*
#3172000 1!
#3172250 0*
#3173250 1*
#3174500 1) 1-
#3174625 0!
#3174750 0$ 1% 0& 1'
#3175500 0)
#3175750 0" 1& 0' 0(
#3176000 0*
#3177000 1*
#3177250 1)
#3177500 0# 1(
#3177625 1" 1' 0,
#3178375 0)
#3178500 0"
#3178625 1! 1# 0&
#3178875 0+
#3179875 1+
#3180000 1)
#3180250 0! 0#
#3180375 0% 1& 0' 0(
#3180500 1,
#3181125 0) 0-
#3181375 1% 1(
#3181625 0*
#3182625 1*
#3183250 1!
#3183500 0*
#3184500 1*
#3185125 0! 1"
#3185375 0*
#3186375 1*
#3187000 1!
#3187250 0*
#3188250 1*
#3189375 1)
#3189500 1-
#3189625 0! 0&
#3189750 1# 1'
#3190500 0)
#3190750 0" 0# 1$ 1& 0' 0(
#3191000 0*
#3192000 1*
#3192250 1)
#3192500 1(
#3192625 1! 1" 1# 1'
#3193375 0)
#3195000 1)
#3195375 0! 0" 0# 0$ 0% 0' 0(
#3196125 0) 0-
#3196375 1# 1% 1(
#3196625 0*
#3197625 1*
#3198250 1!
#3198500 0*
#3199500 1*
#3200125 0! 1"
#3200375 0*
#3201375 1*
#3202000 1!
#3202250 0*
#3203250 1*
#3204375 1)
#3204500 1-
#3204625 0! 0&
#3204750 1'
#3205500 0)
#3205750 0" 1$ 1& 0' 0(
#3206000 0*
#3207000 1*
#3207250 1)
#3207500 1! 1" 1'
#3208375 0)
#3208875 0+
#3209875 1+
#3210000 1)
#3210250 0! 0" 0# 0$ 0% 0'
#3211125 0) 0-
#3211375 1$ 1% 1(
#3211625 0*
#3212625 1*
#3213250 1!
#3213500 0*
#3214500 1*
#3215000 0!
#3215125 1"
#3215375 0*
#3216375 1*
#3217000 1!
#3217250 0*
#3218250 1*
#3219375 1)
#3219500 1-
#3219625 0! 0$ 0&
#3219750 1# 1'
#3220500 0)
#3220750 0" 0# 0% 0(
#3221000 0*
#3222000 1*
#3222250 1)
#3222500 1" 1% 1& 1(
#3222625 0,
#3223250 0)
#3223500 0&
#3223625 1#
#3223750 0+
#3224875 1+
#3225000 1)
#3225250 0" 0# 0% 0' 0(
#3225375 1& 1,
#3226125 0) 0-
#3226375 1# 1$ 1% 1(
#3226625 0*
#3227625 1*
#3228250 1!
#3228500 0*
#3229500 1*
#3230000 0!
#3230125 1"
#3230375 0*
#3231375 1*
#3232000 1!
#3232250 0*
#3233250 1*
#3234375 1) 1-
#3234625 0! 0$ 0&
#3234750 1'
#3235500 0)
#3235625 0(
#3235750 0" 0%
#3236000 0*
#3237000 1*
#3237250 1)
#3237500 1! 1" 1$ 1% 1& 1(
#3238250 0)
#3240000 1)
#3240250 0! 0" 0# 0$ 0% 0' 0(
#3241000 0-
#3241125 0)
#3241250 0&
#3241375 1' 1(
#3241625 0*
#3242625 1*
#3243250 1!
#3243500 0*
#3244500 1*
#3245000 0!
#3245125 1"
#3245375 0*
#3246000 00
#3246375 1*
#3247000 1!
#3247250 0*
#3248250 1*
#3249375 1) 1-
#3249625 0!
#3249750 1# 1%
#3250500 0)
#3250625 0# 0% 0(
#3250750 0" 1$
#3251000 0*
#3252000 1*
#3252125 1)
#3252375 0$
#3252500 1" 1% 1& 1(
#3252625 0,
#3253000 10
#3253250 0)
#3253500 1! 1# 0&
#3253750 0+
#3254750 1+
#3255000 1)
#3255250 0! 0" 0# 0% 1& 0' 0(
#3255375 1,
#3256000 0-
#3256125 0)
#3256250 0&
#3256375 1# 1' 1(
#3256625 0*
#3257625 1*
#3258250 1!
#3258500 0*
#3259500 1*
#3260000 0!
#3260125 1"
#3260375 0*
#3261375 1*
#3262000 1!
#3262250 0*
#3263250 1*
#3264375 1) 1-
#3264625 0!
#3264750 1%
#3265500 0)
#3265625 0" 0% 0(
#3265750 1$
#3266000 0*
#3267000 1*
#3267125 1)
#3267375 0# 0$ 0'
#3267500 1(
#3268250 0)
#3268500 1! 1# 1$ 1% 1&
#3268625 1"
#3268750 0*
#3269750 1*
#3270000 1)
#3270250 0! 0" 0# 0$ 0% 0(
#3271000 0-
#3271125 0)
#3271250 0&
#3271375 1$ 1' 1(
#3271625 0*
#3272625 1*
#3273250 1!
#3273500 0*
#3274500 1*
#3275000 0!
#3275125 1"
#3275375 0*
#3276375 1*
#3277000 1!
#3277250 0*
#3278250 1*
#3279375 1) 1-
#3279625 0! 0$
#3279750 1# 1%
#3280500 0)
#3280625 0" 0# 0(
#3281000 0*
#3282000 1*
#3282125 1)
#3282375 0%
#3282500 1! 1" 1# 1$
#3283250 0)
#3283750 0+
#3284750 1+
#3285000 1)
#3285250 0! 0" 0# 0$ 0'
#3285375 1&
#3286000 0-
#3286125 0)
#3286250 0&
#3286375 1# 1$ 1' 1(
#3286625 0*
#3287625 1*
#3288250 1!
#3288500 0*
#3289500 1*
#3290000 0!
#3290125 1"
#3290375 0*
#3291375 1*
#3292000 1!
#3292250 0*
#3293250 1*
#3294375 1) 1-
#3294625 0! 0$
#3294750 1%
#3295500 0)
#3295625 0" 0(
#3296000 0*
#3297000 1*
#3297125 1)
#3297375 0#
#3297500 1" 1& 1(
#3297625 0,
#3298250 0)
#3298500 0" 1$ 0&
#3298750 0+
#3299750 1+
#3300000 1)
#3300250 0$ 0% 1& 0' 0(
#3300375 1,
#3301000 0-
#3301125 0)
#3301250 0&
#3301375 1% 1' 1(
#3301625 0*
#3302625 1*
#3303250 1!
#3303500 0*
#3304500 1*
#3305000 0!
#3305125 1"
#3305375 0*
#3306375 1*
#3307000 1!
#3307250 0*
#3308250 1*
#3309375 1) 1-
#3309625 0!
#3309750 1#
#3310500 0)
#3310625 0" 0# 0(
#3310750 1$
#3311000 0*
#3312000 1*
#3312125 1)
#3312500 1! 1" 1# 1& 1(
#3313250 0)
#3315000 1)
#3315250 0! 0" 0# 0$ 0% 0' 0(
#3316000 0-
#3316125 0)
#3316250 0&
#3316375 1# 1% 1' 1(
#3316625 0*
#3317625 1*
#3318250 1!
#3318500 0*
#3319500 1*
#3320000 0!
#3320125 1"
#3320375 0*
#3321375 1*
#3322000 1!
#3322250 0*
#3323250 1*
#3324375 1) 1-
#3324625 0!
#3325500 0)
#3325625 0" 0(
#3325750 1$
#3326000 0*
#3327000 1*
#3327250 1)
#3327500 1! 0# 0$ 0% 0' 1(
#3328250 0)
#3328625 1" 1# 1$ 1% 1&
#3328875 0+
#3329875 1+
#3330000 1)
#3330250 0! 0" 0# 0$ 0% 0(
#3331125 0) 0-
#3331250 0&
#3331375 1$ 1% 1' 1(
#3331625 0*
#3332625 1*
#3333250 1!
#3333500 0*
#3334500 1*
#3335000 0!
#3335125 1"
#3335375 0*
#3336375 1*
#3337000 1!
#3337250 0*
#3338250 1*
#3339375 1)
#3339500 1-
#3339625 0! 0$
#3339750 1#
#3340500 0)
#3340750 0" 0# 0% 1& 0(
#3341000 0*
#3342000 1*
#3342250 1)
#3342500 1" 1% 1(
#3342625 0,
#3343250 0)
#3343500 0" 0&
#3343625 1! 1$
#3343875 0+
#3344875 1+
#3345000 1)
#3345250 0! 0$ 0% 0' 0(
#3345375 1& 1,
#3346125 0) 0-
#3346250 0&
#3346375 1# 1$ 1% 1' 1(
#3346625 0*
#3347625 1*
#3348250 1!
#3348500 0*
#3349500 1* 00
#3350000 0!
#3350125 1"
#3350375 0*
#3351375 1*
#3352000 1!
#3352250 0*
#3353250 1*
#3354375 1)
#3354500 1-
#3354625 0! 0$
#3355500 0)
#3355750 0" 0% 1& 0(
#3356000 0*
#3356375 10
#3357000 1*
#3357250 1)
#3357500 1! 1(
#3357625 1" 1$ 1%
#3358375 0)
#3360000 1)
#3360375 0! 0" 0# 0$ 0% 0' 0(
#3361125 0) 0-
#3361375 1' 1(
#3361625 0*
#3362625 1*
#3363250 1!
#3363500 0*
#3364500 1*
#3365125 0! 1"
#3365375 0*
#3366375 1*
#3367000 1!
#3367250 0*
#3368250 1*
#3369375 1)
#3369500 1-
#3369625 0!
#3369750 1# 1% 0&
#3370500 0)
#3370750 0" 0# 1$ 0% 1& 0(
#3371000 0*
#3372000 1*
#3372250 1)
#3372500 0&
#3372625 1! 1" 1#
#3373375 0)
#3373500 0! 0" 0#
#3373625 0$ 1%
#3373875 0+
#3374875 1+
#3375000 1)
#3375250 0% 0'
#3375375 1&
#3376125 0) 0-
#3376375 1' 1(
#3376500 1#
#3376625 0*
#3377625 1*
#3378250 1!
#3378500 0*
#3379500 1*
#3380125 0!
#3380250 1"
#3380375 0*
#3381375 1*
#3382000 1!
#3382250 0*
#3383250 1*
#3384500 1) 1-
#3384750 0! 1% 0&
#3385500 0)
#3385750 0" 0% 0(
#3385875 1$ 1&
#3386000 0*
#3387000 1*
#3387250 1)
#3387500 0# 0$ 0& 0'
#3387625 1" 1(
#3388375 0)
#3388625 1! 1# 1$ 1% 1&
#3388875 0*
#3389875 1*
#3390125 1)
#3390375 0! 0" 0# 0$ 0% 0(
#3391125 0) 0-
#3391500 1$ 1' 1(
#3391625 0*
#3392750 1*
#3393375 1!
#3393500 0*
#3394625 1*
#3395125 0!
#3395250 1"
#3395375 0*
#3396500 1*
#3397125 1!
#3397250 0*
#3398375 1*
#3399500 1) 1-
#3399750 0! 1# 0$ 1% 0&
#3400625 0)
#3400750 0" 0# 0(
#3400875 1&
#3401000 0*
#3402125 1*
#3402250 1)
#3402625 1" 1(
#3402750 0,
#3403375 0)
#3403625 1$ 0&
#3403875 0+
#3404875 1+
#3405125 1)
#3405375 0" 0$ 0% 1& 0' 0(
#3405500 1,
#3406125 0-
#3406250 0)
#3406500 1# 1$ 1' 1(
#3406750 0*
#3407750 1*
#3408375 1!
#3408625 0*
#3409625 1*
#3410125 0!
#3410250 1"
#3410500 0*
#3411500 1*
#3412125 1!
#3412375 0*
#3413375 1*
#3414500 1) 1-
#3414750 0! 0$ 0&
#3414875 1%
#3415625 0)
#3415750 0" 0(
#3415875 1&
#3416125 0*
#3417125 1*
#3417250 1)
#3417625 1! 1" 1$ 1(
#3418375 0)
#3420125 1)
#3420375 0! 0" 0# 0$ 0% 0' 0(
#3421125 0-
#3421250 0)
#3421500 1% 1' 1(
#3421750 0*
#3422750 1*
#3423375 1!
#3423625 0*
#3424625 1*
#3425125 0!
#3425250 1"
#3425500 0*
#3426500 1*
#3427125 1!
#3427375 0*
#3428375 1*
#3429500 1) 1-
#3429750 0! 0&
#3429875 1#
#3430625 0)
#3430750 0#
#3430875 0" 1$ 1& 0(
#3431125 0*
#3432125 1*
#3432375 1)
#3432625 1" 0$ 1(
#3432750 0,
#3433375 0)
#3433625 0&
#3433750 1! 1$
#3434000 0+
#3435000 1+
#3435125 1)
#3435375 0! 0" 0$ 0% 0' 0(
#3435500 1& 1,
#3436250 0) 0-
#3436500 1# 1% 1' 1(
#3436750 0*
#3437750 1*
#3438375 1!
#3438625 0*
#3439625 1*
#3440125 0!
#3440250 1"
#3440500 0*
#3441500 1*
#3442125 1!
#3442375 0*
#3443375 1*
#3444500 1)
#3444625 1-
#3444750 0! 0&
#3445625 0)
#3445875 0" 1$ 1& 0(
#3446125 0*
#3447125 1*
#3447375 1)
#3447625 1! 1" 0# 0$ 0% 0& 0' 1(
#3448500 0)
#3448750 1# 1$ 1% 1&
#3449000 0+
#3450000 1+
#3450125 1)
#3450375 0! 0" 0# 0$ 0%
#3450500 0(
#3451250 0) 0-
#3451500 1$ 1% 1' 1(
#3451750 0*
#3452750 1*
#3453375 1!
#3453625 0*
#3454625 1*
#3455250 0! 1"
#3455500 0*
#3456500 1*
#3457125 1!
#3457375 0*
#3458375 1*
#3459500 1)
#3459625 1-
#3459875 1#
#3460625 0)
#3461125 0+
#3462125 1+
#3462375 1)
#3462625 0! 0# 0$
#3462750 0,
#3463500 0)
#3463625 0"
#3463750 1# 1$ 0&
#3464000 0+
#3465000 1+
#3465125 1)
#3465375 0# 0$
#3465500 0% 1& 0' 0(
#3465625 1,
#3466250 0) 0-
#3466500 1' 1(
#3466625 1# 1$ 1%
#3466750 0*
#3467750 1*
#3468375 1!
#3468625 0*
#3469625 1*
#3470250 0! 1"
#3470500 0*
#3471500 1*
#3472125 1!
#3472375 0*
#3473375 1*
#3474625 1) 1-
#3474875 0! 0$ 0&
#3475625 0)
#3475875 0" 0# 0% 1& 0(
#3476125 0*
#3477125 1*
#3477750 1!
#3478000 0*
#3479000 1*
#3479625 0!
#3479750 1"
#3479875 0*
#3480625 1)
#3480875 0& 1*
#3481000 1# 1% 1(
#3481750 0)
#3482000 0" 0% 1& 0(
#3482250 0*
#3483250 1*
#3483875 1!
#3484125 0*
#3485125 1*
#3485750 0! 1"
#3486000 0*
#3486750 1)
#3487000 0# 1*
#3487125 1% 1( 0,
#3487875 0)
#3488125 1! 0" 1# 1$ 0&
#3488375 0+
#3489375 1+
#3489625 1)
#3489875 1" 0#
#3490000 1,
#3490625 0)
#3490875 0" 0$ 0% 0' 0(
#3491125 0*
#3492250 1*
#3492875 1%
#3493000 0*
#3494125 1*
#3494250 1)
#3494625 1# 1' 1(
#3495375 0)
#3495625 0# 0% 0'
#3495875 0*
#3496875 1*
#3497125 1)
#3497375 1" 1$ 1% 1'
#3498250 0)
#3498375 0" 0$ 0% 0' 0(
#3498500 1&
#3498625 0*
#3499750 1*
#3500375 1%
#3500500 0*
#3501625 1*
#3501750 1)
#3502000 0&
#3502125 1# 1' 1(
#3502875 0)
#3503125 0# 0'
#3503375 0*
#3504375 1*
#3504625 1)
#3504875 0! 1" 1# 1'
#3505750 0)
#3505875 0" 0# 0% 0(
#3506000 1$ 1&
#3506125 0*
#3507250 1*
#3507875 1!
#3508000 0*
#3509125 1*
#3509625 0!
#3509750 1"
#3509875 0*
#3510750 1)
#3510875 0& 1*
#3511000 1# 0$ 1(
#3511125 1%
#3511750 0)
#3512000 0" 1$ 0% 1& 0(
#3512250 0*
#3513250 1*
#3513875 1!
#3514125 0*
#3515125 1*
#3515750 0!
#3515875 1"
#3516000 0*
#3517250 1)
#3517500 1*
#3518000 0# 0$ 1% 1(
#3518125 0,
#3518875 0)
#3519000 0&
#3519125 1# 1$
#3519375 0+
#3520375 1+
#3521000 1)
#3521250 0#
#3521375 1! 1,
#3522125 0)
#3522750 0" 0$ 0% 0(
#3523000 0*
#3524125 1*
#3524750 1%
#3524875 0*
#3526000 1*
#3526125 1)
#3526500 1# 1(
#3527250 0)
#3527500 0# 0% 1& 0'
#3527750 0*
#3528750 1*
#3529000 1)
#3529250 1" 1% 0& 1'
#3529375 1$
#3530125 0)
#3530250 0" 0$ 0% 0(
#3530375 1&
#3530500 0*
#3531625 1*
#3532250 1%
#3532375 0*
#3533500 1*
#3533625 1)
#3533875 0&
#3534000 1# 1(
#3534750 0)
#3535000 0# 1& 0'
#3535250 0*
#3536250 1*
#3536500 1)
#3536750 0! 1" 1# 0& 1' 00
#3537625 0)
#3537750 0" 0# 0(
#3537875 1&
#3538000 0*
#3539125 1*
#3539750 1!
#3539875 0*
#3541000 1*
#3541500 0!
#3541625 1"
#3541750 0*
#3542625 1)
#3542750 0& 1*
#3542875 1# 1(
#3543625 0) 10
#3543875 0" 1& 0(
#3544125 0*
#3545125 1*
#3545750 1!
#3546000 0*
#3547000 1*
#3547625 0! 1"
#3547875 0*
#3548625 1)
#3548875 0# 1*
#3549000 1( 0,
#3549750 0)
#3550000 1! 1# 1$ 0&
#3550250 0+
#3551250 1+
#3551500 1)
#3551750 0#
#3551875 1,
#3552500 0)
#3552750 0" 0$ 0% 0'
#3553000 0*
#3554000 1*
#3554750 1%
#3554875 0*
#3556000 1*
#3556125 1)
#3556500 1# 1'
#3557250 0)
#3557500 0# 0%
#3557750 0*
#3558750 1*
#3559000 1)
#3559250 1" 1$ 1%
#3560000 0)
#3560250 0" 0$ 0% 0'
#3560375 1&
#3560500 0*
#3561500 1*
#3562250 1%
#3562375 0*
#3563375 1*
#3563625 1)
#3563875 0&
#3564000 1# 1'
#3564750 0)
#3564875 0#
#3565250 0*
#3566250 1*
#3566500 1)
#3566750 0! 1" 1#
#3567500 0)
#3567750 0" 0# 1& 0(
#3567875 1$
#3568000 0*
#3569000 1*
#3569625 1!
#3569875 0*
#3570875 1*
#3571500 0!
#3571625 1"
#3571750 0*
#3572500 1)
#3572750 0$ 0& 1*
#3572875 1# 1(
#3573625 0)
#3573875 0" 1$ 1& 0(
#3574125 0*
#3575125 1*
#3575750 1!
#3576000 0*
#3577000 1*
#3577500 0!
#3577625 1"
#3577875 0*
#3578625 1)
#3578875 1! 0% 0& 1*
#3579750 0)
#3579875 0" 0# 0$
#3580000 1%
#3580250 0+
#3581250 1+
#3581375 1)
#3581750 1" 1$ 1(
#3582500 0)
#3582750 0" 0$ 0%
#3583000 0*
#3584000 1*
#3584625 1%
#3584875 0*
#3585875 1*
#3586125 1)
#3586500 1#
#3587250 0)
#3587375 0# 0%
#3587500 1&
#3587750 0*
#3588750 1*
#3588875 1)
#3589125 0&
#3589250 1" 1$ 1%
#3590000 0)
#3590250 0" 0$ 0% 1&
#3590500 0*
#3591500 1*
#3592125 1%
#3592375 0*
#3593375 1*
#3593625 1)
#3593875 0&
#3594000 1#
#3594750 0)
#3594875 0#
#3595000 1&
#3595250 0*
#3596250 1*
#3596375 1)
#3611625 0!
#3611750 1" 0,
#3612500 0)
#3612750 0" 0%
#3613000 0+
#3614000 1+
#3614250 1)
#3615500 1! 1" 1# 1$ 1% 1,
#3616250 0)
#3618000 1)
#3621000 0! 0$ 0&
#3621875 0)
#3622125 0" 0# 0% 0' 0(
#3622375 0*
#3623375 1*
#3623625 1)
#3623875 1! 1" 1# 1$ 1% 1& 1' 1(
#3624625 0)
#3626375 1)
#3627500 0)
#3628000 0+
#3629000 1+
#3629875 0+
#3630875 1+
#3631750 0+
#3632750 1+
#3633625 0+
#3634625 1+
#3635750 1)
#3636000 0! 0$ 0&
#3636875 0)
#3637000 0' 0(
#3637125 0" 0%
#3637375 0*
#3638375 1*
#3638625 1)
#3638750 0#
#3638875 1" 1% 1& 1' 1(
#3639000 0,
#3639625 0)
#3639875 1! 0" 0%
#3640125 0+ 00
#3641125 1+
#3641375 1)
#3641625 0' 0(
#3641750 1,
#3642500 0) 0-
#3642625 0! 0&
#3643000 0*
#3644000 1*
#3644625 1!
#3644875 0*
#3645875 1*
#3646375 0!
#3646500 1"
#3646750 0*
#3647125 10
#3647750 1*
#3648375 1!
#3648625 0*
#3649625 1*
#3650750 1) 1-
#3651000 0! 1(
#3651125 1# 1% 1'
#3651875 0)
#3652000 0" 0# 0% 0' 0(
#3652125 1$
#3652375 0*
#3653375 1*
#3653500 1)
#3653875 1! 1" 1# 1% 1& 1' 1(
#3654625 0)
#3656375 1)
#3656625 0" 0# 0$ 0% 0' 0(
#3657375 0-
#3657500 0)
#3657625 0! 0&
#3657750 1#
#3658000 0*
#3659000 1*
#3659625 1!
#3659875 0*
#3660875 1*
#3661375 0!
#3661500 1"
#3661750 0*
#3662750 1*
#3663375 1!
#3663625 0*
#3664625 1*
#3665750 1) 1-
#3666000 0! 1' 1(
#3666125 1%
#3666875 0)
#3667000 0" 0% 0' 0(
#3667125 1$
#3667375 0*
#3668375 1*
#3668500 1)
#3668750 0$
#3668875 1(
#3669625 0)
#3669875 1! 1" 1$ 1% 1&
#3670125 0*
#3671125 1*
#3671375 1)
#3671625 0" 0# 0$ 0% 0(
#3672375 0-
#3672500 0)
#3672625 0! 0&
#3672750 1$
#3672875 0*
#3674000 1*
#3674625 1!
#3674875 0*
#3675875 1*
#3676375 0!
#3676500 1"
#3676625 0*
#3677750 1*
#3678375 1!
#3678500 0*
#3679625 1*
#3680750 1) 1-
#3681000 0! 1# 0$ 1% 1' 1(
#3681875 0)
#3682000 0" 0# 0' 0(
#3682250 0*
#3683375 1*
#3683500 1)
#3683750 0%
#3683875 1! 1" 1# 1$ 1'
#3684625 0)
#3684875 0! 0# 0$ 1%
#3685125 0+
#3686125 1+
#3686375 1)
#3686625 1! 0" 0% 1& 0'
#3687375 0) 0-
#3687625 0! 0&
#3687750 1# 1$
#3688000 0*
#3689000 1*
#3689625 1!
#3689750 0*
#3690875 1*
#3691375 0!
#3691500 1"
#3691625 0*
#3692750 1*
#3693250 1!
#3693500 0*
#3694625 1*
#3695750 1) 1-
#3696000 0! 0$ 1% 1' 1(
#3696750 0)
#3697000 0" 0' 0(
#3697250 0*
#3698375 1*
#3698500 1)
#3698750 0#
#3698875 1" 1& 1' 1( 0,
#3699625 0)
#3699875 0%
#3700125 0+
#3701125 1+
#3701375 1)
#3701625 1! 0" 0' 0(
#3701750 1,
#3702375 0) 0-
#3702625 0! 0&
#3702750 1%
#3702875 0*
#3704000 1*
#3704625 1!
#3704750 0*
#3705875 1*
#3706375 0!
#3706500 1"
#3706625 0*
#3707750 1*
#3708250 1!
#3708500 0*
#3709625 1*
#3710750 1) 1-
#3711000 0! 1# 1' 1(
#3711750 0)
#3712000 0" 0# 0' 0(
#3712125 1$
#3712250 0*
#3713375 1*
#3713500 1)
#3713875 1! 1" 1# 1& 1' 1(
#3714625 0)
#3716375 1)
#3716625 0" 0# 0$ 0% 0' 0(
#3717375 0) 0-
#3717625 0! 0&
#3717750 1# 1%
#3717875 0*
#3719000 1*
#3719500 1!
#3719750 0*
#3720875 1*
#3721375 0!
#3721500 1"
#3721625 0*
#3722750 1*
#3723250 1!
#3723500 0*
#3724625 1*
#3725750 1) 1-
#3726000 0! 1' 1(
#3726750 0)
#3727000 0" 0' 0(
#3727125 1$
#3727250 0*
#3728375 1*
#3728500 1)
#3728750 0$ 0%
#3728875 1! 1(
#3729625 0)
#3729875 1" 1$ 1% 1&
#3730125 0+
#3731125 1+
#3731375 1)
#3731625 0" 0# 0$ 0% 0(
#3732375 0) 0-
#3732625 0! 0&
#3732750 1$ 1%
#3732875 0*
#3734000 1*
#3734625 1!
#3734750 0*
#3735875 1*
#3736375 0!
#3736500 1"
#3736625 0*
#3737750 1*
#3738375 1!
#3738500 0*
#3739625 1*
#3740750 1) 1-
#3741000 0! 1# 0$ 1' 1(
#3741875 0)
#3742000 0" 0# 0% 0' 0(
#3742125 1&
#3742250 0*
#3743375 1*
#3743500 1) 00
#3743875 1" 1% 1' 1( 0,
#3744625 0)
#3744875 1! 0%
#3745125 0+
#3746125 1+
#3746375 1)
#3746625 0" 0' 0(
#3746750 1,
#3747375 0-
#3747500 0)
#3747625 0! 0&
#3747750 1# 1$ 1%
#3748000 0*
#3749000 1*
#3749625 1!
#3749875 0*
#3750500 10
#3750875 1*
#3751375 0!
#3751500 1"
#3751750 0*
#3752750 1*
#3753375 1!
#3753625 0*
#3754625 1*
#3755750 1) 1-
#3756000 0! 0$ 1' 1(
#3756875 0)
#3757000 0" 0% 0' 0(
#3757125 1&
#3757375 0*
#3758375 1*
#3758500 1)
#3758875 1! 1" 1$ 1% 1' 1(
#3759625 0)
#3761375 1)
#3761625 0" 0# 0$ 0% 0' 0(
#3762375 0-
#3762500 0)
#3762625 0!
#3763000 0*
#3764000 1*
#3764625 1!
#3764875 0*
#3765875 1*
#3766375 0!
#3766500 1"
#3766750 0*
#3767750 1*
#3768375 1!
#3768625 0*
#3769625 1*
#3770750 1) 1-
#3771000 0! 0& 1' 1(
#3771125 1# 1%
#3771875 0)
#3772000 0" 0# 0% 0' 0(
#3772125 1$ 1&
#3772375 0*
#3773375 1*
#3773500 1)
#3773750 0&
#3773875 1! 1" 1# 1'
#3774625 0)
#3774875 0# 0$ 1%
#3775125 0+
#3776125 1+
#3776375 1)
#3776625 0" 0% 0'
#3776750 1&
#3777375 0-
#3777500 0)
#3777625 0!
#3777750 1#
#3778000 0*
#3779000 1*
#3779625 1!
#3779875 0*
#3780875 1*
#3781375 0!
#3781500 1"
#3781750 0*
#3782750 1*
#3783375 1!
#3783625 0*
#3784625 1*
#3785750 1) 1-
#3786000 0! 0&
#3786125 1% 1' 1(
#3786875 0)
#3787000 0% 0' 0(
#3787125 0" 1$ 1&
#3787375 0*
#3788375 1*
#3788625 1)
#3788750 0&
#3788875 1" 0$ 1(
#3789625 0)
#3790000 1! 1$ 1% 1&
#3790125 0*
#3791125 1*
#3791375 1)
#3791625 0" 0# 0$ 0% 0(
#3792500 0) 0-
#3792625 0!
#3792750 1$
#3793000 0*
#3794000 1*
#3794625 1!
#3794875 0*
#3795875 1*
#3796375 0!
#3796500 1"
#3796750 0*
#3797750 1*
#3798375 1!
#3798625 0*
#3799625 1*
#3800750 1)
#3800875 1-
#3801000 0! 0$ 0&
#3801125 1# 1% 1' 1(
#3801875 0)
#3802125 0" 0# 1& 0' 0(
#3802375 0*
#3803375 1*
#3803625 1)
#3803875 1" 1' 1(
#3804000 0,
#3804750 0)
#3804875 0" 0%
#3805000 1#
#3805250 0+
#3806250 1+
#3806375 1)
#3806625 0# 0' 0(
#3806750 1! 1,
#3807500 0) 0-
#3807625 0!
#3807750 1# 1$
#3808000 0*
#3809000 1*
#3809625 1!
#3809875 0*
#3810875 1*
#3811500 0! 1"
#3811750 0*
#3812750 1*
#3813375 1!
#3813625 0*
#3814625 1*
#3815750 1)
#3815875 1-
#3816000 0!
#3816125 0$ 1% 0& 1' 1(
#3816875 0)
#3817125 0" 1& 0' 0(
#3817375 0*
#3818375 1*
#3818625 1)
#3818875 1(
#3819000 1! 1" 1$ 1'
#3819750 0)
#3821375 1)
#3821750 0" 0# 0$ 0% 0' 0(
#3822500 0) 0-
#3822750 0! 1%
#3823000 0*
#3824000 1*
#3824625 1!
#3824875 0*
#3825875 1*
#3826500 0!
#3826625 1"
#3826750 0*
#3827750 1*
#3828375 1!
#3828625 0*
#3829625 1*
#3830875 1) 1-
#3831000 0!
#3831125 1# 0& 1' 1(
#3831875 0)
#3832125 0" 0# 1& 0' 0(
#3832250 1$
#3832375 0*
#3833375 1*
#3833625 1)
#3833875 0$
#3834000 1" 1' 1( 0,
#3834750 0)
#3835000 1! 0" 1# 0%
#3835250 0+
#3836250 1+
#3836500 1)
#3836750 0# 0' 0(
#3836875 1,
#3837500 0) 0-
#3837750 0!
#3837875 1# 1%
#3838000 0*
#3839125 1*
#3839625 1!
#3839875 0*
#3841000 1*
#3841500 0!
#3841625 1"
#3841750 0*
#3842875 1*
#3843500 1!
#3843625 0*
#3844750 1*
#3845875 1) 1-
#3846125 0! 0& 1' 1(
#3847000 0) 00
#3847125 0" 0' 0(
#3847250 1$ 1&
#3847375 0*
#3848500 1*
#3848625 1)
#3848875 0$ 0% 0&
#3849000 1! 1" 1(
#3849750 0)
#3850000 1$ 1% 1&
#3850250 0+
#3851250 1+
#3851500 1)
#3851750 0" 0# 0$ 0% 0(
#3852500 0-
#3852625 0)
#3852750 0!
#3852875 1$ 1%
#3853125 0*
#3853875 10
#3854125 1*
#3854750 1!
#3855000 0*
#3856000 1*
#3856500 0!
#3856625 1"
#3856875 0*
#3857875 1*
#3858500 1!
#3858750 0*
#3859750 1*
#3860875 1) 1-
#3861125 0! 0$ 0& 1' 1(
#3861250 1#
#3862000 0)
#3862125 0" 0# 0% 0(
#3862500 0*
#3863500 1*
#3863625 1)
#3864000 1" 1% 1& 1(
#3864125 0,
#3864750 0)
#3865000 1# 0%
#3865250 0+
#3866250 1+
#3866500 1)
#3866750 1! 0" 0# 0' 0(
#3866875 1,
#3867625 0) 0-
#3867750 0!
#3867875 1# 1$ 1%
#3868125 0*
#3869125 1*
#3869750 1!
#3870000 0*
#3871000 1*
#3871500 0!
#3871625 1"
#3871875 0*
#3872875 1*
#3873500 1!
#3873750 0*
#3874750 1*
#3875875 1) 1-
#3876125 0! 0$ 0& 1(
#3876250 1'
#3877000 0)
#3877125 0(
#3877250 0" 0%
#3877500 0*
#3878500 1*
#3878750 1)
#3879000 1! 1" 1$
#3879750 0)
#3880000 0! 0" 0$
#3880125 1%
#3880375 0+
#3881375 1+
#3881500 1)
#3881750 0# 0% 0'
#3881875 1! 1&
#3882625 0) 0-
#3882750 0! 0&
#3882875 1'
#3883125 0*
#3884125 1*
#3884750 1!
#3885000 0*
#3886000 1*
#3886500 0!
#3886625 1"
#3886875 0*
#3887875 1*
#3888500 1!
#3888750 0*
#3889750 1*
#3890875 1)
#3891000 1-
#3891125 0!
#3891250 1# 1% 1(
#3892000 0)
#3892250 0" 0# 1$ 0% 0(
#3892500 0*
#3893500 1*
#3893750 1)
#3894000 0$ 1% 1& 1(
#3894125 1" 0,
#3894875 0)
#3895000 0%
#3895125 1! 1#
#3895375 0+
#3896375 1+
#3896500 1)
#3896750 0" 0# 0' 0(
#3897000 1,
#3897625 0) 0-
#3897875 0! 1# 0& 1'
#3898125 0*
#3899125 1*
#3899750 1!
#3900000 0*
#3901000 1*
#3901625 0! 1"
#3901875 0*
#3902875 1*
#3903500 1!
#3903750 0*
#3904750 1*
#3905875 1)
#3906000 1-
#3906125 0!
#3906250 1% 1(
#3907000 0)
#3907250 0" 1$ 0% 0(
#3907500 0*
#3908500 1*
#3908750 1)
#3909000 0# 0' 1(
#3909875 0)
#3910125 1! 1" 1# 1% 1&
#3910375 0*
#3911375 1*
#3911500 1)
#3911750 0#
#3911875 0" 0$ 0% 0(
#3912625 0) 0-
#3912875 0! 1$ 0& 1'
#3913125 0*
#3914125 1*
#3914750 1!
#3915000 0*
#3916000 1*
#3916625 0! 1"
#3916875 0*
#3917875 1*
#3918500 1!
#3918750 0*
#3919750 1*
#3921000 1) 1-
#3921125 0!
#3921250 1# 0$ 1% 1(
#3922000 0)
#3922250 0" 0# 0(
#3922500 0*
#3923500 1*
#3923750 1)
#3924125 1" 1& 1( 0,
#3924875 0)
#3925000 0"
#3925125 1$ 0%
#3925375 0+
#3926375 1+
#3926500 1)
#3926875 1! 0$ 0' 0(
#3927000 1,
#3927625 0) 0-
#3927875 0! 0& 1'
#3928000 1# 1$
#3928125 0*
#3929125 1*
#3929750 1!
#3930000 0*
#3931000 1*
#3931625 0!
#3931750 1"
#3931875 0*
#3932875 1*
#3933500 1!
#3933750 0*
#3934750 1*
#3936000 1) 1-
#3936125 0!
#3936250 0$ 1% 1(
#3937000 0)
#3937250 0" 0(
#3937500 0*
#3938500 1*
#3938750 1)
#3939125 1! 1" 1$ 1& 1(
#3939875 0)
#3941625 1)
#3941875 0" 0# 0$ 0% 0' 0(
#3942625 0) 0-
#3942875 0! 0& 1'
#3943000 1%
#3943125 0*
#3944125 1*
#3944750 1!
#3945000 0*
#3946000 1*
#3946625 0!
#3946750 1"
#3946875 0*
#3947875 1*
#3948500 1!
#3948750 0*
#3949750 1*
#3950375 00
#3951000 1) 1-
#3951125 0!
#3951250 1# 1(
#3952000 0)
#3952250 0" 0# 0(
#3952375 1$
#3952500 0*
#3953500 1*
#3953750 1)
#3954000 0$
#3954125 1" 1& 1( 0,
#3954875 0)
#3955125 1! 0" 1$ 0%
#3955375 0+
#3956375 1+
#3956625 1)
#3956875 0$ 0' 0(
#3957000 1,
#3957375 10
#3957625 0) 0-
#3957875 0! 0& 1'
#3958000 1# 1%
#3958125 0*
#3959125 1*
#3959750 1!
#3960000 0*
#3961000 1*
#3961625 0!
#3961750 1"
#3961875 0*
#3962875 1*
#3963500 1!
#3963750 0*
#3964750 1*
#3966000 1) 1-
#3966125 0!
#3966250 1(
#3967000 0)
#3967250 0" 0(
#3967375 1$
#3967500 0*
#3968500 1*
#3968750 1)
#3969000 0# 0% 0' 1(
#3969125 1!
#3969875 0)
#3970125 1" 1# 1% 1&
#3970375 0+
#3971375 1+
#3971500 1)
#3971875 0" 0# 0$ 0% 0(
#3972625 0) 0-
#3972875 0! 0&
#3973000 1$ 1% 1'
#3973125 0*
#3974125 1*
#3974750 1!
#3975000 0*
#3976000 1*
#3976625 0!
#3976750 1"
#3976875 0*
#3977875 1*
#3978500 1!
#3978750 0*
#3979750 1*
#3981000 1) 1-
#3981125 0!
#3981250 1# 0$ 1(
#3982000 0)
#3982250 0" 0# 0% 1& 0(
#3982500 0*
#3983500 1*
#3983750 1)
#3984000 0&
#3984125 1! 1" 1# 1$
#3984875 0)
#3985000 0" 0$
#3985125 1%
#3985375 0+
#3986375 1+
#3986500 1)
#3986750 0# 0%
#3986875 1& 0'
#3987625 0) 0-
#3987875 0! 1# 1$ 1% 0& 1'
#3988125 0*
#3989125 1*
#3989750 1!
#3990000 0*
#3991000 1*
#3991625 0! 1"
#3991875 0*
#3992875 1*
#3993500 1!
#3993750 0*
#3994750 1*
#3995875 1)
#3996000 1-
#3996125 0!
#3996250 0$ 1(
#3997000 0)
#3997250 0" 0% 1& 0(
#3997500 0*
#3998500 1*
#3998750 1)
#3999000 0# 1(
#3999125 1" 1% 0,
#3999875 0)
#4000000 0%
#4000125 1$
#4000375 0+
#4001375 1+
#4001500 1)
#4001750 0" 0$ 0' 0(
#4001875 1!
#4002000 1,
#4002625 0) 0-
#4002875 0! 1'
#4003125 0*
#4004125 1*
#4004750 1!
#4005000 0*
#4006000 1*
#4006625 0! 1"
#4006875 0*
#4007875 1*
#4008500 1!
#4008750 0*
#4009750 1*
#4010875 1)
#4011000 1-
#4011125 0! 0&
#4011250 1# 1% 1(
#4012000 0)
#4012250 0" 0# 1$ 0% 1& 0(
#4012500 0*
#4013500 1*
#4013750 1)
#4014000 1! 1" 1(
#4014125 1# 1%
#4014875 0)
#4016500 1)
#4016750 0" 0# 0$ 0% 0'
#4016875 0(
#4017625 0) 0-
#4017750 0!
#4017875 1# 1'
#4018125 0*
#4019125 1*
#4019750 1!
#4020000 0*
#4021000 1*
#4021500 0!
#4021625 1"
#4021875 0*
#4022875 1*
#4023500 1!
#4023750 0*
#4024750 1*
#4025875 1)
#4026000 1-
#4026125 0! 0&
#4026250 1% 1(
#4027000 0)
#4027125 0(
#4027250 0" 1$ 0% 1&
#4027500 0*
#4028500 1*
#4028750 1)
#4029000 1" 0# 0& 0' 1(
#4029750 0)
#4030125 1! 1# 1% 1&
#4030250 0*
#4031250 1*
#4031500 1)
#4031750 0" 0# 0$ 0% 0(
#4032625 0) 0-
#4032750 0!
#4032875 1$ 1'
#4033125 0*
#4034125 1*
#4034750 1!
#4035000 0*
#4036000 1*
#4036500 0!
#4036625 1"
#4036875 0*
#4037875 1*
#4038500 1!
#4038750 0*
#4039750 1*
#4040875 1) 1-
#4041125 0! 0$ 0& 1(
#4041250 1# 1%
#4042000 0)
#4042125 0" 0# 0(
#4042250 1&
#4042500 0*
#4043500 1*
#4043625 1)
#4044000 1" 1(
#4044125 0,
#4044750 0)
#4045000 1! 0%
#4045125 1$
#4045250 0+
#4046250 1+
#4046500 1)
#4046750 0" 0$ 0' 0(
#4046875 1,
#4047500 0-
#4047625 0)
#4047750 0!
#4047875 1# 1$ 1'
#4048125 0*
#4049125 1*
#4049750 1!
#4050000 0*
#4051000 1*
#4051500 0!
#4051625 1"
#4051875 0*
#4052875 1*
#4053500 1!
#4053750 0* 00
#4054750 1*
#4055875 1) 1-
#4056125 0! 0$ 0& 1(
#4056250 1%
#4057000 0)
#4057125 0" 0(
#4057250 1&
#4057500 0*
#4058500 1*
#4058625 1)
#4059000 1! 1" 1$ 1(
#4059750 0)
#4060750 10
#4061500 1)
#4061750 0" 0# 0$ 0% 0' 0(
#4062500 0-
#4062625 0)
#4062750 0!
#4062875 1% 1'
#4063125 0*
#4064125 1*
#4064750 1!
#4065000 0*
#4066000 1*
#4066500 0!
#4066625 1"
#4066875 0*
#4067875 1*
#4068500 1!
#4068750 0*
#4069750 1*
#4070875 1) 1-
#4071125 0! 1# 0& 1(
#4072000 0)
#4072125 0" 0# 0(
#4072250 1$ 1&
#4072375 0*
#4073500 1*
#4073625 1)
#4073875 0% 0&
#4074000 1! 1" 1#
#4074750 0)
#4075000 0! 0$ 1%
#4075250 0+
#4076250 1+
#4076500 1)
#4076750 1! 0" 0# 0% 1& 0'
#4077500 0) 0-
#4077750 0!
#4077875 1# 1% 1'
#4078125 0*
#4079125 1*
#4079750 1!
#4079875 0*
#4081000 1*
#4081500 0!
#4081625 1"
#4081750 0*
#4082875 1*
#4083375 1!
#4083625 0*
#4084750 1*
#4085875 1) 1-
#4086125 0! 0& 1(
#4086875 0)
#4087125 0" 0(
#4087250 1$ 1&
#4087375 0*
#4088375 1*
#4088625 1)
#4088875 0# 0% 0& 0'
#4089000 1! 1" 1(
#4089750 0)
#4090000 1# 1% 1&
#4090250 0+
#4091250 1+
#4091500 1)
#4091750 0" 0# 0$ 0% 0(
#4092500 0) 0-
#4092750 0!
#4092875 1$ 1% 1'
#4093000 0*
#4094000 1*
#4094625 1!
#4094875 0*
