$date Wed Sep  2 14:21:08 2026 $end
$version libsigrok 0.5.2 $end
$comment
  Acquisition with 16/16 channels at 80 MHz
$end
$timescale 100 ps $end
$scope module libsigrok $end
$var wire 1 ! A0 $end
$var wire 1 " A1 $end
$var wire 1 # A2 $end
$var wire 1 $ A3 $end
$var wire 1 % A4 $end
$var wire 1 & A5 $end
$var wire 1 ' A6 $end
$var wire 1 ( A7 $end
$var wire 1 ) RAS $end
$var wire 1 * CAS0 $end
$var wire 1 + CAS1 $end
$var wire 1 , R/W $end
$var wire 1 - VDS $end
$var wire 1 . IRQ $end
$var wire 1 / CSW $end
$var wire 1 0 CSR $end
$upscope $end
$enddefinitions $end
#0 1! 0" 0# 1$ 1% 1& 0' 0( 0) 1* 1+ 1, 0- 0. 1/ 10
#125 0! 0$ 0%
#250 1! 1# 0& 1) 1-
#3625 0# 1' 1(
#3750 1" 1$ 1& 0,
#4500 0)
#4750 1%
#5000 0+
#6000 1+
#6125 1)
#7500 1# 1,
#8250 0)
#9875 1)
#13000 0! 0$ 0&
#13875 0)
#14000 0" 0# 0% 0' 0(
#14375 0*
#15375 1*
#15500 1)
#15875 1! 1" 1# 1$ 1% 1& 1' 1(
#16625 0)
#18375 1)
#19500 0)
#20000 0+
#21000 1+
#21875 0+
#22875 1+
#23750 0+
#24750 1+
#25250 00
#25625 0+
#26625 1+
#27750 1)
#28000 0! 0$ 0&
#28750 0)
#29000 0" 0% 0' 0(
#29250 0*
#30375 1*
#30500 1)
#30750 0#
#30875 1! 1" 1$ 1& 1' 1( 0,
#31625 0)
#31750 0!
#31875 0" 1# 1%
#32125 0+ 10
#33125 1+
#33375 1)
#33625 1! 1" 0# 0$ 0& 0(
#33750 1,
#34375 0) 0-
#34625 0! 0" 0% 0'
#34875 0*
#35875 1*
#36500 1!
#36750 0*
#37750 1*
#38375 0!
#38500 1"
#38625 0*
#39625 1*
#40250 1!
#40500 0*
#41500 1*
#42750 1) 1-
#42875 0!
#43000 1# 1% 1' 1(
#43750 0)
#44000 0" 0# 0% 0' 0(
#44125 1$
#44250 0*
#45250 1*
#45500 1)
#45875 1! 1" 1# 1% 1& 1' 1(
#46625 0)
#48375 1)
#48625 0# 0$ 0& 0(
#49375 0) 0-
#49625 0! 0" 0% 0'
#49750 1#
#49875 0*
#50875 1*
#51500 1!
#51750 0*
#52750 1*
#53375 0! 1"
#53625 0*
#54625 1*
#55250 1!
#55500 0*
#56500 1*
#57625 1)
#57750 1-
#57875 0!
#58000 1% 1' 1(
#58750 0)
#59000 0" 1$ 0% 0' 0(
#59250 0*
#60250 1*
#60500 1)
#60750 0$
#61625 0)
#61875 1! 1" 1$ 1% 1&
#62125 0*
#63125 1*
#63250 1)
#63500 0$ 0&
#63625 0# 1'
#64375 0) 0-
#64625 0! 0" 1$ 0% 0'
#64875 0*
#65875 1*
#66500 1!
#66750 0*
#67750 1*
#68375 0! 1"
#68625 0*
#69625 1*
#70250 1!
#70500 0*
#71500 1*
#72625 1)
#72750 1-
#72875 0! 0$
#73000 1# 1% 1' 1(
#73750 0)
#74000 0" 0# 0' 0(
#74250 0*
#75250 1*
#75500 1)
#75750 1! 0% 1' 1(
#75875 1" 1$ 1& 0,
#76625 0)
#76750 0"
#76875 1# 1%
#77125 0+
#78125 1+
#78250 1)
#78500 0# 0$ 0& 0(
#78625 1"
#78750 1,
#79375 0) 0-
#79625 0! 0" 1# 1$ 0% 0'
#79875 0*
#80875 1*
#81500 1!
#81750 0*
#82750 1*
#83250 0!
#83375 1"
#83625 0*
#84625 1*
#85250 1!
#85500 0*
#86500 1*
#87625 1)
#87750 1-
#87875 0! 0$
#88000 1% 1' 1(
#88750 0)
#88875 0(
#89000 0" 0'
#89250 0*
#90250 1*
#90500 1)
#90750 1! 1" 1$ 1& 1' 1(
#91625 0)
#93250 1)
#93500 0# 0$ 0& 0(
#94375 0) 0-
#94500 0!
#94625 0" 0'
#94875 0*
#95875 1*
#96500 1!
#96750 0*
#97750 1*
#98250 0!
#98375 1"
#98625 0*
#99625 1*
#100250 1!
#100500 0*
#101500 1*
#102625 1) 1-
#102875 0!
#103000 1# 1' 1(
#103750 0)
#103875 0(
#104000 0" 0# 1$ 0'
#104250 0*
#105250 1*
#105500 1)
#105750 1! 1" 0% 1& 1' 1(
#105875 0,
#106500 0)
#106750 0!
#106875 1# 1%
#107125 0+
#108125 1+
#108250 1)
#108500 1! 0# 0$ 0& 0(
#108625 1,
#109125 00
#109375 0) 0-
#109500 0! 0"
#109625 1# 0'
#109875 0*
#110875 1*
#111500 1!
#111750 0*
#112750 1*
#113250 0!
#113375 1"
#113625 0*
#114625 1*
#115250 1!
#115500 0*
#116000 10
#116500 1*
#117625 1) 1-
#117875 0!
#118000 1' 1(
#118750 0)
#118875 0' 0(
#119000 0" 1$
#119250 0*
#120250 1*
#120500 1)
#120750 1! 0$ 0%
#121500 0)
#121875 1" 1$ 1% 1&
#122125 0+
#123125 1+
#123250 1)
#123500 0# 0$ 0&
#123625 1'
#124375 0) 0-
#124500 0! 0" 0'
#124625 1$
#124875 0*
#125875 1*
#126500 1!
#126750 0*
#127750 1*
#128250 0!
#128375 1"
#128625 0*
#129625 1*
#130250 1!
#130500 0*
#131500 1*
#132625 1) 1-
#132875 0! 0$
#133000 1# 1' 1(
#133750 0)
#133875 0(
#134000 0" 0# 0% 1& 0'
#134250 0*
#135250 1*
#135500 1)
#135750 1! 1" 1$ 1' 1(
#135875 0,
#136500 0)
#136875 1# 1%
#137000 0+
#138125 1+
#138250 1)
#138500 0# 0$ 0& 0(
#138625 1,
#139375 0) 0-
#139500 0! 0"
#139625 1# 1$ 0'
#139875 0*
#140875 1*
#141500 1!
#141750 0*
#142750 1*
#143250 0!
#143375 1"
#143625 0*
#144625 1*
#145250 1!
#145500 0*
#146500 1*
#147625 1) 1-
#147875 0! 0$
#148000 1' 1(
#148750 0)
#148875 0(
#149000 0" 0% 1& 0'
#149250 0*
#150250 1*
#150500 1)
#150750 1! 1" 1$ 1% 1' 1(
#151500 0)
#153250 1)
#153500 0# 0$ 0& 0(
#154375 0) 0-
#154500 0!
#154625 0" 0% 1& 0'
#154875 0*
#155875 1*
#156500 1!
#156750 0*
#157750 1*
#158250 0!
#158375 1"
#158625 0*
#159625 1*
#160250 1!
#160500 0*
#161500 1*
#162625 1)
#162750 1-
#162875 0! 0&
#163000 1# 1% 1' 1(
#163750 0)
#164000 0" 0# 1$ 0% 1& 0' 0(
#164250 0*
#165250 1*
#165500 1)
#165750 1! 1" 1# 1% 1' 1(
#166625 0)
#168250 1)
#168500 0# 0& 0(
#168625 0$
#169375 0) 0-
#169625 0! 0" 1# 0% 1& 0'
#169875 0*
#170875 1*
#171500 1!
#171750 0*
#172750 1*
#173375 0! 1"
#173625 0*
#174625 1*
#175250 1!
#175500 0*
#176500 1*
#177625 1)
#177750 1-
#177875 0! 0&
#178000 1% 1' 1(
#178750 0)
#179000 0" 1$ 0% 1& 0' 0(
#179250 0*
#180250 1*
#180500 1)
#180750 1" 0$ 0&
#181625 0)
#181875 1! 1$ 1% 1&
#182125 0*
#183125 1*
#183250 1)
#183500 0# 0$ 0&
#183625 1'
#184375 0) 0-
#184625 0! 0" 1$ 0% 1& 0'
#184875 0*
#185875 1*
#186500 1!
#186750 0*
#187750 1*
#188375 0! 1"
#188625 0*
#189625 1*
#190250 1!
#190500 0*
#191500 1*
#192625 1)
#192750 1-
#192875 0! 00
#193000 1# 0$ 1% 0& 1' 1(
#193750 0)
#194000 0" 0# 1& 0' 0(
#194250 0*
#195250 1*
#195500 1)
#195750 0% 1(
#195875 1# 1$ 1' 0,
#196625 0)
#196750 0# 0' 0(
#196875 0$ 0&
#197125 0+
#198125 1+
#198375 1)
#198625 1! 1" 1% 1'
#198750 1,
#199375 0) 0-
#199625 0! 0" 0% 0'
#199750 1# 1$ 1&
#199875 0* 10
#200875 1*
#201500 1!
#201750 0*
#202750 1*
#203375 0!
#203500 1"
#203625 0*
#204625 1*
#205250 1!
#205500 0*
#206500 1*
#207750 1) 1-
#208000 0! 0$ 1% 0& 1' 1(
#208750 0)
#209000 0" 0' 0(
#209125 1&
#209250 0*
#210250 1*
#210500 1)
#210875 1! 1" 1$ 1' 1(
#211625 0)
#213375 1)
#213625 0# 0$ 0& 0(
#214375 0) 0-
#214625 0! 0" 0'
#214750 1&
#214875 0*
#216000 1*
#216625 1!
#216750 0*
#217875 1*
#218375 0!
#218500 1"
#218625 0*
#219750 1*
#220375 1!
#220625 0*
#221625 1*
#222750 1) 1-
#223000 0! 1# 0& 1' 1(
#223875 0)
#224000 0" 0# 0' 0(
#224125 1$ 1&
#224375 0*
#225375 1*
#225500 1)
#225750 0%
#225875 1# 1' 1( 0,
#226625 0)
#226875 1! 0# 0$ 0& 0' 0(
#227125 0+
#228125 1+
#228375 1)
#228625 1'
#228750 1" 1% 1,
#229375 0-
#229500 0)
#229625 0! 0" 0'
#229750 1# 1&
#230000 0*
#231000 1*
#231625 1!
#231875 0*
#232875 1*
#233375 0!
#233500 1"
#233750 0*
#234750 1*
#235375 1!
#235625 0*
#236625 1*
#237750 1) 1-
#238000 0! 0& 1' 1(
#238875 0)
#239000 0" 0' 0(
#239125 1$ 1&
#239375 0*
#240375 1*
#240500 1)
#240750 0% 0&
#240875 1! 1" 0$
#241625 0)
#241875 1$ 1% 1&
#242125 0+
#243125 1+
#243375 1)
#243625 0# 0$ 0&
#243750 1'
#244500 0) 0-
#244625 0! 0" 0'
#244750 1$ 1&
#245000 0*
#246000 1*
#246625 1!
#246875 0*
#247875 1*
#248375 0!
#248500 1"
#248750 0*
#249750 1*
#250375 1!
#250625 0*
#251625 1*
#252750 1)
#252875 1-
#253000 0! 0$ 0&
#253125 1# 1' 1(
#253875 0)
#254000 0(
#254125 0" 0# 0%
#254375 0*
#255375 1*
#255625 1)
#255875 1# 1$ 1& 1(
#256000 0,
#256750 0)
#256875 0# 0$ 0& 0' 0(
#257000 1"
#257250 0+
#258250 1+
#258375 1)
#258750 1! 1% 1' 1,
#259500 0) 0-
#259625 0!
#259750 0" 1# 1$ 1& 0'
#260000 0*
#261000 1*
#261625 1!
#261875 0*
#262875 1*
#263500 0! 1"
#263750 0*
#264750 1*
#265375 1!
#265625 0*
#266625 1*
#267750 1)
#267875 1-
#268000 0! 0&
#268125 0$ 1' 1(
#268875 0)
#269125 0" 0% 0(
#269375 0*
#270375 1*
#270625 1)
#270875 1(
#271000 1! 1" 1$ 1% 1&
#271750 0)
#273375 1)
#273750 0# 0$ 0& 0(
#274500 0) 0-
#274750 0! 0" 0%
#275000 0*
#276000 1*
#276625 1!
#276750 00
#276875 0*
#277875 1*
#278500 0! 1"
#278750 0*
#279750 1*
#280375 1!
#280625 0*
#281625 1*
#282875 1) 1-
#283000 0!
#283125 1# 1% 1(
#283750 10
#283875 0)
#284125 0" 0# 0% 0(
#284250 1$
#284375 0*
#285375 1*
#285625 1)
#286000 1# 1& 1( 0,
#286750 0)
#286875 0(
#287000 1! 1" 0# 0$ 0& 0'
#287250 0+
#288250 1+
#288500 1)
#288750 1% 1'
#288875 1,
#289500 0) 0-
#289750 0! 0" 0%
#289875 1#
#290000 0*
#291000 1*
#291625 1!
#291875 0*
#292875 1*
#293500 0!
#293625 1"
#293750 0*
#294750 1*
#295375 1!
#295625 0*
#296625 1*
#297875 1) 1-
#298125 0! 1% 1(
#298875 0)
#299125 0" 0% 0(
#299250 1$
#299375 0*
#300500 1*
#300625 1)
#300875 0# 0'
#301750 0)
#302000 1! 1" 1# 1% 1&
#302250 0*
#303250 1*
#303500 1)
#303750 0# 0$ 0& 1'
#304500 0-
#304625 0)
#304750 0! 0" 0%
#304875 1$
#305000 0*
#306125 1*
#306750 1!
#306875 0*
#308000 1*
#308500 0!
#308625 1"
#308875 0*
#309875 1*
#310500 1!
#310750 0*
#311750 1*
#312875 1) 1-
#313125 0! 0$ 1% 1(
#313250 1#
#314000 0)
#314125 0" 0# 0(
#314500 0*
#315500 1*
#315625 1)
#315875 0%
#316000 1# 1$ 1& 1(
#316125 0,
#316750 0)
#317000 0$ 0& 0' 0(
#317250 0+
#318250 1+
#318500 1)
#318750 1! 0# 1'
#318875 1" 1% 1,
#319500 0-
#319625 0)
#319750 0! 0" 0%
#319875 1# 1$
#320125 0*
#321125 1*
#321750 1!
#322000 0*
#323000 1*
#323500 0!
#323625 1"
#323875 0*
#324875 1*
#325500 1!
#325750 0*
#326750 1*
#327875 1) 1-
#328125 0! 0$ 1(
#328250 1%
#329000 0)
#329125 0" 0(
#329500 0*
#330500 1*
#330625 1)
#331000 1! 1" 1$ 1& 1(
#331750 0)
#333500 1)
#333750 0# 0$ 0& 0(
#334500 0-
#334625 0)
#334750 0! 0"
#335125 0*
#336125 1*
#336750 1!
#337000 0*
#338000 1*
#338500 0!
#338625 1"
#338875 0*
#339875 1*
#340500 1!
#340750 0*
#341750 1*
#342875 1) 1-
#343125 0! 1(
#343250 1#
#344000 0)
#344125 0" 0# 0(
#344250 1$
#344500 0*
#345500 1*
#345625 1)
#345875 0%
#346000 1# 1& 1(
#346125 0,
#346750 0)
#347000 1! 0$ 0& 0' 0(
#347250 0+
#348250 1+
#348500 1)
#348750 0#
#348875 1" 1% 1' 1,
#349625 0) 0-
#349750 0! 0"
#349875 1#
#350125 0*
#351125 1*
#351750 1!
#352000 0*
#353000 1*
#353500 0!
#353625 1"
#353875 0*
#354875 1*
#355500 1!
#355750 0*
#356750 1*
#357875 1) 1-
#358125 0! 1(
#359000 0)
#359125 0" 0(
#359250 1$
#359500 0*
#360500 1*
#360625 1) 00
#361000 1! 0# 0% 0'
#361750 0)
#362000 1%
#362125 1" 1# 1&
#362250 0+
#363250 1+
#363500 1)
#363750 0# 0$ 0&
#363875 1'
#364625 0) 0-
#364750 0! 0"
#364875 1$
#365125 0*
#366125 1*
#366750 1!
#367000 0*
#367625 10
#368000 1*
#368500 0!
#368625 1"
#368875 0*
#369875 1*
#370500 1!
#370750 0*
#371750 1*
#372875 1) 1-
#373125 0! 0$ 1(
#373250 1#
#374000 0)
#374125 0# 0(
#374250 0" 0% 1&
#374500 0*
#375500 1*
#375625 1)
#376000 1# 1$ 1(
#376125 0,
#376750 0)
#377000 1" 0$ 0& 0' 0(
#377250 0+
#378250 1+
#378500 1)
#378750 0#
#378875 1! 1% 1' 1,
#379625 0) 0-
#379750 0! 0"
#379875 1# 1$
#380125 0*
#381125 1*
#381750 1!
#382000 0*
#383000 1*
#383500 0!
#383625 1"
#383875 0*
#384875 1*
#385500 1!
#385750 0*
#386750 1*
#387875 1) 1-
#388125 0! 0$ 1(
#389000 0)
#389125 0" 0% 0(
#389250 1&
#389500 0*
#390500 1*
#390625 1)
#391000 1! 1" 1$ 1% 1(
#391750 0)
#393500 1)
#393750 0# 0$ 0& 0(
#394500 0-
#394625 0)
#394750 0! 0" 0%
#394875 1&
#395125 0*
#396125 1*
#396750 1!
#397000 0*
#398000 1*
#398500 0!
#398625 1"
#398875 0*
#399875 1*
#400500 1!
#400750 0*
#401750 1*
#402875 1) 1-
#403125 0! 0& 1(
#403250 1# 1%
#404000 0)
#404125 0" 0# 0% 0(
#404250 1$ 1&
#404500 0*
#405500 1*
#405625 1)
#406000 1# 1(
#406125 0,
#406750 0)
#407000 1! 1" 0$ 0& 0' 0(
#407250 0+
#408250 1+
#408500 1)
#408750 0# 1'
#408875 1% 1,
#409500 0-
#409625 0)
#409750 0! 0" 0%
#409875 1# 1&
#410125 0*
#411125 1*
#411750 1!
#412000 0*
#413000 1*
#413500 0!
#413625 1"
#413875 0*
#414875 1*
#415500 1!
#415750 0*
#416750 1*
#417875 1) 1-
#418125 0! 1% 0& 1(
#419000 0)
#419125 0" 0% 0(
#419250 1$ 1&
#419375 0*
#420500 1*
#420625 1)
#420875 0# 0& 0'
#421000 1"
#421750 0)
#422000 1! 1# 1% 1&
#422250 0*
#423250 1*
#423500 1)
#423750 0# 0$ 0& 1'
#424500 0-
#424625 0)
#424750 0! 0" 0%
#424875 1$ 1&
#425000 0*
#426125 1*
#426750 1!
#426875 0*
#428000 1*
#428500 0!
#428625 1"
#428750 0*
#429875 1*
#430375 1!
#430625 0*
#431750 1*
#432875 1) 1-
#433125 0! 1# 0$ 1% 0& 1(
#433875 0)
#434125 0" 0# 0(
#434250 1&
#434375 0*
#435375 1*
#435625 1)
#435875 0%
#436000 1# 1$ 1( 0,
#436750 0)
#436875 0(
#437000 0# 0& 0'
#437250 0+
#438250 1+
#438500 1)
#438750 1! 1" 0$ 1% 1'
#438875 1,
#439500 0) 0-
#439750 0! 0" 0%
#439875 1# 1$ 1&
#440000 0*
#441000 1*
#441625 1!
#441875 0*
#442875 1*
#443500 0!
#443625 1"
#443750 0*
#444500 00
#444750 1*
#445375 1!
#445625 0*
#446625 1*
#447875 1) 1-
#448125 0! 0$ 1% 0& 1(
#448875 0)
#449125 0" 1& 0(
#449375 0*
#450375 1*
#450625 1)
#451000 1! 1" 1$ 1(
#451375 10
#451750 0)
#453375 1)
#453750 0# 0$ 0& 0(
#454500 0) 0-
#454750 0! 0" 1&
#455000 0*
#456000 1*
#456625 1!
#456875 0*
#457875 1*
#458500 0! 1"
#458750 0*
#459750 1*
#460375 1!
#460625 0*
#461625 1*
#462750 1)
#462875 1-
#463000 0! 0&
#463125 1# 1(
#463875 0)
#464125 0" 0# 1$ 1& 0(
#464375 0*
#465375 1*
#465625 1)
#465875 0% 1(
#466000 1# 0,
#466750 0)
#466875 0# 0& 0' 0(
#467000 1!
#467250 0+
#468250 1+
#468375 1)
#468625 0$
#468750 1" 1% 1'
#468875 1,
#469500 0) 0-
#469750 0! 0" 1# 1&
#470000 0*
#471000 1*
#471625 1!
#471875 0*
#472875 1*
#473500 0! 1"
#473750 0*
#474750 1*
#475375 1!
#475625 0*
#476625 1*
#477750 1)
#477875 1-
#478000 0! 0&
#478125 1(
#478875 0)
#479125 0" 1$ 1& 0(
#479375 0*
#480375 1*
#480625 1)
#480875 1! 1" 0# 0% 0& 0'
#481750 0)
#482000 1# 1% 1&
#482250 0+
#483250 1+
#483375 1)
#483625 0# 0$ 0&
#483750 1'
#484500 0) 0-
#484625 0!
#484750 0" 1$ 1&
#485000 0*
#486000 1*
#486625 1!
#486875 0*
#487875 1*
#488375 0!
#488500 1"
#488750 0*
#489750 1*
#490375 1!
#490625 0*
#491625 1*
#492750 1)
#492875 1-
#493125 1# 1(
#493875 0)
#494375 0+
#495375 1+
#495625 1)
#495875 0! 0" 0%
#496000 0,
#496625 0)
#496875 0# 0& 0' 0(
#497000 1"
#497125 0+
#498250 1+
#498375 1)
#498625 0$
#498750 1! 1% 1' 1,
#499500 0) 0-
#499625 0! 0"
#499750 1# 1$ 1&
#500000 0*
#501000 1*
#501625 1!
#501875 0*
#502875 1*
#503375 0!
#503500 1"
#503750 0*
#504750 1*
#505375 1!
#505625 0*
#506625 1*
#507750 1) 1-
#508000 0! 0$ 0& 1(
#508875 0)
#509000 0(
#509125 0" 0# 0% 0'
#509375 0*
#510375 1*
#511000 1!
#511250 0*
#512250 1*
#512750 0!
#512875 1"
#513125 0*
#513875 1)
#514125 1*
#514250 1# 1% 1' 1(
#515000 0)
#515125 0" 0# 0% 0' 0(
#515375 0*
#516500 1*
#517125 1!
#517250 0*
#518375 1*
#518875 0!
#519000 1"
#519125 0*
#520000 1)
#520125 0" 1*
#520250 1# 1$ 1& 1' 1(
#520375 0,
#521000 0)
#521250 1! 1" 0# 0& 0' 0(
#521500 0+
#522500 1+
#522750 1)
#523000 0! 0" 1' 1(
#523125 1% 1,
#523875 0)
#524000 0$ 0% 0' 0(
#524125 1" 1#
#524375 0*
#525375 1*
#526000 1%
#526250 0*
#527250 1*
#527375 1)
#527625 0"
#527750 1' 1(
#528250 00
#528500 0)
#528750 1" 0% 0' 0(
#529000 0*
#530000 1*
#530250 1)
#530500 0" 0# 1' 1(
#530625 1$ 1%
#531375 0)
#531500 0$ 0% 0' 0(
#531625 1" 1#
#531875 0*
#532875 1*
#533500 1%
#533750 0*
#534750 1*
#534875 1)
#535125 0"
#535250 1' 1( 10
#536000 0)
#536250 1" 0% 0' 0(
#536500 0*
#537500 1*
#537750 1)
#538000 1' 1(
#538125 1%
#538875 0)
#539000 0" 0# 0% 0' 0(
#539375 0*
#540375 1*
#541000 1!
#541250 0*
#542250 1*
#542750 0!
#542875 1"
#543125 0*
#543875 1)
#544125 1' 1( 1*
#544250 1# 1%
#544875 0)
#545125 0" 0# 0% 0' 0(
#545375 0*
#546375 1*
#547125 1!
#547250 0*
#548250 1*
#548875 0!
#549000 1"
#549125 0*
#549875 1)
#550125 0" 1*
#550250 1# 1$ 1& 1' 1(
#550375 0,
#551000 0)
#551250 0& 0' 0(
#551500 0+
#552500 1+
#552750 1)
#553000 0# 1' 1(
#553125 1% 1,
#553875 0)
#554000 0$ 0% 0' 0(
#554125 1" 1#
#554375 0*
#555375 1*
#556000 1%
#556250 0*
#557250 1*
#557375 1)
#557625 0"
#557750 1' 1(
#558500 0)
#558750 1" 0% 0' 0(
#559000 0*
#560000 1*
#560250 1)
#560500 0" 0# 1' 1(
#560625 1$ 1%
#561375 0)
#562000 0$ 0% 0' 0(
#562125 1" 1#
#562250 0*
#563250 1*
#564375 1%
#564625 0*
#565625 1*
#565875 1)
#566625 0" 1' 1(
#567375 0)
#567625 0% 0' 0(
#567750 1"
#567875 0*
#568875 1*
#569625 1)
#569875 1(
#570000 1% 1'
#570750 0)
#570875 0" 0# 0% 0' 0(
#571250 0*
#572250 1*
#572875 1!
#573125 0*
#574125 1*
#574625 0!
#574750 1"
#575000 0*
#575750 1)
#576000 1( 1*
#576125 1# 1% 1'
#576875 0)
#577000 0" 0# 0% 0' 0(
#577250 0*
#578250 1*
#579000 1!
#579125 0*
#580125 1*
#580750 0!
#580875 1"
#581000 0*
#581750 1)
#582000 0" 1*
#582125 1# 1$ 1& 1' 1(
#582250 0,
#582875 0)
#583125 1! 0& 0' 0(
#583375 0+
#584375 1+
#584625 1)
#584875 0! 0# 1' 1(
#585000 1% 1,
#585750 0)
#585875 0$ 0% 0' 0(
#586000 1" 1#
#586250 0*
#587250 1*
#587875 1%
#588125 0*
#589125 1*
#589250 1)
#589500 0"
#589625 1' 1(
#590375 0)
#590625 1" 0% 0' 0(
#590875 0*
#591875 1*
#592125 1)
#592375 0" 0# 1(
#592500 1$ 1% 1'
#593250 0)
#593375 0$ 0% 0' 0(
#593500 1" 1#
#593750 0*
#594750 1*
#595375 1%
#595625 0*
#596625 1*
#596875 1)
#597000 0"
#597125 1' 1(
#597875 0)
#598125 1" 0% 0' 0(
#598375 0*
#599375 1*
#599625 1)
#600000 1% 1' 1(
#600750 0)
#600875 0' 0(
#601000 0" 0# 0%
#601250 0*
#602250 1*
#602875 1!
#603125 0*
#604125 1*
#604625 0!
#604750 1"
#605000 0*
#605750 1)
#606000 1*
#606125 1# 1% 1' 1(
#606875 0)
#607000 0" 0# 0% 0' 0(
#607375 0*
#608375 1*
#609000 1!
#609250 0*
#610250 1*
#610750 0!
#610875 1"
#611125 0*
#611875 1)
#612125 0" 1# 1$ 1& 1' 1( 1* 00
#612250 0,
#613000 0)
#613125 0& 0' 0(
#613250 1"
#613500 0+
#614500 1+
#614625 1)
#614875 0" 0#
#615000 1% 1' 1( 1,
#615750 0)
#615875 0(
#616000 1" 1# 0$ 0% 0'
#616250 0*
#617250 1*
#617875 1%
#618125 0*
#619125 1* 10
#619375 1)
#619625 0" 1' 1(
#620500 0)
#620625 0% 0' 0(
#620750 1"
#620875 0*
#622000 1*
#622125 1)
#622375 0" 0#
#622500 1$ 1% 1' 1(
#623250 0)
#623500 1" 1# 0$ 0% 0' 0(
#623750 0*
#624750 1*
#625375 1%
#625625 0*
#626625 1*
#626875 1)
#627125 0" 1' 1(
#628000 0)
#628125 0% 0' 0(
#628250 1"
#628500 0*
#629500 1*
#629625 1)
#644875 0"
#645000 1$ 1& 1' 1(
#645125 0,
#645750 0)
#646000 1! 1" 0& 0' 0(
#646250 0+
#647375 1+
#647500 1)
#648750 1% 1& 1' 1(
#648875 1,
#649500 0)
#651250 1)
#654375 0! 0$ 0&
#655125 0)
#655375 0" 0# 0% 0' 0(
#655625 0*
#656750 1*
#656875 1)
#657250 1! 1" 1# 1$ 1% 1& 1' 1(
#658000 0)
#659750 1)
#660875 0)
#661375 0+
#662375 1+
#663250 0+
#664250 1+
#665125 0+
#666125 1+
#667000 0+
#668000 1+
#669125 1)
#669375 0! 0$ 0&
#670250 0)
#670375 0" 0% 0' 0(
#670750 0*
#671750 1*
#671875 1)
#672250 1$ 1& 1' 1(
#672375 0,
#673000 0)
#673250 0# 0$ 1% 0& 0' 0(
#673500 0+
#674500 1+
#674750 1)
#675000 1! 1'
#675125 1" 1,
#675875 0) 0-
#676000 0! 0" 0% 0'
#676125 1(
#676375 0*
#677375 1*
#678000 1!
#678250 0*
#679250 1*
#679750 0!
#679875 1"
#680125 0*
#681125 1*
#681750 1!
#682000 0*
#683000 1*
#684125 1) 1-
#684375 0!
#684500 1# 1% 1'
#685250 0)
#685375 0# 0% 0'
#685500 0" 1$ 0(
#685750 0*
#686750 1*
#687000 1)
#687250 1! 1" 1# 1% 1& 1' 1(
#688000 0)
#689750 1)
#690000 0# 0$ 0& 0(
#690875 0) 0-
#691000 0! 0"
#691125 1# 0% 0' 1(
#691375 0*
#692375 1*
#693000 1!
#693250 0*
#694250 1*
#694750 0!
#694875 1"
#695125 0*
#696000 00
#696125 1*
#696750 1!
#697000 0*
#698000 1*
#699125 1) 1-
#699375 0!
#699500 1% 1'
#700250 0)
#700500 0" 1$ 0% 0' 0(
#700750 0*
#701750 1*
#702000 1)
#703000 0) 10
#703375 1! 1" 1% 1&
#703500 0*
#704625 1*
#704750 1)
#705000 0# 0$ 0&
#705125 1'
#705875 0) 0-
#706125 0! 0" 1$ 0% 0' 1(
#706375 0*
#707375 1*
#708000 1!
#708250 0*
#709250 1*
#709875 0! 1"
#710125 0*
#711125 1*
#711750 1!
#712000 0*
#713000 1*
#714125 1)
#714250 1-
#714375 0! 0$
#714500 1# 1% 1'
#715250 0)
#715500 0" 0# 0' 0(
#715750 0*
#716750 1*
#717000 1)
#717250 0% 1' 1(
#717375 1# 1$ 1& 0,
#718125 0)
#718250 0# 0$ 0& 0' 0(
#718375 1! 1%
#718625 0+
#719625 1+
#719750 1)
#720125 1" 1'
#720250 1,
#720875 0) 0-
#721125 0! 0" 1# 1$ 0% 0' 1(
#721375 0*
#722375 1*
#723000 1!
#723250 0*
#724250 1*
#724875 0! 1"
#725125 0*
#726125 1*
#726750 1!
#727000 0*
#728000 1*
#729250 1) 1-
#729375 0!
#729500 0$ 1% 1'
#730250 0)
#730500 0" 0' 0(
#730750 0*
#731750 1*
#732000 1)
#732375 1! 1" 1$ 1& 1' 1(
#733125 0)
#734875 1)
#735125 0# 0$ 0& 0(
#735875 0) 0-
#736125 0! 0" 0' 1(
#736375 0*
#737375 1*
#738000 1!
#738250 0*
#739250 1*
#739875 0!
#740000 1"
#740125 0*
#741125 1*
#741750 1!
#742000 0*
#743000 1*
#744250 1) 1-
#744500 0! 1# 1'
#745250 0)
#745500 0" 0# 0' 0(
#745625 1$
#745750 0*
#746750 1*
#747000 1)
#747250 0%
#747375 1# 1& 1' 1( 0,
#748125 0)
#748375 1" 0# 0$ 1% 0& 0' 0(
#748625 0+
#749625 1+
#749875 1)
#750125 1! 1'
#750250 1,
#750875 0) 0-
#751125 0! 0" 0' 1(
#751250 1#
#751375 0*
#752500 1*
#753125 1!
#753250 0*
#754375 1*
#754875 0!
#755000 1"
#755125 0*
#756250 1*
#756875 1!
#757000 0*
#758125 1*
#759250 1) 1-
#759500 0! 1'
#760375 0)
#760500 0" 0' 0(
#760625 1$
#760750 0*
#761875 1*
#762000 1)
#762250 0%
#762375 1!
#763125 0)
#763375 1" 1% 1&
#763625 0+
#764625 1+
#764875 1)
#765125 0# 0$ 0& 1'
#765875 0-
#766000 0)
#766125 0! 0" 0'
#766250 1$ 1(
#766500 0*
#767500 1*
#768125 1!
#768250 0*
#769375 1*
#769875 0!
#770000 1"
#770125 0*
#771250 1*
#771875 1!
#772000 0*
#773125 1*
#774250 1) 1-
#774500 0! 1# 0$ 1'
#775375 0)
#775500 0" 0# 0% 0' 0(
#775625 1&
#775750 0*
#776875 1*
#777000 1)
#777375 1# 1$ 1' 1( 0,
#778125 0)
#778375 1! 1" 0# 0$ 1% 0& 0' 0(
#778625 0+
#779625 1+
#779875 1) 00
#780125 1'
#780250 1,
#780875 0-
#781000 0)
#781125 0! 0" 0'
#781250 1# 1$ 1(
#781500 0*
#782500 1*
#783125 1!
#783375 0*
#784375 1*
#784875 0!
#785000 1"
#785250 0*
#786250 1*
#786875 1! 10
#787125 0*
#788125 1*
#789250 1) 1-
#789500 0! 0$ 1'
#790375 0)
#790500 0" 0% 0' 0(
#790625 1&
#790750 0*
#791875 1*
#792000 1)
#792375 1! 1" 1$ 1% 1' 1(
#793125 0)
#794875 1)
#795125 0# 0$ 0& 0(
#795875 0-
#796000 0)
#796125 0! 0" 0% 0'
#796250 1& 1(
#796375 0*
#797500 1*
#798125 1!
#798375 0*
#799375 1*
#799875 0!
#800000 1"
#800125 0*
#801250 1*
#801875 1!
#802000 0*
#803125 1*
#804250 1) 1-
#804500 0! 1# 1% 0& 1'
#805375 0)
#805500 0" 0# 0% 0' 0(
#805625 1$ 1&
#805750 0*
#806875 1*
#807000 1)
#807375 1# 1' 1( 0,
#808125 0)
#808375 0$ 1% 0& 0' 0(
#808625 0+
#809625 1+
#809875 1)
#810125 1! 1" 0# 1'
#810250 1,
#810875 0-
#811000 0)
#811125 0! 0" 0% 0'
#811250 1# 1& 1(
#811375 0*
#812500 1*
#813125 1!
#813250 0*
#814375 1*
#814875 0!
#815000 1"
#815125 0*
#816250 1*
#816875 1!
#817000 0*
#818125 1*
#819250 1) 1-
#819500 0! 1% 0& 1'
#820375 0)
#820500 0" 0% 0' 0(
#820625 1$ 1&
#820750 0*
#821875 1*
#822000 1)
#822250 0&
#822375 1"
#823125 0)
#823375 1! 1% 1&
#823625 0*
#824625 1*
#824875 1)
#825125 0# 0$ 0& 1'
#825875 0) 0-
#826125 0! 0" 0% 0' 1(
#826250 1$ 1&
#826375 0*
#827375 1*
#828000 1!
#828250 0*
#829375 1*
#829875 0!
#830000 1"
#830125 0*
#831125 1*
#831750 1!
#832000 0*
#833000 1*
#834250 1) 1-
#834500 0! 1# 0$ 1% 0& 1'
#835250 0)
#835500 0" 0# 0' 0(
#835625 1&
#835750 0*
#836750 1*
#837000 1)
#837250 0%
#837375 1# 1$ 1' 1( 0,
#838125 0)
#838250 0(
#838375 1! 0$ 1% 0& 0'
#838625 0+
#839625 1+
#839875 1)
#840125 1" 0# 1'
#840250 1,
#840875 0) 0-
#841125 0! 0" 0% 0' 1(
#841250 1# 1$ 1&
#841375 0*
#842375 1*
#843000 1!
#843250 0*
#844250 1*
#844875 0! 1"
#845125 0*
#846125 1*
#846750 1!
#847000 0*
#848000 1*
#849250 1) 1-
#849375 0!
#849500 0$ 1% 0& 1'
#850250 0)
#850500 0" 1& 0' 0(
#850750 0*
#851750 1*
#852000 1)
#852375 1! 1" 1$ 1' 1(
#853125 0)
#854750 1)
#855125 0# 0$ 0& 0(
#855875 0) 0-
#856125 0! 0" 1& 0' 1(
#856375 0*
#857375 1*
#858000 1!
#858250 0*
#859250 1*
#859875 0! 1"
#860125 0*
#861125 1*
#861750 1!
#862000 0*
#863000 1*
#863750 00
#864125 1)
#864250 1-
#864375 0!
#864500 1# 0& 1'
#865250 0)
#865500 0" 0# 1$ 1& 0' 0(
#865750 0*
#866750 1*
#867000 1)
#867250 0% 1' 1(
#867375 1# 0,
#868125 0)
#868250 0& 0' 0(
#868375 1" 0$ 1%
#868625 0+
#869625 1+
#869750 1)
#870000 0#
#870125 1! 1'
#870250 1,
#870625 10
#870875 0) 0-
#871125 0! 0" 1# 1& 0' 1(
#871375 0*
#872375 1*
#873000 1!
#873250 0*
#874250 1*
#874875 0! 1"
#875125 0*
#876125 1*
#876750 1!
#877000 0*
#878000 1*
#879125 1)
#879250 1-
#879375 0! 0&
#879500 1'
#880250 0)
#880500 0" 1$ 1& 0' 0(
#880750 0*
#881750 1*
#882000 1)
#882250 1! 1" 0% 0&
#883125 0)
#883375 1% 1&
#883625 0+
#884625 1+
#884750 1)
#885000 0# 0$ 0&
#885125 1'
#885875 0) 0-
#886125 0! 0" 1$ 1& 0' 1(
#886375 0*
#887375 1*
#888000 1!
#888250 0*
#889250 1*
#889750 0!
#889875 1"
#890125 0*
#891125 1*
#891750 1!
#892000 0*
#893000 1*
#894125 1)
#894250 1-
#894375 0! 0$ 0&
#894500 1# 1'
#895250 0)
#895500 0" 0# 0% 0(
#895750 0*
#896750 1*
#897000 1)
#897250 1# 1$ 1& 1(
#897375 0,
#898000 0)
#898250 1! 0$ 0& 0' 0(
#898375 1" 1%
#898500 0+
#899625 1+
#899750 1)
#900000 0#
#900125 1' 1,
#900875 0) 0-
#901000 0! 0" 0'
#901125 1# 1$ 1& 1(
#901375 0*
#902375 1*
#903000 1!
#903250 0*
#904250 1*
#904750 0!
#904875 1"
#905125 0*
#906125 1*
#906750 1!
#907000 0*
#908000 1*
#909125 1) 1-
#909375 0! 0$ 0& 1'
#910250 0)
#910375 0" 0(
#910500 0%
#910750 0*
#911750 1*
#911875 1)
#912250 1! 1" 1$ 1% 1& 1(
#913000 0)
#914750 1)
#915000 0# 0$ 0& 0(
#915750 0-
#915875 0)
#916000 0! 0" 0%
#916125 1(
#916375 0*
#917375 1*
#918000 1!
#918250 0*
#919250 1*
#919750 0!
#919875 1"
#920125 0*
#921125 1*
#921750 1!
#922000 0*
#923000 1*
#924125 1) 1-
#924375 0!
#924500 1# 1%
#925250 0)
#925375 0" 0# 0% 0(
#925500 1$
#925750 0*
#926750 1*
#926875 1)
#927250 1# 1& 1(
#927375 0,
#928000 0)
#928250 0# 1% 0& 0' 0(
#928500 0+
#929500 1+
#929750 1)
#930000 1! 0$ 1'
#930125 1" 1,
#930750 0-
#930875 0)
#931000 0! 0" 0%
#931125 1# 1(
#931375 0*
#932375 1*
#933000 1!
#933250 0*
#934250 1*
#934750 0!
#934875 1"
#935125 0*
#936125 1*
#936750 1!
#937000 0*
#938000 1*
#939125 1) 1-
#939375 0! 1%
#940250 0)
#940375 0" 0% 0(
#940500 1$
#940750 0*
#941750 1*
#941875 1)
#942125 0# 0$ 0'
#942250 1%
#943000 0)
#943250 1! 1" 1# 1$ 1&
#943500 0*
#944500 1*
#944750 1)
#945000 0# 0$ 0& 1'
#945750 0-
#945875 0)
#946000 0! 0" 0%
#946125 1$ 1(
#946250 0*
#947375 1*
#947500 00
#948000 1!
#948250 0*
#949250 1*
#949750 0!
#949875 1"
#950125 0*
#951125 1*
#951750 1!
#951875 0*
#953000 1*
#954125 1) 1-
#954375 0! 1# 0$ 1%
#954500 10
#955250 0)
#955375 0" 0# 0(
#955625 0*
#956750 1*
#956875 1)
#957125 0%
#957250 1# 1$ 1& 1( 0,
#958000 0)
#958250 1! 0# 1% 0& 0' 0(
#958500 0+
#959500 1+
#959750 1)
#960000 1" 0$ 1'
#960125 1,
#960750 0-
#960875 0)
#961000 0! 0" 0%
#961125 1# 1$ 1(
#961250 0*
#962375 1*
#963000 1!
#963125 0*
#964250 1*
#964750 0!
#964875 1"
#965000 0*
#966125 1*
#966750 1!
#966875 0*
#968000 1*
#969125 1) 1-
#969375 0! 0$ 1%
#970125 0)
#970375 0" 0(
#970625 0*
#971750 1*
#971875 1)
#972250 1! 1" 1$ 1& 1(
#973000 0)
#974750 1)
#975000 0# 0$ 0& 0(
#975750 0) 0-
#976000 0! 0" 1(
#976250 0*
#977375 1*
#978000 1!
#978125 0*
#979250 1*
#979750 0!
#979875 1"
#980000 0*
#981125 1*
#981625 1!
#981875 0*
#983000 1*
#984125 1) 1-
#984375 0! 1#
#985125 0)
#985375 0" 0# 0(
#985500 1$
#985625 0*
#986750 1*
#986875 1)
#987125 0%
#987250 1# 1& 1( 0,
#988000 0)
#988250 1" 0# 1% 0& 0' 0(
#988500 0+
#989500 1+
#989750 1)
#990000 1! 0$ 1'
#990125 1,
#990750 0) 0-
#991000 0! 0" 1(
#991125 1#
#991250 0*
#992375 1*
#993000 1!
#993125 0*
#994250 1*
#994750 0!
#994875 1"
#995000 0*
#996125 1*
#996625 1!
#996875 0*
#998000 1*
#999125 1) 1-
#999375 0!
#1000125 0)
#1000375 0" 0(
#1000500 1$
#1000625 0*
#1001750 1*
#1001875 1)
#1002125 0# 0$ 0'
#1002250 1!
#1003000 0)
#1003250 1" 1# 1$ 1&
#1003500 0+
#1004500 1+
#1004750 1)
#1005000 0# 0$ 0& 1'
#1005750 0-
#1005875 0)
#1006000 0! 0"
#1006125 1$ 1(
#1006375 0*
#1007375 1*
#1008000 1!
#1008125 0*
#1009250 1*
#1009750 0!
#1009875 1"
#1010000 0*
#1011125 1*
#1011750 1!
#1011875 0*
#1013000 1*
#1014125 1) 1-
#1014375 0! 1# 0$
#1015250 0)
#1015375 0" 0# 0% 0(
#1015500 1&
#1015625 0*
#1016750 1*
#1016875 1)
#1017250 1# 1$ 1(
#1017375 0,
#1018000 0)
#1018250 1! 1" 0# 1% 0& 0' 0(
#1018500 0+
#1019500 1+
#1019750 1)
#1020000 0$ 1'
#1020125 1,
#1020750 0-
#1020875 0)
#1021000 0! 0"
#1021125 1# 1$ 1(
#1021375 0*
#1022375 1*
#1023000 1!
#1023250 0*
#1024250 1*
#1024750 0!
#1024875 1"
#1025125 0*
#1026125 1*
#1026750 1!
#1027000 0*
#1028000 1*
#1029125 1) 1-
#1029375 0! 0$
#1030250 0)
#1030375 0" 0% 0(
#1030500 1&
#1030750 0*
#1031375 00
#1031750 1*
#1031875 1)
#1032250 1! 1" 1$ 1% 1(
#1033000 0)
#1034750 1)
#1035000 0# 0$ 0& 0(
#1035750 0-
#1035875 0)
#1036000 0! 0" 0%
#1036125 1& 1(
#1036375 0*
#1037375 1*
#1038000 1!
#1038250 0*
#1038375 10
#1039250 1*
#1039750 0!
#1039875 1"
#1040125 0*
#1041125 1*
#1041750 1!
#1042000 0*
#1043000 1*
#1044125 1) 1-
#1044375 0! 0&
#1044500 1# 1%
#1045250 0)
#1045375 0# 0% 0(
#1045500 0" 1$ 1&
#1045750 0*
#1046750 1*
#1047000 1)
#1047250 1# 1(
#1047375 0,
#1048000 0)
#1048250 1% 0& 0' 0(
#1048500 0+
#1049625 1+
#1049750 1)
#1050000 0# 0$
#1050125 1! 1" 1' 1,
#1050875 0) 0-
#1051000 0! 0" 0%
#1051125 1# 1& 1(
#1051375 0*
#1052375 1*
#1053000 1!
#1053250 0*
#1054250 1*
#1054750 0!
#1054875 1"
#1055125 0*
#1056125 1*
#1056750 1!
#1057000 0*
#1058000 1*
#1059125 1)
#1059250 1-
#1059375 0! 0&
#1059500 1%
#1060250 0)
#1060500 0" 1$ 0% 1& 0(
#1060750 0*
#1061750 1*
#1062000 1)
#1062250 1" 0# 0$ 1% 0& 0'
#1063000 0)
#1063375 1! 1# 1$ 1&
#1063500 0*
#1064625 1*
#1064750 1)
#1065000 0# 0$ 0&
#1065125 1'
#1065875 0) 0-
#1066000 0!
#1066125 0" 1$ 0% 1& 1(
#1066375 0*
#1067375 1*
#1068000 1!
#1068250 0*
#1069250 1*
#1069750 0!
#1069875 1"
#1070125 0*
#1071125 1*
#1071750 1!
#1072000 0*
#1073000 1*
#1074125 1)
#1074250 1-
#1074375 0! 0$ 0&
#1074500 1# 1%
#1075250 0)
#1075500 0" 0# 1& 0(
#1075750 0*
#1076750 1*
#1077000 1)
#1077250 0% 1(
#1077375 1# 1$ 0,
#1078125 0)
#1078250 0& 0' 0(
#1078375 1! 1%
#1078625 0+
#1079625 1+
#1079750 1)
#1080000 0# 0$
#1080125 1" 1'
#1080250 1,
#1080875 0) 0-
#1081125 0! 0" 1# 1$ 0% 1& 1(
#1081375 0*
#1082375 1*
#1083000 1!
#1083250 0*
#1084250 1*
#1084875 0! 1"
#1085125 0*
#1086125 1*
#1086750 1!
#1087000 0*
#1088000 1*
#1089125 1)
#1089250 1-
#1089375 0!
#1089500 0$ 1% 0&
#1090250 0)
#1090500 0" 1& 0(
#1090750 0*
#1091750 1*
#1092000 1)
#1092375 1! 1" 1$ 1(
#1093125 0)
#1094875 1)
#1095125 0# 0$ 0& 0(
#1095875 0) 0-
#1096125 0! 0" 1& 1(
#1096375 0*
#1097375 1*
#1098000 1!
#1098250 0*
#1099250 1*
#1099875 0!
#1100000 1"
#1100125 0*
#1101125 1*
#1101750 1!
#1102000 0*
#1103000 1*
#1104250 1) 1-
#1104500 0! 1# 0&
#1105250 0)
#1105500 0" 0# 0(
#1105625 1$ 1&
#1105750 0*
#1106875 1*
#1107000 1)
#1107250 0%
#1107375 1# 1( 0,
#1108125 0)
#1108375 1" 1% 0& 0' 0(
#1108625 0+
#1109625 1+
#1109875 1)
#1110125 1! 0# 0$ 1'
#1110250 1,
#1110875 0-
#1111000 0)
#1111125 0! 0"
#1111250 1# 1& 1(
#1111500 0*
#1112500 1*
#1113125 1!
#1113250 0*
#1114375 1*
#1114875 0!
#1115000 1"
#1115250 0* 00
#1116250 1*
#1116875 1!
#1117125 0*
#1118125 1*
#1119250 1) 1-
#1119500 0! 0&
#1120375 0)
#1120500 0" 0(
#1120625 1$ 1&
#1120875 0*
#1121875 1*
#1122000 1)
#1122250 0# 0$ 0& 0' 10
#1122375 1! 1"
#1123125 0)
#1123375 1# 1$ 1&
#1123625 0+
#1124625 1+
#1124875 1)
#1125125 0# 0$ 0& 1'
#1125875 0-
#1126000 0)
#1126125 0! 0"
#1126250 1$ 1& 1(
#1126500 0*
#1127500 1*
#1128125 1!
#1128375 0*
#1129375 1*
#1129875 0!
#1130000 1"
#1130250 0*
#1131250 1*
#1131875 1!
#1132125 0*
#1133125 1*
#1134250 1) 1-
#1134625 1#
#1135375 0)
#1135875 0+
#1136875 1+
#1137000 1)
#1137250 0!
#1137375 0" 0%
#1137500 0,
#1138125 0)
#1138375 1! 1" 1% 0& 0' 0(
#1138625 0+
#1139750 1+
#1139875 1)
#1140125 0# 0$
#1140250 1' 1,
#1141000 0) 0-
#1141125 0! 0"
#1141250 1# 1$ 1& 1(
#1141500 0*
#1142500 1*
#1143125 1!
#1143375 0*
#1144375 1*
#1144875 0!
#1145000 1"
#1145250 0*
#1146250 1*
#1146875 1!
#1147125 0*
#1148125 1*
#1149250 1)
#1149375 1-
#1149500 0! 0$ 0&
#1150375 0)
#1150625 0" 0# 0% 0' 0(
#1150875 0*
#1151875 1*
#1152500 1!
#1152750 0*
#1153750 1*
#1154250 0!
#1154375 1"
#1154625 0*
#1155375 1)
#1155625 1*
#1155750 1# 1% 1' 1(
#1156500 0)
#1156625 0# 0% 0' 0(
#1156750 0"
#1157000 0*
#1158000 1*
#1158625 1!
#1158875 0*
#1159875 1*
#1160375 0!
#1160500 1"
#1160750 0*
#1161500 1)
#1161750 0" 1' 1( 1*
#1161875 1# 1$ 1& 0,
#1162625 0)
#1162750 0# 0$ 0' 0(
#1163125 0+
#1164125 1+
#1164250 1)
#1164500 0&
#1164625 1$ 1% 1' 1( 1,
#1165375 0)
#1165625 1! 1" 1# 0$ 0% 0' 0(
#1165875 0*
#1166875 1*
#1167500 1%
#1167750 0*
#1168750 1*
#1169000 1)
#1169250 0! 0" 1' 1(
#1170125 0)
#1170250 0% 0' 0(
#1170375 1! 1"
#1170625 0*
#1171625 1*
#1171750 1)
#1172000 0! 0" 0#
#1172125 1$ 1% 1' 1(
#1172875 0)
#1173125 1! 1" 1# 0$ 0% 0' 0(
#1173375 0*
#1174375 1*
#1175000 1%
#1175250 0*
#1176250 1*
#1176500 1)
#1176750 0! 0" 1' 1(
#1177625 0)
#1177750 0% 0' 0(
#1177875 1! 1"
#1178125 0*
#1179125 1*
#1179250 1)
#1179500 0!
#1179625 1% 1' 1(
#1180375 0)
#1180625 0" 0# 0% 0' 0(
#1180875 0*
#1181875 1*
#1182500 1!
#1182750 0*
#1183750 1*
#1184375 0! 1"
#1184625 0*
#1185375 1)
#1185625 1*
#1185750 1# 1% 1' 1(
#1186500 0)
#1186750 0" 0# 0% 0' 0(
#1187000 0*
#1188000 1*
#1188625 1!
#1188875 0*
#1189875 1*
#1190375 0!
#1190500 1"
#1190750 0*
#1191500 1)
#1191750 0" 1*
#1191875 1# 1$ 1& 1' 1( 0,
#1192625 0)
#1192750 0# 0$ 0' 0(
#1192875 1!
#1193125 0+
#1194125 1+
#1194250 1)
#1194500 0!
#1194625 1$ 1% 0& 1' 1(
#1194750 1,
#1195375 0)
#1195625 1! 1" 0$ 0% 0' 0(
#1195750 1#
#1195875 0*
#1196875 1*
#1197500 1%
#1197750 0*
#1198750 1*
#1199000 1)
#1199125 00
#1199250 0! 0"
#1199375 1' 1(
#1200125 0)
#1200250 0' 0(
#1200375 1! 1" 0%
#1200625 0*
#1201625 1*
#1201875 1)
#1202000 0! 0"
#1202125 0# 1$ 1% 1' 1(
#1202875 0)
#1203625 1! 1" 1# 0$ 0% 0' 0(
#1203875 0*
#1204875 1*
#1206000 1% 10
#1206250 0*
#1207250 1*
#1207500 1)
#1208125 0! 0"
#1208250 1' 1(
#1209000 0)
#1209250 1! 1" 0% 0' 0(
#1209500 0*
#1210500 1*
#1211250 1)
#1211375 0!
#1211500 1% 1' 1(
#1212250 0)
#1212500 0" 0# 0% 0' 0(
#1212750 0*
#1213750 1*
#1214375 1!
#1214625 0*
#1215625 1*
#1216250 0!
#1216375 1"
#1216500 0*
#1217250 1)
#1217500 1*
#1217625 1# 1% 1' 1(
#1218375 0)
#1218625 0" 0# 0% 0' 0(
#1218875 0*
#1219875 1*
#1220500 1!
#1220750 0*
#1221750 1*
#1222250 0!
#1222375 1"
#1222625 0*
#1223375 1)
#1223625 0" 1*
#1223750 1# 1$ 1& 1' 1( 0,
#1224500 0)
#1224625 0# 0' 0(
#1224750 1" 0$
#1225000 0+
#1226000 1+
#1226250 1)
#1226375 0"
#1226500 1$ 1% 0& 1' 1(
#1226625 1,
#1227250 0)
#1227500 1! 1" 0$ 0% 0' 0(
#1227625 1#
#1227750 0*
#1228750 1*
#1229375 1%
#1229625 0*
#1230625 1*
#1230875 1)
#1231125 0! 0"
#1231250 1' 1(
#1232000 0)
#1232125 0' 0(
#1232250 1! 1" 0%
#1232500 0*
#1233500 1*
#1233750 1)
#1233875 0! 0"
#1234000 0# 1$ 1% 1' 1(
#1234750 0)
#1235000 1! 1" 0$ 0% 0' 0(
#1235125 1#
#1235250 0*
#1236250 1*
#1236875 1%
#1237125 0*
#1238125 1*
#1238375 1)
#1238625 0! 0" 1(
#1238750 1'
#1239500 0)
#1239625 0' 0(
#1239750 1! 1" 0%
#1240000 0*
#1241000 1*
#1241125 1)
#1241375 0!
#1241500 1% 1' 1(
#1242250 0)
#1242500 0" 0# 0% 0' 0(
#1242750 0*
#1243750 1*
#1244375 1!
#1244625 0*
#1245625 1*
#1246250 0! 1"
#1246500 0*
#1247250 1)
#1247500 1*
#1247625 1# 1% 1' 1(
#1248375 0)
#1248625 0" 0# 0% 0' 0(
#1248875 0*
#1249875 1*
#1250500 1!
#1250750 0*
#1251750 1*
#1252250 0!
#1252375 1"
#1252625 0*
#1253375 1)
#1253625 0" 1*
#1253750 1# 1$ 1& 1' 1( 0,
#1254500 0)
#1254625 0# 0$ 0' 0(
#1254750 1! 1"
#1255000 0+
#1256000 1+
#1256125 1)
#1256375 0! 0" 0&
#1256500 1$ 1% 1' 1(
#1256625 1,
#1257250 0)
#1257500 1! 1" 1# 0$ 0% 0' 0(
#1257750 0*
#1258750 1*
#1259375 1%
#1259625 0*
#1260625 1*
#1260875 1)
#1261125 0! 0" 1(
#1261250 1'
#1262000 0)
#1262125 0% 0' 0(
#1262250 1! 1"
#1262500 0*
#1263500 1*
#1263625 1)
#1263875 0! 0" 0#
#1264000 1$ 1% 1' 1(
#1264750 0)
#1265000 1! 1" 1# 0$ 0% 0' 0(
#1265250 0*
#1266250 1*
#1266875 1%
#1267125 0*
#1268125 1*
#1268375 1)
#1268625 0! 0" 1' 1(
#1269500 0)
#1269625 0% 0' 0(
#1269750 1! 1"
#1270000 0*
#1271000 1*
#1271125 1)
#1283000 00
#1286375 0! 0"
#1286500 1$ 1& 1' 1( 0,
#1287250 0)
#1287500 0$ 0' 0(
#1287750 0+
#1288750 1+
#1289000 1)
#1289875 10
#1290250 1! 1" 1$ 1% 1' 1( 1,
#1291000 0)
#1292750 1)
#1295750 0! 0$ 0&
#1296625 0)
#1296875 0" 0# 0% 0' 0(
#1297125 0*
#1298125 1*
#1298375 1)
#1298625 1! 1" 1# 1% 1& 1' 1(
#1298750 1$
#1299500 0)
#1301125 1)
#1302250 0)
#1302750 0+
#1303750 1+
#1304625 0+
#1305625 1+
#1306500 0+
#1307500 1+
#1308375 0+
#1309375 1+
#1310500 1)
#1310750 0! 0$ 0&
#1311625 0)
#1311750 0(
#1311875 0" 0% 0'
#1312125 0*
#1313125 1*
#1313375 1)
#1313625 1$ 1& 1' 1(
#1313750 0,
#1314375 0)
#1314625 1! 0$ 0' 0(
#1314875 0+
#1316000 1+
#1316125 1)
#1316375 0! 0&
#1316500 1% 1' 1,
#1317250 0) 0-
#1317375 0% 0'
#1317500 0#
#1317750 0*
#1318750 1*
#1319375 1!
#1319625 0*
#1320625 1*
#1321125 0!
#1321250 1"
#1321500 0*
#1322500 1*
#1323125 1!
#1323375 0*
#1324375 1*
#1325500 1) 1-
#1325750 0! 1(
#1325875 1# 1% 1'
#1326625 0)
#1326750 0# 0% 0' 0(
#1326875 0" 1$
#1327125 0*
#1328125 1*
#1328250 1)
#1328625 1! 1" 1# 1% 1& 1' 1(
#1329375 0)
#1331125 1)
#1331375 0! 0" 0$ 0& 0(
#1332125 0-
#1332250 0)
#1332375 0% 0'
#1332750 0*
#1333750 1*
#1334375 1!
#1334625 0*
#1335625 1*
#1336125 0!
#1336250 1"
#1336500 0*
#1337500 1*
#1338125 1!
#1338375 0*
#1339375 1*
#1340500 1) 1-
#1340750 0! 1% 1' 1(
#1341625 0)
#1341750 0" 0% 0' 0(
#1341875 1$
#1342125 0*
#1343125 1*
#1343250 1)
#1343500 0$
#1343625 1%
#1344375 0)
#1344625 1! 1" 1$ 1&
#1344875 0*
#1345875 1*
#1346125 1)
#1346375 0! 0" 0$ 0& 1'
#1347125 0-
#1347250 0)
#1347375 0# 0% 0'
#1347500 1$
#1347625 0*
#1348750 1*
#1349375 1!
#1349625 0*
#1350625 1*
#1351125 0!
#1351250 1"
#1351375 0*
#1352500 1*
#1353125 1!
#1353250 0*
#1354375 1*
#1355500 1) 1-
#1355750 0! 1# 0$ 1% 1' 1(
#1356625 0)
#1356750 0" 0# 0' 0(
#1357000 0*
#1358125 1*
#1358250 1)
#1358500 0%
#1358625 1# 1$ 1& 1' 1( 0,
#1359375 0)
#1359625 1" 0$ 0' 0(
#1359875 0+
#1360875 1+
#1361125 1)
#1361375 0" 1% 0& 1'
#1361500 1,
#1362125 0) 0-
#1362375 0% 0'
#1362500 1$
#1362625 0*
#1363750 1*
#1364375 1!
#1364500 0*
#1365625 1*
#1366125 0!
#1366250 1"
#1366375 0*
#1366750 00
#1367375 1*
#1368000 1!
#1368250 0*
#1369250 1*
#1370500 1) 1-
#1370750 0! 0$ 1% 1' 1(
#1371500 0)
#1371750 0" 0' 0(
#1372000 0*
#1373000 1*
#1373250 1)
#1373625 1! 1" 1$ 1& 1' 1(
#1373750 10
#1374375 0)
#1376125 1)
#1376375 0! 0" 0$ 0& 0(
#1377125 0) 0-
#1377375 0# 0'
#1377625 0*
#1378625 1*
#1379250 1!
#1379500 0*
#1380500 1*
#1381125 0!
#1381250 1"
#1381375 0*
#1382375 1*
#1383000 1!
#1383250 0*
#1384250 1*
#1385500 1) 1-
#1385625 0!
#1385750 1# 1' 1(
#1386500 0)
#1386750 0" 0# 0' 0(
#1386875 1$
#1387000 0*
#1388000 1*
#1388250 1)
#1388500 0%
#1388625 1# 1& 1' 1( 0,
#1389375 0)
#1389500 0(
#1389625 1! 1" 0$ 0'
#1389875 0+
#1390875 1+
#1391125 1)
#1391250 0! 0"
#1391375 1% 0& 1'
#1391500 1,
#1392125 0) 0-
#1392375 0'
#1392625 0*
#1393625 1*
#1394250 1!
#1394500 0*
#1395500 1*
#1396125 0! 1"
#1396375 0*
#1397375 1*
#1398000 1!
#1398250 0*
#1399250 1*
#1400500 1) 1-
#1400625 0!
#1400750 1' 1(
#1401500 0)
#1401750 0" 1$ 0' 0(
#1402000 0*
#1403000 1*
#1403250 1)
#1403500 0$
#1403625 1!
#1404375 0)
#1404625 1" 1$ 1&
#1404875 0+
#1405875 1+
#1406000 1)
#1406375 0! 0" 0$ 0& 1'
#1407125 0) 0-
#1407375 0# 0'
#1407500 1$
#1407625 0*
#1408625 1*
#1409250 1!
#1409500 0*
#1410500 1*
#1411125 0! 1"
#1411375 0*
#1412375 1*
#1413000 1!
#1413250 0*
#1414250 1*
#1415500 1) 1-
#1415625 0!
#1415750 1# 0$ 1' 1(
#1416500 0)
#1416750 0" 0# 0% 1& 0' 0(
#1417000 0*
#1418000 1*
#1418250 1)
#1418625 1# 1$ 1' 1( 0,
#1419375 0)
#1419500 0# 0' 0(
#1419875 0+
#1420875 1+
#1421000 1)
#1421375 1# 0$ 1% 0& 1'
#1421500 1,
#1422125 0) 0-
#1422375 1$ 0'
#1422625 0*
#1423625 1*
#1424250 1!
#1424500 0*
#1425500 1*
#1426125 0! 1"
#1426375 0*
#1427375 1*
#1428000 1!
#1428250 0*
#1429250 1*
#1430500 1) 1-
#1430625 0!
#1430750 0$ 1' 1(
#1431500 0)
#1431750 0" 0% 1& 0' 0(
#1432000 0*
#1433000 1*
#1433250 1)
#1433625 1! 1" 1$ 1% 1' 1(
#1434375 0)
#1436000 1)
#1436375 0! 0" 0$ 0& 0(
#1437125 0) 0-
#1437375 0# 0% 1& 0'
#1437625 0*
#1438625 1*
#1439250 1!
#1439500 0*
#1440500 1*
#1441125 0!
#1441250 1"
#1441375 0*
#1442375 1*
#1443000 1!
#1443250 0*
#1444250 1*
#1445500 1) 1-
#1445625 0!
#1445750 1# 1% 0& 1' 1(
#1446500 0)
#1446750 0" 0# 0% 1& 0' 0(
#1446875 1$
#1447000 0*
#1448000 1*
#1448250 1)
#1448625 1# 1' 1( 0,
#1449375 0)
#1449500 0(
#1449625 1! 0# 0'
#1449875 0+
#1450625 00
#1450875 1+
#1451125 1)
#1451250 0!
#1451375 1# 0$ 1% 0& 1'
#1451500 1,
#1452125 0) 0-
#1452375 0% 0'
#1452500 1&
#1452625 0*
#1453625 1*
#1454250 1!
#1454500 0*
#1455500 1*
#1456125 0!
#1456250 1"
#1456375 0*
#1457375 1*
#1457625 10
#1458000 1!
#1458250 0*
#1459250 1*
#1460500 1) 1-
#1460750 0! 1% 0& 1' 1(
#1461500 0)
#1461750 0" 0% 0' 0(
#1461875 1$ 1&
#1462000 0*
#1463000 1*
#1463250 1)
#1463500 0$ 0&
#1463625 1" 1%
#1464375 0)
#1464625 1! 1$ 1&
#1464875 0*
#1465875 1*
#1466125 1)
#1466375 0! 0" 0$ 0& 1'
#1467125 0) 0-
#1467375 0# 0% 0'
#1467500 1$ 1&
#1467625 0*
#1468750 1*
#1469375 1!
#1469500 0*
#1470625 1*
#1471125 0!
#1471250 1"
#1471375 0*
#1472500 1*
#1473125 1!
#1473250 0*
#1474375 1*
#1475500 1) 1-
#1475750 0! 1# 0$ 1% 0& 1' 1(
#1476625 0)
#1476750 0" 0# 0' 0(
#1476875 1&
#1477000 0*
#1478125 1*
#1478250 1)
#1478500 0%
#1478625 1# 1$ 1' 1( 0,
#1479375 0)
#1479625 1" 0# 0' 0(
#1479875 0+
#1480875 1+
#1481125 1)
#1481375 0" 0$ 1% 0& 1'
#1481500 1# 1,
#1482125 0-
#1482250 0)
#1482375 0% 0'
#1482500 1$ 1&
#1482750 0*
#1483750 1*
#1484375 1!
#1484625 0*
#1485625 1*
#1486125 0!
#1486250 1"
#1486500 0*
#1487500 1*
#1488125 1!
#1488375 0*
#1489375 1*
#1490500 1) 1-
#1490750 0! 0$ 0& 1' 1(
#1490875 1%
#1491625 0)
#1491750 0" 0' 0(
#1491875 1&
#1492125 0*
#1493125 1*
#1493250 1)
#1493625 1! 1" 1$ 1' 1(
#1494375 0)
#1496125 1)
#1496375 0! 0" 0$ 0& 0(
#1497125 0-
#1497250 0)
#1497375 0# 0'
#1497500 1&
#1497750 0*
#1498750 1*
#1499375 1!
#1499625 0*
#1500625 1*
#1501125 0!
#1501250 1"
#1501500 0*
#1502500 1*
#1503125 1!
#1503375 0*
#1504375 1*
#1505500 1) 1-
#1505750 0! 0&
#1505875 1# 1' 1(
#1506625 0)
#1506750 0# 0(
#1506875 0" 1$ 1& 0'
#1507125 0*
#1508125 1*
#1508375 1)
#1508625 1# 0% 1' 1(
#1508750 0,
#1509375 0)
#1509625 1! 0# 0' 0(
#1509750 1"
#1509875 0+
#1511000 1+
#1511125 1)
#1511375 0! 0" 0$ 0&
#1511500 1# 1% 1' 1,
#1512250 0) 0-
#1512375 0'
#1512500 1&
#1512750 0*
#1513750 1*
#1514375 1!
#1514625 0*
#1515625 1*
#1516125 0!
#1516250 1"
#1516500 0*
#1517500 1*
#1518125 1!
#1518375 0*
#1519375 1*
#1520500 1)
#1520625 1-
#1520750 0! 0&
#1520875 1' 1(
#1521625 0)
#1521875 0" 1$ 1& 0' 0(
#1522125 0*
#1523125 1*
#1523375 1)
#1523625 1! 1" 0$ 0&
#1524500 0)
#1524750 1$ 1&
#1525000 0+
#1526000 1+
#1526125 1)
#1526375 0! 0" 0$ 0&
#1526500 1'
#1527250 0) 0-
#1527500 0# 1$ 1& 0'
#1527750 0*
#1528750 1*
#1529375 1!
#1529625 0*
#1530625 1*
#1531250 0! 1"
#1531500 0*
#1532500 1*
#1533125 1!
#1533375 0*
#1534375 1*
#1534500 00
#1535500 1)
#1535625 1-
#1535750 0!
#1535875 1# 0$ 0& 1' 1(
#1536625 0)
#1536875 0" 0# 0% 0(
#1537125 0*
#1538125 1*
#1538375 1)
#1538625 1(
#1538750 1# 1$ 1& 0,
#1539500 0)
#1539625 0(
#1539750 0'
#1540000 0+
#1541000 1+
#1541125 1)
#1541375 0&
#1541500 0$ 1% 1' 10
#1541625 1,
#1542250 0) 0-
#1542500 1$ 1& 0'
#1542750 0*
#1543750 1*
#1544375 1!
#1544625 0*
#1545625 1*
#1546250 0!
#1546375 1"
#1546500 0*
#1547500 1*
#1548125 1!
#1548375 0*
#1549375 1*
#1550625 1) 1-
#1550875 0! 0$ 0& 1' 1(
#1551625 0)
#1551875 0" 0% 0(
#1552125 0*
#1553125 1*
#1553375 1)
#1553750 1! 1" 1$ 1% 1& 1(
#1554500 0)
#1556250 1)
#1556500 0! 0" 0$ 0& 0(
#1557250 0) 0-
#1557500 0# 0%
#1557750 0*
#1558875 1*
#1559500 1!
#1559625 0*
#1560750 1*
#1561250 0!
#1561375 1"
#1561500 0*
#1562625 1*
#1563250 1!
#1563375 0*
#1564500 1*
#1565625 1) 1-
#1565875 0! 1# 1% 1(
#1566750 0)
#1566875 0" 0# 0% 0(
#1567000 1$
#1567125 0*
#1568250 1*
#1568375 1)
#1568750 1# 1& 1(
#1568875 0,
#1569500 0)
#1569750 1! 0' 0(
#1570000 0+
#1571000 1+
#1571250 1)
#1571500 0! 0$ 1% 0& 1'
#1571625 1,
#1572250 0-
#1572375 0)
#1572500 0%
#1572875 0*
#1573875 1*
#1574500 1!
#1574750 0*
#1575750 1*
#1576250 0!
#1576375 1"
#1576625 0*
#1577625 1*
#1578250 1!
#1578500 0*
#1579500 1*
#1580625 1) 1-
#1580875 0! 1(
#1581000 1%
#1581750 0)
#1581875 0" 0% 0(
#1582000 1$
#1582250 0*
#1583250 1*
#1583375 1)
#1583625 0# 0'
#1583750 1%
#1584500 0)
#1584750 1! 1" 1# 1&
#1585000 0*
#1586000 1*
#1586250 1)
#1586500 0! 0" 0$ 0& 1'
#1587250 0-
#1587375 0)
#1587500 0# 0%
#1587625 1$
#1587875 0*
#1588875 1*
#1589500 1!
#1589750 0*
#1590750 1*
#1591250 0!
#1591375 1"
#1591625 0*
#1592625 1*
#1593250 1!
#1593500 0*
#1594500 1*
#1595625 1) 1-
#1595875 0! 0$
#1596000 1# 1% 1(
#1596750 0)
#1596875 0# 0(
#1597000 0"
#1597250 0*
#1598250 1*
#1598500 1)
#1598750 1# 1$ 0% 1& 1(
#1598875 0,
#1599500 0)
#1599750 0' 0(
#1599875 1"
#1600000 0+
#1601125 1+
#1601250 1)
#1601500 0" 0$ 0&
#1601625 1% 1' 1,
#1602375 0) 0-
#1602500 0%
#1602625 1$
#1602875 0*
#1603875 1*
#1604500 1!
#1604750 0*
#1605750 1*
#1606250 0!
#1606375 1"
#1606625 0*
#1607625 1*
#1608250 1!
#1608500 0*
#1609500 1*
#1610625 1)
#1610750 1-
#1610875 0! 0$
#1611000 1% 1(
#1611750 0)
#1611875 0(
#1612000 0"
#1612250 0*
#1613250 1*
#1613500 1)
#1613750 1! 1" 1& 1(
#1613875 1$
#1614625 0)
#1616250 1)
#1616500 0! 0" 0$ 0& 0(
#1617375 0) 0-
#1617625 0#
#1617875 0*
#1618375 00
#1618875 1*
#1619500 1!
#1619750 0*
#1620750 1*
#1621250 0!
#1621375 1"
#1621625 0*
#1622625 1*
#1623250 1!
#1623500 0*
#1624500 1*
#1625250 10
#1625625 1)
#1625750 1-
#1625875 0!
#1626000 1# 1(
#1626750 0)
#1627000 0" 0# 1$ 0(
#1627250 0*
#1628250 1*
#1628500 1)
#1628750 0% 1(
#1628875 1# 1& 0,
#1629625 0)
#1629750 0' 0(
#1629875 1! 1"
#1630125 0+
#1631125 1+
#1631250 1)
#1631500 0! 0" 0$ 0&
#1631625 1% 1'
#1631750 1,
#1632375 0) 0-
#1632875 0*
#1633875 1*
#1634500 1!
#1634750 0*
#1635750 1*
#1636375 0! 1"
#1636625 0*
#1637625 1*
#1638250 1!
#1638500 0*
#1639500 1*
#1640625 1)
#1640750 1-
#1640875 0!
#1641000 1(
#1641750 0)
#1642000 0" 1$ 0(
#1642250 0*
#1643250 1*
#1643500 1)
#1643750 1! 0# 0'
#1644625 0)
#1644875 1" 1# 1&
#1645125 0+
#1646125 1+
#1646250 1)
#1646500 0! 0" 0&
#1646625 0$ 1'
#1647375 0) 0-
#1647625 0# 1$
#1647875 0*
#1648875 1*
#1649500 1!
#1649750 0*
#1650750 1*
#1651375 0! 1"
#1651625 0*
#1652625 1*
#1653250 1!
#1653500 0*
#1654500 1*
#1655625 1)
#1655750 1-
#1655875 0!
#1656000 1# 0$ 1(
#1656750 0)
#1657000 0" 0# 0% 1& 0(
#1657250 0*
#1658250 1*
#1658500 1)
#1658750 1(
#1658875 1# 1$ 0,
#1659625 0)
#1659750 0# 0$ 0' 0(
#1659875 1%
#1660125 0+
#1661125 1+
#1661250 1)
#1661500 0&
#1661625 1# 1'
#1661750 1,
#1662375 0) 0-
#1662625 1$
#1662875 0*
#1663875 1*
#1664500 1!
#1664750 0*
#1665750 1*
#1666375 0! 1"
#1666625 0*
#1667625 1*
#1668250 1!
#1668500 0*
#1669500 1*
#1670625 1)
#1670750 1-
#1670875 0! 0$
#1671000 1(
#1671750 0)
#1672000 0" 0% 1& 0(
#1672250 0*
#1673250 1*
#1673500 1)
#1673750 1! 1(
#1673875 1" 1$ 1%
#1674625 0)
#1676250 1)
#1676500 0! 0"
#1676625 0$ 0& 0(
#1677375 0) 0-
#1677625 0# 0% 1&
#1677875 0*
#1678875 1*
#1679500 1!
#1679750 0*
#1680750 1*
#1681375 0! 1"
#1681625 0*
#1682625 1*
#1683250 1!
#1683500 0*
#1684500 1*
#1685625 1)
#1685750 1-
#1685875 0! 0&
#1686000 1# 1% 1(
#1686750 0)
#1687000 0" 0# 1$ 0% 1& 0(
#1687250 0*
#1688250 1*
#1688500 1)
#1688750 1# 1(
#1688875 0,
#1689625 0)
#1689750 0# 0$ 0' 0(
#1689875 1! 1%
#1690125 0+
#1691125 1+
#1691250 1)
#1691500 0! 0&
#1691625 1# 1' 1,
#1692375 0) 0-
#1692625 0% 1&
#1692875 0*
#1693875 1*
#1694500 1!
#1694750 0*
#1695750 1*
#1696250 0!
#1696375 1"
#1696625 0*
#1697625 1*
#1698250 1!
#1698500 0*
#1699500 1*
#1700625 1)
#1700750 1-
#1700875 0! 0&
#1701000 1% 1(
#1701750 0)
#1701875 0(
#1702000 0" 1$ 0% 1&
#1702125 00
#1702250 0*
#1703250 1*
#1703500 1)
#1703750 1" 0# 1% 0& 0'
#1704500 0)
#1704875 1! 1# 1&
#1705000 0*
#1706000 1*
#1706250 1)
#1706500 0! 0" 0$ 0&
#1706625 1'
#1707375 0) 0-
#1707625 0# 1$ 0% 1&
#1707875 0*
#1708875 1*
#1709125 10
#1709500 1!
#1709750 0*
#1710750 1*
#1711250 0!
#1711375 1"
#1711625 0*
#1712625 1*
#1713250 1!
#1713500 0*
#1714500 1*
#1715625 1) 1-
#1715875 0! 0$ 0&
#1716000 1# 1% 1(
#1716750 0)
#1716875 0# 0(
#1717000 0" 1&
#1717250 0*
#1718250 1*
#1718500 1)
#1718750 1# 1$ 0% 1(
#1718875 0,
#1719500 0)
#1719750 0# 0$ 1% 0' 0(
#1719875 1"
#1720000 0+
#1721125 1+
#1721250 1)
#1721500 0" 0&
#1721625 1# 1' 1,
#1722375 0) 0-
#1722500 0%
#1722625 1$ 1&
#1722875 0*
#1723875 1*
#1724500 1!
#1724750 0*
#1725750 1*
#1726250 0!
#1726375 1"
#1726625 0*
#1727625 1*
#1728250 1!
#1728500 0*
#1729500 1*
#1730625 1) 1-
#1730875 0! 0$ 0& 1(
#1731000 1%
#1731750 0)
#1731875 0" 0(
#1732000 1&
#1732250 0*
#1733250 1*
#1733375 1)
#1733750 1! 1" 1$ 1(
#1734500 0)
#1736250 1)
#1736500 0! 0" 0$ 0& 0(
#1737250 0-
#1737375 0)
#1737500 0#
#1737625 1&
#1737875 0*
#1738875 1*
#1739500 1!
#1739750 0*
#1740750 1*
#1741250 0!
#1741375 1"
#1741625 0*
#1742625 1*
#1743250 1!
#1743500 0*
#1744500 1*
#1745625 1) 1-
#1745875 0! 0& 1(
#1746000 1#
#1746750 0)
#1746875 0" 0# 0(
#1747000 1$ 1&
#1747250 0*
#1748250 1*
#1748375 1)
#1748625 0%
#1748750 1# 1(
#1748875 0,
#1749500 0)
#1749750 1! 1" 0# 0$ 1% 0' 0(
#1750000 0+
#1751000 1+
#1751250 1)
#1751500 0! 0" 1# 0& 1'
#1751625 1,
#1752250 0-
#1752375 0)
#1752625 1&
#1752875 0*
#1753875 1*
#1754500 1!
#1754750 0*
#1755750 1*
#1756250 0!
#1756375 1"
#1756625 0*
#1757625 1*
#1758250 1!
#1758375 0*
#1759500 1*
#1760625 1) 1-
#1760875 0! 0& 1(
#1761750 0)
#1761875 0" 0(
#1762000 1$ 1&
#1762125 0*
#1763250 1*
#1763375 1)
#1763625 0# 0& 0'
#1763750 1! 1"
#1764500 0)
#1764750 1# 1&
#1765000 0+
#1766000 1+
#1766250 1)
#1766500 0! 0" 0$ 0& 1'
#1767250 0) 0-
#1767500 0#
#1767625 1$ 1&
#1767750 0*
#1768875 1*
#1769500 1!
#1769625 0*
#1770750 1*
#1771250 0!
#1771375 1"
#1771500 0*
#1772500 1*
#1773125 1!
#1773375 0*
#1774375 1*
#1775625 1) 1-
#1775875 1# 1(
#1776625 0)
#1777250 0+
#1778250 1+
#1778375 1)
#1778625 0! 0" 0%
#1778750 0,
#1779500 0)
#1779625 0(
#1779750 0$ 1% 0'
#1780000 0+
#1781000 1+
#1781250 1)
#1781500 0& 1'
#1781625 1,
#1782250 0) 0-
#1782625 1$ 1&
#1782750 0*
#1783750 1*
#1784375 1!
#1784625 0*
#1785625 1*
#1786000 00
#1786250 0!
#1786375 1"
#1786500 0*
#1787500 1*
#1788125 1!
#1788375 0*
#1789375 1*
#1790625 1) 1-
#1790875 0! 0$ 0& 1(
#1791625 0)
#1791875 0" 0# 0% 0' 0(
#1792125 0*
#1793000 10
#1793125 1*
#1793750 1!
#1794000 0*
#1795000 1*
#1795625 0! 1"
#1795875 0*
#1796625 1)
#1796875 1*
#1797000 1# 1% 1' 1(
#1797750 0)
#1798000 0" 0# 0% 0' 0(
#1798250 0*
#1799250 1*
#1799875 1!
#1800125 0*
#1801125 1*
#1801625 0!
#1801750 1"
#1802000 0*
#1802750 1)
#1803000 0" 1*
#1803125 1# 1$ 1& 1' 1( 0,
#1803875 0)
#1804000 0$ 0' 0(
#1804125 1! 1%
#1804375 0+
#1805375 1+
#1805500 1)
#1805750 0! 0# 0&
#1805875 1$ 1' 1(
#1806000 1,
#1806625 0)
#1806875 0% 0' 0(
#1807125 0*
#1808125 1*
#1808750 1%
#1809000 0*
#1810000 1*
#1810250 1)
#1810500 0$ 1(
#1810625 1# 1'
#1811375 0)
#1811500 0# 0% 0' 0(
#1811625 1$
#1811875 0*
#1812875 1*
#1813000 1)
#1813375 1% 1' 1(
#1814125 0)
#1814375 0% 0' 0(
#1814625 0*
#1815625 1*
#1816250 1%
#1816500 0*
#1817500 1*
#1817750 1)
#1818000 0$ 1' 1(
#1818125 1#
#1818875 0)
#1819000 0# 0% 0' 0(
#1819125 1$
#1819375 0*
#1820375 1*
#1820500 1)
#1820750 0$
#1820875 1" 1# 1% 1' 1(
#1821625 0)
#1821875 0" 0# 0% 0' 0(
#1822125 0*
#1823125 1*
#1823750 1!
#1824000 0*
#1825000 1*
#1825625 0! 1"
#1825875 0*
#1826625 1)
#1826875 1*
#1827000 1# 1% 1' 1(
#1827750 0)
#1827875 0(
#1828000 0" 0# 0% 0'
#1828250 0*
#1829250 1*
#1829875 1!
#1830125 0*
#1831125 1*
#1831625 0!
#1831750 1"
#1832000 0*
#1832750 1)
#1833000 0" 1' 1( 1*
#1833125 1# 1$ 1& 0,
#1833875 0)
#1834000 0$ 0' 0(
#1834125 1" 1%
#1834375 0+
#1835375 1+
#1835500 1)
#1835750 0" 0# 0&
#1835875 1$ 1' 1( 1,
#1836625 0)
#1836875 0% 0' 0(
#1837125 0*
#1838125 1*
#1838750 1%
#1839000 0*
#1840000 1*
#1840250 1)
#1840500 0$ 1' 1(
#1840625 1#
#1841375 0)
#1841500 0# 0% 0' 0(
#1841625 1$
#1841750 0*
#1842875 1*
#1843000 1)
#1843375 1% 1' 1(
#1844125 0)
#1844750 0% 0' 0(
#1845125 0*
#1846125 1*
#1847250 1%
#1847500 0*
#1848500 1*
#1848625 1)
#1849375 0$
#1849500 1# 1' 1(
#1850250 0)
#1850375 0' 0(
#1850500 0# 1$ 0%
#1850750 0*
#1851750 1*
#1852375 1)
#1852625 0$
#1852750 1" 1# 1% 1' 1(
#1853500 0)
#1853750 0" 0# 0% 0' 0(
#1854000 0*
#1855000 1*
#1855625 1!
#1855875 0*
#1856875 1*
#1857375 0!
#1857500 1"
#1857750 0*
#1858500 1)
#1858750 1*
#1858875 1# 1% 1' 1(
#1859625 0)
#1859750 0# 0% 0' 0(
#1859875 0"
#1860125 0*
#1861125 1*
#1861750 1!
#1862000 0*
#1863000 1*
#1863500 0!
#1863625 1"
#1863875 0*
#1864625 1)
#1864875 0" 1' 1( 1*
#1865000 1# 1$ 1& 0,
#1865750 0)
#1865875 0$ 0' 0(
#1866000 1! 1" 1%
#1866250 0+
#1867250 1+
#1867375 1)
#1867625 0! 0" 0# 0&
#1867750 1$ 1' 1(
#1867875 1,
#1868500 0)
#1868750 0% 0' 0(
#1869000 0*
#1869875 00
#1870000 1*
#1870625 1%
#1870875 0*
#1871875 1*
#1872125 1)
#1872375 0$ 1' 1(
#1872500 1#
#1873250 0)
#1873375 0# 0% 0' 0(
#1873500 1$
#1873625 0*
#1874750 1*
#1874875 1)
#1875250 1% 1' 1(
#1876000 0)
#1876250 0% 0' 0(
#1876500 0*
#1876875 10
#1877500 1*
#1878125 1%
#1878375 0*
#1879375 1*
#1879625 1)
#1879875 0$ 1' 1(
#1880000 1#
#1880750 0)
#1880875 0# 0% 0' 0(
#1881000 1$
#1881250 0*
#1882250 1*
#1882375 1)
#1882625 0$
#1882750 1" 1# 1% 1' 1(
#1883500 0)
#1883750 0" 0# 0% 0' 0(
#1884000 0*
#1885000 1*
#1885625 1!
#1885875 0*
#1886875 1*
#1887500 0! 1"
#1887750 0*
#1888500 1)
#1888750 1*
#1888875 1# 1% 1' 1(
#1889625 0)
#1889750 0(
#1889875 0" 0# 0% 0'
#1890125 0*
#1891125 1*
#1891750 1!
#1892000 0*
#1893000 1*
#1893500 0!
#1893625 1"
#1893875 0*
#1894625 1)
#1894875 0" 1*
#1895000 1# 1$ 1& 1' 1( 0,
#1895750 0)
#1895875 0# 0' 0(
#1896000 1%
#1896250 0+
#1897250 1+
#1897375 1)
#1897625 0&
#1897750 1' 1(
#1897875 1,
#1898500 0)
#1898750 0% 0' 0(
#1899000 0*
#1900000 1*
#1900625 1%
#1900875 0*
#1901875 1*
#1902125 1)
#1902375 0$
#1902500 1# 1' 1(
#1903250 0)
#1903375 0' 0(
#1903500 0# 1$ 0%
#1903750 0*
#1904750 1*
#1904875 1)
#1905250 1% 1' 1(
#1906000 0)
#1906250 0% 0' 0(
#1906500 0*
#1907500 1*
#1908125 1%
#1908375 0*
#1909375 1*
#1909625 1)
#1909875 0$
#1910000 1# 1' 1(
#1910750 0)
#1910875 0(
#1911000 0# 1$ 0% 0'
#1911250 0*
#1912250 1*
#1912500 1)
#1927750 1# 1& 1' 1(
#1927875 0,
#1928625 0)
#1928750 0# 0' 0(
#1928875 1! 1%
#1929125 0+
#1930125 1+
#1930250 1)
#1931500 1" 1# 1' 1(
#1931625 1,
#1932375 0)
#1934000 1)
#1937125 0! 0$ 0&
#1938000 0)
#1938125 0" 0# 0% 0' 0(
#1938500 0*
#1939500 1*
#1939625 1)
#1940000 1! 1" 1# 1$ 1% 1& 1' 1(
#1940750 0)
#1942500 1)
#1943625 0)
#1944125 0+
#1945125 1+
#1946000 0+
#1947000 1+
#1947875 0+
#1948875 1+
#1949750 0+
#1950750 1+
#1951875 1)
#1952125 0! 0$ 0&
#1953000 0)
#1953125 0(
#1953250 0" 0% 0'
#1953500 0*
#1953750 00
#1954500 1*
#1954750 1)
#1955000 1$ 1& 1' 1(
#1955125 0,
#1955750 0)
#1956000 0# 1% 0' 0(
#1956125 1"
#1956250 0+
#1957375 1+
#1957500 1)
#1957750 0" 0$ 0&
#1957875 1# 1' 1,
#1958625 0) 0-
#1958750 0# 0% 0'
#1958875 1(
#1959125 0*
#1960125 1*
#1960625 10
#1960750 1!
#1961000 0*
#1962000 1*
#1962500 0!
#1962625 1"
#1962875 0*
#1963875 1*
#1964500 1!
#1964750 0*
#1965750 1*
#1966875 1)
#1967000 1-
#1967125 0!
#1967250 1# 1% 1'
#1968000 0)
#1968250 0" 0# 1$ 0% 0' 0(
#1968500 0*
#1969500 1*
#1969750 1)
#1970000 1! 1' 1(
#1970125 1" 1# 1% 1&
#1970875 0)
#1972500 1)
#1972750 0! 0" 0&
#1972875 0$ 0(
#1973625 0) 0-
#1973875 0% 0' 1(
#1974125 0*
#1975125 1*
#1975750 1!
#1976000 0*
#1977000 1*
#1977625 0! 1"
#1977875 0*
#1978875 1*
#1979500 1!
#1979750 0*
#1980750 1*
#1981875 1)
#1982000 1-
#1982125 0!
#1982250 1% 1'
#1983000 0)
#1983250 0" 1$ 0% 0' 0(
#1983500 0*
#1984500 1*
#1984750 1)
#1985125 1%
#1985875 0)
#1986125 1! 1" 1&
#1986375 0*
#1987375 1*
#1987500 1)
#1987750 0! 0"
#1987875 0$ 0& 1'
#1988625 0) 0-
#1988875 0# 0% 0' 1(
#1989000 1$
#1989125 0*
#1990125 1*
#1990750 1!
#1991000 0*
#1992000 1*
#1992625 0! 1"
#1992875 0*
#1993875 1*
#1994500 1!
#1994750 0*
#1995750 1*
#1997000 1) 1-
#1997125 0!
#1997250 1# 0$ 1% 1'
#1998000 0)
#1998250 0" 0# 0' 0(
#1998500 0*
#1999500 1*
#1999750 1)
#2000000 0%
#2000125 1# 1$ 1& 1' 1( 0,
#2000875 0)
#2001000 0(
#2001125 1! 1" 0# 1% 0'
#2001375 0+
#2002375 1+
#2002625 1)
#2002750 0!
#2002875 0" 1# 0$ 0& 1'
#2003000 1,
#2003625 0) 0-
#2003875 0% 0' 1(
#2004000 1$
#2004125 0*
#2005125 1*
#2005750 1!
#2006000 0*
#2007000 1*
#2007625 0!
#2007750 1"
#2007875 0*
#2009000 1*
#2009500 1!
#2009750 0*
#2010875 1*
#2012000 1) 1-
#2012250 0! 0$ 1% 1'
#2013125 0)
#2013250 0" 0' 0(
#2013500 0*
#2014625 1*
#2014750 1)
#2015125 1! 1" 1$ 1& 1' 1(
#2015875 0)
#2017625 1)
#2017875 0! 0" 0$ 0& 0(
#2018625 0-
#2018750 0)
#2018875 0# 0'
#2019000 1(
#2019125 0*
#2020250 1*
#2020875 1!
#2021125 0*
#2022125 1*
#2022625 0!
#2022750 1"
#2023000 0*
#2024000 1*
#2024625 1!
#2024875 0*
#2025875 1*
#2027000 1) 1-
#2027250 0! 1'
#2027375 1#
#2028125 0)
#2028250 0" 0# 0' 0(
#2028375 1$
#2028625 0*
#2029625 1*
#2029750 1)
#2030000 0%
#2030125 1# 1& 1' 1(
#2030250 0,
#2030875 0)
#2031125 1% 0' 0(
#2031375 0+
#2032375 1+
#2032625 1)
#2032875 0$ 0& 1'
#2033000 1,
#2033625 0-
#2033750 0)
#2033875 0'
#2034000 1(
#2034250 0*
#2035250 1*
#2035875 1!
#2036125 0*
#2037125 1*
#2037625 0! 00
#2037750 1"
#2038000 0*
#2039000 1*
#2039625 1!
#2039875 0*
#2040875 1*
#2042000 1) 1-
#2042250 0! 1'
#2043125 0)
#2043250 0" 0' 0(
#2043375 1$
#2043625 0*
#2044500 10
#2044625 1*
#2044750 1)
#2045125 1!
#2045875 0)
#2046125 1" 1&
#2046375 0+
#2047375 1+
#2047625 1)
#2047875 0! 0" 0$ 0&
#2048000 1'
#2048750 0) 0-
#2048875 0# 0'
#2049000 1$ 1(
#2049250 0*
#2050250 1*
#2050875 1!
#2051125 0*
#2052125 1*
#2052625 0!
#2052750 1"
#2053000 0*
#2054000 1*
#2054625 1!
#2054875 0*
#2055875 1*
#2057000 1) 1-
#2057250 0! 0$
#2057375 1# 1'
#2058125 0)
#2058250 0#
#2058375 0" 0% 1& 0' 0(
#2058625 0*
#2059625 1*
#2059875 1)
#2060125 1# 1$ 1' 1(
#2060250 0,
#2060875 0)
#2061125 1! 0' 0(
#2061250 1%
#2061375 0+
#2062500 1+
#2062625 1)
#2062875 0! 0$ 0&
#2063000 1' 1,
#2063750 0) 0-
#2063875 0'
#2064000 1$ 1(
#2064250 0*
#2065250 1*
#2065875 1!
#2066125 0*
#2067125 1*
#2067625 0!
#2067750 1"
#2068000 0*
#2069000 1*
#2069625 1!
#2069875 0*
#2070875 1*
#2072000 1) 1-
#2072250 0! 0$
#2072375 1'
#2073125 0)
#2073375 0" 0% 1& 0' 0(
#2073625 0*
#2074625 1*
#2074875 1)
#2075125 1! 1" 1$ 1% 1' 1(
#2075875 0)
#2077625 1)
#2077875 0! 0" 0$ 0& 0(
#2078750 0) 0-
#2079000 0# 0% 1& 0' 1(
#2079250 0*
#2080250 1*
#2080875 1!
#2081125 0*
#2082125 1*
#2082625 0!
#2082750 1"
#2083000 0*
#2084000 1*
#2084625 1!
#2084875 0*
#2085875 1*
#2087000 1) 1-
#2087250 0! 0&
#2087375 1# 1% 1'
#2088125 0)
#2088375 0" 0# 1$ 0% 1& 0' 0(
#2088625 0*
#2089625 1*
#2089875 1)
#2090125 1# 1' 1(
#2090250 0,
#2090875 0)
#2091125 0' 0(
#2091250 1" 1%
#2091375 0+
#2092500 1+
#2092625 1)
#2092875 0" 0$ 0&
#2093000 1' 1,
#2093750 0) 0-
#2093875 0% 0'
#2094000 1& 1(
#2094250 0*
#2095250 1*
#2095875 1!
#2096125 0*
#2097125 1*
#2097625 0!
#2097750 1"
#2098000 0*
#2099000 1*
#2099625 1!
#2099875 0*
#2100875 1*
#2102000 1)
#2102125 1-
#2102250 0! 0&
#2102375 1% 1'
#2103125 0)
#2103375 0" 1$ 0% 1& 0' 0(
#2103625 0*
#2104625 1*
#2104875 1)
#2105000 0&
#2105125 1" 1%
#2105875 0)
#2106125 1!
#2106250 1&
#2106375 0*
#2107375 1*
#2107625 1)
#2107875 0! 0" 0$ 0&
#2108000 1'
#2108750 0) 0-
#2108875 0'
#2109000 0# 1$ 0% 1& 1(
#2109250 0*
#2110250 1*
#2110875 1!
#2111125 0*
#2112125 1*
#2112625 0!
#2112750 1"
#2113000 0*
#2114000 1*
#2114625 1!
#2114875 0*
#2115875 1*
#2117000 1) 1-
#2117250 0! 0$ 0&
#2117375 1# 1% 1'
#2118125 0)
#2118250 0# 0'
#2118375 0" 1& 0(
#2118625 0*
#2119625 1*
#2119875 1)
#2120000 0%
#2120125 1# 1$ 1' 1(
#2120250 0,
#2120875 0)
#2121125 1! 1" 1% 0' 0(
#2121375 0+ 00
#2122500 1+
#2122625 1)
#2122875 0! 0" 0$ 0& 1'
#2123000 1,
#2123750 0) 0-
#2123875 0% 0'
#2124000 1$ 1& 1(
#2124250 0*
#2125250 1*
#2125875 1!
#2126125 0*
#2127125 1*
#2127625 0!
#2127750 1"
#2128000 0*
#2128375 10
#2129000 1*
#2129625 1!
#2129875 0*
#2130875 1*
#2132000 1) 1-
#2132250 0! 0$ 0& 1'
#2132375 1%
#2133125 0)
#2133250 0" 0' 0(
#2133375 1&
#2133625 0*
#2134625 1*
#2134750 1)
#2135125 1! 1" 1$ 1' 1(
#2135875 0)
#2137625 1)
#2137875 0! 0" 0$ 0& 0(
#2138625 0-
#2138750 0)
#2138875 0# 0'
#2139000 1& 1(
#2139250 0*
#2140250 1*
#2140875 1!
#2141125 0*
#2142125 1*
#2142625 0!
#2142750 1"
#2143000 0*
#2144000 1*
#2144625 1!
#2144875 0*
#2145875 1*
#2147000 1) 1-
#2147250 0! 0& 1'
#2147375 1#
#2148125 0)
#2148250 0" 0# 0' 0(
#2148375 1$ 1&
#2148625 0*
#2149625 1*
#2149750 1)
#2150000 0%
#2150125 1# 1' 1(
#2150250 0,
#2150875 0)
#2151125 0# 0$ 0& 0(
#2151375 0+
#2152375 1+
#2152625 1)
#2153000 1# 1% 1,
#2153625 0-
#2153750 0)
#2153875 0'
#2154000 1& 1(
#2154250 0*
#2155250 1*
#2155875 1!
#2156125 0*
#2157125 1*
#2157625 0!
#2157750 1"
#2158000 0*
#2159000 1*
#2159625 1!
#2159875 0*
#2160875 1*
#2162000 1) 1-
#2162250 0! 0& 1'
#2163125 0)
#2163250 0" 0' 0(
#2163375 1$ 1&
#2163500 0*
#2164625 1*
#2164750 1)
#2165000 0&
#2165125 1! 1"
#2165875 0)
#2166125 1&
#2166375 0+
#2167375 1+
#2167625 1)
#2167875 0! 0" 0$ 0& 1'
#2168625 0-
#2168750 0)
#2168875 0# 0'
#2169000 1$ 1& 1(
#2169250 0*
#2170250 1*
#2170875 1!
#2171000 0*
#2172125 1*
#2172625 0!
#2172750 1"
#2172875 0*
#2174000 1*
#2174625 1!
#2174750 0*
#2175875 1*
#2177000 1) 1-
#2177250 0! 1# 0$ 0& 1'
#2178000 0)
#2178250 0" 0# 0% 0(
#2178500 0*
#2179625 1*
#2179750 1)
#2180125 1# 1$ 1& 1( 0,
#2180875 0)
#2181125 1! 0# 0$ 0& 0(
#2181375 0+
#2182375 1+
#2182625 1)
#2182750 0!
#2182875 1# 1%
#2183000 1,
#2183625 0) 0-
#2183875 0'
#2184000 1$ 1& 1(
#2184125 0*
#2185125 1*
#2185750 1!
#2186000 0*
#2187000 1*
#2187625 0!
#2187750 1"
#2187875 0*
#2188875 1*
#2189500 1!
#2189750 0*
#2190750 1*
#2192000 1) 1-
#2192250 0! 0$ 0& 1'
#2193000 0)
#2193250 0" 0% 0(
#2193500 0*
#2194500 1*
#2194750 1)
#2195125 1! 1" 1$ 1% 1& 1(
#2195875 0)
#2197500 1)
#2197875 0! 0" 0$ 0& 0(
#2198625 0) 0-
#2198875 0# 0% 1(
#2199125 0*
#2200125 1*
#2200750 1!
#2201000 0*
#2202000 1*
#2202625 0! 1"
#2202875 0*
#2203875 1*
#2204500 1!
#2204750 0*
#2205250 00
#2205750 1*
#2206875 1)
#2207000 1-
#2207125 0!
#2207250 1# 1%
#2208000 0)
#2208250 0" 0# 1$ 0% 0(
#2208500 0*
#2209500 1*
#2209750 1)
#2210000 1(
#2210125 1# 1& 0,
#2210875 0)
#2211000 0# 0& 0(
#2211125 1" 0$
#2211375 0+
#2212250 10
#2212375 1+
#2212500 1)
#2212750 0"
#2212875 1# 1%
#2213000 1,
#2213625 0) 0-
#2213875 0% 1(
#2214125 0*
#2215125 1*
#2215750 1!
#2216000 0*
#2217000 1*
#2217625 0! 1"
#2217875 0*
#2218875 1*
#2219500 1!
#2219750 0*
#2220750 1*
#2221875 1)
#2222000 1-
#2222125 0!
#2222250 1%
#2223000 0)
#2223250 0" 1$ 0% 0(
#2223500 0*
#2224500 1*
#2224750 1)
#2225000 0# 0$ 1& 0'
#2225875 0)
#2226125 1! 1" 1# 1$ 1%
#2226375 0*
#2227375 1*
#2227500 1)
#2227750 0! 0" 0$ 0&
#2227875 1'
#2228625 0) 0-
#2228875 0# 1$ 0% 1(
#2229125 0*
#2230125 1*
#2230750 1!
#2231000 0*
#2232000 1*
#2232500 0!
#2232625 1"
#2232875 0*
#2233875 1*
#2234500 1!
#2234750 0*
#2235750 1*
#2236875 1)
#2237000 1-
#2237125 0! 0$
#2237250 1# 1%
#2238000 0)
#2238250 0" 0# 0(
#2238500 0*
#2239500 1*
#2239750 1)
#2240000 1# 1$ 0% 1& 1(
#2240125 0,
#2240875 0)
#2241000 0# 0$ 0& 0(
#2241125 1! 1"
#2241375 0+
#2242375 1+
#2242500 1)
#2242750 0! 0"
#2242875 1# 1% 1,
#2243625 0) 0-
#2243875 1$ 0% 1(
#2244125 0*
#2245125 1*
#2245750 1!
#2246000 0*
#2247000 1*
#2247500 0!
#2247625 1"
#2247875 0*
#2248875 1*
#2249500 1!
#2249750 0*
#2250750 1*
#2251875 1)
#2252000 1-
#2252125 0! 0$
#2252250 1%
#2253000 0)
#2253250 0" 0(
#2253500 0*
#2254500 1*
#2254750 1)
#2255000 1! 1" 1$ 1& 1(
#2255750 0)
#2257500 1)
#2257750 0! 0" 0$ 0& 0(
#2258625 0) 0-
#2258875 0# 1(
#2259125 0*
#2260125 1*
#2260750 1!
#2261000 0*
#2262000 1*
#2262500 0!
#2262625 1"
#2262875 0*
#2263875 1*
#2264500 1!
#2264750 0*
#2265750 1*
#2266875 1) 1-
#2267125 0!
#2267250 1#
#2268000 0)
#2268125 0#
#2268250 0" 1$ 0(
#2268500 0*
#2269500 1*
#2269750 1)
#2270000 1# 0% 1& 1(
#2270125 0,
#2270750 0)
#2271000 0$ 0& 0(
#2271250 0+
#2272375 1+
#2272500 1)
#2272875 1% 1,
#2273625 0) 0-
#2273875 1(
#2274125 0*
#2275125 1*
#2275750 1!
#2276000 0*
#2277000 1*
#2277500 0!
#2277625 1"
#2277875 0*
#2278875 1*
#2279500 1!
#2279750 0*
#2280750 1*
#2281875 1) 1-
#2282125 0!
#2283000 0)
#2283125 0(
#2283250 0" 1$
#2283500 0*
#2284500 1*
#2284750 1)
#2285000 1! 0# 0$ 0% 1& 0'
#2285750 0)
#2286125 1" 1# 1$ 1%
#2286250 0+
#2287375 1+
#2287500 1)
#2287750 0! 0" 0$ 0&
#2287875 1'
#2288625 0) 0-
#2288750 0#
#2288875 1$ 1(
#2289125 0* 00
#2290125 1*
#2290750 1!
#2291000 0*
#2292000 1*
#2292500 0!
#2292625 1"
#2292875 0*
#2293875 1*
#2294500 1!
#2294750 0*
#2295750 1*
#2296125 10
#2296875 1) 1-
#2297125 0! 0$
#2297250 1#
#2298000 0)
#2298125 0#
#2298250 0" 0% 1& 0(
#2298500 0*
#2299500 1*
#2299750 1)
#2300000 1# 1$ 1(
#2300125 0,
#2300750 0)
#2301000 1! 0$ 0& 0(
#2301250 0+
#2302375 1+
#2302500 1)
#2302750 0!
#2302875 1% 1,
#2303625 0) 0-
#2303875 1$ 1(
#2304125 0*
#2305125 1*
#2305750 1!
#2306000 0*
#2307000 1*
#2307500 0!
#2307625 1"
#2307875 0*
#2308875 1*
#2309500 1!
#2309750 0*
#2310750 1*
#2311875 1)
#2312000 1-
#2312125 0! 0$
#2313000 0)
#2313250 0" 0% 1& 0(
#2313500 0*
#2314500 1*
#2314750 1)
#2315000 1! 1" 1$ 1% 1(
#2315750 0)
#2317500 1)
#2317750 0! 0" 0$ 0& 0(
#2318625 0) 0-
#2318875 0# 0% 1& 1(
#2319125 0*
#2320125 1*
#2320750 1!
#2321000 0*
#2322000 1*
#2322500 0!
#2322625 1"
#2322875 0*
#2323875 1*
#2324500 1!
#2324750 0*
#2325750 1*
#2326875 1)
#2327000 1-
#2327125 0! 0&
#2327250 1# 1%
#2328000 0)
#2328250 0" 0# 1$ 0% 1& 0(
#2328500 0*
#2329500 1*
#2329750 1)
#2330000 1# 1(
#2330125 0,
#2330875 0)
#2331000 0$ 0& 0(
#2331125 1"
#2331375 0+
#2332375 1+
#2332500 1)
#2332750 0"
#2332875 1% 1,
#2333625 0) 0-
#2333875 0% 1& 1(
#2334125 0*
#2335125 1*
#2335750 1!
#2336000 0*
#2337000 1*
#2337625 0! 1"
#2337875 0*
#2338875 1*
#2339500 1!
#2339750 0*
#2340750 1*
#2341875 1)
#2342000 1-
#2342125 0! 0&
#2342250 1%
#2343000 0)
#2343250 0" 1$ 0% 1& 0(
#2343500 0*
#2344500 1*
#2344750 1)
#2345000 0# 0$ 0'
#2345125 1"
#2345875 0)
#2346125 1! 1# 1$ 1%
#2346375 0*
#2347375 1*
#2347500 1)
#2347750 0!
#2347875 0" 0$ 0& 1'
#2348625 0) 0-
#2348875 0# 0% 1& 1(
#2349000 1$
#2349125 0*
#2350125 1*
#2350750 1!
#2351000 0*
#2352000 1*
#2352625 0! 1"
#2352875 0*
#2353875 1*
#2354500 1!
#2354750 0*
#2355750 1*
#2357000 1) 1-
#2357125 0!
#2357250 1# 0$ 1% 0&
#2358000 0)
#2358250 0" 0# 1& 0(
#2358500 0*
#2359500 1*
#2359750 1)
#2360000 0%
#2360125 1# 1$ 1( 0,
#2360875 0)
#2361000 0(
#2361125 1! 1" 0$ 0&
#2361375 0+
#2362375 1+
#2362625 1)
#2362750 0! 0"
#2362875 1%
#2363000 1,
#2363625 0) 0-
#2363875 0% 1(
#2364000 1$ 1&
#2364125 0*
#2365125 1*
#2365750 1!
#2366000 0*
#2367000 1*
#2367625 0!
#2367750 1"
#2367875 0*
#2368875 1*
#2369500 1!
#2369750 0*
#2370750 1*
#2372000 1) 1-
#2372250 0! 0$ 1% 0&
#2373000 0) 00
#2373250 0" 0(
#2373375 1&
#2373500 0*
#2374500 1*
#2374750 1)
#2375125 1! 1" 1$ 1(
#2375875 0)
#2377625 1)
#2377875 0! 0" 0$ 0& 0(
#2378625 0) 0-
#2378875 0#
#2379000 1& 1(
#2379125 0*
#2379875 10
#2380250 1*
#2380875 1!
#2381000 0*
#2382125 1*
#2382625 0!
#2382750 1"
#2383000 0*
#2384000 1*
#2384625 1!
#2384875 0*
#2385875 1*
#2387000 1) 1-
#2387250 0! 1# 0&
#2388125 0)
#2388250 0" 0# 0(
#2388375 1$ 1&
#2388625 0*
#2389625 1*
#2389750 1)
#2390000 0%
#2390125 1# 1(
#2390250 0,
#2390875 0)
#2391125 0# 0& 0(
#2391375 0+
#2392375 1+
#2392625 1)
#2392875 0$
#2393000 1# 1% 1,
#2393625 0-
#2393750 0)
#2394000 1& 1(
#2394250 0*
#2395250 1*
#2395875 1!
#2396125 0*
#2397125 1*
#2397625 0!
#2397750 1"
#2398000 0*
#2399000 1*
#2399625 1!
#2399875 0*
#2400875 1*
#2402000 1) 1-
#2402250 0! 0&
#2403125 0)
#2403250 0" 0(
#2403375 1$ 1&
#2403625 0*
#2404625 1*
#2404875 1)
#2405125 1! 1" 0# 0$ 0% 0'
#2405875 0)
#2406125 1$ 1%
#2406250 1#
#2406375 0+
#2407375 1+
#2407625 1)
#2407875 0! 0" 0$ 0&
#2408000 1'
#2408750 0) 0-
#2408875 0#
#2409000 1$ 1& 1(
#2409250 0*
#2410250 1*
#2410875 1!
#2411125 0*
#2412125 1*
#2412625 0!
#2412750 1"
#2413000 0*
#2414000 1*
#2414625 1!
#2414875 0*
#2415875 1*
#2417000 1)
#2417125 1-
#2417375 1#
#2418125 0)
#2418625 0+
#2419625 1+
#2419875 1)
#2420125 0! 0" 0%
#2420250 0,
#2420875 0)
#2421125 1! 0# 0& 0(
#2421500 0+
#2422500 1+
#2422625 1)
#2422875 0! 0$
#2423000 1# 1% 1,
#2423750 0) 0-
#2424000 1$ 1& 1(
#2424250 0*
#2425250 1*
#2425875 1!
#2426125 0*
#2427125 1*
#2427750 0! 1"
#2428000 0*
#2429000 1*
#2429625 1!
#2429875 0*
#2430875 1*
#2432000 1)
#2432125 1-
#2432250 0! 0&
#2432375 0$
#2433125 0)
#2433375 0" 0# 0% 0' 0(
#2433625 0*
#2434625 1*
#2435250 1!
#2435500 0*
#2436500 1*
#2437125 0! 1"
#2437375 0*
#2438125 1)
#2438375 1*
#2438500 1# 1% 1' 1(
#2439250 0)
#2439375 0(
#2439500 0" 0# 0% 0'
#2439750 0*
#2440750 1*
#2441375 1!
#2441625 0*
#2442625 1*
#2443125 0!
#2443250 1"
#2443500 0*
#2444250 1)
#2444500 0" 1*
#2444625 1# 1$ 1& 1' 1( 0,
#2445375 0)
#2445500 0# 0& 0(
#2445625 1"
#2445875 0+
#2446875 1+
#2447000 1)
#2447250 0"
#2447375 1% 1(
#2447500 1,
#2448125 0)
#2448375 1! 0% 0' 0(
#2448625 0*
#2449625 1*
#2450250 1%
#2450500 0*
#2451500 1*
#2451750 1)
#2452000 0! 0$
#2452125 1# 1' 1(
#2452875 0)
#2453000 0' 0(
#2453125 1! 0# 1$ 0%
#2453375 0*
#2454375 1*
#2454625 1)
#2454750 0!
#2454875 1% 1' 1(
#2455625 0)
#2455875 1! 0% 0' 0(
#2456125 0*
#2456750 00
#2457125 1*
#2457875 1%
#2458000 0*
#2459000 1*
#2459250 1)
#2459500 0! 0$
#2459625 1# 1' 1(
#2460375 0)
#2460500 0(
#2460625 1! 0# 1$ 0% 0'
#2460875 0*
#2461875 1*
#2462125 1)
#2462250 0!
#2462375 1" 1# 0$ 1% 1' 1(
#2463125 0)
#2463375 0" 0# 0% 0' 0(
#2463625 0*
#2463750 10
#2464625 1*
#2465375 1!
#2465500 0*
#2466625 1*
#2467125 0!
#2467250 1"
#2467375 0*
#2468125 1)
#2468375 1*
#2468500 1# 1% 1' 1(
#2469250 0)
#2469500 0" 0# 0% 0' 0(
#2469750 0*
#2470750 1*
#2471375 1!
#2471625 0*
#2472625 1*
#2473250 0! 1"
#2473500 0*
#2474250 1)
#2474500 0" 1*
#2474625 1# 1$ 1& 1' 1( 0,
#2475375 0)
#2475625 1! 1" 0# 0& 0(
#2475875 0+
#2476875 1+
#2477125 1)
#2477375 0! 0" 1% 1(
#2477500 1,
#2478250 0)
#2478375 0% 0' 0(
#2478500 1!
#2478625 0*
#2479750 1*
#2480375 1%
#2480500 0*
#2481625 1*
#2481750 1)
#2482000 0! 0$
#2482125 1# 1' 1(
#2482875 0)
#2483125 1! 0# 1$ 0% 0' 0(
#2483375 0*
#2484375 1*
#2484625 1)
#2484875 0! 1% 1' 1(
#2485750 0)
#2486375 1! 0% 0' 0(
#2486625 0*
#2487625 1*
#2488750 1%
#2489000 0*
#2490000 1*
#2490250 1)
#2490875 0!
#2491000 1# 0$ 1' 1(
#2491750 0)
#2492000 1! 0# 0% 0' 0(
#2492125 1$
#2492250 0*
#2493250 1*
#2494000 1)
#2494250 0! 0$ 1' 1(
#2494375 1" 1# 1%
#2495125 0)
#2495250 0" 0# 0% 0' 0(
#2495625 0*
#2496625 1*
#2497250 1!
#2497500 0*
#2498500 1*
#2499000 0!
#2499125 1"
#2499375 0*
#2500125 1)
#2500375 1' 1( 1*
#2500500 1# 1%
#2501125 0)
#2501375 0" 0# 0% 0' 0(
#2501625 0*
#2502625 1*
#2503375 1!
#2503500 0*
#2504500 1*
#2505125 0!
#2505250 1"
#2505375 0*
#2506125 1)
#2506375 0" 1*
#2506500 1# 1$ 1& 1' 1(
#2506625 0,
#2507250 0)
#2507500 0& 0(
#2507750 0+
#2508750 1+
#2509000 1)
#2509250 0# 1(
#2509375 1% 1,
#2510125 0)
#2510250 0% 0' 0(
#2510375 1!
#2510625 0*
#2511625 1*
#2512250 1%
#2512500 0*
#2513500 1*
#2513625 1)
#2513875 0! 0$
#2514000 1# 1' 1(
#2514750 0)
#2515000 1! 0# 1$ 0% 0' 0(
#2515250 0*
#2516250 1*
#2516500 1)
#2516750 0! 1' 1(
#2516875 1%
#2517625 0)
#2517750 0% 0' 0(
#2517875 1!
#2518125 0*
#2519125 1*
#2519750 1%
#2520000 0*
#2521000 1*
#2521125 1)
#2521375 0! 0$
#2521500 1# 1' 1(
#2522250 0)
#2522500 1! 0# 1$ 0% 0' 0(
#2522750 0*
#2523750 1*
#2524000 1)
#2524250 0! 0$ 1' 1(
#2524375 1" 1# 1%
#2525125 0)
#2525250 0" 0# 0% 0' 0(
#2525625 0*
#2526625 1*
#2527250 1!
#2527500 0*
#2528500 1*
#2529000 0!
#2529125 1"
#2529375 0*
#2530125 1)
#2530375 1( 1*
#2530500 1# 1% 1'
#2531250 0)
#2531375 0" 0# 0% 0' 0(
#2531625 0*
#2532625 1*
#2533375 1!
#2533500 0*
#2534500 1*
#2535125 0!
#2535250 1"
#2535375 0*
#2536125 1)
#2536375 0" 1*
#2536500 1# 1$ 1& 1' 1(
#2536625 0,
#2537250 0)
#2537500 1! 0& 0(
#2537750 0+
#2538750 1+
#2539000 1)
#2539250 0! 0# 1(
#2539375 1% 1,
#2540125 0)
#2540250 0% 0' 0(
#2540375 1!
#2540625 0* 00
#2541625 1*
#2542250 1%
#2542500 0*
#2543500 1*
#2543625 1)
#2543875 0! 0$
#2544000 1# 1' 1(
#2544750 0)
#2545000 1! 0# 1$ 0% 0' 0(
#2545250 0*
#2546250 1*
#2546500 1)
#2546750 0! 1% 1' 1(
#2547625 0) 10
#2547750 0% 0' 0(
#2547875 1!
#2548125 0*
#2549125 1*
#2549750 1%
#2550000 0*
#2551000 1*
#2551125 1)
#2551375 0! 0$
#2551500 1# 1' 1(
#2552250 0)
#2552500 1! 0# 1$ 0% 0' 0(
#2552750 0*
#2553750 1*
#2554000 1)
#2569250 0! 1& 1' 1(
#2569375 1# 0,
#2570125 0)
#2570250 0& 0(
#2570375 1"
#2570625 0+
#2571625 1+
#2571750 1)
#2573000 1! 1% 1& 1(
#2573125 1,
#2573875 0)
#2575500 1)
#2578625 0! 0$ 0&
#2579500 0)
#2579625 0" 0# 0% 0' 0(
#2579875 0*
#2581000 1*
#2581125 1)
#2581500 1! 1" 1# 1$ 1% 1& 1' 1(
#2582250 0)
#2584000 1)
#2585000 0)
#2585625 0+
#2586625 1+
#2587500 0+
#2588500 1+
#2589375 0+
#2590375 1+
#2591250 0+
#2592250 1+
#2593375 1)
#2593625 0! 0$ 0&
#2594375 0)
#2594625 0" 0% 0' 0(
#2594875 0*
#2595875 1*
#2596125 1)
#2596500 1$ 1& 1' 1( 0,
#2597250 0)
#2597375 0(
#2597500 1! 1" 0&
#2597750 0+
#2598750 1+
#2599000 1)
#2599250 0" 0$ 1%
#2599375 1,
#2600000 0) 0-
#2600250 0! 0# 0% 0'
#2600500 0*
#2601500 1*
#2602125 1!
#2602375 0*
#2603375 1*
#2604000 0!
#2604125 1"
#2604250 0*
#2605250 1*
#2605875 1!
#2606125 0*
#2607125 1*
#2608375 1) 1-
#2608500 0!
#2608625 1# 1% 1' 1(
#2609375 0)
#2609625 0" 0# 0% 0' 0(
#2609750 1$
#2609875 0*
#2610875 1*
#2611125 1)
#2611500 1! 1" 1# 1% 1& 1' 1(
#2612250 0)
#2613875 1)
#2614250 0" 0$ 0& 0(
#2615000 0) 0-
#2615250 0! 0% 0'
#2615500 0*
#2616500 1*
#2617125 1!
#2617375 0*
#2618375 1*
#2619000 0! 1"
#2619250 0*
#2620250 1*
#2620875 1!
#2621125 0*
#2622125 1*
#2623250 1)
#2623375 1-
#2623500 0!
#2623625 1% 1' 1(
#2624375 0)
#2624500 00
#2624625 0" 1$ 0% 0' 0(
#2624875 0*
#2625875 1*
#2626125 1)
#2626375 0$
#2626500 1&
#2627250 0)
#2627500 1! 1" 1$ 1%
#2627750 0*
#2628750 1*
#2628875 1)
#2629125 0" 0$ 0&
#2629250 1'
#2630000 0) 0-
#2630250 0! 0# 1$ 0% 0'
#2630500 0*
#2631500 1* 10
#2632125 1!
#2632375 0*
#2633375 1*
#2634000 0! 1"
#2634250 0*
#2635250 1*
#2635875 1!
#2636125 0*
#2637125 1*
#2638250 1)
#2638375 1-
#2638500 0! 0$
#2638625 1# 1% 1' 1(
#2639375 0)
#2639625 0" 0# 0' 0(
#2639875 0*
#2640875 1*
#2641125 1)
#2641375 1# 0% 1& 1' 1(
#2641500 1$ 0,
#2642250 0)
#2642375 0# 0$ 0& 0(
#2642500 1%
#2642750 0+
#2643750 1+
#2643875 1)
#2644250 1! 1# 1,
#2645000 0) 0-
#2645125 0!
#2645250 1$ 0% 0'
#2645500 0*
#2646500 1*
#2647125 1!
#2647375 0*
#2648375 1*
#2648875 0!
#2649000 1"
#2649250 0*
#2650250 1*
#2650875 1!
#2651125 0*
#2652125 1*
#2653250 1)
#2653375 1-
#2653500 0! 0$
#2653625 1% 1' 1(
#2654375 0)
#2654500 0(
#2654625 0" 0'
#2654875 0*
#2655875 1*
#2656125 1)
#2656375 1! 1" 1$ 1& 1' 1(
#2657125 0)
#2658875 1)
#2659125 0" 0$ 0& 0(
#2660000 0) 0-
#2660125 0!
#2660250 0# 0'
#2660500 0*
#2661500 1*
#2662125 1!
#2662375 0*
#2663375 1*
#2663875 0!
#2664000 1"
#2664250 0*
#2665250 1*
#2665875 1!
#2666125 0*
#2667125 1*
#2668250 1) 1-
#2668500 0!
#2668625 1# 1' 1(
#2669375 0)
#2669500 0# 0' 0(
#2669625 0" 1$
#2669875 0*
#2670875 1*
#2671125 1)
#2671375 1# 0% 1& 1' 1(
#2671500 0,
#2672125 0)
#2672375 1! 0# 0$ 1% 0& 0(
#2672625 0+
#2673625 1+
#2673875 1)
#2674250 1# 1,
#2675000 0) 0-
#2675125 0! 0'
#2675500 0*
#2676500 1*
#2677125 1!
#2677375 0*
#2678375 1*
#2678875 0!
#2679000 1"
#2679250 0*
#2680250 1*
#2680875 1!
#2681125 0*
#2682125 1*
#2683250 1) 1-
#2683500 0! 1' 1(
#2684375 0)
#2684500 0" 0' 0(
#2684625 1$
#2684875 0*
#2685875 1*
#2686000 1)
#2686250 0$ 0%
#2686375 1! 1&
#2687125 0)
#2687375 1" 1$ 1%
#2687625 0+
#2688625 1+
#2688875 1)
#2689125 0" 0$ 0& 1'
#2689875 0-
#2690000 0)
#2690125 0! 0# 0'
#2690250 1$
#2690500 0*
#2691500 1*
#2692125 1!
#2692375 0*
#2693375 1*
#2693875 0!
#2694000 1"
#2694250 0*
#2695250 1*
#2695875 1!
#2696125 0*
#2697125 1*
#2698250 1) 1-
#2698500 0! 0$ 1' 1(
#2698625 1#
#2699375 0)
#2699500 0" 0# 0% 0' 0(
#2699625 1&
#2699875 0*
#2700875 1*
#2701000 1)
#2701375 1# 1$ 1' 1(
#2701500 0,
#2702125 0)
#2702375 1" 0# 0$ 1% 0& 0(
#2702625 0+
#2703625 1+
#2703875 1)
#2704125 1! 0"
#2704250 1# 1,
#2704875 0-
#2705000 0)
#2705125 0! 0'
#2705250 1$
#2705500 0*
#2706500 1*
#2707125 1!
#2707375 0*
#2708375 1* 00
#2708875 0!
#2709000 1"
#2709250 0*
#2710250 1*
#2710875 1!
#2711125 0*
#2712125 1*
#2713250 1) 1-
#2713500 0! 0$ 1' 1(
#2714375 0)
#2714500 0" 0% 0' 0(
#2714625 1&
#2714875 0*
#2715250 10
#2715875 1*
#2716000 1)
#2716375 1! 1" 1$ 1% 1' 1(
#2717125 0)
#2718875 1)
#2719125 0" 0$ 0& 0(
#2719875 0-
#2720000 0)
#2720125 0! 0# 0% 0'
#2720250 1&
#2720500 0*
#2721500 1*
#2722125 1!
#2722375 0*
#2723375 1*
#2723875 0!
#2724000 1"
#2724250 0*
#2725250 1*
#2725875 1!
#2726125 0*
#2727125 1*
#2728250 1) 1-
#2728500 0! 0& 1' 1(
#2728625 1# 1%
#2729375 0)
#2729500 0" 0# 0% 0' 0(
#2729625 1$ 1&
#2729875 0*
#2730875 1*
#2731000 1)
#2731375 1# 1' 1(
#2731500 0,
#2732125 0)
#2732375 1! 1" 0# 0$ 1% 0& 0(
#2732625 0+
#2733625 1+
#2733875 1)
#2734125 0"
#2734250 1# 1,
#2734875 0-
#2735000 0)
#2735125 0! 0% 0'
#2735250 1&
#2735500 0*
#2736500 1*
#2737125 1!
#2737375 0*
#2738375 1*
#2738875 0!
#2739000 1"
#2739250 0*
#2740250 1*
#2740875 1!
#2741125 0*
#2742125 1*
#2743250 1) 1-
#2743500 0! 0& 1' 1(
#2743625 1%
#2744375 0)
#2744500 0" 0% 0' 0(
#2744625 1$ 1&
#2744875 0*
#2745875 1*
#2746000 1)
#2746250 0$
#2746375 1"
#2747125 0)
#2747375 1! 1$ 1%
#2747625 0*
#2748625 1*
#2748875 1)
#2749125 0" 0$ 0& 1'
#2749875 0-
#2750000 0)
#2750125 0! 0# 0% 0'
#2750250 1$ 1&
#2750500 0*
#2751500 1*
#2752125 1!
#2752375 0*
#2753375 1*
#2753875 0!
#2754000 1"
#2754250 0*
#2755250 1*
#2755875 1!
#2756125 0*
#2757125 1*
#2758250 1) 1-
#2758500 0! 0$ 0& 1(
#2758625 1# 1% 1'
#2759375 0)
#2759500 0" 0# 0' 0(
#2759625 1&
#2759875 0*
#2760875 1*
#2761000 1)
#2761250 0%
#2761375 1# 1$ 1' 1(
#2761500 0,
#2762125 0)
#2762375 0$ 1% 0& 0(
#2762625 0+
#2763625 1+
#2763875 1)
#2764250 1! 1,
#2765000 0) 0-
#2765125 0! 0% 0'
#2765250 1$ 1&
#2765500 0*
#2766500 1*
#2767125 1!
#2767375 0*
#2768375 1*
#2768875 0!
#2769000 1"
#2769250 0*
#2770250 1*
#2770875 1!
#2771125 0*
#2772125 1*
#2773250 1) 1-
#2773500 0! 0$ 0& 1(
#2773625 1% 1'
#2774375 0)
#2774500 0' 0(
#2774625 0" 1&
#2774875 0*
#2775875 1*
#2776125 1)
#2776375 1! 1" 1$ 1' 1(
#2777125 0)
#2778875 1)
#2779125 0" 0$ 0& 0(
#2780000 0) 0-
#2780125 0!
#2780250 0# 1& 0'
#2780500 0*
#2781500 1*
#2782125 1!
#2782375 0*
#2783375 1*
#2783875 0!
#2784000 1"
#2784250 0*
#2785250 1*
#2785875 1!
#2786125 0*
#2787125 1*
#2788250 1)
#2788375 1-
#2788500 0! 0&
#2788625 1# 1' 1(
#2789375 0)
#2789625 0" 0# 1$ 1& 0' 0(
#2789875 0*
#2790875 1*
#2791125 1)
#2791375 1# 0% 1' 1(
#2791500 0,
#2792250 0) 00
#2792375 0$ 0& 0(
#2792500 1! 1%
#2792750 0+
#2793750 1+
#2793875 1)
#2794250 1,
#2795000 0) 0-
#2795250 0! 1& 0'
#2795500 0*
#2796500 1*
#2797125 1!
#2797375 0*
#2798375 1*
#2799000 0! 1"
#2799125 10
#2799250 0*
#2800250 1*
#2800875 1!
#2801125 0*
#2802125 1*
#2803250 1)
#2803375 1-
#2803500 0! 0&
#2803625 1' 1(
#2804375 0)
#2804625 0" 1$ 1& 0' 0(
#2804875 0*
#2805875 1*
#2806125 1)
#2806375 1! 0$ 0%
#2806500 1"
#2807250 0)
#2807500 1$ 1%
#2807750 0+
#2808750 1+
#2808875 1)
#2809250 0" 0$ 0& 1'
#2810000 0) 0-
#2810250 0! 0# 1$ 1& 0'
#2810500 0*
#2811500 1*
#2812125 1!
#2812375 0*
#2813375 1*
#2814000 0!
#2814125 1"
#2814250 0*
#2815250 1*
#2815875 1!
#2816125 0*
#2817125 1*
#2818375 1) 1-
#2818625 0! 1# 0$ 0& 1' 1(
#2819375 0)
#2819625 0" 0# 0% 0(
#2819875 0*
#2820875 1*
#2821125 1)
#2821500 1# 1$ 1& 1( 0,
#2822250 0)
#2822375 0(
#2822500 1" 0$ 1% 0&
#2822750 0+
#2823750 1+
#2824000 1)
#2824250 1! 0"
#2824375 1,
#2825000 0) 0-
#2825250 0! 0'
#2825375 1$ 1&
#2825500 0*
#2826500 1*
#2827125 1!
#2827375 0*
#2828500 1*
#2829000 0!
#2829125 1"
#2829250 0*
#2830375 1*
#2830875 1!
#2831125 0*
#2832250 1*
#2833375 1) 1-
#2833625 0! 0$ 0& 1' 1(
#2834500 0)
#2834625 0" 0% 0(
#2834875 0*
#2836000 1*
#2836125 1)
#2836500 1! 1" 1$ 1% 1& 1(
#2837250 0)
#2839000 1)
#2839250 0" 0$ 0& 0(
#2840000 0-
#2840125 0)
#2840250 0! 0# 0%
#2840625 0*
#2841625 1*
#2842250 1!
#2842500 0*
#2843500 1*
#2844000 0!
#2844125 1"
#2844375 0*
#2845375 1*
#2846000 1!
#2846250 0*
#2847250 1*
#2848375 1) 1-
#2848625 0! 1(
#2848750 1# 1%
#2849500 0)
#2849625 0" 0# 0% 0(
#2849750 1$
#2850000 0*
#2851000 1*
#2851125 1)
#2851500 1# 1& 1(
#2851625 0,
#2852250 0)
#2852500 1! 1" 0$ 1% 0& 0(
#2852750 0+
#2853750 1+
#2854000 1)
#2854250 0"
#2854375 1,
#2855125 0) 0-
#2855250 0! 0%
#2855625 0*
#2856625 1*
#2857250 1!
#2857500 0*
#2858500 1*
#2859000 0!
#2859125 1"
#2859375 0*
#2860375 1*
#2861000 1!
#2861250 0*
#2862250 1*
#2863375 1) 1-
#2863625 0!
#2863750 1% 1(
#2864500 0)
#2864625 0(
#2864750 0" 1$ 0%
#2865000 0*
#2866000 1*
#2866250 1)
#2866500 0# 1& 0'
#2867250 0)
#2867625 1! 1" 1# 1%
#2867750 0*
#2868875 1*
#2869000 1)
#2869250 0" 0$ 0&
#2869375 1'
#2870125 0) 0-
#2870250 0!
#2870375 0# 1$ 0%
#2870625 0*
#2871625 1*
#2872250 1!
#2872500 0*
#2873500 1*
#2874000 0!
#2874125 1"
#2874375 0*
#2875375 1*
#2876000 1! 00
#2876250 0*
#2877250 1*
#2878375 1)
#2878500 1-
#2878625 0! 0$
#2878750 1# 1% 1(
#2879500 0)
#2879750 0" 0# 0(
#2880000 0*
#2881000 1*
#2881250 1)
#2881500 1# 0% 1& 1(
#2881625 1$ 0,
#2882375 0)
#2882500 0# 0& 0(
#2882625 1%
#2882875 0+
#2883000 10
#2883875 1+
#2884000 1)
#2884250 0$
#2884375 1! 1#
#2884500 1,
#2885125 0) 0-
#2885375 0! 1$ 0%
#2885625 0*
#2886625 1*
#2887250 1!
#2887500 0*
#2888500 1*
#2889125 0! 1"
#2889375 0*
#2890375 1*
#2891000 1!
#2891250 0*
#2892250 1*
#2893375 1)
#2893500 1-
#2893625 0!
#2893750 0$ 1% 1(
#2894500 0)
#2894750 0" 0(
#2895000 0*
#2896000 1*
#2896250 1)
#2896500 1(
#2896625 1! 1" 1$ 1&
#2897375 0)
#2899000 1)
#2899375 0" 0$ 0& 0(
#2900125 0) 0-
#2900375 0! 0#
#2900625 0*
#2901625 1*
#2902250 1!
#2902500 0*
#2903500 1*
#2904125 0!
#2904250 1"
#2904375 0*
#2905375 1*
#2906000 1!
#2906250 0*
#2907250 1*
#2908500 1) 1-
#2908625 0!
#2908750 1# 1(
#2909500 0)
#2909750 0" 0# 0(
#2909875 1$
#2910000 0*
#2911000 1*
#2911250 1)
#2911500 0%
#2911625 1# 1& 1( 0,
#2912375 0)
#2912500 0(
#2912625 1! 0# 1% 0&
#2912875 0+
#2913875 1+
#2914125 1)
#2914375 1# 0$
#2914500 1,
#2915125 0) 0-
#2915375 0!
#2915625 0*
#2916625 1*
#2917250 1!
#2917500 0*
#2918500 1*
#2919125 0!
#2919250 1"
#2919375 0*
#2920375 1*
#2921000 1!
#2921250 0*
#2922250 1*
#2923500 1) 1-
#2923750 0! 1(
#2924500 0)
#2924750 0" 0(
#2924875 1$
#2925000 0*
#2926000 1*
#2926250 1)
#2926500 0# 0% 0'
#2926625 1! 1&
#2927375 0)
#2927625 1" 1# 1%
#2927875 0+
#2928875 1+
#2929125 1)
#2929375 0" 0$ 0& 1'
#2930125 0) 0-
#2930375 0! 0#
#2930500 1$
#2930625 0*
#2931750 1*
#2932375 1!
#2932500 0*
#2933625 1*
#2934125 0!
#2934250 1"
#2934375 0*
#2935500 1*
#2936125 1!
#2936250 0*
#2937375 1*
#2938500 1) 1-
#2938750 0! 1# 0$ 1(
#2939625 0)
#2939750 0" 0# 0% 0(
#2939875 1&
#2940000 0*
#2941125 1*
#2941250 1)
#2941625 1# 1$ 1( 0,
#2942375 0)
#2942625 1" 0# 1% 0& 0(
#2942875 0+
#2943875 1+
#2944125 1)
#2944375 1! 0" 1# 0$
#2944500 1,
#2945125 0-
#2945250 0)
#2945375 0!
#2945500 1$
#2945625 0*
#2946750 1*
#2947375 1!
#2947500 0*
#2948625 1*
#2949125 0!
#2949250 1"
#2949375 0*
#2950500 1*
#2951125 1!
#2951250 0*
#2952375 1*
#2953500 1) 1-
#2953750 0! 0$ 1(
#2954625 0)
#2954750 0" 0% 0(
#2954875 1&
#2955000 0*
#2956125 1*
#2956250 1)
#2956625 1! 1" 1$ 1% 1(
#2957375 0)
#2959125 1)
#2959375 0" 0$ 0& 0(
#2959875 00
#2960125 0-
#2960250 0)
#2960375 0! 0# 0%
#2960500 1&
#2960625 0*
#2961750 1*
#2962375 1!
#2962500 0*
#2963625 1*
#2964125 0!
#2964250 1"
#2964375 0*
#2965500 1*
#2966125 1!
#2966250 0*
#2966875 10
#2967375 1*
#2968500 1) 1-
#2968750 0! 1# 1% 0& 1(
#2969625 0)
#2969750 0" 0# 0% 0(
#2969875 1$ 1&
#2970000 0*
#2971125 1*
#2971250 1)
#2971625 1# 1( 0,
#2972375 0)
#2972625 1! 1" 0# 1% 0& 0(
#2972875 0+
#2973875 1+
#2974125 1)
#2974375 0" 1# 0$
#2974500 1,
#2975125 0-
#2975250 0)
#2975375 0! 0%
#2975500 1&
#2975625 0*
#2976750 1*
#2977375 1!
#2977500 0*
#2978625 1*
#2979125 0!
#2979250 1"
#2979375 0*
#2980500 1*
#2981125 1!
#2981250 0*
#2982375 1*
#2983500 1) 1-
#2983750 0! 1% 0& 1(
#2984500 0)
#2984750 0" 0% 0(
#2984875 1$ 1&
#2985000 0*
#2986125 1*
#2986250 1)
#2986500 0# 0'
#2986625 1"
#2987375 0)
#2987625 1! 1# 1%
#2987875 0*
#2988875 1*
#2989125 1)
#2989375 0" 0$ 0& 1'
#2990125 0) 0-
#2990375 0! 0# 0%
#2990500 1$ 1&
#2990625 0*
#2991625 1*
#2992250 1!
#2992500 0*
#2993500 1*
#2994125 0!
#2994250 1"
#2994375 0*
#2995375 1*
#2996000 1!
#2996250 0*
#2997250 1*
#2998500 1) 1-
#2998750 0! 1# 0$ 1% 0& 1(
#2999500 0)
#2999750 0" 0# 1& 0(
#3000000 0*
#3001000 1*
#3001250 1)
#3001500 0%
#3001625 1# 1$ 1( 0,
#3002375 0)
#3002500 0(
#3002625 1% 0&
#3002875 0+
#3003875 1+
#3004125 1)
#3004375 1! 0$
#3004500 1,
#3005125 0) 0-
#3005375 0! 0%
#3005500 1$ 1&
#3005625 0*
#3006625 1*
#3007250 1!
#3007500 0*
#3008500 1*
#3009125 0!
#3009250 1"
#3009375 0*
#3010375 1*
#3011000 1!
#3011250 0*
#3012250 1*
#3013500 1) 1-
#3013625 0!
#3013750 0$ 1% 0& 1(
#3014500 0)
#3014750 0" 1& 0(
#3015000 0*
#3016000 1*
#3016250 1)
#3016625 1! 1" 1$ 1(
#3017375 0)
#3019000 1)
#3019375 0" 0$ 0& 0(
#3020125 0) 0-
#3020375 0! 0# 1&
#3020625 0*
#3021625 1*
#3022250 1!
#3022500 0*
#3023500 1*
#3024125 0! 1"
#3024375 0*
#3025375 1*
#3026000 1!
#3026250 0*
#3027250 1*
#3028375 1)
#3028500 1-
#3028625 0! 0&
#3028750 1# 1(
#3029500 0)
#3029750 0" 0# 1$ 1& 0(
#3030000 0*
#3031000 1*
#3031250 1)
#3031500 0% 1(
#3031625 1# 0,
#3032375 0)
#3032500 0& 0(
#3032625 1! 1%
#3032875 0+
#3033875 1+
#3034000 1)
#3034250 0$
#3034500 1,
#3035125 0) 0-
#3035375 0! 1&
#3035625 0*
#3036625 1*
#3037250 1!
#3037500 0*
#3038500 1*
#3039125 0! 1"
#3039375 0*
#3040375 1*
#3041000 1!
#3041250 0*
#3042250 1*
#3043375 1)
#3043500 1-
#3043625 0! 0&
#3043750 1( 00
#3044500 0)
#3044750 0" 1$ 1& 0(
#3045000 0*
#3046000 1*
#3046250 1)
#3046500 1! 1" 0# 0% 0'
#3047375 0)
#3047625 1# 1%
#3047875 0+
#3048875 1+
#3049000 1)
#3049250 0" 0$ 0&
#3049375 1'
#3050125 0) 0-
#3050250 0!
#3050375 0# 1$ 1&
#3050625 0*
#3050750 10
#3051625 1*
#3052250 1!
#3052500 0*
#3053500 1*
#3054000 0!
#3054125 1"
#3054375 0*
#3055375 1*
#3056000 1!
#3056250 0*
#3057250 1*
#3058375 1)
#3058500 1-
#3058750 1# 1(
#3059500 0)
#3060000 0+
#3061000 1+
#3061250 1)
#3061500 0! 0" 0%
#3061625 0,
#3062250 0)
#3062500 0& 0(
#3062625 1" 1%
#3062750 0+
#3063875 1+
#3064000 1)
#3064250 0" 0$
#3064375 1! 1,
#3065125 0) 0-
#3065250 0!
#3065375 1$ 1&
#3065625 0*
#3066625 1*
#3067250 1!
#3067500 0*
#3068500 1*
#3069000 0!
#3069125 1"
#3069375 0*
#3070375 1*
#3071000 1!
#3071250 0*
#3072250 1*
#3073375 1) 1-
#3073625 0! 0$ 0& 1(
#3074500 0)
#3074625 0(
#3074750 0" 0# 0% 0'
#3075000 0*
#3076000 1*
#3076625 1!
#3076875 0*
#3077875 1*
#3078375 0!
#3078500 1"
#3078750 0*
#3079500 1)
#3079750 1*
#3079875 1# 1% 1' 1(
#3080625 0)
#3080750 0" 0# 0% 0' 0(
#3081000 0*
#3082000 1*
#3082750 1!
#3082875 0*
#3083875 1*
#3084500 0!
#3084625 1"
#3084750 0*
#3085500 1)
#3085750 0" 1*
#3085875 1# 1$ 1& 1' 1(
#3086000 0,
#3086625 0)
#3086875 1! 1" 1% 0& 0(
#3087125 0+
#3088125 1+
#3088375 1)
#3088625 0! 0" 0# 1(
#3088750 1,
#3089500 0)
#3089625 0% 0' 0(
#3089750 1"
#3090000 0*
#3091000 1*
#3091625 1%
#3091875 0*
#3092875 1*
#3093000 1)
#3093250 0" 0$
#3093375 1# 1' 1(
#3094125 0)
#3094375 1" 0# 1$ 0% 0' 0(
#3094625 0*
#3095625 1*
#3095875 1)
#3096125 0" 1% 1' 1(
#3097000 0)
#3097125 0% 0' 0(
#3097250 1"
#3097500 0*
#3098500 1*
#3099125 1%
#3099375 0*
#3100375 1*
#3100500 1)
#3100750 0" 0$
#3100875 1# 1' 1(
#3101625 0)
#3101875 1" 0# 1$ 0% 0' 0(
#3102125 0*
#3103125 1*
#3103375 1)
#3103625 0$ 1' 1(
#3103750 1# 1%
#3104500 0)
#3104625 0" 0# 0% 0' 0(
#3104875 0*
#3106000 1*
#3106625 1!
#3106750 0*
#3107875 1*
#3108375 0!
#3108500 1"
#3108625 0*
#3109500 1)
#3109750 1# 1% 1' 1( 1*
#3110500 0)
#3110750 0" 0# 0% 0' 0(
#3111000 0*
#3112000 1*
#3112625 1!
#3112875 0*
#3113875 1*
#3114500 0! 1"
#3114750 0*
#3115500 1)
#3115750 0" 1*
#3115875 1# 1$ 1& 1' 1( 0,
#3116625 0)
#3116875 0# 0$ 0(
#3117125 0+
#3118125 1+
#3118375 1)
#3118625 1$ 1% 0& 1(
#3118750 1,
#3119500 0)
#3119625 0% 0' 0(
#3119750 1"
#3119875 0*
#3121000 1*
#3121625 1%
#3121750 0*
#3122875 1*
#3123000 1)
#3123250 0" 0$
#3123375 1# 1' 1(
#3124125 0)
#3124375 1" 0# 1$ 0% 0' 0(
#3124625 0*
#3125625 1*
#3125875 1)
#3126125 0" 1% 1' 1(
#3126875 0)
#3127625 1" 0% 0' 0( 00
#3127875 0*
#3128875 1*
#3130000 1%
#3130250 0*
#3131250 1*
#3131500 1)
#3132125 0" 0$
#3132250 1# 1' 1(
#3133000 0)
#3133250 1" 0# 1$ 0% 0' 0(
#3133500 0*
#3134500 1* 10
#3135250 1)
#3135500 1# 0$ 1% 1' 1(
#3136250 0)
#3136500 0" 0# 0% 0' 0(
#3136750 0*
#3137750 1*
#3138500 1!
#3138625 0*
#3139625 1*
#3140250 0!
#3140375 1"
#3140500 0*
#3141250 1)
#3141500 1*
#3141625 1# 1% 1' 1(
#3142375 0)
#3142625 0" 0# 0% 0' 0(
#3142875 0*
#3143875 1*
#3144500 1!
#3144750 0*
#3145750 1*
#3146375 0! 1"
#3146625 0*
#3147375 1)
#3147625 0" 1*
#3147750 1# 1$ 1& 1' 1( 0,
#3148500 0)
#3148625 0(
#3148750 1! 0# 0$
#3149000 0+
#3150000 1+
#3150250 1)
#3150375 0!
#3150500 1$ 1% 0& 1(
#3150625 1,
#3151250 0)
#3151500 0% 0' 0(
#3151625 1"
#3151750 0*
#3152750 1*
#3153500 1%
#3153625 0*
#3154625 1*
#3154875 1)
#3155125 0" 0$
#3155250 1# 1' 1(
#3156000 0)
#3156125 0(
#3156250 1" 0# 1$ 0% 0'
#3156500 0*
#3157500 1*
#3157750 1)
#3158000 0" 1% 1' 1(
#3158750 0)
#3159000 0% 0' 0(
#3159125 1"
#3159250 0*
#3160250 1*
#3161000 1%
#3161125 0*
#3162125 1*
#3162375 1)
#3162625 0" 0$
#3162750 1# 1' 1(
#3163500 0)
#3163625 0(
#3163750 1" 0# 1$ 0% 0'
#3164000 0*
#3165000 1*
#3165250 1)
#3165500 1# 0$ 1% 1' 1(
#3166250 0)
#3166500 0" 0# 0% 0' 0(
#3166750 0*
#3167750 1*
#3168500 1!
#3168625 0*
#3169750 1*
#3170250 0!
#3170375 1"
#3170500 0*
#3171250 1)
#3171500 1*
#3171625 1# 1% 1' 1(
#3172375 0)
#3172625 0" 0# 0% 0' 0(
#3172875 0*
#3173875 1*
#3174500 1!
#3174750 0*
#3175750 1*
#3176375 0! 1"
#3176625 0*
#3177375 1)
#3177625 0" 1*
#3177750 1# 1$ 1& 1' 1( 0,
#3178500 0)
#3178750 1" 0# 0$ 0(
#3179000 0+
#3180000 1+
#3180250 1)
#3180500 0" 1$ 1% 0& 1(
#3180625 1,
#3181375 0)
#3181500 0% 0' 0(
#3181625 1"
#3181750 0*
#3182875 1*
#3183500 1%
#3183625 0*
#3184750 1*
#3184875 1)
#3185125 0" 0$
#3185250 1# 1' 1(
#3186000 0)
#3186250 1" 0# 1$ 0% 0' 0(
#3186500 0*
#3187500 1*
#3187750 1)
#3188000 0" 1% 1' 1(
#3188875 0)
#3189000 0% 0' 0(
#3189125 1"
#3189250 0*
#3190375 1*
#3191000 1%
#3191125 0*
#3192250 1*
#3192375 1)
#3192625 0" 0$
#3192750 1# 1' 1(
#3193500 0)
#3193750 1" 0# 1$ 0% 0' 0(
#3194000 0*
#3195000 1*
#3195250 1)
#3210500 0" 1(
#3210625 1# 1& 1' 0,
#3211375 0) 00
#3211500 0# 0$ 0(
#3211625 1! 1"
#3211875 0+
#3212875 1+
#3213000 1)
#3214250 1(
#3214375 1# 1$ 1% 1,
#3215125 0)
#3216750 1)
#3218375 10
#3219875 0! 0$ 0&
#3220750 0)
#3220875 0(
#3221000 0" 0# 0% 0'
#3221250 0*
#3222250 1*
#3222500 1)
#3222750 1! 1" 1# 1$ 1% 1& 1' 1(
#3223500 0)
#3225250 1)
#3226375 0)
#3226875 0+
#3227875 1+
#3228750 0+
#3229750 1+
#3230625 0+
#3231625 1+
#3232500 0+
#3233500 1+
#3234625 1)
#3234875 0! 0$ 0&
#3235750 0)
#3236000 0" 0% 0' 0(
#3236250 0*
#3237250 1*
#3237500 1)
#3237750 1& 1' 1(
#3237875 1$ 0,
#3238625 0)
#3238750 0$ 0(
#3239125 0+
#3240125 1+
#3240250 1)
#3240500 0&
#3240625 1! 1% 1,
#3241375 0) 0-
#3241625 0! 0# 0% 0' 1(
#3241875 0*
#3242875 1*
#3243500 1!
#3243750 0*
#3244750 1*
#3245375 0! 1"
#3245625 0*
#3246625 1*
#3247250 1!
#3247500 0*
#3248500 1*
#3249625 1)
#3249750 1-
#3249875 0!
#3250000 1# 1% 1'
#3250750 0)
#3251000 0" 0# 1$ 0% 0' 0(
#3251250 0*
#3252250 1*
#3252500 1)
#3252875 1! 1" 1# 1% 1& 1' 1(
#3253625 0)
#3255250 1)
#3255625 0" 0$ 0& 0(
#3256375 0) 0-
#3256625 0! 0% 0' 1(
#3256875 0*
#3257875 1*
#3258500 1!
#3258750 0*
#3259750 1*
#3260375 0!
#3260500 1"
#3260625 0*
#3261625 1*
#3262250 1!
#3262500 0*
#3263500 1*
#3264750 1) 1-
#3264875 0!
#3265000 1% 1'
#3265750 0)
#3266000 0" 0% 0' 0(
#3266125 1$
#3266250 0*
#3267250 1*
#3267500 1)
#3267875 1&
#3268625 0)
#3268875 1! 1" 1%
#3269125 0*
#3270125 1*
#3270375 1)
#3270625 0" 0$ 0& 1'
#3271375 0) 0-
#3271625 0! 0# 0% 0' 1(
#3271750 1$
#3271875 0*
#3273000 1*
#3273625 1!
#3273750 0*
#3274875 1*
#3275375 0!
#3275500 1"
#3275625 0*
#3276750 1*
#3277375 1!
#3277500 0*
#3278625 1*
#3279750 1) 1-
#3280000 0! 1# 0$ 1% 1'
#3280875 0)
#3281000 0" 0# 0' 0(
#3281250 0*
#3282375 1*
#3282500 1)
#3282750 0%
#3282875 1# 1$ 1& 1' 1( 0,
#3283625 0)
#3283875 1! 0$ 0(
#3284125 0+
#3285125 1+
#3285375 1)
#3285625 1% 0&
#3285750 1,
#3286375 0-
#3286500 0)
#3286625 0! 0% 0'
#3286750 1$ 1(
#3287000 0*
#3288000 1*
#3288625 1!
#3288875 0*
#3289875 1*
#3290375 0!
#3290500 1"
#3290750 0*
#3291750 1*
#3292375 1!
#3292625 0*
#3293625 1*
#3294750 1) 1-
#3295000 0! 0$ 1'
#3295125 1%
#3295250 00
#3295875 0)
#3296000 0" 0' 0(
#3296375 0*
#3297375 1*
#3297500 1)
#3297875 1! 1" 1$ 1& 1' 1(
#3298625 0)
#3300375 1)
#3300625 0" 0$ 0& 0(
#3301375 0-
#3301500 0)
#3301625 0! 0# 0'
#3301750 1(
#3302000 0*
#3302250 10
#3303000 1*
#3303625 1!
#3303875 0*
#3304875 1*
#3305375 0!
#3305500 1"
#3305750 0*
#3306750 1*
#3307375 1!
#3307625 0*
#3308625 1*
#3309750 1) 1-
#3310000 0!
#3310125 1# 1'
#3310875 0)
#3311000 0#
#3311125 0" 1$ 0' 0(
#3311375 0*
#3312375 1*
#3312625 1)
#3312875 1# 0% 1& 1' 1(
#3313000 0,
#3313625 0)
#3313875 0$ 0(
#3314000 1"
#3314125 0+
#3315250 1+
#3315375 1)
#3315625 0" 0&
#3315750 1! 1% 1,
#3316500 0) 0-
#3316625 0!
#3316750 0' 1(
#3317000 0*
#3318000 1*
#3318625 1!
#3318875 0*
#3319875 1*
#3320375 0!
#3320500 1"
#3320750 0*
#3321750 1*
#3322375 1!
#3322625 0*
#3323625 1*
#3324750 1)
#3324875 1-
#3325000 0!
#3325125 1'
#3325875 0)
#3326125 0" 1$ 0' 0(
#3326375 0*
#3327375 1*
#3327625 1)
#3327875 1! 0% 1&
#3328750 0)
#3329000 1" 1%
#3329250 0+
#3330250 1+
#3330375 1)
#3330625 0" 0$ 0&
#3330750 1'
#3331500 0) 0-
#3331750 0! 0# 1$ 0' 1(
#3332000 0*
#3333000 1*
#3333625 1!
#3333875 0*
#3334875 1*
#3335500 0! 1"
#3335750 0*
#3336750 1*
#3337375 1!
#3337625 0*
#3338625 1*
#3339750 1)
#3339875 1-
#3340000 0!
#3340125 1# 0$ 1'
#3340875 0)
#3341125 0" 0# 0% 1& 0' 0(
#3341375 0*
#3342375 1*
#3342625 1)
#3342875 1' 1(
#3343000 1# 1$ 0,
#3343750 0)
#3343875 0$ 0(
#3344000 1! 1"
#3344250 0+
#3345250 1+
#3345375 1)
#3345625 0"
#3345750 1% 0&
#3345875 1,
#3346500 0) 0-
#3346750 0! 1$ 0' 1(
#3347000 0*
#3348000 1*
#3348625 1!
#3348875 0*
#3349875 1*
#3350500 0! 1"
#3350750 0*
#3351750 1*
#3352375 1!
#3352625 0*
#3353625 1*
#3354750 1)
#3354875 1-
#3355000 0!
#3355125 0$ 1'
#3355875 0)
#3356125 0" 0% 1& 0' 0(
#3356375 0*
#3357375 1*
#3357625 1)
#3358000 1! 1" 1$ 1% 1' 1(
#3358750 0)
#3360375 1)
#3360750 0" 0$ 0& 0(
#3361500 0) 0-
#3361750 0! 0# 0% 1& 0' 1(
#3362000 0*
#3363000 1*
#3363625 1!
#3363875 0*
#3364875 1*
#3365500 0!
#3365625 1"
#3365750 0*
#3366750 1*
#3367375 1!
#3367625 0*
#3368625 1*
#3369875 1) 1-
#3370000 0!
#3370125 1# 1% 0& 1'
#3370875 0)
#3371125 0" 0# 0% 1& 0' 0(
#3371250 1$
#3371375 0*
#3372375 1*
#3372625 1)
#3373000 1# 1' 1( 0,
#3373750 0)
#3373875 0# 0(
#3374250 0+
#3375250 1+
#3375500 1)
#3375750 1! 1# 0$ 1% 0&
#3375875 1,
#3376500 0) 0-
#3376750 0! 0% 1& 0' 1(
#3377000 0*
#3378000 1*
#3378625 1!
#3378875 0*
#3379125 00
#3379875 1*
#3380500 0!
#3380625 1"
#3380750 0*
#3381750 1*
#3382375 1!
#3382625 0*
#3383625 1*
#3384875 1) 1-
#3385000 0!
#3385125 1% 0& 1'
#3385875 0)
#3386125 0" 0% 1& 0' 0( 10
#3386250 1$
#3386375 0*
#3387375 1*
#3387625 1)
#3388000 1"
#3388750 0)
#3389000 1! 1%
#3389250 0*
#3390250 1*
#3390375 1)
#3390750 0" 0$ 0& 1'
#3391500 0) 0-
#3391750 0! 0# 0% 1& 0' 1(
#3391875 1$
#3392000 0*
#3393000 1*
#3393625 1!
#3393875 0*
#3394875 1*
#3395500 0!
#3395625 1"
#3395750 0*
#3396750 1*
#3397375 1!
#3397625 0*
#3398625 1*
#3399875 1) 1-
#3400000 0!
#3400125 1# 0$ 1% 0& 1'
#3400875 0)
#3401125 0" 0# 1& 0' 0(
#3401375 0*
#3402375 1*
#3402625 1)
#3402875 0% 1(
#3403000 1# 1$ 1' 0,
#3403750 0)
#3403875 0# 0(
#3404000 1!
#3404250 0+
#3405250 1+
#3405375 1)
#3405750 1# 0$ 1% 0&
#3405875 1,
#3406500 0) 0-
#3406750 0! 1$ 0% 1& 0' 1(
#3407000 0*
#3408000 1*
#3408625 1!
#3408875 0*
#3409875 1*
#3410500 0! 1"
#3410750 0*
#3411750 1*
#3412375 1!
#3412625 0*
#3413625 1*
#3414750 1)
#3414875 1-
#3415000 0!
#3415125 0$ 1% 0& 1'
#3415875 0)
#3416125 0" 1& 0' 0(
#3416375 0*
#3417375 1*
#3417625 1)
#3417875 1(
#3418000 1! 1" 1$ 1'
#3418750 0)
#3420375 1)
#3420750 0" 0$ 0& 0(
#3421500 0) 0-
#3421750 0! 0# 1& 0' 1(
#3422000 0*
#3423000 1*
#3423625 1!
#3423875 0*
#3424875 1*
#3425500 0! 1"
#3425750 0*
#3426750 1*
#3427375 1!
#3427625 0*
#3428625 1*
#3429750 1)
#3429875 1-
#3430000 0! 0&
#3430125 1# 1'
#3430875 0)
#3431125 0" 0# 1$ 1& 0' 0(
#3431375 0*
#3432375 1*
#3432625 1)
#3432875 0% 1' 1(
#3433000 1# 0,
#3433750 0)
#3433875 0# 0(
#3434000 1"
#3434250 0+
#3435250 1+
#3435375 1)
#3435625 0" 0$ 0&
#3435750 1! 1# 1%
#3435875 1,
#3436500 0) 0-
#3436750 0! 1& 0' 1(
#3437000 0*
#3438000 1*
#3438625 1!
#3438875 0*
#3439875 1*
#3440500 0! 1"
#3440750 0*
#3441750 1*
#3442375 1!
#3442625 0*
#3443625 1*
#3444750 1)
#3444875 1-
#3445000 0! 0&
#3445125 1'
#3445875 0)
#3446125 0" 1$ 1& 0' 0(
#3446375 0*
#3447375 1*
#3447625 1)
#3447875 1! 1" 0%
#3448750 0)
#3449000 1%
#3449250 0+
#3450250 1+
#3450375 1)
#3450625 0" 0$ 0&
#3450750 1'
#3451500 0) 0-
#3451750 0! 0# 1$ 1& 0' 1(
#3452000 0*
#3453000 1*
#3453625 1!
#3453875 0*
#3454875 1*
#3455375 0!
#3455500 1"
#3455750 0*
#3456750 1*
#3457375 1!
#3457625 0*
#3458625 1*
#3459750 1) 1-
#3460000 0! 0$ 0&
#3460125 1# 1'
#3460875 0)
#3461000 0#
#3461125 0" 0% 0(
#3461375 0*
#3462375 1*
#3462625 1)
#3462875 1# 1$ 1& 1(
#3463000 0, 00
#3463625 0)
#3463875 1! 0# 0(
#3464000 1"
#3464125 0+
#3465250 1+
#3465375 1)
#3465625 0" 0$ 0&
#3465750 1# 1% 1,
#3466500 0) 0-
#3466625 0!
#3466750 1$ 1& 0' 1(
#3467000 0*
#3468000 1*
#3468625 1!
#3468875 0*
#3469875 1*
#3470000 10
#3470375 0!
#3470500 1"
#3470750 0*
#3471750 1*
#3472375 1!
#3472625 0*
#3473625 1*
#3474750 1) 1-
#3475000 0! 0$ 0& 1'
#3475875 0)
#3476000 0" 0% 0(
#3476375 0*
#3477375 1*
#3477500 1)
#3477875 1! 1" 1$ 1% 1& 1(
#3478625 0)
#3480375 1)
#3480625 0" 0$ 0& 0(
#3481375 0-
#3481500 0)
#3481625 0! 0# 0%
#3481750 1(
#3482000 0*
#3483000 1*
#3483625 1!
#3483875 0*
#3484875 1*
#3485375 0!
#3485500 1"
#3485750 0*
#3486750 1*
#3487375 1!
#3487625 0*
#3488625 1*
#3489750 1) 1-
#3490000 0!
#3490125 1# 1%
#3490875 0)
#3491000 0" 0# 0% 0(
#3491125 1$
#3491375 0*
#3492375 1*
#3492500 1)
#3492875 1# 1& 1(
#3493000 0,
#3493625 0)
#3493875 0(
#3494125 0+
#3495125 1+
#3495375 1)
#3495625 1! 0$ 1% 0&
#3495750 1,
#3496375 0-
#3496500 0)
#3496625 0! 0%
#3496750 1(
#3497000 0*
#3498000 1*
#3498625 1!
#3498875 0*
#3499875 1*
#3500375 0!
#3500500 1"
#3500750 0*
#3501750 1*
#3502375 1!
#3502500 0*
#3503625 1*
#3504750 1) 1-
#3505000 0! 1%
#3505875 0)
#3506000 0" 0% 0(
#3506125 1$
#3506250 0*
#3507375 1*
#3507500 1)
#3507750 0# 0$ 0'
#3507875 1% 1&
#3508625 0)
#3508875 1! 1" 1# 1$
#3509125 0*
#3510125 1*
#3510375 1)
#3510625 0" 0$ 0& 1'
#3511375 0) 0-
#3511625 0! 0# 0% 1(
#3511750 1$
#3511875 0*
#3513000 1*
#3513625 1!
#3513750 0*
#3514875 1*
#3515375 0!
#3515500 1"
#3515625 0*
#3516625 1*
#3517250 1!
#3517500 0*
#3518625 1*
#3519750 1) 1-
#3520000 0! 1# 0$ 1%
#3520750 0)
#3521000 0" 0# 0(
#3521250 0*
#3522250 1*
#3522500 1)
#3522750 0%
#3522875 1# 1$ 1& 1( 0,
#3523625 0)
#3523750 0(
#3523875 1!
#3524125 0+
#3525125 1+
#3525375 1)
#3525625 0$ 1% 0&
#3525750 1,
#3526375 0) 0-
#3526625 0! 0% 1(
#3526750 1$
#3526875 0*
#3527875 1*
#3528500 1!
#3528750 0*
#3529750 1*
#3530375 0!
#3530500 1"
#3530625 0*
#3531625 1*
#3532250 1!
#3532500 0*
#3533500 1*
#3534750 1) 1-
#3534875 0!
#3535000 0$ 1%
#3535750 0)
#3536000 0" 0(
#3536250 0*
#3537250 1*
#3537500 1)
#3537875 1! 1" 1$ 1& 1(
#3538625 0)
#3540375 1)
#3540625 0" 0$ 0& 0(
#3541375 0) 0-
#3541625 0! 0# 1(
#3541875 0*
#3542875 1*
#3543500 1!
#3543750 0*
#3544750 1*
#3545375 0! 1"
#3545625 0*
#3546625 1*
#3546875 00
#3547250 1!
#3547500 0*
#3548500 1*
#3549625 1)
#3549750 1-
#3549875 0!
#3550000 1#
#3550750 0)
#3551000 0" 0# 1$ 0(
#3551250 0*
#3552250 1*
#3552500 1)
#3552750 0% 1(
#3552875 1# 1& 0,
#3553625 0)
#3553750 0( 10
#3553875 1"
#3554125 0+
#3555125 1+
#3555250 1)
#3555500 0" 0&
#3555625 1! 0$ 1%
#3555750 1,
#3556375 0) 0-
#3556625 0! 1(
#3556875 0*
#3557875 1*
#3558500 1!
#3558750 0*
#3559750 1*
#3560375 0! 1"
#3560625 0*
#3561625 1*
#3562250 1!
#3562500 0*
#3563500 1*
#3564625 1)
#3564750 1-
#3564875 0!
#3565750 0)
#3566000 0" 1$ 0(
#3566250 0*
#3567250 1*
#3567500 1)
#3567750 1! 0# 0$ 0'
#3567875 1&
#3568625 0)
#3568875 1" 1# 1$
#3569125 0+
#3570125 1+
#3570250 1)
#3570500 0" 0$
#3570625 0& 1'
#3571375 0) 0-
#3571625 0! 0# 1$ 1(
#3571875 0*
#3572875 1*
#3573500 1!
#3573750 0*
#3574750 1*
#3575375 0! 1"
#3575625 0*
#3576625 1*
#3577250 1!
#3577500 0*
#3578500 1*
#3579625 1)
#3579750 1-
#3579875 0!
#3580000 1# 0$
#3580750 0)
#3581000 0" 0# 0% 1& 0(
#3581250 0*
#3582250 1*
#3582500 1)
#3582750 1(
#3582875 1# 1$ 0,
#3583625 0)
#3583750 0(
#3583875 1! 1"
#3584125 0+
#3585125 1+
#3585250 1)
#3585500 0"
#3585625 0$ 1% 0&
#3585750 1,
#3586375 0) 0-
#3586625 0! 1$ 1(
#3586875 0*
#3587875 1*
#3588500 1!
#3588750 0*
#3589750 1*
#3590375 0! 1"
#3590625 0*
#3591625 1*
#3592250 1!
#3592500 0*
#3593500 1*
#3594625 1)
#3594750 1-
#3594875 0!
#3595000 0$
#3595750 0)
#3596000 0" 0% 1& 0(
#3596250 0*
#3597250 1*
#3597500 1)
#3597875 1! 1" 1$ 1% 1(
#3598625 0)
#3600250 1)
#3600625 0" 0$ 0& 0(
#3601375 0) 0-
#3601625 0! 0# 0% 1& 1(
#3601875 0*
#3602875 1*
#3603500 1!
#3603750 0*
#3604750 1*
#3605375 0!
#3605500 1"
#3605625 0*
#3606625 1*
#3607250 1!
#3607500 0*
#3608500 1*
#3609750 1) 1-
#3609875 0!
#3610000 1# 1% 0&
#3610750 0)
#3611000 0" 0# 0% 1& 0(
#3611125 1$
#3611250 0*
#3612250 1*
#3612500 1)
#3612875 1# 1( 0,
#3613625 0)
#3613750 0# 0(
#3613875 0$ 1%
#3614125 0+
#3615125 1+
#3615375 1)
#3615625 1! 1# 0&
#3615750 1,
#3616375 0) 0-
#3616625 0! 0% 1(
#3616750 1&
#3616875 0*
#3617875 1*
#3618500 1!
#3618750 0*
#3619750 1*
#3620375 0!
#3620500 1"
#3620625 0*
#3621625 1*
#3622250 1!
#3622500 0*
#3623500 1*
#3624750 1) 1-
#3625000 0! 1% 0&
#3625750 0)
#3626000 0" 0% 0(
#3626125 1$ 1&
#3626250 0*
#3627250 1*
#3627500 1)
#3627750 0# 0$ 0'
#3627875 1" 1%
#3628625 0)
#3628875 1! 1# 1$
#3629125 0*
#3630125 1*
#3630375 1)
#3630625 0" 0$ 0& 1' 00
#3631375 0) 0-
#3631625 0! 0# 0%
#3631750 1$ 1& 1(
#3631875 0*
#3633000 1*
#3633625 1!
#3633750 0*
#3634875 1*
#3635375 0!
#3635500 1"
#3635625 0*
#3636750 1*
#3637375 1!
#3637500 0*
#3637625 10
#3638625 1*
#3639750 1) 1-
#3640000 0! 1# 0$ 1% 0&
#3640875 0)
#3641000 0" 0# 0(
#3641125 1&
#3641250 0*
#3642375 1*
#3642500 1)
#3642750 0%
#3642875 1# 1$ 1( 0,
#3643625 0)
#3643875 1! 0# 0$ 1% 0(
#3644125 0+
#3645125 1+
#3645375 1)
#3645625 1# 0&
#3645750 1,
#3646375 0-
#3646500 0)
#3646625 0! 0%
#3646750 1$ 1& 1(
#3647000 0*
#3648000 1*
#3648625 1!
#3648875 0*
#3649875 1*
#3650375 0!
#3650500 1"
#3650750 0*
#3651750 1*
#3652375 1!
#3652625 0*
#3653625 1*
#3654750 1) 1-
#3655000 0! 0$ 0&
#3655125 1%
#3655875 0)
#3656000 0" 0(
#3656125 1&
#3656375 0*
#3657375 1*
#3657500 1)
#3657875 1! 1" 1$ 1(
#3658625 0)
#3660375 1)
#3660625 0" 0$ 0& 0(
#3661375 0-
#3661500 0)
#3661625 0! 0#
#3661750 1& 1(
#3662000 0*
#3663000 1*
#3663625 1!
#3663875 0*
#3664875 1*
#3665375 0!
#3665500 1"
#3665750 0*
#3666750 1*
#3667375 1!
#3667625 0*
#3668625 1*
#3669750 1) 1-
#3670000 0! 0&
#3670125 1#
#3670875 0)
#3671000 0# 0(
#3671125 0" 1$ 1&
#3671375 0*
#3672375 1*
#3672625 1)
#3672875 1# 0% 1(
#3673000 0,
#3673625 0)
#3673875 0# 0$ 0(
#3674000 1" 1%
#3674125 0+
#3675250 1+
#3675375 1)
#3675625 0" 0&
#3675750 1! 1# 1,
#3676500 0) 0-
#3676625 0!
#3676750 1& 1(
#3677000 0*
#3678000 1*
#3678625 1!
#3678875 0*
#3679875 1*
#3680375 0!
#3680500 1"
#3680750 0*
#3681750 1*
#3682375 1!
#3682625 0*
#3683625 1*
#3684750 1)
#3684875 1-
#3685000 0! 0&
#3685875 0)
#3686125 0" 1$ 1& 0(
#3686375 0*
#3687375 1*
#3687625 1)
#3687875 1! 1" 0# 0$ 0'
#3688750 0)
#3689000 1# 1$
#3689250 0+
#3690250 1+
#3690375 1)
#3690625 0" 0$ 0&
#3690750 1'
#3691500 0) 0-
#3691750 0! 0# 1$ 1& 1(
#3692000 0*
#3693000 1*
#3693625 1!
#3693875 0*
#3694875 1*
#3695500 0! 1"
#3695750 0*
#3696750 1*
#3697375 1!
#3697625 0*
#3698625 1*
#3699750 1)
#3699875 1-
#3700125 1#
#3700875 0)
#3701375 0+
#3702375 1+
#3702625 1)
#3702875 0! 0" 0%
#3703000 0,
#3703750 0)
#3703875 0# 0(
#3704000 1! 1" 0$ 1%
#3704250 0+
#3705250 1+
#3705375 1)
#3705625 0"
#3705750 1# 0&
#3705875 1,
#3706500 0) 0-
#3706750 0! 1& 1(
#3706875 1$
#3707000 0*
#3708000 1*
#3708625 1!
#3708875 0*
#3709875 1*
#3710500 0!
#3710625 1"
#3710750 0*
#3711750 1*
#3712375 1!
#3712625 0*
#3713625 1*
#3714500 00
#3714875 1) 1-
#3715125 0! 0$ 0&
#3715875 0)
#3716125 0" 0# 0% 0' 0(
#3716375 0*
#3717375 1*
#3718125 1!
#3718250 0*
#3719250 1*
#3719875 0!
#3720000 1"
#3720125 0*
#3720875 1)
#3721125 1*
#3721250 1# 1% 1' 1(
#3721500 10
#3722000 0)
#3722250 0" 0# 0% 0' 0(
#3722500 0*
#3723500 1*
#3724125 1!
#3724375 0*
#3725375 1*
#3726000 0! 1"
#3726250 0*
#3727000 1)
#3727250 0" 1*
#3727375 1# 1$ 1& 1' 1( 0,
#3728125 0)
#3728375 0$ 1% 0(
#3728625 0+
#3729625 1+
#3729875 1)
#3730125 0# 1$ 0& 1(
#3730250 1,
#3731000 0)
#3731125 0% 0' 0(
#3731250 1! 1"
#3731500 0*
#3732500 1*
#3733125 1%
#3733375 0*
#3734375 1*
#3734500 1)
#3734750 0! 0" 0$
#3734875 1# 1' 1(
#3735625 0)
#3735875 1! 1" 0# 1$ 0% 0' 0(
#3736125 0*
#3737125 1*
#3737375 1)
#3737625 0! 0" 1% 1' 1(
#3738500 0)
#3738625 0% 0' 0(
#3738750 1! 1"
#3739000 0*
#3740000 1*
#3740625 1%
#3740875 0*
#3741875 1*
#3742000 1)
#3742250 0! 0" 0$
#3742375 1# 1' 1(
#3743125 0)
#3743375 1! 1" 0# 1$ 0% 0' 0(
#3743625 0*
#3744625 1*
#3744875 1)
#3745125 0! 0$ 1' 1(
#3745250 1# 1%
#3746000 0)
#3746125 0" 0# 0% 0' 0(
#3746500 0*
#3747500 1*
#3748125 1!
#3748375 0*
#3749375 1*
#3749875 0!
#3750000 1"
#3750250 0*
#3751000 1)
#3751250 1*
#3751375 1# 1% 1' 1(
#3752125 0)
#3752250 0" 0# 0% 0' 0(
#3752500 0*
#3753625 1*
#3754250 1!
#3754500 0*
#3755500 1*
#3756000 0!
#3756125 1"
#3756375 0*
#3757125 1)
#3757250 0"
#3757375 1# 1$ 1& 1' 1( 1*
#3757500 0,
#3758125 0)
#3758375 1! 0$ 0(
#3758500 1%
#3758625 0+
#3759750 1+
#3759875 1)
#3760125 0! 0# 0& 1(
#3760250 1$ 1,
#3761000 0)
#3761125 0' 0(
#3761250 1! 1" 0%
#3761500 0*
#3762500 1*
#3763125 1%
#3763375 0*
#3764375 1*
#3764625 1)
#3764750 0!
#3764875 0" 1# 0$ 1' 1(
#3765625 0)
#3765875 1! 0# 0% 0' 0(
#3766000 1" 1$
#3766125 0*
#3767125 1*
#3767375 1)
#3767625 0! 0"
#3767750 1% 1' 1(
#3768500 0)
#3769125 0% 0' 0(
#3769250 1! 1"
#3769500 0*
#3770500 1*
#3771625 1%
#3771750 0*
#3772750 1*
#3773000 1)
#3773750 0! 0" 0$ 1' 1(
#3773875 1#
#3774625 0)
#3774750 0# 0' 0(
#3774875 1! 1" 1$ 0%
#3775125 0*
#3776125 1*
#3776750 1)
#3777000 0! 0$
#3777125 1# 1% 1' 1(
#3777875 0)
#3778000 0(
#3778125 0" 0# 0% 0'
#3778375 0*
#3779375 1*
#3780000 1!
#3780250 0*
#3781250 1*
#3781750 0!
#3781875 1"
#3782125 0*
#3782875 1)
#3783125 1*
#3783250 1# 1% 1' 1(
#3784000 0)
#3784125 0# 0% 0' 0(
#3784250 0"
#3784500 0*
#3785500 1*
#3786125 1!
#3786375 0*
#3787375 1*
#3787875 0!
#3788000 1"
#3788250 0*
#3789000 1)
#3789250 0" 1' 1( 1*
#3789375 1# 1$ 1& 0,
#3790125 0)
#3790250 0$ 0(
#3790375 1" 1%
#3790625 0+
#3791625 1+
#3791750 1)
#3792000 0" 0# 0&
#3792125 1$ 1( 1,
#3792875 0)
#3793125 1! 1" 0% 0' 0(
#3793375 0*
#3794375 1*
#3795000 1%
#3795250 0*
#3796250 1*
#3796500 1)
#3796750 0! 0" 0$ 1' 1(
#3796875 1#
#3797625 0)
#3797750 0# 0% 0' 0(
#3797875 1! 1" 1$
#3798000 0*
#3798375 00
#3799125 1*
#3799250 1)
#3799500 0! 0"
#3799625 1% 1' 1(
#3800375 0)
#3800625 1! 1" 0% 0' 0(
#3800875 0*
#3801875 1*
#3802500 1%
#3802750 0*
#3803750 1*
#3804000 1)
#3804250 0! 0" 0$ 1' 1(
#3804375 1#
#3805125 0)
#3805250 0# 0% 0' 0(
#3805375 1! 1" 1$ 10
#3805625 0*
#3806625 1*
#3806750 1)
#3807000 0! 0$
#3807125 1# 1% 1' 1(
#3807875 0)
#3808125 0" 0# 0% 0' 0(
#3808375 0*
#3809375 1*
#3810000 1!
#3810250 0*
#3811250 1*
#3811875 0! 1"
#3812125 0*
#3812875 1)
#3813125 1*
#3813250 1# 1% 1' 1(
#3814000 0)
#3814125 0# 0(
#3814250 0" 0% 0'
#3814500 0*
#3815500 1*
#3816125 1!
#3816375 0*
#3817375 1*
#3817875 0!
#3818000 1"
#3818250 0*
#3819000 1)
#3819250 0" 1' 1( 1*
#3819375 1# 1$ 1& 0,
#3820125 0)
#3820250 0$ 0(
#3820375 1! 1" 1%
#3820625 0+
#3821625 1+
#3821750 1)
#3822000 0! 0" 0# 0&
#3822125 1$ 1(
#3822250 1,
#3822875 0)
#3823125 1! 1" 0% 0' 0(
#3823375 0*
#3824375 1*
#3825000 1%
#3825250 0*
#3826250 1*
#3826500 1)
#3826750 0! 0" 0$ 1' 1(
#3826875 1#
#3827625 0)
#3827750 0# 0% 0' 0(
#3827875 1! 1" 1$
#3828000 0*
#3829125 1*
#3829250 1)
#3829500 0! 0"
#3829625 1% 1' 1(
#3830375 0)
#3830625 1! 1" 0% 0' 0(
#3830875 0*
#3831875 1*
#3832500 1%
#3832750 0*
#3833750 1*
#3834000 1)
#3834250 0! 0" 0$ 1' 1(
#3834375 1#
#3835125 0)
#3835250 0# 0% 0' 0(
#3835375 1! 1" 1$
#3835500 0*
#3836625 1*
#3836750 1)
#3852000 0! 0"
#3852125 1# 1& 1' 1( 0,
#3852875 0)
#3853000 0(
#3853125 0# 1%
#3853375 0+
#3854375 1+
#3854625 1)
#3855875 1! 1" 1# 1( 1,
#3856625 0)
#3858375 1)
#3861375 0! 0$ 0&
#3862250 0)
#3862500 0" 0# 0% 0' 0(
#3862750 0*
#3863750 1*
#3864000 1)
#3864250 1! 1" 1# 1$ 1% 1& 1' 1(
#3865000 0)
#3866750 1)
#3867875 0)
#3868375 0+
#3869375 1+
#3870250 0+
#3871250 1+
#3872125 0+
#3873125 1+
#3874000 0+
#3875000 1+
#3876125 1)
#3876375 0! 0$ 0&
#3877250 0)
#3877375 0(
#3877500 0" 0% 0'
#3877750 0*
#3878750 1*
#3879000 1)
#3879250 1$ 1& 1' 1(
#3879375 0,
#3880000 0)
#3880250 1! 0# 1% 0(
#3880500 0+
#3881500 1+
#3881750 1)
#3882000 0! 0$ 0&
#3882125 1" 1# 1,
#3882250 00
#3882875 0) 0-
#3883000 0" 0# 0% 0'
#3883375 0*
#3884375 1*
#3885000 1!
#3885250 0*
#3886250 1*
#3886750 0!
#3886875 1"
#3887125 0*
#3888125 1*
#3888750 1!
#3889000 0*
#3889125 10
#3890000 1*
#3891125 1) 1-
#3891375 0! 1' 1(
#3891500 1# 1%
#3892250 0)
#3892375 0" 0# 0% 0' 0(
#3892500 1$
#3892750 0*
#3893750 1*
#3893875 1)
#3894250 1! 1" 1# 1% 1& 1' 1(
#3895000 0)
#3896750 1)
#3897000 0! 0$ 0& 0(
#3897750 0-
#3897875 0)
#3898000 0" 0% 0'
#3898375 0*
#3899375 1*
#3900000 1!
#3900250 0*
#3901250 1*
#3901750 0!
#3901875 1"
#3902125 0*
#3903125 1*
#3903750 1!
#3904000 0*
#3905000 1*
#3906125 1) 1-
#3906375 0! 1% 1' 1(
#3907250 0)
#3907375 0" 0% 0' 0(
#3907500 1$
#3907625 0*
#3908750 1*
#3908875 1)
#3909125 0$
#3909250 1% 1&
#3910000 0)
#3910250 1! 1" 1$
#3910500 0*
#3911500 1*
#3911750 1)
#3912000 0! 0$ 0& 1'
#3912750 0-
#3912875 0)
#3913000 0" 0# 0% 0'
#3913125 1$
#3913250 0*
#3914375 1*
#3915000 1!
#3915125 0*
#3916250 1*
#3916750 0!
#3916875 1"
#3917000 0*
#3918125 1*
#3918750 1!
#3918875 0*
#3920000 1*
#3921125 1) 1-
#3921375 0! 1# 0$ 1% 1' 1(
#3922125 0)
#3922375 0" 0# 0' 0(
#3922625 0*
#3923625 1*
#3923875 1)
#3924125 0%
#3924250 1# 1$ 1& 1' 1( 0,
#3925000 0)
#3925125 0(
#3925250 1" 0# 1%
#3925500 0+
#3926500 1+
#3926750 1)
#3927000 1# 0$ 0&
#3927125 1,
#3927750 0) 0-
#3928000 0" 0% 0'
#3928125 1$
#3928250 0*
#3929250 1*
#3929875 1!
#3930125 0*
#3931125 1*
#3931750 0!
#3931875 1"
#3932000 0*
#3933000 1*
#3933625 1!
#3933875 0*
#3934875 1*
#3936125 1) 1-
#3936250 0!
#3936375 0$ 1% 1' 1(
#3937125 0)
#3937375 0" 0' 0(
#3937625 0*
#3938625 1*
#3938875 1)
#3939250 1! 1" 1$ 1& 1' 1(
#3940000 0)
#3941625 1)
#3942000 0! 0$ 0& 0(
#3942750 0) 0-
#3943000 0" 0# 0'
#3943250 0*
#3944250 1*
#3944875 1!
#3945125 0*
#3946125 1*
#3946750 0! 1"
#3947000 0*
#3948000 1*
#3948625 1!
#3948875 0*
#3949875 1*
#3951000 1)
#3951125 1-
#3951250 0!
#3951375 1# 1' 1(
#3952125 0)
#3952375 0" 0# 1$ 0' 0(
#3952625 0*
#3953625 1*
#3953875 1)
#3954125 0% 1' 1(
#3954250 1# 1& 0,
#3955000 0)
#3955125 0# 0(
#3955250 1! 1" 1%
#3955500 0+
#3956500 1+
#3956625 1)
#3956875 0! 0&
#3957000 1# 0$
#3957125 1,
#3957750 0) 0-
#3958000 0" 0'
#3958250 0*
#3959250 1*
#3959875 1!
#3960125 0*
#3961125 1*
#3961750 0! 1"
#3962000 0*
#3963000 1*
#3963625 1!
#3963875 0*
#3964875 1*
#3966000 1) 00
#3966125 1-
#3966250 0!
#3966375 1' 1(
#3967125 0)
#3967375 0" 1$ 0' 0(
#3967625 0*
#3968625 1*
#3968875 1)
#3969125 1! 0$ 1&
#3970000 0)
#3970250 1" 1$
#3970500 0+
#3971500 1+
#3971625 1)
#3971875 0! 0$ 0&
#3972000 1'
#3972750 0) 0-
#3973000 0" 0# 1$ 0' 10
#3973250 0*
#3974250 1*
#3974875 1!
#3975125 0*
#3976125 1*
#3976750 0! 1"
#3977000 0*
#3978000 1*
#3978625 1!
#3978875 0*
#3979875 1*
#3981000 1)
#3981125 1-
#3981250 0! 0$
#3981375 1# 1' 1(
#3982125 0)
#3982375 0" 0# 0% 1& 0' 0(
#3982625 0*
#3983625 1*
#3983875 1)
#3984125 1# 1$ 1' 1(
#3984250 0,
#3985000 0)
#3985125 0(
#3985250 1%
#3985500 0+
#3986500 1+
#3986625 1)
#3986875 0$ 0&
#3987000 1" 1,
#3987750 0) 0-
#3988000 0" 1$ 0'
#3988250 0*
#3989250 1*
#3989875 1!
#3990125 0*
#3991125 1*
#3991625 0!
#3991750 1"
#3992000 0*
#3993000 1*
#3993625 1!
#3993875 0*
#3994875 1*
#3996000 1)
#3996125 1-
#3996250 0! 0$
#3996375 1' 1(
#3997125 0)
#3997250 0(
#3997375 0" 0% 1& 0'
#3997625 0*
#3998625 1*
#3998875 1)
#3999125 1! 1" 1$ 1% 1' 1(
#4000000 0)
#4001625 1)
#4001875 0! 0$ 0& 0(
#4002750 0) 0-
#4003000 0" 0# 0% 1& 0'
#4003250 0*
#4004250 1*
#4004875 1!
#4005125 0*
#4006125 1*
#4006625 0!
#4006750 1"
#4007000 0*
#4008000 1*
#4008625 1!
#4008875 0*
#4009875 1*
#4011000 1)
#4011125 1-
#4011250 0! 0&
#4011375 1# 1% 1' 1(
#4012125 0)
#4012375 0" 0# 1$ 0% 1& 0' 0(
#4012625 0*
#4013625 1*
#4013875 1)
#4014125 1# 1' 1(
#4014250 0,
#4015000 0)
#4015125 0(
#4015250 1! 1%
#4015500 0+
#4016500 1+
#4016625 1)
#4016875 0! 0$ 0&
#4017000 1" 1,
#4017750 0) 0-
#4018000 0" 0% 1& 0'
#4018250 0*
#4019250 1*
#4019875 1!
#4020125 0*
#4021125 1*
#4021625 0!
#4021750 1"
#4022000 0*
#4023000 1*
#4023625 1!
#4023875 0*
#4024875 1*
#4026000 1)
#4026125 1-
#4026250 0! 0&
#4026375 1% 1' 1(
#4027125 0)
#4027375 0" 1$ 0% 1& 0' 0(
#4027625 0*
#4028625 1*
#4028875 1)
#4029125 1" 0$ 1%
#4030000 0)
#4030250 1! 1$
#4030375 0*
#4031500 1*
#4031625 1)
#4031875 0! 0$ 0&
#4032000 1'
#4032750 0) 0-
#4033000 0" 0# 1$ 0% 1& 0'
#4033250 0*
#4034250 1*
#4034875 1!
#4035125 0*
#4036125 1*
#4036750 0! 1"
#4037000 0*
#4038000 1*
#4038625 1!
#4038875 0*
#4039875 1*
#4041000 1)
#4041125 1-
#4041250 0! 0$ 0&
#4041375 1# 1% 1' 1(
#4042125 0)
#4042375 0" 0# 1& 0' 0(
#4042625 0*
#4043625 1*
#4043875 1)
#4044125 0% 1' 1(
#4044250 1# 1$ 0,
#4045000 0)
#4045125 0(
#4045250 1" 1%
#4045500 0+
#4046500 1+
#4046625 1)
#4046875 0$ 0&
#4047125 1,
#4047750 0) 0-
#4048000 0" 1$ 0% 1& 0'
#4048250 0*
#4049250 1*
#4049875 1! 00
#4050125 0*
#4051125 1*
#4051750 0! 1"
#4052000 0*
#4053000 1*
#4053625 1!
#4053875 0*
#4054875 1*
#4056000 1)
#4056125 1-
#4056250 0!
#4056375 0$ 1% 0& 1' 1(
#4056875 10
#4057125 0)
#4057375 0" 1& 0' 0(
#4057625 0*
#4058625 1*
#4058875 1)
#4059125 1(
#4059250 1! 1" 1$ 1'
#4060000 0)
#4061625 1)
#4062000 0! 0$ 0& 0(
#4062750 0) 0-
#4063000 0" 0# 1& 0'
#4063250 0*
#4064250 1*
#4064875 1!
#4065125 0*
#4066125 1*
#4066750 0! 1"
#4067000 0*
#4068000 1*
#4068625 1!
#4068875 0*
#4069875 1*
#4071125 1) 1-
#4071250 0!
#4071375 1# 0& 1' 1(
#4072125 0)
#4072375 0" 0# 1& 0' 0(
#4072500 1$
#4072625 0*
#4073625 1*
#4073875 1)
#4074125 0%
#4074250 1# 1' 1( 0,
#4075000 0)
#4075125 0(
#4075250 1! 1" 1%
#4075500 0+
#4076500 1+
#4076750 1)
#4077000 0! 0$ 0&
#4077125 1,
#4077750 0) 0-
#4078000 0" 0'
#4078125 1&
#4078250 0*
#4079250 1*
#4080000 1!
#4080125 0*
#4081250 1*
#4081750 0!
#4081875 1"
#4082000 0*
#4083125 1*
#4083750 1!
#4083875 0*
#4085000 1*
#4086125 1) 1-
#4086375 0! 0& 1' 1(
#4087250 0)
#4087375 0" 0' 0(
#4087500 1$ 1&
#4087625 0*
#4088750 1*
#4088875 1)
#4089125 0$
#4089250 1! 1"
#4090000 0)
#4090250 1$
#4090500 0+
#4091500 1+
#4091750 1)
#4092000 0! 0$ 0& 1'
#4092750 0-
#4092875 0)
#4093000 0" 0# 0'
#4093125 1$ 1&
#4093375 0*
#4094375 1*
#4095000 1!
#4095250 0*
