$date Wed Sep  2 15:04:10 2026 $end
$version libsigrok 0.5.2 $end
$comment
  Acquisition with 16/16 channels at 1 MHz
$end
$timescale 1 us $end
$scope module libsigrok $end
$var wire 1 ! A0 $end
$var wire 1 " A1 $end
$var wire 1 # A2 $end
$var wire 1 $ A3 $end
$var wire 1 % A4 $end
$var wire 1 & A5 $end
$var wire 1 ' A6 $end
$var wire 1 ( A7 $end
$var wire 1 ) RAS $end
$var wire 1 * CAS0 $end
$var wire 1 + CAS1 $end
$var wire 1 , R/W $end
$var wire 1 - VDS $end
$var wire 1 . IRQ $end
$var wire 1 / CSW $end
$var wire 1 0 CSR $end
$upscope $end
$enddefinitions $end
#0 1! 1" 1# 1$ 1% 1& 1' 1( 1) 1* 1+ 1, 1- 0. 1/ 10
#1 0! 0# 0$ 0% 0& 0) 0- 0/
#2 1! 1# 1$ 1% 1& 1- 1/
#3 1)
#4 0)
#5 1)
#6 0)
#8 1)
#9 0)
#10 00
#11 1) 10
#14 0)
#15 1)
#17 0)
#18 1)
#19 0' 0(
#20 1' 1( 0)
#21 1)
#23 0)
#24 1)
#25 0' 0(
#26 1' 1( 0)
#27 1) 00
#28 10
#29 0)
#30 1)
#31 0' 0(
#32 1' 1( 0)
#33 1)
#35 0) 00
#36 1) 10
#37 0' 0(
#38 1' 1( 0)
#39 1)
#41 0)
#42 1)
#43 0' 0(
#44 1' 1( 0)
#45 1)
#47 0)
#48 1)
#49 0' 0(
#50 1' 1( 0)
#51 1)
#52 00
#53 0) 10
#54 1)
#55 0' 0(
#56 1' 1( 0)
#57 1)
#59 0)
#60 1) 00
#61 0' 0( 10
#62 1' 1( 0)
#63 1)
#65 0)
#66 1)
#69 0) 00
#70 1) 10
#72 0)
#73 1)
#75 0)
#76 1)
#77 00
#78 10
#80 0)
#81 1)
#83 0' 0( 0) 0*
#84 1' 1( 1) 1*
#86 0)
#87 1)
#89 0' 0( 0) 0+
#90 1' 1( 1) 1+
#92 0)
#93 1)
#94 00
#95 0' 0( 0) 0* 10
#96 1' 1( 1) 1*
#98 0)
#99 1)
#101 0' 0( 0) 0+
#102 1' 1( 1) 1+ 00
#103 10
#104 0)
#105 1)
#107 0' 0( 0) 0*
#108 1' 1( 1) 1*
#110 0)
#111 1)
#113 0' 0( 0) 0+
#114 1' 1( 1) 1+
#116 0)
#117 1)
#119 0' 0( 0) 00
#120 1' 1( 1) 10
#121 0)
#123 1)
#125 0' 0( 0)
#126 1' 1( 1)
#128 0) 0+
#129 1) 1+
#131 0)
#132 1)
#135 0)
#136 1) 00
#137 10
#138 0)
#139 1)
#143 0)
#144 1) 00
#145 10
#146 0)
#147 0! 0$ 0% 0' 0( 1)
#148 1! 1$ 1% 1' 1(
#149 0)
#150 1)
#152 0)
#153 0$ 0% 0' 0( 1)
#154 1$ 1% 1' 1( 0)
#156 1)
#157 0)
#159 1)
#160 0)
#161 00
#162 1) 10
#163 0)
#165 1)
#166 0)
#168 1)
#169 0) 00
#170 10
#171 1)
#172 0)
#174 1)
#175 0)
#177 0# 0% 0' 0( 1)
#178 1# 1% 1' 1( 00
#179 0) 10
#180 1)
#182 0)
#183 0! 0" 0% 0' 0( 1)
#184 1! 1" 1% 1' 1(
#185 0)
#186 1) 00
#187 10
#188 0)
#189 0" 0% 0' 0( 1)
#190 1" 1% 1' 1( 0)
#192 1)
#193 0)
#195 1)
#196 0)
#197 1)
#198 0)
#199 1)
#201 0)
#202 1)
#203 00
#204 10
#206 0)
#207 1)
#208 0)
#210 1)
#211 0) 00
#212 10
#213 1)
#214 0)
#216 1)
#217 0)
#219 1)
#220 0)
#222 1)
#223 0)
#225 1)
#226 0)
#228 1) 00
#229 0) 10
#231 1)
#232 0)
#234 1)
#235 0)
#237 1)
#238 0)
#240 1)
#241 0)
#243 1)
#244 0)
#245 00
#246 1) 10
#247 0)
#249 1)
#250 0)
#252 1)
#253 0) 00
#254 10
#255 1)
#256 0) 0+
#257 1+
#258 1)
#259 0)
#262 1)
#264 0)
#265 1)
#267 0)
#268 1)
#270 00
#271 0) 10
#273 1)
#274 0)
#276 1)
#277 0)
#278 00
#279 1) 10
#280 0)
#282 1)
#283 0)
#285 1)
#286 0)
#287 00
#288 1) 10
#289 0)
#291 1)
#292 0)
#294 1)
#295 0) 00
#296 10
#297 1)
#298 0)
#300 1)
#301 0)
#303 1)
#304 0)
#306 1)
#307 0)
#309 1)
#310 0)
#312 1) 00
#313 0) 10
#315 1)
#316 0)
#318 1)
#319 0)
#320 00
#321 1) 10
#322 0)
#324 1)
#327 0)
#328 1)
#330 0)
#331 1)
#334 0)
#335 1)
#337 0) 00
#338 1) 10
#340 0)
#341 1)
#343 0)
#345 1)
#346 0)
#348 1)
#349 0)
#351 1)
#352 0)
#354 1) 00
#355 0) 10
#357 1)
#358 0)
#360 1)
#361 0)
#362 00
#363 1) 10
#364 0)
#366 1)
#367 0)
#368 1)
#370 0)
#371 1)
#373 0)
#374 1)
#376 0)
#377 1)
#379 0) 00
#380 1) 10
#382 0)
#383 1)
#385 0) 0+
#386 1) 1+
#387 00
#388 0) 10
#389 1)
#390 0)
#391 1)
#393 0)
#394 1)
#396 0) 00
#397 1) 10
#398 0)
#399 1)
#400 0)
#402 1)
#403 0)
#404 1) 00
#405 10
#406 0)
#407 1)
#409 0)
#410 1)
#412 0)
#413 1)
#415 0)
#416 1)
#418 0)
#419 1)
#421 0) 00
#422 1) 10
#424 0)
#425 1)
#427 0)
#428 1)
#429 00
#430 0) 10
#431 1)
#433 0)
#434 1)
#436 0)
#437 1)
#439 0)
#440 1)
#442 0)
#443 1)
#445 0)
#446 1) 00
#447 10
#448 0)
#449 1)
#451 0)
#452 1)
#453 0)
#454 1)
#455 0)
#457 1)
#458 0)
#460 1)
#463 0) 00
#464 1) 10
#466 0)
#467 1)
#468 0(
#469 1( 0)
#470 1)
#471 00
#472 0) 10
#473 1)
#474 0(
#475 1( 0)
#476 1)
#478 0)
#479 1)
#480 0(
#481 1( 0)
#482 1)
#484 0)
#485 1)
#486 0(
#487 1( 0)
#488 1) 00
#489 10
#490 0)
#491 1)
#492 0(
#493 1( 0)
#494 1)
#496 0) 00
#497 1) 10
#498 0(
#499 1( 0)
#500 1)
#502 0)
#503 1)
#504 0(
#505 1( 0) 00
#506 1) 10
#508 0)
#509 1)
#510 0(
#511 1( 0)
#512 1)
#513 00
#514 0) 10
#515 1)
#518 0)
#520 1)
#521 0)
#523 1)
#524 0)
#525 1)
#529 0)
#530 1) 00
#531 10
#532 0( 0) 0*
#533 1( 1) 1*
#535 0)
#536 1)
#538 0( 0) 0+ 00
#539 1( 1) 1+ 10
#541 0)
#542 1)
#544 0( 0) 0*
#545 1( 1) 1*
#547 0)
#548 1)
#550 0( 0) 0+
#551 1( 1) 1+
#553 0)
#554 1)
#555 00
#556 0( 0) 0* 10
#557 1( 1) 1*
#559 0)
#560 1)
#562 0( 0) 0+
#563 1( 1) 1+
#565 0)
#566 1)
#568 0( 0) 0*
#569 1( 1) 1*
#571 0)
#572 1) 00
#573 10
#574 0( 0) 0+
#575 1( 1) 1+
#577 0) 0+
#578 1) 1+
#580 0) 00
#581 1) 10
#582 0)
#583 1)
#584 0)
#586 1)
#587 0)
#589 1)
#592 0)
#593 1)
#595 0)
#596 0! 0& 0( 1)
#597 1! 1& 1( 00
#598 0) 10
#599 1)
#601 0)
#602 0& 0( 1)
#603 1& 1(
#604 0)
#605 1) 00
#606 10
#607 0)
#608 0! 0" 0# 0$ 0% 0( 1)
#609 1! 1" 1# 1$ 1% 1(
#610 0)
#611 1)
#613 0)
#614 0" 0# 0$ 0% 0( 1) 00
#615 1" 1# 1$ 1% 1( 10
#616 0)
#617 1)
#619 0)
#620 0! 0# 0$ 0% 0( 1)
#621 1! 1# 1$ 1% 1(
#622 0) 00
#623 1) 10
#625 0)
#626 0# 0$ 0% 0( 1)
#627 1# 1$ 1% 1(
#628 0)
#629 1)
#631 0)
#632 0! 0" 0$ 0% 0( 1)
#633 1! 1" 1$ 1% 1(
#634 0)
#635 1)
#637 0)
#638 0" 0$ 0% 0( 1)
#639 1" 1$ 1% 1( 00
#640 0) 10
#641 1)
#643 0)
#644 1)
#645 0)
#646 1)
#647 0) 00
#648 1) 10
#650 0)
#652 1)
#655 0)
#656 1)
#658 0)
#659 1)
#661 0)
#662 1)
#664 0) 00
#665 1) 10
#667 0)
#668 1)
#670 0)
#671 1)
#673 0)
#674 1)
#676 0)
#677 1)
#678 0)
#680 1)
#681 0) 00
#682 10
#683 1)
#684 0)
#686 1)
#687 0)
#689 1) 00
#690 10
#691 0)
#692 1)
#694 0)
#695 1)
#697 0)
#698 1)
#700 0)
#701 1)
#703 0)
#704 1)
#706 0) 0+ 00
#707 1) 1+ 10
#709 0)
#711 1)
#713 0)
#714 1) 00
#715 10
#716 0)
#717 1)
#720 0)
#722 1)
#723 0) 00
#724 10
#725 1)
#726 0)
#728 1)
#729 0)
#731 1) 00
#732 0) 10
#734 1)
#735 0)
#737 1)
#738 0)
#740 1)
#741 0)
#743 1)
#745 0)
#746 1)
#747 0)
#748 00
#749 1) 10
#750 0)
#752 1)
#753 0)
#755 1)
#756 0) 00
#757 10
#758 1)
#759 0)
#761 1)
#762 0)
#764 1)
#765 0)
#767 1)
#768 0)
#770 1)
#771 0)
#773 1) 00
#774 10
#776 0)
#777 1)
#779 0)
#780 1)
#783 0)
#785 1)
#786 0)
#788 1)
#789 0)
#790 00
#791 1) 10
#792 0)
#794 1)
#795 0)
#797 1)
#798 0) 00
#799 10
#800 1)
#801 0)
#803 1)
#804 0)
#806 1)
#807 0)
#809 1)
#810 0)
#812 1)
#813 0)
#815 1) 00
#816 0) 10
#818 1)
#819 0)
#821 1)
#822 0)
#823 00
#824 1) 10
#825 0)
#827 1)
#828 0)
#830 1)
#831 0)
#832 00
#833 1) 10
#834 0) 0+
#835 1+
#836 1)
#837 0)
#838 1)
#839 0)
#840 1) 00
#841 10
#842 0)
#843 1)
#845 0)
#846 1)
#847 0)
#848 1)
#849 0)
#851 1)
#852 0)
#854 1)
#855 0)
#857 1) 00
#858 0) 10
#860 1)
#861 0)
#863 1)
#864 0)
#865 00
#866 1) 10
#867 0)
#869 1)
#870 0)
#872 1)
#873 0)
#875 1)
#876 0)
#878 1)
#879 0)
#881 1)
#882 0) 00
#883 10
#884 1)
#885 0)
#887 1)
#888 0)
#889 1)
#891 0)
#892 1)
#894 0)
#895 1)
#897 0)
#898 1)
#899 00
#900 0) 10
#901 1)
#902 0)
#903 1)
#905 0)
#906 1)
#907 00
#908 0) 10
#909 1)
#912 0)
#914 1)
#915 0)
#917 0' 1)
#918 1' 0)
#920 1)
#921 0)
#923 0' 1)
#924 1' 0) 00
#925 10
#926 1)
#927 0)
#928 1)
#929 0'
#930 1' 0)
#931 1)
#932 00
#933 0) 10
#934 1)
#935 0'
#936 1' 0)
#937 1)
#939 0)
#940 1)
#941 0' 00
#942 1' 0) 10
#943 1)
#945 0)
#946 1)
#947 0'
#948 1' 0)
#949 1) 00
#950 10
#951 0)
#952 1)
#953 0'
#954 1' 0)
#955 1)
#957 0)
#958 1)
#959 0'
#960 1' 0)
#961 1)
#963 0)
#964 1)
#966 0) 00
#967 1) 10
#968 0)
#969 1)
#971 0)
#972 1)
#973 0)
#974 1) 00
#975 10
#978 0)
#979 1)
#981 0' 0) 0*
#982 1' 1) 1*
#984 0)
#985 1)
#987 0' 0) 0+
#988 1' 1) 1+
#990 0)
#991 1) 00
#992 10
#993 0' 0) 0*
#994 1' 1) 1*
#996 0)
#997 1)
#999 0' 0) 0+
#1000 1' 1) 1+
#1002 0)
#1003 1)
#1005 0' 0) 0*
#1006 1' 1) 1*
#1008 0) 00
#1009 1) 10
#1011 0' 0) 0+
#1012 1' 1) 1+
#1014 0)
#1015 1)
#1016 00
#1017 0' 0) 0* 10
#1018 1' 1) 1*
#1020 0)
#1021 1)
#1023 0' 0) 0+
#1024 1' 1) 1+
#1026 0) 0+
#1027 1) 1+
#1029 0)
#1030 1)
#1031 0)
#1032 1)
#1033 0) 00
#1034 10
#1035 1)
#1036 0)
#1038 1)
#1041 0) 00
#1042 1) 10
#1044 0)
#1045 0! 0$ 0& 0' 1)
#1046 1! 1$ 1& 1'
#1047 0)
#1048 1)
#1050 0) 00
#1051 0$ 0& 0' 1) 10
#1052 1$ 1& 1'
#1053 0)
#1054 1)
#1056 0)
#1057 0! 0" 0# 0& 0' 1)
#1058 1! 1" 1# 1& 1' 00
#1059 0) 10
#1060 1)
#1062 0)
#1063 0" 0# 0& 0' 1)
#1064 1" 1# 1& 1'
#1065 0)
#1066 1)
#1068 0)
#1069 0! 0# 0& 0' 1)
#1070 1! 1# 1& 1'
#1071 0)
#1072 1)
#1074 0)
#1075 0# 0& 0' 1) 00
#1076 1# 1& 1' 10
#1077 0)
#1078 1)
#1080 0)
#1081 0! 0" 0& 0' 1)
#1082 1! 1" 1& 1'
#1083 0) 00
#1084 1) 10
#1086 0)
#1087 0" 0& 0' 1)
#1088 1" 1& 1'
#1089 0)
#1090 1)
#1092 0)
#1093 1)
#1094 0)
#1095 1)
#1096 0)
#1098 1)
#1099 0)
#1100 00
#1101 1) 10
#1104 0)
#1105 1)
#1107 0)
#1108 1)
#1110 0)
#1111 1)
#1113 0)
#1114 1)
#1116 0)
#1117 1) 00
#1118 10
#1119 0)
#1120 1)
#1122 0)
#1123 1)
#1125 0) 00
#1126 1) 10
#1128 0)
#1129 1)
#1131 0)
#1132 1)
#1134 0)
#1135 1)
#1137 0)
#1138 1)
#1140 0)
#1141 1)
#1142 00
#1143 0) 10
#1144 1)
#1146 0)
#1147 1)
#1149 0)
#1150 1) 00
#1151 10
#1152 0)
#1153 1)
#1155 0) 0+
#1156 1) 1+
#1158 0)
#1159 00
#1160 1) 10
#1162 0)
#1164 1)
#1165 0)
#1166 1)
#1167 00
#1168 10
#1170 0)
#1171 1)
#1173 0)
#1174 1)
#1176 0)
#1177 1)
#1179 0)
#1180 1)
#1182 0)
#1183 1)
#1184 00
#1185 0) 10
#1186 1)
#1188 0)
#1189 1)
#1191 0)
#1192 1) 00
#1193 10
#1194 0)
#1195 1)
#1197 0)
#1198 1)
#1200 0)
#1201 1)
#1203 0)
#1204 1)
#1206 0)
#1207 1)
#1209 0) 00
#1210 1) 10
#1212 0)
#1213 1)
#1215 0)
#1216 1)
#1218 0) 0+
#1219 1) 1+
#1221 0)
#1222 1)
#1225 0)
#1226 1) 00
#1227 10
#1228 0)
#1229 1)
#1233 0)
#1234 1) 00
#1235 0) 10
#1237 1)
#1238 0)
#1240 1)
#1241 0)
#1243 1)
#1244 0)
#1246 1)
#1247 0)
#1249 1)
#1250 0)
#1251 00
#1252 1) 10
#1254 0)
#1255 1)
#1257 0)
#1258 1)
#1259 00
#1260 0) 10
#1261 1)
#1263 0)
#1264 1)
#1266 0)
#1267 1)
#1268 00
#1269 0) 10
#1270 1)
#1271 0)
#1273 1)
#1274 0)
#1276 1) 00
#1277 0) 10
#1279 1)
#1280 0)
#1282 1)
#1283 0)
#1285 1)
#1286 0)
#1287 1)
#1288 0)
#1289 1)
#1291 0)
#1292 1)
#1293 00
#1294 0) 10
#1295 1)
#1296 0)
#1297 1)
#1298 0)
#1300 1)
#1301 0) 00
#1302 10
#1303 1)
#1304 0)
#1306 1)
#1307 0)
#1309 1)
#1310 0)
#1312 1)
#1313 0)
#1315 1)
#1316 0)
#1318 1) 00
#1319 0) 10
#1321 1)
#1322 0)
#1324 1)
#1325 0)
#1327 1)
#1328 0)
#1330 1)
#1331 0)
#1333 1)
#1334 0)
#1335 00
#1336 1) 10
#1337 0)
#1339 1)
#1340 0)
#1342 1)
#1343 0) 00
#1344 10
#1345 1)
#1346 0)
#1348 1)
#1349 0)
#1352 1)
#1354 0)
#1355 1)
#1357 0)
#1358 1)
#1360 00
#1361 0) 10
#1363 1)
#1364 0)
#1366 0' 1)
#1367 1' 0)
#1368 00
#1369 1) 10
#1370 0)
#1372 0' 1)
#1373 1' 0)
#1375 1)
#1376 0)
#1377 00
#1378 1) 10
#1379 0)
#1381 1)
#1382 0)
#1384 1)
#1385 0) 00
#1386 10
#1387 1)
#1388 0)
#1390 1)
#1391 0)
#1393 1)
#1394 0)
#1396 1)
#1397 0)
#1399 1)
#1400 0)
#1402 1) 00
#1403 0) 10
#1405 1)
#1406 0)
#1408 1)
#1409 0)
#1410 00
#1411 1) 10
#1412 0)
#1414 1)
#1415 0)
#1416 1)
#1417 0)
#1418 1)
#1420 0)
#1421 1)
#1425 0)
#1426 1)
#1427 0) 00
#1428 10
#1429 1)
#1430 0) 0*
#1431 1*
#1432 1)
#1433 0)
#1435 1)
#1436 0) 0+
#1437 1+
#1438 1)
#1439 0)
#1441 1)
#1442 0) 0*
#1443 1*
#1444 1) 00
#1445 0) 10
#1447 1)
#1448 0) 0+
#1449 1) 1+
#1451 0)
#1452 1) 00
#1453 10
#1454 0) 0*
#1455 1) 1*
#1457 0)
#1458 1)
#1460 0) 0+
#1461 1) 1+
#1463 0)
#1464 1)
#1466 0) 0*
#1467 1) 1*
#1469 0) 00
#1470 1) 10
#1472 0) 0+
#1473 1+
#1474 1)
#1475 0) 0+
#1476 1+
#1477 1) 00
#1478 0) 10
#1479 1)
#1480 0)
#1481 1)
#1483 0)
#1484 1)
#1486 0) 00
#1487 1) 10
#1490 0)
#1491 1)
#1493 0)
#1494 0! 0% 0& 1) 00
#1495 1! 1% 1& 10
#1496 0)
#1497 1)
#1499 0)
#1500 0% 0& 1)
#1501 1% 1&
#1502 0)
#1503 1)
#1505 0)
#1506 0! 0" 0# 0$ 0& 1)
#1507 1! 1" 1# 1$ 1&
#1508 0)
#1509 1)
#1511 0) 00
#1512 0" 0# 0$ 0& 1) 10
#1513 1" 1# 1$ 1&
#1514 0)
#1515 1)
#1517 0)
#1518 0! 0# 0$ 0& 1)
#1519 1! 1# 1$ 1& 00
#1520 0) 10
#1521 1)
#1523 0)
#1524 0# 0$ 0& 1)
#1525 1# 1$ 1&
#1526 0)
#1527 1)
#1529 0)
#1530 0! 0" 0$ 0& 1)
#1531 1! 1" 1$ 1&
#1532 0)
#1533 1)
#1535 0)
#1536 0" 0$ 0& 1) 00
#1537 1" 1$ 1& 10
#1538 0)
#1539 1)
#1541 0)
#1542 1)
#1545 0)
#1547 1)
#1548 0)
#1550 1)
#1553 0) 00
#1554 1) 10
#1556 0)
#1557 1)
#1559 0)
#1560 1)
#1561 00
#1562 0) 10
#1563 1)
#1565 0)
#1566 1)
#1568 0)
#1569 1)
#1571 0)
#1572 1)
#1574 0)
#1575 1)
#1577 0)
#1578 1) 00
#1579 10
#1580 0)
#1581 1)
#1583 0)
#1584 1)
#1586 0) 00
#1587 1) 10
#1589 0)
#1590 1)
#1592 0)
#1593 1)
#1595 0) 00
#1596 1) 10
#1598 0)
#1599 1)
#1601 0)
#1602 1)
#1603 00
#1604 0) 0+ 10
#1605 1) 1+
#1607 0)
#1610 1)
#1611 0)
#1613 1)
#1614 0)
#1615 1)
#1619 0)
#1620 1) 00
#1621 10
#1622 0)
#1623 1)
#1625 0)
#1626 1)
#1628 0) 00
#1629 1) 10
#1631 0)
#1632 1)
#1634 0)
#1635 1)
#1637 0)
#1638 1)
#1640 0)
#1641 1)
#1643 0)
#1644 1)
#1645 00
#1646 0) 10
#1647 1)
#1649 0)
#1650 1)
#1652 0)
#1653 1)
#1655 0)
#1656 1)
#1658 0)
#1659 1)
#1661 0)
#1662 1) 00
#1663 10
#1664 0)
#1665 1)
#1667 0) 0+
#1668 1) 1+
#1670 0) 00
#1671 1) 10
#1672 0)
#1673 1)
#1674 0)
#1676 1)
#1677 0)
#1679 1)
#1682 0)
#1683 1)
#1685 0)
#1686 1)
#1687 00
#1688 0) 10
#1689 1)
#1691 0)
#1692 1)
#1694 0)
#1695 1) 00
#1696 10
#1697 0)
#1698 1)
#1700 0)
#1701 1)
#1703 0)
#1704 1) 00
#1705 10
#1706 0)
#1707 1)
#1709 0)
#1710 1)
#1712 0) 00
#1713 1) 10
#1715 0)
#1716 1)
#1718 0)
#1719 1)
#1721 0)
#1722 1)
#1724 0)
#1725 1)
#1727 0)
#1728 1)
#1729 00
#1730 0) 10
#1731 1)
#1733 0)
#1734 1)
#1737 0) 00
#1738 10
#1739 1)
#1740 0)
#1742 1)
#1743 0)
#1744 1)
#1745 0)
#1746 1)
#1748 0)
#1749 1)
#1751 0)
#1752 1)
#1754 0) 00
#1755 1) 10
#1757 0)
#1758 1)
#1760 0)
#1761 1)
#1763 0)
#1764 1)
#1766 0)
#1767 1)
#1769 0)
#1770 1)
#1771 00
#1772 0) 10
#1773 1)
#1775 0)
#1776 1)
#1778 0)
#1779 1) 00
#1780 10
#1781 0)
#1782 1)
#1784 0)
#1785 1)
#1787 0)
#1788 1)
#1790 0)
#1791 1)
#1793 0)
#1794 1)
#1795 0)
#1796 00
#1797 1) 10
#1798 0)
#1801 1)
#1803 0)
#1804 1) 00
#1805 10
#1806 0)
#1807 1)
#1810 0)
#1812 1)
#1813 0) 00
#1814 10
#1815 1)
#1817 0)
#1818 1)
#1820 0)
#1821 1) 00
#1822 10
#1823 0)
#1824 1)
#1826 0)
#1827 1)
#1829 0)
#1830 1)
#1831 0)
#1833 1)
#1834 0)
#1836 1)
#1837 0)
#1838 00
#1839 1) 10
#1840 0)
#1842 1)
#1843 0)
#1845 1)
#1846 0) 00
#1847 10
#1848 1)
#1849 0)
#1851 1)
#1852 0)
#1854 1)
#1855 0)
#1857 1)
#1858 0)
#1860 1)
#1861 0)
#1863 1) 00
#1864 0) 10
#1865 1)
#1866 0)
#1867 1)
#1869 0)
#1870 1)
#1874 0)
#1875 1)
#1876 0)
#1878 1)
#1879 0) 0*
#1880 1* 00
#1881 1) 10
#1882 0)
#1884 1)
#1885 0) 0+
#1886 1+
#1887 1)
#1888 0) 00
#1889 10
#1890 1)
#1891 0' 0( 0) 0*
#1892 1' 1( 1*
#1893 1)
#1894 0)
#1896 1)
#1897 0' 0( 0) 0+
#1898 1' 1( 1+
#1899 1)
#1900 0)
#1902 1)
#1903 0' 0( 0)
#1904 1' 1(
#1905 1) 00
#1906 0) 10
#1908 1)
#1909 0' 0( 0)
#1910 1' 1(
#1911 1)
#1912 0)
#1913 00
#1914 1) 10
#1915 0' 0( 0)
#1916 1' 1(
#1917 1)
#1918 0)
#1920 1)
#1921 0' 0( 0) 0+
#1922 1' 1( 1+ 00
#1923 1) 10
#1924 0) 0+
#1925 1+
#1926 1)
#1927 0)
#1928 1)
#1929 0)
#1930 1) 00
#1931 10
#1932 0)
#1933 1)
#1935 0)
#1936 1)
#1939 0)
#1941 1)
#1942 0)
#1943 0! 0$ 0% 0& 0' 0(
#1944 1! 1$ 1% 1& 1' 1( 1)
#1945 0)
#1947 1) 00
#1948 0) 10
#1949 0$ 0% 0& 0' 0(
#1950 1$ 1% 1& 1' 1( 1)
#1951 0)
#1953 1)
#1954 0)
#1955 0! 0" 0# 0% 0& 0' 0( 00
#1956 1! 1" 1# 1% 1& 1' 1( 1) 10
#1957 0)
#1959 1)
#1960 0)
#1961 0" 0# 0% 0& 0' 0(
#1962 1" 1# 1% 1& 1' 1( 1)
#1963 0)
#1965 1)
#1966 0)
#1967 0! 0# 0% 0& 0' 0(
#1968 1! 1# 1% 1& 1' 1( 1)
#1969 0)
#1971 1)
#1972 0) 00
#1973 0# 0% 0& 0' 0( 1) 10
#1974 1# 1% 1& 1' 1(
#1975 0)
#1976 1)
#1978 0)
#1979 0! 0" 0% 0& 0' 0( 1)
#1980 1! 1" 1% 1& 1' 1(
#1981 0)
#1983 1)
#1984 0)
#1985 0" 0% 0& 0' 0(
#1986 1" 1% 1& 1' 1( 1)
#1987 0)
#1989 1) 00
#1990 0) 10
#1992 1)
#1995 0)
#1996 1)
#1997 00
#1998 0) 10
#1999 1)
#2002 0)
#2004 1)
#2005 0)
#2006 1)
#2008 0)
#2009 1)
#2011 0)
#2012 1)
#2014 0) 00
#2015 1) 10
#2017 0)
#2018 1)
#2020 0)
#2021 1)
#2022 00
#2023 0) 10
#2024 1)
#2026 0)
#2027 1)
#2029 0)
#2030 1)
#2031 00
#2032 0) 10
#2033 1)
#2035 0)
#2037 1)
#2038 0)
#2039 00
#2040 1) 10
#2041 0)
#2042 1)
#2044 0)
#2045 1)
#2047 0)
#2048 1)
#2050 0)
#2051 1)
#2053 0) 0+
#2054 1) 1+
#2056 0) 00
#2057 10
#2059 1)
#2060 0)
#2062 1)
#2063 0)
#2064 1) 00
#2065 10
#2068 0)
#2069 1)
#2071 0)
#2072 1)
#2073 00
#2074 0) 10
#2075 1)
#2077 0)
#2078 1)
#2080 0)
#2081 1) 00
#2082 10
#2083 0)
#2084 1)
#2086 0)
#2087 1)
#2089 0)
#2090 1)
#2092 0)
#2093 1)
#2095 0)
#2096 1)
#2098 0) 00
#2099 1) 10
#2101 0)
#2102 1)
#2104 0)
#2105 1)
#2106 00
#2107 0) 10
#2108 1)
#2110 0)
#2111 1)
#2113 0)
#2114 1)
#2116 0) 0+
#2117 1) 1+
#2119 0)
#2120 1)
#2121 0)
#2122 1)
#2123 0) 00
#2124 10
#2125 1)
#2126 0)
#2128 1)
#2131 0) 00
#2132 1) 10
#2134 0)
#2135 1)
#2137 0)
#2138 1)
#2140 0) 00
#2141 1) 10
#2143 0)
#2144 1)
#2146 0)
#2147 1)
#2148 00
#2149 0) 10
#2150 1)
#2152 0)
#2153 1)
#2155 0)
#2156 1)
#2158 0)
#2159 1)
#2161 0)
#2162 1)
#2164 0)
#2165 1) 00
#2166 10
#2167 0)
#2168 1)
#2170 0)
#2171 1)
#2173 0) 00
#2174 1) 10
#2176 0)
#2177 1)
#2179 0)
#2180 1)
#2182 0) 00
#2183 1) 10
#2186 0)
#2188 1)
#2189 0)
#2190 00
#2191 1) 10
#2192 0)
#2193 1)
#2194 0)
#2195 1)
#2197 0)
#2198 1)
#2200 0)
#2201 1)
#2203 0)
#2204 1)
#2206 0)
#2207 1) 00
#2208 10
#2209 0)
#2210 1)
#2212 0)
#2213 1)
#2215 0) 00
#2216 1) 10
#2218 0)
#2219 1)
#2221 0)
#2222 1)
#2224 0)
#2225 1)
#2227 0)
#2228 1)
#2230 0)
#2231 1)
#2232 00
#2233 0) 10
#2234 1)
#2236 0)
#2237 1)
#2239 0)
#2240 1)
#2242 0)
#2243 1)
#2245 0) 0+
#2246 1) 1+
#2248 0)
#2249 1) 00
#2250 0) 10
#2251 1)
#2252 0)
#2254 1)
#2255 0)
#2257 1) 00
#2258 10
#2260 0)
#2261 1)
#2263 0)
#2264 1)
#2266 0)
#2267 1)
#2269 0)
#2270 1)
#2272 0)
#2273 1)
#2274 00
#2275 0) 10
#2276 1)
#2278 0)
#2279 1)
#2281 0)
#2282 1) 00
#2283 10
#2284 0)
#2285 1)
#2287 0)
#2288 1)
#2290 0)
#2291 1) 00
#2292 10
#2293 0)
#2294 1)
#2296 0)
#2297 1)
#2299 0) 00
#2300 1) 10
#2302 0)
#2303 1)
#2305 0)
#2306 1)
#2308 0)
#2309 1)
#2311 0)
#2312 1)
#2313 0)
#2314 1)
#2315 0)
#2316 1) 00
#2317 10
#2318 0)
#2319 1)
#2323 0)
#2324 1) 00
#2325 0) 10
#2327 1)
#2328 0' 0(
#2329 1' 1( 0)
#2330 1)
#2332 0)
#2333 1)
#2334 0' 0(
#2335 1' 1( 0)
#2336 1)
#2338 0)
#2339 1)
#2340 0' 0(
#2341 1' 1( 0) 00
#2342 1) 10
#2344 0)
#2345 1)
#2346 0' 0(
#2347 1' 1( 0)
#2348 1)
#2350 0)
#2351 1)
#2352 0' 0( 0)
#2353 1' 1(
#2354 1)
#2355 0)
#2357 1)
#2358 0' 0( 0) 00
#2359 1' 1( 10
#2360 1)
#2361 0)
#2363 1)
#2364 0' 0( 0)
#2365 1' 1(
#2366 1) 00
#2367 0) 10
#2369 1)
#2370 0' 0( 0)
#2371 1' 1(
#2372 1)
#2373 0)
#2375 1)
#2376 0)
#2377 1)
#2378 0)
#2379 1)
#2381 0)
#2382 1)
#2383 00
#2384 0) 10
#2385 1)
#2388 0)
#2390 1)
#2391 0) 00
#2392 0' 0( 10
#2393 1' 1( 1)
#2394 0)
#2396 1)
#2397 0)
#2398 0' 0(
#2399 1' 1( 1)
#2400 0) 00
#2401 10
#2402 1)
#2403 0)
#2404 0! 0" 0# 0$ 0% 0& 0(
#2405 1! 1" 1# 1$ 1% 1& 1( 1)
#2406 0)
#2408 1) 00
#2409 0) 10
#2410 0" 0# 0$ 0% 0& 0(
#2411 1" 1# 1$ 1% 1& 1( 1)
#2412 0)
#2414 1)
#2415 0)
#2416 0(
#2417 1( 1)
#2418 0)
#2420 1)
#2421 0)
#2422 0(
#2423 1( 1)
#2424 0)
#2425 00
#2426 1) 10
#2427 0)
#2428 0(
#2429 1( 1)
#2430 0)
#2432 1)
#2433 0) 00
#2434 0( 10
#2435 1( 1)
#2436 0)
#2438 1)
#2439 0)
#2441 1)
#2444 0)
#2445 1)
#2447 0)
#2448 1)
#2450 00
#2451 0) 10
#2453 1)
#2454 0)
#2456 1)
#2457 0)
#2459 1)
#2460 0)
#2462 1)
#2463 0)
#2465 1)
#2466 0)
#2467 00
#2468 1) 10
#2469 0)
#2471 1)
#2472 0)
#2474 1)
#2475 0) 00
#2476 10
#2477 1)
#2478 0)
#2480 1)
#2481 0)
#2483 1)
#2484 0)
#2486 1)
#2487 0)
#2489 1)
#2490 0)
#2492 1) 00
#2493 0) 10
#2495 1)
#2496 0)
#2498 1)
#2499 0)
#2500 00
#2501 1) 10
#2502 0) 0+
#2503 1+
#2504 1)
#2505 0)
#2506 1)
#2507 0)
#2508 1)
#2509 00
#2510 0) 10
#2511 1)
#2515 0)
#2516 1)
#2517 0) 00
#2518 10
#2519 1)
#2520 0)
#2522 1)
#2523 0)
#2525 1)
#2526 0)
#2528 1)
#2529 0)
#2530 1)
#2532 0)
#2533 1)
#2534 00
#2535 0) 10
#2536 1)
#2538 0)
#2539 1)
#2541 0)
#2542 1) 00
#2543 10
#2544 0)
#2546 1)
#2547 0)
#2549 1)
#2550 0)
#2552 1)
#2553 0)
#2555 1)
#2556 0)
#2558 1)
#2559 0) 00
#2560 10
#2561 1)
#2562 0)
#2564 1)
#2565 0) 0+
#2566 1) 1+
#2568 0)
#2569 1)
#2570 0)
#2571 1)
#2573 0)
#2574 1)
#2576 0) 00
#2577 1) 10
#2580 0)
#2581 1)
#2583 0)
#2584 1) 00
#2585 10
#2586 0)
#2587 1)
#2589 0)
#2590 1)
#2592 0)
#2593 1)
#2595 0)
#2596 1)
#2598 0)
#2599 1)
#2601 0) 00
#2602 1) 10
#2604 0)
#2605 1)
#2607 0)
#2608 1)
#2609 00
#2610 0) 10
#2611 1)
#2613 0)
#2614 1)
#2616 0)
#2617 1)
#2618 00
#2619 0) 10
#2620 1)
#2622 0)
#2623 1)
#2625 0)
#2626 1) 00
#2627 10
#2628 0)
#2629 1)
#2631 0)
#2632 1)
#2636 0)
#2637 1)
#2639 0)
#2640 1)
#2643 0) 00
#2644 1) 10
#2646 0)
#2647 1)
#2649 0)
#2650 1)
#2651 00
#2652 0) 10
#2653 1)
#2655 0)
#2656 1)
#2658 0)
#2659 1)
#2661 0)
#2662 1)
#2664 0)
#2665 1)
#2667 0)
#2668 1) 00
#2669 10
#2670 0)
#2671 1)
#2673 0)
#2674 1)
#2676 0)
#2677 1)
#2679 0)
#2680 1)
#2682 0)
#2683 1)
#2685 0) 00
#2686 1) 10
#2688 0)
#2689 1)
#2691 0)
#2692 1)
#2693 00
#2694 0) 0+ 10
#2695 1) 1+
#2697 0)
#2698 1)
#2699 0)
#2700 1)
#2701 0)
#2703 1)
#2704 0)
#2706 1)
#2709 0)
#2710 1) 00
#2711 10
#2712 0)
#2713 1)
#2715 0)
#2716 1)
#2718 0) 00
#2719 1) 10
#2721 0)
#2722 1)
#2724 0)
#2725 1)
#2727 0) 00
#2728 1) 10
#2730 0)
#2731 1)
#2733 0)
#2734 1)
#2735 00
#2736 0) 10
#2737 1)
#2739 0)
#2740 1)
#2742 0)
#2743 1)
#2745 0)
#2746 1)
#2748 0)
#2749 1)
#2751 0)
#2752 1) 00
#2753 10
#2754 0)
#2755 1)
#2757 0)
#2758 1)
#2760 0) 00
#2761 1) 10
#2762 0)
#2763 1)
#2764 0)
#2766 1)
#2767 0)
#2769 1)
#2773 0) 0+
#2774 1+
#2775 1)
#2776 0) 0+
#2777 0( 0* 1+ 00
#2778 1( 1) 1* 10
#2779 0) 0+
#2780 1+
#2782 0+
#2783 0(
#2784 1( 1+ 00
#2785 0+ 10
#2786 1+
#2788 0+
#2789 0( 0* 1+
#2790 1( 1*
#2791 0+
#2792 1+ 00
#2793 10
#2794 0+
#2795 0(
#2796 1( 1+
#2797 0+
#2798 1+
#2800 0+
#2801 0( 0* 1+ 00
#2802 1( 1* 10
#2803 0+
#2804 1+
#2806 0+
#2807 0(
#2808 1( 1+
#2809 0+ 00
#2810 1+ 10
#2812 0+
#2813 0( 0* 1+
#2814 1( 1*
#2815 0+
#2816 1+
#2818 0+
#2819 0(
#2820 1( 1+
#2821 0+
#2822 0" 0# 0$ 0% 0& 0' 0( 1+
#2823 1" 1# 1$ 1% 1& 1' 1(
#2824 0% 0& 0' 0( 0*
#2825 0" 0# 0$ 1*
#2826 1" 1# 1$ 1% 1& 1' 1( 00
#2827 0! 0" 0# 0& 1) 10
#2828 0$ 0% 0' 0( 0)
#2829 1! 1" 1# 1$ 1% 1& 1' 1( 1)
#2830 0! 0" 0# 0&
#2831 0$ 0% 0' 0( 0)
#2832 1! 1" 1# 1$ 1% 1& 1' 1( 1)
#2833 0! 0" 0# 0&
#2834 1! 1" 1# 0% 0' 0( 00
#2835 10
#2836 1% 1& 1' 1(
#2837 0)
#2838 1)
#2839 0# 0$ 0% 0& 0' 0( 0) 0* 0-
#2840 0! 0" 1# 1*
#2841 1" 1% 1& 1' 1) 1-
#2842 1! 0# 1$ 0% 0& 0' 0) 0* 0-
#2843 0! 0" 1# 1* 00
#2844 1! 1" 1% 1& 1' 1( 1) 1- 10
#2845 0# 0$ 0& 0' 0( 0) 0* 0-
#2846 0! 0" 1# 1*
#2847 1! 1" 1& 1' 1) 1-
#2848 0# 1$ 0& 0' 0) 0* 0-
#2849 0! 0" 1# 1*
#2850 1! 1" 1& 1' 1( 1) 1-
#2851 0# 0$ 0% 0' 0( 0) 0* 0- 00
#2852 0! 0" 1# 1* 10
#2853 0# 1$ 1% 1' 1) 1-
#2854 1! 1" 0% 0' 0) 0* 0-
#2855 0! 0" 1# 1*
#2856 1! 1" 1% 1' 1( 1) 1-
#2857 0# 0$ 0' 0( 0) 0* 0-
#2858 0! 0" 1# 1*
#2859 1! 0# 1$ 1' 1) 1-
#2860 1" 0' 0) 0* 0-
#2861 0! 0" 1# 1*
#2862 1! 1" 1' 1( 1) 1-
#2863 0# 0$ 0% 0& 0( 0) 0* 0-
#2864 0! 0" 1# 1*
#2865 1" 0# 1$ 1% 1& 1) 1-
#2866 1! 0% 0& 0) 0* 0-
#2867 0! 0" 1# 1*
#2868 1! 1" 1% 1& 1( 1) 1- 00
#2869 0# 0$ 0& 0( 0) 0* 0- 10
#2870 0! 0" 1# 1*
#2871 1! 1" 0# 1$ 1& 1) 1-
#2872 0& 0) 0* 0-
#2873 0! 0" 1# 1*
#2874 1! 1" 1& 1( 1) 1-
#2875 0# 0$ 0% 0( 0) 0* 0-
#2876 0! 0" 1# 1* 00
#2877 1$ 1% 1) 1- 10
#2878 1! 1" 0# 0% 0) 0* 0-
#2879 0! 0" 1# 1*
#2880 1! 1" 1% 1( 1) 1-
#2881 0# 0$ 0( 0) 0* 0-
#2882 0! 0" 1# 1*
#2883 1! 1$ 1) 1-
#2884 1" 0# 0) 0* 0-
#2885 0! 0" 1# 1*
#2886 1! 0# 0$ 0% 0& 0' 1-
#2887 1" 1# 1$ 1% 1& 1' 1(
#2888 0! 0" 0# 0& 1)
#2889 1! 0% 0' 0( 0)
#2890 0! 1" 1# 1)
#2891 0" 0# 0$ 1& 0) 0*
#2892 1% 0& 1*
#2893 1" 1# 0* 00
#2894 0" 0# 0% 1' 10
#2895 1$ 1% 0'
#2896 1" 1#
#2897 0" 0# 0$ 0% 1& 1'
#2898 1% 1) 1*
#2900 1! 1" 1# 1$ 1(
#2901 0) 0+ 00
#2902 0! 0" 0$ 0% 0& 0' 0( 0* 1+ 10
#2903 1" 0# 1( 1* 0-
#2904 0" 1# 0*
#2905 1$ 0( 1-
#2906 1" 0# 1( 1* 0-
#2907 0" 1# 0*
#2908 0$ 1% 0( 1-
#2909 1" 0# 1( 1* 0-
#2910 0" 1# 00
#2911 1$ 0( 0* 1- 10
#2912 1" 0# 1( 1* 0-
#2913 0" 1#
#2914 0$ 0% 1& 0( 0* 1-
#2915 1" 0# 1( 1* 0-
#2916 0" 1#
#2917 1$ 0( 0* 1-
#2918 1" 0# 1( 1* 0- 00
#2919 0" 1# 10
#2920 0$ 1% 0( 0* 1-
#2921 1" 0# 1( 1* 0-
#2922 0" 1#
#2923 1$ 0( 0* 1-
#2924 1" 0# 1( 1* 0-
#2925 0" 1#
#2926 0$ 0% 0& 1' 0( 0* 1-
#2927 1" 0# 1( 1* 0-
#2928 0" 1#
#2929 1$ 0( 0* 1-
#2930 1" 0# 1( 1* 0-
#2931 0" 1#
#2932 0$ 1% 0( 0* 1-
#2933 1" 0# 1( 1* 0-
#2934 0" 1#
#2935 1$ 0( 0* 1- 00
#2936 1" 0# 1( 1* 0- 10
#2937 0" 1#
#2938 0$ 0% 1& 0( 0* 1-
#2939 1" 0# 1( 1* 0-
#2940 0" 1#
#2941 1$ 0( 0* 1-
#2942 1" 0# 1( 1* 0-
#2943 0" 1# 00
#2944 0$ 1% 0( 0* 1- 10
#2945 1" 0# 1( 1* 0-
#2946 0" 1#
#2947 1$ 0( 0* 1-
#2948 1" 0# 1( 1* 0-
#2949 0" 1#
#2950 0# 0$ 0% 0& 0' 0( 0* 1-
#2951 1" 1#
#2952 1! 0" 0# 00
#2953 0! 1$ 10
#2954 1" 1#
#2955 0" 0$ 1% 1' 1( 1) 1*
#2956 1! 0# 1& 0' 0(
#2957 1# 0& 0) 0*
#2958 0! 1' 1( 1) 1*
#2959 1! 0# 0(
#2960 1# 1$ 0' 0) 0* 00
#2961 0! 0$ 1' 1( 1) 1* 10
#2962 1! 0# 1& 0(
#2964 1" 1# 1$ 1( 0)
#2965 1)
#2966 0! 0$ 0&
#2967 0" 0# 0% 0' 0( 0) 0-
#2968 1! 1" 1# 1$ 1% 1& 1' 1( 1) 1-
#2969 0! 0$ 0&
#2970 0" 0# 1$ 0% 0' 0( 0) 0-
#2971 1! 1" 1# 1% 1& 1' 1( 1) 1-
#2972 0! 0$ 0&
#2973 0" 0# 0' 0( 0) 0-
#2974 1! 1" 1# 1$ 1& 1' 1( 1) 1-
#2975 0! 0$ 0&
#2976 0" 0# 1$ 0' 0( 0) 0-
#2977 1! 1" 1# 1& 1' 1( 1) 1- 00
#2978 0! 0$ 0& 10
#2979 0# 0% 1& 0' 0( 0) 0-
#2980 1! 1# 1$ 1% 1' 1( 1) 1-
#2981 0! 0$ 0&
#2982 0# 1$ 0% 1& 0' 0( 0) 0-
#2983 1! 1# 1% 1' 1( 1) 1-
#2984 0! 0$ 0&
#2985 0# 1& 0' 0( 0) 0- 00
#2986 1! 1# 1$ 1' 1( 1) 1- 10
#2987 0! 0$ 0&
#2988 0# 1$ 1& 0' 0( 0) 0-
#2989 1! 1# 1' 1( 1) 1-
#2990 0! 0$ 0&
#2991 0# 0% 0( 0) 0-
#2992 1! 1# 1$ 1% 1& 1( 1) 1-
#2993 0! 0$ 0&
#2994 0# 1$ 0% 0( 0) 0-
#2995 1! 1# 1% 1& 1( 1) 1-
#2996 0! 0$ 0&
#2997 0" 0# 0( 0) 0-
#2998 1! 1" 1# 1$ 1& 1( 1) 1-
#2999 0! 0$ 0&
#3000 0" 0# 1$ 0( 0) 0-
#3001 1! 1" 1# 1& 1( 1) 1-
#3002 0! 0$ 0& 00
#3003 1! 0" 0# 0% 1& 0( 0) 0- 10
#3004 1" 1# 1$ 1% 1( 1-
#3005 0! 0$ 0& 1)
#3006 1! 0" 0# 1$ 0% 1& 0( 0) 0-
#3007 1" 1# 1% 1( 1-
#3008 0! 0$ 0& 1)
#3009 1! 0" 0# 1& 0( 0) 0-
#3010 1" 1# 1$ 1( 1-
#3011 0! 0$ 0& 1)
#3012 1! 0" 0# 1$ 1& 0( 0) 0-
#3013 1" 1# 1( 1-
#3014 0! 0$ 0& 1)
#3015 1! 0" 0% 0' 0( 0)
#3016 0! 1% 1' 1( 1)
#3017 1"
#3018 1! 0" 1$ 0% 0' 0( 0)
#3019 0! 1" 0# 0$ 1% 1' 0* 00
#3020 1& 0' 10
#3021 0" 1# 0& 1*
#3022 1" 0# 1( 0*
#3023 1' 0(
#3024 0" 1# 1$ 0' 1*
#3025 1" 0# 0$ 1' 1( 0*
#3026 1& 0(
#3027 1) 1* 00
#3028 1! 1# 1$ 1( 10
#3029 0)
#3031 0" 0# 0$ 0% 0& 0' 0* 0-
#3032 1" 1# 1$ 1% 1& 1' 1* 1-
#3033 0$ 0% 0& 0' 0-
#3034 0" 0# 1$ 0*
#3035 1" 1# 1% 1& 1' 1* 1-
#3036 0% 0& 0' 0-
#3037 0" 0# 0$ 1% 0*
#3038 1" 1# 1$ 1& 1' 1* 1-
#3039 0$ 0& 0' 0-
#3040 0" 0# 1$ 0*
#3041 1" 1# 1& 1' 1* 1-
#3042 0& 0' 0-
#3043 0" 0# 0$ 0% 1& 0*
#3044 1" 1# 1$ 1% 1' 1* 1- 00
#3045 0$ 0% 0' 0- 10
#3046 0" 0# 1$ 0*
#3047 1" 1# 1% 1' 1* 1-
#3048 0% 0' 0-
#3049 0" 0# 0$ 1% 0*
#3050 1" 1# 1$ 1' 1* 1-
#3051 0$ 0' 0-
#3052 0" 0# 1$ 0* 00
#3053 1" 1# 1' 1* 1- 10
#3054 0' 0-
#3055 0" 0# 0$ 0% 0& 1' 0*
#3056 1" 1# 1$ 1% 1& 1* 1-
#3057 0$ 0% 0& 0-
#3058 0" 0# 1$ 0*
#3059 1" 1# 1% 1& 1* 1-
#3060 0% 0& 0-
#3061 0" 0# 0$ 1% 0* 00
#3062 1" 1# 1$ 1& 1* 1- 10
#3063 0$ 0& 0-
#3064 0" 0# 1$ 0*
#3065 1" 1# 1& 1* 1-
#3066 0& 0-
#3067 0" 0# 0$ 0% 1& 0*
#3068 1" 1# 1$ 1% 1* 1-
#3069 0$ 0% 0- 00
#3070 0" 0# 1$ 0* 10
#3071 1" 1# 1% 1* 1-
#3072 0% 0-
#3073 0" 0# 0$ 1% 0*
#3074 1" 1# 1$ 1* 1-
#3075 0$ 0-
#3076 0" 0# 1$ 0*
#3077 1" 1# 1* 1-
#3078 0-
#3079 0" 0$ 0% 0& 0' 0( 1-
#3080 1" 0# 1% 0*
#3082 0! 0" 1# 1$ 0% 1*
#3083 1! 1" 0# 0$ 1' 0*
#3084 1% 1& 1) 1*
#3085 0! 1# 0& 0)
#3086 1! 0# 0% 0' 1( 0* 00
#3087 1% 1& 1) 1* 10
#3088 0! 1# 0& 1' 0)
#3089 1! 0# 0% 0*
#3090 1% 1& 1) 1*
#3091 0(
#3092 1# 1$ 1( 0)
#3093 0! 0" 0# 0$ 0% 0& 0' 0( 1)
#3094 1! 1" 1# 1$ 1% 1& 1' 1( 0) 0+ 00
#3095 0! 0" 0# 0$ 0% 0& 0' 0( 0* 1+ 0- 10
#3096 1$ 1) 1* 1-
#3097 1! 1" 1# 0$ 0) 0* 0-
#3098 0! 0" 0# 1$
#3099 0$ 1% 1) 1* 1-
#3100 1! 1" 1# 1$ 0% 0) 0* 0-
#3101 0! 0" 0# 0$ 1%
#3102 1$ 1) 1* 1-
#3103 1! 1" 1# 0$ 0) 0* 0-
#3104 0! 0" 0# 1$
#3105 0$ 0% 1& 1) 1* 1-
#3106 1! 1" 1# 1$ 1% 0& 0) 0* 0-
#3107 0! 0" 0# 0$ 0% 1&
#3108 1$ 1) 1* 1-
#3109 1! 1" 1# 0$ 0) 0* 0-
#3110 0! 0" 0# 1$
#3111 0$ 1% 1) 1* 1- 00
#3112 1! 1" 1# 1$ 0% 0) 0* 0- 10
#3113 0! 0" 0# 0$ 1%
#3114 1$ 1) 1* 1-
#3115 1! 1" 1# 0$ 0) 0* 0-
#3116 0! 0" 0# 1$
#3117 0$ 0% 0& 1' 1) 1* 1-
#3118 1! 1" 1# 1$ 1% 1& 0' 0) 0* 0-
#3119 0! 0" 0# 0$ 0% 0& 1'
#3120 1$ 1) 1* 1-
#3121 1! 1" 1# 0$ 0) 0* 0-
#3122 0! 0" 0# 1$
#3123 0$ 1% 1) 1* 1-
#3124 1! 1" 1# 1$ 0% 0) 0* 0-
#3125 0! 0" 0# 0$ 1%
#3126 1$ 1) 1* 1-
#3127 1! 1" 1# 0$ 0) 0* 0-
#3128 0! 0" 0# 1$ 00
#3129 0$ 0% 1& 1) 1* 1- 10
#3130 1! 1" 1# 1$ 1% 0& 0) 0* 0-
#3131 0! 0" 0# 0$ 0% 1&
#3132 1$ 1) 1* 1-
#3133 1! 1" 1# 0$ 0) 0-
#3134 0! 0" 0# 1$ 0*
#3135 0$ 1% 1) 1* 1-
#3136 1! 1" 1# 1$ 0% 0) 0- 00
#3137 0! 0" 0# 0$ 1% 0* 10
#3138 1$ 1* 1-
#3139 1! 1" 1# 0$ 0-
#3140 0! 0" 0# 1$ 0*
#3141 1! 1" 1# 1( 1* 1-
#3142 0( 0-
#3143 0! 0" 0$ 0% 0& 0' 0* 1-
#3144 1*
#3145 1% 1' 1( 1)
#3146 1$ 0% 0' 0( 0) 0*
#3147 0# 1% 1' 1( 1*
#3148 1# 0$ 1& 0(
#3149 1" 0# 0& 0' 0*
#3150 0" 1$ 1' 1( 1) 1*
#3151 1# 0$ 1& 0' 0) 0*
#3152 1" 0# 1$ 0& 0(
#3153 0" 1' 1( 1) 1* 00
#3154 1# 0$ 1& 0) 0* 10
#3155 0( 1) 1*
#3156 1! 1" 1$ 1(
#3157 0! 0" 0# 0$ 0% 0& 0' 0( 0) 0*
#3158 1! 1" 1# 1$ 1% 1& 1' 1( 1* 0+
#3159 0! 0# 0$ 0% 0& 0' 0( 1) 1+
#3160 0" 1$ 0) 0*
#3161 1" 1# 0$ 1( 0- 00
#3162 0# 0( 1) 1* 1- 10
#3163 0" 1% 0) 0*
#3164 1" 1# 1$ 0% 1( 0-
#3165 0# 0$ 0( 1) 1* 1-
#3166 0" 1$ 1% 0) 0*
#3167 1" 1# 0$ 1( 0-
#3168 0# 0% 0( 1) 1* 1-
#3169 0" 1& 0) 0*
#3170 1" 1# 1$ 1% 0& 1( 0- 00
#3171 0# 0$ 0% 0( 1) 1* 1- 10
#3172 0" 1$ 1& 0)
#3173 1" 1# 0$ 1( 0* 0-
#3174 0# 0& 0( 1) 1* 1-
#3175 0" 1% 1& 0)
#3176 1" 1# 1$ 0% 1( 0* 0-
#3177 0# 0$ 0& 0( 1) 1* 1-
#3178 0" 1$ 1% 1& 0) 00
#3179 1" 1# 0$ 1( 0* 0- 10
#3180 0# 0% 0& 0( 1) 1* 1-
#3181 0" 1' 0)
#3182 1" 1# 1$ 1% 1& 0' 1( 0* 0-
#3183 0# 0$ 0% 0& 0( 1) 1* 1-
#3184 0" 1$ 1' 0)
#3185 1" 1# 0$ 1( 0* 0-
#3186 0# 0' 0( 1) 1* 1-
#3187 0" 1% 1' 0)
#3188 1" 1# 1$ 0% 1( 0* 0-
#3189 0# 0$ 0' 0( 1) 1* 1-
#3190 0" 1$ 1% 1' 0)
#3191 1" 1# 0$ 1( 0* 0-
#3192 0# 0% 0' 0( 1) 1* 1-
#3193 0" 1& 1' 0)
#3194 1" 1# 1$ 1% 0& 1( 0* 0-
#3195 0# 0$ 0% 0' 0( 1) 1* 1- 00
#3196 0" 1$ 1& 1' 0) 10
#3197 1" 1# 0$ 1( 0* 0-
#3198 0# 0& 0' 0( 1) 1* 1-
#3199 0" 1% 1& 1' 0)
#3200 1" 1# 1$ 0% 1( 0* 0-
#3201 0# 0$ 0& 0' 0( 1) 1* 1-
#3202 0" 1$ 1% 1& 1' 0)
#3203 1" 1# 0$ 1( 0* 0- 00
#3204 0# 0% 0& 0' 0( 1) 1* 1- 10
#3205 1! 1# 1$ 1% 1& 1' 1( 0)
#3206 0! 0* 0-
#3207 0$ 0& 1) 1* 1-
#3208 1! 0" 0% 0' 0( 0)
#3209 1% 1& 0*
#3210 0! 1" 0& 1' 1( 1) 1*
#3211 1! 1$ 1&
#3212 0" 0$ 0% 0( 0) 0*
#3213 0# 1% 0& 0' 1*
#3214 1" 1# 1$ 1& 1' 1(
#3215 0" 0$ 0% 0' 0*
#3216 0# 1$ 1% 0& 0( 1*
#3217 1" 1# 1& 1' 1(
#3218 0" 0$ 0% 0*
#3219 1% 0( 1) 1*
#3220 00
#3221 1" 1$ 1( 10
#3222 0) 0+
#3223 1+
#3224 0# 0$ 0% 0& 0' 0( 1)
#3225 0" 1# 0) 0* 0-
#3226 1" 1$ 1% 1& 1( 1-
#3227 0# 0% 0& 0( 1) 1*
#3228 0" 1# 0) 0* 0-
#3229 1" 1% 1& 1' 1( 1* 1-
#3230 0# 0$ 0& 0' 0( 1)
#3231 0" 1# 0) 0* 0-
#3232 1" 1$ 1& 1( 1* 0+ 1-
#3233 0# 0& 0( 1) 1+
#3234 0" 1# 0) 0-
#3235 1" 1& 1' 1( 1-
#3236 0# 0$ 0% 0' 0( 1)
#3237 0" 1# 0) 0- 00
#3238 1" 1$ 1% 1( 0* 1- 10
#3239 0# 0% 0( 1) 1*
#3240 0" 1# 0) 0-
#3241 1" 1% 1' 1( 1-
#3242 0# 0$ 0' 0( 1)
#3243 0" 1# 0) 0-
#3244 1" 1$ 1( 0+ 1-
#3245 0# 0( 1) 1+ 00
#3246 0" 1# 0) 0- 10
#3247 1" 1' 1( 1-
#3248 0# 0$ 0% 0& 0( 1)
#3249 0" 1# 0) 0-
#3250 1" 1$ 1% 1& 0' 1( 0* 1-
#3251 0# 0% 0& 1' 0( 1) 1*
#3252 0" 1# 0) 0-
#3253 1" 1% 1& 1( 1-
#3254 0# 0$ 0& 0( 1)
#3255 0" 1# 0) 0-
#3256 1" 1$ 1& 0' 1( 0+ 1-
#3257 0# 0& 1' 0( 1) 1+
#3258 0" 1# 0) 0* 0-
#3259 1" 1& 1( 1* 1-
#3260 0# 0$ 0% 0( 1)
#3261 0" 1# 0) 0* 0-
#3262 1" 1$ 1% 0' 1( 1- 00
#3263 0# 0% 1' 0( 1) 1* 0- 10
#3264 0" 1# 0) 0*
#3265 1" 1% 1( 1* 1-
#3266 0# 0$ 0( 0-
#3267 0" 1# 0*
#3268 1" 1$ 0' 1( 1* 0+ 1-
#3269 0# 1' 0( 1+ 0-
#3270 0" 1# 0* 00
#3271 0# 0$ 0% 0& 0' 1* 1- 10
#3272 1" 1# 1$ 1% 1& 1' 1(
#3273 0! 0$ 0% 0' 0( 0*
#3274 1! 0" 0# 1$ 0& 1*
#3275 1" 1# 1% 1& 1' 1(
#3276 0! 0" 0# 0& 1)
#3277 0$ 0' 0( 0)
#3278 1! 1" 1# 1$ 1& 1' 1( 1)
#3279 0! 0" 0# 0& 00
#3280 0' 0( 0) 10
#3281 1! 1" 1# 1& 1' 1( 1)
#3282 0! 0" 0# 0&
#3283 1" 1# 0$ 1& 0(
#3285 1! 1$ 1(
#3286 0)
#3287 1) 00
#3288 0# 0$ 0% 0& 0' 0) 0- 10
#3289 0" 1#
#3290 0! 1" 1$ 1& 1) 1-
#3291 1! 0# 0& 0) 0-
#3292 0" 1#
#3293 1" 1% 1& 1' 1) 1-
#3294 0# 0$ 0& 0' 0) 0* 0-
#3295 0! 0" 1# 1*
#3296 1! 1" 1$ 0% 1& 1) 1-
#3297 0# 1% 0& 0) 0* 0-
#3298 0! 0" 1# 1*
#3299 1! 1" 1& 1' 1) 1-
#3300 0# 0$ 0% 0' 0) 0* 0-
#3301 0! 0" 1# 1*
#3302 0# 1% 1) 1-
#3303 1! 1" 1$ 0% 0) 0* 0-
#3304 0! 0" 1# 1* 00
#3305 1! 1" 1% 1' 1) 1- 10
#3306 0# 0$ 0' 0) 0* 0-
#3307 0! 0" 1# 1*
#3308 1! 0# 1) 1-
#3309 1" 1$ 0) 0* 0-
#3310 0! 0" 1# 1*
#3311 1! 1" 1' 1) 1-
#3312 0# 0$ 0% 0& 0) 0* 0- 00
#3313 0! 0" 1# 1* 10
#3314 1" 0# 1% 1& 0' 1) 1-
#3315 1! 1$ 0% 0& 1' 0) 0* 0-
#3316 0! 0" 1# 1*
#3317 1! 1" 1% 1& 1) 1-
#3318 0# 0$ 0& 0) 0* 0-
#3319 0! 0" 1# 1*
#3320 1! 1" 0# 1& 0' 1) 1-
#3321 1$ 0& 1' 0) 0* 0-
#3322 0! 0" 1# 1*
#3323 1! 1" 1& 1) 1-
#3324 0# 0$ 0% 0) 0* 0-
#3325 0! 0" 1# 1*
#3326 1% 0' 1) 1-
#3327 1! 1" 0# 1$ 0% 1' 0) 0* 0-
#3328 0! 0" 1# 1*
#3329 1! 1" 1% 1) 1- 00
#3330 0# 0$ 0) 0* 0- 10
#3331 0! 0" 1# 1*
#3332 1! 0' 1) 1-
#3333 1" 0# 1$ 1' 0) 0* 0-
#3334 0! 0" 1# 1*
#3335 1! 0# 0$ 0% 0& 0' 0( 0* 1-
#3336 1" 1# 1$ 1% 1& 1' 1( 1*
#3337 0! 0" 0# 0&
#3338 1! 0% 0' 0( 0*
#3339 1" 1# 1% 1& 1' 1( 1) 1*
#3340 0$ 0% 0' 0( 0) 0*
#3341 0! 0" 0# 1% 0&
#3342 1" 1#
#3343 1! 0% 1'
#3344 0! 0" 0# 1$ 1% 0'
#3345 1" 1#
#3346 1! 0$ 0% 1& 1' 00
#3347 1% 1) 1* 10
#3349 1$ 1(
#3350 0) 0+
#3351 0! 0" 0$ 0% 0& 0' 0( 0* 1+
#3352 1" 0# 1* 0-
#3353 0" 1# 0*
#3354 1$ 1- 00
#3355 1" 0# 1* 0- 10
#3356 0" 1# 0*
#3357 0$ 1% 1-
#3358 1" 0# 1* 0-
#3359 0" 1# 0*
#3360 1$ 1-
#3361 1" 0# 1* 0-
#3362 0" 1# 0*
#3363 0$ 0% 1& 1-
#3364 1" 0# 1* 0-
#3365 0" 1# 0*
#3366 1$ 1-
#3367 1" 0# 1* 0-
#3368 0" 1# 0*
#3369 0$ 1% 1-
#3370 1" 0# 1* 0-
#3371 0" 1# 0* 00
#3372 1$ 1- 10
#3373 1" 0# 1* 0-
#3374 0" 1# 0*
#3375 0$ 0% 0& 1' 1-
#3376 1" 0# 1* 0-
#3377 0" 1# 0*
#3378 1$ 1-
#3379 1" 0# 1* 0- 00
#3380 0" 1# 0* 10
#3381 0$ 1% 1-
#3382 1" 0# 1* 0-
#3383 0" 1# 0*
#3384 1$ 1-
#3385 1" 0# 1* 0-
#3386 0" 1# 0*
#3387 0$ 0% 1& 1-
#3388 1" 0# 1* 0- 00
#3389 0" 1# 0* 10
#3390 1$ 1-
#3391 1" 0# 1* 0-
#3392 0" 1# 0*
#3393 0$ 1% 1-
#3394 1" 0# 1* 0-
#3395 0" 1#
#3396 1$ 0* 1- 00
#3397 1" 0# 1* 0- 10
#3398 0" 1#
#3399 0# 0$ 0% 0& 0' 0* 1-
#3400 1" 1# 1)
#3401 0" 0# 1$ 0)
#3403 1" 1#
#3404 0" 0$ 1% 1' 1( 1) 1*
#3405 1"
#3406 1! 0" 0' 0( 0) 0*
#3407 0! 1' 1( 1) 1*
#3408 1"
#3409 1! 0" 1$ 0' 0( 0) 0*
#3410 0! 0$ 1' 1( 1) 1*
#3411 0# 1$ 1& 0(
#3413 1! 1" 1# 1( 0) 00
#3414 1) 10
#3415 0! 0$ 0&
#3416 0# 0% 0' 0) 0* 0-
#3417 0" 1# 0( 1) 1* 1-
#3418 1" 1% 1' 1(
#3419 0# 1$ 0% 0' 0) 0* 0-
#3420 0" 1# 0$ 0( 1) 1* 1-
#3421 1" 1% 1' 1( 00
#3422 0# 0' 0) 0* 0- 10
#3423 0" 1# 0% 0( 1) 1* 1-
#3424 1" 1% 1' 1(
#3425 0# 1$ 0' 0) 0* 0-
#3426 0" 1# 0$ 0% 0( 1) 1* 1-
#3427 1" 1% 1' 1(
#3428 0# 0% 1& 0' 0) 0* 0-
#3429 0" 1# 0& 0( 1) 1* 1-
#3430 1" 1% 1' 1(
#3431 0# 1$ 0% 1& 0' 0) 0-
#3432 0" 1# 0$ 0& 0( 1) 1-
#3433 1" 1% 1' 1(
#3434 0# 1& 0' 0) 0-
#3435 1! 1# 1$ 1) 1-
#3436 0! 0$ 0& 1'
#3437 0# 1$ 1& 0' 0) 0-
#3438 1! 1# 1' 1) 1- 00
#3439 0! 0$ 0& 10
#3440 0# 0% 0) 0-
#3441 1! 1# 1$ 1% 1& 1) 1-
#3442 0! 0$ 0&
#3443 0# 1$ 0% 0) 0-
#3444 1! 1# 1% 1& 1) 1-
#3445 0! 0$ 0&
#3446 0# 0) 0-
#3447 1! 1# 1$ 1& 1) 1-
#3448 0! 0$ 0&
#3449 0# 1$ 0) 0-
#3450 1! 1# 1& 1) 1-
#3451 0! 0$ 0&
#3452 0# 0% 1& 0) 0-
#3453 0" 1# 0& 0' 0( 1) 1-
#3454 1" 1% 1' 1(
#3455 0# 1$ 0% 1& 0) 0- 00
#3456 0" 1# 0$ 0& 0' 0( 1) 1- 10
#3457 1" 1% 1' 1(
#3458 0# 1& 0) 0-
#3459 0" 1# 0% 0& 0' 0( 1) 1-
#3460 1" 1% 1' 1(
#3461 0# 1$ 1& 0) 0* 0-
#3462 0" 1# 0$ 0% 0& 0' 0( 1) 1* 1-
#3463 1" 1% 1' 1( 00
#3464 1! 0" 0% 0' 0( 0) 10
#3465 0! 1% 1' 1(
#3466 1" 1)
#3467 1! 0" 1$ 0% 0' 0( 0)
#3468 0# 1% 1' 0*
#3469 1& 0'
#3470 0! 1# 0$ 0& 1*
#3471 1! 0# 1$ 1( 0*
#3472 1' 0(
#3473 0! 1# 0' 1*
#3474 1! 0# 1' 1( 0*
#3475 1& 0(
#3476 1) 1*
#3477 1" 1# 1(
#3478 0)
#3480 0" 0# 0$ 0% 0& 0' 0( 0* 0- 00
#3481 1" 1# 1$ 1% 1& 1' 1( 1* 1- 10
#3482 0$ 0% 0& 0' 0( 0-
#3483 0" 0# 1$ 0*
#3484 1" 1# 1% 1& 1' 1( 1* 1-
#3485 0% 0& 0' 0( 0-
#3486 0" 0# 0$ 1% 0*
#3487 1" 1# 1$ 1& 1' 1( 1* 1-
#3488 0$ 0& 0' 0( 0- 00
#3489 0" 0# 1$ 0* 10
#3490 1" 1# 1& 1' 1( 1* 1-
#3491 0& 0' 0( 0-
#3492 0" 0# 0$ 0% 1& 0*
#3493 1" 1# 1$ 1% 1' 1( 1* 1-
#3494 0$ 0% 0' 0( 0-
#3495 0" 0# 1$ 0*
#3496 1" 1# 1% 1' 1( 1* 1-
#3497 0% 0' 0( 0- 00
#3498 0" 0# 0$ 1% 0* 10
#3499 1" 1# 1$ 1' 1( 1* 1-
#3500 0$ 0' 0( 0-
#3501 0" 0# 1$ 0*
#3502 1" 1# 1' 1( 1* 1-
#3503 0' 0( 0-
#3504 0" 0# 0$ 0% 0& 1' 0*
#3505 1" 1# 1$ 1% 1& 1( 1* 1- 00
#3506 0$ 0% 0& 0( 0- 10
#3507 0" 0# 1$ 0*
#3508 1" 1# 1% 1& 1( 1* 1-
#3509 0% 0& 0( 0-
#3510 0" 0# 0$ 1% 0*
#3511 1" 1# 1$ 1& 1( 1* 1-
#3512 0$ 0& 0( 0-
#3513 0" 0# 1$ 0*
#3514 1" 1# 1& 1( 1* 1-
#3515 0& 0( 0-
#3516 0" 0# 0$ 0% 1& 0*
#3517 1" 1# 1$ 1% 1( 1* 1-
#3518 0$ 0% 0( 0-
#3519 0" 0# 1$ 0*
#3520 1" 1# 1% 1( 1* 1-
#3521 0% 0( 0-
#3522 0" 0# 0$ 1% 0* 00
#3523 1" 1# 1$ 1( 1* 1- 10
#3524 0$ 0( 0-
#3525 0" 0# 1$ 0*
#3526 1" 1# 1( 1* 1-
#3527 0( 0-
#3528 0" 0$ 0% 0& 0' 1-
#3529 0! 1" 0# 1$ 1% 0*
#3530 00
#3531 1! 0" 1# 0% 1* 10
#3532 0! 1" 0# 1' 0*
#3533 0" 1# 0$ 1% 1( 1) 1*
#3534 0' 0( 0)
#3535 1" 0# 1$ 0% 1( 0*
#3536 0" 1# 0$ 1% 1' 1) 1*
#3537 1$ 0' 0( 0)
#3538 1" 0# 0% 1' 1( 0*
#3539 0" 1# 0$ 1% 1) 1*
#3540 1" 0# 1$ 1& 0(
#3541 1! 1# 1( 0)
#3542 1)
#3543 0) 0+
#3544 0! 0" 0# 0$ 0% 0& 0' 1+ 0-
#3545 1! 1" 1# 1$ 1% 1& 1' 1) 1-
#3546 0$ 0% 0& 0' 0) 0* 0-
#3547 0! 0" 0# 1$ 1* 00
#3548 1! 1" 1# 1% 1& 1' 1) 1- 10
#3549 0% 0& 0' 0) 0* 0-
#3550 0! 0" 0# 0$ 1% 1*
#3551 1! 1" 1# 1$ 1& 1' 1) 1-
#3552 0$ 0& 0' 0) 0* 0-
#3553 0! 0" 0# 1$ 1*
#3554 1! 1" 1# 1& 1' 1) 1-
#3555 0& 0' 0) 0* 0-
#3556 0! 0" 0# 0$ 0% 1& 1*
#3557 1! 1" 1# 1$ 1% 1' 1) 1-
#3558 0$ 0% 0' 0) 0* 0-
#3559 0! 0" 0# 1$
#3560 1! 1" 1# 1% 1' 1) 1* 1-
#3561 0% 0' 0) 0* 0-
#3562 0! 0" 0# 0$ 1%
#3563 1$ 0( 1) 1* 1-
#3564 1! 1" 1# 0$ 1( 0) 0* 0- 00
#3565 0! 0" 0# 1$ 10
#3566 0$ 0% 0& 1' 0( 1) 1* 1-
#3567 1! 1" 1# 1$ 1% 1& 0' 1( 0) 0* 0-
#3568 0! 0" 0# 0$ 0% 0& 1'
#3569 1$ 0( 1) 1* 1-
#3570 1! 1" 1# 0$ 1( 0) 0* 0-
#3571 0! 0" 0# 1$
#3572 0$ 1% 0( 1) 1* 1- 00
#3573 1! 1" 1# 1$ 0% 1( 0) 0* 0- 10
#3574 0! 0" 0# 0$ 1%
#3575 1$ 0( 1) 1* 1-
#3576 1! 1" 1# 0$ 1( 0) 0* 0-
#3577 0! 0" 0# 1$
#3578 0$ 0% 1& 0( 1) 1* 1-
#3579 1! 1" 1# 1$ 1% 0& 1( 0) 0* 0-
#3580 0! 0" 0# 0$ 0% 1&
#3581 1$ 0( 1) 1* 1-
#3582 1! 1" 1# 0$ 1( 0) 0* 0-
#3583 0! 0" 0# 1$
#3584 0$ 1% 1) 1* 1-
#3585 1! 1" 1# 1$ 0% 0) 0* 0-
#3586 0! 0" 0# 0$ 1%
#3587 1! 1" 1# 1$ 1) 1* 1-
#3588 0$ 0) 0* 0-
#3589 0! 0" 0# 1$ 00
#3590 1! 1" 1# 1) 1* 1- 10
#3591 0) 0* 0-
#3592 0! 0" 0$ 0% 0& 0' 0( 1-
#3593 1! 1" 0# 1$ 1*
#3594 0! 0" 1# 0$ 1% 1' 1( 1)
#3595 1$ 0% 0' 0( 0) 0*
#3596 0# 1% 1' 1( 1*
#3597 1! 1" 1& 0( 0* 00
#3598 0! 0$ 0& 0' 1) 10
#3599 0" 1$ 1' 1( 0) 1*
#3600 1! 1" 1& 0' 0*
#3601 0! 0& 0( 1)
#3602 0" 1' 1( 0) 1*
#3603 1! 1" 1& 0*
#3604 0( 1) 1*
#3605 1# 1( 0)
#3606 0! 0" 0# 0$ 0% 0& 0' 0( 0* 00
#3607 1! 1" 1# 1$ 1% 1& 1' 1( 1* 0+ 10
#3608 0! 0$ 0% 0& 0' 0( 1+ 0-
#3609 0" 0# 1$ 0* 1-
#3610 1" 1# 0$ 0-
#3611 1) 1*
#3612 0" 0# 1% 0) 0* 1-
#3613 1" 1# 1$ 0% 0-
#3614 0$ 1) 1* 00
#3615 0" 0# 1$ 1% 0) 0* 1- 10
#3616 1" 1# 0$ 0-
#3617 0% 1) 1*
#3618 0" 0# 1& 0) 0* 1-
#3619 1" 1# 1$ 1% 0& 0-
#3620 0$ 0% 1*
#3621 0" 0# 1$ 1& 0* 1-
#3622 1" 1# 0$ 0-
#3623 0& 1*
#3624 0" 0# 1% 1& 0* 1-
#3625 1" 1# 1$ 0% 0-
#3626 0$ 0& 1*
#3627 0" 0# 1$ 1% 1& 0* 1-
#3628 1" 1# 0$ 0-
#3629 0% 0& 1*
#3630 0" 0# 1' 0* 1-
#3631 1" 1# 1$ 1% 1& 0' 0- 00
#3632 0$ 0% 0& 1* 10
#3633 0" 0# 1$ 1' 0* 1-
#3634 1" 1# 0$ 0-
#3635 0' 1*
#3636 0" 0# 1% 1' 0* 1-
#3637 1" 1# 1$ 0% 0-
#3638 0$ 0' 1*
#3639 0" 0# 1$ 1% 1' 0* 1- 00
#3640 1" 1# 0$ 0- 10
#3641 0% 0' 1*
#3642 0" 0# 1& 1' 0* 1-
#3643 1" 1# 1$ 1% 0& 0-
#3644 0$ 0% 0' 1*
#3645 0" 0# 1$ 1& 1' 0* 1-
#3646 1" 1# 0$ 0-
#3647 0& 0' 1) 1*
#3648 0" 0# 1% 1& 1' 0) 0* 1-
#3649 1" 1# 1$ 0% 0-
#3650 0$ 0& 0' 1) 1* 1-
#3651 0" 0# 1$ 1% 1& 1' 0) 0*
#3652 1" 1# 0$ 0-
#3653 0% 0& 0' 1) 1* 1-
#3654 1! 1$ 1% 1& 1' 1( 0) 0+
#3655 0! 0( 0* 1+ 0-
#3656 0$ 0& 1( 1) 1* 1- 00
#3657 0" 1$ 0% 0' 0( 0) 0* 10
#3658 1% 1&
#3659 1" 0$ 0& 1' 1( 1) 1*
#3660 1! 1$ 1&
#3661 0! 0" 0% 0( 0) 0*
#3662 1! 0# 0$ 1% 0& 0' 1*
#3663 1" 1# 1$ 1& 1' 1(
#3664 0! 0" 0% 0' 0*
#3665 1! 0# 1% 0& 0( 1*
#3666 1" 1# 1& 1' 1(
#3667 0! 0" 0% 0*
#3668 1% 0( 1) 1*
#3670 1" 0$ 0& 1(
#3671 1! 1$ 1& 0)
#3673 0! 0$ 0& 1) 00
#3674 1! 0" 0% 0' 0) 0- 10
#3675 1" 1$ 1% 1& 1' 1-
#3676 0! 0$ 0& 1)
#3677 1! 0" 1$ 0% 0' 0) 0-
#3678 1" 1% 1& 1' 1-
#3679 0! 0$ 0& 1)
#3680 1! 0" 0' 0) 0-
#3681 1" 1$ 1& 1' 1- 00
#3682 0! 0$ 0& 1) 10
#3683 1! 0" 1$ 0' 0) 0-
#3684 1" 1& 1' 1-
#3685 0! 0$ 0& 1)
#3686 1! 0" 0% 1& 0' 0) 0-
#3687 1" 1$ 1% 1' 0* 1-
#3688 0! 0$ 0& 1) 1*
#3689 1! 0" 1$ 0% 1& 0' 0) 0-
#3690 1" 1% 1' 1-
#3691 0! 0$ 0& 1)
#3692 1! 0" 1& 0' 0) 0-
#3693 1" 1$ 1' 0+ 1-
#3694 0! 0# 0$ 0& 0' 1) 1+
#3695 1! 0" 1# 1$ 1& 0) 0-
#3696 1" 1' 1-
#3697 0! 0# 0$ 0% 0& 1)
#3698 1! 0" 1# 0) 0- 00
#3699 1" 1$ 1% 1& 0* 1- 10
#3700 0! 0# 0% 0& 1) 1*
#3701 1! 0" 1# 0) 0-
#3702 1" 1% 1& 1-
#3703 0! 0# 0$ 0& 1)
#3704 1! 0" 1# 0) 0-
#3705 1" 1$ 1& 0+ 1-
#3706 0! 0# 0$ 0& 1) 1+ 00
#3707 1! 0" 1# 1$ 0) 0- 10
#3708 1" 1& 1-
#3709 0! 0# 0$ 0% 0& 1)
#3710 1! 0" 1# 1& 0) 0-
#3711 1" 1$ 1% 0* 1-
#3712 0! 0$ 0& 1) 1*
#3713 1! 0" 1$ 0% 1& 0) 0-
#3714 1" 1% 1-
#3715 0! 0$ 0& 1) 00
#3716 1! 0" 1& 0) 0- 10
#3717 1" 1$ 0+ 1-
#3718 1) 1+
#3719 0" 0) 0-
#3720 0! 1" 0# 0$ 0% 0& 0' 0( 0* 1-
#3721 0" 1$ 1% 1' 1( 1) 1*
#3722 1! 1# 0% 1& 0' 0( 0)
#3723 0! 1" 0# 0& 0* 00
#3724 1! 1# 1% 1& 1' 1( 1* 10
#3725 0! 0" 0# 0& 1)
#3726 1! 0$ 0' 0( 0) 0*
#3727 1" 1# 1$ 1& 1' 1( 1*
#3728 0! 0" 0# 0& 1)
#3729 1! 0' 0( 0)
#3730 1" 1# 1& 1' 1(
#3731 0! 0" 0# 0& 1)
#3732 1! 1# 1& 0(
#3734 1" 1(
#3735 0)
#3737 0# 0$ 0% 0& 0' 0( 0-
#3738 0" 1#
#3739 0! 1" 1& 1' 1( 1-
#3740 1! 0# 1$ 0& 0' 0( 0- 00
#3741 0" 1# 10
#3742 1" 1% 1& 1' 1( 1) 1-
#3743 0# 0$ 0& 0' 0( 0) 0-
#3744 0" 1#
#3745 1" 0% 1& 1' 1( 1) 1-
#3746 0# 1$ 1% 0& 0' 0( 0) 0-
#3747 0" 1#
#3748 1" 1& 1' 1( 1- 00
#3749 0# 0$ 0% 0' 0( 0- 10
#3750 0" 1#
#3751 0! 0# 1$ 1' 1( 1-
#3752 1! 1" 0' 0( 0-
#3753 0" 1#
#3754 1" 1% 1' 1( 1-
#3755 0# 0$ 0' 0( 0-
#3756 0" 1#
#3757 0# 1$ 0% 1' 1( 1-
#3758 1" 1% 0' 0( 0-
#3759 0" 1#
#3760 1" 1' 1( 1-
#3761 0# 0$ 0% 0& 0( 0-
#3762 0" 1#
#3763 0! 1" 0# 1$ 1& 1( 1-
#3764 1! 0& 0( 0-
#3765 0" 1# 00
#3766 1" 1% 1& 1( 1- 10
#3767 0# 0$ 0& 0( 0-
#3768 0" 1#
#3769 1" 0# 1$ 0% 1& 1( 1-
#3770 1% 0& 0( 0-
#3771 0" 1#
#3772 1" 1& 1( 1-
#3773 0# 0$ 0% 0( 0-
#3774 0" 1#
#3775 0! 1$ 1( 1-
#3776 1! 1" 0# 0( 0-
#3777 0" 1#
#3778 1" 1% 1( 1) 1-
#3779 0# 0$ 0( 0) 0-
#3780 0" 1#
#3781 1$ 0% 1( 1) 1-
#3782 1" 0# 1% 0( 0) 0* 0- 00
#3783 0! 0" 1# 1* 10
#3784 1! 0# 0$ 0% 0& 0' 0* 1-
#3785 1" 1# 1$ 1% 1& 1' 1( 1*
#3786 0! 0" 0# 0% 0& 0' 0(
#3787 1! 0*
#3788 1" 1# 1% 1& 1' 1( 1) 1*
#3789 0! 0% 0' 0( 0) 0*
#3790 0" 0# 0$ 1% 0& 00
#3791 1" 1# 10
#3792 1$ 0% 1'
#3793 0" 0# 1% 0'
#3794 1" 1#
#3795 0% 1& 1'
#3796 1% 1) 1*
#3798 1! 1(
#3799 0) 0+
#3800 0! 0" 0$ 0% 0& 0' 0( 1+
#3801 1! 1" 0# 1( 0-
#3802 0! 0" 1# 0*
#3803 1$ 0( 1* 1-
#3804 1! 1" 0# 1( 0-
#3805 0! 0" 1# 0*
#3806 0$ 1% 0( 1* 1-
#3807 1! 1" 0# 1( 0- 00
#3808 0! 0" 1# 0* 10
#3809 1$ 0( 1* 1-
#3810 1! 1" 0# 1( 0-
#3811 0! 0" 1# 0*
#3812 0$ 0% 1& 0( 1* 1-
#3813 1! 1" 0# 1( 0-
#3814 0! 0" 1# 0*
#3815 1$ 0( 1* 1- 00
#3816 1! 1" 0# 1( 0- 10
#3817 0! 0" 1# 0*
#3818 0$ 1% 0( 1-
#3819 1" 0# 1( 1* 0-
#3820 0" 1# 0*
#3821 1$ 0( 1-
#3822 1" 0# 1( 1* 0-
#3823 0" 1# 0*
#3824 0$ 0% 0& 1' 0( 1- 00
#3825 1" 0# 1( 1* 0- 10
#3826 0" 1# 0*
#3827 1$ 0( 1-
#3828 1" 0# 1( 1* 0-
#3829 0" 1# 0*
#3830 0$ 1% 0( 1-
#3831 1" 0# 1( 1* 0-
#3832 0" 1# 0* 00
#3833 1$ 0( 1- 10
#3834 1" 0# 1( 1* 0-
#3835 0" 1# 0*
#3836 0$ 0% 1& 0( 1-
#3837 1" 0# 1( 1* 0-
#3838 0" 1# 0*
#3839 1$ 0( 1-
#3840 1" 0# 1( 1* 0-
#3841 0" 1# 0*
#3842 0$ 1% 0( 1-
#3843 1" 0# 1( 1* 0-
#3844 0" 1# 0*
#3845 1$ 0( 1-
#3846 1" 0# 1( 1* 0-
#3847 0" 1# 0*
#3848 0# 0$ 0% 0& 0' 0( 1-
#3849 1! 1" 1# 1$ 1% 1& 1' 1( 1) 1* 00
#3850 0% 0& 0' 0( 10
#3851 0! 0" 0# 0) 0*
#3852 1" 1#
#3853 0" 0$ 1% 1' 1( 1) 1*
#3854 1"
#3855 1! 0" 0' 0( 0)
#3856 0! 1' 1( 1)
#3857 1" 00
#3858 1! 0" 1$ 0' 0( 0) 10
#3859 0! 0$ 1' 1( 1)
#3860 1! 1" 1$ 1& 0(
#3862 1( 0)
#3863 1)
#3864 0! 0$ 0& 0)
#3865 0# 0% 0' 0( 0* 0-
#3866 0" 1$ 1) 1* 1-
#3867 1" 1# 0$ 1% 1' 1( 0)
#3868 0# 1$ 0% 0' 0( 0* 0-
#3869 0" 1) 1* 1-
#3870 1" 1# 0$ 1% 1' 1( 0)
#3871 0# 0' 0( 0* 0-
#3872 0" 1$ 0% 1) 1* 1-
#3873 1" 1# 0$ 1% 1' 1( 0)
#3874 0# 1$ 0' 0( 0* 0- 00
#3875 0" 0% 1) 1* 1- 10
#3876 1" 1# 0$ 1% 1' 1( 0)
#3877 0# 0% 1& 0' 0( 0* 0-
#3878 0" 1$ 0& 1) 1* 1-
#3879 1" 1# 0$ 1% 1' 1( 0)
#3880 0# 1$ 0% 1& 0' 0( 0* 0-
#3881 0" 0& 1) 1* 1-
#3882 1" 1# 0$ 1% 1' 1( 0)
#3883 0# 1& 0' 0( 0* 0-
#3884 0" 1$ 0% 0& 1) 1* 1-
#3885 1" 1# 0$ 1% 1' 1( 0)
#3886 0# 1$ 1& 0' 0( 0* 0-
#3887 0" 0% 0& 1) 1* 1-
#3888 1" 1# 0$ 1% 1' 1( 0)
#3889 0# 0% 0( 0* 0-
#3890 0" 1$ 0' 1) 1* 1-
#3891 1" 1# 0$ 1% 1' 1( 0) 00
#3892 0# 1$ 0% 0( 0* 0- 10
#3893 0" 0' 1) 1* 1-
#3894 1" 1# 0$ 1% 1' 1( 0)
#3895 0# 0( 0* 0-
#3896 0" 1$ 0% 0' 1) 1* 1-
#3897 1" 1# 0$ 1% 1' 1( 0)
#3898 0# 1$ 0( 0* 0-
#3899 0" 0% 0' 1) 1* 1- 00
#3900 1" 1# 0$ 1% 1' 1( 0) 10
#3901 0# 0% 1& 0( 0* 0-
#3902 0" 1$ 0& 0' 1) 1* 1-
#3903 1" 1# 0$ 1% 1' 1( 0)
#3904 0# 1$ 0% 1& 0( 0* 0-
#3905 0" 0& 0' 1) 1* 1-
#3906 1" 1# 0$ 1% 1' 1( 0)
#3907 0# 1& 0( 0* 0-
#3908 0" 1$ 0% 0& 0' 1) 1* 1-
#3909 1" 1# 0$ 1% 1' 1(
#3910 0# 1$ 1& 0( 0) 0* 0-
#3911 0" 0% 0& 0' 1) 1* 1-
#3912 1" 1# 0$ 1% 1' 1(
#3913 1! 0" 0# 0% 0' 0( 0)
#3914 0! 1%
#3915 1" 1# 1' 1( 1)
#3916 1! 0" 0# 0% 0' 0( 0) 00
#3917 0! 1% 0* 10
#3918 0%
#3919 1*
#3920 1% 0*
#3921 0%
#3922 1*
#3923 1% 0*
#3924 0% 00
#3925 1) 1* 10
#3926 1! 1" 1# 1$ 1% 1& 1' 1(
#3927 0)
#3929 0" 0# 0$ 0% 0& 0' 0* 0-
#3930 1" 1# 1$ 1% 1& 1' 1* 1-
#3931 0$ 0% 0& 0' 0-
#3932 0" 0# 1$ 0*
#3933 1" 1# 1% 1& 1' 1* 1- 00
#3934 0% 0& 0' 0- 10
#3935 0" 0# 0$ 1% 0*
#3936 1" 1# 1$ 1& 1' 1* 1-
#3937 0$ 0& 0' 0-
#3938 0" 0# 1$ 0*
#3939 1" 1# 1& 1' 1* 1-
#3940 0& 0' 0-
#3941 0" 0# 0$ 0% 1& 0* 00
#3942 1" 1# 1$ 1% 1' 1* 1- 10
#3943 0$ 0% 0' 0-
#3944 0" 0# 1$ 0*
#3945 1" 1# 1% 1' 1* 1-
#3946 0% 0' 0-
#3947 0" 0# 0$ 1% 0*
#3948 1" 1# 1$ 1' 1* 1-
#3949 0$ 0' 0-
#3950 0" 0# 1$ 0*
#3951 1" 1# 1' 1* 1-
#3952 0' 0-
#3953 0" 0# 0$ 0% 0& 1' 0*
#3954 1" 1# 1$ 1% 1& 1* 1-
#3955 0$ 0% 0& 0-
#3956 0" 0# 1$ 0*
#3957 1" 1# 1% 1& 1* 1-
#3958 0% 0& 0- 00
#3959 0" 0# 0$ 1% 0* 10
#3960 1" 1# 1$ 1& 1* 1-
#3961 0$ 0& 0-
#3962 0" 0# 1$ 0*
#3963 1" 1# 1& 1* 1-
#3964 0& 0-
#3965 0" 0# 0$ 0% 1& 0*
#3966 1" 1# 1$ 1% 1* 1- 00
#3967 0$ 0% 0- 10
#3968 0" 0# 1$ 0*
#3969 1" 1# 1% 1* 1-
#3970 0% 0-
#3971 0" 0# 0$ 1% 0*
#3972 1" 1# 1$ 1* 1-
#3973 0$ 0-
#3974 0" 0# 1$ 0*
#3975 1" 1# 1* 1-
#3976 0-
#3977 0" 0# 0$ 0% 0& 0' 0( 0* 1-
#3978 1% 1& 1) 1*
#3979 0% 0& 0)
#3980 0*
#3981 1*
#3982 0! 1# 1% 1' 1( 1)
#3983 0# 0% 0' 0( 0) 0* 00
#3984 1! 1* 10
#3985 0! 1# 1% 1' 1( 1)
#3986 0# 0% 0' 0( 0) 0*
#3987 1! 1*
#3988 0! 1# 1% 1' 1( 1)
#3989 1! 0# 0% 0' 0(
#3990 1" 1# 1$ 1% 1& 1' 1(
#3992 0) 0+
#3993 0! 0" 0# 0$ 0% 0& 0' 0( 1+ 0-
#3994 1! 1" 1# 1$ 1% 1& 1' 1( 1) 1-
#3995 0$ 0% 0& 0' 0( 0) 0* 0-
#3996 0! 0" 0# 1$ 1*
#3997 1! 1" 1# 1% 1& 1' 1( 1) 1-
#3998 0% 0& 0' 0( 0) 0* 0-
#3999 0! 0" 0# 0$ 1% 1*
#4000 1! 1" 1# 1$ 1& 1' 1( 1) 1- 00
#4001 0$ 0& 0' 0( 0) 0* 0- 10
#4002 0! 0" 0# 1$ 1*
#4003 1! 1" 1# 1& 1' 1( 1) 1-
#4004 0& 0' 0( 0) 0* 0-
#4005 0! 0" 0# 0$ 0% 1& 1*
#4006 1! 1" 1# 1$ 1% 1' 1( 1) 1-
#4007 0$ 0% 0' 0( 0) 0* 0-
#4008 0! 0" 0# 1$ 1* 00
#4009 1! 1" 1# 1% 1' 1( 1) 1- 10
#4010 0% 0' 0( 0) 0* 0-
#4011 0! 0" 0# 0$ 1% 1*
#4012 1! 1" 1# 1$ 1' 1( 1) 1-
#4013 0$ 0' 0( 0) 0* 0-
#4014 0! 0" 0# 1$ 1*
#4015 1! 1" 1# 1' 1( 1) 1-
#4016 0' 0( 0) 0* 0-
#4017 0! 0" 0# 0$ 0% 0& 1' 1*
#4018 1! 1" 1# 1$ 1% 1& 1( 1) 1-
#4019 0$ 0% 0& 0( 0) 0* 0-
#4020 0! 0" 0# 1$ 1*
#4021 1! 1" 1# 1% 1& 1( 1) 1-
#4022 0% 0& 0( 0) 0* 0-
#4023 0! 0" 0# 0$ 1% 1*
#4024 1! 1" 1# 1$ 1& 1( 1) 1-
#4025 0$ 0& 0( 0) 0* 0- 00
#4026 0! 0" 0# 1$ 1* 10
#4027 1! 1" 1# 1& 1( 1) 1-
#4028 0& 0( 0) 0* 0-
#4029 0! 0" 0# 0$ 0% 1& 1*
#4030 1! 1" 1# 1$ 1% 1( 1) 1-
#4031 0$ 0% 0( 0) 0* 0-
#4032 0! 0" 0# 1$ 1*
#4033 1! 1" 1# 1% 1( 1) 1- 00
#4034 0% 0( 0) 0* 0- 10
#4035 0! 0" 0# 0$ 1% 1*
#4036 1! 1" 1# 1$ 1( 1) 1-
#4037 0$ 0( 0) 0* 0-
#4038 0! 0" 0# 1$ 1*
#4039 1! 1" 1# 1( 1) 1-
#4040 0( 0) 0* 0-
#4041 0! 0" 0# 0$ 0% 0& 0' 1-
#4042 1" 1& 1* 00
#4043 0" 1# 1% 0& 1' 1( 1) 10
#4044 0# 0% 0' 0( 0) 0*
#4045 1*
#4046 1" 1% 0*
#4047 0% 1)
#4048 0" 0) 1*
#4049 1" 1% 0*
#4050 0% 1) 1* 00
#4051 0" 0) 10
#4052 1" 1% 0*
#4053 0% 1) 1*
#4054 1! 1# 1$ 1% 1& 1' 1( 0)
#4055 0! 0" 0# 0$ 0% 0& 0' 0( 0*
#4056 1! 1" 1# 1$ 1% 1& 1' 1( 1*
#4057 0! 0" 0# 0$ 0% 0& 0' 0-
#4058 1$ 0( 0* 1-
#4059 1" 1# 0$ 1( 1* 0-
#4060 0" 0# 1$
#4061 0$ 1% 0( 0* 1-
#4062 1" 1# 1$ 0% 1( 1* 0-
#4063 0" 0# 0$ 1%
#4064 1$ 0( 0* 1-
#4065 1" 1# 0$ 1( 1* 0-
#4066 0" 0# 1$
#4067 0$ 0% 1& 0( 0* 1- 00
#4068 1" 1# 1$ 1% 0& 1( 1* 0- 10
#4069 0" 0# 0$ 0% 1&
#4070 1$ 0( 0* 1-
#4071 1" 1# 0$ 1( 1* 0-
#4072 0" 0# 1$
#4073 0$ 1% 0( 0* 1-
#4074 1" 1# 1$ 0% 1( 1* 0-
#4075 0" 0# 0$ 1% 00
#4076 1$ 0( 0* 1- 10
#4077 1" 1# 0$ 1( 1* 0-
#4078 0" 0# 1$ 0% 0& 0(
#4079 0$ 1' 0* 1-
#4080 1" 1# 1$ 1% 1& 0' 1( 0-
#4081 0" 0# 0$ 0% 0& 0( 1*
#4082 1$ 1' 0* 1-
#4083 1" 1# 0$ 1( 0-
#4084 1! 0" 0# 1$ 0' 0( 1*
#4085 0! 0$ 1% 1' 0* 1-
#4086 1" 1# 1$ 0% 1( 0-
#4087 1! 0" 0# 0' 0( 1*
#4088 0! 1% 1' 0* 1-
#4089 1" 1# 0$ 1( 0-
#4090 1! 0" 0# 1$ 0% 0' 0( 1*
#4091 0! 0$ 1& 1' 0* 1-
#4092 1" 1# 1$ 1% 0& 1( 0- 00
#4093 1! 0" 0# 0% 0' 0( 1* 10
#4094 0! 1& 1' 0* 1-
#4095 1" 1# 0$ 1( 0-
#4096 1! 0" 0# 1$ 0& 0' 0( 1*
#4097 0! 0$ 1% 1& 1' 0* 1-
#4098 1" 1# 1$ 0% 1( 0-
#4099 0" 0# 0$ 0& 0' 0( 1*
#4100 1$ 1% 1& 1' 0* 1-
#4101 1" 1# 0$ 1( 0-
#4102 0" 0# 1$ 0% 0& 0' 0( 1*
#4103 1! 1" 1# 1% 1& 1' 1( 0+ 1-
#4104 0! 1+ 0-
#4105 0$ 0& 1) 1-
#4106 1! 0# 0% 1& 0' 0( 0) 0*
#4107 1% 0& 1*
#4108 0! 1# 1' 1( 1)
#4109 0" 0# 1$ 00
#4110 1! 1" 0$ 0% 0' 0( 0) 10
#4111 0! 0"
#4112 1! 1" 1# 1$ 1% 1& 1' 1( 1)
#4113 0# 0$ 0% 0& 0' 0( 0)
#4114 0! 0"
#4115 1! 1" 1# 1$ 1% 1& 1' 1( 1)
#4116 0# 0$ 0% 0& 0' 0( 0) 0*
#4117 1) 1* 00
#4118 10
#4119 0! 1# 1% 1' 1(
#4120 1! 1$ 1& 0)
#4122 0! 0$ 0& 1)
#4123 1! 0" 0% 0' 0( 0) 0-
#4124 1" 1$ 1% 1& 1-
#4125 0! 0$ 0& 1' 1( 1)
#4126 1! 0" 1$ 0% 0' 0( 0) 0-
#4127 1" 1% 1& 1' 1( 1-
#4128 0! 0$ 0& 1)
#4129 1! 0" 0' 0( 0) 0-
#4130 1" 1$ 1& 1-
#4131 0! 0$ 0& 1' 1( 1)
#4132 1! 0" 1$ 0' 0( 0) 0-
#4133 1" 1& 1' 1( 1-
#4134 0! 0$ 0& 1) 00
#4135 1! 0" 0% 1& 0' 0( 0) 0- 10
#4136 1" 1$ 1% 1-
#4137 0! 0$ 0& 1' 1( 1)
#4138 1! 0" 1$ 0% 1& 0' 0( 0) 0-
#4139 1" 1% 1' 1( 1-
#4140 0! 0$ 0& 1)
#4141 1! 0" 1& 0' 0( 0) 0-
#4142 1" 1$ 1- 00
#4143 0! 0$ 0& 1' 1( 1) 10
#4144 1! 0" 1$ 1& 0' 0( 0) 0-
#4145 1" 1' 1( 1-
#4146 0! 0$ 0& 1)
#4147 1! 0" 0% 0( 0) 0-
#4148 1" 1$ 1% 1& 0' 1) 1-
#4149 0! 0$ 0& 1' 1(
#4150 1! 0" 1$ 0% 0( 0) 0-
#4151 1" 1% 1& 1( 1) 1- 00
#4152 0! 0$ 0& 10
#4153 1! 0" 0( 0) 0-
#4154 1" 1$ 1& 0' 1) 1-
#4155 0! 0$ 0& 1' 1(
#4156 1! 0" 1$ 0( 0) 0-
#4157 1" 1& 1( 1-
#4158 0! 0$ 0& 1)
#4159 1! 0" 0% 1& 0( 0) 0- 00
#4160 1" 1$ 1% 0' 1- 10
#4161 0! 0$ 0& 1' 1( 1)
#4162 1! 0" 1$ 0% 1& 0( 0) 0-
#4163 1" 1% 1( 1-
#4164 0! 0$ 0& 1)
#4165 1! 0" 1& 0( 0) 0-
#4166 1" 1$ 0' 1-
#4167 1' 1( 1)
#4168 0" 0( 0) 0-
#4169 0! 1" 0$ 0% 0& 0* 1-
#4170 0# 1$ 1% 1( 1) 1*
#4171 0" 1# 0$ 0% 0' 0( 0)
#4172 1" 0# 0*
#4173 1! 1# 1$ 1% 1& 1' 1( 1*
#4174 0! 0" 0# 0& 1)
#4175 1! 0$ 0% 0' 0( 0) 0*
#4176 1" 1# 1$ 1% 1& 1' 1( 1* 00
#4177 0! 0" 0# 0& 1) 10
#4178 1! 0$ 0% 0' 0( 0) 0*
#4179 1" 1# 1$ 1% 1& 1' 1( 1*
#4180 0! 0" 0# 0& 1)
#4181 1# 0$ 0% 0' 0(
#4183 1! 1" 1$ 1% 1& 1' 1(
#4184 0) 0+ 00
#4185 1+ 10
#4186 0# 0$ 0% 0& 0' 0-
#4187 0" 1# 0*
#4188 1" 1$ 1% 1& 0( 1* 1-
#4189 0# 0% 0& 1( 0-
#4190 0" 1# 0*
#4191 1" 1% 1& 1' 1* 1-
#4192 0# 0$ 0& 0' 0-
#4193 0" 1# 0*
#4194 1" 1$ 1& 0( 1* 1-
#4195 0# 0& 1( 0-
#4196 0" 1# 0*
#4197 1" 1& 1' 1* 1-
#4198 0# 0$ 0% 0' 0-
#4199 0" 1# 0*
#4200 1" 1$ 1% 0( 1* 1-
#4201 0# 0% 1( 0- 00
#4202 0" 1# 0* 10
#4203 1" 1% 1' 1* 1-
#4204 0# 0$ 0' 0-
#4205 0" 1# 0*
#4206 1" 1$ 0( 1* 1-
#4207 0# 1( 0-
#4208 0" 1# 0*
#4209 1" 1' 1* 1-
#4210 0# 0$ 0% 0& 0-
#4211 0" 1# 0*
#4212 0! 1" 0# 1& 0' 0( 1* 1-
#4213 1! 1$ 0& 1' 1( 0-
#4214 0" 1#
#4215 1" 1% 1& 1-
#4216 0# 0$ 0& 0-
#4217 0" 1#
#4218 1" 0# 0% 1& 0' 0( 1- 00
#4219 1$ 1% 0& 1' 1( 0- 10
#4220 0" 1#
#4221 1" 1& 1-
#4222 0# 0$ 0% 0-
#4223 0" 1#
#4224 0! 0' 0( 1-
#4225 1! 1" 0# 1$ 1' 1( 0-
#4226 0" 1# 0* 00
#4227 1" 1% 1* 1- 10
#4228 0# 0$ 0-
#4229 0" 1# 0*
#4230 0% 0' 0( 1* 1-
#4231 1" 0# 1$ 1% 1' 1( 0-
#4232 0" 1# 0*
#4233 0$ 0% 0& 0( 1-
#4234 1" 1$ 1% 1& 1( 1*
#4235 0" 0$ 0% 0& 0' 0( 0*
#4236 0#
#4237 1" 1# 1$ 1% 1& 1' 1( 1) 1*
#4238 0" 0$ 0% 0& 0' 0( 0)
#4239 0! 0# 0*
#4240 1" 1)
#4241 1! 0" 1# 0) 1*
#4242 0! 0# 0*
#4243 1" 1) 00
#4244 1! 0" 1# 0) 10
#4245 1) 1*
#4247 1" 1$ 1% 1& 1' 1(
#4248 0) 0+
#4249 0! 0" 0$ 0% 0& 0' 0( 1) 1+
#4250 1! 1" 0# 0) 0-
#4251 0! 0" 1# 0* 00
#4252 1$ 1* 1- 10
#4253 1! 1" 0# 0-
#4254 0! 0" 1# 0*
#4255 0$ 1% 1* 1-
#4256 1! 1" 0# 0-
#4257 0! 0" 1# 0*
#4258 1$ 1* 1-
#4259 1! 1" 0# 0-
#4260 0! 0" 1# 0* 00
#4261 0$ 0% 1& 1* 1- 10
#4262 1! 1" 0# 0-
#4263 0! 0" 1# 0*
#4264 1$ 1* 1-
#4265 1! 1" 0# 0-
#4266 0! 0" 1# 0*
#4267 0$ 1% 1* 1-
#4268 1! 1" 0# 0- 00
#4269 0! 0" 1# 0* 10
#4270 1$ 1* 1-
#4271 1! 1" 0# 0-
#4272 0! 0" 1# 0*
#4273 0$ 0% 0& 1' 1* 1-
#4274 1! 1" 0# 0-
#4275 0! 0" 1# 0*
#4276 1$ 1) 1* 1-
#4277 1! 1" 0# 0) 0-
#4278 0! 0" 1# 0*
#4279 0$ 1% 1) 1* 1-
#4280 1! 1" 0# 0) 0* 0-
#4281 0! 0" 1#
#4282 1$ 1) 1* 1-
#4283 1! 1" 0# 0) 0* 0-
#4284 0! 0" 1#
#4285 0$ 0% 1& 1) 1* 1- 00
#4286 1! 1" 0# 0) 0- 10
#4287 0! 0" 1# 0*
#4288 1$ 1* 1-
#4289 1! 1" 0# 0-
#4290 0! 0" 1# 0*
#4291 0$ 1% 1* 1-
#4292 1! 1" 0# 0-
#4293 0! 0" 1# 0* 00
#4294 1$ 1* 1- 10
#4295 1! 1" 0# 0-
#4296 0! 0" 1# 0*
#4297 0$ 0% 0& 1* 1-
#4298 1! 1" 1$ 1% 1& 1( 1)
#4299 0! 0$ 0& 0' 0(
#4300 0" 0# 0% 0)
#4301 1" 0*
#4302 0" 1# 1% 1' 1( 1) 1*
#4303 1"
#4304 1! 0" 0# 0% 0' 0( 0)
#4305 0! 1# 1% 1' 1( 1)
#4306 1"
#4307 1! 0" 0# 0% 0' 0( 0)
#4308 0! 1# 1% 1' 1( 1)
#4309 1" 0% 0' 0(
#4310 00
#4311 1! 1$ 1% 1& 1' 1( 0) 10
#4312 1)
#4313 0! 0" 0$ 0% 0& 0' 0( 0)
#4314 1" 0# 1( 0* 0-
#4315 1! 1$ 0( 1) 1* 1-
#4316 0! 0" 1# 0)
#4317 1" 0# 1( 0* 0-
#4318 1! 0( 1) 1* 1-
#4319 0! 0" 1# 0$ 1% 0)
#4320 1" 0# 1( 0* 0-
#4321 1! 1$ 0% 0( 1) 1* 1-
#4322 0! 0" 1# 1% 0)
#4323 1" 0# 1( 0* 0-
#4324 1! 0% 0( 1) 1* 1-
#4325 0! 0" 1# 0$ 1& 0)
#4326 1" 0# 1( 0* 0-
#4327 1! 1$ 0& 0( 1) 1* 1- 00
#4328 0! 0" 1# 1& 0) 10
#4329 1" 0# 1( 0* 0-
#4330 1! 0& 0( 1) 1* 1-
#4331 0! 0" 1# 0$ 1% 1& 0)
#4332 1" 0# 1( 0* 0-
#4333 1! 1$ 0% 0& 0( 1) 1* 1-
#4334 0! 0" 1# 1% 1& 0)
#4335 1" 0# 1( 0* 0- 00
#4336 1! 0% 0& 0( 1) 1* 1- 10
#4337 0! 0" 1# 0$ 1' 0)
#4338 1" 0# 1( 0* 0-
#4339 1! 1$ 0' 0( 1) 1* 1-
#4340 0! 0" 1# 0$ 1' 0)
#4341 1" 0# 1$ 1( 0* 0-
#4342 1! 0' 0( 1) 1* 1-
#4343 0! 0" 1# 0$ 1% 1' 0)
#4344 1" 0# 1( 0* 0-
#4345 1! 1$ 0% 0' 0( 1) 1* 1-
#4346 0! 1# 0$ 1% 1' 1( 0)
#4347 0# 1$ 0* 0-
#4348 1! 0% 0' 0( 1) 1* 1-
#4349 0! 1# 0$ 1% 1' 1( 0)
#4350 0# 0% 1& 0* 0-
#4351 1! 1$ 0& 0' 0( 1) 1* 1-
#4352 0! 1# 0$ 1% 1' 1( 0) 00
#4353 0# 1$ 0% 1& 0* 0- 10
#4354 1! 0& 0' 0( 1) 1* 1-
#4355 0! 0" 1# 0$ 1% 1' 0)
#4356 1" 0# 1& 1( 0* 0-
#4357 1! 1$ 0% 0& 0' 0( 1) 1* 1-
#4358 0! 0" 1# 0$ 1% 1' 0)
#4359 1" 0# 1$ 1& 1( 0* 0-
#4360 1! 0% 0& 0' 0( 1) 1* 1- 00
#4361 0! 0" 1# 0$ 1' 0) 10
#4362 1" 0# 0'
#4363 1! 1# 1% 0*
#4364 0! 0" 0# 0% 1*
#4365 1"
#4366 1! 1# 1%
#4367 0% 0*
#4368 0" 0# 1*
#4369 1" 1# 1% 00
#4370 0% 0* 10
#4371 0" 0# 1*
#4372 1" 1# 1%
#4373 0% 0*
#4374 1) 1*
#4375 1$ 1% 1& 1' 1(
#4376 0)
#4377 1) 00
#4378 0" 0# 0$ 0% 0& 0' 0( 0) 0* 0- 10
#4379 1" 1# 1$ 1% 1& 1' 1( 1* 1-
#4380 0$ 0% 0& 0' 0( 1) 0-
#4381 0" 0# 1$ 0) 0*
#4382 1" 1# 1% 1& 1' 1( 1* 1-
#4383 0% 0& 0' 0( 0-
#4384 0" 0# 0$ 1% 0*
#4385 1" 1# 1$ 1& 1' 1( 1* 1-
#4386 0$ 0& 0' 0( 0-
#4387 0" 0# 1$ 0*
#4388 1" 1# 1& 1' 1( 1* 1-
#4389 0& 0' 0( 0-
#4390 0" 0# 0$ 0% 1& 0*
#4391 1" 1# 1$ 1% 1' 1( 1* 1-
#4392 0$ 0% 0' 0( 0-
#4393 0" 0# 1$ 0*
#4394 1" 1# 1% 1' 1( 1* 1- 00
#4395 0% 0' 0( 0- 10
#4396 0" 0# 0$ 1% 0*
#4397 1" 1# 1$ 1' 1( 1* 1-
#4398 0$ 0' 0( 0-
#4399 0" 0# 1$ 0*
#4400 1" 1# 1' 1( 1* 1-
#4401 0' 0( 0-
#4402 0" 0# 0$ 0% 0& 1' 0* 00
#4403 1" 1# 1$ 1% 1& 1( 1* 1- 10
#4404 0$ 0% 0& 0( 1) 0-
#4405 0" 0# 1$ 0) 0*
#4406 1" 1# 1% 1& 1( 1* 1-
#4407 0% 0& 0( 1) 0-
#4408 0" 0# 0$ 1% 0) 0*
#4409 1" 1# 1$ 1& 1( 1* 1-
#4410 0$ 0& 0( 1)
#4411 0" 0# 1$ 0) 0* 0-
#4412 1" 1# 1& 1( 1* 1-
#4413 0& 0( 1)
#4414 0" 0# 0$ 0% 1& 0) 0* 0-
#4415 1" 1# 1$ 1% 1( 1* 1-
#4416 0$ 0% 0( 1) 0-
#4417 0" 0# 1$ 0) 0*
#4418 1" 1# 1% 1( 1* 1-
#4419 0% 0( 0- 00
#4420 0" 0# 0$ 1% 0* 10
#4421 1" 1# 1$ 1( 1* 1-
#4422 0$ 0( 0-
#4423 0" 0# 1$ 0*
#4424 1" 1# 1( 1* 1-
#4425 0( 0-
#4426 0" 0# 0$ 0% 0& 0' 0* 1-
#4427 0! 1$ 1% 1& 1) 1*
#4428 0% 0& 0)
#4429 1! 0$ 0*
#4430 0! 1$ 1*
#4431 1# 0$ 1% 1' 1( 1)
#4432 0# 0% 0' 0( 0) 0*
#4433 1$ 1*
#4434 1# 0$ 1% 1' 1( 1)
#4435 0# 0% 0' 0( 0) 0*
#4436 1$ 1* 00
#4437 1# 0$ 1% 1' 1( 1) 10
#4438 0# 1$ 0% 0' 0(
#4439 1! 1" 1# 1% 1& 1' 1(
#4441 0) 0+
#4442 0! 0" 0# 0$ 0% 0& 0' 1+ 0-
#4443 1! 1" 1# 1$ 1% 1& 1' 1) 1-
#4444 0$ 0% 0& 0' 0) 0* 0- 00
#4445 0! 0" 0# 1$ 1* 10
#4446 1! 1" 1# 1% 1& 1' 1) 1-
#4447 0% 0& 0' 0) 0* 0-
#4448 0! 0" 0# 0$ 1% 1*
#4449 1! 1" 1# 1$ 1& 1' 1) 1-
#4450 0$ 0& 0' 0) 0* 0-
#4451 0! 0" 0# 1$ 1*
#4452 1! 1" 1# 1& 1' 1) 1-
#4453 0& 0' 0) 0* 0-
#4454 0! 0" 0# 0$ 0% 1& 1*
#4455 1! 1" 1# 1$ 1% 1' 1) 1-
#4456 0$ 0% 0' 0) 0* 0-
#4457 0! 0" 0# 1$ 1*
#4458 1! 1" 1# 1% 1' 1) 1-
#4459 0% 0' 0) 0* 0-
#4460 0! 0" 0# 0$ 1% 1*
#4461 1! 1" 1# 1$ 1' 1) 1- 00
#4462 0$ 0' 0) 0* 0- 10
#4463 0! 0" 0# 1$ 1*
#4464 1! 1" 1# 1' 1) 1-
#4465 0' 0) 0* 0-
#4466 0! 0" 0# 0$ 0% 0& 1' 1*
#4467 1! 1" 1# 1$ 1% 1& 1) 1-
#4468 0$ 0% 0& 0) 0* 0-
#4469 0! 0" 0# 1$ 1* 00
#4470 1! 1" 1# 1% 1& 1) 1- 10
#4471 0% 0& 0) 0* 0-
#4472 0! 0" 0# 0$ 1% 1*
#4473 1! 1" 1# 1$ 1& 1) 1-
#4474 0$ 0& 0) 0* 0-
#4475 0! 0" 0# 1$ 1*
#4476 1! 1" 1# 1& 1) 1-
#4477 0& 0) 0* 0-
#4478 0! 0" 0# 0$ 0% 1& 1* 00
#4479 1! 1" 1# 1$ 1% 1) 1- 10
#4480 0$ 0% 0) 0* 0-
#4481 0! 0" 0# 1$ 1*
#4482 1! 1" 1# 1% 1) 1-
#4483 0% 0) 0* 0-
#4484 0! 0" 0# 0$ 1% 1*
#4485 1! 1" 1# 1$ 1) 1-
#4486 0$ 0) 0* 0- 00
#4487 0! 0" 0# 1$ 1* 10
#4488 1! 1" 1# 1) 1-
#4489 0) 0* 0-
#4490 0! 0" 0# 0$ 0% 0& 0' 0( 1-
#4491 1! 1$ 1% 1&
#4492 0% 0& 1*
#4493 0! 0$ 0*
#4494 1! 1$
#4495 1%
#4496 0! 1" 1# 0$ 1' 1( 1) 1*
#4497 1! 0" 0# 1$ 0% 0' 0( 0) 0*
#4498 1%
#4499 0! 1" 1# 0$ 1' 1( 1) 1*
#4500 1! 0" 0# 1$ 0% 0' 0( 0) 0*
#4501 1%
#4502 0% 1) 1*
#4503 1" 1# 1% 1& 1' 1( 0) 00
#4504 0! 0" 0# 0$ 0% 0& 0' 0( 0* 10
#4505 1! 1" 1# 1$ 1% 1& 1' 1( 1*
#4506 0! 0" 0# 0$ 0% 0& 0' 0( 0* 0-
#4507 1$ 1-
#4508 1" 1# 0$ 1* 0-
#4509 0" 0# 1$ 0*
#4510 0$ 1% 1-
#4511 1" 1# 1$ 0% 1* 0- 00
#4512 0" 0# 0$ 1% 10
#4513 1$ 0* 1-
#4514 1" 1# 0$ 1* 0-
#4515 0" 0# 1$
#4516 0$ 0% 1& 0* 1-
#4517 1" 1# 1$ 1% 0& 1* 0-
#4518 0" 0# 0$ 0% 1&
#4519 1$ 0* 1-
#4520 1" 1# 0$ 1* 0-
#4521 0" 0# 1$
#4522 0$ 1% 0* 1-
#4523 1" 1# 1$ 0% 1* 0-
#4524 0" 0# 0$ 1%
#4525 1$ 0* 1-
#4526 1" 1# 0$ 1* 0-
#4527 0" 0# 1$
#4528 0$ 0% 0& 1' 0* 1- 00
#4529 1" 1# 1$ 1% 1& 0' 1* 0- 10
#4530 0" 0# 0$ 0% 0& 1'
#4531 1$ 0* 1-
#4532 1" 1# 0$ 1* 0-
#4533 0" 0# 1$ 0*
#4534 0$ 1% 1-
#4535 1" 1# 1$ 0% 1* 0-
#4536 0" 0# 0$ 1% 0*
#4537 1$ 1-
#4538 1" 1# 0$ 1* 0-
#4539 0" 0# 1$ 0*
#4540 0$ 0% 1& 1-
#4541 1" 1# 1$ 1% 0& 1* 0-
#4542 0" 0# 0$ 0% 1& 0*
#4543 1$ 1-
#4544 1" 1# 0$ 1* 0-
#4545 0" 0# 1$ 0* 00
#4546 0$ 1% 1- 10
#4547 1" 1# 1$ 0% 1* 0-
#4548 0" 0# 0$ 1%
#4549 1$ 0* 1-
#4550 1" 1# 0$ 1* 0-
#4551 0" 0# 1$
#4552 1! 1" 1# 1( 0+ 1-
#4553 0! 0( 1+ 0- 00
#4554 0$ 0& 1( 1) 1- 10
#4555 0# 1$ 0% 1& 0' 0( 0) 0*
#4556 1% 0& 1*
#4557 1# 0$ 1' 1( 1)
#4558 0" 0# 1$
#4559 1" 0% 0' 0( 0)
#4560 0$
#4561 1! 1# 1$ 1% 1& 1' 1( 1)
#4562 0! 0# 0% 0& 0' 0( 0)
#4563 0$
#4564 1! 1# 1$ 1% 1& 1' 1( 1)
#4565 0! 0# 0% 0& 0' 0( 0)
#4566 1)
#4568 1# 0$ 1% 1' 1(
#4569 1! 1$ 1& 0)
#4570 1) 00
#4571 0! 0$ 0& 10
#4572 0% 0' 0) 0-
#4573 1! 1$ 1% 1& 1' 0( 1) 1-
#4574 0! 0$ 0& 1(
#4575 1$ 0% 0' 0) 0-
#4576 1! 1% 1& 1' 1) 1-
#4577 0! 0$ 0&
#4578 0' 0) 0- 00
#4579 1! 0" 1$ 0% 0( 1) 1- 10
#4580 0! 1" 0$ 1% 1' 1(
#4581 1$ 0' 0) 0-
#4582 1! 0" 0% 0( 1) 1-
#4583 0! 1" 0$ 1% 1' 1(
#4584 0% 1& 0' 0) 0-
#4585 1! 0" 1$ 0& 0( 1) 1-
#4586 0! 1" 0$ 1% 1' 1(
#4587 1$ 0% 1& 0' 0) 0- 00
#4588 1! 1% 1) 1- 10
#4589 0! 0$ 0& 1'
#4590 1& 0' 0) 0-
#4591 1! 1$ 1' 0( 1) 1-
#4592 0! 0$ 0& 1(
#4593 1$ 1& 0' 0) 0-
#4594 1! 1' 1) 1-
#4595 0! 0$ 0& 00
#4596 0% 0) 0- 10
#4597 1! 1$ 1% 1& 0( 1) 1-
#4598 0! 0$ 0& 1(
#4599 0" 1$ 0% 0) 0-
#4600 1! 1" 1% 1& 1) 1-
#4601 0! 0$ 0&
#4602 0" 0) 0-
#4603 1! 1" 1$ 1& 0( 1) 1-
#4604 0! 0$ 0& 1(
#4605 0" 1$ 0) 0-
#4606 1! 1" 1& 1) 1-
#4607 0! 0$ 0&
#4608 0" 0% 1& 0) 0-
#4609 1! 1" 1$ 1% 0( 1) 1-
#4610 0! 0$ 0& 1(
#4611 0" 1$ 0% 1& 0) 0-
#4612 1! 1" 1% 1) 1- 00
#4613 0! 0$ 0& 10
#4614 0" 1& 0) 0-
#4615 1! 1" 1$ 0( 1) 1-
#4616 1(
#4617 0! 0) 0-
#4618 0$ 0% 0& 0( 0* 1-
#4619 0# 1$ 1% 1( 1) 1*
#4620 1! 0' 0( 0) 00
#4621 0! 0$ 0% 0* 10
#4622 1! 1# 1$ 1% 1& 1' 1( 1*
#4623 0# 0% 0& 0' 0(
#4624 0" 0$ 0*
#4625 1" 1# 1$ 1% 1& 1' 1( 1*
#4626 0# 0% 0& 0' 0(
#4627 0" 0$ 0*
#4628 1" 1# 1$ 1% 1& 1' 1( 1*
#4629 0# 0% 0& 0' 0(
#4630 1)
#4632 1# 1% 1& 1' 1(
#4633 0) 0+
#4634 1+
#4635 0# 0$ 0% 0& 0' 0( 0-
#4636 0" 1# 0*
#4637 1" 1$ 1% 1& 1' 1- 00
#4638 0# 0% 0& 0' 1* 0- 10
#4639 0" 1# 0*
#4640 1" 1% 1& 1' 1( 1* 1-
#4641 0# 0$ 0& 0' 0( 0-
#4642 0" 1# 0*
#4643 1" 1$ 1& 1' 1* 1-
#4644 0# 0& 0' 0-
#4645 0" 1# 0*
#4646 1" 1& 1' 1( 1* 1-
#4647 0# 0$ 0% 0' 0( 0-
#4648 0" 1# 0*
#4649 1" 1$ 1% 1' 1* 1-
#4650 0# 0% 0' 0-
#4651 0" 1# 0*
#4652 1" 1% 1' 1( 1* 1-
#4653 0# 0$ 0' 0( 0-
#4654 0" 1# 0* 00
#4655 1" 1$ 1' 1* 1- 10
#4656 0# 0' 0-
#4657 0" 1# 0*
#4658 1" 1' 1( 1* 1-
#4659 0# 0$ 0% 0& 0( 0-
#4660 0" 1# 0*
#4661 1" 1$ 1% 1& 1-
#4662 0# 0% 0& 1* 0- 00
#4663 0" 1# 0* 10
#4664 1" 1% 1& 1( 1* 1-
#4665 0# 0$ 0& 0( 0-
#4666 0" 1# 0*
#4667 1" 1$ 1& 1* 0+ 1-
#4668 0# 0& 1+ 0-
#4669 0" 1# 0*
#4670 1" 1& 1( 1* 1-
#4671 0# 0$ 0% 0( 0-
#4672 0" 1# 0*
#4673 1" 1$ 1% 1-
#4674 0# 0% 1* 0-
#4675 0" 1# 0*
#4676 1" 1% 1( 1* 1-
#4677 0# 0$ 0( 0-
#4678 0" 1# 0*
#4679 1" 1$ 1* 1- 00
#4680 0# 0- 10
#4681 0" 1# 0*
#4682 0$ 0% 0& 1-
#4683 1" 1$ 1% 1& 1( 1*
#4684 0! 0" 0% 0& 0' 0( 0*
#4685 1! 0# 0$
#4686 1" 1# 1$ 1% 1& 1' 1( 1*
#4687 0! 0" 0% 0& 0' 0( 00
#4688 0# 0$ 0* 10
#4689 1" 1)
#4690 0" 1# 1$ 0) 1*
#4691 0# 0$ 0*
#4692 1" 1)
#4693 0" 1# 1$ 0) 1*
#4694 1)
#4696 1! 1" 1% 1& 1' 1( 00
#4697 0) 0+ 10
#4698 0! 0" 0$ 0% 0& 0' 0( 1) 1+
#4699 1! 1" 0# 1( 0) 0* 0-
#4700 0! 0" 1#
#4701 1$ 0( 1) 1* 1-
#4702 1! 1" 0# 1( 0) 0* 0-
#4703 0! 0" 1#
#4704 0$ 1% 0( 1) 1* 1- 00
#4705 1! 1" 0# 1( 0) 0* 0- 10
#4706 0! 0" 1#
#4707 1$ 0( 1) 1* 1-
#4708 1! 1" 0# 1( 0) 0* 0-
#4709 0! 0" 1#
#4710 0$ 0% 1& 0( 1) 1* 1-
#4711 1! 1" 0# 1( 0) 0* 0-
#4712 0! 0" 1#
#4713 0# 0( 1) 1* 1-
#4714 1! 1" 1$ 1( 0) 0* 0-
#4715 0! 0" 1#
#4716 0$ 1% 0( 1) 1* 1-
#4717 1! 1" 0# 1( 0) 0* 0-
#4718 0! 0" 1#
#4719 0# 0% 0( 1) 1* 1-
#4720 1! 1" 1$ 1% 1( 0) 0* 0-
#4721 0! 0" 1# 00
#4722 0$ 0% 0& 1' 0( 1) 1* 1- 10
#4723 1! 1" 0# 1( 0) 0* 0-
#4724 0! 0" 1#
#4725 1$ 0( 1) 1* 1-
#4726 1! 1" 0# 1( 0) 0* 0-
#4727 0! 0" 1#
#4728 0$ 1% 0( 1) 1* 1-
#4729 1! 1" 0# 1( 0) 0* 0- 00
#4730 0! 0" 1# 10
#4731 1$ 0( 1) 1* 1-
#4732 1! 1" 0# 1( 0) 0* 0-
#4733 0! 0" 1#
#4734 0$ 0% 1& 0( 1) 1* 1-
#4735 1! 1" 0# 1( 0) 0* 0-
#4736 0! 0" 1#
#4737 1$ 0( 1) 1* 1-
#4738 1! 1" 0# 1( 0) 0* 0-
#4739 0! 0" 1#
#4740 0$ 1% 0( 1) 1* 1-
#4741 1! 1" 0# 1( 0) 0* 0-
#4742 0! 0" 1#
#4743 1$ 0( 1) 1* 1-
#4744 1! 1" 0# 1( 0) 0* 0-
#4745 0! 0" 1#
#4746 0$ 0% 0& 0( 1* 1- 00
#4747 1! 1" 1$ 1% 1& 1( 1) 10
#4748 0! 0" 0# 0&
#4749 0$ 0% 0' 0( 0)
#4750 1" 1)
#4751 1! 0" 1# 1$ 0)
#4752 0! 1" 0$ 1% 1' 1(
#4753 0" 0# 0% 0' 0(
#4754 1! 1# 1$
#4755 0! 1" 0$ 1% 1' 1(
#4756 0" 0# 0% 0' 0(
#4757 1! 1# 1$
#4758 1)
#4760 1" 1% 1& 1' 1( 0)
#4762 0! 0" 0$ 0% 0& 0' 0( 0*
#4763 1" 0# 0- 00
#4764 1! 1# 1$ 1) 1* 10
#4765 0! 0" 0) 0* 1-
#4766 1" 0# 0-
#4767 1! 1# 1) 1* 1-
#4768 0! 0" 0$ 1% 0) 0*
#4769 1" 0# 0-
#4770 1! 1# 1$ 0% 1) 1* 1-
#4771 0! 0" 1% 0) 0* 00
#4772 1" 0# 0- 10
#4773 1! 1# 0% 1) 1* 1-
#4774 0! 0" 0$ 1& 0)
#4775 1" 0# 0* 0-
#4776 1! 1# 1$ 0& 1) 1* 1-
#4777 0! 0" 1& 0)
#4778 1" 0# 0* 0-
#4779 1! 1# 0& 1) 1* 1-
#4780 0! 0" 0$ 1% 1& 0)
#4781 1" 0# 0* 0-
#4782 1! 1# 1$ 0% 0& 1) 1* 1-
#4783 0! 0" 1% 1& 0)
#4784 1" 0# 0* 0-
#4785 1! 1# 0% 0& 1) 1* 1-
#4786 0! 0" 0$ 1' 0)
#4787 1" 0# 0* 0-
#4788 1! 1# 1$ 0' 1) 1* 1- 00
#4789 0! 0" 1' 0) 0* 10
#4790 1" 0# 0-
#4791 1! 1# 0' 1) 1* 1-
#4792 0! 0" 0$ 1% 1' 0) 0*
#4793 1" 0# 0-
#4794 1! 1# 1$ 0% 0' 1) 1* 1-
#4795 0! 0" 1% 1' 0) 0*
#4796 1" 0# 0- 00
#4797 1! 1# 0% 0' 1) 1* 1- 10
#4798 0! 0" 0$ 1& 1' 0) 0*
#4799 1" 0# 0-
#4800 1! 1# 1$ 0& 0' 1) 1* 1-
#4801 0! 0" 1& 1' 0) 0*
#4802 1" 0# 0-
#4803 1! 1# 0& 0' 1) 1* 1-
#4804 0! 0" 0$ 1% 1& 1' 0) 0*
#4805 1" 0# 0- 00
#4806 1! 1# 1$ 0% 0& 0' 1) 1* 1- 10
#4807 0! 0" 1% 1& 1' 0) 0*
#4808 1" 0# 0-
#4809 1! 1# 0% 0& 0' 1) 1* 1-
#4810 0! 0" 0$ 1' 0)
#4811 1" 0# 0' 0*
#4812 1# 1$ 1%
#4813 0" 0# 0$ 0% 1* 00
#4814 1" 0* 10
#4815 1# 1$ 1% 1*
#4816 0% 0*
#4817 1! 0" 0# 0$
#4818 0! 1" 1# 1$ 1% 1*
#4819 0% 0*
#4820 1! 0" 0# 0$
#4821 0! 1" 1# 1$ 1% 1*
#4822 0% 0*
#4823 1) 1*
#4824 1! 1% 1& 1' 1(
#4825 0)
#4826 1)
#4827 0" 0# 0$ 0% 0& 0' 0) 0-
#4828 1" 1# 1$ 1% 1& 1' 1-
#4829 0$ 0% 0& 0' 1)
#4830 0" 0# 1$ 0) 0- 00
#4831 1" 1# 1% 1& 1' 1- 10
#4832 0! 0% 0& 0' 1)
#4833 1! 0" 0# 0$ 1% 0) 0-
#4834 1" 1# 1$ 1& 1' 1-
#4835 0! 0$ 0& 0' 1)
#4836 1! 0" 0# 1$ 0) 0-
#4837 1" 1# 1& 1' 1-
#4838 0! 0$ 0& 1) 00
#4839 1! 0" 0# 0% 1& 0' 0) 0- 10
#4840 1" 1# 1$ 1% 1' 1-
#4841 0! 0$ 0% 0& 1)
#4842 1! 0" 0# 1$ 1& 0' 0) 0-
#4843 1" 1# 1% 1' 1-
#4844 0! 0$ 0% 0& 1)
#4845 1! 0" 0# 1% 1& 0' 0) 0-
#4846 1" 1# 1$ 1' 1-
#4847 0! 0$ 0& 0' 1)
#4848 1! 0" 0# 1$ 1& 0) 0-
#4849 1" 1# 1' 1-
#4850 0! 0& 0' 1)
#4851 1! 0" 0# 0$ 0% 1' 0) 0-
#4852 1" 1# 1$ 1% 1& 1-
#4853 0$ 0% 0& 1)
#4854 0" 0# 1$ 0) 0-
#4855 1" 1# 1% 1& 1- 00
#4856 0% 0& 1) 10
#4857 0" 0# 0$ 1% 0) 0-
#4858 1" 1# 1$ 1& 1-
#4859 0$ 0& 1)
#4860 0" 0# 1$ 0) 0-
#4861 1" 1# 1& 1-
#4862 0& 1)
#4863 0" 0# 0$ 0% 1& 0) 0* 0-
#4864 1" 1# 1$ 1% 1* 1-
#4865 0$ 0% 1)
#4866 0" 0# 1$ 0) 0* 0-
#4867 1" 1# 1% 1* 1-
#4868 0% 1)
#4869 0" 0# 0$ 1% 0) 0* 0-
#4870 1" 1# 1$ 1* 1-
#4871 0$ 1)
#4872 0" 0# 1$ 0) 0- 00
#4873 1" 1# 1- 10
#4874 1)
#4875 0" 0# 0$ 0% 0& 0' 0( 0) 0*
#4876 1# 1% 1' 1( 1) 1*
#4877 1" 1$ 0% 0' 0(
#4878 0" 0# 0$ 0) 0*
#4879 1" 1# 1$ 1% 1*
#4880 0! 0" 0$ 1' 1( 00
#4881 0# 0% 0' 0( 0* 10
#4882 1! 1" 1# 1$ 1% 1*
#4883 0! 0" 0$ 1' 1(
#4884 0# 0% 0' 0( 0*
#4885 1! 1" 1# 1$ 1% 1*
#4886 0! 0" 0$ 1' 1(
#4887 1! 1" 1$ 0% 0' 0( 1)
#4888 1% 1& 1' 1(
#4889 0)
#4891 0" 0# 0$ 0% 0& 0' 0( 0-
#4892 1" 1# 1$ 1% 1& 1' 1( 1-
#4893 0$ 0% 0& 0' 0( 0-
#4894 0" 0# 1$
#4895 1" 1# 1% 1& 1' 1( 1) 1-
#4896 0% 0& 0' 0( 0) 0-
#4897 0" 0# 0$ 1% 00
#4898 1" 1# 1$ 1& 1' 1( 1) 1- 10
#4899 0$ 0& 0' 0( 0) 0* 0-
#4900 0! 0" 0# 1$ 1*
#4901 1! 1" 1# 1& 1' 1( 1) 1-
#4902 0& 0' 0( 0) 0* 0-
#4903 0! 0" 0# 0$ 0% 1& 1*
#4904 1! 1" 1# 1$ 1% 1' 1( 1) 1-
#4905 0$ 0% 0' 0( 0) 0* 0- 00
#4906 0! 0" 0# 1$ 1* 10
#4907 1! 1" 1# 1% 1' 1( 1) 1-
#4908 0% 0' 0( 0) 0* 0-
#4909 0! 0" 0# 0$ 1% 1*
#4910 1! 1" 1# 1$ 1' 1( 1) 1-
#4911 0$ 0' 0( 0) 0* 0-
#4912 0! 0" 0# 1$ 1*
#4913 1! 1" 1# 1' 1( 1) 1-
#4914 0' 0( 0) 0* 0- 00
#4915 0! 0" 0# 0$ 0% 0& 1' 1* 10
#4916 1! 1" 1# 1$ 1% 1& 1( 1) 1-
#4917 0$ 0% 0& 0( 0) 0* 0-
#4918 0! 0" 0# 1$ 1*
#4919 1! 1" 1# 1% 1& 1( 1) 1-
#4920 0% 0& 0( 0) 0* 0-
#4921 0! 0" 0# 0$ 1% 1*
#4922 1! 1" 1# 1$ 1& 1( 1) 1- 00
#4923 0$ 0& 0( 0) 0* 0- 10
#4924 0! 0" 0# 1$ 1*
#4925 1! 1" 1# 1& 1( 1) 1-
#4926 0& 0( 0) 0-
#4927 0" 0# 0$ 0% 1&
#4928 1" 1# 1$ 1% 1( 1) 1-
#4929 0$ 0% 0( 0) 0-
#4930 0" 0# 1$
#4931 1" 1# 1% 1( 1) 1-
#4932 0% 0( 0) 0-
#4933 0! 0" 0# 0$ 1%
#4934 1! 1" 1# 1$ 1( 1) 1-
#4935 0$ 0( 0) 0* 0-
#4936 0! 0" 0# 1$ 1*
#4937 1! 1" 1# 1( 1) 1-
#4938 0( 0) 0* 0-
#4939 0! 0" 0% 0& 1* 1- 00
#4940 0# 0$ 1% 0* 10
#4941 1& 0' 1*
#4942 0% 0&
#4943 0*
#4944 1%
#4945 1" 1# 1' 1( 1) 1*
#4946 0" 0# 0% 0' 0( 0) 0*
#4947 1% 00
#4948 1" 1# 1' 1( 1) 1* 10
#4949 0" 0# 0% 0' 0( 0) 0*
#4950 1%
#4951 0% 1) 1*
#4952 1! 1" 1# 1$ 1% 1& 1' 1( 0)
#4953 0! 0" 0# 0$ 0% 0& 0' 0( 0*
#4954 1! 1" 1# 1$ 1% 1& 1' 1( 1*
#4955 0! 0" 0# 0$ 0% 0& 0' 0* 0-
#4956 1$ 0( 1-
#4957 1" 1# 0$ 1( 1* 0-
#4958 0" 0# 1$ 0*
#4959 0$ 1% 0( 1-
#4960 1" 1# 1$ 0% 1( 1* 0-
#4961 0" 0# 0$ 1% 0*
#4962 1$ 0( 1-
#4963 1" 1# 0$ 1( 1* 0-
#4964 0" 0# 1$ 0* 00
#4965 0$ 0% 1& 0( 1- 10
#4966 1" 1# 1$ 1% 0& 1( 1* 0-
#4967 0" 0# 0$ 0% 1& 0*
#4968 1$ 0( 1-
#4969 1" 1# 0$ 1( 1* 0-
#4970 0" 0# 1$ 0*
#4971 0$ 1% 0( 1-
#4972 1" 1# 1$ 0% 1( 1* 0-
#4973 0" 0# 0$ 1% 0*
#4974 1$ 0( 1-
#4975 1" 1# 0$ 1( 1* 0-
#4976 0" 0# 1$ 0*
#4977 0$ 0% 0& 1' 0( 1-
#4978 1" 1# 1$ 1% 1& 0' 1( 1* 0-
#4979 0" 0# 0$ 0% 0& 1' 0*
#4980 1$ 0( 1-
#4981 1" 1# 0$ 1( 1* 0- 00
#4982 0" 0# 1$ 0* 10
#4983 0$ 1% 0( 1-
#4984 1" 1# 1$ 0% 1( 1* 0-
#4985 0" 0# 0$ 1% 0*
#4986 1$ 0( 1-
#4987 1" 1# 0$ 1( 1* 0-
#4988 0" 0# 1$ 0*
#4989 0$ 0% 1& 0( 1- 00
#4990 1" 1# 1$ 1% 0& 1( 1* 0- 10
#4991 0" 0# 0$ 0% 1& 0*
#4992 1$ 0( 1-
#4993 1" 1# 0$ 1( 1* 0-
#4994 0" 0# 1$ 0*
#4995 0$ 1% 0( 1-
#4996 1" 1# 1$ 0% 1( 1* 0-
#4997 0" 0# 0$ 1% 0*
#4998 1$ 0( 1-
#4999 1" 1# 0$ 1( 1* 0-
#5000 0" 0# 1$ 0*
#5001 1! 1" 1# 1* 0+ 1-
#5002 0! 1+ 0-
#5003 0$ 0& 1-
#5004 1! 0" 0# 0% 0( 0*
#5005 1% 1& 1) 1*
#5006 0! 1" 1# 0& 1( 0) 00
#5007 0" 0# 1$ 1) 10
#5008 1! 0$ 0% 0' 0( 0)
#5009 0! 1" 0*
#5010 0" 1$ 1% 1' 1( 1) 1*
#5011 1! 0$ 0% 0' 0( 0)
#5012 0! 1" 0*
#5013 0" 1$ 1% 1' 1( 1) 1*
#5014 1! 0$ 0% 0' 0( 0) 00
#5015 1) 10
#5016 1" 1# 1$ 1% 1& 1' 1(
#5017 0! 0$ 0& 0)
#5018 1! 1$ 1& 0+
#5019 0" 0# 0$ 0& 0' 0( 1) 1+
#5020 0! 1" 1# 1' 1( 0)
#5021 0% 0' 0( 0* 0-
#5022 1! 0" 0# 1% 1) 1* 1-
#5023 0! 1" 1# 1' 1( 0) 00
#5024 1$ 0% 0' 0( 0* 0- 10
#5025 1! 0" 0# 0$ 1% 1) 1* 1-
#5026 0! 1" 1# 1' 1(
#5027 0' 0( 0) 0* 0-
#5028 1! 0" 0# 1) 1* 1-
#5029 0! 1" 1# 1' 1(
#5030 1$ 0' 0( 0) 0* 0-
#5031 1! 0" 0# 0$ 1) 1* 1- 00
#5032 0! 1" 1# 1' 1( 10
#5033 0% 1& 0' 0( 0) 0* 0-
#5034 1! 0" 0# 1% 0& 1) 1* 1-
#5035 0! 1" 1# 1' 1(
#5036 1$ 0% 1& 0' 0( 0) 0-
#5037 1! 0" 0# 0$ 1% 0& 1) 1-
#5038 0! 1" 1# 1' 1(
#5039 1& 0' 0( 0) 0-
#5040 1! 0" 0# 0& 1) 1-
#5041 0! 1" 1# 1' 1(
#5042 1$ 1& 0' 0( 0) 0-
#5043 1! 0" 0# 0$ 0& 1) 1-
#5044 0! 1" 1# 1' 1(
#5045 0% 0( 0) 0* 0-
#5046 1! 0" 0# 1% 0' 1) 1* 1-
#5047 0! 1" 1# 1' 1(
#5048 1$ 0% 0( 0) 0* 0- 00
#5049 1! 0" 0# 0$ 1% 0' 1) 1* 1- 10
#5050 0! 1" 1# 1' 1(
#5051 0( 0) 0* 0-
#5052 1! 0" 0# 0' 1) 1* 1-
#5053 0! 1" 1# 1' 1(
#5054 1$ 0( 0) 0* 0-
#5055 1! 0" 0# 0$ 0' 1) 1* 1-
#5056 0! 1" 1# 1' 1( 00
#5057 0% 1& 0( 0) 0* 0- 10
#5058 1! 0" 0# 1% 0& 0' 1) 1* 1-
#5059 0! 1" 1# 1' 1(
#5060 1$ 0% 1& 0( 0) 0* 0-
#5061 1! 0" 0# 0$ 1% 0& 0' 1) 1* 1-
#5062 0! 1" 1# 1' 1(
#5063 1& 0( 0) 0* 0-
#5064 1! 0" 0# 0& 0' 1) 1* 1-
#5065 1" 1# 1$ 1& 1' 1(
#5066 0! 0( 0) 0* 0-
#5067 0# 0% 0& 1-
#5068 1% 1( 1) 1*
#5069 0$ 1& 0( 0) 0*
#5070 0% 0& 0'
#5071 1! 1# 1$ 1% 1& 1' 1( 1*
#5072 0! 0# 0$ 0% 0& 0' 0(
#5073 1! 0" 0* 00
#5074 1" 1# 1$ 1% 1& 1' 1( 1* 10
#5075 0! 0# 0$ 0% 0& 0' 0(
#5076 1! 0" 0*
#5077 1" 1# 1$ 1% 1& 1' 1( 1*
#5078 0! 0# 0$ 0% 0& 0' 0(
#5079 1)
#5081 1! 1# 1$ 1% 1& 1' 1(
#5082 0) 0+
#5083 1+
#5084 0# 0$ 0% 0& 0' 0-
#5085 0" 1# 0*
#5086 1" 1$ 1% 1& 1-
#5087 0# 0% 0& 1* 0-
#5088 0" 1# 0*
#5089 1" 1% 1& 1' 1* 1-
#5090 0# 0$ 0& 0' 0- 00
#5091 0" 1# 0* 10
#5092 1" 1$ 1& 1* 0+ 1-
#5093 0# 0& 1+ 0-
#5094 0" 1# 0*
#5095 1" 1& 1' 1* 1-
#5096 0# 0$ 0% 0' 0-
#5097 0" 1# 0*
#5098 1" 1$ 1% 1- 00
#5099 0# 0% 1* 0- 10
#5100 0" 1# 0*
#5101 1" 1% 1' 1* 1-
#5102 0# 0$ 0' 0-
#5103 0" 1# 0*
#5104 1" 1$ 1* 0+ 1-
#5105 0# 1+ 0-
#5106 0" 1# 0*
#5107 1" 1' 1* 1-
#5108 0# 0$ 0% 0& 0-
#5109 0" 1# 0*
#5110 1" 1$ 1% 1& 0' 1-
#5111 0# 0% 0& 1' 1* 0-
#5112 0" 1# 0*
#5113 1" 1% 1& 1* 1-
#5114 0# 0$ 0& 0-
#5115 0" 1# 0* 00
#5116 1" 1$ 1& 0' 1* 0+ 1- 10
#5117 0# 0& 1' 1+ 0-
#5118 0" 1# 0*
#5119 1" 1& 1* 1-
#5120 0# 0$ 0% 0-
#5121 0" 1# 0*
#5122 1" 1$ 1% 0' 1-
#5123 0# 0% 1' 1* 0- 00
#5124 0" 1# 0* 10
#5125 1" 1% 1* 1-
#5126 0# 0$ 0-
#5127 0" 1# 0*
#5128 1" 1$ 0' 1* 0+ 1-
#5129 0# 1' 1+ 0-
#5130 0" 1# 0*
#5131 0# 0% 0& 0( 1* 1-
#5132 1" 1# 1% 1& 1( 00
#5133 0# 0$ 0% 0( 0* 10
#5134 0" 0& 0' 1*
#5135 1" 1# 1$ 1% 1& 1' 1(
#5136 0# 0$ 0% 0& 0' 0( 1)
#5137 0! 0" 0)
#5138 1! 1" 1# 1$ 1% 1& 1' 1( 1)
#5139 0! 0" 0# 0$ 0% 0& 0' 0(
#5140 0) 00
#5141 1! 1" 1# 1$ 1% 1& 1' 1( 1) 10
#5142 0! 0" 0# 0$ 0% 0& 0' 0(
#5143 1! 1"
#5145 1# 1$ 1% 1& 1' 1(
#5146 0)
#5147 1)
#5148 0# 0$ 0% 0& 0' 0( 0) 0* 0-
#5149 0! 0" 1# 1*
#5150 1" 1% 1( 1) 1-
#5151 1! 0# 1$ 0% 0( 0) 0* 0-
#5152 0! 0" 1# 1*
#5153 1! 1" 1% 1& 1' 1( 1) 1-
#5154 0# 0$ 0& 0' 0( 0) 0* 0-
#5155 0! 0" 1# 1*
#5156 1! 1" 1( 1) 1-
#5157 0# 1$ 0( 0) 0* 0- 00
#5158 0! 0" 1# 1* 10
#5159 1! 1" 1& 1' 1( 1) 1-
#5160 0# 0$ 0% 0' 0( 0) 0* 0-
#5161 0! 0" 1#
#5162 0# 1$ 1% 0& 1( 1) 1* 1-
#5163 1! 1" 0% 1& 0( 0) 0* 0-
#5164 0! 0" 1#
#5165 1! 1" 1% 1' 1( 1) 1* 1- 00
#5166 0# 0$ 0' 0( 0) 0* 0- 10
#5167 0! 0" 1#
#5168 1! 0# 1$ 0& 1( 1) 1* 1-
#5169 1" 1& 0( 0) 0* 0-
#5170 0! 0" 1#
#5171 1! 1" 0$ 1' 1( 1) 1* 1-
#5172 0# 0% 0& 0( 0) 0* 0-
#5173 0! 0" 1#
#5174 1" 0# 1$ 1% 0' 1( 1) 1* 1-
#5175 1! 0% 1' 0( 0) 0* 0-
#5176 0! 0" 1#
#5177 1! 1" 1% 1& 1( 1) 1* 1-
#5178 0# 0$ 0& 0( 0) 0* 0-
#5179 0! 0" 1# 1*
#5180 1! 1" 0# 1$ 0' 1( 1) 1-
#5181 1' 0( 0) 0* 0-
#5182 0! 0" 1# 1* 00
#5183 1! 1" 1& 1( 1) 1- 10
#5184 0# 0$ 0% 0( 0) 0* 0-
#5185 0! 0" 1# 1*
#5186 1$ 1% 0& 0' 1( 1) 1-
#5187 1! 1" 0# 0% 1& 1' 0( 0) 0* 0-
#5188 0! 0" 1# 1*
#5189 1! 1" 1% 1( 1) 1-
#5190 0# 0$ 0( 0) 0* 0-
#5191 0! 0" 1# 1*
#5192 1! 1$ 0& 0' 1( 1) 1-
#5193 1" 0# 1& 1' 0( 0) 0* 0-
#5194 0! 0" 1# 1*
#5195 0# 0% 0& 1-
#5196 1! 1" 1# 1% 1& 1( 1)
#5197 0! 0# 0&
#5198 0" 0$ 0% 0' 0( 0)
#5199 1" 1) 00
#5200 0" 1# 0) 0* 10
#5201 1" 1% 1' 1( 1*
#5202 0# 0% 0' 0(
#5203 0" 1#
#5204 1" 1% 1' 1(
#5205 0" 0# 0% 0' 0(
#5206 1#
#5207 1) 00
#5208 10
#5209 1! 1" 1$ 1% 1& 1' 1( 0)
#5211 0! 0" 0$ 0% 0& 0' 0( 0*
#5212 1" 0# 1( 0-
#5213 1% 0( 1*
#5214 0" 1# 1$ 0% 0* 1-
#5215 1" 0# 1( 0-
#5216 0$ 1% 0( 1*
#5217 0" 1# 0* 1-
#5218 1" 0# 1( 0-
#5219 0( 1*
#5220 0" 1# 1$ 0* 1-
#5221 1" 0# 1( 0-
#5222 0$ 0( 1*
#5223 0" 1# 0% 1& 0* 1-
#5224 1" 0# 1( 0- 00
#5225 1% 0& 0( 1* 10
#5226 0" 1# 1$ 0% 1& 0* 1-
#5227 1" 0# 1( 0-
#5228 0" 0$ 1% 0& 0( 1*
#5229 1# 1& 0* 1-
#5230 1" 0# 1( 0-
#5231 0" 0& 0( 1*
#5232 1# 1$ 1& 0* 1- 00
#5233 1" 0# 1( 0- 10
#5234 0$ 0& 0( 1*
#5235 0" 1# 0% 1' 0* 1-
#5236 1" 0# 1( 0-
#5237 1% 0' 0( 1*
#5238 0" 1# 1$ 0% 1' 0* 1-
#5239 1" 0# 1( 0-
#5240 0$ 1% 0' 0( 1*
#5241 0" 1# 1' 0* 1- 00
#5242 1" 0# 1( 0- 10
#5243 0' 0( 1*
#5244 0" 1# 1$ 1' 0* 1-
#5245 1" 0# 1( 0-
#5246 0$ 0' 0( 1*
#5247 0" 1# 0% 1& 1' 0* 1-
#5248 1" 0# 1( 0-
#5249 1% 0& 0' 0( 1* 00
#5250 0" 1# 1$ 0% 1& 1' 0* 1- 10
#5251 1" 0# 1( 0-
#5252 0$ 1% 0& 0' 0( 1) 1*
#5253 0" 1# 1& 1' 0) 0* 1-
#5254 1" 0# 1( 0-
#5255 0& 0' 0( 1) 1*
#5256 0" 1# 1$ 1& 1' 0) 0* 1-
#5257 1" 0# 1( 0-
#5258 0$ 0& 0' 0( 1*
#5259 0" 1$ 0% 1' 0* 1-
#5260 1" 1#
#5261 1! 0" 0$ 1& 0'
#5262 0! 0# 0&
#5263 1"
#5264 1! 0" 1# 1% 1) 1*
#5265 0% 0)
#5266 0# 0* 00
#5267 0! 1# 1% 1) 1* 10
#5268 1! 0% 0)
#5269 0# 0*
#5270 0! 1# 1% 1) 1*
#5271 1! 0% 0)
#5272 1)
#5273 1" 1$ 1% 1& 1' 1( 0)
#5274 00
#5275 0! 0$ 0& 1) 10
#5276 1! 0" 0# 0% 0' 0( 0) 0-
#5277 1" 1# 1$ 1% 1& 1' 1( 1-
#5278 0! 0$ 0& 1)
#5279 1! 0" 0# 1$ 0% 0' 0( 0) 0-
#5280 1" 1# 1% 1& 1' 1( 1-
#5281 0! 0$ 0& 1)
#5282 1! 0" 0# 0' 0( 0) 0-
#5283 1" 1# 1$ 1& 1' 1( 1-
#5284 0! 0$ 0& 1)
#5285 1! 0" 0# 1$ 0' 0( 0) 0-
#5286 1" 1# 1& 1' 1( 1-
#5287 0! 0$ 0& 1)
#5288 1! 0" 0# 0% 1& 0' 0( 0) 0-
#5289 1" 1# 1$ 1% 1' 1( 1-
#5290 0! 0$ 0& 1)
#5291 1! 0" 0# 1$ 0% 1& 0' 0( 0) 0- 00
#5292 1" 1# 1% 1' 1( 1- 10
#5293 0! 0$ 0& 1)
#5294 1! 0" 0# 1& 0' 0( 0) 0-
#5295 1" 1# 1$ 1' 1( 1-
#5296 0! 0$ 0& 1)
#5297 1! 0" 0# 1$ 1& 0' 0( 0) 0-
#5298 1" 1# 1' 1( 1-
#5299 0! 0$ 0& 1)
#5300 1! 0" 0# 0% 0( 0) 0-
#5301 1" 1# 1$ 1% 1& 1( 1-
#5302 0! 0$ 0& 1)
#5303 1! 0" 0# 1$ 0% 0( 0) 0-
#5304 1" 1# 1% 1& 1( 1-
#5305 0! 0$ 0& 1)
#5306 1! 0" 0# 0( 0) 0-
#5307 1" 1# 1$ 1& 1( 1-
#5308 0! 0$ 0& 1) 00
#5309 1! 0" 0# 1$ 0( 0) 0- 10
#5310 1" 1# 1& 1( 1-
#5311 0! 0$ 0& 1)
#5312 1! 0" 0# 0% 1& 0( 0) 0-
#5313 1" 1# 1$ 1% 1( 1-
#5314 0! 0$ 0& 1)
#5315 1! 0" 0# 1$ 0% 1& 0( 0) 0-
#5316 1" 1# 1% 1( 1- 00
#5317 0! 0$ 0& 1) 10
#5318 1! 0" 0# 1& 0( 0) 0-
#5319 1" 1# 1$ 1( 1-
#5320 0! 0$ 0& 1)
#5321 1! 0" 0# 1$ 1& 0( 0) 0-
#5322 1" 1# 1( 1-
#5323 0! 0$ 0& 1)
#5324 1! 0" 1$ 0% 0( 0) 0*
#5325 0$ 1% 1( 1) 1*
#5326 0! 1"
#5327 1! 0" 0# 0% 0' 0( 0) 0*
#5328 0! 1" 1# 1%
#5329 0" 0% 1*
#5330 0# 0*
#5331 1" 1# 1%
#5332 0" 1' 1( 1*
#5333 0# 0% 0' 0( 0* 00
#5334 1" 1# 1% 1* 10
#5335 0" 1' 1(
#5336 1" 0% 0' 0( 1)
#5337 1! 1$ 1% 1& 1' 1(
#5338 0)
#5340 0" 0# 0$ 0% 0& 0' 0-
#5341 1" 1# 1$ 1% 1& 1' 1- 00
#5342 0$ 0% 0& 0' 0- 10
#5343 0" 0# 1$
#5344 1" 1# 1% 1& 1' 1-
#5345 0% 0& 0' 0-
#5346 0" 0# 0$ 1%
#5347 1" 1# 1$ 1& 1' 1-
#5348 0$ 0& 0' 0-
#5349 0" 0# 1$
#5350 1" 1# 1& 1' 1- 00
#5351 0& 0' 0- 10
#5352 0" 0# 0$ 0% 1&
#5353 1" 1# 1$ 1% 1' 1-
#5354 0$ 0% 0' 0-
#5355 0" 0# 1$ 0*
#5356 1" 1# 1% 1' 1* 1-
#5357 0% 0' 0-
#5358 0" 0# 0$ 1% 0* 00
#5359 1" 1# 1$ 1' 1* 1- 10
#5360 0$ 0' 0-
#5361 0" 0# 1$ 0*
#5362 1" 1# 1' 1* 1-
#5363 0' 0-
#5364 0" 0# 0$ 0% 0& 1' 0*
#5365 1" 1# 1$ 1% 1& 1* 1-
#5366 0$ 0% 0& 0-
#5367 0" 0# 1$ 0*
#5368 1" 1# 1% 1& 1* 1-
#5369 0% 0& 0-
#5370 0" 0# 0$ 1%
#5371 1" 1# 1$ 1& 1-
#5372 0$ 0& 0-
#5373 0" 0# 1$
#5374 1" 1# 1& 1-
#5375 0& 0- 00
#5376 0" 0# 0$ 0% 1& 10
#5377 1" 1# 1$ 1% 1-
#5378 0$ 0% 0-
#5379 0" 0# 1$
#5380 1" 1# 1% 1-
#5381 0% 0-
#5382 0" 0# 0$ 1%
#5383 1" 1# 1$ 1) 1- 00
#5384 0$ 0) 0- 10
#5385 0" 0# 1$
#5386 1" 1# 1) 1-
#5387 0) 0-
#5388 0! 0" 0% 0& 0( 1-
#5389 1! 1" 0$ 1% 0*
#5390 1& 0'
#5391 0! 0" 0# 0% 0& 1*
#5392 1! 1" 1# 0*
#5393 1% 1*
#5394 0! 1' 1( 1)
#5395 1! 0% 0' 0( 0) 0*
#5396 1% 1*
#5397 0! 1' 1( 1)
#5398 1! 0% 0' 0( 0) 0*
#5399 1% 1*
#5400 0% 1) 00
#5401 1$ 1% 1& 1' 1( 0) 10
#5402 0! 0" 0# 0$ 0% 0& 0' 0(
#5403 1! 1" 1# 1$ 1% 1& 1' 1(
#5404 0! 0" 0# 0$ 0% 0& 0' 0( 0* 0-
#5405 1$ 1* 1-
#5406 1! 1" 1# 0$ 0-
#5407 0! 0" 0# 1$ 0*
#5408 0$ 1% 1* 1-
#5409 1! 1" 1# 1$ 0% 0-
#5410 0! 0" 0# 0$ 1% 0*
#5411 1$ 1* 1-
#5412 1! 1" 1# 0$ 0-
#5413 0! 0" 0# 1$ 0*
#5414 0$ 0% 1& 1* 1-
#5415 1! 1" 1# 1$ 1% 0& 0-
#5416 0! 0" 0# 0$ 0% 1& 0*
#5417 1$ 1* 1- 00
#5418 1! 1" 1# 0$ 0- 10
#5419 0! 0" 0# 1$ 0*
#5420 0$ 1% 1* 1-
#5421 1" 1# 1$ 0% 0-
#5422 0" 0# 0$ 1% 0*
#5423 1$ 1-
#5424 1" 1# 0$ 1* 0-
#5425 0" 0# 1$ 0* 00
#5426 0$ 0% 0& 1' 1- 10
#5427 1" 1# 1$ 1% 1& 0' 1* 0-
#5428 0" 0# 0$ 0% 0& 1' 0*
#5429 1$ 1-
#5430 1" 1# 0$ 1* 0-
#5431 0" 0# 1$ 0*
#5432 0$ 1% 1-
#5433 1" 1# 1$ 0% 1* 0-
#5434 0" 0# 0$ 1% 0*
#5435 1$ 1* 1-
#5436 1! 1" 1# 0$ 0-
#5437 0! 0" 0# 1$ 0*
#5438 0$ 0% 1& 1* 1-
#5439 1! 1" 1# 1$ 1% 0& 0-
#5440 0! 0" 0# 0$ 0% 1& 0*
#5441 1$ 1* 1-
#5442 1! 1" 1# 0$ 0- 00
#5443 0! 0" 0# 1$ 0* 10
#5444 0$ 1% 1* 1-
#5445 1! 1" 1# 1$ 0% 0-
#5446 0! 0" 0# 0$ 1% 0*
#5447 1$ 1* 1-
#5448 1! 1" 1# 0$ 0-
#5449 0! 0" 0# 1$ 0*
#5450 1! 1" 1# 1( 1* 1- 00
#5451 0( 0- 10
#5452 0! 0" 0% 0& 1-
#5453 0#
#5454 1! 1# 0$ 1% 1( 1)
#5455 0! 0# 0% 0' 0( 0)
#5456 1$ 1% 1' 1(
#5457 0% 0' 0(
#5458 1" 0$ 0*
#5459 0" 1$ 1% 1' 1( 1) 1* 00
#5460 0% 0' 0( 0) 10
#5461 1" 0$ 0*
#5462 0" 1$ 1% 1' 1( 1) 1*
#5463 0% 0' 0( 0)
#5464 1)
#5465 1! 1" 1# 1% 1& 1' 1(
#5466 0! 0$ 0& 0)
#5467 1! 1$ 1& 0+ 00
#5468 0! 0" 0$ 0& 0' 0( 1) 1+ 10
#5469 1" 1' 1( 0)
#5470 0% 0' 0* 0-
#5471 0" 1% 0( 1) 1* 1-
#5472 1" 1' 1( 0)
#5473 1$ 0% 0' 0* 0-
#5474 0" 0$ 1% 0( 1) 1* 1-
#5475 1" 1' 1( 0)
#5476 0' 0* 0-
#5477 0" 0( 1) 1* 1-
#5478 1" 1' 1( 0)
#5479 1$ 0' 0* 0-
#5480 0" 0$ 0( 1) 1* 1-
#5481 1" 0# 1( 0)
#5482 1# 0% 1& 0* 0-
#5483 0" 1% 0& 0( 1) 1* 1-
#5484 0# 0) 00
#5485 1" 1# 1$ 0% 1& 1( 0* 0- 10
#5486 0" 0$ 1% 0& 0( 1) 1* 1-
#5487 0# 0)
#5488 1" 1# 1& 1( 0* 0-
#5489 0" 0& 0( 1) 1* 1-
#5490 0# 0% 1' 0)
#5491 1" 1# 1$ 1% 1& 0' 1( 0* 0-
#5492 0" 0$ 0& 0( 1) 1* 1- 00
#5493 0# 0% 1' 0) 10
#5494 1" 1# 1( 0* 0-
#5495 0" 1% 0' 0( 1) 1* 1-
#5496 1" 0# 1' 1( 0)
#5497 1# 1$ 0% 0* 0-
#5498 0" 0$ 1% 0' 0( 1) 1* 1-
#5499 1" 1' 1( 0)
#5500 0* 0-
#5501 0" 0' 0( 1) 1* 1-
#5502 1" 1' 1( 0)
#5503 1$ 0* 0-
#5504 0" 0$ 0' 0( 1) 1* 1-
#5505 1" 1' 1( 0)
#5506 0% 1& 0* 0-
#5507 0" 1% 0& 0' 0( 1) 1* 1-
#5508 1" 1' 1( 0)
#5509 1$ 0% 1& 0* 0- 00
#5510 0" 0$ 1% 0& 0' 0( 1) 1* 1- 10
#5511 1" 1' 1( 0)
#5512 1& 0* 0-
#5513 0" 0& 0' 0( 1) 1* 1-
#5514 1! 1" 1$ 1& 1' 1( 0)
#5515 0! 0* 0-
#5516 0# 0% 0& 0( 1) 1-
#5517 1% 1( 0) 1*
#5518 1! 0" 1& 0( 0*
#5519 0! 1" 0$ 0% 0& 0' 1)
#5520 1! 1# 1$ 1% 1& 1' 1( 0) 1*
#5521 0" 0# 0% 0& 0' 0( 0*
#5522 0$
#5523 1" 1# 1$ 1% 1& 1' 1( 1*
#5524 0" 0# 0% 0& 0' 0( 0*
#5525 0$
#5526 1" 1# 1$ 1% 1& 1' 1( 1* 00
#5527 0" 0# 0% 0& 0' 0( 0* 10
#5528 1) 1*
#5530 1" 1# 1% 1& 1' 1(
#5531 0) 0+
#5532 1+
#5533 0# 0$ 0% 0& 0' 0( 0-
#5534 0" 1# 0* 00
#5535 1" 1$ 1% 1& 1' 1( 1- 10
#5536 0# 0% 0& 0' 0( 1* 0-
#5537 0" 1# 0*
#5538 1" 1% 1& 1' 1( 1* 1-
#5539 0# 0$ 0& 0' 0( 0-
#5540 0" 1# 0*
#5541 1" 1$ 1& 1' 1( 1* 0+ 1-
#5542 0# 0& 0' 0( 1+ 0-
#5543 0" 1# 0*
#5544 1" 1& 1' 1( 1* 1-
#5545 0# 0$ 0% 0' 0( 0-
#5546 0" 1# 0*
#5547 1" 1$ 1% 1' 1( 1-
#5548 0# 0% 0' 0( 1* 0-
#5549 0" 1# 0*
#5550 1" 1% 1' 1( 1* 1-
#5551 0# 0$ 0' 0( 0- 00
#5552 0" 1# 0* 10
#5553 1" 1$ 1' 1( 1* 0+ 1-
#5554 0# 0' 0( 1+ 0-
#5555 0" 1# 0*
#5556 1" 1' 1( 1* 1-
#5557 0# 0$ 0% 0& 0( 0-
#5558 0" 1# 0*
#5559 1" 1$ 1% 1& 1( 1- 00
#5560 0# 0% 0& 0( 1* 0- 10
#5561 0" 1# 0*
#5562 1" 1% 1& 1( 1* 1-
#5563 0# 0$ 0& 0( 0-
#5564 0" 1# 0*
#5565 1" 1$ 1& 1( 1* 0+ 1-
#5566 0# 0& 0( 1+ 0-
#5567 0" 1# 0*
#5568 1" 1& 1( 1* 1- 00
#5569 0# 0$ 0% 0( 0- 10
#5570 0" 1# 0*
#5571 1" 1$ 1% 1( 1-
#5572 0# 0% 0( 1* 0-
#5573 0" 1# 0*
#5574 1" 1% 1( 1* 1-
#5575 0# 0$ 0( 0-
#5576 0" 1# 0* 00
#5577 1" 1$ 1( 1* 0+ 1- 10
#5578 0# 0( 1+ 0-
#5579 0" 1# 0*
#5580 0# 0% 0& 1* 1-
#5581 1" 1# 1% 1& 1(
#5582 0! 0# 0% 0( 0*
#5583 1! 0" 0$ 0& 0' 1*
#5584 1" 1# 1$ 1% 1& 1' 1(
#5585 0! 0" 0# 0& 1)
#5586 0$ 0% 0' 0( 0)
#5587 1! 1" 1# 1$ 1% 1& 1' 1( 1)
#5588 0! 0" 0# 0&
#5589 0$ 0% 0' 0( 0)
#5590 1! 1" 1# 1$ 1% 1& 1' 1( 1)
#5591 0! 0" 0# 0&
#5592 1" 0% 0' 0(
#5593 00
#5594 1! 1# 1% 1& 1' 1( 10
#5595 0)
#5596 1)
#5597 0# 0$ 0% 0& 0' 0) 0* 0-
#5598 0! 0" 1# 1*
#5599 1" 1$ 1' 1) 1-
#5600 1! 0# 0' 0) 0* 0-
#5601 0! 0" 1# 1* 00
#5602 1! 1" 1% 1& 1' 1) 1- 10
#5603 0# 0$ 0& 0' 0) 0* 0-
#5604 0! 0" 1# 1*
#5605 1! 1" 1$ 0% 1' 1) 1-
#5606 0# 1% 0' 0) 0* 0-
#5607 0! 0" 1# 1*
#5608 1! 1" 1& 1' 1) 1-
#5609 0# 0$ 0% 0' 0) 0* 0-
#5610 0! 0" 1# 1*
#5611 0# 1% 0& 1' 1) 1-
#5612 1! 1" 1$ 0% 1& 0' 0) 0* 0-
#5613 0! 0" 1# 1*
#5614 1! 1" 1% 1' 1) 1-
#5615 0# 0$ 0' 0) 0* 0-
#5616 0! 0" 1# 1*
#5617 1! 0# 0& 1' 1) 1-
#5618 1" 1$ 1& 0' 0) 0* 0- 00
#5619 0! 0" 1# 1* 10
#5620 1! 1" 1' 1) 1-
#5621 0# 0$ 0% 0& 0) 0* 0-
#5622 0! 0" 1# 1*
#5623 1" 0# 1% 1) 1-
#5624 1! 1$ 0% 0) 0* 0-
#5625 0! 0" 1# 1*
#5626 1! 1" 1% 1& 1) 1-
#5627 0# 0$ 0& 0) 0* 0-
#5628 0! 0" 1# 1*
#5629 1! 1" 0# 1) 1-
#5630 1$ 0) 0* 0-
#5631 0! 0" 1# 1*
#5632 1! 1" 1& 1) 1-
#5633 0# 0$ 0% 0) 0* 0-
#5634 0! 0" 1# 1*
#5635 1% 0& 1) 1- 00
#5636 1! 1" 0# 1$ 0% 1& 0) 0* 0- 10
#5637 0! 0" 1# 1*
#5638 1! 1" 1% 1) 1-
#5639 0# 0$ 0) 0* 0-
#5640 0! 0" 1# 1*
#5641 1! 0& 1) 1-
#5642 1" 0# 1$ 1& 0) 0* 0-
#5643 0! 0" 1# 1* 00
#5644 1! 0# 0% 0& 0( 1- 10
#5645 1" 1# 1% 1& 1(
#5646 0! 0# 0& 1)
#5647 1! 0" 0$ 0% 0' 0( 0)
#5648 0! 1" 1)
#5649 1! 1$ 0) 0*
#5650 0! 0" 0$ 1*
#5651 1" 0*
#5652 1! 1$
#5653 0! 0" 0$ 1*
#5654 1" 0*
#5655 1! 1$
#5656 1) 1*
#5658 1# 1% 1& 1' 1( 0)
#5660 0! 0" 0$ 0% 0& 0' 0( 0* 00
#5661 1" 0# 1* 0- 10
#5662 0" 1#
#5663 1$ 0* 1-
#5664 1" 0# 1* 0-
#5665 0" 1#
#5666 0$ 1% 0* 1-
#5667 1" 0# 1* 0-
#5668 0" 1# 00
#5669 1$ 0* 1- 10
#5670 1" 0# 1* 0-
#5671 0" 1#
#5672 0$ 0% 1& 0* 1-
#5673 1" 0# 1* 0-
#5674 0" 1#
#5675 1$ 0* 1-
#5676 1" 0# 1* 0-
#5677 0" 1# 00
#5678 0$ 1% 0* 1- 10
#5679 1" 0# 1* 0-
#5680 0" 1#
#5681 1$ 0* 1-
#5682 1" 0# 1* 0-
#5683 0" 1# 0$ 0&
#5684 0% 1' 0* 1-
#5685 1" 0# 0- 00
#5686 0" 1# 0' 1* 10
#5687 1$ 1' 0* 1-
#5688 1" 0# 0-
#5689 0" 1# 0$ 0' 1*
#5690 1% 1' 0* 1-
#5691 1" 0# 1* 0-
#5692 0" 1#
#5693 1$ 0* 1-
#5694 1" 0# 1* 0-
#5695 0" 1#
#5696 0$ 0% 1& 0* 1-
#5697 1" 0# 1* 0-
#5698 0" 1#
#5699 1$ 0* 1-
#5700 1" 0# 1* 0-
#5701 0" 1#
#5702 0$ 1% 0* 1- 00
#5703 1" 0# 1* 0- 10
#5704 0" 1#
#5705 1$ 0* 1-
#5706 1" 0# 1* 0-
#5707 0" 1#
#5708 0# 0% 0& 0* 1-
#5709 1" 1#
#5710 0" 1& 0' 00
#5711 0# 0$ 0& 10
#5712 1"
#5713 0" 1# 1% 1' 1( 1) 1*
#5714 1$ 0% 0' 0(
#5715 1! 0# 0$ 0) 0*
#5716 0! 1# 1% 1' 1( 1) 1*
#5717 1$ 0% 0' 0(
#5718 1! 0# 0$ 0) 0*
#5719 0! 1# 1% 1' 1( 1) 1*
#5720 1$ 0% 0' 0(
#5722 1! 1" 1% 1& 1' 1( 0)
#5723 1)
#5724 0! 0$ 0&
#5725 1! 0" 0# 0% 0' 0) 0-
#5726 1" 1# 1$ 1% 1& 1' 1) 1-
#5727 0! 0$ 0& 00
#5728 1! 0" 0# 1$ 0% 0' 0) 0- 10
#5729 1" 1# 1% 1& 1' 1-
#5730 0! 0$ 0& 1)
#5731 1! 0" 0# 0' 0) 0-
#5732 1" 1# 1$ 1& 1' 1) 1-
#5733 0! 0$ 0&
#5734 1! 0" 0# 1$ 0' 0) 0-
#5735 1" 1# 1& 1' 1) 1-
#5736 0! 0$ 0&
#5737 0" 0# 0% 1& 0' 0) 0-
#5738 1! 1" 1# 1$ 1% 1' 1) 1-
#5739 0! 0$ 0&
#5740 0" 0# 1$ 0% 1& 0' 0) 0-
#5741 1! 1" 1# 1% 1' 1) 1-
#5742 0! 0$ 0&
#5743 0" 0# 1& 0' 0) 0-
#5744 1! 1" 1# 1$ 1' 1) 1- 00
#5745 0! 0$ 0& 10
#5746 0# 1$ 1& 0' 0) 0-
#5747 1! 1# 1' 1) 1-
#5748 0! 0$ 0&
#5749 0# 0% 0) 0-
#5750 1! 1# 1$ 1% 1& 1) 1-
#5751 0! 0$ 0&
#5752 0" 0# 1$ 0% 0) 0- 00
#5753 1! 1" 1# 1% 1& 1) 1- 10
#5754 0! 0$ 0&
#5755 0" 0# 0) 0-
#5756 1! 1" 1# 1$ 1& 1) 1-
#5757 0! 0$ 0&
#5758 0" 0# 1$ 0) 0-
#5759 1! 1" 1# 1& 1) 1-
#5760 0! 0$ 0&
#5761 1! 0" 0# 0% 1& 0) 0-
#5762 1" 1# 1$ 1% 1-
#5763 0! 0$ 0& 1)
#5764 1! 0" 0# 1$ 0% 1& 0) 0-
#5765 1" 1# 1% 1-
#5766 0! 0$ 0& 1)
#5767 1! 0" 0# 1& 0) 0-
#5768 1" 1# 1$ 1-
#5769 0! 0$ 0& 1) 00
#5770 1! 0" 0# 1$ 1& 0) 0- 10
#5771 1" 1# 1-
#5772 0! 0$ 0& 1)
#5773 1! 0" 1$ 0% 0( 0) 0*
#5774 0$ 1% 1( 1) 1*
#5775 0! 1"
#5776 1! 0" 0# 0% 0' 0( 0) 0*
#5777 1# 1$ 1% 00
#5778 0% 1* 10
#5779 0! 0# 0$ 0*
#5780 1! 1# 1$ 1%
#5781 0% 1*
#5782 0! 0# 0$
#5783 1! 1# 1$ 1% 0*
#5784 0% 1*
#5785 1)
#5786 1" 1% 1& 1' 1( 00
#5787 0) 10
#5789 0" 0# 0$ 0% 0& 0' 0( 0* 0-
#5790 1" 1# 1$ 1% 1& 1' 1( 1* 1-
#5791 0$ 0% 0& 0' 0( 0-
#5792 0" 0# 1$ 0*
#5793 1" 1# 1% 1& 1' 1( 1* 1-
#5794 0% 0& 0' 0( 0- 00
#5795 0" 0# 0$ 1% 0* 10
#5796 1" 1# 1$ 1& 1' 1( 1* 1-
#5797 0$ 0& 0' 0( 0-
#5798 0" 0# 1$ 0*
#5799 1" 1# 1& 1' 1( 1* 1-
#5800 0& 0' 0( 0-
#5801 0" 0# 0$ 0% 1& 0*
#5802 1" 1# 1$ 1% 1' 1( 1* 1-
#5803 0$ 0% 0' 0( 0-
#5804 0" 0# 1$ 0*
#5805 1" 1# 1% 1' 1( 1* 1-
#5806 0% 0' 0( 0-
#5807 0" 0# 0$ 1% 0*
#5808 1" 1# 1$ 1' 1( 1* 1-
#5809 0$ 0' 0( 0-
#5810 0" 0# 1$ 0*
#5811 1" 1# 1' 1( 1* 1- 00
#5812 0' 0( 0- 10
#5813 0" 0# 0$ 0% 0& 1' 0*
#5814 1" 1# 1$ 1% 1& 1( 1* 1-
#5815 0$ 0% 0& 0( 0-
#5816 0" 0# 1$ 0*
#5817 1" 1# 1% 1& 1( 1* 1-
#5818 0% 0& 0( 0-
#5819 0" 0# 0$ 1% 0* 00
#5820 1" 1# 1$ 1& 1( 1* 1- 10
#5821 0$ 0& 0( 0-
#5822 0" 0# 1$ 0*
#5823 1" 1# 1& 1( 1* 1-
#5824 0& 0( 0-
#5825 0" 0# 0$ 0% 1& 0*
#5826 1" 1# 1$ 1% 1( 1* 1-
#5827 0$ 0% 0( 0-
#5828 0" 0# 1$ 0*
#5829 1" 1# 1% 1( 1* 1-
#5830 0% 0( 0-
#5831 0" 0# 0$ 1% 0*
#5832 1" 1# 1$ 1( 1* 1-
#5833 0$ 0( 0-
#5834 0" 0# 1$ 0*
#5835 1" 1# 1( 1* 1-
#5836 0( 0- 00
#5837 0! 0" 0% 0& 1- 10
#5838 1" 1% 0*
#5839 1& 0'
#5840 0" 0# 0$ 0% 0& 1*
#5841 1" 1# 1$ 0*
#5842 1% 1) 1*
#5843 0$ 1' 1( 0)
#5844 1$ 0% 0' 0( 0*
#5845 1% 1) 1*
#5846 0$ 1' 1( 0)
#5847 1$ 0% 0' 0( 0*
#5848 1% 1) 1*
#5849 0%
#5850 1! 1% 1& 1' 1( 0)
#5851 0! 0" 0# 0$ 0% 0& 0' 0( 1)
#5852 1! 1" 1# 1$ 1% 1& 1' 1( 0)
#5853 0! 0" 0# 0$ 0% 0& 0' 0* 0- 00
#5854 1$ 0( 1) 1* 1- 10
#5855 1! 1" 1# 0$ 1( 0) 0-
#5856 0! 0" 0# 1$ 0*
#5857 0$ 1% 0( 1) 1* 1-
#5858 1! 1" 1# 1$ 0% 1( 0) 0-
#5859 0! 0" 0# 0$ 1% 0*
#5860 1$ 0( 1) 1* 1-
#5861 1! 1" 1# 0$ 1( 0) 0- 00
#5862 0! 0" 0# 1$ 0* 10
#5863 0$ 0% 1& 0( 1) 1* 1-
#5864 1! 1" 1# 1$ 1% 0& 1( 0) 0* 0-
#5865 0! 0" 0# 0$ 0% 1&
#5866 1$ 0( 1) 1* 1-
#5867 1! 1" 1# 0$ 1( 0) 0* 0-
#5868 0! 0" 0# 1$
#5869 0$ 1% 0( 1) 1* 1-
#5870 1! 1" 1# 1$ 0% 1( 0) 0* 0-
#5871 0! 0" 0# 0$ 1%
#5872 1$ 0( 1) 1* 1-
#5873 1! 1" 1# 0$ 1( 0) 0* 0-
#5874 0! 0" 0# 1$
#5875 0$ 0% 0& 1' 0( 1) 1* 1-
#5876 1! 1" 1# 1$ 1% 1& 0' 1( 0) 0* 0-
#5877 0! 0" 0# 0$ 0% 0& 1'
#5878 1$ 0( 1) 1* 1- 00
#5879 1! 1" 1# 0$ 1( 0) 0* 0- 10
#5880 0! 0" 0# 1$
#5881 0$ 1% 0( 1) 1* 1-
#5882 1! 1" 1# 1$ 0% 1( 0) 0* 0-
#5883 0! 0" 0# 0$ 1%
#5884 1$ 0( 1) 1* 1-
#5885 1! 1" 1# 0$ 1( 0) 0* 0-
#5886 0! 0" 0# 1$ 00
#5887 0$ 0% 1& 0( 1) 1* 1- 10
#5888 1! 1" 1# 1$ 1% 0& 1( 0) 0* 0-
#5889 0! 0" 0# 0$ 0% 1&
#5890 1$ 0( 1) 1* 1-
#5891 1! 1" 1# 0$ 1( 0) 0-
#5892 0! 0" 0# 1$ 0*
#5893 0$ 1% 0( 1* 1-
#5894 1! 1" 1# 1$ 0% 1( 0-
#5895 0! 0" 0# 0$ 1% 0* 00
#5896 1$ 0( 1* 1- 10
#5897 1! 1" 1# 0$ 1( 0-
#5898 0! 0" 0# 1$ 0*
#5899 1! 1" 1# 1* 1-
#5900 0-
#5901 0! 0" 0% 0& 0( 0* 1-
#5902 1! 1" 1*
#5903 0" 0$ 1% 1( 1) 00
#5904 0! 0# 0% 0' 0( 0) 0* 10
#5905 1$ 1% 1' 1( 1*
#5906 1! 1" 1# 0' 0(
#5907 0! 0# 0$ 0% 0*
#5908 0" 1$ 1% 1' 1( 1) 1*
#5909 1! 1" 1# 0' 0( 0)
#5910 0! 0# 0$ 0% 0*
#5911 0" 1$ 1% 1' 1( 1) 1*
#5912 1! 1" 1# 0' 0( 0)
#5913 0% 1)
#5914 1% 1& 1' 1(
#5915 0! 0" 0# 0$ 0% 0& 0' 0( 0)
#5916 1! 1" 1# 1$ 1% 1& 1' 1( 0+
#5917 0! 0" 0# 0& 0' 0( 1) 1+
#5918 0% 0) 0*
#5919 1" 1# 0$ 0-
#5920 0" 0# 1$ 1% 1) 1* 1- 00
#5921 0$ 0) 0* 10
#5922 1" 1# 1$ 0% 0-
#5923 0" 0# 1% 1) 1* 1-
#5924 0) 0*
#5925 1" 1# 0$ 0-
#5926 0" 0# 1$ 1) 1* 1-
#5927 0$ 0% 1& 0)
#5928 1" 1# 1$ 1% 0& 0* 0- 00
#5929 0" 0# 1) 1* 1- 10
#5930 0% 1& 0)
#5931 1" 1# 0$ 0* 0-
#5932 0" 0# 1$ 1% 0& 1) 1* 1-
#5933 0$ 1& 0)
#5934 1" 1# 1$ 0% 0* 0-
#5935 0" 0# 1% 0& 1) 1* 1-
#5936 1& 0)
#5937 1" 1# 0$ 0* 0-
#5938 0" 0# 1$ 0& 1) 1* 1-
#5939 0$ 0% 1' 0)
#5940 1" 1# 1$ 1% 1& 0' 0* 0-
#5941 0" 0# 0& 1) 1* 1-
#5942 0% 1' 0)
#5943 1" 1# 0$ 0* 0-
#5944 0" 0# 1$ 1% 0' 1) 1* 1-
#5945 0$ 1' 0) 00
#5946 1" 1# 1$ 0% 0* 0- 10
#5947 0" 0# 1% 0' 1) 1* 1-
#5948 1' 0)
#5949 1" 1# 0$ 0* 0-
#5950 0" 0# 1$ 0' 1) 1* 1-
#5951 0$ 0% 1& 1' 0)
#5952 1" 1# 1$ 1% 0& 0* 0-
#5953 0" 0# 0' 1) 1* 1-
#5954 0% 1& 1' 0)
#5955 1" 1# 0$ 0* 0-
#5956 0" 0# 1$ 1% 0& 0' 1) 1* 1-
#5957 0$ 1& 1' 0)
#5958 1" 1# 1$ 0% 0* 0-
#5959 0" 0# 1% 0& 0' 1) 1* 1-
#5960 1& 1' 0)
#5961 1" 1# 0$ 0* 0-
#5962 0" 0# 1$ 0& 0' 1) 1* 1- 00
#5963 1! 1" 1# 1& 1' 1( 0) 10
#5964 0! 0( 0* 0-
#5965 0$ 0& 1( 1) 1* 1-
#5966 0" 0# 0% 0' 0)
#5967 1% 1& 0*
#5968 1" 1# 0& 1' 1) 1*
#5969 1! 1$ 1&
#5970 0! 0" 0# 0$ 0% 0) 0* 00
#5971 1! 0& 0' 0( 1* 10
#5972 1" 1# 1$ 1% 1& 1' 1(
#5973 0! 0" 0# 0$ 0% 0& 0' 0( 0*
#5974 1! 1*
#5975 1" 1# 1$ 1% 1& 1' 1(
#5976 0! 0" 0# 0$ 0% 0& 0' 0( 0*
#5977 1) 1*
#5979 1! 1" 1# 1$ 1% 1& 1' 1(
#5980 0) 0+
#5981 1+
#5982 0# 0$ 0% 0& 0' 1)
#5983 0" 1# 0) 0* 0-
#5984 1" 1$ 1% 1& 1' 1-
#5985 0# 0% 0& 0' 1) 1* 0-
#5986 0" 1# 0) 0*
#5987 1" 1% 1& 1' 1* 1- 00
#5988 0# 0$ 0& 0' 1) 0- 10
#5989 0" 1# 0) 0*
#5990 1" 1$ 1& 1' 1* 0+ 1-
#5991 0# 0& 0' 1) 1+ 0-
#5992 0" 1# 0) 0*
#5993 1" 1& 1' 1* 1-
#5994 0# 0$ 0% 0' 1)
#5995 0" 1# 0) 0* 0- 00
#5996 1" 1$ 1% 0( 1- 10
#5997 0# 0% 1( 1) 1*
#5998 0" 1# 0) 0* 0-
#5999 1" 1% 1' 1* 1-
#6000 0# 0$ 0' 1)
#6001 0" 1# 0) 0-
#6002 1" 1$ 0( 0+ 1-
#6003 0# 1( 1) 1+
#6004 0" 1# 0) 0- 00
#6005 1" 1' 1- 10
#6006 0# 0$ 0% 0& 1)
#6007 0" 1# 0) 0-
#6008 1" 1$ 1% 1& 0' 0( 0* 1-
#6009 0# 0% 0& 1' 1( 1) 1*
#6010 0" 1# 0) 0-
#6011 1" 1% 1& 1-
#6012 0# 0$ 0& 1) 00
#6013 0" 1# 0) 0- 10
#6014 1" 1$ 1& 0' 0( 0+ 1-
#6015 0# 0& 1' 1( 1) 1+
#6016 0" 1# 0) 0* 0-
#6017 1" 1& 1* 1-
#6018 0# 0$ 0% 1)
#6019 0" 1# 0) 0* 0-
#6020 1" 1$ 1% 0' 0( 1-
#6021 0# 0% 1' 1( 1) 1* 0-
#6022 0" 1# 0) 0*
#6023 1" 1% 1* 1-
#6024 0# 0$ 0-
#6025 0" 1# 0*
#6026 1" 1$ 0' 0( 1* 0+ 1-
#6027 0# 1' 1( 1+ 0-
#6028 0" 1# 0*
#6029 0# 0$ 0& 0( 1* 1- 00
#6030 1" 1# 1$ 1& 1( 10
#6031 0" 0# 0$ 0% 0' 0*
#6032 1$ 1% 0& 1' 0( 1*
#6033 1" 1# 1& 1(
#6034 0! 0# 0& 1)
#6035 0" 0$ 0% 0' 0( 0)
#6036 1! 1" 1# 1$ 1% 1& 1' 1( 1)
#6037 0! 0" 0# 0& 00
#6038 0$ 0% 0' 0( 0) 10
#6039 1! 1" 1# 1$ 1% 1& 1' 1( 1)
#6040 0! 0" 0# 0&
#6041 1! 0$ 0% 0' 0(
#6043 1" 1# 1$ 1% 1& 1' 1(
#6044 0)
#6045 1)
#6046 0# 0$ 0% 0& 0' 0( 0) 0* 0-
#6047 0! 0" 1# 1*
#6048 1" 1) 1-
#6049 1! 0# 1$ 0) 0* 0-
#6050 0! 0" 1# 1*
#6051 1! 1" 1% 1& 1' 1( 1) 1-
#6052 0# 0$ 0& 0' 0( 0) 0* 0-
#6053 0! 0" 1# 1*
#6054 1! 1" 0% 1) 1- 00
#6055 0# 1$ 1% 0) 0* 0- 10
#6056 0! 0" 1# 1*
#6057 1! 1" 1& 1' 1( 1) 1-
#6058 0# 0$ 0% 0' 0( 0) 0* 0-
#6059 0! 0" 1# 1*
#6060 0# 1$ 0& 1) 1-
#6061 1! 1" 1& 0) 0* 0-
#6062 0! 0" 1# 1*
#6063 1! 1" 1% 1' 1( 1) 1-
#6064 0# 0$ 0' 0( 0) 0* 0-
#6065 0! 0" 1# 1*
#6066 1! 0# 1$ 0% 0& 1) 1-
#6067 1" 1% 1& 0) 0* 0-
#6068 0! 0" 1# 1*
#6069 1! 1" 1' 1( 1) 1-
#6070 0# 0$ 0% 0& 0( 0) 0* 0-
#6071 0! 0" 1# 1* 00
#6072 1" 0# 1$ 0' 1) 1- 10
#6073 1! 1' 0) 0* 0-
#6074 0! 0" 1# 1*
#6075 1! 1" 1% 1& 1( 1) 1-
#6076 0# 0$ 0& 0( 0) 0* 0-
#6077 0! 0" 1# 1*
#6078 1! 1" 0# 1$ 0% 0' 1) 1-
#6079 1% 1' 0) 0* 0- 00
#6080 0! 0" 1# 1* 10
#6081 1! 1" 1& 1( 1) 1-
#6082 0# 0$ 0% 0( 0) 0* 0-
#6083 0! 0" 1# 1*
#6084 1$ 0& 0' 1) 1-
#6085 1! 1" 0# 1& 1' 0) 0* 0-
#6086 0! 0" 1# 1*
#6087 1! 1" 1% 1( 1) 1-
#6088 0# 0$ 0( 0) 0* 0-
#6089 0! 0" 1# 1*
#6090 1! 1$ 0% 0& 0' 1) 1-
#6091 1" 0# 1% 1& 1' 0) 0* 0-
#6092 0! 0" 1# 1*
#6093 1! 0# 0$ 0& 0* 1-
#6094 1" 1# 1$ 1& 1( 1*
#6095 0! 0# 0&
#6096 1! 0" 0( 0* 00
#6097 1" 1# 1& 1( 1) 1* 10
#6098 0! 0# 0$ 0% 0( 0) 0*
#6099 0" 0& 0'
#6100 1"
#6102 0"
#6103 1"
#6104 00
#6105 1) 1* 10
#6107 1! 1# 1$ 1% 1& 1' 1(
#6108 0) 0+
#6109 0! 0" 0$ 0% 0& 0' 0( 0* 1+
#6110 1" 0# 1( 1* 0-
#6111 0" 1# 0*
#6112 1$ 0( 1-
#6113 1" 0# 1( 1* 0- 00
#6114 0" 1# 0* 10
#6115 0$ 1% 0( 1-
#6116 1" 0# 1( 1* 0-
#6117 0" 1# 0*
#6118 1$ 0( 1-
#6119 1" 0# 1( 1* 0-
#6120 0" 1# 0*
#6121 0$ 0% 1& 0( 1- 00
#6122 1" 0# 1( 1* 0- 10
#6123 0" 1# 0*
#6124 1$ 0( 1-
#6125 1" 0# 1( 1* 0-
#6126 0" 1# 0*
#6127 0$ 1% 0( 1-
#6128 1" 0# 1( 1* 0-
#6129 0" 1# 0*
#6130 1$ 0( 1-
#6131 1" 0# 1( 1* 0-
#6132 0" 1# 0*
#6133 0$ 0% 0& 1' 0( 1-
#6134 1" 0# 1( 1* 0-
#6135 0" 1# 0*
#6136 1$ 0( 1-
#6137 1" 0# 1( 1* 0-
#6138 0" 1# 0* 00
#6139 0$ 1% 0( 1- 10
#6140 1" 0# 1( 1* 0-
#6141 0" 1# 0*
#6142 1$ 0( 1-
#6143 1" 0# 1( 1* 0-
#6144 0" 1# 0*
#6145 0$ 0% 1& 0( 1-
#6146 1" 0# 1( 1* 0- 00
#6147 0" 1# 0* 10
#6148 1$ 0( 1-
#6149 1" 0# 1( 1* 0-
#6150 0" 1# 0*
#6151 0$ 1% 0( 1-
#6152 1" 0# 1( 1* 0-
#6153 0" 1#
#6154 1$ 0( 0* 1-
#6155 1" 0# 1( 1* 0-
#6156 0" 1#
#6157 0# 0$ 0& 0( 0* 1-
#6158 1" 1#
#6159 1! 0# 0%
#6160 0! 0" 1$ 1%
#6161 1" 1#
#6162 1! 0" 0$ 1( 1) 1*
#6163 0! 1" 0# 0( 00
#6164 1! 0" 0% 0' 0) 0* 10
#6165 0! 1# 1% 1' 1( 1) 1*
#6166 1" 0# 0% 0' 0(
#6167 1! 0" 0) 0*
#6168 0! 1# 1% 1' 1( 1) 1*
#6169 1! 1" 0# 0% 0' 0(
#6171 1# 1$ 1% 1& 1' 1( 0)
#6172 1)
#6173 0! 0$ 0&
#6174 0# 0% 0' 0( 0) 0* 0-
#6175 1$ 1% 1) 1* 1-
#6176 1# 0$ 1' 1(
#6177 0# 1$ 0% 0' 0( 0) 0* 0-
#6178 1% 1) 1* 1-
#6179 1# 0$ 1' 1(
#6180 0# 0' 0( 0) 0* 0- 00
#6181 1$ 1) 1* 1- 10
#6182 1# 0$ 1' 1(
#6183 0# 1$ 0' 0( 0) 0* 0-
#6184 1) 1* 1-
#6185 1# 0$ 1' 1(
#6186 0# 0% 1& 0' 0( 0) 0* 0-
#6187 1$ 1% 0& 1) 1* 1-
#6188 1# 0$ 1' 1( 00
#6189 0# 1$ 0% 1& 0' 0( 0) 0- 10
#6190 1% 0& 1) 1-
#6191 1# 0$ 1' 1(
#6192 0# 1& 0' 0( 0) 0-
#6193 1! 1# 1$ 1' 1( 1) 1-
#6194 0! 0$ 0&
#6195 0# 1$ 1& 0' 0( 0) 0-
#6196 1! 1# 1' 1( 1) 1-
#6197 0! 0$ 0&
#6198 0# 0% 0( 0) 0-
#6199 1! 1# 1$ 1% 1& 1( 1) 1-
#6200 0! 0$ 0&
#6201 0# 1$ 0% 0( 0) 0-
#6202 1! 1# 1% 1& 1( 1) 1-
#6203 0! 0$ 0&
#6204 0# 0( 0) 0-
#6205 1! 1# 1$ 1& 1( 1) 1- 00
#6206 0! 0$ 0& 10
#6207 0# 1$ 0( 0) 0-
#6208 1! 1# 1& 1( 1) 1-
#6209 0! 0$ 0&
#6210 0# 0% 1& 0( 0) 0-
#6211 1! 1# 1$ 1% 1( 1) 1-
#6212 0! 0$ 0&
#6213 0# 1$ 0% 1& 0( 0) 0- 00
#6214 1! 1# 1% 1( 1) 1- 10
#6215 0! 0$ 0&
#6216 0# 1& 0( 0) 0-
#6217 1! 1$ 1( 1) 1-
#6218 0! 1# 0$ 0&
#6219 0# 1$ 1& 0( 0) 0-
#6220 0& 0' 1) 1-
#6221 1# 0$ 1' 1(
#6222 1! 0" 0( 0) 00
#6223 1( 10
#6224 0! 1" 1)
#6225 1! 0" 1$ 0( 0)
#6226 0! 0$ 1( 0*
#6227 1& 0(
#6228 0# 0% 0& 0' 1*
#6229 1# 1% 0*
#6230 0% 00
#6231 0# 1* 10
#6232 1# 1% 0*
#6233 0%
#6234 1) 1*
#6235 1! 1" 1$ 1% 1& 1' 1(
#6236 0)
#6238 0" 0# 0$ 0% 0& 0' 0* 0-
#6239 1" 1# 1$ 1% 1& 1' 1* 1-
#6240 0$ 0% 0& 0' 0-
#6241 0" 0# 1$ 0*
#6242 1" 1# 1% 1& 1' 1* 1-
#6243 0% 0& 0' 0-
#6244 0" 0# 0$ 1% 0*
#6245 1" 1# 1$ 1& 1' 1* 1-
#6246 0$ 0& 0' 0-
#6247 0" 0# 1$ 0* 00
#6248 1" 1# 1& 1' 1* 1- 10
#6249 0& 0' 0-
#6250 0" 0# 0$ 0% 1& 0*
#6251 1" 1# 1$ 1% 1' 1* 1-
#6252 0$ 0% 0' 0-
#6253 0" 0# 1$ 0*
#6254 1" 1# 1% 1' 1* 1-
#6255 0% 0' 0- 00
#6256 0" 0# 0$ 1% 0* 10
#6257 1" 1# 1$ 1' 1* 1-
#6258 0$ 0' 0-
#6259 0" 0# 1$ 0*
#6260 1" 1# 1' 1* 1-
#6261 0' 0-
#6262 0" 0# 0$ 0% 0& 1' 0*
#6263 1" 1# 1$ 1% 1& 1* 1-
#6264 0$ 0% 0& 0-
#6265 0" 0# 1$ 0*
#6266 1" 1# 1% 1& 1* 1-
#6267 0% 0& 0-
#6268 0" 0# 0$ 1% 0*
#6269 1" 1# 1$ 1& 1* 1-
#6270 0$ 0& 0-
#6271 0" 0# 1$ 0*
#6272 1" 1# 1& 1* 1- 00
#6273 0& 0- 10
#6274 0" 0# 0$ 0% 1& 0*
#6275 1" 1# 1$ 1% 1* 1-
#6276 0$ 0% 0-
#6277 0" 0# 1$ 0*
#6278 1" 1# 1% 1* 1-
#6279 0% 0-
#6280 0" 0# 0$ 1% 0*
#6281 1" 1# 1$ 1* 1-
#6282 0$ 0-
#6283 0" 0# 1$ 0*
#6284 1" 1# 1* 1-
#6285 0-
#6286 0" 0$ 0& 0( 1-
#6287 0' 1( 0*
#6288 1' 0(
#6289 1$ 1* 00
#6290 0$ 0% 1( 0* 10
#6291 1% 1) 1*
#6292 0! 0# 0% 0' 0( 0)
#6293 1! 1# 0*
#6294 0! 1% 1) 1*
#6295 0# 0% 0)
#6296 1! 1# 0*
#6297 0! 1% 1' 1( 1) 1* 00
#6298 1! 0% 0' 0( 10
#6299 1" 1$ 1% 1& 1' 1( 0)
#6300 0$ 1)
#6301 1$ 0) 0+
#6302 0! 0" 0# 0$ 0% 0& 0' 0( 0* 1+ 0-
#6303 1! 1" 1# 1$ 1% 1& 1' 1( 1) 1* 1-
#6304 0$ 0% 0& 0' 0( 0) 0* 0-
#6305 0! 0" 0# 1$
#6306 1! 1" 1# 1% 1& 1' 1( 1) 1* 1-
#6307 0% 0& 0' 0( 0) 0* 0-
#6308 0! 0" 0# 0$ 1%
#6309 1! 1" 1# 1$ 1& 1' 1( 1) 1* 1-
#6310 0$ 0& 0' 0( 0) 0* 0-
#6311 0! 0" 0# 1$
#6312 1! 1" 1# 1& 1' 1( 1) 1* 1-
#6313 0& 0' 0( 0) 0* 0-
#6314 0! 0" 0# 0$ 0% 1& 00
#6315 1! 1" 1# 1$ 1% 1' 1( 1) 1* 1- 10
#6316 0$ 0% 0' 0( 0) 0* 0-
#6317 0! 0" 0# 1$
#6318 0$ 1% 1' 1( 1) 1* 1-
#6319 1! 1" 1# 1$ 0% 0' 0( 0) 0* 0-
#6320 0! 0" 0# 0$ 1%
#6321 1$ 1) 1* 1-
#6322 1! 1" 1# 0$ 0) 0* 0- 00
#6323 0! 0" 0# 1$ 10
#6324 0$ 0% 0& 1' 1) 1* 1-
#6325 1! 1" 1# 1$ 1% 1& 0' 0) 0* 0-
#6326 0! 0" 0# 0$ 0% 0& 1'
#6327 1$ 1) 1* 1-
#6328 1! 1" 1# 0$ 0) 0* 0-
#6329 0! 0" 0# 1$
#6330 0$ 1% 1) 1* 1-
#6331 1! 1" 1# 1$ 0% 0) 0* 0- 00
#6332 0! 0" 0# 0$ 1% 10
#6333 1$ 1) 1* 1-
#6334 1! 1" 1# 0$ 0) 0* 0-
#6335 0! 0" 0# 1$
#6336 0$ 0% 1& 1) 1* 1-
#6337 1! 1" 1# 1$ 1% 0& 0) 0* 0-
#6338 0! 0" 0# 0$ 0% 1&
#6339 1$ 1) 1* 1- 00
#6340 1! 1" 1# 0$ 0) 0* 0- 10
#6341 0! 0" 0# 1$
#6342 0$ 1% 1) 1* 1-
#6343 1! 1" 1# 1$ 0% 0) 0* 0-
#6344 0! 0" 0# 0$ 1%
#6345 1$ 1) 1* 1-
#6346 1! 1" 1# 0$ 0) 0* 0-
#6347 0! 0" 0# 1$
#6348 1! 1" 1# 1( 1) 1* 1-
#6349 0( 0) 0* 0-
#6350 0! 0" 0$ 0& 1-
#6351 1" 0% 0' 1( 1*
#6352 1! 0" 1% 1' 1)
#6353 0! 1$ 0( 0) 0*
#6354 1" 0# 1( 1*
#6355 1# 0$ 1& 0*
#6356 0# 0% 0& 0' 0( 1) 00
#6357 0" 1$ 1% 1' 1( 0) 1* 10
#6358 1" 1# 0$ 0' 0( 0*
#6359 0# 0% 1)
#6360 0" 1$ 1% 1' 1( 0) 1*
#6361 1" 1# 0$ 0' 0( 0*
#6362 0% 1) 1*
#6363 1! 1$ 1% 1& 1' 1( 0)
#6364 0! 0" 0# 0$ 0% 0& 0' 0( 0* 00
#6365 1! 1" 1# 1$ 1% 1& 1' 1( 1* 0+ 10
#6366 0# 0& 0' 0( 1+ 0-
#6367 0! 0" 0% 0* 1-
#6368 1" 1# 0$ 1( 0-
#6369 1! 0# 1$ 1% 0( 1) 1*
#6370 0! 0" 0$ 0) 0* 1-
#6371 1" 1# 1$ 0% 1( 0-
#6372 1! 0# 1% 0( 1) 1* 1-
#6373 0! 0" 0) 0*
#6374 1" 1# 0$ 1( 0-
#6375 1! 0# 1$ 0( 1) 1* 1-
#6376 0! 0" 0$ 0% 1& 0) 0*
#6377 1" 1# 1$ 1% 0& 1( 0-
#6378 1! 0# 0( 1) 1* 1-
#6379 0! 0" 0% 1& 0) 0*
#6380 1" 1# 0$ 1( 0-
#6381 1! 0# 1$ 1% 0& 0( 1) 1* 1- 00
#6382 0! 0" 0$ 1& 0) 0* 10
#6383 1" 1# 1$ 0% 1( 0-
#6384 1! 0# 1% 0& 0( 1) 1*
#6385 0! 0" 1& 0) 0* 1-
#6386 1" 1# 0$ 1( 0-
#6387 1! 0# 1$ 0& 0( 1) 1*
#6388 0! 0" 0$ 0% 1' 0) 0* 1-
#6389 1" 1# 1$ 1% 1& 0' 1( 0-
#6390 1! 0# 0& 0( 1*
#6391 0! 0" 0% 1' 0* 1-
#6392 1" 1# 0$ 1( 0-
#6393 1! 0# 1$ 1% 0' 0( 1*
#6394 0! 0" 0$ 1' 0* 1-
#6395 1" 1# 1$ 0% 1( 0-
#6396 1! 0# 1% 0' 0( 1*
#6397 0! 0" 1' 0* 1-
#6398 1" 1# 0$ 1( 0- 00
#6399 1! 0# 1$ 0' 0( 1* 10
#6400 0! 0" 0$ 0% 1& 1' 0* 1-
#6401 1" 1# 1$ 1% 0& 1( 0-
#6402 1! 0# 0' 0( 1*
#6403 0! 0" 0% 1& 1' 0* 1-
#6404 1" 1# 0$ 1( 0-
#6405 1! 0# 1$ 1% 0& 0' 0( 1) 1*
#6406 0! 0" 0$ 1& 1' 0) 0* 1- 00
#6407 1" 1# 1$ 0% 1( 0- 10
#6408 1! 0# 1% 0& 0' 0( 1) 1* 1-
#6409 0! 0" 1& 1' 0) 0*
#6410 1" 1# 0$ 1( 0-
#6411 1! 0# 1$ 0& 0' 0( 1) 1* 1-
#6412 1# 1& 1' 1( 0)
#6413 0! 0* 0-
#6414 0$ 0& 1) 1* 1-
#6415 1! 0% 0' 0)
#6416 1% 1& 0*
#6417 0! 0& 1' 1) 1*
#6418 1! 1$ 1&
#6419 0$ 0% 0) 0*
#6420 0" 0# 0& 0' 0( 1*
#6421 1" 1# 1$ 1% 1& 1' 1(
#6422 0$ 0% 0& 0' 0( 0*
#6423 0" 0# 1* 00
#6424 1" 1# 1$ 1% 1& 1' 1( 10
#6425 0$ 0% 0& 0' 0( 0*
#6426 1) 1*
#6428 0! 1% 1' 1(
#6429 1! 1$ 1& 0)
#6431 0! 0$ 0& 1) 00
#6432 1! 0" 0% 0' 0( 0) 0- 10
#6433 1" 1$ 1% 1& 0* 1-
#6434 0! 0$ 0& 1' 1( 1) 1*
#6435 1! 0" 1$ 0% 0' 0( 0) 0-
#6436 1" 1% 1& 1' 1( 1-
#6437 0! 0$ 0& 1)
#6438 1! 0" 0' 0( 0) 0-
#6439 1" 1$ 1& 0+ 1-
#6440 0! 0$ 0& 1' 1( 1) 1+ 00
#6441 1! 0" 1$ 0' 0( 0) 0- 10
#6442 1" 1& 1' 1( 1-
#6443 0! 0$ 0& 1)
#6444 1! 0" 0% 1& 0' 0( 0) 0-
#6445 1" 1$ 1% 0* 1-
#6446 0! 0$ 0& 1' 1( 1) 1*
#6447 1! 0" 1$ 0% 1& 0' 0( 0) 0-
#6448 1" 1% 1' 1( 1- 00
#6449 0! 0# 0$ 0& 1) 10
#6450 1! 0" 1# 1& 0' 0( 0) 0-
#6451 1" 1$ 0+ 1-
#6452 0! 0# 0$ 0& 1) 1+
#6453 1! 0" 1# 1$ 1& 0) 0-
#6454 1" 1' 1( 1-
#6455 0! 0# 0$ 0% 0& 0( 1)
#6456 1! 0" 1# 0) 0-
#6457 1" 1$ 1% 1& 0' 0* 1-
#6458 0# 0% 0& 1' 1) 1*
#6459 0" 1# 0) 0-
#6460 1" 1% 1& 1( 1-
#6461 0# 0$ 0& 0( 1)
#6462 0" 1# 0) 0-
#6463 1" 1$ 1& 0' 0+ 1-
#6464 0# 0& 1' 1) 1+
#6465 0" 1# 0) 0- 00
#6466 1" 1& 1( 1- 10
#6467 0# 0$ 0% 0( 1)
#6468 0" 1# 0) 0-
#6469 1" 1$ 1% 0' 0* 1-
#6470 0# 0% 1' 1) 1*
#6471 0" 1# 0) 0-
#6472 1" 1% 1( 1-
#6473 0! 0# 0$ 0& 0( 1) 00
#6474 1! 0" 1# 1& 0) 0- 10
#6475 1" 1$ 0' 0+ 1-
#6476 0# 1' 1) 1+
#6477 0" 1# 0) 0-
#6478 0! 1" 0# 0$ 0& 1-
#6479 1$ 1( 1)
#6480 0" 0% 1& 0' 0)
#6481 1" 1% 0& 1' 0(
#6482 1! 1# 1& 1(
#6483 0! 0# 0& 1)
#6484 1! 0" 0$ 0% 0' 0( 0)
#6485 1" 1# 1$ 1% 1& 1' 1(
#6486 0! 0" 0# 0& 1)
#6487 1! 0$ 0% 0' 0( 0)
#6488 1" 1# 1$ 1% 1& 1' 1(
#6489 0! 0" 0# 0& 1)
#6490 0% 0' 0( 00
#6491 10
#6492 1! 1" 1# 1% 1& 1' 1(
#6493 0)
#6495 0# 0$ 0% 0& 0' 0-
#6496 0" 1#
#6497 0! 1" 1$ 1% 1& 0( 1) 1-
#6498 1! 0# 0% 0& 1( 0) 0-
#6499 0" 1#
#6500 1" 1% 1& 1' 1) 1-
#6501 0# 0$ 0& 0' 0) 0-
#6502 0! 0" 1#
#6503 1! 1" 1$ 1& 0( 1) 1-
#6504 0# 0& 1( 0) 0* 0-
#6505 0! 0" 1# 1*
#6506 1! 1" 1& 1' 1) 1-
#6507 0# 0$ 0% 0' 0) 0* 0- 00
#6508 0! 0" 1# 1* 10
#6509 0# 0& 1' 0( 1) 1-
#6510 1! 1" 1$ 1& 0' 1( 0) 0-
#6511 0" 1#
#6512 1" 1% 1' 1) 1-
#6513 0# 0$ 0' 0) 0-
#6514 0" 1#
#6515 0# 0% 0& 1' 0( 1- 00
#6516 1" 1$ 1% 1& 0' 1( 0- 10
#6517 0" 1#
#6518 1" 1' 1-
#6519 0# 0$ 0% 0& 0-
#6520 0" 1#
#6521 0! 1" 0# 0( 1-
#6522 1! 1$ 1( 0-
#6523 0" 1#
#6524 1" 1% 1& 1-
#6525 0# 0$ 0& 0-
#6526 0" 1#
#6527 1" 0# 0% 0( 1-
#6528 1$ 1% 1( 0-
#6529 0" 1#
#6530 1" 1& 1-
#6531 0# 0$ 0% 0-
#6532 0" 1# 00
#6533 0! 0& 0( 1- 10
#6534 1! 1" 0# 1$ 1& 1( 0-
#6535 0" 1#
#6536 1" 1% 1) 1-
#6537 0# 0$ 0) 0* 0-
#6538 0! 0" 1# 1*
#6539 1! 0% 0& 0( 1) 1-
#6540 1" 0# 1$ 1% 1& 1( 0) 0* 0- 00
#6541 0! 0" 1# 1* 10
#6542 1! 0# 0$ 0& 0( 0* 1-
#6543 1" 1# 1$ 1& 1( 1*
#6544 0! 0# 0&
#6545 1! 0" 0( 0*
#6546 1" 1# 1& 1( 1) 1*
#6547 0" 0# 0% 0( 0) 0*
#6548 0! 0$ 0& 0'
#6549 1" 00
#6550 1! 0" 1$ 10
#6551 0! 0$
#6552 1"
#6553 1! 0" 1$
#6554 1) 1*
#6556 1" 1# 1% 1& 1' 1(
#6557 0) 0+ 00
#6558 0! 0" 0$ 0% 0& 0' 0( 0* 1+ 10
#6559 1" 0# 1* 0-
#6560 0" 1# 0*
#6561 1$ 1-
#6562 1! 1" 0# 1* 0-
#6563 0! 0" 1# 0*
#6564 0$ 1% 1* 1-
#6565 1! 1" 0# 0-
#6566 0! 0" 1# 0*
#6567 1$ 1* 1-
#6568 1! 1" 0# 0-
#6569 0! 0" 1# 0*
#6570 0$ 0% 1& 1* 1-
#6571 1! 1" 0# 0-
#6572 0! 0" 1# 0*
#6573 1$ 1-
#6574 1" 0# 1* 0- 00
#6575 0" 1# 0* 10
#6576 0$ 1% 1-
#6577 1" 0# 1* 0-
#6578 0" 1# 0*
#6579 1$ 1-
#6580 1" 0# 1* 0-
#6581 0" 1# 0*
#6582 0$ 0% 0& 1' 1- 00
#6583 1" 0# 1* 0- 10
#6584 0" 1# 0*
#6585 1$ 1-
#6586 1" 0# 1* 0-
#6587 0" 1# 0*
#6588 0$ 1% 1-
#6589 1" 0# 1* 0-
#6590 0" 1# 0*
#6591 1$ 1-
#6592 1" 0# 1* 0-
#6593 0" 1# 0*
#6594 0$ 0% 1& 1-
#6595 1" 0# 1* 0-
#6596 0" 1# 0*
#6597 1$ 1-
#6598 1" 0# 1* 0-
#6599 0" 1# 0* 00
#6600 0$ 1% 1- 10
#6601 1" 0# 1* 0-
#6602 0" 1# 0*
#6603 1$ 1-
#6604 1" 0# 1* 0-
#6605 0" 1# 0*
#6606 0# 0$ 0& 1-
#6607 1! 1" 1# 1( 1) 1*
#6608 0! 0# 1$ 0% 0(
#6609 0" 1% 0) 0*
#6610 1" 1#
#6611 1! 0" 0$ 1( 1) 1*
#6612 0! 1"
#6613 1! 0" 0# 0% 0' 0( 0)
#6614 0! 1# 1% 1' 1( 1)
#6615 1"
#6616 1! 0" 0# 0% 0' 0( 0) 00
#6617 0! 1# 1% 1' 1( 1) 10
#6618 1" 0# 1$ 0% 0' 0(
#6620 1! 1# 1% 1& 1' 1( 0)
#6621 1)
#6622 0! 0$ 0& 0)
#6623 0# 0% 0' 0* 0-
#6624 1! 0" 1# 1$ 1% 0( 1) 1* 1- 00
#6625 0! 1" 0$ 1' 1( 0) 10
#6626 0# 1$ 0% 0' 0* 0-
#6627 1! 0" 1# 1% 0( 1) 1* 1-
#6628 0! 1" 0$ 1' 1(
#6629 0# 0' 0) 0* 0-
#6630 1! 0" 1# 1$ 0( 1) 1* 1-
#6631 0! 1" 0$ 1' 1(
#6632 0# 1$ 0' 0) 0* 0-
#6633 1! 0" 1# 0( 1) 1* 1-
#6634 0! 1" 0$ 1' 1(
#6635 0# 0% 1& 0' 0) 0* 0-
#6636 1! 0" 1# 1$ 1% 0& 0( 1) 1* 1-
#6637 0! 1" 0$ 1' 1(
#6638 0# 1$ 0% 1& 0' 0) 0* 0-
#6639 1! 0" 1# 1% 0& 0( 1) 1* 1-
#6640 0! 1" 0$ 1' 1(
#6641 0# 1& 0' 0) 0* 0- 00
#6642 1! 0" 1# 1$ 0& 0( 1) 1* 1- 10
#6643 0! 1" 0$ 1' 1( 0)
#6644 0# 1$ 1& 0' 0* 0-
#6645 1! 0" 1# 0& 0( 1) 1* 1-
#6646 0! 1" 0$ 1' 1( 0)
#6647 0# 0% 0* 0-
#6648 1! 0" 1# 1$ 1% 0' 0( 1) 1* 1-
#6649 0! 1" 0$ 1' 1( 0) 00
#6650 0# 1$ 0% 0* 0- 10
#6651 1! 0" 1# 1% 0' 0( 1) 1* 1-
#6652 0! 1" 0$ 1' 1( 0)
#6653 0# 0* 0-
#6654 1! 0" 1# 1$ 0' 0( 1) 1* 1-
#6655 0! 1" 0$ 1' 1( 0)
#6656 0# 1$ 0* 0-
#6657 1! 0" 1# 0' 0( 1) 1* 1-
#6658 0! 1" 0$ 1' 1( 0) 00
#6659 0# 0% 1& 0* 0- 10
#6660 1! 0" 1# 1$ 1% 0& 0' 0( 1) 1* 1-
#6661 0! 1" 0$ 1' 1( 0)
#6662 0# 1$ 0% 1& 0* 0-
#6663 1! 0" 1# 1% 0& 0' 0( 1) 1* 1-
#6664 0! 1" 0$ 1' 1(
#6665 0# 1& 0) 0* 0-
#6666 1! 0" 1# 1$ 0& 0' 0( 1) 1* 1- 00
#6667 0! 1" 0$ 1' 1( 10
#6668 0# 1$ 1& 0) 0* 0-
#6669 1! 0" 1# 0& 0' 0( 1) 1* 1-
#6670 0! 1" 0$ 1' 1(
#6671 1! 0" 0( 0)
#6672 1(
#6673 0! 1" 1)
#6674 1! 0" 1$ 0( 0)
#6675 1" 0# 1( 0*
#6676 1& 0(
#6677 0! 0" 0$ 0% 0& 0' 1*
#6678 1! 1" 1$ 1% 0*
#6679 0%
#6680 0! 0" 0$ 1*
#6681 1! 1" 1$ 1% 0*
#6682 0%
#6683 1) 1* 00
#6684 1# 1% 1& 1' 1( 10
#6685 0)
#6687 0" 0# 0$ 0% 0& 0' 0( 0* 0-
#6688 1" 1# 1$ 1% 1& 1' 1( 1* 1-
#6689 0$ 0% 0& 0' 0( 0-
#6690 0" 0# 1$ 0*
#6691 1" 1# 1% 1& 1' 1( 1* 1- 00
#6692 0% 0& 0' 0( 0- 10
#6693 0" 0# 0$ 1% 0*
#6694 1" 1# 1$ 1& 1' 1( 1* 1-
#6695 0$ 0& 0' 0( 0-
#6696 0" 0# 1$ 0*
#6697 1" 1# 1& 1' 1( 1* 1-
#6698 0& 0' 0( 0-
#6699 0" 0# 0$ 0% 1& 0*
#6700 1" 1# 1$ 1% 1' 1( 1* 1-
#6701 0$ 0% 0' 0( 0-
#6702 0" 0# 1$ 0*
#6703 1" 1# 1% 1' 1( 1* 1-
#6704 0% 0' 0( 0-
#6705 0" 0# 0$ 1% 0*
#6706 1" 1# 1$ 1' 1( 1* 1-
#6707 0$ 0' 0( 0-
#6708 0" 0# 1$ 0* 00
#6709 1" 1# 1' 1( 1* 1- 10
#6710 0' 0( 0-
#6711 0" 0# 0$ 0% 0& 1' 0*
#6712 1" 1# 1$ 1% 1& 1( 1* 1-
#6713 0$ 0% 0& 0( 0-
#6714 0" 0# 1$ 0*
#6715 1" 1# 1% 1& 1( 1* 1-
#6716 0% 0& 0( 0-
#6717 0" 0# 0$ 1% 0*
#6718 1" 1# 1$ 1& 1( 1* 1-
#6719 0$ 0& 0( 0-
#6720 0" 0# 1$ 0*
#6721 1" 1# 1& 1( 1* 1-
#6722 0& 0( 0-
#6723 0" 0# 0$ 0% 1& 0*
#6724 1" 1# 1$ 1% 1( 1* 1-
#6725 0$ 0% 0( 0- 00
#6726 0" 0# 1$ 0* 10
#6727 1" 1# 1% 1( 1* 1-
#6728 0% 0( 0-
#6729 0" 0# 0$ 1% 0*
#6730 1" 1# 1$ 1( 1* 1-
#6731 0$ 0( 0-
#6732 0" 0# 1$ 0*
#6733 1" 1# 1( 1* 1- 00
#6734 0( 0- 10
#6735 0" 0$ 0& 0* 1-
#6736 0! 1$ 0' 1( 1) 1*
#6737 1' 0( 0) 0*
#6738 1!
#6739 0! 0% 1( 1*
#6740 1! 0$ 1% 1)
#6741 0! 0# 0% 0' 0( 0) 0*
#6742 1# 1$ 1*
#6743 0$ 1% 1' 1( 1)
#6744 0# 0% 0' 0( 0) 0*
#6745 1# 1$ 1*
#6746 0$ 1% 1' 1( 1)
#6747 1$ 0% 0' 0(
#6748 1! 1" 1% 1& 1' 1( 0)
#6749 1)
#6750 0) 0+ 00
#6751 0! 0" 0# 0$ 0% 0& 0' 1+ 0- 10
#6752 1! 1" 1# 1$ 1% 1& 1' 1) 1-
#6753 0$ 0% 0& 0' 0) 0* 0-
#6754 0! 0" 0# 1$ 1*
#6755 1! 1" 1# 1% 1& 1' 1) 1-
#6756 0% 0& 0' 0) 0* 0-
#6757 0! 0" 0# 0$ 1% 1*
#6758 1! 1" 1# 1$ 1& 1' 1) 1- 00
#6759 0$ 0& 0' 0) 0* 0- 10
#6760 0! 0" 0# 1$ 1*
#6761 1! 1" 1# 1& 1' 1) 1-
#6762 0& 0' 0) 0* 0-
#6763 0! 0" 0# 0$ 0% 1& 1*
#6764 1! 1" 1# 1$ 1% 1' 1) 1-
#6765 0$ 0% 0' 0) 0* 0-
#6766 0! 0" 0# 1$ 1*
#6767 1! 1" 1# 1% 1' 1) 1- 00
#6768 0% 0' 0) 0* 0- 10
#6769 0! 0" 0# 0$ 1% 1*
#6770 1! 1" 1# 1$ 1' 1) 1-
#6771 0$ 0' 0) 0* 0-
#6772 0! 0" 0# 1$ 1*
#6773 1! 1" 1# 1' 1) 1-
#6774 0' 0) 0* 0-
#6775 0! 0" 0# 0$ 0% 0& 1' 1* 00
#6776 1! 1" 1# 1$ 1% 1& 1) 1- 10
#6777 0$ 0% 0& 0) 0* 0-
#6778 0! 0" 0# 1$ 1*
#6779 1! 1" 1# 1% 1& 1) 1-
#6780 0% 0& 0) 0* 0-
#6781 0! 0" 0# 0$ 1% 1*
#6782 1! 1" 1# 1$ 1& 1) 1-
#6783 0$ 0& 0) 0* 0-
#6784 0! 0" 0# 1$ 1*
#6785 1! 1" 1# 1& 1) 1-
#6786 0& 0) 0* 0-
#6787 0! 0" 0# 0$ 0% 1& 1*
#6788 1! 1" 1# 1$ 1% 1) 1-
#6789 0$ 0% 0) 0* 0-
#6790 0! 0" 0# 1$ 1*
#6791 1! 1" 1# 1% 1) 1-
#6792 0% 0) 0* 0- 00
#6793 0! 0" 0# 0$ 1% 1* 10
#6794 1! 1" 1# 1$ 1) 1-
#6795 0$ 0) 0* 0-
#6796 0! 0" 0# 1$ 1*
#6797 1! 1" 1# 1) 1-
#6798 0) 0* 0-
#6799 0! 0" 0$ 0& 0( 1-
#6800 1! 1$ 0% 0' 1( 1* 00
#6801 0$ 1% 1' 1) 10
#6802 0! 1$ 0( 0) 0*
#6803 1" 0# 1( 1*
#6804 1! 0" 1# 1& 0*
#6805 0! 1" 0# 0$ 0% 0& 0' 0( 1)
#6806 0" 1$ 1% 1' 1( 0) 1*
#6807 1! 1# 0' 0( 0*
#6808 0! 1" 0# 0$ 0% 1)
#6809 0" 1$ 1% 1' 1( 0) 1*
#6810 1! 1# 0' 0( 0*
#6811 0% 1) 1*
#6812 1" 1% 1& 1' 1( 0)
#6813 0! 0" 0# 0$ 0% 0& 0' 0( 0*
#6814 1! 1" 1# 1$ 1% 1& 1' 1( 1* 0+
#6815 0! 0" 0# 0$ 0% 0& 0' 0( 1+ 0-
#6816 1$ 0* 1-
#6817 1" 1# 0$ 0- 00
#6818 0" 0# 1$ 1* 10
#6819 0$ 1% 0* 1-
#6820 1" 1# 1$ 0% 1* 0-
#6821 0" 0# 0$ 1%
#6822 1$ 0* 1-
#6823 1" 1# 0$ 1* 0-
#6824 0" 0# 1$
#6825 0$ 0% 1& 0* 1-
#6826 1" 1# 1$ 1% 0& 1* 0-
#6827 0" 0# 0$ 0% 1&
#6828 1$ 0* 1-
#6829 1" 1# 0$ 1* 0-
#6830 0" 0# 1$
#6831 0$ 1% 0* 1-
#6832 1" 1# 1$ 0% 1* 0-
#6833 0" 0# 0$ 1%
#6834 1$ 0* 1- 00
#6835 1" 1# 0$ 1* 0- 10
#6836 0" 0# 1$ 0&
#6837 0$ 0% 1' 0* 1-
#6838 1" 1# 1$ 1% 1& 0' 0-
#6839 1! 0& 1*
#6840 0! 0" 0# 0% 1' 0* 1-
#6841 1" 1# 0$ 0-
#6842 1! 1$ 1% 0' 1* 00
#6843 0! 0" 0# 0$ 1' 0* 1- 10
#6844 1" 1# 1$ 0% 0-
#6845 1! 1% 0' 1*
#6846 0! 0" 0# 1' 0* 1-
#6847 1" 1# 0$ 0-
#6848 1! 1$ 0' 1*
#6849 0! 0" 0# 0$ 0% 1& 1' 0* 1-
#6850 1" 1# 1$ 1% 0& 0-
#6851 1! 0' 1*
#6852 0! 0" 0# 0% 1& 1' 0* 1-
#6853 1" 1# 0$ 0-
#6854 1! 1$ 1% 0& 0' 1*
#6855 0! 0" 0# 0$ 1& 1' 0* 1-
#6856 1" 1# 1$ 0% 0-
#6857 1! 1% 0& 0' 1*
#6858 0! 0" 0# 1& 1' 0* 1-
#6859 1" 1# 0$ 0- 00
#6860 1! 1$ 0& 0' 1* 10
#6861 1& 1' 1( 0+ 1-
#6862 0! 0( 0* 1+ 0-
#6863 0$ 0& 1( 1) 1* 1-
#6864 1$ 0% 0' 0) 0*
#6865 1% 1&
#6866 0$ 0& 1' 1) 1*
#6867 0# 1$ 00
#6868 1# 0% 1& 0) 0* 10
#6869 0" 0# 0$ 0& 0' 0( 1*
#6870 1! 1" 1# 1$ 1% 1& 1' 1( 1)
#6871 0! 0% 0& 0' 0( 0) 0*
#6872 0" 0# 0$ 1*
#6873 1! 1" 1# 1$ 1% 1& 1' 1( 1)
#6874 0! 0% 0& 0' 0( 0) 0*
#6875 1) 1*
#6876 00
#6877 0$ 1% 1' 1( 10
#6878 1! 1$ 1& 0)
#6880 0! 0$ 0& 1)
#6881 1! 0" 0% 0' 0) 0-
#6882 1" 1$ 1% 1& 1' 0( 1-
#6883 0! 0$ 0& 1( 1)
#6884 1! 0" 1$ 0% 0' 0) 0- 00
#6885 1" 1% 1& 1' 1- 10
#6886 0! 0$ 0& 1)
#6887 1! 0" 0' 0) 0-
#6888 1" 1$ 1& 1' 0( 1-
#6889 0! 0$ 0& 1( 1)
#6890 1! 0" 1$ 0' 0) 0-
#6891 1" 1& 1' 1-
#6892 0! 0$ 0& 1)
#6893 1! 0" 0% 1& 0' 0) 0-
#6894 1" 1$ 1% 1' 0( 1-
#6895 0! 0$ 0& 1( 1)
#6896 1! 0" 1$ 0% 1& 0' 0) 0-
#6897 1" 1% 1' 1-
#6898 0! 0$ 0& 1)
#6899 1! 0" 1& 0' 0) 0-
#6900 1" 1$ 1' 0( 1-
#6901 0! 0$ 0& 1( 1) 00
#6902 1! 0" 1$ 1& 0' 0) 0- 10
#6903 1" 1' 1-
#6904 0! 0$ 0& 1)
#6905 1! 0" 0% 0) 0-
#6906 1" 1$ 1% 1& 0( 1-
#6907 0! 0$ 0& 1( 1)
#6908 1! 0" 1$ 0% 0) 0-
#6909 1" 1% 1& 1- 00
#6910 0! 0$ 0& 1) 10
#6911 1! 0" 0) 0-
#6912 1" 1$ 1& 0( 1-
#6913 0! 0$ 0& 1( 1)
#6914 1! 0" 1$ 0) 0-
#6915 1" 1& 1-
#6916 0! 0$ 0& 1)
#6917 1! 0" 0% 1& 0) 0-
#6918 1" 1$ 1% 0( 1-
#6919 0! 0$ 0& 1( 1)
#6920 1! 0" 1$ 0% 1& 0) 0-
#6921 1" 1% 1-
#6922 0! 0$ 0& 1)
#6923 1! 0" 1& 0) 0-
#6924 1" 1$ 0( 1-
#6925 1( 1)
#6926 0" 0) 0- 00
#6927 0! 1" 0# 0$ 0& 0( 0* 1- 10
#6928 1$ 1( 1) 1*
#6929 1! 1# 0% 1& 0' 0)
#6930 0! 0# 1% 0& 1' 0( 0*
#6931 1! 1# 1& 1( 1*
#6932 0! 0# 0& 1)
#6933 1! 0" 0$ 0% 0' 0( 0) 0*
#6934 1" 1# 1$ 1% 1& 1' 1( 1*
#6935 0! 0" 0# 0& 1)
#6936 1! 0$ 0% 0' 0( 0) 0*
#6937 1" 1# 1$ 1% 1& 1' 1( 1*
#6938 0! 0" 0# 0& 1)
#6939 1! 1" 1# 0% 0' 0(
#6941 1% 1& 1' 1(
#6942 0) 0+
#6943 1+ 00
#6944 0# 0$ 0% 0& 0' 0( 0- 10
#6945 0" 1# 0*
#6946 0! 1" 1% 1& 1' 1* 1-
#6947 1! 0# 1$ 0% 0& 0' 0-
#6948 0" 1# 0*
#6949 1" 1% 1& 1' 1( 1* 1-
#6950 0# 0$ 0& 0' 0( 0-
#6951 0" 1# 0* 00
#6952 1" 1$ 1& 1' 1* 1- 10
#6953 0# 0& 0' 0-
#6954 0" 1# 0*
#6955 1" 1& 1' 1( 1* 1-
#6956 0# 0$ 0% 0' 0( 0-
#6957 0" 1# 0*
#6958 1" 1$ 1% 1' 1* 1-
#6959 0# 0% 0' 0-
#6960 0" 1# 0*
#6961 1" 1% 1' 1( 1* 1-
#6962 0# 0$ 0' 0( 0-
#6963 0" 1# 0*
#6964 0# 1$ 1' 1* 1-
#6965 1" 0' 0-
#6966 0" 1# 0*
#6967 1" 1' 1( 1* 1-
#6968 0# 0$ 0% 0& 0( 0- 00
#6969 0" 1# 0* 10
#6970 0! 1" 0# 1$ 1% 1& 1* 1-
#6971 1! 0% 0& 0-
#6972 0" 1#
#6973 1" 1% 1& 1( 1-
#6974 0# 0$ 0& 0( 0-
#6975 0" 1#
#6976 1" 0# 1$ 1& 1- 00
#6977 0& 0- 10
#6978 0" 1#
#6979 1" 1& 1( 1-
#6980 0# 0$ 0% 0( 0-
#6981 0" 1#
#6982 0! 1$ 1% 1-
#6983 1! 1" 0# 0% 0-
#6984 0" 1#
#6985 1" 1% 1( 1- 00
#6986 0# 0$ 0( 0- 10
#6987 0" 1#
#6988 1$ 1-
#6989 1" 0# 0-
#6990 0" 1#
#6991 0# 0$ 0% 0* 1-
#6992 1" 1# 1$ 1% 1( 1*
#6993 0! 0" 0# 0$ 0% 0' 0( 0* 00
#6994 1! 1$ 1' 10
#6995 1" 1# 1% 1( 1) 1*
#6996 0! 0" 0# 0$ 0% 0' 0) 0*
#6997 1% 1' 0(
#6998 1" 1# 1)
#6999 0" 0# 0% 0& 1( 0)
#7000 1$ 1% 1& 0(
#7001 1" 1# 1)
#7002 0" 0# 0$ 0% 1( 0)
#7003 1% 1) 1*
#7005 1! 1" 1# 1$
#7006 0) 0+
#7007 0! 0" 0$ 0% 0& 0' 0( 1) 1+
#7008 1! 1" 0# 1( 0) 0-
#7009 0! 0" 1# 0*
#7010 1$ 0( 1* 1- 00
#7011 1! 1" 0# 1( 0- 10
#7012 0! 0" 1# 0*
#7013 0$ 1% 0( 1* 1-
#7014 1! 1" 0# 1( 0-
#7015 0! 0" 1# 0*
#7016 1$ 0( 1* 1-
#7017 1! 1" 0# 1( 0-
#7018 0! 0" 1# 0* 00
#7019 0$ 0% 1& 0( 1* 1- 10
#7020 1! 1" 0# 1( 0-
#7021 0! 0" 1# 0*
#7022 1$ 0( 1* 1-
#7023 1! 1" 0# 1( 0-
#7024 0! 0" 1# 0*
#7025 0$ 1% 0( 1* 1-
#7026 1! 1" 0# 1( 0-
#7027 0! 0" 1# 0*
#7028 1$ 0( 1* 1-
#7029 1! 1" 0# 1( 0-
#7030 0! 0" 1# 0*
#7031 0$ 0% 0& 1' 0( 1* 1-
#7032 1! 1" 0# 1( 0-
#7033 0! 0" 1# 0*
#7034 1$ 0( 1* 1-
#7035 1! 1" 0# 1( 0- 00
#7036 0! 0" 1# 0* 10
#7037 0$ 1% 0( 1* 1-
#7038 1! 1" 0# 1( 0-
#7039 0! 0" 1# 0*
#7040 1$ 0( 1* 1-
#7041 1! 1" 0# 1( 0-
#7042 0! 0" 1# 0*
#7043 0$ 0% 1& 0( 1* 1-
#7044 1! 1" 0# 1( 0-
#7045 0! 0" 1# 0*
#7046 1$ 0( 1* 1-
#7047 1! 1" 0# 1( 0-
#7048 0! 0" 1# 0*
#7049 0$ 1% 0( 1* 1-
#7050 1! 1" 0# 1( 0-
#7051 0! 0" 1# 0*
#7052 1$ 0( 1* 1- 00
#7053 1! 1" 0# 1( 0- 10
#7054 0! 0" 1# 0*
#7055 0# 0$ 0% 0( 1* 1-
#7056 1! 1" 1# 1$ 1% 1( 1)
#7057 0" 0# 0$ 0% 0& 0'
#7058 0! 1$ 1& 1' 0( 0)
#7059 1" 1# 0*
#7060 1! 0" 0$ 1% 0& 1( 1) 1* 00
#7061 0! 1" 10
#7062 1! 0" 1& 0( 0)
#7063 0& 1( 1)
#7064 0! 1"
#7065 1! 0" 1$ 1& 0( 0)
#7066 0$ 0& 1( 1)
#7067 0# 1&
#7069 1" 1# 1$ 0)
#7070 1)
#7071 0! 0" 0$ 0% 0& 0' 0( 0)
#7072 1" 0# 0* 0-
#7073 1! 0" 1& 1) 1* 1-
#7074 0! 1# 0& 0)
#7075 1" 0# 1$ 0* 0-
#7076 1! 0" 0$ 1& 1) 1* 1-
#7077 0! 1# 1% 0& 0) 00
#7078 1" 0# 0* 0- 10
#7079 1! 0" 0% 1& 1) 1* 1-
#7080 0! 1# 1$ 1% 0& 0)
#7081 1" 0# 0* 0-
#7082 1! 0" 0$ 0% 1& 1) 1* 1-
#7083 0! 1# 0)
#7084 1" 0# 0* 0-
#7085 1! 0" 1) 1* 1- 00
#7086 0! 1# 1$ 0) 10
#7087 1" 0# 0* 0-
#7088 1! 0" 0$ 1) 1* 1-
#7089 0! 1# 1% 0)
#7090 1" 0# 0* 0-
#7091 1! 0" 0% 1) 1* 1-
#7092 0! 1# 1$ 1% 0)
#7093 1" 0# 0* 0-
#7094 1! 0" 0$ 0% 1) 1* 1- 00
#7095 0! 1# 0& 1' 0) 10
#7096 1" 0# 0* 0-
#7097 1! 0" 1& 0' 1) 1* 1-
#7098 0! 1# 0& 1' 0)
#7099 1" 0# 1$ 0* 0-
#7100 1! 0" 0$ 1& 0' 1) 1* 1-
#7101 0! 1" 1# 1% 0& 1' 1( 0)
#7102 0# 0( 0* 0- 00
#7103 1! 0" 0% 1& 0' 1) 1* 1- 10
#7104 0! 1" 1# 1% 0& 1' 1( 0)
#7105 0# 1$ 0( 0* 0-
#7106 1! 0" 0$ 0% 1& 0' 1) 1* 1-
#7107 0! 1" 1# 1% 0& 1' 1( 0)
#7108 0# 0% 1& 0( 0* 0-
#7109 1! 0" 0' 1) 1* 1-
#7110 0! 1" 1# 1% 0& 1' 1( 0)
#7111 0# 1$ 0% 1& 0( 0* 0-
#7112 1! 0" 0$ 0' 1) 1* 1-
#7113 0! 1" 1# 1% 0& 1' 1( 0)
#7114 0# 1& 0( 0* 0-
#7115 1! 0" 0% 0' 1) 1* 1-
#7116 0! 1" 1# 1% 0& 1' 1( 0)
#7117 0# 1$ 1& 0( 0* 0-
#7118 1! 0" 0$ 0% 0' 1) 1* 1-
#7119 0! 1" 1# 1% 0& 1' 1( 0) 00
#7120 0% 1& 0( 10
#7121 0# 0& 0' 1( 0*
#7122 1% 1' 0( 1*
#7123 1# 1$ 0% 1&
#7124 0# 0$ 1% 0& 0*
#7125 1& 0' 1(
#7126 1! 0" 1# 1' 0( 1*
#7127 0! 1" 0# 0& 0' 1( 0* 00
#7128 1' 10
#7129 1! 0" 1# 1$ 1& 0( 1*
#7130 0! 1" 0# 0$ 0& 1( 0*
#7131 1&
#7132 1) 1*
#7133 1! 1# 1$
#7134 0)
#7135 1)
#7136 0" 0# 0$ 0% 0& 0' 0) 0* 0-
#7137 1" 1# 1$ 1% 1& 1' 1* 1-
#7138 0$ 0% 0& 0' 1) 0-
#7139 0" 0# 1$ 0) 0*
#7140 1" 1# 1% 1& 1' 1* 1-
#7141 0% 0& 0' 0-
#7142 0" 0# 0$ 1% 0*
#7143 1" 1# 1$ 1& 1' 1* 1-
#7144 0$ 0& 0' 0- 00
#7145 0" 0# 1$ 0* 10
#7146 1" 1# 1& 1' 1* 1-
#7147 0& 0' 0-
#7148 0" 0# 0$ 0% 1& 0*
#7149 1" 1# 1$ 1% 1' 1* 1-
#7150 0$ 0% 0' 0-
#7151 0" 0# 1$ 0*
#7152 1" 1# 1% 1' 1* 1-
#7153 0% 0' 0-
#7154 0" 0# 0$ 1% 0*
#7155 1" 1# 1$ 1' 1* 1-
#7156 0$ 0' 0-
#7157 0" 0# 1$ 0*
#7158 1" 1# 1' 1* 1-
#7159 0' 0-
#7160 0" 0# 0$ 0% 0& 1' 0*
#7161 1" 1# 1$ 1% 1& 1* 1- 00
#7162 0$ 0% 0& 0- 10
#7163 0" 0# 1$ 0*
#7164 1" 1# 1% 1& 1* 1-
#7165 0% 0& 0-
#7166 0" 0# 0$ 1% 0*
#7167 1" 1# 1$ 1& 1* 1-
#7168 0$ 0& 0-
#7169 0" 0# 1$ 0* 00
#7170 1" 1# 1& 1* 1- 10
#7171 0& 0-
#7172 0" 0# 0$ 0% 1& 0*
#7173 1" 1# 1$ 1% 1* 1-
#7174 0$ 0% 0-
#7175 0" 0# 1$ 0*
#7176 1" 1# 1% 1* 1-
#7177 0% 0-
#7178 0" 0# 0$ 1% 0*
#7179 1" 1# 1$ 1* 1-
#7180 0$ 0-
#7181 0" 0# 1$ 0*
#7182 1" 1# 1* 1-
#7183 0-
#7184 0" 0$ 0% 0( 0* 1-
#7185 1" 0# 1% 0& 0' 1) 1*
#7186 1( 0) 00
#7187 0" 1# 1$ 0% 1& 1' 0( 0* 10
#7188 1" 0# 0$ 0& 1*
#7189 0" 1# 1% 1( 1)
#7190 0! 1& 0( 0) 0*
#7191 1! 1" 0# 0% 0& 0' 1( 1*
#7192 0" 1# 1% 1' 1)
#7193 0! 1$ 1& 0( 0) 0*
#7194 1! 1" 0# 0$ 0% 0& 1( 1* 00
#7195 0" 1# 1% 1) 10
#7196 1" 0# 1&
#7197 1# 1$
#7199 0) 0+
#7200 0! 0" 0# 0$ 0% 0& 0' 0( 1+ 0-
#7201 1! 1" 1# 1$ 1% 1& 1' 1( 1) 1-
#7202 0$ 0% 0& 0' 0( 0) 0* 0-
#7203 0! 0" 0# 1$ 1* 00
#7204 1! 1" 1# 1% 1& 1' 1( 1) 1- 10
#7205 0% 0& 0' 0( 0) 0* 0-
#7206 0! 0" 0# 0$ 1% 1*
#7207 1! 1" 1# 1$ 1& 1' 1( 1) 1-
#7208 0$ 0& 0' 0( 0) 0* 0-
#7209 0! 0" 0# 1$ 1*
#7210 1! 1" 1# 1& 1' 1( 1) 1-
#7211 0& 0' 0( 0) 0* 0- 00
#7212 0! 0" 0# 0$ 0% 1& 1* 10
#7213 1! 1" 1# 1$ 1% 1' 1( 1) 1-
#7214 0$ 0% 0' 0( 0) 0* 0-
#7215 0! 0" 0# 1$ 1*
#7216 1! 1" 1# 1% 1' 1( 1) 1-
#7217 0% 0' 0( 0) 0* 0-
#7218 0! 0" 0# 0$ 1% 1*
#7219 1! 1" 1# 1$ 1' 1( 1) 1-
#7220 0$ 0' 0( 0) 0* 0-
#7221 0! 0" 0# 1$ 1*
#7222 1! 1" 1# 1' 1( 1) 1-
#7223 0' 0( 0) 0* 0-
#7224 0! 0" 0# 0$ 0% 0& 1' 1*
#7225 1! 1" 1# 1$ 1% 1& 1( 1) 1-
#7226 0$ 0% 0& 0( 0) 0* 0-
#7227 0! 0" 0# 1$ 1*
#7228 1! 1" 1# 1% 1& 1( 1) 1- 00
#7229 0% 0& 0( 0) 0* 0- 10
#7230 0! 0" 0# 0$ 1% 1*
#7231 1! 1" 1# 1$ 1& 1( 1) 1-
#7232 0$ 0& 0( 0) 0* 0-
#7233 0! 0" 0# 1$ 1*
#7234 1! 1" 1# 1& 1( 1) 1-
#7235 0& 0( 0) 0* 0-
#7236 0! 0" 0# 0$ 0% 1& 1* 00
#7237 1! 1" 1# 1$ 1% 1( 1) 1- 10
#7238 0$ 0% 0( 0) 0* 0-
#7239 0! 0" 0# 1$ 1*
#7240 1! 1" 1# 1% 1( 1) 1-
#7241 0% 0( 0) 0* 0-
#7242 0! 0" 0# 0$ 1% 1*
#7243 1! 1" 1# 1$ 1( 1) 1-
#7244 0$ 0( 0) 0* 0-
#7245 0! 0" 0# 1$ 1*
#7246 1! 1" 1# 1( 1) 1-
#7247 0( 0) 0* 0-
#7248 0! 0" 0$ 0% 1-
#7249 1% 0& 0'
#7250 1( 1*
#7251 1$ 0% 1& 1' 0( 0*
#7252 0$ 0&
#7253 1% 1& 00
#7254 1" 0& 1( 1) 1* 10
#7255 0" 0% 0' 0) 0*
#7256 1% 1&
#7257 1" 0& 1' 1) 1*
#7258 0" 0% 0) 0*
#7259 1% 1&
#7260 1) 1*
#7261 1! 1" 1$ 0)
#7262 0! 0" 0# 0$ 0% 0& 0' 0( 0*
#7263 1! 1" 1# 1$ 1% 1& 1' 1( 1*
#7264 0! 0" 0# 0$ 0% 0& 0' 0* 0-
#7265 1$ 0( 1-
#7266 1" 1# 0$ 1( 1* 0-
#7267 0" 0# 1$ 0*
#7268 0$ 1% 0( 1-
#7269 1" 1# 1$ 0% 1( 1* 0-
#7270 0" 0# 0$ 1% 00
#7271 1$ 0( 0* 1- 10
#7272 1" 1# 0$ 1( 1* 0-
#7273 0" 0# 1$
#7274 0$ 0% 1& 0( 0* 1-
#7275 1" 1# 1$ 1% 0& 1( 1* 0-
#7276 0" 0# 0$ 0% 1&
#7277 1$ 0( 0* 1-
#7278 1" 1# 0$ 1( 1* 0- 00
#7279 0" 0# 1$ 10
#7280 0$ 1% 0( 0* 1-
#7281 1" 1# 1$ 0% 1( 1* 0-
#7282 0" 0# 0$ 1%
#7283 1$ 0( 0* 1-
#7284 1" 1# 0$ 1( 1* 0-
#7285 0" 0# 1$
#7286 0$ 0% 0& 1' 0( 0* 1-
#7287 1" 1# 1$ 1% 1& 0' 1( 1* 0-
#7288 0" 0# 0$ 0% 0& 1'
#7289 1$ 0( 0* 1-
#7290 1" 1# 0$ 1( 1* 0-
#7291 0" 0# 1$
#7292 0$ 1% 0( 0* 1-
#7293 1" 1# 1$ 0% 1( 1* 0-
#7294 0" 0# 0$ 1%
#7295 1$ 0( 0* 1- 00
#7296 1" 1# 0$ 1( 1* 0- 10
#7297 0" 0# 1$
#7298 0$ 0% 1& 0( 0* 1-
#7299 1" 1# 1$ 1% 0& 1( 1* 0-
#7300 0" 0# 0$ 0% 1&
#7301 1$ 0( 0* 1-
#7302 1" 1# 0$ 1( 1* 0-
#7303 0" 0# 1$ 00
#7304 0$ 1% 0( 0* 1- 10
#7305 1" 1# 1$ 0% 1( 1* 0-
#7306 0" 0# 0$ 1%
#7307 1$ 0( 0* 1-
#7308 1" 1# 0$ 1( 1* 0-
#7309 0" 0# 1$
#7310 1! 1" 1# 0+ 1-
#7311 0! 1+ 0-
#7312 0$ 0& 1) 1- 00
#7313 1! 0" 0% 0' 0( 0) 0* 10
#7314 1% 1& 1*
#7315 0! 1" 0& 1' 1( 1)
#7316 1! 0# 1$
#7317 0" 1# 0$ 0% 1& 0( 0)
#7318 0! 1" 0# 1%
#7319 1! 1# 1$ 1( 1)
#7320 0" 0$ 0% 0' 0) 00
#7321 0! 0# 1$ 1% 1' 0( 10
#7322 1! 1" 1# 1( 1)
#7323 0" 0$ 0% 0) 0*
#7324 1% 1) 1*
#7326 0! 1" 0&
#7327 1! 1$ 1& 0)
#7328 1)
#7329 0! 0$ 0&
#7330 0" 0% 0' 0( 0) 0-
#7331 1! 1" 1$ 1% 1& 1( 1) 1-
#7332 0! 0$ 0& 1'
#7333 1$ 0% 0' 0( 0) 0-
#7334 1! 1% 1& 1' 1( 1) 1-
#7335 0! 0$ 0&
#7336 0' 0( 0) 0-
#7337 1! 1$ 1& 1( 1) 1- 00
#7338 0! 0$ 0& 1' 10
#7339 1$ 0' 0( 0) 0-
#7340 1! 1& 1' 1( 1) 1-
#7341 0! 0$ 0&
#7342 0% 1& 0' 0( 0) 0-
#7343 1! 1$ 1% 1( 1) 1-
#7344 0! 0$ 0& 1'
#7345 1$ 0% 1& 0' 0( 0) 0- 00
#7346 1! 1% 1' 1( 1) 1- 10
#7347 0! 0$ 0&
#7348 1& 0' 0( 0) 0-
#7349 1! 1$ 1( 1) 1-
#7350 0! 0$ 0& 1'
#7351 1$ 1& 0' 0( 0) 0-
#7352 1! 1' 1( 1) 1-
#7353 0! 0$ 0&
#7354 0% 0( 0) 0-
#7355 1! 1$ 1% 1& 0' 1( 1) 1-
#7356 0! 0$ 0& 1'
#7357 0" 1$ 0% 0( 0) 0-
#7358 1! 1" 1% 1& 1( 1) 1-
#7359 0! 0$ 0&
#7360 0" 0( 0) 0-
#7361 1! 1" 1$ 1& 0' 1( 1) 1-
#7362 0! 0$ 0& 1' 00
#7363 1! 0" 1$ 0( 0) 0- 10
#7364 1" 1& 1( 1) 1-
#7365 0! 0$ 0&
#7366 1! 0" 0% 1& 0( 0) 0-
#7367 1" 1$ 1% 0' 1( 1) 1-
#7368 0! 0$ 0& 1'
#7369 1! 0" 1$ 0% 1& 0( 0) 0-
#7370 1" 1% 1( 1) 1-
#7371 0! 0$ 0&
#7372 1! 0" 1& 0( 0) 0-
#7373 1" 1$ 0' 1( 1) 1-
#7374 1'
#7375 0! 0" 0( 0) 0-
#7376 1" 0# 0$ 0% 0* 1-
#7377 1! 1$ 1% 0& 1( 1) 1*
#7378 0! 1# 0$ 0% 1& 0' 0( 0)
#7379 0# 1$ 1' 0* 00
#7380 1! 1# 1% 1( 1* 10
#7381 0! 0# 0$ 0% 0& 0(
#7382 1! 0" 1% 1& 0*
#7383 1" 1# 1$ 1( 1*
#7384 0! 0# 0$ 0% 0'
#7385 1! 0" 1$ 1% 1' 0( 0*
#7386 1" 1# 1( 1*
#7387 0! 0$ 0% 00
#7388 1% 1) 10
#7390 1! 1$
#7391 0) 0+
#7392 1+
#7393 0# 0$ 0% 0& 0' 0-
#7394 0" 1# 0*
#7395 1" 1$ 1% 1& 1-
#7396 0# 0% 0& 1* 0-
#7397 0" 1# 0*
#7398 1" 1% 1& 1' 1* 1-
#7399 0# 0$ 0& 0' 0-
#7400 0" 1# 0*
#7401 1" 1$ 1& 1* 1-
#7402 0# 0& 0-
#7403 0" 1# 0*
#7404 1" 1& 1' 1* 1- 00
#7405 0# 0$ 0% 0' 0- 10
#7406 0" 1# 0*
#7407 1" 1$ 1% 1* 1-
#7408 0# 0% 0-
#7409 0" 1# 0*
#7410 1" 1% 1' 1* 1-
#7411 0# 0$ 0' 0-
#7412 0" 1# 0* 00
#7413 1" 1$ 1* 1- 10
#7414 0# 0-
#7415 0" 1# 0*
#7416 1" 1' 1* 1-
#7417 0# 0$ 0% 0& 0-
#7418 0" 1# 0*
#7419 1" 1$ 1% 1& 0' 1* 1-
#7420 0# 0% 0& 1' 0-
#7421 0" 1# 0* 00
#7422 1" 1% 1& 1* 1- 10
#7423 0# 0$ 0& 0-
#7424 0" 1# 0*
#7425 1" 1$ 1& 0' 1* 1-
#7426 0# 0& 1' 0-
#7427 0" 1# 0*
#7428 1" 1& 1* 1-
#7429 0# 0$ 0% 0- 00
#7430 0" 1# 0* 10
#7431 1" 1$ 1% 0' 1* 1-
#7432 0# 0% 1' 0-
#7433 0" 1# 0*
#7434 1" 1% 1* 1-
#7435 0# 0$ 0-
#7436 0" 1# 0*
#7437 1" 1$ 0' 1* 1-
#7438 0# 1' 0-
#7439 0" 1# 0*
#7440 0# 0$ 0% 0( 1-
#7441 1" 1# 1$ 1% 1( 1*
#7442 0$ 0% 0' 0( 0*
#7443 0" 0# 1$ 1'
#7444 1" 1# 1% 1( 1*
#7445 0$ 0% 0'
#7446 0! 0" 0# 1% 1' 0( 0* 00
#7447 1" 1# 1) 10
#7448 1! 0% 0& 1( 0) 1*
#7449 0! 0" 0# 1$ 1% 1& 0( 0*
#7450 1" 1# 1)
#7451 1! 0$ 0% 1( 0) 1*
#7452 1% 1)
#7454 1$ 00
#7455 0) 0+ 10
#7456 0! 0" 0$ 0% 0& 0' 0( 1) 1+
#7457 1! 1" 0# 0) 0* 0-
#7458 0! 0" 1#
#7459 1$ 1) 1* 1-
#7460 1! 1" 0# 0) 0* 0-
#7461 0! 0" 1#
#7462 0$ 1% 1) 1* 1-
#7463 1! 1" 0# 0) 0* 0- 00
#7464 0! 0" 1# 10
#7465 1$ 1) 1* 1-
#7466 1! 1" 0# 0) 0* 0-
#7467 0! 0" 1#
#7468 0$ 0% 1& 1) 1* 1-
#7469 1! 1" 0# 0) 0* 0-
#7470 0! 0" 1#
#7471 1$ 1) 1* 1- 00
#7472 1! 1" 0# 0) 0* 0- 10
#7473 0! 0" 1#
#7474 0$ 1% 1) 1* 1-
#7475 1! 1" 0# 0) 0* 0-
#7476 0! 0" 1#
#7477 1$ 1) 1* 1-
#7478 1! 1" 0# 0) 0* 0-
#7479 0! 0" 1#
#7480 0$ 0% 0& 1' 1) 1* 1-
#7481 1! 1" 0# 0) 0* 0-
#7482 0! 0" 1#
#7483 1$ 1) 1* 1-
#7484 1! 1" 0# 0) 0* 0-
#7485 0! 0" 1#
#7486 0$ 1% 1) 1* 1-
#7487 1! 1" 0# 0) 0* 0-
#7488 0! 0" 1# 00
#7489 1$ 1) 1* 1- 10
#7490 1! 1" 0# 0) 0* 0-
#7491 0! 0" 1#
#7492 0$ 0% 1& 1) 1* 1-
#7493 1! 1" 0# 0) 0* 0-
#7494 0! 0" 1#
#7495 1$ 1) 1* 1-
#7496 1! 1" 0# 0) 0- 00
#7497 0! 0" 1# 0* 10
#7498 0$ 1% 1) 1* 1-
#7499 1! 1" 0# 0) 0-
#7500 0! 0" 1# 0*
#7501 1$ 1) 1* 1-
#7502 1! 1" 0# 0) 0* 0-
#7503 0! 0" 1#
#7504 0# 0$ 0% 1* 1-
#7505 1! 1" 1# 1$ 1% 1( 1)
#7506 0# 0&
#7507 0! 0" 0% 1& 0( 0)
#7508 1" 1# 1) 0*
#7509 0" 0# 0$ 0& 0' 1( 0) 1*
#7510 1" 1# 1% 1' 1)
#7511 1! 0" 1& 0( 0)
#7512 0! 0# 1$ 0% 0& 1(
#7513 1" 1# 0$ 1% 1) 00
#7514 1! 0" 1$ 1& 0( 0) 10
#7515 0! 0# 0% 1(
#7516 1% 1)
#7518 1! 1" 1# 0)
#7519 1)
#7520 0! 0" 0$ 0% 0& 0' 0( 0) 0*
#7521 1" 0# 1( 0- 00
#7522 0" 1# 1& 0( 1) 1* 1- 10
#7523 1$ 0& 0) 0*
#7524 1" 0# 1( 0-
#7525 0" 1# 0$ 1& 0( 1) 1* 1-
#7526 1% 0& 0) 0*
#7527 1" 0# 1( 0-
#7528 0" 1# 0% 1& 0( 1) 1* 1-
#7529 1$ 1% 0& 0) 0*
#7530 1" 0# 1( 0- 00
#7531 0" 1# 0$ 0% 1& 0( 1) 1* 1- 10
#7532 0)
#7533 1" 0# 1( 0* 0-
#7534 0" 1# 0( 1) 1* 1-
#7535 1$ 0)
#7536 1" 0# 1( 0* 0-
#7537 0" 1# 0$ 0( 1) 1* 1-
#7538 1% 0) 00
#7539 1" 0# 1( 0* 0- 10
#7540 0" 1# 0% 0( 1) 1* 1-
#7541 1$ 1% 0)
#7542 1" 0# 1( 0* 0-
#7543 0" 1# 0$ 0% 0( 1) 1* 1-
#7544 0& 1' 0)
#7545 1" 0# 1( 0* 0-
#7546 0" 1# 1& 0' 0( 1) 1* 1-
#7547 1$ 0& 1' 0)
#7548 1" 0# 1( 0* 0-
#7549 0" 1# 0$ 1& 0' 0( 1) 1* 1-
#7550 1% 0& 1' 0)
#7551 1" 0# 1( 0* 0-
#7552 0" 1# 0% 1& 0' 0( 1) 1* 1-
#7553 1$ 1% 0& 1' 0)
#7554 1" 0# 1( 0* 0-
#7555 0" 1# 0$ 0% 1& 0' 0( 1) 1* 1- 00
#7556 1' 0) 0* 10
#7557 1" 0# 1( 0-
#7558 0" 1# 0' 0( 1) 1* 1-
#7559 1$ 1' 0) 0*
#7560 1" 0# 1( 0-
#7561 0" 1# 0$ 0' 0( 1) 1* 1-
#7562 1% 1' 0) 0*
#7563 1" 0# 1( 0- 00
#7564 0" 1# 0% 0' 0( 1) 1* 1- 10
#7565 1$ 1% 1' 0) 0*
#7566 1" 0# 1( 0-
#7567 0" 1# 0$ 0% 0' 0( 1) 1* 1-
#7568 0# 1' 0)
#7569 1" 1# 0*
#7570 1! 0" 0# 1$ 0& 0' 1(
#7571 0! 1& 1' 0( 1*
#7572 1" 1# 0* 00
#7573 1! 0" 0# 1% 0& 1* 10
#7574 1& 0' 1( 0*
#7575 1# 0$ 1' 0(
#7576 0# 1$ 0& 0' 1( 1*
#7577 1' 0*
#7578 1# 1& 0( 1*
#7579 0# 0& 1(
#7580 1& 0* 00
#7581 1) 1* 10
#7582 1" 1#
#7583 0)
#7584 1)
#7585 0" 0# 0$ 0% 0& 0' 0( 0) 0-
#7586 1" 1# 1$ 1% 1& 1' 1( 1-
#7587 0$ 0% 0& 0' 0( 1)
#7588 0" 0# 1$ 0) 0-
#7589 1" 1# 1% 1& 1' 1( 1-
#7590 0% 0& 0' 0( 1)
#7591 0" 0# 0$ 1% 0) 0-
#7592 1" 1# 1$ 1& 1' 1( 1-
#7593 0$ 0& 0' 0( 1)
#7594 0" 0# 1$ 0) 0-
#7595 1" 1# 1& 1' 1( 1-
#7596 0& 0' 0( 1)
#7597 0" 0# 0$ 0% 1& 0) 0- 00
#7598 1" 1# 1$ 1% 1' 1( 1- 10
#7599 0! 0$ 0% 0' 0( 1)
#7600 1! 0" 0# 1$ 0) 0-
#7601 1" 1# 1% 1' 1( 1-
#7602 0! 0% 0& 0' 0( 1)
#7603 1! 0" 0# 0$ 1% 1& 0) 0-
#7604 1" 1# 1$ 1' 1( 1-
#7605 0! 0$ 0& 0' 0( 1) 00
#7606 1! 0" 0# 1$ 1& 0) 0- 10
#7607 1" 1# 1' 1( 1-
#7608 0' 0( 1)
#7609 0" 0# 0$ 0% 0& 1' 0) 0-
#7610 1" 1# 1$ 1% 1& 1( 1-
#7611 0$ 0% 0& 0( 1)
#7612 0" 0# 1$ 0) 0-
#7613 1" 1# 1% 1& 1( 1-
#7614 0% 0& 0( 1)
#7615 0" 0# 0$ 1% 0) 0-
#7616 1" 1# 1$ 1& 1( 1-
#7617 0$ 0& 0( 1)
#7618 0" 0# 1$ 0) 0* 0-
#7619 1" 1# 1& 1( 1* 1-
#7620 0& 0( 1)
#7621 0" 0# 0$ 0% 1& 0) 0* 0-
#7622 1" 1# 1$ 1% 1( 1* 1- 00
#7623 0$ 0% 0( 1) 0- 10
#7624 0" 0# 1$ 0) 0*
#7625 1" 1# 1% 1( 1* 1-
#7626 0% 0( 1) 0-
#7627 0" 0# 0$ 1% 0) 0*
#7628 1" 1# 1$ 1( 1* 1-
#7629 0$ 0( 1) 0-
#7630 0" 0# 1$ 0) 0*
#7631 1" 1# 1( 1* 1-
#7632 0( 1)
#7633 0" 0$ 0% 0) 0*
#7634 1% 0& 1( 1) 1*
#7635 0! 1" 0# 1$ 0'
#7636 1! 0" 1# 0% 1& 1' 0( 0) 0*
#7637 0! 1" 0# 0& 1*
#7638 1! 0" 1# 0$ 1% 1( 1)
#7639 0! 1& 0( 0) 0* 00
#7640 1" 0# 1$ 0& 0' 1( 1* 10
#7641 1! 0" 1# 0$ 1' 1)
#7642 0! 1$ 1& 0( 0) 0*
#7643 1" 0# 0& 1( 1*
#7644 1! 0" 1# 0$ 1)
#7645 0! 1" 0# 1$ 1&
#7646 1! 1#
#7647 00
#7648 0) 10
#7649 0" 0# 0$ 0% 0& 0' 0-
#7650 1" 1# 1$ 1% 1& 1' 1) 1-
#7651 0$ 0% 0& 0' 0) 0-
#7652 0" 0# 1$
#7653 1" 1# 1% 1& 1' 1) 1-
#7654 0% 0& 0' 0) 0-
#7655 0! 0" 0# 0$ 1%
#7656 1! 1" 1# 1$ 1& 1' 1) 1-
#7657 0$ 0& 0' 0) 0* 0-
#7658 0! 0" 0# 1$ 1*
#7659 1! 1" 1# 1& 1' 1) 1-
#7660 0& 0' 0) 0* 0-
#7661 0! 0" 0# 0$ 0% 1& 1*
#7662 1! 1" 1# 1$ 1% 1' 1) 1-
#7663 0$ 0% 0' 0) 0* 0-
#7664 0! 0" 0# 1$ 1* 00
#7665 1! 1" 1# 1% 1' 1) 1- 10
#7666 0% 0' 0) 0* 0-
#7667 0! 0" 0# 0$ 1% 1*
#7668 1! 1" 1# 1$ 1' 1) 1-
#7669 0$ 0' 0) 0* 0-
#7670 0! 0" 0# 1$ 1*
#7671 1! 1" 1# 1' 1) 1-
#7672 0' 0) 0* 0- 00
#7673 0! 0" 0# 0$ 0% 0& 1' 1* 10
#7674 1! 1" 1# 1$ 1% 1& 1) 1-
#7675 0$ 0% 0& 0) 0* 0-
#7676 0! 0" 0# 1$ 1*
#7677 1! 1" 1# 1% 1& 1) 1-
#7678 0% 0& 0) 0* 0-
#7679 0! 0" 0# 0$ 1% 1*
#7680 1! 1" 1# 1$ 1& 1) 1-
#7681 0$ 0& 0) 0* 0- 00
#7682 0! 0" 0# 1$ 1* 10
#7683 1! 1" 1# 1& 1) 1-
#7684 0& 0) 0* 0-
#7685 0! 0" 0# 0$ 0% 1& 1*
#7686 1! 1" 1# 1$ 1% 1) 1-
#7687 0$ 0% 0) 0* 0-
#7688 0! 0" 0# 1$ 1*
#7689 1! 1" 1# 1% 1) 1- 00
#7690 0% 0) 0* 0- 10
#7691 0! 0" 0# 0$ 1% 1*
#7692 1! 1" 1# 1$ 1) 1-
#7693 0$ 0) 0* 0-
#7694 0! 0" 0# 1$ 1*
#7695 1! 1" 1# 1) 1-
#7696 0) 0* 0-
#7697 0! 0" 0$ 0% 0( 1* 1-
#7698 1! 1" 0# 1$ 1% 0& 0' 0*
#7699 1( 1*
#7700 0! 0" 1# 0% 1& 1' 0(
#7701 1! 1" 0# 0& 0*
#7702 1% 1&
#7703 0! 1# 0$ 0& 1( 1) 1*
#7704 1! 0# 1$ 0% 0' 0) 0*
#7705 1% 1&
#7706 0! 1# 0$ 0& 1' 1) 1* 00
#7707 1! 0# 1$ 0% 0) 0* 10
#7708 1% 1&
#7709 1) 1*
#7710 1# 0)
#7711 0! 0" 0# 0$ 0% 0& 0' 0( 0*
#7712 1! 1" 1# 1$ 1% 1& 1' 1( 1*
#7713 0! 0" 0# 0$ 0% 0& 0' 0( 0* 0-
#7714 1$ 1- 00
#7715 1" 1# 0$ 1* 0- 10
#7716 0" 0# 1$ 0*
#7717 0$ 1% 1-
#7718 1" 1# 1$ 0% 1* 0-
#7719 0" 0# 0$ 1% 0*
#7720 1$ 1-
#7721 1" 1# 0$ 1* 0-
#7722 0" 0# 1$ 0*
#7723 0$ 0% 1& 1-
#7724 1" 1# 1$ 1% 0& 1* 0-
#7725 0" 0# 0$ 0% 1& 0*
#7726 1$ 1-
#7727 1" 1# 0$ 1* 0-
#7728 0" 0# 1$ 0*
#7729 0$ 1% 1-
#7730 1" 1# 1$ 0% 1* 0-
#7731 0" 0# 0$ 1% 0* 00
#7732 1$ 1- 10
#7733 1" 1# 0$ 1* 0-
#7734 0" 0# 1$ 0*
#7735 0$ 0% 0& 1' 1-
#7736 1" 1# 1$ 1% 1& 0' 1* 0-
#7737 0" 0# 0$ 0% 0& 1' 0*
#7738 1$ 1-
#7739 1" 1# 0$ 1* 0-
#7740 0" 0# 1$ 0*
#7741 0$ 1% 1-
#7742 1" 1# 1$ 0% 1* 0-
#7743 0" 0# 0$ 1% 0*
#7744 1$ 1-
#7745 1" 1# 0$ 1* 0-
#7746 0" 0# 1$ 0*
#7747 0$ 0% 1& 1-
#7748 1" 1# 1$ 1% 0& 1* 0- 00
#7749 0" 0# 0$ 0% 1& 0* 10
#7750 1$ 1-
#7751 1" 1# 0$ 1* 0-
#7752 0" 0# 1$ 0*
#7753 0$ 1% 1-
#7754 1" 1# 1$ 0% 1* 0-
#7755 0" 0# 0$ 1% 0*
#7756 1$ 1- 00
#7757 1" 1# 0$ 1* 0- 10
#7758 0" 0# 1$ 0*
#7759 1! 1" 1# 1( 1* 0+ 1-
#7760 0! 0( 1+ 0-
#7761 0$ 0& 1( 1-
#7762 0" 1$ 0% 0' 0( 0*
#7763 1% 1& 1) 1*
#7764 1" 0$ 0& 1' 1( 0)
#7765 1! 0# 1$ 1)
#7766 0! 0" 1# 0% 1& 0( 0)
#7767 1" 0# 0$ 1% 0*
#7768 1! 1$ 0& 1( 1) 1*
#7769 0! 0" 1# 0% 1& 0' 0)
#7770 1" 0# 1% 1' 0( 0*
#7771 1! 0& 1( 1) 1*
#7772 0! 0" 1# 0% 1& 0)
#7773 1% 1) 00
#7774 1! 1" 10
#7775 0! 0$ 0& 0)
#7776 1! 1$ 1& 0+
#7777 0! 0$ 0% 0' 0( 1) 1+
#7778 1% 0& 1' 1( 0)
#7779 0% 0' 0* 0-
#7780 1& 0( 1) 1* 1-
#7781 1% 0& 1' 1( 00
#7782 1$ 0% 0' 0) 0* 0- 10
#7783 0$ 1& 0( 1) 1* 1-
#7784 1% 0& 1' 1(
#7785 0' 0) 0* 0-
#7786 0% 1& 0( 1) 1* 1-
#7787 1% 0& 1' 1(
#7788 1$ 0' 0) 0* 0-
#7789 0$ 0% 1& 0( 1) 1* 1-
#7790 1% 0& 1' 1( 00
#7791 0% 1& 0' 0) 0- 10
#7792 0( 1) 1-
#7793 1% 0& 1' 1(
#7794 1$ 0% 1& 0' 0) 0-
#7795 0$ 0( 1) 1-
#7796 1% 0& 1' 1(
#7797 1& 0' 0) 0-
#7798 1! 1$ 0% 1' 1) 1- 00
#7799 0! 0$ 1% 0& 10
#7800 1$ 1& 0' 0) 0-
#7801 1! 1' 1) 1-
#7802 0! 0$ 0&
#7803 0% 0) 0-
#7804 1& 0' 0( 1) 1-
#7805 1% 0& 1' 1(
#7806 1$ 0% 0) 0-
#7807 0$ 1& 0' 0( 1) 1-
#7808 1% 0& 1' 1(
#7809 0) 0-
#7810 0% 1& 0' 0( 1) 1-
#7811 1% 0& 1' 1(
#7812 1$ 0) 0* 0-
#7813 0$ 0% 1& 0' 0( 1) 1* 1-
#7814 1% 0& 1' 1(
#7815 0% 1& 0) 0* 0- 00
#7816 0' 0( 1) 1* 1- 10
#7817 1% 0& 1' 1(
#7818 1$ 0% 1& 0) 0* 0-
#7819 0$ 0' 0( 1) 1* 1-
#7820 1% 0& 1' 1(
#7821 1& 0) 0* 0-
#7822 0% 0' 0( 1) 1* 1-
#7823 1! 1$ 1% 1' 1( 00
#7824 0! 0) 0* 0- 10
#7825 0# 0$ 0% 0( 1-
#7826 1! 1$ 1% 0& 1( 1) 1*
#7827 0" 1# 1& 0' 0( 0)
#7828 0! 1" 0# 0% 1' 0*
#7829 1! 1# 1% 1( 1*
#7830 0" 0% 0(
#7831 0# 0$ 1% 0*
#7832 1" 1# 1$ 1( 1*
#7833 0" 0% 0'
#7834 0# 1% 1' 0( 0*
#7835 1" 1# 1( 1*
#7836 0" 0%
#7837 1% 1)
#7839 1"
#7840 0) 0+ 00
#7841 1+ 10
#7842 0# 0$ 0% 0& 0' 0( 0-
#7843 0" 1# 0*
#7844 1" 1$ 1% 1& 1' 1( 1-
#7845 0# 0% 0& 0' 0( 1* 0-
#7846 0" 1# 0*
#7847 1" 1% 1& 1' 1( 1* 1-
#7848 0# 0$ 0& 0' 0( 0-
#7849 0" 1# 0*
#7850 1" 1$ 1& 1' 1( 1* 0+ 1-
#7851 0# 0& 0' 0( 1+ 0-
#7852 0" 1# 0*
#7853 1" 1& 1' 1( 1* 1-
#7854 0# 0$ 0% 0' 0( 0-
#7855 0" 1# 0*
#7856 1" 1$ 1% 1' 1( 1-
#7857 0# 0% 0' 0( 1* 0- 00
#7858 0" 1# 0* 10
#7859 1" 1% 1' 1( 1* 1-
#7860 0# 0$ 0' 0( 0-
#7861 0" 1# 0*
#7862 1" 1$ 1' 1( 1* 0+ 1-
#7863 0# 0' 0( 1+ 0-
#7864 0" 1# 0*
#7865 1" 1' 1( 1* 1- 00
#7866 0# 0$ 0% 0& 0( 0- 10
#7867 0" 1# 0*
#7868 1" 1$ 1% 1& 1( 1-
#7869 0# 0% 0& 0( 1* 0-
#7870 0" 1# 0*
#7871 1" 1% 1& 1( 1* 1-
#7872 0# 0$ 0& 0( 0-
#7873 0" 1# 0*
#7874 1" 1$ 1& 1( 1* 0+ 1-
#7875 0# 0& 0( 1+ 0-
#7876 0" 1# 0*
#7877 1" 1& 1( 1* 1-
#7878 0# 0$ 0% 0( 0-
#7879 0" 1# 0*
#7880 1" 1$ 1% 1( 1-
#7881 0# 0% 0( 1* 0-
#7882 0" 1# 0* 00
#7883 1" 1% 1( 1* 1- 10
#7884 0# 0$ 0( 0-
#7885 0" 1# 0*
#7886 1" 1$ 1( 1* 0+ 1-
#7887 0# 0( 1+ 0-
#7888 0" 1# 0*
#7889 0# 0$ 0% 1-
#7890 1" 1# 1$ 1% 1( 1* 00
#7891 0! 0% 0' 0( 0* 10
#7892 1! 0" 0# 1' 1*
#7893 1" 1# 1% 1(
#7894 0! 0% 0' 1)
#7895 0" 0# 0$ 1% 1' 0( 0)
#7896 1! 1" 1# 1$ 1( 1)
#7897 0! 0% 0&
#7898 0" 0# 1% 1& 0( 0)
#7899 1! 1" 1# 1( 1) 00
#7900 0! 0% 10
#7901 1%
#7903 1!
#7904 0)
#7905 1)
#7906 0# 0$ 0% 0& 0' 0) 0* 0-
#7907 0! 0" 1# 1* 00
#7908 1" 1$ 1& 1' 1) 1- 10
#7909 1! 0# 0& 0' 0) 0* 0-
#7910 0! 0" 1# 1*
#7911 1! 1" 1% 1& 1' 1) 1-
#7912 0# 0$ 0& 0' 0) 0* 0-
#7913 0! 0" 1# 1*
#7914 1! 1" 1$ 0% 1& 1' 1) 1-
#7915 0# 1% 0& 0' 0) 0* 0-
#7916 0! 0" 1#
#7917 1! 1" 1& 1' 1) 1* 1-
#7918 0# 0$ 0% 0' 0) 0* 0-
#7919 0! 0" 1#
#7920 0# 1% 1' 1) 1* 1-
#7921 1! 1" 1$ 0% 0' 0) 0* 0-
#7922 0! 0" 1#
#7923 0$ 1% 0( 1) 1* 1-
#7924 1! 1" 0# 1( 0) 0* 0- 00
#7925 0! 0" 1# 10
#7926 0# 0( 1) 1* 1-
#7927 1! 1" 1$ 1( 0) 0* 0-
#7928 0! 0" 1#
#7929 0$ 0% 0& 1' 0( 1) 1* 1-
#7930 1! 1" 0# 1( 0) 0* 0-
#7931 0! 0" 1#
#7932 0# 0( 1) 1* 1- 00
#7933 1! 1" 1$ 1( 0) 0* 0- 10
#7934 0! 0" 1#
#7935 0$ 1% 0( 1) 1* 1-
#7936 1! 1" 0# 1( 0) 0* 0-
#7937 0! 0" 1#
#7938 1! 1" 0# 1& 1) 1* 1-
#7939 1$ 0& 0) 0* 0-
#7940 0! 0" 1#
#7941 1! 1" 1& 1) 1* 1-
#7942 0# 0$ 0% 0) 0* 0-
#7943 0! 0" 1#
#7944 1% 1) 1* 1-
#7945 1! 1" 0# 1$ 0% 0) 0* 0-
#7946 0! 0" 1#
#7947 1! 1" 1% 1) 1* 1-
#7948 0# 0$ 0) 0* 0-
#7949 0! 0" 1# 1* 00
#7950 1! 1) 1- 10
#7951 1" 0# 1$ 0) 0* 0-
#7952 0! 0" 1#
#7953 0# 0$ 0% 0( 1* 1-
#7954 1! 1" 1# 1$ 1% 1( 1)
#7955 0# 0&
#7956 0! 0" 0% 1& 0( 0)
#7957 1" 1# 1)
#7958 1! 0' 1( 0)
#7959 0! 0$ 1% 0& 1'
#7960 1& 0(
#7961 1! 1$ 0% 0& 1(
#7962 0! 0$ 1%
#7963 0" 1$ 1& 0(
#7964 1! 1" 0% 1(
#7965 1% 1)
#7966 00
#7967 0) 10
#7969 0! 0" 0$ 0% 0& 0' 0( 0*
#7970 1" 0# 0-
#7971 0" 1$ 1& 1*
#7972 1# 0& 0* 1-
#7973 1" 0# 0-
#7974 0" 1& 1* 00
#7975 1# 0$ 1% 0& 0* 1- 10
#7976 1" 0# 0-
#7977 0" 1$ 0% 1& 1*
#7978 1# 1% 0& 0* 1-
#7979 1" 0# 0-
#7980 0" 0% 1& 1*
#7981 1# 0$ 0* 1-
#7982 1" 0# 0-
#7983 0" 1$ 1*
#7984 1# 0* 1-
#7985 1" 0# 0-
#7986 0" 1*
#7987 1# 0$ 1% 0* 1-
#7988 1" 0# 0-
#7989 0" 1$ 0% 1*
#7990 1# 1% 0* 1-
#7991 1" 0# 0- 00
#7992 0" 0% 1* 10
#7993 1# 0$ 0& 1' 0* 1-
#7994 1" 0# 0-
#7995 0" 1$ 1& 0' 1*
#7996 1# 0& 1' 0* 1-
#7997 1" 0# 0-
#7998 0" 1& 0' 1*
#7999 1# 0$ 1% 0& 1' 0* 1- 00
#8000 1" 0# 0- 10
#8001 0" 1$ 0% 1& 0' 1*
#8002 1# 1% 0& 1' 0* 1-
#8003 1" 0# 0-
#8004 0" 0% 1& 0' 1*
#8005 1# 0$ 1' 0* 1-
#8006 1" 0# 0-
#8007 0" 1$ 0' 1) 1*
#8008 1# 1' 0) 0* 1- 00
#8009 1" 0# 0- 10
#8010 0" 0' 1) 1* 1-
#8011 1# 0$ 1% 1' 0) 0*
#8012 1" 0# 0-
#8013 0" 1$ 0% 0' 1) 1* 1-
#8014 1# 1% 1' 0) 0*
#8015 1" 0# 0-
#8016 0" 0% 0' 1) 1* 1- 00
#8017 0$ 0& 0) 0* 10
#8018 1"
#8019 0"
#8021 1"
#8022 0" 1% 1) 1*
#8023 0% 0)
#8024 1! 0*
#8025 0! 1% 1) 1*
#8026 0% 0)
#8027 1! 0*
#8028 0! 1% 1) 1*
#8029 0% 0)
#8030 1)
#8031 1! 1" 1# 1$ 1% 1& 1' 1( 0)
#8033 0! 0$ 0& 1) 00
#8034 1! 0" 0# 0% 0' 0) 0- 10
#8035 1" 1# 1$ 1% 1& 1' 1-
#8036 0! 0$ 0& 1)
#8037 1! 0" 0# 1$ 0% 0' 0) 0-
#8038 1" 1# 1% 1& 1' 1-
#8039 0! 0$ 0& 1)
#8040 1! 0" 0# 0' 0) 0-
#8041 1" 1# 1$ 1& 1' 1- 00
#8042 0! 0$ 0& 1) 10
#8043 1! 0" 0# 1$ 0' 0) 0-
#8044 1" 1# 1& 1' 1-
#8045 0! 0$ 0& 1)
#8046 1! 0" 0# 0% 1& 0' 0) 0-
#8047 1" 1# 1$ 1% 1' 1-
#8048 0! 0$ 0& 1)
#8049 1! 0" 0# 1$ 0% 1& 0' 0) 0-
#8050 1" 1# 1% 1' 1-
#8051 0! 0$ 0& 1)
#8052 1! 0" 0# 1& 0' 0) 0-
#8053 1" 1# 1$ 1' 1-
#8054 0! 0$ 0& 1)
#8055 1! 0" 0# 1$ 1& 0' 0) 0-
#8056 1" 1# 1' 1-
#8057 0! 0$ 0& 0' 1)
#8058 1! 0" 0# 0% 1' 0) 0- 00
#8059 1" 1# 1$ 1% 1& 1- 10
#8060 0! 0$ 0% 0& 1)
#8061 1! 0" 0# 1$ 0) 0-
#8062 1" 1# 1% 1& 1-
#8063 0! 0$ 0% 0& 1)
#8064 1! 0" 0# 1% 0) 0-
#8065 1" 1# 1$ 1& 1-
#8066 0! 0$ 0& 1)
#8067 1! 0" 0# 1$ 0) 0-
#8068 1" 1# 1& 1-
#8069 0! 0$ 0& 1)
#8070 1! 0" 0# 0% 1& 0) 0-
#8071 1" 1# 1$ 1% 1-
#8072 0! 0$ 0& 1)
#8073 1! 0" 0# 1$ 0% 1& 0) 0-
#8074 1" 1# 1% 1-
#8075 0! 0$ 0& 1) 00
#8076 1! 0" 0# 1& 0) 0- 10
#8077 1" 1# 1$ 1-
#8078 0! 0$ 0& 1)
#8079 1! 0" 0# 1$ 1& 0) 0-
#8080 1" 1# 1-
#8081 0! 0$ 0& 1)
#8082 1! 0" 0# 0% 0' 0( 0) 0*
#8083 0! 1# 1% 1' 1( 1) 1* 00
#8084 1" 10
#8085 1! 0" 0# 0% 0' 0( 0) 0*
#8086 1%
#8087 0! 1# 1' 1*
#8088 0# 0% 0' 0*
#8089 1! 1% 1*
#8090 0! 1# 1' 1(
#8091 0# 0% 0' 0( 0*
#8092 1! 1% 1*
#8093 0! 1# 1' 1(
#8094 1! 0# 0% 0' 0( 1)
#8095 1" 1# 1$ 1% 1& 1' 1(
#8096 0)
#8098 0" 0# 0$ 0% 0& 0' 0( 0-
#8099 1" 1# 1$ 1% 1& 1' 1( 1-
#8100 0$ 0% 0& 0' 0( 0- 00
#8101 0" 0# 1$ 10
#8102 1" 1# 1% 1& 1' 1( 1-
#8103 0% 0& 0' 0( 0-
#8104 0" 0# 0$ 1%
#8105 1" 1# 1$ 1& 1' 1( 1-
#8106 0$ 0& 0' 0( 0-
#8107 0" 0# 1$
#8108 1" 1# 1& 1' 1( 1- 00
#8109 0& 0' 0( 0- 10
#8110 0" 0# 0$ 0% 1&
#8111 1" 1# 1$ 1% 1' 1( 1-
#8112 0$ 0% 0' 0( 0-
#8113 0" 0# 1$
#8114 1" 1# 1% 1' 1( 1-
#8115 0% 0' 0( 0-
#8116 0" 0# 0$ 1%
#8117 1" 1# 1$ 1' 1( 1- 00
#8118 0$ 0' 0( 0- 10
#8119 0" 0# 1$
#8120 1" 1# 1' 1( 1-
#8121 0' 0( 0-
#8122 0" 0# 0$ 0% 0& 1'
#8123 1" 1# 1$ 1% 1& 1( 1-
#8124 0$ 0% 0& 0( 0-
#8125 0" 0# 1$ 00
#8126 1" 1# 1% 1& 1( 1- 10
#8127 0% 0& 0( 0-
#8128 0" 0# 0$ 1%
#8129 1" 1# 1$ 1& 1( 1-
#8130 0$ 0& 0( 0-
#8131 0" 0# 1$
#8132 1" 1# 1& 1( 1-
#8133 0& 0( 0-
#8134 0" 0# 0$ 0% 1&
#8135 1" 1# 1$ 1% 1( 1-
#8136 0$ 0% 0( 0-
#8137 0" 0# 1$
#8138 1" 1# 1% 1( 1) 1-
#8139 0% 0( 0) 0-
#8140 0" 0# 0$ 1%
#8141 1" 1# 1$ 1( 1) 1-
#8142 0$ 0( 0) 0- 00
#8143 0! 0" 0# 1$ 10
#8144 1! 1" 1# 1( 1) 1-
#8145 0( 0) 0* 0-
#8146 0! 0" 0# 0$ 0% 0& 0' 1* 1-
#8147 1" 1% 0*
#8148 0%
#8149 0" 1*
#8150 1" 0* 00
#8151 1% 1* 10
#8152 1# 1' 1( 1)
#8153 0# 0% 0' 0( 0) 0*
#8154 1% 1*
#8155 1# 1' 1( 1)
#8156 0# 0% 0' 0( 0) 0*
#8157 1% 1*
#8158 0% 1)
#8159 1! 1# 1$ 1% 1& 1' 1( 0)
#8160 0! 0" 0# 0$ 0% 0& 0' 0(
#8161 1! 1" 1# 1$ 1% 1& 1' 1(
#8162 0! 0" 0# 0$ 0% 0& 0' 0* 0-
#8163 1$ 0( 1* 1-
#8164 1! 1" 1# 0$ 1( 0-
#8165 0! 0" 0# 1$ 0*
#8166 0$ 1% 0( 1* 1-
#8167 1! 1" 1# 1$ 0% 1( 0- 00
#8168 0! 0" 0# 0$ 1% 0* 10
#8169 1$ 0( 1* 1-
#8170 1! 1" 1# 0$ 1( 0-
#8171 0! 0" 0# 1$ 0*
#8172 0$ 0% 1& 0( 1* 1-
#8173 1! 1" 1# 1$ 1% 0& 1( 0-
#8174 0! 0" 0# 0$ 0% 1& 0*
#8175 1$ 0( 1* 1-
#8176 1! 1" 1# 0$ 1( 0-
#8177 0! 0" 0# 1$ 0*
#8178 0$ 1% 0( 1-
#8179 1" 1# 1$ 0% 1( 1* 0-
#8180 0" 0# 0$ 1% 0*
#8181 1$ 0( 1-
#8182 1" 1# 0$ 1( 1* 0-
#8183 0" 0# 1$ 0*
#8184 0$ 0% 0& 1' 0( 1- 00
#8185 1" 1# 1$ 1% 1& 0' 1( 1* 0- 10
#8186 0" 0# 0$ 0% 0& 1' 0*
#8187 1$ 0( 1-
#8188 1" 1# 0$ 1( 1* 0-
#8189 0" 0# 1$ 0*
#8190 0$ 1% 0( 1-
#8191 1" 1# 1$ 0% 1( 1* 0-
#8192 0" 0# 0$ 1% 0* 00
#8193 1$ 0( 1- 10
#8194 1" 1# 0$ 1( 1* 0-
#8195 0" 0# 1$ 0*
#8196 0$ 0% 1& 0( 1-
#8197 1" 1# 1$ 1% 0& 1( 1* 0-
#8198 0" 0# 0$ 0% 1& 0*
#8199 1$ 0( 1-
#8200 1" 1# 0$ 1( 1* 0-
#8201 0" 0# 1$ 0*
#8202 0$ 1% 0( 1* 1-
#8203 1! 1" 1# 1$ 0% 1( 0-
#8204 0! 0" 0# 0$ 1% 0*
#8205 1$ 0( 1* 1-
#8206 1! 1" 1# 0$ 1( 0-
#8207 0! 0" 0# 1$ 0*
#8208 1! 1" 1# 1* 1-
#8209 0- 00
#8210 0! 0" 0# 0$ 0% 0& 0' 0( 1- 10
#8211 1! 1"
#8212 0! 0" 1# 1% 1' 1( 1)
#8213 0# 0% 0' 0( 0)
#8214 1$ 1% 1' 1(
#8215 1! 1" 0$ 0% 0' 0(
#8216 0! 0*
#8217 0" 1$ 1% 1' 1( 1) 1* 00
#8218 1! 1" 0$ 0% 0' 0( 0) 10
#8219 0! 0*
#8220 0" 1$ 1% 1' 1( 1) 1*
#8221 1! 1" 0$ 0% 0' 0( 0)
#8222 1)
#8223 1# 1$ 1% 1& 1' 1(
#8224 0! 0$ 0& 0)
#8225 1! 1$ 1& 0+
#8226 0! 0# 0% 0' 0( 1) 1+ 00
#8227 1# 0$ 1% 0& 1' 1( 0) 10
#8228 0% 0' 0( 0* 0-
#8229 0# 1$ 1& 1) 1* 1-
#8230 1# 0$ 1% 0& 1' 1( 0)
#8231 1$ 0% 0' 0( 0* 0-
#8232 0# 1& 1) 1* 1-
#8233 1# 0$ 1% 0& 1' 1( 0)
#8234 0' 0( 0* 0- 00
#8235 0# 1$ 0% 1& 1) 1* 1- 10
#8236 1# 0$ 1% 0& 1' 1( 0)
#8237 1$ 0' 0( 0* 0-
#8238 0# 0% 1& 1) 1* 1-
#8239 1# 0$ 1% 0& 1' 1( 0)
#8240 0% 1& 0' 0( 0* 0-
#8241 0# 1$ 1) 1* 1-
#8242 1# 0$ 1% 0& 1' 1( 0)
#8243 1$ 0% 1& 0' 0( 0* 0-
#8244 0# 1) 1* 1-
#8245 1# 0$ 1% 0& 1' 1( 0)
#8246 1& 0' 0( 0* 0-
#8247 0# 1$ 0% 1) 1* 1-
#8248 1# 0$ 1% 0& 1' 1( 0)
#8249 1$ 1& 0' 0( 0* 0-
#8250 0# 0% 1) 1* 1-
#8251 1# 0$ 1% 0& 1' 1( 0) 00
#8252 0% 0( 0* 0- 10
#8253 0# 1$ 1& 0' 1) 1* 1-
#8254 1# 0$ 1% 0& 1' 1( 0)
#8255 1$ 0% 0( 0* 0-
#8256 0# 1& 0' 1) 1* 1-
#8257 1# 0$ 1% 0& 1' 1( 0)
#8258 0( 0* 0-
#8259 0# 1$ 0% 1& 0' 1) 1* 1- 00
#8260 1# 0$ 1% 0& 1' 1( 0) 10
#8261 1$ 0( 0* 0-
#8262 0# 0% 1& 0' 1) 1* 1-
#8263 1# 0$ 1% 0& 1' 1( 0)
#8264 0% 1& 0( 0* 0-
#8265 0# 1$ 0' 1) 1* 1-
#8266 1# 0$ 1% 0& 1' 1( 0)
#8267 1$ 0% 1& 0( 0* 0-
#8268 0# 0' 1) 1* 1-
#8269 1# 0$ 1% 0& 1' 1(
#8270 1& 0( 0) 0* 0-
#8271 0# 1$ 0% 0' 1) 1* 1-
#8272 1! 1# 1% 1' 1(
#8273 0! 0( 0) 0* 0-
#8274 0# 0$ 0% 0& 0' 1-
#8275 0" 1$ 1% 1' 1( 1) 1*
#8276 1# 0$ 0' 0( 0) 0* 00
#8277 1" 0# 0% 10
#8278 1! 1# 1$ 1% 1& 1' 1( 1*
#8279 0! 0" 0$ 0% 0& 0' 0( 0*
#8280 1! 0#
#8281 1" 1# 1$ 1% 1& 1' 1( 1*
#8282 0! 0" 0$ 0% 0& 0' 0( 0*
#8283 1! 0#
#8284 1" 1# 1$ 1% 1& 1' 1( 1*
#8285 0! 0" 0$ 0% 0& 0' 0( 0*
#8286 1) 1*
#8288 1! 1" 1$ 1% 1& 1' 1(
#8289 0) 0+
#8290 1+
#8291 0# 0$ 0% 0& 0' 0-
#8292 0" 1# 0*
#8293 1" 1$ 1% 1& 0( 1- 00
#8294 0# 0% 0& 1( 1* 0- 10
#8295 0" 1# 0*
#8296 1" 1% 1& 1' 1* 1-
#8297 0# 0$ 0& 0' 0-
#8298 0" 1# 0*
#8299 1" 1$ 1& 0( 1* 0+ 1-
#8300 0# 0& 1( 1+ 0-
#8301 0" 1# 0* 00
#8302 1" 1& 1' 1* 1- 10
#8303 0# 0$ 0% 0' 0-
#8304 0" 1# 0*
#8305 1" 1$ 1% 0( 1-
#8306 0# 0% 1( 1* 0-
#8307 0" 1# 0*
#8308 1" 1% 1' 1* 1-
#8309 0# 0$ 0' 0-
#8310 0" 1# 0*
#8311 1" 1$ 0( 1* 0+ 1-
#8312 0# 1( 1+ 0-
#8313 0" 1# 0*
#8314 1" 1' 1* 1-
#8315 0# 0$ 0% 0& 0-
#8316 0" 1# 0*
#8317 1" 1$ 1% 1& 0' 0( 1-
#8318 0# 0% 0& 1' 1( 1* 0- 00
#8319 0" 1# 0* 10
#8320 1" 1% 1& 1* 1-
#8321 0# 0$ 0& 0-
#8322 0" 1# 0*
#8323 1" 1$ 1& 0' 0( 1* 0+ 1-
#8324 0# 0& 1' 1( 1+ 0-
#8325 0" 1# 0*
#8326 1" 1& 1* 1- 00
#8327 0# 0$ 0% 0- 10
#8328 0" 1# 0*
#8329 1" 1$ 1% 0' 0( 1-
#8330 0# 0% 1' 1( 1* 0-
#8331 0" 1# 0*
#8332 1" 1% 1* 1-
#8333 0# 0$ 0-
#8334 0" 1# 0*
#8335 1" 1$ 0' 0( 1* 0+ 1- 00
#8336 0# 1' 1( 1+ 0- 10
#8337 0" 1# 0*
#8338 0# 0$ 0% 0& 0' 0( 1* 1-
#8339 1" 1# 1$ 1% 1& 1' 1(
#8340 0" 0$ 0% 0& 0' 0( 0*
#8341 0# 1*
#8342 1" 1# 1$ 1% 1& 1' 1(
#8343 0! 0" 0# 0& 1) 00
#8344 0$ 0% 0' 0( 0) 10
#8345 1! 1" 1# 1$ 1% 1& 1' 1( 1)
#8346 0! 0" 0# 0&
#8347 0$ 0% 0' 0( 0)
#8348 1! 1" 1# 1$ 1% 1& 1' 1( 1)
#8349 0! 0" 0# 0$ 0&
#8350 1! 1# 0% 0' 0(
#8352 1" 1$ 1% 1& 1' 1(
#8353 0)
#8354 1)
#8355 0# 0$ 0% 0& 0' 0( 0) 0* 0-
#8356 0! 0" 1# 1*
#8357 1" 1& 1) 1-
#8358 1! 0# 1$ 0& 0) 0* 0-
#8359 0! 0" 1# 1*
#8360 1! 1" 1% 1& 1' 1( 1) 1- 00
#8361 0# 0$ 0& 0' 0( 0) 0* 0- 10
#8362 0! 0" 1# 1*
#8363 1! 1" 0% 1& 1) 1-
#8364 0# 1$ 1% 0& 0) 0* 0-
#8365 0! 0" 1# 1*
#8366 1! 1" 1& 1' 1( 1) 1-
#8367 0# 0$ 0% 0' 0( 0) 0* 0-
#8368 0! 0" 1# 1* 00
#8369 0# 1$ 1) 1- 10
#8370 1! 1" 0) 0* 0-
#8371 0! 0" 1# 1*
#8372 1! 1" 1% 1' 1( 1) 1-
#8373 0# 0$ 0' 0( 0) 0* 0-
#8374 0! 0" 1# 1*
#8375 1! 0# 1$ 0% 1) 1-
#8376 1" 1% 0) 0* 0-
#8377 0! 0" 1# 1*
#8378 1! 1" 1' 1( 1) 1-
#8379 0# 0$ 0% 0& 0( 0) 0* 0-
#8380 0! 0" 1# 1*
#8381 1" 0# 1$ 1& 0' 1) 1-
#8382 1! 0& 1' 0) 0* 0-
#8383 0! 0" 1# 1*
#8384 1! 1" 1% 1& 1( 1) 1-
#8385 0# 0$ 0& 0( 0) 0* 0- 00
#8386 0! 0" 1# 1* 10
#8387 1! 1" 0# 1$ 0% 1& 0' 1) 1-
#8388 1% 0& 1' 0) 0* 0-
#8389 0! 0" 1# 1*
#8390 1! 1" 1& 1( 1) 1-
#8391 0# 0$ 0% 0( 0) 0* 0-
#8392 0! 0" 1# 1*
#8393 1$ 0' 1) 1-
#8394 1! 1" 0# 1' 0) 0* 0-
#8395 0! 0" 1# 1*
#8396 1! 1" 1% 1( 1) 1-
#8397 0# 0$ 0( 0) 0* 0-
#8398 0! 0" 1# 1*
#8399 1! 1$ 0% 0' 1) 1-
#8400 1" 0# 1% 1' 0) 0* 0-
#8401 0! 0" 1# 1*
#8402 1! 0# 0$ 0% 0& 0' 1- 00
#8403 1" 1# 1$ 1% 1& 1' 1( 1) 10
#8404 0! 0" 0# 0&
#8405 1! 0$ 0% 0' 0( 0)
#8406 0! 1" 1)
#8407 1# 0) 0*
#8408 0" 0# 1*
#8409 1"
#8410 1# 0* 00
#8411 0" 0# 1* 10
#8412 1" 0*
#8413 1#
#8414 1) 1*
#8416 1! 1$ 1% 1& 1' 1( 0)
#8418 0! 0" 0$ 0% 0& 0' 0( 0*
#8419 1" 0# 1( 1* 0-
#8420 0" 1#
#8421 1$ 0( 0* 1-
#8422 1" 0# 1( 1* 0-
#8423 0" 1#
#8424 0$ 1% 0( 0* 1-
#8425 1" 0# 1( 1* 0-
#8426 0" 1#
#8427 1$ 0( 0* 1- 00
#8428 1" 0# 1( 1* 0- 10
#8429 0" 1#
#8430 0$ 0% 1& 0( 0* 1-
#8431 1" 0# 1( 1* 0-
#8432 0" 1#
#8433 1$ 0( 0* 1-
#8434 1" 0# 1( 1* 0-
#8435 0" 1# 00
#8436 0$ 1% 0( 0* 1- 10
#8437 1" 0# 1( 1* 0-
#8438 0" 0%
#8439 1# 1$ 1% 0( 0* 1-
#8440 1" 0# 1( 0-
#8441 0" 0% 0( 1*
#8442 1# 0$ 0& 1' 0* 1-
#8443 1" 0# 1( 0-
#8444 1$ 1& 0' 0( 1* 00
#8445 0" 1# 0& 1' 0* 1- 10
#8446 1" 0# 1( 0-
#8447 1! 1& 0' 0( 1*
#8448 0! 0" 1# 0$ 1% 0& 1' 0* 1-
#8449 1" 0# 1( 0-
#8450 1$ 0% 1& 0' 0( 1*
#8451 0" 1# 1% 0& 1' 0* 1-
#8452 1" 0# 1( 0- 00
#8453 0" 0% 0' 0( 1* 10
#8454 1# 0$ 1& 1' 0* 1-
#8455 1" 0# 1( 0-
#8456 0" 0' 0( 1*
#8457 1# 1$ 1' 0* 1-
#8458 1" 0# 1( 1* 0-
#8459 0"
#8460 1# 0$ 1% 0( 0* 1-
#8461 1" 0# 1( 1* 0-
#8462 0" 1#
#8463 1$ 0( 0* 1-
#8464 1" 0# 1( 1* 0-
#8465 0" 1#
#8466 0# 0$ 0% 0& 0' 0( 0* 1-
#8467 1"
#8468 1! 1#
#8469 0! 0" 0# 00
#8470 1" 10
#8471 0" 1# 1% 1' 1( 1) 1*
#8472 1! 1" 0% 0' 0(
#8473 0" 0# 0) 0*
#8474 0! 1# 1% 1' 1( 1) 1*
#8475 1! 1" 0% 0' 0(
#8476 0" 0# 0) 0*
#8477 0! 1# 1% 1' 1( 1) 1* 00
#8478 1! 1" 0% 0' 0( 10
#8480 1$ 1% 1& 1' 1( 0)
#8481 1)
#8482 0! 0$ 0&
#8483 1! 0" 0# 0% 0' 0( 0) 0-
#8484 1" 1# 1$ 1% 1& 1' 1( 1-
#8485 0! 0$ 0& 1)
#8486 1! 0" 0# 1$ 0% 0' 0( 0) 0-
#8487 1" 1# 1% 1& 1' 1( 1-
#8488 0! 0$ 0& 1)
#8489 1! 0" 0# 0' 0( 0) 0-
#8490 1" 1# 1$ 1& 1' 1( 1-
#8491 0! 0$ 0& 1)
#8492 1! 0" 0# 1$ 0' 0( 0) 0-
#8493 1" 1# 1& 1' 1( 1-
#8494 0! 0$ 0& 1) 00
#8495 1! 0" 0# 0% 1& 0' 0( 0) 0- 10
#8496 1" 1# 1$ 1% 1' 1( 1-
#8497 0! 0$ 0& 1)
#8498 1! 0" 0# 1$ 0% 1& 0' 0( 0) 0-
#8499 1" 1# 1% 1' 1( 1) 1-
#8500 0! 0$ 0&
#8501 1! 0" 0# 1& 0' 0( 0) 0-
#8502 1" 1# 1$ 1' 1( 1) 1-
#8503 0! 0$ 0&
#8504 0" 0# 1$ 1& 0' 0( 0) 0-
#8505 1! 1" 1# 1' 1( 1) 1-
#8506 0! 0$ 0&
#8507 0" 0# 0% 0( 0) 0-
#8508 1! 1" 1# 1$ 1% 1& 1( 1) 1-
#8509 0! 0$ 0&
#8510 0" 0# 1$ 0% 0( 0) 0-
#8511 1! 1" 1# 1% 1& 1( 1) 1- 00
#8512 0! 0$ 0& 10
#8513 0" 0# 0( 0) 0-
#8514 1! 1" 1# 1$ 1& 1( 1) 1-
#8515 0! 0$ 0&
#8516 1! 0" 0# 1$ 0( 0) 0-
#8517 1" 1# 1& 1( 1) 1-
#8518 0! 0$ 0&
#8519 1! 0" 0# 0% 1& 0( 0) 0- 00
#8520 1" 1# 1$ 1% 1( 1- 10
#8521 0! 0$ 0& 1)
#8522 1! 0" 0# 1$ 0% 1& 0( 0) 0-
#8523 1" 1# 1% 1( 1-
#8524 0! 0$ 0& 1)
#8525 1! 0" 0# 1& 0( 0) 0-
#8526 1" 1# 1$ 1( 1-
#8527 0! 0$ 0& 1)
#8528 1! 0" 0# 1$ 1& 0( 0) 0-
#8529 1" 1# 1( 1-
#8530 0! 0$ 0& 1)
#8531 1! 0" 0# 0% 0' 0( 0) 0*
#8532 0! 1# 1% 1' 1( 1) 1*
#8533 1"
#8534 1! 0" 0# 0% 0' 0( 0) 0*
#8535 0! 1$ 1%
#8536 0% 1* 00
#8537 0$ 0* 10
#8538 1$ 1%
#8539 0% 1*
#8540 0$ 0*
#8541 1$ 1%
#8542 0% 1*
#8543 1)
#8544 1! 1" 1# 1% 1& 1' 1( 00
#8545 0) 10
#8547 0" 0# 0$ 0% 0& 0' 0* 0-
#8548 1" 1# 1$ 1% 1& 1' 1* 1-
#8549 0$ 0% 0& 0' 0-
#8550 0" 0# 1$ 0*
#8551 1" 1# 1% 1& 1' 1* 1-
#8552 0% 0& 0' 0-
#8553 0" 0# 0$ 1% 0* 00
#8554 1" 1# 1$ 1& 1' 1* 1- 10
#8555 0$ 0& 0' 0-
#8556 0" 0# 1$ 0*
#8557 1" 1# 1& 1' 1* 1-
#8558 0& 0' 0-
#8559 0" 0# 0$ 0% 1& 0*
#8560 1" 1# 1$ 1% 1' 1* 1-
#8561 0$ 0% 0' 0- 00
#8562 0" 0# 1$ 0* 10
#8563 1" 1# 1% 1' 1* 1-
#8564 0% 0' 0-
#8565 0" 0# 0$ 1% 0*
#8566 1" 1# 1$ 1' 1* 1-
#8567 0$ 0' 0-
#8568 0" 0# 1$ 0*
#8569 1" 1# 1' 1* 1-
#8570 0' 0-
#8571 0" 0# 0$ 0% 0& 1' 0*
#8572 1" 1# 1$ 1% 1& 1* 1-
#8573 0$ 0% 0& 0-
#8574 0" 0# 1$ 0*
#8575 1" 1# 1% 1& 1* 1-
#8576 0% 0& 0-
#8577 0" 0# 0$ 1% 0*
#8578 1" 1# 1$ 1& 1* 1- 00
#8579 0$ 0& 0- 10
#8580 0" 0# 1$ 0*
#8581 1" 1# 1& 1* 1-
#8582 0& 0-
#8583 0" 0# 0$ 0% 1& 0*
#8584 1" 1# 1$ 1% 1* 1-
#8585 0$ 0% 0-
#8586 0" 0# 1$ 0* 00
#8587 1" 1# 1% 1* 1- 10
#8588 0% 0-
#8589 0" 0# 0$ 1% 0*
#8590 1" 1# 1$ 1* 1-
#8591 0$ 0-
#8592 0" 0# 1$ 0*
#8593 1" 1# 1* 1-
#8594 0-
#8595 0! 0" 0# 0$ 0% 0& 0' 0( 1-
#8596 1! 1$ 1% 0*
#8597 0%
#8598 0! 0$ 1*
#8599 1! 1$ 0*
#8600 1% 1) 1*
#8601 0! 1" 1# 0$ 1' 1( 0)
#8602 1! 0" 0# 1$ 0% 0' 0( 0*
#8603 1% 1) 1* 00
#8604 0! 1" 1# 0$ 1' 1( 0) 10
#8605 1! 0" 0# 1$ 0% 0' 0( 0*
#8606 1% 1) 1*
#8607 0%
#8608 1" 1# 1% 1& 1' 1( 0)
#8609 0! 0" 0# 0$ 0% 0& 0' 0( 1)
#8610 1! 1" 1# 1$ 1% 1& 1' 1( 0)
#8611 0! 0" 0# 0$ 0% 0& 0' 0( 0* 0-
#8612 1$ 1* 1-
#8613 1! 1" 1# 0$ 0-
#8614 0! 0" 0# 1$ 0*
#8615 0$ 1% 1* 1-
#8616 1! 1" 1# 1$ 0% 0-
#8617 0! 0" 0# 0$ 1% 0*
#8618 1$ 1* 1-
#8619 1! 1" 1# 0$ 0-
#8620 0! 0" 0# 1$ 0* 00
#8621 0$ 0% 1& 1* 1- 10
#8622 1! 1" 1# 1$ 1% 0& 0-
#8623 0! 0" 0# 0$ 0% 1& 0*
#8624 1$ 1* 1-
#8625 1! 1" 1# 0$ 0-
#8626 0! 0" 0# 1$ 0*
#8627 0$ 1% 1) 1* 1-
#8628 1! 1" 1# 1$ 0% 0) 0- 00
#8629 0! 0" 0# 0$ 1% 0* 10
#8630 1$ 1) 1* 1-
#8631 1! 1" 1# 0$ 0) 0* 0-
#8632 0! 0" 0# 1$
#8633 0$ 0% 0& 1' 1) 1* 1-
#8634 1! 1" 1# 1$ 1% 1& 0' 0) 0* 0-
#8635 0! 0" 0# 0$ 0% 0& 1'
#8636 1$ 1) 1* 1-
#8637 1! 1" 1# 0$ 0) 0* 0-
#8638 0! 0" 0# 1$
#8639 0$ 1% 1) 1* 1-
#8640 1! 1" 1# 1$ 0% 0) 0* 0-
#8641 0! 0" 0# 0$ 1%
#8642 1$ 1) 1* 1-
#8643 1! 1" 1# 0$ 0) 0* 0-
#8644 0! 0" 0# 1$
#8645 0$ 0% 1& 1) 1* 1- 00
#8646 1! 1" 1# 1$ 1% 0& 0) 0- 10
#8647 0! 0" 0# 0$ 0% 1& 0*
#8648 1$ 1) 1* 1-
#8649 1! 1" 1# 0$ 0) 0-
#8650 0! 0" 0# 1$ 0*
#8651 0$ 1% 1* 1-
#8652 1! 1" 1# 1$ 0% 0-
#8653 0! 0" 0# 0$ 1% 0* 00
#8654 1$ 1* 1- 10
#8655 1! 1" 1# 0$ 0-
#8656 0! 0" 0# 1$ 0*
#8657 1! 1" 1# 1( 1* 1-
#8658 0( 0-
#8659 0! 0" 0# 0$ 0% 0& 0' 1-
#8660 1" 1$
#8661 0" 1# 0$ 1% 1' 1( 1)
#8662 0# 0% 0' 0( 0) 00
#8663 1$ 1% 1' 1( 10
#8664 1" 0' 0(
#8665 0$ 0% 0*
#8666 0" 1$ 1% 1' 1( 1) 1*
#8667 1" 0' 0( 0)
#8668 0$ 0% 0*
#8669 0" 1$ 1% 1' 1( 1) 1*
#8670 1" 0' 0( 0) 00
#8671 0% 1) 10
#8672 1! 1# 1% 1& 1' 1(
#8673 0! 0" 0# 0$ 0% 0& 0' 0( 0)
#8674 1! 1" 1# 1$ 1% 1& 1' 1( 0+
#8675 0" 0% 0' 0( 1) 1+
#8676 0! 0# 0& 0)
#8677 1" 1# 0$ 1( 0* 0-
#8678 1! 0" 1$ 1& 0( 1) 1* 1-
#8679 0! 0# 0$ 1% 0& 0)
#8680 1" 1# 1$ 0% 1( 0* 0-
#8681 1! 0" 1& 0( 1) 1* 1-
#8682 0! 0# 1% 0& 0)
#8683 1" 1# 0$ 1( 0* 0-
#8684 1! 0" 1$ 0% 1& 0( 1) 1* 1-
#8685 0! 0# 0$ 0)
#8686 1" 1# 1$ 1% 0& 1( 0* 0-
#8687 1! 0" 0% 1& 0( 1) 1* 1- 00
#8688 0! 0# 0) 10
#8689 1" 1# 0$ 1( 0* 0-
#8690 1! 0" 1$ 0( 1) 1* 1-
#8691 0! 0# 0$ 1% 0)
#8692 1" 1# 1$ 0% 1( 0* 0-
#8693 1! 0" 0( 1) 1* 1-
#8694 0! 0# 1% 0)
#8695 1" 1# 0$ 1( 0* 0- 00
#8696 1! 0" 1$ 0% 0( 1) 1* 1- 10
#8697 0! 0# 0$ 0& 1' 0)
#8698 1" 1# 1$ 1% 1& 0' 1( 0* 0-
#8699 1! 0" 0% 0( 1) 1* 1-
#8700 0! 0# 0$ 0& 1' 0)
#8701 1" 1# 1( 0* 0-
#8702 1! 0" 1$ 1& 0' 0( 1) 1* 1-
#8703 0! 0# 0$ 1% 0& 1' 0)
#8704 1" 1# 1$ 0% 1( 0* 0-
#8705 1! 0" 1& 0' 0( 1) 1* 1-
#8706 0! 0# 0$ 1% 0& 1' 0)
#8707 1" 1# 1( 0* 0-
#8708 1! 0" 1$ 0% 1& 0' 0( 1) 1* 1-
#8709 0! 0# 0$ 0& 1' 0)
#8710 1" 1# 1$ 1% 1( 0* 0-
#8711 1! 0" 0% 1& 0' 0( 1) 1* 1-
#8712 0! 0# 0$ 0& 1' 0) 00
#8713 1" 1# 1& 1( 0* 0- 10
#8714 1! 0" 1$ 0' 0( 1) 1* 1-
#8715 0! 0# 0$ 1% 1' 0)
#8716 1" 1# 1$ 0% 1( 0* 0-
#8717 1! 0" 0' 0( 1) 1* 1-
#8718 0! 0# 1% 1' 0)
#8719 1" 1# 0$ 1( 0* 0-
#8720 1! 0" 1$ 0% 0' 0( 1) 1* 1-
#8721 1" 1% 1' 1( 0)
#8722 0! 0* 0-
#8723 0# 0$ 0% 0& 1) 1* 1-
#8724 1! 1$ 0' 0( 0)
#8725 1% 0*
#8726 0! 0$ 0% 1' 1( 1) 1*
#8727 1! 1# 1$ 1% 1&
#8728 0# 0% 0& 0' 0( 0) 0*
#8729 0" 0$ 1* 00
#8730 1" 1# 1$ 1% 1& 1' 1( 10
#8731 0# 0% 0& 0' 0( 0*
#8732 0" 0$ 1*
#8733 1" 1# 1$ 1% 1& 1' 1(
#8734 0# 0% 0& 0' 0( 0*
#8735 1) 1*
#8737 1# 1% 1& 1' 1( 00
#8738 0) 0+ 10
#8739 1+
#8740 0# 0$ 0% 0& 0' 0( 1) 0-
#8741 0" 1# 0) 0*
#8742 1" 1$ 1% 1& 1' 1-
#8743 0# 0% 0& 0' 1* 0-
#8744 0" 1# 0*
#8745 1" 1% 1& 1' 1( 1* 1-
#8746 0# 0$ 0& 0' 0( 0-
#8747 0" 1# 0*
#8748 1" 1$ 1& 1' 1* 0+ 1-
#8749 0# 0& 0' 1+ 0-
#8750 0" 1# 0*
#8751 1" 1& 1' 1( 1* 1-
#8752 0# 0$ 0% 0' 0( 0-
#8753 0" 1# 0*
#8754 1" 1$ 1% 1' 1- 00
#8755 0# 0% 0' 1) 1* 0- 10
#8756 0" 1# 0) 0*
#8757 1" 1% 1' 1( 1* 1-
#8758 0# 0$ 0' 0( 1) 0-
#8759 0" 1# 0) 0*
#8760 1" 1$ 1' 1* 0+ 1-
#8761 0# 0' 1) 1+
#8762 0" 1# 0) 0* 0- 00
#8763 1" 1' 1( 1* 1- 10
#8764 0# 0$ 0% 0& 0( 1)
#8765 0" 1# 0) 0* 0-
#8766 1" 1$ 1% 1& 1-
#8767 0# 0% 0& 1) 1*
#8768 0" 1# 0) 0* 0-
#8769 1" 1% 1& 1( 1* 1-
#8770 0# 0$ 0& 0( 1)
#8771 0" 1# 0) 0* 0- 00
#8772 1" 1$ 1& 1* 0+ 1- 10
#8773 0# 0& 1) 1+
#8774 0" 1# 0) 0* 0-
#8775 1" 1& 1( 1* 1-
#8776 0# 0$ 0% 0( 1) 0-
#8777 0" 1# 0) 0*
#8778 1" 1$ 1% 1-
#8779 0# 0% 1* 0- 00
#8780 0" 1# 0* 10
#8781 1" 1% 1( 1* 1-
#8782 0# 0$ 0( 0-
#8783 0" 1# 0*
#8784 1" 1$ 1* 0+ 1-
#8785 0# 1+ 0-
#8786 0" 1# 0*
#8787 0# 0$ 0% 0& 0' 1* 1-
#8788 1" 1# 1$ 1% 1& 1' 1(
#8789 0! 0" 0% 0& 0' 0( 0*
#8790 1! 0# 0$ 1*
#8791 1" 1# 1$ 1% 1& 1' 1(
#8792 0! 0" 0# 0& 1)
#8793 0$ 0% 0' 0( 0)
#8794 1! 1" 1# 1$ 1% 1& 1' 1( 1)
#8795 0! 0" 0# 0&
#8796 0$ 0% 0' 0( 0) 00
#8797 1! 1" 1# 1$ 1% 1& 1' 1( 1) 10
#8798 0! 0" 0# 0&
#8799 1# 0% 0' 0(
#8801 1! 1" 1% 1& 1' 1(
#8802 0)
#8803 1)
#8804 0# 0$ 0% 0& 0' 0) 0* 0- 00
#8805 0! 0" 1# 1* 10
#8806 1" 1$ 1% 1' 0( 1) 1-
#8807 1! 0# 0% 0' 1( 0) 0* 0-
#8808 0! 0" 1# 1*
#8809 1! 1" 1% 1& 1' 1) 1-
#8810 0# 0$ 0& 0' 0) 0* 0-
#8811 0! 0" 1# 1*
#8812 1! 1" 1$ 1' 0( 1) 1-
#8813 0# 0' 1( 0) 0* 0-
#8814 0! 0" 1# 1*
#8815 1! 1" 1& 1' 1) 1-
#8816 0# 0$ 0% 0' 0) 0* 0-
#8817 0! 0" 1# 1*
#8818 0# 1' 0( 1) 1-
#8819 1! 1" 1$ 0' 1( 0) 0* 0-
#8820 0! 0" 1# 1*
#8821 1! 1" 1% 1' 1) 1- 00
#8822 0# 0$ 0' 0) 0* 0- 10
#8823 0! 0" 1# 1*
#8824 1! 0# 0% 1' 0( 1) 1-
#8825 1" 1$ 1% 0' 1( 0) 0* 0-
#8826 0! 0" 1# 1*
#8827 1! 1" 1' 1) 1-
#8828 0# 0$ 0% 0& 0) 0* 0-
#8829 0! 0" 1# 1*
#8830 1" 0# 1& 0( 1) 1-
#8831 1! 1$ 0& 1( 0) 0* 0-
#8832 0! 0" 1# 1*
#8833 1! 1" 1% 1& 1) 1-
#8834 0# 0$ 0& 0) 0* 0-
#8835 0! 0" 1# 1*
#8836 1! 1" 0# 0% 1& 0( 1) 1-
#8837 1$ 1% 0& 1( 0) 0* 0-
#8838 0! 0" 1# 1* 00
#8839 1! 1" 1& 1) 1- 10
#8840 0# 0$ 0% 0) 0* 0-
#8841 0! 0" 1# 1*
#8842 0( 1) 1-
#8843 1! 1" 0# 1$ 1( 0) 0* 0-
#8844 0! 0" 1# 1*
#8845 1! 1" 1% 1) 1-
#8846 0# 0$ 0) 0* 0- 00
#8847 0! 0" 1# 1* 10
#8848 1! 0% 0( 1) 1-
#8849 1" 0# 1$ 1% 1( 0) 0* 0-
#8850 0! 0" 1# 1*
#8851 1! 0# 0$ 0% 0& 0' 0( 0* 1-
#8852 1" 1# 1$ 1% 1& 1' 1( 1*
#8853 0! 0" 0# 0&
#8854 1! 0$ 0% 0' 0( 0*
#8855 1" 1# 1$ 1% 1& 1' 1( 1) 1*
#8856 0" 0% 0& 0' 0( 0) 0*
#8857 0! 0# 0$
#8858 1"
#8859 1! 0" 1# 1$
#8860 0! 0# 0$
#8861 1"
#8862 1! 0" 1# 1$
#8863 1) 1* 00
#8864 10
#8865 1" 1% 1& 1' 1(
#8866 0) 0+
#8867 0! 0" 0$ 0% 0& 0' 0( 0* 1+
#8868 1" 0# 1* 0-
#8869 0" 1# 0*
#8870 1$ 1-
#8871 1" 0# 1* 0- 00
#8872 0" 1# 10
#8873 0$ 1% 0* 1-
#8874 1" 0# 1* 0-
#8875 0" 1#
#8876 1$ 0* 1-
#8877 1" 0# 1* 0-
#8878 0" 1#
#8879 0$ 0% 1& 0* 1-
#8880 1" 0# 1* 0- 00
#8881 0" 1# 10
#8882 1$ 0* 1-
#8883 1" 0# 1* 0-
#8884 0" 1#
#8885 0$ 1% 0* 1-
#8886 1" 0# 1* 0-
#8887 0" 1# 0*
#8888 1$ 1- 00
#8889 1" 0# 1* 0- 10
#8890 0" 1# 0*
#8891 0$ 0% 0& 1' 1-
#8892 1" 0# 1* 0-
#8893 0" 1# 0*
#8894 1$ 1-
#8895 1" 0# 1* 0-
#8896 0" 1# 0*
#8897 0$ 1% 1-
#8898 1" 0# 1* 0-
#8899 0" 1# 0*
#8900 1$ 1-
#8901 1" 0# 1* 0-
#8902 0" 1# 0*
#8903 0$ 0% 1& 1-
#8904 1" 0# 1* 0-
#8905 0" 1# 0* 00
#8906 1$ 1- 10
#8907 1" 0# 1* 0-
#8908 0" 1#
#8909 0$ 1% 0* 1-
#8910 1" 0# 1* 0-
#8911 0" 1#
#8912 1$ 0* 1-
#8913 1" 0# 1* 0- 00
#8914 0" 1# 10
#8915 0# 0$ 0% 0& 0' 0* 1-
#8916 1"
#8917 1# 1$
#8918 0" 0# 0$
#8919 1"
#8920 0" 1# 1% 1' 1( 1) 1*
#8921 1" 1$ 0% 0' 0(
#8922 1! 0" 0# 0$ 0) 0*
#8923 0! 1# 1% 1' 1( 1) 1*
#8924 1" 1$ 0% 0' 0(
#8925 1! 0" 0# 0$ 0) 0*
#8926 0! 1# 1% 1' 1( 1) 1*
#8927 1" 1$ 0% 0' 0(
#8929 1! 1% 1& 1' 1( 0)
#8930 1) 00
#8931 0! 0$ 0& 10
#8932 0# 0% 0' 0) 0-
#8933 1! 1# 1$ 1& 0( 1) 1-
#8934 0! 0$ 1% 0& 1' 1(
#8935 0# 1$ 0% 0' 0) 0-
#8936 1! 1# 1& 0( 1) 1-
#8937 0! 0$ 1% 0& 1' 1(
#8938 0# 0' 0) 0-
#8939 1! 1# 1$ 0% 1& 0( 1) 1-
#8940 0! 0$ 1% 0& 1' 1(
#8941 0# 1$ 0' 0) 0-
#8942 1! 1# 0% 1& 0( 1) 1-
#8943 0! 0$ 1% 0& 1' 1(
#8944 0# 0% 1& 0' 0) 0-
#8945 1! 1# 1$ 0( 1) 1-
#8946 0! 0$ 1% 0& 1' 1(
#8947 0# 1$ 0% 1& 0' 0) 0- 00
#8948 1! 1# 0( 1) 1- 10
#8949 0! 0$ 1% 0& 1' 1(
#8950 0# 1& 0' 0) 0-
#8951 1! 1# 1$ 1' 1) 1-
#8952 0! 0$ 0&
#8953 0# 1$ 1& 0' 0) 0-
#8954 1! 1# 1' 1) 1-
#8955 0! 0$ 0& 00
#8956 0# 0% 0) 0- 10
#8957 1! 1# 1$ 1% 1& 1) 1-
#8958 0! 0$ 0&
#8959 0# 1$ 0% 0) 0-
#8960 1! 1# 1% 1& 1) 1-
#8961 0! 0$ 0&
#8962 0" 0# 0) 0-
#8963 1! 1" 1# 1$ 1& 1) 1-
#8964 0! 0$ 0&
#8965 0" 0# 1$ 0) 0-
#8966 1! 1" 1# 1& 1) 1-
#8967 0! 0$ 0&
#8968 0" 0# 0% 1& 0) 0-
#8969 1! 1" 1# 1$ 1% 1) 1-
#8970 0! 0$ 0&
#8971 0# 1$ 0% 1& 0) 0-
#8972 1! 1# 1% 1) 1- 00
#8973 0! 0$ 0& 10
#8974 0# 1& 0) 0-
#8975 1! 1# 1$ 1) 1-
#8976 0! 0$ 0&
#8977 0# 1$ 1& 0) 0-
#8978 1! 1# 1) 1-
#8979 0! 0$ 0&
#8980 1! 0" 0# 0% 0' 0( 0) 00
#8981 0! 1# 1% 1' 1( 10
#8982 1" 1)
#8983 1! 0" 0# 0% 0' 0( 0)
#8984 1" 1# 1$ 1% 0*
#8985 0%
#8986 0! 0" 0# 0$ 1*
#8987 1! 1" 1# 1$ 1% 0*
#8988 0%
#8989 0! 0" 0# 0$ 1* 00
#8990 1! 1" 1# 1$ 1% 0* 10
#8991 0%
#8992 1) 1*
#8993 1% 1& 1' 1(
#8994 0)
#8996 0" 0# 0$ 0% 0& 0' 0( 0* 0-
#8997 1" 1# 1$ 1% 1& 1' 1( 1* 1- 00
#8998 0$ 0% 0& 0' 0( 0- 10
#8999 0" 0# 1$ 0*
#9000 1" 1# 1% 1& 1' 1( 1* 1-
#9001 0% 0& 0' 0( 0-
#9002 0" 0# 0$ 1% 0*
#9003 1" 1# 1$ 1& 1' 1( 1* 1-
#9004 0$ 0& 0' 0( 0-
#9005 0" 0# 1$ 0*
#9006 1" 1# 1& 1' 1( 1* 1-
#9007 0& 0' 0( 0-
#9008 0" 0# 0$ 0% 1& 0*
#9009 1" 1# 1$ 1% 1' 1( 1* 1-
#9010 0$ 0% 0' 0( 0-
#9011 0" 0# 1$ 0*
#9012 1" 1# 1% 1' 1( 1* 1-
#9013 0% 0' 0( 0-
#9014 0" 0# 0$ 1% 0* 00
#9015 1" 1# 1$ 1' 1( 1* 1- 10
#9016 0$ 0' 0( 0-
#9017 0" 0# 1$ 0*
#9018 1" 1# 1' 1( 1* 1-
#9019 0' 0( 0-
#9020 0" 0# 0$ 0% 0& 1' 0*
#9021 1" 1# 1$ 1% 1& 1( 1* 1-
#9022 0$ 0% 0& 0( 0- 00
#9023 0" 0# 1$ 0* 10
#9024 1" 1# 1% 1& 1( 1* 1-
#9025 0% 0& 0( 0-
#9026 0" 0# 0$ 1% 0*
#9027 1" 1# 1$ 1& 1( 1* 1-
#9028 0$ 0& 0( 0-
#9029 0" 0# 1$ 0*
#9030 1" 1# 1& 1( 1* 1-
#9031 0& 0( 0-
#9032 0" 0# 0$ 0% 1& 0*
#9033 1" 1# 1$ 1% 1( 1* 1-
#9034 0$ 0% 0( 0-
#9035 0" 0# 1$ 0*
#9036 1" 1# 1% 1( 1* 1-
#9037 0% 0( 0-
#9038 0" 0# 0$ 1% 0*
#9039 1" 1# 1$ 1( 1* 1- 00
#9040 0$ 0( 0- 10
#9041 0" 0# 1$ 0*
#9042 1" 1# 1( 1* 1-
#9043 0( 0-
#9044 0! 0" 0# 0$ 0% 0& 0' 1-
#9045 1% 0*
#9046 0%
#9047 1*
#9048 0*
#9049 1% 1) 1*
#9050 1" 0% 0)
#9051 0" 0*
#9052 1% 1) 1*
#9053 1" 0% 0)
#9054 0" 0*
#9055 1% 1) 1*
#9056 0% 00
#9057 1! 1" 1# 1$ 1% 1& 1' 1( 0) 10
#9058 0! 0" 0# 0$ 0% 0& 0' 0( 1)
#9059 1! 1" 1# 1$ 1% 1& 1' 1( 0) 0+
#9060 0! 0" 0# 0$ 0% 0& 0' 0* 1+ 0-
#9061 1$ 0( 1) 1* 1-
#9062 1! 1" 1# 0$ 1( 0) 0* 0-
#9063 0! 0" 0# 1$
#9064 0$ 1% 0( 1) 1* 1- 00
#9065 1! 1" 1# 1$ 0% 1( 0) 0* 0- 10
#9066 0! 0" 0# 0$ 1%
#9067 1! 1$ 1& 1' 1) 1* 1-
#9068 1" 1# 0$ 0& 0' 0) 0* 0-
#9069 0! 0" 0# 1$
#9070 1! 1" 1# 0$ 1& 1' 1) 1* 1-
#9071 1$ 0& 0' 0) 0* 0-
#9072 0! 0" 0# 0$ 0% 1&
#9073 1! 1$ 1' 1) 1* 1-
#9074 1" 1# 0$ 0' 0) 0* 0-
#9075 0! 0" 0# 1$
#9076 0$ 1% 0( 1) 1* 1-
#9077 1! 1" 1# 1$ 0% 1( 0) 0* 0-
#9078 0! 0" 0# 0$ 1%
#9079 1$ 0( 1) 1* 1-
#9080 1! 1" 1# 0$ 1( 0) 0* 0-
#9081 0! 0" 0# 1$ 00
#9082 0$ 0% 0& 1' 0( 1) 1* 1- 10
#9083 1! 1" 1# 1$ 1% 1& 0' 1( 0) 0* 0-
#9084 0! 0" 0# 0$ 0% 0& 1'
#9085 1$ 0( 1) 1* 1-
#9086 1! 1" 1# 0$ 1( 0) 0* 0-
#9087 0! 0" 0# 1$
#9088 0$ 1% 0( 1) 1* 1-
#9089 1! 1" 1# 1$ 0% 1( 0) 0* 0- 00
#9090 0! 0" 0# 0$ 1% 10
#9091 1$ 0( 1) 1* 1-
#9092 1! 1" 1# 0$ 1( 0) 0* 0-
#9093 0! 0" 0# 1$
#9094 0$ 0% 1& 0( 1) 1* 1-
#9095 1! 1" 1# 1$ 1% 0& 1( 0) 0* 0-
#9096 0! 0" 0# 0$ 0% 1&
#9097 1$ 0( 1) 1* 1-
#9098 1! 1" 1# 0$ 1( 0) 0* 0- 00
#9099 0! 0" 0# 1$ 10
#9100 0$ 1% 0( 1) 1* 1-
#9101 1! 1" 1# 1$ 0% 1( 0) 0* 0-
#9102 0! 0" 0# 0$ 1%
#9103 1$ 0( 1) 1* 1-
#9104 1! 1" 1# 0$ 1( 0) 0* 0-
#9105 0! 0" 0# 1$
#9106 1! 1" 1# 1) 1* 1- 00
#9107 0) 0* 0- 10
#9108 0! 0" 0# 0$ 0% 0& 0' 0( 1-
#9109 1! 1*
#9110 0! 1# 1% 1' 1( 1)
#9111 0# 0% 0' 0( 0) 0*
#9112 1$ 1% 1' 1( 1*
#9113 1! 0$ 0' 0( 0*
#9114 0! 1" 0% 1)
#9115 0" 1$ 1% 1' 1( 0) 1*
#9116 1! 0$ 0' 0( 0*
#9117 0! 1" 0% 1)
#9118 0" 1$ 1% 1' 1( 0) 1*
#9119 1! 0$ 0' 0( 0*
#9120 0% 1) 1*
#9121 1" 1# 1$ 1% 1& 1' 1( 0)
#9122 0! 0" 0# 0$ 0% 0& 0' 0( 0*
#9123 1! 1" 1# 1$ 1% 1& 1' 1( 1* 0+ 00
#9124 0" 0# 0$ 0' 0( 1) 1+ 0- 10
#9125 0! 1$ 0% 0& 0) 0* 1-
#9126 1" 1# 0$ 0-
#9127 1! 0" 0# 1% 1& 1) 1* 1-
#9128 0! 0& 0) 0*
#9129 1" 1# 1$ 0% 0-
#9130 1! 0" 0# 0$ 1% 1& 1) 1* 1-
#9131 0! 1$ 0& 0) 0* 00
#9132 1" 1# 0$ 0- 10
#9133 1! 0" 0# 1& 1) 1* 1-
#9134 0! 0% 0) 0*
#9135 1" 1# 1$ 1% 0& 0-
#9136 1! 0" 0# 0$ 1& 1) 1* 1-
#9137 0! 1$ 0% 0)
#9138 1" 1# 0$ 0* 0-
#9139 1! 0" 0# 1% 1) 1* 1-
#9140 0! 0) 0*
#9141 1" 1# 1$ 0% 0-
#9142 1! 0" 0# 0$ 1% 1) 1* 1-
#9143 0! 1$ 0) 0*
#9144 1" 1# 0$ 0-
#9145 1! 0" 0# 1) 1* 1-
#9146 0! 0% 0& 1' 0) 0*
#9147 1" 1# 1$ 1% 1& 0' 0-
#9148 1! 0" 0# 0$ 1) 1* 1- 00
#9149 0! 1$ 0% 0& 1' 0) 0* 10
#9150 1" 1# 0$ 0-
#9151 1! 0" 0# 1% 1& 0' 1) 1*
#9152 0! 0& 1' 0) 0* 1-
#9153 1" 1# 1$ 0% 0-
#9154 1! 0" 0# 0$ 1% 1& 0' 1) 1*
#9155 0! 1$ 0& 1' 0) 0* 1-
#9156 1" 1# 0$ 0-
#9157 1! 0" 0# 1& 0' 1) 1*
#9158 0! 0% 1' 0) 0* 1-
#9159 1" 1# 1$ 1% 0& 0-
#9160 1! 0" 0# 0$ 1& 0' 1) 1*
#9161 0! 1$ 0% 1' 0) 0* 1-
#9162 1" 1# 0$ 0-
#9163 1! 0" 0# 1% 0' 1) 1* 1-
#9164 0! 1' 0) 0*
#9165 1" 1# 1$ 0% 0- 00
#9166 1! 0" 0# 0$ 1% 0' 1) 1* 1- 10
#9167 0! 1$ 1' 0) 0*
#9168 1" 1# 0$ 0-
#9169 1! 0" 0# 0' 1) 1* 1-
#9170 1" 1# 1$ 1' 1( 0)
#9171 0! 0( 0* 0-
#9172 0$ 0& 1( 1) 1* 1-
#9173 0# 0% 0' 0( 0) 00
#9174 1% 0* 10
#9175 1# 1' 1( 1) 1*
#9176 1! 1$ 1&
#9177 0! 0# 0$ 0% 0& 0' 0( 0) 0*
#9178 1! 0" 1*
#9179 1" 1# 1$ 1% 1& 1' 1(
#9180 0! 0# 0$ 0% 0& 0' 0( 0*
#9181 1! 0" 1*
#9182 1" 1# 1$ 1% 1& 1' 1(
#9183 0! 0# 0$ 0% 0& 0' 0( 0*
#9184 1) 1*
#9186 1# 1$ 1% 1& 1' 1(
#9187 1! 0)
#9189 0! 0# 0$ 0% 0& 0' 1)
#9190 1! 0" 1# 0) 0- 00
#9191 1" 1$ 1% 1& 0* 1- 10
#9192 0! 0# 0$ 0% 0& 1) 1*
#9193 1! 0" 1# 1$ 0) 0-
#9194 1" 1% 1& 1' 1-
#9195 0! 0$ 0& 1)
#9196 1! 0" 0' 0) 0-
#9197 1" 1$ 1& 0+ 1-
#9198 0! 0$ 0& 1' 1) 1+ 00
#9199 1! 0" 1$ 0' 0) 0- 10
#9200 1" 1& 1' 1-
#9201 0! 0$ 0& 1)
#9202 1! 0" 0% 1& 0' 0) 0-
#9203 1" 1$ 1% 0* 1-
#9204 0! 0$ 0& 1' 1) 1*
#9205 1! 0" 1$ 0% 1& 0' 0) 0-
#9206 1" 1% 1' 1-
#9207 0! 0# 0$ 0& 1) 00
#9208 1! 0" 1# 1& 0' 0) 0- 10
#9209 1" 1$ 0+ 1-
#9210 0! 0# 0$ 0& 1) 1+
#9211 1! 0" 1# 1$ 1& 0) 0-
#9212 1" 1' 1-
#9213 0# 0$ 0% 0& 1)
#9214 0" 1# 0) 0-
#9215 1" 1$ 1% 1& 0' 0* 1- 00
#9216 0# 0% 0& 1' 1) 1* 10
#9217 0" 1# 0) 0-
#9218 1" 1% 1& 1-
#9219 0# 0$ 0& 1)
#9220 0" 1# 0) 0-
#9221 1" 1$ 1& 0' 0+ 1-
#9222 0# 0& 1' 1) 1+
#9223 0" 1# 0) 0-
#9224 1" 1& 1-
#9225 0# 0$ 0% 1)
#9226 0" 1# 0) 0-
#9227 1" 1$ 1% 0' 0* 1-
#9228 0# 0% 1' 1) 1*
#9229 0" 1# 0) 0-
#9230 1" 1% 1-
#9231 0# 0$ 1)
#9232 0" 1# 0) 0- 00
#9233 1" 1$ 0' 0+ 1- 10
#9234 0# 1' 1) 1+
#9235 0" 1# 0) 0-
#9236 0! 1" 0# 0$ 0% 0& 0' 0( 1-
#9237 1! 1# 1$ 1% 1& 1' 1( 1)
#9238 0# 0$ 0% 0& 0' 0( 0)
#9239 0!
#9240 1! 1# 1$ 1% 1& 1' 1( 00
#9241 0! 0" 0# 0& 1) 10
#9242 1! 0$ 0% 0' 0( 0)
#9243 1" 1# 1$ 1% 1& 1' 1(
#9244 0! 0" 0# 0& 1)
#9245 1! 0$ 0% 0' 0( 0)
#9246 1" 1# 1$ 1% 1& 1' 1(
#9247 0! 0" 0# 0& 1)
#9248 1! 1" 0$ 0% 0' 0(
#9250 1# 1$ 1% 1& 1' 1(
#9251 0)
#9253 0# 0$ 0% 0& 0' 0( 0-
#9254 0" 1#
#9255 0! 1" 1% 1( 1) 1-
#9256 1! 0# 1$ 0% 0( 0) 0-
#9257 0! 0" 1# 00
#9258 1! 1" 1% 1& 1' 1( 1) 1- 10
#9259 0# 0$ 0& 0' 0( 0) 0* 0-
#9260 0! 0" 1# 1*
#9261 1! 1" 1( 1) 1-
#9262 0# 1$ 0( 0) 0* 0-
#9263 0! 0" 1# 1*
#9264 1! 1" 1& 1' 1( 1) 1-
#9265 0# 0$ 0% 0' 0( 0) 0* 0-
#9266 0! 0" 1# 1*
#9267 0# 1$ 1% 0& 1( 1) 1-
#9268 1! 1" 0% 1& 0( 0) 0* 0-
#9269 0! 0" 1# 1*
#9270 1! 1" 1% 1' 1( 1) 1-
#9271 0# 0$ 0' 0( 0) 0* 0-
#9272 0! 0" 1# 1*
#9273 1! 0# 1$ 0& 1( 1) 1-
#9274 1" 1& 0( 0) 0* 0- 00
#9275 0! 0" 1# 1* 10
#9276 1! 1" 1' 1( 1) 1-
#9277 0# 0$ 0% 0& 0( 0) 0-
#9278 0" 1#
#9279 0! 1" 0# 1$ 1% 0' 1( 1) 1-
#9280 1! 0% 1' 0( 0) 0-
#9281 0" 1#
#9282 1" 1% 1& 1( 1) 1- 00
#9283 0# 0$ 0& 0( 0) 0- 10
#9284 0" 1#
#9285 1" 0# 1$ 0' 1( 1-
#9286 1' 0( 0-
#9287 0" 1#
#9288 1" 1& 1( 1) 1-
#9289 0# 0$ 0% 0( 0) 0-
#9290 0" 1#
#9291 0! 1$ 1% 0& 0' 1( 1) 1-
#9292 1! 1" 0# 0% 1& 1' 0( 0) 0-
#9293 0" 1#
#9294 1" 1% 1( 1) 1-
#9295 0# 0$ 0( 0) 0* 0-
#9296 0! 0" 1# 1*
#9297 1! 1$ 0& 0' 1( 1) 1-
#9298 1" 0# 1& 1' 0( 0) 0* 0-
#9299 0! 0" 1# 1* 00
#9300 1! 0# 0$ 0% 0& 0' 0* 1- 10
#9301 1" 1# 1$ 1% 1& 1' 1( 1*
#9302 0! 0" 0# 0&
#9303 1! 0$ 0% 0' 0( 0*
#9304 1" 1# 1$ 1% 1& 1' 1( 1) 1*
#9305 0! 0" 0$ 0% 0& 0' 0( 0) 0*
#9306 0#
#9307 1" 00
#9308 0" 1# 10
#9309 0#
#9310 1"
#9311 0" 1#
#9312 1) 1*
#9314 1! 1" 1$ 1% 1& 1' 1(
#9315 0) 0+
#9316 0! 0" 0$ 0% 0& 0' 0( 0* 1+ 00
#9317 1" 0# 1( 1* 0- 10
#9318 0" 1# 0*
#9319 1$ 0( 1-
#9320 1" 0# 1( 1* 0-
#9321 0" 1# 0*
#9322 0$ 1% 0( 1-
#9323 1" 0# 1( 1* 0-
#9324 0" 1# 0* 00
#9325 1$ 0( 1- 10
#9326 1" 0# 1( 1* 0-
#9327 0" 1# 0*
#9328 0$ 0% 1& 0( 1-
#9329 1" 0# 1( 1* 0-
#9330 0" 1# 0*
#9331 1$ 0( 1-
#9332 1" 0# 1( 1* 0-
#9333 0" 1# 0*
#9334 0$ 1% 0( 1-
#9335 1" 0# 1( 1* 0-
#9336 0" 1# 0*
#9337 1$ 0( 1-
#9338 1" 0# 1( 1* 0-
#9339 0" 1# 0*
#9340 0$ 0% 0& 1' 0( 1-
#9341 1" 0# 1( 1* 0- 00
#9342 0" 1# 0* 10
#9343 1$ 0( 1-
#9344 1" 0# 1( 1* 0-
#9345 0" 1# 0*
#9346 0$ 1% 0( 1-
#9347 1" 0# 1( 1* 0-
#9348 0" 1# 0*
#9349 1$ 0( 1- 00
#9350 1" 0# 1( 1* 0- 10
#9351 0" 1# 0*
#9352 0$ 0% 1& 0( 1-
#9353 1" 0# 1( 1* 0-
#9354 0" 1# 0*
#9355 1$ 0( 1-
#9356 1" 0# 1( 1* 0-
#9357 0" 1# 0*
#9358 0$ 1% 0( 1-
#9359 1" 0# 1( 1* 0-
#9360 0" 1# 0*
#9361 1$ 0( 1-
#9362 1" 0# 1( 1* 0-
#9363 0" 1# 0*
#9364 0# 0$ 0% 0& 0' 0( 1-
#9365 1" 1) 1*
#9366 1! 0" 1# 0) 00
#9367 0! 0# 0* 10
#9368 1"
#9369 0" 1# 1% 1' 1( 1) 1*
#9370 1"
#9371 1! 0" 0# 0% 0' 0( 0)
#9372 0! 1# 1% 1' 1( 1)
#9373 1"
#9374 1! 0" 0# 0% 0' 0( 0)
#9375 0! 1# 1% 1' 1( 1)
#9376 1! 0% 0' 0(
#9378 1" 1$ 1% 1& 1' 1( 0)
#9379 1)
#9380 0! 0$ 0& 0)
#9381 0# 0% 0' 0( 0* 0-
#9382 1! 1% 1& 1) 1* 1-
#9383 0! 1# 0& 1' 1( 0) 00
#9384 0# 1$ 0% 0' 0( 0* 0- 10
#9385 1! 0$ 1% 1& 1) 1* 1-
#9386 0! 1# 0& 1' 1(
#9387 0# 0' 0( 0) 0* 0-
#9388 1! 1& 1) 1* 1-
#9389 0! 1# 0& 1' 1(
#9390 0# 1$ 0' 0( 0) 0* 0-
#9391 1! 0$ 1& 1) 1* 1- 00
#9392 0! 1# 0& 1' 1( 10
#9393 0# 0% 1& 0' 0( 0) 0* 0-
#9394 1! 1% 1) 1* 1-
#9395 0! 1# 0& 1' 1(
#9396 0# 1$ 0% 1& 0' 0( 0) 0* 0-
#9397 1! 0$ 1% 1) 1* 1-
#9398 0! 1# 0& 1' 1(
#9399 0# 1& 0' 0( 0) 0* 0-
#9400 1! 1) 1* 1-
#9401 0! 1# 0& 1' 1(
#9402 0# 1$ 1& 0' 0( 0) 0* 0-
#9403 1! 0$ 1) 1* 1-
#9404 0! 1# 0& 1' 1(
#9405 0# 0% 0( 0) 0* 0-
#9406 1! 1% 1& 0' 1) 1* 1-
#9407 0! 1# 0& 1' 1(
#9408 0# 1$ 0% 0( 0) 0* 0- 00
#9409 1! 0$ 1% 1& 0' 1) 1* 1- 10
#9410 0! 1# 0& 1' 1(
#9411 0# 0( 0) 0* 0-
#9412 1! 1& 0' 1) 1* 1-
#9413 0! 1# 0& 1' 1( 0)
#9414 0# 1$ 0( 0* 0-
#9415 1! 0$ 1& 0' 1) 1* 1-
#9416 0! 1# 0& 1' 1( 0) 00
#9417 0# 0% 1& 0( 0* 0- 10
#9418 1! 1% 0' 1) 1* 1-
#9419 0! 1# 0& 1' 1( 0)
#9420 0# 1$ 0% 1& 0( 0* 0-
#9421 1! 0$ 1% 0' 1) 1* 1-
#9422 0! 1# 0& 1' 1(
#9423 0# 1& 0( 0) 0* 0-
#9424 1! 0' 1) 1* 1-
#9425 0! 1# 0& 1' 1( 00
#9426 0# 1$ 1& 0( 0) 0* 0- 10
#9427 1! 0$ 0' 1) 1* 1-
#9428 0! 1# 0& 1' 1(
#9429 1! 0" 0# 0% 0' 0( 0)
#9430 0! 1# 1% 1' 1(
#9431 1" 1)
#9432 1! 0" 0# 0% 0' 0( 0)
#9433 0! 1" 1# 1% 0* 00
#9434 0% 10
#9435 0" 0# 1*
#9436 1" 1# 1% 0*
#9437 0%
#9438 0" 0# 1*
#9439 1" 1# 1% 0*
#9440 0%
#9441 1) 1*
#9442 1! 1$ 1% 1& 1' 1(
#9443 0)
#9445 0" 0# 0$ 0% 0& 0' 0* 0-
#9446 1" 1# 1$ 1% 1& 1' 1* 1-
#9447 0$ 0% 0& 0' 0-
#9448 0" 0# 1$ 0*
#9449 1" 1# 1% 1& 1' 1* 1-
#9450 0% 0& 0' 0- 00
#9451 0" 0# 0$ 1% 0* 10
#9452 1" 1# 1$ 1& 1' 1* 1-
#9453 0$ 0& 0' 0-
#9454 0" 0# 1$ 0*
#9455 1" 1# 1& 1' 1* 1-
#9456 0& 0' 0-
#9457 0" 0# 0$ 0% 1& 0*
#9458 1" 1# 1$ 1% 1' 1* 1- 00
#9459 0$ 0% 0' 0- 10
#9460 0" 0# 1$ 0*
#9461 1" 1# 1% 1' 1* 1-
#9462 0% 0' 0-
#9463 0" 0# 0$ 1% 0*
#9464 1" 1# 1$ 1' 1* 1-
#9465 0$ 0' 0-
#9466 0" 0# 1$ 0*
#9467 1" 1# 1' 1* 1-
#9468 0' 0-
#9469 0" 0# 0$ 0% 0& 1' 0*
#9470 1" 1# 1$ 1% 1& 1* 1-
#9471 0$ 0% 0& 0-
#9472 0" 0# 1$ 0*
#9473 1" 1# 1% 1& 1* 1-
#9474 0% 0& 0-
#9475 0" 0# 0$ 1% 0* 00
#9476 1" 1# 1$ 1& 1* 1- 10
#9477 0$ 0& 0-
#9478 0" 0# 1$ 0*
#9479 1" 1# 1& 1* 1-
#9480 0& 0-
#9481 0" 0# 0$ 0% 1& 0*
#9482 1" 1# 1$ 1% 1* 1-
#9483 0$ 0% 0-
#9484 0" 0# 1$ 0*
#9485 1" 1# 1% 1* 1-
#9486 0% 0-
#9487 0" 0# 0$ 1% 0*
#9488 1" 1# 1$ 1* 1-
#9489 0$ 0-
#9490 0" 0# 1$ 0*
#9491 1" 1# 1* 1-
#9492 0- 00
#9493 0" 0# 0$ 0% 0& 0' 0( 0* 1- 10
#9494 1" 1# 1% 1*
#9495 0% 0*
#9496 0" 0#
#9497 1" 1# 1*
#9498 0! 0" 1% 1' 1( 1)
#9499 0# 0% 0' 0( 0) 0*
#9500 1! 1" 1# 1* 00
#9501 0! 0" 1% 1' 1( 1) 10
#9502 0# 0% 0' 0( 0) 0*
#9503 1! 1" 1# 1*
#9504 0! 0" 1% 1' 1( 1)
#9505 1! 1" 0% 0' 0(
#9506 1$ 1% 1& 1' 1( 0)
#9507 1)
#9508 0) 0+
#9509 0! 0" 0# 0$ 0% 0& 0' 0( 1+ 0-
#9510 1! 1" 1# 1$ 1% 1& 1' 1( 1) 1-
#9511 0$ 0% 0& 0' 0( 0) 0* 0-
#9512 0! 0" 0# 1$ 1*
#9513 1! 1" 1# 1% 1& 1' 1( 1) 1-
#9514 0% 0& 0' 0( 0) 0* 0-
#9515 0! 0" 0# 0$ 1% 1*
#9516 1! 1" 1# 1$ 1& 1' 1( 1) 1-
#9517 0$ 0& 0' 0( 0) 0* 0- 00
#9518 0! 0" 0# 1$ 1* 10
#9519 1! 1" 1# 1& 1' 1( 1) 1-
#9520 0& 0' 0( 0) 0* 0-
#9521 0! 0" 0# 0$ 0% 1&
#9522 1! 1" 1# 1$ 1% 1' 1( 1) 1* 1-
#9523 0$ 0% 0' 0( 0) 0* 0-
#9524 0! 0" 0# 1$
#9525 1! 1" 1# 1% 1' 1( 1) 1* 1- 00
#9526 0% 0' 0( 0) 0* 0- 10
#9527 0! 0" 0# 0$ 1%
#9528 1! 1" 1# 1$ 1' 1( 1) 1* 1-
#9529 0$ 0' 0( 0) 0* 0-
#9530 0! 0" 0# 1$
#9531 1! 1" 1# 1' 1( 1) 1* 1-
#9532 0' 0( 0) 0* 0-
#9533 0! 0" 0# 0$ 0% 0& 1' 1*
#9534 1! 1" 1# 1$ 1% 1& 1( 1) 1- 00
#9535 0$ 0% 0& 0( 0) 0* 0- 10
#9536 0! 0" 0# 1$ 1*
#9537 1! 1" 1# 1% 1& 1( 1) 1-
#9538 0% 0& 0( 0) 0* 0-
#9539 0! 0" 0# 0$ 1% 1*
#9540 1! 1" 1# 1$ 1& 1( 1) 1-
#9541 0$ 0& 0( 0) 0* 0-
#9542 0! 0" 0# 1$ 1* 00
#9543 1! 1" 1# 1& 1( 1) 1- 10
#9544 0& 0( 0) 0* 0-
#9545 0! 0" 0# 0$ 0% 1& 1*
#9546 1! 1" 1# 1$ 1% 1( 1) 1-
#9547 0$ 0% 0( 0) 0* 0-
#9548 0! 0" 0# 1$ 1*
#9549 1! 1" 1# 1% 1( 1) 1-
#9550 0% 0( 0) 0* 0-
#9551 0! 0" 0# 0$ 1% 1*
#9552 1! 1" 1# 1$ 1( 1) 1-
#9553 0$ 0( 0) 0* 0-
#9554 0! 0" 0# 1$ 1*
#9555 1! 1" 1# 1( 1) 1-
#9556 0( 0) 0* 0-
#9557 0! 0" 0# 0$ 0% 0& 0' 1-
#9558 1$ 1*
#9559 1# 0$ 1% 1' 1( 1) 00
#9560 0# 0% 0' 0( 0) 0* 10
#9561 1$ 1% 1' 1( 1*
#9562 0' 0( 0*
#9563 1" 0$ 0% 1)
#9564 0" 1$ 1% 1' 1( 0) 1*
#9565 0' 0( 0*
#9566 1" 0$ 0% 1)
#9567 0" 1$ 1% 1' 1( 0) 1* 00
#9568 0' 0( 0* 10
#9569 0% 1) 1*
#9570 1! 1" 1# 1% 1& 1' 1( 0)
#9571 0! 0" 0# 0$ 0% 0& 0' 0( 0*
#9572 1! 1" 1# 1$ 1% 1& 1' 1( 1* 0+
#9573 0! 0" 0$ 0' 0( 1+ 0-
#9574 0# 1$ 0% 0& 0* 1-
#9575 1" 1# 0$ 1( 0-
#9576 0" 1% 1& 0( 1*
#9577 0# 0& 0* 1-
#9578 1" 1# 1$ 0% 1( 0-
#9579 0" 0$ 1% 1& 0( 1*
#9580 0# 1$ 0& 0* 1-
#9581 1" 1# 0$ 1( 0-
#9582 0" 0# 0( 1*
#9583 0% 1& 0* 1-
#9584 1" 1# 1$ 1% 0& 1( 0- 00
#9585 0" 0# 0$ 0% 1& 1* 10
#9586 1$ 0( 0* 1-
#9587 1" 1# 0$ 1( 1* 0-
#9588 0" 0#
#9589 1% 0( 0* 1-
#9590 1" 1# 1$ 0% 1( 0-
#9591 0" 0# 0$ 1% 0( 1*
#9592 1$ 0* 1-
#9593 1" 1# 0$ 1( 0-
#9594 0" 0# 0( 1*
#9595 0% 0& 1' 0* 1-
#9596 1" 1# 1$ 1% 1& 0' 1( 0-
#9597 0" 0$ 0( 1*
#9598 0# 1$ 0% 0& 1' 0* 1-
#9599 1" 1# 0$ 1( 0-
#9600 0" 1% 1& 0' 0( 1*
#9601 0# 0& 1' 0* 1- 00
#9602 1" 1# 1$ 0% 1( 0- 10
#9603 0" 0$ 1% 1& 0' 0( 1*
#9604 0# 1$ 0& 1' 0* 1-
#9605 1" 1# 0$ 1( 0-
#9606 0" 1& 0' 0( 1*
#9607 0# 0% 1' 0* 1-
#9608 1" 1# 1$ 1% 0& 1( 0-
#9609 0" 0$ 1& 0' 0( 1* 00
#9610 0# 1$ 0% 1' 0* 1- 10
#9611 1" 1# 0$ 1( 0-
#9612 0" 1% 0' 0( 1*
#9613 0# 1' 0* 1-
#9614 1" 1# 1$ 0% 1( 0-
#9615 0" 0$ 1% 0' 0( 1*
#9616 0# 1$ 1' 0* 1-
#9617 1" 1# 0$ 1( 0-
#9618 0" 0' 0( 1*
#9619 1! 1" 1$ 1' 1( 0+ 1-
#9620 0! 0* 1+ 0-
#9621 0$ 0& 1) 1* 1-
#9622 1! 0" 0# 1$ 0% 0' 0( 0) 0*
#9623 1%
#9624 0! 1" 1# 0$ 1' 1( 1) 1*
#9625 0" 0# 1$
#9626 1! 0% 0' 0( 0) 0* 00
#9627 0$ 1* 10
#9628 1" 1# 1$ 1% 1& 1' 1( 1)
#9629 0" 0# 0% 0& 0' 0( 0) 0*
#9630 0$ 1*
#9631 1" 1# 1$ 1% 1& 1' 1( 1)
#9632 0" 0# 0% 0& 0' 0( 0) 0*
#9633 1) 1*
#9634 00
#9635 0! 1" 1# 0$ 1% 1' 1( 10
#9636 1! 1$ 1& 0)
#9638 0! 0$ 0& 1)
#9639 1! 0" 0% 0' 0( 0) 0-
#9640 1" 1$ 1% 1& 1' 1( 1-
#9641 0! 0$ 0& 1)
#9642 1! 0" 1$ 0% 0' 0( 0) 0-
#9643 1" 1% 1& 1' 1( 1- 00
#9644 0! 0$ 0& 1) 10
#9645 1! 0" 0' 0( 0) 0-
#9646 1" 1$ 1& 1' 1( 1-
#9647 0! 0$ 0& 1)
#9648 1! 0" 1$ 0' 0( 0) 0-
#9649 1" 1& 1' 1( 1-
#9650 0! 0$ 0& 1)
#9651 1! 0" 0% 1& 0' 0( 0) 0- 00
#9652 1" 1$ 1% 1' 1( 0* 1- 10
#9653 0! 0$ 0& 1) 1*
#9654 1! 0" 1$ 0% 1& 0' 0( 0) 0-
#9655 1" 1% 1' 1( 1-
#9656 0! 0$ 0& 1)
#9657 1! 0" 1& 0' 0( 0) 0-
#9658 1" 1$ 1' 1( 0+ 1-
#9659 0! 0$ 0& 1) 1+
#9660 1! 0" 1$ 1& 0' 0( 0) 0-
#9661 1" 1' 1( 1-
#9662 0! 0$ 0& 1)
#9663 1! 0" 0% 0( 0) 0-
#9664 1" 1$ 1% 1& 1( 1-
#9665 0! 0$ 0& 1)
#9666 1! 0" 1$ 0% 0( 0) 0-
#9667 1" 1% 1& 1( 1-
#9668 0! 0$ 0& 1) 00
#9669 1! 0" 0( 0) 0- 10
#9670 1" 1$ 1& 1( 1-
#9671 0! 0$ 0& 1)
#9672 1! 0" 1$ 0( 0) 0-
#9673 1" 1& 1( 1-
#9674 0! 0$ 0& 1)
#9675 1! 0" 0% 1& 0( 0) 0-
#9676 1" 1$ 1% 1( 1- 00
#9677 0! 0$ 0& 1) 10
#9678 1! 0" 1$ 0% 1& 0( 0) 0-
#9679 1" 1% 1( 1-
#9680 0! 0$ 0& 1)
#9681 1! 0" 1& 0( 0) 0-
#9682 1" 1$ 1( 1-
#9683 1)
#9684 0" 0( 0) 0-
#9685 0! 1" 0# 0$ 0% 0& 0' 0* 1-
#9686 0" 1$ 1% 1' 1( 1) 1*
#9687 1" 0% 0' 0( 0)
#9688 0$ 0*
#9689 1! 1# 1$ 1% 1& 1' 1( 1*
#9690 0! 0" 0# 0& 1)
#9691 1! 0$ 0% 0' 0( 0) 0*
#9692 1" 1# 1$ 1% 1& 1' 1( 1*
#9693 0! 0" 0# 0& 1) 00
#9694 1! 0$ 0% 0' 0( 0) 10
#9695 1" 1# 1$ 1% 1& 1' 1(
#9696 0! 0" 0# 0& 1)
#9697 1" 0% 0' 0(
#9699 1! 1# 1% 1& 1' 1(
#9700 0)
#9702 0# 0$ 0% 0& 0' 0-
#9703 0" 1#
#9704 0! 1" 1$ 1' 1-
#9705 1! 0# 0' 0-
#9706 0" 1# 0*
#9707 1" 1% 1& 1' 1* 1-
#9708 0# 0$ 0& 0' 0-
#9709 0" 1# 0*
#9710 1" 1$ 0% 1' 1* 1- 00
#9711 0# 1% 0' 0- 10
#9712 0" 1# 0*
#9713 1" 1& 1' 1* 1-
#9714 0# 0$ 0% 0' 0-
#9715 0" 1# 0*
#9716 0! 0# 1% 1' 1* 1-
#9717 1! 1" 1$ 0% 0' 0-
#9718 0" 1# 0* 00
#9719 1" 1% 1' 1* 1- 10
#9720 0# 0$ 0' 0-
#9721 0" 1# 0*
#9722 0# 0& 1' 1* 1-
#9723 1" 1$ 1& 0' 0-
#9724 0" 1# 0*
#9725 1" 1' 1* 1-
#9726 0# 0$ 0% 0& 0-
#9727 0" 1# 0*
#9728 0! 1" 0# 1% 1* 1-
#9729 1! 1$ 0% 0-
#9730 0" 1#
#9731 1" 1% 1& 1-
#9732 0# 0$ 0& 0-
#9733 0" 1#
#9734 1" 0# 1-
#9735 1$ 0- 00
#9736 0" 1# 10
#9737 1" 1& 1-
#9738 0# 0$ 0% 0-
#9739 0" 1#
#9740 0! 1% 0& 1-
#9741 1! 1" 0# 1$ 0% 1& 0-
#9742 0" 1#
#9743 1" 1% 1- 00
#9744 0# 0$ 0- 10
#9745 0" 1#
#9746 0& 1-
#9747 1" 0# 1$ 1& 0-
#9748 0" 1#
#9749 0# 0$ 0% 0& 0' 0( 0* 1-
#9750 1" 1# 1$ 1% 1& 1' 1( 1*
#9751 0# 0% 0& 0' 0(
#9752 0" 0$ 0* 00
#9753 1" 1# 1$ 1% 1& 1' 1( 1) 1* 10
#9754 0# 0% 0& 0' 0( 0) 0*
#9755 0! 0" 0$
#9756 1" 1)
#9757 1! 1$ 0)
#9758 0! 0" 0$
#9759 1" 1)
#9760 1! 1$ 0) 00
#9761 1) 1* 10
#9763 1# 1% 1& 1' 1(
#9764 0) 0+
#9765 0! 0" 0$ 0% 0& 0' 0( 1) 1+
#9766 1! 1" 0# 0) 0-
#9767 0! 0" 1# 0*
#9768 1$ 1* 1-
#9769 1! 1" 0# 0-
#9770 0! 0" 1# 0*
#9771 0$ 1% 1* 1-
#9772 1! 1" 0# 0-
#9773 0! 0" 1# 0*
#9774 1$ 1* 1-
#9775 1! 1" 0# 0-
#9776 0! 0" 1# 0*
#9777 0$ 0% 1& 1* 1- 00
#9778 1! 1" 0# 0- 10
#9779 0! 0" 1# 0*
#9780 1$ 1* 1-
#9781 1! 1" 0# 0-
#9782 0! 0" 1# 0*
#9783 0$ 1% 1* 1-
#9784 1! 1" 0# 0-
#9785 0! 0" 1# 0* 00
#9786 1$ 1* 1- 10
#9787 1! 1" 0# 0-
#9788 0! 0" 1# 0*
#9789 0$ 0% 0& 1' 1* 1-
#9790 1! 1" 0# 0-
#9791 0! 0" 1# 0*
#9792 1$ 1* 1-
#9793 1! 1" 0# 0-
#9794 0! 0" 1# 0*
#9795 0$ 1% 1* 1-
#9796 1! 1" 0# 0-
#9797 0! 0" 1# 0*
#9798 1$ 1* 1-
#9799 1! 1" 0# 0-
#9800 0! 0" 1# 0*
#9801 0$ 0% 1& 1* 1-
#9802 1! 1" 0# 0- 00
#9803 0! 0" 1# 0* 10
#9804 1$ 1* 1-
#9805 1! 1" 0# 0-
#9806 0! 0" 1# 0*
#9807 0$ 1% 1* 1-
#9808 1! 1" 0# 0-
#9809 0! 0" 1# 0*
#9810 1$ 1* 1-
#9811 1! 1" 0# 0-
#9812 0! 0" 1# 0*
#9813 0# 0$ 0% 0& 0' 1* 1-
#9814 1! 1" 1# 1$ 1% 1& 1' 1( 1)
#9815 0! 0" 0% 0& 0' 0(
#9816 0# 0$ 0)
#9817 1" 0*
#9818 0" 1# 1% 1' 1( 1) 1*
#9819 1" 00
#9820 1! 0" 0# 0% 0' 0( 0) 10
#9821 0! 1# 1% 1' 1( 1)
#9822 1"
#9823 1! 0" 0# 0% 0' 0( 0)
#9824 0! 1# 1% 1' 1( 1)
#9825 1$ 0% 0' 0(
#9827 1! 1" 1% 1& 1' 1( 0) 00
#9828 1) 10
#9829 0! 0$ 0& 0)
#9830 0# 0% 0' 0* 0-
#9831 1# 1% 1& 0( 1) 1* 1-
#9832 0& 1' 1( 0)
#9833 0# 1$ 0% 0' 0* 0-
#9834 1# 0$ 1% 1& 0( 1) 1* 1-
#9835 0& 1( 0)
#9836 0# 0* 0-
#9837 1# 1& 0( 1) 1* 1-
#9838 0" 0& 0)
#9839 1" 0# 1$ 1( 0* 0-
#9840 1# 0$ 1& 0( 1) 1* 1-
#9841 0" 0% 0& 0)
#9842 1" 0# 1& 1( 0* 0-
#9843 1# 1% 0( 1) 1* 1-
#9844 0" 1$ 0% 0) 00
#9845 1" 0# 1( 0* 0- 10
#9846 1# 0$ 1% 0( 1) 1* 1-
#9847 0" 0)
#9848 1" 0# 1( 0* 0-
#9849 1# 0( 1) 1* 1-
#9850 0" 1$ 0)
#9851 1" 0# 1( 0* 0-
#9852 1# 0$ 0( 1) 1* 1- 00
#9853 0" 0% 0& 1' 0) 10
#9854 1" 0# 1( 0* 0-
#9855 1# 1% 1& 0' 0( 1) 1* 1-
#9856 0% 0& 1' 0)
#9857 0# 1$ 1( 0* 0-
#9858 1# 0$ 1% 1& 0' 0( 1) 1* 1-
#9859 0& 1' 1( 0)
#9860 0# 0* 0-
#9861 1# 1& 0' 0( 1) 1* 1- 00
#9862 0& 1' 1( 0) 10
#9863 0# 1$ 0* 0-
#9864 1# 0$ 1& 0' 0( 1) 1* 1-
#9865 0& 1' 1( 0)
#9866 0# 0% 1& 0* 0-
#9867 1# 1% 0' 0( 1) 1* 1-
#9868 0& 1' 1( 0)
#9869 0# 1$ 0% 1& 0* 0- 00
#9870 1# 0$ 1% 0' 0( 1) 1* 1- 10
#9871 0& 1' 1( 0)
#9872 0# 1& 0* 0-
#9873 1# 0' 0( 1) 1* 1-
#9874 0& 1' 1( 0)
#9875 0# 1$ 1& 0* 0-
#9876 1# 0$ 0' 0( 1) 1* 1-
#9877 0& 1' 1( 0)
#9878 0" 0# 0% 0' 0(
#9879 1! 1# 1$
#9880 0! 1" 0$ 1% 1' 1(
#9881 0# 0% 0' 0(
#9882 1! 0" 1# 1$ 1% 0*
#9883 0%
#9884 0# 0$ 1*
#9885 1# 1$ 1% 0*
#9886 0% 00
#9887 0# 0$ 1* 10
#9888 1# 1$ 1% 0*
#9889 0%
#9890 1) 1*
#9891 1" 1% 1& 1' 1(
#9892 0)
#9893 1)
#9894 0" 0# 0$ 0% 0& 0' 0( 0) 0* 0- 00
#9895 1" 1# 1$ 1% 1& 1' 1( 1* 1- 10
#9896 0$ 0% 0& 0' 0( 0-
#9897 0" 0# 1$ 0*
#9898 1" 1# 1% 1& 1' 1( 1* 1-
#9899 0% 0& 0' 0( 0-
#9900 0" 0# 0$ 1% 0*
#9901 1" 1# 1$ 1& 1' 1( 1* 1-
#9902 0$ 0& 0' 0( 0-
#9903 0" 0# 1$ 0*
#9904 1" 1# 1& 1' 1( 1* 1-
#9905 0& 0' 0( 0-
#9906 0" 0# 0$ 0% 1& 0*
#9907 1" 1# 1$ 1% 1' 1( 1* 1-
#9908 0$ 0% 0' 0( 0-
#9909 0" 0# 1$ 0*
#9910 1" 1# 1% 1' 1( 1* 1-
#9911 0% 0' 0( 0- 00
#9912 0" 0# 0$ 1% 0* 10
#9913 1" 1# 1$ 1' 1( 1* 1-
#9914 0$ 0' 0( 0-
#9915 0" 0# 1$ 0*
#9916 1" 1# 1' 1( 1* 1-
#9917 0' 0( 0-
#9918 0" 0# 0$ 0% 0& 1' 0*
#9919 1" 1# 1$ 1% 1& 1( 1* 1-
#9920 0$ 0% 0& 0( 0-
#9921 0" 0# 1$ 0*
#9922 1" 1# 1% 1& 1( 1* 1-
#9923 0% 0& 0( 0-
#9924 0" 0# 0$ 1% 0*
#9925 1" 1# 1$ 1& 1( 1* 1-
#9926 0$ 0& 0( 0-
#9927 0" 0# 1$ 0*
#9928 1" 1# 1& 1( 1* 1- 00
#9929 0& 0( 0- 10
#9930 0" 0# 0$ 0% 1& 0*
#9931 1" 1# 1$ 1% 1( 1* 1-
#9932 0$ 0% 0( 0-
#9933 0" 0# 1$ 0*
#9934 1" 1# 1% 1( 1* 1-
#9935 0% 0( 0-
#9936 0" 0# 0$ 1% 0* 00
#9937 1" 1# 1$ 1( 1* 1- 10
#9938 0$ 0( 0-
#9939 0" 0# 1$ 0*
#9940 1" 1# 1( 1* 1-
#9941 0( 0-
#9942 0" 0# 0$ 0% 0& 0' 0* 1-
#9943 0! 1" 1# 1$ 1% 1) 1*
#9944 0% 0)
#9945 1! 0" 0# 0$ 0*
#9946 0! 1" 1# 1$ 1*
#9947 0" 0$ 1% 1' 1( 1)
#9948 0# 0% 0' 0( 0) 0*
#9949 1" 1# 1$ 1*
#9950 0" 0$ 1% 1' 1( 1)
#9951 0# 0% 0' 0( 0) 0*
#9952 1" 1# 1$ 1*
#9953 0" 0$ 1% 1' 1( 1) 00
#9954 1" 1$ 0% 0' 0( 10
#9955 1! 1% 1& 1' 1(
#9957 0) 0+
#9958 0! 0" 0# 0$ 0% 0& 0' 1+ 0-
#9959 1! 1" 1# 1$ 1% 1& 1' 1) 1-
#9960 0$ 0% 0& 0' 0) 0* 0-
#9961 0! 0" 0# 1$ 1* 00
#9962 1! 1" 1# 1% 1& 1' 1) 1- 10
#9963 0% 0& 0' 0) 0* 0-
#9964 0! 0" 0# 0$ 1% 1*
#9965 1! 1" 1# 1$ 1& 1' 1) 1-
#9966 0$ 0& 0' 0) 0* 0-
#9967 0! 0" 0# 1$ 1*
#9968 1! 1" 1# 1& 1' 1) 1-
#9969 0& 0' 0) 0* 0-
#9970 0! 0" 0# 0$ 0% 1& 1* 00
#9971 1! 1" 1# 1$ 1% 1' 1) 1- 10
#9972 0$ 0% 0' 0) 0* 0-
#9973 0! 0" 0# 1$ 1*
#9974 1! 1" 1# 1% 1' 1) 1-
#9975 0% 0' 0) 0* 0-
#9976 0! 0" 0# 0$ 1% 1*
#9977 1! 1" 1# 1$ 1' 1) 1-
#9978 0$ 0' 0) 0* 0- 00
#9979 0! 0" 0# 1$ 1* 10
#9980 1! 1" 1# 1' 1) 1-
#9981 0' 0) 0* 0-
#9982 0! 0" 0# 0$ 0% 0& 1' 1*
#9983 1! 1" 1# 1$ 1% 1& 1) 1-
#9984 0$ 0% 0& 0) 0* 0-
#9985 0! 0" 0# 1$ 1*
#9986 1! 1" 1# 1% 1& 1) 1-
#9987 0% 0& 0) 0* 0-
#9988 0! 0" 0# 0$ 1% 1*
#9989 1! 1" 1# 1$ 1& 1) 1-
#9990 0$ 0& 0) 0* 0-
#9991 0! 0" 0# 1$ 1*
#9992 1! 1" 1# 1& 1) 1-
#9993 0& 0) 0* 0-
#9994 0! 0" 0# 0$ 0% 1& 1*
#9995 1! 1" 1# 1$ 1% 1) 1- 00
#9996 0$ 0% 0) 0* 0- 10
#9997 0! 0" 0# 1$ 1*
#9998 1! 1" 1# 1% 1) 1-
#9999 0% 0) 0* 0-
#10000 0! 0" 0# 0$ 1% 1*
#10001 1! 1" 1# 1$ 1) 1-
#10002 0$ 0) 0* 0-
#10003 0! 0" 0# 1$ 1* 00
#10004 1! 1" 1# 1) 1- 10
#10005 0) 0* 0-
#10006 0! 0" 0# 0$ 0% 0& 0' 0( 1-
#10007 1! 1" 1# 1$ 1% 1*
#10008 0! 0" 0$ 1' 1(
#10009 0# 0% 0' 0( 0*
#10010 1! 1" 1# 1$ 1*
#10011 1% 0*
#10012 0! 0$ 1' 1( 1) 1*
#10013 1! 1$ 0% 0' 0( 0) 0*
#10014 1%
#10015 0! 0$ 1' 1( 1) 1*
#10016 1! 1$ 0% 0' 0( 0) 0*
#10017 1%
#10018 0% 1) 1*
#10019 1% 1& 1' 1( 0)
#10020 0! 0" 0# 0$ 0% 0& 0' 0( 0* 00
#10021 1! 1" 1# 1$ 1% 1& 1' 1( 1* 10
#10022 0! 0" 0# 0$ 0% 0& 0' 0( 0* 0-
#10023 1$ 1-
#10024 1" 1# 0$ 1* 0-
#10025 0" 0# 1$
#10026 0$ 1% 0* 1-
#10027 1" 1# 1$ 0% 1* 0-
#10028 0" 0# 0$ 1%
#10029 1$ 0* 1-
#10030 1" 1# 0$ 1* 0-
#10031 0" 0# 1$
#10032 0$ 0% 1& 0* 1-
#10033 1" 1# 1$ 1% 0& 1* 0-
#10034 0" 0# 0$ 0% 1&
#10035 1$ 0* 1-
#10036 1" 1# 0$ 1* 0-
#10037 0" 0# 1$ 00
#10038 0$ 1% 0* 1- 10
#10039 1" 1# 1$ 0% 1* 0-
#10040 0" 0# 0$ 1%
#10041 1$ 0* 1-
#10042 1" 1# 0$ 1* 0-
#10043 0" 0# 1$
#10044 0$ 0% 0& 1' 0* 1-
#10045 1" 1# 1$ 1% 1& 0' 1* 0- 00
#10046 0" 0# 0$ 0% 0& 1' 10
#10047 1$ 0* 1-
#10048 1" 1# 0$ 1* 0-
#10049 0" 0# 1$
#10050 0$ 1% 0* 1-
#10051 1" 1# 1$ 0% 1* 0-
#10052 0" 0# 0$ 1%
#10053 1$ 0* 1-
#10054 1" 1# 0$ 1* 0-
#10055 0" 0# 1$
#10056 0$ 0% 1& 0* 1-
#10057 1" 1# 1$ 1% 0& 1* 0-
#10058 0" 0# 0$ 0% 1&
#10059 1$ 0* 1-
#10060 1" 1# 0$ 1* 0-
#10061 0" 0# 1$
#10062 0$ 1% 0* 1- 00
#10063 1" 1# 1$ 0% 1* 0- 10
#10064 0" 0# 0$ 1%
#10065 1$ 0* 1-
#10066 1" 1# 0$ 1* 0-
#10067 0" 0# 1$
#10068 1! 1" 1# 1( 0+ 1-
#10069 0! 0( 1+ 0-
#10070 0$ 0& 1( 1) 1- 00
#10071 0" 0# 0% 0' 0( 0) 0* 10
#10072 1% 1*
#10073 1" 1# 1' 1( 1)
#10074 0" 0# 1$
#10075 0$ 0% 0' 0( 0)
#10076 1"
#10077 1! 1# 1$ 1% 1& 1' 1( 1)
#10078 0! 0" 0# 0$ 0% 0& 0' 0( 0)
#10079 00
#10080 1! 1" 1# 1$ 1% 1& 1' 1( 1) 10
#10081 0! 0" 0# 0$ 0% 0& 0' 0( 0) 0*
#10082 1) 1*
#10084 1" 1# 1% 1' 1(
#10085 1! 1$ 1& 0)
#10086 1)
#10087 0! 0$ 0& 00
#10088 0" 0% 0' 0) 0- 10
#10089 1! 1" 1$ 1% 1& 1' 1) 1-
#10090 0! 0$ 0&
#10091 0" 1$ 0% 0' 0) 0-
#10092 1! 1" 1% 1& 1' 1) 1-
#10093 0! 0$ 0&
#10094 0" 0' 0) 0-
#10095 1! 1" 1$ 1& 1' 1) 1-
#10096 0! 0$ 0&
#10097 0" 1$ 0' 0) 0-
#10098 1! 1" 1& 1' 1) 1-
#10099 0! 0$ 0&
#10100 0% 1& 0' 0) 0-
#10101 1! 1$ 1% 0( 1) 1-
#10102 0! 0$ 0& 1' 1(
#10103 1$ 0% 1& 0' 0) 0-
#10104 1! 1% 1' 1) 1- 00
#10105 0! 0$ 0& 10
#10106 1& 0' 0) 0-
#10107 1! 1$ 0( 1) 1-
#10108 0! 0$ 0& 1' 1(
#10109 1$ 1& 0' 0) 0-
#10110 1! 1' 1) 1-
#10111 0! 0$ 0&
#10112 0% 0) 0- 00
#10113 1! 1$ 1% 1& 0' 0( 1) 1- 10
#10114 0! 0$ 0& 1' 1(
#10115 0" 1$ 0% 0) 0-
#10116 1! 1" 1% 1& 1) 1-
#10117 0! 0$ 0&
#10118 0" 0) 0-
#10119 1! 1" 1$ 1& 0' 0( 1) 1-
#10120 0! 0$ 0& 1' 1(
#10121 1! 0" 1$ 0) 0-
#10122 1" 1& 1-
#10123 0! 0$ 0& 1)
#10124 1! 0" 0% 1& 0) 0-
#10125 1" 1$ 1% 0' 0( 1-
#10126 0! 0$ 0& 1' 1( 1)
#10127 1! 0" 1$ 0% 1& 0) 0-
#10128 1" 1% 1-
#10129 0! 0$ 0& 1) 00
#10130 1! 0" 1& 0) 0- 10
#10131 1" 1$ 0' 0( 1-
#10132 1' 1( 1)
#10133 0" 0) 0-
#10134 0! 1" 0# 0$ 0% 0& 0' 0( 0* 1-
#10135 0" 1$ 1% 1' 1( 1) 1*
#10136 1! 0$ 0% 0' 0( 0)
#10137 0! 1" 0*
#10138 1! 1# 1$ 1% 1& 1' 1( 1*
#10139 0! 0" 0# 0&
#10140 1! 0$ 0% 0' 0( 0*
#10141 1" 1# 1$ 1% 1& 1' 1( 1*
#10142 0! 0" 0# 0& 0(
#10143 1! 0$ 0% 0' 0*
#10144 1" 1# 1$ 1% 1& 1' 1( 1*
#10145 0! 0" 0# 0$ 0% 0& 0' 0(
#10146 1! 1) 00
#10147 10
#10148 1" 1# 1$ 1% 1& 1' 1(
#10149 0) 0+
#10150 1+
#10151 0# 0$ 0% 0& 0' 0( 0-
#10152 0" 1# 0*
#10153 1" 1$ 1% 1& 1-
#10154 0# 0% 0& 1* 0- 00
#10155 0" 1# 0* 10
#10156 1" 1% 1& 1' 1( 1* 1-
#10157 0# 0$ 0& 0' 0( 0-
#10158 0" 1# 0*
#10159 1" 1$ 1& 1* 1-
#10160 0# 0& 0-
#10161 0" 1# 0*
#10162 1" 1& 1' 1( 1* 1-
#10163 0# 0$ 0% 0' 0( 0-
#10164 0" 1# 0*
#10165 1" 1$ 1% 1* 1-
#10166 0# 0% 0-
#10167 0" 1# 0*
#10168 1" 1% 1' 1( 1* 1-
#10169 0# 0$ 0' 0( 0-
#10170 0" 1# 0*
#10171 1" 1$ 1* 1- 00
#10172 0# 0- 10
#10173 0" 1# 0*
#10174 1" 1' 1( 1* 1-
#10175 0# 0$ 0% 0& 0( 0-
#10176 0" 1# 0*
#10177 1" 1$ 1% 1& 0' 1* 1-
#10178 0# 0% 0& 1' 0-
#10179 0" 1# 0* 00
#10180 1" 1% 1& 1( 1* 1- 10
#10181 0# 0$ 0& 0( 0-
#10182 0" 1# 0*
#10183 1" 1$ 1& 0' 1* 1-
#10184 0# 0& 1' 0-
#10185 0" 1# 0*
#10186 1" 1& 1( 1* 1-
#10187 0# 0$ 0% 0( 0-
#10188 0" 1# 0* 00
#10189 1" 1$ 1% 0' 1* 1- 10
#10190 0# 0% 1' 0-
#10191 0" 1# 0*
#10192 1" 1% 1( 1* 1-
#10193 0# 0$ 0( 0-
#10194 0" 1# 0*
#10195 1" 1$ 0' 1* 1-
#10196 0# 1' 0- 00
#10197 0" 1# 0* 10
#10198 0# 0$ 0% 0& 0' 1-
#10199 1" 1# 1$ 1% 1& 1' 1( 1*
#10200 0! 0# 0$ 0% 0& 0' 0( 0*
#10201 1! 0"
#10202 1" 1# 1$ 1% 1& 1' 1( 1*
#10203 0! 0# 0$ 0% 0& 0' 0(
#10204 0" 0*
#10205 1" 1)
#10206 0) 1*
#10207 0" 0*
#10208 1" 1)
#10209 0)
#10210 1) 1*
#10212 1! 1# 1$ 1% 1& 1' 1(
#10213 0) 0+ 00
#10214 0! 0" 0$ 0% 0& 0' 0( 1) 1+ 10
#10215 1! 1" 0# 1( 0) 0* 0-
#10216 0! 0" 1#
#10217 1$ 0( 1) 1* 1-
#10218 1! 1" 0# 1( 0) 0* 0-
#10219 0! 0" 1#
#10220 0$ 1% 0( 1) 1* 1-
#10221 1! 1" 0# 1( 0) 0* 0- 00
#10222 0! 0" 1# 10
#10223 1$ 0( 1) 1* 1-
#10224 1! 1" 0# 1( 0) 0* 0-
#10225 0! 0" 1#
#10226 0$ 0% 1& 0( 1) 1* 1-
#10227 1! 1" 0# 1( 0) 0* 0-
#10228 0! 0" 1#
#10229 1$ 0( 1) 1* 1-
#10230 1! 1" 0# 1( 0) 0* 0-
#10231 0! 0" 1#
#10232 0$ 1% 0( 1) 1* 1-
#10233 1! 1" 0# 1( 0) 0* 0-
#10234 0! 0" 1#
#10235 1$ 0( 1) 1* 1-
#10236 1! 1" 0# 1( 0) 0* 0-
#10237 0! 0" 1#
#10238 0$ 0% 0& 1' 0( 1) 1* 1- 00
#10239 1! 1" 0# 1( 0) 0* 0- 10
#10240 0! 0" 1#
#10241 1$ 0( 1) 1* 1-
#10242 1! 1" 0# 1( 0) 0* 0-
#10243 0! 0" 1#
#10244 0$ 1% 0( 1) 1* 1-
#10245 1! 1" 0# 1( 0) 0* 0-
#10246 0! 0" 1#
#10247 1$ 0( 1) 1* 1-
#10248 1! 1" 0# 1( 0) 0* 0-
#10249 0! 0" 1#
#10250 0$ 0% 1& 0( 1) 1* 1-
#10251 1! 1" 0# 1( 0) 0-
#10252 0! 0" 1# 0*
#10253 1$ 0( 1* 1-
#10254 1! 1" 0# 1( 0-
#10255 0! 0" 1# 0* 00
#10256 0$ 1% 0( 1* 1- 10
#10257 1! 1" 0# 1( 0-
#10258 0! 0" 1# 0*
#10259 1$ 0( 1* 1-
#10260 1! 1" 0# 1( 0-
#10261 0! 0" 1# 0*
#10262 0# 0$ 0% 0& 0' 0( 1* 1-
#10263 1! 1" 1# 1$ 1% 1& 1' 1( 1) 00
#10264 0! 0" 0# 0$ 0% 0& 0' 0( 10
#10265 0)
#10266 1" 1) 0*
#10267 0" 1# 1% 1' 1( 0) 1*
#10268 1" 1)
#10269 1! 0" 0# 0% 0' 0( 0)
#10270 0! 1# 1% 1'
#10271 1" 1( 1)
#10272 1! 0" 0# 0% 0' 0( 0)
#10273 0!
#10274 1! 1" 1)
#10276 1# 1$ 1% 1& 1' 1( 0)
#10277 1)
#10278 0! 0" 0$ 0% 0& 0' 0( 0) 0*
#10279 1" 0# 0-
#10280 1$ 1% 1& 1) 1* 1- 00
#10281 0" 1# 0% 0& 0) 0* 10
#10282 1" 0# 0-
#10283 1% 1& 1) 1* 1-
#10284 0" 1# 0$ 0& 0) 0*
#10285 1" 0# 0-
#10286 1$ 1& 1) 1* 1-
#10287 0" 1# 0& 0)
#10288 1" 0# 0* 0- 00
#10289 1& 1) 1* 1- 10
#10290 0" 1# 0$ 0% 0)
#10291 1" 0# 0* 0-
#10292 1$ 1% 1) 1* 1-
#10293 0" 1# 0% 0)
#10294 1" 0# 0* 0-
#10295 1% 1) 1* 1-
#10296 0" 1# 0$ 0)
#10297 1" 0# 0* 0- 00
#10298 1$ 1) 1* 1- 10
#10299 0" 1# 0)
#10300 1" 0# 0* 0-
#10301 1) 1* 1-
#10302 0" 1# 0$ 0% 0& 1' 0)
#10303 1" 0# 0* 0-
#10304 1$ 1% 1& 0' 1) 1* 1-
#10305 0" 1# 0% 0& 1' 0) 00
#10306 1" 0# 0* 0- 10
#10307 1% 1& 0' 1) 1* 1-
#10308 0" 1# 0$ 0& 1' 0)
#10309 1" 0# 0* 0-
#10310 1$ 1& 0' 1) 1* 1-
#10311 0" 1# 0& 1' 0)
#10312 1" 0# 0* 0-
#10313 1& 0' 1) 1* 1-
#10314 0" 1# 0$ 0% 1' 0)
#10315 1" 0# 0* 0-
#10316 1$ 1% 0' 1) 1* 1-
#10317 0" 1# 0% 1' 0)
#10318 1" 0# 0* 0-
#10319 1% 0' 1) 1* 1-
#10320 0" 1# 0$ 1' 0)
#10321 1" 0# 0* 0-
#10322 1$ 0' 1) 1* 1- 00
#10323 0" 1# 1' 0) 10
#10324 1" 0# 0* 0-
#10325 0' 1) 1* 1-
#10326 0" 0$ 0% 0& 0)
#10327 1" 0*
#10328 0" 1#
#10329 0# 1*
#10330 1" 0* 00
#10331 0" 1# 1% 1* 10
#10332 0% 0*
#10333 1! 0#
#10334 0! 1# 1% 1*
#10335 0% 0*
#10336 1! 0# 1*
#10337 0! 1# 1%
#10338 0% 0*
#10339 1) 1*
#10340 1! 1" 1$ 1% 1& 1' 1(
#10341 0)
#10342 1)
#10343 0" 0# 0$ 0% 0& 0' 0) 0* 0-
#10344 1" 1# 1$ 1% 1& 1' 1* 1-
#10345 0$ 0% 0& 0' 1)
#10346 0" 0# 1$ 0) 0* 0-
#10347 1" 1# 1% 1& 1' 1* 1- 00
#10348 0% 0& 0' 1) 10
#10349 0" 0# 0$ 1% 0) 0* 0-
#10350 1" 1# 1$ 1& 1' 1* 1-
#10351 0$ 0& 0' 1)
#10352 0" 0# 1$ 0) 0-
#10353 1" 1# 1& 1' 1-
#10354 0& 0' 1)
#10355 0" 0# 0$ 0% 1& 0) 0-
#10356 1" 1# 1$ 1% 1' 1-
#10357 0$ 0% 0' 1)
#10358 0" 0# 1$ 0) 0-
#10359 1" 1# 1% 1' 1-
#10360 0% 0' 1)
#10361 0" 0# 0$ 1% 0) 0-
#10362 1" 1# 1$ 1' 1-
#10363 0$ 0' 1)
#10364 0" 0# 1$ 0) 0- 00
#10365 1" 1# 1' 1- 10
#10366 0' 1)
#10367 0" 0# 0$ 0% 0& 1' 0) 0-
#10368 1" 1# 1$ 1% 1& 1-
#10369 0$ 0% 0& 1)
#10370 0" 0# 1$ 0) 0-
#10371 1" 1# 1% 1& 1-
#10372 0% 0& 1) 00
#10373 0" 0# 0$ 1% 0) 0- 10
#10374 1" 1# 1$ 1& 1-
#10375 0$ 0& 1)
#10376 0" 0# 1$ 0) 0* 0-
#10377 1" 1# 1& 1* 1-
#10378 0& 1)
#10379 0" 0# 0$ 0% 1& 0) 0* 0-
#10380 1" 1# 1$ 1% 1* 1-
#10381 0$ 0% 1) 0-
#10382 0" 0# 1$ 0) 0*
#10383 1" 1# 1% 1* 1-
#10384 0% 0-
#10385 0" 0# 0$ 1% 0*
#10386 1" 1# 1$ 1* 1-
#10387 0$ 0-
#10388 0" 0# 1$ 0*
#10389 1" 1# 1* 1- 00
#10390 0- 10
#10391 0" 0# 0$ 0% 0& 0' 0( 0* 1-
#10392 0! 1# 1% 1) 1*
#10393 1! 0% 0)
#10394 0# 0*
#10395 1# 1*
#10396 0! 1% 1' 1( 1)
#10397 0# 0% 0' 0( 0) 0* 00
#10398 1! 1# 1* 10
#10399 0! 1% 1' 1( 1)
#10400 0# 0% 0' 0( 0) 0*
#10401 1! 1# 1*
#10402 0! 1% 1' 1( 1)
#10403 1! 0% 0' 0(
#10404 1" 1$ 1% 1& 1' 1(
#10406 0) 0+ 00
#10407 0! 0" 0# 0$ 0% 0& 0' 0( 1+ 0- 10
#10408 1! 1" 1# 1$ 1% 1& 1' 1( 1) 1-
#10409 0$ 0% 0& 0' 0( 0) 0* 0-
#10410 0! 0" 0# 1$ 1*
#10411 1! 1" 1# 1% 1& 1' 1( 1) 1-
#10412 0% 0& 0' 0( 0) 0* 0-
#10413 0! 0" 0# 0$ 1% 1*
#10414 1! 1" 1# 1$ 1& 1' 1( 1) 1- 00
#10415 0$ 0& 0' 0( 0) 0* 0- 10
#10416 0! 0" 0# 1$ 1*
#10417 1! 1" 1# 1& 1' 1( 1) 1-
#10418 0& 0' 0( 0) 0* 0-
#10419 0! 0" 0# 0$ 0% 1& 1*
#10420 1! 1" 1# 1$ 1% 1' 1( 1) 1-
#10421 0$ 0% 0' 0( 0) 0* 0-
#10422 0! 0" 0# 1$ 1*
#10423 1! 1" 1# 1% 1' 1( 1) 1-
#10424 0% 0' 0( 0) 0* 0-
#10425 0! 0" 0# 0$ 1% 1*
#10426 1! 1" 1# 1$ 1' 1( 1) 1-
#10427 0$ 0' 0( 0) 0* 0-
#10428 0! 0" 0# 1$ 1*
#10429 1! 1" 1# 1' 1( 1) 1-
#10430 0' 0( 0) 0* 0-
#10431 0! 0" 0# 0$ 0% 0& 1' 1* 00
#10432 1! 1" 1# 1$ 1% 1& 1( 1) 1- 10
#10433 0$ 0% 0& 0( 0) 0* 0-
#10434 0! 0" 0# 1$ 1*
#10435 1! 1" 1# 1% 1& 1( 1) 1-
#10436 0% 0& 0( 0) 0* 0-
#10437 0! 0" 0# 0$ 1% 1*
#10438 1! 1" 1# 1$ 1& 1( 1) 1-
#10439 0$ 0& 0( 0) 0* 0- 00
#10440 0! 0" 0# 1$ 1* 10
#10441 1! 1" 1# 1& 1( 1) 1-
#10442 0& 0( 0) 0* 0-
#10443 0! 0" 0# 0$ 0% 1& 1*
#10444 1! 1" 1# 1$ 1% 1( 1) 1-
#10445 0$ 0% 0( 0) 0* 0-
#10446 0! 0" 0# 1$ 1*
#10447 1! 1" 1# 1% 1( 1) 1-
#10448 0% 0( 0) 0* 0-
#10449 0! 0" 0# 0$ 1% 1*
#10450 1! 1" 1# 1$ 1( 1) 1-
#10451 0$ 0( 0) 0* 0-
#10452 0! 0" 0# 1$ 1*
#10453 1! 1" 1# 1( 1) 1-
#10454 0( 0) 0* 0-
#10455 0! 0" 0# 0$ 0% 0& 0' 1* 1-
#10456 1" 1# 1% 0* 00
#10457 0% 1* 10
#10458 0" 0#
#10459 1" 1# 0*
#10460 1%
#10461 1' 1( 1) 1*
#10462 0% 0' 0( 0) 0*
#10463 1%
#10464 1' 1( 1) 1*
#10465 0% 0' 0( 0) 0*
#10466 1%
#10467 0% 1) 1*
#10468 1! 1$ 1% 1& 1' 1( 0)
#10469 0! 0" 0# 0$ 0% 0& 0' 0( 0*
#10470 1! 1" 1# 1$ 1% 1& 1' 1( 1*
#10471 0! 0" 0# 0$ 0% 0& 0' 0* 0-
#10472 1$ 0( 1-
#10473 1" 1# 0$ 1( 1* 0- 00
#10474 0" 0# 1$ 0* 10
#10475 0$ 1% 0( 1-
#10476 1" 1# 1$ 0% 1( 1* 0-
#10477 0" 0# 0$ 1% 0*
#10478 1$ 0( 1-
#10479 1" 1# 0$ 1( 1* 0-
#10480 0" 0# 1$ 0*
#10481 0$ 0% 1& 0( 1- 00
#10482 1" 1# 1$ 1% 0& 1( 1* 0- 10
#10483 0" 0# 0$ 0% 1& 0*
#10484 1$ 0( 1-
#10485 1" 1# 0$ 1( 1* 0-
#10486 0" 0# 1$ 0*
#10487 0$ 1% 0( 1-
#10488 1" 1# 1$ 0% 1( 1* 0-
#10489 0" 0# 0$ 1% 0*
#10490 1$ 0( 1-
#10491 1" 1# 0$ 1( 1* 0-
#10492 0" 0# 1$ 0*
#10493 0$ 0% 0& 1' 0( 1-
#10494 1" 1# 1$ 1% 1& 0' 1( 1* 0-
#10495 0" 0# 0$ 0% 0& 1' 0*
#10496 1$ 0( 1-
#10497 1" 1# 0$ 1( 1* 0-
#10498 0" 0# 1$ 0* 00
#10499 0$ 1% 0( 1- 10
#10500 1" 1# 1$ 0% 1( 1* 0-
#10501 0" 0# 0$ 1% 0*
#10502 1$ 0( 1-
#10503 1" 1# 0$ 1( 1* 0-
#10504 0" 0# 1$ 0*
#10505 0$ 0% 1& 0( 1-
#10506 1" 1# 1$ 1% 0& 1( 1* 0- 00
#10507 0" 0# 0$ 0% 1& 0* 10
#10508 1$ 0( 1-
#10509 1" 1# 0$ 1( 1* 0-
#10510 0" 0# 1$ 0*
#10511 0$ 1% 0( 1-
#10512 1" 1# 1$ 0% 1( 1* 0-
#10513 0" 0# 0$ 1%
#10514 1$ 0( 0* 1-
#10515 1" 1# 0$ 1( 1* 0- 00
#10516 0" 0# 1$ 10
#10517 1! 1" 1# 0+ 1-
#10518 0! 1+ 0-
#10519 0$ 0& 1) 1-
#10520 1! 0% 0' 0( 0) 0*
#10521 1% 1) 1*
#10522 0! 1' 1( 0)
#10523 0" 0# 1$ 1) 00
#10524 1! 1" 1# 0$ 0% 0' 0( 0) 10
#10525 0! 0# 0*
#10526 0" 1$ 1% 1' 1( 1) 1*
#10527 1! 1" 1# 0$ 0% 0' 0( 0)
#10528 0! 0# 0*
#10529 0" 1$ 1% 1' 1( 1) 1*
#10530 1! 1" 1# 0$ 0% 0' 0( 0)
#10531 1)
#10532 1$ 1% 1& 1' 1(
#10533 0! 0$ 0&
#10534 1! 1$ 1& 0) 0+
#10535 0! 0" 0' 0( 1) 1+
#10536 1" 0$ 0& 1' 1(
#10537 0% 0' 0( 0) 0* 0-
#10538 0" 1$ 1% 1& 1) 1* 1-
#10539 1" 0$ 0& 1' 1(
#10540 1$ 0% 0' 0( 0) 0* 0- 00
#10541 0" 1% 1& 1) 1* 1- 10
#10542 1" 0$ 0& 1' 1(
#10543 0' 0( 0) 0* 0-
#10544 0" 1$ 1& 1) 1* 1-
#10545 1" 0$ 0& 1' 1(
#10546 1$ 0' 0( 0) 0* 0-
#10547 0" 1& 1) 1* 1-
#10548 1" 0$ 0& 1' 1( 00
#10549 0% 1& 0' 0( 0) 0- 10
#10550 0" 1$ 1% 1) 1-
#10551 1" 0$ 0& 1' 1(
#10552 1$ 0% 1& 0' 0( 0) 0-
#10553 1% 1' 1( 1) 1-
#10554 0$ 0&
#10555 1& 0' 0( 0) 0-
#10556 1! 1$ 1) 1-
#10557 0! 0$ 0& 1' 1(
#10558 1$ 1& 0' 0( 0) 0-
#10559 1! 1' 1( 1) 1-
#10560 0! 0$ 0&
#10561 0% 0( 0) 0-
#10562 1! 1$ 1% 1& 0' 1) 1-
#10563 0! 0$ 0& 1' 1(
#10564 1$ 0% 0( 0) 0-
#10565 1! 1% 1& 1( 1) 1- 00
#10566 0! 0$ 0& 10
#10567 0( 0) 0-
#10568 1$ 1& 0' 1) 1-
#10569 0$ 0& 1' 1(
#10570 1$ 0( 0) 0-
#10571 0" 1& 1) 1-
#10572 1" 0$ 0& 1(
#10573 0% 1& 0( 0) 0-
#10574 0" 1$ 1% 0' 1) 1-
#10575 1" 0$ 0& 1' 1(
#10576 1$ 0% 1& 0( 0) 0-
#10577 0" 1% 0' 1) 1-
#10578 1" 0$ 0& 1' 1(
#10579 1& 0( 0) 0-
#10580 0" 1$ 0' 1) 1-
#10581 1! 1" 1' 1(
#10582 0! 0( 0) 0- 00
#10583 0# 0$ 0% 0& 0' 0* 1- 10
#10584 0" 1$ 1% 1' 1( 1) 1*
#10585 0' 0( 0)
#10586 1" 0$ 0% 0*
#10587 1! 1# 1$ 1% 1& 1' 1( 1*
#10588 0! 0" 0# 0% 0& 0' 0(
#10589 1! 0$ 0*
#10590 1" 1# 1$ 1% 1& 1' 1( 1* 00
#10591 0! 0" 0# 0% 0& 0' 0( 10
#10592 1! 0$ 0*
#10593 1" 1# 1$ 1% 1& 1' 1( 1*
#10594 0! 0" 0# 0% 0& 0' 0(
#10595 1)
#10597 1! 1" 1# 1% 1& 1' 1(
#10598 0) 0+
#10599 1+
#10600 0# 0$ 0% 0& 0' 0-
#10601 0" 1# 0*
#10602 1" 1$ 1% 1& 0( 1-
#10603 0# 0% 0& 1( 1* 0-
#10604 0" 1# 0*
#10605 1" 1% 1& 1' 1* 1-
#10606 0# 0$ 0& 0' 0-
#10607 0" 1# 0* 00
#10608 1" 1$ 1& 0( 1* 0+ 1- 10
#10609 0# 0& 1( 1+ 0-
#10610 0" 1# 0*
#10611 1" 1& 1' 1* 1-
#10612 0# 0$ 0% 0' 0-
#10613 0" 1# 0*
#10614 1" 1$ 1% 1' 0( 1-
#10615 0# 0% 0' 1( 1* 0- 00
#10616 0" 1# 0* 10
#10617 1" 1% 1' 1* 1-
#10618 0# 0$ 0' 0-
#10619 0" 1# 0*
#10620 1" 1$ 1' 0( 1* 0+ 1-
#10621 0# 0' 1( 1+ 0-
#10622 0" 1# 0*
#10623 1" 1' 1* 1-
#10624 0# 0$ 0% 0& 0- 00
#10625 0" 1# 0* 10
#10626 1" 1$ 1% 1& 0( 1-
#10627 0# 0% 0& 1( 1* 0-
#10628 0" 1# 0*
#10629 1" 1% 1& 1* 1-
#10630 0# 0$ 0& 0-
#10631 0" 1# 0*
#10632 1" 1$ 1& 0( 1* 0+ 1- 00
#10633 0# 0& 1( 1+ 0- 10
#10634 0" 1# 0*
#10635 1" 1& 1* 1-
#10636 0# 0$ 0% 0-
#10637 0" 1# 0*
#10638 1" 1$ 1% 0( 1-
#10639 0# 0% 1( 1* 0-
#10640 0" 1# 0*
#10641 1" 1% 1* 1-
#10642 0# 0$ 0-
#10643 0" 1# 0*
#10644 1" 1$ 0( 1* 1-
#10645 0# 1( 0-
#10646 0" 1# 0*
#10647 0# 0$ 0% 0& 0' 0( 1-
#10648 1" 1# 1$ 1% 1& 1' 1( 1*
#10649 0" 0# 0% 0& 0' 0( 0* 00
#10650 0$ 10
#10651 1" 1# 1$ 1% 1& 1' 1( 1*
#10652 0" 0# 0% 0& 0' 0( 1)
#10653 0! 0$ 0) 0*
#10654 1! 1" 1# 1$ 1% 1& 1' 1( 1) 1*
#10655 0" 0# 0% 0& 0' 0(
#10656 0! 0$ 0) 0*
#10657 1! 1" 1# 1$ 1% 1& 1' 1( 1) 1* 00
#10658 0" 0# 0% 0& 0' 0( 10
#10661 1" 1# 1% 1& 1' 1(
#10662 0)
#10663 1)
#10664 0# 0$ 0% 0& 0' 0( 0) 0* 0-
#10665 0! 0" 1# 1*
#10666 1" 1' 1) 1-
#10667 1! 0# 1$ 0' 0) 0* 0-
#10668 0! 0" 1# 1*
#10669 1! 1" 1% 1& 1' 1( 1) 1-
#10670 0# 0$ 0& 0' 0( 0) 0* 0-
#10671 0! 0" 1# 1*
#10672 1! 1" 0% 1' 1) 1-
#10673 0# 1$ 1% 0' 0) 0* 0-
#10674 0! 0" 1# 00
#10675 1! 1" 1& 1' 1( 1) 1* 1- 10
#10676 0# 0$ 0% 0' 0( 0) 0* 0-
#10677 0! 0" 1#
#10678 0# 1$ 0& 1' 1) 1* 1-
#10679 1! 1" 1& 0' 0) 0* 0-
#10680 0! 0" 1#
#10681 0$ 1% 1) 1* 1-
#10682 1! 1" 0# 0) 0* 0-
#10683 0! 0" 1#
#10684 0# 1$ 0% 0& 1) 1* 1-
#10685 1! 1" 1% 1& 0) 0* 0-
#10686 0! 0" 1#
#10687 0$ 0% 0& 1' 1) 1* 1-
#10688 1! 1" 0# 0) 0* 0-
#10689 0! 0" 1#
#10690 1$ 1) 1* 1-
#10691 1! 1" 0# 0) 0* 0- 00
#10692 0! 0" 1# 10
#10693 0$ 1% 1) 1* 1-
#10694 1! 1" 0# 0) 0* 0-
#10695 0! 0" 1#
#10696 0# 1$ 1) 1* 1-
#10697 1! 1" 0) 0* 0-
#10698 0! 0" 1#
#10699 0$ 0% 1& 1) 1* 1- 00
#10700 1! 1" 0# 0) 0* 0- 10
#10701 0! 0" 1#
#10702 1$ 0& 1) 1* 1-
#10703 1! 1" 0# 1& 0) 0* 0-
#10704 0! 0" 1#
#10705 1! 0$ 1% 1( 1) 1* 1-
#10706 1" 0# 0( 0) 0* 0-
#10707 0! 0" 1#
#10708 1! 1$ 0% 0& 1) 1* 1-
#10709 1" 0# 1% 1& 0) 0* 0-
#10710 0! 0" 1#
#10711 0# 0$ 0% 0& 0' 1* 1-
#10712 1! 1" 1# 1$ 1% 1& 1' 1( 1)
#10713 0! 0" 0# 0&
#10714 0$ 0% 0' 0( 0)
#10715 1" 1)
#10716 1$ 0) 00
#10717 1# 0$ 1% 1' 1( 10
#10718 0# 0% 0' 0(
#10719 1$
#10720 1# 0$ 1% 1' 1(
#10721 0" 0# 0% 0' 0(
#10722 1" 1$
#10723 1)
#10724 00
#10725 1! 1# 1% 1& 1' 1( 0) 10
#10727 0! 0" 0$ 0% 0& 0' 0( 0*
#10728 1" 0# 1( 0-
#10729 1! 0" 1# 1$ 1% 1& 0( 1) 1*
#10730 0! 0% 0& 0) 0* 1-
#10731 1" 0# 1( 0-
#10732 1! 0" 1# 1% 1& 0( 1) 1*
#10733 0! 0$ 0& 0) 0* 1- 00
#10734 1" 0# 1( 0- 10
#10735 1! 0" 1# 1$ 1& 0( 1) 1*
#10736 0! 0& 0) 0* 1-
#10737 1" 0# 1( 0-
#10738 1! 0" 1# 1& 0( 1) 1*
#10739 0! 0$ 0% 0) 0* 1-
#10740 1" 0# 1( 0-
#10741 1! 0" 1# 1$ 1% 0( 1* 00
#10742 0! 0% 0* 1- 10
#10743 1" 0# 1( 0-
#10744 1! 0" 1# 1% 0( 1*
#10745 0! 0$ 0* 1-
#10746 1" 0# 1( 0-
#10747 1! 0" 1# 1$ 0( 1*
#10748 0! 0* 1-
#10749 1" 0# 1( 0-
#10750 1! 0" 1# 0( 1*
#10751 0! 0$ 0% 0& 1' 0* 1-
#10752 1" 0# 1( 0-
#10753 1! 0" 1# 1$ 1% 1& 0' 0( 1*
#10754 0! 0% 0& 1' 0* 1-
#10755 1" 0# 1( 0-
#10756 1! 0" 1# 1% 1& 0' 0( 1*
#10757 0! 0$ 0& 1' 0* 1-
#10758 1" 0# 1( 0- 00
#10759 1! 0" 1# 1$ 1& 0' 0( 1* 10
#10760 0! 0& 1' 0* 1-
#10761 1" 0# 1( 0-
#10762 1! 0" 1# 1& 0' 0( 1*
#10763 0! 0$ 0% 1' 0* 1-
#10764 1" 0# 1( 0-
#10765 1! 0" 1# 1$ 1% 0' 0( 1) 1*
#10766 0! 0% 1' 0) 0* 1- 00
#10767 1" 0# 1( 0- 10
#10768 1! 0" 1# 1% 0' 0( 1) 1* 1-
#10769 0! 0$ 1' 0) 0*
#10770 1" 0# 1( 0-
#10771 1! 0" 1# 1$ 0' 0( 1) 1* 1-
#10772 0! 1' 0) 0*
#10773 1" 0# 1( 0-
#10774 1! 0" 1# 0' 0( 1) 1* 1-
#10775 0! 0# 0$ 0% 0& 0) 0*
#10776 1"
#10777 1! 1$
#10778 0! 0" 0$
#10779 1"
#10780 1! 1$ 1% 1) 1*
#10781 0% 0) 0*
#10782 0" 0$
#10783 1" 1$ 1% 1) 1* 00
#10784 0% 0) 0* 10
#10785 0" 0$
#10786 1" 1$ 1% 1) 1*
#10787 0% 0) 0*
#10788 1) 1*
#10789 1# 1% 1& 1' 1(
#10790 0)
#10791 0! 0$ 0& 1)
#10792 1! 0" 0# 0% 0' 0( 0) 0-
#10793 1" 1# 1$ 1% 1& 1' 1( 1-
#10794 0! 0$ 0& 1)
#10795 1! 0" 0# 1$ 0% 0' 0( 0) 0-
#10796 1" 1# 1% 1& 1' 1( 1-
#10797 0! 0$ 0& 1)
#10798 1! 0" 0# 0' 0( 0) 0-
#10799 1" 1# 1$ 1& 1' 1( 1-
#10800 0! 0$ 0& 1) 00
#10801 1! 0" 0# 1$ 0' 0( 0) 0- 10
#10802 1" 1# 1& 1' 1( 1-
#10803 0! 0$ 0& 1)
#10804 1! 0" 0# 0% 1& 0' 0( 0) 0-
#10805 1" 1# 1$ 1% 1' 1( 1-
#10806 0! 0$ 0& 1)
#10807 1! 0" 0# 1$ 0% 1& 0' 0( 0) 0-
#10808 1" 1# 1% 1' 1( 1- 00
#10809 0! 0$ 0& 1) 10
#10810 1! 0" 0# 1& 0' 0( 0) 0-
#10811 1" 1# 1$ 1' 1( 1-
#10812 0! 0$ 0& 0' 0( 1)
#10813 1! 0" 0# 1$ 1& 0) 0-
#10814 1" 1# 1' 1( 1-
#10815 0! 0' 0( 1)
#10816 1! 0" 0# 0$ 0% 0& 1' 0) 0-
#10817 1" 1# 1$ 1% 1& 1( 1-
#10818 0! 0$ 0% 0& 0( 1)
#10819 1! 0" 0# 1$ 0) 0-
#10820 1" 1# 1% 1& 1( 1-
#10821 0! 0% 0& 0( 1)
#10822 1! 0" 0# 0$ 1% 0) 0-
#10823 1" 1# 1$ 1& 1( 1-
#10824 0! 0$ 0& 0( 1)
#10825 1! 0" 0# 1$ 0) 0- 00
#10826 1" 1# 1& 1( 1- 10
#10827 0! 0$ 0& 0( 1)
#10828 1! 0" 0# 0% 1& 0) 0-
#10829 1" 1# 1$ 1% 1( 1-
#10830 0! 0$ 0% 0& 1)
#10831 1! 0" 0# 1$ 1& 0( 0) 0-
#10832 1" 1# 1% 1( 1-
#10833 0! 0$ 0& 1) 00
#10834 1! 0" 0# 1& 0( 0) 0- 10
#10835 1" 1# 1$ 1( 1-
#10836 0! 0$ 0& 1)
#10837 1! 0" 0# 1$ 1& 0( 0) 0-
#10838 1" 1# 1( 1-
#10839 0! 0$ 0& 1)
#10840 1! 0" 0# 0% 0' 0( 0) 0*
#10841 0! 1# 1% 1' 1( 1) 1*
#10842 1" 00
#10843 1! 0" 0# 0% 0' 0( 0) 0* 10
#10844 0! 1# 1$ 1%
#10845 0$ 1' 1( 1*
#10846 0# 0% 0' 0( 0*
#10847 1# 1$ 1% 1*
#10848 0$ 1' 1(
#10849 0# 0% 0' 0( 0*
#10850 1# 1$ 1% 1* 00
#10851 0$ 1' 1( 10
#10852 1$ 0% 0' 0( 1)
#10853 1! 1" 1% 1& 1' 1(
#10854 0)
#10856 0" 0# 0$ 0% 0& 0' 0-
#10857 1" 1# 1$ 1% 1& 1' 1) 1-
#10858 0$ 0% 0& 0' 0) 0-
#10859 0" 0# 1$
#10860 1" 1# 1% 1& 1' 1) 1-
#10861 0% 0& 0' 0) 0-
#10862 0" 0# 0$ 1%
#10863 1" 1# 1$ 1& 1' 1) 1-
#10864 0$ 0& 0' 0) 0-
#10865 0" 0# 1$
#10866 1" 1# 1& 1' 1) 1-
#10867 0& 0' 0) 0- 00
#10868 0" 0# 0$ 0% 1& 10
#10869 1" 1# 1$ 1% 1' 1-
#10870 0$ 0% 0' 0-
#10871 0" 0# 1$
#10872 1" 1# 1% 1' 1-
#10873 0% 0' 0-
#10874 0" 0# 0$ 1%
#10875 1" 1# 1$ 1' 1- 00
#10876 0$ 0' 0- 10
#10877 0" 0# 1$
#10878 1" 1# 1' 1-
#10879 0' 0-
#10880 0" 0# 0$ 0% 0& 1'
#10881 1" 1# 1$ 1% 1& 1-
#10882 0$ 0% 0& 0-
#10883 0" 0# 1$
#10884 1" 1# 1% 1& 1-
#10885 0% 0& 0-
#10886 0" 0# 0$ 1%
#10887 1" 1# 1$ 1& 1-
#10888 0$ 0& 0-
#10889 0" 0# 1$
#10890 1" 1# 1& 1-
#10891 0& 0-
#10892 0" 0# 0$ 0% 1& 00
#10893 1" 1# 1$ 1% 1- 10
#10894 0$ 0% 0-
#10895 0" 0# 1$
#10896 1" 1# 1% 1) 1-
#10897 0% 0) 0-
#10898 0! 0" 0# 0$ 1%
#10899 1! 1" 1# 1$ 1) 1-
#10900 0$ 0) 0* 0-
#10901 0! 0" 0# 1$ 1*
#10902 1! 1" 1# 1) 1-
#10903 0) 0* 0-
#10904 0! 0" 0# 0$ 0% 0& 0' 0( 1* 1-
#10905 1! 1# 1$ 1% 0*
#10906 0%
#10907 0! 0# 0$ 1*
#10908 1! 1# 1$ 0*
#10909 1% 00
#10910 0! 1" 0$ 1' 1( 1) 1* 10
#10911 1! 0" 1$ 0% 0' 0( 0) 0*
#10912 1%
#10913 0! 1" 0$ 1' 1( 1) 1*
#10914 1! 0" 1$ 0% 0' 0( 0) 0*
#10915 1%
#10916 0% 1) 1*
#10917 1" 1% 1& 1' 1( 0) 00
#10918 0! 0" 0# 0$ 0% 0& 0' 0( 10
#10919 1! 1" 1# 1$ 1% 1& 1' 1(
#10920 0! 0" 0# 0$ 0% 0& 0' 0( 0* 0-
#10921 1$ 1* 1-
#10922 1! 1" 1# 0$ 0-
#10923 0! 0" 0# 1$ 0*
#10924 0$ 1% 1* 1-
#10925 1! 1" 1# 1$ 0% 0-
#10926 0! 0" 0# 0$ 1% 0*
#10927 1$ 1* 1-
#10928 1! 1" 1# 0$ 0-
#10929 0! 0" 0# 1$ 0*
#10930 0$ 0% 1& 1* 1-
#10931 1! 1" 1# 1$ 1% 0& 0-
#10932 0! 0" 0# 0$ 0% 1& 0*
#10933 1$ 1* 1-
#10934 1! 1" 1# 0$ 0- 00
#10935 0! 0" 0# 1$ 0* 10
#10936 0$ 1% 1-
#10937 1" 1# 1$ 0% 1* 0-
#10938 0" 0# 0$ 1% 0*
#10939 1$ 1-
#10940 1" 1# 0$ 1* 0-
#10941 0" 0# 1$ 0*
#10942 0$ 0% 0& 1' 1- 00
#10943 1" 1# 1$ 1% 1& 0' 1* 0- 10
#10944 0" 0# 0$ 0% 0& 1' 0*
#10945 1$ 1-
#10946 1" 1# 0$ 1* 0-
#10947 0" 0# 1$ 0*
#10948 0$ 1% 1-
#10949 1" 1# 1$ 0% 1* 0-
#10950 0" 0# 0$ 1% 0*
#10951 1$ 1- 00
#10952 1" 1# 0$ 1* 0- 10
#10953 0" 0# 1$ 0*
#10954 0$ 0% 1& 1-
#10955 1" 1# 1$ 1% 0& 1* 0-
#10956 0" 0# 0$ 0% 1& 0*
#10957 1$ 1-
#10958 1" 1# 0$ 1* 0-
#10959 0" 0# 1$ 0* 00
#10960 0$ 1% 1- 10
#10961 1" 1# 1$ 0% 1* 0-
#10962 0" 0# 0$ 1% 0*
#10963 1$ 1-
#10964 1" 1# 0$ 1* 0-
#10965 0" 0# 1$ 0*
#10966 1! 1" 1# 1( 1* 0+ 1-
#10967 0! 0( 1+ 0-
#10968 0" 0# 0$ 0% 0& 0' 1-
#10969 1" 1# 1$ 0*
#10970 0" 0$ 1% 1' 1( 1) 1*
#10971 0# 0% 0' 0( 0)
#10972 1$ 1% 1' 1(
#10973 1" 1# 0% 0' 0(
#10974 0# 0$ 0*
#10975 0" 1$ 1% 1' 1( 1) 1*
#10976 1" 1# 0% 0' 0( 0) 00
#10977 0# 0$ 0* 10
#10978 0" 1$ 1% 1' 1( 1) 1*
#10979 1" 1# 0% 0' 0( 0)
#10980 1)
#10981 1! 1% 1& 1' 1(
#10982 0! 0$ 0& 0)
#10983 1! 1$ 1& 0+
#10984 0' 0( 1) 1+ 00
#10985 0! 0$ 0& 1' 1( 0) 10
#10986 0% 0' 0* 0-
#10987 1! 1$ 1% 1& 0( 1) 1* 1-
#10988 0! 0$ 0& 1' 1( 0)
#10989 1$ 0% 0' 0* 0-
#10990 1! 1% 1& 0( 1) 1* 1-
#10991 0! 0$ 0& 1' 1(
#10992 0' 0) 0* 0-
#10993 1! 1$ 1& 0( 1) 1* 1-
#10994 0! 0$ 0& 1' 1( 0)
#10995 1$ 0' 0* 0-
#10996 1! 1& 0( 1) 1* 1-
#10997 0! 0$ 0& 1' 1( 0)
#10998 0% 1& 0' 0* 0-
#10999 1! 1$ 1% 0( 1) 1* 1-
#11000 0! 0$ 0& 1' 1( 0)
#11001 1$ 0% 1& 0' 0* 0- 00
#11002 1! 1% 0( 1) 1* 1- 10
#11003 0! 0$ 0& 1' 1( 0)
#11004 1& 0' 0* 0-
#11005 1! 1$ 0( 1) 1* 1-
#11006 0! 0$ 0& 1' 1( 0)
#11007 1$ 1& 0' 0* 0-
#11008 1! 0( 1) 1* 1-
#11009 0! 0$ 0& 1' 1( 0)
#11010 0% 0* 0-
#11011 1! 1$ 1% 1& 0' 0( 1) 1* 1-
#11012 0! 0$ 0& 1' 1( 0)
#11013 1$ 0% 0* 0-
#11014 1! 1% 1& 0' 0( 1) 1* 1-
#11015 0! 0$ 0& 1' 1( 0)
#11016 0* 0-
#11017 1! 1$ 1& 0' 0( 1) 1* 1-
#11018 0! 0$ 0& 1' 1( 0) 00
#11019 1$ 0* 0- 10
#11020 1! 1& 0' 0( 1) 1* 1-
#11021 0! 0$ 0& 1' 1( 0)
#11022 0% 1& 0* 0-
#11023 1! 1$ 1% 0' 0( 1) 1* 1-
#11024 0! 0$ 0& 1' 1(
#11025 1$ 0% 1& 0) 0* 0-
#11026 1! 1% 0' 0( 1) 1* 1- 00
#11027 0! 0$ 0& 1' 1( 10
#11028 1& 0) 0* 0-
#11029 1! 1$ 0' 0( 1) 1* 1-
#11030 1' 1(
#11031 0! 0) 0* 0-
#11032 0# 0$ 0% 0& 0' 0( 1-
#11033 0" 1$ 1% 1' 1( 1) 1*
#11034 1! 1" 1# 0' 0( 0) 0*
#11035 0! 0# 0$ 0%
#11036 1! 1# 1$ 1% 1& 1' 1( 1*
#11037 0% 0& 0' 0( 0*
#11038 0" 0# 0$
#11039 1" 1# 1$ 1% 1& 1' 1( 1*
#11040 0% 0& 0' 0( 0*
#11041 0" 0# 0$
#11042 1" 1# 1$ 1% 1& 1' 1( 1*
#11043 0% 0& 0' 0( 0* 00
#11044 1) 1* 10
#11046 1% 1& 1' 1(
#11047 0) 0+
#11048 1+
#11049 0# 0$ 0% 0& 0' 0( 0-
#11050 0" 1# 0*
#11051 1" 1$ 1% 1& 1' 1- 00
#11052 0# 0% 0& 0' 1* 0- 10
#11053 0" 1# 0*
#11054 1" 1% 1& 1' 1( 1* 1-
#11055 0# 0$ 0& 0' 0( 0-
#11056 0" 1# 0*
#11057 1" 1$ 1& 1' 1* 0+ 1-
#11058 0# 0& 0' 1+ 0-
#11059 0" 1# 0*
#11060 1" 1& 1' 1( 1* 1- 00
#11061 0# 0$ 0% 0' 0( 0- 10
#11062 0" 1# 0*
#11063 1" 1$ 1% 1' 1-
#11064 0# 0% 0' 1* 0-
#11065 0" 1# 0*
#11066 1" 1% 1' 1( 1* 1-
#11067 0# 0$ 0' 0( 0-
#11068 0" 1# 0* 00
#11069 1" 1$ 1' 1* 0+ 1- 10
#11070 0# 0' 1+ 0-
#11071 0" 1# 0*
#11072 1" 1' 1( 1* 1-
#11073 0# 0$ 0% 0& 0( 0-
#11074 0" 1# 0*
#11075 1" 1$ 1% 1& 1-
#11076 0# 0% 0& 1* 0-
#11077 0" 1# 0*
#11078 1" 1% 1& 1( 1* 1-
#11079 0# 0$ 0& 0( 0-
#11080 0" 1# 0*
#11081 1" 1$ 1& 1* 0+ 1-
#11082 0# 0& 1+ 0-
#11083 0" 1# 0*
#11084 1" 1& 1( 1* 1-
#11085 0# 0$ 0% 0( 0- 00
#11086 0" 1# 0* 10
#11087 1" 1$ 1% 1-
#11088 0# 0% 1* 0-
#11089 0" 1# 0*
#11090 1" 1% 1( 1* 1-
#11091 0# 0$ 0( 0-
#11092 0" 1# 0*
#11093 1" 1$ 1* 0+ 1- 00
#11094 0# 1+ 0- 10
#11095 0" 1# 0*
#11096 0# 0$ 0% 0& 1* 1-
#11097 1" 1# 1$ 1% 1& 1(
#11098 0! 0" 0# 0$ 0% 0& 0' 0( 0*
#11099 1! 1*
#11100 1" 1# 1$ 1% 1& 1' 1(
#11101 0! 0" 0# 0& 1)
#11102 0$ 0% 0' 0( 0)
#11103 1! 1" 1# 1$ 1% 1& 1' 1( 1)
#11104 0! 0" 0# 0&
#11105 0$ 0% 0' 0( 0)
#11106 1! 1" 1# 1$ 1% 1& 1' 1( 1)
#11107 0! 0" 0# 0$ 0% 0&
#11108 0' 0(
#11110 1! 1" 1# 1$ 1% 1& 1' 1( 00
#11111 0) 10
#11112 1)
#11113 0# 0$ 0% 0& 0' 0) 0* 0-
#11114 0! 0" 1# 1*
#11115 1" 1$ 1% 1& 1' 0( 1) 1-
#11116 1! 0# 0% 0& 0' 1( 0) 0* 0-
#11117 0! 0" 1# 1*
#11118 1! 1" 1% 1& 1' 1) 1-
#11119 0# 0$ 0& 0' 0) 0* 0-
#11120 0! 0" 1# 1*
#11121 1! 1" 1$ 1& 1' 0( 1) 1-
#11122 0# 0& 0' 1( 0) 0* 0-
#11123 0! 0" 1# 1*
#11124 1! 1" 1& 1' 1) 1-
#11125 0# 0$ 0% 0' 0) 0* 0-
#11126 0! 0" 1# 1*
#11127 0# 0& 1) 1- 00
#11128 1! 1" 1$ 1& 0) 0* 0- 10
#11129 0! 0" 1# 1*
#11130 1! 1" 1% 1' 1) 1-
#11131 0# 0$ 0' 0) 0* 0-
#11132 0! 0" 1# 1*
#11133 1! 0# 0% 0& 1) 1-
#11134 1" 1$ 1% 1& 0) 0* 0-
#11135 0! 0" 1# 1* 00
#11136 1! 1" 1' 1) 1- 10
#11137 0# 0$ 0% 0& 0) 0* 0-
#11138 0! 0" 1# 1*
#11139 1" 0# 0' 1) 1-
#11140 1! 1$ 1' 0) 0* 0-
#11141 0! 0" 1# 1*
#11142 1! 1" 1% 1& 1) 1-
#11143 0# 0$ 0& 0) 0* 0-
#11144 0! 0" 1# 1*
#11145 1! 1" 0# 0% 0' 1) 1-
#11146 1$ 1% 1' 0) 0* 0-
#11147 0! 0" 1# 1*
#11148 1! 1" 1& 1) 1-
#11149 0# 0$ 0% 0) 0* 0-
#11150 0! 0" 1# 1*
#11151 0& 0' 1) 1-
#11152 1! 1" 0# 1$ 1& 1' 0) 0* 0- 00
#11153 0! 0" 1# 1* 10
#11154 1! 1" 1% 1) 1-
#11155 0# 0$ 0) 0* 0-
#11156 0! 0" 1# 1*
#11157 1! 0% 0& 0' 1) 1-
#11158 1" 0# 1$ 1% 1& 1' 0) 0* 0-
#11159 0! 0" 1# 1*
#11160 0# 0$ 0% 0& 0( 1- 00
#11161 1! 1" 1# 1$ 1% 1& 1( 1) 10
#11162 0! 0" 0# 0&
#11163 0$ 0% 0' 0( 0)
#11164 1" 1)
#11165 1! 0" 0) 0*
#11166 0! 1*
#11167 1"
#11168 1! 0" 0*
#11169 0! 1* 00
#11170 1" 10
#11171 1! 0" 0*
#11172 1) 1*
#11174 1" 1# 1$ 1% 1& 1' 1( 0)
#11176 0! 0" 0$ 0% 0& 0' 0( 0*
#11177 1" 0# 1* 0- 00
#11178 0" 1# 10
#11179 1$ 0* 1-
#11180 1" 0# 1* 0-
#11181 0" 1#
#11182 0$ 1% 0* 1-
#11183 1" 0# 1* 0-
#11184 0" 1#
#11185 1$ 0* 1-
#11186 1" 0# 1* 0-
#11187 0" 1#
#11188 0$ 0% 1& 0* 1-
#11189 1" 0# 1* 0-
#11190 0" 1#
#11191 1$ 0* 1-
#11192 1" 0# 1* 0-
#11193 0" 1#
#11194 0$ 1% 0* 1- 00
#11195 1" 0# 1* 0- 10
#11196 0" 0% 0&
#11197 1# 1$ 1% 1& 0* 1-
#11198 1" 0# 0-
#11199 0" 0$ 0% 0& 1' 1*
#11200 1# 0* 1-
#11201 1" 0# 0-
#11202 1! 0" 1* 00
#11203 0! 1# 1$ 0* 1- 10
#11204 1" 0# 0-
#11205 1! 0" 0$ 1*
#11206 0! 1# 1% 0* 1-
#11207 1" 0# 0-
#11208 1! 0" 0% 1*
#11209 0! 1# 1$ 1% 0* 1-
#11210 1" 0# 0-
#11211 1! 0" 0$ 0% 1*
#11212 0! 1# 1& 0* 1-
#11213 1" 0# 0-
#11214 1! 0" 0& 1*
#11215 0! 1# 1$ 1& 0* 1-
#11216 1" 0# 0-
#11217 0" 0$ 0& 1*
#11218 1# 1% 1& 0* 1-
#11219 1" 0# 0- 00
#11220 0" 0% 0& 1* 10
#11221 1# 1$ 1% 1& 0* 1-
#11222 1" 0# 0-
#11223 0" 0$ 0% 0& 1*
#11224 0* 1-
#11225 1" 0'
#11227 0"
#11228 1"
#11229 0" 1# 1% 1' 1( 1) 1*
#11230 1" 0# 0% 0' 0(
#11231 1! 0" 0) 0*
#11232 0! 1# 1% 1' 1( 1) 1*
#11233 1" 0# 0% 0' 0(
#11234 1! 0" 0) 0*
#11235 0! 1# 1% 1' 1( 1) 1*
#11236 1" 0# 0% 0' 0( 00
#11237 10
#11238 1! 1# 1$ 1% 1& 1' 1( 0)
#11240 0! 0$ 0& 1)
#11241 1! 0" 0# 0% 0' 0) 0-
#11242 1" 1# 1$ 1% 1& 1' 1-
#11243 0! 0$ 0& 1)
#11244 1! 0" 0# 1$ 0% 0' 0) 0- 00
#11245 1" 1# 1% 1& 1' 1- 10
#11246 0! 0$ 0& 1)
#11247 1! 0" 0# 0' 0) 0-
#11248 1" 1# 1$ 1& 1' 1-
#11249 0! 0$ 0& 1)
#11250 1! 0" 0# 1$ 0' 0) 0-
#11251 1" 1# 1& 1' 1-
#11252 0! 0$ 0& 1)
#11253 1! 0" 0# 0% 1& 0' 0) 0-
#11254 1" 1# 1$ 1% 1' 1-
#11255 0! 0$ 0& 1)
#11256 1! 0" 0# 1$ 0% 1& 0' 0) 0-
#11257 1" 1# 1% 1' 1-
#11258 0! 0$ 0& 1)
#11259 1! 0" 0# 1& 0' 0) 0-
#11260 1" 1# 1$ 1' 1-
#11261 0! 0$ 0& 1) 00
#11262 1! 0" 0# 1$ 1& 0' 0) 0- 10
#11263 1" 1# 1' 1-
#11264 0! 0$ 0& 1)
#11265 1! 0" 0# 0% 0) 0-
#11266 1" 1# 1$ 1% 1& 1) 1-
#11267 0! 0$ 0&
#11268 1! 0" 0# 1$ 0% 0) 0-
#11269 1" 1# 1% 1& 1) 1- 00
#11270 0! 0$ 0& 10
#11271 1! 0" 0# 0) 0-
#11272 1" 1# 1$ 1& 1) 1-
#11273 0! 0$ 0&
#11274 1! 0" 0# 1$ 0) 0-
#11275 1" 1# 1& 1-
#11276 0! 0$ 0& 1)
#11277 1! 0" 0# 0% 1& 0) 0-
#11278 1" 1# 1$ 1% 1- 00
#11279 0! 0$ 0& 1) 10
#11280 1! 0" 0# 1$ 0% 1& 0) 0-
#11281 1" 1# 1% 1-
#11282 0! 0$ 0& 1)
#11283 1! 0" 0# 1& 0) 0-
#11284 1" 1# 1$ 1-
#11285 0! 0$ 0& 1)
#11286 1! 0" 0# 1$ 1& 0) 0- 00
#11287 1" 1# 1- 10
#11288 0! 0$ 0& 1)
#11289 1! 0" 0# 0% 0' 0( 0) 0*
#11290 1# 1% 1' 1( 1) 1*
#11291 0! 1"
#11292 1! 0" 0# 0% 0' 0( 0) 0*
#11293 1" 1%
#11294 0! 0" 0% 1*
#11295 0*
#11296 1! 1" 1%
#11297 0" 0% 1*
#11298 0! 0*
#11299 1! 1" 1%
#11300 0% 1*
#11301 1)
#11302 1# 1$ 1% 1& 1' 1(
#11303 0) 00
#11304 10
#11305 0" 0# 0$ 0% 0& 0' 0( 0* 0-
#11306 1" 1# 1$ 1% 1& 1' 1( 1* 1-
#11307 0$ 0% 0& 0' 0( 0-
#11308 0" 0# 1$ 0*
#11309 1" 1# 1% 1& 1' 1( 1* 1-
#11310 0% 0& 0' 0( 0-
#11311 0" 0# 0$ 1% 0* 00
#11312 1" 1# 1$ 1& 1' 1( 1* 1- 10
#11313 0$ 0& 0' 0( 0-
#11314 0" 0# 1$ 0*
#11315 1" 1# 1& 1' 1( 1* 1-
#11316 0& 0' 0( 0-
#11317 0" 0# 0$ 0% 1& 0*
#11318 1" 1# 1$ 1% 1' 1( 1* 1-
#11319 0$ 0% 0' 0( 0-
#11320 0" 0# 1$ 0*
#11321 1" 1# 1% 1' 1( 1* 1-
#11322 0% 0' 0( 0-
#11323 0" 0# 0$ 1% 0*
#11324 1" 1# 1$ 1' 1( 1* 1-
#11325 0$ 0' 0( 0-
#11326 0" 0# 1$ 0*
#11327 1" 1# 1' 1( 1* 1-
#11328 0' 0( 0- 00
#11329 0" 0# 0$ 0% 0& 1' 0* 10
#11330 1" 1# 1$ 1% 1& 1( 1* 1-
#11331 0$ 0% 0& 0( 0-
#11332 0" 0# 1$
#11333 1" 1# 1% 1& 1( 1-
#11334 0% 0& 0( 0-
#11335 0" 0# 0$ 1%
#11336 1" 1# 1$ 1& 1( 1-
#11337 0$ 0& 0( 0-
#11338 0" 0# 1$
#11339 1" 1# 1& 1( 1-
#11340 0& 0( 0-
#11341 0" 0# 0$ 0% 1&
#11342 1" 1# 1$ 1% 1( 1-
#11343 0$ 0% 0( 0-
#11344 0" 0# 1$ 0*
#11345 1" 1# 1% 1( 1* 1- 00
#11346 0% 0( 0- 10
#11347 0" 0# 0$ 1% 0*
#11348 1" 1# 1$ 1( 1* 1-
#11349 0$ 0( 0-
#11350 0" 0# 1$ 0*
#11351 1" 1# 1( 1* 1-
#11352 0( 0-
#11353 0! 0" 0# 0$ 0% 0& 0' 1- 00
#11354 1# 1% 0* 10
#11355 0%
#11356 0# 1*
#11357 1# 0*
#11358 1% 1) 1*
#11359 1" 1' 1( 0)
#11360 0" 0% 0' 0( 0*
#11361 1% 1) 1*
#11362 1" 1' 1( 0)
#11363 0" 0% 0' 0( 0*
#11364 1% 1) 1*
#11365 0%
#11366 1! 1" 1$ 1% 1& 1' 1( 0)
#11367 0! 0" 0# 0$ 0% 0& 0' 0( 1)
#11368 1! 1" 1# 1$ 1% 1& 1' 1( 0)
#11369 0! 0" 0# 0$ 0% 0& 0' 0* 0-
#11370 1$ 0( 1* 1- 00
#11371 1! 1" 1# 0$ 1( 0- 10
#11372 0! 0" 0# 1$ 0*
#11373 0$ 1% 0( 1* 1-
#11374 1! 1" 1# 1$ 0% 1( 0-
#11375 0! 0" 0# 0$ 1% 0*
#11376 1$ 0( 1* 1-
#11377 1! 1" 1# 0$ 1( 0-
#11378 0! 0" 0# 1$ 0* 00
#11379 0$ 0% 1& 0( 1* 1- 10
#11380 1! 1" 1# 1$ 1% 0& 1( 0-
#11381 0! 0" 0# 0$ 0% 1& 0*
#11382 1$ 0( 1* 1-
#11383 1! 1" 1# 0$ 1( 0-
#11384 0! 0" 0# 1$ 0*
#11385 0$ 1% 0( 1* 1-
#11386 1! 1" 1# 1$ 0% 1( 0-
#11387 0! 0" 0# 0$ 1% 0* 00
#11388 1$ 0( 1* 1- 10
#11389 1! 1" 1# 0$ 1( 0-
#11390 0! 0" 0# 1$ 0*
#11391 0$ 0% 0& 1' 0( 1* 1-
#11392 1! 1" 1# 1$ 1% 1& 0' 1( 0-
#11393 0! 0" 0# 0$ 0% 0& 1' 0*
#11394 1$ 0( 1) 1* 1-
#11395 1! 1" 1# 0$ 1( 0) 0- 00
#11396 0! 0" 0# 1$ 0* 10
#11397 0$ 1% 0( 1) 1* 1-
#11398 1! 1" 1# 1$ 0% 1( 0) 0-
#11399 0! 0" 0# 0$ 1% 0*
#11400 1$ 0( 1) 1* 1-
#11401 1! 1" 1# 0$ 1( 0) 0-
#11402 0! 0" 0# 1$ 0*
#11403 0$ 0% 1& 0( 1) 1* 1-
#11404 1! 1" 1# 1$ 1% 0& 1( 0) 0-
#11405 0! 0" 0# 0$ 0% 1& 0*
#11406 1$ 0( 1* 1-
#11407 1! 1" 1# 0$ 1( 0-
#11408 0! 0" 0# 1$ 0*
#11409 0$ 1% 0( 1* 1-
#11410 1! 1" 1# 1$ 0% 1( 0-
#11411 0! 0" 0# 0$ 1% 0*
#11412 1$ 0( 1* 1- 00
#11413 1! 1" 1# 0$ 1( 0- 10
#11414 0! 0" 0# 1$ 0*
#11415 1! 1" 1# 1* 1-
#11416 0-
#11417 0! 0" 0# 0$ 0% 0& 0' 0( 1-
#11418 1! 1#
#11419 0! 1% 1' 1( 1)
#11420 0# 0% 0' 0( 0) 00
#11421 1$ 1% 1' 1( 10
#11422 1! 1# 0$ 0% 0' 0(
#11423 0! 1" 0# 0*
#11424 0" 1$ 1% 1' 1( 1) 1*
#11425 1! 1# 0$ 0% 0' 0( 0)
#11426 0! 1" 0# 0*
#11427 0" 1$ 1% 1' 1( 1) 1*
#11428 1! 1# 0$ 0' 0( 0)
#11429 0% 1)
#11430 1" 1$ 1% 1& 1' 1(
#11431 0! 0" 0# 0$ 0% 0& 0' 0( 0)
#11432 1! 1" 1# 1$ 1% 1& 1' 1( 0+
#11433 0# 0$ 0% 0& 0( 1) 1+
#11434 0! 0" 1$ 0' 0)
#11435 1" 1# 0$ 0* 0-
#11436 1! 0# 1' 1) 1* 1-
#11437 0! 0" 1% 0' 0) 00
#11438 1" 1# 1$ 0% 0* 0- 10
#11439 1! 0# 0$ 1' 1) 1* 1-
#11440 0! 0" 1$ 1% 0' 0)
#11441 1" 1# 0$ 0* 0-
#11442 1! 0# 0% 1' 1) 1* 1-
#11443 0! 0" 1& 0' 0)
#11444 1" 1# 1$ 1% 0& 0* 0-
#11445 1! 0# 0$ 0% 1' 1) 1* 1-
#11446 0! 0" 1$ 1& 0' 0)
#11447 1" 1# 0$ 0* 0-
#11448 1! 0# 0& 1' 1) 1* 1-
#11449 0! 0" 1% 1& 0' 0)
#11450 1" 1# 1$ 0% 0* 0-
#11451 1! 0# 0$ 0& 1' 1) 1* 1-
#11452 0! 0" 1$ 1% 1& 0' 0)
#11453 1" 1# 0$ 0* 0-
#11454 1! 0# 0% 0& 1' 1) 1* 1- 00
#11455 0! 0" 0) 10
#11456 1" 1# 1$ 1% 1& 0' 0* 0-
#11457 1! 0# 0$ 0% 0& 1' 1) 1* 1-
#11458 0! 0" 0)
#11459 1" 1# 0* 0-
#11460 1! 0# 1) 1* 1-
#11461 0! 1% 0)
#11462 1# 1$ 0% 0* 0- 00
#11463 1! 0# 0$ 1) 1* 1- 10
#11464 0! 1# 1% 1( 0)
#11465 0( 0* 0-
#11466 1! 0# 0% 1) 1* 1-
#11467 0! 1# 1% 1( 0)
#11468 1$ 0( 0* 0-
#11469 1! 0# 0$ 0% 1) 1* 1-
#11470 0! 1# 1% 1( 0)
#11471 0% 1& 0( 0* 0-
#11472 1! 0# 0& 1) 1* 1-
#11473 0! 1# 1% 0)
#11474 1$ 0% 1& 0* 0-
#11475 1! 0# 0$ 0& 1) 1* 1-
#11476 0! 0" 1% 0)
#11477 1" 1# 1& 0* 0-
#11478 1! 0# 0% 0& 1) 1* 1-
#11479 1# 1$ 1% 1& 1( 0) 00
#11480 0! 0( 0* 0- 10
#11481 0# 0$ 0% 0& 1) 1* 1-
#11482 1# 0' 0)
#11483 1% 0*
#11484 0# 0% 1) 1*
#11485 1! 1# 1$ 1% 1& 1' 1( 0)
#11486 0! 0$ 0% 0& 0' 0( 0*
#11487 1! 0" 0# 1* 00
#11488 1" 1# 1$ 1% 1& 1' 1( 10
#11489 0! 0$ 0% 0& 0' 0( 0*
#11490 1! 0" 0# 1*
#11491 1" 1# 1$ 1% 1& 1' 1(
#11492 0! 0$ 0% 0& 0' 0( 0*
#11493 1) 1*
#11495 1! 1$ 1% 1& 1' 1(
#11496 0) 0+ 00
#11497 1+ 10
#11498 0# 0$ 0% 0& 0' 1) 0-
#11499 0" 1# 0) 0*
#11500 1" 1$ 1% 1& 1-
#11501 0# 0% 0& 1* 0-
#11502 0" 1# 0*
#11503 1" 1% 1& 1' 1* 1-
#11504 0# 0$ 0& 0' 0- 00
#11505 0" 1# 0* 10
#11506 1" 1$ 1& 1* 0+ 1-
#11507 0# 0& 1+ 0-
#11508 0" 1# 0*
#11509 1" 1& 1' 1* 1-
#11510 0# 0$ 0% 0' 0-
#11511 0" 1# 0*
#11512 1" 1$ 1% 1-
#11513 0# 0% 1* 0-
#11514 0" 1# 0*
#11515 1" 1% 1' 1* 1-
#11516 0# 0$ 0' 0-
#11517 0" 1# 0*
#11518 1" 1$ 1* 0+ 1-
#11519 0# 1+ 0-
#11520 0" 1# 0*
#11521 1" 1' 1* 1- 00
#11522 0# 0$ 0% 0& 1) 0- 10
#11523 0" 1# 0) 0*
#11524 1" 1$ 1% 1& 0' 1-
#11525 0# 0% 0& 1' 1) 1* 0-
#11526 0" 1# 0) 0*
#11527 1" 1% 1& 1* 1-
#11528 0# 0$ 0& 1) 0-
#11529 0" 1# 0) 0* 00
#11530 1" 1$ 1& 0' 1* 0+ 1- 10
#11531 0# 0& 1' 1) 1+ 0-
#11532 0" 1# 0) 0*
#11533 1" 1& 1* 1-
#11534 0# 0$ 0% 1) 0-
#11535 0" 1# 0) 0*
#11536 1" 1$ 1% 0' 1-
#11537 0# 0% 1' 1* 0-
#11538 0" 1# 0*
#11539 1" 1% 1* 1-
#11540 0# 0$ 0-
#11541 0" 1# 0*
#11542 1" 1$ 0' 1* 0+ 1-
#11543 0# 1' 1+ 0-
#11544 0" 1# 0*
#11545 0# 0$ 0% 0& 0( 1* 1-
#11546 1" 1# 1$ 1% 1& 1( 00
#11547 0$ 0% 0& 0' 0( 0* 10
#11548 0" 0# 1*
#11549 1" 1# 1$ 1% 1& 1' 1(
#11550 0! 0" 0# 0& 1)
#11551 0$ 0% 0' 0( 0)
#11552 1! 1" 1# 1$ 1% 1& 1' 1( 1)
#11553 0! 0" 0# 0&
#11554 0$ 0% 0' 0( 0)
#11555 1! 1" 1# 1$ 1% 1& 1' 1( 1)
#11556 0! 0" 0# 0&
#11557 1! 1" 1# 0$ 0% 0' 0(
#11559 1$ 1% 1& 1' 1(
#11560 0)
#11561 1)
#11562 0# 0$ 0% 0& 0' 0( 0) 0* 0-
#11563 0! 0" 1# 1* 00
#11564 1" 1% 1& 1( 1) 1- 10
#11565 1! 0# 1$ 0% 0& 0( 0) 0* 0-
#11566 0! 0" 1# 1*
#11567 1! 1" 1% 1& 1' 1( 1) 1-
#11568 0# 0$ 0& 0' 0( 0) 0* 0-
#11569 0! 0" 1# 1*
#11570 1! 1" 1& 1( 1) 1-
#11571 0# 1$ 0& 0( 0) 0* 0- 00
#11572 0! 0" 1# 1* 10
#11573 1! 1" 1& 1' 1( 1) 1-
#11574 0# 0$ 0% 0' 0( 0) 0* 0-
#11575 0! 0" 1# 1*
#11576 0# 1$ 1% 1( 1) 1-
#11577 1! 1" 0% 0( 0) 0* 0-
#11578 0! 0" 1# 1*
#11579 1! 1" 1% 1' 1( 1) 1-
#11580 0# 0$ 0' 0( 0) 0* 0-
#11581 0! 0" 1# 1*
#11582 1! 0# 1$ 1( 1) 1-
#11583 1" 0( 0) 0* 0-
#11584 0! 0" 1# 1*
#11585 1! 1" 1' 1( 1) 1-
#11586 0# 0$ 0% 0& 0( 0) 0* 0-
#11587 0! 0" 1# 1*
#11588 1" 0# 1$ 1% 1& 0' 1( 1) 1- 00
#11589 1! 0% 0& 1' 0( 0) 0* 0- 10
#11590 0! 0" 1# 1*
#11591 1! 1" 1% 1& 1( 1) 1-
#11592 0# 0$ 0& 0( 0) 0* 0-
#11593 0! 0" 1# 1*
#11594 1! 1" 0# 1$ 1& 0' 1( 1) 1-
#11595 0& 1' 0( 0) 0* 0-
#11596 0! 0" 1# 1* 00
#11597 1! 1" 1& 1( 1) 1- 10
#11598 0# 0$ 0% 0( 0) 0* 0-
#11599 0! 0" 1# 1*
#11600 1$ 1% 0' 1( 1) 1-
#11601 1! 1" 0# 0% 1' 0( 0) 0* 0-
#11602 0! 0" 1# 1*
#11603 1! 1" 1% 1( 1) 1-
#11604 0# 0$ 0( 0) 0* 0-
#11605 0! 0" 1# 1* 00
#11606 1! 1$ 0' 1( 1) 1- 10
#11607 1" 0# 1' 0( 0) 0* 0-
#11608 0! 0" 1# 1*
#11609 1! 0# 0$ 0% 0& 0* 1-
#11610 1" 1# 1$ 1% 1& 1( 1*
#11611 0! 0" 0# 0& 1)
#11612 1! 0$ 0% 0' 0( 0) 0*
#11613 1" 1# 1$ 1% 1& 1' 1( 1) 1* 00
#11614 0! 0" 0# 0% 0& 0' 0( 0) 0* 10
#11615 0$
#11616 1"
#11617 0" 1$
#11618 0$
#11619 1"
#11620 0" 1$
#11621 1) 1*
#11623 1! 1" 1# 1% 1& 1' 1(
#11624 0) 0+
#11625 0! 0" 0$ 0% 0& 0' 0( 0* 1+
#11626 1" 0# 1( 1* 0-
#11627 0" 1# 0*
#11628 1$ 0( 1-
#11629 1" 0# 1( 1* 0-
#11630 0" 1# 00
#11631 0$ 1% 0( 0* 1- 10
#11632 1" 0# 1( 1* 0-
#11633 0" 1#
#11634 1$ 0( 0* 1-
#11635 1" 0# 1( 1* 0-
#11636 0" 1#
#11637 0$ 0% 1& 0( 0* 1-
#11638 1" 0# 1( 1* 0- 00
#11639 0" 1# 10
#11640 1$ 0( 0* 1-
#11641 1" 0# 1( 1* 0-
#11642 0" 1#
#11643 0$ 1% 0( 0* 1-
#11644 1" 0# 1( 1* 0-
#11645 0" 1#
#11646 1$ 0( 0* 1-
#11647 1" 0# 1( 1* 0-
#11648 0" 1#
#11649 0$ 0% 0& 1' 0( 0* 1-
#11650 1" 0# 1( 1* 0-
#11651 0" 1#
#11652 1$ 0( 0* 1-
#11653 1" 0# 1( 1* 0-
#11654 0" 1# 0*
#11655 0$ 1% 0( 1- 00
#11656 1" 0# 1( 1* 0- 10
#11657 0" 1# 0*
#11658 1$ 0( 1-
#11659 1" 0# 1( 1* 0-
#11660 0" 1# 0*
#11661 0$ 0% 1& 0( 1-
#11662 1" 0# 1( 1* 0-
#11663 0" 1# 0*
#11664 1$ 0( 1-
#11665 1" 0# 1( 1* 0-
#11666 0" 1#
#11667 0$ 1% 0( 0* 1-
#11668 1" 0# 1( 1* 0-
#11669 0" 1#
#11670 1$ 0( 0* 1-
#11671 1" 0# 1( 1* 0-
#11672 0" 1# 00
#11673 0# 0$ 0% 0& 0( 0* 1- 10
#11674 1" 0'
#11675 1! 0" 1$
#11676 0! 0$
#11677 1"
#11678 0" 1# 1% 1' 1( 1) 1*
#11679 1! 0# 1$ 0% 0' 0(
#11680 0$ 0) 0* 00
#11681 0! 1# 1% 1' 1( 1) 1* 10
#11682 1! 0# 1$ 0% 0' 0(
#11683 0$ 0) 0*
#11684 0! 1# 1% 1' 1( 1) 1*
#11685 1! 0# 1$ 0% 0' 0(
#11687 1" 1# 1% 1& 1' 1( 0)
#11688 1)
#11689 0! 0$ 0&
#11690 0# 0% 0' 0( 0) 0-
#11691 1! 1# 1$ 1% 1& 1' 1( 1) 1-
#11692 0! 0$ 0&
#11693 0# 1$ 0% 0' 0( 0) 0-
#11694 1! 1# 1% 1& 1' 1( 1) 1-
#11695 0! 0$ 0&
#11696 0# 0' 0( 0) 0-
#11697 1! 1# 1$ 1& 1' 1( 1) 1- 00
#11698 0! 0$ 0& 10
#11699 0# 1$ 0' 0( 0) 0-
#11700 1! 1# 0$ 0% 1& 1' 1( 1) 1-
#11701 0! 1% 0&
#11702 0# 0% 1& 0' 0( 0) 0-
#11703 1! 1# 1$ 1' 1( 1) 1-
#11704 0! 0$ 1% 0&
#11705 0# 1$ 0% 1& 0' 0( 0) 0- 00
#11706 1! 1# 1% 1' 1( 1) 1- 10
#11707 0! 0$ 0&
#11708 0# 1& 0' 0( 0) 0-
#11709 1! 1# 1$ 1' 1( 1) 1-
#11710 0! 0$ 0&
#11711 0# 1$ 1& 0' 0( 0) 0-
#11712 1! 1# 1' 1( 1) 1-
#11713 0! 0$ 0&
#11714 0# 0% 0( 0) 0- 00
#11715 1! 1# 1$ 1% 1& 1( 1) 1- 10
#11716 0! 0$ 0&
#11717 0" 0# 1$ 0% 0( 0) 0-
#11718 1! 1" 1# 1% 1& 1( 1) 1-
#11719 0! 0$ 0&
#11720 0" 0# 0( 0) 0-
#11721 1! 1" 1# 1$ 1& 1( 1) 1-
#11722 0! 0$ 0& 00
#11723 0" 0# 1$ 0( 0) 0- 10
#11724 1! 1" 1# 1& 1( 1) 1-
#11725 0! 0$ 0&
#11726 0" 0# 0% 1& 0( 0) 0-
#11727 1! 1" 1# 1$ 1% 1( 1) 1-
#11728 0! 0$ 0&
#11729 0" 0# 1$ 0% 1& 0( 0) 0-
#11730 1! 1" 1# 1% 1( 1) 1-
#11731 0! 0$ 0&
#11732 0" 0# 1& 0( 0) 0-
#11733 1! 1" 1# 1$ 1( 1) 1-
#11734 0! 0$ 0&
#11735 0" 0# 1$ 1& 0( 0) 0-
#11736 1! 1" 1# 1( 1) 1-
#11737 0! 0$ 0&
#11738 1! 0" 0# 0% 0' 0( 0)
#11739 1# 1% 1' 1( 1) 00
#11740 0! 1" 10
#11741 1! 0" 0# 0% 0' 0( 0)
#11742 0! 1" 1$ 1% 0*
#11743 0%
#11744 0" 0$ 1*
#11745 1" 1$ 1% 0*
#11746 0%
#11747 0" 0$ 1* 00
#11748 1" 1$ 1% 0* 10
#11749 0%
#11750 1) 1*
#11751 1! 1# 1% 1& 1' 1(
#11752 0)
#11754 0" 0# 0$ 0% 0& 0' 0* 0-
#11755 1" 1# 1$ 1% 1& 1' 1* 1-
#11756 0$ 0% 0& 0' 0-
#11757 0" 0# 1$ 0*
#11758 1" 1# 1% 1& 1' 1* 1-
#11759 0% 0& 0' 0-
#11760 0" 0# 0$ 1% 0*
#11761 1" 1# 1$ 1& 1' 1* 1-
#11762 0$ 0& 0' 0-
#11763 0" 0# 1$ 0*
#11764 1" 1# 1& 1' 1* 1- 00
#11765 0& 0' 0- 10
#11766 0" 0# 0$ 0% 1& 0*
#11767 1" 1# 1$ 1% 1' 1* 1-
#11768 0$ 0% 0' 0-
#11769 0" 0# 1$ 0*
#11770 1" 1# 1% 1' 1* 1-
#11771 0% 0' 0-
#11772 0" 0# 0$ 1% 0*
#11773 1" 1# 1$ 1' 1* 1-
#11774 0$ 0' 0-
#11775 0" 0# 1$ 0*
#11776 1" 1# 1' 1* 1-
#11777 0' 0-
#11778 0" 0# 0$ 0% 0& 1' 0*
#11779 1" 1# 1$ 1% 1& 1* 1-
#11780 0$ 0% 0& 0-
#11781 0" 0# 1$ 0* 00
#11782 1" 1# 1% 1& 1* 1- 10
#11783 0% 0& 0-
#11784 0" 0# 0$ 1% 0*
#11785 1" 1# 1$ 1& 1* 1-
#11786 0$ 0& 0-
#11787 0" 0# 1$ 0*
#11788 1" 1# 1& 1* 1-
#11789 0& 0- 00
#11790 0" 0# 0$ 0% 1& 0* 10
#11791 1" 1# 1$ 1% 1* 1-
#11792 0$ 0% 0-
#11793 0" 0# 1$ 0*
#11794 1" 1# 1% 1* 1-
#11795 0% 0-
#11796 0" 0# 0$ 1% 0*
#11797 1" 1# 1$ 1* 1-
#11798 0$ 0-
#11799 0" 0# 1$ 0*
#11800 1" 1# 1* 1-
#11801 0-
#11802 0! 0" 0# 0$ 0% 0& 0' 0( 1-
#11803 1! 1" 1$ 1% 0*
#11804 0%
#11805 0! 0" 0$ 1*
#11806 1! 1" 1$ 0* 00
#11807 1% 1) 1* 10
#11808 0! 1# 0$ 1' 1( 0)
#11809 1! 0# 1$ 0% 0' 0( 0*
#11810 1% 1) 1*
#11811 0! 1# 0$ 1' 1( 0)
#11812 1! 0# 1$ 0% 0' 0( 0*
#11813 1% 1) 1*
#11814 0% 00
#11815 1# 1% 1& 1' 1( 0) 10
#11816 0! 0" 0# 0$ 0% 0& 0' 0( 1)
#11817 1! 1" 1# 1$ 1% 1& 1' 1( 0) 0+
#11818 0! 0" 0# 0$ 0% 0& 0' 0( 0* 1+ 0-
#11819 1$ 1) 1* 1-
#11820 1! 1" 1# 0$ 0) 0* 0-
#11821 0! 0" 0# 1$
#11822 0$ 1% 1) 1* 1-
#11823 1! 1" 1# 1$ 0% 0) 0* 0- 00
#11824 0! 0" 0# 0$ 1% 10
#11825 1$ 1) 1* 1-
#11826 1! 1" 1# 0$ 0) 0* 0-
#11827 0! 0" 0# 1$
#11828 0$ 0% 1& 1) 1* 1-
#11829 1! 1" 1# 1$ 1% 0& 0) 0* 0-
#11830 0! 0" 0# 0$ 0% 1&
#11831 1$ 1) 1* 1- 00
#11832 1! 1" 1# 0$ 0) 0* 0- 10
#11833 0! 0" 0# 1$
#11834 0$ 1% 1) 1* 1-
#11835 1! 1" 1# 1$ 0% 0) 0* 0-
#11836 0! 0" 0# 0$ 1%
#11837 1$ 1) 1* 1-
#11838 1! 1" 1# 0$ 0) 0* 0-
#11839 0! 0" 0# 1$
#11840 0$ 0% 0& 1' 1) 1* 1-
#11841 1! 1" 1# 1$ 1% 1& 0' 0) 0* 0-
#11842 0! 0" 0# 0$ 0% 0& 1'
#11843 1$ 1) 1* 1-
#11844 1! 1" 1# 0$ 0) 0* 0-
#11845 0! 0" 0# 1$
#11846 0$ 1% 1) 1* 1-
#11847 1! 1" 1# 1$ 0% 0) 0* 0-
#11848 0! 0" 0# 0$ 1% 00
#11849 1$ 1) 1* 1- 10
#11850 1! 1" 1# 0$ 0) 0* 0-
#11851 0! 0" 0# 1$
#11852 0$ 0% 1& 1) 1* 1-
#11853 1! 1" 1# 1$ 1% 0& 0) 0* 0-
#11854 0! 0" 0# 0$ 0% 1&
#11855 1$ 1) 1* 1-
#11856 1! 1" 1# 0$ 0) 0* 0- 00
#11857 0! 0" 0# 1$ 10
#11858 0$ 1% 1) 1* 1-
#11859 1! 1" 1# 1$ 0% 0) 0* 0-
#11860 0! 0" 0# 0$ 1%
#11861 1$ 1) 1* 1-
#11862 1! 1" 1# 0$ 0) 0* 0-
#11863 0! 0" 0# 1$
#11864 1! 1" 1# 1( 1) 1* 1-
#11865 0( 0) 0* 0-
#11866 0! 0" 0# 0$ 0% 0& 0' 1-
#11867 1# 1$ 1*
#11868 0$ 1% 1' 1( 1)
#11869 0# 0% 0' 0( 0) 0*
#11870 1$ 1% 1' 1( 1*
#11871 1# 0' 0( 0*
#11872 1" 0# 0$ 0% 1)
#11873 0" 1$ 1% 1' 1( 0) 1* 00
#11874 1# 0' 0( 0* 10
#11875 1" 0# 0$ 0% 1)
#11876 0" 1$ 1% 1' 1( 0) 1*
#11877 1# 0' 0( 0*
#11878 0% 1) 1*
#11879 1! 1" 1% 1& 1' 1( 0)
#11880 0! 0" 0# 0$ 0% 0& 0' 0( 0*
#11881 1! 1" 1# 1$ 1% 1& 1' 1( 1* 0+
#11882 0! 0$ 0% 0& 0( 1) 1+ 0-
#11883 0" 0# 1$ 0' 0) 0* 1-
#11884 1" 1# 0$ 1( 0-
#11885 1' 0( 1) 1* 1-
#11886 0" 0# 1% 0' 0) 0*
#11887 1" 1# 1$ 0% 1( 0-
#11888 0$ 1' 0( 1) 1* 1-
#11889 0" 0# 1$ 1% 0' 0) 0*
#11890 1" 1# 0$ 1( 0- 00
#11891 0% 1' 0( 1) 1* 1- 10
#11892 0" 0# 1& 0' 0)
#11893 1" 1# 1$ 1% 0& 1( 0* 0-
#11894 0$ 0% 1' 0( 1) 1* 1-
#11895 0" 0# 1$ 1& 0' 0)
#11896 1" 1# 0$ 1( 0* 0-
#11897 0& 1' 0( 1) 1* 1-
#11898 0" 0# 1% 1& 0' 0) 00
#11899 1" 1# 1$ 0% 1( 0* 0- 10
#11900 0$ 0& 1' 0( 1) 1* 1-
#11901 0" 0# 1$ 1% 1& 0' 0)
#11902 1" 1# 0$ 1( 0* 0-
#11903 0% 0& 1' 0( 1) 1* 1-
#11904 0" 0# 0)
#11905 1" 1# 1$ 1% 1& 0' 1( 0* 0-
#11906 0$ 0% 0& 1' 0( 1) 1* 1-
#11907 0" 0# 1$ 0)
#11908 1" 1# 0$ 1( 0* 0-
#11909 0( 1) 1* 1-
#11910 0" 0# 1% 0) 0*
#11911 1" 1# 1$ 0% 1( 0-
#11912 0$ 0( 1) 1* 1-
#11913 0" 0# 1$ 1% 0) 0*
#11914 1" 1# 0$ 1( 0-
#11915 0% 0( 1) 1* 1- 00
#11916 0" 0# 1& 0) 0* 10
#11917 1" 1# 1$ 1% 0& 1( 0-
#11918 0$ 0% 0( 1) 1* 1-
#11919 0" 0# 1$ 1& 0) 0*
#11920 1" 1# 0$ 1( 0-
#11921 0& 0( 1) 1* 1-
#11922 0" 0# 1% 1& 0) 0*
#11923 1" 1# 1$ 0% 1( 0- 00
#11924 0$ 0& 0( 1) 1* 1- 10
#11925 0" 0# 1$ 1% 1& 0) 0*
#11926 1" 1# 0$ 1( 0-
#11927 0% 0& 0( 1) 1* 1-
#11928 1! 1$ 1% 1& 1( 0)
#11929 0! 0* 0-
#11930 0$ 0& 1) 1* 1-
#11931 1! 0" 1$ 0% 0' 0( 0)
#11932 1% 0* 00
#11933 0! 1" 0$ 1' 1( 1) 1* 10
#11934 1! 1$ 1&
#11935 0" 0% 0& 0' 0( 0) 0*
#11936 0# 0$ 1*
#11937 1" 1# 1$ 1% 1& 1' 1(
#11938 0" 0% 0& 0' 0( 0*
#11939 0# 0$ 1*
#11940 1" 1# 1$ 1% 1& 1' 1( 00
#11941 0" 0% 0& 0' 0( 0* 10
#11942 1) 1*
#11944 1" 1% 1& 1' 1(
#11945 0)
#11947 0# 0$ 0% 0& 0' 0( 1)
#11948 0" 1# 0) 0-
#11949 1" 1$ 1% 1& 1' 1( 0* 1-
#11950 0# 0% 0& 0' 0( 1) 1*
#11951 0" 1# 0) 0-
#11952 1" 1% 1& 1' 1( 1-
#11953 0! 0# 0$ 0& 0' 0( 1)
#11954 1! 0" 1# 0) 0-
#11955 1" 1$ 1& 1' 1( 0+ 1-
#11956 0! 0# 0$ 0& 0' 0( 1) 1+
#11957 1! 0" 1# 1$ 0) 0- 00
#11958 1" 1& 1' 1( 1- 10
#11959 0! 0# 0$ 0% 0& 0' 0( 1)
#11960 1! 0" 1# 1& 0) 0-
#11961 1" 1$ 1% 1' 1( 0* 1-
#11962 0! 0# 0$ 0% 0& 0' 1) 1*
#11963 1! 0" 1# 1$ 1& 0( 0) 0-
#11964 1" 1% 1' 1( 1-
#11965 0! 0# 0$ 0& 0' 0( 1) 00
#11966 1! 0" 1# 1& 0) 0- 10
#11967 1" 1$ 1' 1( 0+ 1-
#11968 0! 0# 0' 0( 1) 1+
#11969 1! 0" 1# 0) 0-
#11970 1" 1' 1( 1-
#11971 0# 0$ 0% 0& 0( 1)
#11972 0" 1# 0) 0-
#11973 1" 1$ 1% 1& 1( 0* 1-
#11974 0# 0% 0& 0( 1) 1*
#11975 0" 1# 0) 0-
#11976 1" 1% 1& 1( 1-
#11977 0# 0$ 0& 0( 1)
#11978 0" 1# 0) 0-
#11979 1" 1$ 1& 1( 0+ 1-
#11980 0# 0& 0( 1) 1+
#11981 0" 1# 0) 0* 0-
#11982 1" 1& 1( 1* 1- 00
#11983 0# 0$ 0% 0( 1) 10
#11984 0" 1# 0) 0* 0-
#11985 1" 1$ 1% 1( 1-
#11986 0# 0% 0( 1) 1*
#11987 0" 1# 0) 0* 0-
#11988 1" 1% 1( 1* 1-
#11989 0# 0$ 0( 1)
#11990 0" 1# 0) 0-
#11991 1" 1$ 1( 0+ 1-
#11992 0# 0( 1) 1+
#11993 0" 1# 0) 0-
#11994 0! 1" 0# 0$ 0% 0& 1-
#11995 1! 1# 1$ 1% 1& 1( 1)
#11996 0! 0% 0& 0' 0( 0)
#11997 0# 0$
#11998 1! 1# 1$ 1% 1& 1' 1(
#11999 0! 0" 0# 0& 1) 00
#12000 1! 0$ 0% 0' 0( 0) 10
#12001 1" 1# 1$ 1% 1& 1' 1(
#12002 0! 0" 0# 0& 1)
#12003 1! 0$ 0% 0' 0( 0)
#12004 1" 1# 1$ 1% 1& 1' 1(
#12005 0! 0" 0# 0& 1)
#12006 1" 1# 0% 0' 0(
#12007 00
#12008 1! 1% 1& 1' 1( 10
#12009 0)
#12010 1)
#12011 0# 0$ 0% 0& 0' 0) 0-
#12012 0" 1#
#12013 0! 1" 1$ 1& 1' 1) 1-
#12014 1! 0# 0& 0' 0) 0-
#12015 0! 0" 1#
#12016 1! 1" 1% 1& 1' 1) 1-
#12017 0# 0$ 0& 0' 0) 0* 0-
#12018 0! 0" 1# 1*
#12019 1! 1" 1$ 0% 1& 1' 1) 1-
#12020 0# 1% 0& 0' 0) 0* 0-
#12021 0! 0" 1# 1*
#12022 1! 1" 1& 1' 1) 1-
#12023 0# 0$ 0% 0' 0) 0* 0-
#12024 0! 0" 1# 1* 00
#12025 0# 1% 1' 1) 1- 10
#12026 1! 1" 1$ 0% 0' 0) 0* 0-
#12027 0! 0" 1# 1*
#12028 1! 1" 1% 1' 1) 1-
#12029 0# 0$ 0' 0) 0* 0-
#12030 0! 0" 1# 1*
#12031 1! 0# 1' 1) 1-
#12032 1" 1$ 0' 0) 0* 0- 00
#12033 0! 0" 1# 1* 10
#12034 1! 1" 1' 1) 1-
#12035 0# 0$ 0% 0& 0) 0* 0-
#12036 0! 0" 1# 1*
#12037 1" 0# 1% 1& 1) 1-
#12038 1! 1$ 0% 0& 0) 0* 0-
#12039 0! 0" 1# 1*
#12040 1! 1" 1% 1& 1) 1-
#12041 0# 0$ 0& 0) 0* 0- 00
#12042 0! 0" 1# 1* 10
#12043 1! 1" 0# 1& 1) 1-
#12044 1$ 0& 0) 0* 0-
#12045 0" 1# 1*
#12046 1" 1& 1) 1-
#12047 0# 0$ 0% 0) 0-
#12048 0" 1#
#12049 0! 1% 1) 1- 00
#12050 1! 1" 0# 1$ 0% 0) 0* 0- 10
#12051 0! 0" 1# 1*
#12052 1! 1" 1% 1) 1-
#12053 0# 0$ 0) 0* 0-
#12054 0! 0" 1# 1*
#12055 1! 1) 1-
#12056 1" 0# 1$ 0) 0* 0-
#12057 0! 0" 1# 1*
#12058 1! 0# 0$ 0% 0& 0( 0* 1-
#12059 1" 1# 1$ 1% 1& 1( 1*
#12060 0! 0" 0# 0&
#12061 1! 0$ 0% 0' 0( 0*
#12062 1" 1# 1$ 1% 1& 1' 1( 1) 1*
#12063 0% 0& 0' 0( 0) 0*
#12064 0! 0" 0# 0$
#12065 1"
#12066 1! 1# 1$ 00
#12067 0! 0" 0# 0$ 10
#12068 1"
#12069 1! 1# 1$
#12070 1) 1*
#12072 1% 1& 1' 1(
#12073 0) 0+
#12074 0! 0" 0$ 0% 0& 0' 0( 0* 1+ 00
#12075 1" 0# 1* 0- 10
#12076 0" 1# 0*
#12077 1$ 1-
#12078 1" 0# 1* 0-
#12079 0" 1# 0*
#12080 0$ 1% 1-
#12081 1" 0# 1* 0-
#12082 0" 1# 0*
#12083 1$ 1- 00
#12084 1" 0# 1* 0- 10
#12085 0" 1# 0*
#12086 0$ 0% 1& 1-
#12087 1" 0# 1* 0-
#12088 0" 1# 0*
#12089 1$ 1-
#12090 1" 0# 1* 0-
#12091 0" 1# 0* 00
#12092 0$ 1% 1- 10
#12093 1" 0# 1* 0-
#12094 0" 1# 0*
#12095 1$ 1-
#12096 1" 0# 1* 0-
#12097 0" 1# 0*
#12098 0$ 0% 0& 1' 1-
#12099 1" 0# 1* 0-
#12100 0" 1# 0*
#12101 1$ 1-
#12102 1" 0# 1* 0-
#12103 0" 1# 0*
#12104 0$ 1% 1-
#12105 1" 0# 1* 0-
#12106 0" 1# 0*
#12107 1$ 1-
#12108 1" 0# 1* 0- 00
#12109 0" 1# 0* 10
#12110 0$ 0% 1& 1-
#12111 1" 0# 1* 0-
#12112 0" 1# 0*
#12113 1$ 1-
#12114 1" 0# 1* 0-
#12115 0" 1# 0*
#12116 0$ 1% 1- 00
#12117 1" 0# 1* 0- 10
#12118 0" 1# 0*
#12119 1$ 1-
#12120 1" 0# 1* 0-
#12121 0" 1# 0*
#12122 0# 0$ 0% 0& 0' 1-
#12123 1" 1)
#12124 0" 0) 1*
#12125 0*
#12126 1"
#12127 0" 1# 1% 1' 1( 1) 1*
#12128 1"
#12129 1! 0" 0# 0% 0' 0( 0) 0*
#12130 0! 1# 1% 1' 1( 1) 1*
#12131 1"
#12132 1! 0" 0# 0% 0' 0( 0) 0*
#12133 0! 1# 1% 1' 1( 1) 1* 00
#12134 0# 0% 0' 0( 10
#12136 1! 1" 1# 1$ 1% 1& 1' 1( 0)
#12137 1)
#12138 0! 0$ 0& 0)
#12139 0# 0% 0' 0* 0-
#12140 0" 1$ 1' 0( 1) 1* 1-
#12141 1" 1# 0$ 1% 1( 0) 00
#12142 0# 1$ 0% 0' 0* 0- 10
#12143 0" 1' 0( 1) 1* 1-
#12144 1" 1# 0$ 1% 1(
#12145 0# 0' 0) 0* 0-
#12146 0" 1$ 0% 1' 0( 1) 1* 1-
#12147 1" 1# 0$ 1% 1(
#12148 0# 1$ 0' 0) 0* 0-
#12149 0" 0% 1' 0( 1) 1* 1-
#12150 1" 1# 0$ 1% 1( 00
#12151 0# 0% 1& 0' 0) 0* 0- 10
#12152 0" 1$ 0& 1' 0( 1) 1* 1-
#12153 1" 1# 0$ 1% 1(
#12154 0# 1$ 0% 1& 0' 0) 0-
#12155 0" 0& 1' 0( 1) 1-
#12156 1" 1# 0$ 1% 1(
#12157 0# 1& 0' 0) 0-
#12158 0" 1$ 0% 0& 1' 0( 1) 1- 00
#12159 1" 1# 0$ 1% 1( 10
#12160 0# 1$ 1& 0' 0) 0-
#12161 0" 0% 0& 1' 0( 1) 1-
#12162 1" 1# 0$ 1% 1(
#12163 0# 0% 0) 0-
#12164 0" 1$ 0( 1) 1-
#12165 1" 1# 0$ 1% 1(
#12166 0# 1$ 0% 0) 0* 0-
#12167 0" 0( 1) 1* 1-
#12168 1" 1# 0$ 1% 1(
#12169 0# 0) 0* 0-
#12170 0" 1$ 0% 0( 1) 1* 1-
#12171 1" 1# 0$ 1% 1(
#12172 0# 1$ 0) 0* 0-
#12173 0" 0% 0( 1) 1* 1-
#12174 1" 1# 0$ 1% 1(
#12175 0# 0% 1& 0) 0* 0- 00
#12176 0" 1$ 0& 0( 1) 1* 1- 10
#12177 1" 1# 0$ 1% 1(
#12178 0# 1$ 0% 1& 0) 0* 0-
#12179 0" 0& 0( 1) 1* 1-
#12180 1" 1# 0$ 1% 1(
#12181 0# 1& 0) 0* 0-
#12182 0" 1$ 0% 0& 0( 1) 1* 1-
#12183 1" 1# 0$ 1% 1( 00
#12184 0# 1$ 1& 0) 0* 0- 10
#12185 0" 0% 0& 0( 1) 1* 1-
#12186 1" 1# 0$ 1% 1(
#12187 1! 0" 0# 0% 0' 0( 0)
#12188 0! 1# 1% 1' 1(
#12189 1" 1)
#12190 1! 0" 0# 0% 0' 0( 0)
#12191 1% 0*
#12192 0% 00
#12193 0! 1* 10
#12194 1! 1% 0*
#12195 0%
#12196 0! 1*
#12197 1! 1% 0*
#12198 0%
#12199 1) 1*
#12200 1" 1# 1$ 1% 1& 1' 1( 00
#12201 0) 10
#12203 0" 0# 0$ 0% 0& 0' 0( 0* 0-
#12204 1" 1# 1$ 1% 1& 1' 1( 1* 1-
#12205 0$ 0% 0& 0' 0( 0-
#12206 0" 0# 1$ 0*
#12207 1" 1# 1% 1& 1' 1( 1* 1-
#12208 0% 0& 0' 0( 0-
#12209 0" 0# 0$ 1% 0*
#12210 1" 1# 1$ 1& 1' 1( 1* 1-
#12211 0$ 0& 0' 0( 0-
#12212 0" 0# 1$ 0*
#12213 1" 1# 1& 1' 1( 1* 1-
#12214 0& 0' 0( 0-
#12215 0" 0# 0$ 0% 1& 0*
#12216 1" 1# 1$ 1% 1' 1( 1* 1-
#12217 0$ 0% 0' 0( 0- 00
#12218 0" 0# 1$ 0* 10
#12219 1" 1# 1% 1' 1( 1* 1-
#12220 0% 0' 0( 0-
#12221 0" 0# 0$ 1% 0*
#12222 1" 1# 1$ 1' 1( 1* 1-
#12223 0$ 0' 0( 0-
#12224 0" 0# 1$ 0*
#12225 1" 1# 1' 1( 1* 1- 00
#12226 0' 0( 0- 10
#12227 0" 0# 0$ 0% 0& 1' 0*
#12228 1" 1# 1$ 1% 1& 1( 1* 1-
#12229 0$ 0% 0& 0( 0-
#12230 0" 0# 1$ 0*
#12231 1" 1# 1% 1& 1( 1* 1-
#12232 0% 0& 0( 0-
#12233 0" 0# 0$ 1% 0*
#12234 1" 1# 1$ 1& 1( 1* 1-
#12235 0$ 0& 0( 0-
#12236 0" 0# 1$ 0*
#12237 1" 1# 1& 1( 1* 1-
#12238 0& 0( 0-
#12239 0" 0# 0$ 0% 1& 0*
#12240 1" 1# 1$ 1% 1( 1* 1-
#12241 0$ 0% 0( 0-
#12242 0" 0# 1$ 0* 00
#12243 1" 1# 1% 1( 1* 1- 10
#12244 0% 0( 0-
#12245 0" 0# 0$ 1% 0*
#12246 1" 1# 1$ 1( 1* 1-
#12247 0$ 0( 0-
#12248 0" 0# 1$ 0*
#12249 1" 1# 1( 1* 1-
#12250 0( 0- 00
#12251 0" 0# 0$ 0% 0& 0' 1- 10
#12252 0! 1" 1%
#12253 0% 0*
#12254 1! 0"
#12255 0! 1" 1*
#12256 0" 1# 1% 1' 1( 1)
#12257 0# 0% 0' 0( 0) 0*
#12258 1" 1*
#12259 0" 1# 1% 1' 1( 1) 00
#12260 0# 0% 0' 0( 0) 0* 10
#12261 1" 1*
#12262 0" 1# 1% 1' 1( 1)
#12263 1" 0# 0% 0' 0(
#12264 1! 1# 1$ 1% 1& 1' 1( 0)
#12265 1)
#12266 0) 0+
#12267 0! 0" 0# 0$ 0% 0& 0' 1+ 0- 00
#12268 1! 1" 1# 1$ 1% 1& 1' 1) 1- 10
#12269 0$ 0% 0& 0' 0) 0* 0-
#12270 0! 0" 0# 1$ 1*
#12271 1! 1" 1# 1% 1& 1' 1) 1-
#12272 0% 0& 0' 0) 0* 0-
#12273 0! 0" 0# 0$ 1% 1*
#12274 1! 1" 1# 1$ 1& 1' 1) 1-
#12275 0$ 0& 0' 0) 0* 0-
#12276 0! 0" 0# 1$ 1*
#12277 1! 1" 1# 1& 1' 1) 1-
#12278 0& 0' 0) 0* 0-
#12279 0! 0" 0# 0$ 0% 1&
#12280 1! 1" 1# 1$ 1% 1' 1) 1* 1-
#12281 0$ 0% 0' 0) 0* 0-
#12282 0! 0" 0# 1$
#12283 0$ 1% 1' 1) 1* 1-
#12284 1! 1" 1# 1$ 0% 0' 0) 0* 0- 00
#12285 0! 0" 0# 0$ 1% 10
#12286 1$ 1) 1* 1-
#12287 1! 1" 1# 0$ 0) 0* 0-
#12288 0! 0" 0# 1$
#12289 0$ 0% 0& 1' 1) 1* 1-
#12290 1! 1" 1# 1$ 1% 1& 0' 0) 0* 0-
#12291 0! 0" 0# 0$ 0% 0& 1'
#12292 1! 1" 1# 1$ 1% 1& 1) 1* 1- 00
#12293 0$ 0% 0& 0) 0* 0- 10
#12294 0! 0" 0# 1$
#12295 1! 1" 1# 1% 1& 1) 1* 1-
#12296 0% 0& 0) 0* 0-
#12297 0! 0" 0# 0$ 1%
#12298 1! 1" 1# 1$ 1& 1) 1* 1-
#12299 0$ 0& 0) 0* 0-
#12300 0! 0" 0# 1$ 1*
#12301 1! 1" 1# 1& 1) 1- 00
#12302 0& 0) 0* 0- 10
#12303 0! 0" 0# 0$ 0% 1& 1*
#12304 1! 1" 1# 1$ 1% 1) 1-
#12305 0$ 0% 0) 0* 0-
#12306 0! 0" 0# 1$ 1*
#12307 1! 1" 1# 1% 1) 1-
#12308 0% 0) 0* 0-
#12309 0! 0" 0# 0$ 1% 1* 00
#12310 1! 1" 1# 1$ 1) 1- 10
#12311 0$ 0) 0* 0-
#12312 0! 0" 0# 1$ 1*
#12313 1! 1" 1# 1) 1-
#12314 0) 0* 0-
#12315 0! 0" 0# 0$ 0% 0& 0' 0( 1-
#12316 1! 1" 1*
#12317 0! 0" 1# 1% 1' 1( 1)
#12318 0# 0% 0' 0( 0) 0*
#12319 1$ 1% 1' 1( 1*
#12320 1! 1" 0$ 0' 0( 0*
#12321 0! 0% 1)
#12322 0" 1$ 1% 1' 1( 0) 1*
#12323 1! 1" 0$ 0' 0( 0*
#12324 0! 0% 1)
#12325 0" 1$ 1% 1' 1( 0) 1*
#12326 1! 1" 0$ 0' 0( 0* 00
#12327 0% 1) 1* 10
#12328 1# 1$ 1% 1& 1' 1( 0)
#12329 0! 0" 0# 0$ 0% 0& 0' 0( 0*
#12330 1! 1" 1# 1$ 1% 1& 1' 1( 1* 0+
#12331 0! 0# 0% 0& 0( 1+ 0-
#12332 0" 0' 0* 1-
#12333 1" 1# 0$ 0-
#12334 0# 1$ 1' 1* 00
#12335 0" 0$ 1% 0' 0* 1- 10
#12336 1" 1# 1$ 0% 0-
#12337 0# 1' 1*
#12338 0" 1% 0' 0* 1-
#12339 1" 1# 0$ 0-
#12340 0# 1$ 0% 1' 1*
#12341 0" 0$ 1& 0' 0* 1-
#12342 1" 1# 1$ 1% 0& 0-
#12343 0# 0% 1' 1*
#12344 0" 1& 0' 0* 1-
#12345 1" 1# 0$ 0-
#12346 0# 1$ 0& 1*
#12347 0" 0$ 1% 1& 0* 1-
#12348 1" 1# 1$ 0% 0-
#12349 0# 0& 1' 1*
#12350 0" 1% 1& 0' 0* 1-
#12351 1" 1# 0$ 0- 00
#12352 0# 1$ 0% 0& 1* 10
#12353 0" 0$ 1' 0* 1-
#12354 1" 1# 1$ 1% 1& 0' 0-
#12355 0# 0% 0& 1' 1*
#12356 0" 0* 1-
#12357 1" 1# 0$ 0-
#12358 0# 1$ 1*
#12359 0" 0$ 1% 0* 1-
#12360 1" 1# 1$ 0% 0-
#12361 0# 1*
#12362 0" 1% 0* 1-
#12363 1" 1# 0$ 0-
#12364 0# 1$ 0% 1*
#12365 0" 0$ 1& 0* 1-
#12366 1" 1# 1$ 1% 0& 0-
#12367 0# 0% 1) 1*
#12368 0" 1& 0) 0* 1- 00
#12369 1" 1# 0$ 0- 10
#12370 0# 1$ 0& 1) 1*
#12371 0" 0$ 1% 1& 0) 0* 1-
#12372 1" 1# 1$ 0% 0-
#12373 0# 0& 1) 1*
#12374 0" 1% 1& 0) 0* 1-
#12375 1" 1# 0$ 0-
#12376 0# 1$ 0% 0& 1) 1* 00
#12377 1! 1# 1% 1& 1( 0) 0+ 1- 10
#12378 0! 0( 0* 1+ 0-
#12379 0$ 0& 1( 1) 1* 1-
#12380 0" 0% 0' 0( 0) 0*
#12381 1%
#12382 1" 1' 1( 1) 1*
#12383 0" 0# 1$
#12384 1# 0$ 0% 0' 0( 0) 0*
#12385 1! 0# 1*
#12386 1" 1# 1$ 1% 1& 1' 1(
#12387 0! 0" 0$ 0% 0& 0' 0( 0*
#12388 1! 0# 1*
#12389 1" 1# 1$ 1% 1& 1' 1(
#12390 0! 0" 0$ 0% 0& 0' 0( 0*
#12391 1) 1*
#12393 1" 1% 1' 1( 00
#12394 1! 1$ 1& 0) 10
#12396 0! 0$ 0& 1)
#12397 1! 0" 0% 0' 0) 0-
#12398 1" 1$ 1% 1& 0( 1-
#12399 0! 0$ 0& 1' 1( 1)
#12400 1! 0" 1$ 0% 0' 0) 0-
#12401 1" 1% 1& 1' 1- 00
#12402 0! 0$ 0& 1) 10
#12403 1! 0" 0' 0) 0-
#12404 1" 1$ 1& 0( 1-
#12405 0! 0$ 0& 1' 1( 1)
#12406 1! 0" 1$ 0' 0) 0-
#12407 1" 1& 1' 1-
#12408 0! 0$ 0& 1)
#12409 1! 0" 0% 1& 0' 0) 0-
#12410 1" 1$ 1% 0( 0* 1- 00
#12411 0! 0$ 0& 1' 1( 1) 1* 10
#12412 1! 0" 1$ 0% 1& 0' 0) 0-
#12413 1" 1% 1' 1-
#12414 0! 0$ 0& 1)
#12415 1! 0" 1& 0' 0) 0-
#12416 1" 1$ 0( 0+ 1-
#12417 0! 0$ 0& 1' 1( 1) 1+
#12418 1! 0" 1$ 1& 0' 0) 0- 00
#12419 1" 1' 1- 10
#12420 0! 0$ 0& 1)
#12421 1! 0" 0% 0) 0-
#12422 1" 1$ 1% 1& 0' 0( 0* 1-
#12423 0! 0$ 0& 1' 1( 1) 1*
#12424 1! 0" 1$ 0% 0) 0-
#12425 1" 1% 1& 1-
#12426 0! 0$ 0& 1)
#12427 1! 0" 0) 0-
#12428 1" 1$ 1& 0' 0( 0+ 1-
#12429 0! 0$ 0& 1' 1( 1) 1+
#12430 1! 0" 1$ 0) 0-
#12431 1" 1& 1-
#12432 0! 0$ 0& 1)
#12433 1! 0" 0% 1& 0) 0-
#12434 1" 1$ 1% 0' 0( 1-
#12435 0! 0$ 0& 1' 1( 1) 00
#12436 1! 0" 1$ 0% 1& 0) 0- 10
#12437 1" 1% 1-
#12438 0! 0$ 0& 1)
#12439 1! 0" 1& 0) 0-
#12440 1" 1$ 0' 0( 1-
#12441 1' 1( 1)
#12442 0" 0) 0-
#12443 0! 1" 0# 0$ 0% 0& 0' 0( 0* 1- 00
#12444 0" 1$ 1% 1' 1( 1) 1* 10
#12445 1! 1# 0$ 0% 0' 0( 0)
#12446 0! 1" 0# 0*
#12447 1! 1# 1$ 1% 1& 1' 1( 1*
#12448 0! 0" 0# 0& 1)
#12449 1! 0$ 0% 0' 0( 0)
#12450 1" 1# 1$ 1% 1& 1' 1(
#12451 0! 0" 0# 0& 1)
#12452 1! 0$ 0% 0' 0( 0)
#12453 1" 1# 1$ 1% 1& 1' 1(
#12454 0! 0" 0# 0& 1)
#12455 1! 1# 0$ 0% 0' 0(
#12457 1" 1$ 1% 1& 1' 1(
#12458 0)
#12460 0# 0$ 0% 0& 0' 0( 0- 00
#12461 0" 1# 10
#12462 0! 1" 1& 1-
#12463 1! 0# 1$ 0& 0-
#12464 0" 1#
#12465 1" 1% 1& 1' 1( 1-
#12466 0# 0$ 0& 0' 0( 0-
#12467 0" 1#
#12468 1" 0% 1& 1-
#12469 0# 1$ 1% 0& 0-
#12470 0" 1#
#12471 1" 1& 1' 1( 1-
#12472 0# 0$ 0% 0' 0( 0-
#12473 0" 1# 0*
#12474 0! 0# 1$ 1* 1-
#12475 1! 1" 0-
#12476 0" 1# 0*
#12477 1" 1% 1' 1( 1* 1- 00
#12478 0# 0$ 0' 0( 0- 10
#12479 0" 1# 0*
#12480 0# 1$ 0% 1* 1-
#12481 1" 1% 0-
#12482 0" 1# 0*
#12483 1" 1' 1( 1* 1-
#12484 0# 0$ 0% 0& 0( 0-
#12485 0" 1# 00
#12486 0! 1" 0# 1$ 1& 0' 1- 10
#12487 1! 0& 1' 0-
#12488 0" 1#
#12489 1" 1% 1& 1( 1-
#12490 0# 0$ 0& 0( 0-
#12491 0" 1#
#12492 1" 0# 1$ 0% 1& 0' 1-
#12493 1% 0& 1' 0-
#12494 0" 1#
#12495 1" 1& 1( 1-
#12496 0# 0$ 0% 0( 0-
#12497 0" 1#
#12498 0! 1$ 0' 1) 1-
#12499 1! 1" 0# 1' 0) 0-
#12500 0" 1#
#12501 1" 1% 1( 1) 1-
#12502 0# 0$ 0( 0) 0- 00
#12503 0" 1# 10
#12504 1$ 0% 0' 1) 1-
#12505 1" 0# 1% 1' 0) 0-
#12506 0" 1#
#12507 0# 0$ 0% 0& 0' 0* 1-
#12508 1" 1# 1$ 1% 1& 1' 1( 1*
#12509 0! 0$ 0% 0& 0' 0(
#12510 1! 0" 0# 0* 00
#12511 1" 1# 1$ 1% 1& 1' 1( 1) 1* 10
#12512 0! 0$ 0% 0& 0' 0( 0) 0*
#12513 0" 0#
#12514 1"
#12515 1#
#12516 0" 0#
#12517 1"
#12518 1#
#12519 1) 1* 00
#12520 10
#12521 1! 1$ 1% 1& 1' 1(
#12522 0) 0+
#12523 0! 0" 0$ 0% 0& 0' 0( 1+
#12524 1! 1" 0# 1( 0-
#12525 0! 0" 1# 0*
#12526 1$ 0( 1* 1-
#12527 1! 1" 0# 1( 0- 00
#12528 0! 0" 1# 0* 10
#12529 0$ 1% 0( 1* 1-
#12530 1! 1" 0# 1( 0-
#12531 0! 0" 1# 0*
#12532 1$ 0( 1* 1-
#12533 1! 1" 0# 1( 0-
#12534 0! 0" 1# 0*
#12535 0$ 0% 1& 0( 1* 1-
#12536 1! 1" 0# 1( 0-
#12537 0! 0" 1# 0*
#12538 1$ 0( 1-
#12539 1" 0# 1( 1* 0-
#12540 0" 1# 0*
#12541 0$ 1% 0( 1-
#12542 1" 0# 1( 1* 0-
#12543 0" 1# 0*
#12544 1$ 0( 1- 00
#12545 1" 0# 1( 1* 0- 10
#12546 0" 1# 0*
#12547 0$ 0% 0& 1' 0( 1-
#12548 1" 0# 1( 1* 0-
#12549 0" 1# 0*
#12550 1$ 0( 1-
#12551 1" 0# 1( 1* 0-
#12552 0" 1# 0* 00
#12553 0$ 1% 0( 1- 10
#12554 1! 1" 0# 1( 1* 0-
#12555 0! 0" 1# 0*
#12556 1$ 0( 1* 1-
#12557 1! 1" 0# 1( 0-
#12558 0! 0" 1# 0*
#12559 0$ 0% 1& 0( 1* 1-
#12560 1! 1" 0# 1( 0-
#12561 0! 0" 1# 0*
#12562 1$ 0( 1* 1-
#12563 1! 1" 0# 1( 0-
#12564 0! 0" 1# 0*
#12565 0$ 1% 0( 1* 1-
#12566 1! 1" 0# 1( 0-
#12567 0! 0" 1# 0*
#12568 1$ 0( 1* 1-
#12569 1! 1" 0# 1( 0- 00
#12570 0! 0" 1# 0* 10
#12571 0# 0$ 0% 0& 0' 0( 1* 1-
#12572 1! 1" 1# 1$ 1% 1& 1' 1( 1)
#12573 0$ 0% 0& 0' 0(
#12574 0! 0" 0# 0) 0*
#12575 1"
#12576 0" 1# 1% 1' 1( 1) 1*
#12577 1"
#12578 1! 0" 0# 0% 0' 0( 0)
#12579 0! 1# 1% 1' 1( 1)
#12580 1"
#12581 1! 0" 0# 0% 0' 0( 0)
#12582 0! 1# 1% 1' 1( 1)
#12583 1! 1" 0% 0' 0(
#12585 1$ 1% 1& 1' 1( 0)
#12586 1) 00
#12587 0! 0$ 0& 0) 10
#12588 0# 0% 0' 0( 0* 0-
#12589 0" 1# 1$ 1' 1) 1* 1-
#12590 1" 0$ 1% 1( 0)
#12591 0# 1$ 0% 0' 0( 0* 0-
#12592 0" 1# 1' 1) 1* 1-
#12593 1" 0$ 1% 1( 0)
#12594 0# 0' 0( 0* 0- 00
#12595 0" 1# 1$ 0% 1' 1) 1* 1- 10
#12596 1" 0$ 1% 1( 0)
#12597 0# 1$ 0' 0( 0* 0-
#12598 0" 1# 0% 1' 1) 1* 1-
#12599 1" 0$ 1% 1( 0)
#12600 0# 0% 1& 0' 0( 0* 0-
#12601 0" 1# 1$ 0& 1' 1) 1* 1-
#12602 1" 0$ 0' 0)
#12603 0# 1$ 1& 0* 0-
#12604 0" 1# 0& 1' 1) 1* 1-
#12605 0$ 1% 0' 0)
#12606 1" 0# 1& 0* 0-
#12607 0" 1# 1$ 0% 0& 1' 1) 1* 1-
#12608 0$ 1% 0' 0)
#12609 1" 0# 1$ 1& 0* 0-
#12610 0" 1# 0% 0& 1' 1) 1* 1-
#12611 0$ 0) 00
#12612 1" 0# 0* 0- 10
#12613 0" 1# 1$ 1) 1* 1-
#12614 1" 0$ 1% 0)
#12615 0# 1$ 0% 0* 0-
#12616 0" 1# 1) 1* 1-
#12617 1" 0$ 1% 1( 0)
#12618 0# 0( 0* 0-
#12619 0" 1# 1$ 0% 1) 1* 1- 00
#12620 1" 0$ 1% 1( 0) 10
#12621 0# 1$ 0( 0* 0-
#12622 0" 1# 0% 1) 1* 1-
#12623 1" 0$ 1% 1( 0)
#12624 0# 0% 1& 0( 0* 0-
#12625 0" 1# 1$ 0& 1) 1* 1-
#12626 1" 0$ 1% 1( 0)
#12627 0# 1$ 0% 1& 0( 0* 0-
#12628 0" 1# 0& 1) 1* 1- 00
#12629 1" 0$ 1% 1( 0) 10
#12630 0# 1& 0( 0* 0-
#12631 0" 1# 1$ 0% 0& 1) 1* 1-
#12632 1" 0$ 1% 1(
#12633 0# 1$ 1& 0( 0) 0* 0-
#12634 0" 1# 0% 0& 1) 1* 1-
#12635 1" 0$ 1% 1( 0)
#12636 0" 0# 0% 0' 0( 00
#12637 1$ 10
#12638 1" 1# 0$ 1% 1' 1(
#12639 0" 0# 0% 0' 0(
#12640 1$ 1% 0*
#12641 0%
#12642 0$ 1*
#12643 1$ 1% 0*
#12644 0%
#12645 1! 0$ 1*
#12646 0! 1$ 1% 0*
#12647 0%
#12648 1) 1*
#12649 1! 1" 1# 1% 1& 1' 1(
#12650 0)
#12652 0" 0# 0$ 0% 0& 0' 0* 0-
#12653 1" 1# 1$ 1% 1& 1' 1* 1- 00
#12654 0$ 0% 0& 0' 0- 10
#12655 0" 0# 1$ 0*
#12656 1" 1# 1% 1& 1' 1* 1-
#12657 0% 0& 0' 0-
#12658 0" 0# 0$ 1% 0*
#12659 1" 1# 1$ 1& 1' 1* 1-
#12660 0$ 0& 0' 0-
#12661 0" 0# 1$ 0* 00
#12662 1" 1# 1& 1' 1* 1- 10
#12663 0& 0' 0-
#12664 0" 0# 0$ 0% 1& 0*
#12665 1" 1# 1$ 1% 1' 1* 1-
#12666 0$ 0% 0' 0-
#12667 0" 0# 1$ 0*
#12668 1" 1# 1% 1' 1* 1-
#12669 0% 0' 0-
#12670 0" 0# 0$ 1% 0*
#12671 1" 1# 1$ 1' 1* 1-
#12672 0$ 0' 0-
#12673 0" 0# 1$ 0*
#12674 1" 1# 1' 1* 1-
#12675 0' 0-
#12676 0" 0# 0$ 0% 0& 1' 0*
#12677 1" 1# 1$ 1% 1& 1* 1-
#12678 0$ 0% 0& 0- 00
#12679 0" 0# 1$ 0* 10
#12680 1" 1# 1% 1& 1* 1-
#12681 0% 0& 0-
#12682 0" 0# 0$ 1% 0*
#12683 1" 1# 1$ 1& 1* 1-
#12684 0$ 0& 0-
#12685 0" 0# 1$ 0*
#12686 1" 1# 1& 1* 1-
#12687 0& 0-
#12688 0" 0# 0$ 0% 1& 0*
#12689 1" 1# 1$ 1% 1* 1-
#12690 0$ 0% 0-
#12691 0" 0# 1$ 0*
#12692 1" 1# 1% 1* 1-
#12693 0% 0-
#12694 0" 0# 0$ 1% 0*
#12695 1" 1# 1$ 1* 1- 00
#12696 0$ 0- 10
#12697 0" 0# 1$ 0*
#12698 1" 1# 1* 1-
#12699 0-
#12700 0" 0# 0$ 0% 0& 0' 0( 0* 1-
#12701 1$ 1% 1) 1*
#12702 0% 0)
#12703 0$ 0* 00
#12704 1$ 1* 10
#12705 0! 1# 0$ 1% 1' 1( 1)
#12706 0# 0% 0' 0( 0) 0*
#12707 1! 1$ 1*
#12708 0! 1# 0$ 1% 1' 1( 1)
#12709 0# 0% 0' 0( 0) 0*
#12710 1! 1$ 1*
#12711 0! 1# 0$ 1% 1' 1( 1)
#12712 1! 0# 1$ 0% 0' 0(
#12713 1" 1# 1% 1& 1' 1( 0)
#12714 1)
#12715 0) 0+
#12716 0! 0" 0# 0$ 0% 0& 0' 0( 1+ 0-
#12717 1! 1" 1# 1$ 1% 1& 1' 1( 1) 1-
#12718 0$ 0% 0& 0' 0( 0) 0* 0-
#12719 0! 0" 0# 1$ 1*
#12720 1! 1" 1# 1% 1& 1' 1( 1) 1- 00
#12721 0% 0& 0' 0( 0) 0* 0- 10
#12722 0! 0" 0# 0$ 1% 1*
#12723 1! 1" 1# 1$ 1& 1' 1( 1) 1-
#12724 0$ 0& 0' 0( 0) 0* 0-
#12725 0! 0" 0# 1$ 1*
#12726 1! 1" 1# 1& 1' 1( 1) 1-
#12727 0& 0' 0( 0) 0* 0-
#12728 0! 0" 0# 0$ 0% 1& 1* 00
#12729 1! 1" 1# 1$ 1% 1' 1( 1) 1- 10
#12730 0$ 0% 0' 0( 0) 0* 0-
#12731 0! 0" 0# 1$ 1*
#12732 1! 1" 1# 1% 1' 1( 1) 1-
#12733 0% 0' 0( 0) 0* 0-
#12734 0! 0" 0# 0$ 1% 1*
#12735 1! 1" 1# 1$ 1' 1( 1) 1-
#12736 0$ 0' 0( 0) 0* 0-
#12737 0! 0" 0# 1$ 1* 00
#12738 1! 1" 1# 1' 1( 1) 1- 10
#12739 0' 0( 0) 0* 0-
#12740 0! 0" 0# 0$ 0% 0& 1' 1*
#12741 1! 1" 1# 1$ 1% 1& 1( 1) 1-
#12742 0$ 0% 0& 0( 0) 0* 0-
#12743 0! 0" 0# 1$ 1*
#12744 1! 1" 1# 1% 1& 1( 1) 1-
#12745 0% 0& 0( 0) 0* 0- 00
#12746 0! 0" 0# 0$ 1% 1* 10
#12747 1! 1" 1# 1$ 1& 1( 1) 1-
#12748 0$ 0& 0( 0) 0* 0-
#12749 0! 0" 0# 1$ 1*
#12750 1! 1" 1# 1& 1( 1) 1-
#12751 0& 0( 0) 0* 0-
#12752 0! 0" 0# 0$ 0% 1& 1*
#12753 1! 1" 1# 1$ 1% 1( 1) 1-
#12754 0$ 0% 0( 0) 0* 0-
#12755 0! 0" 0# 1$ 1*
#12756 1! 1" 1# 1% 1( 1) 1-
#12757 0% 0( 0) 0* 0-
#12758 0! 0" 0# 0$ 1% 1*
#12759 1! 1" 1# 1$ 1( 1) 1-
#12760 0$ 0( 0) 0* 0-
#12761 0! 0" 0# 1$ 1*
#12762 1! 1" 1# 1( 1) 1- 00
#12763 0( 0) 0* 0- 10
#12764 0! 0" 0# 0$ 0% 0& 0' 1-
#12765 1" 1$ 1% 1*
#12766 0" 1# 0$ 1' 1(
#12767 0# 0% 0' 0( 0*
#12768 1" 1$ 1*
#12769 1% 0*
#12770 1# 0$ 1' 1( 1) 1* 00
#12771 0# 1$ 0% 0' 0( 0) 10
#12772 1% 0*
#12773 1# 0$ 1' 1( 1) 1*
#12774 0# 1$ 0% 0' 0( 0)
#12775 1% 0*
#12776 0% 1) 1*
#12777 1! 1# 1% 1& 1' 1( 0)
#12778 0! 0" 0# 0$ 0% 0& 0' 0( 0*
#12779 1! 1" 1# 1$ 1% 1& 1' 1( 1*
#12780 0! 0" 0# 0$ 0% 0& 0' 0-
#12781 1$ 0( 0* 1-
#12782 1" 1# 0$ 1( 1* 0-
#12783 0" 0# 1$
#12784 0$ 1% 0( 0* 1-
#12785 1" 1# 1$ 0% 1( 1* 0-
#12786 0" 0# 0$ 1%
#12787 1$ 0( 0* 1- 00
#12788 1" 1# 0$ 1( 1* 0- 10
#12789 0" 0# 1$
#12790 0$ 0% 1& 0( 0* 1-
#12791 1" 1# 1$ 1% 0& 1( 1* 0-
#12792 0" 0# 0$ 0% 1&
#12793 1$ 0( 0* 1-
#12794 1" 1# 0$ 1( 1* 0-
#12795 0" 0# 1$
#12796 0$ 1% 0( 0* 1-
#12797 1" 1# 1$ 0% 1( 1* 0-
#12798 0" 0# 0$
#12799 1$ 1% 0( 0* 1-
#12800 1" 1# 0$ 1( 0-
#12801 0" 0# 1$ 0% 0& 0( 1*
#12802 0$ 1' 0* 1-
#12803 1" 1# 1$ 1% 1& 0' 1( 0-
#12804 0" 0# 0$ 0% 0& 1' 0( 1* 00
#12805 1$ 0* 1- 10
#12806 1" 1# 0$ 1( 0-
#12807 0" 0# 1$ 0( 1*
#12808 0$ 1% 0* 1-
#12809 1" 1# 1$ 0% 1( 0-
#12810 0" 0# 0$ 1*
#12811 1$ 1% 0( 0* 1-
#12812 1" 1# 0$ 1( 1* 0- 00
#12813 0" 0# 1$ 10
#12814 0$ 0% 1& 0( 0* 1-
#12815 1" 1# 1$ 1% 0& 1( 1* 0-
#12816 0" 0# 0$ 0% 1&
#12817 1$ 0( 0* 1-
#12818 1" 1# 0$ 1( 1* 0-
#12819 0" 0# 1$
#12820 0$ 1% 0( 0* 1-
#12821 1" 1# 1$ 0% 1( 1* 0-
#12822 0" 0# 0$ 1%
#12823 1$ 0( 0* 1-
#12824 1" 1# 0$ 1( 1* 0-
#12825 0" 0# 1$
#12826 1! 1" 1# 0+ 1-
#12827 0! 1+ 0-
#12828 0$ 0& 1) 1-
#12829 1! 0# 1$ 0% 0' 0( 0) 0* 00
#12830 1% 1* 10
#12831 0! 1# 0$ 1' 1( 1)
#12832 0" 0# 1$
#12833 1! 1" 0% 0' 0( 0)
#12834 0! 0" 0$
#12835 1! 1" 1# 1$ 1% 1& 1' 1( 1)
#12836 0# 0% 0& 0' 0( 0) 0*
#12837 0! 0" 0$ 1* 00
#12838 1! 1" 1# 1$ 1% 1& 1' 1( 1) 10
#12839 0# 0% 0& 0' 0( 0) 0*
#12840 1) 1*
#12842 0! 1# 0$ 1% 1' 1(
#12843 1! 1$ 1& 0)
#12845 0! 0$ 0& 1)
#12846 1! 0" 0% 0' 0( 0) 0- 00
#12847 1" 1$ 1% 1& 1' 1- 10
#12848 0! 0$ 0& 1( 1)
#12849 1! 0" 1$ 0% 0' 0( 0) 0-
#12850 1" 1% 1& 1' 1( 1-
#12851 0! 0$ 0& 1)
#12852 1! 0" 0' 0( 0) 0-
#12853 1" 1$ 1& 1' 1) 1-
#12854 0! 0$ 0& 1( 00
#12855 0" 1$ 0' 0( 0) 0- 10
#12856 1! 1" 1& 1' 1( 1) 1-
#12857 0! 0$ 0&
#12858 0" 0% 1& 0' 0( 0) 0-
#12859 1! 1" 1$ 1% 1' 1) 1-
#12860 0! 0$ 0& 1(
#12861 0" 1$ 0% 1& 0' 0( 0) 0-
#12862 1! 1" 1% 1' 1( 1) 1-
#12863 0! 0$ 0&
#12864 0" 1& 0' 0( 0) 0-
#12865 1! 1" 1$ 1' 1) 1-
#12866 0! 0$ 0& 1(
#12867 0" 1$ 1& 0' 0( 0) 0-
#12868 1! 1" 1' 1( 1) 1-
#12869 0! 0$ 0&
#12870 0" 0% 0( 0) 0-
#12871 1! 1" 1$ 1% 1& 1) 1- 00
#12872 0! 0$ 0& 1( 10
#12873 0" 1$ 0% 0( 0) 0-
#12874 1! 1" 1% 1& 1( 1) 1-
#12875 0! 0$ 0&
#12876 0" 0( 0) 0-
#12877 1! 1" 1$ 1& 1) 1-
#12878 0! 0$ 0& 1(
#12879 1! 0" 1$ 0( 0) 0- 00
#12880 1" 1& 1( 1- 10
#12881 0! 0$ 0& 1)
#12882 1! 0" 0% 1& 0( 0) 0-
#12883 1" 1$ 1% 1-
#12884 0! 0$ 0& 1( 1)
#12885 1! 0" 1$ 0% 1& 0( 0) 0-
#12886 1" 1% 1( 1-
#12887 0! 0$ 0& 1)
#12888 1! 0" 1& 0( 0) 0-
#12889 1" 1$ 1-
#12890 1( 1)
#12891 0" 0( 0) 0-
#12892 0! 1" 0# 0$ 0% 0& 0' 0* 1-
#12893 0" 1$ 1% 1' 1( 1) 1*
#12894 1# 0% 0' 0( 0)
#12895 1" 0# 0$ 0*
#12896 1! 1# 1$ 1% 1& 1' 1( 1* 00
#12897 0! 0" 0# 0& 10
#12898 1! 0$ 0% 0' 0( 0*
#12899 1" 1# 1$ 1% 1& 1' 1( 1*
#12900 0! 0" 0# 0&
#12901 1! 0$ 0% 0' 0( 0*
#12902 1" 1# 1$ 1% 1& 1' 1( 1*
#12903 0! 0" 0# 0&
#12904 1# 0% 0' 0( 1)
#12906 1! 1" 1% 1& 1' 1(
#12907 0) 0+
#12908 1+
#12909 0# 0$ 0% 0& 0' 0-
#12910 0" 1# 0*
#12911 1" 1$ 1% 1& 1' 0( 1* 1-
#12912 0# 0% 0& 0' 1( 0-
#12913 0" 1# 0* 00
#12914 1" 1% 1& 1' 1* 1- 10
#12915 0# 0$ 0& 0' 0-
#12916 0" 1# 0*
#12917 1" 1$ 1& 1' 0( 1* 1-
#12918 0# 0& 0' 1( 0-
#12919 0" 1# 0*
#12920 1" 1& 1' 1* 1-
#12921 0# 0$ 0% 0' 0- 00
#12922 0" 1# 0* 10
#12923 1" 1$ 1% 1' 0( 1* 1-
#12924 0# 0% 0' 1( 0-
#12925 0" 1# 0*
#12926 1" 1% 1' 1* 1-
#12927 0# 0$ 0' 0-
#12928 0" 1# 0*
#12929 0# 0% 1' 0( 1* 1-
#12930 1" 1$ 1% 0' 1( 0-
#12931 0" 1# 0*
#12932 1" 1' 1* 1-
#12933 0# 0$ 0% 0& 0-
#12934 0" 1# 0*
#12935 0! 1" 0# 1& 0( 1* 1-
#12936 1! 1$ 0& 1( 0-
#12937 0" 1# 0*
#12938 1" 1% 1& 1* 1- 00
#12939 0# 0$ 0& 0- 10
#12940 0" 1# 0*
#12941 1" 1$ 1& 0( 1* 1-
#12942 0# 0& 1( 0-
#12943 0" 1# 0*
#12944 1" 1& 1* 1-
#12945 0# 0$ 0% 0-
#12946 0" 1# 0* 00
#12947 1" 1$ 1% 0( 1* 1- 10
#12948 0# 0% 1( 0-
#12949 0" 1# 0*
#12950 1" 1% 1* 1-
#12951 0# 0$ 0-
#12952 0" 1# 0*
#12953 1" 1$ 0( 1* 1-
#12954 0# 1( 0-
#12955 0" 1# 0* 00
#12956 0# 0$ 0% 0& 0' 0( 1- 10
#12957 1" 1# 1$ 1% 1& 1' 1( 1*
#12958 0" 0% 0& 0' 0( 0*
#12959 0# 0$
#12960 1" 1# 1$ 1% 1& 1' 1( 1*
#12961 0" 0% 0& 0' 0(
#12962 0! 0# 0$ 0*
#12963 1" 1) 00
#12964 1! 0" 1# 1$ 0) 1* 10
#12965 0! 0# 0$ 0*
#12966 1" 1)
#12967 1! 0" 1# 1$ 0)
#12968 1) 1*
#12970 1" 1% 1& 1' 1(
#12971 0) 0+
#12972 0! 0" 0$ 0% 0& 0' 0( 1) 1+
#12973 1! 1" 0# 0) 0-
#12974 0! 0" 1# 0*
#12975 1$ 1) 1* 1-
#12976 1! 1" 0# 0) 0-
#12977 0! 0" 1# 0*
#12978 0$ 1% 1) 1* 1-
#12979 1! 1" 0# 0) 0-
#12980 0! 0" 1# 0* 00
#12981 1$ 1) 1* 1- 10
#12982 1! 1" 0# 0) 0* 0-
#12983 0! 0" 1#
#12984 0$ 0% 1& 1) 1* 1-
#12985 1! 1" 0# 0) 0* 0-
#12986 0! 0" 1#
#12987 1$ 1) 1* 1-
#12988 1! 1" 0# 0) 0* 0- 00
#12989 0! 0" 1# 10
#12990 0$ 1% 1) 1* 1-
#12991 1! 1" 0# 0) 0* 0-
#12992 0! 0" 1#
#12993 1$ 1) 1* 1-
#12994 1! 1" 0# 0) 0* 0-
#12995 0! 0" 1#
#12996 0$ 0% 0& 1' 1) 1* 1-
#12997 1! 1" 0# 0) 0* 0-
#12998 0! 0" 1#
#12999 1$ 1) 1* 1-
#13000 1! 1" 0# 0) 0* 0-
#13001 0! 0" 1#
#13002 0$ 1% 1) 1* 1-
#13003 1! 1" 0# 0) 0* 0-
#13004 0! 0" 1#
#13005 1$ 1) 1* 1- 00
#13006 1! 1" 0# 0) 0* 0- 10
#13007 0! 0" 1#
#13008 0$ 0% 1& 1) 1* 1-
#13009 1! 1" 0# 0) 0-
#13010 0! 0" 1# 0*
#13011 1$ 1* 1-
#13012 1! 1" 0# 0-
#13013 0! 0" 1# 0*
#13014 0$ 1% 1* 1-
#13015 1! 1" 0# 0-
#13016 0! 0" 1# 0*
#13017 1$ 1* 1-
#13018 1! 1" 0# 0-
#13019 0! 0" 1# 0*
#13020 0# 0$ 0% 0& 0' 1* 1-
#13021 1! 1" 1# 1$ 1% 1& 1' 1( 1)
#13022 0! 0% 0& 0' 0( 00
#13023 0" 0# 0$ 0) 10
#13024 1" 1) 0*
#13025 0" 1# 1% 1' 1( 0) 1*
#13026 1" 1)
#13027 1! 0" 0# 0% 0' 0( 0)
#13028 0! 1# 1% 1' 1(
#13029 1" 1)
#13030 1! 0" 0# 0% 0' 0( 0) 00
#13031 0! 1# 1% 1' 1( 10
#13032 1" 1$ 0% 0' 0( 1)
#13034 1! 1% 1& 1' 1( 0)
#13035 1)
#13036 0! 0" 0$ 0% 0& 0' 0( 0)
#13037 1" 0# 1( 0* 0-
#13038 1! 1# 1$ 1' 0( 1) 1* 1-
#13039 0! 0" 0' 0) 0*
#13040 1" 0# 1( 0-
#13041 1! 1# 1' 0( 1) 1* 1-
#13042 0! 0" 0$ 1% 0' 0) 0*
#13043 1" 0# 1( 0-
#13044 1! 1# 1$ 0% 1' 0( 1) 1* 1-
#13045 0! 0" 1% 0' 0)
#13046 1" 0# 1( 0* 0-
#13047 1! 1# 0% 1' 0( 1) 1* 1- 00
#13048 0! 0" 0$ 1& 0' 0) 10
#13049 1" 0# 1( 0* 0-
#13050 1! 1# 1$ 0& 1' 0( 1) 1* 1-
#13051 0! 0" 1& 0' 0)
#13052 1" 0# 1( 0* 0-
#13053 1! 1# 0& 1' 0( 1) 1* 1-
#13054 0! 0" 0$ 1% 1& 0' 0)
#13055 1" 0# 1( 0* 0- 00
#13056 1! 1# 1$ 0% 0& 1' 0( 1) 1* 1- 10
#13057 0! 0" 1% 1& 0' 0)
#13058 1" 0# 1( 0* 0-
#13059 1! 1# 0% 0& 1' 0( 1) 1* 1-
#13060 0! 0" 0$ 0)
#13061 1" 0# 1( 0* 0-
#13062 1! 1# 1$ 0( 1) 1* 1-
#13063 0! 0" 0$ 0)
#13064 1" 0# 1$ 1( 0* 0- 00
#13065 1! 1# 0( 1) 1* 1- 10
#13066 0! 0" 0$ 1% 0)
#13067 1" 0# 1( 0* 0-
#13068 1! 1# 1$ 0% 0( 1) 1* 1-
#13069 0! 0" 1% 0)
#13070 1" 0# 1( 0* 0-
#13071 1! 1# 0% 0( 1) 1* 1-
#13072 0! 0" 0$ 1& 0) 00
#13073 1" 0# 1( 0* 0- 10
#13074 1! 1# 1$ 0& 0( 1) 1* 1-
#13075 0! 0" 1& 0)
#13076 1" 0# 1( 0* 0-
#13077 1! 1# 0& 0( 1) 1* 1-
#13078 0! 0" 0$ 1% 1& 0)
#13079 1" 0# 1( 0* 0-
#13080 1! 1# 1$ 0% 0& 0( 1) 1* 1-
#13081 0! 0" 1% 1& 0)
#13082 1" 0# 1( 0* 0-
#13083 1! 1# 0% 0& 0( 1) 1* 1-
#13084 0! 0" 0# 0$ 0' 0)
#13085 1" 0*
#13086 1! 1# 1$
#13087 0! 0" 0# 0$ 1*
#13088 1" 0*
#13089 1! 1# 1$ 1% 1* 00
#13090 0% 0* 10
#13091 0" 0# 0$ 1*
#13092 1" 1# 1$ 1%
#13093 0% 0*
#13094 0" 0# 0$ 1*
#13095 1" 1# 1$ 1%
#13096 0% 0*
#13097 1) 1* 00
#13098 1% 1& 1' 1( 10
#13099 0)
#13100 1)
#13101 0" 0# 0$ 0% 0& 0' 0( 0) 0* 0-
#13102 1" 1# 1$ 1% 1& 1' 1( 1* 1-
#13103 0$ 0% 0& 0' 0( 1) 0-
#13104 0" 0# 1$ 0) 0*
#13105 1" 1# 1% 1& 1' 1( 1* 1-
#13106 0% 0& 0' 0( 1) 0-
#13107 0" 0# 0$ 1% 0) 0*
#13108 1" 1# 1$ 1& 1' 1( 1* 1-
#13109 0$ 0& 0' 0( 1) 0-
#13110 0" 0# 1$ 0) 0*
#13111 1" 1# 1& 1' 1( 1* 1-
#13112 0& 0' 0( 1) 0-
#13113 0" 0# 0$ 0% 1& 0) 0*
#13114 1" 1# 1$ 1% 1' 1( 1* 1- 00
#13115 0$ 0% 0' 0( 1) 10
#13116 0" 0# 1$ 0) 0* 0-
#13117 1" 1# 1% 1' 1( 1* 1-
#13118 0% 0' 0( 1)
#13119 0" 0# 0$ 1% 0) 0-
#13120 1" 1# 1$ 1' 1( 1-
#13121 0$ 0' 0( 1)
#13122 0" 0# 1$ 0) 0-
#13123 1" 1# 1' 1( 1-
#13124 0' 0( 1)
#13125 0" 0# 0$ 0% 0& 1' 0) 0-
#13126 1" 1# 1$ 1% 1& 1( 1-
#13127 0$ 0% 0& 0( 1)
#13128 0" 0# 1$ 0) 0-
#13129 1" 1# 1% 1& 1( 1-
#13130 0% 0& 0( 1)
#13131 0" 0# 0$ 1% 0) 0- 00
#13132 1" 1# 1$ 1& 1( 1- 10
#13133 0$ 0& 0( 1)
#13134 0" 0# 1$ 0) 0* 0-
#13135 1" 1# 1& 1( 1* 1-
#13136 0& 0( 1)
#13137 0" 0# 0$ 0% 1& 0) 0* 0-
#13138 1" 1# 1$ 1% 1( 1* 1-
#13139 0$ 0% 0( 1) 0- 00
#13140 0" 0# 1$ 0) 0* 10
#13141 1" 1# 1% 1( 1* 1-
#13142 0% 0( 0-
#13143 0" 0# 0$ 1% 0*
#13144 1" 1# 1$ 1( 1* 1-
#13145 0$ 0( 0-
#13146 0" 0# 1$ 0*
#13147 1" 1# 1( 1* 1-
#13148 0( 0-
#13149 0" 0# 0$ 0% 0& 0' 0* 1-
#13150 0! 1% 1) 1*
#13151 0% 0)
#13152 1! 0*
#13153 0! 1*
#13154 1# 1% 1' 1( 1)
#13155 0# 0% 0' 0( 0) 0*
#13156 1* 00
#13157 1# 1% 1' 1( 1) 10
#13158 0# 0% 0' 0( 0) 0*
#13159 1*
#13160 1# 1% 1' 1( 1)
#13161 0# 0% 0' 0(
#13162 1! 1" 1# 1$ 1% 1& 1' 1(
#13164 0) 0+ 00
#13165 0! 0" 0# 0$ 0% 0& 0' 1+ 0- 10
#13166 1! 1" 1# 1$ 1% 1& 1' 1) 1-
#13167 0$ 0% 0& 0' 0) 0* 0-
#13168 0! 0" 0# 1$ 1*
#13169 1! 1" 1# 1% 1& 1' 1) 1-
#13170 0% 0& 0' 0) 0* 0-
#13171 0! 0" 0# 0$ 1% 1*
#13172 1! 1" 1# 1$ 1& 1' 1) 1-
#13173 0$ 0& 0' 0) 0* 0- 00
#13174 0! 0" 0# 1$ 1* 10
#13175 1! 1" 1# 1& 1' 1) 1-
#13176 0& 0' 0) 0* 0-
#13177 0! 0" 0# 0$ 0% 1& 1*
#13178 1! 1" 1# 1$ 1% 1' 1) 1-
#13179 0$ 0% 0' 0) 0* 0-
#13180 0! 0" 0# 1$ 1*
#13181 1! 1" 1# 1% 1' 1) 1- 00
#13182 0% 0' 0) 0* 0- 10
#13183 0! 0" 0# 0$ 1% 1*
#13184 1! 1" 1# 1$ 1' 1) 1-
#13185 0$ 0' 0) 0* 0-
#13186 0! 0" 0# 1$ 1*
#13187 1! 1" 1# 1' 1) 1-
#13188 0' 0) 0* 0-
#13189 0! 0" 0# 0$ 0% 0& 1' 1*
#13190 1! 1" 1# 1$ 1% 1& 1) 1-
#13191 0$ 0% 0& 0) 0* 0-
#13192 0! 0" 0# 1$ 1*
#13193 1! 1" 1# 1% 1& 1) 1-
#13194 0% 0& 0) 0* 0-
#13195 0! 0" 0# 0$ 1% 1*
#13196 1! 1" 1# 1$ 1& 1) 1-
#13197 0$ 0& 0) 0* 0-
#13198 0! 0" 0# 1$ 1* 00
#13199 1! 1" 1# 1& 1) 1- 10
#13200 0& 0) 0* 0-
#13201 0! 0" 0# 0$ 0% 1& 1*
#13202 1! 1" 1# 1$ 1% 1) 1-
#13203 0$ 0% 0) 0* 0-
#13204 0! 0" 0# 1$ 1*
#13205 1! 1" 1# 1% 1) 1-
#13206 0% 0) 0* 0- 00
#13207 0! 0" 0# 0$ 1% 1* 10
#13208 1! 1" 1# 1$ 1) 1-
#13209 0$ 0) 0* 0-
#13210 0! 0" 0# 1$ 1*
#13211 1! 1" 1# 1) 1-
#13212 0) 0* 0-
#13213 0! 0" 0# 0$ 0% 0& 0' 0( 1* 1-
#13214 1! 1% 0*
#13215 0% 1*
#13216 0! 0*
#13217 1!
#13218 1%
#13219 0! 1" 1# 1' 1( 1) 1*
#13220 1! 0" 0# 0% 0' 0( 0) 0*
#13221 1%
#13222 0! 1" 1# 1' 1( 1) 1*
#13223 1! 0" 0# 0% 0' 0( 0) 0* 00
#13224 1% 10
#13225 0% 1) 1*
#13226 1" 1# 1$ 1% 1& 1' 1( 0)
#13227 0! 0" 0# 0$ 0% 0& 0' 0( 0*
#13228 1! 1" 1# 1$ 1% 1& 1' 1( 1*
#13229 0! 0" 0# 0$ 0% 0& 0' 0( 0* 0-
#13230 1$ 1-
#13231 1" 1# 0$ 1* 0-
#13232 0" 0# 1$ 0*
#13233 0$ 1% 1-
#13234 1" 1# 1$ 0% 1* 0-
#13235 0" 0# 0$ 1% 0*
#13236 1$ 1-
#13237 1" 1# 0$ 1* 0-
#13238 0" 0# 1$ 0*
#13239 0$ 0% 1& 1-
#13240 1" 1# 1$ 1% 0& 1* 0- 00
#13241 0" 0# 0$ 0% 1& 0* 10
#13242 1$ 1-
#13243 1" 1# 0$ 1* 0-
#13244 0" 0# 1$ 0*
#13245 0$ 1% 1-
#13246 1" 1# 1$ 0% 1* 0-
#13247 0" 0# 0$ 1% 0*
#13248 1$ 1- 00
#13249 1" 1# 0$ 1* 0- 10
#13250 0" 0# 1$ 0*
#13251 0$ 0% 0& 1' 1-
#13252 1" 1# 1$ 1% 1& 0' 1* 0-
#13253 0" 0# 0$ 0% 0& 1' 0*
#13254 1$ 1-
#13255 1" 1# 0$ 1* 0-
#13256 0" 0# 1$ 0*
#13257 0$ 1% 1-
#13258 1" 1# 1$ 0% 1* 0-
#13259 0" 0# 0$ 1% 0*
#13260 1$ 1-
#13261 1" 1# 0$ 1* 0-
#13262 0" 0# 1$ 0*
#13263 0$ 0% 1& 1-
#13264 1" 1# 1$ 1% 0& 1* 0-
#13265 0" 0# 0$ 0% 1& 0* 00
#13266 1$ 1- 10
#13267 1" 1# 0$ 1* 0-
#13268 0" 0# 1$
#13269 0$ 1% 0* 1-
#13270 1" 1# 1$ 0% 1* 0-
#13271 0" 0# 0$ 1%
#13272 1$ 0* 1-
#13273 1" 1# 0$ 1* 0- 00
#13274 0" 0# 1$ 10
#13275 1! 1" 1# 1( 0+ 1-
#13276 0! 0( 1+ 0-
#13277 0$ 0& 1( 1) 1-
#13278 0# 0% 0' 0( 0) 0*
#13279 1% 1*
#13280 1# 1' 1( 1)
#13281 0" 0# 1$
#13282 1" 0$ 0% 0' 0( 0) 00
#13283 10
#13284 0" 1$ 1% 1' 1( 1)
#13285 1" 0$ 0% 0' 0( 0)
#13287 0" 1$ 1% 1' 1( 1)
#13288 1" 0$ 0% 0' 0( 0)
#13289 1)
#13290 1( 00
#13291 1# 1% 1' 10
#13292 1! 1$ 1& 0)
#13293 0" 0# 0$ 0& 0( 1)
#13294 0! 1" 1# 1(
#13295 0% 0' 0) 0* 0-
#13296 1! 0" 0# 1% 1' 0( 1) 1* 1-
#13297 0! 1" 1# 1(
#13298 1$ 0% 0' 0) 0* 0-
#13299 1! 0" 0# 0$ 1% 1' 0( 1) 1* 1-
#13300 0! 1" 1# 1(
#13301 0' 0) 0* 0-
#13302 1! 0" 0# 1' 0( 1) 1* 1-
#13303 0! 1" 1# 1(
#13304 1$ 0' 0) 0* 0-
#13305 1! 0" 0# 0$ 1' 0( 1) 1* 1-
#13306 0! 1" 1# 1(
#13307 0% 1& 0' 0) 0- 00
#13308 1! 0" 0# 1% 0& 0( 1) 1- 10
#13309 0! 1" 1# 1' 1(
#13310 1$ 0% 1& 0' 0) 0-
#13311 1! 1% 1' 1) 1-
#13312 0! 0$ 0&
#13313 1& 0' 0) 0-
#13314 1! 1$ 1) 1-
#13315 0! 0$ 0& 1' 00
#13316 1$ 1& 0' 0) 0- 10
#13317 1! 1' 1) 1-
#13318 0! 0$ 0&
#13319 0% 0) 0-
#13320 1! 1$ 1% 1& 0' 1) 1-
#13321 0! 0$ 0& 1'
#13322 1$ 0% 0) 0-
#13323 1! 1% 1& 1) 1-
#13324 0! 0$ 0&
#13325 0) 0-
#13326 1! 1$ 1& 0' 1) 1-
#13327 0! 0$ 0& 1'
#13328 1$ 0) 0-
#13329 1! 1& 1) 1-
#13330 0! 0$ 0&
#13331 0% 1& 0) 0-
#13332 1! 1$ 1% 0' 1) 1- 00
#13333 0! 0$ 0& 1' 10
#13334 1$ 0% 1& 0) 0-
#13335 1! 1% 1) 1-
#13336 0! 0$ 0&
#13337 1& 0) 0-
#13338 1! 0" 0# 0& 0' 0( 1) 1-
#13339 1" 1# 1$ 1& 1' 1(
#13340 0! 0) 0-
#13341 0# 0$ 0% 0& 0' 0( 0* 1-
#13342 0" 1$ 1% 1' 1( 1) 1*
#13343 1! 1" 0$ 0' 0( 0)
#13344 0! 0% 0*
#13345 1! 1# 1$ 1% 1& 1' 1( 1*
#13346 0# 0$ 0% 0& 0' 0(
#13347 0" 0*
#13348 1" 1# 1$ 1% 1& 1' 1( 1*
#13349 0# 0$ 0% 0& 0' 0( 00
#13350 0" 0* 10
#13351 1" 1# 1$ 1% 1& 1' 1( 1*
#13352 0# 0$ 0% 0& 0' 0(
#13353 1)
#13355 1# 1$ 1% 1& 1' 1(
#13356 0) 0+
#13357 1+ 00
#13358 0# 0$ 0% 0& 0' 0( 0- 10
#13359 0" 1# 0*
#13360 1" 1$ 1% 1& 1( 1-
#13361 0# 0% 0& 0( 1* 0-
#13362 0" 1# 0*
#13363 1" 1% 1& 1' 1( 1* 1-
#13364 0# 0$ 0& 0' 0( 0-
#13365 0" 1# 0*
#13366 1" 1$ 1& 1( 1* 1-
#13367 0# 0& 0( 0-
#13368 0" 1# 0*
#13369 1" 1& 1' 1( 1* 1-
#13370 0# 0$ 0% 0' 0( 0-
#13371 0" 1# 0*
#13372 1" 1$ 1% 1( 1-
#13373 0# 0% 0( 1* 0-
#13374 0" 1# 0* 00
#13375 1" 1% 1' 1( 1* 1- 10
#13376 0# 0$ 0' 0( 0-
#13377 0" 1# 0*
#13378 1" 1$ 1( 1* 0+ 1-
#13379 0# 0( 1+ 0-
#13380 0" 1# 0*
#13381 1" 1' 1( 1* 1-
#13382 0# 0$ 0% 0& 0( 0- 00
#13383 0" 1# 0* 10
#13384 1" 1$ 1% 1& 0' 1( 1-
#13385 0# 0% 0& 1' 0( 1* 0-
#13386 0" 1# 0*
#13387 1" 1% 1& 1( 1* 1-
#13388 0# 0$ 0& 0( 0-
#13389 0" 1# 0*
#13390 1" 1$ 1& 0' 1( 1* 0+ 1-
#13391 0# 0& 1' 0( 1+ 0- 00
#13392 0" 1# 0* 10
#13393 1" 1& 1( 1* 1-
#13394 0# 0$ 0% 0( 0-
#13395 0" 1# 0*
#13396 1" 1$ 1% 0' 1( 1-
#13397 0# 0% 1' 0( 1* 0-
#13398 0" 1# 0*
#13399 1" 1% 1( 1* 1- 00
#13400 0# 0$ 0( 0- 10
#13401 0" 1# 0*
#13402 1" 1$ 0' 1( 1* 1-
#13403 0# 1' 0( 0-
#13404 0" 1# 0*
#13405 0# 0$ 0% 0& 0' 1-
#13406 1" 1# 1$ 1% 1& 1' 1( 1*
#13407 0! 0" 0$ 0% 0& 0' 0( 0*
#13408 1! 0#
#13409 1" 1# 1$ 1% 1& 1' 1( 1*
#13410 0! 0" 0$ 0% 0& 0' 0(
#13411 0# 0*
#13412 1" 1) 1*
#13413 0" 1# 0)
#13414 0# 0*
#13415 1" 1) 1*
#13416 0" 1# 00
#13417 10
#13419 1! 1" 1$ 1% 1& 1' 1(
#13420 0) 0+
#13421 1) 1+
#13422 0# 0$ 0% 0& 0' 0) 0* 0-
#13423 0! 0" 1#
#13424 1" 1$ 1% 1) 1* 1- 00
#13425 1! 0# 0% 0) 0* 0- 10
#13426 0! 0" 1#
#13427 1! 1" 1% 1& 1' 1) 1* 1-
#13428 0# 0$ 0& 0' 0) 0* 0-
#13429 0! 0" 1#
#13430 1! 1" 1$ 1) 1* 1-
#13431 0# 0) 0* 0-
#13432 0! 0" 1#
#13433 1! 1" 1& 1' 1) 1* 1-
#13434 0# 0$ 0% 0' 0) 0* 0-
#13435 0! 0" 1#
#13436 0# 1) 1* 1-
#13437 1! 1" 1$ 0) 0* 0-
#13438 0! 0" 1#
#13439 0$ 1% 0( 1) 1* 1-
#13440 1! 1" 0# 1( 0) 0* 0-
#13441 0! 0" 1# 00
#13442 1$ 0( 1) 1* 1- 10
#13443 1! 1" 0# 1( 0) 0* 0-
#13444 0! 0" 1#
#13445 0$ 0% 0& 1' 0( 1) 1* 1-
#13446 1! 1" 0# 1( 0) 0* 0-
#13447 0! 0" 1#
#13448 1$ 0( 1) 1* 1-
#13449 1! 1" 0# 1( 0) 0* 0-
#13450 0! 0" 1#
#13451 0$ 1% 0( 1) 1* 1-
#13452 1! 1" 0# 1( 0) 0* 0-
#13453 0! 0" 1#
#13454 1$ 0( 1) 1* 1-
#13455 1! 1" 0# 1( 0) 0* 0-
#13456 0! 0" 1#
#13457 0$ 0% 1& 0( 1) 1* 1-
#13458 1! 1" 0# 1( 0) 0* 0- 00
#13459 0! 0" 1# 10
#13460 1$ 0( 1) 1* 1-
#13461 1! 1" 0# 1( 0) 0* 0-
#13462 0! 0" 1#
#13463 0$ 1% 0( 1) 1* 1-
#13464 1! 1" 0# 1( 0) 0* 0-
#13465 0! 0" 1#
#13466 0% 0' 0( 1) 1* 1- 00
#13467 1! 1" 0# 1$ 1% 1' 1( 0) 0* 0- 10
#13468 0! 0" 1#
#13469 0# 0$ 0% 0& 0' 0( 1* 1-
#13470 1! 1" 1# 1$ 1% 1& 1' 1( 1)
#13471 0! 0" 0# 0&
#13472 0$ 0% 0' 0( 0)
#13473 1" 1)
#13474 1! 0" 1# 0)
#13475 0! 1" 1% 1' 1(
#13476 0" 0# 0% 0' 0(
#13477 1! 1#
#13478 0! 1" 1% 1' 1(
#13479 0" 0# 0% 0' 0(
#13480 1! 1#
#13481 1)
#13483 1" 1$ 1% 1& 1' 1( 0) 00
#13484 1) 10
#13485 0! 0" 0$ 0% 0& 0' 0( 0) 0*
#13486 1" 0# 0-
#13487 1! 1% 1' 1) 1* 1-
#13488 0! 0" 1# 1$ 0% 0' 0) 0*
#13489 1" 0# 0-
#13490 1! 0$ 1% 1' 1) 1* 1-
#13491 0! 0" 1# 0' 0) 0* 00
#13492 1" 0# 0- 10
#13493 1! 1' 1) 1* 1-
#13494 0! 0" 1# 1$ 0' 0) 0*
#13495 1" 0# 0-
#13496 1! 0$ 1' 1) 1* 1-
#13497 0! 0" 1# 0% 1& 0' 0) 0*
#13498 1" 0# 0-
#13499 1! 1% 0& 1' 1) 1* 1-
#13500 0! 0" 1# 1$ 0% 1& 0' 0) 0* 00
#13501 1" 0# 0- 10
#13502 1! 0$ 1% 0& 1' 1) 1* 1-
#13503 0! 0" 1# 1& 0' 0) 0*
#13504 1" 0# 0-
#13505 1! 0& 1' 1) 1*
#13506 0! 0" 1# 1$ 1& 0' 0) 0* 1-
#13507 1" 0# 0-
#13508 1! 0$ 0& 1' 1* 00
#13509 0! 0" 1# 0% 0* 1- 10
#13510 1" 0# 0-
#13511 1! 1% 1*
#13512 0! 0" 1# 1$ 0% 0* 1-
#13513 1" 0# 0-
#13514 1! 0$ 1% 1*
#13515 0! 0" 1# 0* 1-
#13516 1" 0# 0-
#13517 1! 1*
#13518 0! 0" 1# 1$ 0* 1-
#13519 1" 0# 0-
#13520 1! 0$ 1) 1*
#13521 0! 0" 1# 0% 1& 0) 0* 1-
#13522 1" 0# 0-
#13523 1! 1% 0& 1) 1* 1-
#13524 0! 0" 1# 1$ 0% 1& 0) 0*
#13525 1" 0# 0- 00
#13526 1! 0$ 1% 0& 1) 1* 1- 10
#13527 0! 0" 1# 1& 0) 0*
#13528 1" 0# 0-
#13529 1! 0& 1) 1* 1-
#13530 0! 0" 1# 1$ 1& 0)
#13531 1" 0# 0* 0-
#13532 1! 0$ 0& 1) 1* 1-
#13533 0! 0" 0% 0' 0) 00
#13534 1" 0* 10
#13535 1#
#13536 0" 0# 1*
#13537 1" 0*
#13538 1# 1% 1*
#13539 0% 0*
#13540 1! 0" 0#
#13541 0! 1" 1# 1% 1*
#13542 0% 0*
#13543 1! 0" 0#
#13544 0! 1" 1# 1% 1) 1*
#13545 0% 0) 0*
#13546 1) 1*
#13547 1! 1$ 1% 1& 1' 1(
#13548 0)
#13549 0! 0$ 0& 1)
#13550 1! 0" 0# 0% 0' 0) 0- 00
#13551 1" 1# 1$ 1% 1& 1' 1- 10
#13552 0! 0$ 0& 1)
#13553 1! 0" 0# 1$ 0% 0' 0) 0-
#13554 1" 1# 1% 1& 1' 1-
#13555 0! 0$ 0& 1)
#13556 1! 0" 0# 0' 0) 0-
#13557 1" 1# 1$ 1& 1' 1-
#13558 0! 0$ 0& 1)
#13559 1! 0" 0# 1$ 0' 0) 0-
#13560 1" 1# 1& 1' 1-
#13561 0! 0$ 0& 1)
#13562 1! 0" 0# 0% 1& 0' 0) 0-
#13563 1" 1# 1$ 1% 1' 1-
#13564 0! 0$ 0& 1)
#13565 1! 0" 0# 1$ 0% 1& 0' 0) 0-
#13566 1" 1# 1% 1' 1-
#13567 0! 0$ 0% 0& 1) 00
#13568 1! 0" 0# 1% 1& 0' 0) 0- 10
#13569 1" 1# 1$ 1' 1-
#13570 0! 0$ 0& 0' 1)
#13571 1! 0" 0# 1$ 1& 0) 0-
#13572 1" 1# 1' 1-
#13573 0' 1)
#13574 0" 0# 0$ 0% 0& 1' 0) 0-
#13575 1" 1# 1$ 1% 1& 1- 00
#13576 0$ 0% 0& 1) 10
#13577 0" 0# 1$ 0) 0-
#13578 1" 1# 1% 1& 1-
#13579 0% 0& 1)
#13580 0" 0# 0$ 1% 0) 0-
#13581 1" 1# 1$ 1& 1-
#13582 0$ 0& 1)
#13583 0" 0# 1$ 0) 0-
#13584 1" 1# 1& 1-
#13585 0& 1)
#13586 0" 0# 0$ 0% 1& 0) 0-
#13587 1" 1# 1$ 1% 1-
#13588 0$ 0% 1)
#13589 0" 0# 1$ 0) 0-
#13590 1" 1# 1% 1-
#13591 0! 0% 1)
#13592 1! 0" 0# 0$ 1% 0) 0- 00
#13593 1" 1# 1$ 1- 10
#13594 0! 0$ 0& 1)
#13595 1! 0" 0# 1$ 1& 0) 0-
#13596 1" 1# 1-
#13597 0! 0$ 0& 1)
#13598 1! 0" 0# 0% 0' 0( 0) 0*
#13599 0! 1# 1% 1' 1( 1) 1*
#13600 1" 0% 00
#13601 1! 0" 0# 0' 0( 0) 0* 10
#13602 1" 1# 1% 1*
#13603 0! 0" 1' 1(
#13604 0# 0% 0' 0( 0*
#13605 1! 1" 1# 1% 1*
#13606 0! 0" 1' 1(
#13607 0# 0% 0' 0( 0*
#13608 1! 1" 1# 1% 1*
#13609 0! 0" 1' 1( 00
#13610 1! 1" 0% 0' 0( 1) 10
#13611 1$ 1% 1& 1' 1(
#13612 0)
#13614 0" 0# 0$ 0% 0& 0' 0( 0-
#13615 1" 1# 1$ 1% 1& 1' 1( 1) 1-
#13616 0$ 0% 0& 0' 0( 0) 0-
#13617 0" 0# 1$ 00
#13618 1" 1# 1% 1& 1' 1( 1) 1- 10
#13619 0% 0& 0' 0( 0) 0* 0-
#13620 0! 0" 0# 0$ 1% 1*
#13621 1! 1" 1# 1$ 1& 1' 1( 1) 1-
#13622 0$ 0& 0' 0( 0) 0* 0-
#13623 0! 0" 0# 1$ 1*
#13624 1! 1" 1# 1& 1' 1( 1) 1-
#13625 0& 0' 0( 0) 0* 0-
#13626 0! 0" 0# 0$ 0% 1& 1*
#13627 1! 1" 1# 1$ 1% 1' 1( 1) 1-
#13628 0$ 0% 0' 0( 0) 0* 0-
#13629 0! 0" 0# 1$ 1*
#13630 1! 1" 1# 1% 1' 1( 1) 1-
#13631 0% 0' 0( 0) 0-
#13632 0" 0# 0$ 1%
#13633 1" 1# 1$ 1' 1( 1) 1-
#13634 0$ 0' 0( 0) 0- 00
#13635 0" 0# 1$ 10
#13636 1" 1# 1' 1( 1-
#13637 0' 0( 0-
#13638 0" 0# 0$ 0% 0& 1'
#13639 1" 1# 1$ 1% 1& 1( 1-
#13640 0$ 0% 0& 0( 0-
#13641 0" 0# 1$
#13642 1" 1# 1% 1& 1( 1- 00
#13643 0% 0& 0( 0- 10
#13644 0" 0# 0$ 1%
#13645 1" 1# 1$ 1& 1( 1-
#13646 0$ 0& 0( 0-
#13647 0" 0# 1$
#13648 1" 1# 1& 1( 1-
#13649 0& 0( 0-
#13650 0" 0# 0$ 0% 1&
#13651 1" 1# 1$ 1% 1( 1) 1-
#13652 0$ 0% 0( 0) 0-
#13653 0" 0# 1$
#13654 1" 1# 1% 1( 1) 1-
#13655 0% 0( 0) 0* 0-
#13656 0! 0" 0# 0$ 1% 1*
#13657 1! 1" 1# 1$ 1( 1) 1-
#13658 0$ 0( 0) 0* 0-
#13659 0! 0" 0# 1$ 1* 00
#13660 1! 1" 1# 1( 1) 1- 10
#13661 0( 0) 0* 0-
#13662 0! 0" 0# 0$ 0% 0& 0' 1* 1-
#13663 1$ 1% 0*
#13664 0% 1*
#13665 0$
#13666 1$ 0*
#13667 1%
#13668 1" 1# 0$ 1' 1( 1) 1*
#13669 0" 0# 1$ 0% 0' 0( 0) 0*
#13670 1%
#13671 1" 1# 0$ 1' 1( 1) 1*
#13672 0" 0# 1$ 0% 0' 0( 0) 0*
#13673 1%
#13674 0% 1) 1*
#13675 1! 1" 1# 1% 1& 1' 1( 0)
#13676 0! 0" 0# 0$ 0% 0& 0' 0( 0* 00
#13677 1! 1" 1# 1$ 1% 1& 1' 1( 1* 10
#13678 0! 0" 0# 0$ 0% 0& 0' 0* 0-
#13679 1$ 0( 1-
#13680 1" 1# 0$ 1( 1* 0-
#13681 0" 0# 1$ 0*
#13682 0$ 1% 0( 1-
#13683 1! 1" 1# 1$ 0% 1( 1* 0-
#13684 0! 0" 0# 0$ 1% 0* 00
#13685 1$ 0( 1* 1- 10
#13686 1! 1" 1# 0$ 1( 0-
#13687 0! 0" 0# 1$ 0*
#13688 0$ 0% 1& 0( 1* 1-
#13689 1! 1" 1# 1$ 1% 0& 1( 0-
#13690 0! 0" 0# 0$ 0% 1& 0*
#13691 1$ 0( 1-
#13692 1" 1# 0$ 1( 1* 0-
#13693 0" 0# 1$ 0*
#13694 0$ 1% 0( 1-
#13695 1" 1# 1$ 0% 1( 1* 0-
#13696 0" 0# 0$ 1% 0*
#13697 1$ 0( 1-
#13698 1" 1# 0$ 1( 1* 0-
#13699 0" 0# 1$ 0*
#13700 0$ 0% 0& 1' 0( 1-
#13701 1" 1# 1$ 1% 1& 0' 1( 1* 0- 00
#13702 0" 0# 0$ 0% 0& 1' 0* 10
#13703 1$ 0( 1-
#13704 1" 1# 0$ 1( 1* 0-
#13705 0" 0# 1$ 0*
#13706 0$ 1% 0( 1-
#13707 1" 1# 1$ 0% 1( 1* 0-
#13708 0" 0# 0$ 1% 0*
#13709 1$ 0( 1- 00
#13710 1" 1# 0$ 1( 1* 0- 10
#13711 0" 0# 1$ 0*
#13712 0$ 0% 1& 0( 1-
#13713 1" 1# 1$ 1% 0& 1( 1* 0-
#13714 0" 0# 0$ 0% 1& 0*
#13715 1$ 0( 1-
#13716 1" 1# 0$ 1( 1* 0-
#13717 0" 0# 1$ 0*
#13718 0$ 1% 0( 1- 00
#13719 1" 1# 1$ 0% 1( 1* 0- 10
#13720 0" 0# 0$ 1% 0*
#13721 1$ 0( 1-
#13722 1" 1# 0$ 1( 1* 0-
#13723 0" 0# 1$ 0*
#13724 1! 1" 1# 1* 0+ 1-
#13725 0! 1+ 0-
#13726 0" 0# 0$ 0% 0& 0' 0( 1- 00
#13727 1! 1$ 0* 10
#13728 0! 0$ 1% 1' 1( 1) 1*
#13729 0% 0' 0( 0)
#13730 1$ 1% 1' 1(
#13731 1! 0% 0' 0(
#13732 0! 1" 0$ 0*
#13733 0" 1$ 1% 1' 1( 1) 1*
#13734 1! 0% 0' 0( 0)
#13735 0! 1" 0$ 0*
#13736 0" 1$ 1% 1' 1( 1) 1*
#13737 1! 0% 0' 0( 0)
#13738 1)
#13739 1" 1# 1% 1& 1' 1(
#13740 0! 0$ 0& 0)
#13741 1! 1$ 1& 0+
#13742 0" 0$ 0& 0( 1) 1+
#13743 0! 1" 1( 0) 00
#13744 0% 0' 0( 0* 0- 10
#13745 1! 0" 1% 1' 1) 1* 1-
#13746 0! 1" 1(
#13747 1$ 0% 0' 0( 0) 0* 0-
#13748 1! 0" 0$ 1% 1' 1) 1* 1-
#13749 0! 1" 1(
#13750 0' 0( 0) 0* 0-
#13751 1! 0" 1' 1) 1* 1- 00
#13752 0! 1" 1( 10
#13753 1$ 0' 0( 0) 0* 0-
#13754 1! 0" 0$ 1' 1) 1* 1-
#13755 0! 1" 1(
#13756 0% 1& 0' 0( 0) 0* 0-
#13757 1! 0" 1% 0& 1' 1) 1* 1-
#13758 0! 1" 1(
#13759 1$ 0% 1& 0' 0( 0) 0* 0-
#13760 1! 0" 0$ 1% 0& 1' 1) 1* 1-
#13761 0! 1" 1(
#13762 1& 0' 0( 0) 0* 0-
#13763 1! 0" 0& 1' 1) 1* 1-
#13764 0! 1" 1( 0)
#13765 1$ 1& 0' 0( 0* 0-
#13766 1! 0" 0$ 0& 1' 1) 1* 1-
#13767 0! 1" 1( 0)
#13768 0% 0( 0* 0- 00
#13769 1! 0" 1% 1) 1* 1- 10
#13770 0! 1" 1( 0)
#13771 1$ 0% 0( 0* 0-
#13772 1! 0" 0$ 1% 1) 1* 1-
#13773 0! 1" 1( 0)
#13774 0( 0* 0-
#13775 1! 0" 1) 1* 1-
#13776 0! 1" 1( 0)
#13777 1$ 0( 0* 0-
#13778 1! 0" 0$ 1) 1* 1-
#13779 0! 1" 1( 0)
#13780 0% 1& 0( 0* 0-
#13781 1! 0" 1% 0& 1) 1* 1-
#13782 0! 1" 1(
#13783 1$ 0% 1& 0( 0) 0* 0-
#13784 1! 0" 0$ 1% 0& 1) 1* 1-
#13785 0! 1" 1( 00
#13786 1& 0( 0) 0* 0- 10
#13787 1! 0" 0& 1) 1* 1-
#13788 1" 1$ 1& 1(
#13789 0! 0( 0) 0* 0-
#13790 0# 0$ 0% 0& 0' 1-
#13791 0" 1$ 1% 1' 1( 1) 1*
#13792 1" 0' 0( 0)
#13793 0$ 0% 0* 00
#13794 1! 1# 1$ 1% 1& 1' 1( 1* 10
#13795 0! 0# 0% 0& 0' 0(
#13796 1! 0" 0$ 0*
#13797 1" 1# 1$ 1% 1& 1' 1( 1*
#13798 0! 0# 0% 0& 0' 0(
#13799 1! 0" 0$ 0*
#13800 1" 1# 1$ 1% 1& 1' 1( 1*
#13801 0! 0# 0% 0& 0' 0(
#13802 1)
#13804 1! 1# 1% 1& 1' 1(
#13805 0) 0+
#13806 1+
#13807 0# 0$ 0% 0& 0' 0-
#13808 0" 1# 0*
#13809 1" 1$ 1% 1& 1' 1-
#13810 0# 0% 0& 0' 1* 0- 00
#13811 0" 1# 0* 10
#13812 1" 1% 1& 1' 1* 1-
#13813 0# 0$ 0& 0' 0-
#13814 0" 1# 0*
#13815 1" 1$ 1& 1' 1* 0+ 1-
#13816 0# 0& 0' 1+ 0-
#13817 0" 1# 0*
#13818 1" 1& 1' 1* 1- 00
#13819 0# 0$ 0% 0' 0- 10
#13820 0" 1# 0*
#13821 1" 1$ 1% 1' 1-
#13822 0# 0% 0' 1* 0-
#13823 0" 1# 0*
#13824 1" 1% 1' 1* 1-
#13825 0# 0$ 0' 0-
#13826 0" 1# 0*
#13827 1" 1$ 1' 1* 0+ 1- 00
#13828 0# 0' 1+ 0- 10
#13829 0" 1# 0*
#13830 1" 1' 1* 1-
#13831 0# 0$ 0% 0& 0-
#13832 0" 1# 0*
#13833 1" 1$ 1% 1& 1-
#13834 0# 0% 0& 1* 0-
#13835 0" 1# 0* 00
#13836 1" 1% 1& 1* 1- 10
#13837 0# 0$ 0& 0-
#13838 0" 1# 0*
#13839 1" 1$ 1& 1* 0+ 1-
#13840 0# 0& 1+ 0-
#13841 0" 1# 0*
#13842 1" 1& 1* 1-
#13843 0# 0$ 0% 0-
#13844 0" 1# 0*
#13845 1" 1$ 1% 1-
#13846 0# 0% 1* 0-
#13847 0" 1# 0*
#13848 1" 1% 1* 1-
#13849 0# 0$ 0-
#13850 0" 1# 0*
#13851 1" 1$ 1* 0+ 1-
#13852 0# 1+ 0- 00
#13853 0" 1# 0* 10
#13854 0# 0$ 0% 0& 0' 0( 1* 1-
#13855 1" 1# 1$ 1% 1& 1' 1(
#13856 0# 0% 0& 0' 0( 0*
#13857 0" 0$ 1*
#13858 1" 1# 1$ 1% 1& 1' 1(
#13859 0! 0" 0# 0& 1)
#13860 0$ 0% 0' 0( 0) 00
#13861 1! 1" 1# 1$ 1% 1& 1' 1( 1) 10
#13862 0! 0" 0# 0&
#13863 0$ 0% 0' 0( 0)
#13864 1! 1" 1# 1$ 1% 1& 1' 1( 1)
#13865 0! 0" 0# 0% 0& 0'
#13866 1! 1" 0(
#13868 1# 1% 1& 1' 1(
#13869 0)
#13870 1)
#13871 0# 0$ 0% 0& 0' 0( 0) 0* 0-
#13872 0! 0" 1# 1*
#13873 1" 1% 1' 1( 1) 1-
#13874 1! 0# 1$ 0% 0' 0( 0) 0* 0-
#13875 0! 0" 1# 1*
#13876 1! 1" 1% 1& 1' 1( 1) 1-
#13877 0# 0$ 0& 0' 0( 0) 0* 0- 00
#13878 0! 0" 1# 1* 10
#13879 1! 1" 1' 1( 1) 1-
#13880 0# 1$ 0' 0( 0) 0* 0-
#13881 0! 0" 1# 1*
#13882 1! 1" 1& 1' 1( 1) 1-
#13883 0# 0$ 0% 0' 0( 0) 0* 0-
#13884 0! 0" 1# 1*
#13885 0# 1$ 1% 0& 1' 1( 1) 1-
#13886 1! 1" 0% 1& 0' 0( 0) 0* 0-
#13887 0! 0" 1# 1*
#13888 1! 1" 1% 1' 1( 1) 1-
#13889 0# 0$ 0' 0( 0) 0* 0-
#13890 0! 0" 1# 1*
#13891 1! 0# 1$ 0& 1' 1( 1) 1-
#13892 1" 1& 0' 0( 0) 0* 0-
#13893 0! 0" 1# 1*
#13894 1! 1" 1' 1( 1) 1- 00
#13895 0# 0$ 0% 0& 0( 0) 0* 0- 10
#13896 0! 0" 1# 1*
#13897 1" 0# 1$ 1% 1( 1) 1-
#13898 1! 0% 0( 0) 0* 0-
#13899 0! 0" 1# 1*
#13900 1! 1" 1% 1& 1( 1) 1-
#13901 0# 0$ 0& 0( 0) 0* 0-
#13902 0! 0" 1# 1* 00
#13903 1! 1" 0# 1$ 1( 1) 1- 10
#13904 0( 0) 0* 0-
#13905 0! 0" 1# 1*
#13906 1! 1" 1& 1( 1) 1-
#13907 0# 0$ 0% 0( 0) 0* 0-
#13908 0! 0" 1# 1*
#13909 1$ 1% 0& 1( 1) 1-
#13910 1! 1" 0# 0% 1& 0( 0) 0* 0-
#13911 0! 0" 1# 1*
#13912 1! 1" 1% 1( 1) 1-
#13913 0# 0$ 0( 0) 0* 0-
#13914 0! 0" 1# 1*
#13915 1! 1$ 0& 1( 1) 1-
#13916 1" 0# 1& 0( 0) 0* 0-
#13917 0! 0" 1#
#13918 0# 0$ 0% 0& 0' 1* 1-
#13919 1! 1" 1# 1$ 1% 1& 1' 1( 1) 00
#13920 0! 0" 0# 0& 10
#13921 0$ 0% 0' 0( 0)
#13922 1" 1)
#13923 0" 1# 1$ 0) 0*
#13924 1" 0$ 1% 1' 1( 1*
#13925 0# 0% 0' 0(
#13926 0" 1# 1$
#13927 1" 0$ 1% 1' 1( 00
#13928 0# 0% 0' 0( 10
#13929 0" 1# 1$
#13930 1)
#13932 1! 1" 1% 1& 1' 1( 0)
#13934 0! 0" 0$ 0% 0& 0' 0( 0*
#13935 1" 0# 1( 0-
#13936 0" 1# 0( 1* 00
#13937 1$ 0* 1- 10
#13938 1" 0# 1( 1* 0-
#13939 0" 1# 0$
#13940 1% 0( 0* 1-
#13941 1" 0# 1( 1* 0-
#13942 0" 1#
#13943 1$ 0( 0* 1-
#13944 1" 0# 1( 1* 0- 00
#13945 0" 1# 10
#13946 0$ 0% 1& 0( 0* 1-
#13947 1" 0# 1( 1* 0-
#13948 0" 1#
#13949 1$ 0( 0* 1-
#13950 1" 0# 1( 1* 0-
#13951 0" 1# 0$ 0&
#13952 1% 1& 0( 0* 1-
#13953 1" 0# 1( 0-
#13954 0" 1# 0& 0( 1*
#13955 1$ 1& 0* 1-
#13956 1" 0# 1( 0-
#13957 1# 0$ 0& 1' 0( 1*
#13958 0" 0% 0* 1-
#13959 1" 0# 1( 0-
#13960 1# 1% 0( 1*
#13961 0" 1$ 0% 0* 1- 00
#13962 1" 0# 1( 0- 10
#13963 1# 0$ 1% 0( 1*
#13964 0" 0* 1-
#13965 1" 0# 1( 0-
#13966 1# 0( 1*
#13967 0" 1$ 0* 1-
#13968 1" 0# 1( 0-
#13969 1# 0$ 0( 1* 00
#13970 0" 0% 1& 0* 1- 10
#13971 1" 0# 1( 0-
#13972 1# 1% 0& 0( 1*
#13973 0" 1$ 0% 1& 0* 1-
#13974 1" 0# 1( 0-
#13975 1# 0$ 1% 0& 0( 1*
#13976 0" 1& 0* 1-
#13977 1" 0# 1( 0-
#13978 1# 0& 0( 1*
#13979 0" 1$ 1& 0* 1-
#13980 1" 0# 1( 0-
#13981 1# 0$ 0& 0( 1*
#13982 0" 0# 0% 0' 0* 1-
#13983 1"
#13984 1! 0" 1# 1$
#13985 0! 0# 0$
#13986 1" 00
#13987 0" 1# 1% 1' 1( 1) 1* 10
#13988 1! 1$ 0% 0' 0(
#13989 0# 0$ 0) 0*
#13990 0! 1# 1% 1' 1( 1) 1*
#13991 1! 1$ 0% 0' 0(
#13992 0# 0$ 0) 0*
#13993 0! 1# 1% 1' 1( 1) 1*
#13994 1! 1$ 0% 0' 0(
#13996 1" 1% 1& 1' 1( 0)
#13998 0! 0$ 0& 1)
#13999 1! 0" 0# 0% 0' 0( 0) 0-
#14000 1" 1# 1$ 1% 1& 1' 1( 1-
#14001 0! 0$ 0& 1)
#14002 1! 0" 0# 1$ 0% 0' 0( 0) 0-
#14003 1" 1# 1% 1& 1' 1( 1- 00
#14004 0! 0$ 0& 1) 10
#14005 1! 0" 0# 0' 0( 0) 0-
#14006 1" 1# 1$ 1& 1' 1( 1-
#14007 0! 0$ 0& 1)
#14008 1! 0" 0# 1$ 0' 0( 0) 0-
#14009 1" 1# 1& 1' 1( 1-
#14010 0! 0$ 0& 1)
#14011 1! 0" 0# 0% 1& 0' 0( 0) 0- 00
#14012 1" 1# 1$ 1% 1' 1( 1- 10
#14013 0! 0$ 0& 1)
#14014 1! 0" 0# 1$ 0% 1& 0' 0( 0) 0-
#14015 1" 1# 1% 1' 1( 1-
#14016 0! 0$ 0& 1)
#14017 1! 0" 0# 1& 0' 0( 0) 0-
#14018 1" 1# 1$ 1' 1( 1-
#14019 0! 0$ 0& 1)
#14020 1! 0" 0# 1$ 1& 0' 0( 0) 0-
#14021 1" 1# 1' 1( 1-
#14022 0! 0$ 0& 1)
#14023 1! 0" 0# 0% 0( 0) 0-
#14024 1" 1# 1$ 1% 1& 1( 1-
#14025 0! 0$ 0& 1)
#14026 1! 0" 0# 1$ 0% 0( 0) 0-
#14027 1" 1# 1% 1& 1( 1-
#14028 0! 0$ 0& 1) 00
#14029 1! 0" 0# 0( 0) 0- 10
#14030 1" 1# 1$ 1& 1( 1-
#14031 0! 0$ 0& 1)
#14032 1! 0" 0# 1$ 0( 0) 0-
#14033 1" 1# 1& 1( 1-
#14034 0! 0$ 0& 1)
#14035 1! 0" 0# 0% 1& 0( 0) 0-
#14036 1" 1# 1$ 1% 1( 1- 00
#14037 0! 0$ 0& 1) 10
#14038 1! 0" 0# 1$ 0% 1& 0( 0) 0-
#14039 1" 1# 1% 1( 1-
#14040 0! 0$ 0& 1)
#14041 1! 0" 0# 1& 0( 0) 0-
#14042 1" 1# 1$ 1( 1-
#14043 0! 0$ 0& 1)
#14044 1! 0" 0# 1$ 1& 0( 0) 0-
#14045 1" 1# 1( 1- 00
#14046 0! 0$ 0& 1) 10
#14047 1! 0" 0# 0% 0' 0( 0) 0*
#14048 0! 1# 1% 1' 1( 1) 1*
#14049 1"
#14050 1! 0" 0# 0% 0' 0( 0) 0*
#14051 0! 1" 1# 1$ 1%
#14052 0" 0$ 1' 1*
#14053 0# 0% 0' 0* 00
#14054 1" 1# 1$ 1% 10
#14055 0" 0$ 1' 1( 1*
#14056 0# 0% 0' 0( 0*
#14057 1" 1# 1$ 1%
#14058 0" 0$ 1' 1( 1*
#14059 1" 1$ 0% 0' 0( 1)
#14060 1! 1% 1& 1' 1(
#14061 0)
#14063 0" 0# 0$ 0% 0& 0' 0* 0-
#14064 1" 1# 1$ 1% 1& 1' 1* 1-
#14065 0$ 0% 0& 0' 0-
#14066 0" 0# 1$ 0*
#14067 1" 1# 1% 1& 1' 1* 1-
#14068 0% 0& 0' 0-
#14069 0" 0# 0$ 1% 0*
#14070 1" 1# 1$ 1& 1' 1* 1- 00
#14071 0$ 0& 0' 0- 10
#14072 0" 0# 1$ 0*
#14073 1" 1# 1& 1' 1* 1-
#14074 0& 0' 0-
#14075 0" 0# 0$ 0% 1& 0*
#14076 1" 1# 1$ 1% 1' 1* 1-
#14077 0$ 0% 0' 0-
#14078 0" 0# 1$ 0* 00
#14079 1" 1# 1% 1' 1* 1- 10
#14080 0% 0' 0-
#14081 0" 0# 0$ 1% 0*
#14082 1" 1# 1$ 1' 1* 1-
#14083 0$ 0' 0-
#14084 0" 0# 1$ 0*
#14085 1" 1# 1' 1* 1-
#14086 0' 0-
#14087 0" 0# 0$ 0% 0& 1' 0*
#14088 1" 1# 1$ 1% 1& 1* 1-
#14089 0$ 0% 0& 0-
#14090 0" 0# 1$
#14091 1" 1# 1% 1& 1-
#14092 0% 0& 0-
#14093 0" 0# 0$ 1%
#14094 1" 1# 1$ 1& 1-
#14095 0$ 0& 0- 00
#14096 0" 0# 1$ 10
#14097 1" 1# 1& 1-
#14098 0& 0-
#14099 0" 0# 0$ 0% 1&
#14100 1" 1# 1$ 1% 1-
#14101 0$ 0% 0-
#14102 0" 0# 1$
#14103 1" 1# 1% 1-
#14104 0% 0-
#14105 0" 0# 0$ 1%
#14106 1" 1# 1$ 1-
#14107 0$ 0-
#14108 0" 0# 1$
#14109 1" 1# 1-
#14110 0-
#14111 0! 0" 0# 0$ 0% 0& 0' 0( 1-
#14112 1! 1" 1# 1$ 1% 0* 00
#14113 0% 10
#14114 0! 0" 0# 0$ 1*
#14115 1! 1" 1# 1$ 0*
#14116 1% 1) 1*
#14117 0! 0$ 1' 1( 0)
#14118 1! 1$ 0% 0' 0( 0*
#14119 1% 1) 1*
#14120 0! 0$ 1' 1( 0) 00
#14121 1! 1$ 0% 0' 0( 0* 10
#14122 1% 1) 1*
#14123 0%
#14124 1% 1& 1' 1( 0)
#14125 0! 0" 0# 0$ 0% 0& 0' 0( 1)
#14126 1! 1" 1# 1$ 1% 1& 1' 1( 0)
#14127 0! 0" 0# 0$ 0% 0& 0' 0( 0* 0-
#14128 1$ 1* 1-
#14129 1! 1" 1# 0$ 0-
#14130 0! 0" 0# 1$ 0*
#14131 0$ 1% 1* 1-
#14132 1! 1" 1# 1$ 0% 0-
#14133 0! 0" 0# 0$ 1% 0*
#14134 1$ 1* 1-
#14135 1! 1" 1# 0$ 0-
#14136 0! 0" 0# 1$ 0*
#14137 0$ 0% 1& 1* 1- 00
#14138 1! 1" 1# 1$ 1% 0& 0- 10
#14139 0! 0" 0# 0$ 0% 1& 0*
#14140 1$ 1* 1-
#14141 1! 1" 1# 0$ 0-
#14142 0! 0" 0# 1$ 0*
#14143 0$ 1% 1* 1-
#14144 1! 1" 1# 1$ 0% 0-
#14145 0! 0" 0# 0$ 1% 0* 00
#14146 1$ 1* 1- 10
#14147 1! 1" 1# 0$ 0-
#14148 0! 0" 0# 1$ 0*
#14149 0$ 0% 0& 1' 1* 1-
#14150 1! 1" 1# 1$ 1% 1& 0' 0-
#14151 0! 0" 0# 0$ 0% 0& 1' 0*
#14152 1$ 1* 1-
#14153 1! 1" 1# 0$ 0-
#14154 0! 0" 0# 1$ 0* 00
#14155 0$ 1% 1* 1- 10
#14156 1! 1" 1# 1$ 0% 0-
#14157 0! 0" 0# 0$ 1% 0*
#14158 1$ 1* 1-
#14159 1! 1" 1# 0$ 0-
#14160 0! 0" 0# 1$ 0*
#14161 0$ 0% 1& 1* 1-
#14162 1! 1" 1# 1$ 1% 0& 0- 00
#14163 0! 0" 0# 0$ 0% 1& 0* 10
#14164 1$ 1* 1-
#14165 1! 1" 1# 0$ 0-
#14166 0! 0" 0# 1$ 0*
#14167 0$ 1% 1* 1-
#14168 1! 1" 1# 1$ 0% 0-
#14169 0! 0" 0# 0$ 1% 0*
#14170 1$ 1* 1-
#14171 1! 1" 1# 0$ 0-
#14172 0! 0" 0# 1$ 0*
#14173 1! 1" 1# 1( 1* 1-
#14174 0( 0-
#14175 0! 0" 0# 0$ 0% 0& 0' 1-
#14177 1# 1% 1' 1( 1)
#14178 0# 0% 0' 0( 0)
#14179 1$ 1% 1' 1( 00
#14180 0$ 0% 0' 0( 10
#14181 1" 0*
#14182 0" 1$ 1% 1' 1( 1) 1*
#14183 0$ 0% 0' 0( 0)
#14184 1" 0*
#14185 0" 1$ 1% 1' 1( 1) 1*
#14186 0$ 0% 0' 0( 0)
#14187 1) 00
#14188 1! 1" 1# 1$ 1% 1& 1' 1( 10
#14189 0! 0$ 0& 0( 0)
#14190 1! 1$ 1& 1( 0+
#14191 0! 0" 0# 0& 0( 1) 1+
#14192 0$ 0% 0' 0)
#14193 1" 1# 1( 0* 0-
#14194 0" 0# 1$ 1% 1' 0( 1) 1* 1-
#14195 0$ 0' 0)
#14196 1" 1# 1$ 0% 1( 0* 0-
#14197 0" 0# 1% 1' 0( 1) 1* 1-
#14198 0' 0)
#14199 1" 1# 0$ 1( 0* 0-
#14200 0" 0# 1$ 1' 0( 1) 1* 1-
#14201 0$ 0% 1& 0' 0)
#14202 1" 1# 1$ 1% 0& 1( 0* 0-
#14203 0" 0# 1' 0( 1) 1* 1-
#14204 0% 1& 0' 0) 00
#14205 1" 1# 0$ 1( 0* 0- 10
#14206 0" 0# 1$ 1% 0& 1' 0( 1) 1* 1-
#14207 0$ 1& 0' 0)
#14208 1" 1# 1$ 0% 1( 0* 0-
#14209 0" 0# 1% 0& 1' 0( 1) 1* 1-
#14210 1& 0' 0)
#14211 1" 1# 0$ 1( 0* 0-
#14212 0" 0# 1$ 0& 1' 0( 1) 1* 1-
#14213 0$ 0% 0)
#14214 1" 1# 1$ 1% 1& 0' 1( 0* 0-
#14215 0" 0# 0& 1' 0( 1) 1* 1-
#14216 0$ 0% 0)
#14217 1" 1# 1( 0* 0-
#14218 0" 0# 1$ 1% 0( 1) 1* 1-
#14219 1" 1# 0$ 1( 0)
#14220 1$ 0% 0* 0-
#14221 0" 0# 1% 0( 1) 1* 1- 00
#14222 1" 1# 0$ 1( 0) 10
#14223 0* 0-
#14224 0" 0# 1$ 0( 1) 1* 1-
#14225 1" 1# 0$ 1( 0)
#14226 1$ 0* 0-
#14227 0" 0# 0( 1) 1* 1-
#14228 1" 1# 0$ 1( 0)
#14229 0% 1& 0* 0- 00
#14230 0" 0# 1$ 1% 0& 0( 1) 1* 1- 10
#14231 1" 1# 0$ 1( 0)
#14232 1$ 0% 1& 0* 0-
#14233 0" 0# 1% 0& 0( 1) 1* 1-
#14234 1" 1# 0$ 1( 0)
#14235 1& 0* 0-
#14236 0" 0# 1$ 0& 0( 1) 1* 1-
#14237 1! 1" 1# 1& 1( 0)
#14238 0! 0* 0-
#14239 0# 0$ 0% 0& 0' 0( 1) 1-
#14240 0" 1$ 1% 1' 0) 1*
#14241 1! 0$ 0' 0*
#14242 0! 1" 0% 1)
#14243 1! 1# 1$ 1% 1& 1' 1( 0) 1*
#14244 0" 0# 0$ 0% 0& 0' 0( 0*
#14246 1" 1# 1$ 1% 1& 1' 1( 1* 00
#14247 0" 0# 0$ 0% 0& 0' 0( 0* 10
#14249 1" 1# 1$ 1% 1& 1' 1( 1*
#14250 0" 0# 0$ 0% 0& 0' 0( 0*
#14251 1) 1*
#14253 1" 1# 1$ 1% 1& 1' 1(
#14254 0) 0+ 00
#14255 1+ 10
#14256 0# 0$ 0% 0& 0' 0( 1) 0-
#14257 0" 1# 0) 0*
#14258 1" 1$ 1% 1& 1-
#14259 0# 0% 0& 1* 0-
#14260 0" 1# 0*
#14261 1" 1% 1& 1' 1( 1* 1-
#14262 0# 0$ 0& 0' 0( 0-
#14263 0" 1# 0* 00
#14264 1" 1$ 1& 1* 0+ 1- 10
#14265 0# 0& 1+ 0-
#14266 0" 1# 0*
#14267 1" 1& 1' 1( 1* 1-
#14268 0# 0$ 0% 0' 0( 0-
#14269 0" 1# 0*
#14270 1" 1$ 1% 1-
#14271 0# 0% 1* 0- 00
#14272 0" 1# 0* 10
#14273 1" 1% 1' 1( 1* 1-
#14274 0# 0$ 0' 0( 0-
#14275 0" 1# 0*
#14276 1" 1$ 1* 0+ 1-
#14277 0# 1+ 0-
#14278 0" 1# 0*
#14279 1" 1' 1( 1* 1-
#14280 0# 0$ 0% 0& 0( 0-
#14281 0" 1# 0*
#14282 1" 1$ 1% 1& 0' 1-
#14283 0# 0% 0& 1' 1* 0-
#14284 0" 1# 0*
#14285 1" 1% 1& 1( 1* 1-
#14286 0# 0$ 0& 0( 0-
#14287 0" 1# 0*
#14288 1" 1$ 1& 0' 1* 0+ 1- 00
#14289 0# 0& 1' 1+ 0- 10
#14290 0" 1# 0*
#14291 1" 1& 1( 1* 1-
#14292 0# 0$ 0% 0( 0-
#14293 0" 1# 0*
#14294 1" 1$ 1% 0' 1-
#14295 0# 0% 1' 1* 0-
#14296 0" 1# 0* 00
#14297 1" 1% 1( 1* 1- 10
#14298 0# 0$ 0( 0-
#14299 0" 1# 0*
#14300 1" 1$ 0' 1* 0+ 1-
#14301 0# 1' 1+ 0-
#14302 0" 1# 0*
#14303 0# 0$ 0% 0& 0' 1* 1-
#14304 1" 1# 1$ 1% 1& 1' 1(
#14305 0! 0# 0$ 0% 0& 0' 0( 0*
#14306 1! 0" 1*
#14307 1" 1# 1$ 1% 1& 1' 1(
#14308 0! 0" 0# 0& 1)
#14309 0$ 0% 0' 0( 0)
#14310 1! 1" 1# 1$ 1% 1& 1' 1( 1)
#14311 0! 0" 0# 0&
#14312 0$ 0% 0' 0( 0)
#14313 1! 1" 1# 1$ 1% 1& 1' 1( 1) 00
#14314 0! 0" 0# 0& 10
#14315 1" 0$ 0% 0' 0(
#14317 1! 1# 1$ 1% 1& 1' 1(
#14318 0)
#14319 1)
#14320 0# 0$ 0% 0& 0' 0) 0* 0-
#14321 0! 0" 1# 1*
#14322 1" 1$ 0( 1) 1-
#14323 1! 0# 1( 0) 0* 0-
#14324 0! 0" 1# 1*
#14325 1! 1" 1% 1& 1' 1) 1-
#14326 0# 0$ 0& 0' 0) 0* 0-
#14327 0! 0" 1# 1*
#14328 1! 1" 1$ 0% 0( 1) 1-
#14329 0# 1% 1( 0) 0* 0-
#14330 0! 0" 1# 1* 00
#14331 1! 1" 1& 1' 1) 1- 10
#14332 0# 0$ 0% 0' 0) 0* 0-
#14333 0! 0" 1# 1*
#14334 0# 1% 0& 0( 1) 1-
#14335 1! 1" 1$ 0% 1& 1( 0) 0* 0-
#14336 0! 0" 1# 1*
#14337 1! 1" 1% 1' 1) 1-
#14338 0# 0$ 0' 0) 0* 0- 00
#14339 0! 0" 1# 1* 10
#14340 1! 0# 0& 0( 1) 1-
#14341 1" 1$ 1& 1( 0) 0* 0-
#14342 0! 0" 1# 1*
#14343 1! 1" 1' 1) 1-
#14344 0# 0$ 0% 0& 0) 0* 0-
#14345 0! 0" 1# 1*
#14346 1" 0# 1% 0' 0( 1) 1-
#14347 1! 1$ 0% 1' 1( 0) 0* 0-
#14348 0! 0" 1# 1*
#14349 1! 1" 1% 1& 1) 1-
#14350 0# 0$ 0& 0) 0* 0-
#14351 0! 0" 1# 1*
#14352 1! 1" 0# 0' 0( 1) 1-
#14353 1$ 1' 1( 0) 0* 0-
#14354 0! 0" 1# 1*
#14355 1! 1" 1& 1) 1- 00
#14356 0# 0$ 0% 0) 0* 0- 10
#14357 0! 0" 1# 1*
#14358 1% 0& 0' 0( 1) 1-
#14359 1! 1" 0# 1$ 0% 1& 1' 1( 0) 0* 0-
#14360 0! 0" 1# 1*
#14361 1! 1" 1% 1) 1-
#14362 0# 0$ 0) 0* 0-
#14363 0! 0" 1# 1* 00
#14364 1! 0& 0' 0( 1) 1- 10
#14365 1" 0# 1$ 1& 1' 1( 0) 0* 0-
#14366 0! 0" 1# 1*
#14367 1! 0# 0$ 0% 0& 0' 0( 0* 1-
#14368 1" 1# 1$ 1% 1& 1' 1( 1*
#14369 0! 0" 0# 0& 1)
#14370 1! 0$ 0% 0' 0( 0) 0*
#14371 1" 1# 1$ 1% 1& 1' 1( 1) 1*
#14372 0# 0$ 0% 0& 0' 0( 0) 0* 00
#14373 0! 0" 10
#14374 1"
#14375 1!
#14376 0! 0"
#14377 1"
#14378 1!
#14379 1) 1*
#14380 00
#14381 1# 1$ 1% 1& 1' 1( 10
#14382 0) 0+
#14383 0! 0" 0$ 0% 0& 0' 0( 0* 1+
#14384 1" 0# 1* 0-
#14385 0" 1# 0*
#14386 1$ 1-
#14387 1" 0# 1* 0-
#14388 0" 1#
#14389 0$ 1% 0* 1-
#14390 1" 0# 1* 0-
#14391 0" 1#
#14392 1$ 0* 1-
#14393 1" 0# 1* 0-
#14394 0" 1#
#14395 0$ 0% 1& 0* 1-
#14396 1" 0# 1* 0-
#14397 0" 1# 00
#14398 1$ 0* 1- 10
#14399 1" 0# 1* 0-
#14400 0" 1#
#14401 0$ 1% 0* 1-
#14402 1" 0# 1* 0-
#14403 0" 1#
#14404 1$ 0* 1-
#14405 1" 0# 1* 0- 00
#14406 0" 1# 10
#14407 0$ 0% 0& 1' 0* 1-
#14408 1" 0# 1* 0-
#14409 0" 1#
#14410 1$ 0* 1-
#14411 1" 0# 1* 0-
#14412 0" 1#
#14413 0$ 1% 0* 1-
#14414 1" 0# 1* 0-
#14415 0" 1#
#14416 1$ 0* 1-
#14417 1" 0# 1* 0-
#14418 0" 1#
#14419 0$ 0% 1& 0* 1-
#14420 1" 0# 1* 0-
#14421 0" 1#
#14422 1$ 0* 1- 00
#14423 1" 0# 1* 0- 10
#14424 0" 1#
#14425 0$ 1% 0* 1-
#14426 1" 0# 1* 0-
#14427 0" 1#
#14428 1$ 0* 1-
#14429 1" 0# 1* 0-
#14430 0" 1#
#14431 0# 0$ 0% 0& 0' 0* 1-
#14432 1"
#14433 0" 1#
#14434 0#
#14435 1"
#14436 0" 1# 1% 1' 1( 1) 1*
#14437 0% 0' 0(
#14438 1! 0# 0) 0*
#14439 0! 1# 1% 1' 1( 1) 1* 00
#14440 0% 0' 0( 10
#14441 1! 0# 0) 0*
#14442 0! 1# 1% 1' 1( 1) 1*
#14443 0% 0' 0(
#14445 1! 1" 1$ 1% 1& 1' 1( 0)
#14446 1)
#14447 0! 0$ 0& 00
#14448 0" 0# 0% 0' 0) 0- 10
#14449 1! 1" 1# 1$ 1% 1& 1' 1) 1-
#14450 0! 0$ 0&
#14451 0" 0# 1$ 0% 0' 0) 0-
#14452 1! 1" 1# 1% 1& 1' 1) 1-
#14453 0! 0$ 0&
#14454 0# 0' 0) 0-
#14455 1! 1# 1$ 1& 1' 1) 1-
#14456 0! 0$ 0&
#14457 0# 1$ 0' 0) 0-
#14458 1! 1# 1& 1' 1) 1-
#14459 0! 0$ 0&
#14460 0# 0% 1& 0' 0) 0-
#14461 1! 1# 1$ 1% 1' 1) 1-
#14462 0! 0$ 0&
#14463 0# 1$ 0% 1& 0' 0) 0-
#14464 1! 1# 1% 1' 1) 1- 00
#14465 0! 0$ 0& 10
#14466 0# 1& 0' 0) 0-
#14467 1! 1# 1$ 1' 1) 1-
#14468 0! 0$ 0&
#14469 0# 1$ 1& 0' 0) 0-
#14470 1! 1# 1' 1) 1-
#14471 0! 0$ 0&
#14472 0# 0% 0) 0- 00
#14473 1! 1# 1$ 1% 1& 1) 1- 10
#14474 0! 0$ 0&
#14475 0" 0# 1$ 0% 0) 0-
#14476 1! 1" 1# 1% 1& 1) 1-
#14477 0! 0$ 0&
#14478 0" 0# 0) 0-
#14479 1! 1" 1# 1$ 1& 1) 1-
#14480 0! 0$ 0&
#14481 1! 0" 0# 1$ 0) 0- 00
#14482 1" 1# 1& 1) 1- 10
#14483 0! 0$ 0&
#14484 1! 0" 0# 0% 1& 0) 0-
#14485 1" 1# 1$ 1% 1-
#14486 0! 0$ 0& 1)
#14487 1! 0" 0# 1$ 0% 1& 0) 0-
#14488 1" 1# 1% 1-
#14489 0! 0$ 0& 1) 00
#14490 1! 0" 0# 1& 0) 0- 10
#14491 1" 1# 1$ 1) 1-
#14492 0! 0$ 0&
#14493 1! 0" 0# 1$ 1& 0) 0-
#14494 1" 1# 1) 1-
#14495 0! 0$ 0&
#14496 1! 0" 0# 0% 0' 0( 0)
#14497 0! 1# 1% 1' 1( 1)
#14498 1"
#14499 1! 0" 0# 0% 0' 0( 0)
#14500 1# 1% 0*
#14501 0%
#14502 0! 0# 1*
#14503 1! 1# 1% 0*
#14504 0%
#14505 0! 0# 1*
#14506 1! 1# 1% 0* 00
#14507 0% 10
#14508 1) 1*
#14509 1" 1$ 1% 1& 1' 1(
#14510 0)
#14512 0" 0# 0$ 0% 0& 0' 0( 0* 0-
#14513 1" 1# 1$ 1% 1& 1' 1( 1* 1-
#14514 0$ 0% 0& 0' 0( 0- 00
#14515 0" 0# 1$ 0* 10
#14516 1" 1# 1% 1& 1' 1( 1* 1-
#14517 0% 0& 0' 0( 0-
#14518 0" 0# 0$ 1% 0*
#14519 1" 1# 1$ 1& 1' 1( 1* 1-
#14520 0$ 0& 0' 0( 0-
#14521 0" 0# 1$ 0*
#14522 1" 1# 1& 1' 1( 1* 1-
#14523 0& 0' 0( 0-
#14524 0" 0# 0$ 0% 1& 0*
#14525 1" 1# 1$ 1% 1' 1( 1* 1-
#14526 0$ 0% 0' 0( 0-
#14527 0" 0# 1$ 0*
#14528 1" 1# 1% 1' 1( 1* 1-
#14529 0% 0' 0( 0-
#14530 0" 0# 0$ 1% 0*
#14531 1" 1# 1$ 1' 1( 1* 1- 00
#14532 0$ 0' 0( 0- 10
#14533 0" 0# 1$ 0*
#14534 1" 1# 1' 1( 1* 1-
#14535 0' 0( 0-
#14536 0" 0# 0$ 0% 0& 1' 0*
#14537 1" 1# 1$ 1% 1& 1( 1* 1-
#14538 0$ 0% 0& 0( 0-
#14539 0" 0# 1$ 0*
#14540 1" 1# 1% 1& 1( 1* 1-
#14541 0% 0& 0( 0-
#14542 0" 0# 0$ 1% 0*
#14543 1" 1# 1$ 1& 1( 1* 1-
#14544 0$ 0& 0( 0-
#14545 0" 0# 1$ 0*
#14546 1" 1# 1& 1( 1* 1-
#14547 0& 0( 0-
#14548 0" 0# 0$ 0% 1& 0* 00
#14549 1" 1# 1$ 1% 1( 1* 1- 10
#14550 0$ 0% 0( 0-
#14551 0" 0# 1$ 0*
#14552 1" 1# 1% 1( 1* 1-
#14553 0% 0( 0-
#14554 0" 0# 0$ 1% 0*
#14555 1" 1# 1$ 1( 1* 1-
#14556 0$ 0( 0- 00
#14557 0" 0# 1$ 0* 10
#14558 1" 1# 1( 1* 1-
#14559 0( 0-
#14560 0! 0" 0# 0$ 0% 0& 0' 1-
#14561 1" 1# 1% 0*
#14562 0%
#14563 0" 0# 1*
#14564 1" 1# 0*
#14565 1% 1) 1*
#14566 1' 1( 0)
#14567 0% 0' 0( 0*
#14568 1% 1) 1*
#14569 1' 1( 0)
#14570 0% 0' 0( 0*
#14571 1% 1) 1*
#14572 0%
#14573 1! 1$ 1% 1& 1' 1( 0) 00
#14574 0! 0" 0# 0$ 0% 0& 0' 0( 1) 10
#14575 1! 1" 1# 1$ 1% 1& 1' 1( 0) 0+
#14576 0! 0" 0# 0$ 0% 0& 0' 0* 1+ 0-
#14577 1$ 0( 1) 1* 1-
#14578 1! 1" 1# 0$ 1( 0) 0* 0-
#14579 0! 0" 0# 1$
#14580 0$ 1% 0( 1) 1* 1-
#14581 1! 1" 1# 1$ 0% 1( 0) 0* 0- 00
#14582 0! 0" 0# 0$ 1% 10
#14583 1$ 0( 1) 1* 1-
#14584 1! 1" 1# 0$ 1( 0) 0* 0-
#14585 0! 0" 0# 1$
#14586 0$ 0% 1& 0( 1) 1* 1-
#14587 1! 1" 1# 1$ 1% 0& 1( 0) 0* 0-
#14588 0! 0" 0# 0$ 0% 1&
#14589 1$ 0( 1) 1* 1-
#14590 1! 1" 1# 0$ 1( 0) 0* 0- 00
#14591 0! 0" 0# 1$ 10
#14592 0$ 1% 0( 1) 1* 1-
#14593 1! 1" 1# 1$ 0% 1( 0) 0* 0-
#14594 0! 0" 0# 0$ 1%
#14595 1$ 0( 1) 1* 1-
#14596 1! 1" 1# 0$ 1( 0) 0* 0-
#14597 0! 0" 0# 1$
#14598 0$ 0% 0& 1' 0( 1) 1* 1- 00
#14599 1! 1" 1# 1$ 1% 1& 0' 1( 0) 0* 0- 10
#14600 0! 0" 0# 0$ 0% 0& 1'
#14601 1$ 0( 1) 1* 1-
#14602 1! 1" 1# 0$ 1( 0) 0* 0-
#14603 0! 0" 0# 1$
#14604 0$ 1% 0( 1) 1* 1-
#14605 1! 1" 1# 1$ 0% 1( 0) 0* 0-
#14606 0! 0" 0# 0$ 1%
#14607 1$ 0( 1) 1* 1-
#14608 1! 1" 1# 0$ 1( 0) 0* 0-
#14609 0! 0" 0# 1$
#14610 0$ 0% 1& 0( 1) 1* 1-
#14611 1! 1" 1# 1$ 1% 0& 1( 0) 0-
#14612 0! 0" 0# 0$ 0% 1& 0*
#14613 1$ 0( 1) 1* 1-
#14614 1! 1" 1# 0$ 1( 0) 0-
#14615 0! 0" 0# 1$ 0* 00
#14616 0$ 1% 0( 1* 1- 10
#14617 1! 1" 1# 1$ 0% 1( 0-
#14618 0! 0" 0# 0$ 1% 0*
#14619 1$ 0( 1) 1* 1-
#14620 1! 1" 1# 0$ 1( 0) 0-
#14621 0! 0" 0# 1$ 0*
#14622 1! 1" 1# 1) 1* 1-
#14623 0) 0* 0- 00
#14624 0! 0" 0# 0$ 0% 0& 0' 0( 1- 10
#14625 1! 1" 1# 1*
#14626 0! 0" 1% 1' 1( 1)
#14627 0# 0% 0' 0( 0) 0*
#14628 1$ 1% 1' 1( 1*
#14629 1! 1" 1# 0$ 0' 0( 0*
#14630 0! 0# 0%
#14631 0" 1$ 1% 1' 1( 1) 1*
#14632 1! 1" 1# 0$ 0' 0( 0) 0*
#14633 0! 0# 0%
#14634 0" 1$ 1% 1' 1( 1) 1*
#14635 1! 1" 1# 0$ 0' 0( 0) 0*
#14636 0% 1) 1*
#14637 1$ 1% 1& 1' 1(
#14638 0! 0" 0# 0$ 0% 0& 0' 0( 0) 0*
#14639 1! 1" 1# 1$ 1% 1& 1' 1( 1* 0+
#14640 0! 0" 0& 0( 1) 1+ 00
#14641 0# 0% 0' 0) 0* 10
#14642 1" 1# 0$ 0-
#14643 0" 1$ 1% 1' 1) 1* 1-
#14644 0# 0$ 0' 0) 0*
#14645 1" 1# 1$ 0% 0-
#14646 0" 1% 1' 1) 1* 1-
#14647 0# 0' 0)
#14648 1" 1# 0$ 0* 0-
#14649 0" 1$ 1' 1) 1* 1-
#14650 0# 0$ 0% 1& 0' 0)
#14651 1" 1# 1$ 1% 0& 0* 0-
#14652 0" 1' 1) 1* 1-
#14653 0# 0% 1& 0' 0)
#14654 1" 1# 0$ 0* 0-
#14655 0" 1$ 1% 0& 1' 1) 1* 1-
#14656 0# 0$ 1& 0' 0)
#14657 1" 1# 1$ 0% 0* 0- 00
#14658 0" 1% 0& 1' 1) 1* 1- 10
#14659 0# 1& 0' 0)
#14660 1" 1# 0$ 0* 0-
#14661 0" 1$ 0& 1' 1) 1* 1-
#14662 0# 0$ 0% 0)
#14663 1" 1# 1$ 1% 1& 0' 0* 0-
#14664 0" 0& 1' 1) 1* 1-
#14665 0# 0% 0) 00
#14666 1" 1# 0$ 0* 0- 10
#14667 0" 1$ 1% 1) 1* 1-
#14668 0# 0$ 0)
#14669 1" 1# 1$ 0% 0* 0-
#14670 0" 1% 1) 1* 1-
#14671 0# 0)
#14672 1" 1# 0$ 0* 0-
#14673 0" 1$ 1) 1* 1-
#14674 0# 0$ 0% 1& 0)
#14675 1" 1# 1$ 1% 0& 0* 0-
#14676 0" 1) 1* 1-
#14677 0# 0% 1& 0) 0*
#14678 1" 1# 0$ 0-
#14679 0" 1$ 1% 0& 1) 1* 1-
#14680 0# 0$ 1& 0) 0*
#14681 1" 1# 1$ 0% 0-
#14682 0" 1% 0& 1) 1* 1- 00
#14683 0# 1& 0) 10
#14684 1" 1# 0$ 0* 0-
#14685 0" 1$ 0& 1) 1* 1-
#14686 1! 1" 1& 1( 0)
#14687 0! 0( 0* 0-
#14688 0$ 0& 1( 1) 1* 1-
#14689 0" 0# 1$ 0% 0' 0( 0)
#14690 1% 0* 00
#14691 1" 1# 0$ 1' 1( 1) 1* 10
#14692 1! 1$ 1&
#14693 0! 0" 0# 0% 0& 0' 0( 0) 0*
#14694 1! 0$ 1*
#14695 1" 1# 1$ 1% 1& 1' 1(
#14696 0! 0" 0# 0% 0& 0' 0( 0*
#14697 1! 0$ 1*
#14698 1" 1# 1$ 1% 1& 1' 1(
#14699 0! 0" 0# 0% 0& 0' 0( 0* 00
#14700 1) 1* 10
#14702 1! 1" 1# 1% 1& 1' 1(
#14703 0) 0+
#14704 1+
#14705 0# 0$ 0% 0& 0' 1)
#14706 0" 1# 0) 0-
#14707 1" 1$ 1% 1& 0( 0* 1- 00
#14708 0# 0% 0& 1( 1) 1* 10
#14709 0" 1# 0) 0-
#14710 1" 1% 1& 1' 1-
#14711 0# 0$ 0& 0' 1)
#14712 0" 1# 0) 0-
#14713 1" 1$ 1& 0( 0+ 1-
#14714 0# 0& 1( 1) 1+
#14715 0" 1# 0) 0-
#14716 1" 1& 1' 1-
#14717 0# 0$ 0% 0' 1)
#14718 0" 1# 0) 0-
#14719 1" 1$ 1% 1' 0( 0* 1-
#14720 0! 0# 0% 0' 1( 1) 1*
#14721 1! 0" 1# 0) 0-
#14722 1" 1% 1' 1-
#14723 0! 0# 0$ 0' 1)
#14724 1! 0" 1# 0) 0- 00
#14725 1" 1$ 1' 0( 0+ 1- 10
#14726 0# 0' 1( 1) 1+
#14727 0" 1# 0) 0-
#14728 1" 1' 1-
#14729 0# 0$ 0% 0& 1)
#14730 0" 1# 0) 0-
#14731 1" 1$ 1% 1& 0( 0* 1-
#14732 0# 0% 0& 1( 1) 1* 00
#14733 0" 1# 0) 0- 10
#14734 1" 1% 1& 1-
#14735 0# 0$ 0& 1)
#14736 0" 1# 0) 0* 0-
#14737 1" 1$ 1& 0( 1* 0+ 1-
#14738 0# 0& 1( 1) 1+
#14739 0" 1# 0) 0* 0-
#14740 1" 1& 1* 1-
#14741 0# 0$ 0% 1) 0-
#14742 0" 1# 0) 0*
#14743 1" 1$ 1% 0( 1-
#14744 0# 0% 1( 1) 1* 0-
#14745 0" 1# 0) 0*
#14746 1" 1% 1* 1-
#14747 0# 0$ 1) 0-
#14748 0" 1# 0) 0*
#14749 1" 1$ 0( 1* 0+ 1- 00
#14750 0# 1( 1) 1+ 0- 10
#14751 0" 1# 0) 0*
#14752 0! 0# 0$ 0% 0& 0' 0( 1* 1-
#14753 1! 1" 1# 1$ 1% 1& 1' 1( 1)
#14754 0" 0# 0% 0& 0' 0( 0) 0*
#14755 0! 0$ 1*
#14756 1! 1" 1# 1$ 1% 1& 1' 1(
#14757 0! 0" 0# 0& 1)
#14758 1! 0$ 0% 0' 0( 0)
#14759 1" 1# 1$ 1% 1& 1' 1( 1)
#14760 0! 0" 0# 0&
#14761 1! 0$ 0% 0' 0( 0)
#14762 1" 1# 1$ 1% 1& 1' 1( 1)
#14763 0! 0" 0# 0&
#14764 1! 0% 0' 0(
#14766 1" 1# 1% 1& 1' 1( 00
#14767 0) 10
#14768 1)
#14769 0# 0$ 0% 0& 0' 0( 0) 0-
#14770 0" 1#
#14771 0! 1" 1' 1) 1-
#14772 1! 0# 1$ 0' 0) 0-
#14773 0! 0" 1#
#14774 1! 1" 1% 1& 1' 1( 1) 1- 00
#14775 0# 0$ 0& 0' 0( 0) 0* 0- 10
#14776 0! 0" 1# 1*
#14777 1! 1" 0% 1' 1) 1-
#14778 0# 1$ 1% 0' 0) 0* 0-
#14779 0! 0" 1# 1*
#14780 1! 1" 1& 1' 1( 1) 1-
#14781 0# 0$ 0% 0' 0( 0) 0* 0-
#14782 0! 0" 1# 1*
#14783 0# 1$ 0& 1' 1) 1-
#14784 1! 1" 1& 0' 0) 0* 0-
#14785 0! 0" 1# 1*
#14786 1! 1" 1% 1' 1( 1) 1-
#14787 0# 0$ 0' 0( 0) 0* 0-
#14788 0! 0" 1# 1*
#14789 1! 0# 1$ 0% 0& 1' 1) 1-
#14790 1" 1% 1& 0' 0) 0* 0-
#14791 0! 0" 1# 1* 00
#14792 1! 1" 1' 1( 1) 1- 10
#14793 0# 0$ 0% 0& 0( 0) 0* 0-
#14794 0! 0" 1# 1*
#14795 1" 0# 1$ 1) 1-
#14796 1! 0) 0* 0-
#14797 0! 0" 1# 1*
#14798 1! 1" 1% 1& 1( 1) 1-
#14799 0# 0$ 0& 0( 0) 0* 0- 00
#14800 0! 0" 1# 1* 10
#14801 1! 1" 0# 1$ 0% 1) 1-
#14802 1% 0) 0* 0-
#14803 0! 0" 1# 1*
#14804 1! 1" 1& 1( 1) 1-
#14805 0# 0$ 0% 0( 0) 0* 0-
#14806 0! 0" 1# 1*
#14807 1$ 0& 1) 1-
#14808 1! 1" 0# 1& 0) 0* 0- 00
#14809 0! 0" 1# 1* 10
#14810 1! 1" 1% 1( 1) 1-
#14811 0# 0$ 0( 0) 0* 0-
#14812 0! 0" 1# 1*
#14813 1! 1$ 0% 0& 1) 1-
#14814 1" 0# 1% 1& 0) 0* 0-
#14815 0! 0" 1# 1*
#14816 1! 0# 0$ 0% 0& 0' 0* 1- 00
#14817 1" 1# 1$ 1% 1& 1' 1( 1* 10
#14818 0! 0" 0# 0&
#14819 1! 0$ 0% 0' 0( 0*
#14820 1" 1# 1$ 1% 1& 1' 1( 1) 1*
#14821 0! 0# 0% 0& 0' 0( 0) 0*
#14822 0" 0$
#14823 1"
#14824 1$
#14825 0" 0$
#14826 1"
#14827 1$
#14828 1) 1*
#14830 1! 1# 1% 1& 1' 1(
#14831 0) 0+
#14832 0! 0" 0$ 0% 0& 0' 0( 0* 1+
#14833 1" 0# 1( 1* 0- 00
#14834 0" 1# 0* 10
#14835 1$ 0( 1-
#14836 1" 0# 1( 1* 0-
#14837 0" 1# 0*
#14838 0$ 1% 0( 1-
#14839 1" 0# 1( 1* 0-
#14840 0" 1# 0*
#14841 1$ 0( 1- 00
#14842 1" 0# 1( 1* 0- 10
#14843 0" 1# 0*
#14844 0$ 0% 1& 0( 1-
#14845 1" 0# 1( 1* 0-
#14846 0" 1# 0*
#14847 1$ 0( 1-
#14848 1" 0# 1( 1* 0-
#14849 0" 1# 0*
#14850 0$ 1% 0( 1-
#14851 1" 0# 1( 1* 0-
#14852 0" 1# 0*
#14853 1$ 0( 1-
#14854 1" 0# 1( 1* 0-
#14855 0" 1# 0*
#14856 0$ 0% 0& 1' 0( 1-
#14857 1" 0# 1( 1* 0-
#14858 0" 1# 0* 00
#14859 1$ 0( 1- 10
#14860 1" 0# 1( 1* 0-
#14861 0" 1# 0*
#14862 0$ 1% 0( 1-
#14863 1" 0# 1( 1* 0-
#14864 0" 1# 0*
#14865 1$ 0( 1-
#14866 1" 0# 1( 1* 0-
#14867 0" 1# 0*
#14868 0$ 0% 1& 0( 1-
#14869 1" 0# 1( 1* 0-
#14870 0" 1# 0*
#14871 1$ 0( 1-
#14872 1" 0# 1( 1* 0-
#14873 0" 1# 0*
#14874 0$ 1% 0( 1-
#14875 1" 0# 1( 1* 0- 00
#14876 0" 1# 0* 10
#14877 1$ 0( 1-
#14878 1" 0# 1( 1* 0-
#14879 0" 1# 0*
#14880 0# 0$ 0% 0& 0' 0( 1-
#14881 1" 1)
#14882 1! 1$ 0)
#14883 0! 0" 0$ 00
#14884 1" 10
#14885 0" 1# 1% 1' 1( 1) 1*
#14886 1"
#14887 1! 0" 0# 0% 0' 0( 0) 0*
#14888 0! 1# 1% 1' 1( 1) 1*
#14889 1"
#14890 1! 0" 0# 0% 0' 0( 0) 0*
#14891 0! 1# 1% 1' 1( 1) 1*
#14892 1! 1" 0# 1$ 0% 0' 0(
#14894 1# 1% 1& 1' 1( 0)
#14895 1)
#14896 0! 0$ 0& 0)
#14897 0# 0% 0' 0( 0* 0-
#14898 1# 1$ 1% 1' 1) 1* 1-
#14899 0$ 1(
#14900 0# 1$ 0% 0' 0( 0) 0* 0- 00
#14901 1# 1% 1' 1) 1* 1- 10
#14902 0$ 1(
#14903 0# 0' 0( 0) 0* 0-
#14904 1# 1$ 1' 1) 1* 1-
#14905 0$ 1(
#14906 0# 1$ 0' 0( 0) 0* 0-
#14907 1# 1' 1) 1* 1-
#14908 0$ 1( 00
#14909 0# 0% 1& 0' 0( 0) 0- 10
#14910 1# 1$ 1% 0& 1' 1) 1-
#14911 0$ 1(
#14912 0# 1$ 0% 1& 0' 0( 0) 0-
#14913 1# 1% 0& 1' 1) 1-
#14914 0$ 1(
#14915 0# 1& 0' 0( 0) 0-
#14916 1! 1# 1$ 1' 1( 1) 1-
#14917 0! 0$ 0& 00
#14918 0# 1$ 1& 0' 0( 0) 0- 10
#14919 1! 1# 1' 1( 1) 1-
#14920 0! 0$ 0&
#14921 0# 0% 0( 0) 0-
#14922 1# 1$ 1% 1& 1( 1) 1-
#14923 0$ 0&
#14924 0# 1$ 0% 0( 0) 0-
#14925 1# 1% 1) 1- 00
#14926 0$ 1( 10
#14927 0# 0( 0) 0-
#14928 1# 1$ 1) 1-
#14929 0$ 1(
#14930 0# 1$ 0( 0) 0-
#14931 1# 1) 1-
#14932 0$ 1(
#14933 0# 0% 1& 0( 0) 0* 0-
#14934 1# 1$ 1% 0& 1) 1* 1-
#14935 0$ 1(
#14936 0# 1$ 0% 1& 0( 0) 0* 0-
#14937 1# 1% 0& 1) 1* 1-
#14938 0$ 1(
#14939 0# 1& 0( 0) 0* 0-
#14940 1# 1$ 0& 1) 1* 1-
#14941 0$ 1(
#14942 0# 1$ 1& 0( 0) 0* 0- 00
#14943 1# 0& 1) 1* 1- 10
#14944 0$ 1(
#14945 1! 0" 0# 0% 0' 0( 0)
#14946 0! 1# 1% 1' 1(
#14947 1" 1)
#14948 1! 0" 0# 0% 0' 0( 0)
#14949 0! 1# 1$ 1% 0*
#14950 0% 00
#14951 0# 0$ 1* 10
#14952 1# 1$ 1% 0*
#14953 0%
#14954 0# 0$ 1*
#14955 1# 1$ 1% 0*
#14956 0%
#14957 1) 1*
#14958 1! 1" 1% 1& 1' 1(
#14959 0)
#14961 0" 0# 0$ 0% 0& 0' 0* 0-
#14962 1" 1# 1$ 1% 1& 1' 1* 1-
#14963 0$ 0% 0& 0' 0-
#14964 0" 0# 1$ 0*
#14965 1" 1# 1% 1& 1' 1* 1-
#14966 0% 0& 0' 0-
#14967 0" 0# 0$ 1% 0* 00
#14968 1" 1# 1$ 1& 1' 1* 1- 10
#14969 0$ 0& 0' 0-
#14970 0" 0# 1$ 0*
#14971 1" 1# 1& 1' 1* 1-
#14972 0& 0' 0-
#14973 0" 0# 0$ 0% 1& 0*
#14974 1" 1# 1$ 1% 1' 1* 1-
#14975 0$ 0% 0' 0-
#14976 0" 0# 1$ 0*
#14977 1" 1# 1% 1' 1* 1-
#14978 0% 0' 0-
#14979 0" 0# 0$ 1% 0*
#14980 1" 1# 1$ 1' 1* 1-
#14981 0$ 0' 0-
#14982 0" 0# 1$ 0*
#14983 1" 1# 1' 1* 1-
#14984 0' 0- 00
#14985 0" 0# 0$ 0% 0& 1' 0* 10
#14986 1" 1# 1$ 1% 1& 1* 1-
#14987 0$ 0% 0& 0-
#14988 0" 0# 1$ 0*
#14989 1" 1# 1% 1& 1* 1-
#14990 0% 0& 0-
#14991 0" 0# 0$ 1% 0*
#14992 1" 1# 1$ 1& 1* 1- 00
#14993 0$ 0& 0- 10
#14994 0" 0# 1$ 0*
#14995 1" 1# 1& 1* 1-
#14996 0& 0-
#14997 0" 0# 0$ 0% 1& 0*
#14998 1" 1# 1$ 1% 1* 1-
#14999 0$ 0% 0-
#15000 0" 0# 1$ 0*
#15001 1" 1# 1% 1* 1-
#15002 0% 0-
#15003 0" 0# 0$ 1% 0*
#15004 1" 1# 1$ 1* 1-
#15005 0$ 0-
#15006 0" 0# 1$ 0*
#15007 1" 1# 1* 1-
#15008 0-
#15009 0" 0# 0$ 0% 0& 0' 0( 1- 00
#15010 1# 1$ 1% 0* 10
#15011 0%
#15012 0# 0$ 1*
#15013 1# 1$
#15014 0! 0$ 1% 1' 1( 1)
#15015 0# 0% 0' 0( 0)
#15016 1! 1# 1$
#15017 0! 0$ 1% 1' 1( 1) 00
#15018 0# 0% 0' 0( 0) 10
#15019 1! 1# 1$
#15020 0! 0$ 1% 1' 1( 1)
#15021 1! 1$ 0% 0' 0(
#15022 1" 1% 1& 1' 1( 0)
#15023 1)
#15024 0) 0+
#15025 0! 0" 0# 0$ 0% 0& 0' 0( 1+ 0-
#15026 1! 1" 1# 1$ 1% 1& 1' 1( 1) 1- 00
#15027 0$ 0% 0& 0' 0( 0) 0* 0- 10
#15028 0! 0" 0# 1$ 1*
#15029 1! 1" 1# 1% 1& 1' 1( 1) 1-
#15030 0% 0& 0' 0( 0) 0* 0-
#15031 0! 0" 0# 0$ 1% 1*
#15032 1! 1" 1# 1$ 1& 1' 1( 1) 1-
#15033 0$ 0& 0' 0( 0) 0* 0-
#15034 0! 0" 0# 1$ 00
#15035 1! 1" 1# 1& 1' 1( 1) 1* 1- 10
#15036 0& 0' 0( 0) 0* 0-
#15037 0! 0" 0# 0$ 0% 1&
#15038 1! 1" 1$ 1% 1' 1( 1) 1* 1-
#15039 1# 0$ 0% 0' 0( 0) 0* 0-
#15040 0! 0" 0# 1$
#15041 0$ 1% 1) 1* 1-
#15042 1! 1" 1# 1$ 0% 0) 0* 0-
#15043 0! 0" 0# 0$ 1%
#15044 1$ 1) 1* 1-
#15045 1! 1" 1# 0$ 0) 0* 0-
#15046 0! 0" 0# 1$
#15047 0$ 0% 0& 1' 1) 1* 1-
#15048 1! 1" 1# 1$ 1% 1& 0' 0) 0* 0-
#15049 0! 0" 0# 0$ 0% 0& 1'
#15050 1$ 1) 1* 1-
#15051 1! 1" 1# 0$ 0) 0* 0- 00
#15052 0! 0" 0# 1$ 10
#15053 0$ 1% 1) 1* 1-
#15054 1! 1" 1# 1$ 0% 0) 0* 0-
#15055 0! 0" 0# 0$ 1%
#15056 1$ 1( 1) 1* 1-
#15057 1! 1" 1# 0$ 0( 0) 0* 0-
#15058 0! 0" 0# 1$
#15059 1! 1" 1# 0$ 1& 1( 1) 1* 1- 00
#15060 1$ 0& 0( 0) 0* 0- 10
#15061 0! 0" 0# 0$ 0% 1&
#15062 1! 1" 1# 1$ 1% 1( 1) 1* 1-
#15063 0$ 0% 0( 0) 0* 0-
#15064 0! 0" 0# 1$
#15065 1! 1" 1# 1% 1( 1) 1* 1-
#15066 0% 0( 0) 0* 0-
#15067 0! 0" 0# 0$ 1%
#15068 1! 1" 1# 1$ 1( 1) 1* 1-
#15069 0$ 0( 0) 0* 0-
#15070 0! 0" 0# 1$
#15071 1! 1" 1# 1( 1) 1* 1-
#15072 0( 0) 0* 0-
#15073 0! 0" 0# 0$ 0% 0& 0' 1-
#15074 1" 1# 1$ 1*
#15075 0" 0$ 1% 1' 1( 1)
#15076 0# 0% 0' 0( 0) 0* 00
#15077 1$ 1% 1' 1( 1* 10
#15078 1" 1# 0' 0( 0*
#15079 0# 0$ 0% 1)
#15080 0" 1$ 1% 1' 1( 0) 1*
#15081 1" 1# 0' 0( 0*
#15082 0# 0$ 0% 1)
#15083 0" 1$ 1% 1' 1( 0) 1*
#15084 1" 1# 0' 0( 0*
#15085 0% 1) 1*
#15086 1! 1% 1& 1' 1( 0)
#15087 0+
#15089 0& 0( 1+ 0-
#15090 1& 1( 0+ 1-
#15091 0! 0$ 0% 0& 0' 0* 1+ 0-
#15092 1! 1$ 1% 1' 0( 1*
#15093 1& 1( 0+ 1- 00
#15094 0! 0% 0& 0' 0* 1+ 0- 10
#15095 1! 1% 1' 0( 1*
#15096 1& 1( 0+ 1-
#15097 0! 0$ 0& 0' 0* 1+ 0-
#15098 1! 1$ 1' 0( 1*
#15099 1& 1( 0+ 1-
#15100 0! 0& 0' 0* 1+ 0-
#15101 1! 1' 0( 1* 00
#15102 1& 1( 0+ 1- 10
#15103 0! 0$ 0% 0' 0* 1+ 0-
#15104 1! 1$ 1% 0& 1' 0( 1*
#15105 1& 1( 0+ 1-
#15106 0! 0% 0' 0* 1+ 0-
#15107 1! 1% 0& 1' 0( 1*
#15108 1& 1( 0+ 1-
#15109 0! 0$ 0' 0* 1+ 0-
#15110 1! 1$ 0& 1' 0( 1*
#15111 1& 1( 0+ 1-
#15112 0! 0' 0* 1+ 0-
#15113 1! 0& 1' 0( 1*
#15114 1& 1( 0+ 1-
#15115 0! 0$ 0% 0& 0* 1+ 0-
#15116 1! 1$ 1% 0( 1*
#15117 1& 1( 0+ 1-
#15118 0! 0% 0& 0* 1+ 0- 00
#15119 1! 1% 0( 1* 10
#15120 1& 1( 0+ 1-
#15121 0! 0$ 0& 0* 1+ 0-
#15122 1! 1$ 0( 1*
#15123 1& 1( 0+ 1-
#15124 0! 0& 0* 1+ 0-
#15125 1! 0( 1) 1*
#15126 1& 1( 0) 0+ 1- 00
#15127 0! 0$ 0% 0* 1+ 0- 10
#15128 1! 1$ 1% 0& 0( 1) 1* 1-
#15129 1& 1( 0) 0+
#15130 0! 0% 0* 1+ 0-
#15131 1! 1% 0& 0( 1) 1* 1-
#15132 1& 1( 0) 0+
#15133 0! 0$ 0* 1+ 0-
#15134 1! 1$ 0& 0( 1) 1* 1-
#15135 1& 1( 0) 0+ 00
#15136 0! 0* 1+ 0- 10
#15137 1! 0& 0( 1) 1* 1-
#15138 1& 1( 0) 0+
#15140 1) 1+
#15142 0) 0+
#15143 1+ 00
#15144 10
#15145 0+
#15146 1+
#15148 0+
#15149 1) 1+
#15151 0)
#15153 1)
#15154 0)
#15156 0( 1)
#15157 1( 0)
#15159 1)
#15160 0)
#15161 1)
#15162 0(
#15163 1( 0)
#15164 1)
#15166 0)
#15167 1)
#15168 0(
#15169 1( 0)
#15170 1)
#15172 0)
#15173 1)
#15174 0(
#15175 1( 0)
#15176 1)
#15178 0)
#15179 1)
#15180 0(
#15181 1( 0)
#15182 1) 0/
#15183 1/
#15184 0)
#15185 1)
#15186 0(
#15187 1( 0)
#15188 1) 0/
#15189 1/
#15190 0)
#15191 1)
#15192 0(
#15193 1( 0)
#15194 1)
#15196 0)
#15197 1)
#15198 0(
#15199 1( 0)
#15200 1)
#15201 0/
#15202 0) 1/
#15203 1)
#15205 0)
#15206 1)
#15207 0)
#15208 1)
#15209 0)
#15211 1)
#15212 0)
#15213 1)
#15214 0/
#15215 1/
#15217 0)
#15218 1)
#15220 0( 0) 0* 0/
#15221 1( 1) 1* 1/
#15223 0)
#15224 1)
#15226 0( 0) 0+
#15227 1( 1) 1+ 0/
#15228 1/
#15229 0)
#15230 1)
#15232 0' 0) 0*
#15233 1' 1) 1* 0/
#15234 1/
#15235 0)
#15236 1)
#15238 0' 0) 0+
#15239 1' 1) 1+
#15241 0)
#15242 1)
#15244 0' 0) 0*
#15245 1' 1) 1*
#15246 0/
#15247 0) 1/
#15248 1)
#15250 0' 0) 0+
#15251 1' 1) 1+
#15253 0)
#15254 1)
#15256 0' 0) 0*
#15257 1' 1) 1*
#15259 0) 0/
#15260 1) 1/
#15262 0' 0) 0+
#15263 1' 1) 1+
#15265 0) 0+ 0/
#15266 1) 1+ 1/
#15268 0)
#15269 1)
#15270 0)
#15271 1)
#15272 0)
#15274 1)
#15275 0)
#15277 1)
#15280 0)
#15281 1)
#15283 0)
#15284 0! 0$ 0% 0& 0' 1)
#15285 1! 1$ 1% 1& 1'
#15286 0)
#15287 1)
#15289 0)
#15290 0$ 0% 0& 0' 1)
#15291 1$ 1% 1& 1'
#15292 0)
#15293 1)
#15295 0)
#15296 0! 0" 0# 0% 0& 0' 1)
#15297 1! 1" 1# 1% 1& 1'
#15298 0)
#15299 1)
#15301 0)
#15302 0" 0# 0% 0& 0' 1)
#15303 1" 1# 1% 1& 1' 0/
#15304 0) 1/
#15305 1)
#15307 0)
#15308 0! 0# 0% 0& 0' 1) 0/
#15309 1! 1# 1% 1& 1' 1/
#15310 0)
#15311 1)
#15313 0)
#15314 0# 0% 0& 0' 1)
#15315 1# 1% 1& 1'
#15316 0)
#15317 1)
#15319 0)
#15320 0! 0" 0% 0& 0' 1)
#15321 1! 1" 1% 1& 1'
#15322 0)
#15323 1)
#15325 0)
#15326 0" 0% 0& 0' 1)
#15327 1" 1% 1& 1' 0/
#15328 0) 1/
#15329 1)
#15331 0)
#15332 1)
#15333 0)
#15334 1)
#15335 0)
#15336 0/
#15337 1) 1/
#15338 0)
#15340 1)
#15342 0/
#15343 0) 1/
#15344 1)
#15346 0)
#15347 1)
#15349 0)
#15350 1)
#15352 0)
#15353 1)
#15355 0)
#15356 1)
#15358 0)
#15359 1) 00
#15360 10
#15361 0)
#15362 1)
#15364 0)
#15365 1)
#15367 0)
#15368 1)
#15370 0)
#15371 1)
#15373 0)
#15374 1)
#15376 0) 00
#15377 1) 10
#15379 0)
#15380 1)
#15382 0)
#15383 1)
#15384 00
#15385 0) 10
#15386 1)
#15388 0)
#15389 1)
#15391 0)
#15392 1)
#15393 00
#15394 0) 0+ 10
#15395 1) 1+
#15397 0)
#15399 1)
#15401 0) 00
#15402 10
#15403 1)
#15404 0)
#15405 1)
#15409 0)
#15410 1)
#15412 0)
#15413 1)
#15415 0)
#15416 1)
#15418 0) 00
#15419 1) 10
#15421 0)
#15422 1)
#15424 0)
#15425 1)
#15426 00
#15427 0) 10
#15428 1)
#15430 0)
#15431 1)
#15433 0)
#15434 1)
#15436 0)
#15437 1)
#15439 0)
#15440 1)
#15442 0)
#15443 1) 00
#15444 10
#15445 0)
#15446 1)
#15448 0)
#15449 1)
#15451 0)
#15452 1)
#15454 0)
#15455 1)
#15457 0) 0+
#15458 1) 1+
#15460 0) 00
#15461 1) 10
#15464 0)
#15465 1)
#15467 0)
#15468 1) 00
#15469 10
#15471 0)
#15473 1)
#15474 0)
#15476 1)
#15477 0)
#15479 1)
#15480 0)
#15482 1)
#15483 0)
#15485 1) 00
#15486 0) 10
#15488 1)
#15489 0)
#15491 1)
#15493 0) 00
#15494 1) 10
#15496 0)
#15497 1)
#15499 0)
#15500 1)
#15502 0) 00
#15503 1) 10
#15505 0)
#15506 1)
#15507 0)
#15509 1)
#15510 0) 00
#15511 10
#15512 1)
#15513 0)
#15515 1)
#15516 0)
#15518 1)
#15519 0)
#15521 1)
#15522 0) 0+
#15523 1+
#15524 1)
#15525 0)
#15526 1)
#15527 0) 00
#15528 1) 10
#15530 0)
#15531 1)
#15533 0)
#15534 1)
#15535 0) 00
#15536 1) 10
#15537 0)
#15539 1)
#15540 0)
#15542 1)
#15543 0)
#15545 1)
#15546 0)
#15548 1)
#15549 0)
#15551 1)
#15552 0) 00
#15553 10
#15554 1)
#15555 0)
#15557 1)
#15558 0)
#15560 1)
#15561 0)
#15563 1)
#15564 0)
#15566 1)
#15567 0)
#15569 1) 00
#15570 0) 10
#15572 1)
#15573 0)
#15575 1)
#15576 0)
#15577 00
#15578 1) 10
#15579 0)
#15581 1)
#15582 0)
#15584 1)
#15585 0)
#15587 1)
#15588 0)
#15591 1)
#15593 0)
#15594 1) 00
#15595 10
#15596 0)
#15597 1)
#15600 0)
#15602 1) 00
#15603 0) 10
#15605 0' 1)
#15606 1' 0)
#15608 1)
#15609 0)
#15611 0' 1) 00
#15612 1' 0) 10
#15614 1)
#15615 0)
#15617 0' 1)
#15618 1' 0)
#15619 00
#15620 1) 10
#15621 0)
#15623 0' 1)
#15624 1' 0)
#15626 1)
#15627 0)
#15629 0' 1)
#15630 1' 0)
#15632 1)
#15633 0)
#15635 0' 1)
#15636 1' 0) 00
#15637 10
#15638 1)
#15639 0)
#15641 0' 1)
#15642 1' 0)
#15644 1) 00
#15645 0) 10
#15647 0' 1)
#15648 1' 0)
#15649 1)
#15651 0)
#15652 1)
#15654 0)
#15655 1)
#15656 0)
#15657 1)
#15659 0)
#15660 1)
#15661 00
#15662 10
#15664 0)
#15665 1)
#15666 0)
#15668 1)
#15669 0' 0) 0*
#15670 1' 1*
#15671 1)
#15672 0)
#15674 1)
#15675 0' 0) 0+
#15676 1' 1+
#15677 1)
#15678 0) 00
#15679 10
#15680 1)
#15681 0' 0) 0*
#15682 1' 1*
#15683 1)
#15684 0)
#15685 1)
#15686 00
#15687 0' 0) 0+ 10
#15688 1' 1) 1+
#15690 0)
#15691 1)
#15693 0' 0) 0*
#15694 1' 1) 1*
#15696 0)
#15697 1)
#15699 0' 0) 0+
#15700 1' 1) 1+
#15702 0)
#15703 1) 00
#15704 10
#15705 0' 0) 0*
#15706 1' 1) 1*
#15708 0)
#15709 1)
#15711 0' 0) 0+ 00
#15712 1' 1+ 10
#15713 1)
#15714 0) 0+
#15715 1+
#15716 1)
#15717 0)
#15718 1)
#15719 0)
#15720 1) 00
#15721 10
#15722 0)
#15723 1)
#15725 0)
#15726 1)
#15728 00
#15729 0) 10
#15730 1)
#15732 0)
#15733 0! 0' 1)
#15734 1! 1'
#15735 0)
#15736 1)
#15738 0)
#15739 0' 1)
#15740 1'
#15741 0)
#15742 1)
#15744 0)
#15745 0! 0" 0# 0$ 0% 0& 1) 00
#15746 1! 1" 1# 1$ 1% 1& 10
#15747 0)
#15748 1)
#15750 0)
#15751 0" 0# 0$ 0% 0& 1)
#15752 1" 1# 1$ 1% 1&
#15753 0) 00
#15754 1) 10
#15756 0)
#15757 0! 0# 0$ 0% 0& 1)
#15758 1! 1# 1$ 1% 1&
#15759 0)
#15760 1)
#15762 0)
#15763 0# 0$ 0% 0& 1)
#15764 1# 1$ 1% 1&
#15765 0)
#15766 1)
#15768 0)
#15769 0! 0" 0$ 0% 0& 1)
#15770 1! 1" 1$ 1% 1& 00
#15771 0) 10
#15772 1)
#15774 0)
#15775 0" 0$ 0% 0& 1)
#15776 1" 1$ 1% 1&
#15777 0)
#15778 1)
#15780 0)
#15781 1)
#15784 0)
#15786 1)
#15787 0) 00
#15788 10
#15789 1)
#15792 0)
#15793 1)
#15795 0) 00
#15796 1) 10
#15798 0)
#15799 1)
#15801 0)
#15802 1)
#15804 0)
#15805 1)
#15807 0)
#15808 1)
#15810 0)
#15811 1)
#15812 00
#15813 0) 10
#15814 1)
#15816 0)
#15817 1)
#15819 0)
#15820 1) 00
#15821 10
#15822 0)
#15823 1)
#15825 0)
#15826 1)
#15828 0)
#15829 1) 00
#15830 10
#15831 0)
#15832 1)
#15834 0)
#15835 1)
#15837 0) 00
#15838 1) 10
#15840 0)
#15841 1)
#15843 0) 0+
#15844 1) 1+
#15846 0)
#15849 1)
#15850 0)
#15852 1)
#15853 0)
#15854 1) 00
#15855 10
#15858 0)
#15859 1)
#15861 0)
#15862 1) 00
#15863 10
#15864 0)
#15865 1)
#15867 0)
#15868 1)
#15870 0)
#15871 1)
#15873 0)
#15874 1)
#15876 0)
#15877 1)
#15879 0) 00
#15880 1) 10
#15882 0)
#15883 1)
#15885 0)
#15886 1)
#15888 0)
#15889 1)
#15891 0)
#15892 1)
#15894 0)
#15895 1)
#15896 00
#15897 0) 10
#15898 1)
#15900 0)
#15901 1)
#15903 0)
#15904 1) 00
#15905 10
#15906 0) 0+
#15907 1) 1+
#15909 0)
#15910 1)
#15911 0)
#15912 1)
#15913 0)
#15915 1)
#15916 0)
#15918 1)
#15921 0) 00
#15922 1) 10
#15924 0)
#15925 1)
#15927 0)
#15928 1)
#15929 00
#15930 0) 10
#15931 1)
#15933 0)
#15934 1)
#15936 0)
#15937 1)
#15938 00
#15939 0) 10
#15940 1)
#15942 0)
#15943 1)
#15945 0)
#15946 1) 00
#15947 10
#15948 0)
#15949 1)
#15951 0)
#15952 1)
#15954 0)
#15955 1)
#15957 0)
#15958 1)
#15960 0)
#15961 1)
#15963 0) 00
#15964 1) 10
#15966 0)
#15967 1)
#15969 0)
#15970 1)
#15971 00
#15972 0) 10
#15973 1)
#15976 0)
#15978 1)
#15979 0)
#15980 1)
#15982 0)
#15983 1)
#15984 0)
#15985 1)
#15987 0)
#15988 1) 00
#15989 10
#15990 0)
#15991 1)
#15992 0)
#15994 1)
#15995 0)
#15997 1)
#15998 0)
#16000 1)
#16001 0)
#16003 1)
#16005 0) 00
#16006 1) 10
#16008 0)
#16009 1)
#16011 0)
#16012 1)
#16013 00
#16014 0) 10
#16015 1)
#16017 0)
#16018 1)
#16020 0)
#16021 1)
#16023 0)
#16024 1)
#16026 0)
#16027 1)
#16028 0)
#16030 1) 00
#16031 0) 10
#16033 1)
#16034 0)
#16036 1)
#16037 0)
#16038 00
#16039 10
#16040 1)
#16042 0)
#16043 1)
#16045 0)
#16046 1)
#16047 00
#16048 10
#16049 0)
#16051 1)
#16052 0)
#16054 1)
#16055 0) 00
#16056 10
#16057 1)
#16059 0)
#16060 1)
#16062 0)
#16063 1)
#16064 0)
#16066 1)
#16067 0)
#16069 1)
#16070 0)
#16072 1) 00
#16073 0) 10
#16075 1)
#16076 0)
#16078 1)
#16079 0)
#16080 00
#16081 1) 10
#16082 0)
#16084 1)
#16085 0)
#16087 1)
#16088 0)
#16090 1)
#16091 0)
#16093 1)
#16094 0)
#16096 1)
#16097 0) 00
#16098 10
#16099 1)
#16100 0)
#16102 1)
#16103 0)
#16104 1)
#16105 0)
#16106 1)
#16108 0)
#16109 1)
#16113 0)
#16114 1) 00
#16115 0) 10
#16117 1)
#16118 0) 0*
#16119 1*
#16120 1)
#16121 0)
#16122 00
#16123 1) 10
#16124 0) 0+
#16125 1+
#16126 1)
#16127 0)
#16129 1)
#16130 0) 0*
#16131 1*
#16132 1)
#16133 0)
#16135 1)
#16136 0) 0+
#16137 1+
#16138 1)
#16139 0) 00
#16140 10
#16141 1)
#16142 0)
#16144 1)
#16145 0)
#16147 1) 00
#16148 0) 0+ 10
#16149 1+
#16150 1)
#16151 0)
#16153 1)
#16154 0) 0*
#16155 1*
#16156 1) 00
#16157 0) 10
#16159 1)
#16160 0) 0+
#16161 1+
#16162 1)
#16163 0) 0+
#16164 1+ 00
#16165 1) 10
#16166 0)
#16167 1)
#16168 0)
#16169 1)
#16171 0)
#16172 1)
#16174 0)
#16175 1)
#16178 0)
#16180 1)
#16181 0) 00
#16182 0! 0$ 10
#16183 1! 1$ 1)
#16184 0)
#16186 1)
#16187 0)
#16188 0$
#16189 1$ 1) 00
#16190 0) 10
#16192 1)
#16193 0)
#16194 0! 0" 0#
#16195 1! 1" 1# 1)
#16196 0)
#16198 1)
#16199 0)
#16200 0" 0#
#16201 1" 1# 1)
#16202 0)
#16204 1)
#16205 0)
#16206 0! 0# 1) 00
#16207 1! 1# 10
#16208 0)
#16209 1)
#16211 0)
#16212 0# 1)
#16213 1#
#16214 0)
#16215 1)
#16217 0)
#16218 0! 0" 1)
#16219 1! 1"
#16220 0)
#16221 1)
#16223 0) 00
#16224 0" 10
#16225 1" 1)
#16226 0)
#16228 1)
#16229 0)
#16231 1) 00
#16232 10
#16234 0)
#16235 1)
#16237 0)
#16238 1)
#16241 0)
#16242 1)
#16244 0)
#16245 1)
#16247 0)
#16248 1) 00
#16249 10
#16250 0)
#16251 1)
#16253 0)
#16254 1)
#16256 0) 00
#16257 1) 10
#16259 0)
#16260 1)
#16262 0)
#16263 1)
#16265 0) 00
#16266 1) 10
#16268 0)
#16269 1)
#16271 0)
#16272 1)
#16273 00
#16274 0) 10
#16275 1)
#16277 0)
#16278 1)
#16280 0)
#16281 1)
#16283 0)
#16284 1)
#16286 0)
#16287 1)
#16289 0)
#16290 1) 00
#16291 10
#16292 0) 0+
#16293 1) 1+
#16295 0)
#16298 1) 00
#16299 0) 10
#16301 1)
#16302 0)
#16303 1)
#16307 0)
#16308 1)
#16310 0)
#16311 1)
#16313 0)
#16314 1)
#16315 00
#16316 0) 10
#16317 1)
#16319 0)
#16320 1)
#16322 0)
#16323 1)
#16325 0)
#16326 1)
#16328 0)
#16329 1)
#16331 0)
#16332 1) 00
#16333 10
#16334 0)
#16335 1)
#16337 0)
#16338 1)
#16340 0) 00
#16341 1) 10
#16343 0)
#16344 1)
#16346 0)
#16347 1)
#16349 0)
#16350 1)
#16352 0)
#16353 1)
#16355 0) 0+
#16356 1) 1+
#16357 00
#16358 0) 10
#16359 1)
#16360 0)
#16361 1)
#16362 0)
#16364 1)
#16365 0) 00
#16366 10
#16367 1)
#16370 0)
#16371 1)
#16373 0)
#16374 1) 00
#16375 10
#16376 0)
#16377 1)
#16379 0)
#16380 1)
#16382 0) 00
#16383 1) 10
#16385 0)
#16386 1)
#16388 0)
#16389 1)
#16391 0)
#16392 1)
#16394 0)
#16395 1)
#16397 0)
#16398 1)
#16399 00
#16400 0) 10
#16401 1)
#16403 0)
#16404 1)
#16406 0)
#16407 1) 00
#16408 10
#16409 0)
#16410 1)
#16412 0)
#16413 1)
#16415 0)
#16416 1)
#16418 0)
#16419 1)
#16421 0)
#16422 1)
#16424 00
#16425 0) 10
#16427 1)
#16428 0)
#16430 1)
#16431 0)
#16432 1)
#16433 0)
#16434 1)
#16436 0)
#16437 1)
#16439 0)
#16440 1)
#16441 00
#16442 0) 10
#16443 1)
#16445 0)
#16446 1)
#16448 0)
#16449 1) 00
#16450 10
#16451 0)
#16452 1)
#16454 0)
#16455 1)
#16457 0)
#16458 1)
#16460 0)
#16461 1)
#16463 0)
#16464 1)
#16466 0) 00
#16467 1) 10
#16469 0)
#16470 1)
#16472 0)
#16473 1)
#16474 00
#16475 0) 10
#16476 1)
#16478 0)
#16479 1)
#16481 0)
#16482 1)
#16483 00
#16484 0) 0+ 10
#16485 1) 1+
#16487 0)
#16488 1)
#16489 0)
#16490 1)
#16491 0) 00
#16492 10
#16493 1)
#16494 0)
#16496 1)
#16499 0)
#16500 1)
#16502 0)
#16503 1)
#16505 0)
#16506 1)
#16508 0) 00
#16509 1) 10
#16511 0)
#16512 1)
#16514 0)
#16515 1)
#16516 00
#16517 0) 10
#16518 1)
#16520 0)
#16521 1)
#16523 0)
#16524 1)
#16526 0)
#16527 1)
#16529 0)
#16530 1)
#16532 0)
#16533 1) 00
#16534 10
#16535 0)
#16536 1)
#16538 0)
#16539 1)
#16541 0)
#16542 1)
#16544 0)
#16545 1)
#16547 0)
#16548 1)
#16550 0) 00
#16551 1) 10
#16552 0)
#16553 1)
#16554 0)
#16555 1)
#16557 0)
#16558 1) 00
#16559 10
#16562 0)
#16563 1)
#16564 0)
#16566 1)
#16567 0' 0( 0)
#16568 1' 1(
#16569 1)
#16571 0)
#16572 1)
#16573 0' 0(
#16574 1' 1( 0)
#16575 1) 00
#16576 10
#16577 0)
#16578 1)
#16579 0' 0(
#16580 1' 1( 0)
#16581 1)
#16583 0) 00
#16584 1) 10
#16585 0' 0(
#16586 1' 1( 0)
#16587 1)
#16588 0)
#16590 1)
#16591 0' 0( 0)
#16592 1' 1( 00
#16593 1) 10
#16594 0)
#16596 1)
#16597 0' 0( 0)
#16598 1' 1(
#16599 1)
#16600 0) 00
#16601 10
#16602 1)
#16603 0' 0( 0)
#16604 1' 1(
#16605 1)
#16606 0)
#16608 1)
#16609 0' 0( 0)
#16610 1' 1(
#16611 1)
#16612 0)
#16614 1)
#16615 0)
#16616 1)
#16617 0) 00
#16618 1) 10
#16620 0)
#16621 1)
#16623 0)
#16624 1)
#16625 00
#16626 10
#16627 0)
#16629 1)
#16630 0)
#16631 0' 0(
#16632 1' 1( 1)
#16633 0)
#16635 1)
#16636 0)
#16637 0% 0' 0(
#16638 1% 1' 1( 1)
#16639 0)
#16641 1)
#16642 0) 00
#16643 0! 0" 0# 0$ 0' 0( 10
#16644 1! 1" 1# 1$ 1' 1( 1)
#16645 0)
#16647 1)
#16648 0)
#16649 0" 0# 0$ 0' 0(
#16650 1" 1# 1$ 1' 1( 1)
#16651 0)
#16653 1)
#16654 0)
#16655 0' 0(
#16656 1' 1( 1)
#16657 0)
#16659 1) 00
#16660 0) 10
#16661 0' 0(
#16662 1' 1( 1)
#16663 0)
#16665 1)
#16666 0)
#16667 0' 0( 00
#16668 1' 1( 1) 10
#16669 0)
#16671 1)
#16672 0)
#16673 0" 0$ 0' 0(
#16674 1" 1$ 1' 1( 1)
#16675 0)
#16677 1)
#16678 0)
#16680 1)
#16683 0)
#16684 1) 00
#16685 10
#16686 0)
#16687 1)
#16690 0)
#16692 1) 00
#16693 0) 10
#16695 1)
#16696 0)
#16698 1)
#16699 0)
#16701 1) 00
#16702 0) 10
#16704 1)
#16705 0)
#16707 1)
#16708 0)
#16709 00
#16710 1) 10
#16711 0)
#16713 1)
#16714 0)
#16716 1)
#16717 0)
#16719 1)
#16720 0)
#16722 1)
#16723 0)
#16725 1)
#16726 0) 00
#16727 10
#16728 1)
#16729 0)
#16731 1)
#16732 0)
#16734 1) 00
#16735 0) 10
#16737 1)
#16738 0)
#16740 1)
#16741 0) 0+
#16742 1+
#16743 1)
#16744 0)
#16745 1)
#16746 0)
#16747 1)
#16749 0)
#16750 1)
#16751 00
#16752 10
#16754 0)
#16755 1)
#16756 0)
#16758 1)
#16759 0)
#16761 1)
#16762 0)
#16763 1)
#16765 0)
#16766 1)
#16768 0) 00
#16769 1) 10
#16771 0)
#16772 1)
#16774 0)
#16775 1)
#16776 00
#16777 0) 10
#16778 1)
#16780 0)
#16781 1)
#16783 0)
#16784 1)
#16786 0)
#16788 1)
#16789 0)
#16791 1)
#16792 0)
#16793 00
#16794 1) 10
#16795 0)
#16797 1)
#16798 0)
#16800 1)
#16801 0) 00
#16802 1) 10
#16804 0) 0+
#16805 1) 1+
#16807 0)
#16808 1)
#16809 0)
#16810 1) 00
#16811 10
#16812 0)
#16813 1)
#16814 0)
#16816 1)
#16818 00
#16819 0) 10
#16820 1)
#16822 0)
#16823 1)
#16825 0)
#16826 1)
#16828 0)
#16829 1)
#16831 0)
#16832 1)
#16834 0)
#16835 1) 00
#16836 10
#16837 0)
#16838 1)
#16840 0)
#16841 1)
#16843 0) 00
#16844 1) 10
#16846 0)
#16847 1)
#16849 0)
#16850 1)
#16852 0)
#16853 1)
#16855 0)
#16856 1)
#16858 0)
#16859 1)
#16860 00
#16861 0) 10
#16862 1)
#16864 0)
#16865 1)
#16867 0)
#16868 1)
#16870 0)
#16871 1)
#16874 0)
#16876 1)
#16877 00
#16878 0) 10
#16879 1)
#16882 0)
#16883 1)
#16885 0) 00
#16886 1) 10
#16888 0)
#16889 1)
#16891 0)
#16892 1)
#16894 0)
#16895 1)
#16897 0)
#16898 1)
#16900 0)
#16901 1)
#16902 00
#16903 0) 10
#16904 1)
#16906 0)
#16907 1)
#16909 0)
#16910 1) 00
#16911 10
#16912 0)
#16913 1)
#16915 0)
#16916 1)
#16918 0)
#16919 1) 00
#16920 10
#16921 0)
#16922 1)
#16924 0)
#16925 1)
#16927 0) 00
#16928 1) 10
#16930 0)
#16931 1)
#16933 0) 0+
#16934 1) 1+
#16936 0)
#16937 1)
#16938 0)
#16939 1)
#16940 0)
#16942 1)
#16943 0)
#16944 00
#16945 1) 10
#16948 0)
#16949 1)
#16951 0)
#16952 1) 00
#16953 10
#16954 0)
#16955 1)
#16957 0)
#16958 1)
#16960 0)
#16961 1)
#16963 0)
#16964 1)
#16966 0)
#16967 1)
#16969 0) 00
#16970 1) 10
#16972 0)
#16973 1)
#16975 0)
#16976 1)
#16978 0)
#16979 1)
#16981 0)
#16982 1)
#16984 0)
#16985 1)
#16986 00
#16987 0) 10
#16988 1)
#16990 0)
#16991 1)
#16993 0)
#16994 1) 00
#16995 10
#16996 0)
#16997 1)
#16999 0)
#17000 1)
#17001 0)
#17002 1)
#17003 0)
#17005 1)
#17006 0)
#17008 1)
#17011 0) 00
#17012 1) 10
#17014 0)
#17015 1)
#17016 0(
#17017 1( 0)
#17018 1)
#17019 00
#17020 0) 10
#17021 1)
#17022 0(
#17023 1( 0)
#17024 1)
#17026 0)
#17027 1)
#17028 0( 00
#17029 1( 0) 10
#17030 1)
#17032 0)
#17033 1)
#17034 0(
#17035 1( 0)
#17036 1) 00
#17037 10
#17038 0)
#17039 1)
#17040 0(
#17041 1( 0)
#17042 1)
#17044 0)
#17045 1)
#17046 0(
#17047 1( 0)
#17048 1)
#17050 0)
#17051 1)
#17052 0(
#17053 1( 0) 00
#17054 1) 10
#17056 0)
#17057 1)
#17058 0(
#17059 1( 0)
#17060 1)
#17061 00
#17062 0) 10
#17063 1)
#17066 0)
#17067 1)
#17069 0)
#17070 1)
#17072 0)
#17073 1)
#17077 0)
#17078 1) 00
#17079 10
#17080 0( 0) 0*
#17081 1( 1) 1*
#17083 0)
#17084 1)
#17086 0( 0) 0+
#17087 1( 1) 1+
#17089 0)
#17090 1)
#17092 0( 0) 0*
#17093 1( 1) 1*
#17095 0) 00
#17096 1) 10
#17098 0( 0) 0+
#17099 1( 1) 1+
#17101 0)
#17102 1)
#17103 00
#17104 0( 0) 0* 10
#17105 1( 1) 1*
#17107 0)
#17108 1)
#17109 0)
#17110 0(
#17111 1( 1)
#17112 0)
#17114 1)
#17115 0)
#17116 0(
#17117 1( 1)
#17118 0)
#17120 1) 00
#17121 0) 10
#17122 0(
#17123 1( 1)
#17124 0)
#17126 1)
#17127 0)
#17128 00
#17129 1) 10
#17132 0)
#17133 1)
#17135 0)
#17136 1)
#17137 00
#17138 10
#17140 0)
#17141 1)
#17143 0)
#17144 0! 0% 0( 1)
#17145 1! 1% 1( 0) 00
#17146 10
#17147 1)
#17148 0)
#17150 1)
#17151 0)
#17153 1)
#17154 0)
#17156 1)
#17157 0)
#17159 1)
#17160 0)
#17162 1) 00
#17163 0) 10
#17165 1)
#17166 0)
#17168 1)
#17169 0)
#17170 00
#17171 1) 10
#17172 0)
#17174 1)
#17175 0)
#17177 1)
#17178 0)
#17180 0! 1)
#17181 1! 0)
#17183 1)
#17184 0)
#17186 1)
#17187 0) 00
#17188 10
#17189 1)
#17190 0)
#17192 1)
#17193 0)
#17194 1)
#17195 0)
#17196 1)
#17198 0)
#17199 1)
#17203 0)
#17204 1) 00
#17205 0) 10
#17207 1)
#17208 0)
#17210 1)
#17211 0)
#17212 00
#17213 1) 10
#17214 0)
#17216 1)
#17217 0)
#17219 1)
#17220 0)
#17222 1)
#17223 0)
#17225 1)
#17226 0)
#17228 1)
#17229 0) 00
#17230 10
#17231 1)
#17232 0)
#17234 1)
#17235 0)
#17237 1) 00
#17238 0) 10
#17240 1)
#17241 0)
#17243 1)
#17244 0)
#17246 1) 00
#17247 0) 10
#17249 1)
#17250 0)
#17252 1)
#17253 0) 0+
#17254 1+ 00
#17255 1) 10
#17256 0)
#17259 1)
#17261 0)
#17262 1)
#17264 0)
#17265 1)
#17268 0)
#17270 1)
#17271 0) 00
#17272 10
#17273 1)
#17274 0)
#17276 1)
#17277 0)
#17279 1) 00
#17280 0) 10
#17282 1)
#17283 0)
#17285 1)
#17286 0)
#17287 1)
#17289 0)
#17290 1)
#17292 0)
#17293 1)
#17295 0)
#17296 00
#17297 1) 10
#17298 0)
#17300 1)
#17301 0)
#17303 1)
#17304 0)
#17306 1)
#17307 0)
#17309 1)
#17310 0)
#17312 1)
#17313 0) 00
#17314 10
#17315 1)
#17316 0)
#17318 1)
#17319 0)
#17321 1) 00
#17322 10
#17324 0)
#17325 1)
#17327 0)
#17328 1)
#17331 0)
#17332 1)
#17334 0)
#17335 1)
#17337 0)
#17338 1) 00
#17339 10
#17340 0)
#17341 1)
#17343 0)
#17344 1)
#17346 0) 00
#17347 1) 10
#17349 0)
#17351 1)
#17352 0)
#17354 1)
#17355 0) 00
#17356 10
#17357 1)
#17358 0)
#17359 1)
#17361 0)
#17362 1)
#17363 00
#17364 0) 10
#17365 1)
#17367 0)
#17368 1)
#17370 0)
#17371 1)
#17373 0)
#17374 1)
#17376 0)
#17377 1)
#17379 0)
#17380 1) 00
#17381 10
#17382 0) 0+
#17383 1) 1+
#17385 0)
#17386 1)
#17387 0)
#17388 1) 00
#17389 10
#17390 0)
#17391 1)
#17393 0)
#17394 1)
#17397 0)
#17398 1)
#17400 0)
#17401 1)
#17403 0)
#17404 1)
#17405 00
#17406 0) 10
#17407 1)
#17409 0)
#17410 1)
#17412 0)
#17413 1)
#17415 0)
#17416 1)
#17418 0)
#17419 1)
#17421 0)
#17422 1) 00
#17423 10
#17424 0)
#17425 1)
#17427 0)
#17428 1)
#17430 0) 00
#17431 1) 10
#17433 0)
#17434 1)
#17436 0)
#17437 1)
#17439 0)
#17440 1)
#17442 0)
#17443 1)
#17445 0)
#17446 1)
#17447 00
#17448 0) 10
#17449 1)
#17450 0)
#17451 1)
#17452 0)
#17454 1)
#17455 0) 00
#17456 10
#17457 1)
#17460 0)
#17461 1)
#17463 0)
#17464 1) 00
#17465 0' 10
#17466 1' 0)
#17467 1)
#17469 0)
#17470 1)
#17471 0'
#17472 1' 0) 00
#17473 1) 10
#17475 0)
#17476 1)
#17477 0'
#17478 1' 0)
#17479 1)
#17481 0)
#17482 1)
#17483 0'
#17484 1' 0)
#17485 1)
#17487 0)
#17488 1)
#17489 0' 00
#17490 1' 0) 10
#17491 1)
#17493 0)
#17494 1)
#17495 0'
#17496 1' 0)
#17497 1) 00
#17498 10
#17499 0)
#17500 1)
#17501 0'
#17502 1' 0)
#17503 1)
#17505 0)
#17506 1)
#17507 0'
#17508 1' 0)
#17509 1)
#17511 0)
#17512 1)
#17514 00
#17515 0) 10
#17517 1)
#17518 0)
#17520 1)
#17521 0)
#17522 1)
#17526 0)
#17527 1)
#17529 0' 0) 0*
#17530 1' 1) 1*
#17531 00
#17532 0) 10
#17533 1)
#17535 0' 0) 0+
#17536 1' 1) 1+
#17538 0)
#17539 1) 00
#17540 10
#17541 0' 0) 0*
#17542 1' 1) 1*
#17544 0)
#17545 1)
#17547 0' 0) 0+
#17548 1' 1) 1+
#17550 0)
#17551 1)
#17553 0' 0) 0*
#17554 1' 1) 1*
#17556 0) 00
#17557 1) 10
#17559 0' 0) 0+
#17560 1' 1) 1+
#17562 0)
#17563 1)
#17564 00
#17565 0' 0) 0* 10
#17566 1' 1) 1*
#17568 0)
#17569 1)
#17571 0' 0) 0+
#17572 1' 1) 1+
#17573 00
#17574 0) 0+ 10
#17575 1) 1+
#17577 0)
#17578 1)
#17579 0)
#17580 1)
#17581 0) 00
#17582 10
#17583 1)
#17584 0)
#17585 1)
#17589 0)
#17590 1)
#17592 0)
#17593 0! 0$ 0% 0' 1)
#17594 1! 1$ 1% 1'
#17595 0)
#17596 1)
#17598 0) 00
#17599 0$ 0% 0' 1) 10
#17600 1$ 1% 1'
#17601 0)
#17602 1)
#17604 0)
#17605 0! 0" 0# 0% 0' 1)
#17606 1! 1" 1# 1% 1' 00
#17607 0) 10
#17608 1)
#17610 0)
#17611 0" 0# 0% 0' 1)
#17612 1" 1# 1% 1'
#17613 0)
#17614 1)
#17616 0)
#17617 0! 0# 0% 0' 1)
#17618 1! 1# 1% 1'
#17619 0)
#17620 1)
#17622 0)
#17623 0# 0% 0' 1) 00
#17624 1# 1% 1' 10
#17625 0)
#17626 1)
#17628 0)
#17629 0! 0" 0% 0' 1)
#17630 1! 1" 1% 1'
#17631 0)
#17632 1)
#17633 0)
#17635 0" 0% 0' 1)
#17636 1" 1% 1' 0)
#17638 1)
#17639 0)
#17640 00
#17641 1) 10
#17642 0)
#17643 1)
#17644 0)
#17645 1)
#17647 0)
#17648 1) 00
#17649 10
#17652 0)
#17653 1)
#17655 0)
#17656 1)
#17658 0)
#17659 1)
#17661 0)
#17662 1)
#17664 0)
#17665 1) 00
#17666 10
#17667 0)
#17668 1)
#17669 0)
#17671 1)
#17672 0)
#17673 00
#17674 1) 10
#17675 0)
#17677 1)
#17678 0)
#17680 1)
#17681 0)
#17682 00
#17683 1) 10
#17684 0)
#17686 1)
#17687 0)
#17689 1)
#17690 0) 00
#17691 10
#17692 1)
#17693 0)
#17695 1)
#17697 0)
#17698 1)
#17700 0)
#17701 1)
#17703 0)
#17704 1)
#17705 0)
#17707 00
#17708 1) 10
#17710 0)
#17711 1)
#17713 0)
#17714 1)
#17715 00
#17716 10
#17717 0)
#17719 1)
#17720 0)
#17722 1)
#17723 0)
#17725 1)
#17726 0)
#17728 1)
#17729 0)
#17731 1)
#17732 0) 00
#17733 10
#17734 1)
#17735 0)
#17737 1)
#17738 0)
#17740 1)
#17741 0)
#17743 1)
#17744 0)
#17746 1)
#17747 0)
#17749 1) 00
#17750 0) 10
#17752 1)
#17753 0)
#17755 1)
#17756 0)
#17757 00
#17758 1) 10
#17759 0)
#17761 1)
#17762 0)
#17764 1)
#17765 0)
#17767 1)
#17768 0)
#17770 1)
#17773 0)
#17774 1) 00
#17775 10
#17776 0)
#17777 1)
#17780 0)
#17782 1) 00
#17783 0) 10
#17785 1)
#17786 0)
#17788 1)
#17789 0)
#17791 1) 00
#17792 0) 10
#17794 1)
#17795 0)
#17797 1)
#17798 0)
#17799 00
#17800 1) 10
#17801 0)
#17803 1)
#17804 0)
#17806 1)
#17807 0)
#17809 1)
#17810 0)
#17812 1)
#17813 0)
#17815 1)
#17816 0) 00
#17817 10
#17818 1)
#17819 0)
#17821 1)
#17822 0)
#17824 1) 00
#17825 0) 10
#17827 1)
#17828 0)
#17830 1)
#17831 0) 0+
#17832 1+
#17833 1)
#17834 0)
#17835 1)
#17836 0)
#17837 1)
#17839 0)
#17840 1)
#17841 00
#17842 0) 10
#17843 1)
#17844 0)
#17845 1)
#17846 0)
#17847 1)
#17849 0)
#17850 1)
#17852 0)
#17853 1)
#17855 0)
#17856 1)
#17858 0) 00
#17859 1) 10
#17861 0)
#17863 1)
#17864 0)
#17866 1) 00
#17867 0) 10
#17869 1)
#17870 0)
#17872 1)
#17873 0)
#17875 1)
#17876 0)
#17878 1)
#17879 0)
#17881 1)
#17882 0)
#17883 1) 00
#17884 10
#17885 0)
#17886 1)
#17888 0)
#17889 1)
#17891 0) 00
#17892 1) 10
#17894 0)
#17895 1)
#17897 0)
#17898 1)
#17899 0)
#17900 1) 00
#17901 10
#17902 0)
#17903 1)
#17905 0)
#17906 1)
#17908 00
#17909 0) 10
#17910 1)
#17912 0)
#17913 1)
#17915 0)
#17916 1)
#17918 0)
#17919 1)
#17921 0)
#17922 1)
#17924 0)
#17925 1) 00
#17926 10
#17927 0)
#17928 1)
#17930 0)
#17931 1)
#17933 0) 00
#17934 1) 10
#17936 0)
#17937 1)
#17939 0)
#17940 1)
#17942 0)
#17943 1)
#17945 0)
#17946 1)
#17948 0)
#17949 1)
#17950 00
#17951 0) 10
#17952 1)
#17954 0)
#17955 1)
#17957 0)
#17958 1)
#17960 0)
#17961 1)
#17963 0)
#17964 1)
#17965 0)
#17966 1)
#17967 0) 00
#17968 10
#17969 1)
#17970 0)
#17971 1)
#17975 0) 00
#17976 1) 10
#17978 0) 0*
#17979 1) 1*
#17981 0)
#17982 1)
#17984 0) 0+
#17985 1) 1+
#17987 0)
#17988 1)
#17990 0) 0*
#17991 1) 1*
#17992 00
#17993 0) 10
#17994 1)
#17996 0) 0+
#17997 1) 1+
#17999 0)
#18000 1) 00
#18001 10
#18002 0) 0*
#18003 1) 1*
#18005 0)
#18006 1)
#18008 0) 0+
#18009 1) 1+ 00
#18010 10
#18011 0)
#18012 1)
#18014 0) 0*
#18015 1) 1*
#18017 0) 00
#18018 1) 10
#18020 0) 0+
#18021 1) 1+
#18023 0) 0+
#18024 1) 1+
#18026 0)
#18027 1)
#18028 0)
#18029 1)
#18030 0)
#18032 1)
#18033 0)
#18034 00
#18035 1) 10
#18038 0)
#18039 1)
#18041 0)
#18042 0! 0& 1) 00
#18043 1! 1& 10
#18044 0)
#18045 1)
#18047 0)
#18048 0& 1)
#18049 1&
#18050 0)
#18051 1)
#18053 0)
#18054 0! 0" 0# 0$ 0% 1)
#18055 1! 1" 1# 1$ 1%
#18056 0)
#18057 1)
#18059 0) 00
#18060 0" 0# 0$ 0% 1) 10
#18061 1" 1# 1$ 1%
#18062 0)
#18063 1)
#18065 0)
#18066 0! 0# 0$ 0% 1)
#18067 1! 1# 1$ 1%
#18068 0)
#18069 1)
#18071 0)
#18072 0# 0$ 0% 1)
#18073 1# 1$ 1%
#18074 0)
#18075 1)
#18076 00
#18077 0) 10
#18078 0! 0" 0$ 0% 1)
#18079 1! 1" 1$ 1%
#18080 0)
#18081 1)
#18083 0)
#18084 0" 0$ 0% 1) 00
#18085 1" 1$ 1% 10
#18086 0)
#18087 1)
#18089 0)
#18090 1)
#18091 0)
#18092 1)
#18093 0)
#18095 1)
#18096 0)
#18098 1)
#18101 0) 00
#18102 1) 10
#18104 0)
#18105 1)
#18107 0)
#18108 1)
#18109 00
#18110 0) 10
#18111 1)
#18113 0)
#18114 1)
#18116 0)
#18117 1)
#18118 00
#18119 0) 10
#18120 1)
#18122 0)
#18123 1)
#18125 0)
#18126 1) 00
#18127 10
#18128 0)
#18129 1)
#18131 0)
#18132 1)
#18134 0)
#18135 1)
#18137 0)
#18138 1)
#18140 0)
#18141 1)
#18143 0) 00
#18144 1) 10
#18146 0)
#18147 1)
#18149 0)
#18150 1)
#18151 00
#18152 0) 0+ 10
#18153 1) 1+
#18155 0)
#18157 1)
#18159 0)
#18160 1)
#18162 0)
#18163 1)
#18167 0)
#18168 1) 00
#18169 10
#18170 0)
#18171 1)
#18173 0)
#18174 1)
#18176 0)
#18177 1)
#18179 0)
#18180 1)
#18182 0)
#18183 1)
#18185 0) 00
#18186 1) 10
#18188 0)
#18189 1)
#18190 0)
#18192 1)
#18193 0) 00
#18194 10
#18195 1)
#18196 0)
#18198 1)
#18199 0)
#18201 1)
#18202 0)
#18204 1)
#18205 0)
#18207 1)
#18209 0)
#18210 1) 00
#18211 10
#18212 0)
#18213 1)
#18215 0) 0+
#18216 1) 1+
#18218 0) 00
#18219 1) 10
#18222 0)
#18223 1)
#18225 0)
#18226 1)
#18227 00
#18228 10
#18229 0)
#18231 1)
#18232 0)
#18234 1)
#18235 0) 00
#18236 10
#18237 1)
#18238 0)
#18240 1)
#18241 0)
#18243 1)
#18244 0)
#18246 1)
#18247 0)
#18249 1)
#18250 0)
#18252 1) 00
#18253 0) 10
#18255 1)
#18256 0)
#18258 1)
#18259 0)
#18260 00
#18261 1) 10
#18262 0)
#18264 1)
#18265 0)
#18267 1)
#18268 0)
#18270 1)
#18271 0)
#18273 1)
#18274 0)
#18276 1)
#18277 0) 00
#18278 10
#18279 1)
#18280 0) 0+
#18281 1+
#18282 1)
#18283 0)
#18284 1)
#18285 0)
#18286 1)
#18288 0)
#18289 1)
#18291 0)
#18292 1)
#18293 0)
#18294 1) 00
#18295 0) 10
#18297 1)
#18298 0)
#18300 1)
#18301 0)
#18302 00
#18303 1) 10
#18304 0)
#18306 1)
#18307 0)
#18309 1)
#18310 0)
#18312 1)
#18313 0)
#18315 1)
#18316 0)
#18318 1)
#18319 0) 00
#18320 10
#18321 1)
#18322 0)
#18324 1)
#18325 0)
#18327 1) 00
#18328 0) 10
#18330 1)
#18331 0)
#18333 1)
#18334 0)
#18336 1) 00
#18337 0) 10
#18339 1)
#18340 0)
#18342 1)
#18343 0)
#18344 00
#18345 1) 10
#18346 0)
#18349 1)
#18351 0)
#18352 1)
#18354 0)
#18355 1)
#18358 0)
#18360 1)
#18361 0) 00
#18362 10
#18363 0' 0( 1)
#18364 1' 1( 0)
#18366 1)
#18367 0)
#18369 0' 0( 1) 00
#18370 1' 1( 0) 10
#18372 1)
#18373 0)
#18375 0' 0( 1)
#18376 1' 1( 0)
#18378 1)
#18379 0)
#18381 0' 0( 1)
#18382 1' 1( 0)
#18384 1)
#18385 0)
#18386 00
#18387 0' 0( 1) 10
#18388 1' 1( 0)
#18390 1)
#18391 0)
#18393 0' 0( 1)
#18394 1' 1( 0)
#18396 1)
#18397 0)
#18399 0' 0( 1)
#18400 1' 1( 0)
#18402 1)
#18403 0) 00
#18404 1) 10
#18405 0' 0(
#18406 1' 1( 0)
#18407 1)
#18409 0)
#18410 1)
#18411 00
#18412 0) 10
#18413 1)
#18414 0)
#18415 1)
#18417 0)
#18418 1)
#18424 0)
#18426 1)
#18427 0' 0( 0) 0*
#18428 1' 1( 1* 00
#18429 1) 10
#18430 0)
#18432 1)
#18433 0' 0( 0) 0+
#18434 1' 1( 1+
#18435 1)
#18436 0) 00
#18437 10
#18438 1)
#18439 0' 0( 0) 0*
#18440 1' 1( 1) 1*
#18442 0)
#18443 1)
#18445 0' 0( 0) 0+ 00
#18446 1' 1( 1) 1+ 10
#18448 0)
#18449 1)
#18451 0' 0( 0) 0*
#18452 1' 1( 1) 1*
#18453 00
#18454 0) 10
#18455 1)
#18457 0' 0( 0) 0+
#18458 1' 1( 1) 1+
#18460 0)
#18461 1)
#18463 0' 0( 0) 0*
#18464 1' 1( 1) 1*
#18466 0)
#18467 1)
#18469 0' 0( 0) 0+
#18470 1' 1( 1) 1+ 00
#18471 10
#18472 0) 0+
#18473 1) 1+
#18475 0)
#18476 1)
#18477 0)
#18478 1) 00
#18479 10
#18480 0)
#18481 1)
#18483 0)
#18484 1)
#18487 0)
#18488 1)
#18490 0)
#18491 0! 0$ 0& 0' 0( 1)
#18492 1! 1$ 1& 1' 1(
#18493 0)
#18494 1)
#18495 00
#18496 0) 10
#18497 0$ 0& 0' 0( 1)
#18498 1$ 1& 1' 1(
#18499 0)
#18500 1)
#18502 0)
#18503 0! 0" 0# 0& 0' 0( 1)
#18504 1! 1" 1# 1& 1' 1(
#18505 0)
#18506 1)
#18508 0)
#18509 0" 0# 0& 0' 0( 1)
#18510 1" 1# 1& 1' 1(
#18511 0)
#18512 1) 00
#18513 10
#18514 0)
#18515 0! 0# 0& 0' 0( 1)
#18516 1! 1# 1& 1' 1(
#18517 0)
#18518 1)
#18520 0) 00
#18521 0# 0& 0' 0( 1) 10
#18522 1# 1& 1' 1(
#18523 0)
#18524 1)
#18526 0)
#18527 0! 0" 0& 0' 0( 1)
#18528 1! 1" 1& 1' 1(
#18529 0)
#18530 1)
#18532 0)
#18533 0" 0& 0' 0( 1)
#18534 1" 1& 1' 1(
#18535 0)
#18536 1)
#18537 00
#18538 0) 10
#18539 1)
#18540 0)
#18541 1)
#18542 0)
#18544 1)
#18545 0) 00
#18546 10
#18547 1)
#18550 0)
#18551 1)
#18553 0)
#18554 1) 00
#18555 10
#18556 0)
#18557 1)
#18559 0)
#18560 1)
#18562 0) 00
#18563 1) 10
#18565 0)
#18566 1)
#18568 0)
#18569 1)
#18571 0)
#18572 1)
#18574 0)
#18575 1)
#18577 0)
#18578 1)
#18579 00
#18580 0) 10
#18581 1)
#18583 0)
#18584 1)
#18586 0)
#18587 1) 00
#18588 10
#18589 0)
#18590 1)
#18592 0)
#18593 1)
#18595 0)
#18596 1)
#18598 0)
#18599 1)
#18601 0) 0+
#18602 1) 1+
#18604 0) 00
#18605 10
#18607 1)
#18608 0)
#18610 1)
#18611 0)
#18612 1)
#18616 0)
#18617 1)
#18619 0)
#18620 1)
#18621 00
#18622 0) 10
#18623 1)
#18625 0)
#18626 1)
#18628 0)
#18629 1) 00
#18630 10
#18631 0)
#18632 1)
#18634 0)
#18635 1)
#18637 0)
#18638 1)
#18640 0)
#18641 1)
#18643 0)
#18644 1)
#18646 0) 00
#18647 1) 10
#18649 0)
#18650 1)
#18652 0)
#18653 1)
#18654 00
#18655 0) 10
#18656 1)
#18658 0)
#18659 1)
#18661 0)
#18662 1)
#18663 00
#18664 0) 0+ 10
#18665 1) 1+
#18667 0)
#18668 1)
#18671 0) 00
#18672 1) 10
#18674 0)
#18675 1)
#18679 0)
#18680 1)
#18682 0)
#18683 1)
#18685 0)
#18686 1)
#18688 0) 00
#18689 1) 10
#18691 0)
#18692 1)
#18694 0)
#18695 1)
#18696 00
#18697 0) 10
#18698 1)
#18700 0)
#18701 1)
#18703 0)
#18704 1)
#18705 00
#18706 0) 10
#18707 1)
#18709 0)
#18710 1)
#18712 0)
#18713 1) 00
#18714 10
#18715 0)
#18716 1)
#18718 0)
#18719 1)
#18721 0)
#18722 1)
#18724 0)
#18725 1)
#18727 0)
#18728 1)
#18730 0) 00
#18731 1) 10
#18734 0)
#18735 1)
#18737 0)
#18738 1) 00
#18739 10
#18740 0)
#18741 1)
#18742 0)
#18743 1)
#18745 0)
#18746 1)
#18748 0)
#18749 1)
#18750 0)
#18752 1)
#18753 0)
#18755 1) 00
#18756 0) 10
#18758 1)
#18759 0)
#18761 1)
#18762 0)
#18763 00
#18764 1) 10
#18765 0)
#18767 1)
#18768 0)
#18770 1)
#18772 0) 00
#18773 1) 10
#18775 0)
#18776 1)
#18778 0)
#18779 1)
#18780 00
#18781 0) 10
#18782 1)
#18784 0)
#18785 1)
#18786 0)
#18788 1)
#18789 0)
#18791 1)
#18792 0)
#18794 1)
#18795 0)
#18797 00
#18798 1) 10
#18800 0)
#18801 1)
#18803 0)
#18804 1)
#18805 00
#18806 10
#18807 0)
#18809 1)
#18810 0)
#18812 0' 0( 1)
#18813 1' 1( 0)
#18814 00
#18815 1) 10
#18816 0)
#18818 0' 0( 1)
#18819 1' 1( 0)
#18821 1)
#18822 0) 00
#18823 10
#18824 0( 1)
#18825 1( 0)
#18827 1)
#18828 0)
#18830 0( 1)
#18831 1( 0)
#18833 1)
#18834 0)
#18836 0( 1)
#18837 1( 0)
#18839 1) 00
#18840 0) 10
#18842 0( 1)
#18843 1( 0)
#18845 1)
#18846 0)
#18847 00
#18848 0( 1) 10
#18849 1( 0)
#18851 1)
#18852 0)
#18854 0( 1)
#18855 1( 0)
#18857 1)
#18858 0)
#18860 1)
#18861 0)
#18862 1)
#18863 0)
#18864 1) 00
#18865 10
#18866 0)
#18867 1)
#18871 0)
#18872 1) 00
#18873 0) 10
#18875 1)
#18876 0( 0) 0*
#18877 1( 1*
#18878 1)
#18879 0)
#18881 1) 00
#18882 0( 0) 0+ 10
#18883 1( 1+
#18884 1)
#18885 0)
#18887 1)
#18888 0( 0) 0*
#18889 1( 1* 00
#18890 1) 10
#18891 0)
#18893 1)
#18894 0( 0) 0+
#18895 1( 1+
#18896 1)
#18897 0)
#18899 1)
#18900 0( 0) 0*
#18901 1( 1*
#18902 1)
#18903 0)
#18905 1)
#18906 0( 0) 0+ 00
#18907 1( 1+ 10
#18908 1)
#18909 0)
#18911 1)
#18912 0( 0) 0*
#18913 1( 1*
#18914 1) 00
#18915 0) 10
#18917 1)
#18918 0( 0) 0+
#18919 1( 1+
#18920 1)
#18921 0) 0+
#18922 1+
#18923 1) 00
#18924 0) 10
#18925 1)
#18926 0)
#18927 1)
#18929 0)
#18930 1)
#18931 00
#18932 0) 10
#18933 1)
#18936 0)
#18938 1)
#18939 0)
#18940 0! 0% 0& 0(
#18941 1! 1% 1& 1( 1)
#18942 0)
#18944 1)
#18945 0)
#18946 0% 0& 0(
#18947 1% 1& 1( 1)
#18948 0) 00
#18949 10
#18950 1)
#18951 0)
#18952 0! 0" 0# 0$ 0& 0(
#18953 1! 1" 1# 1$ 1& 1( 1)
#18954 0)
#18956 1) 00
#18957 0) 10
#18958 0" 0# 0$ 0& 0(
#18959 1" 1# 1$ 1& 1( 1)
#18960 0)
#18962 1)
#18963 0)
#18964 0! 0# 0$ 0& 0( 1)
#18965 1! 1# 1$ 1& 1(
#18966 0)
#18967 1)
#18969 0)
#18970 0# 0$ 0& 0( 1)
#18971 1# 1$ 1& 1(
#18972 0)
#18973 1) 00
#18974 10
#18975 0)
#18976 0! 0" 0$ 0& 0( 1)
#18977 1! 1" 1$ 1& 1(
#18978 0)
#18979 1)
#18981 0)
#18982 0" 0$ 0& 0( 1)
#18983 1" 1$ 1& 1(
#18984 0)
#18985 1)
#18987 0)
#18989 1)
#18990 00
#18991 10
#18992 0)
#18993 1)
#18995 0)
#18996 1)
#18998 00
#18999 0) 10
#19000 1)
#19002 0)
#19003 1)
#19005 0)
#19006 1)
#19008 0)
#19009 1)
#19011 0)
#19012 1)
#19014 0)
#19015 1) 00
#19016 10
#19017 0)
#19018 1)
#19020 0)
#19021 1)
#19023 0) 00
#19024 1) 10
#19026 0)
#19027 1)
#19029 0)
#19030 1)
#19032 0) 00
#19033 1) 10
#19035 0)
#19036 1)
#19038 0)
#19039 1)
#19040 00
#19041 0) 10
#19042 1)
#19044 0)
#19045 1)
#19047 0)
#19048 1)
#19050 0) 0+
#19051 1) 1+
#19053 0)
#19056 1)
#19057 0) 00
#19058 10
#19059 1)
#19060 0)
#19061 1)
#19065 0) 00
#19066 1) 10
#19068 0)
#19069 1)
#19071 0)
#19072 1)
#19074 0)
#19075 1)
#19077 0)
#19078 1)
#19080 0)
#19081 1)
#19082 00
#19083 0) 10
#19084 1)
#19086 0)
#19087 1)
#19089 0)
#19090 1)
#19092 0)
#19093 1)
#19095 0)
#19096 1)
#19098 0)
#19099 1) 00
#19100 10
#19101 0)
#19102 1)
#19104 0)
#19105 1)
#19107 0) 00
#19108 1) 10
#19110 0)
#19111 1)
#19113 0) 0+
#19114 1) 1+
#19116 0)
#19117 1)
#19118 0)
#19119 1)
#19120 0)
#19122 1)
#19123 0)
#19124 00
#19125 1) 10
#19128 0)
#19129 1)
#19131 0)
#19132 1) 00
#19133 10
#19134 0)
#19135 1)
#19137 0)
#19138 1)
#19140 0)
#19141 1) 00
#19142 10
#19143 0)
#19144 1)
#19146 0)
#19147 1)
#19149 0) 00
#19150 1) 10
#19152 0)
#19153 1)
#19155 0)
#19156 1)
#19158 0)
#19159 1)
#19161 0)
#19162 1)
#19164 0)
#19165 1)
#19166 00
#19167 0) 10
#19168 1)
#19170 0)
#19171 1)
#19173 0)
#19174 1) 00
#19175 10
#19176 0)
#19177 1)
#19179 0)
#19180 1)
#19183 0)
#19185 1)
#19186 0)
#19188 1)
#19189 0)
#19190 1)
#19191 0) 00
#19192 1) 10
#19194 0)
#19195 1)
#19197 0)
#19198 1)
#19200 0)
#19201 1)
#19203 0)
#19204 1)
#19206 0)
#19207 1)
#19208 00
#19209 0) 10
#19210 1)
#19212 0)
#19213 1)
#19215 0)
#19216 1) 00
#19217 10
#19218 0)
#19219 1)
#19221 0)
#19222 1)
#19224 0)
#19225 1)
#19227 0)
#19228 1)
#19230 0)
#19231 1)
#19233 0) 00
#19234 1) 10
#19236 0)
#19237 1)
#19239 0)
#19240 1)
#19241 00
#19242 0) 0+ 10
#19243 1) 1+
#19245 0)
#19246 1)
#19247 0)
#19248 1)
#19249 0)
#19250 00
#19251 1) 10
#19252 0)
#19254 1)
#19257 0)
#19258 1) 00
#19259 10
#19260 0)
#19261 1)
#19263 0)
#19264 1)
#19266 0)
#19267 1)
#19269 0)
#19270 1)
#19272 0)
#19273 0( 1)
#19274 1( 0)
#19275 00
#19276 1) 10
#19277 0)
#19279 0( 1)
#19280 1(
#19281 0)
#19282 1)
#19283 00
#19284 0) 10
#19285 1)
#19287 0)
#19288 1)
#19290 0)
#19291 1)
#19293 0)
#19294 1)
#19296 0)
#19297 1)
#19299 0)
#19300 1) 00
#19301 10
#19302 0)
#19303 1)
#19305 0)
#19306 1)
#19308 0)
#19309 1)
#19310 0)
#19311 1)
#19312 0)
#19313 1)
#19315 0)
#19316 1)
#19317 00
#19318 10
#19320 0)
#19321 1)
#19322 0)
#19324 1)
#19325 0( 0) 00
#19326 1( 10
#19327 1)
#19328 0)
#19330 1)
#19331 0( 0)
#19332 1(
#19333 1)
#19335 0)
#19336 1)
#19337 0'
#19338 1' 0)
#19339 1)
#19341 0)
#19342 1) 00
#19343 0' 0) 10
#19344 1'
#19345 1)
#19346 0)
#19348 1)
#19349 0' 0)
#19350 1' 00
#19351 1) 10
#19352 0)
#19354 1)
#19355 0' 0)
#19356 1'
#19357 1)
#19358 0)
#19359 00
#19360 1) 10
#19361 0' 0) 0*
#19362 1' 1*
#19363 1)
#19364 0)
#19366 1)
#19367 0' 0) 00
#19368 1' 10
#19369 1)
#19370 0)
#19372 1)
#19373 0)
#19374 1)
#19375 0)
#19376 1)
#19378 0)
#19379 1)
#19381 0)
#19382 1)
#19384 00
#19385 0) 10
#19387 1)
#19388 0)
#19389 0'
#19390 1' 1)
#19391 0)
#19392 00
#19393 1) 10
#19394 0)
#19395 0$ 0% 0& 0'
#19396 1$ 1% 1& 1' 1)
#19397 0)
#19399 1)
#19400 0)
#19401 0! 0" 0# 0% 0& 0'
#19402 1! 1" 1# 1% 1& 1' 1)
#19403 0)
#19405 1)
#19406 0)
#19407 0" 0# 0% 0& 0'
#19408 1" 1# 1% 1& 1' 1)
#19409 0) 00
#19410 10
#19411 1)
#19412 0)
#19413 0! 0# 0% 0& 0'
#19414 1! 1# 1% 1& 1' 1)
#19415 0)
#19417 1)
#19418 0)
#19419 0# 0% 0& 0'
#19420 1# 1% 1& 1' 1)
#19421 0)
#19423 1)
#19424 0)
#19425 0% 0& 0'
#19426 1% 1& 1' 1) 00
#19427 0) 10
#19429 1)
#19430 0)
#19431 0" 0% 0& 0'
#19432 1" 1% 1& 1' 1)
#19433 0)
#19434 00
#19435 1) 10
#19436 0)
#19438 1)
#19441 0)
#19442 1)
#19444 0)
#19445 1)
#19448 0)
#19450 1)
#19451 0) 00
#19452 10
#19453 1)
#19454 0)
#19456 1)
#19457 0)
#19459 1) 00
#19460 0) 10
#19462 1)
#19463 0)
#19465 1)
#19466 0)
#19468 1) 00
#19469 0) 10
#19471 1)
#19472 0)
#19474 1)
#19475 0)
#19476 00
#19477 1) 10
#19478 0)
#19480 1)
#19481 0)
#19483 1)
#19484 0)
#19485 1)
#19487 0)
#19488 1)
#19490 0)
#19491 1)
#19493 0) 00
#19494 1) 10
#19496 0)
#19497 1)
#19499 0) 0+
#19500 1+
#19501 1) 00
#19502 0) 10
#19503 1)
#19504 0)
#19505 1)
#19507 0)
#19508 1)
#19512 0)
#19513 1)
#19514 0)
#19516 1)
#19517 0)
#19518 00
#19519 1) 10
#19520 0)
#19521 1)
#19523 0)
#19524 1)
#19526 0)
#19527 1)
#19529 0)
#19530 1)
#19532 0)
#19533 1)
#19535 0) 00
#19536 1) 10
#19538 0)
#19539 1)
#19541 0)
#19542 1)
#19543 00
#19544 0) 10
#19545 1)
#19547 0)
#19548 1)
#19550 0)
#19551 1)
#19553 0)
#19554 1)
#19556 0)
#19557 1)
#19559 0)
#19560 1) 00
#19561 10
#19562 0) 0+
#19563 1) 1+
#19565 0)
#19566 1)
#19567 0)
#19568 1) 00
#19569 0) 10
#19571 1)
#19572 0)
#19574 1)
#19577 0) 00
#19578 10
#19584 00
#19585 10
#19592 00
#19593 10
#19594 0+
#19595 1+
#19597 0+
#19598 1+
#19609 00
#19610 10
#19616 1)
#19617 0) 00
#19618 10
#19619 1)
#19620 0)
#19622 1)
#19623 0)
#19625 1)
#19626 0)
#19627 0! 0" 0# 0$ 0% 0& 0' 0(
#19628 1! 1" 1# 1$ 1% 0*
#19629 0%
#19630 0! 0" 0# 0$ 1*
#19631 1! 1" 1# 1$ 0*
#19632 1% 1*
#19633 0! 0$ 1' 1( 1)
#19634 1! 1$ 0% 0' 0( 0) 0* 00
#19635 1% 1* 10
#19636 0! 0$ 1' 1( 1)
#19637 1! 1$ 0% 0' 0( 0) 0*
#19638 1% 1*
#19639 0% 1)
#19640 1% 1& 1' 1( 0)
#19641 0! 0" 0# 0$ 0% 0& 0' 0(
#19642 1! 1" 1# 1$ 1% 1& 1' 1( 00
#19643 0! 0" 0# 0$ 0% 0& 0' 0( 0* 0- 10
#19644 1$ 1* 1-
#19645 1! 1" 1# 0$ 0-
#19646 0! 0" 0# 1$ 0*
#19647 0$ 1% 1* 1-
#19648 1! 1" 1# 1$ 0% 0-
#19649 0! 0" 0# 0$ 1% 0*
#19650 1$ 1* 1-
#19651 1! 1" 1# 0$ 0- 00
#19652 0! 0" 0# 1$ 0* 10
#19653 0$ 0% 1& 1* 1-
#19654 1! 1" 1# 1$ 1% 0& 0-
#19655 0! 0" 0# 0$ 0% 1& 0*
#19656 1$ 1-
#19657 1" 1# 0$ 1* 0-
#19658 0" 0# 1$ 0*
#19659 0$ 1% 1- 00
#19660 1" 1# 1$ 0% 1* 0- 10
#19661 0" 0# 0$ 1% 0*
#19662 1$ 1-
#19663 1" 1# 0$ 1* 0-
#19664 0" 0# 1$ 0*
#19665 0$ 0% 0& 1' 1-
#19666 1" 1# 1$ 1% 1& 0' 1* 0-
#19667 0" 0# 0$ 0% 0& 1' 0*
#19668 1$ 1-
#19669 1" 1# 0$ 1* 0-
#19670 0" 0# 1$ 0*
#19671 0$ 1% 1-
#19672 1" 1# 1$ 0% 1* 0-
#19673 0" 0# 0$ 1% 0*
#19674 1$ 1-
#19675 1! 1" 1# 0$ 1* 0-
#19676 0! 0" 0# 1$ 0* 00
#19677 0$ 0% 1& 1* 1- 10
#19678 1! 1" 1# 1$ 1% 0& 0-
#19679 0! 0" 0# 0$ 0% 1& 0*
#19680 1$ 1* 1-
#19681 1! 1" 1# 0$ 0-
#19682 0! 0" 0# 1$ 0*
#19683 0$ 1% 1* 1-
#19684 1! 1" 1# 1$ 0% 0- 00
#19685 0! 0" 0# 0$ 1% 0* 10
#19686 1$ 1* 1-
#19687 1! 1" 1# 0$ 0-
#19688 0! 0" 0# 1$ 0*
#19689 1! 1" 1# 1( 1* 1-
#19690 0( 0-
#19691 0! 0" 0$ 0% 0& 0' 1-
#19692 0# 0*
#19693 1# 1% 1' 1( 1) 1* 00
#19694 1$ 0% 0' 0( 0) 10
#19695 0# 1% 1' 1(
#19696 0$ 0% 1& 0(
#19697 1" 1% 0& 0' 0*
#19698 0" 1$ 1' 1( 1) 1*
#19699 0$ 0% 1& 0' 0)
#19700 1" 1$ 1% 0& 0( 0*
#19701 0" 1' 1( 1) 1* 00
#19702 0$ 0% 1& 0) 10
#19703 1% 0( 1)
#19704 1! 1" 1# 1$ 1(
#19705 0! 0$ 0& 0)
#19706 1! 1$ 1& 0+
#19707 0! 0" 0# 0$ 0% 0& 0' 0( 1) 1+
#19708 1" 1# 1% 1' 1( 0)
#19709 0% 0' 0* 0-
#19710 0" 0# 0( 1) 1* 1-
#19711 1" 1# 1% 1' 1( 0)
#19712 1$ 0% 0' 0* 0-
#19713 0" 0# 0$ 0( 1) 1* 1-
#19714 1" 1# 1% 1' 1( 0)
#19715 0' 0* 0-
#19716 0" 0# 0% 0( 1) 1* 1-
#19717 1" 1# 1% 1' 1( 0)
#19718 1$ 0' 0* 0- 00
#19719 0" 0# 0$ 0% 0( 1) 1* 1- 10
#19720 1" 1# 1% 1' 1( 0)
#19721 0% 1& 0' 0* 0-
#19722 0" 0# 0& 0( 1) 1* 1-
#19723 1" 1% 1( 0)
#19724 1# 1$ 0% 1& 0* 0-
#19725 0" 0# 0$ 0& 0( 1) 1* 1-
#19726 1% 0) 00
#19727 1" 1# 1& 1( 0* 0- 10
#19728 0" 0# 0% 0& 0( 1) 1* 1-
#19729 1" 1% 1' 1( 0)
#19730 1# 1$ 1& 0' 0* 0-
#19731 0" 0# 0$ 0% 0& 0( 1) 1* 1-
#19732 1" 1# 1% 1' 1( 0)
#19733 0% 0* 0-
#19734 0" 0# 0' 0( 1) 1* 1-
#19735 1" 1# 1% 1' 1( 0)
#19736 1$ 0% 0* 0-
#19737 0" 0# 0$ 0' 0( 1) 1* 1-
#19738 1" 1# 1% 1' 1( 0)
#19739 0* 0-
#19740 0" 0# 0% 0' 0( 1) 1* 1-
#19741 1" 1# 1% 1' 1( 0)
#19742 1$ 0* 0-
#19743 0" 0# 0$ 0% 0' 0( 1) 1* 1- 00
#19744 1" 1# 1% 1' 1( 0) 10
#19745 0% 1& 0* 0-
#19746 0" 0# 0& 0' 0( 1) 1* 1-
#19747 1" 1# 1% 1' 1(
#19748 1$ 0% 1& 0) 0* 0-
#19749 0" 0# 0$ 0& 0' 0( 1) 1* 1-
#19750 1" 1# 1% 1' 1(
#19751 1& 0) 0* 0-
#19752 0" 0# 0% 0& 0' 0( 1) 1* 1-
#19753 1! 1" 1# 1$ 1% 1& 1' 1(
#19754 0! 0) 0* 0-
#19755 0# 0$ 0% 0& 0' 0( 1) 1-
#19756 0" 1$ 1% 1' 1( 0) 1*
#19757 1! 0$ 1& 0' 0( 0*
#19758 0! 1" 1$ 0% 0& 1)
#19759 1! 1# 1% 1& 1' 1( 0) 1*
#19760 0" 0# 0$ 0% 0( 0* 00
#19761 1% 0& 0' 10
#19762 1" 1# 1$ 1& 1' 1( 1*
#19763 0" 0# 0$ 0% 0' 0*
#19764 1$ 1% 0& 0(
#19765 1" 1# 1& 1' 1( 1*
#19766 0" 0# 0$ 0% 0*
#19767 1% 0( 1) 1*
#19768 00
#19769 1" 1# 1$ 1( 10
#19770 0) 0+
#19771 1+
#19772 0# 0$ 0% 0& 0' 0( 0-
#19773 0" 1# 0*
#19774 1" 1$ 1% 1& 1( 1-
#19775 0# 0% 0& 0( 1* 0-
#19776 0" 1# 0*
#19777 1" 1% 1& 1' 1( 1* 1-
#19778 0# 0$ 0& 0' 0( 0-
#19779 0" 1# 0*
#19780 1" 1$ 1& 1( 1* 0+ 1-
#19781 0# 0& 0( 1+ 0-
#19782 0" 1# 0*
#19783 1" 1& 1' 1( 1* 1-
#19784 0# 0$ 0% 0' 0( 0-
#19785 0" 1# 0* 00
#19786 1" 1$ 1% 1( 1- 10
#19787 0# 0% 0( 1* 0-
#19788 0" 1# 0*
#19789 1" 1% 1' 1( 1* 1-
#19790 0# 0$ 0' 0( 0-
#19791 0" 1# 0*
#19792 1" 1$ 1( 1* 0+ 1-
#19793 0# 0( 1+ 0- 00
#19794 0" 1# 0* 10
#19795 1" 1' 1( 1* 1-
#19796 0# 0$ 0% 0& 0( 0-
#19797 0" 1# 0*
#19798 1" 1$ 1% 1& 0' 1( 1-
#19799 0# 0% 0& 1' 0( 1* 0-
#19800 0" 1# 0*
#19801 1" 1% 1& 1( 1* 1-
#19802 0# 0$ 0& 0( 0- 00
#19803 0" 1# 0* 10
#19804 1" 1$ 1& 0' 1( 1* 0+ 1-
#19805 0# 0& 1' 0( 1+ 0-
#19806 0" 1# 0*
#19807 1" 1& 1( 1* 1-
#19808 0# 0$ 0% 0( 0-
#19809 0" 1# 0*
#19810 1" 1$ 1% 0' 1( 1- 00
#19811 0# 0% 1' 0( 1* 0- 10
#19812 0" 1# 0*
#19813 1" 1% 1( 1* 1-
#19814 0# 0$ 0( 0-
#19815 0" 1# 0*
#19816 1" 1$ 0' 1( 1* 0+ 1-
#19817 0# 1' 0( 1+ 0-
#19818 0" 1# 0*
#19819 0# 0$ 0% 0& 0' 1* 1-
#19820 1" 1# 1$ 1% 1& 1' 1(
#19821 0! 0# 0$ 0% 0' 0( 0*
#19822 1! 0" 1$ 0& 1*
#19823 1" 1# 1% 1& 1' 1(
#19824 0! 0" 0# 0& 1)
#19825 0$ 0' 0( 0)
#19826 1! 1" 1# 1$ 1& 1' 1( 1)
#19827 0! 0" 0# 0& 00
#19828 0' 0( 0) 10
#19829 1! 1" 1# 1& 1' 1( 1)
#19830 0! 0" 0# 0$ 0% 0& 0(
#19831 1" 1% 1&
#19833 1! 1# 1$ 1(
#19834 0)
#19835 1) 00
#19836 0# 0$ 0% 0& 0' 0) 0* 0- 10
#19837 0! 0" 1# 1*
#19838 1" 1$ 1% 1& 1) 1-
#19839 1! 0# 0% 0& 0) 0* 0-
#19840 0! 0" 1# 1*
#19841 1! 1" 1% 1& 1' 1) 1-
#19842 0# 0$ 0& 0' 0) 0* 0-
#19843 0! 0" 1# 1*
#19844 1! 1" 1$ 1& 1) 1-
#19845 0# 0& 0) 0* 0-
#19846 0! 0" 1# 1*
#19847 1! 1" 1& 1' 1) 1-
#19848 0# 0$ 0% 0' 0) 0* 0-
#19849 0! 0" 1# 1*
#19850 0# 0& 1' 1) 1-
#19851 1! 1" 1$ 1& 0' 0) 0* 0-
#19852 0! 0" 1# 1* 00
#19853 1! 1" 1% 1' 1) 1- 10
#19854 0# 0$ 0' 0) 0* 0-
#19855 0! 0" 1# 1*
#19856 1! 0# 0% 0& 1' 1) 1-
#19857 1" 1$ 1% 1& 0' 0) 0* 0-
#19858 0! 0" 1# 1*
#19859 1! 1" 1' 1) 1-
#19860 0# 0$ 0% 0& 0) 0* 0-
#19861 0! 0" 1# 1*
#19862 1" 0# 1) 1-
#19863 1! 1$ 0) 0* 0-
#19864 0! 0" 1# 1*
#19865 1! 1" 1% 1& 1) 1-
#19866 0# 0$ 0& 0) 0* 0-
#19867 0! 0" 1# 1*
#19868 1! 1" 0# 0% 1) 1-
#19869 1$ 1% 0) 0* 0- 00
#19870 0! 0" 1# 1* 10
#19871 1! 1" 1& 1) 1-
#19872 0# 0$ 0% 0) 0* 0-
#19873 0! 0" 1# 1*
#19874 0& 1) 1-
#19875 1! 1" 0# 1$ 1& 0) 0* 0-
#19876 0! 0" 1# 1*
#19877 1! 1" 1% 1) 1- 00
#19878 0# 0$ 0) 0* 0- 10
#19879 0! 0" 1# 1*
#19880 1! 0% 0& 1) 1-
#19881 1" 0# 1$ 1% 1& 0) 0* 0-
#19882 0! 0" 1# 1*
#19883 1! 0# 0$ 0% 0& 0' 0( 1-
#19884 1" 1# 1$ 1% 1& 1' 1(
#19885 0! 0" 0# 0& 1)
#19886 1! 0% 0' 0( 0)
#19887 0! 1" 1# 1)
#19888 1! 0# 0$ 1& 0) 0*
#19889 0! 0" 1% 0& 1*
#19890 1" 1# 0*
#19891 1! 0# 0% 1'
#19892 0! 0" 1$ 1% 0' 1*
#19893 1" 1# 0*
#19894 1! 0# 0$ 0% 1& 1' 00
#19895 1% 1) 1* 10
#19897 1# 1$ 1( 0)
#19899 0! 0" 0$ 0% 0& 0' 0( 0*
#19900 1" 0# 1* 0-
#19901 0" 1#
#19902 1$ 0* 1- 00
#19903 1" 0# 1* 0- 10
#19904 0" 1#
#19905 0$ 1% 0* 1-
#19906 1" 0# 1* 0-
#19907 0" 1#
#19908 1$ 0* 1-
#19909 1" 0# 1* 0-
#19910 0" 1#
#19911 0$ 0% 1& 0* 1- 00
#19912 1" 0# 1* 0- 10
#19913 0" 1#
#19914 1$ 0* 1-
#19915 1" 0# 1* 0-
#19916 0" 0$ 0&
#19917 1# 1% 1& 0* 1-
#19918 1" 0# 0-
#19919 0" 0% 0& 1* 00
#19920 1# 1$ 1% 1& 0* 1- 10
#19921 1" 0# 0-
#19922 0" 0$ 0% 0& 1*
#19923 1# 1' 0* 1-
#19924 1" 0# 0-
#19925 0" 0' 1*
#19926 1# 1$ 1' 0* 1-
#19927 1" 0# 0-
#19928 0" 0$ 0' 1*
#19929 1# 1% 1' 0* 1-
#19930 1" 0# 1* 0-
#19931 0" 0% 0'
#19932 1# 1$ 1% 1' 0* 1-
#19933 1" 0# 1* 0-
#19934 0" 1#
#19935 0$ 0% 1& 0* 1-
#19936 1" 0# 1* 0- 00
#19937 0" 1# 10
#19938 1$ 0* 1-
#19939 1" 0# 1* 0-
#19940 0" 1#
#19941 0$ 1% 0* 1-
#19942 1" 0# 1* 0-
#19943 0" 1#
#19944 1$ 0* 1- 00
#19945 1" 0# 1* 0- 10
#19946 0" 1#
#19947 0# 0$ 0% 0& 0' 0* 1-
#19948 1" 1#
#19949 0"
#19950 0# 1$
#19951 1" 1#
#19952 0" 0$ 1% 1' 1( 1) 1*
#19953 1& 0' 0(
#19954 1! 0& 0) 0*
#19955 0! 1' 1( 1) 1*
#19956 0(
#19957 1! 1$ 0' 0) 0*
#19958 0! 0$ 1' 1( 1) 1*
#19959 1& 0(
#19961 1! 1" 1$ 1( 0) 00
#19962 10
#19963 0! 0$ 0& 1)
#19964 1! 0" 0# 0% 0' 0) 0-
#19965 1" 1# 1$ 1% 1& 1' 1-
#19966 0! 0$ 0& 1)
#19967 1! 0" 0# 1$ 0% 0' 0) 0-
#19968 1" 1# 1% 1& 1' 1-
#19969 0! 0$ 0& 1)
#19970 1! 0" 0# 0' 0) 0-
#19971 1" 1# 1$ 1& 1' 1-
#19972 0! 0$ 0& 1)
#19973 1! 0" 0# 1$ 0' 0) 0-
#19974 1" 1# 1& 1' 1) 1-
#19975 0! 0$ 0&
#19976 0" 0# 0% 1& 0' 0) 0-
#19977 1! 1" 1# 1$ 1% 1' 1) 1-
#19978 0! 0$ 0& 00
#19979 0" 0# 1$ 0% 1& 0' 0) 0- 10
#19980 1! 1" 1# 1% 1' 1) 1-
#19981 0! 0$ 0&
#19982 0" 0# 1& 0' 0) 0-
#19983 1! 1" 1# 1$ 1' 1) 1-
#19984 0! 0$ 0&
#19985 0" 0# 1$ 1& 0' 0) 0-
#19986 1! 1" 1# 1' 1) 1- 00
#19987 0! 0$ 0& 10
#19988 0" 0# 0% 0) 0-
#19989 1! 1" 1# 1$ 1% 1& 1) 1-
#19990 0! 0$ 0&
#19991 0" 0# 1$ 0% 0) 0-
#19992 1! 1" 1# 1% 1& 1) 1-
#19993 0! 0$ 0&
#19994 1! 0" 0# 0) 0-
#19995 1" 1# 1$ 1& 1) 1-
#19996 0! 0$ 0&
#19997 1! 0" 0# 1$ 0) 0-
#19998 1" 1# 1& 1-
#19999 0! 0$ 0& 1)
#20000 1! 0" 0# 0% 1& 0) 0-
#20001 1" 1# 1$ 1% 1-
#20002 0! 0$ 0& 1)
#20003 1! 0" 0# 1$ 0% 1& 0) 0- 00
#20004 1" 1# 1% 1- 10
#20005 0! 0$ 0& 1)
#20006 1! 0" 0# 1& 0) 0-
#20007 1" 1# 1$ 1-
#20008 0! 0$ 0& 1)
#20009 1! 0" 0# 1$ 1& 0) 0-
#20010 1" 1# 1-
#20011 0! 0$ 0& 1) 00
#20012 1! 0" 0% 0' 0( 0) 0* 10
#20013 0! 1% 1' 1( 1) 1*
#20014 1"
#20015 1! 0" 1$ 0% 0' 0( 0) 0*
#20016 0$ 1% 1'
#20017 1& 0' 1*
#20018 0! 0& 0*
#20019 1! 1(
#20020 1' 0( 1* 00
#20021 0! 1$ 0' 10
#20022 1! 0$ 1' 1( 0*
#20023 1& 0( 1*
#20024 1)
#20025 1" 1$ 1(
#20026 0)
#20028 0" 0# 0$ 0% 0& 0' 0( 0* 0- 00
#20029 1" 1# 1$ 1% 1& 1' 1( 1* 1- 10
#20030 0$ 0% 0& 0' 0( 0-
#20031 0" 0# 1$ 0*
#20032 1" 1# 1% 1& 1' 1( 1* 1-
#20033 0% 0& 0' 0( 0-
#20034 0" 0# 0$ 1% 0*
#20035 1" 1# 1$ 1& 1' 1( 1* 1-
#20036 0$ 0& 0' 0( 0-
#20037 0" 0# 1$ 0*
#20038 1" 1# 1& 1' 1( 1* 1-
#20039 0& 0' 0( 0-
#20040 0" 0# 0$ 0% 1& 0*
#20041 1" 1# 1$ 1% 1' 1( 1* 1-
#20042 0$ 0% 0' 0( 0-
#20043 0" 0# 1$ 0*
#20044 1" 1# 1% 1' 1( 1* 1-
#20045 0% 0' 0( 0- 00
#20046 0" 0# 0$ 1% 0* 10
#20047 1" 1# 1$ 1' 1( 1* 1-
#20048 0$ 0' 0( 0-
#20049 0" 0# 1$ 0*
#20050 1" 1# 1' 1( 1* 1-
#20051 0' 0( 0-
#20052 0" 0# 0$ 0% 0& 1' 0*
#20053 1" 1# 1$ 1% 1& 1( 1* 1- 00
#20054 0$ 0% 0& 0( 0- 10
#20055 0" 0# 1$ 0*
#20056 1" 1# 1% 1& 1( 1* 1-
#20057 0% 0& 0( 0-
#20058 0" 0# 0$ 1% 0*
#20059 1" 1# 1$ 1& 1( 1* 1-
#20060 0$ 0& 0( 0-
#20061 0" 0# 1$ 0*
#20062 1" 1# 1& 1( 1* 1-
#20063 0& 0( 0-
#20064 0" 0# 0$ 0% 1& 0*
#20065 1" 1# 1$ 1% 1( 1* 1-
#20066 0$ 0% 0( 0-
#20067 0" 0# 1$ 0*
#20068 1" 1# 1% 1( 1* 1-
#20069 0% 0( 0-
#20070 0" 0# 0$ 1% 0* 00
#20071 1" 1# 1$ 1( 1* 1- 10
#20072 0$ 0( 0-
#20073 0" 0# 1$ 0*
#20074 1" 1# 1( 1* 1-
#20075 0( 0-
#20076 0! 0" 0$ 0% 0& 0' 1-
#20077 1" 1% 0*
#20079 0" 1$ 0% 1*
#20080 1" 0$ 1' 0*
#20081 1% 1& 1) 1*
#20082 0& 1( 0)
#20083 0% 0' 0*
#20084 1% 1& 1) 1*
#20085 0& 1' 0)
#20086 0% 0*
#20087 1% 1& 1) 1* 00
#20088 0( 10
#20089 1! 1$ 1( 0)
#20090 0! 0" 0# 0$ 0% 0& 0' 0( 1)
#20091 1! 1" 1# 1$ 1% 1& 1' 1( 0)
#20092 0! 0" 0# 0$ 0% 0& 0' 0* 0-
#20093 1$ 0( 1* 1-
#20094 1! 1" 1# 0$ 1( 0-
#20095 0! 0" 0# 1$ 0* 00
#20096 0$ 1% 0( 1* 1- 10
#20097 1! 1" 1# 1$ 0% 1( 0-
#20098 0! 0" 0# 0$ 1% 0*
#20099 1$ 0( 1) 1* 1-
#20100 1! 1" 1# 0$ 1( 0) 0-
#20101 0! 0" 0# 1$ 0*
#20102 0$ 0% 1& 0( 1) 1* 1-
#20103 1! 1" 1# 1$ 1% 0& 1( 0) 0* 0-
#20104 0! 0" 0# 0$ 0% 1&
#20105 1$ 0( 1) 1* 1-
#20106 1! 1" 1# 0$ 1( 0) 0* 0-
#20107 0! 0" 0# 1$
#20108 0$ 1% 0( 1) 1* 1-
#20109 1! 1" 1# 1$ 0% 1( 0) 0* 0-
#20110 0! 0" 0# 0$ 1%
#20111 1$ 0( 1) 1* 1-
#20112 1! 1" 1# 0$ 1( 0) 0* 0- 00
#20113 0! 0" 0# 1$ 10
#20114 0$ 0% 0& 1' 0( 1) 1* 1-
#20115 1! 1" 1# 1$ 1% 1& 0' 1( 0) 0* 0-
#20116 0! 0" 0# 0$ 0% 0& 1'
#20117 1$ 0( 1) 1* 1-
#20118 1! 1" 1# 0$ 1( 0) 0* 0-
#20119 0! 0" 0# 1$
#20120 0$ 1% 0( 1) 1* 1- 00
#20121 1! 1" 1# 1$ 0% 1( 0) 0* 0- 10
#20122 0! 0" 0# 0$ 1%
#20123 1$ 0( 1) 1* 1-
#20124 1! 1" 1# 0$ 1( 0) 0-
#20125 0! 0" 0# 1$ 0*
#20126 0$ 0% 1& 0( 1* 1-
#20127 1! 1" 1# 1$ 1% 0& 1( 0-
#20128 0! 0" 0# 0$ 0% 1& 0*
#20129 1$ 0( 1* 1- 00
#20130 1! 1" 1# 0$ 1( 0- 10
#20131 0! 0" 0# 1$ 0*
#20132 0$ 1% 0( 1* 1-
#20133 1! 1" 1# 1$ 0% 1( 0-
#20134 0! 0" 0# 0$ 1% 0*
#20135 1$ 0( 1* 1-
#20136 1! 1" 1# 0$ 1( 0-
#20137 0! 0" 0# 1$ 0* 00
#20138 1! 1" 1# 1* 1- 10
#20139 0-
#20140 0! 0" 0$ 0% 0& 0' 0( 0* 1-
#20141 1! 1" 1*
#20142 0! 0" 1% 1' 1( 1)
#20143 1$ 0% 0' 0( 0) 0*
#20144 0# 1% 1' 1( 1*
#20145 1! 1" 1# 0$ 1& 0(
#20146 0! 0# 0& 0' 0*
#20147 0" 1$ 1' 1( 1) 1*
#20148 1! 1" 1# 0$ 1& 0' 0)
#20149 0! 0# 1$ 0& 0( 0*
#20150 0" 1' 1( 1) 1*
#20151 1! 1" 1# 0$ 1& 0)
#20152 0( 1)
#20153 1$ 1(
#20154 0! 0" 0# 0$ 0% 0& 0' 0( 0) 00
#20155 1! 1" 1# 1$ 1% 1& 1' 1( 0+ 10
#20156 0! 0" 0$ 0% 0& 0' 0( 1) 1+
#20157 0# 1$ 0)
#20158 1" 1# 0$ 0* 0-
#20159 0" 1) 1* 1-
#20160 0# 1% 0)
#20161 1" 1# 1$ 0% 0* 0-
#20162 0" 0$ 1) 1* 1- 00
#20163 0# 1$ 1% 0) 10
#20164 1" 1# 0$ 0* 0-
#20165 0" 0% 1) 1* 1-
#20166 0# 1& 0)
#20167 1" 1# 1$ 1% 0& 0* 0-
#20168 0" 0$ 0% 1) 1* 1-
#20169 0# 1$ 1& 0)
#20170 1" 1# 0$ 0* 0-
#20171 0" 0& 1) 1* 1-
#20172 0# 1% 1& 0)
#20173 1" 1# 1$ 0% 0* 0-
#20174 0" 0$ 0& 1) 1* 1-
#20175 0# 1$ 1% 1& 0)
#20176 1" 1# 0$ 0* 0-
#20177 0" 0% 0& 1) 1* 1-
#20178 0# 1' 0)
#20179 1" 1# 1$ 1% 1& 0' 0* 0- 00
#20180 0" 0$ 0% 0& 1) 1* 1- 10
#20181 0# 1' 0)
#20182 1" 1# 0* 0-
#20183 0" 0' 1) 1* 1-
#20184 0# 1% 1' 0)
#20185 1" 1# 1$ 0% 0* 0-
#20186 0" 0$ 0' 1) 1* 1-
#20187 0# 1$ 1% 1' 0)
#20188 1" 1# 0$ 0* 0-
#20189 0" 0% 0' 1) 1* 1-
#20190 0# 1& 1' 0)
#20191 1" 1# 1$ 1% 0& 0* 0-
#20192 0" 0$ 0% 0' 1) 1* 1-
#20193 0# 1$ 1& 1' 0)
#20194 1" 1# 0$ 0* 0-
#20195 0" 0& 0' 1) 1* 1-
#20196 0# 1% 1& 1' 0) 00
#20197 1" 1# 1$ 0% 0* 0- 10
#20198 0" 0$ 0& 0' 1) 1* 1-
#20199 0# 1$ 1% 1& 1' 0)
#20200 1" 1# 0$ 0* 0-
#20201 0" 0% 0& 0' 1) 1* 1-
#20202 1! 1" 1$ 1% 1& 1' 1( 0)
#20203 0! 0( 0* 0-
#20204 0$ 0& 1( 1) 1* 1- 00
#20205 0" 0# 1$ 0% 0' 0( 0) 10
#20206 1% 1& 0*
#20207 1" 0$ 0% 0& 1( 1) 1*
#20208 1! 1# 1$ 1% 1& 1'
#20209 0! 0" 0# 0% 0( 0) 0*
#20210 1! 0$ 1% 0& 0' 1*
#20211 1" 1# 1$ 1& 1' 1(
#20212 0! 0" 0# 0% 0' 0*
#20213 1! 1% 0& 0( 1*
#20214 1" 1# 1& 1' 1(
#20215 0! 0" 0# 0% 0*
#20216 1% 0( 1) 1*
#20218 1! 1" 1# 1(
#20219 0) 0+
#20220 1+
#20221 0# 0$ 0% 0& 0' 1) 0- 00
#20222 0" 1# 0) 0* 10
#20223 1" 1$ 1% 1& 1' 1-
#20224 0# 0% 0& 0' 1* 0-
#20225 0" 1# 0*
#20226 1" 1% 1& 1' 1* 1-
#20227 0# 0$ 0& 0' 1) 0-
#20228 0" 1# 0) 0*
#20229 1" 1$ 1& 1' 1* 0+ 1- 00
#20230 0# 0& 0' 1) 1+ 0- 10
#20231 0" 1# 0) 0*
#20232 1" 1& 1' 1* 1-
#20233 0# 0$ 0% 0' 1)
#20234 0" 1# 0) 0* 0-
#20235 1" 1$ 1% 1' 1-
#20236 0# 0% 0' 1) 1*
#20237 0" 1# 0) 0* 0-
#20238 1" 1% 1' 1* 1- 00
#20239 0# 0$ 0' 1) 10
#20240 0" 1# 0) 0-
#20241 1" 1$ 1' 0+ 1-
#20242 0# 0' 1) 1+
#20243 0" 1# 0) 0-
#20244 1" 1' 1-
#20245 0# 0$ 0% 0& 1)
#20246 0" 1# 0) 0- 00
#20247 1" 1$ 1% 1& 0* 1- 10
#20248 0# 0% 0& 1) 1*
#20249 0" 1# 0) 0* 0-
#20250 1" 1% 1& 1* 1-
#20251 0# 0$ 0& 1)
#20252 0" 1# 0) 0* 0-
#20253 1" 1$ 1& 1* 0+ 1-
#20254 0# 0& 1) 1+ 0-
#20255 0" 1# 0) 0*
#20256 1" 1& 1* 1-
#20257 0# 0$ 0% 0-
#20258 0" 1# 0*
#20259 1" 1$ 1% 1-
#20260 0# 0% 1* 0-
#20261 0" 1# 0*
#20262 1" 1% 1* 1-
#20263 0# 0$ 0- 00
#20264 0" 1# 0* 10
#20265 1" 1$ 1* 0+ 1-
#20266 0# 1+ 0-
#20267 0" 1# 0*
#20268 0# 0$ 0% 0& 0' 0( 1* 1-
#20269 1" 1# 1$ 1% 1& 1' 1(
#20270 0" 0# 0% 0' 0( 0*
#20271 0& 1* 00
#20272 1" 1# 1% 1& 1' 1( 10
#20273 0! 0" 0# 0& 1)
#20274 0$ 0' 0( 0)
#20275 1! 1" 1# 1$ 1& 1' 1( 1)
#20276 0! 0" 0# 0&
#20277 0' 0( 0)
#20278 1! 1" 1# 1& 1' 1( 1)
#20279 0! 0" 0# 0&
#20280 1! 1& 0(
#20282 1" 1# 1(
#20283 0)
#20284 1)
#20285 0# 0$ 0% 0& 0' 0( 0) 0* 0-
#20286 0! 0" 1# 1*
#20287 1" 1% 1& 1' 1( 1) 1-
#20288 1! 0# 1$ 0% 0& 0' 0( 0) 0* 0- 00
#20289 0! 0" 1# 1* 10
#20290 1! 1" 1% 1& 1' 1( 1) 1-
#20291 0# 0$ 0& 0' 0( 0) 0* 0-
#20292 0! 0" 1# 1*
#20293 1! 1" 1& 1' 1( 1) 1-
#20294 0# 1$ 0& 0' 0( 0) 0* 0-
#20295 0! 0" 1# 1*
#20296 1! 1" 1& 1' 1( 1) 1-
#20297 0# 0$ 0% 0' 0( 0) 0* 0-
#20298 0! 0" 1# 1*
#20299 0# 1$ 1% 1' 1( 1) 1-
#20300 1! 1" 0% 0' 0( 0) 0* 0-
#20301 0! 0" 1# 1*
#20302 1! 1" 1% 1' 1( 1) 1-
#20303 0# 0$ 0' 0( 0) 0* 0-
#20304 0! 0" 1# 1*
#20305 1! 0# 1$ 1' 1( 1) 1- 00
#20306 1" 0' 0( 0) 0* 0- 10
#20307 0! 0" 1# 1*
#20308 1! 1" 1' 1( 1) 1-
#20309 0# 0$ 0% 0& 0( 0) 0* 0-
#20310 0! 0" 1# 1*
#20311 1" 0# 1$ 1% 1& 1( 1) 1-
#20312 1! 0% 0& 0( 0) 0* 0-
#20313 0! 0" 1# 1* 00
#20314 1! 1" 1% 1& 1( 1) 1- 10
#20315 0# 0$ 0& 0( 0) 0* 0-
#20316 0! 0" 1# 1*
#20317 1! 1" 0# 1$ 1& 1( 1) 1-
#20318 0& 0( 0) 0* 0-
#20319 0! 0" 1# 1*
#20320 1! 1" 1& 1( 1) 1-
#20321 0# 0$ 0% 0( 0) 0* 0-
#20322 0! 0" 1# 1*
#20323 1$ 1% 1( 1) 1-
#20324 1! 1" 0# 0% 0( 0) 0* 0-
#20325 0! 0" 1# 1*
#20326 1! 1" 1% 1( 1) 1-
#20327 0# 0$ 0( 0) 0* 0-
#20328 0! 0" 1# 1*
#20329 1! 1$ 1( 1) 1-
#20330 1" 0# 0( 0) 0* 0- 00
#20331 0! 0" 1# 1* 10
#20332 1! 0# 0$ 0% 0& 0' 0* 1-
#20333 1" 1# 1$ 1% 1& 1' 1( 1*
#20334 0! 0" 0# 0&
#20335 1! 0% 0' 0( 0*
#20336 1" 1# 1% 1& 1' 1( 1) 1*
#20337 0! 0# 0% 0' 0( 0) 0*
#20338 0" 0$ 1% 0& 00
#20339 1" 1# 10
#20340 0# 1$ 0% 1'
#20341 0" 1% 0'
#20342 1" 1#
#20343 0# 0% 1& 1'
#20344 1% 1) 1*
#20346 1! 1# 1(
#20347 0) 0+ 00
#20348 0! 0" 0$ 0% 0& 0' 0( 0* 1+ 10
#20349 1" 0# 1( 1* 0-
#20350 0" 1#
#20351 1$ 0( 0* 1-
#20352 1" 0# 1( 1* 0-
#20353 0" 1#
#20354 0$ 1% 0( 0* 1-
#20355 1" 0# 1( 1* 0- 00
#20356 0" 1# 10
#20357 1$ 0( 0* 1-
#20358 1" 0# 1( 1* 0-
#20359 0" 1# 0*
#20360 0$ 0% 1& 0( 1-
#20361 1" 0# 1( 1* 0-
#20362 0" 1# 0*
#20363 1$ 0( 1-
#20364 1" 0# 1( 1* 0-
#20365 0" 1# 0*
#20366 0$ 1% 0( 1-
#20367 1" 0# 1( 1* 0-
#20368 0" 1# 0*
#20369 1$ 0( 1-
#20370 1" 0# 1( 1* 0-
#20371 0" 1# 0*
#20372 0$ 0% 0& 1' 0( 1- 00
#20373 1" 0# 1( 1* 0- 10
#20374 0" 1# 0*
#20375 1$ 0( 1-
#20376 1" 0# 1( 1* 0-
#20377 0" 1# 0*
#20378 0$ 1% 0( 1-
#20379 1" 0# 1( 1* 0-
#20380 0" 1# 0* 00
#20381 1$ 0( 1- 10
#20382 1" 0# 1( 1* 0-
#20383 0" 1# 0*
#20384 0$ 0% 1& 0( 1-
#20385 1" 0# 1( 1* 0-
#20386 0" 1#
#20387 1$ 0( 0* 1-
#20388 1" 0# 1( 1* 0-
#20389 0" 1#
#20390 0$ 1% 0( 0* 1-
#20391 1" 0# 1( 1* 0-
#20392 0" 1#
#20393 1$ 0( 0* 1-
#20394 1" 0# 1( 1* 0-
#20395 0" 1#
#20396 0# 0$ 0% 0& 0' 0( 0* 1-
#20397 1" 1# 00
#20398 1! 0# 1$ 10
#20399 0! 0"
#20400 1" 1#
#20401 0" 0$ 1% 1' 1( 1) 1*
#20402 1" 0# 0' 0(
#20403 1! 0" 1# 0) 0*
#20404 0! 1' 1( 1) 1*
#20405 1" 0# 0(
#20406 1! 0" 1# 1$ 0' 0) 0*
#20407 0! 0$ 1' 1( 1) 1*
#20408 1! 1" 0# 1$ 1& 0(
#20410 1# 1( 0)
#20411 1)
#20412 0! 0$ 0&
#20413 0# 0% 0' 0( 0) 0* 0-
#20414 1# 1) 1* 1- 00
#20415 1% 1' 1( 10
#20416 0# 1$ 0% 0' 0( 0) 0* 0-
#20417 1# 0$ 1) 1* 1-
#20418 1% 1' 1(
#20419 0# 0' 0( 0) 0* 0-
#20420 1# 0% 1) 1* 1-
#20421 1% 1' 1(
#20422 0# 1$ 0' 0( 0) 0- 00
#20423 1# 0$ 0% 1) 1- 10
#20424 1% 1' 1(
#20425 0# 0% 1& 0' 0( 0) 0-
#20426 1! 1# 1$ 0& 1( 1) 1-
#20427 0! 0$ 1% 1'
#20428 0# 1$ 0% 1& 0' 0( 0) 0-
#20429 1! 1# 1% 1' 1( 1) 1-
#20430 0! 0$ 0&
#20431 0# 1& 0' 0( 0) 0-
#20432 1! 1# 1$ 1' 1( 1) 1-
#20433 0! 0$ 0&
#20434 0# 1$ 1& 0' 0( 0) 0-
#20435 1! 1# 1' 1( 1) 1-
#20436 0! 0$ 0&
#20437 0# 0% 0( 0) 0-
#20438 1! 1# 1$ 1% 1& 1( 1) 1-
#20439 0! 0$ 0& 00
#20440 0# 1$ 0% 0( 0) 0- 10
#20441 1! 1# 1% 1& 1( 1) 1-
#20442 0! 0$ 0&
#20443 0# 0( 0) 0-
#20444 1! 1# 1$ 1& 1( 1) 1-
#20445 0! 0$ 0&
#20446 0# 1$ 0( 0) 0-
#20447 1! 1# 1& 1( 1) 1- 00
#20448 0! 0$ 0& 10
#20449 0# 0% 1& 0( 0) 0-
#20450 1! 1# 1$ 1% 1( 1) 1-
#20451 0! 0$ 0&
#20452 0# 1$ 0% 1& 0( 0) 0-
#20453 1! 1# 1% 1( 1) 1-
#20454 0! 0$ 0&
#20455 0# 1& 0( 0) 0-
#20456 1! 1# 1$ 1( 1) 1- 00
#20457 0! 0$ 0& 10
#20458 0# 1$ 1& 0( 0) 0-
#20459 1! 1# 1( 1) 1-
#20460 0! 0$ 0&
#20461 1! 0" 0% 0' 0( 0)
#20462 0! 1% 1' 1(
#20463 1" 1)
#20464 1! 0" 1$ 0% 0' 0( 0) 00
#20465 0! 1% 1' 0* 10
#20466 1& 0'
#20467 0$ 0& 1*
#20468 1$ 1( 0*
#20469 1' 0(
#20470 0' 1*
#20471 1' 1( 0*
#20472 1& 0(
#20473 1) 1*
#20474 1! 1" 1(
#20475 0)
#20477 0" 0# 0$ 0% 0& 0' 0* 0-
#20478 1" 1# 1$ 1% 1& 1' 1* 1-
#20479 0$ 0% 0& 0' 0-
#20480 0" 0# 1$ 0*
#20481 1" 1# 1% 1& 1' 1* 1- 00
#20482 0% 0& 0' 0- 10
#20483 0" 0# 0$ 1% 0*
#20484 1" 1# 1$ 1& 1' 1* 1-
#20485 0$ 0& 0' 0-
#20486 0" 0# 1$ 0*
#20487 1" 1# 1& 1' 1* 1-
#20488 0& 0' 0-
#20489 0" 0# 0$ 0% 1& 0* 00
#20490 1" 1# 1$ 1% 1' 1* 1- 10
#20491 0$ 0% 0' 0-
#20492 0" 0# 1$ 0*
#20493 1" 1# 1% 1' 1* 1-
#20494 0% 0' 0-
#20495 0" 0# 0$ 1% 0*
#20496 1" 1# 1$ 1' 1* 1-
#20497 0$ 0' 0-
#20498 0" 0# 1$ 0*
#20499 1" 1# 1' 1* 1-
#20500 0' 0-
#20501 0" 0# 0$ 0% 0& 1' 0*
#20502 1" 1# 1$ 1% 1& 1* 1-
#20503 0$ 0% 0& 0-
#20504 0" 0# 1$ 0*
#20505 1" 1# 1% 1& 1* 1-
#20506 0% 0& 0- 00
#20507 0" 0# 0$ 1% 0* 10
#20508 1" 1# 1$ 1& 1* 1-
#20509 0$ 0& 0-
#20510 0" 0# 1$ 0*
#20511 1" 1# 1& 1* 1-
#20512 0& 0-
#20513 0" 0# 0$ 0% 1& 0*
#20514 1" 1# 1$ 1% 1* 1-
#20515 0$ 0% 0-
#20516 0" 0# 1$ 0*
#20517 1" 1# 1% 1* 1-
#20518 0% 0-
#20519 0" 0# 0$ 1% 0*
#20520 1" 1# 1$ 1* 1-
#20521 0$ 0-
#20522 0" 0# 1$ 0*
#20523 1" 1# 1* 1- 00
#20524 0- 10
#20525 0! 0" 0$ 0% 0& 0' 0( 1-
#20526 1! 1$ 1% 0*
#20528 0! 0% 1*
#20529 1! 1' 0*
#20530 0! 1% 1) 1*
#20531 0$ 0' 0) 00
#20532 1! 1$ 0% 1( 0* 10
#20533 0! 0$ 1% 1) 1*
#20534 1$ 0( 0)
#20535 1! 0% 1' 1( 0*
#20536 0! 0$ 1% 1) 1*
#20537 1! 1$ 1& 0(
#20538 1" 1( 0)
#20539 0! 0" 0# 0$ 0% 0& 1)
#20540 1! 1" 1# 1$ 1% 1& 0) 0+
#20541 0! 0" 0# 0$ 0% 0& 0' 0( 0* 1+ 0-
#20542 1! 1" 1# 1$ 1% 1& 1' 1( 1) 1* 1-
#20543 0$ 0% 0& 0' 0( 0) 0* 0-
#20544 0! 0" 0# 1$
#20545 1! 1" 1# 1% 1& 1' 1( 1) 1* 1-
#20546 0% 0& 0' 0( 0) 0* 0-
#20547 0! 0" 0# 0$ 1%
#20548 1! 1" 1# 1$ 1& 1' 1( 1) 1* 1- 00
#20549 0$ 0& 0' 0( 0) 0* 0- 10
#20550 0! 0" 0# 1$
#20551 1! 1" 1# 1& 1' 1( 1) 1* 1-
#20552 0& 0' 0( 0) 0* 0-
#20553 0! 0" 0# 0$ 0% 1&
#20554 1$ 1) 1* 1-
#20555 1! 1" 1# 0$ 0) 0* 0-
#20556 0! 0" 0# 1$ 00
#20557 0$ 1% 1) 1* 1- 10
#20558 1! 1" 1# 1$ 0% 0) 0* 0-
#20559 0! 0" 0# 0$ 1%
#20560 1$ 1) 1* 1-
#20561 1! 1" 1# 0$ 0) 0* 0-
#20562 0! 0" 0# 1$
#20563 0$ 0% 0& 1' 1) 1* 1-
#20564 1! 1" 1# 1$ 1% 1& 0' 0) 0* 0-
#20565 0! 0" 0# 0$ 0% 0& 1' 00
#20566 1$ 1) 1* 1- 10
#20567 1! 1" 1# 0$ 0) 0* 0-
#20568 0! 0" 0# 1$
#20569 0$ 1% 1) 1* 1-
#20570 1! 1" 1# 1$ 0% 0) 0* 0-
#20571 0! 0" 0# 0$ 1%
#20572 1$ 1) 1* 1-
#20573 1! 1" 1# 0$ 0) 0* 0- 00
#20574 0! 0" 0# 1$ 10
#20575 0$ 0% 1& 1) 1* 1-
#20576 1! 1" 1# 1$ 1% 0& 0) 0* 0-
#20577 0! 0" 0# 0$ 0% 1&
#20578 1$ 1) 1* 1-
#20579 1! 1" 1# 0$ 0) 0* 0-
#20580 0! 0" 0# 1$
#20581 0$ 1% 1) 1* 1-
#20582 1! 1" 1# 1$ 0% 0) 0* 0-
#20583 0! 0" 0# 0$ 1%
#20584 1$ 1) 1* 1-
#20585 1! 1" 1# 0$ 0) 0* 0-
#20586 0! 0" 0# 1$
#20587 1! 1" 1# 1( 1) 1* 1-
#20588 0( 0) 0* 0-
#20589 0! 0" 0$ 0% 0& 0' 1-
#20590 1" 1$ 1* 00
#20591 0" 0$ 1% 1' 1( 1) 10
#20592 1$ 0% 0' 0( 0) 0*
#20593 0# 1% 1' 1( 1*
#20594 1" 1# 1& 0( 0*
#20595 0# 0$ 0& 0' 1)
#20596 0" 1$ 1' 1( 0) 1*
#20597 1" 1# 1& 0' 0*
#20598 0# 0& 0( 1) 00
#20599 0" 1' 1( 0) 1* 10
#20600 1" 1# 1& 0*
#20601 0( 1) 1*
#20602 1! 1(
#20603 0! 0" 0# 0$ 0% 0& 0' 0( 0) 0*
#20604 1! 1" 1# 1$ 1% 1& 1' 1( 1* 0+
#20605 0$ 0% 0& 0' 0( 1) 1+
#20606 0! 0" 0# 1$ 0) 0*
#20607 1" 1# 0$ 1( 0-
#20608 1! 0( 1) 1* 1-
#20609 0! 0" 0# 1% 0) 0*
#20610 1" 1# 1$ 0% 1( 0-
#20611 1! 0$ 0( 1) 1* 1-
#20612 0! 0" 0# 1$ 1% 0) 0*
#20613 1" 1# 0$ 1( 0-
#20614 1! 0% 0( 1) 1* 1-
#20615 0! 0" 0# 1& 0) 0* 00
#20616 1" 1# 1$ 1% 0& 1( 0- 10
#20617 1! 0$ 0% 0( 1) 1* 1-
#20618 0! 0" 0# 1$ 1& 0) 0*
#20619 1" 1# 0$ 1( 0-
#20620 1! 0& 0( 1) 1* 1-
#20621 0! 0" 0# 1% 1& 0) 0*
#20622 1" 1# 1$ 0% 1( 0-
#20623 1! 0$ 0& 0( 1) 1*
#20624 0! 0" 0# 1$ 1% 1& 0) 0* 1-
#20625 1" 1# 0$ 1( 0-
#20626 1! 0% 0& 0( 1) 1*
#20627 0! 0" 0# 1' 0) 0* 1-
#20628 1" 1# 1$ 1% 1& 0' 1( 0-
#20629 1! 0$ 0% 0& 0( 1*
#20630 0! 0" 0# 1$ 1' 0* 1-
#20631 1" 1# 0$ 1( 0-
#20632 1! 0' 0( 1* 00
#20633 0! 0" 0# 1% 1' 0* 1- 10
#20634 1" 1# 1$ 0% 1( 0-
#20635 1! 0$ 0' 0( 1*
#20636 0! 0" 0# 1$ 1% 1' 0* 1-
#20637 1" 1# 0$ 1( 0-
#20638 1! 0% 0' 0( 1) 1*
#20639 0! 0" 0# 1& 1' 0) 0* 1-
#20640 1" 1# 1$ 1% 0& 1( 0- 00
#20641 1! 0$ 0% 0' 0( 1) 1* 1- 10
#20642 0! 0" 0# 1$ 1& 1' 0) 0*
#20643 1" 1# 0$ 1( 0-
#20644 1! 0& 0' 0( 1) 1* 1-
#20645 0! 0" 0# 1% 1& 1' 0) 0*
#20646 1" 1# 1$ 0% 1( 0-
#20647 1! 0$ 0& 0' 0( 1) 1* 1-
#20648 0! 0" 0# 1$ 1% 1& 1' 0)
#20649 1" 1# 0$ 1( 0* 0-
#20650 1! 0% 0& 0' 0( 1) 1* 1-
#20651 1$ 1% 1& 1' 1( 0)
#20652 0! 0* 0-
#20653 0$ 0& 1) 1* 1-
#20654 1! 1$ 0% 0' 0( 0)
#20655 1% 1& 0*
#20656 0! 0$ 0& 1' 1( 1) 1*
#20657 1! 1$ 1& 00
#20658 0% 0( 0) 0* 10
#20659 0" 0# 0$ 1% 0& 0' 1*
#20660 1" 1# 1$ 1& 1' 1(
#20661 0% 0' 0*
#20662 0" 0# 1% 0& 0( 1*
#20663 1" 1# 1& 1' 1(
#20664 0% 0*
#20665 1% 0( 1) 1* 00
#20666 10
#20667 0! 0$ 0& 1(
#20668 1! 1$ 1& 0)
#20670 0! 0$ 0& 1)
#20671 1! 0" 0% 0' 0( 0) 0-
#20672 1" 1$ 1% 1& 0* 1-
#20673 0! 0$ 0& 1' 1( 1) 1*
#20674 1! 0" 1$ 0% 0' 0( 0) 0- 00
#20675 1" 1% 1& 1' 1( 1- 10
#20676 0! 0$ 0& 1)
#20677 1! 0" 0' 0( 0) 0-
#20678 1" 1$ 1& 0+ 1-
#20679 0! 0$ 0& 1' 1( 1) 1+
#20680 1! 0" 1$ 0' 0( 0) 0-
#20681 1" 1& 1' 1( 1-
#20682 0! 0$ 0& 1) 00
#20683 1! 0" 0% 1& 0' 0( 0) 0- 10
#20684 1" 1$ 1% 0* 1-
#20685 0! 0# 0$ 0% 0& 1' 1( 1) 1*
#20686 1! 0" 1# 1$ 1& 0' 0( 0) 0-
#20687 1" 1% 1' 1( 1-
#20688 0! 0# 0$ 0& 0' 0( 1)
#20689 1! 0" 1# 1& 0) 0-
#20690 1" 1$ 0+ 1-
#20691 0# 1) 1+
#20692 0" 1# 0) 0-
#20693 1" 1' 1( 1-
#20694 0# 0$ 0% 0& 0( 1)
#20695 0" 1# 0) 0-
#20696 1" 1$ 1% 1& 0' 0* 1-
#20697 0# 0% 0& 1' 1) 1*
#20698 0" 1# 0) 0-
#20699 1" 1% 1& 1( 1- 00
#20700 0# 0$ 0& 0( 1) 10
#20701 0" 1# 0) 0-
#20702 1" 1$ 1& 0' 0+ 1-
#20703 0# 0& 1' 1) 1+
#20704 0" 1# 0) 0-
#20705 1" 1& 1( 1-
#20706 0# 0$ 0% 0( 1)
#20707 0" 1# 0) 0- 00
#20708 1" 1$ 1% 0' 0* 1- 10
#20709 0# 0% 1' 1) 1*
#20710 0" 1# 0) 0-
#20711 1" 1% 1( 1-
#20712 0! 0# 0$ 0& 0( 1)
#20713 1! 0" 1# 1& 0) 0-
#20714 1" 1$ 0' 0+ 1-
#20715 0# 1' 1) 1+
#20716 0" 1# 0) 0-
#20717 0! 1" 0$ 0% 0& 1-
#20718 0# 1$ 1% 1( 1)
#20719 0" 0$ 0% 0' 0( 0)
#20720 1"
#20721 1! 1# 1$ 1% 1& 1' 1(
#20722 0! 0" 0# 0& 1)
#20723 1! 0$ 0% 0' 0( 0)
#20724 1" 1# 1$ 1% 1& 1' 1( 00
#20725 0! 0" 0# 0& 1) 10
#20726 1! 0$ 0% 0' 0( 0)
#20727 1" 1# 1$ 1% 1& 1' 1(
#20728 0! 0" 0# 0& 1)
#20729 0$ 0% 0' 0(
#20731 1! 1" 1# 1$ 1% 1& 1' 1(
#20732 0)
#20733 1)
#20734 0# 0$ 0% 0& 0' 0) 0-
#20735 0" 1#
#20736 0! 1" 1$ 1& 0( 1) 1-
#20737 1! 0# 0& 1( 0) 0* 0-
#20738 0! 0" 1# 1*
#20739 1! 1" 1% 1& 1' 1) 1-
#20740 0# 0$ 0& 0' 0) 0* 0-
#20741 0! 0" 1# 1* 00
#20742 1! 1" 1$ 0% 1& 0( 1) 1- 10
#20743 0# 1% 0& 1( 0) 0* 0-
#20744 0! 0" 1# 1*
#20745 1! 1" 1& 1' 1) 1-
#20746 0# 0$ 0% 0' 0) 0* 0-
#20747 0! 0" 1# 1*
#20748 0# 1% 0( 1) 1-
#20749 1! 1" 1$ 0% 1( 0) 0- 00
#20750 0" 1# 10
#20751 1" 1% 1' 1) 1-
#20752 0# 0$ 0' 0) 0-
#20753 0" 1#
#20754 0# 0( 1-
#20755 1" 1$ 1( 0-
#20756 0" 1#
#20757 1" 1' 1-
#20758 0# 0$ 0% 0& 0-
#20759 0" 1#
#20760 0! 1" 0# 1% 1& 0' 0( 1-
#20761 1! 1$ 0% 0& 1' 1( 0-
#20762 0" 1#
#20763 1" 1% 1& 1-
#20764 0# 0$ 0& 0-
#20765 0" 1#
#20766 1" 0# 1& 0' 0( 1- 00
#20767 1$ 0& 1' 1( 0- 10
#20768 0" 1#
#20769 1" 1& 1) 1-
#20770 0# 0$ 0% 0) 0-
#20771 0" 1#
#20772 0! 1% 0' 0( 1) 1-
#20773 1! 1" 0# 1$ 0% 1' 1( 0) 0* 0-
#20774 0! 0" 1# 1* 00
#20775 1! 1" 1% 1) 1- 10
#20776 0# 0$ 0) 0* 0-
#20777 0! 0" 1# 1*
#20778 1! 0' 0( 1) 1-
#20779 1" 0# 1$ 1' 1( 0) 0* 0-
#20780 0! 0" 1# 1*
#20781 1! 0$ 0% 0& 0( 0* 1-
#20782 1" 1$ 1% 1& 1( 1*
#20783 0! 0" 0# 0& 00
#20784 1! 0$ 0% 0' 0( 0* 10
#20785 1" 1# 1$ 1% 1& 1' 1( 1) 1*
#20786 0" 0# 0$ 0% 0& 0' 0( 0) 0*
#20787 0!
#20788 1"
#20789 1! 0"
#20790 0!
#20791 1" 00
#20792 1! 0" 10
#20793 1) 1*
#20795 1" 1# 1$ 1% 1& 1' 1(
#20796 0) 0+
#20797 0! 0" 0$ 0% 0& 0' 0( 0* 1+
#20798 1" 0# 1* 0-
#20799 0" 1# 0*
#20800 1$ 1-
#20801 1" 0# 1* 0-
#20802 0" 1# 0*
#20803 0$ 1% 1-
#20804 1! 1" 0# 1* 0-
#20805 0! 0" 1# 0*
#20806 1$ 1-
#20807 1" 0# 1* 0-
#20808 0" 1# 0* 00
#20809 0$ 0% 1& 1- 10
#20810 1" 0# 1* 0-
#20811 0" 1# 0*
#20812 1$ 1-
#20813 1" 0# 1* 0-
#20814 0" 1# 0*
#20815 0$ 1% 1-
#20816 1" 0# 1* 0- 00
#20817 0" 1# 0* 10
#20818 1$ 1-
#20819 1" 0# 1* 0-
#20820 0" 1# 0*
#20821 0$ 0% 0& 1' 1-
#20822 1" 0# 1* 0-
#20823 0" 1# 0*
#20824 1$ 1-
#20825 1" 0# 1* 0-
#20826 0" 1# 0*
#20827 0$ 1% 1-
#20828 1" 0# 1* 0-
#20829 0" 1# 0*
#20830 1$ 1-
#20831 1" 0# 1* 0-
#20832 0" 1# 0*
#20833 0$ 0% 1& 1- 00
#20834 1" 0# 1* 0- 10
#20835 0" 1# 0*
#20836 1$ 1-
#20837 1" 0# 1* 0-
#20838 0" 1# 0*
#20839 0$ 1% 1-
#20840 1" 0# 1* 0-
#20841 0" 1# 0*
#20842 1$ 1-
#20843 1" 0# 1* 0-
#20844 0" 1# 0*
#20845 0$ 0% 0& 1-
#20846 1" 0# 0' 1) 1*
#20847 1%
#20848 0" 0% 0) 0*
#20849 1"
#20850 0" 1# 1% 1' 1( 1) 1* 00
#20851 1" 10
#20852 1! 0" 0# 0% 0' 0( 0)
#20853 0! 1# 1% 1' 1( 1)
#20854 1"
#20855 1! 0" 0# 0% 0' 0( 0)
#20856 0! 1# 1% 1' 1( 1)
#20857 1" 0# 0% 0' 0(
#20858 00
#20859 1! 1# 1$ 1% 1& 1' 1( 0) 10
#20860 1)
#20861 0! 0$ 0& 0)
#20862 0# 0% 0' 0* 0-
#20863 1! 0" 1$ 0( 1) 1* 1-
#20864 0! 1" 1# 0$ 1% 1' 1(
#20865 0# 1$ 0% 0' 0) 0* 0-
#20866 1! 0" 0( 1) 1* 1-
#20867 0! 1" 1# 0$ 1% 1' 1(
#20868 0# 0' 0) 0* 0-
#20869 1! 0" 1$ 0% 0( 1) 1* 1-
#20870 0! 1" 1# 0$ 1% 1' 1(
#20871 0# 1$ 0' 0) 0* 0-
#20872 1! 0" 0% 0( 1) 1* 1-
#20873 0! 1" 1# 0$ 1% 1' 1(
#20874 0# 0% 1& 0' 0) 0* 0-
#20875 1! 0" 1$ 0& 0( 1) 1* 1- 00
#20876 0! 1" 1# 0$ 1% 1' 1( 10
#20877 0# 1$ 0% 1& 0' 0) 0* 0-
#20878 1! 0" 0& 0( 1) 1* 1-
#20879 0! 1" 1# 0$ 1% 1' 1(
#20880 0# 1& 0' 0) 0* 0-
#20881 1! 0" 1$ 0% 0& 0( 1) 1* 1-
#20882 0! 1" 1# 0$ 1% 1' 1(
#20883 0# 1$ 1& 0' 0) 0* 0- 00
#20884 1! 0" 0% 0& 0( 1) 1* 1- 10
#20885 0! 1" 1# 0$ 1% 1' 1( 0)
#20886 0# 0% 0* 0-
#20887 1! 0" 1$ 0' 0( 1) 1* 1-
#20888 0! 1" 1# 0$ 1% 1' 1( 0)
#20889 0# 1$ 0% 0* 0-
#20890 1! 0" 0' 0( 1) 1* 1-
#20891 0! 1" 1# 0$ 1% 1' 1( 0)
#20892 0# 0* 0- 00
#20893 1! 0" 1$ 0% 0' 0( 1) 1* 1- 10
#20894 0! 1" 1# 0$ 1% 1' 1( 0)
#20895 0# 1$ 0* 0-
#20896 1! 0" 0% 0' 0( 1) 1* 1-
#20897 0! 1" 1# 0$ 1% 1' 1( 0)
#20898 0# 0% 1& 0* 0-
#20899 1! 0" 1$ 0& 0' 0( 1) 1* 1-
#20900 0! 1" 1# 0$ 1% 1' 1( 00
#20901 0# 1$ 0% 1& 0) 0* 0- 10
#20902 1! 0" 0& 0' 0( 1) 1* 1-
#20903 0! 1" 1# 0$ 1% 1' 1(
#20904 0# 1& 0) 0* 0-
#20905 1! 0" 1$ 0% 0& 0' 0( 1) 1* 1-
#20906 0! 1" 1# 0$ 1% 1' 1(
#20907 0# 1$ 1& 0) 0* 0-
#20908 1! 0" 0% 0& 0' 0( 1) 1* 1-
#20909 0! 1" 1# 0$ 1% 1' 1(
#20910 1! 0" 0# 0% 0' 0( 0)
#20911 1# 1% 1' 1(
#20912 0! 1" 1)
#20913 1! 0" 0# 0% 0' 0( 0)
#20914 1" 1% 0*
#20915 0%
#20916 0! 0" 1*
#20917 1! 1" 1% 0* 00
#20918 0% 10
#20919 0! 0" 1*
#20920 1! 1" 1% 0*
#20921 0%
#20922 1) 1*
#20923 1# 1$ 1% 1& 1' 1(
#20924 0)
#20925 00
#20926 0" 0# 0$ 0% 0& 0' 0( 0* 0- 10
#20927 1" 1# 1$ 1% 1& 1' 1( 1* 1-
#20928 0$ 0% 0& 0' 0( 0-
#20929 0" 0# 1$ 0*
#20930 1" 1# 1% 1& 1' 1( 1* 1-
#20931 0% 0& 0' 0( 0-
#20932 0" 0# 0$ 1% 0*
#20933 1" 1# 1$ 1& 1' 1( 1* 1-
#20934 0$ 0& 0' 0( 0-
#20935 0" 0# 1$ 0*
#20936 1" 1# 1& 1' 1( 1* 1-
#20937 0& 0' 0( 0-
#20938 0" 0# 0$ 0% 1& 0*
#20939 1" 1# 1$ 1% 1' 1( 1* 1-
#20940 0$ 0% 0' 0( 0-
#20941 0" 0# 1$ 0*
#20942 1" 1# 1% 1' 1( 1* 1- 00
#20943 0% 0' 0( 0- 10
#20944 0" 0# 0$ 1% 0*
#20945 1" 1# 1$ 1' 1( 1* 1-
#20946 0$ 0' 0( 0-
#20947 0" 0# 1$ 0*
#20948 1" 1# 1' 1( 1* 1-
#20949 0' 0( 0-
#20950 0" 0# 0$ 0% 0& 1' 0*
#20951 1" 1# 1$ 1% 1& 1( 1* 1-
#20952 0$ 0% 0& 0( 0-
#20953 0" 0# 1$ 0*
#20954 1" 1# 1% 1& 1( 1* 1-
#20955 0% 0& 0( 0-
#20956 0" 0# 0$ 1% 0*
#20957 1" 1# 1$ 1& 1( 1* 1-
#20958 0$ 0& 0( 0-
#20959 0" 0# 1$ 0* 00
#20960 1" 1# 1& 1( 1* 1- 10
#20961 0& 0( 0-
#20962 0" 0# 0$ 0% 1& 0*
#20963 1" 1# 1$ 1% 1( 1* 1-
#20964 0$ 0% 0( 0-
#20965 0" 0# 1$ 0*
#20966 1" 1# 1% 1( 1* 1-
#20967 0% 0( 0- 00
#20968 0" 0# 0$ 1% 0* 10
#20969 1" 1# 1$ 1( 1* 1-
#20970 0$ 0( 0-
#20971 0" 0# 1$ 0*
#20972 1" 1# 1( 1* 1-
#20973 0( 0-
#20974 0" 0# 0$ 0% 0& 0' 0* 1-
#20975 0! 1# 1% 1& 1) 1*
#20976 0% 0& 0) 0*
#20977 1! 0#
#20978 0! 1# 1*
#20979 1% 1' 1( 1)
#20980 0# 0% 0' 0( 0) 0*
#20981 1# 1*
#20982 1% 1' 1( 1)
#20983 0# 0% 0' 0( 0) 0*
#20984 1# 1* 00
#20985 1% 1' 1( 1) 10
#20986 0% 0' 0(
#20987 1! 1" 1$ 1% 1& 1' 1( 0)
#20988 1)
#20989 0) 0+
#20990 0! 0" 0# 0$ 0% 0& 0' 1+ 0-
#20991 1! 1" 1# 1$ 1% 1& 1' 1) 1-
#20992 0$ 0% 0& 0' 0) 0* 0- 00
#20993 0! 0" 0# 1$ 1* 10
#20994 1! 1" 1# 1% 1& 1' 1) 1-
#20995 0% 0& 0' 0) 0* 0-
#20996 0! 0" 0# 0$ 1% 1*
#20997 1! 1" 1# 1$ 1& 1' 1) 1-
#20998 0$ 0& 0' 0) 0* 0-
#20999 0! 0" 0# 1$ 1*
#21000 1! 1" 1# 1& 1' 1) 1-
#21001 0& 0' 0) 0* 0- 00
#21002 0! 0" 0# 0$ 0% 1& 10
#21003 1! 1" 1# 1$ 1% 1' 1) 1* 1-
#21004 0$ 0% 0' 0) 0* 0-
#21005 0! 0" 0# 1$ 1*
#21006 1! 1" 1# 1% 1' 1) 1-
#21007 0% 0' 0) 0* 0-
#21008 0! 0" 0# 0$ 1% 1*
#21009 1! 1" 1# 1$ 1' 1) 1- 00
#21010 0$ 0' 0) 0* 0- 10
#21011 0! 0" 0# 1$ 1*
#21012 1! 1" 1# 1' 1) 1-
#21013 0' 0) 0* 0-
#21014 0! 0" 0# 0$ 0% 0& 1' 1*
#21015 1! 1" 1# 1$ 1% 1& 1) 1-
#21016 0$ 0% 0& 0) 0* 0-
#21017 0! 0" 0# 1$ 1*
#21018 1! 1" 1# 1% 1& 1) 1-
#21019 0% 0& 0) 0* 0-
#21020 0! 0" 0# 0$ 1% 1*
#21021 1! 1" 1# 1$ 1& 1) 1-
#21022 0$ 0& 0) 0* 0-
#21023 0! 0" 0# 1$ 1*
#21024 1! 1" 1# 1& 1) 1-
#21025 0& 0) 0* 0-
#21026 0! 0" 0# 0$ 0% 1& 1* 00
#21027 1! 1" 1# 1$ 1% 1) 1- 10
#21028 0$ 0% 0) 0* 0-
#21029 0! 0" 0# 1$ 1*
#21030 1! 1" 1# 1% 1) 1-
#21031 0% 0) 0* 0-
#21032 0! 0" 0# 0$ 1% 1*
#21033 1! 1" 1# 1$ 1) 1-
#21034 0$ 0) 0* 0- 00
#21035 0! 0" 0# 1$ 10
#21036 1! 1" 1# 1) 1* 1-
#21037 0) 0* 0-
#21038 0! 0" 0# 0$ 0% 0& 0' 0( 1-
#21039 1! 1# 1& 1*
#21040 0! 1% 0& 1' 1( 1)
#21041 0# 0% 0' 0( 0) 0*
#21042 1$ 1% 1' 1( 1*
#21043 1! 1# 0$ 0' 0( 0*
#21044 0! 1" 0# 0% 1)
#21045 0" 1$ 1% 1' 1( 0) 1*
#21046 1! 1# 0$ 0' 0( 0*
#21047 0! 1" 0# 0% 1)
#21048 0" 1$ 1% 1' 1( 0) 1*
#21049 1! 1# 0$ 0' 0( 0*
#21050 0% 1) 1*
#21051 1" 1$ 1% 1& 1' 1( 0) 00
#21052 0! 0" 0# 0$ 0% 0& 0' 0( 0* 10
#21053 1! 1" 1# 1$ 1% 1& 1' 1( 1* 0+
#21054 0! 0" 0# 0$ 0% 0& 0' 0( 1+ 0-
#21055 1$ 0* 1-
#21056 1" 1# 0$ 0-
#21057 0" 0# 1$ 1*
#21058 0$ 1% 0* 1-
#21059 1" 1# 1$ 0% 1* 0-
#21060 0" 0# 0$ 1%
#21061 1$ 0* 1-
#21062 1" 1# 0$ 1* 0-
#21063 0" 0# 1$
#21064 0$ 0% 1& 0* 1-
#21065 1" 1# 1$ 1% 0& 1* 0-
#21066 0" 0# 0$ 0% 1&
#21067 1$ 0* 1-
#21068 1" 1# 0$ 1* 0- 00
#21069 0" 0# 1$ 0& 10
#21070 0$ 1% 1& 0* 1-
#21071 1" 1# 1$ 0% 0-
#21072 0" 0# 0$ 0& 1*
#21073 1$ 1% 1& 0* 1-
#21074 1" 1# 0$ 0-
#21075 1! 0# 1$ 0% 0& 1*
#21076 0! 0" 0$ 1' 0* 1- 00
#21077 1" 1# 1$ 1% 1& 0' 0- 10
#21078 1! 0# 0% 0& 1*
#21079 0! 0" 1' 0* 1-
#21080 1" 1# 0$ 0-
#21081 1! 0# 1$ 0' 1*
#21082 0! 0" 0$ 1% 1' 0* 1-
#21083 1" 1# 1$ 0% 0-
#21084 1! 0# 0' 1*
#21085 0! 0" 1% 1' 0* 1-
#21086 1" 1# 0$ 0-
#21087 1! 0# 1$ 0% 0' 1*
#21088 0! 0" 0$ 1& 1' 0* 1-
#21089 1" 1# 1$ 1% 0& 0-
#21090 1! 0# 0% 0' 1*
#21091 0! 0" 1& 1' 0* 1-
#21092 1" 1# 0$ 0-
#21093 1! 0# 1$ 0& 0' 1* 00
#21094 0! 0" 0$ 1% 1& 1' 0* 1- 10
#21095 1" 1# 1$ 0% 0-
#21096 1! 0# 0& 0' 1*
#21097 0! 0" 1% 1& 1' 0* 1-
#21098 1" 1# 0$ 0-
#21099 1! 0# 1$ 0% 0& 0' 1*
#21100 1# 1% 1& 1' 1( 0+ 1-
#21101 0! 0( 0* 1+ 0- 00
#21102 0$ 0& 1( 1) 1* 1- 10
#21103 0% 1& 0' 0( 0) 0*
#21104 1% 0&
#21105 1' 1( 1) 1*
#21106 0" 0# 1$
#21107 1" 1# 0$ 0% 0' 0( 0) 0*
#21108 0" 0# 1*
#21109 1! 1" 1# 1$ 1% 1& 1' 1( 1)
#21110 0! 0$ 0% 0& 0' 0( 0) 0* 00
#21111 1! 0" 0# 1* 10
#21112 1" 1# 1$ 1% 1& 1' 1( 1)
#21113 0! 0$ 0% 0& 0' 0( 0) 0*
#21114 1) 1*
#21116 1% 1' 1(
#21117 1! 1$ 1& 0)
#21118 00
#21119 0! 0$ 0& 1) 10
#21120 1! 0" 0% 0' 0) 0-
#21121 1" 1$ 1% 1& 1' 0( 1-
#21122 0! 0$ 0& 1( 1)
#21123 1! 0" 1$ 0% 0' 0) 0-
#21124 1" 1% 1& 1' 1-
#21125 0! 0$ 0& 1)
#21126 1! 0" 0' 0) 0-
#21127 1" 1$ 1& 1' 0( 1-
#21128 0! 0$ 0& 1( 1)
#21129 1! 0" 1$ 0' 0) 0-
#21130 1" 1& 1' 1-
#21131 0! 0$ 0& 1)
#21132 1! 0" 0% 1& 0' 0) 0-
#21133 1" 1$ 1% 1' 0( 1-
#21134 0! 0$ 0& 1( 1)
#21135 1! 0" 1$ 0% 1& 0' 0) 0- 00
#21136 1" 1% 1' 1- 10
#21137 0! 0$ 0& 1)
#21138 1! 0" 1& 0' 0) 0-
#21139 1" 1$ 1' 0( 1-
#21140 0! 0$ 0& 1( 1)
#21141 1! 0" 1$ 1& 0' 0) 0-
#21142 1" 1' 1-
#21143 0! 0$ 0& 1) 00
#21144 1! 0" 0% 0) 0- 10
#21145 1" 1$ 1% 1& 0( 1-
#21146 0! 0$ 0& 1( 1)
#21147 1! 0" 1$ 0% 0) 0-
#21148 1" 1% 1& 1-
#21149 0! 0$ 0& 1)
#21150 1! 0" 0) 0-
#21151 1" 1$ 1& 0( 1-
#21152 0! 0$ 0& 1( 1)
#21153 1! 0" 1$ 0) 0-
#21154 1" 1& 1-
#21155 0! 0$ 0& 1)
#21156 1! 0" 0% 1& 0) 0-
#21157 1" 1$ 1% 0( 1-
#21158 0! 0$ 0& 1( 1)
#21159 1! 0" 1$ 0% 1& 0) 0-
#21160 1" 1% 1- 00
#21161 0! 0$ 0& 1) 10
#21162 1! 0" 1& 0) 0-
#21163 1" 1$ 0( 0+ 1-
#21164 1( 1) 1+
#21165 0" 0) 0-
#21166 0! 1" 0$ 0% 0& 0( 0* 1-
#21167 0# 1$ 1% 1( 1) 1*
#21168 1! 1# 0$ 0% 0' 0( 0)
#21169 0! 0# 0*
#21170 1! 1# 1$ 1% 1& 1' 1( 1*
#21171 0! 0" 0# 0& 1)
#21172 1! 0$ 0% 0' 0( 0)
#21173 1" 1# 1$ 1% 1& 1' 1(
#21174 0! 0" 0# 0& 1)
#21175 1! 0$ 0% 0' 0( 0)
#21176 1" 1# 1$ 1% 1& 1' 1(
#21177 0! 0" 0# 0& 1) 00
#21178 1! 1" 1# 0$ 0% 0' 0( 10
#21180 1$ 1% 1& 1' 1(
#21181 0) 0+
#21182 1+
#21183 0# 0$ 0% 0& 0' 0( 0-
#21184 0" 1# 0*
#21185 0! 1" 1& 1' 1* 1- 00
#21186 1! 0# 1$ 0& 0' 0- 10
#21187 0" 1# 0*
#21188 1" 1% 1& 1' 1( 1* 1-
#21189 0# 0$ 0& 0' 0( 0-
#21190 0" 1# 0*
#21191 1" 1$ 1& 1' 1* 1-
#21192 0# 0& 0' 0-
#21193 0" 1# 0*
#21194 1" 1& 1' 1( 1* 1-
#21195 0# 0$ 0% 0' 0( 0-
#21196 0" 1# 0*
#21197 1" 1$ 1% 1' 1* 1-
#21198 0# 0% 0' 0-
#21199 0" 1# 0*
#21200 1" 1% 1' 1( 1* 1-
#21201 0# 0$ 0' 0( 0-
#21202 0" 1# 0* 00
#21203 0# 1$ 0% 1' 1* 1- 10
#21204 1" 1% 0' 0-
#21205 0" 1# 0*
#21206 1" 1' 1( 1* 1-
#21207 0# 0$ 0% 0& 0( 0-
#21208 0" 1#
#21209 0! 1" 0# 1$ 1& 1-
#21210 1! 0& 0- 00
#21211 0" 1# 10
#21212 1" 1% 1& 1( 1-
#21213 0# 0$ 0& 0( 0-
#21214 0" 1#
#21215 1" 0# 1$ 0% 1& 1-
#21216 1% 0& 0-
#21217 0" 1#
#21218 1" 1& 1( 1-
#21219 0# 0$ 0% 0( 0- 00
#21220 0" 1# 10
#21221 0! 1$ 1-
#21222 1! 1" 0# 0-
#21223 0" 1#
#21224 1" 1% 1( 1-
#21225 0# 0$ 0( 0-
#21226 0" 1#
#21227 1$ 0% 1- 00
#21228 1" 0# 1% 0- 10
#21229 0" 1#
#21230 0$ 0% 0& 0* 1-
#21231 1" 1$ 1% 1& 1( 1*
#21232 0! 0" 0# 0% 0& 0' 0( 0*
#21233 1! 0$
#21234 1" 1# 1$ 1% 1& 1' 1( 1) 1*
#21235 0! 0" 0# 0% 0& 0' 0( 0) 0*
#21236 0$
#21237 1" 1)
#21238 0" 1$ 0)
#21239 0$
#21240 1" 1)
#21241 0" 1$ 0)
#21242 1) 1*
#21244 1! 1" 1# 1% 1& 1' 1( 00
#21245 0) 0+ 10
#21246 0! 0" 0$ 0% 0& 0' 0( 1+
#21247 1! 1" 0# 1( 0-
#21248 0! 0" 1# 0*
#21249 1$ 0( 1* 1-
#21250 1! 1" 0# 1( 0-
#21251 0! 0" 1# 0*
#21252 0$ 1% 0( 1* 1- 00
#21253 1! 1" 0# 1( 0- 10
#21254 0! 0" 1# 0*
#21255 1$ 0( 1* 1-
#21256 1! 1" 0# 1( 0-
#21257 0! 0" 1# 0*
#21258 0$ 0% 1& 0( 1* 1-
#21259 1! 1" 0# 1( 0-
#21260 0! 0" 1# 0*
#21261 1$ 0( 1* 1-
#21262 1! 1" 0# 1( 0-
#21263 0! 0" 1# 0*
#21264 0$ 1% 0( 1* 1-
#21265 1! 1" 0# 1( 0-
#21266 0! 0" 1# 0*
#21267 1$ 0( 1* 1-
#21268 1! 1" 0# 1( 0-
#21269 0! 0" 1# 0* 00
#21270 0$ 0% 0& 1' 0( 1* 1- 10
#21271 1! 1" 0# 1( 0-
#21272 0! 0" 1# 0*
#21273 1$ 0( 1* 1-
#21274 1! 1" 0# 1( 0-
#21275 0! 0" 1# 0*
#21276 0$ 1% 0( 1* 1-
#21277 1! 1" 0# 1( 0-
#21278 0! 0" 1# 0*
#21279 1$ 0( 1* 1-
#21280 1! 1" 0# 1( 0-
#21281 0! 0" 1# 0*
#21282 0$ 0% 1& 0( 1* 1-
#21283 1! 1" 0# 1( 0-
#21284 0! 0" 1# 0*
#21285 1$ 0( 1* 1-
#21286 1! 1" 0# 1( 0- 00
#21287 0! 0" 1# 0* 10
#21288 0$ 1% 0( 1* 1-
#21289 1! 1" 0# 1( 0-
#21290 0! 0" 1# 0*
#21291 1$ 0( 1* 1-
#21292 1! 1" 0# 1( 0-
#21293 0! 0" 1# 0*
#21294 0$ 0% 0& 0( 1* 1- 00
#21295 1! 1" 1$ 1% 1& 1( 1) 10
#21296 0" 0# 0& 0' 0(
#21297 0! 0$ 0% 0) 0*
#21298 1"
#21299 0" 1# 1% 1' 1( 1) 1*
#21300 1"
#21301 1! 0" 0# 0% 0' 0( 0)
#21302 0! 1# 1% 1' 1( 1)
#21303 1"
#21304 1! 0" 0# 0% 0' 0( 0)
#21305 0! 1# 1% 1' 1( 1)
#21306 1! 0# 1$ 0% 0' 0(
#21308 1" 1# 1% 1& 1' 1( 0)
#21309 1)
#21310 0! 0" 0$ 0% 0& 0' 0( 0)
#21311 1" 0# 0* 0- 00
#21312 1! 0" 1# 1$ 1) 1* 1- 10
#21313 0! 0$ 0)
#21314 1" 0# 1$ 0* 0-
#21315 1! 0" 1# 1) 1* 1-
#21316 0! 0$ 1% 0)
#21317 1" 0# 0* 0-
#21318 1! 0" 1# 1$ 0% 1) 1* 1-
#21319 0! 1% 0) 00
#21320 1" 0# 0* 0- 10
#21321 1! 0" 1# 0% 1) 1* 1-
#21322 0! 0$ 1& 0)
#21323 1" 0# 0* 0-
#21324 1! 0" 1# 1$ 0& 1) 1* 1-
#21325 0! 1& 0)
#21326 1" 0# 0* 0-
#21327 1! 0" 1# 0& 1) 1* 1-
#21328 0! 0$ 1% 1& 0) 00
#21329 1" 0# 0* 0- 10
#21330 1! 0" 1# 1$ 0% 0& 1) 1* 1-
#21331 0! 0$ 1% 0)
#21332 1" 0# 1$ 1& 0* 0-
#21333 1! 0" 1# 0% 0& 1) 1* 1-
#21334 0! 0$ 1' 0)
#21335 1" 0# 0* 0-
#21336 1! 0" 1# 1$ 0' 1) 1* 1- 00
#21337 0! 1" 0$ 1% 1' 1( 0) 10
#21338 0# 1$ 0% 0( 0* 0-
#21339 1! 0" 1# 0' 1) 1* 1-
#21340 0! 1" 0$ 1% 1' 1( 0)
#21341 0# 0( 0* 0-
#21342 1! 0" 1# 1$ 0% 0' 1) 1* 1-
#21343 0! 1" 0$ 1% 1' 1( 0)
#21344 0# 1$ 0( 0* 0-
#21345 1! 0" 1# 0% 0' 1) 1* 1-
#21346 0! 1" 0$ 1% 1' 1( 0)
#21347 0# 0% 1& 0( 0* 0-
#21348 1! 0" 1# 1$ 0& 0' 1) 1* 1-
#21349 0! 1" 0$ 1% 1' 1( 0)
#21350 0# 1$ 0% 1& 0( 0* 0-
#21351 1! 0" 1# 0& 0' 1) 1* 1-
#21352 0! 1" 0$ 1% 1' 1( 0)
#21353 0# 1& 0( 0* 0- 00
#21354 1! 0" 1# 1$ 0% 0& 0' 1) 1* 1- 10
#21355 0! 1" 0$ 1% 1' 1( 0)
#21356 0# 1$ 1& 0( 0* 0-
#21357 1! 0" 1# 0% 0& 0' 1) 1* 1-
#21358 0! 1" 0$ 1% 1' 1( 0)
#21359 0# 0% 0' 0(
#21360 1$ 1% 0*
#21361 0$ 0% 1* 00
#21362 10
#21363 1$ 1% 0*
#21364 0%
#21365 1! 0" 0$ 1*
#21366 0! 1" 1$ 1% 0*
#21367 0%
#21368 1! 0" 0$ 1*
#21369 0! 1" 1$ 1% 0*
#21370 0%
#21371 1) 1*
#21372 1! 1# 1% 1& 1' 1(
#21373 0)
#21374 1)
#21375 0" 0# 0$ 0% 0& 0' 0) 0* 0-
#21376 1" 1# 1$ 1% 1& 1' 1* 1-
#21377 0$ 0% 0& 0' 0-
#21378 0" 0# 1$ 0* 00
#21379 1" 1# 1% 1& 1' 1* 1- 10
#21380 0% 0& 0' 0-
#21381 0" 0# 0$ 1% 0*
#21382 1" 1# 1$ 1& 1' 1* 1-
#21383 0$ 0& 0' 0-
#21384 0" 0# 1$ 0*
#21385 1" 1# 1& 1' 1* 1-
#21386 0& 0' 0-
#21387 0" 0# 0$ 0% 1& 0*
#21388 1" 1# 1$ 1% 1' 1* 1-
#21389 0$ 0% 0' 0-
#21390 0" 0# 1$ 0*
#21391 1" 1# 1% 1' 1* 1-
#21392 0% 0' 0-
#21393 0" 0# 0$ 1% 0*
#21394 1" 1# 1$ 1' 1* 1-
#21395 0$ 0' 0- 00
#21396 0" 0# 1$ 0* 10
#21397 1" 1# 1' 1* 1-
#21398 0' 0-
#21399 0" 0# 0$ 0% 0& 1' 0*
#21400 1" 1# 1$ 1% 1& 1* 1-
#21401 0$ 0% 0& 0-
#21402 0" 0# 1$ 0*
#21403 1" 1# 1% 1& 1* 1- 00
#21404 0% 0& 0- 10
#21405 0" 0# 0$ 1% 0*
#21406 1" 1# 1$ 1& 1* 1-
#21407 0$ 0& 0-
#21408 0" 0# 1$ 0*
#21409 1" 1# 1& 1* 1-
#21410 0& 0-
#21411 0" 0# 0$ 0% 1& 0*
#21412 1" 1# 1$ 1% 1* 1-
#21413 0$ 0% 0-
#21414 0" 0# 1$ 0*
#21415 1" 1# 1% 1* 1-
#21416 0% 0-
#21417 0" 0# 0$ 1% 0*
#21418 1" 1# 1$ 1* 1-
#21419 0$ 0-
#21420 0" 0# 1$ 0* 00
#21421 1" 1# 1* 1- 10
#21422 0-
#21423 0" 0# 0$ 0% 0& 0' 0( 0* 1-
#21424 1" 1$ 1% 1& 1) 1*
#21425 0% 0& 0)
#21426 0" 0$ 0*
#21427 1" 1$ 1*
#21428 0! 0" 1# 0$ 1% 1' 1( 1) 00
#21429 0# 0% 0' 0( 0) 0* 10
#21430 1! 1" 1$ 1*
#21431 0! 0" 1# 0$ 1% 1' 1( 1)
#21432 0# 0% 0' 0( 0) 0*
#21433 1! 1" 1$ 1*
#21434 0! 0" 1# 0$ 1% 1' 1( 1)
#21435 1! 1" 0# 1$ 0% 0' 0(
#21436 1# 1% 1& 1' 1(
#21437 00
#21438 0) 0+ 10
#21439 0! 0" 0# 0$ 0% 0& 0' 0( 1+ 0-
#21440 1! 1" 1# 1$ 1% 1& 1' 1( 1) 1-
#21441 0$ 0% 0& 0' 0( 0) 0* 0-
#21442 0! 0" 0# 1$ 1*
#21443 1! 1" 1# 1% 1& 1' 1( 1) 1-
#21444 0% 0& 0' 0( 0) 0* 0-
#21445 0! 0" 0# 0$ 1% 1* 00
#21446 1! 1" 1# 1$ 1& 1' 1( 1) 1- 10
#21447 0$ 0& 0' 0( 0) 0* 0-
#21448 0! 0" 0# 1$ 1*
#21449 1! 1" 1# 1& 1' 1( 1) 1-
#21450 0& 0' 0( 0) 0* 0-
#21451 0! 0" 0# 0$ 0% 1& 1*
#21452 1! 1" 1# 1$ 1% 1' 1( 1) 1-
#21453 0$ 0% 0' 0( 0) 0* 0-
#21454 0! 0" 0# 1$ 1*
#21455 1! 1" 1# 1% 1' 1( 1) 1-
#21456 0% 0' 0( 0) 0* 0-
#21457 0! 0" 0# 0$ 1% 1*
#21458 1! 1" 1# 1$ 1' 1( 1) 1-
#21459 0$ 0' 0( 0) 0* 0-
#21460 0! 0" 0# 1$ 1*
#21461 1! 1" 1# 1' 1( 1) 1-
#21462 0' 0( 0) 0* 0- 00
#21463 0! 0" 0# 0$ 0% 0& 1' 1* 10
#21464 1! 1" 1# 1$ 1% 1& 1( 1) 1-
#21465 0$ 0% 0& 0( 0) 0* 0-
#21466 0! 0" 0# 1$ 1*
#21467 1! 1" 1# 1% 1& 1( 1) 1-
#21468 0% 0& 0( 0) 0* 0-
#21469 0! 0" 0# 0$ 1% 1*
#21470 1! 1" 1# 1$ 1& 1( 1) 1- 00
#21471 0$ 0& 0( 0) 0* 0- 10
#21472 0! 0" 0# 1$ 1*
#21473 1! 1" 1# 1& 1( 1) 1-
#21474 0& 0( 0) 0* 0-
#21475 0! 0" 0# 0$ 0% 1& 1*
#21476 1! 1" 1# 1$ 1% 1( 1) 1-
#21477 0$ 0% 0( 0) 0* 0-
#21478 0! 0" 0# 1$ 1*
#21479 1! 1" 1# 1% 1( 1) 1-
#21480 0% 0( 0) 0* 0-
#21481 0! 0" 0# 0$ 1% 1*
#21482 1! 1" 1# 1$ 1( 1) 1-
#21483 0$ 0( 0) 0* 0-
#21484 0! 0" 0# 1$ 1*
#21485 1! 1" 1# 1( 1) 1-
#21486 0( 0) 0* 0-
#21487 0! 0" 0# 0$ 0% 0& 0' 1- 00
#21488 1# 1$ 1% 1& 10
#21489 0$ 0& 1*
#21490 0# 0% 0*
#21491 1# 1$
#21492 1%
#21493 1" 0$ 1' 1( 1) 1*
#21494 0" 1$ 0% 0' 0( 0) 0*
#21495 1%
#21496 1" 0$ 1' 1( 1) 1*
#21497 0" 1$ 0% 0' 0( 0) 0*
#21498 1%
#21499 0% 1) 1*
#21500 1! 1" 1% 1& 1' 1( 0)
#21501 0! 0" 0# 0$ 0% 0& 0' 0( 0*
#21502 1! 1" 1# 1$ 1% 1& 1' 1( 1*
#21503 0! 0" 0# 0$ 0% 0& 0' 0* 0-
#21504 1$ 0( 1- 00
#21505 1" 1# 0$ 1( 1* 0- 10
#21506 0" 0# 1$
#21507 0$ 1% 0( 0* 1-
#21508 1" 1# 1$ 0% 1( 1* 0-
#21509 0" 0# 0$ 1%
#21510 1$ 0( 0* 1-
#21511 1" 1# 0$ 1( 1* 0-
#21512 0" 0# 1$ 00
#21513 0$ 0% 1& 0( 0* 1- 10
#21514 1" 1# 1$ 1% 0& 1( 1* 0-
#21515 0" 0# 0$ 0% 1&
#21516 1$ 0( 0* 1-
#21517 1" 1# 0$ 1( 1* 0-
#21518 0" 0# 1$
#21519 0$ 1% 0( 0* 1-
#21520 1" 1# 1$ 0% 1( 1* 0-
#21521 0" 0# 0$ 1%
#21522 1$ 0( 0* 1-
#21523 1" 1# 0$ 1( 1* 0-
#21524 0" 0# 1$
#21525 0$ 0% 0& 1' 0( 0* 1-
#21526 1" 1# 1$ 1% 1& 0' 1( 1* 0-
#21527 0" 0# 0$ 0% 0& 1'
#21528 1$ 0( 0* 1-
#21529 1" 1# 0$ 1( 1* 0- 00
#21530 0" 0# 1$ 10
#21531 0$ 1% 0( 0* 1-
#21532 1" 1# 1$ 0% 1( 1* 0-
#21533 0" 0# 0$ 1%
#21534 1$ 0( 0* 1-
#21535 1" 1# 0$ 1( 1* 0-
#21536 0" 0# 1$
#21537 0$ 0% 1& 0( 0* 1- 00
#21538 1" 1# 1$ 1% 0& 1( 1* 0- 10
#21539 0" 0# 0$ 0% 1&
#21540 1$ 0( 0* 1-
#21541 1" 1# 0$ 1( 1* 0-
#21542 0" 0# 1$
#21543 0$ 1% 0( 0* 1-
#21544 1" 1# 1$ 0% 1( 1* 0-
#21545 0" 0# 0$ 1%
#21546 1$ 0( 0* 1- 00
#21547 1" 1# 0$ 1( 1* 0- 10
#21548 0" 0# 1$
#21549 1! 1" 1# 0+ 1-
#21550 0! 1+ 0-
#21551 0$ 0& 1) 1-
#21552 1! 0" 1$ 0% 1& 0' 0( 0) 0*
#21553 1% 0& 1*
#21554 0! 1" 0$ 1' 1( 1) 00
#21555 0" 0# 1$ 10
#21556 1! 1# 0% 0' 0( 0)
#21557 0! 0# 0$
#21558 1! 1" 1# 1$ 1% 1& 1' 1( 1)
#21559 0" 0% 0& 0' 0( 0) 0*
#21560 0! 0# 0$ 1*
#21561 1! 1" 1# 1$ 1% 1& 1' 1( 1)
#21562 0" 0% 0& 0' 0( 0) 0*
#21563 1) 1*
#21565 0! 1" 0$ 1% 1' 1(
#21566 1! 1$ 1& 0)
#21567 1)
#21568 0! 0$ 0&
#21569 0" 0% 0' 0( 0) 0-
#21570 1! 1" 1$ 1% 1& 1( 1) 1-
#21571 0! 0$ 0& 1' 00
#21572 1$ 0% 0' 0( 0) 0- 10
#21573 1! 1% 1& 1' 1( 1) 1-
#21574 0! 0$ 0&
#21575 0' 0( 0) 0-
#21576 1! 1$ 1& 1( 1) 1-
#21577 0! 0$ 0& 1'
#21578 1$ 0' 0( 0) 0-
#21579 1! 1& 1' 1( 1) 1- 00
#21580 0! 0$ 0& 10
#21581 0% 1& 0' 0( 0) 0-
#21582 1! 1$ 1% 1( 1) 1-
#21583 0! 0$ 0& 1'
#21584 1$ 0% 1& 0' 0( 0) 0-
#21585 1! 1% 1' 1( 1) 1-
#21586 0! 0$ 0&
#21587 1& 0' 0( 0) 0-
#21588 1! 1$ 1( 1) 1-
#21589 0! 0$ 0& 1'
#21590 1$ 1& 0' 0( 0) 0-
#21591 1! 1' 1( 1) 1-
#21592 0! 0$ 0&
#21593 0" 0% 0( 0) 0-
#21594 1! 1" 1$ 1% 1& 0' 1( 1) 1-
#21595 0! 0$ 0& 1'
#21596 0" 1$ 0% 0( 0) 0- 00
#21597 1! 1" 1% 1& 1( 1) 1- 10
#21598 0! 0$ 0&
#21599 1! 0" 0( 0) 0-
#21600 1" 1$ 1& 0' 1( 1-
#21601 0! 0$ 0& 1' 1)
#21602 1! 0" 1$ 0( 0) 0-
#21603 1" 1& 1( 1-
#21604 0! 0$ 0& 1)
#21605 1! 0" 0% 1& 0( 0) 0-
#21606 1" 1$ 1% 0' 1( 1-
#21607 0! 0$ 0& 1' 1)
#21608 1! 0" 1$ 0% 1& 0( 0) 0-
#21609 1" 1% 1( 1-
#21610 0! 0$ 0& 1)
#21611 1! 0" 1& 0( 0) 0-
#21612 1" 1$ 0' 1( 1) 1-
#21613 1' 00
#21614 0! 0" 0( 0) 0- 10
#21615 1" 0$ 0% 0& 0* 1-
#21616 0# 1$ 1% 1( 1) 1*
#21617 1# 0% 0' 0( 0)
#21618 0# 0$ 0*
#21619 1! 1# 1$ 1% 1& 1' 1( 1*
#21620 0! 0" 0# 0% 0& 0' 0(
#21621 1! 0$ 0* 00
#21622 1" 1# 1$ 1% 1& 1' 1( 1* 10
#21623 0! 0" 0# 0% 0& 0' 0(
#21624 1! 0$ 0*
#21625 1" 1# 1$ 1% 1& 1' 1( 1*
#21626 0! 0" 0# 0% 0& 0' 0(
#21627 1" 1# 1)
#21629 1! 1% 1& 1' 1(
#21630 0) 0+
#21631 1+
#21632 0# 0$ 0% 0& 0' 0-
#21633 0" 1# 0*
#21634 1" 1$ 1% 1& 1* 1-
#21635 0# 0% 0& 0-
#21636 0" 1# 0*
#21637 1" 1% 1& 1' 1* 1-
#21638 0# 0$ 0& 0' 0- 00
#21639 0" 1# 0* 10
#21640 1" 1$ 1& 1* 1-
#21641 0# 0& 0-
#21642 0" 1# 0*
#21643 1" 1& 1' 1* 1-
#21644 0# 0$ 0% 0' 0-
#21645 0" 1# 0*
#21646 1" 1$ 1% 1* 1- 00
#21647 0# 0% 0- 10
#21648 0" 1# 0*
#21649 1" 1% 1' 1* 1-
#21650 0# 0$ 0' 0-
#21651 0" 1# 0*
#21652 1" 1$ 1* 1-
#21653 0# 0-
#21654 0" 1# 0*
#21655 1" 1' 1* 1- 00
#21656 0# 0$ 0% 0& 0- 10
#21657 0" 1# 0*
#21658 1" 1$ 1% 1& 0' 1* 1-
#21659 0# 0% 0& 1' 0-
#21660 0" 1# 0*
#21661 1" 1% 1& 1* 1-
#21662 0# 0$ 0& 0-
#21663 0" 1# 0* 00
#21664 1" 1$ 1& 0' 1* 1- 10
#21665 0# 0& 1' 0-
#21666 0" 1# 0*
#21667 1" 1& 1* 1-
#21668 0# 0$ 0% 0-
#21669 0" 1# 0*
#21670 1" 1$ 1% 0' 1* 1-
#21671 0# 0% 1' 0-
#21672 0" 1# 0*
#21673 1" 1% 1* 1-
#21674 0# 0$ 0-
#21675 0" 1# 0*
#21676 1" 1$ 0' 1* 1-
#21677 0# 1' 0-
#21678 0" 1# 0*
#21679 0$ 0% 0& 0( 1-
#21680 1" 1$ 1% 1& 1( 1* 00
#21681 0% 0& 0' 0( 0* 10
#21682 0" 0# 0$
#21683 1" 1# 1$ 1% 1& 1' 1( 1) 1*
#21684 0% 0& 0' 0( 0)
#21685 0! 0" 0# 0$ 0*
#21686 1" 1)
#21687 1! 1# 1$ 0) 1*
#21688 0! 0" 0# 0$ 0* 00
#21689 1" 1) 10
#21690 1! 1# 1$ 0)
#21691 1) 1*
#21693 1% 1& 1' 1(
#21694 0) 0+
#21695 0! 0" 0$ 0% 0& 0' 0( 1) 1+
#21696 1! 1" 0# 0) 0* 0-
#21697 0! 0" 1#
#21698 1$ 1) 1* 1-
#21699 1! 1" 0# 0) 0* 0-
#21700 0! 0" 1#
#21701 0$ 1% 1) 1* 1-
#21702 1! 1" 0# 0) 0* 0-
#21703 0! 0" 1#
#21704 1$ 1) 1* 1-
#21705 1! 1" 0# 0) 0* 0- 00
#21706 0! 0" 1# 10
#21707 0$ 0% 1& 1) 1* 1-
#21708 1! 1" 0# 0) 0* 0-
#21709 0! 0" 1#
#21710 1$ 1) 1* 1-
#21711 1! 1" 0# 0) 0* 0-
#21712 0! 0" 1#
#21713 0$ 1% 1) 1* 1-
#21714 1! 1" 0# 0) 0* 0-
#21715 0! 0" 1#
#21716 1$ 1) 1* 1-
#21717 1! 1" 0# 0) 0* 0-
#21718 0! 0" 1#
#21719 0$ 0% 0& 1' 1) 1* 1-
#21720 1! 1" 0# 0) 0* 0-
#21721 0! 0" 1#
#21722 1$ 1) 1* 1- 00
#21723 1! 1" 0# 0) 0* 0- 10
#21724 0! 0" 1#
#21725 0$ 1% 1) 1* 1-
#21726 1! 1" 0# 0) 0* 0-
#21727 0! 0" 1#
#21728 1$ 1) 1* 1-
#21729 1! 1" 0# 0) 0-
#21730 0! 0" 1# 0* 00
#21731 0$ 0% 1& 1* 1- 10
#21732 1! 1" 0# 0-
#21733 0! 0" 1# 0*
#21734 1$ 1* 1-
#21735 1! 1" 0# 0-
#21736 0! 0" 1# 0*
#21737 0$ 1% 1* 1-
#21738 1! 1" 0# 0-
#21739 0! 0" 1# 0*
#21740 1$ 1) 1* 1-
#21741 1! 1" 0# 0) 0-
#21742 0! 0" 1# 0*
#21743 0# 0% 0& 1* 1-
#21744 1! 1" 1# 1% 1& 1( 1)
#21745 0! 0# 0&
#21746 0" 0$ 0% 0' 0( 0)
#21747 1" 1) 0* 00
#21748 0" 0) 1* 10
#21749 1" 1# 1% 1' 1( 1)
#21750 1! 0" 0# 0% 0' 0( 0)
#21751 0!
#21752 1" 1# 1% 1' 1( 1)
#21753 1! 0" 0# 0% 0' 0( 0)
#21754 0!
#21755 1) 00
#21756 10
#21757 1! 1" 1# 1$ 1% 1& 1' 1( 0)
#21758 1)
#21759 0! 0" 0$ 0% 0& 0' 0( 0) 0*
#21760 1" 0# 1( 0-
#21761 0" 1% 0( 1) 1* 1-
#21762 1# 1$ 0% 0) 0*
#21763 1" 0# 1( 0-
#21764 0" 0$ 1% 0( 1) 1* 1- 00
#21765 1# 0) 10
#21766 1" 0# 1( 0* 0-
#21767 0" 0( 1) 1* 1-
#21768 1# 1$ 0)
#21769 1" 0# 1( 0* 0-
#21770 0" 0$ 0( 1) 1* 1-
#21771 1# 0% 1& 0)
#21772 1" 0# 1( 0* 0- 00
#21773 0" 1% 0& 0( 1) 1* 1- 10
#21774 1# 1$ 0% 1& 0)
#21775 1" 0# 1( 0* 0-
#21776 0" 0$ 1% 0& 0( 1) 1* 1-
#21777 1# 1& 0)
#21778 1" 0# 1( 0* 0-
#21779 0" 0& 0( 1) 1* 1-
#21780 1# 1$ 1& 0)
#21781 1" 0# 1( 0* 0-
#21782 0" 0$ 0& 0( 1) 1* 1-
#21783 1# 0% 1' 0)
#21784 1" 0# 1( 0* 0-
#21785 0" 1% 0' 0( 1) 1* 1-
#21786 1# 1$ 0% 1' 0)
#21787 1" 0# 1( 0* 0-
#21788 0" 0$ 1% 0' 0( 1) 1* 1-
#21789 1# 1' 0) 00
#21790 1" 0# 1( 0* 0- 10
#21791 0" 0' 0( 1) 1* 1-
#21792 1# 1$ 1' 0)
#21793 1" 0# 1( 0* 0-
#21794 0" 0$ 0' 0( 1) 1* 1-
#21795 1# 0% 1& 1' 0)
#21796 1" 0# 1( 0* 0-
#21797 0" 1% 0& 0' 0( 1) 1* 1- 00
#21798 1# 1$ 0% 1& 1' 0) 10
#21799 1" 0# 1( 0* 0-
#21800 0" 0$ 1% 0& 0' 0( 1) 1* 1-
#21801 1# 1& 1' 0)
#21802 1" 0# 1( 0* 0-
#21803 0" 0& 0' 0( 1) 1* 1-
#21804 1# 1$ 1& 1' 0)
#21805 1" 0# 1( 0* 0-
#21806 0" 0$ 0& 0' 0( 1) 1* 1-
#21807 1$ 0% 1' 0)
#21808 1" 1# 0*
#21809 1! 0" 0# 0$ 1& 0'
#21810 0! 0& 1*
#21811 1" 0*
#21812 1! 0" 1% 1*
#21813 0% 0*
#21814 1* 00
#21815 1% 10
#21816 0% 0*
#21817 1*
#21818 1%
#21819 0% 0*
#21820 1) 1*
#21821 1" 1# 1$ 1% 1& 1' 1(
#21822 0)
#21823 1)
#21824 0" 0# 0$ 0% 0& 0' 0( 0) 0-
#21825 1" 1# 1$ 1% 1& 1' 1( 1-
#21826 0$ 0% 0& 0' 0( 1)
#21827 0" 0# 1$ 0) 0-
#21828 1" 1# 1% 1& 1' 1( 1-
#21829 0% 0& 0' 0( 1)
#21830 0" 0# 0$ 1% 0) 0-
#21831 1" 1# 1$ 1& 1' 1( 1- 00
#21832 0$ 0& 0' 0( 1) 10
#21833 0" 0# 1$ 0) 0-
#21834 1" 1# 1& 1' 1( 1-
#21835 0& 0' 0( 1)
#21836 0" 0# 0$ 0% 1& 0) 0-
#21837 1" 1# 1$ 1% 1' 1( 1-
#21838 0$ 0% 0' 0( 1)
#21839 0" 0# 1$ 0) 0- 00
#21840 1" 1# 1% 1' 1( 1- 10
#21841 0% 0' 0( 1)
#21842 0" 0# 0$ 1% 0) 0-
#21843 1" 1# 1$ 1' 1( 1-
#21844 0$ 0' 0( 1)
#21845 0" 0# 1$ 0) 0-
#21846 1" 1# 1' 1( 1-
#21847 0' 0( 1)
#21848 0" 0# 0$ 0% 0& 1' 0) 0-
#21849 1" 1# 1$ 1% 1& 1( 1-
#21850 0$ 0% 0& 0( 1)
#21851 0" 0# 1$ 0) 0-
#21852 1" 1# 1% 1& 1( 1-
#21853 0% 0& 0( 1)
#21854 0" 0# 0$ 1% 0) 0* 0-
#21855 1" 1# 1$ 1& 1( 1* 1-
#21856 0$ 0& 0( 1) 00
#21857 0" 0# 1$ 0) 0* 0- 10
#21858 1" 1# 1& 1( 1* 1-
#21859 0& 0( 1) 0-
#21860 0" 0# 0$ 0% 1& 0) 0*
#21861 1" 1# 1$ 1% 1( 1* 1-
#21862 0$ 0% 0( 1) 0-
#21863 0" 0# 1$ 0) 0*
#21864 1" 1# 1% 1( 1* 1- 00
#21865 0% 0( 0- 10
#21866 0" 0# 0$ 1% 0*
#21867 1" 1# 1$ 1( 1* 1-
#21868 0$ 0( 1) 0-
#21869 0" 0# 1$ 0) 0*
#21870 1" 1# 1( 1* 1-
#21871 0( 1) 0-
#21872 0" 0% 0& 0) 0* 1-
#21873 0$ 1% 1( 1) 1* 00
#21874 0! 1" 0# 1& 0' 0( 10
#21875 1! 0" 0% 0& 0) 0*
#21876 0! 1" 1*
#21877 0" 1# 1% 1' 1( 1)
#21878 0# 0% 0' 0( 0) 0*
#21879 1" 1% 1*
#21880 0" 1# 1' 1( 1)
#21881 0# 0% 0' 0( 0) 0* 00
#21882 1" 1% 1* 10
#21883 0" 1# 1' 1( 1)
#21884 1" 0# 0% 0' 0(
#21885 1! 1# 1$ 1% 1& 1' 1(
#21887 0)
#21888 0" 0# 0$ 0% 0& 0' 0-
#21889 1" 1# 1$ 1% 1& 1' 1) 1-
#21890 0$ 0% 0& 0' 0) 0* 0-
#21891 0! 0" 0# 1$ 1*
#21892 1! 1" 1# 1% 1& 1' 1) 1-
#21893 0% 0& 0' 0) 0* 0-
#21894 0! 0" 0# 0$ 1% 1*
#21895 1! 1" 1# 1$ 1& 1' 1) 1-
#21896 0$ 0& 0' 0) 0* 0-
#21897 0! 0" 0# 1$ 1*
#21898 1! 1" 1# 1& 1' 1) 1- 00
#21899 0& 0' 0) 0* 0- 10
#21900 0! 0" 0# 0$ 0% 1& 1*
#21901 1! 1" 1# 1$ 1% 1' 1) 1-
#21902 0$ 0% 0' 0) 0* 0-
#21903 0! 0" 0# 1$ 1*
#21904 1! 1" 1# 1% 1' 1) 1-
#21905 0% 0' 0) 0* 0-
#21906 0! 0" 0# 0$ 1% 1* 00
#21907 1! 1" 1# 1$ 1' 1) 1- 10
#21908 0$ 0' 0) 0* 0-
#21909 0! 0" 0# 1$ 1*
#21910 1! 1" 1# 1' 1) 1-
#21911 0' 0) 0* 0-
#21912 0! 0" 0# 0$ 0% 0& 1' 1*
#21913 1! 1" 1# 1$ 1% 1& 1) 1-
#21914 0$ 0% 0& 0) 0* 0-
#21915 0! 0" 0# 1$ 1*
#21916 1! 1" 1# 1% 1& 1) 1-
#21917 0% 0& 0) 0* 0-
#21918 0! 0" 0# 0$ 1% 1*
#21919 1! 1" 1# 1$ 1& 1) 1-
#21920 0$ 0& 0) 0* 0-
#21921 0! 0" 0# 1$ 1*
#21922 1! 1" 1# 1& 1) 1-
#21923 0& 0) 0* 0- 00
#21924 0! 0" 0# 0$ 0% 1& 1* 10
#21925 1! 1" 1# 1$ 1% 1) 1-
#21926 0$ 0% 0) 0* 0-
#21927 0! 0" 0# 1$ 1*
#21928 1! 1" 1# 1% 1) 1-
#21929 0% 0) 0* 0-
#21930 0! 0" 0# 0$ 1% 1*
#21931 1! 1" 1# 1$ 1) 1-
#21932 0$ 0) 0* 0-
#21933 0! 0" 0# 1$ 1*
#21934 1! 1" 1# 1) 1-
#21935 0) 0* 0-
#21936 0! 0" 0% 0& 0( 1* 1-
#21937 1! 1" 0# 0$ 1% 0*
#21938 1& 0' 1*
#21939 0! 0" 0% 0& 0*
#21940 1! 1" 00
#21941 1% 10
#21942 0! 1# 1' 1( 1) 1*
#21943 1! 0# 0% 0' 0( 0) 0*
#21944 1%
#21945 0! 1# 1' 1( 1) 1*
#21946 1! 0# 0% 0' 0( 0) 0*
#21947 1%
#21948 0% 1) 1* 00
#21949 1# 1$ 1% 1& 1' 1( 0) 10
#21950 0! 0" 0# 0$ 0% 0& 0' 0( 0*
#21951 1! 1" 1# 1$ 1% 1& 1' 1( 1*
#21952 0! 0" 0# 0$ 0% 0& 0' 0( 0* 0-
#21953 1$ 1-
#21954 1" 1# 0$ 1* 0-
#21955 0" 0# 1$ 0*
#21956 0$ 1% 1-
#21957 1" 1# 1$ 0% 1* 0-
#21958 0" 0# 0$ 1% 0*
#21959 1$ 1-
#21960 1" 1# 0$ 1* 0-
#21961 0" 0# 1$ 0*
#21962 0$ 0% 1& 1-
#21963 1" 1# 1$ 1% 0& 1* 0-
#21964 0" 0# 0$ 0% 1& 0*
#21965 1$ 1- 00
#21966 1" 1# 0$ 1* 0- 10
#21967 0" 0# 1$ 0*
#21968 0$ 1% 1-
#21969 1" 1# 1$ 0% 1* 0-
#21970 0" 0# 0$ 1% 0*
#21971 1$ 1-
#21972 1" 1# 0$ 1* 0-
#21973 0" 0# 1$ 0* 00
#21974 0$ 0% 0& 1' 1- 10
#21975 1" 1# 1$ 1% 1& 0' 1* 0-
#21976 0" 0# 0$ 0% 0& 1' 0*
#21977 1$ 1-
#21978 1" 1# 0$ 1* 0-
#21979 0" 0# 1$ 0*
#21980 0$ 1% 1-
#21981 1" 1# 1$ 0% 1* 0-
#21982 0" 0# 0$ 1% 0* 00
#21983 1$ 1- 10
#21984 1" 1# 0$ 1* 0-
#21985 0" 0# 1$ 0*
#21986 0$ 0% 1& 1-
#21987 1" 1# 1$ 1% 0& 1* 0-
#21988 0" 0# 0$ 0% 1& 0*
#21989 1$ 1-
#21990 1" 1# 0$ 1* 0- 00
#21991 0" 0# 1$ 10
#21992 0$ 1% 0* 1-
#21993 1" 1# 1$ 0% 1* 0-
#21994 0" 0# 0$ 1%
#21995 1$ 0* 1-
#21996 1" 1# 0$ 1* 0-
#21997 0" 0# 1$
#21998 1! 1" 1# 1( 0+ 1-
#21999 0! 0( 1+ 0-
#22000 0$ 0& 1( 1-
#22001 0" 0% 0( 0*
#22002 1% 1& 1) 1*
#22003 1" 0& 1( 0)
#22004 0" 0# 1$ 1)
#22005 1# 0$ 0% 0' 0( 0)
#22006 1" 0# 0*
#22007 0" 1$ 1% 1' 1( 1) 1* 00
#22008 1# 0$ 0% 0' 0( 0) 10
#22009 1" 0# 0*
#22010 0" 1$ 1% 1' 1( 1) 1*
#22011 1# 0$ 0% 0' 0( 0)
#22012 1)
#22013 1! 1" 1$ 1% 1& 1' 1(
#22014 0! 0$ 0&
#22015 1! 1$ 1& 0) 0+ 00
#22016 0! 0# 0$ 0& 0' 0( 1) 1+ 10
#22017 1# 1' 1(
#22018 0% 0' 0) 0* 0-
#22019 0# 1% 0( 1) 1* 1-
#22020 1# 1' 1(
#22021 1$ 0% 0' 0) 0* 0-
#22022 0# 0$ 1% 0( 1) 1* 1-
#22023 1# 1' 1(
#22024 0' 0) 0* 0-
#22025 0# 0( 1) 1* 1-
#22026 1# 1' 1(
#22027 1$ 0' 0) 0-
#22028 0# 0$ 0( 1) 1-
#22029 1# 1' 1(
#22030 0% 1& 0' 0) 0-
#22031 1! 0# 1% 0& 1' 1) 1-
#22032 0! 1# 00
#22033 1$ 0% 1& 0' 0) 0- 10
#22034 1! 1% 1' 1) 1-
#22035 0! 0$ 0&
#22036 1& 0' 0) 0-
#22037 1! 1$ 1' 1) 1-
#22038 0! 0$ 0&
#22039 1$ 1& 0' 0) 0-
#22040 1! 1' 1) 1-
#22041 0! 0$ 0&
#22042 0% 0) 0-
#22043 1! 1$ 1% 1& 1) 1-
#22044 0! 0$ 0&
#22045 1$ 0% 0) 0-
#22046 0# 0$ 1% 0' 0( 1) 1-
#22047 1# 1' 1(
#22048 0) 0-
#22049 0# 0' 0( 1) 1- 00
#22050 1# 1' 1( 10
#22051 1$ 0) 0* 0-
#22052 0# 0$ 0' 0( 1) 1* 1-
#22053 1# 1' 1(
#22054 0% 1& 0) 0* 0-
#22055 0# 1% 0& 0' 0( 1) 1* 1-
#22056 1# 1' 1(
#22057 1$ 0% 1& 0) 0* 0- 00
#22058 0# 0$ 1% 0& 0' 0( 1) 1* 1- 10
#22059 1# 1' 1(
#22060 1& 0) 0* 0-
#22061 0# 0& 0' 0( 1) 1* 1-
#22062 1! 1# 1$ 1& 1' 1(
#22063 0! 0) 0-
#22064 0# 0% 0& 0( 0* 1-
#22065 1% 1( 1) 1*
#22066 1! 0" 1# 0$ 1& 0( 0)
#22067 0! 1" 0# 0% 0& 0' 0*
#22068 1! 1# 1$ 1% 1& 1' 1( 1*
#22069 0" 0$ 0% 0& 0' 0(
#22070 0# 0*
#22071 1" 1# 1$ 1% 1& 1' 1( 1*
#22072 0" 0$ 0% 0& 0' 0(
#22073 0# 0*
#22074 1" 1# 1$ 1% 1& 1' 1( 1* 00
#22075 0" 0$ 0% 0& 0' 0( 10
#22076 1)
#22078 1" 1$ 1% 1& 1' 1(
#22079 0) 0+
#22080 1+
#22081 0# 0$ 0% 0& 0' 0( 0-
#22082 0" 1# 0* 00
#22083 1" 1$ 1% 1& 1' 1( 1- 10
#22084 0# 0% 0& 0' 0( 1* 0-
#22085 0" 1# 0*
#22086 1" 1% 1& 1' 1( 1* 1-
#22087 0# 0$ 0& 0' 0( 0-
#22088 0" 1# 0*
#22089 1" 1$ 1& 1' 1( 1* 0+ 1-
#22090 0# 0& 0' 0( 1+ 0-
#22091 0" 1# 0* 00
#22092 1" 1& 1' 1( 1* 1- 10
#22093 0# 0$ 0% 0' 0( 0-
#22094 0" 1# 0*
#22095 1" 1$ 1% 1' 1( 1-
#22096 0# 0% 0' 0( 1* 0-
#22097 0" 1# 0*
#22098 1" 1% 1' 1( 1* 1-
#22099 0# 0$ 0' 0( 0- 00
#22100 0" 1# 0* 10
#22101 1" 1$ 1' 1( 1* 0+ 1-
#22102 0# 0' 0( 1+ 0-
#22103 0" 1# 0*
#22104 1" 1' 1( 1* 1-
#22105 0# 0$ 0% 0& 0( 0-
#22106 0" 1# 0*
#22107 1" 1$ 1% 1& 1( 1-
#22108 0# 0% 0& 0( 1* 0-
#22109 0" 1# 0*
#22110 1" 1% 1& 1( 1* 1-
#22111 0# 0$ 0& 0( 0-
#22112 0" 1# 0*
#22113 1" 1$ 1& 1( 1* 0+ 1-
#22114 0# 0& 0( 1+ 0-
#22115 0" 1# 0*
#22116 1" 1& 1( 1* 1- 00
#22117 0# 0$ 0% 0( 0- 10
#22118 0" 1# 0*
#22119 1" 1$ 1% 1( 1-
#22120 0# 0% 0( 1* 0-
#22121 0" 1# 0*
#22122 1" 1% 1( 1* 1-
#22123 0# 0$ 0( 0-
#22124 0" 1# 0* 00
#22125 1" 1$ 1( 1* 1- 10
#22126 0# 0( 0-
#22127 0" 1# 0*
#22128 0# 0% 0& 1-
#22129 1" 1# 1% 1& 1( 1*
#22130 0! 0$ 0% 0( 0*
#22131 1! 0" 0# 0& 0'
#22132 1" 1# 1$ 1% 1& 1' 1( 1*
#22133 0! 0$ 0% 0& 0' 0( 1)
#22134 0" 0# 0)
#22135 1! 1" 1# 1$ 1% 1& 1' 1( 1)
#22136 0! 0$ 0% 0& 0' 0(
#22137 0" 0# 0)
#22138 1! 1" 1# 1$ 1% 1& 1' 1( 1)
#22139 0! 0$ 0% 0& 0' 0(
#22141 00
#22142 1! 1$ 1% 1& 1' 1( 10
#22143 0)
#22144 1)
#22145 0# 0$ 0% 0& 0' 0) 0* 0-
#22146 0! 0" 1# 1*
#22147 1" 1$ 1% 1' 1) 1-
#22148 1! 0# 0% 0' 0) 0* 0-
#22149 0! 0" 1# 1*
#22150 1! 1" 1% 1& 1' 1) 1-
#22151 0# 0$ 0& 0' 0) 0* 0-
#22152 0! 0" 1#
#22153 1! 1" 1$ 1' 1) 1* 1-
#22154 0# 0' 0) 0* 0-
#22155 0! 0" 1#
#22156 0$ 0% 1& 1' 1) 1* 1-
#22157 1! 1" 0# 0' 0) 0* 0-
#22158 0! 0" 1# 00
#22159 0# 0( 1) 1* 1- 10
#22160 1! 1" 1$ 1( 0) 0* 0-
#22161 0! 0" 1#
#22162 0$ 1% 0( 1) 1* 1-
#22163 1! 1" 0# 1( 0) 0* 0-
#22164 0! 0" 1#
#22165 0# 0( 1) 1* 1-
#22166 1! 1" 1$ 1( 0) 0* 0- 00
#22167 0! 0" 1# 10
#22168 0$ 0% 0& 1' 0( 1) 1* 1-
#22169 1! 1" 0# 1( 0) 0* 0-
#22170 0! 0" 1#
#22171 0# 0( 1) 1* 1-
#22172 1! 1" 1$ 1( 0) 0* 0-
#22173 0! 0" 1#
#22174 0$ 1% 0( 1) 1* 1-
#22175 1! 1" 0# 1( 0) 0* 0-
#22176 0! 0" 1#
#22177 1! 1" 0# 0% 1) 1* 1-
#22178 1$ 1% 0) 0* 0-
#22179 0! 0" 1#
#22180 1! 1" 1& 1) 1* 1-
#22181 0# 0$ 0% 0) 0* 0-
#22182 0! 0" 1#
#22183 1) 1* 1- 00
#22184 1! 1" 0# 1$ 0) 0* 0- 10
#22185 0! 0" 1#
#22186 1! 1" 1% 1) 1* 1-
#22187 0# 0$ 0) 0* 0-
#22188 0! 0" 1#
#22189 1! 0% 1) 1* 1-
#22190 1" 0# 1$ 1% 0) 0* 0-
#22191 0! 0" 1# 00
#22192 0# 0% 0& 0( 1* 1- 10
#22193 1! 1" 1# 1% 1& 1( 1)
#22194 0! 0# 0&
#22195 0" 0$ 0% 0' 0( 0)
#22196 1" 1)
#22197 1! 1# 0)
#22198 0! 1% 1' 1(
#22199 0" 0# 0% 0' 0(
#22200 1! 1" 1# 00
#22201 0! 1% 1' 1( 10
#22202 0" 0# 0% 0' 0(
#22203 1! 1" 1#
#22204 1)
#22206 1$ 1% 1& 1' 1( 0)
#22207 1)
#22208 0! 0" 0$ 0% 0& 0' 0( 0) 0* 00
#22209 1" 0# 0- 10
#22210 0" 1# 1% 1) 1*
#22211 1$ 0% 0) 0* 1-
#22212 1" 0# 0-
#22213 0" 1# 0$ 1% 1*
#22214 0* 1-
#22215 1" 0# 0-
#22216 0" 1# 1*
#22217 1$ 0* 1-
#22218 1" 0# 0-
#22219 0" 1# 0$ 1*
#22220 0% 1& 0* 1-
#22221 1" 0# 0-
#22222 0" 1# 1% 0& 1*
#22223 1$ 0% 1& 0* 1-
#22224 1" 0# 0-
#22225 0" 1# 0$ 1% 0& 1* 00
#22226 1& 0* 1- 10
#22227 1" 0# 0-
#22228 0" 1# 0& 1*
#22229 1$ 1& 0* 1-
#22230 1" 0# 0-
#22231 0" 1# 0$ 0& 1*
#22232 0% 1' 0* 1-
#22233 1" 0# 0- 00
#22234 0" 1# 1% 0' 1* 10
#22235 1$ 0% 1' 0* 1-
#22236 1" 0# 0-
#22237 0" 1# 0$ 1% 0' 1*
#22238 1' 0* 1-
#22239 1" 0# 0-
#22240 0" 1# 0' 1*
#22241 1$ 1' 0* 1-
#22242 1" 0# 0-
#22243 0" 1# 0$ 0' 1) 1*
#22244 0% 1& 1' 0) 0* 1-
#22245 1" 0# 0-
#22246 0" 1# 1% 0& 0' 1) 1* 1-
#22247 1$ 0% 1& 1' 0) 0*
#22248 1" 0# 0-
#22249 0" 1# 0$ 1% 0& 0' 1) 1* 1-
#22250 1& 1' 0) 0* 00
#22251 1" 0# 0- 10
#22252 0" 1# 0& 0' 1) 1* 1-
#22253 1$ 1& 1' 0) 0*
#22254 1" 0# 0-
#22255 0" 1# 0$ 0& 0' 1) 1* 1-
#22256 0# 1$ 0% 1' 0) 0*
#22257 1" 1#
#22258 0" 0# 1& 0'
#22259 0$ 0&
#22260 1"
#22261 0" 1$ 1% 1) 1*
#22262 0% 0)
#22263 1! 0$ 0*
#22264 0! 1$ 1% 1) 1*
#22265 0% 0)
#22266 1! 0$ 0*
#22267 0! 1$ 1% 1) 1* 00
#22268 0% 0) 10
#22269 1)
#22270 1! 1" 1# 1% 1& 1' 1( 0)
#22272 0! 0$ 0& 1)
#22273 1! 0" 0# 0% 0' 0) 0-
#22274 1" 1# 1$ 1% 1& 1' 1-
#22275 0! 0$ 0& 1) 00
#22276 1! 0" 0# 1$ 0% 0' 0) 0- 10
#22277 1" 1# 1% 1& 1' 1-
#22278 0! 0$ 0& 1)
#22279 1! 0" 0# 0' 0) 0-
#22280 1" 1# 1$ 1& 1' 1-
#22281 0! 0$ 0& 1)
#22282 1! 0" 0# 1$ 0' 0) 0-
#22283 1" 1# 1& 1' 1-
#22284 0! 0$ 0& 1)
#22285 1! 0" 0# 0% 1& 0' 0) 0-
#22286 1" 1# 1$ 1% 1' 1-
#22287 0! 0$ 0& 1)
#22288 1! 0" 0# 1$ 0% 1& 0' 0) 0-
#22289 1" 1# 1% 1' 1-
#22290 0! 0$ 0% 0& 0' 1)
#22291 1! 0" 0# 1% 1& 0) 0-
#22292 1" 1# 1$ 1' 1- 00
#22293 0! 0$ 0& 0' 1) 10
#22294 1! 0" 0# 1$ 1& 0) 0-
#22295 1" 1# 1' 1-
#22296 0! 0& 0' 1)
#22297 1! 0" 0# 0$ 0% 1' 0) 0-
#22298 1" 1# 1$ 1% 1& 1-
#22299 0! 0$ 0% 0& 1)
#22300 1! 0" 0# 1$ 0) 0- 00
#22301 1" 1# 1% 1& 1- 10
#22302 0! 0$ 0% 0& 1)
#22303 1! 0" 0# 1% 0) 0-
#22304 1" 1# 1$ 1& 1-
#22305 0! 0$ 0& 1)
#22306 1! 0" 0# 1$ 0) 0-
#22307 1" 1# 1& 1-
#22308 0! 0$ 0& 1)
#22309 1! 0" 0# 0% 1& 0) 0- 00
#22310 1" 1# 1$ 1% 1- 10
#22311 0! 0$ 0& 1)
#22312 1! 0" 0# 1$ 0% 1& 0) 0-
#22313 1" 1# 1% 1-
#22314 0! 0$ 0& 1)
#22315 1! 0" 0# 1& 0) 0-
#22316 1" 1# 1$ 1-
#22317 0! 0$ 0& 1) 00
#22318 1! 0" 0# 1$ 1& 0) 0- 10
#22319 1" 1# 1-
#22320 0! 0$ 0& 1)
#22321 1! 0" 1$ 0% 0( 0) 0*
#22322 0$ 1% 1( 1) 1*
#22323 0!
#22324 1! 0# 0% 0' 0( 0) 0*
#22325 1$ 1% 1*
#22326 0! 1# 0$ 1' 1(
#22327 0# 0% 0' 0( 0*
#22328 1! 1$ 1% 1*
#22329 0! 1# 0$ 1' 1(
#22330 0# 0% 0' 0( 0*
#22331 1! 1$ 1% 1*
#22332 0! 1# 0$ 1' 1(
#22333 1! 0# 1$ 0% 0' 0( 1)
#22334 1" 1# 1% 1& 1' 1( 00
#22335 0) 10
#22337 0" 0# 0$ 0% 0& 0' 0( 0-
#22338 1" 1# 1$ 1% 1& 1' 1( 1) 1-
#22339 0$ 0% 0& 0' 0( 0) 0-
#22340 0" 0# 1$
#22341 1" 1# 1% 1& 1' 1( 1-
#22342 0% 0& 0' 0( 0- 00
#22343 0" 0# 0$ 1% 10
#22344 1" 1# 1$ 1& 1' 1( 1-
#22345 0$ 0& 0' 0( 0-
#22346 0" 0# 1$
#22347 1" 1# 1& 1' 1( 1-
#22348 0& 0' 0( 0-
#22349 0" 0# 0$ 0% 1&
#22350 1" 1# 1$ 1% 1' 1( 1-
#22351 0$ 0% 0' 0( 0-
#22352 0" 0# 1$
#22353 1" 1# 1% 1' 1( 1-
#22354 0% 0' 0( 0-
#22355 0" 0# 0$ 1%
#22356 1" 1# 1$ 1' 1( 1-
#22357 0$ 0' 0( 0-
#22358 0" 0# 1$
#22359 1" 1# 1' 1( 1- 00
#22360 0' 0( 0- 10
#22361 0" 0# 0$ 0% 0& 1'
#22362 1" 1# 1$ 1% 1& 1( 1-
#22363 0$ 0% 0& 0( 0-
#22364 0" 0# 1$
#22365 1" 1# 1% 1& 1( 1-
#22366 0% 0& 0( 0-
#22367 0" 0# 0$ 1%
#22368 1" 1# 1$ 1& 1( 1-
#22369 0$ 0& 0( 0-
#22370 0" 0# 1$
#22371 1" 1# 1& 1( 1) 1-
#22372 0& 0( 0) 0-
#22373 0" 0# 0$ 0% 1&
#22374 1" 1# 1$ 1% 1( 1) 1-
#22375 0$ 0% 0( 0) 0-
#22376 0! 0" 0# 1$ 00
#22377 1! 1" 1# 1% 1( 1) 1- 10
#22378 0% 0( 0) 0* 0-
#22379 0! 0" 0# 0$ 1% 1*
#22380 1! 1" 1# 1$ 1( 1) 1-
#22381 0$ 0( 0) 0* 0-
#22382 0! 0" 0# 1$ 1*
#22383 1! 1" 1# 1( 1) 1-
#22384 0( 0) 0* 0- 00
#22385 0! 0" 0% 0& 1* 1- 10
#22386 1" 0# 1% 0*
#22387 1& 0'
#22388 0" 0$ 0% 0& 1*
#22389 1" 1$ 0*
#22390 1% 1*
#22391 1# 0$ 1' 1( 1)
#22392 0# 1$ 0% 0' 0( 0) 0*
#22393 1% 1*
#22394 1# 0$ 1' 1( 1)
#22395 0# 1$ 0% 0' 0( 0) 0*
#22396 1% 1*
#22397 0% 1)
#22398 1! 1# 1% 1& 1' 1( 0)
#22399 0! 0" 0# 0$ 0% 0& 0' 0(
#22400 1! 1" 1# 1$ 1% 1& 1' 1(
#22401 0! 0" 0# 0$ 0% 0& 0' 0* 0- 00
#22402 1$ 0( 1* 1- 10
#22403 1! 1" 1# 0$ 1( 0-
#22404 0! 0" 0# 1$ 0*
#22405 0$ 1% 0( 1* 1-
#22406 1! 1" 1# 1$ 0% 1( 0-
#22407 0! 0" 0# 0$ 1% 0*
#22408 1$ 0( 1* 1-
#22409 1! 1" 1# 0$ 1( 0- 00
#22410 0! 0" 0# 1$ 0* 10
#22411 0$ 0% 1& 0( 1* 1-
#22412 1! 1" 1# 1$ 1% 0& 1( 0-
#22413 0! 0" 0# 0$ 0% 1& 0*
#22414 1$ 0( 1-
#22415 1" 1# 0$ 1( 1* 0-
#22416 0" 0# 1$ 0*
#22417 0$ 1% 0( 1-
#22418 1" 1# 1$ 0% 1( 1* 0- 00
#22419 0" 0# 0$ 1% 0* 10
#22420 1$ 0( 1-
#22421 1" 1# 0$ 1( 1* 0-
#22422 0" 0# 1$ 0*
#22423 0$ 0% 0& 1' 0( 1-
#22424 1" 1# 1$ 1% 1& 0' 1( 1* 0-
#22425 0" 0# 0$ 0% 0& 1' 0*
#22426 1$ 0( 1- 00
#22427 1" 1# 0$ 1( 1* 0- 10
#22428 0" 0# 1$ 0*
#22429 0$ 1% 0( 1-
#22430 1" 1# 1$ 0% 1( 1* 0-
#22431 0" 0# 0$ 1% 0*
#22432 1$ 0( 1-
#22433 1" 1# 0$ 1( 1* 0-
#22434 0" 0# 1$ 0*
#22435 0$ 0% 1& 0( 1-
#22436 1" 1# 1$ 1% 0& 1( 1* 0-
#22437 0" 0# 0$ 0% 1& 0*
#22438 1$ 0( 1-
#22439 1" 1# 0$ 1( 1* 0-
#22440 0" 0# 1$ 0*
#22441 0$ 1% 0( 1-
#22442 1! 1" 1# 1$ 0% 1( 1* 0-
#22443 0! 0" 0# 0$ 1% 0* 00
#22444 1$ 0( 1* 1- 10
#22445 1! 1" 1# 0$ 1( 0-
#22446 0! 0" 0# 1$ 0*
#22447 1! 1" 1# 1* 0+ 1-
#22448 0! 1+ 0-
#22449 0" 0% 0& 0( 1-
#22450 1! 1" 0# 0*
#22451 0" 1# 0$ 1% 1( 1) 1* 00
#22452 0! 0# 0% 0' 0( 0) 10
#22453 1$ 1% 1' 1(
#22454 1! 1" 0% 0' 0(
#22455 0! 0$ 0*
#22456 0" 1$ 1% 1' 1( 1) 1*
#22457 1! 1" 0% 0' 0( 0)
#22458 0! 0$ 0*
#22459 0" 1$ 1% 1' 1( 1) 1*
#22460 1! 1" 0% 0' 0( 0)
#22461 1)
#22462 1# 1% 1& 1' 1(
#22463 0! 0$ 0& 0)
#22464 1! 1$ 1& 0+
#22465 0! 0$ 0& 0' 0( 1) 1+
#22466 1' 1( 0)
#22467 0% 0' 0( 0* 0-
#22468 1% 1) 1* 1- 00
#22469 1' 1( 0) 10
#22470 1$ 0% 0' 0( 0* 0-
#22471 0$ 1% 1) 1* 1-
#22472 1' 1( 0)
#22473 0' 0( 0* 0-
#22474 1) 1* 1-
#22475 1' 1( 0)
#22476 1$ 0' 0( 0* 0-
#22477 0$ 1) 1* 1-
#22478 1' 1( 0)
#22479 0% 1& 0' 0( 0* 0-
#22480 1% 0& 1) 1* 1-
#22481 1' 1( 0)
#22482 1$ 0% 1& 0' 0( 0* 0-
#22483 0$ 1% 0& 1) 1* 1-
#22484 1' 1( 0)
#22485 1& 0' 0( 0* 0- 00
#22486 0& 1) 1* 1- 10
#22487 1' 1( 0)
#22488 1$ 1& 0' 0( 0* 0-
#22489 0$ 0& 1) 1* 1-
#22490 1' 1( 0)
#22491 0% 0( 0* 0-
#22492 1% 0' 1) 1* 1-
#22493 1' 1( 0) 00
#22494 1$ 0% 0( 0* 0- 10
#22495 0$ 1% 0' 1) 1* 1-
#22496 1' 1( 0)
#22497 0( 0* 0-
#22498 0' 1) 1* 1-
#22499 1' 1( 0)
#22500 1$ 0( 0* 0-
#22501 0$ 0' 1) 1* 1-
#22502 1' 1(
#22503 0% 1& 0( 0) 0* 0-
#22504 1% 0& 0' 1) 1* 1-
#22505 1' 1(
#22506 1$ 0% 1& 0( 0) 0* 0-
#22507 0$ 1% 0& 0' 1) 1* 1-
#22508 1' 1(
#22509 1& 0( 0) 0* 0-
#22510 0& 0' 1) 1* 1- 00
#22511 1! 1$ 1& 1' 1( 10
#22512 0! 0( 0) 0* 0-
#22513 0# 0% 0& 1-
#22514 1% 1( 1) 1*
#22515 0" 1# 1& 0( 0) 0*
#22516 1" 0# 0$ 0% 0& 0'
#22517 1! 1# 1$ 1% 1& 1' 1( 1*
#22518 0! 0" 0% 0& 0' 0( 0* 00
#22519 1! 0# 0$ 10
#22520 1" 1# 1$ 1% 1& 1' 1( 1*
#22521 0! 0" 0% 0& 0' 0( 0*
#22522 1! 0# 0$
#22523 1" 1# 1$ 1% 1& 1' 1( 1*
#22524 0! 0" 0% 0& 0' 0( 0*
#22525 1) 1*
#22527 1! 1" 1% 1& 1' 1( 00
#22528 0) 0+ 10
#22529 1+
#22530 0# 0$ 0% 0& 0' 0-
#22531 0" 1# 0*
#22532 1" 1$ 1% 1& 0( 1-
#22533 0# 0% 0& 1( 1* 0-
#22534 0" 1# 0*
#22535 1" 1% 1& 1' 1* 1- 00
#22536 0# 0$ 0& 0' 0- 10
#22537 0" 1# 0*
#22538 1" 1$ 1& 0( 1* 0+ 1-
#22539 0# 0& 1( 1+ 0-
#22540 0" 1# 0*
#22541 1" 1& 1' 1* 1-
#22542 0# 0$ 0% 0' 0-
#22543 0" 1# 0*
#22544 1" 1$ 1% 0( 1-
#22545 0# 0% 1( 1* 0-
#22546 0" 1# 0*
#22547 1" 1% 1' 1* 1-
#22548 0# 0$ 0' 0-
#22549 0" 1# 0*
#22550 1" 1$ 0( 1* 0+ 1-
#22551 0# 1( 1+ 0-
#22552 0" 1# 0* 00
#22553 1" 1' 1* 1- 10
#22554 0# 0$ 0% 0& 0-
#22555 0" 1# 0*
#22556 1" 1$ 1% 1& 0' 0( 1-
#22557 0# 0% 0& 1' 1( 1* 0-
#22558 0" 1# 0*
#22559 1" 1% 1& 1* 1-
#22560 0# 0$ 0& 0- 00
#22561 0" 1# 0* 10
#22562 1" 1$ 1& 0' 0( 1* 0+ 1-
#22563 0# 0& 1' 1( 1+ 0-
#22564 0" 1# 0*
#22565 1" 1& 1* 1-
#22566 0# 0$ 0% 0-
#22567 0" 1# 0*
#22568 1" 1$ 1% 0' 0( 1-
#22569 0# 0% 1' 1( 1* 0-
#22570 0" 1# 0*
#22571 1" 1% 1* 1-
#22572 0# 0$ 0-
#22573 0" 1# 0*
#22574 1" 1$ 0' 0( 1* 0+ 1-
#22575 0# 1' 1( 1+ 0-
#22576 0" 1# 0*
#22577 0# 0% 0& 0( 1* 1- 00
#22578 1" 1# 1% 1& 1( 10
#22579 0" 0% 0( 0*
#22580 0# 0$ 0& 0' 1*
#22581 1" 1# 1$ 1% 1& 1' 1(
#22582 0! 0" 0# 0& 1)
#22583 0$ 0% 0' 0( 0)
#22584 1! 1" 1# 1$ 1% 1& 1' 1( 1)
#22585 0! 0" 0# 0% 0&
#22586 0$ 0' 0( 0)
#22587 1! 1" 1# 1$ 1% 1& 1' 1( 1)
#22588 0! 0" 0# 0% 0& 0' 0(
#22589 1! 1#
#22591 1" 1% 1& 1' 1(
#22592 0)
#22593 1)
#22594 0# 0$ 0% 0& 0' 0( 0) 0* 0- 00
#22595 0! 0" 1# 1* 10
#22596 1" 1% 1) 1-
#22597 1! 0# 1$ 0% 0) 0* 0-
#22598 0! 0" 1# 1*
#22599 1! 1" 1% 1& 1' 1( 1) 1-
#22600 0# 0$ 0& 0' 0( 0) 0* 0-
#22601 0! 0" 1# 1*
#22602 1! 1" 1) 1- 00
#22603 0# 1$ 0) 0* 0- 10
#22604 0! 0" 1# 1*
#22605 1! 1" 1& 1' 1( 1) 1-
#22606 0# 0$ 0% 0' 0( 0) 0* 0-
#22607 0! 0" 1# 1*
#22608 0# 1$ 1% 0& 1) 1-
#22609 1! 1" 0% 1& 0) 0* 0-
#22610 0! 0" 1# 1*
#22611 1! 1" 1% 1' 1( 1) 1-
#22612 0# 0$ 0' 0( 0) 0* 0-
#22613 0! 0" 1# 1*
#22614 1! 0# 1$ 0& 1) 1-
#22615 1" 1& 0) 0* 0-
#22616 0! 0" 1# 1*
#22617 1! 1" 1' 1( 1) 1-
#22618 0# 0$ 0% 0& 0( 0) 0* 0-
#22619 0! 0" 1# 1* 00
#22620 1" 0# 1$ 1% 0' 1) 1- 10
#22621 1! 0% 1' 0) 0* 0-
#22622 0! 0" 1# 1*
#22623 1! 1" 1% 1& 1( 1) 1-
#22624 0# 0$ 0& 0( 0) 0* 0-
#22625 0! 0" 1# 1*
#22626 1! 1" 0# 1$ 0' 1) 1-
#22627 1' 0) 0* 0- 00
#22628 0! 0" 1# 1* 10
#22629 1! 1" 1& 1( 1) 1-
#22630 0# 0$ 0% 0( 0) 0* 0-
#22631 0! 0" 1# 1*
#22632 1$ 1% 0& 0' 1) 1-
#22633 1! 1" 0# 0% 1& 1' 0) 0* 0-
#22634 0! 0" 1# 1*
#22635 1! 1" 1% 1( 1) 1-
#22636 0# 0$ 0( 0) 0* 0- 00
#22637 0! 0" 1# 1* 10
#22638 1! 1$ 0& 0' 1) 1-
#22639 1" 0# 1& 1' 0) 0* 0-
#22640 0! 0" 1# 1*
#22641 0# 0% 0& 1-
#22642 1! 1" 1# 1% 1& 1( 1)
#22643 0! 0# 0&
#22644 1! 0" 0$ 0% 0' 0( 0) 00
#22645 0! 1" 1) 10
#22646 1# 1$ 0) 0*
#22647 0" 0# 0$ 1*
#22648 1"
#22649 1# 1$ 0*
#22650 0" 0# 0$ 1*
#22651 1"
#22652 1# 1$ 0*
#22653 1) 1*
#22655 1! 1% 1& 1' 1( 0)
#22657 0! 0" 0$ 0% 0& 0' 0( 0*
#22658 1" 0# 1( 1* 0-
#22659 0" 1#
#22660 1$ 0( 0* 1-
#22661 1" 0# 1( 1* 0- 00
#22662 0" 1# 10
#22663 0$ 1% 0( 0* 1-
#22664 1" 0# 1( 1* 0-
#22665 0" 1#
#22666 1$ 0( 0* 1-
#22667 1" 0# 1( 1* 0-
#22668 0" 1#
#22669 0$ 0% 1& 0( 0* 1- 00
#22670 1" 0# 1( 1* 0- 10
#22671 0" 1#
#22672 1$ 0( 0* 1-
#22673 1" 0# 1( 1* 0-
#22674 0" 1# 0$ 0& 0(
#22675 1% 1& 0* 1-
#22676 1" 0# 1( 0-
#22677 0" 1# 0& 0( 1*
#22678 1$ 1& 0* 1-
#22679 1" 0# 1( 0-
#22680 1! 1# 0$ 0& 0( 1*
#22681 0! 0" 0% 1' 0* 1-
#22682 1" 0# 1( 0-
#22683 1! 1# 1% 0' 0( 1*
#22684 0! 0" 1$ 0% 1' 0* 1-
#22685 1" 0# 1( 0-
#22686 1! 1# 0$ 1% 0' 0( 1* 00
#22687 0! 0" 1' 0* 1- 10
#22688 1" 0# 1( 0-
#22689 1! 1# 0' 0( 1*
#22690 0! 0" 1$ 1' 0* 1-
#22691 1" 0# 1( 0-
#22692 0" 1# 0$ 0' 0( 1*
#22693 0% 1& 1' 0* 1-
#22694 1" 0# 1( 0-
#22695 0" 1# 0& 0' 0( 1*
#22696 1$ 1& 1' 0* 1-
#22697 1" 0# 1( 1* 0-
#22698 0" 1# 0$ 0& 0'
#22699 1% 1& 1' 0( 0* 1-
#22700 1" 0# 1( 1* 0-
#22701 0" 1#
#22702 1$ 0( 0* 1-
#22703 1" 0# 1( 1* 0- 00
#22704 0" 1# 10
#22705 0# 0% 0& 0( 0* 1-
#22706 1" 1#
#22707 1! 1& 0'
#22708 0! 0" 0# 0$ 0&
#22709 1"
#22710 0" 1# 1% 1' 1( 1) 1*
#22711 1! 1" 1$ 0% 0' 0( 00
#22712 0" 0# 0$ 0) 0* 10
#22713 0! 1# 1% 1' 1( 1) 1*
#22714 1! 1" 1$ 0% 0' 0(
#22715 0" 0# 0$ 0) 0*
#22716 0! 1# 1% 1' 1( 1) 1*
#22717 1! 1" 1$ 0% 0' 0( 0)
#22718 1)
#22719 1% 1& 1' 1( 0)
#22721 0! 0$ 0& 1)
#22722 1! 0" 0# 0% 0' 0( 0) 0-
#22723 1" 1# 1$ 1% 1& 1' 1( 1-
#22724 0! 0$ 0& 1)
#22725 1! 0" 0# 1$ 0% 0' 0( 0) 0-
#22726 1" 1# 1% 1& 1' 1( 1-
#22727 0! 0$ 0& 1)
#22728 1! 0" 0# 0' 0( 0) 0- 00
#22729 1" 1# 1$ 1& 1' 1( 1- 10
#22730 0! 0$ 0& 1)
#22731 1! 0" 0# 1$ 0' 0( 0) 0-
#22732 1" 1# 1& 1' 1( 1-
#22733 0! 0$ 0& 1)
#22734 1! 0" 0# 0% 1& 0' 0( 0) 0-
#22735 1" 1# 1$ 1% 1' 1( 1-
#22736 0! 0$ 0& 1) 00
#22737 1! 0" 0# 1$ 0% 1& 0' 0( 0) 0- 10
#22738 1" 1# 1% 1' 1( 1-
#22739 0! 0$ 0& 1)
#22740 1! 0" 0# 1& 0' 0( 0) 0-
#22741 1" 1# 1$ 1' 1( 1) 1-
#22742 0! 0$ 0&
#22743 0" 0# 1$ 1& 0' 0( 0) 0-
#22744 1! 1" 1# 1' 1( 1) 1-
#22745 0! 0$ 0& 00
#22746 0" 0# 0% 0( 0) 0- 10
#22747 1! 1" 1# 1$ 1% 1& 1( 1) 1-
#22748 0! 0$ 0&
#22749 0" 0# 1$ 0% 0( 0) 0-
#22750 1! 1" 1# 1% 1& 1( 1) 1-
#22751 0! 0$ 0&
#22752 1! 0" 0# 0( 0) 0-
#22753 1" 1# 1$ 1& 1( 1- 00
#22754 0! 0$ 0& 1) 10
#22755 1! 0" 0# 1$ 0( 0) 0-
#22756 1" 1# 1& 1( 1-
#22757 0! 0$ 0& 1)
#22758 1! 0" 0# 0% 1& 0( 0) 0-
#22759 1" 1# 1$ 1% 1( 1-
#22760 0! 0$ 0& 1)
#22761 1! 0" 0# 1$ 0% 1& 0( 0) 0-
#22762 1" 1# 1% 1( 1-
#22763 0! 0$ 0& 1)
#22764 1! 0" 0# 1& 0( 0) 0-
#22765 1" 1# 1$ 1( 1-
#22766 0! 0$ 0& 1)
#22767 1! 0" 0# 1$ 1& 0( 0) 0-
#22768 1" 1# 1( 1-
#22769 0! 0$ 0& 1)
#22770 1! 0" 0( 0) 0* 00
#22771 1( 1) 1* 10
#22772 0! 1"
#22773 1! 0" 1$ 0( 0) 0*
#22774 0! 0# 0$ 1(
#22775 1& 0( 1*
#22776 0% 0& 0' 0*
#22777 1%
#22778 0% 1* 00
#22779 0* 10
#22780 1%
#22781 0% 1*
#22782 1)
#22783 1! 1" 1# 1$ 1% 1& 1' 1(
#22784 0)
#22786 0" 0# 0$ 0% 0& 0' 0* 0-
#22787 1" 1# 1$ 1% 1& 1' 1* 1-
#22788 0$ 0% 0& 0' 0-
#22789 0" 0# 1$ 0*
#22790 1" 1# 1% 1& 1' 1* 1-
#22791 0% 0& 0' 0-
#22792 0" 0# 0$ 1% 0*
#22793 1" 1# 1$ 1& 1' 1* 1-
#22794 0$ 0& 0' 0-
#22795 0" 0# 1$ 0* 00
#22796 1" 1# 1& 1' 1* 1- 10
#22797 0& 0' 0-
#22798 0" 0# 0$ 0% 1& 0*
#22799 1" 1# 1$ 1% 1' 1* 1-
#22800 0$ 0% 0' 0-
#22801 0" 0# 1$ 0*
#22802 1" 1# 1% 1' 1* 1-
#22803 0% 0' 0-
#22804 0" 0# 0$ 1% 0*
#22805 1" 1# 1$ 1' 1* 1-
#22806 0$ 0' 0-
#22807 0" 0# 1$ 0*
#22808 1" 1# 1' 1* 1-
#22809 0' 0-
#22810 0" 0# 0$ 0% 0& 1'
#22811 1" 1# 1$ 1% 1& 1-
#22812 0$ 0% 0& 0- 00
#22813 0" 0# 1$ 10
#22814 1" 1# 1% 1& 1-
#22815 0% 0& 0-
#22816 0" 0# 0$ 1% 0*
#22817 1" 1# 1$ 1& 1* 1-
#22818 0$ 0& 0-
#22819 0" 0# 1$ 0*
#22820 1" 1# 1& 1* 1- 00
#22821 0& 0- 10
#22822 0" 0# 0$ 0% 1& 0*
#22823 1" 1# 1$ 1% 1* 1-
#22824 0$ 0% 0-
#22825 0" 0# 1$ 0*
#22826 1" 1# 1% 1* 1-
#22827 0% 0-
#22828 0" 0# 0$ 1% 0*
#22829 1" 1# 1$ 1* 1-
#22830 0$ 0-
#22831 0" 0# 1$ 0*
#22832 1" 1# 1* 1-
#22833 0-
#22834 0! 0" 0$ 0& 0( 1-
#22835 1! 0# 0' 1( 0*
#22836 1' 0(
#22837 0! 1# 1$ 1* 00
#22838 1! 0# 0$ 0% 1( 0* 10
#22839 1% 1& 1) 1*
#22840 0! 1" 1# 0& 0)
#22841 1! 0" 0# 0% 0' 0( 0*
#22842 1% 1) 1*
#22843 0! 1" 1# 1' 1( 0)
#22844 1! 0" 0# 0% 0' 0( 0*
#22845 1% 1) 1* 00
#22846 0% 10
#22847 1" 1# 1$ 1% 1& 1' 1( 0)
#22848 0! 0" 0# 0$ 0% 0& 0' 0(
#22849 1! 1" 1# 1$ 1% 1& 1' 1(
#22850 0! 0" 0# 0$ 0% 0& 0' 0( 0* 0-
#22851 1$ 1* 1-
#22852 1! 1" 1# 0$ 0-
#22853 0! 0" 0# 1$ 0*
#22854 0$ 1% 1* 1- 00
#22855 1! 1" 1# 1$ 0% 0- 10
#22856 0! 0" 0# 0$ 1% 0*
#22857 1$ 1* 1-
#22858 1! 1" 1# 0$ 0-
#22859 0! 0" 0# 1$ 0*
#22860 0$ 0% 1& 1* 1-
#22861 1! 1" 1# 1$ 1% 0& 0-
#22862 0! 0" 0# 0$ 0% 1& 0* 00
#22863 1$ 1* 1- 10
#22864 1! 1" 1# 0$ 0-
#22865 0! 0" 0# 1$ 0*
#22866 0$ 1% 1) 1* 1-
#22867 1! 1" 1# 1$ 0% 0) 0-
#22868 0! 0" 0# 0$ 1% 0*
#22869 1$ 1) 1* 1-
#22870 1! 1" 1# 0$ 0) 0* 0-
#22871 0! 0" 0# 1$
#22872 0$ 0% 0& 1' 1) 1* 1-
#22873 1! 1" 1# 1$ 1% 1& 0' 0) 0* 0-
#22874 0! 0" 0# 0$ 0% 0& 1'
#22875 1$ 1) 1* 1-
#22876 1! 1" 1# 0$ 0) 0* 0-
#22877 0! 0" 0# 1$
#22878 0$ 1% 1) 1* 1-
#22879 1! 1" 1# 1$ 0% 0) 0* 0- 00
#22880 0! 0" 0# 0$ 1% 10
#22881 1$ 1) 1* 1-
#22882 1! 1" 1# 0$ 0) 0-
#22883 0! 0" 0# 1$ 0*
#22884 0$ 0% 1& 1* 1-
#22885 1! 1" 1# 1$ 1% 0& 0-
#22886 0! 0" 0# 0$ 0% 1& 0*
#22887 1$ 1* 1- 00
#22888 1! 1" 1# 0$ 0- 10
#22889 0! 0" 0# 1$ 0*
#22890 0$ 1% 1* 1-
#22891 1! 1" 1# 1$ 0% 0-
#22892 0! 0" 0# 0$ 1% 0*
#22893 1$ 1* 1-
#22894 1! 1" 1# 0$ 0-
#22895 0! 0" 0# 1$ 0*
#22896 1! 1" 1# 1( 1* 1-
#22897 0( 0-
#22898 0! 0" 0$ 0& 1-
#22899 1" 0# 0% 0' 1(
#22900 1! 0" 1# 1% 1' 1)
#22901 0! 1$ 0( 0)
#22902 1" 0# 1(
#22903 0$ 1&
#22904 0% 0& 0' 0( 0* 00
#22905 0" 1$ 1% 1' 1( 1) 1* 10
#22906 1" 0$ 0' 0( 0)
#22907 0% 0*
#22908 0" 1$ 1% 1' 1( 1) 1*
#22909 1" 0$ 0' 0( 0)
#22910 0% 1)
#22911 1! 1# 1$ 1% 1& 1' 1(
#22912 0! 0" 0# 0$ 0% 0& 0' 0( 0)
#22913 1! 1" 1# 1$ 1% 1& 1' 1( 0+
#22914 0" 0# 0& 0' 0( 1) 1+
#22915 0! 0% 0)
#22916 1" 1# 0$ 1( 0* 0-
#22917 1! 0" 0# 1$ 1% 0( 1) 1* 1-
#22918 0! 0$ 0)
#22919 1" 1# 1$ 0% 1( 0* 0-
#22920 1! 0" 0# 1% 0( 1) 1* 1-
#22921 0! 0) 00
#22922 1" 1# 0$ 1( 0* 0- 10
#22923 1! 0" 0# 1$ 0( 1) 1* 1-
#22924 0! 0$ 0% 1& 0)
#22925 1" 1# 1$ 1% 0& 1( 0* 0-
#22926 1! 0" 0# 0( 1) 1* 1-
#22927 0! 0% 1& 0)
#22928 1" 1# 0$ 1( 0* 0-
#22929 1! 0" 0# 1$ 1% 0& 0( 1) 1* 1- 00
#22930 0! 0$ 1& 0) 10
#22931 1" 1# 1$ 0% 1( 0* 0-
#22932 1! 0" 0# 1% 0& 0( 1) 1* 1-
#22933 0! 0$ 1& 0)
#22934 1" 1# 1( 0* 0-
#22935 1! 0" 0# 1$ 0& 0( 1) 1* 1-
#22936 0! 0$ 0% 1' 0)
#22937 1" 1# 1$ 1% 1& 0' 1( 0* 0-
#22938 1! 0" 0# 0& 0( 1) 1* 1-
#22939 0! 1" 0$ 1' 1( 0)
#22940 1# 0% 0* 0-
#22941 1! 0" 0# 1$ 1% 0' 0( 1) 1* 1-
#22942 0! 1" 1# 0$ 1' 1( 0)
#22943 1$ 0% 0* 0-
#22944 1! 0" 0# 1% 0' 0( 1) 1* 1-
#22945 0! 1" 0$ 1' 1( 0)
#22946 1# 0* 0- 00
#22947 1! 0" 0# 1$ 0' 0( 1) 1* 1- 10
#22948 0! 0$ 1' 0)
#22949 1" 1# 1$ 1( 0* 0-
#22950 1! 0" 0# 0' 0( 1) 1* 1-
#22951 0! 0$ 0% 1' 0)
#22952 1" 1# 1& 1( 0* 0-
#22953 1! 0" 0# 1$ 1% 0& 0' 0( 1) 1* 1-
#22954 0! 0$ 1& 1' 0) 00
#22955 1" 1# 1$ 0% 1( 0* 0- 10
#22956 1! 0" 0# 1% 0& 0' 0( 1) 1* 1-
#22957 0! 1& 1' 0)
#22958 1" 1# 0$ 1( 0* 0-
#22959 1! 0" 0# 1$ 0& 0' 0( 1) 1* 1-
#22960 1" 1# 1& 1' 1( 0)
#22961 0! 0* 0-
#22962 0# 0$ 0& 0( 1) 1* 1-
#22963 1! 0% 0' 1( 0) 00
#22964 1% 1& 0* 10
#22965 0! 0& 1' 0( 1) 1*
#22966 1! 1# 1$ 1& 1(
#22967 0# 0$ 0% 0) 0*
#22968 0" 0& 0' 0( 1*
#22969 1" 1# 1$ 1% 1& 1' 1(
#22970 0# 0$ 0% 0& 0' 0( 0*
#22971 0" 00
#22972 1" 1# 1$ 1% 1& 1' 1( 1* 10
#22973 0# 0$ 0% 0& 0' 0( 0*
#22974 1) 1*
#22976 1# 1$ 1% 1& 1' 1(
#22977 0) 0+
#22978 1+
#22979 0# 0$ 0% 0& 0' 0( 0-
#22980 0" 1# 0*
#22981 1" 1$ 1% 1& 1' 1-
#22982 0# 0% 0& 0' 1* 0-
#22983 0" 1# 0*
#22984 1" 1% 1& 1' 1( 1* 1-
#22985 0# 0$ 0& 0' 0( 0-
#22986 0" 1# 0*
#22987 1" 1$ 1& 1' 1* 0+ 1-
#22988 0# 0& 0' 1+ 0- 00
#22989 0" 1# 0* 10
#22990 1" 1& 1' 1( 1* 1-
#22991 0# 0$ 0% 0' 0( 0-
#22992 0" 1# 0*
#22993 1" 1$ 1% 1' 1-
#22994 0# 0% 0' 1* 0-
#22995 0" 1# 0*
#22996 1" 1% 1' 1( 1* 1- 00
#22997 0# 0$ 0' 0( 1) 0- 10
#22998 0" 1# 0) 0*
#22999 1" 1$ 1' 1* 0+ 1-
#23000 0# 0' 1) 1+
#23001 0" 1# 0) 0* 0-
#23002 1" 1' 1( 1* 1-
#23003 0# 0$ 0% 0& 0( 1)
#23004 0" 1# 0) 0* 0-
#23005 1" 1$ 1% 1& 1-
#23006 0# 0% 0& 1) 1*
#23007 0" 1# 0) 0* 0-
#23008 1" 1% 1& 1( 1* 1-
#23009 0# 0$ 0& 0( 1)
#23010 0" 1# 0) 0* 0-
#23011 1" 1$ 1& 1* 0+ 1-
#23012 0# 0& 1) 1+ 0-
#23013 0" 1# 0) 0* 00
#23014 1" 1& 1( 1* 1- 10
#23015 0# 0$ 0% 0( 0-
#23016 0" 1# 0*
#23017 1" 1$ 1% 1-
#23018 0# 0% 1* 0-
#23019 0" 1# 0*
#23020 1" 1% 1( 1* 1-
#23021 0# 0$ 0( 0-
#23022 0" 1# 0*
#23023 1" 1$ 1* 0+ 1-
#23024 0# 1+ 0-
#23025 0" 1# 0*
#23026 0# 0$ 0& 1* 1-
#23027 1" 1# 1$ 1& 1(
#23028 0! 0" 0$ 0% 0' 0*
#23029 1! 0# 1$ 1% 0& 1' 0( 1*
#23030 1" 1# 1& 1( 00
#23031 0! 0# 0& 1) 10
#23032 0" 0$ 0% 0' 0( 0)
#23033 1! 1" 1# 1$ 1% 1& 1' 1( 1)
#23034 0! 0" 0# 0&
#23035 0$ 0% 0' 0( 0)
#23036 1! 1" 1# 1$ 1% 1& 1' 1( 1)
#23037 0! 0" 0# 0&
#23038 1# 0$ 0% 0' 0( 00
#23039 10
#23040 1! 1" 1$ 1% 1& 1' 1(
#23041 0)
#23042 1)
#23043 0# 0$ 0% 0& 0' 0) 0* 0-
#23044 0! 0" 1# 1*
#23045 1" 1$ 1' 0( 1) 1-
#23046 1! 0# 0' 1( 0) 0* 0-
#23047 0! 0" 1# 1*
#23048 1! 1" 1% 1& 1' 1) 1-
#23049 0# 0$ 0& 0' 0) 0* 0-
#23050 0! 0" 1# 1*
#23051 1! 1" 1$ 0% 1' 0( 1) 1-
#23052 0# 1% 0' 1( 0) 0* 0-
#23053 0! 0" 1# 1*
#23054 1! 1" 1& 1' 1) 1-
#23055 0# 0$ 0% 0' 0) 0* 0- 00
#23056 0! 0" 1# 1* 10
#23057 0# 1% 0& 1' 0( 1) 1-
#23058 1! 1" 1$ 0% 1& 0' 1( 0) 0* 0-
#23059 0! 0" 1# 1*
#23060 1! 1" 1% 1' 1) 1-
#23061 0# 0$ 0' 0) 0* 0-
#23062 0! 0" 1# 1*
#23063 1! 0# 0& 1' 0( 1) 1- 00
#23064 1" 1$ 1& 0' 1( 0) 0* 0- 10
#23065 0! 0" 1# 1*
#23066 1! 1" 1' 1) 1-
#23067 0# 0$ 0% 0& 0) 0* 0-
#23068 0! 0" 1# 1*
#23069 1" 0# 1% 0( 1) 1-
#23070 1! 1$ 0% 1( 0) 0* 0-
#23071 0! 0" 1# 1*
#23072 1! 1" 1% 1& 1) 1- 00
#23073 0# 0$ 0& 0) 0* 0- 10
#23074 0! 0" 1# 1*
#23075 1! 1" 0# 0( 1) 1-
#23076 1$ 1( 0) 0* 0-
#23077 0! 0" 1# 1*
#23078 1! 1" 1& 1) 1-
#23079 0# 0$ 0% 0) 0* 0-
#23080 0! 0" 1# 1* 00
#23081 1% 0& 0( 1) 1- 10
#23082 1! 1" 0# 1$ 0% 1& 1( 0) 0* 0-
#23083 0! 0" 1# 1*
#23084 1! 1" 1% 1) 1-
#23085 0# 0$ 0) 0* 0-
#23086 0! 0" 1# 1*
#23087 1! 0& 0( 1) 1-
#23088 1" 0# 1$ 1& 1( 0) 0* 0-
#23089 0! 0" 1# 1*
#23090 1! 0# 0$ 0& 0( 0* 1-
#23091 1" 1# 1$ 1& 1( 1*
#23092 0! 0# 0&
#23093 1! 0" 0( 0*
#23094 1" 1# 1& 1( 1) 1*
#23095 0" 0$ 0% 0( 0) 0*
#23096 0! 0# 0& 0'
#23097 1" 00
#23098 1! 0" 1# 10
#23099 0! 0#
#23100 1"
#23101 1! 0" 1#
#23102 1) 1*
#23104 1" 1$ 1% 1& 1' 1(
#23105 0) 00
#23106 0! 0" 0$ 0% 0& 0' 0( 0* 10
#23107 1" 0# 1* 0-
#23108 0" 1#
#23109 1$ 0* 1-
#23110 1" 0# 1* 0-
#23111 0" 1#
#23112 0$ 1% 0* 1-
#23113 1" 0# 1* 0-
#23114 0" 1#
#23115 1$ 0* 1-
#23116 1" 0# 1* 0-
#23117 0" 1#
#23118 0$ 0% 1& 0* 1-
#23119 1" 0# 1* 0-
#23120 0" 1#
#23121 1$ 0* 1-
#23122 1" 0# 1* 0- 00
#23123 0" 1# 10
#23124 0$ 1% 0* 1-
#23125 1" 0# 1* 0-
#23126 0" 1# 0*
#23127 1$ 1-
#23128 1" 0# 1* 0-
#23129 0" 1# 0*
#23130 0$ 0% 0& 1' 1-
#23131 1" 0# 1* 0-
#23132 0" 1# 0*
#23133 1$ 1-
#23134 1" 0# 1* 0-
#23135 0" 1# 0*
#23136 0$ 1% 1-
#23137 1" 0# 1* 0-
#23138 0" 1# 0*
#23139 1$ 1- 00
#23140 1" 0# 1* 0- 10
#23141 0" 1# 0*
#23142 0$ 0% 1& 1-
#23143 1" 0# 1* 0-
#23144 0" 1#
#23145 1$ 0* 1-
#23146 1" 0# 1* 0-
#23147 0" 1# 00
#23148 0$ 1% 0* 1- 10
#23149 1" 0# 1* 0-
#23150 0" 1#
#23151 1$ 0* 1-
#23152 1" 0# 1* 0-
#23153 0" 1#
#23154 0# 0$ 0& 0* 1-
#23155 1" 1#
#23156 0%
#23157 0" 0# 1$ 1%
#23158 1" 1#
#23159 1! 0" 0$ 1( 1) 1*
#23160 0! 1" 1& 0(
#23161 1! 0" 0# 0% 0& 0' 0) 0*
#23162 0! 1# 1% 1' 1( 1) 1*
#23163 1" 0% 0' 0(
#23164 1! 0" 0# 0) 0* 00
#23165 0! 1# 1% 1' 1( 1) 1* 10
#23166 1" 0% 0' 0(
#23168 1! 1$ 1% 1& 1' 1( 0)
#23169 1)
#23170 0! 0$ 0&
#23171 0# 0% 0' 0) 0-
#23172 1! 1$ 1% 0( 1) 1- 00
#23173 0! 1# 0$ 1' 1( 10
#23174 0# 1$ 0% 0' 0) 0-
#23175 1! 1% 0( 1) 1-
#23176 0! 1# 0$ 1' 1(
#23177 0# 0' 0) 0-
#23178 1! 1$ 0( 1) 1-
#23179 0! 1# 0$ 1' 1(
#23180 0# 1$ 0' 0) 0-
#23181 1! 0( 1) 1- 00
#23182 0! 1# 0$ 1' 1( 10
#23183 0# 0% 1& 0' 0) 0-
#23184 1! 1# 1$ 1% 1) 1-
#23185 0! 0$ 0& 1'
#23186 0# 1$ 0% 1& 0' 0) 0-
#23187 1! 1# 1% 1' 1) 1-
#23188 0! 0$ 0&
#23189 0# 1& 0' 0) 0- 00
#23190 1! 1# 1$ 1' 1) 1- 10
#23191 0! 0$ 0&
#23192 0# 1$ 1& 0' 0) 0-
#23193 1! 1# 1' 1) 1-
#23194 0! 0$ 0&
#23195 0" 0# 0% 0) 0-
#23196 1! 1" 1# 1$ 1% 1& 1) 1-
#23197 0! 0$ 0&
#23198 0" 0# 1$ 0% 0) 0-
#23199 1! 1" 1# 1% 1& 1) 1-
#23200 0! 0$ 0&
#23201 0" 0# 0) 0-
#23202 1! 1" 1# 1$ 1& 1) 1-
#23203 0! 0$ 0&
#23204 0" 0# 1$ 0) 0-
#23205 1! 1" 1# 1& 1) 1-
#23206 0! 0$ 0& 00
#23207 0" 0# 0% 1& 0) 0- 10
#23208 1! 1" 1# 1$ 1% 1) 1-
#23209 0! 0$ 0&
#23210 0# 1$ 0% 1& 0) 0-
#23211 1! 1# 1% 1) 1-
#23212 0! 0$ 0&
#23213 0# 1& 0) 0-
#23214 1! 1# 1$ 1) 1- 00
#23215 0! 0$ 0& 10
#23216 0# 1$ 1& 0) 0-
#23217 1! 1# 1) 1-
#23218 0! 0$ 0&
#23219 1! 0" 0( 0)
#23220 1(
#23221 0! 1" 1)
#23222 1! 0" 1$ 0( 0)
#23223 1" 0$ 1( 0*
#23224 1& 0(
#23225 0! 0" 0# 0% 0& 0' 1*
#23226 1! 1" 1# 1% 0*
#23227 0%
#23228 0! 0" 0# 1*
#23229 1! 1" 1# 1% 0*
#23230 0%
#23231 1) 1* 00
#23232 1$ 1% 1& 1' 1( 10
#23233 0)
#23235 0" 0# 0$ 0% 0& 0' 0( 0* 0-
#23236 1" 1# 1$ 1% 1& 1' 1( 1* 1-
#23237 0$ 0% 0& 0' 0( 0-
#23238 0" 0# 1$ 0*
#23239 1" 1# 1% 1& 1' 1( 1* 1-
#23240 0% 0& 0' 0( 0-
#23241 0" 0# 0$ 1% 0*
#23242 1" 1# 1$ 1& 1' 1( 1* 1-
#23243 0$ 0& 0' 0( 0-
#23244 0" 0# 1$ 0*
#23245 1" 1# 1& 1' 1( 1* 1-
#23246 0& 0' 0( 0-
#23247 0" 0# 0$ 0% 1& 0*
#23248 1" 1# 1$ 1% 1' 1( 1* 1- 00
#23249 0$ 0% 0' 0( 0- 10
#23250 0" 0# 1$ 0*
#23251 1" 1# 1% 1' 1( 1* 1-
#23252 0% 0' 0( 0-
#23253 0" 0# 0$ 1% 0*
#23254 1" 1# 1$ 1' 1( 1* 1-
#23255 0$ 0' 0( 0-
#23256 0" 0# 1$ 0* 00
#23257 1" 1# 1' 1( 1* 1- 10
#23258 0' 0( 0-
#23259 0" 0# 0$ 0% 0& 1' 0*
#23260 1" 1# 1$ 1% 1& 1( 1* 1-
#23261 0$ 0% 0& 0( 0-
#23262 0" 0# 1$ 0*
#23263 1" 1# 1% 1& 1( 1* 1-
#23264 0% 0& 0( 0-
#23265 0" 0# 0$ 1% 0*
#23266 1" 1# 1$ 1& 1( 1* 1-
#23267 0$ 0& 0( 0-
#23268 0" 0# 1$ 0*
#23269 1" 1# 1& 1( 1* 1-
#23270 0& 0( 0-
#23271 0" 0# 0$ 0% 1& 0*
#23272 1" 1# 1$ 1% 1( 1* 1-
#23273 0$ 0% 0( 0- 00
#23274 0" 0# 1$ 0* 10
#23275 1" 1# 1% 1( 1* 1-
#23276 0% 0( 0-
#23277 0" 0# 0$ 1% 0*
#23278 1" 1# 1$ 1( 1* 1-
#23279 0$ 0( 0-
#23280 0" 0# 1$ 0*
#23281 1" 1# 1( 1* 1- 00
#23282 0( 0- 10
#23283 0! 0" 0$ 0& 1-
#23284 0# 1$ 0' 1( 0*
#23285 1' 0(
#23286 1# 1*
#23287 0# 0% 1( 0*
#23288 1% 1& 1) 1*
#23289 1" 1# 0$ 0& 0)
#23290 0" 0# 1$ 0% 0' 0( 0* 00
#23291 1% 1) 1* 10
#23292 1" 1# 0$ 1' 0)
#23293 0" 0# 1$ 0% 0' 0*
#23294 1% 1) 1*
#23295 0%
#23296 1! 1" 1# 1% 1& 1' 1( 0)
#23297 0! 0" 0# 0$ 0% 0& 0' 0( 1)
#23298 1! 1" 1# 1$ 1% 1& 1' 1( 0) 0+ 00
#23299 0! 0" 0# 0$ 0% 0& 0' 0* 1+ 0- 10
#23300 1$ 0( 1) 1* 1-
#23301 1! 1" 1# 0$ 1( 0) 0* 0-
#23302 0! 0" 0# 1$
#23303 0$ 1% 0( 1) 1* 1-
#23304 1! 1" 1# 1$ 0% 1( 0) 0* 0-
#23305 0! 0" 0# 0$ 1%
#23306 1$ 0( 1) 1* 1-
#23307 1! 1" 1# 0$ 1( 0) 0* 0-
#23308 0! 0" 0# 1$
#23309 0$ 0% 1& 0( 1) 1* 1-
#23310 1! 1" 1# 1$ 1% 0& 1( 0) 0* 0-
#23311 0! 0" 0# 0$ 0% 1&
#23312 1$ 0( 1) 1* 1-
#23313 1! 1" 1# 0$ 1( 0) 0* 0-
#23314 0! 0" 0# 1$
#23315 0$ 1% 0( 1) 1* 1- 00
#23316 1! 1" 1# 1$ 0% 1( 0) 0* 0- 10
#23317 0! 0" 0# 0$ 1%
#23318 1$ 0( 1) 1* 1-
#23319 1! 1" 1# 0$ 1( 0) 0* 0-
#23320 0! 0" 0# 1$
#23321 0$ 0% 0& 1' 0( 1) 1* 1-
#23322 1! 1" 1# 1$ 1% 1& 0' 1( 0) 0* 0-
#23323 0! 0" 0# 0$ 0% 0& 1' 00
#23324 1$ 0( 1) 1* 1- 10
#23325 1! 1" 1# 0$ 1( 0) 0* 0-
#23326 0! 0" 0# 1$
#23327 0$ 1% 0( 1) 1* 1-
#23328 1! 1" 1# 1$ 0% 1( 0) 0* 0-
#23329 0! 0" 0# 0$ 1%
#23330 1$ 0( 1) 1* 1-
#23331 1! 1" 1# 0$ 1( 0) 0* 0-
#23332 0! 0" 0# 1$
#23333 0$ 0% 1& 0( 1) 1* 1-
#23334 1! 1" 1# 1$ 1% 0& 1( 0) 0* 0-
#23335 0! 0" 0# 0$ 0% 1&
#23336 1$ 0( 1) 1* 1-
#23337 1! 1" 1# 0$ 1( 0) 0* 0-
#23338 0! 0" 0# 1$
#23339 0$ 1% 0( 1) 1* 1-
#23340 1! 1" 1# 1$ 0% 1( 0) 0* 0- 00
#23341 0! 0" 0# 0$ 1% 10
#23342 1$ 0( 1) 1* 1-
#23343 1! 1" 1# 0$ 1( 0) 0* 0-
#23344 0! 0" 0# 1$
#23345 1! 1" 1# 1) 1* 1-
#23346 0) 0* 0-
#23347 0! 0" 0$ 0& 0( 1-
#23348 1! 0# 1$ 0% 0' 1( 1*
#23349 1# 0$ 1% 1' 1)
#23350 0! 1$ 0( 0) 0*
#23351 1" 0# 1( 1*
#23352 1! 0" 1& 0*
#23353 0! 1" 0$ 0% 0& 0' 0( 1)
#23354 0" 1$ 1% 1' 1( 0) 1*
#23355 1! 0' 0( 0*
#23356 0! 1" 0$ 0% 1)
#23357 0" 1$ 1% 1' 1( 0) 1* 00
#23358 1! 0' 0( 0* 10
#23359 0% 1) 1*
#23360 1" 1# 1% 1& 1' 1(
#23361 0! 0" 0# 0$ 0% 0& 0' 0( 0) 0*
#23362 1! 1" 1# 1$ 1% 1& 1' 1( 1* 0+
#23363 0" 0& 0' 0( 1) 1+
#23364 0! 0# 0% 0) 0*
#23365 1" 1# 0$ 0- 00
#23366 1! 0" 1$ 1% 1) 1* 1- 10
#23367 0! 0# 0$ 0) 0*
#23368 1" 1# 1$ 0% 0-
#23369 1! 0" 1% 1) 1* 1-
#23370 0! 0# 0)
#23371 1" 1# 0$ 0* 0-
#23372 1! 0" 1$ 1) 1* 1-
#23373 0! 0# 0$ 0% 1& 0)
#23374 1" 1# 1$ 1% 0& 0* 0-
#23375 1! 0" 1) 1* 1-
#23376 0! 0# 0% 1& 0)
#23377 1" 1# 0$ 0* 0-
#23378 1! 0" 1$ 1% 0& 1) 1* 1-
#23379 0! 0# 0$ 1& 0)
#23380 1" 1# 1$ 0% 0* 0-
#23381 1! 0" 1% 0& 1) 1* 1-
#23382 0! 0# 1& 0) 0* 00
#23383 1" 1# 0$ 0- 10
#23384 1! 0" 1$ 0& 1) 1* 1-
#23385 0! 0# 0$ 0% 1' 0) 0*
#23386 1" 1# 1$ 1% 1& 0' 0-
#23387 1! 0" 0& 1) 1* 1-
#23388 0! 0# 0% 1' 0) 0*
#23389 1" 1# 0$ 0-
#23390 1! 0" 1$ 1% 0' 1) 1* 00
#23391 0! 0# 0$ 1' 0) 0* 1- 10
#23392 1" 1# 1$ 0% 0-
#23393 1! 0" 1% 0' 1) 1*
#23394 0! 0# 1' 0) 0* 1-
#23395 1" 1# 0$ 0-
#23396 1! 0" 1$ 0' 1) 1* 1-
#23397 0! 0# 0$ 0% 1& 1' 0) 0*
#23398 1" 1# 1$ 1% 0& 0-
#23399 1! 0" 0' 1) 1* 1- 00
#23400 0! 0# 0% 1& 1' 0) 0* 10
#23401 1" 1# 0$ 0-
#23402 1! 0" 1$ 1% 0& 0' 1) 1* 1-
#23403 0! 0# 0$ 1& 1' 0) 0*
#23404 1" 1# 1$ 0% 0-
#23405 1! 0" 1% 0& 0' 1) 1* 1-
#23406 0! 0# 1& 1' 0)
#23407 1" 1# 0$ 0* 0- 00
#23408 1! 0" 1$ 0& 0' 1) 1* 1- 10
#23409 1" 1& 1' 1( 0)
#23410 0! 0( 0* 0-
#23411 0$ 0& 1( 1) 1* 1-
#23412 0# 1$ 0% 0' 0)
#23413 1% 1& 0*
#23414 0$ 0& 1' 1) 1*
#23415 1! 1# 1$ 1&
#23416 0! 0# 0% 0) 0*
#23417 1! 0" 0$ 0& 0' 0( 1*
#23418 1" 1# 1$ 1% 1& 1' 1(
#23419 0! 0# 0% 0& 0' 0( 0*
#23420 1! 0" 0$ 1*
#23421 1" 1# 1$ 1% 1& 1' 1(
#23422 0! 0# 0% 0& 0' 0( 0*
#23423 1) 1*
#23424 00
#23425 1! 1# 1% 1& 1' 1( 10
#23426 0)
#23428 0! 0# 0$ 0% 0& 0' 1)
#23429 1! 0" 1# 0) 0-
#23430 1" 1$ 1% 1& 1' 0( 0* 1-
#23431 0! 0# 0$ 0% 0& 0' 1( 1) 1*
#23432 1! 0" 1# 1$ 0) 0- 00
#23433 1" 1% 1& 1' 1- 10
#23434 0! 0$ 0& 1)
#23435 1! 0" 0' 0) 0-
#23436 1" 1$ 1& 1' 0( 0+ 1-
#23437 0! 0$ 0& 1( 1) 1+
#23438 1! 0" 1$ 0' 0) 0-
#23439 1" 1& 1' 1-
#23440 0! 0# 0$ 0% 0& 1)
#23441 1! 0" 1# 1& 0' 0) 0-
#23442 1" 1$ 1% 0* 1-
#23443 0! 0# 0$ 0% 0& 1) 1*
#23444 1! 0" 1# 1$ 1& 0) 0-
#23445 1" 1% 1' 1-
#23446 0! 0# 0$ 0' 1)
#23447 1! 0" 1# 0) 0-
#23448 1" 1$ 0+ 1-
#23449 0# 1) 1+ 00
#23450 0" 1# 0) 0- 10
#23451 1" 1' 1-
#23452 0# 0$ 0% 0& 1)
#23453 0" 1# 0) 0-
#23454 1" 1$ 1% 1& 0' 0* 1-
#23455 0# 0% 0& 1' 1) 1*
#23456 0" 1# 0) 0-
#23457 1" 1% 1& 1-
#23458 0# 0$ 0& 1)
#23459 0" 1# 0) 0-
#23460 1" 1$ 1& 0' 0+ 1-
#23461 0# 0& 1' 1) 1+
#23462 0" 1# 0) 0-
#23463 1" 1& 1-
#23464 0# 0$ 0% 1)
#23465 0" 1# 0) 0-
#23466 1" 1$ 1% 0' 0* 1- 00
#23467 0# 0% 1' 1) 1* 10
#23468 0" 1# 0) 0-
#23469 1" 1% 1-
#23470 0# 0$ 1)
#23471 0" 1# 0) 0-
#23472 1" 1$ 0' 0+ 1-
#23473 0# 1' 1) 1+
#23474 0" 1# 0) 0- 00
#23475 0! 1" 0# 0$ 0& 0( 1- 10
#23476 1! 1# 1$ 1& 1( 1)
#23477 0# 0% 0' 0)
#23478 0! 1% 0& 1' 0(
#23479 1! 1# 1& 1(
#23480 0! 0# 0& 1)
#23481 1! 0" 0$ 0% 0' 0( 0)
#23482 1" 1# 1$ 1% 1& 1' 1(
#23483 0! 0" 0# 0& 1)
#23484 1! 0$ 0% 0' 0( 0)
#23485 1" 1# 1$ 1% 1& 1' 1(
#23486 0! 0" 0# 0& 1)
#23487 1! 1" 0% 0' 0(
#23489 1# 1% 1& 1' 1(
#23490 0)
#23491 1) 00
#23492 0# 0$ 0% 0& 0' 0( 0) 0* 0- 10
#23493 0! 0" 1# 1*
#23494 1" 1( 1) 1-
#23495 1! 0# 1$ 0( 0) 0* 0-
#23496 0! 0" 1# 1*
#23497 1! 1" 1% 1& 1' 1( 1) 1-
#23498 0# 0$ 0& 0' 0( 0) 0* 0-
#23499 0! 0" 1# 1* 00
#23500 1! 1" 0% 1( 1) 1- 10
#23501 0# 1$ 1% 0( 0) 0* 0-
#23502 0! 0" 1# 1*
#23503 1! 1" 1& 1' 1( 1) 1-
#23504 0# 0$ 0% 0' 0( 0) 0* 0-
#23505 0! 0" 1# 1*
#23506 0# 1$ 0& 1( 1) 1-
#23507 1! 1" 1& 0( 0) 0* 0-
#23508 0! 0" 1# 1* 00
#23509 1! 1" 1% 1' 1( 1) 1- 10
#23510 0# 0$ 0' 0( 0) 0* 0-
#23511 0! 0" 1# 1*
#23512 1! 0# 1$ 0% 0& 1( 1) 1-
#23513 1" 1% 1& 0( 0) 0* 0-
#23514 0! 0" 1# 1*
#23515 1! 1" 1' 1( 1) 1-
#23516 0# 0$ 0% 0& 0( 0) 0- 00
#23517 0" 1# 10
#23518 0! 1" 0# 1$ 0' 1( 1) 1-
#23519 1! 1' 0( 0) 0-
#23520 0" 1#
#23521 1" 1% 1& 1( 1) 1-
#23522 0# 0$ 0& 0( 0) 0-
#23523 0" 1#
#23524 1" 0# 1$ 0% 0' 1( 1) 1-
#23525 1% 1' 0( 0) 0-
#23526 0" 1#
#23527 1" 1& 1( 1) 1-
#23528 0# 0$ 0% 0( 0) 0-
#23529 0! 0" 1#
#23530 1$ 0& 0' 1( 1) 1-
#23531 1! 1" 0# 1& 1' 0( 0) 0* 0-
#23532 0! 0" 1# 1*
#23533 1! 1" 1% 1( 1) 1- 00
#23534 0# 0$ 0( 0) 0* 0- 10
#23535 0! 0" 1# 1*
#23536 1! 1$ 0% 0& 0' 1( 1) 1-
#23537 1" 0# 1% 1& 1' 0( 0) 0* 0-
#23538 0! 0" 1# 1*
#23539 1! 0# 0$ 0& 0* 1-
#23540 1" 1# 1$ 1& 1( 1*
#23541 0! 0# 0& 00
#23542 1! 0" 0( 0* 10
#23543 1" 1# 1& 1( 1) 1*
#23544 0! 0" 0% 0( 0) 0*
#23545 0# 0$ 0& 0'
#23546 1"
#23547 0" 1# 1$
#23548 0# 0$
#23549 1"
#23550 0" 1# 1$
#23551 1) 1*
#23553 1! 1" 1% 1& 1' 1(
#23554 0) 0+
#23555 0! 0" 0$ 0% 0& 0' 0( 0* 1+
#23556 1" 0# 1( 1* 0-
#23557 0" 1# 0*
#23558 1$ 0( 1- 00
#23559 1" 0# 1( 1* 0- 10
#23560 0" 1# 0*
#23561 0$ 1% 0( 1-
#23562 1" 0# 1( 1* 0-
#23563 0" 1# 0*
#23564 1$ 0( 1-
#23565 1" 0# 1( 1* 0-
#23566 0" 1# 0*
#23567 0$ 0% 1& 0( 1-
#23568 1" 0# 1( 1* 0-
#23569 0" 1# 0*
#23570 1$ 0( 1-
#23571 1" 0# 1( 1* 0-
#23572 0" 1# 0*
#23573 0$ 1% 0( 1-
#23574 1" 0# 1( 1* 0-
#23575 0" 1# 0* 00
#23576 1$ 0( 1- 10
#23577 1" 0# 1( 1* 0-
#23578 0" 1# 0*
#23579 0$ 0% 0& 1' 0( 1-
#23580 1" 0# 1( 1* 0-
#23581 0" 1# 0*
#23582 1$ 0( 1-
#23583 1" 0# 1( 1* 0- 00
#23584 0" 1# 0* 10
#23585 0$ 1% 0( 1-
#23586 1" 0# 1( 1* 0-
#23587 0" 1# 0*
#23588 1$ 0( 1-
#23589 1" 0# 1( 1* 0-
#23590 0" 1# 0*
#23591 0$ 0% 1& 0( 1-
#23592 1" 0# 1( 1* 0-
#23593 0" 1# 0*
#23594 1$ 0( 1-
#23595 1" 0# 1( 1* 0-
#23596 0" 1# 0*
#23597 0$ 1% 0( 1-
#23598 1" 0# 1( 1* 0-
#23599 0" 1# 0*
#23600 1$ 0( 1- 00
#23601 1" 0# 1( 1* 0- 10
#23602 0" 1# 0*
#23603 0# 0$ 0& 0( 1-
#23604 1" 1# 1)
#23605 1! 0" 1$ 0% 0) 1*
#23606 0! 0# 1% 0*
#23607 1" 1#
#23608 1! 0" 0$ 1( 1) 1* 00
#23609 0! 1" 10
#23610 1! 0" 0# 0% 0' 0( 0)
#23611 0! 1# 1% 1' 1( 1)
#23612 1"
#23613 1! 0" 0# 0% 0' 0( 0) 0*
#23614 0! 1# 1% 1' 1( 1) 1*
#23615 1! 1$ 0% 0' 0(
#23617 1" 1% 1& 1' 1( 0) 00
#23618 1) 10
#23619 0! 0$ 0&
#23620 0# 0% 0' 0( 0) 0* 0-
#23621 1! 1# 1$ 1% 1) 1* 1-
#23622 0! 0$ 1' 1(
#23623 0# 1$ 0% 0' 0( 0) 0* 0-
#23624 1! 1# 1% 1) 1* 1-
#23625 0! 0$ 1' 1( 00
#23626 0# 0' 0( 0) 0* 0- 10
#23627 1! 1# 1$ 1) 1* 1-
#23628 0! 0$ 1' 1(
#23629 0# 1$ 0' 0( 0) 0* 0-
#23630 1! 1# 1) 1* 1-
#23631 0! 0$ 1' 1(
#23632 0# 0% 1& 0' 0( 0) 0-
#23633 1! 1# 1$ 1% 0& 1) 1-
#23634 0! 0$ 1' 1(
#23635 0# 1$ 0% 1& 0' 0( 0) 0* 0-
#23636 1! 1# 1% 0& 1) 1* 1-
#23637 0! 0$ 1' 1(
#23638 0# 1& 0' 0( 0) 0* 0-
#23639 1! 1# 1$ 0& 1) 1* 1-
#23640 0! 0$ 1' 1(
#23641 0# 1$ 1& 0' 0( 0) 0* 0-
#23642 1! 1# 0& 1) 1* 1- 00
#23643 0! 0$ 1' 1( 10
#23644 0# 0% 0( 0) 0* 0-
#23645 1! 1# 1$ 1% 0' 1) 1* 1-
#23646 0! 0$ 1' 1(
#23647 0# 1$ 0% 0( 0) 0* 0-
#23648 1! 1# 1% 0' 1) 1* 1-
#23649 0! 0$ 1' 1(
#23650 0# 0( 0) 0* 0- 00
#23651 1! 1# 1$ 0' 1) 1* 1- 10
#23652 0! 0$ 1' 1(
#23653 0# 1$ 0( 0) 0* 0-
#23654 1! 1# 0' 1) 1* 1-
#23655 0! 0$ 1' 1(
#23656 0# 0% 1& 0( 0) 0* 0-
#23657 1! 1# 1$ 1% 0& 0' 1) 1* 1-
#23658 0! 0$ 1' 1(
#23659 0# 1$ 0% 1& 0( 0) 0* 0-
#23660 1! 1# 1% 0& 0' 1) 1* 1-
#23661 0! 0$ 1' 1(
#23662 0# 1& 0( 0) 0* 0-
#23663 1! 1# 1$ 0& 0' 1) 1* 1-
#23664 0! 0$ 1' 1(
#23665 0# 1$ 1& 0( 0) 0-
#23666 1! 1# 0& 0' 1) 1-
#23667 0! 0$ 1' 1( 00
#23668 1! 0" 0( 0) 10
#23669 1(
#23670 0! 1" 1)
#23671 1! 0" 1$ 0( 0)
#23672 0! 1" 1( 0*
#23673 1& 0(
#23674 0" 0# 0$ 0% 0& 0' 1*
#23675 1" 1# 1$ 1% 0*
#23676 0%
#23677 0" 0# 0$ 1*
#23678 1" 1# 1$ 1% 0*
#23679 0%
#23680 1) 1*
#23681 1! 1% 1& 1' 1(
#23682 0)
#23684 0" 0# 0$ 0% 0& 0' 0* 0- 00
#23685 1" 1# 1$ 1% 1& 1' 1* 1- 10
#23686 0$ 0% 0& 0' 0-
#23687 0" 0# 1$ 0*
#23688 1" 1# 1% 1& 1' 1* 1-
#23689 0% 0& 0' 0-
#23690 0" 0# 0$ 1% 0*
#23691 1" 1# 1$ 1& 1' 1* 1-
#23692 0$ 0& 0' 0- 00
#23693 0" 0# 1$ 0* 10
#23694 1" 1# 1& 1' 1* 1-
#23695 0& 0' 0-
#23696 0" 0# 0$ 0% 1& 0*
#23697 1" 1# 1$ 1% 1' 1* 1-
#23698 0$ 0% 0' 0-
#23699 0" 0# 1$ 0*
#23700 1" 1# 1% 1' 1* 1-
#23701 0% 0' 0-
#23702 0" 0# 0$ 1% 0*
#23703 1" 1# 1$ 1' 1* 1-
#23704 0$ 0' 0-
#23705 0" 0# 1$ 0*
#23706 1" 1# 1' 1* 1-
#23707 0' 0-
#23708 0" 0# 0$ 0% 0& 1' 0*
#23709 1" 1# 1$ 1% 1& 1* 1- 00
#23710 0$ 0% 0& 0- 10
#23711 0" 0# 1$ 0*
#23712 1" 1# 1% 1& 1* 1-
#23713 0% 0& 0-
#23714 0" 0# 0$ 1% 0*
#23715 1" 1# 1$ 1& 1* 1-
#23716 0$ 0& 0-
#23717 0" 0# 1$ 0* 00
#23718 1" 1# 1& 1* 1- 10
#23719 0& 0-
#23720 0" 0# 0$ 0% 1& 0*
#23721 1" 1# 1$ 1% 1* 1-
#23722 0$ 0% 0-
#23723 0" 0# 1$ 0*
#23724 1" 1# 1% 1* 1-
#23725 0% 0-
#23726 0" 0# 0$ 1% 0* 00
#23727 1" 1# 1$ 1* 1- 10
#23728 0$ 0-
#23729 0" 0# 1$ 0*
#23730 1" 1# 1* 1-
#23731 0-
#23732 0" 0$ 0& 0( 0* 1-
#23733 1" 1$ 0' 1( 1*
#23734 1' 0( 0* 00
#23735 0" 10
#23736 1" 0% 1( 1*
#23737 0" 0$ 1% 1)
#23738 0! 0# 0% 0' 0( 0) 0*
#23739 1! 1" 1# 1$ 1*
#23740 0! 0" 0$ 1% 1' 1( 1)
#23741 0# 0% 0' 0( 0) 0*
#23742 1! 1" 1# 1$ 1*
#23743 0! 0" 0$ 1% 1' 1( 1)
#23744 1! 1" 1$ 0% 0' 0(
#23745 1% 1& 1' 1( 0)
#23746 1)
#23747 0) 0+
#23748 0! 0" 0# 0$ 0% 0& 0' 0( 1+ 0-
#23749 1! 1" 1# 1$ 1% 1& 1' 1( 1) 1-
#23750 0$ 0% 0& 0' 0( 0) 0* 0-
#23751 0! 0" 0# 1$ 1* 00
#23752 1! 1" 1# 1% 1& 1' 1( 1) 1- 10
#23753 0% 0& 0' 0( 0) 0* 0-
#23754 0! 0" 0# 0$ 1%
#23755 1! 1" 1# 1$ 1& 1' 1( 1) 1* 1-
#23756 0$ 0& 0' 0( 0) 0* 0-
#23757 0! 0" 0# 1$
#23758 1! 1" 1# 1& 1' 1( 1) 1* 1-
#23759 0& 0' 0( 0) 0* 0- 00
#23760 0! 0" 0# 0$ 0% 1& 10
#23761 1! 1" 1# 1$ 1% 1' 1( 1) 1* 1-
#23762 0$ 0% 0' 0( 0) 0* 0-
#23763 0! 0" 0# 1$
#23764 1! 1" 1# 1% 1' 1( 1) 1* 1-
#23765 0% 0' 0( 0) 0* 0-
#23766 0! 0" 0# 0$ 1%
#23767 1! 1" 1# 1$ 1' 1( 1) 1* 1-
#23768 0$ 0' 0( 0) 0* 0-
#23769 0! 0" 0# 1$
#23770 1! 1" 1# 1' 1( 1) 1* 1-
#23771 0' 0( 0) 0* 0-
#23772 0! 0" 0# 0$ 0% 0& 1' 1*
#23773 1! 1" 1# 1$ 1% 1& 1( 1) 1-
#23774 0$ 0% 0& 0( 0) 0* 0-
#23775 0! 0" 0# 1$ 1*
#23776 1! 1" 1# 1% 1& 1( 1) 1- 00
#23777 0% 0& 0( 0) 0* 0- 10
#23778 0! 0" 0# 0$ 1% 1*
#23779 1! 1" 1# 1$ 1& 1( 1) 1-
#23780 0$ 0& 0( 0) 0* 0-
#23781 0! 0" 0# 1$ 1*
#23782 1! 1" 1# 1& 1( 1) 1-
#23783 0& 0( 0) 0* 0-
#23784 0! 0" 0# 0$ 0% 1& 1*
#23785 1! 1" 1# 1$ 1% 1( 1) 1-
#23786 0$ 0% 0( 0) 0* 0-
#23787 0! 0" 0# 1$ 1*
#23788 1! 1" 1# 1% 1( 1) 1-
#23789 0% 0( 0) 0* 0-
#23790 0! 0" 0# 0$ 1% 1*
#23791 1! 1" 1# 1$ 1( 1) 1-
#23792 0$ 0( 0) 0* 0-
#23793 0! 0" 0# 1$ 00
#23794 1! 1" 1# 1( 1) 1* 1- 10
#23795 0( 0) 0* 0-
#23796 0! 0" 0$ 0% 1-
#23797 0# 0& 0' 1*
#23798 1! 1# 1% 1' 1( 1)
#23799 0! 1$ 0% 1& 0( 0) 0*
#23800 1! 1" 0# 1% 0& 1( 1*
#23801 0! 0" 0$ 1& 0( 0* 00
#23802 1" 1) 10
#23803 1! 1$ 0& 1( 0) 1*
#23804 0! 0" 0$ 1& 0' 0*
#23805 1" 1$ 1' 0( 1)
#23806 1! 0& 1( 0) 1*
#23807 0! 0" 0$ 1& 0*
#23808 1) 1*
#23809 1! 1" 1# 1$ 0)
#23810 0! 0" 0# 0$ 0% 0& 0' 0( 0*
#23811 1! 1" 1# 1$ 1% 1& 1' 1( 1* 0+
#23812 0! 0" 0# 0$ 0% 0' 0( 1+ 0-
#23813 1$ 0& 0* 1-
#23814 1" 1# 0$ 1( 0-
#23815 0" 0# 1& 0( 1*
#23816 1% 0& 0* 1-
#23817 1" 1# 1$ 0% 1( 0-
#23818 0" 0# 0$ 1& 0( 1* 00
#23819 1$ 1% 0& 0* 1- 10
#23820 1" 1# 0$ 1( 0-
#23821 0" 0# 0% 0( 1*
#23822 1& 0* 1-
#23823 1" 1# 1$ 1% 0& 1( 0-
#23824 0" 0# 0$ 0% 1& 0( 1*
#23825 1$ 0* 1-
#23826 1" 1# 0$ 1( 0- 00
#23827 0" 0# 0( 1* 10
#23828 1% 0* 1-
#23829 1" 1# 1$ 0% 1( 0-
#23830 0" 0# 0$ 0( 1*
#23831 1$ 1% 0* 1-
#23832 1" 1# 0$ 1( 0-
#23833 0" 0# 0% 0( 1*
#23834 0& 1' 0* 1-
#23835 1" 1# 1$ 1% 1& 0' 1( 0- 00
#23836 0" 0# 0$ 0% 0( 1* 10
#23837 1$ 0& 1' 0* 1-
#23838 1" 1# 0$ 1( 0-
#23839 0" 0# 1& 0' 0( 1*
#23840 1% 0& 1' 0* 1-
#23841 1" 1# 1$ 0% 1( 0-
#23842 0" 0# 0$ 1& 0' 0( 1*
#23843 1$ 1% 0& 1' 0* 1- 00
#23844 1" 1# 0$ 1( 0- 10
#23845 0" 0# 0% 1& 0' 0( 1*
#23846 1' 0* 1-
#23847 1" 1# 1$ 1% 0& 1( 0-
#23848 0" 0# 0$ 0% 1& 0' 0( 1) 1*
#23849 1$ 1' 0) 0* 1-
#23850 1" 1# 0$ 1( 0-
#23851 0" 0# 0' 0( 1*
#23852 1% 1' 0* 1-
#23853 1" 1# 1$ 0% 1( 0-
#23854 0" 0# 0$ 0' 0( 1*
#23855 1$ 1% 1' 0* 1-
#23856 1" 1# 0$ 1( 0-
#23857 0" 0# 0% 0' 0( 1*
#23858 1! 1" 1# 1$ 1% 1' 1( 0+ 1-
#23859 0! 0* 1+ 0-
#23860 0$ 0& 1) 1* 1- 00
#23861 1! 0" 0# 0% 0' 0( 0) 0* 10
#23862 1% 1&
#23863 0! 1" 1# 0& 1' 1( 1) 1*
#23864 1! 0# 1$
#23865 0" 0$ 0% 1& 0( 0) 0*
#23866 1% 1*
#23867 1" 1# 1$ 1(
#23868 0" 0# 0$ 0% 0' 0* 00
#23869 1$ 1% 1' 0( 1* 10
#23870 1" 1# 1(
#23871 0" 0# 0$ 0% 0*
#23872 1% 1) 1*
#23874 0! 1" 1# 0&
#23875 1! 1$ 1& 0)
#23877 0! 0$ 0& 1)
#23878 1! 0" 0% 0' 0( 0) 0-
#23879 1" 1$ 1% 1& 1( 1-
#23880 0! 0$ 0& 1' 1)
#23881 1! 0" 1$ 0% 0' 0( 0) 0-
#23882 1" 1% 1& 1' 1( 1-
#23883 0! 0$ 0& 1)
#23884 1! 0" 0' 0( 0) 0-
#23885 1" 1$ 1& 1( 0+ 1- 00
#23886 0! 0$ 0& 1' 1) 1+ 10
#23887 1! 0" 1$ 0' 0( 0) 0-
#23888 1" 1& 1' 1( 1-
#23889 0! 0$ 0& 1)
#23890 1! 0" 0% 1& 0' 0( 0) 0-
#23891 1" 1$ 1% 1( 0* 1-
#23892 0! 0$ 0& 1' 1) 1*
#23893 1! 0" 1$ 0% 1& 0' 0( 0) 0-
#23894 1" 1% 1' 1( 1-
#23895 0! 0$ 0& 1)
#23896 1! 0" 1& 0' 0( 0) 0-
#23897 1" 1$ 1( 0+ 1-
#23898 0! 0$ 0& 1' 1) 1+
#23899 1! 0" 1$ 1& 0' 0( 0) 0-
#23900 1" 1' 1( 1-
#23901 0! 0$ 0& 1)
#23902 1! 0" 0% 0( 0) 0- 00
#23903 1" 1$ 1% 1& 0' 1( 1- 10
#23904 0! 0$ 0& 1' 1)
#23905 1! 0" 1$ 0% 0( 0) 0-
#23906 1" 1% 1& 1( 1-
#23907 0! 0$ 0& 1)
#23908 1! 0" 0( 0) 0-
#23909 1" 1$ 1& 0' 1( 1-
#23910 0! 0$ 0& 1' 1) 00
#23911 1! 0" 1$ 0( 0) 0- 10
#23912 1" 1& 1( 1-
#23913 0! 0$ 0& 1)
#23914 1! 0" 0% 1& 0( 0) 0-
#23915 1" 1$ 1% 0' 1( 1-
#23916 0! 0$ 0& 1' 1)
#23917 1! 0" 1$ 0% 1& 0( 0) 0-
#23918 1" 1% 1( 1-
#23919 0! 0$ 0& 1)
#23920 1! 0" 1& 0( 0) 0-
#23921 1" 1$ 0' 1( 0+ 1-
#23922 1' 1) 1+
#23923 0" 0( 0) 0-
#23924 0! 1" 0# 0$ 0% 0* 1-
#23925 1! 1$ 1% 0& 1( 1) 1*
#23926 0! 0$ 0% 1& 0' 0( 0)
#23927 1$ 1' 00
#23928 1! 1# 1% 1( 10
#23929 0# 0& 1)
#23930 0" 0$ 1& 0( 0)
#23931 1" 1# 1$ 1(
#23932 0# 0& 1)
#23933 0" 1& 0( 0)
#23934 1" 1# 1(
#23935 0# 0& 1) 00
#23936 0! 0$ 1& 10
#23938 1! 1# 1$
#23939 0)
#23941 0# 0$ 0% 0& 0' 0-
#23942 0" 1#
#23943 0! 1" 1$ 1% 1& 1-
#23944 1! 0# 0% 0& 0- 00
#23945 0" 1# 0* 10
#23946 1" 1% 1& 1' 1* 1-
#23947 0# 0$ 0& 0' 0-
#23948 0" 1# 0*
#23949 1" 1$ 1& 1* 1-
#23950 0# 0& 0-
#23951 0" 1# 0*
#23952 1" 1& 1' 1* 1- 00
#23953 0# 0$ 0% 0' 0- 10
#23954 0" 1# 0*
#23955 0! 0# 0& 1' 1* 1-
#23956 1! 1" 1$ 1& 0' 0-
#23957 0" 1# 0*
#23958 1" 1% 1' 1* 1-
#23959 0# 0$ 0' 0-
#23960 0" 1# 0*
#23961 0# 0% 0& 1' 1* 1-
#23962 1" 1$ 1% 1& 0' 0-
#23963 0" 1#
#23964 1" 1' 1-
#23965 0# 0$ 0% 0& 0-
#23966 0" 1#
#23967 0! 1" 0# 1-
#23968 1! 1$ 0-
#23969 0" 1# 00
#23970 1" 1% 1& 1- 10
#23971 0# 0$ 0& 0-
#23972 0" 1#
#23973 1" 0# 0% 1-
#23974 1$ 1% 0-
#23975 0" 1#
#23976 1" 1& 1-
#23977 0# 0$ 0% 0- 00
#23978 0" 1# 10
#23979 0! 0& 1-
#23980 1! 1" 0# 1$ 1& 0-
#23981 0" 1#
#23982 1" 1% 1-
#23983 0# 0$ 0-
#23984 0" 1#
#23985 0% 0& 1-
#23986 1" 0# 1$ 1% 1& 0-
#23987 0" 1#
#23988 0# 0$ 0% 0( 0* 1-
#23989 1" 1# 1$ 1% 1( 1*
#23990 0# 0$ 0% 0' 0(
#23991 0" 1$ 1' 0*
#23992 1" 1# 1% 1( 1) 1*
#23993 0# 0$ 0% 0' 0) 0*
#23994 0! 0" 1% 1' 0( 00
#23995 1" 1# 10
#23996 1! 0# 0% 0& 1(
#23997 0! 0" 1$ 1% 1& 0(
#23998 1" 1#
#23999 1! 0# 0$ 0% 1(
#24000 1% 1) 1*
#24002 1# 1$
#24003 0) 0+
#24004 0! 0" 0$ 0% 0& 0' 0( 1+
#24005 1! 1" 0# 0-
#24006 0! 0" 1# 0*
#24007 1$ 1* 1-
#24008 1! 1" 0# 0-
#24009 0! 0" 1# 0*
#24010 0$ 1% 1* 1-
#24011 1! 1" 0# 0- 00
#24012 0! 0" 1# 0* 10
#24013 1$ 1* 1-
#24014 1! 1" 0# 0-
#24015 0! 0" 1# 0*
#24016 0$ 0% 1& 1-
#24017 1" 0# 1* 0-
#24018 0" 1# 0*
#24019 1$ 1- 00
#24020 1" 0# 1* 0- 10
#24021 0" 1# 0*
#24022 0$ 1% 1-
#24023 1" 0# 1* 0-
#24024 0" 1# 0*
#24025 1$ 1-
#24026 1" 0# 1* 0-
#24027 0" 1# 0*
#24028 0$ 0% 0& 1' 1* 1-
#24029 1! 1" 0# 0-
#24030 0! 0" 1# 0*
#24031 1$ 1* 1-
#24032 1! 1" 0# 0-
#24033 0! 0" 1# 0*
#24034 0$ 1% 1* 1-
#24035 1! 1" 0# 0-
#24036 0! 0" 1# 0* 00
#24037 1$ 1* 1- 10
#24038 1! 1" 0# 0-
#24039 0! 0" 1# 0*
#24040 0$ 0% 1& 1* 1-
#24041 1! 1" 0# 0-
#24042 0! 0" 1# 0*
#24043 1$ 1* 1-
#24044 1! 1" 0# 0- 00
#24045 0! 0" 1# 0* 10
#24046 0$ 1% 1* 1-
#24047 1! 1" 0# 0-
#24048 0! 0" 1# 0*
#24049 1$ 1* 1-
#24050 1! 1" 0# 0-
#24051 0! 0" 1# 0*
#24052 0# 0$ 0% 1-
#24053 1! 1" 1# 1$ 1% 1( 1) 1* 00
#24054 0! 0" 0$ 0% 0& 0' 10
#24055 0# 1$ 1& 1' 0( 0) 0*
#24056 1" 1#
#24057 1! 0" 0$ 1% 0& 1( 1) 1*
#24058 0! 1"
#24059 1! 0" 1& 0( 0)
#24060 0& 1( 1)
#24061 0! 1" 00
#24062 1! 0" 1$ 1& 0( 0) 10
#24063 0$ 0& 1( 1)
#24064 0! 1&
#24066 1! 1" 1$ 0)
#24067 1)
#24068 0! 0$ 0& 0)
#24069 0# 0% 0' 0* 0-
#24070 1& 0( 1) 1* 1-
#24071 1# 1% 0& 1' 1( 0)
#24072 0# 1$ 0% 0' 0* 0-
#24073 0$ 1& 0( 1) 1* 1-
#24074 1# 1% 0& 1' 1( 0)
#24075 0# 0' 0* 0-
#24076 0% 1& 0( 1) 1* 1-
#24077 0" 1# 1% 0& 0)
#24078 1" 0# 1$ 1( 0* 0- 00
#24079 0$ 0% 1& 0( 1) 1* 1- 10
#24080 0" 1# 0& 0)
#24081 1" 0# 1& 1( 0* 0-
#24082 0( 1) 1* 1-
#24083 0" 1# 0& 0)
#24084 1" 0# 1$ 1& 1( 0* 0-
#24085 0$ 0( 1) 1* 1-
#24086 0" 1# 1% 0& 0) 00
#24087 1" 0# 1& 1( 0* 0- 10
#24088 0% 0( 1) 1* 1-
#24089 0" 1# 1% 0& 0)
#24090 1" 0# 1$ 1& 1( 0* 0-
#24091 0$ 0% 0( 1) 1* 1-
#24092 1# 1% 0& 1' 1( 0)
#24093 0# 0% 0* 0-
#24094 1& 0' 0( 1) 1* 1-
#24095 1# 1% 0& 1' 1( 0)
#24096 0# 1$ 0% 0* 0-
#24097 0$ 1& 0' 0( 1) 1* 1-
#24098 1# 1% 0& 1' 1( 0)
#24099 0# 0* 0-
#24100 0% 1& 0' 0( 1) 1* 1-
#24101 1# 1% 0& 1' 1( 0)
#24102 0# 1$ 0* 0-
#24103 0$ 0% 1& 0' 0( 1) 1* 1- 00
#24104 1# 1% 0& 1' 1( 0) 10
#24105 0# 0% 1& 0* 0-
#24106 0' 0( 1) 1* 1-
#24107 1# 1% 0& 1' 1( 0)
#24108 0# 1$ 0% 1& 0* 0-
#24109 0$ 0' 0( 1) 1* 1-
#24110 1# 1% 0& 1' 1( 0)
#24111 0# 1& 0* 0-
#24112 0% 0' 0( 1) 1* 1-
#24113 1# 1% 0& 1' 1( 0)
#24114 0# 1$ 1& 0* 0-
#24115 0$ 0% 0' 0( 1) 1* 1-
#24116 1# 1% 0& 1' 1( 0)
#24117 0" 0% 1& 0(
#24118 1! 0& 0' 1(
#24119 0! 1" 1% 1'
#24120 1$ 0% 1& 0( 00
#24121 1! 0" 0$ 1% 0& 0* 10
#24122 1& 0' 1(
#24123 1' 0( 1*
#24124 0& 0' 1( 0*
#24125 1'
#24126 1$ 1& 0( 1*
#24127 0$ 0& 1( 0*
#24128 1& 00
#24129 1) 1* 10
#24130 1" 1$
#24131 0)
#24133 0" 0# 0$ 0% 0& 0' 0( 0* 0-
#24134 1" 1# 1$ 1% 1& 1' 1( 1* 1-
#24135 0$ 0% 0& 0' 0( 0-
#24136 0" 0# 1$ 0*
#24137 1" 1# 1% 1& 1' 1( 1* 1-
#24138 0% 0& 0' 0( 0-
#24139 0" 0# 0$ 1% 0*
#24140 1" 1# 1$ 1& 1' 1( 1* 1-
#24141 0$ 0& 0' 0( 0-
#24142 0" 0# 1$ 0*
#24143 1" 1# 1& 1' 1( 1* 1-
#24144 0& 0' 0( 0-
#24145 0" 0# 0$ 0% 1& 0* 00
#24146 1" 1# 1$ 1% 1' 1( 1* 1- 10
#24147 0$ 0% 0' 0( 0-
#24148 0" 0# 1$ 0*
#24149 1" 1# 1% 1' 1( 1* 1-
#24150 0% 0' 0( 0-
#24151 0" 0# 0$ 1% 0*
#24152 1" 1# 1$ 1' 1( 1* 1-
#24153 0$ 0' 0( 0- 00
#24154 0" 0# 1$ 0* 10
#24155 1" 1# 1' 1( 1* 1-
#24156 0' 0( 0-
#24157 0" 0# 0$ 0% 0& 1' 0*
#24158 1" 1# 1$ 1% 1& 1( 1* 1-
#24159 0$ 0% 0& 0( 0-
#24160 0" 0# 1$ 0*
#24161 1" 1# 1% 1& 1( 1* 1-
#24162 0% 0& 0( 0- 00
#24163 0" 0# 0$ 1% 0* 10
#24164 1" 1# 1$ 1& 1( 1* 1-
#24165 0$ 0& 0( 0-
#24166 0" 0# 1$ 0*
#24167 1" 1# 1& 1( 1* 1-
#24168 0& 0( 0-
#24169 0" 0# 0$ 0% 1& 0*
#24170 1" 1# 1$ 1% 1( 1* 1- 00
#24171 0$ 0% 0( 0- 10
#24172 0" 0# 1$ 0*
#24173 1" 1# 1% 1( 1* 1-
#24174 0% 0( 0-
#24175 0" 0# 0$ 1% 0*
#24176 1" 1# 1$ 1( 1* 1-
#24177 0$ 0( 0-
#24178 0" 0# 1$ 0*
#24179 1" 1# 1( 1* 1-
#24180 0( 0-
#24181 0" 0$ 0% 0* 1-
#24182 0! 1" 1% 0& 0' 1) 1*
#24183 1( 0) 0*
#24184 1! 0" 1$ 0% 1& 1' 0(
#24185 0! 1" 0$ 0& 1*
#24186 1! 0" 1% 1( 1)
#24187 0! 1& 0( 0) 0* 00
#24188 1" 0% 0& 0' 1( 1* 10
#24189 1! 0" 1% 1' 1)
#24190 0! 1$ 1& 0( 0) 0*
#24191 1" 0$ 0% 0& 1( 1*
#24192 1! 0" 1% 1)
#24193 0! 1" 1&
#24194 1! 1$ 0)
#24195 1) 00
#24196 0) 0+ 10
#24197 0! 0" 0# 0$ 0% 0& 0' 1+ 0-
#24198 1! 1" 1# 1$ 1% 1& 1' 1) 1-
#24199 0$ 0% 0& 0' 0) 0* 0-
#24200 0! 0" 0# 1$ 1*
#24201 1! 1" 1# 1% 1& 1' 1) 1-
#24202 0% 0& 0' 0) 0* 0-
#24203 0! 0" 0# 0$ 1% 1*
#24204 1! 1" 1# 1$ 1& 1' 1) 1- 00
#24205 0$ 0& 0' 0) 0* 0- 10
#24206 0! 0" 0# 1$ 1*
#24207 1! 1" 1# 1& 1' 1) 1-
#24208 0& 0' 0) 0* 0-
#24209 0! 0" 0# 0$ 0% 1& 1*
#24210 1! 1" 1# 1$ 1% 1' 1) 1-
#24211 0$ 0% 0' 0) 0* 0-
#24212 0! 0" 0# 1$ 1* 00
#24213 1! 1" 1# 1% 1' 1) 1- 10
#24214 0% 0' 0) 0* 0-
#24215 0! 0" 0# 0$ 1% 1*
#24216 1! 1" 1# 1$ 1' 1) 1-
#24217 0$ 0' 0) 0* 0-
#24218 0! 0" 0# 1$ 1*
#24219 1! 1" 1# 1' 1) 1-
#24220 0' 0) 0* 0-
#24221 0! 0" 0# 0$ 0% 0& 1' 1*
#24222 1! 1" 1# 1$ 1% 1& 1) 1-
#24223 0$ 0% 0& 0) 0* 0-
#24224 0! 0" 0# 1$ 1*
#24225 1! 1" 1# 1% 1& 1) 1-
#24226 0% 0& 0) 0* 0-
#24227 0! 0" 0# 0$ 1% 1*
#24228 1! 1" 1# 1$ 1& 1) 1-
#24229 0$ 0& 0) 0* 0- 00
#24230 0! 0" 0# 1$ 1* 10
#24231 1! 1" 1# 1& 1) 1-
#24232 0& 0) 0* 0-
#24233 0! 0" 0# 0$ 0% 1& 1*
#24234 1! 1" 1# 1$ 1% 1) 1-
#24235 0$ 0% 0) 0* 0-
#24236 0! 0" 0# 1$ 1*
#24237 1! 1" 1# 1% 1) 1- 00
#24238 0% 0) 0* 0- 10
#24239 0! 0" 0# 0$ 1% 1*
#24240 1! 1" 1# 1$ 1) 1-
#24241 0$ 0) 0* 0-
#24242 0! 0" 0# 1$ 1*
#24243 1! 1" 1# 1) 1-
#24244 0) 0* 0-
#24245 0! 0" 0$ 0% 0( 1-
#24246 1! 1" 1% 0& 0' 1*
#24247 0" 1' 1(
#24248 0! 1$ 0% 1& 0( 0*
#24249 1! 1" 0$ 0& 1*
#24250 1% 1& 0*
#24251 0! 0& 1( 1) 1*
#24252 1! 0% 0' 0)
#24253 1% 1& 0*
#24254 0! 0& 1' 1) 1* 00
#24255 1! 0% 0) 0* 10
#24256 1% 1&
#24257 1) 1*
#24258 1$ 0)
#24259 0! 0" 0# 0$ 0% 0& 0' 0( 0*
#24260 1! 1" 1# 1$ 1% 1& 1' 1( 1*
#24261 0! 0" 0# 0$ 0% 0& 0' 0( 0-
#24262 1$ 0* 1- 00
#24263 1" 1# 0$ 1* 0- 10
#24264 0" 0# 1$
#24265 0$ 1% 0* 1-
#24266 1" 1# 1$ 0% 1* 0-
#24267 0" 0# 0$ 1%
#24268 1$ 0* 1-
#24269 1" 1# 0$ 1* 0-
#24270 0" 0# 1$
#24271 0$ 0% 1& 0* 1- 00
#24272 1" 1# 1$ 1% 0& 1* 0- 10
#24273 0" 0# 0$ 0% 1&
#24274 1$ 0* 1-
#24275 1" 1# 0$ 1* 0-
#24276 0" 0#
#24277 1% 0* 1-
#24278 1" 1# 1$ 0% 1* 0-
#24279 0" 0# 0$ 00
#24280 1$ 1% 0* 1- 10
#24281 1" 1# 0$ 1* 0-
#24282 0" 0# 0%
#24283 0& 1' 0* 1-
#24284 1" 1# 1$ 1% 1& 0' 1* 0-
#24285 0" 0# 0$ 0% 0& 1'
#24286 1$ 0* 1-
#24287 1" 1# 0$ 1* 0-
#24288 0" 0# 1$
#24289 0$ 1% 0* 1-
#24290 1" 1# 1$ 0% 1* 0-
#24291 0" 0# 0$ 1%
#24292 1$ 0* 1-
#24293 1" 1# 0$ 1* 0-
#24294 0" 0# 1$
#24295 0$ 0% 1& 0* 1-
#24296 1" 1# 1$ 1% 0& 1* 0- 00
#24297 0" 0# 0$ 0% 1& 10
#24298 1$ 0* 1-
#24299 1" 1# 0$ 1* 0-
#24300 0" 0# 1$
#24301 0$ 1% 0* 1-
#24302 1" 1# 1$ 0% 1* 0-
#24303 0" 0# 0$ 1%
#24304 1$ 0* 1- 00
#24305 1" 1# 0$ 1* 0- 10
#24306 0" 0# 1$
#24307 1! 1" 1# 1( 0+ 1-
#24308 0! 0( 1+ 0-
#24309 0$ 0& 1( 1) 1-
#24310 0" 0# 1$ 0% 0' 0( 0) 0*
#24311 1% 1& 1*
#24312 1" 1# 0$ 0& 1' 1( 1)
#24313 1! 0# 1$ 00
#24314 0! 0" 0% 1& 0( 0) 0* 10
#24315 0$ 1% 1*
#24316 1! 1" 1# 1$ 1( 1)
#24317 0! 0" 0# 0% 0' 0) 0*
#24318 1% 1' 0( 1*
#24319 1! 1" 1# 1( 1)
#24320 0! 0" 0# 0% 0) 0*
#24321 1% 1) 1* 00
#24322 10
#24323 1" 1# 0$ 0&
#24324 1! 1$ 1& 0)
#24325 1)
#24326 0! 0$ 0&
#24327 1! 0" 0% 0' 0) 0-
#24328 1" 1$ 1% 1& 1' 1) 1-
#24329 0! 0$ 0&
#24330 0" 1$ 0% 0' 0) 0-
#24331 1! 1" 1% 1& 1' 1) 1-
#24332 0! 0$ 0&
#24333 0" 0' 0) 0-
#24334 1! 1" 1$ 1& 1' 1) 1-
#24335 0! 0$ 0&
#24336 0" 1$ 0' 0) 0-
#24337 1! 1" 1& 1' 1) 1-
#24338 0! 0$ 0& 00
#24339 0% 1& 0' 0) 0- 10
#24340 1! 1$ 1% 1' 1) 1-
#24341 0! 0$ 0&
#24342 1$ 0% 1& 0' 0) 0-
#24343 1! 1% 1' 1) 1-
#24344 0! 0$ 0&
#24345 1& 0' 0) 0-
#24346 1! 1$ 1' 1) 1- 00
#24347 0! 0$ 0& 10
#24348 0" 1$ 1& 0' 0) 0-
#24349 1! 1" 1' 1) 1-
#24350 0! 0$ 0&
#24351 0" 0% 0) 0-
#24352 1! 1" 1$ 1% 1& 1) 1-
#24353 0! 0$ 0&
#24354 0" 1$ 0% 0) 0-
#24355 1! 1" 1% 1& 1) 1-
#24356 0! 0$ 0&
#24357 1! 0" 0) 0-
#24358 1" 1$ 1& 1-
#24359 0! 0$ 0& 1)
#24360 1! 0" 1$ 0) 0-
#24361 1" 1& 1-
#24362 0! 0$ 0& 1)
#24363 1! 0" 0% 1& 0) 0- 00
#24364 1" 1$ 1% 1- 10
#24365 0! 0$ 0& 1)
#24366 1! 0" 1$ 0% 1& 0) 0-
#24367 1" 1% 1-
#24368 0! 0$ 0& 1)
#24369 1! 0" 1& 0) 0-
#24370 1" 1$ 1-
#24371 1)
#24372 0" 0) 0-
#24373 0! 1" 0# 0$ 0% 0( 0* 1-
#24374 1! 1$ 1% 0& 1( 1) 1*
#24375 0" 0% 1& 0' 0( 0)
#24376 0! 1" 1' 0*
#24377 1! 1# 1% 1( 1*
#24378 0# 0&
#24379 0" 0$ 1& 0( 0*
#24380 1" 1# 1$ 1( 1* 00
#24381 0# 0& 10
#24382 0" 1& 0( 0*
#24383 1" 1# 1( 1*
#24384 0" 0# 0&
#24385 1& 1)
#24387 1" 1#
#24388 0) 0+ 00
#24389 1+ 10
#24390 0# 0$ 0% 0& 0' 0( 0-
#24391 0" 1# 0*
#24392 1" 1$ 1% 1& 1' 1( 1* 1-
#24393 0# 0% 0& 0' 0( 0-
#24394 0" 1# 0*
#24395 1" 1% 1& 1' 1( 1* 1-
#24396 0# 0$ 0& 0' 0( 0-
#24397 0" 1# 0*
#24398 1" 1$ 1& 1' 1( 1* 1-
#24399 0# 0& 0' 0( 0-
#24400 0" 1# 0*
#24401 1" 1& 1' 1( 1* 1-
#24402 0# 0$ 0% 0' 0( 0-
#24403 0" 1# 0*
#24404 1" 1$ 1% 1' 1( 1* 1-
#24405 0# 0% 0' 0( 0- 00
#24406 0" 1# 0* 10
#24407 1" 1% 1' 1( 1* 1-
#24408 0# 0$ 0' 0( 0-
#24409 0" 1# 0*
#24410 0# 1$ 1' 1( 1* 1-
#24411 1" 0' 0( 0-
#24412 0" 1# 0*
#24413 1" 1' 1( 1* 1- 00
#24414 0# 0$ 0% 0& 0( 0- 10
#24415 0" 1# 0*
#24416 1" 1$ 1% 1& 1( 1* 1-
#24417 0# 0% 0& 0( 0-
#24418 0" 1# 0*
#24419 1" 1% 1& 1( 1* 1-
#24420 0# 0$ 0& 0( 0-
#24421 0" 1# 0*
#24422 1" 1$ 1& 1( 1* 1- 00
#24423 0# 0& 0( 0- 10
#24424 0" 1# 0*
#24425 1" 1& 1( 1* 1-
#24426 0# 0$ 0% 0( 0-
#24427 0" 1# 0*
#24428 1" 1$ 1% 1( 1* 1-
#24429 0# 0% 0( 0-
#24430 0" 1# 0* 00
#24431 1" 1% 1( 1* 1- 10
#24432 0# 0$ 0( 0-
#24433 0" 1# 0*
#24434 1" 1$ 1( 1* 1-
#24435 0# 0( 0-
#24436 0" 1# 0*
#24437 0# 0$ 0% 1-
#24438 1" 1# 1$ 1% 1( 1*
#24439 0! 0# 0% 0' 0( 0*
#24440 1! 0" 1'
#24441 1" 1# 1% 1( 1) 1*
#24442 0! 0# 0% 0' 0)
#24443 0" 0$ 1% 1' 0( 0*
#24444 1" 1# 1)
#24445 0# 1$ 0% 0& 1( 0)
#24446 0" 1% 1& 0(
#24447 1" 1# 1) 00
#24448 0# 0% 1( 0) 10
#24449 1% 1) 1*
#24451 1! 1#
#24452 0) 0+
#24453 0! 0" 0$ 0% 0& 0' 0( 1) 1+
#24454 1! 1" 0# 1( 0) 0-
#24455 0! 0" 1# 0* 00
#24456 1$ 0( 1) 1* 1- 10
#24457 1! 1" 0# 1( 0) 0* 0-
#24458 0! 0" 1#
#24459 0$ 1% 0( 1) 1* 1-
#24460 1! 1" 0# 1( 0) 0* 0-
#24461 0! 0" 1#
#24462 1$ 0( 1) 1* 1-
#24463 1! 1" 0# 1( 0) 0* 0-
#24464 0! 0" 1#
#24465 0$ 0% 1& 0( 1) 1* 1-
#24466 1! 1" 0# 1( 0) 0* 0-
#24467 0! 0" 1#
#24468 1$ 0( 1) 1* 1-
#24469 1! 1" 0# 1( 0) 0* 0-
#24470 0! 0" 1#
#24471 0$ 1% 0( 1) 1* 1-
#24472 1! 1" 0# 1( 0) 0* 0- 00
#24473 0! 0" 1# 10
#24474 1$ 0( 1) 1* 1-
#24475 1! 1" 0# 1( 0) 0* 0-
#24476 0! 0" 1#
#24477 0$ 0% 0& 1' 0( 1) 1* 1-
#24478 1! 1" 0# 1( 0) 0* 0-
#24479 0! 0" 1#
#24480 1$ 0( 1) 1* 1-
#24481 1! 1" 0# 1( 0) 0* 0-
#24482 0! 0" 1#
#24483 0$ 1% 0( 1) 1* 1-
#24484 1! 1" 0# 1( 0) 0* 0-
#24485 0! 0" 1#
#24486 1$ 0( 1) 1* 1-
#24487 1! 1" 0# 1( 0) 0-
#24488 0! 0" 1# 0*
#24489 0$ 0% 1& 0( 1* 1- 00
#24490 1! 1" 0# 1( 0- 10
#24491 0! 0" 1# 0*
#24492 1$ 0( 1* 1-
#24493 1! 1" 0# 1( 0-
#24494 0! 0" 1# 0*
#24495 0$ 1% 0( 1* 1-
#24496 1! 1" 0# 1( 0-
#24497 0! 0" 1# 0* 00
#24498 1$ 0( 1* 1- 10
#24499 1! 1" 0# 1( 0-
#24500 0! 0" 1# 0*
#24501 0# 0$ 0% 0( 1* 1-
#24502 1! 1" 1# 1$ 1% 1( 1)
#24503 0# 0% 0& 0'
#24504 0! 0" 1& 1' 0( 0)
#24505 1" 1# 1) 0*
#24506 1! 0" 0$ 1% 0& 1( 0) 1*
#24507 0! 1" 1)
#24508 1! 0" 1& 0( 0)
#24509 0& 1(
#24510 0! 1" 1)
#24511 1! 0" 1$ 1& 0( 0)
#24512 0# 0$ 0& 1(
#24513 1" 1$ 1& 1)
#24514 00
#24515 1# 0) 10
#24516 1)
#24517 0! 0" 0$ 0% 0& 0' 0( 0) 0*
#24518 1" 0# 0-
#24519 1# 1& 1) 1* 1-
#24520 0" 1$ 0& 0) 0*
#24521 1" 0# 0-
#24522 1# 0$ 1& 1) 1* 1- 00
#24523 0" 1% 0& 0) 10
#24524 1" 0# 0* 0-
#24525 1# 0% 1& 1) 1* 1-
#24526 0" 1$ 1% 0& 0)
#24527 1" 0# 0* 0-
#24528 1# 0$ 0% 1& 1) 1* 1-
#24529 0" 0)
#24530 1" 0# 0* 0-
#24531 1# 1) 1* 1- 00
#24532 0" 1$ 0) 10
#24533 1" 0# 0* 0-
#24534 1# 0$ 1) 1* 1-
#24535 0" 1% 0)
#24536 1" 0# 0* 0-
#24537 1# 0% 1) 1* 1-
#24538 0" 1$ 1% 0)
#24539 1" 0# 0* 0- 00
#24540 1# 0$ 0% 1) 1* 1- 10
#24541 0" 0& 1' 0)
#24542 1" 0# 0* 0-
#24543 1# 1& 0' 1) 1* 1-
#24544 0" 1$ 0& 1' 0)
#24545 1" 0# 0* 0-
#24546 1# 0$ 1& 0' 1) 1* 1-
#24547 0" 1% 0& 1' 0)
#24548 1" 0# 0* 0-
#24549 1# 0% 1& 0' 1) 1* 1-
#24550 0" 1$ 1% 0& 1' 0)
#24551 1" 0# 0* 0-
#24552 1# 0$ 0% 1& 0' 1) 1* 1-
#24553 0" 1' 0)
#24554 1" 0# 0* 0-
#24555 1# 0' 1) 1* 1-
#24556 0" 1$ 1' 0) 00
#24557 1" 0# 0* 0- 10
#24558 1# 0$ 0' 1) 1* 1-
#24559 0" 1% 1' 0)
#24560 1" 0# 0* 0-
#24561 1# 0% 0' 1) 1* 1-
#24562 0" 1$ 1% 1' 0)
#24563 1" 0# 0* 0-
#24564 1# 0$ 0% 0' 1) 1* 1- 00
#24565 0" 0# 1' 0) 10
#24566 1" 1# 0*
#24567 0" 1$ 0& 0' 1(
#24568 0# 1& 1' 0( 1*
#24569 1" 1#
#24570 0" 1% 0&
#24571 1& 0' 1( 0*
#24572 1! 0$ 1' 0( 1*
#24573 0! 1$ 0& 0' 1(
#24574 1' 0*
#24575 1! 1& 0( 1*
#24576 0! 0& 1( 0*
#24577 1&
#24578 1) 1*
#24579 1! 1"
#24580 0)
#24581 1) 00
#24582 0" 0# 0$ 0% 0& 0' 0) 0* 0- 10
#24583 1" 1# 1$ 1% 1& 1' 1* 1-
#24584 0$ 0% 0& 0' 1)
#24585 0" 0# 1$ 0) 0* 0-
#24586 1" 1# 1% 1& 1' 1* 1-
#24587 0% 0& 0' 1)
#24588 0" 0# 0$ 1% 0) 0* 0-
#24589 1" 1# 1$ 1& 1' 1* 1-
#24590 0$ 0& 0' 1)
#24591 0" 0# 1$ 0) 0-
#24592 1" 1# 1& 1' 1-
#24593 0& 0' 1)
#24594 0" 0# 0$ 0% 1& 0) 0-
#24595 1" 1# 1$ 1% 1' 1-
#24596 0$ 0% 0' 1)
#24597 0" 0# 1$ 0) 0-
#24598 1" 1# 1% 1' 1- 00
#24599 0% 0' 1) 10
#24600 0" 0# 0$ 1% 0) 0-
#24601 1" 1# 1$ 1' 1-
#24602 0$ 0' 1)
#24603 0" 0# 1$ 0) 0-
#24604 1" 1# 1' 1-
#24605 0' 1)
#24606 0" 0# 0$ 0% 0& 1' 0) 0- 00
#24607 1" 1# 1$ 1% 1& 1- 10
#24608 0$ 0% 0& 1)
#24609 0" 0# 1$ 0) 0-
#24610 1" 1# 1% 1& 1-
#24611 0% 0& 1)
#24612 0" 0# 0$ 1% 0) 0* 0-
#24613 1" 1# 1$ 1& 1* 1-
#24614 0$ 0& 1) 0-
#24615 0" 0# 1$ 0) 0*
#24616 1" 1# 1& 1* 1-
#24617 0& 0-
#24618 0" 0# 0$ 0% 1& 0*
#24619 1" 1# 1$ 1% 1* 1-
#24620 0$ 0% 0-
#24621 0" 0# 1$ 0*
#24622 1" 1# 1% 1* 1-
#24623 0% 0- 00
#24624 0" 0# 0$ 1% 0* 10
#24625 1" 1# 1$ 1* 1-
#24626 0$ 0-
#24627 0" 0# 1$ 0*
#24628 1" 1# 1* 1-
#24629 0-
#24630 0" 0$ 0% 0( 0* 1-
#24631 1% 0& 0' 1) 1* 00
#24632 1$ 1( 0) 10
#24633 0% 1& 1' 0( 0*
#24634 0& 1*
#24635 0$ 1% 1( 1)
#24636 0! 1& 0( 0) 0*
#24637 1! 1$ 0% 0& 0' 1( 1*
#24638 0$ 1% 1' 1)
#24639 0! 1$ 1& 0( 0) 0*
#24640 1! 0% 0& 1( 1* 00
#24641 0$ 1% 1) 10
#24642 1$ 1&
#24643 1"
#24645 0) 0+
#24646 0! 0" 0# 0$ 0% 0& 0' 0( 1+ 0-
#24647 1! 1" 1# 1$ 1% 1& 1' 1( 1) 1-
#24648 0$ 0% 0& 0' 0( 0) 0* 0- 00
#24649 0! 0" 0# 1$ 1* 10
#24650 1! 1" 1# 1% 1& 1' 1( 1) 1-
#24651 0% 0& 0' 0( 0) 0* 0-
#24652 0! 0" 0# 0$ 1% 1*
#24653 1! 1" 1# 1$ 1& 1' 1( 1) 1-
#24654 0$ 0& 0' 0( 0) 0* 0-
#24655 0! 0" 0# 1$ 1*
#24656 1! 1" 1# 1& 1' 1( 1) 1-
#24657 0& 0' 0( 0) 0* 0-
#24658 0! 0" 0# 0$ 0% 1& 1*
#24659 1! 1" 1# 1$ 1% 1' 1( 1) 1-
#24660 0$ 0% 0' 0( 0) 0* 0-
#24661 0! 0" 0# 1$ 1*
#24662 1! 1" 1# 1% 1' 1( 1) 1-
#24663 0% 0' 0( 0) 0* 0-
#24664 0! 0" 0# 0$ 1% 1*
#24665 1! 1" 1# 1$ 1' 1( 1) 1- 00
#24666 0$ 0' 0( 0) 0* 0- 10
#24667 0! 0" 0# 1$ 1*
#24668 1! 1" 1# 1' 1( 1) 1-
#24669 0' 0( 0) 0* 0-
#24670 0! 0" 0# 0$ 0% 0& 1' 1*
#24671 1! 1" 1# 1$ 1% 1& 1( 1) 1-
#24672 0$ 0% 0& 0( 0) 0* 0-
#24673 0! 0" 0# 1$ 1* 00
#24674 1! 1" 1# 1% 1& 1( 1) 1- 10
#24675 0% 0& 0( 0) 0* 0-
#24676 0! 0" 0# 0$ 1% 1*
#24677 1! 1" 1# 1$ 1& 1( 1) 1-
#24678 0$ 0& 0( 0) 0* 0-
#24679 0! 0" 0# 1$ 1*
#24680 1! 1" 1# 1& 1( 1) 1-
#24681 0& 0( 0) 0* 0-
#24682 0! 0" 0# 0$ 0% 1& 1*
#24683 1! 1" 1# 1$ 1% 1( 1) 1-
#24684 0$ 0% 0( 0) 0* 0-
#24685 0! 0" 0# 1$ 1*
#24686 1! 1" 1# 1% 1( 1) 1-
#24687 0% 0( 0) 0* 0-
#24688 0! 0" 0# 0$ 1% 1*
#24689 1! 1" 1# 1$ 1( 1) 1-
#24690 0$ 0( 0) 0* 0- 00
#24691 0! 0" 0# 1$ 1* 10
#24692 1! 1" 1# 1( 1) 1-
#24693 0( 0) 0* 0-
#24694 0! 0" 0$ 0% 1-
#24695 1" 1$ 1% 0& 0'
#24696 1( 1*
#24697 0" 0% 1& 1' 0( 0*
#24698 1" 0&
#24699 1% 1&
#24700 0$ 0& 1( 1) 1*
#24701 1$ 0% 0' 0) 0*
#24702 1% 1&
#24703 0$ 0& 1' 1) 1*
#24704 1$ 0% 0) 0*
#24705 1% 1&
#24706 1) 1*
#24707 1! 0) 00
#24708 0! 0" 0# 0$ 0% 0& 0' 0( 0* 10
#24709 1! 1" 1# 1$ 1% 1& 1' 1( 1*
#24710 0! 0" 0# 0$ 0% 0& 0' 0* 0-
#24711 1$ 0( 1-
#24712 1" 1# 0$ 1( 1* 0-
#24713 0" 0# 1$ 0*
#24714 0$ 1% 0( 1-
#24715 1" 1# 1$ 0% 1( 1* 0- 00
#24716 0" 0# 0$ 1% 0* 10
#24717 1$ 0( 1-
#24718 1" 1# 0$ 1( 1* 0-
#24719 0" 0# 1$ 0*
#24720 0$ 0% 1& 0( 1-
#24721 1" 1# 1$ 1% 0& 1( 1* 0-
#24722 0" 0# 0$ 0% 1& 0*
#24723 1$ 0( 1-
#24724 1" 1# 0$ 1( 1* 0-
#24725 0" 0# 1$ 0*
#24726 0$ 1% 0( 1-
#24727 1" 1# 1$ 0% 1( 1* 0-
#24728 0" 0# 0$ 1% 0*
#24729 1$ 0( 1-
#24730 1" 1# 0$ 1( 1* 0-
#24731 0" 0# 1$ 0*
#24732 0$ 0% 0& 1' 0( 1- 00
#24733 1" 1# 1$ 1% 1& 0' 1( 1* 0- 10
#24734 0" 0# 0$ 0% 0& 1' 0*
#24735 1$ 0( 1-
#24736 1" 1# 0$ 1( 1* 0-
#24737 0" 0# 1$ 0*
#24738 0$ 1% 0( 1-
#24739 1" 1# 1$ 0% 1( 1* 0-
#24740 0" 0# 0$ 1% 0* 00
#24741 1$ 0( 1- 10
#24742 1" 1# 0$ 1( 1* 0-
#24743 0" 0# 1$ 0*
#24744 0$ 0% 1& 0( 1-
#24745 1" 1# 1$ 1% 0& 1( 1* 0-
#24746 0" 0# 0$ 0% 1& 0*
#24747 1$ 0( 1-
#24748 1" 1# 0$ 1( 1* 0-
#24749 0" 0# 1$ 00
#24750 0$ 1% 0( 0* 1- 10
#24751 1" 1# 1$ 0% 1( 1* 0-
#24752 0" 0# 0$ 1%
#24753 1$ 0( 0* 1-
#24754 1" 1# 0$ 1( 1* 0-
#24755 0" 0# 1$
#24756 1! 1" 1# 0+ 1-
#24757 0! 1+ 0- 00
#24758 0$ 0& 1) 1- 10
#24759 1! 1$ 0% 0' 0( 0) 0*
#24760 1% 1& 1*
#24761 0! 0$ 0& 1' 1( 1)
#24762 1! 0# 1$
#24763 1# 0% 1& 0( 0)
#24764 0! 0# 0$ 1% 0*
#24765 1! 1$ 0& 1( 1) 1*
#24766 1# 0% 1& 0' 0)
#24767 0! 0# 1% 1' 0( 0*
#24768 1! 0& 1( 1) 1*
#24769 1# 0% 1& 0)
#24770 1% 1)
#24772 0! 0$ 0&
#24773 1! 1$ 1& 0) 0+
#24774 0! 0" 0# 0% 0' 0( 1) 1+ 00
#24775 1" 1# 0$ 1% 0& 1' 1( 10
#24776 0% 0' 0( 0) 0* 0-
#24777 0" 0# 1$ 1& 1) 1* 1-
#24778 1" 1# 0$ 1% 0& 1' 1(
#24779 1$ 0% 0' 0( 0) 0* 0-
#24780 0" 0# 1& 1) 1* 1-
#24781 1" 1# 0$ 1% 0& 1' 1(
#24782 0' 0( 0) 0* 0- 00
#24783 0" 0# 1$ 0% 1& 1) 1* 1- 10
#24784 1" 1# 0$ 1% 0& 1' 1(
#24785 1$ 0' 0( 0) 0-
#24786 0" 0# 0% 1& 1) 1-
#24787 1" 1# 0$ 1% 0& 1' 1(
#24788 0% 1& 0' 0( 0) 0-
#24789 1$ 1% 1) 1-
#24790 0$ 0& 1' 1(
#24791 1$ 0% 1& 0' 0( 0) 0-
#24792 1! 1% 1' 1( 1) 1-
#24793 0! 0$ 0&
#24794 1& 0' 0( 0) 0-
#24795 1! 1$ 1) 1-
#24796 0! 0$ 0& 1' 1(
#24797 1$ 1& 0' 0( 0) 0-
#24798 1! 1' 1( 1) 1-
#24799 0! 0$ 0& 00
#24800 0% 0( 0) 0- 10
#24801 1! 1$ 1% 1& 0' 1) 1-
#24802 0! 0$ 0& 1' 1(
#24803 1$ 0% 0( 0) 0-
#24804 1! 1% 1& 1( 1) 1-
#24805 0! 0$ 0&
#24806 0( 0) 0-
#24807 1! 1$ 1& 0' 1) 1-
#24808 0! 0$ 0& 1' 1(
#24809 1$ 0( 0) 0-
#24810 1! 1& 1( 1) 1-
#24811 0! 0$ 0&
#24812 0% 1& 0( 0) 0-
#24813 0" 0# 1$ 0' 1) 1-
#24814 1" 1# 0$ 1% 0& 1' 1(
#24815 1$ 0% 1& 0( 0) 0-
#24816 0" 0# 0' 1) 1- 00
#24817 1" 1# 0$ 1% 0& 1' 1( 10
#24818 1& 0( 0) 0-
#24819 0" 0# 1$ 0% 0' 1) 1-
#24820 1! 1" 1# 1% 1' 1(
#24821 0! 0( 0) 0-
#24822 0# 0$ 0% 0& 0' 0* 1-
#24823 0" 1$ 1% 1' 1( 1) 1*
#24824 0$ 0' 0( 0) 00
#24825 1" 0% 0* 10
#24826 1! 1# 1$ 1% 1& 1' 1( 1*
#24827 0! 0" 0# 0$ 0% 0& 0' 0(
#24828 1! 0*
#24829 1" 1# 1$ 1% 1& 1' 1( 1*
#24830 0! 0" 0# 0$ 0% 0& 0' 0(
#24831 1! 0*
#24832 1" 1# 1$ 1% 1& 1' 1( 1*
#24833 0! 0" 0# 0$ 0% 0& 0' 0(
#24834 1)
#24836 1! 1" 1# 1$ 1% 1& 1' 1(
#24837 0) 0+
#24838 1+
#24839 0# 0$ 0% 0& 0' 0-
#24840 0" 1# 0*
#24841 1" 1$ 1% 1& 0( 1- 00
#24842 0# 0% 0& 1( 1* 0- 10
#24843 0" 1# 0*
#24844 1" 1% 1& 1' 1* 1-
#24845 0# 0$ 0& 0' 0-
#24846 0" 1# 0*
#24847 1" 1$ 1& 0( 1* 0+ 1-
#24848 0# 0& 1( 1+ 0-
#24849 0" 1# 0* 00
#24850 1" 1& 1' 1* 1- 10
#24851 0# 0$ 0% 0' 0-
#24852 0" 1# 0*
#24853 1" 1$ 1% 0( 1-
#24854 0# 0% 1( 1* 0-
#24855 0" 1# 0*
#24856 1" 1% 1' 1* 1-
#24857 0# 0$ 0' 0-
#24858 0" 1# 0* 00
#24859 1" 1$ 0( 1* 0+ 1- 10
#24860 0# 1( 1+ 0-
#24861 0" 1# 0*
#24862 1" 1' 1* 1-
#24863 0# 0$ 0% 0& 0-
#24864 0" 1# 0*
#24865 1" 1$ 1% 1& 0' 0( 1-
#24866 0# 0% 0& 1' 1( 1* 0- 00
#24867 0" 1# 0* 10
#24868 1" 1% 1& 1* 1-
#24869 0# 0$ 0& 0-
#24870 0" 1# 0*
#24871 1" 1$ 1& 0' 0( 1* 0+ 1-
#24872 0# 0& 1' 1( 1+ 0-
#24873 0" 1# 0*
#24874 1" 1& 1* 1-
#24875 0# 0$ 0% 0-
#24876 0" 1# 0*
#24877 1" 1$ 1% 0' 0( 1* 1-
#24878 0# 0% 1' 1( 0-
#24879 0" 1# 0*
#24880 1" 1% 1* 1-
#24881 0# 0$ 0-
#24882 0" 1# 0*
#24883 1" 1$ 0' 0( 1* 1- 00
#24884 0# 1' 1( 0- 10
#24885 0" 1# 0*
#24886 0# 0$ 0% 0& 0' 0( 1-
#24887 1" 1# 1$ 1% 1& 1' 1( 1*
#24888 0" 0# 0$ 0% 0& 0' 0( 0*
#24890 1" 1# 1$ 1% 1& 1' 1( 1*
#24891 0" 0# 0$ 0% 0& 0' 0( 1) 00
#24892 0! 0) 0* 10
#24893 1! 1" 1# 1$ 1% 1& 1' 1( 1) 1*
#24894 0" 0# 0$ 0% 0& 0' 0(
#24895 0! 0) 0*
#24896 1! 1" 1# 1$ 1% 1& 1' 1( 1) 1*
#24897 0" 0# 0$ 0% 0& 0' 0(
#24900 1" 1# 1$ 1% 1& 1' 1(
#24901 0) 0+
#24902 1) 1+
#24903 0# 0$ 0% 0& 0' 0( 0) 0* 0-
#24904 0! 0" 1# 1*
#24905 1" 1% 1& 1) 1-
#24906 1! 0# 1$ 0% 0& 0) 0* 0-
#24907 0! 0" 1#
#24908 1! 1" 1% 1& 1' 1( 1) 1* 1- 00
#24909 0# 0$ 0& 0' 0( 0) 0* 0- 10
#24910 0! 0" 1#
#24911 1! 1" 1& 1) 1* 1-
#24912 0# 1$ 0& 0) 0* 0-
#24913 0! 0" 1#
#24914 0$ 0% 1& 1) 1* 1-
#24915 1! 1" 0# 0) 0* 0-
#24916 0! 0" 1#
#24917 0# 1$ 1) 1* 1-
#24918 1! 1" 0) 0* 0-
#24919 0! 0" 1#
#24920 0$ 1% 1) 1* 1-
#24921 1! 1" 0# 0) 0* 0-
#24922 0! 0" 1#
#24923 1$ 1) 1* 1-
#24924 1! 1" 0# 0) 0* 0-
#24925 0! 0" 1# 00
#24926 0$ 0% 0& 1' 1) 1* 1- 10
#24927 1! 1" 0# 0) 0* 0-
#24928 0! 0" 1#
#24929 1$ 1) 1* 1-
#24930 1! 1" 0# 0) 0* 0-
#24931 0! 0" 1#
#24932 0$ 1% 1) 1* 1-
#24933 1! 1" 0# 0) 0* 0- 00
#24934 0! 0" 1# 10
#24935 1$ 1) 1* 1-
#24936 1! 1" 0# 0) 0* 0-
#24937 0! 0" 1#
#24938 0$ 0% 1& 1) 1* 1-
#24939 1! 1" 0# 0) 0* 0-
#24940 0! 0" 1#
#24941 1$ 0' 1) 1* 1-
#24942 1! 1" 0# 1' 0) 0* 0-
#24943 0! 0" 1#
#24944 0$ 1% 1( 1) 1* 1-
#24945 1! 1" 0# 0( 0) 0* 0-
#24946 0! 0" 1#
#24947 1! 1$ 0' 1) 1* 1-
#24948 1" 0# 1' 0) 0* 0-
#24949 0! 0" 1#
#24950 0# 0$ 0% 0& 0' 1* 1- 00
#24951 1! 1" 1# 1$ 1% 1& 1' 1( 1) 10
#24952 0! 0" 0# 0&
#24953 0$ 0% 0' 0( 0)
#24954 1" 1)
#24955 0)
#24956 1# 1% 1' 1(
#24957 0" 0# 0% 0' 0(
#24958 1" 00
#24959 1# 1% 1' 1( 10
#24960 1! 0" 0# 0% 0' 0(
#24961 0! 1"
#24962 1)
#24964 1! 1# 1$ 1% 1& 1' 1( 0)
#24965 1)
#24966 0! 0" 0$ 0% 0& 0' 0( 0) 0*
#24967 1" 0# 1( 0- 00
#24968 1! 0" 1$ 1& 0( 1) 1* 1- 10
#24969 0! 1# 0& 0) 0*
#24970 1" 0# 1( 0-
#24971 1! 0" 1& 0( 1) 1* 1-
#24972 0! 1# 0$ 1% 0& 0) 0*
#24973 1" 0# 1( 0-
#24974 1! 0" 1$ 0% 1& 0( 1) 1* 1-
#24975 0! 1# 1% 0& 0) 0* 00
#24976 1" 0# 1( 0- 10
#24977 1! 0" 0% 1& 0( 1) 1*
#24978 0! 1# 0$ 0) 0* 1-
#24979 1" 0# 1( 0-
#24980 1! 0" 1$ 0( 1*
#24981 0! 1# 0* 1-
#24982 1" 0# 1( 0-
#24983 1! 0" 0( 1*
#24984 0! 1# 0$ 1% 0* 1-
#24985 1" 0# 1( 0-
#24986 1! 0" 1$ 0% 0( 1*
#24987 0! 1# 1% 0* 1-
#24988 1" 0# 1( 0-
#24989 1! 0" 0% 0( 1*
#24990 0! 1# 0$ 0& 1' 0* 1-
#24991 1" 0# 1( 0-
#24992 1! 0" 1$ 1& 0' 0( 1* 00
#24993 0! 1# 0& 1' 0* 1- 10
#24994 1" 0# 1( 0-
#24995 1! 0" 1& 0' 0( 1*
#24996 0! 1# 0$ 1% 0& 1' 0* 1-
#24997 1" 0# 1( 0-
#24998 1! 0" 1$ 0% 1& 0' 0( 1) 1*
#24999 0! 1# 1% 0& 1' 0) 0* 1-
#25000 1" 0# 1( 0- 00
#25001 1! 0" 0% 1& 0' 0( 1) 1* 1- 10
#25002 0! 1# 0$ 1' 0) 0*
#25003 1" 0# 1( 0-
#25004 1! 0" 1$ 0' 0( 1) 1* 1-
#25005 0! 1# 1' 0) 0*
#25006 1" 0# 1( 0-
#25007 1! 0" 0' 0( 1) 1* 1-
#25008 0! 1# 0$ 1% 1' 0) 0*
#25009 1" 0# 1( 0-
#25010 1! 0" 1$ 0% 0' 0( 1) 1* 1-
#25011 0! 1# 1% 1' 0)
#25012 1" 0# 1( 0* 0-
#25013 1! 0" 0% 0' 0( 1) 1* 1-
#25014 0! 0$ 0& 0)
#25015 1" 0*
#25016 1!
#25017 0! 0" 1* 00
#25018 1" 0* 10
#25019 1! 1% 1) 1*
#25020 0% 0) 0*
#25021 0"
#25022 1" 1% 1) 1*
#25023 0% 0) 0*
#25024 0"
#25025 1" 1% 1) 1*
#25026 0% 0) 0*
#25027 1) 1*
#25028 1# 1$ 1% 1& 1' 1(
#25029 0)
#25030 0! 0$ 0& 1)
#25031 1! 0" 0# 0% 0' 0( 0) 0-
#25032 1" 1# 1$ 1% 1& 1' 1( 1-
#25033 0! 0$ 0& 1)
#25034 1! 0" 0# 1$ 0% 0' 0( 0) 0- 00
#25035 1" 1# 1% 1& 1' 1( 1- 10
#25036 0! 0$ 0& 1)
#25037 1! 0" 0# 0' 0( 0) 0-
#25038 1" 1# 1$ 1& 1' 1( 1-
#25039 0! 0$ 0& 1)
#25040 1! 0" 0# 1$ 0' 0( 0) 0-
#25041 1" 1# 1& 1' 1( 1-
#25042 0! 0$ 0& 1) 00
#25043 1! 0" 0# 0% 1& 0' 0( 0) 0- 10
#25044 1" 1# 1$ 1% 1' 1( 1-
#25045 0! 0$ 0% 0& 1)
#25046 1! 0" 0# 1$ 1& 0' 0( 0) 0-
#25047 1" 1# 1% 1' 1( 1-
#25048 0! 0$ 0% 0& 0' 0( 1)
#25049 1! 0" 0# 1% 1& 0) 0-
#25050 1" 1# 1$ 1' 1( 1-
#25051 0! 0$ 0' 0( 1)
#25052 1! 0" 0# 1$ 0) 0-
#25053 1" 1# 1' 1( 1-
#25054 0' 0( 1)
#25055 0" 0# 0$ 0% 0& 1' 0) 0-
#25056 1" 1# 1$ 1% 1& 1( 1-
#25057 0$ 0% 0& 0( 1)
#25058 0" 0# 1$ 0) 0-
#25059 1" 1# 1% 1& 1( 1- 00
#25060 0% 0& 0( 1) 10
#25061 0" 0# 0$ 1% 0) 0-
#25062 1" 1# 1$ 1& 1( 1-
#25063 0! 0$ 0& 0( 1)
#25064 1! 0" 0# 1$ 0) 0-
#25065 1" 1# 1& 1( 1-
#25066 0! 0& 0( 1)
#25067 1! 0" 0# 0$ 0% 1& 0) 0- 00
#25068 1" 1# 1$ 1% 1( 1- 10
#25069 0! 0$ 0% 0& 0( 1)
#25070 1! 0" 0# 1$ 1& 0) 0-
#25071 1" 1# 1% 1( 1-
#25072 0! 0$ 0% 0& 1)
#25073 1! 0" 0# 1% 1& 0( 0) 0-
#25074 1" 1# 1$ 1( 1-
#25075 0! 0$ 0& 1)
#25076 1! 0" 0# 1$ 1& 0( 0) 0- 00
#25077 1" 1# 1( 1- 10
#25078 0! 0$ 0& 1)
#25079 1! 0" 0# 0% 0' 0( 0) 0*
#25080 0! 1# 1% 1' 1( 1) 1*
#25081 0%
#25082 1! 0# 0' 0( 0) 0*
#25083 0! 1# 1% 1*
#25084 1' 1( 00
#25085 0# 0% 0' 0( 0* 10
#25086 1# 1% 1*
#25087 1' 1(
#25088 0# 0% 0' 0( 0*
#25089 1# 1% 1*
#25090 1' 1(
#25091 0% 0' 0( 1)
#25092 1! 1" 1$ 1% 1& 1' 1(
#25094 0)
#25095 0" 0# 0$ 0% 0& 0' 0-
#25096 1" 1# 1$ 1% 1& 1' 1) 1-
#25097 0$ 0% 0& 0' 0) 0-
#25098 0" 0# 1$
#25099 1" 1# 1% 1& 1' 1) 1-
#25100 0% 0& 0' 0) 0-
#25101 0! 0" 0# 0$ 1% 00
#25102 1! 1" 1# 1$ 1& 1' 1) 1- 10
#25103 0$ 0& 0' 0) 0-
#25104 0" 0# 1$
#25105 1" 1# 1& 1' 1) 1-
#25106 0& 0' 0) 0-
#25107 0" 0# 0$ 0% 1&
#25108 1" 1# 1$ 1% 1' 1) 1-
#25109 0$ 0% 0' 0) 0- 00
#25110 0" 0# 1$ 10
#25111 1" 1# 1% 1' 1-
#25112 0% 0' 0-
#25113 0" 0# 0$ 1%
#25114 1" 1# 1$ 1' 1-
#25115 0$ 0' 0-
#25116 0" 0# 1$
#25117 1" 1# 1' 1-
#25118 0' 0-
#25119 0" 0# 0$ 0% 0& 1'
#25120 1" 1# 1$ 1% 1& 1-
#25121 0$ 0% 0& 0-
#25122 0" 0# 1$
#25123 1" 1# 1% 1& 1-
#25124 0% 0& 0-
#25125 0" 0# 0$ 1%
#25126 1" 1# 1$ 1& 1- 00
#25127 0$ 0& 0- 10
#25128 0" 0# 1$
#25129 1" 1# 1& 1) 1-
#25130 0& 0) 0-
#25131 0" 0# 0$ 0% 1&
#25132 1" 1# 1$ 1% 1) 1-
#25133 0$ 0% 0) 0* 0-
#25134 0! 0" 0# 1$ 1*
#25135 1! 1" 1# 1% 1) 1-
#25136 0% 0) 0* 0-
#25137 0! 0" 0# 0$ 1% 1*
#25138 1! 1" 1# 1$ 1) 1-
#25139 0$ 0) 0* 0-
#25140 0! 0" 0# 1$ 1*
#25141 1! 1" 1# 1) 1-
#25142 0) 0* 0-
#25143 0! 0" 0# 0$ 0% 0& 0' 0( 1* 1- 00
#25144 1! 1# 1% 0* 10
#25145 0% 1*
#25146 0! 0#
#25147 1! 1# 0*
#25148 1%
#25149 0! 1" 1' 1( 1) 1*
#25150 1! 0" 0% 0' 0( 0) 0*
#25151 1% 00
#25152 0! 1" 1' 1( 1) 1* 10
#25153 1! 0" 0% 0' 0( 0) 0*
#25154 1%
#25155 0% 1) 1*
#25156 1" 1$ 1% 1& 1' 1( 0)
#25157 0! 0" 0# 0$ 0% 0& 0' 0(
#25158 1! 1" 1# 1$ 1% 1& 1' 1(
#25159 0! 0" 0# 0$ 0% 0& 0' 0( 0* 0-
#25160 1$ 1* 1-
#25161 1! 1" 1# 0$ 0-
#25162 0! 0" 0# 1$ 0*
#25163 0$ 1% 1* 1-
#25164 1! 1" 1# 1$ 0% 0-
#25165 0! 0" 0# 0$ 1% 0*
#25166 1$ 1* 1-
#25167 1! 1" 1# 0$ 0-
#25168 0! 0" 0# 1$ 0* 00
#25169 0$ 0% 1& 1- 10
#25170 1" 1# 1$ 1% 0& 1* 0-
#25171 0" 0# 0$ 0% 1& 0*
#25172 1$ 1-
#25173 1" 1# 0$ 1* 0-
#25174 0" 0# 1$ 0*
#25175 0$ 1% 1-
#25176 1" 1# 1$ 0% 1* 0- 00
#25177 0" 0# 0$ 1% 0* 10
#25178 1$ 1-
#25179 1" 1# 0$ 1* 0-
#25180 0" 0# 1$ 0*
#25181 0$ 0% 0& 1' 1-
#25182 1" 1# 1$ 1% 1& 0' 1* 0-
#25183 0" 0# 0$ 0% 0& 1' 0*
#25184 1$ 1-
#25185 1" 1# 0$ 1* 0- 00
#25186 0" 0# 1$ 0* 10
#25187 0$ 1% 1-
#25188 1" 1# 1$ 0% 1* 0-
#25189 0" 0# 0$ 1% 0*
#25190 1$ 1-
#25191 1" 1# 0$ 1* 0-
#25192 0" 0# 1$ 0*
#25193 0$ 0% 1& 1- 00
#25194 1" 1# 1$ 1% 0& 1* 0- 10
#25195 0" 0# 0$ 0% 1& 0*
#25196 1$ 1-
#25197 1" 1# 0$ 1* 0-
#25198 0" 0# 1$ 0*
#25199 0$ 1% 1-
#25200 1" 1# 1$ 0% 1* 0-
#25201 0" 0# 0$ 1% 0*
#25202 1$ 1-
#25203 1" 1# 0$ 1* 0-
#25204 0" 0# 1$ 0*
#25205 1! 1" 1# 1( 1* 0+ 1-
#25206 0! 0( 1+ 0-
#25207 0" 0# 0$ 0% 0& 0' 1-
#25208 1" 1# 0*
#25209 0" 1% 1' 1( 1) 1*
#25210 0# 0% 0' 0( 0) 00
#25211 1$ 1% 1' 1( 10
#25212 1" 1# 0$ 0% 0' 0(
#25213 0# 0*
#25214 0" 1$ 1% 1' 1( 1) 1*
#25215 1" 1# 0$ 0% 0' 0( 0)
#25216 0# 0*
#25217 0" 1$ 1% 1' 1( 1) 1*
#25218 1" 1# 0$ 0% 0' 0( 0) 00
#25219 1) 10
#25220 1! 1$ 1% 1& 1' 1(
#25221 0! 0$ 0& 0)
#25222 1! 1$ 1& 0+
#25223 0# 0% 0' 0( 1) 1+
#25224 0! 1# 0$ 1% 0& 1' 1(
#25225 0% 0' 0) 0* 0-
#25226 1! 0# 1$ 1& 0( 1) 1* 1-
#25227 0! 1# 0$ 1% 0& 1' 1(
#25228 1$ 0% 0' 0) 0* 0-
#25229 1! 0# 1& 0( 1) 1* 1-
#25230 0! 1# 0$ 1% 0& 1' 1(
#25231 0' 0) 0* 0-
#25232 1! 0# 1$ 0% 1& 0( 1) 1* 1-
#25233 0! 1# 0$ 1% 0& 1' 1(
#25234 1$ 0' 0) 0* 0-
#25235 1! 0# 0% 1& 0( 1) 1* 1- 00
#25236 0! 1# 0$ 1% 0& 1' 1( 0) 10
#25237 0% 1& 0' 0* 0-
#25238 1! 0# 1$ 0( 1) 1* 1-
#25239 0! 1# 0$ 1% 0& 1' 1( 0)
#25240 1$ 0% 1& 0' 0* 0-
#25241 1! 0# 0( 1) 1* 1-
#25242 0! 1# 0$ 1% 0& 1' 1( 0)
#25243 1& 0' 0* 0-
#25244 1! 0# 1$ 0% 0( 1) 1* 1-
#25245 0! 1# 0$ 1% 0& 1' 1( 0)
#25246 1$ 1& 0' 0* 0-
#25247 1! 0# 0% 0( 1) 1* 1-
#25248 0! 1# 0$ 1% 0& 1' 1( 0)
#25249 0% 0* 0-
#25250 1! 0# 1$ 1& 0' 0( 1) 1* 1-
#25251 0! 1# 0$ 1% 0& 1' 1( 0)
#25252 1$ 0% 0* 0- 00
#25253 1! 0# 1& 0' 0( 1) 1* 1- 10
#25254 0! 1# 0$ 1% 0& 1' 1( 0)
#25255 0* 0-
#25256 1! 0# 1$ 0% 1& 0' 0( 1) 1* 1-
#25257 0! 1# 0$ 1% 0& 1' 1( 0)
#25258 1$ 0* 0-
#25259 1! 0# 0% 1& 0' 0( 1) 1* 1-
#25260 0! 1# 0$ 1% 0& 1' 1( 00
#25261 0% 1& 0) 0* 0- 10
#25262 1! 0# 1$ 0' 0( 1) 1* 1-
#25263 0! 1# 0$ 1% 0& 1' 1(
#25264 1$ 0% 1& 0) 0* 0-
#25265 1! 0# 0' 0( 1) 1* 1-
#25266 0! 1# 0$ 1% 0& 1' 1(
#25267 1& 0) 0* 0-
#25268 1! 0# 1$ 0% 0' 0( 1) 1* 1-
#25269 1# 1% 1' 1(
#25270 0! 0) 0* 0-
#25271 0# 0$ 0% 0& 0' 0( 1-
#25272 0" 1$ 1% 1' 1( 1) 1*
#25273 1! 1" 1# 0$ 0' 0( 0) 0*
#25274 0! 0# 0%
#25275 1! 1# 1$ 1% 1& 1' 1( 1*
#25276 0$ 0% 0& 0' 0( 0*
#25277 0" 0# 00
#25278 1" 1# 1$ 1% 1& 1' 1( 1* 10
#25279 0$ 0% 0& 0' 0( 0*
#25280 0" 0#
#25281 1" 1# 1$ 1% 1& 1' 1( 1*
#25282 0$ 0% 0& 0' 0( 0*
#25283 1) 1*
#25285 1$ 1% 1& 1' 1( 00
#25286 0) 0+ 10
#25287 1+
#25288 0# 0$ 0% 0& 0' 0( 0-
#25289 0" 1# 0*
#25290 1" 1$ 1% 1& 1' 1-
#25291 0# 0% 0& 0' 1* 0-
#25292 0" 1# 0*
#25293 1" 1% 1& 1' 1( 1* 1-
#25294 0# 0$ 0& 0' 0( 0- 00
#25295 0" 1# 0* 10
#25296 1" 1$ 1& 1' 1* 0+ 1-
#25297 0# 0& 0' 1+ 0-
#25298 0" 1# 0*
#25299 1" 1& 1' 1( 1* 1-
#25300 0# 0$ 0% 0' 0( 0-
#25301 0" 1# 0*
#25302 1" 1$ 1% 1' 1- 00
#25303 0# 0% 0' 1* 0- 10
#25304 0" 1# 0*
#25305 1" 1% 1' 1( 1* 1-
#25306 0# 0$ 0' 0( 0-
#25307 0" 1# 0*
#25308 1" 1$ 1' 1* 0+ 1-
#25309 0# 0' 1+ 0-
#25310 0" 1# 0*
#25311 1" 1' 1( 1* 1-
#25312 0# 0$ 0% 0& 0( 0-
#25313 0" 1# 0*
#25314 1" 1$ 1% 1& 1-
#25315 0# 0% 0& 1* 0-
#25316 0" 1# 0*
#25317 1" 1% 1& 1( 1* 1-
#25318 0# 0$ 0& 0( 0-
#25319 0" 1# 0* 00
#25320 1" 1$ 1& 1* 0+ 1- 10
#25321 0# 0& 1+ 0-
#25322 0" 1# 0*
#25323 1" 1& 1( 1* 1-
#25324 0# 0$ 0% 0( 0-
#25325 0" 1# 0*
#25326 1" 1$ 1% 1-
#25327 0# 0% 1* 0- 00
#25328 0" 1# 0* 10
#25329 1" 1% 1( 1* 1-
#25330 0# 0$ 0( 0-
#25331 0" 1# 0*
#25332 1" 1$ 1* 0+ 1-
#25333 0# 1+ 0-
#25334 0" 1# 0*
#25335 0# 0$ 0% 0& 0' 1* 1-
#25336 1" 1# 1$ 1% 1& 1' 1(
#25337 0! 0" 0# 0% 0& 0' 0( 0*
#25338 1! 0$ 1*
#25339 1" 1# 1$ 1% 1& 1' 1(
#25340 0! 0" 0# 0& 1)
#25341 0$ 0% 0' 0( 0)
#25342 1! 1" 1# 1$ 1% 1& 1' 1( 1)
#25343 0! 0" 0# 0% 0& 0'
#25344 0$ 0( 0) 00
#25345 1! 1" 1# 1$ 1% 1& 1' 1( 1) 10
#25346 0! 0" 0# 0% 0& 0' 0(
#25349 1! 1" 1# 1% 1& 1' 1(
#25350 0)
#25351 1)
#25352 0# 0$ 0% 0& 0' 0) 0* 0-
#25353 0! 0" 1# 1*
#25354 1" 1$ 1& 1' 0( 1) 1-
#25355 1! 0# 0& 0' 1( 0) 0* 0-
#25356 0! 0" 1# 1*
#25357 1! 1" 1% 1& 1' 1) 1-
#25358 0# 0$ 0& 0' 0) 0* 0-
#25359 0! 0" 1# 1*
#25360 1! 1" 1$ 0% 1& 1' 0( 1) 1-
#25361 0# 1% 0& 0' 1( 0) 0* 0- 00
#25362 0! 0" 1# 1* 10
#25363 1! 1" 1& 1' 1) 1-
#25364 0# 0$ 0% 0' 0) 0* 0-
#25365 0! 0" 1# 1*
#25366 0# 1% 1' 0( 1) 1-
#25367 1! 1" 1$ 0% 0' 1( 0) 0* 0-
#25368 0! 0" 1# 1*
#25369 1! 1" 1% 1' 1) 1- 00
#25370 0# 0$ 0' 0) 0* 0- 10
#25371 0! 0" 1# 1*
#25372 1! 0# 1' 0( 1) 1-
#25373 1" 1$ 0' 1( 0) 0* 0-
#25374 0! 0" 1# 1*
#25375 1! 1" 1' 1) 1-
#25376 0# 0$ 0% 0& 0) 0* 0-
#25377 0! 0" 1# 1*
#25378 1" 0# 1% 1& 0( 1) 1-
#25379 1! 1$ 0% 0& 1( 0) 0* 0-
#25380 0! 0" 1# 1*
#25381 1! 1" 1% 1& 1) 1-
#25382 0# 0$ 0& 0) 0* 0-
#25383 0! 0" 1# 1*
#25384 1! 1" 0# 1& 0( 1) 1-
#25385 1$ 0& 1( 0) 0* 0-
#25386 0! 0" 1# 1* 00
#25387 1! 1" 1& 1) 1- 10
#25388 0# 0$ 0% 0) 0* 0-
#25389 0! 0" 1# 1*
#25390 1% 0( 1) 1-
#25391 1! 1" 0# 1$ 0% 1( 0) 0* 0-
#25392 0! 0" 1# 1*
#25393 1! 1" 1% 1) 1-
#25394 0# 0$ 0) 0* 0- 00
#25395 0! 0" 1# 10
#25396 1! 0( 1) 1* 1-
#25397 1" 0# 1$ 1( 0) 0* 0-
#25398 0! 0" 1#
#25399 0# 0$ 0% 0& 0' 0( 1* 1-
#25400 1! 1" 1# 1$ 1% 1& 1' 1( 1)
#25401 0! 0" 0# 0&
#25402 0$ 0% 0' 0( 0)
#25403 1" 1) 00
#25404 1! 0" 1$ 0) 0* 10
#25405 0! 0$ 1*
#25406 1"
#25407 1! 0" 1$ 0*
#25408 0! 0$ 1*
#25409 1"
#25410 1! 0" 1$ 0*
#25411 1) 1* 00
#25412 10
#25413 1" 1# 1% 1& 1' 1( 0)
#25415 0! 0" 0$ 0% 0& 0' 0( 0*
#25416 1" 0# 1* 0-
#25417 0" 1#
#25418 1$ 0* 1-
#25419 1" 0# 1* 0-
#25420 0" 1#
#25421 0$ 1% 0* 1-
#25422 1" 0# 1* 0-
#25423 0" 1#
#25424 1$ 0* 1-
#25425 1" 0# 1* 0-
#25426 0" 1#
#25427 0$ 0% 1& 0* 1-
#25428 1" 0# 1* 0- 00
#25429 0" 1# 10
#25430 1$ 0* 1-
#25431 1" 0# 0-
#25432 0" 1# 1*
#25433 0$ 1% 0* 1-
#25434 1" 0# 0-
#25435 0" 1# 1$ 0% 1*
#25436 1% 0* 1- 00
#25437 1" 0# 0- 10
#25438 1! 0" 1# 0% 1*
#25439 0! 0$ 0& 1' 0* 1-
#25440 1" 0# 0-
#25441 1! 0" 1# 1$ 1& 0' 1*
#25442 0! 0& 1' 0* 1-
#25443 1" 0# 0-
#25444 1! 0" 1# 1& 0' 1*
#25445 0! 0$ 1% 0& 1' 0* 1-
#25446 1" 0# 0-
#25447 1! 0" 1# 1$ 0% 1& 0' 1*
#25448 0! 1% 0& 1' 0* 1-
#25449 1" 0# 0-
#25450 1! 0" 1# 0% 1& 0' 1*
#25451 0! 0$ 1' 0* 1-
#25452 1" 0# 0-
#25453 1! 0" 1# 1$ 0' 1* 00
#25454 0! 1' 0* 1- 10
#25455 1" 0# 0-
#25456 1! 0" 1# 0' 1*
#25457 0! 0$ 1% 1' 0* 1-
#25458 1" 0# 0-
#25459 0" 1# 1$ 0% 0' 1*
#25460 1% 1' 0* 1-
#25461 1" 0# 0-
#25462 0" 1# 0% 0' 1*
#25463 0# 0$ 0& 0* 1-
#25464 1"
#25465 1$
#25466 0" 0$
#25467 1"
#25468 0" 1# 1% 1' 1( 1) 1*
#25469 1" 0# 1$ 0% 0' 0(
#25470 1! 0" 0$ 0) 0* 00
#25471 0! 1% 1' 1( 1) 1* 10
#25472 1" 1$ 0% 0' 0(
#25473 1! 0" 0$ 0) 0*
#25474 0! 1% 1) 1*
#25475 1" 1$ 0% 0)
#25476 1)
#25477 1! 1# 1% 1& 1' 1( 0)
#25478 00
#25479 0! 0$ 0& 1) 10
#25480 1! 0" 0# 0% 0' 0) 0-
#25481 1" 1# 1$ 1% 1& 1' 1-
#25482 0! 0$ 0& 1)
#25483 1! 0" 0# 1$ 0% 0' 0) 0-
#25484 1" 1# 1% 1& 1' 1-
#25485 0! 0$ 0& 1)
#25486 1! 0" 0# 0' 0) 0-
#25487 1" 1# 1$ 1& 1' 1-
#25488 0! 0$ 0& 1)
#25489 1! 0" 0# 1$ 0' 0) 0-
#25490 1" 1# 1& 1' 1-
#25491 0! 0$ 0& 1)
#25492 1! 0" 0# 0% 1& 0' 0) 0-
#25493 1" 1# 1$ 1% 1' 1-
#25494 0! 0$ 0& 1)
#25495 1! 0" 0# 1$ 0% 1& 0' 0) 0- 00
#25496 1" 1# 1% 1' 1- 10
#25497 0! 0$ 0& 1)
#25498 1! 0" 0# 1& 0' 0) 0-
#25499 1" 1# 1$ 1' 1-
#25500 0! 0$ 0& 1)
#25501 1! 0" 0# 1$ 1& 0' 0) 0-
#25502 1" 1# 1' 1-
#25503 0! 0$ 0& 1) 00
#25504 1! 0" 0# 0% 0) 0- 10
#25505 1" 1# 1$ 1% 1& 1-
#25506 0! 0$ 0& 1)
#25507 1! 0" 0# 1$ 0% 0) 0-
#25508 1" 1# 1% 1& 1-
#25509 0! 0$ 0& 1)
#25510 1! 0" 0# 0) 0-
#25511 1" 1# 1$ 1& 1-
#25512 0! 0$ 0& 1) 00
#25513 1! 0" 0# 1$ 0) 0- 10
#25514 1" 1# 1& 1-
#25515 0! 0$ 0& 1)
#25516 1! 0" 0# 0% 1& 0) 0-
#25517 1" 1# 1$ 1% 1-
#25518 0! 0$ 0& 1)
#25519 1! 0" 0# 1$ 0% 1& 0) 0-
#25520 1" 1# 1% 1- 00
#25521 0! 0$ 0& 1) 10
#25522 1! 0" 0# 1& 0) 0-
#25523 1" 1# 1$ 1-
#25524 0! 0$ 0& 1)
#25525 1! 0" 0# 1$ 1& 0) 0-
#25526 1" 1# 1-
#25527 0! 0$ 0& 1)
#25528 1! 0" 0# 0% 0' 0( 0) 0*
#25529 0! 1# 1% 1' 1( 1) 1*
#25530 1"
#25531 1! 0" 0# 0% 0' 0( 0) 0*
#25532 1" 1$ 1%
#25533 0! 0" 0$ 0% 1*
#25534 0*
#25535 1! 1" 1$ 1%
#25536 0! 0" 0$ 0% 1*
#25537 0* 00
#25538 1! 1" 1$ 1% 10
#25539 0" 0$ 0% 1*
#25540 1" 1$ 1)
#25541 1# 1% 1& 1' 1(
#25542 0)
#25544 0" 0# 0$ 0% 0& 0' 0( 0* 0-
#25545 1" 1# 1$ 1% 1& 1' 1( 1* 1- 00
#25546 0$ 0% 0& 0' 0( 0- 10
#25547 0" 0# 1$ 0*
#25548 1" 1# 1% 1& 1' 1( 1* 1-
#25549 0% 0& 0' 0( 0-
#25550 0" 0# 0$ 1% 0*
#25551 1" 1# 1$ 1& 1' 1( 1* 1-
#25552 0$ 0& 0' 0( 0-
#25553 0" 0# 1$ 0*
#25554 1" 1# 1& 1' 1( 1* 1-
#25555 0& 0' 0( 0-
#25556 0" 0# 0$ 0% 1& 0*
#25557 1" 1# 1$ 1% 1' 1( 1* 1-
#25558 0$ 0% 0' 0( 0-
#25559 0" 0# 1$ 0*
#25560 1" 1# 1% 1' 1( 1* 1-
#25561 0% 0' 0( 0-
#25562 0" 0# 0$ 1% 0* 00
#25563 1" 1# 1$ 1' 1( 1* 1- 10
#25564 0$ 0' 0( 0-
#25565 0" 0# 1$ 0*
#25566 1" 1# 1' 1( 1* 1-
#25567 0' 0( 0-
#25568 0" 0# 0$ 0% 0& 1'
#25569 1" 1# 1$ 1% 1& 1( 1-
#25570 0$ 0% 0& 0( 0-
#25571 0" 0# 1$
#25572 1" 1# 1% 1& 1( 1-
#25573 0% 0& 0( 0-
#25574 0" 0# 0$ 1%
#25575 1" 1# 1$ 1& 1( 1-
#25576 0$ 0& 0( 0-
#25577 0" 0# 1$
#25578 1" 1# 1& 1( 1-
#25579 0& 0( 0- 00
#25580 0" 0# 0$ 0% 1& 10
#25581 1" 1# 1$ 1% 1( 1-
#25582 0$ 0% 0( 0-
#25583 0" 0# 1$
#25584 1" 1# 1% 1( 1-
#25585 0% 0( 0-
#25586 0" 0# 0$ 1% 0*
#25587 1" 1# 1$ 1( 1* 1- 00
#25588 0$ 0( 0- 10
#25589 0" 0# 1$ 0*
#25590 1" 1# 1( 1* 1-
#25591 0( 0-
#25592 0! 0" 0# 0$ 0% 0& 0' 1-
#25593 1# 1$ 1% 0*
#25594 0%
#25595 0# 0$ 1*
#25596 1# 1$ 0*
#25597 1% 1) 1*
#25598 1" 0$ 1' 1( 0)
#25599 0" 1$ 0% 0' 0( 0*
#25600 1% 1) 1*
#25601 1" 0$ 1' 1( 0)
#25602 0" 1$ 0% 0' 0( 0*
#25603 1% 1) 1*
#25604 0% 00
#25605 1! 1" 1% 1& 1' 1( 0) 10
#25606 0! 0" 0# 0$ 0% 0& 0' 0(
#25607 1! 1" 1# 1$ 1% 1& 1' 1(
#25608 0! 0" 0# 0$ 0% 0& 0' 0* 0-
#25609 1$ 0( 1* 1-
#25610 1! 1" 1# 0$ 1( 0-
#25611 0! 0" 0# 1$ 0*
#25612 0$ 1% 0( 1* 1- 00
#25613 1! 1" 1# 1$ 0% 1( 0- 10
#25614 0! 0" 0# 0$ 1% 0*
#25615 1$ 0( 1* 1-
#25616 1! 1" 1# 0$ 1( 0-
#25617 0! 0" 0# 1$ 0*
#25618 0$ 0% 1& 0( 1* 1-
#25619 1! 1" 1# 1$ 1% 0& 1( 0-
#25620 0! 0" 0# 0$ 0% 1& 0*
#25621 1$ 0( 1* 1- 00
#25622 1! 1" 1# 0$ 1( 0- 10
#25623 0! 0" 0# 1$ 0*
#25624 0$ 1% 0( 1* 1-
#25625 1! 1" 1# 1$ 0% 1( 0-
#25626 0! 0" 0# 0$ 1% 0*
#25627 1$ 0( 1* 1-
#25628 1! 1" 1# 0$ 1( 0-
#25629 0! 0" 0# 1$ 0* 00
#25630 0$ 0% 0& 1' 0( 1* 1- 10
#25631 1! 1" 1# 1$ 1% 1& 0' 1( 0-
#25632 0! 0" 0# 0$ 0% 0& 1' 0*
#25633 1$ 0( 1* 1-
#25634 1! 1" 1# 0$ 1( 0-
#25635 0! 0" 0# 1$ 0*
#25636 0$ 1% 0( 1) 1* 1-
#25637 1! 1" 1# 1$ 0% 1( 0) 0-
#25638 0! 0" 0# 0$ 1% 0*
#25639 1$ 0( 1* 1-
#25640 1! 1" 1# 0$ 1( 0-
#25641 0! 0" 0# 1$ 0*
#25642 0$ 0% 1& 0( 1* 1-
#25643 1! 1" 1# 1$ 1% 0& 1( 0-
#25644 0! 0" 0# 0$ 0% 1& 0*
#25645 1$ 0( 1* 1-
#25646 1! 1" 1# 0$ 1( 0- 00
#25647 0! 0" 0# 1$ 0* 10
#25648 0$ 1% 0( 1* 1-
#25649 1! 1" 1# 1$ 0% 1( 0-
#25650 0! 0" 0# 0$ 1% 0*
#25651 1$ 0( 1* 1-
#25652 1! 1" 1# 0$ 1( 0-
#25653 0! 0" 0# 1$ 0*
#25654 1! 1" 1# 1* 1- 00
#25655 0- 10
#25656 0! 0" 0# 0$ 0% 0& 0' 0( 1-
#25657 1! 1# 1$ 0*
#25658 0! 0$ 1% 1' 1( 1) 1*
#25659 0# 0% 0' 0( 0)
#25660 1$ 1% 1' 1(
#25661 1! 1# 0% 0' 0(
#25662 0! 1" 0# 0$ 0*
#25663 0" 1$ 1% 1' 1( 1) 1*
#25664 1! 1# 0% 0' 0( 0)
#25665 0! 1" 0# 0$ 0*
#25666 0" 1$ 1% 1' 1( 1) 1*
#25667 1! 1# 0% 0' 0( 0)
#25668 1)
#25669 1" 1% 1& 1' 1(
#25670 0! 0" 0# 0$ 0% 0& 0' 0( 0)
#25671 1! 1" 1# 1$ 1% 1& 1' 1( 0+ 00
#25672 0% 0' 0( 1) 1+ 10
#25673 0! 0" 0# 0& 0)
#25674 1" 1# 0$ 0* 0-
#25675 1! 1$ 1& 1) 1* 1-
#25676 0! 0" 0# 0$ 1% 0& 0)
#25677 1" 1# 1$ 0% 0* 0-
#25678 1! 1& 1) 1* 1-
#25679 0! 0" 0# 1% 0& 0)
#25680 1" 1# 0$ 0* 0-
#25681 1! 1$ 0% 1& 1) 1* 1-
#25682 0! 0" 0# 0$ 0)
#25683 1" 1# 1$ 1% 0& 0* 0-
#25684 1! 0% 1& 1) 1* 1-
#25685 0! 0" 0# 0)
#25686 1" 1# 0$ 0* 0-
#25687 1! 1$ 1) 1* 1-
#25688 0! 0" 0# 0$ 1% 0) 00
#25689 1" 1# 1$ 0% 0* 0- 10
#25690 1! 1) 1* 1-
#25691 0! 0" 0# 0$ 1% 0& 0)
#25692 1" 1# 1& 0* 0-
#25693 1! 1$ 0% 1) 1* 1-
#25694 0! 0" 0# 0$ 1% 0& 1' 0)
#25695 1" 1# 1$ 1& 0' 0* 0-
#25696 1! 0% 1) 1* 1- 00
#25697 0! 0$ 1% 0& 1' 1( 0) 10
#25698 0% 0( 0* 0-
#25699 1! 1$ 1& 0' 1) 1* 1-
#25700 0! 0$ 1% 0& 1' 1( 0)
#25701 1$ 0% 0( 0* 0-
#25702 1! 1& 0' 1) 1* 1-
#25703 0! 0$ 1% 0& 1' 1( 0)
#25704 0( 0* 0-
#25705 1! 1$ 0% 1& 0' 1) 1* 1-
#25706 0! 0$ 1% 0& 1' 1( 0)
#25707 1$ 0( 0* 0-
#25708 1! 0% 1& 0' 1) 1* 1-
#25709 0! 0$ 1% 0& 1' 1( 0)
#25710 0% 1& 0( 0* 0-
#25711 1! 1$ 0' 1) 1* 1-
#25712 0! 0$ 1% 0& 1' 1( 0)
#25713 1$ 0% 1& 0( 0* 0- 00
#25714 1! 0' 1) 1* 1- 10
#25715 0! 0" 0# 0$ 1% 0& 1' 0)
#25716 1" 1# 1& 0* 0-
#25717 1! 1$ 0% 0' 1) 1* 1-
#25718 1% 1' 1( 0)
#25719 0! 0( 0* 0-
#25720 0# 0$ 0% 0& 0' 1) 1* 1-
#25721 0" 1# 1$ 0) 00
#25722 1" 1% 0* 10
#25723 0# 0$ 0% 1) 1*
#25724 1! 1# 1$ 1% 1& 1' 1( 0)
#25725 0! 0% 0& 0' 0( 0*
#25726 1! 0" 0# 0$ 1*
#25727 1" 1# 1$ 1% 1& 1' 1(
#25728 0! 0% 0& 0' 0( 0*
#25729 1! 0" 0# 0$
#25730 1" 1# 1$ 1% 1& 1' 1( 1* 00
#25731 0! 0% 0& 0' 0( 0* 10
#25732 1) 1*
#25734 1! 1% 1& 1' 1(
#25735 0) 0+
#25736 1+
#25737 0# 0$ 0% 0& 0' 0-
#25738 0" 1# 0* 00
#25739 1" 1$ 1% 1& 1- 10
#25740 0# 0% 0& 1* 0-
#25741 0" 1# 0*
#25742 1" 1% 1& 1' 1* 1-
#25743 0# 0$ 0& 0' 0-
#25744 0" 1# 0*
#25745 1" 1$ 1& 1* 0+ 1-
#25746 0# 0& 1+ 0-
#25747 0" 1# 0*
#25748 1" 1& 1' 1* 1-
#25749 0# 0$ 0% 0' 0-
#25750 0" 1# 0*
#25751 1" 1$ 1% 1-
#25752 0# 0% 1* 0-
#25753 0" 1# 0*
#25754 1" 1% 1' 1* 1-
#25755 0# 0$ 0' 0- 00
#25756 0" 1# 0* 10
#25757 1" 1$ 1* 0+ 1-
#25758 0# 1+ 0-
#25759 0" 1# 0*
#25760 1" 1' 1* 1-
#25761 0# 0$ 0% 0& 0-
#25762 0" 1# 0*
#25763 1" 1$ 1% 1& 0' 1- 00
#25764 0# 0% 0& 1' 1) 1* 0- 10
#25765 0" 1# 0) 0*
#25766 1" 1% 1& 1* 1-
#25767 0# 0$ 0& 1) 0-
#25768 0" 1# 0) 0*
#25769 1" 1$ 1& 0' 1* 0+ 1-
#25770 0# 0& 1' 1+ 0-
#25771 0" 1# 0*
#25772 1" 1& 1* 1-
#25773 0# 0$ 0% 0-
#25774 0" 1# 0*
#25775 1" 1$ 1% 0' 1-
#25776 0# 0% 1' 1* 0-
#25777 0" 1# 0*
#25778 1" 1% 1* 1-
#25779 0# 0$ 0-
#25780 0" 1# 0* 00
#25781 1" 1$ 0' 1* 0+ 1- 10
#25782 0# 1' 1+ 0-
#25783 0" 1# 0*
#25784 0# 0$ 0% 0& 0' 0( 1* 1-
#25785 1" 1# 1$ 1% 1& 1' 1(
#25786 0% 0& 0' 0( 0*
#25787 0" 0# 0$ 1*
#25788 1" 1# 1$ 1% 1& 1' 1(
#25789 0! 0" 0# 0& 1)
#25790 0$ 0% 0' 0( 0)
#25791 1! 1" 1# 1$ 1% 1& 1' 1( 1)
#25792 0! 0" 0# 0&
#25793 0$ 0% 0' 0( 0)
#25794 1! 1" 1# 1$ 1% 1& 1' 1( 1)
#25795 0! 0" 0# 0&
#25796 1! 1" 1# 0% 0' 0(
#25797 00
#25798 1% 1& 1' 1( 10
#25799 0)
#25800 1)
#25801 0# 0$ 0% 0& 0' 0( 0) 0* 0-
#25802 0! 0" 1# 1*
#25803 1" 1& 1( 1) 1-
#25804 1! 0# 1$ 0& 0( 0) 0* 0-
#25805 0! 0" 1# 1* 00
#25806 1! 1" 1% 1& 1' 1( 1) 1- 10
#25807 0# 0$ 0& 0' 0( 0) 0* 0-
#25808 0! 0" 1# 1*
#25809 1! 1" 0% 1& 1( 1) 1-
#25810 0# 1$ 1% 0& 0( 0) 0* 0-
#25811 0! 0" 1# 1*
#25812 1! 1" 1& 1' 1( 1) 1-
#25813 0# 0$ 0% 0' 0( 0) 0* 0-
#25814 0! 0" 1# 1*
#25815 0# 1$ 1( 1) 1-
#25816 1! 1" 0( 0) 0* 0-
#25817 0! 0" 1# 1*
#25818 1! 1" 1% 1' 1( 1) 1-
#25819 0# 0$ 0' 0( 0) 0* 0-
#25820 0! 0" 1# 1*
#25821 1! 0# 1$ 0% 1( 1) 1-
#25822 1" 1% 0( 0) 0* 0- 00
#25823 0! 0" 1# 1* 10
#25824 1! 1" 1' 1( 1) 1-
#25825 0# 0$ 0% 0& 0( 0) 0* 0-
#25826 0! 0" 1# 1*
#25827 1" 0# 1$ 1& 0' 1( 1) 1-
#25828 1! 0& 1' 0( 0) 0* 0-
#25829 0! 0" 1# 1*
#25830 1! 1" 1% 1& 1( 1) 1- 00
#25831 0# 0$ 0& 0( 0) 0* 0- 10
#25832 0! 0" 1# 1*
#25833 1! 1" 0# 1$ 0% 1& 0' 1( 1) 1-
#25834 1% 0& 1' 0( 0) 0* 0-
#25835 0! 0" 1# 1*
#25836 1! 1" 1& 1( 1) 1-
#25837 0# 0$ 0% 0( 0) 0* 0-
#25838 0! 0" 1# 1*
#25839 1$ 0' 1( 1) 1- 00
#25840 1! 1" 0# 1' 0( 0) 0* 0- 10
#25841 0! 0" 1# 1*
#25842 1! 1" 1% 1( 1) 1-
#25843 0# 0$ 0( 0) 0* 0-
#25844 0! 0" 1# 1*
#25845 1! 1$ 0% 0' 1( 1) 1-
#25846 1" 0# 1% 1' 0( 0) 0* 0-
#25847 0! 0" 1# 1* 00
#25848 1! 0# 0$ 0% 0& 0' 0* 1- 10
#25849 1" 1# 1$ 1% 1& 1' 1( 1*
#25850 0! 0" 0# 0& 1)
#25851 1! 0$ 0% 0' 0( 0) 0*
#25852 1" 1# 1$ 1% 1& 1' 1( 1) 1*
#25853 0! 0" 0# 0$ 0% 0& 0' 0( 0) 0*
#25855 1"
#25856 0"
#25858 1"
#25859 0"
#25860 1) 1*
#25862 1! 1" 1# 1$ 1% 1& 1' 1(
#25863 0)
#25864 0! 0" 0$ 0% 0& 0' 0( 0* 00
#25865 1" 0# 1( 1* 0- 10
#25866 0" 1#
#25867 1$ 0( 0* 1-
#25868 1" 0# 1( 1* 0-
#25869 0" 1#
#25870 0$ 1% 0( 0* 1-
#25871 1" 0# 1( 1* 0-
#25872 0" 1# 00
#25873 1$ 0( 0* 1- 10
#25874 1" 0# 1( 1* 0-
#25875 0" 1#
#25876 0$ 0% 1& 0( 0* 1-
#25877 1" 0# 1( 1* 0-
#25878 0" 1#
#25879 1$ 0( 0* 1-
#25880 1" 0# 1( 1* 0-
#25881 0" 1#
#25882 0$ 1% 0( 0* 1-
#25883 1" 0# 1( 1* 0-
#25884 0" 1#
#25885 1$ 0( 0* 1-
#25886 1" 0# 1( 1* 0-
#25887 0" 1#
#25888 0$ 0% 0& 1' 0( 0* 1-
#25889 1" 0# 1( 1* 0- 00
#25890 0" 1# 10
#25891 1$ 0( 0* 1-
#25892 1" 0# 1( 1* 0-
#25893 0" 1#
#25894 0$ 1% 0( 0* 1-
#25895 1" 0# 1( 1* 0-
#25896 0" 1# 0*
#25897 1$ 0( 1-
#25898 1" 0# 1( 1* 0-
#25899 0" 1#
#25900 0$ 0% 1& 0( 0* 1-
#25901 1" 0# 1( 1* 0-
#25902 0" 1#
#25903 1$ 0( 0* 1-
#25904 1" 0# 1( 1* 0-
#25905 0" 1#
#25906 0$ 1% 0( 0* 1- 00
#25907 1" 0# 1( 1* 0- 10
#25908 0" 1#
#25909 1$ 0( 0* 1-
#25910 1" 0# 1( 1* 0-
#25911 0" 1#
#25912 0# 0$ 0% 0& 0' 0( 0* 1-
#25913 1"
#25914 1! 0" 00
#25915 0! 10
#25916 1"
#25917 0" 1# 1% 1' 1( 1) 1*
#25918 1! 0# 0% 0' 0(
#25919 0) 0*
#25920 0! 1# 1% 1' 1( 1) 1*
#25921 1! 0# 0% 0' 0(
#25922 0) 0*
#25923 0! 1# 1% 1' 1( 1) 1*
#25924 1! 0# 0% 0' 0(
#25926 1" 1# 1$ 1% 1& 1' 1( 0)
#25927 1)
#25928 0! 0$ 0&
#25929 0# 0% 0' 0( 0) 0-
#25930 1! 1# 1$ 1% 1& 1' 1( 1) 1-
#25931 0! 0$ 0& 00
#25932 0# 1$ 0% 0' 0( 0) 0- 10
#25933 1! 1# 1% 1& 1' 1( 1) 1-
#25934 0! 0$ 0&
#25935 0# 0' 0( 0) 0-
#25936 1! 1# 1$ 1& 1' 1( 1) 1-
#25937 0! 0$ 0&
#25938 0# 1$ 0' 0( 0) 0-
#25939 1! 1# 1& 1' 1( 1) 1- 00
#25940 0! 0$ 0& 10
#25941 0# 0% 1& 0' 0( 0) 0-
#25942 1! 1# 1$ 1% 1' 1( 1) 1-
#25943 0! 0$ 0&
#25944 0# 1$ 0% 1& 0' 0( 0) 0-
#25945 1! 1# 1% 1' 1( 1) 1-
#25946 0! 0$ 0&
#25947 0# 1& 0' 0( 0) 0-
#25948 1! 1# 1$ 1' 1( 1) 1- 00
#25949 0! 0$ 0& 10
#25950 0# 1$ 1& 0' 0( 0) 0-
#25951 1! 1# 1' 1( 1) 1-
#25952 0! 0$ 0&
#25953 0" 0# 0% 0( 0) 0-
#25954 1! 1" 1# 1$ 1% 1& 1( 1) 1-
#25955 0! 0$ 0&
#25956 0" 0# 1$ 0% 0( 0) 0- 00
#25957 1! 1" 1# 1% 1& 1( 1) 1- 10
#25958 0! 0$ 0&
#25959 1! 0" 0# 0( 0) 0-
#25960 1" 1# 1$ 1& 1( 1) 1-
#25961 0! 0$ 0&
#25962 1! 0" 0# 1$ 0( 0) 0-
#25963 1" 1# 1& 1( 1) 1-
#25964 0! 0$ 0&
#25965 1! 0" 0# 0% 1& 0( 0) 0-
#25966 1" 1# 1$ 1% 1( 1) 1-
#25967 0! 0$ 0&
#25968 0" 0# 1$ 0% 1& 0( 0) 0-
#25969 1! 1" 1# 1% 1( 1) 1-
#25970 0! 0$ 0&
#25971 0" 0# 1& 0( 0) 0-
#25972 1! 1" 1# 1$ 1( 1) 1-
#25973 0! 0$ 0& 00
#25974 0" 0# 1$ 1& 0( 0) 0- 10
#25975 1! 1" 1# 1( 1) 1-
#25976 0! 0$ 0&
#25977 1! 0" 0# 0% 0' 0( 0)
#25978 0! 1# 1% 1' 1( 1)
#25979 1"
#25980 1! 0" 0# 0% 0' 0( 0)
#25981 0! 1" 1% 0* 00
#25982 0% 10
#25983 0" 1*
#25984 1" 1% 0*
#25985 0%
#25986 0" 1*
#25987 1" 1% 0*
#25988 0%
#25989 1) 1*
#25990 1! 1# 1$ 1% 1& 1' 1(
#25991 0)
#25993 0" 0# 0$ 0% 0& 0' 0* 0-
#25994 1" 1# 1$ 1% 1& 1' 1* 1-
#25995 0$ 0% 0& 0' 0-
#25996 0" 0# 1$ 0*
#25997 1" 1# 1% 1& 1' 1* 1-
#25998 0% 0& 0' 0- 00
#25999 0" 0# 0$ 1% 0* 10
#26000 1" 1# 1$ 1& 1' 1* 1-
#26001 0$ 0& 0' 0-
#26002 0" 0# 1$ 0*
#26003 1" 1# 1& 1' 1* 1-
#26004 0& 0' 0-
#26005 0" 0# 0$ 0% 1& 0*
#26006 1" 1# 1$ 1% 1' 1* 1-
#26007 0$ 0% 0' 0-
#26008 0" 0# 1$ 0*
#26009 1" 1# 1% 1' 1* 1-
#26010 0% 0' 0-
#26011 0" 0# 0$ 1% 0*
#26012 1" 1# 1$ 1' 1* 1-
#26013 0$ 0' 0-
#26014 0" 0# 1$ 0*
#26015 1" 1# 1' 1* 1- 00
#26016 0' 0- 10
#26017 0" 0# 0$ 0% 0& 1' 0*
#26018 1" 1# 1$ 1% 1& 1* 1-
#26019 0$ 0% 0& 0-
#26020 0" 0# 1$ 0*
#26021 1" 1# 1% 1& 1* 1-
#26022 0% 0& 0-
#26023 0" 0# 0$ 1% 0* 00
#26024 1" 1# 1$ 1& 1* 1- 10
#26025 0$ 0& 0-
#26026 0" 0# 1$ 0*
#26027 1" 1# 1& 1* 1-
#26028 0& 0-
#26029 0" 0# 0$ 0% 1& 0*
#26030 1" 1# 1$ 1% 1* 1-
#26031 0$ 0% 0-
#26032 0" 0# 1$ 0*
#26033 1" 1# 1% 1* 1-
#26034 0% 0-
#26035 0" 0# 0$ 1% 0*
#26036 1" 1# 1$ 1* 1-
#26037 0$ 0-
#26038 0" 0# 1$ 0*
#26039 1" 1# 1* 1-
#26040 0- 00
#26041 0! 0" 0# 0$ 0% 0& 0' 0( 1- 10
#26042 1! 1" 1% 0*
#26043 0%
#26044 0! 0" 1*
#26045 1! 1" 0*
#26046 1% 1) 1*
#26047 0! 1# 1' 1( 0)
#26048 1! 0# 0% 0' 0( 0* 00
#26049 1% 1) 1* 10
#26050 0! 1# 1' 1( 0)
#26051 1! 0# 0% 0' 0( 0*
#26052 1% 1) 1*
#26053 0%
#26054 1# 1$ 1% 1& 1' 1( 0)
#26055 0! 0" 0# 0$ 0% 0& 0' 0( 1)
#26056 1! 1" 1# 1$ 1% 1& 1' 1( 0) 0+
#26057 0! 0" 0# 0$ 0% 0& 0' 0( 0* 1+ 0- 00
#26058 1$ 1) 1* 1- 10
#26059 1! 1" 1# 0$ 0) 0* 0-
#26060 0! 0" 0# 1$
#26061 0$ 1% 1) 1* 1-
#26062 1! 1" 1# 1$ 0% 0) 0* 0-
#26063 0! 0" 0# 0$ 1%
#26064 1$ 1) 1* 1-
#26065 1! 1" 1# 0$ 0) 0* 0- 00
#26066 0! 0" 0# 1$ 10
#26067 0$ 0% 1& 1) 1* 1-
#26068 1! 1" 1# 1$ 1% 0& 0) 0* 0-
#26069 0! 0" 0# 0$ 0% 1&
#26070 1$ 1) 1* 1-
#26071 1! 1" 1# 0$ 0) 0* 0-
#26072 0! 0" 0# 1$
#26073 0$ 1% 1) 1* 1-
#26074 1! 1" 1# 1$ 0% 0) 0* 0-
#26075 0! 0" 0# 0$ 1%
#26076 1$ 1) 1* 1-
#26077 1! 1" 1# 0$ 0) 0* 0-
#26078 0! 0" 0# 1$
#26079 0$ 0% 0& 1' 1) 1* 1-
#26080 1! 1" 1# 1$ 1% 1& 0' 0) 0* 0-
#26081 0! 0" 0# 0$ 0% 0& 1'
#26082 1$ 1) 1* 1- 00
#26083 1! 1" 1# 0$ 0) 0* 0- 10
#26084 0! 0" 0# 1$
#26085 0$ 1% 1) 1* 1-
#26086 1! 1" 1# 1$ 0% 0) 0* 0-
#26087 0! 0" 0# 0$ 1%
#26088 1$ 1) 1* 1-
#26089 1! 1" 1# 0$ 0) 0* 0-
#26090 0! 0" 0# 1$ 00
#26091 0$ 0% 1& 1) 1* 1- 10
#26092 1! 1" 1# 1$ 1% 0& 0) 0-
#26093 0! 0" 0# 0$ 0% 1& 0*
#26094 1$ 1) 1* 1-
#26095 1! 1" 1# 0$ 0) 0* 0-
#26096 0! 0" 0# 1$
#26097 0$ 1% 1) 1* 1-
#26098 1! 1" 1# 1$ 0% 0) 0* 0-
#26099 0! 0" 0# 0$ 1%
#26100 1$ 1) 1* 1-
#26101 1! 1" 1# 0$ 0) 0* 0-
#26102 0! 0" 0# 1$
#26103 1! 1" 1# 1( 1) 1* 1-
#26104 0( 0) 0* 0-
#26105 0! 0" 0# 0$ 0% 0& 0' 1-
#26106 1# 1*
#26107 1% 1' 1( 1) 00
#26108 0# 0% 0' 0( 0) 0* 10
#26109 1$ 1% 1' 1( 1*
#26110 1# 0$ 0' 0( 0*
#26111 1" 0# 0% 1)
#26112 0" 1$ 1% 1' 1( 0) 1*
#26113 1# 0$ 0' 0( 0*
#26114 1" 0# 0%
#26115 0" 1$ 1% 1' 1( 1) 1*
#26116 1# 0$ 0' 0( 0) 0*
#26117 0% 1) 1*
#26118 1! 1" 1$ 1% 1& 1' 1(
#26119 0! 0" 0# 0$ 0% 0& 0' 0( 0) 0*
#26120 1! 1" 1# 1$ 1% 1& 1' 1( 1* 0+
#26121 0! 0# 0$ 0' 0( 1) 1+
#26122 0" 1$ 0% 0& 0) 0*
#26123 1" 1# 0$ 1( 0-
#26124 0# 1% 1& 0( 1) 1* 1- 00
#26125 0" 0& 0) 10
#26126 1" 1# 1$ 0% 1( 0* 0-
#26127 0# 0$ 1% 1& 0( 1) 1* 1-
#26128 0" 1$ 0& 0)
#26129 1" 1# 0$ 1( 0* 0-
#26130 0# 1& 0( 1) 1* 1-
#26131 0" 0% 0)
#26132 1" 1# 1$ 1% 0& 1( 0* 0- 00
#26133 0# 0$ 1& 0( 1) 1* 1- 10
#26134 0" 1$ 0% 0)
#26135 1" 1# 0$ 1( 0* 0-
#26136 0# 1% 0( 1) 1* 1-
#26137 0" 0)
#26138 1" 1# 1$ 0% 1( 0* 0-
#26139 0# 0$ 1% 0( 1) 1* 1-
#26140 0" 1$ 0)
#26141 1" 1# 0$ 1( 0* 0-
#26142 0# 0( 1) 1* 1-
#26143 0" 0% 0& 1' 0)
#26144 1" 1# 1$ 1% 1& 0' 1( 0* 0-
#26145 0# 0$ 0( 1) 1* 1-
#26146 0" 1$ 0% 0& 1' 0)
#26147 1" 1# 0$ 1( 0* 0-
#26148 0# 1% 1& 0' 0( 1) 1* 1-
#26149 0" 0& 1' 0) 0* 00
#26150 1" 1# 1$ 0% 1( 0- 10
#26151 0# 0$ 1% 1& 0' 0( 1) 1* 1-
#26152 0" 1$ 0& 1' 0) 0*
#26153 1" 1# 0$ 1( 0-
#26154 0# 1& 0' 0( 1) 1* 1-
#26155 0" 0% 1' 0) 0*
#26156 1" 1# 1$ 1% 0& 1( 0-
#26157 0# 0$ 1& 0' 0( 1) 1* 1- 00
#26158 0" 1$ 0% 1' 0) 0* 10
#26159 1" 1# 0$ 1( 0-
#26160 0# 1% 0' 0( 1) 1* 1-
#26161 0" 1' 0)
#26162 1" 1# 1$ 0% 1( 0* 0-
#26163 0# 0$ 1% 0' 0( 1) 1* 1-
#26164 0" 1$ 1' 0)
#26165 1" 1# 0$ 1( 0* 0-
#26166 0# 0' 0( 1) 1* 1- 00
#26167 1! 1# 1$ 1' 1( 0) 10
#26168 0! 0* 0-
#26169 0$ 0& 1) 1* 1-
#26170 1! 0" 0% 0' 0( 0)
#26171 1% 0*
#26172 0! 1" 0# 0% 1) 1*
#26173 1! 1# 1$ 1% 1& 1' 1(
#26174 0" 0$ 0% 0& 0' 0( 0) 0* 00
#26175 0# 1* 10
#26176 1" 1# 1$ 1% 1& 1' 1(
#26177 0" 0$ 0% 0& 0' 0( 0*
#26178 0# 1*
#26179 1" 1# 1$ 1% 1& 1' 1(
#26180 0" 0$ 0% 0& 0' 0( 0*
#26181 1) 1*
#26183 1" 1$ 1% 1& 1' 1(
#26184 0)
#26186 0# 0$ 0% 0& 0' 0( 1)
#26187 0" 1# 0) 0-
#26188 1" 1$ 1% 1& 1' 1( 0* 1-
#26189 0# 0% 0& 0' 0( 1) 1*
#26190 0" 1# 0) 0-
#26191 1" 1% 1& 1' 1( 1- 00
#26192 0! 0# 0$ 0& 0' 0( 1) 10
#26193 1! 0" 1# 0) 0-
#26194 1" 1$ 1& 1' 1( 0+ 1-
#26195 0! 0# 0$ 0& 0' 0( 1) 1+
#26196 1! 0" 1# 1$ 0) 0-
#26197 1" 1& 1' 1( 1-
#26198 0! 0# 0$ 0% 0& 0' 0( 1)
#26199 1! 0" 1# 1& 0) 0- 00
#26200 1" 1$ 1% 1' 1( 0* 1- 10
#26201 0! 0# 0% 0& 0' 0( 1) 1*
#26202 1! 0" 1# 1& 0) 0-
#26203 1" 1% 1' 1( 1-
#26204 0! 0# 0$ 0' 0( 1)
#26205 1! 0" 1# 0) 0-
#26206 1" 1$ 1' 1( 0+ 1-
#26207 0# 0' 0( 1) 1+
#26208 0" 1# 0) 0-
#26209 1" 1' 1( 1-
#26210 0# 0$ 0% 0& 0( 1)
#26211 0" 1# 0) 0-
#26212 1" 1$ 1% 1& 1( 0* 1-
#26213 0# 0% 0& 0( 1) 1*
#26214 0" 1# 0) 0* 0-
#26215 1" 1% 1& 1( 1* 1-
#26216 0# 0$ 0& 0( 1) 00
#26217 0" 1# 0) 0* 0- 10
#26218 1" 1$ 1& 1( 1* 0+ 1-
#26219 0# 0& 0( 1) 1+ 0-
#26220 0" 1# 0) 0*
#26221 1" 1& 1( 1* 1-
#26222 0# 0$ 0% 0( 1)
#26223 0" 1# 0) 0* 0-
#26224 1" 1$ 1% 1( 1-
#26225 0# 0% 0( 1) 1*
#26226 0" 1# 0) 0* 0-
#26227 1" 1% 1( 1* 1-
#26228 0# 0$ 0( 1)
#26229 0" 1# 0) 0* 0-
#26230 1" 1$ 1( 1* 0+ 1-
#26231 0# 0( 1) 1+
#26232 0" 1# 0) 0-
#26233 0! 1" 0# 0$ 0% 0& 0' 1- 00
#26234 1! 1# 1$ 1% 1& 1' 1( 1) 10
#26235 0! 0$ 0% 0& 0' 0( 0)
#26236 0#
#26237 1! 1# 1$ 1% 1& 1' 1(
#26238 0! 0" 0# 0& 1)
#26239 1! 0$ 0% 0' 0( 0)
#26240 1" 1# 1$ 1% 1& 1' 1(
#26241 0! 0" 0# 0& 1) 00
#26242 1! 0$ 0% 0' 0( 0) 10
#26243 1" 1# 1$ 1% 1& 1' 1(
#26244 0! 0" 0# 0& 1)
#26245 1" 1# 0$ 0% 0' 0(
#26247 1! 1$ 1% 1& 1' 1(
#26248 0)
#26249 1)
#26250 0# 0$ 0% 0& 0' 0) 0* 0-
#26251 0! 0" 1# 1*
#26252 1" 1$ 1% 1' 1) 1-
#26253 1! 0# 0% 0' 0) 0* 0-
#26254 0! 0" 1# 1*
#26255 1! 1" 1% 1& 1' 1) 1-
#26256 0# 0$ 0& 0' 0) 0* 0-
#26257 0! 0" 1# 1*
#26258 1! 1" 1$ 1' 1) 1- 00
#26259 0# 0' 0) 0* 0- 10
#26260 0! 0" 1# 1*
#26261 1! 1" 1& 1' 1) 1-
#26262 0# 0$ 0% 0' 0) 0* 0-
#26263 0! 0" 1# 1*
#26264 0# 1' 1) 1-
#26265 1! 1" 1$ 0' 0) 0* 0-
#26266 0! 0" 1# 1* 00
#26267 1! 1" 1% 1' 1) 1- 10
#26268 0# 0$ 0' 0) 0* 0-
#26269 0! 0" 1# 1*
#26270 1! 0# 0% 1' 1) 1-
#26271 1" 1$ 1% 0' 0) 0* 0-
#26272 0! 0" 1# 1*
#26273 1! 1" 1' 1) 1-
#26274 0# 0$ 0% 0& 0) 0* 0-
#26275 0! 0" 1# 1* 00
#26276 1" 0# 1& 1) 1- 10
#26277 1! 1$ 0& 0) 0* 0-
#26278 0! 0" 1# 1*
#26279 1! 1" 1% 1& 1) 1-
#26280 0# 0$ 0& 0) 0* 0-
#26281 0! 0" 1# 1*
#26282 1! 1" 0# 0% 1& 1) 1-
#26283 1$ 1% 0& 0) 0* 0- 00
#26284 0! 0" 1# 1* 10
#26285 1! 1" 1& 1) 1-
#26286 0# 0$ 0% 0) 0* 0-
#26287 0! 0" 1# 1*
#26288 1) 1-
#26289 1! 1" 0# 1$ 0) 0* 0-
#26290 0! 0" 1# 1*
#26291 1! 1" 1% 1) 1-
#26292 0# 0$ 0) 0* 0-
#26293 0! 0" 1# 1*
#26294 1! 0% 1) 1-
#26295 1" 0# 1$ 1% 0) 0* 0-
#26296 0! 0" 1# 1*
#26297 1! 0# 0$ 0% 0& 0' 0( 0* 1-
#26298 1" 1# 1$ 1% 1& 1' 1( 1*
#26299 0! 0" 0# 0&
#26300 1! 0$ 0% 0' 0( 0* 00
#26301 1" 1# 1$ 1% 1& 1' 1( 1) 1* 10
#26302 0$ 0% 0& 0' 0( 0) 0*
#26303 0! 0" 0#
#26304 1"
#26305 1! 1#
#26306 0! 0" 0#
#26307 1"
#26308 1! 1# 00
#26309 1) 1* 10
#26311 1$ 1% 1& 1' 1(
#26312 0) 0+
#26313 0! 0" 0$ 0% 0& 0' 0( 0* 1+
#26314 1" 0# 1* 0-
#26315 0" 1# 0*
#26316 1$ 1-
#26317 1" 0# 1* 0-
#26318 0" 1# 0*
#26319 0$ 1% 1-
#26320 1" 0# 1* 0-
#26321 0" 1# 0*
#26322 1$ 1-
#26323 1" 0# 1* 0-
#26324 0" 1# 0*
#26325 0$ 0% 1& 1- 00
#26326 1" 0# 1* 0- 10
#26327 0" 1# 0*
#26328 1$ 1-
#26329 1" 0# 1* 0-
#26330 0" 1# 0*
#26331 0$ 1% 1-
#26332 1" 0# 1* 0-
#26333 0" 1# 0*
#26334 1$ 1-
#26335 1" 0# 1* 0-
#26336 0" 1# 0*
#26337 0$ 0% 0& 1' 1-
#26338 1" 0# 1* 0-
#26339 0" 1# 0*
#26340 1$ 1-
#26341 1" 0# 1* 0-
#26342 0" 1# 0* 00
#26343 0$ 1% 1- 10
#26344 1" 0# 1* 0-
#26345 0" 1# 0*
#26346 1$ 1-
#26347 1" 0# 1* 0-
#26348 0" 1# 0*
#26349 0$ 0% 1& 1-
#26350 1" 0# 1* 0- 00
#26351 0" 1# 0* 10
#26352 1$ 1-
#26353 1" 0# 1* 0-
#26354 0" 1# 0*
#26355 0$ 1% 1-
#26356 1" 0# 1* 0-
#26357 0" 1# 0*
#26358 1$ 1-
#26359 1" 0# 1* 0-
#26360 0" 1# 0*
#26361 0# 0$ 0% 0& 0' 1-
#26362 1" 1)
#26363 0" 1$ 0) 1*
#26364 0$ 0*
#26365 1"
#26366 0" 1# 1% 1' 1( 1) 1*
#26367 1" 00
#26368 1! 0" 0# 0% 0' 0( 0) 0* 10
#26369 0! 1# 1% 1' 1( 1) 1*
#26370 1"
#26371 1! 0" 0# 0% 0' 0( 0) 0*
#26372 0! 1# 1% 1' 1( 1) 1*
#26373 0# 1$ 0% 0' 0(
#26375 1! 1" 1# 1% 1& 1' 1( 0) 00
#26376 1) 10
#26377 0! 0$ 0&
#26378 0# 0% 0' 0) 0* 0-
#26379 0" 1# 1% 1& 0( 1) 1* 1-
#26380 1" 0& 1' 1(
#26381 0# 1$ 0% 0' 0) 0* 0-
#26382 0" 1# 0$ 1% 1& 0( 1) 1* 1-
#26383 1" 0& 1' 1(
#26384 0# 0' 0) 0* 0- 00
#26385 0" 1# 1& 0( 1) 1* 1- 10
#26386 1" 0& 1' 1(
#26387 0# 1$ 0' 0) 0-
#26388 0" 1# 0$ 1& 0( 1) 1-
#26389 1" 0& 1' 1(
#26390 0# 0% 1& 0' 0) 0-
#26391 0" 1# 1% 0( 1) 1-
#26392 1" 0& 1' 1( 00
#26393 0# 1$ 0% 1& 0' 0) 0- 10
#26394 0" 1# 0$ 1% 0( 1) 1-
#26395 1" 0& 1' 1(
#26396 0# 1& 0' 0) 0-
#26397 0" 1# 0( 1) 1-
#26398 1" 0& 1' 1(
#26399 0# 1$ 1& 0' 0) 0-
#26400 0" 1# 0$ 0( 1) 1-
#26401 1" 0& 1' 1(
#26402 0# 0% 0) 0-
#26403 0" 1# 1% 1& 0' 0( 1) 1-
#26404 1" 0& 1' 1(
#26405 0# 1$ 0% 0) 0* 0-
#26406 0" 1# 0$ 1% 1& 0' 0( 1) 1* 1-
#26407 1" 0& 1' 1(
#26408 0# 0) 0* 0-
#26409 0" 1# 1& 0' 0( 1) 1* 1- 00
#26410 1" 0& 1' 1( 10
#26411 0# 1$ 0) 0* 0-
#26412 0" 1# 0$ 1& 0' 0( 1) 1* 1-
#26413 1" 0& 1' 1(
#26414 0# 0% 1& 0) 0* 0-
#26415 0" 1# 1% 0' 0( 1) 1* 1-
#26416 1" 0& 1' 1(
#26417 0# 1$ 0% 1& 0) 0* 0- 00
#26418 0" 1# 0$ 1% 0' 0( 1) 1* 1- 10
#26419 1" 0& 1' 1(
#26420 0# 1& 0) 0* 0-
#26421 0" 1# 0' 0( 1) 1* 1-
#26422 1" 0& 1' 1(
#26423 0# 1$ 1& 0) 0-
#26424 0" 1# 0$ 0' 0( 1) 1-
#26425 1" 0& 1' 1(
#26426 1! 0" 0# 0% 0' 0( 0)
#26427 0! 1# 1% 1' 1(
#26428 1" 1)
#26429 1! 0" 0# 0% 0' 0( 0)
#26430 1$ 1% 0*
#26431 0%
#26432 0! 0$ 1*
#26433 1! 1$ 1% 0*
#26434 0% 00
#26435 0! 0$ 1* 10
#26436 1! 1$ 1% 0*
#26437 0%
#26438 1) 1*
#26439 1" 1# 1% 1& 1' 1(
#26440 0)
#26442 0" 0# 0$ 0% 0& 0' 0( 0* 0-
#26443 1" 1# 1$ 1% 1& 1' 1( 1* 1-
#26444 0$ 0% 0& 0' 0( 0-
#26445 0" 0# 1$ 0*
#26446 1" 1# 1% 1& 1' 1( 1* 1-
#26447 0% 0& 0' 0( 0-
#26448 0" 0# 0$ 1% 0*
#26449 1" 1# 1$ 1& 1' 1( 1* 1-
#26450 0$ 0& 0' 0( 0-
#26451 0" 0# 1$ 0* 00
#26452 1" 1# 1& 1' 1( 1* 1- 10
#26453 0& 0' 0( 0-
#26454 0" 0# 0$ 0% 1& 0*
#26455 1" 1# 1$ 1% 1' 1( 1* 1-
#26456 0$ 0% 0' 0( 0-
#26457 0" 0# 1$ 0*
#26458 1" 1# 1% 1' 1( 1* 1-
#26459 0% 0' 0( 0- 00
#26460 0" 0# 0$ 1% 0* 10
#26461 1" 1# 1$ 1' 1( 1* 1-
#26462 0$ 0' 0( 0-
#26463 0" 0# 1$ 0*
#26464 1" 1# 1' 1( 1* 1-
#26465 0' 0( 0-
#26466 0" 0# 0$ 0% 0& 1' 0*
#26467 1" 1# 1$ 1% 1& 1( 1* 1-
#26468 0$ 0% 0& 0( 0-
#26469 0" 0# 1$ 0*
#26470 1" 1# 1% 1& 1( 1* 1-
#26471 0% 0& 0( 0-
#26472 0" 0# 0$ 1% 0*
#26473 1" 1# 1$ 1& 1( 1* 1-
#26474 0$ 0& 0( 0-
#26475 0" 0# 1$ 0*
#26476 1" 1# 1& 1( 1* 1- 00
#26477 0& 0( 0- 10
#26478 0" 0# 0$ 0% 1& 0*
#26479 1" 1# 1$ 1% 1( 1* 1-
#26480 0$ 0% 0( 0-
#26481 0" 0# 1$ 0*
#26482 1" 1# 1% 1( 1* 1-
#26483 0% 0( 0-
#26484 0" 0# 0$ 1% 0* 00
#26485 1" 1# 1$ 1( 1* 1- 10
#26486 0$ 0( 0-
#26487 0" 0# 1$ 0*
#26488 1" 1# 1( 1* 1-
#26489 0( 0-
#26490 0" 0# 0$ 0% 0& 0' 1-
#26491 0! 1" 1$ 1%
#26492 0% 0*
#26493 1! 0" 0$ 00
#26494 0! 1" 1$ 1* 10
#26495 0" 1# 0$ 1% 1' 1( 1)
#26496 0# 0% 0' 0( 0) 0*
#26497 1" 1$ 1*
#26498 0" 1# 0$ 1% 1' 1( 1)
#26499 0# 0% 0' 0( 0) 0*
#26500 1" 1$ 1*
#26501 0" 1# 0$ 1% 1' 1( 1) 00
#26502 1" 0# 1$ 0% 0' 0( 10
#26503 1! 1# 1% 1& 1' 1( 0)
#26504 1)
#26505 0) 0+
#26506 0! 0" 0# 0$ 0% 0& 0' 1+ 0-
#26507 1! 1" 1# 1$ 1% 1& 1' 1) 1-
#26508 0$ 0% 0& 0' 0) 0* 0-
#26509 0! 0" 0# 1$ 1*
#26510 1! 1" 1# 1% 1& 1' 1) 1-
#26511 0% 0& 0' 0) 0* 0-
#26512 0! 0" 0# 0$ 1%
#26513 1! 1" 1# 1$ 1& 1' 1) 1* 1-
#26514 0$ 0& 0' 0) 0* 0-
#26515 0! 0" 0# 1$
#26516 1! 0$ 1& 1' 1) 1* 1-
#26517 1" 1# 1$ 0& 0' 0) 0* 0-
#26518 0! 0" 0# 0$ 0% 1& 00
#26519 1$ 0( 1) 1* 1- 10
#26520 1! 1" 1# 0$ 1( 0) 0* 0-
#26521 0! 0" 0# 1$
#26522 0$ 1% 0( 1) 1* 1-
#26523 1! 1" 1# 1$ 0% 1( 0) 0* 0-
#26524 0! 0" 0# 0$ 1%
#26525 1$ 0( 1) 1* 1-
#26526 1! 1" 1# 0$ 1( 0) 0* 0- 00
#26527 0! 0" 0# 1$ 10
#26528 0$ 0% 0& 1' 0( 1) 1* 1-
#26529 1! 1" 1# 1$ 1% 1& 0' 1( 0) 0* 0-
#26530 0! 0" 0# 0$ 0% 0& 1'
#26531 1! 1$ 1) 1* 1-
#26532 1" 1# 0$ 0) 0* 0-
#26533 0! 0" 0# 1$
#26534 1! 1" 1# 1% 1& 1) 1* 1-
#26535 0% 0& 0) 0* 0-
#26536 0! 0" 0# 0$ 1%
#26537 1! 1" 1# 1$ 1& 1) 1* 1-
#26538 0$ 0& 0) 0* 0-
#26539 0! 0" 0# 1$
#26540 1! 1" 1# 1& 1) 1* 1-
#26541 0& 0) 0* 0-
#26542 0! 0" 0# 0$ 0% 1& 1*
#26543 1! 1" 1# 1$ 1% 1) 1- 00
#26544 0$ 0% 0) 0* 0- 10
#26545 0! 0" 0# 1$ 1*
#26546 1! 1" 1# 1% 1) 1-
#26547 0% 0) 0* 0-
#26548 0! 0" 0# 0$ 1%
#26549 1! 1" 1# 1$ 1) 1* 1-
#26550 0$ 0) 0* 0-
#26551 0! 0" 0# 1$
#26552 1! 1" 1# 1) 1* 1-
#26553 0) 0* 0-
#26554 0! 0" 0# 0$ 0% 0& 0' 0( 1-
#26555 1! 1" 1$ 1*
#26556 0! 0" 1# 0$ 1% 1' 1( 1)
#26557 0# 0% 0' 0( 0) 0*
#26558 1$ 1% 1' 1( 1*
#26559 1! 1" 0' 0( 0*
#26560 0! 0$ 0% 1) 00
#26561 0" 1$ 1% 1' 1( 0) 1* 10
#26562 1! 1" 0' 0( 0*
#26563 0! 0$ 0% 1)
#26564 0" 1$ 1% 1' 1( 0) 1*
#26565 1! 1" 0' 0( 0*
#26566 0% 1) 1*
#26567 1# 1% 1& 1' 1( 0)
#26568 0! 0" 0# 0$ 0% 0& 0' 0( 0* 00
#26569 1! 1" 1# 1$ 1% 1& 1' 1( 1* 0+ 10
#26570 0! 0$ 0' 0( 1+ 0-
#26571 0" 0# 1$ 0% 0& 0* 1-
#26572 1" 1# 0$ 0-
#26573 1% 1& 1*
#26574 0" 0# 0& 0* 1-
#26575 1" 1# 1$ 0% 0-
#26576 0$ 1% 1& 1*
#26577 0" 0# 1$ 0& 0* 1-
#26578 1" 1# 0$ 0-
#26579 1& 1*
#26580 0" 0# 0% 0* 1-
#26581 1" 1# 1$ 1% 0& 0-
#26582 0$ 1& 1*
#26583 0" 0# 1$ 0% 0* 1-
#26584 1" 1# 0$ 0-
#26585 1% 1* 00
#26586 0" 0# 0* 1- 10
#26587 1" 1# 1$ 0% 0-
#26588 0$ 1% 1*
#26589 0" 0# 1$ 0* 1-
#26590 1" 1# 0$ 0-
#26591 1*
#26592 0" 0# 0% 0& 1' 0* 1-
#26593 1" 1# 1$ 1% 1& 0' 0- 00
#26594 0$ 1* 10
#26595 0" 0# 1$ 0% 0& 1' 0* 1-
#26596 1" 1# 0$ 0-
#26597 1% 1& 0' 1*
#26598 0" 0# 0& 1' 0* 1-
#26599 1" 1# 1$ 0% 0-
#26600 0$ 1% 1& 0' 1*
#26601 0" 0# 1$ 0& 1' 0* 1-
#26602 1" 1# 0$ 0- 00
#26603 1& 0' 1) 1* 10
#26604 0" 0# 0% 1' 0) 0* 1-
#26605 1" 1# 1$ 1% 0& 0-
#26606 0$ 1& 0' 1) 1* 1-
#26607 0" 0# 1$ 0% 1' 0) 0*
#26608 1" 1# 0$ 0-
#26609 1% 0' 1) 1* 1-
#26610 0" 0# 1' 0) 0* 00
#26611 1" 1# 1$ 0% 0- 10
#26612 0$ 1% 0' 1) 1* 1-
#26613 0" 0# 1$ 1' 0) 0*
#26614 1" 1# 0$ 0-
#26615 0' 1) 1*
#26616 1! 1$ 1' 1( 0) 0+ 1-
#26617 0! 0( 0* 1+ 0-
#26618 0$ 0& 1( 1) 1* 1-
#26619 0" 1$ 0% 0' 0( 0) 0*
#26620 1%
#26621 1" 0$ 1' 1( 1) 1*
#26622 0" 0# 1$
#26623 1# 0% 0' 0( 0) 0*
#26624 1! 0# 0$ 1*
#26625 1" 1# 1$ 1% 1& 1' 1(
#26626 0! 0" 0% 0& 0' 0( 0*
#26627 1! 0# 0$ 1* 00
#26628 1" 1# 1$ 1% 1& 1' 1( 10
#26629 0! 0" 0% 0& 0' 0( 0*
#26630 1) 1*
#26632 1" 0$ 1% 1' 1(
#26633 1! 1$ 1& 0)
#26635 0! 0$ 0& 1) 00
#26636 1! 0" 0% 0' 0) 0- 10
#26637 1" 1$ 1% 1& 0( 1-
#26638 0! 0$ 0& 1' 1( 1)
#26639 1! 0" 1$ 0% 0' 0) 0-
#26640 1" 1% 1& 1' 1-
#26641 0! 0$ 0& 1)
#26642 1! 0" 0' 0) 0-
#26643 1" 1$ 1& 0( 0+ 1-
#26644 0! 0$ 0& 1' 1( 1) 1+
#26645 1! 0" 1$ 0' 0) 0-
#26646 1" 1& 1' 1-
#26647 0! 0$ 0& 1)
#26648 1! 0" 0% 1& 0' 0) 0-
#26649 1" 1$ 1% 0( 0* 1-
#26650 0! 0# 0$ 0% 0& 1' 1( 1) 1*
#26651 1! 0" 1# 1$ 1& 0' 0) 0-
#26652 1" 1% 1' 1- 00
#26653 0! 0# 0$ 0& 1) 10
#26654 1! 0" 1# 1& 0' 0) 0-
#26655 1" 1$ 0( 0+ 1-
#26656 0! 0# 0$ 0& 1' 1( 1) 1+
#26657 1! 0" 1# 1$ 1& 0' 0) 0-
#26658 1" 1' 1-
#26659 0! 0$ 0& 1)
#26660 1! 0" 0% 0) 0-
#26661 1" 1$ 1% 1& 0' 0( 0* 1-
#26662 0! 0$ 0& 1' 1( 1) 1*
#26663 1! 0" 1$ 0% 0) 0-
#26664 1" 1% 1& 1-
#26665 0! 0$ 0& 1)
#26666 1! 0" 0) 0-
#26667 1" 1$ 1& 0' 0( 0+ 1-
#26668 0! 0$ 0& 1' 1( 1) 1+
#26669 1! 0" 1$ 0) 0- 00
#26670 1" 1& 1- 10
#26671 0! 0$ 0& 1)
#26672 1! 0" 0% 1& 0) 0-
#26673 1" 1$ 1% 0' 0( 1-
#26674 0! 0$ 0& 1' 1( 1)
#26675 1! 0" 1$ 0% 1& 0) 0-
#26676 1" 1% 1-
#26677 0! 0$ 0& 1) 00
#26678 1! 0" 1& 0) 0- 10
#26679 1" 1$ 0' 0( 0+ 1-
#26680 1' 1( 1) 1+
#26681 0" 0) 0-
#26682 0! 1" 0# 0$ 0% 0& 0' 0( 0* 1-
#26683 0" 1$ 1% 1' 1( 1) 1*
#26684 1! 1# 0% 0' 0( 0)
#26685 0! 1" 0# 0$
#26686 1! 1# 1$ 1% 1& 1' 1(
#26687 0! 0" 0# 0& 1)
#26688 1! 0$ 0% 0' 0( 0)
#26689 1" 1# 1$ 1% 1& 1' 1(
#26690 0! 0" 0# 0& 1)
#26691 1! 0$ 0% 0' 0( 0)
#26692 1" 1# 1$ 1% 1& 1' 1(
#26693 0! 0" 0# 0& 1)
#26694 1! 1# 0% 0' 0( 00
#26695 10
#26696 1" 1% 1& 1' 1(
#26697 0)
#26699 0# 0$ 0% 0& 0' 0( 0-
#26700 0" 1#
#26701 0! 1" 1% 1-
#26702 1! 0# 1$ 0% 0- 00
#26703 0" 1# 10
#26704 1" 1% 1& 1' 1( 1-
#26705 0# 0$ 0& 0' 0( 0-
#26706 0" 1#
#26707 1" 1-
#26708 0# 1$ 0-
#26709 0" 1#
#26710 1" 1& 1' 1( 1-
#26711 0# 0$ 0% 0' 0( 0- 00
#26712 0" 1# 10
#26713 0! 0# 1$ 1% 0& 1-
#26714 1! 1" 0% 1& 0-
#26715 0" 1# 0*
#26716 1" 1% 1' 1( 1* 1-
#26717 0# 0$ 0' 0( 0-
#26718 0" 1# 0*
#26719 0# 1$ 0& 1* 1- 00
#26720 1" 1& 0- 10
#26721 0" 1#
#26722 1" 1' 1( 1-
#26723 0# 0$ 0% 0& 0( 0-
#26724 0" 1#
#26725 0! 1" 0# 1$ 1% 0' 1-
#26726 1! 0% 1' 0-
#26727 0" 1#
#26728 1" 1% 1& 1( 1-
#26729 0# 0$ 0& 0( 0-
#26730 0" 1#
#26731 1" 0# 1$ 0' 1-
#26732 1' 0-
#26733 0" 1#
#26734 1" 1& 1( 1) 1-
#26735 0# 0$ 0% 0( 0) 0-
#26736 0" 1# 00
#26737 0! 1$ 1% 0& 0' 1) 1- 10
#26738 1! 1" 0# 0% 1& 1' 0) 0-
#26739 0" 1#
#26740 1" 1% 1( 1) 1-
#26741 0# 0$ 0( 0) 0-
#26742 0" 1#
#26743 1$ 0& 0' 1) 1-
#26744 1" 0# 1& 1' 0) 0- 00
#26745 0" 1# 10
#26746 0# 0$ 0% 0& 0' 0* 1-
#26747 1" 1# 1$ 1% 1& 1' 1( 1*
#26748 0! 0% 0& 0' 0(
#26749 1! 0" 0# 0$ 0*
#26750 1" 1# 1$ 1% 1& 1' 1( 1) 1*
#26751 0! 0% 0& 0' 0( 0) 0*
#26752 0" 0# 0$
#26753 1"
#26754 1# 1$
#26755 0" 0# 0$
#26756 1"
#26757 1# 1$
#26758 1) 1*
#26760 1! 1% 1& 1' 1(
#26761 0) 0+ 00
#26762 0! 0" 0$ 0% 0& 0' 0( 1+ 10
#26763 1! 1" 0# 1( 0-
#26764 0! 0" 1# 0*
#26765 1$ 0( 1* 1-
#26766 1! 1" 0# 1( 0-
#26767 0! 0" 1# 0*
#26768 0$ 1% 0( 1* 1-
#26769 1! 1" 0# 1( 0-
#26770 0! 0" 1# 0*
#26771 1$ 0( 1* 1-
#26772 1! 1" 0# 1( 0-
#26773 0! 0" 1# 0*
#26774 0$ 0% 1& 0( 1-
#26775 1" 0# 1( 1* 0-
#26776 0" 1# 0*
#26777 1$ 0( 1-
#26778 1" 0# 1( 1* 0- 00
#26779 0" 1# 0* 10
#26780 0$ 1% 0( 1-
#26781 1" 0# 1( 1* 0-
#26782 0" 1# 0*
#26783 1$ 0( 1-
#26784 1" 0# 1( 1* 0-
#26785 0" 1# 0*
#26786 0$ 0% 0& 1' 0( 1- 00
#26787 1" 0# 1( 1* 0- 10
#26788 0" 1# 0*
#26789 1$ 0( 1-
#26790 1" 0# 1( 1* 0-
#26791 0" 1# 0*
#26792 0$ 1% 0( 1-
#26793 1" 0# 1( 1* 0-
#26794 0" 1# 0*
#26795 1$ 0( 1* 1-
#26796 1! 1" 0# 1( 0-
#26797 0! 0" 1# 0*
#26798 0$ 0% 1& 0( 1* 1-
#26799 1! 1" 0# 1( 0-
#26800 0! 0" 1# 0*
#26801 1$ 0( 1* 1-
#26802 1! 1" 0# 1( 0-
#26803 0! 0" 1# 0* 00
#26804 0$ 1% 0( 1* 1- 10
#26805 1! 1" 0# 1( 0-
#26806 0! 0" 1# 0*
#26807 1$ 0( 1* 1-
#26808 1! 1" 0# 1( 0-
#26809 0! 0" 1# 0*
#26810 0# 0$ 0% 0& 0' 0( 1-
#26811 1! 1" 1# 1$ 1% 1& 1' 1( 1) 1* 00
#26812 0% 0& 0' 0( 10
#26813 0! 0" 0# 0$ 0) 0*
#26814 1"
#26815 0" 1# 1% 1' 1( 1) 1*
#26816 1"
#26817 1! 0" 0# 0% 0' 0( 0)
#26818 0! 1# 1% 1' 1( 1)
#26819 1"
#26820 1! 0" 0# 0% 0' 0( 0) 00
#26821 0! 1# 1% 1' 1( 1) 10
#26822 1! 1" 1$ 0% 0' 0(
#26824 1% 1& 1' 1( 0)
#26825 1)
#26826 0! 0$ 0& 0)
#26827 0# 0% 0' 0( 0* 0-
#26828 0" 1$ 1% 1& 1) 1* 1- 00
#26829 1" 1# 0$ 0& 1' 1( 0) 10
#26830 0# 1$ 0% 0' 0( 0* 0-
#26831 0" 1% 1& 1) 1* 1-
#26832 1" 1# 0$ 0& 1' 1( 0)
#26833 0# 0' 0( 0* 0-
#26834 0" 1$ 1& 1) 1* 1-
#26835 1" 1# 0$ 0& 1' 1( 0)
#26836 0# 1$ 0' 0( 0* 0-
#26837 0" 1& 1) 1* 1-
#26838 1" 1# 0$ 0& 1' 1( 0)
#26839 0# 0% 1& 0' 0( 0* 0-
#26840 0" 1$ 1% 1) 1* 1-
#26841 1" 1# 0$ 0& 1' 0)
#26842 0# 1$ 0% 1& 0' 0* 0-
#26843 0" 1% 1) 1* 1-
#26844 1" 1# 0$ 0& 0)
#26845 0# 1& 0* 0- 00
#26846 0" 1$ 1) 1* 1- 10
#26847 1" 1# 0$ 0& 0)
#26848 0# 1$ 1& 0* 0-
#26849 0" 1) 1* 1-
#26850 1" 1# 0$ 0& 1' 1( 0)
#26851 0# 0% 0( 0* 0-
#26852 0" 1$ 1% 1& 0' 1) 1* 1-
#26853 1" 1# 0$ 0& 1' 1( 0) 00
#26854 0# 1$ 0% 0( 0* 0- 10
#26855 0" 1% 1& 0' 1) 1* 1-
#26856 1" 1# 0$ 0& 1' 1( 0)
#26857 0# 0( 0* 0-
#26858 0" 1$ 1& 0' 1) 1* 1-
#26859 1" 1# 0$ 0& 1' 1( 0)
#26860 0# 1$ 0( 0* 0-
#26861 0" 1& 0' 1) 1* 1-
#26862 1" 1# 0$ 0& 1' 1( 0)
#26863 0# 0% 1& 0( 0* 0-
#26864 0" 1$ 1% 0' 1) 1* 1-
#26865 1" 1# 0$ 0& 1' 1(
#26866 0# 1$ 0% 1& 0( 0) 0* 0-
#26867 0" 1% 0' 1) 1* 1-
#26868 1" 1# 0$ 0& 1' 1(
#26869 0# 1& 0( 0) 0* 0-
#26870 0" 1$ 0' 1) 1* 1- 00
#26871 1" 1# 0$ 0& 1' 1( 10
#26872 0# 1$ 1& 0( 0) 0* 0-
#26873 0" 0' 1) 1* 1-
#26874 1" 1# 0$ 0& 1' 1(
#26875 1! 0" 0# 0% 0' 0( 0)
#26876 0!
#26877 1" 1# 1% 1' 1(
#26878 0" 0# 0% 0' 0(
#26879 1% 0*
#26880 0%
#26881 1*
#26882 1% 0*
#26883 0%
#26884 1*
#26885 1% 0*
#26886 0%
#26887 1) 1* 00
#26888 1! 1" 1# 1$ 1% 1& 1' 1( 10
#26889 0)
#26891 0" 0# 0$ 0% 0& 0' 0* 0-
#26892 1" 1# 1$ 1% 1& 1' 1* 1-
#26893 0$ 0% 0& 0' 0-
#26894 0" 0# 1$ 0*
#26895 1" 1# 1% 1& 1' 1* 1- 00
#26896 0% 0& 0' 0- 10
#26897 0" 0# 0$ 1% 0*
#26898 1" 1# 1$ 1& 1' 1* 1-
#26899 0$ 0& 0' 0-
#26900 0" 0# 1$ 0*
#26901 1" 1# 1& 1' 1* 1-
#26902 0& 0' 0-
#26903 0" 0# 0$ 0% 1& 0*
#26904 1" 1# 1$ 1% 1' 1* 1-
#26905 0$ 0% 0' 0-
#26906 0" 0# 1$ 0*
#26907 1" 1# 1% 1' 1* 1-
#26908 0% 0' 0-
#26909 0" 0# 0$ 1% 0*
#26910 1" 1# 1$ 1' 1* 1-
#26911 0$ 0' 0-
#26912 0" 0# 1$ 0* 00
#26913 1" 1# 1' 1* 1- 10
#26914 0' 0-
#26915 0" 0# 0$ 0% 0& 1' 0*
#26916 1" 1# 1$ 1% 1& 1* 1-
#26917 0$ 0% 0& 0-
#26918 0" 0# 1$ 0*
#26919 1" 1# 1% 1& 1* 1-
#26920 0% 0& 0- 00
#26921 0" 0# 0$ 1% 0* 10
#26922 1" 1# 1$ 1& 1* 1-
#26923 0$ 0& 0-
#26924 0" 0# 1$ 0*
#26925 1" 1# 1& 1* 1-
#26926 0& 0-
#26927 0" 0# 0$ 0% 1& 0*
#26928 1" 1# 1$ 1% 1* 1-
#26929 0$ 0% 0- 00
#26930 0" 0# 1$ 0* 10
#26931 1" 1# 1% 1* 1-
#26932 0% 0-
#26933 0" 0# 0$ 1% 0*
#26934 1" 1# 1$ 1* 1-
#26935 0$ 0-
#26936 0" 0# 1$ 0*
#26937 1" 1# 1* 1- 00
#26938 0- 10
#26939 0" 0# 0$ 0% 0& 0' 0( 0* 1-
#26940 1% 1) 1*
#26941 0% 0) 0*
#26943 1*
#26944 0! 1# 1% 1' 1( 1)
#26945 0# 0% 0' 0( 0) 0*
#26946 1! 1*
#26947 0! 1# 1% 1' 1( 1)
#26948 0# 0% 0' 0( 0) 0*
#26949 1! 1*
#26950 0! 1# 1% 1' 1( 1)
#26951 1! 0# 0% 0' 0(
#26952 1" 1# 1$ 1% 1& 1' 1( 0)
#26953 1)
#26954 0) 0+ 00
#26955 0! 0" 0# 0$ 0% 0& 0' 0( 1+ 0- 10
#26956 1! 1" 1# 1$ 1% 1& 1' 1( 1) 1-
#26957 0$ 0% 0& 0' 0( 0) 0* 0-
#26958 0! 0" 0# 1$ 1*
#26959 1! 1" 1# 1% 1& 1' 1( 1) 1-
#26960 0% 0& 0' 0( 0) 0* 0-
#26961 0! 0" 0# 0$ 1% 1*
#26962 1! 1" 1# 1$ 1& 1' 1( 1) 1- 00
#26963 0$ 0& 0' 0( 0) 0* 0- 10
#26964 0! 0" 0# 1$ 1*
#26965 1! 1" 1# 1& 1' 1( 1) 1-
#26966 0& 0' 0( 0) 0* 0-
#26967 0! 0" 0# 0$ 0% 1& 1*
#26968 1! 1" 1# 1$ 1% 1' 1( 1) 1-
#26969 0$ 0% 0' 0( 0) 0* 0-
#26970 0! 0" 0# 1$ 1*
#26971 1! 1" 1# 1% 1' 1( 1) 1-
#26972 0% 0' 0( 0) 0* 0-
#26973 0! 0" 0# 0$ 1% 1*
#26974 1! 1" 1# 1$ 1' 1( 1) 1-
#26975 0$ 0' 0( 0) 0* 0-
#26976 0! 0" 0# 1$ 1*
#26977 1! 1" 1# 1' 1( 1) 1-
#26978 0' 0( 0) 0* 0-
#26979 0! 0" 0# 0$ 0% 0& 1' 1* 00
#26980 1! 1" 1# 1$ 1% 1& 1( 1) 1- 10
#26981 0$ 0% 0& 0( 0) 0* 0-
#26982 0! 0" 0# 1$ 1*
#26983 1! 1" 1# 1% 1& 1( 1) 1-
#26984 0% 0& 0( 0) 0* 0-
#26985 0! 0" 0# 0$ 1% 1*
#26986 1! 1" 1# 1$ 1& 1( 1) 1-
#26987 0$ 0& 0( 0) 0* 0-
#26988 0! 0" 0# 1$ 1*
#26989 1! 1" 1# 1& 1( 1) 1-
#26990 0& 0( 0) 0* 0-
#26991 0! 0" 0# 0$ 0% 1& 1*
#26992 1! 1" 1# 1$ 1% 1( 1) 1-
#26993 0$ 0% 0( 0) 0* 0-
#26994 0! 0" 0# 1$ 1*
#26995 1! 1" 1# 1% 1( 1) 1-
#26996 0% 0( 0) 0* 0- 00
#26997 0! 0" 0# 0$ 1% 1* 10
#26998 1! 1" 1# 1$ 1( 1) 1-
#26999 0$ 0( 0) 0* 0-
#27000 0! 0" 0# 1$ 1*
#27001 1! 1" 1# 1( 1) 1-
#27002 0( 0) 0* 0-
#27003 0! 0" 0# 0$ 0% 0& 0' 1-
#27004 1" 1% 1* 00
#27005 0" 1# 1' 1( 10
#27006 0# 0% 0' 0( 0*
#27007 1" 1*
#27008 1% 0*
#27009 1# 1' 1( 1) 1*
#27010 0# 0% 0' 0( 0)
#27011 1% 0*
#27012 1# 1' 1( 1) 1*
#27013 0# 0% 0' 0( 0)
#27014 1% 0*
#27015 0% 1) 1*
#27016 1! 1# 1$ 1% 1& 1' 1( 0)
#27017 0! 0" 0# 0$ 0% 0& 0' 0( 0*
#27018 1! 1" 1# 1$ 1% 1& 1' 1( 1*
#27019 0! 0" 0# 0$ 0% 0& 0' 0-
#27020 1$ 0( 0* 1-
#27021 1" 1# 0$ 1( 1* 0- 00
#27022 0" 0# 1$ 10
#27023 0$ 1% 0( 0* 1-
#27024 1" 1# 1$ 0% 1( 1* 0-
#27025 0" 0# 0$ 1%
#27026 1$ 0( 0* 1-
#27027 1" 1# 0$ 1( 1* 0-
#27028 0" 0# 1$
#27029 0$ 0% 1& 0( 0* 1- 00
#27030 1" 1# 1$ 1% 0& 1( 1* 0- 10
#27031 0" 0# 0$ 0% 1&
#27032 1$ 0( 0* 1-
#27033 1" 1# 0$ 1( 1* 0-
#27034 0" 0# 1$ 0(
#27035 0$ 1% 0* 1-
#27036 1" 1# 1$ 0% 1( 0-
#27037 0" 0# 0$ 1% 0( 1*
#27038 1$ 0* 1- 00
#27039 1" 1# 0$ 1( 0- 10
#27040 0" 0# 1$ 0( 1*
#27041 0$ 0% 0& 1' 0* 1-
#27042 1" 1# 1$ 1% 1& 0' 1( 0-
#27043 0" 0# 0% 0& 0( 1*
#27044 1' 0* 1-
#27045 1" 1# 0$ 1( 0-
#27046 0" 0# 1$ 0' 0( 1* 00
#27047 0$ 1% 1' 0* 1- 10
#27048 1" 1# 1$ 0% 1( 0-
#27049 0" 0# 0$ 1% 0' 0( 1*
#27050 1$ 1' 0* 1-
#27051 1" 1# 0$ 1( 1* 0-
#27052 0" 0# 1$
#27053 0$ 0% 1& 0( 0* 1-
#27054 1" 1# 1$ 1% 0& 1( 1* 0-
#27055 0" 0# 0$ 0% 1&
#27056 1$ 0( 0* 1-
#27057 1" 1# 0$ 1( 1* 0-
#27058 0" 0# 1$
#27059 0$ 1% 0( 0* 1-
#27060 1" 1# 1$ 0% 1( 1* 0-
#27061 0" 0# 0$ 1%
#27062 1$ 0( 0* 1-
#27063 1" 1# 0$ 1( 1* 0- 00
#27064 0" 0# 1$ 10
#27065 1! 1" 1# 0+ 1-
#27066 0! 1+ 0-
#27067 0$ 0& 1) 1-
#27068 1! 0# 0% 0' 0( 0) 0*
#27069 1% 1*
#27070 0! 1# 1' 1( 1)
#27071 0" 0# 1$ 00
#27072 1! 1" 0$ 0% 0' 0( 0) 0* 10
#27073 0! 0" 1*
#27074 1! 1" 1# 1$ 1% 1& 1' 1( 1)
#27075 0# 0$ 0% 0& 0' 0( 0) 0*
#27076 0" 1*
#27077 1" 1# 1$ 1% 1& 1' 1( 1)
#27078 0# 0$ 0% 0& 0' 0( 0) 0*
#27079 1) 1*
#27081 0! 1# 1% 1' 1(
#27082 1! 1$ 1& 0)
#27084 0! 0$ 0& 1)
#27085 1! 0" 0% 0' 0( 0) 0-
#27086 1" 1$ 1% 1& 1' 1-
#27087 0! 0$ 0& 1( 1)
#27088 1! 0" 1$ 0% 0' 0( 0) 0- 00
#27089 1" 1% 1& 1' 1( 1- 10
#27090 0! 0$ 0& 1)
#27091 1! 0" 0' 0( 0) 0-
#27092 1" 1$ 1& 1' 1) 1-
#27093 0! 0$ 0& 1(
#27094 1! 0" 1$ 0' 0( 0) 0-
#27095 1" 1& 1' 1( 1) 1-
#27096 0! 0$ 0&
#27097 0" 0% 1& 0' 0( 0) 0-
#27098 1! 1" 1$ 1% 1' 1) 1-
#27099 0! 0$ 0& 1(
#27100 0" 1$ 0% 1& 0' 0( 0) 0-
#27101 1! 1" 1% 1' 1( 1) 1-
#27102 0! 0$ 0&
#27103 0" 1& 0' 0( 0) 0-
#27104 1! 1" 1$ 1' 1) 1-
#27105 0! 0$ 0& 1( 00
#27106 0" 1$ 1& 0' 0( 0) 0- 10
#27107 1! 1" 1' 1( 1) 1-
#27108 0! 0$ 0&
#27109 0" 0% 0( 0) 0-
#27110 1! 1" 1$ 1% 1& 1) 1-
#27111 0! 0$ 0& 1(
#27112 1! 0" 1$ 0% 0( 0) 0-
#27113 1" 1% 1& 1( 1) 1- 00
#27114 0! 0$ 0& 10
#27115 1! 0" 0( 0) 0-
#27116 1" 1$ 1& 1-
#27117 0! 0$ 0& 1( 1)
#27118 1! 0" 1$ 0( 0) 0-
#27119 1" 1& 1( 1-
#27120 0! 0$ 0& 1)
#27121 1! 0" 0% 1& 0( 0) 0-
#27122 1" 1$ 1% 1-
#27123 0! 0$ 0& 1( 1)
#27124 1! 0" 1$ 0% 1& 0( 0) 0-
#27125 1" 1% 1( 1-
#27126 0! 0$ 0& 1)
#27127 1! 0" 1& 0( 0) 0-
#27128 1" 1$ 1-
#27129 1( 1)
#27130 0" 0( 0) 0- 00
#27131 0! 1" 0# 0$ 0% 0& 0' 0* 1- 10
#27132 0" 1$ 1% 1' 1( 1) 1*
#27133 1# 0$ 0% 0' 0( 0)
#27134 1" 0# 0*
#27135 1! 1# 1$ 1% 1& 1' 1( 1*
#27136 0! 0" 0# 0&
#27137 1! 0$ 0% 0' 0( 0*
#27138 1" 1# 1$ 1% 1& 1' 1( 1* 00
#27139 0! 0" 0# 0& 10
#27140 1! 0$ 0% 0' 0( 0*
#27141 1" 1# 1$ 1% 1& 1' 1( 1*
#27142 0! 0" 0# 0&
#27143 1# 0$ 0% 0' 0( 1)
#27145 1! 1" 1$ 1% 1& 1' 1(
#27146 0) 0+
#27147 1+ 00
#27148 0# 0$ 0% 0& 0' 0- 10
#27149 0" 1# 0*
#27150 1" 1$ 1% 1& 1' 0( 1* 1-
#27151 0# 0% 0& 0' 1( 0-
#27152 0" 1# 0*
#27153 1" 1% 1& 1' 1* 1-
#27154 0# 0$ 0& 0' 0-
#27155 0" 1# 0* 00
#27156 1" 1$ 1& 1' 0( 1* 1- 10
#27157 0# 0& 0' 1( 0-
#27158 0" 1# 0*
#27159 1" 1& 1' 1* 1-
#27160 0# 0$ 0% 0' 0-
#27161 0" 1# 0*
#27162 1" 1$ 1% 1' 0( 1* 1-
#27163 0# 0% 0' 1( 0-
#27164 0" 1# 0*
#27165 1" 1% 1' 1* 1-
#27166 0# 0$ 0' 0-
#27167 0" 1# 0*
#27168 0# 0& 1' 0( 1* 1-
#27169 1" 1$ 1& 0' 1( 0-
#27170 0" 1# 0*
#27171 1" 1' 1* 1-
#27172 0# 0$ 0% 0& 0- 00
#27173 0" 1# 0* 10
#27174 0! 1" 0# 1% 0( 1* 1-
#27175 1! 1$ 0% 1( 0-
#27176 0" 1# 0*
#27177 1" 1% 1& 1* 1-
#27178 0# 0$ 0& 0-
#27179 0" 1# 0*
#27180 1" 1$ 1& 0( 1* 1- 00
#27181 0# 0& 1( 0- 10
#27182 0" 1# 0*
#27183 1" 1& 1* 1-
#27184 0# 0$ 0% 0-
#27185 0" 1# 0*
#27186 1" 1$ 1% 0( 1* 1-
#27187 0# 0% 1( 0-
#27188 0" 1# 0*
#27189 1" 1% 1* 1-
#27190 0# 0$ 0-
#27191 0" 1# 0*
#27192 1" 1$ 0( 1* 1-
#27193 0# 1( 0-
#27194 0" 1# 0*
#27195 0# 0$ 0% 0& 0' 0( 1-
#27196 1" 1# 1$ 1% 1& 1' 1( 1*
#27197 0" 0$ 0% 0& 0' 0( 0* 00
#27198 0# 10
#27199 1" 1# 1$ 1% 1& 1' 1( 1) 1*
#27200 0" 0$ 0% 0& 0' 0( 0)
#27201 0! 0# 0*
#27202 1" 1)
#27203 1! 0" 1# 0)
#27204 0! 0#
#27205 1" 1)
#27206 1! 0" 1# 0)
#27207 1) 1*
#27209 1" 1$ 1% 1& 1' 1(
#27210 0) 0+
#27211 0! 0" 0$ 0% 0& 0' 0( 1+
#27212 1! 1" 0# 0-
#27213 0! 0" 1# 0*
#27214 1$ 1* 1- 00
#27215 1! 1" 0# 0- 10
#27216 0! 0" 1# 0*
#27217 0$ 1% 1* 1-
#27218 1! 1" 0# 0-
#27219 0! 0" 1# 0*
#27220 1$ 1) 1* 1-
#27221 1! 1" 0# 0) 0-
#27222 0! 0" 1# 0* 00
#27223 0$ 0% 1& 1) 1* 1- 10
#27224 1! 1" 0# 0) 0* 0-
#27225 0! 0" 1#
#27226 1$ 1) 1* 1-
#27227 1! 1" 0# 0) 0* 0-
#27228 0! 0" 1#
#27229 0$ 1% 1) 1* 1-
#27230 1! 1" 0# 0) 0* 0-
#27231 0! 0" 1#
#27232 1$ 1) 1* 1-
#27233 1! 1" 0# 0) 0* 0-
#27234 0! 0" 1#
#27235 0$ 0% 0& 1' 1) 1* 1-
#27236 1! 1" 0# 0) 0* 0-
#27237 0! 0" 1#
#27238 1$ 1) 1* 1-
#27239 1! 1" 0# 0) 0* 0- 00
#27240 0! 0" 1# 10
#27241 0$ 1% 1) 1* 1-
#27242 1! 1" 0# 0) 0-
#27243 0! 0" 1# 0*
#27244 1$ 1* 1-
#27245 1! 1" 0# 0-
#27246 0! 0" 1# 0*
#27247 0$ 0% 1& 1* 1- 00
#27248 1! 1" 0# 0- 10
#27249 0! 0" 1# 0*
#27250 1$ 1* 1-
#27251 1! 1" 0# 0-
#27252 0! 0" 1# 0*
#27253 0$ 1% 1* 1-
#27254 1! 1" 0# 0-
#27255 0! 0" 1# 0*
#27256 1$ 1* 1- 00
#27257 1! 1" 0# 0- 10
#27258 0! 0" 1# 0*
#27259 0# 0$ 0% 0& 0' 1* 1-
#27260 1! 1" 1# 1$ 1% 1& 1' 1( 1)
#27261 0! 0$ 0% 0& 0' 0(
#27262 0" 0# 0)
#27263 1" 1) 0*
#27264 0" 1# 1% 1' 1( 0) 1* 00
#27265 1" 1) 10
#27266 1! 0" 0# 0% 0' 0( 0)
#27267 0! 1# 1% 1' 1(
#27268 1" 1)
#27269 1! 0" 0# 0% 0' 0( 0)
#27270 0! 1# 1% 1' 1(
#27271 1" 0% 0' 0( 1)
#27273 1! 1$ 1% 1& 1' 1( 0)
#27274 1)
#27275 0! 0" 0$ 0% 0& 0' 0( 0)
#27276 1" 0# 1( 0* 0-
#27277 1! 1$ 1% 1& 0( 1) 1* 1-
#27278 0! 0" 1# 0% 0& 0)
#27279 1" 0# 1( 0* 0-
#27280 1! 1% 1& 0( 1) 1* 1-
#27281 0! 0" 1# 0$ 0& 0) 00
#27282 1" 0# 1( 0* 0- 10
#27283 1! 1$ 1& 0( 1) 1* 1-
#27284 0! 0" 1# 0& 0)
#27285 1" 0# 1( 0* 0-
#27286 1! 1& 0( 1) 1* 1-
#27287 0! 0" 1# 0$ 0% 0)
#27288 1" 0# 1( 0* 0-
#27289 1! 1$ 1% 0( 1) 1* 1- 00
#27290 0! 0" 1# 0% 0) 10
#27291 1" 0# 1( 0* 0-
#27292 1! 1% 0( 1) 1* 1-
#27293 0! 0" 1# 0$ 0)
#27294 1" 0# 1( 0* 0-
#27295 1! 1$ 0( 1) 1* 1-
#27296 0! 0" 1# 0$ 0& 0)
#27297 1" 0# 1$ 1& 1( 0* 0-
#27298 1! 0( 1) 1* 1-
#27299 0! 0" 1# 0$ 0% 0& 1' 0)
#27300 1" 0# 1( 0* 0-
#27301 1! 1$ 1% 1& 0' 0( 1) 1* 1-
#27302 0! 0" 1# 0$ 0% 0& 1' 0)
#27303 1" 0# 1$ 1( 0* 0-
#27304 1! 1% 1& 0' 0( 1) 1* 1-
#27305 0! 0" 1# 0$ 0& 1' 0)
#27306 1" 0# 1( 0* 0- 00
#27307 1! 1$ 1& 0' 0( 1) 1* 1- 10
#27308 0! 0" 1# 0& 1' 0)
#27309 1" 0# 1( 0* 0-
#27310 1! 1& 0' 0( 1) 1* 1-
#27311 0! 0" 1# 0$ 0% 1' 0)
#27312 1" 0# 1( 0* 0-
#27313 1! 1$ 1% 0' 0( 1) 1* 1-
#27314 0! 0" 1# 0% 1' 0)
#27315 1" 0# 1( 0* 0-
#27316 1! 1% 0' 0( 1) 1* 1-
#27317 0! 0" 1# 0$ 1' 0)
#27318 1" 0# 1( 0* 0-
#27319 1! 1$ 0' 0( 1) 1* 1-
#27320 0! 0" 1# 1' 0)
#27321 1" 0# 1( 0* 0-
#27322 1! 0' 0( 1) 1* 1-
#27323 0! 0" 0$ 0% 0& 0) 00
#27324 1" 0* 10
#27325 1! 1#
#27326 0! 0" 0# 1*
#27327 1"
#27328 1! 1# 1%
#27329 0% 0*
#27330 0" 0# 1*
#27331 1" 1# 1% 0* 00
#27332 0% 10
#27333 0" 0# 1*
#27334 1" 1# 1% 0*
#27335 0%
#27336 1) 1*
#27337 1$ 1% 1& 1' 1(
#27338 0)
#27340 0" 0# 0$ 0% 0& 0' 0( 0* 0-
#27341 1" 1# 1$ 1% 1& 1' 1( 1* 1-
#27342 0$ 0% 0& 0' 0( 0-
#27343 0" 0# 1$ 0*
#27344 1" 1# 1% 1& 1' 1( 1* 1-
#27345 0% 0& 0' 0( 0-
#27346 0" 0# 0$ 1% 0*
#27347 1" 1# 1$ 1& 1' 1( 1* 1-
#27348 0$ 0& 0' 0( 1) 0- 00
#27349 0" 0# 1$ 0) 0* 10
#27350 1" 1# 1& 1' 1( 1* 1-
#27351 0& 0' 0( 1) 0-
#27352 0" 0# 0$ 0% 1& 0) 0*
#27353 1" 1# 1$ 1% 1' 1( 1* 1-
#27354 0$ 0% 0' 0( 1)
#27355 0" 0# 1$ 0) 0* 0-
#27356 1" 1# 1% 1' 1( 1* 1- 00
#27357 0% 0' 0( 1) 10
#27358 0" 0# 0$ 1% 0) 0-
#27359 1" 1# 1$ 1' 1( 1-
#27360 0$ 0' 0( 1)
#27361 0" 0# 1$ 0) 0-
#27362 1" 1# 1' 1( 1-
#27363 0' 0( 1)
#27364 0" 0# 0$ 0% 0& 1' 0) 0-
#27365 1" 1# 1$ 1% 1& 1( 1- 00
#27366 0$ 0% 0& 0( 1) 10
#27367 0" 0# 1$ 0) 0* 0-
#27368 1" 1# 1% 1& 1( 1* 1-
#27369 0% 0& 0( 1)
#27370 0" 0# 0$ 1% 0) 0* 0-
#27371 1" 1# 1$ 1& 1( 1* 1-
#27372 0$ 0& 0( 1) 0-
#27373 0" 0# 1$ 0) 0* 00
#27374 1" 1# 1& 1( 1* 1- 10
#27375 0& 0( 0-
#27376 0" 0# 0$ 0% 1& 0*
#27377 1" 1# 1$ 1% 1( 1* 1-
#27378 0$ 0% 0( 0-
#27379 0" 0# 1$ 0*
#27380 1" 1# 1% 1( 1* 1-
#27381 0% 0( 0-
#27382 0" 0# 0$ 1% 0*
#27383 1" 1# 1$ 1( 1* 1-
#27384 0$ 0( 0-
#27385 0" 0# 1$ 0*
#27386 1" 1# 1( 1* 1-
#27387 0( 0-
#27388 0" 0# 0$ 0% 0& 0' 0* 1-
#27389 0! 1$ 1% 1) 1*
#27390 0% 0) 00
#27391 1! 0$ 0* 10
#27392 0! 1$ 1*
#27393 1# 0$ 1% 1' 1( 1)
#27394 0# 0% 0' 0( 0) 0*
#27395 1$ 1*
#27396 1# 0$ 1% 1' 1( 1)
#27397 0# 0% 0' 0( 0) 0*
#27398 1$ 1* 00
#27399 1# 0$ 1% 1' 1( 1) 10
#27400 0# 1$ 0% 0' 0(
#27401 1! 1" 1# 1% 1& 1' 1(
#27403 0) 0+
#27404 0! 0" 0# 0$ 0% 0& 0' 1+ 0-
#27405 1! 1" 1# 1$ 1% 1& 1' 1) 1-
#27406 0$ 0% 0& 0' 0) 0* 0-
#27407 0! 0" 0# 1$ 1*
#27408 1! 1" 1# 1% 1& 1' 1) 1-
#27409 0% 0& 0' 0) 0* 0-
#27410 0! 0" 0# 0$ 1% 1*
#27411 1! 1" 1# 1$ 1& 1' 1) 1-
#27412 0$ 0& 0' 0) 0* 0-
#27413 0! 0" 0# 1$ 1*
#27414 1! 1" 1# 1& 1' 1) 1-
#27415 0& 0' 0) 0* 0- 00
#27416 0! 0" 0# 0$ 0% 1& 1* 10
#27417 1! 1" 1# 1$ 1% 1' 1) 1-
#27418 0$ 0% 0' 0) 0* 0-
#27419 0! 0" 0# 1$ 1*
#27420 1! 1" 1# 1% 1' 1) 1-
#27421 0% 0' 0) 0* 0-
#27422 0! 0" 0# 0$ 1% 1*
#27423 1! 1" 1# 1$ 1' 1) 1-
#27424 0$ 0' 0) 0* 0-
#27425 0! 0" 0# 1$ 1*
#27426 1! 1" 1# 1' 1) 1-
#27427 0' 0) 0* 0-
#27428 0! 0" 0# 0$ 0% 0& 1' 1*
#27429 1! 1" 1# 1$ 1% 1& 1) 1-
#27430 0$ 0% 0& 0) 0* 0-
#27431 0! 0" 0# 1$ 1*
#27432 1! 1" 1# 1% 1& 1) 1- 00
#27433 0% 0& 0) 0* 0- 10
#27434 0! 0" 0# 0$ 1% 1*
#27435 1! 1" 1# 1$ 1& 1) 1-
#27436 0$ 0& 0) 0* 0-
#27437 0! 0" 0# 1$ 1*
#27438 1! 1" 1# 1& 1) 1-
#27439 0& 0) 0* 0-
#27440 0! 0" 0# 0$ 0% 1& 1* 00
#27441 1! 1" 1# 1$ 1% 1) 1- 10
#27442 0$ 0% 0) 0* 0-
#27443 0! 0" 0# 1$ 1*
#27444 1! 1" 1# 1% 1) 1-
#27445 0% 0) 0* 0-
#27446 0! 0" 0# 0$ 1% 1*
#27447 1! 1" 1# 1$ 1) 1-
#27448 0$ 0) 0* 0-
#27449 0! 0" 0# 1$ 1*
#27450 1! 1" 1# 1) 1-
#27451 0) 0* 0-
#27452 0! 0" 0# 0$ 0% 0& 0' 0( 1-
#27453 1! 1$ 1%
#27454 0% 1*
#27455 0! 0$ 0*
#27456 1! 1$
#27457 1% 00
#27458 0! 1" 1# 0$ 1' 1( 1) 1* 10
#27459 1! 0" 0# 1$ 0% 0' 0( 0) 0*
#27460 1%
#27461 0! 1" 1# 0$ 1' 1( 1) 1*
#27462 1! 0" 0# 1$ 0% 0' 0( 0) 0*
#27463 1%
#27464 0% 1) 1*
#27465 1" 1# 1% 1& 1' 1( 0) 00
#27466 0! 0" 0# 0$ 0% 0& 0' 0( 0* 10
#27467 1! 1" 1# 1$ 1% 1& 1' 1( 1*
#27468 0! 0" 0# 0$ 0% 0& 0' 0( 0-
#27469 1$ 0* 1-
#27470 1" 1# 0$ 1* 0-
#27471 0" 0# 1$
#27472 0$ 1% 0* 1-
#27473 1" 1# 1$ 0% 1* 0-
#27474 0" 0# 0$ 1% 00
#27475 1$ 0* 1- 10
#27476 1" 1# 0$ 1* 0-
#27477 0" 0# 1$
#27478 0$ 0% 1& 0* 1-
#27479 1" 1# 1$ 1% 0& 1* 0-
#27480 0" 0# 0$ 0% 1& 0*
#27481 1$ 1-
#27482 1" 1# 0$ 1* 0- 00
#27483 0" 0# 1$ 0* 10
#27484 0$ 1% 1-
#27485 1" 1# 1$ 0% 1* 0-
#27486 0" 0# 0$ 1% 0*
#27487 1$ 1-
#27488 1" 1# 0$ 1* 0-
#27489 0" 0# 1$ 0*
#27490 0$ 0% 0& 1' 1-
#27491 1" 1# 1$ 1% 1& 0' 1* 0-
#27492 0" 0# 0$ 0% 0& 1' 0*
#27493 1$ 1-
#27494 1" 1# 0$ 1* 0-
#27495 0" 0# 1$ 0*
#27496 0$ 1% 1-
#27497 1" 1# 1$ 0% 1* 0-
#27498 0" 0# 0$ 1% 0*
#27499 1$ 1- 00
#27500 1" 1# 0$ 1* 0- 10
#27501 0" 0# 1$ 0*
#27502 0$ 0% 1& 1-
#27503 1" 1# 1$ 1% 0& 1* 0-
#27504 0" 0# 0$ 0% 1&
#27505 1$ 0* 1-
#27506 1" 1# 0$ 1* 0-
#27507 0" 0# 1$ 00
#27508 0$ 1% 0* 1- 10
#27509 1" 1# 1$ 0% 1* 0-
#27510 0" 0# 0$ 1%
#27511 1$ 0* 1-
#27512 1" 1# 0$ 1* 0-
#27513 0" 0# 1$
#27514 1! 1" 1# 1( 0+ 1-
#27515 0! 0( 1+ 0-
#27516 0$ 0& 1( 1) 1-
#27517 0# 1$ 0% 0' 0( 0) 0*
#27518 1% 1*
#27519 1# 0$ 1' 1( 1)
#27520 0" 0# 1$
#27521 1" 0% 0' 0( 0)
#27522 0$
#27523 1$ 1% 1& 1' 1( 1)
#27524 0% 0& 0' 0( 0) 00
#27525 0$ 10
#27526 0" 1$ 1% 1' 1( 1)
#27527 1" 0% 0' 0( 0)
#27528 1)
#27530 1# 0$ 1% 1' 1(
#27531 1! 1$ 1& 0)
#27532 0" 0' 0( 1)
#27533 0! 1" 0$ 0& 1' 1(
#27534 0% 0' 0) 0* 0-
#27535 1! 0" 1$ 1% 1& 0( 1) 1* 1-
#27536 0! 1" 0$ 0& 1' 1(
#27537 1$ 0% 0' 0) 0* 0-
#27538 1! 0" 1% 1& 0( 1) 1* 1-
#27539 0! 1" 0$ 0& 1' 1(
#27540 0' 0) 0-
#27541 1! 0" 1$ 1& 0( 1) 1- 00
#27542 0! 1" 0$ 0& 1' 1( 10
#27543 1$ 0' 0) 0-
#27544 1! 0" 1& 0( 1) 1-
#27545 0! 1" 0$ 0& 1' 1(
#27546 0% 1& 0' 0) 0-
#27547 1! 1$ 1% 1) 1-
#27548 0! 0$ 0& 1'
#27549 1$ 0% 1& 0' 0) 0- 00
#27550 1! 1% 1' 1) 1- 10
#27551 0! 0$ 0&
#27552 1& 0' 0) 0-
#27553 1! 1$ 1) 1-
#27554 0! 0$ 0& 1'
#27555 1$ 1& 0' 0) 0-
#27556 1! 1' 1) 1-
#27557 0! 0$ 0&
#27558 0" 0% 0) 0-
#27559 1! 1" 1$ 1% 1& 0' 1) 1-
#27560 0! 0$ 0& 1'
#27561 0" 1$ 0% 0) 0-
#27562 1! 1" 1% 1& 1) 1-
#27563 0! 0$ 0&
#27564 0) 0-
#27565 1! 1$ 1& 0' 1) 1-
#27566 0! 0$ 0& 1' 00
#27567 1$ 0) 0- 10
#27568 1! 1& 1) 1-
#27569 0! 0$ 0&
#27570 0% 1& 0) 0-
#27571 1! 1$ 1% 0' 1) 1-
#27572 0! 0$ 0& 1'
#27573 1$ 0% 1& 0) 0-
#27574 1! 1% 1) 1- 00
#27575 0! 0$ 0& 10
#27576 1& 0) 0-
#27577 1! 0" 1$ 0' 1) 1-
#27578 1" 1'
#27579 0! 0) 0-
#27580 0# 0$ 0% 0& 0' 0( 0* 1-
#27581 0" 1$ 1% 1' 1( 1) 1*
#27582 1! 1" 0' 0( 0)
#27583 0! 0$ 0% 0* 00
#27584 1! 1# 1$ 1% 1& 1' 1( 1* 10
#27585 0# 0% 0& 0' 0(
#27586 0" 0$ 0*
#27587 1" 1# 1$ 1% 1& 1' 1( 1*
#27588 0# 0% 0& 0' 0(
#27589 0" 0$ 0*
#27590 1" 1# 1$ 1% 1& 1' 1( 1*
#27591 0" 0# 0% 0& 0' 0( 00
#27592 1" 1) 10
#27594 1# 1% 1& 1' 1(
#27595 0) 0+
#27596 1+
#27597 0# 0$ 0% 0& 0' 0( 0-
#27598 0" 1# 0*
#27599 1" 1$ 1% 1& 1( 1* 1-
#27600 0# 0% 0& 0( 0-
#27601 0" 1# 0*
#27602 1" 1% 1& 1' 1( 1* 1-
#27603 0# 0$ 0& 0' 0( 0-
#27604 0" 1# 0*
#27605 1" 1$ 1& 1( 1* 1-
#27606 0# 0& 0( 0-
#27607 0" 1# 0*
#27608 1" 1& 1' 1( 1* 1- 00
#27609 0# 0$ 0% 0' 0( 0- 10
#27610 0" 1# 0*
#27611 1" 1$ 1% 1( 1-
#27612 0# 0% 0( 1* 0-
#27613 0" 1# 0*
#27614 1" 1% 1' 1( 1* 1-
#27615 0# 0$ 0' 0( 0-
#27616 0" 1# 0* 00
#27617 1" 1$ 1( 1* 0+ 1- 10
#27618 0# 0( 1+ 0-
#27619 0" 1# 0*
#27620 1" 1' 1( 1* 1-
#27621 0# 0$ 0% 0& 0( 0-
#27622 0" 1# 0*
#27623 1" 1$ 1% 1& 0' 1( 1-
#27624 0# 0% 0& 1' 0( 1* 0-
#27625 0" 1# 0*
#27626 1" 1% 1& 1( 1* 1-
#27627 0# 0$ 0& 0( 0-
#27628 0" 1# 0*
#27629 1" 1$ 1& 0' 1( 1* 0+ 1-
#27630 0# 0& 1' 0( 1+ 0-
#27631 0" 1# 0*
#27632 1" 1& 1( 1* 1-
#27633 0# 0$ 0% 0( 0- 00
#27634 0" 1# 0* 10
#27635 1" 1$ 1% 0' 1( 1* 1-
#27636 0# 0% 1' 0( 0-
#27637 0" 1# 0*
#27638 1" 1% 1( 1* 1-
#27639 0# 0$ 0( 0-
#27640 0" 1# 0*
#27641 1" 1$ 0' 1( 1* 1-
#27642 0# 1' 0( 0-
#27643 0" 1# 0*
#27644 0# 0$ 0% 0& 0' 1-
#27645 1" 1# 1$ 1% 1& 1' 1( 1*
#27646 0! 0" 0% 0& 0' 0( 0*
#27647 1! 0# 0$
#27648 1" 1# 1$ 1% 1& 1' 1( 1*
#27649 0! 0" 0% 0& 0' 0(
#27650 0# 0$ 0* 00
#27651 1" 1) 1* 10
#27652 0" 1# 1$ 0)
#27653 0# 0$ 0*
#27654 1" 1) 1*
#27655 0" 1# 1$ 0)
#27656 1)
#27658 1! 1" 1% 1& 1' 1( 00
#27659 0) 0+ 10
#27660 0$ 1) 1+
#27661 0# 0% 0& 0' 0) 0* 0-
#27662 0! 0" 1#
#27663 1" 1$ 1) 1* 1-
#27664 1! 0# 0) 0* 0-
#27665 0! 0" 1#
#27666 1! 1" 1% 1& 1' 1) 1* 1-
#27667 0# 0$ 0& 0' 0) 0* 0-
#27668 0! 0" 1#
#27669 1! 1" 1$ 0% 1) 1* 1-
#27670 0# 1% 0) 0* 0-
#27671 0! 0" 1#
#27672 0$ 0% 1& 0( 1) 1* 1-
#27673 1! 1" 0# 1( 0) 0* 0-
#27674 0! 0" 1#
#27675 0# 0& 0( 1) 1* 1- 00
#27676 1! 1" 1$ 1& 1( 0) 0* 0- 10
#27677 0! 0" 1#
#27678 0$ 1% 0( 1) 1* 1-
#27679 1! 1" 0# 1( 0) 0* 0-
#27680 0! 0" 1#
#27681 1$ 0( 1) 1* 1-
#27682 1! 1" 0# 1( 0) 0* 0-
#27683 0! 0" 1# 00
#27684 0$ 0% 0& 1' 0( 1) 1* 1- 10
#27685 1! 1" 0# 1( 0) 0* 0-
#27686 0! 0" 1#
#27687 1$ 0( 1) 1* 1-
#27688 1! 1" 0# 1( 0) 0* 0-
#27689 0! 0" 1#
#27690 0$ 1% 0( 1) 1* 1-
#27691 1! 1" 0# 1( 0) 0* 0-
#27692 0! 0" 1# 00
#27693 1$ 0( 1) 1* 1- 10
#27694 1! 1" 0# 1( 0) 0* 0-
#27695 0! 0" 1#
#27696 0$ 0% 1& 0( 1) 1* 1-
#27697 1! 1" 0# 1( 0) 0* 0-
#27698 0! 0" 1#
#27699 1$ 0( 1) 1* 1-
#27700 1! 1" 0# 1( 0) 0* 0- 00
#27701 0! 0" 1# 10
#27702 0$ 1% 0( 1) 1* 1-
#27703 1! 1" 0# 1( 0) 0* 0-
#27704 0! 0" 1#
#27705 0& 0' 0( 1) 1* 1-
#27706 1! 1" 0# 1$ 1& 1' 1( 0) 0* 0-
#27707 0! 0" 1#
#27708 0# 0$ 0% 0& 0' 0( 1* 1-
#27709 1! 1" 1# 1$ 1% 1& 1' 1( 1)
#27710 0! 0" 0# 0&
#27711 0$ 0% 0' 0( 0)
#27712 1" 1)
#27713 1! 0" 1# 1$ 0)
#27714 0! 1" 0$ 1% 1' 1(
#27715 0" 0# 0% 0' 0(
#27716 1! 1# 1$
#27717 0! 1" 0$ 1% 1' 1( 00
#27718 1! 0" 0# 0% 0' 0( 10
#27719 1# 1$
#27720 1)
#27722 1" 1% 1& 1' 1( 0)
#27723 1)
#27724 0! 0" 0$ 0% 0& 0' 0( 0) 0*
#27725 1" 0# 0- 00
#27726 1! 1# 1$ 1% 1& 1) 1* 1- 10
#27727 0! 0" 0% 0& 0) 0*
#27728 1" 0# 0-
#27729 1! 1# 1% 1& 1) 1* 1-
#27730 0! 0" 0$ 0& 0) 0*
#27731 1" 0# 0-
#27732 1! 1# 1$ 1& 1) 1* 1-
#27733 0! 0" 0& 0) 0*
#27734 1" 0# 0-
#27735 1! 1# 1& 1) 1* 1-
#27736 0! 0" 0$ 0% 0) 0*
#27737 1" 0# 0-
#27738 1! 1# 1$ 1% 1) 1* 1-
#27739 0! 0" 0% 0) 0*
#27740 1" 0# 0-
#27741 1! 1# 1% 1) 1* 1-
#27742 0! 0" 0$ 0) 0* 00
#27743 1" 0# 0- 10
#27744 1! 1# 1$ 1) 1*
#27745 0! 0" 0) 0* 1-
#27746 1" 0# 0-
#27747 1! 1# 1) 1*
#27748 0! 0" 0$ 0% 0& 1' 0) 0* 1-
#27749 1" 0# 0-
#27750 1! 1# 1$ 1% 1& 0' 1*
#27751 0! 0" 0% 0& 1' 0* 1-
#27752 1" 0# 0-
#27753 1! 1# 1% 1& 0' 1*
#27754 0! 0" 0$ 0& 1' 0* 1-
#27755 1" 0# 0-
#27756 1! 1# 1$ 1& 0' 1) 1*
#27757 0! 0" 0& 1' 0) 0* 1-
#27758 1" 0# 0-
#27759 1! 1# 1& 0' 1) 1* 1- 00
#27760 0! 0" 0$ 0% 1' 0) 0* 10
#27761 1" 0# 0-
#27762 1! 1# 1$ 1% 0' 1) 1* 1-
#27763 0! 0" 0% 1' 0) 0*
#27764 1" 0# 0-
#27765 1! 1# 1% 0' 1) 1* 1-
#27766 0! 0" 0$ 1' 0)
#27767 1" 0# 0* 0- 00
#27768 1! 1# 1$ 0' 1) 1* 1- 10
#27769 0! 0" 1' 0)
#27770 1" 0# 0* 0-
#27771 1! 1# 0' 1) 1* 1-
#27772 0! 0" 0# 0$ 0% 0& 0)
#27773 1" 0*
#27774 1# 1$
#27775 0" 0# 0$ 1*
#27776 1" 0*
#27777 1# 1$ 1% 1*
#27778 0% 0*
#27779 1! 0" 0# 0$
#27780 0! 1" 1# 1$ 1% 1*
#27781 0% 0*
#27782 1! 0" 0# 0$
#27783 0! 1" 1# 1$ 1% 1*
#27784 0% 0* 00
#27785 1) 1* 10
#27786 1! 1% 1& 1' 1(
#27787 0)
#27788 0! 0$ 0& 1)
#27789 1! 0" 0# 0% 0' 0) 0-
#27790 1" 1# 1$ 1% 1& 1' 1-
#27791 0! 0$ 0& 1)
#27792 1! 0" 0# 1$ 0% 0' 0) 0- 00
#27793 1" 1# 1% 1& 1' 1- 10
#27794 0! 0$ 0& 1)
#27795 1! 0" 0# 0' 0) 0-
#27796 1" 1# 1$ 1& 1' 1-
#27797 0! 0$ 0& 1)
#27798 1! 0" 0# 1$ 0' 0) 0-
#27799 1" 1# 1& 1' 1-
#27800 0! 0$ 0& 1)
#27801 1! 0" 0# 0% 1& 0' 0) 0- 00
#27802 1" 1# 1$ 1% 1' 1- 10
#27803 0! 0$ 0% 0& 0' 1)
#27804 1! 0" 0# 1$ 1& 0) 0-
#27805 1" 1# 1% 1' 1-
#27806 0! 0% 0' 1)
#27807 1! 0" 0# 0$ 1% 0) 0-
#27808 1" 1# 1$ 1' 1-
#27809 0$ 0' 1) 00
#27810 0" 0# 1$ 0) 0- 10
#27811 1" 1# 1' 1-
#27812 0' 1)
#27813 0" 0# 0$ 0% 0& 1' 0) 0-
#27814 1" 1# 1$ 1% 1& 1-
#27815 0$ 0% 0& 1)
#27816 0" 0# 1$ 0) 0-
#27817 1" 1# 1% 1& 1-
#27818 0% 0& 1)
#27819 0" 0# 0$ 1% 0) 0-
#27820 1" 1# 1$ 1& 1-
#27821 0$ 0& 1)
#27822 0" 0# 1$ 0) 0-
#27823 1" 1# 1& 1-
#27824 0& 1)
#27825 0" 0# 0$ 0% 1& 0) 0-
#27826 1" 1# 1$ 1% 1- 00
#27827 0$ 0% 1) 10
#27828 0" 0# 1$ 0) 0-
#27829 1" 1# 1% 1-
#27830 0% 1)
#27831 0" 0# 0$ 1% 0) 0-
#27832 1" 1# 1$ 1-
#27833 0! 0$ 0& 1)
#27834 1! 0" 0# 1$ 1& 0) 0- 00
#27835 1" 1# 1- 10
#27836 0! 0$ 0& 1)
#27837 1! 0" 0# 0% 0' 0( 0) 0*
#27838 0! 1# 1% 1' 1( 1) 1*
#27839 1" 0% 0' 0(
#27840 1! 0" 0# 0) 0*
#27841 1" 1# 1$ 1% 1*
#27842 0! 0" 0$ 1' 1(
#27843 0# 0% 0' 0( 0*
#27844 1! 1" 1# 1$ 1% 1*
#27845 0! 0" 0$ 1' 1(
#27846 0# 0% 0' 0( 0*
#27847 1! 1" 1# 1$ 1% 1*
#27848 0! 0" 0$ 1' 1(
#27849 1! 1" 1$ 0% 0' 0( 1)
#27850 1% 1& 1' 1(
#27851 00
#27852 0) 0+ 10
#27853 0! 0" 0# 0$ 0% 0& 0' 0( 1+ 0-
#27854 1! 1" 1# 1$ 1% 1& 1' 1( 1) 1-
#27855 0$ 0% 0& 0' 0( 0) 0* 0-
#27856 0! 0" 0# 1$ 1*
#27857 1! 1" 1# 1% 1& 1' 1( 1) 1-
#27858 0% 0& 0' 0( 0) 0* 0-
#27859 0! 0" 0# 0$ 1% 1*
#27860 1! 1" 1# 1$ 1& 1' 1( 1) 1-
#27861 0$ 0& 0' 0( 0) 0* 0-
#27862 0! 0" 0# 1$ 1*
#27863 1! 1" 1# 1& 1' 1( 1) 1-
#27864 0& 0' 0( 0) 0* 0-
#27865 0! 0" 0# 0$ 0% 1& 1*
#27866 1! 1" 1# 1$ 1% 1' 1( 1) 1-
#27867 0$ 0% 0' 0( 0) 0* 0-
#27868 0! 0" 0# 1$ 1* 00
#27869 1! 1" 1# 1% 1' 1( 1) 1- 10
#27870 0% 0' 0( 0) 0-
#27871 0" 0# 0$ 1%
#27872 1" 1# 1$ 1' 1( 1) 1-
#27873 0$ 0' 0( 0) 0-
#27874 0" 0# 1$
#27875 1" 1# 1' 1( 1) 1-
#27876 0' 0( 0) 0- 00
#27877 0" 0# 0$ 0% 0& 1' 10
#27878 1" 1# 1$ 1% 1& 1( 1-
#27879 0$ 0% 0& 0( 0-
#27880 0" 0# 1$
#27881 1" 1# 1% 1& 1( 1-
#27882 0% 0& 0( 0-
#27883 0" 0# 0$ 1%
#27884 1" 1# 1$ 1& 1( 1) 1-
#27885 0$ 0& 0( 0) 0-
#27886 0" 0# 1$
#27887 1" 1# 1& 1( 1) 1-
#27888 0& 0( 0) 0-
#27889 0! 0" 0# 0$ 0% 1&
#27890 1! 1" 1# 1$ 1% 1( 1) 1-
#27891 0$ 0% 0( 0) 0* 0-
#27892 0! 0" 0# 1$ 1*
#27893 1! 1" 1# 1% 1( 1) 1- 00
#27894 0% 0( 0) 0* 0- 10
#27895 0! 0" 0# 0$ 1% 1*
#27896 1! 1" 1# 1$ 1( 1) 1-
#27897 0$ 0( 0) 0* 0-
#27898 0! 0" 0# 1$ 1*
#27899 1! 1" 1# 1( 1) 1-
#27900 0( 0) 0* 0-
#27901 0! 0" 0# 0$ 0% 0& 0' 1* 1- 00
#27902 1% 0* 10
#27903 0% 1*
#27905 0*
#27906 1%
#27907 1" 1# 1' 1( 1) 1*
#27908 0" 0# 0% 0' 0( 0) 0*
#27909 1%
#27910 1" 1# 1' 1( 1) 1* 00
#27911 0" 0# 0% 0' 0( 0) 0* 10
#27912 1%
#27913 0% 1) 1*
#27914 1! 1" 1# 1$ 1% 1& 1' 1( 0)
#27915 0! 0" 0# 0$ 0% 0& 0' 0( 0*
#27916 1! 1" 1# 1$ 1% 1& 1' 1( 1*
#27917 0! 0" 0# 0$ 0% 0& 0' 0* 0-
#27918 1$ 0( 1- 00
#27919 1" 1# 0$ 1( 1* 0- 10
#27920 0" 0# 1$ 0*
#27921 0$ 1% 0( 1-
#27922 1" 1# 1$ 0% 1( 1* 0-
#27923 0" 0# 0$ 1% 0*
#27924 1$ 0( 1-
#27925 1" 1# 0$ 1( 1* 0-
#27926 0" 0# 1$ 0*
#27927 0$ 0% 1& 0( 1-
#27928 1" 1# 1$ 1% 0& 1( 1* 0-
#27929 0" 0# 0$ 0% 1& 0*
#27930 1$ 0( 1-
#27931 1" 1# 0$ 1( 1* 0-
#27932 0" 0# 1$ 0*
#27933 0$ 1% 0( 1-
#27934 1" 1# 1$ 0% 1( 1* 0-
#27935 0" 0# 0$ 1% 0* 00
#27936 1$ 0( 1- 10
#27937 1" 1# 0$ 1( 1* 0-
#27938 0" 0# 1$ 0*
#27939 0$ 0% 0& 1' 0( 1-
#27940 1" 1# 1$ 1% 1& 0' 1( 1* 0-
#27941 0" 0# 0$ 0% 0& 1' 0*
#27942 1$ 0( 1-
#27943 1" 1# 0$ 1( 1* 0- 00
#27944 0" 0# 1$ 0* 10
#27945 0$ 1% 0( 1-
#27946 1" 1# 1$ 0% 1( 1* 0-
#27947 0" 0# 0$ 1% 0*
#27948 1$ 0( 1-
#27949 1" 1# 0$ 1( 1* 0-
#27950 0" 0# 1$ 0*
#27951 0$ 0% 1& 0( 1-
#27952 1" 1# 1$ 1% 0& 1( 1* 0-
#27953 0" 0# 0$ 0% 1& 0*
#27954 1$ 0( 1-
#27955 1" 1# 0$ 1( 1* 0-
#27956 0" 0# 1$ 0*
#27957 0$ 1% 0( 1-
#27958 1" 1# 1$ 0% 1( 1* 0-
#27959 0" 0# 0$ 1% 0*
#27960 1$ 0( 1- 00
#27961 1" 1# 0$ 1( 1* 0- 10
#27962 0" 0# 1$ 0*
#27963 1! 1" 1# 1* 0+ 1-
#27964 0! 1+ 0-
#27965 0" 0# 0$ 0% 0& 0' 0( 1-
#27966 1! 0*
#27967 0! 1% 1) 1*
#27968 0% 0)
#27969 1$ 1% 1' 1( 1)
#27970 1! 0$ 0% 0' 0( 0)
#27971 0! 1" 0*
#27972 0" 1$ 1% 1' 1( 1) 1*
#27973 1! 0$ 0% 0' 0( 0)
#27974 0! 1" 0*
#27975 0" 1$ 1% 1' 1( 1) 1*
#27976 1! 0$ 0% 0' 0( 0)
#27977 1) 00
#27978 1" 1# 1$ 1% 1& 1' 1( 10
#27979 0! 0$ 0& 0)
#27980 1! 1$ 1& 0+
#27981 0" 0# 0$ 0% 0& 0( 1) 1+
#27982 0! 1" 1# 1% 1(
#27983 0% 0' 0( 0) 0* 0-
#27984 1! 0" 0# 1' 1) 1* 1-
#27985 0! 1" 1# 1% 1( 00
#27986 1$ 0% 0' 0( 0) 0* 0- 10
#27987 1! 0" 0# 0$ 1' 1) 1* 1-
#27988 0! 1" 1# 1% 1(
#27989 0' 0( 0) 0* 0-
#27990 1! 0" 0# 0% 1' 1) 1* 1-
#27991 0! 1" 1# 1% 1(
#27992 1$ 0' 0( 0) 0* 0-
#27993 1! 0" 0# 0$ 0% 1' 1) 1* 1-
#27994 0! 1" 1# 1% 1(
#27995 0% 1& 0' 0( 0) 0* 0-
#27996 1! 0" 0# 0& 1' 1) 1* 1-
#27997 0! 1" 1# 1% 1(
#27998 1$ 0% 1& 0' 0( 0) 0* 0-
#27999 1! 0" 0# 0$ 0& 1' 1) 1* 1-
#28000 0! 1" 1# 1% 1(
#28001 1& 0' 0( 0) 0* 0-
#28002 1! 0" 0# 0% 0& 1' 1) 1* 1- 00
#28003 0! 1" 1# 1% 1( 0) 10
#28004 1$ 1& 0' 0( 0* 0-
#28005 1! 0" 0# 0$ 0% 0& 1' 1) 1* 1-
#28006 0! 1" 1# 1% 1( 0)
#28007 0% 0( 0* 0-
#28008 1! 0" 0# 1) 1* 1-
#28009 0! 1" 1# 1% 1( 0)
#28010 1$ 0% 0( 0* 0- 00
#28011 1! 0" 0# 0$ 1) 1* 1- 10
#28012 0! 1" 1# 1% 1( 0)
#28013 0( 0* 0-
#28014 1! 0" 0# 0% 1) 1* 1-
#28015 0! 1" 1# 1% 1( 0)
#28016 1$ 0( 0* 0-
#28017 1! 0" 0# 0$ 0% 1) 1* 1-
#28018 0! 1" 1# 1% 1(
#28019 0% 1& 0( 0) 0* 0- 00
#28020 1! 0" 0# 0& 1) 1* 1- 10
#28021 0! 1" 1# 1% 1(
#28022 1$ 0% 1& 0( 0) 0* 0-
#28023 1! 0" 0# 0$ 0& 1) 1* 1-
#28024 0! 1" 1# 1% 1(
#28025 1& 0( 0) 0* 0-
#28026 1! 0" 0# 0% 0& 1) 1* 1-
#28027 1" 1# 1$ 1% 1& 1( 00
#28028 0! 0( 0) 0- 10
#28029 0# 0$ 0% 0& 0* 1-
#28030 1$ 1% 1( 1) 1*
#28031 0$ 0' 0( 0)
#28032 0% 0*
#28033 1! 1# 1$ 1% 1& 1' 1( 1*
#28034 0! 0# 0$ 0% 0& 0' 0(
#28035 1! 0" 0*
#28036 1" 1# 1$ 1% 1& 1' 1( 1*
#28037 0! 0# 0$ 0% 0& 0' 0(
#28038 1! 0" 0*
#28039 1" 1# 1$ 1% 1& 1' 1( 1*
#28040 0! 0# 0$ 0% 0& 0' 0(
#28041 1)
#28043 1! 1# 1$ 1% 1& 1' 1(
#28044 0) 0+ 00
#28045 1+ 10
#28046 0# 0$ 0% 0& 0' 0-
#28047 0" 1# 0*
#28048 1" 1$ 1% 1& 1-
#28049 0# 0% 0& 1* 0-
#28050 0" 1# 0*
#28051 1" 1% 1& 1' 1* 1-
#28052 0# 0$ 0& 0' 0- 00
#28053 0" 1# 0* 10
#28054 1" 1$ 1& 1* 0+ 1-
#28055 0# 0& 1+ 0-
#28056 0" 1# 0*
#28057 1" 1& 1' 1* 1-
#28058 0# 0$ 0% 0' 0-
#28059 0" 1# 0*
#28060 1" 1$ 1% 1' 1-
#28061 0# 0% 0' 1* 0-
#28062 0" 1# 0*
#28063 1" 1% 1' 1* 1-
#28064 0# 0$ 0' 0-
#28065 0" 1# 0*
#28066 1" 1$ 1' 1* 0+ 1-
#28067 0# 0' 1+ 0-
#28068 0" 1# 0*
#28069 1" 1' 1* 1- 00
#28070 0# 0$ 0% 0& 0- 10
#28071 0" 1# 0*
#28072 1" 1$ 1% 1& 1-
#28073 0# 0% 0& 1* 0-
#28074 0" 1# 0*
#28075 1" 1% 1& 1* 1-
#28076 0# 0$ 0& 0-
#28077 0" 1# 0*
#28078 1" 1$ 1& 1* 0+ 1-
#28079 0# 0& 1+ 0-
#28080 0" 1# 0*
#28081 1" 1& 1* 1-
#28082 0# 0$ 0% 0-
#28083 0" 1# 0*
#28084 1" 1$ 1% 1-
#28085 0# 0% 1* 0-
#28086 0" 1# 0* 00
#28087 1" 1% 1* 1- 10
#28088 0# 0$ 0-
#28089 0" 1# 0*
#28090 1" 1$ 1* 0+ 1-
#28091 0# 1+ 0-
#28092 0" 1# 0*
#28093 0# 0$ 0% 0& 0( 1* 1-
#28094 1" 1# 1$ 1% 1& 1( 00
#28095 0# 0$ 0% 0& 0' 0( 0* 10
#28096 0" 1*
#28097 1" 1# 1$ 1% 1& 1' 1(
#28098 0! 0" 0# 0$ 0% 0& 0' 1)
#28099 0( 0)
#28100 1! 1" 1# 1$ 1% 1& 1' 1( 1)
#28101 0! 0" 0# 0$ 0% 0& 0' 0(
#28102 0)
#28103 1! 1" 1# 1$ 1% 1& 1' 1( 1)
#28104 0! 0" 0# 0$ 0% 0& 0' 0(
#28105 1! 1"
#28107 1# 1$ 1% 1& 1' 1(
#28108 0)
#28109 1)
#28110 0# 0$ 0% 0& 0' 0( 0) 0* 0-
#28111 0! 0" 1# 1* 00
#28112 1" 1' 1( 1) 1- 10
#28113 1! 0# 1$ 0' 0( 0) 0* 0-
#28114 0! 0" 1# 1*
#28115 1! 1" 1% 1& 1' 1( 1) 1-
#28116 0# 0$ 0& 0' 0( 0) 0* 0-
#28117 0! 0" 1#
#28118 1! 1" 0% 1' 1( 1) 1* 1-
#28119 0# 1$ 1% 0' 0( 0) 0* 0- 00
#28120 0! 0" 1# 10
#28121 1! 1" 1& 1' 1( 1) 1* 1-
#28122 0# 0$ 0% 0' 0( 0) 0* 0-
#28123 0! 0" 1#
#28124 0# 1$ 0& 1' 1( 1) 1* 1-
#28125 1! 1" 1& 0' 0( 0) 0* 0-
#28126 0! 0" 1# 1*
#28127 1! 1" 1% 1' 1( 1) 1-
#28128 0# 0$ 0' 0( 0) 0* 0- 00
#28129 0! 0" 1# 1* 10
#28130 1! 0# 1$ 0% 0& 1' 1( 1) 1-
#28131 1" 1% 1& 0' 0( 0) 0* 0-
#28132 0! 0" 1# 1*
#28133 1! 1" 1' 1( 1) 1-
#28134 0# 0$ 0% 0& 0( 0) 0* 0-
#28135 0! 0" 1# 1*
#28136 1" 0# 1$ 1( 1) 1- 00
#28137 1! 0( 0) 0* 0- 10
#28138 0! 0" 1# 1*
#28139 1! 1" 1% 1& 1( 1) 1-
#28140 0# 0$ 0& 0( 0) 0* 0-
#28141 0! 0" 1# 1*
#28142 1! 1" 0# 1$ 0% 1( 1) 1-
#28143 1% 0( 0) 0* 0-
#28144 0! 0" 1# 1*
#28145 1! 1" 1& 1( 1) 1-
#28146 0# 0$ 0% 0( 0) 0* 0-
#28147 0! 0" 1# 1*
#28148 1$ 0& 1( 1) 1-
#28149 1! 1" 0# 1& 0( 0) 0* 0-
#28150 0! 0" 1# 1*
#28151 1! 1" 1% 1( 1) 1-
#28152 0# 0$ 0( 0) 0* 0-
#28153 0! 0" 1# 00
#28154 1! 1$ 0% 0& 1( 1) 1* 1- 10
#28155 1" 0# 1% 1& 0( 0) 0* 0-
#28156 0! 0" 1#
#28157 0# 0$ 0% 0& 1* 1-
#28158 1! 1" 1# 1$ 1% 1& 1( 1)
#28159 0! 0" 0# 0&
#28160 0$ 0% 0' 0( 0)
#28161 1" 1) 00
#28162 0" 1# 0) 10
#28163 1" 1% 1' 1(
#28164 0# 0% 0' 0(
#28165 0" 1#
#28166 1" 1% 1' 1(
#28167 0# 0% 0' 0(
#28168 0" 1#
#28169 1)
#28171 1! 1" 1$ 1% 1& 1' 1( 0)
#28173 0! 0" 0$ 0% 0& 0' 0( 0*
#28174 1" 0# 1( 0-
#28175 0" 0( 1*
#28176 1# 1$ 0* 1-
#28177 1" 0# 1( 0-
#28178 0" 0$ 1* 00
#28179 1# 1% 0( 0* 1- 10
#28180 1" 0# 1( 1* 0-
#28181 0" 0%
#28182 1# 1$ 1% 0( 0* 1-
#28183 1" 0# 1( 1* 0-
#28184 0" 0$ 0%
#28185 1# 1& 0( 0* 1-
#28186 1" 0# 1( 1* 0-
#28187 0" 0& 0(
#28188 1# 1$ 1& 0* 1-
#28189 1" 0# 1( 0-
#28190 0" 0$ 0& 0( 1*
#28191 1# 1% 1& 0* 1-
#28192 1" 0# 1( 0-
#28193 0% 0& 1' 0( 1*
#28194 0" 1# 1$ 1% 1& 0' 0* 1-
#28195 1" 0# 1( 0- 00
#28196 0$ 0% 0& 1' 0( 1* 10
#28197 0" 1# 0* 1-
#28198 1" 0# 1( 0-
#28199 0( 1*
#28200 0" 1# 1$ 0* 1-
#28201 1" 0# 1( 0-
#28202 0$ 0( 1*
#28203 0" 1# 1% 0* 1- 00
#28204 1" 0# 1( 0- 10
#28205 0% 0( 1*
#28206 0" 1# 1$ 1% 0* 1-
#28207 1" 0# 1( 0-
#28208 0$ 0% 0( 1*
#28209 0" 1# 1& 0* 1-
#28210 1" 0# 1( 0-
#28211 0& 0( 1*
#28212 0" 1# 1$ 1& 0* 1-
#28213 1" 0# 1( 0-
#28214 0$ 0& 0( 1*
#28215 0" 1# 1% 1& 0* 1-
#28216 1" 0# 1( 0-
#28217 0% 0& 0( 1*
#28218 0" 1# 1$ 1% 1& 0* 1-
#28219 1" 0# 1( 0-
#28220 0$ 0% 0& 0( 1* 00
#28221 0" 0* 1- 10
#28222 1" 0'
#28223 1! 0" 1#
#28224 0! 0#
#28225 1"
#28226 0" 1# 1% 1' 1( 1) 1*
#28227 1! 0% 0' 0(
#28228 0# 0) 0* 00
#28229 0! 1# 1% 1( 1) 1* 10
#28230 1! 0% 0( 0)
#28231 0# 0*
#28232 0! 1# 1% 1) 1*
#28233 1! 0% 0)
#28234 1)
#28235 1" 1$ 1% 1& 1' 1( 0)
#28237 0! 0$ 0& 1) 00
#28238 1! 0" 0# 0% 0' 0( 0) 0- 10
#28239 1" 1# 1$ 1% 1& 1' 1( 1-
#28240 0! 0$ 0& 1)
#28241 1! 0" 0# 1$ 0% 0' 0( 0) 0-
#28242 1" 1# 1% 1& 1' 1( 1-
#28243 0! 0$ 0& 1)
#28244 1! 0" 0# 0' 0( 0) 0-
#28245 1" 1# 1$ 1& 1' 1( 1- 00
#28246 0! 0$ 0& 1) 10
#28247 1! 0" 0# 1$ 0' 0( 0) 0-
#28248 1" 1# 1& 1' 1( 1-
#28249 0! 0$ 0& 1)
#28250 1! 0" 0# 0% 1& 0' 0( 0) 0-
#28251 1" 1# 1$ 1% 1' 1( 1-
#28252 0! 0$ 0& 1)
#28253 1! 0" 0# 1$ 0% 1& 0' 0( 0) 0-
#28254 1" 1# 1% 1' 1( 1-
#28255 0! 0$ 0& 1)
#28256 1! 0" 0# 1& 0' 0( 0) 0-
#28257 1" 1# 1$ 1' 1( 1-
#28258 0! 0$ 0& 1)
#28259 1! 0" 0# 1$ 1& 0' 0( 0) 0-
#28260 1" 1# 1' 1( 1-
#28261 0! 0$ 0& 1)
#28262 1! 0" 0# 0% 0( 0) 0- 00
#28263 1" 1# 1$ 1% 1& 1( 1- 10
#28264 0! 0$ 0& 1)
#28265 1! 0" 0# 1$ 0% 0( 0) 0-
#28266 1" 1# 1% 1& 1( 1-
#28267 0! 0$ 0& 1)
#28268 1! 0" 0# 0( 0) 0-
#28269 1" 1# 1$ 1& 1( 1-
#28270 0! 0$ 0& 1) 00
#28271 1! 0" 0# 1$ 0( 0) 0- 10
#28272 1" 1# 1& 1( 1-
#28273 0! 0$ 0& 1)
#28274 1! 0" 0# 0% 1& 0( 0) 0-
#28275 1" 1# 1$ 1% 1( 1-
#28276 0! 0$ 0& 1)
#28277 1! 0" 0# 1$ 0% 1& 0( 0) 0-
#28278 1" 1# 1% 1( 1-
#28279 0! 0$ 0& 1)
#28280 1! 0" 0# 1& 0( 0) 0-
#28281 1" 1# 1$ 1( 1-
#28282 0! 0$ 0& 1)
#28283 1! 0" 0# 1$ 1& 0( 0) 0-
#28284 1" 1# 1( 1-
#28285 0! 0$ 0& 1)
#28286 1! 0" 0# 0% 0' 0( 0) 0*
#28287 1# 1% 1' 1( 1) 1* 00
#28288 0! 1" 0% 10
#28289 1! 0" 0# 0' 0( 0) 0*
#28290 0! 1" 1# 1% 1*
#28291 0" 1' 1(
#28292 0# 0% 0' 0( 0*
#28293 1" 1# 1% 1*
#28294 0" 1' 1(
#28295 0# 0% 0' 0( 0*
#28296 1" 1# 1% 1*
#28297 0" 1' 1(
#28298 1" 0% 0' 0( 1)
#28299 1! 1$ 1% 1& 1' 1(
#28300 0)
#28302 0" 0# 0$ 0% 0& 0' 0* 0-
#28303 1" 1# 1$ 1% 1& 1' 1* 1-
#28304 0$ 0% 0& 0' 0- 00
#28305 0" 0# 1$ 0* 10
#28306 1" 1# 1% 1& 1' 1* 1-
#28307 0% 0& 0' 0-
#28308 0" 0# 0$ 1% 0*
#28309 1" 1# 1$ 1& 1' 1* 1-
#28310 0$ 0& 0' 0-
#28311 0" 0# 1$ 0*
#28312 1" 1# 1& 1' 1* 1- 00
#28313 0& 0' 0- 10
#28314 0" 0# 0$ 0% 1& 0*
#28315 1" 1# 1$ 1% 1' 1* 1-
#28316 0$ 0% 0' 0-
#28317 0" 0# 1$ 0*
#28318 1" 1# 1% 1' 1* 1-
#28319 0% 0' 0-
#28320 0" 0# 0$ 1% 0*
#28321 1" 1# 1$ 1' 1* 1-
#28322 0$ 0' 0-
#28323 0" 0# 1$
#28324 1" 1# 1' 1-
#28325 0' 0-
#28326 0" 0# 0$ 0% 0& 1'
#28327 1" 1# 1$ 1% 1& 1-
#28328 0$ 0% 0& 0-
#28329 0" 0# 1$ 00
#28330 1" 1# 1% 1& 1- 10
#28331 0% 0& 0-
#28332 0" 0# 0$ 1%
#28333 1" 1# 1$ 1& 1-
#28334 0$ 0& 0-
#28335 0" 0# 1$
#28336 1" 1# 1& 1-
#28337 0& 0- 00
#28338 0" 0# 0$ 0% 1& 10
#28339 1" 1# 1$ 1% 1-
#28340 0$ 0% 0-
#28341 0" 0# 1$
#28342 1" 1# 1% 1-
#28343 0% 0-
#28344 0" 0# 0$ 1%
#28345 1" 1# 1$ 1-
#28346 0$ 0- 00
#28347 0" 0# 1$ 10
#28348 1" 1# 1-
#28349 0-
#28350 0! 0" 0# 0$ 0% 0& 0' 0( 1-
#28351 1! 1" 1# 1% 0*
#28352 0%
#28353 0! 0" 0# 1*
#28354 1! 1" 1# 0* 00
#28355 1% 1) 1* 10
#28356 0! 1' 1( 0)
#28357 1! 0% 0' 0( 0*
#28358 1% 1) 1*
#28359 0! 1' 1( 0)
#28360 1! 0% 0' 0( 0*
#28361 1% 1*
#28362 0% 1)
#28363 1$ 1% 1& 1' 1( 0)
#28364 0! 0" 0# 0$ 0% 0& 0' 0(
#28365 1! 1" 1# 1$ 1% 1& 1' 1(
#28366 0! 0" 0# 0$ 0% 0& 0' 0( 0* 0-
#28367 1$ 1* 1-
#28368 1! 1" 1# 0$ 0-
#28369 0! 0" 0# 1$ 0*
#28370 0$ 1% 1* 1-
#28371 1! 1" 1# 1$ 0% 0- 00
#28372 0! 0" 0# 0$ 1% 0* 10
#28373 1$ 1* 1-
#28374 1! 1" 1# 0$ 0-
#28375 0! 0" 0# 1$ 0*
#28376 0$ 0% 1& 1* 1-
#28377 1! 1" 1# 1$ 1% 0& 0-
#28378 0! 0" 0# 0$ 0% 1& 0*
#28379 1$ 1* 1- 00
#28380 1! 1" 1# 0$ 0- 10
#28381 0! 0" 0# 1$ 0*
#28382 0$ 1% 1* 1-
#28383 1! 1" 1# 1$ 0% 0-
#28384 0! 0" 0# 0$ 1% 0*
#28385 1$ 1* 1-
#28386 1! 1" 1# 0$ 0-
#28387 0! 0" 0# 1$ 0*
#28388 0$ 0% 0& 1' 1* 1-
#28389 1! 1" 1# 1$ 1% 1& 0' 0-
#28390 0! 0" 0# 0$ 0% 0& 1' 0*
#28391 1$ 1* 1-
#28392 1! 1" 1# 0$ 0-
#28393 0! 0" 0# 1$ 0*
#28394 0$ 1% 1* 1-
#28395 1! 1" 1# 1$ 0% 0-
#28396 0! 0" 0# 0$ 1% 0* 00
#28397 1$ 1* 1- 10
#28398 1! 1" 1# 0$ 0-
#28399 0! 0" 0# 1$ 0*
#28400 0$ 0% 1& 1* 1-
#28401 1! 1" 1# 1$ 1% 0& 0-
#28402 0! 0" 0# 0$ 0% 1& 0*
#28403 1$ 1* 1-
#28404 1! 1" 1# 0$ 0-
#28405 0! 0" 0# 1$ 0*
#28406 0$ 1% 1* 1-
#28407 1! 1" 1# 1$ 0% 0-
#28408 0! 0" 0# 0$ 1% 0*
#28409 1$ 1* 1-
#28410 1! 1" 1# 0$ 0-
#28411 0! 0" 0# 1$ 0*
#28412 1! 1" 1# 1( 1* 0+ 1-
#28413 0! 0( 1+ 0- 00
#28414 0" 0# 0$ 0% 0& 0' 1- 10
#28415 1$ 0*
#28416 1# 0$ 1% 1' 1( 1) 1*
#28417 0# 0% 0' 0( 0)
#28418 1$ 1% 1' 1(
#28419 0% 0' 0(
#28420 1" 0$ 0*
#28421 0" 1$ 1% 1' 1( 1) 1* 00
#28422 0% 0' 0( 0) 10
#28423 1" 0$ 0*
#28424 0" 1$ 1% 1' 1( 1) 1*
#28425 0% 0' 0( 0)
#28426 1)
#28427 1! 1" 1# 1% 1& 1' 1(
#28428 0! 0$ 0& 0( 0)
#28429 1! 1$ 1& 1( 0+
#28430 0! 0" 0$ 0% 0& 0( 1) 1+
#28431 0# 0' 0)
#28432 1" 1# 1( 0* 0-
#28433 0" 1' 0( 1) 1* 1-
#28434 0# 1% 0' 0)
#28435 1" 1# 1$ 0% 1( 0* 0-
#28436 0" 0$ 1' 0( 1) 1* 1-
#28437 0# 1$ 1% 0' 0)
#28438 1" 1# 0$ 1( 0* 0- 00
#28439 0" 0% 1' 0( 1) 1* 1- 10
#28440 0# 1& 0' 0)
#28441 1" 1# 1$ 1% 0& 1( 0* 0-
#28442 0" 0$ 0% 1' 0( 1) 1* 1-
#28443 0# 1$ 1& 0' 0)
#28444 1" 1# 0$ 1( 0* 0-
#28445 0" 0& 1' 0( 1) 1* 1-
#28446 0# 1% 1& 0' 0) 00
#28447 1" 1# 1$ 0% 1( 0* 0- 10
#28448 0" 0$ 0& 1' 0( 1) 1* 1-
#28449 0# 1% 0' 0)
#28450 1" 1# 1& 1( 0* 0-
#28451 0" 0% 0& 1' 0( 1) 1* 1-
#28452 1" 0# 1% 1( 0)
#28453 1# 1$ 1& 0' 0* 0-
#28454 0" 0$ 0% 0& 1' 0( 1) 1* 1-
#28455 1" 1% 1( 0) 00
#28456 0% 0* 0- 10
#28457 0" 0( 1) 1* 1-
#28458 1" 1% 1( 0)
#28459 1$ 0% 0* 0-
#28460 0" 0$ 0( 1) 1* 1-
#28461 1" 1% 1( 0)
#28462 0* 0-
#28463 0" 0% 0( 1) 1* 1- 00
#28464 1" 1% 1( 0) 10
#28465 1$ 0* 0-
#28466 0" 0$ 0% 0( 1) 1* 1-
#28467 1" 1% 1( 0)
#28468 0% 1& 0* 0-
#28469 0" 0& 0( 1) 1* 1-
#28470 1" 1% 1( 0)
#28471 1$ 0% 1& 0* 0-
#28472 0" 0$ 0& 0( 1) 1* 1-
#28473 1" 1% 1( 0)
#28474 1& 0* 0-
#28475 0" 0% 0& 0( 1) 1* 1-
#28476 1! 1" 1$ 1% 1& 1( 0)
#28477 0! 0* 0-
#28478 0# 0$ 0% 0& 0( 1) 1-
#28479 1$ 1% 1( 0) 1*
#28480 1! 0" 0' 0( 0* 00
#28481 0! 1" 0$ 0% 1) 10
#28482 1! 1# 1$ 1% 1& 1' 1( 0) 1*
#28483 0" 0# 0% 0& 0' 0( 0*
#28484 0$
#28485 1" 1# 1$ 1% 1& 1' 1( 1*
#28486 0" 0# 0% 0& 0' 0( 0*
#28487 0$
#28488 1" 1# 1$ 1% 1& 1' 1( 1* 00
#28489 0" 0# 0% 0& 0' 0( 0* 10
#28490 1) 1*
#28492 1" 1# 1% 1& 1' 1(
#28493 0) 0+
#28494 1+
#28495 0# 0$ 0% 0& 0' 0( 0-
#28496 0" 1# 0*
#28497 1" 1$ 1% 1& 1' 1( 1-
#28498 0# 0% 0& 0' 0( 1* 0-
#28499 0" 1# 0*
#28500 1" 1% 1& 1' 1( 1* 1-
#28501 0# 0$ 0& 0' 0( 0-
#28502 0" 1# 0*
#28503 1" 1$ 1& 1' 1( 1* 0+ 1-
#28504 0# 0& 0' 0( 1+ 0-
#28505 0" 1# 0* 00
#28506 1" 1& 1' 1( 1* 1- 10
#28507 0# 0$ 0% 0' 0( 0-
#28508 0" 1# 0*
#28509 1" 1$ 1% 1' 1( 1-
#28510 0# 0% 0' 0( 1* 0-
#28511 0" 1# 0*
#28512 1" 1% 1' 1( 1* 1-
#28513 0# 0$ 0' 0( 0-
#28514 0" 1# 0*
#28515 1" 1$ 1' 1( 1* 0+ 1-
#28516 0# 0' 0( 1+ 0-
#28517 0" 1# 0*
#28518 1" 1' 1( 1* 1-
#28519 0# 0$ 0% 0& 0( 0-
#28520 0" 1# 0*
#28521 1" 1$ 1% 1& 1( 1-
#28522 0# 0% 0& 0( 1* 0- 00
#28523 0" 1# 0* 10
#28524 1" 1% 1& 1( 1* 1-
#28525 0# 0$ 0& 0( 0-
#28526 0" 1# 0*
#28527 1" 1$ 1& 1( 1* 0+ 1-
#28528 0# 0& 0( 1+ 0-
#28529 0" 1# 0*
#28530 1" 1& 1( 1* 1- 00
#28531 0# 0$ 0% 0( 0- 10
#28532 0" 1# 0*
#28533 1" 1$ 1% 1( 1-
#28534 0# 0% 0( 1* 0-
#28535 0" 1# 0*
#28536 1" 1% 1( 1* 1-
#28537 0# 0$ 0( 0-
#28538 0" 1# 0*
#28539 1" 1$ 1( 1* 0+ 1-
#28540 0# 0( 1+ 0-
#28541 0" 1# 0*
#28542 0# 0$ 0% 0& 1* 1-
#28543 1" 1# 1$ 1% 1& 1(
#28544 0! 0# 0% 0& 0' 0( 0*
#28545 1! 0" 0$ 1*
#28546 1" 1# 1$ 1% 1& 1' 1(
#28547 0! 0" 0# 0& 1) 00
#28548 0$ 0% 0' 0( 0) 10
#28549 1! 1" 1# 1$ 1% 1& 1' 1( 1)
#28550 0! 0" 0# 0&
#28551 0$ 0% 0' 0( 0)
#28552 1! 1" 1# 1$ 1% 1& 1' 1( 1)
#28553 0! 0" 0# 0&
#28554 1" 0% 0' 0(
#28555 00
#28556 1! 1# 1% 1& 1' 1( 10
#28557 0)
#28558 1)
#28559 0# 0$ 0% 0& 0' 0) 0* 0-
#28560 0! 0" 1# 1*
#28561 1" 1$ 1% 1& 1' 1) 1-
#28562 1! 0# 0% 0& 0' 0) 0* 0-
#28563 0! 0" 1# 1*
#28564 1! 1" 1% 1& 1' 1) 1- 00
#28565 0# 0$ 0& 0' 0) 0* 0- 10
#28566 0! 0" 1# 1*
#28567 1! 1" 1$ 1& 1' 1) 1-
#28568 0# 0& 0' 0) 0* 0-
#28569 0! 0" 1# 1*
#28570 1! 1" 1& 1' 1) 1-
#28571 0# 0$ 0% 0' 0) 0* 0-
#28572 0! 0" 1# 1* 00
#28573 0# 0& 0( 1) 1- 10
#28574 1! 1" 1$ 1& 1( 0) 0* 0-
#28575 0! 0" 1# 1*
#28576 1! 1" 1% 1' 1) 1-
#28577 0# 0$ 0' 0) 0* 0-
#28578 0! 0" 1# 1*
#28579 1! 0# 0% 0& 0( 1) 1-
#28580 1" 1$ 1% 1& 1( 0) 0* 0-
#28581 0! 0" 1# 1*
#28582 1! 1" 1' 1) 1-
#28583 0# 0$ 0% 0& 0) 0* 0-
#28584 0! 0" 1# 1*
#28585 1" 0# 0' 0( 1) 1-
#28586 1! 1$ 1' 1( 0) 0* 0-
#28587 0! 0" 1# 1*
#28588 1! 1" 1% 1& 1) 1-
#28589 0# 0$ 0& 0) 0* 0- 00
#28590 0! 0" 1# 1* 10
#28591 1! 1" 0# 0% 0' 0( 1) 1-
#28592 1$ 1% 1' 1( 0) 0* 0-
#28593 0! 0" 1# 1*
#28594 1! 1" 1& 1) 1-
#28595 0# 0$ 0% 0) 0* 0-
#28596 0! 0" 1# 1*
#28597 0& 0' 0( 1) 1- 00
#28598 1! 1" 0# 1$ 1& 1' 1( 0) 0* 0- 10
#28599 0! 0" 1# 1*
#28600 1! 1" 1% 1) 1-
#28601 0# 0$ 0) 0* 0-
#28602 0! 0" 1# 1*
#28603 1! 0% 0& 0' 0( 1) 1-
#28604 1" 0# 1$ 1% 1& 1' 1( 0) 0* 0-
#28605 0! 0" 1# 1*
#28606 1! 0# 0$ 0% 0& 0( 0* 1-
#28607 1" 1# 1$ 1% 1& 1( 1*
#28608 0! 0" 0# 0& 1)
#28609 1! 0$ 0% 0' 0( 0) 0*
#28610 1" 1# 1$ 1% 1& 1' 1( 1) 1*
#28611 0# 0% 0& 0' 0( 0) 0*
#28612 0! 0" 0$
#28613 1"
#28614 1! 1$ 00
#28615 0! 0" 0$ 10
#28616 1"
#28617 1! 1$
#28618 1) 1*
#28620 1# 1% 1& 1' 1(
#28621 0)
#28622 0! 0" 0$ 0% 0& 0' 0( 0*
#28623 1" 0# 1* 0-
#28624 0" 1#
#28625 1$ 0* 1-
#28626 1" 0# 1* 0-
#28627 0" 1#
#28628 0$ 1% 0* 1-
#28629 1" 0# 1* 0-
#28630 0" 1#
#28631 1$ 0* 1- 00
#28632 1" 0# 1* 0- 10
#28633 0" 1#
#28634 0$ 0% 1& 0* 1-
#28635 1" 0# 1* 0-
#28636 0" 1#
#28637 1$ 0* 1-
#28638 1" 0# 1* 0-
#28639 0" 1# 00
#28640 0$ 1% 0* 1- 10
#28641 1" 0# 1* 0-
#28642 0" 1#
#28643 1$ 0* 1-
#28644 1" 0# 1* 0-
#28645 0" 1#
#28646 0$ 0% 0& 1' 0* 1-
#28647 1" 0# 1* 0-
#28648 0" 1#
#28649 1$ 0* 1-
#28650 1" 0# 1* 0-
#28651 0" 1#
#28652 0$ 1% 0* 1-
#28653 1" 0# 1* 0-
#28654 0" 1#
#28655 1$ 0* 1-
#28656 1" 0# 1* 0- 00
#28657 0" 1# 10
#28658 0$ 0% 1& 0* 1-
#28659 1" 0# 1* 0-
#28660 0" 1#
#28661 1$ 0* 1-
#28662 1" 0# 1* 0-
#28663 0" 1#
#28664 0$ 1% 0* 1- 00
#28665 1" 0# 1* 0- 10
#28666 0" 1#
#28667 1$ 0* 1-
#28668 1" 0# 1* 0-
#28669 0" 1#
#28670 0# 0$ 0% 0& 0* 1-
#28671 1" 0'
#28672 0" 1# 1$
#28673 0# 0$ 00
#28674 1" 10
#28675 0" 1# 1% 1' 1( 1) 1*
#28676 1$ 0% 0' 0(
#28677 1! 0# 0$ 0) 0*
#28678 0! 1# 1% 1' 1( 1) 1*
#28679 1$ 0% 0' 0(
#28680 1! 0# 0$ 0) 0*
#28681 0! 1# 1% 1' 1( 1) 1* 00
#28682 1$ 0% 0' 0( 10
#28684 1! 1" 1% 1& 1' 1( 0)
#28685 1)
#28686 0! 0$ 0&
#28687 0" 0# 0% 0' 0) 0-
#28688 1! 1" 1# 1$ 1% 1& 1' 1) 1-
#28689 0! 0$ 0&
#28690 0" 0# 1$ 0% 0' 0) 0-
#28691 1! 1" 1# 1% 1& 1' 1) 1-
#28692 0! 0$ 0&
#28693 0# 0' 0) 0-
#28694 1! 1# 1$ 1& 1' 1) 1-
#28695 0! 0$ 0&
#28696 0# 1$ 0' 0) 0-
#28697 1! 1# 1& 1' 1) 1-
#28698 0! 0$ 0& 00
#28699 0# 0% 1& 0' 0) 0- 10
#28700 1! 1# 1$ 1% 1' 1) 1-
#28701 0! 0$ 0&
#28702 0# 1$ 0% 1& 0' 0) 0-
#28703 1! 1# 1% 1' 1) 1-
#28704 0! 0$ 0&
#28705 0# 1& 0' 0) 0-
#28706 1! 1# 1$ 1' 1) 1- 00
#28707 0! 0$ 0& 10
#28708 0# 1$ 1& 0' 0) 0-
#28709 1! 1# 1' 1) 1-
#28710 0! 0$ 0&
#28711 0" 0# 0% 0) 0-
#28712 1! 1" 1# 1$ 1% 1& 1) 1-
#28713 0! 0$ 0&
#28714 0" 0# 1$ 0% 0) 0-
#28715 1! 1" 1# 1% 1& 1) 1-
#28716 0! 0$ 0&
#28717 1! 0" 0# 0) 0-
#28718 1" 1# 1$ 1& 1-
#28719 0! 0$ 0& 1)
#28720 1! 0" 0# 1$ 0) 0-
#28721 1" 1# 1& 1-
#28722 0! 0$ 0& 1)
#28723 1! 0" 0# 0% 1& 0) 0- 00
#28724 1" 1# 1$ 1% 1- 10
#28725 0! 0$ 0& 1)
#28726 1! 0" 0# 1$ 0% 1& 0) 0-
#28727 1" 1# 1% 1-
#28728 0! 0$ 0& 1)
#28729 1! 0" 0# 1& 0) 0-
#28730 1" 1# 1$ 1-
#28731 0! 0$ 0& 1)
#28732 1! 0" 0# 1$ 1& 0) 0-
#28733 1" 1# 1) 1-
#28734 0! 0$ 0&
#28735 1! 0" 0# 0% 0' 0( 0)
#28736 1# 1% 1' 1( 1)
#28737 0! 1"
#28738 1! 0" 0# 0% 0' 0( 0)
#28739 1# 1$ 1% 0*
#28740 0% 00
#28741 0! 0# 0$ 1* 10
#28742 1! 1# 1$ 1% 0*
#28743 0%
#28744 0! 0# 0$ 1*
#28745 1! 1# 1$ 1% 0*
#28746 0%
#28747 1) 1*
#28748 1" 1% 1& 1' 1( 00
#28749 0) 10
#28751 0" 0# 0$ 0% 0& 0' 0( 0* 0-
#28752 1" 1# 1$ 1% 1& 1' 1( 1* 1-
#28753 0$ 0% 0& 0' 0( 0-
#28754 0" 0# 1$ 0*
#28755 1" 1# 1% 1& 1' 1( 1* 1-
#28756 0% 0& 0' 0( 0-
#28757 0" 0# 0$ 1% 0*
#28758 1" 1# 1$ 1& 1' 1( 1* 1-
#28759 0$ 0& 0' 0( 0-
#28760 0" 0# 1$ 0*
#28761 1" 1# 1& 1' 1( 1* 1-
#28762 0& 0' 0( 0-
#28763 0" 0# 0$ 0% 1& 0*
#28764 1" 1# 1$ 1% 1' 1( 1* 1-
#28765 0$ 0% 0' 0( 0- 00
#28766 0" 0# 1$ 0* 10
#28767 1" 1# 1% 1' 1( 1* 1-
#28768 0% 0' 0( 0-
#28769 0" 0# 0$ 1% 0*
#28770 1" 1# 1$ 1' 1( 1* 1-
#28771 0$ 0' 0( 0-
#28772 0" 0# 1$ 0*
#28773 1" 1# 1' 1( 1* 1- 00
#28774 0' 0( 0- 10
#28775 0" 0# 0$ 0% 0& 1' 0*
#28776 1" 1# 1$ 1% 1& 1( 1* 1-
#28777 0$ 0% 0& 0( 0-
#28778 0" 0# 1$ 0*
#28779 1" 1# 1% 1& 1( 1* 1-
#28780 0% 0& 0( 0-
#28781 0" 0# 0$ 1% 0*
#28782 1" 1# 1$ 1& 1( 1* 1- 00
#28783 0$ 0& 0( 0- 10
#28784 0" 0# 1$ 0*
#28785 1" 1# 1& 1( 1* 1-
#28786 0& 0( 0-
#28787 0" 0# 0$ 0% 1& 0*
#28788 1" 1# 1$ 1% 1( 1* 1-
#28789 0$ 0% 0( 0-
#28790 0" 0# 1$ 0* 00
#28791 1" 1# 1% 1( 1* 1- 10
#28792 0% 0( 0-
#28793 0" 0# 0$ 1% 0*
#28794 1" 1# 1$ 1( 1* 1-
#28795 0$ 0( 0-
#28796 0" 0# 1$ 0*
#28797 1" 1# 1( 1* 1-
#28798 0( 0-
#28799 0! 0" 0# 0$ 0% 0& 0' 1-
#28800 1" 1# 1$ 1% 0*
#28801 0%
#28802 0" 0# 0$ 1*
#28803 1" 1# 1$ 0*
#28804 1% 1) 1*
#28805 0$ 1' 1( 0)
#28806 1$ 0% 0' 0( 0*
#28807 1% 1) 1* 00
#28808 0$ 1' 1( 0) 10
#28809 1$ 0% 0' 0( 0*
#28810 1% 1) 1*
#28811 0%
#28812 1! 1% 1& 1' 1( 0)
#28813 0! 0" 0# 0$ 0% 0& 0' 0( 1)
#28814 1! 1" 1# 1$ 1% 1& 1' 1( 0) 0+
#28815 0! 0" 0# 0$ 0% 0& 0' 0* 1+ 0- 00
#28816 1$ 0( 1) 1* 1- 10
#28817 1! 1" 1# 0$ 1( 0) 0* 0-
#28818 0! 0" 0# 1$
#28819 0$ 1% 0( 1) 1* 1-
#28820 1! 1" 1# 1$ 0% 1( 0) 0* 0-
#28821 0! 0" 0# 0$ 1%
#28822 1$ 0( 1) 1* 1-
#28823 1! 1" 1# 0$ 1( 0) 0* 0-
#28824 0! 0" 0# 1$ 00
#28825 0$ 0% 1& 0( 1) 1* 1- 10
#28826 1! 1" 1# 1$ 1% 0& 1( 0) 0* 0-
#28827 0! 0" 0# 0$ 0% 1&
#28828 1$ 0( 1) 1* 1-
#28829 1! 1" 1# 0$ 1( 0) 0* 0-
#28830 0! 0" 0# 1$
#28831 0$ 1% 0( 1) 1* 1-
#28832 1! 1" 1# 1$ 0% 1( 0) 0* 0- 00
#28833 0! 0" 0# 0$ 1% 10
#28834 1$ 0( 1) 1* 1-
#28835 1! 1" 1# 0$ 1( 0) 0* 0-
#28836 0! 0" 0# 1$
#28837 0$ 0% 0& 1' 0( 1) 1* 1-
#28838 1! 1" 1# 1$ 1% 1& 0' 1( 0) 0* 0-
#28839 0! 0" 0# 0$ 0% 0& 1'
#28840 1$ 0( 1) 1* 1-
#28841 1! 1" 1# 0$ 1( 0) 0* 0-
#28842 0! 0" 0# 1$
#28843 0$ 1% 0( 1) 1* 1-
#28844 1! 1" 1# 1$ 0% 1( 0) 0* 0-
#28845 0! 0" 0# 0$ 1%
#28846 1$ 0( 1) 1* 1-
#28847 1! 1" 1# 0$ 1( 0) 0-
#28848 0! 0" 0# 1$ 0*
#28849 0$ 0% 1& 0( 1* 1- 00
#28850 1! 1" 1# 1$ 1% 0& 1( 0- 10
#28851 0! 0" 0# 0$ 0% 1& 0*
#28852 1$ 0( 1* 1-
#28853 1! 1" 1# 0$ 1( 0-
#28854 0! 0" 0# 1$ 0*
#28855 0$ 1% 0( 1* 1-
#28856 1! 1" 1# 1$ 0% 1( 0-
#28857 0! 0" 0# 0$ 1% 0* 00
#28858 1$ 0( 1* 1- 10
#28859 1! 1" 1# 0$ 1( 0-
#28860 0! 0" 0# 1$ 0*
#28861 1! 1" 1# 1) 1* 1-
#28862 0) 0* 0-
#28863 0! 0" 0# 0$ 0% 0& 0' 0( 1-
#28864 1! 1" 1# 1$ 1*
#28865 0! 0" 0$ 1% 1' 1( 1)
#28866 0# 0% 0' 0( 0) 0*
#28867 1$ 1% 1' 1( 1*
#28868 1! 1" 1# 0' 0( 0*
#28869 0! 0# 0$ 0%
#28870 0" 1$ 1% 1' 1( 1) 1*
#28871 1! 1" 1# 0' 0( 0) 0*
#28872 0! 0# 0$ 0%
#28873 0" 1$ 1% 1' 1( 1) 1*
#28874 1! 1" 1# 0' 0( 0) 0* 00
#28875 0% 1) 1* 10
#28876 1% 1& 1' 1(
#28877 0! 0" 0# 0$ 0% 0& 0' 0( 0) 0*
#28878 1! 1" 1# 1$ 1% 1& 1' 1( 1* 0+
#28879 0! 0" 0# 0% 0& 0( 1) 1+
#28880 0' 0) 0*
#28881 1" 1# 0$ 0-
#28882 0" 0# 1$ 1' 1) 1* 1- 00
#28883 0$ 1% 0' 0) 10
#28884 1" 1# 1$ 0% 0* 0-
#28885 0" 0# 1' 1) 1* 1-
#28886 1% 0' 0)
#28887 1" 1# 0$ 0* 0-
#28888 0" 0# 1$ 0% 1' 1) 1* 1-
#28889 0$ 1& 0' 0)
#28890 1" 1# 1$ 1% 0& 0* 0-
#28891 0" 0# 0% 1' 1) 1* 1- 00
#28892 1& 0' 0) 10
#28893 1" 1# 0$ 0* 0-
#28894 0" 0# 1$ 0& 1' 1) 1* 1-
#28895 0$ 1% 1& 0' 0)
#28896 1" 1# 1$ 0% 0* 0-
#28897 0" 0# 0& 1' 1) 1* 1-
#28898 1% 1& 0' 0)
#28899 1" 1# 0$ 0* 0- 00
#28900 0" 0# 1$ 0% 0& 1' 1) 1* 1- 10
#28901 0$ 0)
#28902 1" 1# 1$ 1% 1& 0' 0* 0-
#28903 0" 0# 0% 0& 1' 1) 1* 1-
#28904 0)
#28905 1" 1# 0$ 0* 0-
#28906 0" 0# 1$ 1) 1* 1-
#28907 0$ 1% 0)
#28908 1" 1# 1$ 0% 0* 0-
#28909 0" 0# 1) 1* 1-
#28910 1% 0)
#28911 1" 1# 0$ 0* 0-
#28912 0" 0# 1$ 0% 1) 1* 1-
#28913 0$ 1& 0)
#28914 1" 1# 1$ 1% 0& 0* 0-
#28915 0" 0# 0% 1) 1* 1-
#28916 1& 0) 00
#28917 1" 1# 0$ 0* 0- 10
#28918 0" 0# 1$ 0& 1) 1* 1-
#28919 0$ 1% 1& 0)
#28920 1" 1# 1$ 0% 0* 0-
#28921 0" 0# 0& 1) 1* 1-
#28922 1% 1& 0)
#28923 1" 1# 0$ 0* 0-
#28924 0" 0# 1$ 0% 0& 1) 1* 1- 00
#28925 1! 1" 1# 1% 1& 1( 0) 10
#28926 0! 0( 0* 0-
#28927 0# 0$ 0% 0& 1( 1) 1* 1-
#28928 0" 0' 0( 0)
#28929 1% 0*
#28930 1" 0% 1) 1*
#28931 1! 1# 1$ 1% 1& 1' 1(
#28932 0! 0" 0# 0$ 0% 0& 0' 0( 0) 0*
#28933 1! 1* 00
#28934 1" 1# 1$ 1% 1& 1' 1( 10
#28935 0! 0" 0# 0$ 0% 0& 0' 0( 0*
#28936 1!
#28937 1" 1# 1$ 1% 1& 1' 1( 1*
#28938 0! 0" 0# 0$ 0% 0& 0' 0( 0*
#28939 1) 1*
#28941 1! 1" 1# 1$ 1% 1& 1' 1( 00
#28942 0) 0+ 10
#28943 1+
#28944 0# 0$ 0% 0& 0' 1)
#28945 0" 1# 0) 0-
#28946 1" 1$ 1% 1& 0( 0* 1-
#28947 0# 0% 0& 1( 1) 1*
#28948 0" 1# 0) 0-
#28949 1" 1% 1& 1' 1-
#28950 0# 0$ 0& 0' 1)
#28951 0" 1# 0) 0-
#28952 1" 1$ 1& 0( 0+ 1-
#28953 0# 0& 1( 1) 1+
#28954 0" 1# 0) 0-
#28955 1" 1& 1' 1-
#28956 0# 0$ 0% 0' 1)
#28957 0" 1# 0) 0-
#28958 1" 1$ 1% 0( 0* 1- 00
#28959 0# 0% 1( 1) 1* 10
#28960 0" 1# 0) 0-
#28961 1" 1% 1' 1-
#28962 0# 0$ 0' 1)
#28963 0" 1# 0) 0-
#28964 1" 1$ 0( 0+ 1-
#28965 0# 1( 1) 1+
#28966 0" 1# 0) 0- 00
#28967 1" 1' 1- 10
#28968 0# 0$ 0% 0& 1)
#28969 0" 1# 0) 0-
#28970 1" 1$ 1% 1& 0' 0( 0* 1-
#28971 0# 0% 0& 1' 1( 1) 1*
#28972 0" 1# 0) 0* 0-
#28973 1" 1% 1& 1* 1-
#28974 0# 0$ 0& 1)
#28975 0" 1# 0) 0* 0-
#28976 1" 1$ 1& 0' 0( 1* 0+ 1-
#28977 0# 0& 1' 1( 1) 1+ 0-
#28978 0" 1# 0) 0*
#28979 1" 1& 1* 1-
#28980 0# 0$ 0% 0-
#28981 0" 1# 0*
#28982 1" 1$ 1% 0' 0( 1-
#28983 0# 0% 1' 1( 1* 0- 00
#28984 0" 1# 0* 10
#28985 1" 1% 1* 1-
#28986 0# 0$ 0-
#28987 0" 1# 0*
#28988 1" 1$ 0' 0( 1* 0+ 1-
#28989 0# 1' 1( 1) 1+ 0-
#28990 0" 1# 0) 0*
#28991 0! 0# 0$ 0% 0& 0' 0( 1* 1- 00
#28992 1! 1" 1# 1$ 1% 1& 1' 1( 1) 10
#28993 0" 0# 0$ 0% 0& 0' 0( 0) 0*
#28994 0! 1*
#28995 1! 1" 1# 1$ 1% 1& 1' 1(
#28996 0! 0" 0# 0& 1)
#28997 0$ 0% 0' 0( 0)
#28998 1! 1" 1# 1$ 1% 1& 1' 1( 1)
#28999 0! 0" 0# 0&
#29000 1! 0$ 0% 0' 0( 0) 00
#29001 1" 1# 1$ 1% 1& 1' 1( 1) 10
#29002 0! 0" 0# 0&
#29003 1! 0$ 0% 0' 0(
#29005 1" 1# 1$ 1% 1& 1' 1(
#29006 0)
#29007 1)
#29008 0# 0$ 0% 0& 0' 0( 0) 0* 0- 00
#29009 0! 0" 1# 1* 10
#29010 1" 1% 1& 1) 1-
#29011 1! 0# 1$ 0% 0& 0) 0* 0-
#29012 0! 0" 1# 1*
#29013 1! 1" 1% 1& 1' 1( 1) 1-
#29014 0# 0$ 0& 0' 0( 0) 0* 0-
#29015 0! 0" 1# 1*
#29016 1! 1" 1& 1) 1-
#29017 0# 1$ 0& 0) 0* 0-
#29018 0! 0" 1# 1*
#29019 1! 1" 1& 1' 1( 1) 1-
#29020 0# 0$ 0% 0' 0( 0) 0* 0-
#29021 0! 0" 1# 1*
#29022 0# 1$ 1% 1) 1-
#29023 1! 1" 0% 0) 0* 0-
#29024 0! 0" 1# 1*
#29025 1! 1" 1% 1' 1( 1) 1- 00
#29026 0# 0$ 0' 0( 0) 0* 0- 10
#29027 0! 0" 1# 1*
#29028 1! 0# 1$ 1) 1-
#29029 1" 0) 0* 0-
#29030 0! 0" 1# 1*
#29031 1! 1" 1' 1( 1) 1-
#29032 0# 0$ 0% 0& 0( 0) 0* 0-
#29033 0! 0" 1# 1* 00
#29034 1" 0# 1$ 1% 1& 0' 1) 1- 10
#29035 1! 0% 0& 1' 0) 0* 0-
#29036 0! 0" 1# 1*
#29037 1! 1" 1% 1& 1( 1) 1-
#29038 0# 0$ 0& 0( 0) 0* 0-
#29039 0! 0" 1# 1*
#29040 1! 1" 0# 1$ 1& 0' 1) 1-
#29041 0& 1' 0) 0* 0-
#29042 0! 0" 1# 1* 00
#29043 1! 1" 1& 1( 1) 1- 10
#29044 0# 0$ 0% 0( 0) 0* 0-
#29045 0! 0" 1# 1*
#29046 1$ 1% 0' 1) 1-
#29047 1! 1" 0# 0% 1' 0) 0* 0-
#29048 0! 0" 1# 1*
#29049 1! 1" 1% 1( 1) 1-
#29050 0# 0$ 0( 0) 0* 0- 00
#29051 0! 0" 1# 1* 10
#29052 1! 1$ 0' 1) 1-
#29053 1" 0# 1' 0) 0* 0-
#29054 0! 0" 1# 1*
#29055 1! 0# 0$ 0% 0& 0' 0* 1-
#29056 1" 1# 1$ 1% 1& 1' 1( 1*
#29057 0! 0" 0# 0&
#29058 1! 0$ 0% 0' 0( 0*
#29059 1" 1# 1$ 1% 1& 1' 1( 1) 1*
#29060 0! 0# 0$ 0% 0& 0' 0( 0) 0*
#29061 0"
#29062 1"
#29064 0"
#29065 1"
#29067 1) 1* 00
#29068 10
#29069 1! 1# 1$ 1% 1& 1' 1(
#29070 0) 0+
#29071 0! 0" 0$ 0% 0& 0' 0( 0* 1+
#29072 1" 0# 1( 1* 0-
#29073 0" 1# 0*
#29074 1$ 0( 1-
#29075 1" 0# 1( 1* 0- 00
#29076 0" 1# 0* 10
#29077 0$ 1% 0( 1-
#29078 1" 0# 1( 1* 0-
#29079 0" 1# 0*
#29080 1$ 0( 1-
#29081 1" 0# 1( 1* 0-
#29082 0" 1# 0*
#29083 0$ 0% 1& 0( 1-
#29084 1" 0# 1( 1* 0-
#29085 0" 1# 0*
#29086 1$ 0( 1-
#29087 1" 0# 1( 1* 0-
#29088 0" 1# 0*
#29089 0$ 1% 0( 1-
#29090 1" 0# 1( 1* 0-
#29091 0" 1# 0*
#29092 1$ 0( 1- 00
#29093 1" 0# 1( 1* 0- 10
#29094 0" 1# 0*
#29095 0$ 0% 0& 1' 0( 1-
#29096 1" 0# 1( 1* 0-
#29097 0" 1# 0*
#29098 1$ 0( 1-
#29099 1" 0# 1( 1* 0-
#29100 0" 1# 0*
#29101 0$ 1% 0( 1-
#29102 1" 0# 1( 1* 0-
#29103 0" 1# 0*
#29104 1$ 0( 1-
#29105 1" 0# 1( 1* 0-
#29106 0" 1# 0*
#29107 0$ 0% 1& 0( 1-
#29108 1" 0# 1( 1* 0-
#29109 0" 1# 00
#29110 1$ 0( 0* 1- 10
#29111 1" 0# 1( 1* 0-
#29112 0" 1#
#29113 0$ 1% 0( 0* 1-
#29114 1" 0# 1( 1* 0-
#29115 0" 1#
#29116 1$ 0( 0* 1-
#29117 1" 0# 1( 1* 0- 00
#29118 0" 1# 0* 10
#29119 0# 0$ 0% 0& 0' 0( 1-
#29120 1" 1)
#29121 1! 0)
#29122 0! 0"
#29123 1"
#29124 0" 1# 1% 1' 1( 1) 1*
#29125 1"
#29126 1! 0" 0# 0% 0' 0( 0) 0*
#29127 0! 1# 1% 1' 1( 1) 1*
#29128 1"
#29129 1! 0" 0# 0% 0' 0( 0) 0*
#29130 0! 1# 1% 1' 1( 1) 1*
#29131 1! 1" 0# 0% 0' 0(
#29133 1# 1$ 1% 1& 1' 1( 0)
#29134 1) 00
#29135 0! 0$ 0& 10
#29136 0# 0% 0' 0( 0) 0* 0-
#29137 1$ 1' 1) 1* 1-
#29138 1# 0$ 1% 1(
#29139 0# 1$ 0% 0' 0( 0) 0* 0-
#29140 1' 1) 1* 1-
#29141 1# 0$ 1% 1(
#29142 0# 0' 0( 0) 0* 0- 00
#29143 1$ 0% 1' 1) 1* 1- 10
#29144 1# 0$ 1% 1(
#29145 0# 1$ 0' 0( 0) 0-
#29146 0% 1' 1) 1-
#29147 1# 0$ 1% 1(
#29148 0# 0% 1& 0' 0( 0) 0-
#29149 1! 1# 1$ 1% 1' 1( 1) 1-
#29150 0! 0$ 0&
#29151 0# 1$ 0% 1& 0' 0( 0) 0- 00
#29152 1! 1# 1% 1' 1( 1) 1- 10
#29153 0! 0$ 0&
#29154 0# 1& 0' 0( 0) 0-
#29155 1! 1# 1$ 1' 1( 1) 1-
#29156 0! 0$ 0&
#29157 0# 1$ 1& 0' 0( 0) 0-
#29158 1! 1# 1' 1( 1) 1-
#29159 0! 0$ 0& 00
#29160 0# 0% 0( 0) 0- 10
#29161 1! 1# 1$ 1% 1& 1( 1) 1-
#29162 0! 0$ 0&
#29163 0# 1$ 0% 0( 0) 0-
#29164 1% 1( 1) 1-
#29165 1# 0$
#29166 0# 0( 0) 0-
#29167 1$ 0% 1) 1-
#29168 1# 0$ 1% 1(
#29169 0# 1$ 0( 0) 0-
#29170 0% 1) 1-
#29171 1# 0$ 1% 1(
#29172 0# 0% 1& 0( 0) 0* 0-
#29173 1$ 0& 1) 1* 1-
#29174 1# 0$ 1% 1(
#29175 0# 1$ 0% 1& 0( 0) 0* 0-
#29176 0& 1) 1* 1- 00
#29177 1# 0$ 1% 1( 10
#29178 0# 1& 0( 0) 0-
#29179 1$ 0% 0& 1) 1-
#29180 1# 0$ 1% 1(
#29181 0# 1$ 1& 0( 0) 0-
#29182 0% 0& 1) 1-
#29183 1# 0$ 1% 1(
#29184 1! 0" 0# 0% 0' 0( 0) 00
#29185 0! 1# 1% 1' 1( 10
#29186 1" 1)
#29187 1! 0" 0# 0% 0' 0( 0)
#29188 0! 1# 1% 0*
#29189 0%
#29190 0# 1*
#29191 1# 1% 0*
#29192 0%
#29193 0# 1*
#29194 1# 1% 0*
#29195 0%
#29196 1) 1*
#29197 1! 1" 1$ 1% 1& 1' 1(
#29198 0)
#29200 0" 0# 0$ 0% 0& 0' 0* 0-
#29201 1" 1# 1$ 1% 1& 1' 1* 1- 00
#29202 0$ 0% 0& 0' 0- 10
#29203 0" 0# 1$ 0*
#29204 1" 1# 1% 1& 1' 1* 1-
#29205 0% 0& 0' 0-
#29206 0" 0# 0$ 1% 0*
#29207 1" 1# 1$ 1& 1' 1* 1-
#29208 0$ 0& 0' 0-
#29209 0" 0# 1$ 0*
#29210 1" 1# 1& 1' 1* 1-
#29211 0& 0' 0-
#29212 0" 0# 0$ 0% 1& 0*
#29213 1" 1# 1$ 1% 1' 1* 1-
#29214 0$ 0% 0' 0-
#29215 0" 0# 1$ 0*
#29216 1" 1# 1% 1' 1* 1-
#29217 0% 0' 0-
#29218 0" 0# 0$ 1% 0* 00
#29219 1" 1# 1$ 1' 1* 1- 10
#29220 0$ 0' 0-
#29221 0" 0# 1$ 0*
#29222 1" 1# 1' 1* 1-
#29223 0' 0-
#29224 0" 0# 0$ 0% 0& 1' 0*
#29225 1" 1# 1$ 1% 1& 1* 1-
#29226 0$ 0% 0& 0- 00
#29227 0" 0# 1$ 0* 10
#29228 1" 1# 1% 1& 1* 1-
#29229 0% 0& 0-
#29230 0" 0# 0$ 1% 0*
#29231 1" 1# 1$ 1& 1* 1-
#29232 0$ 0& 0-
#29233 0" 0# 1$ 0*
#29234 1" 1# 1& 1* 1-
#29235 0& 0-
#29236 0" 0# 0$ 0% 1& 0*
#29237 1" 1# 1$ 1% 1* 1-
#29238 0$ 0% 0-
#29239 0" 0# 1$ 0*
#29240 1" 1# 1% 1* 1-
#29241 0% 0-
#29242 0" 0# 0$ 1% 0*
#29243 1" 1# 1$ 1* 1- 00
#29244 0$ 0- 10
#29245 0" 0# 1$ 0*
#29246 1" 1# 1* 1-
#29247 0-
#29248 0" 0# 0$ 0% 0& 0' 0( 1-
#29249 1# 1% 0*
#29250 0%
#29251 0# 1* 00
#29252 1# 0* 10
#29253 0! 1% 1' 1( 1) 1*
#29254 0# 0% 0' 0( 0)
#29255 1! 1#
#29256 0! 1% 1' 1( 1)
#29257 0# 0% 0' 0( 0)
#29258 1! 1#
#29259 0! 1% 1' 1( 1)
#29260 1! 0% 0' 0( 00
#29261 1" 1$ 1% 1& 1' 1( 0) 10
#29262 1)
#29263 0) 0+
#29264 0! 0" 0# 0$ 0% 0& 0' 0( 1+ 0-
#29265 1! 1" 1# 1$ 1% 1& 1' 1( 1) 1-
#29266 0$ 0% 0& 0' 0( 0) 0* 0-
#29267 0! 0" 0# 1$ 1*
#29268 1! 1" 1# 1% 1& 1' 1( 1) 1- 00
#29269 0% 0& 0' 0( 0) 0* 0- 10
#29270 0! 0" 0# 0$ 1%
#29271 1! 1" 1# 1$ 1& 1' 1( 1) 1* 1-
#29272 0$ 0& 0' 0( 0) 0* 0-
#29273 0! 0" 0# 1$
#29274 0$ 0% 1& 1( 1) 1* 1-
#29275 1! 1" 1# 1$ 1% 0& 0( 0) 0* 0-
#29276 0! 0" 0# 0$ 0% 1&
#29277 1$ 1) 1* 1-
#29278 1! 1" 1# 0$ 0) 0* 0-
#29279 0! 0" 0# 1$
#29280 0$ 1% 1) 1* 1-
#29281 1! 1" 1# 1$ 0% 0) 0* 0-
#29282 0! 0" 0# 0$ 1%
#29283 1$ 1) 1* 1-
#29284 1! 1" 1# 0$ 0) 0* 0-
#29285 0! 0" 0# 1$ 00
#29286 0$ 0% 0& 1' 1) 1* 1- 10
#29287 1! 1" 1# 1$ 1% 1& 0' 0) 0* 0-
#29288 0! 0" 0# 0$ 0% 0& 1'
#29289 1$ 1) 1* 1-
#29290 1! 1" 1# 0$ 0) 0* 0-
#29291 0! 0" 0# 1$
#29292 0$ 1% 1) 1* 1-
#29293 1! 1" 1# 1$ 0% 0) 0* 0- 00
#29294 0! 0" 0# 0$ 1% 10
#29295 1$ 1) 1* 1-
#29296 1! 1" 1# 0$ 0) 0* 0-
#29297 0! 0" 0# 1$
#29298 1! 0$ 0% 1& 1( 1) 1* 1-
#29299 1" 1# 1$ 1% 0& 0( 0) 0* 0-
#29300 0! 0" 0# 0$ 0% 1&
#29301 1! 1" 1# 1$ 1% 1( 1) 1* 1-
#29302 0$ 0% 0( 0) 0* 0-
#29303 0! 0" 0# 1$
#29304 1! 1" 1# 1% 1( 1) 1* 1-
#29305 0% 0( 0) 0* 0-
#29306 0! 0" 0# 0$ 1%
#29307 1! 1" 1# 1$ 1( 1) 1* 1-
#29308 0$ 0( 0) 0* 0-
#29309 0! 0" 0# 1$
#29310 1! 1" 1# 1( 1) 1* 1- 00
#29311 0( 0) 0* 0- 10
#29312 0! 0" 0# 0$ 0% 0& 0' 1-
#29313 1" 1# 1*
#29314 0" 1% 1' 1( 1)
#29315 0# 0% 0' 0( 0) 0*
#29316 1$ 1% 1' 1( 1*
#29317 1" 1# 0$ 0' 0( 0*
#29318 0# 0% 1)
#29319 0" 1$ 1% 1' 1( 0) 1*
#29320 1" 1# 0$ 0' 0( 0*
#29321 0# 0% 1)
#29322 0" 1$ 1% 1' 1( 0) 1*
#29323 1" 1# 0$ 0' 0( 0*
#29324 0% 1) 1*
#29325 1! 1$ 1% 1& 1' 1(
#29326 0! 0" 0# 0$ 0% 0& 0' 0( 0) 0*
#29327 1! 1" 1# 1$ 1% 1& 1' 1( 1* 0+ 00
#29328 0# 0% 0& 0( 1) 1+ 0- 10
#29329 0! 0" 0' 0) 0* 1-
#29330 1" 1# 0$ 1( 0-
#29331 1! 0# 1$ 1' 0( 1) 1*
#29332 0! 0" 0$ 1% 0' 0) 0* 1-
#29333 1" 1# 1$ 0% 1( 0-
#29334 1! 0# 1' 0( 1*
#29335 0! 0" 1% 0' 0* 1- 00
#29336 1" 1# 0$ 1( 0- 10
#29337 1! 0# 1$ 0% 1' 0( 1*
#29338 0! 0" 0$ 1& 0' 0* 1-
#29339 1" 1# 1$ 1% 0& 1( 0-
#29340 1! 0# 0% 1' 0( 1*
#29341 0! 0" 1& 0' 0* 1-
#29342 1" 1# 0$ 1( 0-
#29343 1! 0# 1$ 0& 1' 0( 1*
#29344 0! 0" 0$ 1% 1& 0' 0* 1-
#29345 1" 1# 1$ 0% 1( 0-
#29346 1! 0# 0& 1' 0( 1*
#29347 0! 0" 1% 1& 0' 0* 1-
#29348 1" 1# 0$ 1( 0-
#29349 1! 0# 1$ 0% 0& 1' 0( 1*
#29350 0! 0" 0$ 0* 1-
#29351 1" 1# 1$ 1% 1& 0' 1( 0-
#29352 1! 0# 0% 0& 1' 0( 1* 00
#29353 0! 0" 0* 1- 10
#29354 1" 1# 0$ 1( 0-
#29355 1! 0# 1$ 0( 1*
#29356 0! 0" 0$ 1% 0* 1-
#29357 1" 1# 1$ 0% 1( 0-
#29358 1! 0# 0( 1*
#29359 0! 0" 1% 0* 1-
#29360 1" 1# 0$ 1( 0- 00
#29361 1! 0# 1$ 0% 0( 1) 1* 1- 10
#29362 0! 0" 0$ 1& 0) 0*
#29363 1" 1# 1$ 1% 0& 1( 0-
#29364 1! 0# 0% 0( 1) 1* 1-
#29365 0! 0" 1& 0) 0*
#29366 1" 1# 0$ 1( 0-
#29367 1! 0# 1$ 0& 0( 1) 1* 1-
#29368 0! 0" 0$ 1% 1& 0) 0*
#29369 1" 1# 1$ 0% 1( 0- 00
#29370 1! 0# 0& 0( 1) 1* 1- 10
#29371 0! 0" 1% 1& 0) 0*
#29372 1" 1# 0$ 1( 0-
#29373 1! 0# 1$ 0% 0& 0( 1) 1* 1-
#29374 1# 1% 1& 1( 0) 0+
#29375 0! 0* 1+ 0-
#29376 0$ 0& 1) 1* 1-
#29377 1! 0% 0' 0( 0) 0* 00
#29378 1% 10
#29379 0! 1' 1( 1) 1*
#29380 0" 0# 1$ 1&
#29381 1! 1" 1# 0$ 0% 0& 0' 0( 0) 0*
#29382 0" 0# 1*
#29383 1" 1# 1$ 1% 1& 1' 1(
#29384 0$ 0% 0& 0' 0( 0*
#29385 0" 0# 1*
#29386 1" 1# 1$ 1% 1& 1' 1(
#29387 0$ 0% 0& 0' 0( 0*
#29388 1) 1*
#29390 0! 1% 1' 1(
#29391 1! 1$ 1& 0)
#29393 0! 0$ 0& 1)
#29394 1! 0" 0% 0' 0( 0) 0- 00
#29395 1" 1$ 1% 1& 1' 1- 10
#29396 0! 0$ 0& 1( 1)
#29397 1! 0" 1$ 0% 0' 0( 0) 0-
#29398 1" 1% 1& 1' 1( 1-
#29399 0! 0$ 0& 1)
#29400 1! 0" 0' 0( 0) 0-
#29401 1" 1$ 1& 1' 0+ 1-
#29402 0! 0$ 0& 1( 1) 1+ 00
#29403 1! 0" 1$ 0' 0( 0) 0- 10
#29404 1" 1& 1' 1( 1-
#29405 0! 0# 0$ 0% 0& 1)
#29406 1! 0" 1# 1& 0' 0( 0) 0-
#29407 1" 1$ 1% 1' 0* 1-
#29408 0! 0# 0$ 0% 0& 0' 1) 1*
#29409 1! 0" 1# 1$ 1& 0) 0-
#29410 1" 1% 1' 1( 1-
#29411 0! 0# 0$ 0& 0' 0( 1)
#29412 1! 0" 1# 1& 0) 0-
#29413 1" 1$ 1' 0+ 1-
#29414 0! 0# 0' 1) 1+
#29415 1! 0" 1# 0) 0-
#29416 1" 1' 1( 1-
#29417 0! 0# 0$ 0% 0& 0( 1)
#29418 1! 0" 1# 0) 0-
#29419 1" 1$ 1% 1& 0* 1- 00
#29420 0! 0# 0$ 0% 0& 1) 1* 10
#29421 1! 0" 1# 1$ 0) 0-
#29422 1" 1% 1& 1( 1-
#29423 0! 0# 0$ 0& 1)
#29424 1! 0" 1# 0( 0) 0-
#29425 1" 1$ 1& 0+ 1-
#29426 0! 0$ 0& 1( 1) 1+
#29427 1! 0" 1$ 0( 0) 0-
#29428 1" 1& 1( 1-
#29429 0! 0$ 0& 1)
#29430 1! 0" 0% 1& 0( 0) 0-
#29431 1" 1$ 1% 0* 1-
#29432 0! 0$ 0& 1( 1) 1*
#29433 1! 0" 1$ 0% 1& 0( 0) 0-
#29434 1" 1% 1( 1-
#29435 0! 0$ 0& 1)
#29436 1! 0" 1& 0( 0) 0- 00
#29437 1" 1$ 0+ 1- 10
#29438 1( 1) 1+
#29439 0" 0( 0) 0-
#29440 0! 1" 0# 0$ 0% 0& 0' 0* 1-
#29441 0" 1$ 1% 1' 1( 1) 1*
#29442 0% 0' 0( 0)
#29443 1" 0$
#29444 1! 1# 1$ 1% 1& 1' 1( 00
#29445 0! 0" 0# 0& 1) 10
#29446 1! 0$ 0% 0' 0( 0)
#29447 1" 1# 1$ 1% 1& 1' 1(
#29448 0! 0" 0# 0& 1)
#29449 1! 0$ 0% 0' 0( 0)
#29450 1" 1# 1$ 1% 1& 1' 1(
#29451 0! 0" 0# 0& 1)
#29452 0% 0' 0(
#29454 1! 1" 1# 1% 1& 1' 1(
#29455 0)
#29456 1)
#29457 0# 0$ 0% 0& 0' 0) 0-
#29458 0" 1#
#29459 0! 1" 1$ 1& 1' 0( 1) 1-
#29460 1! 0# 0& 0' 1( 0) 0-
#29461 0" 1# 00
#29462 1" 1% 1& 1' 1- 10
#29463 0# 0$ 0& 0' 0-
#29464 0" 1#
#29465 1" 1$ 0% 1& 1' 0( 1-
#29466 0# 1% 0& 0' 1( 0-
#29467 0" 1#
#29468 1" 1& 1' 1-
#29469 0# 0$ 0% 0' 0- 00
#29470 0" 1# 10
#29471 0! 0# 1% 1' 0( 1-
#29472 1! 1" 1$ 0% 0' 1( 0-
#29473 0" 1#
#29474 1" 1% 1' 1-
#29475 0# 0$ 0' 0-
#29476 0" 1#
#29477 0# 1' 0( 1-
#29478 1" 1$ 0' 1( 0- 00
#29479 0" 1# 10
#29480 1" 1' 1-
#29481 0# 0$ 0% 0& 0-
#29482 0" 1#
#29483 0! 1" 0# 1% 1& 0( 1-
#29484 1! 1$ 0% 0& 1( 0-
#29485 0" 1#
#29486 1" 1% 1& 1- 00
#29487 0# 0$ 0& 0- 10
#29488 0" 1#
#29489 1" 0# 1& 0( 1) 1-
#29490 1$ 0& 1( 0) 0-
#29491 0" 1#
#29492 1" 1& 1) 1-
#29493 0# 0$ 0% 0) 0* 0-
#29494 0! 0" 1# 1*
#29495 1% 0( 1) 1-
#29496 1! 1" 0# 1$ 0% 1( 0) 0* 0-
#29497 0! 0" 1# 1*
#29498 1! 1" 1% 1) 1-
#29499 0# 0$ 0) 0* 0-
#29500 0! 0" 1# 1*
#29501 1! 0( 1) 1-
#29502 1" 0# 1$ 1( 0) 0* 0-
#29503 0! 0" 1# 1* 00
#29504 1! 0# 0$ 0% 0& 0' 0( 0* 1- 10
#29505 1" 1# 1$ 1% 1& 1' 1( 1*
#29506 0! 0" 0# 0% 0& 0' 0(
#29507 1! 0$ 0*
#29508 1" 1# 1$ 1% 1& 1' 1( 1) 1*
#29509 0" 0# 0% 0& 0' 0( 0) 0*
#29510 0! 0$
#29511 1" 00
#29512 1! 0" 1$ 10
#29513 0! 0$
#29514 1"
#29515 1! 0" 1$
#29516 1) 1*
#29518 1" 1# 1% 1& 1' 1(
#29519 0) 0+
#29520 0! 0" 0$ 0% 0& 0' 0( 1+
#29521 1! 1" 0# 0-
#29522 0! 0" 1# 0*
#29523 1$ 1* 1-
#29524 1! 1" 0# 0-
#29525 0! 0" 1# 0*
#29526 0$ 1% 1* 1-
#29527 1! 1" 0# 0-
#29528 0! 0" 1# 0* 00
#29529 1$ 1* 1- 10
#29530 1" 0# 0-
#29531 0" 1# 0*
#29532 0$ 0% 1& 1-
#29533 1" 0# 1* 0-
#29534 0" 1# 0*
#29535 1$ 1-
#29536 1" 0# 1* 0-
#29537 0" 1# 0*
#29538 0$ 1% 1-
#29539 1" 0# 1* 0-
#29540 0" 1# 0*
#29541 1$ 1-
#29542 1" 0# 1* 0-
#29543 0" 1# 0*
#29544 0$ 0% 0& 1' 1-
#29545 1" 0# 1* 0- 00
#29546 0" 1# 0* 10
#29547 1$ 1-
#29548 1" 0# 1* 0-
#29549 0" 1# 0*
#29550 0$ 1% 1-
#29551 1" 0# 1* 0-
#29552 0" 1# 0*
#29553 1$ 1- 00
#29554 1" 0# 1* 0- 10
#29555 0" 1# 0*
#29556 0$ 0% 1& 1-
#29557 1" 0# 1* 0-
#29558 0" 1# 0*
#29559 1$ 1-
#29560 1" 0# 1* 0-
#29561 0" 1# 0*
#29562 0$ 1% 1-
#29563 1" 0# 1* 0-
#29564 0" 1# 0*
#29565 1$ 1-
#29566 1" 0# 1* 0-
#29567 0" 1# 0*
#29568 0# 0$ 0% 0& 0' 1-
#29569 1! 1" 1# 1$ 1% 1& 1' 1( 1) 1*
#29570 0! 0# 0% 0& 0' 0( 00
#29571 0" 0$ 0) 0* 10
#29572 1"
#29573 0" 1# 1% 1' 1( 1) 1*
#29574 1"
#29575 1! 0" 0# 0% 0' 0( 0)
#29576 0! 1# 1% 1' 1( 1)
#29577 1"
#29578 1! 0" 0# 0% 0' 0( 0) 0* 00
#29579 0! 1# 1% 1' 1( 1) 1* 10
#29580 1" 0# 1$ 0% 0' 0(
#29582 1! 1# 1% 1& 1' 1( 0)
#29583 1)
#29584 0! 0$ 0& 0)
#29585 0# 0% 0' 0* 0-
#29586 1! 0" 1# 1$ 1' 0( 1) 1* 1-
#29587 0! 1" 0$ 1% 1( 0) 00
#29588 0# 1$ 0% 0' 0* 0- 10
#29589 1! 0" 1# 1' 0( 1) 1* 1-
#29590 0! 1" 0$ 1% 1( 0)
#29591 0# 0' 0* 0-
#29592 1! 0" 1# 1$ 0% 1' 0( 1) 1* 1-
#29593 0! 1" 0$ 1% 1( 0)
#29594 0# 1$ 0' 0* 0-
#29595 1! 0" 1# 0% 1' 0( 1) 1* 1- 00
#29596 0! 1" 0$ 1% 1( 0) 10
#29597 0# 0% 1& 0' 0* 0-
#29598 1! 0" 1# 1$ 0& 1' 0( 1) 1* 1-
#29599 0! 1" 0$ 1% 1( 0)
#29600 0# 1$ 0% 1& 0' 0* 0-
#29601 1! 0" 1# 0& 1' 0( 1) 1* 1-
#29602 0! 1" 0$ 1% 1( 0)
#29603 0# 1& 0' 0* 0-
#29604 1! 0" 1# 1$ 0% 0& 1' 0( 1) 1* 1-
#29605 0! 1" 0$ 1% 1( 0)
#29606 0# 1$ 1& 0' 0* 0-
#29607 1! 0" 1# 0% 0& 1' 0( 1) 1* 1-
#29608 0! 1" 0$ 1% 1( 0)
#29609 0# 0% 0* 0-
#29610 1! 0" 1# 1$ 0( 1) 1* 1-
#29611 0! 1" 0$ 1% 1( 0)
#29612 0# 1$ 0% 0* 0- 00
#29613 1! 0" 1# 0( 1) 1* 1- 10
#29614 0! 1" 0$ 1% 1( 0)
#29615 0# 0* 0-
#29616 1! 0" 1# 1$ 0% 0( 1) 1* 1-
#29617 0! 1" 0$ 1% 1( 0)
#29618 0# 1$ 0* 0-
#29619 1! 0" 1# 0% 0( 1) 1* 1-
#29620 0! 1" 0$ 1% 1( 00
#29621 0# 0% 1& 0) 0* 0- 10
#29622 1! 0" 1# 1$ 0& 0( 1) 1* 1-
#29623 0! 1" 0$ 1% 1(
#29624 0# 1$ 0% 1& 0) 0* 0-
#29625 1! 0" 1# 0& 0( 1) 1* 1-
#29626 0! 1" 0$ 1% 1(
#29627 0# 1& 0) 0* 0-
#29628 1! 0" 1# 1$ 0% 0& 0( 1) 1* 1-
#29629 0! 1" 0$ 1% 1(
#29630 0# 1$ 1& 0) 0* 0-
#29631 1! 0" 1# 0% 0& 0( 1) 1* 1-
#29632 0! 1" 0$ 1% 1(
#29633 1! 0" 0# 0% 0' 0( 0)
#29634 0!
#29635 1" 1# 1% 1' 1( 1)
#29636 1! 0" 0# 0% 0' 0( 0)
#29637 1" 1$ 1% 0* 00
#29638 0% 10
#29639 0! 0" 0$ 1*
#29640 1! 1" 1$ 1% 0*
#29641 0%
#29642 0! 0" 0$ 1*
#29643 1! 1" 1$ 1% 0*
#29644 0%
#29645 1) 1*
#29646 1# 1% 1& 1' 1(
#29647 0)
#29649 0" 0# 0$ 0% 0& 0' 0( 0* 0-
#29650 1" 1# 1$ 1% 1& 1' 1( 1* 1-
#29651 0$ 0% 0& 0' 0( 0-
#29652 0" 0# 1$ 0*
#29653 1" 1# 1% 1& 1' 1( 1* 1-
#29654 0% 0& 0' 0( 0- 00
#29655 0" 0# 0$ 1% 0* 10
#29656 1" 1# 1$ 1& 1' 1( 1* 1-
#29657 0$ 0& 0' 0( 0-
#29658 0" 0# 1$ 0*
#29659 1" 1# 1& 1' 1( 1* 1-
#29660 0& 0' 0( 0-
#29661 0" 0# 0$ 0% 1& 0*
#29662 1" 1# 1$ 1% 1' 1( 1* 1- 00
#29663 0$ 0% 0' 0( 0- 10
#29664 0" 0# 1$ 0*
#29665 1" 1# 1% 1' 1( 1* 1-
#29666 0% 0' 0( 0-
#29667 0" 0# 0$ 1% 0*
#29668 1" 1# 1$ 1' 1( 1* 1-
#29669 0$ 0' 0( 0-
#29670 0" 0# 1$ 0*
#29671 1" 1# 1' 1( 1* 1-
#29672 0' 0( 0-
#29673 0" 0# 0$ 0% 0& 1' 0*
#29674 1" 1# 1$ 1% 1& 1( 1* 1-
#29675 0$ 0% 0& 0( 0-
#29676 0" 0# 1$ 0*
#29677 1" 1# 1% 1& 1( 1* 1-
#29678 0% 0& 0( 0-
#29679 0" 0# 0$ 1% 0* 00
#29680 1" 1# 1$ 1& 1( 1* 1- 10
#29681 0$ 0& 0( 0-
#29682 0" 0# 1$ 0*
#29683 1" 1# 1& 1( 1* 1-
#29684 0& 0( 0-
#29685 0" 0# 0$ 0% 1& 0*
#29686 1" 1# 1$ 1% 1( 1* 1-
#29687 0$ 0% 0( 0- 00
#29688 0" 0# 1$ 0* 10
#29689 1" 1# 1% 1( 1* 1-
#29690 0% 0( 0-
#29691 0" 0# 0$ 1% 0*
#29692 1" 1# 1$ 1( 1* 1-
#29693 0$ 0( 0-
#29694 0" 0# 1$ 0*
#29695 1" 1# 1( 1* 1-
#29696 0( 0- 00
#29697 0" 0# 0$ 0% 0& 0' 0* 1- 10
#29698 0! 1# 1$ 1% 1) 1*
#29699 0% 0) 0*
#29700 1! 0# 0$
#29701 0! 1# 1$ 1*
#29702 0$ 1% 1' 1( 1)
#29703 0# 0% 0' 0( 0) 0*
#29704 1# 1$ 1* 00
#29705 0$ 1% 1' 1( 1) 10
#29706 0# 0% 0' 0( 0) 0*
#29707 1# 1$ 1*
#29708 0$ 1% 1' 1( 1)
#29709 1$ 0% 0' 0(
#29710 1! 1" 1% 1& 1' 1( 0)
#29711 1)
#29712 0) 0+
#29713 0! 0" 0# 0$ 0% 0& 0' 1+ 0-
#29714 1! 1" 1# 1$ 1% 1& 1' 1) 1-
#29715 0$ 0% 0& 0' 0) 0* 0-
#29716 0! 0" 0# 1$ 1*
#29717 1! 1" 1# 1% 1& 1' 1) 1-
#29718 0% 0& 0' 0) 0* 0-
#29719 0! 0" 0# 0$ 1% 1*
#29720 1! 1" 1# 1$ 1& 1' 1) 1-
#29721 0$ 0& 0' 0) 0* 0- 00
#29722 0! 0" 0# 1$ 1* 10
#29723 1! 1" 1# 1& 1' 1) 1-
#29724 0& 0' 0) 0* 0-
#29725 0! 0" 0# 0$ 0% 1& 1*
#29726 1! 1" 1# 1$ 1% 1' 1) 1-
#29727 0$ 0% 0' 0) 0* 0-
#29728 0! 0" 0# 1$ 1*
#29729 1! 1" 1# 1% 1' 1) 1- 00
#29730 0% 0' 0) 0* 0- 10
#29731 0! 0" 0# 0$ 1% 1*
#29732 1! 1" 1# 1$ 1' 1) 1-
#29733 0$ 0' 0) 0* 0-
#29734 0! 0" 0# 1$ 1*
#29735 1! 1" 1# 1' 1) 1-
#29736 0' 0) 0* 0-
#29737 0! 0" 0# 0$ 0% 0& 1' 1*
#29738 1! 1" 1# 1$ 1% 1& 1) 1-
#29739 0$ 0% 0& 0) 0* 0-
#29740 0! 0" 0# 1$ 1*
#29741 1! 1" 1# 1% 1& 1) 1-
#29742 0% 0& 0) 0* 0-
#29743 0! 0" 0# 0$ 1% 1*
#29744 1! 1" 1# 1$ 1& 1) 1-
#29745 0$ 0& 0) 0* 0-
#29746 0! 0" 0# 1$ 1* 00
#29747 1! 1" 1# 1& 1) 1- 10
#29748 0& 0) 0* 0-
#29749 0! 0" 0# 0$ 0% 1& 1*
#29750 1! 1" 1# 1$ 1% 1) 1-
#29751 0$ 0% 0) 0* 0-
#29752 0! 0" 0# 1$ 1*
#29753 1! 1" 1# 1% 1) 1-
#29754 0% 0) 0* 0-
#29755 0! 0" 0# 0$ 1%
#29756 1! 1" 1# 1$ 1) 1* 1-
#29757 0$ 0) 0* 0-
#29758 0! 0" 0# 1$
#29759 1! 1" 1# 1) 1* 1-
#29760 0) 0* 0-
#29761 0! 0" 0# 0$ 0% 0& 0' 0( 1-
#29762 1! 1# 1$ 1*
#29763 0! 0$ 1% 1' 1( 1) 00
#29764 0# 0% 0' 0( 0) 0* 10
#29765 1! 1# 1$ 1*
#29766 1% 0*
#29767 0! 1" 0# 0$ 0% 1) 1*
#29768 1! 0" 1# 1$ 0)
#29769 1% 0*
#29770 0! 1" 0# 0$ 0% 1) 1*
#29771 1! 0" 1# 1$ 0) 00
#29772 1% 0* 10
#29773 0% 1) 1*
#29774 1" 1% 1& 1' 1( 0)
#29775 0! 0" 0# 0$ 0% 0& 0' 0( 0*
#29776 1! 1" 1# 1$ 1% 1& 1' 1( 1*
#29777 0! 0" 0# 0$ 0% 0& 0' 0( 0-
#29778 1$ 0* 1-
#29779 1" 1# 0$ 1* 0-
#29780 0" 0# 1$
#29781 0$ 1% 0* 1-
#29782 1" 1# 1$ 0% 1* 0-
#29783 0" 0# 0$ 1%
#29784 1$ 0* 1-
#29785 1" 1# 0$ 1* 0-
#29786 0" 0# 1$
#29787 0$ 0% 1& 0* 1-
#29788 1" 1# 1$ 1% 0& 1* 0- 00
#29789 0" 0# 0$ 0% 1& 10
#29790 1$ 0* 1-
#29791 1" 1# 0$ 0-
#29792 0" 0# 1$ 0& 1*
#29793 0$ 1% 1& 0* 1-
#29794 1" 1# 1$ 0% 0-
#29795 1! 0& 1' 1*
#29796 0! 0" 0# 1% 1& 0' 0* 1- 00
#29797 1" 1# 0$ 0- 10
#29798 1! 1$ 0% 0& 1' 1*
#29799 0! 0" 0# 0$ 0* 1-
#29800 1" 1# 1$ 1% 1& 0' 0-
#29801 1! 0% 0& 1' 1*
#29802 0! 0" 0# 0* 1-
#29803 1" 1# 0$ 0-
#29804 1! 1$ 1*
#29805 0! 0" 0# 0$ 1% 0* 1- 00
#29806 1" 1# 1$ 0% 0- 10
#29807 1! 1*
#29808 0! 0" 0# 1% 0* 1-
#29809 1" 1# 0$ 0-
#29810 1! 1$ 0% 1*
#29811 0! 0" 0# 0$ 1& 0* 1-
#29812 1" 1# 1$ 1% 0& 0-
#29813 0" 0# 0$ 0% 1* 00
#29814 1$ 1& 0* 1- 10
#29815 1" 1# 0$ 0-
#29816 0" 0# 1$ 0& 1*
#29817 0$ 1% 1& 0* 1-
#29818 1" 1# 1$ 0% 1* 0-
#29819 0" 0# 0$ 1%
#29820 1$ 0* 1-
#29821 1" 1# 0$ 1* 0-
#29822 0" 0# 1$
#29823 1! 1" 1# 1( 0+ 1-
#29824 0! 0( 1+ 0-
#29825 0$ 0& 1( 1) 1-
#29826 1$ 0% 0' 0( 0) 0*
#29827 1%
#29828 0$ 1' 1( 1) 1*
#29829 0" 0# 1$
#29830 1" 1# 0% 0' 0( 0) 0* 00
#29831 0" 0# 0$ 1* 10
#29832 1! 1" 1# 1$ 1% 1& 1' 1( 1)
#29833 0! 0% 0& 0' 0( 0) 0*
#29834 1! 0" 0# 0$ 1*
#29835 1" 1# 1$ 1% 1& 1' 1(
#29836 0! 0% 0& 0' 0( 0*
#29837 1) 1*
#29838 00
#29839 0$ 1% 1' 1( 10
#29840 1! 1$ 1& 0)
#29842 0! 0$ 0& 1)
#29843 1! 0" 0% 0' 0) 0-
#29844 1" 1$ 1% 1& 1-
#29845 0! 0$ 0& 1' 1)
#29846 1! 0" 1$ 0% 0' 0) 0-
#29847 1" 1% 1& 1' 1-
#29848 0! 0$ 0& 1)
#29849 1! 0" 0' 0) 0-
#29850 1" 1$ 1& 1-
#29851 0! 0$ 0& 1' 1)
#29852 1! 0" 1$ 0' 0) 0-
#29853 1" 1& 1' 1-
#29854 0! 0$ 0& 1)
#29855 1! 0" 0% 1& 0' 0) 0- 00
#29856 1" 1$ 1% 1- 10
#29857 0! 0$ 0& 1' 1)
#29858 1! 0" 1$ 0% 1& 0' 0) 0-
#29859 1" 1% 1' 1) 1-
#29860 0! 0$ 0&
#29861 1! 0" 1& 0' 0) 0-
#29862 1" 1$ 1) 1-
#29863 0! 0$ 0& 1'
#29864 0" 1$ 1& 0' 0) 0-
#29865 1! 1" 1' 1) 1-
#29866 0! 0$ 0&
#29867 1! 0" 0% 0) 0-
#29868 1" 1$ 1% 1& 0' 1) 1-
#29869 0! 0$ 0& 1'
#29870 1! 0" 1$ 0% 0) 0-
#29871 1" 1% 1& 1-
#29872 0! 0$ 0& 1) 00
#29873 1! 0" 0) 0- 10
#29874 1" 1$ 1& 0' 1-
#29875 0! 0$ 0& 1' 1)
#29876 1! 0" 1$ 0) 0-
#29877 1" 1& 1-
#29878 0! 0$ 0& 1)
#29879 1! 0" 0% 1& 0) 0-
#29880 1" 1$ 1% 0' 1- 00
#29881 0! 0$ 0& 1' 1) 10
#29882 1! 0" 1$ 0% 1& 0) 0-
#29883 1" 1% 1-
#29884 0! 0$ 0& 1)
#29885 1! 0" 1& 0) 0-
#29886 1" 1$ 0' 0+ 1-
#29887 1' 1) 1+
#29888 0" 0) 0-
#29889 0! 1" 0# 0$ 0% 0& 0' 0( 0* 1-
#29890 0" 1$ 1% 1' 1( 1) 1*
#29891 1! 1" 1# 0% 0' 0( 0)
#29892 0! 0# 0$ 0*
#29893 1! 1# 1$ 1% 1& 1' 1( 1*
#29894 0! 0" 0# 0& 1)
#29895 1! 0$ 0% 0' 0( 0) 0*
#29896 1" 1# 1$ 1% 1& 1' 1( 1*
#29897 0! 0" 0# 0& 00
#29898 1! 0$ 0% 0' 0( 0* 10
#29899 1" 1# 1$ 1% 1& 1' 1( 1*
#29900 0! 0" 0# 0&
#29901 1! 1" 1# 0% 0' 0( 1)
#29903 1% 1& 1' 1(
#29904 0) 0+
#29905 1+ 00
#29906 0# 0$ 0% 0& 0' 0( 0- 10
#29907 0" 1# 0*
#29908 1" 1$ 1% 1& 1( 1* 1-
#29909 0# 0% 0& 0( 0-
#29910 0" 1# 0*
#29911 1" 1% 1& 1' 1( 1* 1-
#29912 0# 0$ 0& 0' 0( 0-
#29913 0" 1# 0*
#29914 1" 1$ 1& 1( 1* 1- 00
#29915 0# 0& 0( 0- 10
#29916 0" 1# 0*
#29917 1" 1& 1' 1( 1* 1-
#29918 0# 0$ 0% 0' 0( 0-
#29919 0" 1# 0*
#29920 0! 0# 1$ 1( 1* 1-
#29921 1! 1" 0( 0-
#29922 0" 1# 0* 00
#29923 1" 1% 1' 1( 1* 1- 10
#29924 0# 0$ 0' 0( 0-
#29925 0" 1# 0*
#29926 0# 1$ 0% 1( 1* 1-
#29927 1" 1% 0( 0-
#29928 0" 1#
#29929 1" 1' 1( 1-
#29930 0# 0$ 0% 0& 0( 0-
#29931 0" 1#
#29932 0! 1" 0# 1$ 1& 0' 1( 1-
#29933 1! 0& 1' 0( 0-
#29934 0" 1#
#29935 1" 1% 1& 1( 1-
#29936 0# 0$ 0& 0( 0-
#29937 0" 1# 0*
#29938 1" 0# 1$ 0% 1& 0' 1( 1* 1-
#29939 1% 0& 1' 0( 0- 00
#29940 0" 1# 0* 10
#29941 1" 1& 1( 1* 1-
#29942 0# 0$ 0% 0( 0-
#29943 0" 1# 0*
#29944 0! 1$ 0' 1( 1* 1-
#29945 1! 1" 0# 1' 0( 0-
#29946 0" 1# 0*
#29947 1" 1% 1( 1* 1- 00
#29948 0# 0$ 0( 0- 10
#29949 0" 1# 0*
#29950 1" 1$ 0' 1( 1* 1-
#29951 0# 1' 0( 0-
#29952 0" 1# 0*
#29953 0# 0$ 0% 0& 0' 1-
#29954 1" 1# 1$ 1% 1& 1' 1( 1*
#29955 0! 0" 0# 0$ 0% 0& 0' 0( 0*
#29956 1!
#29957 1" 1# 1$ 1% 1& 1' 1( 1) 1*
#29958 0! 0" 0# 0$ 0% 0& 0' 0( 0) 0*
#29960 1" 1)
#29961 0" 0)
#29963 1" 1)
#29964 0" 0) 00
#29965 1) 1* 10
#29967 1! 1" 1# 1$ 1% 1& 1' 1(
#29968 0) 0+
#29969 0! 0" 0$ 0% 0& 0' 0( 1+
#29970 1! 1" 0# 1( 0-
#29971 0! 0" 1# 0*
#29972 1$ 0( 1* 1-
#29973 1! 1" 0# 1( 0-
#29974 0! 0" 1# 0*
#29975 0$ 1% 0( 1* 1-
#29976 1! 1" 0# 1( 0-
#29977 0! 0" 1# 0*
#29978 1$ 0( 1* 1-
#29979 1! 1" 0# 1( 0-
#29980 0! 0" 1# 0*
#29981 0$ 0% 1& 0( 1* 1- 00
#29982 1! 1" 0# 1( 0- 10
#29983 0! 0" 1# 0*
#29984 1$ 0( 1* 1-
#29985 1! 1" 0# 1( 0-
#29986 0! 0" 1# 0*
#29987 0$ 1% 0( 1) 1* 1-
#29988 1! 1" 0# 1( 0) 0-
#29989 0! 0" 1# 0* 00
#29990 1$ 0( 1) 1* 1- 10
#29991 1! 1" 0# 1( 0) 0* 0-
#29992 0! 0" 1#
#29993 0$ 0% 0& 1' 0( 1) 1* 1-
#29994 1! 1" 0# 1( 0) 0* 0-
#29995 0! 0" 1#
#29996 1$ 0( 1) 1* 1-
#29997 1! 1" 0# 1( 0) 0* 0-
#29998 0! 0" 1#
#29999 0$ 1% 0( 1) 1* 1-
#30000 1! 1" 0# 1( 0) 0-
#30001 0! 0" 1# 0*
#30002 1$ 0( 1* 1-
#30003 1! 1" 0# 1( 0-
#30004 0! 0" 1# 0*
#30005 0$ 0% 1& 0( 1* 1-
#30006 1! 1" 0# 1( 0- 00
#30007 0! 0" 1# 0* 10
#30008 1$ 0( 1* 1-
#30009 1! 1" 0# 1( 0-
#30010 0! 0" 1# 0*
#30011 0$ 1% 0( 1* 1-
#30012 1! 1" 0# 1( 0-
#30013 0! 0" 1# 0*
#30014 1$ 0( 1* 1- 00
#30015 1! 1" 0# 1( 0- 10
#30016 0! 0" 1# 0*
#30017 0# 0$ 0% 0& 0' 0( 1* 1-
#30018 1! 1" 1# 1$ 1% 1& 1' 1( 1)
#30019 0" 0# 0$ 0% 0& 0' 0(
#30020 0! 0)
#30021 1" 0*
#30022 0" 1# 1% 1' 1( 1) 1*
#30023 1" 00
#30024 1! 0" 0# 0% 0' 0( 0) 10
#30025 0! 1# 1% 1' 1(
#30026 1" 1)
#30027 1! 0" 0# 0% 0' 0( 0)
#30028 0! 1# 1% 1' 1(
#30029 1! 0# 0% 0' 0( 1)
#30031 1" 1# 1$ 1% 1& 1' 1( 0) 00
#30032 1) 10
#30033 0! 0" 0$ 0% 0& 0' 0( 0)
#30034 1" 0# 0* 0-
#30035 1! 0" 1% 1' 1) 1* 1-
#30036 0! 1# 1$ 0% 0' 0)
#30037 1" 0# 0* 0-
#30038 1! 0" 0$ 1% 1' 1) 1* 1-
#30039 0! 1# 0' 0)
#30040 1" 0# 0* 0-
#30041 1! 0" 1' 1) 1* 1-
#30042 0! 1# 1$ 0' 0)
#30043 1" 0# 0* 0-
#30044 1! 0" 0$ 1' 1) 1* 1-
#30045 0! 1# 0% 1& 0' 0)
#30046 1" 0# 0* 0-
#30047 1! 0" 1% 0& 1' 1) 1* 1-
#30048 0! 1# 1$ 0% 1& 0' 0) 00
#30049 1" 0# 0* 0- 10
#30050 1! 0" 0$ 1% 0& 1' 1) 1* 1-
#30051 0! 1# 1& 0' 0)
#30052 1" 0# 0* 0-
#30053 1! 0" 0& 1' 1) 1* 1-
#30054 0! 1# 0' 0)
#30055 1" 0# 1$ 1& 0* 0-
#30056 1! 0" 0$ 0& 1' 1) 1* 1- 00
#30057 0! 1" 1# 0) 10
#30058 0# 0% 0* 0-
#30059 1! 0" 1% 1) 1* 1-
#30060 0! 1" 1# 1( 0)
#30061 0# 1$ 0% 0( 0* 0-
#30062 1! 0" 0$ 1% 1) 1* 1-
#30063 0! 1" 1# 1( 0)
#30064 0# 0( 0* 0-
#30065 1! 0" 1) 1* 1-
#30066 0! 1" 1# 0)
#30067 0# 1$ 0* 0-
#30068 1! 0" 0$ 1) 1* 1-
#30069 0! 1# 0% 0)
#30070 1" 0# 1& 0* 0-
#30071 1! 0" 1% 0& 1) 1* 1-
#30072 0! 1# 0% 0)
#30073 1" 0# 1$ 1& 0* 0- 00
#30074 1! 0" 0$ 1% 0& 1) 1* 1- 10
#30075 0! 1# 1& 0)
#30076 1" 0# 0* 0-
#30077 1! 0" 0& 1) 1* 1-
#30078 0! 1# 1$ 1& 0)
#30079 1" 0# 0* 0-
#30080 1! 0" 0$ 0& 1) 1* 1-
#30081 0! 0% 0' 0)
#30082 1"
#30083 0*
#30084 0" 1*
#30085 1"
#30086 1%
#30087 0% 0*
#30088 1! 0" 1*
#30089 0! 1" 1% 0*
#30090 0% 00
#30091 1! 0" 1* 10
#30092 0! 1" 1% 0*
#30093 0%
#30094 1) 1*
#30095 1! 1# 1$ 1% 1& 1' 1(
#30096 0)
#30098 0" 0# 0$ 0% 0& 0' 0* 0- 00
#30099 1" 1# 1$ 1% 1& 1' 1* 1- 10
#30100 0$ 0% 0& 0' 0-
#30101 0" 0# 1$ 0*
#30102 1" 1# 1% 1& 1' 1* 1-
#30103 0% 0& 0' 0-
#30104 0" 0# 0$ 1% 0*
#30105 1" 1# 1$ 1& 1' 1* 1-
#30106 0$ 0& 0' 0-
#30107 0" 0# 1$ 0*
#30108 1" 1# 1& 1' 1* 1-
#30109 0& 0' 0-
#30110 0" 0# 0$ 0% 1& 0*
#30111 1" 1# 1$ 1% 1' 1* 1-
#30112 0$ 0% 0' 0-
#30113 0" 0# 1$ 0*
#30114 1" 1# 1% 1' 1* 1-
#30115 0% 0' 1) 0- 00
#30116 0" 0# 0$ 1% 0) 0* 10
#30117 1" 1# 1$ 1' 1* 1-
#30118 0$ 0' 1) 0-
#30119 0" 0# 1$ 0) 0*
#30120 1" 1# 1' 1* 1-
#30121 0' 1)
#30122 0" 0# 0$ 0% 0& 1' 0) 0* 0-
#30123 1" 1# 1$ 1% 1& 1* 1- 00
#30124 0$ 0% 0& 1) 10
#30125 0" 0# 1$ 0) 0* 0-
#30126 1" 1# 1% 1& 1* 1-
#30127 0% 0& 1) 0-
#30128 0" 0# 0$ 1% 0) 0*
#30129 1" 1# 1$ 1& 1* 1-
#30130 0$ 0& 1) 0-
#30131 0" 0# 1$ 0) 0*
#30132 1" 1# 1& 1* 1- 00
#30133 0& 0- 10
#30134 0" 0# 0$ 0% 1& 0*
#30135 1" 1# 1$ 1% 1* 1-
#30136 0$ 0% 0-
#30137 0" 0# 1$ 0*
#30138 1" 1# 1% 1* 1-
#30139 0% 0-
#30140 0" 0# 0$ 1% 0* 00
#30141 1" 1# 1$ 1* 1- 10
#30142 0$ 0-
#30143 0" 0# 1$ 0*
#30144 1" 1# 1* 1-
#30145 0-
#30146 0" 0# 0$ 0% 0& 0' 0( 0* 1-
#30147 1" 1% 1) 1*
#30148 0% 0)
#30149 0" 0*
#30150 1" 1*
#30151 0! 0" 1# 1% 1' 1( 1)
#30152 0# 0% 0' 0( 0) 0*
#30153 1! 1" 1*
#30154 0! 0" 1# 1% 1' 1( 1)
#30155 0# 0% 0' 0( 0) 0*
#30156 1! 1" 1*
#30157 0! 0" 1# 1% 1' 1( 1) 00
#30158 1! 1" 0# 0% 0' 0( 10
#30159 1# 1$ 1% 1& 1' 1(
#30161 0) 0+
#30162 0! 0" 0# 0$ 0% 0& 0' 0( 1+ 0-
#30163 1! 1" 1# 1$ 1% 1& 1' 1( 1) 1-
#30164 0$ 0% 0& 0' 0( 0) 0* 0-
#30165 0! 0" 0# 1$ 1* 00
#30166 1! 1" 1# 1% 1& 1' 1( 1) 1- 10
#30167 0% 0& 0' 0( 0) 0* 0-
#30168 0! 0" 0# 0$ 1% 1*
#30169 1! 1" 1# 1$ 1& 1' 1( 1) 1-
#30170 0$ 0& 0' 0( 0) 0* 0-
#30171 0! 0" 0# 1$ 1*
#30172 1! 1" 1# 1& 1' 1( 1) 1-
#30173 0& 0' 0( 0) 0* 0-
#30174 0! 0" 0# 0$ 0% 1& 1*
#30175 1! 1" 1# 1$ 1% 1' 1( 1) 1-
#30176 0$ 0% 0' 0( 0) 0* 0-
#30177 0! 0" 0# 1$ 1*
#30178 1! 1" 1# 1% 1' 1( 1) 1-
#30179 0% 0' 0( 0) 0* 0-
#30180 0! 0" 0# 0$ 1% 1*
#30181 1! 1" 1# 1$ 1' 1( 1) 1-
#30182 0$ 0' 0( 0) 0* 0- 00
#30183 0! 0" 0# 1$ 1* 10
#30184 1! 1" 1# 1' 1( 1) 1-
#30185 0' 0( 0) 0* 0-
#30186 0! 0" 0# 0$ 0% 0& 1' 1*
#30187 1! 1" 1# 1$ 1% 1& 1( 1) 1-
#30188 0$ 0% 0& 0( 0) 0* 0-
#30189 0! 0" 0# 1$ 1*
#30190 1! 1" 1# 1% 1& 1( 1) 1-
#30191 0% 0& 0( 0) 0* 0-
#30192 0! 0" 0# 0$ 1% 1*
#30193 1! 1" 1# 1$ 1& 1( 1) 1-
#30194 0$ 0& 0( 0) 0* 0-
#30195 0! 0" 0# 1$ 1*
#30196 1! 1" 1# 1& 1( 1) 1-
#30197 0& 0( 0) 0* 0-
#30198 0! 0" 0# 0$ 0% 1& 1*
#30199 1! 1" 1# 1$ 1% 1( 1) 1- 00
#30200 0$ 0% 0( 0) 0* 0- 10
#30201 0! 0" 0# 1$ 1*
#30202 1! 1" 1# 1% 1( 1) 1-
#30203 0% 0( 0) 0* 0-
#30204 0! 0" 0# 0$ 1% 1*
#30205 1! 1" 1# 1$ 1( 1) 1-
#30206 0$ 0( 0) 0* 0-
#30207 0! 0" 0# 1$ 1* 00
#30208 1! 1" 1# 1( 1) 1- 10
#30209 0( 0) 0* 0-
#30210 0! 0" 0# 0$ 0% 0& 0' 1-
#30211 1# 1%
#30212 0% 1*
#30213 0# 0*
#30214 1#
#30215 1%
#30216 1" 1' 1( 1) 1*
#30217 0" 0% 0' 0( 0) 0*
#30218 1%
#30219 1" 1' 1( 1) 1*
#30220 0" 0% 0' 0( 0) 0*
#30221 1%
#30222 0% 1) 1*
#30223 1! 1" 1$ 1% 1& 1' 1( 0)
#30224 0! 0" 0# 0$ 0% 0& 0' 0( 0* 00
#30225 1! 1" 1# 1$ 1% 1& 1' 1( 1* 10
#30226 0! 0" 0# 0$ 0% 0& 0' 0-
#30227 1$ 0( 0* 1-
#30228 1" 1# 0$ 1( 1* 0-
#30229 0" 0# 1$
#30230 0$ 1% 0( 0* 1-
#30231 1" 1# 1$ 0% 1( 1* 0-
#30232 0" 0# 0$ 1% 00
#30233 1$ 0( 0* 1- 10
#30234 1" 1# 0$ 1( 1* 0-
#30235 0" 0# 1$
#30236 0$ 0% 1& 0( 0* 1-
#30237 1" 1# 1$ 1% 0& 1( 1* 0-
#30238 0" 0# 0$ 0% 1&
#30239 1$ 0( 0* 1-
#30240 1" 1# 0$ 1( 1* 0-
#30241 0" 0# 1$ 00
#30242 0$ 1% 0( 0* 1- 10
#30243 1" 1# 1$ 0% 1( 1* 0-
#30244 0" 0# 0$ 1% 0*
#30245 1$ 0( 1-
#30246 1" 1# 0$ 1( 1* 0-
#30247 0" 0# 1$ 0*
#30248 0$ 0% 0& 1' 0( 1-
#30249 1" 1# 1$ 1% 1& 0' 1( 1* 0- 00
#30250 0" 0# 0$ 0% 0& 1' 0* 10
#30251 1$ 0( 1-
#30252 1" 1# 0$ 1( 1* 0-
#30253 0" 0# 1$ 0*
#30254 0$ 1% 0( 1-
#30255 1" 1# 1$ 0% 1( 1* 0-
#30256 0" 0# 0$ 1% 0*
#30257 1$ 0( 1-
#30258 1" 1# 0$ 1( 1* 0-
#30259 0" 0# 1$ 0*
#30260 0$ 0% 1& 0( 1-
#30261 1" 1# 1$ 1% 0& 1( 1* 0-
#30262 0" 0# 0$ 0% 1&
#30263 1$ 0( 0* 1-
#30264 1" 1# 0$ 1( 1* 0-
#30265 0" 0# 1$
#30266 0$ 1% 0( 0* 1- 00
#30267 1" 1# 1$ 0% 1( 1* 0- 10
#30268 0" 0# 0$ 1%
#30269 1$ 0( 0* 1-
#30270 1" 1# 0$ 1( 1* 0-
#30271 0" 0# 1$
#30272 1! 1" 1# 0+ 1-
#30273 0! 1+ 0-
#30274 0$ 0& 1) 1- 00
#30275 1! 0" 0% 0' 0( 0) 0* 10
#30276 1% 1*
#30277 0! 1" 1' 1( 1)
#30278 0" 0# 1$
#30279 1! 1# 0$ 0% 0' 0( 0)
#30280 0! 1" 0#
#30281 1! 1# 1$ 1% 1& 1' 1( 1)
#30282 0" 0$ 0% 0& 0' 0( 0)
#30283 0! 1" 0#
#30284 1! 1# 1$ 1% 1& 1' 1( 1)
#30285 0" 0$ 0% 0& 0' 0( 0)
#30286 1)
#30288 0! 1" 1% 1' 1(
#30289 1! 1$ 1& 0)
#30290 1)
#30291 0! 0$ 0& 00
#30292 0% 0' 0( 0) 0- 10
#30293 1! 0# 1% 1' 1) 1-
#30294 0! 1# 1(
#30295 1$ 0% 0' 0( 0) 0-
#30296 1! 0# 0$ 1% 1' 1) 1-
#30297 0! 1# 1(
#30298 0' 0( 0) 0-
#30299 1! 0# 1' 1) 1-
#30300 0! 1# 1(
#30301 1$ 0' 0( 0) 0-
#30302 1! 1& 1' 1( 1) 1-
#30303 0! 0$ 0&
#30304 0% 1& 0' 0( 0) 0-
#30305 1! 1$ 1% 1' 1( 1) 1-
#30306 0! 0$ 0&
#30307 1$ 0% 1& 0' 0( 0) 0-
#30308 1! 1% 1' 1( 1) 1- 00
#30309 0! 0$ 0& 10
#30310 1& 0' 0( 0) 0-
#30311 1! 1$ 1' 1( 1) 1-
#30312 0! 0$ 0&
#30313 0" 1$ 1& 0' 0( 0) 0-
#30314 1! 1" 1' 1( 1) 1-
#30315 0! 0$ 0&
#30316 0" 0% 0( 0) 0- 00
#30317 1! 1" 1$ 1% 1& 1( 1) 1- 10
#30318 0! 0$ 0&
#30319 0" 1$ 0% 0( 0) 0-
#30320 1! 1" 1% 1& 1( 1) 1-
#30321 0! 0$ 0&
#30322 0" 0( 0) 0-
#30323 1! 1" 1$ 1& 1( 1) 1-
#30324 0! 0$ 0&
#30325 0" 1$ 0( 0) 0-
#30326 1! 1" 1& 1( 1) 1-
#30327 0! 0$ 0&
#30328 0" 0% 1& 0( 0) 0-
#30329 1! 1" 1$ 1% 1( 1) 1-
#30330 0! 0$ 0&
#30331 1$ 0% 1& 0( 0) 0-
#30332 1! 1% 1( 1) 1-
#30333 0! 0$ 0& 00
#30334 1& 0( 0) 0- 10
#30335 1! 1$ 1( 1) 1-
#30337 0! 0( 0) 0-
#30338 0# 0$ 0% 0& 0' 0* 1-
#30339 0" 1$ 1% 1' 1( 1) 1*
#30340 1" 1# 0$ 0' 0( 0)
#30341 0# 0% 0* 00
#30342 1! 1# 1$ 1% 1& 1' 1( 1* 10
#30343 0! 0$ 0% 0& 0' 0(
#30344 1! 0" 0# 0*
#30345 1" 1# 1$ 1% 1& 1' 1( 1*
#30346 0! 0$ 0% 0& 0' 0(
#30347 1! 0" 0# 0*
#30348 1" 1# 1$ 1% 1& 1' 1( 1*
#30349 0! 0" 0# 0$ 0% 0& 0' 0(
#30350 1" 1# 1) 00
#30351 10
#30352 1! 1$ 1% 1& 1' 1(
#30353 0) 0+
#30354 1+
#30355 0# 0$ 0% 0& 0' 0-
#30356 0" 1# 0*
#30357 1" 1$ 1% 1& 1' 1* 1-
#30358 0# 0% 0& 0' 0- 00
#30359 0" 1# 0* 10
#30360 1" 1% 1& 1' 1* 1-
#30361 0# 0$ 0& 0' 0-
#30362 0" 1# 0*
#30363 1" 1$ 1& 1' 1* 1-
#30364 0# 0& 0' 0-
#30365 0" 1# 0*
#30366 1" 1& 1' 1* 1-
#30367 0# 0$ 0% 0' 0-
#30368 0" 1# 0*
#30369 1" 1$ 1% 1' 1* 1-
#30370 0# 0% 0' 0-
#30371 0" 1# 0*
#30372 1" 1% 1' 1* 1-
#30373 0# 0$ 0' 0-
#30374 0" 1# 0*
#30375 1" 1$ 1' 1* 1- 00
#30376 0# 0' 0- 10
#30377 0" 1# 0*
#30378 1" 1' 1* 1-
#30379 0# 0$ 0% 0& 0-
#30380 0" 1# 0*
#30381 1" 1$ 1% 1& 1-
#30382 0# 0% 0& 1* 0-
#30383 0" 1# 0* 00
#30384 1" 1% 1& 1* 1- 10
#30385 0# 0$ 0& 0-
#30386 0" 1# 0*
#30387 1" 1$ 1& 1* 0+ 1-
#30388 0# 0& 1+ 0-
#30389 0" 1# 0*
#30390 1" 1& 1* 1-
#30391 0# 0$ 0% 0-
#30392 0" 1# 0*
#30393 1" 1$ 1% 1* 1-
#30394 0# 0% 0-
#30395 0" 1# 0*
#30396 1" 1% 1* 1-
#30397 0# 0$ 0-
#30398 0" 1# 0*
#30399 1" 1$ 1* 1-
#30400 0# 0- 00
#30401 0" 1# 0* 10
#30402 0# 0$ 0% 0& 0' 0( 1-
#30403 1" 1# 1$ 1% 1& 1' 1( 1*
#30404 0$ 0% 0& 0' 0( 0*
#30405 0" 0#
#30406 1" 1# 1$ 1% 1& 1' 1( 1*
#30407 0$ 0% 0& 0' 0(
#30408 0! 0" 0# 0*
#30409 1" 1)
#30410 1! 1# 0) 1*
#30411 0! 0" 0# 0*
#30412 1" 1)
#30413 1! 1# 0) 1*
#30414 1)
#30416 1$ 1% 1& 1' 1(
#30417 0) 0+ 00
#30418 0! 0" 0$ 0% 0& 0' 0( 1) 1+ 10
#30419 1! 1" 0# 0) 0* 0-
#30420 0! 0" 1#
#30421 1) 1* 1-
#30422 1! 1" 0# 1$ 0) 0* 0-
#30423 0! 0" 1#
#30424 0$ 1% 1) 1* 1-
#30425 1! 1" 0# 0) 0* 0- 00
#30426 0! 0" 1# 10
#30427 0% 1) 1* 1-
#30428 1! 1" 0# 1$ 1% 0) 0* 0-
#30429 0! 0" 1#
#30430 0$ 0% 1& 1) 1* 1-
#30431 1! 1" 0# 0) 0* 0-
#30432 0! 0" 1#
#30433 0# 1$ 1) 1* 1-
#30434 1! 1" 0) 0* 0-
#30435 0! 0" 1#
#30436 0$ 1% 1) 1* 1-
#30437 1! 1" 0# 0) 0* 0-
#30438 0! 0" 1#
#30439 1$ 1) 1* 1-
#30440 1! 1" 0# 0) 0* 0-
#30441 0! 0" 1#
#30442 0$ 0% 0& 1' 1) 1* 1- 00
#30443 1! 1" 0# 0) 0* 0- 10
#30444 0! 0" 1#
#30445 1$ 1) 1* 1-
#30446 1! 1" 0# 0) 0* 0-
#30447 0! 0" 1#
#30448 0$ 1% 1) 1* 1-
#30449 1! 1" 0# 0) 0* 0-
#30450 0! 0" 1# 00
#30451 1$ 1) 1* 1- 10
#30452 1! 1" 0# 0) 0* 0-
#30453 0! 0" 1#
#30454 0$ 0% 1& 1) 1* 1-
#30455 1! 1" 0# 0) 0* 0-
#30456 0! 0" 1#
#30457 1$ 1) 1* 1-
#30458 1! 1" 0# 0) 0* 0-
#30459 0! 0" 1# 00
#30460 0$ 1% 1) 1* 1- 10
#30461 1! 1" 0# 0) 0* 0-
#30462 0! 0" 1#
#30463 1$ 1) 1* 1-
#30464 1! 1" 0# 0) 0* 0-
#30465 0! 0" 1#
#30466 0# 0$ 0% 0& 0' 1* 1-
#30467 1! 1" 1# 1$ 1% 1& 1' 1( 1) 00
#30468 0! 0" 0# 0& 10
#30469 0$ 0% 0' 0( 0)
#30470 1" 1)
#30471 0" 1$ 0)
#30472 1" 1# 0$ 1% 1' 1(
#30473 0" 0# 0% 0' 0(
#30474 1$
#30475 1" 1# 0$ 1% 1' 1(
#30476 1! 0" 0# 0% 0' 0(
#30477 0! 1$
#30478 1)
#30480 1! 1" 1# 1% 1& 1' 1( 0)
#30481 1)
#30482 0! 0" 0$ 0% 0& 0' 0( 0) 0*
#30483 1" 0# 1( 0-
#30484 0" 1# 1% 1' 0( 1) 1* 1- 00
#30485 1$ 0% 0' 0) 10
#30486 1" 0# 1( 0* 0-
#30487 0" 1# 0$ 1% 1' 0( 1) 1* 1-
#30488 0' 0)
#30489 1" 0# 1( 0* 0-
#30490 0" 1# 1' 0( 1) 1* 1-
#30491 1$ 0' 0)
#30492 1" 0# 1( 0* 0- 00
#30493 0" 1# 0$ 1' 0( 1) 1* 1- 10
#30494 0% 1& 0' 0)
#30495 1" 0# 1( 0* 0-
#30496 0" 1# 1% 0& 1' 0( 1) 1* 1-
#30497 1$ 0% 1& 0' 0)
#30498 1" 0# 1( 0* 0-
#30499 0" 1# 0$ 1% 0& 1' 0( 1) 1* 1-
#30500 1& 0' 0) 0*
#30501 1" 0# 1( 0-
#30502 0" 1# 0& 1' 0( 1) 1* 1-
#30503 1$ 1& 0' 0) 0*
#30504 1" 0# 1( 0-
#30505 0" 1# 0$ 0& 1' 0( 1) 1* 1-
#30506 0% 0) 0*
#30507 1" 0# 1( 0-
#30508 0" 1# 1% 0( 1) 1* 1-
#30509 1$ 0% 0) 0* 00
#30510 1" 0# 1( 0- 10
#30511 0" 1# 0$ 1% 0( 1) 1* 1-
#30512 0) 0*
#30513 1" 0# 1( 0-
#30514 0" 1# 0( 1) 1* 1-
#30515 1$ 0) 0*
#30516 1" 0# 1( 0-
#30517 0" 1# 0$ 0( 1) 1* 1-
#30518 0% 1& 0) 0*
#30519 1" 0# 1( 0-
#30520 0" 1# 1% 0& 0( 1) 1* 1-
#30521 1$ 0% 1& 0) 0*
#30522 1" 0# 1( 0-
#30523 0" 1# 0$ 1% 0& 0( 1) 1* 1-
#30524 1& 0)
#30525 1" 0# 1( 0* 0-
#30526 0" 1# 0& 0( 1) 1* 1- 00
#30527 1$ 1& 0) 10
#30528 1" 0# 1( 0* 0-
#30529 0" 1# 0$ 0& 0( 1) 1* 1-
#30530 0# 0% 0' 0)
#30531 1" 0*
#30532 1! 0" 1$
#30533 0! 0$ 1*
#30534 1" 0* 00
#30535 1! 0" 1$ 1% 1* 10
#30536 0% 0*
#30537 0$
#30538 1$ 1% 1*
#30539 0% 0*
#30540 0$
#30541 1$ 1% 1*
#30542 0% 0*
#30543 1) 1*
#30544 1" 1# 1% 1& 1' 1(
#30545 0)
#30546 0! 0& 1)
#30547 1! 0" 0# 0$ 0% 0' 0( 0) 0-
#30548 1" 1# 1$ 1% 1& 1' 1( 1-
#30549 0! 0$ 0% 0& 0' 0( 1)
#30550 1! 0" 0# 1$ 0) 0-
#30551 1" 1# 1% 1& 1' 1( 1- 00
#30552 0! 0$ 0% 0& 1) 10
#30553 1! 0" 0# 1% 0' 0( 0) 0-
#30554 1" 1# 1$ 1& 1' 1( 1-
#30555 0! 0$ 0& 1)
#30556 1! 0" 0# 1$ 0' 0( 0) 0-
#30557 1" 1# 1& 1' 1( 1-
#30558 0! 0$ 0& 1)
#30559 1! 0" 0# 0% 1& 0' 0( 0) 0- 00
#30560 1" 1# 1$ 1% 1' 1( 1- 10
#30561 0! 0$ 0% 0& 0' 0( 1)
#30562 1! 0" 0# 1$ 1& 0) 0-
#30563 1" 1# 1% 1' 1( 1-
#30564 0! 0% 0' 0( 1)
#30565 1! 0" 0# 0$ 1% 0) 0-
#30566 1" 1# 1$ 1' 1( 1-
#30567 0$ 0' 0( 1)
#30568 0" 0# 1$ 0) 0- 00
#30569 1" 1# 1' 1( 1- 10
#30570 0' 0( 1)
#30571 0" 0# 0$ 0% 0& 1' 0) 0-
#30572 1" 1# 1$ 1% 1& 1( 1-
#30573 0$ 0% 0& 0( 1)
#30574 0" 0# 1$ 0) 0-
#30575 1" 1# 1% 1& 1( 1-
#30576 0% 0& 0( 1) 00
#30577 0" 0# 0$ 1% 0) 0* 0- 10
#30578 1" 1# 1$ 1& 1( 1* 1-
#30579 0$ 0& 0( 1)
#30580 0" 0# 1$ 0) 0* 0-
#30581 1" 1# 1& 1( 1* 1-
#30582 0& 0( 1)
#30583 0" 0# 0$ 0% 1& 0) 0-
#30584 1" 1# 1$ 1% 1( 1-
#30585 0$ 0% 0( 1)
#30586 0" 0# 1$ 0) 0-
#30587 1" 1# 1% 1( 1-
#30588 0% 0( 1)
#30589 0" 0# 0$ 1% 0) 0-
#30590 1" 1# 1$ 1( 1-
#30591 0$ 0( 1)
#30592 0" 0# 1$ 0) 0-
#30593 1" 1# 1( 1- 00
#30594 0( 1) 10
#30595 0" 0# 0$ 0% 0& 0' 0) 0*
#30596 0! 1# 1% 1' 1( 1) 1*
#30597 1" 0# 1$ 0% 0' 0(
#30598 1! 0" 0$ 0) 0*
#30599 0! 1" 1$ 1% 1*
#30600 0" 1# 0$ 1' 1(
#30601 0# 0% 0' 0( 0* 00
#30602 1" 1$ 1% 1* 10
#30603 0" 1# 0$ 1' 1(
#30604 0# 0% 0' 0( 0*
#30605 1" 1$ 1% 1*
#30606 0" 1# 0$ 1' 1( 1)
#30607 1" 0# 1$ 0% 0' 0(
#30608 1! 1# 1% 1& 1' 1(
#30610 0) 0+
#30611 0! 0" 0# 0$ 0% 0& 0' 1+ 0-
#30612 1! 1" 1# 1$ 1% 1& 1' 1) 1-
#30613 0$ 0% 0& 0' 0) 0* 0-
#30614 0! 0" 0# 1$ 1*
#30615 1! 1" 1# 1% 1& 1' 1) 1-
#30616 0% 0& 0' 0) 0* 0-
#30617 0! 0" 0# 0$ 1% 1*
#30618 1! 1" 1# 1$ 1& 1' 1) 1- 00
#30619 0$ 0& 0' 0) 0* 0- 10
#30620 0! 0" 0# 1$ 1*
#30621 1! 1" 1# 1& 1' 1) 1-
#30622 0& 0' 0) 0* 0-
#30623 0! 0" 0# 0$ 0% 1& 1*
#30624 1! 1" 1# 1$ 1% 1' 1) 1-
#30625 0$ 0% 0' 0) 0* 0-
#30626 0! 0" 0# 1$ 1*
#30627 1! 1" 1# 1% 1' 1) 1-
#30628 0% 0' 0) 0* 0-
#30629 0! 0" 0# 0$ 1% 1*
#30630 1! 1" 1# 1$ 1' 1) 1-
#30631 0$ 0' 0) 0* 0-
#30632 0! 0" 0# 1$ 1*
#30633 1! 1" 1# 1' 1) 1-
#30634 0' 0) 0* 0-
#30635 0! 0" 0# 0$ 0% 0& 1' 1* 00
#30636 1! 1" 1# 1$ 1% 1& 1) 1- 10
#30637 0$ 0% 0& 0) 0-
#30638 0" 0# 1$
#30639 1" 1# 1% 1& 1) 1-
#30640 0% 0& 0) 0-
#30641 0" 0# 0$ 1%
#30642 1" 1# 1$ 1& 1) 1-
#30643 0$ 0& 0) 0- 00
#30644 0" 0# 1$ 10
#30645 1" 1# 1& 1) 1-
#30646 0& 0) 0* 0-
#30647 0! 0" 0# 0$ 0% 1& 1*
#30648 1! 1" 1# 1$ 1% 1) 1-
#30649 0$ 0% 0) 0* 0-
#30650 0! 0" 0# 1$ 1*
#30651 1! 1" 1# 1% 1) 1-
#30652 0% 0) 0* 0-
#30653 0! 0" 0# 0$ 1% 1*
#30654 1! 1" 1# 1$ 1) 1-
#30655 0$ 0) 0* 0-
#30656 0! 0" 0# 1$ 1*
#30657 1! 1" 1# 1) 1-
#30658 0) 0* 0-
#30659 0! 0" 0# 0$ 0% 0& 0' 0( 1-
#30660 1! 1" 1$ 1% 00
#30661 0% 1* 10
#30662 0! 0" 0$ 0*
#30663 1! 1" 1$
#30664 1%
#30665 0! 1# 0$ 1' 1( 1) 1*
#30666 1! 0# 1$ 0% 0' 0( 0) 0*
#30667 1%
#30668 0! 1# 0$ 1' 1( 1) 1* 00
#30669 1! 0# 1$ 0% 0' 0( 0) 0* 10
#30670 1%
#30671 0% 1) 1*
#30672 1# 1% 1& 1' 1( 0)
#30673 0! 0" 0# 0$ 0% 0& 0' 0( 0*
#30674 1! 1" 1# 1$ 1% 1& 1' 1( 1*
#30675 0! 0" 0# 0$ 0% 0& 0' 0( 0* 0-
#30676 1$ 1-
#30677 1" 1# 0$ 1* 0- 00
#30678 0" 0# 1$ 0* 10
#30679 0$ 1% 1-
#30680 1" 1# 1$ 0% 1* 0-
#30681 0" 0# 0$ 1% 0*
#30682 1$ 1-
#30683 1" 1# 0$ 1* 0-
#30684 0" 0# 1$ 0*
#30685 0$ 0% 1& 1- 00
#30686 1" 1# 1$ 1% 0& 1* 0- 10
#30687 0" 0# 0$ 0% 1& 0*
#30688 1$ 1-
#30689 1" 1# 0$ 1* 0-
#30690 0" 0# 1$ 0*
#30691 0$ 1% 1-
#30692 1" 1# 1$ 0% 1* 0-
#30693 0" 0# 0$ 1% 0*
#30694 1$ 1-
#30695 1" 1# 0$ 1* 0-
#30696 0" 0# 1$ 0*
#30697 0$ 0% 0& 1' 1-
#30698 1" 1# 1$ 1% 1& 0' 1* 0-
#30699 0" 0# 0$ 0% 0& 1' 0*
#30700 1$ 1-
#30701 1" 1# 0$ 1* 0-
#30702 0" 0# 1$ 0* 00
#30703 0$ 1% 1- 10
#30704 1" 1# 1$ 0% 1* 0-
#30705 0" 0# 0$ 1% 0*
#30706 1$ 1-
#30707 1" 1# 0$ 1* 0-
#30708 0" 0# 1$ 0*
#30709 0$ 0% 1& 1-
#30710 1" 1# 1$ 1% 0& 1* 0- 00
#30711 0" 0# 0$ 0% 1& 0* 10
#30712 1$ 1-
#30713 1" 1# 0$ 1* 0-
#30714 0" 0# 1$ 0*
#30715 0$ 1% 1-
#30716 1" 1# 1$ 0% 1* 0-
#30717 0" 0# 0$ 1% 0*
#30718 1$ 1-
#30719 1" 1# 0$ 1* 0-
#30720 0" 0# 1$ 0*
#30721 1! 1" 1# 1( 1* 0+ 1-
#30722 0! 0( 1+ 0-
#30723 0" 0# 0$ 0% 0& 0' 1-
#30724 1# 1$ 0*
#30725 1% 1) 1*
#30726 0# 0$ 0% 0)
#30727 1$ 1% 1' 1( 1) 00
#30728 1# 0% 0' 0( 0) 10
#30729 1" 0# 0$ 0*
#30730 0" 1$ 1% 1' 1( 1) 1*
#30731 1# 0% 0' 0( 0)
#30732 1" 0# 0$ 0*
#30733 0" 1$ 1% 1' 1( 1) 1*
#30734 1# 0% 0' 0( 0)
#30735 1)
#30736 1! 1" 1% 1& 1' 1(
#30737 0! 0$ 0&
#30738 1! 1$ 1& 0) 0+
#30739 0! 0$ 0& 0( 1) 1+
#30740 1(
#30741 0% 0' 0) 0* 0-
#30742 1% 1' 0( 1) 1* 1-
#30743 1(
#30744 1$ 0% 0' 0) 0* 0- 00
#30745 0$ 1% 1' 0( 1) 1* 1- 10
#30746 1(
#30747 0' 0) 0-
#30748 1' 0( 1) 1-
#30749 1(
#30750 1$ 0' 0) 0-
#30751 0$ 1' 0( 1) 1-
#30752 1( 00
#30753 0% 1& 0' 0) 0- 10
#30754 1% 0& 1' 0( 1) 1-
#30755 1(
#30756 1$ 0% 1& 0' 0) 0* 0-
#30757 0$ 1% 0& 1' 0( 1) 1* 1-
#30758 1(
#30759 1& 0' 0) 0* 0-
#30760 0& 1' 0( 1) 1* 1-
#30761 1(
#30762 1$ 1& 0' 0) 0* 0-
#30763 0$ 0& 1' 0( 1) 1* 1-
#30764 1(
#30765 0% 0) 0* 0-
#30766 1% 0( 1) 1* 1-
#30767 1(
#30768 1$ 0% 0) 0* 0-
#30769 0$ 1% 0( 1) 1* 1- 00
#30770 1( 10
#30771 0) 0* 0-
#30772 0( 1) 1* 1-
#30773 1(
#30774 1$ 0) 0* 0-
#30775 0$ 0( 1) 1* 1-
#30776 1(
#30777 0% 1& 0) 0* 0- 00
#30778 1% 0& 0( 1) 1* 1- 10
#30779 1(
#30780 1$ 0% 1& 0) 0* 0-
#30781 0$ 1% 0& 0( 1) 1* 1-
#30782 1(
#30783 1& 0) 0-
#30784 0& 0( 1) 1-
#30785 1! 1$ 1& 1(
#30786 0! 0) 0- 00
#30787 0# 0$ 0% 0& 0' 0( 0* 1- 10
#30788 0" 1$ 1% 1' 1( 1) 1*
#30789 1! 1# 0' 0( 0)
#30790 0! 1" 0# 0$ 0% 0*
#30791 1! 1# 1$ 1% 1& 1' 1( 1*
#30792 0" 0% 0& 0' 0(
#30793 0# 0$ 0*
#30794 1" 1# 1$ 1% 1& 1' 1( 1* 00
#30795 0" 0% 0& 0' 0( 10
#30796 0# 0$ 0*
#30797 1" 1# 1$ 1% 1& 1' 1( 1*
#30798 0" 0% 0& 0' 0(
#30799 1)
#30801 1" 1% 1& 1' 1(
#30802 0) 0+
#30803 1+
#30804 0# 0$ 0% 0& 0' 0( 0-
#30805 0" 1# 0*
#30806 1" 1$ 1% 1& 1-
#30807 0# 0% 0& 1* 0-
#30808 0" 1# 0*
#30809 1" 1% 1& 1' 1( 1* 1-
#30810 0# 0$ 0& 0' 0( 0-
#30811 0" 1# 0* 00
#30812 1" 1$ 1& 1* 0+ 1- 10
#30813 0# 0& 1+ 0-
#30814 0" 1# 0*
#30815 1" 1& 1' 1( 1* 1-
#30816 0# 0$ 0% 0' 0( 0-
#30817 0" 1# 0*
#30818 1" 1$ 1% 1-
#30819 0# 0% 1* 0- 00
#30820 0" 1# 0* 10
#30821 1" 1% 1' 1( 1* 1-
#30822 0# 0$ 0' 0( 0-
#30823 0" 1# 0*
#30824 1" 1$ 1* 0+ 1-
#30825 0# 1+ 0-
#30826 0" 1# 0*
#30827 1" 1' 1( 1* 1-
#30828 0# 0$ 0% 0& 0( 0-
#30829 0" 1# 0*
#30830 1" 1$ 1% 1& 0' 1-
#30831 0# 0% 0& 1' 1* 0-
#30832 0" 1# 0*
#30833 1" 1% 1& 1( 1* 1-
#30834 0# 0$ 0& 0( 0-
#30835 0" 1# 0*
#30836 1" 1$ 1& 0' 1* 0+ 1- 00
#30837 0# 0& 1' 1+ 0- 10
#30838 0" 1# 0*
#30839 1" 1& 1( 1* 1-
#30840 0# 0$ 0% 0( 0-
#30841 0" 1# 0*
#30842 1" 1$ 1% 0' 1-
#30843 0# 0% 1' 1* 0-
#30844 0" 1# 0*
#30845 1" 1% 1( 1* 1-
#30846 0# 0$ 0( 0-
#30847 0" 1# 0*
#30848 1" 1$ 0' 1* 0+ 1-
#30849 0# 1' 1+ 0-
#30850 0" 1# 0*
#30851 0# 0$ 0% 0& 0' 1* 1-
#30852 1" 1# 1$ 1% 1& 1' 1(
#30853 0! 0% 0& 0' 0( 0* 00
#30854 1! 0" 0# 0$ 1* 10
#30855 1" 1# 1$ 1% 1& 1' 1(
#30856 0! 0" 0# 0% 0& 0' 0( 1)
#30857 0$ 0)
#30858 1! 1" 1# 1$ 1% 1& 1' 1( 1)
#30859 0! 0" 0# 0% 0& 0' 0(
#30860 0$ 0)
#30861 1! 1" 1# 1$ 1% 1& 1' 1( 1) 00
#30862 0! 0% 0& 0' 0( 10
#30865 1! 1% 1& 1' 1(
#30866 0)
#30867 1)
#30868 0# 0$ 0% 0& 0' 0) 0* 0-
#30869 0! 0" 1# 1*
#30870 1" 1$ 1% 0( 1) 1-
#30871 1! 0# 0% 1( 0) 0* 0-
#30872 0! 0" 1#
#30873 1! 1" 1% 1& 1' 1) 1* 1-
#30874 0# 0$ 0& 0' 0) 0* 0-
#30875 0! 0" 1#
#30876 1! 1" 1$ 0( 1) 1* 1-
#30877 0# 1( 0) 0* 0-
#30878 0! 0" 1# 00
#30879 1! 0$ 1& 1' 1) 1* 1- 10
#30880 1" 0# 0% 0' 0) 0* 0-
#30881 0! 0" 1#
#30882 0# 0( 1) 1* 1-
#30883 1! 1" 1$ 1( 0) 0* 0-
#30884 0! 0" 1#
#30885 1! 1" 1% 1' 1) 1* 1-
#30886 0# 0$ 0' 0) 0* 0- 00
#30887 0! 0" 1# 10
#30888 1! 0# 0% 0( 1) 1* 1-
#30889 1" 1$ 1% 1( 0) 0* 0-
#30890 0! 0" 1#
#30891 1! 1" 1' 1) 1* 1-
#30892 0# 0$ 0% 0& 0) 0* 0-
#30893 0! 0" 1# 1*
#30894 1" 0# 1& 0' 0( 1) 1-
#30895 1! 1$ 0& 1' 1( 0) 0* 0- 00
#30896 0! 0" 1# 1* 10
#30897 1! 1" 1% 1& 1) 1-
#30898 0# 0$ 0& 0) 0* 0-
#30899 0! 0" 1# 1*
#30900 1! 1" 0# 0% 1& 0' 0( 1) 1-
#30901 1$ 1% 0& 1' 1( 0) 0* 0-
#30902 0! 0" 1# 1*
#30903 1! 1" 1& 1) 1- 00
#30904 0# 0$ 0% 0) 0* 0- 10
#30905 0! 0" 1# 1*
#30906 0' 0( 1) 1-
#30907 1! 1" 0# 1$ 1' 1( 0) 0* 0-
#30908 0! 0" 1#
#30909 1! 1" 1% 1) 1* 1-
#30910 0# 0$ 0) 0* 0-
#30911 0! 0" 1#
#30912 1! 0% 0' 0( 1) 1* 1-
#30913 1" 0# 1$ 1% 1' 1( 0) 0* 0-
#30914 0! 0" 1#
#30915 0# 0$ 0% 0& 0' 0( 1* 1-
#30916 1! 1" 1# 1$ 1% 1& 1' 1( 1)
#30917 0! 0" 0# 0&
#30918 0$ 0% 0' 0( 0)
#30919 1" 1)
#30920 1! 1# 1$ 0) 00
#30921 0! 0$ 1% 1' 1( 10
#30922 0" 0# 0% 0' 0(
#30923 1! 1" 1# 1$
#30924 0! 0$ 1% 1' 1(
#30925 0" 0# 0% 0' 0(
#30926 1! 1" 1# 1$
#30927 1)
#30928 00
#30929 1% 1& 1' 1( 0) 10
#30931 0! 0" 0$ 0% 0& 0' 0( 0*
#30932 1" 0# 0-
#30933 0" 1$ 1% 1' 1*
#30934 1# 0% 0' 0* 1-
#30935 1" 0# 0-
#30936 0" 1% 1' 1*
#30937 1# 0$ 0' 0* 1-
#30938 1" 0# 0-
#30939 0" 1$ 1*
#30940 1# 0* 1-
#30941 1" 0# 0-
#30942 0" 1*
#30943 1# 0$ 0% 1& 0* 1-
#30944 1" 0# 0-
#30945 0" 1$ 0& 1* 00
#30946 1# 1& 0* 1- 10
#30947 1" 0# 0-
#30948 0" 1% 0& 1' 1*
#30949 1# 0$ 1& 0' 0* 1-
#30950 1" 0# 0-
#30951 0" 1$ 0& 1' 1*
#30952 1# 1& 0' 0* 1-
#30953 1" 0# 0-
#30954 0" 0& 1' 1*
#30955 1# 0$ 0% 0* 1-
#30956 1" 0# 0-
#30957 0" 1$ 1% 1*
#30958 1# 0% 0* 1-
#30959 1" 0# 0-
#30960 0" 1% 1*
#30961 1# 0$ 0* 1-
#30962 1" 0# 0- 00
#30963 0" 1$ 1) 1* 10
#30964 1# 0) 0* 1-
#30965 1" 0# 0-
#30966 0" 1) 1*
#30967 1# 0$ 0% 1& 0) 0* 1-
#30968 1" 0# 0-
#30969 0" 1$ 1% 0& 1) 1*
#30970 1# 0% 1& 0) 0* 1- 00
#30971 1" 0# 0- 10
#30972 0" 1% 0& 1*
#30973 1# 0$ 1& 0* 1-
#30974 1" 0# 0-
#30975 0" 1$ 0& 1*
#30976 1# 1& 0* 1-
#30977 1" 0# 0-
#30978 0" 0& 1*
#30979 0$ 0% 0' 0* 1-
#30980 1"
#30981 0"
#30983 1"
#30984 0" 1% 1) 1*
#30985 0% 0)
#30986 1! 0*
#30987 0! 1% 1) 1* 00
#30988 0% 0) 10
#30989 1! 0*
#30990 0! 1% 1) 1*
#30991 0% 0)
#30992 1)
#30993 1! 1" 1# 1$ 1% 1& 1' 1( 0)
#30995 0! 0$ 0& 1) 00
#30996 1! 0" 0# 0% 0' 0) 0- 10
#30997 1" 1# 1$ 1% 1& 1' 1-
#30998 0! 0$ 0& 1)
#30999 1! 0" 0# 1$ 0% 0' 0) 0-
#31000 1" 1# 1% 1& 1' 1-
#31001 0! 0$ 0& 1)
#31002 1! 0" 0# 0' 0) 0-
#31003 1" 1# 1$ 1& 1' 1-
#31004 0! 0$ 0& 1) 00
#31005 1! 0" 0# 1$ 0' 0) 0- 10
#31006 1" 1# 1& 1' 1-
#31007 0! 0$ 0& 1)
#31008 1! 0" 0# 0% 1& 0' 0) 0-
#31009 1" 1# 1$ 1% 1' 1-
#31010 0! 0$ 0& 1)
#31011 1! 0" 0# 1$ 0% 1& 0' 0) 0-
#31012 1" 1# 1% 1' 1- 00
#31013 0! 0$ 0& 1) 10
#31014 1! 0" 0# 1& 0' 0) 0-
#31015 1" 1# 1$ 1' 1-
#31016 0! 0$ 0& 1)
#31017 1! 0" 0# 1$ 1& 0' 0) 0-
#31018 1" 1# 1' 1-
#31019 0! 0$ 0& 1)
#31020 1! 0" 0# 0% 0) 0-
#31021 1" 1# 1$ 1% 1& 1-
#31022 0! 0$ 0& 1)
#31023 1! 0" 0# 1$ 0% 0) 0-
#31024 1" 1# 1% 1& 1-
#31025 0! 0$ 0& 1)
#31026 1! 0" 0# 0) 0-
#31027 1" 1# 1$ 1& 1-
#31028 0! 0$ 0& 1)
#31029 1! 0" 0# 1$ 0) 0- 00
#31030 1" 1# 1& 1- 10
#31031 0! 0$ 0& 1)
#31032 1! 0" 0# 0% 1& 0) 0-
#31033 1" 1# 1$ 1% 1-
#31034 0! 0$ 0& 1)
#31035 1! 0" 0# 1$ 0% 1& 0) 0-
#31036 1" 1# 1% 1-
#31037 0! 0$ 0& 1) 00
#31038 1! 0" 0# 1& 0) 0- 10
#31039 1" 1# 1$ 1-
#31040 0! 0$ 0& 1)
#31041 1! 0" 0# 1$ 1& 0) 0-
#31042 1" 1# 1-
#31043 0! 0$ 0& 1)
#31044 1! 0" 0# 0% 0' 0( 0) 0*
#31045 0! 1# 1% 1' 1( 1) 1*
#31046 0# 0% 0'
#31047 1! 0( 0) 0*
#31048 1% 1*
#31049 0! 1# 1' 1(
#31050 0# 0% 0' 0( 0*
#31051 1! 1% 1*
#31052 0! 1# 1' 1(
#31053 0# 0% 0' 0( 0*
#31054 1! 1% 1* 00
#31055 0! 1# 1' 1( 10
#31056 1! 0# 0% 0' 0( 1)
#31057 1" 1# 1$ 1% 1& 1' 1(
#31058 0)
#31060 0" 0# 0$ 0% 0& 0' 0( 0-
#31061 1" 1# 1$ 1% 1& 1' 1( 1-
#31062 0$ 0% 0& 0' 0( 0-
#31063 0" 0# 1$
#31064 1" 1# 1% 1& 1' 1( 1-
#31065 0% 0& 0' 0( 0-
#31066 0" 0# 0$ 1% 0*
#31067 1" 1# 1$ 1& 1' 1( 1* 1-
#31068 0$ 0& 0' 0( 0-
#31069 0" 0# 1$ 0*
#31070 1" 1# 1& 1' 1( 1* 1-
#31071 0& 0' 0( 0- 00
#31072 0" 0# 0$ 0% 1& 0* 10
#31073 1" 1# 1$ 1% 1' 1( 1* 1-
#31074 0$ 0% 0' 0( 0-
#31075 0" 0# 1$ 0*
#31076 1" 1# 1% 1' 1( 1* 1-
#31077 0% 0' 0( 0-
#31078 0" 0# 0$ 1% 0*
#31079 1" 1# 1$ 1' 1( 1* 1- 00
#31080 0$ 0' 0( 0- 10
#31081 0" 0# 1$
#31082 1" 1# 1' 1( 1-
#31083 0' 0( 0-
#31084 0" 0# 0$ 0% 0& 1'
#31085 1" 1# 1$ 1% 1& 1( 1-
#31086 0$ 0% 0& 0( 0-
#31087 0" 0# 1$
#31088 1" 1# 1% 1& 1( 1-
#31089 0% 0& 0( 0-
#31090 0" 0# 0$ 1%
#31091 1" 1# 1$ 1& 1( 1-
#31092 0$ 0& 0( 0-
#31093 0" 0# 1$
#31094 1" 1# 1& 1( 1) 1-
#31095 0& 0( 0) 0-
#31096 0" 0# 0$ 0% 1& 00
#31097 1" 1# 1$ 1% 1( 1) 1- 10
#31098 0$ 0% 0( 0) 0-
#31099 0" 0# 1$
#31100 1" 1# 1% 1( 1) 1-
#31101 0% 0( 0) 0-
#31102 0" 0# 0$ 1%
#31103 1" 1# 1$ 1( 1-
#31104 0$ 0( 0- 00
#31105 0" 0# 1$ 10
#31106 1" 1# 1( 1-
#31107 0( 0-
#31108 0! 0" 0# 0$ 0% 0& 0' 1-
#31109 1" 1% 0*
#31110 0%
#31111 0" 1*
#31112 1" 0*
#31113 1% 1* 00
#31114 1# 1' 1( 1) 10
#31115 0# 0% 0' 0( 0) 0*
#31116 1% 1*
#31117 1# 1' 1( 1)
#31118 0# 0% 0' 0( 0) 0*
#31119 1% 1*
#31120 0% 1)
#31121 1! 1# 1$ 1% 1& 1' 1( 0) 00
#31122 0! 0" 0# 0$ 0% 0& 0' 0( 10
#31123 1! 1" 1# 1$ 1% 1& 1' 1(
#31124 0! 0" 0# 0$ 0% 0& 0' 0* 0-
#31125 1$ 0( 1* 1-
#31126 1! 1" 1# 0$ 1( 0-
#31127 0! 0" 0# 1$ 0*
#31128 0$ 1% 0( 1* 1-
#31129 1! 1" 1# 1$ 0% 1( 0-
#31130 0! 0" 0# 0$ 1% 0*
#31131 1$ 0( 1* 1-
#31132 1! 1" 1# 0$ 1( 0-
#31133 0! 0" 0# 1$ 0*
#31134 0$ 0% 1& 0( 1-
#31135 1" 1# 1$ 1% 0& 1( 1* 0-
#31136 0" 0# 0$ 0% 1& 0*
#31137 1$ 0( 1-
#31138 1" 1# 0$ 1( 1* 0- 00
#31139 0" 0# 1$ 0* 10
#31140 0$ 1% 0( 1-
#31141 1" 1# 1$ 0% 1( 1* 0-
#31142 0" 0# 0$ 1% 0*
#31143 1$ 0( 1-
#31144 1" 1# 0$ 1( 1* 0-
#31145 0" 0# 1$ 0*
#31146 0$ 0% 0& 1' 0( 1- 00
#31147 1! 1" 1# 1$ 1% 1& 0' 1( 1* 0- 10
#31148 0! 0" 0# 0$ 0% 0& 1' 0*
#31149 1$ 0( 1* 1-
#31150 1! 1" 1# 0$ 1( 0-
#31151 0! 0" 0# 1$ 0*
#31152 0$ 1% 0( 1* 1-
#31153 1! 1" 1# 1$ 0% 1( 0-
#31154 0! 0" 0# 0$ 1% 0*
#31155 1$ 0( 1* 1-
#31156 1! 1" 1# 0$ 1( 0-
#31157 0! 0" 0# 1$ 0*
#31158 0$ 0% 1& 0( 1* 1-
#31159 1! 1" 1# 1$ 1% 0& 1( 0-
#31160 0! 0" 0# 0$ 0% 1& 0*
#31161 1$ 0( 1* 1-
#31162 1! 1" 1# 0$ 1( 0-
#31163 0! 0" 0# 1$ 0* 00
#31164 0$ 1% 0( 1* 1- 10
#31165 1! 1" 1# 1$ 0% 1( 0-
#31166 0! 0" 0# 0$ 1% 0*
#31167 1$ 0( 1* 1-
#31168 1! 1" 1# 0$ 1( 0-
#31169 0! 0" 0# 1$ 0*
#31170 1! 1" 1# 1* 0+ 1-
#31171 0! 1+ 0-
#31172 0" 0# 0$ 0% 0& 0' 0( 1-
#31173 1! 1" 0*
#31174 0! 0" 1% 1' 1( 1) 1*
#31175 0% 0' 0( 0)
#31176 1$ 1% 1' 1(
#31177 1! 1" 0$ 0% 0' 0(
#31178 0! 0*
#31179 0" 1$ 1% 1' 1( 1) 1*
#31180 1! 1" 0$ 0% 0' 0( 0) 00
#31181 0! 0* 10
#31182 0" 1$ 1% 1' 1( 1) 1*
#31183 1! 1" 0$ 0% 0' 0( 0)
#31184 1)
#31185 1# 1$ 1% 1& 1' 1(
#31186 0! 0$ 0& 0)
#31187 1! 1$ 1& 0+
#31188 0! 0# 0& 0( 1) 1+ 00
#31189 1# 0$ 1( 0) 10
#31190 0% 0' 0( 0* 0-
#31191 0# 1$ 1% 1' 1) 1* 1-
#31192 1# 0$ 1( 0)
#31193 1$ 0% 0' 0( 0* 0-
#31194 0# 1% 1' 1) 1* 1-
#31195 0$ 0' 0)
#31196 1# 0* 0-
#31197 0# 1$ 1' 1) 1* 1-
#31198 0" 0$ 0% 0' 0)
#31199 1" 1# 1$ 1% 0* 0-
#31200 0# 1' 1) 1* 1-
#31201 0" 0$ 0% 0' 0)
#31202 1" 1# 1& 0* 0-
#31203 0# 1$ 1% 0& 1' 1) 1* 1-
#31204 0" 0$ 0' 0)
#31205 1" 1# 1$ 0% 1& 0* 0- 00
#31206 0# 1% 0& 1' 1) 1* 1- 10
#31207 0" 0$ 0' 0)
#31208 1" 1# 1& 0* 0-
#31209 0# 1$ 0& 1' 1) 1* 1-
#31210 1# 0$ 1( 0)
#31211 1$ 1& 0' 0( 0* 0-
#31212 0# 0& 1' 1) 1* 1-
#31213 1# 0$ 1( 0) 00
#31214 0% 0( 0* 0- 10
#31215 0# 1$ 1% 1) 1* 1-
#31216 1# 0$ 1( 0)
#31217 1$ 0% 0( 0* 0-
#31218 0# 1% 1) 1* 1-
#31219 1# 0$ 1( 0)
#31220 0( 0* 0-
#31221 0# 1$ 1) 1* 1-
#31222 1# 0$ 1( 0) 00
#31223 1$ 0( 0* 0- 10
#31224 0# 1) 1* 1-
#31225 1# 0$ 1( 0)
#31226 0% 1& 0( 0* 0-
#31227 0# 1$ 1% 0& 1) 1* 1-
#31228 1# 0$ 1( 0)
#31229 1$ 0% 1& 0( 0* 0-
#31230 0# 1% 0& 1) 1* 1- 00
#31231 1# 0$ 1( 0) 10
#31232 1& 0( 0* 0-
#31233 0# 1$ 0& 1) 1* 1-
#31234 1! 1# 1& 1( 0)
#31235 0! 0( 0* 0-
#31236 0# 0$ 0% 0& 0' 1) 1-
#31237 0" 1$ 1% 1' 1( 0) 1*
#31238 1# 0$ 0' 0( 0*
#31239 1" 0# 0% 1)
#31240 1! 1# 1$ 1% 1& 1' 1( 0) 1*
#31241 0! 0" 0$ 0% 0& 0' 0( 0*
#31242 1! 0#
#31243 1" 1# 1$ 1% 1& 1' 1( 1*
#31244 0! 0" 0$ 0% 0& 0' 0( 0*
#31245 1! 0#
#31246 1" 1# 1$ 1% 1& 1' 1( 1*
#31247 0! 0" 0$ 0% 0& 0' 0( 0* 00
#31248 1) 1* 10
#31250 1! 1" 1$ 1% 1& 1' 1(
#31251 0) 0+
#31252 1+
#31253 0# 0$ 0% 0& 0' 0-
#31254 0" 1# 0*
#31255 1" 1$ 1% 1& 1' 0( 1- 00
#31256 0# 0% 0& 0' 1( 1* 0- 10
#31257 0" 1# 0*
#31258 1" 1% 1& 1' 1* 1-
#31259 0# 0$ 0& 0' 0-
#31260 0" 1# 0*
#31261 1" 1$ 1& 1' 0( 1* 0+ 1-
#31262 0# 0& 0' 1( 1+ 0-
#31263 0" 1# 0*
#31264 1" 1& 1' 1* 1-
#31265 0# 0$ 0% 0' 0-
#31266 0" 1# 0*
#31267 1" 1$ 1% 1' 0( 1-
#31268 0# 0% 0' 1( 1* 0-
#31269 0" 1# 0*
#31270 1" 1% 1' 1* 1-
#31271 0# 0$ 0' 0-
#31272 0" 1# 0* 00
#31273 1" 1$ 1' 0( 1* 0+ 1- 10
#31274 0# 0' 1( 1+ 0-
#31275 0" 1# 0*
#31276 1" 1' 1* 1-
#31277 0# 0$ 0% 0& 0-
#31278 0" 1# 0*
#31279 1" 1$ 1% 1& 0( 1-
#31280 0# 0% 0& 1( 1* 0-
#31281 0" 1# 0*
#31282 1" 1% 1& 1* 1-
#31283 0# 0$ 0& 0-
#31284 0" 1# 0*
#31285 1" 1$ 1& 0( 1* 0+ 1-
#31286 0# 0& 1( 1+ 0-
#31287 0" 1# 0*
#31288 1" 1& 1* 1-
#31289 0# 0$ 0% 0- 00
#31290 0" 1# 0* 10
#31291 1" 1$ 1% 0( 1-
#31292 0# 0% 1( 1* 0-
#31293 0" 1# 0*
#31294 1" 1% 1* 1-
#31295 0# 0$ 0-
#31296 0" 1# 0*
#31297 1" 1$ 0( 1* 0+ 1- 00
#31298 0# 1( 1+ 0- 10
#31299 0" 1# 0*
#31300 0# 0$ 0% 0& 0' 0( 1* 1-
#31301 1" 1# 1$ 1% 1& 1' 1(
#31302 0" 0$ 0% 0& 0' 0( 0*
#31303 0# 1*
#31304 1" 1# 1$ 1% 1& 1' 1(
#31305 0! 0" 0# 0& 1)
#31306 0$ 0% 0' 0( 0)
#31307 1! 1" 1# 1$ 1% 1& 1' 1( 1)
#31308 0! 0" 0# 0$ 0% 0& 0'
#31309 0( 0)
#31310 1! 1" 1# 1$ 1% 1& 1' 1( 1)
#31311 0! 0" 0# 0$ 0% 0& 0' 0(
#31312 1! 1#
#31314 1" 1$ 1% 1& 1' 1( 00
#31315 0) 10
#31316 1)
#31317 0# 0$ 0% 0& 0' 0( 0) 0* 0-
#31318 0! 0" 1# 1*
#31319 1" 1% 1' 1) 1-
#31320 1! 0# 1$ 0% 0' 0) 0* 0-
#31321 0! 0" 1# 1*
#31322 1! 1" 1% 1& 1' 1( 1) 1- 00
#31323 0# 0$ 0& 0' 0( 0) 0* 0- 10
#31324 0! 0" 1# 1*
#31325 1! 1" 1' 1) 1-
#31326 0# 1$ 0' 0) 0* 0-
#31327 0! 0" 1# 1*
#31328 1! 1" 1& 1' 1( 1) 1-
#31329 0# 0$ 0% 0' 0( 0) 0* 0-
#31330 0! 0" 1# 1*
#31331 0# 1$ 1% 0& 1' 1) 1- 00
#31332 1! 1" 0% 1& 0' 0) 0* 0- 10
#31333 0! 0" 1# 1*
#31334 1! 1" 1% 1' 1( 1) 1-
#31335 0# 0$ 0' 0( 0) 0* 0-
#31336 0! 0" 1# 1*
#31337 1! 0# 1$ 0& 1' 1) 1-
#31338 1" 1& 0' 0) 0* 0-
#31339 0! 0" 1# 1* 00
#31340 1! 1" 1' 1( 1) 1- 10
#31341 0# 0$ 0% 0& 0( 0) 0* 0-
#31342 0! 0" 1# 1*
#31343 1" 0# 1$ 1% 1) 1-
#31344 1! 0% 0) 0* 0-
#31345 0! 0" 1# 1*
#31346 1! 1" 1% 1& 1( 1) 1-
#31347 0# 0$ 0& 0( 0) 0* 0-
#31348 0! 0" 1# 1*
#31349 1! 1" 0# 1$ 1) 1-
#31350 0) 0* 0-
#31351 0! 0" 1# 1*
#31352 1! 1" 1& 1( 1) 1-
#31353 0# 0$ 0% 0( 0) 0* 0-
#31354 0! 0" 1# 1*
#31355 1$ 1% 0& 1) 1-
#31356 1! 1" 0# 0% 1& 0) 0* 0- 00
#31357 0! 0" 1# 1* 10
#31358 1! 1" 1% 1( 1) 1-
#31359 0# 0$ 0( 0) 0* 0-
#31360 0! 0" 1# 1*
#31361 1! 1$ 0& 1) 1-
#31362 1" 0# 1& 0) 0* 0-
#31363 0! 0" 1# 1*
#31364 1! 0# 0$ 0% 0& 0' 1- 00
#31365 1" 1# 1$ 1% 1& 1' 1( 10
#31366 0! 0" 0# 0& 1)
#31367 1! 0$ 0% 0' 0( 0)
#31368 0! 1" 1)
#31369 1# 0) 0*
#31370 0" 0# 1*
#31371 1" 0*
#31372 1#
#31373 0" 0# 1*
#31374 1" 0*
#31375 1#
#31376 1) 1*
#31378 1! 1$ 1% 1& 1' 1(
#31379 0)
#31380 0! 0" 0$ 0% 0& 0' 0( 0*
#31381 1" 0# 1( 1* 0- 00
#31382 0" 1# 10
#31383 1$ 0( 0* 1-
#31384 1" 0# 1( 1* 0-
#31385 0" 1#
#31386 0$ 1% 0( 0* 1-
#31387 1" 0# 1( 1* 0-
#31388 0" 1#
#31389 1$ 0( 0* 1-
#31390 1" 0# 1( 1* 0-
#31391 0" 1#
#31392 0$ 0% 1& 0( 0* 1-
#31393 1" 0# 1( 1* 0-
#31394 0" 0&
#31395 1# 1$ 1& 0( 0* 1-
#31396 1" 0# 1( 0-
#31397 0" 0& 1*
#31398 1# 0$ 1% 1& 0( 0* 1- 00
#31399 1" 0# 1( 0- 10
#31400 0" 0& 1*
#31401 1# 1$ 1& 0( 0* 1-
#31402 1" 0# 1( 1* 0-
#31403 0"
#31404 1# 0$ 0% 0& 1' 0( 0* 1-
#31405 1" 0# 1( 1* 0-
#31406 0" 1# 00
#31407 1$ 0( 0* 1- 10
#31408 1" 0# 1( 1* 0-
#31409 0" 1#
#31410 0$ 1% 0( 0* 1-
#31411 1" 0# 1( 1* 0-
#31412 0" 1#
#31413 1$ 0( 0* 1-
#31414 1" 0# 1( 1* 0-
#31415 0" 1#
#31416 0$ 0% 1& 0( 0* 1-
#31417 1" 0# 1( 1* 0-
#31418 0" 1#
#31419 1$ 0( 0* 1-
#31420 1" 0# 1( 1* 0-
#31421 0" 1#
#31422 0$ 1% 0( 0* 1-
#31423 1" 0# 1( 1* 0- 00
#31424 0" 1# 10
#31425 1$ 0( 0* 1-
#31426 1" 0# 1( 1* 0-
#31427 0" 1#
#31428 0# 0$ 0% 0& 0' 0( 0* 1-
#31429 1"
#31430 1! 1#
#31431 0! 0" 0# 00
#31432 1" 10
#31433 0" 1# 1% 1' 1( 1) 1*
#31434 1! 1" 0% 0' 0(
#31435 0" 0# 0) 0*
#31436 0! 1# 1% 1' 1( 1) 1*
#31437 1! 1" 0% 0' 0(
#31438 0" 0# 0) 0*
#31439 0! 1# 1% 1) 1*
#31440 1! 1" 0% 0) 00
#31441 1) 10
#31442 1$ 1% 1& 1' 1( 0)
#31444 0! 0$ 0& 1)
#31445 1! 0" 0# 0% 0' 0( 0) 0-
#31446 1" 1# 1$ 1% 1& 1' 1( 1) 1-
#31447 0! 0$ 0&
#31448 0" 0# 1$ 0% 0' 0( 0) 0- 00
#31449 1! 1" 1# 1% 1& 1' 1( 1) 1- 10
#31450 0! 0$ 0&
#31451 0" 0# 0' 0( 0) 0-
#31452 1! 1" 1# 1$ 1& 1' 1( 1) 1-
#31453 0! 0$ 0&
#31454 0" 0# 1$ 0' 0( 0) 0-
#31455 1! 1" 1# 1& 1' 1( 1) 1-
#31456 0! 0$ 0&
#31457 0" 0# 0% 1& 0' 0( 0) 0-
#31458 1! 1" 1# 1$ 1% 1' 1( 1) 1-
#31459 0! 0$ 0&
#31460 0# 1$ 0% 1& 0' 0( 0) 0-
#31461 1! 1# 1% 1' 1( 1) 1-
#31462 0! 0$ 0&
#31463 0# 1& 0' 0( 0) 0-
#31464 1! 1# 1$ 1' 1( 1) 1-
#31465 0! 0$ 0& 00
#31466 0" 0# 1$ 1& 0' 0( 0) 0- 10
#31467 1! 1" 1# 1' 1( 1) 1-
#31468 0! 0$ 0&
#31469 0" 0# 0% 0( 0) 0-
#31470 1! 1" 1# 1$ 1% 1& 1( 1) 1-
#31471 0! 0$ 0&
#31472 1! 0" 0# 1$ 0% 0( 0) 0-
#31473 1" 1# 1% 1& 1( 1) 1- 00
#31474 0! 0$ 0& 10
#31475 1! 0" 0# 0( 0) 0-
#31476 1" 1# 1$ 1& 1( 1-
#31477 0! 0$ 0& 1)
#31478 1! 0" 0# 1$ 0( 0) 0-
#31479 1" 1# 1& 1( 1-
#31480 0! 0$ 0& 1)
#31481 1! 0" 0# 0% 1& 0( 0) 0-
#31482 1" 1# 1$ 1% 1( 1-
#31483 0! 0$ 0& 1)
#31484 1! 0" 0# 1$ 0% 1& 0( 0) 0-
#31485 1" 1# 1% 1( 1-
#31486 0! 0$ 0& 1)
#31487 1! 0" 0# 1& 0( 0) 0-
#31488 1" 1# 1$ 1( 1-
#31489 0! 0$ 0& 1)
#31490 1! 0" 0# 1$ 1& 0( 0) 0- 00
#31491 1" 1# 1( 1- 10
#31492 0! 0$ 0& 1)
#31493 1! 0" 0# 0% 0' 0( 0)
#31494 0! 1# 1% 1' 1( 1)
#31495 1"
#31496 1! 0" 0# 0% 0' 0( 0)
#31497 0! 1$ 1% 0*
#31498 0% 1*
#31499 0$
#31500 1$ 1% 0*
#31501 0%
#31502 0$ 1*
#31503 1$ 1% 0*
#31504 0%
#31505 1) 1*
#31506 1! 1" 1# 1% 1& 1' 1(
#31507 0) 00
#31508 10
#31509 0" 0# 0$ 0% 0& 0' 0* 0-
#31510 1" 1# 1$ 1% 1& 1' 1* 1-
#31511 0$ 0% 0& 0' 0-
#31512 0" 0# 1$ 0*
#31513 1" 1# 1% 1& 1' 1* 1-
#31514 0% 0& 0' 0-
#31515 0" 0# 0$ 1% 0* 00
#31516 1" 1# 1$ 1& 1' 1* 1- 10
#31517 0$ 0& 0' 0-
#31518 0" 0# 1$ 0*
#31519 1" 1# 1& 1' 1* 1-
#31520 0& 0' 0-
#31521 0" 0# 0$ 0% 1& 0*
#31522 1" 1# 1$ 1% 1' 1* 1-
#31523 0$ 0% 0' 0-
#31524 0" 0# 1$ 0*
#31525 1" 1# 1% 1' 1* 1-
#31526 0% 0' 0-
#31527 0" 0# 0$ 1% 0*
#31528 1" 1# 1$ 1' 1* 1-
#31529 0$ 0' 0-
#31530 0" 0# 1$ 0*
#31531 1" 1# 1' 1* 1-
#31532 0' 0- 00
#31533 0" 0# 0$ 0% 0& 1' 0* 10
#31534 1" 1# 1$ 1% 1& 1* 1-
#31535 0$ 0% 0& 0-
#31536 0" 0# 1$ 0*
#31537 1" 1# 1% 1& 1* 1-
#31538 0% 0& 0-
#31539 0" 0# 0$ 1% 0*
#31540 1" 1# 1$ 1& 1* 1- 00
#31541 0$ 0& 0- 10
#31542 0" 0# 1$ 0*
#31543 1" 1# 1& 1* 1-
#31544 0& 0-
#31545 0" 0# 0$ 0% 1& 0*
#31546 1" 1# 1$ 1% 1* 1-
#31547 0$ 0% 0-
#31548 0" 0# 1$ 0*
#31549 1" 1# 1% 1* 1- 00
#31550 0% 0- 10
#31551 0" 0# 0$ 1% 0*
#31552 1" 1# 1$ 1* 1-
#31553 0$ 0-
#31554 0" 0# 1$ 0*
#31555 1" 1# 1* 1-
#31556 0-
#31557 0! 0" 0# 0$ 0% 0& 0' 0( 1- 00
#31558 1! 1$ 1% 0* 10
#31559 0%
#31560 0! 0$ 1*
#31561 1! 1$ 0*
#31562 1% 1) 1*
#31563 0! 1" 1# 0$ 1' 1( 0)
#31564 1! 0" 0# 1$ 0% 0' 0( 0*
#31565 1% 1) 1*
#31566 0! 1" 1# 0$ 1' 1( 0)
#31567 1! 0" 0# 1$ 0% 0' 0( 0*
#31568 1% 1) 1*
#31569 0%
#31570 1" 1# 1% 1& 1' 1( 0)
#31571 0! 0" 0# 0$ 0% 0& 0' 0( 1)
#31572 1! 1" 1# 1$ 1% 1& 1' 1( 0)
#31573 0! 0" 0# 0$ 0% 0& 0' 0( 0* 0-
#31574 1$ 1) 1* 1- 00
#31575 1! 1" 1# 0$ 0) 0- 10
#31576 0! 0" 0# 1$ 0*
#31577 0$ 1% 1) 1* 1-
#31578 1! 1" 1# 1$ 0% 0) 0* 0-
#31579 0! 0" 0# 0$ 1%
#31580 1$ 1) 1* 1-
#31581 1! 1" 1# 0$ 0) 0* 0-
#31582 0! 0" 0# 1$ 00
#31583 0$ 0% 1& 1) 1* 1- 10
#31584 1! 1" 1# 1$ 1% 0& 0) 0* 0-
#31585 0! 0" 0# 0$ 0% 1&
#31586 1$ 1) 1* 1-
#31587 1! 1" 1# 0$ 0) 0* 0-
#31588 0! 0" 0# 1$
#31589 0$ 1% 1) 1* 1-
#31590 1! 1" 1# 1$ 0% 0) 0* 0-
#31591 0! 0" 0# 0$ 1%
#31592 1$ 1) 1* 1-
#31593 1! 1" 1# 0$ 0) 0* 0-
#31594 0! 0" 0# 1$
#31595 0$ 0% 0& 1' 1) 1* 1-
#31596 1! 1" 1# 1$ 1% 1& 0' 0) 0* 0-
#31597 0! 0" 0# 0$ 0% 0& 1'
#31598 1$ 1) 1* 1-
#31599 1! 1" 1# 0$ 0) 0* 0- 00
#31600 0! 0" 0# 1$ 10
#31601 0$ 1% 1) 1* 1-
#31602 1! 1" 1# 1$ 0% 0) 0* 0-
#31603 0! 0" 0# 0$ 1%
#31604 1$ 1) 1* 1-
#31605 1! 1" 1# 0$ 0) 0-
#31606 0! 0" 0# 1$ 0*
#31607 0$ 0% 1& 1* 1-
#31608 1! 1" 1# 1$ 1% 0& 0-
#31609 0! 0" 0# 0$ 0% 1& 0*
#31610 1$ 1* 1-
#31611 1! 1" 1# 0$ 0-
#31612 0! 0" 0# 1$ 0*
#31613 0$ 1% 1* 1-
#31614 1! 1" 1# 1$ 0% 0-
#31615 0! 0" 0# 0$ 1% 0*
#31616 1$ 1* 1- 00
#31617 1! 1" 1# 0$ 0- 10
#31618 0! 0" 0# 1$ 0*
#31619 1! 1" 1# 1( 1* 1-
#31620 0( 0-
#31621 0! 0" 0# 0$ 0% 0& 0' 0* 1-
#31622 1" 1$ 1*
#31623 0" 1# 0$ 1% 1' 1( 1)
#31624 0# 0% 0' 0( 0) 0* 00
#31625 1$ 1% 1' 1( 1* 10
#31626 1" 0' 0(
#31627 0$ 0% 0*
#31628 0" 1$ 1% 1' 1( 1) 1*
#31629 1" 0' 0( 0) 0*
#31630 0$ 0%
#31631 0" 1$ 1% 1' 1( 1) 1*
#31632 1" 0' 0( 0) 0*
#31633 0% 1) 1*
#31634 1! 1# 1% 1& 1' 1(
#31635 0! 0" 0# 0$ 0% 0& 0' 0( 0) 0*
#31636 1! 1" 1# 1$ 1% 1& 1' 1( 1* 0+
#31637 0" 0& 0( 1) 1+
#31638 0! 0# 0% 0' 0) 0*
#31639 1" 1# 0$ 1( 0-
#31640 1! 0" 1$ 1% 1' 0( 1) 1* 1-
#31641 0! 0# 0$ 0' 0) 00
#31642 1" 1# 1$ 0% 1( 0* 0- 10
#31643 1! 0" 1% 1' 0( 1) 1* 1-
#31644 0! 0# 0' 0)
#31645 1" 1# 0$ 1( 0* 0-
#31646 1! 0" 1$ 1' 0( 1) 1* 1-
#31647 0! 0# 0$ 0% 1& 0' 0)
#31648 1" 1# 1$ 1% 0& 1( 0* 0-
#31649 1! 0" 1' 0( 1) 1* 1- 00
#31650 0! 0# 0% 1& 0' 0) 10
#31651 1" 1# 0$ 1( 0* 0-
#31652 1! 0" 1$ 1% 0& 1' 0( 1) 1* 1-
#31653 0! 0# 0$ 1& 0' 0)
#31654 1" 1# 1$ 0% 1( 0* 0-
#31655 1! 0" 1% 0& 1' 0( 1) 1* 1-
#31656 0! 0# 1& 0' 0)
#31657 1" 1# 0$ 1( 0* 0-
#31658 1! 0" 1$ 0& 1' 0( 1) 1* 1- 00
#31659 0! 0# 0$ 0% 0) 10
#31660 1" 1# 1$ 1% 1& 0' 1( 0* 0-
#31661 1! 0" 0& 1' 0( 1) 1* 1-
#31662 0! 0# 0% 0)
#31663 1" 1# 0$ 1( 0* 0-
#31664 1! 0" 1$ 1% 0( 1) 1* 1-
#31665 0! 0# 0$ 0)
#31666 1" 1# 1$ 0% 1( 0* 0- 00
#31667 1! 0" 1% 0( 1) 1* 1- 10
#31668 0! 0# 0)
#31669 1" 1# 0$ 1( 0* 0-
#31670 1! 0" 1$ 0( 1) 1* 1-
#31671 0! 0# 0$ 0% 1& 0)
#31672 1" 1# 1$ 1% 0& 1( 0* 0-
#31673 1! 0" 0( 1) 1* 1-
#31674 0! 0# 0% 1& 0)
#31675 1" 1# 0$ 1( 0* 0-
#31676 1! 0" 1$ 1% 0& 0( 1) 1* 1-
#31677 0! 0# 0$ 1& 0)
#31678 1" 1# 1$ 0% 1( 0* 0-
#31679 1! 0" 1% 0& 0( 1) 1* 1-
#31680 0! 0# 1& 0)
#31681 1" 1# 0$ 1( 0* 0-
#31682 1! 0" 1$ 0& 0( 1) 1* 1-
#31683 1" 1& 1( 0) 00
#31684 0! 0* 0- 10
#31685 0# 0$ 0% 0& 1) 1* 1-
#31686 1! 1$ 0' 0( 0)
#31687 1% 0*
#31688 0! 0$ 0% 1) 1*
#31689 1! 1# 1$ 1% 1& 1' 1( 0)
#31690 0# 0% 0& 0' 0( 0*
#31691 0" 0$ 1* 00
#31692 1" 1# 1$ 1% 1& 1' 1( 10
#31693 0# 0% 0& 0' 0( 0*
#31694 0" 0$
#31695 1" 1# 1$ 1% 1& 1' 1( 1*
#31696 0# 0% 0& 0' 0( 0*
#31697 1) 1*
#31699 1# 1% 1& 1' 1(
#31700 0) 0+
#31701 1+
#31702 0# 0$ 0% 0& 0' 0( 1) 0-
#31703 0" 1# 0) 0*
#31704 1" 1$ 1% 1& 1( 1-
#31705 0# 0% 0& 0( 1) 1*
#31706 0" 1# 0) 0* 0-
#31707 1" 1% 1& 1' 1( 1* 1-
#31708 0# 0$ 0& 0' 0( 1) 00
#31709 0" 1# 0) 0* 0- 10
#31710 1" 1$ 1& 1( 1* 0+ 1-
#31711 0# 0& 0( 1) 1+
#31712 0" 1# 0) 0-
#31713 1" 1& 1' 1( 1-
#31714 0# 0$ 0% 0' 0( 1)
#31715 0" 1# 0) 0-
#31716 1" 1$ 1% 1( 0* 1-
#31717 0# 0% 0( 1) 1*
#31718 0" 1# 0) 0-
#31719 1" 1% 1' 1( 1-
#31720 0# 0$ 0' 0( 1)
#31721 0" 1# 0) 0-
#31722 1" 1$ 1( 0+ 1-
#31723 0# 0( 1) 1+
#31724 0" 1# 0) 0-
#31725 1" 1' 1( 1- 00
#31726 0# 0$ 0% 0& 0( 1) 10
#31727 0" 1# 0) 0-
#31728 1" 1$ 1% 1& 0' 1( 0* 1-
#31729 0# 0% 0& 1' 0( 1) 1*
#31730 0" 1# 0) 0* 0-
#31731 1" 1% 1& 1( 1* 1-
#31732 0# 0$ 0& 0( 1) 0-
#31733 0" 1# 0) 0* 00
#31734 1" 1$ 1& 0' 1( 1* 0+ 1- 10
#31735 0# 0& 1' 0( 1+ 0-
#31736 0" 1# 0*
#31737 1" 1& 1( 1* 1-
#31738 0# 0$ 0% 0( 0-
#31739 0" 1# 0*
#31740 1" 1$ 1% 0' 1( 1-
#31741 0# 0% 1' 0( 1* 0-
#31742 0" 1# 0*
#31743 1" 1% 1( 1* 1-
#31744 0# 0$ 0( 0-
#31745 0" 1# 0*
#31746 1" 1$ 0' 1( 1* 0+ 1-
#31747 0# 1' 0( 1+ 0-
#31748 0" 1# 0*
#31749 0# 0$ 0% 0& 0' 1* 1-
#31750 1" 1# 1$ 1% 1& 1' 1( 00
#31751 0! 0" 0% 0& 0' 0( 0* 10
#31752 1! 0# 0$ 1*
#31753 1" 1# 1$ 1% 1& 1' 1(
#31754 0! 0" 0# 0& 1)
#31755 0$ 0% 0' 0( 0)
#31756 1! 1" 1# 1$ 1% 1& 1' 1( 1)
#31757 0! 0" 0# 0&
#31758 0$ 0% 0' 0( 0) 00
#31759 1! 1" 1# 1$ 1% 1& 1' 1( 1) 10
#31760 0! 0" 0# 0&
#31761 1# 0% 0' 0(
#31763 1! 1" 1% 1& 1' 1(
#31764 0)
#31765 1)
#31766 0# 0$ 0% 0& 0' 0) 0* 0-
#31767 0! 0" 1# 1* 00
#31768 1" 1$ 1) 1- 10
#31769 1! 0# 0) 0* 0-
#31770 0! 0" 1# 1*
#31771 1! 1" 1% 1& 1' 1) 1-
#31772 0# 0$ 0& 0' 0) 0* 0-
#31773 0! 0" 1# 1*
#31774 1! 1" 1$ 0% 1) 1-
#31775 0# 1% 0) 0* 0- 00
#31776 0! 0" 1# 1* 10
#31777 1! 1" 1& 1' 1) 1-
#31778 0# 0$ 0% 0' 0) 0* 0-
#31779 0! 0" 1# 1*
#31780 0# 1% 0& 1) 1-
#31781 1! 1" 1$ 0% 1& 0) 0* 0-
#31782 0! 0" 1# 1*
#31783 1! 1" 1% 1' 1) 1-
#31784 0# 0$ 0' 0) 0* 0-
#31785 0! 0" 1# 1*
#31786 1! 0# 0& 1) 1-
#31787 1" 1$ 1& 0) 0* 0-
#31788 0! 0" 1# 1*
#31789 1! 1" 1' 1) 1-
#31790 0# 0$ 0% 0& 0) 0* 0-
#31791 0! 0" 1# 1*
#31792 1" 0# 1% 0' 1) 1- 00
#31793 1! 1$ 0% 1' 0) 0* 0- 10
#31794 0! 0" 1# 1*
#31795 1! 1" 1% 1& 1) 1-
#31796 0# 0$ 0& 0) 0* 0-
#31797 0! 0" 1# 1*
#31798 1! 1" 0# 0' 1) 1-
#31799 1$ 1' 0) 0* 0-
#31800 0! 0" 1# 1* 00
#31801 1! 1" 1& 1) 1- 10
#31802 0# 0$ 0% 0) 0* 0-
#31803 0! 0" 1# 1*
#31804 1% 0& 0' 1) 1-
#31805 1! 1" 0# 1$ 0% 1& 1' 0) 0* 0-
#31806 0! 0" 1# 1*
#31807 1! 1" 1% 1) 1-
#31808 0# 0$ 0) 0* 0-
#31809 0! 0" 1# 1*
#31810 1! 0& 0' 1) 1-
#31811 1" 0# 1$ 1& 1' 0) 0* 0-
#31812 0! 0" 1# 1*
#31813 1! 0# 0$ 0% 0& 0' 0( 0* 1-
#31814 1" 1# 1$ 1% 1& 1' 1( 1*
#31815 0! 0" 0# 0&
#31816 1! 0$ 0% 0' 0( 0*
#31817 1" 1# 1$ 1% 1& 1' 1( 1) 1* 00
#31818 0" 0% 0& 0' 0( 0) 0* 10
#31819 0! 0# 0$
#31820 1"
#31821 1! 0" 1# 1$
#31822 0! 0# 0$
#31823 1"
#31824 1! 0" 1# 1$
#31825 1) 1*
#31827 1" 1% 1& 1' 1(
#31828 0)
#31829 0! 0" 0$ 0% 0& 0' 0( 0*
#31830 1" 0# 1* 0-
#31831 0" 1# 0*
#31832 1$ 1-
#31833 1" 0# 1* 0-
#31834 0" 1# 0* 00
#31835 0$ 1% 1- 10
#31836 1" 0# 1* 0-
#31837 0" 1# 0*
#31838 1$ 1-
#31839 1" 0# 1* 0-
#31840 0" 1# 0*
#31841 0$ 0% 1& 1-
#31842 1" 0# 1* 0- 00
#31843 0" 1# 0* 10
#31844 1$ 1-
#31845 1" 0# 1* 0-
#31846 0" 1# 0*
#31847 0$ 1% 1-
#31848 1" 0# 1* 0-
#31849 0" 1# 0*
#31850 1$ 1-
#31851 1" 0# 1* 0-
#31852 0" 1# 0*
#31853 0$ 0% 0& 1' 1-
#31854 1" 0# 1* 0-
#31855 0" 1# 0*
#31856 1$ 1-
#31857 1" 0# 1* 0-
#31858 0" 1# 0*
#31859 0$ 1% 1- 00
#31860 1" 0# 1* 0- 10
#31861 0" 1# 0*
#31862 1$ 1-
#31863 1" 0# 1* 0-
#31864 0" 1#
#31865 0$ 0% 1& 0* 1-
#31866 1" 0# 1* 0-
#31867 0" 1# 00
#31868 1$ 0* 1- 10
#31869 1" 0# 1* 0-
#31870 0" 1#
#31871 0$ 1% 0* 1-
#31872 1" 0# 1* 0-
#31873 0" 1#
#31874 1$ 0* 1-
#31875 1" 0# 1* 0-
#31876 0" 1# 00
#31877 0# 0$ 0% 0& 0' 0* 1- 10
#31878 1"
#31879 1# 1$
#31880 0" 0# 0$
#31881 1"
#31882 0" 1# 1% 1' 1( 1) 1*
#31883 1"
#31884 1! 0" 0# 0% 0' 0( 0) 0* 00
#31885 0! 1# 1% 1' 1( 1) 1* 10
#31886 1"
#31887 1! 0" 0# 0% 0' 0( 0) 0*
#31888 0! 1# 1% 1' 1( 1) 1*
#31889 1" 1$ 0% 0' 0(
#31891 1! 1% 1& 1' 1( 0)
#31892 1)
#31894 0! 0# 0$ 0% 0& 0' 0) 0* 0-
#31895 1! 1# 1$ 1% 1' 0( 1) 1* 1-
#31896 1& 1(
#31897 0! 0# 0% 0& 0' 0) 0* 0-
#31898 1! 1# 1% 1' 0( 1) 1* 1-
#31899 1& 1(
#31900 0! 0# 0$ 0& 0' 0) 0-
#31901 1! 1# 1$ 1' 0( 1) 1- 00
#31902 1& 1( 10
#31903 0! 0# 0& 0' 0) 0-
#31904 1! 1# 1' 0( 1) 1-
#31905 1& 1(
#31906 0! 0# 0$ 0% 0' 0) 0-
#31907 1! 1# 1$ 1% 1' 1) 1-
#31909 0! 0# 0% 0' 0) 0- 00
#31910 1! 1# 1% 1' 1) 1- 10
#31912 0! 0# 0$ 0' 0) 0-
#31913 1! 1# 1$ 1' 1) 1-
#31915 0! 0# 0' 0) 0-
#31916 1! 1# 1' 1) 1-
#31918 0! 0# 0$ 0% 0& 0) 0-
#31919 1! 1# 1$ 1% 1& 1) 1-
#31921 0! 0# 0% 0& 0) 0-
#31922 1! 1# 1% 1& 1) 1-
#31924 0! 0# 0$ 0& 0) 0-
#31925 1! 1# 1$ 1& 1) 1-
#31926 00
#31927 0! 0# 0& 0) 0- 10
#31928 1! 1# 1& 1) 1-
#31930 0! 0# 0$ 0% 0) 0-
#31931 1! 1# 1$ 1% 0& 0( 1) 1-
#31932 1& 1(
#31933 0! 0# 0% 0) 0-
#31934 1! 1# 1% 0& 0( 1) 1-
#31935 1& 1(
#31936 0! 0# 0$ 0) 0-
#31937 1! 1# 1$ 0& 0( 1) 1-
#31938 1& 1(
#31939 0! 0# 0) 0-
#31940 1! 1# 0& 0( 1) 1-
#31941 1& 1(
#31942 0" 0# 0$ 0% 0& 0' 0)
#31943 1" 1# 1$ 1% 1& 1' 00
#31944 1) 10
#31945 0)
#31946 0+
#31948 1+
#31949 0+
#31951 1+ 00
#31952 0+ 10
#31954 1) 1+
#31956 0)
#31958 1)
#31959 0)
#31961 1)
#31962 0)
#31964 1)
#31965 0)
#31967 1)
#31968 0)
#31970 1)
#31971 0)
#31973 1)
#31974 0)
#31976 1)
#31977 0)
#31979 1)
#31980 0)
#31982 1)
#31983 0)
#31985 1)
#31986 0)
#31988 1)
#31989 0)
#31990 0/
#31991 1) 1/
#31992 0)
#31994 1)
#31995 0)
#31996 0/
#31997 1) 1/
#31998 0)
#32000 1)
#32001 0)
#32003 1)
#32004 0)
#32006 1)
#32007 0)
#32009 1) 0/
#32010 1/
#32012 0)
#32013 1)
#32015 0)
#32016 1)
#32019 0)
#32021 1)
#32022 0) 0/
#32023 1/
#32024 1)
#32025 0)
#32027 1)
#32028 0) 0/
#32029 1/
#32030 1)
#32031 0)
#32033 1)
#32034 0)
#32035 0/
#32036 1) 1/
#32037 0)
#32039 1)
#32040 0)
#32041 0/
#32042 1) 1/
#32043 0)
#32045 1)
#32046 0)
#32048 1)
#32049 0)
#32051 1)
#32052 0)
#32054 1) 0/
#32055 0) 1/
#32057 1)
#32058 0)
#32060 1)
#32061 0)
#32063 1)
#32064 0)
#32066 1)
#32067 0) 0/
#32068 1/
#32069 1)
#32070 0) 0+
#32071 1+
#32072 1)
#32073 0) 0/
#32074 1) 1/
#32075 0)
#32076 1)
#32078 0)
#32079 1)
#32080 0/
#32081 0) 1/
#32082 1)
#32085 0)
#32086 1)
#32088 0)
#32089 1)
#32091 0)
#32092 1)
#32094 0) 00
#32095 1) 10
#32097 0)
#32098 1)
#32100 0)
#32102 1)
#32103 0)
#32105 1)
#32106 0)
#32108 1)
#32109 0)
#32111 1) 0/
#32112 0) 1/
#32114 1)
#32115 0)
#32116 1) 0/
#32117 1/
#32118 0)
#32119 1)
#32121 0)
#32122 1)
#32124 0)
#32125 1)
#32127 0)
#32128 1)
#32130 0)
#32131 1)
#32133 0)
#32134 1)
#32135 0/
#32136 0) 1/
#32137 1)
#32138 0)
#32139 1)
#32141 0)
#32142 1)
#32144 0) 0/
#32145 1) 1/
#32148 0)
#32149 1)
#32150 0/
#32151 0) 1/
#32152 1)
#32153 0'
#32154 1' 0)
#32155 1)
#32157 0)
#32158 1)
#32159 0'
#32160 1' 0)
#32161 1)
#32163 0)
#32164 1)
#32166 0)
#32167 1) 00
#32168 10
#32169 0)
#32170 1)
#32172 0)
#32173 1)
#32175 0)
#32176 1)
#32178 0)
#32179 1)
#32181 0)
#32182 1)
#32184 0) 00
#32185 1) 10
#32187 0)
#32188 1)
#32190 0)
#32191 1)
#32193 0)
#32194 1)
#32196 0)
#32197 1)
#32199 0)
#32200 1)
#32201 00
#32202 0) 10
#32205 1)
#32206 0)
#32208 1)
#32209 0) 00
#32210 1) 10
#32214 0)
#32215 1)
#32217 0) 0*
#32218 1) 1*
#32220 0)
#32221 1)
#32223 0) 0+
#32224 1) 1+
#32226 0) 00
#32227 1) 10
#32229 0) 0*
#32230 1) 1*
#32232 0)
#32233 1)
#32234 00
#32235 0) 0+ 10
#32236 1) 1+
#32238 0)
#32239 1)
#32241 0) 0*
#32242 1) 1*
#32243 00
#32244 0) 10
#32245 1)
#32247 0) 0+
#32248 1) 1+
#32250 0)
#32251 1) 00
#32252 10
#32253 0) 0*
#32254 1) 1*
#32256 0)
#32257 1)
#32259 0) 0+
#32260 1) 1+
#32262 0) 0+
#32263 1) 1+
#32265 0)
#32266 1)
#32267 0)
#32268 1) 00
#32269 0) 10
#32271 1)
#32272 0)
#32274 1)
#32276 00
#32277 0) 10
#32278 1)
#32280 0)
#32281 0! 0% 0& 1)
#32282 1! 1% 1&
#32283 0)
#32284 1)
#32286 0)
#32287 0% 0& 1)
#32288 1% 1&
#32289 0)
#32290 1)
#32292 0)
#32293 0! 0" 0# 0$ 0& 1) 00
#32294 1! 1" 1# 1$ 1& 10
#32295 0)
#32296 1)
#32298 0)
#32299 0" 0# 0$ 0& 1)
#32300 1" 1# 1$ 1&
#32301 0)
#32302 1)
#32304 0)
#32305 0! 0# 0$ 0& 1)
#32306 1! 1# 1$ 1&
#32307 0)
#32308 1)
#32310 0) 00
#32311 0# 0$ 0& 1) 10
#32312 1# 1$ 1&
#32313 0)
#32314 1)
#32316 0)
#32317 0! 0" 0$ 0& 1)
#32318 1! 1" 1$ 1& 00
#32319 0) 10
#32320 1)
#32322 0)
#32323 0" 0$ 0& 1)
#32324 1" 1$ 1&
#32325 0)
#32326 1)
#32328 0)
#32329 1)
#32330 0)
#32331 1)
#32332 0)
#32334 1)
#32335 0) 00
#32336 10
#32337 1)
#32340 0)
#32341 1)
#32343 0) 00
#32344 1) 10
#32346 0)
#32347 1)
#32349 0)
#32350 1)
#32352 0) 00
#32353 1) 10
#32355 0)
#32356 1)
#32358 0)
#32359 1)
#32360 00
#32361 0) 10
#32362 1)
#32364 0)
#32365 1)
#32367 0)
#32368 1)
#32370 0)
#32371 1)
#32373 0)
#32374 1)
#32376 0)
#32377 1) 00
#32378 10
#32379 0)
#32380 1)
#32382 0)
#32383 1)
#32385 0) 00
#32386 1) 10
#32388 0)
#32389 1)
#32391 0)
#32392 1)
#32394 0)
#32396 1)
#32398 0)
#32399 1)
#32401 0)
#32402 1) 00
#32403 10
#32406 0)
#32407 1)
#32409 0)
#32410 1)
#32412 0)
#32413 1)
#32415 0)
#32416 1)
#32418 0)
#32419 1) 00
#32420 10
#32421 0)
#32422 1)
#32424 0)
#32425 1)
#32426 0)
#32427 00
#32428 1) 10
#32429 0)
#32431 1)
#32432 0)
#32434 1)
#32435 0)
#32437 1)
#32438 0)
#32440 1)
#32441 0)
#32443 1)
#32444 0) 00
#32445 10
#32446 1)
#32448 0)
#32449 1)
#32451 0)
#32452 1) 00
#32453 10
#32454 0) 0+
#32455 1) 1+
#32457 0)
#32458 1)
#32461 0) 00
#32462 1) 10
#32464 0)
#32465 1)
#32468 0)
#32469 00
#32470 1) 10
#32471 0)
#32473 1)
#32474 0)
#32476 1)
#32477 0)
#32479 1)
#32480 0)
#32482 1)
#32483 0)
#32485 1)
#32486 0) 00
#32487 10
#32488 1)
#32489 0)
#32491 1)
#32492 0)
#32494 1) 00
#32495 0) 10
#32497 1)
#32498 0)
#32500 1)
#32501 0)
#32503 1)
#32504 0)
#32506 1)
#32507 0)
#32509 1)
#32510 0)
#32511 00
#32512 1) 10
#32513 0)
#32515 1)
#32516 0)
#32518 1)
#32519 0) 0+
#32520 1+
#32521 1)
#32522 0)
#32523 1)
#32524 0)
#32525 1)
#32527 0)
#32528 1) 00
#32529 10
#32530 0)
#32531 1)
#32532 0)
#32533 1)
#32534 0)
#32536 1) 00
#32537 0) 10
#32539 1)
#32540 0)
#32542 1)
#32543 0)
#32545 1)
#32546 0)
#32548 1)
#32549 0)
#32551 1)
#32552 0)
#32553 00
#32554 1) 10
#32555 0)
#32557 1)
#32558 0)
#32560 1)
#32561 0) 00
#32562 10
#32563 1)
#32564 0)
#32566 1)
#32567 0)
#32569 1)
#32570 0) 00
#32571 10
#32572 1)
#32573 0)
#32575 1)
#32576 0)
#32578 1) 00
#32579 0) 10
#32581 1)
#32582 0)
#32584 1)
#32585 0)
#32588 1)
#32590 0)
#32591 1)
#32593 0)
#32594 1)
#32595 00
#32596 10
#32597 0)
#32599 1)
#32600 0)
#32602 1)
#32603 0) 00
#32604 1) 10
#32606 0)
#32607 1)
#32609 0)
#32611 1)
#32612 0)
#32614 1)
#32615 0)
#32617 1)
#32618 0)
#32620 1) 00
#32621 0) 10
#32623 1)
#32624 0)
#32626 1)
#32627 0)
#32629 1)
#32630 0)
#32632 1)
#32633 0)
#32635 1)
#32636 0)
#32637 00
#32638 1) 10
#32639 0)
#32640 1)
#32642 0)
#32643 1)
#32645 0) 00
#32646 1) 10
#32648 0)
#32649 1)
#32651 0)
#32652 1)
#32653 0)
#32654 1)
#32656 0)
#32657 1)
#32662 00
#32663 0) 10
#32665 1)
#32666 0) 0*
#32667 1*
#32668 1)
#32669 0)
#32670 00
#32671 1) 10
#32672 0) 0+
#32673 1+
#32674 1)
#32675 0)
#32676 1)
#32678 0' 0( 0) 0*
#32679 1' 1( 1) 1* 00
#32680 10
#32681 0)
#32682 1)
#32684 0' 0( 0) 0+
#32685 1' 1( 1) 1+
#32687 0) 00
#32688 1) 10
#32690 0' 0( 0) 0*
#32691 1' 1( 1) 1*
#32693 0)
#32694 1)
#32696 0' 0( 0) 0+
#32697 1' 1( 1) 1+
#32699 0)
#32700 1)
#32702 0' 0( 0) 0*
#32703 1' 1( 1) 1*
#32704 00
#32705 0) 10
#32706 1)
#32708 0' 0( 0) 0+
#32709 1' 1( 1) 1+
#32711 0) 0+
#32712 1) 1+ 00
#32713 10
#32714 0)
#32715 1)
#32716 0)
#32717 1)
#32719 0)
#32720 1)
#32722 0)
#32723 1)
#32726 0)
#32727 1)
#32729 0) 00
#32730 0! 0$ 0% 0& 0' 0( 1) 10
#32731 1! 1$ 1% 1& 1' 1(
#32732 0)
#32733 1)
#32735 0)
#32736 0$ 0% 0& 0' 0( 1)
#32737 1$ 1% 1& 1' 1(
#32738 0)
#32739 1)
#32741 0)
#32742 0! 0" 0# 0% 0& 0' 0( 1)
#32743 1! 1" 1# 1% 1& 1' 1(
#32744 0)
#32745 1)
#32746 00
#32747 0) 10
#32748 0" 0# 0% 0& 0' 0( 1)
#32749 1" 1# 1% 1& 1' 1(
#32750 0)
#32751 1)
#32753 0)
#32754 0! 0# 0% 0& 0' 0( 1) 00
#32755 1! 1# 1% 1& 1' 1( 10
#32756 0)
#32757 1)
#32759 0)
#32760 0# 0% 0& 0' 0( 1)
#32761 1# 1% 1& 1' 1(
#32762 0)
#32763 1)
#32765 0)
#32766 0! 0" 0% 0& 0' 0( 1)
