$date Sat Aug 15 10:49:54 2026 $end
$version libsigrok 0.5.2 $end
$comment
  Acquisition with 16/16 channels at 80 MHz
$end
$timescale 100 ps $end
$scope module libsigrok $end
$var wire 1 ! A0 $end
$var wire 1 " A1 $end
$var wire 1 # A2 $end
$var wire 1 $ A3 $end
$var wire 1 % A4 $end
$var wire 1 & A5 $end
$var wire 1 ' A6 $end
$var wire 1 ( A7 $end
$var wire 1 ) RAS $end
$var wire 1 * CAS0 $end
$var wire 1 + CAS1 $end
$var wire 1 , R/W $end
$var wire 1 - VDS $end
$var wire 1 . IRQ $end
$var wire 1 / CSW $end
$var wire 1 0 CSR $end
$upscope $end
$enddefinitions $end
#0 0! 1" 0# 1$ 0% 1& 1' 1( 0) 1* 1+ 1, 0- 0. 1/ 10
#125 0$ 0& 0' 0( 1) 0, 00
#250 1! 1# 1$ 1% 1& 1' 1( 0) 0* 1, 1- 10
#1000 1*
#1250 1)
#1500 0" 0% 0& 0' 0(
#2375 0) 0-
#2500 0!
#2625 0# 1& 1(
#2875 0*
#3875 1*
#4500 1!
#4750 0*
#5750 1*
#6250 0!
#6375 1"
#6625 0*
#7625 1*
#8250 1!
#8500 0*
#9500 1*
#10625 1)
#10750 1-
#10875 0! 0$ 0&
#11000 1# 1% 1'
#11750 0)
#12000 0" 0# 1& 0' 0(
#12250 0*
#13250 1*
#13500 1)
#13750 0% 1' 1(
#13875 1# 0,
#14625 0)
#14750 0# 0& 0'
#14875 1! 1" 1$ 1%
#15125 0+
#16125 1+
#16250 1)
#16500 0" 0% 0(
#16625 1#
#16750 1,
#17375 0) 0-
#17625 0! 1& 1(
#17875 0*
#18875 1*
#19375 00
#19500 1!
#19750 0*
#20750 1*
#21375 0! 1"
#21625 0*
#22625 1*
#23250 1!
#23500 0*
#24500 1*
#25625 1)
#25750 1-
#25875 0!
#26000 0$ 1% 0& 1'
#26375 10
#26750 0)
#27000 0" 1& 0' 0(
#27250 0*
#28250 1*
#28500 1)
#28875 1! 1" 1$ 1' 1(
#29625 0)
#31375 1)
#31625 0" 0% 0& 0' 0(
#32375 0) 0-
#32625 0! 0# 0$ 1% 1& 1(
#32875 0*
#33875 1*
#34500 1!
#34750 0*
#35750 1*
#36375 0!
#36500 1"
#36625 0*
#37625 1*
#38250 1!
#38500 0*
#39500 1*
#40750 1) 1-
#41000 0! 1# 0& 1'
#41750 0)
#42000 0" 0# 0' 0(
#42125 1$ 1&
#42250 0*
#43375 1*
#43500 1)
#43750 0$ 0%
#43875 1# 1' 1( 0,
#44625 0)
#44750 0'
#44875 1$ 1% 0&
#45125 0+
#46125 1+
#46375 1)
#46625 1! 0% 0(
#46750 1,
#47375 0) 0-
#47625 0! 0$
#47750 1% 1& 1(
#47875 0*
#49000 1*
#49625 1!
#49750 0*
#50875 1*
#51375 0!
#51500 1"
#51625 0*
#52750 1*
#53375 1!
#53625 0*
#54625 1*
#55750 1) 1-
#56000 0! 0& 1'
#56875 0)
#57000 0" 0' 0(
#57125 1$ 1&
#57375 0*
#58375 1*
#58500 1)
#58750 0%
#58875 1! 1' 1(
#59625 0)
#59875 1" 1%
#60125 0+
#61125 1+
#61375 1)
#61625 0" 0% 0& 0' 0(
#62375 0-
#62500 0)
#62625 0! 0#
#62750 1% 1& 1(
#63000 0*
#64000 1*
#64625 1!
#64875 0*
#65875 1*
#66375 0!
#66500 1"
#66750 0*
#67750 1*
#68375 1!
#68625 0*
#69625 1*
#70750 1) 1-
#71000 0! 0$ 0& 1'
#71125 1#
#71875 0)
#72000 0" 0# 0% 0(
#72375 0*
#73375 1*
#73625 1)
#73875 1# 1& 1(
#74000 0,
#74625 0)
#74875 1! 1$ 1% 0& 0'
#75125 0+
#76125 1+
#76375 1)
#76625 0% 0(
#76750 1,
#77500 0) 0-
#77625 0!
#77750 1% 1& 1(
#78000 0*
#79000 1*
#79625 1!
#79875 0*
#80875 1*
#81375 0!
#81500 1"
#81750 0*
#82750 1*
#83375 1!
#83625 0*
#84625 1*
#85750 1)
#85875 1-
#86000 0! 0$ 0&
#86125 1'
#86875 0)
#87125 0" 0% 0(
#87375 0*
#88375 1*
#88625 1)
#88875 1! 1" 1$ 1% 1& 1(
#89625 0)
#91375 1)
#91625 0" 0% 0& 0' 0(
#92500 0) 0-
#92625 0!
#92750 0# 0$ 1' 1(
#93000 0*
#94000 1*
#94625 1!
#94875 0*
#95875 1*
#96375 0!
#96500 1"
#96750 0*
#97750 1*
#98375 1!
#98625 0*
#99625 1*
#100750 1)
#100875 1-
#101000 0!
#101125 1# 1%
#101875 0)
#102125 0" 0# 1$ 0% 0(
#102375 0*
#103250 00
#103375 1*
#103625 1)
#103875 1# 0$ 1& 1(
#104000 0,
#104750 0)
#104875 0& 0'
#105000 1" 1$ 1%
#105250 0+
#106250 1+
#106375 1)
#106625 0" 0% 0(
#106750 1! 1,
#107500 0) 0-
#107625 0!
#107750 0$ 1' 1(
#108000 0*
#109000 1*
#109625 1!
#109875 0*
#110250 10
#110875 1*
#111375 0!
#111500 1"
#111750 0*
#112750 1*
#113375 1!
#113625 0*
#114625 1*
#115750 1)
#115875 1-
#116000 0!
#116125 1%
#116875 0)
#117125 0" 1$ 0% 0(
#117375 0*
#118375 1*
#118625 1)
#118875 1(
#119000 1" 1&
#119750 0)
#120000 1! 1%
#120250 0*
#121250 1*
#121375 1)
#121625 0% 0& 0'
#121750 0" 0(
#122500 0) 0-
#122750 0! 0# 1' 1(
#123000 0*
#124000 1*
#124625 1!
#124875 0*
#125875 1*
#126500 0! 1"
#126750 0*
#127750 1*
#128375 1!
#128625 0*
#129625 1*
#130750 1)
#130875 1-
#131000 0! 0$
#131125 1# 1%
#131875 0)
#132125 0" 0# 0(
#132375 0*
#133375 1*
#133625 1)
#133875 0% 1(
#134000 1# 1& 0,
#134750 0)
#134875 0& 0'
#135000 1! 1" 1$ 1%
#135250 0+
#136250 1+
#136375 1)
#136625 0" 0% 0(
#136875 1,
#137500 0) 0-
#137750 0! 1' 1(
#138000 0*
#139000 1*
#139625 1!
#139875 0*
#140875 1*
#141500 0! 1"
#141750 0*
#142750 1*
#143375 1!
#143625 0*
#144625 1*
#145750 1)
#145875 1-
#146000 0! 0$
#146125 1%
#146875 0)
#147125 0" 0(
#147375 0*
#148375 1*
#148625 1)
#148875 1! 1(
#149000 1" 1$ 1&
#149750 0)
#151375 1)
#151625 0% 0& 0' 0(
#151750 0"
#152500 0) 0-
#152750 0! 0# 0$ 1% 1' 1(
#153000 0*
#154000 1*
#154625 1!
#154875 0*
#155875 1*
#156375 0!
#156500 1"
#156750 0*
#157750 1*
#158375 1!
#158625 0*
#159625 1*
#160750 1)
#160875 1-
#161000 0!
#161125 1#
#161875 0)
#162125 0" 0# 1$ 0(
#162375 0*
#163375 1*
#163625 1)
#163875 1! 1" 1(
#164000 1# 1&
#164750 0)
#166375 1)
#166625 0" 0% 0& 0' 0(
#167500 0) 0-
#167625 0!
#167750 0$ 1% 1' 1(
#168000 0*
#169000 1*
#169625 1!
#169875 0*
#170875 1*
#171375 0!
#171500 1"
#171750 0*
#172750 1*
#173375 1!
#173625 0*
#174625 1*
#175750 1)
#175875 1-
#176000 0!
#176875 0)
#177125 0" 1$ 0(
#177375 0*
#178375 1*
#178625 1)
#178875 1! 1" 0% 1& 1(
#179625 0)
#180000 1%
#180250 0+
#181250 1+
#181375 1)
#181625 0" 0% 0& 0' 0(
#182500 0) 0-
#182625 0!
#182750 0# 1% 1' 1(
#183000 0*
#184000 1*
#184625 1!
#184875 0*
#185875 1*
#186375 0!
#186500 1"
#186750 0*
#187125 00
#187750 1*
#188375 1!
#188625 0*
#189625 1*
#190750 1) 1-
#191000 0! 0$
#191125 1#
#191875 0)
#192000 0" 0# 0(
#192125 0% 1&
#192375 0*
#193375 1*
#193625 1)
#193875 1! 1# 1(
#194000 0, 10
#194625 0)
#194875 0! 0# 0& 0' 0(
#195125 0+
#196125 1+
#196375 1)
#196750 1! 1# 1$ 1,
#197500 0) 0-
#197625 0!
#197750 1% 1' 1(
#198000 0*
#199000 1*
#199625 1!
#199875 0*
#200875 1*
#201375 0!
#201500 1"
#201750 0*
#202750 1*
#203375 1!
#203625 0*
#204625 1*
#205750 1) 1-
#206000 0! 0$
#206875 0)
#207000 0" 0% 0(
#207125 1&
#207375 0*
#208375 1*
#208500 1)
#208875 1! 1" 1$ 1% 1(
#209625 0)
#211375 1)
#211625 0" 0% 0& 0' 0(
#212375 0-
#212500 0)
#212625 0! 0# 0$
#212750 1& 1' 1(
#213000 0*
#214000 1*
#214625 1!
#214875 0*
#215875 1*
#216375 0!
#216500 1"
#216750 0*
#217750 1*
#218375 1!
#218625 0*
#219625 1*
#220750 1) 1-
#221000 0! 1# 1% 0&
#221875 0)
#222000 0" 0# 0% 0(
#222125 1$ 1&
#222250 0*
#223375 1*
#223500 1)
#223750 0$
#223875 1! 1# 1( 0,
#224625 0)
#224875 0# 0& 0' 0(
#225125 0+
#226125 1+
#226375 1)
#226625 1# 1$
#226750 1,
#227375 0-
#227500 0)
#227625 0! 0$
#227750 1& 1' 1(
#227875 0*
#229000 1*
#229625 1!
#229750 0*
#230875 1*
#231375 0!
#231500 1"
#231625 0*
#232750 1*
#233250 1!
#233500 0*
#234625 1*
#235750 1) 1-
#236000 0! 1% 0&
#236750 0)
#237000 0" 0% 0(
#237125 1$ 1&
#237250 0*
#238250 1*
#238500 1)
#238750 0# 0$
#238875 1% 1(
#239625 0)
#239875 1! 1" 1# 1$
#240125 0*
#241125 1*
#241375 1)
#241625 0" 0% 0& 0' 0(
#242375 0) 0-
#242625 0! 0# 1' 1(
#242750 1&
#242875 0*
#243875 1*
#244500 1!
#244750 0*
#245750 1*
#246375 0!
#246500 1"
#246625 0*
#247625 1*
#248250 1!
#248500 0*
#249500 1*
#250750 1) 1-
#250875 0!
#251000 1# 0$ 1% 0&
#251750 0)
#252000 0" 0# 1& 0(
#252250 0*
#253250 1*
#253500 1)
#253750 0%
#253875 1! 1# 1( 0,
#254625 0)
#254750 0! 0# 0& 0' 0(
#254875 1"
#255125 0+
#256125 1+
#256250 1)
#256500 0"
#256625 1! 1# 1$
#256750 1,
#257375 0) 0-
#257625 0! 1& 1' 1(
#257875 0*
#258875 1*
#259500 1!
#259750 0*
#260750 1*
#261375 0! 1"
#261625 0*
#262625 1*
#263250 1!
#263500 0*
#264500 1*
#265625 1)
#265750 1-
#265875 0! 0&
#266000 0$ 1%
#266750 0)
#267000 0" 1& 0(
#267250 0*
#268250 1*
#268500 1)
#268750 1! 1(
#268875 1" 1$
#269625 0)
#271000 00
#271250 1)
#271500 0&
#271625 0" 0% 0' 0(
#272375 0) 0-
#272625 0! 0# 0$ 1% 1& 1' 1(
#272875 0*
#273875 1*
#274500 1!
#274750 0*
#275750 1*
#276375 0! 1"
#276625 0*
#277625 1*
#277875 10
#278250 1!
#278500 0*
#279500 1*
#280625 1)
#280750 1-
#280875 0! 0&
#281000 1#
#281750 0)
#282000 0" 0# 1$ 1& 0(
#282250 0*
#283250 1*
#283500 1)
#283750 1! 1# 0$ 0% 1(
#283875 0,
#284625 0)
#284750 0# 0& 0' 0(
#284875 1"
#285125 0+
#286125 1+
#286250 1)
#286500 0"
#286625 1# 1$ 1,
#287375 0) 0-
#287500 0!
#287625 0$ 1% 1& 1' 1(
#287875 0*
#288875 1*
#289500 1!
#289750 0*
#290750 1*
#291250 0!
#291375 1"
#291625 0*
#292625 1*
#293250 1!
#293500 0*
#294500 1*
#295625 1)
#295750 1-
#295875 0! 0&
#296750 0)
#297000 0" 1$ 1& 0(
#297250 0*
#298250 1*
#298500 1)
#298750 1! 0# 0$ 1(
#299625 0)
#299875 1" 1# 1$
#300125 0+
#301125 1+
#301250 1)
#301500 0" 0% 0& 0' 0(
#302375 0) 0-
#302500 0!
#302625 0# 1% 1& 1' 1(
#302875 0*
#303875 1*
#304500 1!
#304750 0*
#305750 1*
#306250 0!
#306375 1"
#306625 0*
#307625 1*
#308250 1!
#308500 0*
#309500 1*
#310625 1)
#310750 1-
#311000 1#
#311750 0)
#312250 0+
#313250 1+
#313500 1)
#313750 0" 0$ 0%
#313875 0,
#314500 0)
#314750 0! 0& 0' 0(
#315000 0+
#316125 1+
#316250 1)
#316625 1! 1$ 1,
#317375 0) 0-
#317500 0!
#317625 1% 1& 1' 1(
#317875 0*
#318875 1*
#319500 1!
#319750 0*
#320750 1*
#321250 0!
#321375 1"
#321625 0*
#322625 1*
#323250 1!
#323500 0*
#324500 1*
#325625 1)
#325750 1-
#325875 0! 0$ 0&
#326750 0)
#327000 0" 0% 0(
#327250 0*
#328250 1*
#328875 1!
#329125 0*
#330125 1*
#330625 0!
#330750 1"
#331000 0*
#331750 1)
#332000 1*
#332125 1% 1(
#332875 0)
#333000 0" 0# 0% 0' 0(
#333375 0*
#334375 1*
#335000 1!
#335250 0*
#336250 1*
#336750 0!
#336875 1"
#337125 0*
#337875 1)
#338125 1! 0" 1& 1' 1( 1*
#338250 1# 0,
#339000 0)
#339125 0& 0' 0(
#339500 0+
#340500 1+
#340625 1)
#340875 0! 0#
#341000 1" 1$ 1% 1' 1( 1,
#341750 0)
#341875 0' 0(
#342000 1! 0% 1&
#342250 0*
#343250 1*
#343875 1%
#344125 0*
#345125 1*
#345375 1)
#345625 0" 1# 0$ 0& 1' 1(
#346500 0)
#346625 0# 0' 0(
#346750 1" 1$
#346875 0*
#348000 1*
#348125 1)
#348375 0! 0"
#348500 1' 1(
#349250 0)
#349375 0(
#349500 1! 1" 0% 0'
#349750 0*
#350750 1*
#351375 1%
#351625 0*
#352625 1*
#352875 1)
#353125 0! 0" 0$ 1' 1(
#353250 1#
#354000 0)
#354125 0# 0% 0' 0(
#354250 1! 1" 1$
#354375 0*
#354750 00
#355500 1*
#355625 1)
#355875 0! 0$
#356000 1# 1% 1' 1(
#356750 0)
#357000 0" 0# 0% 0' 0(
#357250 0*
#358250 1*
#358875 1!
#359125 0*
#360125 1*
#360625 0!
#360750 1"
#361000 0*
#361750 1) 10
#362000 1*
#362125 1# 1% 1' 1(
#362875 0)
#363000 0# 0% 0' 0(
#363125 0"
#363375 0*
#364375 1*
#365000 1!
#365250 0*
#366250 1*
#366750 0!
#366875 1"
#367125 0*
#368375 1)
#368625 1*
#369000 0"
#369125 1! 1# 1& 1' 1(
#369250 0,
#369875 0)
#370125 0! 1" 0& 0' 0(
#370375 0+
#371375 1+
#372125 1)
#372375 0" 0# 1$ 1% 1' 1(
#372500 1,
#373125 0)
#373875 1! 1" 0% 0' 0(
#374125 0*
#375125 1*
#375750 1%
#376000 0*
#377000 1*
#377250 1)
#377500 0! 0" 0$ 1' 1(
#377625 1#
#378375 0)
#378500 0# 0% 0' 0(
#378625 1! 1" 1$
#378875 0*
#379875 1*
#380000 1)
#380250 0! 0"
#380375 1% 1' 1(
#381125 0)
#381375 1! 1" 0% 0' 0(
#381625 0*
#382625 1*
#383250 1%
#383500 0*
#384500 1*
#384750 1)
#385000 0! 0" 0$ 1(
#385125 1# 1'
#385875 0)
#386000 0# 0' 0(
#386125 1! 1" 1$ 0%
#386375 0*
#387375 1*
#387500 1)
#387750 0! 0$
#387875 1# 1% 1' 1(
#388625 0)
#388875 0" 0# 0% 0' 0(
#389125 0*
#390125 1*
#390750 1!
#391000 0*
#392000 1*
#392625 0!
#392750 1"
#392875 0*
#393625 1)
#393875 1*
#394000 1# 1% 1' 1(
#394750 0)
#395000 0" 0# 0% 0' 0(
#395250 0*
#396250 1*
#396875 1!
#397125 0*
#398125 1*
#398750 0! 1"
#399000 0*
#399750 1)
#400000 0" 1*
#400125 1! 1# 1& 1' 1( 0,
#400875 0)
#401000 0' 0(
#401125 1" 0&
#401375 0+
#402375 1+
#402625 1)
#402875 0! 0" 0# 1$ 1% 1' 1(
#403000 1,
#403625 0)
#403875 1! 0% 0' 0(
#404000 1"
#404125 0*
#405250 1*
#405875 1%
#406000 0*
#407125 1*
#407250 1)
#407500 0! 0" 0$
#407625 1# 1' 1(
#408375 0)
#408625 1! 1" 0# 1$ 0% 0' 0(
#408875 0*
#409875 1*
#410125 1)
#410375 0! 0" 1% 1' 1(
#411250 0)
#411375 0% 0' 0(
#411500 1! 1"
#411625 0*
#412750 1*
#413375 1%
#413500 0*
#414625 1*
#414750 1)
#415000 0! 0" 0$
#415125 1# 1' 1(
#415875 0)
#416125 1! 1" 0# 1$ 0% 0' 0(
#416375 0*
#417375 1*
#417625 1)
#417875 0! 0$ 1' 1(
#418000 1# 1%
#418750 0)
#418875 0" 0# 0% 0' 0(
#419250 0*
#420250 1*
#420875 1!
#421125 0*
#422125 1*
#422625 0!
#422750 1"
#423000 0*
#423750 1)
#424000 1' 1( 1*
#424125 1# 1%
#424875 0)
#425000 0" 0# 0% 0' 0(
#425250 0*
#426250 1*
#427000 1!
#427125 0*
#428250 1*
#428750 0!
#428875 1"
#429000 0*
#429875 1)
#430000 0" 1*
#430125 1! 1# 1& 1' 1(
#430250 0,
#430875 0)
#431125 0! 0# 1$ 0& 0' 0(
#431375 0+
#432375 1+
#432625 1)
#432875 1(
#433000 1% 1' 1,
#433750 0)
#433875 0% 0' 0(
#434000 1! 1"
#434250 0*
#435250 1*
#435875 1%
#436125 0*
#437125 1*
#437375 1)
#437500 0! 0"
#437625 1# 0$ 1' 1(
#438375 0)
#438625 1! 1" 0# 0% 0' 0( 00
#438750 1$
#438875 0*
#439875 1*
#440125 1)
#440375 0! 0"
#440500 1% 1' 1(
#441250 0)
#441375 0% 0' 0(
#441500 1! 1"
#441750 0*
#442750 1*
#443375 1%
#443625 0*
#444625 1*
#444875 1)
#445000 0!
#445125 0" 1# 0$ 1' 1(
#445625 10
#445875 0)
#446125 1! 0# 0% 0' 0(
#446250 1" 1$
#446375 0*
#447500 1*
#447625 1)
#462875 0" 0$
#463000 1# 1& 1' 1(
#463125 0,
#463750 0)
#464000 0# 1$ 0& 0' 0(
#464250 0+
#465250 1+
#465500 1)
#466750 1" 1# 1% 1& 1' 1(
#466875 1,
#467500 0)
#469250 1)
#472375 0! 0$ 0&
#473125 0)
#473375 0" 0# 0% 0' 0(
#473625 0*
#474625 1*
#474875 1)
#475250 1! 1" 1# 1$ 1% 1& 1' 1(
#476000 0)
#477750 1)
#478750 0)
#479250 0+
#480375 1+
#481125 0+
#482250 1+
#483000 0+
#484125 1+
#484875 0+
#486000 1+
#487125 1)
#487375 0! 0$ 0&
#488125 0)
#488375 0" 0% 0' 0(
#488625 0*
#489750 1*
#489875 1)
#490250 1! 1& 1' 1( 0,
#491000 0)
#491250 0! 1" 0# 1$ 0& 0' 0(
#491500 0+
#492500 1+
#492750 1)
#493000 1#
#493125 1,
#493750 0) 0-
#494000 0" 0# 0$
#494250 0*
#495375 1*
#496000 1!
#496125 0*
#497250 1*
#497750 0!
#497875 1"
#498000 0*
#499125 1*
#499750 1!
#499875 0*
#501000 1*
#502125 1) 1-
#502375 0! 1# 1% 1' 1(
#503250 0)
#503375 0" 0# 0% 0' 0(
#503500 1$
#503625 0*
#504750 1*
#504875 1)
#505250 1! 1" 1# 1% 1& 1' 1(
#506000 0)
#507750 1)
#508000 0! 0% 0& 0' 0(
#508750 0-
#508875 0)
#509000 0" 0$
#509375 0*
#510375 1*
#511000 1!
#511250 0*
#512250 1*
#512750 0!
#512875 1"
#513125 0*
#514125 1*
#514750 1!
#515000 0*
#516000 1*
#517125 1) 1-
#517375 0! 1' 1(
#517500 1%
#518250 0)
#518375 0" 0% 0' 0(
#518500 1$
#518750 0*
#519750 1*
#519875 1)
#520125 0# 0$
#520250 1" 1% 1& 1' 1(
#521000 0)
#521250 1! 1# 1$
#521500 0*
#522500 1* 00
#522750 1)
#523000 0! 0% 0& 0' 0(
#523750 0-
#523875 0)
#524000 0" 0#
#524375 0*
#525375 1*
#526000 1!
#526250 0*
#527250 1*
#527750 0!
#527875 1"
#528125 0*
#529125 1*
#529500 10
#529750 1!
#530000 0*
#531000 1*
#532125 1) 1-
#532375 0! 0$ 1(
#532500 1# 1% 1'
#533250 0)
#533375 0" 0# 0' 0(
#533750 0*
#534750 1*
#535000 1)
#535125 0%
#535250 1! 1# 1& 1' 1(
#535375 0,
#536000 0)
#536250 1" 0# 0& 0' 0(
#536375 1$
#536500 0+
#537625 1+
#537750 1)
#538000 0!
#538125 1# 1,
#538875 0) 0-
#539000 0"
#539375 0*
#540375 1*
#541000 1!
#541250 0*
#542250 1*
#542750 0!
#542875 1"
#543125 0*
#544125 1*
#544750 1!
#545000 0*
#546000 1*
#547125 1) 1-
#547375 0! 0$ 1(
#547500 1% 1'
#548250 0)
#548375 0" 0' 0(
#548750 0*
#549750 1*
#550000 1)
#550250 1! 1" 1$ 1& 1' 1(
#551000 0)
#552750 1)
#553000 0! 0% 0& 0' 0(
#553875 0) 0-
#554000 0" 0# 0$
#554125 1%
#554375 0*
#555375 1*
#556000 1!
#556250 0*
#557250 1*
#557750 0!
#557875 1"
#558125 0*
#559125 1*
#559750 1!
#560000 0*
#561000 1*
#562125 1) 1-
#562375 0!
#562500 1# 1' 1(
#563250 0)
#563375 0# 0' 0(
#563500 0" 1$
#563750 0*
#564750 1*
#565000 1)
#565125 0$
#565250 1! 1# 0% 1& 1' 1(
#565375 0,
#566000 0)
#566250 0! 1$ 0& 0' 0(
#566500 0+
#567625 1+
#567750 1)
#568125 1" 1,
#568875 0) 0-
#569000 0" 0$
#569125 1%
#569375 0*
#570375 1*
#571000 1!
#571250 0*
#572250 1*
#572750 0!
#572875 1"
#573125 0*
#574125 1*
#574750 1!
#575000 0*
#576000 1*
#577125 1) 1-
#577375 0! 1(
#577500 1'
#578250 0)
#578375 0" 0' 0(
#578500 1$
#578750 0*
#579750 1*
#580000 1)
#580125 0# 0$
#580250 1! 1" 1& 1' 1(
#581000 0)
#581250 1# 1$
#581500 0+
#582500 1+
#582750 1)
#583000 0! 0% 0& 0' 0(
#583750 0-
#583875 0)
#584000 0" 0#
#584125 1%
#584375 0*
#585375 1*
#586000 1!
#586250 0*
#587250 1*
#587750 0!
#587875 1"
#588125 0*
#589125 1*
#589750 1!
#590000 0*
#591000 1*
#592125 1) 1-
#592375 0! 0$ 1' 1(
#592500 1#
#593250 0)
#593375 0" 0# 0% 0' 0(
#593500 1&
#593750 0*
#594750 1*
#594875 1)
#595250 1! 1# 1' 1(
#595375 0,
#596000 0)
#596250 1$ 0& 0' 0(
#596500 0+
#597500 1+
#597750 1)
#598000 0!
#598125 1" 1,
#598750 0-
#598875 0)
#599000 0"
#599125 1%
#599375 0*
#600375 1*
#601000 1!
#601250 0*
#602250 1*
#602750 0!
#602875 1"
#603125 0*
#604125 1*
#604750 1!
#605000 0*
#606000 1*
#606375 00
#607125 1) 1-
#607375 0! 0$ 1' 1(
#608250 0)
#608375 0" 0% 0' 0(
#608500 1&
#608750 0*
#609750 1*
#609875 1)
#610250 1! 1" 1$ 1% 1' 1(
#611000 0)
#612750 1)
#613000 0! 0% 0& 0' 0(
#613250 10
#613750 0-
#613875 0)
#614000 0" 0# 0$
#614125 1&
#614375 0*
#615375 1*
#616000 1!
#616250 0*
#617250 1*
#617750 0!
#617875 1"
#618125 0*
#619125 1*
#619750 1!
#620000 0*
#621000 1*
#622125 1) 1-
#622375 0! 1# 1% 0& 1' 1(
#623250 0)
#623375 0" 0# 0% 0' 0(
#623500 1$ 1&
#623625 0*
#624750 1*
#624875 1)
#625125 0$
#625250 1! 1# 1' 1( 0,
#626000 0)
#626250 0! 1" 1$ 0& 0' 0(
#626500 0+
#627500 1+
#627750 1)
#628125 1,
#628750 0-
#628875 0)
#629000 0" 0$
#629125 1&
#629250 0*
#630375 1*
#631000 1!
#631125 0*
#632250 1*
#632750 0!
#632875 1"
#633000 0*
#634125 1*
#634625 1!
#634875 0*
#636000 1*
#637125 1) 1-
#637375 0! 1% 0& 1' 1(
#638125 0)
#638375 0" 0% 0' 0(
#638500 1$ 1&
#638625 0*
#639625 1*
#639875 1)
#640125 0$
#640250 1% 1' 1(
#641000 0)
#641250 1! 1" 1$
#641500 0*
#642500 1*
#642750 1)
#643000 0! 0% 0& 0' 0(
#643750 0) 0-
#644000 0" 0#
#644125 1&
#644250 0*
#645250 1*
#645875 1!
#646125 0*
#647125 1*
#647750 0!
#647875 1"
#648000 0*
#649000 1*
#649625 1!
#649875 0*
#650875 1*
#652125 1) 1-
#652250 0!
#652375 1# 0$ 1% 0& 1' 1(
#653125 0)
#653375 0" 0# 1& 0' 0(
#653625 0*
#654625 1*
#654875 1)
#655125 0%
#655250 1! 1# 1' 1( 0,
#656000 0)
#656125 0' 0(
#656250 1" 1$ 0&
#656500 0+
#657500 1+
#657625 1)
#657875 0!
#658125 1,
#658750 0) 0-
#659000 0" 1&
#659250 0*
#660250 1*
#660875 1!
#661125 0*
#662125 1*
#662750 0! 1"
#663000 0*
#664000 1*
#664625 1!
#664875 0*
#665875 1*
#667000 1)
#667125 1-
#667250 0! 0&
#667375 0$ 1% 1' 1(
#668125 0)
#668375 0" 1& 0' 0(
#668625 0*
#669625 1*
#669875 1)
#670125 1(
#670250 1! 1" 1$ 1'
#671000 0)
#672625 1)
#672875 0'
#673000 0! 0% 0& 0(
#673750 0) 0-
#674000 0" 0# 0$ 1% 1&
#674250 0*
#675250 1*
#675875 1!
#676125 0*
#677125 1*
#677750 0! 1"
#678000 0*
#679000 1*
#679625 1!
#679875 0*
#680875 1*
#682000 1)
#682125 1-
#682250 0! 0&
#682375 1# 1' 1(
#683125 0)
#683375 0" 0# 1$ 1& 0' 0(
#683625 0*
#684625 1*
#684875 1)
#685125 1! 0$ 0% 1' 1(
#685250 1# 0,
#686000 0)
#686125 0! 0# 0& 0' 0(
#686250 1%
#686500 0+
#687500 1+
#687625 1)
#687875 0%
#688000 1" 1# 1$ 1,
#688750 0) 0-
#689000 0" 0$ 1% 1&
#689250 0*
#690125 00
#690250 1*
#690875 1!
#691125 0*
#692125 1*
#692625 0!
#692750 1"
#693000 0*
#694000 1*
#694625 1!
#694875 0*
#695875 1*
#697000 1)
#697125 1- 10
#697250 0! 0&
#697375 1' 1(
#698125 0)
#698250 0(
#698375 0" 1$ 1& 0'
#698625 0*
#699625 1*
#699875 1)
#700125 1! 0$ 1' 1(
#701000 0)
#701250 1" 1$
#701500 0+
#702500 1+
#702625 1)
#702875 0! 0% 0& 0' 0(
#703750 0) 0-
#703875 0"
#704000 0# 1% 1&
#704250 0*
#705250 1*
#705875 1!
#706125 0*
#707125 1*
#707625 0!
#707750 1"
#708000 0*
#709000 1*
#709625 1!
#709875 0*
#710875 1*
#712000 1)
#712125 1-
#712250 0! 0$ 0&
#712375 1# 1' 1(
#713125 0)
#713250 0# 0(
#713375 0" 0%
#713625 0*
#714625 1*
#714875 1)
#715125 1! 1# 1& 1(
#715250 0,
#715875 0)
#716125 0# 0& 0' 0(
#716250 1%
#716375 0+
#717500 1+
#717625 1)
#717875 0! 0%
#718000 1" 1# 1$ 1,
#718750 0) 0-
#718875 0"
#719000 1% 1&
#719250 0*
#720250 1*
#720875 1!
#721125 0*
#722125 1*
#722625 0!
#722750 1"
#723000 0*
#724000 1*
#724625 1!
#724875 0*
#725875 1*
#727000 1) 1-
#727250 0! 0$ 0& 1(
#727375 1'
#728125 0)
#728250 0" 0(
#728375 0%
#728625 0*
#729625 1*
#729875 1)
#730125 1! 1" 1$ 1% 1& 1(
#730875 0)
#732625 1)
#732875 0! 0% 0& 0' 0(
#733625 0-
#733750 0)
#733875 0" 0# 0$
#734000 1'
#734250 0*
#735250 1*
#735875 1!
#736125 0*
#737125 1*
#737625 0!
#737750 1"
#738000 0*
#739000 1*
#739625 1!
#739875 0*
#740875 1*
#742000 1) 1-
#742250 0! 1(
#742375 1# 1%
#743125 0)
#743250 0# 0% 0(
#743375 0" 1$
#743625 0*
#744625 1*
#744875 1)
#745000 0$
#745125 1! 1# 1& 1(
#745250 0,
#745875 0)
#746125 0! 1" 0# 1% 0& 0' 0(
#746375 0+
#747375 1+
#747625 1)
#747875 0%
#748000 1# 1$ 1,
#748750 0) 0-
#748875 0" 0$
#749000 1'
#749250 0*
#750250 1*
#750875 1!
#751125 0*
#752125 1*
#752625 0!
#752750 1"
#753000 0*
#754000 1*
#754625 1!
#754875 0*
#755875 1*
#757000 1) 1-
#757250 0! 1(
#757375 1%
#758125 0)
#758250 0" 0% 0(
#758375 1$
#758625 0*
#759625 1*
#759875 1)
#760000 0$
#760125 1" 1% 1& 1(
#760875 0)
#761125 1! 1$
#761375 0*
#762375 1*
#762625 1)
#762875 0! 0% 0& 0' 0(
#763625 0-
#763750 0)
#763875 0" 0#
#764000 1'
#764250 0*
#765250 1*
#765875 1!
#766125 0*
#767125 1*
#767625 0!
#767750 1"
#768000 0*
#769000 1*
#769625 1!
#769875 0*
#770875 1*
#772000 1) 1-
#772250 0! 0$ 1(
#772375 1# 1%
#773125 0)
#773250 0" 0# 0(
#773625 0*
#774000 00
#774625 1*
#774875 1)
#775000 0%
#775125 1! 1# 1& 1(
#775250 0,
#775875 0)
#776125 0# 1% 0& 0' 0(
#776250 1"
#776375 0+
#777500 1+
#777625 1)
#777875 0! 0%
#778000 1# 1$ 1,
#778750 0) 0-
#778875 0"
#779000 1'
#779250 0*
#780250 1*
#780875 1!
#781000 10
#781125 0*
#782125 1*
#782625 0!
#782750 1"
#783000 0*
#784000 1*
#784625 1!
#784875 0*
#785875 1*
#787000 1) 1-
#787250 0! 0$
#787375 1% 1(
#788125 0)
#788250 0(
#788375 0"
#788625 0*
#789625 1*
#789875 1)
#790125 1! 1" 1$ 1& 1(
#790875 0)
#792625 1)
#792875 0! 0% 0& 0' 0(
#793750 0) 0-
#794000 0" 0# 0$ 1% 1'
#794250 0*
#795250 1*
#795875 1!
#796125 0*
#797125 1*
#797625 0!
#797750 1"
#798000 0*
#799000 1*
#799625 1!
#799875 0*
#800875 1*
#802000 1)
#802125 1-
#802250 0!
#802375 1# 1(
#803125 0)
#803250 0(
#803375 0" 0# 1$
#803625 0*
#804625 1*
#804875 1)
#805125 1! 0$ 0% 1& 1(
#805250 1# 0,
#806000 0)
#806125 0! 0& 0' 0(
#806250 1%
#806500 0+
#807500 1+
#807625 1)
#807875 0%
#808000 1" 1$ 1,
#808750 0) 0-
#809000 0" 0$ 1% 1'
#809250 0*
#810250 1*
#810875 1!
#811125 0*
#812125 1*
#812625 0!
#812750 1"
#813000 0*
#814000 1*
#814625 1!
#814875 0*
#815875 1*
#817000 1)
#817125 1-
#817250 0!
#817375 1(
#818125 0)
#818375 0" 1$ 0(
#818625 0*
#819625 1*
#819875 1)
#820125 1! 0$ 1(
#820250 1" 1&
#821000 0)
#821250 1$
#821500 0+
#822500 1+
#822625 1)
#822875 0&
#823000 0! 0% 0' 0(
#823750 0) 0-
#824000 0" 0# 1% 1'
#824250 0*
#825250 1*
#825875 1!
#826125 0*
#827125 1*
#827750 0! 1"
#828000 0*
#829000 1*
#829625 1!
#829875 0*
#830875 1*
#832125 1) 1-
#832250 0!
#832375 1# 0$ 1(
#833125 0)
#833375 0" 0# 0% 1& 0(
#833625 0*
#834625 1*
#834875 1)
#835250 1! 1# 1( 0,
#836000 0)
#836125 0& 0' 0(
#836250 1%
#836500 0+
#837500 1+
#837750 1)
#837875 0! 0%
#838000 1" 1$
#838125 1,
#838750 0) 0-
#839000 0" 1'
#839125 1%
#839250 0*
#840250 1*
#840875 1!
#841125 0*
#842125 1*
#842750 0!
#842875 1"
#843000 0*
#844000 1*
#844625 1!
#844875 0*
#845875 1*
#847125 1) 1-
#847375 0! 0$ 1(
#848125 0)
#848375 0" 0% 0(
#848500 1&
#848625 0*
#849625 1*
#849875 1)
#850250 1! 1" 1$ 1% 1(
#851000 0)
#852750 1)
#853000 0! 0% 0& 0' 0(
#853750 0) 0-
#854000 0" 0# 0$
#854125 1& 1'
#854250 0*
#855375 1*
#856000 1!
#856125 0*
#857250 1*
#857750 0!
#857875 1" 00
#858000 0*
#859125 1*
#859750 1!
#859875 0*
#861000 1*
#862125 1) 1-
#862375 0! 1# 1% 0& 1(
#863250 0)
#863375 0" 0# 0% 0(
#863500 1$ 1&
#863625 0*
#864750 1*
#864875 1) 10
#865125 0$
#865250 1! 1# 1( 0,
#866000 0)
#866250 0! 1" 1% 0& 0' 0(
#866500 0+
#867500 1+
#867750 1)
#868000 0%
#868125 1$ 1,
#868750 0-
#868875 0)
#869000 0" 0$
#869125 1& 1'
#869375 0*
#870375 1*
#871000 1!
#871250 0*
#872250 1*
#872750 0!
#872875 1"
#873125 0*
#874125 1*
#874750 1!
#875000 0*
#876000 1*
#877125 1) 1-
#877375 0! 0& 1(
#877500 1%
#878250 0)
#878375 0" 0% 0(
#878500 1$ 1&
#878750 0*
#879750 1*
#879875 1)
#880125 0#
#880250 1% 1(
#881000 0)
#881250 1! 1" 1#
#881500 0*
#882500 1*
#882750 1)
#883000 0! 0% 0& 0' 0(
#883750 0-
#883875 0)
#884000 0" 0#
#884125 1& 1'
#884375 0*
#885375 1*
#886000 1!
#886250 0*
#887250 1*
#887750 0!
#887875 1"
#888125 0*
#889125 1*
#889750 1!
#890000 0*
#891000 1*
#892125 1)
#892250 1-
#892375 0! 0$ 0&
#892500 1# 1% 1(
#893250 0)
#893375 0# 0(
#893500 0" 1&
#893750 0*
#894750 1*
#895000 1)
#895250 1! 1# 0% 1(
#895375 0,
#896000 0)
#896250 0& 0' 0(
#896375 1" 1%
#896500 0+
#897625 1+
#897750 1)
#898000 0! 0%
#898125 1$ 1,
#898875 0) 0-
#899000 0"
#899125 1& 1'
#899375 0*
#900375 1*
#901000 1!
#901250 0*
#902250 1*
#902750 0!
#902875 1"
#903125 0*
#904125 1*
#904750 1!
#905000 0*
#906000 1*
#907125 1)
#907250 1-
#907375 0! 0$ 0&
#907500 1% 1(
#908250 0)
#908500 0" 1& 0(
#908750 0*
#909750 1*
#910000 1)
#910250 1! 1(
#910375 1" 1$
#911125 0)
#912750 1)
#913000 0& 0(
#913125 0! 0% 0'
#913875 0) 0-
#914125 0" 0# 0$ 1% 1& 1'
#914375 0*
#915375 1*
#916000 1!
#916250 0*
#917250 1*
#917875 0! 1"
#918125 0*
#919125 1*
#919750 1!
#920000 0*
#921000 1*
#922125 1)
#922250 1-
#922375 0!
#922500 1# 0& 1(
#923250 0)
#923500 0" 0# 1$ 1& 0(
#923750 0*
#924750 1*
#925000 1)
#925250 0$ 0% 1(
#925375 1! 1# 0,
#926125 0)
#926250 0! 0# 0(
#926375 1$ 1% 0& 0'
#926625 0+
#927625 1+
#927875 1)
#928000 0%
#928125 1" 1#
#928250 1,
#928875 0) 0-
#929125 0" 0$ 1& 1'
#929250 1%
#929375 0*
#930375 1*
#931000 1!
#931250 0*
#932250 1*
#932875 0! 1"
#933125 0*
#934125 1*
#934750 1!
#935000 0*
#936000 1*
#937250 1) 1-
#937375 0!
#937500 0& 1(
#938250 0)
#938500 0" 0(
#938625 1$ 1&
#938750 0*
#939750 1*
#940000 1)
#940250 0#
#940375 1! 1(
#941125 0)
#941375 1" 1#
#941625 0+
#941750 00
#942625 1+
#942875 1)
#943125 0! 0% 0& 0' 0(
#943875 0) 0-
#944125 0" 0#
#944250 1% 1& 1'
#944375 0*
#945500 1*
#946125 1!
#946250 0*
#947375 1*
#947875 0!
#948000 1"
#948125 0*
#948625 10
#949250 1*
#949750 1!
#950000 0*
#951125 1*
#952250 1) 1-
#952500 1# 1(
#953375 0)
#953875 0+
#954875 1+
#955000 1)
#955250 0" 0$ 0%
#955375 0,
#956125 0)
#956375 0# 1$ 1% 0& 0' 0(
#956625 0+
#957625 1+
#957875 1)
#958125 0! 1" 1# 0%
#958250 1,
#958875 0-
#959000 0)
#959125 0"
#959250 1% 1& 1'
#959500 0*
#960500 1*
#961125 1!
#961250 0*
#962375 1*
#962875 0!
#963000 1"
#963250 0*
#964250 1*
#964875 1!
#965125 0*
#966125 1*
#967250 1) 1-
#967500 0! 0$ 0& 1(
#968375 0)
#968500 0" 0% 0(
#968875 0*
#969875 1*
#970500 1!
#970750 0*
#971750 1*
#972250 0!
#972375 1"
#972625 0*
#973375 1)
#973625 1( 1*
#973750 1%
#974375 0)
#974625 0" 0# 0% 0' 0(
#974875 0*
#975875 1*
#976500 1!
#976750 0*
#977750 1*
#978375 0!
#978500 1"
#978625 0*
#979375 1)
#979625 0" 1*
#979750 1! 1# 1& 1' 1(
#979875 0,
#980500 0)
#980750 0! 1" 0# 1$ 1% 0& 0' 0(
#981000 0+
#982000 1+
#982250 1)
#982500 1' 1(
#982625 1,
#983375 0)
#983500 0" 0% 0' 0(
#983625 1# 1&
#983875 0*
#984875 1*
#985500 1%
#985750 0*
#986750 1*
#986875 1)
#987125 0$ 0&
#987250 1! 1' 1(
#988000 0)
#988250 0! 1$ 0' 0(
#988500 0*
#989500 1*
#989750 1)
#990000 0# 1' 1(
#990875 0)
#991000 0% 0' 0(
#991125 1#
#991375 0*
#992375 1*
#993000 1%
#993250 0*
#994250 1*
#994375 1)
#994625 0$
#994750 1' 1(
#995500 0)
#995750 1$ 0% 0' 0(
#996000 0*
#997000 1*
#997250 1)
#997500 0$ 1' 1(
#997625 1" 1%
#998375 0)
#998500 0" 0# 0% 0' 0(
#998875 0*
#999875 1*
#1000500 1!
#1000750 0*
#1001750 1*
#1002250 0!
#1002375 1"
#1002625 0*
#1003375 1)
#1003625 1' 1( 1*
#1003750 1# 1%
#1004375 0)
#1004625 0" 0# 0% 0' 0(
#1004875 0*
#1005875 1*
#1006500 1!
#1006750 0*
#1007750 1*
#1008375 0!
#1008500 1"
#1008625 0*
#1009875 1)
#1010125 1*
#1010625 0" 1' 1(
#1010750 1! 1# 1& 0,
#1011500 0)
#1011625 0# 0& 0' 0(
#1011750 1" 1$ 1%
#1012000 0+
#1013000 1+
#1013625 1)
#1013875 0! 0"
#1014000 1' 1( 1,
#1014750 0)
#1015375 0% 0' 0(
#1015500 1#
#1015750 0*
#1016750 1*
#1017375 1%
#1017625 0*
#1018625 1*
#1018750 1)
#1019000 0$
#1019125 1' 1(
#1019875 0)
#1020125 1$ 0% 0' 0(
#1020375 0*
#1021375 1*
#1021625 1)
#1021875 0# 1% 1' 1(
#1022750 0)
#1022875 0% 0' 0(
#1023000 1#
#1023125 0*
#1024250 1*
#1024875 1%
#1025125 0*
#1025625 00
#1026125 1*
#1026250 1)
#1026500 0$
#1026625 1' 1(
#1027375 0)
#1027625 1$ 0% 0' 0(
#1027875 0*
#1028875 1*
#1029125 1)
#1029375 1" 0$ 1% 1' 1(
#1030250 0)
#1030375 0" 0# 0% 0' 0(
#1030625 0*
#1031750 1*
#1032375 1!
#1032500 0* 10
#1033625 1*
#1034125 0!
#1034250 1"
#1034375 0*
#1035250 1)
#1035375 1*
#1035500 1# 1% 1' 1(
#1036250 0)
#1036500 0" 0# 0% 0' 0(
#1036750 0*
#1037750 1*
#1038375 1!
#1038625 0*
#1039625 1*
#1040250 0! 1"
#1040500 0*
#1041250 1)
#1041500 0" 1*
#1041625 1! 1# 1& 1' 1( 0,
#1042375 0)
#1042625 0! 1$ 1% 0& 0' 0(
#1042875 0+
#1043875 1+
#1044125 1)
#1044375 0# 1' 1(
#1044500 1,
#1045125 0)
#1045375 0% 0' 0(
#1045500 1#
#1045625 0*
#1046750 1*
#1047375 1%
#1047500 0*
#1048500 1*
#1048750 1)
#1049000 0$
#1049125 1' 1(
#1049875 0)
#1050000 0' 0(
#1050125 1$ 0%
#1050375 0*
#1051375 1*
#1051625 1)
#1051875 0# 1% 1' 1(
#1052625 0)
#1052875 0% 0' 0(
#1053000 1#
#1053125 0*
#1054125 1*
#1054875 1%
#1055000 0*
#1056000 1*
#1056250 1)
#1056500 0$
#1056625 1' 1(
#1057375 0)
#1057500 0' 0(
#1057625 1$ 0%
#1057875 0*
#1058875 1*
#1059125 1)
#1059375 1" 0$ 1% 1' 1(
#1060125 0)
#1060375 0" 0# 0% 0' 0(
#1060625 0*
#1061625 1*
#1062250 1!
#1062500 0*
#1063500 1*
#1064125 0!
#1064250 1"
#1064375 0*
#1065125 1)
#1065375 1*
#1065500 1# 1% 1' 1(
#1066250 0)
#1066500 0" 0# 0% 0' 0(
#1066750 0*
#1067750 1*
#1068375 1!
#1068625 0*
#1069625 1*
#1070125 0!
#1070250 1"
#1070500 0*
#1071250 1)
#1071500 0" 1*
#1071625 1! 1# 1& 1' 1( 0,
#1072375 0)
#1072500 0& 0' 0(
#1072625 1$ 1%
#1072875 0+
#1073875 1+
#1074000 1)
#1074250 0! 0#
#1074375 1' 1(
#1074500 1,
#1075125 0)
#1075375 1# 0% 0' 0(
#1075625 0*
#1076625 1*
#1077250 1%
#1077500 0*
#1078500 1*
#1078750 1)
#1079000 0$ 1' 1(
#1079875 0)
#1080000 0% 0' 0(
#1080125 1$
#1080375 0*
#1081375 1*
#1081500 1)
#1081750 0#
#1081875 1% 1' 1(
#1082625 0)
#1082875 1# 0% 0' 0(
#1083125 0*
#1084125 1*
#1084750 1%
#1085000 0*
#1086000 1*
#1086250 1)
#1086500 0$ 1' 1(
#1087375 0)
#1087500 0% 0' 0(
#1087625 1$
#1087875 0*
#1088875 1*
#1089000 1)
#1104250 0$
#1104375 1! 1& 1' 1( 0,
#1105125 0)
#1105250 0! 0(
#1105375 1" 1$ 1% 0& 0'
#1105625 0+
#1106625 1+
#1106875 1)
#1108125 1! 1& 1' 1( 1,
#1108875 0)
#1109375 00
#1110625 1)
#1113625 0! 0$ 0&
#1114500 0)
#1114750 0" 0# 0% 0' 0(
#1115000 0*
#1116000 1*
#1116250 1)
#1116375 10
#1116500 1! 1" 1# 1$ 1% 1& 1' 1(
#1117250 0)
#1119000 1)
#1120125 0)
#1120625 0+
#1121625 1+
#1122500 0+
#1123500 1+
#1124375 0+
#1125375 1+
#1126250 0+
#1127250 1+
#1128375 1)
#1128625 0! 0$ 0&
#1129500 0)
#1129625 0% 0' 0(
#1129750 0"
#1130000 0*
#1131000 1*
#1131250 1)
#1131500 1! 1& 1' 1(
#1131625 0,
#1132250 0)
#1132500 1" 1$ 1% 0& 0' 0(
#1132750 0+
#1133750 1+
#1134000 1)
#1134250 0! 0%
#1134375 1,
#1135125 0) 0-
#1135250 0" 0# 0$
#1135375 1(
#1135625 0*
#1136625 1*
#1137250 1!
#1137500 0*
#1138500 1*
#1139000 0!
#1139125 1"
#1139375 0*
#1140375 1*
#1141000 1!
#1141250 0*
#1142250 1*
#1143375 1) 1-
#1143625 0! 1'
#1143750 1# 1%
#1144500 0)
#1144625 0" 0# 0% 0' 0(
#1144750 1$
#1145000 0*
#1146000 1*
#1146125 1)
#1146500 1! 1" 1# 1% 1& 1' 1(
#1147250 0)
#1149000 1)
#1149250 0! 0% 0& 0' 0(
#1150000 0-
#1150125 0)
#1150250 0" 0$
#1150375 1(
#1150625 0*
#1151625 1*
#1152250 1!
#1152500 0*
#1153500 1*
#1154000 0!
#1154125 1"
#1154375 0*
#1155375 1*
#1156000 1!
#1156250 0*
#1157250 1*
#1158375 1) 1-
#1158625 0! 1'
#1158750 1%
#1159500 0)
#1159625 0" 0% 0' 0(
#1159750 1$
#1160000 0*
#1161000 1*
#1161125 1)
#1161375 0#
#1161500 1" 1% 1& 1' 1(
#1162250 0)
#1162500 1! 1#
#1162750 0*
#1163750 1*
#1164000 1)
#1164250 0! 0% 0& 0' 0(
#1165000 0-
#1165125 0)
#1165250 0" 0#
#1165375 1(
#1165625 0*
#1166625 1*
#1167250 1!
#1167500 0*
#1168500 1*
#1169000 0!
#1169125 1"
#1169375 0*
#1170375 1*
#1171000 1!
#1171250 0*
#1172250 1*
#1173375 1) 1-
#1173625 0! 0$ 1'
#1173750 1# 1%
#1174500 0)
#1174625 0" 0# 0' 0(
#1174875 0*
#1176000 1*
#1176125 1)
#1176500 1! 1" 1# 1$ 1& 1' 1(
#1177250 0)
#1179000 1)
#1179250 0! 0% 0& 0' 0(
#1180000 0-
#1180125 0)
#1180250 0"
#1180375 1(
#1180625 0*
#1181625 1*
#1182250 1!
#1182500 0*
#1183500 1*
#1184000 0!
#1184125 1"
#1184375 0*
#1185375 1*
#1186000 1!
#1186250 0*
#1187250 1*
#1188375 1) 1-
#1188625 0! 0$ 1% 1'
#1189500 0)
#1189625 0" 0' 0(
#1189875 0*
#1191000 1*
#1191125 1)
#1191375 0%
#1191500 1! 1& 1' 1( 0,
#1192250 0)
#1192500 0! 0# 0& 0'
#1192750 0+
#1193250 00
#1193750 1+
#1194000 1)
#1194250 1# 0(
#1194375 1" 1$ 1,
#1195000 0-
#1195125 0)
#1195250 0" 0# 0$
#1195375 1% 1(
#1195625 0*
#1196625 1*
#1197250 1!
#1197500 0*
#1198500 1*
#1199000 0!
#1199125 1"
#1199375 0*
#1200250 10
#1200375 1*
#1201000 1!
#1201250 0*
#1202250 1*
#1203375 1) 1-
#1203625 0! 1# 1'
#1204500 0)
#1204625 0" 0# 0' 0(
#1204750 1$
#1204875 0*
#1206000 1*
#1206125 1)
#1206500 1! 1" 1# 1& 1' 1(
#1207250 0)
#1209000 1)
#1209250 0! 0% 0& 0' 0(
#1210000 0-
#1210125 0)
#1210250 0" 0$
#1210375 1% 1(
#1210625 0*
#1211625 1*
#1212250 1!
#1212500 0*
#1213500 1*
#1214000 0!
#1214125 1"
#1214375 0*
#1215375 1*
#1216000 1!
#1216250 0*
#1217250 1*
#1218375 1) 1-
#1218625 0! 1'
#1219500 0)
#1219625 0" 0' 0(
#1219750 1$
#1220000 0*
#1221000 1*
#1221125 1)
#1221375 0#
#1221500 1! 1" 1& 1' 1(
#1222250 0)
#1222500 1#
#1222750 0+
#1223750 1+
#1224000 1)
#1224250 0! 0% 0& 0' 0(
#1225000 0-
#1225125 0)
#1225250 0" 0#
#1225375 1% 1(
#1225625 0*
#1226625 1*
#1227250 1!
#1227500 0*
#1228500 1*
#1229000 0!
#1229125 1"
#1229375 0*
#1230375 1*
#1231000 1!
#1231250 0*
#1232250 1*
#1233375 1) 1-
#1233625 0! 0$ 1'
#1233750 1#
#1234500 0)
#1234625 0" 0# 0% 0' 0(
#1234750 1&
#1235000 0*
#1236000 1*
#1236125 1)
#1236500 1! 1# 1' 1(
#1236625 0,
#1237250 0)
#1237500 0# 0& 0'
#1237750 0+
#1238750 1+
#1239000 1)
#1239250 0! 0(
#1239375 1" 1# 1$ 1,
#1240125 0) 0-
#1240250 0"
#1240375 1% 1(
#1240625 0*
#1241625 1*
#1242250 1!
#1242500 0*
#1243500 1*
#1244000 0!
#1244125 1"
#1244375 0*
#1245375 1*
#1246000 1!
#1246250 0*
#1247250 1*
#1248375 1) 1-
#1248625 0! 0$
#1248750 1'
#1249500 0)
#1249625 0' 0(
#1249750 0" 0% 1&
#1250000 0*
#1251000 1*
#1251250 1)
#1251500 1! 1" 1$ 1% 1' 1(
#1252250 0)
#1254000 1)
#1254250 0! 0% 0& 0' 0(
#1255125 0) 0-
#1255250 0"
#1255375 0# 0$ 1& 1(
#1255625 0*
#1256625 1*
#1257250 1!
#1257500 0*
#1258500 1*
#1259000 0!
#1259125 1"
#1259375 0*
#1260375 1*
#1261000 1!
#1261250 0*
#1262250 1*
#1263375 1)
#1263500 1-
#1263625 0! 0&
#1263750 1# 1% 1'
#1264500 0)
#1264750 0" 0# 1$ 0% 1& 0' 0(
#1265000 0*
#1266000 1*
#1266250 1)
#1266500 1! 0$ 1' 1(
#1266625 1# 0,
#1267375 0)
#1267500 0! 0# 0& 0'
#1267625 1"
#1267875 0+
#1268875 1+
#1269000 1)
#1269250 0(
#1269375 1# 1$ 1,
#1270125 0) 0-
#1270375 0" 0$ 1& 1(
#1270625 0*
#1271625 1*
#1272250 1!
#1272500 0*
#1273500 1*
#1274125 0! 1"
#1274375 0*
#1275375 1*
#1276000 1!
#1276250 0*
#1277125 00
#1277250 1*
#1278375 1)
#1278500 1-
#1278625 0! 0&
#1278750 1% 1'
#1279500 0)
#1279750 0" 1$ 0% 1& 0' 0(
#1280000 0*
#1281000 1*
#1281250 1)
#1281500 1' 1(
#1281625 1%
#1282375 0)
#1282625 1! 1"
#1282875 0*
#1283875 1*
#1284000 1)
#1284125 10
#1284375 0! 0% 0& 0' 0(
#1285125 0) 0-
#1285375 0" 0# 1& 1(
#1285625 0*
#1286625 1*
#1287250 1!
#1287500 0*
#1288500 1*
#1289125 0! 1"
#1289375 0*
#1290375 1*
#1291000 1!
#1291250 0*
#1292250 1*
#1293500 1) 1-
#1293625 0!
#1293750 1# 0$ 1% 0& 1'
#1294500 0)
#1294750 0" 0# 1& 0' 0(
#1295000 0*
#1296000 1*
#1296250 1)
#1296500 0%
#1296625 1! 1# 1' 1( 0,
#1297375 0)
#1297500 0'
#1297625 1" 0# 0&
#1297875 0+
#1298875 1+
#1299125 1)
#1299250 0!
#1299375 1# 1$ 0(
#1299500 1,
#1300125 0) 0-
#1300375 0" 1(
#1300500 1&
#1300625 0*
#1301625 1*
#1302250 1!
#1302500 0*
#1303500 1*
#1304125 0!
#1304250 1"
#1304375 0*
#1305375 1*
#1306000 1!
#1306250 0*
#1307375 1*
#1308500 1) 1-
#1308750 0! 0$ 1% 0& 1'
#1309500 0)
#1309750 0" 0' 0(
#1309875 1&
#1310000 0*
#1311125 1*
#1311250 1)
#1311625 1! 1" 1$ 1' 1(
#1312375 0)
#1314125 1)
#1314375 0! 0% 0& 0' 0(
#1315125 0-
#1315250 0)
#1315375 0" 0# 0$
#1315500 1% 1& 1(
#1315625 0*
#1316750 1*
#1317375 1!
#1317625 0*
#1318625 1*
#1319125 0!
#1319250 1"
#1319500 0*
#1320500 1*
#1321125 1!
#1321375 0*
#1322375 1*
#1323500 1) 1-
#1323750 0! 0& 1'
#1323875 1#
#1324625 0)
#1324750 0" 0# 0' 0(
#1324875 1$ 1&
#1325125 0*
#1326125 1*
#1326250 1)
#1326500 0$ 0%
#1326625 1! 1# 1' 1(
#1326750 0,
#1327375 0)
#1327625 0! 0& 0'
#1327875 0+
#1328875 1+
#1329125 1)
#1329375 0(
#1329500 1" 1$ 1,
#1330250 0) 0-
#1330375 0" 0$
#1330500 1% 1& 1(
#1330750 0*
#1331750 1*
#1332375 1!
#1332625 0*
#1333625 1*
#1334125 0!
#1334250 1"
#1334500 0*
#1335500 1*
#1336125 1!
#1336375 0*
#1337375 1*
#1338500 1) 1-
#1338750 0! 0& 1'
#1339625 0)
#1339750 0' 0(
#1339875 0" 1$ 1&
#1340125 0*
#1341125 1*
#1341375 1)
#1341625 1! 1' 1(
#1342375 0)
#1342750 1"
#1343000 0+
#1344000 1+
#1344125 1)
#1344375 0! 0% 0& 0' 0(
#1345250 0) 0-
#1345375 0"
#1345500 0# 1% 1& 1(
#1345750 0*
#1346750 1*
#1347375 1!
#1347625 0*
#1348625 1*
#1349125 0!
#1349250 1"
#1349500 0*
#1350500 1*
#1351125 1!
#1351375 0*
#1352375 1*
#1353500 1)
#1353625 1-
#1353750 0! 0$ 0&
#1353875 1# 1'
#1354625 0)
#1354875 0" 0# 0% 0(
#1355125 0*
#1356125 1*
#1356375 1)
#1356625 1! 1& 1(
#1356750 1# 0,
#1357500 0)
#1357625 0& 0'
#1358000 0+
#1359000 1+
#1359125 1)
#1359375 0! 0(
#1359500 1" 1$
#1359625 1,
#1360250 0) 0-
#1360500 0" 1% 1& 1(
#1360750 0*
#1361000 00
#1361750 1*
#1362375 1!
#1362625 0*
#1363625 1*
#1364250 0! 1"
#1364500 0*
#1365500 1*
#1366125 1!
#1366375 0*
#1367375 1*
#1367875 10
#1368500 1)
#1368625 1-
#1368750 0! 0&
#1368875 0$ 1'
#1369625 0)
#1369875 0" 0% 0(
#1370125 0*
#1371125 1*
#1371375 1)
#1371625 1(
#1371750 1! 1" 1$ 1% 1&
#1372500 0)
#1374125 1)
#1374375 0&
#1374500 0! 0% 0' 0(
#1375250 0) 0-
#1375500 0" 0# 0$ 1' 1(
#1375750 0*
#1376750 1*
#1377375 1!
#1377625 0*
#1378625 1*
#1379250 0! 1"
#1379500 0*
#1380500 1*
#1381125 1!
#1381375 0*
#1382375 1*
#1383625 1) 1-
#1383750 0!
#1383875 1# 1%
#1384625 0)
#1384875 0" 0# 0% 0(
#1385000 1$
#1385125 0*
#1386125 1*
#1386375 1)
#1386625 0$
#1386750 1! 1# 1& 1( 0,
#1387500 0)
#1387625 0! 0&
#1387750 1" 0'
#1388000 0+
#1389000 1+
#1389250 1)
#1389375 0(
#1389500 1$
#1389625 1,
#1390250 0) 0-
#1390500 0" 0$ 1' 1(
#1390750 0*
#1391750 1*
#1392375 1!
#1392625 0*
#1393625 1*
#1394250 0!
#1394375 1"
#1394500 0*
#1395500 1*
#1396125 1!
#1396375 0*
#1397375 1*
#1398625 1) 1-
#1398750 0!
#1398875 1%
#1399625 0)
#1399875 0" 0% 0(
#1400000 1$
#1400125 0*
#1401125 1*
#1401375 1)
#1401750 1" 1% 1& 1(
#1402500 0)
#1402750 1!
#1403000 0*
#1404000 1*
#1404250 1)
#1404500 0! 0% 0& 0' 0(
#1405250 0) 0-
#1405500 0" 0# 1(
#1405625 1'
#1405750 0*
#1406750 1*
#1407500 1!
#1407625 0*
#1408625 1*
#1409250 0!
#1409375 1"
#1409500 0*
#1410625 1*
#1411125 1!
#1411375 0*
#1412500 1*
#1413625 1) 1-
#1413875 0! 1# 0$ 1%
#1414625 0)
#1414875 0" 0# 0(
#1415125 0*
#1416250 1*
#1416375 1)
#1416625 0%
#1416750 1! 1# 1& 1( 0,
#1417500 0)
#1417750 1" 0& 0'
#1418000 0+
#1419000 1+
#1419250 1)
#1419500 0! 1$ 0(
#1419625 1,
#1420250 0) 0-
#1420500 0"
#1420625 1' 1(
#1420750 0*
#1421875 1*
#1422500 1!
#1422625 0*
#1423750 1*
#1424250 0!
#1424375 1"
#1424500 0*
#1425625 1*
#1426125 1!
#1426375 0*
#1427500 1*
#1428625 1) 1-
#1428875 0! 0$ 1%
#1429625 0)
#1429875 0" 0(
#1430125 0*
#1431250 1*
#1431375 1)
#1431750 1! 1" 1$ 1& 1(
#1432500 0)
#1434250 1)
#1434500 0! 0% 0& 0' 0(
#1435250 0) 0-
#1435500 0" 0# 0$ 1(
#1435625 1% 1'
#1435750 0*
#1436875 1*
#1437500 1!
#1437625 0*
#1438750 1*
#1439250 0!
#1439375 1"
#1439500 0*
#1440625 1*
#1441125 1!
#1441375 0*
#1442375 1*
#1443625 1) 1-
#1443875 0! 1#
#1444625 0)
#1444750 00
#1444875 0" 0# 0(
#1445000 1$
#1445125 0*
#1446125 1*
#1446375 1)
#1446625 0$ 0%
#1446750 1! 1# 1& 1( 0,
#1447500 0)
#1447625 0!
#1447750 0# 1$ 0& 0'
#1448000 0+
#1449000 1+
#1449250 1)
#1449500 1" 1# 0(
#1449625 1,
#1450250 0) 0-
#1450500 0" 0$ 1(
#1450625 1% 1'
#1450750 0*
#1451750 10
#1451875 1*
#1452375 1!
#1452625 0*
#1453625 1*
#1454250 0!
#1454375 1"
#1454500 0*
#1455500 1*
#1456125 1!
#1456375 0*
#1457375 1*
#1458625 1) 1-
#1458750 0!
#1459625 0)
#1459875 0" 0(
#1460000 1$
#1460125 0*
#1461125 1*
#1461375 1)
#1461750 1! 1" 1& 1(
#1462500 0)
#1463000 0+
#1464000 1+
#1464250 1)
#1464500 0! 0% 0& 0' 0(
#1465250 0) 0-
#1465500 0" 0# 1' 1(
#1465625 1%
#1465750 0*
#1466750 1*
#1467375 1!
#1467625 0*
#1468625 1*
#1469250 0! 1"
#1469500 0*
#1470500 1*
#1471125 1!
#1471375 0*
#1472375 1*
#1473625 1) 1-
#1473750 0!
#1473875 1# 0$
#1474625 0)
#1474875 0" 0# 0% 1& 0(
#1475125 0*
#1476125 1*
#1476375 1)
#1476750 1! 1# 1( 0,
#1477500 0)
#1477625 0# 0& 0'
#1477750 1$
#1478000 0+
#1479000 1+
#1479125 1)
#1479375 0! 0(
#1479500 1" 1#
#1479625 1,
#1480250 0) 0-
#1480500 0" 1% 1' 1(
#1480750 0*
#1481750 1*
#1482375 1!
#1482625 0*
#1483625 1*
#1484250 0! 1"
#1484500 0*
#1485500 1*
#1486125 1!
#1486375 0*
#1487375 1*
#1488500 1)
#1488625 1-
#1488750 0!
#1488875 0$
#1489625 0)
#1489875 0" 0% 1& 0(
#1490125 0*
#1491125 1*
#1491375 1)
#1491625 1(
#1491750 1! 1" 1$ 1%
#1492500 0)
#1494125 1)
#1494375 0%
#1494500 0! 0& 0' 0(
#1495250 0) 0-
#1495500 0" 0# 0$ 1& 1' 1(
#1495750 0*
#1496750 1*
#1497375 1!
#1497625 0*
#1498625 1*
#1499250 0! 1"
#1499500 0*
#1500500 1*
#1501125 1!
#1501375 0*
#1502375 1*
#1503500 1)
#1503625 1-
#1503750 0! 0&
#1503875 1# 1%
#1504625 0)
#1504875 0" 0# 1$ 0% 1& 0(
#1505125 0*
#1506125 1*
#1506375 1)
#1506625 1! 1# 0$ 1(
#1506750 0,
#1507500 0)
#1507625 0! 0# 0& 0'
#1507750 1" 1$
#1508000 0+
#1509000 1+
#1509125 1)
#1509375 0(
#1509500 1# 1,
#1510250 0) 0-
#1510500 0" 0$ 1& 1' 1(
#1510750 0*
#1511750 1*
#1512375 1!
#1512625 0*
#1513625 1*
#1514125 0!
#1514250 1"
#1514500 0*
#1515500 1*
#1516125 1!
#1516375 0*
#1517375 1*
#1518500 1)
#1518625 1-
#1518750 0! 0&
#1518875 1%
#1519625 0)
#1519875 0" 1$ 0% 1& 0(
#1520125 0*
#1521125 1*
#1521375 1)
#1521625 0# 0$ 0& 0'
#1522375 0)
#1522750 1! 1" 1# 1$ 1% 1&
#1522875 0*
#1523875 1*
#1524125 1)
#1524375 0! 0% 0&
#1525250 0) 0-
#1525375 0" 0#
#1525500 1& 1' 1(
#1525750 0*
#1526750 1*
#1527375 1!
#1527625 0*
#1528625 1* 00
#1529125 0!
#1529250 1"
#1529500 0*
#1530500 1*
#1531125 1!
#1531375 0*
#1532375 1*
#1533500 1) 1-
#1533750 0! 0$ 0&
#1533875 1# 1%
#1534625 0)
#1534750 0" 0# 0(
#1534875 1&
#1535125 0*
#1535625 10
#1536125 1*
#1536375 1)
#1536500 0%
#1536625 1! 1# 1(
#1536750 0,
#1537375 0)
#1537625 1" 0# 0& 0'
#1537750 1$
#1537875 0+
#1538875 1+
#1539125 1)
#1539375 0! 0(
#1539500 1# 1,
#1540250 0) 0-
#1540375 0"
#1540500 1& 1' 1(
#1540750 0*
#1541750 1*
#1542375 1!
#1542625 0*
#1543625 1*
#1544125 0!
#1544250 1"
#1544500 0*
#1545500 1*
#1546125 1!
#1546375 0*
#1547375 1*
#1548500 1) 1-
#1548750 0! 0$ 0&
#1548875 1%
#1549625 0)
#1549750 0" 0(
#1549875 1&
#1550125 0*
#1551125 1*
#1551250 1)
#1551625 1! 1" 1$ 1(
#1552375 0)
#1554125 1)
#1554375 0! 0% 0& 0' 0(
#1555125 0-
#1555250 0)
#1555375 0" 0# 0$
#1555500 1% 1& 1' 1(
#1555750 0*
#1556750 1*
#1557375 1!
#1557625 0*
#1558625 1*
#1559125 0!
#1559250 1"
#1559500 0*
#1560500 1*
#1561125 1!
#1561375 0*
#1562375 1*
#1563500 1) 1-
#1563750 0! 1# 0&
#1564625 0)
#1564750 0" 0# 0(
#1564875 1$ 1&
#1565000 0*
#1566125 1*
#1566250 1)
#1566500 0$ 0%
#1566625 1! 1# 1( 0,
#1567375 0)
#1567625 0! 1$ 0& 0'
#1567875 0+
#1568875 1+
#1569125 1)
#1569375 1" 0(
#1569500 1,
#1570125 0-
#1570250 0)
#1570375 0" 0$
#1570500 1% 1& 1' 1(
#1570750 0*
#1571750 1*
#1572375 1!
#1572500 0*
#1573625 1*
#1574125 0!
#1574250 1"
#1574375 0*
#1575500 1*
#1576125 1!
#1576250 0*
#1577375 1*
#1578500 1) 1-
#1578750 0! 0&
#1579500 0)
#1579750 0" 0(
#1579875 1$ 1&
#1580000 0*
#1581125 1*
#1581250 1)
#1581500 0# 0$ 0% 0& 0'
#1581625 1!
#1582375 0)
#1582625 1" 1# 1$ 1% 1&
#1582875 0+
#1583875 1+
#1584125 1)
#1584375 0! 0% 0&
#1585125 0) 0-
#1585375 0" 0#
#1585500 1% 1& 1' 1(
#1585625 0*
#1586750 1*
#1587375 1!
#1587500 0*
#1588625 1*
#1589125 0!
#1589250 1"
#1589375 0*
#1590500 1*
#1591000 1!
#1591250 0*
#1592375 1*
#1593500 1) 1-
#1593750 1#
#1594500 0)
#1595125 0+
#1596125 1+
#1596250 1)
#1596500 0" 0$ 0%
#1596625 0,
#1597375 0)
#1597625 1$ 0& 0'
#1597875 0+
#1598875 1+
#1599125 1)
#1599375 0! 1" 0(
#1599500 1,
#1600125 0) 0-
#1600375 0"
#1600500 1% 1& 1' 1(
#1600625 0*
#1601625 1*
#1602250 1!
#1602500 0*
#1603500 1*
#1604125 0!
#1604250 1"
#1604375 0*
#1605375 1*
#1606000 1!
#1606250 0*
#1607250 1*
#1608500 1) 1-
#1608750 0! 0$ 0&
#1609500 0)
#1609750 0" 0% 0(
#1610000 0*
#1611000 1*
#1611625 1!
#1611875 0*
#1612500 00
#1612875 1*
#1613500 0!
#1613625 1"
#1613750 0*
#1614500 1)
#1614750 1*
#1614875 1% 1(
#1615625 0)
#1615875 0" 0# 0% 0' 0(
#1616125 0*
#1617125 1*
#1617750 1!
#1618000 0*
#1619000 1*
#1619500 10
#1619625 0! 1"
#1619875 0*
#1620625 1)
#1620875 0" 1*
#1621000 1! 1# 1& 1' 1( 0,
#1621750 0)
#1621875 0! 0& 0'
#1622000 1" 1$
#1622250 0+
#1623250 1+
#1623500 1)
#1623750 0# 1% 1'
#1623875 1,
#1624500 0)
#1624750 0" 0% 0' 0(
#1624875 1! 1# 1&
#1625000 0*
#1626000 1*
#1626750 1%
#1626875 0*
#1627875 1*
#1628125 1)
#1628375 0$ 0&
#1628500 1' 1(
#1629250 0)
#1629375 0' 0(
#1629500 1$
#1629750 0*
#1630750 1*
#1631000 1)
#1631250 0! 0# 1' 1(
#1632000 0)
#1632250 1! 0% 0' 0(
#1632375 1#
#1632500 0*
#1633500 1*
#1634250 1%
#1634375 0*
#1635375 1*
#1635625 1)
#1635875 0! 0$
#1636000 1' 1(
#1636750 0)
#1636875 0' 0(
#1637000 1! 1$ 0%
#1637250 0*
#1638250 1*
#1638500 1)
#1638625 0!
#1638750 1" 0$ 1% 1' 1(
#1639500 0)
#1639750 0" 0# 0% 0' 0(
#1640000 0*
#1641125 1*
#1641750 1!
#1641875 0*
#1643000 1*
#1643500 0!
#1643625 1"
#1643750 0*
#1644500 1)
#1644750 1*
#1644875 1# 1% 1' 1(
#1645625 0)
#1645875 0" 0# 0% 0' 0(
#1646125 0*
#1647125 1*
#1647750 1!
#1648000 0*
#1649000 1*
#1649625 0! 1"
#1649875 0*
#1651125 1)
#1651375 1*
#1651875 1! 0" 1# 1& 1' 1(
#1652000 0,
#1652750 0)
#1652875 0& 0'
#1653000 1" 1$
#1653250 0+
#1654250 1+
#1654875 1)
#1655125 0! 0" 0# 1'
#1655250 1% 1,
#1656000 0)
#1656625 0% 0' 0(
#1656750 1! 1#
#1656875 0*
#1658000 1*
#1658625 1%
#1658750 0*
#1659875 1*
#1660000 1)
#1660250 0! 0$
#1660375 1' 1(
#1661125 0)
#1661375 1! 1$ 0% 0' 0(
#1661625 0*
#1662625 1*
#1662875 1)
#1663125 0! 0# 1% 1' 1(
#1664000 0)
#1664125 0% 0' 0(
#1664250 1! 1#
#1664375 0*
#1665500 1*
#1666125 1%
#1666250 0*
#1667375 1*
#1667500 1)
#1667750 0! 0$
#1667875 1' 1(
#1668625 0)
#1668875 1! 1$ 0% 0' 0(
#1669125 0*
#1670125 1*
#1670375 1)
#1670625 0! 0$ 1% 1' 1(
#1670750 1"
#1671500 0)
#1671625 0" 0# 0% 0' 0(
#1671875 0*
#1673000 1*
#1673625 1!
#1673875 0*
#1674875 1*
#1675375 0!
#1675500 1"
#1675750 0*
#1676500 1)
#1676750 1' 1( 1*
#1676875 1# 1%
#1677500 0)
#1677750 0" 0# 0% 0' 0(
#1678000 0*
#1679000 1*
#1679750 1!
#1679875 0*
#1680875 1*
#1681500 0!
#1681625 1"
#1681750 0*
#1682500 1)
#1682750 0" 1*
#1682875 1! 1# 1& 1' 1(
#1683000 0,
#1683625 0)
#1683875 0! 0# 1% 0& 0'
#1684125 0+
#1685125 1+
#1685375 1)
#1685625 1'
#1685750 1$ 1,
#1686500 0)
#1686625 0% 0' 0(
#1686750 1! 1#
#1687000 0*
#1688000 1*
#1688625 1%
#1688875 0*
#1689875 1*
#1690000 1)
#1690250 0! 0$
#1690375 1' 1(
#1691125 0)
#1691375 1! 1$ 0% 0' 0(
#1691625 0*
#1692625 1*
#1692875 1)
#1693125 0! 0# 1' 1(
#1693250 1%
#1694000 0)
#1694125 0% 0' 0(
#1694250 1! 1#
#1694500 0*
#1695500 1*
#1696125 1%
#1696375 0* 00
#1697375 1*
#1697625 1)
#1697750 0!
#1697875 0$ 1' 1(
#1698625 0)
#1698875 1! 1$ 0% 0' 0(
#1699125 0*
#1700125 1*
#1700375 1)
#1700625 0! 0$ 1(
#1700750 1" 1% 1'
#1701500 0)
#1701625 0" 0% 0' 0(
#1701750 0#
#1702000 0*
#1703000 1*
#1703375 10
#1703625 1!
#1703875 0*
#1704875 1*
#1705375 0!
#1705500 1"
#1705750 0*
#1706500 1)
#1706750 1*
#1706875 1# 1% 1' 1(
#1707625 0)
#1707750 0" 0# 0% 0' 0(
#1708125 0*
#1709125 1*
#1709750 1!
#1710000 0*
#1711000 1*
#1711500 0!
#1711625 1"
#1711875 0*
#1712625 1)
#1712875 1! 0" 1# 1& 1' 1( 1*
#1713000 0,
#1713750 0)
#1713875 0# 0& 0'
#1714000 1%
#1714250 0+
#1715250 1+
#1715375 1)
#1715625 0!
#1715750 1$ 1' 1,
#1716500 0)
#1716625 0'
#1716750 1! 1# 0% 0(
#1717000 0*
#1718000 1*
#1718625 1%
#1718875 0*
#1719875 1*
#1720125 1)
#1720375 0! 0$ 1' 1(
#1721250 0)
#1721375 0% 0' 0(
#1721500 1! 1$
#1721625 0*
#1722750 1*
#1722875 1)
#1723125 0! 0#
#1723250 1% 1' 1(
#1724000 0)
#1724250 1! 1# 0% 0' 0(
#1724500 0*
#1725500 1*
#1726125 1%
#1726375 0*
#1727375 1*
#1727625 1)
#1727875 0! 0$ 1' 1(
#1728750 0)
#1728875 0% 0' 0(
#1729000 1! 1$
#1729250 0*
#1730250 1*
#1730375 1)
#1745625 0$
#1745750 1& 1' 1(
#1745875 0,
#1746500 0)
#1746750 0! 0# 0& 0'
#1746875 1" 1%
#1747000 0+
#1748125 1+
#1748250 1)
#1749500 1! 1# 1$ 1& 1'
#1749625 1,
#1750250 0)
#1752000 1)
#1755125 0! 0$ 0&
#1755875 0)
#1756125 0" 0# 0% 0' 0(
#1756375 0*
#1757500 1*
#1757625 1)
#1758000 1! 1" 1# 1$ 1% 1& 1' 1(
#1758750 0)
#1760500 1)
#1761625 0)
#1762125 0+
#1763125 1+
#1764000 0+
#1765000 1+
#1765875 0+
#1766875 1+
#1767750 0+
#1768750 1+
#1769875 1)
#1770125 0! 0$ 0&
#1771000 0)
#1771125 0" 0% 0' 0(
#1771500 0*
#1772500 1*
#1772625 1)
#1773000 1! 1& 1' 1(
#1773125 0,
#1773750 0)
#1774000 1" 0# 1% 0& 0'
#1774250 0+
#1775250 1+
#1775500 1)
#1775750 1# 0% 0(
#1775875 1$ 1,
#1776625 0) 0-
#1776750 0! 0" 0# 0$
#1777125 0*
#1778125 1*
#1778750 1!
#1779000 0*
#1780000 1*
#1780250 00
#1780500 0!
#1780625 1"
#1780875 0*
#1781875 1*
#1782500 1!
#1782750 0*
#1783750 1*
#1784875 1) 1-
#1785125 0! 1(
#1785250 1# 1% 1'
#1786000 0)
#1786125 0" 0# 0% 0' 0(
#1786250 1$
#1786500 0*
#1787125 10
#1787500 1*
#1787750 1)
#1788000 1! 1" 1# 1% 1& 1' 1(
#1788750 0)
#1790500 1)
#1790750 0% 0& 0' 0(
#1791625 0) 0-
#1791750 0! 0"
#1791875 0$
#1792125 0*
#1793125 1*
#1793750 1!
#1794000 0*
#1795000 1*
#1795500 0!
#1795625 1"
#1795875 0*
#1796875 1*
#1797500 1!
#1797750 0*
#1798750 1*
#1799875 1) 1-
#1800125 0!
#1800250 1% 1' 1(
#1801000 0)
#1801125 0' 0(
#1801250 0" 1$ 0%
#1801500 0*
#1802500 1*
#1802750 1)
#1803000 1" 0# 0$
#1803750 0)
#1804125 1! 1# 1$ 1% 1&
#1804250 0*
#1805375 1*
#1805500 1)
#1805750 0% 0&
#1806625 0) 0-
#1806750 0!
#1806875 0" 0#
#1807125 0*
#1808125 1*
#1808750 1!
#1809000 0*
#1810000 1*
#1810500 0!
#1810625 1"
#1810875 0*
#1811875 1*
#1812500 1!
#1812750 0*
#1813750 1*
#1814875 1)
#1815000 1-
#1815125 0! 0$
#1815250 1# 1% 1' 1(
#1816000 0)
#1816250 0" 0# 0' 0(
#1816500 0*
#1817500 1*
#1817750 1)
#1818000 1! 0% 1' 1(
#1818125 1# 1& 0,
#1818875 0)
#1819000 0! 0& 0'
#1819125 1%
#1819375 0+
#1820375 1+
#1820500 1)
#1820750 0% 0(
#1820875 1! 1" 1$
#1821000 1,
#1821625 0) 0-
#1821750 0!
#1821875 0"
#1822125 0*
#1823125 1*
#1823750 1!
#1824000 0*
#1825000 1*
#1825625 0! 1"
#1825875 0*
#1826875 1*
#1827500 1!
#1827750 0*
#1828750 1*
#1829875 1)
#1830000 1-
#1830125 0! 0$
#1830250 1% 1' 1(
#1831000 0)
#1831250 0" 0' 0(
#1831500 0*
#1832500 1*
#1832750 1)
#1833000 1' 1(
#1833125 1! 1" 1$ 1&
#1833875 0)
#1835500 1)
#1835750 0& 0' 0(
#1835875 0%
#1836625 0) 0-
#1836875 0! 0" 0# 0$ 1%
#1837125 0*
#1838125 1*
#1838750 1!
#1839000 0*
#1840000 1*
#1840625 0! 1"
#1840875 0*
#1841875 1*
#1842500 1!
#1842750 0*
#1843750 1*
#1844875 1)
#1845000 1-
#1845125 0!
#1845250 1# 1' 1(
#1846000 0)
#1846250 0" 0# 1$ 0' 0(
#1846500 0*
#1847500 1*
#1847750 1)
#1848000 0$ 0% 1' 1(
#1848125 1! 1# 1& 0,
#1848875 0)
#1849000 0& 0'
#1849125 1%
#1849375 0+
#1850375 1+
#1850500 1)
#1850750 0% 0(
#1850875 1" 1$
#1851000 1,
#1851625 0) 0-
#1851875 0! 0" 0$ 1%
#1852125 0*
#1853125 1*
#1853750 1!
#1854000 0*
#1855000 1*
#1855625 0! 1"
#1855875 0*
#1856875 1*
#1857500 1!
#1857750 0*
#1858750 1*
#1859875 1)
#1860000 1-
#1860125 0!
#1860250 1' 1(
#1861000 0)
#1861250 0" 1$ 0' 0(
#1861500 0*
#1862500 1*
#1862750 1)
#1863000 1! 0# 0$ 0%
#1863125 1"
#1863875 0)
#1864000 00
#1864125 1# 1$ 1% 1&
#1864375 0+
#1865375 1+
#1865500 1)
#1865750 0% 0&
#1866625 0) 0-
#1866875 0! 0" 0# 1%
#1867125 0*
#1868125 1*
#1868750 1!
#1869000 0*
#1870000 1*
#1870625 0! 1"
#1870875 0*
#1871000 10
#1871875 1*
#1872500 1!
#1872750 0*
#1873750 1*
#1874875 1)
#1875000 1-
#1875125 0!
#1875250 1# 0$ 1' 1(
#1876000 0)
#1876250 0" 0# 0% 1& 0' 0(
#1876500 0*
#1877500 1*
#1877750 1)
#1878000 1' 1(
#1878125 1! 1# 0,
#1878875 0)
#1879000 0! 0& 0'
#1879125 1" 1%
#1879375 0+
#1880375 1+
#1880500 1)
#1880750 0% 0(
#1880875 1! 1$
#1881000 1,
#1881625 0) 0-
#1881875 0! 0" 1%
#1882125 0*
#1883125 1*
#1883750 1!
#1884000 0*
#1885000 1*
#1885625 0! 1"
#1885875 0*
#1886875 1*
#1887500 1!
#1887750 0*
#1888750 1*
#1889875 1)
#1890000 1-
#1890125 0!
#1890250 0$ 1' 1(
#1891000 0)
#1891250 0" 0% 1& 0' 0(
#1891500 0*
#1892500 1*
#1892750 1)
#1893000 1(
#1893125 1! 1" 1$ 1% 1'
#1893875 0)
#1895500 1)
#1895750 0% 0' 0(
#1895875 0&
#1896625 0) 0-
#1896875 0! 0" 0# 0$ 1&
#1897125 0*
#1898125 1*
#1898750 1!
#1899000 0*
#1900000 1*
#1900625 0! 1"
#1900875 0*
#1901875 1*
#1902500 1!
#1902750 0*
#1903750 1*
#1904875 1)
#1905000 1-
#1905125 0! 0&
#1905250 1# 1% 1' 1(
#1906000 0)
#1906250 0" 0# 1$ 0% 1& 0' 0(
#1906500 0*
#1907500 1*
#1907750 1)
#1908000 1! 0$ 1' 1(
#1908125 1# 0,
#1908875 0)
#1909000 0& 0'
#1909125 1" 1%
#1909375 0+
#1910375 1+
#1910500 1)
#1910750 0% 0(
#1910875 1$
#1911000 1,
#1911625 0) 0-
#1911875 0! 0" 0$ 1&
#1912125 0*
#1913125 1*
#1913750 1!
#1914000 0*
#1915000 1*
#1915500 0!
#1915625 1"
#1915875 0*
#1916875 1*
#1917500 1!
#1917750 0*
#1918750 1*
#1919875 1)
#1920000 1-
#1920125 0! 0&
#1920250 1% 1' 1(
#1921000 0)
#1921125 0(
#1921250 0" 1$ 0% 1& 0'
#1921500 0*
#1922500 1*
#1922750 1)
#1923000 0$ 0&
#1923750 0)
#1924125 1! 1" 1$ 1% 1&
#1924250 0*
#1925375 1*
#1925500 1)
#1925750 0% 0&
#1926625 0) 0-
#1926750 0! 0"
#1926875 0# 1&
#1927125 0*
#1928125 1*
#1928750 1!
#1929000 0*
#1930000 1*
#1930500 0!
#1930625 1"
#1930875 0*
#1931875 1*
#1932500 1!
#1932750 0*
#1933750 1*
#1934875 1) 1-
#1935125 0! 0$ 0&
#1935250 1# 1% 1' 1(
#1936000 0)
#1936125 0# 0' 0(
#1936250 0" 1&
#1936500 0*
#1937500 1*
#1937750 1)
#1938000 1! 1# 0% 1' 1(
#1938125 0,
#1938750 0)
#1939000 0! 0# 1% 0& 0'
#1939125 1$
#1939250 0+
#1940375 1+
#1940500 1)
#1940750 1! 0% 0(
#1940875 1" 1# 1,
#1941625 0) 0-
#1941750 0! 0"
#1941875 1&
#1942125 0*
#1943125 1*
#1943750 1!
#1944000 0*
#1945000 1*
#1945500 0!
#1945625 1"
#1945875 0*
#1946875 1*
#1947500 1!
#1947750 0*
#1947875 00
#1948750 1*
#1949875 1) 1-
#1950125 0! 0$ 0& 1' 1(
#1950250 1%
#1951000 0)
#1951125 0" 0' 0(
#1951250 1&
#1951500 0*
#1952500 1*
#1952625 1)
#1953000 1! 1" 1$ 1' 1(
#1953750 0)
#1954875 10
#1955500 1)
#1955750 0% 0& 0' 0(
#1956500 0-
#1956625 0)
#1956750 0! 0" 0# 0$
#1956875 1% 1&
#1957125 0*
#1958125 1*
#1958750 1!
#1959000 0*
#1960000 1*
#1960500 0!
#1960625 1"
#1960875 0*
#1961875 1*
#1962500 1!
#1962750 0*
#1963750 1*
#1964875 1) 1-
#1965125 0! 0& 1' 1(
#1965250 1#
#1966000 0)
#1966125 0" 0# 0' 0(
#1966250 1$ 1&
#1966500 0*
#1967500 1*
#1967625 1)
#1967875 0$ 0%
#1968000 1! 1# 1' 1( 0,
#1968750 0)
#1969000 0# 1$ 1% 0& 0'
#1969250 0+
#1970250 1+
#1970500 1)
#1970750 1" 1# 0% 0(
#1970875 1,
#1971500 0-
#1971625 0)
#1971750 0! 0" 0$
#1971875 1% 1&
#1972125 0*
#1973125 1*
#1973750 1!
#1974000 0*
#1975000 1*
#1975500 0!
#1975625 1"
#1975875 0*
#1976875 1*
#1977500 1!
#1977750 0*
#1978750 1*
#1979875 1) 1-
#1980125 0! 0& 1' 1(
#1981000 0)
#1981125 0" 0' 0(
#1981250 1$ 1&
#1981375 0*
#1982500 1*
#1982625 1)
#1982875 0$ 0% 0&
#1983000 1!
#1983750 0)
#1984000 1" 1$ 1% 1&
#1984250 0+
#1985250 1+
#1985500 1)
#1985750 0% 0&
#1986500 0-
#1986625 0)
#1986750 0! 0" 0#
#1986875 1% 1&
#1987000 0*
#1988125 1*
#1988750 1!
#1988875 0*
#1990000 1*
#1990500 0!
#1990625 1"
#1990750 0*
#1991875 1*
#1992375 1!
#1992625 0*
#1993750 1*
#1994875 1) 1-
#1995125 0! 1# 0$ 0& 1' 1(
#1995875 0)
#1996125 0" 0# 0% 0(
#1996375 0*
#1997375 1*
#1997625 1)
#1998000 1! 1# 1& 1( 0,
#1998750 0)
#1998875 0!
#1999000 1" 0# 1$ 1% 0& 0'
#1999250 0+
#2000250 1+
#2000500 1)
#2000750 1! 1# 0% 0(
#2000875 1,
#2001500 0) 0-
#2001750 0! 0"
#2001875 1% 1&
#2002000 0*
#2003000 1*
#2003625 1!
#2003875 0*
#2004875 1*
#2005500 0!
#2005625 1"
#2005750 0*
#2006750 1*
#2007375 1!
#2007625 0*
#2008625 1*
#2009875 1) 1-
#2010125 0! 0$ 0& 1' 1(
#2010875 0)
#2011125 0" 0% 0(
#2011375 0*
#2012375 1*
#2012625 1)
#2013000 1! 1" 1$ 1% 1& 1(
#2013750 0)
#2015500 1)
#2015750 0% 0& 0' 0(
#2016500 0) 0-
#2016750 0! 0" 0# 0$ 1'
#2017000 0*
#2018000 1*
#2018625 1!
#2018875 0*
#2019875 1*
#2020500 0! 1"
#2020750 0*
#2021750 1*
#2022375 1!
#2022625 0*
#2023625 1*
#2024875 1) 1-
#2025000 0!
#2025125 1# 1% 1(
#2025875 0)
#2026125 0" 0# 0% 0(
#2026250 1$
#2026375 0*
#2027375 1*
#2027625 1)
#2027875 0$ 1(
#2028000 1! 1# 1& 0,
#2028750 0)
#2028875 0# 0&
#2029000 1" 1$ 1% 0'
#2029250 0+
#2030250 1+
#2030375 1)
#2030625 0% 0(
#2030750 1#
#2030875 1,
#2031500 0) 0-
#2031750 0! 0" 0$ 1' 00
#2032000 0*
#2033000 1*
#2033625 1!
#2033875 0*
#2034875 1*
#2035500 0! 1"
#2035750 0*
#2036750 1*
#2037375 1!
#2037625 0*
#2038625 1*
#2038750 10
#2039875 1) 1-
#2040000 0!
#2040125 1% 1(
#2040875 0)
#2041125 0" 1$ 0% 0(
#2041375 0*
#2042375 1*
#2042625 1)
#2042875 0$ 0'
#2043000 1"
#2043750 0)
#2044000 1! 1$ 1% 1&
#2044250 0*
#2045250 1*
#2045375 1)
#2045625 0% 0&
#2046500 0) 0-
#2046750 0! 0" 0# 1'
#2047000 0*
#2048000 1*
#2048625 1!
#2048875 0*
#2049875 1*
#2050500 0! 1"
#2050750 0*
#2051750 1*
#2052375 1!
#2052625 0*
#2053625 1*
#2054875 1) 1-
#2055000 0!
#2055125 1# 0$ 1% 1(
#2055875 0)
#2056125 0" 0# 0(
#2056375 0*
#2057375 1*
#2057625 1)
#2057875 0% 1(
#2058000 1! 1# 1& 0,
#2058750 0)
#2058875 0! 0& 0'
#2059000 1$ 1%
#2059250 0+
#2060250 1+
#2060375 1)
#2060625 0% 0(
#2060750 1! 1"
#2060875 1,
#2061500 0) 0-
#2061750 0! 0" 1'
#2062000 0*
#2063000 1*
#2063625 1!
#2063875 0*
#2064875 1*
#2065500 0! 1"
#2065750 0*
#2066750 1*
#2067375 1!
#2067625 0*
#2068625 1*
#2069875 1) 1-
#2070000 0!
#2070125 0$ 1% 1(
#2070875 0)
#2071125 0" 0(
#2071375 0*
#2072375 1*
#2072625 1)
#2073000 1! 1" 1$ 1& 1(
#2073750 0)
#2075375 1)
#2075750 0% 0& 0' 0(
#2076500 0) 0-
#2076750 0! 0" 0# 0$ 1% 1'
#2077000 0*
#2078000 1*
#2078625 1!
#2078875 0*
#2079875 1*
#2080500 0! 1"
#2080750 0*
#2081750 1*
#2082375 1!
#2082625 0*
#2083625 1*
#2084875 1) 1-
#2085000 0!
#2085125 1# 1(
#2085875 0)
#2086125 0" 0# 0(
#2086250 1$
#2086375 0*
#2087375 1*
#2087625 1)
#2087875 0$ 0%
#2088000 1! 1# 1& 1( 0,
#2088750 0)
#2088875 0& 0'
#2089000 1$ 1%
#2089250 0+
#2090250 1+
#2090500 1)
#2090625 0% 0(
#2090750 1"
#2090875 1,
#2091500 0) 0-
#2091750 0! 0" 0$ 1'
#2091875 1%
#2092000 0*
#2093000 1*
#2093625 1!
#2093875 0*
#2094875 1*
#2095500 0!
#2095625 1"
#2095750 0*
#2096750 1*
#2097375 1!
#2097625 0*
#2098625 1*
#2099875 1) 1-
#2100000 0!
#2100125 1(
#2100875 0)
#2101125 0" 0(
#2101250 1$
#2101375 0*
#2102375 1*
#2102625 1)
#2102875 0$ 0% 0'
#2103000 1! 1"
#2103750 0)
#2104000 1$ 1% 1&
#2104250 0+
#2105250 1+
#2105500 1)
#2105750 0% 0&
#2106500 0) 0-
#2106750 0! 0" 0#
#2106875 1% 1'
#2107000 0*
#2108000 1*
#2108625 1!
#2108875 0*
#2109875 1*
#2110500 0!
#2110625 1"
#2110750 0*
#2111750 1*
#2112375 1!
#2112625 0*
#2113750 1*
#2114875 1) 1-
#2115125 0! 1# 0$ 1(
#2115625 00
#2116000 0)
#2116125 0" 0# 0% 0(
#2116250 1&
#2116375 0*
#2117500 1*
#2117625 1)
#2118000 1! 1# 1( 0,
#2118750 0)
#2119000 0! 1" 1$ 1% 0& 0'
#2119250 0+
#2120250 1+
#2120500 1)
#2120750 1! 0% 0(
#2120875 1,
#2121500 0-
#2121625 0)
#2121750 0! 0"
#2121875 1% 1'
#2122000 0*
#2122500 10
#2123125 1*
#2123750 1!
#2123875 0*
#2125000 1*
#2125500 0!
#2125625 1"
#2125750 0*
#2126875 1*
#2127500 1!
#2127750 0*
#2128750 1*
#2129875 1) 1-
#2130125 0! 0$ 1(
#2131000 0)
#2131125 0" 0% 0(
#2131250 1&
#2131500 0*
#2132500 1*
#2132625 1)
#2133000 1! 1" 1$ 1% 1(
#2133750 0)
#2135500 1)
#2135750 0% 0& 0' 0(
#2136500 0-
#2136625 0)
#2136750 0! 0" 0# 0$
#2136875 1& 1'
#2137125 0*
#2138125 1*
#2138750 1!
#2139000 0*
#2140000 1*
#2140500 0!
#2140625 1"
#2140875 0*
#2141875 1*
#2142500 1!
#2142750 0*
#2143750 1*
#2144875 1) 1-
#2145125 0! 0& 1(
#2145250 1# 1%
#2146000 0)
#2146125 0" 0# 0% 0(
#2146250 1$ 1&
#2146500 0*
#2147500 1*
#2147625 1)
#2147875 0$
#2148000 1! 1# 1(
#2148125 0,
#2148750 0)
#2149000 1" 1$ 1% 0& 0'
#2149250 0+
#2150250 1+
#2150500 1)
#2150750 0% 0(
#2150875 1,
#2151625 0) 0-
#2151750 0! 0" 0$
#2151875 1& 1'
#2152125 0*
#2153125 1*
#2153750 1!
#2154000 0*
#2155000 1*
#2155500 0!
#2155625 1"
#2155875 0*
#2156875 1*
#2157500 1!
#2157750 0*
#2158750 1*
#2159875 1) 1-
#2160125 0! 0&
#2160250 1% 1(
#2161000 0)
#2161125 0(
#2161250 0" 1$ 0% 1&
#2161500 0*
#2162500 1*
#2162750 1)
#2163000 0# 0& 0'
#2163750 0)
#2164125 1! 1" 1# 1% 1&
#2164250 0*
#2165250 1*
#2165500 1)
#2165750 0% 0&
#2166625 0) 0-
#2166750 0! 0"
#2166875 0# 1& 1'
#2167125 0*
#2168125 1*
#2168750 1!
#2169000 0*
#2170000 1*
#2170500 0!
#2170625 1"
#2170875 0*
#2171875 1*
#2172500 1!
#2172750 0*
#2173750 1*
#2174875 1)
#2175000 1-
#2175125 0! 0$ 0&
#2175250 1# 1% 1(
#2176000 0)
#2176250 0" 0# 1& 0(
#2176500 0*
#2177500 1*
#2177750 1)
#2178000 1! 1(
#2178125 1" 1# 1$
#2178875 0)
#2180500 1)
#2180750 0% 0& 0' 0(
#2181625 0) 0-
#2181875 0! 0" 1& 1'
#2182125 0*
#2183125 1*
#2183750 1!
#2184000 0*
#2185000 1*
#2185625 0! 1"
#2185875 0*
#2186875 1*
#2187500 1!
#2187750 0*
#2188750 1*
#2189875 1)
#2190000 1-
#2190125 0!
#2190250 0$ 1% 0& 1(
#2191000 0)
#2191250 0" 1& 0(
#2191500 0*
#2192500 1*
#2192750 1)
#2193000 1(
#2193125 1! 1" 1$
#2193875 0)
#2195500 1)
#2195875 0% 0& 0' 0(
#2196625 0) 0-
#2196875 0! 0" 0# 0$ 1% 1& 1'
#2197125 0*
#2198125 1*
#2198750 1!
#2199000 0*
#2199500 00
#2200000 1*
#2200625 0! 1"
#2200875 0*
#2201875 1*
#2202500 1!
#2202750 0*
#2203750 1*
#2205000 1) 1-
#2205125 0!
#2205250 1# 0& 1(
#2206000 0)
#2206250 0" 0# 0(
#2206375 1$ 1& 10
#2206500 0*
#2207500 1*
#2207750 1)
#2208000 0$ 0%
#2208125 1" 1# 1( 0,
#2208875 0)
#2209125 0" 0# 0& 0' 0(
#2209375 0+
#2210375 1+
#2210625 1)
#2210875 1! 1" 1# 1$
#2211000 1,
#2211625 0) 0-
#2211875 0! 0" 0$
#2212000 1% 1& 1'
#2212125 0*
#2213250 1*
#2213875 1!
#2214000 0*
#2215125 1*
#2215625 0!
#2215750 1"
#2215875 0*
#2217000 1*
#2217625 1!
#2217750 0*
#2218875 1*
#2220000 1) 1-
#2220250 0! 0& 1(
#2221125 0)
#2221250 0" 0(
#2221375 1$ 1&
#2221500 0*
#2222625 1*
#2222750 1)
#2223000 0# 0% 0& 0'
#2223125 1!
#2223875 0)
#2224125 1" 1# 1% 1&
#2224375 0+
#2225375 1+
#2225625 1)
#2225875 0% 0&
#2226625 0-
#2226750 0)
#2226875 0! 0" 0#
#2227000 1% 1& 1'
#2227250 0*
#2228250 1*
#2228875 1!
#2229125 0*
#2230125 1*
#2230625 0!
#2230750 1"
#2231000 0*
#2232000 1*
#2232625 1!
#2232875 0*
#2233875 1*
#2235000 1) 1-
#2235250 1(
#2235375 1#
#2236125 0)
#2236625 0+
#2237625 1+
#2237750 1)
#2238000 0! 0%
#2238125 0$
#2238250 0,
#2238875 0)
#2239125 1! 0" 0# 0& 0' 0(
#2239375 0+
#2240375 1+
#2240625 1)
#2241000 1" 1# 1$ 1,
#2241750 0) 0-
#2241875 0! 0"
#2242000 1% 1& 1'
#2242250 0*
#2243250 1*
#2243875 1!
#2244125 0*
#2245125 1*
#2245625 0!
#2245750 1"
#2246000 0*
#2247000 1*
#2247625 1!
#2247875 0*
#2248875 1*
#2250000 1) 1-
#2250250 0! 0$ 0& 1(
#2251125 0)
#2251250 0" 0% 0(
#2251625 0*
#2252625 1*
#2253250 1!
#2253500 0*
#2254500 1*
#2255000 0!
#2255125 1"
#2255375 0*
#2256125 1)
#2256375 1*
#2256500 1% 1(
#2257250 0)
#2257375 0" 0# 0% 0' 0(
#2257750 0*
#2258750 1*
#2259375 1!
#2259625 0*
#2260625 1*
#2261125 0!
#2261250 1"
#2261500 0*
#2262250 1)
#2262500 1# 1& 1' 1( 1*
#2262625 0,
#2263250 0)
#2263500 0# 0& 0' 0(
#2263750 0+
#2264875 1+
#2265000 1)
#2265375 1$ 1% 1' 1( 1,
#2266125 0)
#2266250 0% 0' 0(
#2266375 1# 1&
#2266625 0*
#2267625 1*
#2268250 1%
#2268500 0*
#2269500 1*
#2269750 1)
#2270000 1! 0" 0$ 0& 1' 1(
#2270875 0)
#2271000 0! 0' 0(
#2271125 1" 1$
#2271250 0*
#2272375 1*
#2272500 1)
#2272750 0" 0#
#2272875 1' 1(
#2273625 0)
#2273750 0' 0(
#2273875 1" 1# 0%
#2274125 0*
#2275125 1*
#2275750 1%
#2276000 0*
#2277000 1*
#2277250 1)
#2277500 0" 0$ 1' 1(
#2278375 0)
#2278500 0% 0' 0(
#2278625 1" 1$
#2278750 0*
#2279875 1*
#2280000 1)
#2280250 0$
#2280375 1% 1' 1(
#2281125 0)
#2281250 0(
#2281375 0" 0# 0% 0'
#2281625 0*
#2282625 1*
#2283250 1! 00
#2283500 0*
#2284500 1*
#2285000 0!
#2285125 1"
#2285375 0*
#2286125 1)
#2286375 1*
#2286500 1# 1% 1' 1(
#2287250 0)
#2287375 0# 0% 0' 0(
#2287500 0"
#2287750 0*
#2288750 1*
#2289375 1!
#2289625 0*
#2290250 10
#2290625 1*
#2291125 0!
#2291250 1"
#2291500 0*
#2292750 1)
#2293000 1*
#2293500 1# 1& 1' 1( 0,
#2294250 0)
#2294500 1! 0# 0& 0' 0(
#2294750 0+
#2295750 1+
#2296500 1)
#2296625 0! 0"
#2296750 1$ 1% 1' 1(
#2296875 1,
#2297500 0)
#2298250 1" 1# 0% 0' 0(
#2298500 0*
#2299500 1*
#2300125 1%
#2300375 0*
#2301375 1*
#2301625 1)
#2301875 0" 0$ 1' 1(
#2302750 0)
#2302875 0% 0' 0(
#2303000 1" 1$
#2303125 0*
#2304250 1*
#2304375 1)
#2304625 0" 0#
#2304750 1% 1' 1(
#2305500 0)
#2305625 0(
#2305750 1" 1# 0% 0'
#2306000 0*
#2307000 1*
#2307625 1%
#2307875 0*
#2308875 1*
#2309125 1)
#2309375 0" 0$ 1' 1(
#2310250 0)
#2310375 0% 0' 0(
#2310500 1" 1$
#2310625 0*
#2311750 1*
#2311875 1)
#2312125 0$
#2312250 1% 1' 1(
#2313000 0)
#2313250 0" 0# 0% 0' 0(
#2313500 0*
#2314500 1*
#2315125 1!
#2315375 0*
#2316375 1*
#2316875 0!
#2317000 1"
#2317250 0*
#2318000 1)
#2318250 1*
#2318375 1# 1% 1' 1(
#2319125 0)
#2319250 0# 0% 0' 0(
#2319375 0"
#2319625 0*
#2320625 1*
#2321250 1!
#2321500 0*
#2322500 1*
#2323000 0!
#2323125 1"
#2323375 0*
#2324125 1)
#2324375 1# 1& 1' 1( 1*
#2324500 0,
#2325250 0)
#2325375 0" 0& 0' 0(
#2325750 0+
#2326750 1+
#2326875 1)
#2327125 0#
#2327250 1$ 1% 1' 1( 1,
#2328000 0)
#2328125 0' 0(
#2328250 1" 1# 0%
#2328500 0*
#2329500 1*
#2330125 1%
#2330375 0*
#2331375 1*
#2331625 1)
#2331875 0" 0$ 1' 1(
#2332625 0)
#2332875 0% 0' 0(
#2333000 1" 1$
#2333125 0*
#2334125 1*
#2334375 1)
#2334625 0" 0#
#2334750 1% 1' 1(
#2335500 0)
#2335625 0' 0(
#2335750 1" 1# 0%
#2336000 0*
#2337000 1*
#2337625 1%
#2337875 0*
#2338875 1*
#2339125 1)
#2339375 0" 0$ 1' 1(
#2340125 0)
#2340375 0% 0' 0(
#2340500 1" 1$
#2340625 0*
#2341625 1*
#2341875 1)
#2342125 0$
#2342250 1% 1' 1(
#2343000 0)
#2343125 0' 0(
#2343250 0" 0# 0%
#2343500 0*
#2344500 1*
#2345125 1!
#2345375 0*
#2346375 1*
#2346875 0!
#2347000 1"
#2347250 0*
#2348000 1)
#2348250 1*
#2348375 1# 1% 1' 1(
#2349125 0)
#2349250 0" 0# 0% 0' 0(
#2349625 0*
#2350625 1*
#2351250 1!
#2351500 0*
#2352500 1*
#2353000 0!
#2353125 1"
#2353375 0*
#2354125 1)
#2354375 1# 1& 1' 1( 1*
#2354500 0,
#2355125 0)
#2355375 1! 0" 0& 0' 0(
#2355625 0+
#2356625 1+
#2356875 1)
#2357125 0! 0# 1(
#2357250 1$ 1% 1' 1,
#2358000 0)
#2358125 0% 0' 0(
#2358250 1" 1#
#2358500 0*
#2359500 1*
#2360125 1%
#2360375 0*
#2361375 1*
#2361500 1)
#2361750 0"
#2361875 0$ 1' 1(
#2362625 0)
#2362875 1" 1$ 0% 0' 0(
#2363125 0*
#2364125 1*
#2364375 1)
#2364625 0" 0# 1' 1(
#2364750 1%
#2365500 0)
#2365625 0% 0' 0(
#2365750 1" 1#
#2366000 0*
#2367000 1*
#2367125 00
#2367625 1%
#2367875 0*
#2368875 1*
#2369000 1)
#2369250 0" 0$
#2369375 1' 1(
#2370125 0)
#2370375 1" 1$ 0% 0' 0(
#2370625 0*
#2371625 1*
#2371875 1)
#2374125 10
#2387125 0$ 1& 1' 1(
#2387250 0,
#2388000 0)
#2388125 0& 0' 0(
#2388500 0+
#2389500 1+
#2389625 1)
#2390875 1! 1& 1' 1(
#2391000 1$ 1% 1,
#2391750 0)
#2393375 1)
#2396500 0! 0$ 0&
#2397375 0)
#2397500 0" 0# 0% 0' 0(
#2397750 0*
#2398875 1*
#2399000 1)
#2399375 1! 1" 1# 1$ 1% 1& 1' 1(
#2400125 0)
#2401875 1)
#2402875 0)
#2403500 0+
#2404500 1+
#2405375 0+
#2406375 1+
#2407125 0+
#2408250 1+
#2409000 0+
#2410125 1+
#2411250 1)
#2411500 0! 0$ 0&
#2412250 0)
#2412500 0" 0% 0' 0(
#2412750 0*
#2413750 1*
#2414000 1)
#2414375 1" 1& 1' 1( 0,
#2415125 0)
#2415250 0& 0' 0(
#2415375 1!
#2415625 0+
#2416625 1+
#2416875 1)
#2417125 1$
#2417250 1,
#2417875 0) 0-
#2418125 0! 0" 0# 0$ 1(
#2418375 0*
#2419375 1*
#2420000 1!
#2420250 0*
#2421250 1*
#2421875 0!
#2422000 1"
#2422125 0*
#2423125 1*
#2423750 1!
#2424000 0*
#2425000 1*
#2426250 1) 1-
#2426375 0!
#2426500 1# 1% 1'
#2427250 0)
#2427500 0" 0# 1$ 0% 0' 0(
#2427750 0*
#2428750 1*
#2429000 1)
#2429375 1! 1" 1# 1% 1& 1' 1(
#2430125 0)
#2431750 1)
#2432000 0% 0& 0'
#2432125 0(
#2432875 0) 0-
#2433125 0! 0" 0$ 1(
#2433375 0*
#2434375 1*
#2435000 1!
#2435250 0*
#2436250 1*
#2436875 0! 1"
#2437125 0*
#2438125 1*
#2438750 1!
#2439000 0*
#2440000 1*
#2441125 1)
#2441250 1-
#2441375 0!
#2441500 1% 1'
#2442250 0)
#2442500 0" 1$ 0% 0' 0(
#2442750 0*
#2443750 1*
#2444000 1)
#2444250 0#
#2444375 1"
#2445125 0)
#2445375 1! 1# 1% 1&
#2445625 0*
#2446625 1*
#2446750 1)
#2447000 0% 0&
#2447875 0) 0-
#2448125 0! 0" 0# 1(
#2448375 0*
#2449375 1*
#2450000 1!
#2450250 0*
#2451000 00
#2451250 1*
#2451875 0! 1"
#2452125 0*
#2453125 1*
#2453750 1!
#2454000 0*
#2455000 1*
#2456125 1)
#2456250 1-
#2456375 0! 0$
#2456500 1# 1% 1'
#2457250 0)
#2457500 0" 0# 0' 0(
#2457750 0*
#2458000 10
#2458750 1*
#2459000 1)
#2459250 0% 1' 1(
#2459375 1" 1# 1& 0,
#2460125 0)
#2460250 0" 0# 0& 0' 0(
#2460375 1$
#2460625 0+
#2461625 1+
#2461750 1)
#2462125 1! 1" 1# 1,
#2462875 0) 0-
#2463000 0!
#2463125 0" 1(
#2463375 0*
#2464375 1*
#2465000 1!
#2465250 0*
#2466250 1*
#2466750 0!
#2466875 1"
#2467125 0*
#2468125 1*
#2468750 1!
#2469000 0*
#2470000 1*
#2471125 1)
#2471250 1-
#2471375 0! 0$
#2471500 1% 1'
#2472250 0)
#2472500 0" 0' 0(
#2472750 0*
#2473750 1*
#2474000 1)
#2474250 1! 1" 1& 1' 1(
#2474375 1$
#2475125 0)
#2476750 1)
#2477000 0% 0& 0' 0(
#2477875 0) 0-
#2478000 0!
#2478125 0" 0# 0$ 1% 1(
#2478375 0*
#2479375 1*
#2480000 1!
#2480250 0*
#2481250 1*
#2481750 0!
#2481875 1"
#2482125 0*
#2483125 1*
#2483750 1!
#2484000 0*
#2485000 1*
#2486125 1)
#2486250 1-
#2486375 0!
#2486500 1# 1'
#2487250 0)
#2487500 0" 0# 1$ 0' 0(
#2487750 0*
#2488750 1*
#2489000 1)
#2489250 1" 1# 0$ 0% 1& 1' 1(
#2489375 0,
#2490125 0)
#2490250 0" 0# 0& 0' 0(
#2490375 1! 1$
#2490625 0+
#2491625 1+
#2491750 1)
#2492125 1" 1# 1,
#2492875 0) 0-
#2493000 0! 0"
#2493125 0$ 1% 1(
#2493375 0*
#2494375 1*
#2495000 1!
#2495250 0*
#2496250 1*
#2496750 0!
#2496875 1"
#2497125 0*
#2498125 1*
#2498750 1!
#2499000 0*
#2500000 1*
#2501125 1)
#2501250 1-
#2501375 0!
#2501500 1'
#2502250 0)
#2502375 0'
#2502500 0" 1$ 0(
#2502750 0*
#2503750 1*
#2504000 1)
#2504250 1! 1" 0# 0%
#2505000 0)
#2505375 1# 1% 1&
#2505625 0+
#2506625 1+
#2506750 1)
#2507000 0% 0&
#2507875 0) 0-
#2508000 0!
#2508125 0" 0# 1% 1(
#2508375 0*
#2509375 1*
#2510000 1!
#2510250 0*
#2511250 1*
#2511750 0!
#2511875 1"
#2512125 0*
#2513125 1*
#2513750 1!
#2514000 0*
#2515000 1*
#2516125 1)
#2516250 1-
#2516375 0! 0$
#2516500 1# 1'
#2517250 0)
#2517500 0" 0# 0% 1& 0' 0(
#2517750 0*
#2518750 1*
#2519000 1)
#2519250 1" 1# 1' 1(
#2519375 0,
#2520125 0)
#2520250 0# 0& 0' 0(
#2520375 1$
#2520625 0+
#2521625 1+
#2521750 1)
#2522125 1! 1# 1,
#2522875 0) 0-
#2523000 0!
#2523125 0" 1% 1(
#2523375 0*
#2524375 1*
#2525000 1!
#2525250 0*
#2526250 1*
#2526750 0!
#2526875 1"
#2527125 0*
#2528125 1*
#2528750 1!
#2529000 0*
#2530000 1*
#2531125 1)
#2531250 1-
#2531375 0! 0$
#2531500 1'
#2532250 0)
#2532500 0" 0% 1& 0' 0(
#2532750 0*
#2533750 1*
#2534000 1)
#2534250 1' 1(
#2534375 1! 1" 1$ 1%
#2534875 00
#2535125 0)
#2536750 1)
#2537000 0% 0& 0' 0(
#2537875 0) 0-
#2538125 0! 0" 0# 0$ 1& 1(
#2538375 0*
#2539375 1*
#2540000 1!
#2540250 0*
#2541250 1*
#2541750 10
#2541875 0! 1"
#2542125 0*
#2543125 1*
#2543750 1!
#2544000 0*
#2545000 1*
#2546125 1)
#2546250 1-
#2546375 0! 0&
#2546500 1# 1% 1'
#2547250 0)
#2547500 0" 0# 1$ 0% 1& 0' 0(
#2547750 0*
#2548750 1*
#2549000 1)
#2549250 0$ 1(
#2549375 1" 1# 1' 0,
#2550125 0)
#2550250 0# 0& 0' 0(
#2550375 1! 1$
#2550625 0+
#2551625 1+
#2551750 1)
#2552125 1#
#2552250 1,
#2552875 0) 0-
#2553125 0! 0" 0$ 1& 1(
#2553375 0*
#2554375 1*
#2555000 1!
#2555250 0*
#2556250 1*
#2556875 0! 1"
#2557125 0*
#2558125 1*
#2558750 1!
#2559000 0*
#2560000 1*
#2561250 1) 1-
#2561375 0!
#2561500 1% 0& 1'
#2562250 0)
#2562500 0" 0% 1& 0' 0(
#2562625 1$
#2562750 0*
#2563750 1*
#2564000 1)
#2564250 0&
#2565125 0)
#2565375 1! 1" 1% 1&
#2565625 0*
#2566625 1*
#2566875 1)
#2567000 0&
#2567125 0%
#2567875 0) 0-
#2568125 0! 0" 0# 1(
#2568250 1&
#2568375 0*
#2569375 1*
#2570000 1!
#2570250 0*
#2571250 1*
#2571875 0!
#2572000 1"
#2572125 0*
#2573125 1*
#2573750 1!
#2574000 0*
#2575125 1*
#2576250 1) 1-
#2576500 0! 1# 0$ 1% 0& 1'
#2577375 0)
#2577500 0" 0# 0' 0(
#2577625 1&
#2577750 0*
#2578875 1*
#2579000 1)
#2579250 0%
#2579375 1" 1# 1' 1( 0,
#2580125 0)
#2580375 0" 1$ 0& 0' 0(
#2580625 0+
#2581625 1+
#2581875 1)
#2582125 1! 1"
#2582250 1,
#2582875 0-
#2583000 0)
#2583125 0! 0"
#2583250 1& 1(
#2583500 0*
#2584500 1*
#2585125 1!
#2585375 0*
#2586375 1*
#2586875 0!
#2587000 1"
#2587250 0*
#2588250 1*
#2588875 1!
#2589125 0*
#2590125 1*
#2591250 1) 1-
#2591500 0! 0$ 0& 1'
#2591625 1%
#2592375 0)
#2592500 0" 0' 0(
#2592625 1&
#2592875 0*
#2593875 1*
#2594000 1)
#2594375 1! 1" 1$ 1' 1(
#2595125 0)
#2596875 1)
#2597125 0% 0& 0' 0(
#2597875 0-
#2598000 0)
#2598125 0! 0" 0# 0$
#2598250 1% 1& 1(
#2598500 0*
#2599500 1*
#2600125 1!
#2600375 0*
#2601375 1*
#2601875 0!
#2602000 1"
#2602250 0*
#2603250 1*
#2603875 1!
#2604125 0*
#2605125 1*
#2606250 1) 1-
#2606500 0! 0& 1'
#2606625 1#
#2607375 0)
#2607500 0# 0'
#2607625 0" 1$ 1& 0(
#2607875 0*
#2608875 1*
#2609125 1)
#2609250 0$
#2609375 1" 1# 0% 1' 1(
#2609500 0,
#2610125 0)
#2610375 1! 0" 1$ 0& 0' 0(
#2610625 0+
#2611750 1+
#2611875 1)
#2612250 1" 1,
#2613000 0) 0-
#2613125 0! 0"
#2613250 0$ 1% 1& 1(
#2613500 0*
#2614500 1*
#2615125 1!
#2615375 0*
#2616375 1*
#2616875 0!
#2617000 1"
#2617250 0*
#2618250 1*
#2618625 00
#2618875 1!
#2619125 0*
#2620125 1*
#2621250 1)
#2621375 1-
#2621500 0! 0&
#2621625 1'
#2622375 0)
#2622625 0" 1$ 1& 0' 0(
#2622875 0*
#2623875 1*
#2624125 1)
#2624375 1! 0% 0&
#2625250 0)
#2625500 1" 1% 1&
#2625625 10
#2625750 0+
#2626750 1+
#2626875 1)
#2627125 0% 0&
#2628000 0) 0-
#2628250 0! 0" 0# 1% 1& 1(
#2628500 0*
#2629500 1*
#2630125 1!
#2630375 0*
#2631375 1*
#2632000 0! 1"
#2632250 0*
#2633250 1*
#2633875 1!
#2634125 0*
#2635125 1*
#2636250 1)
#2636375 1-
#2636500 0! 0&
#2636625 1# 0$ 1'
#2637375 0)
#2637625 0" 0# 0% 0(
#2637875 0*
#2638875 1*
#2639125 1)
#2639375 1(
#2639500 1" 1# 1& 0,
#2640250 0)
#2640375 0& 0' 0(
#2640500 1$
#2640750 0+
#2641750 1+
#2641875 1)
#2642250 1!
#2642375 1,
#2643000 0) 0-
#2643250 0! 0" 1% 1& 1(
#2643500 0*
#2644500 1*
#2645125 1!
#2645375 0*
#2646375 1*
#2647000 0! 1"
#2647250 0*
#2648250 1*
#2648875 1!
#2649125 0*
#2650125 1*
#2651375 1) 1-
#2651625 0! 0$ 0& 1'
#2652375 0)
#2652625 0" 0% 0(
#2652875 0*
#2653875 1*
#2654125 1)
#2654500 1! 1" 1$ 1% 1& 1(
#2655250 0)
#2657000 1)
#2657250 0% 0& 0' 0(
#2658000 0) 0-
#2658250 0! 0" 0# 0$ 1' 1(
#2658500 0*
#2659625 1*
#2660125 1!
#2660375 0*
#2661500 1*
#2662000 0!
#2662125 1"
#2662250 0*
#2663375 1*
#2664000 1!
#2664125 0*
#2665250 1*
#2666375 1) 1-
#2666625 0! 1# 1%
#2667500 0)
#2667625 0" 0# 0% 0(
#2667750 1$
#2667875 0*
#2669000 1*
#2669125 1)
#2669375 0$
#2669500 1" 1# 1& 1( 0,
#2670250 0)
#2670500 1! 1$ 0& 0' 0(
#2670750 0+
#2671750 1+
#2672000 1)
#2672375 1,
#2673000 0-
#2673125 0)
#2673250 0! 0" 0$
#2673375 1' 1(
#2673625 0*
#2674625 1*
#2675250 1!
#2675500 0*
#2676500 1*
#2677000 0!
#2677125 1"
#2677375 0*
#2678375 1*
#2679000 1!
#2679250 0*
#2680250 1*
#2681375 1) 1-
#2681625 0!
#2681750 1%
#2682500 0)
#2682625 0" 0% 0(
#2682750 1$
#2683000 0*
#2684000 1*
#2684125 1)
#2684375 0'
#2684500 1"
#2685250 0)
#2685500 1! 1% 1&
#2685750 0*
#2686750 1*
#2687000 1)
#2687250 0% 0&
#2688000 0-
#2688125 0)
#2688250 0! 0" 0#
#2688375 1' 1(
#2688625 0*
#2689625 1*
#2690250 1!
#2690500 0*
#2691500 1*
#2692000 0!
#2692125 1"
#2692375 0*
#2693375 1*
#2694000 1!
#2694250 0*
#2695250 1*
#2696375 1) 1-
#2696625 0! 0$
#2696750 1# 1%
#2697500 0)
#2697625 0" 0# 0(
#2698000 0*
#2699000 1*
#2699250 1)
#2699375 0%
#2699500 1" 1# 1& 1(
#2699625 0,
#2700250 0)
#2700500 0" 0# 1% 0& 0' 0(
#2700750 0+
#2701875 1+
#2702000 1)
#2702250 0%
#2702375 1! 1" 1# 1$ 1,
#2702500 00
#2703125 0) 0-
#2703250 0! 0"
#2703375 1' 1(
#2703625 0*
#2704625 1*
#2705250 1!
#2705500 0*
#2706500 1*
#2707000 0!
#2707125 1"
#2707375 0*
#2708375 1*
#2709000 1!
#2709250 0*
#2709500 10
#2710250 1*
#2711375 1) 1-
#2711625 0! 0$
#2711750 1%
#2712500 0)
#2712625 0" 0(
#2713000 0*
#2714000 1*
#2714250 1)
#2714500 1! 1" 1$ 1& 1(
#2715250 0)
#2717000 1)
#2717250 0% 0& 0' 0(
#2718125 0) 0-
#2718250 0! 0"
#2718375 0# 0$ 1% 1' 1(
#2718625 0*
#2719625 1*
#2720250 1!
#2720500 0*
#2721500 1*
#2722000 0!
#2722125 1"
#2722375 0*
#2723375 1*
#2724000 1!
#2724250 0*
#2725250 1*
#2726375 1)
#2726500 1-
#2726625 0!
#2726750 1#
#2727500 0)
#2727625 0#
#2727750 0" 1$ 0(
#2728000 0*
#2729000 1*
#2729250 1)
#2729500 1" 1# 0$ 0% 1& 1(
#2729625 0,
#2730250 0)
#2730500 1! 0" 0# 1% 0& 0' 0(
#2730750 0+
#2731875 1+
#2732000 1)
#2732250 0%
#2732375 1" 1# 1$ 1,
#2733125 0) 0-
#2733250 0! 0" 0$
#2733375 1% 1' 1(
#2733625 0*
#2734625 1*
#2735250 1!
#2735500 0*
#2736500 1*
#2737000 0!
#2737125 1"
#2737375 0*
#2738375 1*
#2739000 1!
#2739250 0*
#2740250 1*
#2741375 1)
#2741500 1-
#2741625 0!
#2742500 0)
#2742625 0" 0(
#2742750 1$
#2743000 0*
#2744000 1*
#2744250 1)
#2744375 0'
#2744500 1! 1" 0%
#2745250 0)
#2745500 1%
#2745625 1&
#2745750 0+
#2746875 1+
#2747000 1)
#2747250 0% 0&
#2748125 0) 0-
#2748250 0! 0" 0#
#2748375 1% 1' 1(
#2748625 0*
#2749625 1*
#2750250 1!
#2750500 0*
#2751500 1*
#2752000 0!
#2752125 1"
#2752375 0*
#2753375 1*
#2754000 1!
#2754250 0*
#2755250 1*
#2756375 1) 1-
#2756625 0! 0$
#2756750 1#
#2757500 0)
#2757625 0" 0# 0(
#2757750 0% 1&
#2758000 0*
#2759000 1*
#2759250 1)
#2759500 1" 1# 1(
#2759625 0,
#2760250 0)
#2760500 0# 1% 0& 0' 0(
#2760750 0+
#2761750 1+
#2762000 1)
#2762250 0%
#2762375 1! 1# 1$ 1,
#2763125 0) 0-
#2763250 0! 0"
#2763375 1% 1' 1(
#2763625 0*
#2764625 1*
#2765250 1!
#2765500 0*
#2766500 1*
#2767000 0!
#2767125 1"
#2767375 0*
#2768375 1*
#2769000 1!
#2769250 0*
#2770250 1*
#2771375 1) 1-
#2771625 0! 0$
#2772500 0)
#2772625 0" 0% 0(
#2772750 1&
#2773000 0*
#2774000 1*
#2774125 1)
#2774500 1! 1" 1$ 1% 1(
#2775250 0)
#2777000 1)
#2777250 0% 0& 0' 0(
#2778000 0-
#2778125 0)
#2778250 0! 0" 0# 0$
#2778375 1& 1' 1(
#2778625 0*
#2779625 1*
#2780250 1!
#2780500 0*
#2781500 1*
#2782000 0!
#2782125 1"
#2782375 0*
#2783375 1*
#2784000 1!
#2784250 0*
#2785250 1*
#2786375 1) 1- 00
#2786625 0! 1# 1% 0&
#2787500 0)
#2787625 0" 0# 0% 0(
#2787750 1$ 1&
#2788000 0*
#2789000 1*
#2789125 1)
#2789375 0$
#2789500 1" 1# 1( 0,
#2790250 0)
#2790500 1! 0# 1% 0& 0' 0(
#2790750 0+
#2791750 1+
#2792000 1)
#2792250 1# 1$ 0%
#2792375 1,
#2793000 0-
#2793125 0)
#2793250 0! 0" 0$
#2793375 1& 1' 1( 10
#2793625 0*
#2794625 1*
#2795250 1!
#2795375 0*
#2796500 1*
#2797000 0!
#2797125 1"
#2797250 0*
#2798375 1*
#2799000 1!
#2799125 0*
#2800250 1*
#2801375 1) 1-
#2801625 0! 1% 0&
#2802375 0)
#2802625 0" 0% 0(
#2802750 1$ 1&
#2802875 0*
#2804000 1*
#2804125 1)
#2804375 0# 0$ 0& 0'
#2804500 1%
#2805250 0)
#2805500 1! 1" 1# 1$ 1&
#2805750 0*
#2806750 1*
#2807000 1)
#2807250 0% 0&
#2808000 0) 0-
#2808250 0! 0" 0# 1(
#2808375 1& 1'
#2808500 0*
#2809500 1*
#2810125 1!
#2810375 0*
#2811375 1*
#2812000 0!
#2812125 1"
#2812250 0*
#2813250 1*
#2813875 1!
#2814125 0*
#2815125 1*
#2816375 1) 1-
#2816625 0! 1# 0$ 1% 0&
#2817375 0)
#2817625 0" 0# 1& 0(
#2817875 0*
#2818875 1*
#2819125 1)
#2819375 0%
#2819500 1" 1# 1( 0,
#2820250 0)
#2820375 0(
#2820500 0" 1% 0& 0'
#2820750 0+
#2821750 1+
#2822000 1)
#2822125 0%
#2822250 1! 1" 1$
#2822375 1,
#2823000 0) 0-
#2823250 0! 0" 1' 1(
#2823375 1&
#2823500 0*
#2824500 1*
#2825125 1!
#2825375 0*
#2826375 1*
#2827000 0! 1"
#2827250 0*
#2828250 1*
#2828875 1!
#2829125 0*
#2830125 1*
#2831250 1)
#2831375 1-
#2831500 0!
#2831625 0$ 1% 0&
#2832375 0)
#2832625 0" 1& 0(
#2832875 0*
#2833875 1*
#2834125 1)
#2834375 1(
#2834500 1! 1" 1$
#2835250 0)
#2836875 1)
#2837250 0% 0& 0' 0(
#2838000 0) 0-
#2838250 0! 0" 0# 0$ 1% 1& 1' 1(
#2838500 0*
#2839500 1*
#2840125 1!
#2840375 0*
#2841375 1*
#2842000 0! 1"
#2842250 0*
#2843250 1*
#2843875 1!
#2844125 0*
#2845125 1*
#2846250 1)
#2846375 1-
#2846500 0! 0&
#2846625 1#
#2847375 0)
#2847625 0" 0# 1$ 1& 0(
#2847875 0*
#2848875 1*
#2849125 1)
#2849375 1" 1# 0$ 0% 1(
#2849500 0,
#2850250 0)
#2850375 0" 0& 0' 0(
#2850500 1! 1%
#2850750 0+
#2851750 1+
#2851875 1)
#2852125 0%
#2852250 1" 1$ 1,
#2853000 0) 0-
#2853250 0! 0" 0$ 1% 1& 1' 1(
#2853500 0*
#2854500 1*
#2855125 1!
#2855375 0*
#2856375 1*
#2856875 0!
#2857000 1"
#2857250 0*
#2858250 1*
#2858875 1!
#2859125 0*
#2860125 1*
#2861250 1)
#2861375 1-
#2861500 0! 0&
#2862375 0)
#2862625 0" 1$ 1& 0(
#2862875 0*
#2863875 1*
#2864125 1)
#2864375 1! 0# 0$ 0& 0'
#2865125 0)
#2865500 1" 1# 1$ 1&
#2865750 0+
#2866750 1+
#2866875 1)
#2867125 0% 0&
#2868000 0) 0-
#2868125 0! 0"
#2868250 0# 1% 1& 1' 1(
#2868500 0*
#2869500 1*
#2870125 1!
#2870250 00
#2870375 0*
#2871375 1*
#2871875 0!
#2872000 1"
#2872250 0*
#2873250 1*
#2873875 1!
#2874125 0*
#2875125 1*
#2876250 1)
#2876375 1-
#2876625 1#
#2877125 10
#2877375 0)
#2877875 0+
#2878875 1+
#2879125 1)
#2879375 0! 0$ 0%
#2879500 0,
#2880125 0)
#2880375 0& 0' 0(
#2880500 1%
#2880625 0+
#2881750 1+
#2881875 1)
#2882125 0%
#2882250 1! 1$ 1,
#2883000 0) 0-
#2883125 0! 0"
#2883250 1% 1& 1' 1(
#2883500 0*
#2884500 1*
#2885125 1!
#2885375 0*
#2886375 1*
#2886875 0!
#2887000 1"
#2887250 0*
#2888250 1*
#2888875 1!
#2889125 0*
#2890125 1*
#2891250 1) 1-
#2891500 0! 0$ 0&
#2892375 0)
#2892500 0" 0% 0(
#2892875 0*
#2893875 1*
#2894500 1!
#2894750 0*
#2895750 1*
#2896250 0!
#2896375 1"
#2896625 0*
#2897375 1)
#2897625 1*
#2897750 1% 1(
#2898500 0)
#2898625 0" 0# 0% 0' 0(
#2898875 0*
#2900000 1*
#2900625 1!
#2900750 0*
#2901875 1*
#2902375 0!
#2902500 1"
#2902625 0*
#2903500 1)
#2903625 1*
#2903750 1# 1& 1' 1(
#2903875 0,
#2904500 0)
#2904750 1! 1% 0& 0' 0(
#2905000 0+
#2906000 1+
#2906250 1)
#2906500 0! 0# 1(
#2906625 1$ 1' 1,
#2907375 0)
#2907500 0% 0' 0(
#2907625 1! 1# 1&
#2907875 0*
#2908875 1*
#2909500 1%
#2909750 0*
#2910750 1*
#2910875 1)
#2911250 0" 0$ 0& 1' 1(
#2912000 0)
#2912250 1" 1$ 0' 0(
#2912500 0*
#2913500 1*
#2913750 1)
#2914000 0! 0" 0# 1' 1(
#2914875 0)
#2915000 0% 0' 0(
#2915125 1! 1" 1#
#2915375 0*
#2916375 1*
#2917000 1%
#2917250 0*
#2918250 1*
#2918375 1)
#2918625 0! 0"
#2918750 0$ 1' 1(
#2919500 0)
#2919750 1! 1" 1$ 0% 0' 0(
#2920000 0*
#2921000 1*
#2921250 1)
#2921500 0! 0$ 1' 1(
#2921625 1%
#2922375 0)
#2922500 0" 0# 0% 0' 0(
#2922875 0*
#2923875 1*
#2924500 1!
#2924750 0*
#2925750 1*
#2926250 0!
#2926375 1"
#2926625 0*
#2927375 1)
#2927625 1( 1*
#2927750 1# 1% 1'
#2928500 0)
#2928625 0" 0# 0% 0' 0(
#2928875 0*
#2930000 1*
#2930625 1!
#2930750 0*
#2931875 1*
#2932375 0!
#2932500 1"
#2932625 0*
#2933875 1)
#2934125 1*
#2934750 1# 1& 1' 1( 0,
#2935500 0)
#2935625 0# 0& 0' 0(
#2935750 0" 1$ 1%
#2936000 0+
#2937000 1+
#2937625 1)
#2938000 1' 1( 1,
#2938750 0)
#2939375 0% 0' 0(
#2939500 1! 1" 1#
#2939750 0*
#2940750 1*
#2941375 1%
#2941625 0*
#2942625 1*
#2942875 1)
#2943000 0! 0"
#2943125 0$ 1' 1(
#2943875 0)
#2944125 1! 1" 1$ 0% 0' 0(
#2944375 0*
#2945375 1*
#2945625 1)
#2945875 0! 0" 0# 1(
#2946000 1% 1'
#2946750 0)
#2946875 0% 0' 0(
#2947000 1! 1" 1#
#2947250 0*
#2948250 1*
#2948875 1%
#2949125 0*
#2950125 1*
#2950375 1)
#2950500 0! 0"
#2950625 0$ 1' 1(
#2951375 0)
#2951625 1! 1" 0% 0' 0(
#2951750 1$
#2951875 0*
#2952875 1*
#2953125 1)
#2953375 0! 0$
#2953500 1% 1' 1(
#2954125 00
#2954250 0)
#2954375 0' 0(
#2954500 0" 0# 0%
#2954750 0*
#2955750 1*
#2956375 1!
#2956625 0*
#2957625 1*
#2958125 0!
#2958250 1"
#2958500 0*
#2959250 1)
#2959500 1*
#2959625 1# 1% 1' 1(
#2960375 0)
#2960500 0" 0# 0% 0' 0(
#2960875 0*
#2961000 10
#2961875 1*
#2962500 1!
#2962750 0*
#2963750 1*
#2964250 0!
#2964375 1"
#2964625 0*
#2965375 1)
#2965625 1# 1& 1' 1( 1*
#2965750 0,
#2966375 0)
#2966625 0" 0# 0& 0' 0(
#2966750 1! 1$ 1%
#2966875 0+
#2968000 1+
#2968125 1)
#2968375 0!
#2968500 1' 1( 1,
#2969250 0)
#2969375 0' 0(
#2969500 1! 1" 1# 0%
#2969750 0*
#2970750 1*
#2971375 1%
#2971625 0*
#2972625 1*
#2972875 1)
#2973125 0! 0" 0$ 1' 1(
#2974000 0)
#2974125 1! 0% 0' 0(
#2974250 1" 1$
#2974375 0*
#2975500 1*
#2975625 1)
#2975875 0! 0" 0#
#2976000 1% 1' 1(
#2976750 0)
#2976875 0(
#2977000 1! 1" 1# 0% 0'
#2977250 0*
#2978250 1*
#2978875 1%
#2979125 0*
#2980125 1*
#2980375 1)
#2980625 0! 0" 0$ 1' 1(
#2981500 0)
#2981625 0% 0' 0(
#2981750 1! 1" 1$
#2981875 0*
#2983000 1*
#2983125 1)
#2983375 0! 0$
#2983500 1% 1' 1(
#2984250 0)
#2984500 0" 0# 0% 0' 0(
#2984750 0*
#2985750 1*
#2986375 1!
#2986625 0*
#2987625 1*
#2988250 0! 1"
#2988500 0*
#2989250 1)
#2989500 1*
#2989625 1# 1% 1' 1(
#2990375 0)
#2990500 0' 0(
#2990625 0" 0# 0%
#2990875 0*
#2991875 1*
#2992500 1!
#2992750 0*
#2993750 1*
#2994250 0!
#2994375 1"
#2994625 0*
#2995375 1)
#2995625 1( 1*
#2995750 1# 1& 1' 0,
#2996500 0)
#2996625 0# 0& 0' 0(
#2996750 1$ 1%
#2997000 0+
#2998000 1+
#2998125 1)
#2998375 0"
#2998500 1' 1(
#2998625 1,
#2999250 0)
#2999500 1! 1" 1# 0% 0' 0(
#2999750 0*
#3000750 1*
#3001375 1%
#3001625 0*
#3002625 1*
#3002875 1)
#3003125 0! 0" 0$ 1(
#3003250 1'
#3004000 0)
#3004125 0% 0' 0(
#3004250 1! 1" 1$
#3004500 0*
#3005500 1*
#3005625 1)
#3005875 0! 0"
#3006000 0# 1% 1' 1(
#3006750 0)
#3007000 1! 1" 1# 0% 0' 0(
#3007250 0*
#3008250 1*
#3008875 1%
#3009125 0*
#3010125 1*
#3010375 1)
#3010625 0! 0" 0$
#3010750 1' 1(
#3011500 0)
#3011625 0' 0(
#3011750 1! 1" 1$ 0%
#3012000 0*
#3013000 1*
#3013250 1)
#3028500 0! 0$ 1& 1' 1(
#3028625 0,
#3029375 0)
#3029500 0# 0& 0' 0(
#3029625 1! 1$ 1%
#3029875 0+
#3030875 1+
#3031000 1)
#3032250 1& 1' 1(
#3032375 1# 1,
#3033125 0)
#3034750 1)
#3037875 0! 0$ 0& 00
#3038750 0)
#3038875 0" 0# 0% 0' 0(
#3039250 0*
#3040250 1*
#3040375 1)
#3040750 1! 1" 1# 1$ 1% 1& 1' 1(
#3041500 0)
#3043250 1)
#3044375 0)
#3044875 0+ 10
#3045875 1+
#3046750 0+
#3047750 1+
#3048625 0+
#3049625 1+
#3050500 0+
#3051500 1+
#3052625 1)
#3052875 0! 0$ 0&
#3053750 0)
#3053875 0' 0(
#3054000 0" 0%
#3054250 0*
#3055250 1*
#3055500 1)
#3055750 1" 1& 1' 1(
#3055875 0,
#3056500 0)
#3056750 0" 0& 0' 0(
#3056875 1$ 1%
#3057000 0+
#3058125 1+
#3058250 1)
#3058500 0# 0$
#3058625 1,
#3059375 0) 0-
#3059500 0%
#3059875 0*
#3060875 1*
#3061500 1!
#3061750 0*
#3062750 1*
#3063250 0!
#3063375 1"
#3063625 0*
#3064625 1*
#3065250 1!
#3065500 0*
#3066500 1*
#3067625 1)
#3067750 1-
#3067875 0!
#3068000 1# 1% 1' 1(
#3068750 0)
#3069000 0" 0# 1$ 0% 0' 0(
#3069250 0*
#3070250 1*
#3070500 1)
#3070750 1' 1(
#3070875 1! 1" 1# 1% 1&
#3071625 0)
#3073250 1)
#3073500 0! 0" 0# 0& 0'
#3073625 0$ 0(
#3074375 0) 0-
#3074625 1# 0%
#3074875 0*
#3075875 1*
#3076500 1!
#3076750 0*
#3077750 1*
#3078375 0! 1"
#3078625 0*
#3079625 1*
#3080250 1!
#3080500 0*
#3081500 1*
#3082625 1)
#3082750 1-
#3082875 0!
#3083000 1% 1' 1(
#3083750 0)
#3084000 0" 1$ 0% 0' 0(
#3084250 0*
#3085250 1*
#3085500 1)
#3085750 0# 0$
#3085875 1" 1%
#3086625 0)
#3086875 1! 1# 1$ 1&
#3087125 0*
#3088125 1*
#3088250 1)
#3088500 0! 0#
#3088625 0" 0$ 0&
#3089375 0) 0-
#3089625 0%
#3089750 1$
#3089875 0*
#3090875 1*
#3091500 1!
#3091750 0*
#3092750 1*
#3093375 0! 1"
#3093625 0*
#3094625 1*
#3095250 1!
#3095500 0*
#3096500 1*
#3097750 1) 1-
#3097875 0!
#3098000 1# 0$ 1% 1' 1(
#3098750 0)
#3099000 0" 0# 0' 0(
#3099250 0*
#3100250 1*
#3100500 1)
#3100750 0%
#3100875 1" 1# 1& 1' 1( 0,
#3101625 0)
#3101750 0' 0(
#3101875 1! 0" 1$ 1% 0&
#3102125 0+
#3103125 1+
#3103375 1)
#3103500 0!
#3103625 0# 0$
#3103750 1,
#3104375 0) 0-
#3104625 0%
#3104750 1# 1$
#3104875 0*
#3105875 1*
#3106500 1!
#3106750 0*
#3107750 1*
#3108375 0!
#3108500 1"
#3108625 0*
#3109750 1*
#3110250 1!
#3110500 0*
#3111625 1*
#3112750 1) 1-
#3113000 0! 0$ 1% 1' 1(
#3113875 0)
#3114000 0" 0' 0(
#3114250 0*
#3115375 1*
#3115500 1)
#3115875 1! 1" 1$ 1& 1' 1(
#3116625 0)
#3118375 1)
#3118625 0! 0" 0# 0$ 0& 0' 0(
#3119375 0-
#3119500 0)
#3119875 0*
#3121000 1*
#3121625 1!
#3121750 0* 00
#3122875 1*
#3123375 0!
#3123500 1"
#3123625 0*
#3124750 1*
#3125375 1!
#3125625 0*
#3126625 1*
#3127750 1) 1-
#3128000 0! 1# 1' 1(
#3128750 10
#3128875 0)
#3129000 0" 0# 0' 0(
#3129125 1$
#3129250 0*
#3130375 1*
#3130500 1)
#3130750 0$ 0%
#3130875 1" 1# 1& 1' 1( 0,
#3131625 0)
#3131875 1$ 1% 0& 0' 0(
#3132125 0+
#3133125 1+
#3133375 1)
#3133625 0" 0# 0$
#3133750 1,
#3134375 0-
#3134500 0)
#3134750 1#
#3135000 0*
#3136000 1*
#3136625 1!
#3136875 0*
#3137875 1*
#3138375 0!
#3138500 1"
#3138750 0*
#3139750 1*
#3140375 1!
#3140625 0*
#3141625 1*
#3142750 1) 1-
#3143000 0! 1' 1(
#3143875 0)
#3144000 0" 0' 0(
#3144125 1$
#3144375 0*
#3145375 1*
#3145500 1)
#3145750 0# 0$
#3145875 1! 1"
#3146625 0)
#3146875 1# 1$ 1&
#3147125 0+
#3148125 1+
#3148375 1)
#3148625 0! 0" 0# 0$ 0&
#3149375 0-
#3149500 0)
#3149750 1$
#3150000 0*
#3151000 1*
#3151625 1!
#3151875 0*
#3152875 1*
#3153375 0!
#3153500 1"
#3153750 0*
#3154750 1*
#3155375 1!
#3155625 0*
#3156625 1*
#3157750 1) 1-
#3158000 0! 0$ 1' 1(
#3158125 1#
#3158875 0)
#3159000 0" 0# 0% 0' 0(
#3159125 1&
#3159375 0*
#3160375 1*
#3160500 1)
#3160875 1" 1# 1' 1(
#3161000 0,
#3161625 0)
#3161875 1! 1$ 1% 0& 0' 0(
#3162125 0+
#3163125 1+
#3163375 1)
#3163625 0! 0" 0# 0$
#3163750 1,
#3164375 0-
#3164500 0)
#3164750 1# 1$
#3165000 0*
#3166000 1*
#3166625 1!
#3166875 0*
#3167875 1*
#3168375 0!
#3168500 1"
#3168750 0*
#3169750 1*
#3170375 1!
#3170625 0*
#3171625 1*
#3172750 1) 1-
#3173000 0! 0$ 1' 1(
#3173875 0)
#3174000 0" 0% 0' 0(
#3174125 1&
#3174375 0*
#3175375 1*
#3175500 1)
#3175875 1! 1" 1$ 1% 1' 1(
#3176625 0)
#3178375 1)
#3178625 0! 0" 0# 0$ 0& 0' 0(
#3179375 0-
#3179500 0)
#3179625 0%
#3179750 1&
#3180000 0*
#3181000 1*
#3181625 1!
#3181875 0*
#3182875 1*
#3183375 0!
#3183500 1"
#3183750 0*
#3184750 1*
#3185375 1!
#3185625 0*
#3186625 1*
#3187750 1) 1-
#3188000 0! 1% 0& 1' 1(
#3188125 1#
#3188875 0)
#3189000 0" 0# 0% 0' 0(
#3189125 1$ 1&
#3189250 0*
#3190375 1*
#3190500 1)
#3190875 1! 1" 1# 1% 1' 1(
#3191625 0)
#3193375 1)
#3193625 0! 0" 0# 0$ 0& 0' 0(
#3194375 0-
#3194500 0)
#3194625 0%
#3194750 1# 1&
#3194875 0*
#3196000 1*
#3196625 1!
#3196750 0*
#3197875 1*
#3198375 0!
#3198500 1"
#3198625 0*
#3199750 1*
#3200375 1!
#3200500 0*
#3201625 1*
#3202750 1) 1-
#3203000 0! 1% 0& 1' 1(
#3203875 0)
#3204000 0" 0% 0' 0(
#3204125 1$ 1&
#3204250 0*
#3205375 1*
#3205500 1)
#3205625 00
#3205750 0$ 0&
#3205875 1%
#3206625 0)
#3206875 1! 1" 1$ 1&
#3207125 0*
#3208125 1*
#3208375 1)
#3208625 0! 0" 0# 0$ 0&
#3209375 0) 0-
#3209625 0%
#3209750 1$ 1&
#3209875 0*
#3211000 1*
#3211625 1!
#3211750 0*
#3212625 10
#3212750 1*
#3213375 0!
#3213500 1"
#3213625 0*
#3214625 1*
#3215250 1!
#3215500 0*
#3216500 1*
#3217750 1) 1-
#3218000 0! 1# 0$ 1% 0& 1' 1(
#3218750 0)
#3219000 0" 0# 1& 0' 0(
#3219250 0*
#3220250 1*
#3220500 1)
#3220750 0%
#3220875 1" 1# 1' 1( 0,
#3221625 0)
#3221750 0#
#3221875 0" 0& 0'
#3222125 0+
#3223125 1+
#3223375 1)
#3223625 1% 0(
#3223750 1,
#3224375 0) 0-
#3224625 0%
#3224750 1# 1$ 1&
#3224875 0*
#3225875 1*
#3226500 1!
#3226750 0*
#3227750 1*
#3228375 0! 1"
#3228625 0*
#3229625 1*
#3230250 1!
#3230500 0*
#3231500 1*
#3232750 1) 1-
#3232875 0!
#3233000 0$ 1% 0& 1' 1(
#3233750 0)
#3234000 0" 1& 0' 0(
#3234250 0*
#3235250 1*
#3235500 1)
#3235875 1! 1" 1$ 1' 1(
#3236625 0)
#3238250 1)
#3238625 0! 0" 0# 0$ 0& 0' 0(
#3239375 0) 0-
#3239625 1&
#3239875 0*
#3240875 1*
#3241500 1!
#3241750 0*
#3242750 1*
#3243375 0! 1"
#3243625 0*
#3244625 1*
#3245250 1!
#3245500 0*
#3246500 1*
#3247625 1)
#3247750 1-
#3247875 0! 0&
#3248000 1# 1' 1(
#3248750 0)
#3249000 0" 0# 1$ 1& 0' 0(
#3249250 0*
#3250250 1*
#3250500 1)
#3250750 0$ 0% 1' 1(
#3250875 1" 1# 0,
#3251625 0)
#3251750 0" 0# 0& 0'
#3251875 1!
#3252125 0+
#3253125 1+
#3253250 1)
#3253500 0! 0(
#3253625 1%
#3253750 1,
#3254375 0) 0-
#3254625 1# 1&
#3254875 0*
#3255875 1*
#3256500 1!
#3256750 0*
#3257750 1*
#3258375 0! 1"
#3258625 0*
#3259625 1*
#3260250 1!
#3260500 0*
#3261500 1*
#3262625 1)
#3262750 1-
#3262875 0! 0&
#3263000 1' 1(
#3263750 0)
#3264000 0" 1$ 1& 0' 0(
#3264250 0*
#3265250 1*
#3265500 1)
#3265750 1! 0$ 0&
#3266625 0)
#3266875 1" 1$ 1&
#3267125 0+
#3268125 1+
#3268250 1)
#3268500 0! 0" 0# 0$ 0&
#3269375 0) 0-
#3269625 1$ 1&
#3269875 0*
#3270875 1*
#3271500 1!
#3271750 0*
#3272750 1*
#3273250 0!
#3273375 1"
#3273625 0*
#3274625 1*
#3275250 1!
#3275500 0*
#3276500 1*
#3277625 1)
#3277750 1-
#3277875 0! 0$ 0&
#3278000 1# 1' 1(
#3278750 0)
#3278875 0# 0(
#3279000 0" 0%
#3279250 0*
#3280250 1*
#3280500 1)
#3280750 1" 1# 1& 1(
#3280875 0,
#3281500 0)
#3281750 0# 0& 0'
#3282000 0+
#3283125 1+
#3283250 1)
#3283500 0" 0(
#3283625 1% 1,
#3284375 0) 0-
#3284625 1# 1$ 1&
#3284875 0*
#3285875 1*
#3286500 1!
#3286750 0*
#3287750 1*
#3288250 0!
#3288375 1"
#3288625 0*
#3289500 00
#3289625 1*
#3290250 1!
#3290500 0*
#3291500 1*
#3292625 1) 1-
#3292875 0! 0$ 0& 1' 1(
#3293750 0)
#3293875 0" 0% 0(
#3294250 0*
#3295250 1*
#3295500 1)
#3295750 1! 1" 1$ 1% 1& 1(
#3296375 10
#3296500 0)
#3298250 1)
#3298500 0! 0" 0# 0$ 0& 0' 0(
#3299250 0-
#3299375 0)
#3299500 0%
#3299625 1'
#3299875 0*
#3300875 1*
#3301500 1!
#3301750 0*
#3302750 1*
#3303250 0!
#3303375 1"
#3303625 0*
#3304625 1*
#3305250 1!
#3305500 0*
#3306500 1*
#3307625 1) 1-
#3307875 0! 1(
#3308000 1# 1%
#3308750 0)
#3308875 0" 0# 0% 0(
#3309000 1$
#3309250 0*
#3310250 1*
#3310375 1)
#3310625 0$
#3310750 1" 1# 1& 1(
#3310875 0,
#3311500 0)
#3311750 1! 0# 0& 0'
#3312000 0+
#3313000 1+
#3313250 1)
#3313500 0! 0" 0(
#3313625 1% 1,
#3314250 0-
#3314375 0)
#3314500 0%
#3314625 1# 1'
#3314875 0*
#3315875 1*
#3316500 1!
#3316750 0*
#3317750 1*
#3318250 0!
#3318375 1"
#3318625 0*
#3319625 1*
#3320250 1!
#3320500 0*
#3321500 1*
#3322625 1) 1-
#3322875 0! 1(
#3323000 1%
#3323750 0)
#3323875 0" 0% 0(
#3324000 1$
#3324250 0*
#3325250 1*
#3325375 1)
#3325625 0$ 0'
#3325750 1" 1%
#3326500 0)
#3326750 1! 1$ 1&
#3327000 0*
#3328000 1*
#3328250 1)
#3328500 0! 0" 0# 0$ 0&
#3329250 0-
#3329375 0)
#3329500 0%
#3329625 1$ 1'
#3329875 0*
#3330875 1*
#3331500 1!
#3331750 0*
#3332750 1*
#3333250 0!
#3333375 1"
#3333625 0*
#3334625 1*
#3335250 1!
#3335500 0*
#3336500 1*
#3337625 1) 1-
#3337875 0! 0$ 1(
#3338000 1# 1%
#3338750 0)
#3338875 0" 0# 0(
#3339250 0*
#3340250 1*
#3340375 1)
#3340625 0%
#3340750 1" 1# 1& 1( 0,
#3341500 0)
#3341750 0" 0& 0'
#3342000 0+
#3343000 1+
#3343250 1)
#3343500 0# 1% 0(
#3343625 1,
#3344250 0-
#3344375 0)
#3344500 0%
#3344625 1# 1$ 1'
#3344875 0*
#3345875 1*
#3346500 1!
#3346750 0*
#3347750 1*
#3348250 0!
#3348375 1"
#3348625 0*
#3349625 1*
#3350250 1!
#3350500 0*
#3351500 1*
#3352625 1) 1-
#3352875 0! 0$ 1% 1(
#3353750 0)
#3353875 0" 0(
#3354250 0*
#3355250 1*
#3355375 1)
#3355750 1! 1" 1$ 1& 1(
#3356500 0)
#3358250 1)
#3358500 0! 0" 0# 0$ 0& 0' 0(
#3359250 0-
#3359375 0)
#3359625 1'
#3359875 0*
#3360875 1*
#3361500 1!
#3361750 0*
#3362750 1*
#3363250 0!
#3363375 1"
#3363625 0*
#3364625 1*
#3365250 1!
#3365500 0*
#3366500 1*
#3367625 1) 1-
#3367875 0! 1(
#3368000 1#
#3368750 0)
#3368875 0" 0# 0(
#3369000 1$
#3369250 0*
#3370250 1*
#3370375 1)
#3370625 0$ 0%
#3370750 1" 1# 1& 1( 0,
#3371500 0)
#3371750 1! 0" 0& 0'
#3372000 0+
#3373000 1+
#3373250 1) 00
#3373500 0! 0# 1% 0(
#3373625 1,
#3374250 0-
#3374375 0)
#3374625 1# 1'
#3374875 0*
#3375875 1*
#3376500 1!
#3376750 0*
#3377750 1*
#3378250 0!
#3378375 1"
#3378625 0*
#3379625 1*
#3380250 1! 10
#3380500 0*
#3381500 1*
#3382625 1) 1-
#3382875 0! 1(
#3383750 0)
#3383875 0" 0(
#3384000 1$
#3384250 0*
#3385250 1*
#3385375 1)
#3385625 0$ 0'
#3385750 1! 1"
#3386500 0)
#3386750 1$ 1&
#3387000 0+
#3388000 1+
#3388250 1)
#3388500 0! 0" 0# 0$ 0&
#3389250 0-
#3389375 0)
#3389625 1$ 1'
#3389875 0*
#3390875 1*
#3391500 1!
#3391750 0*
#3392750 1*
#3393250 0!
#3393375 1"
#3393625 0*
#3394625 1*
#3395250 1!
#3395500 0*
#3396500 1*
#3397625 1) 1-
#3397875 0! 0$ 1(
#3398000 1#
#3398750 0)
#3398875 0" 0# 0(
#3399000 0% 1&
#3399250 0*
#3400250 1*
#3400375 1)
#3400750 1" 1# 1(
#3400875 0,
#3401500 0)
#3401750 0& 0'
#3402000 0+
#3403000 1+
#3403250 1)
#3403500 0" 0# 0(
#3403625 1% 1,
#3404375 0) 0-
#3404625 1# 1$ 1'
#3404875 0*
#3405875 1*
#3406500 1!
#3406750 0*
#3407750 1*
#3408250 0!
#3408375 1"
#3408625 0*
#3409625 1*
#3410250 1!
#3410500 0*
#3411500 1*
#3412625 1) 1-
#3412875 0! 0$ 1(
#3413750 0)
#3413875 0" 0(
#3414000 0% 1&
#3414250 0*
#3415250 1*
#3415500 1)
#3415750 1! 1" 1$ 1% 1(
#3416500 0)
#3418250 1)
#3418500 0! 0" 0# 0$ 0& 0' 0(
#3419375 0) 0-
#3419500 0%
#3419625 1& 1'
#3419875 0*
#3420875 1*
#3421500 1!
#3421750 0*
#3422750 1*
#3423250 0!
#3423375 1"
#3423625 0*
#3424625 1*
#3425250 1!
#3425500 0*
#3426500 1*
#3427625 1)
#3427750 1-
#3427875 0! 0&
#3428000 1# 1% 1(
#3428750 0)
#3429000 0" 0# 1$ 0% 1& 0(
#3429250 0*
#3430250 1*
#3430500 1)
#3430750 1" 1# 0$ 1(
#3430875 0,
#3431625 0)
#3431750 0& 0'
#3431875 1!
#3432125 0+
#3433125 1+
#3433250 1)
#3433500 0! 0" 0# 0(
#3433625 1% 1,
#3434375 0) 0-
#3434625 1# 0% 1& 1'
#3434875 0*
#3435875 1*
#3436500 1!
#3436750 0*
#3437750 1*
#3438375 0! 1"
#3438625 0*
#3439625 1*
#3440250 1!
#3440500 0*
#3441500 1*
#3442625 1)
#3442750 1-
#3442875 0! 0&
#3443000 1% 1(
#3443750 0)
#3444000 0" 1$ 0% 1& 0(
#3444250 0*
#3445250 1*
#3445500 1)
#3445750 0# 0& 0'
#3445875 1%
#3446625 0)
#3446875 1! 1" 1# 1&
#3447125 0*
#3448125 1*
#3448250 1)
#3448500 0! 0" 0# 0&
#3448625 0$
#3449375 0) 0-
#3449625 1$ 0% 1& 1'
#3449875 0*
#3450875 1*
#3451500 1!
#3451750 0*
#3452750 1*
#3453375 0! 1"
#3453625 0*
#3454625 1*
#3455250 1!
#3455500 0*
#3456500 1*
#3457125 00
#3457750 1) 1-
#3457875 0!
#3458000 1# 0$ 1% 0& 1(
#3458750 0)
#3459000 0" 0# 1& 0(
#3459250 0*
#3460250 1*
#3460500 1)
#3460750 0%
#3460875 1" 1# 1( 0,
#3461625 0)
#3461750 0" 0#
#3461875 1$ 0& 0'
#3462125 0+
#3463125 1+
#3463375 1)
#3463625 0$ 1% 0(
#3463750 1,
#3464125 10
#3464375 0) 0-
#3464625 0%
#3464750 1# 1$ 1& 1'
#3464875 0*
#3465875 1*
#3466625 1!
#3466750 0*
#3467750 1*
#3468375 0!
#3468500 1"
#3468625 0*
#3469750 1*
#3470250 1!
#3470500 0*
#3471625 1*
#3472750 1) 1-
#3473000 0! 0$ 1% 0& 1(
#3473875 0)
#3474000 0" 0(
#3474125 1&
#3474250 0*
#3475375 1*
#3475500 1)
#3475875 1! 1" 1$ 1(
#3476625 0)
#3478375 1)
#3478625 0! 0" 0# 0$ 0& 0' 0(
#3479375 0-
#3479500 0)
#3479750 1& 1'
#3479875 0*
#3481000 1*
#3481625 1!
#3481875 0*
#3482875 1*
#3483375 0!
#3483500 1"
#3483750 0*
#3484750 1*
#3485375 1!
#3485625 0*
#3486625 1*
#3487750 1) 1-
#3488000 0! 0& 1(
#3488125 1#
#3488875 0)
#3489000 0" 0# 0(
#3489125 1$ 1&
#3489375 0*
#3490375 1*
#3490500 1)
#3490750 0$ 0%
#3490875 1" 1# 1(
#3491000 0,
#3491625 0)
#3491875 1! 0" 0# 1$ 0& 0'
#3492125 0+
#3493125 1+
#3493375 1)
#3493625 0! 0$ 0(
#3493750 1% 1,
#3494375 0-
#3494500 0)
#3494750 1# 1& 1'
#3495000 0*
#3496000 1*
#3496625 1!
#3496875 0*
#3497875 1*
#3498375 0!
#3498500 1"
#3498750 0*
#3499750 1*
#3500375 1!
#3500625 0*
#3501625 1*
#3502750 1) 1-
#3503000 0! 0& 1(
#3503875 0)
#3504000 0" 0(
#3504125 1$ 1&
#3504375 0*
#3505375 1*
#3505625 1)
#3505750 0&
#3505875 1! 0# 0'
#3506625 0)
#3507000 1" 1# 1&
#3507125 0+
#3508250 1+
#3508375 1)
#3508625 0! 0" 0# 0$ 0&
#3509500 0) 0-
#3509750 1$ 1& 1'
#3510000 0*
#3511000 1*
#3511625 1!
#3511875 0*
#3512875 1*
#3513375 0!
#3513500 1"
#3513750 0*
#3514750 1*
#3515375 1!
#3515625 0*
#3516625 1*
#3517750 1)
#3517875 1-
#3518125 1# 1(
#3518875 0)
#3519375 0+
#3520375 1+
#3520625 1)
#3520875 0! 0$ 0%
#3521000 0,
#3521750 0)
#3521875 0# 0& 0'
#3522000 1$
#3522250 0+
#3523250 1+
#3523375 1)
#3523625 0" 0$ 0(
#3523750 1% 1,
#3524500 0) 0-
#3524750 1# 1$ 1& 1'
#3525000 0*
#3526000 1*
#3526625 1!
#3526875 0*
#3527875 1*
#3528500 0! 1"
#3528750 0*
#3529750 1*
#3530375 1!
#3530625 0*
#3531625 1*
#3532750 1)
#3532875 1-
#3533000 0! 0&
#3533125 0$ 1(
#3533875 0)
#3534125 0" 0# 1$ 0% 0(
#3534375 0*
#3535375 1*
#3536000 1!
#3536250 0*
#3537250 1*
#3537875 0! 1"
#3538125 0*
#3538875 1)
#3539125 0$ 1*
#3539250 1# 1% 1(
#3540000 0)
#3540125 0(
#3540250 0" 1$ 0%
#3540500 0*
#3541000 00
#3541500 1*
#3542125 1!
#3542375 0*
#3543375 1*
#3543875 0!
#3544000 1"
#3544250 0*
#3545000 1)
#3545250 0$ 1*
#3545375 1& 1( 0,
#3546125 0)
#3546250 0# 0& 0'
#3546375 1! 1$
#3546625 0+
#3547625 1+
#3547750 1)
#3548000 0! 10
#3548125 1% 1'
#3548250 1,
#3548875 0)
#3549125 0" 0$ 0% 0(
#3549375 0*
#3550375 1*
#3551000 1%
#3551250 0*
#3552250 1*
#3552500 1)
#3552875 1! 1# 1(
#3553625 0)
#3553750 0! 0(
#3553875 0# 0% 1& 0'
#3554125 0*
#3555125 1*
#3555375 1)
#3555500 0&
#3555625 1" 1$ 1% 1' 1(
#3556375 0)
#3556625 0" 0$ 0% 1& 0(
#3556875 0*
#3557875 1*
#3558500 1%
#3558750 0*
#3559750 1*
#3560000 1)
#3560250 0&
#3560375 1! 1# 1(
#3561125 0)
#3561250 0! 0(
#3561375 0# 1& 0'
#3561625 0*
#3562625 1*
#3562875 1)
#3563000 0&
#3563125 1" 1# 1' 1(
#3563875 0)
#3564125 0" 0# 0% 0' 0(
#3564375 0*
#3565375 1*
#3566000 1!
#3566250 0*
#3567250 1*
#3567875 0!
#3568000 1"
#3568125 0*
#3568875 1)
#3569125 1*
#3569250 1# 1% 1' 1(
#3570000 0)
#3570250 0" 0# 0% 0' 0(
#3570500 0*
#3571500 1*
#3572125 1!
#3572375 0*
#3573375 1*
#3574000 0! 1"
#3574250 0*
#3575500 1)
#3575750 1*
#3576250 1# 1& 1' 1(
#3576375 0,
#3577000 0)
#3577250 0" 0& 0'
#3577375 1$
#3577500 0+
#3578625 1+
#3579250 1)
#3579500 0# 1'
#3579625 1% 1,
#3580375 0)
#3581000 0$ 0% 0' 0(
#3581250 0*
#3582375 1*
#3583000 1%
#3583125 0*
#3584250 1*
#3584375 1)
#3584750 1# 1' 1(
#3585500 0)
#3585625 0(
#3585750 0# 0% 0'
#3586000 0*
#3587000 1*
#3587250 1)
#3587500 1$ 1% 1' 1(
#3588250 0)
#3588500 0$ 0% 0' 0(
#3588750 0*
#3589875 1*
#3590500 1%
#3590625 0*
#3591750 1*
#3591875 1)
#3592250 1# 1' 1(
#3593000 0)
#3593250 0# 0% 0' 0(
#3593500 0*
#3594500 1*
#3594750 1)
#3595000 1" 1# 1% 1' 1(
#3595875 0)
#3596000 0" 0# 0% 0' 0(
#3596250 0*
#3597375 1*
#3598000 1!
#3598125 0*
#3599250 1*
#3599750 0!
#3599875 1"
#3600000 0*
#3600750 1)
#3601000 1*
#3601125 1# 1% 1' 1(
#3601875 0)
#3602125 0" 0# 0% 0' 0(
#3602375 0*
#3603375 1*
#3604000 1!
#3604250 0*
#3605250 1*
#3605875 0! 1"
#3606125 0*
#3606875 1)
#3607125 1*
#3607250 1# 1& 1' 1( 0,
#3608000 0)
#3608125 0'
#3608250 1! 0" 1$ 0&
#3608500 0+
#3609500 1+
#3609750 1)
#3609875 0!
#3610000 0# 1% 1'
#3610125 1,
#3610750 0)
#3611000 0$ 0% 0' 0(
#3611250 0*
#3612250 1*
#3613000 1%
#3613125 0*
#3614125 1*
#3614375 1)
#3614750 1# 1' 1(
#3615500 0)
#3615625 0(
#3615750 0# 0% 0'
#3616000 0*
#3617000 1*
#3617250 1)
#3617500 1$ 1% 1' 1(
#3618250 0)
#3618500 0$ 0% 0' 0(
#3618750 0*
#3619750 1*
#3620500 1%
#3620625 0*
#3621625 1*
#3621875 1)
#3622250 1# 1' 1(
#3623000 0)
#3623125 0' 0(
#3623250 0# 0%
#3623500 0*
#3624500 1*
#3624750 1)
#3624875 00
#3625000 1" 1# 1% 1' 1(
#3625750 0)
#3626000 0" 0# 0% 0' 0(
#3626250 0*
#3627250 1*
#3627875 1!
#3628125 0*
#3629125 1*
#3629750 0!
#3629875 1"
#3630000 0*
#3630750 1)
#3631000 1*
#3631125 1# 1% 1' 1(
#3631875 0) 10
#3632125 0" 0# 0% 0' 0(
#3632375 0*
#3633375 1*
#3634000 1!
#3634250 0*
#3635250 1*
#3635750 0!
#3635875 1"
#3636125 0*
#3636875 1)
#3637125 1*
#3637250 1# 1& 1' 1( 0,
#3638000 0)
#3638125 0& 0'
#3638250 1$
#3638500 0+
#3639500 1+
#3639625 1)
#3639875 0#
#3640000 0" 1% 1'
#3640125 1,
#3640750 0)
#3641000 0$ 0% 0' 0(
#3641250 0*
#3642250 1*
#3642875 1%
#3643125 0*
#3644125 1*
#3644375 1)
#3644750 1# 1' 1(
#3645500 0)
#3645625 0# 0% 0' 0(
#3646000 0*
#3647000 1*
#3647125 1)
#3647500 1$ 1% 1' 1(
#3648250 0)
#3648500 0$ 0% 0' 0(
#3648750 0*
#3649750 1*
#3650375 1%
#3650625 0*
#3651625 1*
#3651875 1)
#3652125 1(
#3652250 1# 1'
#3653000 0)
#3653125 0# 0% 0' 0(
#3653500 0*
#3654500 1*
#3654625 1)
#3670000 1" 1# 1& 1' 1( 0,
#3670750 0)
#3671000 1! 1$ 0& 0'
#3671250 0+
#3672250 1+
#3672500 1)
#3673750 1% 1& 1' 1,
#3674500 0)
#3676250 1)
#3679250 0! 0$ 0&
#3680125 0)
#3680375 0" 0# 0% 0' 0(
#3680625 0*
#3681625 1*
#3681875 1)
#3682125 1! 1" 1# 1$ 1% 1& 1' 1(
#3683000 0)
#3684625 1)
#3685750 0)
#3686250 0+
#3687250 1+
#3688125 0+
#3689125 1+
#3690000 0+
#3691000 1+
#3691875 0+
#3692875 1+
#3694000 1)
#3694250 0! 0$ 0&
#3695125 0)
#3695250 0' 0(
#3695375 0" 0%
#3695625 0*
#3696625 1*
#3696875 1)
#3697125 1" 1& 1' 1(
#3697250 0,
#3697875 0)
#3698125 0" 0# 1% 0& 0'
#3698375 0+
#3699375 1+
#3699625 1)
#3699875 0(
#3700000 1,
#3700750 0) 0-
#3700875 0%
#3701000 1(
#3701250 0*
#3702250 1*
#3702875 1!
#3703125 0*
#3704125 1*
#3704625 0!
#3704750 1"
#3705000 0*
#3706000 1*
#3706625 1!
#3706875 0*
#3707875 1*
#3708750 00
#3709000 1) 1-
#3709250 0! 1'
#3709375 1# 1%
#3710125 0)
#3710250 0" 0# 0% 0' 0(
#3710375 1$
#3710625 0*
#3711625 1*
#3711750 1)
#3712125 1! 1" 1# 1% 1& 1' 1(
#3712875 0)
#3714625 1)
#3714875 0! 0" 0# 0$ 0& 0' 0(
#3715625 0- 10
#3715750 0)
#3715875 0%
#3716000 1# 1(
#3716250 0*
#3717250 1*
#3717875 1!
#3718125 0*
#3719125 1*
#3719625 0!
#3719750 1"
#3720000 0*
#3721000 1*
#3721625 1!
#3721875 0*
#3722875 1*
#3724000 1) 1-
#3724250 0! 1% 1'
#3725125 0)
#3725250 0" 0% 0' 0(
#3725375 1$
#3725500 0*
#3726625 1*
#3726750 1)
#3727000 0#
#3727125 1" 1%
#3727875 0)
#3728125 1! 1# 1&
#3728375 0*
#3729375 1*
#3729625 1)
#3729875 0! 0" 0# 0$ 0&
#3730625 0-
#3730750 0)
#3730875 0%
#3731000 1$ 1(
#3731125 0*
#3732250 1*
#3732875 1!
#3733000 0*
#3734125 1*
#3734625 0!
#3734750 1"
#3734875 0*
#3736000 1*
#3736625 1!
#3736750 0*
#3737875 1*
#3739000 1) 1-
#3739250 0! 1# 0$ 1% 1'
#3740125 0)
#3740250 0" 0# 0' 0(
#3740500 0*
#3741625 1*
#3741750 1)
#3742000 0%
#3742125 1" 1# 1& 1' 1( 0,
#3742875 0)
#3743125 1! 0" 0# 1% 0& 0'
#3743375 0+
#3744375 1+
#3744625 1)
#3744750 0!
#3744875 0(
#3745000 1,
#3745625 0) 0-
#3745875 0%
#3746000 1# 1$ 1(
#3746125 0*
#3747250 1*
#3747875 1!
#3748000 0*
#3749000 1*
#3749625 0!
#3749750 1"
#3749875 0*
#3751000 1*
#3751500 1!
#3751750 0*
#3752750 1*
#3754000 1) 1-
#3754250 0! 0$ 1% 1'
#3755000 0)
#3755250 0" 0' 0(
#3755500 0*
#3756500 1*
#3756750 1)
#3757125 1! 1" 1$ 1& 1' 1(
#3757875 0)
#3759625 1)
#3759875 0! 0" 0# 0$ 0& 0' 0(
#3760625 0) 0-
#3760875 1(
#3761125 0*
#3762125 1*
#3762750 1!
#3763000 0*
#3764000 1*
#3764625 0!
#3764750 1"
#3764875 0*
#3765875 1*
#3766500 1!
#3766750 0*
#3767750 1*
#3769000 1) 1-
#3769125 0!
#3769250 1# 1'
#3770000 0)
#3770250 0" 0# 0' 0(
#3770375 1$
#3770500 0*
#3771500 1*
#3771750 1)
#3772000 0$ 0%
#3772125 1" 1# 1& 1' 1( 0,
#3772875 0)
#3773000 0'
#3773125 0# 1% 0&
#3773375 0+
#3774375 1+
#3774625 1)
#3774875 0" 0(
#3775000 1,
#3775625 0) 0-
#3775875 1(
#3776000 1#
#3776125 0*
#3777125 1*
#3777750 1!
#3778000 0*
#3779000 1*
#3779625 0!
#3779750 1"
#3779875 0*
#3780875 1*
#3781500 1!
#3781750 0*
#3782750 1*
#3784000 1) 1-
#3784125 0!
#3784250 1'
#3785000 0)
#3785250 0" 0' 0(
#3785375 1$
#3785500 0*
#3786500 1*
#3786750 1)
#3787000 0#
#3787125 1! 1"
#3787875 0)
#3788125 1# 1&
#3788375 0+
#3789375 1+
#3789625 1)
#3789875 0! 0" 0# 0$ 0&
#3790625 0) 0-
#3791000 1$ 1(
#3791125 0*
#3792125 1*
#3792500 00
#3792750 1!
#3793000 0*
#3794000 1*
#3794625 0!
#3794750 1"
#3794875 0*
#3795875 1*
#3796500 1!
#3796750 0*
#3797750 1*
#3799000 1) 1-
#3799125 0!
#3799250 1# 0$ 1'
#3799500 10
#3800000 0)
#3800250 0" 0# 0% 1& 0' 0(
#3800500 0*
#3801500 1*
#3801750 1)
#3802125 1" 1# 1' 1( 0,
#3802875 0)
#3803000 0'
#3803125 1! 0# 1% 0&
#3803375 0+
#3804375 1+
#3804625 1)
#3804750 0!
#3804875 0" 0(
#3805000 1,
#3805625 0) 0-
#3806000 1# 1$ 1(
#3806125 0*
#3807125 1*
#3807750 1!
#3808000 0*
#3809000 1*
#3809625 0!
#3809750 1"
#3809875 0*
#3810875 1*
#3811500 1!
#3811750 0*
#3812750 1*
#3814000 1) 1-
#3814250 0! 0$ 1'
#3815000 0)
#3815250 0" 0% 0' 0(
#3815375 1&
#3815500 0*
#3816500 1*
#3816750 1)
#3817125 1! 1" 1$ 1% 1' 1(
#3817875 0)
#3819625 1)
#3819875 0! 0" 0# 0$ 0& 0' 0(
#3820625 0) 0-
#3820875 0%
#3821000 1& 1(
#3821125 0*
#3822250 1*
#3822875 1!
#3823000 0*
#3824125 1*
#3824625 0!
#3824750 1"
#3824875 0*
#3826000 1*
#3826500 1!
#3826750 0*
#3827875 1*
#3829000 1) 1-
#3829250 0! 1# 1% 0& 1'
#3830125 0)
#3830250 0" 0# 0% 0' 0(
#3830375 1$ 1&
#3830500 0*
#3831625 1*
#3831750 1)
#3832000 0$
#3832125 1" 1# 1' 1( 0,
#3832875 0)
#3833125 0" 1% 0& 0'
#3833375 0+
#3834375 1+
#3834625 1)
#3834875 0# 0(
#3835000 1,
#3835625 0-
#3835750 0)
#3835875 0%
#3836000 1# 1& 1(
#3836250 0*
#3837250 1*
#3837875 1!
#3838125 0*
#3839125 1*
#3839625 0!
#3839750 1"
#3840000 0*
#3841000 1*
#3841625 1!
#3841875 0*
#3842875 1*
#3844000 1) 1-
#3844250 0! 1% 0& 1'
#3845125 0)
#3845250 0" 0% 0' 0(
#3845375 1$ 1&
#3845625 0*
#3846625 1*
#3846750 1)
#3847000 0&
#3847125 1%
#3847875 0)
#3848125 1! 1" 1&
#3848375 0*
#3849375 1*
#3849625 1)
#3849875 0! 0" 0# 0$ 0&
#3850625 0-
#3850750 0)
#3850875 0%
#3851000 1$ 1& 1(
#3851250 0*
#3852250 1*
#3852875 1!
#3853125 0*
#3854125 1*
#3854625 0!
#3854750 1"
#3855000 0*
#3856000 1*
#3856625 1!
#3856875 0*
#3857875 1*
#3859000 1) 1-
#3859250 0! 0$ 0&
#3859375 1# 1% 1'
#3860125 0)
#3860250 0" 0# 0' 0(
#3860375 1&
#3860625 0*
#3861625 1*
#3861875 1)
#3862000 0%
#3862125 1" 1# 1' 1(
#3862250 0,
#3862875 0)
#3863125 1! 0" 1% 0& 0'
#3863375 0+
#3864500 1+
#3864625 1)
#3864875 0! 0# 0(
#3865000 1,
#3865750 0) 0-
#3865875 0%
#3866000 1# 1$ 1& 1(
#3866250 0*
#3867250 1*
#3867875 1!
#3868125 0*
#3869125 1*
#3869625 0!
#3869750 1"
#3870000 0*
#3871000 1*
#3871625 1!
#3871875 0*
#3872875 1*
#3874000 1)
#3874125 1-
#3874250 0! 0$ 0&
#3874375 1% 1'
#3875125 0)
#3875250 0'
#3875375 0" 1& 0(
#3875625 0*
#3876375 00
#3876625 1*
#3876875 1)
#3877125 1! 1" 1$ 1' 1(
#3878000 0)
#3879625 1)
#3879875 0! 0" 0# 0$ 0& 0'
#3880000 0(
#3880750 0) 0-
#3881000 1& 1(
#3881250 0*
#3882250 1*
#3882875 1!
#3883125 0*
#3883375 10
#3884125 1*
#3884625 0!
#3884750 1"
#3885000 0*
#3886000 1*
#3886625 1!
#3886875 0*
#3887875 1*
#3889000 1)
#3889125 1-
#3889250 0! 0&
#3889375 1# 1'
#3890125 0)
#3890375 0" 0# 1$ 1& 0' 0(
#3890625 0*
#3891625 1*
#3891875 1)
#3892125 0$ 0% 1' 1(
#3892250 1" 1# 0,
#3893000 0)
#3893125 0& 0'
#3893250 1%
#3893500 0+
#3894500 1+
#3894625 1)
#3894875 0" 0# 0(
#3895125 1,
#3895750 0) 0-
#3896000 1& 1(
#3896125 1#
#3896250 0*
#3897250 1*
#3897875 1!
#3898125 0*
#3899125 1*
#3899750 0! 1"
#3900000 0*
#3901000 1*
#3901625 1!
#3901875 0*
#3902875 1*
#3904125 1) 1-
#3904250 0!
#3904375 0& 1'
#3905125 0)
#3905375 0" 1& 0' 0(
#3905500 1$
#3905625 0*
#3906625 1*
#3906875 1)
#3907125 0&
#3907250 1!
#3908000 0)
#3908250 1" 1&
#3908500 0+
#3909500 1+
#3909750 1)
#3910000 0! 0" 0# 0$ 0&
#3910750 0) 0-
#3911125 1$ 1& 1(
#3911250 0*
#3912250 1*
#3912875 1!
#3913125 0*
#3914250 1*
#3914750 0!
#3914875 1"
#3915000 0*
#3916125 1*
#3916625 1!
#3916875 0*
#3918000 1*
#3919125 1) 1-
#3919375 0! 1# 0$ 0& 1'
#3920250 0)
#3920375 0" 0# 0% 0(
#3920625 0*
#3921750 1*
#3921875 1)
#3922250 1" 1# 1& 1( 0,
#3923000 0)
#3923250 1! 1% 0& 0'
#3923500 0+
#3924500 1+
#3924750 1)
#3925000 0! 0" 0# 0(
#3925125 1,
#3925750 0-
#3925875 0)
#3926125 1# 1$ 1& 1(
#3926375 0*
#3927375 1*
#3928000 1!
#3928250 0*
#3929250 1*
#3929750 0!
#3929875 1"
#3930125 0*
#3931125 1*
#3931750 1!
#3932000 0*
#3933000 1*
#3934125 1) 1-
#3934375 0! 0$ 0& 1'
#3935250 0)
#3935375 0" 0% 0(
#3935750 0*
#3936750 1*
#3936875 1)
#3937250 1! 1" 1$ 1% 1& 1(
#3938000 0)
#3939750 1)
#3940000 0! 0" 0# 0$ 0& 0' 0(
#3940750 0-
#3940875 0)
#3941000 0%
#3941125 1' 1(
#3941375 0*
#3942375 1*
#3943000 1!
#3943250 0*
#3944250 1*
#3944750 0!
#3944875 1"
#3945125 0*
#3946125 1*
#3946750 1!
#3947000 0*
#3948000 1*
#3949125 1) 1-
#3949375 0!
#3949500 1# 1%
#3950250 0)
#3950375 0#
#3950500 0" 1$ 0% 0(
#3950750 0*
#3951750 1*
#3952000 1)
#3952250 1" 1# 0$ 1& 1(
#3952375 0,
#3953000 0)
#3953250 0" 0# 0& 0'
#3953375 1$ 1%
#3953500 0+
#3954625 1+
#3954750 1)
#3955000 0$ 0(
#3955125 1,
#3955875 0) 0-
#3956000 0%
#3956125 1# 1' 1(
#3956375 0*
#3957375 1*
#3958000 1!
#3958250 0*
#3959250 1*
#3959750 0!
#3959875 1"
#3960125 0*
#3960250 00
#3961125 1*
#3961750 1!
#3962000 0*
#3963000 1*
#3964125 1)
#3964250 1-
#3964375 0!
#3964500 1%
#3965250 0)
#3965500 0" 1$ 0% 0(
#3965750 0*
#3966750 1*
#3967000 1)
#3967250 1" 1% 0' 10
#3968125 0)
#3968375 1! 1&
#3968625 0*
#3969625 1*
#3969750 1)
#3970000 0! 0" 0# 0$ 0&
#3970875 0) 0-
#3971125 1$ 0% 1' 1(
#3971375 0*
#3972375 1*
#3973000 1!
#3973250 0*
#3974250 1*
#3974875 0! 1"
#3975125 0*
#3976125 1*
#3976750 1!
#3977000 0*
#3978000 1*
#3979125 1)
#3979250 1-
#3979375 0! 0$
#3979500 1# 1%
#3980250 0)
#3980500 0" 0# 0(
#3980750 0*
#3981750 1*
#3982000 1)
#3982250 0% 1(
#3982375 1" 1# 1& 0,
#3983125 0)
#3983250 0" 0# 0& 0'
#3983375 1! 1$ 1%
#3983625 0+
#3984625 1+
#3984750 1)
#3985000 0! 0$ 0(
#3985250 1,
#3985875 0) 0-
#3986125 1$ 0% 1' 1(
#3986250 1#
#3986375 0*
#3987375 1*
#3988000 1!
#3988250 0*
#3989250 1*
#3989875 0! 1"
#3990125 0*
#3991125 1*
#3991750 1!
#3992000 0*
#3993000 1*
#3994125 1)
#3994250 1-
#3994375 0!
#3994500 0$ 1%
#3995250 0)
#3995500 0" 0(
#3995750 0*
#3996750 1*
#3997000 1)
#3997375 1! 1" 1$ 1& 1(
#3998125 0)
#3999750 1)
#4000125 0! 0" 0# 0$ 0& 0' 0(
#4000875 0) 0-
#4001125 1' 1(
#4001375 0*
#4002375 1*
#4003000 1!
#4003250 0*
#4004250 1*
#4004875 0! 1"
#4005125 0*
#4006125 1*
#4006750 1!
#4007000 0*
#4008000 1*
#4009250 1) 1-
#4009375 0!
#4009500 1#
#4010250 0)
#4010500 0" 0# 1$ 0(
#4010750 0*
#4011750 1*
#4012000 1)
#4012250 0$ 0% 1(
#4012375 1" 1# 1& 0,
#4013125 0)
#4013250 0# 0&
#4013375 1$ 1% 0'
#4013625 0+
#4014625 1+
#4014750 1)
#4015000 0(
#4015125 0" 0$
#4015250 1,
#4015875 0) 0-
#4016125 1' 1(
#4016250 1#
#4016375 0*
#4017375 1*
#4018000 1!
#4018250 0*
#4019250 1*
#4019875 0! 1"
#4020125 0*
#4021125 1*
#4021750 1!
#4022000 0*
#4023000 1*
#4024250 1) 1-
#4024375 0!
#4025250 0)
#4025500 0" 1$ 0(
#4025750 0*
#4026750 1*
#4027000 1)
#4027250 0'
#4027375 1! 1"
#4028125 0)
#4028375 1&
#4028625 0+
#4029625 1+
#4029750 1)
#4030125 0! 0" 0# 0$ 0&
#4030875 0) 0-
#4031125 1' 1(
#4031250 1$
#4031375 0*
#4032375 1*
#4033000 1!
#4033250 0*
#4034250 1*
#4034875 0! 1"
#4035125 0*
#4036125 1*
#4036750 1!
#4037000 0*
#4038000 1*
#4039125 1)
#4039250 1-
#4039375 0!
#4039500 1# 0$
#4040250 0)
#4040500 0" 0# 0% 1& 0(
#4040750 0*
#4041750 1*
#4042000 1)
#4042250 1(
#4042375 1" 1# 0,
#4043125 0)
#4043250 0# 0& 0'
#4043375 1! 1$ 1%
#4043625 0+
#4044125 00
#4044625 1+
#4044750 1)
#4045000 0! 0" 0$ 0(
#4045250 1,
#4045875 0) 0-
#4046125 1$ 1' 1(
#4046250 1#
#4046375 0*
#4047375 1*
#4048000 1!
#4048250 0*
#4049250 1*
#4049875 0! 1"
#4050125 0*
#4051000 10
#4051125 1*
#4051750 1!
#4052000 0*
#4053000 1*
#4054125 1)
#4054250 1-
#4054375 0!
#4054500 0$
#4055250 0)
#4055500 0" 0% 1& 0(
#4055750 0*
#4056750 1*
#4057000 1)
#4057250 1(
#4057375 1! 1" 1$ 1%
#4058125 0)
#4059750 1)
#4060125 0! 0" 0# 0$ 0& 0' 0(
#4060875 0) 0-
#4061125 0% 1& 1' 1(
#4061375 0*
#4062375 1*
#4063000 1!
#4063250 0*
#4064250 1*
#4064875 0! 1"
#4065125 0*
#4066125 1*
#4066750 1!
#4067000 0*
#4068000 1*
#4069125 1)
#4069250 1-
#4069375 0! 0&
#4069500 1# 1%
#4070250 0)
#4070500 0" 0# 1$ 0% 1& 0(
#4070750 0*
#4071750 1*
#4072000 1)
#4072250 1" 1# 0$ 1(
#4072375 0,
#4073125 0)
#4073250 0" 0& 0'
#4073375 1$ 1%
#4073625 0+
#4074625 1+
#4074750 1)
#4075000 0# 0$ 0(
#4075125 1,
#4075875 0) 0-
#4076125 1# 0% 1& 1' 1(
#4076375 0*
#4077375 1*
#4078000 1!
#4078250 0*
#4079250 1*
#4079750 0!
#4079875 1"
#4080125 0*
#4081125 1*
#4081750 1!
#4082000 0*
#4083000 1*
#4084125 1)
#4084250 1-
#4084375 0! 0&
#4084500 1%
#4085250 0)
#4085500 0" 1$ 0% 1& 0(
#4085750 0*
#4086750 1*
#4087000 1)
#4087250 0# 0$ 0'
#4088000 0)
#4088375 1! 1" 1# 1$ 1%
#4088500 0*
#4089500 1*
#4089750 1)
#4090000 0! 0" 0# 0$ 0&
#4090875 0) 0-
#4091000 0%
#4091125 1$ 1& 1' 1(
#4091375 0*
#4092375 1*
#4093000 1!
#4093250 0*
#4094250 1*
#4094750 0!
#4094875 1"
#4095125 0*
