$date Sat Aug 15 10:54:01 2026 $end
$version libsigrok 0.5.2 $end
$comment
  Acquisition with 16/16 channels at 80 MHz
$end
$timescale 100 ps $end
$scope module libsigrok $end
$var wire 1 ! A0 $end
$var wire 1 " A1 $end
$var wire 1 # A2 $end
$var wire 1 $ A3 $end
$var wire 1 % A4 $end
$var wire 1 & A5 $end
$var wire 1 ' A6 $end
$var wire 1 ( A7 $end
$var wire 1 ) RAS $end
$var wire 1 * CAS0 $end
$var wire 1 + CAS1 $end
$var wire 1 , R/W $end
$var wire 1 - VDS $end
$var wire 1 . IRQ $end
$var wire 1 / CSW $end
$var wire 1 0 CSR $end
$upscope $end
$enddefinitions $end
#0 0! 0" 1# 0$ 1% 0& 0' 1( 0) 1* 1+ 1, 0- 0. 1/ 10
#125 0# 0% 1& 1' 0( 00
#250 1" 1# 1$ 1% 10
#875 1!
#1000 0*
#2125 1*
#3250 1) 1-
#3500 0! 0$ 0& 1(
#4375 0)
#4500 0" 0# 0% 0' 0(
#4750 0*
#5875 1*
#6500 1!
#6625 0*
#7750 1*
#8250 0!
#8375 1"
#8500 0*
#9250 1)
#9500 1*
#9625 1# 1% 1' 1(
#10375 0)
#10625 0" 0# 0% 0' 0(
#10875 0*
#11875 1*
#12500 1!
#12750 0*
#13750 1*
#14375 0! 1"
#14625 0*
#15375 1)
#15625 1*
#15750 1! 1# 1$ 1% 1& 1' 1(
#16500 0)
#18250 1)
#18500 0! 0" 0# 0&
#19250 0)
#19500 0% 0' 0(
#19625 1#
#19750 0*
#20750 1*
#21500 1%
#21625 0*
#21750 00
#22625 1*
#22875 1)
#23125 0$
#23250 1' 1(
#24000 0)
#24125 0' 0(
#24250 1$ 0%
#24500 0*
#25500 1*
#25750 1)
#26000 0# 1% 1' 1(
#26750 0)
#27000 0% 0' 0(
#27125 1#
#27250 0*
#28250 1*
#28750 10
#28875 1%
#29125 0*
#30125 1*
#30375 1)
#30625 0$
#30750 1' 1(
#31500 0)
#31625 0% 0' 0(
#31750 1$
#32000 0*
#33000 1*
#33125 1)
#33375 0$
#33500 1" 1% 1' 1(
#34250 0)
#34500 0" 0# 0% 0' 0(
#34750 0*
#35750 1*
#36375 1!
#36625 0*
#37625 1*
#38250 0! 1"
#38500 0*
#39250 1)
#39500 1*
#39625 1# 1% 1' 1(
#40375 0)
#40625 0" 0# 0% 0' 0(
#40875 0*
#41875 1*
#42500 1!
#42750 0*
#43750 1*
#44250 0!
#44375 1"
#44625 0*
#45875 1)
#46125 1*
#46625 1$ 1% 1& 1(
#47375 0)
#47625 1! 1# 0&
#47875 0+
#48875 1+
#49625 1)
#49875 0! 0" 0# 1'
#50625 0)
#51375 1# 0% 0' 0(
#51625 0*
#52625 1*
#53250 1%
#53500 0*
#54500 1*
#54750 1)
#55000 0$ 1' 1(
#55875 0)
#56000 0% 0' 0(
#56125 1$
#56375 0*
#57375 1*
#57500 1)
#57750 0#
#57875 1% 1' 1(
#58625 0)
#58875 1# 0% 0' 0(
#59125 0*
#60125 1*
#60750 1%
#61000 0*
#62000 1*
#62250 1)
#62500 0$ 1' 1(
#63375 0)
#63500 0% 0' 0(
#63625 1$
#63750 0*
#64875 1*
#65000 1)
#65250 0$
#65375 1" 1% 1' 1(
#66125 0)
#66375 0" 0# 0% 0' 0(
#66625 0*
#67625 1*
#68250 1!
#68500 0*
#69500 1*
#70000 0!
#70125 1"
#70375 0*
#71125 1)
#71375 1*
#71500 1# 1% 1' 1(
#72250 0)
#72375 0" 0# 0% 0' 0(
#72750 0*
#73750 1*
#74375 1!
#74625 0*
#75625 1*
#76125 0!
#76250 1"
#76500 0*
#77250 1)
#77500 1% 1& 1' 1( 1*
#77625 1$
#78375 0)
#78500 0& 0'
#78625 1! 1#
#78875 0+
#79875 1+
#80000 1)
#80250 0! 0" 0#
#80375 1'
#81125 0)
#81250 0'
#81375 1# 0% 0(
#81625 0*
#82625 1*
#83250 1%
#83500 0*
#84500 1*
#84750 1)
#85000 0$ 1' 1(
#85750 0)
#86000 0% 0' 0(
#86125 1$
#86250 0*
#87250 1*
#87500 1)
#87750 0#
#87875 1% 1' 1(
#88625 0)
#88750 0% 0' 0(
#88875 1#
#89125 0*
#90125 1*
#90750 1%
#91000 0*
#92000 1*
#92250 1)
#92500 0$ 1' 1(
#93250 0)
#93500 0% 0' 0(
#93625 1$
#93750 0*
#94750 1*
#95000 1)
#95250 0$
#95375 1" 1% 1' 1(
#96125 0)
#96250 0' 0(
#96375 0" 0# 0%
#96625 0*
#97625 1*
#98250 1!
#98500 0*
#99500 1*
#100000 0!
#100125 1"
#100375 0*
#101125 1)
#101375 1*
#101500 1# 1% 1' 1(
#102250 0)
#102375 0" 0# 0% 0' 0(
#102750 0*
#103750 1*
#104375 1!
#104625 0*
#105625 1* 00
#106125 0!
#106250 1"
#106500 0*
#107250 1)
#107500 1$ 1% 1& 1' 1( 1*
#107625 0,
#108250 0)
#108500 1! 0& 0'
#108625 1#
#108750 0+
#109875 1+
#110000 1)
#110250 0! 0" 0# 1'
#110375 1,
#111125 0)
#111250 0' 0(
#111375 1# 0%
#111625 0*
#112625 1* 10
#113250 1%
#113500 0*
#114500 1*
#114750 1)
#115000 0$ 1' 1(
#115750 0)
#116000 1$ 0% 0' 0(
#116250 0*
#117250 1*
#117500 1)
#117750 0# 1(
#117875 1% 1'
#118625 0)
#118750 0% 0' 0(
#118875 1#
#119125 0*
#120125 1*
#120750 1%
#121000 0*
#122000 1*
#122250 1)
#122500 0$ 1' 1(
#123250 0)
#123500 0% 0' 0(
#123625 1$
#123750 0*
#124750 1*
#125000 1)
#140250 0#
#140375 1" 1% 1& 1(
#141125 0)
#141250 0&
#141375 1! 1#
#141625 0+
#142625 1+
#142875 1)
#144125 1& 1'
#144875 0)
#146625 1)
#149625 0! 0$ 0&
#150500 0)
#150750 0" 0# 0% 0' 0(
#151000 0*
#152000 1*
#152250 1)
#152500 1! 1" 1# 1$ 1% 1& 1' 1(
#153375 0)
#155000 1)
#156125 0)
#156625 0+
#157625 1+
#158500 0+
#159500 1+
#160375 0+
#161375 1+
#162250 0+
#163250 1+
#164375 1)
#164625 0! 0$ 0&
#165500 0)
#165750 0" 0% 0' 0(
#166000 0*
#167000 1*
#167250 1)
#167500 0# 1% 1' 1(
#167625 1" 1$ 1&
#168375 0)
#168500 0& 0'
#168625 1! 1#
#168875 0+
#169875 1+
#170000 1)
#170250 0! 0% 0(
#170375 1&
#171125 0) 0-
#171375 0" 0# 0$ 0& 1(
#171625 0*
#172625 1*
#173250 1!
#173500 0*
#174500 1*
#175125 0! 1"
#175375 0*
#176375 1*
#177000 1!
#177250 0*
#178250 1*
#179375 1)
#179500 1-
#179625 0!
#179750 1# 1% 1'
#180500 0)
#180750 0" 0# 1$ 0% 0' 0(
#181000 0*
#182000 1*
#182250 1)
#182500 1' 1(
#182625 1" 1% 1& 0,
#183375 0)
#183500 0& 0'
#183625 1! 1#
#183875 0+
#184875 1+
#185000 1)
#185250 0! 0% 0(
#185375 1&
#185500 1,
#186125 0) 0-
#186375 0" 0$ 0& 1(
#186625 0*
#187625 1*
#188250 1!
#188500 0*
#189500 1* 00
#190125 0! 1"
#190375 0*
#191375 1*
#192000 1!
#192250 0*
#193250 1*
#194500 1) 1-
#194625 0!
#194750 1% 1'
#195500 0)
#195750 0" 1$ 0% 0' 0(
#196000 0*
#196500 10
#197000 1*
#197250 1)
#197500 0# 0$
#197625 1! 1" 1% 1&
#198375 0)
#198625 1# 1$
#198875 0+
#199875 1+
#200125 1)
#200250 0!
#200375 0%
#201125 0) 0-
#201375 0" 0# 0& 1(
#201625 0*
#202625 1*
#203250 1!
#203500 0*
#204500 1*
#205125 0!
#205250 1"
#205375 0*
#206375 1*
#207000 1!
#207250 0*
#208250 1*
#209500 1) 1-
#209625 0!
#209750 1# 0$ 1% 1'
#210500 0)
#210750 0" 0# 0' 0(
#211000 0*
#212000 1*
#212250 1)
#212625 1! 1" 1# 1$ 1& 1' 1(
#213375 0)
#215125 1)
#215375 0! 0% 0' 0(
#216125 0) 0-
#216375 0" 0&
#216500 1(
#216625 0*
#217750 1*
#218375 1!
#218500 0*
#219625 1*
#220125 0!
#220250 1"
#220375 0*
#221500 1*
#222125 1!
#222250 0*
#223375 1*
#224500 1) 1-
#224750 0! 0$ 1% 1'
#225625 0)
#225750 0" 0' 0(
#226125 0*
#227125 1*
#227250 1)
#227625 1! 1" 1$ 1& 1' 1(
#228375 0)
#230125 1)
#230375 0! 0% 0' 0(
#231125 0-
#231250 0)
#231375 0" 0# 0$ 0&
#231500 1% 1(
#231750 0*
#232750 1*
#233375 1!
#233625 0*
#234625 1*
#235125 0!
#235250 1"
#235500 0*
#236500 1*
#237125 1!
#237375 0*
#238375 1*
#239500 1) 1-
#239750 0! 1'
#239875 1#
#240625 0)
#240750 0" 0# 0' 0(
#240875 1$
#241125 0*
#242125 1*
#242375 1)
#242625 1! 1" 1# 1& 1' 1(
#243375 0)
#245125 1)
#245375 0! 0% 0' 0(
#246250 0) 0-
#246375 0" 0&
#246500 0$ 1% 1(
#246750 0*
#247750 1*
#248375 1!
#248625 0*
#249625 1*
#250125 0!
#250250 1"
#250500 0*
#251500 1*
#252125 1!
#252375 0*
#253375 1*
#254500 1)
#254625 1-
#254750 0!
#254875 1'
#255625 0)
#255750 0'
#255875 0" 1$ 0(
#256125 0*
#257125 1*
#257375 1)
#257625 0$ 1&
#258375 0)
#258750 1! 1" 1$
#258875 0*
#260000 1*
#260125 1)
#260375 0! 0%
#261250 0) 0-
#261500 0" 0# 1% 0& 1(
#261750 0*
#262750 1*
#263375 1!
#263625 0*
#264625 1*
#265125 0!
#265250 1"
#265500 0*
#266500 1*
#267125 1!
#267375 0*
#268375 1*
#269500 1)
#269625 1-
#269750 0! 0$
#269875 1# 1'
#270625 0)
#270875 0" 0# 0% 1& 0' 0(
#271125 0*
#272125 1*
#272375 1)
#272625 1(
#272750 1! 1" 1$ 1%
#273375 00
#273500 0)
#273625 0! 0" 0$ 0% 0& 0(
#274000 0+
#275000 1+
#275125 1)
#275500 1" 1# 1$ 1&
#276250 0) 0-
#276500 0" 1% 0& 1(
#276750 0*
#277750 1*
#278375 1!
#278625 0*
#279625 1*
#280250 0! 1" 10
#280500 0*
#281500 1*
#282125 1!
#282375 0*
#283375 1*
#284625 1) 1-
#284750 0!
#284875 0$ 1'
#285625 0)
#285875 0" 0% 1& 0' 0(
#286125 0*
#287125 1*
#287375 1)
#287750 1! 1" 1$ 1% 1' 1(
#288500 0)
#290250 1)
#290500 0! 0% 0' 0(
#291250 0) 0-
#291500 0" 0# 0$ 1(
#291750 0*
#292750 1*
#293375 1!
#293625 0*
#294625 1*
#295250 0!
#295375 1"
#295500 0*
#296500 1*
#297125 1!
#297375 0*
#298375 1*
#299625 1) 1-
#299875 0! 1# 1% 0& 1'
#300625 0)
#300875 0" 0# 0% 0' 0(
#301000 1$ 1&
#301125 0*
#302125 1*
#302375 1)
#302750 1! 1" 1% 1' 1(
#303500 0)
#303750 0! 0" 0$ 0% 0& 0' 0(
#304000 0+
#305000 1+
#305250 1)
#305500 1" 1# 1$ 1&
#306250 0) 0-
#306500 0" 0$
#306625 1(
#306750 0*
#307875 1*
#308500 1!
#308625 0*
#309750 1*
#310250 0!
#310375 1"
#310500 0*
#311625 1*
#312250 1!
#312375 0*
#313500 1*
#314625 1) 1-
#314875 0! 1% 0& 1'
#315750 0)
#315875 0" 0% 0' 0(
#316000 1$ 1&
#316125 0*
#317250 1*
#317375 1)
#317625 0$
#317750 1! 1%
#318500 0)
#318750 1" 1$
#319000 0+
#320000 1+
#320250 1)
#320500 0! 0%
#321250 0-
#321375 0)
#321500 0" 0#
#321625 1(
#321875 0*
#322875 1*
#323500 1!
#323750 0*
#324750 1*
#325250 0!
#325375 1"
#325625 0*
#326625 1*
#327250 1!
#327500 0*
#328500 1*
#329625 1) 1-
#329875 0! 0$ 0& 1'
#330000 1# 1%
#330750 0)
#330875 0" 0# 0' 0(
#331000 1&
#331250 0*
#332250 1*
#332375 1)
#332750 1! 1" 1$ 1' 1(
#332875 0,
#333500 0)
#333750 0! 0" 0$ 0% 0& 0' 0(
#334000 0+
#335000 1+
#335250 1)
#335625 1" 1# 1$ 1& 1,
#336375 0) 0-
#336500 0"
#336625 1(
#336875 0*
#337875 1*
#338500 1!
#338750 0*
#339750 1*
#340250 0!
#340375 1"
#340625 0*
#341625 1*
#342250 1!
#342500 0*
#343500 1*
#344625 1) 1-
#344875 0! 0$ 0& 1'
#345000 1%
#345750 0)
#345875 0" 0' 0(
#346000 1&
#346250 0*
#347250 1*
#347375 1)
#347750 1! 1" 1$ 1' 1(
#348500 0)
#350250 1)
#350500 0! 0% 0' 0(
#351250 0-
#351375 0)
#351500 0" 0# 0$
#351625 1% 1(
#351875 0*
#352875 1*
#353500 1!
#353750 0*
#354750 1*
#355250 0!
#355375 1"
#355625 0*
#356625 1*
#357125 00
#357250 1!
#357500 0*
#358500 1*
#359625 1) 1-
#359875 0! 0& 1'
#360000 1#
#360750 0)
#360875 0" 0# 0' 0(
#361000 1$ 1&
#361250 0*
#362250 1*
#362375 1)
#362750 1! 1" 1(
#363500 0)
#363750 0! 0" 0$ 0% 0& 0(
#364000 0+
#364125 10
#365000 1+
#365250 1)
#365625 1" 1# 1$ 1&
#366375 0) 0-
#366500 0" 0$
#366625 1% 1(
#366875 0*
#367875 1*
#368500 1!
#368750 0*
#369750 1*
#370250 0!
#370375 1"
#370625 0*
#371625 1*
#372250 1!
#372500 0*
#373500 1*
#374625 1) 1-
#374875 0! 0& 1'
#375750 0)
#375875 0" 0' 0(
#376000 1$ 1&
#376250 0*
#377250 1*
#377375 1)
#377625 0$
#377750 1"
#378500 0)
#378750 1! 1$
#379000 0*
#380000 1*
#380250 1)
#380500 0! 0%
#381250 0-
#381375 0)
#381500 0" 0#
#381625 1% 1(
#381875 0*
#382875 1*
#383500 1!
#383750 0*
#384750 1*
#385250 0!
#385375 1"
#385625 0*
#386625 1*
#387250 1!
#387500 0*
#388500 1*
#389625 1) 1-
#389875 0! 0$ 0& 1'
#390000 1#
#390750 0)
#390875 0" 0# 0% 0(
#391250 0*
#392250 1*
#392375 1)
#392750 1! 1" 1$ 1% 1& 1(
#393500 0)
#393750 0! 0" 0$ 0% 0& 0' 0(
#394000 0+
#395000 1+
#395250 1)
#395500 1" 1$ 1&
#395625 1#
#396250 0-
#396375 0)
#396500 0"
#396625 1% 1(
#396875 0*
#397875 1*
#398500 1!
#398750 0*
#399750 1*
#400250 0!
#400375 1"
#400625 0*
#401625 1*
#402250 1!
#402500 0*
#403500 1*
#404625 1) 1-
#404875 0! 0$ 0& 1'
#405750 0)
#405875 0" 0% 0(
#406125 0*
#407250 1*
#407375 1)
#407625 0#
#407750 1! 1" 1$ 1% 1& 1( 0,
#408500 0)
#408750 0! 0" 0$ 0% 0& 0' 0(
#409000 0+
#410000 1+
#410250 1)
#410500 1" 1# 1$ 1&
#410625 1,
#411250 0-
#411375 0)
#411500 0" 0# 0$ 0&
#411625 1' 1(
#411750 0*
#412875 1*
#413500 1!
#413625 0*
#414750 1*
#415250 0!
#415375 1"
#415500 0*
#416625 1*
#417125 1!
#417375 0*
#418500 1*
#419625 1) 1-
#419875 0! 1# 1%
#420625 0)
#420875 0" 0# 0% 0(
#421000 1$
#421125 0*
#422125 1*
#422375 1)
#422750 1! 1" 1# 1% 1& 1(
#423500 0)
#425250 1)
#425500 0! 0% 0' 0(
#426250 0) 0-
#426500 0" 0$ 0& 1' 1(
#426750 0*
#427750 1*
#428375 1!
#428625 0*
#429625 1*
#430250 0!
#430375 1"
#430500 0*
#431500 1*
#432125 1!
#432375 0*
#433375 1*
#434625 1) 1-
#434750 0!
#434875 1%
#435625 0)
#435875 0" 0% 0(
#436000 1$
#436125 0*
#437125 1*
#437375 1)
#437625 0$ 0'
#437750 1! 1" 1% 1&
#438500 0)
#438750 1$
#439000 0+
#440000 1+
#440250 1)
#440375 0!
#440500 0%
#441000 00
#441250 0) 0-
#441500 0" 0# 0& 1' 1(
#441750 0*
#442750 1*
#443375 1!
#443625 0*
#444625 1*
#445250 0! 1"
#445500 0*
#446500 1*
#447125 1!
#447375 0*
#448000 10
#448375 1*
#449500 1)
#449625 1-
#449750 0!
#449875 1# 0$ 1%
#450625 0)
#450875 0" 0# 0(
#451125 0*
#452125 1*
#452375 1)
#452625 0' 1(
#452750 1! 1" 1$ 1&
#453500 0)
#453625 0" 0$ 0% 0& 0(
#454000 0+
#455000 1+
#455125 1)
#455375 0!
#455500 1" 1# 1$ 1&
#456250 0) 0-
#456500 0" 0& 1' 1(
#456750 0*
#457750 1*
#458375 1!
#458625 0*
#459625 1*
#460250 0! 1"
#460500 0*
#461500 1*
#462125 1!
#462375 0*
#463375 1*
#464500 1)
#464625 1-
#464750 0! 0$
#464875 1%
#465625 0)
#465875 0" 0(
#466125 0*
#467125 1*
#467375 1)
#467625 1! 1(
#467750 1" 1$ 1&
#468500 0)
#470125 1)
#470375 0! 0% 0' 0(
#471250 0) 0-
#471500 0" 0# 0$ 1% 0& 1' 1(
#471750 0*
#472750 1*
#473375 1!
#473625 0*
#474625 1*
#475125 0!
#475250 1"
#475500 0*
#476500 1*
#477125 1!
#477375 0*
#478375 1*
#479500 1)
#479625 1-
#479750 0!
#479875 1#
#480625 0)
#480875 0" 0# 1$ 0(
#481125 0*
#482125 1*
#482375 1)
#482625 1! 1" 1& 1(
#483375 0)
#483625 0" 0$ 0% 0& 0' 0(
#484000 0+
#485000 1+
#485125 1)
#485375 0!
#485500 1" 1# 1$ 1&
#486250 0) 0-
#486375 0" 0&
#486500 0$ 1% 1' 1(
#486750 0*
#487750 1*
#488375 1!
#488625 0*
#489625 1*
#490125 0!
#490250 1"
#490500 0*
#491500 1*
#492125 1!
#492375 0*
#493375 1*
#494500 1) 1-
#494750 0!
#495625 0)
#495750 0" 0(
#495875 1$
#496125 0*
#497125 1*
#497375 1)
#497500 0'
#497625 0# 1&
#498375 0)
#498750 1! 1" 1#
#498875 0*
#499875 1*
#500125 1)
#500375 0! 0%
#501125 0-
#501250 0)
#501375 0" 0# 0&
#501500 1% 1' 1(
#501750 0*
#502750 1*
#503375 1!
#503625 0*
#504625 1*
#505125 0!
#505250 1"
#505500 0*
#506500 1*
#507125 1!
#507375 0*
#508375 1*
#509500 1) 1-
#509750 0! 0$
#509875 1#
#510625 0)
#510750 0" 0# 0(
#510875 0% 1&
#511125 0*
#512125 1*
#512250 1)
#512625 1! 1" 1$ 1% 1(
#512750 0,
#513375 0)
#513625 0" 0$ 0% 0& 0' 0(
#513875 0+
#514875 1+
#515125 1)
#515375 0!
#515500 1" 1# 1$ 1& 1,
#516250 0) 0-
#516375 0" 0&
#516500 1% 1' 1(
#516750 0*
#517750 1*
#518375 1!
#518625 0*
#519625 1*
#520125 0!
#520250 1"
#520500 0*
#521500 1*
#522125 1!
#522375 0*
#523375 1*
#524500 1) 1-
#524750 0! 0$
#524875 00
#525625 0)
#525750 0" 0% 0(
#525875 1&
#526125 0*
#527125 1*
#527250 1)
#527625 1! 1" 1$ 1% 1(
#528375 0)
#530125 1)
#530375 0! 0% 0' 0(
#531125 0-
#531250 0)
#531375 0" 0# 0$
#531500 1' 1(
#531750 0*
#531875 10
#532750 1*
#533375 1!
#533625 0*
#534625 1*
#535125 0!
#535250 1"
#535500 0*
#536500 1*
#537125 1!
#537375 0*
#538375 1*
#539500 1) 1-
#539750 0! 0&
#539875 1# 1%
#540625 0)
#540750 0" 0# 0% 0(
#540875 1$ 1&
#541125 0*
#542125 1*
#542250 1)
#542500 0'
#542625 1! 1" 1% 1(
#543375 0)
#543625 0" 0$ 0% 0& 0(
#543875 0+
#544875 1+
#545125 1)
#545375 0! 1$
#545500 1" 1# 1&
#546125 0-
#546250 0)
#546375 0" 0$
#546500 1' 1(
#546750 0*
#547750 1*
#548375 1!
#548625 0*
#549625 1*
#550125 0!
#550250 1"
#550500 0*
#551500 1*
#552125 1!
#552375 0*
#553375 1*
#554500 1) 1-
#554750 0! 0&
#554875 1%
#555625 0)
#555750 0" 0% 0(
#555875 1$ 1&
#556125 0*
#557125 1*
#557250 1)
#557500 0# 0'
#557625 1! 1%
#558375 0)
#558625 1" 1#
#558875 0+
#559875 1+
#560125 1)
#560375 0! 0%
#561125 0-
#561250 0)
#561375 0" 0#
#561500 1' 1(
#561750 0*
#562750 1*
#563375 1!
#563625 0*
#564625 1*
#565125 0!
#565250 1"
#565500 0*
#566500 1*
#567125 1!
#567375 0*
#568375 1*
#569500 1) 1-
#569750 0! 0$ 0&
#569875 1# 1%
#570625 0)
#570750 0" 0# 0(
#570875 1&
#571125 0*
#572125 1*
#572250 1)
#572625 1! 1" 1$ 1(
#573375 0)
#573625 0" 0$ 0% 0& 0' 0(
#573875 0+
#574875 1+
#575125 1)
#575375 0!
#575500 1" 1# 1$ 1&
#576125 0-
#576250 0)
#576375 0"
#576500 1' 1(
#576750 0*
#577750 1*
#578375 1!
#578625 0*
#579625 1*
#580125 0!
#580250 1"
#580500 0*
#581500 1*
#582125 1!
#582375 0*
#583375 1*
#584500 1) 1-
#584750 0! 0$ 0&
#584875 1%
#585625 0)
#585750 0" 0(
#585875 1&
#586125 0*
#587125 1*
#587250 1)
#587500 0#
#587625 1! 1" 1$ 1(
#587750 0,
#588375 0)
#588625 0" 0$ 0% 0& 0' 0(
#588875 0+
#589875 1+
#590125 1)
#590375 0!
#590500 1" 1# 1$ 1& 1,
#591250 0) 0-
#591375 0" 0# 0$
#591500 1% 1' 1(
#591750 0*
#592750 1*
#593375 1!
#593625 0*
#594625 1*
#595125 0!
#595250 1"
#595500 0*
#596500 1*
#597125 1!
#597375 0*
#598375 1*
#599500 1) 1-
#599750 0! 0&
#599875 1#
#600625 0)
#600750 0" 0# 0(
#600875 1$ 1&
#601125 0*
#602125 1*
#602375 1)
#602625 1! 1" 1# 1(
#603375 0)
#605125 1)
#605375 0! 0% 0' 0(
#606250 0) 0-
#606375 0"
#606500 0$ 1% 1' 1(
#606750 0*
#607750 1*
#608375 1!
#608625 0*
#608750 00
#609625 1*
#610125 0!
#610250 1"
#610500 0*
#611500 1*
#612125 1!
#612375 0*
#613375 1*
#614500 1)
#614625 1-
#614750 0! 0&
#615625 0) 10
#615875 0" 1$ 1& 0(
#616125 0*
#617125 1*
#617375 1)
#617625 1" 0# 0'
#618375 0)
#618750 1! 1#
#618875 0*
#620000 1*
#620125 1)
#620375 0! 0%
#621250 0) 0-
#621500 0" 0# 1% 1' 1(
#621750 0*
#622750 1*
#623375 1!
#623625 0*
#624625 1*
#625125 0!
#625250 1"
#625500 0*
#626500 1*
#627125 1!
#627375 0*
#628375 1*
#629500 1)
#629625 1-
#629875 1#
#630625 0)
#631125 0+
#632125 1+
#632375 1)
#632625 0# 0'
#633500 0)
#633625 0! 0$ 0% 0& 0(
#634000 0+
#635000 1+
#635125 1)
#635500 1# 1$ 1&
#636250 0) 0-
#636500 0" 1% 1' 1(
#636750 0*
#637750 1*
#638375 1!
#638625 0*
#639625 1*
#640250 0! 1"
#640500 0*
#641500 1*
#642125 1!
#642375 0*
#643375 1*
#644500 1)
#644625 1-
#644750 0!
#644875 0$ 0&
#645625 0)
#645875 0" 0# 0% 0' 0(
#646125 0*
#647125 1*
#647750 1!
#648000 0*
#649000 1*
#649625 0! 1"
#649875 0*
#650625 1)
#650875 1*
#651000 1# 1% 1' 1(
#651750 0)
#652000 0" 0# 0% 0' 0(
#652250 0*
#653250 1*
#653875 1!
#654125 0*
#655125 1*
#655625 0!
#655750 1"
#656000 0*
#656750 1)
#657000 1*
#657125 1! 1$ 1% 1& 1' 1(
#657875 0)
#658125 0! 0$ 0% 0& 0' 0(
#658375 0+
#659375 1+
#659625 1)
#659875 0" 1$ 1% 1' 1(
#660625 0)
#660875 0% 0' 0(
#661000 1! 1#
#661125 0*
#662125 1*
#662875 1%
#663000 0*
#664125 1*
#664250 1)
#664500 0! 0$
#664625 1' 1(
#665375 0)
#665625 1! 1$ 0% 0' 0(
#665875 0*
#666875 1*
#667125 1)
#667375 0! 0# 1% 1' 1(
#668250 0)
#668375 0% 0' 0(
#668500 1! 1#
#668625 0*
#669750 1*
#670375 1%
#670500 0*
#671625 1*
#671750 1)
#672000 0! 0$
#672125 1' 1(
#672875 0)
#673125 1! 1$ 0% 0' 0(
#673375 0*
#674375 1*
#674625 1)
#674875 0! 0$ 1% 1' 1(
#675000 1"
#675750 0)
#675875 0" 0# 0% 0' 0(
#676125 0*
#677250 1*
#677875 1!
#678125 0*
#679125 1*
#679625 0!
#679750 1"
#680000 0*
#680750 1)
#681000 1' 1( 1*
#681125 1# 1%
#681750 0)
#682000 0" 0# 0% 0' 0(
#682250 0*
#683250 1*
#684000 1!
#684125 0*
#685250 1*
#685750 0!
#685875 1"
#686000 0*
#687250 1)
#687500 1*
#688125 1! 1$ 1% 1& 1' 1( 0,
#688875 0)
#689000 0! 0$ 0% 0& 0' 0(
#689375 0+
#690375 1+
#691000 1)
#691250 0"
#691375 1$ 1% 1' 1( 1,
#692125 0)
#692625 00
#692750 0% 0' 0(
#692875 1! 1#
#693125 0*
#694125 1*
#694750 1%
#695000 0*
#696000 1*
#696250 1)
#696375 0!
#696500 0$ 1' 1(
#697250 0)
#697500 1! 0% 0' 0(
#697625 1$
#697750 0*
#698750 1*
#699000 1)
#699250 0! 0#
#699375 1% 1' 1(
#699500 10
#700125 0)
#700250 0% 0' 0(
#700375 1! 1#
#700625 0*
#701625 1*
#702250 1%
#702500 0*
#703500 1*
#703750 1)
#703875 0!
#704000 0$ 1' 1(
#704750 0)
#705000 1! 0% 0' 0(
#705125 1$
#705250 0*
#706250 1*
#706500 1)
#706750 0! 0$
#706875 1" 1% 1' 1(
#707625 0)
#707750 0(
#707875 0" 0# 0% 0'
#708125 0*
#709125 1*
#709750 1!
#710000 0*
#711000 1*
#711500 0!
#711625 1"
#711875 0*
#712625 1)
#712875 1*
#713000 1# 1% 1' 1(
#713750 0)
#713875 0# 0% 0' 0(
#714000 0"
#714250 0*
#715250 1*
#715875 1!
#716125 0*
#717125 1*
#717625 0!
#717750 1"
#718000 0*
#718750 1)
#719000 1! 1( 1*
#719125 1$ 1% 1&
#719875 0)
#720000 0! 0$ 0% 0& 0(
#720375 0+
#721375 1+
#721500 1)
#721750 0"
#721875 1$ 1% 1' 1(
#722625 0)
#722875 1! 1# 0% 0' 0(
#723125 0*
#724125 1*
#724750 1%
#725000 0*
#726000 1*
#726250 1)
#726500 0! 0$ 1' 1(
#727375 0)
#727500 0% 0' 0(
#727625 1! 1$
#727875 0*
#728875 1*
#729000 1)
#729250 0! 0#
#729375 1% 1' 1(
#730125 0)
#730375 1! 1# 0% 0' 0(
#730625 0*
#731625 1*
#732250 1%
#732500 0*
#733500 1*
#733750 1)
#734000 0! 0$ 1' 1(
#734875 0)
#735000 0% 0' 0(
#735125 1! 1$
#735375 0*
#736375 1*
#736500 1)
#736750 0! 0$
#736875 1" 1% 1' 1(
#737625 0)
#737875 0" 0# 0% 0' 0(
#738125 0*
#739125 1*
#739750 1!
#740000 0*
#741000 1*
#741625 0! 1"
#741875 0*
#742625 1)
#742875 1*
#743000 1# 1% 1' 1(
#743750 0)
#744000 0" 0# 0% 0' 0(
#744250 0*
#745250 1*
#745875 1!
#746125 0*
#747125 1*
#747625 0!
#747750 1"
#748000 0*
#748750 1)
#749000 1*
#749125 1! 1$ 1% 1& 1' 1(
#749875 0)
#750125 0! 0$ 0% 0& 0' 0(
#750375 0+
#751375 1+
#751625 1)
#751875 0" 1$ 1% 1' 1(
#752625 0)
#752875 0% 0' 0(
#753000 1! 1#
#753125 0*
#754125 1*
#754875 1%
#755000 0*
#756000 1*
#756250 1)
#756500 0! 0$
#756625 1' 1(
#757375 0)
#757500 0' 0(
#757625 1! 1$ 0%
#757875 0*
#758875 1*
#759125 1)
#759250 0!
#759375 0# 1% 1' 1(
#760125 0)
#760375 0% 0' 0(
#760500 1! 1#
#760625 0*
#761750 1*
#762375 1%
#762500 0*
#763625 1*
#763750 1)
#764000 0! 0$
#764125 1' 1(
#764875 0)
#765125 1! 1$ 0% 0' 0(
#765375 0*
#766375 1*
#766625 1)
#776375 00
#781875 0# 1% 1& 1' 1(
#782000 1" 0,
#782750 0)
#782875 0! 0$ 0% 0& 0' 0(
#783250 0+
#783375 10
#784250 1+
#784375 1)
#785625 1! 1$ 1% 1& 1' 1(
#785750 1# 1,
#786500 0)
#788125 1)
#791250 0! 0$ 0&
#792125 0)
#792250 0" 0# 0% 0' 0(
#792500 0*
#793625 1*
#793750 1)
#794125 1! 1" 1# 1$ 1% 1& 1' 1(
#794875 0)
#796625 1)
#797750 0)
#798250 0+
#799250 1+
#800125 0+
#801125 1+
#802000 0+
#803000 1+
#803875 0+
#804875 1+
#806000 1)
#806250 0! 0$ 0&
#807125 0)
#807250 0" 0% 0' 0(
#807500 0*
#808625 1*
#808750 1)
#809125 1! 1" 1$ 1% 1& 1' 1(
#809875 0)
#811625 1)
#811875 0% 0' 0(
#812625 0) 0-
#812875 0! 0" 0# 0$ 0&
#813125 0*
#814250 1*
#814875 1!
#815000 0*
#816125 1*
#816625 0!
#816750 1"
#816875 0*
#818000 1*
#818500 1!
#818750 0*
#819875 1*
#821000 1) 1-
#821125 0!
#821250 1# 1% 1' 1(
#822000 0)
#822250 0" 0# 0% 0' 0(
#822375 1$
#822500 0*
#823625 1*
#823750 1)
#824125 1! 1" 1% 1& 1(
#824875 0)
#825125 0$ 0% 0& 0(
#825375 0+
#826375 1+
#826625 1)
#826875 1# 1$ 1&
#827625 0) 0-
#827875 0! 0" 0$ 0&
#828125 0*
#829125 1*
#829750 1!
#830000 0*
#831000 1*
#831625 0!
#831750 1"
#831875 0*
#832875 1*
#833500 1!
#833750 0*
#834750 1*
#836000 1) 1-
#836125 0!
#836250 1% 1' 1(
#837000 0)
#837250 0" 0% 0' 0(
#837375 1$
#837500 0*
#838500 1*
#838750 1)
#839000 0#
#839125 1! 1" 1% 1&
#839875 0)
#840125 1#
#840375 0+
#841375 1+
#841625 1)
#841875 0%
#842625 0) 0-
#842875 0! 0" 0# 0&
#843125 0*
#844125 1*
#844750 1!
#845000 0*
#846000 1*
#846625 0! 1"
#846875 0*
#847875 1*
#848500 1!
#848750 0*
#849750 1*
#851000 1) 1-
#851125 0!
#851250 1# 0$ 1% 1' 1(
#852000 0)
#852250 0" 0# 0' 0(
#852500 0*
#853500 1*
#853750 1)
#854125 1! 1" 1$ 1& 1' 1(
#854875 0)
#855000 0$ 0& 0' 0(
#855125 0%
#855375 0+
#856375 1+
#856500 1)
#856875 1# 1$ 1&
#857625 0) 0-
#857875 0! 0" 0&
#858125 0*
#859125 1*
#859750 1!
#860000 0*
#860250 00
#861000 1*
#861625 0! 1"
#861875 0*
#862875 1*
#863500 1!
#863750 0*
#864750 1*
#865875 1)
#866000 1-
#866125 0! 0$
#866250 1% 1' 1(
#867000 0)
#867250 0" 0' 0( 10
#867500 0*
#868500 1*
#868750 1)
#869000 1! 0# 1& 1' 1(
#869125 1" 1$ 0,
#869875 0)
#870000 0$ 0% 0& 0' 0(
#870375 0+
#871375 1+
#871500 1)
#871875 1# 1$ 1& 1,
#872625 0) 0-
#872875 0! 0" 0# 0$ 1% 0&
#873125 0*
#874125 1*
#874750 1!
#875000 0*
#876000 1*
#876500 0!
#876625 1"
#876875 0*
#877875 1*
#878500 1!
#878750 0*
#879750 1*
#880875 1)
#881000 1-
#881125 0!
#881250 1# 1' 1(
#882000 0)
#882125 0(
#882250 0" 0# 1$ 0'
#882500 0*
#883500 1*
#883750 1)
#884000 1! 1" 1# 1& 1' 1(
#884875 0)
#886500 1)
#886750 0% 0' 0(
#887625 0) 0-
#887750 0!
#887875 0" 0$ 1% 0&
#888125 0*
#889125 1*
#889750 1!
#890000 0*
#891000 1*
#891500 0!
#891625 1"
#891875 0*
#892875 1*
#893500 1!
#893750 0*
#894750 1*
#895875 1) 1-
#896125 0!
#896250 1' 1(
#897000 0)
#897125 0' 0(
#897250 0" 1$
#897500 0*
#898500 1*
#898750 1)
#899000 1&
#899750 0)
#900000 1!
#900125 1"
#900250 0*
#901250 1*
#901500 1)
#901750 0%
#902625 0) 0-
#902750 0! 0" 0&
#902875 0# 1%
#903125 0*
#904125 1*
#904750 1!
#905000 0*
#906000 1*
#906500 0!
#906625 1"
#906875 0*
#907875 1*
#908500 1!
#908750 0*
#909750 1*
#910875 1) 1-
#911125 0! 0$ 1' 1(
#911250 1#
#912000 0)
#912125 0" 0# 0% 0' 0(
#912250 1&
#912500 0*
#913500 1*
#913625 1)
#914000 1! 1" 1$ 1% 1(
#914750 0)
#915000 0$ 0% 0& 0(
#915250 0+
#916250 1+
#916500 1)
#916875 1# 1$ 1&
#917500 0-
#917625 0)
#917750 0! 0" 0&
#917875 1%
#918125 0*
#919125 1*
#919750 1!
#920000 0*
#921000 1*
#921500 0!
#921625 1"
#921875 0*
#922875 1*
#923500 1!
#923750 0*
#924750 1*
#925875 1) 1-
#926125 0! 0$ 1' 1(
#927000 0)
#927125 0" 0% 0' 0(
#927250 1&
#927500 0*
#928500 1*
#928625 1)
#929000 1! 1" 1$ 1% 1' 1(
#929750 0)
#931500 1)
#931750 0% 0' 0(
#932500 0-
#932625 0)
#932750 0! 0" 0# 0$
#933000 0*
#934125 1*
#934750 1!
#935000 0*
#936000 1*
#936500 0!
#936625 1"
#936750 0*
#937875 1*
#938500 1!
#938625 0*
#939750 1*
#940875 1) 1-
#941125 0! 1# 1% 0& 1' 1(
#942000 0)
#942125 0" 0# 0% 0' 0(
#942250 1$ 1&
#942375 0*
#943500 1*
#943625 1)
#944000 1! 1" 1% 1' 1(
#944125 00
#944750 0)
#945000 0$ 0% 0& 0' 0(
#945250 0+
#946250 1+
#946500 1)
#946750 1# 1$ 1&
#947500 0) 0-
#947750 0! 0" 0$
#948000 0*
#949125 1*
#949750 1!
#949875 0*
#951000 1*
#951125 10
#951500 0!
#951625 1"
#951750 0*
#952875 1*
#953375 1!
#953625 0*
#954750 1*
#955875 1) 1-
#956125 0! 1% 0& 1' 1(
#956875 0)
#957125 0" 0% 0' 0(
#957250 1$ 1&
#957375 0*
#958500 1*
#958625 1)
#959000 1! 1%
#959750 0)
#960000 1"
#960250 0+
#961250 1+
#961500 1)
#961750 0%
#962500 0) 0-
#962750 0! 0" 0#
#963000 0*
#964000 1*
#964625 1!
#964875 0*
#965875 1*
#966500 0!
#966625 1"
#966750 0*
#967750 1*
#968375 1!
#968625 0*
#969625 1*
#970875 1) 1-
#971125 0! 1# 0$ 1% 0& 1' 1(
#971875 0)
#972125 0" 0# 1& 0' 0(
#972375 0*
#973375 1*
#973625 1)
#974000 1! 1" 1$ 1' 1( 0,
#974750 0)
#975000 0$ 0% 0& 0' 0(
#975250 0+
#976250 1+
#976500 1)
#976750 1# 1$ 1&
#976875 1,
#977500 0) 0-
#977750 0! 0"
#978000 0*
#979000 1*
#979625 1!
#979875 0*
#980875 1*
#981500 0!
#981625 1"
#981750 0*
#982750 1*
#983375 1!
#983625 0*
#984625 1*
#985875 1) 1-
#986125 0! 0$ 1% 0& 1' 1(
#986875 0)
#987125 0" 0' 0(
#987250 1&
#987375 0*
#988375 1*
#988625 1)
#989000 1! 1" 1$ 1' 1(
#989750 0)
#991500 1)
#991750 0% 0' 0(
#992500 0) 0-
#992750 0! 0" 0# 0$
#992875 1%
#993000 0*
#994000 1*
#994625 1!
#994875 0*
#995875 1*
#996500 0!
#996625 1"
#996750 0*
#997750 1*
#998375 1!
#998625 0*
#999750 1*
#1000875 1) 1-
#1001125 0! 1# 0& 1' 1(
#1001875 0)
#1002125 0" 0# 0' 0(
#1002250 1$ 1&
#1002375 0*
#1003500 1*
#1003625 1)
#1004000 1! 1" 1(
#1004750 0)
#1005000 0! 0" 1# 0$ 0% 0& 0(
#1005250 0+
#1006250 1+
#1006500 1)
#1006750 1! 1" 1$ 1&
#1007500 0) 0-
#1007750 0! 0" 0$
#1007875 1%
#1008000 0*
#1009125 1*
#1009750 1!
#1009875 0*
#1011000 1*
#1011500 0!
#1011625 1"
#1011750 0*
#1012875 1*
#1013500 1!
#1013625 0*
#1014750 1*
#1015875 1) 1-
#1016125 0! 0& 1' 1(
#1017000 0)
#1017125 0" 0' 0(
#1017250 1$ 1&
#1017375 0*
#1018500 1*
#1018625 1)
#1019000 1"
#1019750 0)
#1020000 1!
#1020250 0*
#1021250 1*
#1021500 1)
#1021750 0%
#1022500 0-
#1022625 0)
#1022750 0! 0" 0#
#1022875 1%
#1023000 0*
#1024125 1*
#1024750 1!
#1025000 0*
#1026000 1*
#1026500 0!
#1026625 1"
#1026875 0*
#1027875 1*
#1028000 00
#1028500 1!
#1028750 0*
#1029750 1*
#1030875 1) 1-
#1031125 0! 0$ 0& 1' 1(
#1031250 1#
#1032000 0)
#1032125 0" 0# 0% 0(
#1032500 0*
#1033500 1*
#1033625 1)
#1034000 1! 1" 1$ 1% 1& 1(
#1034750 0)
#1034875 10
#1035000 0! 0" 1# 0$ 0% 0& 0' 0(
#1035250 0+
#1036250 1+
#1036500 1)
#1036750 1! 1"
#1036875 1$ 1&
#1037500 0-
#1037625 0)
#1037750 0! 0"
#1037875 1%
#1038125 0*
#1039125 1*
#1039750 1!
#1040000 0*
#1041000 1*
#1041500 0!
#1041625 1"
#1041875 0*
#1042875 1*
#1043500 1!
#1043750 0*
#1044750 1*
#1045875 1) 1-
#1046125 0! 0$ 0& 1' 1(
#1047000 0)
#1047125 0" 0% 0(
#1047500 0*
#1048500 1*
#1048625 1)
#1048875 0#
#1049000 1! 1" 1$ 1% 1& 1(
#1049125 0,
#1049750 0)
#1050000 0! 0" 1# 0$ 0% 0& 0' 0(
#1050250 0+
#1051250 1+
#1051500 1)
#1051875 1! 1" 1$ 1& 1,
#1052625 0) 0-
#1052750 0! 0" 0# 0$ 0&
#1052875 1'
#1053125 0*
#1054125 1*
#1054750 1!
#1055000 0*
#1056000 1*
#1056500 0!
#1056625 1"
#1056875 0*
#1057875 1*
#1058500 1!
#1058750 0*
#1059750 1*
#1060875 1)
#1061000 1-
#1061125 0!
#1061250 1# 1% 1(
#1062000 0)
#1062125 0(
#1062250 0" 0# 1$ 0%
#1062500 0*
#1063500 1*
#1063750 1)
#1064000 1! 1" 1# 1% 1& 1(
#1064875 0)
#1066500 1)
#1066750 0% 0' 0(
#1067625 0) 0-
#1067750 0!
#1067875 0" 0$ 0& 1'
#1068125 0*
#1069125 1*
#1069750 1!
#1070000 0*
#1071000 1*
#1071500 0!
#1071625 1"
#1071875 0*
#1072875 1*
#1073500 1!
#1073750 0*
#1074750 1*
#1075875 1)
#1076000 1-
#1076125 0!
#1076250 1% 1(
#1077000 0)
#1077250 0" 1$ 0% 0(
#1077500 0*
#1078500 1*
#1078750 1)
#1079000 1! 1" 0'
#1079125 1% 1&
#1079875 0)
#1080375 0+
#1081375 1+
#1081500 1)
#1081750 0%
#1082625 0) 0-
#1082875 0! 0" 0# 0& 1'
#1083125 0*
#1084125 1*
#1084750 1!
#1085000 0*
#1086000 1*
#1086625 0! 1"
#1086875 0*
#1087875 1*
#1088500 1!
#1088750 0*
#1089750 1*
#1090875 1)
#1091000 1-
#1091125 0!
#1091250 1# 0$ 1% 1(
#1092000 0)
#1092250 0" 0# 0(
#1092500 0*
#1093500 1*
#1093750 1)
#1094000 0'
#1094125 1! 1" 1$ 1& 1(
#1094875 0)
#1095000 0! 0(
#1095125 0" 1# 0$ 0% 0&
#1095375 0+
#1096375 1+
#1096625 1)
#1096875 1! 1" 1$ 1&
#1097625 0) 0-
#1097875 0! 0" 0& 1'
#1098125 0*
#1099125 1*
#1099750 1!
#1100000 0*
#1101000 1*
#1101625 0!
#1101750 1"
#1101875 0*
#1102875 1*
#1103500 1!
#1103750 0*
#1104750 1*
#1106000 1) 1-
#1106250 0! 0$ 1% 1(
#1107000 0)
#1107250 0" 0(
#1107500 0*
#1108500 1*
#1108750 1)
#1109125 1! 1" 1$ 1& 1(
#1109875 0)
#1111625 1)
#1111875 0% 0' 0( 00
#1112625 0-
#1112750 0)
#1112875 0! 0" 0# 0$ 0&
#1113000 1% 1'
#1113125 0*
#1114250 1*
#1114875 1!
#1115000 0*
#1116125 1*
#1116625 0!
#1116750 1"
#1116875 0*
#1118000 1*
#1118625 1!
#1118750 0* 10
#1119875 1*
#1121000 1) 1-
#1121250 0! 1# 1(
#1122125 0)
#1122250 0" 0# 0(
#1122375 1$
#1122625 0*
#1123625 1*
#1123750 1)
#1124125 1! 1" 1& 1(
#1124875 0)
#1125125 0! 0" 1# 0$ 0% 0& 0' 0(
#1125375 0+
#1126375 1+
#1126625 1)
#1126875 1!
#1127000 1" 1$ 1&
#1127625 0-
#1127750 0)
#1127875 0! 0" 0$ 0&
#1128000 1% 1'
#1128250 0*
#1129250 1*
#1129875 1!
#1130125 0*
#1131125 1*
#1131625 0!
#1131750 1"
#1132000 0*
#1133000 1*
#1133625 1!
#1133875 0*
#1134875 1*
#1136000 1) 1-
#1136250 0! 1(
#1137125 0)
#1137250 0" 0(
#1137375 1$
#1137625 0*
#1138625 1*
#1138750 1)
#1139000 0# 0$ 0%
#1139875 0)
#1140250 1! 1" 1# 1$ 1% 1&
#1140375 0*
#1141375 1*
#1141625 1)
#1141875 0% 0'
#1142750 0) 0-
#1142875 0! 0" 0#
#1143000 1% 0& 1'
#1143250 0*
#1144250 1*
#1144875 1!
#1145125 0*
#1146125 1*
#1146625 0!
#1146750 1"
#1147000 0*
#1148000 1*
#1148625 1!
#1148875 0*
#1149875 1*
#1151000 1)
#1151125 1-
#1151250 0! 0$
#1151375 1# 1(
#1152125 0)
#1152250 0(
#1152375 0" 0# 0% 1&
#1152625 0*
#1153625 1*
#1153875 1)
#1154125 1! 1" 1$ 1% 1(
#1154250 0,
#1155000 0)
#1155125 0! 0" 0$ 0% 0& 0' 0(
#1155250 1#
#1155500 0+
#1156500 1+
#1156625 1)
#1157000 1! 1" 1$ 1& 1,
#1157750 0) 0-
#1157875 0!
#1158000 0" 1% 0& 1'
#1158250 0*
#1159250 1*
#1159875 1!
#1160125 0*
#1161125 1*
#1161625 0!
#1161750 1"
#1162000 0*
#1163000 1*
#1163625 1!
#1163875 0*
#1164875 1*
#1166000 1)
#1166125 1-
#1166250 0! 0$
#1166375 1(
#1167125 0)
#1167375 0" 0% 1& 0(
#1167625 0*
#1168625 1*
#1168875 1)
#1169125 1(
#1169250 1! 1" 1$ 1%
#1170000 0)
#1171625 1)
#1171875 0% 0(
#1172000 0'
#1172750 0) 0-
#1173000 0! 0" 0# 0$ 1'
#1173250 0*
#1174250 1*
#1174875 1!
#1175125 0*
#1176125 1*
#1176750 0! 1"
#1177000 0*
#1178000 1*
#1178625 1!
#1178875 0*
#1179875 1*
#1181000 1)
#1181125 1-
#1181250 0! 0&
#1181375 1# 1% 1(
#1182125 0)
#1182375 0" 0# 1$ 0% 1& 0(
#1182625 0*
#1183625 1*
#1183875 1)
#1184125 0'
#1184250 1! 1" 1% 1(
#1185000 0)
#1185125 0% 0& 0(
#1185250 0" 1# 0$
#1185500 0+
#1186500 1+
#1186625 1)
#1187000 1" 1$ 1&
#1187750 0) 0-
#1188000 0! 0" 0$ 1'
#1188250 0*
#1189250 1*
#1189875 1!
#1190125 0*
#1191125 1*
#1191750 0! 1"
#1192000 0*
#1193000 1*
#1193625 1!
#1193875 0*
#1194875 1*
#1195625 00
#1196125 1) 1-
#1196250 0!
#1196375 1% 0& 1(
#1197125 0)
#1197375 0" 0% 1& 0(
#1197500 1$
#1197625 0*
#1198625 1*
#1198875 1)
#1199125 0# 0$ 0&
#1199250 1!
#1200000 0)
#1200250 1" 1# 1$ 1% 1&
#1200500 0+
#1201500 1+
#1201625 1)
#1202000 0% 0'
#1202625 10
#1202750 0) 0-
#1203000 0! 0" 0# 1'
#1203250 0*
#1204250 1*
#1204875 1!
#1205125 0*
#1206125 1*
#1206750 0!
#1206875 1"
#1207000 0*
#1208000 1*
#1208625 1!
#1208875 0*
#1209875 1*
#1211125 1) 1-
#1211250 0!
#1211375 1# 0$ 1% 0& 1(
#1212125 0)
#1212375 0" 0# 1& 0(
#1212625 0*
#1213625 1*
#1213875 1)
#1214250 1! 1" 1$ 1(
#1215000 0)
#1215125 0(
#1215250 0" 1# 0$ 0% 0& 0'
#1215500 0+
#1216500 1+
#1216750 1)
#1217000 1" 1$ 1&
#1217750 0) 0-
#1218000 0! 0" 1'
#1218250 0*
#1219250 1*
#1219875 1!
#1220125 0*
#1221125 1*
#1221750 0! 1"
#1222000 0*
#1223000 1*
#1223625 1!
#1223875 0*
#1224875 1*
#1226125 1) 1-
#1226250 0!
#1226375 0$ 1% 0& 1(
#1227125 0)
#1227375 0" 1& 0(
#1227625 0*
#1228625 1*
#1228875 1)
#1229125 0#
#1229250 1! 1" 1$ 1( 0,
#1230000 0)
#1230125 0(
#1230250 0" 1# 0$ 0% 0& 0'
#1230500 0+
#1231500 1+
#1231625 1)
#1232000 1" 1$ 1&
#1232125 1,
#1232750 0) 0-
#1233000 0! 0" 0# 0$ 1% 1'
#1233250 0*
#1234250 1*
#1234875 1!
#1235125 0*
#1236125 1*
#1236750 0! 1"
#1237000 0*
#1238000 1*
#1238625 1!
#1238875 0*
#1239875 1*
#1241125 1) 1-
#1241250 0!
#1241375 1# 0& 1(
#1242125 0)
#1242375 0" 0# 1$ 1& 0(
#1242625 0*
#1243625 1*
#1243875 1)
#1244250 1! 1" 1# 1(
#1245000 0)
#1246625 1)
#1247000 0% 0' 0(
#1247750 0) 0-
#1248000 0! 0" 0$ 1% 1'
#1248250 0*
#1249250 1*
#1249875 1!
#1250125 0*
#1251125 1*
#1251750 0! 1"
#1252000 0*
#1253000 1*
#1253625 1!
#1253875 0*
#1254875 1*
#1256000 1)
#1256125 1-
#1256250 0!
#1256375 0& 1(
#1257125 0)
#1257375 0" 1$ 1& 0(
#1257625 0*
#1258625 1*
#1258875 1)
#1259125 0# 0$ 0% 0&
#1259250 1"
#1260000 0)
#1260250 1! 1# 1$ 1% 1&
#1260500 0*
#1261500 1*
#1261625 1)
#1261875 0% 0'
#1262750 0) 0-
#1263000 0! 0" 0# 1% 1'
#1263250 0*
#1264250 1*
#1264875 1!
#1265125 0*
#1266125 1*
#1266750 0! 1"
#1267000 0*
#1268000 1*
#1268625 1!
#1268875 0*
#1269875 1*
#1271000 1)
#1271125 1-
#1271375 1# 1(
#1272125 0)
#1272625 0+
#1273625 1+
#1273875 1)
#1274125 0# 0'
#1275000 0)
#1275125 0" 0$ 0% 0& 0(
#1275250 1#
#1275500 0+
#1276500 1+
#1276625 1)
#1277000 1" 1$ 1&
#1277750 0) 0-
#1278000 0! 0" 1% 1'
#1278250 0*
#1279250 1*
#1279500 00
#1279875 1!
#1280125 0*
#1281125 1*
#1281625 0!
#1281750 1"
#1282000 0*
#1283000 1*
#1283625 1!
#1283875 0*
#1284875 1*
#1286000 1)
#1286125 1-
#1286250 0! 0$ 0&
#1286375 1(
#1286500 10
#1287125 0)
#1287250 0(
#1287375 0" 0# 0% 0'
#1287625 0*
#1288625 1*
#1289250 1!
#1289500 0*
#1290500 1*
#1291000 0!
#1291125 1"
#1291375 0*
#1292125 1)
#1292375 1*
#1292500 1# 1% 1' 1(
#1293250 0)
#1293375 0" 0# 0% 0' 0(
#1293750 0*
#1294750 1*
#1295375 1!
#1295625 0*
#1296625 1*
#1297125 0!
#1297250 1"
#1297500 0*
#1298250 1)
#1298500 1! 1$ 1% 1& 1' 1( 1*
#1299250 0)
#1299500 0" 0$ 0% 0& 0' 0(
#1299625 1#
#1299750 0+
#1300875 1+
#1301000 1)
#1301250 0! 0#
#1301375 1$ 1% 1' 1(
#1302125 0)
#1302250 0% 0' 0(
#1302375 1" 1#
#1302625 0*
#1303625 1*
#1304250 1%
#1304500 0*
#1305500 1*
#1305750 1)
#1305875 0"
#1306000 0$ 1' 1(
#1306750 0)
#1307000 1" 1$ 0% 0' 0(
#1307250 0*
#1308250 1*
#1308500 1)
#1308750 0" 0# 1' 1(
#1308875 1%
#1309625 0)
#1309750 0% 0' 0(
#1309875 1" 1#
#1310125 0*
#1311125 1*
#1311750 1%
#1312000 0*
#1313000 1*
#1313125 1)
#1313375 0"
#1313500 0$ 1' 1(
#1314250 0)
#1314500 1" 1$ 0% 0' 0(
#1314750 0*
#1315750 1*
#1316000 1)
#1316250 0$ 1' 1(
#1316375 1%
#1317125 0)
#1317250 0" 0# 0% 0' 0(
#1317625 0*
#1318625 1*
#1319250 1!
#1319500 0*
#1320500 1*
#1321000 0!
#1321125 1"
#1321375 0*
#1322125 1)
#1322375 1' 1( 1*
#1322500 1# 1%
#1323250 0)
#1323375 0" 0# 0% 0' 0(
#1323625 0*
#1324625 1*
#1325250 1!
#1325500 0*
#1326500 1*
#1327125 0!
#1327250 1"
#1327375 0*
#1328625 1)
#1328875 1*
#1329375 1! 1' 1(
#1329500 1$ 1% 1& 0,
#1330250 0)
#1330375 0" 0$ 0% 0& 0' 0(
#1330500 1#
#1330750 0+
#1331750 1+
#1332375 1)
#1332625 0! 0#
#1332750 1$ 1% 1' 1( 1,
#1333500 0)
#1334125 0% 0' 0(
#1334250 1" 1#
#1334500 0*
#1335500 1*
#1336125 1%
#1336250 0*
#1337375 1*
#1337500 1)
#1337750 0" 0$
#1337875 1' 1(
#1338625 0)
#1338875 1" 1$ 0% 0' 0(
#1339125 0*
#1340125 1*
#1340375 1)
#1340625 0" 0# 1% 1' 1(
#1341500 0)
#1341625 0% 0' 0(
#1341750 1" 1#
#1341875 0*
#1343000 1*
#1343625 1%
#1343750 0*
#1344875 1*
#1345000 1)
#1345250 0" 0$
#1345375 1' 1(
#1346125 0)
#1346375 1" 1$ 0% 0' 0(
#1346625 0*
#1347625 1*
#1347875 1)
#1348125 0$ 1% 1' 1(
#1349000 0)
#1349125 0" 0# 0% 0' 0(
#1349375 0*
#1350500 1*
#1351125 1!
#1351250 0*
#1352375 1*
#1352875 0!
#1353000 1"
#1353125 0*
#1353875 1)
#1354125 1*
#1354250 1# 1% 1' 1(
#1355000 0)
#1355250 0" 0# 0% 0' 0(
#1355500 0*
#1356500 1*
#1357125 1!
#1357375 0*
#1358375 1*
#1359000 0! 1"
#1359250 0*
#1360000 1)
#1360250 1*
#1360375 1! 1$ 1% 1& 1(
#1361125 0)
#1361250 0(
#1361375 0! 1# 0$ 0% 0&
#1361625 0+
#1362625 1+
#1362875 1)
#1363000 0#
#1363125 0" 1$ 1% 1' 1(
#1363375 00
#1363875 0)
#1364125 0% 0' 0(
#1364250 1" 1#
#1364375 0*
#1365375 1*
#1366000 1%
#1366250 0*
#1367250 1*
#1367500 1)
#1367750 0" 0$
#1367875 1' 1(
#1368625 0)
#1368750 0' 0(
#1368875 1" 1$ 0%
#1369125 0*
#1370125 1*
#1370250 10
#1370375 1)
#1370500 0"
#1370625 0# 1% 1' 1(
#1371375 0)
#1371625 1" 1# 0% 0' 0(
#1371875 0*
#1372875 1*
#1373500 1%
#1373750 0*
#1374750 1*
#1375000 1)
#1375250 0" 0$ 1(
#1375375 1'
#1376125 0)
#1376250 0' 0(
#1376375 1" 1$ 0%
#1376625 0*
#1377625 1*
#1377750 1)
#1378000 0$
#1378125 1% 1' 1(
#1378875 0)
#1379125 0" 0# 0% 0' 0(
#1379375 0*
#1380375 1*
#1381000 1!
#1381250 0*
#1382250 1*
#1382875 0! 1"
#1383125 0*
#1383875 1)
#1384125 1*
#1384250 1# 1% 1' 1(
#1385000 0)
#1385250 0" 0# 0% 0' 0(
#1385500 0*
#1386500 1*
#1387125 1!
#1387375 0*
#1388375 1*
#1388875 0!
#1389000 1"
#1389250 0*
#1390000 1)
#1390250 1*
#1390375 1! 1$ 1% 1& 1' 1(
#1391125 0)
#1391250 0% 0& 0' 0(
#1391375 0! 1# 0$
#1391625 0+
#1392625 1+
#1392750 1)
#1393000 0" 0#
#1393125 1$ 1% 1' 1(
#1393875 0)
#1394125 1" 1# 0% 0' 0(
#1394375 0*
#1395375 1*
#1396000 1%
#1396250 0*
#1397250 1*
#1397500 1)
#1397750 0" 0$ 1(
#1397875 1'
#1398625 0)
#1398750 0% 0' 0(
#1398875 1" 1$
#1399125 0*
#1400125 1*
#1400250 1)
#1400500 0" 0#
#1400625 1% 1' 1(
#1401375 0)
#1401625 1" 1# 0% 0' 0(
#1401875 0*
#1402875 1*
#1403500 1%
#1403750 0*
#1404750 1*
#1405000 1)
#1405250 0" 0$ 1(
#1405375 1'
#1406125 0)
#1406250 0% 0' 0(
#1406375 1" 1$
#1406625 0*
#1407625 1*
#1407750 1)
#1423000 0#
#1423125 1! 1% 1& 1' 1(
#1423250 0,
#1423875 0)
#1424125 0! 1# 0$ 0% 0& 0' 0(
#1424375 0+
#1425375 1+
#1425625 1)
#1426875 1! 1$ 1% 1& 1' 1(
#1427000 1,
#1427625 0)
#1429375 1)
#1432375 0!
#1432500 0$ 0&
#1433250 0)
#1433500 0" 0# 0% 0' 0(
#1433750 0*
#1434750 1*
#1435000 1)
#1435375 1! 1" 1# 1$ 1% 1& 1' 1(
#1436125 0)
#1437875 1)
#1438875 0)
#1439375 0+
#1440375 1+
#1441250 0+
#1442375 1+
#1443125 0+
#1444125 1+
#1445000 0+
#1446000 1+
#1447250 1) 00
#1447500 0! 0$ 0&
#1448250 0)
#1448500 0" 0% 0' 0(
#1448750 0*
#1449750 1*
#1450000 1)
#1450375 1! 1" 1$ 1% 1& 1' 1(
#1451125 0)
#1452875 1)
#1453125 0% 0' 0(
#1453875 0) 0-
#1454125 0! 0" 0# 0$ 0& 1( 10
#1454375 0*
#1455375 1*
#1456000 1!
#1456250 0*
#1457250 1*
#1457875 0!
#1458000 1"
#1458125 0*
#1459125 1*
#1459750 1!
#1460000 0*
#1461000 1*
#1462250 1) 1-
#1462375 0!
#1462500 1# 1% 1'
#1463250 0)
#1463500 0" 0# 0% 0' 0(
#1463625 1$
#1463750 0*
#1464875 1*
#1465000 1)
#1465375 1! 1" 1% 1& 1(
#1466125 0)
#1466375 0! 1# 0$ 0% 0& 0(
#1466625 0+
#1467625 1+
#1467875 1)
#1468125 1! 1$ 1&
#1468875 0) 0-
#1469125 0! 0" 0$ 0&
#1469250 1(
#1469375 0*
#1470500 1*
#1471125 1!
#1471250 0*
#1472375 1*
#1472875 0!
#1473000 1"
#1473125 0*
#1474250 1*
#1474875 1!
#1475000 0*
#1476125 1*
#1477250 1) 1-
#1477500 0! 1% 1'
#1478375 0)
#1478500 0" 0% 0' 0(
#1478625 1$
#1478750 0*
#1479875 1*
#1480000 1)
#1480250 0# 0$
#1480375 1! 1" 1'
#1481125 0)
#1481375 1# 1$ 1% 1&
#1481625 0+
#1482625 1+
#1482875 1)
#1483125 0% 0'
#1483875 0-
#1484000 0)
#1484125 0! 0" 0# 0&
#1484250 1(
#1484500 0*
#1485500 1*
#1486125 1!
#1486375 0*
#1487375 1*
#1487875 0!
#1488000 1"
#1488250 0*
#1489250 1*
#1489875 1!
#1490125 0*
#1491125 1*
#1492250 1) 1-
#1492500 0! 0$ 1'
#1492625 1# 1%
#1493375 0)
#1493500 0" 0# 0' 0(
#1493875 0*
#1494875 1*
#1495000 1)
#1495375 1! 1" 1$ 1& 1' 1(
#1496125 0)
#1496375 0! 1# 0$ 0% 0& 0' 0(
#1496625 0+
#1497625 1+
#1497875 1)
#1498125 1!
#1498250 1$ 1&
#1499000 0) 0-
#1499125 0! 0" 0&
#1499250 1(
#1499500 0*
#1500500 1*
#1501125 1!
#1501375 0*
#1502375 1*
#1502875 0!
#1503000 1"
#1503250 0*
#1504250 1*
#1504875 1!
#1505125 0*
#1506125 1*
#1507250 1) 1-
#1507500 0! 0$
#1507625 1% 1'
#1508375 0)
#1508500 0' 0(
#1508625 0"
#1508875 0*
#1509875 1*
#1510125 1)
#1510375 1! 1" 0# 1$ 1& 1' 1(
#1510500 0,
#1511125 0)
#1511375 0! 1# 0$ 0% 0& 0' 0(
#1511625 0+
#1512750 1+
#1512875 1)
#1513250 1! 1$ 1& 1,
#1514000 0) 0-
#1514125 0!
#1514250 0" 0# 0$ 1% 0& 1(
#1514500 0*
#1515500 1*
#1516125 1!
#1516375 0*
#1517375 1*
#1517875 0!
#1518000 1"
#1518250 0*
#1519250 1*
#1519875 1!
#1520125 0*
#1521125 1*
#1522250 1)
#1522375 1-
#1522500 0!
#1522625 1# 1'
#1523375 0)
#1523625 0" 0# 1$ 0' 0(
#1523875 0*
#1524875 1*
#1525125 1)
#1525375 1! 1" 1& 1' 1(
#1525500 1#
#1526250 0)
#1527875 1)
#1528125 0% 0' 0(
#1529000 0) 0-
#1529250 0! 0" 0$ 1% 0& 1(
#1529500 0*
#1530500 1*
#1531000 00
#1531125 1!
#1531375 0*
#1532375 1*
#1533000 0! 1"
#1533250 0*
#1534250 1*
#1534875 1!
#1535125 0*
#1536125 1*
#1537250 1)
#1537375 1-
#1537500 0!
#1537625 1'
#1538000 10
#1538375 0)
#1538625 0" 1$ 0' 0(
#1538875 0*
#1539875 1*
#1540125 1)
#1540375 0$ 0% 1'
#1541250 0)
#1541500 1! 1" 1$ 1% 1&
#1541750 0*
#1542750 1*
#1542875 1)
#1543125 0%
#1543250 0'
#1544000 0) 0-
#1544250 0! 0" 0# 1% 0& 1(
#1544500 0*
#1545500 1*
#1546125 1!
#1546375 0*
#1547375 1*
#1548000 0!
#1548125 1"
#1548250 0*
#1549250 1*
#1549875 1!
#1550125 0*
#1551125 1*
#1552375 1) 1-
#1552500 0!
#1552625 1# 0$ 1'
#1553375 0)
#1553625 0" 0# 0% 0' 0(
#1553750 1&
#1553875 0*
#1554875 1*
#1555125 1)
#1555500 1! 1" 1$ 1% 1(
#1556250 0)
#1556500 1# 0$ 0% 0& 0(
#1556750 0+
#1557750 1+
#1558000 1)
#1558250 1$ 1&
#1559000 0) 0-
#1559250 0! 0" 0&
#1559375 1% 1(
#1559500 0*
#1560625 1*
#1561250 1!
#1561375 0*
#1562500 1*
#1563000 0!
#1563125 1"
#1563250 0*
#1564375 1*
#1565000 1!
#1565125 0*
#1566250 1*
#1567375 1) 1-
#1567625 0! 0$ 1'
#1568500 0)
#1568625 0" 0% 0' 0(
#1568750 1&
#1568875 0*
#1570000 1*
#1570125 1)
#1570500 1! 1" 1$ 1% 1' 1(
#1571250 0)
#1573000 1)
#1573250 0% 0' 0(
#1574000 0-
#1574125 0)
#1574250 0! 0" 0# 0$
#1574375 1(
#1574625 0*
#1575625 1*
#1576250 1!
#1576500 0*
#1577500 1*
#1578000 0!
#1578125 1"
#1578375 0*
#1579375 1*
#1580000 1!
#1580250 0*
#1581250 1*
#1582375 1) 1-
#1582625 0! 0& 1'
#1582750 1# 1%
#1583500 0)
#1583625 0" 0# 0% 0' 0(
#1583750 1$ 1&
#1584000 0*
#1585000 1*
#1585125 1)
#1585500 1! 1" 1% 1' 1(
#1586250 0)
#1586500 1# 0$ 0% 0& 0' 0(
#1586750 0+
#1587750 1+
#1588000 1)
#1588375 1$ 1&
#1589125 0) 0-
#1589250 0! 0" 0$
#1589375 1(
#1589625 0*
#1590625 1*
#1591250 1!
#1591500 0*
#1592500 1*
#1593000 0!
#1593125 1"
#1593375 0*
#1594375 1*
#1595000 1!
#1595250 0*
#1596250 1*
#1597375 1) 1-
#1597625 0! 0&
#1597750 1% 1'
#1598500 0)
#1598625 0% 0'
#1598750 0" 1$ 1& 0(
#1599000 0*
#1600000 1*
#1600250 1)
#1600375 0$ 0&
#1600500 1! 1'
#1601250 0)
#1601500 1&
#1601625 1" 1$ 1%
#1601875 0+
#1602875 1+
#1603000 1)
#1603250 0% 0'
#1604125 0) 0-
#1604250 0! 0"
#1604375 0# 1(
#1604625 0*
#1605625 1*
#1606250 1!
#1606500 0*
#1607500 1*
#1608000 0!
#1608125 1"
#1608375 0*
#1609375 1*
#1610000 1!
#1610250 0*
#1611250 1*
#1612375 1)
#1612500 1-
#1612625 0! 0$ 0&
#1612750 1# 1% 1'
#1613500 0)
#1613750 0" 0# 1& 0' 0(
#1614000 0*
#1614875 00
#1615000 1*
#1615250 1)
#1615500 1! 1" 1$ 1' 1(
#1615625 0,
#1616375 0)
#1616500 0$ 0% 0& 0' 0(
#1616625 1#
#1616875 0+
#1617875 1+
#1618000 1)
#1618375 1$ 1& 1,
#1619125 0) 0-
#1619250 0!
#1619375 0" 1(
#1619625 0*
#1620625 1*
#1621250 1!
#1621500 0*
#1621875 10
#1622500 1*
#1623000 0!
#1623125 1"
#1623375 0*
#1624375 1*
#1625000 1!
#1625250 0*
#1626250 1*
#1627375 1)
#1627500 1-
#1627625 0! 0$ 0&
#1627750 1% 1'
#1628500 0)
#1628750 0" 1& 0' 0(
#1629000 0*
#1630000 1*
#1630250 1)
#1630500 1! 1' 1(
#1630625 1" 1$
#1631375 0)
#1633000 1)
#1633250 0% 0' 0(
#1634125 0) 0-
#1634375 0! 0" 0# 0$ 1% 1(
#1634625 0*
#1635625 1*
#1636250 1!
#1636500 0*
#1637500 1*
#1638000 0!
#1638125 1"
#1638375 0*
#1639375 1*
#1640000 1!
#1640250 0*
#1641250 1*
#1642375 1)
#1642500 1-
#1642625 0! 0&
#1642750 1# 1'
#1643500 0)
#1643750 0" 0# 1$ 1& 0' 0(
#1644000 0*
#1645000 1*
#1645250 1)
#1645500 1! 1" 1(
#1646375 0)
#1646500 0$ 0% 0& 0(
#1646625 1#
#1646875 0+
#1647875 1+
#1648000 1)
#1648375 1$ 1&
#1649125 0) 0-
#1649375 0! 0" 0$ 1% 1(
#1649625 0*
#1650625 1*
#1651250 1!
#1651500 0*
#1652500 1*
#1653125 0! 1"
#1653375 0*
#1654375 1*
#1655000 1!
#1655250 0*
#1656250 1*
#1657375 1)
#1657500 1-
#1657625 0! 0&
#1657750 1'
#1658500 0)
#1658750 0" 1$ 1& 0' 0(
#1659000 0*
#1660000 1*
#1660250 1)
#1660500 1" 0$ 0% 0& 1'
#1661375 0)
#1661625 1! 1$ 1% 1&
#1661875 0*
#1662875 1*
#1663000 1)
#1663250 0% 0'
#1664125 0) 0-
#1664375 0! 0" 0# 1% 1(
#1664625 0*
#1665625 1*
#1666250 1!
#1666500 0*
#1667500 1*
#1668000 0!
#1668125 1"
#1668375 0*
#1669375 1*
#1670000 1!
#1670250 0*
#1671250 1*
#1672375 1)
#1672500 1-
#1672625 0! 0$ 0&
#1672750 1# 1'
#1673500 0)
#1673750 0" 0# 0% 0(
#1674000 0*
#1675000 1*
#1675250 1)
#1675500 1! 1(
#1675625 1" 1$ 1% 1&
#1676375 0)
#1676500 0$ 0% 0& 0' 0(
#1676625 1#
#1676875 0+
#1677875 1+
#1678000 1)
#1678375 1$ 1&
#1679125 0) 0-
#1679375 0! 0" 1% 1(
#1679625 0*
#1680625 1*
#1681250 1!
#1681500 0*
#1682500 1*
#1683000 0!
#1683125 1"
#1683375 0*
#1684375 1*
#1685000 1!
#1685250 0*
#1686250 1*
#1687375 1)
#1687500 1-
#1687625 0! 0$ 0&
#1687750 1'
#1688500 0)
#1688750 0" 0% 0(
#1689000 0*
#1690000 1*
#1690250 1)
#1690500 1! 1" 0# 1% 1& 1(
#1690625 1$ 0,
#1691375 0)
#1691500 0$ 0% 0& 0' 0(
#1691625 1#
#1691875 0+
#1692875 1+
#1693000 1)
#1693375 1$ 1& 1,
#1694125 0) 0-
#1694375 0! 0" 0# 0$ 0& 1' 1(
#1694625 0*
#1695625 1*
#1696250 1!
#1696500 0*
#1697500 1*
#1698000 0!
#1698125 1"
#1698375 0*
#1698750 00
#1699375 1*
#1700000 1!
#1700250 0*
#1701250 1*
#1702375 1)
#1702500 1-
#1702625 0!
#1702750 1# 1%
#1703500 0)
#1703625 0#
#1703750 0" 1$ 0% 0(
#1704000 0*
#1705000 1*
#1705250 1)
#1705500 1! 1" 1# 1% 1& 1(
#1705750 10
#1706250 0)
#1708000 1)
#1708250 0% 0' 0(
#1709125 0) 0-
#1709250 0! 0"
#1709375 0$ 0& 1' 1(
#1709625 0*
#1710625 1*
#1711250 1!
#1711500 0*
#1712500 1*
#1713000 0!
#1713125 1"
#1713375 0*
#1714375 1*
#1715000 1!
#1715250 0*
#1716250 1*
#1717375 1) 1-
#1717625 0!
#1717750 1%
#1718500 0)
#1718625 0" 0% 0(
#1718750 1$
#1719000 0*
#1720000 1*
#1720125 1)
#1720375 0$
#1720500 1! 1"
#1721250 0)
#1721500 1$ 1% 1&
#1721750 0+
#1722750 1+
#1723000 1)
#1723250 0% 0'
#1724000 0-
#1724125 0)
#1724250 0! 0" 0# 0&
#1724375 1' 1(
#1724625 0*
#1725625 1*
#1726250 1!
#1726500 0*
#1727500 1*
#1728000 0!
#1728125 1"
#1728375 0*
#1729375 1*
#1730000 1!
#1730250 0*
#1731250 1*
#1732375 1) 1-
#1732625 0! 0$
#1732750 1# 1%
#1733500 0)
#1733625 0" 0# 0(
#1734000 0*
#1735000 1*
#1735125 1)
#1735375 0'
#1735500 1! 1" 1$ 1& 1(
#1736250 0)
#1736500 0! 0" 0% 0& 0(
#1736750 0+
#1737750 1+
#1738000 1)
#1738250 1! 1"
#1738375 1# 1&
#1739000 0-
#1739125 0)
#1739250 0! 0" 0&
#1739375 1' 1(
#1739625 0*
#1740625 1*
#1741250 1!
#1741500 0*
#1742500 1*
#1743000 0!
#1743125 1"
#1743375 0*
#1744375 1*
#1745000 1!
#1745250 0*
#1746250 1*
#1747375 1) 1-
#1747625 0! 0$ 1%
#1748500 0)
#1748625 0" 0(
#1748875 0*
#1750000 1*
#1750125 1)
#1750500 1! 1" 1$ 1& 1(
#1751250 0)
#1753000 1)
#1753250 0% 0' 0(
#1754000 0-
#1754125 0)
#1754250 0! 0" 0# 0$ 0& 1(
#1754375 1% 1'
#1754500 0*
#1755625 1*
#1756250 1!
#1756375 0*
#1757500 1*
#1758000 0!
#1758125 1"
#1758250 0*
#1759375 1*
#1759875 1!
#1760125 0*
#1761250 1*
#1762375 1) 1-
#1762625 0! 1#
#1763375 0)
#1763625 0" 0# 0(
#1763750 1$
#1763875 0*
#1764875 1*
#1765125 1)
#1765500 1! 1" 1& 1(
#1766250 0)
#1766500 0! 0" 0% 0& 0' 0(
#1766750 0+
#1767750 1+
#1768000 1)
#1768250 1! 1" 1# 1&
#1769000 0) 0-
#1769250 0! 0" 0$ 0& 1(
#1769375 1% 1'
#1769500 0*
#1770500 1*
#1771125 1!
#1771375 0*
#1772375 1*
#1773000 0!
#1773125 1"
#1773250 0*
#1774250 1*
#1774875 1!
#1775125 0*
#1776125 1*
#1777375 1) 1-
#1777500 0!
#1778375 0)
#1778625 0" 0(
#1778750 1$
#1778875 0*
#1779875 1*
#1780125 1)
#1780375 0# 0%
#1781250 0)
#1781500 1! 1" 1# 1% 1&
#1781750 0*
#1782625 00
#1782750 1*
#1782875 1)
#1783125 0%
#1783250 0'
#1784000 0) 0-
#1784250 0! 0" 0# 1% 0& 1' 1(
#1784500 0*
#1785500 1*
#1786125 1!
#1786375 0*
#1787375 1*
#1788000 0! 1"
#1788250 0*
#1789250 1*
#1789500 10
#1789875 1!
#1790125 0*
#1791125 1*
#1792250 1)
#1792375 1-
#1792500 0!
#1792625 1# 0$
#1793375 0)
#1793625 0" 0# 0% 1& 0(
#1793875 0*
#1794875 1*
#1795125 1)
#1795375 1(
#1795500 1! 1" 1$ 1% 0,
#1796250 0)
#1796375 0! 0" 0% 0(
#1796500 0& 0'
#1796750 0+
#1797750 1+
#1797875 1)
#1798250 1! 1" 1# 1&
#1798375 1,
#1799000 0) 0-
#1799250 0! 0" 1% 0& 1' 1(
#1799500 0*
#1800500 1*
#1801125 1!
#1801375 0*
#1802375 1*
#1803000 0! 1"
#1803250 0*
#1804250 1*
#1804875 1!
#1805125 0*
#1806125 1*
#1807250 1)
#1807375 1-
#1807500 0!
#1807625 0$
#1808375 0)
#1808625 0" 0% 1& 0(
#1808875 0*
#1809875 1*
#1810125 1)
#1810375 1(
#1810500 1! 1" 1$ 1%
#1811250 0)
#1812875 1)
#1813125 0% 0' 0(
#1814000 0) 0-
#1814250 0! 0" 0# 0$ 1' 1(
#1814500 0*
#1815500 1*
#1816125 1!
#1816375 0*
#1817375 1*
#1818000 0! 1"
#1818250 0*
#1819250 1*
#1819875 1!
#1820125 0*
#1821125 1*
#1822250 1)
#1822375 1-
#1822500 0! 0&
#1822625 1# 1%
#1823375 0)
#1823625 0" 0# 1$ 0% 1& 0(
#1823875 0*
#1824875 1*
#1825125 1)
#1825375 1! 1" 1% 0' 1(
#1826250 0)
#1826375 0! 0" 0% 0& 0(
#1826750 0+
#1827750 1+
#1827875 1)
#1828250 1! 1" 1# 1&
#1829000 0) 0-
#1829125 0!
#1829250 0" 0$ 1' 1(
#1829500 0*
#1830500 1*
#1831125 1!
#1831375 0*
#1832375 1*
#1832875 0!
#1833000 1"
#1833250 0*
#1834250 1*
#1834875 1!
#1835125 0*
#1836125 1*
#1837250 1)
#1837375 1-
#1837500 0! 0&
#1837625 1%
#1838375 0)
#1838625 0" 1$ 0% 1& 0(
#1838875 0*
#1839875 1*
#1840125 1)
#1840375 1! 0# 0&
#1841250 0)
#1841500 1" 1# 1% 1&
#1841750 0+
#1842750 1+
#1842875 1)
#1843125 0% 0'
#1844000 0) 0-
#1844250 0! 0" 0# 1' 1(
#1844500 0*
#1845500 1*
#1846125 1!
#1846375 0*
#1847375 1*
#1847875 0!
#1848000 1"
#1848250 0*
#1849250 1*
#1849875 1!
#1850125 0*
#1851125 1*
#1852250 1)
#1852375 1-
#1852500 0! 0$ 0&
#1852625 1# 1%
#1853375 0)
#1853625 0" 0# 1& 0(
#1853875 0*
#1854875 1*
#1855125 1)
#1855375 1! 1(
#1855500 1" 1$
#1856250 0)
#1856375 0! 0" 0% 0& 0' 0(
#1856750 0+
#1857750 1+
#1857875 1)
#1858250 1! 1" 1# 1&
#1859000 0) 0-
#1859125 0!
#1859250 0" 1' 1(
#1859500 0*
#1860500 1*
#1861125 1!
#1861375 0*
#1862375 1*
#1862875 0!
#1863000 1"
#1863250 0*
#1864250 1*
#1864875 1!
#1865125 0*
#1866125 1*
#1866375 00
#1867250 1)
#1867375 1-
#1867500 0! 0$ 0&
#1867625 1%
#1868375 0)
#1868625 0" 1& 0(
#1868875 0*
#1869875 1*
#1870125 1)
#1870375 1! 1" 0# 1(
#1870500 1$ 0,
#1871250 0)
#1871375 0! 0" 0% 0& 0' 0(
#1871750 0+
#1872750 1+
#1872875 1)
#1873250 1! 1" 1# 1& 1,
#1873375 10
#1874000 0) 0-
#1874250 0! 0" 0# 0$ 1% 1' 1(
#1874500 0*
#1875500 1*
#1876125 1!
#1876375 0*
#1877375 1*
#1878000 0! 1"
#1878250 0*
#1879250 1*
#1879875 1!
#1880125 0*
#1881125 1*
#1882250 1)
#1882375 1-
#1882500 0! 0&
#1882625 1#
#1883375 0)
#1883625 0" 0# 1$ 1& 0(
#1883875 0*
#1884875 1*
#1885125 1)
#1885375 1! 1(
#1885500 1" 1#
#1886250 0)
#1887875 1)
#1888125 0(
#1888250 0% 0'
#1889000 0) 0-
#1889250 0! 0" 0$ 1% 1' 1(
#1889500 0*
#1890500 1*
#1891125 1!
#1891375 0*
#1892375 1*
#1893000 0! 1"
#1893250 0*
#1894250 1*
#1894875 1!
#1895125 0*
#1896125 1*
#1897250 1)
#1897375 1-
#1897500 0!
#1897625 0&
#1898375 0)
#1898625 0" 1$ 1& 0(
#1898875 0*
#1899875 1*
#1900125 1)
#1900375 0# 0% 0&
#1900500 1"
#1901250 0)
#1901500 1! 1# 1% 1&
#1901750 0*
#1902750 1*
#1902875 1)
#1903125 0%
#1903250 0'
#1904000 0) 0-
#1904250 0! 0" 0# 1% 1' 1(
#1904500 0*
#1905500 1*
#1906125 1!
#1906375 0*
#1907375 1*
#1908000 0! 1"
#1908250 0*
#1909250 1*
#1909875 1!
#1910125 0*
#1911125 1*
#1912375 1) 1-
#1912625 1#
#1913375 0)
#1914000 0+
#1915000 1+
#1915125 1)
#1915375 0# 0'
#1916250 0)
#1916500 0" 0% 0& 0(
#1916750 0+
#1917750 1+
#1918000 1)
#1918250 1" 1# 1&
#1919000 0) 0-
#1919250 0! 0"
#1919375 1% 1' 1(
#1919500 0*
#1920500 1*
#1921125 1!
#1921375 0*
#1922500 1*
#1923000 0!
#1923125 1"
#1923250 0*
#1924375 1*
#1924875 1!
#1925125 0*
#1926250 1*
#1927375 1) 1-
#1927625 0! 0$ 0&
#1928500 0)
#1928625 0" 0# 0% 0' 0(
#1928875 0*
#1930000 1*
#1930625 1!
#1930750 0*
#1931875 1*
#1932375 0!
#1932500 1"
#1932625 0*
#1933500 1)
#1933750 1' 1( 1*
#1933875 1# 1%
#1934500 0)
#1934750 0" 0# 0% 0' 0(
#1935000 0*
#1936000 1*
#1936625 1!
#1936875 0*
#1937875 1*
#1938500 0!
#1938625 1"
#1938750 0*
#1939500 1)
#1939750 1*
#1939875 1! 1$ 1% 1& 1' 1(
#1940625 0)
#1940875 0" 0% 0& 0' 0(
#1941125 0+
#1942125 1+
#1942375 1)
#1942625 0! 1' 1(
#1942750 1%
#1943500 0)
#1943625 0% 0' 0(
#1943750 1! 1" 1#
#1944000 0*
#1945000 1*
#1945625 1%
#1945875 0*
#1946875 1*
#1947000 1)
#1947250 0! 0"
#1947375 0$ 1' 1(
#1948125 0)
#1948375 1! 1" 1$ 0% 0' 0(
#1948625 0*
#1949625 1*
#1949875 1)
#1950125 0! 0" 0# 1' 1(
#1950250 1% 00
#1951000 0)
#1951125 0% 0' 0(
#1951250 1! 1" 1#
#1951500 0*
#1952500 1*
#1953125 1%
#1953375 0*
#1954375 1*
#1954625 1)
#1954750 0! 0"
#1954875 0$ 1' 1(
#1955625 0)
#1955875 1! 1" 0% 0' 0(
#1956000 1$
#1956125 0*
#1957125 1*
#1957250 10
#1957375 1)
#1957625 0! 0$ 1(
#1957750 1% 1'
#1958500 0)
#1958625 0% 0' 0(
#1958750 0" 0#
#1959000 0*
#1960000 1*
#1960625 1!
#1960875 0*
#1961875 1*
#1962375 0!
#1962500 1"
#1962750 0*
#1963500 1)
#1963750 1*
#1963875 1# 1% 1' 1(
#1964625 0)
#1964750 0" 0# 0% 0' 0(
#1965125 0*
#1966125 1*
#1966750 1!
#1967000 0*
#1968000 1*
#1968500 0!
#1968625 1"
#1968875 0*
#1970125 1)
#1970250 1*
#1970875 1! 1$ 1% 1& 1' 1( 0,
#1971625 0)
#1971875 0" 0% 0& 0' 0(
#1972125 0+
#1973125 1+
#1973875 1)
#1974000 0!
#1974125 1% 1' 1(
#1974250 1,
#1974875 0)
#1975625 1! 1" 1# 0% 0' 0(
#1975875 0*
#1976875 1*
#1977500 1%
#1977750 0*
#1978750 1*
#1979000 1)
#1979250 0! 0" 0$ 1' 1(
#1980125 0)
#1980250 0% 0' 0(
#1980375 1! 1" 1$
#1980625 0*
#1981625 1*
#1981750 1)
#1982000 0! 0" 0#
#1982125 1% 1' 1(
#1982875 0)
#1983125 1! 1" 1# 0% 0' 0(
#1983375 0*
#1984375 1*
#1985000 1%
#1985250 0*
#1986250 1*
#1986500 1)
#1986750 0! 0" 0$ 1' 1(
#1987625 0)
#1987750 0% 0' 0(
#1987875 1! 1" 1$
#1988125 0*
#1989125 1*
#1989250 1)
#1989500 0! 0$
#1989625 1% 1' 1(
#1990375 0)
#1990625 0" 0# 0% 0' 0(
#1990875 0*
#1991875 1*
#1992500 1!
#1992750 0*
#1993750 1*
#1994375 0! 1"
#1994625 0*
#1995375 1)
#1995625 1*
#1995750 1# 1% 1' 1(
#1996500 0)
#1996750 0" 0# 0% 0' 0(
#1997000 0*
#1998000 1*
#1998625 1!
#1998875 0*
#1999875 1*
#2000375 0!
#2000500 1"
#2000750 0*
#2001500 1)
#2001750 1*
#2001875 1! 1$ 1% 1& 1(
#2002625 0)
#2002750 0& 0(
#2002875 0" 0%
#2003125 0+
#2004125 1+
#2004375 1)
#2004500 0!
#2004625 1% 1' 1(
#2005375 0)
#2005625 1! 0% 0' 0(
#2005750 1" 1#
#2005875 0*
#2006875 1*
#2007625 1%
#2007750 0*
#2008750 1*
#2009000 1)
#2009250 0! 0" 0$
#2009375 1' 1(
#2010125 0)
#2010250 0(
#2010375 1! 1" 1$ 0% 0'
#2010625 0*
#2011625 1*
#2011875 1)
#2012125 0! 0" 0# 1% 1' 1(
#2013000 0)
#2013125 0% 0' 0(
#2013250 1! 1" 1#
#2013375 0*
#2014500 1*
#2015125 1%
#2015250 0*
#2016375 1*
#2016500 1)
#2016750 0! 0" 0$
#2016875 1' 1(
#2017625 0)
#2017875 1! 1" 1$ 0% 0' 0(
#2018125 0*
#2019125 1*
#2019375 1)
#2019625 0! 0$ 1% 1' 1(
#2020500 0)
#2020625 0" 0# 0% 0' 0(
#2020875 0*
#2022000 1*
#2022625 1!
#2022875 0*
#2023875 1*
#2024375 0!
#2024500 1"
#2024750 0*
#2025500 1)
#2025750 1' 1( 1*
#2025875 1# 1%
#2026500 0)
#2026750 0" 0# 0% 0' 0(
#2027000 0*
#2028000 1*
#2028625 1!
#2028875 0*
#2029875 1*
#2030500 0!
#2030625 1"
#2030750 0*
#2031500 1)
#2031750 1*
#2031875 1! 1$ 1% 1& 1' 1(
#2032625 0)
#2032875 0" 0% 0& 0' 0(
#2033125 0+
#2034125 1+ 00
#2034375 1)
#2034625 0! 1' 1(
#2034750 1%
#2035500 0)
#2035625 0% 0' 0(
#2035750 1! 1" 1#
#2036000 0*
#2037000 1*
#2037625 1%
#2037875 0*
#2038875 1*
#2039000 1)
#2039250 0! 0"
#2039375 0$ 1' 1(
#2040125 0)
#2040375 1! 1" 1$ 0% 0' 0(
#2040625 0*
#2041125 10
#2041625 1*
#2041875 1)
#2042125 0! 0" 0# 1' 1(
#2042250 1%
#2043000 0)
#2043125 0% 0' 0(
#2043250 1! 1" 1#
#2043500 0*
#2044500 1*
#2045125 1%
#2045375 0*
#2046375 1*
#2046500 1)
#2046750 0! 0"
#2046875 0$ 1' 1(
#2047625 0)
#2047875 1! 1" 1$ 0% 0' 0(
#2048125 0*
#2049125 1*
#2049375 1)
#2064625 0#
#2064750 1% 1& 1' 1( 0,
#2065500 0)
#2065625 0& 0' 0(
#2065750 0" 0%
#2066000 0+
#2067000 1+
#2067250 1)
#2068500 1" 1# 1% 1& 1' 1( 1,
#2069250 0)
#2071000 1)
#2074000 0! 0$ 0&
#2074875 0)
#2075125 0" 0# 0% 0' 0(
#2075375 0*
#2076375 1*
#2076625 1)
#2076875 1! 1" 1# 1$ 1% 1& 1' 1(
#2077750 0)
#2079375 1)
#2080500 0)
#2081000 0+
#2082000 1+
#2082875 0+
#2083875 1+
#2084750 0+
#2085750 1+
#2086625 0+
#2087625 1+
#2088750 1)
#2089000 0! 0$ 0&
#2089875 0)
#2090125 0" 0% 0' 0(
#2090375 0*
#2091375 1*
#2091625 1)
#2091875 1! 1" 1$ 1% 1& 1' 1(
#2092625 0)
#2094375 1)
#2094625 0! 0" 0# 0$ 0' 0(
#2095500 0) 0-
#2095625 0% 0&
#2096000 0*
#2097000 1*
#2097625 1!
#2097875 0*
#2098875 1*
#2099375 0!
#2099500 1"
#2099750 0*
#2100750 1*
#2101375 1!
#2101625 0*
#2102625 1*
#2103750 1) 1-
#2104000 0!
#2104125 1# 1% 1' 1(
#2104875 0)
#2105000 0' 0(
#2105125 0" 0# 1$ 0%
#2105375 0*
#2106375 1*
#2106625 1)
#2106875 1! 1" 1% 1& 1(
#2107625 0)
#2107875 0! 0% 0& 0(
#2108125 0+
#2109250 1+
#2109375 1)
#2109625 0" 0$
#2109750 1% 1&
#2110500 0) 0-
#2110625 0% 0&
#2110750 1#
#2111000 0*
#2112000 1*
#2112625 1!
#2112875 0*
#2113875 1*
#2114375 0!
#2114500 1"
#2114750 0*
#2115750 1*
#2116375 1!
#2116625 0*
#2117625 1*
#2118000 00
#2118750 1) 1-
#2119000 0! 1(
#2119125 1% 1'
#2119875 0)
#2120000 0% 0' 0(
#2120125 0" 1$
#2120375 0*
#2121375 1*
#2121625 1)
#2121750 0#
#2121875 1! 1" 1'
#2122625 0)
#2122875 1% 1&
#2123000 1#
#2123125 0+
#2124125 1+
#2124375 1)
#2124625 0! 0" 0# 0$ 0'
#2125000 10
#2125375 0-
#2125500 0)
#2125625 0% 0&
#2125750 1$
#2126000 0*
#2127000 1*
#2127625 1!
#2127875 0*
#2128875 1*
#2129375 0!
#2129500 1"
#2129750 0*
#2130750 1*
#2131375 1!
#2131625 0*
#2132625 1*
#2133750 1) 1-
#2134000 0! 0$ 1' 1(
#2134125 1# 1%
#2134875 0)
#2135000 0" 0# 0' 0(
#2135375 0*
#2136375 1*
#2136500 1)
#2136875 1! 1" 1$ 1& 1' 1(
#2137625 0)
#2137875 0! 0% 0& 0' 0(
#2138125 0+
#2139125 1+
#2139375 1)
#2139625 0" 0$ 1&
#2139750 1%
#2140375 0-
#2140500 0)
#2140625 0% 0&
#2140750 1# 1$
#2141000 0*
#2142000 1*
#2142625 1!
#2142875 0*
#2143875 1*
#2144375 0!
#2144500 1"
#2144750 0*
#2145750 1*
#2146375 1!
#2146625 0*
#2147625 1*
#2148750 1) 1-
#2149000 0! 0$ 1% 1' 1(
#2149875 0)
#2150000 0" 0' 0(
#2150375 0*
#2151375 1*
#2151500 1)
#2151750 0#
#2151875 1! 1" 1$ 1& 1' 1( 0,
#2152625 0)
#2152875 0! 0% 0& 0' 0(
#2153125 0+
#2154125 1+
#2154375 1)
#2154625 0" 0$ 1% 1&
#2154750 1,
#2155375 0-
#2155500 0)
#2155625 0&
#2156000 0*
#2157000 1*
#2157625 1!
#2157750 0*
#2158875 1*
#2159375 0!
#2159500 1"
#2159625 0*
#2160750 1*
#2161375 1!
#2161500 0*
#2162625 1*
#2163750 1) 1-
#2164000 0! 1# 1' 1(
#2164750 0)
#2165000 0" 0# 0' 0(
#2165125 1$
#2165250 0*
#2166250 1*
#2166500 1)
#2166875 1! 1" 1# 1& 1' 1(
#2167625 0)
#2169375 1)
#2169625 0! 0" 0# 0$ 0' 0(
#2170375 0) 0-
#2170625 0&
#2170750 1#
#2170875 0*
#2171875 1*
#2172500 1!
#2172750 0*
#2173750 1*
#2174375 0!
#2174500 1"
#2174625 0*
#2175625 1*
#2176250 1!
#2176500 0*
#2177500 1*
#2178750 1) 1-
#2178875 0!
#2179000 1' 1(
#2179750 0)
#2180000 0" 1$ 0' 0(
#2180250 0*
#2181250 1*
#2181500 1)
#2181750 0%
#2181875 1'
#2182625 0)
#2182875 1! 1" 1% 1&
#2183125 0*
#2184125 1*
#2184250 1)
#2184625 0! 0" 0# 0$ 0'
#2185375 0) 0-
#2185625 1$ 0&
#2185875 0*
#2186875 1*
#2187500 1!
#2187750 0*
#2188750 1*
#2189375 0! 1"
#2189625 0*
#2190625 1*
#2191250 1!
#2191500 0*
#2192500 1*
#2193625 1)
#2193750 1-
#2193875 0!
#2194000 1# 0$ 1' 1(
#2194750 0)
#2195000 0" 0# 0% 1& 0' 0(
#2195250 0*
#2196250 1*
#2196500 1)
#2196750 1(
#2196875 1! 1" 1$ 1%
#2197625 0)
#2197750 0! 0% 0& 0(
#2198125 0+
#2199125 1+
#2199250 1)
#2199500 0" 0$
#2199625 1% 1&
#2200375 0) 0-
#2200625 1# 1$ 0&
#2200875 0*
#2201875 1* 00
#2202500 1!
#2202750 0*
#2203750 1*
#2204375 0! 1"
#2204625 0*
#2205625 1*
#2206250 1!
#2206500 0*
#2207500 1*
#2208625 1)
#2208750 1- 10
#2208875 0! 0$
#2209000 1' 1(
#2209750 0)
#2210000 0" 0% 1& 0' 0(
#2210250 0*
#2211250 1*
#2211500 1)
#2211750 1! 1' 1(
#2211875 1" 1$ 1%
#2212625 0)
#2214250 1)
#2214500 0! 0" 0# 0$ 0'
#2214625 0(
#2215375 0) 0-
#2215625 0%
#2215875 0*
#2216875 1*
#2217500 1!
#2217750 0*
#2218750 1*
#2219250 0!
#2219375 1"
#2219625 0*
#2220625 1*
#2221250 1!
#2221500 0*
#2222500 1*
#2223625 1)
#2223750 1-
#2223875 0! 0&
#2224000 1# 1% 1' 1(
#2224750 0)
#2224875 0(
#2225000 0" 0# 1$ 0% 1& 0'
#2225250 0*
#2226250 1*
#2226500 1)
#2226750 1! 1" 1% 1' 1(
#2227625 0)
#2227750 0! 0% 0& 0' 0(
#2228125 0+
#2229125 1+
#2229250 1)
#2229500 0" 0$
#2229625 1% 1&
#2230375 0) 0-
#2230500 0%
#2230625 1#
#2230875 0*
#2231875 1*
#2232500 1!
#2232750 0*
#2233750 1*
#2234250 0!
#2234375 1"
#2234625 0*
#2235625 1*
#2236250 1!
#2236500 0*
#2237500 1*
#2238625 1)
#2238750 1-
#2238875 0! 0&
#2239000 1% 1' 1(
#2239750 0)
#2239875 0' 0(
#2240000 0" 1$ 0% 1&
#2240250 0*
#2241250 1*
#2241500 1)
#2241625 0&
#2241750 1! 1'
#2242500 0)
#2242750 1&
#2242875 1" 1%
#2243125 0+
#2244125 1+
#2244250 1)
#2244500 0! 0" 0# 0$ 0'
#2245375 0) 0-
#2245500 0%
#2245625 1$
#2245875 0*
#2246875 1*
#2247500 1!
#2247750 0*
#2248750 1*
#2249250 0!
#2249375 1"
#2249625 0*
#2250625 1*
#2251250 1!
#2251500 0*
#2252500 1*
#2253625 1) 1-
#2253875 0! 0$ 0& 1(
#2254000 1# 1% 1'
#2254750 0)
#2254875 0# 0' 0(
#2255000 0" 1&
#2255250 0*
#2256250 1*
#2256500 1)
#2256750 1! 1" 1$ 1' 1(
#2256875 0,
#2257500 0)
#2257750 0! 0% 0& 0' 0(
#2258000 0+
#2259000 1+
#2259250 1)
#2259500 0" 0$
#2259625 1% 1& 1,
#2260375 0) 0-
#2260500 0%
#2260625 1# 1$
#2260875 0*
#2261875 1*
#2262500 1!
#2262750 0*
#2263750 1*
#2264250 0!
#2264375 1"
#2264625 0*
#2265625 1*
#2266250 1!
#2266500 0*
#2267500 1*
#2268625 1) 1-
#2268875 0! 0$ 0& 1(
#2269000 1% 1'
#2269750 0)
#2269875 0" 0' 0(
#2270000 1&
#2270250 0*
#2271250 1*
#2271500 1)
#2271750 1! 1" 1$ 1' 1(
#2272500 0)
#2274250 1)
#2274500 0! 0" 0# 0$ 0' 0(
#2275250 0-
#2275375 0)
#2275875 0*
#2276875 1*
#2277500 1!
#2277750 0*
#2278750 1*
#2279250 0!
#2279375 1"
#2279625 0*
#2280625 1*
#2281250 1!
#2281500 0*
#2282500 1*
#2283625 1) 1-
#2283875 0! 0& 1(
#2284000 1# 1'
#2284750 0)
#2284875 0# 0' 0(
#2285000 0" 1$ 1&
#2285250 0*
#2285625 00
#2286250 1*
#2286500 1)
#2286750 1! 1" 1(
#2287500 0)
#2287750 0% 0& 0(
#2288000 0+
#2289000 1+
#2289250 1)
#2289500 0! 0" 0$
#2289625 1% 1&
#2290375 0) 0-
#2290625 1#
#2290875 0*
#2291875 1*
#2292500 1!
#2292625 10
#2292750 0*
#2293750 1*
#2294250 0!
#2294375 1"
#2294625 0*
#2295625 1*
#2296250 1!
#2296500 0*
#2297500 1*
#2298625 1) 1-
#2298875 0! 0& 1(
#2299000 1'
#2299750 0)
#2299875 0' 0(
#2300000 0" 1$ 1&
#2300250 0*
#2301250 1*
#2301500 1)
#2301625 0&
#2301750 1" 0% 1'
#2302500 0)
#2302750 1&
#2302875 1! 1%
#2303000 0*
#2304000 1*
#2304250 1)
#2304500 0! 0" 0# 0$ 0'
#2305375 0) 0-
#2305625 1$
#2305875 0*
#2306875 1*
#2307500 1!
#2307750 0*
#2308750 1*
#2309250 0!
#2309375 1"
#2309625 0*
#2310625 1*
#2311250 1!
#2311500 0*
#2312500 1*
#2313625 1)
#2313750 1-
#2313875 0! 0$ 0&
#2314000 1# 1' 1(
#2314750 0)
#2314875 0(
#2315000 0" 0# 0%
#2315250 0*
#2316250 1*
#2316500 1)
#2316750 1! 1" 1% 1& 1(
#2316875 1$
#2317625 0)
#2317750 0% 0& 0' 0(
#2318125 0+
#2319125 1+
#2319250 1)
#2319500 0! 0" 0$
#2319625 1% 1&
#2320375 0) 0-
#2320625 1# 1$
#2320875 0*
#2321875 1*
#2322500 1!
#2322750 0*
#2323750 1*
#2324250 0!
#2324375 1"
#2324625 0*
#2325625 1*
#2326250 1!
#2326500 0*
#2327500 1*
#2328625 1)
#2328750 1-
#2328875 0! 0$ 0&
#2329000 1' 1(
#2329750 0)
#2330000 0" 0% 0(
#2330250 0*
#2331250 1*
#2331500 1)
#2331750 1! 0# 1& 1(
#2331875 1" 1$ 1% 0,
#2332625 0)
#2332750 0% 0& 0' 0(
#2333125 0+
#2334125 1+
#2334250 1)
#2334500 0! 0" 0$
#2334625 1% 1&
#2334750 1,
#2335375 0) 0-
#2335625 0% 0& 1'
#2335875 0*
#2336875 1*
#2337500 1!
#2337750 0*
#2338750 1*
#2339375 0! 1"
#2339625 0*
#2340625 1*
#2341250 1!
#2341500 0*
#2342500 1*
#2343625 1)
#2343750 1-
#2343875 0!
#2344000 1# 1% 1(
#2344750 0)
#2345000 0" 0# 1$ 0% 0(
#2345250 0*
#2346250 1*
#2346500 1)
#2346750 1(
#2346875 1! 1" 1# 1% 1&
#2347625 0)
#2349250 1)
#2349625 0! 0" 0# 0$ 0' 0(
#2350375 0) 0-
#2350625 1# 0% 0& 1'
#2350875 0*
#2351875 1*
#2352500 1!
#2352750 0*
#2353750 1*
#2354375 0! 1"
#2354625 0*
#2355625 1*
#2356250 1!
#2356500 0*
#2357500 1*
#2358750 1) 1-
#2358875 0!
#2359000 1% 1(
#2359750 0)
#2360000 0" 0% 0(
#2360125 1$
#2360250 0*
#2361250 1*
#2361500 1)
#2361875 1! 1"
#2362625 0)
#2362875 1% 1&
#2363125 0+
#2364125 1+
#2364375 1)
#2364625 0! 0" 0# 0$ 0'
#2365375 0) 0-
#2365625 0% 0&
#2365750 1$ 1'
#2365875 0*
#2366875 1*
#2367625 1!
#2367750 0*
#2368875 1*
#2369375 0!
#2369500 1" 00
#2369625 0*
#2370750 1*
#2371375 1!
#2371500 0*
#2372625 1*
#2373750 1) 1-
#2374000 0! 1# 0$ 1% 1(
#2374875 0)
#2375000 0" 0# 0(
#2375250 0*
#2376375 1*
#2376500 1) 10
#2376750 0'
#2376875 1! 1" 1$ 1& 1(
#2377625 0)
#2377875 0% 0& 0(
#2378125 0+
#2379125 1+
#2379375 1)
#2379625 0! 0" 0$ 1% 1&
#2380375 0-
#2380500 0)
#2380625 0% 0&
#2380750 1# 1$ 1'
#2381000 0*
#2382000 1*
#2382625 1!
#2382875 0*
#2383875 1*
#2384375 0!
#2384500 1"
#2384750 0*
#2385750 1*
#2386375 1!
#2386625 0*
#2387625 1*
#2388750 1) 1-
#2389000 0! 0$ 1(
#2389125 1%
#2389875 0)
#2390000 0" 0(
#2390375 0*
#2391375 1*
#2391500 1)
#2391875 1! 1" 1$ 1& 1(
#2392625 0)
#2394375 1)
#2394625 0! 0" 0# 0$ 0' 0(
#2395375 0-
#2395500 0)
#2395625 0&
#2395750 1'
#2396000 0*
#2397000 1*
#2397625 1!
#2397875 0*
#2398875 1*
#2399375 0!
#2399500 1"
#2399750 0*
#2400750 1*
#2401375 1!
#2401625 0*
#2402625 1*
#2403750 1)
#2403875 1-
#2404000 0!
#2404125 1# 1(
#2404875 0)
#2405000 0# 0(
#2405125 0" 1$
#2405375 0*
#2406375 1*
#2406625 1)
#2406875 1! 1" 1& 1(
#2407625 0)
#2407875 0% 0& 0' 0(
#2408250 0+
#2409250 1+
#2409375 1)
#2409625 0! 0" 0$
#2409750 1% 1&
#2410500 0) 0-
#2410625 0&
#2410750 1# 1'
#2411000 0*
#2412000 1*
#2412625 1!
#2412875 0*
#2413875 1*
#2414375 0!
#2414500 1"
#2414750 0*
#2415750 1*
#2416375 1!
#2416625 0*
#2417625 1*
#2418750 1)
#2418875 1-
#2419000 0!
#2419125 1(
#2419875 0)
#2420125 0" 1$ 0(
#2420375 0*
#2421375 1*
#2421625 1)
#2421875 0# 0$
#2422750 0)
#2423000 1! 1" 1# 1$ 1&
#2423250 0*
#2424250 1*
#2424375 1)
#2424625 0! 0" 0# 0$ 0'
#2425500 0) 0-
#2425750 1$ 0& 1'
#2426000 0*
#2427000 1*
#2427625 1!
#2427875 0*
#2428875 1*
#2429500 0! 1"
#2429750 0*
#2430750 1*
#2431375 1!
#2431625 0*
#2432625 1*
#2433750 1)
#2433875 1-
#2434000 0!
#2434125 1# 0$ 1(
#2434875 0)
#2435125 0" 0# 0% 1& 0(
#2435375 0*
#2436375 1*
#2436625 1)
#2437000 1! 1" 1$ 1% 1( 0,
#2437750 0)
#2437875 0% 0(
#2438000 0& 0'
#2438250 0+
#2439250 1+
#2439500 1)
#2439625 0! 0"
#2439750 0$ 1% 1&
#2439875 1,
#2440500 0) 0-
#2440750 1$ 0& 1'
#2440875 1#
#2441000 0*
#2442000 1*
#2442625 1!
#2442875 0*
#2443875 1*
#2444500 0!
#2444625 1"
#2444750 0*
#2445750 1*
#2446375 1!
#2446625 0*
#2447625 1*
#2448875 1) 1-
#2449000 0!
#2449125 0$ 1(
#2449875 0)
#2450125 0" 0% 0(
#2450250 1&
#2450375 0*
#2451375 1*
#2451625 1)
#2452000 1! 1" 1$ 1% 1(
#2452750 0)
#2453375 00
#2454500 1)
#2454750 0! 0" 0# 0$ 0' 0(
#2455500 0) 0-
#2455750 0%
#2455875 1'
#2456000 0*
#2457125 1*
#2457750 1!
#2457875 0*
#2459000 1*
#2459500 0!
#2459625 1"
#2459750 0*
#2460375 10
#2460875 1*
#2461500 1!
#2461625 0*
#2462750 1*
#2463875 1) 1-
#2464125 0! 1# 1% 0& 1(
#2465000 0)
#2465125 0" 0# 0% 0(
#2465250 1$ 1&
#2465375 0*
#2466500 1*
#2466625 1)
#2466875 0'
#2467000 1! 1" 1% 1(
#2467750 0)
#2468000 0! 0" 1# 0% 0& 0(
#2468250 0+
#2469250 1+
#2469500 1)
#2469750 0# 0$ 1% 1&
#2470500 0-
#2470625 0)
#2470750 0%
#2470875 1# 1'
#2471125 0*
#2472125 1*
#2472750 1!
#2473000 0*
#2474000 1*
#2474500 0!
#2474625 1"
#2474875 0*
#2475875 1*
#2476500 1!
#2476750 0*
#2477750 1*
#2478875 1) 1-
#2479125 0! 1% 0& 1(
#2480000 0)
#2480125 0" 0% 0(
#2480250 1$ 1&
#2480500 0*
#2481500 1*
#2481625 1)
#2481875 0# 0$ 0&
#2482000 1! 1%
#2482750 0)
#2483000 1" 1# 1$ 1&
#2483250 0+
#2484250 1+
#2484500 1)
#2484750 0! 0" 0# 0$ 0'
#2485500 0-
#2485625 0)
#2485750 0%
#2485875 1$ 1'
#2486125 0*
#2487125 1*
#2487750 1!
#2488000 0*
#2489000 1*
#2489500 0!
#2489625 1"
#2489875 0*
#2490875 1*
#2491500 1!
#2491750 0*
#2492750 1*
#2493875 1) 1-
#2494125 0! 0$ 0& 1(
#2494250 1# 1%
#2495000 0)
#2495125 0" 0# 0(
#2495250 1&
#2495500 0*
#2496500 1*
#2496625 1)
#2497000 1! 1" 1$ 1(
#2497750 0)
#2498000 0! 0" 1# 0% 0& 0' 0(
#2498250 0+
#2499250 1+
#2499500 1)
#2499750 0# 0$
#2499875 1% 1&
#2500500 0-
#2500625 0)
#2500750 0%
#2500875 1# 1$ 1'
#2501125 0*
#2502125 1*
#2502750 1!
#2503000 0*
#2504000 1*
#2504500 0!
#2504625 1"
#2504875 0*
#2505875 1*
#2506500 1!
#2506750 0*
#2507750 1*
#2508875 1) 1-
#2509125 0! 0$ 0& 1(
#2509250 1%
#2510000 0)
#2510125 0" 0(
#2510250 1&
#2510500 0*
#2511500 1*
#2511625 1)
#2511875 0#
#2512000 1! 1" 1$ 1(
#2512125 0,
#2512750 0)
#2513000 0! 0" 1# 0% 0& 0' 0(
#2513250 0+
#2514250 1+
#2514500 1)
#2514750 0# 0$ 1&
#2514875 1% 1,
#2515500 0-
#2515625 0)
#2515875 1'
#2516125 0*
#2517125 1*
#2517750 1!
#2518000 0*
#2519000 1*
#2519500 0!
#2519625 1"
#2519875 0*
#2520875 1*
#2521500 1!
#2521750 0*
#2522750 1*
#2523875 1) 1-
#2524125 0! 0& 1(
#2524250 1#
#2525000 0)
#2525125 0" 0# 0(
#2525250 1$ 1&
#2525500 0*
#2526500 1*
#2526625 1)
#2527000 1! 1" 1# 1(
#2527750 0)
#2529500 1)
#2529750 0! 0" 0# 0$ 0' 0(
#2530500 0-
#2530625 0)
#2530875 1# 1'
#2531125 0*
#2532125 1*
#2532750 1!
#2533000 0*
#2534000 1*
#2534500 0!
#2534625 1"
#2534875 0*
#2535875 1*
#2536500 1!
#2536750 0*
#2537250 00
#2537750 1*
#2538875 1) 1-
#2539125 0! 0& 1(
#2540000 0)
#2540125 0" 0(
#2540250 1$ 1&
#2540500 0*
#2541500 1*
#2541625 1)
#2541875 0# 0$ 0&
#2542000 1"
#2542750 0)
#2543000 1! 1# 1$ 1&
#2543250 0*
#2544125 10
#2544250 1*
#2544500 1)
#2544750 0! 0" 0# 0$ 0'
#2545500 0-
#2545625 0)
#2545875 1$ 1'
#2546125 0*
#2547125 1*
#2547750 1!
#2548000 0*
#2549000 1*
#2549500 0!
#2549625 1"
#2549875 0*
#2550875 1*
#2551500 1!
#2551625 0*
#2552750 1*
#2553875 1) 1-
#2554125 1# 1(
#2555000 0)
#2555500 0+
#2556500 1+
#2556625 1)
#2556875 0# 0'
#2557750 0)
#2558000 0! 0" 1# 0% 0& 0(
#2558250 0+
#2559250 1+
#2559500 1)
#2559750 0# 0$ 1% 1&
#2560500 0) 0-
#2560875 1# 1$ 1'
#2561125 0*
#2562125 1*
#2562750 1!
#2562875 0*
#2564000 1*
#2564500 0!
#2564625 1"
#2564750 0*
#2565875 1*
#2566375 1!
#2566625 0*
#2567750 1*
#2568875 1) 1-
#2569125 0! 0$ 0& 1(
#2569875 0)
#2570125 0" 0# 0% 0' 0(
#2570375 0*
#2571375 1*
#2572125 1!
#2572250 0*
#2573250 1*
#2573875 0!
#2574000 1"
#2574125 0*
#2574875 1)
#2575125 1*
#2575250 1# 1% 1' 1(
#2576000 0)
#2576250 0" 0# 0% 0' 0(
#2576500 0*
#2577500 1*
#2578125 1!
#2578375 0*
#2579375 1*
#2579875 0!
#2580000 1"
#2580250 0*
#2581000 1)
#2581250 1*
#2581375 1! 1$ 1% 1& 1' 1(
#2582125 0)
#2582250 0(
#2582375 0! 0" 1# 0% 0& 0'
#2582625 0+
#2583625 1+
#2583875 1)
#2584000 0#
#2584125 1% 1' 1(
#2584875 0)
#2585125 0$ 0% 0' 0(
#2585375 0*
#2586375 1*
#2587000 1%
#2587250 0*
#2588250 1*
#2588500 1)
#2588875 1# 1' 1(
#2589625 0)
#2589750 0# 0' 0(
#2589875 0%
#2590125 0*
#2591125 1*
#2591250 1)
#2591625 1$ 1% 1' 1(
#2592375 0)
#2592625 0$ 0% 0' 0(
#2592875 0*
#2593875 1*
#2594500 1%
#2594750 0*
#2595750 1*
#2596000 1)
#2596250 1(
#2596375 1# 1'
#2597125 0)
#2597250 0# 0% 0' 0(
#2597625 0*
#2598625 1*
#2598750 1)
#2599125 1" 1# 1% 1' 1(
#2599875 0)
#2600125 0" 0# 0% 0' 0(
#2600375 0*
#2601375 1*
#2602000 1!
#2602250 0*
#2603250 1*
#2603875 0! 1"
#2604125 0*
#2604875 1)
#2605125 1*
#2605250 1# 1% 1' 1(
#2606000 0)
#2606125 0' 0(
#2606250 0" 0# 0%
#2606500 0*
#2607500 1*
#2608125 1!
#2608375 0*
#2609375 1*
#2609875 0!
#2610000 1"
#2610250 0*
#2611500 1)
#2611750 1*
#2612250 1! 1$ 1% 1& 1' 1( 0,
#2613000 0)
#2613250 0! 0" 1# 0% 0& 0' 0(
#2613500 0+
#2614500 1+
#2615250 1)
#2615375 0#
#2615500 1% 1' 1(
#2615625 1,
#2616250 0)
#2617000 0$ 0% 0' 0(
#2617250 0*
#2618250 1*
#2618875 1%
#2619125 0*
#2620125 1*
#2620375 1)
#2620625 1' 1(
#2620750 1#
#2621000 00
#2621500 0)
#2621625 0# 0% 0' 0(
#2621875 0*
#2623000 1*
#2623125 1)
#2623500 1$ 1% 1' 1(
#2624250 0)
#2624375 0(
#2624500 0$ 0% 0'
#2624750 0*
#2625750 1*
#2626375 1%
#2626625 0*
#2627625 1*
#2627875 1)
#2628000 10
#2628125 1# 1' 1(
#2628875 0)
#2629125 0# 0% 0' 0(
#2629375 0*
#2630375 1*
#2630625 1)
#2631000 1" 1# 1% 1' 1(
#2631750 0)
#2631875 0' 0(
#2632000 0" 0# 0%
#2632250 0*
#2633250 1*
#2633875 1!
#2634125 0*
#2635125 1*
#2635625 0!
#2635750 1"
#2636000 0*
#2636750 1)
#2637000 1*
#2637125 1# 1% 1' 1(
#2637875 0)
#2638000 0" 0# 0% 0' 0(
#2638250 0*
#2639375 1*
#2640000 1!
#2640250 0*
#2641250 1*
#2641750 0!
#2641875 1"
#2642125 0*
#2642875 1)
#2643125 1! 1$ 1% 1& 1( 1*
#2643875 0)
#2644125 0" 1# 0% 0& 0(
#2644375 0+
#2645375 1+
#2645625 1)
#2645875 0! 0# 1(
#2646000 1% 1'
#2646750 0)
#2646875 0$ 0% 0' 0(
#2647250 0*
#2648250 1*
#2648875 1%
#2649125 0*
#2650125 1*
#2650250 1)
#2650625 1# 1' 1(
#2651375 0)
#2651625 0# 0% 0' 0(
#2651875 0*
#2652875 1*
#2653125 1)
#2653375 1(
#2653500 1$ 1% 1'
#2654250 0)
#2654375 0$ 0% 0' 0(
#2654750 0*
#2655750 1*
#2656375 1%
#2656625 0*
#2657625 1*
#2657750 1)
#2658125 1# 1' 1(
#2658875 0)
#2659125 0# 0% 0' 0(
#2659375 0*
#2660375 1*
#2660625 1)
#2660875 1' 1(
#2661000 1" 1# 1%
#2661750 0)
#2661875 0" 0# 0% 0' 0(
#2662250 0*
#2663250 1*
#2663875 1!
#2664125 0*
#2665125 1*
#2665625 0!
#2665750 1"
#2666000 0*
#2666750 1)
#2667000 1' 1( 1*
#2667125 1# 1%
#2667875 0)
#2668000 0" 0# 0% 0' 0(
#2668250 0*
#2669250 1*
#2669875 1!
#2670125 0*
#2671125 1*
#2671750 0!
#2671875 1"
#2672000 0*
#2672750 1)
#2673000 1*
#2673125 1! 1$ 1% 1& 1' 1(
#2673875 0)
#2674125 0" 1# 0% 0& 0' 0(
#2674375 0+
#2675375 1+
#2675625 1)
#2675875 0! 0# 1% 1' 1(
#2676750 0)
#2676875 0$ 0% 0' 0(
#2677250 0*
#2678250 1*
#2678875 1%
#2679125 0*
#2680125 1*
#2680250 1)
#2680625 1# 1' 1(
#2681375 0)
#2681625 0# 0% 0' 0(
#2681875 0*
#2682875 1*
#2683125 1)
#2683375 1% 1' 1(
#2683500 1$
#2684250 0)
#2684375 0$ 0% 0' 0(
#2684750 0*
#2685750 1*
#2686375 1%
#2686625 0*
#2687625 1*
#2687750 1)
#2688125 1# 1' 1(
#2688875 0)
#2689125 0# 0% 0' 0(
#2689375 0*
#2690375 1*
#2690625 1)
#2704875 00
#2705875 1' 1(
#2706000 1! 1" 1$ 1% 1& 0,
#2706750 0)
#2706875 0" 0% 0& 0' 0(
#2707000 1#
#2707250 0+
#2708250 1+
#2708375 1)
#2709625 1% 1& 1' 1(
#2709750 1" 1,
#2710500 0)
#2711875 10
#2712125 1)
#2715250 0! 0$ 0&
#2716125 0)
#2716250 0" 0# 0% 0' 0(
#2716625 0*
#2717625 1*
#2717750 1)
#2718125 1! 1" 1# 1$ 1% 1& 1' 1(
#2718875 0)
#2720625 1)
#2721750 0)
#2722250 0+
#2723250 1+
#2724125 0+
#2725125 1+
#2726000 0+
#2727000 1+
#2727875 0+
#2728875 1+
#2730000 1)
#2730250 0! 0$ 0&
#2731125 0)
#2731250 0" 0% 0' 0(
#2731625 0*
#2732625 1*
#2732750 1)
#2733125 1! 1" 1$ 1% 1& 1' 1(
#2733875 0)
#2735625 1)
#2735875 0! 0" 0# 0$ 0' 0(
#2736625 0-
#2736750 0)
#2736875 0% 0&
#2737000 1(
#2737250 0*
#2738250 1*
#2738875 1!
#2739125 0*
#2740125 1*
#2740625 0!
#2740750 1"
#2741000 0*
#2742000 1*
#2742625 1!
#2742875 0*
#2743875 1*
#2745000 1) 1-
#2745250 0!
#2745375 1# 1% 1'
#2746125 0)
#2746250 0# 0% 0' 0(
#2746375 0" 1$
#2746625 0*
#2747625 1*
#2747750 1)
#2748125 1! 1" 1% 1& 1(
#2748875 0)
#2749125 0" 1# 0% 0& 0(
#2749375 0+
#2750375 1+
#2750625 1)
#2750875 0! 0# 0$
#2751000 1% 1&
#2751750 0) 0-
#2751875 0% 0&
#2752000 1# 1(
#2752250 0*
#2753250 1*
#2753875 1!
#2754125 0*
#2755125 1*
#2755625 0!
#2755750 1"
#2756000 0*
#2757000 1*
#2757625 1!
#2757875 0*
#2758875 1*
#2760000 1) 1-
#2760250 0!
#2760375 1% 1'
#2761125 0)
#2761250 0% 0'
#2761375 0" 1$ 0(
#2761625 0*
#2762625 1*
#2762875 1)
#2763125 1! 1" 0# 0$ 1% 1'
#2763875 0)
#2764250 1# 1$ 1&
#2764500 0+
#2765500 1+
#2765625 1)
#2765875 0! 0" 0# 0$ 0'
#2766750 0) 0-
#2766875 0&
#2767000 1$ 0% 1(
#2767250 0*
#2768250 1*
#2768875 1!
#2769125 0*
#2770125 1*
#2770625 0!
#2770750 1"
#2771000 0*
#2772000 1*
#2772625 1!
#2772875 0*
#2773875 1*
#2775000 1)
#2775125 1-
#2775250 0! 0$
#2775375 1# 1% 1'
#2776125 0)
#2776375 0" 0# 0' 0(
#2776625 0*
#2777625 1*
#2777875 1)
#2778125 1! 1' 1(
#2778250 1" 1$ 1&
#2779000 0)
#2779125 0" 0% 0& 0' 0(
#2779250 1#
#2779500 0+
#2780500 1+
#2780625 1)
#2780875 0! 0# 0$
#2781000 1% 1&
#2781750 0) 0-
#2782000 1# 1$ 0% 0& 1(
#2782250 0*
#2783250 1*
#2783875 1!
#2784125 0*
#2785125 1*
#2785750 0! 1"
#2786000 0*
#2787000 1*
#2787625 1!
#2787875 0*
#2788750 00
#2788875 1*
#2790000 1)
#2790125 1-
#2790250 0! 0$
#2790375 1% 1'
#2791125 0)
#2791375 0" 0' 0(
#2791625 0*
#2792625 1*
#2792875 1)
#2793125 0# 1' 1(
#2793250 1! 1" 1$ 1& 0,
#2794000 0)
#2794125 0" 0& 0' 0(
#2794250 1# 0%
#2794500 0+
#2795500 1+
#2795625 1)
#2795750 10
#2795875 0! 0# 0$
#2796000 1% 1&
#2796125 1,
#2796750 0) 0-
#2797000 0& 1(
#2797250 0*
#2798250 1*
#2798875 1!
#2799125 0*
#2800125 1*
#2800750 0! 1"
#2801000 0*
#2802000 1*
#2802625 1!
#2802875 0*
#2803875 1*
#2805125 1) 1-
#2805250 0!
#2805375 1# 1'
#2806125 0)
#2806375 0" 0# 1$ 0' 0(
#2806625 0*
#2807625 1*
#2807875 1)
#2808250 1! 1" 1# 1& 1' 1(
#2809000 0)
#2810750 1)
#2811000 0! 0" 0# 0$ 0' 0(
#2811750 0) 0-
#2812000 0& 1(
#2812125 1#
#2812250 0*
#2813250 1*
#2813875 1!
#2814125 0*
#2815125 1*
#2815750 0!
#2815875 1"
#2816000 0*
#2817125 1*
#2817625 1!
#2817875 0*
#2819000 1*
#2820125 1) 1-
#2820375 0! 1'
#2821250 0)
#2821375 0" 0' 0(
#2821500 1$
#2821625 0*
#2822750 1*
#2822875 1)
#2823125 0$
#2823250 1'
#2824000 0)
#2824250 1! 1" 1$ 1&
#2824500 0*
#2825500 1*
#2825750 1)
#2826000 0! 0" 0# 0$ 0'
#2826750 0-
#2826875 0)
#2827000 0&
#2827125 1$ 1(
#2827375 0*
#2828375 1*
#2829000 1!
#2829250 0*
#2830250 1*
#2830750 0!
#2830875 1"
#2831125 0*
#2832125 1*
#2832750 1!
#2833000 0*
#2834000 1*
#2835125 1) 1-
#2835375 0! 0$ 1'
#2835500 1#
#2836250 0)
#2836375 0" 0# 0% 0' 0(
#2836500 1&
#2836750 0*
#2837750 1*
#2837875 1)
#2838250 1! 1" 1$ 1% 1(
#2839000 0)
#2839250 0! 1# 0% 0& 0(
#2839500 0+
#2840500 1+
#2840750 1)
#2841000 0" 0# 0$ 1&
#2841125 1%
#2841750 0-
#2841875 0)
#2842000 0&
#2842125 1# 1$ 1(
#2842375 0*
#2843375 1*
#2844000 1!
#2844250 0*
#2845250 1*
#2845750 0!
#2845875 1"
#2846125 0*
#2847125 1*
#2847750 1!
#2848000 0*
#2849000 1*
#2850125 1) 1-
#2850375 0! 0$
#2850500 1'
#2851250 0)
#2851375 0'
#2851500 0" 0% 1& 0(
#2851750 0*
#2852750 1*
#2853000 1)
#2853250 1! 1" 1$ 1% 1' 1(
#2854000 0)
#2855750 1)
#2856000 0! 0" 0# 0$ 0' 0(
#2856875 0) 0-
#2857125 0% 1(
#2857375 0*
#2858375 1*
#2859000 1!
#2859250 0*
#2860250 1*
#2860750 0!
#2860875 1"
#2861125 0*
#2862125 1*
#2862750 1!
#2863000 0*
#2864000 1*
#2865125 1)
#2865250 1-
#2865375 0! 0&
#2865500 1# 1% 1'
#2866250 0)
#2866500 0" 0# 1$ 0% 1& 0' 0(
#2866750 0*
#2867750 1*
#2868000 1)
#2868250 1! 1' 1(
#2868375 1" 1%
#2869125 0)
#2869250 0! 0% 0& 0' 0(
#2869375 1#
#2869625 0+
#2870625 1+
#2870750 1)
#2871000 0" 0# 0$
#2871125 1% 1&
#2871875 0) 0-
#2872125 1# 0% 1(
#2872375 0*
#2872625 00
#2873375 1*
#2874000 1!
#2874250 0*
#2875250 1*
#2875875 0! 1"
#2876125 0*
#2877125 1*
#2877750 1!
#2878000 0*
#2879000 1*
#2879625 10
#2880125 1)
#2880250 1-
#2880375 0! 0&
#2880500 1% 1'
#2881250 0)
#2881500 0" 1$ 0% 1& 0' 0(
#2881750 0*
#2882750 1*
#2883000 1)
#2883250 0$ 0&
#2883375 1! 1% 1'
#2884125 0)
#2884375 1" 1$ 1&
#2884625 0+
#2885625 1+
#2885750 1)
#2886000 0"
#2886125 0! 0# 0$ 0'
#2886875 0) 0-
#2887125 1$ 0% 1(
#2887375 0*
#2888375 1*
#2889000 1!
#2889250 0*
#2890250 1*
#2890875 0! 1"
#2891125 0*
#2892125 1*
#2892750 1!
#2893000 0*
#2894000 1*
#2895250 1) 1-
#2895375 0!
#2895500 1# 0$ 1% 0& 1'
#2896250 0)
#2896500 0" 0# 1& 0' 0(
#2896750 0*
#2897750 1*
#2898000 1)
#2898375 1! 1" 1$ 1' 1( 0,
#2899125 0)
#2899250 0'
#2899375 0! 1# 0% 0& 0(
#2899625 0+
#2900625 1+
#2900875 1)
#2901000 0#
#2901125 0" 0$ 1% 1&
#2901250 1,
#2901875 0) 0-
#2902125 0%
#2902250 1# 1$ 1(
#2902375 0*
#2903375 1*
#2904000 1!
#2904250 0*
#2905250 1*
#2905875 0!
#2906000 1"
#2906125 0*
#2907125 1*
#2907750 1!
#2908000 0*
#2909000 1*
#2910250 1) 1-
#2910500 0! 0$ 1% 0& 1'
#2911250 0)
#2911500 0" 0' 0(
#2911625 1&
#2911750 0*
#2912750 1*
#2913000 1)
#2913375 1! 1" 1$ 1' 1(
#2914125 0)
#2915875 1)
#2916125 0! 0" 0# 0$ 0' 0(
#2916875 0) 0-
#2917250 1(
#2917375 0*
#2918375 1*
#2919000 1!
#2919250 0*
#2920375 1*
#2920875 0!
#2921000 1"
#2921125 0*
#2922250 1*
#2922750 1!
#2923000 0*
#2924125 1*
#2925250 1) 1-
#2925500 0! 1# 0& 1'
#2926250 0)
#2926500 0" 0# 0' 0(
#2926625 1$ 1&
#2926750 0*
#2927875 1*
#2928000 1)
#2928375 1! 1" 1(
#2929125 0)
#2929375 0! 1# 0% 0& 0(
#2929625 0+
#2930625 1+
#2930875 1)
#2931125 0" 0# 0$ 1% 1&
#2931875 0) 0-
#2932250 1# 1(
#2932500 0*
#2933500 1*
#2934125 1!
#2934250 0*
#2935375 1*
#2935875 0!
#2936000 1"
#2936125 0*
#2937250 1*
#2937875 1!
#2938000 0*
#2939125 1*
#2940250 1) 1-
#2940500 0! 0& 1'
#2941375 0)
#2941500 0" 0' 0(
#2941625 1$ 1&
#2941750 0*
#2942875 1*
#2943000 1)
#2943250 0$ 0&
#2943375 1" 1'
#2944125 0)
#2944375 1! 1$ 1&
#2944625 0*
#2945625 1*
#2945875 1)
#2946125 0! 0" 0# 0$ 0'
#2946875 0) 0-
#2947250 1$ 1(
#2947375 0*
#2948500 1*
#2949125 1!
#2949250 0*
#2950375 1*
#2950875 0!
#2951000 1"
#2951125 0*
#2952250 1*
#2952750 1!
#2953000 0*
#2954125 1*
#2955250 1) 1-
#2955500 0! 1# 0$ 0& 1'
#2956250 0)
#2956500 0" 0# 0% 0( 00
#2956750 0*
#2957875 1*
#2958000 1)
#2958375 1! 1" 1$ 1% 1& 1(
#2959125 0)
#2959375 0! 1# 0% 0& 0' 0(
#2959625 0+
#2960625 1+
#2960875 1)
#2961125 0" 0# 0$ 1% 1&
#2961875 0) 0-
#2962250 1# 1$ 1(
#2962375 0*
#2963375 10
#2963500 1*
#2964125 1!
#2964250 0*
#2965250 1*
#2965875 0!
#2966000 1"
#2966125 0*
#2967125 1*
#2967750 1!
#2968000 0*
#2969000 1*
#2970250 1) 1-
#2970500 0! 0$ 0& 1'
#2971250 0)
#2971500 0" 0% 0(
#2971750 0*
#2972750 1*
#2973000 1)
#2973250 0#
#2973375 1! 1" 1$ 1% 1& 1( 0,
#2974125 0)
#2974375 0! 1# 0% 0& 0' 0(
#2974625 0+
#2975625 1+
#2975875 1)
#2976000 0#
#2976125 0" 0$ 1% 1&
#2976250 1,
#2976875 0) 0-
#2977125 0% 0& 1(
#2977250 1'
#2977375 0*
#2978375 1*
#2979000 1!
#2979250 0*
#2980250 1*
#2980875 0!
#2981000 1"
#2981125 0*
#2982125 1*
#2982750 1!
#2983000 0*
#2984000 1*
#2985250 1) 1-
#2985375 0!
#2985500 1# 1%
#2986250 0)
#2986500 0" 0# 0% 0(
#2986625 1$
#2986750 0*
#2987750 1*
#2988000 1)
#2988375 1! 1" 1# 1% 1& 1(
#2989125 0)
#2990875 1)
#2991125 0! 0" 0# 0$ 0' 0(
#2991875 0) 0-
#2992125 0% 0& 1' 1(
#2992250 1#
#2992375 0*
#2993375 1*
#2994000 1!
#2994250 0*
#2995250 1*
#2995875 0! 1"
#2996125 0*
#2997125 1*
#2997750 1!
#2998000 0*
#2999000 1*
#3000125 1)
#3000250 1-
#3000375 0!
#3000500 1%
#3001250 0)
#3001500 0" 1$ 0% 0(
#3001750 0*
#3002750 1*
#3003000 1)
#3003250 1! 0$
#3003375 1" 1%
#3004125 0)
#3004375 1$ 1&
#3004625 0+
#3005625 1+
#3005750 1)
#3006000 0! 0"
#3006125 0# 0$ 0'
#3006875 0) 0-
#3007125 1$ 0% 0& 1' 1(
#3007375 0*
#3008375 1*
#3009000 1!
#3009250 0*
#3010250 1*
#3010875 0! 1"
#3011125 0*
#3012125 1*
#3012750 1!
#3013000 0*
#3014000 1*
#3015125 1)
#3015250 1-
#3015375 0! 0$
#3015500 1# 1%
#3016250 0)
#3016500 0" 0# 0(
#3016750 0*
#3017750 1*
#3018000 1)
#3018250 1! 0' 1(
#3018375 1" 1$ 1&
#3019125 0)
#3019250 0% 0& 0(
#3019375 1#
#3019625 0+
#3020625 1+
#3020750 1)
#3021000 0! 0" 0# 0$
#3021125 1% 1&
#3021875 0) 0-
#3022125 1# 1$ 0% 0& 1' 1(
#3022375 0*
#3023375 1*
#3024000 1!
#3024250 0*
#3025250 1*
#3025750 0!
#3025875 1"
#3026125 0*
#3027125 1*
#3027750 1!
#3028000 0*
#3029000 1*
#3030125 1)
#3030250 1-
#3030375 0! 0$
#3030500 1%
#3031250 0)
#3031500 0" 0(
#3031750 0*
#3032750 1*
#3033000 1)
#3033250 1! 1" 1$ 1& 1(
#3034125 0)
#3035750 1)
#3036000 0! 0" 0# 0$ 0' 0(
#3036875 0) 0-
#3037125 0& 1' 1(
#3037375 0*
#3038375 1*
#3039000 1!
#3039250 0*
#3040250 1* 00
#3040750 0!
#3040875 1"
#3041125 0*
#3042125 1*
#3042750 1!
#3043000 0*
#3044000 1*
#3045125 1)
#3045250 1-
#3045375 0!
#3045500 1#
#3046250 0)
#3046375 0# 0(
#3046500 0" 1$
#3046750 0*
#3047250 10
#3047750 1*
#3048000 1)
#3048250 1! 1" 1& 1(
#3049000 0)
#3049250 1# 0% 0& 0' 0(
#3049500 0+
#3050625 1+
#3050750 1)
#3051000 0! 0" 0# 0$
#3051125 1% 1&
#3051875 0) 0-
#3052000 0&
#3052125 1# 1' 1(
#3052375 0*
#3053375 1*
#3054000 1!
#3054250 0*
#3055250 1*
#3055750 0!
#3055875 1"
#3056125 0*
#3057125 1*
#3057750 1!
#3058000 0*
#3059000 1*
#3060125 1) 1-
#3060375 0!
#3061250 0)
#3061375 0" 0(
#3061500 1$
#3061750 0*
#3062750 1*
#3062875 1)
#3063125 0#
#3064000 0)
#3064250 1! 1" 1# 1&
#3064500 0*
#3065500 1*
#3065750 1)
#3066000 0! 0" 0# 0$ 0'
#3066750 0-
#3066875 0)
#3067000 0&
#3067125 1$ 1' 1(
#3067375 0*
#3068375 1*
#3069000 1!
#3069250 0*
#3070250 1*
#3070750 0!
#3070875 1"
#3071125 0*
#3072125 1*
#3072750 1!
#3073000 0*
#3074000 1*
#3075125 1) 1-
#3075375 0! 0$
#3075500 1#
#3076250 0)
#3076375 0" 0# 0% 0(
#3076500 1&
#3076750 0*
#3077750 1*
#3077875 1)
#3078250 1! 1" 1$ 1% 1(
#3078375 0,
#3079000 0)
#3079250 1# 0% 0& 0' 0(
#3079500 0+
#3080500 1+
#3080750 1)
#3081000 0! 0" 0# 0$ 1% 1&
#3081125 1,
#3081750 0-
#3081875 0)
#3082000 0&
#3082125 1# 1$ 1' 1(
#3082375 0*
#3083375 1*
#3084000 1!
#3084250 0*
#3085250 1*
#3085750 0!
#3085875 1"
#3086125 0*
#3087125 1*
#3087750 1!
#3088000 0*
#3089000 1*
#3090125 1) 1-
#3090375 0! 0$
#3091250 0)
#3091375 0" 0% 0(
#3091500 1&
#3091625 0*
#3092750 1*
#3092875 1)
#3093250 1! 1" 1$ 1% 1(
#3094000 0)
#3095750 1)
#3096000 0! 0" 0# 0$ 0' 0(
#3096750 0) 0-
#3097000 0%
#3097125 1' 1(
#3097250 0*
#3098375 1*
#3099000 1!
#3099125 0*
#3100250 1*
#3100750 0!
#3100875 1"
#3101000 0*
#3102125 1*
#3102625 1!
#3102875 0*
#3104000 1*
#3105125 1) 1-
#3105375 0! 1# 1% 0&
#3106125 0)
#3106375 0" 0# 0% 0(
#3106500 1$ 1&
#3106625 0*
#3107750 1*
#3107875 1)
#3108125 0'
#3108250 1! 1" 1% 1(
#3109000 0)
#3109250 1# 0% 0& 0(
#3109500 0+
#3110500 1+
#3110750 1)
#3111000 0! 0" 0# 0$ 1% 1&
#3111750 0) 0-
#3112000 0%
#3112125 1# 1' 1(
#3112250 0*
#3113375 1*
#3114000 1!
#3114125 0*
#3115250 1*
#3115750 0!
#3115875 1"
#3116000 0*
#3117000 1*
#3117625 1!
#3117875 0*
#3118875 1*
#3120125 1) 1-
#3120375 0! 1% 0&
#3121125 0)
#3121375 0" 0% 0(
#3121500 1$ 1&
#3121625 0*
#3122625 1*
#3122875 1)
#3123125 0# 0&
#3123250 1! 1%
#3124000 0)
#3124125 00
#3124250 1" 1# 1&
#3124500 0+
#3125500 1+
#3125750 1)
#3126000 0! 0" 0# 0$ 0'
#3126750 0) 0-
#3127000 0%
#3127125 1$ 1' 1(
#3127250 0*
#3128250 1*
#3128875 1!
#3129125 0*
#3130125 1*
#3130750 0!
#3130875 1"
#3131000 0*
#3131125 10
#3132000 1*
#3132625 1!
#3132875 0*
#3133875 1*
#3135125 1) 1-
#3135375 0! 1# 0$ 1% 0&
#3136125 0)
#3136375 0" 0# 0(
#3136500 1&
#3136625 0*
#3137625 1*
#3137875 1)
#3138250 1! 1" 1$ 1(
#3139000 0)
#3139250 1# 0% 0& 0' 0(
#3139500 0+
#3140500 1+
#3140750 1)
#3141000 0! 0" 0# 0$ 1% 1&
#3141750 0) 0-
#3142000 0%
#3142125 1# 1$ 1' 1(
#3142250 0*
#3143250 1*
#3143875 1!
#3144125 0*
#3145125 1*
#3145750 0!
#3145875 1"
#3146000 0*
#3147000 1*
#3147625 1!
#3147875 0*
#3148875 1*
#3150125 1) 1-
#3150375 0! 0$ 1% 0&
#3151125 0)
#3151375 0" 0(
#3151500 1&
#3151625 0*
#3152625 1*
#3152875 1)
#3153125 0#
#3153250 1! 1" 1$ 1( 0,
#3154000 0)
#3154250 1# 0% 0& 0' 0(
#3154500 0+
#3155500 1+
#3155750 1)
#3156000 0! 0" 0# 0$ 1% 1&
#3156125 1,
#3156750 0) 0-
#3157125 1' 1(
#3157250 0*
#3158375 1*
#3159000 1!
#3159125 0*
#3160250 1*
#3160750 0!
#3160875 1"
#3161000 0*
#3162125 1*
#3162750 1!
#3162875 0*
#3164000 1*
#3165125 1) 1-
#3165375 0! 1# 0&
#3166250 0)
#3166375 0" 0# 0(
#3166500 1$ 1&
#3166625 0*
#3167750 1*
#3167875 1)
#3168250 1! 1" 1# 1(
#3169000 0)
#3170750 1)
#3171000 0! 0" 0# 0$ 0' 0(
#3171750 0-
#3171875 0)
#3172125 1# 1' 1(
#3172250 0*
#3173375 1*
#3174000 1!
#3174125 0*
#3175250 1*
#3175750 0!
#3175875 1"
#3176000 0*
#3177125 1*
#3177750 1!
#3178000 0*
#3179000 1*
#3180125 1) 1-
#3180375 0! 0&
#3181250 0)
#3181375 0" 0(
#3181500 1$ 1&
#3181750 0*
#3182750 1*
#3182875 1)
#3183125 0# 0&
#3183250 1"
#3184000 0)
#3184250 1! 1# 1&
#3184500 0*
#3185500 1*
#3185750 1)
#3186000 0! 0" 0# 0$ 0'
#3186750 0-
#3186875 0)
#3187125 1$ 1' 1(
#3187375 0*
#3188375 1*
#3189000 1!
#3189250 0*
#3190250 1*
#3190750 0!
#3190875 1"
#3191125 0*
#3192125 1*
#3192750 1!
#3193000 0*
#3194000 1*
#3195125 1) 1-
#3195500 1#
#3196250 0)
#3196750 0+
#3197750 1+
#3197875 1)
#3198125 0# 0'
#3199000 0)
#3199250 0! 0" 0$ 0& 0(
#3199500 0+
#3200500 1+
#3200750 1)
#3201125 1&
#3201750 0-
#3201875 0)
#3202125 1# 1$ 1' 1(
#3202375 0*
#3203375 1*
#3204000 1!
#3204250 0*
#3205250 1*
#3205750 0!
#3205875 1"
#3206125 0*
#3207125 1*
#3207750 1!
#3208000 0* 00
#3209000 1*
#3210125 1) 1-
#3210375 0! 0$ 0&
#3211250 0)
#3211375 0(
#3211500 0" 0# 0% 0'
#3211750 0*
#3212750 1*
#3213375 1!
#3213625 0*
#3214625 1*
#3215000 10
#3215125 0!
#3215250 1"
#3215500 0*
#3216250 1)
#3216500 1*
#3216625 1# 1% 1' 1(
#3217375 0)
#3217500 0" 0# 0% 0' 0(
#3217875 0*
#3218875 1*
#3219500 1!
#3219750 0*
#3220750 1*
#3221250 0!
#3221375 1"
#3221625 0*
#3222375 1)
#3222625 1! 1% 1& 1' 1( 1*
#3222750 1$
#3223500 0)
#3223625 0! 0" 0$ 0& 0' 0(
#3224000 0+
#3225000 1+
#3225125 1)
#3225500 1$ 1' 1(
#3226250 0)
#3226375 0(
#3226500 1! 0$ 0% 0'
#3226750 0*
#3227750 1*
#3228375 1%
#3228625 0*
#3229625 1*
#3229875 1)
#3230125 0! 1' 1(
#3230250 1#
#3231000 0)
#3231125 0# 0% 0' 0(
#3231250 1!
#3231375 0*
#3232500 1*
#3232625 1)
#3232875 0!
#3233000 1$ 1% 1' 1(
#3233750 0)
#3234000 1! 0$ 0% 0' 0(
#3234250 0*
#3235250 1*
#3235875 1%
#3236125 0*
#3237125 1*
#3237375 1)
#3237625 0! 1' 1(
#3237750 1#
#3238500 0)
#3238625 0# 0% 0' 0(
#3238750 1!
#3239000 0*
#3240000 1*
#3240125 1)
#3240375 0!
#3240500 1" 1# 1% 1' 1(
#3241250 0)
#3241500 0" 0# 0% 0' 0(
#3241750 0*
#3242750 1*
#3243375 1!
#3243625 0*
#3244625 1*
#3245250 0! 1"
#3245500 0*
#3246250 1)
#3246500 1*
#3246625 1# 1% 1' 1(
#3247375 0)
#3247625 0" 0# 0% 0' 0(
#3247875 0*
#3248875 1*
#3249500 1!
#3249750 0*
#3250750 1*
#3251250 0!
#3251375 1"
#3251625 0*
#3252875 1)
#3253125 1*
#3253625 1! 1$ 1% 1& 1' 1(
#3253750 0,
#3254375 0)
#3254625 0! 0" 0$ 0& 0' 0(
#3254875 0+
#3256000 1+
#3256625 1)
#3256875 1' 1(
#3257000 1$ 1,
#3257750 0)
#3258375 1! 0$ 0% 0' 0(
#3258625 0*
#3259625 1*
#3260375 1%
#3260500 0*
#3261500 1*
#3261750 1)
#3262000 0!
#3262125 1# 1' 1(
#3262875 0)
#3263000 0(
#3263125 1! 0# 0% 0'
#3263375 0*
#3264375 1*
#3264625 1)
#3264750 0!
#3264875 1$ 1% 1' 1(
#3265625 0)
#3265875 1! 0$ 0% 0' 0(
#3266125 0*
#3267250 1*
#3267875 1%
#3268000 0*
#3269125 1*
#3269250 1)
#3269500 0!
#3269625 1# 1' 1(
#3270375 0)
#3270625 1! 0# 0% 0' 0(
#3270875 0*
#3271875 1*
#3272125 1)
#3272375 0! 1# 1% 1' 1(
#3272500 1"
#3273250 0)
#3273375 0" 0# 0% 0' 0(
#3273625 0*
#3274750 1*
#3275375 1!
#3275625 0*
#3276625 1*
#3277125 0!
#3277250 1"
#3277500 0*
#3278250 1)
#3278500 1' 1( 1*
#3278625 1# 1%
#3279250 0)
#3279500 0" 0# 0% 0' 0(
#3279750 0*
#3280750 1*
#3281500 1!
#3281625 0*
#3282625 1*
#3283250 0!
#3283375 1"
#3283500 0*
#3284250 1)
#3284500 1*
#3284625 1! 1$ 1% 1& 1(
#3285375 0)
#3285625 0! 0" 0$ 0& 0(
#3285875 0+
#3286875 1+
#3287125 1)
#3287375 1(
#3287500 1$ 1'
#3288250 0)
#3288375 0$ 0% 0' 0(
#3288500 1!
#3288750 0*
#3289750 1*
#3290375 1%
#3290625 0*
#3291625 1*
#3291750 1)
#3291875 00
#3292000 0!
#3292125 1# 1' 1(
#3292875 0)
#3293125 1! 0# 0% 0' 0(
#3293375 0*
#3294375 1*
#3294625 1)
#3294875 0! 1(
#3295000 1$ 1% 1'
#3295750 0)
#3295875 0$ 0% 0' 0(
#3296000 1!
#3296250 0*
#3297250 1*
#3297875 1%
#3298125 0*
#3298750 10
#3299125 1*
#3299375 1)
#3299500 0!
#3299625 1# 1' 1(
#3300375 0)
#3300625 1! 0# 0% 0' 0(
#3300875 0*
#3301875 1*
#3302125 1)
#3302375 0!
#3302500 1" 1# 1% 1' 1(
#3303250 0)
#3303375 0" 0# 0' 0(
#3303500 0%
#3303750 0*
#3304750 1*
#3305375 1!
#3305625 0*
#3306625 1*
#3307125 0!
#3307250 1"
#3307500 0*
#3308250 1)
#3308500 1*
#3308625 1# 1% 1' 1(
#3309375 0)
#3309500 0" 0# 0% 0' 0(
#3309875 0*
#3310875 1*
#3311500 1!
#3311750 0*
#3312750 1*
#3313250 0!
#3313375 1"
#3313625 0*
#3314375 1)
#3314625 1! 1% 1& 1' 1( 1*
#3314750 1$
#3315500 0)
#3315625 0! 0" 0$ 0& 0' 0(
#3316000 0+
#3317000 1+
#3317125 1)
#3317500 1$ 1' 1(
#3318250 0)
#3318375 0(
#3318500 1! 0$ 0% 0'
#3318750 0*
#3319750 1*
#3320375 1%
#3320625 0*
#3321625 1*
#3321875 1)
#3322125 0! 1' 1(
#3322250 1#
#3323000 0)
#3323125 0# 0% 0' 0(
#3323250 1!
#3323375 0*
#3324500 1*
#3324625 1)
#3324875 0!
#3325000 1$ 1% 1' 1(
#3325750 0)
#3326000 1! 0$ 0% 0' 0(
#3326250 0*
#3327250 1*
#3327875 1%
#3328125 0*
#3329125 1*
#3329375 1)
#3329625 0! 1' 1(
#3329750 1#
#3330500 0)
#3330625 0# 0% 0' 0(
#3330750 1!
#3331000 0*
#3332000 1*
#3332125 1)
#3347500 1" 1$ 1% 1& 1' 1(
#3347625 0,
#3348250 0)
#3348500 0! 0" 0$ 0& 0' 0(
#3348750 0+
#3349750 1+
#3350000 1)
#3351250 1! 1" 1# 1$ 1& 1' 1(
#3351375 1,
#3352000 0)
#3353750 1)
#3356750 0!
#3356875 0$ 0&
#3357625 0)
#3357875 0" 0# 0% 0' 0(
#3358125 0*
#3359125 1*
#3359375 1)
#3359750 1! 1" 1# 1$ 1% 1& 1' 1(
#3360500 0)
#3362125 1)
#3363250 0)
#3363750 0+
#3364750 1+
#3365625 0+
#3366625 1+
#3367500 0+
#3368500 1+
#3369375 0+
#3370375 1+
#3371500 1)
#3371875 0! 0$ 0&
#3372625 0)
#3372875 0" 0% 0' 0(
#3373125 0*
#3374125 1*
#3374375 1)
#3374750 1! 1" 1$ 1% 1& 1' 1(
#3375500 0)
#3375750 00
#3377125 1)
#3377500 0" 0# 0$ 0' 0(
#3378250 0) 0-
#3378500 0! 0% 0&
#3378750 0*
#3379750 1*
#3380375 1!
#3380625 0*
#3381625 1*
#3382250 0! 1"
#3382500 0*
#3382625 10
#3383500 1*
#3384125 1!
#3384375 0*
#3385375 1*
#3386625 1) 1-
#3386750 0!
#3386875 1# 1% 1' 1(
#3387625 0)
#3387875 0" 0# 1$ 0% 0' 0(
#3388125 0*
#3389125 1*
#3389375 1)
#3389750 1! 1" 1% 1& 1(
#3390500 0)
#3390625 0" 0& 0(
#3390750 0$
#3391000 0+
#3392000 1+
#3392125 1)
#3392500 1&
#3393250 0) 0-
#3393500 0! 0% 0&
#3393625 1#
#3393750 0*
#3394750 1*
#3395375 1!
#3395625 0*
#3396625 1*
#3397250 0! 1"
#3397500 0*
#3398500 1*
#3399125 1!
#3399375 0*
#3400375 1*
#3401500 1)
#3401625 1-
#3401750 0!
#3401875 1% 1' 1(
#3402625 0)
#3402875 0" 1$ 0% 0' 0(
#3403125 0*
#3404125 1*
#3404375 1)
#3404625 1! 0#
#3404750 1" 1% 1'
#3405500 0)
#3405750 1# 1&
#3406000 0+
#3407000 1+
#3407125 1)
#3407375 0" 0#
#3407500 0$ 0'
#3408250 0) 0-
#3408500 0! 1$ 0% 0&
#3408750 0*
#3409750 1*
#3410375 1!
#3410625 0*
#3411625 1*
#3412250 0! 1"
#3412500 0*
#3413500 1*
#3414125 1!
#3414375 0*
#3415375 1*
#3416500 1)
#3416625 1-
#3416750 0! 0$
#3416875 1# 1% 1' 1(
#3417625 0)
#3417875 0" 0# 0' 0(
#3418125 0*
#3419125 1*
#3419375 1)
#3419625 1' 1(
#3419750 1! 1" 1$ 1&
#3420500 0)
#3420625 0" 0$ 0& 0' 0(
#3421000 0+
#3422000 1+
#3422125 1)
#3422500 1&
#3423250 0) 0-
#3423500 0! 1# 1$ 0% 0&
#3423750 0*
#3424750 1*
#3425375 1!
#3425625 0*
#3426625 1*
#3427125 0!
#3427250 1"
#3427500 0*
#3428500 1*
#3429125 1!
#3429375 0*
#3430375 1*
#3431500 1)
#3431625 1-
#3431750 0! 0$
#3431875 1% 1' 1(
#3432625 0)
#3432750 0(
#3432875 0" 0'
#3433125 0*
#3434125 1*
#3434375 1)
#3434625 1! 1" 0# 1$ 1& 1' 1(
#3434750 0,
#3435500 0)
#3435625 0" 0$ 0& 0' 0(
#3436000 0+
#3437000 1+
#3437125 1)
#3437500 1& 1,
#3438250 0) 0-
#3438375 0! 0&
#3438750 0*
#3439750 1*
#3440375 1!
#3440625 0*
#3441625 1*
#3442125 0!
#3442250 1"
#3442500 0*
#3443500 1*
#3444125 1!
#3444375 0*
#3445375 1*
#3446500 1) 1-
#3446750 0!
#3446875 1# 1' 1(
#3447625 0)
#3447750 0# 0' 0(
#3447875 0" 1$
#3448125 0*
#3449125 1*
#3449375 1)
#3449625 1! 1" 1# 1& 1' 1(
#3450375 0)
#3452125 1)
#3452375 0" 0# 0$ 0' 0(
#3453250 0) 0-
#3453375 0! 0&
#3453500 1#
#3453750 0*
#3454750 1*
#3455375 1!
#3455625 0*
#3456625 1*
#3457125 0!
#3457250 1"
#3457500 0*
#3458500 1*
#3459125 1!
#3459375 0*
#3459500 00
#3460375 1*
#3461500 1) 1-
#3461750 0! 1' 1(
#3462625 0)
#3462750 0" 0' 0(
#3462875 1$
#3463125 0*
#3464125 1*
#3464250 1)
#3464625 1'
#3465375 0)
#3465625 1! 1" 1&
#3465875 0*
#3466500 10
#3466875 1*
#3467125 1)
#3467375 0" 0# 0$ 0'
#3468125 0-
#3468250 0)
#3468375 0! 0&
#3468500 1$
#3468750 0*
#3469750 1*
#3470375 1!
#3470625 0*
#3471625 1*
#3472125 0!
#3472250 1"
#3472500 0*
#3473500 1*
#3474125 1!
#3474375 0*
#3475375 1*
#3476500 1) 1-
#3476750 0! 0$ 1' 1(
#3476875 1#
#3477625 0)
#3477750 0" 0# 0% 0' 0(
#3477875 1&
#3478125 0*
#3479125 1*
#3479250 1)
#3479625 1! 1" 1$ 1% 1(
#3480375 0)
#3480625 0" 0$ 0& 0(
#3480875 0+
#3481875 1+
#3482125 1)
#3482375 1&
#3483125 0-
#3483250 0)
#3483375 0! 0&
#3483500 1# 1$
#3483750 0*
#3484750 1*
#3485375 1!
#3485625 0*
#3486625 1*
#3487125 0!
#3487250 1"
#3487500 0*
#3488500 1*
#3489125 1!
#3489250 0*
#3490375 1*
#3491500 1) 1-
#3491750 0! 0$ 1' 1(
#3492625 0)
#3492750 0" 0% 0' 0(
#3492875 1&
#3493000 0*
#3494125 1*
#3494250 1)
#3494625 1! 1" 1$ 1% 1' 1(
#3495375 0)
#3497125 1)
#3497375 0" 0# 0$ 0' 0(
#3498125 0) 0-
#3498375 0! 0%
#3498625 0*
#3499750 1*
#3500375 1!
#3500500 0*
#3501625 1*
#3502125 0!
#3502250 1"
#3502375 0*
#3503500 1*
#3504000 1!
#3504250 0*
#3505250 1*
#3506500 1) 1-
#3506625 0!
#3506750 1# 1% 0& 1' 1(
#3507500 0)
#3507750 0" 0# 0% 0' 0(
#3507875 1$ 1&
#3508000 0*
#3509000 1*
#3509250 1)
#3509625 1! 1" 1% 1' 1(
#3510375 0)
#3510625 0" 0$ 0& 0' 0(
#3510875 0+
#3511875 1+
#3512125 1)
#3512375 1&
#3513125 0) 0-
#3513375 0! 0%
#3513500 1#
#3513625 0*
#3514625 1*
#3515250 1!
#3515500 0*
#3516500 1*
#3517125 0!
#3517250 1"
#3517375 0*
#3518375 1*
#3519000 1!
#3519250 0*
#3520250 1*
#3521500 1) 1-
#3521625 0!
#3521750 1% 0& 1' 1(
#3522500 0)
#3522750 0" 0% 1& 0' 0(
#3522875 1$
#3523000 0*
#3524000 1*
#3524250 1)
#3524500 0&
#3524625 1! 1% 1'
#3525375 0)
#3525625 1" 1&
#3525875 0+
#3526875 1+
#3527000 1)
#3527375 0" 0# 0$ 0'
#3528125 0) 0-
#3528375 0! 0%
#3528500 1$
#3528625 0*
#3529625 1*
#3530250 1!
#3530500 0*
#3531500 1*
#3532125 0! 1"
#3532375 0*
#3533375 1*
#3534000 1!
#3534250 0*
#3535250 1*
#3536500 1) 1-
#3536625 0!
#3536750 1# 0$ 1% 0& 1' 1(
#3537500 0)
#3537750 0" 0# 1& 0' 0(
#3538000 0*
#3539000 1*
#3539250 1)
#3539625 1! 1" 1$ 1' 1( 0,
#3540375 0)
#3540500 0$ 0' 0(
#3540625 0" 0&
#3540875 0+
#3541875 1+
#3542000 1)
#3542375 1&
#3542500 1,
#3543125 0) 0-
#3543375 0! 1# 1$ 0% 00
#3543625 0*
#3544625 1*
#3545250 1!
#3545500 0*
#3546500 1*
#3547125 0! 1"
#3547375 0*
#3548375 1*
#3549000 1!
#3549250 0*
#3550250 1*
#3550375 10
#3551375 1)
#3551500 1-
#3551625 0!
#3551750 0$ 1% 0& 1' 1(
#3552500 0)
#3552750 0" 1& 0' 0(
#3553000 0*
#3554000 1*
#3554250 1)
#3554625 1! 1" 1$ 1' 1(
#3555375 0)
#3557000 1)
#3557375 0" 0# 0$ 0' 0(
#3558125 0) 0-
#3558375 0!
#3558625 0*
#3559625 1*
#3560250 1!
#3560500 0*
#3561500 1*
#3562125 0! 1"
#3562375 0*
#3563375 1*
#3564000 1!
#3564250 0*
#3565250 1*
#3566375 1)
#3566500 1-
#3566625 0! 0&
#3566750 1# 1' 1(
#3567500 0)
#3567750 0" 0# 1$ 1& 0' 0(
#3568000 0*
#3569000 1*
#3569250 1)
#3569500 1(
#3569625 1! 1"
#3570375 0)
#3570500 0! 0& 0(
#3570625 0$
#3570875 0+
#3571875 1+
#3572000 1)
#3572250 0"
#3572375 1! 1&
#3573125 0) 0-
#3573375 0!
#3573500 1#
#3573625 0*
#3574625 1*
#3575250 1!
#3575500 0*
#3576500 1*
#3577125 0! 1"
#3577375 0*
#3578375 1*
#3579000 1!
#3579250 0*
#3580250 1*
#3581375 1)
#3581500 1-
#3581625 0!
#3581750 0& 1' 1(
#3582500 0)
#3582750 0" 1$ 1& 0' 0(
#3583000 0*
#3584000 1*
#3584250 1)
#3584500 0&
#3584625 1" 1'
#3585375 0)
#3585625 1! 1&
#3585875 0*
#3586875 1*
#3587000 1)
#3587375 0" 0# 0$ 0'
#3588125 0) 0-
#3588375 0! 1$
#3588625 0*
#3589625 1*
#3590250 1!
#3590500 0*
#3591500 1*
#3592125 0! 1"
#3592375 0*
#3593375 1*
#3594000 1!
#3594250 0*
#3595250 1*
#3596500 1) 1-
#3596625 0!
#3596750 1# 0$ 0& 1' 1(
#3597500 0)
#3597750 0" 0# 0% 0(
#3598000 0*
#3599000 1*
#3599250 1)
#3599625 1! 1" 1$ 1% 1& 1(
#3600375 0)
#3600500 0(
#3600625 0! 0$ 0& 0'
#3600875 0+
#3601875 1+
#3602125 1)
#3602250 0"
#3602375 1! 1&
#3603125 0) 0-
#3603375 0!
#3603500 1# 1$
#3603625 0*
#3604625 1*
#3605250 1!
#3605500 0*
#3606500 1*
#3607125 0!
#3607250 1"
#3607375 0*
#3608375 1*
#3609000 1!
#3609250 0*
#3610250 1*
#3611500 1) 1-
#3611750 0! 0$ 0& 1' 1(
#3612500 0)
#3612750 0" 0% 0(
#3613000 0*
#3614000 1*
#3614250 1)
#3614500 0#
#3614625 1! 1" 1$ 1% 1& 1( 0,
#3615375 0)
#3615625 0! 0$ 0& 0' 0(
#3615875 0+
#3616875 1+
#3617125 1)
#3617375 1! 0" 1&
#3617500 1,
#3618125 0) 0-
#3618375 0! 0% 0&
#3618500 1'
#3618625 0*
#3619625 1*
#3620250 1!
#3620500 0*
#3621625 1*
#3622125 0!
#3622250 1"
#3622375 0*
#3623500 1*
#3624000 1!
#3624250 0*
#3625375 1*
#3626500 1) 1-
#3626750 0! 1# 1% 1(
#3627250 00
#3627625 0)
#3627750 0" 0# 0% 0(
#3627875 1$
#3628000 0*
#3629125 1*
#3629250 1)
#3629625 1! 1" 1# 1% 1& 1(
#3630375 0)
#3632125 1)
#3632375 0" 0# 0$ 0' 0(
#3633125 0-
#3633250 0)
#3633375 0! 0% 0&
#3633500 1# 1'
#3633625 0*
#3634250 10
#3634750 1*
#3635375 1!
#3635625 0*
#3636625 1*
#3637125 0!
#3637250 1"
#3637500 0*
#3638500 1*
#3639125 1!
#3639375 0*
#3640375 1*
#3641500 1) 1-
#3641750 0! 1(
#3641875 1%
#3642625 0)
#3642750 0" 0% 0(
#3642875 1$
#3643125 0*
#3644125 1*
#3644250 1)
#3644625 1! 1" 1%
#3645375 0)
#3645625 1&
#3645875 0+
#3646875 1+
#3647125 1)
#3647375 0" 0# 0$ 0'
#3648125 0-
#3648250 0)
#3648375 0! 0% 0&
#3648500 1$ 1'
#3648750 0*
#3649750 1*
#3650375 1!
#3650625 0*
#3651625 1*
#3652125 0!
#3652250 1"
#3652500 0*
#3653500 1*
#3654125 1!
#3654375 0*
#3655375 1*
#3656500 1) 1-
#3656750 0! 0$ 1(
#3656875 1# 1%
#3657625 0)
#3657750 0" 0# 0(
#3658125 0*
#3659125 1*
#3659375 1)
#3659500 0'
#3659625 1! 1" 1$ 1& 1(
#3660375 0)
#3660625 0! 0$ 0& 0(
#3660875 0+
#3662000 1+
#3662125 1)
#3662375 0"
#3662500 1! 1&
#3663250 0) 0-
#3663375 0! 0&
#3663500 1# 1$ 0% 1'
#3663750 0*
#3664750 1*
#3665375 1!
#3665625 0*
#3666625 1*
#3667125 0!
#3667250 1"
#3667500 0*
#3668500 1*
#3669125 1!
#3669375 0*
#3670375 1*
#3671500 1)
#3671625 1-
#3671750 0! 0$
#3671875 1% 1(
#3672625 0)
#3672750 0(
#3672875 0"
#3673125 0*
#3674125 1*
#3674375 1)
#3674625 1! 1" 1$ 1& 1(
#3675500 0)
#3677125 1)
#3677375 0" 0# 0$ 0' 0(
#3678250 0) 0-
#3678375 0!
#3678500 0& 1'
#3678750 0*
#3679750 1*
#3680375 1!
#3680625 0*
#3681625 1*
#3682125 0!
#3682250 1"
#3682500 0*
#3683500 1*
#3684125 1!
#3684375 0*
#3685375 1*
#3686500 1)
#3686625 1-
#3686750 0!
#3686875 1# 1(
#3687625 0)
#3687875 0" 0# 1$ 0(
#3688125 0*
#3689125 1*
#3689375 1)
#3689625 1(
#3689750 1! 1" 1&
#3690500 0)
#3690625 0! 0& 0(
#3690750 0$ 0'
#3691000 0+
#3692000 1+
#3692125 1)
#3692375 0"
#3692500 1! 1&
#3693250 0) 0-
#3693500 0! 0& 1'
#3693625 1#
#3693750 0*
#3694750 1*
#3695375 1!
#3695625 0*
#3696625 1*
#3697250 0! 1"
#3697500 0*
#3698500 1*
#3699125 1!
#3699375 0*
#3700375 1*
#3701625 1) 1-
#3701750 0!
#3701875 1(
#3702625 0)
#3702875 0" 0(
#3703000 1$
#3703125 0*
#3704125 1*
#3704375 1)
#3704625 0# 0$ 0%
#3704750 1&
#3705500 0)
#3705750 1! 1" 1# 1$ 1%
#3706000 0*
#3707000 1*
#3707250 1)
#3707500 0" 0# 0$ 0'
#3708250 0) 0-
#3708500 0! 0& 1'
#3708625 1$
#3708750 0*
#3709750 1*
#3710375 1!
#3710625 0*
#3711125 00
#3711625 1*
#3712250 0!
#3712375 1"
#3712500 0*
#3713500 1*
#3714125 1!
#3714375 0*
#3715500 1*
#3716625 1) 1-
#3716875 0! 1# 0$ 1(
#3717750 0)
#3717875 0" 0# 0% 0(
#3718000 1& 10
#3718125 0*
#3719250 1*
#3719375 1)
#3719750 1! 1" 1$ 1% 1( 0,
#3720500 0)
#3720750 0! 0$ 0& 0' 0(
#3721000 0+
#3722000 1+
#3722250 1)
#3722500 1! 0" 1&
#3722625 1,
#3723250 0-
#3723375 0)
#3723500 0! 0&
#3723625 1# 1$ 1'
#3723875 0*
#3724875 1*
#3725500 1!
#3725750 0*
#3726750 1*
#3727250 0!
#3727375 1"
#3727625 0*
#3728625 1*
#3729250 1!
#3729500 0*
#3730500 1*
#3731625 1) 1-
#3731875 0! 0$ 1(
#3732750 0)
#3732875 0" 0% 0(
#3733000 1&
#3733250 0*
#3734250 1*
#3734375 1)
#3734750 1! 1" 1$ 1% 1(
#3735500 0)
#3737250 1)
#3737500 0" 0# 0$ 0' 0(
#3738250 0-
#3738375 0)
#3738500 0! 0%
#3738625 1'
#3738875 0*
#3739875 1*
#3740500 1!
#3740750 0*
#3741750 1*
#3742250 0!
#3742375 1"
#3742625 0*
#3743625 1*
#3744250 1!
#3744500 0*
#3745500 1*
#3746625 1) 1-
#3746875 0! 0& 1(
#3747000 1# 1%
#3747750 0)
#3747875 0" 0# 0% 0(
#3748000 1$ 1&
#3748250 0*
#3749250 1*
#3749375 1)
#3749625 0'
#3749750 1! 1" 1% 1(
#3750500 0)
#3750750 0$ 0& 0(
#3751000 0+
#3752000 1+
#3752250 1)
#3752500 0"
#3752625 1&
#3753375 0) 0-
#3753500 0!
#3753625 1# 0% 1'
#3753875 0*
#3754875 1*
#3755500 1!
#3755750 0*
#3756750 1*
#3757250 0!
#3757375 1"
#3757625 0*
#3758625 1*
#3759250 1!
#3759500 0*
#3760500 1*
#3761625 1)
#3761750 1-
#3761875 0! 0&
#3762000 1% 1(
#3762750 0)
#3762875 0(
#3763000 0" 1$ 0% 1&
#3763250 0*
#3764250 1*
#3764500 1)
#3764750 1! 0# 0$
#3765500 0)
#3765875 1" 1# 1$ 1%
#3766125 0+
#3767125 1+
#3767250 1)
#3767500 0" 0# 0$ 0'
#3768375 0) 0-
#3768500 0!
#3768625 1$ 0% 1'
#3768875 0*
#3769875 1*
#3770500 1!
#3770750 0*
#3771750 1*
#3772250 0!
#3772375 1"
#3772625 0*
#3773625 1*
#3774250 1!
#3774500 0*
#3775500 1*
#3776625 1)
#3776750 1-
#3776875 0! 0$ 0&
#3777000 1# 1% 1(
#3777750 0)
#3777875 0(
#3778000 0" 0# 1&
#3778250 0*
#3779250 1*
#3779500 1)
#3779750 1! 1" 1(
#3779875 1$
#3780625 0)
#3780750 0$ 0& 0' 0(
#3781125 0+
#3782125 1+
#3782250 1)
#3782500 0"
#3782625 1&
#3783375 0) 0-
#3783500 0!
#3783625 1# 1$ 0% 1'
#3783875 0*
#3784875 1*
#3785500 1!
#3785750 0*
#3786750 1*
#3787250 0!
#3787375 1"
#3787625 0*
#3788625 1*
#3789250 1!
#3789500 0*
#3790500 1*
#3791625 1)
#3791750 1-
#3791875 0! 0$ 0&
#3792000 1% 1(
#3792750 0)
#3793000 0" 1& 0(
#3793250 0*
#3794250 1*
#3794500 1)
#3794750 1! 1" 0# 1(
#3794875 1$ 0, 00
#3795625 0)
#3795750 0$ 0& 0' 0(
#3796125 0+
#3797125 1+
#3797250 1)
#3797500 0"
#3797625 1& 1,
#3798375 0) 0-
#3798500 0!
#3798625 1'
#3798875 0*
#3799875 1*
#3800500 1!
#3800750 0*
#3801750 1*
#3801875 10
#3802250 0!
#3802375 1"
#3802625 0*
#3803625 1*
#3804250 1!
#3804500 0*
#3805500 1*
#3806625 1)
#3806750 1-
#3806875 0! 0&
#3807000 1# 1(
#3807750 0)
#3808000 0" 0# 1$ 1& 0(
#3808250 0*
#3809250 1*
#3809500 1)
#3809750 1! 1" 1# 1(
#3810625 0)
#3812250 1)
#3812500 0" 0# 0$ 0' 0(
#3813375 0) 0-
#3813625 0! 1# 1'
#3813875 0*
#3814875 1*
#3815500 1!
#3815750 0*
#3816750 1*
#3817250 0!
#3817375 1"
#3817625 0*
#3818625 1*
#3819250 1!
#3819500 0*
#3820500 1*
#3821625 1)
#3821750 1-
#3821875 0! 0&
#3822000 1(
#3822750 0)
#3822875 0(
#3823000 0" 1$ 1&
#3823250 0*
#3824250 1*
#3824500 1)
#3824750 1" 0# 0$ 0%
#3825625 0)
#3825875 1! 1# 1$ 1%
#3826125 0*
#3827125 1*
#3827250 1)
#3827500 0" 0# 0$ 0'
#3828375 0) 0-
#3828500 0!
#3828625 1$ 1'
#3828875 0*
#3829875 1*
#3830500 1!
#3830750 0*
#3831750 1*
#3832250 0!
#3832375 1"
#3832625 0*
#3833625 1*
#3834250 1!
#3834500 0*
#3835500 1*
#3836625 1)
#3836750 1-
#3837000 1# 1(
#3837750 0)
#3838250 0+
#3839250 1+
#3839500 1)
#3839750 0# 0'
#3840500 0)
#3840750 0$ 0& 0(
#3841125 0+
#3842125 1+
#3842250 1)
#3842500 0"
#3842625 1&
#3843375 0) 0-
#3843500 0!
#3843625 1# 1$ 1'
#3843875 0*
#3844875 1*
#3845500 1!
#3845750 0*
#3846750 1*
#3847250 0!
#3847375 1"
#3847625 0*
#3848625 1*
#3849250 1!
#3849500 0*
#3850500 1*
#3851625 1)
#3851750 1-
#3851875 0! 0$ 0& 1(
#3852750 0)
#3852875 0(
#3853000 0" 0# 0% 0'
#3853250 0*
#3854250 1*
#3854875 1!
#3855125 0*
#3856125 1*
#3856625 0!
#3856750 1"
#3857000 0*
#3857750 1)
#3858000 1*
#3858125 1# 1% 1' 1(
#3858875 0)
#3859000 0" 0# 0% 0' 0(
#3859250 0*
#3860375 1*
#3861000 1!
#3861250 0*
#3862250 1*
#3862750 0!
#3862875 1"
#3863125 0*
#3863875 1)
#3864125 1! 1$ 1% 1& 1' 1( 1*
#3864875 0)
#3865125 0$ 0& 0' 0(
#3865375 0+
#3866375 1+
#3866625 1)
#3866875 0! 0" 1(
#3867000 1$ 1'
#3867750 0)
#3867875 0$ 0% 0' 0(
#3868000 1"
#3868250 0*
#3869250 1*
#3869875 1%
#3870125 0*
#3871125 1*
#3871250 1)
#3871500 0"
#3871625 1# 1' 1(
#3872375 0)
#3872625 1" 0# 0% 0' 0(
#3872875 0*
#3873875 1*
#3874125 1)
#3874375 0" 1(
#3874500 1$ 1% 1'
#3875250 0)
#3875375 0$ 0% 0' 0(
#3875500 1"
#3875750 0*
#3876750 1*
#3877375 1%
#3877625 0*
#3878625 1*
#3878750 1) 00
#3879000 0"
#3879125 1# 1' 1(
#3879875 0)
#3880125 1" 0# 0% 0' 0(
#3880375 0*
#3881375 1*
#3881625 1)
#3881875 1' 1(
#3882000 1# 1%
#3882750 0)
#3882875 0" 0# 0% 0' 0(
#3883250 0*
#3884250 1*
#3884875 1!
#3885125 0*
#3885750 10
#3886125 1*
#3886625 0!
#3886750 1"
#3887000 0*
#3887750 1)
#3888000 1' 1( 1*
#3888125 1# 1%
#3888750 0)
#3889000 0" 0# 0% 0' 0(
#3889250 0*
#3890250 1*
#3890875 1!
#3891125 0*
#3892125 1*
#3892750 0!
#3892875 1"
#3893000 0*
#3894250 1)
#3894500 1*
#3895000 1! 1' 1(
#3895125 1$ 1% 1& 0,
#3895875 0)
#3896000 0$ 0& 0' 0(
#3896375 0+
#3897375 1+
#3898000 1)
#3898250 0! 0"
#3898375 1$ 1' 1( 1,
#3899125 0)
#3899750 0$ 0% 0' 0(
#3899875 1"
#3900125 0*
#3901125 1*
#3901750 1%
#3901875 0*
#3903000 1*
#3903125 1)
#3903375 0"
#3903500 1# 1' 1(
#3904250 0)
#3904500 1" 0# 0% 0' 0(
#3904750 0*
#3905750 1*
#3906000 1)
#3906250 0" 1$ 1% 1' 1(
#3907125 0)
#3907250 0$ 0% 0' 0(
#3907375 1"
#3907500 0*
#3908625 1*
#3909250 1%
#3909375 0*
#3910500 1*
#3910625 1)
#3910875 0"
#3911000 1# 1' 1(
#3911750 0)
#3912000 1" 0# 0% 0' 0(
#3912250 0*
#3913250 1*
#3913500 1)
#3913750 1# 1% 1' 1(
#3914500 0)
#3914750 0" 0# 0% 0' 0(
#3915000 0*
#3916000 1*
#3916750 1!
#3916875 0*
#3917875 1*
#3918500 0!
#3918625 1"
#3918750 0*
#3919500 1)
#3919750 1*
#3919875 1# 1% 1' 1(
#3920625 0)
#3920875 0" 0# 0% 0' 0(
#3921125 0*
#3922125 1*
#3922750 1!
#3923000 0*
#3924000 1*
#3924500 0!
#3924625 1"
#3924875 0*
#3925625 1)
#3925875 1*
#3926000 1! 1$ 1% 1& 1(
#3926750 0)
#3926875 0! 0(
#3927000 0" 1# 0$ 0&
#3927250 0+
#3928250 1+
#3928500 1)
#3928625 0#
#3928750 1$ 1' 1(
#3929500 0)
#3929750 0$ 0% 0' 0(
#3929875 1"
#3930000 0*
#3931000 1*
#3931625 1%
#3931875 0*
#3932875 1*
#3933125 1)
#3933375 0"
#3933500 1# 1' 1(
#3934250 0)
#3934375 0' 0(
#3934500 1" 0# 0%
#3934750 0*
#3935750 1*
#3935875 1)
#3936125 0"
#3936250 1$ 1% 1' 1(
#3937000 0)
#3937250 1" 0$ 0% 0' 0(
#3937500 0*
#3938500 1*
#3939125 1%
#3939375 0*
#3940375 1*
#3940625 1)
#3940875 0" 1(
#3941000 1# 1'
#3941750 0)
#3941875 0# 0% 0' 0(
#3942000 1"
#3942250 0*
#3943250 1*
#3943375 1)
#3943750 1# 1% 1' 1(
#3944500 0)
#3944750 0" 0# 0% 0' 0(
#3945000 0*
#3946000 1*
#3946625 1!
#3946875 0*
#3947875 1*
#3948500 0! 1"
#3948750 0*
#3949500 1)
#3949750 1*
#3949875 1# 1% 1' 1(
#3950625 0)
#3950750 0(
#3950875 0" 0# 0% 0'
#3951125 0*
#3952125 1*
#3952750 1!
#3953000 0*
#3954000 1*
#3954500 0!
#3954625 1"
#3954875 0*
#3955625 1)
#3955875 1*
#3956000 1! 1$ 1% 1& 1' 1(
#3956750 0)
#3956875 0! 0" 0$ 0& 0' 0(
#3957000 1#
#3957250 0+
#3958250 1+
#3958375 1)
#3958625 0#
#3958750 1$ 1' 1(
#3959500 0)
#3959750 1" 0$ 0% 0' 0(
#3960000 0*
#3961000 1*
#3961625 1%
#3961875 0*
#3962625 00
#3962875 1*
#3963125 1)
#3963375 0" 1' 1(
#3963500 1#
#3964250 0)
#3964375 0# 0% 0' 0(
#3964500 1"
#3964750 0*
#3965750 1*
#3965875 1)
#3966125 0"
#3966250 1$ 1% 1' 1(
#3967000 0)
#3967250 1" 0$ 0% 0' 0(
#3967500 0*
#3968500 1*
#3969125 1%
#3969375 0*
#3969625 10
#3970375 1*
#3970625 1)
#3970875 0" 1' 1(
#3971000 1#
#3971750 0)
#3971875 0# 0% 0' 0(
#3972000 1"
#3972125 0*
#3973250 1*
#3973375 1)
#3988750 1! 1$ 1% 1& 1' 1( 0,
#3989500 0)
#3989750 0! 0" 1# 0$ 0& 0' 0(
#3990000 0+
#3991000 1+
#3991250 1)
#3992500 1! 1" 1$ 1& 1' 1( 1,
#3993250 0)
#3995000 1)
#3998000 0! 0$ 0&
#3998875 0)
#3999125 0" 0# 0% 0' 0(
#3999375 0*
#4000375 1*
#4000625 1)
#4000875 1& 1' 1(
#4001000 1! 1" 1# 1$ 1%
#4001750 0)
#4003375 1)
#4004500 0)
#4005000 0+
#4006000 1+
#4006875 0+
#4007875 1+
#4008750 0+
#4009750 1+
#4010625 0+
#4011625 1+
#4012750 1)
#4013000 0! 0$ 0&
#4013875 0)
#4014125 0" 0% 0' 0(
#4014375 0*
#4015375 1*
#4015625 1)
#4015875 1! 1' 1(
#4016000 1" 1$ 1% 1&
#4016750 0)
#4018375 1)
#4018625 0" 0# 0$ 0' 0(
#4019500 0) 0-
#4019750 0! 0% 0& 1(
#4020000 0*
#4021000 1*
#4021625 1!
#4021875 0*
#4022875 1*
#4023375 0!
#4023500 1"
#4023750 0*
#4024750 1*
#4025375 1!
#4025625 0*
#4026625 1*
#4027750 1)
#4027875 1-
#4028000 0!
#4028125 1# 1% 1'
#4028875 0)
#4029125 0" 0# 1$ 0% 0' 0(
#4029375 0*
#4030375 1*
#4030625 1)
#4030875 1! 1(
#4031000 1" 1% 1&
#4031750 0)
#4031875 0! 0" 0$ 0& 0(
#4032000 1#
#4032250 0+
#4033250 1+
#4033375 1)
#4033625 0#
#4033750 1! 1&
#4034500 0) 0-
#4034750 0! 1# 0% 0& 1(
#4035000 0*
#4036000 1*
#4036625 1!
#4036875 0*
#4037875 1*
#4038500 0! 1"
#4038750 0*
#4039750 1*
#4040375 1!
#4040625 0*
#4041625 1*
#4042750 1)
#4042875 1-
#4043000 0!
#4043125 1% 1'
#4043875 0)
#4044125 0" 1$ 0% 0' 0(
#4044375 0*
#4045375 1*
#4045625 1)
#4045875 1! 0# 0$ 1'
#4046000 1" 1&
#4046500 00
#4046750 0)
#4047000 1# 1$ 1%
#4047250 0+
#4048250 1+
#4048375 1)
#4048625 0" 0# 0$
#4048750 0'
#4049500 0) 0-
#4049750 0! 1$ 0% 0& 1(
#4050000 0*
#4051000 1*
#4051625 1!
#4051875 0*
#4052875 1*
#4053375 10
#4053500 0! 1"
#4053750 0*
#4054750 1*
#4055375 1!
#4055625 0*
#4056625 1*
#4057750 1)
#4057875 1-
#4058000 0!
#4058125 1# 0$ 1% 1'
#4058875 0)
#4059125 0" 0# 0' 0(
#4059375 0*
#4060375 1*
#4060625 1)
#4061000 1! 1" 1$ 1& 1' 1(
#4061750 0)
#4061875 0! 0' 0(
#4062000 0" 1# 0$ 0&
#4062250 0+
#4063250 1+
#4063500 1)
#4063625 0#
#4063750 1! 1&
#4064500 0) 0-
#4064750 0! 0% 0& 1(
#4064875 1# 1$
#4065000 0*
#4066000 1*
#4066625 1!
#4066875 0*
#4067875 1*
#4068500 0!
#4068625 1"
#4068750 0*
#4069750 1*
#4070375 1!
#4070625 0*
#4071625 1*
#4072875 1) 1-
#4073000 0!
#4073125 0$ 1% 1'
#4073875 0)
#4074125 0" 0' 0(
#4074375 0*
#4075375 1*
#4075625 1)
#4075875 0#
#4076000 1! 1" 1$ 1& 1' 1( 0,
#4076750 0)
#4077000 0! 0" 1# 0$ 0& 0' 0(
#4077250 0+
#4078250 1+
#4078500 1)
#4078750 1! 0# 1&
#4078875 1,
#4079500 0) 0-
#4079750 0! 0&
#4079875 1(
#4080000 0*
#4081125 1*
#4081625 1!
#4081875 0*
#4083000 1*
#4083500 0!
#4083625 1"
#4083750 0*
#4084875 1*
#4085500 1!
#4085625 0*
#4086750 1*
#4087875 1) 1-
#4088125 0! 1# 1'
#4089000 0)
#4089125 0" 0# 0' 0(
#4089250 1$
#4089375 0*
#4090500 1*
#4090625 1)
#4091000 1! 1" 1# 1& 1' 1(
#4091750 0)
#4093500 1)
#4093750 0" 0# 0$ 0' 0(
#4094500 0-
#4094625 0)
#4094750 0! 0&
#4094875 1# 1(
#4095125 0*
