$date Sat Aug 15 10:48:25 2026 $end
$version libsigrok 0.5.2 $end
$comment
  Acquisition with 16/16 channels at 80 MHz
$end
$timescale 100 ps $end
$scope module libsigrok $end
$var wire 1 ! A0 $end
$var wire 1 " A1 $end
$var wire 1 # A2 $end
$var wire 1 $ A3 $end
$var wire 1 % A4 $end
$var wire 1 & A5 $end
$var wire 1 ' A6 $end
$var wire 1 ( A7 $end
$var wire 1 ) RAS $end
$var wire 1 * CAS0 $end
$var wire 1 + CAS1 $end
$var wire 1 , R/W $end
$var wire 1 - VDS $end
$var wire 1 . IRQ $end
$var wire 1 / CSW $end
$var wire 1 0 CSR $end
$upscope $end
$enddefinitions $end
#0 1! 1" 1# 1$ 1% 1& 1' 1( 0) 1* 1+ 1, 1- 0. 1/ 10
#125 0! 0# 0$ 0% 0& 0( 1) 0* 0- 00
#250 1! 1# 1$ 1& 0' 0) 1* 10
#500 0*
#1500 1*
#2625 1) 1-
#2875 0! 0$ 0& 1' 1(
#3000 1%
#3750 0)
#3875 0" 0' 0(
#4000 1&
#4250 0*
#5250 1*
#5375 1)
#5750 1! 1" 1$ 1' 1(
#6500 0)
#8250 1)
#8500 0" 0# 0$ 0% 0' 0(
#9250 0-
#9375 0)
#9500 0!
#9625 1%
#9750 0*
#10875 1*
#11500 1!
#11625 0*
#12750 1*
#13250 0!
#13375 1"
#13500 0*
#14625 1*
#15250 1!
#15375 0*
#16500 1*
#17625 1) 1-
#17875 0! 1# 0& 1' 1(
#18750 0)
#18875 0" 0# 0' 0(
#19000 1$ 1&
#19125 0*
#20250 1*
#20375 1)
#20625 0&
#20750 1! 1(
#21500 0)
#21750 0$
#22000 0+
#23000 1+
#23250 1)
#23500 0% 1& 0(
#24250 0) 0-
#24500 0!
#24625 1# 1%
#24750 0*
#25750 1*
#26375 1!
#26625 0*
#27625 1*
#28250 0!
#28375 1"
#28500 0*
#28625 00
#29500 1*
#30125 1!
#30375 0*
#31375 1*
#32625 1) 1-
#32750 0!
#32875 0& 1' 1(
#33625 0)
#33875 0" 0' 0(
#34000 1$ 1&
#34125 0*
#35125 1*
#35375 1)
#35625 0# 0$ 0& 10
#35750 1! 1(
#36500 0)
#36750 1" 1# 1$ 1&
#37000 0+
#38000 1+
#38250 1)
#38500 0" 0# 0$ 0% 0(
#39250 0) 0-
#39500 0! 1%
#39625 1$
#39750 0*
#40750 1*
#41375 1!
#41625 0*
#42625 1*
#43250 0! 1"
#43500 0*
#44500 1*
#45125 1!
#45375 0*
#46375 1*
#47625 1) 1-
#47750 0!
#47875 1# 0$ 0& 1' 1(
#48625 0)
#48875 0" 0# 0% 0(
#49125 0*
#50125 1*
#50375 1)
#50750 1! 1$ 1% 1( 0,
#51500 0)
#51625 0$ 0'
#52000 0+
#53000 1+
#53125 1)
#53375 0% 0(
#53500 1&
#53625 1,
#54250 0) 0-
#54500 0! 1# 1$ 1%
#54750 0*
#55750 1*
#56375 1!
#56625 0*
#57625 1*
#58250 0! 1"
#58500 0*
#59500 1*
#60125 1!
#60375 0*
#61375 1*
#62500 1)
#62625 1-
#62750 0!
#62875 0$ 0& 1' 1(
#63625 0)
#63875 0" 0% 0(
#64125 0*
#65125 1*
#65375 1)
#65625 1(
#65750 1! 1" 1$ 1% 1&
#66500 0)
#68125 1)
#68375 0$
#68500 0" 0# 0% 0' 0(
#69250 0) 0-
#69500 0! 0& 1'
#69750 0*
#70750 1*
#71375 1!
#71625 0*
#72625 1*
#73250 0! 1"
#73500 0*
#74500 1*
#75125 1!
#75375 0*
#76375 1*
#77500 1)
#77625 1-
#77750 0!
#77875 1# 1% 1(
#78625 0)
#78875 0" 0# 1$ 0% 0(
#79125 0*
#80125 1*
#80375 1)
#80625 1! 1% 0' 1(
#81500 0)
#81625 0! 0$
#81750 1"
#82000 0+
#83000 1+
#83125 1)
#83375 0" 0% 0(
#83500 1! 1&
#84250 0) 0-
#84375 0!
#84500 1# 0& 1'
#84750 0*
#85750 1*
#86375 1!
#86625 0*
#87625 1*
#88125 0!
#88250 1"
#88500 0*
#89500 1*
#90125 1!
#90375 0*
#91375 1*
#92500 1)
#92625 1-
#92750 0!
#92875 1% 1(
#93625 0)
#93875 0" 1$ 0% 0(
#94125 0*
#95125 1*
#95375 1)
#95625 1" 0# 0$ 1% 0' 1(
#96500 0)
#96750 1! 1# 1$ 1&
#96875 0*
#98000 1*
#98125 1)
#98375 0" 0# 0$ 0% 0(
#99250 0) 0-
#99375 0!
#99500 1$ 0& 1'
#99750 0*
#100750 1*
#101375 1!
#101625 0*
#102625 1*
#103125 0!
#103250 1"
#103500 0*
#104500 1*
#105125 1!
#105375 0*
#106375 1*
#107500 1)
#107625 1-
#107750 0! 0$
#107875 1# 1% 1(
#108625 0)
#108750 0(
#108875 0" 0#
#109125 0*
#110125 1*
#110375 1)
#110625 1! 1$ 1(
#110750 0,
#111375 0)
#111625 0! 0$ 0'
#111750 1"
#111875 0+
#112500 00
#113000 1+
#113125 1)
#113375 0" 0% 0(
#113500 1! 1& 1,
#114250 0) 0-
#114375 0! 0&
#114500 1# 1$ 1'
#114750 0*
#115750 1*
#116375 1!
#116625 0*
#117625 1*
#118125 0!
#118250 1"
#118500 0*
#119500 1* 10
#120125 1!
#120375 0*
#121375 1*
#122500 1)
#122625 1-
#122750 0! 0$
#122875 1% 1(
#123625 0)
#123750 0(
#123875 0"
#124125 0*
#125125 1*
#125375 1)
#125625 1! 1" 1$ 1& 1(
#126500 0)
#128125 1)
#128375 0" 0# 0$ 0% 0' 0(
#129250 0) 0-
#129375 0!
#129500 1% 0& 1'
#129750 0*
#130750 1*
#131375 1!
#131625 0*
#132625 1*
#133125 0!
#133250 1"
#133500 0*
#134500 1*
#135125 1!
#135375 0*
#136375 1*
#137500 1)
#137625 1-
#137750 0!
#137875 1# 1(
#138625 0)
#138750 0(
#138875 0" 0# 1$
#139125 0*
#140125 1*
#140375 1)
#140625 1! 0' 1(
#141500 0)
#141625 0$
#141750 1"
#142000 0+
#143000 1+
#143125 1)
#143375 0" 0% 0(
#143500 1&
#144250 0) 0-
#144375 0!
#144500 1# 1% 0& 1'
#144750 0*
#145750 1*
#146375 1!
#146625 0*
#147625 1*
#148125 0!
#148250 1"
#148500 0*
#149500 1*
#150125 1!
#150375 0*
#151375 1*
#152500 1)
#152625 1-
#152750 0!
#152875 1(
#153625 0)
#153875 0" 1$ 0(
#154125 0*
#155125 1*
#155375 1)
#155625 1! 1" 0# 0$ 0' 1(
#156500 0)
#156750 1# 1$ 1&
#157000 0+
#158000 1+
#158125 1)
#158375 0" 0# 0$ 0% 0(
#159250 0) 0-
#159500 0! 1$ 1% 0& 1'
#159750 0*
#160750 1*
#161375 1!
#161625 0*
#162625 1*
#163125 0!
#163250 1"
#163500 0*
#164500 1*
#165125 1!
#165375 0*
#166375 1*
#167500 1)
#167625 1-
#167750 0! 0$
#167875 1# 1(
#168625 0)
#168875 0" 0# 0% 1& 0(
#169125 0*
#170125 1*
#170375 1)
#170625 1! 0& 1(
#170750 1$ 1% 0,
#171500 0)
#171625 0$ 0'
#171750 1"
#172000 0+
#173000 1+
#173125 1)
#173375 0" 0% 0(
#173500 1&
#173625 1,
#174250 0) 0-
#174500 0! 1# 1$ 1% 0& 1'
#174750 0*
#175750 1*
#176375 1!
#176625 0*
#177625 1*
#178250 0! 1"
#178500 0*
#179500 1*
#180125 1!
#180375 0*
#181375 1*
#182500 1)
#182625 1-
#182750 0!
#182875 0$ 1(
#183625 0)
#183875 0" 0% 1& 0(
#184125 0*
#185125 1*
#185375 1)
#185750 1! 1" 1$ 1% 1(
#186500 0)
#188125 1)
#188500 0" 0# 0$ 0% 0' 0(
#189250 0) 0-
#189500 0! 1'
#189750 0*
#190750 1*
#191375 1!
#191625 0*
#192625 1*
#193250 0! 1"
#193500 0*
#194500 1*
#195125 1!
#195375 0*
#196375 1* 00
#197625 1) 1-
#197750 0!
#197875 1# 1% 0& 1(
#198625 0)
#198875 0" 0# 0% 1& 0(
#199000 1$
#199125 0*
#200125 1*
#200375 1)
#200625 0& 0'
#200750 1! 1% 1(
#201500 0)
#201625 0!
#201750 1# 0$
#202000 0+
#203000 1+
#203250 1)
#203375 10
#203500 1! 0# 0% 1& 0(
#204250 0) 0-
#204500 0!
#204625 1# 1'
#204750 0*
#205750 1*
#206375 1!
#206625 0*
#207625 1*
#208250 0!
#208375 1"
#208500 0*
#209625 1*
#210125 1!
#210375 0*
#211500 1*
#212625 1) 1-
#212875 0! 1% 0& 1(
#213750 0)
#213875 0" 0% 0(
#214000 1$ 1&
#214125 0*
#215250 1*
#215375 1)
#215625 0$ 0& 0'
#215750 1% 1(
#216500 0)
#216750 1! 1" 1$ 1&
#217000 0*
#218000 1*
#218250 1)
#218500 0" 0# 0$ 0% 0(
#219250 0-
#219375 0)
#219500 0!
#219625 1$ 1'
#219750 0*
#220875 1*
#221500 1!
#221750 0*
#222750 1*
#223250 0!
#223375 1"
#223625 0*
#224625 1*
#225250 1!
#225500 0*
#226500 1*
#227625 1) 1-
#227875 0! 0$ 0& 1(
#228000 1# 1%
#228750 0)
#228875 0" 0# 0(
#229000 1&
#229250 0*
#230250 1*
#230375 1)
#230625 0&
#230750 1! 1$ 1(
#230875 0,
#231500 0)
#231750 0! 1# 0$ 0'
#232000 0+
#233000 1+
#233250 1)
#233500 1! 0# 0% 0(
#233625 1& 1,
#234250 0-
#234375 0)
#234500 0!
#234625 1# 1$ 1'
#234875 0*
#235875 1*
#236500 1!
#236750 0*
#237750 1*
#238250 0!
#238375 1"
#238625 0*
#239625 1*
#240250 1!
#240500 0*
#241500 1*
#242625 1) 1-
#242875 0! 0$ 0& 1(
#243000 1%
#243750 0)
#243875 0" 0(
#244000 1&
#244250 0*
#245250 1*
#245500 1)
#245750 1! 1" 1$ 1(
#246500 0)
#248250 1)
#248500 0" 0# 0$ 0% 0' 0(
#249250 0-
#249375 0)
#249500 0!
#249625 1% 1'
#249875 0*
#250875 1*
#251500 1!
#251750 0*
#252750 1*
#253250 0!
#253375 1"
#253625 0*
#254625 1*
#255250 1!
#255500 0*
#256500 1*
#257625 1)
#257750 1-
#257875 0! 0&
#258000 1# 1(
#258750 0)
#259000 0" 0# 1$ 1& 0(
#259250 0*
#260250 1*
#260500 1)
#260750 1! 0& 0' 1(
#261625 0)
#261750 0$
#261875 1#
#262125 0+
#263125 1+
#263250 1)
#263500 0# 0% 0(
#263625 1&
#264375 0) 0-
#264625 0! 1# 1% 1'
#264875 0*
#265875 1*
#266500 1!
#266750 0*
#267750 1*
#268375 0! 1"
#268625 0*
#269625 1*
#270250 1!
#270500 0*
#271500 1*
#272625 1)
#272750 1-
#272875 0! 0&
#273000 1(
#273750 0)
#274000 0" 1$ 1& 0(
#274250 0*
#275250 1*
#275500 1)
#275750 1! 0$ 0& 0' 1(
#276625 0)
#276875 1" 1$ 1&
#277125 0+
#278125 1+
#278250 1)
#278625 0" 0# 0$ 0% 0(
#279375 0) 0-
#279625 0! 1$ 1% 1'
#279875 0*
#280250 00
#280875 1*
#281500 1!
#281750 0*
#282750 1*
#283375 0! 1"
#283625 0*
#284625 1*
#285250 1!
#285500 0*
#286500 1*
#287125 10
#287750 1) 1-
#288000 1# 1(
#288750 0)
#289250 0+
#290375 1+
#290500 1)
#290750 0" 0# 0&
#290875 0,
#291625 0)
#291750 0'
#291875 1# 0$
#292125 0+
#293125 1+
#293375 1)
#293625 0# 0% 1& 0(
#293750 1,
#294375 0) 0-
#294625 0!
#294750 1# 1$ 1% 1'
#294875 0*
#295875 1*
#296500 1!
#296750 0*
#297750 1*
#298375 0!
#298500 1"
#298625 0*
#299625 1*
#300250 1!
#300500 0*
#301625 1*
#302750 1) 1-
#303000 0! 0$ 0& 1(
#303750 0)
#304000 0" 0# 0% 0(
#304125 1&
#304250 0*
#305375 1*
#306000 1!
#306125 0*
#307250 1*
#307750 0!
#307875 1"
#308000 0*
#308875 1)
#309000 0& 1*
#309125 1# 1(
#309250 1%
#309875 0)
#310125 0" 0% 1& 0(
#310375 0*
#311375 1*
#312000 1!
#312250 0*
#313250 1*
#313875 0!
#314000 1"
#314125 0*
#314875 1)
#315125 1*
#315250 1! 1$ 1% 1(
#316000 0)
#317750 1)
#318000 0# 0&
#318875 0)
#319000 0! 0$ 0% 0' 0(
#319375 0*
#320375 1*
#321000 1%
#321250 0*
#322250 1*
#322375 1)
#322625 0"
#322750 1! 1# 1' 1(
#323500 0)
#323750 0! 1" 0# 0% 0'
#324000 0*
#325000 1*
#325250 1)
#325500 1! 1'
#325625 1$ 1%
#326375 0)
#326500 0! 0$ 0% 0' 0(
#326625 1&
#326875 0*
#327875 1*
#328500 1%
#328750 0*
#329750 1*
#329875 1)
#330125 0" 0&
#330250 1! 1# 1' 1(
#331000 0)
#331250 0! 1" 0# 0'
#331500 0*
#332500 1*
#332750 1)
#333000 1'
#333125 1#
#333875 0)
#334000 0" 0# 0% 0(
#334125 1$ 1&
#334375 0*
#335375 1*
#336000 1!
#336250 0*
#337250 1*
#337750 0!
#337875 1"
#338125 0*
#338875 1)
#339125 0$ 0& 1( 1*
#339250 1# 1%
#340000 0)
#340125 0" 0% 0(
#340250 1$ 1&
#340375 0*
#341500 1*
#342125 1!
#342250 0*
#343375 1*
#343875 0!
#344000 1"
#344125 0*
#345375 1)
#345625 1*
#346125 0" 0# 0& 0' 1(
#346250 1! 1%
#347000 0)
#347125 0! 0$
#347250 1" 1#
#347500 0+
#348500 1+
#349125 1)
#349375 0#
#349500 1! 1$ 1'
#350250 0)
#350875 0! 0$ 0% 0(
#351250 0*
#352250 1*
#352875 1%
#353125 0*
#354125 1*
#354375 1)
#354500 0"
#354625 1! 1# 1(
#355375 0)
#355625 0! 0# 0% 1& 0'
#355750 1"
#355875 0*
#356875 1*
#357125 1)
#357375 0&
#357500 1! 1$ 1% 1'
#358250 0)
#358375 0! 0$ 0% 0(
#358500 1&
#358750 0*
#359750 1*
#360375 1%
#360625 0*
#361625 1*
#361875 1)
#362000 0"
#362125 1! 1# 0& 1(
#362875 0)
#363125 0! 1" 0# 1& 0'
#363375 0*
#364000 00
#364375 1*
#364625 1)
#364875 0&
#365000 1# 1'
#365750 0)
#365875 0" 0# 0(
#366000 1&
#366250 0*
#367250 1*
#367875 1!
#368125 0*
#369125 1*
#369625 0!
#369750 1"
#370000 0*
#370750 1)
#371000 0& 1* 10
#371125 1# 1(
#371875 0)
#372000 0" 0(
#372125 1&
#372250 0*
#373375 1*
#374000 1!
#374125 0*
#375250 1*
#375750 0!
#375875 1"
#376000 0*
#376875 1)
#377000 0" 0# 0& 1*
#377125 1! 1$ 1(
#377250 0,
#377875 0)
#378125 0! 1" 1# 0$ 0'
#378375 0+
#379375 1+
#379625 1)
#379875 0#
#380000 1! 1$ 1' 1,
#380750 0)
#380875 0! 0$ 0% 0'
#381250 0*
#382250 1*
#382875 1%
#383125 0*
#384125 1*
#384250 1)
#384500 0"
#384625 1! 1# 1'
#385375 0)
#385625 0! 1" 0# 0%
#385875 0*
#386875 1*
#387125 1)
#387500 1! 1$ 1%
#388250 0)
#388375 0! 0$ 0% 0'
#388500 1&
#388750 0*
#389750 1*
#390375 1%
#390625 0*
#391625 1*
#391750 1)
#392000 0" 0&
#392125 1! 1# 1'
#392875 0)
#393125 0! 1" 0#
#393375 0*
#394375 1*
#394625 1)
#395000 1#
#395750 0)
#395875 0" 0# 0(
#396000 1$ 1&
#396250 0*
#397250 1*
#397875 1!
#398125 0*
#399125 1*
#399625 0!
#399750 1"
#400000 0*
#400750 1)
#401000 0$ 0& 1( 1*
#401125 1#
#401875 0)
#402000 0" 1& 0(
#402125 1$
#402250 0*
#403250 1*
#403875 1!
#404125 0*
#405125 1*
#405750 0!
#405875 1"
#406000 0*
#406750 1)
#407000 0" 0# 0& 0' 1*
#407125 1! 1(
#407875 0)
#408125 1" 1# 0$
#408375 0+
#409375 1+
#409625 1)
#409875 0# 1'
#410000 1$
#410750 0)
#410875 0! 0$ 0%
#411250 0*
#412250 1*
#412875 1%
#413125 0*
#414125 1*
#414250 1)
#414500 0"
#414625 1! 1#
#415375 0)
#415625 0! 1" 0# 0% 1&
#415875 0*
#416875 1*
#417125 1)
#417375 1! 1% 0&
#417500 1$
#418250 0)
#418375 0! 0$ 0%
#418500 1&
#418625 0*
#419750 1*
#420375 1%
#420625 0*
#421625 1*
#421750 1)
#422000 0" 0&
#422125 1! 1#
#422875 0)
#423125 0! 1" 0# 1&
#423375 0*
#424375 1*
#424625 1)
#439875 1! 0" 1$ 0&
#440000 0,
#440625 0)
#440875 0$ 0'
#441000 1" 1#
#441125 0+
#442250 1+
#442375 1)
#443625 1$ 1& 1'
#443750 1,
#444375 0)
#446125 1)
#447875 00
#449250 0! 0$ 0&
#450000 0)
#450250 0" 0# 0% 0' 0(
#450500 0*
#451500 1*
#451750 1)
#452125 1! 1" 1# 1$ 1% 1& 1' 1(
#452875 0)
#454625 1)
#454875 10
#455625 0)
#456125 0+
#457125 1+
#458000 0+
#459000 1+
#459875 0+
#460875 1+
#461750 0+
#462750 1+
#463875 1)
#464125 0!
#464250 0$ 0&
#465000 0)
#465250 0" 0% 0' 0(
#465500 0*
#466500 1*
#466750 1)
#467125 1! 1" 1$ 1% 1& 1' 1(
#467875 0)
#469500 1)
#469875 0" 0# 0$ 0% 0' 0(
#470625 0) 0-
#470875 0! 0& 1(
#471125 0*
#472125 1*
#472750 1!
#473000 0*
#474000 1*
#474625 0! 1"
#474875 0*
#475875 1*
#476500 1!
#476750 0*
#477750 1*
#478875 1)
#479000 1-
#479125 0!
#479250 1# 1% 1'
#480000 0)
#480250 0" 0# 1$ 0% 0' 0(
#480500 0*
#481500 1*
#481750 1)
#482000 1! 1(
#482125 1%
#482875 0)
#483000 0!
#483375 0+
#484375 1+
#484500 1)
#484750 0$ 0% 0(
#484875 1! 1&
#485625 0) 0-
#485750 0!
#485875 1# 0& 1(
#486125 0*
#487125 1*
#487750 1!
#488000 0*
#489000 1*
#489500 0!
#489625 1"
#489875 0*
#490875 1*
#491500 1!
#491750 0*
#492750 1*
#493875 1)
#494000 1-
#494125 0!
#494250 1% 1'
#495000 0)
#495125 0'
#495250 0" 1$ 0% 0(
#495500 0*
#496500 1*
#496750 1)
#497000 1" 0$ 1% 1(
#497750 0)
#498125 1! 1$ 1&
#498250 0*
#499250 1*
#499500 1)
#499750 0" 0# 0$ 0% 0(
#500625 0) 0-
#500750 0! 0&
#500875 1$ 1(
#501125 0*
#502125 1*
#502750 1!
#503000 0*
#504000 1*
#504500 0!
#504625 1"
#504875 0*
#505875 1*
#506500 1!
#506750 0*
#507750 1*
#508875 1) 1-
#509125 0! 0$
#509250 1# 1% 1'
#510000 0)
#510125 0# 0'
#510250 0" 0(
#510500 0*
#511500 1*
#511750 1)
#512000 1! 1$ 1' 1(
#512125 0,
#512750 0)
#513000 0! 0'
#513250 0+
#514375 1+
#514500 1)
#514750 1! 0$ 0% 0(
#514875 1& 1,
#515625 0) 0-
#515750 0! 0&
#515875 1# 1$ 1(
#516125 0*
#517125 1*
#517750 1!
#518000 0*
#519000 1*
#519500 0!
#519625 1"
#519875 0*
#520875 1*
#521500 1!
#521750 0*
#522750 1*
#523875 1) 1-
#524125 0! 0$
#524250 1% 1'
#525000 0)
#525125 0" 0' 0(
#525500 0*
#526500 1*
#526750 1)
#527000 1! 1" 1$ 1& 1' 1(
#527750 0)
#529500 1)
#529750 0" 0# 0$ 0% 0' 0(
#530500 0-
#530625 0)
#530750 0! 0&
#530875 1% 1(
#531125 0*
#531750 00
#532125 1*
#532750 1!
#533000 0*
#534000 1*
#534500 0!
#534625 1"
#534875 0*
#535875 1*
#536500 1!
#536750 0*
#537750 1*
#538750 10
#538875 1) 1-
#539125 0! 1'
#539250 1#
#540000 0)
#540125 0" 0# 0' 0(
#540250 1$
#540500 0*
#541500 1*
#541625 1)
#542000 1! 1(
#542750 0)
#543250 0+
#544250 1+
#544500 1)
#544750 0$ 0% 0(
#544875 1&
#545500 0-
#545625 0)
#545750 0! 0&
#545875 1# 1% 1(
#546125 0*
#547125 1*
#547750 1!
#548000 0*
#549000 1*
#549500 0!
#549625 1"
#549875 0*
#550875 1*
#551500 1!
#551750 0*
#552750 1*
#553875 1) 1-
#554125 0! 1'
#555000 0)
#555125 0" 0' 0(
#555250 1$
#555500 0*
#556500 1*
#556625 1)
#556875 0$
#557000 1! 1" 1(
#557750 0)
#558000 1$ 1&
#558250 0+
#559250 1+
#559500 1)
#559750 0" 0# 0$ 0% 0(
#560500 0-
#560625 0)
#560750 0! 0&
#560875 1$ 1% 1(
#561125 0*
#562125 1*
#562750 1!
#563000 0*
#564000 1*
#564500 0!
#564625 1"
#564875 0*
#565875 1*
#566500 1!
#566750 0*
#567750 1*
#568875 1) 1-
#569125 0! 0$ 1'
#569250 1#
#570000 0)
#570125 0" 0# 0% 0' 0(
#570250 1&
#570500 0*
#571500 1*
#571625 1)
#571875 0&
#572000 1! 1$ 1% 1' 1(
#572125 0,
#572750 0)
#573000 0'
#573250 0+
#574250 1+
#574500 1)
#574750 0$ 0% 0(
#574875 1& 1,
#575500 0-
#575625 0)
#575750 0! 0&
#575875 1# 1$ 1% 1(
#576125 0*
#577125 1*
#577750 1!
#578000 0*
#579000 1*
#579500 0!
#579625 1"
#579875 0*
#580875 1*
#581500 1!
#581750 0*
#582750 1*
#583875 1) 1-
#584125 0! 0$ 1'
#585000 0)
#585125 0" 0% 0' 0(
#585250 1&
#585500 0*
#586500 1*
#586750 1)
#587000 1! 1" 1$ 1% 1' 1(
#587750 0)
#589500 1)
#589750 0" 0# 0$ 0% 0' 0(
#590500 0-
#590625 0)
#590750 0!
#590875 1(
#591125 0*
#592125 1*
#592750 1!
#593000 0*
#594000 1*
#594500 0!
#594625 1"
#594875 0*
#595875 1*
#596500 1!
#596750 0*
#597750 1*
#598875 1) 1-
#599125 0! 0&
#599250 1# 1% 1'
#600000 0)
#600125 0# 0'
#600250 0" 1$ 0% 1& 0(
#600500 0*
#601500 1*
#601750 1)
#601875 0&
#602000 1! 1% 1(
#602750 0)
#603000 0!
#603125 1"
#603250 0+
#604375 1+
#604500 1)
#604750 0" 0$ 0% 0(
#604875 1! 1&
#605625 0) 0-
#605750 0!
#605875 1# 1(
#606125 0*
#607125 1*
#607750 1!
#608000 0*
#609000 1*
#609500 0!
#609625 1"
#609875 0*
#610875 1*
#611500 1!
#611750 0*
#612750 1*
#613875 1)
#614000 1-
#614125 0! 0&
#614250 1% 1'
#615000 0)
#615125 0'
#615250 0" 1$ 0% 1& 0(
#615500 0*
#615625 00
#616500 1*
#616750 1)
#617000 0# 1% 0& 1(
#617875 0)
#618125 1! 1" 1# 1&
#618250 0*
#619375 1*
#619500 1)
#619750 0" 0# 0$ 0% 0(
#620625 0) 0-
#620750 0!
#620875 1$ 1(
#621125 0*
#622125 1*
#622500 10
#622750 1!
#623000 0*
#624000 1*
#624500 0!
#624625 1"
#624875 0*
#625875 1*
#626500 1!
#626750 0*
#627750 1*
#628875 1)
#629000 1-
#629125 0! 0$ 0&
#629250 1# 1% 1'
#630000 0)
#630250 0" 0# 1& 0' 0(
#630500 0*
#631500 1*
#631750 1)
#632000 0& 1' 1(
#632125 1! 1$ 0,
#632875 0)
#633000 0! 0'
#633125 1"
#633375 0+
#634375 1+
#634500 1)
#634750 0" 0$ 0% 0(
#634875 1! 1&
#635000 1,
#635625 0) 0-
#635875 0! 1# 1$ 1(
#636125 0*
#637125 1*
#637750 1!
#638000 0*
#639000 1*
#639625 0! 1"
#639875 0*
#640875 1*
#641500 1!
#641750 0*
#642750 1*
#644000 1) 1-
#644125 0!
#644250 0$ 1% 0& 1'
#645000 0)
#645250 0" 1& 0' 0(
#645500 0*
#646500 1*
#646750 1)
#647125 1! 1" 1$ 1' 1(
#647875 0)
#649625 1)
#649875 0" 0# 0$ 0% 0' 0(
#650625 0) 0-
#650875 0! 1% 1(
#651125 0*
#652125 1*
#652750 1!
#653000 0*
#654000 1*
#654625 0!
#654750 1"
#654875 0*
#655875 1*
#656500 1!
#656750 0*
#657750 1*
#659000 1) 1-
#659250 0! 1# 0& 1'
#660000 0)
#660250 0" 0# 0' 0(
#660375 1$ 1&
#660500 0*
#661625 1*
#661750 1)
#662000 0&
#662125 1! 1(
#662875 0)
#663125 1"
#663375 0+
#664375 1+
#664625 1)
#664875 0" 0$ 0% 1& 0(
#665625 0) 0-
#665875 0!
#666000 1# 1% 1(
#666125 0*
#667250 1*
#667875 1!
#668000 0*
#669125 1*
#669625 0!
#669750 1"
#670000 0*
#671000 1*
#671625 1!
#671875 0*
#672875 1*
#674000 1) 1-
#674250 0! 0& 1'
#675125 0)
#675250 0" 0' 0(
#675375 1$ 1&
#675625 0*
#676625 1*
#676750 1)
#677000 0# 0&
#677125 1! 1(
#677875 0)
#678125 1" 1# 1&
#678375 0+
#679375 1+
#679625 1)
#679875 0" 0# 0$ 0% 0(
#680625 0-
#680750 0)
#680875 0!
#681000 1$ 1% 1(
#681250 0*
#682250 1*
#682875 1!
#683125 0*
#684125 1*
#684625 0!
#684750 1"
#685000 0*
#686000 1*
#686625 1!
#686875 0*
#687875 1*
#689000 1) 1-
#689250 0! 0$ 0&
#689375 1# 1'
#690125 0)
#690250 0" 0# 0% 0(
#690625 0*
#691625 1*
#691875 1)
#692125 1! 1$ 1% 1(
#692250 0,
#692875 0)
#693125 1" 0'
#693375 0+
#694500 1+
#694625 1)
#694875 0" 0$ 0% 0(
#695000 1& 1,
#695750 0) 0-
#695875 0!
#696000 1# 1$ 1% 1(
#696250 0*
#697250 1*
#697875 1!
#698125 0*
#699125 1*
#699500 00
#699625 0!
#699750 1"
#700000 0*
#701000 1*
#701625 1!
#701875 0*
#702875 1*
#704000 1)
#704125 1-
#704250 0! 0$ 0&
#704375 1'
#705125 0)
#705375 0" 0% 0(
#705625 0*
#706375 10
#706625 1*
#706875 1)
#707125 1! 1" 1% 1& 1(
#707250 1$
#708000 0)
#709625 1)
#709875 0" 0# 0$ 0% 0'
#710000 0(
#710750 0) 0-
#710875 0!
#711000 0& 1' 1(
#711250 0*
#712250 1*
#712875 1!
#713125 0*
#714125 1*
#714750 0! 1"
#715000 0*
#716000 1*
#716625 1!
#716875 0*
#717875 1*
#719000 1)
#719125 1-
#719250 0!
#719375 1# 1%
#720125 0)
#720375 0" 0# 1$ 0% 0(
#720625 0*
#721625 1*
#721875 1)
#722125 0' 1(
#722250 1! 1%
#723000 0)
#723125 0!
#723250 1#
#723500 0+
#724500 1+
#724625 1)
#724875 0# 0% 0(
#725000 1! 0$ 1&
#725750 0) 0-
#726000 0! 1# 0& 1' 1(
#726250 0*
#727250 1*
#727875 1!
#728125 0*
#729125 1*
#729750 0! 1"
#730000 0*
#731000 1*
#731625 1!
#731875 0*
#732875 1*
#734125 1) 1-
#734250 0!
#734375 1%
#735125 0)
#735375 0" 1$ 0% 0(
#735625 0*
#736625 1*
#736875 1)
#737125 0# 0'
#737250 1" 1% 1(
#738000 0)
#738250 1! 1# 1&
#738500 0*
#739500 1*
#739750 1)
#740000 0" 0# 0$ 0% 0(
#740750 0) 0-
#741000 0! 0& 1' 1(
#741125 1$
#741250 0*
#742250 1*
#742875 1!
#743125 0*
#744125 1*
#744750 0!
#744875 1"
#745000 0*
#746000 1*
#746625 1!
#746875 0*
#747875 1*
#749125 1) 1-
#749375 0! 1# 0$ 1%
#750125 0)
#750375 0" 0# 0(
#750625 0*
#751750 1*
#751875 1)
#752250 1! 1$ 1( 0,
#753000 0)
#753125 0!
#753250 1# 0'
#753500 0+
#754500 1+
#754750 1)
#755000 1! 0# 0$ 0% 1& 0(
#755125 1,
#755750 0) 0-
#756000 0! 0&
#756125 1# 1$ 1' 1(
#756250 0*
#757375 1*
#758000 1!
#758125 0*
#759250 1*
#759750 0!
#759875 1"
#760000 0*
#761125 1*
#761750 1!
#761875 0*
#763000 1*
#764125 1) 1-
#764375 0! 0$ 1%
#765250 0)
#765375 0" 0(
#765625 0*
#766750 1*
#766875 1)
#767250 1! 1" 1$ 1& 1(
#768000 0)
#769750 1)
#770000 0" 0# 0$ 0% 0' 0(
#770750 0-
#770875 0)
#771000 0! 0&
#771125 1% 1' 1(
#771375 0*
#772375 1*
#773000 1!
#773250 0*
#774250 1*
#774750 0!
#774875 1"
#775125 0*
#776125 1*
#776750 1!
#777000 0*
#778000 1*
#779125 1) 1-
#779375 0!
#779500 1#
#780250 0)
#780375 0" 0# 0(
#780500 1$
#780750 0*
#781750 1*
#781875 1)
#782125 0'
#782250 1! 1(
#783000 0)
#783250 1# 00
#783500 0+
#784500 1+
#784750 1)
#785000 0# 0$ 0% 1& 0(
#785750 0-
#785875 0)
#786000 0! 0&
#786125 1# 1% 1' 1(
#786375 0*
#787375 1*
#788000 1!
#788250 0*
#789250 1*
#789750 0!
#789875 1"
#790125 0*
#790250 10
#791125 1*
#791750 1!
#792000 0*
#793000 1*
#794125 1) 1-
#794375 0!
#795250 0)
#795375 0" 0(
#795500 1$
#795750 0*
#796750 1*
#796875 1)
#797125 0# 0'
#797250 1! 1" 1(
#798000 0)
#798250 1# 1&
#798500 0+
#799500 1+
#799750 1)
#800000 0" 0# 0$ 0% 0(
#800750 0-
#800875 0)
#801000 0! 0&
#801125 1$ 1% 1' 1(
#801375 0*
#802375 1*
#803000 1!
#803250 0*
#804250 1*
#804750 0!
#804875 1"
#805125 0*
#806125 1*
#806750 1!
#807000 0*
#808000 1*
#809125 1) 1-
#809375 0! 1# 0$
#810250 0)
#810375 0" 0# 0% 0(
#810500 1&
#810625 0*
#811750 1*
#811875 1)
#812125 0&
#812250 1! 1$ 1% 1( 0,
#813000 0)
#813250 1# 0'
#813500 0+
#814500 1+
#814750 1)
#815000 0# 0$ 0% 1& 0(
#815125 1,
#815750 0-
#815875 0)
#816000 0! 0&
#816125 1# 1$ 1% 1' 1(
#816375 0*
#817375 1*
#818000 1!
#818250 0*
#819250 1*
#819750 0!
#819875 1"
#820125 0*
#821125 1*
#821750 1!
#821875 0*
#823000 1*
#824125 1) 1-
#824375 0! 0$
#825250 0)
#825375 0" 0% 0(
#825500 1&
#825625 0*
#826750 1*
#826875 1)
#827250 1! 1" 1$ 1% 1(
#828000 0)
#829750 1)
#830000 0" 0# 0$ 0% 0' 0(
#830750 0) 0-
#831000 0!
#831125 1' 1(
#831250 0*
#832375 1*
#833000 1!
#833125 0*
#834250 1*
#834750 0!
#834875 1"
#835000 0*
#836125 1*
#836625 1!
#836875 0*
#838000 1*
#839125 1) 1-
#839375 0! 1# 1% 0&
#840125 0)
#840375 0" 0# 0% 0(
#840500 1$ 1&
#840625 0*
#841625 1*
#841875 1)
#842125 0& 0'
#842250 1! 1% 1(
#843000 0)
#843125 0!
#843250 1" 1#
#843500 0+
#844500 1+
#844750 1)
#845000 1! 0" 0# 0$ 0% 1& 0(
#845750 0) 0-
#846000 0! 1(
#846125 1# 1'
#846250 0*
#847250 1*
#847875 1!
#848125 0*
#849125 1*
#849750 0!
#849875 1"
#850000 0*
#851000 1*
#851625 1!
#851875 0*
#852875 1*
#854125 1) 1-
#854250 0!
#854375 1% 0&
#855125 0)
#855375 0" 1$ 0% 1& 0(
#855625 0*
#856625 1*
#856875 1)
#857125 0& 0'
#857250 1% 1(
#858000 0)
#858250 1! 1" 1&
#858500 0*
#859500 1*
#859625 1)
#860000 0" 0# 0$ 0% 0(
#860750 0) 0-
#861000 0! 1$ 1' 1(
#861250 0*
#862250 1*
#862875 1!
#863125 0*
#864125 1*
#864750 0! 1"
#865000 0*
#866000 1*
#866625 1!
#866875 0*
#867125 00
#867875 1*
#869000 1)
#869125 1-
#869250 0!
#869375 1# 0$ 1% 0&
#870125 0)
#870375 0" 0# 1& 0(
#870625 0*
#871625 1*
#871875 1)
#872125 0& 1(
#872250 1! 1$ 0,
#873000 0)
#873125 0! 0'
#873250 1" 1#
#873500 0+
#874125 10
#874500 1+
#874625 1)
#874875 0" 0# 0$ 0% 0(
#875000 1! 1&
#875125 1,
#875750 0) 0-
#875875 0!
#876000 1# 1$ 1' 1(
#876250 0*
#877250 1*
#877875 1!
#878125 0*
#879125 1*
#879750 0! 1"
#880000 0*
#881000 1*
#881625 1!
#881875 0*
#882875 1*
#884000 1)
#884125 1-
#884250 0! 0$ 0&
#884375 1%
#885125 0)
#885375 0" 1& 0(
#885625 0*
#886625 1*
#886875 1)
#887125 1! 1" 1(
#887250 1$
#888000 0)
#889625 1)
#889875 0" 0# 0$ 0% 0'
#890000 0(
#890750 0) 0-
#890875 0!
#891000 1% 1' 1(
#891250 0*
#892250 1*
#892875 1!
#893125 0*
#894125 1*
#894625 0!
#894750 1"
#895000 0*
#896000 1*
#896625 1!
#896875 0*
#897875 1*
#899000 1)
#899125 1-
#899250 0! 0&
#899375 1#
#900125 0)
#900250 0#
#900375 0" 1$ 1& 0(
#900625 0*
#901625 1*
#901875 1)
#902000 0&
#902125 1! 0' 1(
#902875 0)
#903250 1" 1#
#903500 0+
#904500 1+
#904625 1)
#904875 0" 0# 0$ 0% 0(
#905000 1&
#905750 0) 0-
#905875 0!
#906000 1# 1% 1' 1(
#906250 0*
#907250 1*
#907875 1!
#908125 0*
#909125 1*
#909625 0!
#909750 1"
#910000 0*
#911000 1*
#911625 1!
#911875 0*
#912875 1*
#914000 1) 1-
#914250 0! 0&
#915125 0)
#915250 0" 0(
#915375 1$ 1&
#915625 0*
#916625 1*
#916875 1)
#917000 0& 0'
#917125 1! 1(
#917875 0)
#918125 1" 1&
#918375 0+
#919375 1+
#919625 1)
#919875 0" 0# 0$ 0% 0(
#920625 0-
#920750 0)
#920875 0!
#921000 1$ 1% 1' 1(
#921250 0*
#922250 1*
#922875 1!
#923125 0*
#924125 1*
#924625 0!
#924750 1"
#925000 0*
#926000 1*
#926625 1!
#926875 0*
#927875 1*
#929000 1) 1-
#929375 1#
#930125 0)
#930625 0+
#931625 1+
#931750 1)
#932000 0" 0#
#932125 0&
#932250 0,
#932875 0)
#933125 1" 1# 0'
#933375 0+
#934375 1+
#934625 1)
#934875 0" 0# 0$ 0% 1& 0(
#935000 1,
#935625 0-
#935750 0)
#935875 0!
#936000 1# 1$ 1% 1' 1(
#936250 0*
#937250 1*
#937875 1!
#938125 0*
#939125 1*
#939625 0!
#939750 1"
#940000 0*
#941000 1*
#941625 1!
#941875 0*
#942875 1*
#944000 1) 1-
#944250 0! 0$ 0&
#945125 0)
#945250 0" 0# 0% 0(
#945375 1&
#945625 0*
#946625 1*
#947250 1!
#947500 0*
#948500 1*
#949000 0!
#949125 1"
#949375 0*
#950125 1)
#950375 0& 1( 1*
#950500 1# 1%
#951000 00
#951125 0)
#951375 0" 0% 1& 0(
#951625 0*
#952625 1*
#953250 1!
#953500 0*
#954500 1*
#955125 0!
#955250 1"
#955375 0*
#956125 1)
#956375 1*
#956500 1! 1$ 1% 1(
#957250 0)
#958000 10
#959000 1)
#959250 0# 0&
#960125 0)
#960250 0$ 0% 0' 0(
#960500 0*
#961625 1*
#962250 1%
#962375 0*
#963500 1*
#963625 1)
#963875 0"
#964000 1# 1' 1(
#964750 0)
#965000 1" 0# 0% 0'
#965250 0*
#966250 1*
#966500 1)
#966750 1$ 1% 1'
#967625 0)
#967750 0$ 0% 0' 0(
#967875 1&
#968000 0*
#969125 1*
#969750 1%
#969875 0*
#971000 1*
#971125 1)
#971375 0" 0&
#971500 1# 1' 1(
#972250 0)
#972500 1" 0# 0'
#972750 0*
#973750 1*
#974000 1)
#974250 0! 1# 1'
#975125 0)
#975250 0" 0# 0% 0(
#975375 1$ 1&
#975500 0*
#976625 1*
#977250 1!
#977375 0*
#978500 1*
#979000 0!
#979125 1"
#979250 0*
#980125 1)
#980250 0$ 0& 1*
#980375 1# 1(
#980500 1%
#981125 0)
#981375 0" 1$ 0% 1& 0(
#981625 0*
#982625 1*
#983250 1!
#983500 0*
#984500 1*
#985125 0! 1"
#985375 0*
#986625 1)
#986875 1*
#987375 1! 1% 1(
#988250 0)
#990375 1)
#990625 0# 0&
#991500 0)
#992125 0$ 0% 0(
#992375 0*
#993500 1*
#994125 1%
#994250 0*
#995375 1*
#995500 1)
#995750 0"
#995875 1# 1(
#996625 0)
#996875 1" 0# 0% 1& 0'
#997125 0*
#998125 1*
#998375 1)
#998625 1$ 1% 0& 1'
#999500 0)
#999625 0$ 0% 0(
#999750 1&
#999875 0*
#1001000 1*
#1001625 1%
#1001750 0*
#1002875 1*
#1003000 1)
#1003250 0" 0&
#1003375 1# 1(
#1004125 0)
#1004375 1" 0# 1& 0'
#1004625 0*
#1005625 1*
#1005875 1)
#1006125 0! 1# 0& 1'
#1007000 0)
#1007125 0" 0# 0(
#1007250 1&
#1007375 0*
#1008500 1*
#1009125 1!
#1009250 0*
#1010375 1*
#1010875 0!
#1011000 1"
#1011125 0*
#1012000 1)
#1012125 0&
#1012250 1# 1( 1*
#1013000 0)
#1013250 0" 1& 0(
#1013500 0*
#1014500 1*
#1015125 1!
#1015375 0*
#1016375 1*
#1017000 0! 1"
#1017250 0*
#1018000 1)
#1018250 0# 0& 0' 1*
#1018375 1$ 1(
#1019125 0)
#1019375 0" 0$ 0% 0(
#1019625 0+
#1020625 1+
#1020875 1)
#1021125 1(
#1021250 1! 1" 1$ 1% 1'
#1022000 0)
#1022125 0$ 0% 0'
#1022500 0*
#1023500 1*
#1024125 1%
#1024375 0*
#1025375 1*
#1025500 1)
#1025750 0"
#1025875 1# 1'
#1026625 0)
#1026875 1" 0# 0%
#1027125 0*
#1028125 1*
#1028375 1)
#1028625 1%
#1028750 1$
#1029500 0)
#1029625 0$ 0% 0'
#1029750 1&
#1030000 0*
#1031000 1*
#1031625 1%
#1031875 0*
#1032875 1*
#1033000 1)
#1033250 0" 0&
#1033375 1# 1'
#1034125 0)
#1034375 1" 0#
#1034625 0*
#1034875 00
#1035625 1*
#1035875 1)
#1036125 0!
#1036250 1#
#1037000 0)
#1037125 0" 0# 0(
#1037250 1$ 1&
#1037500 0*
#1038500 1*
#1039125 1!
#1039375 0*
#1040375 1*
#1040875 0!
#1041000 1"
#1041250 0*
#1041750 10
#1042000 1)
#1042250 0$ 0& 1( 1*
#1042375 1#
#1043125 0)
#1043250 0" 0(
#1043375 1$ 1&
#1043500 0*
#1044625 1*
#1045250 1!
#1045375 0*
#1046500 1*
#1047000 0!
#1047125 1"
#1047250 0*
#1048125 1)
#1048250 0# 0& 1*
#1048375 1(
#1048500 0,
#1049125 0)
#1049375 0" 0$ 0% 0' 0(
#1049625 0+
#1050750 1+
#1050875 1)
#1051250 1! 1" 1$ 1% 1' 1( 1,
#1052000 0)
#1052125 0$ 0%
#1052500 0*
#1053500 1*
#1054125 1%
#1054375 0*
#1055375 1*
#1055625 1)
#1055875 0" 1#
#1056625 0)
#1056875 0# 0%
#1057000 1" 1&
#1057125 0*
#1058125 1*
#1058375 1)
#1058625 0&
#1058750 1$ 1%
#1059500 0)
#1059625 0$ 0%
#1059750 1&
#1060000 0*
#1061000 1*
#1061625 1%
#1061875 0*
#1062875 1*
#1063125 1)
#1063375 0" 1# 0&
#1064125 0)
#1064375 0#
#1064500 1" 1&
#1064625 0*
#1065750 1*
#1065875 1)
#1081125 0! 0& 0'
#1081250 1$
#1082000 0)
#1082250 1! 0" 0$ 0% 0(
#1082500 0+
#1083500 1+
#1083750 1)
#1085000 1" 1# 1$ 1% 1& 1' 1(
#1085750 0)
#1087500 1)
#1090625 0! 0$ 0&
#1091375 0)
#1091625 0" 0# 0% 0' 0(
#1091875 0*
#1092875 1*
#1093125 1)
#1093500 1" 1$ 1% 1' 1( 0,
#1094250 0)
#1094375 0% 0' 0(
#1094500 1! 0" 0$
#1094750 0+
#1095750 1+
#1096000 1)
#1096250 1" 1# 1$ 1% 1& 1' 1(
#1096375 1,
#1097000 0)
#1097500 0+
#1098500 1+
#1099375 0+
#1100500 1+
#1101250 0+
#1102375 1+
#1103125 0+
#1104250 1+
#1105375 1)
#1105625 0! 0$ 0&
#1106375 0)
#1106625 0" 0% 0' 0(
#1106875 0*
#1108000 1*
#1108125 1)
#1108500 1! 1" 1$ 1% 1& 1' 1(
#1109250 0)
#1111000 1)
#1111250 0! 0# 0$ 0% 0' 0(
#1112000 0) 0-
#1112250 0" 0&
#1112500 0*
#1113625 1*
#1114250 1!
#1114375 0*
#1115500 1*
#1116000 0!
#1116125 1"
#1116250 0*
#1117375 1*
#1118000 1!
#1118125 0*
#1118625 00
#1119250 1*
#1120375 1) 1-
#1120625 0! 1' 1(
#1120750 1# 1%
#1121500 0)
#1121625 0" 0# 0% 0' 0(
#1121750 1$
#1122000 0*
#1123000 1*
#1123125 1)
#1123500 1" 1% 1(
#1124250 0)
#1124500 0$ 0% 0(
#1124750 0+
#1125625 10
#1125750 1+
#1126000 1)
#1126375 1&
#1127000 0-
#1127125 0)
#1127250 0" 0&
#1127375 1#
#1127625 0*
#1128625 1*
#1129250 1!
#1129500 0*
#1130500 1*
#1131000 0!
#1131125 1"
#1131375 0*
#1132375 1*
#1133000 1!
#1133250 0*
#1134250 1*
#1135375 1) 1-
#1135625 0! 1(
#1135750 1% 1'
#1136500 0)
#1136625 0" 0% 0' 0(
#1136750 1$
#1137000 0*
#1138000 1*
#1138250 1)
#1138500 1" 1% 1(
#1139250 0)
#1139500 1! 1&
#1139750 0*
#1140750 1*
#1141000 1)
#1141250 0! 0# 0$ 0% 0(
#1142125 0) 0-
#1142250 0" 0&
#1142375 1$
#1142625 0*
#1143625 1*
#1144250 1!
#1144500 0*
#1145500 1*
#1146000 0!
#1146125 1"
#1146375 0*
#1147375 1*
#1148000 1!
#1148250 0*
#1149250 1*
#1150375 1)
#1150500 1-
#1150625 0! 0$
#1150750 1# 1% 1' 1(
#1151500 0)
#1151625 0' 0(
#1151750 0" 0#
#1152000 0*
#1153000 1*
#1153250 1)
#1153500 1" 1$ 1' 1(
#1153625 0,
#1154250 0)
#1154500 0$ 0% 0' 0(
#1154750 0+
#1155875 1+
#1156000 1)
#1156375 1& 1,
#1157125 0) 0-
#1157250 0&
#1157375 0" 1# 1$
#1157625 0*
#1158625 1*
#1159250 1!
#1159500 0*
#1160500 1*
#1161000 0!
#1161125 1"
#1161375 0*
#1162375 1*
#1163000 1!
#1163250 0*
#1164250 1*
#1165375 1)
#1165500 1-
#1165625 0! 0$
#1165750 1% 1' 1(
#1166500 0)
#1166750 0" 0' 0(
#1167000 0*
#1168000 1*
#1168250 1)
#1168500 1' 1(
#1168625 1! 1" 1$ 1&
#1169375 0)
#1171000 1)
#1171250 0$
#1171375 0! 0# 0% 0' 0(
#1172125 0) 0-
#1172375 0" 1% 0&
#1172625 0*
#1173625 1*
#1174250 1!
#1174500 0*
#1175500 1*
#1176125 0! 1"
#1176375 0*
#1177375 1*
#1178000 1!
#1178250 0*
#1179250 1*
#1180375 1)
#1180500 1-
#1180625 0!
#1180750 1# 1' 1(
#1181500 0)
#1181750 0" 0# 1$ 0' 0(
#1182000 0*
#1183000 1*
#1183250 1)
#1183500 1(
#1183625 1"
#1184375 0)
#1184500 0% 0(
#1184625 1! 0$
#1184875 0+
#1185875 1+
#1186000 1)
#1186250 0!
#1186375 1&
#1187125 0) 0-
#1187375 0" 0&
#1187500 1# 1%
#1187625 0*
#1188625 1*
#1189250 1!
#1189500 0*
#1190500 1*
#1191125 0! 1"
#1191375 0*
#1192375 1*
#1193000 1!
#1193250 0*
#1194250 1*
#1195500 1) 1-
#1195625 0!
#1195750 1' 1(
#1196500 0)
#1196750 0" 1$ 0' 0(
#1197000 0*
#1198000 1*
#1198250 1)
#1198625 1! 1" 1(
#1199375 0)
#1199625 1&
#1199875 0+
#1200875 1+
#1201125 1)
#1201375 0! 0# 0$ 0% 0(
#1202125 0) 0-
#1202375 0" 0&
#1202500 1$ 1% 00
#1202625 0*
#1203625 1*
#1204250 1!
#1204500 0*
#1205500 1*
#1206125 0!
#1206250 1"
#1206375 0*
#1207375 1*
#1208000 1!
#1208250 0*
#1209250 1*
#1209500 10
#1210500 1) 1-
#1210625 0!
#1210750 1# 0$ 1' 1(
#1211500 0)
#1211750 0" 0# 0% 0' 0(
#1211875 1&
#1212000 0*
#1213000 1*
#1213250 1)
#1213500 0&
#1213625 1" 1$ 1% 1' 1( 0,
#1214375 0)
#1214500 0' 0(
#1214625 1! 0$ 0%
#1214875 0+
#1215875 1+
#1216125 1)
#1216250 0!
#1216375 1&
#1216500 1,
#1217125 0) 0-
#1217375 0" 0&
#1217500 1# 1$ 1%
#1217625 0*
#1218625 1*
#1219250 1!
#1219500 0*
#1220500 1*
#1221125 0!
#1221250 1"
#1221375 0*
#1222375 1*
#1223000 1!
#1223250 0*
#1224250 1*
#1225500 1) 1-
#1225625 0!
#1225750 0$ 1' 1(
#1226500 0)
#1226750 0" 0% 0' 0(
#1226875 1&
#1227000 0*
#1228000 1*
#1228250 1)
#1228625 1! 1" 1$ 1% 1' 1(
#1229375 0)
#1231125 1)
#1231375 0! 0# 0$ 0% 0' 0(
#1232125 0) 0-
#1232375 0"
#1232625 0*
#1233625 1*
#1234250 1!
#1234500 0*
#1235500 1*
#1236125 0!
#1236250 1"
#1236375 0*
#1237375 1*
#1238000 1!
#1238250 0*
#1239250 1*
#1240500 1) 1-
#1240625 0!
#1240750 1# 1% 0& 1' 1(
#1241500 0)
#1241750 0" 0# 0% 1& 0' 0(
#1241875 1$
#1242000 0*
#1243000 1*
#1243250 1)
#1243500 0&
#1243625 1" 1% 1(
#1244375 0)
#1244500 0(
#1244625 0" 1# 0$ 0%
#1244875 0+
#1245875 1+
#1246125 1)
#1246250 0#
#1246375 1" 1&
#1247125 0) 0-
#1247375 0"
#1247500 1#
#1247625 0*
#1248625 1*
#1249250 1!
#1249500 0*
#1250500 1*
#1251125 0!
#1251250 1"
#1251375 0*
#1252375 1*
#1253000 1!
#1253250 0*
#1254250 1*
#1255500 1) 1-
#1255625 0!
#1255750 1% 0& 1' 1(
#1256500 0)
#1256750 0" 1$ 0% 1& 0' 0(
#1257000 0*
#1258000 1*
#1258250 1)
#1258500 0# 0$ 1(
#1259375 0)
#1259625 1! 1" 1# 1$ 1%
#1259875 0*
#1260875 1*
#1261000 1)
#1261375 0! 0# 0$ 0% 0(
#1262125 0) 0-
#1262375 0"
#1262500 1$
#1262625 0*
#1263625 1*
#1264250 1!
#1264500 0*
#1265500 1*
#1266125 0! 1"
#1266375 0*
#1267375 1*
#1268000 1!
#1268250 0*
#1269250 1*
#1270500 1) 1-
#1270625 0!
#1270750 1# 0$ 1% 0& 1' 1(
#1271500 0)
#1271750 0" 0# 1& 0' 0(
#1272000 0*
#1273000 1*
#1273250 1)
#1273500 0& 1(
#1273625 1" 1$ 1' 0,
#1274375 0)
#1274500 0" 0$ 0% 0' 0(
#1274625 1#
#1274875 0+
#1275875 1+
#1276000 1)
#1276250 0#
#1276375 1" 1&
#1276500 1,
#1277125 0) 0-
#1277375 0" 1# 1$
#1277625 0*
#1278625 1*
#1279250 1!
#1279500 0*
#1280500 1*
#1281125 0! 1"
#1281375 0*
#1282375 1*
#1283000 1!
#1283250 0*
#1284250 1*
#1285375 1)
#1285500 1-
#1285625 0! 0$ 0&
#1285750 1% 1' 1(
#1286375 00
#1286500 0)
#1286750 0" 1& 0' 0(
#1287000 0*
#1288000 1*
#1288250 1)
#1288500 1! 1' 1(
#1288625 1" 1$
#1289375 0)
#1291000 1)
#1291250 0$ 0'
#1291375 0! 0# 0% 0(
#1292125 0) 0-
#1292375 0" 1%
#1292625 0*
#1293375 10
#1293625 1*
#1294250 1!
#1294500 0*
#1295500 1*
#1296000 0!
#1296125 1"
#1296375 0*
#1297375 1*
#1298000 1!
#1298250 0*
#1299250 1*
#1300375 1)
#1300500 1-
#1300625 0! 0&
#1300750 1# 1' 1(
#1301500 0)
#1301625 0(
#1301750 0" 0# 1$ 1& 0'
#1302000 0*
#1303000 1*
#1303250 1)
#1303500 1" 0& 1(
#1304375 0)
#1304500 0" 0$ 0% 0(
#1304625 1! 1#
#1304875 0+
#1305875 1+
#1306000 1)
#1306250 0! 0#
#1306375 1" 1&
#1307125 0) 0-
#1307250 0"
#1307375 1# 1%
#1307625 0*
#1308625 1*
#1309250 1!
#1309500 0*
#1310500 1*
#1311000 0!
#1311125 1"
#1311375 0*
#1312375 1*
#1313000 1!
#1313250 0*
#1314250 1*
#1315375 1)
#1315500 1-
#1315625 0! 0&
#1315750 1' 1(
#1316500 0)
#1316625 0' 0(
#1316750 0" 1$ 1&
#1317000 0*
#1318000 1*
#1318250 1)
#1318375 0$
#1318500 1! 0# 0% 1(
#1319250 0)
#1319625 1" 1# 1$ 1%
#1319750 0+
#1320750 1+
#1321000 1)
#1321250 0! 0# 0$ 0% 0(
#1322000 0-
#1322125 0)
#1322250 0"
#1322375 1$ 1%
#1322625 0*
#1323625 1*
#1324250 1!
#1324500 0*
#1325500 1*
#1326000 0!
#1326125 1"
#1326375 0*
#1327375 1*
#1328000 1!
#1328250 0*
#1329250 1*
#1330375 1) 1-
#1330625 0! 0$ 0& 1(
#1330750 1# 1'
#1331500 0)
#1331625 0" 0# 0% 0(
#1332000 0*
#1333000 1*
#1333125 1)
#1333500 1" 1$ 1% 1(
#1333625 0,
#1334250 0)
#1334500 1! 0" 1# 0$ 0% 0' 0(
#1334750 0+
#1335750 1+
#1336000 1)
#1336250 0! 0#
#1336375 1" 1& 1,
#1337000 0-
#1337125 0)
#1337250 0"
#1337375 1# 1$ 1%
#1337625 0*
#1338625 1*
#1339250 1!
#1339500 0*
#1340500 1*
#1341000 0!
#1341125 1"
#1341375 0*
#1342375 1*
#1343000 1!
#1343250 0*
#1344250 1*
#1345375 1) 1-
#1345625 0! 0$ 0& 1' 1(
#1346500 0)
#1346625 0" 0% 0(
#1347000 0*
#1348000 1*
#1348125 1)
#1348500 1! 1" 1$ 1% 1& 1(
#1349250 0)
#1351000 1)
#1351250 0! 0# 0$ 0% 0' 0(
#1352000 0-
#1352125 0)
#1352250 0" 0&
#1352375 1'
#1352625 0*
#1353625 1*
#1354250 1!
#1354500 0*
#1355500 1*
#1356000 0!
#1356125 1"
#1356375 0*
#1357375 1*
#1358000 1!
#1358250 0*
#1359250 1*
#1360375 1) 1-
#1360625 0! 1# 1(
#1360750 1%
#1361500 0)
#1361625 0" 0# 0% 0(
#1361750 1$
#1361875 0*
#1363000 1*
#1363125 1)
#1363375 0'
#1363500 1" 1% 1(
#1364250 0)
#1364500 1# 0$ 0% 0(
#1364750 0+
#1365750 1+
#1366000 1)
#1366250 0# 1&
#1367000 0-
#1367125 0)
#1367250 0" 0&
#1367375 1# 1'
#1367500 0*
#1368625 1*
#1369250 1!
#1369375 0*
#1370250 00
#1370500 1*
#1371000 0!
#1371125 1"
#1371250 0*
#1372375 1*
#1373000 1!
#1373125 0*
#1374250 1*
#1375375 1) 1-
#1375625 0! 1% 1(
#1376375 0)
#1376625 0" 0% 0(
#1376750 1$
#1376875 0*
#1377250 10
#1378000 1*
#1378125 1)
#1378375 0# 0$ 0'
#1378500 1" 1& 1(
#1379250 0)
#1379500 1! 1# 1$ 1%
#1379750 0*
#1380750 1*
#1381000 1)
#1381250 0! 0# 0$ 0% 0(
#1382000 0) 0-
#1382250 0" 0&
#1382375 1$ 1'
#1382500 0*
#1383500 1*
#1384125 1!
#1384375 0*
#1385375 1*
#1386000 0!
#1386125 1"
#1386250 0*
#1387250 1*
#1387875 1!
#1388125 0*
#1389125 1*
#1390375 1) 1-
#1390500 0!
#1390625 1# 0$ 1% 1(
#1391375 0)
#1391625 0" 0# 0(
#1391875 0*
#1392875 1*
#1393125 1)
#1393500 1" 1$ 1( 0,
#1394250 0)
#1394375 0(
#1394500 1# 0$ 0% 0'
#1394750 0+
#1395750 1+
#1396000 1)
#1396125 0#
#1396250 1&
#1396375 1,
#1397000 0) 0-
#1397250 0" 0&
#1397375 1# 1$ 1'
#1397500 0*
#1398500 1*
#1399125 1!
#1399375 0*
#1400375 1*
#1401000 0!
#1401125 1"
#1401250 0*
#1402250 1*
#1402875 1!
#1403125 0*
#1404125 1*
#1405375 1) 1-
#1405500 0!
#1405625 0$ 1% 1(
#1406375 0)
#1406625 0" 0(
#1406875 0*
#1407875 1*
#1408125 1)
#1408500 1! 1" 1$ 1& 1(
#1409250 0)
#1411000 1)
#1411250 0! 0# 0$ 0% 0' 0(
#1412000 0) 0-
#1412250 0" 0& 1'
#1412375 1%
#1412500 0*
#1413500 1*
#1414125 1!
#1414375 0*
#1415375 1*
#1416000 0!
#1416125 1"
#1416250 0*
#1417250 1*
#1417875 1!
#1418125 0*
#1419125 1*
#1420375 1) 1-
#1420500 0!
#1420625 1# 1(
#1421375 0)
#1421625 0" 0# 0(
#1421750 1$
#1421875 0*
#1422875 1*
#1423125 1)
#1423375 0'
#1423500 1" 1(
#1424250 0)
#1424375 0(
#1424500 1! 1# 0$ 0%
#1424750 0+
#1425750 1+
#1426000 1)
#1426125 0! 0#
#1426250 1&
#1427000 0) 0-
#1427250 0" 0&
#1427375 1# 1% 1'
#1427500 0*
#1428500 1*
#1429125 1!
#1429375 0*
#1430375 1*
#1431000 0!
#1431125 1"
#1431250 0*
#1432250 1*
#1432875 1!
#1433125 0*
#1434125 1*
#1435375 1) 1-
#1435500 0!
#1435625 1(
#1436375 0)
#1436625 0" 0(
#1436750 1$
#1436875 0*
#1437875 1*
#1438125 1)
#1438375 0# 0$ 0% 0'
#1438500 1! 1" 1& 1(
#1439250 0)
#1439500 1# 1$ 1%
#1439750 0+
#1440750 1+
#1441000 1)
#1441250 0! 0# 0$ 0% 0(
#1442000 0) 0-
#1442250 0" 0&
#1442375 1$ 1% 1'
#1442500 0*
#1443500 1*
#1444125 1!
#1444375 0*
#1445375 1*
#1446000 0!
#1446125 1"
#1446250 0*
#1447250 1*
#1447875 1!
#1448125 0*
#1449125 1*
#1450375 1) 1-
#1450625 0! 1# 0$ 1(
#1451375 0)
#1451625 0" 0# 0% 0(
#1451750 1&
#1451875 0*
#1452875 1*
#1453125 1)
#1453375 0&
#1453500 1" 1$ 1% 1( 0,
#1454125 00
#1454250 0)
#1454375 0(
#1454500 1! 1# 0$ 0% 0'
#1454750 0+
#1455750 1+
#1456000 1)
#1456125 0!
#1456250 0# 1&
#1456375 1,
#1457000 0) 0-
#1457250 0" 0&
#1457375 1# 1$ 1% 1'
#1457500 0*
#1458625 1*
#1459250 1!
#1459375 0*
#1460500 1*
#1461000 0! 10
#1461125 1"
#1461250 0*
#1462375 1*
#1462875 1!
#1463125 0*
#1464250 1*
#1465375 1) 1-
#1465625 0! 0$ 1(
#1466500 0)
#1466625 0" 0% 0(
#1466750 1&
#1466875 0*
#1468000 1*
#1468125 1)
#1468500 1! 1" 1$ 1% 1(
#1469250 0)
#1471000 1)
#1471250 0! 0# 0$ 0% 0' 0(
#1472000 0-
#1472125 0)
#1472250 0"
#1472375 1'
#1472500 0*
#1473625 1*
#1474250 1!
#1474500 0*
#1475500 1*
#1476000 0!
#1476125 1"
#1476375 0*
#1477375 1*
#1478000 1!
#1478250 0*
#1479250 1*
#1480375 1) 1-
#1480625 0! 1# 1% 0& 1(
#1481500 0)
#1481625 0" 0# 0% 0(
#1481750 1$ 1&
#1482000 0*
#1483000 1*
#1483125 1)
#1483375 0& 0'
#1483500 1" 1% 1(
#1484250 0)
#1484500 0" 0% 0(
#1484750 0+
#1485750 1+
#1486000 1)
#1486250 0$
#1486375 1" 1&
#1487000 0-
#1487125 0)
#1487250 0"
#1487375 1# 1'
#1487625 0*
#1488625 1*
#1489250 1!
#1489500 0*
#1490500 1*
#1491000 0!
#1491125 1"
#1491375 0*
#1492375 1*
#1493000 1!
#1493250 0*
#1494250 1*
#1495375 1) 1-
#1495625 0! 0& 1(
#1495750 1%
#1496500 0)
#1496625 0" 0% 0(
#1496750 1$ 1&
#1497000 0*
#1498000 1*
#1498125 1)
#1498375 0$ 0'
#1498500 1(
#1499250 0)
#1499500 1! 1" 1$ 1%
#1499750 0*
#1500750 1*
#1501000 1)
#1501250 0! 0# 0$ 0% 0(
#1502000 0-
#1502125 0)
#1502250 0"
#1502375 1$ 1'
#1502625 0*
#1503625 1*
#1504250 1!
#1504500 0*
#1505500 1*
#1506000 0!
#1506125 1"
#1506375 0*
#1507375 1*
#1508000 1!
#1508250 0*
#1509250 1*
#1510375 1)
#1510500 1-
#1510625 0! 0$ 0&
#1510750 1# 1% 1(
#1511500 0)
#1511625 0# 0(
#1511750 0" 1&
#1512000 0*
#1513000 1*
#1513250 1)
#1513375 0&
#1513500 1" 1$ 1(
#1513625 0,
#1514250 0)
#1514500 0" 0% 0' 0(
#1514750 0+
#1515875 1+
#1516000 1)
#1516250 0$
#1516375 1" 1& 1,
#1517125 0) 0-
#1517250 0"
#1517375 1# 1$ 1'
#1517625 0*
#1518625 1*
#1519250 1!
#1519500 0*
#1520500 1*
#1521000 0!
#1521125 1"
#1521375 0*
#1522375 1*
#1523000 1!
#1523250 0*
#1524250 1*
#1525375 1)
#1525500 1-
#1525625 0! 0$ 0&
#1525750 1% 1(
#1526500 0)
#1526625 0(
#1526750 0" 1&
#1527000 0*
#1528000 1*
#1528250 1)
#1528500 1! 1" 1(
#1528625 1$
#1529375 0)
#1531000 1)
#1531250 0$
#1531375 0! 0# 0% 0' 0(
#1532125 0) 0-
#1532375 0" 1% 1'
#1532625 0*
#1533625 1*
#1534250 1!
#1534500 0*
#1535500 1*
#1536125 0! 1"
#1536375 0*
#1537375 1*
#1537875 00
#1538000 1!
#1538250 0*
#1539250 1*
#1540375 1)
#1540500 1-
#1540625 0!
#1540750 1# 0& 1(
#1541500 0)
#1541750 0" 0# 1$ 1& 0(
#1542000 0*
#1543000 1*
#1543250 1)
#1543500 0& 0' 1(
#1543625 1"
#1544375 0)
#1544500 0" 0% 0(
#1544625 1!
#1544875 0+ 10
#1545875 1+
#1546125 1)
#1546250 0!
#1546375 1" 0$ 1&
#1547125 0) 0-
#1547375 0" 1'
#1547500 1# 1%
#1547625 0*
#1548625 1*
#1549250 1!
#1549500 0*
#1550500 1*
#1551125 0! 1"
#1551375 0*
#1552375 1*
#1553000 1!
#1553250 0*
#1554250 1*
#1555500 1) 1-
#1555750 0! 0& 1(
#1556500 0)
#1556750 0" 0(
#1556875 1$ 1&
#1557000 0*
#1558000 1*
#1558250 1)
#1558500 0$ 0% 0'
#1558625 1! 1(
#1559375 0)
#1559625 1" 1$ 1%
#1559875 0+
#1560875 1+
#1561125 1)
#1561375 0! 0# 0$ 0% 0(
#1562125 0) 0-
#1562375 0"
#1562500 1$ 1% 1'
#1562625 0*
#1563750 1*
#1564375 1!
#1564500 0*
#1565625 1*
#1566125 0!
#1566250 1"
#1566375 0*
#1567500 1*
#1568125 1!
#1568250 0*
#1569375 1*
#1570500 1) 1-
#1570750 1# 1(
#1571625 0)
#1572125 0+
#1573125 1+
#1573250 1)
#1573500 0! 0# 0&
#1573625 0,
#1574375 0)
#1574625 1! 0" 0% 0' 0(
#1574875 0+
#1575875 1+
#1576125 1)
#1576375 0! 0$ 1&
#1576500 1" 1,
#1577125 0-
#1577250 0)
#1577375 0"
#1577500 1# 1$ 1% 1'
#1577750 0*
#1578750 1*
#1579375 1!
#1579625 0*
#1580625 1*
#1581125 0!
#1581250 1"
#1581500 0*
#1582500 1*
#1583125 1!
#1583375 0*
#1584375 1*
#1585500 1) 1-
#1585750 0! 0$ 0& 1(
#1586625 0)
#1586750 0" 0# 0% 0(
#1586875 1&
#1587125 0*
#1588125 1*
#1588750 1!
#1589000 0*
#1590000 1*
#1590500 0!
#1590625 1"
#1590875 0*
#1591625 1)
#1591875 0& 1( 1*
#1592000 1# 1%
#1592750 0)
#1592875 0" 0% 0(
#1593000 1&
#1593125 0*
#1594250 1*
#1594875 1!
#1595125 0*
#1596125 1*
#1596625 0!
#1596750 1"
#1597000 0*
#1597750 1)
#1598000 1! 1$ 1% 1( 1*
#1598750 0)
#1600500 1)
#1600750 0# 0&
#1601625 0)
#1601750 0! 0(
#1601875 0" 1# 0$ 0% 0'
#1602125 0*
#1603125 1*
#1603750 1%
#1604000 0*
#1605000 1*
#1605250 1)
#1605500 1! 1' 1(
#1606250 0)
#1606500 0! 0% 0'
#1606750 0*
#1607750 1*
#1608000 1)
#1608250 0#
#1608375 1! 1" 1$ 1% 1'
#1609125 0)
#1609375 0! 0" 1# 0$ 0% 1& 0' 0(
#1609625 0*
#1610625 1*
#1611250 1%
#1611500 0*
#1612500 1*
#1612750 1)
#1613000 1! 0& 1' 1(
#1613875 0)
#1614000 0! 0'
#1614250 0*
#1615375 1*
#1615500 1)
#1615875 1" 1'
#1616625 0)
#1616875 0" 0# 1$ 0% 1& 0(
#1617125 0*
#1618125 1*
#1618750 1!
#1619000 0*
#1620000 1*
#1620500 0!
#1620625 1"
#1620875 0*
#1621625 1)
#1621750 00
#1621875 0$ 0& 1*
#1622000 1# 1% 1(
#1622750 0)
#1622875 0% 0(
#1623000 0" 1$ 1&
#1623250 0*
#1624250 1*
#1624875 1!
#1625125 0*
#1626125 1*
#1626625 0!
#1626750 1"
#1627000 0*
#1628250 1)
#1628500 1*
#1628750 10
#1628875 0# 0& 0'
#1629000 1% 1(
#1629750 0)
#1630000 0% 0(
#1630250 0+
#1631250 1+
#1632000 1)
#1632250 1! 1% 1' 1(
#1633000 0)
#1633750 0! 0" 1# 0$ 0% 0(
#1634000 0*
#1635000 1*
#1635625 1%
#1635875 0*
#1636875 1*
#1637125 1)
#1637375 1! 1(
#1638250 0)
#1638375 0! 0% 0'
#1638500 1&
#1638750 0*
#1639750 1*
#1639875 1)
#1640125 0# 0&
#1640250 1! 1" 1$ 1% 1'
#1641000 0)
#1641250 0! 0" 1# 0$ 0% 1& 0(
#1641500 0*
#1642500 1*
#1643125 1%
#1643375 0*
#1644375 1*
#1644625 1)
#1644875 1! 0& 1(
#1645750 0)
#1645875 0! 0'
#1646000 1&
#1646250 0*
#1647250 1*
#1647375 1)
#1647625 0&
#1647750 1" 1'
#1648500 0)
#1648750 0" 0# 1& 0(
#1649000 0*
#1650000 1*
#1650625 1!
#1650875 0*
#1651875 1*
#1652500 0! 1"
#1652750 0*
#1653500 1)
#1653750 0& 1*
#1653875 1# 1(
#1654625 0)
#1654750 0(
#1654875 0" 1&
#1655125 0*
#1656125 1*
#1656750 1!
#1657000 0*
#1658000 1*
#1658500 0!
#1658625 1"
#1658875 0*
#1659625 1)
#1659875 0# 0& 1( 1*
#1660000 1$ 0,
#1660750 0)
#1660875 0% 0' 0(
#1661250 0+
#1662250 1+
#1662375 1)
#1662750 1! 1% 1' 1(
#1662875 1,
#1663500 0)
#1663750 0! 0" 1# 0$ 0% 0'
#1664000 0*
#1665000 1*
#1665625 1%
#1665875 0*
#1666875 1*
#1667125 1)
#1667375 1!
#1667500 1'
#1668250 0)
#1668375 0! 0%
#1668750 0*
#1669750 1*
#1669875 1)
#1670125 0#
#1670250 1! 1" 1$ 1%
#1671000 0)
#1671250 0! 0" 1# 0$ 0% 1& 0'
#1671500 0*
#1672500 1*
#1673125 1%
#1673375 0*
#1674375 1*
#1674625 1)
#1674875 1! 0& 1'
#1675750 0)
#1675875 0!
#1676250 0*
#1677250 1*
#1677375 1)
#1677750 1"
#1678500 0)
#1678750 0" 0# 1$ 1& 0(
#1679000 0*
#1680000 1*
#1680625 1!
#1680875 0*
#1681875 1*
#1682500 0! 1"
#1682750 0*
#1683500 1)
#1683750 0$ 0& 1*
#1683875 1# 1(
#1684625 0)
#1684750 0(
#1684875 0" 1$ 1&
#1685125 0*
#1686125 1*
#1686750 1!
#1687000 0*
#1688000 1*
#1688500 0!
#1688625 1"
#1688875 0*
#1689625 1)
#1689875 0# 0& 0' 1( 1*
#1690750 0)
#1690875 0% 0(
#1691000 1!
#1691250 0+
#1692250 1+
#1692375 1)
#1692750 1% 1' 1(
#1693500 0)
#1693750 0! 0" 1# 0$ 0%
#1694000 0*
#1695000 1*
#1695625 1%
#1695875 0*
#1696875 1*
#1697125 1)
#1697375 1!
#1698250 0)
#1698375 0! 0%
#1698500 1&
#1698625 0*
#1699750 1*
#1699875 1)
#1700125 0# 0&
#1700250 1! 1" 1$ 1%
#1701000 0)
#1701250 0! 0" 1# 0$ 0% 1&
#1701500 0*
#1702500 1*
#1703125 1%
#1703375 0*
#1704375 1*
#1704625 1)
#1704875 1! 0&
#1705625 00
#1705750 0)
#1705875 0!
#1706000 1&
#1706125 0*
#1707250 1*
#1707375 1)
#1712625 10
#1722625 0# 0&
#1722750 1" 1$ 0,
#1723500 0)
#1723625 0(
#1723750 1! 0% 0'
#1724000 0+
#1725000 1+
#1725250 1)
#1726500 1# 1% 1& 1' 1( 1,
#1727250 0)
#1729000 1)
#1732000 0! 0$ 0&
#1732875 0)
#1733000 0# 0' 0(
#1733125 0" 0%
#1733375 0*
#1734375 1*
#1734625 1)
#1734875 1! 1" 1# 1$ 1% 1& 1' 1(
#1735625 0)
#1737375 1)
#1738500 0)
#1739000 0+
#1740000 1+
#1740875 0+
#1741875 1+
#1742750 0+
#1743750 1+
#1744625 0+
#1745625 1+
#1746750 1)
#1747000 0! 0$ 0&
#1747875 0)
#1748000 0" 0% 0' 0(
#1748375 0*
#1749375 1*
#1749500 1)
#1749875 1! 1" 1$ 1% 1& 1' 1(
#1750625 0)
#1752375 1)
#1752625 0! 0# 0$ 0% 0' 0(
#1753375 0-
#1753500 0)
#1753625 0" 0&
#1753750 1(
#1754000 0*
#1755000 1*
#1755625 1!
#1755875 0*
#1756875 1*
#1757375 0!
#1757500 1"
#1757750 0*
#1758750 1*
#1759375 1!
#1759625 0*
#1760625 1*
#1761750 1) 1-
#1762000 0! 1'
#1762125 1# 1%
#1762875 0)
#1763000 0" 0# 0% 0' 0(
#1763125 1$
#1763250 0*
#1764375 1*
#1764500 1)
#1764875 1" 1% 1(
#1765625 0)
#1765875 0" 1# 0% 0(
#1766125 0+
#1767125 1+
#1767375 1)
#1767625 1" 0# 0$ 1&
#1768375 0-
#1768500 0)
#1768625 0" 0&
#1768750 1# 1(
#1769000 0*
#1770000 1*
#1770625 1!
#1770750 0*
#1771875 1*
#1772375 0!
#1772500 1"
#1772625 0*
#1773750 1*
#1774250 1!
#1774500 0*
#1775625 1*
#1776750 1) 1-
#1777000 0! 1% 1'
#1777750 0)
#1778000 0" 0% 0' 0(
#1778125 1$
#1778250 0*
#1779250 1*
#1779500 1)
#1779750 0$
#1779875 1" 1& 1(
#1780625 0)
#1780875 1! 1$ 1%
#1781125 0*
#1782125 1*
#1782375 1)
#1782625 0! 0# 0$ 0% 0(
#1783375 0) 0-
#1783625 0" 0& 1(
#1783750 1$
#1783875 0*
#1784875 1*
#1785500 1!
#1785750 0*
#1786750 1*
#1787375 0!
#1787500 1"
#1787625 0*
#1788625 1*
#1789250 1!
#1789500 0* 00
#1790500 1*
#1791750 1) 1-
#1791875 0!
#1792000 1# 0$ 1% 1'
#1792750 0)
#1793000 0" 0# 0' 0(
#1793250 0*
#1794250 1*
#1794500 1)
#1794875 1" 1$ 1' 1( 0,
#1795625 0)
#1795750 0' 0(
#1795875 0" 1# 0%
#1796125 0+
#1796375 10
#1797125 1+
#1797375 1)
#1797500 0# 0$
#1797625 1" 1&
#1797750 1,
#1798375 0) 0-
#1798625 0" 1$ 0& 1(
#1798750 1#
#1798875 0*
#1799875 1*
#1800500 1!
#1800750 0*
#1801750 1*
#1802375 0! 1"
#1802625 0*
#1803625 1*
#1804250 1!
#1804500 0*
#1805500 1*
#1806625 1)
#1806750 1-
#1806875 0!
#1807000 0$ 1% 1'
#1807750 0)
#1808000 0" 0' 0(
#1808250 0*
#1809250 1*
#1809500 1)
#1809875 1! 1" 1$ 1& 1' 1(
#1810625 0)
#1812250 1)
#1812625 0! 0# 0$ 0% 0' 0(
#1813375 0) 0-
#1813625 0" 1% 0& 1(
#1813875 0*
#1814875 1*
#1815500 1!
#1815750 0*
#1816750 1*
#1817375 0! 1"
#1817625 0*
#1818625 1*
#1819250 1!
#1819500 0*
#1820500 1*
#1821625 1)
#1821750 1-
#1821875 0!
#1822000 1# 1'
#1822750 0)
#1823000 0" 0# 1$ 0' 0(
#1823250 0*
#1824250 1*
#1824500 1)
#1824750 1(
#1824875 1"
#1825625 0)
#1825750 0" 0% 0(
#1825875 1! 1#
#1826125 0+
#1827125 1+
#1827250 1)
#1827500 0! 0# 0$
#1827625 1" 1&
#1828375 0) 0-
#1828625 0" 1# 1% 0& 1(
#1828875 0*
#1829875 1*
#1830500 1!
#1830750 0*
#1831750 1*
#1832375 0! 1"
#1832625 0*
#1833625 1*
#1834250 1!
#1834500 0*
#1835500 1*
#1836625 1)
#1836750 1-
#1836875 0!
#1837000 1'
#1837750 0)
#1838000 0" 1$ 0' 0(
#1838250 0*
#1839250 1*
#1839500 1)
#1839750 1! 0$ 0% 1(
#1839875 1" 1&
#1840625 0)
#1840875 1$ 1%
#1841125 0+
#1842125 1+
#1842250 1)
#1842500 0! 0# 0$ 0% 0(
#1843375 0) 0-
#1843625 0" 1$ 1% 0& 1(
#1843875 0*
#1844875 1*
#1845500 1!
#1845750 0*
#1846750 1*
#1847375 0! 1"
#1847625 0*
#1848625 1*
#1849250 1!
#1849500 0*
#1850500 1*
#1851625 1)
#1851750 1-
#1851875 0! 0$
#1852000 1# 1'
#1852750 0)
#1853000 0" 0# 0% 1& 0' 0(
#1853250 0*
#1854250 1*
#1854500 1)
#1854750 0& 1' 1(
#1854875 1" 1$ 1% 0,
#1855625 0)
#1855750 0" 0% 0' 0(
#1855875 1! 1#
#1856125 0+
#1857125 1+
#1857250 1)
#1857500 0! 0# 0$
#1857625 1" 1&
#1857750 1,
#1858375 0) 0-
#1858625 0" 1# 1$ 1% 0& 1(
#1858875 0*
#1859875 1*
#1860500 1!
#1860750 0*
#1861750 1*
#1862375 0! 1"
#1862625 0*
#1863625 1*
#1864250 1!
#1864500 0*
#1865500 1*
#1866625 1)
#1866750 1-
#1866875 0! 0$
#1867000 1'
#1867750 0)
#1868000 0" 0% 1& 0' 0(
#1868250 0*
#1869250 1*
#1869500 1)
#1869750 1(
#1869875 1! 1" 1$ 1% 1'
#1870625 0)
#1872250 1)
#1872500 0$
#1872625 0! 0# 0% 0' 0(
#1873250 00
#1873375 0) 0-
#1873625 0" 1(
#1873875 0*
#1874875 1*
#1875500 1!
#1875750 0*
#1876750 1*
#1877375 0! 1"
#1877625 0*
#1878625 1*
#1879250 1!
#1879500 0*
#1880250 10
#1880500 1*
#1881625 1)
#1881750 1-
#1881875 0! 0&
#1882000 1# 1% 1'
#1882750 0)
#1883000 0" 0# 1$ 0% 1& 0' 0(
#1883250 0*
#1884250 1*
#1884500 1)
#1884750 0& 1(
#1884875 1" 1%
#1885625 0)
#1885750 0% 0(
#1885875 1#
#1886125 0+
#1887125 1+
#1887250 1)
#1887500 0# 0$
#1887625 1&
#1888375 0) 0-
#1888625 0" 1# 1(
#1888875 0*
#1889875 1*
#1890500 1!
#1890750 0*
#1891750 1*
#1892375 0! 1"
#1892625 0*
#1893625 1*
#1894250 1!
#1894500 0*
#1895500 1*
#1896750 1) 1-
#1896875 0!
#1897000 1% 0& 1'
#1897750 0)
#1898000 0" 1$ 0% 1& 0' 0(
#1898250 0*
#1899250 1*
#1899500 1)
#1899750 0#
#1899875 1(
#1900625 0)
#1900875 1! 1" 1# 1%
#1901125 0*
#1902125 1*
#1902250 1)
#1902625 0! 0# 0$ 0% 0(
#1903375 0) 0-
#1903625 0" 1(
#1903750 1$
#1903875 0*
#1904875 1*
#1905500 1!
#1905750 0*
#1906750 1*
#1907375 0! 1"
#1907625 0*
#1908625 1*
#1909250 1!
#1909500 0*
#1910500 1*
#1911750 1) 1-
#1912000 0! 1# 0$ 1% 0& 1'
#1912750 0)
#1913000 0" 0# 1& 0' 0(
#1913250 0*
#1914250 1*
#1914500 1)
#1914750 0&
#1914875 1" 1$ 1' 1( 0,
#1915625 0)
#1915750 0' 0(
#1915875 1# 0%
#1916125 0+
#1917125 1+
#1917375 1)
#1917625 0# 0$ 1&
#1917750 1,
#1918375 0) 0-
#1918625 0"
#1918750 1# 1$ 1(
#1918875 0*
#1920000 1*
#1920625 1!
#1920750 0*
#1921875 1*
#1922375 0!
#1922500 1"
#1922625 0*
#1923750 1*
#1924250 1!
#1924500 0*
#1925625 1*
#1926750 1) 1-
#1927000 0! 0$ 1% 0& 1'
#1927875 0)
#1928000 0" 0' 0(
#1928125 1&
#1928250 0*
#1929375 1*
#1929500 1)
#1929875 1! 1" 1$ 1' 1(
#1930625 0)
#1932375 1)
#1932625 0! 0# 0$ 0% 0' 0(
#1933375 0-
#1933500 0)
#1933625 0"
#1933750 1% 1(
#1934000 0*
#1935000 1*
#1935625 1!
#1935875 0*
#1936875 1*
#1937375 0!
#1937500 1"
#1937750 0*
#1938750 1*
#1939375 1!
#1939625 0*
#1940625 1*
#1941750 1) 1-
#1942000 0! 0& 1'
#1942125 1#
#1942875 0)
#1943000 0" 0# 0' 0(
#1943125 1$ 1&
#1943375 0*
#1944375 1*
#1944500 1)
#1944750 0&
#1944875 1" 1(
#1945625 0)
#1945875 1! 1# 0% 0(
#1946125 0+
#1947125 1+
#1947375 1)
#1947625 0! 0# 0$
#1947750 1&
#1948375 0-
#1948500 0)
#1948625 0"
#1948750 1# 1% 1(
#1949000 0*
#1950000 1*
#1950625 1!
#1950875 0*
#1951875 1*
#1952375 0!
#1952500 1"
#1952750 0*
#1953750 1*
#1954375 1!
#1954625 0*
#1955625 1*
#1956750 1) 1-
#1957000 0! 0&
#1957125 1' 00
#1957875 0)
#1958000 0'
#1958125 0" 1$ 1& 0(
#1958375 0*
#1959375 1*
#1959625 1)
#1959875 1! 0# 0% 1(
#1960625 0)
#1961000 1" 1# 1%
#1961250 0+
#1962250 1+
#1962375 1)
#1962625 0! 0# 0$ 0% 0(
#1963500 0) 0-
#1963625 0"
#1963750 1$ 1% 1(
#1964000 0*
#1964125 10
#1965000 1*
#1965625 1!
#1965875 0*
#1966875 1*
#1967375 0!
#1967500 1"
#1967750 0*
#1968750 1*
#1969375 1!
#1969625 0*
#1970625 1*
#1971750 1)
#1971875 1-
#1972000 0! 0$ 0&
#1972125 1# 1'
#1972875 0)
#1973125 0" 0# 0% 0(
#1973375 0*
#1974375 1*
#1974625 1)
#1974875 1(
#1975000 1" 1$ 1% 0,
#1975750 0)
#1975875 0% 0' 0(
#1976000 1! 1#
#1976250 0+
#1977250 1+
#1977375 1)
#1977625 0! 0# 0$
#1977750 1&
#1977875 1,
#1978500 0) 0-
#1978750 0" 1# 1$ 1% 1(
#1979000 0*
#1980000 1*
#1980625 1!
#1980875 0*
#1981875 1*
#1982500 0! 1"
#1982750 0*
#1983750 1*
#1984375 1!
#1984625 0*
#1985625 1*
#1986750 1)
#1986875 1-
#1987000 0!
#1987125 0$ 0& 1'
#1987875 0)
#1988125 0" 0% 0(
#1988375 0*
#1989375 1*
#1989625 1)
#1990000 1! 1" 1$ 1% 1& 1(
#1990750 0)
#1992500 1)
#1992750 0! 0# 0$ 0% 0' 0(
#1993500 0) 0-
#1993750 0" 0& 1' 1(
#1994000 0*
#1995000 1*
#1995625 1!
#1995875 0*
#1996875 1*
#1997500 0!
#1997625 1"
#1997750 0*
#1998750 1*
#1999375 1!
#1999625 0*
#2000625 1*
#2001875 1) 1-
#2002000 0!
#2002125 1# 1%
#2002875 0)
#2003125 0" 0# 0% 0(
#2003250 1$
#2003375 0*
#2004375 1*
#2004625 1)
#2004875 0'
#2005000 1" 1% 1(
#2005750 0)
#2006000 0" 0$ 0(
#2006250 0+
#2007250 1+
#2007500 1)
#2007750 1" 0% 1&
#2008500 0) 0-
#2008750 0" 0&
#2008875 1# 1' 1(
#2009000 0*
#2010125 1*
#2010750 1!
#2010875 0*
#2012000 1*
#2012500 0!
#2012625 1"
#2012750 0*
#2013875 1*
#2014500 1!
#2014750 0*
#2015750 1*
#2016875 1) 1-
#2017125 0! 1%
#2018000 0)
#2018125 0" 0% 0(
#2018250 1$
#2018375 0*
#2019500 1*
#2019625 1)
#2019875 0# 0'
#2020000 1" 1& 1(
#2020750 0)
#2021000 1! 1# 1%
#2021250 0*
#2022250 1*
#2022500 1)
#2022750 0! 0# 0$ 0% 0(
#2023500 0-
#2023625 0)
#2023750 0" 0&
#2023875 1$ 1' 1(
#2024125 0*
#2025125 1*
#2025750 1!
#2026000 0*
#2027000 1*
#2027500 0!
#2027625 1"
#2027875 0*
#2028875 1*
#2029500 1!
#2029750 0*
#2030750 1*
#2031875 1) 1-
#2032125 0! 0$
#2032250 1# 1%
#2033000 0)
#2033125 0" 0# 0(
#2033500 0*
#2034500 1*
#2034625 1)
#2035000 1" 1$ 1(
#2035125 0,
#2035750 0)
#2036000 0" 0$ 0' 0(
#2036250 0+
#2037250 1+
#2037500 1)
#2037750 0%
#2037875 1" 1& 1,
#2038625 0) 0-
#2038750 0" 0&
#2038875 1# 1$ 1' 1(
#2039125 0*
#2040125 1*
#2040750 1!
#2041000 0* 00
#2042000 1*
#2042500 0!
#2042625 1"
#2042875 0*
#2043875 1*
#2044500 1!
#2044750 0*
#2045750 1*
#2046875 1) 1-
#2047125 0! 0$
#2047250 1%
#2048000 0) 10
#2048250 0" 0(
#2048500 0*
#2049500 1*
#2049750 1)
#2050000 1! 1" 1$ 1& 1(
#2050750 0)
#2052500 1)
#2052750 0! 0# 0$ 0% 0' 0(
#2053625 0) 0-
#2053750 0"
#2053875 1% 0& 1' 1(
#2054125 0*
#2055125 1*
#2055750 1!
#2056000 0*
#2057000 1*
#2057500 0!
#2057625 1"
#2057875 0*
#2058875 1*
#2059500 1!
#2059750 0*
#2060750 1*
#2061875 1)
#2062000 1-
#2062125 0!
#2062250 1#
#2063000 0)
#2063250 0" 0# 1$ 0(
#2063500 0*
#2064500 1*
#2064750 1)
#2065000 1" 0' 1(
#2065750 0)
#2066000 0" 0$ 0(
#2066125 1!
#2066375 0+
#2067375 1+
#2067500 1)
#2067750 0! 0%
#2067875 1" 1&
#2068625 0) 0-
#2068750 0" 0&
#2068875 1# 1% 1' 1(
#2069125 0*
#2070125 1*
#2070750 1!
#2071000 0*
#2072000 1*
#2072500 0!
#2072625 1"
#2072875 0*
#2073875 1*
#2074500 1!
#2074750 0*
#2075750 1*
#2076875 1)
#2077000 1-
#2077125 0!
#2078000 0)
#2078250 0" 1$ 0(
#2078500 0*
#2079500 1*
#2079750 1)
#2080000 1! 1" 0# 0% 1& 0' 1(
#2080875 0)
#2081125 1# 1%
#2081375 0+
#2082375 1+
#2082500 1)
#2082750 0! 0# 0$ 0% 0(
#2083625 0) 0-
#2083875 0" 1$ 1% 0& 1' 1(
#2084125 0*
#2085125 1*
#2085750 1!
#2086000 0*
#2087000 1*
#2087500 0!
#2087625 1"
#2087875 0*
#2088875 1*
#2089500 1!
#2089750 0*
#2090750 1*
#2091875 1)
#2092000 1-
#2092125 0! 0$
#2092250 1#
#2093000 0)
#2093250 0" 0# 0% 1& 0(
#2093500 0*
#2094500 1*
#2094750 1)
#2095000 1% 0& 1(
#2095125 1" 1$ 0,
#2095875 0)
#2096000 0" 0$ 0' 0(
#2096125 1!
#2096375 0+
#2097375 1+
#2097500 1)
#2097750 0! 0%
#2097875 1" 1& 1,
#2098625 0) 0-
#2098875 0" 1# 1$ 1% 0& 1' 1(
#2099125 0*
#2100125 1*
#2100750 1!
#2101000 0*
#2102000 1*
#2102500 0!
#2102625 1"
#2102875 0*
#2103875 1*
#2104500 1!
#2104750 0*
#2105750 1*
#2106875 1)
#2107000 1-
#2107125 0! 0$
#2108000 0)
#2108250 0" 0% 1& 0(
#2108500 0*
#2109500 1*
#2109750 1)
#2110000 1! 1" 1$ 1% 1(
#2110875 0)
#2112500 1)
#2112750 0! 0# 0$ 0% 0' 0(
#2113625 0) 0-
#2113750 0"
#2113875 1' 1(
#2114125 0*
#2115125 1*
#2115750 1!
#2116000 0*
#2117000 1*
#2117500 0!
#2117625 1"
#2117875 0*
#2118875 1*
#2119500 1!
#2119750 0*
#2120750 1*
#2121875 1)
#2122000 1-
#2122125 0! 0&
#2122250 1# 1%
#2123000 0)
#2123125 0#
#2123250 0" 1$ 0% 1& 0(
#2123500 0*
#2124500 1*
#2124750 1)
#2124875 0& 0' 00
#2125000 1" 1% 1(
#2125750 0)
#2126000 0$ 0(
#2126250 0+
#2127375 1+
#2127500 1)
#2127750 0%
#2127875 1&
#2128625 0) 0-
#2128750 0"
#2128875 1# 1' 1(
#2129125 0*
#2130125 1*
#2130750 1!
#2131000 0*
#2131875 10
#2132000 1*
#2132500 0!
#2132625 1"
#2132875 0*
#2133875 1*
#2134500 1!
#2134750 0*
#2135750 1*
#2136875 1) 1-
#2137125 0! 0&
#2137250 1%
#2138000 0)
#2138125 0" 0% 0(
#2138250 1$ 1&
#2138500 0*
#2139500 1*
#2139750 1)
#2139875 0'
#2140000 1(
#2140750 0)
#2141000 1! 1" 1%
#2141250 0*
#2142250 1*
#2142500 1)
#2142750 0! 0# 0$ 0% 0(
#2143500 0-
#2143625 0)
#2143750 0"
#2143875 1$ 1' 1(
#2144125 0*
#2145125 1*
#2145750 1!
#2146000 0*
#2147000 1*
#2147500 0!
#2147625 1"
#2147875 0*
#2148875 1*
#2149500 1!
#2149750 0*
#2150750 1*
#2151875 1) 1-
#2152125 0! 0$ 0&
#2152250 1# 1%
#2153000 0)
#2153125 0" 0# 0(
#2153250 1&
#2153500 0*
#2154500 1*
#2154625 1)
#2154875 0&
#2155000 1" 1$ 1(
#2155125 0,
#2155750 0)
#2156000 0$ 0' 0(
#2156250 0+
#2157250 1+
#2157500 1)
#2157750 0%
#2157875 1& 1,
#2158500 0-
#2158625 0)
#2158750 0"
#2158875 1# 1$ 1' 1(
#2159125 0*
#2160125 1*
#2160750 1!
#2161000 0*
#2162000 1*
#2162500 0!
#2162625 1"
#2162875 0*
#2163875 1*
#2164500 1!
#2164750 0*
#2165750 1*
#2166875 1) 1-
#2167125 0! 0$ 1% 0&
#2168000 0)
#2168125 0" 0(
#2168250 1&
#2168375 0*
#2169500 1*
#2169625 1)
#2170000 1! 1" 1$ 1(
#2170750 0)
#2172500 1)
#2172750 0! 0# 0$ 0% 0' 0(
#2173500 0) 0-
#2173750 0"
#2173875 1% 1' 1(
#2174000 0*
#2175125 1*
#2175750 1!
#2175875 0*
#2177000 1*
#2177500 0!
#2177625 1"
#2177750 0*
#2178875 1*
#2179375 1!
#2179625 0*
#2180750 1*
#2181875 1) 1-
#2182125 0! 1# 0&
#2182875 0)
#2183125 0" 0# 0(
#2183250 1$ 1&
#2183375 0*
#2184375 1*
#2184625 1)
#2184875 0& 0'
#2185000 1" 1(
#2185750 0)
#2185875 0(
#2186000 1! 0$
#2186250 0+
#2187250 1+
#2187500 1)
#2187625 0!
#2187750 0% 1&
#2188500 0) 0-
#2188750 0" 1(
#2188875 1# 1% 1'
#2189000 0*
#2190000 1*
#2190625 1!
#2190875 0*
#2191875 1*
#2192500 0! 1"
#2192750 0*
#2193750 1*
#2194375 1!
#2194625 0*
#2195625 1*
#2196875 1) 1-
#2197000 0!
#2197125 0&
#2197875 0)
#2198125 0" 1$ 1& 0(
#2198375 0*
#2199375 1*
#2199625 1)
#2199875 0% 0' 1(
#2200000 1!
#2200750 0)
#2201000 1" 1%
#2201250 0+
#2202250 1+
#2202375 1)
#2202750 0! 0# 0$ 0% 0(
#2203500 0) 0-
#2203750 0" 1$ 1% 1' 1(
#2204000 0*
#2205000 1*
#2205625 1!
#2205875 0*
#2206875 1*
#2207500 0! 1"
#2207750 0*
#2208750 1* 00
#2209375 1!
#2209625 0*
#2210625 1*
#2211750 1)
#2211875 1-
#2212125 1#
#2212875 0)
#2213375 0+
#2214375 1+
#2214625 1)
#2214875 0! 0# 0&
#2215000 0,
#2215625 10
#2215750 0)
#2215875 0$ 0' 0(
#2216000 1!
#2216250 0+
#2217250 1+
#2217375 1)
#2217625 0! 0%
#2217750 1&
#2217875 1,
#2218500 0) 0-
#2218750 0" 1# 1$ 1% 1' 1(
#2219000 0*
#2220000 1*
#2220625 1!
#2220875 0*
#2221875 1*
#2222500 0! 1"
#2222750 0*
#2223750 1*
#2224375 1!
#2224625 0*
#2225625 1*
#2226750 1)
#2226875 1-
#2227000 0! 0$ 0&
#2227875 0)
#2228125 0" 0# 0% 1& 0(
#2228375 0*
#2229375 1*
#2230000 1!
#2230250 0*
#2231250 1*
#2231750 0!
#2231875 1"
#2232125 0*
#2232875 1)
#2233125 0& 1*
#2233250 1# 1% 1(
#2234000 0)
#2234125 0% 0(
#2234250 0" 1&
#2234500 0*
#2235500 1*
#2236125 1!
#2236375 0*
#2237375 1*
#2237875 0!
#2238000 1"
#2238250 0*
#2239000 1)
#2239250 1! 1( 1*
#2239375 1$ 1%
#2240125 0)
#2241750 1)
#2242000 0# 0&
#2242875 0)
#2243125 0" 1# 0$ 0% 0' 0(
#2243375 0*
#2244375 1*
#2245000 1%
#2245250 0*
#2246250 1*
#2246500 1)
#2246750 1' 1(
#2247500 0)
#2247750 0% 0'
#2248000 0*
#2249000 1*
#2249250 1)
#2249500 0#
#2249625 1" 1$ 1% 1'
#2250375 0)
#2250625 0" 1# 0$ 0% 1& 0' 0(
#2250875 0*
#2251875 1*
#2252500 1%
#2252750 0*
#2253750 1*
#2254000 1)
#2254250 0& 1' 1(
#2255000 0)
#2255250 0'
#2255500 0*
#2256500 1*
#2256750 1)
#2257000 0!
#2257125 1" 1'
#2257875 0)
#2258000 0"
#2258125 0# 1$ 0% 1& 0(
#2258375 0*
#2259375 1*
#2260000 1!
#2260250 0*
#2261250 1*
#2261750 0!
#2261875 1"
#2262125 0*
#2262875 1)
#2263125 0$ 0& 1*
#2263250 1# 1% 1(
#2264000 0)
#2264125 0" 0% 0(
#2264250 1$ 1&
#2264500 0*
#2265500 1*
#2266125 1!
#2266375 0*
#2267375 1*
#2267875 0!
#2268000 1"
#2268250 0*
#2269375 1)
#2269625 1*
#2270125 0# 0& 0'
#2270250 1% 1(
#2271000 0)
#2271125 0(
#2271250 0" 1# 0$
#2271500 0+
#2272500 1+
#2273125 1)
#2273375 0#
#2273500 1! 1" 1$ 1' 1(
#2274250 0)
#2274875 0(
#2275000 0" 1# 0$ 0%
#2275250 0*
#2276250 1*
#2276875 1%
#2277125 0*
#2278125 1*
#2278375 1)
#2278625 1(
#2279375 0)
#2279625 0% 0'
#2279750 1&
#2279875 0*
#2280875 1*
#2281125 1)
#2281375 0# 0&
#2281500 1" 1$ 1% 1'
#2282250 0)
#2282375 0%
#2282500 0" 1# 0$ 1& 0(
#2282750 0*
#2283750 1*
#2284375 1%
#2284625 0*
#2285625 1*
#2285875 1)
#2286125 0& 1(
#2286875 0)
#2287125 1& 0'
#2287375 0*
#2288375 1*
#2288625 1)
#2288875 0! 0&
#2289000 1" 1'
#2289750 0)
#2289875 0"
#2290000 0# 1& 0(
#2290250 0*
#2291250 1*
#2291875 1!
#2292125 0*
#2292500 00
#2293125 1*
#2293625 0!
#2293750 1"
#2294000 0*
#2294750 1)
#2295000 0& 1*
#2295125 1# 1(
#2295875 0)
#2296000 0" 0(
#2296125 1&
#2296375 0*
#2297375 1*
#2298000 1!
#2298250 0*
#2299250 1*
#2299500 10
#2299750 0!
#2299875 1"
#2300125 0*
#2300875 1)
#2301125 0# 1$ 0& 1( 1*
#2301250 0,
#2301875 0)
#2302125 0" 0$ 0' 0(
#2302250 1#
#2302375 0+
#2303500 1+
#2303625 1)
#2303875 0#
#2304000 1! 1" 1$ 1' 1( 1,
#2304750 0)
#2304875 0'
#2305000 0" 1# 0$ 0%
#2305250 0*
#2306250 1*
#2306875 1%
#2307125 0*
#2308125 1*
#2308375 1)
#2308625 1'
#2309375 0)
#2309625 0%
#2309875 0*
#2311000 1*
#2311125 1)
#2311375 0#
#2311500 1" 1$ 1%
#2312250 0)
#2312500 0" 1# 0$ 0% 1& 0'
#2312750 0*
#2313750 1*
#2314375 1%
#2314625 0*
#2315625 1*
#2315875 1)
#2316125 0& 1'
#2317000 0)
#2317375 0*
#2318500 1*
#2318625 1)
#2318875 0!
#2319000 1"
#2319750 0)
#2320000 0" 0# 1$ 1& 0(
#2320250 0*
#2321250 1*
#2321875 1!
#2322125 0*
#2323125 1*
#2323625 0!
#2323750 1"
#2324000 0*
#2324750 1)
#2325000 0$ 0& 1*
#2325125 1# 1(
#2325875 0)
#2326000 0" 0(
#2326125 1$ 1&
#2326375 0*
#2327375 1*
#2328000 1!
#2328250 0*
#2329250 1*
#2329750 0!
#2329875 1"
#2330125 0*
#2330875 1)
#2331125 0# 0& 0' 1( 1*
#2332000 0)
#2332125 0" 0$ 0(
#2332250 1! 1#
#2332500 0+
#2333500 1+
#2333625 1)
#2333875 0#
#2334000 1" 1$ 1' 1(
#2334750 0)
#2335000 0" 1# 0$ 0%
#2335250 0*
#2336250 1*
#2336875 1%
#2337125 0*
#2338125 1*
#2338375 1)
#2339500 0)
#2339625 0%
#2339750 1&
#2340000 0*
#2341000 1*
#2341125 1)
#2341375 0# 0&
#2341500 1" 1$ 1%
#2342250 0)
#2342500 0" 1# 0$ 0% 1&
#2342750 0*
#2343750 1*
#2344375 1%
#2344625 0*
#2345625 1*
#2345875 1)
#2346125 0&
#2347000 0)
#2347250 1&
#2347500 0*
#2348500 1*
#2348625 1)
#2364000 0! 1" 0# 1$ 0&
#2364125 0,
#2364750 0)
#2365000 0" 0$ 0' 0(
#2365125 1! 1#
#2365250 0+
#2366375 1+
#2366500 1)
#2367750 1" 1$ 1& 1' 1(
#2367875 1,
#2368625 0)
#2370250 1)
#2373375 0! 0$ 0&
#2374250 0)
#2374375 0" 0# 0% 0' 0(
#2374625 0*
#2375750 1*
#2375875 1)
#2376250 1! 1" 1# 1$ 1% 1& 1' 1(
#2376375 00
#2377000 0)
#2378750 1)
#2379875 0)
#2380375 0+
#2381375 1+
#2382250 0+
#2383250 1+
#2383375 10
#2384125 0+
#2385125 1+
#2386000 0+
#2387000 1+
#2388125 1)
#2388375 0! 0$ 0&
#2389250 0)
#2389375 0" 0% 0' 0(
#2389750 0*
#2390750 1*
#2390875 1)
#2391250 1! 1" 1$ 1% 1& 1' 1(
#2392000 0)
#2393750 1)
#2394000 0# 0$ 0% 0' 0(
#2394750 0-
#2394875 0)
#2395000 0! 0" 0&
#2395375 0*
#2396375 1*
#2397000 1!
#2397250 0*
#2398250 1*
#2398750 0!
#2398875 1"
#2399125 0*
#2400125 1*
#2400750 1!
#2401000 0*
#2402000 1*
#2403125 1) 1-
#2403375 0!
#2403500 1# 1% 1' 1(
#2404250 0)
#2404375 0' 0(
#2404500 0" 0# 1$ 0%
#2404750 0*
#2405750 1*
#2406000 1)
#2406250 1" 1% 1(
#2407000 0)
#2407250 0$ 0(
#2407375 1#
#2407625 0+
#2408625 1+
#2408750 1)
#2409000 0# 0%
#2409125 1! 1&
#2409875 0) 0-
#2410000 0!
#2410125 0" 1# 0&
#2410375 0*
#2411375 1*
#2412000 1!
#2412250 0*
#2413250 1*
#2413750 0!
#2413875 1"
#2414125 0*
#2415125 1*
#2415750 1!
#2416000 0*
#2417000 1*
#2418125 1)
#2418250 1-
#2418375 0!
#2418500 1% 1' 1(
#2419250 0)
#2419500 0" 1$ 0% 0' 0(
#2419750 0*
#2420750 1*
#2421000 1)
#2421250 1(
#2421375 1" 1&
#2422125 0)
#2422375 1! 1%
#2422625 0*
#2423625 1*
#2423750 1)
#2424000 0% 0(
#2424125 0# 0$
#2424875 0) 0-
#2425125 0! 0" 1$ 0&
#2425375 0*
#2426375 1*
#2427000 1!
#2427250 0*
#2428250 1*
#2428875 0! 1"
#2429125 0*
#2430125 1*
#2430750 1!
#2431000 0*
#2432000 1*
#2433250 1) 1-
#2433375 0!
#2433500 1# 0$ 1% 1' 1(
#2434250 0)
#2434500 0" 0# 0' 0(
#2434750 0*
#2435750 1*
#2436000 1)
#2436375 1" 1$ 1' 1( 0,
#2437125 0)
#2437250 0$ 0' 0(
#2437375 1#
#2437625 0+
#2438625 1+
#2438875 1)
#2439000 0#
#2439125 1! 0% 1&
#2439250 1,
#2439875 0) 0-
#2440125 0! 0" 0&
#2440250 1# 1$
#2440375 0*
#2441375 1*
#2442000 1!
#2442250 0*
#2443250 1*
#2443875 0!
#2444000 1"
#2444125 0*
#2445125 1*
#2445750 1!
#2446000 0*
#2447000 1*
#2448250 1) 1-
#2448375 0!
#2448500 0$ 1% 1' 1(
#2449250 0)
#2449500 0" 0' 0(
#2449750 0*
#2450750 1*
#2451000 1)
#2451375 1! 1" 1$ 1& 1' 1(
#2452125 0)
#2453875 1)
#2454125 0# 0$ 0% 0' 0(
#2454875 0) 0-
#2455125 0! 0" 0&
#2455250 1%
#2455375 0*
#2456500 1*
#2457000 1!
#2457250 0*
#2458375 1*
#2458875 0!
#2459000 1"
#2459125 0*
#2460250 1* 00
#2460875 1!
#2461000 0*
#2462125 1*
#2463250 1) 1-
#2463500 0! 1# 1' 1(
#2464375 0)
#2464500 0" 0# 0' 0(
#2464625 1$
#2464750 0*
#2465875 1*
#2466000 1)
#2466375 1" 1(
#2467125 0)
#2467250 10
#2467375 1! 1# 0$ 0(
#2467625 0+
#2468625 1+
#2468875 1)
#2469125 0# 0% 1&
#2469875 0-
#2470000 0)
#2470125 0! 0" 0&
#2470250 1# 1%
#2470500 0*
#2471500 1*
#2472125 1!
#2472375 0*
#2473375 1*
#2473875 0!
#2474000 1"
#2474250 0*
#2475250 1*
#2475875 1!
#2476125 0*
#2477125 1*
#2478250 1) 1-
#2478500 0! 1' 1(
#2479375 0)
#2479500 0" 0' 0(
#2479625 1$
#2479875 0*
#2480875 1*
#2481000 1)
#2481250 0%
#2481375 1! 1" 1& 1(
#2482125 0)
#2482375 1%
#2482625 0+
#2483625 1+
#2483875 1)
#2484125 0# 0$ 0% 0(
#2484875 0-
#2485000 0)
#2485125 0! 0" 0&
#2485250 1$ 1%
#2485500 0*
#2486500 1*
#2487125 1!
#2487375 0*
#2488375 1*
#2488875 0!
#2489000 1"
#2489250 0*
#2490250 1*
#2490875 1!
#2491125 0*
#2492125 1*
#2493250 1) 1-
#2493500 0! 0$ 1' 1(
#2493625 1#
#2494375 0)
#2494500 0" 0# 0% 0' 0(
#2494625 1&
#2494875 0*
#2495875 1*
#2496000 1)
#2496250 0&
#2496375 1" 1$ 1% 1' 1(
#2496500 0,
#2497125 0)
#2497375 1! 1# 0$ 0' 0(
#2497625 0+
#2498625 1+
#2498875 1)
#2499125 0# 0%
#2499250 1& 1,
#2500000 0) 0-
#2500125 0! 0" 0&
#2500250 1# 1$ 1%
#2500500 0*
#2501500 1*
#2502125 1!
#2502375 0*
#2503375 1*
#2503875 0!
#2504000 1"
#2504250 0*
#2505250 1*
#2505875 1!
#2506125 0*
#2507125 1*
#2508250 1) 1-
#2508500 0! 0$ 1' 1(
#2509375 0)
#2509500 0" 0% 0' 0(
#2509625 1&
#2509875 0*
#2510875 1*
#2511125 1)
#2511375 1! 1" 1$ 1% 1' 1(
#2512125 0)
#2513875 1)
#2514125 0# 0$ 0% 0' 0(
#2514875 0-
#2515000 0)
#2515125 0! 0"
#2515500 0*
#2516500 1*
#2517125 1!
#2517375 0*
#2518375 1*
#2518875 0!
#2519000 1"
#2519250 0*
#2520250 1*
#2520875 1!
#2521125 0*
#2522125 1*
#2523250 1) 1-
#2523500 0! 0& 1(
#2523625 1# 1% 1'
#2524375 0)
#2524500 0" 0# 0% 0' 0(
#2524625 1$ 1&
#2524875 0*
#2525875 1*
#2526125 1)
#2526250 0&
#2526375 1" 1% 1(
#2527125 0)
#2527375 0" 0(
#2527625 0+
#2528625 1+
#2528875 1)
#2529125 0$ 0%
#2529250 1! 1" 1&
#2530000 0) 0-
#2530125 0! 0"
#2530250 1#
#2530500 0*
#2531500 1*
#2532125 1!
#2532375 0*
#2533375 1*
#2533875 0!
#2534000 1"
#2534250 0*
#2535250 1*
#2535875 1!
#2536125 0*
#2537125 1*
#2538250 1) 1-
#2538500 0! 0& 1' 1(
#2538625 1%
#2539375 0)
#2539500 0" 0% 0' 0(
#2539625 1$ 1&
#2539875 0*
#2540875 1*
#2541000 1)
#2541250 0# 0$
#2541375 1% 1(
#2542125 0)
#2542375 1! 1" 1# 1$
#2542625 0*
#2543625 1*
#2543875 1)
#2544125 0# 0$ 0% 0( 00
#2544875 0-
#2545000 0)
#2545125 0! 0"
#2545250 1$
#2545500 0*
#2546500 1*
#2547125 1!
#2547375 0*
#2548375 1*
#2548875 0!
#2549000 1"
#2549250 0*
#2550250 1*
#2550875 1!
#2551000 10
#2551125 0*
#2552125 1*
#2553250 1) 1-
#2553500 0! 0$ 0& 1' 1(
#2553625 1# 1%
#2554375 0)
#2554500 0" 0# 0' 0(
#2554625 1&
#2554875 0*
#2555875 1*
#2556000 1)
#2556250 0&
#2556375 1" 1$ 1' 1(
#2556500 0,
#2557125 0)
#2557375 0" 0' 0(
#2557625 0+
#2558625 1+
#2558875 1)
#2559125 1! 1" 0$ 0%
#2559250 1& 1,
#2559875 0-
#2560000 0)
#2560125 0! 0"
#2560250 1# 1$
#2560500 0*
#2561500 1*
#2562125 1!
#2562375 0*
#2563375 1*
#2563875 0!
#2564000 1"
#2564250 0*
#2565250 1*
#2565875 1!
#2566125 0*
#2567125 1*
#2568250 1) 1-
#2568500 0! 0$ 1% 0& 1' 1(
#2569375 0)
#2569500 0" 0' 0(
#2569625 1&
#2569750 0*
#2570875 1*
#2571000 1)
#2571375 1! 1" 1$ 1' 1(
#2572125 0)
#2573875 1)
#2574125 0# 0$ 0% 0' 0(
#2574875 0-
#2575000 0)
#2575125 0! 0"
#2575250 1%
#2575375 0*
#2576500 1*
#2577125 1!
#2577250 0*
#2578375 1*
#2578875 0!
#2579000 1"
#2579125 0*
#2580250 1*
#2580750 1!
#2581000 0*
#2582125 1*
#2583250 1) 1-
#2583500 0! 1# 0& 1' 1(
#2584250 0)
#2584500 0" 0# 0' 0(
#2584625 1$ 1&
#2584750 0*
#2585875 1*
#2586000 1)
#2586250 0&
#2586375 1" 1(
#2587125 0)
#2587250 0(
#2587375 1! 0"
#2587625 0+
#2588625 1+
#2588875 1)
#2589125 1" 0$ 0% 1&
#2589875 0) 0-
#2590125 0! 0"
#2590250 1# 1%
#2590375 0*
#2591375 1*
#2592000 1!
#2592250 0*
#2593250 1*
#2593875 0!
#2594000 1"
#2594125 0*
#2595125 1*
#2595750 1!
#2596000 0*
#2597000 1*
#2598250 1) 1-
#2598375 0!
#2598500 0& 1' 1(
#2599250 0)
#2599500 0" 1& 0' 0(
#2599625 1$
#2599750 0*
#2600750 1*
#2601000 1)
#2601250 0# 0$
#2601375 1! 1(
#2602125 0)
#2602375 1" 1# 1$
#2602625 0+
#2603625 1+
#2603750 1)
#2604125 0# 0$ 0% 0(
#2604875 0) 0-
#2605125 0! 0" 1$ 1%
#2605375 0*
#2606375 1*
#2607000 1!
#2607250 0*
#2608250 1*
#2608875 0! 1"
#2609125 0*
#2610125 1*
#2610750 1!
#2611000 0*
#2612000 1*
#2613250 1) 1-
#2613375 0!
#2613500 1# 0$ 0& 1' 1(
#2614250 0)
#2614500 0" 0# 0% 0(
#2614750 0*
#2615750 1*
#2616000 1)
#2616250 1(
#2616375 1" 1$ 1% 0,
#2617125 0)
#2617250 0" 0' 0(
#2617375 1!
#2617625 0+
#2618625 1+
#2618750 1)
#2619000 0$ 0%
#2619125 1" 1&
#2619250 1,
#2619875 0) 0-
#2620125 0! 0" 1# 1$ 1%
#2620375 0*
#2621375 1*
#2622000 1!
#2622250 0*
#2623250 1*
#2623875 0! 1"
#2624125 0*
#2625125 1*
#2625750 1!
#2626000 0*
#2627000 1*
#2627875 00
#2628125 1)
#2628250 1-
#2628375 0! 0$ 0&
#2628500 1' 1(
#2629250 0)
#2629500 0" 0% 0(
#2629750 0*
#2630750 1*
#2631000 1)
#2631250 1! 1(
#2631375 1" 1$ 1% 1&
#2632125 0)
#2633750 1)
#2634000 0# 0$ 0% 0' 0(
#2634875 0) 0- 10
#2635125 0! 0" 0& 1'
#2635375 0*
#2636375 1*
#2637000 1!
#2637250 0*
#2638250 1*
#2638750 0!
#2638875 1"
#2639125 0*
#2640125 1*
#2640750 1!
#2641000 0*
#2642000 1*
#2643125 1)
#2643250 1-
#2643375 0!
#2643500 1# 1% 1(
#2644250 0)
#2644500 0" 0# 1$ 0% 0(
#2644750 0*
#2645750 1*
#2646000 1)
#2646250 1" 1% 0' 1(
#2647125 0)
#2647250 0(
#2647625 0+
#2648625 1+
#2648750 1)
#2649000 0$ 0%
#2649125 1! 1&
#2649875 0) 0-
#2650000 0! 0&
#2650125 0" 1# 1'
#2650375 0*
#2651375 1*
#2652000 1!
#2652250 0*
#2653250 1*
#2653750 0!
#2653875 1"
#2654125 0*
#2655125 1*
#2655750 1!
#2656000 0*
#2657000 1*
#2658125 1)
#2658250 1-
#2658375 0!
#2658500 1% 1(
#2659250 0)
#2659375 0% 0(
#2659500 0" 1$
#2659750 0*
#2660750 1*
#2661000 1)
#2661250 1" 0# 0$ 1% 1& 0' 1(
#2662000 0)
#2662375 1! 1# 1$
#2662500 0*
#2663500 1*
#2663750 1)
#2664000 0# 0$ 0% 0(
#2664875 0) 0-
#2665000 0! 0" 0&
#2665125 1$ 1'
#2665375 0*
#2666375 1*
#2667000 1!
#2667250 0*
#2668250 1*
#2668750 0!
#2668875 1"
#2669125 0*
#2670125 1*
#2670750 1!
#2671000 0*
#2672000 1*
#2673125 1) 1-
#2673375 0! 0$ 1(
#2673500 1# 1%
#2674250 0)
#2674375 0" 0# 0(
#2674750 0*
#2675750 1*
#2676000 1)
#2676250 1" 1$ 1(
#2676375 0,
#2677000 0)
#2677250 0' 0(
#2677500 0+
#2678625 1+
#2678750 1)
#2679000 1! 0$ 0%
#2679125 1& 1,
#2679875 0) 0-
#2680000 0! 0" 0&
#2680125 1# 1$ 1'
#2680375 0*
#2681375 1*
#2682000 1!
#2682250 0*
#2683250 1*
#2683750 0!
#2683875 1"
#2684125 0*
#2685125 1*
#2685750 1!
#2686000 0*
#2687000 1*
#2688125 1) 1-
#2688375 0! 0$ 1(
#2688500 1%
#2689250 0)
#2689375 0" 0(
#2689750 0*
#2690750 1*
#2690875 1)
#2691250 1! 1" 1$ 1& 1(
#2692000 0)
#2693750 1)
#2694000 0# 0$ 0% 0' 0(
#2694750 0-
#2694875 0)
#2695000 0! 0" 0&
#2695125 1% 1'
#2695375 0*
#2696375 1*
#2697000 1!
#2697250 0*
#2698250 1*
#2698750 0!
#2698875 1"
#2699125 0*
#2700125 1*
#2700750 1!
#2701000 0*
#2702000 1*
#2703125 1) 1-
#2703375 0! 1(
#2703500 1#
#2704250 0)
#2704375 0" 0# 0(
#2704500 1$
#2704750 0*
#2705750 1*
#2705875 1)
#2706125 0'
#2706250 1" 1(
#2707000 0)
#2707250 1! 0(
#2707500 0+
#2708500 1+
#2708750 1)
#2709000 0$ 0%
#2709125 1&
#2709750 0-
#2709875 0)
#2710000 0! 0" 0&
#2710125 1# 1% 1'
#2710375 0*
#2711375 1*
#2711750 00
#2712000 1!
#2712250 0*
#2713250 1*
#2713750 0!
#2713875 1"
#2714125 0*
#2715125 1*
#2715750 1!
#2716000 0*
#2717000 1*
#2718125 1) 1-
#2718375 0! 1(
#2718750 10
#2719250 0)
#2719375 0" 0(
#2719500 1$
#2719750 0*
#2720750 1*
#2720875 1)
#2721125 0# 0$ 0'
#2721250 1! 1" 1& 1(
#2722000 0)
#2722250 1# 1$
#2722500 0+
#2723500 1+
#2723750 1)
#2724000 0# 0$ 0% 0(
#2724750 0-
#2724875 0)
#2725000 0! 0" 0&
#2725125 1$ 1% 1'
#2725375 0*
#2726375 1*
#2727000 1!
#2727250 0*
#2728250 1*
#2728750 0!
#2728875 1"
#2729125 0*
#2730125 1*
#2730750 1!
#2731000 0*
#2732000 1*
#2733125 1) 1-
#2733375 0! 0$ 1(
#2733500 1#
#2734250 0)
#2734375 0" 0# 0% 0(
#2734500 1&
#2734750 0*
#2735750 1*
#2735875 1)
#2736125 0&
#2736250 1" 1$ 1% 1(
#2736375 0,
#2737000 0)
#2737250 1! 0' 0(
#2737500 0+
#2738500 1+
#2738750 1)
#2739000 0$ 0%
#2739125 1& 1,
#2739875 0) 0-
#2740000 0! 0" 0&
#2740125 1# 1$ 1% 1'
#2740375 0*
#2741375 1*
#2742000 1!
#2742250 0*
#2743250 1*
#2743750 0!
#2743875 1"
#2744125 0*
#2745125 1*
#2745750 1!
#2746000 0*
#2747000 1*
#2748125 1) 1-
#2748375 0! 0$ 1(
#2749250 0)
#2749375 0" 0% 0(
#2749500 1&
#2749750 0*
#2750750 1*
#2751000 1)
#2751250 1! 1" 1$ 1% 1(
#2752000 0)
#2753750 1)
#2754000 0# 0$ 0% 0' 0(
#2754750 0-
#2754875 0)
#2755000 0! 0"
#2755125 1'
#2755375 0*
#2756375 1*
#2757000 1!
#2757250 0*
#2758250 1*
#2758750 0!
#2758875 1"
#2759125 0*
#2760125 1*
#2760750 1!
#2761000 0*
#2762000 1*
#2763125 1)
#2763250 1-
#2763375 0! 0&
#2763500 1# 1% 1(
#2764250 0)
#2764375 0(
#2764500 0" 0# 1$ 0% 1&
#2764750 0*
#2765750 1*
#2766000 1)
#2766250 1" 1% 0& 0' 1(
#2767000 0)
#2767250 0" 0(
#2767375 1#
#2767625 0+
#2768625 1+
#2768750 1)
#2769000 0# 0$ 0%
#2769125 1! 1" 1&
#2769875 0) 0-
#2770000 0! 0"
#2770125 1# 1'
#2770375 0*
#2771375 1*
#2772000 1!
#2772250 0*
#2773250 1*
#2773750 0!
#2773875 1"
#2774125 0*
#2775125 1*
#2775750 1!
#2776000 0*
#2777000 1*
#2778125 1)
#2778250 1-
#2778375 0! 0&
#2778500 1% 1(
#2779250 0)
#2779500 0" 1$ 0% 1& 0(
#2779750 0*
#2780750 1*
#2781000 1)
#2781250 0$ 1% 0' 1(
#2782125 0)
#2782375 1! 1" 1$
#2782625 0*
#2783625 1*
#2783750 1)
#2784000 0# 0$ 0% 0(
#2784875 0) 0-
#2785125 0! 0" 1$ 1'
#2785375 0*
#2786375 1*
#2787000 1!
#2787250 0*
#2788250 1*
#2788875 0! 1"
#2789125 0*
#2790125 1*
#2790750 1!
#2791000 0*
#2792000 1*
#2793125 1)
#2793250 1-
#2793375 0!
#2793500 1# 0$ 1% 0& 1(
#2794250 0)
#2794500 0" 0# 1& 0(
#2794750 0*
#2795625 00
#2795750 1*
#2796000 1)
#2796250 0& 1(
#2796375 1" 1$ 0,
#2797125 0)
#2797250 0" 0' 0(
#2797375 1#
#2797625 0+
#2798625 1+
#2798750 1)
#2799000 0# 0$ 0%
#2799125 1! 1" 1&
#2799250 1,
#2799875 0) 0-
#2800125 0! 0" 1$ 1'
#2800250 1#
#2800375 0*
#2801375 1*
#2802000 1!
#2802250 0*
#2802625 10
#2803250 1*
#2803875 0! 1"
#2804125 0*
#2805125 1*
#2805750 1!
#2806000 0*
#2807000 1*
#2808250 1) 1-
#2808375 0!
#2808500 0$ 1% 0& 1(
#2809250 0)
#2809500 0" 1& 0(
#2809750 0*
#2810750 1*
#2811000 1)
#2811375 1! 1" 1$ 1(
#2812125 0)
#2813875 1)
#2814125 0# 0$ 0% 0' 0(
#2814875 0) 0-
#2815125 0! 0" 1'
#2815250 1%
#2815375 0*
#2816375 1*
#2817000 1!
#2817250 0*
#2818375 1*
#2818875 0!
#2819000 1"
#2819125 0*
#2820250 1*
#2820750 1!
#2821000 0*
#2822125 1*
#2823250 1) 1-
#2823500 0! 1# 0& 1(
#2824375 0)
#2824500 0" 0# 0(
#2824625 1$ 1&
#2824750 0*
#2825875 1*
#2826000 1)
#2826250 0& 0'
#2826375 1" 1(
#2827125 0)
#2827375 1! 0" 1# 0(
#2827625 0+
#2828625 1+
#2828875 1)
#2829125 1" 0# 0$ 0% 1&
#2829875 0-
#2830000 0)
#2830125 0! 0"
#2830250 1# 1% 1'
#2830500 0*
#2831500 1*
#2832125 1!
#2832375 0*
#2833375 1*
#2833875 0!
#2834000 1"
#2834250 0*
#2835250 1*
#2835875 1!
#2836125 0*
#2837125 1*
#2838250 1) 1-
#2838500 0! 0& 1(
#2839375 0)
#2839500 0" 0(
#2839625 1$ 1&
#2839875 0*
#2840875 1*
#2841000 1)
#2841250 0$ 0'
#2841375 1! 1(
#2842125 0)
#2842375 1" 1$
#2842625 0+
#2843625 1+
#2843875 1)
#2844125 0# 0$ 0% 0(
#2844875 0-
#2845000 0)
#2845125 0! 0"
#2845250 1$ 1% 1'
#2845500 0*
#2846500 1*
#2847125 1!
#2847375 0*
#2848375 1*
#2848875 0!
#2849000 1"
#2849250 0*
#2850250 1*
#2850875 1!
#2851125 0*
#2852125 1*
#2853250 1) 1-
#2853625 1# 1(
#2854375 0)
#2854875 0+
#2855875 1+
#2856125 1)
#2856375 0! 0# 0&
#2856500 0,
#2857125 0)
#2857375 1! 0" 0' 0(
#2857500 1#
#2857625 0+
#2858750 1+
#2858875 1)
#2859125 0# 0$ 0%
#2859250 1" 1& 1,
#2860000 0) 0-
#2860125 0! 0"
#2860250 1# 1$ 1% 1'
#2860500 0*
#2861500 1*
#2862125 1!
#2862375 0*
#2863375 1*
#2863875 0!
#2864000 1"
#2864250 0*
#2865250 1*
#2865875 1!
#2866125 0*
#2867125 1*
#2868250 1)
#2868375 1-
#2868500 0! 0$ 0&
#2868625 1(
#2869375 0)
#2869625 0" 0# 0% 1& 0(
#2869875 0*
#2870875 1*
#2871500 1!
#2871750 0*
#2872750 1*
#2873250 0!
#2873375 1"
#2873625 0*
#2874375 1)
#2874625 0& 1*
#2874750 1# 1% 1(
#2875500 0)
#2875625 0% 0(
#2875750 0" 1&
#2876000 0*
#2877000 1*
#2877625 1!
#2877875 0*
#2878875 1*
#2879375 0!
#2879500 1" 00
#2879750 0*
#2880500 1)
#2880750 1! 1( 1*
#2880875 1$ 1%
#2881625 0)
#2883250 1)
#2883625 0# 0&
#2884375 0)
#2884625 0! 1# 0$ 0% 0' 0(
#2884875 0*
#2885875 1*
#2886500 1% 10
#2886750 0*
#2887750 1*
#2888000 1)
#2888250 0" 1(
#2888375 1! 1'
#2889125 0)
#2889250 0! 0% 0'
#2889375 1"
#2889625 0*
#2890625 1*
#2890750 1)
#2891000 0#
#2891125 1! 1$ 1% 1'
#2891875 0)
#2892125 0! 1# 0$ 0% 1& 0' 0(
#2892375 0*
#2893375 1*
#2894000 1%
#2894250 0*
#2895250 1*
#2895500 1)
#2895750 0" 0&
#2895875 1! 1' 1(
#2896625 0)
#2896750 0! 0'
#2896875 1"
#2897125 0*
#2898125 1*
#2898375 1)
#2898625 1'
#2899375 0)
#2899625 0" 0# 0% 1& 0(
#2899750 1$
#2899875 0*
#2900875 1*
#2901500 1!
#2901750 0*
#2902750 1*
#2903375 0!
#2903500 1"
#2903625 0*
#2904375 1)
#2904625 0$ 0& 1*
#2904750 1# 1% 1(
#2905500 0)
#2905750 0" 1$ 0% 1& 0(
#2906000 0*
#2907000 1*
#2907625 1!
#2907875 0*
#2908875 1*
#2909500 0! 1"
#2909750 0*
#2911000 1)
#2911250 1*
#2911750 0# 1% 0& 0' 1(
#2912500 0)
#2912750 0(
#2912875 1#
#2913125 0+
#2914125 1+
#2914750 1)
#2915000 0# 1(
#2915125 1! 1'
#2915875 0)
#2916500 0! 0$ 0% 0(
#2916625 1#
#2916750 0*
#2917875 1*
#2918500 1%
#2918625 0*
#2919750 1*
#2919875 1)
#2920125 0"
#2920250 1! 1(
#2921000 0)
#2921250 0! 1" 0% 1& 0'
#2921500 0*
#2922500 1*
#2922750 1)
#2923000 1! 0# 1$ 1% 0& 1'
#2923875 0)
#2924000 0! 0$ 0% 0(
#2924125 1# 1&
#2924250 0*
#2925375 1*
#2926000 1%
#2926125 0*
#2927250 1*
#2927375 1)
#2927625 0" 0&
#2927750 1! 1(
#2928500 0)
#2928750 0! 1" 1& 0'
#2929000 0*
#2930000 1*
#2930250 1)
#2930500 0& 1'
#2931375 0)
#2931500 0" 0# 0(
#2931625 1&
#2931750 0*
#2932875 1*
#2933500 1!
#2933750 0*
#2934750 1*
#2935250 0!
#2935375 1"
#2935500 0*
#2936375 1)
#2936500 0&
#2936625 1# 1( 1*
#2937375 0)
#2937625 0" 1& 0(
#2937875 0*
#2938875 1*
#2939500 1!
#2939750 0*
#2940750 1*
#2941375 0! 1"
#2941625 0*
#2942375 1)
#2942625 0# 0& 1*
#2942750 1$ 1( 0,
#2943500 0)
#2943750 1# 0' 0(
#2944000 0+
#2945000 1+
#2945250 1)
#2945500 1! 0# 1' 1(
#2945625 1,
#2946375 0)
#2946500 0! 0$ 0% 0'
#2946625 1#
#2946875 0*
#2947875 1*
#2948500 1%
#2948750 0*
#2949750 1*
#2949875 1)
#2950125 0"
#2950250 1! 1'
#2951000 0)
#2951250 0! 1" 0%
#2951500 0*
#2952500 1*
#2952750 1)
#2953000 1! 0# 1%
#2953125 1$
#2953875 0)
#2954000 0! 0$ 0% 0'
#2954125 1# 1&
#2954250 0*
#2955375 1*
#2956000 1%
#2956250 0*
#2957250 1*
#2957375 1)
#2957625 0" 0&
#2957750 1! 1'
#2958500 0)
#2958750 0! 1"
#2959000 0*
#2960000 1*
#2960250 1)
#2961375 0)
#2961500 0" 0# 0(
#2961625 1$ 1&
#2961750 0*
#2962875 1*
#2963375 00
#2963500 1!
#2963750 0*
#2964750 1*
#2965250 0!
#2965375 1"
#2965625 0*
#2966375 1)
#2966500 1*
#2966625 0$ 0& 1(
#2966750 1#
#2967375 0)
#2967625 0" 1$ 1& 0(
#2967875 0*
#2968875 1*
#2969500 1!
#2969750 0*
#2970250 10
#2970750 1*
#2971375 0! 1"
#2971625 0*
#2972375 1)
#2972625 0# 0& 0' 1*
#2972750 1(
#2973500 0)
#2973750 1! 1# 0(
#2974000 0+
#2975000 1+
#2975250 1)
#2975500 0# 1' 1(
#2976375 0)
#2976500 0! 0$ 0%
#2976625 1#
#2976750 0*
#2977875 1*
#2978500 1%
#2978625 0*
#2979750 1*
#2979875 1)
#2980125 0"
#2980250 1!
#2981000 0)
#2981125 0!
#2981250 1" 0% 1&
#2981500 0*
#2982500 1*
#2982750 1)
#2983000 1! 0# 1$ 1% 0&
#2983875 0)
#2984000 0! 0$ 0%
#2984125 1# 1&
#2984250 0*
#2985375 1*
#2986000 1%
#2986125 0*
#2987250 1*
#2987375 1)
#2987625 0" 0&
#2987750 1!
#2988500 0)
#2988625 0!
#2988750 1" 1&
#2989000 0*
#2990000 1*
#2990250 1)
#3005500 0# 1$ 0&
#3005625 0,
#3006250 0)
#3006500 0' 0(
#3006625 1! 1#
#3006750 0+
#3007875 1+
#3008000 1)
#3009250 1& 1' 1(
#3009375 1,
#3010000 0)
#3011750 1)
#3014875 0! 0$ 0&
#3015625 0)
#3015875 0" 0# 0% 0' 0(
#3016125 0*
#3017125 1*
#3017375 1)
#3017750 1! 1" 1# 1$ 1% 1& 1' 1(
#3018500 0)
#3020125 1)
#3021250 0)
#3021750 0+
#3022750 1+
#3023625 0+
#3024625 1+
#3025500 0+
#3026500 1+
#3027375 0+
#3028375 1+
#3029500 1)
#3029750 0! 0&
#3029875 0$
#3030625 0)
#3030875 0" 0% 0' 0(
#3031125 0*
#3032125 1*
#3032375 1)
#3032750 1! 1" 1$ 1% 1& 1' 1(
#3033500 0)
#3035125 1)
#3035375 0$ 0% 0' 0(
#3035500 0#
#3036250 0) 0-
#3036500 0! 0" 0& 1(
#3036750 0*
#3037750 1*
#3038375 1!
#3038625 0*
#3039625 1*
#3040125 0!
#3040250 1"
#3040500 0*
#3041500 1*
#3042125 1!
#3042375 0*
#3043375 1*
#3044500 1)
#3044625 1-
#3044750 0!
#3044875 1# 1% 1'
#3045625 0)
#3045875 0" 0# 1$ 0% 0' 0(
#3046125 0*
#3047125 1* 00
#3047375 1)
#3047625 1! 1" 1% 1& 1' 1(
#3047750 1#
#3048500 0)
#3050125 1)
#3050375 0# 0$ 0% 0' 0(
#3051250 0) 0-
#3051375 0!
#3051500 0" 1# 0& 1(
#3051750 0*
#3052750 1*
#3053375 1!
#3053625 0*
#3054125 10
#3054625 1*
#3055125 0!
#3055250 1"
#3055500 0*
#3056500 1*
#3057125 1!
#3057375 0*
#3058375 1*
#3059500 1) 1-
#3059750 0!
#3059875 1% 1'
#3060625 0)
#3060750 0'
#3060875 0" 1$ 0% 0(
#3061125 0*
#3062125 1*
#3062375 1)
#3062625 1" 0$ 1% 1& 1(
#3063375 0)
#3063750 1! 1$
#3063875 0*
#3064875 1*
#3065125 1)
#3065375 0# 0$ 0% 0(
#3066250 0) 0-
#3066375 0! 0" 0&
#3066500 1$ 1(
#3066750 0*
#3067750 1*
#3068375 1!
#3068625 0*
#3069625 1*
#3070125 0!
#3070250 1"
#3070500 0*
#3071500 1*
#3072125 1!
#3072375 0*
#3073375 1*
#3074500 1) 1-
#3074750 0! 0$
#3074875 1# 1% 1'
#3075625 0)
#3075750 0" 0# 0' 0(
#3076125 0*
#3077125 1*
#3077375 1)
#3077625 1" 1$ 1(
#3078375 0)
#3078625 0" 0$ 0%
#3078875 0+
#3079875 1+
#3080125 1)
#3080375 1! 0(
#3080500 1" 1&
#3081125 0-
#3081250 0)
#3081375 0! 0" 0&
#3081500 1# 1$ 1(
#3081750 0*
#3082750 1*
#3083375 1!
#3083625 0*
#3084625 1*
#3085125 0!
#3085250 1"
#3085500 0*
#3086500 1*
#3087125 1!
#3087375 0*
#3088375 1*
#3089500 1) 1-
#3089750 0! 0$ 1'
#3089875 1%
#3090625 0)
#3090750 0" 0' 0(
#3091125 0*
#3092125 1*
#3092250 1)
#3092500 0#
#3092625 1" 1$ 1' 1(
#3092750 0,
#3093375 0)
#3093625 0" 0$ 0% 0'
#3093875 0+
#3094875 1+
#3095125 1)
#3095375 1! 1" 0(
#3095500 1& 1,
#3096125 0-
#3096250 0)
#3096375 0! 0" 0&
#3096500 1% 1(
#3096750 0*
#3097750 1*
#3098375 1!
#3098625 0*
#3099625 1*
#3100125 0!
#3100250 1"
#3100500 0*
#3101500 1*
#3102125 1!
#3102375 0*
#3103375 1*
#3104500 1) 1-
#3104750 0! 1# 1'
#3105625 0)
#3105750 0" 0# 0' 0(
#3105875 1$
#3106000 0*
#3107125 1*
#3107250 1)
#3107625 1! 1" 1# 1& 1' 1(
#3108375 0)
#3110125 1)
#3110375 0# 0$ 0% 0' 0(
#3111125 0-
#3111250 0)
#3111375 0! 0" 0&
#3111500 1# 1% 1(
#3111625 0*
#3112750 1*
#3113375 1!
#3113500 0*
#3114625 1*
#3115125 0!
#3115250 1"
#3115375 0*
#3116500 1*
#3117125 1!
#3117250 0*
#3118375 1*
#3119500 1) 1-
#3119750 0! 1'
#3120625 0)
#3120750 0" 0' 0(
#3120875 1$
#3121000 0*
#3122125 1*
#3122250 1)
#3122500 0$
#3122625 1! 1" 1& 1(
#3123375 0)
#3123625 1$
#3123875 0+
#3124875 1+
#3125125 1)
#3125375 0# 0$ 0% 0(
#3126125 0) 0-
#3126375 0! 0" 0&
#3126500 1$ 1% 1(
#3126625 0*
#3127750 1*
#3128375 1!
#3128500 0*
#3129625 1*
#3130125 0!
#3130250 1"
#3130375 0*
#3131000 00
#3131500 1*
#3132125 1!
#3132250 0*
#3133375 1*
#3134500 1) 1-
#3134750 0! 1# 0$ 1'
#3135625 0)
#3135750 0" 0# 0% 0' 0(
#3135875 1&
#3136000 0*
#3137125 1*
#3137250 1)
#3137500 0&
#3137625 1" 1$ 1% 1(
#3138000 10
#3138375 0)
#3138625 1! 0" 0$ 0%
#3138875 0+
#3139875 1+
#3140125 1)
#3140375 1" 1& 0(
#3141125 0) 0-
#3141375 0! 0" 0& 1(
#3141500 1# 1$ 1%
#3141625 0*
#3142750 1*
#3143375 1!
#3143500 0*
#3144625 1*
#3145125 0!
#3145250 1"
#3145375 0*
#3146500 1*
#3147000 1!
#3147250 0*
#3148375 1*
#3149500 1) 1-
#3149750 0! 0$ 1'
#3150625 0)
#3150750 0" 0% 0' 0(
#3150875 1&
#3151000 0*
#3152125 1*
#3152250 1)
#3152500 0# 0&
#3152625 1" 1$ 1% 1' 1( 0,
#3153375 0)
#3153625 1! 0" 0$ 0% 0'
#3153875 0+
#3154875 1+
#3155125 1)
#3155375 1" 1& 0(
#3155500 1,
#3156125 0) 0-
#3156375 0! 0" 1(
#3156625 0*
#3157750 1*
#3158375 1!
#3158500 0*
#3159625 1*
#3160125 0!
#3160250 1"
#3160375 0*
#3161500 1*
#3162125 1!
#3162250 0*
#3163375 1*
#3164500 1) 1-
#3164750 0! 1# 1% 0& 1'
#3165625 0)
#3165750 0" 0# 0% 0' 0(
#3165875 1$ 1&
#3166000 0*
#3167125 1*
#3167250 1)
#3167625 1! 1" 1# 1% 1' 1(
#3168375 0)
#3170125 1)
#3170375 0# 0$ 0% 0' 0(
#3171125 0-
#3171250 0)
#3171375 0! 0"
#3171500 1# 1(
#3171625 0*
#3172750 1*
#3173375 1!
#3173500 0*
#3174625 1*
#3175125 0!
#3175250 1"
#3175500 0*
#3176500 1*
#3177125 1!
#3177375 0*
#3178375 1*
#3179500 1) 1-
#3179750 0! 1% 0& 1'
#3180625 0)
#3180750 0" 0% 0' 0(
#3180875 1$ 1&
#3181000 0*
#3182125 1*
#3182250 1)
#3182500 0#
#3182625 1% 1(
#3183375 0)
#3183625 1! 1" 1#
#3183875 0*
#3184875 1*
#3185125 1)
#3185375 0# 0$ 0% 0(
#3186125 0-
#3186250 0)
#3186375 0! 0"
#3186500 1$ 1(
#3186750 0*
#3187750 1*
#3188375 1!
#3188625 0*
#3189625 1*
#3190125 0!
#3190250 1"
#3190500 0*
#3191500 1*
#3192125 1!
#3192375 0*
#3193375 1*
#3194500 1) 1-
#3194750 0! 0$ 0& 1'
#3194875 1# 1%
#3195625 0)
#3195750 0" 0# 0' 0(
#3195875 1&
#3196125 0*
#3197125 1*
#3197250 1)
#3197500 0&
#3197625 1" 1$ 1(
#3198375 0)
#3198625 0$ 0%
#3198875 0+
#3199875 1+
#3200125 1)
#3200375 1! 0(
#3200500 1&
#3201125 0-
#3201250 0)
#3201375 0! 0"
#3201500 1# 1$ 1(
#3201750 0*
#3202750 1*
#3203375 1!
#3203625 0*
#3204625 1*
#3205125 0!
#3205250 1"
#3205500 0*
#3206500 1*
#3207125 1!
#3207375 0*
#3208375 1*
#3209500 1) 1-
#3209750 0! 0$ 0&
#3209875 1% 1'
#3210625 0)
#3210750 0" 0' 0(
#3210875 1&
#3211125 0*
#3212125 1*
#3212375 1)
#3212500 0&
#3212625 1" 0# 1$ 1' 1(
#3212750 0,
#3213375 0)
#3213625 0$ 0% 0'
#3213875 0+
#3214875 00
#3215000 1+
#3215125 1)
#3215375 0(
#3215500 1! 1& 1,
#3216250 0) 0-
#3216375 0! 0"
#3216500 1% 1(
#3216750 0*
#3217750 1*
#3218375 1!
#3218625 0*
#3219625 1*
#3220125 0!
#3220250 1"
#3220500 0*
#3221500 1*
#3221875 10
#3222125 1!
#3222375 0*
#3223375 1*
#3224500 1)
#3224625 1-
#3224750 0! 0&
#3224875 1# 1'
#3225625 0)
#3225875 0" 0# 1$ 1& 0' 0(
#3226125 0*
#3227125 1*
#3227375 1)
#3227625 1! 1" 1# 1' 1(
#3228500 0)
#3230125 1)
#3230375 0# 0$ 0% 0' 0(
#3231250 0) 0-
#3231375 0!
#3231500 0" 1# 1% 1(
#3231750 0*
#3232750 1*
#3233375 1!
#3233625 0*
#3234625 1*
#3235250 0! 1"
#3235500 0*
#3236500 1*
#3237125 1!
#3237375 0*
#3238375 1*
#3239500 1)
#3239625 1-
#3239750 0! 0&
#3239875 1'
#3240625 0)
#3240875 0" 1$ 1& 0' 0(
#3241125 0*
#3242125 1*
#3242375 1)
#3242625 1! 0# 1(
#3243500 0)
#3243750 1" 1#
#3244000 0+
#3245000 1+
#3245125 1)
#3245375 0#
#3245500 0$ 0% 0(
#3246250 0) 0-
#3246500 0! 0" 1$ 1% 1(
#3246750 0*
#3247750 1*
#3248375 1!
#3248625 0*
#3249625 1*
#3250250 0! 1"
#3250500 0*
#3251500 1*
#3252125 1!
#3252375 0*
#3253375 1*
#3254625 1) 1-
#3254750 0!
#3254875 1# 0$ 0& 1'
#3255625 0)
#3255875 0" 0# 0% 0(
#3256125 0*
#3257125 1*
#3257375 1)
#3257625 0'
#3257750 1" 1$ 1% 1(
#3258500 0)
#3258625 0$ 0%
#3258750 1!
#3259000 0+
#3260000 1+
#3260250 1)
#3260500 1& 0(
#3261250 0) 0-
#3261500 0! 0" 1(
#3261625 1# 1$ 1%
#3261750 0*
#3262875 1*
#3263375 1!
#3263625 0*
#3264750 1*
#3265250 0!
#3265375 1"
#3265500 0*
#3266625 1*
#3267125 1!
#3267375 0*
#3268500 1*
#3269625 1) 1-
#3269875 0! 0$ 0& 1'
#3270750 0)
#3270875 0" 0% 0(
#3271125 0*
#3272250 1*
#3272375 1)
#3272625 0#
#3272750 1" 1$ 1% 1( 0,
#3273500 0)
#3273750 1! 0$ 0% 0'
#3274000 0+
#3275000 1+
#3275250 1)
#3275500 1& 0(
#3275625 1,
#3276250 0-
#3276375 0)
#3276500 0! 0" 0&
#3276625 1' 1(
#3276875 0*
#3277875 1*
#3278500 1!
#3278750 0*
#3279750 1*
#3280250 0!
#3280375 1"
#3280625 0*
#3281625 1*
#3282250 1!
#3282500 0*
#3283500 1*
#3284625 1) 1-
#3284875 0!
#3285000 1# 1%
#3285750 0)
#3285875 0" 0# 0% 0(
#3286000 1$
#3286250 0*
#3287250 1*
#3287375 1)
#3287750 1! 1" 1# 1% 1& 1(
#3288500 0)
#3290250 1)
#3290500 0# 0$ 0% 0' 0(
#3291250 0-
#3291375 0)
#3291500 0! 0" 0&
#3291625 1# 1' 1(
#3291875 0*
#3292875 1*
#3293500 1!
#3293750 0*
#3294750 1*
#3295250 0!
#3295375 1"
#3295625 0*
#3296625 1*
#3297250 1!
#3297500 0*
#3298500 1*
#3298750 00
#3299625 1)
#3299750 1-
#3299875 0!
#3300000 1%
#3300750 0)
#3300875 0%
#3301000 0" 1$ 0(
#3301250 0*
#3302250 1*
#3302500 1)
#3302750 1" 0# 1% 1& 0' 1(
#3303500 0)
#3303875 1! 1#
#3304000 0*
#3305000 1*
#3305250 1)
#3305500 0# 0$ 0% 0(
#3305750 10
#3306375 0) 0-
#3306500 0! 0"
#3306625 1$ 0& 1' 1(
#3306875 0*
#3307875 1*
#3308500 1!
#3308750 0*
#3309750 1*
#3310250 0!
#3310375 1"
#3310625 0*
#3311625 1*
#3312250 1!
#3312500 0*
#3313500 1*
#3314625 1)
#3314750 1-
#3314875 0! 0$
#3315000 1# 1%
#3315750 0)
#3316000 0" 0# 0(
#3316250 0*
#3317250 1*
#3317500 1)
#3317750 0' 1(
#3317875 1" 1$
#3318625 0)
#3318750 0" 0$ 0%
#3318875 1#
#3319125 0+
#3320125 1+
#3320250 1)
#3320500 0# 0(
#3320625 1! 1" 1&
#3321375 0) 0-
#3321500 0!
#3321625 0" 1# 1$ 0& 1' 1(
#3321875 0*
#3322875 1*
#3323500 1!
#3323750 0*
#3324750 1*
#3325375 0! 1"
#3325625 0*
#3326625 1*
#3327250 1!
#3327500 0*
#3328500 1*
#3329625 1)
#3329750 1-
#3329875 0!
#3330000 0$ 1%
#3330750 0)
#3331000 0" 0(
#3331250 0*
#3332250 1*
#3332500 1)
#3332750 0# 1(
#3332875 1" 1$ 0,
#3333625 0)
#3333750 0" 0$ 0% 0'
#3333875 1#
#3334125 0+
#3335125 1+
#3335250 1)
#3335500 0# 0(
#3335625 1! 1" 1&
#3335750 1,
#3336375 0) 0-
#3336625 0! 0" 1% 0& 1' 1(
#3336875 0*
#3337875 1*
#3338500 1!
#3338750 0*
#3339750 1*
#3340375 0! 1"
#3340625 0*
#3341625 1*
#3342250 1!
#3342500 0*
#3343500 1*
#3344750 1) 1-
#3344875 0!
#3345000 1#
#3345750 0)
#3346000 0" 0# 0(
#3346125 1$
#3346250 0*
#3347250 1*
#3347500 1)
#3347875 1! 1" 1# 1& 1(
#3348625 0)
#3350375 1)
#3350625 0# 0$ 0% 0' 0(
#3351375 0) 0-
#3351625 0! 0" 0& 1' 1(
#3351750 1# 1%
#3351875 0*
#3352875 1*
#3353500 1!
#3353750 0*
#3354750 1*
#3355375 0!
#3355500 1"
#3355625 0*
#3356625 1*
#3357250 1!
#3357500 0*
#3358500 1*
#3359750 1) 1-
#3359875 0!
#3360750 0)
#3361000 0" 0(
#3361125 1$
#3361250 0*
#3362250 1*
#3362500 1)
#3362750 0# 0'
#3362875 1! 1" 1& 1(
#3363625 0)
#3363875 1#
#3364125 0+
#3365125 1+
#3365375 1)
#3365625 0# 0$ 0% 0(
#3366375 0) 0-
#3366625 0! 0" 0& 1(
#3366750 1$ 1% 1'
#3366875 0*
#3367875 1*
#3368500 1!
#3368750 0*
#3369750 1*
#3370375 0!
#3370500 1"
#3370625 0*
#3371625 1*
#3372250 1!
#3372500 0*
#3373500 1*
#3374750 1) 1-
#3375000 0! 1# 0$
#3375750 0)
#3376000 0" 0# 0% 0(
#3376125 1&
#3376250 0*
#3377250 1*
#3377500 1)
#3377750 0& 0'
#3377875 1" 1$ 1% 1(
#3378625 0)
#3378875 1! 0" 1# 0$ 0%
#3379125 0+
#3380125 1+
#3380375 1)
#3380625 1" 0# 1& 0(
#3381375 0) 0-
#3381625 0! 0" 0& 1(
#3381750 1# 1$ 1% 1'
#3381875 0*
#3382625 00
#3382875 1*
#3383500 1!
#3383750 0*
#3384750 1*
#3385375 0!
#3385500 1"
#3385625 0*
#3386625 1*
#3387250 1!
#3387500 0*
#3388500 1*
#3389500 10
#3389750 1) 1-
#3390000 0! 0$
#3390750 0)
#3391000 0" 0% 0(
#3391125 1&
#3391250 0*
#3392250 1*
#3392500 1)
#3392750 0# 0&
#3392875 1" 1$ 1% 1( 0,
#3393625 0)
#3393875 1! 0" 1# 0$ 0% 0'
#3394125 0+
#3395125 1+
#3395375 1)
#3395625 1" 0# 1& 0(
#3395750 1,
#3396375 0) 0-
#3396625 0! 0" 1' 1(
#3396875 0*
#3397875 1*
#3398500 1!
#3398750 0*
#3399750 1*
#3400375 0!
#3400500 1"
#3400625 0*
#3401625 1*
#3402250 1!
#3402500 0*
#3403500 1*
#3404750 1) 1-
#3404875 0!
#3405000 1# 1% 0&
#3405750 0)
#3406000 0" 0# 0% 1& 0(
#3406125 1$
#3406250 0*
#3407250 1*
#3407500 1)
#3407875 1! 1" 1# 1% 1(
#3408625 0)
#3410375 1)
#3410625 0# 0$ 0% 0' 0(
#3411375 0) 0-
#3411625 0! 0" 1' 1(
#3411750 1#
#3411875 0*
#3412875 1*
#3413500 1!
#3413750 0*
#3414750 1*
#3415375 0! 1"
#3415625 0*
#3416625 1*
#3417250 1!
#3417500 0*
#3418500 1*
#3419750 1) 1-
#3419875 0!
#3420000 1% 0&
#3420750 0)
#3421000 0" 1$ 0% 1& 0(
#3421250 0*
#3422250 1*
#3422500 1)
#3422750 0' 1(
#3422875 1%
#3423625 0)
#3423875 1! 1"
#3424125 0*
#3425125 1*
#3425250 1)
#3425625 0# 0$ 0% 0(
#3426375 0) 0-
#3426625 0! 0" 1$ 1' 1(
#3426875 0*
#3427875 1*
#3428500 1!
#3428750 0*
#3429750 1*
#3430375 0! 1"
#3430625 0*
#3431625 1*
#3432250 1!
#3432500 0*
#3433500 1*
#3434625 1)
#3434750 1-
#3434875 0! 0$ 0&
#3435000 1# 1%
#3435750 0)
#3436000 0" 0# 1& 0(
#3436250 0*
#3437250 1*
#3437500 1)
#3437750 0& 0' 1(
#3437875 1" 1$
#3438625 0)
#3438750 0$ 0%
#3438875 1#
#3439125 0+
#3440125 1+
#3440250 1)
#3440500 0# 0(
#3440625 1! 1&
#3441375 0) 0-
#3441500 0!
#3441625 0" 1# 1$ 1' 1(
#3441875 0*
#3442875 1*
#3443500 1!
#3443750 0*
#3444750 1*
#3445250 0!
#3445375 1"
#3445625 0*
#3446625 1*
#3447250 1!
#3447500 0*
#3448500 1*
#3449625 1)
#3449750 1-
#3449875 0! 0$ 0&
#3450000 1%
#3450750 0)
#3451000 0" 1& 0(
#3451250 0*
#3452250 1*
#3452500 1)
#3452750 1" 0# 1$ 0& 1(
#3452875 0,
#3453500 0)
#3453750 0$ 0% 0'
#3453875 1#
#3454125 0+
#3455125 1+
#3455250 1)
#3455500 0# 0(
#3455625 1! 1& 1,
#3456375 0) 0-
#3456500 0! 0"
#3456625 1% 1' 1(
#3456875 0*
#3457875 1*
#3458500 1!
#3458750 0*
#3459750 1*
#3460250 0!
#3460375 1"
#3460625 0*
#3461625 1*
#3462250 1!
#3462500 0*
#3463500 1*
#3464625 1)
#3464750 1-
#3464875 0! 0&
#3465000 1#
#3465750 0)
#3465875 0# 0(
#3466000 0" 1$ 1&
#3466250 0*
#3466375 00
#3467250 1*
#3467500 1)
#3467750 1! 1" 1# 1(
#3468500 0)
#3470250 1)
#3470500 0# 0$ 0% 0' 0(
#3471250 0-
#3471375 0)
#3471500 0! 0"
#3471625 1# 1% 1' 1(
#3471875 0*
#3472875 1*
#3473375 10
#3473500 1!
#3473750 0*
#3474750 1*
#3475250 0!
#3475375 1"
#3475625 0*
#3476625 1*
#3477250 1!
#3477500 0*
#3478500 1*
#3479625 1) 1-
#3479875 0! 0&
#3480750 0)
#3480875 0" 0(
#3481000 1$ 1&
#3481250 0*
#3482250 1*
#3482375 1)
#3482625 0'
#3482750 1! 1(
#3483500 0)
#3483750 1"
#3484000 0+
#3485000 1+
#3485250 1)
#3485500 0# 0$ 0% 0(
#3486250 0-
#3486375 0)
#3486500 0! 0"
#3486625 1$ 1% 1' 1(
#3486875 0*
#3487875 1*
#3488500 1!
#3488750 0*
#3489750 1*
#3490250 0!
#3490375 1"
#3490625 0*
#3491625 1*
#3492250 1!
#3492500 0*
#3493500 1*
#3494625 1) 1-
#3495000 1#
#3495750 0)
#3496250 0+
#3497250 1+
#3497375 1)
#3497625 0! 0# 0& 0'
#3498500 0)
#3498750 1! 1# 0$ 0%
#3499000 0+
#3500000 1+
#3500250 1)
#3500500 0# 1& 0(
#3501250 0-
#3501375 0)
#3501500 0! 0"
#3501625 1# 1$ 1% 1' 1(
#3501875 0*
#3502875 1*
#3503500 1!
#3503625 0*
#3504750 1*
#3505250 0!
#3505375 1"
#3505500 0*
#3506625 1*
#3507250 1!
#3507375 0*
#3508500 1*
#3509625 1) 1-
#3509875 0! 0$ 0&
#3510750 0)
#3510875 0" 0# 0% 0(
#3511000 1&
#3511125 0*
#3512250 1*
#3512875 1!
#3513000 0*
#3514125 1*
#3514625 0!
#3514750 1"
#3514875 0*
#3515750 1)
#3515875 0& 1*
#3516000 1# 1% 1(
#3516750 0)
#3517000 0" 0% 1& 0(
#3517250 0*
#3518250 1*
#3518875 1!
#3519125 0*
#3520125 1*
#3520750 0! 1"
#3521000 0*
#3521750 1)
#3522000 0# 0& 1*
#3522125 1$ 1% 1( 0,
#3522875 0)
#3523000 0%
#3523125 1! 1# 0$ 0'
#3523375 0+
#3524375 1+
#3524625 1)
#3524875 0# 1$ 1% 1'
#3525000 1,
#3525625 0)
#3525875 0$ 0% 0' 0(
#3526000 1#
#3526125 0*
#3527125 1*
#3527875 1%
#3528000 0*
#3529000 1*
#3529250 1)
#3529500 0"
#3529625 1' 1(
#3530375 0)
#3530500 0'
#3530625 1" 0%
#3530875 0*
#3531875 1*
#3532125 1)
#3532375 0# 1$ 1% 1'
#3533125 0)
#3533375 0$ 0% 0' 0(
#3533500 1# 1&
#3533625 0*
#3534625 1*
#3535250 1%
#3535500 0*
#3536500 1*
#3536750 1)
#3537000 0" 0&
#3537125 1' 1(
#3537875 0)
#3538000 0'
#3538125 1"
#3538375 0*
#3539375 1*
#3539625 1)
#3539750 0!
#3539875 1'
#3540625 0)
#3540875 0" 0# 0% 1& 0(
#3541000 1$
#3541125 0*
#3542125 1*
#3542750 1!
#3543000 0*
#3544000 1*
#3544625 0! 1"
#3544875 0*
#3545625 1)
#3545875 0$ 0& 1*
#3546000 1# 1% 1(
#3546750 0)
#3547000 0" 1$ 0% 1& 0(
#3547250 0*
#3548250 1*
#3548875 1!
#3549125 0*
#3550125 1*
#3550250 00
#3550625 0!
#3550750 1"
#3551000 0*
#3552250 1)
#3552500 1*
#3552875 0& 0'
#3553000 0# 1% 1(
#3553750 0)
#3554000 0" 0%
#3554250 0+
#3555250 1+
#3556000 1)
#3556250 1! 1" 1'
#3556375 1%
#3557125 0)
#3557250 10
#3557750 1# 0$ 0% 0(
#3558000 0*
#3559000 1*
#3559625 1%
#3559875 0*
#3560875 1*
#3561125 1)
#3561375 0"
#3561500 1(
#3562250 0)
#3562375 0% 0'
#3562500 1" 1&
#3562750 0*
#3563750 1*
#3563875 1)
#3564125 0&
#3564250 0# 1$ 1% 1'
#3565000 0)
#3565250 1# 0$ 0% 1& 0(
#3565500 0*
#3566500 1*
#3567125 1%
#3567375 0*
#3568375 1*
#3568625 1)
#3568875 0" 0& 1(
#3569750 0)
#3569875 0'
#3570000 1" 1&
#3570250 0*
#3571250 1*
#3571375 1)
#3571625 0! 0&
#3571750 1'
#3572500 0)
#3572750 0" 0# 1& 0(
#3573000 0*
#3574000 1*
#3574625 1!
#3574875 0*
#3575875 1*
#3576500 0! 1"
#3576750 0*
#3577500 1)
#3577750 0& 1*
#3577875 1# 1(
#3578625 0)
#3578875 0" 1& 0(
#3579125 0*
#3580125 1*
#3580750 1!
#3581000 0*
#3582000 1*
#3582500 0!
#3582625 1"
#3582875 0*
#3583625 1)
#3583875 0# 0& 1*
#3584000 1$ 1( 0,
#3584750 0)
#3584875 0" 0'
#3585000 0%
#3585250 0+
#3586250 1+
#3586500 1)
#3586750 1! 1" 1% 1'
#3586875 1,
#3587500 0)
#3587750 0$ 0% 0'
#3587875 1#
#3588000 0*
#3589000 1*
#3589625 1%
#3589875 0*
#3590875 1*
#3591125 1)
#3591375 0"
#3591500 1'
#3592250 0)
#3592375 0%
#3592500 1"
#3592750 0*
#3593750 1*
#3594000 1)
#3594250 0# 1$ 1%
#3595000 0)
#3595250 0$ 0% 1& 0'
#3595375 1#
#3595500 0*
#3596500 1*
#3597125 1%
#3597375 0*
#3598375 1*
#3598625 1)
#3598875 0" 0&
#3599000 1'
#3599750 0)
#3600000 1"
#3600250 0*
#3601250 1*
#3601500 1)
#3601625 0!
#3602500 0)
#3602750 0" 0# 1& 0(
#3602875 1$
#3603000 0*
#3604000 1*
#3604625 1!
#3604875 0*
#3605875 1*
#3606500 0!
#3606625 1"
#3606750 0*
#3607500 1)
#3607750 0$ 0& 1*
#3607875 1# 1(
#3608625 0)
#3608875 0" 1$ 1& 0(
#3609125 0*
#3610125 1*
#3610750 1!
#3611000 0*
#3612000 1*
#3612625 0! 1"
#3612875 0*
#3613625 1)
#3613875 0# 0& 0' 1*
#3614000 1(
#3614750 0)
#3615000 1! 0" 0%
#3615250 0+
#3616250 1+
#3616500 1)
#3616750 1" 1% 1'
#3617625 0)
#3617750 0$ 0%
#3617875 1#
#3618000 0*
#3619125 1*
#3619750 1%
#3619875 0*
#3621000 1*
#3621125 1)
#3621375 0"
#3622250 0)
#3622500 1" 0% 1&
#3622750 0*
#3623750 1*
#3624000 1)
#3624250 0# 1$ 1% 0&
#3625125 0)
#3625250 0$ 0%
#3625375 1# 1&
#3625500 0*
#3626625 1*
#3627250 1%
#3627375 0*
#3628500 1*
#3628625 1)
#3628875 0" 0&
#3629750 0)
#3630000 1" 1&
#3630250 0*
#3631250 1*
#3631500 1)
#3634125 00
#3641125 10
#3646750 0! 0# 0&
#3646875 1$ 0,
#3647625 0)
#3647750 0" 0% 0'
#3647875 1!
#3648125 0+
#3649125 1+
#3649250 1)
#3650625 1" 1# 1% 1& 1' 1,
#3651375 0)
#3653125 1)
#3656125 0! 0$ 0&
#3657000 0)
#3657125 0'
#3657250 0" 0# 0% 0(
#3657500 0*
#3658500 1*
#3658750 1)
#3659000 1! 1" 1# 1$ 1% 1& 1' 1(
#3659750 0)
#3661500 1)
#3662625 0)
#3663125 0+
#3664125 1+
#3665000 0+
#3666000 1+
#3666875 0+
#3667875 1+
#3668750 0+
#3669750 1+
#3670875 1)
#3671125 0! 0$ 0&
#3672000 0)
#3672250 0" 0% 0' 0(
#3672500 0*
#3673500 1*
#3673750 1)
#3674000 1' 1(
#3674125 1! 1" 1$ 1% 1&
#3674875 0)
#3676500 1)
#3676750 0! 0" 0$ 0% 0' 0(
#3677625 0) 0-
#3677875 0# 0&
#3678125 0*
#3679125 1*
#3679750 1!
#3680000 0*
#3681000 1*
#3681625 0! 1"
#3681875 0*
#3682875 1*
#3683500 1!
#3683750 0*
#3684750 1*
#3685875 1)
#3686000 1-
#3686125 0!
#3686250 1# 1% 1' 1(
#3687000 0)
#3687250 0" 0# 1$ 0% 0' 0(
#3687500 0*
#3688500 1*
#3688750 1)
#3689000 1(
#3689125 1" 1%
#3689875 0)
#3690000 0%
#3690375 0+
#3691375 1+
#3691500 1)
#3691750 0" 0(
#3691875 1# 0$ 1&
#3692625 0) 0-
#3692875 0&
#3693125 0*
#3694125 1*
#3694750 1!
#3695000 0*
#3696000 1*
#3696625 0! 1"
#3696875 0*
#3697875 1*
#3698500 1!
#3698750 0*
#3699750 1*
#3701000 1) 1-
#3701125 0!
#3701250 1% 1' 1(
#3702000 0)
#3702250 0" 0% 0' 0(
#3702375 1$
#3702500 0*
#3703500 1*
#3703750 1)
#3704125 1" 1% 1& 1(
#3704875 0)
#3705125 1!
#3705375 0*
#3706375 1*
#3706625 1)
#3706875 0! 0" 0$ 0% 0(
#3707625 0) 0-
#3707875 0# 0&
#3708000 1$
#3708125 0*
#3709125 1*
#3709875 1!
#3710000 0*
#3711125 1*
#3711625 0!
#3711750 1"
#3711875 0*
#3713000 1*
#3713625 1!
#3713750 0*
#3714875 1*
#3716000 1) 1-
#3716250 0! 1# 0$ 1% 1' 1(
#3717125 0)
#3717250 0" 0# 0' 0(
#3717500 0*
#3718000 00
#3718625 1*
#3718750 1)
#3719125 1" 1$ 1' 1( 0,
#3719875 0)
#3720125 0% 0'
#3720375 0+
#3721375 1+
#3721625 1)
#3721875 0" 0$ 1& 0(
#3722000 1# 1,
#3722625 0-
#3722750 0)
#3722875 0&
#3723000 1$
#3723250 0*
#3724250 1*
#3724875 1! 10
#3725125 0*
#3726125 1*
#3726625 0!
#3726750 1"
#3727000 0*
#3728000 1*
#3728625 1!
#3728875 0*
#3729875 1*
#3731000 1) 1-
#3731250 0! 0$ 1' 1(
#3731375 1%
#3732125 0)
#3732250 0" 0' 0(
#3732625 0*
#3733625 1*
#3733750 1)
#3734125 1! 1" 1$ 1& 1' 1(
#3734875 0)
#3736625 1)
#3736875 0! 0" 0$ 0% 0' 0(
#3737625 0-
#3737750 0)
#3737875 0# 0&
#3738000 1%
#3738250 0*
#3739250 1*
#3739875 1!
#3740125 0*
#3741125 1*
#3741625 0!
#3741750 1"
#3742000 0*
#3743000 1*
#3743625 1!
#3743875 0*
#3744875 1*
#3746000 1) 1-
#3746250 0!
#3746375 1# 1' 1(
#3747125 0)
#3747250 0# 0' 0(
#3747375 0" 1$
#3747625 0*
#3748625 1*
#3748875 1)
#3749125 1" 1(
#3749875 0)
#3750125 1! 0%
#3750375 0+
#3751500 1+
#3751625 1)
#3751875 0! 0" 0$ 0(
#3752000 1# 1&
#3752750 0) 0-
#3752875 0&
#3753000 1%
#3753250 0*
#3754250 1*
#3754875 1!
#3755125 0*
#3756125 1*
#3756625 0!
#3756750 1"
#3757000 0*
#3758000 1*
#3758625 1!
#3758875 0*
#3759875 1*
#3761000 1)
#3761125 1-
#3761250 0!
#3761375 1' 1(
#3762125 0)
#3762250 0' 0(
#3762375 0" 1$
#3762625 0*
#3763625 1*
#3763875 1)
#3764125 1! 1" 1& 1(
#3765000 0)
#3765500 0+
#3766500 1+
#3766625 1)
#3766875 0! 0" 0$ 0% 0(
#3767750 0) 0-
#3768000 0# 1$ 1% 0&
#3768250 0*
#3769250 1*
#3769875 1!
#3770125 0*
#3771125 1*
#3771625 0!
#3771750 1"
#3772000 0*
#3773000 1*
#3773625 1!
#3773875 0*
#3774875 1*
#3776000 1)
#3776125 1-
#3776250 0! 0$
#3776375 1# 1' 1(
#3777125 0)
#3777375 0" 0# 0% 1& 0' 0(
#3777625 0*
#3778625 1*
#3778875 1)
#3779125 0& 1' 1(
#3779250 1" 1$ 1% 0,
#3780000 0)
#3780125 0% 0'
#3780250 1!
#3780500 0+
#3781500 1+
#3781625 1)
#3781875 0! 0" 0$ 0(
#3782000 1# 1&
#3782125 1,
#3782750 0) 0-
#3783000 1$ 1% 0&
#3783250 0*
#3784250 1*
#3784875 1!
#3785125 0*
#3786125 1*
#3786750 0! 1"
#3787000 0*
#3788000 1*
#3788625 1!
#3788875 0*
#3789875 1*
#3791000 1)
#3791125 1-
#3791250 0! 0$
#3791375 1' 1(
#3792125 0)
#3792375 0" 0% 1& 0' 0(
#3792625 0*
#3793625 1*
#3793875 1)
#3794125 1(
#3794250 1! 1" 1$ 1% 1'
#3795000 0)
#3796625 1)
#3797000 0! 0" 0$ 0% 0' 0(
#3797750 0) 0-
#3798000 0#
#3798250 0*
#3799250 1*
#3799875 1!
#3800125 0*
#3801125 1*
#3801750 0! 1" 00
#3802000 0*
#3803000 1*
#3803625 1!
#3803875 0*
#3804875 1*
#3806000 1)
#3806125 1-
#3806250 0! 0&
#3806375 1# 1% 1' 1(
#3807125 0)
#3807375 0" 0# 1$ 0% 1& 0' 0(
#3807625 0*
#3808625 1*
#3808750 10
#3808875 1)
#3809125 0& 1(
#3809250 1" 1%
#3810000 0)
#3810125 0" 0%
#3810250 1#
#3810500 0+
#3811500 1+
#3811625 1)
#3811875 0$ 0(
#3812000 1&
#3812750 0) 0-
#3813250 0*
#3814250 1*
#3814875 1!
#3815125 0*
#3816125 1*
#3816750 0! 1"
#3817000 0*
#3818000 1*
#3818625 1!
#3818875 0*
#3819875 1*
#3821000 1)
#3821125 1-
#3821250 0! 0&
#3821375 1% 1' 1(
#3822125 0)
#3822375 0" 1$ 0% 1& 0' 0(
#3822625 0*
#3823625 1*
#3823875 1)
#3824125 0# 0$ 0& 1' 1(
#3825000 0)
#3825250 1! 1" 1# 1$ 1% 1&
#3825500 0*
#3826500 1*
#3826625 1)
#3826875 0! 0" 0$ 0%
#3827000 0' 0(
#3827750 0) 0-
#3828000 0# 1$
#3828250 0*
#3829250 1*
#3829875 1!
#3830125 0*
#3831125 1*
#3831750 0! 1"
#3832000 0*
#3833000 1*
#3833625 1!
#3833875 0*
#3834875 1*
#3836000 1)
#3836125 1-
#3836250 0! 0$ 0&
#3836375 1# 1% 1' 1(
#3837125 0)
#3837375 0" 0# 1& 0' 0(
#3837625 0*
#3838625 1*
#3838875 1)
#3839125 0& 1' 1(
#3839250 1" 1$ 0,
#3840000 0)
#3840125 0" 0% 0'
#3840250 1#
#3840500 0+
#3841500 1+
#3841625 1)
#3841875 0$ 0(
#3842000 1& 1,
#3842750 0) 0-
#3843000 1$
#3843250 0*
#3844250 1*
#3844875 1!
#3845125 0*
#3846125 1*
#3846625 0!
#3846750 1"
#3847000 0*
#3848000 1*
#3848625 1!
#3848875 0*
#3849875 1*
#3851000 1)
#3851125 1-
#3851250 0! 0$ 0&
#3851375 1% 1' 1(
#3852125 0)
#3852250 0(
#3852375 0" 1& 0'
#3852625 0*
#3853625 1*
#3853875 1)
#3854125 1! 1" 1' 1(
#3854250 1$
#3855000 0)
#3856625 1)
#3856875 0! 0" 0$ 0% 0' 0(
#3857750 0) 0-
#3858000 0# 1%
#3858250 0*
#3859250 1*
#3859875 1!
#3860125 0*
#3861125 1*
#3861625 0!
#3861750 1"
#3862000 0*
#3863000 1*
#3863625 1!
#3863875 0*
#3864875 1*
#3866000 1)
#3866125 1-
#3866250 0! 0&
#3866375 1# 1' 1(
#3867125 0)
#3867250 0# 0' 0(
#3867375 0" 1$ 1&
#3867625 0*
#3868625 1*
#3868875 1)
#3869000 0&
#3869125 1" 1(
#3869875 0)
#3870125 0" 0%
#3870250 1! 1#
#3870500 0+
#3871500 1+
#3871625 1)
#3871875 0! 0$ 0(
#3872000 1&
#3872750 0) 0-
#3873000 1%
#3873250 0*
#3874250 1*
#3874875 1!
#3875125 0*
#3876125 1*
#3876625 0!
#3876750 1"
#3877000 0*
#3878000 1*
#3878625 1!
#3878875 0*
#3879875 1*
#3881000 1) 1-
#3881250 0! 0& 1(
#3881375 1'
#3882125 0)
#3882250 0" 0' 0(
#3882375 1$ 1&
#3882625 0*
#3883625 1*
#3883875 1)
#3884000 0# 0$ 0% 0&
#3884125 1! 1' 1(
#3884875 0)
#3885125 1# 1$ 1% 1&
#3885250 1"
#3885375 0+
#3885625 00
#3886375 1+
#3886625 1)
#3886875 0! 0" 0$ 0% 0' 0(
#3887625 0-
#3887750 0)
#3887875 0#
#3888000 1$ 1%
#3888250 0*
#3889250 1*
#3889875 1!
#3890125 0*
#3891125 1*
#3891625 0!
#3891750 1"
#3892000 0*
#3892625 10
#3893000 1*
#3893625 1!
#3893875 0*
#3894875 1*
#3896000 1) 1-
#3896250 0! 0$ 0& 1' 1(
#3896375 1#
#3897125 0)
#3897250 0" 0# 0% 0(
#3897625 0*
#3898625 1*
#3898750 1)
#3899125 1" 1$ 1% 1(
#3899250 0,
#3899875 0)
#3900125 1! 0" 1# 0% 0'
#3900375 0+
#3901375 1+
#3901625 1)
#3901875 0! 0$ 1& 0(
#3902000 1,
#3902625 0-
#3902750 0)
#3903000 1$ 1%
#3903250 0*
#3904250 1*
#3904875 1!
#3905125 0*
#3906125 1*
#3906625 0!
#3906750 1"
#3907000 0*
#3908000 1*
#3908625 1!
#3908875 0*
#3909875 1*
#3911000 1) 1-
#3911250 0! 0$ 0& 1' 1(
#3912125 0)
#3912250 0" 0% 0(
#3912500 0*
#3913625 1*
#3913750 1)
#3914125 1! 1" 1$ 1% 1& 1(
#3914875 0)
#3916625 1)
#3916875 0! 0" 0$ 0% 0' 0(
#3917625 0-
#3917750 0)
#3917875 0# 0&
#3918000 1'
#3918125 0*
#3919250 1*
#3919875 1!
#3920000 0*
#3921125 1*
#3921625 0!
#3921750 1"
#3921875 0*
#3923000 1*
#3923500 1!
#3923750 0*
#3924875 1*
#3926000 1) 1-
#3926250 0! 1# 1% 1(
#3927000 0)
#3927250 0" 0# 0% 0(
#3927375 1$
#3927500 0*
#3928500 1*
#3928750 1)
#3929000 0'
#3929125 1" 1% 1(
#3929875 0)
#3930125 1# 0%
#3930375 0+
#3931375 1+
#3931625 1)
#3931875 0" 0$ 1& 0(
#3932625 0) 0-
#3932875 0&
#3933000 1'
#3933125 0*
#3934125 1*
#3934750 1!
#3935000 0*
#3936000 1*
#3936625 0!
#3936750 1"
#3936875 0*
#3937875 1*
#3938500 1!
#3938750 0*
#3939750 1*
#3941000 1) 1-
#3941125 0!
#3941250 1% 1(
#3942000 0)
#3942250 0" 0% 0(
#3942375 1$
#3942500 0*
#3943500 1*
#3943750 1)
#3944000 0# 0$
#3944125 1" 1(
#3944875 0)
#3945125 1! 1# 1$ 1% 1&
#3945375 0*
#3946375 1*
#3946500 1)
#3946875 0! 0" 0$ 0% 0' 0(
#3947625 0) 0-
#3947875 0# 0& 1'
#3948000 1$
#3948125 0*
#3949125 1*
#3949750 1!
#3950000 0*
#3951000 1*
#3951625 0! 1"
#3951875 0*
#3952875 1*
#3953500 1!
#3953750 0*
#3954750 1*
#3956000 1) 1-
#3956125 0!
#3956250 1# 0$ 1% 1(
#3957000 0)
#3957250 0" 0# 0(
#3957500 0*
#3958500 1*
#3958750 1)
#3959000 1(
#3959125 1" 1$ 0,
#3959875 0)
#3960000 0'
#3960125 1# 0%
#3960375 0+
#3961375 1+
#3961500 1)
#3961750 0" 0(
#3961875 0$ 1&
#3962000 1,
#3962625 0) 0-
#3962875 1$ 0& 1'
#3963125 0*
#3964125 1*
#3964750 1!
#3965000 0*
#3966000 1*
#3966625 0! 1"
#3966875 0*
#3967875 1*
#3968500 1!
#3968750 0*
#3969500 00
#3969750 1*
#3970875 1)
#3971000 1-
#3971125 0!
#3971250 0$ 1% 1(
#3972000 0)
#3972250 0" 0(
#3972500 0*
#3973500 1*
#3973750 1)
#3974000 1(
#3974125 1! 1" 1$ 1&
#3974875 0)
#3976500 1) 10
#3976875 0! 0" 0$ 0% 0' 0(
#3977625 0) 0-
#3977875 0# 1% 0& 1'
#3978125 0*
#3979125 1*
#3979750 1!
#3980000 0*
#3981000 1*
#3981625 0! 1"
#3981875 0*
#3982875 1*
#3983500 1!
#3983750 0*
#3984750 1*
#3985875 1)
#3986000 1-
#3986125 0!
#3986250 1# 1(
#3987000 0)
#3987250 0" 0# 1$ 0(
#3987500 0*
#3988500 1*
#3988750 1)
#3989000 0' 1(
#3989125 1"
#3989875 0)
#3990000 0%
#3990125 1! 1#
#3990375 0+
#3991375 1+
#3991500 1)
#3991750 0! 0" 0(
#3991875 0$ 1&
#3992625 0) 0-
#3992875 1% 0& 1'
#3993125 0*
#3994125 1*
#3994750 1!
#3995000 0*
#3996000 1*
#3996625 0! 1"
#3996875 0*
#3997875 1*
#3998500 1!
#3998750 0*
#3999750 1*
#4000875 1)
#4001000 1-
#4001125 0!
#4001250 1(
#4002000 0)
#4002250 0" 1$ 0(
#4002500 0*
#4003500 1*
#4003750 1)
#4004000 1! 1" 0# 0$ 0% 1(
#4004875 0)
#4005125 1# 1$ 1% 1&
#4005375 0+
#4006375 1+
#4006500 1)
#4006750 0! 0%
#4006875 0" 0$ 0' 0(
#4007625 0) 0-
#4007875 0# 1$ 1% 0& 1'
#4008125 0*
#4009125 1*
#4009750 1!
#4010000 0*
#4011000 1*
#4011625 0! 1"
#4011875 0*
#4012875 1*
#4013500 1!
#4013750 0*
#4014750 1*
#4015875 1)
#4016000 1-
#4016125 0! 0$
#4016250 1# 1(
#4017000 0)
#4017250 0" 0# 0% 1& 0(
#4017500 0*
#4018500 1*
#4018750 1)
#4019000 0& 1(
#4019125 1" 1$ 1% 0,
#4019875 0)
#4020000 0% 0'
#4020125 1! 1#
#4020375 0+
#4021375 1+
#4021500 1)
#4021750 0! 0" 0$ 0(
#4021875 1&
#4022000 1,
#4022625 0) 0-
#4022875 1$ 1% 0& 1'
#4023125 0*
#4024125 1*
#4024750 1!
#4025000 0*
#4026000 1*
#4026625 0! 1"
#4026875 0*
#4027875 1*
#4028500 1!
#4028750 0*
#4029750 1*
#4030875 1)
#4031000 1-
#4031125 0!
#4031250 0$ 1(
#4032000 0)
#4032250 0" 0% 1& 0(
#4032500 0*
#4033500 1*
#4033750 1)
#4034125 1! 1" 1$ 1% 1(
#4034875 0)
#4036500 1)
#4036875 0! 0" 0$ 0% 0' 0(
#4037625 0) 0-
#4037875 0# 1'
#4038125 0*
#4039125 1*
#4039750 1!
#4040000 0*
#4041000 1*
#4041625 0! 1"
#4041875 0*
#4042875 1*
#4043500 1!
#4043750 0*
#4044750 1*
#4046000 1) 1-
#4046125 0!
#4046250 1# 1% 0& 1(
#4047000 0)
#4047250 0" 0# 1$ 0% 1& 0(
#4047500 0*
#4048500 1*
#4048750 1)
#4049000 0& 0'
#4049125 1" 1% 1(
#4049875 0)
#4050000 0"
#4050125 0$
#4050375 0+
#4051375 1+
#4051625 1)
#4051750 0(
#4051875 1# 0% 1&
#4052625 0) 0-
#4052875 1'
#4053125 0*
#4053375 00
#4054125 1*
#4054750 1!
#4055000 0*
#4056000 1*
#4056625 0!
#4056750 1"
#4056875 0*
#4057875 1*
#4058500 1!
#4058750 0*
#4059750 1*
#4060250 10
#4061000 1) 1-
#4061125 0!
#4061250 1% 0& 1(
#4062000 0)
#4062250 0" 0% 0(
#4062375 1$ 1&
#4062500 0*
#4063500 1*
#4063750 1)
#4064000 0$ 0&
#4064125 1(
#4064875 0)
#4065125 1! 1" 1$ 1% 1&
#4065375 0*
#4066375 1*
#4066625 1)
#4066875 0! 0" 0$ 0% 0' 0(
#4067625 0) 0-
#4067875 0#
#4068000 1$ 1'
#4068125 0*
#4069125 1*
#4069750 1!
#4070000 0*
#4071125 1*
#4071625 0!
#4071750 1"
#4071875 0*
#4073000 1*
#4073500 1!
#4073750 0*
#4074875 1*
#4076000 1) 1-
#4076250 0! 1# 0$ 1% 0& 1(
#4077125 0)
#4077250 0" 0# 0(
#4077375 1&
#4077500 0*
#4078625 1*
#4078750 1)
#4079000 0&
#4079125 1" 1$ 1( 0,
#4079875 0)
#4080125 0" 0$ 0'
#4080375 0+
#4081375 1+
#4081625 1)
#4081875 0% 1& 0(
#4082000 1# 1,
#4082625 0-
#4082750 0)
#4083000 1$ 1'
#4083250 0*
#4084250 1*
#4084875 1!
#4085125 0*
#4086125 1*
#4086625 0!
#4086750 1"
#4087000 0*
#4088000 1*
#4088625 1!
#4088875 0*
#4089875 1*
#4091000 1) 1-
#4091250 0! 0$ 0& 1(
#4091375 1%
#4092125 0)
#4092250 0" 0(
#4092375 1&
#4092625 0*
#4093625 1*
#4093750 1)
#4094125 1! 1" 1$ 1(
#4094875 0)
