$date Thu Aug  6 15:38:06 2026 $end
$version libsigrok 0.5.2 $end
$comment
  Acquisition with 16/16 channels at 80 MHz
$end
$timescale 100 ps $end
$scope module libsigrok $end
$var wire 1 ! A0 $end
$var wire 1 " A1 $end
$var wire 1 # A2 $end
$var wire 1 $ A3 $end
$var wire 1 % A4 $end
$var wire 1 & A5 $end
$var wire 1 ' A6 $end
$var wire 1 ( A7 $end
$var wire 1 ) RAS $end
$var wire 1 * CAS0 $end
$var wire 1 + CAS1 $end
$var wire 1 , R/W $end
$var wire 1 - VDS $end
$var wire 1 . IRQ $end
$var wire 1 / CSW $end
$var wire 1 0 CSR $end
$upscope $end
$enddefinitions $end
#0 0! 1" 1# 0$ 1% 0& 1' 1( 0) 0* 1+ 1, 0- 0. 1/ 10
#125 0# 0% 0( 1)
#250 1# 1& 1( 0) 1* 0+ 1-
#1250 1+
#1375 1)
#1625 0# 0' 0(
#1750 1! 1%
#2500 0) 0-
#2625 0!
#2750 0" 1# 0& 1(
#3000 0*
#4000 1*
#4625 1!
#4875 0*
#5875 1*
#6375 0!
#6500 1"
#6750 0*
#7750 1*
#8375 1!
#8625 0*
#9625 1*
#10750 1)
#10875 1-
#11000 0!
#11125 1'
#11875 0)
#12000 0'
#12125 0" 1$ 0(
#12375 0*
#13375 1*
#13625 1)
#13875 1" 0$ 1& 1' 1(
#14625 0)
#15000 1! 1$
#15125 0*
#16125 1*
#16375 1)
#16625 0# 0$ 0' 0(
#17500 0) 0-
#17625 0! 0"
#17750 1$ 0& 1(
#18000 0*
#19000 1*
#19625 1!
#19875 0*
#20875 1*
#21375 0!
#21500 1"
#21750 0*
#22750 1*
#23375 1!
#23625 0*
#24625 1*
#25750 1)
#25875 1-
#26000 0! 0$
#26125 1# 1'
#26875 0)
#27000 0'
#27125 0" 0# 0% 1& 0(
#27375 0*
#28375 1*
#28625 1)
#28750 0&
#28875 1! 1$ 1' 1(
#29000 0,
#29625 0)
#29875 0! 0$
#30000 1" 1# 1&
#30125 0+
#31250 1+
#31375 1)
#31625 0# 0' 0(
#31750 1! 1% 1,
#32500 0) 0-
#32625 0! 0"
#32750 1# 1$ 0& 1(
#33000 0*
#33500 00
#34000 1*
#34625 1!
#34875 0*
#35875 1*
#36375 0!
#36500 1"
#36750 0*
#37750 1*
#38375 1!
#38625 0*
#39625 1*
#40375 10
#40750 1)
#40875 1-
#41000 0! 0$
#41125 1'
#41875 0)
#42000 0'
#42125 0" 0% 1& 0(
#42375 0*
#43375 1*
#43625 1)
#43875 1! 1" 1$ 1% 1' 1(
#44625 0)
#46375 1)
#46625 0# 0$ 0' 0(
#47500 0) 0-
#47625 0!
#47750 0" 0% 1(
#48000 0*
#49000 1*
#49625 1!
#49875 0*
#50875 1*
#51375 0!
#51500 1"
#51750 0*
#52750 1*
#53375 1!
#53625 0*
#54625 1*
#55750 1)
#55875 1-
#56000 0! 0&
#56125 1# 1% 1'
#56875 0)
#57125 0" 0# 1$ 0% 1& 0' 0(
#57375 0*
#58375 1*
#58625 1)
#58875 1! 0& 1(
#59625 0)
#59875 0$
#60000 1" 1# 1& 1'
#60250 0+
#61250 1+
#61375 1)
#61625 0# 0' 0(
#61750 1%
#62500 0) 0-
#62750 0! 0" 1# 0% 1(
#63000 0*
#64000 1*
#64625 1!
#64875 0*
#65875 1*
#66375 0!
#66500 1"
#66750 0*
#67750 1*
#68375 1!
#68625 0*
#69625 1*
#70750 1)
#70875 1-
#71000 0! 0&
#71125 1% 1'
#71875 0)
#72125 0" 1$ 0% 1& 0' 0(
#72375 0*
#73375 1*
#73625 1)
#73875 1! 0$ 1' 1(
#74000 1" 1%
#74750 0)
#75000 1$
#75250 0+
#76250 1+
#76375 1)
#76625 0# 0$ 0' 0(
#77500 0) 0-
#77750 0! 0" 1$ 0% 1(
#78000 0*
#79000 1*
#79625 1!
#79875 0*
#80875 1*
#81500 0! 1"
#81750 0*
#82750 1*
#83375 1!
#83625 0*
#84625 1*
#85750 1)
#85875 1-
#86000 0! 0&
#86125 1# 0$ 1% 1'
#86875 0)
#87125 0" 0# 1& 0' 0(
#87375 0*
#88375 1*
#88625 1)
#88875 0% 0& 1' 1(
#89000 1! 1$ 0,
#89750 0)
#89875 0$
#90000 1" 1# 1&
#90250 0+
#91250 1+
#91375 1)
#91625 0# 0' 0(
#91750 1%
#91875 1,
#92500 0) 0-
#92750 0! 0" 1# 1$ 0% 1(
#93000 0*
#94000 1*
#94625 1!
#94875 0*
#95875 1*
#96500 0! 1"
#96750 0*
#97750 1*
#98375 1!
#98625 0*
#99625 1*
#100875 1) 1-
#101000 0!
#101125 0$ 1% 0& 1'
#101875 0)
#102125 0" 1& 0' 0(
#102375 0*
#103375 1*
#103625 1)
#104000 1! 1" 1$ 1' 1(
#104750 0)
#106500 1)
#106750 0# 0$ 0' 0(
#107500 0) 0-
#107750 0! 0" 1(
#108000 0*
#109000 1*
#109625 1!
#109875 0*
#110875 1*
#111500 0!
#111625 1"
#111750 0*
#112750 1*
#113375 1!
#113625 0*
#114750 1*
#115875 1) 1-
#116125 0! 1# 0& 1'
#116875 0)
#117125 0" 0# 0' 0(
#117250 1$ 1& 00
#117375 0*
#118500 1*
#118625 1)
#118875 0% 0&
#119000 1! 1(
#119750 0)
#119875 0!
#120000 1& 1'
#120250 0+
#121250 1+
#121500 1)
#121750 1! 1" 0$ 1% 0' 0(
#122500 0-
#122625 0)
#122750 0! 0"
#122875 1# 1(
#123125 0*
#124125 1*
#124250 10
#124750 1!
#124875 0*
#126000 1*
#126500 0!
#126625 1"
#126875 0*
#127875 1*
#128500 1!
#128750 0*
#129750 1*
#130875 1) 1-
#131125 0! 0& 1'
#132000 0)
#132125 0" 0' 0(
#132250 1$ 1&
#132500 0*
#133500 1*
#133625 1)
#133875 0#
#134000 1' 1(
#134750 0)
#135000 1! 1" 1#
#135250 0*
#136250 1*
#136500 1)
#136750 0# 0$ 0' 0(
#137500 0-
#137625 0)
#137750 0! 0"
#137875 1$ 1(
#138125 0*
#139125 1*
#139750 1!
#140000 0*
#141000 1*
#141500 0!
#141625 1"
#141875 0*
#142875 1*
#143500 1!
#143750 0*
#144750 1*
#145875 1) 1-
#146125 0! 0$ 0&
#146250 1# 1'
#147000 0)
#147125 0" 0#
#147250 0% 0(
#147500 0*
#148500 1*
#148750 1)
#149000 1! 1$ 1(
#149125 0,
#149750 0)
#150000 0!
#150125 1&
#150250 0+
#151375 1+
#151500 1)
#151750 0$ 0' 0(
#151875 1! 1" 1% 1,
#152625 0) 0-
#152750 0! 0"
#152875 1# 1$ 1(
#153125 0*
#154125 1*
#154750 1!
#155000 0*
#156000 1*
#156500 0!
#156625 1"
#156875 0*
#157875 1*
#158500 1!
#158750 0*
#159750 1*
#160875 1)
#161000 1-
#161125 0! 0$ 0&
#161250 1'
#162000 0)
#162250 0" 0% 0(
#162500 0*
#163500 1*
#163750 1)
#164000 1! 1% 1& 1(
#164125 1" 1$
#164875 0)
#166500 1)
#166750 0# 0$ 0' 0(
#167625 0) 0-
#167875 0! 0" 0% 0& 1' 1(
#168125 0*
#169125 1*
#169750 1!
#170000 0*
#171000 1*
#171625 0! 1"
#171875 0*
#172875 1*
#173500 1!
#173750 0*
#174750 1*
#175875 1)
#176000 1-
#176125 0!
#176250 1# 1%
#177000 0)
#177250 0" 0# 1$ 0% 0(
#177500 0*
#178500 1*
#178750 1)
#179000 0' 1(
#179125 1!
#179875 0)
#180125 1& 1'
#180375 0+
#181375 1+
#181500 1)
#181750 0' 0(
#181875 1" 0$ 1%
#182625 0) 0-
#182875 0! 0" 0% 0& 1' 1(
#183000 1#
#183125 0*
#184125 1*
#184750 1!
#185000 0*
#186000 1*
#186625 0! 1"
#186875 0*
#187875 1*
#188500 1!
#188750 0*
#189750 1*
#191000 1) 1-
#191125 0!
#191250 1%
#192000 0)
#192250 0" 0% 0(
#192375 1$
#192500 0*
#193500 1*
#193750 1)
#194000 0#
#194125 1! 1% 1& 1(
#194875 0)
#195125 1" 1#
#195375 0+
#196375 1+
#196625 1)
#196875 0# 0$ 0' 0(
#197625 0) 0-
#197875 0! 0" 0% 0& 1(
#198000 1$ 1'
#198125 0*
#199250 1*
#199750 1!
#200000 0*
#201125 1* 00
#201625 0!
#201750 1"
#201875 0*
#203000 1*
#203625 1!
#203750 0*
#204875 1*
#206000 1) 1-
#206250 0! 1# 0$ 1%
#207125 0)
#207250 0" 0# 0(
#207500 0*
#208125 10
#208625 1*
#208750 1)
#209000 0%
#209125 1! 1$ 1( 0,
#209875 0)
#210125 1&
#210375 0+
#211375 1+
#211625 1)
#211875 1" 0$ 1% 0' 0(
#212000 1,
#212625 0-
#212750 0)
#212875 0! 0" 0% 0&
#213000 1# 1$ 1' 1(
#213250 0*
#214250 1*
#214875 1!
#215125 0*
#216125 1*
#216625 0!
#216750 1"
#217000 0*
#218000 1*
#218625 1!
#218875 0*
#219875 1*
#221000 1) 1-
#221250 0! 0$
#221375 1%
#222125 0)
#222250 0" 0(
#222625 0*
#223625 1*
#223750 1)
#224125 1! 1" 1$ 1& 1(
#224875 0)
#226625 1)
#226875 0# 0$ 0' 0(
#227625 0-
#227750 0)
#227875 0! 0" 0&
#228000 1' 1(
#228250 0*
#229250 1*
#229875 1!
#230125 0*
#231125 1*
#231625 0!
#231750 1"
#232000 0*
#233000 1*
#233625 1!
#233875 0*
#234875 1*
#236000 1) 1-
#236250 0!
#236375 1#
#237125 0)
#237250 0" 0# 0(
#237375 1$
#237625 0*
#238625 1*
#238875 1)
#239000 0% 0'
#239125 1! 1(
#239875 0)
#240125 0! 1& 1'
#240250 1"
#240375 0+
#241375 1+
#241625 1)
#241875 1! 0$ 0' 0(
#242000 1%
#242625 0-
#242750 0)
#242875 0! 0" 0&
#243000 1# 1' 1(
#243250 0*
#244250 1*
#244875 1!
#245125 0*
#246125 1*
#246625 0!
#246750 1"
#247000 0*
#248000 1*
#248625 1!
#248875 0*
#249875 1*
#251000 1) 1-
#251250 0!
#252125 0)
#252250 0" 0(
#252375 1$
#252625 0*
#253625 1*
#253875 1)
#254000 0#
#254125 1" 1& 1(
#254875 0)
#255125 1!
#255250 1#
#255375 0*
#256375 1*
#256625 1)
#256875 0# 0$ 0' 0(
#257625 0-
#257750 0)
#257875 0! 0" 0&
#258000 1$ 1' 1(
#258250 0*
#259250 1*
#259875 1!
#260125 0*
#261125 1*
#261625 0!
#261750 1"
#262000 0*
#263000 1*
#263625 1!
#263875 0*
#264875 1*
#266000 1) 1-
#266250 0! 0$
#266375 1#
#267125 0)
#267250 0#
#267375 0" 0% 1& 0(
#267625 0*
#268625 1*
#268875 1)
#269000 0&
#269125 1! 1$ 1(
#269250 0,
#269875 0)
#270125 0! 1&
#270250 1"
#270375 0+
#271500 1+
#271625 1)
#271875 1! 0$ 0' 0(
#272000 1% 1,
#272750 0) 0-
#272875 0! 0" 0&
#273000 1# 1$ 1' 1(
#273250 0*
#274250 1*
#274875 1!
#275125 0*
#276125 1*
#276625 0!
#276750 1"
#277000 0*
#278000 1*
#278625 1!
#278875 0*
#279875 1*
#281000 1) 1-
#281250 0! 0$
#282125 0)
#282250 0" 0% 0(
#282375 1&
#282625 0*
#283625 1*
#283875 1)
#284125 1! 1" 1$ 1% 1(
#284875 0)
#285000 00
#286625 1)
#286875 0# 0$ 0' 0(
#287625 0-
#287750 0)
#287875 0! 0" 0%
#288000 1' 1(
#288250 0*
#289250 1*
#289875 1!
#290125 0*
#291125 1*
#291625 0!
#291750 1"
#292000 0* 10
#293000 1*
#293625 1!
#293875 0*
#294875 1*
#296000 1) 1-
#296250 0! 0&
#296375 1# 1%
#297125 0)
#297250 0" 0# 0% 0(
#297375 1$ 1&
#297625 0*
#298625 1*
#298750 1)
#299000 0& 0'
#299125 1! 1(
#299875 0)
#300125 1" 1& 1'
#300375 0+
#301375 1+
#301625 1)
#301875 0$ 0' 0(
#302000 1%
#302625 0-
#302750 0)
#302875 0! 0" 0%
#303000 1# 1' 1(
#303250 0*
#304250 1*
#304875 1!
#305125 0*
#306125 1*
#306625 0!
#306750 1"
#307000 0*
#308000 1*
#308625 1!
#308875 0*
#309875 1*
#311000 1) 1-
#311250 0! 1% 0&
#312125 0)
#312250 0" 0% 0(
#312375 1$ 1&
#312625 0*
#313625 1*
#313750 1)
#314000 0#
#314125 1! 1" 1% 1(
#314875 0)
#315125 1#
#315375 0+
#316375 1+
#316625 1)
#316875 0# 0$ 0' 0(
#317625 0-
#317750 0)
#317875 0! 0" 0%
#318000 1$ 1' 1(
#318250 0*
#319250 1*
#319875 1!
#320125 0*
#321125 1*
#321625 0!
#321750 1"
#322000 0*
#323000 1*
#323625 1!
#323875 0*
#324875 1*
#326000 1) 1-
#326250 0! 1# 0$ 1% 0&
#327125 0)
#327250 0" 0# 0(
#327375 1&
#327500 0*
#328625 1*
#328750 1)
#329000 0% 0&
#329125 1! 1$ 1( 0,
#329875 0)
#330125 1" 1&
#330375 0+
#331375 1+
#331625 1)
#331875 0$ 1% 0' 0(
#332000 1,
#332625 0) 0-
#332875 0! 0" 0% 1(
#333000 1# 1$ 1'
#333125 0*
#334250 1*
#334875 1!
#335000 0*
#336125 1*
#336625 0!
#336750 1"
#336875 0*
#338000 1*
#338500 1!
#338750 0*
#339750 1*
#341000 1) 1-
#341250 0! 0$ 1% 0&
#342000 0)
#342250 0" 0(
#342375 1&
#342500 0*
#343500 1*
#343750 1)
#344125 1! 1" 1$ 1(
#344875 0)
#346625 1)
#346875 0# 0$ 0' 0(
#347625 0) 0-
#347875 0! 0" 1' 1(
#348125 0*
#349125 1*
#349750 1!
#350000 0*
#351000 1*
#351625 0!
#351750 1"
#351875 0*
#352875 1*
#353500 1!
#353750 0*
#354750 1*
#356000 1) 1-
#356125 0!
#356250 1# 0&
#357000 0)
#357250 0" 0# 1$ 1& 0(
#357500 0*
#358500 1*
#358750 1)
#359000 0% 0& 0' 1(
#359125 1!
#359875 0)
#360000 0!
#360125 1# 1& 1'
#360375 0+
#361375 1+
#361500 1)
#361750 0# 0'
#361875 1! 1" 0$ 1% 0(
#362625 0) 0-
#362875 0! 0" 1' 1(
#363000 1#
#363125 0*
#364125 1*
#364750 1!
#365000 0*
#366000 1*
#366625 0! 1"
#366875 0*
#367875 1*
#368500 1!
#368750 0*
#368875 00
#369750 1*
#370875 1)
#371000 1-
#371125 0! 0&
#372000 0)
#372250 0" 1$ 1& 0(
#372500 0*
#373500 1*
#373750 1)
#374000 1(
#374875 0)
#375125 1! 1"
#375375 0*
#375750 10
#376375 1*
#376500 1)
#376750 0# 0$ 0' 0(
#377625 0) 0-
#377875 0! 0" 1$ 1' 1(
#378125 0*
#379125 1*
#379750 1!
#380000 0*
#381000 1*
#381500 0!
#381625 1"
#381875 0*
#382875 1*
#383500 1!
#383750 0*
#384750 1*
#385875 1)
#386000 1-
#386250 1#
#387000 0)
#387500 0+
#388500 1+
#388750 1)
#389000 0" 0# 0% 0&
#389125 0,
#389750 0)
#390000 0!
#390125 1# 1&
#390375 0+
#391375 1+
#391500 1)
#391750 0# 0$ 0' 0(
#391875 1! 1" 1% 1,
#392625 0) 0-
#392750 0! 0"
#392875 1# 1$ 1' 1(
#393125 0*
#394125 1*
#394750 1!
#395000 0*
#396000 1*
#396500 0!
#396625 1"
#396875 0*
#397875 1*
#398500 1!
#398750 0*
#399750 1*
#400875 1)
#401000 1-
#401125 0! 0$ 0&
#402000 0)
#402250 0" 0# 0% 0' 0(
#402500 0*
#403500 1*
#404125 1!
#404375 0*
#405375 1*
#405875 0!
#406000 1"
#406250 0*
#407000 1)
#407250 1*
#407375 1# 1% 1' 1(
#408125 0)
#408250 0" 0# 0% 0' 0(
#408500 0*
#409625 1*
#410250 1!
#410500 0*
#411500 1*
#412000 0!
#412125 1"
#412375 0*
#413125 1)
#413250 0"
#413375 1! 1$ 1( 1*
#414125 0)
#414375 1'
#414500 1# 1&
#414625 0+
#415625 1+
#415875 1)
#416125 0! 0# 0&
#416250 1%
#417000 0)
#417125 0% 0' 0(
#417250 1! 1" 1# 0$
#417500 0*
#418500 1*
#419125 1%
#419375 0*
#420375 1*
#420500 1)
#420750 0! 0"
#420875 1' 1(
#421625 0)
#421875 1! 1" 0% 0' 0(
#422125 0*
#423125 1*
#423375 1)
#423625 0! 0" 0# 1' 1(
#423750 1$ 1%
#424500 0)
#424625 0$ 0% 0' 0(
#424750 1! 1" 1#
#425000 0*
#426000 1*
#426625 1%
#426875 0*
#427875 1*
#428000 1)
#428250 0! 0"
#428375 1' 1(
#429125 0)
#429375 1! 1" 0% 0' 0(
#429625 0*
#430625 1*
#430875 1)
#431125 0! 1' 1(
#431250 1%
#432000 0)
#432125 0" 0# 0% 0' 0(
#432500 0*
#433500 1*
#434125 1!
#434375 0*
#435375 1*
#435875 0!
#436000 1"
#436250 0*
#437000 1)
#437250 1( 1*
#437375 1# 1% 1'
#438125 0)
#438250 0" 0# 0% 0' 0(
#438500 0*
#439500 1*
#440250 1!
#440375 0*
#441500 1*
#442000 0!
#442125 1"
#442250 0*
#443500 1)
#443750 1*
#444250 0" 1(
#444375 1! 1$ 1' 0,
#445125 0)
#445375 1# 1&
#445625 0+
#446625 1+
#447250 1)
#447500 0! 0# 0&
#447625 1% 1,
#448375 0)
#449000 0$ 0% 0' 0(
#449125 1! 1" 1#
#449375 0*
#450375 1*
#451000 1%
#451250 0*
#452250 1*
#452375 1)
#452625 0! 0"
#452750 1' 1( 00
#453500 0)
#453750 1! 1" 0% 0' 0(
#454000 0*
#455000 1*
#455250 1)
#455500 0! 0" 0# 1' 1(
#455625 1$ 1%
#456375 0)
#456500 0$ 0% 0' 0(
#456625 1! 1" 1#
#456875 0*
#457875 1*
#458500 1%
#458750 0*
#459625 10
#459750 1*
#459875 1)
#460125 0! 0"
#460250 1' 1(
#461000 0)
#461250 1! 1" 0% 0' 0(
#461500 0*
#462500 1*
#462750 1)
#463000 0! 1' 1(
#463125 1%
#463875 0)
#464000 0" 0# 0% 0' 0(
#464375 0*
#465375 1*
#466000 1!
#466250 0*
#467250 1*
#467750 0!
#467875 1"
#468125 0*
#468875 1)
#469125 1' 1( 1*
#469250 1# 1%
#470000 0)
#470125 0" 0# 0% 0' 0(
#470375 0*
#471375 1*
#472125 1!
#472250 0*
#473250 1*
#473875 0!
#474000 1"
#474125 0*
#474875 1)
#475125 0" 1*
#475250 1! 1$ 1(
#476000 0)
#476250 0! 1" 1# 1& 1'
#476500 0+
#477500 1+
#477750 1)
#478000 0" 0# 0&
#478125 1%
#478875 0)
#479000 0$ 0% 0' 0(
#479125 1! 1" 1#
#479375 0*
#480375 1*
#481000 1%
#481250 0*
#482250 1*
#482375 1)
#482625 0! 0"
#482750 1' 1(
#483500 0)
#483750 1! 1" 0% 0' 0(
#484000 0*
#485000 1*
#485250 1)
#485500 0! 0" 0# 1' 1(
#485625 1$ 1%
#486375 0)
#486500 0$ 0% 0' 0(
#486625 1! 1" 1#
#486875 0*
#487875 1*
#488500 1%
#488750 0*
#489750 1*
#489875 1)
#490125 0! 0"
#490250 1' 1(
#491000 0)
#491250 1! 1" 0% 0' 0(
#491500 0*
#492500 1*
#492750 1)
#493000 0!
#493125 1% 1' 1(
#493875 0)
#494000 0" 0% 0' 0(
#494125 0#
#494375 0*
#495375 1*
#496000 1!
#496250 0*
#497250 1*
#497750 0!
#497875 1"
#498125 0*
#498875 1)
#499125 1*
#499250 1# 1% 1' 1(
#500000 0)
#500125 0" 0# 0% 0' 0(
#500500 0*
#501500 1*
#502125 1!
#502375 0*
#503375 1*
#503875 0!
#504000 1"
#504250 0*
#505000 1)
#505125 0"
#505250 1! 1$ 1' 1( 1*
#505375 0,
#506000 0)
#506250 0!
#506375 1" 1# 1&
#506625 0+
#507625 1+
#507750 1)
#508000 0" 0# 0&
#508125 1% 1,
#508875 0)
#509000 0%
#509125 1! 1" 1# 0$ 0' 0(
#509375 0*
#510375 1*
#511000 1%
#511250 0*
#512250 1*
#512500 1)
#512625 0!
#512750 0" 1' 1(
#513500 0)
#513750 1! 0% 0' 0(
#513875 1"
#514000 0*
#515125 1*
#515250 1)
#515500 0! 0" 0#
#515625 1$ 1% 1' 1(
#516375 0)
#516500 0(
#516625 1! 1" 1# 0$ 0% 0'
#516875 0*
#517875 1*
#518500 1%
#518750 0*
#519750 1*
#520000 1)
#520250 0! 0" 1' 1(
#521125 0)
#521250 0% 0' 0(
#521375 1! 1"
#521500 0*
#522625 1*
#522750 1)
#536500 00
#538000 0" 0#
#538125 1$ 1(
#538875 0)
#539125 1'
#539250 1" 1# 1&
#539375 0+
#540375 1+
#540625 1)
#541875 1%
#542625 0)
#543500 10
#544375 1)
#547500 0! 0$ 0&
#548250 0)
#548500 0" 0# 0% 0' 0(
#548750 0*
#549750 1*
#550000 1)
#550375 1! 1$ 1' 1( 0,
#551125 0)
#551375 1" 1# 1&
#551625 0+
#552625 1+
#552875 1)
#553125 1%
#553250 1,
#553875 0)
#554500 0+
#555500 1+
#556375 0+
#557375 1+
#558250 0+
#559250 1+
#560125 0+
#561125 1+
#562250 1)
#562500 0! 0$ 0&
#563375 0)
#563500 0" 0% 0' 0(
#563750 0*
#564875 1*
#565000 1)
#565375 1! 1" 1$ 1% 1& 1' 1(
#566125 0)
#567875 1)
#568125 0! 0" 0$ 0' 0(
#568875 0-
#569000 0)
#569125 0# 0% 0&
#569375 0*
#570500 1*
#571125 1!
#571375 0*
#572375 1*
#572875 0!
#573000 1"
#573250 0*
#574250 1*
#574875 1!
#575125 0*
#576125 1*
#577250 1) 1-
#577500 0! 1' 1(
#577625 1# 1%
#578375 0)
#578500 0" 0# 0% 0' 0(
#578625 1$
#578875 0*
#579875 1*
#580000 1)
#580375 1! 1(
#581125 0)
#581375 0! 0$ 1% 1& 1'
#581625 0+
#582625 1+
#582875 1)
#583125 0' 0(
#583250 1#
#583875 0-
#584000 0)
#584125 0% 0&
#584500 0*
#585500 1*
#586125 1!
#586375 0*
#587375 1*
#587875 0!
#588000 1"
#588250 0*
#589250 1*
#589875 1!
#590125 0*
#591125 1*
#592250 1) 1-
#592500 0!
#592625 1% 1' 1(
#593375 0)
#593500 0' 0(
#593625 0" 1$ 0%
#593875 0*
#594875 1*
#595125 1)
#595375 1! 1% 1& 1' 1(
#596125 0)
#596500 1"
#596750 0+
#597750 1+
#597875 1)
#598125 0! 0" 0$ 0' 0(
#599000 0) 0-
#599250 0# 1$ 0% 0&
#599500 0*
#600500 1*
#601125 1!
#601375 0*
#602375 1*
#602875 0!
#603000 1"
#603250 0*
#604250 1*
#604875 1!
#605125 0*
#606125 1*
#607250 1)
#607375 1-
#607500 0! 0$
#607625 1# 1% 1' 1(
#608375 0)
#608625 0" 0# 0' 0(
#608875 0*
#609875 1*
#610125 1)
#610375 1! 0% 1' 1(
#610500 1$ 0,
#611250 0)
#611375 0! 0$
#611500 1% 1&
#611750 0+
#612750 1+
#612875 1)
#613125 0' 0(
#613250 1#
#613375 1,
#614000 0) 0-
#614250 1$ 0% 0&
#614500 0*
#615500 1*
#616125 1!
#616375 0*
#617375 1*
#618000 0! 1"
#618250 0*
#619250 1*
#619875 1!
#620125 0*
#620375 00
#621125 1*
#622250 1)
#622375 1-
#622500 0!
#622625 0$ 1% 1' 1(
#623375 0)
#623625 0" 0' 0(
#623875 0*
#624875 1*
#625125 1)
#625500 1! 1" 1$ 1& 1' 1(
#626250 0)
#627375 10
#627875 1)
#628250 0! 0" 0$ 0' 0(
#629000 0) 0-
#629250 0# 0&
#629500 0*
#630500 1*
#631125 1!
#631375 0*
#632375 1*
#633000 0!
#633125 1"
#633250 0*
#634250 1*
#634875 1!
#635125 0*
#636125 1*
#637375 1) 1-
#637500 0!
#637625 1# 1' 1(
#638375 0)
#638625 0" 0# 0' 0(
#638750 1$
#638875 0*
#639875 1*
#640125 1)
#640375 0%
#640500 1! 1(
#641250 0)
#641500 0$ 1% 1& 1'
#641750 0+
#642750 1+
#643000 1)
#643250 0! 1# 0' 0(
#644000 0) 0-
#644250 0&
#644500 0*
#645500 1*
#646125 1!
#646375 0*
#647500 1*
#648000 0!
#648125 1"
#648250 0*
#649375 1*
#649875 1!
#650125 0*
#651250 1*
#652375 1) 1-
#652625 0! 1' 1(
#653375 0)
#653625 0" 0' 0(
#653750 1$
#653875 0*
#655000 1*
#655125 1)
#655500 1" 1& 1' 1(
#656250 0)
#656500 1!
#656750 0*
#657750 1*
#658000 1)
#658250 0! 0" 0$ 0' 0(
#659000 0) 0-
#659250 0# 0&
#659375 1$
#659500 0*
#660625 1*
#661250 1!
#661375 0*
#662500 1*
#663000 0!
#663125 1"
#663250 0*
#664375 1*
#665000 1!
#665125 0*
#666250 1*
#667375 1) 1-
#667625 0! 1# 0$ 1' 1(
#668500 0)
#668625 0" 0# 0% 0' 0(
#668750 1&
#668875 0*
#670000 1*
#670125 1)
#670375 0&
#670500 1! 1$ 1' 1( 0,
#671250 0)
#671500 0$ 1% 1&
#671750 0+
#672750 1+
#673000 1)
#673250 0! 1# 0' 0(
#673375 1,
#674000 0-
#674125 0)
#674250 0&
#674375 1$
#674625 0*
#675625 1*
#676250 1!
#676500 0*
#677500 1*
#678000 0!
#678125 1"
#678375 0*
#679375 1*
#680000 1!
#680250 0*
#681250 1*
#682375 1) 1-
#682625 0! 0$ 1' 1(
#683500 0)
#683625 0" 0% 0' 0(
#683750 1&
#684000 0*
#685000 1*
#685125 1)
#685500 1! 1" 1$ 1% 1' 1(
#686250 0)
#688000 1)
#688250 0! 0" 0$ 0' 0(
#689000 0-
#689125 0)
#689250 0# 0%
#689625 0*
#690625 1*
#691250 1!
#691500 0*
#692500 1*
#693000 0!
#693125 1"
#693375 0*
#694375 1*
#695000 1!
#695250 0*
#696250 1*
#697375 1) 1-
#697625 0! 0& 1' 1(
#697750 1# 1%
#698500 0)
#698625 0" 0# 0% 0' 0(
#698750 1$ 1&
#699000 0*
#700000 1*
#700125 1)
#700375 0&
#700500 1! 1(
#701250 0)
#701500 0! 1" 0$ 1% 1& 1'
#701750 0+
#702750 1+
#703000 1)
#703250 0" 0' 0(
#703375 1#
#704000 0-
#704125 0)
#704250 0% 00
#704625 0*
#705625 1*
#706250 1!
#706500 0*
#707500 1*
#708000 0!
#708125 1"
#708375 0*
#709375 1*
#710000 1!
#710250 0*
#711250 1* 10
#712375 1) 1-
#712625 0! 1% 0& 1' 1(
#713500 0)
#713625 0" 0% 0' 0(
#713750 1$ 1&
#713875 0*
#715000 1*
#715125 1)
#715500 1! 1" 1% 1' 1(
#716250 0)
#716750 0+
#717750 1+
#718000 1)
#718250 0! 0" 0$ 0' 0(
#719000 0-
#719125 0)
#719250 0# 0%
#719375 1$
#719500 0*
#720625 1*
#721250 1!
#721375 0*
#722500 1*
#723000 0!
#723125 1"
#723250 0*
#724375 1*
#725000 1!
#725125 0*
#726250 1*
#727375 1) 1-
#727625 0! 1# 0$ 1% 0& 1' 1(
#728500 0)
#728625 0" 0# 0' 0(
#728750 1&
#728875 0*
#730000 1*
#730125 1)
#730375 0% 0&
#730500 1! 1$ 1' 1( 0,
#731250 0)
#731375 0!
#731500 1" 0$ 1% 1&
#731750 0+
#732750 1+
#733000 1)
#733250 0" 1# 0' 0(
#733375 1,
#734000 0) 0-
#734250 0%
#734375 1$
#734500 0*
#735500 1*
#736250 1!
#736375 0*
#737500 1*
#738000 0!
#738125 1"
#738250 0*
#739250 1*
#739875 1!
#740125 0*
#741125 1*
#742375 1) 1-
#742625 0! 0$ 1% 0& 1' 1(
#743375 0)
#743625 0" 0' 0(
#743750 1&
#743875 0*
#744875 1*
#745125 1)
#745500 1! 1" 1$ 1' 1(
#746250 0)
#748000 1)
#748250 0! 0" 0$ 0' 0(
#749000 0) 0-
#749250 0#
#749500 0*
#750500 1*
#751125 1!
#751375 0*
#752375 1*
#753000 0! 1"
#753250 0*
#754250 1*
#754875 1!
#755125 0*
#756125 1*
#757375 1) 1-
#757500 0!
#757625 1# 0& 1' 1(
#758375 0)
#758625 0" 0# 1$ 1& 0' 0(
#758875 0*
#759875 1*
#760125 1)
#760375 0% 0& 1(
#760500 1!
#761250 0)
#761375 0$
#761500 1" 1% 1& 1'
#761750 0+
#762750 1+
#762875 1)
#763125 0! 0" 0'
#763250 1# 0(
#764000 0) 0-
#764500 0*
#765500 1*
#766125 1!
#766375 0*
#767375 1*
#768000 0! 1"
#768250 0*
#769250 1*
#769875 1!
#770125 0*
#771125 1*
#772250 1)
#772375 1-
#772500 0! 0&
#772625 1' 1(
#773375 0)
#773625 0" 1$ 1& 0' 0(
#773875 0*
#774875 1*
#775125 1)
#775375 0# 0$ 0% 0&
#776250 0)
#776500 1! 1" 1# 1$ 1% 1&
#776750 0*
#777750 1*
#777875 1)
#778125 0! 0" 0$
#779000 0) 0-
#779250 0# 1$
#779500 0*
#780500 1*
#781125 1!
#781375 0*
#782375 1*
#782875 0!
#783000 1"
#783250 0*
#784250 1*
#784875 1!
#785125 0*
#786125 1*
#787250 1)
#787375 1-
#787500 0! 0$ 0&
#787625 1# 1' 1(
#788125 00
#788375 0)
#788625 0" 0# 0% 0(
#788875 0*
#789875 1*
#790125 1)
#790375 1! 1(
#790500 1$ 0,
#791125 0)
#791375 0$
#791500 1" 1% 1&
#791750 0+
#792750 1+
#792875 1)
#793125 0! 0" 0' 0(
#793250 1# 1,
#794000 0) 0-
#794250 1$
#794500 0*
#795000 10
#795500 1*
#796125 1!
#796375 0*
#797375 1*
#797875 0!
#798000 1"
#798250 0*
#799250 1*
#799875 1!
#800125 0*
#801125 1*
#802250 1)
#802375 1-
#802500 0! 0$ 0&
#802625 1' 1(
#803375 0)
#803500 0(
#803625 0" 0%
#803875 0*
#804875 1*
#805125 1)
#805375 1! 1" 1$ 1% 1& 1(
#806125 0)
#807875 1)
#808125 0! 0" 0$ 0' 0(
#808875 0-
#809000 0)
#809125 0# 0% 0&
#809250 1'
#809500 0*
#810500 1*
#811125 1!
#811375 0*
#812375 1*
#812875 0!
#813000 1"
#813250 0*
#814250 1*
#814875 1!
#815125 0*
#816125 1*
#817250 1) 1-
#817500 0! 1(
#817625 1# 1%
#818375 0)
#818500 0" 0# 0% 0(
#818625 1$
#818875 0*
#819875 1*
#820000 1)
#820250 0'
#820375 1! 1(
#821125 0)
#821375 0! 0$ 1% 1& 1'
#821500 1#
#821625 0+
#822625 1+
#822875 1)
#823125 0' 0(
#823875 0-
#824000 0)
#824125 0% 0&
#824250 1'
#824500 0*
#825500 1*
#826125 1!
#826375 0*
#827375 1*
#827875 0!
#828000 1"
#828250 0*
#829250 1*
#829875 1!
#830125 0*
#831125 1*
#832250 1) 1-
#832500 0! 1(
#832625 1%
#833375 0)
#833500 0" 0% 0(
#833625 1$
#833875 0*
#834875 1*
#835000 1)
#835250 0# 0$ 0'
#835375 1!
#836125 0)
#836375 1" 1# 1$ 1% 1&
#836625 0+
#837625 1+
#837875 1)
#838125 0! 0" 0$
#838875 0-
#839000 0)
#839125 0# 0% 0&
#839250 1$ 1'
#839500 0*
#840500 1*
#841125 1!
#841375 0*
#842375 1*
#842875 0!
#843000 1"
#843250 0*
#844250 1*
#844875 1!
#845125 0*
#846125 1*
#847250 1) 1-
#847500 0! 0$ 1(
#847625 1# 1%
#848375 0)
#848500 0" 0# 0(
#848875 0*
#849875 1*
#850000 1)
#850250 0%
#850375 1! 1$ 1( 0,
#851125 0)
#851375 0! 1# 0$ 1% 1&
#851625 0+
#852625 1+
#852875 1)
#853125 0' 0(
#853250 1,
#853875 0-
#854000 0)
#854125 0% 0&
#854250 1$ 1'
#854500 0*
#855500 1*
#856125 1!
#856250 0*
#857375 1*
#857875 0!
#858000 1"
#858250 0*
#859250 1*
#859875 1!
#860125 0*
#861125 1*
#862250 1) 1-
#862500 0! 0$ 1% 1(
#863375 0)
#863500 0" 0(
#863750 0*
#864875 1*
#865000 1)
#865375 1! 1" 1$ 1& 1(
#866125 0)
#867875 1)
#868125 0! 0" 0$ 0' 0(
#868875 0-
#869000 0)
#869125 0# 0&
#869250 1'
#869375 0*
#870500 1*
#871125 1!
#871250 0*
#871875 00
#872375 1*
#872875 0!
#873000 1"
#873125 0*
#874250 1*
#874875 1!
#875000 0*
#876125 1*
#877250 1) 1-
#877500 0! 1# 1(
#878375 0)
#878500 0" 0# 0(
#878625 1$
#878750 0*
#878875 10
#879875 1*
#880000 1)
#880250 0% 0'
#880375 1! 1(
#881125 0)
#881375 1# 0$ 1% 1& 1'
#881625 0+
#882625 1+
#882875 1)
#883125 0! 0' 0(
#883875 0) 0-
#884125 0&
#884250 1'
#884375 0*
#885500 1*
#886125 1!
#886250 0*
#887375 1*
#887875 0!
#888000 1"
#888125 0*
#889250 1*
#889875 1!
#890000 0*
#891125 1*
#892250 1) 1-
#892500 0! 1(
#893375 0)
#893500 0" 0(
#893625 1$
#893750 0*
#894875 1*
#895000 1)
#895250 0# 0$ 0% 0'
#895375 1"
#896125 0)
#896375 1! 1# 1$ 1% 1&
#896625 0*
#897625 1*
#897875 1)
#898125 0! 0" 0$
#898875 0-
#899000 0)
#899125 0# 0&
#899250 1$ 1'
#899375 0*
#900500 1*
#901125 1!
#901250 0*
#902375 1*
#902875 0!
#903000 1"
#903250 0*
#904250 1*
#904875 1!
#905125 0*
#906125 1*
#907250 1) 1-
#907500 0! 1# 0$ 1(
#908375 0)
#908500 0" 0# 0% 0(
#908625 1&
#908750 0*
#909875 1*
#910000 1)
#910250 0&
#910375 1! 1$ 1( 0,
#911125 0)
#911375 1# 0$ 1% 1&
#911625 0+
#912625 1+
#912875 1)
#913125 0! 0' 0(
#913250 1,
#913875 0-
#914000 0)
#914125 0&
#914250 1$ 1'
#914500 0*
#915500 1*
#916125 1!
#916375 0*
#917375 1*
#917875 0!
#918000 1"
#918250 0*
#919250 1*
#919875 1!
#920125 0*
#921125 1*
#922250 1) 1-
#922500 0! 0$ 1(
#923375 0)
#923500 0" 0% 0(
#923625 1&
#923875 0*
#924875 1*
#925000 1)
#925375 1! 1" 1$ 1% 1(
#926125 0)
#927875 1)
#928125 0! 0" 0$ 0' 0(
#928875 0-
#929000 0)
#929125 0# 0%
#929250 1'
#929500 0*
#930500 1*
#931125 1!
#931375 0*
#932375 1*
#932875 0!
#933000 1"
#933250 0*
#934250 1*
#934875 1!
#935125 0*
#936125 1*
#937250 1) 1-
#937500 0! 0& 1(
#937625 1# 1%
#938375 0)
#938500 0" 0# 0% 0(
#938625 1$ 1&
#938875 0*
#939875 1*
#940000 1)
#940250 0& 0'
#940375 1! 1(
#941125 0)
#941375 0! 0$ 1% 1& 1'
#941500 1" 1#
#941625 0+
#942625 1+
#942875 1)
#943125 0" 0' 0(
#943875 0-
#944000 0)
#944125 0%
#944250 1'
#944500 0*
#945500 1*
#946125 1!
#946375 0*
#947375 1*
#947875 0!
#948000 1"
#948250 0*
#949250 1*
#949875 1!
#950125 0*
#951125 1*
#952250 1) 1-
#952500 0! 0&
#952625 1% 1(
#953375 0)
#953500 0% 0(
#953625 0" 1$ 1&
#953875 0*
#954875 1*
#955125 1)
#955375 1! 1" 0# 0$ 0& 0'
#955750 00
#956125 0)
#956500 1# 1$ 1% 1&
#956750 0+
#957750 1+
#957875 1)
#958125 0! 0" 0$
#959000 0) 0-
#959250 0# 1$ 0% 1'
#959500 0*
#960500 1*
#961125 1!
#961375 0*
#962375 1*
#962750 10
#962875 0!
#963000 1"
#963250 0*
#964250 1*
#964875 1!
#965125 0*
#966125 1*
#967250 1)
#967375 1-
#967500 0! 0$ 0&
#967625 1# 1% 1(
#968375 0)
#968625 0" 0# 1& 0(
#968875 0*
#969875 1*
#970125 1)
#970375 1! 0% 0& 1(
#970500 1$ 0,
#971250 0)
#971375 0! 0$
#971500 1" 1# 1% 1&
#971750 0+
#972750 1+
#972875 1)
#973125 0" 0' 0(
#973375 1,
#974000 0) 0-
#974250 1$ 0% 1'
#974500 0*
#975500 1*
#976125 1!
#976375 0*
#977375 1*
#978000 0! 1"
#978250 0*
#979250 1*
#979875 1!
#980125 0*
#981125 1*
#982250 1)
#982375 1-
#982500 0!
#982625 0$ 1% 0& 1(
#983375 0)
#983625 0" 1& 0(
#983875 0*
#984875 1*
#985125 1)
#985375 1(
#985500 1! 1" 1$
#986250 0)
#987875 1)
#988250 0! 0" 0$ 0' 0(
#989000 0) 0-
#989250 0# 1'
#989500 0*
#990500 1*
#991125 1!
#991375 0*
#992375 1*
#993000 0! 1"
#993250 0*
#994250 1*
#994875 1!
#995125 0*
#996125 1*
#997375 1) 1-
#997500 0!
#997625 1# 0& 1(
#998375 0)
#998625 0" 0# 1& 0(
#998750 1$
#998875 0*
#999875 1*
#1000125 1)
#1000375 0% 0& 0'
#1000500 1! 1(
#1001250 0)
#1001500 1" 1# 0$ 1% 1& 1'
#1001750 0+
#1002750 1+
#1003000 1)
#1003250 0! 0" 0' 0(
#1004000 0) 0-
#1004375 1'
#1004500 0*
#1005625 1*
#1006250 1!
#1006375 0*
#1007500 1*
#1008000 0!
#1008125 1"
#1008250 0*
#1009375 1*
#1010000 1!
#1010125 0*
#1011250 1*
#1012375 1) 1-
#1012625 0! 0& 1(
#1013500 0)
#1013625 0" 0(
#1013750 1$ 1&
#1014000 0*
#1015000 1*
#1015125 1)
#1015375 0$ 0% 0& 0'
#1016250 0)
#1016500 1! 1" 1$ 1% 1&
#1016750 0*
#1017750 1*
#1018000 1)
#1018250 0! 0" 0$
#1019000 0-
#1019125 0)
#1019250 0#
#1019375 1$ 1'
#1019625 0*
#1020625 1*
#1021250 1!
#1021500 0*
#1022500 1*
#1023000 0!
#1023125 1"
#1023375 0*
#1024375 1*
#1025000 1!
#1025250 0*
#1026250 1*
#1027375 1) 1-
#1027625 1(
#1027750 1#
#1028500 0)
#1029000 0+
#1030000 1+
#1030125 1)
#1030500 0" 0# 0% 0&
#1030625 0,
#1031250 0)
#1031500 1" 0$ 1&
#1031625 1# 1%
#1031750 0+
#1032750 1+
#1033000 1)
#1033250 0! 0" 0' 0(
#1033375 1,
#1034125 0) 0-
#1034375 1$ 1'
#1034625 0*
#1035625 1*
#1036250 1!
#1036500 0*
#1037500 1*
#1038000 0!
#1038125 1"
#1038375 0*
#1039375 1*
#1039625 00
#1040000 1!
#1040250 0*
#1041250 1*
#1042375 1) 1-
#1042625 0! 0$ 0& 1(
#1043500 0)
#1043625 0(
#1043750 0" 0# 0% 0'
#1044000 0*
#1045000 1*
#1045625 1!
#1045875 0*
#1046625 10
#1046875 1*
#1047375 0!
#1047500 1"
#1047750 0*
#1048500 1)
#1048750 1*
#1048875 1# 1% 1' 1(
#1049625 0)
#1049750 0" 0# 0% 0' 0(
#1050125 0*
#1051125 1*
#1051750 1!
#1052000 0*
#1053000 1*
#1053500 0!
#1053625 1"
#1053875 0*
#1054625 1)
#1054875 1! 0" 1( 1*
#1055000 1$
#1055750 0)
#1055875 0!
#1056000 1% 1& 1'
#1056250 0+
#1057250 1+
#1057375 1)
#1057625 0&
#1058500 0)
#1058750 0% 0' 0(
#1059000 0*
#1060000 1*
#1060625 1%
#1060875 0*
#1061875 1*
#1062125 1)
#1062375 0$ 1' 1(
#1062500 1#
#1063250 0)
#1063375 0# 0% 0' 0(
#1063500 1$
#1063750 0*
#1064750 1*
#1064875 1)
#1065250 1% 1' 1(
#1066000 0)
#1066250 0% 0' 0(
#1066500 0*
#1067500 1*
#1068125 1%
#1068375 0*
#1069375 1*
#1069625 1)
#1069875 0$ 1' 1(
#1070000 1#
#1070750 0)
#1070875 0# 0% 0' 0(
#1071000 1$
#1071250 0*
#1072250 1*
#1072375 1)
#1072625 0$
#1072750 1" 1# 1% 1' 1(
#1073500 0)
#1073750 0" 0# 0% 0' 0(
#1074000 0*
#1075000 1*
#1075625 1!
#1075875 0*
#1076875 1*
#1077500 0! 1"
#1077750 0*
#1078500 1)
#1078750 1*
#1078875 1# 1% 1' 1(
#1079625 0)
#1079875 0" 0# 0% 0' 0(
#1080125 0*
#1081125 1*
#1081750 1!
#1082000 0*
#1083000 1*
#1083500 0!
#1083625 1"
#1083875 0*
#1085125 1)
#1085375 1*
#1085750 0"
#1085875 1! 1$ 1' 1(
#1086000 0,
#1086625 0)
#1086875 0! 1% 1&
#1087125 0+
#1088125 1+
#1088875 1)
#1089125 0&
#1089250 1,
#1090000 0)
#1090625 0% 0' 0(
#1090875 0*
#1091875 1*
#1092500 1%
#1092750 0*
#1093750 1*
#1094000 1)
#1094250 0$
#1094375 1# 1' 1(
#1095125 0)
#1095250 0' 0(
#1095375 0# 1$ 0%
#1095625 0*
#1096625 1*
#1096875 1)
#1097125 1% 1' 1(
#1097875 0)
#1098125 0% 0' 0(
#1098375 0*
#1099375 1*
#1100000 1%
#1100250 0*
#1101250 1*
#1101500 1)
#1101750 0$
#1101875 1# 1' 1(
#1102625 0)
#1102750 0' 0(
#1102875 0# 1$ 0%
#1103125 0*
#1104125 1*
#1104375 1)
#1104625 1" 1# 0$ 1% 1' 1(
#1105375 0)
#1105625 0" 0# 0% 0' 0(
#1105875 0*
#1106875 1*
#1107500 1!
#1107750 0*
#1108750 1*
#1109375 0!
#1109500 1"
#1109625 0*
#1110375 1)
#1110625 1*
#1110750 1# 1% 1' 1(
#1111500 0)
#1111750 0" 0# 0% 0' 0(
#1112000 0*
#1113000 1*
#1113625 1!
#1113875 0*
#1114875 1*
#1115500 0! 1"
#1115750 0*
#1116500 1)
#1116750 0" 1*
#1116875 1! 1$ 1(
#1117625 0)
#1117875 1% 1& 1'
#1118125 0+
#1119125 1+
#1119375 1)
#1119625 0! 0&
#1120375 0)
#1120625 0% 0' 0(
#1120875 0*
#1121875 1*
#1122625 1%
#1122750 0*
#1123500 00
#1123750 1*
#1124000 1)
#1124250 0$
#1124375 1# 1' 1(
#1125125 0)
#1125250 0(
#1125375 0# 1$ 0% 0'
#1125625 0*
#1126625 1*
#1126875 1)
#1127125 1% 1' 1(
#1127875 0)
#1128125 0% 0' 0(
#1128375 0*
#1129375 1*
#1130125 1%
#1130250 0*
#1130375 10
#1131250 1*
#1131500 1)
#1131750 0$
#1131875 1# 1' 1(
#1132625 0)
#1132750 0' 0(
#1132875 0# 1$ 0%
#1133125 0*
#1134125 1*
#1134375 1)
#1134625 1" 1# 0$ 1% 1' 1(
#1135375 0)
#1135625 0" 0# 0% 0' 0(
#1135875 0*
#1136875 1*
#1137500 1!
#1137750 0*
#1138750 1*
#1139375 0!
#1139500 1"
#1139625 0*
#1140375 1)
#1140625 1*
#1140750 1# 1% 1' 1(
#1141500 0)
#1141750 0" 0# 0% 0' 0(
#1142000 0*
#1143000 1*
#1143625 1!
#1143875 0*
#1144875 1*
#1145500 0! 1"
#1145750 0*
#1146500 1)
#1146750 0" 1*
#1146875 1! 1$ 1' 1( 0,
#1147625 0)
#1147875 1% 1&
#1148125 0+
#1149125 1+
#1149250 1)
#1149500 0!
#1149625 0&
#1149750 1,
#1150375 0)
#1150625 0% 0' 0(
#1150875 0*
#1151875 1*
#1152500 1%
#1152750 0*
#1153750 1*
#1154000 1)
#1154250 0$
#1154375 1# 1' 1(
#1155125 0)
#1155250 0# 0' 0(
#1155375 1$ 0%
#1155625 0*
#1156625 1*
#1156750 1)
#1157125 1% 1' 1(
#1157875 0)
#1158125 0% 0' 0(
#1158375 0*
#1159375 1*
#1160000 1%
#1160250 0*
#1161250 1*
#1161500 1)
#1161750 0$
#1161875 1# 1' 1(
#1162625 0)
#1162750 0# 0' 0(
#1162875 1$ 0%
#1163125 0*
#1164125 1*
#1164250 1)
#1179625 1! 1(
#1180375 0)
#1180625 0! 1" 1% 1& 1'
#1180875 0+
#1181875 1+
#1182125 1)
#1183375 1! 1#
#1184125 0)
#1185875 1)
#1188875 0! 0&
#1189000 0$
#1189750 0)
#1190000 0" 0# 0% 0' 0(
#1190250 0*
#1191250 1*
#1191500 1)
#1191750 1! 1' 1(
#1191875 1$ 0,
#1192625 0)
#1192750 0!
#1192875 1" 1% 1&
#1193125 0+
#1194125 1+
#1194250 1)
#1194625 1! 1# 1,
#1195375 0)
#1195875 0+
#1196875 1+
#1197750 0+
#1198750 1+
#1199625 0+
#1200625 1+
#1201500 0+
#1202500 1+
#1203625 1)
#1203875 0! 0$ 0&
#1204750 0)
#1205000 0" 0% 0' 0(
#1205250 0*
#1206250 1*
#1206500 1)
#1206750 1! 1" 1$ 1% 1& 1' 1(
#1207250 00
#1207500 0)
#1209250 1)
#1209500 0! 0" 0$ 0' 0(
#1210375 0) 0-
#1210500 0% 0&
#1210625 0# 1(
#1210875 0*
#1211875 1*
#1212500 1!
#1212750 0*
#1213750 1*
#1214250 0! 10
#1214375 1"
#1214625 0*
#1215625 1*
#1216250 1!
#1216500 0*
#1217500 1*
#1218625 1) 1-
#1218875 0!
#1219000 1# 1% 1'
#1219750 0)
#1219875 0# 0% 0'
#1220000 0" 1$ 0(
#1220250 0*
#1221250 1*
#1221375 1)
#1221750 1! 1(
#1222500 0)
#1222750 1% 1& 1'
#1222875 1"
#1223000 0+
#1224000 1+
#1224250 1)
#1224500 0! 0" 0$ 0' 0(
#1224625 1#
#1225250 0-
#1225375 0)
#1225500 0% 0&
#1225625 1(
#1225875 0*
#1226875 1*
#1227500 1!
#1227750 0*
#1228750 1*
#1229250 0!
#1229375 1"
#1229625 0*
#1230625 1*
#1231250 1!
#1231500 0*
#1232500 1*
#1233625 1) 1-
#1233875 0! 1'
#1234000 1%
#1234750 0)
#1234875 0" 0% 0' 0(
#1235000 1$
#1235250 0*
#1236250 1*
#1236375 1)
#1236625 0$
#1236750 1!
#1237500 0)
#1237750 1" 1$ 1% 1&
#1238000 0+
#1239000 1+
#1239250 1)
#1239500 0! 0" 0$
#1240250 0-
#1240375 0)
#1240500 0# 0% 0&
#1240625 1$ 1(
#1240875 0*
#1241875 1*
#1242500 1!
#1242750 0*
#1243750 1*
#1244250 0!
#1244375 1"
#1244625 0*
#1245625 1*
#1246250 1!
#1246500 0*
#1247500 1*
#1248625 1) 1-
#1248875 0! 1# 0$ 1% 1'
#1249750 0)
#1249875 0" 0# 0' 0(
#1250125 0*
#1251250 1*
#1251375 1)
#1251625 0%
#1251750 1! 1$ 1' 1( 0,
#1252500 0)
#1252750 1" 1% 1&
#1253000 0+
#1254000 1+
#1254250 1)
#1254500 0! 0" 1# 0$ 0' 0(
#1254625 1,
#1255250 0) 0-
#1255500 0% 0&
#1255625 1$ 1(
#1255750 0*
#1256875 1*
#1257500 1!
#1257625 0*
#1258750 1*
#1259250 0!
#1259375 1"
#1259500 0*
#1260625 1*
#1261125 1!
#1261375 0*
#1262500 1*
#1263625 1) 1-
#1263875 0! 0$ 1% 1'
#1264625 0)
#1264875 0" 0' 0(
#1265125 0*
#1266125 1*
#1266375 1)
#1266750 1! 1" 1$ 1& 1' 1(
#1267500 0)
#1269250 1)
#1269500 0! 0" 0$ 0' 0(
#1270250 0) 0-
#1270500 0# 0& 1(
#1270750 0*
#1271750 1*
#1272375 1!
#1272625 0*
#1273625 1*
#1274250 0!
#1274375 1"
#1274500 0*
#1275500 1*
#1276125 1!
#1276375 0*
#1277375 1*
#1278625 1) 1-
#1278750 0!
#1278875 1# 1'
#1279625 0)
#1279875 0" 0# 0' 0(
#1280000 1$
#1280125 0*
#1281125 1*
#1281375 1)
#1281625 0%
#1281750 1! 1(
#1282500 0)
#1282625 0!
#1282750 1# 1% 1& 1'
#1283000 0+
#1284000 1+
#1284250 1)
#1284500 0$ 0' 0(
#1285250 0) 0-
#1285500 0& 1(
#1285750 0*
#1286750 1*
#1287375 1!
#1287625 0*
#1288625 1*
#1289250 0! 1"
#1289500 0*
#1290500 1*
#1291125 1! 00
#1291375 0*
#1292375 1*
#1293625 1) 1-
#1293750 0!
#1293875 1'
#1294625 0)
#1294875 0" 1$ 0' 0(
#1295125 0*
#1296125 1*
#1296375 1)
#1296625 0$ 0%
#1296750 1"
#1297500 0)
#1297750 1! 1$ 1% 1&
#1298000 0*
#1298125 10
#1299000 1*
#1299125 1)
#1299375 0!
#1299500 0" 0$
#1300250 0) 0-
#1300500 0# 0& 1(
#1300625 1$
#1300750 0*
#1301750 1*
#1302375 1!
#1302625 0*
#1303625 1*
#1304250 0! 1"
#1304500 0*
#1305500 1*
#1306125 1!
#1306375 0*
#1307375 1*
#1308625 1) 1-
#1308750 0!
#1308875 1# 0$ 1'
#1309625 0)
#1309875 0" 0# 0% 1& 0' 0(
#1310125 0*
#1311125 1*
#1311375 1)
#1311625 0&
#1311750 1! 1$ 1' 1( 0,
#1312500 0)
#1312625 0!
#1312750 1# 1% 1&
#1313000 0+
#1314000 1+
#1314125 1)
#1314500 0$ 0' 0(
#1314625 1,
#1315250 0) 0-
#1315500 1$ 0& 1(
#1315750 0*
#1316750 1*
#1317375 1!
#1317625 0*
#1318625 1*
#1319250 0! 1"
#1319500 0*
#1320500 1*
#1321125 1!
#1321375 0*
#1322375 1*
#1323625 1) 1-
#1323750 0!
#1323875 0$ 1'
#1324625 0)
#1324875 0" 0% 1& 0' 0(
#1325125 0*
#1326125 1*
#1326375 1)
#1326750 1! 1" 1$ 1% 1' 1(
#1327500 0)
#1329250 1)
#1329500 0! 0" 0$ 0' 0(
#1330250 0) 0-
#1330500 0# 0% 1(
#1330750 0*
#1331750 1*
#1332375 1!
#1332625 0*
#1333625 1*
#1334250 0!
#1334375 1"
#1334500 0*
#1335500 1*
#1336125 1!
#1336375 0*
#1337375 1*
#1338625 1) 1-
#1338750 0!
#1338875 1# 1% 0& 1'
#1339625 0)
#1339875 0" 0# 0% 1& 0' 0(
#1340000 1$
#1340125 0*
#1341125 1*
#1341375 1)
#1341625 0&
#1341750 1! 1(
#1342500 0)
#1342750 1# 1% 1& 1'
#1343000 0+
#1344000 1+
#1344250 1)
#1344500 0! 0$ 0' 0(
#1345250 0) 0-
#1345500 0% 1(
#1345750 0*
#1346750 1*
#1347375 1!
#1347625 0*
#1348625 1*
#1349250 0!
#1349375 1"
#1349500 0*
#1350500 1*
#1351125 1!
#1351375 0*
#1352375 1*
#1353625 1) 1-
#1353875 0! 1% 0& 1'
#1354625 0)
#1354875 0" 0% 0' 0(
#1355000 1$ 1&
#1355125 0*
#1356250 1*
#1356375 1)
#1356625 0$ 0&
#1356750 1! 1"
#1357500 0)
#1357750 1$ 1% 1&
#1358000 0+
#1359000 1+
#1359250 1)
#1359500 0! 0" 0$
#1360250 0) 0-
#1360500 0# 0%
#1360625 1$ 1(
#1360750 0*
#1361875 1*
#1362500 1!
#1362625 0*
#1363750 1*
#1364250 0!
#1364375 1"
#1364500 0*
#1365625 1*
#1366250 1!
#1366375 0*
#1367500 1*
#1368625 1) 1-
#1368875 0! 1# 0$ 1% 0& 1'
#1369750 0)
#1369875 0" 0# 0' 0(
#1370000 1&
#1370125 0*
#1371250 1*
#1371375 1)
#1371625 0% 0&
#1371750 1! 1$ 1' 1( 0,
#1372500 0)
#1372750 1# 1% 1&
#1373000 0+
#1374000 1+
#1374250 1)
#1374500 0! 0$ 0' 0(
#1374625 1,
#1375000 00
#1375250 0-
#1375375 0)
#1375500 0%
#1375625 1$ 1(
#1375875 0*
#1376875 1*
#1377500 1!
#1377750 0*
#1378750 1*
#1379250 0!
#1379375 1"
#1379625 0*
#1380625 1*
#1381250 1!
#1381500 0*
#1382000 10
#1382500 1*
#1383625 1) 1-
#1383875 0! 0$ 0& 1'
#1384000 1%
#1384750 0)
#1384875 0" 0' 0(
#1385000 1&
#1385250 0*
#1386250 1*
#1386375 1)
#1386750 1! 1" 1$ 1' 1(
#1387500 0)
#1389250 1)
#1389500 0! 0" 0$ 0' 0(
#1390250 0-
#1390375 0)
#1390500 0#
#1390625 1(
#1390875 0*
#1391875 1*
#1392500 1!
#1392750 0*
#1393750 1*
#1394250 0!
#1394375 1"
#1394625 0*
#1395625 1*
#1396250 1!
#1396500 0*
#1397500 1*
#1398625 1) 1-
#1398875 0! 0&
#1399000 1# 1'
#1399750 0)
#1399875 0# 0'
#1400000 0" 1$ 1& 0(
#1400250 0*
#1401250 1*
#1401500 1)
#1401625 0&
#1401750 1! 0% 1(
#1402500 0)
#1402750 0! 1'
#1402875 1" 1# 1% 1&
#1403125 0+
#1404125 1+
#1404250 1)
#1404500 0" 0$ 0' 0(
#1405375 0) 0-
#1405625 1(
#1405875 0*
#1406875 1*
#1407500 1!
#1407750 0*
#1408750 1*
#1409250 0!
#1409375 1"
#1409625 0*
#1410625 1*
#1411250 1!
#1411500 0*
#1412500 1*
#1413625 1)
#1413750 1-
#1413875 0! 0&
#1414000 1'
#1414750 0)
#1415000 0" 1$ 1& 0' 0(
#1415250 0*
#1416250 1*
#1416500 1)
#1416750 0# 0% 0&
#1417625 0)
#1417875 1! 1" 1# 1% 1&
#1418125 0*
#1419125 1*
#1419250 1)
#1419500 0! 0" 0$
#1420375 0) 0-
#1420625 0# 1$ 1(
#1420875 0*
#1421875 1*
#1422500 1!
#1422750 0*
#1423750 1*
#1424375 0! 1"
#1424625 0*
#1425625 1*
#1426250 1!
#1426500 0*
#1427500 1*
#1428625 1)
#1428750 1-
#1428875 0!
#1429000 1# 0$ 0& 1'
#1429750 0)
#1430000 0" 0# 0% 0(
#1430250 0*
#1431250 1*
#1431500 1)
#1431750 1(
#1431875 1! 1$ 0,
#1432625 0)
#1432750 0!
#1432875 1" 1# 1% 1&
#1433125 0+
#1434125 1+
#1434250 1)
#1434625 0" 0$ 0' 0(
#1434750 1,
#1435375 0) 0-
#1435625 1$ 1(
#1435875 0*
#1436875 1*
#1437500 1!
#1437750 0*
#1438750 1*
#1439375 0! 1"
#1439625 0*
#1440625 1*
#1441250 1!
#1441500 0*
#1442500 1*
#1443750 1) 1-
#1444000 0! 0$ 0& 1'
#1444750 0)
#1445000 0" 0% 0(
#1445250 0*
#1446250 1*
#1446500 1)
#1446875 1! 1" 1$ 1% 1& 1(
#1447625 0)
#1449375 1)
#1449625 0! 0" 0$ 0' 0(
#1450375 0) 0-
#1450625 0# 0% 0& 1(
#1450750 1'
#1450875 0*
#1452000 1*
#1452625 1!
#1452750 0*
#1453875 1*
#1454375 0!
#1454500 1"
#1454625 0*
#1455750 1*
#1456375 1!
#1456500 0*
#1457625 1*
#1458750 1) 1-
#1458875 00
#1459000 0! 1# 1%
#1459875 0)
#1460000 0" 0# 0% 0(
#1460125 1$
#1460250 0*
#1461375 1*
#1461500 1)
#1461750 0'
#1461875 1! 1(
#1462625 0)
#1462875 1" 1# 1% 1& 1'
#1463125 0+
#1464125 1+
#1464375 1)
#1464625 0! 0" 0$ 0' 0(
#1465375 0-
#1465500 0)
#1465625 0% 0&
#1465750 1' 1(
#1465875 10
#1466000 0*
#1467000 1*
#1467625 1!
#1467875 0*
#1468875 1*
#1469375 0!
#1469500 1"
#1469750 0*
#1470750 1*
#1471375 1!
#1471625 0*
#1472625 1*
#1473750 1) 1-
#1474000 0!
#1474125 1%
#1474875 0)
#1475000 0" 0% 0(
#1475125 1$
#1475375 0*
#1476375 1*
#1476500 1)
#1476750 0# 0'
#1476875 1!
#1477625 0)
#1477875 1# 1% 1&
#1478000 1"
#1478125 0+
#1479125 1+
#1479375 1)
#1479625 0! 0" 0$
#1480375 0-
#1480500 0)
#1480625 0# 0% 0&
#1480750 1$ 1' 1(
#1481000 0*
#1482000 1*
#1482625 1!
#1482875 0*
#1483875 1*
#1484375 0!
#1484500 1"
#1484750 0*
#1485750 1*
#1486375 1!
#1486625 0*
#1487625 1*
#1488750 1) 1-
#1489000 0! 0$
#1489125 1# 1%
#1489875 0)
#1490000 0#
#1490125 0" 0(
#1490375 0*
#1491375 1*
#1491625 1)
#1491875 1! 1$ 0% 1(
#1492000 0,
#1492625 0)
#1493000 1" 1# 1% 1&
#1493250 0+
#1494250 1+
#1494375 1)
#1494625 0! 0" 0$ 0' 0(
#1494750 1,
#1495500 0) 0-
#1495625 0% 0&
#1495750 1$ 1' 1(
#1496000 0*
#1497000 1*
#1497625 1!
#1497875 0*
#1498875 1*
#1499375 0!
#1499500 1"
#1499750 0*
#1500750 1*
#1501375 1!
#1501625 0*
#1502625 1*
#1503750 1)
#1503875 1-
#1504000 0! 0$
#1504125 1%
#1504875 0)
#1505125 0" 0(
#1505375 0*
#1506375 1*
#1506625 1)
#1506875 1! 1" 1& 1(
#1507000 1$
#1507750 0)
#1509375 1)
#1509625 0! 0" 0$ 0' 0(
#1510500 0) 0-
#1510750 0# 0& 1' 1(
#1511000 0*
#1512000 1*
#1512625 1!
#1512875 0*
#1513875 1*
#1514500 0! 1"
#1514750 0*
#1515750 1*
#1516375 1!
#1516625 0*
#1517625 1*
#1518750 1)
#1518875 1-
#1519000 0!
#1519125 1#
#1519875 0)
#1520125 0" 0# 1$ 0(
#1520375 0*
#1521375 1*
#1521625 1)
#1521875 1(
#1522000 1! 1" 1# 1&
#1522750 0)
#1524375 1)
#1524750 0! 0" 0$ 0' 0(
#1525500 0) 0-
#1525750 0& 1' 1(
#1526000 0*
#1527000 1*
#1527625 1!
#1527875 0*
#1528875 1*
#1529500 0! 1"
#1529750 0*
#1530750 1*
#1531375 1!
#1531625 0*
#1532625 1*
#1533750 1)
#1533875 1-
#1534000 0!
#1534875 0)
#1535125 0" 1$ 0(
#1535375 0*
#1536375 1*
#1536625 1)
#1536875 0# 0% 0'
#1537000 1"
#1537750 0)
#1538000 1! 1# 1% 1&
#1538250 0*
#1539250 1*
#1539375 1)
#1539625 0! 0"
#1539750 0$
#1540500 0) 0-
#1540750 0# 1$ 0& 1' 1(
#1541000 0*
#1542000 1*
#1542625 1!
#1542750 00
#1542875 0*
#1543875 1*
#1544500 0! 1"
#1544750 0*
#1545750 1*
#1546375 1!
#1546625 0*
#1547625 1*
#1548750 1)
#1548875 1-
#1549000 0!
#1549125 1# 0$
#1549625 10
#1549875 0)
#1550125 0" 0# 0% 1& 0(
#1550375 0*
#1551375 1*
#1551625 1)
#1551875 0& 0' 1(
#1552000 1" 1$
#1552750 0)
#1552875 0" 0$ 0(
#1553250 0+
#1554250 1+
#1554375 1)
#1554750 1# 1% 1&
#1555500 0) 0-
#1555750 1$ 0& 1' 1(
#1556000 0*
#1557000 1*
#1557625 1!
#1557875 0*
#1558875 1*
#1559500 0! 1"
#1559750 0*
#1560750 1*
#1561375 1!
#1561625 0*
#1562625 1*
#1563750 1)
#1563875 1-
#1564000 0!
#1564125 0$
#1564875 0)
#1565125 0" 0% 1& 0(
#1565375 0*
#1566375 1*
#1566625 1)
#1566875 0# 0& 1(
#1567000 1" 1$ 0,
#1567750 0)
#1567875 0" 0$ 0' 0(
#1568250 0+
#1569250 1+
#1569375 1)
#1569750 1# 1% 1&
#1569875 1,
#1570500 0) 0-
#1570750 0# 0% 1' 1(
#1571000 0*
#1572000 1*
#1572625 1!
#1572875 0*
#1573875 1*
#1574500 0! 1"
#1574750 0*
#1575750 1*
#1576375 1!
#1576625 0*
#1577625 1*
#1578750 1)
#1578875 1-
#1579000 0! 0&
#1579125 1# 1%
#1579875 0)
#1580125 0" 0# 1$ 0% 1& 0(
#1580375 0*
#1581375 1*
#1581625 1)
#1581875 1! 1(
#1582000 1" 1# 1%
#1582750 0)
#1584375 1)
#1584625 0! 0" 0' 0(
#1584750 0$
#1585500 0) 0-
#1585750 0% 1' 1(
#1586000 0*
#1587000 1*
#1587625 1!
#1587875 0*
#1588875 1*
#1589375 0!
#1589500 1"
#1589750 0*
#1590750 1*
#1591375 1!
#1591625 0*
#1592625 1*
#1593750 1)
#1593875 1-
#1594000 0! 0&
#1594125 1%
#1594875 0)
#1595125 0" 1$ 0% 1& 0(
#1595375 0*
#1596375 1*
#1596625 1)
#1596875 1! 1" 0# 0& 0'
#1597625 0)
#1598000 1# 1% 1&
#1598250 0+
#1599250 1+
#1599375 1)
#1599625 0! 0" 0$
#1600500 0) 0-
#1600750 0# 1$ 0% 1' 1(
#1601000 0*
#1602000 1*
#1602625 1!
#1602875 0*
#1603875 1*
#1604375 0!
#1604500 1"
#1604750 0*
#1605750 1*
#1606375 1!
#1606625 0*
#1607625 1*
#1608750 1)
#1608875 1-
#1609000 0! 0$ 0&
#1609125 1# 1%
#1609875 0)
#1610000 0#
#1610125 0" 1& 0(
#1610375 0*
#1611375 1*
#1611625 1)
#1611750 0& 0'
#1611875 1" 1$ 0% 1(
#1612625 0)
#1612875 1! 0" 0$ 0(
#1613125 0+
#1614250 1+
#1614375 1)
#1614625 0!
#1614750 1# 1% 1&
#1615500 0) 0-
#1615625 0%
#1615750 1$ 1' 1(
#1616000 0*
#1617000 1*
#1617625 1!
#1617875 0*
#1618875 1*
#1619375 0!
#1619500 1"
#1619750 0*
#1620750 1*
#1621375 1!
#1621625 0*
#1622625 1*
#1623750 1) 1-
#1624000 0! 0$ 0&
#1624125 1%
#1624875 0)
#1625000 0" 0(
#1625125 1&
#1625375 0*
#1626375 1*
#1626500 1) 00
#1626750 0# 0% 0&
#1626875 1" 1$ 1(
#1627000 0,
#1627625 0)
#1627875 1! 0" 0$ 0' 0(
#1628125 0+
#1629125 1+
#1629375 1)
#1629625 0!
#1629750 1# 1% 1& 1,
#1630375 0-
#1630500 0)
#1630625 0#
#1630750 1' 1(
#1631000 0*
#1632000 1*
#1632625 1!
#1632875 0*
#1633500 10
#1633875 1*
#1634375 0!
#1634500 1"
#1634750 0*
#1635750 1*
#1636375 1!
#1636625 0*
#1637625 1*
#1638750 1) 1-
#1639000 0! 1# 0&
#1639875 0)
#1640000 0" 0# 0(
#1640125 1$ 1&
#1640375 0*
#1641375 1*
#1641500 1)
#1641875 1! 1" 1# 1(
#1642625 0)
#1644375 1)
#1644625 0! 0" 0$ 0' 0(
#1645375 0-
#1645500 0)
#1645750 1' 1(
#1646000 0*
#1647000 1*
#1647625 1!
#1647875 0*
#1648875 1*
#1649375 0!
#1649500 1"
#1649625 0*
#1650750 1*
#1651375 1!
#1651500 0*
#1652625 1*
#1653750 1) 1-
#1654000 0! 0&
#1654750 0)
#1655000 0" 0(
#1655125 1$ 1&
#1655250 0*
#1656375 1*
#1656500 1)
#1656750 0% 0& 0'
#1657625 0)
#1657875 1! 1" 1% 1&
#1658125 0*
#1659125 1*
#1659375 1)
#1659625 0! 0" 0$
#1660375 0) 0-
#1660625 0#
#1660750 1$ 1' 1(
#1660875 0*
#1662000 1*
#1662625 1!
#1662750 0*
#1663750 1*
#1664375 0!
#1664500 1"
#1664625 0*
#1665625 1*
#1666250 1!
#1666500 0*
#1667500 1*
#1668750 1) 1-
#1669000 1#
#1669750 0)
#1670375 0+
#1671375 1+
#1671500 1)
#1671750 0! 0# 0% 0& 0'
#1672625 0)
#1672750 0(
#1672875 0$
#1673125 0+
#1674125 1+
#1674375 1)
#1674625 0" 1# 1% 1&
#1675375 0) 0-
#1675625 1(
#1675750 1$ 1'
#1675875 0*
#1676875 1*
#1677500 1!
#1677750 0*
#1678750 1*
#1679375 0! 1"
#1679625 0*
#1680625 1*
#1681250 1!
#1681500 0*
#1682500 1*
#1683750 1) 1-
#1684000 0! 0$ 0&
#1684750 0)
#1685000 0" 0# 0% 0' 0(
#1685250 0*
#1686250 1*
#1686875 1!
#1687125 0*
#1688125 1*
#1688750 0! 1"
#1689000 0*
#1689750 1)
#1690000 1*
#1690125 1# 1% 1' 1(
#1690875 0)
#1691125 0" 0# 0% 0' 0(
#1691375 0*
#1692375 1*
#1693000 1!
#1693250 0*
#1694250 1*
#1694750 0!
#1694875 1"
#1695125 0*
#1695875 1)
#1696125 1*
#1696250 1$ 1' 1( 0,
#1697000 0)
#1697125 0$ 0' 0(
#1697500 0+
#1698500 1+
#1698625 1)
#1698875 0"
#1699000 1$ 1% 1' 1(
#1699125 1,
#1699750 0)
#1700000 1! 0% 0' 0(
#1700250 0*
#1701250 1*
#1701875 1%
#1702125 0*
#1703125 1*
#1703375 1)
#1703625 0! 0$ 1' 1(
#1703750 1#
#1704500 0)
#1704625 0# 0% 0' 0(
#1704750 1! 1$
#1705000 0*
#1706000 1*
#1706125 1)
#1706375 0!
#1706500 1% 1' 1(
#1707250 0)
#1707500 1! 0% 0' 0(
#1707750 0*
#1708750 1*
#1709375 1%
#1709625 0*
#1710375 00
#1710625 1*
#1710875 1)
#1711125 0! 0$ 1' 1(
#1711250 1#
#1712000 0)
#1712125 0# 0% 0' 0(
#1712250 1! 1$
#1712500 0*
#1713500 1*
#1713625 1)
#1713875 0! 0$
#1714000 1" 1# 1% 1' 1(
#1714750 0)
#1715000 0" 0# 0% 0' 0(
#1715250 0*
#1716250 1*
#1716875 1!
#1717125 0*
#1717375 10
#1718125 1*
#1718750 0! 1"
#1719000 0*
#1719750 1)
#1720000 1*
#1720125 1# 1% 1' 1(
#1720875 0)
#1721000 0# 0' 0(
#1721125 0" 0%
#1721375 0*
#1722375 1*
#1723000 1!
#1723250 0*
#1724250 1*
#1724750 0!
#1724875 1"
#1725125 0*
#1726375 1)
#1726625 1*
#1727125 1$ 1(
#1727875 0)
#1728125 1! 0$ 0(
#1728375 0+
#1729375 1+
#1730125 1)
#1730250 0!
#1730375 0" 1$ 1% 1' 1(
#1731125 0)
#1731875 1! 0% 0' 0(
#1732125 0*
#1733125 1*
#1733750 1%
#1734000 0*
#1735000 1*
#1735250 1)
#1735500 0! 0$ 1' 1(
#1735625 1#
#1736375 0)
#1736500 0# 0% 0' 0(
#1736625 1! 1$
#1736750 0*
#1737875 1*
#1738000 1)
#1738250 0!
#1738375 1% 1' 1(
#1739125 0)
#1739375 1! 0% 0' 0(
#1739625 0*
#1740625 1*
#1741250 1%
#1741500 0*
#1742500 1*
#1742750 1)
#1743000 0! 0$ 1' 1(
#1743125 1#
#1743875 0)
#1744000 0# 0% 0' 0(
#1744125 1! 1$
#1744250 0*
#1745375 1*
#1745500 1)
#1745750 0! 0$
#1745875 1" 1# 1% 1' 1(
#1746625 0)
#1746875 0" 0# 0% 0' 0(
#1747125 0*
#1748125 1*
#1748750 1!
#1749000 0*
#1750000 1*
#1750500 0!
#1750625 1"
#1750875 0*
#1751625 1)
#1751875 1*
#1752000 1# 1% 1' 1(
#1752750 0)
#1752875 0# 0% 0' 0(
#1753000 0"
#1753250 0*
#1754250 1*
#1754875 1!
#1755125 0*
#1756125 1*
#1756625 0!
#1756750 1"
#1757000 0*
#1757750 1)
#1758000 1' 1( 1*
#1758125 1$ 0,
#1758875 0)
#1759000 0$ 0' 0(
#1759125 1!
#1759375 0+
#1760375 1+
#1760500 1)
#1760750 0! 0"
#1760875 1$ 1% 1' 1(
#1761000 1,
#1761625 0)
#1761875 1! 0% 0' 0(
#1762125 0*
#1763125 1*
#1763750 1%
#1764000 0*
#1765000 1*
#1765250 1)
#1765500 0! 0$ 1' 1(
#1765625 1#
#1766375 0)
#1766500 0# 0% 0' 0(
#1766625 1! 1$
#1766875 0*
#1767875 1*
#1768000 1)
#1768250 0!
#1768375 1% 1' 1(
#1769125 0)
#1769375 1! 0% 0' 0(
#1769625 0*
#1770625 1*
#1771250 1%
#1771500 0*
#1772500 1*
#1772750 1)
#1773000 0! 0$ 1' 1(
#1773125 1#
#1773875 0)
#1774000 0# 0% 0' 0(
#1774125 1! 1$
#1774375 0*
#1775375 1*
#1775500 1)
#1775750 0! 0$
#1775875 1" 1# 1% 1' 1(
#1776625 0)
#1776875 0" 0# 0% 0' 0(
#1777125 0*
#1778125 1*
#1778750 1!
#1779000 0*
#1780000 1*
#1780625 0! 1"
#1780875 0*
#1781625 1)
#1781875 1*
#1782000 1# 1% 1' 1(
#1782750 0)
#1783000 0" 0# 0% 0' 0(
#1783250 0*
#1784250 1*
#1784875 1!
#1785125 0*
#1786125 1*
#1786625 0!
#1786750 1"
#1787000 0*
#1787750 1)
#1788000 1*
#1788125 1$ 1(
#1788875 0)
#1789000 0$ 0(
#1789125 0" 1#
#1789375 0+
#1790375 1+
#1790500 1)
#1790750 0#
#1790875 1$ 1% 1' 1(
#1791625 0)
#1791875 1! 0% 0' 0(
#1792125 0*
#1793125 1*
#1793750 1%
#1794000 0*
#1794250 00
#1795000 1*
#1795250 1)
#1795500 0! 0$
#1795625 1# 1' 1(
#1796375 0)
#1796500 0' 0(
#1796625 1! 0# 1$ 0%
#1796875 0*
#1797875 1*
#1798125 1)
#1798250 0!
#1798375 1% 1' 1(
#1799125 0)
#1799375 1! 0% 0' 0(
#1799625 0*
#1800625 1*
#1801250 10
#1801375 1%
#1801500 0*
#1802500 1*
#1802750 1)
#1803000 0! 0$
#1803125 1# 1' 1(
#1803875 0)
#1804000 0' 0(
#1804125 1! 0# 1$ 0%
#1804375 0*
#1805375 1*
#1805625 1)
#1820875 0! 1' 1(
#1821000 1" 0,
#1821750 0)
#1821875 0" 0$ 0' 0(
#1822000 1#
#1822250 0+
#1823250 1+
#1823375 1)
#1824625 1' 1(
#1824750 1! 1" 1$ 1% 1& 1,
#1825500 0)
#1827125 1)
#1830250 0! 0$ 0&
#1831125 0)
#1831250 0" 0# 0% 0' 0(
#1831625 0*
#1832625 1*
#1832750 1)
#1833125 1! 1" 1# 1$ 1% 1& 1' 1(
#1833875 0)
#1835625 1)
#1836750 0)
#1837250 0+
#1838250 1+
#1839125 0+
#1840125 1+
#1841000 0+
#1842000 1+
#1842875 0+
#1843875 1+
#1845000 1)
#1845250 0! 0$ 0&
#1846125 0)
#1846250 0' 0(
#1846375 0" 0%
#1846625 0*
#1847625 1*
#1847875 1)
#1848125 1" 0# 1$ 1(
#1848875 0)
#1849125 0" 0$ 0(
#1849250 1! 1#
#1849375 0+
#1850500 1+
#1850625 1)
#1851000 1% 1&
#1851750 0) 0-
#1851875 0! 0% 0&
#1852000 0#
#1852250 0*
#1853250 1*
#1853875 1!
#1854125 0*
#1855125 1*
#1855625 0!
#1855750 1"
#1856000 0*
#1857000 1*
#1857625 1!
#1857875 0*
#1858875 1*
#1860000 1)
#1860125 1-
#1860250 0!
#1860375 1# 1% 1' 1(
#1861125 0)
#1861375 0" 0# 1$ 0% 0' 0(
#1861625 0*
#1862625 1*
#1862875 1)
#1863125 1" 1' 1(
#1863250 0,
#1864000 0)
#1864125 0" 0$ 0' 0(
#1864250 1! 1#
#1864500 0+
#1865500 1+
#1865625 1)
#1866000 1% 1& 1,
#1866750 0) 0-
#1867000 0! 0% 0&
#1867250 0*
#1868250 1*
#1868875 1!
#1869125 0*
#1870125 1*
#1870750 0! 1"
#1871000 0*
#1872000 1*
#1872625 1!
#1872875 0*
#1873875 1*
#1875000 1)
#1875125 1-
#1875250 0!
#1875375 1% 1' 1(
#1876125 0)
#1876375 0" 1$ 0% 0' 0(
#1876625 0*
#1877625 1*
#1877875 1)
#1878125 00
#1878250 1!
#1879000 0)
#1879250 1" 1% 1&
#1879500 0+
#1880500 1+
#1880625 1)
#1880875 0"
#1881000 0$
#1881750 0) 0-
#1882000 0! 0# 1$ 0% 0&
#1882250 0*
#1883250 1*
#1883875 1!
#1884125 0*
#1885000 10
#1885125 1*
#1885750 0!
#1885875 1"
#1886000 0*
#1887000 1*
#1887625 1!
#1887875 0*
#1888875 1*
#1890125 1) 1-
#1890250 0!
#1890375 1# 0$ 1% 1' 1(
#1891125 0)
#1891375 0" 0# 0' 0(
#1891625 0*
#1892625 1*
#1892875 1)
#1893125 0%
#1893250 1" 1$ 1(
#1894000 0)
#1894125 0(
#1894250 1# 0$
#1894500 0+
#1895500 1+
#1895750 1)
#1896000 1! 0" 1% 1&
#1896750 0) 0-
#1897000 0! 0% 0&
#1897125 1$
#1897250 0*
#1898250 1*
#1898875 1!
#1899125 0*
#1900250 1*
#1900750 0!
#1900875 1"
#1901000 0*
#1902125 1*
#1902625 1!
#1902875 0*
#1904000 1*
#1905125 1) 1-
#1905375 0! 0$ 1% 1' 1(
#1906250 0)
#1906375 0" 0' 0(
#1906625 0*
#1907750 1*
#1907875 1)
#1908125 0# 0%
#1908250 1" 1$ 1' 1( 0,
#1909000 0)
#1909250 1# 0$ 0' 0(
#1909500 0+
#1910500 1+
#1910750 1)
#1911000 1! 0" 1% 1&
#1911125 1,
#1911750 0-
#1911875 0)
#1912000 0! 0# 0&
#1912375 0*
#1913375 1*
#1914000 1!
#1914250 0*
#1915250 1*
#1915750 0!
#1915875 1"
#1916125 0*
#1917125 1*
#1917750 1!
#1918000 0*
#1919000 1*
#1920125 1) 1-
#1920375 0! 1' 1(
#1920500 1#
#1921250 0)
#1921375 0" 0# 0' 0(
#1921500 1$
#1921750 0*
#1922750 1*
#1922875 1)
#1923250 1! 1" 1# 1& 1' 1(
#1924000 0)
#1925750 1)
#1926000 0" 0$ 0' 0(
#1926750 0-
#1926875 0)
#1927000 0! 0&
#1927375 0*
#1928375 1*
#1929000 1!
#1929250 0*
#1930250 1*
#1930750 0!
#1930875 1"
#1931125 0*
#1932125 1*
#1932750 1!
#1933000 0*
#1934000 1*
#1935125 1) 1-
#1935375 0! 1(
#1935500 1'
#1936250 0)
#1936375 0" 0' 0(
#1936500 1$
#1936750 0*
#1937750 1*
#1937875 1)
#1938125 0%
#1938250 1"
#1939000 0)
#1939250 1! 1% 1&
#1939500 0*
#1940500 1*
#1940750 1)
#1941000 0" 0$
#1941875 0) 0-
#1942000 0! 0# 0&
#1942125 1$
#1942375 0*
#1943375 1*
#1944000 1!
#1944250 0*
#1945250 1*
#1945750 0!
#1945875 1"
#1946125 0*
#1947125 1*
#1947750 1!
#1948000 0*
#1949000 1*
#1950125 1) 1-
#1950375 0! 0$
#1950500 1# 1' 1(
#1951250 0)
#1951375 0# 0' 0(
#1951500 0" 0% 1&
#1951750 0*
#1952750 1*
#1953000 1)
#1953125 0&
#1953250 1" 1$ 1(
#1954000 0)
#1954250 1! 0$ 0(
#1954375 1#
#1954625 0+
#1955625 1+
#1955750 1)
#1956000 0"
#1956125 1% 1&
#1956875 0) 0-
#1957000 0! 0&
#1957125 1$
#1957375 0*
#1958375 1*
#1959000 1!
#1959250 0*
#1960250 1*
#1960750 0!
#1960875 1"
#1961125 0*
#1962000 00
#1962125 1*
#1962750 1!
#1963000 0*
#1964000 1*
#1965125 1) 1-
#1965375 0! 0$
#1965500 1' 1(
#1966250 0)
#1966375 0' 0(
#1966500 0" 0% 1&
#1966750 0*
#1967750 1*
#1968000 1)
#1968250 1" 0# 1$ 0& 1' 1(
#1968375 0,
#1968875 10
#1969000 0)
#1969250 1! 0$ 0' 0(
#1969375 1#
#1969625 0+
#1970625 1+
#1970750 1)
#1971000 0"
#1971125 1% 1& 1,
#1971875 0) 0-
#1972000 0!
#1972125 0# 0%
#1972375 0*
#1973375 1*
#1974000 1!
#1974250 0*
#1975250 1*
#1975750 0!
#1975875 1"
#1976125 0*
#1977125 1*
#1977750 1!
#1978000 0*
#1979000 1*
#1980125 1)
#1980250 1-
#1980375 0! 0&
#1980500 1# 1% 1' 1(
#1981250 0)
#1981375 0(
#1981500 0" 0# 1$ 0% 1& 0'
#1981750 0*
#1982750 1*
#1983000 1)
#1983250 1! 1" 1# 1% 1' 1(
#1984000 0)
#1985750 1)
#1986000 0" 0$ 0' 0(
#1986875 0) 0-
#1987000 0!
#1987125 0%
#1987375 0*
#1988375 1*
#1989000 1!
#1989250 0*
#1990250 1*
#1990750 0!
#1990875 1"
#1991125 0*
#1992125 1*
#1992750 1!
#1993000 0*
#1994000 1*
#1995125 1)
#1995250 1-
#1995375 0! 0&
#1995500 1% 1' 1(
#1996250 0)
#1996375 0' 0(
#1996500 0" 1$ 0% 1&
#1996750 0*
#1997750 1*
#1998000 1)
#1998125 0&
#1998250 1! 1"
#1999000 0)
#1999375 1% 1&
#1999625 0+
#2000625 1+
#2000750 1)
#2001000 0" 0$
#2001875 0) 0-
#2002000 0!
#2002125 0# 1$ 0%
#2002375 0*
#2003375 1*
#2004000 1!
#2004250 0*
#2005250 1*
#2005750 0!
#2005875 1"
#2006125 0*
#2007125 1*
#2007750 1!
#2008000 0*
#2009000 1*
#2010125 1) 1-
#2010375 0! 0$ 0&
#2010500 1# 1% 1' 1(
#2011250 0)
#2011375 0# 0' 0(
#2011500 0" 1&
#2011750 0*
#2012750 1*
#2013000 1)
#2013125 0% 0&
#2013250 1" 1$ 1(
#2014000 0)
#2014250 0" 0(
#2014500 0+
#2015625 1+
#2015750 1)
#2016000 0$
#2016125 1! 1# 1% 1&
#2016875 0) 0-
#2017000 0! 0%
#2017125 1$
#2017375 0*
#2018375 1*
#2019000 1!
#2019250 0*
#2020250 1*
#2020750 0!
#2020875 1"
#2021125 0*
#2022125 1*
#2022750 1!
#2023000 0*
#2024000 1*
#2025125 1) 1-
#2025375 0! 0$ 0& 1(
#2025500 1% 1'
#2026250 0)
#2026375 0" 0' 0(
#2026500 1&
#2026750 0*
#2027750 1*
#2027875 1)
#2028125 0# 0% 0&
#2028250 1" 1$ 1' 1(
#2028375 0,
#2029000 0)
#2029250 0" 0' 0(
#2029500 0+
#2030500 1+
#2030750 1)
#2031000 0$
#2031125 1! 1# 1% 1& 1,
#2031875 0) 0-
#2032000 0! 0#
#2032375 0*
#2033375 1*
#2034000 1!
#2034250 0*
#2035250 1*
#2035750 0!
#2035875 1"
#2036125 0*
#2037125 1*
#2037750 1!
#2038000 0*
#2039000 1*
#2040125 1) 1-
#2040375 0! 0& 1' 1(
#2040500 1#
#2041250 0)
#2041375 0" 0# 0' 0(
#2041500 1$ 1&
#2041750 0*
#2042750 1*
#2042875 1)
#2043250 1! 1" 1# 1' 1(
#2044000 0)
#2045750 1) 00
#2046000 0" 0$ 0' 0(
#2046750 0-
#2046875 0)
#2047000 0!
#2047375 0*
#2048375 1*
#2049000 1!
#2049250 0*
#2050250 1*
#2050750 0!
#2050875 1"
#2051125 0*
#2052125 1*
#2052750 1! 10
#2053000 0*
#2054000 1*
#2055125 1) 1-
#2055375 0! 0& 1' 1(
#2056250 0)
#2056375 0" 0' 0(
#2056500 1$ 1&
#2056750 0*
#2057750 1*
#2057875 1)
#2058125 0# 0$ 0&
#2059000 0)
#2059250 1! 1" 1# 1$ 1&
#2059500 0*
#2060500 1*
#2060750 1)
#2061000 0" 0$
#2061750 0-
#2061875 0)
#2062000 0! 0#
#2062125 1$
#2062250 0*
#2063375 1*
#2064000 1!
#2064125 0*
#2065250 1*
#2065750 0!
#2065875 1"
#2066000 0*
#2067125 1*
#2067750 1!
#2067875 0*
#2069000 1*
#2070125 1) 1-
#2070375 0! 1# 0$ 0& 1' 1(
#2071125 0)
#2071375 0" 0# 0% 0(
#2071625 0*
#2072750 1*
#2072875 1)
#2073125 0'
#2073250 1" 1$ 1(
#2074000 0)
#2074125 0(
#2074250 1! 0"
#2074500 0+
#2075500 1+
#2075750 1)
#2076000 1# 0$ 1% 1&
#2076750 0) 0-
#2077000 0!
#2077125 1$
#2077250 0*
#2078250 1*
#2078875 1!
#2079125 0*
#2080125 1*
#2080750 0!
#2080875 1"
#2081000 0*
#2082000 1*
#2082625 1!
#2082875 0*
#2083875 1*
#2085125 1) 1-
#2085375 0! 0$ 0& 1' 1(
#2086125 0)
#2086375 0" 0% 0(
#2086625 0*
#2087625 1*
#2087875 1)
#2088125 0#
#2088250 1" 1$ 1( 0,
#2089000 0)
#2089125 0(
#2089250 1! 0" 0'
#2089500 0+
#2090500 1+
#2090750 1)
#2091000 1# 0$ 1% 1&
#2091125 1,
#2091750 0) 0-
#2092000 0! 0# 0% 0& 1'
#2092250 0*
#2093250 1*
#2093875 1!
#2094125 0*
#2095125 1*
#2095750 0!
#2095875 1"
#2096000 0*
#2097000 1*
#2097625 1!
#2097875 0*
#2098875 1*
#2100125 1) 1-
#2100250 0!
#2100375 1# 1% 1(
#2101125 0)
#2101375 0" 0# 1$ 0% 0(
#2101625 0*
#2102625 1*
#2102875 1)
#2103250 1! 1" 1# 1% 1& 1(
#2104000 0)
#2105625 1)
#2106000 0" 0$ 0' 0(
#2106750 0) 0-
#2107000 0! 0% 0& 1'
#2107250 0*
#2108250 1*
#2108875 1!
#2109125 0*
#2110125 1*
#2110750 0! 1"
#2111000 0*
#2112000 1*
#2112625 1!
#2112875 0*
#2113875 1*
#2115000 1)
#2115125 1-
#2115250 0!
#2115375 1% 1(
#2116125 0)
#2116375 0" 1$ 0% 0(
#2116625 0*
#2117625 1*
#2117875 1)
#2118125 1! 0# 0$ 0'
#2118250 1%
#2119000 0)
#2119250 1" 1# 1$ 1&
#2119500 0+
#2120500 1+
#2120625 1)
#2120875 0" 0$
#2121750 0) 0-
#2122000 0! 0# 1$ 0% 0& 1'
#2122250 0*
#2123250 1*
#2123875 1!
#2124125 0*
#2125125 1*
#2125750 0! 1"
#2126000 0*
#2127000 1*
#2127625 1!
#2127875 0*
#2128875 1*
#2129625 00
#2130000 1)
#2130125 1-
#2130250 0! 0$
#2130375 1# 1% 1(
#2131125 0)
#2131375 0" 0# 0(
#2131625 0*
#2132625 1*
#2132875 1)
#2133125 1" 0% 0' 1(
#2133250 1$
#2134000 0)
#2134125 0(
#2134500 0+
#2135500 1+
#2135625 1)
#2135875 0" 0$
#2136000 1! 1# 1% 1&
#2136625 10
#2136750 0) 0-
#2136875 0!
#2137000 1$ 0% 0& 1'
#2137250 0*
#2138250 1*
#2138875 1!
#2139125 0*
#2140125 1*
#2140625 0!
#2140750 1"
#2141000 0*
#2142000 1*
#2142625 1!
#2142875 0*
#2143875 1*
#2145000 1)
#2145125 1-
#2145250 0! 0$
#2145375 1% 1(
#2146125 0)
#2146250 0(
#2146375 0"
#2146625 0*
#2147625 1*
#2147875 1)
#2148125 1" 0# 1$ 0% 1(
#2148250 0,
#2148875 0)
#2149125 0' 0(
#2149500 0+
#2150500 1+
#2150625 1)
#2150875 0" 0$
#2151000 1! 1# 1% 1& 1,
#2151750 0) 0-
#2151875 0!
#2152000 0# 0& 1'
#2152250 0*
#2153250 1*
#2153875 1!
#2154125 0*
#2155125 1*
#2155625 0!
#2155750 1"
#2156000 0*
#2157000 1*
#2157625 1!
#2157875 0*
#2158875 1*
#2160000 1)
#2160125 1-
#2160250 0!
#2160375 1# 1(
#2161125 0)
#2161250 0(
#2161375 0" 0# 1$
#2161625 0*
#2162625 1*
#2162875 1)
#2163125 1! 1" 1# 1& 1(
#2163875 0)
#2165625 1)
#2165875 0" 0$ 0' 0(
#2166750 0) 0-
#2166875 0!
#2167000 0& 1'
#2167250 0*
#2168250 1*
#2168875 1!
#2169125 0*
#2170125 1*
#2170625 0!
#2170750 1"
#2171000 0*
#2172000 1*
#2172625 1!
#2172875 0*
#2173875 1*
#2175000 1)
#2175125 1-
#2175250 0!
#2175375 1(
#2176125 0)
#2176250 0(
#2176375 0" 1$
#2176625 0*
#2177625 1*
#2177875 1)
#2178125 1" 0# 0$ 0'
#2178875 0)
#2179250 1! 1# 1$ 1&
#2179375 0*
#2180500 1*
#2180625 1)
#2180875 0" 0$
#2181750 0) 0-
#2181875 0!
#2182000 0# 1$ 0& 1'
#2182250 0*
#2183250 1*
#2183875 1!
#2184125 0*
#2185125 1*
#2185625 0!
#2185750 1"
#2186000 0*
#2187000 1*
#2187625 1!
#2187875 0*
#2188875 1*
#2190000 1)
#2190125 1-
#2190250 0! 0$
#2190375 1# 1(
#2191125 0)
#2191250 0(
#2191375 0" 0# 0% 1&
#2191625 0*
#2192625 1*
#2192875 1)
#2193125 1" 1$ 0& 0' 1(
#2193875 0)
#2194125 0(
#2194250 1!
#2194500 0+
#2195500 1+
#2195625 1)
#2195875 0" 0$
#2196000 1# 1% 1&
#2196750 0) 0-
#2196875 0!
#2197000 1$ 0& 1'
#2197250 0*
#2198250 1*
#2198875 1!
#2199125 0*
#2200125 1*
#2200625 0!
#2200750 1"
#2201000 0*
#2202000 1*
#2202625 1!
#2202875 0*
#2203875 1*
#2205000 1)
#2205125 1-
#2205250 0! 0$
#2205375 1(
#2206125 0)
#2206250 0(
#2206375 0" 0% 1&
#2206625 0*
#2207625 1*
#2207875 1)
#2208125 1" 0# 0& 1(
#2208250 1$ 0,
#2209000 0)
#2209125 0' 0(
#2209250 1!
#2209500 0+
#2210500 1+
#2210625 1)
#2210875 0" 0$
#2211000 1# 1% 1& 1,
#2211750 0) 0-
#2211875 0!
#2212000 0# 0% 1'
#2212250 0*
#2213250 1*
#2213500 00
#2213875 1!
#2214125 0*
#2215125 1*
#2215625 0!
#2215750 1"
#2216000 0*
#2217000 1*
#2217625 1!
#2217875 0*
#2218875 1*
#2220000 1)
#2220125 1-
#2220250 0! 0&
#2220375 1# 1% 1(
#2220500 10
#2221125 0)
#2221375 0" 0# 1$ 0% 1& 0(
#2221625 0*
#2222625 1*
#2222875 1)
#2223125 1! 1(
#2223250 1" 1# 1%
#2224000 0)
#2225625 1)
#2225875 0(
#2226000 0" 0$ 0'
#2226750 0) 0-
#2227000 0! 0% 1'
#2227250 0*
#2228250 1*
#2228875 1!
#2229125 0*
#2230125 1*
#2230750 0! 1"
#2231000 0*
#2232000 1*
#2232625 1!
#2232875 0*
#2233875 1*
#2235000 1)
#2235125 1-
#2235250 0! 0&
#2235375 1% 1(
#2236125 0)
#2236375 0" 1$ 0% 1& 0(
#2236625 0*
#2237625 1*
#2237875 1)
#2238125 1! 0# 0$ 0& 0'
#2238250 1" 1%
#2239000 0)
#2239250 1# 1$ 1&
#2239500 0+
#2240500 1+
#2240625 1)
#2240875 0$
#2241000 0"
#2241750 0) 0-
#2242000 0! 0# 1$ 0% 1'
#2242250 0*
#2243250 1*
#2243875 1!
#2244125 0*
#2245125 1*
#2245750 0! 1"
#2246000 0*
#2247000 1*
#2247625 1!
#2247875 0*
#2248875 1*
#2250125 1) 1-
#2250250 0!
#2250375 1# 0$ 1% 0& 1(
#2251125 0)
#2251375 0" 0# 1& 0(
#2251625 0*
#2252625 1*
#2252875 1)
#2253125 0% 0& 0'
#2253250 1" 1$ 1(
#2254000 0)
#2254125 0" 0(
#2254250 1#
#2254500 0+
#2255500 1+
#2255750 1)
#2256000 1! 0$ 1% 1&
#2256750 0) 0-
#2257000 0! 0% 1'
#2257125 1$
#2257250 0*
#2258250 1*
#2258875 1!
#2259125 0*
#2260125 1*
#2260750 0!
#2260875 1"
#2261000 0*
#2262000 1*
#2262625 1!
#2262875 0*
#2263875 1*
#2265125 1) 1-
#2265375 0! 0$ 1% 0& 1(
#2266125 0)
#2266375 0" 0(
#2266500 1&
#2266625 0*
#2267750 1*
#2267875 1)
#2268125 0# 0% 0&
#2268250 1" 1$ 1( 0,
#2269000 0)
#2269250 0" 1# 0' 0(
#2269500 0+
#2270500 1+
#2270750 1)
#2271000 1! 0$ 1% 1&
#2271125 1,
#2271750 0-
#2271875 0)
#2272000 0! 0#
#2272125 1'
#2272250 0*
#2273375 1*
#2274000 1!
#2274125 0*
#2275250 1*
#2275750 0!
#2275875 1"
#2276125 0*
#2277125 1*
#2277750 1!
#2278000 0*
#2279000 1*
#2280125 1) 1-
#2280375 0! 1# 0& 1(
#2281250 0)
#2281375 0" 0# 0(
#2281500 1$ 1&
#2281750 0*
#2282750 1*
#2282875 1)
#2283250 1! 1" 1# 1(
#2284000 0)
#2285750 1)
#2286000 0" 0$ 0' 0(
#2286750 0-
#2286875 0)
#2287000 0!
#2287125 1'
#2287375 0*
#2288375 1*
#2289000 1!
#2289250 0*
#2290250 1*
#2290750 0!
#2290875 1"
#2291125 0*
#2292125 1*
#2292750 1!
#2293000 0*
#2294000 1*
#2295125 1) 1-
#2295375 0! 0& 1(
#2296250 0)
#2296375 0" 0(
#2296500 1$ 1&
#2296750 0*
#2297375 00
#2297750 1*
#2297875 1)
#2298125 0&
#2298250 0$ 0'
#2299000 0)
#2299250 1!
#2299375 1" 1$ 1&
#2299500 0*
#2300500 1*
#2300750 1)
#2301000 0" 0$
#2301750 0-
#2301875 0)
#2302000 0! 0#
#2302125 1$ 1'
#2302375 0*
#2303375 1*
#2304000 1!
#2304250 0* 10
#2305250 1*
#2305750 0!
#2305875 1"
#2306125 0*
#2307125 1*
#2307750 1!
#2308000 0*
#2309000 1*
#2310125 1)
#2310250 1-
#2310500 1# 1(
#2311250 0)
#2311750 0+
#2312750 1+
#2313000 1)
#2313250 0! 0# 0% 0& 0'
#2314000 0)
#2314250 0" 0(
#2314375 1! 1#
#2314625 0+
#2315625 1+
#2315750 1)
#2316000 0$
#2316125 1% 1&
#2316875 0) 0-
#2317000 0!
#2317125 1$ 1'
#2317375 0*
#2318375 1*
#2319000 1!
#2319250 0*
#2320250 1*
#2320750 0!
#2320875 1"
#2321125 0*
#2322125 1*
#2322750 1!
#2323000 0*
#2324000 1*
#2325125 1)
#2325250 1-
#2325375 0! 0$ 0&
#2325500 1(
#2326250 0)
#2326500 0" 0# 0% 0' 0(
#2326750 0*
#2327750 1*
#2328375 1!
#2328625 0*
#2329625 1*
#2330250 0! 1"
#2330500 0*
#2331250 1)
#2331500 1*
#2331625 1# 1% 1' 1(
#2332375 0)
#2332500 0(
#2332625 0" 0# 0% 0'
#2332875 0*
#2333875 1*
#2334500 1!
#2334750 0*
#2335750 1*
#2336250 0!
#2336375 1"
#2336625 0*
#2337375 1)
#2337625 1*
#2337750 1$ 1' 1( 0,
#2338500 0)
#2338625 0" 0' 0(
#2338750 1! 1#
#2339000 0+
#2340000 1+
#2340125 1)
#2340375 0! 0#
#2340500 1% 1' 1(
#2340625 1,
#2341250 0)
#2341500 0% 0' 0(
#2341625 1"
#2341750 0*
#2342750 1*
#2343375 1%
#2343625 0*
#2344625 1*
#2344875 1)
#2345125 0" 0$
#2345250 1# 1' 1(
#2346000 0)
#2346125 0' 0(
#2346250 1" 0# 1$ 0%
#2346500 0*
#2347500 1*
#2347750 1)
#2347875 0"
#2348000 1% 1' 1(
#2348750 0)
#2349000 0% 0' 0(
#2349125 1"
#2349250 0*
#2350250 1*
#2351000 1%
#2351125 0*
#2352125 1*
#2352375 1)
#2352625 0" 0$
#2352750 1# 1' 1(
#2353500 0)
#2353625 0(
#2353750 1" 0# 1$ 0% 0'
#2354000 0*
#2355000 1*
#2355250 1)
#2355500 1# 0$ 1% 1' 1(
#2356250 0)
#2356500 0" 0# 0% 0' 0(
#2356750 0*
#2357750 1*
#2358500 1!
#2358625 0*
#2359750 1*
#2360250 0!
#2360375 1"
#2360500 0*
#2361250 1)
#2361500 1*
#2361625 1# 1% 1' 1(
#2362375 0)
#2362625 0" 0# 0% 0' 0(
#2362875 0*
#2363875 1*
#2364500 1!
#2364750 0*
#2365750 1*
#2366375 0!
#2366500 1"
#2366625 0*
#2367875 1)
#2368125 1*
#2368625 1(
#2368750 1$
#2369500 0)
#2369625 0(
#2369750 1#
#2370000 0+
#2371000 1+
#2371625 1)
#2371875 0" 0#
#2372000 1% 1' 1(
#2372750 0)
#2373375 0% 0' 0(
#2373500 1"
#2373750 0*
#2374750 1*
#2375375 1%
#2375625 0*
#2376625 1*
#2376750 1)
#2377000 0" 0$
#2377125 1# 1' 1(
#2377875 0)
#2378125 1" 0# 1$ 0% 0' 0(
#2378375 0*
#2379375 1*
#2379625 1)
#2379875 0" 1' 1(
#2380000 1%
#2380750 0)
#2380875 0% 0' 0(
#2381000 1"
#2381125 00
#2381250 0*
#2382250 1*
#2382875 1%
#2383125 0*
#2384125 1*
#2384250 1)
#2384500 0" 0$
#2384625 1# 1' 1(
#2385375 0)
#2385625 1" 0# 1$ 0% 0' 0(
#2385875 0*
#2386875 1*
#2387125 1)
#2387375 0$ 1' 1(
#2387500 1# 1%
#2388125 10
#2388250 0)
#2388375 0" 0# 0% 0' 0(
#2388750 0*
#2389750 1*
#2390375 1!
#2390625 0*
#2391625 1*
#2392125 0!
#2392250 1"
#2392500 0*
#2393250 1)
#2393500 1' 1( 1*
#2393625 1# 1%
#2394250 0)
#2394500 0" 0# 0% 0' 0(
#2394750 0*
#2395750 1*
#2396500 1!
#2396625 0*
#2397625 1*
#2398250 0!
#2398375 1"
#2398500 0*
#2399250 1)
#2399500 1*
#2399625 1$ 1' 1(
#2399750 0,
#2400375 0)
#2400625 1# 0' 0(
#2400875 0+
#2401875 1+
#2402125 1)
#2402375 0" 0# 1' 1(
#2402500 1% 1,
#2403250 0)
#2403375 0% 0' 0(
#2403500 1"
#2403750 0*
#2404750 1*
#2405375 1%
#2405625 0*
#2406625 1*
#2406750 1)
#2407000 0" 0$
#2407125 1# 1' 1(
#2407875 0)
#2408125 1" 0# 1$ 0% 0' 0(
#2408375 0*
#2409375 1*
#2409625 1)
#2409875 0" 1' 1(
#2410000 1%
#2410750 0)
#2410875 0% 0' 0(
#2411000 1"
#2411250 0*
#2412250 1*
#2412875 1%
#2413125 0*
#2414125 1*
#2414250 1)
#2414500 0" 0$
#2414625 1# 1' 1(
#2415375 0)
#2415625 1" 0# 1$ 0% 0' 0(
#2415875 0*
#2416875 1*
#2417125 1)
#2417375 0$ 1(
#2417500 1# 1% 1'
#2418250 0)
#2418375 0" 0# 0% 0' 0(
#2418750 0*
#2419750 1*
#2420375 1!
#2420625 0*
#2421625 1*
#2422125 0!
#2422250 1"
#2422500 0*
#2423250 1)
#2423500 1( 1*
#2423625 1# 1% 1'
#2424375 0)
#2424500 0" 0# 0% 0' 0(
#2424750 0*
#2425875 1*
#2426500 1!
#2426625 0*
#2427750 1*
#2428250 0!
#2428375 1"
#2428500 0*
#2429375 1)
#2429500 1*
#2429625 1$ 1(
#2430375 0)
#2430625 1! 1# 0(
#2430875 0+
#2431875 1+
#2432125 1)
#2432375 0! 0" 0# 1' 1(
#2432500 1%
#2433250 0)
#2433375 0% 0' 0(
#2433500 1"
#2433750 0*
#2434750 1*
#2435375 1%
#2435625 0*
#2436625 1*
#2436750 1)
#2437000 0" 0$
#2437125 1# 1' 1(
#2437875 0)
#2438125 1" 0# 1$ 0% 0' 0(
#2438375 0*
#2439375 1*
#2439625 1)
#2439875 0" 1' 1(
#2440000 1%
#2440750 0)
#2440875 0% 0' 0(
#2441000 1"
#2441250 0*
#2442250 1*
#2442875 1%
#2443125 0*
#2444125 1*
#2444250 1)
#2444500 0" 0$
#2444625 1# 1' 1(
#2445375 0)
#2445625 1" 0# 1$ 0% 0' 0(
#2445875 0*
#2446875 1*
#2447125 1)
#2462375 1' 1(
#2462500 0,
#2463250 0)
#2463375 0' 0(
#2463500 1! 1#
#2463750 0+
#2464750 1+
#2464875 1)
#2465000 00
#2466125 1' 1(
#2466250 1% 1& 1,
#2467000 0)
#2468625 1)
#2471750 0! 0$ 0&
#2472000 10
#2472625 0)
#2472750 0" 0# 0% 0' 0(
#2473125 0*
#2474125 1*
#2474250 1)
#2474625 1! 1" 1# 1$ 1% 1& 1' 1(
#2475375 0)
#2477125 1)
#2478250 0)
#2478750 0+
#2479750 1+
#2480625 0+
#2481625 1+
#2482500 0+
#2483500 1+
#2484375 0+
#2485375 1+
#2486500 1)
#2486750 0! 0$ 0&
#2487500 0)
#2487750 0" 0% 0' 0(
#2488000 0*
#2489125 1*
#2489250 1)
#2489500 0#
#2489625 1" 1$ 1(
#2490375 0)
#2490500 0(
#2490625 0" 0$ 1%
#2490875 0+
#2491875 1+
#2492125 1)
#2492375 1! 1# 1&
#2493125 0) 0-
#2493375 0! 0# 0% 0& 1(
#2493625 0*
#2494625 1*
#2495250 1!
#2495500 0*
#2496500 1*
#2497125 0!
#2497250 1"
#2497375 0*
#2498375 1*
#2499000 1!
#2499250 0*
#2500250 1*
#2501500 1) 1-
#2501625 0!
#2501750 1# 1% 1'
#2502500 0)
#2502750 0" 0# 0% 0' 0(
#2502875 1$
#2503000 0*
#2504000 1*
#2504250 1)
#2504625 1" 1' 1( 0,
#2505375 0)
#2505500 0' 0(
#2505625 0" 0$ 1%
#2505875 0+
#2506875 1+
#2507125 1)
#2507375 1! 1# 1&
#2507500 1,
#2508125 0) 0-
#2508375 0! 0% 0& 1(
#2508625 0*
#2509625 1*
#2510250 1!
#2510500 0*
#2511500 1*
#2512125 0! 1"
#2512375 0*
#2513375 1*
#2514000 1!
#2514250 0*
#2515250 1*
#2516375 1)
#2516500 1-
#2516625 0!
#2516750 1% 1'
#2517500 0)
#2517750 0" 1$ 0% 0' 0(
#2518000 0*
#2519000 1*
#2519250 1)
#2519500 0$
#2519625 1! 1%
#2520375 0)
#2520625 1" 1$ 1&
#2520875 0+
#2521875 1+
#2522000 1)
#2522250 0" 0$
#2523125 0) 0-
#2523375 0! 0# 1$ 0% 0& 1(
#2523625 0*
#2524625 1*
#2525250 1!
#2525500 0*
#2526500 1*
#2527125 0! 1"
#2527375 0*
#2528375 1*
#2529000 1!
#2529250 0*
#2530250 1*
#2531375 1)
#2531500 1-
#2531625 0! 0$
#2531750 1# 1% 1'
#2532500 0)
#2532750 0" 0# 0' 0(
#2533000 0*
#2534000 1*
#2534250 1)
#2534500 0% 1(
#2534625 1" 1$
#2535375 0)
#2535500 0" 0$ 0(
#2535625 1! 1%
#2535875 0+
#2536875 1+
#2537000 1)
#2537375 1# 1&
#2538125 0) 0-
#2538375 0! 1$ 0% 0& 1(
#2538625 0*
#2539625 1*
#2540250 1!
#2540500 0*
#2541500 1*
#2542000 0!
#2542125 1"
#2542375 0*
#2543375 1*
#2544000 1!
#2544250 0*
#2545250 1*
#2546375 1)
#2546500 1-
#2546625 0! 0$
#2546750 1% 1'
#2547500 0)
#2547625 0'
#2547750 0" 0(
#2548000 0*
#2548875 00
#2549000 1*
#2549250 1)
#2549500 1" 0# 1$ 0% 1' 1(
#2549625 0,
#2550250 0)
#2550500 0" 0$ 0' 0(
#2550625 1! 1%
#2550875 0+
#2551875 1+
#2552000 1)
#2552375 1# 1& 1,
#2553125 0) 0-
#2553250 0! 0# 0&
#2553375 1(
#2553625 0*
#2554625 1*
#2555250 1!
#2555500 0*
#2555875 10
#2556500 1*
#2557000 0!
#2557125 1"
#2557375 0*
#2558375 1*
#2559000 1!
#2559250 0*
#2560250 1*
#2561375 1) 1-
#2561625 0!
#2561750 1# 1'
#2562500 0)
#2562625 0# 0'
#2562750 0" 1$ 0(
#2563000 0*
#2564000 1*
#2564250 1)
#2564500 1! 1" 1# 1& 1' 1(
#2565250 0)
#2567000 1)
#2567250 0" 0$ 0' 0(
#2568125 0) 0-
#2568250 0! 0&
#2568375 1(
#2568625 0*
#2569625 1*
#2570250 1!
#2570500 0*
#2571500 1*
#2572000 0!
#2572125 1"
#2572375 0*
#2573375 1*
#2574000 1!
#2574250 0*
#2575250 1*
#2576375 1) 1-
#2576625 0!
#2576750 1'
#2577500 0)
#2577625 0" 0' 0(
#2577750 1$
#2578000 0*
#2579000 1*
#2579125 1)
#2579375 0$
#2579500 1"
#2580250 0)
#2580500 1! 1$ 1&
#2580750 0*
#2581750 1*
#2582000 1)
#2582250 0" 0$
#2583000 0-
#2583125 0)
#2583250 0! 0# 0&
#2583375 1$ 1(
#2583625 0*
#2584625 1*
#2585250 1!
#2585500 0*
#2586500 1*
#2587000 0!
#2587125 1"
#2587375 0*
#2588375 1*
#2589000 1!
#2589250 0*
#2590250 1*
#2591375 1) 1-
#2591625 0! 0$ 1'
#2591750 1#
#2592500 0)
#2592625 0" 0# 0% 0' 0(
#2592750 1&
#2593000 0*
#2594000 1*
#2594125 1)
#2594375 0&
#2594500 1" 1$ 1(
#2595250 0)
#2595500 0$ 1% 0(
#2595750 0+
#2596750 1+
#2597000 1)
#2597250 1! 0"
#2597375 1# 1&
#2598000 0-
#2598125 0)
#2598250 0! 0&
#2598375 1$ 1(
#2598625 0*
#2599625 1*
#2600250 1!
#2600500 0*
#2601500 1*
#2602000 0!
#2602125 1"
#2602375 0*
#2603375 1*
#2604000 1!
#2604250 0*
#2605250 1*
#2606375 1) 1-
#2606625 0! 0$ 1'
#2607500 0)
#2607625 0" 0% 0' 0(
#2607750 1&
#2608000 0*
#2609000 1*
#2609125 1)
#2609375 0# 0&
#2609500 1" 1$ 1' 1(
#2609625 0,
#2610250 0)
#2610500 0$ 1% 0' 0(
#2610750 0+
#2611750 1+
#2612000 1)
#2612250 1! 0"
#2612375 1# 1& 1,
#2613125 0) 0-
#2613250 0! 0# 0%
#2613375 1(
#2613625 0*
#2614625 1*
#2615250 1!
#2615500 0*
#2616500 1*
#2617000 0!
#2617125 1"
#2617375 0*
#2618375 1*
#2619000 1!
#2619250 0*
#2620250 1*
#2621375 1) 1-
#2621625 0! 0& 1'
#2621750 1# 1%
#2622500 0)
#2622625 0" 0# 0% 0' 0(
#2622750 1$ 1&
#2623000 0*
#2624000 1*
#2624125 1)
#2624500 1! 1" 1# 1% 1' 1(
#2625250 0)
#2627000 1)
#2627250 0" 0$ 0' 0(
#2628000 0-
#2628125 0)
#2628250 0! 0%
#2628375 1(
#2628625 0*
#2629625 1*
#2630250 1!
#2630500 0*
#2631500 1*
#2632000 0!
#2632125 1"
#2632375 0*
#2632750 00
#2633375 1*
#2634000 1!
#2634250 0*
#2635250 1*
#2636375 1) 1-
#2636625 0! 0& 1'
#2636750 1%
#2637500 0)
#2637625 0" 0% 0' 0(
#2637750 1$ 1&
#2638000 0*
#2639000 1*
#2639125 1)
#2639375 0$ 0&
#2639500 1! 1" 1%
#2639625 10
#2640250 0)
#2640500 1$ 1&
#2640750 0+
#2641750 1+
#2642000 1)
#2642250 0" 0$
#2643000 0-
#2643125 0)
#2643250 0! 0# 0%
#2643375 1$ 1(
#2643625 0*
#2644625 1*
#2645250 1!
#2645500 0*
#2646500 1*
#2647000 0!
#2647125 1"
#2647375 0*
#2648375 1*
#2649000 1!
#2649250 0*
#2650250 1*
#2651375 1) 1-
#2651625 0! 0$ 0& 1'
#2651750 1# 1%
#2652500 0)
#2652625 0# 0' 0(
#2652750 0" 1&
#2653000 0*
#2654000 1*
#2654250 1)
#2654375 0% 0&
#2654500 1" 1$ 1(
#2655250 0)
#2655500 1! 0$ 0(
#2655625 1%
#2655750 0+
#2656750 1+
#2657000 1)
#2657250 0"
#2657375 1# 1&
#2658125 0) 0-
#2658250 0!
#2658375 1$ 0% 1(
#2658625 0*
#2659625 1*
#2660250 1!
#2660500 0*
#2661500 1*
#2662000 0!
#2662125 1"
#2662375 0*
#2663375 1*
#2664000 1!
#2664250 0*
#2665250 1*
#2666375 1)
#2666500 1-
#2666625 0! 0$ 0&
#2666750 1% 1'
#2667500 0)
#2667625 0'
#2667750 0" 1& 0(
#2668000 0*
#2669000 1*
#2669250 1)
#2669500 1" 0# 1$ 0% 0& 1' 1(
#2669625 0,
#2670250 0)
#2670500 1! 0$ 0' 0(
#2670625 1%
#2670875 0+
#2671875 1+
#2672000 1)
#2672250 0"
#2672375 1# 1& 1,
#2673125 0) 0-
#2673250 0! 0#
#2673375 1(
#2673625 0*
#2674625 1*
#2675250 1!
#2675500 0*
#2676500 1*
#2677000 0!
#2677125 1"
#2677375 0*
#2678375 1*
#2679000 1!
#2679250 0*
#2680250 1*
#2681375 1)
#2681500 1-
#2681625 0! 0&
#2681750 1# 1'
#2682500 0)
#2682750 0" 0# 1$ 1& 0' 0(
#2683000 0*
#2684000 1*
#2684250 1)
#2684500 1! 1' 1(
#2684625 1" 1#
#2685375 0)
#2687000 1)
#2687250 0" 0' 0(
#2687375 0$
#2688125 0) 0-
#2688375 0! 1(
#2688625 0*
#2689625 1*
#2690250 1!
#2690500 0*
#2691500 1*
#2692125 0! 1"
#2692375 0*
#2693375 1*
#2694000 1!
#2694250 0*
#2695250 1*
#2696375 1)
#2696500 1-
#2696625 0! 0&
#2696750 1'
#2697500 0)
#2697750 0" 1$ 1& 0' 0(
#2698000 0*
#2699000 1*
#2699250 1)
#2699500 0# 0&
#2700375 0)
#2700625 1! 1" 1# 1&
#2700875 0*
#2701875 1*
#2702000 1)
#2702250 0"
#2702375 0$
#2703125 0) 0-
#2703375 0! 0# 1$ 1(
#2703625 0*
#2704625 1*
#2705250 1!
#2705500 0*
#2706500 1*
#2707125 0!
#2707250 1"
#2707375 0*
#2708375 1*
#2709000 1!
#2709250 0*
#2710250 1*
#2711500 1) 1-
#2711750 0! 1# 0$ 0& 1'
#2712500 0)
#2712750 0" 0# 0% 0(
#2713000 0*
#2714000 1*
#2714250 1)
#2714500 0'
#2714625 1" 1$ 1(
#2715375 0)
#2715500 0(
#2715625 0" 1# 0$ 1%
#2715875 0+
#2716625 00
#2716875 1+
#2717125 1)
#2717375 1! 1&
#2718125 0) 0-
#2718375 0!
#2718500 1$ 1(
#2718625 0*
#2719750 1*
#2720250 1!
#2720500 0*
#2721625 1*
#2722125 0!
#2722250 1"
#2722375 0*
#2723500 1* 10
#2724125 1!
#2724250 0*
#2725375 1*
#2726500 1) 1-
#2726750 0! 0$ 0& 1'
#2727625 0)
#2727750 0" 0% 0(
#2728000 0*
#2729125 1*
#2729250 1)
#2729500 0#
#2729625 1" 1$ 1( 0,
#2730375 0)
#2730625 0" 1# 0$ 1% 0' 0(
#2730875 0+
#2731875 1+
#2732125 1)
#2732375 1! 1&
#2732500 1,
#2733125 0-
#2733250 0)
#2733375 0! 0# 0% 0&
#2733500 1' 1(
#2733750 0*
#2734750 1*
#2735375 1!
#2735625 0*
#2736625 1*
#2737125 0!
#2737250 1"
#2737500 0*
#2738500 1*
#2739125 1!
#2739375 0*
#2740375 1*
#2741500 1) 1-
#2741750 0!
#2741875 1# 1%
#2742625 0)
#2742750 0" 0# 0% 0(
#2742875 1$
#2743125 0*
#2744125 1*
#2744250 1)
#2744625 1! 1" 1# 1% 1& 1(
#2745375 0)
#2747125 1)
#2747375 0" 0$ 0' 0(
#2748125 0-
#2748250 0)
#2748375 0! 0% 0&
#2748500 1' 1(
#2748750 0*
#2749750 1*
#2750375 1!
#2750625 0*
#2751625 1*
#2752125 0!
#2752250 1"
#2752500 0*
#2753500 1*
#2754125 1!
#2754375 0*
#2755375 1*
#2756500 1)
#2756625 1-
#2756750 0!
#2756875 1%
#2757625 0)
#2757750 0%
#2757875 0" 1$ 0(
#2758125 0*
#2759125 1*
#2759375 1)
#2759625 1! 0# 1% 0'
#2760375 0)
#2760750 1" 1# 1&
#2761000 0+
#2762000 1+
#2762125 1)
#2762375 0" 0$
#2763250 0) 0-
#2763375 0!
#2763500 0# 1$ 0% 0& 1' 1(
#2763750 0*
#2764750 1*
#2765375 1!
#2765625 0*
#2766625 1*
#2767125 0!
#2767250 1"
#2767500 0*
#2768500 1*
#2769125 1!
#2769375 0*
#2770375 1*
#2771500 1)
#2771625 1-
#2771750 0! 0$
#2771875 1# 1%
#2772625 0)
#2772875 0" 0# 0(
#2773125 0*
#2774125 1*
#2774375 1)
#2774625 0% 0' 1(
#2774750 1" 1$
#2775500 0)
#2775625 0" 0$ 0(
#2775750 1! 1# 1%
#2776000 0+
#2777000 1+
#2777125 1)
#2777500 1&
#2778250 0) 0-
#2778500 0! 1$ 0% 0& 1' 1(
#2778750 0*
#2779750 1*
#2780375 1!
#2780625 0*
#2781625 1*
#2782250 0! 1"
#2782500 0*
#2783500 1*
#2784125 1!
#2784375 0*
#2785375 1*
#2786500 1)
#2786625 1-
#2786750 0!
#2786875 0$ 1%
#2787625 0)
#2787875 0" 0(
#2788125 0*
#2789125 1*
#2789375 1)
#2789625 0# 0% 1(
#2789750 1" 1$ 0,
#2790500 0)
#2790625 0" 0' 0(
#2790750 1! 1# 0$ 1%
#2791000 0+
#2792000 1+
#2792125 1)
#2792500 1&
#2792625 1,
#2793250 0) 0-
#2793500 0! 0# 0& 1' 1(
#2793750 0*
#2794750 1*
#2795375 1!
#2795625 0*
#2796625 1*
#2797250 0!
#2797375 1"
#2797500 0*
#2798500 1*
#2799125 1!
#2799375 0*
#2800375 1* 00
#2801625 1) 1-
#2801750 0!
#2801875 1#
#2802625 0)
#2802875 0" 0# 0(
#2803000 1$
#2803125 0*
#2804125 1*
#2804375 1)
#2804750 1! 1" 1# 1& 1(
#2805500 0)
#2807250 1)
#2807375 10
#2807500 0" 0$ 0' 0(
#2808250 0) 0-
#2808500 0! 0& 1' 1(
#2808750 0*
#2809875 1*
#2810375 1!
#2810625 0*
#2811625 1*
#2812250 0!
#2812375 1"
#2812500 0*
#2813625 1*
#2814125 1!
#2814375 0*
#2815500 1*
#2816625 1) 1-
#2816875 0!
#2817625 0)
#2817875 0" 0(
#2818000 1$
#2818125 0*
#2819250 1*
#2819375 1)
#2819625 0# 0'
#2819750 1"
#2820500 0)
#2820750 1! 1# 1&
#2821000 0*
#2822000 1*
#2822250 1)
#2822500 0" 0$
#2823250 0) 0-
#2823500 0! 0# 0&
#2823625 1$ 1' 1(
#2823750 0*
#2824875 1*
#2825500 1!
#2825625 0*
#2826750 1*
#2827250 0!
#2827375 1"
#2827500 0*
#2828625 1*
#2829250 1!
#2829500 0*
#2830500 1*
#2831625 1) 1-
#2831875 0! 1# 0$
#2832750 0)
#2832875 0" 0# 0% 0(
#2833000 1&
#2833125 0*
#2834250 1*
#2834375 1)
#2834625 0& 0'
#2834750 1" 1$ 1(
#2835500 0)
#2835750 1# 0$ 1% 0(
#2836000 0+
#2837000 1+
#2837250 1)
#2837500 1! 0" 1&
#2838250 0-
#2838375 0)
#2838500 0! 0&
#2838625 1$ 1' 1(
#2838875 0*
#2839875 1*
#2840500 1!
#2840750 0*
#2841750 1*
#2842250 0!
#2842375 1"
#2842625 0*
#2843625 1*
#2844250 1!
#2844500 0*
#2845500 1*
#2846625 1) 1-
#2846875 0! 0$
#2847750 0)
#2847875 0" 0% 0(
#2848000 1&
#2848125 0*
#2849250 1*
#2849375 1)
#2849625 0# 0&
#2849750 1" 1$ 1( 0,
#2850500 0)
#2850750 1# 0$ 1% 0' 0(
#2851000 0+
#2852000 1+
#2852250 1)
#2852500 1! 0" 1&
#2852625 1,
#2853250 0-
#2853375 0)
#2853500 0! 0# 0%
#2853625 1' 1(
#2853875 0*
#2854875 1*
#2855500 1!
#2855750 0*
#2856750 1*
#2857250 0!
#2857375 1"
#2857625 0*
#2858625 1*
#2859250 1!
#2859500 0*
#2860500 1*
#2861625 1) 1-
#2861875 0! 1# 1% 0&
#2862750 0)
#2862875 0" 0# 0% 0(
#2863000 1$ 1&
#2863125 0*
#2864250 1*
#2864375 1)
#2864750 1! 1" 1# 1% 1(
#2865500 0)
#2867250 1)
#2867500 0" 0$ 0' 0(
#2868250 0-
#2868375 0)
#2868500 0! 0%
#2868625 1' 1(
#2868750 0*
#2869875 1*
#2870500 1!
#2870750 0*
#2871750 1*
#2872250 0!
#2872375 1"
#2872625 0*
#2873625 1*
#2874250 1!
#2874500 0*
#2875500 1*
#2876625 1) 1-
#2876875 0! 1% 0&
#2877750 0)
#2877875 0" 0% 0(
#2878000 1$ 1&
#2878125 0*
#2879250 1*
#2879375 1)
#2879625 0# 0& 0'
#2879750 1! 1" 1%
#2880500 0)
#2880750 1# 1&
#2881000 0+
#2882000 1+
#2882250 1)
#2882500 0" 0$
#2883250 0) 0-
#2883500 0! 0# 0%
#2883625 1$ 1' 1(
#2883750 0*
#2884250 00
#2884875 1*
#2885500 1!
#2885625 0*
#2886750 1*
#2887250 0!
#2887375 1"
#2887500 0*
#2888625 1*
#2889125 1!
#2889375 0*
#2890500 1*
#2891250 10
#2891625 1) 1-
#2891875 0! 1# 0$ 1% 0&
#2892625 0)
#2892875 0" 0# 0(
#2893000 1&
#2893125 0*
#2894125 1*
#2894375 1)
#2894625 0% 0& 0'
#2894750 1" 1$ 1(
#2895500 0)
#2895625 0(
#2895750 1! 1# 0$ 1%
#2896000 0+
#2897000 1+
#2897250 1)
#2897500 0" 1&
#2898250 0) 0-
#2898500 0! 0% 1(
#2898625 1$ 1'
#2898750 0*
#2899750 1*
#2900375 1!
#2900625 0*
#2901625 1*
#2902250 0!
#2902375 1"
#2902500 0*
#2903500 1*
#2904125 1!
#2904375 0*
#2905375 1*
#2906625 1) 1-
#2906875 0! 0$ 1% 0&
#2907625 0)
#2907875 0" 1& 0(
#2908125 0*
#2909125 1*
#2909375 1)
#2909625 0# 0% 0& 1(
#2909750 1" 1$ 0,
#2910500 0)
#2910625 0' 0(
#2910750 1! 1# 0$ 1%
#2911000 0+
#2912000 1+
#2912250 1)
#2912500 0" 1&
#2912625 1,
#2913250 0) 0-
#2913500 0! 0# 1' 1(
#2913750 0*
#2914750 1*
#2915375 1!
#2915625 0*
#2916625 1*
#2917250 0! 1"
#2917500 0*
#2918500 1*
#2919125 1!
#2919375 0*
#2920375 1*
#2921500 1)
#2921625 1-
#2921750 0!
#2921875 1# 0&
#2922625 0)
#2922875 0" 0# 1$ 1& 0(
#2923125 0*
#2924125 1*
#2924375 1)
#2924625 1(
#2924750 1! 1" 1#
#2925500 0)
#2927125 1)
#2927500 0" 0$ 0' 0(
#2928250 0) 0-
#2928500 0! 1' 1(
#2928750 0*
#2929750 1*
#2930375 1!
#2930625 0*
#2931625 1*
#2932250 0! 1"
#2932500 0*
#2933500 1*
#2934125 1!
#2934375 0*
#2935375 1*
#2936500 1)
#2936625 1-
#2936750 0! 0&
#2937625 0)
#2937875 0" 1$ 1& 0(
#2938125 0*
#2939125 1*
#2939375 1)
#2939625 0& 0'
#2940500 0)
#2940750 1! 1" 1&
#2941000 0*
#2942000 1*
#2942125 1)
#2942375 0" 0$
#2943250 0) 0-
#2943375 0!
#2943500 0# 1$ 1' 1(
#2943750 0*
#2944750 1*
#2945375 1!
#2945625 0*
#2946625 1*
#2947125 0!
#2947250 1"
#2947500 0*
#2948500 1*
#2949125 1!
#2949375 0*
#2950375 1*
#2951500 1)
#2951625 1-
#2951875 1#
#2952625 0)
#2953125 0+
#2954125 1+
#2954375 1)
#2954625 0! 0# 0% 0& 0'
#2955375 0)
#2955625 0" 0(
#2955750 1%
#2955875 0+
#2957000 1+
#2957125 1)
#2957375 0$
#2957500 1! 1# 1&
#2958250 0) 0-
#2958375 0!
#2958500 1$ 1' 1(
#2958750 0*
#2959750 1*
#2960375 1!
#2960625 0*
#2961625 1*
#2962125 0!
#2962250 1"
#2962500 0*
#2963500 1*
#2964125 1!
#2964375 0*
#2965375 1*
#2966500 1) 1-
#2966750 0! 0$ 0&
#2967625 0)
#2967750 0' 0(
#2967875 0" 0# 0%
#2968125 0* 00
#2969125 1*
#2969750 1!
#2970000 0*
#2971000 1*
#2971500 0!
#2971625 1"
#2971875 0*
#2972625 1)
#2972875 1*
#2973000 1# 1% 1' 1(
#2973750 0)
#2973875 0" 0# 0% 0' 0(
#2974125 0*
#2975125 10
#2975250 1*
#2975875 1!
#2976000 0*
#2977125 1*
#2977625 0!
#2977750 1"
#2977875 0*
#2978750 1)
#2978875 1*
#2979000 1$ 1' 1(
#2979125 0,
#2979750 0)
#2980000 0" 1% 0' 0(
#2980250 0+
#2981250 1+
#2981500 1)
#2981750 1' 1(
#2981875 1,
#2982625 0)
#2982750 0% 0' 0(
#2982875 1! 1"
#2983125 0*
#2984125 1*
#2984750 1%
#2985000 0*
#2986000 1*
#2986125 1)
#2986375 0! 0" 0$
#2986500 1# 1' 1(
#2987250 0)
#2987500 1! 1" 0# 1$ 0% 0' 0(
#2987750 0*
#2988750 1*
#2989000 1)
#2989250 0! 0" 1' 1(
#2989375 1%
#2990125 0)
#2990250 0% 0' 0(
#2990375 1! 1"
#2990625 0*
#2991625 1*
#2992250 1%
#2992500 0*
#2993500 1*
#2993625 1)
#2993875 0! 0" 0$
#2994000 1# 1' 1(
#2994750 0)
#2995000 1! 1" 0# 1$ 0% 0' 0(
#2995250 0*
#2996250 1*
#2996500 1)
#2996750 0! 0$ 1' 1(
#2996875 1# 1%
#2997625 0)
#2997750 0" 0# 0% 0' 0(
#2998125 0*
#2999125 1*
#2999750 1!
#3000000 0*
#3001000 1*
#3001500 0!
#3001625 1"
#3001875 0*
#3002625 1)
#3002875 1' 1( 1*
#3003000 1# 1%
#3003625 0)
#3003875 0" 0# 0% 0' 0(
#3004125 0*
#3005125 1*
#3005750 1!
#3006000 0*
#3007000 1*
#3007625 0!
#3007750 1"
#3007875 0*
#3009125 1)
#3009375 1*
#3009875 1(
#3010000 1$
#3010750 0)
#3010875 0" 0(
#3011000 1! 1%
#3011250 0+
#3012250 1+
#3012875 1)
#3013125 0!
#3013250 1' 1(
#3014000 0)
#3014625 0% 0' 0(
#3014750 1! 1"
#3015000 0*
#3016000 1*
#3016625 1%
#3016750 0*
#3017875 1*
#3018000 1)
#3018250 0! 0" 0$
#3018375 1# 1' 1(
#3019125 0)
#3019375 1! 1" 0# 1$ 0% 0' 0(
#3019625 0*
#3020625 1*
#3020875 1)
#3021125 0! 0" 1% 1' 1(
#3022000 0)
#3022125 0% 0' 0(
#3022250 1! 1"
#3022375 0*
#3023500 1*
#3024125 1%
#3024250 0*
#3025375 1*
#3025500 1)
#3025750 0! 0" 0$
#3025875 1# 1' 1(
#3026625 0)
#3026875 1! 1" 0# 1$ 0% 0' 0(
#3027125 0*
#3028125 1*
#3028375 1)
#3028625 0! 1# 0$ 1% 1' 1(
#3029500 0)
#3029625 0" 0# 0% 0' 0(
#3029875 0*
#3031000 1*
#3031625 1!
#3031750 0*
#3032875 1*
#3033375 0!
#3033500 1"
#3033625 0*
#3034500 1)
#3034625 1*
#3034750 1# 1% 1' 1(
#3035500 0)
#3035750 0" 0# 0% 0' 0(
#3036000 0*
#3037000 1*
#3037625 1!
#3037875 0*
#3038875 1*
#3039500 0! 1"
#3039750 0*
#3040500 1)
#3040750 1*
#3040875 1$ 1' 1( 0,
#3041625 0)
#3041750 0(
#3041875 1! 0" 1% 0'
#3042125 0+
#3043125 1+
#3043375 1)
#3043500 0!
#3043625 1' 1(
#3043750 1,
#3044375 0)
#3044625 1! 0% 0' 0(
#3044750 1"
#3044875 0*
#3046000 1*
#3046625 1%
#3046750 0*
#3047875 1*
#3048000 1)
#3048250 0! 0" 0$
#3048375 1# 1' 1(
#3049125 0)
#3049375 1! 1" 0# 1$ 0% 0' 0(
#3049625 0*
#3050625 1*
#3050875 1)
#3051000 0!
#3051125 0" 1% 1' 1(
#3052000 0) 00
#3052125 1! 0% 0' 0(
#3052250 1"
#3052375 0*
#3053500 1*
#3054125 1%
#3054250 0*
#3055375 1*
#3055500 1)
#3055750 0! 0" 0$
#3055875 1# 1' 1(
#3056625 0)
#3056875 1! 1" 0# 1$ 0% 0' 0(
#3057125 0*
#3058125 1*
#3058375 1)
#3058625 0! 1# 0$ 1% 1' 1(
#3058875 10
#3059500 0)
#3059625 0" 0# 0% 0' 0(
#3059875 0*
#3061000 1*
#3061625 1!
#3061750 0*
#3062875 1*
#3063375 0!
#3063500 1"
#3063625 0*
#3064500 1)
#3064750 1# 1% 1' 1( 1*
#3065500 0)
#3065750 0" 0# 0% 0' 0(
#3066000 0*
#3067000 1*
#3067625 1!
#3067875 0*
#3068875 1*
#3069500 0! 1"
#3069750 0*
#3070500 1)
#3070750 1*
#3070875 1$ 1(
#3071625 0)
#3071875 1% 0(
#3072125 0+
#3073125 1+
#3073375 1)
#3073625 0" 1' 1(
#3074500 0)
#3074625 0% 0' 0(
#3074750 1! 1"
#3075000 0*
#3076000 1*
#3076625 1%
#3076875 0*
#3077875 1*
#3078000 1)
#3078250 0! 0" 0$
#3078375 1# 1' 1(
#3079125 0)
#3079375 1! 1" 0# 1$ 0% 0' 0(
#3079625 0*
#3080625 1*
#3080875 1)
#3081125 0! 0" 1% 1' 1(
#3082000 0)
#3082125 0% 0' 0(
#3082250 1! 1"
#3082500 0*
#3083500 1*
#3084125 1%
#3084375 0*
#3085375 1*
#3085500 1)
#3085750 0! 0" 0$
#3085875 1# 1' 1(
#3086625 0)
#3086875 1! 1" 0# 1$ 0% 0' 0(
#3087125 0*
#3088125 1*
#3088375 1)
#3103625 0! 1(
#3103750 1' 0,
#3104500 0)
#3104625 0' 0(
#3104750 1%
#3105000 0+
#3106000 1+
#3106250 1)
#3107500 1! 1# 1& 1' 1( 1,
#3108250 0)
#3110000 1)
#3113000 0! 0$ 0&
#3113875 0)
#3114000 0(
#3114125 0" 0# 0% 0'
#3114375 0*
#3115375 1*
#3115625 1)
#3115875 1! 1" 1# 1$ 1% 1& 1' 1(
#3116625 0)
#3118375 1)
#3119500 0)
#3120000 0+
#3121000 1+
#3121875 0+
#3122875 1+
#3123750 0+
#3124750 1+
#3125625 0+
#3126625 1+
#3127750 1)
#3128000 0! 0$ 0&
#3128875 0)
#3129125 0" 0% 0' 0(
#3129375 0*
#3130375 1*
#3130625 1)
#3130875 0# 1(
#3131000 1" 1$
#3131750 0)
#3131875 0(
#3132000 1! 1%
#3132250 0+
#3133250 1+
#3133375 1)
#3133625 0! 0$
#3133750 1# 1&
#3134500 0) 0-
#3134750 0" 0# 0% 0&
#3135000 0*
#3135750 00
#3136000 1*
#3136625 1!
#3136875 0*
#3137875 1*
#3138500 0! 1"
#3138750 0*
#3139750 1*
#3140375 1!
#3140625 0*
#3141625 1*
#3142750 1) 10
#3142875 1-
#3143000 0!
#3143125 1# 1% 1' 1(
#3143875 0)
#3144125 0" 0# 1$ 0% 0' 0(
#3144375 0*
#3145375 1*
#3145625 1)
#3145875 1' 1(
#3146000 1" 0,
#3146750 0)
#3146875 0' 0(
#3147000 1! 1%
#3147250 0+
#3148250 1+
#3148375 1)
#3148625 0!
#3148750 1# 0$ 1&
#3148875 1,
#3149500 0) 0-
#3149750 0" 0% 0&
#3150000 0*
#3151000 1*
#3151625 1!
#3151875 0*
#3152875 1*
#3153500 0! 1"
#3153750 0*
#3154750 1*
#3155375 1!
#3155625 0*
#3156625 1*
#3157875 1) 1-
#3158000 0!
#3158125 1% 1' 1(
#3158875 0)
#3159125 0" 0% 0' 0(
#3159250 1$
#3159375 0*
#3160375 1*
#3160625 1)
#3161000 1! 1%
#3161750 0)
#3162000 1" 1&
#3162250 0+
#3163250 1+
#3163500 1)
#3163750 0! 0$
#3164500 0) 0-
#3164750 0" 0# 0% 0&
#3164875 1$
#3165000 0*
#3166000 1*
#3166750 1!
#3166875 0*
#3168000 1*
#3168500 0!
#3168625 1"
#3168750 0*
#3169875 1*
#3170500 1!
#3170625 0*
#3171750 1*
#3172875 1) 1-
#3173125 0! 1# 0$ 1% 1' 1(
#3174000 0)
#3174125 0" 0# 0' 0(
#3174375 0*
#3175500 1*
#3175625 1)
#3175875 0%
#3176000 1" 1$ 1(
#3176750 0)
#3177000 0" 1# 1% 0(
#3177250 0+
#3178250 1+
#3178500 1)
#3178750 1" 0$ 1&
#3179500 0-
#3179625 0)
#3179750 0" 0% 0&
#3179875 1$
#3180125 0*
#3181125 1*
#3181750 1!
#3182000 0*
#3183000 1*
#3183500 0!
#3183625 1"
#3183875 0*
#3184875 1*
#3185500 1!
#3185750 0*
#3186750 1*
#3187875 1) 1-
#3188125 0! 0$ 1' 1(
#3188250 1%
#3189000 0)
#3189125 0" 0' 0(
#3189500 0*
#3190500 1*
#3190625 1)
#3190875 0# 0%
#3191000 1" 1$ 1' 1(
#3191125 0,
#3191750 0)
#3192000 0" 1# 1% 0' 0(
#3192250 0+
#3193250 1+
#3193500 1)
#3193750 0$
#3193875 1" 1& 1,
#3194625 0) 0-
#3194750 0" 0# 0&
#3195125 0*
#3196125 1*
#3196750 1!
#3197000 0*
#3198000 1*
#3198500 0!
#3198625 1"
#3198875 0*
#3199875 1*
#3200500 1!
#3200750 0*
#3201750 1*
#3202875 1) 1-
#3203125 0!
#3203250 1# 1' 1(
#3204000 0)
#3204125 0# 0' 0(
#3204250 0" 1$
#3204500 0*
#3205500 1*
#3205750 1)
#3206000 1! 1" 1# 1& 1' 1(
#3206750 0)
#3208500 1)
#3208750 0! 0$ 0' 0(
#3209625 0) 0-
#3209875 0" 0&
#3210125 0*
#3211125 1*
#3211750 1!
#3212000 0*
#3213000 1*
#3213500 0!
#3213625 1"
#3213875 0*
#3214875 1*
#3215500 1!
#3215750 0*
#3216750 1*
#3217875 1)
#3218000 1-
#3218125 0!
#3218250 1' 1(
#3219000 0)
#3219125 0(
#3219250 0" 1$ 0'
#3219500 0*
#3219625 00
#3220500 1*
#3220750 1)
#3221000 1"
#3221875 0)
#3222125 1! 1&
#3222375 0*
#3223375 1*
#3223500 1)
#3223750 0! 0$
#3224625 0) 0-
#3224875 0" 0# 1$ 0&
#3225125 0*
#3226125 1*
#3226625 10
#3226750 1!
#3227000 0*
#3228000 1*
#3228625 0! 1"
#3228875 0*
#3229875 1*
#3230500 1!
#3230750 0*
#3231750 1*
#3232875 1)
#3233000 1-
#3233125 0! 0$
#3233250 1# 1' 1(
#3234000 0)
#3234250 0" 0# 0% 1& 0' 0(
#3234500 0*
#3235500 1*
#3235750 1)
#3236000 0& 1(
#3236125 1" 1$
#3236875 0)
#3237000 0" 0(
#3237125 1! 1# 1%
#3237375 0+
#3238375 1+
#3238500 1)
#3238750 0! 0$
#3238875 1" 1&
#3239625 0) 0-
#3239875 0" 1$ 0&
#3240125 0*
#3241125 1*
#3241750 1!
#3242000 0*
#3243000 1*
#3243625 0! 1"
#3243875 0*
#3244875 1*
#3245500 1!
#3245750 0*
#3246750 1*
#3248000 1) 1-
#3248125 0!
#3248250 0$ 1' 1(
#3249000 0)
#3249250 0" 0% 1& 0' 0(
#3249500 0*
#3250500 1*
#3250750 1)
#3251000 0# 0& 1(
#3251125 1" 1$ 1' 0,
#3251875 0)
#3252000 0" 0' 0(
#3252125 1! 1# 1%
#3252375 0+
#3253375 1+
#3253500 1)
#3253750 0!
#3253875 1" 0$ 1&
#3254000 1,
#3254625 0) 0-
#3254875 0" 0# 0%
#3255125 0*
#3256125 1*
#3256750 1!
#3257000 0*
#3258000 1*
#3258625 0!
#3258750 1"
#3258875 0*
#3259875 1*
#3260500 1!
#3260750 0*
#3261750 1*
#3263000 1) 1-
#3263125 0!
#3263250 1# 1% 0& 1' 1(
#3264000 0)
#3264250 0" 0# 0% 1& 0' 0(
#3264375 1$
#3264500 0*
#3265500 1*
#3265750 1)
#3266125 1! 1" 1# 1% 1' 1(
#3266875 0)
#3268625 1)
#3268875 0! 0$ 0' 0(
#3269625 0) 0-
#3269875 0" 0%
#3270125 0*
#3271125 1*
#3271750 1!
#3272000 0*
#3273000 1*
#3273625 0!
#3273750 1"
#3273875 0*
#3274875 1*
#3275500 1!
#3275750 0*
#3276750 1*
#3278000 1) 1-
#3278125 0!
#3278250 1% 0& 1' 1(
#3279000 0)
#3279250 0" 0% 0' 0(
#3279375 1$ 1&
#3279500 0*
#3280500 1*
#3280750 1)
#3281000 0&
#3281125 1! 1" 1%
#3281875 0)
#3282125 1&
#3282375 0+
#3283375 1+
#3283625 1)
#3283750 0!
#3283875 0$
#3284625 0) 0-
#3284875 0" 0# 0%
#3285000 1$
#3285125 0*
#3286125 1*
#3286750 1!
#3287000 0*
#3288000 1*
#3288625 0!
#3288750 1"
#3288875 0*
#3289875 1*
#3290500 1!
#3290750 0*
#3291750 1*
#3293000 1) 1-
#3293125 0!
#3293250 1# 0$ 1% 0& 1' 1(
#3294000 0)
#3294250 0" 0# 1& 0' 0(
#3294500 0*
#3295500 1*
#3295750 1)
#3296000 0% 0&
#3296125 1" 1$ 1(
#3296875 0)
#3297000 0(
#3297125 1# 1%
#3297375 0+
#3298375 1+
#3298625 1)
#3298875 0$ 1&
#3299625 0) 0-
#3299875 0" 0%
#3300000 1$
#3300125 0*
#3301125 1*
#3301750 1!
#3302000 0*
#3303000 1*
#3303500 00
#3303625 0!
#3303750 1"
#3303875 0*
#3304875 1*
#3305500 1!
#3305750 0*
#3306750 1*
#3308000 1) 1-
#3308125 0!
#3308250 0$ 1% 0& 1' 1(
#3309000 0)
#3309250 0" 1& 0' 0(
#3309500 0*
#3310500 1* 10
#3310750 1)
#3311000 0# 0% 0& 1(
#3311125 1" 1$ 1' 0,
#3311875 0)
#3312000 0' 0(
#3312125 1# 1%
#3312375 0+
#3313375 1+
#3313500 1)
#3313875 0$ 1&
#3314000 1,
#3314625 0) 0-
#3314875 0" 0#
#3315125 0*
#3316125 1*
#3316750 1!
#3317000 0*
#3318000 1*
#3318625 0! 1"
#3318875 0*
#3319875 1*
#3320500 1!
#3320750 0*
#3321750 1*
#3322875 1)
#3323000 1-
#3323125 0!
#3323250 1# 0& 1' 1(
#3324000 0)
#3324250 0" 0# 1$ 1& 0' 0(
#3324500 0*
#3325500 1*
#3325750 1)
#3326125 1! 1" 1# 1' 1(
#3326875 0)
#3328500 1)
#3328875 0! 0$ 0' 0(
#3329625 0) 0-
#3329875 0"
#3330125 0*
#3331125 1*
#3331750 1!
#3332000 0*
#3333000 1*
#3333625 0! 1"
#3333875 0*
#3334875 1*
#3335500 1!
#3335750 0*
#3336750 1*
#3337875 1)
#3338000 1-
#3338125 0! 0&
#3338250 1' 1(
#3339000 0)
#3339250 0" 1$ 1& 0' 0(
#3339500 0*
#3340500 1*
#3340750 1)
#3341000 0# 0$ 0%
#3341875 0)
#3342125 1! 1" 1# 1$ 1%
#3342375 0*
#3343375 1*
#3343500 1)
#3343750 0! 0$
#3344625 0) 0-
#3344875 0" 0# 1$
#3345125 0*
#3346125 1*
#3346750 1!
#3347000 0*
#3348000 1*
#3348500 0!
#3348625 1"
#3348875 0*
#3349875 1*
#3350500 1!
#3350750 0*
#3351750 1*
#3352875 1)
#3353000 1-
#3353125 0! 0$ 0&
#3353250 1# 1' 1(
#3354000 0)
#3354250 0" 0# 0% 0(
#3354500 0*
#3355500 1*
#3355750 1)
#3356000 1" 0' 1(
#3356125 1$
#3356875 0)
#3357000 0(
#3357125 1! 1# 1%
#3357375 0+
#3358375 1+
#3358500 1)
#3358750 0! 0$
#3358875 1&
#3359625 0) 0-
#3359875 0" 1$
#3360125 0*
#3361125 1*
#3361750 1!
#3362000 0*
#3363000 1*
#3363500 0!
#3363625 1"
#3363875 0*
#3364875 1*
#3365500 1!
#3365750 0*
#3366750 1*
#3367875 1)
#3368000 1-
#3368125 0! 0$ 0&
#3368250 1' 1(
#3369000 0)
#3369125 0(
#3369250 0" 0%
#3369500 0*
#3370500 1*
#3370750 1)
#3371000 1" 0# 1$ 1(
#3371125 0,
#3371750 0)
#3372000 1! 0' 0(
#3372125 1# 1%
#3372250 0+
#3373375 1+
#3373500 1)
#3373750 0! 0$
#3373875 1& 1,
#3374625 0) 0-
#3374750 0# 0% 0&
#3374875 0" 1'
#3375125 0*
#3376125 1*
#3376750 1!
#3377000 0*
#3378000 1*
#3378500 0!
#3378625 1"
#3378875 0*
#3379875 1*
#3380500 1!
#3380750 0*
#3381750 1*
#3382875 1) 1-
#3383125 0! 1(
#3383250 1# 1%
#3384000 0)
#3384125 0# 0% 0(
#3384250 0" 1$
#3384500 0*
#3385500 1*
#3385625 1)
#3386000 1! 1" 1# 1% 1& 1(
#3386750 0)
#3387375 00
#3388500 1)
#3388750 0! 0$ 0' 0(
#3389500 0-
#3389625 0)
#3389750 0" 0% 0&
#3389875 1'
#3390125 0*
#3391125 1*
#3391750 1!
#3392000 0*
#3393000 1*
#3393500 0!
#3393625 1"
#3393875 0*
#3394375 10
#3394875 1*
#3395500 1!
#3395750 0*
#3396750 1*
#3397875 1) 1-
#3398125 0! 1(
#3398250 1%
#3399000 0)
#3399125 0" 0% 0(
#3399250 1$
#3399500 0*
#3400500 1*
#3400625 1)
#3400875 0# 0$ 0'
#3401000 1! 1&
#3401750 0)
#3402000 1" 1# 1$ 1%
#3402250 0+
#3403250 1+
#3403500 1)
#3403750 0! 0$
#3404500 0-
#3404625 0)
#3404750 0" 0# 0% 0&
#3404875 1$ 1'
#3405125 0*
#3406125 1*
#3406750 1!
#3407000 0*
#3408000 1*
#3408500 0!
#3408625 1"
#3408875 0*
#3409875 1*
#3410500 1!
#3410750 0*
#3411750 1*
#3412875 1) 1-
#3413125 0! 1# 0$ 1% 1(
#3414000 0)
#3414125 0" 0# 0(
#3414375 0*
#3415500 1*
#3415625 1)
#3415875 0% 0'
#3416000 1" 1$ 1(
#3416750 0)
#3417000 0" 0$ 1& 0(
#3417250 0+
#3418250 1+
#3418500 1)
#3418750 1" 1# 1%
#3419500 0-
#3419625 0)
#3419750 0" 0% 0&
#3419875 1$ 1'
#3420125 0*
#3421125 1*
#3421750 1!
#3421875 0*
#3423000 1*
#3423500 0!
#3423625 1"
#3423750 0*
#3424875 1*
#3425500 1!
#3425625 0*
#3426750 1*
#3427875 1) 1-
#3428125 0! 0$ 1% 1(
#3428875 0)
#3429125 0" 0(
#3429375 0*
#3430500 1*
#3430625 1)
#3430875 0# 0%
#3431000 1" 1$ 1( 0,
#3431750 0)
#3432000 0" 0$ 1& 0' 0(
#3432250 0+
#3433250 1+
#3433500 1)
#3433750 1" 1# 1%
#3433875 1,
#3434500 0) 0-
#3434750 0" 0# 0&
#3434875 1'
#3435000 0*
#3436000 1*
#3436750 1!
#3436875 0*
#3438000 1*
#3438500 0!
#3438625 1"
#3438750 0*
#3439750 1*
#3440375 1!
#3440625 0*
#3441625 1*
#3442875 1) 1-
#3443000 0!
#3443125 1# 1(
#3443875 0)
#3444125 0" 0# 0(
#3444250 1$
#3444375 0*
#3445375 1*
#3445625 1)
#3446000 1! 1" 1# 1& 1(
#3446750 0)
#3448500 1)
#3448750 0! 0$ 0' 0(
#3449500 0) 0-
#3449750 0" 0& 1'
#3450000 0*
#3451000 1*
#3451625 1!
#3451875 0*
#3452875 1*
#3453500 0!
#3453625 1"
#3453750 0*
#3454750 1*
#3455375 1!
#3455625 0*
#3456625 1*
#3457875 1) 1-
#3458000 0!
#3458125 1(
#3458875 0)
#3459125 0" 0(
#3459250 1$
#3459375 0*
#3460375 1*
#3460625 1)
#3460875 0# 0$ 0% 0'
#3461000 1" 1&
#3461750 0)
#3462000 1! 1# 1$ 1%
#3462250 0*
#3463250 1*
#3463500 1)
#3463625 0!
#3463750 0$
#3464500 0) 0-
#3464750 0" 0# 0& 1'
#3464875 1$
#3465000 0*
#3466000 1*
#3466625 1!
#3466875 0*
#3467875 1*
#3468500 0!
#3468625 1"
#3468750 0*
#3469750 1*
#3470375 1!
#3470625 0*
#3471250 00
#3471625 1*
#3472875 1) 1-
#3473000 0!
#3473125 1# 0$ 1(
#3473875 0)
#3474125 0" 0# 0% 0(
#3474250 1&
#3474375 0*
#3475375 1*
#3475625 1)
#3475875 0& 0'
#3476000 1" 1$ 1(
#3476750 0)
#3476875 0(
#3477000 1! 0" 0$ 1&
#3477250 0+
#3478125 10
#3478250 1+
#3478375 1)
#3478625 0!
#3478750 1" 1# 1%
#3479500 0) 0-
#3479750 0" 0& 1'
#3479875 1$
#3480000 0*
#3481000 1*
#3481625 1!
#3481875 0*
#3482875 1*
#3483500 0! 1"
#3483750 0*
#3484750 1*
#3485375 1!
#3485625 0*
#3486625 1*
#3487875 1) 1-
#3488000 0!
#3488125 0$ 1(
#3488875 0)
#3489125 0" 0% 0(
#3489250 1&
#3489375 0*
#3490375 1*
#3490625 1)
#3490875 0# 0&
#3491000 1" 1$ 1( 0,
#3491750 0)
#3491875 0(
#3492000 1! 0" 0$ 1& 0'
#3492250 0+
#3493250 1+
#3493500 1)
#3493625 0!
#3493750 1" 1# 1%
#3493875 1,
#3494500 0) 0-
#3494750 0" 0# 0% 1'
#3495000 0*
#3496000 1*
#3496625 1!
#3496875 0*
#3497875 1*
#3498500 0!
#3498625 1"
#3498750 0*
#3499750 1*
#3500375 1!
#3500625 0*
#3501625 1*
#3502875 1) 1-
#3503000 0!
#3503125 1# 1% 0& 1(
#3503875 0)
#3504125 0" 0# 0% 0(
#3504250 1$ 1&
#3504375 0*
#3505375 1*
#3505625 1)
#3506000 1! 1" 1# 1% 1(
#3506750 0)
#3508500 1)
#3508750 0! 0$ 0' 0(
#3509500 0) 0-
#3509750 0" 0% 1'
#3510000 0*
#3511000 1*
#3511750 1!
#3511875 0*
#3512875 1*
#3513500 0!
#3513625 1"
#3513750 0*
#3514750 1*
#3515375 1!
#3515625 0*
#3516625 1*
#3517875 1) 1-
#3518125 0! 1% 0& 1(
#3518875 0)
#3519125 0" 0% 0(
#3519250 1$ 1&
#3519375 0*
#3520375 1*
#3520625 1)
#3520875 0# 0$ 0'
#3521000 1! 1"
#3521750 0)
#3522000 1# 1$ 1%
#3522250 0+
#3523250 1+
#3523500 1)
#3523750 0! 0$
#3524500 0) 0-
#3524750 0" 0# 0%
#3524875 1$ 1'
#3525000 0*
#3526125 1*
#3526750 1!
#3526875 0*
#3528000 1*
#3528500 0!
#3528625 1"
#3528750 0*
#3529875 1*
#3530500 1!
#3530625 0*
#3531750 1*
#3532875 1) 1-
#3533125 0! 1# 0$ 1% 0& 1(
#3534000 0)
#3534125 0" 0# 0(
#3534250 1&
#3534375 0*
#3535500 1*
#3535625 1)
#3535875 0% 0& 0'
#3536000 1" 1$ 1(
#3536750 0)
#3537000 0$ 1& 0(
#3537250 0+
#3538250 1+
#3538500 1)
#3538750 1%
#3538875 1#
#3539500 0-
#3539625 0)
#3539750 0" 0%
#3539875 1$ 1'
#3540125 0*
#3541125 1*
#3541750 1!
#3542000 0*
#3543000 1*
#3543500 0!
#3543625 1"
#3543875 0*
#3544875 1*
#3545500 1!
#3545750 0*
#3546750 1*
#3547875 1) 1-
#3548125 0! 0$ 0& 1(
#3548250 1%
#3549000 0)
#3549125 0" 0(
#3549250 1&
#3549500 0*
#3550500 1*
#3550625 1)
#3550875 0# 0% 0&
#3551000 1" 1$ 1(
#3551125 0,
#3551750 0)
#3552000 0$ 1& 0' 0(
#3552250 0+
#3553250 1+
#3553500 1)
#3553875 1# 1% 1,
#3554500 0-
#3554625 0)
#3554750 0" 0#
#3554875 1'
#3555000 00
#3555125 0*
#3556125 1*
#3556750 1!
#3557000 0*
#3558000 1*
#3558500 0!
#3558625 1"
#3558875 0*
#3559875 1*
#3560500 1!
#3560750 0*
#3561750 1*
#3562000 10
#3562875 1) 1-
#3563125 0! 0& 1(
#3563250 1#
#3564000 0)
#3564125 0" 0# 0(
#3564250 1$ 1&
#3564500 0*
#3565500 1*
#3565750 1)
#3566000 1! 1" 1# 1(
#3566750 0)
#3568500 1)
#3568750 0! 0$ 0' 0(
#3569625 0) 0-
#3569750 0"
#3569875 1'
#3570125 0*
#3571125 1*
#3571750 1!
#3572000 0*
#3573000 1*
#3573500 0!
#3573625 1"
#3573875 0*
#3574875 1*
#3575500 1!
#3575750 0*
#3576750 1*
#3577875 1)
#3578000 1-
#3578125 0! 0&
#3578250 1(
#3579000 0)
#3579125 0(
#3579250 0" 1$ 1&
#3579500 0*
#3580500 1*
#3580750 1)
#3581000 0$ 0% 0'
#3581750 0)
#3582125 1! 1" 1$ 1%
#3582250 0*
#3583375 1*
#3583500 1)
#3583750 0! 0$
#3584625 0) 0-
#3584875 0" 0# 1$ 1'
#3585125 0*
#3586125 1*
#3586750 1!
#3587000 0*
#3588000 1*
#3588500 0!
#3588625 1"
#3588875 0*
#3589875 1*
#3590500 1!
#3590750 0*
#3591750 1*
#3592875 1)
#3593000 1-
#3593250 1# 1(
#3594000 0)
#3594500 0+
#3595500 1+
#3595750 1)
#3596000 0! 0# 0% 0& 0'
#3596875 0)
#3597000 0$ 0(
#3597125 1! 1&
#3597375 0+
#3598375 1+
#3598500 1)
#3598750 0!
#3598875 1# 1%
#3599625 0) 0-
#3599875 0" 1$ 1'
#3600125 0*
#3601125 1*
#3601750 1!
#3602000 0*
#3603000 1*
#3603625 0! 1"
#3603875 0*
#3604875 1*
#3605500 1!
#3605750 0*
#3606750 1*
#3608000 1) 1-
#3608250 0! 0$ 0& 1(
#3609000 0)
#3609250 0" 0# 0% 0' 0(
#3609500 0*
#3610500 1*
#3611125 1!
#3611375 0*
#3612375 1*
#3613000 0!
#3613125 1"
#3613250 0*
#3614000 1)
#3614250 1*
#3614375 1# 1% 1' 1(
#3615125 0)
#3615375 0" 0# 0% 0' 0(
#3615625 0*
#3616625 1*
#3617250 1!
#3617500 0*
#3618500 1*
#3619125 0! 1"
#3619375 0*
#3620125 1)
#3620375 1*
#3620500 1$ 1' 1( 0,
#3621250 0)
#3621375 0(
#3621500 1! 0$ 1& 0'
#3621750 0+
#3622750 1+
#3623000 1)
#3623250 0! 0" 1$ 1% 0& 1' 1(
#3623375 1,
#3624125 0)
#3624250 0% 0' 0(
#3624375 1#
#3624500 0*
#3625625 1*
#3626250 1%
#3626375 0*
#3627500 1*
#3627625 1)
#3627875 0$
#3628000 1' 1(
#3628750 0)
#3629000 1$ 0% 0' 0(
#3629250 0*
#3630250 1*
#3630500 1)
#3630750 0# 1% 1' 1(
#3631625 0)
#3631750 0% 0' 0(
#3631875 1#
#3632125 0*
#3633125 1*
#3633750 1%
#3634000 0*
#3635000 1*
#3635125 1)
#3635375 0$
#3635500 1' 1(
#3636250 0)
#3636500 1$ 0% 0' 0(
#3636750 0*
#3637750 1*
#3638000 1)
#3638250 0$ 1' 1(
#3638375 1" 1%
#3638875 00
#3639125 0)
#3639250 0" 0# 0% 0' 0(
#3639625 0*
#3640625 1*
#3641250 1!
#3641500 0*
#3642500 1*
#3643000 0!
#3643125 1"
#3643375 0*
#3644125 1)
#3644375 1' 1( 1*
#3644500 1# 1%
#3645250 0)
#3645375 0" 0# 0% 0' 0(
#3645625 0*
#3645875 10
#3646625 1*
#3647375 1!
#3647500 0*
#3648625 1*
#3649125 0!
#3649250 1"
#3649375 0*
#3650625 1)
#3650875 1*
#3651500 1$ 1(
#3652250 0)
#3652375 0$ 0(
#3652500 0" 1# 1&
#3652750 0+
#3653750 1+
#3654375 1)
#3654625 0# 0&
#3654750 1$ 1% 1' 1(
#3655500 0)
#3656125 0% 0' 0(
#3656250 1#
#3656500 0*
#3657500 1*
#3658125 1%
#3658375 0*
#3659375 1*
#3659625 1)
#3659875 0$ 1' 1(
#3660625 0)
#3660875 0% 0' 0(
#3661000 1$
#3661125 0*
#3662125 1*
#3662375 1)
#3662625 0#
#3662750 1% 1' 1(
#3663500 0)
#3663625 0% 0' 0(
#3663750 1#
#3664000 0*
#3665000 1*
#3665625 1%
#3665875 0*
#3666875 1*
#3667125 1)
#3667375 0$ 1' 1(
#3668125 0)
#3668375 0% 0' 0(
#3668500 1$
#3668625 0*
#3669625 1*
#3669875 1)
#3670125 0$
#3670250 1" 1% 1' 1(
#3671000 0)
#3671125 0(
#3671250 0" 0# 0% 0'
#3671500 0*
#3672500 1*
#3673125 1!
#3673375 0*
#3674375 1*
#3674875 0!
#3675000 1"
#3675250 0*
#3676000 1)
#3676250 1*
#3676375 1# 1% 1' 1(
#3677125 0)
#3677250 0# 0% 0' 0(
#3677375 0"
#3677625 0*
#3678625 1*
#3679250 1!
#3679500 0*
#3680500 1*
#3681000 0!
#3681125 1"
#3681375 0*
#3682125 1)
#3682375 1' 1( 1*
#3682500 1$ 0,
#3683250 0)
#3683375 0" 0$ 0' 0(
#3683500 1# 1&
#3683750 0+
#3684750 1+
#3684875 1)
#3685125 0# 0&
#3685250 1$ 1% 1' 1( 1,
#3686000 0)
#3686250 1# 0% 0' 0(
#3686500 0*
#3687500 1*
#3688125 1%
#3688375 0*
#3689375 1*
#3689625 1)
#3689875 0$ 1' 1(
#3690750 0)
#3690875 0% 0' 0(
#3691000 1$
#3691250 0*
#3692250 1*
#3692375 1)
#3692625 0#
#3692750 1% 1' 1(
#3693500 0)
#3693750 1# 0% 0' 0(
#3694000 0*
#3695000 1*
#3695625 1%
#3695875 0*
#3696875 1*
#3697125 1)
#3697375 0$ 1' 1(
#3698250 0)
#3698375 0% 0' 0(
#3698500 1$
#3698750 0*
#3699750 1*
#3699875 1)
#3700125 0$
#3700250 1" 1% 1' 1(
#3701000 0)
#3701250 0" 0# 0% 0' 0(
#3701500 0*
#3702500 1*
#3703125 1!
#3703375 0*
#3704375 1*
#3705000 0! 1"
#3705250 0*
#3706000 1)
#3706250 1*
#3706375 1# 1% 1' 1(
#3707125 0)
#3707250 0' 0(
#3707375 0" 0# 0%
#3707625 0*
#3708625 1*
#3709250 1!
#3709500 0*
#3710500 1*
#3711000 0!
#3711125 1"
#3711375 0*
#3712125 1)
#3712375 1( 1*
#3712500 1$
#3713250 0)
#3713375 0" 0$ 0(
#3713500 1! 1# 1&
#3713750 0+
#3714750 1+
#3714875 1)
#3715125 0! 0# 0&
#3715250 1$ 1% 1' 1(
#3716000 0)
#3716250 1# 0% 0' 0(
#3716500 0*
#3717500 1*
#3718125 1%
#3718375 0*
#3719375 1*
#3719625 1)
#3719875 0$ 1' 1(
#3720750 0)
#3720875 0% 0' 0(
#3721000 1$
#3721250 0*
#3722250 1*
#3722375 1)
#3722625 0#
#3722750 1% 1' 1( 00
#3723500 0)
#3723750 1# 0% 0' 0(
#3724000 0*
#3725000 1*
#3725625 1%
#3725875 0*
#3726875 1*
#3727125 1)
#3727375 0$ 1' 1(
#3728250 0)
#3728375 0% 0' 0(
#3728500 1$
#3728750 0*
#3729750 1* 10
#3729875 1)
#3745125 0#
#3745250 1" 1' 1(
#3745375 0,
#3746000 0)
#3746250 1! 0" 1# 0$ 1& 0' 0(
#3746500 0+
#3747500 1+
#3747750 1)
#3749000 1" 1$ 1% 1' 1(
#3749125 1,
#3749750 0)
#3751500 1)
#3754500 0! 0$ 0&
#3755375 0)
#3755625 0" 0# 0% 0' 0(
#3755875 0*
#3756875 1*
#3757125 1)
#3757375 1' 1(
#3757500 1! 1" 1# 1$ 1% 1&
#3758250 0)
#3759875 1)
#3761000 0)
#3761500 0+
#3762500 1+
#3763375 0+
#3764375 1+
#3765250 0+
#3766250 1+
#3767125 0+
#3768125 1+
#3769250 1)
#3769500 0! 0$ 0&
#3770375 0)
#3770625 0" 0% 0' 0(
#3770875 0*
#3771875 1*
#3772125 1)
#3772375 1" 0# 1(
#3772500 1$
#3773125 0)
#3773375 0$ 0(
#3773500 1# 1&
#3773750 0+
#3774750 1+
#3774875 1)
#3775250 1%
#3776000 0) 0-
#3776125 0%
#3776250 0" 0# 0& 1(
#3776500 0*
#3777500 1*
#3778125 1!
#3778375 0*
#3779375 1*
#3779875 0!
#3780000 1"
#3780250 0*
#3781250 1*
#3781875 1!
#3782125 0*
#3783125 1*
#3784250 1) 1-
#3784500 0!
#3784625 1# 1% 1'
#3785375 0)
#3785500 0# 0% 0'
#3785625 0" 1$ 0(
#3785875 0*
#3786875 1*
#3787125 1)
#3787375 1" 1' 1(
#3787500 0,
#3788125 0)
#3788375 0$ 1& 0' 0(
#3788500 1#
#3788625 0+
#3789750 1+
#3789875 1)
#3790250 1% 1,
#3791000 0) 0-
#3791125 0" 0% 0&
#3791250 1(
#3791500 0*
#3792500 1*
#3793125 1!
#3793375 0*
#3794375 1*
#3794875 0!
#3795000 1"
#3795250 0*
#3796250 1*
#3796875 1!
#3797125 0*
#3798125 1*
#3799250 1) 1-
#3799500 0! 1'
#3799625 1%
#3800375 0)
#3800500 0" 0% 0' 0(
#3800625 1$
#3800875 0*
#3801875 1*
#3802000 1)
#3802250 0$
#3802375 1! 1&
#3803125 0)
#3803375 1" 1$ 1%
#3803625 0+
#3804625 1+
#3804875 1)
#3805125 0! 0$
#3805875 0-
#3806000 0)
#3806125 0" 0# 0% 0&
#3806250 1$ 1(
#3806500 0*
#3806625 00
#3807500 1*
#3808125 1!
#3808375 0*
#3809375 1*
#3809875 0!
#3810000 1"
#3810250 0*
#3811250 1*
#3811875 1!
#3812125 0*
#3813125 1*
#3813500 10
#3814250 1) 1-
#3814500 0! 0$ 1'
#3814625 1# 1%
#3815375 0)
#3815500 0" 0# 0' 0(
#3815750 0*
#3816875 1*
#3817000 1)
#3817250 0%
#3817375 1" 1$ 1(
#3818125 0)
#3818375 1! 1# 0$ 1& 0(
#3818625 0+
#3819625 1+
#3819875 1)
#3820125 0! 1%
#3820875 0-
#3821000 0)
#3821125 0" 0% 0&
#3821250 1$ 1(
#3821500 0*
#3822500 1*
#3823125 1!
#3823250 0*
#3824375 1*
#3824875 0!
#3825000 1"
#3825125 0*
#3826250 1*
#3826875 1!
#3827000 0*
#3828125 1*
#3829250 1) 1-
#3829500 0! 0$ 1% 1'
#3830250 0)
#3830500 0" 0' 0(
#3830750 0*
#3831875 1*
#3832000 1)
#3832250 0# 0%
#3832375 1" 1$ 1' 1( 0,
#3833125 0)
#3833250 0(
#3833375 1! 1# 0$ 1& 0'
#3833625 0+
#3834625 1+
#3834875 1)
#3835000 0!
#3835125 1%
#3835250 1,
#3835875 0) 0-
#3836125 0" 0# 0& 1(
#3836375 0*
#3837375 1*
#3838125 1!
#3838250 0*
#3839250 1*
#3839875 0!
#3840000 1"
#3840125 0*
#3841125 1*
#3841750 1!
#3842000 0*
#3843000 1*
#3844250 1) 1-
#3844375 0!
#3844500 1# 1'
#3845250 0)
#3845500 0" 0# 0' 0(
#3845625 1$
#3845750 0*
#3846750 1*
#3847000 1)
#3847375 1! 1" 1# 1& 1' 1(
#3848125 0)
#3849875 1)
#3850125 0! 0$ 0' 0(
#3850875 0) 0-
#3851125 0" 0& 1(
#3851375 0*
#3852375 1*
#3853000 1!
#3853250 0*
#3854250 1*
#3854875 0! 1"
#3855125 0*
#3856125 1*
#3856750 1!
#3857000 0*
#3858000 1*
#3859125 1)
#3859250 1-
#3859375 0!
#3859500 1'
#3860250 0)
#3860500 0" 1$ 0' 0(
#3860750 0*
#3861750 1*
#3862000 1)
#3862250 0$ 0%
#3862375 1" 1&
#3863125 0)
#3863375 1! 1$ 1%
#3863625 0*
#3864625 1*
#3864750 1)
#3865000 0! 0$
#3865875 0) 0-
#3866125 0" 0# 1$ 0& 1(
#3866375 0*
#3867375 1*
#3868000 1!
#3868250 0*
#3869250 1*
#3869875 0! 1"
#3870125 0*
#3871125 1*
#3871750 1!
#3872000 0*
#3873000 1*
#3874125 1)
#3874250 1-
#3874375 0! 0$
#3874500 1# 1'
#3875250 0)
#3875500 0" 0# 0% 1& 0' 0(
#3875750 0*
#3876750 1*
#3877000 1)
#3877250 0& 1(
#3877375 1" 1$
#3878125 0)
#3878250 0" 0(
#3878375 1&
#3878625 0+
#3879625 1+
#3879750 1)
#3880000 0$
#3880125 1" 1# 1%
#3880875 0) 0-
#3881125 0" 1$ 0& 1(
#3881375 0*
#3882375 1*
#3883000 1!
#3883250 0*
#3884250 1*
#3884875 0! 1"
#3885125 0*
#3886125 1*
#3886750 1!
#3887000 0*
#3888000 1*
#3889125 1)
#3889250 1-
#3889375 0! 0$
#3889500 1'
#3890250 0)
#3890375 00
#3890500 0" 0% 1& 0' 0(
#3890750 0*
#3891750 1*
#3892000 1)
#3892250 0# 0& 1' 1(
#3892375 1" 1$ 0,
#3893125 0)
#3893250 0" 0' 0(
#3893375 1&
#3893625 0+
#3894625 1+
#3894750 1)
#3895000 0$
#3895125 1" 1# 1%
#3895250 1,
#3895875 0) 0-
#3896125 0" 0# 0% 1(
#3896375 0*
#3897375 1* 10
#3898000 1!
#3898250 0*
#3899250 1*
#3899750 0!
#3899875 1"
#3900125 0*
#3901125 1*
#3901750 1!
#3902000 0*
#3903000 1*
#3904125 1)
#3904250 1-
#3904375 0! 0&
#3904500 1# 1% 1'
#3905250 0)
#3905500 0" 0# 1$ 0% 1& 0' 0(
#3905750 0*
#3906750 1*
#3907000 1)
#3907250 1' 1(
#3907375 1! 1" 1# 1%
#3908125 0)
#3909750 1)
#3910000 0! 0' 0(
#3910125 0$
#3910875 0) 0-
#3911125 0" 0% 1(
#3911375 0*
#3912375 1*
#3913000 1!
#3913250 0*
#3914250 1*
#3914750 0!
#3914875 1"
#3915125 0*
#3916125 1*
#3916750 1!
#3917000 0*
#3918000 1*
#3919125 1)
#3919250 1-
#3919375 0! 0&
#3919500 1% 1'
#3920250 0)
#3920500 0" 1$ 0% 1& 0' 0(
#3920750 0*
#3921750 1*
#3922000 1)
#3922250 1! 1" 0$
#3923125 0)
#3923375 1$ 1%
#3923625 0+
#3924625 1+
#3924750 1)
#3925000 0! 0$
#3925875 0) 0-
#3926125 0" 0# 1$ 0% 1(
#3926375 0*
#3927375 1*
#3928000 1!
#3928250 0*
#3929250 1*
#3929875 0! 1"
#3930125 0*
#3931125 1*
#3931750 1!
#3932000 0*
#3933000 1*
#3934125 1)
#3934250 1-
#3934375 0! 0$ 0&
#3934500 1# 1% 1'
#3935250 0)
#3935500 0" 0# 1& 0' 0(
#3935750 0*
#3936750 1*
#3937000 1)
#3937250 0% 0& 1(
#3937375 1" 1$
#3938125 0)
#3938250 0" 0(
#3938375 1! 1&
#3938625 0+
#3939625 1+
#3939750 1)
#3940000 0! 0$
#3940125 1" 1# 1%
#3940875 0) 0-
#3941125 0" 1$ 0% 1(
#3941375 0*
#3942375 1*
#3943000 1!
#3943250 0*
#3944250 1*
#3944875 0! 1"
#3945125 0*
#3946125 1*
#3946750 1!
#3947000 0*
#3948000 1*
#3949125 1)
#3949250 1-
#3949375 0!
#3949500 0$ 1% 0& 1'
#3950250 0)
#3950500 0" 1& 0' 0(
#3950750 0*
#3951750 1*
#3952000 1)
#3952250 0# 0% 0& 1(
#3952375 1" 1$ 1' 0,
#3953125 0)
#3953250 0" 0' 0(
#3953375 1! 1&
#3953625 0+
#3954625 1+
#3954750 1)
#3955000 0! 0$
#3955125 1" 1# 1%
#3955250 1,
#3955875 0) 0-
#3956125 0" 0# 1(
#3956375 0*
#3957375 1*
#3958000 1!
#3958250 0*
#3959250 1*
#3959875 0! 1"
#3960125 0*
#3961125 1*
#3961750 1!
#3962000 0*
#3963000 1*
#3964250 1) 1-
#3964375 0!
#3964500 1# 0& 1'
#3965250 0)
#3965500 0" 0# 1$ 1& 0' 0(
#3965750 0*
#3966750 1*
#3967000 1)
#3967375 1! 1" 1# 1' 1(
#3968125 0)
#3969875 1)
#3970125 0! 0$ 0' 0(
#3970875 0) 0-
#3971125 0" 1(
#3971375 0*
#3972375 1*
#3973000 1!
#3973250 0*
#3974250 1* 00
#3974875 0!
#3975000 1"
#3975125 0*
#3976125 1*
#3976750 1!
#3977000 0*
#3978125 1*
#3979250 1) 1-
#3979500 0! 0& 1'
#3980250 0)
#3980500 0" 0' 0(
#3980625 1$ 1&
#3980750 0*
#3981250 10
#3981875 1*
#3982000 1)
#3982250 0# 0%
#3983125 0)
#3983375 1! 1" 1# 1%
#3983625 0*
#3984625 1*
#3984875 1)
#3985125 0! 0$
#3985875 0) 0-
#3986125 0" 0#
#3986250 1$ 1(
#3986375 0*
#3987500 1*
#3988125 1!
#3988250 0*
#3989375 1*
#3989875 0!
#3990000 1"
#3990250 0*
#3991250 1*
#3991875 1!
#3992125 0*
#3993125 1*
#3994250 1) 1-
#3994500 0! 1# 0$ 0& 1'
#3995375 0)
#3995500 0" 0# 0% 0(
#3995875 0*
#3996875 1*
#3997000 1)
#3997250 0'
#3997375 1" 1$ 1(
#3998125 0)
#3998375 1& 0(
#3998625 0+
#3999625 1+
#3999875 1)
#4000125 0$
#4000250 1# 1%
#4000875 0-
#4001000 0)
#4001125 0"
#4001250 1$ 1(
#4001500 0*
#4002500 1*
#4003125 1!
#4003375 0*
#4004375 1*
#4004875 0!
#4005000 1"
#4005250 0*
#4006250 1*
#4006875 1!
#4007125 0*
#4008125 1*
#4009250 1) 1-
#4009500 0! 0$ 0& 1'
#4010375 0)
#4010500 0" 0% 0(
#4010875 0*
#4011875 1*
#4012125 1)
#4012250 0#
#4012375 1" 1$ 1(
#4012500 0,
#4013125 0)
#4013375 1& 0' 0(
#4013625 0+
#4014750 1+
#4014875 1)
#4015125 0$
#4015250 1# 1% 1,
#4016000 0) 0-
#4016125 0# 0% 0&
#4016250 0" 1' 1(
#4016500 0*
#4017500 1*
#4018125 1!
#4018375 0*
#4019375 1*
#4019875 0!
#4020000 1"
#4020250 0*
#4021250 1*
#4021875 1!
#4022125 0*
#4023125 1*
#4024250 1)
#4024375 1-
#4024500 0!
#4024625 1# 1%
#4025375 0)
#4025625 0" 0# 1$ 0% 0(
#4025875 0*
#4026875 1*
#4027125 1)
#4027375 1! 1" 1% 1& 1(
#4027500 1#
#4028250 0)
#4029875 1)
#4030125 0! 0' 0(
#4030250 0$
#4031000 0) 0-
#4031250 0" 0% 0& 1' 1(
#4031500 0*
#4032500 1*
#4033125 1!
#4033375 0*
#4034375 1*
#4035000 0! 1"
#4035250 0*
#4036250 1*
#4036875 1!
#4037125 0*
#4038125 1*
#4039250 1)
#4039375 1-
#4039500 0!
#4039625 1%
#4040375 0)
#4040625 0" 1$ 0% 0(
#4040875 0*
#4041875 1*
#4042125 1)
#4042375 1! 0# 0'
#4042500 1&
#4043250 0)
#4043500 1" 1# 1%
#4043750 0+
#4044750 1+
#4044875 1)
#4045125 0!
#4045250 0$
#4046000 0) 0-
#4046250 0" 0# 1$ 0% 0& 1' 1(
#4046500 0*
#4047500 1*
#4048125 1!
#4048375 0*
#4049375 1*
#4050000 0! 1"
#4050250 0*
#4051250 1*
#4051875 1!
#4052125 0*
#4053125 1*
#4054375 1) 1-
#4054500 0!
#4054625 1# 0$ 1%
#4055375 0)
#4055625 0" 0# 0(
#4055875 0*
#4056875 1*
#4057125 1)
#4057375 0% 0'
#4057500 1" 1$ 1(
#4058125 00
#4058250 0)
#4058375 0(
#4058500 1! 1&
#4058750 0+
#4059750 1+
#4060000 1)
#4060125 0!
#4060250 1# 0$ 1%
#4061000 0) 0-
#4061250 0" 0% 0& 1(
#4061375 1$ 1'
#4061500 0*
#4062500 1*
#4063250 1!
#4063375 0*
#4064500 1*
#4065000 0!
#4065125 1" 10
#4065250 0*
#4066375 1*
#4067000 1!
#4067125 0*
#4068250 1*
#4069375 1) 1-
#4069625 0! 0$ 1%
#4070500 0)
#4070625 0" 0(
#4070875 0*
#4072000 1*
#4072125 1)
#4072375 0# 0%
#4072500 1" 1$ 1( 0,
#4073250 0)
#4073500 1! 1& 0' 0(
#4073750 0+
#4074750 1+
#4075000 1)
#4075250 0! 1# 0$ 1%
#4075375 1,
#4076000 0-
#4076125 0)
#4076250 0" 0# 0&
#4076375 1' 1(
#4076625 0*
#4077625 1*
#4078250 1!
#4078500 0*
#4079500 1*
#4080000 0!
#4080125 1"
#4080375 0*
#4081375 1*
#4082000 1!
#4082250 0*
#4083250 1*
#4084375 1) 1-
#4084625 0!
#4084750 1#
#4085500 0)
#4085625 0" 0# 0(
#4085750 1$
#4086000 0*
#4087000 1*
#4087125 1)
#4087500 1! 1" 1# 1& 1(
#4088250 0)
#4090000 1)
#4090250 0! 0$ 0' 0(
#4091000 0-
#4091125 0)
#4091250 0" 0&
#4091375 1' 1(
#4091625 0*
#4092625 1*
#4093250 1!
#4093500 0*
#4094500 1*
#4095000 0!
#4095125 1"
#4095375 0*
