$date Thu Aug  6 15:52:08 2026 $end
$version libsigrok 0.5.2 $end
$comment
  Acquisition with 16/16 channels at 80 MHz
$end
$timescale 100 ps $end
$scope module libsigrok $end
$var wire 1 ! A0 $end
$var wire 1 " A1 $end
$var wire 1 # A2 $end
$var wire 1 $ A3 $end
$var wire 1 % A4 $end
$var wire 1 & A5 $end
$var wire 1 ' A6 $end
$var wire 1 ( A7 $end
$var wire 1 ) RAS $end
$var wire 1 * CAS0 $end
$var wire 1 + CAS1 $end
$var wire 1 , R/W $end
$var wire 1 - VDS $end
$var wire 1 . IRQ $end
$var wire 1 / CSW $end
$var wire 1 0 CSR $end
$upscope $end
$enddefinitions $end
#0 0! 0" 1# 0$ 0% 0& 1' 0( 0) 0* 1+ 1, 1- 0. 1/ 10
#125 1! 0# 1& 1) 0- 00
#250 1" 1# 1$ 1% 1( 0) 1* 0+ 1- 10
#1000 1+
#1875 0+
#2875 1+
#3750 0+
#4750 1+
#5875 1)
#6125 0! 0$ 0&
#6875 0)
#7125 0" 0% 0' 0(
#7375 0*
#8375 1*
#8625 1)
#9000 1! 1" 1$ 1% 1& 1' 1( 0,
#9750 0)
#10000 0# 0' 0(
#10250 0+
#11250 1+
#11500 1)
#11875 1,
#12500 0) 0-
#12750 0! 0" 0$ 0% 0&
#13000 0*
#14000 1*
#14625 1!
#14875 0*
#15875 1*
#16500 0!
#16625 1"
#16750 0*
#17750 1*
#18375 1!
#18625 0*
#19625 1*
#20875 1) 1-
#21000 0!
#21125 1# 1% 1' 1(
#21875 0)
#22125 0" 0# 0% 0' 0(
#22250 1$
#22375 0*
#23375 1*
#23625 1)
#24000 1! 1" 1# 1% 1& 1' 1(
#24750 0)
#26500 1)
#26750 0# 0' 0(
#27500 0) 0-
#27750 0! 0" 0$ 0% 0&
#27875 1#
#28000 0*
#29000 1*
#29625 1!
#29875 0*
#30875 1*
#31500 0!
#31625 1"
#31750 0*
#32750 1*
#33375 1!
#33625 0*
#34625 1*
#35875 1) 1-
#36000 0!
#36125 1% 1' 1(
#36875 0)
#37125 0" 1$ 0% 0' 0(
#37375 0*
#38375 1*
#38625 1)
#38875 0# 0$
#39000 1! 1% 1& 1' 1(
#39750 0)
#40000 1" 1# 1$
#40250 0+
#41250 1+
#41375 1)
#41750 0# 0' 0(
#42500 0) 0-
#42750 0! 0" 0% 0&
#43000 0*
#44000 1*
#44625 1!
#44875 0*
#45875 1*
#46500 0! 1"
#46750 0*
#47750 1*
#48375 1!
#48625 0*
#49000 00
#49625 1*
#50750 1)
#50875 1-
#51000 0!
#51125 1# 0$ 1% 1' 1(
#51875 0)
#52125 0" 0# 0' 0(
#52375 0*
#53375 1*
#53625 1)
#53875 1(
#54000 1! 1" 1# 1$ 1& 1' 0,
#54750 0)
#54875 0! 0" 0' 0(
#55250 0+
#55875 10
#56250 1+
#56375 1)
#56625 0#
#56750 1! 1"
#56875 1,
#57500 0) 0-
#57750 0! 0" 1# 0% 0&
#58000 0*
#59000 1*
#59625 1!
#59875 0*
#60875 1*
#61500 0! 1"
#61750 0*
#62750 1*
#63375 1!
#63625 0*
#64625 1*
#65750 1)
#65875 1-
#66000 0! 0$
#66125 1% 1' 1(
#66875 0)
#67125 0" 0' 0(
#67375 0*
#68375 1*
#68625 1)
#68875 1! 1& 1' 1(
#69000 1" 1$
#69750 0)
#71375 1)
#71625 0# 0' 0(
#72500 0) 0-
#72750 0! 0" 0$ 0&
#73000 0*
#74000 1*
#74625 1!
#74875 0*
#75875 1*
#76375 0!
#76500 1"
#76750 0*
#77750 1*
#78375 1!
#78625 0*
#79625 1*
#80750 1) 1-
#81000 0!
#81125 1# 1' 1(
#81875 0)
#82000 0' 0(
#82125 0" 0# 1$
#82375 0*
#83375 1*
#83625 1)
#83875 1! 1" 1# 1& 1' 1(
#84000 0,
#84625 0)
#84875 0" 0' 0(
#85125 0+
#86250 1+
#86375 1)
#86625 0#
#86750 1" 1,
#87500 0) 0-
#87625 0! 0"
#87750 1# 0$ 0&
#88000 0*
#89000 1*
#89625 1!
#89875 0*
#90875 1*
#91375 0!
#91500 1"
#91750 0*
#92750 1*
#93375 1!
#93625 0*
#94625 1*
#95750 1) 1-
#96000 0! 1(
#96125 1'
#96875 0)
#97000 0" 0' 0(
#97125 1$
#97375 0*
#98375 1*
#98500 1)
#98750 0# 0$
#98875 1" 1& 1' 1(
#99625 0)
#99875 1! 1# 1$
#100125 0*
#101125 1*
#101375 1)
#101625 0# 0' 0(
#102375 0-
#102500 0)
#102625 0! 0" 0&
#103000 0*
#104000 1*
#104625 1!
#104875 0*
#105875 1*
#106375 0!
#106500 1"
#106750 0*
#107750 1*
#108375 1!
#108625 0*
#109625 1*
#110750 1) 1-
#111000 0! 0$ 1' 1(
#111125 1#
#111875 0)
#112000 0" 0# 0% 0' 0(
#112125 1&
#112375 0*
#113375 1*
#113500 1)
#113875 1! 1" 1# 1$ 1% 1' 1(
#114000 0,
#114625 0)
#114875 0! 0' 0(
#115125 0+
#116125 1+
#116375 1)
#116625 1! 0#
#116750 1,
#117375 0-
#117500 0)
#117625 0! 0" 0&
#117750 1#
#118000 0*
#119000 1*
#119625 1!
#119875 0*
#120875 1*
#121375 0!
#121500 1"
#121750 0*
#122750 1*
#123375 1!
#123625 0*
#124625 1*
#125750 1) 1-
#126000 0! 0$ 1' 1(
#126875 0)
#127000 0" 0% 0' 0(
#127125 1&
#127250 0*
#128375 1*
#128500 1)
#128875 1! 1" 1$ 1% 1' 1(
#129625 0)
#131375 1)
#131625 0# 0' 0(
#132375 0-
#132500 0)
#132625 0! 0" 0$ 0%
#132750 00
#132875 0*
#134000 1*
#134625 1!
#134750 0*
#135875 1*
#136375 0!
#136500 1"
#136625 0*
#137750 1*
#138375 1!
#138500 0*
#139625 1*
#139750 10
#140750 1) 1-
#141000 0! 1# 1% 0& 1' 1(
#141875 0)
#142000 0" 0# 0% 0' 0(
#142125 1$ 1&
#142250 0*
#143375 1*
#143500 1)
#143875 1! 1" 1# 1% 1' 1( 0,
#144625 0)
#144875 0' 0(
#145125 0+
#146125 1+
#146375 1)
#146625 0#
#146750 1,
#147375 0) 0-
#147625 0! 0" 0$ 0%
#147750 1#
#147875 0*
#148875 1*
#149500 1!
#149750 0*
#150750 1*
#151375 0!
#151500 1"
#151625 0*
#152625 1*
#153250 1!
#153500 0*
#154500 1*
#155750 1) 1-
#156000 0! 1% 0& 1' 1(
#156750 0)
#157000 0" 0% 0' 0(
#157125 1$ 1&
#157250 0*
#158250 1*
#158500 1)
#158750 0# 0$
#158875 1! 1" 1% 1' 1(
#159625 0)
#159875 1# 1$
#160125 0+
#161125 1+
#161375 1)
#161625 0# 0' 0(
#162375 0) 0-
#162625 0! 0" 0%
#162875 0*
#163875 1*
#164500 1!
#164750 0*
#165750 1*
#166375 0!
#166500 1"
#166625 0*
#167625 1*
#168250 1!
#168500 0*
#169500 1*
#170750 1) 1-
#171000 0! 1# 0$ 1% 0& 1' 1(
#171750 0)
#172000 0" 0# 1& 0' 0(
#172250 0*
#173250 1*
#173500 1)
#173875 1! 1" 1# 1$ 1' 1( 0,
#174625 0)
#174875 0! 0" 0# 0$ 0% 0& 0(
#175125 0+
#176125 1+
#176375 1)
#176625 1! 1" 1$ 1% 1& 0'
#176750 1,
#177375 0) 0-
#177625 0! 0" 0%
#177750 1#
#177875 0*
#178875 1*
#179500 1!
#179750 0*
#180750 1*
#181375 0!
#181500 1"
#181625 0*
#182625 1*
#183250 1!
#183500 0*
#184500 1*
#185750 1) 1-
#186000 0! 0$ 1% 0& 1' 1(
#186750 0)
#187000 0" 0' 0(
#187125 1&
#187250 0*
#188250 1*
#188500 1)
#188875 1! 1" 1$ 1' 1(
#189625 0)
#191375 1)
#191625 0# 0' 0(
#192375 0) 0-
#192625 0! 0" 0$
#192875 0*
#193875 1*
#194500 1!
#194750 0*
#195750 1*
#196375 0!
#196500 1"
#196625 0*
#197625 1*
#198250 1!
#198500 0*
#199500 1*
#200750 1) 1-
#201000 0! 1# 0& 1' 1(
#201750 0)
#202000 0" 0# 0' 0(
#202125 1$ 1&
#202250 0*
#203250 1*
#203500 1)
#203875 1! 1" 1# 1' 1( 0,
#204625 0)
#204875 0" 0# 0$ 0% 0& 0(
#205125 0+
#206125 1+
#206375 1)
#206625 1" 1$ 1% 1& 0'
#206750 1,
#207375 0) 0-
#207625 0! 0" 0$
#207750 1#
#207875 0*
#208875 1*
#209500 1!
#209750 0*
#210875 1*
#211375 0!
#211500 1"
#211625 0*
#212750 1*
#213250 1!
#213500 0*
#214625 1*
#215750 1) 1-
#216000 0! 0& 1' 1(
#216625 00
#216750 0)
#217000 0" 0' 0(
#217125 1$ 1&
#217250 0*
#218375 1*
#218500 1)
#218750 0$
#218875 1' 1(
#219625 0)
#219875 1! 1" 1$
#220125 0*
#221125 1*
#221375 1)
#221625 0# 0' 0(
#222375 0) 0-
#222625 0! 0"
#222875 0*
#223625 10
#224000 1*
#224625 1!
#224750 0*
#225875 1*
#226375 0!
#226500 1"
#226625 0*
#227750 1*
#228375 1!
#228625 0*
#229625 1*
#230750 1) 1-
#231000 0! 1# 0$ 0& 1' 1(
#231875 0)
#232000 0" 0# 0% 0(
#232375 0*
#233375 1*
#233500 1)
#233875 1! 1" 1# 1$ 1% 1& 1( 0,
#234625 0)
#234875 0! 0# 0$ 0% 0& 0(
#235125 0+
#236125 1+
#236375 1)
#236625 1! 1% 1& 0'
#236750 1$ 1,
#237375 0-
#237500 0)
#237625 0! 0"
#237750 1#
#238000 0*
#239000 1*
#239625 1!
#239875 0*
#240875 1*
#241375 0!
#241500 1"
#241750 0*
#242750 1*
#243375 1!
#243625 0*
#244625 1*
#245750 1) 1-
#246000 0! 0$ 0& 1' 1(
#246875 0)
#247000 0" 0% 0(
#247375 0*
#248375 1*
#248500 1)
#248875 1! 1" 1$ 1% 1& 1(
#249625 0)
#251375 1)
#251625 0# 0' 0(
#252375 0-
#252500 0)
#252625 0! 0" 0$ 0% 0&
#252750 1'
#253000 0*
#254000 1*
#254625 1!
#254875 0*
#255875 1*
#256375 0!
#256500 1"
#256750 0*
#257750 1*
#258375 1!
#258625 0*
#259625 1*
#260750 1) 1-
#261000 0!
#261125 1# 1% 1(
#261875 0)
#262000 0# 0(
#262125 0" 1$ 0%
#262375 0*
#263375 1*
#263625 1)
#263875 1! 1" 1# 1% 1& 1(
#264000 0,
#264625 0)
#264875 0# 0$ 0% 0& 0(
#265125 0+
#266250 1+
#266375 1)
#266625 0'
#266750 1$ 1% 1& 1,
#267500 0) 0-
#267750 0! 0" 1# 0$ 0% 0& 1'
#268000 0*
#269000 1*
#269625 1!
#269875 0*
#270875 1*
#271375 0!
#271500 1"
#271750 0*
#272750 1*
#273375 1!
#273625 0*
#274625 1*
#275750 1)
#275875 1-
#276000 0!
#276125 1% 1(
#276875 0)
#277125 0" 1$ 0% 0(
#277375 0*
#278375 1*
#278625 1)
#278875 1! 0$ 1& 1(
#279000 1%
#279750 0)
#280000 1" 1$
#280250 0+
#281250 1+
#281375 1)
#281625 0' 0(
#281750 0#
#282500 0) 0-
#282750 0! 0" 0% 0& 1'
#283000 0*
#284000 1*
#284625 1!
#284875 0*
#285875 1*
#286500 0! 1"
#286750 0*
#287750 1*
#288375 1!
#288625 0*
#289625 1*
#290750 1)
#290875 1-
#291000 0!
#291125 1# 0$ 1% 1(
#291875 0)
#292125 0" 0# 0(
#292375 0*
#293375 1*
#293625 1)
#294000 1! 1" 1# 1$ 1& 1( 0,
#294750 0)
#294875 0!
#295000 0" 0$ 0% 0& 0(
#295250 0+
#296250 1+
#296375 1)
#296625 0# 0'
#296750 1! 1" 1$ 1% 1&
#296875 1,
#297500 0) 0-
#297750 0! 0" 0% 0& 1'
#297875 1#
#298000 0*
#299000 1*
#299625 1!
#299875 0*
#300500 00
#300875 1*
#301500 0!
#301625 1"
#301750 0*
#302750 1*
#303375 1!
#303625 0*
#304625 1*
#305875 1) 1-
#306125 0! 0$ 1% 1(
#306875 0)
#307125 0" 0(
#307375 0*
#307500 10
#308375 1*
#308625 1)
#309000 1! 1" 1$ 1& 1(
#309750 0)
#311500 1)
#311750 0# 0' 0(
#312500 0) 0-
#312750 0! 0" 0$ 0& 1'
#313000 0*
#314125 1*
#314750 1!
#314875 0*
#316000 1*
#316500 0!
#316625 1"
#316750 0*
#317875 1*
#318500 1!
#318625 0*
#319750 1*
#320875 1) 1-
#321125 0! 1# 1(
#322000 0)
#322125 0" 0# 0(
#322250 1$
#322500 0*
#323500 1*
#323625 1)
#324000 1! 1" 1# 1& 1( 0,
#324750 0)
#325000 0" 0$ 0% 0& 0(
#325250 0+
#326250 1+
#326500 1)
#326750 0# 1% 1& 0'
#326875 1" 1$ 1,
#327500 0-
#327625 0)
#327750 0! 0" 0$ 0&
#327875 1# 1'
#328125 0*
#329125 1*
#329750 1!
#330000 0*
#331000 1*
#331500 0!
#331625 1"
#331875 0*
#332875 1*
#333500 1!
#333750 0*
#334750 1*
#335875 1) 1-
#336125 0! 1(
#337000 0)
#337125 0" 0(
#337250 1$
#337500 0*
#338500 1*
#338625 1)
#338875 0$
#339000 1" 1& 1(
#339750 0)
#340000 1! 1$
#340250 0*
#341250 1*
#341500 1)
#341750 0# 0' 0(
#342500 0-
#342625 0)
#342750 0! 0" 0&
#342875 1'
#343125 0*
#344125 1*
#344750 1!
#345000 0*
#346000 1*
#346500 0!
#346625 1"
#346875 0*
#347875 1*
#348500 1!
#348750 0*
#349750 1*
#350875 1) 1-
#351125 0! 0$
#351250 1# 1(
#352000 0)
#352125 0# 0(
#352250 0" 0% 1&
#352500 0*
#353500 1*
#353750 1)
#354000 1! 1" 1# 1$ 1% 1(
#354125 0,
#354750 0)
#355000 0! 0$ 0% 0& 0(
#355375 0+
#356375 1+
#356500 1)
#356750 0# 0'
#356875 1! 1$ 1% 1& 1,
#357625 0) 0-
#357750 0!
#357875 0" 1# 0& 1'
#358125 0*
#359125 1*
#359750 1!
#360000 0*
#361000 1*
#361500 0!
#361625 1"
#361875 0*
#362875 1*
#363500 1!
#363750 0*
#364750 1*
#365875 1)
#366000 1-
#366125 0! 0$
#366250 1(
#367000 0)
#367250 0" 0% 1& 0(
#367500 0*
#368500 1*
#368750 1)
#369000 1! 1(
#369125 1" 1$ 1%
#369875 0)
#371500 1)
#371750 0# 0' 0(
#372625 0) 0-
#372875 0! 0" 0$ 0% 1'
#373125 0*
#374125 1*
#374750 1!
#375000 0*
#376000 1*
#376625 0! 1"
#376875 0*
#377875 1*
#378500 1!
#378750 0*
#379750 1*
#380875 1)
#381000 1-
#381125 0! 0&
#381250 1# 1% 1(
#382000 0)
#382250 0" 0# 1$ 0% 1& 0(
#382500 0*
#383500 1*
#383750 1)
#384000 1(
#384125 1! 1" 1# 1% 0,
#384375 00
#384875 0)
#385000 0% 0(
#385125 0$ 0&
#385375 0+
#386375 1+
#386500 1)
#386750 0# 0'
#386875 1$ 1% 1&
#387000 1,
#387625 0) 0-
#387875 0! 0" 1# 0$ 0% 1'
#388125 0*
#389125 1*
#389750 1!
#390000 0*
#391000 1*
#391375 10
#391625 0! 1"
#391875 0*
#392875 1*
#393500 1!
#393750 0*
#394750 1*
#395875 1)
#396000 1-
#396125 0!
#396250 1% 0& 1(
#397000 0)
#397250 0" 1$ 0% 1& 0(
#397500 0*
#398500 1*
#398750 1)
#399000 0$ 1(
#399125 1! 1" 1%
#399875 0)
#400125 1$
#400375 0+
#401375 1+
#401500 1)
#401875 0# 0' 0(
#402625 0) 0-
#402875 0! 0" 0% 1'
#403125 0*
#404125 1*
#404750 1!
#405000 0*
#406000 1*
#406625 0! 1"
#406875 0*
#407875 1*
#408500 1!
#408750 0*
#409750 1*
#410875 1)
#411000 1-
#411125 0!
#411250 1# 0$ 1% 0& 1(
#412000 0)
#412250 0" 0# 1& 0(
#412500 0*
#413500 1*
#413750 1)
#414125 1! 1" 1# 1$ 1( 0,
#414875 0)
#415000 0!
#415125 0" 0# 0% 0& 0(
#415375 0+
#416375 1+
#416500 1)
#416750 0'
#416875 1! 1" 1% 1&
#417000 1,
#417625 0) 0-
#417875 0! 0" 0% 1'
#418000 1#
#418125 0*
#419125 1*
#419750 1!
#420000 0*
#421000 1*
#421625 0! 1"
#421875 0*
#422875 1*
#423500 1!
#423750 0*
#424750 1*
#425875 1)
#426000 1-
#426125 0!
#426250 0$ 1% 0& 1(
#427000 0)
#427250 0" 1& 0(
#427500 0*
#428500 1*
#428750 1)
#429000 1(
#429125 1! 1" 1$
#429875 0)
#431500 1)
#431875 0# 0' 0(
#432625 0) 0-
#432875 0! 0" 0$ 1'
#433125 0*
#434125 1*
#434750 1!
#435000 0*
#436000 1*
#436625 0! 1"
#436875 0*
#437875 1*
#438500 1!
#438750 0*
#439750 1*
#440875 1)
#441000 1-
#441125 0!
#441250 1# 0& 1(
#442000 0)
#442250 0" 0# 1$ 1& 0(
#442500 0*
#443500 1*
#443750 1)
#444000 1(
#444125 1! 1" 1# 0,
#444875 0)
#445000 0" 0# 0(
#445125 0% 0&
#445375 0+
#446375 1+
#446500 1)
#446750 0'
#446875 1" 1% 1&
#447000 1,
#447625 0) 0-
#447875 0! 0" 1# 0$ 1'
#448125 0*
#449125 1*
#449750 1!
#450000 0*
#451000 1*
#451625 0! 1"
#451875 0*
#452875 1*
#453500 1!
#453750 0*
#454750 1*
#455875 1)
#456000 1-
#456125 0! 0&
#456250 1(
#457000 0)
#457250 0" 1$ 1& 0(
#457500 0*
#458500 1*
#458750 1)
#459000 0# 1(
#459875 0)
#460125 1! 1" 1#
#460375 0*
#461375 1*
#461500 1)
#461750 0# 0' 0(
#462625 0) 0-
#462875 0! 0" 1'
#463125 0*
#464125 1*
#464750 1!
#465000 0*
#466000 1*
#466625 0! 1"
#466875 0*
#467875 1*
#468250 00
#468500 1!
#468750 0*
#469750 1*
#470875 1)
#471000 1-
#471250 1# 1(
#472000 0)
#472500 0+
#473500 1+
#473750 1)
#474125 0,
#474750 0)
#475000 0! 0# 0% 0& 0(
#475125 10
#475375 0+
#476375 1+
#476500 1)
#476750 0'
#476875 1! 1% 1& 1,
#477625 0) 0-
#477750 0!
#477875 0" 1# 1'
#478125 0*
#479125 1*
#479750 1!
#480000 0*
#481000 1*
#481500 0!
#481625 1"
#481875 0*
#482875 1*
#483500 1!
#483750 0*
#484750 1*
#485875 1)
#486000 1-
#486125 0! 0$ 0& 1(
#487000 0)
#487125 0(
#487250 0" 0# 0% 0'
#487500 0*
#488500 1*
#489125 1!
#489375 0*
#490375 1*
#490875 0!
#491000 1"
#491250 0*
#492000 1)
#492250 1*
#492375 1# 1% 1' 1(
#493125 0)
#493250 0" 0# 0% 0' 0(
#493500 0*
#494625 1*
#495250 1!
#495500 0*
#496500 1*
#497000 0!
#497125 1"
#497375 0*
#498125 1)
#498375 1! 1# 1$ 1% 1& 1' 1( 1*
#498500 0,
#499125 0)
#499375 0# 0% 0& 0(
#499625 0+
#500625 1+
#500875 1)
#501125 0! 0" 1(
#501250 1% 1,
#502000 0)
#502125 0$ 0% 0' 0(
#502250 1" 1#
#502500 0*
#503500 1*
#504125 1%
#504375 0*
#505375 1*
#505500 1)
#505750 0"
#505875 1' 1(
#506625 0)
#506875 1" 0% 0' 0(
#507125 0*
#508125 1*
#508375 1)
#508625 0" 0# 1' 1(
#508750 1$ 1%
#509500 0)
#509625 0$ 0% 0' 0(
#509750 1" 1#
#510000 0*
#511000 1*
#511625 1%
#511875 0*
#512875 1*
#513000 1)
#513250 0"
#513375 1' 1(
#514125 0)
#514375 1" 0% 0' 0(
#514625 0*
#515625 1*
#515875 1)
#516125 1' 1(
#516250 1%
#517000 0)
#517125 0" 0# 0% 0' 0(
#517500 0*
#518500 1*
#519125 1!
#519375 0*
#520375 1*
#520875 0!
#521000 1"
#521250 0*
#522000 1)
#522250 1' 1( 1*
#522375 1# 1%
#523000 0)
#523250 0" 0# 0% 0' 0(
#523500 0*
#524500 1*
#525125 1!
#525375 0*
#526375 1*
#527000 0!
#527125 1"
#527250 0*
#528500 1)
#528750 1*
#529250 1' 1(
#529375 1! 1# 1$ 1% 1& 0,
#530125 0)
#530250 0! 0" 0% 0& 0(
#530625 0+
#531625 1+
#532250 1)
#532500 0#
#532625 1% 1( 1,
#533375 0)
#534000 0$ 0% 0' 0(
#534125 1" 1#
#534250 0*
#535375 1*
#536000 1%
#536125 0*
#537250 1*
#537375 1)
#537625 0"
#537750 1' 1(
#538500 0)
#538750 1" 0% 0' 0(
#539000 0*
#540000 1*
#540250 1)
#540500 0" 0# 1$ 1% 1' 1(
#541250 0)
#541500 0$ 0% 0' 0(
#541625 1" 1#
#541750 0*
#542875 1*
#543500 1%
#543625 0*
#544625 1*
#544875 1)
#545125 0"
#545250 1' 1(
#546000 0)
#546125 0(
#546250 1" 0% 0'
#546500 0*
#547500 1*
#547750 1)
#548000 1% 1' 1(
#548750 0)
#549000 0" 0# 0% 0' 0(
#549250 0*
#550250 1*
#551000 1!
#551125 0*
#552000 00
#552125 1*
#552750 0!
#552875 1"
#553000 0*
#553750 1)
#554000 1*
#554125 1# 1% 1' 1(
#554875 0)
#555125 0" 0# 0% 0' 0(
#555375 0*
#556375 1*
#557000 1!
#557250 0*
#558250 1*
#558750 0!
#558875 1"
#559000 10
#559125 0*
#559875 1)
#560125 1*
#560250 1! 1# 1$ 1% 1& 1' 1( 0,
#561000 0)
#561125 0& 0(
#561250 0" 0%
#561500 0+
#562500 1+
#562625 1)
#562875 0!
#563000 0# 1% 1(
#563125 1,
#563750 0)
#564000 1# 0$ 0% 0' 0(
#564125 1"
#564250 0*
#565250 1*
#565875 1%
#566125 0*
#567125 1*
#567375 1)
#567625 0"
#567750 1' 1(
#568500 0)
#568625 0' 0(
#568750 1" 0%
#569000 0*
#570000 1*
#570125 1)
#570375 0" 0#
#570500 1$ 1% 1' 1(
#571250 0)
#571500 1" 1# 0$ 0% 0' 0(
#571750 0*
#572750 1*
#573375 1%
#573625 0*
#574625 1*
#574875 1)
#575125 0" 1(
#575250 1'
#576000 0)
#576125 0% 0' 0(
#576250 1"
#576500 0*
#577500 1*
#577625 1)
#578000 1% 1' 1(
#578750 0)
#579000 0" 0# 0% 0' 0(
#579250 0*
#580250 1*
#580875 1!
#581125 0*
#582125 1*
#582750 0! 1"
#583000 0*
#583750 1)
#584000 1*
#584125 1# 1% 1' 1(
#584875 0)
#585125 0" 0# 0% 0' 0(
#585375 0*
#586375 1*
#587000 1!
#587250 0*
#588250 1*
#588750 0!
#588875 1"
#589125 0*
#589875 1)
#590125 1*
#590250 1! 1# 1$ 1% 1& 1' 1( 0,
#591000 0)
#591125 0! 0% 0& 0(
#591500 0+
#592500 1+
#592625 1)
#592875 0" 0#
#593000 1% 1(
#593125 1,
#593750 0)
#594000 1" 1# 0$ 0% 0' 0(
#594250 0*
#595250 1*
#595875 1%
#596125 0*
#597125 1*
#597375 1)
#597625 0" 1' 1(
#598500 0)
#598625 0% 0' 0(
#598750 1"
#599000 0*
#600000 1*
#600125 1)
#600375 0" 0#
#600500 1$ 1% 1' 1(
#601250 0)
#601500 1" 1# 0$ 0% 0' 0(
#601750 0*
#602750 1*
#603375 1%
#603625 0*
#604625 1*
#604875 1)
#605125 0" 1' 1(
#606000 0)
#606125 0% 0' 0(
#606250 1"
#606500 0*
#607500 1*
#607625 1)
#623000 1! 1$ 1% 1& 1' 1(
#623125 0,
#623750 0)
#624000 0% 0& 0(
#624250 0+
#625250 1+
#625500 1)
#626750 1% 1& 1(
#626875 1,
#627500 0)
#629250 1)
#632250 0!
#632375 0$ 0&
#633125 0)
#633375 0" 0# 0% 0' 0(
#633625 0*
#634625 1*
#634875 1)
#635250 1! 1" 1# 1$ 1% 1& 1' 1(
#635875 00
#636000 0)
#637625 1)
#638750 0)
#639250 0+
#640250 1+
#641125 0+
#642125 1+
#642875 10
#643000 0+
#644000 1+
#644875 0+
#645875 1+
#647000 1)
#647375 0! 0$ 0&
#648125 0)
#648375 0" 0% 0' 0(
#648625 0*
#649625 1*
#649875 1)
#650250 1! 1" 1$ 1% 1& 1' 1( 0,
#651000 0)
#651250 0! 0" 0# 0$ 0& 0(
#651500 0+
#652500 1+
#652750 1)
#652875 0'
#653000 1! 1" 1$ 1&
#653125 1,
#653750 0) 0-
#654000 0! 0" 0$ 0% 0& 1(
#654250 0*
#655250 1*
#655875 1!
#656125 0*
#657125 1*
#657750 0!
#657875 1"
#658000 0*
#659000 1*
#659625 1!
#659875 0*
#660875 1*
#662125 1) 1-
#662250 0!
#662375 1# 1% 1'
#663125 0)
#663375 0" 0# 0% 0' 0(
#663500 1$
#663625 0*
#664625 1*
#664875 1)
#665250 1! 1" 1# 1% 1& 1' 1(
#666000 0)
#667750 1)
#668000 0# 0' 0(
#668750 0) 0-
#669000 0! 0" 0$ 0% 0& 1(
#669125 1#
#669250 0*
#670375 1*
#671000 1!
#671125 0*
#672250 1*
#672750 0!
#672875 1"
#673000 0*
#674125 1*
#674750 1!
#674875 0*
#676000 1*
#677125 1) 1-
#677375 0! 1% 1'
#678250 0)
#678375 0" 0% 0' 0(
#678500 1$
#678625 0*
#679750 1*
#679875 1)
#680125 0#
#680250 1! 1% 1& 1' 1(
#681000 0)
#681250 1" 1#
#681500 0+
#682500 1+
#682750 1)
#683000 0# 0' 0(
#683750 0-
#683875 0)
#684000 0! 0" 0% 0&
#684125 1(
#684375 0*
#685375 1*
#686000 1!
#686250 0*
#687250 1*
#687750 0!
#687875 1"
#688125 0*
#689125 1*
#689750 1!
#690000 0*
#691000 1*
#692125 1) 1-
#692375 0! 0$ 1'
#692500 1# 1%
#693250 0)
#693375 0" 0# 0' 0(
#693750 0*
#694750 1*
#694875 1)
#695250 1! 1" 1# 1$ 1& 1' 1( 0,
#696000 0)
#696250 0" 0# 0$ 0& 0(
#696500 0+
#697500 1+
#697750 1)
#698000 0'
#698125 1" 1$ 1& 1,
#698875 0) 0-
#699000 0! 0" 0% 0&
#699125 1# 1(
#699375 0*
#700375 1*
#701000 1!
#701250 0*
#702250 1*
#702750 0!
#702875 1"
#703125 0*
#704125 1*
#704750 1!
#705000 0*
#706000 1*
#707125 1) 1-
#707375 0! 0$ 1'
#707500 1%
#708250 0)
#708375 0" 0' 0(
#708750 0*
#709750 1*
#710000 1)
#710250 1! 1" 1$ 1& 1' 1(
#711000 0)
#712750 1)
#713000 0# 0' 0(
#713875 0) 0-
#714000 0! 0"
#714125 0$ 0& 1(
#714375 0*
#715375 1*
#716000 1!
#716250 0*
#717250 1*
#717750 0!
#717875 1"
#718125 0*
#719125 1*
#719750 1! 00
#720000 0*
#721000 1*
#722125 1)
#722250 1-
#722375 0!
#722500 1# 1'
#723250 0)
#723500 0" 0# 1$ 0' 0(
#723750 0*
#724750 1*
#725000 1)
#725250 1! 1" 1# 1& 1' 1(
#725375 0,
#726125 0)
#726250 0! 0# 0$ 0& 0(
#726625 0+
#726750 10
#727625 1+
#727750 1)
#728000 0'
#728125 1! 1$ 1& 1,
#728875 0) 0-
#729000 0!
#729125 0" 1# 0$ 0& 1(
#729375 0*
#730375 1*
#731000 1!
#731250 0*
#732250 1*
#732875 0! 1"
#733125 0*
#734125 1*
#734750 1!
#735000 0*
#736000 1*
#737125 1)
#737250 1-
#737375 0!
#737500 1'
#738250 0)
#738500 0" 1$ 0' 0(
#738750 0*
#739750 1*
#740000 1)
#740250 0# 1' 1(
#740375 1" 1&
#741125 0)
#741375 1! 1#
#741625 0*
#742625 1*
#742750 1)
#743000 0# 0'
#743125 0(
#743875 0) 0-
#744125 0! 0" 0& 1(
#744375 0*
#745375 1*
#746000 1!
#746250 0*
#747250 1*
#747875 0! 1"
#748125 0*
#749125 1*
#749750 1!
#750000 0*
#751000 1*
#752250 1) 1-
#752375 0!
#752500 1# 0$ 1'
#753250 0)
#753500 0" 0# 0% 1& 0' 0(
#753750 0*
#754750 1*
#755000 1)
#755375 1! 1" 1# 1$ 1% 1' 1( 0,
#756125 0)
#756375 0# 0$ 0& 0(
#756625 0+
#757625 1+
#757875 1)
#758125 1$ 1& 0'
#758250 1,
#758875 0) 0-
#759125 0! 0" 0& 1(
#759250 1#
#759375 0*
#760375 1*
#761000 1!
#761250 0*
#762250 1*
#762875 0!
#763000 1"
#763125 0*
#764125 1*
#764750 1!
#765000 0*
#766125 1*
#767250 1) 1-
#767500 0! 0$ 1'
#768250 0)
#768500 0" 0% 0' 0(
#768625 1&
#768750 0*
#769875 1*
#770000 1)
#770375 1! 1" 1$ 1% 1' 1(
#771125 0)
#772875 1)
#773125 0# 0' 0(
#773875 0-
#774000 0)
#774125 0! 0" 0$ 0%
#774250 1(
#774375 0*
#775500 1*
#776125 1!
#776375 0*
#777375 1*
#777875 0!
#778000 1"
#778250 0*
#779250 1*
#779875 1!
#780125 0*
#781125 1*
#782250 1) 1-
#782500 0! 0& 1'
#782625 1# 1%
#783375 0)
#783500 0" 0# 0% 0' 0(
#783625 1$ 1&
#783875 0*
#784875 1*
#785000 1)
#785375 1! 1" 1# 1% 1' 1( 0,
#786125 0)
#786375 0! 0" 0$ 0& 0(
#786625 0+
#787625 1+
#787875 1)
#788125 1! 0# 0'
#788250 1" 1$ 1& 1,
#789000 0) 0-
#789125 0! 0" 0$ 0%
#789250 1# 1(
#789500 0*
#790500 1*
#791125 1!
#791375 0*
#792375 1*
#792875 0!
#793000 1"
#793250 0*
#794250 1*
#794875 1!
#795125 0*
#796125 1*
#797250 1) 1-
#797500 0! 0& 1'
#797625 1%
#798375 0)
#798500 0% 0' 0(
#798625 0" 1$ 1&
#798875 0*
#799875 1*
#800000 1)
#800250 0#
#800375 1! 1" 1% 1' 1(
#801125 0)
#801375 1#
#801625 0+
#802625 1+
#802875 1)
#803125 0# 0' 0(
#803625 00
#804000 0) 0-
#804125 0! 0" 0%
#804250 1(
#804500 0*
#805500 1*
#806125 1!
#806375 0*
#807375 1*
#807875 0!
#808000 1"
#808250 0*
#809250 1*
#809875 1!
#810125 0*
#810500 10
#811125 1*
#812250 1) 1-
#812500 0! 0$ 0&
#812625 1# 1% 1'
#813375 0)
#813500 0# 0'
#813625 0" 1& 0(
#813875 0*
#814875 1*
#815125 1)
#815375 1! 1" 1# 1$ 1' 1(
#815500 0,
#816125 0)
#816375 0" 0$ 0& 0(
#816625 0+
#817750 1+
#817875 1)
#818125 0# 0'
#818250 1" 1$ 1& 1,
#819000 0) 0-
#819125 0! 0"
#819250 1# 0% 1(
#819500 0*
#820500 1*
#821125 1!
#821375 0*
#822375 1*
#822875 0!
#823000 1"
#823250 0*
#824250 1*
#824875 1!
#825125 0*
#826125 1*
#827250 1)
#827375 1-
#827500 0! 0$ 0&
#827625 1% 1'
#828375 0)
#828500 0'
#828625 0" 1& 0(
#828875 0*
#829875 1*
#830125 1)
#830375 1! 1" 1$ 1' 1(
#831250 0)
#832875 1)
#833125 0# 0' 0(
#834000 0) 0-
#834125 0!
#834250 0" 0$ 1(
#834500 0*
#835500 1*
#836125 1!
#836375 0*
#837375 1*
#837875 0!
#838000 1"
#838250 0*
#839250 1*
#839875 1!
#840125 0*
#841125 1*
#842250 1)
#842375 1-
#842500 0! 0&
#842625 1# 1'
#843375 0)
#843625 0" 0# 1$ 1& 0' 0(
#843875 0*
#844875 1*
#845125 1)
#845375 1! 1" 1# 1' 1(
#845500 0,
#846250 0)
#846375 0! 0$ 0& 0(
#846750 0+
#847750 1+
#847875 1)
#848125 0# 0'
#848250 1! 1$ 1& 1,
#849000 0) 0-
#849125 0!
#849250 0" 1# 0$ 1(
#849500 0*
#850500 1*
#851125 1!
#851375 0*
#852375 1*
#852875 0!
#853000 1"
#853250 0*
#854250 1*
#854875 1!
#855125 0*
#856125 1*
#857250 1)
#857375 1-
#857500 0! 0&
#857625 1'
#858375 0)
#858625 0" 1$ 1& 0' 0(
#858875 0*
#859875 1*
#860125 1)
#860375 1' 1(
#861250 0)
#861500 1! 1"
#861750 0*
#862750 1*
#862875 1)
#863125 0# 0' 0(
#864000 0) 0-
#864125 0!
#864250 0" 1(
#864500 0*
#865500 1*
#866125 1!
#866375 0*
#867375 1*
#867875 0!
#868000 1"
#868250 0*
#869250 1*
#869875 1!
#870125 0*
#871125 1*
#872250 1)
#872375 1-
#872500 0! 0$ 0&
#872625 1# 1'
#873375 0)
#873625 0" 0# 0% 0(
#873875 0*
#874875 1*
#875125 1)
#875375 1! 1" 1# 1% 1& 1(
#875500 1$ 0,
#876125 0)
#876375 0$ 0& 0(
#876750 0+
#877750 1+
#877875 1)
#878125 0# 0'
#878250 1$ 1& 1,
#879000 0) 0-
#879125 0!
#879250 0" 1# 1(
#879500 0*
#880500 1*
#881125 1!
#881375 0*
#882375 1*
#882875 0!
#883000 1"
#883250 0*
#884250 1*
#884875 1!
#885125 0*
#886125 1*
#887250 1)
#887375 1-
#887500 0! 0$ 0& 00
#887625 1'
#888375 0)
#888625 0" 0% 0(
#888875 0*
#889875 1*
#890125 1)
#890375 1! 1" 1$ 1% 1& 1(
#891125 0)
#892875 1)
#893125 0# 0' 0(
#894000 0) 0-
#894125 0!
#894250 0" 0$ 0% 0& 1' 1(
#894375 10
#894500 0*
#895500 1*
#896125 1!
#896375 0*
#897375 1*
#897875 0!
#898000 1"
#898250 0*
#899250 1*
#899875 1!
#900125 0*
#901125 1*
#902250 1) 1-
#902500 0!
#902625 1# 1%
#903375 0)
#903500 0# 0%
#903625 0" 1$ 0(
#903875 0*
#904875 1*
#905125 1)
#905375 1! 1" 1# 1% 1& 1(
#905500 0,
#906125 0)
#906375 0! 0" 0# 0& 0(
#906625 0+
#907750 1+
#907875 1)
#908125 1! 0'
#908250 1" 1& 1,
#909000 0) 0-
#909125 0! 0" 0&
#909250 1# 0$ 0% 1' 1(
#909500 0*
#910500 1*
#911125 1!
#911375 0*
#912375 1*
#912875 0!
#913000 1"
#913250 0*
#914250 1*
#914875 1!
#915125 0*
#916125 1*
#917250 1) 1-
#917500 0!
#917625 1%
#918375 0)
#918500 0" 0% 0(
#918625 1$
#918875 0*
#919875 1*
#920000 1)
#920375 1! 1% 1& 1(
#921125 0)
#921375 1"
#921625 0+
#922625 1+
#922875 1)
#923125 0# 0' 0(
#923875 0-
#924000 0)
#924125 0! 0" 0% 0&
#924250 1' 1(
#924500 0*
#925500 1*
#926125 1!
#926375 0*
#927375 1*
#927875 0!
#928000 1"
#928250 0*
#929250 1*
#929875 1!
#930125 0*
#931125 1*
#932250 1) 1-
#932500 0! 0$
#932625 1# 1%
#933375 0)
#933500 0" 0# 0(
#933875 0*
#934875 1*
#935000 1)
#935375 1! 1" 1# 1$ 1& 1( 0,
#936125 0)
#936375 0" 0# 0& 0(
#936625 0+
#937625 1+
#937875 1)
#938125 1" 1& 0'
#938250 1,
#938875 0-
#939000 0)
#939125 0! 0" 0% 0&
#939250 1# 1' 1(
#939500 0*
#940500 1*
#941125 1!
#941375 0*
#942375 1*
#942875 0!
#943000 1"
#943250 0*
#944250 1*
#944875 1!
#945125 0*
#946125 1*
#947250 1) 1-
#947500 0! 0$ 1%
#948375 0)
#948500 0" 0(
#948750 0*
#949875 1*
#950000 1)
#950375 1! 1" 1$ 1& 1(
#951125 0)
#952875 1)
#953125 0# 0' 0(
#953875 0) 0-
#954125 0! 0" 0$ 0& 1(
#954250 1'
#954375 0*
#955500 1*
#956125 1!
#956250 0*
#957250 1*
#957875 0!
#958000 1"
#958125 0*
#959125 1*
#959750 1!
#960000 0*
#961000 1*
#962250 1) 1-
#962375 0!
#962500 1#
#963250 0)
#963500 0" 0# 0(
#963625 1$
#963750 0*
#964750 1*
#965000 1)
#965375 1! 1" 1# 1& 1( 0,
#966125 0)
#966375 0! 0# 0& 0(
#966625 0+
#967625 1+
#967875 1)
#968125 1! 1& 0'
#968250 1,
#968875 0) 0-
#969125 0! 0" 0$ 0& 1' 1(
#969250 1#
#969375 0*
#970375 1*
#971000 1!
#971250 0* 00
#972250 1*
#972875 0!
#973000 1"
#973125 0*
#974125 1*
#974750 1!
#975000 0*
#976000 1*
#977125 1)
#977250 1-
#977375 0!
#978250 0) 10
#978500 0" 0(
#978625 1$
#978750 0*
#979750 1*
#980000 1)
#980250 1(
#980375 1" 1&
#981125 0)
#981375 1!
#981625 0*
#982625 1*
#982750 1)
#983125 0# 0' 0(
#983875 0) 0-
#984125 0! 0" 0& 1' 1(
#984375 0*
#985375 1*
#986000 1!
#986250 0*
#987250 1*
#987875 0! 1"
#988125 0*
#989125 1*
#989750 1!
#990000 0*
#991000 1*
#992125 1)
#992250 1-
#992375 0!
#992500 1# 0$
#993250 0)
#993500 0" 0# 0% 1& 0(
#993750 0*
#994750 1*
#995000 1)
#995250 1(
#995375 1! 1" 1# 1$ 1% 0,
#996125 0)
#996250 0# 0(
#996375 0&
#996625 0+
#997625 1+
#997750 1)
#998000 0'
#998125 1&
#998250 1,
#998875 0) 0-
#999125 0! 0" 1# 0& 1' 1(
#999375 0*
#1000375 1*
#1001000 1!
#1001250 0*
#1002250 1*
#1002875 0! 1"
#1003125 0*
#1004125 1*
#1004750 1!
#1005000 0*
#1006000 1*
#1007125 1)
#1007250 1-
#1007375 0! 0$
#1008250 0)
#1008500 0" 0% 1& 0(
#1008750 0*
#1009750 1*
#1010000 1)
#1010250 1! 1(
#1010375 1" 1$ 1%
#1011125 0)
#1012750 1)
#1013000 0# 0' 0(
#1013875 0) 0-
#1014125 0! 0" 0$ 0% 1' 1(
#1014375 0*
#1015375 1*
#1016000 1!
#1016250 0*
#1017250 1*
#1017750 0!
#1017875 1"
#1018125 0*
#1019125 1*
#1019750 1!
#1020000 0*
#1021000 1*
#1022125 1)
#1022250 1-
#1022375 0! 0&
#1022500 1# 1%
#1023250 0)
#1023500 0" 0# 1$ 0% 1& 0(
#1023750 0*
#1024750 1*
#1025000 1)
#1025250 1! 1" 1# 1% 1(
#1025375 0,
#1026125 0)
#1026250 0! 0" 0& 0(
#1026625 0+
#1027625 1+
#1027750 1)
#1028000 0# 0'
#1028125 1! 1" 1& 1,
#1028875 0) 0-
#1029000 0!
#1029125 0" 1# 0$ 0% 1' 1(
#1029375 0*
#1030375 1*
#1031000 1!
#1031250 0*
#1032250 1*
#1032750 0!
#1032875 1"
#1033125 0*
#1034125 1*
#1034750 1!
#1035000 0*
#1036000 1*
#1037125 1)
#1037250 1-
#1037375 0! 0&
#1037500 1%
#1038250 0)
#1038500 0" 1$ 0% 1& 0(
#1038750 0*
#1039750 1*
#1040000 1)
#1040250 1! 1" 1% 1(
#1041125 0)
#1041625 0+
#1042625 1+
#1042750 1)
#1043000 0# 0' 0(
#1043875 0) 0-
#1044000 0!
#1044125 0" 0% 1' 1(
#1044375 0*
#1045375 1*
#1046000 1!
#1046250 0*
#1047250 1*
#1047750 0!
#1047875 1"
#1048125 0*
#1049125 1*
#1049750 1!
#1050000 0*
#1051000 1*
#1052125 1)
#1052250 1-
#1052375 0! 0$ 0&
#1052500 1# 1%
#1053250 0)
#1053500 0" 0# 1& 0(
#1053750 0*
#1054750 1*
#1055000 1)
#1055125 00
#1055250 1! 1" 1# 1(
#1055375 1$ 0,
#1056125 0)
#1056250 0" 0& 0(
#1056625 0+
#1057625 1+
#1057750 1)
#1058000 0# 0'
#1058125 1" 1& 1,
#1058875 0) 0-
#1059125 0! 0" 1# 0% 1' 1(
#1059375 0*
#1060375 1*
#1061000 1!
#1061250 0*
#1062125 10
#1062250 1*
#1062750 0!
#1062875 1"
#1063125 0*
#1064125 1*
#1064750 1!
#1065000 0*
#1066000 1*
#1067125 1)
#1067250 1-
#1067375 0! 0$ 0&
#1067500 1%
#1068250 0)
#1068500 0" 1& 0(
#1068750 0*
#1069750 1*
#1070000 1)
#1070250 1! 1" 1(
#1070375 1$
#1071125 0)
#1072750 1)
#1073000 0# 0' 0(
#1073875 0) 0-
#1074125 0! 0" 0$ 1' 1(
#1074375 0*
#1075375 1*
#1076000 1!
#1076250 0*
#1077250 1*
#1077875 0! 1"
#1078125 0*
#1079125 1*
#1079750 1!
#1080000 0*
#1081000 1*
#1082125 1)
#1082250 1-
#1082375 0! 0&
#1082500 1#
#1083250 0)
#1083500 0" 0# 1$ 1& 0(
#1083750 0*
#1084750 1*
#1085000 1)
#1085250 1! 1" 1(
#1085375 1# 0,
#1086125 0)
#1086250 0! 0& 0(
#1086625 0+
#1087625 1+
#1087750 1)
#1088000 0# 0'
#1088125 1! 1&
#1088250 1,
#1088875 0) 0-
#1089125 0! 0" 1# 0$ 1' 1(
#1089375 0*
#1090375 1*
#1091000 1!
#1091250 0*
#1092250 1*
#1092875 0! 1"
#1093125 0*
#1094125 1*
#1094750 1!
#1095000 0*
#1096000 1*
#1097125 1)
#1097250 1-
#1097375 0! 0&
#1098250 0)
#1098500 0" 1$ 1& 0(
#1098750 0*
#1099750 1*
#1100000 1)
#1100250 0# 0$ 0% 0& 0'
#1101125 0)
#1101375 1! 1" 1# 1$ 1% 1&
#1101625 0*
#1102625 1*
#1102750 1)
#1103000 0#
#1103875 0) 0-
#1104125 0! 0" 1' 1(
#1104375 0*
#1105375 1*
#1106000 1!
#1106250 0*
#1107250 1*
#1107875 0! 1"
#1108125 0*
#1109125 1*
#1109750 1!
#1110000 0*
#1111000 1*
#1112250 1) 1-
#1112500 1#
#1113250 0)
#1113750 0+
#1114750 1+
#1115000 1)
#1115375 0,
#1116125 0)
#1116375 0& 0(
#1116625 0+
#1117625 1+
#1117875 1)
#1118125 0# 1& 0'
#1118250 1,
#1118875 0) 0-
#1119125 0! 0" 1' 1(
#1119250 1#
#1119375 0*
#1120375 1*
#1121000 1!
#1121250 0*
#1122250 1*
#1122875 0!
#1123000 1"
#1123125 0*
#1124125 1*
#1124750 1!
#1125000 0*
#1126000 1*
#1127250 1) 1-
#1127500 0! 0$ 0&
#1128250 0)
#1128500 0" 0# 0% 0' 0(
#1128750 0*
#1129875 1*
#1130500 1!
#1130625 0*
#1131750 1*
#1132250 0!
#1132375 1"
#1132500 0*
#1133375 1)
#1133500 1*
#1133625 1# 1% 1' 1(
#1134375 0)
#1134625 0" 0# 0% 0' 0(
#1134875 0*
#1135875 1*
#1136500 1!
#1136750 0*
#1137750 1*
#1138375 0!
#1138500 1"
#1138625 0*
#1139000 00
#1139375 1)
#1139625 1*
#1139750 1! 1# 1$ 1% 1& 1' 1( 0,
#1140500 0)
#1140750 0! 0" 0# 0$ 0% 0(
#1141000 0+
#1142000 1+
#1142250 1)
#1142500 1$ 1% 0& 1(
#1142625 1,
#1143375 0)
#1143500 0$ 0% 0' 0(
#1143625 1! 1" 1#
#1143875 0*
#1144875 1*
#1145500 1%
#1145750 0*
#1146000 10
#1146750 1*
#1146875 1)
#1147125 0! 0"
#1147250 1' 1(
#1148000 0)
#1148250 1! 1" 0% 0' 0(
#1148500 0*
#1149500 1*
#1149750 1)
#1150000 0! 0" 0# 1' 1(
#1150125 1$ 1%
#1150875 0)
#1151000 0$ 0% 0' 0(
#1151125 1! 1" 1#
#1151375 0*
#1152375 1*
#1153000 1%
#1153250 0*
#1154250 1*
#1154375 1)
#1154625 0! 0"
#1154750 1' 1(
#1155500 0)
#1155750 1! 1" 0% 0' 0(
#1156000 0*
#1157000 1*
#1157250 1)
#1157500 0! 1(
#1157625 1% 1'
#1158375 0)
#1158500 0" 0% 0' 0(
#1158625 0#
#1158875 0*
#1159875 1*
#1160500 1!
#1160750 0*
#1161750 1*
#1162250 0!
#1162375 1"
#1162625 0*
#1163375 1)
#1163625 1*
#1163750 1# 1% 1' 1(
#1164500 0)
#1164625 0" 0# 0% 0' 0(
#1165000 0*
#1166000 1*
#1166625 1!
#1166875 0*
#1167875 1*
#1168375 0!
#1168500 1"
#1168750 0*
#1169875 1)
#1170125 1*
#1170750 1! 1# 1$ 1% 1& 1' 1( 0,
#1171500 0)
#1171750 0" 0# 0$ 0% 0(
#1172000 0+
#1173000 1+
#1173625 1)
#1173875 0! 0&
#1174000 1$ 1% 1(
#1174125 1,
#1174750 0)
#1175375 0(
#1175500 1! 1" 1# 0$ 0% 0'
#1175750 0*
#1176750 1*
#1177375 1%
#1177625 0*
#1178625 1*
#1178875 1)
#1179125 0! 0" 1' 1(
#1180000 0)
#1180125 0% 0' 0(
#1180250 1! 1"
#1180375 0*
#1181500 1*
#1181625 1)
#1181875 0! 0" 0#
#1182000 1$ 1% 1' 1(
#1182750 0)
#1183000 1! 1" 1# 0$ 0% 0' 0(
#1183250 0*
#1184250 1*
#1184875 1%
#1185125 0*
#1186125 1*
#1186375 1)
#1186625 0! 0" 1' 1(
#1187500 0)
#1187625 0% 0' 0(
#1187750 1! 1"
#1188000 0*
#1189000 1*
#1189125 1)
#1189375 0!
#1189500 1% 1' 1(
#1190250 0)
#1190500 0" 0# 0% 0' 0(
#1190750 0*
#1191750 1*
#1192375 1!
#1192625 0*
#1193625 1*
#1194250 0! 1"
#1194500 0*
#1195250 1)
#1195500 1*
#1195625 1# 1% 1' 1(
#1196375 0)
#1196625 0" 0# 0% 0' 0(
#1196875 0*
#1197875 1*
#1198500 1!
#1198750 0*
#1199750 1*
#1200250 0!
#1200375 1"
#1200625 0*
#1201375 1)
#1201625 1*
#1201750 1! 1# 1$ 1% 1& 1' 1( 0,
#1202500 0)
#1202625 0! 0# 0$
#1202750 0% 0(
#1203000 0+
#1204000 1+
#1204125 1)
#1204500 0" 1$ 1% 0& 1(
#1204625 1,
#1205250 0)
#1205500 1! 1" 0$ 0% 0' 0(
#1205625 1#
#1205750 0*
#1206750 1*
#1207375 1%
#1207625 0*
#1208625 1*
#1208875 1)
#1209125 0! 0"
#1209250 1' 1(
#1210000 0)
#1210125 0' 0(
#1210250 1! 1" 0%
#1210500 0*
#1211500 1*
#1211750 1)
#1211875 0! 0"
#1212000 0# 1$ 1% 1' 1(
#1212750 0)
#1213000 1! 1" 0$ 0% 0' 0(
#1213125 1#
#1213250 0*
#1214250 1*
#1215000 1%
#1215125 0*
#1216125 1*
#1216375 1)
#1216625 0! 0"
#1216750 1' 1(
#1217500 0)
#1217750 1! 1" 0% 0' 0(
#1218000 0*
#1219000 1*
#1219250 1)
#1219375 0!
#1219500 1% 1' 1(
#1220250 0)
#1220500 0" 0# 0% 0' 0(
#1220750 0*
#1221875 1*
#1222500 1!
#1222625 0*
#1222875 00
#1223750 1*
#1224250 0!
#1224375 1"
#1224500 0*
#1225375 1)
#1225500 1*
#1225625 1# 1% 1' 1(
#1226375 0)
#1226625 0" 0# 0% 0' 0(
#1226875 0*
#1227875 1*
#1228500 1!
#1228750 0*
#1229750 1* 10
#1230375 0!
#1230500 1"
#1230625 0*
#1231375 1)
#1231625 1*
#1231750 1! 1# 1$ 1% 1& 1' 1( 0,
#1232500 0)
#1232750 0# 0$ 0% 0(
#1233000 0+
#1234000 1+
#1234250 1)
#1234500 0! 0" 1$ 1% 0& 1(
#1234625 1,
#1235375 0)
#1235500 0$ 0% 0' 0(
#1235625 1! 1" 1#
#1235875 0*
#1236875 1*
#1237500 1%
#1237750 0*
#1238750 1*
#1238875 1)
#1239125 0! 0"
#1239250 1' 1(
#1240000 0)
#1240250 1! 1" 0% 0' 0(
#1240500 0*
#1241500 1*
#1241750 1)
#1242000 0! 0" 0# 1% 1' 1(
#1242125 1$
#1242875 0)
#1243000 0$ 0% 0' 0(
#1243125 1! 1" 1#
#1243375 0*
#1244375 1*
#1245000 1%
#1245250 0*
#1246250 1*
#1246375 1)
#1246625 0! 0"
#1246750 1' 1(
#1247500 0)
#1247750 1! 1" 0% 0' 0(
#1248000 0*
#1249000 1*
#1249250 1)
#1264625 1$ 1% 1& 1' 1( 0,
#1265375 0)
#1265500 0! 0(
#1265625 0" 0$ 0%
#1265875 0+
#1266875 1+
#1267125 1)
#1268375 1! 1" 1$ 1% 1( 1,
#1269125 0)
#1270875 1)
#1273875 0! 0$ 0&
#1274750 0)
#1274875 0(
#1275000 0" 0# 0% 0'
#1275250 0*
#1276250 1*
#1276500 1)
#1276750 1! 1" 1# 1$ 1% 1& 1' 1(
#1277500 0)
#1279250 1)
#1280375 0)
#1280875 0+
#1281875 1+
#1282750 0+
#1283750 1+
#1284625 0+
#1285625 1+
#1286500 0+
#1287500 1+
#1288625 1)
#1288875 0! 0$ 0&
#1289750 0)
#1289875 0' 0(
#1290000 0" 0%
#1290250 0*
#1291250 1*
#1291500 1)
#1291750 1! 1" 1$ 1% 1& 1' 1(
#1291875 0,
#1292500 0)
#1292750 0" 0$ 0% 0(
#1293000 0+
#1294125 1+
#1294250 1)
#1294500 0! 0'
#1294625 1$ 1% 1,
#1295375 0) 0-
#1295500 0$ 0% 0&
#1295625 0#
#1295875 0*
#1296875 1*
#1297500 1!
#1297750 0*
#1298750 1*
#1299250 0!
#1299375 1"
#1299625 0*
#1300625 1*
#1301250 1!
#1301500 0*
#1302500 1*
#1303625 1) 1-
#1303875 0!
#1304000 1# 1% 1' 1(
#1304750 0)
#1304875 0# 0% 0' 0(
#1305000 0" 1$
#1305250 0*
#1306250 1*
#1306375 1)
#1306625 00
#1306750 1! 1" 1# 1% 1& 1' 1(
#1307500 0)
#1309250 1)
#1309500 0! 0" 0' 0(
#1310250 0-
#1310375 0)
#1310500 0% 0&
#1310625 0$
#1310875 0*
#1311875 1*
#1312500 1!
#1312750 0*
#1313625 10
#1313750 1*
#1314250 0!
#1314375 1"
#1314625 0*
#1315625 1*
#1316250 1!
#1316500 0*
#1317500 1*
#1318625 1) 1-
#1318875 0! 1' 1(
#1319000 1%
#1319750 0)
#1319875 0" 0% 0' 0(
#1320000 1$
#1320250 0*
#1321250 1*
#1321375 1)
#1321625 0# 0$
#1321750 1!
#1322500 0)
#1322750 1" 1# 1$ 1% 1&
#1323000 0+
#1324000 1+
#1324250 1)
#1324500 0! 0"
#1325250 0-
#1325375 0)
#1325500 0# 0% 0&
#1325875 0*
#1326875 1*
#1327500 1!
#1327750 0*
#1328750 1*
#1329250 0!
#1329375 1"
#1329625 0*
#1330625 1*
#1331250 1!
#1331500 0*
#1332500 1*
#1333625 1) 1-
#1333875 0! 0$ 1' 1(
#1334000 1# 1%
#1334750 0)
#1334875 0" 0# 0' 0(
#1335250 0*
#1336250 1*
#1336375 1)
#1336750 1! 1" 1# 1$ 1& 1' 1( 0,
#1337500 0)
#1337750 0! 0$ 0% 0(
#1338000 0+
#1339000 1+
#1339250 1)
#1339500 0" 1$ 1% 0'
#1339625 1,
#1340250 0-
#1340375 0)
#1340500 0% 0&
#1340875 0*
#1341875 1*
#1342500 1!
#1342750 0*
#1343750 1*
#1344250 0!
#1344375 1"
#1344625 0*
#1345625 1*
#1346250 1!
#1346375 0*
#1347500 1*
#1348625 1) 1-
#1348875 0! 0$ 1% 1' 1(
#1349750 0)
#1349875 0" 0' 0(
#1350125 0*
#1351250 1*
#1351375 1)
#1351750 1! 1" 1$ 1& 1' 1(
#1352500 0)
#1354250 1)
#1354500 0! 0" 0' 0(
#1355250 0) 0-
#1355500 0# 0$ 0&
#1355750 0*
#1356875 1*
#1357500 1!
#1357625 0*
#1358750 1*
#1359250 0!
#1359375 1"
#1359500 0*
#1360500 1*
#1361125 1!
#1361375 0*
#1362375 1*
#1363625 1) 1-
#1363750 0!
#1363875 1# 1' 1(
#1364625 0)
#1364875 0" 0# 0' 0(
#1365000 1$
#1365125 0*
#1366125 1*
#1366375 1)
#1366750 1! 1" 1# 1& 1' 1( 0,
#1367500 0)
#1367750 0$ 0% 0(
#1368000 0+
#1369000 1+
#1369250 1)
#1369375 0!
#1369500 0" 1$ 1% 0'
#1369625 1,
#1370250 0) 0-
#1370500 0$ 0&
#1370750 0*
#1371750 1*
#1372375 1!
#1372625 0*
#1373625 1*
#1374250 0!
#1374375 1"
#1374500 0*
#1375500 1*
#1376125 1!
#1376375 0*
#1377375 1*
#1378625 1) 1-
#1378750 0!
#1378875 1' 1(
#1379625 0)
#1379875 0" 1$ 0' 0(
#1380125 0*
#1381125 1*
#1381375 1)
#1381625 0# 0$ 0%
#1381750 1"
#1382500 0)
#1382750 1! 1# 1$ 1% 1&
#1383000 0*
#1384000 1*
#1384125 1)
#1384375 0! 0"
#1385250 0) 0-
#1385500 0# 0&
#1385750 0*
#1386750 1*
#1387375 1!
#1387625 0*
#1388625 1*
#1389250 0! 1"
#1389500 0*
#1390500 1* 00
#1391125 1!
#1391375 0*
#1392375 1*
#1393500 1)
#1393625 1-
#1393750 0! 0$
#1393875 1# 1' 1(
#1394625 0)
#1394875 0" 0# 0% 1& 0' 0(
#1395125 0*
#1396125 1*
#1396375 1)
#1396625 1' 1(
#1396750 1! 1" 1# 1$ 1% 0,
#1397500 0) 10
#1397625 0! 0" 0# 0%
#1397750 0(
#1398000 0+
#1399000 1+
#1399125 1)
#1399375 0'
#1399500 1# 1%
#1399625 1,
#1400250 0) 0-
#1400500 0&
#1400750 0*
#1401750 1*
#1402375 1!
#1402625 0*
#1403625 1*
#1404250 0! 1"
#1404500 0*
#1405500 1*
#1406125 1!
#1406375 0*
#1407375 1*
#1408500 1)
#1408625 1-
#1408750 0! 0$
#1408875 1' 1(
#1409625 0)
#1409875 0" 0% 1& 0' 0(
#1410125 0*
#1411125 1*
#1411375 1)
#1411625 1! 1% 1' 1(
#1411750 1" 1$
#1412500 0)
#1414125 1)
#1414375 0! 0" 0' 0(
#1415250 0) 0-
#1415500 0# 0$ 0%
#1415750 0*
#1416750 1*
#1417375 1!
#1417625 0*
#1418625 1*
#1419125 0!
#1419250 1"
#1419500 0*
#1420500 1*
#1421125 1!
#1421375 0*
#1422375 1*
#1423500 1)
#1423625 1-
#1423750 0! 0&
#1423875 1# 1% 1' 1(
#1424625 0)
#1424750 0(
#1424875 0" 0# 1$ 0% 1& 0'
#1425125 0*
#1426125 1*
#1426375 1)
#1426625 1! 1" 1# 1% 1' 1(
#1426750 0,
#1427375 0)
#1427625 0" 0# 0% 0(
#1427875 0+
#1429000 1+
#1429125 1)
#1429375 0! 0'
#1429500 1# 1% 1,
#1430250 0) 0-
#1430375 0%
#1430500 0$
#1430750 0*
#1431750 1*
#1432375 1!
#1432625 0*
#1433625 1*
#1434125 0!
#1434250 1"
#1434500 0*
#1435500 1*
#1436125 1!
#1436375 0*
#1437375 1*
#1438500 1) 1-
#1438750 0! 0& 1(
#1438875 1% 1'
#1439625 0)
#1439750 0% 0' 0(
#1439875 0" 1$ 1&
#1440125 0*
#1441125 1*
#1441375 1)
#1441500 0$ 0&
#1441625 1! 1" 0#
#1442375 0)
#1442625 1$ 1&
#1442750 1# 1%
#1442875 0+
#1443875 1+
#1444125 1)
#1444375 0! 0"
#1445250 0) 0-
#1445375 0# 0%
#1445750 0*
#1446750 1*
#1447375 1!
#1447625 0*
#1448625 1*
#1449125 0!
#1449250 1"
#1449500 0*
#1450500 1*
#1451125 1!
#1451375 0*
#1452375 1*
#1453500 1) 1-
#1453750 0! 0$ 0& 1' 1(
#1453875 1# 1%
#1454625 0)
#1454750 0" 0# 0' 0(
#1454875 1&
#1455125 0*
#1456125 1*
#1456250 1)
#1456625 1! 1" 1# 1$ 1' 1(
#1456750 0,
#1457375 0)
#1457625 0! 0# 0% 0(
#1457875 0+
#1458875 1+
#1459125 1)
#1459375 0" 0'
#1459500 1# 1% 1,
#1460250 0) 0-
#1460375 0%
#1460750 0*
#1461750 1*
#1462375 1!
#1462625 0*
#1463625 1*
#1464125 0!
#1464250 1"
#1464500 0*
#1465500 1*
#1466125 1!
#1466375 0*
#1467375 1*
#1468500 1) 1-
#1468750 0! 0$ 0& 1' 1(
#1468875 1%
#1469625 0)
#1469750 0" 0' 0(
#1469875 1&
#1470125 0*
#1471125 1*
#1471250 1)
#1471625 1! 1" 1$ 1' 1(
#1472375 0)
#1474125 1)
#1474375 0! 0" 0' 0( 00
#1475125 0-
#1475250 0)
#1475375 0# 0$
#1475750 0*
#1476750 1*
#1477375 1!
#1477625 0*
#1478625 1*
#1479125 0!
#1479250 1"
#1479500 0*
#1480500 1*
#1481125 1!
#1481375 0* 10
#1482375 1*
#1483500 1) 1-
#1483750 0! 0& 1' 1(
#1483875 1#
#1484625 0)
#1484750 0" 0# 0' 0(
#1484875 1$ 1&
#1485125 0*
#1486125 1*
#1486250 1)
#1486625 1! 1" 1# 1' 1(
#1486750 0,
#1487375 0)
#1487625 0# 0% 0(
#1487875 0+
#1488875 1+
#1489125 1)
#1489375 0! 0" 0'
#1489500 1# 1% 1,
#1490250 0) 0-
#1490375 0$
#1490750 0*
#1491750 1*
#1492375 1!
#1492625 0*
#1493625 1*
#1494125 0!
#1494250 1"
#1494500 0*
#1495500 1*
#1496125 1!
#1496375 0*
#1497375 1*
#1498500 1) 1-
#1498750 0! 0& 1' 1(
#1499625 0)
#1499750 0" 0' 0(
#1499875 1$ 1&
#1500125 0*
#1501125 1*
#1501250 1)
#1501500 0$ 0% 0&
#1502375 0)
#1502625 1! 1% 1&
#1502750 1" 1$
#1502875 0*
#1503875 1*
#1504125 1)
#1504375 0! 0"
#1505250 0) 0-
#1505375 0#
#1505750 0*
#1506750 1*
#1507375 1!
#1507625 0*
#1508625 1*
#1509125 0!
#1509250 1"
#1509500 0*
#1510500 1*
#1511125 1!
#1511375 0*
#1512375 1*
#1513500 1) 1-
#1513750 0! 0$ 0&
#1513875 1# 1' 1(
#1514625 0)
#1514750 0# 0(
#1514875 0" 0%
#1515125 0*
#1516125 1*
#1516375 1)
#1516625 1! 1" 1# 1$ 1% 1& 1(
#1516750 0,
#1517375 0)
#1517625 0! 0" 0% 0(
#1517875 0+
#1519000 1+
#1519125 1)
#1519375 0'
#1519500 1% 1,
#1520250 0) 0-
#1520750 0*
#1521750 1*
#1522375 1!
#1522625 0*
#1523625 1*
#1524125 0!
#1524250 1"
#1524500 0*
#1525500 1*
#1526125 1!
#1526375 0*
#1527375 1*
#1528500 1)
#1528625 1-
#1528750 0! 0$ 0&
#1528875 1' 1(
#1529625 0)
#1529750 0(
#1529875 0" 0%
#1530125 0*
#1531125 1*
#1531375 1)
#1531625 1! 1" 1% 1& 1(
#1531750 1$
#1532500 0)
#1534125 1)
#1534375 0! 0" 0' 0(
#1535250 0) 0-
#1535500 0# 0$ 0% 0& 1'
#1535750 0*
#1536750 1*
#1537375 1!
#1537625 0*
#1538625 1*
#1539250 0! 1"
#1539500 0*
#1540500 1*
#1541125 1!
#1541375 0*
#1542375 1*
#1543500 1)
#1543625 1-
#1543750 0!
#1543875 1# 1% 1(
#1544625 0)
#1544875 0" 0# 1$ 0% 0(
#1545125 0*
#1546125 1*
#1546375 1)
#1546625 1(
#1546750 1! 1" 1# 1% 1& 0,
#1547500 0)
#1547625 0" 0% 0(
#1548000 0+
#1549000 1+
#1549125 1)
#1549375 0! 0'
#1549500 1%
#1549625 1,
#1550250 0) 0-
#1550500 0$ 0% 0& 1'
#1550750 0*
#1551750 1*
#1552375 1!
#1552625 0*
#1553625 1*
#1554250 0! 1"
#1554500 0*
#1555500 1*
#1556125 1!
#1556375 0*
#1557375 1*
#1558250 00
#1558500 1)
#1558625 1-
#1558750 0!
#1558875 1% 1(
#1559625 0)
#1559875 0" 1$ 0% 0(
#1560125 0*
#1561125 1*
#1561375 1)
#1561625 0$ 0'
#1561750 1!
#1562500 0)
#1562750 1" 1$ 1% 1&
#1563000 0+
#1564000 1+
#1564125 1)
#1564375 0! 0"
#1565125 10
#1565250 0) 0-
#1565500 0# 0% 0& 1'
#1565750 0*
#1566750 1*
#1567375 1!
#1567625 0*
#1568625 1*
#1569250 0!
#1569375 1"
#1569500 0*
#1570500 1*
#1571125 1!
#1571375 0*
#1572375 1*
#1573625 1) 1-
#1573875 0! 1# 0$ 1% 1(
#1574625 0)
#1574875 0" 0# 0(
#1575125 0*
#1576250 1*
#1576375 1)
#1576750 1! 1" 1# 1$ 1& 1( 0,
#1577500 0)
#1577750 0! 0% 0(
#1578000 0+
#1579000 1+
#1579250 1)
#1579500 0" 1% 0'
#1579625 1,
#1580250 0) 0-
#1580500 0% 0&
#1580625 1'
#1580750 0*
#1581875 1*
#1582500 1!
#1582625 0*
#1583750 1*
#1584250 0!
#1584375 1"
#1584625 0*
#1585625 1*
#1586250 1!
#1586500 0*
#1587500 1*
#1588625 1) 1-
#1588875 0! 0$ 1% 1(
#1589750 0)
#1589875 0" 0(
#1590250 0*
#1591250 1*
#1591375 1)
#1591750 1! 1" 1$ 1& 1(
#1592500 0)
#1594250 1)
#1594500 0! 0" 0' 0(
#1595250 0-
#1595375 0)
#1595500 0# 0$ 0&
#1595625 1'
#1595875 0*
#1596875 1*
#1597500 1!
#1597750 0*
#1598750 1*
#1599250 0!
#1599375 1"
#1599625 0*
#1600625 1*
#1601250 1!
#1601500 0*
#1602500 1*
#1603625 1) 1-
#1603875 0! 1(
#1604000 1#
#1604750 0)
#1604875 0" 0# 0(
#1605000 1$
#1605250 0*
#1606250 1*
#1606375 1)
#1606750 1! 1" 1# 1& 1(
#1606875 0,
#1607500 0)
#1607750 0% 0(
#1608000 0+
#1609125 1+
#1609250 1)
#1609500 0! 0" 0'
#1609625 1% 1,
#1610375 0) 0-
#1610500 0&
#1610625 0$ 1'
#1610875 0*
#1611875 1*
#1612500 1!
#1612750 0*
#1613750 1*
#1614250 0!
#1614375 1"
#1614625 0*
#1615625 1*
#1616250 1!
#1616500 0*
#1617500 1*
#1618625 1)
#1618750 1-
#1618875 0!
#1619000 1(
#1619750 0)
#1619875 0(
#1620000 0" 1$
#1620250 0*
#1621250 1*
#1621500 1)
#1621750 1" 0$ 0% 0'
#1622500 0)
#1622875 1! 1$ 1% 1&
#1623000 0*
#1624125 1*
#1624250 1)
#1624500 0! 0"
#1625375 0) 0-
#1625625 0# 0& 1'
#1625875 0*
#1626875 1*
#1627500 1!
#1627750 0*
#1628750 1*
#1629375 0! 1"
#1629625 0*
#1630625 1*
#1631250 1!
#1631500 0*
#1632500 1*
#1633625 1)
#1633750 1-
#1633875 0! 0$
#1634000 1# 1(
#1634750 0)
#1635000 0" 0# 0% 1& 0(
#1635250 0*
#1636250 1*
#1636500 1)
#1636750 1(
#1636875 1! 1" 1# 1$ 1% 0,
#1637625 0)
#1637750 0! 0" 0# 0$ 0(
#1638125 0+
#1639125 1+
#1639250 1)
#1639500 0'
#1639625 1# 1$
#1639750 1,
#1640375 0) 0-
#1640625 0& 1'
#1640875 0*
#1641875 1*
#1642000 00
#1642500 1!
#1642750 0*
#1643750 1*
#1644375 0! 1"
#1644625 0*
#1645625 1*
#1646250 1!
#1646500 0*
#1647500 1*
#1648750 1) 1-
#1648875 0!
#1649000 0$ 1( 10
#1649750 0)
#1650000 0" 0% 1& 0(
#1650250 0*
#1651250 1*
#1651500 1)
#1651875 1! 1" 1$ 1% 1(
#1652625 0)
#1654375 1)
#1654625 0! 0" 0' 0(
#1655375 0) 0-
#1655625 0# 0$ 0% 1'
#1655875 0*
#1656875 1*
#1657500 1!
#1657750 0*
#1658750 1*
#1659375 0!
#1659500 1"
#1659625 0*
#1660625 1*
#1661250 1!
#1661500 0*
#1662500 1*
#1663750 1) 1-
#1664000 0! 1# 1% 0& 1(
#1664750 0)
#1665000 0" 0# 0% 0(
#1665125 1$ 1&
#1665250 0*
#1666375 1*
#1666500 1)
#1666875 1! 1" 1# 1% 1( 0,
#1667625 0)
#1667875 0" 0# 0$ 0(
#1668125 0+
#1669125 1+
#1669375 1)
#1669625 0! 1# 1$ 0'
#1669750 1,
#1670375 0) 0-
#1670625 0$ 0%
#1670750 1'
#1670875 0*
#1672000 1*
#1672625 1!
#1672750 0*
#1673875 1*
#1674375 0!
#1674500 1"
#1674625 0*
#1675750 1*
#1676375 1!
#1676500 0*
#1677625 1*
#1678750 1) 1-
#1679000 0! 1% 0& 1(
#1679875 0)
#1680000 0" 0% 0(
#1680125 1$ 1&
#1680250 0*
#1681375 1*
#1681500 1)
#1681750 0$ 0& 0'
#1681875 1! 1"
#1682625 0)
#1682875 1$ 1% 1&
#1683125 0+
#1684125 1+
#1684375 1)
#1684625 0! 0"
#1685375 0-
#1685500 0)
#1685625 0# 0%
#1685750 1'
#1686000 0*
#1687000 1*
#1687625 1!
#1687875 0*
#1688875 1*
#1689375 0!
#1689500 1"
#1689750 0*
#1690750 1*
#1691375 1!
#1691625 0*
#1692625 1*
#1693750 1) 1-
#1694000 0! 0$ 0& 1(
#1694125 1# 1%
#1694875 0)
#1695000 0" 0# 0(
#1695125 1&
#1695375 0*
#1696375 1*
#1696500 1)
#1696875 1! 1" 1# 1$ 1( 0,
#1697625 0)
#1697875 0! 0# 0$ 0(
#1698125 0+
#1699125 1+
#1699375 1)
#1699625 0" 1# 1$ 0'
#1699750 1,
#1700375 0-
#1700500 0)
#1700625 0%
#1700750 1'
#1701000 0*
#1702000 1*
#1702625 1!
#1702875 0*
#1703875 1*
#1704375 0!
#1704500 1"
#1704750 0*
#1705750 1*
#1706375 1!
#1706625 0*
#1707625 1*
#1708750 1) 1-
#1709000 0! 0$ 1% 0& 1(
#1709875 0)
#1710000 0" 0(
#1710125 1&
#1710375 0*
#1711375 1*
#1711500 1)
#1711875 1! 1" 1$ 1(
#1712625 0)
#1714375 1)
#1714625 0! 0" 0' 0(
#1715375 0-
#1715500 0)
#1715625 0# 0$
#1715750 1'
#1716000 0*
#1717000 1*
#1717625 1!
#1717875 0*
#1718875 1*
#1719375 0!
#1719500 1"
#1719750 0*
#1720750 1*
#1721375 1!
#1721625 0*
#1722625 1*
#1723750 1) 1-
#1724000 0! 1# 0& 1(
#1724875 0)
#1725000 0" 0# 0(
#1725125 1$ 1&
#1725375 0*
#1725875 00
#1726375 1*
#1726500 1)
#1726875 1! 1" 1# 1( 0,
#1727625 0)
#1727875 0# 0$ 0(
#1728125 0+
#1729125 1+
#1729375 1)
#1729625 0! 0" 1# 1$ 0'
#1729750 1,
#1730375 0-
#1730500 0)
#1730625 0$
#1730750 1'
#1731000 0*
#1732000 1*
#1732625 1!
#1732875 0* 10
#1733875 1*
#1734375 0!
#1734500 1"
#1734750 0*
#1735750 1*
#1736375 1!
#1736625 0*
#1737625 1*
#1738750 1) 1-
#1739000 0! 0& 1(
#1739875 0)
#1740000 0" 0(
#1740125 1$ 1&
#1740375 0*
#1741375 1*
#1741500 1)
#1741750 0# 0% 0& 0'
#1742625 0)
#1742875 1! 1" 1# 1% 1&
#1743125 0*
#1744125 1*
#1744375 1)
#1744625 0! 0"
#1745375 0-
#1745500 0)
#1745625 0#
#1745750 1'
#1745875 0*
#1747000 1*
#1747625 1!
#1747750 0*
#1748875 1*
#1749375 0!
#1749500 1"
#1749625 0*
#1750750 1*
#1751375 1!
#1751500 0*
#1752625 1*
#1753750 1) 1-
#1754000 1# 1(
#1754875 0)
#1755375 0+
#1756375 1+
#1756500 1)
#1756875 0,
#1757625 0)
#1757875 0! 0" 0$ 0(
#1758125 0+
#1759125 1+
#1759375 1)
#1759625 1$ 0'
#1759750 1,
#1760375 0) 0-
#1760750 1'
#1760875 0*
#1762000 1*
#1762500 1!
#1762750 0*
#1763750 1*
#1764375 0!
#1764500 1"
#1764625 0*
#1765625 1*
#1766250 1!
#1766500 0*
#1767500 1*
#1768750 1) 1-
#1769000 0! 0$ 0& 1(
#1769750 0)
#1770000 0" 0# 0% 0' 0(
#1770250 0*
#1771250 1*
#1771875 1!
#1772125 0*
#1773125 1*
#1773750 0!
#1773875 1"
#1774000 0*
#1774750 1)
#1775000 1*
#1775125 1# 1% 1' 1(
#1775875 0)
#1776125 0" 0# 0% 0' 0(
#1776375 0*
#1777375 1*
#1778000 1!
#1778250 0*
#1779250 1*
#1779750 0!
#1779875 1"
#1780125 0*
#1780875 1)
#1781125 1*
#1781250 1! 1# 1$ 1% 1& 1' 1( 0,
#1782000 0)
#1782125 0$ 0(
#1782250 0"
#1782500 0+
#1783500 1+
#1783625 1)
#1783875 0! 0#
#1784000 1$ 0& 1(
#1784125 1,
#1784750 0)
#1785000 0% 0' 0(
#1785250 0*
#1786250 1*
#1786875 1%
#1787125 0*
#1788125 1*
#1788375 1)
#1788625 0$
#1788750 1# 1' 1(
#1789500 0)
#1789625 0# 0% 0' 0(
#1789750 1$
#1790000 0*
#1791000 1*
#1791125 1)
#1791500 1% 1' 1(
#1792250 0)
#1792500 0% 0' 0(
#1792750 0*
#1793750 1*
#1794375 1%
#1794625 0*
#1795625 1*
#1795875 1)
#1796125 0$ 1' 1(
#1796250 1#
#1797000 0)
#1797125 0# 0% 0' 0(
#1797250 1$
#1797500 0*
#1798500 1*
#1798625 1)
#1798875 0$
#1799000 1" 1# 1% 1' 1(
#1799750 0)
#1800000 0" 0# 0% 0' 0(
#1800250 0*
#1801250 1*
#1801875 1!
#1802125 0*
#1803125 1*
#1803750 0! 1"
#1804000 0*
#1804750 1)
#1805000 1*
#1805125 1# 1% 1' 1(
#1805875 0)
#1806000 0# 0' 0(
#1806125 0" 0%
#1806375 0*
#1807375 1*
#1808000 1!
#1808250 0*
#1809250 1*
#1809750 0! 00
#1809875 1"
#1810125 0*
#1811375 1)
#1811625 1*
#1812125 1! 1# 1$ 1% 1& 1' 1( 0,
#1812875 0)
#1813125 0! 0$ 0(
#1813375 0+
#1814375 1+
#1815000 1)
#1815250 0#
#1815375 0" 1$ 0& 1(
#1815500 1,
#1816125 0)
#1816750 0( 10
#1816875 0% 0'
#1817125 0*
#1818125 1*
#1818750 1%
#1819000 0*
#1820000 1*
#1820250 1)
#1820500 1# 0$ 1' 1(
#1821250 0)
#1821500 0# 0% 0' 0(
#1821625 1$
#1821750 0*
#1822750 1*
#1823000 1)
#1823375 1% 1' 1(
#1824125 0)
#1824250 0' 0(
#1824375 0%
#1824625 0*
#1825625 1*
#1826250 1%
#1826500 0*
#1827500 1*
#1827750 1)
#1828000 1# 0$ 1' 1(
#1828750 0)
#1829000 0# 0% 0' 0(
#1829125 1$
#1829250 0*
#1830250 1*
#1830500 1)
#1830750 0$
#1830875 1" 1# 1% 1' 1(
#1831625 0)
#1831750 0# 0' 0(
#1831875 0" 0%
#1832125 0*
#1833125 1*
#1833750 1!
#1834000 0*
#1835000 1*
#1835500 0!
#1835625 1"
#1835875 0*
#1836625 1)
#1836875 1*
#1837000 1# 1% 1' 1(
#1837750 0)
#1837875 0" 0# 0% 0' 0(
#1838125 0*
#1839250 1*
#1839875 1!
#1840125 0*
#1841125 1*
#1841625 0!
#1841750 1"
#1841875 0*
#1842750 1)
#1842875 1*
#1843000 1! 1# 1$ 1% 1& 1' 1(
#1843125 0,
#1843750 0)
#1844000 0$ 0(
#1844250 0+
#1845250 1+
#1845500 1)
#1845750 0! 0" 0# 0& 1(
#1845875 1$ 1,
#1846625 0)
#1846750 0% 0' 0(
#1847125 0*
#1848125 1*
#1848750 1%
#1849000 0*
#1850000 1*
#1850125 1)
#1850375 0$
#1850500 1# 1' 1(
#1851250 0)
#1851500 0# 1$ 0% 0' 0(
#1851750 0*
#1852750 1*
#1853000 1)
#1853250 1' 1(
#1853375 1%
#1854125 0)
#1854250 0% 0' 0(
#1854625 0*
#1855625 1*
#1856250 1%
#1856500 0*
#1857500 1*
#1857625 1)
#1857875 0$
#1858000 1# 1' 1(
#1858750 0)
#1859000 0# 1$ 0% 0' 0(
#1859250 0*
#1860250 1*
#1860500 1)
#1860750 0$ 1' 1(
#1860875 1" 1# 1%
#1861625 0)
#1861750 0" 0# 0% 0' 0(
#1862125 0*
#1863125 1*
#1863750 1!
#1864000 0*
#1865000 1*
#1865500 0!
#1865625 1"
#1865875 0*
#1866625 1)
#1866875 1' 1( 1*
#1867000 1# 1%
#1867625 0)
#1867875 0" 0# 0% 0' 0(
#1868125 0*
#1869125 1*
#1869750 1!
#1870000 0*
#1871000 1*
#1871625 0!
#1871750 1"
#1871875 0*
#1872625 1)
#1872875 1*
#1873000 1! 1# 1$ 1% 1& 1' 1( 0,
#1873750 0)
#1874000 0! 0" 0# 0(
#1874250 0+
#1875250 1+
#1875500 1)
#1875750 0& 1(
#1875875 1,
#1876625 0)
#1876750 0% 0' 0(
#1877125 0*
#1878125 1*
#1878750 1%
#1879000 0*
#1880000 1*
#1880125 1)
#1880375 0$
#1880500 1# 1' 1(
#1881250 0)
#1881500 0# 1$ 0% 0' 0(
#1881750 0*
#1882750 1*
#1883000 1)
#1883250 1% 1' 1(
#1884125 0)
#1884250 0% 0' 0(
#1884500 0*
#1885625 1*
#1886250 1%
#1886500 0*
#1887500 1*
#1887625 1)
#1887875 0$
#1888000 1# 1' 1(
#1888750 0)
#1889000 0# 1$ 0% 0' 0(
#1889250 0*
#1890250 1*
#1890500 1)
#1893625 00
#1900625 10
#1905750 1! 1& 1' 1(
#1905875 1" 1# 1% 0,
#1906625 0)
#1906750 0" 0# 0(
#1907125 0+
#1908125 1+
#1908250 1)
#1909500 1" 1# 1(
#1909625 1,
#1910375 0)
#1912000 1)
#1915125 0! 0$ 0&
#1916000 0)
#1916125 0" 0# 0% 0' 0(
#1916375 0*
#1917500 1*
#1917625 1)
#1918000 1! 1" 1# 1$ 1% 1& 1' 1(
#1918750 0)
#1920500 1)
#1921625 0)
#1922125 0+
#1923125 1+
#1924000 0+
#1925000 1+
#1925875 0+
#1926875 1+
#1927750 0+
#1928750 1+
#1929875 1)
#1930125 0! 0$ 0&
#1931000 0)
#1931125 0" 0% 0' 0(
#1931500 0*
#1932500 1*
#1932625 1)
#1933000 1! 1" 1$ 1% 1& 1' 1( 0,
#1933750 0)
#1934000 0! 0# 0(
#1934250 0+
#1935250 1+
#1935500 1)
#1935750 0" 1# 0'
#1935875 1,
#1936500 0-
#1936625 0)
#1936750 0# 0$ 0% 0&
#1936875 1(
#1937125 0*
#1938125 1*
#1938750 1!
#1939000 0*
#1940000 1*
#1940500 0!
#1940625 1"
#1940875 0*
#1941875 1*
#1942500 1!
#1942750 0*
#1943750 1*
#1944875 1) 1-
#1945125 0! 1'
#1945250 1# 1%
#1946000 0)
#1946125 0" 0# 0% 0' 0(
#1946250 1$
#1946500 0*
#1947500 1*
#1947625 1)
#1948000 1! 1" 1# 1% 1& 1' 1(
#1948750 0)
#1950500 1)
#1950750 0! 0" 0' 0(
#1951500 0-
#1951625 0)
#1951750 0$ 0% 0&
#1951875 1(
#1952125 0*
#1953125 1*
#1953750 1!
#1954000 0*
#1955000 1*
#1955500 0!
#1955625 1"
#1955875 0*
#1956875 1*
#1957500 1!
#1957750 0*
#1958750 1*
#1959875 1) 1-
#1960125 0! 1'
#1960250 1%
#1961000 0)
#1961125 0% 0' 0(
#1961250 0" 1$
#1961500 0*
#1962500 1*
#1962625 1)
#1962875 0#
#1963000 1!
#1963750 0)
#1964000 1#
#1964125 1" 1% 1&
#1964250 0+
#1965250 1+
#1965500 1)
#1965750 0! 0"
#1966625 0) 0-
#1966750 0# 0% 0&
#1966875 1(
#1967125 0*
#1968125 1*
#1968750 1!
#1969000 0*
#1970000 1*
#1970500 0!
#1970625 1"
#1970875 0*
#1971875 1*
#1972500 1!
#1972750 0*
#1973750 1*
#1974875 1) 1-
#1975125 0! 0$
#1975250 1# 1% 1'
#1976000 0)
#1976125 0# 0'
#1976250 0" 0(
#1976500 0*
#1977500 1* 00
#1977750 1)
#1978000 1! 1" 1# 1$ 1& 1' 1(
#1978125 0,
#1978750 0)
#1979000 0# 0(
#1979375 0+
#1980375 1+
#1980500 1)
#1980750 0! 0" 0'
#1980875 1# 1,
#1981625 0) 0-
#1981875 0% 0& 1(
#1982125 0*
#1983125 1*
#1983750 1!
#1984000 0*
#1984375 10
#1985000 1*
#1985500 0!
#1985625 1"
#1985875 0*
#1986875 1*
#1987500 1!
#1987750 0*
#1988750 1*
#1989875 1)
#1990000 1-
#1990125 0! 0$
#1990250 1% 1'
#1991000 0)
#1991250 0" 0' 0(
#1991500 0*
#1992500 1*
#1992750 1)
#1993000 1! 1' 1(
#1993125 1" 1$ 1&
#1993875 0)
#1995500 1)
#1995750 0! 0" 0' 0(
#1996625 0) 0-
#1996875 0# 0$ 0& 1(
#1997125 0*
#1998125 1*
#1998750 1!
#1999000 0*
#2000000 1*
#2000625 0! 1"
#2000875 0*
#2001875 1*
#2002500 1!
#2002750 0*
#2003750 1*
#2004875 1)
#2005000 1-
#2005125 0!
#2005250 1# 1'
#2006000 0)
#2006250 0" 0# 1$ 0' 0(
#2006500 0*
#2007500 1*
#2007750 1)
#2008125 1! 1" 1# 1& 1' 1( 0,
#2008875 0)
#2009000 0! 0" 0(
#2009375 0+
#2010375 1+
#2010500 1)
#2010750 0'
#2011000 1,
#2011625 0) 0-
#2011875 0$ 0& 1(
#2012125 0*
#2013125 1*
#2013750 1!
#2014000 0*
#2015000 1*
#2015625 0!
#2015750 1"
#2015875 0*
#2016875 1*
#2017500 1!
#2017750 0*
#2018750 1*
#2020000 1) 1-
#2020125 0!
#2020250 1'
#2021000 0)
#2021250 0" 0' 0(
#2021375 1$
#2021500 0*
#2022500 1*
#2022750 1)
#2023000 0# 0%
#2023125 1"
#2023875 0)
#2024125 1! 1# 1% 1&
#2024375 0*
#2025375 1*
#2025625 1)
#2025875 0! 0"
#2026625 0) 0-
#2026875 0# 0&
#2027000 1(
#2027125 0*
#2028250 1*
#2028875 1!
#2029000 0*
#2030125 1*
#2030625 0!
#2030750 1"
#2030875 0*
#2032000 1*
#2032625 1!
#2032750 0*
#2033875 1*
#2035000 1) 1-
#2035250 0! 1# 0$ 1'
#2036125 0)
#2036250 0" 0# 0% 0' 0(
#2036375 1&
#2036500 0*
#2037625 1*
#2037750 1)
#2038125 1! 1" 1# 1$ 1% 1' 1( 0,
#2038875 0)
#2039125 0" 0(
#2039375 0+
#2040375 1+
#2040625 1)
#2040875 0! 0'
#2041000 1,
#2041625 0-
#2041750 0)
#2041875 0&
#2042000 1(
#2042250 0*
#2043250 1*
#2043875 1!
#2044125 0*
#2045125 1*
#2045625 0!
#2045750 1"
#2046000 0*
#2047000 1*
#2047625 1!
#2047875 0*
#2048875 1*
#2050000 1) 1-
#2050250 0! 0$ 1'
#2051125 0)
#2051250 0" 0% 0' 0(
#2051375 1&
#2051625 0*
#2052625 1*
#2052750 1)
#2053125 1! 1" 1$ 1% 1' 1(
#2053875 0)
#2055625 1)
#2055875 0! 0" 0' 0(
#2056625 0-
#2056750 0)
#2056875 0$ 0%
#2057000 0# 1(
#2057250 0*
#2058250 1*
#2058875 1!
#2059125 0*
#2060125 1*
#2060625 0!
#2060750 1"
#2061000 0*
#2061250 00
#2062000 1*
#2062625 1!
#2062875 0*
#2063875 1*
#2065000 1) 1-
#2065250 0! 0&
#2065375 1# 1% 1'
#2066125 0)
#2066250 0'
#2066375 0" 0# 1$ 0% 1& 0(
#2066625 0*
#2067625 1*
#2067875 1)
#2068125 1! 1" 1# 1% 1' 1(
#2068250 0, 10
#2068875 0)
#2069125 0! 0(
#2069500 0+
#2070500 1+
#2070625 1)
#2070875 0" 0'
#2071000 1,
#2071750 0) 0-
#2072000 0$ 0% 1(
#2072250 0*
#2073250 1*
#2073875 1!
#2074125 0*
#2075125 1*
#2075625 0!
#2075750 1"
#2076000 0*
#2077000 1*
#2077625 1!
#2077875 0*
#2078875 1*
#2080000 1)
#2080125 1-
#2080250 0! 0&
#2080375 1% 1'
#2081125 0)
#2081375 0" 1$ 0% 1& 0' 0(
#2081625 0*
#2082625 1*
#2082875 1)
#2083125 1! 1" 0# 0&
#2084000 0)
#2084250 1# 1% 1&
#2084500 0+
#2085500 1+
#2085625 1)
#2085875 0! 0"
#2086750 0) 0-
#2087000 0# 0% 1(
#2087250 0*
#2088250 1*
#2088875 1!
#2089125 0*
#2090125 1*
#2090750 0! 1"
#2091000 0*
#2092000 1*
#2092625 1!
#2092875 0*
#2093875 1*
#2095000 1)
#2095125 1-
#2095250 0!
#2095375 1# 0$ 1% 0& 1'
#2096125 0)
#2096375 0" 0# 1& 0' 0(
#2096625 0*
#2097625 1*
#2097875 1)
#2098250 1! 1" 1# 1$ 1' 1( 0,
#2099000 0)
#2099125 0(
#2099500 0+
#2100500 1+
#2100625 1)
#2100875 0! 0" 0'
#2101125 1,
#2101750 0) 0-
#2102000 0% 1(
#2102250 0*
#2103250 1*
#2103875 1!
#2104125 0*
#2105125 1*
#2105750 0! 1"
#2106000 0*
#2107000 1*
#2107625 1!
#2107875 0*
#2108875 1*
#2110125 1) 1-
#2110250 0!
#2110375 0$ 1% 0& 1'
#2111125 0)
#2111375 0" 1& 0' 0(
#2111625 0*
#2112625 1*
#2112875 1)
#2113250 1! 1" 1$ 1' 1(
#2114000 0)
#2115750 1)
#2116000 0! 0" 0' 0(
#2116750 0) 0-
#2117000 0# 0$ 1(
#2117250 0*
#2118250 1*
#2118875 1!
#2119125 0*
#2120125 1*
#2120750 0!
#2120875 1"
#2121000 0*
#2122000 1*
#2122625 1!
#2122875 0*
#2123875 1*
#2125125 1) 1-
#2125250 0!
#2125375 1# 0& 1'
#2126125 0)
#2126375 0" 0# 1& 0' 0(
#2126500 1$
#2126625 0*
#2127625 1*
#2127875 1)
#2128250 1! 1" 1# 1' 1(
#2129000 0)
#2130750 1)
#2131000 0! 0" 0' 0(
#2131750 0) 0-
#2132000 0$ 1(
#2132250 0*
#2133250 1*
#2133875 1!
#2134125 0*
#2135125 1*
#2135750 0!
#2135875 1"
#2136000 0*
#2137000 1*
#2137625 1!
#2137875 0*
#2138875 1*
#2140125 1) 1-
#2140375 0! 0& 1'
#2141125 0)
#2141375 0" 0' 0(
#2141500 1$ 1&
#2141625 0*
#2142625 1*
#2142875 1)
#2143125 0% 0&
#2144000 0)
#2144250 1! 1" 1% 1&
#2144500 0*
#2145125 00
#2145500 1*
#2145750 1)
#2145875 0!
#2146000 0"
#2146750 0) 0-
#2147000 0#
#2147125 1(
#2147250 0*
#2148250 1*
#2148875 1!
#2149125 0*
#2150125 1*
#2150750 0!
#2150875 1"
#2151000 0*
#2152000 1*
#2152125 10
#2152625 1!
#2152875 0*
#2153875 1*
#2155125 1) 1-
#2155375 0! 1# 0$ 0& 1'
#2156125 0)
#2156375 0" 0# 0% 0(
#2156625 0*
#2157625 1*
#2157875 1)
#2158250 1! 1" 1# 1$ 1% 1& 1( 0,
#2159000 0)
#2159250 0! 0" 0# 0$ 0% 0& 0'
#2159500 0+
#2160500 1+
#2160750 1)
#2161000 1# 1$ 1% 1& 0(
#2161125 1,
#2161750 0) 0-
#2162000 1(
#2162250 0*
#2163250 1*
#2163875 1!
#2164125 0*
#2165125 1*
#2165750 0!
#2165875 1"
#2166000 0*
#2167000 1*
#2167625 1!
#2167875 0*
#2168875 1*
#2170125 1) 1-
#2170375 0! 0$ 0& 1'
#2171125 0)
#2171375 0" 0% 0(
#2171625 0*
#2172625 1*
#2172875 1)
#2173250 1! 1" 1$ 1% 1& 1(
#2174000 0)
#2175750 1)
#2176000 0! 0" 0' 0(
#2176750 0) 0-
#2177000 0# 0$ 0% 0& 1' 1(
#2177250 0*
#2178250 1*
#2178875 1!
#2179125 0*
#2180125 1*
#2180750 0!
#2180875 1"
#2181000 0*
#2182000 1*
#2182625 1!
#2182875 0*
#2183875 1*
#2185125 1) 1-
#2185250 0!
#2185375 1# 1%
#2186125 0)
#2186375 0" 0# 0% 0(
#2186500 1$
#2186625 0*
#2187625 1*
#2187875 1)
#2188250 1! 1" 1# 1% 1& 1( 0,
#2189000 0)
#2189125 0# 0&
#2189250 0" 0$ 0% 0'
#2189500 0+
#2190500 1+
#2190625 1)
#2190875 0! 0(
#2191000 1# 1$ 1% 1&
#2191125 1,
#2191750 0) 0-
#2192000 0$ 0% 0& 1' 1(
#2192250 0*
#2193250 1*
#2193875 1!
#2194125 0*
#2195125 1*
#2195750 0! 1"
#2196000 0*
#2197000 1*
#2197625 1!
#2197875 0*
#2198875 1*
#2200000 1)
#2200125 1-
#2200250 0!
#2200375 1%
#2201125 0)
#2201375 0" 1$ 0% 0(
#2201625 0*
#2202625 1*
#2202875 1)
#2203125 1! 0'
#2204000 0)
#2204250 1" 1% 1&
#2204500 0+
#2205500 1+
#2205625 1)
#2205875 0! 0"
#2206750 0) 0-
#2207000 0# 0% 0& 1' 1(
#2207250 0*
#2208250 1*
#2208875 1!
#2209125 0*
#2210125 1*
#2210750 0! 1"
#2211000 0*
#2212000 1*
#2212625 1!
#2212875 0*
#2213875 1*
#2215000 1)
#2215125 1-
#2215250 0! 0$
#2215375 1# 1%
#2216125 0)
#2216375 0" 0# 0(
#2216625 0*
#2217625 1*
#2217875 1)
#2218125 1! 1" 1& 1(
#2218250 1# 1$ 0,
#2219000 0)
#2219125 0! 0# 0$ 0% 0& 0' 1,
#2219250 0,
#2219500 0+
#2220500 1+
#2220625 1)
#2220875 0" 0(
#2221000 1# 1$ 1% 1& 1,
#2221750 0) 0-
#2221875 0&
#2222000 0% 1' 1(
#2222250 0*
#2223250 1*
#2223875 1!
#2224125 0*
#2225125 1*
#2225625 0!
#2225750 1"
#2226000 0*
#2227000 1*
#2227625 1!
#2227875 0*
#2228875 1*
#2229000 00
#2230000 1)
#2230125 1-
#2230250 0! 0$
#2230375 1%
#2231125 0)
#2231375 0" 0(
#2231625 0*
#2232625 1*
#2232875 1)
#2233125 1! 1" 1$ 1& 1(
#2233875 0)
#2235625 1)
#2235875 0! 0" 0' 0(
#2236000 10
#2236750 0) 0-
#2237000 0# 0$ 0& 1' 1(
#2237250 0*
#2238250 1*
#2238875 1!
#2239125 0*
#2240125 1*
#2240625 0!
#2240750 1"
#2241000 0*
#2242000 1*
#2242625 1!
#2242875 0*
#2243875 1*
#2245000 1) 1-
#2245250 0!
#2245375 1#
#2246125 0)
#2246250 0" 0# 0(
#2246375 1$
#2246625 0*
#2247625 1*
#2247750 1)
#2248125 1! 1" 1# 1& 1(
#2248250 0,
#2248875 0)
#2249125 0# 0$ 0% 0& 0'
#2249375 0+
#2250375 1+
#2250625 1)
#2250875 0! 0" 0(
#2251000 1# 1$ 1% 1& 1,
#2251750 0) 0-
#2251875 0$ 0&
#2252000 1' 1(
#2252250 0*
#2253250 1*
#2253875 1!
#2254125 0*
#2255125 1*
#2255625 0!
#2255750 1"
#2256000 0*
#2257000 1*
#2257625 1!
#2257875 0*
#2258875 1*
#2260000 1) 1-
#2260250 0!
#2261125 0)
#2261250 0" 0(
#2261375 1$
#2261625 0*
#2262625 1*
#2262750 1)
#2263000 0% 0'
#2263125 1"
#2263875 0)
#2264125 1! 1% 1&
#2264375 0*
#2265375 1*
#2265625 1)
#2265875 0! 0"
#2266625 0-
#2266750 0)
#2266875 0# 0&
#2267000 1' 1(
#2267250 0*
#2268250 1*
#2268875 1!
#2269125 0*
#2270125 1*
#2270625 0!
#2270750 1"
#2271000 0*
#2272000 1*
#2272625 1!
#2272875 0*
#2273875 1*
#2275000 1) 1-
#2275250 0! 1# 0$
#2276125 0)
#2276250 0" 0# 0% 0(
#2276375 1&
#2276500 0*
#2277625 1*
#2277750 1)
#2278125 1! 1" 1# 1$ 1% 1( 0,
#2278875 0)
#2279125 0! 0" 0$ 0% 0& 0'
#2279375 0+
#2280375 1+
#2280625 1)
#2280875 1$ 1% 1& 0(
#2281000 1,
#2281625 0-
#2281750 0)
#2281875 0&
#2282000 1' 1(
#2282250 0*
#2283250 1*
#2283875 1!
#2284000 0*
#2285125 1*
#2285625 0!
#2285750 1"
#2285875 0*
#2287000 1*
#2287500 1!
#2287750 0*
#2288875 1*
#2290000 1) 1-
#2290250 0! 0$
#2291000 0)
#2291250 0" 0% 0(
#2291375 1&
#2291500 0*
#2292625 1*
#2292750 1)
#2293125 1! 1" 1$ 1% 1(
#2293875 0)
#2295625 1)
#2295875 0! 0" 0' 0(
#2296625 0) 0-
#2296875 0# 0$ 0% 1' 1(
#2297125 0*
#2298125 1*
#2298875 1!
#2299000 0*
#2300000 1*
#2300625 0!
#2300750 1"
#2300875 0*
#2301875 1*
#2302500 1!
#2302750 0*
#2303750 1*
#2305000 1) 1-
#2305250 0! 1# 1% 0&
#2306000 0)
#2306250 0" 0# 0% 0(
#2306375 1$ 1&
#2306500 0*
#2307500 1*
#2307750 1)
#2308125 1! 1" 1# 1% 1( 0,
#2308875 0)
#2309125 0" 0$ 0% 0& 0'
#2309375 0+
#2310375 1+
#2310625 1)
#2310750 0!
#2310875 1$ 1% 1& 0(
#2311000 1,
#2311625 0) 0-
#2311875 0$ 0% 1' 1(
#2312125 0*
#2312875 00
#2313125 1*
#2313750 1!
#2314000 0*
#2315000 1*
#2315625 0!
#2315750 1"
#2315875 0*
#2316875 1*
#2317500 1!
#2317750 0*
#2318750 1*
#2319750 10
#2320000 1) 1-
#2320125 0!
#2320250 1% 0&
#2321000 0)
#2321250 0" 0% 0(
#2321375 1$ 1&
#2321500 0*
#2322500 1*
#2322750 1)
#2323000 0& 0'
#2323125 1! 1"
#2323875 0)
#2324125 1% 1&
#2324375 0+
#2325375 1+
#2325625 1)
#2325750 0!
#2325875 0"
#2326625 0) 0-
#2326875 0# 0% 1' 1(
#2327125 0*
#2328125 1*
#2328750 1!
#2329000 0*
#2330000 1*
#2330625 0!
#2330750 1"
#2330875 0*
#2331875 1*
#2332500 1!
#2332750 0*
#2333750 1*
#2335000 1) 1-
#2335125 0!
#2335250 1# 0$ 1% 0&
#2336000 0)
#2336250 0" 0# 1& 0(
#2336500 0*
#2337500 1*
#2337750 1)
#2338125 1! 1" 1# 1$ 1( 0,
#2338875 0)
#2339125 0! 0$ 0% 0& 0'
#2339375 0+
#2340375 1+
#2340625 1)
#2340875 0" 1$ 1% 1& 0(
#2341000 1,
#2341625 0) 0-
#2341875 0% 1' 1(
#2342125 0*
#2343125 1*
#2343750 1!
#2344000 0*
#2345000 1*
#2345625 0!
#2345750 1"
#2345875 0*
#2346875 1*
#2347500 1!
#2347750 0*
#2348750 1*
#2350000 1) 1-
#2350250 0! 0$ 1% 0&
#2351000 0)
#2351250 0" 1& 0(
#2351500 0*
#2352500 1*
#2352750 1)
#2353125 1! 1" 1$ 1(
#2353875 0)
#2355625 1)
#2355875 0! 0" 0' 0(
#2356625 0) 0-
#2356875 0# 0$ 1' 1(
#2357125 0*
#2358125 1*
#2358750 1!
#2359000 0*
#2360000 1*
#2360625 0!
#2360750 1"
#2360875 0*
#2361875 1*
#2362500 1!
#2362750 0*
#2363750 1*
#2365000 1) 1-
#2365250 0! 1# 0&
#2366000 0)
#2366250 0" 0# 0(
#2366375 1$ 1&
#2366500 0*
#2367500 1*
#2367750 1)
#2368125 1! 1" 1# 1( 0,
#2368875 0)
#2369125 0$ 0% 0& 0'
#2369375 0+
#2370375 1+
#2370625 1)
#2370875 0! 0" 1$ 1% 1& 0(
#2371000 1,
#2371625 0) 0-
#2371875 0$ 1(
#2372000 1'
#2372125 0*
#2373125 1*
#2373750 1!
#2374000 0*
#2375125 1*
#2375625 0!
#2375750 1"
#2375875 0*
#2377000 1*
#2377500 1!
#2377750 0*
#2378875 1*
#2380000 1) 1-
#2380250 0! 0&
#2381000 0)
#2381250 0" 0(
#2381375 1$ 1&
#2381500 0*
#2382625 1*
#2382750 1)
#2383000 0# 0$ 0& 0'
#2383875 0)
#2384125 1! 1" 1# 1$ 1&
#2384375 0*
#2385375 1*
#2385625 1)
#2385875 0! 0"
#2386625 0) 0-
#2386875 0#
#2387000 1' 1(
#2387125 0*
#2388250 1*
#2388875 1!
#2389000 0*
#2390125 1*
#2390625 0!
#2390750 1"
#2391000 0*
#2392000 1*
#2392625 1!
#2392875 0*
#2393875 1*
#2395000 1) 1-
#2395250 1#
#2396125 0)
#2396625 0+
#2396750 00
#2397625 1+
#2397750 1)
#2398250 0,
#2398875 0)
#2399125 0! 0" 0# 0% 0& 0'
#2399375 0+
#2400375 1+
#2400625 1)
#2400875 1% 1& 0(
#2401000 1# 1,
#2401625 0-
#2401750 0)
#2402000 1' 1(
#2402250 0*
#2403250 1*
#2403625 10
#2403875 1!
#2404125 0*
#2405125 1*
#2405625 0!
#2405750 1"
#2406000 0*
#2407000 1*
#2407625 1!
#2407875 0*
#2408875 1*
#2410000 1) 1-
#2410250 0! 0$ 0&
#2411125 0)
#2411250 0" 0# 0% 0' 0(
#2411625 0*
#2412625 1*
#2413250 1!
#2413500 0*
#2414500 1*
#2415000 0!
#2415125 1"
#2415375 0*
#2416125 1)
#2416375 1*
#2416500 1# 1% 1' 1(
#2417250 0)
#2417375 0" 0# 0% 0' 0(
#2417625 0*
#2418750 1*
#2419375 1!
#2419625 0*
#2420625 1*
#2421125 0!
#2421250 1"
#2421500 0*
#2422250 1)
#2422500 1! 1# 1$ 1% 1& 1' 1( 1*
#2422625 0,
#2423250 0)
#2423500 0" 0# 0% 0& 0'
#2423750 0+
#2424875 1+
#2425000 1)
#2425250 0!
#2425375 1% 1' 1,
#2426125 0)
#2426250 0% 0'
#2426375 1! 0(
#2426625 0*
#2427625 1*
#2428250 1%
#2428500 0*
#2429500 1*
#2429750 1)
#2429875 0!
#2430000 1# 0$ 1' 1(
#2430750 0)
#2431000 0# 0% 0' 0(
#2431125 1! 1$
#2431250 0*
#2432375 1*
#2432500 1)
#2432750 0!
#2432875 1% 1' 1(
#2433625 0)
#2433750 0' 0(
#2433875 1! 0%
#2434125 0*
#2435125 1*
#2435750 1%
#2436000 0*
#2437000 1*
#2437250 1)
#2437500 0! 0$ 1' 1(
#2437625 1#
#2438375 0)
#2438500 0# 0% 0' 0(
#2438625 1! 1$
#2438750 0*
#2439875 1*
#2440000 1)
#2440250 0! 0$
#2440375 1" 1# 1% 1' 1(
#2441125 0)
#2441375 0" 0# 0% 0' 0(
#2441625 0*
#2442625 1*
#2443250 1!
#2443500 0*
#2444500 1*
#2445125 0! 1"
#2445375 0*
#2446125 1)
#2446375 1*
#2446500 1# 1% 1' 1(
#2447250 0)
#2447375 0(
#2447500 0" 0# 0% 0'
#2447750 0*
#2448750 1*
#2449375 1!
#2449625 0*
#2450625 1*
#2451125 0!
#2451250 1"
#2451500 0*
#2452750 1)
#2453000 1*
#2453500 1! 1# 1$ 1% 1& 1' 1(
#2453625 0,
#2454250 0)
#2454500 0! 0# 0% 0& 0'
#2454750 0+
#2455750 1+
#2456500 1)
#2456750 0" 1% 1'
#2456875 1,
#2457625 0)
#2458250 1! 0% 0' 0(
#2458500 0*
#2459500 1*
#2460125 1%
#2460375 0*
#2461375 1*
#2461625 1)
#2461875 0! 0$
#2462000 1# 1' 1(
#2462750 0)
#2462875 0' 0(
#2463000 1! 0# 1$ 0%
#2463250 0*
#2464250 1*
#2464500 1)
#2464625 0!
#2464750 1% 1' 1(
#2465500 0)
#2465750 1! 0% 0' 0(
#2466000 0*
#2467000 1*
#2467750 1%
#2467875 0*
#2468875 1*
#2469125 1)
#2469375 0! 0$
#2469500 1# 1' 1(
#2470250 0)
#2470500 1! 0# 1$ 0% 0' 0(
#2470750 0*
#2471750 1*
#2472000 1)
#2472125 0!
#2472250 1" 1# 0$ 1% 1' 1(
#2473000 0)
#2473250 0" 0# 0% 0' 0(
#2473500 0*
#2474625 1*
#2475250 1!
#2475375 0*
#2476500 1*
#2477000 0!
#2477125 1"
#2477250 0*
#2478125 1)
#2478250 1*
#2478375 1# 1% 1' 1(
#2479125 0)
#2479375 0" 0# 0% 0' 0(
#2479625 0*
#2480500 00
#2480625 1*
#2481250 1!
#2481500 0*
#2482500 1*
#2483125 0!
#2483250 1"
#2483375 0*
#2484125 1)
#2484375 1*
#2484500 1! 1# 1$ 1% 1& 1' 1( 0,
#2485250 0)
#2485500 0# 0% 0& 0'
#2485750 0+
#2486750 1+
#2487000 1)
#2487250 0! 0" 1% 1'
#2487375 1,
#2487500 10
#2488125 0)
#2488250 0% 0' 0(
#2488375 1!
#2488625 0*
#2489625 1*
#2490250 1%
#2490500 0*
#2491500 1*
#2491625 1)
#2491875 0! 0$
#2492000 1# 1' 1(
#2492750 0)
#2493000 1! 0# 1$ 0% 0' 0(
#2493250 0*
#2494250 1*
#2494500 1)
#2494750 0! 1' 1(
#2494875 1%
#2495625 0)
#2495750 0% 0' 0(
#2495875 1!
#2496125 0*
#2497125 1*
#2497750 1%
#2498000 0*
#2499000 1*
#2499125 1)
#2499375 0! 0$
#2499500 1# 1' 1(
#2500250 0)
#2500500 1! 0# 1$ 0% 0' 0(
#2500750 0*
#2501750 1*
#2502000 1)
#2502250 0! 0$ 1(
#2502375 1" 1# 1% 1'
#2503125 0)
#2503250 0" 0# 0% 0' 0(
#2503625 0*
#2504625 1*
#2505250 1!
#2505500 0*
#2506500 1*
#2507000 0!
#2507125 1"
#2507375 0*
#2508125 1)
#2508375 1*
#2508500 1# 1% 1' 1(
#2509250 0)
#2509375 0" 0# 0% 0' 0(
#2509625 0*
#2510750 1*
#2511375 1!
#2511625 0*
#2512625 1*
#2513125 0!
#2513250 1"
#2513500 0*
#2514250 1)
#2514500 1! 1# 1$ 1% 1& 1' 1( 1*
#2514625 0,
#2515250 0)
#2515500 0! 0" 0% 0& 0'
#2515750 0+
#2516875 1+
#2517000 1)
#2517250 0#
#2517375 1% 1' 1,
#2518125 0)
#2518250 0% 0'
#2518375 1! 0(
#2518625 0*
#2519625 1*
#2520250 1%
#2520500 0*
#2521500 1*
#2521750 1)
#2521875 0!
#2522000 1# 0$ 1' 1(
#2522750 0)
#2523000 0# 0% 0' 0(
#2523125 1! 1$
#2523250 0*
#2524375 1*
#2524500 1)
#2524750 0!
#2524875 1% 1' 1(
#2525625 0)
#2525750 0' 0(
#2525875 1! 0%
#2526125 0*
#2527125 1*
#2527750 1%
#2528000 0*
#2529000 1*
#2529250 1)
#2529500 0! 0$ 1' 1(
#2529625 1#
#2530375 0)
#2530500 0# 0% 0' 0(
#2530625 1! 1$
#2530750 0*
#2531875 1*
#2532000 1)
#2547375 1" 1# 1% 1& 1' 1( 0,
#2548125 0)
#2548375 0" 0% 0& 0'
#2548625 0+
#2549625 1+
#2549875 1)
#2551125 1" 1% 1& 1'
#2551250 1,
#2551875 0)
#2553625 1)
#2556625 0!
#2556750 0$ 0&
#2557500 0)
#2557750 0" 0# 0% 0' 0(
#2558000 0*
#2559000 1*
#2559250 1)
#2559625 1! 1" 1# 1$ 1% 1& 1' 1(
#2560375 0)
#2562000 1)
#2563125 0)
#2563625 0+
#2564375 00
#2564625 1+
#2565500 0+
#2566500 1+
#2567375 0+
#2568375 1+
#2569250 0+
#2570250 1+
#2571375 1) 10
#2571625 0!
#2571750 0$ 0&
#2572500 0)
#2572750 0" 0% 0' 0(
#2573000 0*
#2574000 1*
#2574250 1)
#2574625 1! 1" 1$ 1% 1& 1' 1( 0,
#2575375 0)
#2575500 0! 0% 0& 0'
#2575875 0+
#2576875 1+
#2577000 1)
#2577250 0" 0(
#2577375 1! 1% 1&
#2577500 1,
#2578125 0) 0-
#2578375 0! 0# 0$ 0% 0&
#2578625 0*
#2579625 1*
#2580250 1!
#2580500 0*
#2581500 1*
#2582125 0! 1"
#2582375 0*
#2583375 1*
#2584000 1!
#2584250 0*
#2585250 1*
#2586375 1)
#2586500 1-
#2586625 0!
#2586750 1# 1% 1' 1(
#2587500 0)
#2587750 0" 0# 1$ 0% 0' 0(
#2588000 0*
#2589000 1*
#2589250 1)
#2589500 1(
#2589625 1! 1" 1# 1% 1& 1'
#2590375 0)
#2592000 1)
#2592250 0" 0' 0(
#2593125 0) 0-
#2593375 0! 0$ 0% 0&
#2593625 0*
#2594625 1*
#2595250 1!
#2595500 0*
#2596500 1*
#2597125 0! 1"
#2597375 0*
#2598375 1*
#2599000 1!
#2599250 0*
#2600250 1*
#2601375 1)
#2601500 1-
#2601625 0!
#2601750 1% 1' 1(
#2602500 0)
#2602750 0" 1$ 0% 0' 0(
#2603000 0*
#2604000 1*
#2604250 1)
#2604500 1! 0# 0$
#2604625 1%
#2605375 0)
#2605625 1" 1# 1$ 1&
#2605875 0+
#2606875 1+
#2607000 1)
#2607250 0"
#2608125 0) 0-
#2608375 0! 0# 0% 0&
#2608625 0*
#2609625 1*
#2610250 1!
#2610500 0*
#2611500 1*
#2612000 0!
#2612125 1"
#2612375 0*
#2613375 1*
#2614000 1!
#2614250 0*
#2615250 1*
#2616375 1)
#2616500 1-
#2616625 0! 0$
#2616750 1# 1% 1' 1(
#2617500 0)
#2617750 0" 0# 0' 0(
#2618000 0*
#2619000 1*
#2619250 1)
#2619500 1! 1" 1# 1& 1' 1(
#2619625 1$ 0,
#2620375 0)
#2620500 0% 0& 0'
#2620875 0+
#2621875 1+
#2622000 1)
#2622250 0" 0(
#2622375 1% 1& 1,
#2623125 0) 0-
#2623375 0! 0% 0&
#2623625 0*
#2624625 1*
#2625250 1!
#2625500 0*
#2626500 1*
#2627000 0!
#2627125 1"
#2627375 0*
#2628375 1*
#2629000 1!
#2629250 0*
#2630250 1*
#2631375 1) 1-
#2631625 0! 0$
#2631750 1% 1' 1(
#2632500 0)
#2632625 0' 0(
#2632750 0"
#2633000 0*
#2634000 1*
#2634250 1)
#2634500 1! 1" 1$ 1& 1' 1(
#2635250 0)
#2637000 1)
#2637250 0" 0' 0(
#2638125 0) 0-
#2638250 0!
#2638375 0# 0$ 0&
#2638625 0*
#2639625 1*
#2640250 1!
#2640500 0*
#2641500 1*
#2642000 0!
#2642125 1"
#2642375 0*
#2643375 1*
#2644000 1!
#2644250 0*
#2645250 1*
#2646375 1) 1-
#2646625 0! 1(
#2646750 1# 1'
#2647500 0)
#2647625 0# 0' 0(
#2647750 0" 1$
#2648000 0*
#2648250 00
#2649000 1*
#2649125 1)
#2649500 1! 1" 1# 1& 1' 1(
#2649625 0,
#2650250 0)
#2650500 0! 0" 0# 0$ 0& 0'
#2650750 0+
#2651750 1+
#2652000 1)
#2652250 1! 0(
#2652375 1# 1$ 1& 1,
#2653125 0) 0-
#2653250 0! 0$ 0&
#2653625 0*
#2654625 1*
#2655250 1! 10
#2655500 0*
#2656500 1*
#2657000 0!
#2657125 1"
#2657375 0*
#2658375 1*
#2659000 1!
#2659250 0*
#2660250 1*
#2661375 1) 1-
#2661625 0! 1' 1(
#2662500 0)
#2662625 0" 0' 0(
#2662750 1$
#2663000 0*
#2664000 1*
#2664125 1)
#2664375 0# 0$
#2664500 1"
#2665250 0)
#2665500 1! 1# 1$ 1&
#2665750 0*
#2666750 1*
#2667000 1)
#2667250 0"
#2668000 0-
#2668125 0)
#2668250 0! 0# 0&
#2668625 0*
#2669625 1*
#2670250 1!
#2670500 0*
#2671500 1*
#2672000 0!
#2672125 1"
#2672375 0*
#2673375 1*
#2674000 1!
#2674250 0*
#2675250 1*
#2676375 1) 1-
#2676625 0! 1# 0$ 1' 1(
#2677500 0)
#2677625 0" 0# 0% 0' 0(
#2677750 1&
#2677875 0*
#2679000 1*
#2679125 1)
#2679500 1! 1" 1# 1$ 1% 1' 1( 0,
#2680250 0)
#2680500 0" 0# 0$ 0& 0'
#2680750 0+
#2681750 1+
#2682000 1)
#2682250 1# 1$ 1& 0(
#2682375 1,
#2683000 0-
#2683125 0)
#2683250 0! 0&
#2683500 0*
#2684625 1*
#2685250 1!
#2685375 0*
#2686500 1*
#2687000 0!
#2687125 1"
#2687250 0*
#2688375 1*
#2688875 1!
#2689125 0*
#2690250 1*
#2691375 1) 1-
#2691625 0! 0$ 1' 1(
#2692375 0)
#2692625 0" 0% 0' 0(
#2692750 1&
#2692875 0*
#2693875 1*
#2694125 1)
#2694500 1! 1" 1$ 1% 1' 1(
#2695250 0)
#2697000 1)
#2697250 0" 0' 0(
#2698000 0) 0-
#2698250 0! 0# 0$ 0%
#2698500 0*
#2699500 1*
#2700125 1!
#2700375 0*
#2701375 1*
#2702000 0!
#2702125 1"
#2702250 0*
#2703250 1*
#2703875 1!
#2704125 0*
#2705125 1*
#2706375 1) 1-
#2706500 0!
#2706625 1# 1% 0& 1' 1(
#2707375 0)
#2707625 0" 0# 0% 1& 0' 0(
#2707750 1$
#2707875 0*
#2708875 1*
#2709125 1)
#2709500 1! 1" 1# 1% 1' 1( 0,
#2710250 0)
#2710500 0! 0# 0$ 0& 0'
#2710750 0+
#2711750 1+
#2711875 1)
#2712125 0(
#2712250 1! 0" 1# 1$ 1&
#2712375 1,
#2713000 0) 0-
#2713250 0! 0$ 0%
#2713500 0*
#2714500 1*
#2715125 1!
#2715375 0*
#2716375 1*
#2717000 0! 1"
#2717250 0*
#2718250 1*
#2718875 1!
#2719125 0*
#2720125 1*
#2721250 1)
#2721375 1-
#2721500 0!
#2721625 1% 0& 1' 1(
#2722375 0)
#2722625 0" 1$ 0% 1& 0' 0(
#2722875 0*
#2723875 1*
#2724125 1)
#2724375 1! 0# 0$ 0&
#2724500 1" 1%
#2725250 0)
#2725500 1# 1$ 1&
#2725750 0+
#2726750 1+
#2726875 1)
#2727125 0"
#2728000 0) 0-
#2728250 0! 0# 0%
#2728500 0*
#2729500 1*
#2730125 1!
#2730375 0*
#2731375 1*
#2732000 0! 1"
#2732125 00
#2732250 0*
#2733250 1*
#2733875 1!
#2734125 0*
#2735125 1*
#2736250 1)
#2736375 1-
#2736500 0! 0&
#2736625 1# 0$ 1% 1' 1(
#2737375 0)
#2737625 0" 0# 1& 0' 0(
#2737875 0*
#2738875 1*
#2739000 10
#2739125 1)
#2739375 1(
#2739500 1! 1" 1# 1$ 1' 0,
#2740250 0)
#2740375 0# 0$ 0'
#2740500 0&
#2740750 0+
#2741750 1+
#2741875 1)
#2742125 0" 0(
#2742250 1# 1$ 1&
#2742375 1,
#2743000 0) 0-
#2743250 0! 0%
#2743500 0*
#2744500 1*
#2745125 1!
#2745375 0*
#2746375 1*
#2747000 0! 1"
#2747250 0*
#2748250 1*
#2748875 1!
#2749125 0*
#2750125 1*
#2751250 1)
#2751375 1-
#2751500 0! 0$ 0&
#2751625 1% 1' 1(
#2752375 0)
#2752625 0" 1& 0' 0(
#2752875 0*
#2753875 1*
#2754125 1)
#2754375 1' 1(
#2754500 1! 1" 1$
#2755250 0)
#2756875 1)
#2757125 0" 0' 0(
#2758000 0) 0-
#2758250 0! 0# 0$
#2758500 0*
#2759500 1*
#2760125 1!
#2760375 0*
#2761375 1*
#2762000 0! 1"
#2762250 0*
#2763250 1*
#2763875 1!
#2764125 0*
#2765125 1*
#2766250 1)
#2766375 1-
#2766500 0! 0&
#2766625 1# 1' 1(
#2767375 0)
#2767625 0" 0# 1$ 1& 0' 0(
#2767875 0*
#2768875 1*
#2769125 1)
#2769375 1' 1(
#2769500 1! 1" 1# 0,
#2770250 0)
#2770375 0! 0" 0$ 0& 0'
#2770750 0+
#2771750 1+
#2771875 1)
#2772125 0(
#2772250 1! 1$ 1&
#2772375 1,
#2773000 0) 0-
#2773250 0! 0$
#2773500 0*
#2774500 1*
#2775125 1!
#2775375 0*
#2776375 1*
#2777000 0! 1"
#2777250 0*
#2778250 1*
#2778875 1!
#2779125 0*
#2780125 1*
#2781250 1)
#2781375 1-
#2781500 0! 0&
#2781625 1' 1(
#2782375 0)
#2782625 0" 1$ 1& 0' 0(
#2782875 0*
#2783875 1*
#2784125 1)
#2784375 0$ 0&
#2785250 0)
#2785500 1! 1" 1$ 1&
#2785750 0*
#2786750 1*
#2786875 1)
#2787125 0"
#2788000 0) 0-
#2788250 0! 0#
#2788500 0*
#2789500 1*
#2790125 1!
#2790375 0*
#2791375 1*
#2792000 0! 1"
#2792250 0*
#2793250 1*
#2793875 1!
#2794125 0*
#2795125 1*
#2796250 1)
#2796375 1-
#2796500 0!
#2796625 1# 0$ 0& 1' 1(
#2797375 0)
#2797625 0" 0# 0% 0(
#2797875 0*
#2798875 1*
#2799125 1)
#2799500 1! 1" 1# 1$ 1% 1& 1( 0,
#2800250 0)
#2800375 0" 0$ 0&
#2800500 0'
#2800750 0+
#2801750 1+
#2801875 1)
#2802125 0(
#2802250 1$ 1&
#2802375 1,
#2803000 0) 0-
#2803250 0!
#2803500 0*
#2804500 1*
#2805125 1!
#2805375 0*
#2806375 1*
#2807000 0! 1"
#2807250 0*
#2808250 1*
#2808875 1!
#2809125 0*
#2810125 1*
#2811375 1) 1-
#2811500 0!
#2811625 0$ 0& 1' 1(
#2812375 0)
#2812625 0" 0% 0(
#2812875 0*
#2813875 1*
#2814125 1)
#2814500 1! 1" 1$ 1% 1& 1(
#2815250 0)
#2815875 00
#2816875 1)
#2817250 0" 0' 0(
#2818000 0) 0-
#2818250 0! 0# 0$ 0% 0& 1'
#2818500 0*
#2819500 1*
#2820125 1!
#2820375 0*
#2821375 1*
#2822000 0!
#2822125 1"
#2822250 0*
#2822875 10
#2823250 1*
#2823875 1!
#2824125 0*
#2825125 1*
#2826375 1) 1-
#2826500 0!
#2826625 1# 1% 1(
#2827375 0)
#2827625 0" 0# 0% 0(
#2827750 1$
#2827875 0*
#2828875 1*
#2829125 1)
#2829500 1! 1" 1# 1% 1& 1( 0,
#2830250 0)
#2830500 0! 0$ 0& 0'
#2830750 0+
#2831750 1+
#2832000 1)
#2832250 1! 0" 1$ 1& 0(
#2832375 1,
#2833000 0) 0-
#2833250 0! 0$ 0% 0&
#2833375 1'
#2833500 0*
#2834625 1*
#2835250 1!
#2835375 0*
#2836500 1*
#2837000 0!
#2837125 1"
#2837250 0*
#2838375 1*
#2839000 1!
#2839125 0*
#2840250 1*
#2841375 1) 1-
#2841625 0! 1% 1(
#2842500 0)
#2842625 0" 0% 0(
#2842750 1$
#2842875 0*
#2844000 1*
#2844125 1)
#2844375 0$ 0'
#2844500 1! 1%
#2845250 0)
#2845500 1" 1$ 1&
#2845750 0+
#2846750 1+
#2847000 1)
#2847250 0"
#2848000 0-
#2848125 0)
#2848250 0! 0# 0% 0&
#2848375 1'
#2848625 0*
#2849625 1*
#2850250 1!
#2850500 0*
#2851500 1*
#2852000 0!
#2852125 1"
#2852375 0*
#2853375 1*
#2854000 1!
#2854250 0*
#2855250 1*
#2856375 1) 1-
#2856625 0! 0$ 1(
#2856750 1# 1%
#2857500 0)
#2857625 0" 0# 0(
#2858000 0*
#2859000 1*
#2859125 1)
#2859500 1! 1" 1# 1$ 1& 1(
#2859625 0,
#2860250 0)
#2860500 0$ 0& 0'
#2860750 0+
#2861750 1+
#2862000 1)
#2862250 0" 0(
#2862375 1$ 1& 1,
#2863125 0) 0-
#2863250 0! 0% 0&
#2863375 1'
#2863625 0*
#2864625 1*
#2865250 1!
#2865500 0*
#2866500 1*
#2867000 0!
#2867125 1"
#2867375 0*
#2868375 1*
#2869000 1!
#2869250 0*
#2870250 1*
#2871375 1) 1-
#2871625 0! 0$ 1(
#2871750 1%
#2872500 0)
#2872625 0(
#2872750 0"
#2873000 0*
#2874000 1*
#2874250 1)
#2874500 1! 1" 1$ 1& 1(
#2875250 0)
#2877000 1)
#2877250 0" 0' 0(
#2878125 0) 0-
#2878375 0! 0# 0$ 0& 1'
#2878625 0*
#2879625 1*
#2880250 1!
#2880500 0*
#2881500 1*
#2882000 0!
#2882125 1"
#2882375 0*
#2883375 1*
#2884000 1!
#2884250 0*
#2885250 1*
#2886375 1)
#2886500 1-
#2886625 0!
#2886750 1# 1(
#2887500 0)
#2887750 0" 0# 1$ 0(
#2888000 0*
#2889000 1*
#2889250 1)
#2889500 1! 1(
#2889625 1" 1# 1& 0,
#2890375 0)
#2890500 0! 0" 0# 0& 0'
#2890875 0+
#2891875 1+
#2892000 1)
#2892250 0(
#2892375 1! 1# 1&
#2892500 1,
#2893125 0) 0-
#2893375 0! 0$ 0& 1'
#2893625 0*
#2894625 1*
#2895250 1!
#2895500 0*
#2896500 1*
#2897125 0! 1"
#2897375 0*
#2898375 1*
#2899000 1!
#2899250 0*
#2899750 00
#2900250 1*
#2901375 1)
#2901500 1-
#2901625 0!
#2901750 1(
#2902500 0)
#2902750 0" 1$ 0(
#2903000 0*
#2904000 1*
#2904250 1)
#2904500 0$ 0'
#2904625 1"
#2905375 0)
#2905625 1! 1$ 1&
#2905875 0*
#2906750 10
#2906875 1*
#2907000 1)
#2907375 0"
#2908125 0) 0-
#2908375 0! 0# 0& 1'
#2908625 0*
#2909625 1*
#2910250 1!
#2910500 0*
#2911500 1*
#2912125 0!
#2912250 1"
#2912375 0*
#2913375 1*
#2914000 1!
#2914250 0*
#2915250 1*
#2916500 1) 1-
#2916750 0! 1# 0$ 1(
#2917500 0)
#2917750 0" 0# 0% 0(
#2917875 1&
#2918000 0*
#2919000 1*
#2919250 1)
#2919625 1! 1" 1# 1$ 1% 1( 0,
#2920375 0)
#2920625 0" 0# 0& 0'
#2920875 0+
#2921875 1+
#2922125 1)
#2922375 1# 1& 0(
#2922500 1,
#2923125 0) 0-
#2923375 0! 0&
#2923500 1'
#2923625 0*
#2924750 1*
#2925375 1!
#2925500 0*
#2926625 1*
#2927125 0!
#2927250 1"
#2927375 0*
#2928500 1*
#2929125 1!
#2929250 0*
#2930375 1*
#2931500 1) 1-
#2931750 0! 0$ 1(
#2932625 0)
#2932750 0" 0% 0(
#2932875 1&
#2933000 0*
#2934125 1*
#2934250 1)
#2934625 1! 1" 1$ 1% 1(
#2935375 0)
#2937125 1)
#2937375 0" 0' 0(
#2938125 0-
#2938250 0)
#2938375 0! 0# 0$ 0%
#2938500 1'
#2938750 0*
#2939750 1*
#2940375 1!
#2940625 0*
#2941625 1*
#2942125 0!
#2942250 1"
#2942500 0*
#2943500 1*
#2944125 1!
#2944375 0*
#2945375 1*
#2946500 1) 1-
#2946750 0! 0& 1(
#2946875 1# 1%
#2947625 0)
#2947750 0" 0# 0% 0(
#2947875 1$ 1&
#2948125 0*
#2949125 1*
#2949250 1)
#2949625 1! 1" 1# 1% 1(
#2949750 0,
#2950375 0)
#2950625 0! 0# 0& 0'
#2950875 0+
#2951875 1+
#2952125 1)
#2952375 1! 0" 0(
#2952500 1# 1& 1,
#2953250 0) 0-
#2953375 0! 0%
#2953500 0$ 1'
#2953750 0*
#2954750 1*
#2955375 1!
#2955625 0*
#2956625 1*
#2957125 0!
#2957250 1"
#2957500 0*
#2958500 1*
#2959125 1!
#2959375 0*
#2960375 1*
#2961500 1) 1-
#2961750 0! 0& 1(
#2961875 1%
#2962625 0)
#2962750 0% 0(
#2962875 0" 1$ 1&
#2963125 0*
#2964125 1*
#2964375 1)
#2964500 0&
#2964625 1! 1" 0$ 1% 0'
#2965375 0)
#2965625 1&
#2965750 1$
#2965875 0+
#2967000 1+
#2967125 1)
#2967375 0"
#2968250 0) 0-
#2968375 0!
#2968500 0# 0% 1'
#2968750 0*
#2969750 1*
#2970375 1!
#2970625 0*
#2971625 1*
#2972125 0!
#2972250 1"
#2972500 0*
#2973500 1*
#2974125 1!
#2974375 0*
#2975375 1*
#2976500 1)
#2976625 1-
#2976750 0! 0$ 0&
#2976875 1# 1% 1(
#2977625 0)
#2977750 0# 0(
#2977875 0" 1&
#2978125 0*
#2979125 1*
#2979375 1)
#2979625 1! 1" 1# 1$ 1(
#2979750 0,
#2980375 0)
#2980625 0# 0& 0'
#2980875 0+
#2982000 1+
#2982125 1)
#2982375 0" 0(
#2982500 1# 1& 1,
#2983250 0) 0-
#2983375 0!
#2983500 0% 1'
#2983625 00
#2983750 0*
#2984750 1*
#2985375 1!
#2985625 0*
#2986625 1*
#2987125 0!
#2987250 1"
#2987500 0*
#2988500 1*
#2989125 1!
#2989375 0*
#2990375 1*
#2990625 10
#2991500 1)
#2991625 1-
#2991750 0! 0$ 0&
#2991875 1% 1(
#2992625 0)
#2992750 0(
#2992875 0" 1&
#2993125 0*
#2994125 1*
#2994375 1)
#2994625 1! 1" 1$ 1(
#2995375 0)
#2997125 1)
#2997375 0" 0' 0(
#2998250 0) 0-
#2998375 0!
#2998500 0# 0$ 1'
#2998750 0*
#2999750 1*
#3000375 1!
#3000625 0*
#3001625 1*
#3002125 0!
#3002250 1"
#3002500 0*
#3003500 1*
#3004125 1!
#3004375 0*
#3005375 1*
#3006500 1)
#3006625 1-
#3006750 0! 0&
#3006875 1# 1(
#3007625 0)
#3007750 0(
#3007875 0" 0# 1$ 1&
#3008125 0*
#3009125 1*
#3009375 1)
#3009625 1! 1" 1# 1(
#3009750 0,
#3010375 0)
#3010625 0! 0" 0& 0'
#3011000 0+
#3012000 1+
#3012125 1)
#3012375 0(
#3012500 1! 1& 1,
#3013250 0) 0-
#3013375 0!
#3013500 0$ 1'
#3013750 0*
#3014750 1*
#3015375 1!
#3015625 0*
#3016625 1*
#3017125 0!
#3017250 1"
#3017500 0*
#3018500 1*
#3019125 1!
#3019375 0*
#3020375 1*
#3021500 1)
#3021625 1-
#3021750 0! 0&
#3021875 1(
#3022625 0)
#3022750 0(
#3022875 0" 1$ 1&
#3023125 0*
#3024125 1*
#3024375 1)
#3024625 0# 0& 0'
#3025375 0)
#3025750 1! 1" 1# 1&
#3025875 0*
#3026875 1*
#3027125 1)
#3027375 0"
#3028250 0) 0-
#3028375 0! 0#
#3028500 1'
#3028750 0*
#3029750 1*
#3030375 1!
#3030625 0*
#3031625 1*
#3032125 0!
#3032250 1"
#3032500 0*
#3033500 1*
#3034125 1!
#3034375 0*
#3035375 1*
#3036500 1) 1-
#3036875 1# 1(
#3037625 0)
#3038125 0+
#3039125 1+
#3039375 1)
#3039750 0,
#3040375 0)
#3040625 0" 0& 0'
#3040875 0+
#3042000 1+
#3042125 1)
#3042375 0(
#3042500 1& 1,
#3043250 0) 0-
#3043375 0!
#3043500 1'
#3043750 0*
#3044750 1*
#3045375 1!
#3045625 0*
#3046625 1*
#3047125 0!
#3047250 1"
#3047500 0*
#3048500 1*
#3049125 1!
#3049375 0*
#3050375 1*
#3051500 1) 1-
#3051750 0! 0$ 0& 1(
#3052625 0)
#3052750 0' 0(
#3052875 0" 0# 0%
#3053125 0*
#3054125 1*
#3054750 1!
#3055000 0*
#3056000 1*
#3056500 0!
#3056625 1"
#3056875 0*
#3057625 1)
#3057875 1( 1*
#3058000 1# 1% 1'
#3058750 0)
#3058875 0" 0# 0% 0' 0(
#3059125 0*
#3060250 1*
#3060875 1!
#3061000 0*
#3062000 1*
#3062625 0!
#3062750 1"
#3062875 0*
#3063625 1)
#3063875 1*
#3064000 1! 1# 1$ 1% 1& 1' 1(
#3064125 0,
#3064750 0)
#3065000 0! 0& 0'
#3065250 0+
#3066250 1+
#3066500 1)
#3066750 0" 0# 1'
#3066875 1,
#3067500 00
#3067625 0)
#3067750 0% 0' 0(
#3067875 1"
#3068125 0*
#3069125 1*
#3069750 1%
#3070000 0*
#3071000 1*
#3071125 1)
#3071375 0" 0$
#3071500 1# 1' 1(
#3072250 0)
#3072500 1" 0# 1$ 0% 0' 0(
#3072750 0*
#3073750 1*
#3074000 1)
#3074250 0" 1' 1(
#3074375 1% 10
#3075125 0)
#3075250 0% 0' 0(
#3075375 1"
#3075625 0*
#3076625 1*
#3077250 1%
#3077500 0*
#3078500 1*
#3078625 1)
#3078875 0" 0$
#3079000 1# 1' 1(
#3079750 0)
#3080000 1" 0# 1$ 0% 0' 0(
#3080250 0*
#3081250 1*
#3081500 1)
#3081750 0$ 1' 1(
#3081875 1# 1%
#3082625 0)
#3082750 0" 0# 0% 0' 0(
#3083000 0*
#3084125 1*
#3084750 1!
#3084875 0*
#3086000 1*
#3086500 0!
#3086625 1"
#3086750 0*
#3087625 1)
#3087875 1# 1% 1' 1( 1*
#3088625 0)
#3088875 0" 0# 0% 0' 0(
#3089125 0*
#3090125 1*
#3090750 1!
#3091000 0*
#3092000 1*
#3092625 0!
#3092750 1"
#3092875 0*
#3094125 1)
#3094375 1*
#3094875 1! 1# 1% 1& 1' 1(
#3095000 1$ 0,
#3095750 0)
#3095875 0& 0'
#3096250 0+
#3097250 1+
#3097875 1)
#3098125 0! 0" 0# 1'
#3098250 1,
#3099000 0)
#3099625 0% 0' 0(
#3099750 1"
#3099875 0*
#3100875 1*
#3101625 1%
#3101750 0*
#3102750 1*
#3103000 1)
#3103250 0" 0$
#3103375 1# 1' 1(
#3104125 0)
#3104250 0(
#3104375 1" 0# 1$ 0% 0'
#3104625 0*
#3105625 1*
#3105875 1)
#3106125 0" 1% 1' 1(
#3106875 0)
#3107125 0% 0' 0(
#3107250 1"
#3107375 0*
#3108375 1*
#3109000 1%
#3109250 0*
#3110250 1*
#3110500 1)
#3110750 0" 0$
#3110875 1# 1' 1(
#3111625 0)
#3111750 0' 0(
#3111875 1" 0# 1$ 0%
#3112125 0*
#3113125 1*
#3113375 1)
#3113625 1# 0$ 1% 1' 1(
#3114375 0)
#3114625 0" 0# 0% 0' 0(
#3114875 0*
#3115875 1*
#3116500 1!
#3116750 0*
#3117750 1*
#3118375 0! 1"
#3118625 0*
#3119375 1)
#3119625 1*
#3119750 1# 1% 1' 1(
#3120500 0)
#3120750 0" 0# 0% 0' 0(
#3121000 0*
#3122000 1*
#3122625 1!
#3122875 0*
#3123875 1*
#3124375 0!
#3124500 1"
#3124750 0*
#3125500 1)
#3125750 1*
#3125875 1! 1# 1$ 1% 1& 1' 1( 0,
#3126625 0)
#3126750 0! 0# 0$ 0% 0'
#3126875 0"
#3127125 0+
#3128125 1+
#3128250 1)
#3128500 0&
#3128625 1$ 1% 1'
#3128750 1,
#3129375 0)
#3129625 1" 0% 0' 0(
#3129875 0*
#3130875 1*
#3131500 1%
#3131750 0*
#3132750 1*
#3133000 1)
#3133250 0" 0$ 1' 1(
#3133375 1#
#3134125 0)
#3134250 0# 0% 0' 0(
#3134375 1" 1$
#3134625 0*
#3135625 1*
#3135750 1)
#3136000 0"
#3136125 1% 1' 1(
#3136875 0)
#3137125 1" 0% 0' 0(
#3137375 0*
#3138375 1*
#3139000 1%
#3139250 0*
#3140250 1*
#3140500 1)
#3140750 0" 0$ 1' 1(
#3140875 1#
#3141625 0)
#3141750 0# 0% 0' 0(
#3141875 1" 1$
#3142125 0*
#3143125 1*
#3143250 1)
#3143500 0$
#3143625 1# 1% 1' 1(
#3144375 0)
#3144625 0" 0# 0% 0' 0(
#3144875 0*
#3145875 1*
#3146500 1!
#3146750 0*
#3147750 1*
#3148375 0! 1"
#3148625 0*
#3149375 1)
#3149625 1*
#3149750 1# 1% 1' 1(
#3150500 0)
#3150625 0# 0% 0' 0(
#3150750 0"
#3151000 0*
#3151375 00
#3152000 1*
#3152625 1!
#3152875 0*
#3153875 1*
#3154375 0!
#3154500 1"
#3154750 0*
#3155500 1)
#3155750 1! 1' 1( 1*
#3155875 1# 1$ 1% 1& 0,
#3156625 0)
#3156750 0" 0# 0$ 0% 0'
#3157125 0+
#3158125 1+
#3158250 1) 10
#3158500 0! 0&
#3158625 1$ 1% 1' 1,
#3159375 0)
#3159625 1" 0% 0' 0(
#3159875 0*
#3160875 1*
#3161500 1%
#3161750 0*
#3162750 1*
#3163000 1)
#3163250 0" 0$ 1' 1(
#3163375 1#
#3164000 0)
#3164250 0# 0% 0' 0(
#3164375 1" 1$
#3164500 0*
#3165625 1*
#3165750 1)
#3166000 0"
#3166125 1% 1' 1(
#3166875 0)
#3167000 0' 0(
#3167125 1" 0%
#3167375 0*
#3168375 1*
#3169000 1%
#3169250 0*
#3170250 1*
#3170500 1)
#3170750 0" 1# 0$ 1' 1(
#3171500 0)
#3171750 0# 0% 0' 0(
#3171875 1" 1$
#3172000 0*
#3173125 1*
#3173250 1)
#3188625 1! 1# 1% 1& 1' 1( 0,
#3189375 0)
#3189625 0! 0# 0$ 0% 0'
#3189875 0+
#3190875 1+
#3191125 1)
#3192375 1! 1# 1$ 1% 1' 1,
#3193125 0)
#3194875 1)
#3197875 0! 0$ 0&
#3198750 0)
#3199000 0" 0# 0% 0' 0(
#3199250 0*
#3200250 1*
#3200500 1)
#3200750 1! 1" 1# 1$ 1% 1& 1' 1(
#3201500 0)
#3203250 1)
#3204375 0)
#3204875 0+
#3205875 1+
#3206750 0+
#3207750 1+
#3208625 0+
#3209625 1+
#3210500 0+
#3211500 1+
#3212625 1)
#3212875 0! 0$ 0&
#3213750 0)
#3214000 0" 0% 0' 0(
#3214250 0*
#3215250 1*
#3215500 1)
#3215750 1! 1" 1$ 1% 1& 1' 1(
#3215875 0,
#3216500 0)
#3216750 0# 0$ 0% 0'
#3217125 0+
#3218125 1+
#3218250 1)
#3218500 0" 0(
#3218625 1# 1$ 1% 1,
#3219375 0) 0-
#3219625 0! 0# 0$ 0% 0& 1(
#3219875 0*
#3220875 1*
#3221500 1!
#3221750 0*
#3222750 1*
#3223250 0!
#3223375 1"
#3223625 0*
#3224625 1*
#3225250 1!
#3225500 0*
#3226500 1*
#3227625 1)
#3227750 1-
#3227875 0!
#3228000 1# 1% 1'
#3228750 0)
#3229000 0" 0# 1$ 0% 0' 0(
#3229250 0*
#3230250 1*
#3230500 1)
#3230750 1! 1" 1# 1% 1& 1' 1(
#3231625 0)
#3233250 1)
#3233500 0" 0' 0(
#3234375 0) 0-
#3234625 0! 0$ 0% 0& 1(
#3234875 0*
#3235125 00
#3235875 1*
#3236500 1!
#3236750 0*
#3237750 1*
#3238250 0!
#3238375 1"
#3238625 0*
#3239625 1*
#3240250 1!
#3240500 0*
#3241500 1*
#3242125 10
#3242625 1)
#3242750 1-
#3242875 0!
#3243000 1% 1'
#3243750 0)
#3244000 0" 1$ 0% 0' 0(
#3244250 0*
#3245250 1*
#3245500 1)
#3245750 1! 0# 1%
#3246625 0)
#3246875 1" 1# 1&
#3247125 0+
#3248125 1+
#3248250 1)
#3248500 0"
#3249375 0) 0-
#3249625 0! 0# 0% 0& 1(
#3249875 0*
#3250875 1*
#3251500 1!
#3251750 0*
#3252750 1*
#3253375 0! 1"
#3253625 0*
#3254625 1*
#3255250 1!
#3255500 0*
#3256500 1*
#3257625 1)
#3257750 1-
#3257875 0! 0$
#3258000 1# 1% 1'
#3258750 0)
#3259000 0" 0# 0' 0(
#3259250 0*
#3260250 1*
#3260500 1)
#3260875 1! 1" 1# 1$ 1& 1' 1( 0,
#3261625 0)
#3261750 0! 0" 0$ 0'
#3261875 0%
#3262125 0+
#3263125 1+
#3263250 1)
#3263500 0(
#3263625 1! 1$ 1%
#3263750 1,
#3264375 0) 0-
#3264625 0! 0% 0& 1(
#3264875 0*
#3265875 1*
#3266500 1!
#3266750 0*
#3267750 1*
#3268375 0! 1"
#3268625 0*
#3269625 1*
#3270250 1!
#3270500 0*
#3271500 1*
#3272625 1)
#3272750 1-
#3272875 0!
#3273000 0$ 1% 1'
#3273750 0)
#3274000 0" 0' 0(
#3274250 0*
#3275250 1*
#3275500 1)
#3275875 1! 1" 1$ 1& 1' 1(
#3276625 0)
#3278375 1)
#3278625 0" 0' 0(
#3279375 0) 0-
#3279625 0! 0# 0$ 0& 1(
#3279875 0*
#3280875 1*
#3281500 1!
#3281750 0*
#3282750 1*
#3283375 0!
#3283500 1"
#3283625 0*
#3284625 1*
#3285250 1!
#3285500 0*
#3286500 1*
#3287750 1) 1-
#3288000 0! 1# 1'
#3288750 0)
#3289000 0" 0# 0' 0(
#3289125 1$
#3289250 0*
#3290375 1*
#3290500 1)
#3290875 1! 1" 1# 1& 1' 1( 0,
#3291625 0)
#3291875 0" 0$ 0% 0'
#3292125 0+
#3293125 1+
#3293375 1)
#3293625 1$ 1% 0(
#3293750 1,
#3294375 0) 0-
#3294625 0! 0$ 0&
#3294750 1(
#3294875 0*
#3296000 1*
#3296625 1!
#3296750 0*
#3297875 1*
#3298375 0!
#3298500 1"
#3298750 0*
#3299750 1*
#3300375 1!
#3300625 0*
#3301625 1*
#3302750 1) 1-
#3303000 0! 1'
#3303875 0)
#3304000 0" 0' 0(
#3304125 1$
#3304375 0*
#3305375 1*
#3305500 1)
#3305750 0#
#3305875 1"
#3306625 0)
#3306875 1! 1# 1&
#3307125 0*
#3308125 1*
#3308375 1)
#3308625 0"
#3309375 0-
#3309500 0)
#3309625 0! 0# 0&
#3309750 1(
#3310000 0*
#3311000 1*
#3311625 1!
#3311875 0*
#3312875 1*
#3313375 0!
#3313500 1"
#3313750 0*
#3314750 1*
#3315375 1!
#3315625 0*
#3316625 1*
#3317750 1) 1-
#3318000 0! 0$ 1'
#3318125 1#
#3318875 0)
#3319000 0# 0' 00
#3319125 0" 0% 1& 0(
#3319375 0*
#3320375 1*
#3320500 1)
#3320875 1! 1" 1# 1$ 1% 1' 1(
#3321000 0,
#3321625 0)
#3321875 0! 0$ 0% 0'
#3322125 0+
#3323250 1+
#3323375 1)
#3323625 0" 0(
#3323750 1! 1$ 1% 1,
#3324500 0) 0-
#3324625 0!
#3324750 0& 1(
#3325000 0*
#3326000 1* 10
#3326625 1!
#3326875 0*
#3327875 1*
#3328375 0!
#3328500 1"
#3328750 0*
#3329750 1*
#3330375 1!
#3330625 0*
#3331625 1*
#3332750 1)
#3332875 1-
#3333000 0! 0$
#3333125 1'
#3333875 0)
#3334125 0" 0% 1& 0' 0(
#3334375 0*
#3335375 1*
#3335625 1)
#3335875 1! 1" 1$ 1% 1' 1(
#3336750 0)
#3338375 1)
#3338625 0" 0' 0(
#3339500 0) 0-
#3339750 0! 0# 0$ 0% 1(
#3340000 0*
#3341000 1*
#3341625 1!
#3341875 0*
#3342875 1*
#3343375 0!
#3343500 1"
#3343750 0*
#3344750 1*
#3345375 1!
#3345625 0*
#3346625 1*
#3347750 1)
#3347875 1-
#3348000 0! 0&
#3348125 1# 1% 1'
#3348875 0)
#3349125 0" 0# 1$ 0% 1& 0' 0(
#3349375 0*
#3350375 1*
#3350625 1)
#3350875 1(
#3351000 1! 1" 1# 1% 1' 0,
#3351750 0)
#3351875 0$ 0% 0'
#3352250 0+
#3353250 1+
#3353375 1)
#3353625 0" 0(
#3353750 1$ 1%
#3353875 1,
#3354500 0) 0-
#3354750 0! 0$ 0% 1(
#3355000 0*
#3356000 1*
#3356625 1!
#3356875 0*
#3357875 1*
#3358500 0! 1"
#3358750 0*
#3359750 1*
#3360375 1!
#3360625 0*
#3361625 1*
#3362750 1)
#3362875 1-
#3363000 0!
#3363125 1% 0& 1'
#3363875 0)
#3364125 0" 1$ 0% 1& 0' 0(
#3364375 0*
#3365375 1*
#3365625 1)
#3365875 0# 0&
#3366000 1! 1" 1%
#3366750 0)
#3367000 1# 1&
#3367250 0+
#3368250 1+
#3368500 1)
#3368750 0"
#3369500 0) 0-
#3369750 0! 0# 0% 1(
#3370000 0*
#3371000 1*
#3371625 1!
#3371875 0*
#3372875 1*
#3373500 0!
#3373625 1"
#3373750 0*
#3374750 1*
#3375375 1!
#3375625 0*
#3376625 1*
#3377875 1) 1-
#3378125 0! 1# 0$ 1% 0& 1'
#3378875 0)
#3379125 0" 0# 0' 0(
#3379250 1&
#3379375 0*
#3380375 1*
#3380625 1)
#3381000 1! 1" 1# 1$ 1' 1( 0,
#3381750 0)
#3382000 0! 0" 0# 0% 0'
#3382250 0+
#3383250 1+
#3383500 1)
#3383750 1! 1# 1% 0(
#3383875 1,
#3384500 0) 0-
#3384750 0! 0%
#3384875 1(
#3385000 0*
#3386125 1*
#3386750 1!
#3386875 0*
#3388000 1*
#3388500 0!
#3388625 1"
#3388750 0*
#3389875 1*
#3390500 1!
#3390625 0*
#3391750 1*
#3392875 1) 1-
#3393125 0! 0$ 1% 0& 1'
#3394000 0)
#3394125 0" 0' 0(
#3394250 1&
#3394375 0*
#3395500 1*
#3395625 1)
#3396000 1! 1" 1$ 1' 1(
#3396750 0)
#3398500 1)
#3398750 0" 0' 0(
#3399500 0-
#3399625 0)
#3399750 0! 0# 0$
#3399875 1(
#3400125 0*
#3401125 1*
#3401750 1!
#3402000 0*
#3402875 00
#3403000 1*
#3403500 0!
#3403625 1"
#3403875 0*
#3404875 1*
#3405500 1!
#3405750 0*
#3406750 1*
#3407875 1) 1-
#3408125 0! 1# 0& 1'
#3409000 0)
#3409125 0" 0# 0' 0(
#3409250 1$ 1&
#3409500 0*
#3409875 10
#3410500 1*
#3410625 1)
#3411000 1! 1" 1# 1' 1(
#3411125 0,
#3411750 0)
#3412000 0" 0# 0% 0'
#3412250 0+
#3413250 1+
#3413500 1)
#3413750 1% 0(
#3413875 1# 1,
#3414625 0) 0-
#3414750 0! 0$
#3414875 1(
#3415125 0*
#3416125 1*
#3416750 1!
#3417000 0*
#3418000 1*
#3418500 0!
#3418625 1"
#3418875 0*
#3419875 1*
#3420500 1!
#3420750 0*
#3421750 1*
#3422875 1) 1-
#3423125 0! 0& 1'
#3424000 0)
#3424125 0" 0' 0(
#3424250 1$ 1&
#3424500 0*
#3425500 1*
#3425625 1)
#3425875 0&
#3426750 0)
#3427000 1! 1" 1&
#3427250 0*
#3428250 1*
#3428500 1)
#3428750 0"
#3429500 0-
#3429625 0)
#3429750 0! 0#
#3429875 1(
#3430125 0*
#3431125 1*
#3431750 1!
#3432000 0*
#3433000 1*
#3433500 0!
#3433625 1"
#3433875 0*
#3434875 1*
#3435500 1!
#3435750 0*
#3436750 1*
#3437875 1) 1-
#3438125 0! 0$ 0& 1'
#3438250 1#
#3439000 0)
#3439125 0" 0# 0% 0(
#3439500 0*
#3440500 1*
#3440625 1)
#3441000 1! 1" 1# 1$ 1% 1& 1(
#3441125 0,
#3441750 0)
#3442000 0! 0# 0% 0'
#3442250 0+
#3443250 1+
#3443500 1)
#3443750 0" 0(
#3443875 1! 1# 1% 1,
#3444625 0) 0-
#3444750 0!
#3444875 1(
#3445125 0*
#3446125 1*
#3446750 1!
#3447000 0*
#3448000 1*
#3448500 0!
#3448625 1"
#3448875 0*
#3449875 1*
#3450500 1!
#3450750 0*
#3451750 1*
#3452875 1) 1-
#3453125 0! 0$ 0& 1'
#3454000 0)
#3454125 0" 0% 0(
#3454500 0*
#3455500 1*
#3455625 1)
#3456000 1! 1" 1$ 1% 1& 1(
#3456750 0)
#3458500 1)
#3458750 0" 0' 0(
#3459500 0-
#3459625 0)
#3459750 0! 0# 0$ 0% 0&
#3459875 1' 1(
#3460125 0*
#3461125 1*
#3461750 1!
#3462000 0*
#3463000 1*
#3463500 0!
#3463625 1"
#3463875 0*
#3464875 1*
#3465500 1!
#3465750 0*
#3466750 1*
#3467875 1) 1-
#3468125 0!
#3468250 1# 1%
#3469000 0)
#3469125 0" 0# 0% 0(
#3469250 1$
#3469500 0*
#3470500 1*
#3470625 1)
#3471000 1! 1" 1# 1% 1& 1(
#3471125 0,
#3471750 0)
#3472000 0# 0% 0'
#3472250 0+
#3473250 1+
#3473500 1)
#3473750 0" 1% 0(
#3473875 1# 1,
#3474625 0) 0-
#3474750 0! 0$ 0% 0&
#3474875 1' 1(
#3475125 0*
#3476125 1*
#3476750 1!
#3477000 0*
#3478000 1*
#3478500 0!
#3478625 1"
#3478875 0*
#3479875 1*
#3480500 1!
#3480750 0*
#3481750 1*
#3482875 1) 1-
#3483125 0!
#3483250 1%
#3484000 0)
#3484125 0" 0% 0(
#3484250 1$
#3484500 0*
#3485500 1*
#3485625 1)
#3485875 0'
#3486000 1! 1%
#3486750 0) 00
#3487000 1" 1&
#3487250 0+
#3488250 1+
#3488500 1)
#3488750 0"
#3489500 0-
#3489625 0)
#3489750 0! 0# 0% 0&
#3489875 1' 1(
#3490125 0*
#3491125 1*
#3491750 1!
#3492000 0*
#3493000 1*
#3493500 0!
#3493625 1" 10
#3493875 0*
#3494875 1*
#3495500 1!
#3495750 0*
#3496750 1*
#3497875 1) 1-
#3498125 0! 1# 0$ 1%
#3499000 0)
#3499125 0" 0# 0(
#3499375 0*
#3500500 1*
#3500625 1)
#3501000 1! 1" 1# 1$ 1& 1( 0,
#3501750 0)
#3502000 0! 0" 0% 0'
#3502250 0+
#3503250 1+
#3503500 1)
#3503750 1! 1% 0(
#3503875 1,
#3504500 0) 0-
#3504750 0! 0% 0&
#3504875 1' 1(
#3505000 0*
#3506125 1*
#3506750 1!
#3506875 0*
#3508000 1*
#3508500 0!
#3508625 1"
#3508750 0*
#3509875 1*
#3510375 1!
#3510625 0*
#3511750 1*
#3512875 1) 1-
#3513125 0! 0$ 1%
#3513875 0)
#3514125 0" 0(
#3514375 0*
#3515375 1*
#3515625 1)
#3516000 1! 1" 1$ 1& 1(
#3516750 0)
#3518500 1)
#3518750 0" 0' 0(
#3519500 0) 0-
#3519750 0! 0# 0$ 0& 1' 1(
#3520000 0*
#3521000 1*
#3521625 1!
#3521875 0*
#3522875 1*
#3523500 0!
#3523625 1"
#3523750 0*
#3524750 1*
#3525375 1!
#3525625 0*
#3526625 1*
#3527875 1) 1-
#3528000 0!
#3528125 1#
#3528875 0)
#3529125 0" 0# 0(
#3529250 1$
#3529375 0*
#3530375 1*
#3530625 1)
#3531000 1! 1" 1# 1& 1( 0,
#3531750 0)
#3532000 0" 0% 0'
#3532250 0+
#3533250 1+
#3533375 1)
#3533625 0(
#3533750 1%
#3533875 1,
#3534500 0) 0-
#3534750 0! 0$ 0& 1' 1(
#3535000 0*
#3536000 1*
#3536625 1!
#3536875 0*
#3537875 1*
#3538500 0! 1"
#3538750 0*
#3539750 1*
#3540375 1!
#3540625 0*
#3541625 1*
#3542750 1)
#3542875 1-
#3543000 0!
#3543875 0)
#3544125 0" 1$ 0(
#3544375 0*
#3545375 1*
#3545625 1)
#3545875 0'
#3546000 1"
#3546750 0)
#3547000 1! 1&
#3547250 0*
#3548250 1*
#3548375 1)
#3548625 0"
#3549500 0) 0-
#3549750 0! 0# 0& 1' 1(
#3550000 0*
#3551000 1*
#3551625 1!
#3551875 0*
#3552875 1*
#3553500 0! 1"
#3553750 0*
#3554750 1*
#3555375 1!
#3555625 0*
#3556625 1*
#3557750 1)
#3557875 1-
#3558000 0! 0$
#3558125 1#
#3558875 0)
#3559125 0" 0# 0% 1& 0(
#3559375 0*
#3560375 1*
#3560625 1)
#3560875 1! 1(
#3561000 1" 1# 1$ 1% 0,
#3561750 0)
#3561875 0! 0% 0'
#3562250 0+
#3563250 1+
#3563375 1)
#3563625 0" 0(
#3563750 1! 1% 1,
#3564500 0) 0-
#3564625 0!
#3564750 0& 1' 1(
#3565000 0*
#3566000 1*
#3566625 1!
#3566875 0*
#3567875 1*
#3568375 0!
#3568500 1"
#3568750 0*
#3569750 1*
#3570375 1!
#3570500 00
#3570625 0*
#3571625 1*
#3572750 1)
#3572875 1-
#3573000 0! 0$
#3573875 0)
#3574125 0" 0% 1& 0(
#3574375 0*
#3575375 1*
#3575625 1)
#3575875 1! 1" 1$ 1% 1(
#3576625 0)
#3577500 10
#3578375 1)
#3578625 0" 0' 0(
#3579500 0) 0-
#3579625 0!
#3579750 0# 0$ 0% 1' 1(
#3580000 0*
#3581000 1*
#3581625 1!
#3581875 0*
#3582875 1*
#3583375 0!
#3583500 1"
#3583750 0*
#3584750 1*
#3585375 1!
#3585625 0*
#3586625 1*
#3587750 1) 1-
#3588000 0! 0&
#3588125 1# 1%
#3588875 0)
#3589000 0#
#3589125 0" 1$ 0% 1& 0(
#3589375 0*
#3590375 1*
#3590625 1)
#3590875 1! 1" 1# 1% 1(
#3591000 0,
#3591625 0)
#3591875 0% 0'
#3592125 0+
#3593250 1+
#3593375 1)
#3593625 0" 0(
#3593750 1% 1,
#3594500 0) 0-
#3594625 0! 0%
#3594750 0$ 1' 1(
#3595000 0*
#3596000 1*
#3596625 1!
#3596875 0*
#3597875 1*
#3598375 0!
#3598500 1"
#3598750 0*
#3599750 1*
#3600375 1!
#3600625 0*
#3601625 1*
#3602750 1) 1-
#3603000 0! 0&
#3603125 1%
#3603875 0)
#3604000 0" 0% 0(
#3604125 1$ 1&
#3604375 0*
#3605375 1*
#3605500 1)
#3605750 0& 0'
#3605875 1! 1" 1%
#3606625 0)
#3606875 1&
#3607125 0+
#3608125 1+
#3608375 1)
#3608625 0"
#3609375 0-
#3609500 0)
#3609625 0! 0# 0%
#3609750 1' 1(
#3610000 0*
#3611000 1*
#3611625 1!
#3611875 0*
#3612875 1*
#3613375 0!
#3613500 1"
#3613750 0*
#3614750 1*
#3615375 1!
#3615625 0*
#3616625 1*
#3617750 1) 1-
#3618000 0! 0$ 0&
#3618125 1# 1%
#3618875 0)
#3619000 0" 0# 0(
#3619125 1&
#3619375 0*
#3620375 1*
#3620500 1)
#3620875 1! 1" 1# 1$ 1(
#3621000 0,
#3621625 0)
#3621875 0! 0" 0# 0$ 0'
#3622125 0+
#3623125 1+
#3623375 1)
#3623625 1! 0(
#3623750 1# 1$ 1,
#3624500 0) 0-
#3624625 0! 0%
#3624750 1' 1(
#3625000 0*
#3626000 1*
#3626625 1!
#3626875 0*
#3627875 1*
#3628375 0!
#3628500 1"
#3628750 0*
#3629750 1*
#3630375 1!
#3630625 0*
#3631625 1*
#3632750 1) 1-
#3633000 0! 0$ 0&
#3633125 1%
#3633875 0)
#3634000 0" 0(
#3634125 1&
#3634375 0*
#3635375 1*
#3635500 1)
#3635875 1! 1" 1$ 1(
#3636625 0)
#3638375 1)
#3638625 0" 0' 0(
#3639375 0-
#3639500 0)
#3639625 0! 0# 0$
#3639750 1' 1(
#3640000 0*
#3641000 1*
#3641625 1!
#3641875 0*
#3642875 1*
#3643375 0!
#3643500 1"
#3643750 0*
#3644750 1*
#3645375 1!
#3645625 0*
#3646625 1*
#3647750 1) 1-
#3648000 0! 0&
#3648125 1#
#3648875 0)
#3649000 0" 0# 0(
#3649125 1$ 1&
#3649375 0*
#3650375 1*
#3650500 1)
#3650875 1! 1" 1# 1(
#3651000 0,
#3651625 0)
#3651875 0" 0# 0$ 0'
#3652125 0+
#3653125 1+
#3653375 1)
#3653625 0(
#3653750 1# 1$ 1,
#3654375 00
#3654500 0) 0-
#3654625 0! 0$
#3654750 1' 1(
#3655000 0*
#3656000 1*
#3656625 1!
#3656875 0*
#3657875 1*
#3658375 0!
#3658500 1"
#3658750 0*
#3659750 1*
#3660375 1!
#3660625 0*
#3661375 10
#3661625 1*
#3662750 1) 1-
#3663000 0! 0&
#3663875 0)
#3664000 0" 0(
#3664125 1$ 1&
#3664375 0*
#3665375 1*
#3665500 1)
#3665750 0# 0$ 0'
#3665875 0%
#3666625 0)
#3666875 1$
#3667000 1! 1" 1# 1%
#3667125 0*
#3668125 1*
#3668375 1)
#3668625 0"
#3669375 0-
#3669500 0)
#3669625 0! 0#
#3669750 1' 1(
#3670000 0*
#3671000 1*
#3671625 1!
#3671875 0*
#3672875 1*
#3673375 0!
#3673500 1"
#3673750 0*
#3674750 1*
#3675375 1!
#3675625 0*
#3676625 1*
#3677750 1) 1-
#3678125 1#
#3678875 0)
#3679375 0+
#3680375 1+
#3680625 1)
#3681000 0,
#3681625 0)
#3681875 0! 0# 0$ 0'
#3682125 0+
#3683250 1+
#3683375 1)
#3683625 0" 0(
#3683750 1! 1# 1$ 1,
#3684500 0) 0-
#3684625 0!
#3684750 1' 1(
#3685000 0*
#3686000 1*
#3686625 1!
#3686875 0*
#3687875 1*
#3688375 0!
#3688500 1"
#3688750 0*
#3689750 1*
#3690375 1!
#3690625 0*
#3691625 1*
#3692750 1)
#3692875 1-
#3693000 0! 0$ 0&
#3693875 0)
#3694125 0" 0# 0% 0' 0(
#3694375 0*
#3695375 1*
#3696000 1!
#3696250 0*
#3697250 1*
#3697750 0!
#3697875 1"
#3698125 0*
#3698875 1)
#3699125 1*
#3699250 1# 1% 1' 1(
#3700000 0)
#3700125 0# 0% 0' 0(
#3700250 0"
#3700500 0*
#3701500 1*
#3702125 1!
#3702375 0*
#3703375 1*
#3703875 0!
#3704000 1"
#3704250 0*
#3705000 1)
#3705250 1! 1' 1( 1*
#3705375 1# 1$ 1% 1& 0,
#3706125 0)
#3706250 0# 0$ 0'
#3706625 0+
#3707625 1+
#3707750 1)
#3708000 0! 0" 0&
#3708125 1$ 1'
#3708250 1,
#3708875 0)
#3709125 1! 1" 0% 0' 0(
#3709375 0*
#3710375 1*
#3711000 1%
#3711250 0*
#3712250 1*
#3712500 1)
#3712750 0! 0" 0$ 1' 1(
#3712875 1#
#3713625 0)
#3713750 0# 0% 0' 0(
#3713875 1! 1" 1$
#3714125 0*
#3715125 1*
#3715250 1)
#3715500 0! 0"
#3715625 1% 1' 1(
#3716375 0)
#3716625 1! 1" 0% 0' 0(
#3716875 0*
#3717875 1*
#3718500 1%
#3718750 0*
#3719750 1*
#3720000 1)
#3720250 0! 0" 0$ 1' 1(
#3720375 1#
#3721125 0)
#3721250 0# 0% 0' 0(
#3721375 1! 1" 1$
#3721625 0*
#3722625 1*
#3722750 1)
#3723000 0! 0$
#3723125 1# 1% 1' 1(
#3723875 0)
#3724125 0" 0# 0% 0' 0(
#3724375 0*
#3725375 1*
#3726000 1!
#3726250 0*
#3727250 1*
#3727875 0! 1"
#3728125 0*
#3728875 1)
#3729125 1*
#3729250 1# 1% 1' 1(
#3730000 0)
#3730250 0" 0# 0% 0' 0(
#3730500 0*
#3731500 1*
#3732125 1!
#3732375 0*
#3733375 1*
#3734000 0! 1"
#3734250 0*
#3735500 1)
#3735750 1*
#3736250 1! 1# 1$ 1% 1& 1' 1(
#3736375 0,
#3737000 0)
#3737250 0! 0" 0$ 0'
#3737500 0+
#3738250 00
#3738625 1+
#3739250 1)
#3739500 0# 0& 1'
#3739625 1$ 1,
#3740375 0)
#3741000 1! 0% 0' 0(
#3741125 1"
#3741250 0*
#3742375 1*
#3743000 1%
#3743125 0*
#3744250 1*
#3744375 1)
#3744625 0! 0" 0$
#3744750 1# 1' 1(
#3745250 10
#3745500 0)
#3745750 1! 1" 0# 1$ 0% 0' 0(
#3746000 0*
#3747000 1*
#3747250 1)
#3747500 0! 0" 1% 1' 1(
#3748375 0)
#3748500 0% 0' 0(
#3748625 1! 1"
#3748750 0*
#3749875 1*
#3750500 1%
#3750750 0*
#3751750 1*
#3751875 1)
#3752125 0! 0" 0$
#3752250 1# 1' 1(
#3753000 0)
#3753250 1! 1" 0# 1$ 0% 0' 0(
#3753500 0*
#3754500 1*
#3754750 1)
#3755000 0! 0$ 1' 1(
#3755125 1# 1%
#3755875 0)
#3756000 0" 0# 0% 0' 0(
#3756375 0*
#3757375 1*
#3758000 1!
#3758250 0*
#3759250 1*
#3759750 0!
#3759875 1"
#3760125 0*
#3760875 1)
#3761125 1' 1( 1*
#3761250 1# 1%
#3761875 0)
#3762125 0" 0# 0% 0' 0(
#3762375 0*
#3763375 1*
#3764125 1!
#3764250 0*
#3765250 1*
#3765875 0!
#3766000 1"
#3766125 0*
#3767000 1)
#3767125 1*
#3767250 1! 1# 1$ 1% 1& 1' 1(
#3767375 0,
#3768000 0)
#3768250 0" 0$ 0'
#3768500 0+
#3769500 1+
#3769750 1)
#3770000 0! 0# 0& 1'
#3770125 1$ 1,
#3770875 0)
#3771000 0% 0' 0(
#3771125 1! 1"
#3771375 0*
#3772375 1*
#3773000 1%
#3773250 0*
#3774250 1*
#3774500 1)
#3774625 0! 0"
#3774750 1# 0$ 1' 1(
#3775500 0)
#3775750 1! 1" 0# 0% 0' 0(
#3775875 1$
#3776000 0*
#3777000 1*
#3777250 1)
#3777500 0! 0"
#3777625 1% 1' 1(
#3778375 0)
#3778500 0% 0' 0(
#3778625 1! 1"
#3778875 0*
#3779875 1*
#3780500 1%
#3780750 0*
#3781750 1*
#3782000 1)
#3782125 0!
#3782250 0" 1# 0$ 1' 1(
#3783000 0)
#3783250 1! 0# 0% 0' 0(
#3783375 1" 1$
#3783500 0*
#3784625 1*
#3784750 1)
#3785000 0! 0$
#3785125 1# 1% 1' 1(
#3785875 0)
#3786125 0" 0# 0% 0' 0(
#3786375 0*
#3787375 1*
#3788000 1!
#3788250 0*
#3789250 1*
#3789750 0!
#3789875 1"
#3790125 0*
#3790875 1)
#3791125 1*
#3791250 1# 1% 1' 1(
#3792000 0)
#3792125 0# 0% 0' 0(
#3792250 0"
#3792500 0*
#3793500 1*
#3794125 1!
#3794375 0*
#3795375 1*
#3795875 0!
#3796000 1"
#3796250 0*
#3797000 1)
#3797250 1' 1( 1*
#3797375 1! 1# 1$ 1% 1& 0,
#3798125 0)
#3798250 0! 0$ 0'
#3798625 0+
#3799625 1+
#3799750 1)
#3800000 0" 0# 0&
#3800125 1$ 1'
#3800250 1,
#3800875 0)
#3801125 1! 1" 0% 0' 0(
#3801375 0*
#3802375 1*
#3803000 1%
#3803250 0*
#3804250 1*
#3804500 1)
#3804750 0! 0" 0$ 1' 1(
#3804875 1#
#3805625 0)
#3805750 0# 0% 0' 0(
#3805875 1! 1" 1$
#3806125 0*
#3807125 1*
#3807250 1)
#3807500 0! 0"
#3807625 1% 1' 1(
#3808375 0)
#3808625 1! 1" 0% 0' 0(
#3808875 0*
#3809875 1*
#3810500 1%
#3810750 0*
#3811750 1*
#3812000 1)
#3812250 0! 0" 0$ 1(
#3812375 1# 1'
#3813125 0)
#3813250 0# 0' 0(
#3813375 1! 1" 1$ 0%
#3813625 0*
#3814625 1*
#3814750 1)
#3822125 00
#3829000 10
#3830125 1# 1% 1& 1' 1(
#3830250 0,
#3830875 0)
#3831125 0$ 0'
#3831500 0+
#3832500 1+
#3832625 1)
#3833875 1$ 1'
#3834000 1,
#3834625 0)
#3836375 1)
#3839500 0! 0$ 0&
#3840250 0)
#3840500 0" 0# 0% 0' 0(
#3840750 0*
#3841875 1*
#3842000 1)
#3842375 1! 1" 1# 1$ 1% 1& 1' 1(
#3843125 0)
#3844875 1)
#3846000 0)
#3846500 0+
#3847500 1+
#3848375 0+
#3849375 1+
#3850250 0+
#3851250 1+
#3852125 0+
#3853125 1+
#3854250 1)
#3854500 0! 0$ 0&
#3855375 0)
#3855500 0" 0% 0' 0(
#3855875 0*
#3856875 1*
#3857000 1)
#3857375 1! 1" 1$ 1% 1& 1' 1( 0,
#3858125 0)
#3858375 0! 0" 0# 0'
#3858625 0+
#3859625 1+
#3859875 1)
#3860125 1" 1# 0(
#3860250 1,
#3860875 0-
#3861000 0)
#3861125 0" 0# 0$ 0% 0&
#3861375 0*
#3862500 1*
#3863125 1!
#3863375 0*
#3864375 1*
#3864875 0!
#3865000 1"
#3865250 0*
#3866250 1*
#3866875 1!
#3867125 0*
#3868125 1*
#3869250 1) 1-
#3869500 0! 1# 1% 1' 1(
#3870375 0)
#3870500 0" 0# 0% 0' 0(
#3870625 1$
#3870750 0*
#3871875 1*
#3872000 1)
#3872375 1! 1" 1# 1% 1& 1' 1(
#3873125 0)
#3874875 1)
#3875125 0! 0' 0(
#3875875 0-
#3876000 0)
#3876125 0" 0$ 0% 0&
#3876375 0*
#3877500 1*
#3878125 1!
#3878375 0*
#3879375 1*
#3879875 0!
#3880000 1"
#3880250 0*
#3881250 1*
#3881875 1!
#3882125 0*
#3883125 1*
#3884250 1) 1-
#3884500 0! 1% 1' 1(
#3885375 0)
#3885500 0" 0% 0' 0(
#3885625 1$
#3885750 0*
#3886875 1*
#3887000 1)
#3887250 0# 0$
#3887375 1! 1&
#3888125 0)
#3888375 1" 1# 1$ 1%
#3888625 0+
#3889625 1+
#3889875 1)
#3890125 0!
#3890875 0-
#3891000 0)
#3891125 0" 0# 0% 0&
#3891500 0*
#3892500 1*
#3893125 1!
#3893250 0*
#3894375 1*
#3894875 0!
#3895000 1"
#3895125 0*
#3896250 1*
#3896875 1!
#3897000 0*
#3898125 1*
#3899250 1) 1-
#3899500 0! 1# 0$ 1% 1' 1(
#3900375 0)
#3900500 0" 0# 0' 0(
#3900750 0*
#3901875 1*
#3902000 1)
#3902375 1! 1" 1# 1$ 1& 1' 1( 0,
#3903125 0)
#3903375 0" 0# 0'
#3903625 0+
#3904625 1+
#3904875 1)
#3905125 0! 1" 1# 0(
#3905250 1,
#3905875 0) 0-
#3906000 00
#3906125 0" 0% 0&
#3906375 0*
#3907500 1*
#3908125 1!
#3908250 0*
#3909250 1*
#3909875 0!
#3910000 1"
#3910125 0*
#3911125 1*
#3911750 1!
#3912000 0*
#3912875 10
#3913000 1*
#3914250 1) 1-
#3914500 0! 0$ 1% 1' 1(
#3915250 0)
#3915500 0" 0' 0(
#3915750 0*
#3916750 1*
#3917000 1)
#3917375 1! 1" 1$ 1& 1' 1(
#3918125 0)
#3919875 1)
#3920125 0! 0' 0(
#3920875 0) 0-
#3921125 0" 0# 0$ 0&
#3921375 0*
#3922375 1*
#3923000 1!
#3923250 0*
#3924250 1*
#3924875 0!
#3925000 1"
#3925125 0*
#3926125 1*
#3926750 1!
#3927000 0*
#3928000 1*
#3929250 1) 1-
#3929375 0!
#3929500 1# 1' 1(
#3930250 0)
#3930500 0" 0# 0' 0(
#3930625 1$
#3930750 0*
#3931750 1*
#3932000 1)
#3932375 1! 1" 1# 1& 1' 1( 0,
#3933125 0)
#3933250 0! 0# 0'
#3933625 0+
#3934625 1+
#3934750 1)
#3935000 0(
#3935125 1#
#3935250 1,
#3935875 0) 0-
#3936125 0" 0$ 0&
#3936375 0*
#3937375 1*
#3938000 1!
#3938250 0*
#3939250 1*
#3939875 0! 1"
#3940125 0*
#3941125 1*
#3941750 1!
#3942000 0*
#3943000 1*
#3944125 1)
#3944250 1-
#3944375 0!
#3944500 1' 1(
#3945250 0)
#3945500 0" 1$ 0' 0(
#3945750 0*
#3946750 1*
#3947000 1)
#3947250 0# 0$ 0%
#3947375 1" 1&
#3948125 0)
#3948375 1! 1# 1$ 1%
#3948625 0*
#3949625 1*
#3949750 1)
#3950000 0!
#3950875 0) 0-
#3951125 0" 0# 0&
#3951375 0*
#3952375 1*
#3953000 1!
#3953250 0*
#3954250 1*
#3954875 0! 1"
#3955125 0*
#3956125 1*
#3956750 1!
#3957000 0*
#3958000 1*
#3959125 1)
#3959250 1-
#3959375 0! 0$
#3959500 1# 1' 1(
#3960250 0)
#3960500 0" 0# 0% 1& 0' 0(
#3960750 0*
#3961750 1*
#3962000 1)
#3962250 1! 1' 1(
#3962375 1" 1# 1$ 1% 0,
#3963125 0)
#3963250 0# 0'
#3963625 0+
#3964625 1+
#3964750 1)
#3965000 0! 0(
#3965125 1# 1,
#3965875 0) 0-
#3966125 0" 0&
#3966375 0*
#3967375 1*
#3968000 1!
#3968250 0*
#3969250 1*
#3969750 0!
#3969875 1"
#3970125 0*
#3971125 1*
#3971750 1!
#3972000 0*
#3973000 1*
#3974125 1)
#3974250 1-
#3974375 0! 0$
#3974500 1' 1(
#3975250 0)
#3975375 0' 0(
#3975500 0" 0% 1&
#3975750 0*
#3976750 1*
#3977000 1)
#3977250 1! 1" 1$ 1% 1' 1(
#3978000 0)
#3979750 1)
#3980000 0! 0' 0(
#3980875 0) 0-
#3981125 0" 0# 0$ 0%
#3981375 0*
#3982375 1*
#3983000 1!
#3983250 0*
#3984250 1*
#3984750 0!
#3984875 1"
#3985125 0*
#3986125 1*
#3986750 1!
#3987000 0*
#3988000 1*
#3989125 1) 1-
#3989375 0! 0&
#3989500 1# 1% 1' 1(
#3989750 00
#3990250 0)
#3990375 0# 0% 0' 0(
#3990500 0" 1$ 1&
#3990750 0*
#3991750 1*
#3991875 1)
#3992250 1! 1" 1# 1% 1' 1(
#3992375 0,
#3993000 0)
#3993250 0! 0" 0'
#3993500 0+
#3994500 1+
#3994750 1)
#3995000 0(
#3995125 1" 1,
#3995875 0) 0-
#3996000 0" 0%
#3996125 0$
#3996375 0*
#3996750 10
#3997375 1*
#3998000 1!
#3998250 0*
#3999250 1*
#3999750 0!
#3999875 1"
#4000125 0*
#4001125 1*
#4001750 1!
#4002000 0*
#4003000 1*
#4004125 1) 1-
#4004375 0! 0& 1' 1(
#4004500 1%
#4005250 0)
#4005375 0" 0% 0' 0(
#4005500 1$ 1&
#4005750 0*
#4006750 1*
#4006875 1)
#4007125 0# 0$
#4007250 1! 1"
#4008000 0)
#4008250 1# 1$ 1%
#4008500 0+
#4009500 1+
#4009750 1)
#4010000 0!
#4010750 0-
#4010875 0)
#4011000 0" 0# 0%
#4011375 0*
#4012375 1*
#4013000 1!
#4013250 0*
#4014250 1*
#4014750 0!
#4014875 1"
#4015125 0*
#4016125 1*
#4016750 1!
#4017000 0*
#4018000 1*
#4019125 1) 1-
#4019375 0! 0$ 0& 1' 1(
#4019500 1# 1%
#4020250 0)
#4020375 0" 0# 0' 0(
#4020500 1&
#4020750 0*
#4021750 1*
#4021875 1)
#4022250 1! 1" 1# 1$ 1' 1( 0,
#4023000 0)
#4023250 0" 0'
#4023500 0+
#4024500 1+
#4024750 1)
#4025000 0! 1" 0(
#4025125 1,
#4025750 0-
#4025875 0)
#4026000 0" 0%
#4026375 0*
#4027375 1*
#4028000 1!
#4028250 0*
#4029250 1*
#4029750 0!
#4029875 1"
#4030125 0*
#4031125 1*
#4031750 1!
#4032000 0*
#4033000 1*
#4034125 1) 1-
#4034375 0! 0$ 1% 0& 1' 1(
#4035250 0)
#4035375 0" 0' 0(
#4035500 1&
#4035625 0*
#4036750 1*
#4036875 1)
#4037250 1! 1" 1$ 1' 1(
#4038000 0)
#4039750 1)
#4040000 0! 0' 0(
#4040750 0) 0-
#4041000 0" 0# 0$
#4041250 0*
#4042375 1*
#4043000 1!
#4043125 0*
#4044250 1*
#4044750 0!
#4044875 1"
#4045000 0*
#4046125 1*
#4046750 1!
#4046875 0*
#4048000 1*
#4049125 1) 1-
#4049375 0! 1# 0& 1' 1(
#4050250 0)
#4050375 0" 0# 0' 0(
#4050500 1$ 1&
#4050625 0*
#4051750 1*
#4051875 1)
#4052250 1! 1" 1# 1' 1( 0,
#4053000 0)
#4053250 0! 0'
#4053500 0+
#4054500 1+
#4054750 1)
#4055000 0(
#4055125 1,
#4055750 0) 0-
#4056000 0" 0$
#4056250 0*
#4057375 1*
#4058000 1!
#4058125 0*
#4059250 1*
#4059750 0!
#4059875 1"
#4060000 0*
#4061125 1*
#4061625 1!
#4061875 0*
#4063000 1*
#4064125 1) 1-
#4064375 0! 0& 1' 1(
#4065125 0)
#4065375 0" 0' 0(
#4065500 1$ 1&
#4065625 0*
#4066750 1*
#4066875 1)
#4067125 0$ 0%
#4068000 0)
#4068250 1! 1" 1$ 1%
#4068500 0*
#4069500 1*
#4069750 1)
#4070000 0!
#4070750 0) 0-
#4071000 0" 0#
#4071250 0*
#4072375 1*
#4073000 1!
#4073125 0*
#4073625 00
#4074250 1*
#4074750 0!
#4074875 1"
#4075000 0*
#4076125 1*
#4076750 1!
#4076875 0*
#4078000 1*
#4079125 1) 1-
#4079375 0! 1# 0$ 0& 1' 1(
#4080250 0)
#4080375 0" 0# 0% 0(
#4080625 0* 10
#4081750 1*
#4081875 1)
#4082250 1! 1" 1# 1$ 1% 1& 1( 0,
#4083000 0)
#4083250 0'
#4083500 0+
#4084500 1+
#4084750 1)
#4085000 0! 0(
#4085125 1,
#4085750 0) 0-
#4086000 0"
#4086250 0*
#4087375 1*
#4088000 1!
#4088125 0*
#4089250 1*
#4089750 0!
#4089875 1"
#4090000 0*
#4091125 1*
#4091750 1!
#4091875 0*
#4093000 1*
#4094125 1) 1-
#4094375 0! 0$ 0& 1' 1(
#4095250 0)
#4095375 0" 0% 0(
#4095625 0*
