$date Sat Aug 15 10:52:22 2026 $end
$version libsigrok 0.5.2 $end
$comment
  Acquisition with 16/16 channels at 80 MHz
$end
$timescale 100 ps $end
$scope module libsigrok $end
$var wire 1 ! A0 $end
$var wire 1 " A1 $end
$var wire 1 # A2 $end
$var wire 1 $ A3 $end
$var wire 1 % A4 $end
$var wire 1 & A5 $end
$var wire 1 ' A6 $end
$var wire 1 ( A7 $end
$var wire 1 ) RAS $end
$var wire 1 * CAS0 $end
$var wire 1 + CAS1 $end
$var wire 1 , R/W $end
$var wire 1 - VDS $end
$var wire 1 . IRQ $end
$var wire 1 / CSW $end
$var wire 1 0 CSR $end
$upscope $end
$enddefinitions $end
#0 1! 0" 0# 0$ 0% 0& 0' 0( 0) 0* 1+ 1, 1- 0. 1/ 10
#125 1) 1* 0, 0- 00
#250 1" 1# 1$ 1% 1& 1( 0) 0* 1, 1- 10
#1125 1*
#1250 1)
#1500 0! 0" 0& 0(
#2375 0) 0-
#2625 0# 1' 1(
#2875 0*
#3875 1*
#4500 1!
#4750 0*
#5750 1*
#6250 0!
#6375 1"
#6625 0*
#7625 1*
#8250 1!
#8500 0*
#9500 1*
#10625 1)
#10750 1-
#10875 0! 0$
#11000 1#
#11750 0)
#12000 0" 0# 0% 1& 0(
#12250 0*
#13250 1*
#13500 1)
#13625 00
#13750 0& 1(
#13875 1$
#14625 0)
#14750 0'
#14875 1"
#15125 0+
#16125 1+
#16250 1)
#16500 0" 0(
#16625 1# 1%
#17375 0) 0-
#17625 1' 1(
#17875 0*
#18875 1*
#19500 1!
#19750 0*
#20625 10
#20750 1*
#21375 0! 1"
#21625 0*
#22625 1*
#23250 1!
#23500 0*
#24500 1*
#25750 1) 1-
#25875 0!
#26000 0$
#26750 0)
#27000 0" 0% 1& 0(
#27250 0*
#28250 1*
#28500 1)
#28750 0# 0& 1(
#28875 1$ 0,
#29625 0)
#29750 0'
#29875 1"
#30125 0+
#31125 1+
#31375 1)
#31500 0"
#31625 1# 1% 0(
#31750 1,
#32375 0) 0-
#32625 0# 0$ 0% 1' 1(
#32750 1&
#32875 0*
#33875 1*
#34500 1!
#34750 0*
#35750 1*
#36375 0!
#36500 1"
#36625 0*
#37625 1*
#38250 1!
#38500 0*
#39500 1*
#40750 1) 1-
#41000 0! 1# 1% 0&
#41750 0)
#42000 0" 0# 0% 0(
#42125 1$ 1&
#42250 0*
#43375 1*
#43500 1)
#43875 1! 1" 1# 1% 1(
#44625 0)
#46375 1)
#46625 0! 0" 0& 0' 0(
#47375 0) 0-
#47625 0$ 0%
#47750 1& 1' 1(
#47875 0*
#49000 1*
#49625 1!
#49750 0*
#50875 1*
#51375 0!
#51500 1"
#51625 0*
#52750 1*
#53375 1!
#53625 0*
#54625 1*
#55750 1) 1-
#56000 0! 1% 0&
#56875 0)
#57000 0" 0% 0(
#57125 1$ 1&
#57375 0*
#58375 1*
#58500 1)
#58750 0# 0& 0'
#58875 1! 1(
#59625 0)
#59875 1" 1# 1% 1&
#60125 0+
#61125 1+
#61375 1)
#61625 0! 0" 0& 0(
#62375 0-
#62500 0)
#62625 0# 0%
#62750 1& 1' 1(
#63000 0*
#64000 1*
#64625 1!
#64875 0*
#65875 1*
#66375 0!
#66500 1"
#66750 0*
#67750 1*
#68375 1!
#68625 0*
#69625 1*
#70750 1) 1-
#71000 0! 0$ 0&
#71125 1# 1%
#71875 0)
#72000 0" 0# 0(
#72125 1&
#72375 0*
#73375 1*
#73500 1)
#73750 0% 0& 0'
#73875 1$ 1(
#74625 0)
#74875 1! 1"
#75125 0+
#76125 1+
#76375 1)
#76625 0! 0" 0(
#76750 1# 1%
#77375 0-
#77500 0)
#77625 0%
#77750 1& 1' 1(
#78000 0*
#79000 1*
#79625 1!
#79875 0*
#80875 1*
#81375 0!
#81500 1"
#81750 0*
#82750 1*
#83375 1!
#83625 0*
#84625 1*
#85750 1) 1-
#86000 0! 0$ 0&
#86125 1%
#86875 0)
#87000 0" 0(
#87125 1&
#87375 0*
#88375 1*
#88625 1)
#88875 1! 1" 1$ 1(
#89625 0)
#91375 1)
#91625 0! 0" 0& 0' 0(
#92375 0-
#92500 0)
#92625 0# 0$
#92750 1& 1' 1(
#93000 0*
#94000 1*
#94625 1!
#94875 0*
#95875 1*
#96375 0!
#96500 1"
#96750 0*
#97500 00
#97750 1*
#98375 1!
#98625 0*
#99625 1*
#100750 1) 1-
#101000 0! 0&
#101125 1#
#101875 0)
#102000 0" 0# 0(
#102125 1$ 1&
#102375 0*
#103375 1*
#103625 1)
#103750 0&
#103875 0% 1(
#104375 10
#104625 0)
#104875 1! 1" 0'
#105125 0+
#106125 1+
#106375 1)
#106625 0! 0" 0(
#106750 1# 1%
#107500 0) 0-
#107750 0$ 1& 1' 1(
#108000 0*
#109000 1*
#109625 1!
#109875 0*
#110875 1*
#111375 0!
#111500 1"
#111750 0*
#112750 1*
#113375 1!
#113625 0*
#114625 1*
#115750 1) 1-
#116000 0! 0&
#116875 0)
#117000 0" 0(
#117125 1$ 1&
#117375 0*
#118375 1*
#118625 1)
#118750 0&
#118875 1" 0# 0% 0' 1(
#119625 0)
#119875 1!
#120000 1# 1% 1&
#120125 0*
#121125 1*
#121375 1)
#121625 0! 0" 0& 0(
#122375 0-
#122500 0)
#122625 0#
#122750 1& 1' 1(
#123000 0*
#124000 1*
#124625 1!
#124875 0*
#125875 1*
#126375 0!
#126500 1"
#126750 0*
#127750 1*
#128375 1!
#128625 0*
#129625 1*
#130750 1) 1-
#131125 1#
#131875 0)
#132375 0+
#133375 1+
#133500 1)
#133875 0! 0" 0# 0% 0&
#134000 0,
#134625 0)
#134875 1! 1" 0'
#135125 0+
#136125 1+
#136375 1)
#136625 0! 0" 0(
#136750 1# 1% 1,
#137500 0) 0-
#137750 1& 1' 1(
#138000 0*
#139000 1*
#139625 1!
#139875 0*
#140875 1*
#141375 0!
#141500 1"
#141750 0*
#142750 1*
#143375 1!
#143625 0*
#144625 1*
#145750 1) 1-
#146000 0! 0$ 0&
#146875 0)
#147000 0" 0# 0(
#147375 0*
#148375 1*
#149000 1!
#149250 0*
#150250 1*
#150750 0!
#150875 1"
#151125 0*
#151875 1)
#152125 1( 1*
#152250 1#
#153000 0)
#153125 0" 0(
#153375 0*
#154375 1*
#155125 1!
#155250 0*
#156250 1*
#156875 0!
#157000 1"
#157125 0*
#157875 1)
#158125 1*
#158250 1! 1$ 1& 1(
#159000 0)
#160750 1)
#161000 0! 0# 0&
#161875 0)
#162000 0" 0% 0'
#162125 1!
#162375 0*
#163375 1*
#164000 1%
#164250 0*
#165250 1*
#165375 1)
#165625 0$
#165750 1# 1'
#166500 0)
#166750 0# 1$ 0% 0(
#167000 0*
#168000 1*
#168250 1)
#168500 0! 1% 1(
#168625 1"
#169375 0)
#169500 0" 0% 0'
#169625 1! 1&
#169875 0*
#170875 1*
#171500 1%
#171750 0*
#172750 1*
#172875 1)
#173125 0$ 0&
#173250 1# 1'
#174000 0)
#174250 0# 1$ 0(
#174500 0*
#175500 1*
#175750 1)
#176000 0! 1" 1# 0$ 1(
#176875 0)
#177000 0" 0# 0(
#177125 1$
#177250 0*
#178375 1*
#179000 1!
#179125 0*
#180250 1*
#180750 0!
#180875 1"
#181000 0*
#181250 00
#181875 1)
#182000 0$ 1*
#182125 1# 1(
#182875 0)
#183125 0" 1$ 0(
#183375 0*
#184375 1*
#185000 1!
#185250 0*
#186250 1*
#186875 0! 1"
#187125 0*
#188250 10
#188375 1)
#188625 1*
#189125 0" 0# 0% 0' 1(
#189875 0)
#190250 1! 1"
#190500 0+
#191500 1+
#192125 1)
#192375 0! 1'
#192500 1%
#193250 0)
#193875 1! 0" 0%
#194125 0*
#195125 1*
#195875 1%
#196000 0*
#197000 1*
#197250 1)
#197500 0$
#197625 1#
#198375 0)
#198500 0#
#198625 1$ 0% 1& 0(
#198875 0*
#199875 1*
#200125 1)
#200250 0! 0&
#200375 1" 1% 1(
#201125 0)
#201375 1! 0" 0%
#201500 1&
#201625 0*
#202625 1*
#203250 1%
#203500 0*
#204500 1*
#204750 1)
#205000 0$ 0&
#205125 1#
#205875 0)
#206000 0# 0(
#206125 1$ 1&
#206375 0*
#207375 1*
#207500 1)
#207750 0! 0&
#207875 1" 1# 0$ 1(
#208625 0)
#208875 0" 0# 0% 0' 0(
#209125 0*
#210125 1*
#210750 1!
#211000 0*
#212000 1*
#212625 0! 1"
#212875 0*
#213625 1)
#213875 1*
#214000 1# 1% 1' 1(
#214750 0)
#215000 0" 0# 0% 0' 0(
#215250 0*
#216250 1*
#216875 1!
#217125 0*
#218125 1*
#218625 0!
#218750 1"
#219000 0*
#219750 1)
#220000 0" 1( 1*
#220125 1$ 1'
#220875 0)
#221000 0'
#221125 1! 1"
#221375 0+
#222375 1+
#222500 1)
#222750 0! 0"
#222875 1% 1'
#223625 0)
#223875 1! 0% 0' 0(
#224125 0*
#225125 1*
#225750 1%
#226000 0*
#227000 1*
#227250 1)
#227500 0! 0$ 1' 1(
#227625 1#
#228375 0)
#228500 0# 0% 0' 0(
#228625 1! 1$
#228875 0*
#229875 1*
#230000 1)
#230250 0!
#230375 1% 1' 1(
#231125 0)
#231375 1! 0% 0' 0(
#231625 0*
#232625 1*
#233250 1%
#233500 0*
#234500 1*
#234750 1)
#235000 0! 0$ 1' 1(
#235125 1#
#235875 0)
#236000 0# 0% 0' 0(
#236125 1! 1$
#236250 0*
#237375 1*
#237500 1)
#237750 0! 0$
#237875 1" 1# 1% 1' 1(
#238625 0)
#238875 0" 0# 0% 0' 0(
#239125 0*
#240125 1*
#240750 1!
#241000 0*
#242000 1*
#242500 0!
#242625 1"
#242875 0*
#243625 1)
#243875 1*
#244000 1# 1% 1' 1(
#244750 0)
#244875 0" 0# 0% 0' 0(
#245250 0*
#246250 1*
#246875 1!
#247125 0*
#248125 1*
#248625 0!
#248750 1"
#249000 0*
#249750 1)
#250000 0" 1$ 1' 1( 1*
#250125 0,
#250875 0)
#251000 0'
#251125 1! 1"
#251375 0+
#252375 1+
#252500 1)
#252750 0! 0"
#252875 1% 1' 1,
#253625 0)
#253750 0'
#253875 1! 0% 0(
#254125 0*
#255125 1*
#255750 1%
#256000 0*
#257000 1*
#257250 1)
#257375 0!
#257500 1# 0$ 1' 1(
#258250 0)
#258500 1! 0# 0% 0' 0(
#258625 1$
#258750 0*
#259750 1*
#260000 1)
#260250 0!
#260375 1% 1' 1(
#261125 0)
#261250 0% 0' 0(
#261375 1!
#261625 0*
#262625 1*
#263250 1%
#263500 0*
#264500 1*
#264750 1)
#264875 0!
#265000 1# 0$ 1' 1(
#265125 00
#265750 0)
#266000 1! 0# 0% 0' 0(
#266125 1$
#266250 0*
#267250 1*
#267500 1)
#272125 10
#282750 0!
#282875 1(
#283625 0)
#283875 1#
#284125 0+
#285125 1+
#285250 1)
#286625 1! 1" 1% 1& 1'
#287375 0)
#289125 1)
#292125 0! 0$ 0&
#293000 0)
#293125 0# 0' 0(
#293250 0" 0%
#293500 0*
#294500 1*
#294750 1)
#295000 1! 1" 1# 1$ 1% 1& 1' 1(
#295750 0)
#297500 1)
#298625 0)
#299125 0+
#300125 1+
#301000 0+
#302000 1+
#302875 0+
#303875 1+
#304750 0+
#305750 1+
#306875 1)
#307125 0! 0$ 0&
#308000 0)
#308125 0" 0% 0' 0(
#308500 0*
#309500 1*
#309625 1)
#309875 0#
#310000 1$ 1' 1(
#310750 0)
#311000 1# 0'
#311250 0+
#312250 1+
#312500 1)
#312750 0(
#312875 1! 1%
#313625 0) 0-
#313750 0! 0# 0$ 0%
#314125 0*
#315125 1*
#315750 1!
#316000 0*
#317000 1*
#317500 0!
#317625 1"
#317875 0*
#318875 1*
#319500 1!
#319750 0*
#320750 1*
#321875 1) 1-
#322125 0!
#322250 1# 1% 1' 1(
#323000 0)
#323125 0# 0% 0' 0(
#323250 0" 1$
#323500 0*
#324500 1*
#324625 1)
#325000 1' 1(
#325125 0,
#325750 0)
#326000 0'
#326125 1#
#326250 0+
#327250 1+
#327500 1)
#327750 0(
#327875 1! 1% 1,
#328625 0) 0-
#328750 0! 0%
#328875 0$
#329125 0*
#330125 1*
#330750 1!
#331000 0*
#332000 1*
#332500 0!
#332625 1"
#332875 0*
#333875 1*
#334500 1!
#334750 0*
#335750 1*
#336875 1) 1-
#337125 0!
#337250 1% 1' 1(
#338000 0)
#338125 0% 0' 0(
#338250 0" 1$
#338500 0*
#339500 1*
#339750 1)
#340000 1! 1" 0# 1(
#340750 0)
#341125 1# 1% 1&
#341250 0+
#342250 1+
#342500 1)
#342750 0" 0& 0(
#343625 0) 0-
#343750 0! 0#
#343875 0%
#344125 0*
#345125 1*
#345750 1!
#346000 0*
#347000 1*
#347500 0!
#347625 1"
#347875 0*
#348875 1*
#349000 00
#349500 1!
#349750 0*
#350750 1*
#351875 1) 1-
#352125 0! 0$
#352250 1# 1% 1' 1(
#353000 0)
#353125 0# 0' 0(
#353250 0"
#353500 0*
#354500 1*
#354750 1)
#355000 1$ 0% 1(
#355750 0)
#356000 10
#356125 1#
#356375 0+
#357375 1+
#357500 1)
#357750 0(
#357875 1! 1%
#358625 0) 0-
#358750 0!
#358875 0%
#359125 0*
#360125 1*
#360750 1!
#361000 0*
#362000 1*
#362500 0!
#362625 1"
#362875 0*
#363875 1*
#364500 1!
#364750 0*
#365750 1*
#366875 1)
#367000 1-
#367125 0! 0$
#367250 1% 1' 1(
#368000 0)
#368250 0" 0' 0(
#368500 0*
#369500 1*
#369750 1)
#370000 1! 1& 1' 1(
#370125 1" 1$
#370875 0)
#372500 1)
#372750 0" 0& 0' 0(
#373625 0) 0-
#373875 0! 0# 0$
#374125 0*
#375125 1*
#375750 1!
#376000 0*
#377000 1*
#377625 0! 1"
#377875 0*
#378875 1*
#379500 1!
#379750 0*
#380750 1*
#381875 1)
#382000 1-
#382125 0!
#382250 1# 1' 1(
#383000 0)
#383250 0" 0# 1$ 0' 0(
#383500 0*
#384500 1*
#384750 1)
#385000 0% 1' 1(
#385875 0)
#386000 0'
#386125 1#
#386375 0+
#387375 1+
#387500 1)
#387750 0(
#387875 1! 1%
#388625 0) 0-
#388875 0! 0$
#389125 0*
#390125 1*
#390750 1!
#391000 0*
#392000 1*
#392625 0! 1"
#392875 0*
#393875 1*
#394500 1!
#394750 0*
#395750 1*
#397000 1) 1-
#397125 0!
#397250 1' 1(
#398000 0)
#398250 0" 1$ 0' 0(
#398500 0*
#399500 1*
#399750 1)
#400000 0%
#400125 1(
#400875 0)
#401125 1! 1" 1% 1&
#401375 0*
#402375 1*
#402625 1)
#402875 0" 0& 0(
#403625 0) 0-
#403875 0! 0#
#404125 0*
#405125 1*
#405750 1!
#406000 0*
#407000 1*
#407625 0!
#407750 1"
#407875 0*
#409000 1*
#409500 1!
#409750 0*
#410875 1*
#412000 1) 1-
#412250 0! 1# 0$ 1' 1(
#413125 0)
#413250 0" 0# 0% 0' 0(
#413375 1&
#413500 0*
#414625 1*
#414750 1)
#415000 0&
#415125 1$ 1' 1( 0,
#415875 0)
#416125 1# 0'
#416375 0+
#417375 1+
#417625 1)
#417875 1! 1% 0(
#418000 1,
#418625 0-
#418750 0)
#418875 0!
#419250 0*
#420250 1*
#420875 1!
#421125 0*
#422125 1*
#422625 0!
#422750 1"
#423000 0*
#424000 1*
#424625 1!
#424875 0*
#425875 1*
#427000 1) 1-
#427250 0! 0$ 1' 1(
#428125 0)
#428250 0" 0% 0' 0(
#428375 1&
#428625 0*
#429625 1*
#429750 1)
#430125 1! 1" 1$ 1% 1' 1(
#430875 0)
#432625 1)
#432875 0" 0& 0' 0( 00
#433625 0-
#433750 0)
#433875 0! 0# 0$ 0%
#434000 1&
#434250 0*
#435250 1*
#435875 1!
#436125 0*
#437125 1*
#437625 0!
#437750 1"
#438000 0*
#439000 1*
#439625 1!
#439875 0* 10
#440875 1*
#442000 1) 1-
#442250 0! 0&
#442375 1# 1% 1' 1(
#443125 0)
#443250 0# 0% 0' 0(
#443375 0" 1$ 1&
#443625 0*
#444625 1*
#444875 1)
#445000 0&
#445125 1(
#445875 0)
#446250 1! 1#
#446500 0+
#447500 1+
#447625 1)
#447875 0(
#448000 1%
#448750 0) 0-
#448875 0! 0%
#449000 0$ 1&
#449250 0*
#450250 1*
#450875 1!
#451125 0*
#452125 1*
#452625 0!
#452750 1"
#453000 0*
#454000 1*
#454625 1!
#454875 0*
#455875 1*
#457000 1)
#457125 1-
#457250 0! 0&
#457375 1% 1' 1(
#458125 0)
#458375 0" 1$ 0% 1& 0' 0(
#458625 0*
#459625 1*
#459875 1)
#460125 1! 0& 1(
#461000 0)
#461250 1" 1% 1&
#461500 0+
#462500 1+
#462625 1)
#462875 0" 0& 0(
#463750 0) 0-
#464000 0! 0# 0% 1&
#464250 0*
#465250 1*
#465875 1!
#466125 0*
#467125 1*
#467750 0! 1"
#468000 0*
#469000 1*
#469625 1!
#469875 0*
#470875 1*
#472000 1)
#472125 1-
#472250 0! 0&
#472375 1# 0$ 1% 1' 1(
#473125 0)
#473375 0" 0# 1& 0' 0(
#473625 0*
#474625 1*
#474875 1)
#475125 0% 0& 1' 1(
#475250 1$
#476000 0)
#476125 0'
#476250 1! 1#
#476500 0+
#477500 1+
#477625 1)
#477875 0(
#478000 1%
#478750 0) 0-
#479000 0! 0% 1&
#479250 0*
#480250 1*
#480875 1!
#481125 0*
#482125 1*
#482750 0! 1"
#483000 0*
#484000 1*
#484625 1!
#484875 0*
#485875 1*
#487125 1) 1-
#487250 0!
#487375 0$ 1% 0& 1' 1(
#488125 0)
#488375 0" 1& 0' 0(
#488625 0*
#489625 1*
#489875 1)
#490125 0# 0% 0&
#490250 1$ 1' 1( 0,
#491000 0)
#491125 0'
#491250 1! 1#
#491500 0+
#492500 1+
#492750 1)
#493000 1% 0(
#493125 1,
#493750 0) 0-
#494000 0! 0# 0$
#494125 1&
#494250 0*
#495250 1*
#495875 1!
#496125 0*
#497125 1*
#497750 0!
#497875 1"
#498000 0*
#499125 1*
#499625 1!
#499875 0*
#501000 1*
#502125 1) 1-
#502375 0! 1# 0& 1' 1(
#503250 0)
#503375 0" 0# 0' 0(
#503500 1$ 1&
#503625 0*
#504750 1*
#504875 1)
#505250 1! 1" 1# 1' 1(
#506000 0)
#507750 1)
#508000 0" 0& 0' 0(
#508750 0-
#508875 0)
#509000 0! 0$
#509125 1&
#509250 0*
#510375 1*
#511000 1!
#511125 0*
#512250 1*
#512750 0!
#512875 1"
#513000 0*
#514125 1*
#514750 1!
#514875 0*
#516000 1*
#516750 00
#517125 1) 1-
#517375 0! 0& 1' 1(
#518250 0)
#518375 0" 0' 0(
#518500 1$ 1&
#518625 0*
#519750 1*
#519875 1)
#520125 0% 0&
#520250 1" 1(
#521000 0)
#521250 1! 1% 1&
#521500 0*
#522500 1*
#522750 1)
#523000 0" 0& 0(
#523625 10
#523750 0-
#523875 0)
#524000 0! 0#
#524125 1&
#524375 0*
#525375 1*
#526000 1!
#526250 0*
#527250 1*
#527750 0!
#527875 1"
#528125 0*
#529125 1*
#529750 1!
#530000 0*
#531000 1*
#532125 1) 1-
#532375 0! 0$ 0& 1' 1(
#532500 1#
#533250 0)
#533375 0" 0# 0% 0(
#533750 0*
#534750 1*
#534875 1)
#535125 0'
#535250 1$ 1(
#536000 0)
#536250 1! 1#
#536500 0+
#537500 1+
#537750 1)
#538000 1% 0(
#538750 0-
#538875 0)
#539000 0!
#539125 1&
#539375 0*
#540375 1*
#541000 1!
#541250 0*
#542250 1*
#542750 0!
#542875 1"
#543125 0*
#544125 1*
#544750 1!
#545000 0*
#546000 1*
#547125 1) 1-
#547375 0! 0$ 0& 1' 1(
#548250 0)
#548375 0" 0% 0(
#548750 0*
#549750 1*
#549875 1)
#550250 1! 1" 1$ 1% 1& 1(
#551000 0)
#552750 1)
#553000 0" 0& 0' 0(
#553750 0-
#553875 0)
#554000 0! 0# 0$ 0%
#554125 1'
#554375 0*
#555375 1*
#556000 1!
#556250 0*
#557250 1*
#557750 0!
#557875 1"
#558125 0*
#559125 1*
#559750 1!
#560000 0*
#561000 1*
#562125 1) 1-
#562375 0! 1(
#562500 1# 1%
#563250 0)
#563375 0" 0# 0% 0(
#563500 1$
#563750 0*
#564750 1*
#564875 1)
#565250 1(
#566000 0)
#566250 1! 1# 0'
#566500 0+
#567500 1+
#567750 1)
#568000 1% 0(
#568750 0-
#568875 0)
#569000 0! 0$ 0%
#569125 1'
#569375 0*
#570375 1*
#571000 1!
#571250 0*
#572250 1*
#572750 0!
#572875 1"
#573125 0*
#574125 1*
#574750 1!
#575000 0*
#576000 1*
#577125 1) 1-
#577375 0! 1% 1(
#578250 0)
#578375 0" 0% 0(
#578500 1$
#578625 0*
#579750 1*
#579875 1)
#580125 0'
#580250 1! 1" 1(
#581000 0)
#581250 1% 1&
#581500 0+
#582500 1+
#582750 1)
#583000 0" 0& 0(
#583750 0-
#583875 0)
#584000 0! 0# 0%
#584125 1'
#584250 0*
#585375 1*
#586000 1!
#586125 0*
#587250 1*
#587750 0!
#587875 1"
#588000 0*
#589125 1*
#589750 1!
#589875 0*
#591000 1*
#592125 1) 1-
#592375 0! 1# 0$ 1% 1(
#593250 0)
#593375 0" 0# 0(
#593625 0*
#594750 1*
#594875 1)
#595125 0%
#595250 1$ 1( 0,
#596000 0)
#596250 1! 1# 0'
#596500 0+
#597500 1+
#597750 1)
#598000 1% 0(
#598125 1,
#598750 0) 0-
#599000 0! 0%
#599125 1'
#599250 0*
#600250 1*
#600500 00
#600875 1!
#601125 0*
#602125 1*
#602750 0!
#602875 1"
#603000 0*
#604000 1*
#604625 1!
#604875 0*
#605875 1*
#607125 1) 1-
#607250 0!
#607375 0$ 1% 1(
#607500 10
#608125 0)
#608375 0" 0(
#608625 0*
#609625 1*
#609875 1)
#610250 1! 1" 1$ 1& 1(
#611000 0)
#612750 1)
#613000 0" 0& 0' 0(
#613750 0) 0-
#614000 0! 0# 0$ 1'
#614250 0*
#615250 1*
#615875 1!
#616125 0*
#617125 1*
#617750 0!
#617875 1"
#618000 0*
#619000 1*
#619625 1!
#619875 0*
#620875 1*
#622125 1) 1-
#622250 0!
#622375 1# 1(
#623125 0)
#623375 0" 0# 1$ 0(
#623625 0*
#624625 1*
#624875 1)
#625125 0% 0' 1(
#626000 0)
#626250 1" 1#
#626500 0+
#627500 1+
#627625 1)
#627875 0" 0(
#628000 1! 1%
#628750 0) 0-
#629000 0! 0$ 1'
#629250 0*
#630250 1*
#630875 1!
#631125 0*
#632125 1*
#632750 0! 1"
#633000 0*
#634000 1*
#634625 1!
#634875 0*
#635875 1*
#637000 1)
#637125 1-
#637250 0!
#637375 1(
#638125 0)
#638375 0" 1$ 0(
#638625 0*
#639625 1*
#639875 1)
#640125 0# 0$ 0' 1(
#641000 0)
#641250 1! 1" 1# 1$ 1&
#641500 0*
#642500 1*
#642625 1)
#642875 0" 0& 0(
#643750 0) 0-
#644000 0! 0# 1'
#644250 0*
#645250 1*
#645875 1!
#646125 0*
#647125 1*
#647625 0!
#647750 1"
#648000 0*
#649000 1*
#649625 1!
#649875 0*
#650875 1*
#652000 1)
#652125 1-
#652250 0! 0$
#652375 1# 1(
#653125 0)
#653375 0" 0# 0% 1& 0(
#653625 0*
#654625 1*
#654875 1)
#655125 1$ 0& 1(
#656000 0)
#656125 0'
#656250 1" 1#
#656500 0+
#657500 1+
#657625 1)
#657875 0" 0(
#658000 1! 1%
#658750 0) 0-
#658875 0!
#659000 1'
#659250 0*
#660250 1*
#660875 1!
#661125 0*
#662125 1*
#662625 0!
#662750 1"
#663000 0*
#664000 1*
#664625 1!
#664875 0*
#665875 1*
#667000 1)
#667125 1-
#667250 0! 0$
#667375 1(
#668125 0)
#668250 0(
#668375 0" 0% 1&
#668625 0*
#669625 1*
#669875 1)
#670000 0&
#670125 0# 1$ 1(
#670250 0,
#670875 0)
#671125 0'
#671250 1" 1#
#671375 0+
#672500 1+
#672625 1)
#672875 0" 0(
#673000 1! 1% 1,
#673750 0) 0-
#673875 0! 0# 0$ 0%
#674000 1& 1'
#674250 0*
#675250 1*
#675875 1!
#676125 0*
#677125 1*
#677625 0!
#677750 1"
#678000 0*
#679000 1*
#679625 1!
#679875 0*
#680875 1*
#682000 1) 1-
#682250 0! 0& 1(
#682375 1# 1%
#683125 0)
#683250 0" 0# 0% 0(
#683375 1$ 1&
#683625 0*
#684375 00
#684625 1*
#684750 1)
#685125 1! 1" 1# 1% 1(
#685875 0)
#687625 1)
#687875 0" 0& 0' 0(
#688625 0-
#688750 0)
#688875 0! 0$ 0%
#689000 1& 1'
#689250 0*
#690250 1*
#690875 1!
#691125 0*
#691375 10
#692125 1*
#692625 0!
#692750 1"
#693000 0*
#694000 1*
#694625 1!
#694875 0*
#695875 1*
#697000 1) 1-
#697250 0! 0& 1(
#697375 1%
#698125 0)
#698250 0" 0% 0(
#698375 1$ 1&
#698625 0*
#699625 1*
#699750 1)
#700000 0# 0$ 0& 0'
#700125 1! 1% 1(
#700875 0)
#701125 1" 1# 1$ 1&
#701375 0+
#702375 1+
#702625 1)
#702875 0" 0& 0(
#703625 0-
#703750 0)
#703875 0! 0# 0%
#704000 1& 1'
#704250 0*
#705250 1*
#705875 1!
#706125 0*
#707125 1*
#707625 0!
#707750 1"
#708000 0*
#709000 1*
#709625 1!
#709875 0*
#710875 1*
#712000 1) 1-
#712250 0! 0$ 0& 1(
#712375 1# 1%
#713125 0)
#713250 0" 0# 0(
#713375 1&
#713625 0*
#714625 1*
#714750 1)
#715000 0% 0& 0'
#715125 1$ 1(
#715875 0)
#716125 1" 1#
#716375 0+
#717375 1+
#717625 1)
#717875 1! 0" 1% 0(
#718625 0-
#718750 0)
#718875 0! 0%
#719000 1& 1'
#719250 0*
#720250 1*
#720875 1!
#721125 0*
#722125 1*
#722625 0!
#722750 1"
#723000 0*
#724000 1*
#724625 1!
#724875 0*
#725875 1*
#727000 1) 1-
#727250 0! 0$ 1% 0& 1(
#728125 0)
#728250 0" 0(
#728375 1&
#728500 0*
#729625 1*
#729750 1)
#730125 1! 1" 1$ 1(
#730875 0)
#732625 1)
#732875 0" 0& 0' 0(
#733625 0-
#733750 0)
#733875 0! 0# 0$
#734000 1& 1'
#734125 0*
#735250 1*
#735875 1!
#736000 0*
#737125 1*
#737625 0!
#737750 1"
#737875 0*
#739000 1*
#739625 1!
#739875 0*
#740875 1*
#742000 1) 1-
#742250 0! 1# 0& 1(
#743125 0)
#743250 0" 0# 0(
#743375 1$ 1&
#743500 0*
#744625 1*
#744750 1)
#745000 0% 0&
#745125 1(
#745875 0)
#746125 1" 1# 0'
#746375 0+
#747375 1+
#747625 1)
#747875 1! 0" 1% 0(
#748625 0-
#748750 0)
#748875 0! 0$
#749000 1& 1'
#749250 0*
#750250 1*
#750875 1!
#751125 0*
#752125 1*
#752625 0!
#752750 1"
#753000 0*
#754000 1*
#754625 1!
#754875 0*
#755875 1*
#757000 1) 1-
#757250 0! 0& 1(
#758125 0)
#758250 0" 0(
#758375 1$ 1&
#758625 0*
#759625 1*
#759750 1)
#760000 0# 0$ 0& 0'
#760125 1" 1(
#760875 0)
#761125 1! 1# 1$ 1&
#761375 0*
#762375 1*
#762625 1)
#762875 0" 0& 0(
#763625 0-
#763750 0)
#763875 0! 0#
#764000 1& 1'
#764250 0*
#765250 1*
#765875 1!
#766125 0*
#767125 1*
#767625 0!
#767750 1"
#768000 0*
#768250 00
#769000 1*
#769625 1!
#769875 0*
#770875 1*
#772000 1) 1-
#772250 1(
#772375 1#
#773125 0)
#773625 0+
#774625 1+
#774750 1)
#775000 0! 0" 0# 0&
#775125 0% 0,
#775250 10
#775875 0)
#776125 1" 1# 0'
#776375 0+
#777375 1+
#777625 1)
#777875 1! 0" 0(
#778000 1% 1,
#778625 0-
#778750 0)
#778875 0!
#779000 1& 1'
#779250 0*
#780250 1*
#780875 1!
#781125 0*
#782125 1*
#782625 0!
#782750 1"
#783000 0*
#784000 1*
#784625 1!
#784875 0*
#785875 1*
#787000 1) 1-
#787250 0! 0$ 0& 1(
#788125 0)
#788250 0" 0# 0(
#788625 0*
#789625 1*
#790250 1!
#790500 0*
#791500 1*
#792000 0!
#792125 1"
#792375 0*
#793125 1)
#793375 1*
#793500 1# 1(
#794250 0)
#794375 0" 0(
#794625 0*
#795750 1*
#796375 1!
#796625 0*
#797625 1*
#798125 0!
#798250 1"
#798500 0*
#799250 1)
#799500 1! 1$ 1& 1( 1*
#800250 0)
#802000 1)
#802250 0! 0# 0&
#803125 0)
#803375 0% 0'
#803625 0*
#804625 1*
#805250 1%
#805500 0*
#806500 1*
#806750 1)
#807000 1! 0" 1# 0$ 1'
#807750 0)
#808000 0! 0# 0% 0(
#808125 1" 1$
#808250 0*
#809250 1*
#809500 1)
#809875 1% 1(
#810625 0)
#810750 0%
#810875 1& 0'
#811125 0*
#812125 1*
#812750 1%
#813000 0*
#814000 1*
#814250 1)
#814500 1! 0" 1# 0$ 0& 1'
#815375 0)
#815500 0! 0# 0(
#815625 1" 1$
#815750 0*
#816875 1*
#817000 1)
#817250 0$
#817375 1# 1(
#818125 0)
#818375 0" 0# 1$ 0(
#818625 0*
#819625 1*
#820250 1!
#820500 0*
#821500 1*
#822000 0!
#822125 1"
#822375 0*
#823125 1)
#823375 0$ 1*
#823500 1# 1(
#824250 0)
#824375 0" 0(
#824500 1$
#824750 0*
#825750 1*
#826375 1!
#826625 0*
#827625 1*
#828125 0!
#828250 1"
#828500 0*
#829750 1)
#830000 1*
#830375 0" 0# 0% 0'
#830500 1(
#831250 0)
#831500 1! 1" 1#
#831750 0+
#832750 1+
#833500 1)
#833750 0! 0# 1% 1'
#834500 0)
#835250 0%
#835500 0*
#836500 1*
#837125 1%
#837375 0*
#838375 1*
#838625 1)
#838875 0" 0$
#839000 1! 1#
#839750 0)
#839875 0! 0# 0(
#840000 1" 1$ 0% 1&
#840250 0*
#841250 1*
#841375 1)
#841625 0&
#841750 1% 1(
#842500 0)
#842750 0% 1&
#843000 0*
#844000 1*
#844625 1%
#844875 0*
#845875 1*
#846125 1)
#846375 0" 0$ 0&
#846500 1! 1#
#847250 0)
#847375 0! 0(
#847500 1" 0# 1$ 1&
#847750 0*
#848750 1*
#849000 1)
#849250 1# 0$ 0& 1(
#850000 0)
#850250 0" 0# 0% 0' 0(
#850500 0*
#851500 1*
#852125 00
#852250 1!
#852375 0*
#853375 1*
#854000 0!
#854125 1"
#854250 0*
#855000 1)
#855250 1*
#855375 1# 1% 1' 1(
#856125 0)
#856375 0" 0# 0% 0' 0(
#856625 0*
#857625 1*
#858250 1!
#858500 0*
#859000 10
#859500 1*
#860125 0! 1"
#860375 0*
#861125 1)
#861375 0" 1*
#861500 1$ 1' 1(
#862250 0)
#862500 1! 1" 1# 0'
#862750 0+
#863750 1+
#864000 1)
#864250 0! 0" 0# 1% 1'
#865125 0)
#865250 0% 0' 0(
#865375 1"
#865625 0*
#866625 1*
#867250 1%
#867500 0*
#868500 1*
#868625 1)
#868875 0" 0$
#869000 1# 1' 1(
#869750 0)
#870000 1" 0# 1$ 0% 0' 0(
#870250 0*
#871250 1*
#871500 1)
#871750 0" 1' 1(
#871875 1%
#872625 0)
#872750 0% 0' 0(
#872875 1"
#873125 0*
#874125 1*
#874750 1%
#875000 0*
#876000 1*
#876125 1)
#876375 0" 0$
#876500 1# 1' 1(
#877250 0)
#877500 1" 0# 1$ 0% 0' 0(
#877750 0*
#878750 1*
#879000 1)
#879250 0$ 1' 1(
#879375 1# 1%
#880125 0)
#880250 0" 0# 0% 0' 0(
#880625 0*
#881625 1*
#882250 1!
#882500 0*
#883500 1*
#884000 0!
#884125 1"
#884375 0*
#885125 1)
#885375 1*
#885500 1# 1% 1' 1(
#886250 0)
#886375 0" 0# 0% 0' 0(
#886625 0*
#887750 1*
#888375 1!
#888625 0*
#889625 1*
#890125 0!
#890250 1"
#890500 0*
#891250 1)
#891375 0"
#891500 1$ 1' 1( 1*
#891625 0,
#892250 0)
#892500 0'
#892625 1! 1" 1#
#892750 0+
#893875 1+
#894000 1)
#894250 0! 0" 0#
#894375 1% 1' 1,
#895125 0)
#895250 0% 0'
#895375 1" 0(
#895625 0*
#896625 1*
#897250 1%
#897500 0*
#898500 1*
#898750 1)
#899000 0" 1# 0$ 1' 1(
#899750 0)
#900000 0# 0% 0' 0(
#900125 1" 1$
#900250 0*
#901375 1*
#901500 1)
#901750 0"
#901875 1% 1' 1(
#902625 0)
#902750 0(
#902875 1" 0% 0'
#903125 0*
#904125 1*
#904750 1%
#905000 0*
#906000 1*
#906250 1)
#906500 0" 0$ 1' 1(
#906625 1#
#907375 0)
#907500 0# 0% 0' 0(
#907625 1" 1$
#907750 0*
#908875 1*
#909000 1)
#924250 0"
#924375 1(
#925125 0)
#925375 1! 1"
#925500 1#
#925625 0+
#926625 1+
#926875 1)
#928125 1% 1& 1'
#928875 0)
#930625 1)
#933750 0! 0$ 0&
#934500 0)
#934750 0" 0# 0% 0' 0(
#935000 0*
#936000 1* 00
#936250 1)
#936625 1! 1" 1# 1$ 1% 1& 1' 1(
#937375 0)
#939125 1)
#940125 0)
#940625 0+
#941750 1+
#942500 0+
#942875 10
#943625 1+
#944375 0+
#945500 1+
#946250 0+
#947375 1+
#948500 1)
#948750 0! 0$ 0&
#949500 0)
#949750 0" 0% 0' 0(
#950000 0*
#951000 1*
#951250 1)
#951500 0#
#951625 1$ 1' 1(
#952375 0)
#952500 0'
#952625 1! 1" 1#
#952875 0+
#953875 1+
#954125 1)
#954375 0" 1% 0(
#955125 0) 0-
#955375 0! 0# 0$ 0% 1(
#955625 0*
#956625 1*
#957250 1!
#957500 0*
#958500 1*
#959125 0!
#959250 1"
#959375 0*
#960375 1*
#961000 1!
#961250 0*
#962250 1*
#963500 1) 1-
#963625 0!
#963750 1# 1% 1'
#964500 0)
#964750 0" 0# 0% 0' 0(
#964875 1$
#965000 0*
#966000 1*
#966250 1)
#966625 1' 1( 0,
#967375 0)
#967500 0'
#967625 1! 1" 1#
#967875 0+
#968875 1+
#969125 1)
#969375 0" 1% 0(
#969500 1,
#970125 0) 0-
#970375 0! 0$ 0% 1(
#970625 0*
#971625 1*
#972250 1!
#972500 0*
#973500 1*
#974125 0!
#974250 1"
#974375 0*
#975375 1*
#976000 1!
#976250 0*
#977250 1*
#978500 1) 1-
#978750 0! 1% 1'
#979500 0)
#979750 0" 0% 0' 0(
#979875 1$
#980000 0*
#981000 1*
#981250 1)
#981500 0# 0$
#981625 1! 1" 1% 1(
#982375 0)
#982625 1# 1$ 1&
#982875 0+
#983875 1+
#984125 1)
#984375 0" 0& 0(
#985125 0) 0-
#985375 0! 0# 0% 1(
#985625 0*
#986625 1*
#987250 1!
#987500 0*
#988500 1*
#989125 0!
#989250 1"
#989375 0*
#990375 1*
#991000 1!
#991250 0*
#992250 1*
#993500 1) 1-
#993625 0!
#993750 1# 0$ 1% 1'
#994500 0)
#994750 0" 0# 0' 0(
#995000 0*
#996000 1*
#996250 1)
#996500 0%
#996625 1$ 1(
#997375 0)
#997625 0$ 1%
#997875 0+
#998875 1+
#999125 1)
#999375 1! 1# 1$ 0(
#1000125 0) 0-
#1000375 0! 0% 1(
#1000625 0*
#1001625 1*
#1002250 1!
#1002500 0*
#1003500 1*
#1004125 0!
#1004250 1"
#1004375 0*
#1005375 1*
#1006000 1!
#1006250 0*
#1007250 1*
#1008500 1) 1-
#1008625 0!
#1008750 0$ 1% 1'
#1009500 0)
#1009750 0" 0' 0(
#1010000 0*
#1011000 1*
#1011250 1)
#1011625 1! 1" 1$ 1& 1' 1(
#1012375 0)
#1014000 1)
#1014375 0" 0& 0' 0(
#1015125 0) 0-
#1015375 0! 0# 0$ 1(
#1015625 0*
#1016625 1*
#1017250 1!
#1017500 0*
#1018500 1*
#1019125 0! 1"
#1019375 0*
#1019750 00
#1020375 1*
#1021000 1!
#1021250 0*
#1022250 1*
#1023375 1)
#1023500 1-
#1023625 0!
#1023750 1# 1'
#1024500 0)
#1024750 0" 0# 1$ 0' 0(
#1025000 0*
#1026000 1*
#1026250 1)
#1026500 0% 1' 1(
#1026750 10
#1027375 0)
#1027500 0$ 0'
#1027625 1%
#1027875 0+
#1028875 1+
#1029000 1)
#1029250 0(
#1029375 1! 1# 1$
#1030125 0) 0-
#1030375 0! 0$ 1(
#1030625 0*
#1031625 1*
#1032250 1!
#1032500 0*
#1033500 1*
#1034125 0! 1"
#1034375 0*
#1035375 1*
#1036000 1!
#1036250 0*
#1037250 1*
#1038375 1)
#1038500 1-
#1038625 0!
#1038750 1'
#1039500 0)
#1039750 0" 1$ 0' 0(
#1040000 0*
#1041000 1*
#1041250 1)
#1041500 0$ 1(
#1042375 0)
#1042625 1! 1" 1$ 1&
#1042875 0*
#1043875 1*
#1044000 1)
#1044250 0" 0& 0(
#1045125 0) 0-
#1045250 0!
#1045375 0# 1(
#1045625 0*
#1046625 1*
#1047250 1!
#1047500 0*
#1048500 1*
#1049000 0!
#1049125 1"
#1049375 0*
#1050375 1*
#1051000 1!
#1051250 0*
#1052250 1*
#1053375 1)
#1053500 1-
#1053625 0! 0$
#1053750 1# 1'
#1054500 0)
#1054750 0" 0# 0% 1& 0' 0(
#1055000 0*
#1056000 1*
#1056250 1)
#1056500 1$ 0& 1' 1(
#1056625 0,
#1057250 0)
#1057500 0$ 0'
#1057625 1%
#1057750 0+
#1058875 1+
#1059000 1)
#1059250 0(
#1059375 1! 1# 1$ 1,
#1060125 0) 0-
#1060250 0!
#1060375 1(
#1060625 0*
#1061625 1*
#1062250 1!
#1062500 0*
#1063500 1*
#1064000 0!
#1064125 1"
#1064375 0*
#1065375 1*
#1066000 1!
#1066250 0*
#1067250 1*
#1068375 1) 1-
#1068625 0! 0$
#1068750 1'
#1069500 0)
#1069625 0' 0(
#1069750 0" 0% 1&
#1070000 0*
#1071000 1*
#1071250 1)
#1071500 1! 1" 1$ 1% 1' 1(
#1072250 0)
#1074000 1)
#1074250 0" 0& 0' 0(
#1075000 0-
#1075125 0)
#1075250 0! 0# 0$ 0%
#1075375 1& 1(
#1075625 0*
#1076625 1*
#1077250 1!
#1077500 0*
#1078500 1*
#1079000 0!
#1079125 1"
#1079375 0*
#1080375 1*
#1081000 1!
#1081250 0*
#1082250 1*
#1083375 1) 1-
#1083625 0! 0& 1'
#1083750 1# 1%
#1084500 0)
#1084625 0" 0# 0% 0' 0(
#1084750 1$ 1&
#1085000 0*
#1086000 1*
#1086125 1)
#1086375 0&
#1086500 1(
#1087250 0)
#1087500 0$ 1%
#1087750 0+
#1088750 1+
#1089000 1)
#1089250 1! 0(
#1089375 1# 1$
#1090000 0-
#1090125 0)
#1090250 0! 0$ 0%
#1090375 1& 1(
#1090625 0*
#1091625 1*
#1092250 1!
#1092500 0*
#1093500 1*
#1094000 0!
#1094125 1"
#1094375 0*
#1095375 1*
#1096000 1!
#1096250 0*
#1097250 1*
#1098375 1) 1-
#1098625 0! 1% 0& 1'
#1099500 0)
#1099625 0" 0% 0' 0(
#1099750 1$ 1&
#1100000 0*
#1101000 1*
#1101125 1)
#1101375 0$ 0&
#1101500 1! 1% 1(
#1102250 0)
#1102500 1" 1$ 1&
#1102750 0+
#1103625 00
#1103750 1+
#1104000 1)
#1104250 0" 0& 0(
#1105000 0-
#1105125 0)
#1105250 0! 0# 0%
#1105375 1& 1(
#1105625 0*
#1106625 1*
#1107250 1!
#1107375 0*
#1108500 1*
#1109000 0!
#1109125 1"
#1109250 0*
#1110375 1*
#1110625 10
#1111000 1!
#1111125 0*
#1112250 1*
#1113375 1) 1-
#1113625 0! 1# 0$ 1% 0& 1'
#1114500 0)
#1114625 0" 0# 0' 0(
#1114750 1&
#1114875 0*
#1116000 1*
#1116125 1)
#1116375 0% 0&
#1116500 1$ 1' 1(
#1117250 0)
#1117500 0$ 1% 0'
#1117750 0+
#1118750 1+
#1119000 1)
#1119250 1! 1# 1$ 0(
#1120000 0) 0-
#1120250 0! 0% 1(
#1120375 1&
#1120500 0*
#1121625 1*
#1122125 1!
#1122375 0*
#1123500 1*
#1124000 0!
#1124125 1"
#1124250 0*
#1125375 1*
#1125875 1!
#1126125 0*
#1127125 1*
#1128375 1) 1-
#1128625 0! 0$ 1% 0& 1'
#1129375 0)
#1129625 0" 0' 0(
#1129750 1&
#1129875 0*
#1130875 1*
#1131125 1)
#1131375 0# 0% 0&
#1131500 1$ 1' 1( 0,
#1132250 0)
#1132375 0'
#1132500 0$ 1%
#1132750 0+
#1133750 1+
#1134000 1)
#1134250 1! 1# 1$ 0(
#1134375 1,
#1135000 0) 0-
#1135250 0! 0# 0$ 1(
#1135375 1&
#1135500 0*
#1136500 1*
#1137125 1!
#1137375 0*
#1138375 1*
#1139000 0!
#1139125 1"
#1139250 0*
#1140250 1*
#1140875 1!
#1141125 0*
#1142125 1*
#1143375 1) 1-
#1143500 0!
#1143625 1# 0& 1'
#1144375 0)
#1144625 0" 0# 1& 0' 0(
#1144750 1$
#1144875 0*
#1145875 1*
#1146125 1)
#1146500 1! 1" 1# 1' 1(
#1147250 0)
#1149000 1)
#1149250 0" 0& 0' 0(
#1150000 0) 0-
#1150250 0! 0$ 1& 1(
#1150500 0*
#1151500 1*
#1152125 1!
#1152375 0*
#1153375 1*
#1154000 0!
#1154125 1"
#1154250 0*
#1155250 1*
#1155875 1!
#1156125 0*
#1157125 1*
#1158375 1) 1-
#1158500 0!
#1158625 0& 1'
#1159375 0)
#1159625 0" 1& 0' 0(
#1159750 1$
#1159875 0*
#1160875 1*
#1161125 1)
#1161375 0$ 0&
#1161500 1" 1(
#1162250 0)
#1162500 1! 1$ 1&
#1162750 0*
#1163750 1*
#1164000 1)
#1164250 0" 0& 0(
#1165000 0) 0-
#1165250 0! 0# 1& 1(
#1165500 0*
#1166500 1*
#1167125 1!
#1167375 0*
#1168375 1*
#1169000 0!
#1169125 1"
#1169250 0*
#1170250 1*
#1170875 1!
#1171125 0*
#1172125 1*
#1173375 1) 1-
#1173625 0! 1# 0$ 0& 1'
#1174375 0)
#1174625 0" 0# 0% 0(
#1174875 0*
#1175875 1*
#1176125 1)
#1176375 0'
#1176500 1$ 1(
#1177250 0)
#1177375 0$
#1177500 1! 1%
#1177750 0+
#1178750 1+
#1179000 1)
#1179250 1# 1$ 0(
#1180000 0) 0-
#1180250 0! 1(
#1180375 1&
#1180500 0*
#1181500 1*
#1182125 1!
#1182375 0*
#1183375 1*
#1184000 0!
#1184125 1"
#1184250 0*
#1185250 1*
#1185875 1!
#1186125 0*
#1187125 1*
#1187500 00
#1188375 1) 1-
#1188625 0! 0$ 0& 1'
#1189375 0)
#1189625 0" 0% 0(
#1189875 0*
#1190875 1*
#1191125 1)
#1191500 1! 1" 1$ 1% 1& 1(
#1192250 0)
#1194000 1)
#1194250 0" 0& 0' 0(
#1194500 10
#1195000 0) 0-
#1195250 0! 0# 0$ 0% 1' 1(
#1195500 0*
#1196500 1*
#1197125 1!
#1197375 0*
#1198375 1*
#1199000 0!
#1199125 1"
#1199250 0*
#1200250 1*
#1200875 1!
#1201125 0*
#1202250 1*
#1203375 1) 1-
#1203625 0! 1# 1%
#1204375 0)
#1204625 0" 0# 0% 0(
#1204750 1$
#1204875 0*
#1206000 1*
#1206125 1)
#1206500 1(
#1207250 0)
#1207500 1! 0$ 1% 0'
#1207750 0+
#1208750 1+
#1209000 1)
#1209250 1# 1$ 0(
#1210000 0) 0-
#1210250 0! 0$ 0% 1(
#1210375 1'
#1210500 0*
#1211625 1*
#1212250 1!
#1212375 0*
#1213500 1*
#1214000 0!
#1214125 1"
#1214250 0*
#1215375 1*
#1216000 1!
#1216125 0*
#1217250 1*
#1218375 1) 1-
#1218625 0! 1%
#1219500 0)
#1219625 0" 0% 0(
#1219750 1$
#1219875 0*
#1221000 1*
#1221125 1)
#1221375 0$ 0'
#1221500 1! 1" 1% 1(
#1222250 0)
#1222500 1$ 1&
#1222750 0+
#1223750 1+
#1224000 1)
#1224250 0" 0& 0(
#1225000 0-
#1225125 0)
#1225250 0! 0# 0%
#1225375 1' 1(
#1225625 0*
#1226625 1*
#1227250 1!
#1227500 0*
#1228500 1*
#1229000 0!
#1229125 1"
#1229375 0*
#1230375 1*
#1231000 1!
#1231250 0*
#1232250 1*
#1233375 1) 1-
#1233625 0! 0$
#1233750 1# 1%
#1234500 0)
#1234625 0" 0# 0(
#1235000 0*
#1236000 1*
#1236125 1)
#1236375 0%
#1236500 1$ 1(
#1236625 0,
#1237250 0)
#1237500 1! 0$ 1% 0'
#1237750 0+
#1238750 1+
#1239000 1)
#1239250 0(
#1239375 1# 1$ 1,
#1240125 0) 0-
#1240250 0! 0%
#1240375 1' 1(
#1240625 0*
#1241625 1*
#1242250 1!
#1242500 0*
#1243500 1*
#1244000 0!
#1244125 1"
#1244375 0*
#1245375 1*
#1246000 1!
#1246250 0*
#1247250 1*
#1248375 1) 1-
#1248625 0! 0$
#1248750 1%
#1249500 0)
#1249625 0" 0(
#1250000 0*
#1251000 1*
#1251250 1)
#1251500 1! 1" 1$ 1& 1(
#1252250 0)
#1254000 1)
#1254250 0" 0& 0' 0(
#1255125 0) 0-
#1255250 0!
#1255375 0# 0$ 1' 1(
#1255625 0*
#1256625 1*
#1257250 1!
#1257500 0*
#1258500 1*
#1259000 0!
#1259125 1"
#1259375 0*
#1260375 1*
#1261000 1!
#1261250 0*
#1262250 1*
#1263375 1)
#1263500 1-
#1263625 0!
#1263750 1#
#1264500 0)
#1264750 0" 0# 1$ 0(
#1265000 0*
#1266000 1*
#1266250 1)
#1266500 0% 0' 1(
#1267375 0)
#1267500 0$
#1267625 1! 1%
#1267875 0+
#1268875 1+
#1269000 1)
#1269250 0(
#1269375 1# 1$
#1270125 0) 0-
#1270375 0! 0$ 1' 1(
#1270625 0*
#1271375 00
#1271625 1*
#1272250 1!
#1272500 0*
#1273500 1*
#1274125 0! 1"
#1274375 0*
#1275375 1*
#1276000 1!
#1276250 0*
#1277250 1*
#1278250 10
#1278375 1)
#1278500 1-
#1278625 0!
#1279500 0)
#1279750 0" 1$ 0(
#1280000 0*
#1281000 1*
#1281250 1)
#1281500 0# 0' 1(
#1282375 0)
#1282625 1! 1" 1# 1&
#1282875 0*
#1283875 1*
#1284000 1)
#1284250 0&
#1284375 0" 0(
#1285125 0) 0-
#1285375 0! 0# 1' 1(
#1285625 0*
#1286625 1*
#1287250 1!
#1287500 0*
#1288500 1*
#1289125 0!
#1289250 1"
#1289375 0*
#1290375 1*
#1291000 1!
#1291250 0*
#1292250 1*
#1293500 1) 1-
#1293750 0! 1# 0$
#1294500 0)
#1294750 0" 0# 0% 0(
#1294875 1&
#1295000 0*
#1296000 1*
#1296250 1)
#1296500 0&
#1296625 1$ 1(
#1297375 0)
#1297625 1! 0$ 1% 0'
#1297875 0+
#1298875 1+
#1299125 1)
#1299375 1# 1$ 0(
#1300125 0) 0-
#1300375 0! 1(
#1300500 1'
#1300625 0*
#1301750 1*
#1302375 1!
#1302500 0*
#1303625 1*
#1304125 0!
#1304250 1"
#1304375 0*
#1305500 1*
#1306125 1!
#1306250 0*
#1307375 1*
#1308500 1) 1-
#1308750 0! 0$
#1309625 0)
#1309750 0" 0% 0(
#1309875 1&
#1310000 0*
#1311125 1*
#1311250 1)
#1311500 0# 0&
#1311625 1$ 1( 0,
#1312375 0)
#1312625 1! 0$ 1% 0'
#1312875 0+
#1313875 1+
#1314125 1)
#1314375 1# 1$ 0(
#1314500 1,
#1315125 0-
#1315250 0)
#1315375 0! 0# 0$ 0%
#1315500 1& 1' 1(
#1315750 0*
#1316750 1*
#1317375 1!
#1317625 0*
#1318625 1*
#1319125 0!
#1319250 1"
#1319500 0*
#1320500 1*
#1321125 1!
#1321375 0*
#1322375 1*
#1323500 1) 1-
#1323750 0! 0&
#1323875 1# 1%
#1324625 0)
#1324750 0" 0# 0% 0(
#1324875 1$ 1&
#1325125 0*
#1326125 1*
#1326250 1)
#1326625 1! 1" 1# 1% 1(
#1327375 0)
#1329125 1)
#1329375 0" 0& 0' 0(
#1330125 0-
#1330250 0)
#1330375 0! 0$ 0%
#1330500 1& 1' 1(
#1330750 0*
#1331750 1*
#1332375 1!
#1332625 0*
#1333625 1*
#1334125 0!
#1334250 1"
#1334500 0*
#1335500 1*
#1336125 1!
#1336375 0*
#1337375 1*
#1338500 1) 1-
#1338750 0! 0&
#1338875 1%
#1339625 0)
#1339750 0%
#1339875 0" 1$ 1& 0(
#1340125 0*
#1341125 1*
#1341375 1)
#1341500 0&
#1341625 1! 0# 1% 0' 1(
#1342375 0)
#1342750 1" 1# 1&
#1343000 0+
#1344000 1+
#1344125 1)
#1344375 0" 0& 0(
#1345250 0) 0-
#1345375 0!
#1345500 0# 0% 1& 1' 1(
#1345750 0*
#1346750 1*
#1347375 1!
#1347625 0*
#1348625 1*
#1349125 0!
#1349250 1"
#1349500 0*
#1350500 1*
#1351125 1!
#1351375 0*
#1352375 1*
#1353500 1)
#1353625 1-
#1353750 0! 0$ 0&
#1353875 1# 1%
#1354625 0)
#1354875 0" 0# 1& 0(
#1355125 0* 00
#1356125 1*
#1356375 1)
#1356625 0% 0& 0' 1(
#1356750 1$
#1357500 0)
#1357625 0$
#1357750 1" 1%
#1358000 0+
#1359000 1+
#1359125 1)
#1359375 0" 0(
#1359500 1! 1# 1$
#1360250 0) 0-
#1360375 0!
#1360500 0% 1& 1' 1(
#1360750 0*
#1361750 1*
#1362125 10
#1362375 1!
#1362625 0*
#1363625 1*
#1364250 0! 1"
#1364500 0*
#1365500 1*
#1366125 1!
#1366375 0*
#1367375 1*
#1368500 1)
#1368625 1-
#1368750 0! 0$ 0&
#1368875 1%
#1369625 0)
#1369875 0" 1& 0(
#1370125 0*
#1371125 1*
#1371375 1)
#1371625 1! 1(
#1371750 1" 1$
#1372500 0)
#1374125 1)
#1374375 0(
#1374500 0" 0& 0'
#1375250 0) 0-
#1375500 0! 0# 0$ 1& 1' 1(
#1375750 0*
#1376750 1*
#1377375 1!
#1377625 0*
#1378625 1*
#1379250 0! 1"
#1379500 0*
#1380500 1*
#1381125 1!
#1381375 0*
#1382375 1*
#1383500 1)
#1383625 1-
#1383750 0! 0&
#1383875 1#
#1384625 0)
#1384875 0" 0# 1$ 1& 0(
#1385125 0*
#1386125 1*
#1386375 1)
#1386625 0% 0& 1(
#1387500 0)
#1387625 0$ 0'
#1387750 1" 1%
#1388000 0+
#1389000 1+
#1389125 1)
#1389375 0" 0(
#1389500 1! 1# 1$
#1390250 0) 0-
#1390500 0! 0$ 1& 1' 1(
#1390750 0*
#1391750 1*
#1392375 1!
#1392625 0*
#1393625 1*
#1394250 0! 1"
#1394500 0*
#1395500 1*
#1396125 1!
#1396375 0*
#1397375 1*
#1398500 1)
#1398625 1-
#1398750 0!
#1398875 0&
#1399625 0)
#1399875 0" 1$ 1& 0(
#1400125 0*
#1401125 1*
#1401375 1)
#1401625 0# 0& 0' 1(
#1401750 1"
#1402500 0)
#1402750 1! 1# 1&
#1403000 0*
#1404000 1*
#1404125 1)
#1404375 0&
#1404500 0" 0(
#1405250 0) 0-
#1405500 0! 0# 1& 1' 1(
#1405750 0*
#1406750 1*
#1407375 1!
#1407625 0*
#1408625 1*
#1409250 0! 1"
#1409500 0*
#1410500 1*
#1411125 1!
#1411375 0*
#1412375 1*
#1413500 1)
#1413625 1-
#1413875 1#
#1414625 0)
#1415125 0+
#1416125 1+
#1416375 1)
#1416625 0! 0" 0# 0% 0&
#1416750 0,
#1417500 0)
#1417625 0$ 0'
#1417750 1" 1%
#1418000 0+
#1419000 1+
#1419125 1)
#1419375 0" 0(
#1419500 1! 1# 1$
#1419625 1,
#1420250 0) 0-
#1420500 0! 1& 1' 1(
#1420750 0*
#1421750 1*
#1422375 1!
#1422625 0*
#1423625 1*
#1424250 0! 1"
#1424500 0*
#1425500 1*
#1426125 1!
#1426375 0*
#1427375 1*
#1428500 1)
#1428625 1-
#1428750 0! 0&
#1428875 0$
#1429625 0)
#1429875 0" 0# 0(
#1430125 0*
#1431125 1*
#1431750 1!
#1432000 0*
#1433000 1*
#1433625 0! 1"
#1433875 0*
#1434625 1)
#1434875 1*
#1435000 1# 1(
#1435750 0)
#1435875 0(
#1436000 0"
#1436250 0*
#1437250 1*
#1437875 1!
#1438125 0*
#1439000 00
#1439125 1*
#1439625 0!
#1439750 1"
#1440000 0*
#1440750 1)
#1441000 1! 1( 1*
#1441125 1$ 1&
#1441875 0)
#1443500 1)
#1443750 0! 0# 0&
#1444625 0)
#1444875 1! 0% 0'
#1445125 0*
#1446000 10
#1446125 1*
#1446750 1%
#1447000 0*
#1448000 1*
#1448250 1)
#1448500 0" 0$ 1'
#1448625 1#
#1449375 0)
#1449500 0# 0% 0(
#1449625 1" 1$
#1449750 0*
#1450875 1*
#1451000 1)
#1451250 0!
#1451375 1% 1(
#1452125 0)
#1452375 1! 0% 1& 0'
#1452625 0*
#1453625 1*
#1454250 1%
#1454500 0*
#1455500 1*
#1455750 1)
#1456000 0" 1# 0$ 0& 1'
#1456875 0)
#1457000 0# 0(
#1457125 1" 1$
#1457250 0*
#1458375 1*
#1458500 1)
#1458750 0! 0$
#1458875 1# 1(
#1459625 0)
#1459875 0" 0# 1$ 0(
#1460125 0*
#1461125 1*
#1461750 1!
#1462000 0*
#1463000 1*
#1463500 0!
#1463625 1"
#1463875 0*
#1464625 1)
#1464875 0$ 1*
#1465000 1# 1(
#1465750 0)
#1465875 0" 0(
#1466000 1$
#1466250 0*
#1467250 1*
#1467875 1!
#1468125 0*
#1469125 1*
#1469625 0!
#1469750 1"
#1470000 0*
#1471125 1)
#1471375 1*
#1471875 0" 0# 0% 0'
#1472000 1(
#1472750 0)
#1473000 1" 0$ 1%
#1473250 0+
#1474250 1+
#1474875 1)
#1475250 1$ 1'
#1476000 0)
#1476750 1! 0%
#1477000 0*
#1478000 1*
#1478625 1%
#1478875 0*
#1479875 1*
#1480125 1)
#1480375 0" 1# 0$
#1481125 0)
#1481375 1" 0# 0% 1& 0(
#1481500 1$
#1481625 0*
#1482625 1*
#1482875 1)
#1483125 0! 0& 1(
#1483250 1%
#1484000 0)
#1484125 0%
#1484250 1! 1&
#1484500 0*
#1485500 1*
#1486125 1%
#1486375 0*
#1487375 1*
#1487500 1)
#1487875 0" 1# 0$ 0&
#1488625 0)
#1488875 1" 0# 1$ 1& 0(
#1489125 0*
#1490125 1*
#1490375 1)
#1490625 0! 0$ 0& 1(
#1490750 1#
#1491500 0)
#1491625 0" 0# 0% 0' 0(
#1492000 0*
#1493000 1*
#1493625 1!
#1493875 0*
#1494875 1*
#1495375 0!
#1495500 1"
#1495750 0*
#1496500 1)
#1496750 1( 1*
#1496875 1# 1% 1'
#1497625 0)
#1497750 0" 0# 0% 0' 0(
#1498000 0*
#1499000 1*
#1499750 1!
#1499875 0*
#1500875 1*
#1501500 0!
#1501625 1"
#1501750 0*
#1502500 1)
#1502750 0" 1*
#1502875 1$ 1' 1(
#1503625 0)
#1503875 1" 0$ 1% 0'
#1504125 0+
#1505125 1+
#1505375 1)
#1505625 0" 1$ 1'
#1506500 0)
#1506625 0% 0' 0(
#1506750 1! 1"
#1507000 0*
#1508000 1*
#1508625 1%
#1508875 0*
#1509875 1*
#1510000 1)
#1510250 0! 0" 0$
#1510375 1# 1' 1(
#1511125 0)
#1511375 1! 1" 0# 1$ 0% 0' 0(
#1511625 0*
#1512625 1*
#1512875 1)
#1513125 0! 0" 1% 1' 1(
#1514000 0)
#1514125 0% 0' 0(
#1514250 1! 1"
#1514375 0*
#1515500 1*
#1516125 1%
#1516250 0*
#1517375 1*
#1517500 1)
#1517750 0! 0" 0$
#1517875 1# 1' 1(
#1518625 0)
#1518875 1! 1" 0# 1$ 0% 0' 0(
#1519125 0*
#1520125 1*
#1520375 1)
#1520625 0! 1# 0$ 1% 1' 1(
#1521500 0)
#1521625 0" 0# 0% 0' 0(
#1521875 0*
#1522875 00
#1523000 1*
#1523625 1!
#1523750 0*
#1524875 1*
#1525375 0!
#1525500 1"
#1525625 0*
#1526375 1)
#1526625 1*
#1526750 1# 1% 1' 1(
#1527500 0)
#1527750 0" 0# 0% 0' 0(
#1528000 0*
#1529000 1*
#1529625 1!
#1529875 0* 10
#1530875 1*
#1531500 0! 1"
#1531750 0*
#1532500 1)
#1532750 0" 1*
#1532875 1$ 1' 1( 0,
#1533625 0)
#1533750 0'
#1533875 1" 0$ 1%
#1534125 0+
#1535125 1+
#1535375 1)
#1535500 0"
#1535625 1$ 1'
#1535750 1,
#1536375 0)
#1536625 1! 1" 0% 0' 0(
#1536875 0*
#1537875 1*
#1538625 1%
#1538750 0*
#1539750 1*
#1540000 1)
#1540250 0! 0" 0$
#1540375 1# 1' 1(
#1541125 0)
#1541250 0' 0(
#1541375 1! 1" 0# 1$ 0%
#1541625 0*
#1542625 1*
#1542875 1)
#1543000 0! 0"
#1543125 1% 1' 1(
#1543875 0)
#1544125 1! 1" 0% 0' 0(
#1544375 0*
#1545375 1*
#1546000 1%
#1546250 0*
#1547250 1*
#1547500 1)
#1547750 0! 0" 0$
#1547875 1# 1' 1(
#1548625 0)
#1548750 0' 0(
#1548875 1! 1" 0# 1$ 0%
#1549125 0*
#1550125 1*
#1550375 1)
#1565500 0! 0"
#1565625 1(
#1566375 0)
#1566625 1! 1" 0$
#1566750 1%
#1566875 0+
#1567875 1+
#1568125 1)
#1569375 1# 1$ 1& 1'
#1570125 0)
#1571875 1)
#1574875 0!
#1575000 0$ 0&
#1575750 0)
#1576000 0" 0# 0% 0' 0(
#1576250 0*
#1577250 1*
#1577500 1)
#1577875 1! 1" 1# 1$ 1% 1& 1' 1(
#1578625 0)
#1580250 1)
#1581375 0)
#1581875 0+
#1582875 1+
#1583750 0+
#1584750 1+
#1585625 0+
#1586625 1+
#1587500 0+
#1588500 1+
#1589625 1)
#1589875 0! 0&
#1590000 0$
#1590750 0)
#1591000 0" 0% 0' 0(
#1591250 0*
#1592250 1*
#1592500 1)
#1592750 0# 1' 1(
#1592875 1$
#1593625 0)
#1593750 0$ 0'
#1593875 1! 1" 1%
#1594125 0+
#1595125 1+
#1595250 1)
#1595500 0! 0(
#1595625 1# 1$
#1596375 0) 0-
#1596625 0" 0# 0$ 0%
#1596875 0*
#1597875 1*
#1598500 1!
#1598750 0*
#1599750 1*
#1600375 0! 1"
#1600625 0*
#1601625 1*
#1602250 1!
#1602500 0*
#1603500 1*
#1604625 1)
#1604750 1-
#1604875 0!
#1605000 1# 1% 1' 1(
#1605750 0)
#1606000 0" 0# 1$ 0% 0' 0(
#1606250 0*
#1606750 00
#1607250 1*
#1607500 1)
#1607750 1' 1(
#1607875 0,
#1608625 0)
#1608750 0$ 0'
#1608875 1! 1" 1%
#1609125 0+
#1610125 1+
#1610250 1)
#1610500 0! 0(
#1610625 1# 1$
#1610750 1,
#1611375 0) 0-
#1611625 0" 0$ 0%
#1611875 0*
#1612875 1*
#1613500 1!
#1613750 0* 10
#1614750 1*
#1615375 0! 1"
#1615625 0*
#1616625 1*
#1617250 1!
#1617500 0*
#1618500 1*
#1619625 1)
#1619750 1-
#1619875 0!
#1620000 1% 1' 1(
#1620750 0)
#1621000 0" 1$ 0% 0' 0(
#1621250 0*
#1622250 1*
#1622500 1)
#1622750 1! 0# 1(
#1622875 1" 1%
#1623625 0)
#1623875 1# 1&
#1624125 0+
#1625125 1+
#1625250 1)
#1625500 0! 0& 0(
#1626375 0) 0-
#1626625 0" 0# 0%
#1626875 0*
#1627875 1*
#1628500 1!
#1628750 0*
#1629750 1*
#1630375 0! 1"
#1630625 0*
#1631625 1*
#1632250 1!
#1632500 0*
#1633500 1*
#1634750 1) 1-
#1634875 0!
#1635000 1# 0$ 1% 1' 1(
#1635750 0)
#1636000 0" 0# 0' 0(
#1636250 0*
#1637250 1*
#1637500 1)
#1637750 0% 1(
#1637875 1$
#1638625 0)
#1638750 0$
#1638875 1! 1" 1%
#1639125 0+
#1640125 1+
#1640250 1)
#1640500 0! 0(
#1640625 1# 1$
#1641375 0) 0-
#1641625 0" 0%
#1641875 0*
#1642875 1*
#1643500 1!
#1643750 0*
#1644750 1*
#1645375 0! 1"
#1645625 0*
#1646625 1*
#1647250 1!
#1647500 0*
#1648500 1*
#1649750 1) 1-
#1649875 0!
#1650000 0$ 1% 1' 1(
#1650750 0)
#1651000 0" 0' 0(
#1651250 0*
#1652250 1*
#1652500 1)
#1652875 1! 1" 1$ 1& 1' 1(
#1653625 0)
#1655375 1)
#1655625 0! 0& 0' 0(
#1656375 0) 0-
#1656625 0" 0# 0$
#1656875 0*
#1657875 1*
#1658625 1!
#1658750 0*
#1659750 1*
#1660375 0!
#1660500 1"
#1660625 0*
#1661625 1*
#1662250 1!
#1662500 0*
#1663625 1*
#1664750 1) 1-
#1665000 0! 1# 1' 1(
#1665875 0)
#1666000 0" 0# 0' 0(
#1666125 1$
#1666250 0*
#1667375 1*
#1667500 1)
#1667750 0%
#1667875 1' 1(
#1668625 0)
#1668875 1! 1" 0$ 1% 0'
#1669125 0+
#1670125 1+
#1670375 1)
#1670625 0! 1# 1$ 0(
#1671375 0-
#1671500 0)
#1671625 0" 0$
#1671875 0*
#1673000 1*
#1673625 1!
#1673750 0*
#1674875 1*
#1675375 0!
#1675500 1"
#1675625 0*
#1676750 1*
#1677375 1!
#1677625 0*
#1678625 1*
#1679750 1) 1-
#1680000 0! 1' 1(
#1680875 0)
#1681000 0" 0' 0(
#1681125 1$
#1681375 0*
#1682375 1*
#1682500 1)
#1682875 1(
#1683625 0)
#1683875 1! 1" 1&
#1684125 0*
#1685125 1*
#1685375 1)
#1685625 0! 0& 0(
#1686375 0-
#1686500 0)
#1686625 0" 0#
#1687000 0*
#1688000 1*
#1688625 1!
#1688875 0*
#1689875 1*
#1690375 0!
#1690500 1"
#1690625 00
#1690750 0*
#1691750 1*
#1692375 1!
#1692625 0*
#1693625 1*
#1694750 1) 1-
#1695000 0! 0$ 1' 1(
#1695125 1#
#1695875 0)
#1696000 0" 0# 0' 0(
#1696125 0% 1&
#1696375 0*
#1697375 1*
#1697500 10
#1697625 1)
#1697750 0&
#1697875 1$ 1' 1(
#1698000 0,
#1698625 0)
#1698875 1! 1" 0$ 0'
#1699000 1%
#1699125 0+
#1700250 1+
#1700375 1)
#1700625 0! 0(
#1700750 1# 1$ 1,
#1701500 0) 0-
#1701625 0"
#1702000 0*
#1703000 1*
#1703625 1!
#1703875 0*
#1704875 1*
#1705375 0!
#1705500 1"
#1705750 0*
#1706750 1*
#1707375 1!
#1707625 0*
#1708625 1*
#1709750 1)
#1709875 1-
#1710000 0! 0$
#1710125 1' 1(
#1710875 0)
#1711000 0(
#1711125 0" 0% 1& 0'
#1711375 0*
#1712375 1*
#1712625 1)
#1712875 1! 1" 1$ 1% 1' 1(
#1713750 0)
#1715375 1)
#1715625 0! 0& 0' 0(
#1716500 0) 0-
#1716750 0" 0# 0$ 0% 1&
#1717000 0*
#1718000 1*
#1718625 1!
#1718875 0*
#1719875 1*
#1720375 0!
#1720500 1"
#1720750 0*
#1721750 1*
#1722375 1!
#1722625 0*
#1723625 1*
#1724750 1)
#1724875 1-
#1725000 0! 0&
#1725125 1# 1% 1' 1(
#1725875 0)
#1726125 0" 0# 1$ 0% 1& 0' 0(
#1726375 0*
#1727375 1*
#1727625 1)
#1727875 0& 1(
#1728750 0)
#1728875 0$
#1729000 1# 1%
#1729250 0+
#1730250 1+
#1730375 1)
#1730625 0(
#1730750 1" 1$
#1731500 0) 0-
#1731750 0" 0$ 0% 1&
#1732000 0*
#1733000 1*
#1733625 1!
#1733875 0*
#1734875 1*
#1735500 0! 1"
#1735750 0*
#1736750 1*
#1737375 1!
#1737625 0*
#1738625 1*
#1739875 1) 1-
#1740000 0!
#1740125 1% 0& 1' 1(
#1740875 0)
#1741125 0" 0% 1& 0' 0(
#1741250 1$
#1741375 0*
#1742375 1*
#1742625 1)
#1742875 0&
#1743000 1! 1% 1(
#1743750 0)
#1744000 1" 1&
#1744250 0+
#1745250 1+
#1745500 1)
#1745750 0! 0& 0(
#1746500 0) 0-
#1746750 0" 0# 0%
#1746875 1&
#1747000 0*
#1748000 1*
#1748625 1!
#1748875 0*
#1749875 1*
#1750500 0!
#1750625 1"
#1750750 0*
#1751750 1*
#1752375 1!
#1752625 0*
#1753625 1*
#1754875 1) 1-
#1755125 0! 1# 0$ 1% 0& 1' 1(
#1756000 0)
#1756125 0" 0# 0' 0(
#1756250 1&
#1756375 0*
#1757500 1*
#1757625 1)
#1757875 0% 0&
#1758000 1$ 1' 1(
#1758750 0)
#1759000 1# 0$ 1% 0'
#1759250 0+
#1760250 1+
#1760500 1)
#1760750 1" 1$ 0(
#1761500 0-
#1761625 0)
#1761750 0" 0%
#1761875 1&
#1762125 0*
#1763125 1*
#1763750 1!
#1764000 0*
#1765000 1*
#1765500 0!
#1765625 1"
#1765875 0*
#1766875 1*
#1767500 1!
#1767750 0*
#1768750 1*
#1769875 1) 1-
#1770125 0! 0$ 0& 1' 1(
#1770250 1%
#1771000 0)
#1771125 0" 0' 0(
#1771250 1&
#1771500 0*
#1772500 1*
#1772625 1)
#1772875 0# 0% 0&
#1773000 1$ 1' 1(
#1773125 0,
#1773750 0)
#1774000 1# 0$ 1% 0'
#1774250 0+
#1774375 00
#1775250 1+
#1775500 1)
#1775750 0(
#1775875 1" 1$ 1,
#1776500 0-
#1776625 0)
#1776750 0" 0# 0$
#1776875 1&
#1777125 0*
#1778125 1*
#1778750 1!
#1779000 0*
#1780000 1*
#1780500 0!
#1780625 1"
#1780875 0*
#1781375 10
#1781875 1*
#1782500 1!
#1782750 0*
#1783750 1*
#1784875 1) 1-
#1785125 0! 0& 1' 1(
#1785250 1#
#1786000 0)
#1786125 0" 0# 0' 0(
#1786250 1$ 1&
#1786500 0*
#1787500 1*
#1787625 1)
#1788000 1! 1" 1# 1' 1(
#1788750 0)
#1790500 1)
#1790750 0! 0& 0' 0(
#1791500 0-
#1791625 0)
#1791750 0"
#1791875 0$ 1&
#1792125 0*
#1793125 1*
#1793750 1!
#1794000 0*
#1795000 1*
#1795500 0!
#1795625 1"
#1795875 0*
#1796875 1*
#1797500 1!
#1797750 0*
#1798750 1*
#1799875 1) 1-
#1800125 0! 0&
#1800250 1' 1(
#1801000 0)
#1801125 0' 0(
#1801250 0" 1$ 1&
#1801500 0*
#1802500 1*
#1802750 1)
#1802875 0&
#1803000 1" 1(
#1803750 0)
#1804125 1! 1&
#1804250 0*
#1805250 1*
#1805500 1)
#1805750 0! 0& 0(
#1806625 0) 0-
#1806750 0"
#1806875 0# 1&
#1807125 0*
#1808125 1*
#1808750 1!
#1809000 0*
#1810000 1*
#1810500 0!
#1810625 1"
#1810875 0*
#1811875 1*
#1812500 1!
#1812750 0*
#1813750 1*
#1814875 1)
#1815000 1-
#1815125 0! 0$ 0&
#1815250 1# 1' 1(
#1816000 0)
#1816250 0" 0# 0% 0(
#1816500 0*
#1817500 1*
#1817750 1)
#1818000 0' 1(
#1818125 1$
#1818875 0)
#1819000 0$
#1819125 1# 1%
#1819375 0+
#1820375 1+
#1820500 1)
#1820750 0(
#1820875 1" 1$
#1821625 0) 0-
#1821750 0"
#1821875 1&
#1822125 0*
#1823125 1*
#1823750 1!
#1824000 0*
#1825000 1*
#1825500 0!
#1825625 1"
#1825875 0*
#1826875 1*
#1827500 1!
#1827750 0*
#1828750 1*
#1829875 1)
#1830000 1-
#1830125 0! 0$ 0&
#1830250 1' 1(
#1831000 0)
#1831250 0" 0% 0(
#1831500 0*
#1832500 1*
#1832750 1)
#1833000 1! 1% 1& 1(
#1833125 1" 1$
#1833875 0)
#1835500 1)
#1835750 0! 0& 0' 0(
#1836625 0) 0-
#1836875 0" 0# 0$ 0% 1'
#1837125 0*
#1838125 1*
#1838750 1!
#1839000 0*
#1840000 1*
#1840500 0!
#1840625 1"
#1840875 0*
#1841875 1*
#1842500 1!
#1842750 0*
#1843750 1*
#1844875 1)
#1845000 1-
#1845125 0!
#1845250 1# 1% 1(
#1846000 0)
#1846250 0" 0# 1$ 0% 0(
#1846500 0*
#1847500 1*
#1847750 1)
#1848000 1(
#1848875 0)
#1849000 0$ 0'
#1849125 1# 1%
#1849375 0+
#1850375 1+
#1850500 1)
#1850750 0(
#1850875 1" 1$
#1851625 0) 0-
#1851875 0" 0$ 0% 1'
#1852125 0*
#1853125 1*
#1853750 1!
#1854000 0*
#1855000 1*
#1855500 0!
#1855625 1"
#1855875 0*
#1856875 1*
#1857500 1!
#1857750 0*
#1858250 00
#1858750 1*
#1859875 1)
#1860000 1-
#1860125 0!
#1860250 1% 1(
#1861000 0)
#1861250 0" 1$ 0% 0(
#1861500 0*
#1862500 1*
#1862750 1)
#1863000 1! 1" 1% 0' 1(
#1863875 0)
#1864125 1&
#1864375 0+
#1865250 10
#1865375 1+
#1865500 1)
#1865750 0! 0& 0(
#1866625 0) 0-
#1866875 0" 0# 0% 1'
#1867125 0*
#1868125 1*
#1868750 1!
#1869000 0*
#1870000 1*
#1870500 0!
#1870625 1"
#1870875 0*
#1871875 1*
#1872500 1!
#1872750 0*
#1873750 1*
#1874875 1)
#1875000 1-
#1875125 0! 0$
#1875250 1# 1% 1(
#1876000 0)
#1876125 0# 0(
#1876250 0"
#1876500 0*
#1877500 1*
#1877750 1)
#1878000 1$ 0% 1(
#1878125 0,
#1878750 0)
#1879000 0$ 0'
#1879125 1# 1%
#1879250 0+
#1880375 1+
#1880500 1)
#1880750 0(
#1880875 1" 1$ 1,
#1881625 0) 0-
#1881750 0"
#1881875 0% 1'
#1882125 0*
#1883125 1*
#1883750 1!
#1884000 0*
#1885000 1*
#1885500 0!
#1885625 1"
#1885875 0*
#1886875 1*
#1887500 1!
#1887750 0*
#1888750 1*
#1889875 1) 1-
#1890125 0! 0$ 1(
#1890250 1%
#1891000 0)
#1891125 0" 0(
#1891500 0*
#1892500 1*
#1892750 1)
#1893000 1! 1" 1$ 1& 1(
#1893750 0)
#1895500 1)
#1895750 0! 0& 0' 0(
#1896500 0-
#1896625 0)
#1896750 0" 0# 0$
#1896875 1'
#1897125 0*
#1898125 1*
#1898750 1!
#1899000 0*
#1900000 1*
#1900500 0!
#1900625 1"
#1900875 0*
#1901875 1*
#1902500 1!
#1902750 0*
#1903750 1*
#1904875 1) 1-
#1905125 0! 1(
#1905250 1#
#1906000 0)
#1906125 0" 0# 0(
#1906250 1$
#1906500 0*
#1907500 1*
#1907625 1)
#1907875 0% 0'
#1908000 1(
#1908750 0)
#1909000 1! 1# 0$ 1%
#1909250 0+
#1910250 1+
#1910500 1)
#1910750 0! 1$ 0(
#1910875 1"
#1911500 0-
#1911625 0)
#1911750 0" 0$
#1911875 1'
#1912125 0*
#1913125 1*
#1913750 1!
#1914000 0*
#1915000 1*
#1915500 0!
#1915625 1"
#1915875 0*
#1916875 1*
#1917500 1!
#1917750 0*
#1918750 1*
#1919875 1) 1-
#1920125 0! 1(
#1921000 0)
#1921125 0" 0(
#1921250 1$
#1921500 0*
#1922500 1*
#1922625 1)
#1922875 0# 0$ 0% 0'
#1923000 1& 1(
#1923750 0)
#1924000 1! 1" 1# 1$ 1%
#1924250 0*
#1925250 1*
#1925500 1)
#1925750 0! 0& 0(
#1926500 0-
#1926625 0)
#1926750 0" 0#
#1926875 1'
#1927000 0*
#1928125 1*
#1928750 1!
#1928875 0*
#1930000 1*
#1930500 0!
#1930625 1"
#1930750 0*
#1931875 1*
#1932375 1!
#1932625 0*
#1933750 1*
#1934875 1) 1-
#1935125 0! 1# 0$ 1(
#1935875 0)
#1936125 0" 0# 0% 0(
#1936250 1&
#1936375 0*
#1937375 1*
#1937625 1)
#1937875 0&
#1938000 1$ 1(
#1938750 0)
#1939000 1! 1# 0$ 1% 0'
#1939250 0+
#1940250 1+
#1940500 1)
#1940625 0!
#1940750 1" 1$ 0(
#1941500 0) 0-
#1941750 0"
#1941875 1'
#1942000 0*
#1942125 00
#1943000 1*
#1943625 1!
#1943875 0*
#1944875 1*
#1945500 0!
#1945625 1"
#1945750 0*
#1946750 1*
#1947375 1!
#1947625 0*
#1948625 1*
#1949125 10
#1949875 1) 1-
#1950000 0!
#1950125 0$ 1(
#1950875 0)
#1951125 0" 0% 1& 0(
#1951375 0*
#1952375 1*
#1952625 1)
#1952875 0# 0& 1(
#1953000 1$ 0,
#1953750 0)
#1953875 0$ 0'
#1954000 1! 1# 1%
#1954250 0+
#1955250 1+
#1955375 1)
#1955625 0! 0(
#1955750 1" 1$
#1955875 1,
#1956500 0) 0-
#1956750 0" 0# 0$ 0% 1& 1'
#1957000 0*
#1958000 1*
#1958625 1!
#1958875 0*
#1959875 1*
#1960500 0! 1"
#1960750 0*
#1961750 1*
#1962375 1!
#1962625 0*
#1963625 1*
#1964750 1)
#1964875 1-
#1965000 0! 0&
#1965125 1# 1% 1(
#1965875 0)
#1966125 0" 0# 1$ 0% 1& 0(
#1966375 0*
#1967375 1*
#1967625 1)
#1967875 1(
#1968000 1! 1" 1# 1%
#1968750 0)
#1970375 1)
#1970750 0! 0& 0' 0(
#1971500 0) 0-
#1971750 0" 0$ 0% 1& 1'
#1972000 0*
#1973000 1*
#1973625 1!
#1973875 0*
#1974875 1*
#1975500 0! 1"
#1975750 0*
#1976750 1*
#1977375 1!
#1977625 0*
#1978625 1*
#1979750 1)
#1979875 1-
#1980000 0! 0&
#1980125 1% 1(
#1980875 0)
#1981125 0" 1$ 0% 1& 0(
#1981375 0*
#1982375 1*
#1982625 1)
#1982875 1! 0# 0$ 0' 1(
#1983750 0)
#1984000 1" 1# 1$ 1%
#1984250 0+
#1985250 1+
#1985375 1)
#1985625 0! 0& 0(
#1986500 0) 0-
#1986750 0" 0# 0% 1& 1'
#1987000 0*
#1988000 1*
#1988625 1!
#1988875 0*
#1989875 1*
#1990375 0!
#1990500 1"
#1990750 0*
#1991750 1*
#1992375 1!
#1992625 0*
#1993625 1*
#1994750 1)
#1994875 1-
#1995000 0! 0$ 0&
#1995125 1# 1% 1(
#1995875 0)
#1996125 0" 0# 1& 0(
#1996375 0*
#1997375 1*
#1997625 1)
#1997875 0% 0& 0' 1(
#1998000 1$
#1998750 0)
#1998875 0$
#1999000 1! 1# 1%
#1999250 0+
#2000250 1+
#2000375 1)
#2000625 0! 0(
#2000750 1" 1$
#2001500 0) 0-
#2001750 0" 0% 1& 1'
#2002000 0*
#2003000 1*
#2003625 1!
#2003875 0*
#2004875 1*
#2005375 0!
#2005500 1"
#2005750 0*
#2006750 1*
#2007375 1!
#2007625 0*
#2008625 1*
#2009750 1)
#2009875 1-
#2010000 0! 0$ 0&
#2010125 1% 1(
#2010875 0)
#2011000 0(
#2011125 0" 1&
#2011375 0*
#2012375 1*
#2012625 1)
#2012875 1! 1" 1$ 1(
#2013750 0)
#2015375 1)
#2015625 0! 0& 0' 0(
#2016500 0) 0-
#2016750 0" 0# 0$ 1& 1'
#2017000 0*
#2018000 1*
#2018625 1!
#2018875 0*
#2019875 1*
#2020375 0!
#2020500 1"
#2020750 0*
#2021750 1*
#2022375 1!
#2022625 0*
#2023625 1*
#2024750 1)
#2024875 1-
#2025000 0! 0&
#2025125 1# 1(
#2025875 0)
#2026000 0# 0( 00
#2026125 0" 1$ 1&
#2026375 0*
#2027375 1*
#2027625 1)
#2027875 0% 0& 1(
#2028625 0)
#2028875 0$ 0'
#2029000 1! 1# 1%
#2029250 0+
#2030250 1+
#2030375 1)
#2030625 0! 0(
#2030750 1" 1$
#2031500 0) 0-
#2031625 0"
#2031750 0$ 1& 1'
#2032000 0*
#2032875 10
#2033000 1*
#2033625 1!
#2033875 0*
#2034875 1*
#2035375 0!
#2035500 1"
#2035750 0*
#2036750 1*
#2037375 1!
#2037625 0*
#2038625 1*
#2039750 1)
#2039875 1-
#2040000 0! 0&
#2040125 1(
#2040875 0)
#2041000 0(
#2041125 0" 1$ 1&
#2041375 0*
#2042375 1*
#2042625 1)
#2042875 1" 0# 0$ 0% 0' 1(
#2043625 0)
#2044000 1! 1# 1$ 1%
#2044125 0*
#2045250 1*
#2045375 1)
#2045625 0! 0& 0(
#2046500 0) 0-
#2046625 0#
#2046750 0" 1& 1'
#2047000 0*
#2048000 1*
#2048625 1!
#2048875 0*
#2049875 1*
#2050375 0!
#2050500 1"
#2050750 0*
#2051750 1*
#2052375 1!
#2052625 0*
#2053625 1*
#2054750 1)
#2054875 1-
#2055125 1# 1(
#2055875 0)
#2056375 0+
#2057375 1+
#2057625 1)
#2057875 0! 0" 0# 0% 0&
#2058000 0,
#2058750 0)
#2058875 0$ 0'
#2059000 1! 1# 1%
#2059250 0+
#2060250 1+
#2060375 1)
#2060625 0! 0(
#2060750 1" 1$ 1,
#2061500 0) 0-
#2061750 0" 1& 1'
#2062000 0*
#2063000 1*
#2063625 1!
#2063875 0*
#2064875 1*
#2065375 0!
#2065500 1"
#2065750 0*
#2066750 1*
#2067375 1!
#2067625 0*
#2068625 1*
#2069750 1)
#2069875 1-
#2070000 0! 0$ 0&
#2070125 1(
#2070875 0)
#2071125 0" 0# 0(
#2071375 0*
#2072375 1*
#2073000 1!
#2073250 0*
#2074250 1*
#2074875 0! 1"
#2075125 0*
#2075875 1)
#2076125 1*
#2076250 1# 1(
#2077000 0)
#2077125 0(
#2077250 0"
#2077500 0*
#2078500 1*
#2079125 1!
#2079375 0*
#2080375 1*
#2080875 0!
#2081000 1"
#2081250 0*
#2082000 1)
#2082250 1! 1*
#2082375 1$ 1& 1(
#2083125 0)
#2084750 1)
#2085000 0! 0&
#2085125 0#
#2085875 0)
#2086125 0" 1# 0% 0'
#2086375 0*
#2087375 1*
#2088000 1%
#2088250 0*
#2089250 1*
#2089500 1)
#2089750 0$ 1'
#2089875 1!
#2090625 0)
#2090750 0! 0% 0(
#2090875 1$
#2091125 0*
#2092125 1*
#2092250 1)
#2092500 0#
#2092625 1" 1% 1(
#2093375 0)
#2093625 0" 1# 0% 1& 0'
#2093875 0*
#2094875 1*
#2095500 1%
#2095750 0*
#2096750 1*
#2097000 1)
#2097250 0$ 0&
#2097375 1! 1'
#2098125 0)
#2098250 0! 0(
#2098375 1$
#2098625 0*
#2099625 1*
#2099875 1)
#2100000 0$
#2100125 1" 1(
#2100875 0)
#2101125 0" 0# 0(
#2101250 1$
#2101375 0*
#2102375 1*
#2103000 1!
#2103250 0*
#2104250 1*
#2104875 0!
#2105000 1"
#2105125 0*
#2105875 1)
#2106125 0$ 1*
#2106250 1# 1(
#2107000 0)
#2107250 0" 1$ 0(
#2107500 0*
#2108500 1*
#2109125 1!
#2109375 0*
#2109750 00
#2110375 1*
#2111000 0! 1"
#2111250 0*
#2112500 1)
#2112750 1*
#2113250 0" 0# 0% 0' 1(
#2114000 0)
#2114250 0$
#2114375 1" 1# 1%
#2114625 0+
#2115625 1+
#2116250 1)
#2116500 0#
#2116625 1$ 1'
#2116750 10
#2117375 0)
#2118000 0" 0%
#2118125 1#
#2118250 0*
#2119375 1*
#2120000 1%
#2120125 0*
#2121250 1*
#2121375 1)
#2121625 0$
#2121750 1!
#2122500 0)
#2122750 0! 1$ 0% 1& 0(
#2123000 0*
#2124000 1*
#2124250 1)
#2124500 0# 1% 0& 1(
#2124625 1"
#2125375 0)
#2125500 0" 0%
#2125625 1# 1&
#2125750 0*
#2126875 1*
#2127500 1%
#2127750 0*
#2128750 1*
#2128875 1)
#2129125 0$ 0&
#2129250 1!
#2130000 0)
#2130250 0! 1$ 1& 0(
#2130500 0*
#2131500 1*
#2131750 1)
#2132000 0$ 0& 1(
#2132125 1"
#2132875 0)
#2133000 0" 0# 0% 0' 0(
#2133375 0*
#2134375 1*
#2135000 1!
#2135250 0*
#2136250 1*
#2136750 0!
#2136875 1"
#2137125 0*
#2137875 1)
#2138125 1( 1*
#2138250 1# 1% 1'
#2139000 0)
#2139125 0" 0# 0% 0' 0(
#2139375 0*
#2140500 1*
#2141125 1!
#2141250 0*
#2142375 1*
#2142875 0!
#2143000 1"
#2143125 0*
#2144000 1)
#2144125 0" 1*
#2144250 1$ 1' 1(
#2145000 0)
#2145250 1" 0$ 0'
#2145375 1# 1%
#2145500 0+
#2146500 1+
#2146750 1)
#2147000 0" 0#
#2147125 1$ 1'
#2147875 0)
#2148000 0% 0' 0(
#2148125 1#
#2148375 0*
#2149375 1*
#2150000 1%
#2150250 0*
#2151250 1*
#2151500 1)
#2151750 0$ 1' 1(
#2152500 0)
#2152750 0% 0' 0(
#2152875 1$
#2153000 0*
#2154000 1*
#2154250 1)
#2154500 0#
#2154625 1% 1' 1(
#2155375 0)
#2155500 0' 0(
#2155625 1# 0%
#2155875 0*
#2156875 1*
#2157500 1%
#2157750 0*
#2158750 1*
#2159000 1)
#2159250 0$ 1' 1(
#2160125 0)
#2160250 0% 0' 0(
#2160375 1$
#2160500 0*
#2161625 1*
#2161750 1)
#2162000 0$
#2162125 1" 1% 1' 1(
#2162875 0)
#2163125 0" 0# 0% 0' 0(
#2163375 0*
#2164375 1*
#2165000 1!
#2165250 0*
#2166250 1*
#2166750 0!
#2166875 1"
#2167125 0*
#2167875 1)
#2168125 1*
#2168250 1# 1% 1' 1(
#2169000 0)
#2169125 0# 0' 0(
#2169250 0" 0%
#2169500 0*
#2170500 1*
#2171125 1!
#2171375 0*
#2172375 1*
#2172875 0!
#2173000 1"
#2173250 0*
#2174000 1)
#2174250 0" 1' 1( 1*
#2174375 1$ 0,
#2175125 0)
#2175250 0$ 0'
#2175375 1" 1# 1%
#2175625 0+
#2176625 1+
#2176750 1)
#2177000 0" 0#
#2177125 1$ 1'
#2177250 1,
#2177875 0)
#2178125 1# 0% 0' 0(
#2178375 0*
#2179375 1*
#2180000 1%
#2180250 0*
#2181250 1*
#2181500 1)
#2181750 0$ 1(
#2181875 1'
#2182625 0)
#2182750 0% 0' 0(
#2182875 1$
#2183125 0*
#2184125 1*
#2184250 1)
#2184500 0#
#2184625 1% 1' 1(
#2185375 0)
#2185625 1# 0% 0' 0(
#2185875 0*
#2186875 1*
#2187500 1%
#2187750 0*
#2188750 1*
#2189000 1)
#2189250 0$
#2189375 1' 1(
#2190125 0)
#2190250 0' 0(
#2190375 1$ 0%
#2190625 0*
#2191625 1*
#2191875 1)
#2193625 00
#2200625 10
#2207125 0# 1(
#2208000 0)
#2208125 0$
#2208250 1" 1# 1%
#2208500 0+
#2209500 1+
#2209625 1)
#2210875 1! 1$ 1& 1'
#2211750 0)
#2213375 1)
#2216500 0! 0$ 0&
#2217375 0)
#2217500 0" 0# 0% 0' 0(
#2217875 0*
#2218875 1*
#2219000 1)
#2219375 1! 1" 1# 1$ 1% 1& 1' 1(
#2220125 0)
#2221875 1)
#2223000 0)
#2223500 0+
#2224500 1+
#2225375 0+
#2226375 1+
#2227250 0+
#2228250 1+
#2229125 0+
#2230125 1+
#2231250 1)
#2231500 0! 0$ 0&
#2232375 0)
#2232500 0" 0% 0' 0(
#2232875 0*
#2233875 1*
#2234000 1)
#2234250 0#
#2234375 1$ 1' 1(
#2235125 0)
#2235375 1# 0$ 0'
#2235500 1" 1%
#2235625 0+
#2236625 1+
#2236875 1)
#2237125 0(
#2237250 1$
#2238000 0) 0-
#2238125 0" 0# 0$ 0%
#2238250 1(
#2238500 0*
#2239500 1*
#2240125 1!
#2240375 0*
#2241375 1*
#2241875 0!
#2242000 1"
#2242250 0*
#2243250 1*
#2243875 1!
#2244125 0*
#2245125 1*
#2246250 1) 1-
#2246500 0!
#2246625 1# 1% 1'
#2247375 0)
#2247500 0# 0% 0' 0(
#2247625 0" 1$
#2247875 0*
#2248875 1*
#2249000 1)
#2249375 1' 1(
#2249500 0,
#2250125 0)
#2250375 0$ 0'
#2250500 1" 1# 1%
#2250625 0+
#2251625 1+
#2251875 1)
#2252125 0(
#2252250 1$ 1,
#2253000 0) 0-
#2253125 0" 0$ 0%
#2253250 1(
#2253500 0*
#2254500 1*
#2255125 1!
#2255375 0*
#2256375 1*
#2256875 0!
#2257000 1"
#2257250 0*
#2258250 1*
#2258875 1!
#2259125 0*
#2260125 1*
#2261250 1) 1-
#2261500 0!
#2261625 1% 1'
#2262375 0)
#2262500 0% 0' 0(
#2262625 0" 1$
#2262875 0*
#2263875 1*
#2264125 1)
#2264250 0# 0$
#2264375 1! 1" 1& 1(
#2265125 0)
#2265375 1# 1$ 1%
#2265625 0+
#2266625 1+
#2266875 1)
#2267125 0! 0& 0(
#2267875 0-
#2268000 0)
#2268125 0" 0# 0%
#2268250 1(
#2268500 0*
#2269500 1*
#2270125 1!
#2270375 0*
#2271375 1*
#2271875 0!
#2272000 1"
#2272250 0*
#2273250 1*
#2273875 1!
#2274125 0*
#2275125 1*
#2276250 1) 1-
#2276500 0! 0$
#2276625 1# 1% 1'
#2277375 0)
#2277500 0" 0# 0' 0( 00
#2277875 0*
#2278875 1*
#2279125 1)
#2279250 0%
#2279375 1$ 1(
#2280125 0)
#2280375 1! 1" 0$
#2280500 1# 1%
#2280625 0+
#2281625 1+
#2281875 1)
#2282125 0! 0(
#2282250 1$
#2282875 0-
#2283000 0)
#2283125 0" 0%
#2283250 1(
#2283500 0*
#2284500 1* 10
#2285125 1!
#2285375 0*
#2286375 1*
#2286875 0!
#2287000 1"
#2287250 0*
#2288250 1*
#2288875 1!
#2289125 0*
#2290125 1*
#2291250 1) 1-
#2291500 0! 0$ 1'
#2291625 1%
#2292375 0)
#2292500 0" 0' 0(
#2292875 0*
#2293875 1*
#2294000 1)
#2294375 1! 1" 1$ 1& 1' 1(
#2295125 0)
#2296875 1)
#2297125 0! 0& 0' 0(
#2297875 0-
#2298000 0)
#2298125 0" 0# 0$
#2298250 1(
#2298500 0*
#2299500 1*
#2300125 1!
#2300375 0*
#2301375 1*
#2301875 0!
#2302000 1"
#2302250 0*
#2303250 1*
#2303875 1!
#2304125 0*
#2305125 1*
#2306250 1) 1-
#2306500 0! 1'
#2306625 1#
#2307375 0)
#2307500 0" 0# 0' 0(
#2307625 1$
#2307875 0*
#2308875 1*
#2309000 1)
#2309250 0%
#2309375 1' 1(
#2310125 0)
#2310375 1! 1" 1# 0$ 1% 0'
#2310625 0+
#2311625 1+
#2311875 1)
#2312125 0! 1$ 0(
#2312875 0-
#2313000 0)
#2313125 0" 0$
#2313250 1(
#2313500 0*
#2314500 1*
#2315125 1!
#2315375 0*
#2316375 1*
#2316875 0!
#2317000 1"
#2317250 0*
#2318250 1*
#2318875 1!
#2319125 0*
#2320125 1*
#2321250 1) 1-
#2321500 0! 1'
#2322375 0)
#2322500 0" 0' 0(
#2322625 1$
#2322750 0*
#2323875 1*
#2324000 1)
#2324250 0$ 0%
#2324375 1& 1(
#2325125 0)
#2325375 1! 1" 1$ 1%
#2325625 0*
#2326625 1*
#2326875 1)
#2327125 0! 0& 0(
#2327875 0) 0-
#2328125 0" 0# 1(
#2328375 0*
#2329500 1*
#2330125 1!
#2330250 0*
#2331375 1*
#2331875 0!
#2332000 1"
#2332125 0*
#2333250 1*
#2333750 1!
#2334000 0*
#2335125 1*
#2336250 1) 1-
#2336500 0! 1# 0$ 1'
#2337250 0)
#2337500 0" 0# 0% 0' 0(
#2337625 1&
#2337750 0*
#2338750 1*
#2339000 1)
#2339250 0&
#2339375 1$ 1' 1( 0,
#2340125 0)
#2340250 0'
#2340375 1! 1" 1# 0$ 1%
#2340625 0+
#2341625 1+
#2341875 1)
#2342000 0!
#2342125 1$ 0(
#2342250 1,
#2342875 0) 0-
#2343125 0" 1(
#2343375 0*
#2344375 1*
#2345000 1!
#2345250 0*
#2346250 1*
#2346875 0!
#2347000 1"
#2347125 0*
#2348125 1*
#2348750 1!
#2349000 0*
#2350000 1*
#2351250 1) 1-
#2351375 0!
#2351500 0$ 1'
#2352250 0)
#2352500 0" 0% 1& 0' 0(
#2352750 0*
#2353750 1*
#2354000 1)
#2354375 1! 1" 1$ 1% 1' 1(
#2355125 0)
#2356750 1)
#2357125 0! 0& 0' 0(
#2357875 0) 0-
#2358125 0" 0# 0$ 0% 1& 1(
#2358375 0*
#2359375 1*
#2360000 1!
#2360250 0*
#2361250 1*
#2361375 00
#2361875 0! 1"
#2362125 0*
#2363125 1*
#2363750 1!
#2364000 0*
#2365000 1*
#2366125 1)
#2366250 1-
#2366375 0! 0&
#2366500 1# 1% 1'
#2367250 0)
#2367500 0" 0# 1$ 0% 1& 0' 0(
#2367750 0*
#2368375 10
#2368750 1*
#2369000 1)
#2369250 0& 1(
#2370125 0)
#2370250 0$
#2370375 1! 1" 1# 1%
#2370625 0+
#2371625 1+
#2371750 1)
#2372000 0! 0(
#2372125 1$
#2372875 0) 0-
#2373125 0" 0$ 0% 1& 1(
#2373375 0*
#2374375 1*
#2375000 1!
#2375250 0*
#2376250 1*
#2376875 0! 1"
#2377125 0*
#2378125 1*
#2378750 1!
#2379000 0*
#2380000 1*
#2381125 1)
#2381250 1-
#2381375 0! 0&
#2381500 1% 1'
#2382250 0)
#2382500 0" 1$ 0% 1& 0' 0(
#2382750 0*
#2383750 1*
#2384000 1)
#2384250 1! 0$ 1(
#2385125 0)
#2385375 1" 1$ 1%
#2385625 0+
#2386625 1+
#2386750 1)
#2387000 0! 0& 0(
#2387875 0) 0-
#2388125 0" 0# 0% 1& 1(
#2388375 0*
#2389375 1*
#2390000 1!
#2390250 0*
#2391250 1*
#2391750 0!
#2391875 1"
#2392125 0*
#2393125 1*
#2393750 1!
#2394000 0*
#2395000 1*
#2396125 1)
#2396250 1-
#2396375 0! 0$ 0&
#2396500 1# 1% 1'
#2397250 0)
#2397500 0" 0# 1& 0' 0(
#2397750 0*
#2398750 1*
#2399000 1)
#2399250 1$ 0% 0& 1' 1(
#2400000 0)
#2400250 0$ 0'
#2400375 1! 1" 1# 1%
#2400625 0+
#2401625 1+
#2401750 1)
#2402000 0! 0(
#2402125 1$
#2402875 0) 0-
#2403125 0" 0% 1& 1(
#2403375 0*
#2404375 1*
#2405000 1!
#2405250 0*
#2406250 1*
#2406750 0!
#2406875 1"
#2407125 0*
#2408125 1*
#2408750 1!
#2409000 0*
#2410000 1*
#2411125 1)
#2411250 1-
#2411375 0! 0$ 0&
#2411500 1% 1'
#2412250 0)
#2412375 0' 0(
#2412500 0" 1&
#2412750 0*
#2413750 1*
#2414000 1)
#2414125 0&
#2414250 0# 1$ 0% 1' 1(
#2414375 0,
#2415000 0)
#2415250 1! 0$ 0'
#2415375 1" 1# 1%
#2415500 0+
#2416625 1+
#2416750 1)
#2417000 0! 0(
#2417125 1$ 1,
#2417875 0) 0-
#2418000 0" 0# 0$
#2418125 1& 1(
#2418375 0*
#2419375 1*
#2420000 1!
#2420250 0*
#2421250 1*
#2421750 0!
#2421875 1"
#2422125 0*
#2423125 1*
#2423750 1!
#2424000 0*
#2425000 1*
#2426125 1) 1-
#2426375 0! 0& 1'
#2426500 1#
#2427250 0)
#2427375 0" 0# 0' 0(
#2427500 1$ 1&
#2427750 0*
#2428750 1*
#2429000 1)
#2429250 1! 1" 1# 1' 1(
#2430000 0)
#2431750 1)
#2432000 0! 0& 0' 0(
#2432750 0-
#2432875 0)
#2433000 0" 0$
#2433125 1& 1(
#2433375 0*
#2434375 1*
#2435000 1!
#2435250 0*
#2436250 1*
#2436750 0!
#2436875 1"
#2437125 0*
#2438125 1*
#2438750 1!
#2439000 0*
#2440000 1*
#2441125 1) 1-
#2441375 0! 0& 1'
#2442250 0)
#2442375 0" 0' 0(
#2442500 1$ 1&
#2442750 0*
#2443750 1*
#2443875 1)
#2444125 0$ 0%
#2444250 1" 1(
#2445000 0)
#2445250 1! 1$ 1% 00
#2445500 0*
#2446500 1*
#2446750 1)
#2447000 0! 0& 0(
#2447750 0-
#2447875 0)
#2448000 0" 0#
#2448125 1& 1(
#2448375 0*
#2449375 1*
#2450000 1!
#2450250 0*
#2451250 1*
#2451750 0!
#2451875 1"
#2452125 0* 10
#2453125 1*
#2453750 1!
#2454000 0*
#2455000 1*
#2456125 1) 1-
#2456375 0! 0$ 0& 1'
#2456500 1#
#2457250 0)
#2457375 0" 0# 0% 0(
#2457750 0*
#2458750 1*
#2458875 1)
#2459125 0'
#2459250 1$ 1(
#2460000 0)
#2460250 1%
#2460500 0+
#2461500 1+
#2461750 1)
#2462000 0(
#2462125 1" 1#
#2462750 0-
#2462875 0)
#2463000 0"
#2463125 1& 1(
#2463375 0*
#2464375 1*
#2465000 1!
#2465250 0*
#2466250 1*
#2466750 0!
#2466875 1"
#2467125 0*
#2468125 1*
#2468750 1!
#2469000 0*
#2470000 1*
#2471125 1) 1-
#2471375 0! 0$ 0& 1'
#2472250 0)
#2472375 0" 0% 0(
#2472750 0*
#2473750 1*
#2473875 1)
#2474250 1! 1" 1$ 1% 1& 1(
#2475000 0)
#2476750 1)
#2477000 0! 0& 0' 0(
#2477750 0-
#2477875 0)
#2478000 0" 0# 0$ 0%
#2478125 1' 1(
#2478375 0*
#2479375 1*
#2480000 1!
#2480250 0*
#2481250 1*
#2481750 0!
#2481875 1"
#2482125 0*
#2483125 1*
#2483750 1!
#2484000 0*
#2485000 1*
#2486125 1) 1-
#2486375 0!
#2486500 1# 1%
#2487250 0)
#2487375 0# 0%
#2487500 0" 1$ 0(
#2487750 0*
#2488750 1*
#2489000 1)
#2489250 1(
#2490000 0)
#2490250 0'
#2490375 1%
#2490500 0+
#2491500 1+
#2491750 1)
#2492000 0(
#2492125 1" 1#
#2492875 0) 0-
#2493000 0" 0%
#2493125 0$ 1' 1(
#2493375 0*
#2494375 1*
#2495000 1!
#2495250 0*
#2496250 1*
#2496750 0!
#2496875 1"
#2497125 0*
#2498125 1*
#2498750 1!
#2499000 0*
#2500000 1*
#2501125 1)
#2501250 1-
#2501375 0!
#2501500 1%
#2502250 0)
#2502375 0%
#2502500 0" 1$ 0(
#2502750 0*
#2503750 1*
#2504000 1)
#2504250 1! 1" 0$ 1& 0' 1(
#2505000 0)
#2505375 1$ 1%
#2505625 0+
#2506625 1+
#2506750 1)
#2507000 0! 0& 0(
#2507875 0) 0-
#2508125 0" 0# 0% 1' 1(
#2508375 0*
#2509375 1*
#2510000 1!
#2510250 0*
#2511250 1*
#2511750 0!
#2511875 1"
#2512125 0*
#2513125 1*
#2513750 1!
#2514000 0*
#2515000 1*
#2516125 1)
#2516250 1-
#2516375 0! 0$
#2516500 1# 1%
#2517250 0)
#2517500 0" 0# 0(
#2517750 0*
#2518750 1*
#2519000 1)
#2519250 0% 1(
#2519375 1$ 0,
#2520125 0)
#2520250 0'
#2520375 1%
#2520625 0+
#2521625 1+
#2521750 1)
#2522000 0(
#2522125 1" 1# 1,
#2522875 0) 0-
#2523125 0" 0% 1' 1(
#2523375 0*
#2524375 1*
#2525000 1!
#2525250 0*
#2526250 1*
#2526875 0! 1"
#2527125 0*
#2528125 1*
#2528750 1!
#2529000 0* 00
#2530000 1*
#2531125 1)
#2531250 1-
#2531375 0!
#2531500 0$ 1%
#2532250 0)
#2532500 0" 0(
#2532750 0*
#2533750 1*
#2534000 1)
#2534250 1(
#2534375 1! 1" 1$ 1&
#2535125 0)
#2536000 10
#2536750 1)
#2537125 0! 0& 0' 0(
#2537875 0) 0-
#2538125 0" 0# 0$ 1' 1(
#2538375 0*
#2539375 1*
#2540000 1!
#2540250 0*
#2541250 1*
#2541875 0! 1"
#2542125 0*
#2543125 1*
#2543750 1!
#2544000 0*
#2545000 1*
#2546250 1) 1-
#2546375 0!
#2546500 1#
#2547250 0)
#2547500 0" 0# 0(
#2547625 1$
#2547750 0*
#2548750 1*
#2549000 1)
#2549250 0% 0'
#2549375 1(
#2550125 0)
#2550375 1%
#2550625 0+
#2551625 1+
#2551875 1)
#2552125 1" 1# 0(
#2552875 0) 0-
#2553125 0" 0$ 1(
#2553250 1'
#2553375 0*
#2554375 1*
#2555000 1!
#2555250 0*
#2556250 1*
#2556875 0!
#2557000 1"
#2557125 0*
#2558125 1*
#2558750 1!
#2559000 0*
#2560000 1*
#2561250 1) 1-
#2561500 0!
#2562250 0)
#2562500 0" 0(
#2562625 1$
#2562750 0*
#2563875 1*
#2564000 1)
#2564250 0# 0% 0'
#2564375 1& 1(
#2565125 0)
#2565375 1! 1" 1# 1%
#2565625 0*
#2566625 1*
#2566875 1)
#2567125 0! 0& 0(
#2567875 0-
#2568000 0)
#2568125 0" 0#
#2568250 1' 1(
#2568375 0*
#2569500 1*
#2570125 1!
#2570375 0*
#2571375 1*
#2571875 0!
#2572000 1"
#2572250 0*
#2573250 1*
#2573875 1!
#2574125 0*
#2575125 1*
#2576250 1) 1-
#2576500 0! 1# 0$
#2577375 0)
#2577500 0" 0# 0% 0(
#2577625 1&
#2577875 0*
#2578875 1*
#2579000 1)
#2579250 0&
#2579375 1$ 1(
#2580125 0)
#2580375 1% 0'
#2580625 0+
#2581625 1+
#2581875 1)
#2582125 1# 0(
#2582250 1"
#2582875 0-
#2583000 0)
#2583125 0"
#2583250 1' 1(
#2583500 0*
#2584500 1*
#2585125 1!
#2585375 0*
#2586375 1*
#2586875 0!
#2587000 1"
#2587250 0*
#2588250 1*
#2588875 1!
#2589125 0*
#2590125 1*
#2591250 1) 1-
#2591500 0! 0$
#2592375 0)
#2592500 0" 0(
#2592625 0% 1&
#2592875 0*
#2593875 1*
#2594125 1)
#2594250 0# 0&
#2594375 1$ 1(
#2594500 0,
#2595125 0)
#2595375 0'
#2595500 1%
#2595625 0+
#2596750 1+
#2596875 1)
#2597125 0(
#2597250 1" 1# 1,
#2598000 0) 0-
#2598125 0" 0# 0%
#2598250 0$ 1& 1' 1(
#2598500 0*
#2599500 1*
#2600125 1!
#2600375 0*
#2601375 1*
#2601875 0!
#2602000 1"
#2602250 0*
#2603250 1*
#2603875 1!
#2604125 0*
#2605125 1*
#2606250 1)
#2606375 1-
#2606500 0! 0&
#2606625 1# 1%
#2607375 0)
#2607625 0" 0# 1$ 0% 1& 0(
#2607875 0*
#2608875 1*
#2609125 1)
#2609375 1! 1" 1# 1% 1(
#2610250 0)
#2611875 1)
#2612125 0! 0& 0' 0(
#2612875 00
#2613000 0) 0-
#2613250 0" 0$ 0% 1& 1' 1(
#2613500 0*
#2614500 1*
#2615125 1!
#2615375 0*
#2616375 1*
#2617000 0! 1"
#2617250 0*
#2618250 1*
#2618875 1!
#2619125 0*
#2619875 10
#2620125 1*
#2621250 1)
#2621375 1-
#2621500 0! 0&
#2621625 1%
#2622375 0)
#2622625 0" 1$ 0% 1& 0(
#2622875 0*
#2623875 1*
#2624125 1)
#2624375 1! 0# 0' 1(
#2625250 0)
#2625500 1" 1# 1%
#2625750 0+
#2626750 1+
#2626875 1)
#2627125 0! 0(
#2627250 0&
#2628000 0) 0-
#2628250 0" 0# 0% 1& 1' 1(
#2628500 0*
#2629500 1*
#2630125 1!
#2630375 0*
#2631375 1*
#2632000 0! 1"
#2632250 0*
#2633250 1*
#2633875 1!
#2634125 0*
#2635125 1*
#2636375 1) 1-
#2636500 0!
#2636625 1# 0$ 1% 0&
#2637375 0)
#2637625 0" 0# 1& 0(
#2637875 0*
#2638875 1*
#2639125 1)
#2639375 0% 0& 0'
#2639500 1$ 1(
#2640250 0)
#2640500 1! 1%
#2640750 0+
#2641750 1+
#2642000 1)
#2642125 0!
#2642250 1" 1# 0(
#2643000 0) 0-
#2643250 0" 0% 1' 1(
#2643375 1&
#2643500 0*
#2644500 1*
#2645125 1!
#2645375 0*
#2646375 1*
#2647000 0!
#2647125 1"
#2647250 0*
#2648250 1*
#2648875 1!
#2649125 0*
#2650125 1*
#2651375 1) 1-
#2651625 0! 0$ 1% 0&
#2652375 0)
#2652625 0" 0(
#2652750 1&
#2652875 0*
#2653875 1*
#2654125 1)
#2654500 1! 1" 1$ 1(
#2655250 0)
#2657000 1)
#2657250 0! 0& 0' 0(
#2658000 0) 0-
#2658250 0" 0# 0$ 1(
#2658375 1& 1'
#2658500 0*
#2659625 1*
#2660250 1!
#2660375 0*
#2661500 1*
#2662000 0!
#2662125 1"
#2662250 0*
#2663375 1*
#2664000 1!
#2664125 0*
#2665250 1*
#2666375 1) 1-
#2666625 0! 1# 0&
#2667500 0)
#2667625 0" 0# 0(
#2667750 1$ 1&
#2667875 0*
#2669000 1*
#2669125 1)
#2669375 0% 0&
#2669500 1(
#2670250 0)
#2670500 1! 1% 0'
#2670750 0+
#2671750 1+
#2672000 1)
#2672250 0! 1" 1# 0(
#2673000 0-
#2673125 0)
#2673250 0" 0$
#2673375 1& 1' 1(
#2673625 0*
#2674625 1*
#2675250 1!
#2675375 0*
#2676500 1*
#2677000 0!
#2677125 1"
#2677250 0*
#2678375 1*
#2679000 1!
#2679250 0*
#2680250 1*
#2681375 1) 1-
#2681625 0! 0&
#2682500 0)
#2682625 0" 0(
#2682750 1$ 1&
#2683000 0*
#2684000 1*
#2684125 1)
#2684375 0# 0% 0'
#2684500 1" 1(
#2685250 0)
#2685500 1! 1# 1%
#2685750 0*
#2686750 1*
#2687000 1)
#2687250 0! 0& 0(
#2688000 0-
#2688125 0)
#2688250 0" 0#
#2688375 1& 1' 1(
#2688625 0*
#2689625 1*
#2690250 1!
#2690500 0*
#2691500 1*
#2692000 0!
#2692125 1"
#2692375 0*
#2693375 1*
#2694000 1!
#2694250 0*
#2695250 1*
#2696375 1) 1-
#2696625 1#
#2696750 00
#2697500 0)
#2698000 0+
#2699000 1+
#2699125 1)
#2699375 0! 0" 0# 0% 0&
#2699500 0,
#2700250 0)
#2700500 1! 1% 0'
#2700750 0+
#2701750 1+
#2702000 1)
#2702250 0! 1" 1# 0(
#2702375 1,
#2703000 0-
#2703125 0)
#2703250 0"
#2703375 1& 1' 1(
#2703625 0*
#2703750 10
#2704625 1*
#2705250 1!
#2705500 0*
#2706500 1*
#2707000 0!
#2707125 1"
#2707375 0*
#2708375 1*
#2709000 1!
#2709250 0*
#2710250 1*
#2711375 1) 1-
#2711625 0! 0$ 0&
#2712500 0)
#2712625 0" 0# 0(
#2712875 0*
#2714000 1*
#2714625 1!
#2714875 0*
#2715875 1*
#2716375 0!
#2716500 1"
#2716750 0*
#2717500 1)
#2717750 1# 1( 1*
#2718500 0)
#2718750 0" 0(
#2719000 0*
#2720000 1*
#2720625 1!
#2720875 0*
#2721875 1*
#2722500 0! 1"
#2722750 0*
#2723500 1)
#2723750 1*
#2723875 1! 1$ 1& 1(
#2724625 0)
#2726375 1)
#2726625 0! 0# 0&
#2727500 0)
#2727625 0" 0% 0'
#2727750 1! 1#
#2727875 0*
#2729000 1*
#2729625 1%
#2729750 0*
#2730875 1*
#2731000 1)
#2731250 0$
#2731375 1'
#2732125 0)
#2732375 1$ 0% 0(
#2732625 0*
#2733625 1*
#2733875 1)
#2734125 0! 0# 1% 1(
#2734250 1"
#2735000 0)
#2735125 0" 0% 0'
#2735250 1! 1# 1&
#2735375 0*
#2736500 1*
#2737125 1%
#2737250 0*
#2738375 1*
#2738500 1)
#2738750 0$ 0&
#2738875 1'
#2739625 0)
#2739875 1$ 0(
#2740125 0*
#2741125 1*
#2741375 1)
#2741625 0! 1" 0$ 1(
#2742375 0)
#2742625 0" 0# 0(
#2742750 1$
#2742875 0*
#2744000 1*
#2744625 1!
#2744750 0*
#2745750 1*
#2746375 0!
#2746500 1"
#2746625 0*
#2747375 1)
#2747625 0$ 1*
#2747750 1# 1(
#2748500 0)
#2748750 0" 1$ 0(
#2749000 0*
#2750000 1*
#2750625 1!
#2750875 0*
#2751875 1*
#2752500 0! 1"
#2752750 0*
#2754000 1)
#2754250 1*
#2754750 0" 0# 0% 0' 1(
#2755500 0)
#2755875 1! 1%
#2756000 0+
#2757000 1+
#2757750 1)
#2758000 0! 1'
#2758125 1"
#2758875 0)
#2759500 1! 0" 0%
#2759625 1#
#2759750 0*
#2760750 1*
#2761375 1%
#2761625 0*
#2762625 1*
#2762875 1)
#2763125 0$
#2764000 0)
#2764125 0% 0(
#2764250 1$ 1&
#2764500 0*
#2765500 1*
#2765750 1)
#2765875 0! 0&
#2766000 1" 0# 1% 1(
#2766750 0)
#2767000 1! 0" 0% 1&
#2767125 1#
#2767250 0*
#2768250 1*
#2768875 1%
#2769125 0*
#2770125 1*
#2770375 1)
#2770625 0$ 0&
#2771500 0)
#2771625 0(
#2771750 1$ 1&
#2772000 0*
#2773000 1*
#2773125 1)
#2773375 0! 0&
#2773500 1" 0$ 1(
#2774250 0)
#2774500 0" 0# 0% 0' 0(
#2774750 0*
#2775750 1*
#2776375 1!
#2776625 0*
#2777625 1*
#2778250 0! 1"
#2778500 0*
#2779250 1)
#2779500 1*
#2779625 1# 1% 1' 1(
#2780375 0)
#2780625 0" 0# 0% 0' 0( 00
#2780875 0*
#2781875 1*
#2782500 1!
#2782750 0*
#2783750 1*
#2784250 0!
#2784375 1"
#2784625 0*
#2785375 1)
#2785625 0" 1( 1*
#2785750 1$ 1'
#2786500 0)
#2786625 0'
#2786750 1! 1%
#2787000 0+
#2787500 10
#2788000 1+
#2788125 1)
#2788375 0!
#2788500 1'
#2789250 0)
#2789500 1! 1# 0% 0' 0(
#2789750 0*
#2790750 1*
#2791375 1%
#2791625 0*
#2792625 1*
#2792875 1)
#2793125 0! 0$ 1' 1(
#2794000 0)
#2794125 0% 0' 0(
#2794250 1! 1$
#2794375 0*
#2795500 1*
#2795625 1)
#2795875 0! 0#
#2796000 1% 1' 1(
#2796750 0)
#2797000 1! 1# 0% 0' 0(
#2797250 0*
#2798250 1*
#2798875 1%
#2799125 0*
#2800125 1*
#2800375 1)
#2800625 0! 0$ 1' 1(
#2801500 0)
#2801625 0% 0' 0(
#2801750 1! 1$
#2801875 0*
#2803000 1*
#2803125 1)
#2803375 0! 0$
#2803500 1" 1% 1' 1(
#2804250 0)
#2804500 0" 0# 0% 0' 0(
#2804750 0*
#2805750 1*
#2806375 1!
#2806625 0*
#2807625 1*
#2808125 0!
#2808250 1"
#2808500 0*
#2809250 1)
#2809500 1*
#2809625 1# 1% 1' 1(
#2810375 0)
#2810500 0" 0# 0% 0' 0(
#2810875 0*
#2811875 1*
#2812500 1!
#2812750 0*
#2813750 1*
#2814250 0!
#2814375 1"
#2814625 0*
#2815375 1)
#2815500 0"
#2815625 1$ 1' 1( 1*
#2815750 0,
#2816375 0)
#2816625 0'
#2816750 1! 1%
#2816875 0+
#2818000 1+
#2818125 1)
#2818375 0!
#2818500 1' 1,
#2819250 0)
#2819375 0' 0(
#2819500 1! 1# 0%
#2819750 0*
#2820750 1*
#2821375 1%
#2821625 0*
#2822625 1*
#2822875 1)
#2823000 0!
#2823125 0$ 1' 1(
#2823875 0)
#2824125 1! 1$ 0% 0' 0(
#2824375 0*
#2825375 1*
#2825625 1)
#2825875 0! 0# 1(
#2826000 1% 1'
#2826750 0)
#2826875 0% 0' 0(
#2827000 1! 1#
#2827250 0*
#2828250 1*
#2828875 1%
#2829125 0*
#2830125 1*
#2830375 1)
#2830500 0!
#2830625 0$ 1' 1(
#2831375 0)
#2831625 1! 1$ 0% 0' 0(
#2831875 0*
#2832875 1*
#2833125 1)
#2848375 0! 0# 1(
#2849250 0)
#2849500 1" 1%
#2849750 0+
#2850750 1+
#2850875 1)
#2852125 1!
#2852250 1# 1& 1'
#2853000 0)
#2854625 1)
#2857750 0! 0$ 0&
#2858625 0)
#2858750 0" 0# 0% 0' 0(
#2859125 0*
#2860125 1*
#2860250 1)
#2860625 1! 1" 1# 1$ 1% 1& 1' 1(
#2861375 0)
#2863125 1)
#2864250 0)
#2864500 00
#2864750 0+
#2865750 1+
#2866625 0+
#2867625 1+
#2868500 0+
#2869500 1+
#2870375 0+
#2871375 1+ 10
#2872500 1)
#2872750 0! 0$ 0&
#2873625 0)
#2873750 0" 0% 0' 0(
#2874125 0*
#2875125 1*
#2875250 1)
#2875500 0#
#2875625 1$ 1' 1(
#2876375 0)
#2876625 1" 1% 0'
#2876875 0+
#2877875 1+
#2878125 1)
#2878375 1! 1# 0(
#2879125 0-
#2879250 0)
#2879375 0! 0" 0# 0$ 0%
#2879625 0*
#2880750 1*
#2881375 1!
#2881500 0*
#2882625 1*
#2883125 0!
#2883250 1"
#2883375 0*
#2884500 1*
#2885125 1!
#2885250 0*
#2886375 1*
#2887500 1) 1-
#2887750 0! 1# 1% 1' 1(
#2888625 0)
#2888750 0" 0# 0% 0' 0(
#2888875 1$
#2889000 0*
#2890125 1*
#2890250 1)
#2890625 1' 1( 0,
#2891375 0)
#2891625 1" 1% 0'
#2891875 0+
#2892875 1+
#2893125 1)
#2893375 1! 1# 0(
#2893500 1,
#2894125 0-
#2894250 0)
#2894375 0! 0" 0$ 0%
#2894625 0*
#2895750 1*
#2896375 1!
#2896500 0*
#2897625 1*
#2898125 0!
#2898250 1"
#2898375 0*
#2899500 1*
#2900125 1!
#2900250 0*
#2901375 1*
#2902500 1) 1-
#2902750 0! 1% 1' 1(
#2903625 0)
#2903750 0" 0% 0' 0(
#2903875 1$
#2904000 0*
#2905125 1*
#2905250 1)
#2905500 0#
#2905625 1! 1" 1& 1(
#2906375 0)
#2906625 1# 1%
#2906875 0+
#2907875 1+
#2908125 1)
#2908375 0& 0(
#2909125 0-
#2909250 0)
#2909375 0! 0" 0# 0%
#2909625 0*
#2910750 1*
#2911375 1!
#2911500 0*
#2912625 1*
#2913125 0!
#2913250 1"
#2913375 0*
#2914500 1*
#2915125 1!
#2915375 0*
#2916375 1*
#2917500 1) 1-
#2917750 0! 0$ 1' 1(
#2917875 1# 1%
#2918625 0)
#2918750 0" 0# 0' 0(
#2919000 0*
#2920125 1*
#2920250 1)
#2920500 0%
#2920625 1$ 1(
#2921375 0)
#2921625 1" 1%
#2921875 0+
#2922875 1+
#2923125 1)
#2923375 1! 1# 0(
#2924125 0-
#2924250 0)
#2924375 0! 0" 0%
#2924750 0*
#2925750 1*
#2926375 1!
#2926625 0*
#2927625 1*
#2928125 0!
#2928250 1"
#2928500 0*
#2929500 1*
#2930125 1!
#2930375 0*
#2931375 1*
#2932500 1) 1-
#2932750 0! 0$ 1' 1(
#2932875 1%
#2933625 0)
#2933750 0" 0' 0(
#2934125 0*
#2935125 1*
#2935250 1)
#2935625 1! 1" 1$ 1& 1' 1(
#2936375 0)
#2938125 1)
#2938375 0& 0' 0(
#2939125 0-
#2939250 0)
#2939375 0! 0" 0# 0$
#2939750 0*
#2940750 1*
#2941375 1!
#2941625 0*
#2942625 1*
#2943125 0!
#2943250 1"
#2943500 0*
#2944500 1*
#2945125 1!
#2945375 0*
#2946375 1*
#2947500 1) 1-
#2947750 0! 1' 1(
#2947875 1#
#2948250 00
#2948625 0)
#2948750 0" 0# 0' 0(
#2948875 1$
#2949125 0*
#2950125 1*
#2950250 1)
#2950500 0%
#2950625 1' 1(
#2951375 0)
#2951625 1% 0'
#2951750 1"
#2951875 0+
#2952875 1+
#2953125 1)
#2953375 1! 0(
#2953500 1#
#2954250 0) 0-
#2954375 0! 0"
#2954500 0$
#2954750 0*
#2955250 10
#2955750 1*
#2956375 1!
#2956625 0*
#2957625 1*
#2958125 0!
#2958250 1"
#2958500 0*
#2959500 1*
#2960125 1!
#2960375 0*
#2961375 1*
#2962500 1) 1-
#2962750 0!
#2962875 1' 1(
#2963625 0)
#2963750 0' 0(
#2963875 0" 1$
#2964125 0*
#2965125 1*
#2965375 1)
#2965625 0% 1& 1(
#2966375 0)
#2966750 1! 1" 1%
#2966875 0*
#2967875 1*
#2968125 1)
#2968375 0& 0(
#2969250 0) 0-
#2969375 0! 0"
#2969500 0#
#2969750 0*
#2970750 1*
#2971375 1!
#2971625 0*
#2972625 1*
#2973125 0!
#2973250 1"
#2973500 0*
#2974500 1*
#2975125 1!
#2975375 0*
#2976375 1*
#2977500 1)
#2977625 1-
#2977750 0! 0$
#2977875 1# 1' 1(
#2978625 0)
#2978875 0" 0# 0% 1& 0' 0(
#2979125 0*
#2980125 1*
#2980375 1)
#2980625 0& 1' 1(
#2980750 1$ 0,
#2981500 0)
#2981625 0'
#2981750 1" 1%
#2982000 0+
#2983000 1+
#2983125 1)
#2983375 0(
#2983500 1! 1# 1,
#2984250 0) 0-
#2984375 0!
#2984500 0"
#2984750 0*
#2985750 1*
#2986375 1!
#2986625 0*
#2987625 1*
#2988250 0! 1"
#2988500 0*
#2989500 1*
#2990125 1!
#2990375 0*
#2991375 1*
#2992500 1)
#2992625 1-
#2992750 0!
#2992875 0$ 1' 1(
#2993625 0)
#2993875 0" 0% 1& 0' 0(
#2994125 0*
#2995125 1*
#2995375 1)
#2995625 1(
#2995750 1! 1" 1$ 1% 1'
#2996500 0)
#2998125 1)
#2998375 0'
#2998500 0& 0(
#2999250 0) 0-
#2999500 0! 0" 0# 0$ 0% 1&
#2999750 0*
#3000750 1*
#3001375 1!
#3001625 0*
#3002625 1*
#3003250 0! 1"
#3003500 0*
#3004500 1*
#3005125 1!
#3005375 0*
#3006375 1*
#3007625 1) 1-
#3007750 0!
#3007875 1# 1% 0& 1' 1(
#3008625 0)
#3008875 0" 0# 0% 1& 0' 0(
#3009000 1$
#3009125 0*
#3010125 1*
#3010375 1)
#3010625 0&
#3010750 1(
#3011500 0)
#3011750 1! 1" 1%
#3012000 0+
#3013000 1+
#3013250 1)
#3013500 1# 0(
#3014250 0) 0-
#3014500 0! 0" 0$ 0%
#3014625 1&
#3014750 0*
#3015875 1*
#3016375 1!
#3016625 0*
#3017750 1*
#3018250 0!
#3018375 1"
#3018500 0*
#3019625 1*
#3020125 1!
#3020375 0*
#3021500 1*
#3022625 1) 1-
#3022875 0! 1% 0& 1' 1(
#3023750 0)
#3023875 0" 0% 0' 0(
#3024000 1$ 1&
#3024125 0*
#3025250 1*
#3025375 1)
#3025750 1! 1(
#3026500 0)
#3026750 1" 1%
#3027000 0+
#3028000 1+
#3028250 1)
#3028500 0& 0(
#3029250 0-
#3029375 0)
#3029500 0! 0" 0# 0%
#3029625 1&
#3029875 0*
#3030875 1*
#3031500 1!
#3031750 0*
#3032125 00
#3032750 1*
#3033250 0!
#3033375 1"
#3033625 0*
#3034625 1*
#3035250 1!
#3035500 0*
#3036500 1*
#3037625 1) 1-
#3037875 0! 0$ 0& 1' 1(
#3038000 1# 1%
#3038750 0)
#3038875 0" 0# 0' 0(
#3039000 1&
#3039125 10
#3039250 0*
#3040250 1*
#3040375 1)
#3040625 0% 0&
#3040750 1$ 1' 1(
#3041500 0)
#3041750 1! 1" 1% 0'
#3042000 0+
#3043000 1+
#3043250 1)
#3043500 0(
#3043625 1#
#3044250 0-
#3044375 0)
#3044500 0! 0" 0%
#3044625 1&
#3044875 0*
#3045875 1*
#3046500 1!
#3046750 0*
#3047750 1*
#3048250 0!
#3048375 1"
#3048625 0*
#3049625 1*
#3050250 1!
#3050500 0*
#3051500 1*
#3052625 1) 1-
#3052875 0! 0$ 0&
#3053000 1% 1' 1(
#3053750 0)
#3053875 0' 0(
#3054000 0" 1&
#3054250 0*
#3055250 1*
#3055500 1)
#3055625 0&
#3055750 0# 1$ 0% 1' 1(
#3055875 0,
#3056500 0)
#3056750 0'
#3056875 1! 1" 1%
#3057000 0+
#3058125 1+
#3058250 1)
#3058500 0(
#3058625 1# 1,
#3059375 0) 0-
#3059500 0! 0#
#3059625 0" 0$ 1&
#3059875 0*
#3060875 1*
#3061500 1!
#3061750 0*
#3062750 1*
#3063250 0!
#3063375 1"
#3063625 0*
#3064625 1*
#3065250 1!
#3065500 0*
#3066500 1*
#3067625 1)
#3067750 1-
#3067875 0! 0&
#3068000 1# 1' 1(
#3068750 0)
#3069000 0" 0# 1$ 1& 0' 0(
#3069250 0*
#3070250 1*
#3070500 1)
#3070750 1! 1" 1' 1(
#3070875 1#
#3071625 0)
#3073250 1)
#3073500 0& 0' 0(
#3074375 0) 0-
#3074625 0! 0" 0$ 1&
#3074875 0*
#3075875 1*
#3076500 1!
#3076750 0*
#3077750 1*
#3078375 0! 1"
#3078625 0*
#3079625 1*
#3080250 1!
#3080500 0*
#3081500 1*
#3082625 1)
#3082750 1-
#3082875 0! 0&
#3083000 1' 1(
#3083750 0)
#3084000 0" 1$ 1& 0' 0(
#3084250 0*
#3085250 1*
#3085500 1)
#3085750 0% 1(
#3085875 1"
#3086625 0)
#3086875 1! 1%
#3087125 0*
#3088125 1*
#3088250 1)
#3088500 0(
#3088625 0&
#3089375 0) 0-
#3089625 0! 0" 0# 1&
#3089875 0*
#3090875 1*
#3091500 1!
#3091750 0*
#3092750 1*
#3093375 0! 1"
#3093625 0*
#3094625 1*
#3095250 1!
#3095500 0*
#3096500 1*
#3097750 1) 1-
#3097875 0!
#3098000 1# 0$ 0& 1' 1(
#3098750 0)
#3099000 0" 0# 0% 0(
#3099250 0*
#3100250 1*
#3100500 1)
#3100750 0'
#3100875 1$ 1(
#3101625 0)
#3101875 1! 1" 1%
#3102125 0+
#3103125 1+
#3103375 1)
#3103625 1# 0(
#3104375 0) 0-
#3104625 0! 0"
#3104750 1&
#3104875 0*
#3105875 1*
#3106500 1!
#3106750 0*
#3107750 1*
#3108375 0!
#3108500 1"
#3108625 0*
#3109625 1*
#3110250 1!
#3110500 0*
#3111500 1*
#3112750 1) 1-
#3113000 0! 0$ 0& 1' 1(
#3113750 0)
#3114000 0" 0% 0(
#3114250 0*
#3115250 1*
#3115500 1)
#3115875 1! 1" 1$ 1% 1& 1(
#3116000 00
#3116625 0)
#3118375 1)
#3118625 0& 0' 0(
#3119375 0) 0-
#3119625 0! 0" 0# 0$ 0% 1'
#3119875 0*
#3120875 1*
#3121500 1!
#3121750 0*
#3122750 1*
#3123000 10
#3123375 0!
#3123500 1"
#3123625 0*
#3124625 1*
#3125250 1!
#3125500 0*
#3126500 1*
#3127750 1) 1-
#3127875 0!
#3128000 1# 1% 1(
#3128750 0)
#3129000 0" 0# 0% 0(
#3129125 1$
#3129250 0*
#3130250 1*
#3130500 1)
#3130875 1(
#3131625 0)
#3131875 1! 1" 1% 0'
#3132125 0+
#3133125 1+
#3133375 1)
#3133625 1# 0(
#3134375 0) 0-
#3134625 0! 0" 0$ 0%
#3134750 1'
#3134875 0*
#3135875 1*
#3136500 1!
#3136750 0*
#3137750 1*
#3138375 0!
#3138500 1"
#3138625 0*
#3139625 1*
#3140250 1!
#3140500 0*
#3141500 1*
#3142750 1) 1-
#3142875 0!
#3143000 1% 1(
#3143750 0)
#3144000 0" 0% 0(
#3144125 1$
#3144250 0*
#3145250 1*
#3145500 1)
#3145750 0'
#3145875 1! 1" 1& 1(
#3146625 0)
#3146875 1%
#3147125 0+
#3148125 1+
#3148375 1)
#3148625 0& 0(
#3149375 0) 0-
#3149625 0! 0" 0# 0%
#3149750 1'
#3149875 0*
#3150875 1*
#3151500 1!
#3151750 0*
#3152750 1*
#3153375 0!
#3153500 1"
#3153625 0*
#3154625 1*
#3155250 1!
#3155500 0*
#3156500 1*
#3157750 1) 1-
#3157875 0!
#3158000 1# 0$ 1% 1(
#3158750 0)
#3159000 0" 0# 0(
#3159250 0*
#3160250 1*
#3160500 1)
#3160750 0%
#3160875 1$ 1( 0,
#3161625 0)
#3161875 1! 1" 1% 0'
#3162125 0+
#3163125 1+
#3163375 1)
#3163625 1# 0(
#3163750 1,
#3164375 0) 0-
#3164625 0! 0" 0% 1'
#3164875 0*
#3165875 1*
#3166500 1!
#3166750 0*
#3167750 1*
#3168375 0! 1"
#3168625 0*
#3169625 1*
#3170250 1!
#3170500 0*
#3171500 1*
#3172750 1) 1-
#3172875 0!
#3173000 0$ 1% 1(
#3173750 0)
#3174000 0" 0(
#3174250 0*
#3175250 1*
#3175500 1)
#3175875 1! 1" 1$ 1& 1(
#3176625 0)
#3178250 1)
#3178625 0& 0' 0(
#3179375 0) 0-
#3179625 0! 0" 0# 0$ 1'
#3179875 0*
#3180875 1*
#3181500 1!
#3181750 0*
#3182750 1*
#3183375 0! 1"
#3183625 0*
#3184625 1*
#3185250 1!
#3185500 0*
#3186500 1*
#3187625 1)
#3187750 1-
#3187875 0!
#3188000 1# 1(
#3188750 0)
#3189000 0" 0# 1$ 0(
#3189250 0*
#3190250 1*
#3190500 1)
#3190750 0% 0' 1(
#3191625 0)
#3191875 1# 1%
#3192125 0+
#3193125 1+
#3193250 1)
#3193500 0(
#3193625 1! 1"
#3194375 0) 0-
#3194625 0! 0" 0$ 1'
#3194875 0*
#3195875 1*
#3196500 1!
#3196750 0*
#3197750 1*
#3198375 0! 1"
#3198625 0*
#3199625 1*
#3199875 00
#3200250 1!
#3200500 0*
#3201500 1*
#3202625 1)
#3202750 1-
#3202875 0!
#3203000 1(
#3203750 0)
#3204000 0" 1$ 0(
#3204250 0*
#3205250 1*
#3205500 1)
#3205750 0# 0$ 1& 0' 1(
#3206625 0)
#3206750 10
#3206875 1! 1" 1# 1$
#3207125 0*
#3208125 1*
#3208250 1)
#3208500 0& 0(
#3209375 0) 0-
#3209625 0! 0" 0# 1'
#3209875 0*
#3210875 1*
#3211500 1!
#3211750 0*
#3212750 1*
#3213250 0!
#3213375 1"
#3213625 0*
#3214625 1*
#3215250 1!
#3215500 0*
#3216500 1*
#3217625 1)
#3217750 1-
#3217875 0! 0$
#3218000 1# 1(
#3218750 0)
#3219000 0" 0# 0% 1& 0(
#3219250 0*
#3220250 1*
#3220500 1)
#3220750 1$ 0& 1(
#3221500 0)
#3221750 0'
#3221875 1# 1%
#3222125 0+
#3223125 1+
#3223250 1)
#3223500 0(
#3223625 1! 1"
#3224375 0) 0-
#3224500 0! 0"
#3224625 1'
#3224875 0*
#3225875 1*
#3226500 1!
#3226750 0*
#3227750 1*
#3228250 0!
#3228375 1"
#3228625 0*
#3229625 1*
#3230250 1!
#3230500 0*
#3231500 1*
#3232625 1) 1-
#3232875 0! 0$ 1(
#3233750 0)
#3233875 0" 0(
#3234000 0% 1&
#3234250 0*
#3235250 1*
#3235500 1)
#3235625 0# 0&
#3235750 1$ 1(
#3235875 0,
#3236500 0)
#3236750 0'
#3236875 1# 1%
#3237000 0+
#3238000 1+
#3238250 1)
#3238500 1! 0(
#3238625 1" 1,
#3239375 0) 0-
#3239500 0! 0" 0# 0$ 0%
#3239625 1& 1'
#3239875 0*
#3240875 1*
#3241500 1!
#3241750 0*
#3242750 1*
#3243250 0!
#3243375 1"
#3243625 0*
#3244625 1*
#3245250 1!
#3245500 0*
#3246500 1*
#3247625 1) 1-
#3247875 0! 0& 1(
#3248000 1# 1%
#3248750 0)
#3248875 0" 0# 0% 0(
#3249000 1$ 1&
#3249250 0*
#3250250 1*
#3250375 1)
#3250750 1! 1" 1# 1% 1(
#3251500 0)
#3253250 1)
#3253500 0& 0' 0(
#3254250 0-
#3254375 0)
#3254500 0! 0" 0$ 0%
#3254625 1& 1'
#3254875 0*
#3255875 1*
#3256500 1!
#3256750 0*
#3257750 1*
#3258250 0!
#3258375 1"
#3258625 0*
#3259625 1*
#3260250 1!
#3260500 0*
#3261500 1*
#3262625 1) 1-
#3262875 0! 1% 0& 1(
#3263750 0)
#3263875 0" 0% 0(
#3264000 1$ 1&
#3264250 0*
#3265250 1*
#3265375 1)
#3265625 0# 0$ 0'
#3265750 1! 1% 1(
#3266500 0)
#3266750 1" 1# 1$
#3267000 0+
#3268000 1+
#3268250 1)
#3268500 0& 0(
#3269250 0-
#3269375 0)
#3269500 0! 0" 0# 0%
#3269625 1& 1'
#3269750 0*
#3270875 1*
#3271500 1!
#3271625 0*
#3272750 1*
#3273250 0!
#3273375 1"
#3273500 0*
#3274625 1*
#3275250 1!
#3275375 0*
#3276500 1*
#3277625 1) 1-
#3277875 0! 1# 0$ 1% 0& 1(
#3278750 0)
#3278875 0" 0# 0(
#3279000 1&
#3279125 0*
#3280250 1*
#3280375 1)
#3280625 0% 0& 0'
#3280750 1$ 1(
#3281500 0)
#3281750 1# 1%
#3282000 0+
#3283000 1+
#3283250 1)
#3283500 1! 1" 0(
#3283625 00
#3284250 0) 0-
#3284500 0! 0" 0%
#3284625 1& 1'
#3284750 0*
#3285875 1*
#3286500 1!
#3286625 0*
#3287625 1*
#3288250 0!
#3288375 1"
#3288500 0*
#3289500 1*
#3290125 1!
#3290375 0*
#3290625 10
#3291375 1*
#3292625 1) 1-
#3292875 0! 0$ 1% 0& 1(
#3293625 0)
#3293875 0" 0(
#3294000 1&
#3294125 0*
#3295125 1*
#3295375 1)
#3295750 1! 1" 1$ 1(
#3296500 0)
#3298250 1)
#3298500 0& 0' 0(
#3299250 0) 0-
#3299500 0! 0" 0# 0$ 1& 1'
#3299750 0*
#3300750 1*
#3301375 1!
#3301625 0*
#3302625 1*
#3303250 0!
#3303375 1"
#3303500 0*
#3304500 1*
#3305125 1!
#3305375 0*
#3306375 1*
#3307625 1) 1-
#3307750 0!
#3307875 1# 0& 1(
#3308625 0)
#3308875 0" 0# 1& 0(
#3309000 1$
#3309125 0*
#3310125 1*
#3310375 1)
#3310625 0% 0&
#3310750 1(
#3311500 0)
#3311625 0'
#3311750 1# 1%
#3312000 0+
#3313000 1+
#3313250 1)
#3313500 1! 1" 0(
#3314250 0) 0-
#3314500 0! 0" 0$ 1& 1'
#3314750 0*
#3315750 1*
#3316375 1!
#3316625 0*
#3317625 1*
#3318250 0!
#3318375 1"
#3318500 0*
#3319500 1*
#3320125 1!
#3320375 0*
#3321375 1*
#3322625 1) 1-
#3322750 0!
#3322875 0& 1(
#3323625 0)
#3323875 0" 1& 0(
#3324000 1$
#3324125 0*
#3325125 1*
#3325375 1)
#3325625 0# 0$ 0'
#3325750 1" 1(
#3326500 0)
#3326750 1! 1# 1$
#3327000 0*
#3328000 1*
#3328250 1)
#3328500 0& 0(
#3329250 0) 0-
#3329500 0! 0" 0# 1& 1'
#3329750 0*
#3330750 1*
#3331375 1!
#3331625 0*
#3332625 1*
#3333250 0!
#3333375 1"
#3333500 0*
#3334500 1*
#3335125 1!
#3335375 0*
#3336375 1*
#3337625 1) 1-
#3337875 1# 1(
#3338625 0)
#3339125 0+
#3340250 1+
#3340375 1)
#3340625 0! 0" 0# 0% 0&
#3340750 0,
#3341500 0)
#3341625 0'
#3341750 1# 1%
#3342000 0+
#3343000 1+
#3343250 1)
#3343500 1! 1" 0(
#3343625 1,
#3344250 0) 0-
#3344500 0! 0" 1'
#3344625 1&
#3344750 0*
#3345750 1*
#3346375 1!
#3346625 0*
#3347625 1*
#3348250 0!
#3348375 1"
#3348500 0*
#3349500 1*
#3350125 1!
#3350375 0*
#3351375 1*
#3352625 1) 1-
#3352875 0! 0$ 0& 1(
#3353625 0)
#3353875 0" 0# 0(
#3354125 0*
#3355125 1*
#3355750 1!
#3356000 0*
#3357000 1*
#3357625 0!
#3357750 1"
#3357875 0*
#3358625 1)
#3358875 1*
#3359000 1# 1(
#3359750 0)
#3360000 0" 0(
#3360250 0*
#3361250 1*
#3361875 1!
#3362125 0*
#3363125 1*
#3363750 0! 1"
#3364000 0*
#3364750 1)
#3365000 1*
#3365125 1! 1$ 1& 1(
#3365875 0)
#3367500 00
#3367625 1)
#3367875 0! 0# 0&
#3368625 0)
#3368875 0% 0'
#3369000 1#
#3369125 0*
#3370250 1*
#3370875 1%
#3371000 0*
#3372125 1*
#3372250 1)
#3372500 0" 0$
#3372625 1! 1'
#3373375 0)
#3373625 0! 1" 1$ 0% 0(
#3373875 0*
#3374500 10
#3374875 1*
#3375125 1)
#3375375 0# 1% 1(
#3376250 0)
#3376375 0% 0'
#3376500 1# 1&
#3376625 0*
#3377750 1*
#3378375 1%
#3378625 0*
#3379625 1*
#3379750 1)
#3380000 0" 0$ 0&
#3380125 1! 1'
#3380875 0)
#3381125 0! 1" 1$ 0(
#3381375 0*
#3382375 1*
#3382625 1)
#3382875 0$ 1(
#3383750 0)
#3383875 0" 0# 0(
#3384000 1$
#3384125 0*
#3385250 1*
#3385875 1!
#3386125 0*
#3387125 1*
#3387625 0!
#3387750 1"
#3388000 0*
#3388750 1)
#3389000 0$ 1( 1*
#3389125 1#
#3389750 0)
#3390000 0" 1$ 0(
#3390250 0*
#3391250 1*
#3391875 1!
#3392125 0*
#3393125 1*
#3393750 0!
#3393875 1"
#3394000 0*
#3395250 1)
#3395500 1*
#3396000 0" 0# 0% 0' 1(
#3396875 0)
#3397125 1! 1# 1%
#3397375 0+
#3398375 1+
#3399000 1)
#3399250 0! 0#
#3399375 1" 1'
#3400125 0)
#3400750 0%
#3400875 1#
#3401125 0*
#3402125 1*
#3402750 1%
#3403000 0*
#3404000 1*
#3404125 1)
#3404375 0"
#3404500 1! 0$
#3405250 0)
#3405500 0! 1$ 0% 1& 0(
#3405625 1"
#3405750 0*
#3406750 1*
#3407000 1)
#3407250 0# 0& 1(
#3407375 1%
#3408125 0)
#3408250 0%
#3408375 1# 1&
#3408625 0*
#3409625 1*
#3410250 1%
#3410500 0*
#3411500 1*
#3411750 1)
#3412000 1! 0" 0$ 0&
#3412750 0)
#3413000 0! 1& 0(
#3413125 1" 1$
#3413250 0*
#3414250 1*
#3414500 1)
#3414750 0$ 0& 1(
#3415625 0)
#3415750 0(
#3415875 0" 0# 0% 0'
#3416125 0*
#3417125 1*
#3417750 1!
#3418000 0*
#3419000 1*
#3419500 0!
#3419625 1"
#3419875 0*
#3420625 1)
#3420875 1*
#3421000 1# 1% 1' 1(
#3421750 0)
#3421875 0" 0# 0% 0' 0(
#3422250 0*
#3423250 1*
#3423875 1!
#3424125 0*
#3425125 1*
#3425625 0!
#3425750 1"
#3426000 0*
#3426750 1)
#3427000 0" 1' 1( 1*
#3427125 1$
#3427875 0)
#3428000 0'
#3428125 1! 1# 1%
#3428375 0+
#3429375 1+
#3429500 1)
#3429750 0! 0#
#3429875 1'
#3430625 0)
#3430875 1" 1# 0% 0' 0(
#3431125 0*
#3432125 1*
#3432750 1%
#3433000 0*
#3434000 1*
#3434250 1)
#3434500 0" 0$ 1' 1(
#3435375 0)
#3435500 0% 0' 0(
#3435625 1" 1$
#3435875 0*
#3436875 1*
#3437000 1)
#3437250 0" 0#
#3437375 1% 1' 1(
#3438125 0)
#3438375 1" 1# 0% 0' 0(
#3438625 0*
#3439625 1*
#3440250 1%
#3440500 0*
#3441500 1*
#3441750 1)
#3442000 0" 0$ 1' 1(
#3442875 0)
#3443000 0% 0' 0(
#3443125 1" 1$
#3443375 0*
#3444375 1*
#3444500 1)
#3444750 0$
#3444875 1% 1' 1(
#3445625 0)
#3445875 0" 0# 0% 0' 0(
#3446125 0*
#3447125 1*
#3447750 1!
#3448000 0*
#3449000 1*
#3449625 0! 1"
#3449875 0*
#3450625 1)
#3450875 1*
#3451000 1# 1% 1' 1(
#3451375 00
#3451750 0)
#3452000 0" 0# 0% 0' 0(
#3452250 0*
#3453250 1*
#3453875 1!
#3454125 0*
#3455125 1*
#3455750 0! 1"
#3456000 0*
#3456750 1)
#3457000 0" 1*
#3457125 1$ 1' 1( 0,
#3457875 0)
#3458000 0'
#3458125 1! 1# 1%
#3458375 0+ 10
#3459375 1+
#3459625 1)
#3459750 0!
#3459875 0# 1'
#3460000 1,
#3460625 0)
#3460875 0% 0' 0(
#3461000 1" 1#
#3461125 0*
#3462125 1*
#3462875 1%
#3463000 0*
#3464125 1*
#3464250 1)
#3464500 0" 0$
#3464625 1' 1(
#3465375 0)
#3465625 1" 1$ 0% 0' 0(
#3465875 0*
#3466875 1*
#3467125 1)
#3467375 0" 0# 1% 1' 1(
#3468250 0)
#3468375 0% 0' 0(
#3468500 1" 1#
#3468625 0*
#3469750 1*
#3470375 1%
#3470500 0*
#3471625 1*
#3471750 1)
#3472000 0" 0$
#3472125 1' 1(
#3472875 0)
#3473125 1" 1$ 0% 0' 0(
#3473375 0*
#3474375 1*
#3474625 1)
#3489875 0" 0# 1(
#3490750 0)
#3491000 1! 1# 1%
#3491250 0+
#3492250 1+
#3492375 1)
#3493750 1" 1& 1'
#3494500 0)
#3496250 1)
#3499250 0! 0$ 0&
#3500125 0)
#3500375 0" 0# 0% 0' 0(
#3500625 0*
#3501625 1*
#3501875 1)
#3502125 1! 1" 1# 1$ 1% 1& 1' 1(
#3502875 0)
#3504625 1)
#3505750 0)
#3506250 0+
#3507250 1+
#3508125 0+
#3509125 1+
#3510000 0+
#3511000 1+
#3511875 0+
#3512875 1+
#3514000 1)
#3514250 0! 0$ 0&
#3515125 0)
#3515375 0" 0% 0' 0(
#3515625 0*
#3516625 1*
#3516875 1)
#3517125 0# 1' 1(
#3517250 1$
#3518000 0)
#3518125 0'
#3518250 1! 1# 1%
#3518500 0+
#3519500 1+
#3519625 1)
#3519875 0(
#3520000 1"
#3520750 0) 0-
#3521000 0! 0" 0# 0$ 0% 1(
#3521250 0*
#3522250 1*
#3522875 1!
#3523125 0*
#3524125 1*
#3524750 0! 1"
#3525000 0*
#3526000 1*
#3526625 1!
#3526875 0*
#3527875 1*
#3529000 1)
#3529125 1-
#3529250 0!
#3529375 1# 1% 1'
#3530125 0)
#3530375 0" 0# 1$ 0% 0' 0(
#3530625 0*
#3531625 1*
#3531875 1)
#3532125 1' 1(
#3532250 0,
#3533000 0)
#3533125 0'
#3533250 1! 1# 1%
#3533500 0+
#3534500 1+
#3534625 1)
#3534875 0(
#3535000 1"
#3535125 1,
#3535250 00
#3535750 0) 0-
#3536000 0! 0" 0$ 0% 1(
#3536250 0*
#3537250 1*
#3537875 1!
#3538125 0*
#3539125 1*
#3539750 0! 1"
#3540000 0*
#3541000 1*
#3541625 1!
#3541875 0*
#3542250 10
#3542875 1*
#3544000 1)
#3544125 1-
#3544250 0!
#3544375 1% 1'
#3545125 0)
#3545375 0" 1$ 0% 0' 0(
#3545625 0*
#3546625 1*
#3546875 1)
#3547125 1! 0# 0$ 1(
#3547250 1" 1% 1&
#3548000 0)
#3548250 1# 1$
#3548500 0+
#3549500 1+
#3549625 1)
#3549875 0& 0(
#3550750 0) 0-
#3551000 0! 0" 0# 0% 1(
#3551250 0*
#3552250 1*
#3552875 1!
#3553125 0*
#3554125 1*
#3554750 0! 1"
#3555000 0*
#3556000 1*
#3556625 1!
#3556875 0*
#3557875 1*
#3559000 1)
#3559125 1-
#3559250 0!
#3559375 1# 0$ 1% 1'
#3560125 0)
#3560375 0" 0# 0' 0(
#3560625 0*
#3561625 1*
#3561875 1)
#3562125 0% 1(
#3562250 1$
#3563000 0)
#3563250 1" 1# 1%
#3563500 0+
#3564500 1+
#3564625 1)
#3564875 0(
#3565000 1!
#3565750 0) 0-
#3566000 0! 0" 0% 1(
#3566250 0*
#3567250 1*
#3567875 1!
#3568125 0*
#3569125 1*
#3569750 0! 1"
#3570000 0*
#3571000 1*
#3571625 1!
#3571875 0*
#3572875 1*
#3574000 1)
#3574125 1-
#3574250 0!
#3574375 0$ 1% 1'
#3575125 0)
#3575375 0" 0' 0(
#3575625 0*
#3576625 1*
#3576875 1)
#3577125 1(
#3577250 1! 1" 1$ 1& 1'
#3578000 0)
#3579625 1)
#3579875 0& 0' 0(
#3580750 0) 0-
#3581000 0! 0" 0# 0$ 1(
#3581250 0*
#3582250 1*
#3582875 1!
#3583125 0*
#3584125 1*
#3584750 0! 1"
#3585000 0*
#3586000 1*
#3586625 1!
#3586875 0*
#3587875 1*
#3589000 1)
#3589125 1-
#3589250 0!
#3589375 1# 1'
#3590125 0)
#3590375 0" 0# 1$ 0' 0(
#3590625 0*
#3591625 1*
#3591875 1)
#3592125 0% 1' 1(
#3593000 0)
#3593125 0'
#3593250 1" 1# 1%
#3593500 0+
#3594500 1+
#3594625 1)
#3594875 0(
#3595000 1!
#3595750 0) 0-
#3595875 0!
#3596000 0" 0$ 1(
#3596250 0*
#3597250 1*
#3597875 1!
#3598125 0*
#3599125 1*
#3599625 0!
#3599750 1"
#3600000 0*
#3601000 1*
#3601625 1!
#3601875 0*
#3602875 1*
#3604000 1)
#3604125 1-
#3604250 0!
#3604375 1'
#3605125 0)
#3605375 0" 1$ 0' 0(
#3605625 0*
#3606625 1*
#3606875 1)
#3607125 0$ 1& 1(
#3608000 0)
#3608250 1! 1" 1$
#3608375 0*
#3609500 1*
#3609625 1)
#3609875 0& 0(
#3610750 0) 0-
#3610875 0!
#3611000 0" 0# 1(
#3611250 0*
#3612250 1*
#3612875 1!
#3613125 0*
#3614125 1*
#3614625 0!
#3614750 1"
#3615000 0*
#3616000 1*
#3616625 1!
#3616875 0*
#3617875 1*
#3619000 1) 1-
#3619125 00
#3619250 0! 0$
#3619375 1# 1'
#3620125 0)
#3620250 0#
#3620375 0" 0% 1& 0' 0(
#3620625 0*
#3621625 1*
#3621875 1)
#3622000 0&
#3622125 1$ 1' 1(
#3622250 0,
#3622875 0)
#3623125 0'
#3623250 1" 1# 1%
#3623375 0+
#3624500 1+
#3624625 1)
#3624875 0(
#3625000 1! 1,
#3625750 0) 0-
#3625875 0! 0"
#3626000 1( 10
#3626250 0*
#3627250 1*
#3627875 1!
#3628125 0*
#3629125 1*
#3629625 0!
#3629750 1"
#3630000 0*
#3631000 1*
#3631625 1!
#3631875 0*
#3632875 1*
#3634000 1) 1-
#3634250 0! 0$ 1'
#3635125 0)
#3635250 0' 0(
#3635375 0" 0% 1&
#3635625 0*
#3636625 1*
#3636875 1)
#3637125 1! 1" 1$ 1% 1' 1(
#3637875 0)
#3639625 1)
#3639875 0& 0' 0(
#3640625 0-
#3640750 0)
#3640875 0! 0" 0# 0$ 0%
#3641000 1& 1(
#3641250 0*
#3642250 1*
#3642875 1!
#3643125 0*
#3644125 1*
#3644625 0!
#3644750 1"
#3645000 0*
#3646000 1*
#3646625 1!
#3646875 0*
#3647875 1*
#3649000 1) 1-
#3649250 0! 0& 1'
#3649375 1# 1%
#3650125 0)
#3650250 0" 0# 0% 0' 0(
#3650375 1$ 1&
#3650625 0*
#3651625 1*
#3651750 1)
#3652000 0&
#3652125 1(
#3652875 0)
#3653125 1" 1# 1%
#3653375 0+
#3654375 1+
#3654625 1)
#3654875 1! 0(
#3655625 0-
#3655750 0)
#3655875 0! 0" 0$ 0%
#3656000 1& 1(
#3656250 0*
#3657250 1*
#3657875 1!
#3658125 0*
#3659125 1*
#3659625 0!
#3659750 1"
#3660000 0*
#3661000 1*
#3661625 1!
#3661875 0*
#3662875 1*
#3664000 1) 1-
#3664250 0! 1% 0& 1'
#3665125 0)
#3665250 0" 0% 0' 0(
#3665375 1$ 1&
#3665500 0*
#3666625 1*
#3666750 1)
#3667000 0$
#3667125 1! 1% 1(
#3667875 0)
#3668125 1" 1$
#3668375 0+
#3669375 1+
#3669625 1)
#3669875 0& 0(
#3670625 0-
#3670750 0)
#3670875 0! 0" 0# 0% 1(
#3671000 1&
#3671125 0*
#3672250 1*
#3672875 1!
#3673000 0*
#3674125 1*
#3674625 0!
#3674750 1"
#3674875 0*
#3676000 1*
#3676500 1!
#3676750 0*
#3677875 1*
#3679000 1) 1-
#3679250 0! 1# 0$ 1% 0& 1'
#3680000 0)
#3680250 0" 0# 0' 0(
#3680375 1&
#3680500 0*
#3681500 1*
#3681750 1)
#3682000 0% 0&
#3682125 1$ 1' 1(
#3682875 0)
#3683125 1" 1# 1% 0'
#3683375 0+
#3684375 1+
#3684625 1)
#3684875 1! 0(
#3685625 0) 0-
#3685875 0! 0" 0% 1(
#3686000 1&
#3686125 0*
#3687125 1*
#3687750 1!
#3688000 0*
#3689000 1*
#3689625 0!
#3689750 1"
#3689875 0*
#3690875 1*
#3691500 1!
#3691750 0*
#3692750 1*
#3694000 1) 1-
#3694250 0! 0$ 1% 0& 1'
#3695000 0)
#3695250 0" 1& 0' 0(
#3695500 0*
#3696500 1*
#3696750 1)
#3697000 0# 0% 0&
#3697125 1$ 1' 1( 0,
#3697875 0)
#3698000 0'
#3698125 1" 1# 1%
#3698375 0+
#3699375 1+
#3699625 1)
#3699750 0(
#3699875 1!
#3700000 1,
#3700625 0) 0-
#3700875 0! 0" 0# 0$ 1& 1(
#3701125 0*
#3702125 1*
#3702750 1!
#3702875 00
#3703000 0*
#3704000 1*
#3704625 0! 1"
#3704875 0*
#3705875 1*
#3706500 1!
#3706750 0*
#3707750 1*
#3709000 1) 1-
#3709125 0!
#3709250 1# 0& 1'
#3709875 10
#3710000 0)
#3710250 0" 0# 1$ 1& 0' 0(
#3710500 0*
#3711500 1*
#3711750 1)
#3712125 1! 1" 1# 1' 1(
#3712875 0)
#3714500 1)
#3714750 0'
#3714875 0& 0(
#3715625 0) 0-
#3715875 0! 0" 0$ 1& 1(
#3716125 0*
#3717125 1*
#3717750 1!
#3718000 0*
#3719000 1*
#3719625 0! 1"
#3719875 0*
#3720875 1*
#3721500 1!
#3721750 0*
#3722750 1*
#3723875 1)
#3724000 1-
#3724125 0! 0&
#3724250 1'
#3725000 0)
#3725250 0" 1$ 1& 0' 0(
#3725500 0*
#3726500 1*
#3726750 1)
#3727000 0$ 1(
#3727125 1"
#3727875 0)
#3728125 1! 1$
#3728375 0*
#3729375 1*
#3729500 1)
#3729750 0& 0(
#3730625 0) 0-
#3730875 0! 0" 0# 1& 1(
#3731125 0*
#3732125 1*
#3732750 1!
#3733000 0*
#3734000 1*
#3734625 0! 1"
#3734875 0*
#3735875 1*
#3736500 1!
#3736750 0*
#3737750 1*
#3738875 1)
#3739000 1-
#3739125 0! 0&
#3739250 1# 0$ 1'
#3740000 0)
#3740250 0" 0# 0% 0(
#3740500 0*
#3741500 1*
#3741750 1)
#3742000 0' 1(
#3742125 1$
#3742875 0)
#3743125 1! 1" 1# 1%
#3743375 0+
#3744375 1+
#3744500 1)
#3744750 0(
#3745625 0) 0-
#3745875 0! 0" 1& 1(
#3746125 0*
#3747125 1*
#3747750 1!
#3748000 0*
#3749000 1*
#3749625 0! 1"
#3749875 0*
#3750875 1*
#3751500 1!
#3751750 0*
#3752750 1*
#3753875 1)
#3754000 1-
#3754125 0! 0&
#3754250 0$ 1'
#3755000 0)
#3755250 0" 0% 0(
#3755500 0*
#3756500 1*
#3756750 1)
#3757000 1(
#3757125 1! 1" 1$ 1% 1&
#3757875 0)
#3759500 1)
#3759750 0& 0' 0(
#3760625 0) 0-
#3760875 0! 0" 0# 0$ 0% 1' 1(
#3761125 0*
#3762125 1*
#3762750 1!
#3763000 0*
#3764000 1*
#3764625 0! 1"
#3764875 0*
#3765875 1*
#3766500 1!
#3766750 0*
#3767750 1*
#3768875 1)
#3769000 1-
#3769125 0!
#3769250 1# 1%
#3770000 0)
#3770250 0" 0# 1$ 0% 0(
#3770500 0*
#3771500 1*
#3771750 1)
#3772000 1(
#3772875 0)
#3773000 0'
#3773125 1! 1" 1# 1%
#3773375 0+
#3774375 1+
#3774500 1)
#3774750 0(
#3775625 0) 0-
#3775875 0! 0" 0$ 0% 1' 1(
#3776125 0*
#3777125 1*
#3777750 1!
#3778000 0*
#3779000 1*
#3779625 0! 1"
#3779875 0*
#3780875 1*
#3781500 1!
#3781750 0*
#3782750 1*
#3783875 1)
#3784000 1-
#3784125 0!
#3784250 1%
#3785000 0)
#3785250 0" 1$ 0% 0(
#3785500 0*
#3786500 1*
#3786750 1) 00
#3787000 0$ 0' 1(
#3787125 1! 1" 1% 1&
#3787875 0)
#3788125 1$
#3788375 0+
#3789375 1+
#3789500 1)
#3789750 0(
#3789875 0&
#3790625 0) 0-
#3790875 0! 0" 0# 0% 1' 1(
#3791125 0*
#3792125 1*
#3792750 1!
#3793000 0*
#3793750 10
#3794000 1*
#3794625 0! 1"
#3794875 0*
#3795875 1*
#3796500 1!
#3796750 0*
#3797750 1*
#3799000 1) 1-
#3799125 0!
#3799250 1# 0$ 1%
#3800000 0)
#3800250 0" 0# 0(
#3800500 0*
#3801500 1*
#3801750 1)
#3802000 0% 1(
#3802125 1$ 0,
#3802875 0)
#3803000 0'
#3803125 1! 1" 1# 1%
#3803375 0+
#3804375 1+
#3804625 1)
#3804750 0(
#3805000 1,
#3805625 0) 0-
#3805875 0! 0" 0% 1' 1(
#3806125 0*
#3807125 1*
#3807750 1!
#3808000 0*
#3809000 1*
#3809625 0!
#3809750 1"
#3809875 0*
#3810875 1*
#3811500 1!
#3811750 0*
#3812750 1*
#3814000 1) 1-
#3814250 0! 0$ 1%
#3815000 0)
#3815250 0" 0(
#3815500 0*
#3816500 1*
#3816750 1)
#3817125 1! 1" 1$ 1& 1(
#3817875 0)
#3819625 1)
#3819875 0& 0' 0(
#3820625 0) 0-
#3820875 0! 0" 0# 0$ 1' 1(
#3821125 0*
#3822250 1*
#3822875 1!
#3823000 0*
#3824125 1*
#3824625 0!
#3824750 1"
#3824875 0*
#3826000 1*
#3826625 1!
#3826750 0*
#3827875 1*
#3829000 1) 1-
#3829250 0! 1#
#3830125 0)
#3830250 0" 0# 0(
#3830375 1$
#3830500 0*
#3831625 1*
#3831750 1)
#3832000 0% 0'
#3832125 1(
#3832875 0)
#3833125 1! 1" 1# 1%
#3833375 0+
#3834375 1+
#3834625 1)
#3834875 0(
#3835625 0-
#3835750 0)
#3835875 0! 0" 0$
#3836000 1' 1(
#3836250 0*
#3837250 1*
#3837875 1!
#3838125 0*
#3839125 1*
#3839625 0!
#3839750 1"
#3840000 0*
#3841000 1*
#3841625 1!
#3841875 0*
#3842875 1*
#3844000 1) 1-
#3844250 0!
#3845125 0)
#3845250 0" 0(
#3845375 1$
#3845625 0*
#3846625 1*
#3846750 1)
#3847000 0# 0'
#3847125 1& 1(
#3847875 0)
#3848125 1! 1" 1#
#3848375 0*
#3849375 1*
#3849625 1)
#3849875 0& 0(
#3850625 0-
#3850750 0)
#3850875 0! 0" 0#
#3851000 1' 1(
#3851250 0*
#3852250 1*
#3852875 1!
#3853125 0*
#3854125 1*
#3854625 0!
#3854750 1"
#3855000 0*
#3856000 1*
#3856625 1!
#3856875 0*
#3857875 1*
#3859000 1) 1-
#3859250 0! 0$
#3859375 1#
#3860125 0)
#3860250 0#
#3860375 0" 0% 1& 0(
#3860625 0*
#3861625 1*
#3861875 1)
#3862000 0&
#3862125 1$ 1(
#3862875 0)
#3863125 0'
#3863250 1! 1" 1# 1%
#3863500 0+
#3864500 1+
#3864625 1)
#3864875 0(
#3865750 0) 0-
#3865875 0! 0"
#3866000 1' 1(
#3866250 0*
#3867250 1*
#3867875 1!
#3868125 0*
#3869125 1*
#3869625 0!
#3869750 1"
#3870000 0*
#3870625 00
#3871000 1*
#3871625 1!
#3871875 0*
#3872875 1*
#3874000 1)
#3874125 1-
#3874250 0! 0$
#3875125 0)
#3875375 0" 0% 1& 0(
#3875625 0*
#3876625 1*
#3876875 1)
#3877125 0# 0& 1(
#3877250 1$ 0,
#3877625 10
#3878000 0)
#3878125 0'
#3878250 1! 1" 1# 1%
#3878500 0+
#3879500 1+
#3879625 1)
#3879875 0(
#3880000 1,
#3880750 0) 0-
#3881000 0! 0" 0# 0$ 0% 1& 1' 1(
#3881250 0*
#3882250 1*
#3882875 1!
#3883125 0*
#3884125 1*
#3884750 0! 1"
#3885000 0*
#3886000 1*
#3886625 1!
#3886875 0*
#3887875 1*
#3889000 1)
#3889125 1-
#3889250 0! 0&
#3889375 1# 1%
#3890125 0)
#3890375 0" 0# 1$ 0% 1& 0(
#3890625 0*
#3891625 1*
#3891875 1)
#3892250 1! 1" 1# 1% 1(
#3893000 0)
#3894625 1)
#3895000 0& 0' 0(
#3895750 0) 0-
#3896000 0! 0" 0$ 0% 1& 1' 1(
#3896250 0*
#3897250 1*
#3897875 1!
#3898125 0*
#3899125 1*
#3899750 0! 1"
#3900000 0*
#3901000 1*
#3901625 1!
#3901875 0*
#3902875 1*
#3904125 1) 1-
#3904250 0!
#3904375 1% 0&
#3905125 0)
#3905375 0" 0% 0(
#3905500 1$ 1&
#3905625 0*
#3906625 1*
#3906875 1)
#3907125 0# 0'
#3907250 1! 1% 1(
#3908000 0)
#3908250 1" 1#
#3908500 0+
#3909500 1+
#3909750 1)
#3910000 0& 0(
#3910750 0) 0-
#3911000 0! 0" 0# 0% 1(
#3911125 1& 1'
#3911250 0*
#3912375 1*
#3913000 1!
#3913125 0*
#3914250 1*
#3914750 0!
#3914875 1"
#3915000 0*
#3916125 1*
#3916625 1!
#3916875 0*
#3918000 1*
#3919125 1) 1-
#3919375 0! 1# 0$ 1% 0&
#3920250 0)
#3920375 0" 0# 0(
#3920500 1&
#3920625 0*
#3921750 1*
#3921875 1)
#3922250 1! 1" 1# 1$ 1(
#3923000 0)
#3924750 1)
#3925000 0& 0' 0(
#3925750 0-
#3925875 0)
#3926000 0! 0" 0%
#3926125 1& 1' 1(
#3926375 0*
#3927375 1*
#3928000 1!
#3928250 0*
#3929250 1*
#3929750 0!
#3929875 1"
#3930125 0*
#3931125 1*
#3931750 1!
#3932000 0*
#3933000 1*
#3934125 1) 1-
#3934375 0! 0$ 0&
#3934500 1%
#3935250 0)
#3935375 0" 0(
#3935500 1&
#3935750 0*
#3936750 1*
#3936875 1)
#3937250 1! 1" 1$ 1(
#3938000 0)
#3939750 1)
#3940000 0& 0' 0(
#3940750 0-
#3940875 0)
#3941000 0! 0" 0# 0$
#3941125 1& 1' 1(
#3941375 0*
#3942375 1*
#3943000 1!
#3943250 0*
#3944250 1*
#3944750 0!
#3944875 1"
#3945125 0*
#3946125 1*
#3946750 1!
#3947000 0*
#3948000 1*
#3949125 1) 1-
#3949375 0! 0&
#3949500 1#
#3950250 0)
#3950375 0" 0# 0(
#3950500 1$ 1&
#3950750 0*
#3951750 1*
#3952000 1)
#3952125 0& 0'
#3952250 1! 0% 1(
#3953000 0)
#3953250 0! 0$ 0(
#3953500 0+
#3954500 00
#3954625 1+
#3954750 1)
#3955125 1! 1" 1# 1$ 1%
#3955875 0) 0-
#3956000 0! 0" 0$
#3956125 1& 1' 1(
#3956375 0*
#3957375 1*
#3958000 1!
#3958250 0*
#3959250 1*
#3959750 0!
#3959875 1"
#3960125 0*
#3961125 1*
#3961375 10
#3961750 1!
#3962000 0*
#3963000 1*
#3964125 1)
#3964250 1-
#3964375 0! 0&
#3965250 0)
#3965375 0(
#3965500 0" 1$ 1&
#3965750 0*
#3966750 1*
#3967000 1)
#3967250 1" 0# 0' 1(
#3968000 0)
#3968375 1! 1#
#3968500 0*
#3969500 1*
#3969750 1)
#3970000 0& 0(
#3970875 0) 0-
#3971000 0!
#3971125 0" 0# 1& 1' 1(
#3971375 0*
#3972375 1*
#3973000 1!
#3973250 0*
#3974250 1*
#3974750 0!
#3974875 1"
#3975125 0*
#3976125 1*
#3976750 1!
#3977000 0*
#3978000 1*
#3979125 1)
#3979250 1-
#3979500 1#
#3980250 0)
#3980750 0+
#3981750 1+
#3982000 1)
#3982250 0" 0# 0% 0&
#3983000 0)
#3983250 0! 0$ 0' 0(
#3983625 0+
#3984625 1+
#3984750 1)
#3985125 1! 1" 1# 1$ 1%
#3985875 0) 0-
#3986000 0! 0"
#3986125 1& 1' 1(
#3986375 0*
#3987375 1*
#3988000 1!
#3988250 0*
#3989250 1*
#3989750 0!
#3989875 1"
#3990125 0*
#3991125 1*
#3991750 1!
#3992000 0*
#3993000 1*
#3994125 1)
#3994250 1-
#3994375 0! 0$ 0&
#3995250 0)
#3995500 0" 0# 0(
#3995750 0*
#3996750 1*
#3997375 1!
#3997625 0*
#3998625 1*
#3999125 0!
#3999250 1"
#3999500 0*
#4000250 1)
#4000500 1*
#4000625 1# 1(
#4001375 0)
#4001500 0" 0(
#4001875 0*
#4002875 1*
#4003500 1!
#4003750 0*
#4004750 1*
#4005250 0!
#4005375 1"
#4005625 0*
#4006375 1)
#4006625 1! 0" 0# 0% 1( 1*
#4006750 1$ 0,
#4007500 0)
#4007625 0! 0$ 0' 0(
#4008000 0+
#4009000 1+
#4009125 1)
#4009500 1" 1$ 1% 1' 1( 1,
#4010250 0)
#4010375 0% 0'
#4010500 1! 1#
#4010750 0*
#4011750 1*
#4012375 1%
#4012625 0*
#4013625 1*
#4013875 1)
#4014125 0" 0$ 1'
#4014875 0)
#4015125 0% 0(
#4015250 1" 1$
#4015375 0*
#4016375 1*
#4016625 1)
#4016875 0! 0#
#4017000 1% 1(
#4017750 0)
#4018000 1! 1# 0% 1& 0'
#4018250 0*
#4019250 1*
#4019875 1%
#4020125 0*
#4021125 1*
#4021375 1)
#4021625 0" 0$ 0& 1'
#4022375 0)
#4022625 0(
#4022750 1" 1$
#4022875 0*
#4023875 1*
#4024125 1)
#4024375 0! 0$
#4024500 1(
#4025250 0)
#4025375 0(
#4025500 0" 0# 1$
#4025750 0*
#4026750 1*
#4027375 1!
#4027625 0*
#4028625 1*
#4029125 0!
#4029250 1"
#4029500 0*
#4030250 1)
#4030500 0$ 1*
#4030625 1# 1(
#4031375 0)
#4031500 0" 0(
#4031625 1$
#4031875 0*
#4032875 1*
#4033500 1!
#4033750 0*
#4034750 1*
#4035250 0!
#4035375 1"
#4035625 0*
#4036750 1)
#4037000 1*
#4037500 0" 0# 0% 0'
#4037625 1! 1(
#4038250 00
#4038375 0)
#4038500 0! 0(
#4038625 0$
#4038875 0+
#4039875 1+
#4040500 1)
#4040875 1" 1$ 1% 1' 1(
#4041625 0)
#4042250 0%
#4042375 1! 1#
#4042625 0*
#4043625 1*
#4044250 1%
#4044500 0*
#4045250 10
#4045500 1*
#4045750 1)
#4046000 0" 0$
#4046750 0)
#4047000 1" 1$ 0% 1& 0(
#4047250 0*
#4048250 1*
#4048500 1)
#4048750 0! 0# 0& 1(
#4048875 1%
#4049625 0)
#4049750 0%
#4049875 1! 1# 1&
#4050125 0*
#4051125 1*
#4051750 1%
#4052000 0*
#4053000 1*
#4053125 1)
#4053500 0" 0$ 0&
#4054250 0)
#4054500 1" 1$ 1& 0(
#4054750 0*
#4055750 1*
#4056000 1)
#4056250 0! 0$ 0& 1(
#4057125 0)
#4057250 0" 0# 0% 0' 0(
#4057625 0*
#4058625 1*
#4059250 1!
#4059500 0*
#4060500 1*
#4061000 0!
#4061125 1"
#4061375 0*
#4062125 1)
#4062375 1' 1( 1*
#4062500 1# 1%
#4063250 0)
#4063375 0" 0# 0% 0' 0(
#4063625 0*
#4064625 1*
#4065375 1!
#4065500 0*
#4066500 1*
#4067125 0!
#4067250 1"
#4067375 0*
#4068125 1)
#4068375 0" 1*
#4068500 1! 1$ 1' 1(
#4069250 0)
#4069500 0! 0$ 0' 0(
#4069750 0+
#4070750 1+
#4071000 1)
#4071250 1' 1(
#4071375 1$ 1%
#4072125 0)
#4072250 0% 0' 0(
#4072375 1! 1" 1#
#4072625 0*
#4073625 1*
#4074250 1%
#4074500 0*
#4075500 1*
#4075625 1)
#4075875 0! 0" 0$
#4076000 1' 1(
#4076750 0)
#4077000 1! 1" 1$ 0% 0' 0(
#4077250 0*
#4078250 1*
#4078500 1)
#4078750 0! 0" 0# 1% 1' 1(
#4079625 0)
#4079750 0% 0' 0(
#4079875 1! 1" 1#
#4080000 0*
#4081125 1*
#4081750 1%
#4081875 0*
#4083000 1*
#4083125 1)
#4083375 0! 0" 0$
#4083500 1' 1(
#4084250 0)
#4084500 1! 1" 1$ 0% 0' 0(
#4084750 0*
#4085750 1*
#4086000 1)
#4086250 0! 0$ 1% 1' 1(
#4087125 0)
#4087250 0" 0# 0% 0' 0(
#4087500 0*
#4088625 1*
#4089250 1!
#4089375 0*
#4090500 1*
#4091000 0!
#4091125 1"
#4091250 0*
#4092000 1)
#4092250 1*
#4092375 1# 1% 1' 1(
#4093125 0)
#4093375 0" 0# 0% 0' 0(
#4093625 0*
#4094625 1*
#4095250 1!
#4095500 0*
